short_name,team,market_value,salary,age
T. Adams,AFC Bournemouth,€25.00m,€4.50M,27
A. Adli,AFC Bournemouth,€20.00m,€4.50M,26
D. Brooks,AFC Bournemouth,€12.00m,€3.75M,28
R. Christie,AFC Bournemouth,€8.00m,€5.25M,31
L. Cook,AFC Bournemouth,€11.00m,€4.50M,29
B. Diakité,AFC Bournemouth,€25.00m,€5.25M,25
Evanilson,AFC Bournemouth,€35.00m,€6.38M,26
B. Gannon-Doak,AFC Bournemouth,€15.00m,€2.25M,20
J. Hill,AFC Bournemouth,€23.00m,€1.88M,24
Álex Jiménez,AFC Bournemouth,€22.00m,€1.44M,21
J. Kluivert,AFC Bournemouth,€25.00m,€6.00M,27
J. Kroupi,AFC Bournemouth,€70.00m,,19
V. Milosavljević,AFC Bournemouth,€20.00m,€1.88M,18
Đ. Petrović,AFC Bournemouth,€28.00m,,26
Rayan,AFC Bournemouth,€60.00m,€3.38M,19
A. Scott,AFC Bournemouth,€50.00m,€3.00M,22
A. Semenyo,AFC Bournemouth,€80.00m,€11.26M,26
M. Senesi,AFC Bournemouth,€25.00m,€3.75M,29
A. Smith,AFC Bournemouth,€300k,€3.00M,35
J. Soler,AFC Bournemouth,€8.00m,€1.50M,21
M. Tavernier,AFC Bournemouth,€25.00m,€4.88M,27
H. Traoré,AFC Bournemouth,€45.00m,€2.50M,23
A. Truffert,AFC Bournemouth,€30.00m,€2.63M,24
A. Tóth,AFC Bournemouth,€12.00m,,20
B. Winterburn,AFC Bournemouth,€350k,,21
E. Ünal,AFC Bournemouth,€7.00m,€80K,29
R. Calafiori,Arsenal FC,€55.00m,€9.01M,24
M. Dowman,Arsenal FC,€30.00m,€2.63M,16
E. Eze,Arsenal FC,€65.00m,€13.51M,27
Gabriel Jesus,Arsenal FC,€17.00m,€19.89M,29
Gabriel Magalhães,Arsenal FC,€75.00m,€12.01M,28
Gabriel Martinelli,Arsenal FC,€45.00m,€13.51M,24
V. Gyökeres,Arsenal FC,€65.00m,€15.01M,28
K. Havertz,Arsenal FC,€55.00m,€19.81M,27
P. Hincapié,Arsenal FC,€50.00m,€4.88M,24
M. Lewis-Skelly,Arsenal FC,€45.00m,€3.38M,19
N. Madueke,Arsenal FC,€50.00m,€11.26M,24
Mikel Merino,Arsenal FC,€25.00m,€9.76M,29
Cristhian Mosquera,Arsenal FC,€40.00m,€4.13M,21
E. Nwaneri,Arsenal FC,€35.00m,€3.06M,19
C. Nørgaard,Arsenal FC,€5.00m,,32
David Raya,Arsenal FC,€30.00m,€7.51M,30
D. Rice,Arsenal FC,€120.00m,€18.01M,27
B. Saka,Arsenal FC,€110.00m,€17.71M,24
W. Saliba,Arsenal FC,€100.00m,€17.26M,25
J. Timber,Arsenal FC,€70.00m,€7.20M,24
L. Trossard,Arsenal FC,€18.00m,€13.51M,31
B. White,Arsenal FC,€30.00m,€11.26M,28
Martín Zubimendi,Arsenal FC,€75.00m,€5.63M,27
M. Ødegaard,Arsenal FC,€65.00m,,27
T. Abraham,Aston Villa FC,€18.00m,€10.51M,28
Alysson,Aston Villa FC,€10.00m,,20
L. Bailey,Aston Villa FC,€14.00m,€9.01M,28
R. Barkley,Aston Villa FC,€4.00m,€4.50M,32
M. Bizot,Aston Villa FC,€1.50m,€3.38M,35
L. Bogarde,Aston Villa FC,€18.00m,€2.25M,22
E. Buendía,Aston Villa FC,€16.00m,€5.63M,29
B. Burrowes,Aston Villa FC,€2.00m,,18
M. Cash,Aston Villa FC,€22.00m,€7.51M,28
L. Digne,Aston Villa FC,€6.00m,€10.13M,32
Douglas Luiz,Aston Villa FC,€18.00m,€4.50M,28
H. Elliott,Aston Villa FC,€20.00m,€4.88M,23
Andrés García,Aston Villa FC,€6.00m,€1.13M,23
E. Guessand,Aston Villa FC,€25.00m,€2.81M,24
G. Hemmings,Aston Villa FC,€800k,,19
J. Jimoh-Aloba,Aston Villa FC,€500k,,19
B. Kamara,Aston Villa FC,€40.00m,€910K,26
E. Konsa,Aston Villa FC,€40.00m,€5.63M,28
V. Lindelöf,Aston Villa FC,€5.00m,€9.01M,31
I. Maatsen,Aston Villa FC,€30.00m,€7.51M,24
D. Malen,Aston Villa FC,€45.00m,€5.32M,27
E. Martínez,Aston Villa FC,€85.00m,,28
J. McGinn,Aston Villa FC,€13.00m,€9.76M,31
T. Mings,Aston Villa FC,€3.00m,€8.26M,33
A. Onana,Aston Villa FC,€45.00m,€10.51M,24
M. Rogers,Aston Villa FC,€90.00m,€11.26M,23
J. Sancho,Aston Villa FC,€18.00m,€15.01M,26
Y. Tielemans,Aston Villa FC,€30.00m,€11.26M,29
Pau Torres,Aston Villa FC,€20.00m,€7.51M,29
O. Watkins,Aston Villa FC,€25.00m,€9.76M,30
K. Ajer,Brentford FC,€18.00m,€3.75M,28
N. Collins,Brentford FC,€30.00m,€2.25M,25
M. Damsgaard,Brentford FC,€30.00m,€5.63M,25
J. Dasilva,Brentford FC,€1.50m,€1.13M,27
R. Donovan,Brentford FC,€3.50m,€1.13M,19
K. Furo,Brentford FC,€8.00m,€1.50M,19
Fábio Carvalho,Brentford FC,€8.00m,€3.00M,23
J. Henderson,Brentford FC,€1.20m,,35
R. Henry,Brentford FC,€13.00m,€2.63M,28
A. Hickey,Brentford FC,€16.00m,€5.25M,24
Igor Thiago,Brentford FC,€65.00m,€5.63M,24
V. Janelt,Brentford FC,€16.00m,€3.75M,28
M. Jensen,Brentford FC,€10.00m,,30
M. Kayode,Brentford FC,€40.00m,€3.00M,21
C. Kelleher,Brentford FC,€28.00m,€4.13M,27
K. Lewis-Potter,Brentford FC,€25.00m,€3.75M,25
A. Milambo,Brentford FC,€15.00m,€2.25M,21
R. Nelson,Brentford FC,€8.00m,€5.25M,26
F. Onyeka,Brentford FC,€8.00m,,28
D. Ouattara,Brentford FC,€35.00m,€4.88M,24
M. Peart-Harris,Brentford FC,€900k,€188K,23
E. Pinnock,Brentford FC,€3.00m,€2.25M,33
K. Schade,Brentford FC,€35.00m,€751K,24
H. Valdimarsson,Brentford FC,€2.50m,€751K,24
Y. Yarmoliuk,Brentford FC,€32.00m,,22
S. van den Berg,Brentford FC,€35.00m,€1.50M,20
Y. Ayari,Brighton & Hove Albion FC,€35.00m,€600K,22
C. Baleba,Brighton & Hove Albion FC,€55.00m,€938K,22
O. Boscagli,Brighton & Hove Albion FC,€15.00m,€4.50M,28
D. Coppola,Brighton & Hove Albion FC,€18.00m,€910K,22
M. De Cuyper,Brighton & Hove Albion FC,€22.00m,€4.13M,25
L. Dunk,Brighton & Hove Albion FC,€3.50m,€6.38M,34
P. Groß,Brighton & Hove Albion FC,€20.00m,€6.75M,20
B. Gruda,Brighton & Hove Albion FC,€28.00m,€1.89M,22
D. Gómez,Brighton & Hove Albion FC,€500k,,39
J. Hinshelwood,Brighton & Hove Albion FC,€28.00m,€2.25M,21
H. Howell,Brighton & Hove Albion FC,€8.00m,,18
Igor Julio,Brighton & Hove Albion FC,€10.00m,,28
F. Kadıoğlu,Brighton & Hove Albion FC,€35.00m,,26
J. Knight,Brighton & Hove Albion FC,€7.00m,€1.13M,25
C. Kostoulas,Brighton & Hove Albion FC,€25.00m,€3.00M,19
S. March,Brighton & Hove Albion FC,€1.00m,€3.75M,31
J. Milner,Brighton & Hove Albion FC,€500k,€4.50M,40
Y. Minteh,Brighton & Hove Albion FC,€45.00m,€3.00M,21
K. Mitoma,Brighton & Hove Albion FC,€22.00m,€6.00M,29
M. O'Riley,Brighton & Hove Albion FC,€18.00m,€4.88M,25
N. Oriola,Brighton & Hove Albion FC,€200k,,19
G. Rutter,Brighton & Hove Albion FC,€30.00m,€5.63M,24
S. Tzimas,Brighton & Hove Albion FC,€18.00m,€1.50M,20
J. Veltman,Brighton & Hove Albion FC,€1.50m,€3.75M,34
B. Verbruggen,Brighton & Hove Albion FC,€40.00m,€2.63M,23
T. Watson,Brighton & Hove Albion FC,€7.00m,,20
D. Welbeck,Brighton & Hove Albion FC,€3.00m,€4.50M,35
M. Wieffer,Brighton & Hove Albion FC,€25.00m,€4.50M,26
J. van Hecke,Brighton & Hove Albion FC,€45.00m,,26
Z. Amdouni,Burnley FC,€7.00m,€2.63M,25
J. Anthony,Burnley FC,€20.00m,€3.38M,26
J. Banel,Burnley FC,€1.00m,€375K,21
A. Barnes,Burnley FC,€150k,€1.88M,36
A. Broja,Burnley FC,€5.00m,€3.38M,24
J. Bruun Larsen,Burnley FC,€4.00m,€3.38M,27
J. Cullen,Burnley FC,€4.00m,€4.13M,30
M. Dúbravka,Burnley FC,€500k,€3.00M,37
M. Edwards,Burnley FC,€6.00m,€3.75M,27
H. Ekdal,Burnley FC,€5.00m,€1.88M,27
M. Estève,Burnley FC,€28.00m,€3.75M,24
Z. Flemming,Burnley FC,€12.00m,€1.50M,27
Florentino,Burnley FC,€16.00m,€3.00M,26
L. Foster,Burnley FC,€8.00m,€58K,25
Q. Hartman,Burnley FC,€16.00m,€3.38M,24
B. Humphreys,Burnley FC,€12.00m,€3.00M,23
J. Laurent,Burnley FC,€4.00m,€1.50M,30
Lucas Pires,Burnley FC,€4.00m,€1.50M,25
H. Mejbri,Burnley FC,€15.00m,,23
O. Sonne,Burnley FC,€12.00m,,28
L. Tchaouna,Burnley FC,€13.00m,€3.38M,22
M. Trésor,Burnley FC,€2.00m,€2.25M,27
A. Tuanzebe,Burnley FC,€5.00m,€3.38M,28
L. Ugochukwu,Burnley FC,€22.00m,€4.13M,22
K. Walker,Burnley FC,€1.50m,,36
J. Ward-Prowse,Burnley FC,€5.00m,€4.32M,31
M. Weiß,Burnley FC,€4.00m,€1.88M,21
J. Worrall,Burnley FC,€2.00m,€3.00M,29
J. Acheampong,Chelsea FC,€25.00m,€375K,20
T. Adarabioyo,Chelsea FC,€16.00m,€9.01M,28
Andrey Santos,Chelsea FC,€40.00m,€2.63M,22
B. Badiashile,Chelsea FC,€15.00m,€6.75M,25
F. Buonanotte,Chelsea FC,€12.00m,€938K,21
M. Caicedo,Chelsea FC,€100.00m,,24
T. Chalobah,Chelsea FC,€40.00m,€3.75M,26
L. Colwill,Chelsea FC,€50.00m,€7.51M,23
Marc Cucurella,Chelsea FC,€50.00m,€13.13M,27
L. Delap,Chelsea FC,€28.00m,€7.51M,23
J. Derry,Chelsea FC,€2.00m,,18
Dário Essugo,Chelsea FC,€15.00m,€3.00M,21
Estêvão,Chelsea FC,€80.00m,€4.50M,19
E. Fernández,Chelsea FC,€90.00m,,25
W. Fofana,Chelsea FC,€28.00m,,25
A. Garnacho,Chelsea FC,€28.00m,€8.26M,21
T. George,Chelsea FC,€25.00m,€563K,30
J. Gittens,Chelsea FC,€30.00m,,21
Marc Guiu,Chelsea FC,€12.00m,€3.75M,20
M. Gusto,Chelsea FC,€35.00m,€3.38M,23
J. Hato,Chelsea FC,€40.00m,€9.01M,20
R. James,Chelsea FC,€60.00m,,26
João Pedro,Chelsea FC,€80.00m,,24
F. Jörgensen,Chelsea FC,€15.00m,€3.75M,24
R. Lavia,Chelsea FC,€22.00m,€3.38M,22
C. Palmer,Chelsea FC,€100.00m,€9.76M,24
Pedro Neto,Chelsea FC,€60.00m,€12.01M,26
M. Sarr,Chelsea FC,€22.00m,€2.73M,20
Robert Sánchez,Chelsea FC,€22.00m,€4.50M,28
W. Benítez,Crystal Palace FC,€4.00m,€2.63M,33
J. Canvot,Crystal Palace FC,€28.00m,€1.88M,19
N. Clyne,Crystal Palace FC,€300k,€3.75M,35
J. Devenny,Crystal Palace FC,€12.00m,€1.50M,22
J. Drakes-Thomas,Crystal Palace FC,€1.50m,,17
R. Esse,Crystal Palace FC,€2.00m,€1.13M,33
M. Guéhi,Crystal Palace FC,€70.00m,€18.01M,25
D. Henderson,Crystal Palace FC,€1.20m,,35
W. Hughes,Crystal Palace FC,€5.00m,€4.50M,31
B. Johnson,Crystal Palace FC,€30.00m,€2.25M,25
D. Kamada,Crystal Palace FC,€10.00m,€9.01M,29
M. Lacroix,Crystal Palace FC,€50.00m,€3.75M,26
J. Lerma,Crystal Palace FC,€6.00m,€5.25M,31
J. Mateta,Crystal Palace FC,€30.00m,€4.50M,28
T. Mitchell,Crystal Palace FC,€28.00m,€3.00M,28
D. Muñoz,Crystal Palace FC,€1.00m,€4.50M,37
E. Nketiah,Crystal Palace FC,€10.00m,€6.75M,27
Yeremy Pino,Crystal Palace FC,€30.00m,,23
C. Riad,Crystal Palace FC,€5.00m,€2.25M,35
C. Richards,Crystal Palace FC,€28.00m,€4.13M,26
K. Rodney,Crystal Palace FC,€1.20m,,26
I. Sarr,Crystal Palace FC,€30.00m,€5.25M,23
B. Sosa,Crystal Palace FC,€3.00m,€2.63M,28
J. Strand Larsen,Crystal Palace FC,€40.00m,€3.38M,26
C. Uche,Crystal Palace FC,€50.00m,€2.25M,24
A. Wharton,Crystal Palace FC,€70.00m,€2.63M,22
O. Édouard,Crystal Palace FC,€50.00m,€3.86M,23
C. Alcaraz,Everton FC,€15.00m,€1.50M,23
H. Armstrong,Everton FC,€12.00m,€90K,19
T. Barry,Everton FC,€30.00m,€3.38M,23
Beto,Everton FC,€18.00m,,28
J. Branthwaite,Everton FC,€40.00m,€9.01M,23
S. Coleman,Everton FC,€200k,€4.13M,37
K. Dewsbury-Hall,Everton FC,€35.00m,€6.75M,27
T. Dibling,Everton FC,€17.00m,€3.00M,20
J. Garner,Everton FC,€45.00m,€6.00M,25
J. Grealish,Everton FC,€20.00m,€16.89M,30
I. Gueye,Everton FC,€500k,€9.01M,36
T. Iroegbunam,Everton FC,€18.00m,€1.50M,22
M. Keane,Everton FC,€3.00m,€6.00M,33
D. McNeil,Everton FC,€18.00m,€1.88M,26
V. Mykolenko,Everton FC,€25.00m,€4.35M,27
I. Ndiaye,Everton FC,€55.00m,,26
J. O'Brien,Everton FC,€18.00m,€2.63M,25
N. Patterson,Everton FC,€10.00m,€2.10M,24
J. Pickford,Everton FC,€13.00m,€11.26M,32
M. Röhl,Everton FC,€16.00m,€1.16M,23
J. Tarkowski,Everton FC,€5.00m,€9.01M,33
J. Andersen,Fulham FC,€20.00m,,30
C. Bassey,Fulham FC,€28.00m,€3.38M,26
S. Berge,Fulham FC,€25.00m,€4.13M,28
O. Bobb,Fulham FC,€28.00m,€4.88M,22
T. Cairney,Fulham FC,€500k,€2.63M,35
T. Castagne,Fulham FC,€8.00m,€4.88M,30
S. Chukwueze,Fulham FC,€18.00m,€9.01M,27
Jorge Cuenca,Fulham FC,€8.00m,€1.88M,26
I. Diop,Fulham FC,€8.00m,,29
A. Iwobi,Fulham FC,€20.00m,€6.00M,30
R. Jiménez,Fulham FC,€3.00m,€7.20M,35
Kevin,Fulham FC,€25.00m,,23
J. King,Fulham FC,€25.00m,,19
J. Kusi-Asare,Fulham FC,€3.00m,€1.88M,18
B. Leno,Fulham FC,€6.00m,€9.76M,34
S. Lukić,Fulham FC,€10.00m,€4.73M,29
H. Reed,Fulham FC,€2.00m,€3.75M,31
A. Robinson,Fulham FC,€22.00m,,28
Rodrigo Muniz,Fulham FC,€20.00m,€4.50M,25
R. Sessegnon,Fulham FC,€22.00m,€3.75M,26
E. Smith Rowe,Fulham FC,€20.00m,€5.25M,25
K. Tete,Fulham FC,€8.00m,€4.88M,30
Adama Traoré,Fulham FC,€6.00m,,30
H. Wilson,Fulham FC,€25.00m,€4.13M,29
B. Aaronson,Leeds United FC,€22.00m,€3.38M,25
E. Ampadu,Leeds United FC,€30.00m,€3.00M,25
J. Bijol,Leeds United FC,€20.00m,€3.38M,27
J. Bogle,Leeds United FC,€15.00m,€2.25M,25
S. Bornauw,Leeds United FC,€8.00m,€3.38M,27
S. Byram,Leeds United FC,€400k,€1.88M,32
D. Calvert-Lewin,Leeds United FC,€22.00m,€7.51M,29
K. Darlow,Leeds United FC,€200k,€2.25M,35
W. Gnonto,Leeds United FC,€16.00m,€3.00M,22
I. Gruev,Leeds United FC,€12.00m,€1.13M,26
G. Gudmundsson,Leeds United FC,€12.00m,€3.00M,28
J. Harrison,Leeds United FC,€6.50m,€3.36M,29
D. James,Leeds United FC,€1.50m,€5.63M,34
J. Justin,Leeds United FC,€25.00m,€2.63M,27
S. Longstaff,Leeds United FC,€15.00m,€6.00M,28
Lucas Perri,Leeds United FC,€10.00m,€3.75M,28
L. Nmecha,Leeds United FC,€50.00m,€2.63M,25
N. Okafor,Leeds United FC,€25.00m,€5.44M,26
J. Piroe,Leeds United FC,€10.00m,€3.00M,26
J. Rodon,Leeds United FC,€18.00m,€3.00M,28
A. Stach,Leeds United FC,€28.00m,€3.38M,27
P. Struijk,Leeds United FC,€22.00m,€3.75M,26
A. Tanaka,Leeds United FC,€13.00m,€1.88M,27
Alisson Becker,Liverpool FC,€15.00m,,33
C. Bradley,Liverpool FC,€25.00m,€5.63M,22
F. Chiesa,Liverpool FC,€13.00m,€10.81M,28
H. Ekitiké,Liverpool FC,€80.00m,€15.01M,23
W. Endo,Liverpool FC,€1.20m,€3.75M,35
J. Frimpong,Liverpool FC,€35.00m,€7.51M,25
C. Gakpo,Liverpool FC,€60.00m,€18.76M,27
J. Gomez,Liverpool FC,€13.00m,,29
R. Gravenberch,Liverpool FC,€80.00m,€11.26M,24
A. Isak,Liverpool FC,€85.00m,€18.01M,26
C. Jones,Liverpool FC,€35.00m,,25
M. Kerkez,Liverpool FC,€35.00m,,22
I. Konaté,Liverpool FC,€45.00m,€11.26M,27
A. Mac Allister,Liverpool FC,€70.00m,€10.81M,27
G. Mamardashvili,Liverpool FC,€28.00m,€6.38M,25
Mohamed Salah,Liverpool FC,€22.00m,€30.02M,33
R. Ngumoha,Liverpool FC,€30.00m,€1.88M,17
T. Nyoni,Liverpool FC,€8.00m,€1.88M,18
A. Robertson,Liverpool FC,€7.00m,,32
D. Szoboszlai,Liverpool FC,€100.00m,€9.01M,25
F. Wirtz,Liverpool FC,€100.00m,€15.01M,23
F. Woodman,Liverpool FC,€3.00m,€1.88M,29
V. van Dijk,Liverpool FC,€15.00m,€24.02M,34
N. Aké,Manchester City FC,€20.00m,€12.01M,25
M. Alleyne,Manchester City FC,€8.00m,€563K,20
R. Aït-Nouri,Manchester City FC,€40.00m,,25
Bernardo Silva,Manchester City FC,€22.00m,€22.52M,31
R. Cherki,Manchester City FC,€90.00m,€13.51M,22
J. Doku,Manchester City FC,€75.00m,€3.75M,24
G. Donnarumma,Manchester City FC,€45.00m,€18.76M,27
P. Foden,Manchester City FC,€70.00m,€16.89M,26
Nico González,Manchester City FC,€40.00m,€5.63M,24
J. Gvardiol,Manchester City FC,€70.00m,€15.01M,24
E. Haaland,Manchester City FC,€200.00m,€52.54M,25
A. Khusanov,Manchester City FC,€50.00m,€3.75M,22
M. Kovačić,Manchester City FC,€10.00m,€11.26M,32
R. Lewis,Manchester City FC,€60.00m,€1.88M,26
Matheus Nunes,Manchester City FC,€50.00m,€9.76M,27
D. Mukasa,Manchester City FC,€5.00m,,18
N. O'Reilly,Manchester City FC,€70.00m,€2.25M,21
Omar Marmoush,Manchester City FC,€50.00m,€22.14M,27
S. Ortega,Manchester City FC,€22.00m,,24
T. Reijnders,Manchester City FC,€50.00m,€17.26M,27
Rodri,Manchester City FC,€50.00m,,29
Rúben Dias,Manchester City FC,€55.00m,€18.76M,29
Savinho,Manchester City FC,€35.00m,,22
J. Stones,Manchester City FC,€12.00m,€18.76M,32
J. Trafford,Manchester City FC,€25.00m,€5.63M,23
A. Bayındır,Manchester United FC,€5.00m,,28
Bruno Fernandes,Manchester United FC,€35.00m,€22.52M,31
Casemiro,Manchester United FC,€6.00m,€27.02M,34
A. Diallo,Manchester United FC,€45.00m,,23
Diogo Dalot,Manchester United FC,€30.00m,€6.00M,27
P. Dorgu,Manchester United FC,€35.00m,€3.00M,21
T. Fredricson,Manchester United FC,€3.00m,€1.88M,21
A. Heaven,Manchester United FC,€30.00m,€1.88M,19
J. Fletcher,Manchester United FC,€325k,,30
S. Lacey,Manchester United FC,€5.00m,,19
S. Lammens,Manchester United FC,€35.00m,€4.50M,23
H. Maguire,Manchester United FC,€8.00m,€14.26M,33
K. Mainoo,Manchester United FC,€70.00m,€1.88M,21
T. Malacia,Manchester United FC,€4.00m,€5.63M,26
B. Mantato,Manchester United FC,€400k,,18
L. Martínez,Manchester United FC,€85.00m,,28
Matheus Cunha,Manchester United FC,€75.00m,€12.01M,27
N. Mazraoui,Manchester United FC,€18.00m,€10.13M,28
B. Mbeumo,Manchester United FC,€75.00m,€12.01M,26
M. Mount,Manchester United FC,€25.00m,€12.01M,27
B. Šeško,Manchester United FC,€75.00m,€12.01M,23
L. Shaw,Manchester United FC,€8.00m,,30
T. Fletcher,Manchester United FC,€325k,,30
M. Ugarte,Manchester United FC,€25.00m,€9.01M,29
L. Yoro,Manchester United FC,€50.00m,€8.71M,20
J. Zirkzee,Manchester United FC,€20.00m,€7.88M,25
M. de Ligt,Manchester United FC,€30.00m,€14.63M,26
A. Murphy,Newcastle United FC,€12.00m,€90K,31
H. Barnes,Newcastle United FC,€32.00m,€6.00M,28
S. Botman,Newcastle United FC,€35.00m,€9.76M,26
Bruno Guimarães,Newcastle United FC,€70.00m,€12.01M,28
D. Burn,Newcastle United FC,€250k,€5.25M,26
A. Elanga,Newcastle United FC,€32.00m,€7.51M,24
A. Gordon,Newcastle United FC,€65.00m,,25
L. Hall,Newcastle United FC,€1.00m,€3.38M,31
J. Murphy,Newcastle United FC,€12.00m,€2.63M,31
Joelinton,Newcastle United FC,€25.00m,€11.26M,29
E. Krafth,Newcastle United FC,€750k,€4.13M,31
J. Lascelles,Newcastle United FC,€800k,€3.75M,32
T. Livramento,Newcastle United FC,€45.00m,€3.75M,23
L. Miley,Newcastle United FC,€25.00m,€2.25M,20
W. Osula,Newcastle United FC,€28.00m,€1.88M,22
N. Pope,Newcastle United FC,€5.00m,€4.50M,34
A. Ramsdale,Newcastle United FC,€12.00m,€9.01M,28
J. Ramsey,Newcastle United FC,€35.00m,€9.01M,25
F. Schär,Newcastle United FC,€4.00m,€5.25M,34
M. Thiaw,Newcastle United FC,€45.00m,€5.63M,24
S. Tonali,Newcastle United FC,€80.00m,€11.41M,26
K. Trippier,Newcastle United FC,€1.50m,€9.01M,35
J. Willock,Newcastle United FC,€14.00m,€6.00M,26
Y. Wissa,Newcastle United FC,€700k,€10.51M,35
N. Woltemade,Newcastle United FC,€55.00m,€9.94M,24
Z. Abbott,Nottingham Forest FC,€4.00m,€938K,20
O. Aina,Nottingham Forest FC,€18.00m,€4.50M,29
E. Anderson,Nottingham Forest FC,€75.00m,€3.00M,23
T. Awoniyi,Nottingham Forest FC,€8.00m,€3.75M,28
D. Bakwa,Nottingham Forest FC,€28.00m,€5.25M,23
N. Domínguez,Nottingham Forest FC,€15.00m,,27
M. Gibbs-White,Nottingham Forest FC,€70.00m,€8.26M,26
A. Gunn,Nottingham Forest FC,€1.00m,€2.25M,30
C. Hudson-Odoi,Nottingham Forest FC,€30.00m,€6.75M,25
O. Hutchinson,Nottingham Forest FC,€30.00m,€4.13M,22
Igor Jesus,Nottingham Forest FC,€25.00m,€3.75M,25
Jair Cunha,Nottingham Forest FC,€15.00m,€2.63M,21
John Victor,Nottingham Forest FC,€5.00m,,30
Jota Silva,Nottingham Forest FC,€10.00m,€1.88M,26
A. Kalimuendo,Nottingham Forest FC,€25.00m,€2.24M,24
L. Lucca,Nottingham Forest FC,€20.00m,€2.29M,25
J. McAtee,Nottingham Forest FC,€18.00m,€3.00M,23
N. Milenković,Nottingham Forest FC,€28.00m,€7.88M,28
Morato,Nottingham Forest FC,€14.00m,,24
Murillo,Nottingham Forest FC,€50.00m,€5.63M,23
D. Ndoye,Nottingham Forest FC,€32.00m,€6.38M,25
L. Netz,Nottingham Forest FC,€8.00m,€2.63M,23
I. Sangaré,Nottingham Forest FC,€40.00m,€5.63M,23
N. Savona,Nottingham Forest FC,€15.00m,€3.60M,23
M. Sels,Nottingham Forest FC,€3.50m,€3.00M,34
N. Williams,Nottingham Forest FC,€40.00m,€4.88M,23
C. Wood,Nottingham Forest FC,€55.00m,,24
R. Yates,Nottingham Forest FC,€7.00m,€3.75M,28
O. Zinchenko,Nottingham Forest FC,€8.00m,€1.95M,29
S. Adingra,Sunderland AFC,€22.00m,€1.65M,24
O. Alderete,Sunderland AFC,€13.00m,€4.88M,29
N. Angulo,Sunderland AFC,€17.00m,€1.88M,22
D. Ballard,Sunderland AFC,€20.00m,€3.38M,26
J. Bi,Sunderland AFC,€2.50m,,21
B. Brobbey,Sunderland AFC,€30.00m,€4.50M,24
D. Cirkins,Sunderland AFC,€6.00m,,24
H. Diarra,Sunderland AFC,€35.00m,€3.75M,22
M. Ellborg,Sunderland AFC,€3.00m,€751K,23
L. Geertruida,Sunderland AFC,€20.00m,€6.38M,25
T. Hume,Sunderland AFC,€22.00m,€3.38M,24
W. Isidor,Sunderland AFC,€4.00m,€1.88M,30
E. Le Fée,Sunderland AFC,€28.00m,€5.63M,26
A. Masuaku,Sunderland AFC,€2.00m,€2.06M,32
Eliezer Mayenda,Sunderland AFC,€16.00m,€2.25M,21
N. Mukiele,Sunderland AFC,€16.00m,€225K,28
R. Mundle,Sunderland AFC,€7.00m,€751K,23
D. Neil,Sunderland AFC,€18.00m,€563K,26
L. O'Nien,Sunderland AFC,€700k,€1.50M,31
Reinildo Mandava,Sunderland AFC,€4.00m,€3.75M,32
C. Rigg,Sunderland AFC,€25.00m,€2.63M,18
P. Roberts,Sunderland AFC,€7.00m,€2.25M,32
R. Roefs,Sunderland AFC,€28.00m,€2.25M,23
N. Sadiki,Sunderland AFC,€35.00m,€3.00M,21
J. Seelt,Sunderland AFC,€5.00m,€590K,23
C. Talbi,Sunderland AFC,€25.00m,€3.00M,21
B. Traoré,Sunderland AFC,€4.00m,,30
G. Xhaka,Sunderland AFC,€8.00m,€8.26M,33
R. Bentancur,Tottenham Hotspur FC,€20.00m,€5.63M,28
L. Bergvall,Tottenham Hotspur FC,€35.00m,€4.50M,20
Y. Bissouma,Tottenham Hotspur FC,€10.00m,€4.13M,29
J. Byfield,Tottenham Hotspur FC,€3.00m,,17
K. Danso,Tottenham Hotspur FC,€20.00m,€4.88M,27
B. Davies,Tottenham Hotspur FC,€40.00m,,25
R. Drăgușin,Tottenham Hotspur FC,€16.00m,€6.38M,24
C. Gallagher,Tottenham Hotspur FC,€32.00m,€12.01M,26
A. Gray,Tottenham Hotspur FC,€35.00m,,20
João Palhinha,Tottenham Hotspur FC,€15.00m,€10.01M,30
A. Kinský,Tottenham Hotspur FC,€15.00m,€2.25M,23
R. Kolo Muani,Tottenham Hotspur FC,€20.00m,€12.61M,27
M. Kudus,Tottenham Hotspur FC,€50.00m,€11.26M,25
J. Maddison,Tottenham Hotspur FC,€20.00m,€12.76M,29
W. Odobert,Tottenham Hotspur FC,€18.00m,€3.00M,21
C. Olusesi,Tottenham Hotspur FC,€5.00m,,19
Pedro Porro,Tottenham Hotspur FC,€35.00m,€6.38M,26
Richarlison,Tottenham Hotspur FC,€25.00m,€7.81M,29
C. Romero,Tottenham Hotspur FC,€45.00m,,28
J. Rowswell,Tottenham Hotspur FC,€1.00m,,19
P. Sarr,Tottenham Hotspur FC,€30.00m,€5.25M,23
D. Scarlett,Tottenham Hotspur FC,€1.50m,,22
X. Simons,Tottenham Hotspur FC,€40.00m,,23
D. Solanke,Tottenham Hotspur FC,€28.00m,€10.51M,28
Souza,Tottenham Hotspur FC,€300k,€1.88M,35
D. Spence,Tottenham Hotspur FC,€30.00m,€3.00M,25
M. Tel,Tottenham Hotspur FC,€22.00m,€4.13M,21
D. Udogie,Tottenham Hotspur FC,€30.00m,€5.63M,23
G. Vicario,Tottenham Hotspur FC,€18.00m,€5.63M,29
M. van de Ven,Tottenham Hotspur FC,€80.00m,€6.75M,24
N. Aguerd,West Ham United FC,€15.00m,€6.14M,30
A. Areola,West Ham United FC,€4.00m,€9.01M,33
J. Bowen,West Ham United FC,€30.00m,€11.26M,29
V. Castellanos,West Ham United FC,€28.00m,€5.63M,27
E. Diouf,West Ham United FC,€28.00m,,21
A. Disasi,West Ham United FC,€15.00m,€3.00M,28
G. Earthy,West Ham United FC,€1.80m,€563K,21
N. Füllkrug,West Ham United FC,€3.50m,€3.01M,33
M. Hermansen,West Ham United FC,€15.00m,€3.38M,25
A. Irving,West Ham United FC,€3.50m,,30
M. Kanté,West Ham United FC,€4.00m,,35
M. Kilman,West Ham United FC,€13.00m,€7.51M,29
Lucas Paquetá,West Ham United FC,€32.00m,,28
Luis Guilherme,West Ham United FC,€12.00m,€2.50M,20
S. Magassa,West Ham United FC,€17.00m,€2.63M,22
C. Marshall,West Ham United FC,€15.00m,,29
Mateus Fernandes,West Ham United FC,€50.00m,€4.50M,21
K. Mavropanos,West Ham United FC,€18.00m,€3.75M,28
E. Mayers,West Ham United FC,€2.00m,,19
Pablo,West Ham United FC,€30.00m,,21
F. Potts,West Ham United FC,€10.00m,€1.13M,22
G. Rodríguez,West Ham United FC,€1.50m,,34
O. Scarles,West Ham United FC,€10.00m,€1.50M,20
T. Souček,West Ham United FC,€10.00m,€6.75M,31
C. Summerville,West Ham United FC,€35.00m,€3.38M,24
J. Todibo,West Ham United FC,€22.00m,€6.00M,26
K. Walker-Peters,West Ham United FC,€12.00m,€4.13M,29
A. Wan-Bissaka,West Ham United FC,€15.00m,€6.75M,28
C. Wilson,West Ham United FC,€18.00m,€3.75M,21
E. Agbadou,Wolverhampton Wanderers FC,€16.00m,€2.35M,28
André,Wolverhampton Wanderers FC,€7.00m,,32
J. Arias,Wolverhampton Wanderers FC,€15.00m,,28
A. Armstrong,Wolverhampton Wanderers FC,€6.00m,€4.88M,29
T. Arokodare,Wolverhampton Wanderers FC,€20.00m,€5.63M,25
J. Bellegarde,Wolverhampton Wanderers FC,€16.00m,€5.63M,27
D. Bentley,Wolverhampton Wanderers FC,€800k,€1.50M,32
T. Chirewa,Wolverhampton Wanderers FC,€450k,,22
M. Doherty,Wolverhampton Wanderers FC,€1.00m,€3.75M,34
T. Edozie,Wolverhampton Wanderers FC,€4.00m,,29
A. Gomes,Wolverhampton Wanderers FC,€1.50m,€5.69M,33
K. Hoever,Wolverhampton Wanderers FC,€3.50m,€1.50M,24
Hugo Bueno,Wolverhampton Wanderers FC,€12.00m,,23
Hwang Hee-Chan,Wolverhampton Wanderers FC,€6.00m,,30
S. Johnstone,Wolverhampton Wanderers FC,€2.00m,€3.75M,33
José Sá,Wolverhampton Wanderers FC,€3.50m,€4.50M,33
João Gomes,Wolverhampton Wanderers FC,€40.00m,,25
S. Kalajdžić,Wolverhampton Wanderers FC,€4.00m,,28
L. Krejčí,Wolverhampton Wanderers FC,€22.00m,,27
Fer López,Wolverhampton Wanderers FC,€16.00m,€940K,22
Mateus Mané,Wolverhampton Wanderers FC,€20.00m,€525K,18
Y. Mosquera,Wolverhampton Wanderers FC,€40.00m,,21
M. Munetsi,Wolverhampton Wanderers FC,€15.00m,€2.61M,29
D. Møller Wolfe,Wolverhampton Wanderers FC,€8.00m,€2.25M,24
Pedro Lima,Wolverhampton Wanderers FC,€4.00m,€60K,19
Rodrigo Gomes,Wolverhampton Wanderers FC,€15.00m,€1.88M,22
S. Bueno,Wolverhampton Wanderers FC,€17.00m,€3.00M,24
J. Tchatchoua,Wolverhampton Wanderers FC,€12.00m,€4.88M,24
Toti Gomes,Wolverhampton Wanderers FC,€18.00m,€6.00M,27
Jesús Areso,Athletic Club,€5.00m,€2.60M,26
Yuri,Athletic Club,€23.00m,,25
Alex Berenguer,Athletic Club,€4.00m,€3.90M,30
Adama Boiro,Athletic Club,€2.50m,€520K,23
Eder García,Athletic Club,€1.00m,,22
Andoni Gorosabel,Athletic Club,€3.00m,€1.96M,29
Gorka Guruzeta,Athletic Club,€5.00m,€2.60M,29
Unai Gómez,Athletic Club,€5.00m,€480K,23
Asier Hierro,Athletic Club,€1.00m,,21
I. Williams,Athletic Club,€40.00m,€14.25M,23
Mikel Jauregizar,Athletic Club,€30.00m,€2.60M,22
Aymeric Laporte,Athletic Club,€8.00m,€13.02M,32
Íñigo Lekue,Athletic Club,€1.00m,€1.25M,33
Robert Navarro,Athletic Club,€6.00m,€1.29M,24
Nico Williams,Athletic Club,€40.00m,€20.84M,23
Aitor Paredes,Athletic Club,€7.50m,€2.60M,26
Beñat Prados,Athletic Club,€15.00m,€1.84M,25
Alejandro Rego,Athletic Club,€5.00m,€390K,23
Íñigo Ruíz de Galarreta,Athletic Club,€2.00m,€1.84M,32
Oihan Sancet,Athletic Club,€25.00m,€5.21M,26
M. Sannadi,Athletic Club,€3.00m,€1.04M,25
Selton Sánchez,Athletic Club,€2.80m,€313K,19
Nico Serrano,Athletic Club,€1.50m,€390K,23
Unai Simón,Athletic Club,€22.00m,€10.41M,29
Urko Izeta,Athletic Club,€1.40m,€520K,26
Unai Vencedor,Athletic Club,€1.60m,€1.96M,25
Mikel Vesga,Athletic Club,€1.20m,€2.60M,33
Dani Vivian,Athletic Club,€20.00m,€4.57M,26
Yeray,Athletic Club,€900k,,31
Íñigo Arguibide,CA Osasuna,€800k,€420K,21
Kike Barja,CA Osasuna,€1.50m,€1.04M,29
S. Becker,CA Osasuna,€15.00m,€940K,33
Iker Benito,CA Osasuna,€1.40m,€480K,23
E. Boyomo,CA Osasuna,€15.00m,€1.56M,24
Abel Bretones,CA Osasuna,€3.50m,€1.29M,25
A. Budimir,CA Osasuna,€2.80m,€3.90M,34
Alejandro Catena,CA Osasuna,€2.60m,€2.09M,31
Aitor Fernández,CA Osasuna,€500k,,35
Javi Galán,CA Osasuna,€1.80m,€3.92M,31
Moi Gómez,CA Osasuna,€1.50m,€1.84M,31
Jorge Herrando,CA Osasuna,€3.50m,€1.04M,25
Sergio Herrera,CA Osasuna,€2.80m,€2.60M,33
Iker Muñoz,CA Osasuna,€2.00m,€1.04M,23
Juan Cruz,CA Osasuna,€1.00m,€1.56M,33
Jon Moncayola,CA Osasuna,€7.00m,€1.84M,28
Raúl Moro,CA Osasuna,€3.50m,€1.84M,23
Aimar Oroz,CA Osasuna,€7.50m,€2.09M,24
Asier Osambela,CA Osasuna,€1.00m,€550K,21
Raúl García,CA Osasuna,€3.00m,,25
V. Rosier,CA Osasuna,€3.00m,€2.36M,29
Rubén García,CA Osasuna,€1.60m,,32
Lucas Torró,CA Osasuna,€2.50m,€2.60M,31
Víctor Muñoz,CA Osasuna,€30.00m,,22
T. Almada,Club Atlético de Madrid,€15.00m,€6.50M,25
J. Alvarez,Club Atlético de Madrid,€100.00m,,26
Álex Baena,Club Atlético de Madrid,€40.00m,€10.41M,24
Pablo Barrios,Club Atlético de Madrid,€55.00m,€7.81M,22
Rayane Belaid,Club Atlético de Madrid,€600k,,21
Javier Boñar,Club Atlético de Madrid,€1.00m,,21
J. Cardoso,Club Atlético de Madrid,€30.00m,,24
Cubo,Club Atlético de Madrid,€200k,,33
Julio Díaz,Club Atlético de Madrid,€1.50m,,21
J. Giménez,Club Atlético de Madrid,€9.00m,€7.81M,31
N. González,Club Atlético de Madrid,€40.00m,,24
A. Griezmann,Club Atlético de Madrid,€8.00m,€11.73M,35
D. Hancko,Club Atlético de Madrid,€35.00m,€8.34M,28
Koke,Club Atlético de Madrid,€5.00m,€8.34M,34
Robin Le Normand,Club Atlético de Madrid,€20.00m,€7.81M,29
C. Lenglet,Club Atlético de Madrid,€4.00m,€9.12M,30
Marcos Llorente,Club Atlético de Madrid,€20.00m,€10.41M,31
A. Lookman,Club Atlético de Madrid,€40.00m,€15.63M,28
Iker Luque,Club Atlético de Madrid,€1.00m,,21
Dani Martínez,Club Atlético de Madrid,€250k,,22
Carlos Martín,Club Atlético de Madrid,€1.50m,€1.04M,24
Rodrigo Mendoza,Club Atlético de Madrid,€20.00m,€2.09M,21
N. Molina,Club Atlético de Madrid,€15.00m,€4.69M,28
Jano Monserrate,Club Atlético de Madrid,€500k,,20
Javier Morcillo,Club Atlético de Madrid,€100k,,20
J. Musso,Club Atlético de Madrid,€3.00m,€4.16M,32
J. Oblak,Club Atlético de Madrid,€15.00m,€26.04M,33
Marc Pubill,Club Atlético de Madrid,€35.00m,€1.84M,22
A. Puric,Club Atlético de Madrid,€1.00m,,22
G. Raspadori,Club Atlético de Madrid,€22.00m,€8.10M,26
M. Ruggeri,Club Atlético de Madrid,€28.00m,€2.60M,23
G. Simeone,Club Atlético de Madrid,€40.00m,€3.94M,23
A. Sørloth,Club Atlético de Madrid,€18.00m,,30
Taufik Seidu,Club Atlético de Madrid,€6.00m,,26
O. Vargas,Club Atlético de Madrid,€9.00m,€1.04M,31
Carles Aleñá,Deportivo Alavés,€3.00m,€1.56M,28
Carlos Ballestero,Deportivo Alavés,€100k,,22
Antonio Blanco,Deportivo Alavés,€10.00m,€1.44M,25
L. Boyé,Deportivo Alavés,€5.00m,€2.60M,30
Calebe,Deportivo Alavés,€1.80m,€650K,26
I. Diabate,Deportivo Alavés,€8.00m,€323K,21
M. Diarra,Deportivo Alavés,€6.00m,,30
M. Díaz,Deportivo Alavés,€1.50m,,39
Y. Enríquez,Deportivo Alavés,,€520K,
F. Garcés,Deportivo Alavés,€150k,€1.17M,36
Ander Guevara,Deportivo Alavés,€2.50m,€1.84M,28
Jon Guridi,Deportivo Alavés,€1.80m,€1.56M,31
Pablo Ibáñez,Deportivo Alavés,€4.00m,€1.29M,27
Jonny,Deportivo Alavés,€30.00m,,25
V. Koski,Deportivo Alavés,€350k,€323K,30
Toni Martínez,Deportivo Alavés,€7.50m,€2.34M,28
Aitor Mañas,Deportivo Alavés,€600k,,23
Diego Morcillo,Deportivo Alavés,€200k,,22
Jon Pacheco,Deportivo Alavés,€5.00m,€1.29M,25
Víctor Parada,Deportivo Alavés,€4.00m,€520K,24
Lander Pinillos,Deportivo Alavés,€200k,,22
C. Protesoni,Deportivo Alavés,€1.00m,,28
Ángel Pérez,Deportivo Alavés,€3.00m,€390K,24
A. Rebbach,Deportivo Alavés,€2.50m,€920K,27
Antonio Sivera,Deportivo Alavés,€6.00m,€1.96M,29
Denis Suárez,Deportivo Alavés,€1.00m,€2.34M,32
N. Tenaglia,Deportivo Alavés,€3.00m,€2.09M,30
Carlos Vicente,Deportivo Alavés,€7.00m,€3.75M,27
A. El Mokhtari,Elche CF,€800k,,20
D. Affengruber,Elche CF,€20.00m,€1.17M,25
Marc Aguado,Elche CF,€3.50m,€920K,26
André Silva,Elche CF,€3.00m,€5.21M,30
Pedro Bigas,Elche CF,€300k,€1.17M,36
L. Cepeda,Elche CF,€2.50m,,23
Víctor Chust,Elche CF,€3.50m,€1.04M,26
Bambo Diaby,Elche CF,€800k,,28
G. Diangana,Elche CF,€2.00m,€1.84M,28
M. Dituro,Elche CF,€100k,€780K,39
John Donald,Elche CF,€1.00m,€650K,25
M. El Ghezouani,Elche CF,€2.50m,,28
Aleix Febas,Elche CF,€5.00m,€1.56M,30
Héctor Fort,Elche CF,€12.00m,€1.29M,19
A. Houary,Elche CF,€300k,,20
Jairo Izquierdo,Elche CF,€400k,,32
Josan,Elche CF,€100k,€520K,36
Martim Neto,Elche CF,€4.00m,€1.17M,23
Rafa Mir,Elche CF,€4.00m,€2.60M,28
Adrià Pedrosa,Elche CF,€2.80m,€1.96M,28
Iñaki Peña,Elche CF,€4.00m,€3.13M,27
L. Pétrot,Elche CF,€1.50m,€1.29M,29
F. Redondo,Elche CF,€2.50m,€1.29M,23
Á. Rodríguez,Elche CF,€1.50m,,34
Buba Sangaré,Elche CF,€4.50m,€390K,18
Yago Santiago,Elche CF,€1.00m,€390K,23
Tete Morente,Elche CF,€1.80m,€1.56M,29
Germán Valera,Elche CF,€6.00m,€1.04M,24
Gonzalo Villar,Elche CF,€1.80m,€1.17M,28
Alex Sánchez,Elche CF,€50k,€3.92M,34
Álvaro Núñez,Elche CF,€4.00m,€1.84M,25
R. Araujo,FC Barcelona,€20.00m,€16.00M,27
Alejandro Balde,FC Barcelona,€50.00m,€2.09M,22
R. Bardghji,FC Barcelona,€15.00m,€1.29M,20
Marc Bernal,FC Barcelona,€30.00m,€1.56M,19
Marc Casadó,FC Barcelona,€18.00m,€1.56M,22
A. Christensen,FC Barcelona,€8.00m,€13.00M,30
Álvaro Cortés,FC Barcelona,€4.00m,,21
Pau Cubarsí,FC Barcelona,€80.00m,€5.00M,19
Dro Fernández,FC Barcelona,,€2.27M,
Eric García,FC Barcelona,€40.00m,€10.00M,25
Xavi Espart,FC Barcelona,€5.00m,,19
Gavi,FC Barcelona,€30.00m,€11.73M,21
Joan García,FC Barcelona,€45.00m,€7.81M,25
João Cancelo,FC Barcelona,€8.00m,€10.41M,32
J. Koundé,FC Barcelona,€60.00m,€19.55M,27
Lamine Yamal,FC Barcelona,€200.00m,€27.09M,18
R. Lewandowski,FC Barcelona,€7.00m,€26.04M,37
Fermín López,FC Barcelona,€100.00m,€8.75M,23
Tomás Marqués,FC Barcelona,€3.00m,,19
Gerard Martín,FC Barcelona,€35.00m,€1.96M,24
Dani Olmo,FC Barcelona,€60.00m,€14.00M,28
Pedri,FC Barcelona,€150.00m,€16.00M,23
Raphinha,FC Barcelona,€70.00m,€20.84M,29
M. Rashford,FC Barcelona,€40.00m,€17.50M,28
W. Szczęsny,FC Barcelona,€800k,€3.75M,36
Toni Fernández,FC Barcelona,€3.00m,,17
Jofre Torrents,FC Barcelona,€1.00m,,19
Ferran Torres,FC Barcelona,€50.00m,€13.00M,26
F. de Jong,FC Barcelona,€35.00m,,29
M. ter Stegen,FC Barcelona,€3.00m,€1.31M,34
A. Abqar,Getafe CF,€3.50m,€3.13M,27
Alex Sancris,Getafe CF,€1.50m,€1.29M,29
M. Arambarri,Getafe CF,€8.00m,€4.69M,30
I. Bekhoucha,Getafe CF,€300k,€520K,21
V. Birmančević,Getafe CF,€3.50m,€800K,28
S. Boselli,Getafe CF,€1.50m,€650K,22
Damián,Getafe CF,€12.00m,,33
D. Dakonam,Getafe CF,€1.40m,,
Davinchi,Getafe CF,€1.00m,€390K,18
Domingos Duarte,Getafe CF,€800k,€1.56M,31
Kiko Femenía,Getafe CF,€700k,€1.56M,35
Juan Iglesias,Getafe CF,€5.00m,€1.04M,27
Joselu Pérez,Getafe CF,€200k,,22
Juanmi,Getafe CF,€1.00m,€3.13M,33
A. Kamara,Getafe CF,€2.50m,,22
Adrián Liso,Getafe CF,€3.00m,€390K,21
Mario Martín,Getafe CF,€10.00m,€650K,22
Borja Mayoral,Getafe CF,€6.00m,€5.98M,29
Alejandro Mestanza,Getafe CF,€250k,,21
Luis Milla,Getafe CF,€3.50m,€2.60M,31
Jorge Montes,Getafe CF,€50k,,22
Javi Muñoz,Getafe CF,€1.20m,€2.09M,31
Y. Neyou,Getafe CF,€2.00m,,29
A. Nyom,Getafe CF,€100k,€800K,38
Diego Rico,Getafe CF,€1.00m,€2.60M,33
Z. Romero,Getafe CF,€45.00m,€520K,28
M. Satriano,Getafe CF,€10.00m,€1.17M,25
Álex Sola,Getafe CF,€1.50m,,27
Hugo Solozábal,Getafe CF,€200k,,23
David Soria,Getafe CF,€2.80m,€3.13M,33
L. Vázquez,Getafe CF,€1.50m,€8.25M,34
Coba da Costa,Getafe CF,€1.50m,,23
J. Arango,Girona FC,€2.50m,,31
Y. Asprilla,Girona FC,€14.00m,€1.73M,22
Fran Beltrán,Girona FC,€4.00m,€3.13M,27
D. Blind,Girona FC,€1.20m,€4.16M,36
D. Camara,Girona FC,€40.00m,,22
C. Echeverri,Girona FC,€15.00m,€650K,20
Alejandro Francés,Girona FC,€3.00m,€920K,23
P. Gazzaniga,Girona FC,€1.80m,€1.96M,34
Bryan Gil,Girona FC,€8.00m,€3.65M,25
Y. Herrera,Girona FC,€400k,€5.21M,36
L. Kourouma,Girona FC,€500k,€390K,22
V. Krapyvtsov,Girona FC,€300k,€313K,20
T. Lemar,Girona FC,€1.80m,€2.05M,30
David López,Girona FC,€600k,,36
Iván Martín,Girona FC,€5.00m,€2.87M,27
Arnau Martínez,Girona FC,€10.00m,€1.56M,23
B. Miovski,Girona FC,€2.50m,,26
Álex Moreno,Girona FC,€3.00m,,33
A. Ounahi,Girona FC,€10.00m,€3.13M,26
Portu,Girona FC,€1.20m,€2.36M,34
Hugo Rincón,Girona FC,€3.50m,€650K,23
Joel Roca,Girona FC,€6.00m,€520K,21
Abel Ruiz,Girona FC,€2.00m,€2.60M,26
J. Solís,Girona FC,€70.00m,,23
C. Stuani,Girona FC,€700k,€1.56M,39
V. Tsygankov,Girona FC,€15.00m,,28
V. Vanat,Girona FC,€15.00m,€3.38M,24
Vitor Reis,Girona FC,€30.00m,€3.00M,20
A. Witsel,Girona FC,€1.20m,€3.13M,37
D. van de Beek,Girona FC,€1.80m,€3.92M,29
T. Abed,Levante UD,€1.00m,,21
K. Arriaga,Levante UD,€2.00m,€1.29M,28
Roger Brugué,Levante UD,€2.00m,€2.09M,29
Jorge Cabello,Levante UD,€900k,,22
Pablo Cuñat,Levante UD,€1.50m,,24
Paco Cortés,Levante UD,€1.50m,€273K,18
Unai Elgezabal,Levante UD,€500k,€1.29M,33
Carlos Espí,Levante UD,€20.00m,€520K,20
K. Etta Eyong,Levante UD,€15.00m,€1.29M,22
Víctor García,Levante UD,€1.50m,,28
G. Koyalipou,Levante UD,€2.50m,€910K,26
Iker Losada,Levante UD,€1.80m,€1.29M,24
Sergio Lozano,Levante UD,€1.50m,,27
Pablo Martínez,Levante UD,€3.00m,,28
A. Matturro,Levante UD,€4.00m,€1.29M,21
José Luis Morales,Levante UD,€200k,€1.56M,38
M. Moreno,Levante UD,€20.00m,,31
Jon Olasagasti,Levante UD,€2.50m,€1.56M,25
Diego Pampín,Levante UD,€1.00m,€920K,26
Nacho Pérez,Levante UD,€300k,,17
U. Raghouber,Levante UD,€3.00m,€390K,22
Oriol Rey,Levante UD,€1.80m,€1.56M,28
Iván Romero,Levante UD,€8.00m,€1.56M,25
M. Ryan,Levante UD,€80.00m,,24
Manu Sánchez,Levante UD,€6.00m,,25
J. Toljan,Levante UD,€2.00m,€2.09M,31
Kareem Tunde,Levante UD,€2.00m,,20
Adrián de la Fuente,Levante UD,€4.00m,€920K,27
Carlos Álvarez,Levante UD,€15.00m,,22
I. Akhomach,Rayo Vallecano de Madrid,€12.00m,€1.04M,22
Alemão,Rayo Vallecano de Madrid,€4.00m,,28
I. Balliu,Rayo Vallecano de Madrid,€1.00m,€1.17M,34
A. Batalla,Rayo Vallecano de Madrid,€6.00m,€2.60M,30
Samu Becerra,Rayo Vallecano de Madrid,€300k,€232K,20
Sergio Camello,Rayo Vallecano de Madrid,€3.00m,€1.04M,25
Pep Chavarría,Rayo Vallecano de Madrid,€10.00m,€2.09M,28
P. Ciss,Rayo Vallecano de Madrid,€200k,€780K,36
Dani Cárdenas,Rayo Vallecano de Madrid,€1.80m,€780K,29
Pedro Díaz,Rayo Vallecano de Madrid,€3.00m,€1.96M,28
Pelayo Fernández,Rayo Vallecano de Madrid,€500k,,23
Álvaro García,Rayo Vallecano de Madrid,€1.50m,€2.60M,33
Gerard Gumbau,Rayo Vallecano de Madrid,€1.20m,€1.04M,31
F. Lejeune,Rayo Vallecano de Madrid,€1.80m,€2.60M,35
Luiz Felipe,Rayo Vallecano de Madrid,€2.00m,,29
Unai López,Rayo Vallecano de Madrid,€2.50m,€2.09M,30
N. Mendy,Rayo Vallecano de Madrid,€400k,€2.25M,31
A. Mumin,Rayo Vallecano de Madrid,€3.00m,€650K,28
P. Espino,Rayo Vallecano de Madrid,€25.00m,,22
Isi Palazón,Rayo Vallecano de Madrid,€2.80m,€2.60M,31
Fran Pérez,Rayo Vallecano de Madrid,€2.50m,€920K,23
Randy Nteka,Rayo Vallecano de Madrid,€1.00m,€1.56M,28
A. Rațiu,Rayo Vallecano de Madrid,€18.00m,€2.30M,27
Ó. Trejo,Rayo Vallecano de Madrid,€300k,€1.29M,38
Óscar Valentín,Rayo Vallecano de Madrid,€2.00m,€2.36M,31
J. Vertrouwd,Rayo Vallecano de Madrid,€2.00m,€390K,21
Jorge de Frutos,Rayo Vallecano de Madrid,€12.00m,€2.36M,29
Sergi Altimira,Real Betis Balompié,€20.00m,€2.60M,24
S. Amrabat,Real Betis Balompié,€10.00m,€7.81M,29
Antony,Real Betis Balompié,€40.00m,€7.81M,26
C. Bakambu,Real Betis Balompié,€1.20m,€3.38M,35
Marc Bartra,Real Betis Balompié,€900k,€3.13M,35
Héctor Bellerín,Real Betis Balompié,€2.40m,€3.90M,31
Iván Corralejo,Real Betis Balompié,€50k,,19
N. Deossa,Real Betis Balompié,€9.00m,€2.87M,26
A. Ezzalzouli,Real Betis Balompié,€40.00m,€1.84M,24
Á. Fidalgo,Real Betis Balompié,€6.00m,€3.40M,29
J. Firpo,Real Betis Balompié,€3.50m,€4.69M,29
Pablo Fornals,Real Betis Balompié,€8.00m,€3.90M,30
V. Gómez,Real Betis Balompié,€500k,€1.56M,39
C. Hernández,Real Betis Balompié,€50.00m,,29
Isco,Real Betis Balompié,€3.50m,€7.81M,34
Diego Llorente,Real Betis Balompié,€2.50m,€3.90M,32
G. Lo Celso,Real Betis Balompié,€8.00m,€6.50M,30
Pau López,Real Betis Balompié,€2.50m,€3.13M,31
Natan,Real Betis Balompié,€25.00m,€3.90M,25
Ángel Ortiz,Real Betis Balompié,€4.00m,€780K,21
Pablo García,Real Betis Balompié,€8.00m,,20
Dani Pérez,Real Betis Balompié,€300k,,20
Rodrigo Riquelme,Real Betis Balompié,€4.00m,€3.90M,26
Marc Roca,Real Betis Balompié,€4.00m,€3.13M,29
R. Rodríguez,Real Betis Balompié,€1.50m,,34
Aitor Ruibal,Real Betis Balompié,€4.00m,€2.09M,30
Álvaro Valles,Real Betis Balompié,€7.00m,€2.60M,28
C. Ávila,Real Betis Balompié,€1.20m,€2.60M,32
J. Aidoo,Real Club Celta de Vigo,€25.00m,€1.96M,22
Marcos Alonso,Real Club Celta de Vigo,€1.20m,€5.21M,35
Andrés Antañón,Real Club Celta de Vigo,€300k,,19
Iago Aspas,Real Club Celta de Vigo,€1.60m,€3.65M,38
Hugo Burcio,Real Club Celta de Vigo,€300k,,19
Sergio Carreira,Real Club Celta de Vigo,€12.00m,€1.68M,25
Damián Rodríguez,Real Club Celta de Vigo,€2.00m,,23
Carlos Domínguez,Real Club Celta de Vigo,€2.00m,€1.17M,25
Pablo Durán,Real Club Celta de Vigo,€4.00m,€1.31M,25
J. El Abdellaoui,Real Club Celta de Vigo,€8.00m,,20
Manu Fernández,Real Club Celta de Vigo,€1.50m,,25
Hugo González,Real Club Celta de Vigo,€350k,,35
Borja Iglesias,Real Club Celta de Vigo,€2.80m,€3.65M,33
I. Moriba,Real Club Celta de Vigo,€15.00m,€1.68M,23
Javi Rodríguez,Real Club Celta de Vigo,€18.00m,€1.04M,22
Ferran Jutglà,Real Club Celta de Vigo,€10.00m,€2.87M,27
Yoel Lago,Real Club Celta de Vigo,€4.00m,€390K,22
Óscar Mingueza,Real Club Celta de Vigo,€18.00m,€1.44M,27
I. Radu,Real Club Celta de Vigo,€16.00m,€2.36M,24
M. Ristić,Real Club Celta de Vigo,€800k,€1.31M,30
Miguel Román,Real Club Celta de Vigo,€15.00m,€313K,23
Javi Rueda,Real Club Celta de Vigo,€6.00m,€1.04M,24
Hugo Sotelo,Real Club Celta de Vigo,€5.00m,€920K,22
C. Starfelt,Real Club Celta de Vigo,€4.50m,€1.96M,31
W. Swedberg,Real Club Celta de Vigo,€20.00m,€1.44M,22
M. Vecino,Real Club Celta de Vigo,€1.00m,€3.65M,34
Bryan Zaragoza,Real Club Celta de Vigo,€8.00m,€3.47M,24
Hugo Álvarez,Real Club Celta de Vigo,€8.00m,€1.17M,22
T. Asano,Real Club Deportivo Mallorca,€1.50m,€1.84M,31
L. Bergström,Real Club Deportivo Mallorca,€200k,€390K,33
Miguel Calatayud,Real Club Deportivo Mallorca,,,
Sergi Darder,Real Club Deportivo Mallorca,€3.00m,€3.38M,32
Marc Domenech,Real Club Deportivo Mallorca,€1.00m,,19
Mateo Joseph,Real Club Deportivo Mallorca,€3.50m,€1.13M,22
J. Kalumba,Real Club Deportivo Mallorca,€800k,€390K,21
M. Kumbulla,Real Club Deportivo Mallorca,€3.00m,€4.69M,26
Javi Llabrés,Real Club Deportivo Mallorca,€800k,€333K,23
Pablo Maffeo,Real Club Deportivo Mallorca,€3.00m,€1.84M,28
Omar Mascarell,Real Club Deportivo Mallorca,€700k,€1.04M,33
J. Mojica,Real Club Deportivo Mallorca,€1.50m,€2.36M,33
Mateu Morey,Real Club Deportivo Mallorca,€1.40m,,26
Manu Morlanes,Real Club Deportivo Mallorca,€2.40m,€1.56M,27
V. Muriqi,Real Club Deportivo Mallorca,€4.50m,€5.21M,32
Luis Orejuela,Real Club Deportivo Mallorca,€300k,,30
Abdón Prats,Real Club Deportivo Mallorca,€800k,€920K,33
Antonio Raíllo,Real Club Deportivo Mallorca,€1.00m,€2.36M,34
Dani Rodríguez,Real Club Deportivo Mallorca,€100k,,38
Leo Román,Real Club Deportivo Mallorca,€6.00m,€1.56M,25
Miquel Salas,Real Club Deportivo Mallorca,€14.00m,,24
Samú Costa,Real Club Deportivo Mallorca,€15.00m,€1.56M,25
Antonio Sánchez,Real Club Deportivo Mallorca,€2.00m,€1.84M,29
Toni Lato,Real Club Deportivo Mallorca,€1.40m,€1.84M,28
Pablo Torre,Real Club Deportivo Mallorca,€5.00m,€1.29M,23
M. Valjent,Real Club Deportivo Mallorca,€3.00m,€4.69M,30
Jan Virgili,Real Club Deportivo Mallorca,€15.00m,€780K,19
Zito Luvumbo,Real Club Deportivo Mallorca,€3.00m,€800K,24
Diego Aguado,Real Madrid CF,€5.00m,,19
D. Alaba,Real Madrid CF,€3.00m,€28.13M,33
T. Alexander-Arnold,Real Madrid CF,€60.00m,€31.67M,27
Raúl Asencio,Real Madrid CF,€20.00m,,23
J. Bellingham,Real Madrid CF,€130.00m,€5.90M,22
E. Camavinga,Real Madrid CF,€50.00m,€15.63M,23
Álvaro Carreras,Real Madrid CF,€50.00m,€11.21M,23
Dani Carvajal,Real Madrid CF,€4.00m,€13.02M,34
Dani Ceballos,Real Madrid CF,€7.00m,€13.02M,29
Cestero,Real Madrid CF,€7.50m,,20
T. Courtois,Real Madrid CF,€15.00m,€18.75M,34
Brahim Díaz,Real Madrid CF,€35.00m,€9.10M,26
Endrick,Real Madrid CF,€40.00m,€2.27M,19
Fran García,Real Madrid CF,€10.00m,,26
Gonzalo García,Real Madrid CF,€30.00m,,22
A. Güler,Real Madrid CF,€90.00m,€6.50M,21
Dean Huijsen,Real Madrid CF,€60.00m,€11.21M,21
David Jiménez,Real Madrid CF,€5.00m,,22
A. Lunin,Real Madrid CF,€12.00m,€5.73M,27
F. Mastantuono,Real Madrid CF,€45.00m,€9.10M,18
K. Mbappé,Real Madrid CF,€180.00m,€71.67M,27
F. Mendy,Real Madrid CF,€400k,€13.02M,31
César Palacios,Real Madrid CF,€7.50m,,21
Thiago Pitarch,Real Madrid CF,€20.00m,,18
Rodrygo,Real Madrid CF,€45.00m,€20.84M,25
A. Rüdiger,Real Madrid CF,€6.00m,€18.75M,33
A. Tchouaméni,Real Madrid CF,€70.00m,€15.63M,26
Valde,Real Madrid CF,€12.00m,,25
F. Valverde,Real Madrid CF,€90.00m,€20.84M,27
Vinícius Júnior,Real Madrid CF,€140.00m,€37.50M,25
Daniel Yáñez,Real Madrid CF,€3.00m,,19
Manuel Ángel,Real Madrid CF,€5.00m,,22
Éder Militão,Real Madrid CF,€20.00m,€18.23M,28
Pablo Agudín,Real Oviedo,€1.00m,,18
Lucas Ahijado,Real Oviedo,€600k,€1.04M,31
R. Alhassane,Real Oviedo,€1.50m,€390K,24
E. Bailly,Real Oviedo,€1.20m,€2.36M,32
T. Borbas,Real Oviedo,€3.50m,€1.04M,24
J. Brekalo,Real Oviedo,€2.00m,,27
Dani Calvo,Real Oviedo,€900k,€1.29M,32
Santi Cazorla,Real Oviedo,€200k,€232K,41
I. Chaira,Real Oviedo,€4.00m,€1.17M,25
S. Colombatto,Real Oviedo,€2.50m,€1.56M,29
David Costas,Real Oviedo,€1.20m,€1.29M,31
David Carmo,Real Oviedo,€5.00m,€3.13M,26
L. Dendoncker,Real Oviedo,€1.80m,,31
O. Ejaria,Real Oviedo,€400k,€1.04M,28
Aarón Escandell,Real Oviedo,€3.00m,€1.29M,30
Marco Esteban,Real Oviedo,€500k,,20
Omar Falah,Real Oviedo,€150k,,22
T. Fernández,Real Oviedo,€90.00m,€313K,25
N. Fonseca,Real Oviedo,€2.50m,€800K,23
Álex Forés,Real Oviedo,€700k,€920K,25
H. Hassan,Real Oviedo,€3.50m,€1.04M,24
L. Ilić,Real Oviedo,€1.00m,€1.29M,36
Oier Luengo,Real Oviedo,€900k,,28
Javi López,Real Oviedo,€5.00m,,24
Alberto Reina,Real Oviedo,€2.00m,€1.29M,28
S. Rondón,Real Oviedo,€350k,,36
K. Sibo,Real Oviedo,€1.40m,€1.04M,27
Borja Sánchez,Real Oviedo,€300k,,30
Nacho Vidal,Real Oviedo,€1.20m,€1.29M,31
F. Viñas,Real Oviedo,€4.00m,€1.29M,27
Ibai Aguirre,Real Sociedad de Fútbol,€500k,,19
J. Aramburu,Real Sociedad de Fútbol,€15.00m,€2.60M,23
Lander Astiazarán,Real Sociedad de Fútbol,€2.00m,,20
Ander Barrenetxea,Real Sociedad de Fútbol,€18.00m,€3.90M,24
Luken Beitia,Real Sociedad de Fútbol,€600k,,21
D. Ćaleta-Car,Real Sociedad de Fútbol,€2.80m,€4.69M,29
Gorka Carrera,Real Sociedad de Fútbol,€3.00m,,21
Dani Díaz,Real Sociedad de Fútbol,€2.00m,,19
Aritz Elustondo,Real Sociedad de Fútbol,€1.50m,€2.60M,32
Gonçalo Guedes,Real Sociedad de Fútbol,€6.00m,€5.21M,29
Jon Gorrotxategi,Real Sociedad de Fútbol,€25.00m,€2.09M,24
Mikel Goti,Real Sociedad de Fútbol,€1.50m,,24
Sergio Gómez,Real Sociedad de Fútbol,€15.00m,€3.13M,25
Jon Karrikaburu,Real Sociedad de Fútbol,€1.80m,€1.04M,23
T. Kubo,Real Sociedad de Fútbol,€20.00m,€6.50M,25
Arkaitz Mariezkurrena,Real Sociedad de Fútbol,€1.00m,,21
Jon Martín,Real Sociedad de Fútbol,€25.00m,€1.04M,20
Pablo Marín,Real Sociedad de Fútbol,€7.00m,€1.29M,22
Aihen Muñoz,Real Sociedad de Fútbol,€2.50m,€2.09M,28
Brais Méndez,Real Sociedad de Fútbol,€8.00m,€6.50M,29
J. Ochieng,Real Sociedad de Fútbol,€1.00m,,23
Álvaro Odriozola,Real Sociedad de Fútbol,€800k,€3.38M,30
Mikel Oyarzabal,Real Sociedad de Fútbol,€25.00m,€7.81M,29
Álex Remiro,Real Sociedad de Fútbol,€9.00m,€5.21M,31
U. Sadiq,Real Sociedad de Fútbol,€4.00m,€2.87M,29
Carlos Soler,Real Sociedad de Fútbol,€7.00m,€5.21M,29
L. Sučić,Real Sociedad de Fútbol,€40.00m,€2.09M,22
Beñat Turrientes,Real Sociedad de Fútbol,€10.00m,€2.09M,24
Urko González de Zárate,Real Sociedad de Fútbol,€12.00m,€1.84M,25
Wesley,Real Sociedad de Fútbol,€28.00m,,25
A. Zakharyan,Real Sociedad de Fútbol,€9.00m,€1.56M,23
Igor Zubeldia,Real Sociedad de Fútbol,€6.00m,€3.90M,29
O. Óskarsson,Real Sociedad de Fútbol,€20.00m,€1.56M,21
L. Cabrera,Reial Club Deportiu Espanyol de Barcelona,€900k,€1.29M,34
Fernando Calero,Reial Club Deportiu Espanyol de Barcelona,€2.00m,€1.56M,30
Jofre Carreras,Reial Club Deportiu Espanyol de Barcelona,€3.00m,€1.29M,24
M. Dmitrović,Reial Club Deportiu Espanyol de Barcelona,€700k,€1.56M,34
T. Dolan,Reial Club Deportiu Espanyol de Barcelona,€10.00m,€1.84M,24
O. El Hilali,Reial Club Deportiu Espanyol de Barcelona,€15.00m,€1.17M,22
Edu Expósito,Reial Club Deportiu Espanyol de Barcelona,€5.00m,€2.36M,29
Kike García,Reial Club Deportiu Espanyol de Barcelona,€700k,€1.56M,36
L. Koleosho,Reial Club Deportiu Espanyol de Barcelona,€6.00m,€690K,21
Pol Lozano,Reial Club Deportiu Espanyol de Barcelona,€6.00m,€1.44M,26
Pere Milla,Reial Club Deportiu Espanyol de Barcelona,€1.00m,€1.56M,33
C. Ngonge,Reial Club Deportiu Espanyol de Barcelona,€7.00m,€1.56M,26
C. Pickel,Reial Club Deportiu Espanyol de Barcelona,€2.50m,€1.84M,29
Javi Puado,Reial Club Deportiu Espanyol de Barcelona,€7.50m,€2.60M,28
C. Riedel,Reial Club Deportiu Espanyol de Barcelona,€9.00m,€1.04M,27
Roberto Fernández,Reial Club Deportiu Espanyol de Barcelona,€100k,,38
Antoniu Roca,Reial Club Deportiu Espanyol de Barcelona,€1.80m,€920K,23
Carlos Romero,Reial Club Deportiu Espanyol de Barcelona,€25.00m,€1.17M,24
Miguel Rubio,Reial Club Deportiu Espanyol de Barcelona,€1.50m,€1.29M,28
José Salinas,Reial Club Deportiu Espanyol de Barcelona,€2.00m,€1.04M,25
Rubén Sánchez,Reial Club Deportiu Espanyol de Barcelona,€1.80m,,25
Ramon Terrats,Reial Club Deportiu Espanyol de Barcelona,€3.00m,€780K,25
A. Adams,Sevilla FC,€15.00m,€2.36M,26
L. Agoumé,Sevilla FC,€15.00m,€2.87M,24
César Azpilicueta,Sevilla FC,€1.00m,€5.21M,36
Manu Bueno,Sevilla FC,€1.50m,€390K,21
José Ángel Carmona,Sevilla FC,€12.00m,€3.13M,24
Andrés Castrín,Sevilla FC,€6.00m,€313K,23
C. Ejuke,Sevilla FC,€4.00m,€2.36M,28
Fábio Cardoso,Sevilla FC,€1.50m,€2.60M,32
F. Gattoni,Sevilla FC,€800k,€520K,27
Alfon González,Sevilla FC,€3.00m,€1.04M,27
N. Gudelj,Sevilla FC,€2.00m,€4.96M,34
S. Idumbo,Sevilla FC,€4.00m,€1.00M,20
A. Januzaj,Sevilla FC,€1.00m,€3.92M,31
Joan Jordán,Sevilla FC,€1.00m,€4.42M,31
D. Lukébakio,Sevilla FC,€15.00m,€3.60M,28
Marcão,Sevilla FC,€2.50m,,30
Ramón Martínez,Sevilla FC,€1.00m,,23
N. Maupay,Sevilla FC,€4.00m,€2.21M,29
B. Mendy,Sevilla FC,€7.50m,€3.77M,26
T. Nianzou,Sevilla FC,€1.20m,€5.21M,24
Ø. Nyland,Sevilla FC,€800k,,35
Oso,Sevilla FC,€4.00m,,34
Peque Fernández,Sevilla FC,€3.00m,€780K,23
Isaac Romero,Sevilla FC,€5.00m,€2.87M,26
Kike Salas,Sevilla FC,€14.00m,€2.60M,24
Miguel Ángel,Sevilla FC,€7.00m,,32
D. Sow,Sevilla FC,€7.50m,€4.17M,29
G. Suazo,Sevilla FC,€6.00m,€5.00M,28
A. Sánchez,Sevilla FC,€1.20m,,37
Juanlu Sánchez,Sevilla FC,€10.00m,€3.13M,22
R. Vargas,Sevilla FC,€12.00m,,27
O. Vlachodimos,Sevilla FC,€3.00m,€3.77M,32
Julen Agirrezabala,Valencia CF,€9.00m,€3.38M,25
André Almeida,Valencia CF,€6.00m,,26
L. Beltrán,Valencia CF,€8.00m,,25
Copete,Valencia CF,€5.00m,,26
E. Cömert,Valencia CF,€2.50m,€1.29M,28
A. Danjuma,Valencia CF,€3.00m,€2.36M,29
M. Diakhaby,Valencia CF,€1.50m,€4.96M,29
S. Dimitrievski,Valencia CF,€2.00m,€1.56M,32
Hugo Duro,Valencia CF,€12.00m,€5.21M,26
D. Foulquier,Valencia CF,€900k,€2.09M,33
José Gayà,Valencia CF,€4.00m,€5.83M,31
Javi Guerra,Valencia CF,€25.00m,,23
Rubén Iranzo,Valencia CF,€600k,,23
Diego López,Valencia CF,€9.00m,,24
Unai Núñez,Valencia CF,€3.50m,€1.06M,29
Pepelu,Valencia CF,€8.00m,€2.09M,27
Dani Raba,Valencia CF,€1.20m,€1.56M,30
L. Ramazani,Valencia CF,€8.00m,€1.29M,25
Luis Rioja,Valencia CF,€1.80m,€2.36M,32
B. Santamaría,Valencia CF,€2.50m,€3.38M,31
R. Saravia,Valencia CF,€1.40m,,32
Thierry Correia,Valencia CF,€2.50m,€1.56M,27
César Tárrega,Valencia CF,€9.00m,€2.09M,24
F. Ugrinic,Valencia CF,€6.00m,€2.36M,27
Jesús Vázquez,Valencia CF,€4.00m,,23
Adrià Alti,Villarreal CF,€1.40m,,25
T. Buchanan,Villarreal CF,€12.00m,€3.90M,27
Sergi Cardona,Villarreal CF,€9.00m,€2.60M,26
Santi Comesaña,Villarreal CF,€8.00m,€2.87M,29
J. Foyth,Villarreal CF,€8.00m,€5.21M,28
A. Freeman,Villarreal CF,€3.50m,€920K,21
P. Gueye,Villarreal CF,€40.00m,,27
W. Kambwala,Villarreal CF,€3.00m,€2.09M,21
Hugo López,Villarreal CF,€1.00m,,19
Luíz Júnior,Villarreal CF,€12.00m,€2.60M,25
Carlos Maciá,Villarreal CF,€3.00m,,17
Rafa Marín,Villarreal CF,€12.00m,€3.13M,24
G. Mikautadze,Villarreal CF,€30.00m,€5.73M,25
Alberto Moleiro,Villarreal CF,€50.00m,€3.90M,22
Gerard Moreno,Villarreal CF,€2.50m,€4.69M,34
S. Mouriño,Villarreal CF,€20.00m,€1.56M,24
Pau Navarro,Villarreal CF,€15.00m,€780K,21
T. Oluwaseyi,Villarreal CF,€7.00m,€3.38M,26
Dani Parejo,Villarreal CF,€1.00m,€4.69M,37
T. Partey,Villarreal CF,€2.00m,€5.21M,33
Alfonso Pedraza,Villarreal CF,€2.50m,€4.16M,30
N. Pépé,Villarreal CF,€6.00m,€4.42M,31
Ayoze Pérez,Villarreal CF,€5.00m,€3.90M,32
Renato Veiga,Villarreal CF,€25.00m,€4.69M,22
M. Solomon,Villarreal CF,€1.00m,€2.09M,31
Arnau Tenas,Villarreal CF,€4.00m,€1.84M,25
A. Beck,1. FC Heidenheim 1846,€15.00m,€1.89M,33
H. Behrens,1. FC Heidenheim 1846,€5.00m,,21
M. Busch,1. FC Heidenheim 1846,€1.00m,€940K,31
C. Conteh,1. FC Heidenheim 1846,€1.50m,€830K,26
S. Conteh,1. FC Heidenheim 1846,€1.50m,€940K,26
E. Dinkçi,1. FC Heidenheim 1846,€6.00m,€830K,24
N. Dorsch,1. FC Heidenheim 1846,€2.50m,€2.12M,28
F. Feller,1. FC Heidenheim 1846,€800k,€237K,22
J. Föhrenbach,1. FC Heidenheim 1846,€1.00m,€830K,30
B. Gimber,1. FC Heidenheim 1846,€1.50m,€2.12M,29
M. Honsak,1. FC Heidenheim 1846,€1.70m,€1.65M,29
A. Ibrahimović,1. FC Heidenheim 1846,€10.00m,€1.41M,20
M. Kaufmann,1. FC Heidenheim 1846,€1.50m,€940K,25
T. Keller,1. FC Heidenheim 1846,€6.00m,,23
L. Kerber,1. FC Heidenheim 1846,€2.00m,€590K,24
A. Kölle,1. FC Heidenheim 1846,€1.50m,€470K,24
Léo Scienza,1. FC Heidenheim 1846,€12.00m,€1.50M,27
P. Mainka,1. FC Heidenheim 1846,€2.50m,€2.36M,31
J. Niehues,1. FC Heidenheim 1846,€1.50m,€520K,25
L. Paçarada,1. FC Heidenheim 1846,€800k,,31
M. Pieringer,1. FC Heidenheim 1846,€3.00m,€1.41M,26
D. Ramaj,1. FC Heidenheim 1846,€7.00m,€1.89M,24
S. Schimmer,1. FC Heidenheim 1846,€300k,€470K,32
J. Schöppner,1. FC Heidenheim 1846,€3.00m,€1.89M,27
T. Siersleben,1. FC Heidenheim 1846,€1.80m,€1.18M,26
L. Stergiou,1. FC Heidenheim 1846,€2.50m,€710K,24
O. Traoré,1. FC Heidenheim 1846,€45.00m,€710K,23
Y. Wagner,1. FC Heidenheim 1846,€11.00m,€287K,23
T. Weigel,1. FC Heidenheim 1846,€300k,,19
B. Zivzivadze,1. FC Heidenheim 1846,€1.20m,€2.36M,32
R. Ache,1. FC Köln,€25.00m,€3.54M,20
M. Bülter,1. FC Köln,€1.80m,€1.65M,33
A. Castro-Montes,1. FC Köln,€2.50m,€3.30M,29
F. Chávez,1. FC Köln,€6.00m,,30
S. El Mala,1. FC Köln,€45.00m,€900K,19
J. Gazibegović,1. FC Köln,€2.00m,,26
D. Heintz,1. FC Köln,€600k,€1.41M,32
D. Huseinbašić,1. FC Köln,€2.00m,€1.18M,24
T. Hübers,1. FC Köln,€1.50m,€3.30M,29
Í. Jóhannesson,1. FC Köln,€8.00m,€1.41M,23
F. Kainz,1. FC Köln,€1.00m,€1.89M,33
J. Kamiński,1. FC Köln,€17.00m,€1.41M,24
T. Krauß,1. FC Köln,€4.50m,€1.77M,24
K. Lund,1. FC Köln,€60.00m,,23
L. Maina,1. FC Köln,€3.00m,€1.89M,26
E. Martel,1. FC Köln,€8.00m,€710K,24
C. Neumann,1. FC Köln,€2.50m,,28
Y. Niang,1. FC Köln,€800k,,31
F. Schenten,1. FC Köln,€1.00m,,18
J. Schmied,1. FC Köln,€3.00m,€1.30M,27
M. Schwäbe,1. FC Köln,€3.00m,€2.83M,31
S. Sebulonsen,1. FC Köln,€5.50m,€1.30M,26
J. Simpson-Pusey,1. FC Köln,€9.00m,€470K,20
J. Thielmann,1. FC Köln,€5.00m,€1.54M,24
L. Waldschmidt,1. FC Köln,€2.00m,€3.77M,30
R. van den Berg,1. FC Köln,€35.00m,€1.41M,20
C. Özkacar,1. FC Köln,€4.00m,€830K,25
I. Ansah,1. FC Union Berlin,€45.00m,€940K,23
D. Bogdanov,1. FC Union Berlin,€75k,€188K,36
L. Burcu,1. FC Union Berlin,€4.00m,€1.06M,21
O. Burke,1. FC Union Berlin,€3.00m,€1.89M,29
Diogo Leite,1. FC Union Berlin,€12.00m,€1.89M,27
D. Doekhi,1. FC Union Berlin,€13.00m,€3.54M,27
L. Güther,1. FC Union Berlin,€1.00m,,16
J. Haberer,1. FC Union Berlin,€2.00m,€2.12M,32
A. Ilić,1. FC Union Berlin,€1.00m,€1.89M,36
Jeong Woo-Yeong,1. FC Union Berlin,€3.50m,,26
J. Juranović,1. FC Union Berlin,€2.00m,€2.83M,30
A. Kemlein,1. FC Union Berlin,€12.00m,€1.18M,21
R. Khedira,1. FC Union Berlin,€2.00m,€2.36M,32
C. Klaus,1. FC Union Berlin,,€380K,
A. Král,1. FC Union Berlin,€2.50m,€2.83M,28
D. Köhn,1. FC Union Berlin,€3.50m,€2.12M,28
M. Ljubičić,1. FC Union Berlin,€3.00m,,28
S. Nsoki,1. FC Union Berlin,€1.00m,€1.51M,19
L. Querfeld,1. FC Union Berlin,€20.00m,€1.18M,22
M. Raab,1. FC Union Berlin,€300k,€590K,37
T. Rothe,1. FC Union Berlin,€25.00m,€1.41M,24
F. Rønnow,1. FC Union Berlin,€2.00m,,33
A. Schäfer,1. FC Union Berlin,€4.50m,€2.12M,27
T. Skarke,1. FC Union Berlin,€1.50m,€1.77M,29
R. Skov,1. FC Union Berlin,€60.00m,€2.60M,19
C. Trimmel,1. FC Union Berlin,€600k,€2.36M,39
N. Amiri,1. FSV Mainz 05,€17.00m,€3.54M,29
D. Batz,1. FSV Mainz 05,€500k,€470K,26
S. Bell,1. FSV Mainz 05,€130.00m,€150K,22
B. Bobzien,1. FSV Mainz 05,€2.00m,,23
W. Bøving,1. FSV Mainz 05,€3.50m,,23
A. Caci,1. FSV Mainz 05,€5.50m,€2.36M,29
A. Hanche-Olsen,1. FSV Mainz 05,€3.50m,€3.06M,29
B. Hollerbach,1. FSV Mainz 05,€8.00m,€2.83M,25
S. Katompa Mvumpa,1. FSV Mainz 05,€2.00m,€1.41M,27
S. Kawasaki,1. FSV Mainz 05,€2.00m,,24
D. Kohr,1. FSV Mainz 05,€2.00m,€2.83M,32
Lee Jae-Sung,1. FSV Mainz 05,€2.00m,,33
M. Leitsch,1. FSV Mainz 05,€800k,€1.41M,28
L. Maloney,1. FSV Mainz 05,€2.50m,€1.65M,26
F. Moreno Fell,1. FSV Mainz 05,€14.00m,€590K,30
P. Mwene,1. FSV Mainz 05,€1.50m,€2.36M,32
P. Nebel,1. FSV Mainz 05,€18.00m,€1.77M,23
A. Nordin,1. FSV Mainz 05,€4.00m,€1.02M,27
S. Posch,1. FSV Mainz 05,€6.00m,€940K,29
K. Potulski,1. FSV Mainz 05,€18.00m,€351K,18
L. Rieß,1. FSV Mainz 05,€8.00m,€470K,35
K. Sano,1. FSV Mainz 05,€50.00m,€1.06M,22
A. Sieb,1. FSV Mainz 05,€1.50m,€940K,30
P. Tietz,1. FSV Mainz 05,€4.00m,€1.65M,28
N. Veratschnig,1. FSV Mainz 05,€2.50m,€590K,23
N. Weiper,1. FSV Mainz 05,€7.00m,€1.41M,21
S. Widmer,1. FSV Mainz 05,€800k,€2.60M,33
R. Zentner,1. FSV Mainz 05,€2.50m,€3.06M,31
D. da Costa,1. FSV Mainz 05,€300k,€1.89M,35
R. Andrich,Bayer 04 Leverkusen,€6.00m,€4.71M,31
Arthur,Bayer 04 Leverkusen,€4.00m,,29
L. Badé,Bayer 04 Leverkusen,€20.00m,€5.90M,26
J. Belocian,Bayer 04 Leverkusen,€12.00m,€940K,21
E. Ben Seghir,Bayer 04 Leverkusen,€20.00m,€4.01M,21
J. Blaswich,Bayer 04 Leverkusen,€700k,€1.54M,35
M. Culbreath,Bayer 04 Leverkusen,€15.00m,€420K,18
M. Flekken,Bayer 04 Leverkusen,€6.00m,€5.90M,33
Aleix García,Bayer 04 Leverkusen,€20.00m,€6.60M,28
Alejandro Grimaldo,Bayer 04 Leverkusen,€20.00m,€9.06M,30
J. Hofmann,Bayer 04 Leverkusen,€1.50m,,33
C. Kofane,Bayer 04 Leverkusen,€40.00m,€830K,19
I. Maza,Bayer 04 Leverkusen,€45.00m,€1.65M,20
T. Oermann,Bayer 04 Leverkusen,€4.00m,€590K,22
E. Palacios,Bayer 04 Leverkusen,€25.00m,€9.44M,27
E. Poku,Bayer 04 Leverkusen,€25.00m,€1.18M,22
J. Quansah,Bayer 04 Leverkusen,€45.00m,€4.71M,23
A. Sarco,Bayer 04 Leverkusen,€2.00m,€470K,20
P. Schick,Bayer 04 Leverkusen,€18.00m,€9.44M,30
A. Tape,Bayer 04 Leverkusen,€8.00m,€470K,18
E. Tapsoba,Bayer 04 Leverkusen,€35.00m,€7.08M,27
N. Tella,Bayer 04 Leverkusen,€15.00m,€4.25M,26
M. Terrier,Bayer 04 Leverkusen,€8.00m,€5.90M,29
M. Tillman,Bayer 04 Leverkusen,€30.00m,€5.90M,24
Lucas Vázquez,Bayer 04 Leverkusen,€1.50m,€8.25M,34
H. Bolin,Borussia VfL Mönchengladbach,€6.00m,€710K,33
J. Castrop,Borussia VfL Mönchengladbach,€10.00m,€1.41M,22
F. Chiarodia,Borussia VfL Mönchengladbach,€3.00m,€830K,21
K. Diks,Borussia VfL Mönchengladbach,€5.00m,€3.54M,29
N. Elvedi,Borussia VfL Mönchengladbach,€8.00m,€4.48M,29
Y. Engelhardt,Borussia VfL Mönchengladbach,€7.00m,€1.41M,25
O. Fraulo,Borussia VfL Mönchengladbach,€2.50m,€1.39M,22
M. Friedrich,Borussia VfL Mönchengladbach,€1.80m,,30
R. Hack,Borussia VfL Mönchengladbach,€80.00m,€4.71M,27
C. Herrmann,Borussia VfL Mönchengladbach,€800k,,20
F. Honorat,Borussia VfL Mönchengladbach,€7.00m,€5.90M,29
T. Kleindienst,Borussia VfL Mönchengladbach,€8.00m,€4.71M,30
S. Machino,Borussia VfL Mönchengladbach,€4.00m,€2.83M,26
W. Mohya,Borussia VfL Mönchengladbach,€17.00m,€2.12M,17
F. Neuhaus,Borussia VfL Mönchengladbach,€2.50m,€4.95M,29
M. Nicolas,Borussia VfL Mönchengladbach,€15.00m,€3.54M,34
G. Ranos,Borussia VfL Mönchengladbach,€600k,,22
R. Reitz,Borussia VfL Mönchengladbach,€20.00m,€2.12M,24
G. Reyna,Borussia VfL Mönchengladbach,€50.00m,€1.41M,24
P. Sander,Borussia VfL Mönchengladbach,€32.00m,€1.89M,20
J. Scally,Borussia VfL Mönchengladbach,€7.00m,€1.89M,23
K. Stöger,Borussia VfL Mönchengladbach,€1.80m,€3.54M,32
H. Tabaković,Borussia VfL Mönchengladbach,€3.50m,€2.36M,31
K. Takai,Borussia VfL Mönchengladbach,€5.00m,€1.54M,21
L. Ullrich,Borussia VfL Mönchengladbach,€6.00m,€1.89M,22
J. Urbich,Borussia VfL Mönchengladbach,€300k,€287K,21
K. Adeyemi,BV Borussia 09 Dortmund,€40.00m,€6.25M,24
M. Albert,BV Borussia 09 Dortmund,€4.00m,,33
A. Anselmino,BV Borussia 09 Dortmund,€10.00m,€1.36M,21
W. Anton,BV Borussia 09 Dortmund,€6.00m,€6.60M,33
M. Beier,BV Borussia 09 Dortmund,€40.00m,€5.19M,23
R. Bensebaini,BV Borussia 09 Dortmund,€7.00m,€5.64M,31
J. Brandt,BV Borussia 09 Dortmund,€15.00m,€8.75M,30
C. Campbell,BV Borussia 09 Dortmund,€7.00m,,26
E. Can,BV Borussia 09 Dortmund,€8.00m,€9.44M,32
C. Chukwuemeka,BV Borussia 09 Dortmund,€20.00m,,22
Fábio Silva,BV Borussia 09 Dortmund,€22.00m,€5.19M,23
S. Guirassy,BV Borussia 09 Dortmund,€32.00m,€11.79M,30
S. Inácio,BV Borussia 09 Dortmund,€40.00m,,24
A. Kabar,BV Borussia 09 Dortmund,€3.00m,€940K,20
G. Kobel,BV Borussia 09 Dortmund,€40.00m,€11.32M,28
F. Mané,BV Borussia 09 Dortmund,€100.00m,€470K,29
F. Nmecha,BV Borussia 09 Dortmund,€50.00m,€10.02M,25
L. Reggiani,BV Borussia 09 Dortmund,€10.00m,,18
J. Ryerson,BV Borussia 09 Dortmund,€25.00m,€6.25M,28
M. Sabitzer,BV Borussia 09 Dortmund,€6.00m,€9.39M,32
N. Schlotterbeck,BV Borussia 09 Dortmund,€55.00m,€5.90M,26
D. Svensson,BV Borussia 09 Dortmund,€22.00m,€3.77M,24
N. Süle,BV Borussia 09 Dortmund,€4.00m,€12.50M,30
Yan Couto,BV Borussia 09 Dortmund,€17.00m,€5.90M,24
S. Özcan,BV Borussia 09 Dortmund,€3.50m,€4.71M,28
A. Amaimouni-Echghouyab,Eintracht Frankfurt,€10.00m,€470K,21
A. Amenda,Eintracht Frankfurt,€10.00m,€1.06M,22
L. Arrhov,Eintracht Frankfurt,€5.00m,€470K,18
Aurélio Buta,Eintracht Frankfurt,€2.00m,,29
J. Bahoya,Eintracht Frankfurt,€25.00m,€1.41M,21
M. Batshuayi,Eintracht Frankfurt,€2.00m,€4.25M,32
E. Baum,Eintracht Frankfurt,€4.00m,€830K,20
N. Brown,Eintracht Frankfurt,€40.00m,€2.83M,22
J. Burkardt,Eintracht Frankfurt,€30.00m,€6.14M,25
T. Chandler,Eintracht Frankfurt,€350k,€1.18M,36
F. Chaïbi,Eintracht Frankfurt,€15.00m,€2.36M,23
R. Doan,Eintracht Frankfurt,€17.00m,€7.08M,27
Y. Ebnoutalib,Eintracht Frankfurt,€8.00m,€940K,22
M. Götze,Eintracht Frankfurt,€3.00m,€5.00M,34
O. Højlund,Eintracht Frankfurt,€15.00m,,21
Kauã Santos,Eintracht Frankfurt,€7.00m,€710K,23
A. Knauff,Eintracht Frankfurt,€15.00m,€1.18M,24
R. Koch,Eintracht Frankfurt,€10.00m,€6.98M,29
R. Kristensen,Eintracht Frankfurt,€10.00m,€5.90M,28
H. Larsson,Eintracht Frankfurt,€28.00m,€3.54M,21
Mahmoud Dahoud,Eintracht Frankfurt,€2.00m,€4.01M,30
J. Ngankam,Eintracht Frankfurt,€700k,,25
E. Skhiri,Eintracht Frankfurt,€5.00m,€4.25M,31
A. Theate,Eintracht Frankfurt,€17.00m,€5.19M,26
C. Uzun,Eintracht Frankfurt,€45.00m,€1.65M,20
E. Wahi,Eintracht Frankfurt,€18.00m,€2.27M,23
M. Zetterer,Eintracht Frankfurt,€4.00m,€4.71M,30
Arthur Chaves,FC Augsburg,€5.00m,€710K,25
N. Banks,FC Augsburg,€20.00m,€830K,19
A. Claude-Maurice,FC Augsburg,€15.00m,€2.12M,28
F. Dahmen,FC Augsburg,€12.00m,€2.83M,28
A. Dardari,FC Augsburg,€800k,,21
S. Essende,FC Augsburg,€2.50m,,28
R. Fellhauer,FC Augsburg,€3.50m,€1.65M,28
I. Gharbi,FC Augsburg,€5.00m,€590K,22
D. Giannoulis,FC Augsburg,€3.00m,€1.65M,30
J. Gouweleeuw,FC Augsburg,€1.00m,€2.83M,34
M. Gregoritsch,FC Augsburg,€1.50m,€710K,32
K. Jakić,FC Augsburg,€6.00m,€2.83M,29
A. Kade,FC Augsburg,€10.00m,€940K,22
Y. Keitel,FC Augsburg,€2.00m,€710K,26
M. Kömür,FC Augsburg,€12.00m,€830K,20
A. Maier,FC Augsburg,€1.50m,,27
H. Massengo,FC Augsburg,€8.00m,€1.89M,24
C. Matsima,FC Augsburg,€22.00m,€2.83M,24
U. Ogundu,FC Augsburg,€4.00m,€590K,20
M. Pedersen,FC Augsburg,€800k,€1.41M,29
E. Rexhbeçaj,FC Augsburg,€3.50m,€1.89M,28
F. Rieder,FC Augsburg,€12.00m,€1.89M,24
Rodrigo Ribeiro,FC Augsburg,€4.00m,€590K,21
E. Saad,FC Augsburg,€2.00m,,26
K. Schlotterbeck,FC Augsburg,€6.00m,€2.60M,29
T. Schnitzer,FC Augsburg,€500k,,18
M. Wolf,FC Augsburg,€5.00m,€2.83M,27
C. Zesiger,FC Augsburg,€5.00m,€2.60M,27
T. Bischof,FC Bayern München,€40.00m,€3.54M,20
S. Boey,FC Bayern München,€10.00m,€2.52M,25
David Santos,FC Bayern München,€3.00m,,19
A. Davies,FC Bayern München,€40.00m,€1.88M,25
L. Díaz,FC Bayern München,€1.50m,,39
S. Gnabry,FC Bayern München,€18.00m,€15.00M,30
L. Goretzka,FC Bayern München,€12.00m,€17.00M,31
H. Ito,FC Bayern München,€140.00m,€4.71M,26
N. Jackson,FC Bayern München,€40.00m,€9.44M,24
H. Kane,FC Bayern München,€60.00m,€31.25M,32
L. Karl,FC Bayern München,€60.00m,€2.50M,18
C. Kiala,FC Bayern München,€2.00m,,17
Kim Min-Jae,FC Bayern München,€20.00m,,29
J. Kimmich,FC Bayern München,€35.00m,€25.00M,31
K. Laimer,FC Bayern München,€32.00m,€11.25M,29
Maycon Cardozo,FC Bayern München,€3.00m,,17
W. Mike,FC Bayern München,€25.00m,€351K,29
J. Musiala,FC Bayern München,€100.00m,€32.07M,23
B. Ndiaye,FC Bayern München,€55.00m,,26
M. Neuer,FC Bayern München,€4.00m,€26.25M,40
D. Ofli,FC Bayern München,€2.00m,,19
M. Olise,FC Bayern München,€150.00m,€16.89M,24
E. Osmani,FC Bayern München,€2.00m,,17
A. Pavlović,FC Bayern München,€90.00m,€7.08M,22
Raphaël Guerreiro,FC Bayern München,€5.00m,€10.00M,32
J. Stanišić,FC Bayern München,€40.00m,€8.25M,26
J. Tah,FC Bayern München,€200k,€15.00M,19
S. Ulreich,FC Bayern München,€500k,€2.36M,37
D. Upamecano,FC Bayern München,€70.00m,€12.50M,27
J. Urbig,FC Bayern München,€18.00m,€1.65M,22
O. Afolayan,FC St. Pauli,€1.30m,€1.13M,28
T. Ando,FC St. Pauli,€7.00m,€830K,37
A. Ceesay,FC St. Pauli,€1.00m,€326K,22
A. Dźwigała,FC St. Pauli,€800k,,30
J. Fujita,FC St. Pauli,€10.00m,€940K,24
T. Hara,FC St. Pauli,€2.40m,€710K,33
A. Hountondji,FC St. Pauli,€3.00m,€830K,23
J. Irvine,FC St. Pauli,€1.00m,€2.60M,33
R. Jones,FC St. Pauli,€35.00m,€470K,25
M. Kaars,FC St. Pauli,€3.00m,€2.00M,27
Mathias Pereira Lage,FC St. Pauli,€2.50m,€2.00M,29
C. Metcalfe,FC St. Pauli,€1.50m,€1.65M,26
K. Mets,FC St. Pauli,€600k,€830K,33
L. Oppie,FC St. Pauli,€2.50m,€830K,24
A. Pyrka,FC St. Pauli,€3.50m,€830K,23
M. Rasmussen,FC St. Pauli,€2.00m,€3.00M,28
L. Ritzka,FC St. Pauli,€1.00m,€590K,28
M. Saliakas,FC St. Pauli,€2.00m,€2.12M,29
J. Sands,FC St. Pauli,€5.00m,€1.30M,25
D. Sinani,FC St. Pauli,€3.00m,€1.41M,29
E. Smith,FC St. Pauli,€5.00m,€2.36M,29
F. Stevens,FC St. Pauli,€75k,€470K,35
N. Vasilj,FC St. Pauli,€4.50m,€2.12M,30
H. Wahl,FC St. Pauli,€1.50m,€2.12M,32
Fabio Baldé,Hamburger SV,€5.00m,€590K,20
N. Capaldo,Hamburger SV,€8.00m,€2.83M,27
Daniel Elfadli,Hamburger SV,€3.00m,€2.12M,29
Daniel Heuer Fernandes,Hamburger SV,€1.20m,€1.41M,33
J. Dompé,Hamburger SV,€2.50m,€2.36M,30
D. Downs,Hamburger SV,€4.00m,€940K,21
Fábio Vieira,Hamburger SV,€18.00m,€3.54M,26
R. Glatzel,Hamburger SV,€1.50m,€2.83M,32
G. Gocholeishvili,Hamburger SV,€2.00m,€990K,25
A. Grønbæk,Hamburger SV,€5.00m,€1.41M,25
Guilherme Ramos,Hamburger SV,€750k,,28
B. Jatta,Hamburger SV,€1.00m,€1.41M,28
R. Königsdörffer,Hamburger SV,€5.00m,€1.18M,24
L. Lemke,Hamburger SV,€300k,,16
J. Meffert,Hamburger SV,€700k,,31
W. Mikelbrencis,Hamburger SV,€3.00m,€590K,22
M. Muheim,Hamburger SV,€5.00m,€2.36M,28
S. Nandja,Hamburger SV,€500k,,19
W. Omari,Hamburger SV,€4.00m,€830K,26
P. Otele,Hamburger SV,€4.00m,€710K,27
I. Pherai,Hamburger SV,€1.50m,,25
R. Philippe,Hamburger SV,€2.50m,€1.89M,34
Y. Poulsen,Hamburger SV,€1.00m,€3.30M,31
N. Remberg,Hamburger SV,€9.00m,€1.65M,25
A. Røssing-Lelesiit,Hamburger SV,€5.00m,€590K,19
E. Sahiti,Hamburger SV,€1.70m,,27
A. Sambi Lokonga,Hamburger SV,€12.00m,€1.89M,26
A. Soumahoro,Hamburger SV,€1.20m,,21
O. Stange,Hamburger SV,€4.00m,€710K,19
S. Tangvik,Hamburger SV,€3.00m,€590K,23
J. Torunarigha,Hamburger SV,€4.00m,€2.60M,28
L. Vušković,Hamburger SV,€60.00m,€710K,19
J. Bakayoko,RasenBallsport Leipzig,€20.00m,€4.01M,23
R. Baku,RasenBallsport Leipzig,€18.00m,€4.71M,28
E. Banzuzi,RasenBallsport Leipzig,€16.00m,€1.89M,21
C. Baumgartner,RasenBallsport Leipzig,€40.00m,€5.42M,26
E. Bitshiabu,RasenBallsport Leipzig,€18.00m,€3.54M,21
Y. Diomande,RasenBallsport Leipzig,€90.00m,€940K,19
M. Finkgräfe,RasenBallsport Leipzig,€5.00m,€940K,22
T. Gomis,RasenBallsport Leipzig,€300k,€710K,32
P. Gulácsi,RasenBallsport Leipzig,€1.00m,€7.08M,36
C. Harder,RasenBallsport Leipzig,€17.00m,€2.83M,21
B. Henrichs,RasenBallsport Leipzig,€7.00m,€9.44M,29
K. Kampl,RasenBallsport Leipzig,,,
L. Klostermann,RasenBallsport Leipzig,€3.50m,€7.08M,30
S. Konaté,RasenBallsport Leipzig,€45.00m,€237K,27
C. Lukeba,RasenBallsport Leipzig,€50.00m,€6.60M,23
A. Maksimović,RasenBallsport Leipzig,€4.00m,€1.41M,31
K. Nedeljković,RasenBallsport Leipzig,€6.00m,€1.65M,20
A. Nusa,RasenBallsport Leipzig,€32.00m,€2.83M,21
L. Openda,RasenBallsport Leipzig,€25.00m,€9.26M,26
W. Orbán,RasenBallsport Leipzig,€5.00m,€7.08M,33
A. Ouédraogo,RasenBallsport Leipzig,€28.00m,€1.65M,20
D. Raum,RasenBallsport Leipzig,€25.00m,€9.44M,28
Rômulo,RasenBallsport Leipzig,€30.00m,,24
X. Schlager,RasenBallsport Leipzig,€10.00m,€5.00M,28
N. Seiwald,RasenBallsport Leipzig,€25.00m,€4.25M,25
M. Vandevoordt,RasenBallsport Leipzig,€15.00m,€2.36M,24
T. Werner,RasenBallsport Leipzig,€3.50m,€3.67M,30
J. Adamu,SC Freiburg,€3.00m,,25
N. Atubolu,SC Freiburg,€25.00m,€1.41M,24
N. Beste,SC Freiburg,€10.00m,,27
M. Eggestein,SC Freiburg,€10.00m,€5.90M,29
M. Ginter,SC Freiburg,€5.00m,€7.08M,32
V. Grifo,SC Freiburg,€4.00m,€5.66M,33
C. Günter,SC Freiburg,€2.00m,,33
N. Höfler,SC Freiburg,€500k,€1.18M,36
L. Höler,SC Freiburg,€3.00m,€830K,31
C. Irié,SC Freiburg,€8.00m,€1.41M,20
A. Jung,SC Freiburg,€300k,,35
L. Kübler,SC Freiburg,€1.50m,€2.36M,33
P. Lienhart,SC Freiburg,€10.00m,€6.60M,29
J. Makengo,SC Freiburg,€6.00m,€2.05M,24
J. Manzambi,SC Freiburg,€50.00m,€1.18M,20
I. Matanović,SC Freiburg,€22.00m,€1.65M,23
B. Ogbus,SC Freiburg,€15.00m,€420K,20
P. Osterhage,SC Freiburg,€12.00m,€2.12M,26
M. Philipp,SC Freiburg,€500k,€2.83M,32
M. Rosenfelder,SC Freiburg,€6.00m,€1.89M,23
D. Scherhant,SC Freiburg,€7.50m,€1.18M,23
Y. Suzuki,SC Freiburg,€24.00m,€4.01M,24
R. Tarnutzer,SC Freiburg,€175k,,18
P. Treu,SC Freiburg,€15.00m,€3.06M,25
F. Agu,SV Werder Bremen,€8.00m,€2.12M,33
S. Alvero,SV Werder Bremen,€2.00m,,24
M. Backhaus,SV Werder Bremen,€15.00m,€520K,22
L. Bittencourt,SV Werder Bremen,€900k,€3.30M,32
V. Boniface,SV Werder Bremen,€5.00m,€3.54M,25
K. Coulibaly,SV Werder Bremen,€28.00m,,19
P. Čović,SV Werder Bremen,€4.00m,€590K,18
O. Deman,SV Werder Bremen,€3.50m,€1.18M,26
M. Friedl,SV Werder Bremen,€10.00m,€3.77M,28
M. Grüll,SV Werder Bremen,€4.00m,€1.89M,27
I. Hansen-Aarøen,SV Werder Bremen,€600k,€490K,21
K. Hein,SV Werder Bremen,,€780K,
S. Lynen,SV Werder Bremen,€8.00m,€3.30M,27
J. Malatini,SV Werder Bremen,€2.00m,€830K,25
S. Mbangula,SV Werder Bremen,€8.00m,€2.60M,22
J. Milošević,SV Werder Bremen,€7.00m,€590K,20
S. Musah,SV Werder Bremen,€2.00m,€237K,20
J. Njinmah,SV Werder Bremen,€5.00m,€1.89M,25
A. Pieper,SV Werder Bremen,€4.00m,€1.54M,28
Cameron Puertas,SV Werder Bremen,€7.00m,€4.71M,27
M. Schmetgens,SV Werder Bremen,€700k,€212K,18
R. Schmid,SV Werder Bremen,€15.00m,€1.65M,26
I. Schmidt,SV Werder Bremen,€2.20m,€750K,26
J. Stage,SV Werder Bremen,€14.00m,€4.01M,29
N. Stark,SV Werder Bremen,€2.50m,€3.30M,31
Y. Sugawara,SV Werder Bremen,€5.50m,€2.95M,25
K. Topp,SV Werder Bremen,€3.00m,€710K,22
M. Wöber,SV Werder Bremen,€3.00m,€2.60M,28
K. Akpoguma,TSG 1899 Hoffenheim,€1.50m,€1.89M,31
F. Asllani,TSG 1899 Hoffenheim,€35.00m,€2.36M,23
L. Avdullahu,TSG 1899 Hoffenheim,€30.00m,€2.36M,22
O. Baumann,TSG 1899 Hoffenheim,€2.50m,€4.48M,36
I. Bebou,TSG 1899 Hoffenheim,€600k,€2.83M,32
Bernardo,TSG 1899 Hoffenheim,€4.00m,€4.71M,31
W. Burger,TSG 1899 Hoffenheim,€20.00m,€1.30M,25
V. Coufal,TSG 1899 Hoffenheim,€2.50m,€4.71M,33
M. Damar,TSG 1899 Hoffenheim,€5.00m,€1.18M,22
L. Đurić,TSG 1899 Hoffenheim,,,
Y. Eduardo,TSG 1899 Hoffenheim,€50.00m,€351K,23
V. Gendrey,TSG 1899 Hoffenheim,€6.00m,€3.06M,25
A. Hajdari,TSG 1899 Hoffenheim,€25.00m,€1.89M,23
A. Hložek,TSG 1899 Hoffenheim,€10.00m,€3.54M,23
R. Hranáč,TSG 1899 Hoffenheim,€10.00m,€1.65M,26
O. Kabak,TSG 1899 Hoffenheim,€15.00m,€3.54M,26
A. Kramarić,TSG 1899 Hoffenheim,€2.50m,€4.95M,34
T. Lemperle,TSG 1899 Hoffenheim,€17.00m,€1.18M,24
K. Machida,TSG 1899 Hoffenheim,€6.00m,€4.71M,28
M. Moerstedt,TSG 1899 Hoffenheim,€7.00m,€590K,20
A. Prass,TSG 1899 Hoffenheim,€9.00m,€2.60M,25
G. Prömel,TSG 1899 Hoffenheim,€3.50m,€1.65M,31
U. Tohumcu,TSG 1899 Hoffenheim,€3.50m,,21
B. Touré,TSG 1899 Hoffenheim,€40.00m,€1.54M,20
A. Al Dakhil,VfB Stuttgart 1893,€3.00m,€1.89M,24
J. Arévalo,VfB Stuttgart 1893,€400k,€940K,33
L. Assignon,VfB Stuttgart 1893,€9.00m,€2.83M,25
B. Bouanani,VfB Stuttgart 1893,€10.00m,€1.89M,21
J. Chabot,VfB Stuttgart 1893,€15.00m,€3.54M,28
Chema Andrés,VfB Stuttgart 1893,€20.00m,€940K,21
E. Demirović,VfB Stuttgart 1893,€22.00m,,28
B. El Khannouss,VfB Stuttgart 1893,€35.00m,€3.54M,22
C. Führich,VfB Stuttgart 1893,€12.00m,€4.25M,28
R. Hendriks,VfB Stuttgart 1893,€25.00m,€940K,24
L. Jaquez,VfB Stuttgart 1893,€10.00m,€1.06M,23
F. Jeltsch,VfB Stuttgart 1893,€35.00m,€1.18M,19
L. Jovanović,VfB Stuttgart 1893,€600k,€710K,30
A. Karazor,VfB Stuttgart 1893,€8.00m,€3.54M,29
J. Leweling,VfB Stuttgart 1893,€40.00m,€4.01M,25
M. Mittelstädt,VfB Stuttgart 1893,€18.00m,€6.14M,29
N. Nartey,VfB Stuttgart 1893,€15.00m,€1.18M,20
A. Nübel,VfB Stuttgart 1893,€12.00m,€5.19M,29
P. Stenzel,VfB Stuttgart 1893,€1.20m,€1.18M,30
A. Stiller,VfB Stuttgart 1893,€45.00m,€5.66M,25
Tiago Tomás,VfB Stuttgart 1893,€18.00m,€2.36M,25
D. Undav,VfB Stuttgart 1893,€22.00m,€5.66M,29
J. Vagnoman,VfB Stuttgart 1893,€10.00m,€3.54M,25
D. Zagadou,VfB Stuttgart 1893,€2.00m,€2.83M,27
J. Adjetey,VfL Wolfsburg,€6.00m,€1.18M,22
M. Amoura,VfL Wolfsburg,€20.00m,€5.90M,26
M. Arnold,VfL Wolfsburg,€3.00m,€5.90M,32
J. Bürger,VfL Wolfsburg,€3.00m,,19
V. Černý,VfL Wolfsburg,€7.00m,€3.91M,28
A. Daghim,VfL Wolfsburg,€7.50m,€1.06M,20
B. Dárdai,VfL Wolfsburg,€5.00m,€830K,20
C. Eriksen,VfL Wolfsburg,€2.50m,€4.36M,34
K. Fischer,VfL Wolfsburg,€4.00m,€1.41M,25
Y. Gerhardt,VfL Wolfsburg,€1.80m,€4.48M,32
K. Grabara,VfL Wolfsburg,€12.00m,€4.01M,27
P. Hensel,VfL Wolfsburg,€3.00m,,19
M. Jenz,VfL Wolfsburg,€5.00m,€2.12M,27
K. Koulierakis,VfL Wolfsburg,€25.00m,€1.77M,22
S. Kumbedi,VfL Wolfsburg,€12.00m,€1.18M,21
J. Lindstrøm,VfL Wolfsburg,€4.00m,,26
L. Majer,VfL Wolfsburg,€8.00m,€7.08M,28
J. Mæhle,VfL Wolfsburg,,,
K. Paredes,VfL Wolfsburg,€2.00m,€1.41M,23
D. Pejčinović,VfL Wolfsburg,€15.00m,€830K,21
K. Shiogai,VfL Wolfsburg,€8.00m,€940K,21
A. Skov Olsen,VfL Wolfsburg,€6.00m,,26
M. Svanberg,VfL Wolfsburg,€8.00m,€3.54M,27
D. Vavro,VfL Wolfsburg,€5.00m,€4.25M,30
Vinicius Souza,VfL Wolfsburg,€7.00m,€5.90M,26
P. Wimmer,VfL Wolfsburg,€12.00m,€2.36M,25
J. Wind,VfL Wolfsburg,€4.00m,€2.60M,27
A. Zehnter,VfL Wolfsburg,€5.00m,€1.06M,21
H. Abdelli,Angers Sporting Club de l'Ouest,€5.00m,€1.14M,26
J. Allevinah,Angers Sporting Club de l'Ouest,€1.00m,€700K,31
C. Arcus,Angers Sporting Club de l'Ouest,€40.00m,€2.27M,28
A. Bamba,Angers Sporting Club de l'Ouest,€3.50m,€1.02M,30
H. Belkebla,Angers Sporting Club de l'Ouest,€1.80m,€2.73M,32
Y. Belkhdim,Angers Sporting Club de l'Ouest,€7.00m,€800K,24
E. Biumla,Angers Sporting Club de l'Ouest,€2.50m,€1.02M,21
O. Camara,Angers Sporting Club de l'Ouest,€40.00m,€90K,22
P. Capelle,Angers Sporting Club de l'Ouest,€150k,€910K,39
S. Cherif,Angers Sporting Club de l'Ouest,€18.00m,€630K,19
M. Courcoul,Angers Sporting Club de l'Ouest,€2.50m,€275K,19
B. Diatta,Angers Sporting Club de l'Ouest,€6.00m,,27
H. Djibirin,Angers Sporting Club de l'Ouest,€1.50m,€338K,19
J. Ekomié,Angers Sporting Club de l'Ouest,€9.00m,€560K,22
F. Hanin,Angers Sporting Club de l'Ouest,€3.00m,€1.14M,19
H. Koffi,Angers Sporting Club de l'Ouest,€6.00m,€1.59M,29
J. Lefort,Angers Sporting Club de l'Ouest,€1.00m,€2.73M,32
E. Lepaul,Angers Sporting Club de l'Ouest,€35.00m,€3.41M,26
M. Louër,Angers Sporting Club de l'Ouest,€2.00m,€186K,19
L. Machine,Angers Sporting Club de l'Ouest,€1.50m,€275K,20
L. Mouton,Angers Sporting Club de l'Ouest,€4.00m,€910K,24
P. Peter,Angers Sporting Club de l'Ouest,€12.00m,€275K,29
O. Pona,Angers Sporting Club de l'Ouest,€200k,€201K,19
L. Raolisoa,Angers Sporting Club de l'Ouest,€4.00m,€800K,25
A. Sbaï,Angers Sporting Club de l'Ouest,€4.00m,€910K,25
D. Sinaté,Angers Sporting Club de l'Ouest,€150k,€225K,20
M. Zinga,Angers Sporting Club de l'Ouest,€200k,€338K,31
B. van den Boomen,Angers Sporting Club de l'Ouest,€2.50m,€1.36M,30
N. Ahamada,Association Jeunesse Auxerroise,€3.00m,€1.36M,24
C. Akpa,Association Jeunesse Auxerroise,€9.00m,€1.14M,24
T. Bair,Association Jeunesse Auxerroise,€1.60m,,22
J. Casimir,Association Jeunesse Auxerroise,€6.00m,€1.36M,34
M. Cissokho,Association Jeunesse Auxerroise,€50k,,38
L. Coulibaly,Association Jeunesse Auxerroise,€28.00m,€960K,19
K. Danois,Association Jeunesse Auxerroise,€20.00m,€1.25M,21
T. De Percin,Association Jeunesse Auxerroise,€400k,€450K,25
T. Devernois,Association Jeunesse Auxerroise,€300k,€162K,18
S. Diomandé,Association Jeunesse Auxerroise,€90.00m,€1.36M,19
A. Dioussé,Association Jeunesse Auxerroise,€500k,€800K,28
O. El Azzouzi,Association Jeunesse Auxerroise,€1.80m,€1.02M,25
R. Faivre,Association Jeunesse Auxerroise,€4.00m,€2.27M,27
D. Léon,Association Jeunesse Auxerroise,€12.00m,€1.88M,31
S. Mara,Association Jeunesse Auxerroise,€70.00m,€1.94M,28
R. Matondo,Association Jeunesse Auxerroise,€20.00m,,18
G. Mensah,Association Jeunesse Auxerroise,€3.00m,€2.05M,35
D. Namaso,Association Jeunesse Auxerroise,€6.00m,,25
B. Okoh,Association Jeunesse Auxerroise,€5.00m,€560K,25
F. Oppegård,Association Jeunesse Auxerroise,€1.50m,€410K,23
G. Osho,Association Jeunesse Auxerroise,€6.00m,,21
I. Osman,Association Jeunesse Auxerroise,€7.00m,€751K,21
E. Owusu,Association Jeunesse Auxerroise,€4.00m,€1.81M,28
R. Rodin,Association Jeunesse Auxerroise,€800k,€201K,34
M. Senaya,Association Jeunesse Auxerroise,€3.00m,€1.02M,25
F. Sierralta,Association Jeunesse Auxerroise,€1.20m,€1.81M,29
L. Sinayoko,Association Jeunesse Auxerroise,€10.00m,€1.48M,26
T. Siwe,Association Jeunesse Auxerroise,€2.50m,€275K,24
L. Sy,Association Jeunesse Auxerroise,€2.50m,€450K,23
Y. Zaddy,Association Jeunesse Auxerroise,,,
M. Akliouche,AS Monaco FC,€50.00m,€4.02M,24
F. Balogun,AS Monaco FC,€40.00m,,24
M. Biereth,AS Monaco FC,€15.00m,€3.59M,23
P. Brunner,AS Monaco FC,€1.50m,€650K,20
P. Cabral,AS Monaco FC,€6.00m,,32
Caio Henrique,AS Monaco FC,€12.00m,€3.74M,28
L. Camara,AS Monaco FC,€40.00m,€1.72M,22
M. Coulibaly,AS Monaco FC,€28.00m,,19
K. Diatta,AS Monaco FC,€6.00m,€3.74M,27
E. Dier,AS Monaco FC,€4.00m,€4.89M,32
W. Faes,AS Monaco FC,€10.00m,€1.86M,28
Ansu Fati,AS Monaco FC,€15.00m,€3.30M,23
A. Golovin,AS Monaco FC,€18.00m,€5.46M,30
L. Hrádecký,AS Monaco FC,€1.50m,€1.86M,36
G. Ilenikhena,AS Monaco FC,€10.00m,€7.65M,19
T. Kehrer,AS Monaco FC,€12.00m,€4.60M,29
P. Köhn,AS Monaco FC,€3.50m,€2.15M,28
C. Mawissa,AS Monaco FC,€15.00m,€1.58M,21
L. Michal,AS Monaco FC,€4.00m,€338K,26
T. Minamino,AS Monaco FC,€10.00m,€5.46M,31
S. Nibombé,AS Monaco FC,€1.00m,,18
K. Ouattara,AS Monaco FC,€35.00m,€1.15M,24
P. Pogba,AS Monaco FC,€2.50m,€3.01M,33
M. Salisu,AS Monaco FC,€10.00m,€4.02M,27
J. Teze,AS Monaco FC,€15.00m,€2.73M,26
I. Touré,AS Monaco FC,€40.00m,,20
Vanderson,AS Monaco FC,€18.00m,€4.02M,24
D. Zakaria,AS Monaco FC,€25.00m,€5.75M,29
L. Abergel,FC Lorient,€1.80m,€2.73M,33
N. Adjei,FC Lorient,€1.50m,€1.14M,23
A. Avom,FC Lorient,€20.00m,€690K,21
M. Bamba,FC Lorient,€15.00m,€1.14M,26
M. Bley,FC Lorient,€1.20m,,24
N. Cadiou,FC Lorient,€3.00m,€1.14M,27
Daniel Semedo,FC Lorient,€100k,,22
B. Dieng,FC Lorient,€15.00m,€1.14M,26
A. Faye,FC Lorient,€4.50m,€910K,21
Igor Silva,FC Lorient,€1.20m,€1.14M,29
D. Karim,FC Lorient,€5.00m,€690K,38
P. Katseris,FC Lorient,€2.00m,€1.02M,24
A. Kouassi,FC Lorient,€15.00m,€800K,22
T. Le Bris,FC Lorient,€5.00m,€800K,23
B. Meïté,FC Lorient,€7.00m,€1.59M,24
Y. Mvogo,FC Lorient,€2.50m,€2.27M,32
J. Mvuka,FC Lorient,€1.50m,,23
P. Pagis,FC Lorient,€15.00m,€910K,23
S. Soumano,FC Lorient,€3.50m,€1.02M,25
M. Talbi,FC Lorient,€8.00m,€1.36M,28
A. Tosin,FC Lorient,€1.80m,€1.36M,27
D. Yongwa,FC Lorient,€5.00m,€800K,25
G. Abuashvili,FC Metz,€1.00m,€450K,23
J. Asoro,FC Metz,€900k,,27
F. Ballo-Touré,FC Metz,€900k,€1.36M,29
M. Bokele Mputu,FC Metz,€5.00m,,26
M. Colin,FC Metz,€500k,€1.36M,27
J. Deminguet,FC Metz,€2.00m,€2.27M,28
H. Diallo,FC Metz,€4.00m,€2.73M,30
J. Fischer,FC Metz,€2.00m,,24
J. Gbamin,FC Metz,€2.00m,€2.05M,30
I. Guerti,FC Metz,€250k,€201K,21
G. Hein,FC Metz,,€2.73M,
I. Sané,FC Metz,€20.00m,,30
K. Kouao,FC Metz,€2.50m,€1.14M,28
G. Kvilitaia,FC Metz,€900k,€910K,32
B. Madjo,FC Metz,€12.00m,,17
N. Mbala,FC Metz,€4.50m,,18
M. Mbaye,FC Metz,€30.00m,,18
M. Mboula,FC Metz,€900k,€450K,23
B. Munongo,FC Metz,€10.00m,,16
C. Mélières,FC Metz,€200k,€186K,21
J. Nduquidi,FC Metz,€350k,,21
J. Pandore,FC Metz,€200k,,18
C. Sabaly,FC Metz,€1.20m,€1.36M,33
S. Sané,FC Metz,€20.00m,€338K,30
B. Sarr,FC Metz,€350k,,34
B. Stambouli,FC Metz,€250k,€2.27M,35
P. Sy,FC Metz,€600k,€450K,29
A. Touré,FC Metz,€900k,,29
G. Tsitaishvili,FC Metz,€3.00m,€910K,25
T. Yegbe,FC Metz,€3.00m,€1.25M,25
M. Abline,FC Nantes,€20.00m,€1.48M,23
M. Acapandié,FC Nantes,€700k,,21
Ali Youssif,FC Nantes,€2.50m,,24
K. Amian,FC Nantes,€12.00m,€1.59M,33
Anthony Lopes,FC Nantes,€900k,€4.55M,35
C. Awaziem,FC Nantes,€2.50m,€1.81M,29
Y. Benhattab,FC Nantes,€2.00m,,23
R. Cabella,FC Nantes,€1.20m,€1.14M,36
A. Camara,FC Nantes,€40.00m,,22
P. Carlgren,FC Nantes,€400k,€800K,34
F. Centonze,FC Nantes,€1.00m,€2.05M,30
F. Coquelin,FC Nantes,€700k,€4.09M,35
N. Cozza,FC Nantes,€2.50m,€2.73M,27
B. Deuff,FC Nantes,€1.20m,€201K,20
S. Doucouré,FC Nantes,€150k,€186K,21
Y. El-Arabi,FC Nantes,€100k,,39
I. Ganago,FC Nantes,€2.00m,€1.36M,27
F. Guilbert,FC Nantes,€800k,€800K,31
H. Guirassy,FC Nantes,€7.00m,€690K,19
Hong Hyun-Seok,FC Nantes,€2.50m,,26
M. Kaba,FC Nantes,€2.50m,€560K,24
Kwon Hyeok-Kyu,FC Nantes,€1.00m,,25
M. Lahdo,FC Nantes,€10.00m,,18
J. Lepenant,FC Nantes,€7.00m,€1.02M,23
L. Leroux,FC Nantes,€10.00m,€1.14M,20
D. Machado,FC Nantes,€1.80m,€2.50M,32
Mostafa Mohamed,FC Nantes,€3.50m,€3.41M,28
J. Mwanga,FC Nantes,€6.00m,€1.14M,23
U. Radaković,FC Nantes,€400k,€1.02M,32
I. Sissoko,FC Nantes,€2.00m,€2.73M,28
A. Sylla,FC Nantes,€2.50m,€800K,23
D. Tabibou,FC Nantes,€5.00m,€338K,21
T. Tati,FC Nantes,€25.00m,€450K,18
P. Argney,Le Havre AC,€200k,€186K,20
S. Boufal,Le Havre AC,€1.80m,€910K,32
T. Delaine,Le Havre AC,€350k,,34
M. Diaw,Le Havre AC,€900k,€1.14M,32
F. Doucouré,Le Havre AC,€2.00m,€560K,25
S. Ebonog,Le Havre AC,€4.50m,€800K,21
L. Gourna-Douath,Le Havre AC,€6.00m,€800K,22
Y. Kechta,Le Havre AC,€4.00m,€1.02M,24
R. Khadra,Le Havre AC,€1.20m,€1.14M,24
E. Koffi Vinette,Le Havre AC,€1.80m,,20
G. Kyeremeh,Le Havre AC,€500k,€690K,25
G. Lloris,Le Havre AC,€3.00m,€1.81M,30
F. Mambimbi,Le Havre AC,€500k,€560K,25
D. Mosengo,Le Havre AC,€300k,€201K,19
L. Mpasi,Le Havre AC,€400k,,31
Y. Namli,Le Havre AC,€1.00m,€610K,31
R. Ndiaye,Le Havre AC,€8.00m,€1.14M,24
L. Nego,Le Havre AC,€500k,€1.14M,35
N. Obougou,Le Havre AC,€1.00m,,20
T. Pembélé,Le Havre AC,€1.80m,€1.14M,23
D. Pizarro,Le Havre AC,€800k,,32
K. Quetant,Le Havre AC,€3.00m,,19
M. Samatta,Le Havre AC,€700k,€1.14M,33
A. Sangante,Le Havre AC,€8.00m,€1.14M,24
A. Seko,Le Havre AC,€5.00m,€910K,26
I. Soumaré,Le Havre AC,€8.00m,€690K,25
É. Youté,Le Havre AC,€2.50m,,24
S. Zagadou,Le Havre AC,€4.00m,€162K,17
Y. Zouaoui,Le Havre AC,€2.50m,€690K,28
Alexsandro Ribeiro,Lille OSC,€15.00m,,26
B. André,Lille OSC,€7.00m,€5.69M,32
André Gomes,Lille OSC,€3.00m,€5.69M,32
N. Bentaleb,Lille OSC,€4.50m,€2.27M,31
A. Bodart,Lille OSC,€1.50m,€1.59M,28
A. Bouaddi,Lille OSC,€50.00m,€1.36M,18
M. Broholm,Lille OSC,€5.00m,€1.14M,21
V. Burlet,Lille OSC,€800k,,20
S. Diaoune,Lille OSC,€30.00m,,20
N. Edjouma,Lille OSC,€5.00m,€910K,20
M. Fernandez-Pardo,Lille OSC,€35.00m,€1.48M,21
Félix Correia,Lille OSC,€10.00m,€1.59M,25
O. Giroud,Lille OSC,€900k,€3.41M,39
M. Goffi,Lille OSC,€1.00m,,18
H. Haraldsson,Lille OSC,€25.00m,€1.70M,23
H. Igamane,Lille OSC,€18.00m,€1.59M,23
A. Mandi,Lille OSC,€1.00m,€2.50M,34
E. Mbappé,Lille OSC,€180.00m,€910K,27
C. Mbemba,Lille OSC,€2.00m,€3.41M,31
T. Meunier,Lille OSC,€1.50m,€5.69M,34
N. Mukau,Lille OSC,€15.00m,€1.25M,21
N. Ngoy,Lille OSC,€40.00m,€1.14M,28
R. Perraud,Lille OSC,€7.00m,€2.95M,28
G. Perrin,Lille OSC,€5.00m,€2.95M,30
O. Sahraoui,Lille OSC,€9.00m,€1.70M,25
Tiago Santos,Lille OSC,€10.00m,€2.27M,23
O. Touré,Lille OSC,€40.00m,€338K,20
C. Verdonk,Lille OSC,€2.50m,€1.81M,29
B. Özer,Lille OSC,€10.00m,€2.05M,26
A. Abdi,OGC Nice Côte d'Azur,€2.00m,€2.73M,32
S. Abdul Samed,OGC Nice Côte d'Azur,€4.00m,€1.48M,26
J. Bah,OGC Nice Côte d'Azur,€10.00m,€910K,20
M. Bard,OGC Nice Côte d'Azur,€2.50m,€4.09M,30
G. Bernardeau,OGC Nice Côte d'Azur,€1.20m,€338K,20
J. Boga,OGC Nice Côte d'Azur,€18.00m,€2.89M,22
M. Bombito,OGC Nice Côte d'Azur,€7.00m,€2.05M,26
K. Boudache,OGC Nice Côte d'Azur,€5.00m,,19
H. Boudaoui,OGC Nice Côte d'Azur,€12.00m,€2.27M,26
B. Brahimi,OGC Nice Côte d'Azur,€1.50m,,36
M. Cho,OGC Nice Côte d'Azur,€80.00m,€1.36M,24
J. Clauss,OGC Nice Côte d'Azur,€4.00m,€5.69M,33
D. Coulibaly,OGC Nice Côte d'Azur,€28.00m,€225K,19
Dante,OGC Nice Côte d'Azur,€500k,€5.69M,42
Z. Diallo,OGC Nice Côte d'Azur,€45.00m,,23
S. Diop,OGC Nice Côte d'Azur,€30.00m,€186K,25
Y. Diouf,OGC Nice Côte d'Azur,€28.00m,€3.64M,21
M. Dupé,OGC Nice Côte d'Azur,€700k,€1.14M,33
I. Jansson,OGC Nice Côte d'Azur,€700k,€1.70M,35
Kevin Carlos,OGC Nice Côte d'Azur,€4.00m,€1.81M,25
H. Koutoune,OGC Nice Côte d'Azur,€150k,,19
T. Louchet,OGC Nice Côte d'Azur,€7.00m,€1.02M,23
B. Mantsounga,OGC Nice Côte d'Azur,€2.50m,,18
A. Mendy,OGC Nice Côte d'Azur,€400k,,31
T. Moffi,OGC Nice Côte d'Azur,€8.00m,€3.60M,27
Y. Ndayishimiye,OGC Nice Côte d'Azur,€7.00m,€3.41M,27
T. Ndombélé,OGC Nice Côte d'Azur,€2.50m,€6.81M,29
B. Nguene,OGC Nice Côte d'Azur,€250k,,28
K. Peprah Oppong,OGC Nice Côte d'Azur,€10.00m,€800K,22
E. Pereira da Silva,OGC Nice Côte d'Azur,€22.00m,,31
P. Rosario,OGC Nice Côte d'Azur,€20.00m,€1.44M,23
M. Sanson,OGC Nice Côte d'Azur,€3.50m,€6.36M,31
Tiago Gouveia,OGC Nice Côte d'Azur,€3.50m,€1.36M,24
C. Vanhoutte,OGC Nice Côte d'Azur,€7.00m,€3.86M,27
P. Aubameyang,Olympique de Marseille,€2.50m,€5.69M,36
D. Bakola,Olympique de Marseille,€8.00m,€930K,18
L. Balerdi,Olympique de Marseille,€18.00m,€5.45M,27
D. Cornelius,Olympique de Marseille,€250k,,33
C. Egan-Riley,Olympique de Marseille,€9.00m,€2.27M,23
U. El Kadmiri,Olympique de Marseille,€100k,,18
Emerson,Olympique de Marseille,€9.00m,,31
U. Garcia,Olympique de Marseille,€45.00m,€1.27M,25
A. Gouiri,Olympique de Marseille,€28.00m,€5.69M,26
M. Greenwood,Olympique de Marseille,€55.00m,€6.81M,24
P. Højbjerg,Olympique de Marseille,€15.00m,,30
Igor Paixão,Olympique de Marseille,€35.00m,€6.36M,25
N. Kamissoko,Olympique de Marseille,€200k,,21
G. Kondogbia,Olympique de Marseille,€3.00m,€6.81M,33
A. Lago,Olympique de Marseille,€1.50m,,24
Pol Lirola,Olympique de Marseille,€1.50m,€930K,28
F. Medina,Olympique de Marseille,€18.00m,,27
T. Mmadi,Olympique de Marseille,€800k,,19
A. Murillo,Olympique de Marseille,€50.00m,,23
B. Nadir,Olympique de Marseille,€7.00m,€1.02M,26
T. Nnadi,Olympique de Marseille,€3.00m,€690K,25
B. Pavard,Olympique de Marseille,€12.00m,€9.09M,30
A. Rabiot,Olympique de Marseille,€18.00m,€11.57M,31
J. Rowe,Olympique de Marseille,€20.00m,,25
G. Rulli,Olympique de Marseille,€6.00m,€3.41M,34
H. Slimani,Olympique de Marseille,€50k,,20
Q. Timber,Olympique de Marseille,€70.00m,€5.69M,24
R. Vaz,Olympique de Marseille,€1.50m,,34
A. Vermeeren,Olympique de Marseille,€20.00m,€3.41M,21
T. Weah,Olympique de Marseille,€20.00m,€5.69M,26
J. de Lange,Olympique de Marseille,€2.50m,€1.14M,28
Abner Vinícius,Olympique Lyonnais,€10.00m,,26
Afonso Moreira,Olympique Lyonnais,€20.00m,€800K,21
Clinton Mata,Olympique Lyonnais,€2.50m,€2.73M,33
R. Descamps,Olympique Lyonnais,€1.50m,€2.05M,29
M. Fofana,Olympique Lyonnais,€28.00m,€3.41M,25
R. Ghezzal,Olympique Lyonnais,€600k,€1.36M,34
D. Greif,Olympique Lyonnais,€9.00m,€2.27M,29
A. Hamdani,Olympique Lyonnais,€1.00m,,17
H. Hateboer,Olympique Lyonnais,€1.80m,€1.81M,32
R. Himbert,Olympique Lyonnais,€10.00m,,18
N. Kamara,Olympique Lyonnais,€40.00m,€450K,26
S. Kango,Olympique Lyonnais,€250k,,31
A. Karabec,Olympique Lyonnais,€7.00m,€1.14M,22
R. Kluivert,Olympique Lyonnais,€25.00m,€1.36M,27
A. Maitland-Niles,Olympique Lyonnais,€10.00m,€4.55M,28
O. Mangala,Olympique Lyonnais,€150k,€6.14M,35
Mathys de Carvalho,Olympique Lyonnais,€3.00m,€560K,21
K. Merah,Olympique Lyonnais,€15.00m,€1.14M,19
E. Molébé,Olympique Lyonnais,€800k,,18
T. Morton,Olympique Lyonnais,€30.00m,€1.59M,23
M. Niakhaté,Olympique Lyonnais,€15.00m,€6.81M,30
E. Nuamah,Olympique Lyonnais,€10.00m,€4.77M,22
P. Šulc,Olympique Lyonnais,€20.00m,€3.41M,25
N. Tagliafico,Olympique Lyonnais,€4.00m,€4.09M,33
T. Tessmann,Olympique Lyonnais,€10.00m,€3.64M,24
C. Tolisso,Olympique Lyonnais,€10.00m,€7.95M,31
R. Yaremchuk,Olympique Lyonnais,€3.50m,€1.42M,30
M. Dao,Paris FC,€12.00m,,26
M. Cafaro,Paris FC,€1.50m,€1.59M,29
S. Chergui,Paris FC,€3.00m,€910K,27
T. De Smet,Paris FC,€1.80m,€1.14M,28
N. Dicko,Paris FC,€250k,€1.36M,34
L. Doucet,Paris FC,€500k,,23
W. Geubbels,Paris FC,€5.00m,€1.81M,24
A. Gory,Paris FC,€500k,€1.14M,30
P. Hamel,Paris FC,€300k,€1.59M,32
J. Ikoné,Paris FC,€4.00m,€2.05M,28
C. Immobile,Paris FC,€1.80m,€4.55M,36
J. Lopez,Paris FC,€100.00m,,23
I. Kebbal,Paris FC,€12.00m,€2.27M,27
T. Kolodziejczak,Paris FC,€150k,€1.14M,34
J. Krasso,Paris FC,€3.50m,€1.81M,28
P. Lees-Melou,Paris FC,€4.50m,,33
V. Marchetti,Paris FC,€1.50m,€1.14M,28
M. Lopez,Paris FC,€100.00m,,23
M. Mbow,Paris FC,€9.00m,€690K,26
O. Nkambadio,Paris FC,€5.00m,€1.02M,23
T. Ollila,Paris FC,€400k,€690K,26
Otávio,Paris FC,€10.00m,€2.73M,24
N. Sangui,Paris FC,€10.00m,€1.02M,20
M. Simon,Paris FC,€7.00m,€3.41M,30
K. Trapp,Paris FC,€1.80m,€3.41M,35
B. Barcola,Paris Saint-Germain FC,€70.00m,€10.00M,23
Lucas Beraldo,Paris Saint-Germain FC,€22.00m,€5.82M,22
L. Chevalier,Paris Saint-Germain FC,€25.00m,€9.09M,24
O. Dembélé,Paris Saint-Germain FC,€100.00m,€27.27M,29
D. Doué,Paris Saint-Germain FC,€120.00m,€9.64M,21
Gonçalo Ramos,Paris Saint-Germain FC,€30.00m,€8.54M,24
A. Hakimi,Paris Saint-Germain FC,€80.00m,€20.00M,27
L. Hernández,Paris Saint-Germain FC,€50.00m,,29
M. Jangéal,Paris Saint-Germain FC,€1.00m,,17
João Neves,Paris Saint-Germain FC,€140.00m,€10.91M,21
K. Kvaratskhelia,Paris Saint-Germain FC,€140.00m,€21.81M,25
Lee Kang-In,Paris Saint-Germain FC,€28.00m,,25
D. Lucea,Paris Saint-Germain FC,€2.50m,,19
R. Marin,Paris Saint-Germain FC,€175k,€3.13M,39
Marquinhos,Paris Saint-Germain FC,€28.00m,€19.63M,32
S. Mayulu,Paris Saint-Germain FC,€40.00m,€2.73M,20
I. Mbaye,Paris Saint-Germain FC,€30.00m,,18
P. Mounguengue,Paris Saint-Germain FC,€2.00m,,18
Q. Ndjantou,Paris Saint-Germain FC,€8.00m,€1.81M,18
N. Nsoki,Paris Saint-Germain FC,€1.00m,,19
Nuno Mendes,Paris Saint-Germain FC,€80.00m,€15.46M,23
W. Pacho,Paris Saint-Germain FC,€80.00m,€11.36M,24
Fabián Ruiz,Paris Saint-Germain FC,€30.00m,€9.09M,30
M. Safonov,Paris Saint-Germain FC,€30.00m,€5.09M,27
Vitinha,Paris Saint-Germain FC,€140.00m,€4.16M,26
I. Zabarnyi,Paris Saint-Germain FC,€40.00m,€8.18M,23
W. Zaïre-Emery,Paris Saint-Germain FC,€80.00m,€14.54M,20
R. Aguilar,Racing Club de Lens,€2.50m,€2.95M,33
K. Antonio,Racing Club de Lens,€6.00m,€186K,33
S. Baidoo,Racing Club de Lens,€25.00m,€2.27M,22
A. Bermont,Racing Club de Lens,€1.00m,€560K,21
A. Bulatović,Racing Club de Lens,€8.00m,€450K,19
N. Čelik,Racing Club de Lens,€14.00m,€690K,29
A. Diouf,Racing Club de Lens,€28.00m,€4.63M,21
R. Fofana,Racing Club de Lens,€28.00m,€560K,25
I. Ganiou,Racing Club de Lens,€20.00m,€560K,21
E. Garnier,Racing Club de Lens,€200k,,20
J. Gradit,Racing Club de Lens,€2.50m,€3.41M,33
M. Guilavogui,Racing Club de Lens,€4.50m,€1.91M,28
A. Haidara,Racing Club de Lens,€5.00m,€4.18M,28
Mezian Soares,Racing Club de Lens,€500k,,16
R. Risser,Racing Club de Lens,€30.00m,€910K,21
A. Saint-Maximin,Racing Club de Lens,€10.00m,€2.27M,29
M. Sangaré,Racing Club de Lens,€40.00m,€2.50M,23
Saud Abdulhamid,Racing Club de Lens,€9.00m,€2.27M,26
W. Saïd,Racing Club de Lens,€45.00m,€2.50M,19
A. Sima,Racing Club de Lens,€20.00m,€2.73M,26
F. Sotoca,Racing Club de Lens,€1.20m,€1.14M,35
F. Sylla,Racing Club de Lens,€2.50m,€560K,23
F. Thauvin,Racing Club de Lens,€5.00m,€4.09M,33
A. Thomasson,Racing Club de Lens,€4.00m,€3.64M,32
M. Udol,Racing Club de Lens,€8.00m,€2.50M,30
S. Amo-Ameyaw,RC Strasbourg Alsace,€8.00m,€910K,19
M. Amougou,RC Strasbourg Alsace,€9.00m,€1.36M,20
V. Barco,RC Strasbourg Alsace,€40.00m,€1.36M,21
J. Bosey,RC Strasbourg Alsace,,,
B. Chilwell,RC Strasbourg Alsace,€10.00m,€4.55M,29
A. Cissé,RC Strasbourg Alsace,€10.00m,,22
S. Coulibaly,RC Strasbourg Alsace,€28.00m,,19
D. Fofana,RC Strasbourg Alsace,€4.00m,,23
Y. Diémé,RC Strasbourg Alsace,€600k,,32
I. Doukouré,RC Strasbourg Alsace,€20.00m,€2.27M,22
G. Doué,RC Strasbourg Alsace,€20.00m,€1.59M,23
S. El Mourabet,RC Strasbourg Alsace,€22.00m,€1.14M,20
E. Emegha,RC Strasbourg Alsace,€25.00m,€1.81M,23
J. Enciso,RC Strasbourg Alsace,€25.00m,€2.73M,22
M. Godo,RC Strasbourg Alsace,€22.00m,€1.14M,23
L. Høgsberg,RC Strasbourg Alsace,€18.00m,,19
K. Johnsson,RC Strasbourg Alsace,€200k,€1.02M,36
F. Lemaréchal,RC Strasbourg Alsace,€6.00m,,22
D. Moreira,RC Strasbourg Alsace,€25.00m,€1.59M,21
S. Nanasi,RC Strasbourg Alsace,€15.00m,€1.59M,24
T. Noubissie,RC Strasbourg Alsace,€1.00m,,17
R. Nzingoula,RC Strasbourg Alsace,€20.00m,,18
A. Omobamidele,RC Strasbourg Alsace,€8.00m,€1.59M,23
A. Ouattara,RC Strasbourg Alsace,€15.00m,,20
M. Oyedele,RC Strasbourg Alsace,€5.00m,€910K,21
J. Panichelli,RC Strasbourg Alsace,€35.00m,€2.05M,23
M. Penders,RC Strasbourg Alsace,€25.00m,€1.25M,20
K. Páez,RC Strasbourg Alsace,€30.00m,,21
Rafael Luís,RC Strasbourg Alsace,€5.00m,€910K,21
I. Sabaly,RC Strasbourg Alsace,€1.20m,,33
G. Yassine,RC Strasbourg Alsace,€12.00m,€800K,20
L. Ajorque,Stade Brestois 29,€3.00m,€3.19M,32
J. Bourgault,Stade Brestois 29,€1.00m,,20
A. Camblan,Stade Brestois 29,€600k,,22
B. Chardonnet,Stade Brestois 29,€4.00m,€3.41M,31
J. Chotard,Stade Brestois 29,€7.00m,€1.70M,24
G. Coudert,Stade Brestois 29,€4.00m,€450K,27
R. Del Castillo,Stade Brestois 29,€7.00m,,30
J. Diaz,Stade Brestois 29,€1.50m,,39
J. Dina Ebimbe,Stade Brestois 29,€6.00m,,25
K. Doumbia,Stade Brestois 29,€9.00m,€910K,23
D. Guindo,Stade Brestois 29,€4.50m,€690K,23
R. Labeau Lascary,Stade Brestois 29,€4.00m,€560K,23
K. Lala,Stade Brestois 29,€1.50m,€2.27M,34
J. Le Cardinal,Stade Brestois 29,€750k,,21
R. Le Guen,Stade Brestois 29,€3.00m,€201K,34
B. Locko,Stade Brestois 29,€6.00m,€800K,24
H. Magnetti,Stade Brestois 29,€6.00m,€2.27M,28
R. Majecki,Stade Brestois 29,€2.50m,€2.73M,26
H. Makalou,Stade Brestois 29,€1.00m,€225K,19
Mama Baldé,Stade Brestois 29,€3.00m,€2.95M,30
P. Mboup,Stade Brestois 29,€2.50m,€800K,22
L. Tousart,Stade Brestois 29,€2.00m,€2.50M,29
L. Zogbé,Stade Brestois 29,€1.20m,€800K,21
A. Aït Boudlal,Stade Rennais FC,€12.00m,€800K,20
L. Blas,Stade Rennais FC,€10.00m,€5.69M,28
L. Brassier,Stade Rennais FC,€12.00m,€3.41M,26
M. Camara,Stade Rennais FC,€12.00m,,27
D. Cissé,Stade Rennais FC,€10.00m,€1.25M,22
H. Do Marcolino,Stade Rennais FC,€3.00m,,20
B. Embolo,Stade Rennais FC,€15.00m,€6.36M,29
M. Faye,Stade Rennais FC,€4.50m,,21
S. Fofana,Stade Rennais FC,€28.00m,€410K,25
P. Frankowski,Stade Rennais FC,€6.00m,€3.86M,31
J. Jacquet,Stade Rennais FC,€55.00m,€1.14M,20
G. Kamara,Stade Rennais FC,€2.00m,€4.55M,30
E. Legendre,Stade Rennais FC,€1.50m,,18
Q. Merlin,Stade Rennais FC,€15.00m,€3.41M,24
M. Meïté,Stade Rennais FC,€18.00m,,18
Mousa Tamari,Stade Rennais FC,€10.00m,,29
A. Nagida,Stade Rennais FC,€7.00m,,20
V. Rongier,Stade Rennais FC,€8.00m,€5.00M,31
L. Rosier,Stade Rennais FC,€300k,,19
A. Rouault,Stade Rennais FC,€12.00m,€2.27M,25
I. Salah,Stade Rennais FC,€22.00m,,33
B. Samba,Stade Rennais FC,€7.00m,€6.36M,32
A. Seidu,Stade Rennais FC,€6.00m,€1.70M,26
M. Silistrie,Stade Rennais FC,€200k,€450K,20
S. Szymański,Stade Rennais FC,€12.00m,€5.69M,27
C. Wooh,Stade Rennais FC,€5.00m,,24
B. Yıldırım,Stade Rennais FC,€7.00m,,23
Y. Zabiri,Stade Rennais FC,€9.00m,€1.02M,21
I. Azizi,Toulouse FC,€250k,,18
C. Cresswell,Toulouse FC,€25.00m,€1.25M,23
C. Cásseres,Toulouse FC,€9.00m,,26
P. Diop,Toulouse FC,€30.00m,€690K,25
A. Dønnum,Toulouse FC,€5.00m,,28
Emersonn,Toulouse FC,€8.00m,€800K,21
A. Francis,Toulouse FC,€40.00m,€1.02M,29
Y. Gboho,Toulouse FC,€18.00m,€1.02M,25
K. Haug,Toulouse FC,€12.00m,€450K,26
S. Hidalgo,Toulouse FC,€6.00m,€800K,21
W. Kamanzi,Toulouse FC,€1.20m,€690K,25
S. Koumbassa,Toulouse FC,€5.00m,€450K,18
F. Magri,Toulouse FC,€3.00m,€1.59M,26
M. McKenzie,Toulouse FC,€7.00m,€2.27M,27
R. Messali,Toulouse FC,€1.50m,€560K,23
D. Methalie,Toulouse FC,€18.00m,€690K,20
R. Nicolaisen,Toulouse FC,€5.00m,€2.73M,29
G. Restes,Toulouse FC,€18.00m,€1.25M,21
J. Russell-Rowe,Toulouse FC,€3.00m,€690K,23
M. Saka,Toulouse FC,€110.00m,,24
M. Sauer,Toulouse FC,€7.00m,€690K,20
D. Sidibé,Toulouse FC,€1.00m,€2.73M,33
J. Vignolo,Toulouse FC,€1.50m,€450K,19
A. Vossah,Toulouse FC,€15.00m,€186K,18
L. Balbo,ACF Fiorentina,€3.00m,,20
R. Braschi,ACF Fiorentina,€2.00m,,19
M. Brescianini,ACF Fiorentina,€9.00m,€1.16M,26
P. Comuzzo,ACF Fiorentina,€18.00m,€2.41M,21
Dodô,ACF Fiorentina,€16.00m,,27
E. Džeko,ACF Fiorentina,€1.00m,,40
G. Fabbian,ACF Fiorentina,€10.00m,€1.85M,23
N. Fagioli,ACF Fiorentina,€16.00m,€4.16M,25
J. Fazzini,ACF Fiorentina,€8.50m,€2.78M,23
N. Fortini,ACF Fiorentina,€10.00m,€236K,20
R. Gosens,ACF Fiorentina,€4.00m,€4.63M,31
A. Guðmundsson,ACF Fiorentina,€12.00m,,28
M. Kean,ACF Fiorentina,€32.00m,€6.15M,26
E. Kouadio,ACF Fiorentina,€2.50m,€460K,20
C. Kouamé,ACF Fiorentina,€1.80m,€3.94M,28
T. Lamptey,ACF Fiorentina,€3.00m,€2.89M,25
R. Mandragora,ACF Fiorentina,€9.00m,€3.70M,28
Pablo Marí,ACF Fiorentina,€2.00m,€3.19M,32
C. Ndour,ACF Fiorentina,€20.00m,€1.39M,21
H. Nicolussi,ACF Fiorentina,€6.00m,,25
F. Parisi,ACF Fiorentina,€6.00m,€3.71M,25
R. Piccoli,ACF Fiorentina,€14.00m,€3.70M,25
M. Pongračić,ACF Fiorentina,€6.50m,€3.36M,28
L. Ranieri,ACF Fiorentina,€6.00m,€2.78M,27
A. Richardson,ACF Fiorentina,€4.00m,,24
D. Rugani,ACF Fiorentina,€2.00m,€2.09M,31
A. Sabiri,ACF Fiorentina,€850k,€1.85M,29
S. Sohm,ACF Fiorentina,€8.00m,€1.04M,25
M. Viti,ACF Fiorentina,€140.00m,,26
David de Gea,ACF Fiorentina,€3.50m,€6.95M,35
Z. Athekame,AC Milan,€15.00m,€2.31M,21
C. Balentien,AC Milan,€1.00m,,19
D. Bartesaghi,AC Milan,€22.00m,€1.39M,20
K. De Winter,AC Milan,€23.00m,€3.94M,24
P. Estupiñán,AC Milan,€12.00m,€5.79M,28
Y. Fofana,AC Milan,€23.00m,€1.33M,27
M. Gabbia,AC Milan,€17.00m,€4.07M,26
S. Giménez,AC Milan,€18.00m,€5.79M,25
A. Jashari,AC Milan,€25.00m,€5.79M,23
R. Loftus-Cheek,AC Milan,€8.50m,€6.41M,30
M. Maignan,AC Milan,€20.00m,€8.97M,30
L. Modrić,AC Milan,€3.50m,€8.33M,40
Y. Musah,AC Milan,€14.00m,€3.20M,23
C. Nkunku,AC Milan,€25.00m,€11.57M,28
D. Odogu,AC Milan,€5.00m,€1.16M,20
S. Pavlović,AC Milan,€40.00m,€3.94M,25
C. Pulišić,AC Milan,€40.00m,€6.41M,27
Rafael Leão,AC Milan,€50.00m,€8.97M,27
S. Ricci,AC Milan,€22.00m,€5.79M,24
A. Saelemaekers,AC Milan,€20.00m,€1.66M,26
P. Terracciano,AC Milan,€900k,€1.85M,36
F. Tomori,AC Milan,€17.00m,€5.61M,28
Angeliño,AS Roma,€4.50m,€4.63M,29
A. Arena,AS Roma,€1.00m,,34
T. Baldanzi,AS Roma,€8.50m,€1.25M,23
B. Cristante,AS Roma,€7.00m,€6.49M,31
A. Dovbyk,AS Roma,€15.00m,€7.41M,28
P. Dybala,AS Roma,€5.00m,€14.81M,32
N. El Aynaoui,AS Roma,€23.00m,€3.47M,24
S. El Shaarawy,AS Roma,€2.40m,€7.41M,33
E. Ferguson,AS Roma,€20.00m,€4.16M,21
D. Ghilardi,AS Roma,€18.00m,€2.31M,23
Hermoso,AS Roma,€7.00m,,30
M. Koné,AS Roma,€50.00m,,25
G. Mancini,AS Roma,€15.00m,€7.41M,30
E. Ndicka,AS Roma,€35.00m,€6.41M,26
L. Pellegrini,AS Roma,€8.00m,€7.41M,29
N. Pisilli,AS Roma,€30.00m,€4.16M,21
D. Rensch,AS Roma,€8.50m,€2.78M,23
A. Romano,AS Roma,€15.00m,,26
M. Soulé,AS Roma,€35.00m,€4.63M,23
M. Svilar,AS Roma,€35.00m,€5.13M,26
K. Tsimikas,AS Roma,€4.50m,€5.79M,30
L. Venturino,AS Roma,€5.00m,€236K,19
J. Ziółkowski,AS Roma,€12.00m,,21
Z. Çelik,AS Roma,€14.00m,€3.20M,29
H. Ahanor,Atalanta Bergamasca Calcio,€30.00m,€1.16M,18
R. Bellanova,Atalanta Bergamasca Calcio,€15.00m,€4.16M,26
L. Bernasconi,Atalanta Bergamasca Calcio,€20.00m,€810K,22
G. Bonfanti,Atalanta Bergamasca Calcio,€3.80m,,23
M. Carnesecchi,Atalanta Bergamasca Calcio,€30.00m,€1.85M,25
C. De Ketelaere,Atalanta Bergamasca Calcio,€30.00m,€4.01M,25
B. Djimsiti,Atalanta Bergamasca Calcio,€4.00m,€1.85M,33
I. Hien,Atalanta Bergamasca Calcio,€22.00m,€2.09M,27
S. Kolašinac,Atalanta Bergamasca Calcio,€4.00m,€3.20M,32
O. Kossounou,Atalanta Bergamasca Calcio,€15.00m,€2.31M,25
N. Krstović,Atalanta Bergamasca Calcio,€30.00m,€2.56M,26
D. Maldini,Atalanta Bergamasca Calcio,€9.00m,€1.39M,24
M. Pašalić,Atalanta Bergamasca Calcio,€6.00m,€1.42M,31
L. Samardžić,Atalanta Bergamasca Calcio,€16.00m,€2.40M,24
G. Scalvini,Atalanta Bergamasca Calcio,€38.00m,€3.47M,22
G. Scamacca,Atalanta Bergamasca Calcio,€25.00m,€7.41M,27
I. Sulemana,Atalanta Bergamasca Calcio,€17.00m,€580K,24
K. Sulemana,Atalanta Bergamasca Calcio,€17.00m,€3.70M,24
N. Zalewski,Atalanta Bergamasca Calcio,€20.00m,€3.70M,24
D. Zappacosta,Atalanta Bergamasca Calcio,€3.50m,€2.09M,34
M. de Roon,Atalanta Bergamasca Calcio,€3.20m,€2.31M,35
Éderson,Atalanta Bergamasca Calcio,€10.00m,,32
F. Bernardeschi,Bologna FC 1909,€3.50m,€4.16M,32
N. Cambiaghi,Bologna FC 1909,€14.00m,€1.39M,25
N. Casale,Bologna FC 1909,€3.80m,€2.31M,28
S. Castro,Bologna FC 1909,€32.00m,€2.41M,21
T. Dallinga,Bologna FC 1909,€9.00m,€3.70M,25
L. De Silvestri,Bologna FC 1909,€600k,€460K,38
B. Domínguez,Bologna FC 1909,€9.00m,€930K,22
L. Ferguson,Bologna FC 1909,€14.00m,,26
R. Freuler,Bologna FC 1909,€3.00m,€2.31M,34
T. Heggem,Bologna FC 1909,€13.00m,€1.27M,27
E. Helland,Bologna FC 1909,€8.00m,€930K,21
E. Holm,Bologna FC 1909,€10.00m,€640K,26
João Mário,Bologna FC 1909,€8.00m,,26
J. Lucumí,Bologna FC 1909,€22.00m,,27
C. Lykogiannis,Bologna FC 1909,€1.20m,€1.16M,32
Juan Miranda,Bologna FC 1909,€15.00m,€2.96M,26
N. Moro,Bologna FC 1909,€7.00m,,28
J. Odgaard,Bologna FC 1909,€12.00m,€2.22M,27
R. Orsolini,Bologna FC 1909,€15.00m,€4.63M,29
M. Pessina,Bologna FC 1909,€3.50m,€349K,18
T. Pobega,Bologna FC 1909,€8.00m,€2.31M,26
F. Ravaglia,Bologna FC 1909,€1.80m,€930K,26
Ł. Skorupski,Bologna FC 1909,€2.00m,,35
M. Vitík,Bologna FC 1909,€13.00m,€1.39M,23
N. Zortea,Bologna FC 1909,€7.00m,€1.85M,26
M. Adopo,Cagliari Calcio,€7.00m,€1.39M,25
A. Albarracín,Cagliari Calcio,€2.30m,,20
A. Belotti,Cagliari Calcio,€1.50m,€3.47M,32
G. Borrelli,Cagliari Calcio,€3.00m,€930K,26
E. Caprile,Cagliari Calcio,€15.00m,€1.76M,24
N. Cavuoti,Cagliari Calcio,€400k,,23
A. Deiola,Cagliari Calcio,€1.50m,€930K,30
A. Di Pardo,Cagliari Calcio,€175k,,39
A. Dossena,Cagliari Calcio,€6.00m,€1.12M,27
S. Esposito,Cagliari Calcio,€15.00m,,23
M. Felici,Cagliari Calcio,€2.50m,€580K,25
M. Folorunsho,Cagliari Calcio,€5.00m,€2.78M,28
G. Gaetano,Cagliari Calcio,€6.50m,€1.16M,26
R. Idrissi,Cagliari Calcio,€4.00m,€349K,21
J. Rodríguez,Cagliari Calcio,€1.50m,€588K,34
S. Kılıçsoy,Cagliari Calcio,€11.00m,,20
J. Liteta,Cagliari Calcio,€3.50m,€349K,20
S. Luperto,Cagliari Calcio,€4.00m,€2.31M,29
L. Mazzitelli,Cagliari Calcio,€1.20m,€3.24M,30
P. Mendy,Cagliari Calcio,€7.00m,,19
Y. Mina,Cagliari Calcio,€2.50m,€2.40M,31
A. Obert,Cagliari Calcio,€7.00m,€1.16M,37
M. Palestra,Cagliari Calcio,€35.00m,€349K,21
L. Pavoletti,Cagliari Calcio,€600k,€1.62M,37
M. Prati,Cagliari Calcio,€5.50m,€550K,22
O. Raterink,Cagliari Calcio,€1.00m,,20
Y. Trepy,Cagliari Calcio,€2.00m,,20
G. Zappa,Cagliari Calcio,€3.00m,€1.39M,26
Zé Pedro,Cagliari Calcio,€3.00m,,29
J. Addai,Calcio Como 1907,€20.00m,€1.04M,20
M. Baturina,Calcio Como 1907,€30.00m,€1.16M,23
J. Butez,Calcio Como 1907,€8.00m,€1.16M,31
M. Caqueret,Calcio Como 1907,€13.00m,€8.34M,26
P. Cutrone,Calcio Como 1907,€4.00m,,28
A. Diao,Calcio Como 1907,€800k,€1.16M,31
Diego Carlos,Calcio Como 1907,€5.00m,€4.63M,33
T. Douvikas,Calcio Como 1907,€25.00m,,26
E. Goldaniga,Calcio Como 1907,€2.00m,€1.16M,32
M. Kempf,Calcio Como 1907,€3.50m,€1.39M,31
N. Kühn,Calcio Como 1907,€10.00m,€2.55M,26
A. Le Borgne,Calcio Como 1907,€2.50m,,19
Álvaro Morata,Calcio Como 1907,€6.00m,€10.41M,33
Alberto Moreno,Calcio Como 1907,€1.00m,€1.62M,33
N. Paz,Calcio Como 1907,€80.00m,,21
M. Perrone,Calcio Como 1907,€35.00m,€2.31M,23
Jacobo Ramón,Calcio Como 1907,€30.00m,€370K,21
Sergi Roberto,Calcio Como 1907,€1.40m,€2.78M,34
Jesús Rodríguez,Calcio Como 1907,€30.00m,€1.39M,20
I. Smolčić,Calcio Como 1907,€2.00m,€700K,25
Álex Valle,Calcio Como 1907,€12.00m,€700K,22
I. Van der Brempt,Calcio Como 1907,€3.00m,€580K,24
M. Vojvoda,Calcio Como 1907,€2.50m,€1.74M,31
L. da Cunha,Calcio Como 1907,€75.00m,,27
F. Acerbi,FC Internazionale Milano,€2.00m,€3.47M,38
M. Akanji,FC Internazionale Milano,€17.00m,€7.75M,30
N. Barella,FC Internazionale Milano,€50.00m,€12.97M,29
A. Bastoni,FC Internazionale Milano,€65.00m,€12.04M,27
Y. Bisseck,FC Internazionale Milano,€50.00m,€2.30M,25
A. Bonny,FC Internazionale Milano,€35.00m,€4.63M,22
Carlos Augusto,FC Internazionale Milano,€23.00m,€3.53M,27
M. Darmian,FC Internazionale Milano,€1.40m,€4.01M,36
F. Dimarco,FC Internazionale Milano,€50.00m,€8.71M,28
D. Dumfries,FC Internazionale Milano,€25.00m,€5.77M,30
F. Esposito,FC Internazionale Milano,€45.00m,€2.31M,20
D. Frattesi,FC Internazionale Milano,€22.00m,€6.49M,26
Josep Martínez,FC Internazionale Milano,€10.00m,€3.47M,28
M. Lavelli,FC Internazionale Milano,€450k,,19
Luis Henrique,FC Internazionale Milano,€22.00m,,24
H. Mkhitaryan,FC Internazionale Milano,€3.00m,€6.09M,37
M. Mosconi,FC Internazionale Milano,€700k,,19
Y. Sommer,FC Internazionale Milano,€2.00m,€4.01M,37
P. Sučić,FC Internazionale Milano,€40.00m,€4.03M,22
M. Thuram,FC Internazionale Milano,€50.00m,€8.33M,28
P. Zieliński,FC Internazionale Milano,€10.00m,,32
S. de Vrij,FC Internazionale Milano,€3.00m,€8.80M,34
H. Çalhanoğlu,FC Internazionale Milano,€16.00m,€12.04M,32
Alex Amorim,Genoa CFC,€8.00m,,21
J. Bijlow,Genoa CFC,€4.00m,€3.47M,28
V. Carboni,Genoa CFC,€7.50m,,21
L. Colombo,Genoa CFC,€10.00m,,24
M. Cornet,Genoa CFC,€2.00m,,29
M. Doucouré,Genoa CFC,€10.00m,,26
J. Ekhator,Genoa CFC,€18.00m,€580K,19
C. Ekuban,Genoa CFC,€1.20m,€960K,32
M. Ellertsson,Genoa CFC,€6.00m,€1.39M,24
S. Fini,Genoa CFC,€2.80m,,22
M. Frendrup,Genoa CFC,€15.00m,€1.29M,25
Junior Messias,Genoa CFC,€1.10m,€1.30M,35
N. Leali,Genoa CFC,€1.00m,€580K,33
R. Malinovskyi,Genoa CFC,€2.50m,€1.60M,33
A. Marcandalli,Genoa CFC,€14.00m,€810K,23
Aarón Martín,Genoa CFC,€5.00m,,29
P. Masini,Genoa CFC,€4.20m,€410K,25
B. Norton-Cuffy,Genoa CFC,€15.00m,€1.16M,22
J. Nuredini,Genoa CFC,€1.00m,,18
J. Onana,Genoa CFC,€1.00m,€3.47M,26
S. Otoa,Genoa CFC,€2.50m,€349K,22
W. Ouedraogo,Genoa CFC,€28.00m,,20
S. Sabelli,Genoa CFC,€1.30m,€1.16M,33
D. Sommariva,Genoa CFC,€100k,€349K,28
N. Stanciu,Genoa CFC,€1.80m,,33
M. Thorsby,Genoa CFC,€2.80m,€1.39M,30
J. Vásquez,Genoa CFC,€12.00m,,27
Vítinha,Genoa CFC,€8.00m,€4.16M,26
N. Zätterström,Genoa CFC,€3.50m,€460K,21
L. Østigård,Genoa CFC,€13.00m,,26
J. Ajayi,Hellas Verona FC,€100k,€236K,20
J. Akpa Akpro,Hellas Verona FC,€500k,€930K,33
Al Musrati,Hellas Verona FC,€4.50m,€2.89M,30
R. Belghali,Hellas Verona FC,€7.00m,€700K,24
A. Bella-Kotchap,Hellas Verona FC,€7.00m,€1.62M,24
A. Bernede,Hellas Verona FC,€3.50m,€1.74M,27
K. Bowie,Hellas Verona FC,€7.00m,€580K,23
D. Bradarić,Hellas Verona FC,€1.50m,€2.31M,26
F. Cham,Hellas Verona FC,€1.00m,€162K,32
E. Ebosse,Hellas Verona FC,€2.80m,€320K,27
A. Edmundsson,Hellas Verona FC,€3.00m,€580K,25
M. Frese,Hellas Verona FC,€2.50m,€650K,28
R. Gagliardini,Hellas Verona FC,€1.30m,€2.31M,32
Giovane,Hellas Verona FC,€12.00m,€1.39M,22
A. Harroui,Hellas Verona FC,€1.60m,€960K,28
Isaac,Hellas Verona FC,€100.00m,,24
G. Kastanos,Hellas Verona FC,€1.30m,,28
S. Lovrić,Hellas Verona FC,€3.50m,€560K,28
L. Montipò,Hellas Verona FC,€1.20m,€1.16M,30
D. Mosquera,Hellas Verona FC,€40.00m,,21
V. Nelsson,Hellas Verona FC,€6.00m,€2.55M,27
C. Niasse,Hellas Verona FC,€2.00m,€1.16M,26
G. Orban,Hellas Verona FC,€5.00m,€2.55M,33
D. Oyegoke,Hellas Verona FC,€1.00m,€325K,23
S. Perilli,Hellas Verona FC,€400k,€580K,31
A. Sarr,Hellas Verona FC,€30.00m,€2.09M,23
S. Serdar,Hellas Verona FC,€6.00m,€2.56M,31
T. Slotsager,Hellas Verona FC,€3.00m,€460K,20
T. Suslov,Hellas Verona FC,€4.00m,€640K,24
N. Valentini,Hellas Verona FC,€3.00m,,25
I. Vermeșan,Hellas Verona FC,€600k,,19
Yellu Santiago,Hellas Verona FC,€700k,€480K,22
V. Adžić,Juventus FC,€8.00m,€930K,20
Bremer,Juventus FC,€35.00m,€11.11M,29
J. Cabal,Juventus FC,€7.00m,,25
A. Cambiaso,Juventus FC,€20.00m,€5.55M,26
J. David,Juventus FC,€30.00m,,26
M. Di Gregorio,Juventus FC,€10.00m,€4.63M,28
Francisco Conceição,Juventus FC,€30.00m,€8.80M,23
F. Gatti,Juventus FC,€14.00m,€6.48M,27
P. Kalulu,Juventus FC,€32.00m,€3.85M,26
L. Kelly,Juventus FC,€23.00m,,27
T. Koopmeiners,Juventus FC,€14.00m,€7.21M,28
F. Kostić,Juventus FC,€2.00m,€4.01M,33
M. Locatelli,Juventus FC,€25.00m,€7.64M,28
W. McKennie,Juventus FC,€30.00m,€3.59M,27
A. Milik,Juventus FC,€1.50m,€2.80M,32
F. Miretti,Juventus FC,€15.00m,€2.31M,22
Pedro Felipe,Juventus FC,€1.00m,,25
M. Perin,Juventus FC,€2.00m,€3.47M,33
K. Thuram,Juventus FC,€38.00m,€4.63M,25
D. Vlahović,Juventus FC,€35.00m,€27.78M,26
K. Yıldız,Juventus FC,€75.00m,€3.70M,21
E. Zhegrova,Juventus FC,€10.00m,€5.79M,27
P. Almqvist,Parma Calcio 1913,€1.80m,€1.39M,26
T. Begić,Parma Calcio 1913,€900k,,33
A. Benedyczak,Parma Calcio 1913,€5.00m,€940K,25
Adrián Bernabé,Parma Calcio 1913,€15.00m,€1.29M,25
S. Britschgi,Parma Calcio 1913,€10.00m,€162K,19
F. Carboni,Parma Calcio 1913,€900k,€236K,23
A. Circati,Parma Calcio 1913,€12.00m,€1.16M,22
E. Corvi,Parma Calcio 1913,€1.50m,€1.16M,25
B. Cremaschi,Parma Calcio 1913,€4.00m,€162K,21
E. Delprato,Parma Calcio 1913,€6.00m,,26
M. Đurić,Parma Calcio 1913,,,
N. Elphege,Parma Calcio 1913,€4.00m,€580K,25
N. Estévez,Parma Calcio 1913,€1.40m,€1.39M,30
Gabriel Strefezza,Parma Calcio 1913,€6.50m,€1.16M,29
Hernani,Parma Calcio 1913,€1.20m,,32
M. Keita,Parma Calcio 1913,€20.00m,€1.74M,24
M. Løvik,Parma Calcio 1913,€4.00m,€580K,22
D. Mikołajewski,Parma Calcio 1913,€500k,,20
A. Ndiaye,Parma Calcio 1913,€6.00m,€1.04M,24
J. Ondrejka,Parma Calcio 1913,€5.50m,€1.16M,23
C. Ordoñez,Parma Calcio 1913,€6.50m,,21
G. Oristanio,Parma Calcio 1913,€5.00m,€930K,23
M. Pellegrino,Parma Calcio 1913,€15.00m,,24
F. Rinaldi,Parma Calcio 1913,€75k,€236K,32
Z. Suzuki,Parma Calcio 1913,€20.00m,€1.16M,23
O. Sørensen,Parma Calcio 1913,€6.50m,,24
M. Troilo,Parma Calcio 1913,€10.00m,€1.04M,22
L. Valenti,Parma Calcio 1913,€45.00m,€960K,23
E. Valeri,Parma Calcio 1913,€8.00m,€1.85M,27
M. Aebischer,Pisa Sporting Club,€4.00m,€1.29M,29
E. Akinsanmiro,Pisa Sporting Club,€7.00m,€930K,21
Raúl Albiol,Pisa Sporting Club,€700k,€1.16M,40
S. Angori,Pisa Sporting Club,€4.50m,€349K,22
R. Bozhinov,Pisa Sporting Club,€4.00m,€930K,21
L. Buffon,Pisa Sporting Club,€1.00m,,18
A. Calabresi,Pisa Sporting Club,€800k,€550K,30
S. Canestrelli,Pisa Sporting Club,€4.50m,€440K,25
A. Caracciolo,Pisa Sporting Club,€800k,,35
F. Coppola,Pisa Sporting Club,€3.50m,,21
J. Cuadrado,Pisa Sporting Club,€800k,,38
D. Denoon,Pisa Sporting Club,€500k,€162K,22
R. Durosinmi,Pisa Sporting Club,€7.00m,€1.27M,23
M. Højholt,Pisa Sporting Club,€1.20m,,25
S. Iling-Junior,Pisa Sporting Club,€6.50m,,22
Lorran,Pisa Sporting Club,€4.50m,€760K,19
F. Loyola,Pisa Sporting Club,€7.00m,,25
M. Léris,Pisa Sporting Club,€1.80m,€1.50M,28
M'Bala Nzola,Pisa Sporting Club,€4.00m,€860K,29
M. Marin,Pisa Sporting Club,€175k,€236K,39
Mateus Lusuardi,Pisa Sporting Club,€700k,,22
H. Meister,Pisa Sporting Club,€3.80m,€1.04M,22
S. Moreo,Pisa Sporting Club,€1.20m,€2.09M,32
Nícolas,Pisa Sporting Club,€15.00m,,34
G. Piccinini,Pisa Sporting Club,€3.00m,€212K,25
S. Scuffet,Pisa Sporting Club,€900k,€930K,30
A. Šemper,Pisa Sporting Club,€1.80m,€1.39M,28
C. Stengs,Pisa Sporting Club,€4.50m,€2.89M,27
F. Stojilković,Pisa Sporting Club,€2.50m,€810K,26
Tomás Esteves,Pisa Sporting Club,€1.50m,,24
M. Tramoni,Pisa Sporting Club,€4.50m,€460K,26
İ. Vural,Pisa Sporting Club,€5.00m,€580K,20
Alisson Santos,SSC Napoli,€28.00m,€2.09M,23
G. Ambrosino,SSC Napoli,€2.20m,,22
F. Anguissa,SSC Napoli,€15.00m,,30
S. Beukema,SSC Napoli,€22.00m,€4.01M,27
A. Buongiorno,SSC Napoli,€30.00m,€5.79M,27
W. Cheddira,SSC Napoli,€2.00m,€349K,28
David Neres,SSC Napoli,€23.00m,€6.49M,29
K. De Bruyne,SSC Napoli,€8.00m,€13.89M,34
G. Di Lorenzo,SSC Napoli,€7.50m,€6.49M,32
E. Elmas,SSC Napoli,€13.00m,€6.95M,26
B. Gilmour,SSC Napoli,€20.00m,€4.16M,25
Miguel Gutiérrez,SSC Napoli,€22.00m,€5.32M,24
R. Højlund,SSC Napoli,€60.00m,,23
Juan Jesus,SSC Napoli,€1.50m,€2.22M,35
N. Lang,SSC Napoli,€32.00m,€2.52M,24
S. Lobotka,SSC Napoli,€10.00m,€4.23M,31
R. Lukaku,SSC Napoli,€6.00m,€10.25M,33
L. Marianucci,SSC Napoli,€7.00m,€1.16M,21
P. Mazzocchi,SSC Napoli,€1.50m,€2.31M,30
S. McTominay,SSC Napoli,€40.00m,€6.95M,29
A. Meret,SSC Napoli,€8.00m,€5.79M,29
V. Milinković-Savić,SSC Napoli,€20.00m,€3.94M,29
M. Olivera,SSC Napoli,€15.00m,€3.20M,28
M. Politano,SSC Napoli,€5.00m,€8.10M,32
Amir Rrahmani,SSC Napoli,€10.00m,€4.01M,32
L. Spinazzola,SSC Napoli,€3.50m,€4.16M,33
A. Vergara,SSC Napoli,€15.00m,€700K,23
A. Zanoli,SSC Napoli,€4.50m,€930K,25
T. Bašić,SS Lazio,€3.00m,€2.56M,29
R. Belahyane,SS Lazio,€6.80m,€2.09M,22
M. Cancellieri,SS Lazio,€7.00m,€1.85M,24
D. Cataldi,SS Lazio,€3.50m,€3.71M,31
F. Dele-Bashiru,SS Lazio,€6.00m,€3.01M,25
B. Dia,SS Lazio,€55.00m,€3.20M,29
A. Furlanetto,SS Lazio,€350k,€138K,24
Mario Gila,SS Lazio,€30.00m,€1.60M,25
M. Guendouzi,SS Lazio,€27.00m,€4.60M,27
E. Hysaj,SS Lazio,€1.20m,€6.49M,32
G. Isaksen,SS Lazio,€15.00m,€2.40M,25
M. Lazzari,SS Lazio,€2.00m,€3.94M,32
A. Marušić,SS Lazio,€2.50m,€4.63M,33
E. Motta,SS Lazio,€8.00m,€349K,21
T. Noslin,SS Lazio,€8.00m,€3.15M,26
Nuno Tavares,SS Lazio,€12.00m,€5.09M,26
Patric,SS Lazio,€18.00m,,30
Pedro,SS Lazio,€1.00m,,38
I. Provedel,SS Lazio,€3.00m,€4.63M,32
O. Provstgaard,SS Lazio,€16.00m,€1.16M,23
P. Ratkov,SS Lazio,€9.00m,€1.39M,22
A. Romagnoli,SS Lazio,€6.00m,€6.30M,31
N. Rovella,SS Lazio,€23.00m,€4.63M,24
K. Taylor,SS Lazio,€25.00m,€3.94M,24
M. Zaccagni,SS Lazio,€7.50m,€6.49M,30
Z. Aboukhlal,Torino FC,€6.00m,€2.55M,26
C. Adams,Torino FC,€5.00m,,29
T. Anjorin,Torino FC,€4.00m,€700K,24
K. Asllani,Torino FC,€35.00m,€1.36M,23
C. Biraghi,Torino FC,€900k,€3.94M,33
C. Casadei,Torino FC,€15.00m,€3.47M,23
Saúl Coco,Torino FC,€7.50m,€2.31M,27
A. Dembélé,Torino FC,€100.00m,,29
G. Gineitis,Torino FC,€5.50m,€1.85M,22
I. Ilić,Torino FC,€7.00m,€1.92M,25
E. İlkhan,Torino FC,€6.00m,€440K,22
A. Ismajli,Torino FC,€5.00m,€2.78M,29
F. Israel,Torino FC,€2.50m,€1.85M,26
S. Kulenović,Torino FC,€3.50m,,26
V. Lazaro,Torino FC,€2.50m,€2.40M,30
G. Maripán,Torino FC,€2.00m,€3.94M,32
A. Masina,Torino FC,€1.00m,,32
A. Njie,Torino FC,€3.00m,€700K,21
N. Nkounkou,Torino FC,€2.60m,€860K,25
Rafa Obrador,Torino FC,€5.00m,€349K,22
A. Paleari,Torino FC,€1.20m,€930K,33
A. Tamèze,Torino FC,€1.20m,€1.60M,32
N. Vlašić,Torino FC,€10.00m,€3.20M,28
D. Zapata,Torino FC,€2.50m,,35
J. Arizala,Udinese Calcio,€3.50m,€460K,20
A. Atta,Udinese Calcio,€25.00m,€700K,23
V. Bayo,Udinese Calcio,€2.50m,€1.16M,29
N. Bertola,Udinese Calcio,€7.00m,€930K,23
Iker Bravo,Udinese Calcio,€4.00m,,21
A. Buksa,Udinese Calcio,€3.50m,€2.09M,29
K. Davis,Udinese Calcio,€10.00m,€1.12M,28
K. Ehizibue,Udinese Calcio,€2.00m,€1.12M,31
J. Ekkelenkamp,Udinese Calcio,€10.00m,€1.62M,26
S. Goglichidze,Udinese Calcio,€3.50m,€938K,21
C. Kabasele,Udinese Calcio,€750k,€2.09M,35
H. Kamara,Udinese Calcio,€3.00m,€1.44M,32
J. Karlström,Udinese Calcio,€4.00m,€1.39M,30
T. Kristensen,Udinese Calcio,€12.00m,,24
L. Miller,Udinese Calcio,€10.00m,€930K,19
B. Mlačić,Udinese Calcio,€5.00m,,19
M. Okoye,Udinese Calcio,€10.00m,€1.12M,26
D. Padelli,Udinese Calcio,€150k,€460K,40
M. Palma,Udinese Calcio,€25.00m,,22
J. Piotrowski,Udinese Calcio,€4.50m,€1.39M,28
Rui Modesto,Udinese Calcio,€1.80m,,26
R. Sava,Udinese Calcio,€2.50m,€810K,23
O. Solet,Udinese Calcio,€23.00m,€1.62M,26
N. Zaniolo,Udinese Calcio,€15.00m,€3.70M,26
Oier Zarraga,Udinese Calcio,€1.50m,€560K,27
J. Zemura,Udinese Calcio,€5.00m,€640K,26
E. Audero,US Cremonese,€2.80m,€2.09M,29
T. Barbieri,US Cremonese,€3.80m,€810K,23
F. Baschirotto,US Cremonese,€3.50m,€2.31M,29
M. Bianchetti,US Cremonese,€800k,€930K,33
F. Bonazzoli,US Cremonese,€2.50m,€2.31M,29
W. Bondo,US Cremonese,€6.00m,€2.40M,22
F. Ceccherini,US Cremonese,€400k,€1.27M,34
M. Collocolo,US Cremonese,€2.40m,€700K,26
M. De Luca,US Cremonese,€18.00m,,30
R. Floriani Mussolini,US Cremonese,€2.50m,€236K,23
F. Folino,US Cremonese,€800k,€700K,24
A. Grassi,US Cremonese,€1.40m,€1.62M,31
D. Johnsen,US Cremonese,€3.00m,,26
D. Lordkipanidze,US Cremonese,€450k,,21
Y. Maleh,US Cremonese,€1.50m,€700K,27
F. Moumbagna,US Cremonese,€3.50m,€1.39M,25
D. Okereke,US Cremonese,€1.40m,€960K,28
M. Payero,US Cremonese,€5.00m,€1.92M,27
G. Pezzella,US Cremonese,€2.00m,,28
A. Sanabria,US Cremonese,€1.80m,€3.70M,30
J. Sarmiento,US Cremonese,€10.00m,,18
M. Silvestri,US Cremonese,€500k,€1.16M,35
F. Terracciano,US Cremonese,€4.50m,€1.85M,23
J. Vandeputte,US Cremonese,€3.00m,€1.39M,30
J. Vardy,US Cremonese,€1.00m,€2.31M,39
F. Vázquez,US Cremonese,€1.50m,,34
A. Zerbin,US Cremonese,€2.00m,€410K,27
L. Banda,US Lecce,€3.50m,€800K,25
M. Berisha,US Lecce,€5.00m,€460K,22
F. Camarda,US Lecce,€15.00m,€1.85M,18
Danilo Veiga,US Lecce,€2.50m,€580K,23
W. Falcone,US Lecce,€3.50m,€1.39M,31
A. Gallo,US Lecce,€3.50m,,26
O. Gandelman,US Lecce,€3.00m,€1.39M,26
O. Gorter,US Lecce,€700k,,26
Þ. Helgason,US Lecce,€1.80m,,25
G. Jean,US Lecce,€8.00m,€810K,32
Kialonda Gaspar,US Lecce,€3.00m,€740K,28
O. Kouassi,US Lecce,€22.00m,,26
C. Ndaba,US Lecce,€900k,€410K,26
O. Ngom,US Lecce,€3.00m,€410K,22
K. N’Dri,US Lecce,,€700K,
S. Pierotti,US Lecce,€4.00m,€700K,25
B. Pierret,US Lecce,€1.50m,,26
M. Pérez,US Lecce,€5.00m,,32
Y. Ramadani,US Lecce,€1.80m,€720K,30
Álex Sala,US Lecce,€1.00m,€460K,25
J. Siebert,US Lecce,€4.50m,€1.16M,24
R. Sottil,US Lecce,€3.00m,€1.39M,27
N. Štulić,US Lecce,€3.50m,€1.39M,24
Tiago Gabriel,US Lecce,€15.00m,€410K,21
D. Berardi,US Sassuolo Calcio,€7.00m,€6.95M,31
D. Boloca,US Sassuolo Calcio,€4.00m,€1.39M,27
W. Coulibaly,US Sassuolo Calcio,€28.00m,€1.21M,19
J. Doig,US Sassuolo Calcio,€4.50m,€1.92M,24
A. Fadera,US Sassuolo Calcio,€4.50m,€1.04M,24
Fali Candé,US Sassuolo Calcio,€3.00m,€810K,28
A. Ghion,US Sassuolo Calcio,€800k,,26
E. Iannoni,US Sassuolo Calcio,€800k,€1.04M,25
J. Idzes,US Sassuolo Calcio,€14.00m,€1.39M,26
I. Koné,US Sassuolo Calcio,€50.00m,,25
A. Laurienté,US Sassuolo Calcio,€19.00m,€1.44M,27
L. Lipani,US Sassuolo Calcio,€7.50m,€212K,21
N. Matić,US Sassuolo Calcio,€1.60m,€4.63M,37
L. Moro,US Sassuolo Calcio,€45.00m,€276K,22
T. Muharemović,US Sassuolo Calcio,€25.00m,€930K,23
A. Murić,US Sassuolo Calcio,€4.50m,€2.66M,32
C. Odenthal,US Sassuolo Calcio,€1.20m,,25
N. Pierini,US Sassuolo Calcio,€1.60m,,27
A. Pinamonti,US Sassuolo Calcio,€15.00m,€5.55M,27
F. Romagna,US Sassuolo Calcio,€800k,€930K,29
L. Skjellerup,US Sassuolo Calcio,€1.30m,,23
K. Thorstvedt,US Sassuolo Calcio,€12.00m,€960K,27
S. Turati,US Sassuolo Calcio,€3.00m,€1.06M,24
C. Volpato,US Sassuolo Calcio,€10.00m,€1.62M,22
A. Vranckx,US Sassuolo Calcio,€5.00m,€4.63M,23
S. Walukiewicz,US Sassuolo Calcio,€5.00m,€1.39M,26
Aderllan Santos,AVS Futebol,€100k,€230K,37
Adriel,AVS Futebol,€900k,,25
T. Akinsola,AVS Futebol,€800k,€190K,23
Ángel Algobia,AVS Futebol,€500k,€350K,26
S. Bane,AVS Futebol,€75.00m,,27
Bruno Lourenço,AVS Futebol,€400k,,28
Carlos Ponck,AVS Futebol,€100k,,35
C. Devenish,AVS Futebol,€800k,€600K,25
Diogo Spencer,AVS Futebol,€900k,€150K,22
D. Duarte,AVS Futebol,€600k,,33
Edson Mucuana,AVS Futebol,,,
Jordi Escobar,AVS Futebol,€300k,,24
T. Galletto,AVS Futebol,€300k,,24
Jaume Grau,AVS Futebol,€700k,€440K,29
A. Green,AVS Futebol,€300k,€350K,27
Guilherme Neiva,AVS Futebol,€300k,€60K,25
Gustavo Assunção,AVS Futebol,€750k,,26
Gustavo Mendonça,AVS Futebol,€500k,€190K,23
João Gonçalves,AVS Futebol,€15.00m,,30
Kiki,AVS Futebol,€3.50m,€600K,29
K. Kodisang,AVS Futebol,€750k,,26
Mateus Pivô,AVS Futebol,€300k,,28
Guillem Molina,AVS Futebol,€300k,€60K,26
Nenê,AVS Futebol,€50k,,42
Paulo Vitor,AVS Futebol,€500k,,24
Pedro Trigueira,AVS Futebol,€50k,€150K,38
Ó. Perea,AVS Futebol,€1.50m,€960K,20
Rafael Barbosa,AVS Futebol,€300k,,30
D. Rivas,AVS Futebol,€55.00m,€80K,22
Roni,AVS Futebol,€6.00m,,34
Rúben Semedo,AVS Futebol,€300k,€350K,32
Simão,AVS Futebol,€7.00m,,22
Tomané,AVS Futebol,€150k,€190K,33
Abdu Conté,Casa Pia AC,€700k,€600K,28
Abdu Dafe,Casa Pia AC,€700k,,28
André Geraldes,Casa Pia AC,€150k,€350K,35
F. Benaïssa-Yahia,Casa Pia AC,€700k,,24
Cassiano,Casa Pia AC,€150k,€560K,36
Clau Mendes,Casa Pia AC,€100k,€350K,25
Dailon Livramento,Casa Pia AC,€800k,€600K,25
Daniel Azevedo,Casa Pia AC,€200k,,28
David Sousa,Casa Pia AC,€1.00m,€480K,24
José Fonte,Casa Pia AC,€100k,€730K,42
João Goulart,Casa Pia AC,€1.50m,€230K,26
João Marques,Casa Pia AC,€1.50m,€600K,24
Kaique Rocha,Casa Pia AC,€1.00m,€480K,25
Khaly,Casa Pia AC,€400k,,22
Gaizka Larrazabal,Casa Pia AC,€4.00m,€480K,28
J. Livolant,Casa Pia AC,€2.50m,€840K,28
Miguel Sousa,Casa Pia AC,€400k,,20
Iyad Mohamed,Casa Pia AC,€400k,€300K,25
K. Nsona,Casa Pia AC,€600k,€350K,24
L. Ofori,Casa Pia AC,€1.50m,€480K,27
K. Osundina,Casa Pia AC,€350k,€90K,22
Y. Oukili,Casa Pia AC,€700k,€380K,25
Pedro Rosas,Casa Pia AC,€450k,,25
K. Prieto,Casa Pia AC,€3.50m,€90K,23
S. Pérez,Casa Pia AC,€5.00m,,32
Rafael Brito,Casa Pia AC,€600k,€280K,24
Renato Nhaga,Casa Pia AC,€6.00m,€540K,19
Ricardo Batista,Casa Pia AC,€100k,€150K,39
P. Sequeira,Casa Pia AC,€3.50m,€480K,27
X. Severina,Casa Pia AC,€600k,€190K,25
Max Svensson,Casa Pia AC,€300k,,24
D. Tchamba,Casa Pia AC,€800k,,27
Tiago Morais,Casa Pia AC,€1.80m,€480K,22
André Sousa,CD Nacional,€50k,,35
Miguel Baeza,CD Nacional,€400k,€600K,26
J. Ramírez,CD Nacional,€700k,,30
Daniel Júnior,CD Nacional,€600k,,24
Deivison,CD Nacional,€200k,€80K,20
Filipe Soares,CD Nacional,€700k,€480K,27
Francisco Gonçalves,CD Nacional,€200k,,22
Gabriel Veron,CD Nacional,€2.50m,€600K,23
Joel Silva,CD Nacional,€400k,,23
José Gomes,CD Nacional,€1.00m,€150K,29
João Aurélio,CD Nacional,€50k,€150K,37
Kaique,CD Nacional,€2.00m,,23
C. Labidi,CD Nacional,€500k,€80K,25
Liziero,CD Nacional,€1.50m,€480K,28
Lucas França,CD Nacional,€600k,€300K,30
Lucas João,CD Nacional,€200k,€480K,32
Léo Santos,CD Nacional,€1.00m,€350K,27
Martim Watts,CD Nacional,€200k,,20
Matheus Dias,CD Nacional,€1.50m,€480K,24
M. Nourani,CD Nacional,€175k,,24
A. Núñez,CD Nacional,€20.00m,€350K,26
Pablo Ruan,CD Nacional,€500k,€190K,23
Paulinho Bóia,CD Nacional,€1.20m,€600K,27
Ulisses,CD Nacional,€1.00m,€230K,26
L. Vallier,CD Nacional,€500k,€380K,27
Witi,CD Nacional,€500k,€310K,29
Zé Vitor,CD Nacional,€2.50m,,25
Adriano Firmino,CD Santa Clara,€2.00m,,26
Andrey,CD Santa Clara,€40.00m,,22
Brenner,CD Santa Clara,€1.30m,,24
A. Carter,CD Santa Clara,€9.00m,,28
Darlan,CD Santa Clara,€700k,€440K,28
Diogo Calila,CD Santa Clara,€500k,€90K,27
Edney,CD Santa Clara,€50k,,25
Elias Manoel,CD Santa Clara,€1.50m,€600K,24
Fernando,CD Santa Clara,,,
Frederico Venâncio,CD Santa Clara,€300k,€350K,33
Gabriel Batista,CD Santa Clara,€4.00m,€350K,28
Gabriel Silva,CD Santa Clara,€7.00m,,24
Gonçalo Paciência,CD Santa Clara,€700k,€440K,31
Guilherme Romão,CD Santa Clara,€400k,€350K,28
Gustavo Klismahn,CD Santa Clara,€500k,€310K,26
Henrique Silva,CD Santa Clara,€500k,,20
Isaac Valença,CD Santa Clara,,,
José Tavares,CD Santa Clara,€800k,,23
João Afonso,CD Santa Clara,€1.50m,,19
João Costa,CD Santa Clara,€400k,€730K,26
Lucas Soares,CD Santa Clara,€1.50m,€350K,28
Luquinhas,CD Santa Clara,€1.00m,,29
Luís Rocha,CD Santa Clara,€800k,,23
MT,CD Santa Clara,€3.50m,€310K,25
Matheus Pereira,CD Santa Clara,€14.00m,,30
Paulo Victor,CD Santa Clara,€800k,€630K,25
Pedro Ferreira,CD Santa Clara,€3.00m,€310K,28
Pedro Pacheco,CD Santa Clara,€400k,,29
Serginho,CD Santa Clara,€3.00m,,26
Sidney Lima,CD Santa Clara,€3.50m,€310K,29
Tiago Duarte,CD Santa Clara,€600k,,33
Vinícius Lopes,CD Santa Clara,€2.50m,€230K,27
Welinton Torrão,CD Santa Clara,€400k,€310K,26
Wendel,CD Santa Clara,€15.00m,,28
Afonso Rodrigues,CD Tondela,€150k,,23
M. Aïko,CD Tondela,€350k,€240K,30
André Ceitil,CD Tondela,€250k,,31
Bebeto,CD Tondela,€50k,€130K,36
Bernardo Fontes,CD Tondela,€5.00m,,23
Christian Marques,CD Tondela,€2.00m,€150K,23
Cícero,CD Tondela,€500k,€130K,29
J. Hodge,CD Tondela,€700k,€110K,23
Hugo Félix,CD Tondela,€800k,€150K,22
Hélder Tavares,CD Tondela,€50k,€150K,36
Ivan Cavaleiro,CD Tondela,€350k,,32
João Silva,CD Tondela,€1.50m,,27
B. Kimpioka,CD Tondela,€400k,€240K,26
E. Maviram,CD Tondela,€400k,,25
B. Medina,CD Tondela,€18.00m,€150K,27
Miro,CD Tondela,€6.00m,,34
M. Ouattara,CD Tondela,€35.00m,,24
Pedro Maranhão,CD Tondela,€1.50m,,27
Rodrigo Conceição,CD Tondela,€500k,€600K,26
Y. Rodríguez,CD Tondela,€1.50m,,34
Rony Lopes,CD Tondela,€1.20m,€360K,30
J. Siebatcheu,CD Tondela,€1.50m,€960K,30
Y. Sithole,CD Tondela,€600k,€250K,27
Tiago Manso,CD Tondela,€900k,€100K,26
R. Vita,CD Tondela,€25.00m,,27
Xabi Huarte,CD Tondela,€200k,€90K,25
Yarlen,CD Tondela,€1.00m,,20
A. van der Heide,CD Tondela,€25k,€150K,38
Alexandre Sola,Club Foot Estrela,€300k,,22
Alisson Souza,Club Foot Estrela,€100k,,21
L. Antonetti,Club Foot Estrela,€200k,€90K,23
Bernardo Schappo,Club Foot Estrela,€750k,€480K,27
Bruno Langa,Club Foot Estrela,€1.00m,€480K,28
Gonzalo Calçada,Club Foot Estrela,€200k,,24
A. Chernev,Club Foot Estrela,€700k,,24
David Grilo,Club Foot Estrela,€100k,€190K,29
E. Doué,Club Foot Estrela,€120.00m,,21
Fábio Ronaldo,Club Foot Estrela,€2.00m,,25
João Gastão,Club Foot Estrela,€200k,,19
Alan Godoy,Club Foot Estrela,€300k,,23
Guilherme Montóia,Club Foot Estrela,€750k,,22
K. Höög Jansson,Club Foot Estrela,€700k,€190K,35
I. Dramé,Club Foot Estrela,€2.50m,,24
Jefferson Encada,Club Foot Estrela,€400k,€80K,28
Jorge Meireles,Club Foot Estrela,€600k,€110K,22
Jovane Cabral,Club Foot Estrela,€1.00m,€600K,27
João Resende,Club Foot Estrela,€250k,,23
Y. Kalley,Club Foot Estrela,€300k,€150K,25
Kikas,Club Foot Estrela,€800k,,27
S. Leković,Club Foot Estrela,€2.50m,€350K,22
Luan Patrick,Club Foot Estrela,€2.00m,€380K,24
A. Marcus,Club Foot Estrela,€40.00m,€300K,28
T. Moustier,Club Foot Estrela,€400k,,24
Nilton Varela,Club Foot Estrela,€800k,,25
Paulo Moreira,Club Foot Estrela,€1.50m,€110K,26
Renan Ribeiro,Club Foot Estrela,€100k,€350K,36
Robinho,Club Foot Estrela,€5.00m,,18
Rodrigo Pinho,Club Foot Estrela,€150k,€440K,35
Ryan Carlos,Club Foot Estrela,€50k,,39
M. Scholze,Club Foot Estrela,€400k,,21
Sidny Cabral,Club Foot Estrela,€4.00m,,23
Ianis Stoica,Club Foot Estrela,€1.50m,€190K,23
S. van Hooijdonk,Club Foot Estrela,€1.00m,€480K,26
S. Abdulai,FC Alverca,€700k,€100K,27
S. Baseya,FC Alverca,€400k,€80K,21
G. Cabezas,FC Alverca,€8.00m,,29
Chiquinho,FC Alverca,€5.00m,,26
M. Clairicia,FC Alverca,€400k,€380K,23
S. Diarra,FC Alverca,€400k,,27
Diogo Martins,FC Alverca,€6.00m,,22
Fabrício Garcia,FC Alverca,€400k,€150K,25
Felipe Lima,FC Alverca,€200k,€50K,20
Figueiredo,FC Alverca,€4.00m,€150K,24
Francisco Chissumba,FC Alverca,€5.00m,,21
Gonçalo Esteves,FC Alverca,€500k,,22
D. Gui,FC Alverca,€70.00m,€50K,28
Sergi Gómez,FC Alverca,€300k,€150K,34
I. James,FC Alverca,€1.50m,€102K,34
I. Julian,FC Alverca,€3.00m,,32
Kaiky Naves,FC Alverca,€4.00m,,24
Kauan Gomes,FC Alverca,€1.50m,,33
Z. Kessary,FC Alverca,,,
Lincoln,FC Alverca,€3.50m,€250K,27
Marezi,FC Alverca,€2.50m,,22
J. Martínez,FC Alverca,€85.00m,,28
Matheus Mendes,FC Alverca,€600k,€60K,27
Tomás Mendes,FC Alverca,€500k,€60K,21
B. Meupiyou,FC Alverca,€7.00m,€140K,20
C. Nuozzi,FC Alverca,€800k,€50K,20
Rhaldney,FC Alverca,€1.00m,€600K,27
Sandro Lima,FC Alverca,€150k,€140K,35
Tiago Leite,FC Alverca,€150k,,25
N. Touaizi,FC Alverca,€800k,€100K,25
Vasco Moreira,FC Alverca,€1.00m,,25
Alex Pinto,FC Arouca,€400k,,27
Barbero,FC Arouca,€1.00m,€350K,27
A. Dante,FC Arouca,€1.20m,,25
David Simão,FC Arouca,€50k,€230K,36
Diogo Monteiro,FC Arouca,€300k,€90K,21
N. Djouahra,FC Arouca,€1.50m,€480K,26
Mateo Flores,FC Arouca,€1.00m,€200K,22
José Fontán,FC Arouca,€1.80m,€730K,26
T. Fukui,FC Arouca,€5.00m,€380K,21
Pablo Gozálbez,FC Arouca,€700k,€350K,25
R. Jansonas,FC Arouca,€400k,,20
José Silva,FC Arouca,€550k,,27
João Valido,FC Arouca,€400k,€150K,26
B. Kuipers,FC Arouca,€800k,€480K,31
Lee Hyun-Ju,FC Arouca,€2.50m,,23
B. Mansilla,FC Arouca,€800k,,24
N. Mantl,FC Arouca,€800k,,26
F. Mayulu,FC Arouca,€1.50m,€480K,23
D. Nandín,FC Arouca,€1.00m,€250K,24
Omar Fayed,FC Arouca,€600k,€150K,22
Pedro Santos,FC Arouca,€600k,,25
B. Popović,FC Arouca,€1.00m,€380K,26
Miguel Puche,FC Arouca,€400k,€250K,25
M. Rocha,FC Arouca,€60.00m,,19
Arnau Solà,FC Arouca,€500k,,23
Javi Sánchez,FC Arouca,€800k,€480K,29
Tiago Esgaio,FC Arouca,€1.00m,€150K,30
A. Trezza,FC Arouca,€1.50m,€350K,26
J. Vinarčík,FC Arouca,€300k,€110K,20
I. de Arruabarrena,FC Arouca,€1.00m,€350K,29
E. van Ee,FC Arouca,,€350K,
U. Abubakar,FC Famalicão,€700k,€110K,34
Óscar Aranda,FC Famalicão,€3.00m,€230K,24
I. Ba,FC Famalicão,€12.00m,€350K,21
R. Beney,FC Famalicão,€1.50m,€190K,21
L. Carević,FC Famalicão,€5.00m,€230K,27
S. Elisor,FC Famalicão,€1.50m,€600K,26
Gil Dias,FC Famalicão,€2.00m,€850K,29
Gustavo Garcia,FC Famalicão,€1.50m,€480K,24
Gustavo Sá,FC Famalicão,€25.00m,€380K,21
A. Joujou,FC Famalicão,€2.00m,€360K,23
O. Mamageishvili,FC Famalicão,€1.20m,€150K,23
Mathias de Amorim,FC Famalicão,€10.00m,€310K,21
Gonzalo Pastor,FC Famalicão,€100k,,20
Pedro Bondo,FC Famalicão,€2.00m,€90K,21
Marcos Peña,FC Famalicão,€1.50m,€190K,21
Rafa Soares,FC Famalicão,€1.00m,€730K,31
L. Realpe,FC Famalicão,€5.00m,€350K,25
Rochinha,FC Famalicão,€500k,€1.08M,31
Rodrigo Pinheiro,FC Famalicão,€5.00m,€380K,23
Rudi Almeida,FC Famalicão,€80.00m,,19
Sorriso,FC Famalicão,€5.00m,€730K,25
J. de Haas,FC Famalicão,€7.00m,€230K,26
T. van de Looi,FC Famalicão,€5.00m,€650K,26
Samu Aghehowa,FC Porto,€45.00m,€2.04M,22
Ángel Alarcón,FC Porto,€6.00m,,22
Alberto Costa,FC Porto,€18.00m,€2.40M,22
André Miranda,FC Porto,€500k,,18
J. Bednarek,FC Porto,€11.00m,€3.13M,30
Bernardo Lima,FC Porto,€800k,,18
Cláudio Ramos,FC Porto,€800k,€730K,34
Diogo Costa,FC Porto,€40.00m,€5.77M,26
S. Eustaquio,FC Porto,€6.00m,€1.55M,29
Francisco Moura,FC Porto,€9.00m,€1.09M,26
V. Froholdt,FC Porto,€50.00m,€1.20M,20
D. Gül,FC Porto,€90.00m,€440K,21
Y. Karamoh,FC Porto,€1.00m,€1.20M,27
J. Kiwior,FC Porto,€35.00m,€3.99M,26
Martim Fernandes,FC Porto,€12.00m,€480K,20
N. Pérez,FC Porto,€12.00m,,25
Pepê,FC Porto,€17.00m,,29
O. Pietuszewski,FC Porto,€25.00m,€960K,18
D. Prpić,FC Porto,€4.00m,€480K,22
Rodrigo Mora,FC Porto,€38.00m,€1.20M,19
Borja Sainz,FC Porto,€20.00m,€1.44M,25
Z. Sanusi,FC Porto,€3.00m,€980K,29
Thiago Silva,FC Porto,€500k,€2.40M,41
Tiago Silva,FC Porto,€500k,,41
A. Varela,FC Porto,€32.00m,,24
Vasco Sousa,FC Porto,€2.00m,€730K,23
Gabri Veiga,FC Porto,€30.00m,€2.30M,24
William,FC Porto,€25.00m,,20
L. de Jong,FC Porto,€500k,€3.13M,35
André Lacximicant,GD Estoril Praia,€800k,€480K,25
F. Bacher,GD Estoril Praia,€6.00m,€350K,25
Y. Begraoui,GD Estoril Praia,€12.00m,€600K,24
K. Boma,GD Estoril Praia,€6.00m,€230K,23
K. Edwards,GD Estoril Praia,€6.00m,€350K,27
Ferro,GD Estoril Praia,€1.00m,€480K,29
Gonçalo Costa,GD Estoril Praia,€600k,€350K,26
R. Guitane,GD Estoril Praia,€5.00m,€530K,27
J. Holsgrove,GD Estoril Praia,€5.00m,€380K,26
O. Israelov,GD Estoril Praia,€200k,€110K,21
João Carvalho,GD Estoril Praia,€5.00m,€650K,29
N. Lominadze,GD Estoril Praia,€700k,€250K,24
A. Marqués,GD Estoril Praia,€1.00m,€340K,35
Jandro Orellana,GD Estoril Praia,€1.00m,€690K,25
Patrick de Paula,GD Estoril Praia,€2.50m,,26
Pedro Amaral,GD Estoril Praia,€2.00m,€600K,28
Pedro Carvalho,GD Estoril Praia,€800k,€90K,23
Peixinho,GD Estoril Praia,€200k,,22
Pizzi,GD Estoril Praia,€300k,€600K,36
Joel Robles,GD Estoril Praia,€350k,€1.20M,35
Ricard Sánchez,GD Estoril Praia,€3.00m,€600K,26
Tiago Brito,GD Estoril Praia,€200k,,22
Tiago Parente,GD Estoril Praia,€500k,,22
A. Tsoungui,GD Estoril Praia,€1.00m,€480K,23
M. Turk,GD Estoril Praia,€20.00m,€350K,27
Xeka,GD Estoril Praia,€800k,€730K,31
Andrew,Gil Vicente FC,€7.00m,,32
Sergio Bermejo,Gil Vicente FC,€600k,€600K,28
Carlos Eduardo,Gil Vicente FC,€600k,,36
F. Cáseres,Gil Vicente FC,€2.50m,€310K,25
Daniel Figueira,Gil Vicente FC,€500k,,27
M. Elimbi,Gil Vicente FC,€4.00m,€190K,23
Espigares,Gil Vicente FC,€500k,,21
M. Fernández,Gil Vicente FC,€90.00m,,25
Santi García,Gil Vicente FC,€4.00m,€150K,24
Gil Martins,Gil Vicente FC,€200k,,20
Gonçalo Maia,Gil Vicente FC,€100k,€80K,20
Gustavo Varela,Gil Vicente FC,€3.00m,€110K,21
Héctor Hernández,Gil Vicente FC,€800k,,30
Hevertton Santos,Gil Vicente FC,€800k,,25
Joelson Fernandes,Gil Vicente FC,€1.00m,€480K,23
Jonathan Buatu,Gil Vicente FC,€600k,€350K,32
G. Konan,Gil Vicente FC,€3.00m,€600K,30
Lucão,Gil Vicente FC,€1.20m,,25
Luís Esteves,Gil Vicente FC,€6.00m,€560K,28
A. Moreira,Gil Vicente FC,€175k,€800K,39
Murilo de Souza,Gil Vicente FC,€800k,€350K,31
J. Mutombo,Gil Vicente FC,€400k,€110K,23
Rodrigo Rodrigues,Gil Vicente FC,€100k,,18
T. Touré,Gil Vicente FC,€40.00m,,20
Weverson,Gil Vicente FC,€800k,€350K,25
Zé Carlos I,Gil Vicente FC,,,
Zé Carlos II,Gil Vicente FC,,,
Afonso Assis,Moreirense FC,€500k,€80K,19
Alan,Moreirense FC,€200.00m,,25
André Ferreira,Moreirense FC,€600k,,30
Benny,Moreirense FC,€7.00m,,29
Caio Secco,Moreirense FC,€100k,€190K,35
Dinis Pinto,Moreirense FC,€3.00m,€250K,25
Diogo Travassos,Moreirense FC,€6.00m,€480K,22
Fabiano Souza,Moreirense FC,€1.50m,,26
Gilberto Batista,Moreirense FC,€1.50m,€100K,22
J. Gower,Moreirense FC,€100k,€80K,21
Guilherme Schettine,Moreirense FC,€1.00m,,30
N. John,Moreirense FC,€30.00m,€190K,25
Joel Jorquera,Moreirense FC,€200k,,25
Kevyn Monteiro,Moreirense FC,€500k,,20
Kiko,Moreirense FC,€1.50m,,24
Kiko Bondoso,Moreirense FC,€800k,€480K,30
Landerson,Moreirense FC,€1.00m,€80K,19
Leandro Santos,Moreirense FC,€1.00m,€440K,20
Luís Semedo,Moreirense FC,€600k,€350K,22
Maracás,Moreirense FC,€700k,€380K,32
Maranhão,Moreirense FC,€600k,,23
Marcelo,Moreirense FC,€8.00m,,33
Álvaro Martínez,Moreirense FC,€400k,€90K,24
Michel,Moreirense FC,€4.50m,,30
Miguel Silva,Moreirense FC,€2.00m,,29
Mika,Moreirense FC,€35.00m,,21
Rodri Alonso,Moreirense FC,€2.00m,€350K,23
M. Stjepanović,Moreirense FC,€3.00m,€350K,22
Cedric Teguia,Moreirense FC,€800k,€190K,24
N. Abbey,Rio Ave FC,€1.50m,€500K,22
B. Aguilera,Rio Ave FC,€1.50m,€560K,22
André Luiz,Rio Ave FC,€16.00m,,19
N. Athanasiou,Rio Ave FC,€1.20m,,25
T. Bakoulas,Rio Ave FC,€900k,,21
Jalen Blesa,Rio Ave FC,€2.00m,€480K,25
J. Brabec,Rio Ave FC,€400k,€730K,33
K. Chamorro,Rio Ave FC,€300k,€440K,26
Clayton,Rio Ave FC,€23.00m,,24
Diogo Bezerra,Rio Ave FC,€1.80m,,23
Marc Gual,Rio Ave FC,€400k,€350K,30
Gustavo Mancha,Rio Ave FC,€1.50m,€500K,21
João Graça,Rio Ave FC,€300k,€240K,30
João Novais,Rio Ave FC,€350k,,32
João Tomé,Rio Ave FC,€600k,€150K,23
Leonardo Buta,Rio Ave FC,€1.00m,€730K,24
G. Liavas,Rio Ave FC,€700k,€380K,25
J. Lomboto,Rio Ave FC,€300k,€250K,24
T. Medina,Rio Ave FC,€18.00m,€100K,27
T. Nikitscher,Rio Ave FC,€800k,€480K,26
A. Ntoi,Rio Ave FC,€5.00m,€440K,23
J. Panzo,Rio Ave FC,€1.50m,€938K,25
A. Papakanellos,Rio Ave FC,€500k,€190K,20
C. Miszta,Rio Ave FC,€5.00m,€480K,24
F. Petrasso,Rio Ave FC,€1.20m,€110K,24
O. Pohlmann,Rio Ave FC,€1.50m,€500K,25
Rafael Lobato,Rio Ave FC,€800k,€190K,20
O. Richards,Rio Ave FC,€2.00m,€1.13M,28
Ryan Guilherme,Rio Ave FC,€900k,€350K,23
D. Špikić,Rio Ave FC,€1.00m,€480K,27
Tamble Monteiro,Rio Ave FC,€1.00m,,25
M. Vrousai,Rio Ave FC,€3.00m,€150K,27
K. Zoabi,Rio Ave FC,€600k,€110K,20
E. da Silva Moreira,Rio Ave FC,€175k,€600K,39
E. van der Gouw,Rio Ave FC,€400k,€150K,26
K. Aktürkoğlu,SL Benfica,€20.00m,€6.83M,27
António Silva,SL Benfica,€25.00m,€1.95M,22
Anísio Cabral,SL Benfica,€5.00m,,18
F. Aursnes,SL Benfica,€15.00m,€3.60M,30
A. Bah,SL Benfica,€25k,€2.04M,28
L. Barreiro,SL Benfica,€18.00m,,26
E. Barrenechea,SL Benfica,€12.00m,€2.65M,25
Bruma,SL Benfica,€3.00m,€1.93M,31
S. Dahl,SL Benfica,€13.00m,€2.65M,23
Daniel Banjaqui,SL Benfica,€5.00m,,18
A. Dedić,SL Benfica,€16.00m,€2.65M,23
Diogo Prioste,SL Benfica,€2.00m,,22
Gonçalo Moreira,SL Benfica,€1.20m,,20
Henrique Araújo,SL Benfica,€1.00m,,24
Ivan Lima,SL Benfica,€350k,,21
F. Ivanović,SL Benfica,€15.00m,€1.20M,22
José Neto,SL Benfica,€3.00m,€350K,18
João Rego,SL Benfica,€3.00m,€730K,20
João Veloso,SL Benfica,€1.50m,€350K,20
Manu Silva,SL Benfica,€7.00m,,25
N. Otamendi,SL Benfica,€1.00m,€3.15M,38
V. Pavlidis,SL Benfica,€28.00m,€3.60M,27
G. Prestianni,SL Benfica,€20.00m,€1.56M,20
Rafa,SL Benfica,€4.00m,,33
Rodrigo Rêgo,SL Benfica,€900k,,21
R. Ríos,SL Benfica,€25.00m,€3.45M,26
Samuel Soares,SL Benfica,€3.00m,€600K,23
A. Schjelderup,SL Benfica,€30.00m,€450K,22
H. Sudakov,SL Benfica,€25.00m,,23
Tomás Araújo,SL Benfica,€30.00m,€2.04M,24
A. Trubin,SL Benfica,€25.00m,€4.43M,24
António Gil,Sporting Braga,€15.00m,,34
B. Arrey-Mbi,Sporting Braga,€9.00m,€1.20M,23
A. Barišić,Sporting Braga,€400k,€730K,33
Diego Rodrigues,Sporting Braga,€5.00m,€600K,21
M. Dorgeles,Sporting Braga,€20.00m,€480K,23
A. El Ouazzani,Sporting Braga,€2.50m,€600K,24
Gabriel Moscardo,Sporting Braga,€7.00m,€1.20M,20
Fodé Pascoal,Sporting Braga,,,
J. Gorby,Sporting Braga,€9.00m,,23
F. Grillitsch,Sporting Braga,€2.50m,€1.20M,30
Víctor Gómez,Sporting Braga,€10.00m,€440K,26
L. Horníček,Sporting Braga,€18.00m,€730K,23
Jonatás Noro,Sporting Braga,€1.00m,€150K,20
João Moutinho,Sporting Braga,€500k,,39
João Vasconcelos,Sporting Braga,€1.50m,,21
G. Lagerbielke,Sporting Braga,€10.00m,€1.08M,26
Leonardo Lelo,Sporting Braga,€6.00m,€960K,26
Luís Pinto,Sporting Braga,€750k,,35
Gabri Martínez,Sporting Braga,€7.00m,€600K,23
Fran Navarro,Sporting Braga,€4.00m,€1.44M,28
S. Niakaté,Sporting Braga,€6.00m,€430K,26
Paulo Oliveira,Sporting Braga,€400k,€500K,34
Ricardo Horta,Sporting Braga,€9.00m,€1.25M,31
Rodrigo Silva,Sporting Braga,€300k,,22
Roger Fernandes,Sporting Braga,€20.00m,,20
Sandro Vidigal,Sporting Braga,€3.00m,€360K,18
Tiago Sá,Sporting Braga,€10.00m,€380K,23
E. Tıknaz,Sporting Braga,€8.00m,,21
Pau Víctor,Sporting Braga,€15.00m,€730K,24
Vítor Carvalho,Sporting Braga,€4.00m,€710K,29
Yanis da Rocha,Sporting Braga,€200k,€190K,22
R. Zalazar,Sporting Braga,€30.00m,€1.44M,26
M. Araújo,Sporting Clube de Portugal,€20.00m,,27
Daniel Bragança,Sporting Clube de Portugal,€12.00m,€1.20M,27
Z. Debast,Sporting Clube de Portugal,€28.00m,€1.25M,22
O. Diomande,Sporting Clube de Portugal,€90.00m,€4.33M,19
Eduardo Felicíssimo,Sporting Clube de Portugal,€2.00m,,19
Eduardo Quaresma,Sporting Clube de Portugal,€17.00m,€310K,24
S. Faye,Sporting Clube de Portugal,€4.50m,€600K,21
Flávio Gonçalves,Sporting Clube de Portugal,€1.00m,,19
Iván Fresneda,Sporting Clube de Portugal,€15.00m,€1.44M,21
Geny Catamo,Sporting Clube de Portugal,€25.00m,€960K,25
Geovany Quenda,Sporting Clube de Portugal,€42.00m,€600K,19
Gonçalo Inácio,Sporting Clube de Portugal,€40.00m,€2.16M,24
M. Hjulmand,Sporting Clube de Portugal,€45.00m,€2.30M,26
F. Ioannidis,Sporting Clube de Portugal,€16.00m,€1.93M,26
João Simões,Sporting Clube de Portugal,€15.00m,€600K,19
João Virgínia,Sporting Clube de Portugal,€800k,€1.20M,26
G. Kochorashvili,Sporting Clube de Portugal,€4.00m,€1.20M,26
Matheus Reis,Sporting Clube de Portugal,€2.50m,,31
H. Morita,Sporting Clube de Portugal,€8.00m,€1.20M,31
Nuno Santos,Sporting Clube de Portugal,€3.00m,,31
Pote,Sporting Clube de Portugal,€25.00m,,27
Rafael Nel,Sporting Clube de Portugal,€4.00m,,21
Ricardo Mangas,Sporting Clube de Portugal,€2.00m,€1.44M,28
Rui Silva,Sporting Clube de Portugal,€7.00m,€1.44M,32
Salvador Blopa,Sporting Clube de Portugal,€2.50m,,19
L. Suárez,Sporting Clube de Portugal,€3.50m,,34
Trincão,Sporting Clube de Portugal,€40.00m,€4.49M,26
G. Vagiannidis,Sporting Clube de Portugal,€8.00m,€1.20M,24
R. Abascal,Vitória SC Guimarães,€400k,€600K,32
Beni,Vitória SC Guimarães,€4.00m,€380K,33
Fabio Blanco,Vitória SC Guimarães,€800k,€250K,22
T. Borevković,Vitória SC Guimarães,€2.00m,€940K,28
J. Castillo,Vitória SC Guimarães,€3.00m,,28
Charles,Vitória SC Guimarães,€30.00m,,25
Diogo Sousa,Vitória SC Guimarães,€8.00m,,20
Francisco Dias,Vitória SC Guimarães,€200k,,23
Gonçalo Nogueira,Vitória SC Guimarães,€4.00m,€90K,22
Gustavo Silva,Vitória SC Guimarães,€4.00m,,27
Hugo Nunes,Vitória SC Guimarães,€100k,,24
João Mendes,Vitória SC Guimarães,€2.50m,€940K,26
O. Lebedenko,Vitória SC Guimarães,€500k,€480K,27
Miguel Maga,Vitória SC Guimarães,€1.50m,,23
Miguel Nogueira,Vitória SC Guimarães,€1.50m,€110K,21
Miguel Nóbrega,Vitória SC Guimarães,€400k,€350K,26
M. Mitrović,Vitória SC Guimarães,€10.00m,,31
A. Ndoye,Vitória SC Guimarães,€32.00m,€530K,25
Nélson Oliveira,Vitória SC Guimarães,€200k,€480K,34
E. Opara,Vitória SC Guimarães,€1.00m,,20
Rica Rocha,Vitória SC Guimarães,€200k,,22
Óscar Rivas,Vitória SC Guimarães,€1.00m,€250K,26
Samu,Vitória SC Guimarães,€45.00m,€480K,22
Noah Saviolo,Vitória SC Guimarães,€10.00m,€240K,22
T. Strata,Vitória SC Guimarães,€2.00m,€190K,21
Telmo Arcanjo,Vitória SC Guimarães,€3.00m,€150K,24
Thiago Balieiro,Vitória SC Guimarães,€1.00m,€150K,23
Tomás Händel,Vitória SC Guimarães,€6.00m,,25
Vando Félix,Vitória SC Guimarães,€500k,,23
Zeega,Vitória SC Guimarães,€100k,,17
