liga,temporada,equipo,id,nombre,posicion,dorsal,Aerial Duels,Aerial Duels lost,Aerial Duels won,Appearances,Assists (Intentional),Backward Passes,Blocked Shots,Blocks,Carries,Clean Sheets,Clearances Off the Line,Corners Won,Duels,Duels lost,Duels won,Final Third Touches,Forward Passes,Foul Attempted Tackle,Games Played,Goal Assists,Goals Conceded,Goals Conceded Inside Box,Goals Conceded Outside Box,Ground Duels,Ground Duels lost,Ground Duels won,Handballs conceded,Interceptions,Key Passes (Attempt Assists),Leftside Passes,Offsides,Open Play Passes,Overruns,Penalty Goals Conceded,Progressive Carries,PutThrough/Blocked Distribution,PutThrough/Blocked Distribution Won,Recoveries,Rightside Passes,Shots Created,Shots Off Target (inc woodwork),Starts,Substitute Off,Substitute On,Successful Crosses & Corners,Successful Crosses open play,Successful Dribbles,Successful Launches,Successful Lay-offs,Successful Long Passes,Successful Open Play Passes,Successful Passes Opposition Half,Successful Passes Own Half,Successful Short Passes,Tackles Lost,Tackles Won,Throw Ins to Opposition Player,Throw Ins to Own Player,Time Played,Times Tackled,Total Big Chances Created,Total Big Chances Saved,Total Clearances,Total Fouls Conceded,Total Fouls Won,Total Losses Of Possession,Total Passes,Total Shots,Total Successful Passes ( Excl Crosses & Corners ) ,Total Tackles,Total Touches In Opposition Box,Total Unsuccessful Passes ( Excl Crosses & Corners ),Touches,Unsuccessful Crosses & Corners,Unsuccessful Crosses open play,Unsuccessful Dribbles,Unsuccessful Launches,Unsuccessful Long Passes,Unsuccessful Passes Opposition Half,Unsuccessful Passes Own Half,Unsuccessful Short Passes,Yellow Cards,Winning Goal,Penalties Conceded,Shots On Target ( inc goals ),Through balls,Corners Taken (incl short corners),Goals,Goals Openplay,Goals from Inside Box,Goals from Outside Box,Hit Woodwork,Left Foot Goals,Own Goal Scored,Right Foot Goals,Successful Corners into Box,Total Big Chances Missed,Total Big Chances Scored,Unsuccessful Corners into Box,Unsuccessful lay-offs,Home Goals,Away Goals,Headed Goals,Penalties Taken,Penalty Goals,Red Cards - 2nd Yellow,Total Red Cards,Foul Won Penalty,Second Goal Assists,Attempts from Set Pieces,GK Successful Distribution,Goal Kicks,Last Player Tackle,Straight Red Cards,Catches,Drops,GK Unsuccessful Distribution,Goalkeeper Smother,Penalties Faced,Penalties Saved,Punches,Saves Made,Saves Made from Inside Box,Saves Made from Outside Box,Saves from Penalty,Saves made - caught,Saves made - parried,Penalties Off Target,Crosses not Claimed,Direct Setpiece Goals,Set Pieces Goals,Other Goals
Spain_Primera_Division,2025-2026,Athletic Club,7r7wgbcu7vmlj19m9jpjhu1yi,Jesús Areso,Defender,12,41,10,31,24,1,99,2,8,150,2,1,12,117,49,68,357,170,1,24,1,22,17,5,76,39,37,2,18,21,264,1,545,1,2,105,37,14,51,24,22,1,13,6,11,16,16,12,7,3,16,453,287,194,449,6,15,59,119,1416,18,3,1,44,18,5,256,557,1,465,21,17,92,1015,64,64,11,14,19,139,17,73,3,0,,,,,,,,,,,,,,,,,,,,,,,,,,,,,,,,,,,,,,,,,,,,,,,,,
Spain_Primera_Division,2025-2026,Athletic Club,8hm6d6395johhjsoe8jz6dcyd,Yuri,Defender,17,78,28,50,26,1,159,3,2,188,5,1,15,202,83,119,368,491,8,26,3,32,27,5,124,55,69,5,30,22,111,2,1134,1,3,129,42,20,116,406,25,10,25,2,1,11,11,8,10,1,47,984,574,452,968,13,21,28,176,2205,26,4,,91,23,29,276,1167,14,1015,34,26,152,1759,43,43,10,23,39,158,37,113,4,0,2,4,1,,,,,,,,,,,,,,,,,,,,,,,,,,,,,,,,,,,,,,,,,,,,,,
Spain_Primera_Division,2025-2026,Athletic Club,do5tibysnhbnbw18nwdo39kut,Alex Berenguer,Forward,7,73,46,27,25,3,201,11,,253,2,,31,258,154,104,648,188,7,25,3,26,20,6,185,108,77,,11,42,120,6,596,5,1,130,45,21,80,156,45,9,22,13,3,42,18,20,2,23,19,457,417,136,492,9,12,,11,1858,69,7,,16,21,37,405,665,28,511,21,82,154,1178,129,63,31,11,28,261,22,126,4,1,,19,6,95,2,2,1,1,1,1,1,1,20,7,1,48,2,2,0,,,,,,,,,,,,,,,,,,,,,,,,,,,,,,
Spain_Primera_Division,2025-2026,Athletic Club,5ayo0fp6wod7cqg71e38zdz4k,Adama Boiro,Defender,19,18,10,8,9,,44,1,1,67,,,3,58,29,29,107,96,2,9,,13,7,6,40,19,21,,13,3,25,,270,3,,39,12,7,29,112,3,,6,2,3,4,4,2,,1,6,237,148,100,238,3,9,2,44,593,10,,,10,4,7,65,277,,244,12,4,33,424,11,11,7,1,6,37,7,27,1,0,,,,,,,,,,,,,,,,,,,,,,,,,,,,,,,,,,,,,,,,,,,,,,,,,
Spain_Primera_Division,2025-2026,Athletic Club,3hep7726yy75p4gj3o122tqms,Endika Buján,Forward,48,,,,,,,,,,,,,,,,,,,,,,,,,,,,,,,,,,,,,,,,,,,,,,,,,,,,,,,,,,,,,,,,,,,,,,,,,,,,,,,,,,,,,,,,,,,,,,,,,,,,,,,,,,,,,,,,,,,,,,,,,,,,,,,,,,,,
Spain_Primera_Division,2025-2026,Athletic Club,cr9kf7olyasz3pnvox96xpslw,Aimar Duñabeitia,Defender,28,,,,,,,,,,,,,,,,,,,,,,,,,,,,,,,,,,,,,,,,,,,,,,,,,,,,,,,,,,,,,,,,,,,,,,,,,,,,,,,,,,,,,,,,,,,,,,,,,,,,,,,,,,,,,,,,,,,,,,,,,,,,,,,,,,,,
Spain_Primera_Division,2025-2026,Athletic Club,ajmyaj6fk8lpirlqndw75i42c,Unai Egiluz,Defender,13,,,,,,,,,,,,,,,,,,,,,,,,,,,,,,,,,,,,,,,,,,,,,,,,,,,,,,,,,,,,,,,,,,,,,,,,,,,,,,,,,,,,,,,,,,,,,,,,,,,,,,,,,,,,,,,,,,,,,,,,,,,,,,,,,,,,
Spain_Primera_Division,2025-2026,Athletic Club,1w5m843i9tnwb5b36xrkheihg,Elijah Gift,Forward,40,,,,,,,,,,,,,,,,,,,,,,,,,,,,,,,,,,,,,,,,,,,,,,,,,,,,,,,,,,,,,,,,,,,,,,,,,,,,,,,,,,,,,,,,,,,,,,,,,,,,,,,,,,,,,,,,,,,,,,,,,,,,,,,,,,,,
Spain_Primera_Division,2025-2026,Athletic Club,72teeil638lx1xlg6htlkt1qs,Eder García,Midfielder,49,1,,1,2,,6,1,,7,,,,4,3,1,4,5,,2,,,,,3,3,,,,,6,,23,,,1,2,1,2,6,,,,,2,,,,,1,,17,6,11,17,,,,1,36,1,,,,2,,9,23,,17,,2,6,30,,,,,,3,3,6,1,0,,,,,,,,,,,,,,,,,,,,,,,,,,,,,,,,,,,,,,,,,,,,,,,,,
Spain_Primera_Division,2025-2026,Athletic Club,b91n9sdabth8oocdawayybdud,Andoni Gorosabel,Defender,2,18,8,10,16,1,62,,1,70,1,,1,92,41,51,180,96,7,16,1,16,13,3,74,33,41,,7,7,155,,328,,,42,22,13,26,18,8,4,10,6,6,6,6,8,1,2,5,281,167,123,279,7,17,14,87,816,13,,,29,9,9,113,331,5,284,24,15,47,609,23,23,4,2,10,58,12,37,2,0,,1,,,,,,,,,,,,,,,,,,,,,,,,,,,,,,,,,,,,,,,,,,,,,,,
Spain_Primera_Division,2025-2026,Athletic Club,3tzvbdszdrj1tayik9igbve8l,Gorka Guruzeta,Forward,11,141,86,55,27,1,104,15,1,67,,,13,268,168,100,344,87,16,27,1,23,18,5,127,82,45,1,8,17,99,9,367,,2,28,39,24,43,88,18,22,21,12,6,1,1,7,1,35,13,249,173,88,247,9,3,,3,1738,37,6,,14,37,26,218,378,45,260,12,119,118,692,6,6,25,6,10,101,23,108,2,1,,23,3,,6,4,6,,1,,,5,,8,5,,6,4,2,1,1,1,1,1,,,,,,,,,,,,,,,,,,,,,,,,,
Spain_Primera_Division,2025-2026,Athletic Club,b2rqgjegzeyq6wy6qu63zz2fo,Unai Gómez,Midfielder,20,32,22,10,20,1,42,4,1,45,,,6,81,53,28,138,45,4,20,1,15,11,4,49,31,18,,,7,37,3,156,1,1,28,10,2,26,43,8,7,7,7,13,4,3,4,1,10,5,112,86,40,117,5,5,1,2,621,15,,,6,9,4,98,167,10,122,10,27,45,289,16,13,9,1,7,53,8,38,1,0,,3,,4,1,1,1,,,1,,,1,2,1,3,2,0,1,,,,,,,,,,,,,,,,,,,,,,,,,,,,,,
Spain_Primera_Division,2025-2026,Athletic Club,a2k7c99py1zab3qa0i0pjy590,Asier Hierro,Forward,31,3,2,1,1,,2,,,1,,,,3,2,1,10,2,,1,,,,,,,,,,1,4,,9,,,,,,,1,1,1,,,1,,,,,,,6,5,1,6,,,,,33,,,,1,,,3,9,1,6,,1,3,14,,,,,,3,,3,,0,,,,,,,,,,,,,,,,,,,,,,,,,,,,,,,,,,,,,,,,,,,,,,,,,
Spain_Primera_Division,2025-2026,Athletic Club,bpbz94ux2g6awkward9cjwrh0,Ibon Sánchez,Midfielder,35,,,,,,,,,,,,,,,,,,,,,,,,,,,,,,,,,,,,,,,,,,,,,,,,,,,,,,,,,,,,,,,,,,,,,,,,,,,,,,,,,,,,,,,,,,,,,,,,,,,,,,,,,,,,,,,,,,,,,,,,,,,,,,,,,,,,
Spain_Primera_Division,2025-2026,Athletic Club,d4nmja5rd6kxmxel6jchbu5g4,Ander Izagirre,Defender,38,,,,,,,,,,,,,,,,,,,,,,,,,,,,,,,,,,,,,,,,,,,,,,,,,,,,,,,,,,,,,,,,,,,,,,,,,,,,,,,,,,,,,,,,,,,,,,,,,,,,,,,,,,,,,,,,,,,,,,,,,,,,,,,,,,,,
Spain_Primera_Division,2025-2026,Athletic Club,ddvvwqxpsqqboupi3gx1ijhed,I. Williams,Forward,9,44,23,21,22,4,96,16,1,124,,,15,163,106,57,394,86,10,22,4,23,17,6,119,83,36,1,4,11,121,6,356,6,2,76,32,11,54,60,15,15,18,10,4,5,5,8,1,11,6,248,192,68,249,1,7,,4,1588,58,5,,9,18,20,265,363,30,255,8,103,108,670,38,38,33,2,9,129,17,99,1,0,,15,5,,2,1,2,,1,,,2,,9,1,,2,1,1,,1,1,,,2,1,,,,,,,,,,,,,,,,,,,,,,,
Spain_Primera_Division,2025-2026,Athletic Club,ck7lu09geq8mi6vkf2llyi5ii,Mikel Jauregizar,Midfielder,18,59,27,32,29,,125,16,3,214,4,,8,273,144,129,376,385,19,29,,35,26,9,214,117,97,,41,21,282,,1073,2,2,97,36,21,140,312,21,7,28,11,1,6,3,9,1,16,46,876,585,322,855,19,38,,1,2345,36,1,,22,34,31,333,1104,15,901,57,18,203,1511,47,30,13,14,43,205,45,160,3,0,,8,4,20,2,2,,2,,,,2,2,,,11,2,1,1,,,,,,,,,,,,,,,,,,,,,,,,,,,,,,
Spain_Primera_Division,2025-2026,Athletic Club,7fmpgkx58o9pivo2bbnxxkt05,Aymeric Laporte,Defender,14,69,21,48,19,,43,5,11,228,1,,,113,34,79,45,346,3,19,1,28,23,5,44,13,31,,18,6,203,1,890,,1,165,11,5,70,343,7,4,18,2,1,1,1,2,4,1,52,796,295,543,785,7,12,,6,1580,1,1,,104,6,10,107,935,8,837,19,21,98,1156,,,,14,45,72,26,53,2,0,,4,2,,,,,,,,,,,2,,,,,,,,,,,1,,1,6,6,1,,,,,,,,,,,,,,,,,,,
Spain_Primera_Division,2025-2026,Athletic Club,v7isqpxiursyjhj5rmhyhjv9,Íñigo Lekue,Defender,15,13,12,1,9,,34,2,,64,1,,1,61,42,19,84,94,1,9,,7,4,3,48,30,18,,3,1,69,,222,1,1,47,13,7,30,25,1,,7,3,2,3,3,4,5,,15,168,75,96,153,5,9,8,51,525,15,,,15,10,,92,222,1,168,14,3,54,376,11,11,10,14,22,48,17,32,2,0,1,1,,,,,,,,,,,,,,,,,,,,,,2,,,,,,,2,,,,,,,,,,,,,,,,,,
Spain_Primera_Division,2025-2026,Athletic Club,ey2uutfzsevzuvnsarwuny6tw,Iker Monreal,Defender,47,,,,,,,,,,,,,,,,,,,,,,,,,,,,,,,,,,,,,,,,,,,,,,,,,,,,,,,,,,,,,,,,,,,,,,,,,,,,,,,,,,,,,,,,,,,,,,,,,,,,,,,,,,,,,,,,,,,,,,,,,,,,,,,,,,,,
Spain_Primera_Division,2025-2026,Athletic Club,7aoe0u87gxgv9tvgrotcfue7e,Robert Navarro,Midfielder,23,33,26,7,24,1,81,2,1,119,,,10,131,86,45,291,65,8,24,1,15,12,3,98,60,38,,6,16,64,4,291,6,1,82,12,6,43,84,16,5,7,6,17,5,3,14,1,9,4,234,186,56,233,4,6,,6,885,45,3,,8,13,14,188,294,12,237,10,45,57,537,39,29,21,,2,88,8,55,1,2,,7,2,11,5,4,5,,,2,,3,2,,4,8,,2,3,,,,,,,,,,,,,,,,,,,,,,,,,,,,,,
Spain_Primera_Division,2025-2026,Athletic Club,66jotyvbhtz5cjvhbby6luelm,Nico Williams,Forward,10,15,10,5,20,2,176,10,,270,1,,15,228,134,94,539,85,8,20,2,21,13,8,213,124,89,2,6,27,45,6,463,6,1,190,49,22,72,167,29,14,15,13,5,16,12,53,,21,5,355,272,108,359,6,6,,9,1361,93,5,,7,18,24,310,473,27,364,12,122,109,902,39,33,68,2,10,135,13,99,1,1,,13,2,14,4,3,4,,2,1,,3,4,4,3,5,1,2,2,,2,1,,,1,,,,,,,,,,,,,,,,,,,,,,,,
Spain_Primera_Division,2025-2026,Athletic Club,b9q69u0q11bjpu0393sdy50,Á. Padilla,Goalkeeper,27,,,,,,,,,,,,,,,,,,,,,,,,,,,,,,,,,,,,,,,,,,,,,,,,,,,,,,,,,,,,,,,,,,,,,,,,,,,,,,,,,,,0,,,,,,,,,,,,,,,,,,,,,,,,1,,,,,,,1,,,,,,,,,,,,,,,,,,
Spain_Primera_Division,2025-2026,Athletic Club,5kd57453a90zahgdxwkghr816,Aitor Paredes,Defender,4,45,17,28,17,,66,2,4,233,3,,4,98,40,58,39,284,8,17,,21,15,6,53,23,30,,26,3,250,,820,,2,140,7,6,61,245,3,7,16,,1,,,2,13,2,57,711,283,453,679,9,12,,,1449,1,1,1,70,18,7,121,845,10,736,21,14,109,1030,1,1,,26,56,81,29,53,4,1,,3,1,,1,,1,,,,,,,1,1,,,0,1,1,,,,,,,,6,6,1,,,,,,,,,,,,,,,,,,,
Spain_Primera_Division,2025-2026,Athletic Club,352ywlfcjt329s7etjn4rkui2,Beñat Prados,Midfielder,24,2,,2,2,,4,,,11,,,,14,8,6,14,18,4,2,,,,,12,8,4,,2,2,16,,49,,,3,5,3,4,11,2,1,1,1,1,,,1,,,1,37,21,16,36,1,2,,,85,2,,,,5,,16,49,1,37,3,,12,65,,,1,1,1,7,5,11,1,0,,,,,,,,,,,,,,,,,,,,,,,,,,,,,,,,,,,,,,,,,,,,,,,,,
Spain_Primera_Division,2025-2026,Athletic Club,1b9ud9pyseqgpqzvwxvya3j84,Adrián Pérez,Forward,33,,,,,,,,,,,,,,,,,,,,,,,,,,,,,,,,,,,,,,,,,,,,,,,,,,,,,,,,,,,,,,,,,,,,,,,,,,,,,,,,,,,,,,,,,,,,,,,,,,,,,,,,,,,,,,,,,,,,,,,,,,,,,,,,,,,,
Spain_Primera_Division,2025-2026,Athletic Club,1xsrdgt40nb6p9qvt6mf272fo,Alejandro Rego,Midfielder,30,16,6,10,21,,42,5,4,52,1,,2,99,51,48,97,123,16,21,,15,9,6,83,45,38,,16,8,99,,363,,1,28,16,11,53,104,8,2,7,5,14,,,4,2,5,16,290,161,134,279,16,15,,,826,10,,,12,25,3,97,368,5,295,31,8,73,503,1,1,6,4,12,59,15,61,5,1,,3,1,,1,1,1,,1,,,1,,,1,,,1,0,,,,,,,,,,,1,,,,,,,,,,,,,,,,,,,
Spain_Primera_Division,2025-2026,Athletic Club,7ubtan6a51o79w469zawrqqqd,Íñigo Ruíz de Galarreta,Midfielder,16,40,18,22,27,1,132,7,4,239,,,7,241,109,132,335,312,28,27,1,28,22,6,201,91,110,2,14,19,280,,967,1,3,127,26,11,147,269,20,8,24,21,3,9,5,28,,23,53,797,525,303,766,22,27,,2,1772,29,4,,16,45,33,272,993,10,819,49,11,174,1328,30,23,11,12,57,167,37,117,9,0,,2,9,3,1,1,1,,,,,1,1,,1,2,,1,0,,,,,,,,,,,,,,,,,,,,,,,,,,,,,,
Spain_Primera_Division,2025-2026,Athletic Club,dfcbvsb7o18lavmonbp5ucwoa,Oihan Sancet,Midfielder,8,45,29,16,23,,128,8,2,177,,,8,165,97,68,323,122,20,23,,21,19,2,120,68,52,,3,25,141,,497,,3,106,21,5,55,135,25,20,20,17,3,4,4,14,,38,18,396,280,149,407,7,8,,2,1575,38,,,9,25,23,201,526,34,425,15,66,101,781,15,15,12,2,11,88,28,90,4,3,,14,3,,3,1,3,,,1,,2,,7,3,,4,2,1,,2,2,,1,1,,,,,,1,,,,,,,,,,,,,,,,,,
Spain_Primera_Division,2025-2026,Athletic Club,by8xbw0rb239l1x4b0t33tpn8,M. Sannadi,Forward,21,18,9,9,9,,21,2,,20,,,2,39,23,16,61,13,2,9,,8,6,2,21,14,7,1,1,2,18,3,64,,,8,5,1,6,14,2,2,2,2,7,,,1,1,2,2,45,33,14,45,,1,,,273,6,1,,3,8,5,44,66,6,47,1,13,19,118,2,2,3,,1,13,8,18,1,0,,4,,,1,1,1,,,,,1,,,1,,,1,0,,,,,,,,,,,,,,,,,,,,,,,,,,,,,,
Spain_Primera_Division,2025-2026,Athletic Club,550gbhfvz0tlbw7g7tz1bdqfo,Mikel Santos,Goalkeeper,26,,,,,,,,,,,,,,,,,,,,,,,,,,,,,,,,,,,,,,,,,,,,,,,,,,,,,,,,,,,,,,,,,,,,,,,,,,,,,,,,,,,,,,,,,,,,,,,,,,,,,,,,,,,,,,,,,,,,,,,,,,,,,,,,,,,,
Spain_Primera_Division,2025-2026,Athletic Club,esru3us4k7xaj6hjycz78pdsk,Selton Sánchez,Midfielder,44,2,1,1,7,1,12,,,25,,,,28,18,10,46,16,4,7,1,4,3,1,26,17,9,,1,3,13,1,58,1,,9,7,4,10,22,4,3,2,2,5,,,1,,1,3,37,24,18,39,,3,,,193,9,,,,5,5,42,63,4,42,3,6,21,108,,,5,,2,18,3,19,,0,,1,4,,,,,,,,,,,,,,,,,,,,,,,,,,,,,,,,,,,,,,,,,,,,,,
Spain_Primera_Division,2025-2026,Athletic Club,26wj6flfqi59vgz6vwjgur2ay,Nico Serrano,Forward,22,6,5,1,13,,25,7,,60,,,5,55,37,18,147,20,4,13,,6,5,1,49,32,17,1,2,8,43,,106,1,,36,10,4,15,20,8,4,4,4,9,8,4,6,,4,6,88,82,15,83,,5,,2,328,15,1,,2,9,6,66,108,6,89,5,13,19,221,24,14,11,,3,39,4,16,,1,,2,,13,1,1,1,,,,,1,4,,,8,,1,0,,,,,,,,,,,,,,,,,,,,,,,,,,,,,,
Spain_Primera_Division,2025-2026,Athletic Club,4vlurpsi44g09g159t61u83bp,Unai Simón,Goalkeeper,1,10,,10,30,,,,,82,5,,,13,,13,,669,,30,,43,33,10,3,,3,,,1,126,,597,,3,32,4,,283,124,1,,30,,,,,,80,,197,398,151,387,341,1,,,1,2700,,,21,33,,6,388,919,,538,1,,381,1222,,,,221,374,326,55,7,1,0,,,1,,,,,,,,,,,,,,,,,,,,,,,,,216,157,,,19,4,81,8,4,1,3,83,54,27,1,2,22,,,,,
Spain_Primera_Division,2025-2026,Athletic Club,43sv2qpco7dsobxna7z9dugyy,Urko Izeta,Forward,25,8,6,2,11,,21,1,,18,,,1,21,15,6,58,7,3,11,,3,3,,13,9,4,,,2,11,,52,,1,8,11,5,11,17,2,3,1,1,10,,,1,,6,1,35,27,12,38,2,,,,162,4,1,,,4,1,33,56,7,39,2,13,17,98,2,2,2,2,2,14,5,15,2,0,,4,1,,,,,,2,,,,,2,,,,,,,,,,,,,1,,,,,,,,,,,,,,,,,,,,,,
Spain_Primera_Division,2025-2026,Athletic Club,7x2c4pr7hvku5zp0dnjcpy0yy,Unai Vencedor,Midfielder,13,28,14,14,16,,57,,5,78,,,,109,61,48,82,147,14,16,,16,12,4,81,47,34,1,6,12,104,,397,,2,31,15,12,39,108,12,,11,10,5,9,5,4,6,4,40,327,182,166,299,9,13,,1,818,6,3,,14,24,8,101,416,,339,22,1,77,537,13,5,3,11,29,72,18,48,3,0,,,1,9,,,,,,,,,2,,,5,,,,,,,,1,,,,,,,1,,,,,,,,,,,,,,,,,,
Spain_Primera_Division,2025-2026,Athletic Club,83n1qv6ypl625aolzjeqifv11,Mikel Vesga,Midfielder,6,22,9,13,20,,41,,,44,,,,78,37,41,76,75,3,20,,10,9,1,56,28,28,,9,4,65,,240,,,14,9,4,33,60,4,2,1,2,19,,,5,1,3,16,187,120,68,172,5,11,,1,400,8,,,10,8,7,73,241,2,188,16,6,53,329,2,2,2,2,9,43,12,44,,0,,,,,,,,,,,,,,1,,,,,,,,,,,,,,,,,,,,,,,,,,,,,,,,,,,
Spain_Primera_Division,2025-2026,Athletic Club,9d5h5wxf44qu4fw3jk2pgis16,Dani Vivian,Defender,3,55,30,25,25,,75,4,12,242,4,,1,188,98,90,69,429,11,25,,34,27,7,133,68,65,2,29,5,453,1,1075,1,3,125,23,10,110,173,5,5,24,,1,2,2,5,18,,88,908,378,581,869,17,31,1,8,2188,15,3,,120,37,13,231,1130,10,957,48,23,173,1488,6,6,1,60,90,119,60,83,8,0,1,5,1,,1,1,,1,1,,,1,,2,,,,1,0,,,,,1,,,,,,1,1,,,,,,,,,,,,,,,,,,
Spain_Primera_Division,2025-2026,Athletic Club,eilv73zxaqy2h1ypjxb09bhg4,Jon de Luis,Defender,34,,,,,,,,,,,,,,,,,,,,,,,,,,,,,,,,,,,,,,,,,,,,,,,,,,,,,,,,,,,,,,,,,,,,,,,,,,,,,,,,,,,,,,,,,,,,,,,,,,,,,,,,,,,,,,,,,,,,,,,,,,,,,,,,,,,,
Spain_Primera_Division,2025-2026,Athletic Club,uzzq2p3s1qnb3wv1pee3mcph,Yeray,Defender,5,3,3,,1,,1,,1,25,,,,4,3,1,1,19,,1,,1,1,,1,,1,,,,18,,52,,,19,,,7,15,,,1,1,,,,,,,3,48,20,29,46,,1,,1,64,,,,6,,,5,53,,49,1,,4,64,,,,1,4,4,,,,0,,,2,,,,,,,,,,,,,,,,,,,,,,,,,,,,,,,,,,,,,,,,,,,,,,
Spain_Primera_Division,2025-2026,CA Osasuna,609aarpl34780k5mkkwluvjf8,Íñigo Arguibide,Defender,41,2,2,,6,,3,,1,10,,,1,13,10,3,28,26,2,6,,1,,1,11,8,3,,2,1,7,,38,,,7,3,2,8,2,1,,2,2,4,1,1,,2,,2,24,14,11,22,,3,4,13,186,4,,1,7,3,,30,38,,24,3,1,14,90,4,4,2,7,9,12,6,5,,0,,,,,,,,,,,,,,,,,,,,,,,,1,,,,,,,1,,,,,,,,,,,,,,,,,,
Spain_Primera_Division,2025-2026,CA Osasuna,a71gkmuckp1pjbkqoczfljcb8,Roberto Arroyo,Forward,37,,,,,,,,,,,,,,,,,,,,,,,,,,,,,,,,,,,,,,,,,,,,,,,,,,,,,,,,,,,,,,,,,,,,,,,,,,,,,,,,,,,,,,,,,,,,,,,,,,,,,,,,,,,,,,,,,,,,,,,,,,,,,,,,,,,,
Spain_Primera_Division,2025-2026,CA Osasuna,2zcha0sd7axiu2s2c0bccz2s5,Kike Barja,Forward,11,8,4,4,20,2,26,1,1,46,,,6,54,36,18,124,24,4,20,2,5,4,1,46,32,14,,1,4,3,,78,1,1,29,11,3,8,27,6,1,2,2,18,9,7,5,,7,6,54,46,19,50,3,2,1,5,310,18,,,5,10,4,84,80,3,56,5,13,24,193,32,27,9,2,4,52,4,20,3,0,,2,,7,1,1,1,,,,,1,1,,1,5,,1,0,,,,,,,,,1,1,,,,,,,,,,,,,,,,,,,,
Spain_Primera_Division,2025-2026,CA Osasuna,cywgibmici8hwp1ad1nhk3ufp,S. Becker,Forward,18,4,4,,9,,13,2,,17,,,1,16,13,3,37,12,1,9,,4,2,2,12,9,3,,3,2,8,1,45,1,,13,3,,15,12,2,1,,,9,1,1,,1,,2,32,17,16,30,1,1,,1,150,5,,,4,4,1,35,45,1,32,2,9,13,83,10,10,2,1,2,19,4,11,,0,,,,,,,,,,,,,,,,,,,,,,,,,,,,,,,,,,,,,,,,,,,,,,,,,
Spain_Primera_Division,2025-2026,CA Osasuna,6nq6p1kfoejfmnzpckquv4tn8,Iker Benito,Forward,2,3,2,1,5,,22,,1,25,,,,17,11,6,43,18,1,5,,1,1,,14,9,5,,2,2,27,,75,,,18,1,,10,8,2,1,1,1,4,3,3,1,,2,5,61,39,25,56,1,,4,9,147,3,,,5,3,3,28,75,2,61,1,5,14,121,2,2,2,5,6,11,5,8,1,0,,1,,,1,1,,1,,1,,,,,1,,1,1,0,,,,,,,,,,,,,,,,,,,,,,,,,,,,,,
Spain_Primera_Division,2025-2026,CA Osasuna,5tiol5jc7h11oic9vvyu83fqi,E. Boyomo,Defender,22,60,29,31,23,1,66,2,12,211,5,1,,157,68,89,68,366,10,23,1,27,22,5,97,39,58,1,12,7,304,,911,1,6,112,33,23,102,205,8,2,22,4,1,2,2,3,8,,40,767,252,543,753,20,31,3,13,1915,11,2,,93,25,4,187,941,4,793,51,17,148,1247,6,6,4,35,71,116,38,77,5,0,2,2,,,1,,1,,,,,1,,,1,,,0,1,,,,,,,,,5,5,3,,,,,,,,,,,,,,,,,,,
Spain_Primera_Division,2025-2026,CA Osasuna,bvs3rixmobb9gje6kfvhgb52i,Abel Bretones,Defender,23,18,7,11,23,,81,1,5,135,3,,2,133,62,71,213,166,5,23,,21,16,5,115,55,60,,15,9,41,1,408,5,4,77,37,19,59,128,9,7,15,3,8,8,8,13,10,3,21,311,198,128,297,19,11,29,93,1427,23,,,43,16,17,199,416,10,318,30,16,98,799,16,16,12,16,31,80,34,67,5,0,,3,2,,1,,,1,,1,,,,,,,,1,0,,,,,1,1,,,,,,1,,,,,,,,,,,,,,,,,,
Spain_Primera_Division,2025-2026,CA Osasuna,946z96r5q70ryslp3hlhafnx1,A. Budimir,Forward,17,186,85,101,29,,89,9,6,72,2,,8,309,159,150,318,113,23,29,,28,23,5,123,74,49,3,5,12,78,19,321,,6,38,32,18,40,50,12,38,27,14,2,,,3,,32,4,191,128,71,195,6,11,,2,2290,35,1,,34,40,31,252,330,68,199,17,143,131,690,3,3,11,,5,117,17,126,1,3,,30,1,,15,6,15,,3,9,,1,,6,10,,7,11,4,5,6,5,,,2,,,,,,,,,,,,,,,,,,,,1,,,,
Spain_Primera_Division,2025-2026,CA Osasuna,bi8nrmyaxsgbhixw921fzvm5l,Alejandro Catena,Defender,24,113,45,68,28,1,80,3,25,271,7,,1,207,95,112,68,443,19,28,2,33,26,7,94,50,44,1,30,8,453,2,1265,,7,139,10,6,90,360,10,9,28,2,,,,4,21,,117,1079,307,834,1024,5,24,,2,2443,5,2,,172,41,12,211,1336,11,1141,29,40,195,1679,2,2,2,48,107,143,54,88,9,1,2,2,,,2,,2,,,,,,,1,2,,,2,0,2,,,,1,,,,4,6,,1,,,2,,,,,,,,,,,,,,,
Spain_Primera_Division,2025-2026,CA Osasuna,2tvulwf5xk3fobnqsg158ydqs,Raúl Chasco,Defender,34,,,,,,,,,,,,,,,,,,,,,,,,,,,,,,,,,,,,,,,,,,,,,,,,,,,,,,,,,,,,,,,,,,,,,,,,,,,,,,,,,,,,,,,,,,,,,,,,,,,,,,,,,,,,,,,,,,,,,,,,,,,,,,,,,,,,
Spain_Primera_Division,2025-2026,CA Osasuna,4op7vkzs8iwv7eesdo1a04r8,Aly Doumbia,Forward,47,,,,,,,,,,,,,,,,,,,,,,,,,,,,,,,,,,,,,,,,,,,,,,,,,,,,,,,,,,,,,,,,,,,,,,,,,,,,,,,,,,,,,,,,,,,,,,,,,,,,,,,,,,,,,,,,,,,,,,,,,,,,,,,,,,,,
Spain_Primera_Division,2025-2026,CA Osasuna,3bg5c1r38mbrcps35zubnx79w,Mauro Echegoyen,Midfielder,26,,,,,,,,,,,,,,,,,,,,,,,,,,,,,,,,,,,,,,,,,,,,,,,,,,,,,,,,,,,,,,,,,,,,,,,,,,,,,,,,,,,,,,,,,,,,,,,,,,,,,,,,,,,,,,,,,,,,,,,,,,,,,,,,,,,,
Spain_Primera_Division,2025-2026,CA Osasuna,15no5m0njma23gf0ygu9agt05,Aitor Fernández,Goalkeeper,13,,,,,,,,,,,,,,,,,,,,,,,,,,,,,,,,,,,,,,,,,,,,,,,,,,,,,,,,,,,,,,,,,,,,,,,,,,,,,,,,,,2,0,,,,,,,,,,,,,,,,,,,,,,,,,,,,,,,,,,,,,,,,,,,,,,,,,
Spain_Primera_Division,2025-2026,CA Osasuna,40gxfsz7bgrkdudqewlpxzyzt,Javi Galán,Defender,20,25,15,10,18,1,105,1,4,232,2,,9,184,76,108,305,268,17,18,1,19,16,3,159,61,98,,23,20,36,2,610,3,5,150,48,20,68,225,21,2,14,4,4,20,19,32,,1,22,508,288,263,509,14,23,16,110,1275,33,2,1,48,21,30,219,634,3,531,37,22,103,1113,35,35,21,16,32,104,34,71,2,0,1,1,,1,,,,,1,,,,,,,,1,,,,,,,,,,,,,1,,,,,,,,,,,,,,,,,,,
Spain_Primera_Division,2025-2026,CA Osasuna,erxux52uzol4p4fqqz929zuhg,Jon García,Midfielder,28,,,,,,,,,,,,,,,,,,,,,,,,,,,,,,,,,,,,,,,,,,,,,,,,,,,,,,,,,,,,,,,,,,,,,,,,,,,,,,,,,,,,,,,,,,,,,,,,,,,,,,,,,,,,,,,,,,,,,,,,,,,,,,,,,,,,
Spain_Primera_Division,2025-2026,CA Osasuna,5t2ngljfiapcn98qlnbifg53p,Moi Gómez,Forward,16,16,6,10,20,,100,5,1,223,,,3,91,43,48,202,236,10,20,1,13,11,2,75,37,38,2,9,9,150,,675,1,1,89,18,13,76,218,10,4,10,7,10,3,1,4,5,19,48,598,408,220,577,8,6,,1,977,15,1,,8,15,20,125,704,6,625,14,7,79,857,21,14,9,6,23,84,16,56,2,0,1,2,1,5,,,,,,,,,2,,,3,,,,,,,,,,,,,,,,,,,,,,,,,,,,,,,,,
Spain_Primera_Division,2025-2026,CA Osasuna,5b9awsil5bgqrsc13xsoj35nu,Jorge Herrando,Defender,5,45,19,26,25,1,31,2,11,105,2,,1,113,50,63,23,225,5,25,1,23,18,5,68,31,37,,15,1,154,,546,,4,39,16,8,33,155,2,1,14,5,11,,,2,10,,21,466,147,335,461,16,13,2,,1401,1,1,,95,22,7,95,565,1,482,29,7,83,778,1,1,,26,34,56,28,49,2,0,,,,,,,,,,,,,,1,,,,,,,,,,,,,,,,1,,,,,,,,,,,,,,,,,,,
Spain_Primera_Division,2025-2026,CA Osasuna,amjegysk3et638l4od103c7o5,Sergio Herrera,Goalkeeper,1,9,1,8,30,,,,,69,7,,,15,3,12,1,514,1,30,,37,30,7,6,2,4,,,,183,,485,,8,13,,,235,150,,,30,,,,,,64,,193,371,126,464,397,,,,,2700,,,18,41,2,4,267,847,,590,,1,257,1158,,,,130,251,197,60,6,3,0,1,,,,,,,,,,,,,,,,,,,,,,,,,,,301,253,,,18,4,86,3,8,,15,101,56,44,,,30,,1,,,
Spain_Primera_Division,2025-2026,CA Osasuna,1wezo3pjdktc0iqaxze3uh2sq,Iker Muñoz,Midfielder,8,16,10,6,14,,58,1,1,64,,,2,76,44,32,67,104,7,14,,8,7,1,60,34,26,,8,3,73,1,295,,3,30,7,3,37,68,3,3,5,3,9,1,1,3,2,7,17,251,143,116,241,3,7,,,676,7,,,15,15,13,61,303,6,258,10,7,45,403,3,3,3,4,10,37,11,35,4,0,,3,1,,,,,,,,,,,,,,,,,,,,,,,,,,,,,,,,,,,,,,,,,,,,,,
Spain_Primera_Division,2025-2026,CA Osasuna,8ij122duxc65thlj8flk2xdjp,Juan Cruz,Defender,3,8,4,4,14,,17,,4,37,2,,1,24,12,12,31,92,1,14,,7,7,,16,8,8,,3,2,46,,211,,1,22,5,2,15,63,2,1,7,5,7,2,2,2,2,,8,185,66,127,183,1,3,10,16,601,2,,,22,4,2,44,218,1,191,4,1,27,301,3,3,1,8,14,20,10,13,,0,1,,,,,,,,,,,,,1,,,,,,,,,,,,,,,,,,,,,,,,,,,,,,,,,,,
Spain_Primera_Division,2025-2026,CA Osasuna,f4gpe0pxov8sea9e0fs24h8q2,Jon Moncayola,Midfielder,7,27,13,14,28,3,195,9,4,213,6,,9,167,93,74,427,416,8,28,4,33,27,6,140,80,60,2,17,28,277,,1072,2,7,119,43,25,127,230,32,5,27,10,1,21,13,10,12,17,75,857,523,395,822,20,21,24,52,2360,15,8,,40,31,10,376,1118,8,897,41,20,221,1559,84,65,8,29,73,246,59,148,8,0,,3,2,20,,,,,1,,,,5,3,,12,4,,,,,,,,,,1,,,,,,,,,,,,,,,,,,,,,,
Spain_Primera_Division,2025-2026,CA Osasuna,6km3r9cspyz7g6343o9mri63u,Raúl Moro,Forward,18,5,4,1,7,2,28,4,,52,,,2,28,12,16,101,25,,7,2,6,5,1,23,8,15,,,4,9,2,93,2,4,30,2,1,13,35,6,,4,4,3,3,2,10,,3,2,78,71,14,80,1,,,2,340,7,1,,2,,4,49,97,,82,1,16,15,166,15,15,4,,1,28,2,14,,0,,,1,4,,,,,,,,,1,,,,,,,,,,,,,,,,,,,,,,,,,,,,,,,,,,,,
Spain_Primera_Division,2025-2026,CA Osasuna,bpf2fcb73l96fwspo72shmkiy,Aimar Oroz,Midfielder,10,43,24,19,23,2,156,14,1,303,1,,6,246,122,124,414,186,13,23,2,20,17,3,203,98,105,1,9,30,141,1,662,,4,167,42,16,99,201,32,9,20,14,3,7,4,25,,32,25,522,382,169,519,17,16,,1,1709,64,3,,11,24,48,275,684,13,544,33,56,140,1050,16,12,24,4,10,121,35,130,5,0,,4,6,7,,,,,,,,,3,,,3,2,,,,,,,,,,3,,,,,,,,,,,,,,,,,,,,,,
Spain_Primera_Division,2025-2026,CA Osasuna,b5muwvixv0nq4uylgzxz7302c,Asier Osambela,Midfielder,29,21,7,14,13,,18,,4,25,,,1,44,24,20,42,60,5,13,,6,4,2,23,17,6,,4,3,25,,131,,1,13,9,6,12,30,3,2,2,2,11,,,,3,,5,96,42,56,93,4,2,,,294,2,1,,18,13,,45,133,3,98,6,9,35,191,3,3,2,4,10,32,6,25,1,0,,1,,,1,1,,1,,,,1,,,1,,,0,1,,,,,1,,,,,,,1,,,,,,,,,,,,,,,,,,
Spain_Primera_Division,2025-2026,CA Osasuna,4wdn2pkwuiwmev843mikx515g,Martín Pedroarena,Forward,27,,,,,,,,,,,,,,,,,,,,,,,,,,,,,,,,,,,,,,,,,,,,,,,,,,,,,,,,,,,,,,,,,,,,,,,,,,,,,,,,,,,,,,,,,,,,,,,,,,,,,,,,,,,,,,,,,,,,,,,,,,,,,,,,,,,,
Spain_Primera_Division,2025-2026,CA Osasuna,cy3c0cj6yy1mokaj0mlk4k9re,Raúl García,Forward,9,59,27,32,28,,54,3,1,61,1,,4,134,66,68,158,37,4,28,,15,11,4,75,39,36,,7,7,49,5,174,2,2,39,6,1,21,41,7,8,5,1,23,2,2,11,1,12,6,118,81,46,119,2,12,,1,779,29,,,9,9,11,116,181,24,125,14,63,56,345,4,4,15,1,1,52,8,55,1,3,,16,,,5,3,4,1,,,,5,,5,4,,2,3,2,,,,,1,,,1,,,,1,,,,,,,,,,,,,,,,1,1,
Spain_Primera_Division,2025-2026,CA Osasuna,3ex56ma2xf94ex429ay35gusp,V. Rosier,Defender,19,22,9,13,23,1,139,4,2,209,4,,9,156,80,76,251,319,17,23,1,24,20,4,134,71,63,1,33,11,246,2,749,6,6,138,31,16,118,51,12,4,22,6,1,7,7,16,5,3,22,605,317,301,589,13,21,16,116,1846,31,3,,56,27,13,242,755,7,611,34,22,144,1205,26,26,14,32,60,120,50,84,4,0,,3,2,,1,1,1,,,,,1,,1,1,,,0,1,,,,1,1,,,,,,,,,,,,,,,,,,,,,,,,,
Spain_Primera_Division,2025-2026,CA Osasuna,9xbo6c8uq29ueuyinngjjiaj9,Rubén García,Midfielder,14,51,34,17,27,5,166,7,1,168,,,6,206,117,89,414,160,20,27,5,20,16,4,155,83,72,1,13,28,221,1,609,4,6,63,21,7,70,103,33,8,21,19,6,38,8,8,3,40,35,486,367,191,485,18,24,,10,1713,31,7,,19,28,22,271,650,15,520,42,36,130,1005,75,29,14,10,30,168,37,100,5,0,,7,1,59,2,1,,2,1,2,,,21,1,,27,4,2,0,,,,,,,,7,,,,,,,,,,,,,,,,,,,,1,1,
Spain_Primera_Division,2025-2026,CA Osasuna,4ub6896uytszxmouo6lamow0k,Unai Santos,Defender,35,,,,,,,,,,,,,,,,,,,,,,,,,,,,,,,,,,,,,,,,,,,,,,,,,,,,,,,,,,,,,,,,,,,,,,,,,,,,,,,,,,,,,,,,,,,,,,,,,,,,,,,,,,,,,,,,,,,,,,,,,,,,,,,,,,,,
Spain_Primera_Division,2025-2026,CA Osasuna,2kx3hnglbrvm08pqfh7wbnevo,Mikel Serrano,Defender,42,,,,,,,,,,,,,,,,,,,,,,,,,,,,,,,,,,,,,,,,,,,,,,,,,,,,,,,,,,,,,,,,,,,,,,,,,,,,,,,,,,,,,,,,,,,,,,,,,,,,,,,,,,,,,,,,,,,,,,,,,,,,,,,,,,,,
Spain_Primera_Division,2025-2026,CA Osasuna,nvnqfn0xoddn4rem857xjz84,D. Stamatakis,Goalkeeper,31,,,,,,,,,,,,,,,,,,,,,,,,,,,,,,,,,,,,,,,,,,,,,,,,,,,,,,,,,,,,,,,,,,,,,,,,,,,,,,,,,,,,,,,,,,,,,,,,,,,,,,,,,,,,,,,,,,,,,,,,,,,,,,,,,,,,
Spain_Primera_Division,2025-2026,CA Osasuna,d3pdr28q2n295ldry2lc1uklx,Lucas Torró,Midfielder,6,114,28,86,27,1,93,3,4,138,2,,1,218,72,146,185,296,9,27,1,29,23,6,104,44,60,3,23,10,247,,830,,5,43,15,5,97,205,11,11,26,14,1,,,7,8,8,35,622,317,315,597,16,14,,2,1924,11,1,,42,28,25,250,841,16,632,30,44,209,1079,2,2,4,30,53,161,50,156,6,0,,5,,,,,,,1,,,,,1,,,2,,,,,,,,,,,,,,,,,,,,,,,,,,,,,,,,
Spain_Primera_Division,2025-2026,CA Osasuna,d358ce00vstqg3ilinhcc10r8,Víctor Muñoz,Forward,21,41,28,13,30,1,171,18,,378,3,,32,355,215,140,643,106,11,30,2,27,24,3,314,187,127,4,8,20,87,5,496,9,7,259,43,18,78,143,22,25,27,15,3,17,17,64,2,18,3,398,325,101,406,6,13,1,2,2309,143,2,,18,30,45,398,507,52,409,19,120,98,1147,70,70,91,5,8,146,22,90,3,2,,27,1,,5,3,4,1,1,1,,2,,8,3,,3,4,1,2,,,,,1,,,,,1,,,,,,,,,,,,,,,,,,,
Spain_Primera_Division,2025-2026,Club Atlético de Madrid,4ea0sjczqa5ah1w720zlakkfe,T. Almada,Midfielder,11,13,9,4,21,1,116,3,2,185,,,11,118,60,58,298,137,5,21,1,13,10,3,105,51,54,,6,18,96,2,534,,1,79,24,9,59,199,19,4,12,10,9,3,2,17,,20,21,462,311,165,452,8,15,,5,1000,29,3,,6,7,14,154,548,14,473,23,36,75,758,23,17,15,1,12,80,18,63,1,1,,10,6,9,3,2,3,,,1,,2,1,5,2,5,1,3,0,,,,,,,,,,,,,,,,,,,,,,,,,,,,,,
Spain_Primera_Division,2025-2026,Club Atlético de Madrid,9ikkuxd19avliz1khcrm82gyy,J. Alvarez,Forward,19,24,19,5,29,1,195,10,,266,1,,23,175,105,70,601,123,3,29,4,20,15,5,151,86,65,2,3,43,189,2,644,1,2,129,34,17,51,182,47,18,22,16,7,27,7,26,,54,25,531,439,163,550,8,13,,4,1902,59,10,,5,14,18,288,689,44,575,21,91,114,1078,58,15,26,1,9,152,20,105,2,4,,26,10,78,8,4,5,3,3,3,,5,19,8,5,41,6,6,2,,3,2,,,,,7,,,,,,,,,,,,,,,,,,,,2,2,
Spain_Primera_Division,2025-2026,Club Atlético de Madrid,5zoz3mjooujpv0wdcphyrztd6,Álex Baena,Midfielder,10,24,17,7,21,2,121,5,3,215,2,,15,132,77,55,379,143,13,21,2,8,7,1,108,60,48,1,9,33,78,8,502,3,,106,35,9,47,181,35,11,15,13,6,27,13,12,1,21,19,405,299,154,407,6,8,,3,1139,32,9,,7,22,22,222,523,17,426,14,38,97,808,66,33,19,2,11,138,25,86,3,0,,6,4,51,2,2,2,,1,,,2,11,1,1,31,4,0,2,,,,,,,,1,,,1,,,,,,,,,,,,,,,,,,,
Spain_Primera_Division,2025-2026,Club Atlético de Madrid,9e7ybe0nsu3byq2tteey3zuy2,Pablo Barrios,Midfielder,8,30,14,16,21,1,171,9,2,300,6,,11,177,79,98,388,242,5,21,1,14,12,2,147,65,82,,23,19,341,,972,,1,136,29,15,108,237,19,6,19,6,2,9,9,32,,8,43,865,572,319,839,14,15,,6,1580,41,3,,12,12,21,209,991,12,882,29,39,109,1302,19,19,20,3,24,94,34,85,,1,1,6,7,,1,1,1,,1,1,,,,1,1,,1,1,0,,,,,,,,,,,,,,,,,,,,,,,,,,,,,,
Spain_Primera_Division,2025-2026,Club Atlético de Madrid,6dswrjvnakdr8gwun530inwgk,Rayane Belaid,Forward,29,,,,,,,,,,,,,,,,,,,,,,,,,,,,,,,,,,,,,,,,,,,,,,,,,,,,,,,,,,,,,,,,,,,,,,,,,,,,,,,,,,,,,,,,,,,,,,,,,,,,,,,,,,,,,,,,,,,,,,,,,,,,,,,,,,,,
Spain_Primera_Division,2025-2026,Club Atlético de Madrid,6m5v97if055boykubm2hq8es,Javier Boñar,Defender,32,,,,,,,,,,,,,,,,,,,,,,,,,,,,,,,,,,,,,,,,,,,,,,,,,,,,,,,,,,,,,,,,,,,,,,,,,,,,,,,,,,,,,,,,,,,,,,,,,,,,,,,,,,,,,,,,,,,,,,,,,,,,,,,,,,,,
Spain_Primera_Division,2025-2026,Club Atlético de Madrid,3ub05nnpt9o7s387z6oj8vf56,J. Cardoso,Midfielder,5,26,14,12,13,,65,1,4,118,1,,,118,59,59,89,111,17,13,,9,7,2,92,45,47,,12,3,147,,457,,2,72,16,10,37,137,3,1,11,9,2,1,1,4,1,7,25,404,211,197,382,14,18,,2,770,15,1,,17,20,11,83,460,1,407,32,5,53,603,1,1,4,,9,35,19,44,5,0,,,2,,,,,,,,,,,,,,1,,,,,,,,,,,,,,,,,,,,,,,,,,,,,,,,
Spain_Primera_Division,2025-2026,Club Atlético de Madrid,9mh4ven84dualv113vxinqn10,Julio Díaz,Midfielder,34,1,1,,1,,14,1,,16,1,,,13,7,6,21,7,1,1,,,,,12,6,6,,,1,2,,45,,,7,3,1,3,24,1,,1,,,,,2,,,1,38,19,21,39,1,1,1,7,90,2,,,,1,2,14,47,,40,2,1,7,72,2,2,2,,1,6,3,6,,0,,,,,,,,,,,,,,,,,,,,,,,,,,,,,,,,,,,,,,,,,,,,,,,,,
Spain_Primera_Division,2025-2026,Club Atlético de Madrid,76l4p3ybgp8a6l78gj9185bmc,Salvi Esquivel,Goalkeeper,31,,,,,,,,,,,,,,,,,,,,,,,,,,,,,,,,,,,,,,,,,,,,,,,,,,,,,,,,,,,,,,,,,,,,,,,,,,,,,,,,,,,,,,,,,,,,,,,,,,,,,,,,,,,,,,,,,,,,,,,,,,,,,,,,,,,,
Spain_Primera_Division,2025-2026,Club Atlético de Madrid,7u0urbn4r5oqtmlt13jev651w,Sergio Esteban,Forward,45,,,,,,,,,,,,,,,,,,,,,,,,,,,,,,,,,,,,,,,,,,,,,,,,,,,,,,,,,,,,,,,,,,,,,,,,,,,,,,,,,,,,,,,,,,,,,,,,,,,,,,,,,,,,,,,,,,,,,,,,,,,,,,,,,,,,
Spain_Primera_Division,2025-2026,Club Atlético de Madrid,c83h08n0vnjvfgglyefy03h0p,C. Gallagher,Midfielder,4,18,8,10,19,,86,1,3,80,1,,5,94,55,39,152,80,9,19,,7,5,2,76,47,29,3,11,4,93,2,354,,,33,12,8,35,100,4,7,4,4,15,1,1,3,,10,6,319,180,145,318,5,12,,2,665,22,1,,5,18,9,90,359,12,324,17,29,35,508,10,10,13,3,6,35,10,29,2,0,,5,1,1,2,2,2,,,1,,1,,1,1,,3,0,2,,,,,,,,,,,,,,,,,,,,,,,,,,,,,,
Spain_Primera_Division,2025-2026,Club Atlético de Madrid,40gxfsz7bgrkdudqewlpxzyzt,Javi Galán,Defender,21,25,15,10,17,1,91,1,4,212,2,,9,174,71,103,282,247,14,17,1,17,14,3,149,56,93,,21,20,34,2,559,2,4,138,45,20,65,210,21,2,13,4,4,20,19,31,,1,19,468,265,245,471,13,22,16,103,1185,32,2,1,43,18,28,198,582,3,490,35,22,92,1029,32,32,20,12,27,95,29,65,2,0,1,1,,1,,,,,1,,,,,,,,1,,,,,,,,,,,,,1,,,,,,,,,,,,,,,,,,,
Spain_Primera_Division,2025-2026,Club Atlético de Madrid,548jzfl9higq44w9bgqvcjh05,J. Giménez,Defender,2,73,37,36,15,1,37,1,11,125,7,,1,138,67,71,38,241,8,15,1,14,11,3,65,30,35,1,16,,274,1,744,,1,71,14,8,44,227,1,9,12,,3,,,2,4,,42,669,247,453,658,11,12,,2,1157,3,1,,64,19,10,87,779,12,700,23,19,79,955,,,1,18,33,48,31,46,4,0,,3,,,,,,,,,,,,3,,,,,,,,,,,1,,,2,2,,,,,,,,,,,,,,,,,,,,
Spain_Primera_Division,2025-2026,Club Atlético de Madrid,eh1ul4duphy1iz4odwx9tkjjd,N. González,Forward,23,73,27,46,22,,131,6,3,139,2,,23,214,104,110,317,126,12,22,,11,9,2,141,77,64,4,11,12,61,2,502,3,,89,32,13,57,188,12,16,17,12,5,3,3,22,1,12,20,380,232,155,364,7,14,2,24,1336,39,3,,24,27,21,220,506,34,384,21,69,122,826,24,24,23,6,20,125,21,102,4,1,,18,3,,3,2,3,,2,1,,,,6,2,,2,3,0,2,,,,1,1,,,,,,1,,,,,,,,,,,,,,,,,,
Spain_Primera_Division,2025-2026,Club Atlético de Madrid,716n1970vi9rvw5b4w9qmjfth,A. Griezmann,Forward,7,22,14,8,27,1,134,2,1,126,1,,9,71,40,31,348,135,2,27,1,13,9,4,49,26,23,,3,21,161,14,521,1,1,60,24,13,45,111,22,15,8,7,19,16,3,6,1,31,25,434,315,154,428,4,7,,7,1029,14,4,,9,2,6,173,541,34,453,11,56,88,758,37,20,9,,9,106,19,79,,2,,19,5,31,6,6,6,,1,4,,2,13,7,5,12,3,5,1,,,,,,,1,,,,,,,,,,,,,,,,,,,,,,,
Spain_Primera_Division,2025-2026,Club Atlético de Madrid,1vyh50nfaq2kq5pmivpkc1psl,D. Hancko,Defender,17,67,30,37,26,2,123,3,9,292,7,,8,168,77,91,250,458,7,26,2,25,18,7,101,47,54,,17,11,200,2,1236,1,2,190,21,11,72,490,13,11,23,3,3,3,3,8,6,,56,1076,488,624,1053,16,26,9,56,2119,14,4,,83,15,4,238,1271,16,1109,42,52,162,1640,26,26,6,23,57,155,33,105,2,0,1,5,2,,,,,,,,,,,1,,,,,,,,,,,,,,8,8,,,,,,,,,,,,,,,,,,,,
Spain_Primera_Division,2025-2026,Club Atlético de Madrid,b9kfek16otvdorssn0wzkb36d,Koke,Midfielder,6,26,13,13,28,1,219,4,2,291,4,,3,148,76,72,339,404,16,28,2,20,14,6,122,63,59,,16,26,481,,1521,,1,151,29,15,105,457,28,3,19,10,9,8,4,3,3,30,83,1400,773,673,1355,21,20,,5,1771,22,3,,22,19,15,182,1561,7,1438,41,21,123,1786,21,18,5,9,40,118,26,83,5,1,,4,11,10,2,1,1,1,,,,2,4,,1,3,,1,1,,,,,,,,,,,,,,,,,,,,,,,,,,,,,,
Spain_Primera_Division,2025-2026,Club Atlético de Madrid,3r18no51ujgvp939ws3fvo9re,I. Kostis,Defender,26,,,,,,,,,,,,,,,,,,,,,,,,,,,,,,,,,,,,,,,,,,,,,,,,,,,,,,,,,,,,,,,,,,,,,,,,,,,,,,,,,,,,,,,,,,,,,,,,,,,,,,,,,,,,,,,,,,,,,,,,,,,,,,,,,,,,
Spain_Primera_Division,2025-2026,Club Atlético de Madrid,6xulax65kp4aid70nk7g5jr2t,Robin Le Normand,Defender,24,64,24,40,22,,59,,4,218,4,,,124,47,77,24,303,4,22,,15,13,2,60,23,37,,10,1,260,1,857,,1,108,13,8,44,252,1,2,14,2,8,1,1,,4,,26,778,259,536,768,11,13,,1,1419,2,,,75,15,14,96,874,3,794,24,6,80,1048,2,2,2,25,40,46,36,40,3,0,,1,,,1,,1,,,,,,,1,1,,,1,0,1,,,,,,,,2,2,1,,,,,,,,,,,,,,,,,,,
Spain_Primera_Division,2025-2026,Club Atlético de Madrid,3gsprcdyogabeb8lr2y0bmytx,C. Lenglet,Defender,15,33,17,16,13,1,33,1,5,203,4,,1,70,38,32,35,272,6,13,1,10,10,,37,21,16,1,14,3,126,,662,,1,152,7,5,36,253,3,2,13,4,,,,2,12,,78,583,246,357,525,4,6,,,998,1,2,,44,18,5,91,684,2,603,10,12,81,791,2,2,,25,45,52,31,36,3,0,,,2,,,,,,,,,,,,,,,,,,,,1,1,,,,9,9,,,,,,,,,,,,,,,,,,,,
Spain_Primera_Division,2025-2026,Club Atlético de Madrid,amxunh6enoc99r07cp7qt621h,Marcos Llorente,Midfielder,14,21,12,9,25,4,217,6,2,307,6,,16,144,66,78,441,431,17,25,4,19,15,4,123,54,69,,9,15,446,2,1213,1,2,158,40,13,107,143,19,4,21,4,4,9,9,13,4,9,50,1083,554,557,1052,15,31,21,106,1862,14,9,,46,24,10,220,1237,10,1102,46,52,135,1631,28,28,8,19,32,115,48,103,5,0,,6,4,,,,,,,,,,,2,,,1,,,,,,,,,,,1,1,,,,,,,,,,,,,,,,,,,,
Spain_Primera_Division,2025-2026,Club Atlético de Madrid,8d04q3yp2kouwog0lj0s7ew2x,A. Lookman,Forward,22,4,2,2,7,,34,4,,43,,,5,28,16,12,99,13,1,7,,6,5,1,24,14,10,1,1,4,6,4,92,2,1,30,5,2,17,39,4,6,5,5,2,,,5,,4,1,77,60,17,76,1,1,,1,337,10,1,,,3,3,39,92,9,77,2,26,15,149,6,6,2,,2,20,1,13,1,1,,3,,,2,1,2,,,,,1,,1,2,,,1,1,1,,,,,,,,,,,,,,,,,,,,,,,,,,,,,
Spain_Primera_Division,2025-2026,Club Atlético de Madrid,a9olh86vdqnby3hz8ibwfq784,Iker Luque,Forward,37,,,,,,,,,,,,,,,,,,,,,,,,,,,,,,,,,,,,,,,,,,,,,,,,,,,,,,,,,,,,,,,,,,,,,,,,,,,,,,,,,,,,,,,,,,,,,,,,,,,,,,,,,,,,,,,,,,,,,,,,,,,,,,,,,,,,
Spain_Primera_Division,2025-2026,Club Atlético de Madrid,51qvkjhgmbxersyfxzb8en1n8,Dani Martínez,Defender,30,,,,,,,,,,,,,,,,,,,,,,,,,,,,,,,,,,,,,,,,,,,,,,,,,,,,,,,,,,,,,,,,,,,,,,,,,,,,,,,,,,,,,,,,,,,,,,,,,,,,,,,,,,,,,,,,,,,,,,,,,,,,,,,,,,,,
Spain_Primera_Division,2025-2026,Club Atlético de Madrid,c90gk99jn34wxtlad784hpnv8,Carlos Martín,Forward,12,14,8,6,7,,31,1,2,21,,,3,51,31,20,59,22,2,7,,7,7,,37,23,14,,,1,21,,81,,2,8,6,4,15,7,1,2,5,5,2,1,1,3,,7,1,64,32,33,63,5,4,1,,312,5,1,,3,9,3,45,81,3,64,9,11,17,147,6,6,1,2,3,19,4,14,1,0,,1,1,,,,,,,,,,,1,,,1,,,,,,,,,,,,,,,,,,,,,,,,,,,,,,,,
Spain_Primera_Division,2025-2026,Club Atlético de Madrid,1filh68q6hdk921qkdo7rsvmc,Rodrigo Mendoza,Midfielder,4,21,16,5,20,,116,6,1,138,,,5,134,77,57,248,119,10,20,,19,17,2,113,61,52,1,4,11,164,2,511,2,2,80,14,6,52,138,11,6,10,8,10,6,3,16,1,26,21,435,285,181,439,5,11,,3,1007,33,1,,8,22,20,158,537,8,460,16,25,77,748,12,8,16,3,14,65,24,63,5,0,,2,7,7,1,1,1,,1,,,1,1,,,2,,1,0,,,,,,,,,,,,,,,,,,,,,,,,,,,,,,
Spain_Primera_Division,2025-2026,Club Atlético de Madrid,ieu0x9fy8hpqyztdjg8bgpnt,N. Molina,Defender,16,17,11,6,22,1,93,2,4,140,5,,5,112,57,55,249,230,7,22,1,15,10,5,95,46,49,1,13,14,267,2,628,1,,90,27,12,69,46,15,6,12,2,10,10,8,13,1,4,22,507,281,243,492,14,19,31,86,1129,16,3,,29,12,3,222,636,9,514,33,19,122,967,31,28,10,17,34,104,49,88,4,1,,3,1,4,2,2,,2,,,,2,2,1,,2,,1,1,,,,,,,,,,,,,,,,,,,,,,,,,,,,,,
Spain_Primera_Division,2025-2026,Club Atlético de Madrid,2hgczqjd0r748ye3zmqm0am1g,Jano Monserrate,Midfielder,27,,,,1,,1,,,,,,,5,2,3,3,2,1,1,,,,,5,2,3,,,,1,,6,,,,,,1,2,,,,,1,,,,,,,5,3,2,5,,2,,,17,1,,,,1,1,4,6,,5,2,,1,12,1,1,1,,,2,,1,,0,,,,,,,,,,,,,,,,,,,,,,,,,,,,,,,,,,,,,,,,,,,,,,,,,
Spain_Primera_Division,2025-2026,Club Atlético de Madrid,8921la7pznfjc4e69ul2pqmms,Javier Morcillo,Midfielder,47,1,1,,1,,,,,,,,,4,3,1,,3,1,1,,1,1,,3,2,1,,,,1,,4,,,,,,,,,,,,1,,,,,,,3,,3,3,,1,,,29,,,,1,2,,1,4,,3,1,,1,6,,,,,1,1,,,,0,,,,,,,,,,,,,,,,,,,,,,,,,,,,,,,,,,,,,,,,,,,,,,,,,
Spain_Primera_Division,2025-2026,Club Atlético de Madrid,5df1lmed2itp14z4efyymmvbo,Álvaro Moreno,Goalkeeper,51,,,,,,,,,,,,,,,,,,,,,,,,,,,,,,,,,,,,,,,,,,,,,,,,,,,,,,,,,,,,,,,,,,,,,,,,,,,,,,,,,,,,,,,,,,,,,,,,,,,,,,,,,,,,,,,,,,,,,,,,,,,,,,,,,,,,
Spain_Primera_Division,2025-2026,Club Atlético de Madrid,7drgir9lcwfst8vxz07jboe6t,J. Musso,Goalkeeper,1,,,,4,,,,,7,2,,,1,,1,,50,,4,,5,4,1,1,,1,,,,30,,63,,1,3,,,35,19,,,4,,,,,,3,,14,57,6,73,65,,,,,360,,,3,3,,1,20,99,,79,,,20,146,,,,7,20,16,4,,2,0,,,,,,,,,,,,,,,,,,,,,,,,,,,,39,22,,,3,1,6,,1,,1,15,9,6,,1,3,,,,,
Spain_Primera_Division,2025-2026,Club Atlético de Madrid,2yt9oajv9dkbju8tgy1g2nmqd,J. Oblak,Goalkeeper,13,6,1,5,26,,,,,65,10,,,11,3,8,,431,,26,,25,19,6,5,2,3,,,,170,,491,,1,22,2,,212,167,,,26,,,,,,51,,174,403,107,461,394,,,,1,2340,,,17,19,,4,202,768,,568,,,200,992,,,,94,199,132,68,1,,0,,,,,,,,,,,,,,,,,,,,,,,,,,,,243,196,,,16,2,69,2,2,,10,58,39,19,,,17,,,,,
Spain_Primera_Division,2025-2026,Club Atlético de Madrid,d0kzduhj90areaill2gvvw6xg,Marc Pubill,Defender,18,48,6,42,12,1,52,1,12,149,4,,3,84,19,65,45,207,2,12,1,5,2,3,36,13,23,,17,2,196,1,567,2,,85,11,7,38,125,3,3,9,1,3,2,2,2,4,1,19,498,192,321,492,6,7,7,13,842,3,1,,59,9,8,88,580,5,511,13,8,69,742,2,2,1,9,27,50,21,42,1,0,,2,4,,,,,,,,,,,,,,,,,,,,,,,,,,,,,,,,,,,,,,,,,,,,,,
Spain_Primera_Division,2025-2026,Club Atlético de Madrid,6wdf76fgg6h13ybmzeye3io7o,A. Puric,Defender,40,,,,,,,,,,,,,,,,,,,,,,,,,,,,,,,,,,,,,,,,,,,,,,,,,,,,,,,,,,,,,,,,,,,,,,,,,,,,,,,,,,,,,,,,,,,,,,,,,,,,,,,,,,,,,,,,,,,,,,,,,,,,,,,,,,,,
Spain_Primera_Division,2025-2026,Club Atlético de Madrid,abq67eup8kd31w8da2i0eftgp,G. Raspadori,Forward,22,10,7,3,12,1,32,1,,37,,,3,31,18,13,65,15,1,12,1,4,3,1,21,11,10,1,,3,18,2,89,,,9,4,2,13,26,4,3,1,1,11,3,1,1,,5,1,70,47,28,71,1,1,,1,226,7,2,,1,3,7,36,91,6,72,2,22,19,138,6,1,3,,,20,5,19,1,0,,3,,8,,,,,,,,,2,1,,4,1,,,,,,,,,,,,,,,,,,,,,,,,,,,,,,,,
Spain_Primera_Division,2025-2026,Club Atlético de Madrid,7mvqysbmyf6uj3jny3qpqw2ga,M. Ruggeri,Defender,3,33,15,18,21,3,137,1,2,129,4,,11,123,67,56,358,208,21,21,3,18,12,6,90,52,38,,15,17,39,1,685,1,1,82,38,17,77,308,20,1,16,7,5,27,26,4,4,,29,603,358,278,580,12,21,13,108,1370,14,4,,48,24,1,164,692,3,609,33,27,83,1058,43,43,12,13,21,95,31,62,4,0,,2,3,2,,,,,,,,,1,,,,,,,,,,,,,1,,,,,,,,,,,,,,,,,,,,,,,
Spain_Primera_Division,2025-2026,Club Atlético de Madrid,9i0zcx8u1isqf9q0iy4m3p27e,Javi Serrano,Midfielder,42,,,,,,,,,,,,,,,,,,,,,,,,,,,,,,,,,,,,,,,,,,,,,,,,,,,,,,,,,,,,,,,,,,,,,,,,,,,,,,,,,,,,,,,,,,,,,,,,,,,,,,,,,,,,,,,,,,,,,,,,,,,,,,,,,,,,
Spain_Primera_Division,2025-2026,Club Atlético de Madrid,5es43b4a7fv0lkmp63dj439ey,G. Simeone,Forward,20,44,19,25,27,5,271,6,3,240,2,2,24,260,131,129,619,188,10,27,6,20,16,4,216,112,104,4,17,22,340,6,859,4,2,123,47,13,99,62,28,15,22,15,5,8,8,27,,17,9,700,452,258,693,15,22,7,23,1919,60,8,2,11,20,40,321,861,28,702,37,124,159,1293,34,34,35,,6,150,43,153,1,1,,13,3,,4,3,3,1,1,2,,2,,7,2,,3,2,2,,,,,,,2,,,,,,,,,,,,,,,,,,,,,,,
Spain_Primera_Division,2025-2026,Club Atlético de Madrid,6akzpi6rd6qq0ke07ojnhpoet,A. Sørloth,Forward,9,134,57,77,29,,95,9,2,108,,,16,238,127,111,288,72,8,29,,20,15,5,104,70,34,1,,10,104,8,336,1,1,59,13,4,27,85,10,16,17,11,12,2,2,9,,26,5,220,165,77,235,6,6,,,1592,43,2,,18,24,13,220,356,44,240,12,106,116,608,9,9,18,,2,99,26,114,4,3,1,28,1,1,10,7,10,,3,4,,2,,12,9,,13,9,1,4,,,,1,,,,,,,1,,,,,,,,,,,,,,,,,,
Spain_Primera_Division,2025-2026,Club Atlético de Madrid,17qer12owcsluo5djhufxa8es,Taufik Seidu,Midfielder,28,,,,1,,,,,,,,,2,2,,1,2,2,1,,1,1,,2,2,,,,,1,,4,1,,,2,1,1,1,,,,,1,,,,,,,2,,2,2,,,,,22,,,,,2,,3,4,,2,,,2,7,,,,,,2,,2,1,0,,,,,,,,,,,,,,,,,,,,,,,,,,,,,,,,,,,,,,,,,,,,,,,,,
Spain_Primera_Division,2025-2026,Club Atlético de Madrid,q00t04zyy8idanvhpee3ubu2,O. Vargas,Midfielder,21,1,1,,4,,15,,1,22,,,1,20,7,13,36,19,1,4,,3,3,,19,6,13,,1,1,25,1,88,1,,13,8,5,4,31,1,,2,1,2,1,1,2,,1,4,72,32,43,70,2,6,,2,217,3,,,1,1,3,24,90,,74,8,3,16,127,3,3,2,1,6,15,4,10,1,0,,,,,,,,,,,,,,,,,,,,,,,,,,,,,,,,,,,,,,,,,,,,,,,,,
Spain_Primera_Division,2025-2026,Club Atlético de Madrid,68wuijmde8bwjn8wi5r0hxmqy,Mario de Luis,Goalkeeper,33,,,,,,,,,,,,,,,,,,,,,,,,,,,,,,,,,,,,,,,,,,,,,,,,,,,,,,,,,,,,,,,,,,,,,,,,,,,,,,,,,,,,,,,,,,,,,,,,,,,,,,,,,,,,,,,,,,,,,,,,,,,,,,,,,,,,
Spain_Primera_Division,2025-2026,Deportivo Alavés,eiqt71z69beq7akuhot0foset,Carles Aleñá,Midfielder,10,33,19,14,30,3,163,9,2,140,,,11,216,122,94,420,186,19,30,4,31,29,2,183,103,80,3,10,29,187,,742,,4,72,41,17,79,238,33,13,22,18,8,33,8,13,4,26,22,632,472,219,636,11,24,,5,1859,46,6,,22,36,32,272,774,18,658,35,33,116,1175,74,28,15,12,28,155,35,88,4,0,,5,2,60,,,,,,,,,19,2,,30,1,,,,,,,,,,,,,,,,,,,,,,,,,,,,,,,,
Spain_Primera_Division,2025-2026,Deportivo Alavés,adhdg45s949jxd16ccqhm3ehg,Carlos Ballestero,Defender,30,,,,1,,,,,,,,,1,1,,1,,,1,,1,1,,1,1,,,,,,,,,,,,,,,,,,,1,,,,,,,,,,,,,1,,1,,,,1,,,1,,,,,,,2,,,,,,,,,,0,,,,,,,,,,,,,,,,,,,,,,,,,,,,,,,,,,,,,,,,,,,,,,,,,
Spain_Primera_Division,2025-2026,Deportivo Alavés,4zve4017u2i3zvxlnjruv25t5,Antonio Blanco,Midfielder,8,59,27,32,28,2,233,9,9,225,2,,7,319,161,158,270,446,30,28,2,39,37,2,260,134,126,,45,13,400,2,1440,1,5,97,55,30,165,440,15,9,28,7,,6,6,20,7,23,79,1221,654,648,1217,32,45,1,4,2411,34,1,,32,53,31,310,1519,20,1296,77,13,223,1957,19,19,7,21,58,173,69,165,7,0,,11,3,,1,,,1,,1,,,,,,,2,0,1,,,,,,,,,,,,,,,,,,,,,,,,,,,,,,
Spain_Primera_Division,2025-2026,Deportivo Alavés,9ivrglgy0tibv881e1a93psr9,L. Boyé,Forward,15,99,68,31,24,1,101,12,5,152,2,,11,356,223,133,430,71,27,24,1,29,27,2,257,155,102,3,7,22,103,9,360,6,3,80,38,18,59,98,23,24,19,3,5,1,,37,,25,4,260,204,70,269,10,22,,,1767,97,5,,15,50,33,315,373,43,273,32,121,100,863,9,9,37,2,5,93,16,95,2,3,,19,,,10,5,9,1,,,,8,,8,8,,5,7,3,2,3,3,1,1,,,5,,,,,,,,,,,,,,,,,,,,1,1,
Spain_Primera_Division,2025-2026,Deportivo Alavés,evyeubmelkx90xby5p9i38woa,Calebe,Midfielder,20,5,3,2,17,,96,3,1,87,,,3,115,54,61,162,61,9,17,,8,8,,110,51,59,2,6,11,132,,294,3,,53,10,6,51,8,11,1,13,13,4,2,1,16,1,3,6,256,148,113,253,11,14,,3,721,31,1,,2,18,18,105,297,2,259,25,21,38,472,14,10,23,2,4,42,10,34,2,0,,1,4,6,,,,,,,,,1,,,2,,,,,,,,,,,,,,,,,,,,,,,,,,,,,,,,,
Spain_Primera_Division,2025-2026,Deportivo Alavés,4psxc0t1nm2o7a984utuzwciy,I. Diabate,Forward,22,11,9,2,2,,7,1,,3,,,,15,11,4,21,3,,2,,1,1,,4,2,2,,,,8,1,26,,,2,,,1,8,,1,1,1,1,,,,,3,,16,12,4,16,2,,,,118,1,,,,1,,17,26,2,16,2,3,10,40,,,,,,8,2,10,,0,,1,,,,,,,,,,,,,,,1,,,,,,,,,,,,,,,,,,,,,,,,,,,,,,,,
Spain_Primera_Division,2025-2026,Deportivo Alavés,c44zop1hvob3cmgu2grj8m0yy,M. Diarra,Defender,22,6,1,5,3,,8,,,14,,,,27,14,13,36,21,2,3,,3,2,1,21,13,8,,1,1,3,,63,,,10,9,5,11,32,1,,3,3,,1,1,1,1,1,3,40,23,19,38,4,2,9,19,219,5,,,6,4,1,41,64,,41,6,2,23,130,,,3,6,6,15,8,17,1,0,,,,,,,,,,,,,,,,,,,,,,,,,,,,,,,,,,,,,,,,,,,,,,,,,
Spain_Primera_Division,2025-2026,Deportivo Alavés,eufpzdp76oumhybvscmu76vo5,M. Díaz,Forward,9,34,22,12,10,,9,1,1,15,,,1,57,40,17,56,9,4,10,,4,4,,23,18,5,,,2,9,6,40,1,1,8,1,1,9,16,2,2,3,3,7,,,1,,3,,25,21,7,28,3,1,1,1,282,7,2,,2,13,,39,43,5,28,4,12,15,89,3,3,1,,,16,2,15,1,0,,3,,,,,,,,,,,,,,,1,,,,,,,,,,,,,,,,,,,,,,,,,,,,,,,,
Spain_Primera_Division,2025-2026,Deportivo Alavés,2ww626a9v31b072prdx0xf1g4,Y. Enríquez,Defender,3,22,7,15,22,1,146,4,1,106,1,,6,108,59,49,267,167,7,22,1,16,16,,86,52,34,3,10,12,13,,506,,2,62,18,7,60,186,13,4,12,5,10,18,18,8,3,,25,399,224,198,379,5,9,16,101,1198,22,3,1,34,22,12,208,512,6,404,14,17,108,855,39,39,14,19,26,109,38,82,5,0,,2,1,,,,,,,,,,,1,,,1,,,,,,,,,1,,,,,,,,,,,,,,,,,,,,,,,
Spain_Primera_Division,2025-2026,Deportivo Alavés,d113ljlwz4uaqd7uk8t2pidat,Raúl Fernández,Goalkeeper,13,,,,,,,,,,,,,,,,,,,,,,,,,,,,,,,,,,,,,,,,,,,,,,,,,,,,,,,,,,,,,,,,,,,,,,,,,,,,,,,,,,,,,,,,,,,,,,,,,,,,,,,,,,,,,,,,,,,,,,,,,,,,,,,,,,,,
Spain_Primera_Division,2025-2026,Deportivo Alavés,658ed5dqfrdd5fe7ayo9eo1rd,F. Garcés,Defender,2,44,20,24,10,,24,1,9,65,1,,,75,35,40,15,105,2,10,,11,9,2,31,15,16,1,7,,120,2,338,,1,20,4,3,25,105,,3,8,,2,,,,4,,11,285,95,204,288,5,8,,2,792,,,1,68,13,3,64,354,7,299,13,8,55,480,1,1,,21,33,41,15,22,3,0,,4,,,,,,,,,,,,1,,,,,,,,,,,,,,,,,,,,,,,,,,,,,,,,,,,
Spain_Primera_Division,2025-2026,Deportivo Alavés,9zlwozqtwwiza53nhkr9fnpxw,Álvaro García,Defender,26,,,,,,,,,,,,,,,,,,,,,,,,,,,,,,,,,,,,,,,,,,,,,,,,,,,,,,,,,,,,,,,,,,,,,,,,,,,,,,,,,,,,,,,,,,,,,,,,,,,,,,,,,,,,,,,,,,,,,,,,,,,,,,,,,,,,
Spain_Primera_Division,2025-2026,Deportivo Alavés,cme92rbmqszu51sjm99ho8a21,Ander Guevara,Midfielder,6,27,12,15,20,,47,1,2,67,,,3,80,43,37,76,117,3,20,,10,9,1,53,31,22,1,7,2,100,,362,,1,31,18,8,35,111,2,2,2,1,18,2,2,5,3,11,18,296,156,152,288,4,8,,,555,11,,,26,10,5,91,375,3,306,12,6,69,485,2,2,3,8,16,47,24,53,2,0,,1,1,,1,,1,,1,1,,,,,1,,,0,1,,,,1,1,,,,,,,,,,,,,,,,,,,,,,,,,
Spain_Primera_Division,2025-2026,Deportivo Alavés,bccp1nvtoc3n1q4g4sw1p7ro5,Jon Guridi,Midfielder,18,36,21,15,20,,66,2,1,67,,,3,84,48,36,129,74,7,20,,15,13,2,48,27,21,,4,3,105,2,315,,,32,15,8,41,72,3,5,9,9,11,1,1,5,,20,8,256,152,107,250,4,10,,4,736,12,,,10,8,4,96,317,8,258,14,28,59,436,5,5,7,1,4,41,23,55,1,0,,3,,,,,,,,,,,,2,,,2,,,,,,,,,,,,,,,,,,,,,,,,,,,,,,,,
Spain_Primera_Division,2025-2026,Deportivo Alavés,1lp5aeozyzmj6jbyy5tco6xas,Izei Hernández,Forward,32,,,,,,,,,,,,,,,,,,,,,,,,,,,,,,,,,,,,,,,,,,,,,,,,,,,,,,,,,,,,,,,,,,,,,,,,,,,,,,,,,,,,,,,,,,,,,,,,,,,,,,,,,,,,,,,,,,,,,,,,,,,,,,,,,,,,
Spain_Primera_Division,2025-2026,Deportivo Alavés,eqw6fu3no9qxejk17tqgeey5m,Pablo Ibáñez,Midfielder,19,44,24,20,29,1,170,14,10,260,2,,15,297,151,146,373,214,17,29,1,27,25,2,253,127,126,1,16,15,218,2,827,,1,128,46,19,102,241,16,17,23,18,6,6,6,31,3,22,21,711,430,302,705,14,26,,5,1831,74,1,,25,30,55,263,843,29,726,40,43,117,1311,24,24,35,15,26,111,30,91,5,0,,12,2,1,1,,1,,1,,,1,,3,1,,,0,1,,,,,,,,,,,,,,,,,,,,,,,,,,,,,,
Spain_Primera_Division,2025-2026,Deportivo Alavés,7wzwqegxhekjwq361dd2nidp1,Jonny,Defender,17,43,18,25,29,,175,1,10,378,3,,8,239,106,133,355,592,16,29,,41,38,3,196,88,108,4,35,15,499,1,1443,1,5,219,64,34,134,232,15,4,29,4,,6,6,24,11,4,54,1238,590,708,1238,22,36,30,204,2548,36,2,,53,29,26,321,1498,6,1292,58,21,206,2133,16,16,8,24,53,149,73,153,5,0,,2,2,,,,,,1,,,,,2,,,1,,,,,,,,,,,,,,,,,,,,,,,,,,,,,,,,
Spain_Primera_Division,2025-2026,Deportivo Alavés,5ol17485ecah0trdmkw3byqne,V. Koski,Defender,16,1,,1,2,,,,,,,,,3,,3,,,,2,,1,1,,2,,2,,1,,,,1,,,,,,,1,,,,,2,,,,,,,,,,,1,1,,,11,,,,2,,,1,1,,,2,,1,6,,,,,,1,,1,,0,,,,,,,,,,,,,,,,,,,,,,,,,,,,,,,,,,,,,,,,,,,,,,,,,
Spain_Primera_Division,2025-2026,Deportivo Alavés,4yl8kuibtpbw3hzewc9a6a1n9,N. Maraš,Defender,12,,,,,,,,,,,,,,,,,,,,,,,,,,,,,,,,,,,,,,,,,,,,,,,,,,,,,,,,,,,,,,,,,,,,,,,,,,,,,,,,,,,,,,,,,,,,,,,,,,,,,,,,,,,,,,,,,,,,,,,,,,,,,,,,,,,,
Spain_Primera_Division,2025-2026,Deportivo Alavés,1nd8l0ofw9x779c0ufwbbo4ph,Toni Martínez,Forward,11,240,107,133,29,2,124,12,1,99,,,15,392,189,203,353,153,19,29,3,29,28,1,152,82,70,2,4,15,122,11,493,1,3,51,24,14,67,104,18,34,24,17,5,3,3,16,1,36,8,287,197,101,287,11,13,,1,2045,45,4,,30,34,31,306,503,59,295,24,101,208,855,9,9,17,4,18,177,40,190,1,2,,25,2,,8,6,6,2,1,1,,4,,10,4,,11,4,4,3,,,,,2,,1,,1,,,,,1,,,,,,,,,,,,,,,
Spain_Primera_Division,2025-2026,Deportivo Alavés,9nqvf6si8k5u91rjslfvgc650,Aitor Mañas,Forward,34,3,3,,6,,5,,,4,,,1,19,15,4,12,1,1,6,,3,3,,16,12,4,,,2,5,,12,,2,1,1,1,4,3,2,,,,6,,,1,,,,10,7,5,12,2,1,,,66,9,,,,1,,13,14,1,12,3,1,2,35,,,5,,,1,1,2,,0,,1,,,,,,,,,,,,1,,,,,,,,,,,,,,,,,,,,,,,,,,,,,,,,,,,
Spain_Primera_Division,2025-2026,Deportivo Alavés,3zlta2ssit2zxbsukavwzktn8,Rubén Montero,Goalkeeper,33,,,,,,,,,,,,,,,,,,,,,,,,,,,,,,,,,,,,,,,,,,,,,,,,,,,,,,,,,,,,,,,,,,,,,,,,,,,,,,,,,,,,,,,,,,,,,,,,,,,,,,,,,,,,,,,,,,,,,,,,,,,,,,,,,,,,
Spain_Primera_Division,2025-2026,Deportivo Alavés,87ycnbfm44w6j3komxt0cihp0,Diego Morcillo,Forward,29,,,,1,,,,,1,,,,2,1,1,5,3,1,1,,,,,2,1,1,,,,,,4,,,,,,,1,,1,,,1,,,,,,,2,2,,2,,,,,9,,,,,1,1,4,4,1,2,,3,2,8,1,1,,,1,3,,1,,0,,,,,,,,,,,,,,1,,,,,,,,,,,,,,,,,,,,,,,,,,,,,,,,,,,
Spain_Primera_Division,2025-2026,Deportivo Alavés,119jg0tkn5d9rfj233wd1uzv8,Egoitz Muñoz,Defender,27,,,,,,,,,,,,,,,,,,,,,,,,,,,,,,,,,,,,,,,,,,,,,,,,,,,,,,,,,,,,,,,,,,,,,,,,,,,,,,,,,,,,,,,,,,,,,,,,,,,,,,,,,,,,,,,,,,,,,,,,,,,,,,,,,,,,
Spain_Primera_Division,2025-2026,Deportivo Alavés,2khe1otxcw6vd2bts09ipdzis,Xanet Oláiz,Defender,35,,,,,,,,,,,,,,,,,,,,,,,,,,,,,,,,,,,,,,,,,,,,,,,,,,,,,,,,,,,,,,,,,,,,,,,,,,,,,,,,,,,,,,,,,,,,,,,,,,,,,,,,,,,,,,,,,,,,,,,,,,,,,,,,,,,,
Spain_Primera_Division,2025-2026,Deportivo Alavés,7bs0ph4yksf6lvkg91u9nqzqi,Jon Pacheco,Defender,5,66,25,41,21,,79,,21,214,2,1,2,139,54,85,45,323,4,21,,29,27,2,73,29,44,,11,5,197,1,900,,3,125,16,8,70,337,5,3,20,2,1,1,1,2,15,,63,781,293,518,747,20,16,,2,1725,4,1,1,101,14,7,146,936,4,810,36,14,126,1179,3,3,1,29,70,95,34,56,4,0,2,1,1,,,,,,,,,,,,,,,,,,,,1,1,,,,,,1,,,,,,,,,,,,,,,,,,,
Spain_Primera_Division,2025-2026,Deportivo Alavés,6azcxbumsgd8es7mcd9b3t94a,Víctor Parada,Defender,24,47,22,25,22,2,103,2,6,110,1,1,5,131,65,66,157,224,8,22,3,27,26,1,84,43,41,1,6,10,50,2,557,,2,52,20,7,48,191,13,5,17,6,5,7,7,7,8,,19,447,213,252,439,15,7,18,60,1507,11,3,1,50,25,12,181,568,6,458,22,15,110,851,23,23,5,25,42,102,31,68,6,0,1,1,,,,,,,,,,,,1,,,,,,,,,1,1,,,,,,,,,,,,,,,,,,,,,,,,,
Spain_Primera_Division,2025-2026,Deportivo Alavés,an5bw8oxg9ig8mj9pbn8qjthw,Lander Pinillos,Midfielder,28,1,1,,1,,,,,1,,,,1,1,,2,,,1,,,,,,,,,,,1,,1,,,1,1,,,,,,,,1,,,,,,,1,1,,1,,,,,1,,,,,,,1,1,,1,,,,3,1,1,,,,1,,,,0,,,,,,,,,,,,,,,,,,,,,,,,,,,,,,,,,,,,,,,,,,,,,,,,,
Spain_Primera_Division,2025-2026,Deportivo Alavés,16mj3l623plqx1hm9zvpvn5yh,C. Protesoni,Midfielder,23,7,4,3,9,,15,1,3,21,,,,30,15,15,18,31,6,9,,4,3,1,23,11,12,,2,2,25,,105,,,10,5,3,3,40,2,,3,3,6,,,,3,2,10,92,45,53,88,5,5,,,240,3,,,13,7,2,21,111,2,98,10,4,13,158,,,2,3,5,10,3,8,,0,,2,1,,,,,,,,,,,,,,,,,,,,1,1,,,,,,,,,,,,,,,,,,,,,,,,,
Spain_Primera_Division,2025-2026,Deportivo Alavés,350ehsdbvwysbfxgeian91rf8,Ángel Pérez,Defender,7,6,6,,8,1,63,2,1,59,,,8,51,28,23,180,62,1,8,1,12,12,,45,22,23,1,5,7,104,3,234,3,2,37,20,2,24,5,8,1,6,2,2,10,8,10,,2,3,173,126,57,170,1,6,3,20,583,12,1,,10,7,6,119,234,4,173,7,18,61,383,34,26,11,9,16,77,18,45,1,0,,3,,5,1,1,1,,,1,,,2,1,1,3,,0,1,,,,,,,,,,,,,,,,,,,,,,,,,,,,,,
Spain_Primera_Division,2025-2026,Deportivo Alavés,1ttc96b92xjfx1ta3vdwya0dm,A. Rebbach,Forward,21,14,8,6,23,,63,7,,129,,,18,146,85,61,278,71,6,23,1,10,9,1,132,77,55,1,8,18,43,3,284,6,2,76,25,8,53,117,19,12,8,6,15,11,2,10,3,9,11,228,161,85,224,16,10,2,12,908,38,6,,10,26,19,185,294,21,235,26,40,59,579,58,29,24,2,6,108,9,53,4,1,,9,,30,1,1,1,,1,,,1,5,3,1,23,,0,1,,,,,,,,1,,,,,,,,,,,,,,,,,,,,,,
Spain_Primera_Division,2025-2026,Deportivo Alavés,dd6d1zfnhpfxs20nov3ou99g4,Paco Sanz,Defender,36,,,,,,,,,,,,,,,,,,,,,,,,,,,,,,,,,,,,,,,,,,,,,,,,,,,,,,,,,,,,,,,,,,,,,,,,,,,,,,,,,,,,,,,,,,,,,,,,,,,,,,,,,,,,,,,,,,,,,,,,,,,,,,,,,,,,
Spain_Primera_Division,2025-2026,Deportivo Alavés,c7i0lduij4vsnluxisdnaxsk5,Antonio Sivera,Goalkeeper,1,9,,9,30,,,,,45,3,,2,14,2,12,,660,1,30,,43,40,3,5,2,3,,,,62,,384,,5,18,1,1,223,60,,,30,,,,,,127,,251,211,216,180,145,1,1,,,2700,,,17,36,1,1,391,782,,396,2,,386,1035,,,,196,382,333,53,4,2,0,1,,,,,,,,,,,,,,,,,,,,,,,,,,,207,223,2,,18,4,112,7,5,,16,80,58,21,,3,18,,,,,
Spain_Primera_Division,2025-2026,Deportivo Alavés,28psc296gj3umo59qqha8jil1,Denis Suárez,Midfielder,4,10,7,3,22,1,94,2,3,190,,,4,142,80,62,221,199,11,22,1,16,15,1,132,73,59,,6,14,157,,637,2,4,88,23,11,74,220,15,1,11,11,11,7,3,20,1,12,21,551,355,233,560,9,10,,2,1061,36,2,,8,18,20,159,670,4,581,19,9,89,864,14,7,21,6,27,84,19,62,5,0,,3,7,12,1,1,1,,1,,,1,4,2,1,3,2,1,0,,,,,,,,,,,,,,,,,,,,,,,,,,,,,,
Spain_Primera_Division,2025-2026,Deportivo Alavés,drrhh40iph6dozowkv50abtw4,G. Świderski,Goalkeeper,31,,,,,,,,,,,,,,,,,,,,,,,,,,,,,,,,,,,,,,,,,,,,,,,,,,,,,,,,,,,,,,,,,,,,,,,,,,,,,,,,,,,,,,,,,,,,,,,,,,,,,,,,,,,,,,,,,,,,,,,,,,,,,,,,,,,,
Spain_Primera_Division,2025-2026,Deportivo Alavés,9tw6rz3lfmn06fzsabtx9ei95,N. Tenaglia,Defender,14,74,39,35,28,,76,3,22,272,3,,4,210,91,119,113,387,10,28,,40,37,3,136,52,84,,33,6,335,3,1084,2,5,151,32,13,83,320,6,9,28,1,,3,3,9,16,,64,937,339,633,905,13,32,10,44,2519,17,1,,138,23,30,212,1118,13,969,45,25,149,1585,14,14,12,47,80,122,41,69,2,1,1,4,,,1,,1,,1,1,,,,1,1,,,1,0,,,,,,1,,,,,2,,,,,,,,,,,,,,,,,,,
Spain_Primera_Division,2025-2026,Deportivo Alavés,bb2v7p23g1w8kb3nhuuwnil4a,Carlos Vicente,Forward,7,23,12,11,21,,149,2,2,162,,,22,167,76,91,409,101,8,21,,19,17,2,144,64,80,,7,26,197,10,461,3,2,96,49,15,63,25,26,4,11,5,10,29,18,11,2,9,7,368,253,154,371,10,17,,13,1256,32,7,,14,12,42,261,472,10,378,27,45,94,851,99,76,26,6,9,170,23,85,1,0,,6,,33,5,2,5,,,,,5,9,1,5,21,2,5,0,,3,3,,,1,1,,,,,,,,,,,,,,,,,,,,,,,
Spain_Primera_Division,2025-2026,Elche CF,9rr6g0wel9f0noof3d9dwrehg,A. El Mokhtari,Forward,32,4,1,3,7,,13,1,,10,,,1,21,12,9,37,7,,7,,5,5,,17,11,6,,1,2,7,1,37,,1,5,1,,3,12,2,2,,,7,,,1,,4,3,32,23,11,31,2,2,,,98,8,,,4,,1,19,39,4,34,4,6,5,73,2,2,4,,,6,1,5,,0,,2,,1,1,1,1,,,,,1,,,,,,0,1,,,,,,,,,,,,,,,,,,,,,,,,,,,,,,
Spain_Primera_Division,2025-2026,Elche CF,7o7vwlqxknci1fymzkn9hug6i,D. Affengruber,Defender,22,67,27,40,28,,165,,19,405,4,,4,212,75,137,91,540,17,28,,40,34,6,145,48,97,,40,5,591,2,1486,1,5,246,11,7,121,256,5,6,25,4,3,,,9,9,1,53,1296,483,875,1305,19,40,12,19,2265,5,,1,137,27,29,232,1552,8,1358,59,19,194,1957,8,8,2,39,94,146,56,100,6,0,1,2,2,,,,,,,,,,,1,,,1,,,,,,,1,,,,13,13,3,1,,,,,,,,,,,,,,,,,,
Spain_Primera_Division,2025-2026,Elche CF,z0qe6u5fvgrjy0jzk1qhbgq2,Marc Aguado,Midfielder,8,19,12,7,29,1,199,1,19,126,,,1,115,45,70,137,297,13,29,1,32,28,4,96,33,63,,37,4,285,,1026,,4,71,22,12,78,282,5,,24,17,5,2,2,,4,15,17,924,481,481,943,17,25,,3,2019,7,,,41,18,22,123,1063,1,960,42,4,103,1315,,,1,21,32,60,43,71,2,0,,1,,1,1,1,1,,,,,1,,,,,,1,0,,,,,,,,,,,1,,,,,,,,,,,,,,,,,,,
Spain_Primera_Division,2025-2026,Elche CF,dhhmffih4gl51nlu92hfctqs5,André Silva,Forward,9,52,35,17,23,,109,10,1,92,2,,8,164,97,67,276,88,4,23,,28,21,7,112,62,50,1,2,18,75,4,342,3,2,47,20,8,35,95,18,10,15,8,8,,,14,,35,2,267,210,82,290,4,3,,4,1305,35,1,,14,16,29,161,367,29,292,7,77,75,597,2,2,10,1,5,62,15,70,2,1,,19,2,,7,5,7,,,3,,3,,7,6,,4,2,5,1,1,1,,,,,2,,,,,,,,,,,,,,,,,,,,,,
Spain_Primera_Division,2025-2026,Elche CF,33r4ae8aivh27ho0ix9mnkedx,Pedro Bigas,Defender,6,48,16,32,22,1,127,2,16,252,4,1,3,139,58,81,137,470,8,22,2,24,18,6,91,42,49,1,24,8,157,,1143,,2,127,11,9,62,493,10,5,20,9,2,6,6,3,15,2,62,1015,501,619,1052,14,16,14,31,1610,9,4,,78,21,17,193,1247,7,1114,30,15,133,1563,15,15,3,39,74,111,37,59,3,0,2,2,1,,,,,,,,,,,1,,,,,,,,,1,1,,,,27,27,1,,,,,,,,,,,,,,,,,,,
Spain_Primera_Division,2025-2026,Elche CF,d87uduceapind7lgv6273xedw,L. Cepeda,Forward,24,5,4,1,6,,37,3,1,43,,,4,37,19,18,82,38,2,6,,7,6,1,32,15,17,,1,4,38,1,127,1,1,24,11,4,12,26,4,3,4,3,2,5,,4,,1,2,107,91,29,113,2,4,,3,339,7,,,,4,7,46,139,6,115,6,6,24,215,9,5,5,,1,30,3,23,1,0,,3,,9,,,,,,,,,4,1,,3,1,,,,,,,,,,1,,,,,,,,,,,,,,,,,,,,,,
Spain_Primera_Division,2025-2026,Elche CF,8nbnru9t2qxaotxw0hiaocdt5,Víctor Chust,Defender,23,45,20,25,23,,155,,15,304,4,1,2,166,72,94,106,385,15,23,,31,23,8,121,52,69,,19,3,372,1,1197,1,4,151,15,3,77,369,3,4,19,3,4,5,1,6,9,3,49,1081,445,714,1105,24,30,5,33,1794,6,,1,67,32,9,167,1281,6,1154,54,8,127,1572,14,4,3,19,64,104,37,63,6,0,,2,,10,,,,,,,,,2,1,,6,,,,,,,1,1,,,,27,28,2,,,,1,,,,,,,,,,,,,,,
Spain_Primera_Division,2025-2026,Elche CF,7puhnubgzx4mxzlyp001r30us,David Delgado,Defender,31,,,,,,,,,,,,,,,,,,,,,,,,,,,,,,,,,,,,,,,,,,,,,,,,,,,,,,,,,,,,,,,,,,,,,,,,,,,,,,,,,,,,,,,,,,,,,,,,,,,,,,,,,,,,,,,,,,,,,,,,,,,,,,,,,,,,
Spain_Primera_Division,2025-2026,Elche CF,1shws5hqogav06tvx8xm5ofe1,Bambo Diaby,Defender,4,7,5,2,4,,6,,,12,,,,15,10,5,5,13,1,4,,4,3,1,8,5,3,,1,,28,,58,,1,7,1,1,3,15,,,1,1,3,,,,,,2,55,16,43,57,,,,1,99,,,,4,3,3,5,62,,59,,1,3,76,,,,,,2,1,3,1,0,,,,,,,,,,,,,,,,,,,,,,,,,,,,,,,,,,,,,,,,,,,,,,,,,
Spain_Primera_Division,2025-2026,Elche CF,dce6e4b9ckqkxj1zpsh8poz55,G. Diangana,Forward,19,14,9,5,17,,62,8,3,85,,,4,99,59,40,182,58,6,17,,13,9,4,85,50,35,1,4,8,81,3,238,2,1,40,25,16,22,41,8,4,11,11,6,2,2,7,2,13,3,199,129,76,200,8,4,,2,765,35,1,,8,12,16,108,242,6,203,12,27,39,424,9,5,20,1,4,42,6,35,2,0,1,2,1,5,1,1,,1,,1,,,,1,,2,1,0,1,,,,,,,,,,,,,,,,,,,,,,,,,,,,,,
Spain_Primera_Division,2025-2026,Elche CF,8rgy29sd9okehwq8bzyb3v0t1,M. Dituro,Goalkeeper,1,9,,9,14,,,,,100,2,,1,18,4,14,,514,,14,,19,14,5,9,4,5,,1,2,144,,644,,3,62,1,,156,157,2,,14,,,,,,39,,190,513,128,489,427,,,,,1260,,,7,19,,6,202,815,,617,,,198,969,,,,75,184,163,35,14,1,0,,,,,,,,,,,,,,,,,,,,,,,,,,1,,105,73,,,16,5,24,2,4,,6,41,28,12,,,14,,,,,
Spain_Primera_Division,2025-2026,Elche CF,clrlsy05spf55w39f84b7p3sa,John Donald,Defender,18,13,6,7,14,,42,1,1,34,1,,,49,25,24,50,53,5,14,,12,8,4,36,19,17,,4,,43,,202,,1,13,6,3,25,67,,2,5,2,9,,,2,1,4,5,181,99,85,179,3,8,5,10,450,7,,,9,11,4,51,205,4,184,11,5,21,302,,,3,1,2,11,10,19,2,1,,2,,,1,1,1,,,,,1,,,1,,,1,0,,,,,,,,,,,,,,,,,,,,,,,,,,,,,,
Spain_Primera_Division,2025-2026,Elche CF,3b1t1bhcalqyj33n6zer7o86i,M. El Ghezouani,Forward,19,3,1,2,2,,5,1,,,,,,9,2,7,3,3,1,2,,,,,6,1,5,,,1,3,,15,,,,2,1,1,4,1,,,,2,,,,,2,,11,7,4,11,2,2,,,50,,,,,1,1,6,15,,11,4,1,4,24,,,,,,2,2,4,,0,,,,,,,,,,,,,,,,,,,,,,,,,,,,,,,,,,,,,,,,,,,,,,,,,
Spain_Primera_Division,2025-2026,Elche CF,90ga4jxu6ydpoliajft8w9y39,Aleix Febas,Midfielder,14,19,14,5,29,,334,8,3,474,6,1,8,317,122,195,616,452,12,29,1,42,33,9,298,108,190,3,21,23,359,,1556,2,3,258,38,13,145,450,24,4,29,4,,2,2,43,5,61,40,1395,919,517,1394,20,37,,3,2565,65,1,1,17,24,91,309,1595,12,1434,57,45,161,2080,18,18,27,7,20,148,31,141,7,0,,8,7,,2,2,2,,1,,,2,,1,1,,1,2,0,,,,,,,,,,,,,,,,,,,,,,,,,,,,,,
Spain_Primera_Division,2025-2026,Elche CF,cubfq1g67oz5e9nqa7vwks3ro,Pablo Belda,Defender,33,,,,,,,,,,,,,,,,,,,,,,,,,,,,,,,,,,,,,,,,,,,,,,,,,,,,,,,,,,,,,,,,,,,,,,,,,,,,,,,,,,,,,,,,,,,,,,,,,,,,,,,,,,,,,,,,,,,,,,,,,,,,,,,,,,,,
Spain_Primera_Division,2025-2026,Elche CF,8xjdsfk5u7wph4o7h1w45dses,Héctor Fort,Defender,39,8,3,5,9,1,42,5,1,53,,,4,44,23,21,89,22,3,9,2,4,3,1,36,20,16,,5,2,27,1,115,1,1,34,6,2,14,24,4,1,5,5,4,2,2,8,1,2,7,98,65,35,91,6,2,2,10,328,13,,,6,4,,44,115,5,98,8,12,17,210,5,5,8,2,5,18,4,12,,1,,4,,,1,1,1,,,,,1,,1,1,,,1,0,,,,,,,,,,,,,,,,,,,,,,,,,,,,,,
Spain_Primera_Division,2025-2026,Elche CF,56svek42y9qvpnddr2yicqsd0,Alex Herráiz,Midfielder,43,,,,,,,,,,,,,,,,,,,,,,,,,,,,,,,,,,,,,,,,,,,,,,,,,,,,,,,,,,,,,,,,,,,,,,,,,,,,,,,,,,,,,,,,,,,,,,,,,,,,,,,,,,,,,,,,,,,,,,,,,,,,,,,,,,,,
Spain_Primera_Division,2025-2026,Elche CF,1zpt144smsq4ggjpvfhq55udw,A. Houary,Forward,35,,,,2,,15,1,,19,,,,22,15,7,18,14,4,2,,2,1,1,22,15,7,,1,,8,,53,,,12,1,1,8,16,,1,2,2,,,,1,,1,1,47,26,21,46,2,2,,,125,6,,,1,7,2,18,53,1,47,4,,6,80,,,2,,1,5,1,5,,0,,,,,,,,,,,,,,,,,,,,,,,,,,,,,,,,,,,,,,,,,,,,,,,,,
Spain_Primera_Division,2025-2026,Elche CF,2i7l7343hvxwlzytr57th52sq,Alejandro Iturbe,Goalkeeper,45,,,,,,,,,,,,,,,,,,,,,,,,,,,,,,,,,,,,,,,,,,,,,,,,,,,,,,,,,,,,,,,,,,,,,,,,,,,,,,,,,,,,,,,,,,,,,,,,,,,,,,,,,,,,,,,,,,,,,,,,,,,,,,,,,,,,
Spain_Primera_Division,2025-2026,Elche CF,3lgfd54rnqbz247l5x18egd79,Jairo Izquierdo,Defender,3,,,,1,,4,,,4,,,,1,1,,7,3,,1,,,,,1,1,,,,,,,13,,,1,,,3,6,,,,,1,,,,,,1,11,5,6,10,,,,1,25,1,,,,,,6,13,,11,,,2,18,3,3,,,,4,1,2,,0,,,,,,,,,,,,,,,,,,,,,,,,,,,,,,,,,,,,,,,,,,,,,,,,,
Spain_Primera_Division,2025-2026,Elche CF,ac5f9msbvijksbq5s2ivwh979,Josan,Midfielder,17,4,4,,15,2,79,1,1,82,,,9,34,17,17,195,37,2,15,2,7,5,2,30,13,17,,3,14,82,1,197,1,,42,14,4,23,8,16,1,4,4,11,15,12,5,2,,7,173,146,51,175,2,5,,12,483,6,3,,4,5,5,80,206,2,182,7,15,24,332,42,35,5,,1,65,1,23,2,0,,1,,16,,,,,,,,,2,,,7,,,,,,,,,,,,,,,,,,,,,,,,,,,,,,,,,
Spain_Primera_Division,2025-2026,Elche CF,dkdy6ighxc2j05suqc2odry3u,Martim Neto,Midfielder,16,11,6,5,22,4,130,2,1,156,1,,6,103,54,49,280,116,7,22,5,20,16,4,92,48,44,1,2,18,116,,508,5,1,77,21,9,54,159,23,6,13,13,9,8,4,20,,20,10,449,298,169,449,6,9,,2,1181,23,4,,11,15,9,138,521,10,459,15,30,62,725,18,11,9,1,8,59,21,54,2,0,,4,1,13,2,2,1,1,,,,2,3,1,1,5,2,2,0,,,,,,,,,,,,,,,,,,,,,,,,,,,,,,
Spain_Primera_Division,2025-2026,Elche CF,9wtl0fxz5zhhw4zms6l2a8z6c,Antonio Martínez,Midfielder,37,,,,,,,,,,,,,,,,,,,,,,,,,,,,,,,,,,,,,,,,,,,,,,,,,,,,,,,,,,,,,,,,,,,,,,,,,,,,,,,,,,,,,,,,,,,,,,,,,,,,,,,,,,,,,,,,,,,,,,,,,,,,,,,,,,,,
Spain_Primera_Division,2025-2026,Elche CF,1filh68q6hdk921qkdo7rsvmc,Rodrigo Mendoza,Midfielder,30,21,16,5,20,,116,6,1,138,,,5,134,77,57,248,119,10,20,,19,17,2,113,61,52,1,4,11,164,2,511,2,2,80,14,6,52,138,11,6,10,8,10,6,3,16,1,26,21,435,285,181,439,5,11,,3,1007,33,1,,8,22,20,158,537,8,460,16,25,77,748,12,8,16,3,14,65,24,63,5,0,,2,7,7,1,1,1,,1,,,1,1,,,2,,1,0,,,,,,,,,,,,,,,,,,,,,,,,,,,,,,
Spain_Primera_Division,2025-2026,Elche CF,4sojot9t32l4a6fm3e39xkcfd,Rafa Mir,Forward,10,54,36,18,25,,136,6,1,104,2,,7,159,106,53,318,82,10,25,,22,17,5,105,70,35,7,5,9,72,5,377,1,2,44,15,6,36,97,9,25,19,13,6,3,3,5,,24,15,302,214,101,297,6,9,1,4,1652,36,3,,17,38,15,166,387,59,312,15,74,75,643,15,15,14,1,5,66,24,70,4,1,,34,,,8,6,7,1,4,2,,6,,10,4,,4,5,3,,2,1,,,,,3,,,,,,,,,,,,,,,,,,,,1,1,
Spain_Primera_Division,2025-2026,Elche CF,8y66zoifltytsxi0susqxpfys,A. Niculăesei,Defender,27,,,,,,,,,,,,,,,,,,,,,,,,,,,,,,,,,,,,,,,,,,,,,,,,,,,,,,,,,,,,,,,,,,,,,,,,,,,,,,,,,,,,,,,,,,,,,,,,,,,,,,,,,,,,,,,,,,,,,,,,,,,,,,,,,,,,
Spain_Primera_Division,2025-2026,Elche CF,8rprxly1blrhq9cwhfqoheeax,Adrià Pedrosa,Defender,3,20,13,7,21,,89,4,1,77,,,6,112,62,50,208,105,8,21,1,24,20,4,92,49,43,,10,20,74,1,346,1,4,37,25,10,33,91,21,3,6,3,15,14,11,5,1,1,8,292,180,138,296,16,14,5,53,867,22,3,,31,17,8,137,359,6,304,30,24,55,636,30,24,18,13,17,64,21,38,4,0,,3,2,5,1,1,1,,,1,,,1,1,1,3,,0,1,,,,,,,,,1,1,,,,,,,,,,,,,,,,,,,,
Spain_Primera_Division,2025-2026,Elche CF,4mxx1oxkiexm0ha34utcmb17t,Iñaki Peña,Goalkeeper,13,3,,3,16,,,,,162,4,,1,8,5,3,,490,,16,,28,24,4,5,5,,,,3,191,,748,,2,95,1,,151,208,3,,16,,,,,,37,,118,570,83,575,540,,,,,1440,,1,12,20,,1,236,889,,658,,,231,1052,,,,114,221,174,57,10,,0,,,1,,,,,,,,,,,,,,,,,,,,,,,,,133,78,,,8,,17,2,2,,2,55,41,14,,,17,,1,,,
Spain_Primera_Division,2025-2026,Elche CF,6393aj09nl7hfqvwwgey5nuac,Piri,Forward,29,,,,,,,,,,,,,,,,,,,,,,,,,,,,,,,,,,,,,,,,,,,,,,,,,,,,,,,,,,,,,,,,,,,,,,,,,,,,,,,,,,,,,,,,,,,,,,,,,,,,,,,,,,,,,,,,,,,,,,,,,,,,,,,,,,,,
Spain_Primera_Division,2025-2026,Elche CF,dfss2zdkn61bbq312zhxlddyh,L. Pétrot,Defender,21,40,15,25,27,,149,4,12,139,1,,2,110,44,66,171,206,11,27,,23,20,3,70,29,41,,11,2,156,2,758,,3,66,21,8,63,279,2,3,15,6,12,2,2,2,8,3,23,653,282,403,660,13,21,15,54,1338,9,1,2,56,15,5,162,790,3,683,34,10,107,1064,14,14,4,14,25,68,53,82,2,0,,,,,,,,,,,,,,,,,,,,,,,,,,,,14,14,2,,,,,,,,,,,,,,,,,,,
Spain_Primera_Division,2025-2026,Elche CF,b8yk8yve4u39s9gjjvedzf6l0,F. Redondo,Midfielder,5,5,2,3,11,,23,,,26,,,,26,13,13,18,34,5,11,,6,5,1,21,11,10,,5,1,35,,135,,2,14,5,3,9,43,1,1,1,1,10,,,,2,6,4,119,58,61,115,3,3,,,171,2,,,7,8,5,23,135,1,119,6,1,16,176,,,2,3,3,11,5,13,,0,,,,,,,,,,,,,,,,,1,,,,,,,1,,,,,,1,1,,,,,,,,,,,,,,,,,,
Spain_Primera_Division,2025-2026,Elche CF,osme4gegtnhlldt4lsqf56ac,Á. Rodríguez,Forward,20,174,78,96,26,2,96,10,1,140,1,,7,353,175,178,387,98,8,26,4,29,24,5,179,97,82,1,2,24,131,14,404,9,3,75,23,14,32,85,28,31,19,10,7,3,3,31,,35,13,260,206,63,253,5,10,,,1694,65,7,,19,26,36,299,410,49,266,15,104,144,810,5,5,31,1,4,124,25,140,1,0,1,18,2,,5,5,4,1,,5,,,,12,3,,16,4,1,,,,,,,,,,,,,,,,,,,,,,,,,,,,,,
Spain_Primera_Division,2025-2026,Elche CF,5vhzmnmuqn2qe1sh3gyyfhgr8,Nico Salvador,Defender,36,,,,,,,,,,,,,,,,,,,,,,,,,,,,,,,,,,,,,,,,,,,,,,,,,,,,,,,,,,,,,,,,,,,,,,,,,,,,,,,,,,,,,,,,,,,,,,,,,,,,,,,,,,,,,,,,,,,,,,,,,,,,,,,,,,,,
Spain_Primera_Division,2025-2026,Elche CF,anzk8a183bh3gf3gcuz0v0tuc,Buba Sangaré,Defender,42,9,5,4,5,,20,,1,19,,,1,35,19,16,33,23,3,5,,4,4,,26,14,12,,4,1,22,,68,,1,8,1,,7,4,,1,3,3,2,,,2,1,,2,55,25,31,54,4,5,2,13,199,9,1,,2,6,1,32,69,1,56,9,1,13,128,4,4,9,2,3,12,5,10,,0,,,,,,,,,,,,,,,,,,,,,,,,,,,,,,,,,,,,,,,,,,,,,,,,,
Spain_Primera_Division,2025-2026,Elche CF,2b231y5sxluy2p7lv5kywv4ve,Yago Santiago,Forward,7,8,6,2,9,,50,2,,31,,,3,30,20,10,80,21,2,9,,5,5,,22,14,8,,1,2,10,1,103,,1,19,2,1,12,23,2,,3,3,6,2,2,4,1,2,2,88,65,26,87,1,1,,3,278,8,,,5,3,2,36,104,,89,2,11,15,154,4,4,6,2,2,13,6,13,1,0,,,,,,,,,,,,,,,,,,,,,,,,1,,,,,,,1,,,,,,,,,,,,,,,,,,
Spain_Primera_Division,2025-2026,Elche CF,brq1c6v8jrr3akto5ivvfl4pg,B. Sina,Defender,26,,,,,,,,,,,,,,,,,,,,,,,,,,,,,,,,,,,,,,,,,,,,,,,,,,,,,,,,,,,,,,,,,,,,,,,,,,,,,,,,,,,,,,,,,,,,,,,,,,,,,,,,,,,,,,,,,,,,,,,,,,,,,,,,,,,,
Spain_Primera_Division,2025-2026,Elche CF,1i9mqbswolg91evnmsrf5katx,Tete Morente,Forward,15,11,5,6,5,,36,2,3,43,,,2,63,34,29,98,47,5,5,,5,4,1,52,29,23,,3,4,37,1,129,2,,25,10,3,26,13,4,2,5,3,,2,2,5,1,,3,89,64,31,90,7,7,2,5,406,13,1,,10,11,4,86,133,3,93,14,12,40,244,17,16,7,12,15,47,10,25,1,1,,1,1,3,1,1,1,,,,,,,,1,,,1,0,1,,,,,,,,1,1,,,,,,,,,,,,,,,,,,,,
Spain_Primera_Division,2025-2026,Elche CF,5mgmcero3ui4a24v1w1upx3sa,Germán Valera,Forward,11,24,15,9,29,4,338,7,8,367,2,,19,252,108,144,694,235,20,29,4,41,34,7,228,93,135,1,15,32,124,4,935,7,3,177,54,12,106,271,36,8,27,13,2,20,16,32,3,8,20,822,622,250,832,12,33,12,74,2318,55,8,,36,30,58,316,968,16,852,45,85,116,1544,60,54,32,13,20,136,40,96,3,1,,8,2,25,4,3,3,1,,3,,1,2,1,2,4,,4,0,,,,,,1,1,,,,,,,,,,,,,,,,,,,,,,,
Spain_Primera_Division,2025-2026,Elche CF,bh4a2zneilpvi1t7etuhkfl61,Gonzalo Villar,Midfielder,12,4,2,2,4,,6,,,11,,,,12,6,6,12,11,,4,,1,1,,8,4,4,,,,8,,29,,,4,,,5,7,,,,,4,,,,,1,1,24,19,8,26,1,,,1,72,3,,,1,1,3,9,32,,27,1,1,5,44,,,,1,1,2,3,4,1,0,,,,1,,,,,,,,,,,,,,,,,,,,,,,,,,,,,,,,,,,,,,,,,,,,,
Spain_Primera_Division,2025-2026,Elche CF,coiof0pcf90xmyoea9ktrdn9w,Alex Sánchez,Forward,38,,,,1,1,,,,2,,,,3,2,1,4,1,,1,1,1,1,,3,2,1,,,,5,,6,,,1,,,1,,1,,,,1,,,,,,,4,2,2,4,,1,,,5,2,,,,,,4,6,,4,1,1,2,12,,,2,,,2,,2,,0,,,,,,,,,,,,,,,,,1,,,,,,,,,,,,,,,,,,,,,,,,,,,,,,,,
Spain_Primera_Division,2025-2026,Elche CF,e1g4cho31825bw7apvh9xr0x6,Álvaro Núñez,Defender,15,34,23,11,21,1,239,4,7,215,4,,4,131,60,71,361,313,5,21,2,23,19,4,97,37,60,1,16,18,417,2,1035,1,2,87,15,7,85,112,19,1,21,7,,21,15,15,10,13,44,944,529,480,944,9,16,3,97,1764,14,6,,34,13,20,177,1081,2,988,25,11,93,1434,43,38,8,15,27,101,35,66,2,0,1,1,1,14,,,,,,,,,4,,,3,1,,,,,,,,,1,,,,1,,,,,,,,,,,,,,,,,,,
Spain_Primera_Division,2025-2026,FC Barcelona,6q1ofxh5tagpzb5wn7tlgyot0,Eder Aller,Goalkeeper,33,,,,,,,,,,,,,,,,,,,,,,,,,,,,,,,,,,,,,,,,,,,,,,,,,,,,,,,,,,,,,,,,,,,,,,,,,,,,,,,,,,,,,,,,,,,,,,,,,,,,,,,,,,,,,,,,,,,,,,,,,,,,,,,,,,,,
Spain_Primera_Division,2025-2026,FC Barcelona,awsod0zmnrukk21d4882ji7e1,R. Araujo,Defender,4,45,17,28,19,,55,,4,154,2,,2,76,34,42,50,186,9,19,,12,10,2,31,17,14,1,9,2,259,,636,,2,83,9,4,41,160,2,4,9,3,10,,,,4,,19,587,258,352,591,6,7,2,16,861,1,,,29,16,1,64,660,9,610,13,16,50,771,5,5,,8,19,42,13,31,2,2,1,5,1,,3,1,3,,,,,1,,2,3,,,2,1,2,,,,,,,,2,2,,,,,,,,,,,,,,,,,,,,
Spain_Primera_Division,2025-2026,FC Barcelona,bzgh5psb1janz9y3btpswngbu,Alejandro Balde,Defender,3,18,9,9,21,2,261,1,9,246,3,,9,136,55,81,448,249,4,21,2,18,17,1,118,46,72,1,5,19,71,4,945,2,1,131,26,8,78,380,21,6,18,11,3,5,5,20,2,,15,866,528,359,867,11,19,9,110,1519,30,4,,21,12,22,160,961,7,882,30,40,79,1311,18,18,13,4,11,65,32,68,2,0,1,1,2,,,,,,,,,,,,,,,,,,,,,,1,1,,,,,,,,,,,,,,,,,,,,,,,
Spain_Primera_Division,2025-2026,FC Barcelona,66psa7xh8odnlp39ue5vzpes4,R. Bardghji,Forward,19,2,2,,16,1,68,2,,96,,,7,42,20,22,180,31,1,16,1,6,6,,40,18,22,,,10,84,,200,,,44,7,2,11,23,11,4,4,4,12,9,5,16,,6,3,171,125,61,174,1,2,,,384,16,3,,2,2,3,78,206,14,177,3,27,29,317,25,16,12,1,2,49,5,27,,0,,10,1,17,1,1,1,,,,,1,5,3,,8,1,0,1,,,,,,,1,,,,,,,,,,,,,,,,,,,,,,,
Spain_Primera_Division,2025-2026,FC Barcelona,4et6r42e7q2ojgaumwnua2kgk,Marc Bernal,Midfielder,22,18,8,10,17,1,68,3,2,98,,,2,83,38,45,98,65,8,17,1,6,6,,65,30,35,,6,4,135,,381,,1,30,9,7,18,124,4,1,6,7,11,,,10,,9,10,355,211,154,355,5,13,,1,527,10,2,,12,12,7,47,392,3,365,18,7,27,491,1,1,3,,5,21,7,22,4,1,,2,1,,2,1,2,,,1,,1,,1,2,,,2,0,,,,,,,,,,,,,,,,,,,,,,,,,,,,,,
Spain_Primera_Division,2025-2026,FC Barcelona,3hht0os2uzu234yq550i3fbe2,Marc Casadó,Midfielder,17,10,4,6,19,,122,8,3,165,3,,5,81,40,41,178,153,13,19,1,7,6,1,71,36,35,1,7,9,272,,749,,1,64,27,14,37,235,10,1,9,4,10,2,2,2,1,19,14,681,404,311,699,8,8,,3,860,9,,,6,21,17,92,782,1,713,16,4,69,912,,,4,5,15,48,21,54,,0,,,1,,,,,,1,,,,,,,,1,,,,,,,,,,,,,,,,,,,,,,,,,,,,,,,,
Spain_Primera_Division,2025-2026,FC Barcelona,1av9mmv19jwvc4xdr0p9owyxh,A. Christensen,Defender,15,17,4,13,12,,16,2,3,68,1,,1,33,12,21,20,92,4,12,,6,6,,16,8,8,,2,1,96,,304,,1,39,5,3,20,122,1,,3,,9,,,,1,2,2,290,145,167,310,2,3,,1,373,2,,,19,4,4,16,326,,312,5,3,14,371,,,,1,1,5,9,13,1,0,,,,,,,,,,,,,,,,,,,,,,,,,,,,4,4,,,,,,,,,,,,,,,,,,,,
Spain_Primera_Division,2025-2026,FC Barcelona,84ifgcsn9xuvyw4m4lrcf57v8,Álvaro Cortés,Defender,36,,,,,,,,,,,,,,,,,,,,,,,,,,,,,,,,,,,,,,,,,,,,,,,,,,,,,,,,,,,,,,,,,,,,,,,,,,,,,,,,,,,,,,,,,,,,,,,,,,,,,,,,,,,,,,,,,,,,,,,,,,,,,,,,,,,,
Spain_Primera_Division,2025-2026,FC Barcelona,bkwxem45cf48k14euwqe7rs44,Pau Cubarsí,Defender,5,85,32,53,25,,104,3,10,600,8,1,1,158,67,91,77,594,12,25,,26,24,2,73,35,38,1,27,4,762,,2134,,3,289,13,7,86,745,4,5,25,5,,,,1,6,,56,2015,815,1270,2029,10,20,,3,2196,4,1,,99,22,7,131,2205,7,2085,30,13,120,2446,,,,24,42,78,42,78,3,0,,2,3,,1,,1,,,,,,,,,,,0,1,1,,,,,,,,3,3,,,,,,,,,,,,,,,,,,,,
Spain_Primera_Division,2025-2026,FC Barcelona,et72bvivn2sh4gq9lb2fbsm50,Dro Fernández,Midfielder,27,3,1,2,4,,15,,,8,,,1,13,5,8,29,9,1,4,,1,1,,10,4,6,,,2,9,1,45,,,4,3,1,3,14,2,,1,1,3,,,4,,1,1,38,33,7,39,1,,,,90,2,,,,1,1,10,47,,40,1,3,7,60,,,,,,4,3,7,,0,,,,,,,,,,,,,,,,,,,,,,,,,,,,,,,,,,,,,,,,,,,,,,,,,
Spain_Primera_Division,2025-2026,FC Barcelona,4ggz7e009bq3yltc9o6mifbah,Eric García,Defender,24,77,35,42,28,2,164,7,7,317,9,,8,223,96,127,327,637,16,28,2,21,19,2,146,61,85,2,39,24,535,,1852,,1,171,54,30,100,564,26,10,26,8,2,1,1,2,6,8,59,1702,944,806,1690,27,37,1,51,2253,14,2,1,65,28,20,196,1900,16,1749,64,40,151,2286,9,9,4,20,45,102,58,106,3,0,1,6,5,,1,,1,,,1,,,,3,1,,1,0,1,,,,,,,,,1,1,1,,,,,,,,,,,,,,,,,,,
Spain_Primera_Division,2025-2026,FC Barcelona,1jpq7xvsg1xh51ff03qukrj84,Xavi Espart,Defender,42,4,1,3,2,,13,,,19,,,,14,5,9,9,14,,2,,2,2,,10,4,6,,5,,23,,52,,,7,1,,4,8,,,1,,1,,,2,1,,1,45,11,40,50,,1,,7,91,3,,,3,,3,11,58,,51,1,2,7,88,,,,,2,5,2,5,,0,,,,,,,,,,,,,,,,,,,,,,,,,,,,,,,,,,,,,,,,,,,,,,,,,
Spain_Primera_Division,2025-2026,FC Barcelona,eb3ci3a120om80v80mobsus8a,Gavi,Midfielder,6,3,1,2,4,,8,,,22,,,1,13,7,6,29,20,3,4,1,1,1,,10,6,4,,1,2,27,,93,,,12,3,1,7,39,3,,,,4,,,,,,5,86,68,19,82,1,1,,,86,1,,,1,3,3,10,94,,87,2,1,7,107,1,1,1,,,6,2,7,,0,,,,,,,,,,,,,,,,,,,,,,,,,,,,,,,,,,,,,,,,,,,,,,,,,
Spain_Primera_Division,2025-2026,FC Barcelona,b0ebh3wi3lwieb1z04ajxjz84,Guille Fernández,Midfielder,30,,,,,,,,,,,,,,,,,,,,,,,,,,,,,,,,,,,,,,,,,,,,,,,,,,,,,,,,,,,,,,,,,,,,,,,,,,,,,,,,,,,,,,,,,,,,,,,,,,,,,,,,,,,,,,,,,,,,,,,,,,,,,,,,,,,,
Spain_Primera_Division,2025-2026,FC Barcelona,7mjo06umurrnp6wxg2gxgwems,Juan Hernández,Midfielder,41,,,,,,,,,,,,,,,,,,,,,,,,,,,,,,,,,,,,,,,,,,,,,,,,,,,,,,,,,,,,,,,,,,,,,,,,,,,,,,,,,,,,,,,,,,,,,,,,,,,,,,,,,,,,,,,,,,,,,,,,,,,,,,,,,,,,
Spain_Primera_Division,2025-2026,FC Barcelona,5f8kjgsaabn2li5r7bvpebbsa,Joan García,Goalkeeper,13,6,,6,24,,,,,62,12,,,17,1,16,,272,,24,,18,17,1,11,1,10,,2,,218,,563,,2,20,1,,230,196,,,24,,,,,1,14,,78,514,23,594,539,2,3,,,2160,1,,26,35,,4,73,686,,617,5,,69,973,,,,44,66,46,23,3,1,0,,,,,,,,,,,,,,,,,,,,,,,,,,,,216,81,4,,15,1,13,5,2,,5,64,56,8,,1,10,,,,,
Spain_Primera_Division,2025-2026,FC Barcelona,29pq64smaxdwlraopnxoleqxh,João Cancelo,Defender,2,8,3,5,8,2,73,5,1,118,2,,5,76,37,39,163,84,3,8,2,3,3,,68,34,34,,10,7,21,2,299,1,,84,6,3,36,125,9,3,6,3,2,6,5,14,,3,4,261,147,124,261,3,11,1,24,525,21,4,,11,6,6,84,303,5,265,14,24,38,465,11,9,18,1,9,38,11,29,,0,,2,2,3,1,1,1,,1,1,,,1,,1,2,,1,0,,,,,,1,,1,,,,,,,,,,,,,,,,,,,,,,
Spain_Primera_Division,2025-2026,FC Barcelona,9s5uadkz3qy2nke745778dfys,D. Kochen,Goalkeeper,31,,,,,,,,,,,,,,,,,,,,,,,,,,,,,,,,,,,,,,,,,,,,,,,,,,,,,,,,,,,,,,,,,,,,,,,,,,,,,,,,,,,,,,,,,,,,,,,,,,,,,,,,,,,,,,,,,,,,,,,,,,,,,,,,,,,,
Spain_Primera_Division,2025-2026,FC Barcelona,cscn06kwqfzo09h0dc5ybt1pl,J. Koundé,Defender,23,55,21,34,26,3,215,3,10,272,7,1,13,210,92,118,490,500,7,26,3,20,20,,155,71,84,1,25,17,731,2,1587,1,2,150,33,12,73,173,20,6,20,3,6,10,10,19,3,9,24,1440,828,654,1448,21,22,18,136,1931,35,5,1,48,18,22,248,1619,9,1472,43,79,147,2115,22,22,13,14,32,127,42,115,4,0,1,3,3,,1,,1,,1,,,,,5,,,,1,0,1,,,,,,,,,,,,,,,,,,,,,,,,,,,,,
Spain_Primera_Division,2025-2026,FC Barcelona,abr79wsl0folgkyvl821ggs2c,Lamine Yamal,Forward,10,5,5,,26,6,331,27,,638,6,,35,394,184,210,1206,277,14,26,9,22,21,1,389,179,210,,10,59,625,14,1273,20,2,361,38,13,94,66,67,45,24,9,2,20,17,126,1,36,31,1029,870,205,1024,13,21,,19,2134,143,22,,3,25,50,541,1299,79,1055,34,253,244,2042,56,45,105,1,32,275,25,212,1,3,,34,19,31,14,11,12,2,4,12,,2,3,7,8,10,,7,7,,3,2,,,1,,3,,,,,,,,,,,,,,,,,,1,,,,
Spain_Primera_Division,2025-2026,FC Barcelona,afxjicw89683nlpms9yy5x51x,R. Lewandowski,Forward,9,30,16,14,25,,77,13,,52,2,,7,106,64,42,240,51,10,25,1,13,12,1,76,48,28,1,2,9,52,13,234,1,1,24,15,4,21,57,10,16,12,6,13,,,9,,25,4,186,126,63,185,3,2,,,1198,31,3,,11,11,15,119,237,42,189,5,90,48,440,,,8,1,4,40,8,44,2,5,,26,2,,12,9,12,,2,2,,6,,14,9,,,6,6,3,3,1,,,,,,,,,,,,,,,,,,,,,,,2,,,,1
Spain_Primera_Division,2025-2026,FC Barcelona,cjll1xrw3xulnl23c9tlf6rys,Fermín López,Midfielder,16,19,12,7,24,5,166,11,,239,1,,11,178,90,88,445,141,18,24,8,16,15,1,159,78,81,,6,22,177,4,689,2,1,111,26,13,67,221,30,22,14,8,10,6,4,32,,42,26,600,435,187,590,18,15,,9,1363,40,14,,5,22,16,189,705,40,616,33,68,89,1009,26,21,27,2,16,99,16,73,3,1,,18,15,10,5,4,3,2,2,2,,3,2,6,2,5,2,4,1,,,,,,,,,,,,,,,,,,,,,,,,,,,,,,
Spain_Primera_Division,2025-2026,FC Barcelona,atdg5275m47swrm5nrip8m9lg,Tomás Marqués,Midfielder,43,1,1,,1,,1,,,2,,,,2,2,,,,,1,,,,,1,1,,,,,4,,5,,,,,,,1,,,,,1,,,,,,,5,2,4,6,,,,,6,1,,,,,,2,6,,6,,,,8,,,1,,,,,,,0,,,,,,,,,,,,,,,,,,,,,,,,,,,,,,,,,,,,,,,,,,,,,,,,,
Spain_Primera_Division,2025-2026,FC Barcelona,6l1y87tlepsvr83d8y2qifeqy,Gerard Martín,Defender,18,42,12,30,25,,142,2,4,323,5,,3,111,38,73,189,419,8,25,,11,10,1,69,26,43,1,21,12,181,,1318,2,1,188,24,11,54,603,12,1,19,10,6,2,2,5,12,,36,1192,521,700,1183,11,20,3,46,1539,4,1,,67,14,7,160,1345,3,1219,31,10,126,1605,10,10,3,20,39,85,51,87,6,0,,2,,,,,,,,,,,,,,,,,,,,,,,,,,12,12,,,,,,,,,,,,,,,,,,,,
Spain_Primera_Division,2025-2026,FC Barcelona,4gq1u1mqg0qzekh1u5djleeax,Dani Olmo,Midfielder,20,24,8,16,25,5,228,16,,204,1,,13,167,78,89,534,226,13,25,7,16,14,2,143,70,73,,13,35,243,3,915,1,1,88,36,12,84,279,42,24,18,12,7,6,4,9,,29,33,775,578,264,803,10,19,,4,1605,41,9,,19,18,35,235,976,44,836,29,84,140,1316,18,9,23,12,25,122,36,115,,5,,20,10,31,7,7,6,1,4,2,,5,2,5,5,9,1,6,1,,,,,,2,,5,,,,,,,,,,,,,,,,,,,,,,
Spain_Primera_Division,2025-2026,FC Barcelona,4ftlhtels58lyzfluwofzwxuy,Pedri,Midfielder,8,10,2,8,22,5,156,4,2,525,2,,12,183,71,112,558,345,5,22,7,18,17,1,173,69,104,,19,42,414,,1463,1,2,248,57,33,122,595,49,5,17,9,5,2,2,30,,44,67,1331,989,387,1307,16,23,,10,1543,36,7,,16,8,35,207,1510,14,1374,39,27,136,1828,5,5,11,5,34,105,36,102,,0,,9,13,,2,1,1,1,,1,,1,,4,,,,1,1,,,,1,1,,1,,,,,,,,,,,,,,,,,,,,,,,
Spain_Primera_Division,2025-2026,FC Barcelona,4mxx1oxkiexm0ha34utcmb17t,Iñaki Peña,Goalkeeper,1,3,,3,16,,,,,162,4,,1,8,5,3,,490,,16,,28,24,4,5,5,,,,3,191,,748,,2,95,1,,151,208,3,,16,,,,,,37,,118,570,83,575,540,,,,,1440,,1,12,20,,1,236,889,,658,,,231,1052,,,,114,221,174,57,10,,0,,,1,,,,,,,,,,,,,,,,,,,,,,,,,133,78,,,8,,17,2,2,,2,55,41,14,,,17,,1,,,
Spain_Primera_Division,2025-2026,FC Barcelona,2wl6h1rlrfnn2mr65vuo3t815,Raphinha,Forward,11,5,3,2,20,3,167,16,,206,3,,22,101,57,44,525,102,7,20,3,9,8,1,96,54,42,1,4,36,145,2,567,3,1,121,32,15,44,179,38,23,17,13,3,19,8,20,1,23,23,460,382,122,462,8,5,1,13,1299,32,10,,11,10,9,227,593,42,485,13,98,108,905,50,28,19,,18,151,7,90,4,3,,19,5,43,11,8,9,2,5,8,,2,10,5,8,19,,9,2,1,3,3,,,1,2,3,,,,,,,,,,,,,,,,,,,,,,
Spain_Primera_Division,2025-2026,FC Barcelona,604osk9a3lxpfpkavuziqmn6x,M. Rashford,Forward,14,7,3,4,25,6,223,26,1,238,,,45,136,80,56,747,83,3,25,6,20,18,2,129,77,52,,1,33,44,10,593,12,3,137,21,9,35,278,39,17,15,11,10,25,3,24,,41,17,495,479,76,513,,8,1,5,1416,68,6,,13,6,20,289,628,41,530,8,114,98,1014,65,29,49,7,15,148,15,83,2,0,,24,2,82,5,5,5,,3,3,,1,21,9,4,33,2,1,4,1,,,,,,,10,,,,,,,,,,,,,,,,,,,,,,
Spain_Primera_Division,2025-2026,FC Barcelona,7p8e6lrg50niibeabywbqcgt0,Dani Rodríguez,Forward,37,,,,,,,,,,,,,,,,,,,,,,,,,,,,,,,,,,,,,,,,,,,,,,,,,,,,,,,,,,,,,,,,,,,,,,,,,,,,,,,,,,,,,,,,,,,,,,,,,,,,,,,,,,,,,,,,,,,,,,,,,,,,,,,,,,,,
Spain_Primera_Division,2025-2026,FC Barcelona,6ofu6yc2qwp5ii9cerdq1tk9h,W. Szczęsny,Goalkeeper,25,,,,6,,,,,24,,,,,,,,72,,6,,11,10,1,,,,,,,62,,145,,1,7,,,48,51,,,6,,,,,,6,,15,119,6,146,137,,,,,540,,,5,9,,,38,185,,152,,,33,245,,,,19,32,22,11,1,,0,,,,,,,,,,,,,,,,,,,,,,,,,,,,52,30,,,1,,7,1,2,1,3,17,13,3,1,,9,,,,,
Spain_Primera_Division,2025-2026,FC Barcelona,9sanzxzkj52vz1mqj1d7g08b8,Toni Fernández,Forward,29,,,,1,,2,,,1,,,,,,,8,,,1,,1,1,,,,,,,1,5,,9,,,,1,,1,2,1,,1,1,,,,,,,,7,6,1,7,,,,,45,,,,,,,3,9,,7,,2,2,11,,,,,,2,,2,,0,,,,,,,,,,,,,,,,,,,,,,,,,,,,,,,,,,,,,,,,,,,,,,,,,
Spain_Primera_Division,2025-2026,FC Barcelona,30pqkknatgokvb4ezeesbc00k,Jofre Torrents,Defender,26,4,3,1,3,,12,,,5,,,,8,5,3,20,5,,3,,2,2,,4,2,2,,,,1,,34,,1,2,1,,3,16,,,,,3,1,1,,1,,1,30,20,11,29,,2,1,6,47,2,,,2,,,10,34,,30,2,3,4,54,2,2,1,,,5,1,4,,0,,,,,,,,,,,,,,,,,,,,,,,,,,,,,,,,,,,,,,,,,,,,,,,,,
Spain_Primera_Division,2025-2026,FC Barcelona,2szgrzcosfeifh664tgt3mfvt,Ferran Torres,Forward,7,38,16,22,27,1,94,10,1,61,2,,10,105,61,44,306,66,5,27,1,16,15,1,67,45,22,1,3,16,67,7,306,2,3,23,20,8,28,110,17,19,19,14,8,1,1,5,,29,4,216,160,88,243,1,4,,3,1613,30,3,,7,9,13,167,337,50,247,5,109,90,548,1,1,14,1,4,74,17,86,2,4,,31,1,1,12,11,9,3,6,1,,11,,19,10,,7,6,6,,,,,,,,1,,,,,,,,,,,,,,,,,,,,,,
Spain_Primera_Division,2025-2026,FC Barcelona,ezviixcyaaj162saxs2yl27s9,F. de Jong,Midfielder,21,16,8,8,19,4,160,2,4,378,5,,6,117,41,76,375,341,7,19,4,17,16,1,101,33,68,,17,27,381,2,1354,,2,205,12,2,81,506,31,3,16,2,3,3,3,4,,31,42,1276,904,408,1267,24,15,,4,1496,14,9,,13,10,25,114,1388,5,1309,39,31,79,1568,2,2,2,,8,59,22,71,4,0,,2,4,,1,1,1,,,,,1,,,1,,,1,0,,,,1,1,,,,,,,,,,,,,,,,,,,,,,,,,
Spain_Primera_Division,2025-2026,FC Barcelona,2e55g4q93y382cg7h0yk5rtud,M. ter Stegen,Goalkeeper,1,,,,2,,,,,17,,,,,,,,32,,2,,2,2,,,,,,,,27,,64,,,10,,,14,16,,,2,,,,,,,,7,60,,69,62,,,,,180,,,1,1,,,6,75,,69,,,6,85,,,,4,6,3,3,,,0,,,,,,,,,,,,,,,,,,,,,,,,,,,,10,6,,,1,,,,,,1,4,3,1,,,1,,,,,
Spain_Primera_Division,2025-2026,Getafe CF,br4wylyaeqyxoss5of7r51boq,A. Abqar,Defender,3,26,9,17,16,1,44,1,4,55,,,,117,40,77,20,133,6,16,2,12,9,3,91,31,60,,15,2,76,1,296,,1,27,13,10,35,60,4,5,12,6,4,,,2,14,,44,211,66,157,179,13,17,,3,1005,6,3,1,49,21,28,108,313,6,223,30,9,90,508,1,1,4,23,52,76,15,38,7,0,,1,,,,,,,,,,,,1,,,,,,,,,,1,,,,,,,1,,,,,,,,,,,,,,,,,,
Spain_Primera_Division,2025-2026,Getafe CF,a5ex89jz14wygg9wf3c3cm784,M. Aleksandrov,Forward,29,,,,,,,,,,,,,,,,,,,,,,,,,,,,,,,,,,,,,,,,,,,,,,,,,,,,,,,,,,,,,,,,,,,,,,,,,,,,,,,,,,,,,,,,,,,,,,,,,,,,,,,,,,,,,,,,,,,,,,,,,,,,,,,,,,,,
Spain_Primera_Division,2025-2026,Getafe CF,1h9m92ke4lsj8jzb1l5wfqsmi,Alex Sancris,Forward,18,24,21,3,15,1,52,3,,73,,,13,82,56,26,176,40,5,15,1,8,7,1,58,35,23,,2,6,45,8,166,2,1,44,22,9,38,30,7,4,5,5,10,7,5,4,,8,5,114,81,41,110,4,5,1,4,629,13,1,,3,13,11,129,167,8,115,9,9,52,324,44,33,5,4,9,82,14,43,1,0,,4,1,13,,,,,,,,,2,,,11,4,,,,,,1,1,,,1,,,,,,,,,,,,,,,,,,,,,,
Spain_Primera_Division,2025-2026,Getafe CF,5gorfhj7uwpomrhlso1krxrkl,M. Arambarri,Midfielder,8,100,54,46,30,1,82,10,5,171,9,1,13,368,187,181,321,203,25,30,2,31,27,4,268,133,135,4,21,14,157,3,624,2,1,87,60,39,123,191,15,23,30,5,,3,2,24,6,10,32,460,294,178,437,19,39,,,2634,63,1,1,30,46,53,294,633,40,469,58,80,164,1129,7,7,21,16,34,137,34,130,5,2,,17,4,1,6,2,6,,2,1,,3,1,4,6,,2,3,3,2,2,2,,,,,1,,,,,,,,,,,,,,,,,,,,,,
Spain_Primera_Division,2025-2026,Getafe CF,5oto675vo4ugk7nm22q4vkhsk,I. Bekhoucha,Defender,31,2,2,,4,,3,1,,7,1,,2,27,16,11,16,10,4,4,1,1,1,,25,14,11,,2,,6,,19,,,4,4,1,4,,1,,1,,3,1,1,2,,,2,12,12,1,10,1,5,1,3,120,4,1,,4,7,3,17,19,,12,6,,7,55,3,3,1,2,2,8,2,5,2,0,,,,,,,,,,,,,,,,,,,,,,,,,,,,,,,,,,,,,,,,,,,,,,,,,
Spain_Primera_Division,2025-2026,Getafe CF,ocsr6ccykkxm6g6wozim1pn8,Jorge Benito,Goalkeeper,35,,,,,,,,,,,,,,,,,,,,,,,,,,,,,,,,,,,,,,,,,,,,,,,,,,,,,,,,,,,,,,,,,,,,,,,,,,,,,,,,,,,,,,,,,,,,,,,,,,,,,,,,,,,,,,,,,,,,,,,,,,,,,,,,,,,,
Spain_Primera_Division,2025-2026,Getafe CF,b3xdln1shzyzwkhzdmbb2fqax,V. Birmančević,Midfielder,20,5,4,1,3,,7,1,1,10,,,,13,8,5,23,9,1,3,,,,,8,4,4,1,1,2,3,,23,1,,8,3,1,3,4,2,,,,3,1,1,2,,,1,17,14,4,16,,,,,68,2,,,1,2,2,11,23,1,17,,1,6,42,,,1,,1,5,1,5,,0,,1,,,,,,,,,,,,,,,,,,,,,,,,,,,,,,,,,,,,,,,,,,,,,,,
Spain_Primera_Division,2025-2026,Getafe CF,4wkn0nrhl9gmaflvw2wdoup04,S. Boselli,Defender,15,3,1,2,7,,,1,1,9,2,,1,25,12,13,24,30,2,7,,1,1,,22,11,11,,,1,14,,44,,,5,6,3,10,1,1,,2,,5,2,2,,1,,1,23,18,7,22,4,7,3,8,217,,1,,13,2,,34,45,1,23,11,3,22,101,4,4,,8,14,24,2,8,2,0,,1,,,,,,,,,,,,1,,,,,,,,,,,,,,,,,,,,,,,,,,,,,,,,,,,
Spain_Primera_Division,2025-2026,Getafe CF,9see13i1f0n1ju4uhs8sijutx,D. Dakonam,Defender,2,63,25,38,28,,64,2,9,133,6,,,161,66,95,71,282,13,28,,24,21,3,98,41,57,2,24,2,139,,632,,,62,17,12,78,173,2,2,26,6,2,,,7,17,1,45,494,224,292,471,10,21,,3,2132,11,,,125,24,21,184,658,2,516,31,10,142,976,8,8,1,50,69,120,30,73,8,0,,,,,,,,,,,,,,,,,,,,,,,,1,1,,,1,1,2,1,,,,,,,,,,,,,,,,,,
Spain_Primera_Division,2025-2026,Getafe CF,5cti09ebqg7or3stoh5k2mo7o,Davinchi,Defender,26,12,6,6,7,,24,1,1,25,1,,3,59,30,29,87,72,7,7,,5,5,,47,24,23,,3,2,7,,147,1,,14,13,5,20,44,2,1,4,1,3,2,2,8,3,1,4,89,57,34,85,5,9,5,49,429,8,,,16,14,1,93,147,2,89,14,8,58,301,10,10,5,13,22,47,21,36,1,0,,1,,,,,,,,,,,,,,,,,,,,,,,,,,,,,,,,,,,,,,,,,,,,,,,
Spain_Primera_Division,2025-2026,Getafe CF,cue88fm1v1ysfuwhql68czydx,Domingos Duarte,Defender,22,97,37,60,27,,70,1,11,99,6,1,,178,74,104,47,286,10,27,1,28,24,4,81,37,44,,25,,168,3,667,1,1,39,14,10,78,176,1,7,27,6,,,,,9,,60,505,182,349,471,11,12,,6,2316,3,1,1,158,27,21,181,700,11,531,23,20,169,1007,,,,51,91,134,35,78,9,0,1,4,,,1,,1,,,,1,,,,,,,0,1,1,,,,,,,,,,,,,,,,,,,,,,,,,,,,,
Spain_Primera_Division,2025-2026,Getafe CF,6wpnjdlg2p8f19y3gjpz1su6t,Kiko Femenía,Defender,17,32,16,16,24,,101,1,2,136,,,7,134,66,68,276,217,12,24,1,21,17,4,102,50,52,2,31,14,196,5,532,1,,68,32,17,91,27,15,4,22,14,2,8,8,6,4,3,22,413,228,202,400,17,18,12,118,1764,23,2,1,40,19,11,218,541,7,422,35,18,119,950,29,29,11,15,26,123,25,93,5,1,,3,1,,1,,1,,,,,1,,1,1,,,1,0,,,,,,,,,,,,,,,,,,,,,,,,,,,,,,
Spain_Primera_Division,2025-2026,Getafe CF,3wugl0avw03pp0t9063l2y8lw,Diego Ferrer,Goalkeeper,42,,,,,,,,,,,,,,,,,,,,,,,,,,,,,,,,,,,,,,,,,,,,,,,,,,,,,,,,,,,,,,,,,,,,,,,,,,,,,,,,,,,,,,,,,,,,,,,,,,,,,,,,,,,,,,,,,,,,,,,,,,,,,,,,,,,,
Spain_Primera_Division,2025-2026,Getafe CF,5lzbyj5i0cotpry4gneap8c89,Juan Iglesias,Defender,21,57,34,23,29,2,74,12,9,181,8,,21,352,157,195,380,373,17,29,2,27,24,3,295,123,172,3,18,13,142,1,652,4,1,101,61,31,88,95,15,5,28,4,1,16,16,23,14,2,62,419,278,184,384,36,58,88,168,2473,36,2,,106,48,55,478,684,9,446,94,20,238,1518,58,58,22,79,122,241,55,116,3,0,,4,1,,1,,1,,,,1,1,,,1,,,1,0,,,,,,,,,,,3,,,,,,,,,,,,,,,,,,,
Spain_Primera_Division,2025-2026,Getafe CF,2tm16w51ewqjgabmx93rettsk,Joselu Pérez,Forward,37,5,3,2,2,,1,,,1,,,,8,4,4,4,2,,2,,1,1,,3,1,2,,,,1,,4,,,,,,,,,1,,,2,,,,,1,,1,1,,1,,,,,20,,,,2,1,2,6,4,1,1,,1,3,13,,,,1,1,3,,2,,0,,,,,,,,,,,,,,,,,,,,,,,,,,,,,,,,,,,,,,,,,,,,,,,,,
Spain_Primera_Division,2025-2026,Getafe CF,c4je25rkbg2n45xs5iurevhlh,Juanmi,Forward,7,13,8,5,8,,16,,,11,,,,24,15,9,24,4,1,8,,4,4,,11,7,4,,,3,5,3,33,,,4,2,1,3,11,3,1,,,8,,,1,,5,,21,16,8,24,2,,,1,171,3,,,,2,1,21,36,2,24,2,10,12,61,,,1,2,2,9,3,10,,0,,1,,,1,,1,,,,,1,,2,,,,1,0,,,,,,,,,,,,,,,,,,,,,,,,,,,,,,
Spain_Primera_Division,2025-2026,Getafe CF,73mz7xafzid0mvbi59kb9u0dm,A. Kamara,Forward,11,8,5,3,9,,21,1,1,25,,,4,29,18,11,66,10,1,9,,2,2,,21,13,8,,2,2,24,2,61,,1,17,8,4,6,6,2,1,1,1,8,,,2,,,2,41,30,11,39,2,2,,1,190,10,,,,2,2,46,61,2,41,4,10,20,112,9,7,5,1,1,28,1,19,1,0,,1,,1,,,,,,,,,,1,,1,1,,,,,,,,,,,,,,,,,,,,,,,,,,,,,,,,
Spain_Primera_Division,2025-2026,Getafe CF,74g1h3qqlcvlldmr7fpihilg4,Lucas Laso,Defender,32,,,,,,,,,,,,,,,,,,,,,,,,,,,,,,,,,,,,,,,,,,,,,,,,,,,,,,,,,,,,,,,,,,,,,,,,,,,,,,,,,,,,,,,,,,,,,,,,,,,,,,,,,,,,,,,,,,,,,,,,,,,,,,,,,,,,
Spain_Primera_Division,2025-2026,Getafe CF,6bdn7qrzqxuurt39t5j6mooo9,J. Letáček,Goalkeeper,1,,,,,,,,,,,,,,,,,,,,,,,,,,,,,,,,,,,,,,,,,,,,,,,,,,,,,,,,,,,,,,,,,,,,,,,,,,,,,,,,,,,,,,,,,,,,,,,,,,,,,,,,,,,,,,,,,,,,,,,,,,,,,,,,,,,,
Spain_Primera_Division,2025-2026,Getafe CF,alz5rwbxued4hgkts0panocus,Adrián Liso,Forward,23,112,81,31,24,,82,9,2,112,2,,11,282,178,104,314,62,17,24,,17,15,2,170,97,73,1,4,3,30,14,236,5,,58,39,18,51,75,3,6,18,14,6,6,3,15,2,12,2,161,120,60,172,7,16,,2,1509,48,,,5,35,36,242,249,16,174,23,50,75,603,34,31,24,3,5,97,12,70,3,2,,10,,5,3,2,1,2,1,2,,1,2,2,2,1,1,0,3,,,,1,1,1,,,,,,,,,,,,,,,,,,,,,,,,
Spain_Primera_Division,2025-2026,Getafe CF,1riebanoqbl7brs1bm3lkgxlg,Mario Martín,Midfielder,6,142,88,54,28,1,89,10,3,128,1,,9,342,206,136,254,118,23,28,1,22,19,3,200,118,82,2,12,7,132,3,445,3,1,51,41,30,61,115,8,8,20,16,8,2,2,10,2,24,18,331,196,146,322,19,31,,,1632,44,1,,19,53,22,219,454,13,340,50,41,114,794,9,9,19,5,12,103,20,102,9,1,,5,2,1,2,,2,,,,,,,1,2,,3,2,0,2,,,,,,,,,,,,,,,,,,,,,,,,,,,,,
Spain_Primera_Division,2025-2026,Getafe CF,52e2ogoex674bz6pcwluapdxx,Borja Mayoral,Forward,9,46,31,15,14,,82,4,2,43,1,,2,95,62,33,169,53,3,14,1,15,12,3,49,31,18,,5,3,52,10,245,,1,14,14,5,32,68,4,3,12,6,2,1,1,6,1,22,11,196,141,66,195,1,4,,,1044,21,1,,5,6,7,100,255,10,206,5,28,49,375,5,5,3,1,5,43,11,44,,2,,7,3,,4,2,4,,,1,,2,,3,4,,3,2,2,1,1,,,,,,,,,,,,,,,,,,,,,,,,1,,,,
Spain_Primera_Division,2025-2026,Getafe CF,cczre91rv404v648514qs00es,Alejandro Mestanza,Midfielder,45,1,,1,3,,8,,,10,,,1,9,2,7,16,3,,3,,1,1,,8,2,6,,,,6,1,23,1,,6,3,1,5,6,,1,1,1,2,,,2,,,,17,12,5,17,1,1,,,70,1,,,,1,2,15,23,1,17,2,3,6,43,4,4,,2,2,6,4,4,,0,,,,,,,,,,,,,,,,,,,,,,,,,,,,,,,,,,,,,,,,,,,,,,,,,
Spain_Primera_Division,2025-2026,Getafe CF,ch1lxxbn01at4jmkafy4uevh1,Luis Milla,Midfielder,5,73,33,40,29,8,165,8,6,212,9,,15,266,120,146,473,409,15,29,9,28,24,4,193,87,106,3,34,55,286,,999,1,,105,49,25,180,268,64,9,29,4,,54,7,19,11,7,72,766,604,329,807,20,25,,2,2564,37,11,,43,26,42,430,1128,11,879,45,14,249,1648,117,35,15,26,68,307,59,181,3,0,,2,8,107,,,,,,,,,37,1,,58,2,,,,,,,1,,2,3,,,,1,,,,,,,,,,,,,,,,,,
Spain_Primera_Division,2025-2026,Getafe CF,elstpch5la22e7wcn9cxp8avo,Jorge Montes,Defender,41,3,3,,1,,3,,,5,,,,9,4,5,6,,1,1,,1,1,,6,1,5,,,1,,,9,,,,,,1,6,,,,,1,,,2,,,,8,4,4,8,1,2,,1,26,,1,,,1,,4,9,,8,3,1,1,20,2,2,,,,3,,1,,0,,,,,,,,,,,,,,,,,,,,,,,,,,,,,,,,,,,,,,,,,,,,,,,,,
Spain_Primera_Division,2025-2026,Getafe CF,aohmwqhdb8hlp5lvqboh0t5g5,Javi Muñoz,Midfielder,14,9,6,3,14,,30,,1,39,,,3,39,23,16,84,43,5,14,,7,7,,30,17,13,,4,5,47,,162,,,14,18,5,21,43,5,6,4,4,10,2,2,4,1,8,7,109,84,28,103,3,4,,4,486,9,,,6,6,2,83,163,12,110,7,14,53,250,8,8,2,7,11,51,10,42,,0,,6,,1,,,,,,,,,,,,,,,,,,,,,,,,,,,,,,,,,,,,,,,,,,,,,
Spain_Primera_Division,2025-2026,Getafe CF,6772p87u8cf9g6qyk5x414h61,Y. Neyou,Defender,4,2,2,,5,,2,,,7,,,,10,8,2,10,7,1,5,,2,2,,8,6,2,2,,,4,,18,,1,3,,,2,5,,,,,5,,,,,1,1,15,10,5,14,,,,,65,3,,,3,4,2,8,18,,15,,,3,35,,,1,,,3,,3,2,0,,,,,,,,,,,,,,,,,,,,,,,,,,,,,,,,,,,,,,,,,,,,,,,,,
Spain_Primera_Division,2025-2026,Getafe CF,6lz4bncnjfcm7wrtuiovguv2t,A. Nyom,Defender,12,15,5,10,11,,14,1,,18,,,,41,21,20,25,55,3,11,,6,5,1,26,16,10,,1,2,12,1,104,1,,7,4,,13,24,2,1,4,3,7,4,4,1,6,,12,67,35,37,56,1,5,4,11,289,5,,,14,11,3,51,105,2,68,6,4,37,178,2,2,2,11,19,36,3,18,5,0,,1,,,,,,,,,,,,,,,,,,,,,,1,,1,,,,,1,,,,,,,,,,,,,,,,,,
Spain_Primera_Division,2025-2026,Getafe CF,ejrke7z9ve17jhj7x4glh206i,P. González,Forward,19,,,,,,,,,,,,,,,,,,,,,,,,,,,,,,,,,,,,,,,,,,,,,,,,,,,,,,,,,,,,,,,,,,,,,,,,,,,,,,,,,,,,,,,,,,,,,,,,,,,,,,,,,,,,,,,,,,,,,,,,,,,,,,,,,,,,
Spain_Primera_Division,2025-2026,Getafe CF,dkt9892ixwnz1bkmgileo71sl,Diego Rico,Defender,16,50,29,21,26,,56,3,3,92,4,,13,193,86,107,248,359,9,26,,21,19,2,143,57,86,2,29,10,19,1,549,1,1,56,44,19,72,138,10,7,18,3,8,11,9,6,11,2,26,347,219,157,339,16,30,29,167,1698,15,1,,58,22,34,342,572,8,365,46,8,207,1140,50,45,9,48,84,210,47,123,4,0,,1,1,5,,,,,,,,,1,,,4,,,,,,,,,,,,,1,,,,,1,,,,,,,,,,,,,,,
Spain_Primera_Division,2025-2026,Getafe CF,dgzu90zg8eu75z7h3bz9ujy8k,Adrián Riquelme,Midfielder,44,,,,,,,,,,,,,,,,,,,,,,,,,,,,,,,,,,,,,,,,,,,,,,,,,,,,,,,,,,,,,,,,,,,,,,,,,,,,,,,,,,,,,,,,,,,,,,,,,,,,,,,,,,,,,,,,,,,,,,,,,,,,,,,,,,,,
Spain_Primera_Division,2025-2026,Getafe CF,6j8k3j0qp5zy19mwpmgx0l990,Alberto Risco,Midfielder,30,,,,,,,,,,,,,,,,,,,,,,,,,,,,,,,,,,,,,,,,,,,,,,,,,,,,,,,,,,,,,,,,,,,,,,,,,,,,,,,,,,,,,,,,,,,,,,,,,,,,,,,,,,,,,,,,,,,,,,,,,,,,,,,,,,,,
Spain_Primera_Division,2025-2026,Getafe CF,buglwgk2hthoyqt1ocghya92i,Z. Romero,Defender,24,26,12,14,10,,21,3,1,75,5,,2,81,33,48,37,147,3,10,,5,4,1,55,21,34,,22,1,24,,248,,,42,11,,50,80,1,3,10,,,,,10,13,,27,158,73,99,145,6,13,6,8,900,11,,,60,6,5,128,272,3,172,19,9,100,444,2,2,5,34,62,78,24,38,3,0,,,,,,,,,,,,,,,,,,,,,,,,,,,,1,1,1,,,,,,,,,,,,,,,,,,,
Spain_Primera_Division,2025-2026,Getafe CF,c68syh6axbkqmcmvrpumqb8mi,M. Satriano,Forward,10,70,39,31,11,,49,5,2,72,2,,7,173,95,78,205,67,9,11,1,6,5,1,103,56,47,1,7,9,39,2,221,3,,32,16,4,40,68,10,4,11,4,,4,4,15,1,9,6,138,99,45,134,6,12,1,2,974,38,4,,17,15,14,157,223,15,140,18,32,83,438,8,8,23,5,10,71,20,73,4,2,,11,2,,4,4,2,2,,,,3,,1,3,,5,3,1,1,,,,,,,,,,,,,,,,,,,,,,,,,,,,,
Spain_Primera_Division,2025-2026,Getafe CF,eucew4k6eswqr6emzsdg4if3d,Álex Sola,Midfielder,7,1,1,,1,,,,,,,,,5,3,2,2,,,1,,,,,4,2,2,,,,,,,,,,,,,,,,,,1,,,,,,,,,,,,,,,12,2,,,,,2,3,,,,,,,7,,,2,,,,,,,0,,,,,,,,,,,,,,,,,,,,,,,,,,,,,,,,,,,,,,,,,,,,,,,,,
Spain_Primera_Division,2025-2026,Getafe CF,c756iuzmvsnw0fepg61hurbpw,Hugo Solozábal,Midfielder,34,,,,1,,,,,1,,,,2,2,,1,1,,1,,,,,2,2,,,,,3,,5,,,1,,,,1,,,,,1,,,,,,,5,2,3,5,,,,,10,1,,,,,,1,5,,5,,,,6,,,,,,,,,,0,,,,,,,,,,,,,,,,,,,,,,,,,,,,,,,,,,,,,,,,,,,,,,,,,
Spain_Primera_Division,2025-2026,Getafe CF,vota9gwygxp3wc998tl7ldxx,David Soria,Goalkeeper,13,3,1,2,30,,,,,38,9,,1,4,1,3,,782,,30,,31,27,4,1,,1,,,1,67,,339,,1,21,,,242,38,1,,30,,,,,,138,,308,190,250,149,91,,,,,2700,,,19,34,,1,501,887,,399,,,488,1098,,,,248,487,455,33,1,2,0,,,,,,,,,,,,,,,,,,,,,,,,,,,,163,228,,,9,1,122,1,1,,11,94,62,29,,2,23,,2,,,
Spain_Primera_Division,2025-2026,Getafe CF,8n8kjw4qdq1uls2kmpqjny2vo,Y. Tallal,Forward,39,,,,,,,,,,,,,,,,,,,,,,,,,,,,,,,,,,,,,,,,,,,,,,,,,,,,,,,,,,,,,,,,,,,,,,,,,,,,,,,,,,,,,,,,,,,,,,,,,,,,,,,,,,,,,,,,,,,,,,,,,,,,,,,,,,,,
Spain_Primera_Division,2025-2026,Getafe CF,4ky8j5bowhchd7jwyidsbx5p0,Alberto Cordero,Defender,43,,,,,,,,,,,,,,,,,,,,,,,,,,,,,,,,,,,,,,,,,,,,,,,,,,,,,,,,,,,,,,,,,,,,,,,,,,,,,,,,,,,,,,,,,,,,,,,,,,,,,,,,,,,,,,,,,,,,,,,,,,,,,,,,,,,,
Spain_Primera_Division,2025-2026,Getafe CF,7kser55g81n3lqj9rjd2mwftg,C. Uche,Midfielder,10,16,7,9,3,1,9,2,,17,1,,2,58,34,24,79,12,7,3,1,4,4,,42,27,15,,,3,10,1,43,,,8,5,4,7,12,4,3,3,,,1,1,6,,2,1,27,24,4,26,,2,,1,270,17,1,,2,10,8,55,43,4,27,2,16,16,122,,,9,2,3,15,1,13,1,0,,1,,,1,1,1,,,1,,,,1,1,,1,0,1,,,,,,,,,,,,,,,,,,,,,,,,,,,,,,
Spain_Primera_Division,2025-2026,Getafe CF,8b31byab4tzfayi15onb88sgk,Marc Vilaplana,Defender,33,,,,,,,,,,,,,,,,,,,,,,,,,,,,,,,,,,,,,,,,,,,,,,,,,,,,,,,,,,,,,,,,,,,,,,,,,,,,,,,,,,,,,,,,,,,,,,,,,,,,,,,,,,,,,,,,,,,,,,,,,,,,,,,,,,,,
Spain_Primera_Division,2025-2026,Getafe CF,cei4ujo2jqzc9f0tmi8xgll62,L. Vázquez,Forward,19,60,37,23,10,,28,2,1,35,,,1,118,70,48,84,28,6,10,,4,3,1,58,33,25,2,4,1,44,13,120,,,15,10,4,15,20,1,5,10,9,,,,1,,8,3,69,45,24,66,2,3,,,784,18,,,9,15,20,104,120,12,69,5,20,51,256,2,2,6,,1,44,9,50,,2,,7,,,3,3,3,,,2,,1,,1,2,,3,1,2,,,,,,1,,,,,,,,,,,,,,,,,,,,,,,,
Spain_Primera_Division,2025-2026,Getafe CF,czo50ep8l8ubnp8ifn6bx87pw,Coba da Costa,Forward,20,26,8,18,14,,38,1,,47,,,4,83,39,44,138,42,6,14,,3,3,,57,31,26,,1,3,10,2,132,1,,27,9,5,14,42,3,3,2,2,12,4,4,10,1,10,4,90,72,22,86,4,6,,1,339,18,,,1,8,6,111,132,4,90,10,18,42,251,19,19,10,3,5,57,4,37,1,0,,1,,,,,,,,,,,,,,,1,,,,,,,,,1,,,,,,,,,,,,,,,,,,,,,,,
Spain_Primera_Division,2025-2026,Girona FC,c88vxqe8zvvzzmhtszvy6ygic,A. Andreev,Goalkeeper,43,,,,,,,,,,,,,,,,,,,,,,,,,,,,,,,,,,,,,,,,,,,,,,,,,,,,,,,,,,,,,,,,,,,,,,,,,,,,,,,,,,,,,,,,,,,,,,,,,,,,,,,,,,,,,,,,,,,,,,,,,,,,,,,,,,,,
Spain_Primera_Division,2025-2026,Girona FC,5ykwmft0pr13p2uzhk7f2g3ys,J. Arango,Forward,32,,,,2,,1,,,1,,,,4,2,2,8,,1,2,,,,,4,2,2,,,,2,,3,,,,,,1,,,,,,2,,,2,,,,3,3,,3,,,,,16,1,,,,1,,3,3,,3,,1,,9,,,,,,,,,1,0,,,,,,,,,,,,,,,,,,,,,,,,,,,,,,,,,,,,,,,,,,,,,,,,,
Spain_Primera_Division,2025-2026,Girona FC,dqs37c6jriydjzjbm5zd17k0k,Pol Arnau,Defender,27,,,,,,,,,,,,,,,,,,,,,,,,,,,,,,,,,,,,,,,,,,,,,,,,,,,,,,,,,,,,,,,,,,,,,,,,,,,,,,,,,,,,,,,,,,,,,,,,,,,,,,,,,,,,,,,,,,,,,,,,,,,,,,,,,,,,
Spain_Primera_Division,2025-2026,Girona FC,1rhh9hzqzsp331scjcefanvo4,Y. Asprilla,Midfielder,10,7,5,2,15,,45,5,1,89,,,6,67,36,31,161,40,3,15,,14,13,1,60,31,29,,5,12,34,5,148,2,2,46,12,7,26,32,12,5,6,4,9,11,3,13,1,3,11,127,90,50,118,5,3,,2,605,19,2,,4,10,8,91,151,10,129,8,23,22,306,26,18,9,,2,41,7,20,,0,,5,,13,,,,,,,,,6,,,5,,,,,,,,,1,,1,,,,,,,,,,,,,,,,,,,,,,
Spain_Primera_Division,2025-2026,Girona FC,dp6wja5f4zl30alplt3sf5kic,P. Ba,Forward,44,,,,,,,,,,,,,,,,,,,,,,,,,,,,,,,,,,,,,,,,,,,,,,,,,,,,,,,,,,,,,,,,,,,,,,,,,,,,,,,,,,,,,,,,,,,,,,,,,,,,,,,,,,,,,,,,,,,,,,,,,,,,,,,,,,,,
Spain_Primera_Division,2025-2026,Girona FC,e3czx0nsuw10acnftbr8ud0bt,Fran Beltrán,Midfielder,8,20,14,6,20,,104,4,5,197,2,,4,105,58,47,194,197,10,20,,13,13,,85,44,41,1,12,9,267,,821,,,95,13,5,51,261,9,5,15,10,5,2,2,5,2,17,36,752,421,340,723,15,12,,,1214,18,2,,20,18,9,111,829,8,759,27,12,70,997,3,2,2,10,18,46,27,52,3,1,,3,1,2,1,1,1,,,,,1,,,,1,,1,0,,,,,,,,,,,,,,,,,,,,,,,,,,,,,,
Spain_Primera_Division,2025-2026,Girona FC,4dbs7cgevy096gouv60eurh05,Rubén Blanco,Goalkeeper,1,,,,,,,,,,,,,,,,,,,,,,,,,,,,,,,,,,,,,,,,,,,,,,,,,,,,,,,,,,,,,,,,,,,,,,,,,,,,,,,,,,,,,,,,,,,,,,,,,,,,,,,,,,,,,,,,,,,,,,,,,,,,,,,,,,,,
Spain_Primera_Division,2025-2026,Girona FC,3kx4mltrob4yta5g6kr2u8ic5,D. Blind,Defender,17,65,34,31,28,,112,1,20,524,5,,2,179,72,107,135,700,10,28,,39,34,5,114,38,76,,36,11,264,,1781,,4,285,33,15,130,813,11,1,27,3,1,3,3,12,16,2,122,1600,627,1076,1578,20,31,,9,2377,11,1,,117,15,13,230,1889,2,1700,51,5,189,2251,7,6,3,46,108,137,59,81,1,0,3,1,6,,,,,,,,,,,,,,,,,,,,,,,,,61,61,1,,,,,,,,,,,,,,,,,,,
Spain_Primera_Division,2025-2026,Girona FC,4ydaw14cc5uj77o8uafvt3578,D. Camara,Forward,14,5,4,1,2,,3,1,,1,,,,8,6,2,13,1,1,2,,4,4,,3,2,1,,1,2,2,,6,,,1,1,,1,4,2,,1,1,1,,,,,,,3,3,4,7,1,,,,71,,,,,2,,5,10,1,7,1,7,3,23,,,,1,1,2,1,2,,0,,1,,,,,,,,,,,,,,,,,,,,,,,,,,,,,,,,,,,,,,,,,,,,,,,
Spain_Primera_Division,2025-2026,Girona FC,b3sexumsdp9m96rkp5da0r47o,C. Echeverri,Midfielder,14,2,1,1,9,,29,3,,65,,,1,38,15,23,106,23,3,9,1,5,4,1,36,14,22,,,4,31,,117,2,,35,5,4,17,40,5,2,1,1,8,2,,12,,4,5,104,87,24,104,1,4,,1,260,9,2,,2,4,5,50,123,5,109,5,13,14,205,8,5,5,1,3,20,2,11,3,0,,3,1,7,1,1,1,,,,,1,2,,1,3,,1,0,,,,,,,,1,,,,,,,,,,,,,,,,,,,,,,
Spain_Primera_Division,2025-2026,Girona FC,8nxr373i7g1m2ch2lk6k03ckq,Alejandro Francés,Defender,16,13,5,8,18,,60,2,2,117,,,,58,20,38,93,171,2,18,1,13,8,5,45,15,30,,8,7,119,,386,,2,73,11,3,25,59,8,1,6,5,12,6,6,5,6,,29,305,140,191,296,4,9,1,26,630,3,1,,37,8,12,104,409,5,325,13,5,84,559,9,9,1,27,45,67,26,39,1,0,,4,1,,,,,,,,,,,1,,,,,,,,,,1,,,,,,2,1,,,,,,,,,,,,,,,,,,
Spain_Primera_Division,2025-2026,Girona FC,eavhyxb9dfjh0jp5yzg8p8udx,P. Gazzaniga,Goalkeeper,13,7,,7,27,,,,,90,6,,,14,3,11,,556,1,27,,36,31,5,7,3,4,,,,184,,661,,4,27,,,232,172,,,27,,,,,,34,,135,491,72,519,456,,,,,2383,1,,14,36,1,5,327,912,,591,,,321,1202,,,1,163,313,261,60,8,4,0,1,,,,,,,,,,,,,,,,,,,,,,,1,,,,183,145,,1,24,2,80,2,5,,18,97,64,31,,5,25,,,,,
Spain_Primera_Division,2025-2026,Girona FC,2q39ldlxegeshdnumd8meo1zo,Gibert Jordana,Defender,28,,,,,,,,,,,,,,,,,,,,,,,,,,,,,,,,,,,,,,,,,,,,,,,,,,,,,,,,,,,,,,,,,,,,,,,,,,,,,,,,,,,,,,,,,,,,,,,,,,,,,,,,,,,,,,,,,,,,,,,,,,,,,,,,,,,,
Spain_Primera_Division,2025-2026,Girona FC,cjd62gwj9ptwrrtu6y6xnpeui,Bryan Gil,Forward,21,17,13,4,23,3,178,9,,266,,,21,211,121,90,386,82,7,23,3,18,16,2,194,108,86,1,9,16,73,6,438,6,3,150,25,12,65,108,19,6,17,16,6,9,9,26,1,18,6,370,233,148,366,10,17,,9,1358,79,6,,10,16,33,237,441,11,372,27,61,69,802,32,27,40,4,8,83,18,61,4,0,,5,4,6,,,,,,,,,,2,,5,1,,,,,,,,,,,,,,,,,,,,,,,,,,,,,,,,
Spain_Primera_Division,2025-2026,Girona FC,c320492cbp1otejfp1i1oane1,Y. Herrera,Midfielder,21,31,12,19,10,,22,2,2,45,,,2,80,37,43,47,50,7,10,,19,18,1,49,25,24,,2,,61,1,171,1,3,18,10,7,15,42,,3,6,6,4,1,1,3,,3,9,131,72,63,125,3,4,,1,417,9,,,16,11,14,61,175,4,134,7,8,41,265,1,1,3,2,6,32,10,35,1,0,,1,,,,,,,,,,,,1,,,,,,,,,,,1,,,,,,,,,,,,,,,,,,,,,,,,
Spain_Primera_Division,2025-2026,Girona FC,4wbwcfbeokv5j4nuudbxgaw2d,Juan Carlos,Goalkeeper,0,,,,,,,,,,,,,,,,,,,,,,,,,,,,,,,,,,,,,,,,,,,,,,,,,,,,,,,,,,,,,,,,,,,,,,,,,,,,,,,,,,,,,,,,,,,,,,,,,,,,,,,,,,,,,,,,,,,,,,,,,,,,,,,,,,,,
Spain_Primera_Division,2025-2026,Girona FC,c4ef6mcyzxslw77ipml8sbk0k,L. Kourouma,Midfielder,29,2,2,,5,,,,,3,,,,7,6,1,6,1,,5,,1,1,,5,4,1,1,1,,5,,13,,,2,1,1,1,7,,,,,5,,,,,,,10,8,2,10,,,,,39,1,,,,2,1,5,13,,10,,,3,19,,,,1,1,1,2,2,,0,,,,,,,,,,,,,,,,,,,,,,,,1,,,,,,,1,,,,,,,,,,,,,,,,,,
Spain_Primera_Division,2025-2026,Girona FC,9jhm9qxoeqad7lm5i2nemgwes,V. Krapyvtsov,Goalkeeper,25,,,,2,,,,,4,,,,1,,1,,26,,2,,6,6,,1,,1,,,,7,,23,,1,2,,,12,6,,,1,,1,,,,3,,8,16,4,21,17,,,,,136,,,2,2,,1,14,39,,25,,,14,54,,,,7,14,12,2,,,0,,,,,,,,,,,,,,,,,,,,,,,,,,,,14,11,,,,,5,,1,,1,4,3,,,,,,,,,
Spain_Primera_Division,2025-2026,Girona FC,3vp8awfs73xgrh2krs24w6up5,L. Krejčí,Defender,18,6,3,3,2,,4,,1,20,,,,11,6,5,3,41,,2,,8,8,,5,3,2,,1,,10,,101,,1,11,3,3,6,49,,1,2,,,,,,,,2,89,27,65,90,2,,,,180,,,,1,2,,13,104,1,92,2,1,12,119,,,,5,7,9,3,5,1,0,,,,,,,,,,,,,,,,,,,,,,,,,,,,3,3,,,,,,,,,,,,,,,,,,,,
Spain_Primera_Division,2025-2026,Girona FC,ejcyvgclry4g5pc2rtptifphx,T. Lemar,Midfielder,11,4,2,2,20,,127,6,2,201,,,3,119,70,49,310,124,10,20,1,13,13,,115,68,47,1,3,14,139,,502,1,,82,19,6,49,127,15,2,11,10,9,11,2,13,,20,17,443,299,166,437,6,10,,5,999,40,1,,2,16,18,165,517,9,454,16,24,63,737,31,10,14,,6,81,13,57,2,0,,7,1,30,2,2,1,1,1,1,,1,9,1,1,18,2,1,1,,,,,,,1,1,,,,,,,,,,,,,,,,,,,,,,
Spain_Primera_Division,2025-2026,Girona FC,2e50rmuo2tdgksugzudbjankl,D. Livaković,Goalkeeper,1,,,,,,,,,,,,,,,,,,,,,,,,,,,,,,,,,,,,,,,,,,,,,,,,,,,,,,,,,,,,,,,,,,,,,,,,,,,,,,,,,,,,,,,,,,,,,,,,,,,,,,,,,,,,,,,,,,,,,,,,,,,,,,,,,,,,
Spain_Primera_Division,2025-2026,Girona FC,4o0ei8wawffrg2hvnbmcxipxx,David López,Defender,5,5,2,3,4,,13,,1,63,,,,9,3,6,3,56,,4,,6,6,,4,1,3,,,,43,1,164,,1,43,4,1,9,61,,,2,1,2,,,1,,,13,143,43,109,139,1,1,,,203,,,,4,1,,22,173,1,152,2,2,21,189,,,,9,14,16,5,7,,0,,1,,,,,,,,,,,,1,,,,,,,,,,,,,,7,7,,,,,,,,,,,,,,,,,,,,
Spain_Primera_Division,2025-2026,Girona FC,9um7x9zd0e000zt57l3yearqh,Iván Martín,Midfielder,23,42,24,18,28,1,250,3,3,341,4,,5,221,101,120,318,243,8,28,1,27,22,5,179,77,102,5,12,15,369,2,1105,1,3,141,19,12,122,258,16,3,23,10,5,2,2,23,1,48,53,976,496,497,938,19,33,,5,2014,44,2,,21,26,27,224,1120,7,991,52,21,129,1435,9,9,15,11,23,97,41,106,3,0,,4,3,,,,,,,,,,,2,,,3,,,,,,1,1,1,,,,,,,,,,,,,,,,,,,,,,,,
Spain_Primera_Division,2025-2026,Girona FC,2nq5nzq35tfwc7po29dtwqp78,Arnau Martínez,Defender,4,51,23,28,27,1,186,4,12,249,4,1,9,200,87,113,267,382,10,27,1,25,23,2,149,64,85,1,33,15,314,2,1035,1,4,142,27,13,87,197,15,7,25,11,2,4,4,8,12,10,55,888,375,556,872,25,29,10,93,2028,23,4,,103,19,23,237,1079,8,927,54,33,152,1571,27,27,9,48,69,120,59,83,6,1,,1,3,,1,,1,,2,,,1,,,1,,1,1,0,,,,,,,,,,,,,,,,,,,,,,,,,,,,,,
Spain_Primera_Division,2025-2026,Girona FC,8cpd4je0ku8wjumqeh3ruv10p,B. Miovski,Forward,19,,,,1,,3,,,,,,,1,1,,2,,,1,,2,2,,1,1,,,,,,,1,,,,,,,,,,1,1,,,,,,,,,,2,2,,,,,44,1,,,,,,2,3,,2,,1,1,4,,,1,,,1,,1,,0,,,,,,,,,,,,,,,,,1,,,,,,,,,,,,,,,,,,,,,,,,,,,,,,,,
Spain_Primera_Division,2025-2026,Girona FC,3m7wjcmet9b8sc5tu0ct8j0et,Álex Moreno,Defender,24,30,13,17,24,2,172,4,8,310,5,1,13,181,91,90,378,322,9,24,3,30,26,4,151,78,73,2,21,8,42,9,794,4,4,200,36,7,76,286,11,7,21,,3,6,6,30,6,2,13,660,333,359,673,10,18,19,134,1957,35,5,,79,23,15,278,822,11,686,28,35,136,1354,45,43,27,19,39,138,43,97,4,0,1,4,2,1,,,,,,,,,,2,,,,,,,,,,,,,,,,,,,,,,,,,,,,,,,,,,,
Spain_Primera_Division,2025-2026,Girona FC,41jb0ts5688xz8ell62rybm22,A. Ounahi,Midfielder,18,5,3,2,16,2,125,12,,260,1,,9,199,95,104,425,153,7,16,2,13,11,2,194,92,102,,13,20,100,,565,5,1,129,20,10,50,199,22,11,12,7,4,4,3,45,,23,16,485,350,151,481,7,8,,2,1117,65,7,,6,11,43,214,577,23,497,15,49,80,923,16,9,40,3,11,79,17,69,6,0,,12,11,5,4,4,3,1,,,,4,,,2,2,2,3,1,,,,,,1,1,1,,,,,,,,,,,,,,,,,,,,,,
Spain_Primera_Division,2025-2026,Girona FC,5l6e9nd0defapk1w2ucndowr9,Portu,Forward,0,13,8,5,10,,23,3,1,14,,,7,37,25,12,92,13,4,10,,11,10,1,24,17,7,,2,3,26,3,74,1,1,9,11,3,11,16,3,1,4,4,6,3,,,,2,1,52,41,18,55,3,1,,3,473,9,,,,6,4,58,78,6,56,4,22,22,149,14,6,3,,,30,6,22,1,0,,5,,11,,,,,1,,,,3,3,,8,1,,,,,,,,,,,,,,,,,,,,,,,,,,,,,,,,
Spain_Primera_Division,2025-2026,Girona FC,eku9q64i0rwdxytris5ahfyms,Hugo Rincón,Defender,2,42,24,18,27,1,149,1,8,211,2,,8,192,80,112,329,177,14,27,1,27,24,3,150,56,94,,5,8,334,1,691,1,1,111,35,10,62,47,9,4,16,7,11,3,3,9,1,6,16,570,309,279,569,9,29,13,111,1627,17,1,1,46,27,47,198,707,6,585,38,29,122,1107,25,25,8,15,24,103,44,98,3,1,1,2,,,1,1,1,,,,,1,,2,,,,1,0,,,,,,1,,,,,1,,,,,,,,,,,,,,,,,,,
Spain_Primera_Division,2025-2026,Girona FC,25h51j4zz5m180na6sy5ybbpw,Joel Roca,Midfielder,3,17,13,4,25,1,105,14,1,221,,1,19,179,95,84,317,59,5,25,1,20,17,3,162,82,80,1,2,9,13,3,276,3,3,134,26,5,48,108,10,9,11,8,14,2,2,30,,6,3,227,169,69,233,10,10,1,8,1036,62,1,,11,11,30,177,285,20,236,20,58,49,590,23,21,41,3,4,58,14,45,3,0,,11,1,6,2,2,1,1,,,,2,,3,1,2,,1,1,,,,,1,,,,,,,1,,,,,,,,,,,,,,,,,,
Spain_Primera_Division,2025-2026,Girona FC,e5xv1rmy69kwuxjxin653ojqh,Abel Ruiz,Forward,9,12,8,4,8,,12,3,,7,,,3,19,12,7,41,7,2,8,,,,,7,4,3,,1,2,8,1,33,,,4,2,1,5,7,2,1,,,8,,,1,,2,1,25,20,6,25,,1,,3,158,1,,,,2,1,18,34,2,26,1,16,8,61,2,2,,,,10,,8,,0,,1,,,,,,,,,,,,,,,,,,,,,,,,,,,,,,,,,,,,,,,,,,,,,,,
Spain_Primera_Division,2025-2026,Girona FC,9xqnrkdzagup4qj4hcn7l9c0k,Antonio Salguero,Defender,31,,,,,,,,,,,,,,,,,,,,,,,,,,,,,,,,,,,,,,,,,,,,,,,,,,,,,,,,,,,,,,,,,,,,,,,,,,,,,,,,,,,,,,,,,,,,,,,,,,,,,,,,,,,,,,,,,,,,,,,,,,,,,,,,,,,,
Spain_Primera_Division,2025-2026,Girona FC,9aa4y3bcepj669s3rx4ebd6ok,Javi Sarasa,Forward,30,,,,,,,,,,,,,,,,,,,,,,,,,,,,,,,,,,,,,,,,,,,,,,,,,,,,,,,,,,,,,,,,,,,,,,,,,,,,,,,,,,,,,,,,,,,,,,,,,,,,,,,,,,,,,,,,,,,,,,,,,,,,,,,,,,,,
Spain_Primera_Division,2025-2026,Girona FC,2f1s166mgypfd94gce3k2cnx0,J. Solís,Midfielder,22,9,7,2,12,,39,,1,49,,,,42,27,15,45,36,1,12,,14,13,1,33,20,13,,4,1,46,,161,,2,21,2,1,20,43,1,1,3,2,9,,,3,,8,3,142,75,70,142,,3,,1,374,11,,,8,2,7,37,164,3,145,3,3,19,225,,,8,3,5,13,6,14,,0,,2,,,,,,,,,,,,,,,,,,,,,,,,,,,,,,,,,,,,,,,,,,,,,,,
Spain_Primera_Division,2025-2026,Girona FC,6navc0x6p4yqy76zyo3zocwr9,C. Stuani,Forward,7,16,8,8,13,,15,2,,4,,,1,39,19,20,26,9,3,13,,6,6,,23,11,12,,1,1,6,5,29,,,1,2,,3,6,1,,1,1,12,,,2,,2,,16,10,13,23,1,3,,,216,2,,,2,7,6,20,36,6,23,4,12,13,72,,,,1,1,8,5,12,2,0,,6,,,3,,3,,,,,3,,3,3,,1,2,1,,4,3,,,2,,,,,,,,,,,,,,,,,,,,,,,,
Spain_Primera_Division,2025-2026,Girona FC,3auwtiburdxrp2i5me2d97f11,V. Tsygankov,Forward,15,51,30,21,24,4,222,8,3,288,3,,7,192,100,92,573,164,6,24,4,28,25,3,141,70,71,,15,32,293,2,727,1,4,140,26,13,65,74,36,11,23,12,1,18,3,19,1,24,27,601,447,197,599,9,17,,12,1931,42,3,,24,14,27,265,753,26,626,26,62,127,1143,70,34,24,1,10,168,29,117,2,2,,15,3,45,5,5,5,,,4,,,11,4,3,20,3,1,4,1,,,,,,1,4,,,,,,,,,,,,,,,,,,,,,,
Spain_Primera_Division,2025-2026,Girona FC,32ofi0z0euiqvxt5jk8o1uzxm,V. Vanat,Forward,19,51,34,17,27,1,114,5,1,68,1,,4,135,87,48,191,40,10,27,1,26,22,4,84,53,31,2,3,11,69,20,229,1,3,36,21,8,24,50,12,4,27,20,,1,1,9,,26,3,169,104,110,210,2,3,,1,1960,24,3,,16,28,17,132,273,22,213,5,68,60,459,4,4,10,,3,49,15,57,4,3,,18,2,,9,4,8,1,,5,,4,,9,7,,7,3,6,,3,3,,,1,,,,,,,,,,,,,,,,,,,,,,,,
Spain_Primera_Division,2025-2026,Girona FC,bh4p6egq7e7htivuu0qdjqiac,Vitor Reis,Defender,12,125,53,72,28,,102,3,34,380,5,,1,219,91,128,57,465,8,28,1,37,34,3,94,38,56,,20,7,549,1,1378,1,4,232,19,8,80,350,8,8,27,,1,,,6,8,,61,1244,380,951,1270,11,24,,7,2418,6,2,1,171,25,15,160,1466,10,1331,35,24,135,1847,,,2,41,59,77,58,76,6,0,,2,1,,1,1,1,,,,1,,,3,1,,,1,0,1,,,,1,,,,21,21,3,1,,,,,,,,,,,,,,,,,,
Spain_Primera_Division,2025-2026,Girona FC,59234as8h70fejyfm7492np3p,A. Witsel,Defender,20,63,23,40,24,,168,4,6,249,2,,5,193,92,101,200,293,18,24,2,30,27,3,130,69,61,2,23,15,319,,1050,1,4,111,34,26,124,317,17,10,22,5,2,,,7,3,22,31,948,460,533,962,9,19,,,1912,20,2,,49,29,27,151,1097,15,993,28,28,104,1371,1,1,3,8,20,73,32,84,1,0,,5,,,1,,1,,2,,,1,,4,,,,0,1,,,,1,1,,,,,,,,,,,,,,,,,,,,,,,,,
Spain_Primera_Division,2025-2026,Girona FC,2e55g4q93y382cg7h0yk5rtud,M. ter Stegen,Goalkeeper,22,,,,2,,,,,17,,,,,,,,32,,2,,2,2,,,,,,,,27,,64,,,10,,,14,16,,,2,,,,,,,,7,60,,69,62,,,,,180,,,1,1,,,6,75,,69,,,6,85,,,,4,6,3,3,,,0,,,,,,,,,,,,,,,,,,,,,,,,,,,,10,6,,,1,,,,,,1,4,3,1,,,1,,,,,
Spain_Primera_Division,2025-2026,Girona FC,6gruusc463fdln5uz1uzhne8l,D. van de Beek,Midfielder,6,,,,2,,2,,1,1,,,,,,,6,4,,2,,1,1,,,,,,,,1,1,13,,1,,,,3,6,,1,1,1,1,,,,,,,12,8,4,12,,,,1,41,,,,2,,,2,13,2,12,,2,1,20,,,,,,1,,1,,0,,1,,,,,,,,,,,,,,,,,,,,,,,,,,,,,,,,,,,,,,,,,,,,,,,
Spain_Primera_Division,2025-2026,Levante UD,cmrror5dshow00mbi6nxh1es4,T. Abed,Forward,55,1,1,,4,,,,,5,,,1,9,5,4,8,5,,4,,2,1,1,8,4,4,,,,2,,9,,,2,2,,1,2,,,,,4,,,1,,,,5,4,1,5,,1,,,36,3,,,1,1,2,10,9,,5,1,1,4,23,2,2,1,,,4,2,4,,0,,,,,,,,,,,,,,,,,,,,,,,,,,,,,,,,,,,,,,,,,,,,,,,,,
Spain_Primera_Division,2025-2026,Levante UD,kdf39fz73dd5n2nzlsuwbq3t,K. Arriaga,Midfielder,16,56,22,34,20,1,68,3,12,145,2,,4,152,70,82,79,161,13,20,1,23,18,5,96,48,48,,11,2,155,2,537,1,,48,13,6,75,172,3,3,12,4,8,2,2,5,3,9,24,448,211,255,440,10,17,1,3,1149,20,1,,40,19,17,128,556,6,464,27,11,92,758,2,2,8,5,20,55,39,72,4,0,,3,2,,1,,1,,,,,1,,,,,1,1,0,,,,1,1,,,1,,,,,,,,,,,,,,,,,,,,,,
Spain_Primera_Division,2025-2026,Levante UD,dwvghrdrnqqmfiwwicm5lrskq,Roger Brugué,Midfielder,7,33,20,13,15,1,68,5,1,74,1,,5,109,69,40,150,55,9,15,1,18,14,4,76,49,27,,4,5,34,6,204,3,,42,18,8,23,51,6,8,10,8,5,5,5,9,,7,3,164,104,69,165,5,5,,1,900,28,2,,16,11,8,98,208,13,168,10,37,40,378,5,5,11,3,5,32,13,35,1,0,,5,,,,,,,1,,,,,4,,,1,,,,,,,,,,,,,,,,,,,,,,,,,,,,,,,,
Spain_Primera_Division,2025-2026,Levante UD,d1k9hj2ovhxue46mbdxy7wp3o,Jorge Cabello,Defender,14,14,8,6,5,,9,,4,15,,,,30,12,18,4,37,,5,,9,7,2,16,4,12,,,,30,,120,,,6,3,1,5,47,,,4,2,1,,,2,,,7,104,28,78,99,3,4,,,364,,,,22,3,3,18,123,,106,7,,17,173,,,,5,9,13,4,8,1,0,,,,,,,,,,,,,,,,,,,,,,,,,,,,,,,,,,,,,,,,,,,,,,,,,
Spain_Primera_Division,2025-2026,Levante UD,3072da88jl9fou9gi2c5j3bx0,Pablo Cuñat,Goalkeeper,1,2,,2,2,,,,,2,,,,2,,2,,39,,2,,5,4,1,,,,,,,5,,19,,,,1,,25,13,,,2,,,,,,4,,15,10,9,20,14,,,,,180,,,1,6,,,28,57,,29,,,28,90,,,,13,27,27,1,1,,0,,,,,,,,,,,,,,,,,,,,,,,,,,,,31,26,,,2,,9,,,,5,11,6,4,,1,2,,,,,
Spain_Primera_Division,2025-2026,Levante UD,a35w8p4yvz2no4sm61b0ul0yc,Cayetano,Goalkeeper,34,,,,,,,,,,,,,,,,,,,,,,,,,,,,,,,,,,,,,,,,,,,,,,,,,,,,,,,,,,,,,,,,,,,,,,,,,,,,,,,,,,,,,,,,,,,,,,,,,,,,,,,,,,,,,,,,,,,,,,,,,,,,,,,,,,,,
Spain_Primera_Division,2025-2026,Levante UD,2ejz1qo6hy9ouvzcorbqeb28k,Dani Cervera,Midfielder,37,,,,,,,,,,,,,,,,,,,,,,,,,,,,,,,,,,,,,,,,,,,,,,,,,,,,,,,,,,,,,,,,,,,,,,,,,,,,,,,,,,,,,,,,,,,,,,,,,,,,,,,,,,,,,,,,,,,,,,,,,,,,,,,,,,,,
Spain_Primera_Division,2025-2026,Levante UD,6w641bd5laym8cnxg6mecsmqc,Paco Cortés,Forward,27,1,,1,11,,36,6,1,47,,,7,47,31,16,98,27,,11,,6,4,2,46,31,15,2,2,5,9,1,96,1,,23,12,4,22,26,5,1,3,3,8,1,1,9,,1,1,74,47,30,75,,1,,1,411,23,2,,2,6,5,74,98,5,76,1,11,22,196,18,16,14,3,4,35,5,18,2,0,,4,1,3,,,,,,,,,,,,1,,,,,,,,,,,,,,,,,,,,,,,,,,,,,,,,,
Spain_Primera_Division,2025-2026,Levante UD,4ig4kv8c1xew1jlsy1k2iga21,Unai Elgezabal,Defender,5,43,12,31,12,,21,,16,66,1,,,75,30,45,23,159,6,12,,24,20,4,32,18,14,,3,2,126,,399,,1,33,8,5,28,103,2,2,11,3,1,,,,3,,14,340,109,239,334,4,4,,,958,,,,70,11,6,67,409,3,348,8,11,61,542,,,,15,32,42,19,29,2,0,1,1,1,,1,,1,,,,1,1,,1,,,,0,1,,,,,,,,,1,1,,,,,,,,,,,,,,,,,,,,
Spain_Primera_Division,2025-2026,Levante UD,cbh5v5yi380uvbt5z2xbxemfo,Carlos Espí,Forward,19,53,26,27,17,,37,1,1,33,,,6,129,69,60,122,26,6,17,,11,10,1,76,43,33,1,4,2,25,5,108,1,1,15,9,8,24,30,2,8,5,3,12,,,9,,8,1,68,45,33,77,5,3,,,649,23,,,7,16,16,98,118,23,78,8,46,40,279,,,10,,,37,3,40,2,1,,15,,,7,4,5,2,,2,,3,,4,4,,4,5,2,2,,,,,,,,,,,,,,,,,,,,,,,,,,,,,
Spain_Primera_Division,2025-2026,Levante UD,bl3o0pt262qax5cwv4jeu82s4,K. Etta Eyong,Forward,21,87,56,31,26,4,87,6,1,100,2,,11,235,133,102,245,55,7,26,4,30,23,7,148,77,71,3,4,9,52,7,231,2,2,50,27,13,51,64,13,18,18,10,8,1,1,10,,23,8,150,115,63,169,13,14,,,1593,51,4,,18,27,34,210,258,35,177,27,65,81,588,12,12,18,1,5,76,17,76,2,1,,17,1,,6,4,6,,1,1,,2,,8,5,,5,3,3,3,1,,,,,,,,,,,,,,,,,,,,,,,,1,,,,
Spain_Primera_Division,2025-2026,Levante UD,a5a9d3z93jct2dtg6ajpi26ay,Víctor García,Defender,17,23,12,11,16,1,59,3,3,91,,,7,91,46,45,160,66,5,16,1,11,9,2,68,34,34,,9,12,84,2,217,1,1,50,14,3,43,11,13,6,9,8,7,11,10,12,1,5,7,160,97,76,155,5,7,4,20,768,21,2,1,13,10,11,142,220,10,162,12,19,58,426,38,36,15,9,19,81,15,39,,0,,4,,1,,,,,,,,,,1,,,1,,,,,,,,,,1,,,,,,,,,,,,,,,,,,,,,,
Spain_Primera_Division,2025-2026,Levante UD,5b9ycghp21qhv7qz6zuvblh49,G. Koyalipou,Forward,15,15,8,7,11,,14,5,,22,,,2,49,28,21,62,13,,11,,5,5,,34,20,14,,1,1,12,3,52,,,9,3,1,10,15,1,1,2,2,9,1,1,9,,3,,29,21,11,31,1,3,,,239,17,1,,4,2,1,44,54,5,31,4,15,23,116,,,6,1,1,17,6,22,1,0,,4,1,,1,1,1,,,,,1,,1,1,,2,0,1,,,,,,,,,,,,,,,,,,,,,,,,,,,,,,
Spain_Primera_Division,2025-2026,Levante UD,2zp83pf61rxwxumf6ba31qh3o,M. Krug,Defender,28,,,,,,,,,,,,,,,,,,,,,,,,,,,,,,,,,,,,,,,,,,,,,,,,,,,,,,,,,,,,,,,,,,,,,,,,,,,,,,,,,,,,,,,,,,,,,,,,,,,,,,,,,,,,,,,,,,,,,,,,,,,,,,,,,,,,
Spain_Primera_Division,2025-2026,Levante UD,38igxi5sn8v00xtciwhqb44fe,Iker Losada,Forward,18,12,10,2,18,1,39,2,2,44,,,4,54,34,20,105,66,1,18,1,10,10,,42,24,18,1,9,9,24,2,174,1,1,31,9,3,24,54,10,7,9,9,9,4,1,4,,7,3,125,87,49,129,1,8,,3,686,11,1,,7,5,5,90,183,11,132,9,16,51,299,13,6,7,5,11,48,16,40,1,2,,4,,8,3,1,2,1,,,,3,2,2,2,4,1,2,1,,,,,,,,,,,,,,,,,,,,,,,,,,,,,,
Spain_Primera_Division,2025-2026,Levante UD,djhl1u6idhf6u50lp04xu3f1l,Sergio Lozano,Midfielder,21,1,1,,1,,1,,,,,,,5,3,2,3,2,,1,,1,1,,4,2,2,,,,3,,6,,,,,,1,1,,,,,1,,,,,,,6,5,2,7,1,1,,,11,2,,,,,,2,7,,7,2,,,12,,,2,,,,,,,0,,,,,,,,,,,,,,,,,,,,,,,,,,,,,,,,,,,,,,,,,,,,,,,,,
Spain_Primera_Division,2025-2026,Levante UD,e98i1kwb733b830mk2wqdlene,Pablo Martínez,Midfielder,10,16,7,9,19,1,81,10,9,103,1,,7,106,63,43,199,160,15,19,2,19,16,3,90,56,34,1,16,18,71,3,416,1,1,59,17,8,57,124,20,9,13,7,6,16,5,12,2,3,26,314,187,160,305,7,6,,1,1249,27,6,,19,21,9,180,436,13,331,13,20,105,666,29,7,14,18,40,114,20,65,2,0,,4,5,29,1,1,1,,1,1,,,6,1,1,18,,1,0,,,,,,,,4,,,,,,,,,,,,,,,,,,,,,,
Spain_Primera_Division,2025-2026,Levante UD,2y25g5wgiygxbp97r22o1a1as,A. Matturro,Defender,3,30,14,16,16,,30,4,4,89,1,1,2,75,30,45,34,126,3,16,,17,14,3,45,16,29,,6,2,92,,349,,2,52,6,3,51,149,2,3,9,1,7,,,,5,,17,275,68,252,303,8,12,1,2,834,6,1,1,63,7,9,98,397,4,320,20,15,77,546,,,3,31,50,65,12,27,,1,,1,,,1,,1,,,,,,,,1,,,1,0,1,,,,1,,,,33,34,1,1,,,1,,,,,,,,,,,,,,,
Spain_Primera_Division,2025-2026,Levante UD,9y7202khwzb48ea7im646m11x,José Luis Morales,Forward,11,5,3,2,19,,18,3,2,33,,,,44,20,24,94,45,2,19,1,7,6,1,39,17,22,,3,5,26,4,114,,,21,6,,24,27,6,2,1,1,18,2,2,9,,1,1,83,58,29,84,5,4,,3,322,13,2,,3,3,4,62,116,6,85,9,20,31,201,6,5,7,1,3,27,10,28,1,0,,4,1,1,1,,1,,,,,1,,4,1,1,1,1,0,,1,1,,,,,,,,,,,,,,,,,,,,,,,,,,,
Spain_Primera_Division,2025-2026,Levante UD,4v3mcgy4w1n4g3vkq0fe7iwwk,M. Moreno,Defender,2,61,27,34,20,,52,3,17,178,4,1,1,128,50,78,51,238,5,20,,21,16,5,67,23,44,1,25,3,162,2,672,1,,116,19,12,51,253,3,4,19,6,1,,,3,15,,38,567,178,418,558,6,19,,5,1536,6,,,92,14,16,126,705,4,596,25,24,109,955,1,1,3,35,50,82,28,59,6,0,,,,,,,,,1,,,,,2,,,,,,,,,,,,,,10,11,1,,,,1,,,,,,,,,,,,,,,
Spain_Primera_Division,2025-2026,Levante UD,2ifhfzirsnjx86hr8gihf7h90,Huseini,Defender,35,,,,,,,,,,,,,,,,,,,,,,,,,,,,,,,,,,,,,,,,,,,,,,,,,,,,,,,,,,,,,,,,,,,,,,,,,,,,,,,,,,,,,,,,,,,,,,,,,,,,,,,,,,,,,,,,,,,,,,,,,,,,,,,,,,,,
Spain_Primera_Division,2025-2026,Levante UD,6lnttemmflhxp700fr069ty0a,Jon Olasagasti,Midfielder,8,36,14,22,25,2,78,7,8,93,1,1,10,135,68,67,215,165,7,25,2,21,18,3,99,54,45,,10,14,102,,412,2,2,58,26,6,55,87,16,5,10,4,15,12,4,7,1,14,19,299,201,128,298,10,10,,4,1060,22,3,1,18,16,18,199,432,11,317,20,24,115,670,46,14,9,13,33,134,27,82,3,0,,6,3,30,1,1,,1,1,1,,,7,3,,19,1,0,1,,,,,1,,,1,,,,1,,,,,,,,,,,,,,,,,,
Spain_Primera_Division,2025-2026,Levante UD,bqb9wziyiw0rngildx44uhxbd,Diego Pampín,Defender,6,8,4,4,6,,46,2,,40,,,1,42,22,20,44,57,5,6,,8,8,,34,18,16,,4,2,8,,168,,1,22,8,3,18,65,2,1,4,1,2,2,2,5,4,,4,136,55,91,140,3,5,7,26,367,5,,,13,7,4,57,176,1,144,8,8,32,277,7,7,1,4,10,23,16,22,2,0,,,,,,,,,,,,,,,,,,,,,,,,,,,,,,,,,,,,,,,,,,,,,,,,,
Spain_Primera_Division,2025-2026,Levante UD,86vrnjycj2o3mg6k7hohpzoyc,Álex Primo,Goalkeeper,32,,,,,,,,,,,,,,,,,,,,,,,,,,,,,,,,,,,,,,,,,,,,,,,,,,,,,,,,,,,,,,,,,,,,,,,,,,,,,,,,,,,,,,,,,,,,,,,,,,,,,,,,,,,,,,,,,,,,,,,,,,,,,,,,,,,,
Spain_Primera_Division,2025-2026,Levante UD,a0810cmxke3zmwaqj31bo15hw,Nacho Pérez,Defender,29,1,1,,2,,6,,,3,,,,7,3,4,6,17,,2,,1,1,,6,2,4,,1,1,14,,39,,,2,1,,2,2,1,,1,1,1,,,,1,,1,34,13,21,33,2,1,2,4,80,2,,,1,,1,10,39,,34,3,,5,54,,,1,,1,3,2,4,,0,,,,,,,,,,,,,,,,,,,,,,,,,,,,,,,,,,,,,,,,,,,,,,,,,
Spain_Primera_Division,2025-2026,Levante UD,dlxi9jrz36ge900qdsd9c0mlm,U. Raghouber,Midfielder,14,20,9,11,9,,45,,,63,1,,1,63,24,39,35,48,4,9,,7,7,,43,15,28,,7,2,52,1,210,,,36,8,4,23,68,2,1,5,3,4,,,6,,7,9,177,56,123,170,9,5,,,456,5,,,13,6,8,50,213,1,179,14,3,34,298,1,1,2,4,9,28,7,25,,0,,,,,,,,,,,,,,,,,,,,,,,,,,,,,,2,,,,,,,,,,,,,,,,,,,
Spain_Primera_Division,2025-2026,Levante UD,a91clevckra05nq55e1ztezmd,Oriol Rey,Midfielder,20,20,12,8,18,,57,2,4,86,,,,92,52,40,73,155,10,18,,22,19,3,72,40,32,,8,8,96,,460,2,2,37,22,14,50,171,8,3,13,5,5,4,4,1,2,7,21,396,205,210,390,8,11,,,1184,4,,,31,22,12,84,479,4,411,19,4,68,619,2,,1,13,21,49,21,47,3,0,,1,1,1,,,,,1,,,,,,,1,1,,,,,,,,,,,,,,,,,,,,,,,,,,,,,,,,
Spain_Primera_Division,2025-2026,Levante UD,8kj8kbwbfiqloxiilj0i00ep6,Iván Romero,Forward,9,60,32,28,26,1,149,17,2,185,,,13,296,152,144,425,93,10,26,1,28,25,3,236,120,116,2,8,22,86,7,402,2,2,82,35,13,73,106,23,19,23,21,3,3,3,32,,17,8,292,205,122,316,7,20,27,18,1882,75,5,,8,32,57,303,434,33,324,27,95,110,901,12,12,29,3,6,94,28,104,3,0,,14,4,,5,5,5,,1,,,5,,10,5,,2,3,2,,,,,,,,,,,,,,,,,,,,,,,,,,,,,,
Spain_Primera_Division,2025-2026,Levante UD,9m27ixw52r4zeq0qar8raw7x0,Pablo Rosón,Midfielder,30,,,,,,,,,,,,,,,,,,,,,,,,,,,,,,,,,,,,,,,,,,,,,,,,,,,,,,,,,,,,,,,,,,,,,,,,,,,,,,,,,,,,,,,,,,,,,,,,,,,,,,,,,,,,,,,,,,,,,,,,,,,,,,,,,,,,
Spain_Primera_Division,2025-2026,Levante UD,7j2tby2juem6umpvk2ujxzs44,Joan Ruiz,Midfielder,33,,,,,,,,,,,,,,,,,,,,,,,,,,,,,,,,,,,,,,,,,,,,,,,,,,,,,,,,,,,,,,,,,,,,,,,,,,,,,,,,,,,,,,,,,,,,,,,,,,,,,,,,,,,,,,,,,,,,,,,,,,,,,,,,,,,,
Spain_Primera_Division,2025-2026,Levante UD,7udphhcokm6vralyz5gkovxsl,M. Ryan,Goalkeeper,13,14,1,13,28,,,1,,118,5,,,18,2,16,4,534,,28,,45,38,7,4,1,3,,1,,150,,577,,3,36,1,1,238,223,,1,28,,,,,,84,,232,434,138,492,398,1,1,,,2520,,,25,35,,,282,907,1,630,2,4,277,1232,,,,141,270,210,67,7,2,0,,,,,,,,,,,,,,,,,,,,,,,,,,,,278,208,,,28,4,68,3,4,1,10,103,73,28,1,2,22,,1,,,
Spain_Primera_Division,2025-2026,Levante UD,d34tmogp5h4rwuo3pcxtwp0fe,Manu Sánchez,Defender,23,35,18,17,26,1,196,2,5,220,3,,9,213,100,113,339,254,12,26,1,41,33,8,178,82,96,1,29,13,40,2,707,,2,132,44,24,87,228,14,5,25,5,1,11,11,10,2,,22,576,305,291,563,22,47,26,134,2267,26,1,1,71,29,17,274,718,8,585,69,36,133,1307,48,48,16,35,53,140,41,80,8,0,,3,,4,1,,1,,,,,,,1,1,,,0,1,1,,,,,,,,,,,,,,,,,,,,,,,,,,,,,
Spain_Primera_Division,2025-2026,Levante UD,5oge5fhmna0oduqvjisoa1djp,J. Toljan,Defender,22,36,25,11,29,3,170,4,14,171,5,,11,166,85,81,304,356,11,29,3,45,39,6,130,60,70,1,25,20,292,2,831,2,3,97,58,28,78,35,23,4,29,8,,23,23,1,4,2,43,633,297,376,607,21,33,39,157,2520,19,9,1,79,25,15,321,853,5,650,54,31,203,1431,31,30,11,43,82,188,46,121,7,0,1,1,2,,1,1,1,,,,,1,,,1,,,0,1,,,,,,,,,,,1,,,,,,,,,,,,,,,,,,,
Spain_Primera_Division,2025-2026,Levante UD,20s72mrpp0gl3hd333zaows2c,Kareem Tunde,Forward,26,21,15,6,14,1,42,2,,65,,,2,111,59,52,129,46,5,14,1,14,13,1,90,44,46,2,11,4,45,1,156,3,2,30,10,7,37,23,5,8,12,10,2,,,11,1,1,4,119,79,40,115,8,11,,,864,26,1,,3,14,16,99,156,10,119,19,20,37,323,6,6,13,4,4,33,10,33,3,0,,2,,,,,,,,,,,,,,,1,,,,,,,,,,,,,,,,,,,,,,,,,,,,,,,,
Spain_Primera_Division,2025-2026,Levante UD,7x2c4pr7hvku5zp0dnjcpy0yy,Unai Vencedor,Midfielder,12,28,14,14,16,,57,,5,78,,,,109,61,48,82,147,14,16,,16,12,4,81,47,34,1,6,12,104,,397,,2,31,15,12,39,108,12,,11,10,5,9,5,4,6,4,40,327,182,166,299,9,13,,1,818,6,3,,14,24,8,101,416,,339,22,1,77,537,13,5,3,11,29,72,18,48,3,0,,,1,9,,,,,,,,,2,,,5,,,,,,,,1,,,,,,,1,,,,,,,,,,,,,,,,,,
Spain_Primera_Division,2025-2026,Levante UD,49230s4p4daocrftccqqbeqjt,Adrián de la Fuente,Defender,4,58,25,33,26,1,77,14,21,219,4,2,8,141,60,81,113,479,14,26,1,41,36,5,83,35,48,,38,9,320,1,1030,,3,111,24,11,68,234,10,8,23,1,3,4,4,4,17,,125,846,281,632,784,11,15,14,13,2094,3,2,2,137,27,18,254,1110,13,909,26,25,201,1488,18,18,,61,136,181,38,65,5,0,2,5,5,,2,,2,,,,1,1,,2,1,,,2,0,1,1,1,,,,1,4,8,10,1,,,,2,,,,,,,,,,,,,,,
Spain_Primera_Division,2025-2026,Levante UD,6gtfe9aysdrcht4v2rluu0ley,Carlos Álvarez,Midfielder,24,18,14,4,26,1,104,10,1,224,1,,5,206,118,88,361,216,11,26,1,35,30,5,188,104,84,1,13,36,220,2,587,1,2,113,24,13,86,75,37,7,22,15,4,9,1,18,1,18,20,475,339,167,477,11,11,,1,1795,64,6,,5,21,45,288,615,17,497,22,41,118,969,38,11,32,2,8,131,25,110,3,1,,10,14,27,3,2,2,1,2,3,,,6,2,1,17,1,0,3,,,,,,1,,4,,,,,,,,,,,,,,,,,,,,1,1,
Spain_Primera_Division,2025-2026,Rayo Vallecano de Madrid,73jvx4opw9wvawwpg0bnt8ay2,I. Akhomach,Forward,12,8,7,1,17,,81,5,2,113,,,8,140,74,66,225,58,11,17,,8,6,2,132,67,65,1,2,8,54,1,207,7,1,69,9,6,33,18,8,9,7,7,10,6,4,12,,7,4,176,133,52,175,9,14,,1,704,49,2,,6,18,30,140,211,15,179,23,37,32,447,22,12,27,1,6,49,5,26,3,0,,6,2,10,,,,,,,,,1,4,,7,,,,,,,,,,,1,,,,,,,,,,,,,,,,,,,,,,
Spain_Primera_Division,2025-2026,Rayo Vallecano de Madrid,7ppmuz6ays7s0v3gk2x4ecb1l,Alemão,Forward,9,39,28,11,18,,47,4,2,30,,,7,96,61,35,114,36,8,18,,10,7,3,57,33,24,2,1,6,24,,124,1,,14,7,2,11,29,6,4,8,8,10,,,3,,9,2,79,59,32,89,3,1,,,788,13,,,10,17,17,106,136,10,91,4,26,45,265,3,3,4,2,4,40,8,41,1,1,,6,1,,1,1,1,,,,,,,3,1,,3,1,0,1,,,,,,,,,,,,,,,,,,,,,,,,,,,,,
Spain_Primera_Division,2025-2026,Rayo Vallecano de Madrid,bpfp895223p7w0px2ui3nb2l1,I. Balliu,Defender,20,8,5,3,11,,23,,3,32,,,1,32,14,18,60,79,4,11,,5,4,1,24,9,15,,4,2,62,,170,,,18,5,2,14,8,2,2,3,2,8,1,1,3,1,1,9,144,77,70,137,3,6,2,36,327,2,,,4,6,3,42,172,2,146,9,3,26,260,7,7,2,6,8,30,3,18,2,0,,,,,,,,,,,,,,1,,,,,,,,,,,,,,,,,,,,,,,,,,,,,,,,,,,
Spain_Primera_Division,2025-2026,Rayo Vallecano de Madrid,9h6xf4ac4rpsjpummcdx26z9,A. Batalla,Goalkeeper,13,7,1,6,30,,,,,181,9,,,20,5,15,,760,,30,,35,31,4,13,4,9,,,2,163,,818,,5,100,2,,262,161,2,,30,,,,,4,95,,258,564,136,565,443,,1,,,2700,1,,9,20,,4,396,1084,,701,1,,383,1348,,,1,235,376,293,90,7,4,0,,,,,,,,,,,,,,,,,,,,,,,,,,,,181,121,,,18,5,54,3,5,,6,82,57,25,,,21,,,,,
Spain_Primera_Division,2025-2026,Rayo Vallecano de Madrid,2pdz9y2nbrc1dnfkskrostn2s,Samu Becerra,Midfielder,28,,,,3,,2,,,6,,,,1,1,,9,2,1,3,,,,,1,1,,,,1,3,,12,,,1,,,1,5,1,,,,3,1,1,,,,,11,7,5,11,,,,,11,,,,,1,,3,12,,11,,2,1,15,1,1,,,,2,,1,,0,,,,,,,,,,,,,,,,,,,,,,,,,,,,,,,,,,,,,,,,,,,,,,,,,
Spain_Primera_Division,2025-2026,Rayo Vallecano de Madrid,1bdnkqbxm2u5ror7ipig5m73e,Sergio Camello,Forward,10,9,7,2,15,,35,1,,45,,,2,54,33,21,94,16,2,15,,9,7,2,45,26,19,1,2,8,25,2,119,,,12,3,2,19,52,8,4,4,3,11,1,1,7,,8,3,99,66,43,105,1,2,,1,469,21,,,,3,9,57,128,8,108,3,14,20,210,1,1,8,1,1,18,3,19,2,0,,4,1,,,,,,1,,,,,3,,,1,,,,,,,1,,,,,,,1,,,,,,,,,,,,,,,,,,
Spain_Primera_Division,2025-2026,Rayo Vallecano de Madrid,amt4voyjzhnvr55t08hzlw50q,Pep Chavarría,Defender,3,43,24,19,26,2,260,6,14,342,8,,22,209,98,111,433,378,12,26,2,30,26,4,166,74,92,2,27,19,71,2,1045,2,5,226,55,18,116,355,21,8,24,1,2,13,13,14,19,3,46,886,444,473,858,19,26,20,192,2195,35,5,,65,30,33,332,1064,11,904,45,20,160,1721,61,61,21,51,71,159,62,89,4,0,2,3,7,,1,1,,1,,1,,,,1,,,,0,1,,,,1,1,,,,,,1,,,,,,,,,,,,,,,,,,,
Spain_Primera_Division,2025-2026,Rayo Vallecano de Madrid,1ho7koiegfhsuevuum2meibu2,P. Ciss,Midfielder,6,49,25,24,21,,95,2,10,175,2,,1,146,70,76,72,268,10,21,,19,15,4,97,45,52,,22,10,180,2,830,1,2,96,18,14,88,324,10,6,15,2,6,1,1,4,4,6,54,736,329,443,717,17,24,,1,1441,14,,,49,21,7,125,867,13,771,41,13,96,1090,,,4,8,33,62,34,63,5,0,,7,,,2,1,2,,,,,1,,4,2,,1,2,0,1,,,,2,,,,16,16,1,2,,,,,,,,,,,,,,,,,,
Spain_Primera_Division,2025-2026,Rayo Vallecano de Madrid,9xhbpn45z9wvjidbmparzkdm1,Dani Cárdenas,Goalkeeper,1,,,,,,,,,,,,,,,,,,,,,,,,,,,,,,,,,,,,,,,,,,,,,,,,,,,,,,,,,,,,,,,,,,,,,,,,,,,,,,,,,,,,,,,,,,,,,,,,,,,,,,,,,,,,,,,,,,,,,,,,,,,,,,,,,,,,
Spain_Primera_Division,2025-2026,Rayo Vallecano de Madrid,7vb4xrwk7sbgpxzgiwwbt4s89,Pedro Díaz,Midfielder,4,24,11,13,27,,138,10,1,142,2,,11,133,73,60,287,128,9,27,,25,21,4,109,62,47,,3,18,145,,566,2,3,73,41,19,72,168,18,19,16,10,11,3,2,9,1,31,21,485,302,199,477,11,19,,2,1410,27,2,,14,12,8,175,579,24,498,30,20,81,825,30,17,11,5,11,92,19,70,2,0,,5,3,13,,,,,1,,,,,1,,11,,,,,,,,,,,,,,,,,,,,,,,,,,,,,,,,,
Spain_Primera_Division,2025-2026,Rayo Vallecano de Madrid,a8g1nr2nrtkbm34v91bhz44d0,Pelayo Fernández,Defender,27,5,2,3,1,,2,,,4,,,,8,4,4,1,10,,1,,1,1,,3,2,1,,,,6,,33,,,1,,,1,17,,1,,,1,,,,,,1,28,11,19,29,1,,,,45,,,,3,1,,5,35,1,30,1,1,5,41,,,,,,3,2,5,,0,,,,,,,,,,,,,,,,,,,,,,,,,,,,1,1,,,,,,,,,,,,,,,,,,,,
Spain_Primera_Division,2025-2026,Rayo Vallecano de Madrid,8eh38t4oyyt728co362f6uqqd,Álvaro García,Midfielder,18,42,29,13,30,5,126,12,2,109,1,1,21,139,84,55,433,129,15,30,5,25,23,2,97,55,42,,13,33,48,13,488,1,3,63,56,19,73,196,36,16,21,14,9,12,12,4,2,16,23,327,248,102,315,12,15,,11,1983,21,13,1,26,18,12,296,499,35,338,27,104,161,847,69,68,12,17,34,198,32,127,3,1,,19,2,8,4,4,4,,,3,,1,,8,4,1,1,1,3,,,,,,1,1,,,,1,,,,,,,,,,,,,,,,,,,
Spain_Primera_Division,2025-2026,Rayo Vallecano de Madrid,f0a2qk3jzxercn67bben5eled,Gerard Gumbau,Midfielder,15,19,13,6,21,1,58,3,4,52,,,5,80,48,32,104,83,16,21,1,14,13,1,61,35,26,1,6,11,84,,303,,3,24,13,5,34,86,12,1,10,9,11,10,4,6,5,8,13,251,151,118,246,6,11,,1,767,5,2,,18,28,3,83,311,6,259,17,5,52,431,18,4,2,10,16,55,15,36,4,0,1,5,1,15,,,,,,,,,4,,,8,1,,,,,,,,,,1,,,,,,,,,,,,,,,,,,,,,,
Spain_Primera_Division,2025-2026,Rayo Vallecano de Madrid,cfmzb93gnr836gxzkraj1n14a,Juanpe Gil,Goalkeeper,30,,,,,,,,,,,,,,,,,,,,,,,,,,,,,,,,,,,,,,,,,,,,,,,,,,,,,,,,,,,,,,,,,,,,,,,,,,,,,,,,,,,,,,,,,,,,,,,,,,,,,,,,,,,,,,,,,,,,,,,,,,,,,,,,,,,,
Spain_Primera_Division,2025-2026,Rayo Vallecano de Madrid,533095rnz0k8mxqe6gzn0mfo5,F. Lejeune,Defender,24,111,37,74,30,,97,7,27,361,9,,7,251,102,149,93,586,17,30,1,35,31,4,140,65,75,1,35,14,691,1,1680,,5,206,25,12,135,389,15,23,30,1,,2,2,7,25,,113,1470,470,1073,1428,25,31,,4,2691,9,2,1,184,43,12,257,1763,35,1541,56,28,222,2213,5,5,2,79,152,164,63,70,4,0,,12,,,,,,,1,,,,,1,,,,,,,,,,,,,14,19,23,5,,,,4,,,,,,,,,,,,,,,
Spain_Primera_Division,2025-2026,Rayo Vallecano de Madrid,av3b3g13pg0bx7u7dss4jq044,Sergio Lozano,Defender,27,,,,,,,,,,,,,,,,,,,,,,,,,,,,,,,,,,,,,,,,,,,,,,,,,,,,,,,,,,,,,,,,,,,,,,,,,,,,,,,,,,,,,,,,,,,,,,,,,,,,,,,,,,,,,,,,,,,,,,,,,,,,,,,,,,,,
Spain_Primera_Division,2025-2026,Rayo Vallecano de Madrid,f5blplnlgn04f54kqsfx1b7qh,Luiz Felipe,Defender,5,17,8,9,10,,17,1,3,39,2,,,38,16,22,13,67,2,10,,4,4,,21,8,13,,8,1,60,,233,,3,17,2,2,12,110,1,1,7,4,3,,,,2,,8,210,44,187,223,4,8,,,470,,,,24,5,1,31,254,2,231,12,5,23,323,,,,5,10,15,8,13,1,0,,1,,,,,,,,,,,,,,,,,,,,,,,,,,19,19,,,,,,,,,,,,,,,,,,,,
Spain_Primera_Division,2025-2026,Rayo Vallecano de Madrid,u04ao1ldrjjesgqq52o7ghqt,Unai López,Midfielder,17,17,8,9,22,2,140,9,3,166,4,,9,120,65,55,213,233,16,22,3,10,10,,103,57,46,1,17,26,227,1,819,,2,67,24,6,74,260,29,6,16,11,6,12,1,11,10,9,60,705,375,380,683,10,13,,3,1308,17,2,,17,27,12,193,860,10,743,23,15,117,1093,39,12,8,36,55,133,23,62,4,0,,4,1,46,,,,,2,,,,11,1,,26,,,,,,,1,1,,,1,,,,,,,,,,,,,,,,,,,,,,
Spain_Primera_Division,2025-2026,Rayo Vallecano de Madrid,c90gk99jn34wxtlad784hpnv8,Carlos Martín,Forward,14,14,8,6,7,,31,1,2,21,,,3,51,31,20,59,22,2,7,,7,7,,37,23,14,,,1,21,,81,,2,8,6,4,15,7,1,2,5,5,2,1,1,3,,7,1,64,32,33,63,5,4,1,,312,5,1,,3,9,3,45,81,3,64,9,11,17,147,6,6,1,2,3,19,4,14,1,0,,1,1,,,,,,,,,,,1,,,1,,,,,,,,,,,,,,,,,,,,,,,,,,,,,,,,
Spain_Primera_Division,2025-2026,Rayo Vallecano de Madrid,cdsidpd0i3ub2tvw47qt813x0,N. Mendy,Defender,32,40,21,19,18,,82,1,16,147,4,1,,99,50,49,26,235,9,18,,19,18,1,59,29,30,3,17,2,155,,728,,3,70,24,15,54,329,2,7,17,6,1,,,3,6,1,42,621,139,553,650,12,6,,4,1423,4,,1,112,24,9,124,801,10,692,18,12,109,1051,5,5,1,28,61,79,35,48,4,0,1,3,,,2,,2,,,,,,,2,1,,,2,0,2,,,1,2,,,,58,58,1,1,,,,,,,,,,,,,,,,,,
Spain_Primera_Division,2025-2026,Rayo Vallecano de Madrid,7m4ago0en2dqqctiydc48pjbo,Adrián Molina,Goalkeeper,40,,,,,,,,,,,,,,,,,,,,,,,,,,,,,,,,,,,,,,,,,,,,,,,,,,,,,,,,,,,,,,,,,,,,,,,,,,,,,,,,,,,,,,,,,,,,,,,,,,,,,,,,,,,,,,,,,,,,,,,,,,,,,,,,,,,,
Spain_Primera_Division,2025-2026,Rayo Vallecano de Madrid,lp63o37czdwete0smmu62k89,A. Mumin,Defender,16,,,,,,,,,,,,,,,,,,,,,,,,,,,,,,,,,,,,,,,,,,,,,,,,,,,,,,,,,,,,,,,,,,,,,,,,,,,,,,,,,,,,,,,,,,,,,,,,,,,,,,,,,,,,,,,,,,,,,,,,,,,,,,,,,,,,
Spain_Primera_Division,2025-2026,Rayo Vallecano de Madrid,6xohxbkjdcqw7zc7c272i1qfo,Diego Méndez,Midfielder,29,,,,,,,,,,,,,,,,,,,,,,,,,,,,,,,,,,,,,,,,,,,,,,,,,,,,,,,,,,,,,,,,,,,,,,,,,,,,,,,,,,,,,,,,,,,,,,,,,,,,,,,,,,,,,,,,,,,,,,,,,,,,,,,,,,,,
Spain_Primera_Division,2025-2026,Rayo Vallecano de Madrid,2qauzcv74cd8uqfv2ibl52ymt,P. Espino,Defender,22,28,14,14,23,,77,4,4,117,1,,6,155,75,80,236,168,9,23,,17,15,2,127,61,66,1,11,10,62,7,426,,2,61,29,14,65,126,10,4,10,5,13,4,4,11,2,6,19,298,172,137,286,13,21,12,79,1053,16,3,,26,17,21,212,433,11,305,34,21,128,767,29,29,7,21,34,125,32,94,2,1,1,7,2,,2,2,1,1,,2,,,,3,1,,2,0,2,,,,,,,,,,,,,,,,,,,,,,,,,,,,,,
Spain_Primera_Division,2025-2026,Rayo Vallecano de Madrid,3ca7tqrdasmeop6ud9zot0wdl,Isi Palazón,Midfielder,7,49,29,20,29,3,211,14,5,262,,,17,255,138,117,494,260,17,29,3,26,24,2,206,109,97,3,3,33,224,5,771,1,4,97,52,30,88,128,36,16,25,18,4,27,7,22,5,39,42,628,447,258,636,15,14,,5,2104,60,8,1,21,32,47,337,823,29,678,29,46,145,1311,67,11,22,8,29,186,26,116,9,1,,13,5,84,3,1,3,,3,3,,,17,5,3,50,,1,2,,3,2,,,,,2,,,,,,,,,,,,,,,,,,,,,,
Spain_Primera_Division,2025-2026,Rayo Vallecano de Madrid,66fshzi5f86wt1lwa4kdhiooa,Fran Pérez,Midfielder,21,20,19,1,25,1,91,3,2,150,,,14,114,73,41,225,55,9,25,1,16,15,1,94,54,40,,2,12,60,5,267,3,2,83,33,14,73,63,13,4,10,10,15,7,6,12,3,1,5,219,144,84,216,4,10,,4,1090,27,3,,3,13,14,145,269,12,221,14,27,48,488,33,32,14,2,4,65,16,44,4,1,,8,1,4,2,1,2,,1,,,2,1,2,2,1,,2,0,,,,,,,,,,,,,,,,,,,,,,,,,,,,,,
Spain_Primera_Division,2025-2026,Rayo Vallecano de Madrid,a045sz2acqbfgyq9puwsu8sx6,Randy Nteka,Midfielder,11,14,6,8,9,,7,3,1,10,,,1,27,13,14,39,12,3,9,,1,1,,13,7,6,,,1,9,2,37,,,1,2,2,4,9,1,1,,,9,,,1,,1,,29,23,6,29,,2,,,116,1,,,3,5,3,21,37,2,29,2,8,8,75,,,,,1,8,,7,,1,,1,,,1,1,1,,,1,,,,,1,,,1,0,,,,,,,,,,,,,,,,,,,,,,,,,,,,,,
Spain_Primera_Division,2025-2026,Rayo Vallecano de Madrid,38dhmhce7deuqgqmc3p7nhai2,A. Rațiu,Defender,2,46,30,16,27,3,238,3,6,363,9,1,20,281,149,132,624,367,9,27,3,24,21,3,235,119,116,1,33,30,404,4,1074,5,4,243,56,14,130,83,33,15,26,1,1,19,19,48,7,2,30,883,516,403,870,21,30,18,202,2313,84,8,,63,17,19,415,1092,23,900,51,50,192,1865,63,63,46,27,49,205,50,143,7,0,,8,5,,,,,,,,,,,3,,,,,,,,,,,,,,,,1,,,,,,,,,,,,,,,,,,,
Spain_Primera_Division,2025-2026,Rayo Vallecano de Madrid,93ax2k4h3lmf1tyasj135mbro,Marco Román,Midfielder,31,,,,,,,,,,,,,,,,,,,,,,,,,,,,,,,,,,,,,,,,,,,,,,,,,,,,,,,,,,,,,,,,,,,,,,,,,,,,,,,,,,,,,,,,,,,,,,,,,,,,,,,,,,,,,,,,,,,,,,,,,,,,,,,,,,,,
Spain_Primera_Division,2025-2026,Rayo Vallecano de Madrid,676ehh6cwla4o9igey7qr1uqd,Ó. Trejo,Midfielder,8,2,2,,6,,10,,,14,,,,16,10,6,34,25,1,6,,2,2,,14,8,6,,,3,11,,61,1,,10,1,1,1,17,3,,,,6,3,2,,,4,1,51,40,16,52,3,,,2,73,2,,,,2,3,24,63,1,53,3,9,10,92,4,4,1,,2,12,2,8,2,0,,1,1,2,,,,,,,,,1,,,,,,,,,,,,,,,,,,,,,,,,,,,,,,,,,,,,
Spain_Primera_Division,2025-2026,Rayo Vallecano de Madrid,8onruhr4es313aq52xsl7nxlh,Óscar Valentín,Midfielder,23,59,36,23,26,,92,3,9,163,3,,3,196,96,100,137,229,13,26,,14,14,,137,60,77,,20,6,225,,722,,2,81,30,20,84,187,6,6,20,10,6,,,3,1,13,17,639,343,307,633,25,33,,1,1690,11,1,,46,23,17,116,733,10,650,58,13,83,999,2,2,5,14,23,53,32,60,3,0,,4,1,,1,1,1,,,1,,,,,1,,,1,0,,,,,1,,,,,,1,1,,,,,,,,,,,,,,,,,,
Spain_Primera_Division,2025-2026,Rayo Vallecano de Madrid,asvxbmdd5j5tlz2fo1jpcrrx0,J. Vertrouwd,Defender,33,2,2,,7,,17,,3,23,,,,12,6,6,13,22,1,7,,9,6,3,10,4,6,,3,2,43,,134,,,6,3,2,7,66,2,1,1,,6,,,,1,,4,122,30,106,132,2,2,,3,270,2,,,13,2,2,16,148,1,136,4,3,12,188,,,1,2,4,8,4,8,,0,,,,,,,,,,,1,,,,,,,,,,,,,,,,,10,10,,,,,,,,,,,,,,,,,,,,
Spain_Primera_Division,2025-2026,Rayo Vallecano de Madrid,c157xhi78x9cykn7xz816bjd,Jorge de Frutos,Forward,19,42,28,14,28,1,93,11,,146,1,,23,211,124,87,361,64,11,28,1,21,19,2,169,96,73,2,7,24,107,15,287,11,4,103,23,9,52,42,25,16,27,23,1,8,8,20,1,19,5,218,159,86,232,11,13,1,2,2021,50,3,,12,31,30,225,306,38,237,24,108,69,650,26,26,21,,3,86,9,66,3,2,,22,1,1,10,8,10,,1,3,,7,,9,9,,2,6,4,,1,1,,,3,,,,,,,,,,,,,,,,,,,,,,,,
Spain_Primera_Division,2025-2026,Rayo Vallecano de Madrid,ed0t2uo6kac1nd9203f3rzdhw,Marco de las Sías,Defender,26,,,,,,,,,,,,,,,,,,,,,,,,,,,,,,,,,,,,,,,,,,,,,,,,,,,,,,,,,,,,,,,,,,,,,,,,,,,,,,,,,,,,,,,,,,,,,,,,,,,,,,,,,,,,,,,,,,,,,,,,,,,,,,,,,,,,
Spain_Primera_Division,2025-2026,Real Betis Balompié,2r4ox2h5r7doo3ys9ynm2nbo5,Adrián,Goalkeeper,13,,,,,,,,,,,,,,,,,,,,,,,,,,,,,,,,,,,,,,,,,,,,,,,,,,,,,,,,,,,,,,,,,,,,,,,,,,,,,,,,,,1,0,,,,,,,,,,,,,,,,,,,,,,,,,,,,,,,,,,,,,,,,,,,,,,,,,
Spain_Primera_Division,2025-2026,Real Betis Balompié,5o07mnpidavbe0hqoqzwgom50,Sergi Altimira,Midfielder,6,25,8,17,21,,92,2,4,180,2,,1,127,45,82,121,157,4,21,1,18,16,2,102,37,65,1,20,9,222,,676,1,,75,21,15,70,220,10,1,11,6,10,2,2,4,3,16,33,618,325,309,599,19,25,,1,1032,10,,,18,11,18,89,691,3,632,44,9,59,879,1,1,2,7,10,34,26,49,2,0,,2,3,,1,,1,,,1,,,,,1,,,0,1,,,,,,,,,,,,,,,,,,,,,,,,,,,,,,
Spain_Primera_Division,2025-2026,Real Betis Balompié,4kfx8fzf54bli2a2o0i3fvhed,S. Amrabat,Midfielder,14,10,6,4,10,,63,2,2,160,3,,1,63,28,35,96,155,2,10,,8,5,3,53,22,31,2,6,5,200,,568,,,66,15,8,62,172,5,2,8,,2,,,3,2,2,35,518,260,279,504,5,9,1,,782,4,,,10,11,14,73,590,3,539,14,2,51,693,7,7,1,2,16,46,12,35,3,0,,1,1,1,,,,,,,,,,,,,,,,,,,,,,,,,,,,,,,,,,,,,,,,,,,,,
Spain_Primera_Division,2025-2026,Real Betis Balompié,v22q59d00b5v78rgx7v8z3vu,Antony,Forward,7,16,10,6,25,4,294,16,1,327,2,,9,179,92,87,661,237,8,25,5,29,22,7,163,82,81,1,19,40,341,1,899,5,1,200,44,16,101,53,45,24,23,12,2,13,9,19,,20,16,732,555,215,741,10,17,,17,1938,48,8,,16,14,35,301,925,52,757,27,81,168,1322,42,31,27,4,13,176,34,155,4,2,,28,4,17,7,7,3,4,1,6,,1,2,11,1,8,1,4,3,,,,,1,,,,,,,1,,,,,,,,,,,,,,,,,,
Spain_Primera_Division,2025-2026,Real Betis Balompié,a68fosxpgtyxj64ex9f6nget,C. Bakambu,Forward,11,23,15,8,15,,21,2,,16,,,4,49,29,20,66,14,2,15,,6,6,,26,14,12,1,1,3,9,8,67,,,9,3,1,7,29,3,9,4,4,11,,,1,,10,3,49,36,19,52,,2,,,427,7,1,,8,6,9,36,73,18,55,2,24,18,148,2,2,2,,1,16,4,17,,1,,9,1,,3,3,3,,1,,,2,,5,3,,1,2,1,1,,,,,,,,,,,,,,,,,,,,,,,,,,,,,
Spain_Primera_Division,2025-2026,Real Betis Balompié,evpjdko94awbqbbl5wl9hto7p,Marc Bartra,Defender,5,72,30,42,23,,56,1,23,264,6,1,,168,68,100,73,346,5,23,,26,20,6,96,38,58,2,26,5,470,,1035,,1,162,26,14,77,226,5,9,19,1,4,1,1,5,14,1,75,889,288,662,874,23,20,,1,1856,5,,2,150,15,10,175,1098,14,949,43,13,149,1460,2,2,2,50,90,118,33,59,3,0,1,5,3,,1,,1,,,,1,,,,1,,,0,1,1,,,,,,,1,10,10,1,,,,,,,,,,,,,,,,,,,
Spain_Primera_Division,2025-2026,Real Betis Balompié,3e8mxxfs5q7gt4lg2beqpkwyd,Héctor Bellerín,Defender,2,25,10,15,19,2,132,,3,108,2,,9,84,43,41,238,266,8,19,2,18,12,6,59,33,26,,10,18,265,1,714,2,,67,22,7,41,59,20,,14,5,5,6,6,5,2,,16,620,328,305,611,11,7,10,96,1289,9,5,,57,11,3,151,722,4,627,18,25,95,1026,19,19,3,11,24,80,34,71,1,0,,4,,,1,1,1,,,,,1,,,1,,1,1,0,,,,,,,,,,,,,,,,,,,,,,,,,,,,,,
Spain_Primera_Division,2025-2026,Real Betis Balompié,bg3g5wv61dr3smfwbkzxdk1lg,D. Bladi,Defender,36,,,,,,,,,,,,,,,,,,,,,,,,,,,,,,,,,,,,,,,,,,,,,,,,,,,,,,,,,,,,,,,,,,,,,,,,,,,,,,,,,,,,,,,,,,,,,,,,,,,,,,,,,,,,,,,,,,,,,,,,,,,,,,,,,,,,
Spain_Primera_Division,2025-2026,Real Betis Balompié,3bbg1d1eis9t1ds9bn9ryhyc4,Iván Corralejo,Midfielder,50,1,1,,1,,1,,,2,,,,5,4,1,5,1,1,1,,,,,4,3,1,,,,3,,7,,,1,,,2,2,,,,,1,,,,,1,,7,5,2,7,,,,,14,,,,,1,1,,7,,7,,,,10,,,,,,,,,,0,,,,,,,,,,,,,,,,,,,,,,,,,,,,,,,,,,,,,,,,,,,,,,,,,
Spain_Primera_Division,2025-2026,Real Betis Balompié,72pvwj4z6j8xwsgs6zlhr5e6s,N. Deossa,Midfielder,18,30,9,21,16,,33,5,,106,1,,5,130,51,79,136,68,9,16,,8,7,1,100,42,58,1,4,5,75,1,242,2,1,49,12,6,32,70,5,11,7,5,9,,,23,1,6,9,204,142,66,199,7,6,,4,598,22,1,,10,16,22,79,246,11,208,13,7,38,410,5,5,7,2,5,36,7,33,3,0,,,1,,,,,,,,,,,,,,,,,,,,,,,,,,,1,,,,,,,,,,,,,,,,,,,
Spain_Primera_Division,2025-2026,Real Betis Balompié,96cbv23es0gucmd2v0qvk3iwa,A. Ezzalzouli,Forward,10,59,35,24,21,3,161,16,,263,2,,20,282,138,144,498,124,10,21,5,23,16,7,223,103,120,4,11,15,47,4,545,3,1,163,52,21,91,225,20,24,18,6,3,4,4,29,,31,11,432,326,122,433,13,22,,9,1565,64,9,,8,22,56,280,557,40,444,35,106,113,1005,38,37,33,2,7,121,30,106,3,2,,16,3,4,5,5,5,,4,1,,4,,8,4,1,4,2,3,,,,,,1,,3,,,,,,,,,,,,,,,,,,,,,,
Spain_Primera_Division,2025-2026,Real Betis Balompié,733ho2s9aqwwxzbqfiia3b7bp,Álvaro Fidalgo,Midfielder,15,6,5,1,6,,39,,,78,,,,40,21,19,83,63,1,6,,6,4,2,34,16,18,,2,3,41,,239,,,28,6,4,15,102,3,1,6,6,,,,2,,1,6,220,129,97,220,7,3,,,447,5,,,9,2,6,36,245,3,226,10,4,19,305,5,5,1,1,3,20,4,16,,0,,2,,,1,1,1,,,,,1,,,1,,,1,0,,,,,,,,,,,,,,,,,,,,,,,,,,,,,,
Spain_Primera_Division,2025-2026,Real Betis Balompié,9rfwfsz5cmckyjripqgtbc7op,J. Firpo,Defender,23,21,7,14,10,1,55,2,1,48,,,3,77,32,45,136,126,7,10,1,11,7,4,56,25,31,,8,7,26,,313,2,,28,17,9,21,114,8,3,8,6,2,5,5,3,,5,1,263,143,133,270,9,12,6,48,676,9,2,,25,10,7,89,321,3,271,21,16,50,515,13,13,4,4,9,40,23,41,2,0,,,,,,,,,,,,,,,,,,,,,,,,,,,,,,,,,,,,,,,,,,,,,,,,,
Spain_Primera_Division,2025-2026,Real Betis Balompié,6aix9yu384pv1caanqiol231l,Pablo Fornals,Midfielder,8,47,33,14,30,4,246,14,3,376,3,,18,217,132,85,658,441,14,30,4,32,25,7,170,99,71,1,28,67,340,11,1391,3,1,183,52,17,121,424,70,7,27,12,3,33,11,17,5,47,85,1202,843,449,1174,9,24,,13,2353,45,8,,19,25,22,367,1451,23,1259,33,62,192,1918,90,48,18,8,40,249,33,152,2,2,,16,14,68,7,6,5,2,1,,,6,20,2,5,37,3,4,3,1,,,,,,2,1,,,,,,,,,,,,,,,,,,,,1,1,
Spain_Primera_Division,2025-2026,Real Betis Balompié,dh2wmerftfg5e3tydgykp4dg4,Germán García,Goalkeeper,30,,,,,,,,,,,,,,,,,,,,,,,,,,,,,,,,,,,,,,,,,,,,,,,,,,,,,,,,,,,,,,,,,,,,,,,,,,,,,,,,,,,,,,,,,,,,,,,,,,,,,,,,,,,,,,,,,,,,,,,,,,,,,,,,,,,,
Spain_Primera_Division,2025-2026,Real Betis Balompié,e3unbekvmnrnv6g6mmm46eu50,Manu González,Goalkeeper,41,,,,,,,,,,,,,,,,,,,,,,,,,,,,,,,,,,,,,,,,,,,,,,,,,,,,,,,,,,,,,,,,,,,,,,,,,,,,,,,,,,,,,,,,,,,,,,,,,,,,,,,,,,,,,,,,,,,,,,,,,,,,,,,,,,,,
Spain_Primera_Division,2025-2026,Real Betis Balompié,79u84y1eb01yyp8mhpej75q1g,V. Gómez,Defender,16,62,26,36,22,,109,,9,146,4,,1,169,70,99,153,288,12,22,,19,13,6,107,44,63,1,20,8,71,1,759,1,1,80,25,11,63,318,8,6,14,,8,3,3,11,17,,38,652,270,410,639,19,23,16,49,1414,7,1,,89,21,12,162,786,10,677,42,25,109,1118,8,8,1,27,41,84,33,68,5,0,1,4,,,1,,1,,,,,,,1,1,,,1,0,1,,,,,,,,5,5,,,,,,,,,,,,,,,,,,,,
Spain_Primera_Division,2025-2026,Real Betis Balompié,8aao79b1g77c5jhp1n0w60xrd,C. Hernández,Forward,19,72,41,31,25,2,133,20,2,180,5,,20,235,128,107,471,118,12,25,3,31,22,9,163,87,76,1,7,25,130,12,480,2,1,94,40,12,63,144,28,34,24,13,1,2,2,24,1,30,26,329,258,118,348,9,15,,3,2073,63,7,,23,20,28,322,525,52,374,24,129,151,943,18,18,21,1,9,139,30,142,3,0,,18,1,1,8,6,6,2,2,1,,6,,7,4,,8,4,4,1,1,1,,,,,2,,,,,,,,,,,,,,,,,,,,,,
Spain_Primera_Division,2025-2026,Real Betis Balompié,45s1v9805id09m5zkcylueod1,Isco,Midfielder,22,1,1,,1,1,3,2,,6,,,1,3,1,2,14,9,,1,1,,,,2,,2,,,1,3,,15,1,,4,,,,4,2,,,,1,2,,,,,,12,14,2,14,,,,,30,,1,,,,2,7,19,,14,,2,5,28,,,,,1,5,,4,,0,,,1,3,,,,,,,,,2,,,,,,,,,,,,,,,,,,,,,,,,,,,,,,,,,,,,
Spain_Primera_Division,2025-2026,Real Betis Balompié,a3ygqbn6amv71pg3wmj9jwtuc,José Antonio Morante,Forward,27,,,,,,,,,,,,,,,,,,,,,,,,,,,,,,,,,,,,,,,,,,,,,,,,,,,,,,,,,,,,,,,,,,,,,,,,,,,,,,,,,,,,,,,,,,,,,,,,,,,,,,,,,,,,,,,,,,,,,,,,,,,,,,,,,,,,
Spain_Primera_Division,2025-2026,Real Betis Balompié,9ao7l82r1xd2rjnvv5u6plcr9,Diego Llorente,Defender,3,42,20,22,12,,19,,6,121,2,1,,76,32,44,14,121,2,12,,7,6,1,34,12,22,1,17,,186,,443,,,77,14,11,33,136,,1,9,4,3,,,,1,,15,399,121,297,403,8,8,,2,718,3,,1,59,7,10,50,462,3,418,16,4,44,609,,,1,13,21,31,13,23,3,0,,2,,,1,,1,,,,,1,,,1,,,1,0,,,,,,,,,9,9,1,,,,,,,,,,,,,,,,,,,
Spain_Primera_Division,2025-2026,Real Betis Balompié,dhtb9gizk25k1u3h0b7xgy4tl,G. Lo Celso,Midfielder,20,16,7,9,17,2,117,9,,182,,,10,131,56,75,366,219,4,17,2,13,10,3,115,49,66,,5,23,179,4,629,,,85,13,5,56,165,25,8,11,9,6,13,4,14,,34,30,550,406,205,568,4,10,,4,1098,30,6,,4,7,38,175,680,18,598,14,40,82,917,36,8,13,,11,100,18,71,3,1,1,10,7,31,2,2,2,,1,,,1,7,2,2,15,1,1,1,1,,,,,,,3,,,,,,,,,,,,,,,,,,,,,,
Spain_Primera_Division,2025-2026,Real Betis Balompié,38igxi5sn8v00xtciwhqb44fe,Iker Losada,Midfielder,14,12,10,2,18,1,39,2,2,44,,,4,54,34,20,105,66,1,18,1,10,10,,42,24,18,1,9,9,24,2,174,1,1,31,9,3,24,54,10,7,9,9,9,4,1,4,,7,3,125,87,49,129,1,8,,3,686,11,1,,7,5,5,90,183,11,132,9,16,51,299,13,6,7,5,11,48,16,40,1,0,,4,,8,3,1,2,1,,,,3,2,2,2,4,1,2,1,,,,,,,,,,,,,,,,,,,,,,,,,,,,,,
Spain_Primera_Division,2025-2026,Real Betis Balompié,26atxu4fr8f87oi8mt6z70mhh,Pau López,Goalkeeper,25,2,,2,9,,,,,13,2,,,6,1,5,,118,,9,,11,7,4,4,1,3,,,,71,,160,,,6,,,58,55,,,9,,,,,,12,,45,140,19,168,142,,1,,,810,,,7,7,,2,60,244,,187,1,,57,329,,,,28,57,47,10,,1,0,,,,,,,,,,,,,,,,,,,,,,,,,,,,68,54,1,,2,1,23,1,1,1,3,30,18,11,1,2,5,,,,,
Spain_Primera_Division,2025-2026,Real Betis Balompié,8500o2azpwulkmy0dk3xueuxg,Rodri Marina,Forward,29,,,,,,,,,,,,,,,,,,,,,,,,,,,,,,,,,,,,,,,,,,,,,,,,,,,,,,,,,,,,,,,,,,,,,,,,,,,,,,,,,,,,,,,,,,,,,,,,,,,,,,,,,,,,,,,,,,,,,,,,,,,,,,,,,,,,
Spain_Primera_Division,2025-2026,Real Betis Balompié,a7yukvb2q14p6ssdb1a57twr8,M. Mensah,Midfielder,28,,,,,,,,,,,,,,,,,,,,,,,,,,,,,,,,,,,,,,,,,,,,,,,,,,,,,,,,,,,,,,,,,,,,,,,,,,,,,,,,,,,,,,,,,,,,,,,,,,,,,,,,,,,,,,,,,,,,,,,,,,,,,,,,,,,,
Spain_Primera_Division,2025-2026,Real Betis Balompié,2r4450bqkmpcf1ogmcfhvczmy,Natan,Defender,4,111,50,61,26,,85,2,16,286,7,,1,184,84,100,33,346,7,26,,33,26,7,73,34,39,,31,5,295,,1071,1,1,131,14,9,81,417,5,5,26,3,,,,2,13,,48,933,249,755,956,13,16,,5,2257,7,,,182,19,10,162,1143,6,1004,29,12,139,1492,1,1,1,50,81,100,40,58,7,0,,1,1,,,,,,,,,,,,,,,,,,,,,,,,,33,33,,,,,,,,,,,,,,,,,,,,
Spain_Primera_Division,2025-2026,Real Betis Balompié,cd0w7dewgwkiiqkg0jty8ae50,Ángel Ortiz,Defender,40,7,6,1,13,,36,1,4,74,,,4,81,37,44,97,107,5,13,,9,7,2,74,31,43,1,3,6,87,,242,1,,49,22,11,29,20,6,,7,5,6,5,5,7,6,,9,200,101,112,199,9,18,7,34,582,15,1,,16,9,9,90,250,,208,27,16,42,427,14,14,10,11,17,35,21,25,1,0,,,,,,,,,,,,,,,,,,,,,,,,,,,,,,,,,,,,,,,,,,,,,,,,,
Spain_Primera_Division,2025-2026,Real Betis Balompié,5lsx1d5uu8hu6x6a2eocqhvys,Pablo García,Forward,52,2,2,,15,,24,2,,64,,,4,59,35,24,98,21,2,15,,3,3,,57,33,24,,4,2,36,3,96,2,,36,13,7,23,15,2,7,2,2,13,,,5,,1,5,78,50,28,73,5,5,,2,378,22,,,1,5,9,64,96,11,78,10,22,18,207,3,3,12,,1,15,6,17,1,0,,4,,,,,,,2,,,,,1,,,,,,,,,,,,,1,,,,,,,,,,,,,,,,,,,,,,
Spain_Primera_Division,2025-2026,Real Betis Balompié,bdbqu8d13otbx5jt3lsv3qq6s,Dani Pérez,Midfielder,37,,,,1,,1,,,,,,1,3,1,2,3,,,1,,,,,3,1,2,,,,,,1,,,,,,1,,,,,,1,,,1,,,,1,,1,1,,,,,1,1,,,,,1,1,1,,1,,,,4,,,1,,,,,,,0,,,,,,,,,,,,,,,,,,,,,,,,,,,,,,,,,,,,,,,,,,,,,,,,,
Spain_Primera_Division,2025-2026,Real Betis Balompié,bqmhsb2bsuuuijw2ci39l01k9,Rodrigo Riquelme,Midfielder,17,11,7,4,19,1,70,7,,109,,,7,88,58,30,191,70,1,19,1,8,8,,77,51,26,2,3,13,26,,261,,,61,15,4,42,97,14,7,7,7,12,4,3,7,,4,5,215,152,69,212,5,6,,9,644,34,1,,4,6,8,110,263,12,217,11,29,46,413,16,16,20,5,10,51,11,36,1,0,,5,3,2,,,,,2,,,,1,4,,,,,,,,,,,,,,,,,,,,,,,,,,,,,,,,,,,
Spain_Primera_Division,2025-2026,Real Betis Balompié,4r6jcuotjs6rz8iwu20996z85,Marc Roca,Midfielder,21,23,14,9,23,,109,3,5,198,5,,4,154,81,73,185,240,12,23,1,25,17,8,131,67,64,2,18,13,261,,825,,1,80,21,12,84,249,14,5,20,6,3,3,1,9,2,11,40,719,383,371,711,8,25,,,1672,18,3,,36,33,22,150,859,9,751,33,12,108,1104,7,5,4,15,35,92,23,73,1,0,,4,6,1,,,,,1,,,,,2,,,,,,,,,,,,,,,,,,,,,,,,,,,,,,,,,,,
Spain_Primera_Division,2025-2026,Real Betis Balompié,9ak3zczupeken1itsmkherbh1,R. Rodríguez,Defender,12,22,9,13,18,1,75,,3,91,4,,1,63,30,33,123,212,5,18,1,15,12,3,41,21,20,,6,4,24,,469,,,50,12,5,33,176,5,2,14,3,4,6,6,1,7,1,17,391,209,205,391,8,6,23,54,1205,5,1,,57,7,5,120,487,2,408,14,2,79,708,8,8,1,26,36,56,31,43,,0,,,1,,,,,,,,,,,,,,,,,,,,,,,,,,,,,,,,,,,,,,,,,,,,,,
Spain_Primera_Division,2025-2026,Real Betis Balompié,9226xt1t1m3fy4ob9l2r16609,Aitor Ruibal,Forward,24,20,13,7,24,2,109,8,3,127,5,,9,169,91,78,288,240,11,24,2,18,13,5,149,78,71,3,18,17,159,,594,1,1,75,30,11,87,111,19,10,18,9,6,10,9,12,5,11,29,487,291,231,483,11,24,12,66,1604,33,3,,37,27,25,206,619,22,512,35,37,107,1006,19,18,15,22,40,91,35,67,4,2,1,12,3,2,4,4,4,,,1,,2,1,3,3,1,1,3,1,1,,,,,1,,1,,,,,,,,,,,,,,,,,,,,,,
Spain_Primera_Division,2025-2026,Real Betis Balompié,routhh0ialijcg3egagouig9,Álvaro Valles,Goalkeeper,1,5,,5,21,,,,,81,7,,1,14,4,10,,325,,21,,26,21,5,9,4,5,,,,186,,472,,1,27,,,158,147,,,21,,,,,1,18,,105,366,47,428,370,,,,,1890,,,15,26,,3,193,658,,475,,,183,872,,,,108,177,158,25,6,1,0,,,,,,,,,,,,,,,,,,,,,,,,,,,,164,109,,,14,4,34,4,3,1,6,62,41,20,1,4,16,,,,,
Spain_Primera_Division,2025-2026,Real Betis Balompié,cd0amy4nvlm2z4x83lellwahg,Carlos de Roa,Defender,33,,,,,,,,,,,,,,,,,,,,,,,,,,,,,,,,,,,,,,,,,,,,,,,,,,,,,,,,,,,,,,,,,,,,,,,,,,,,,,,,,,,,,,,,,,,,,,,,,,,,,,,,,,,,,,,,,,,,,,,,,,,,,,,,,,,,
Spain_Primera_Division,2025-2026,Real Betis Balompié,cuxm7t8cql3v06hqf18wvcul1,C. Ávila,Forward,9,18,9,9,13,,15,4,,11,,,4,40,23,17,86,31,3,13,,4,3,1,22,14,8,1,3,8,31,2,83,,,7,6,2,12,16,8,2,3,2,10,6,2,,,2,4,58,53,18,61,,1,1,,347,6,,,7,6,8,52,93,4,65,1,12,28,160,6,4,2,2,7,30,4,21,4,0,,2,,6,1,,1,,,,,1,3,2,1,1,,1,0,,1,1,,,,,1,,,,,,,,,,,,,,,,,,,,,,
Spain_Primera_Division,2025-2026,Real Club Celta de Vigo,3qrk8nw6nc8o96n7jr1az21ux,J. Aidoo,Defender,4,19,10,9,7,,17,,2,45,1,,,33,15,18,5,66,3,7,,10,8,2,14,5,9,1,8,,117,,307,,1,19,5,3,23,110,,2,6,1,1,,,1,3,,9,289,88,204,283,4,3,,,549,1,,,41,5,1,23,310,2,292,7,2,18,387,,,,5,7,9,9,11,,0,2,,,,,,,,,,,,,2,,,,,,,,,,,,,,1,1,1,,,,,,,,,,,,,,,,,,,
Spain_Primera_Division,2025-2026,Real Club Celta de Vigo,9i7lb16qty1t21bnc5h7skclx,Marcos Alonso,Defender,20,61,26,35,25,,101,9,13,576,8,,7,160,69,91,213,648,8,25,,27,23,4,99,43,56,1,25,11,381,,1754,,3,356,28,6,119,694,11,9,24,2,1,5,5,9,11,1,105,1581,685,966,1541,15,17,1,16,2154,14,1,,130,18,15,226,1824,12,1646,32,24,178,2189,9,8,3,41,86,141,46,92,4,1,2,3,5,,1,,1,,,1,,,,1,1,,,0,1,,1,1,,,,,3,7,7,,,,,,,,,,,,,,,,,,,,
Spain_Primera_Division,2025-2026,Real Club Celta de Vigo,96h53hatq4r3zsfvn5xl752c4,Andrés Antañón,Midfielder,36,1,1,,1,,2,,,4,,,,5,5,,1,,,1,,,,,4,4,,,,,3,,7,1,,1,,,4,2,,,,,1,,,,,,,5,1,4,5,,,,,17,,,,,1,,3,7,,5,,,2,9,,,,,,2,,2,,0,,,,,,,,,,,,,,,,,,,,,,,,,,,,,,,,,,,,,,,,,,,,,,,,,
Spain_Primera_Division,2025-2026,Real Club Celta de Vigo,7p0akp1xl4aeflj4f9jlk61p0,Ángel Arcos,Forward,28,,,,,,,,,,,,,,,,,,,,,,,,,,,,,,,,,,,,,,,,,,,,,,,,,,,,,,,,,,,,,,,,,,,,,,,,,,,,,,,,,,,,,,,,,,,,,,,,,,,,,,,,,,,,,,,,,,,,,,,,,,,,,,,,,,,,
Spain_Primera_Division,2025-2026,Real Club Celta de Vigo,cs2yx3hiqjsb4i5ul2r5kmdat,Iago Aspas,Forward,10,6,3,3,24,3,96,4,,119,,,2,63,30,33,305,152,1,24,3,8,6,2,57,27,30,,10,24,175,,475,,1,57,18,4,37,66,27,9,8,7,16,5,4,10,,33,29,372,310,80,356,2,9,,2,814,18,6,,2,2,9,162,489,20,385,11,42,104,642,15,8,6,2,19,103,16,85,3,2,,11,18,10,4,2,4,,1,4,,,2,2,4,4,1,3,1,,2,2,,,1,,,,,,,,,,,,,,,,,,,,,,,,
Spain_Primera_Division,2025-2026,Real Club Celta de Vigo,e3czx0nsuw10acnftbr8ud0bt,Fran Beltrán,Midfielder,8,17,13,4,19,,95,4,4,191,1,,3,96,52,44,176,180,8,19,,13,13,,79,39,40,1,11,6,254,,766,,,93,12,5,49,245,6,5,14,10,5,2,2,5,2,17,33,704,392,321,678,15,11,,,1124,16,2,,18,15,9,101,774,8,711,26,10,63,933,2,1,2,9,16,40,25,47,2,0,,3,1,2,1,1,1,,,,,1,,,,1,,1,0,,,,,,,,,,,,,,,,,,,,,,,,,,,,,,
Spain_Primera_Division,2025-2026,Real Club Celta de Vigo,2h0nzzgjm960f5i93ncgp4mxg,Hugo Burcio,Midfielder,38,,,,1,,1,,,1,,,,1,,1,,2,,1,,,,,1,,1,,,,2,,5,,,1,,,2,,,,,,1,,,,,1,,5,4,1,5,1,,,,7,,,,,,,,5,,5,1,,,6,,,,,,,,,,0,,,,,,,,,,,,,,,,,,,,,,,,,,,,,,,,,,,,,,,,,,,,,,,,,
Spain_Primera_Division,2025-2026,Real Club Celta de Vigo,5tc1y5n3h4ties7gbc3zd9j6y,Sergio Carreira,Defender,5,25,15,10,26,1,269,4,1,316,4,,5,154,71,83,465,396,7,26,1,29,24,5,129,56,73,,19,15,136,1,1135,2,2,179,49,20,85,356,16,3,22,3,4,4,4,18,4,9,47,974,526,473,948,12,15,26,146,2041,32,,,52,14,29,263,1157,8,995,27,39,162,1631,20,20,22,29,49,111,71,113,2,1,1,5,2,,2,2,2,,,,,2,,1,2,,1,2,0,,,,,,,,,,,,,,,,,,,,,,,,,,,,,,
Spain_Primera_Division,2025-2026,Real Club Celta de Vigo,5ez2huoeh2g3ijpgr7m15lg5,F. Cervi,Midfielder,11,,,,,,,,,,,,,,,,,,,,,,,,,,,,,,,,,,,,,,,,,,,,,,,,,,,,,,,,,,,,,,,,,,,,,,,,,,,,,,,,,,,,,,,,,,,,,,,,,,,,,,,,,,,,,,,,,,,,,,,,,,,,,,,,,,,,
Spain_Primera_Division,2025-2026,Real Club Celta de Vigo,81fw03v34t2u3xnwq5gpdbpck,Damián Rodríguez,Midfielder,14,,,,2,,17,,,26,,,,5,5,,23,17,3,2,,3,3,,5,5,,,1,2,33,,111,,1,12,1,1,7,47,2,3,2,1,,1,,,1,7,2,103,73,34,104,,,,1,151,1,,,3,3,,11,114,3,106,,,8,128,2,,1,,,8,2,8,1,0,,,,4,,,,,,,,,1,,,2,,,,,,,,,,,,,,,,,,,,,,,,,,,,,,,,,
Spain_Primera_Division,2025-2026,Real Club Celta de Vigo,3sy16pz110zmyq073ao24l1ck,Carlos Domínguez,Defender,24,20,6,14,8,,22,,5,74,,,,46,18,28,17,131,1,8,,12,11,1,26,12,14,1,5,1,123,,431,,,43,7,5,25,166,1,1,6,1,2,,,,5,,16,394,109,295,388,5,8,,,610,6,,,43,6,1,48,442,2,404,13,4,38,538,1,1,2,11,21,25,14,17,1,0,1,1,,,,,,,,,,,,1,,,,,,,,,,,,,,,,,,,,,,,,,,,,,,,,,,,
Spain_Primera_Division,2025-2026,Real Club Celta de Vigo,9ksvo095xi2t4q4pvgxa836z8,Pablo Durán,Forward,18,22,12,10,23,1,101,11,2,79,1,,14,94,60,34,214,49,3,23,2,17,14,3,72,48,24,2,3,6,61,14,262,3,1,33,18,4,36,61,8,7,13,12,10,,,5,,19,12,179,126,63,177,2,9,,,1108,29,3,,11,13,8,145,272,17,189,11,58,83,433,9,9,17,7,12,68,24,71,,1,,10,2,,2,2,2,,,1,,1,,4,2,,9,1,1,,,,,,,,,,,,,,,,,,,,,,,,,,,,,,
Spain_Primera_Division,2025-2026,Real Club Celta de Vigo,530jf9kq6s7dqggz6how0lt04,J. El Abdellaoui,Forward,39,12,6,6,20,,53,5,,92,,,11,70,44,26,170,21,,20,,11,7,4,58,38,20,,3,9,56,2,135,2,1,63,15,5,21,6,9,7,4,3,16,6,6,11,,2,1,114,94,27,114,2,4,3,9,627,27,,,12,5,3,81,136,11,115,6,28,21,286,20,20,14,,,35,6,21,,0,,4,1,,2,2,2,,,,,2,,3,2,,1,2,0,,,,,,,,,,,,,,,,,,,,,,,,,,,,,,
Spain_Primera_Division,2025-2026,Real Club Celta de Vigo,c2z40s3jlj0xsyoihce3ksdbe,Manu Fernández,Defender,12,10,4,6,13,,25,,3,116,1,,,44,17,27,21,167,2,13,,10,9,1,34,13,21,1,7,2,177,,477,,2,71,4,1,31,122,2,2,9,6,4,,,1,3,,23,429,155,288,420,4,9,1,7,714,7,,1,32,7,7,59,491,2,443,13,,48,587,,,1,15,27,25,23,21,2,0,1,,2,,,,,,,,,,,,,,,,,,,,,,,1,,,,,,,,,,,,,,,,,,,,,,,
Spain_Primera_Division,2025-2026,Real Club Celta de Vigo,3xu6rpdncvtd2adn94xaqavze,Hugo González,Forward,30,,,,,,,,,,,,,,,,,,,,,,,,,,,,,,,,,,,,,,,,,,,,,,,,,,,,,,,,,,,,,,,,,,,,,,,,,,,,,,,,,,,,,,,,,,,,,,,,,,,,,,,,,,,,,,,,,,,,,,,,,,,,,,,,,,,,
Spain_Primera_Division,2025-2026,Real Club Celta de Vigo,d12m2oz1lomkc1qxmpht38lat,Borja Iglesias,Forward,7,33,17,16,27,2,102,7,4,79,,,7,142,87,55,220,70,6,27,2,22,21,1,109,70,39,1,,15,100,18,344,,3,25,12,6,38,101,17,12,17,13,10,,,11,,53,13,241,151,118,256,2,4,,,1527,33,3,,16,32,22,199,373,34,269,6,65,104,601,3,3,10,1,14,81,26,90,6,1,,22,10,,11,6,9,2,,5,,5,,6,10,,10,7,4,1,3,3,,,2,,,,,,,,,,,,,,,,,,,,,,,,
Spain_Primera_Division,2025-2026,Real Club Celta de Vigo,64ctdbd0w5ikj0fkcuu9jdbhm,I. Moriba,Midfielder,6,40,26,14,29,2,200,4,6,170,5,,4,238,101,137,274,171,17,29,2,24,22,2,198,75,123,1,15,13,186,,750,2,2,65,33,19,75,217,15,8,20,4,9,,,10,2,42,25,650,376,298,649,32,34,,4,1903,34,4,,23,25,47,180,774,12,674,66,41,100,1102,1,1,13,2,12,73,28,88,5,0,,4,6,1,1,1,1,,,1,,,,2,1,,3,0,1,,,,,,1,,,,,,,,,,,,,,,,,,,,,,,,
Spain_Primera_Division,2025-2026,Real Club Celta de Vigo,79n0dyjagmleor1fpwl25qql0,Javi Rodríguez,Defender,32,46,26,20,26,1,104,2,12,216,5,,1,162,81,81,176,442,13,26,1,25,22,3,116,55,61,2,19,7,618,1,1367,,,116,24,6,53,254,8,6,21,7,5,,,6,8,,48,1235,579,703,1234,11,20,3,51,1931,14,1,,77,27,25,173,1418,8,1282,31,16,136,1730,1,1,4,31,56,79,58,80,5,0,1,2,3,,,,,,,,,,,1,,,,,,,,,,,,,,,,,,,,,,,,,,,,,,,,,,,
Spain_Primera_Division,2025-2026,Real Club Celta de Vigo,9mlj7fxon5zy1qmktvvcwjrl6,Ferran Jutglà,Forward,9,37,24,13,22,2,111,3,1,119,,,14,139,80,59,252,42,13,22,2,19,18,1,102,56,46,,7,9,82,4,290,1,2,67,21,5,27,61,11,13,17,15,5,3,3,16,,35,9,224,145,88,221,6,2,,,1255,37,2,,12,18,22,148,296,34,230,8,56,66,524,9,9,21,1,4,51,24,62,4,0,,21,1,,7,6,5,2,,1,,6,,4,3,,6,2,5,,,,,,,1,,,,,,,,,,,,,,,,,,,,,,,
Spain_Primera_Division,2025-2026,Real Club Celta de Vigo,6q341ss6es4r2m1o5s5e80nbo,Yoel Lago,Defender,29,6,3,3,5,,8,,4,45,,,,27,11,16,4,55,3,5,,7,7,,21,8,13,,4,1,66,1,200,,,24,1,,6,72,1,,4,2,1,,,1,1,,7,187,63,124,180,4,4,,,337,,,,23,6,4,15,201,,187,8,3,14,251,,,,6,7,13,1,7,2,0,,,,,,,,,,,,,,,,,,,,,,,,,,,,,,1,,,,,,,,,,,,,,,,,,,
Spain_Primera_Division,2025-2026,Real Club Celta de Vigo,9g4ojrys88awchyj6zgmd6oes,Fer López,Midfielder,8,6,3,3,9,,66,2,1,106,,,3,69,34,35,134,62,5,9,,10,8,2,63,31,32,1,3,4,94,,260,3,,43,12,2,36,40,4,3,6,5,3,1,1,18,,10,8,211,139,75,205,2,1,,,556,19,1,,4,13,11,96,262,5,213,3,12,49,378,7,1,9,3,11,38,18,38,1,0,,2,3,6,1,1,1,,1,1,,,,,,4,,0,1,,,,,,,1,,,,,,,,,,,,,,,,,,,,,,,
Spain_Primera_Division,2025-2026,Real Club Celta de Vigo,19h01qn41ea3399pu4ct655p0,Marcos González,Goalkeeper,40,,,,,,,,,,,,,,,,,,,,,,,,,,,,,,,,,,,,,,,,,,,,,,,,,,,,,,,,,,,,,,,,,,,,,,,,,,,,,,,,,,,,,,,,,,,,,,,,,,,,,,,,,,,,,,,,,,,,,,,,,,,,,,,,,,,,
Spain_Primera_Division,2025-2026,Real Club Celta de Vigo,5ug00ump6bz6bpef42be8j310,Óscar Marcos,Forward,33,,,,,,,,,,,,,,,,,,,,,,,,,,,,,,,,,,,,,,,,,,,,,,,,,,,,,,,,,,,,,,,,,,,,,,,,,,,,,,,,,,,,,,,,,,,,,,,,,,,,,,,,,,,,,,,,,,,,,,,,,,,,,,,,,,,,
Spain_Primera_Division,2025-2026,Real Club Celta de Vigo,82j8oubp6fqzgci68hxvxw3dg,Pablo Meixús,Defender,31,,,,,,,,,,,,,,,,,,,,,,,,,,,,,,,,,,,,,,,,,,,,,,,,,,,,,,,,,,,,,,,,,,,,,,,,,,,,,,,,,,,,,,,,,,,,,,,,,,,,,,,,,,,,,,,,,,,,,,,,,,,,,,,,,,,,
Spain_Primera_Division,2025-2026,Real Club Celta de Vigo,c3sl9ajm4q424r4u37iath3hl,Óscar Mingueza,Defender,3,20,8,12,26,3,138,4,5,204,1,,6,155,73,82,446,333,9,26,4,22,20,2,135,65,70,,8,18,323,,1008,2,2,106,32,14,73,239,22,5,19,11,7,9,5,11,,11,44,845,516,362,825,20,16,9,118,1659,24,4,,26,14,24,269,1033,10,869,36,25,164,1451,43,25,11,10,45,166,41,119,4,0,,5,13,18,1,,,1,1,,,1,2,,,14,1,0,1,,,,,,,2,1,,,,,,,,,,,,,,,,,,,,,,
Spain_Primera_Division,2025-2026,Real Club Celta de Vigo,6wplm29z7qxxmujyc2ml19gix,I. Radu,Goalkeeper,13,7,,7,30,,,,,44,8,,,12,1,11,,387,,30,,37,32,5,5,1,4,,,1,172,,379,,3,9,,,263,150,1,,30,,,,,1,32,,93,280,54,436,397,,,,,2700,,1,20,29,,7,225,709,,490,,,219,1015,,,,117,216,180,39,3,,0,,,,,,,,,,,,,,,,,,,,,,,,,,,,300,224,,,15,3,74,5,8,2,10,86,56,30,2,,21,,,,,
Spain_Primera_Division,2025-2026,Real Club Celta de Vigo,18mddnpa54ygoaefaj0c5obf9,M. Ristić,Defender,21,3,2,1,4,,27,1,2,38,,1,2,18,9,9,25,56,,4,,5,5,,15,7,8,,2,2,12,,139,,1,26,4,,20,48,2,,4,4,,,,6,,,5,117,39,81,115,1,,,11,255,4,,1,7,,1,34,143,,120,1,1,23,191,2,2,3,8,10,13,12,13,,0,,,1,,,,,,,,,,,,,,,,,,,,,,,,,,,,,,,,,,,,,,,,,,,,,,
Spain_Primera_Division,2025-2026,Real Club Celta de Vigo,a39ntr1ek9aavke18yucd0r2s,Miguel Román,Midfielder,16,21,11,10,19,,111,3,7,134,5,,2,108,57,51,131,193,9,19,,13,11,2,87,46,41,1,12,17,212,,727,1,1,65,19,10,69,232,17,4,14,4,5,8,1,3,2,13,42,635,376,288,614,10,17,,2,1310,11,4,,23,20,11,129,748,5,656,27,5,92,921,13,1,9,19,37,81,24,55,3,1,,1,10,18,1,1,1,,,,,1,6,1,,10,1,0,1,,,,,,,,,,,1,,,,,,,,,,,,,,,,,,,
Spain_Primera_Division,2025-2026,Real Club Celta de Vigo,75xbiozismh96vufhrhkng4mi,Javi Rueda,Defender,17,16,11,5,20,3,103,2,5,72,1,,8,101,54,47,223,91,8,20,4,8,7,1,85,43,42,1,14,5,183,3,379,,,32,36,11,37,4,9,5,10,7,10,2,2,15,3,3,17,282,185,101,267,5,9,21,51,979,16,5,1,26,21,13,164,381,8,284,14,34,97,638,15,15,13,13,24,77,35,73,4,0,,3,1,,2,2,2,,,,,2,,2,2,,1,1,1,,,,,,1,,,,,,,,,,,,,,,,,,,,,,,,
Spain_Primera_Division,2025-2026,Real Club Celta de Vigo,c60m17adgxbewkrzizwtzd91w,Hugo Sotelo,Midfielder,22,7,3,4,17,1,113,,9,200,,,3,89,44,45,211,212,11,17,2,20,17,3,82,41,41,,12,23,245,,806,1,1,97,17,12,84,291,25,1,14,7,3,13,2,1,2,13,36,744,478,331,760,15,13,,2,1181,9,5,,15,24,13,113,861,2,796,28,2,65,1029,27,1,2,10,22,69,23,43,3,0,,1,4,33,,,,,,,,,10,,,18,,,,,,,,,,,1,,,,,,,,,,,,,,,,,,,,,,
Spain_Primera_Division,2025-2026,Real Club Celta de Vigo,cksi669gcnskpytzh70a43it,C. Starfelt,Defender,2,53,22,31,19,,38,,13,145,5,,,105,43,62,14,194,9,19,,17,14,3,52,21,31,,17,1,441,,994,,2,84,5,2,50,342,1,3,17,2,2,,,1,6,,31,953,223,750,942,9,14,,1,1492,3,,,108,19,8,51,1015,4,973,23,4,42,1221,,,1,10,12,18,24,30,1,0,,1,,,,,,,,,1,,,2,,,,,,,,,1,1,,,,,,2,,,,,,,,,,,,,,,,,,,
Spain_Primera_Division,2025-2026,Real Club Celta de Vigo,e91yegwfliqhfy9yyk19otafo,W. Swedberg,Midfielder,19,13,11,2,22,3,59,6,1,87,,,8,136,78,58,189,51,19,22,3,11,11,,123,67,56,1,2,4,34,6,211,,1,45,13,5,23,70,7,3,9,9,13,1,1,8,1,13,3,159,112,51,159,7,12,1,1,922,30,2,,5,25,29,110,214,14,162,19,49,52,388,5,5,14,,4,43,14,48,2,3,,11,3,,4,4,4,,,,,3,,3,3,,1,1,3,1,,,,,,,,,,,,,,,,,,,,,,,,,,,,,
Spain_Primera_Division,2025-2026,Real Club Celta de Vigo,9462218yklkts6mod3cbfryz9,M. Vecino,Midfielder,15,5,2,3,3,,12,1,,10,,,,10,4,6,10,21,,3,,1,,1,5,2,3,1,2,,9,,57,,,5,2,,2,15,,1,1,1,2,,,,,1,,45,30,15,45,,3,,,72,,,,2,2,,13,57,1,45,3,1,12,68,1,1,,2,2,9,4,10,,0,,,,,,,,,,,,,,,,,,,,,,,,,,,,,,,,,,,,,,,,,,,,,,,,,
Spain_Primera_Division,2025-2026,Real Club Celta de Vigo,b9gvtejjtt3vqukvdeuuo1eqx,Marc Vidal,Goalkeeper,25,,,,,,,,,,,,,,,,,,,,,,,,,,,,,,,,,,,,,,,,,,,,,,,,,,,,,,,,,,,,,,,,,,,,,,,,,,,,,,,,,,,,,,,,,,,,,,,,,,,,,,,,,,,,,,,,,,,,,,,,,,,,,,,,,,,,
Spain_Primera_Division,2025-2026,Real Club Celta de Vigo,59ndqnsvggsoek170rdqyd1w5,Iván Villar,Goalkeeper,1,,,,,,,,,,,,,,,,,,,,,,,,,,,,,,,,,,,,,,,,,,,,,,,,,,,,,,,,,,,,,,,,,,,,,,,,,,,,,,,,,,,,,,,,,,,,,,,,,,,,,,,,,,,,,,,,,,,,,,,,,,,,,,,,,,,,
Spain_Primera_Division,2025-2026,Real Club Celta de Vigo,bzv32rpgvs111w8e2gch452xg,Bryan Zaragoza,Forward,15,8,7,1,19,1,112,6,,223,1,,14,129,74,55,360,64,4,19,1,12,10,2,121,67,54,,2,17,35,6,318,7,2,138,15,6,32,123,18,8,13,9,6,15,11,27,,13,13,243,210,64,246,5,5,1,3,1135,48,4,,5,7,17,216,334,20,259,10,58,75,608,53,42,43,3,10,115,13,65,1,0,,12,7,27,1,,1,,,,,1,2,,1,10,,1,0,,1,1,,,1,,,,,,,,,,,,,,,,,,,,,,,,
Spain_Primera_Division,2025-2026,Real Club Celta de Vigo,daid84a2zbh8rasleahdp8nis,Hugo Álvarez,Midfielder,23,5,4,1,21,1,134,2,,149,1,,7,87,52,35,341,119,7,21,1,17,12,5,82,48,34,2,8,21,76,2,471,5,1,82,23,5,35,143,22,1,11,7,10,3,2,11,,11,10,410,305,109,401,5,7,3,22,1007,28,3,,7,15,11,148,472,5,411,12,42,61,676,17,15,19,4,6,57,21,55,2,0,,4,2,2,3,2,3,,,1,,2,1,1,1,1,,3,0,,,,,,,,,,,,,,,,,,,,,,,,,,,,,,
Spain_Primera_Division,2025-2026,Real Club Celta de Vigo,e1g4cho31825bw7apvh9xr0x6,Álvaro Núñez,Defender,14,34,23,11,21,1,239,4,7,215,4,,4,131,60,71,361,313,5,21,2,23,19,4,97,37,60,1,16,18,417,2,1035,1,2,87,15,7,85,112,19,1,21,7,,21,15,15,10,13,44,944,529,480,944,9,16,3,97,1764,14,6,,34,13,20,177,1081,2,988,25,11,93,1434,43,38,8,15,27,101,35,66,2,0,1,1,1,14,,,,,,,,,4,,,3,1,,,,,,,,,1,,,,1,,,,,,,,,,,,,,,,,,,
Spain_Primera_Division,2025-2026,Real Club Deportivo Mallorca,2bzdn7cqqonejqmlq85w8z6qd,T. Asano,Forward,11,20,15,5,15,,22,1,,36,,,2,61,39,22,77,18,2,15,,10,8,2,41,24,17,1,1,2,14,5,80,,1,22,7,2,18,26,2,6,6,6,9,,,2,,5,,58,35,23,58,3,2,,,479,15,2,,3,7,10,60,80,8,58,5,21,22,161,6,6,7,2,2,19,9,20,2,1,,2,,,1,1,1,,,1,,,,2,1,,,1,0,,,,,,,,,,,,,,,,,,,,,,,,,,,,,,
Spain_Primera_Division,2025-2026,Real Club Deportivo Mallorca,2f49etxdi4l2tsobpmsg5i5pm,L. Bergström,Goalkeeper,13,5,,5,5,,,,,11,2,,,6,1,5,,114,,5,,7,4,3,1,1,,,,,13,,73,,,4,,,47,18,,,5,,,,,,16,,47,42,40,38,31,,,,,450,,,6,16,,,67,145,,78,,,67,205,,,,37,66,55,12,1,1,0,,,,,,,,,,,,,,,,,,,,,,,,,,,,47,37,,,3,1,13,,,,9,15,12,3,,,2,,,,,
Spain_Primera_Division,2025-2026,Real Club Deportivo Mallorca,7xmaybxu4zd5k338bi3drkxcl,Sergi Darder,Midfielder,10,9,3,6,30,3,169,6,5,262,,,13,149,69,80,405,209,8,30,4,34,31,3,140,66,74,1,19,41,188,2,737,1,4,137,35,14,86,238,45,15,22,14,8,44,14,31,9,19,63,614,451,267,611,10,9,1,10,2013,37,10,,12,17,24,287,804,24,674,19,25,130,1201,92,44,22,15,42,199,23,88,3,0,,9,4,58,1,1,1,,,,,,22,2,,34,1,1,0,,,,,,,,1,,,,,,,,,,,,,,,,,,,,,,1
Spain_Primera_Division,2025-2026,Real Club Deportivo Mallorca,5e8sf5791x5g5m9vmct6s3itw,Marc Domenech,Forward,30,5,3,2,7,1,5,2,,12,,,2,20,11,9,37,8,1,7,1,2,2,,15,8,7,,,1,15,,32,,1,7,8,3,9,4,2,1,2,2,5,1,1,1,1,3,1,19,10,10,18,1,2,,,211,5,1,,4,3,3,33,32,1,19,3,7,13,80,6,6,3,1,2,16,3,11,,0,,,,,,,,,,,,,,,,,,,,,,,,,,,,,,,,,,,,,,,,,,,,,,,,,
Spain_Primera_Division,2025-2026,Real Club Deportivo Mallorca,83ug5yxwhlkppqxvix8fdbklw,Jandro García,Midfielder,39,,,,,,,,,,,,,,,,,,,,,,,,,,,,,,,,,,,,,,,,,,,,,,,,,,,,,,,,,,,,,,,,,,,,,,,,,,,,,,,,,,,,,,,,,,,,,,,,,,,,,,,,,,,,,,,,,,,,,,,,,,,,,,,,,,,,
Spain_Primera_Division,2025-2026,Real Club Deportivo Mallorca,9d4cokmqyy9vabji5g0ascavo,Mateo Joseph,Forward,18,51,41,10,29,2,100,5,4,132,,,8,219,131,88,305,53,5,29,3,29,26,3,168,90,78,,12,11,80,4,299,3,1,73,31,21,65,69,13,14,19,15,10,4,4,18,1,16,2,243,167,83,244,9,20,,,1703,56,3,,24,19,31,182,302,28,246,29,61,56,650,10,10,20,1,2,56,10,54,2,1,,14,,,2,2,2,,1,1,,1,,8,2,,,0,2,,,,,,1,,,,,,,,,,,,,,,,,,,,,,,,
Spain_Primera_Division,2025-2026,Real Club Deportivo Mallorca,c3f7tpb57qho5z9agsxtcopas,J. Kalumba,Forward,30,,,,2,,5,,,10,,,,6,5,1,14,3,,2,,,,,6,5,1,,,,2,,12,1,,6,2,,1,2,,,,,2,,,,,,,8,6,2,8,,,,1,35,4,,,,,1,13,12,,8,,2,4,23,1,1,3,,,5,,4,,0,,,,,,,,,,,,,,,,,,,,,,,,,,,,,,,,,,,,,,,,,,,,,,,,,
Spain_Primera_Division,2025-2026,Real Club Deportivo Mallorca,cddggachzf198p1yhq9owtofd,M. Kumbulla,Defender,4,16,5,11,7,,22,,2,52,,,2,28,8,20,14,135,,7,,8,8,,12,3,9,,2,1,46,1,276,,1,31,10,3,14,84,1,3,5,2,2,,,1,4,,25,215,61,165,201,2,1,,1,420,1,,,13,1,5,69,287,3,226,3,4,61,336,2,2,,22,36,40,23,25,1,0,,,,,,,,,,,,,,,,,,,,,,,,,,,,6,6,,,,,,,,,,,,,,,,,,,,
Spain_Primera_Division,2025-2026,Real Club Deportivo Mallorca,4rcsvuxnotyjoo72f8okudh5g,Javi Llabrés,Forward,19,3,2,1,14,,20,,,14,,,2,23,14,9,51,13,1,14,,4,4,,20,12,8,,,1,9,,52,,,5,3,1,6,11,1,3,1,1,13,2,2,1,1,2,1,41,26,18,41,2,2,,1,158,8,,,3,3,3,32,53,4,42,4,6,11,98,7,7,4,2,4,15,3,7,,0,,1,,,,,,,,,,,,1,,,,,,,,,,,,,,,,,,,,,,,,,,,,,,,,,,,
Spain_Primera_Division,2025-2026,Real Club Deportivo Mallorca,4m1hsbfpts9xz2luy52gnf09g,D. Luna,Midfielder,29,,,,,,,,,,,,,,,,,,,,,,,,,,,,,,,,,,,,,,,,,,,,,,,,,,,,,,,,,,,,,,,,,,,,,,,,,,,,,,,,,,,,,,,,,,,,,,,,,,,,,,,,,,,,,,,,,,,,,,,,,,,,,,,,,,,,
Spain_Primera_Division,2025-2026,Real Club Deportivo Mallorca,3v254jhofauiadp9vzb7rb21g,David López,Defender,27,21,10,11,7,,20,,11,40,,1,,39,18,21,7,69,2,7,,13,12,1,18,8,10,,5,,66,,178,,,22,7,6,10,31,,3,5,1,2,,,1,5,,13,146,44,106,137,3,3,,,479,,,1,54,6,3,36,186,3,150,6,7,36,287,,,,13,22,27,9,14,1,0,,,,,,,,,,,1,,,,,,,,,,,,,,,,,2,6,1,,,,4,,,,,,,,,,,,,,,
Spain_Primera_Division,2025-2026,Real Club Deportivo Mallorca,22dchchxwrsty67ultrs61qz9,Pablo Maffeo,Defender,23,43,18,25,24,1,142,2,20,184,3,3,5,197,76,121,294,304,11,24,1,31,27,4,154,58,96,,29,14,236,,700,2,5,103,46,17,82,30,15,2,23,8,1,21,21,28,7,2,34,526,295,264,504,27,25,25,149,2056,25,1,2,78,18,16,297,712,3,538,52,6,174,1303,42,42,17,36,70,148,68,104,9,0,,1,1,,1,1,,1,,1,1,,,,,,,1,0,,,,,,,,,,,1,,,,,,,,,,,,,,,,,,,
Spain_Primera_Division,2025-2026,Real Club Deportivo Mallorca,bkvvapojagxvj17nzk3oy8ct1,Omar Mascarell,Midfielder,5,41,21,20,23,2,120,1,9,150,2,,1,139,68,71,86,250,14,23,2,28,25,3,98,47,51,,27,5,178,,730,,2,46,27,18,84,205,7,,19,7,4,1,1,4,21,11,57,617,290,350,582,15,22,,,1666,6,2,,57,28,10,141,753,2,639,37,6,114,979,4,4,3,32,48,90,28,66,4,1,,2,,,1,1,,1,,,,1,,,1,,,1,0,,,,,,,,,1,1,,,,,,,,,,,,,,,,,,,,
Spain_Primera_Division,2025-2026,Real Club Deportivo Mallorca,dfjph36vcwfj5cevut4x3vf11,J. Mojica,Defender,22,29,12,17,29,2,167,3,4,267,3,,13,183,83,100,412,464,8,29,3,39,34,5,154,71,83,1,18,24,39,2,971,2,5,139,43,12,147,324,27,9,24,4,5,28,25,13,15,2,57,759,431,377,723,21,25,15,217,2222,42,5,,71,22,25,396,994,11,780,46,12,214,1687,73,64,19,43,92,211,76,122,5,0,,2,2,,,,,,,,,,,,,,,,,,,,,,,,5,,,,,,,,,,,,,,,,,,,,,,
Spain_Primera_Division,2025-2026,Real Club Deportivo Mallorca,5tsp2m5z3xie07ax0wq1qqsix,Mateu Morey,Defender,2,15,11,4,16,,45,1,3,53,,,1,75,41,34,82,76,4,16,,17,15,2,60,30,30,,6,3,65,1,197,,,23,16,8,25,14,3,1,8,6,8,3,3,4,1,,10,150,81,75,143,11,7,12,24,625,5,1,,29,12,8,83,200,3,153,18,7,47,360,5,5,2,8,16,36,16,31,2,0,,2,,,1,1,1,,,,,1,,,,,,1,0,,,,,,,,,,,,,,,,,,,,,,,,,,,,,,
Spain_Primera_Division,2025-2026,Real Club Deportivo Mallorca,12qc3dkodeb8ykg6pc0kqf2l1,Manu Morlanes,Midfielder,8,17,6,11,24,,95,2,2,141,,,1,110,48,62,140,199,11,24,,23,20,3,93,42,51,2,13,13,141,,626,,3,82,18,13,71,212,13,3,15,13,9,1,1,4,1,17,26,564,307,278,558,20,20,,5,1200,13,1,,17,16,7,94,647,6,584,40,12,63,813,3,3,4,10,17,46,20,46,2,0,,3,3,,2,2,2,,,,,2,,1,2,,1,2,0,,,,1,1,,,,,,,,,,,,,,,,,,,,,,,,,
Spain_Primera_Division,2025-2026,Real Club Deportivo Mallorca,3pwr7lqvo4o08c4nvzqpuue39,V. Muriqi,Forward,7,221,101,120,29,,145,15,4,123,1,,13,365,177,188,355,144,7,29,1,42,37,5,144,76,68,1,2,13,158,12,521,1,4,45,30,5,62,88,14,35,28,9,1,1,1,14,2,65,18,330,210,135,326,3,4,,,2414,46,1,,49,30,52,316,535,74,344,7,132,191,943,2,2,10,,9,156,37,182,3,3,,39,2,,19,12,18,1,,7,,5,,16,14,,15,12,7,6,7,5,,1,1,,,,,,1,,,,,,,,,,,,,,1,,,,1
Spain_Primera_Division,2025-2026,Real Club Deportivo Mallorca,7zerx4gqk5emuf33ufrnyldlg,Javier Olaizola,Defender,34,,,,,,,,,,,,,,,,,,,,,,,,,,,,,,,,,,,,,,,,,,,,,,,,,,,,,,,,,,,,,,,,,,,,,,,,,,,,,,,,,,,,,,,,,,,,,,,,,,,,,,,,,,,,,,,,,,,,,,,,,,,,,,,,,,,,
Spain_Primera_Division,2025-2026,Real Club Deportivo Mallorca,8kb4bpoflaz0yy6m746jdbb4k,Luis Orejuela,Defender,29,,,,,,,,,,,,,,,,,,,,,,,,,,,,,,,,,,,,,,,,,,,,,,,,,,,,,,,,,,,,,,,,,,,,,,,,,,,,,,,,,,,,,,,,,,,,,,,,,,,,,,,,,,,,,,,,,,,,,,,,,,,,,,,,,,,,
Spain_Primera_Division,2025-2026,Real Club Deportivo Mallorca,e1izszvhlcdpmnjzzd73cnidx,Pichu,Goalkeeper,25,,,,,,,,,,,,,,,,,,,,,,,,,,,,,,,,,,,,,,,,,,,,,,,,,,,,,,,,,,,,,,,,,,,,,,,,,,,,,,,,,,,,,,,,,,,,,,,,,,,,,,,,,,,,,,,,,,,,,,,,,,,,,,,,,,,,
Spain_Primera_Division,2025-2026,Real Club Deportivo Mallorca,2wdjbfzaiokiawrbn5wzsx61h,Abdón Prats,Forward,9,7,4,3,10,,6,2,,3,,,,15,9,6,15,2,,10,,1,1,,8,5,3,,,2,2,,16,,1,,,,1,7,2,,,,10,,,1,,2,,12,11,2,13,,,,,86,2,,,1,2,2,10,17,1,13,,6,4,30,1,1,,1,1,3,2,3,,0,,1,,,,,,,,,,,,1,,,,,,,,,,,,,,,,,,,,,,,,,,,,,,,,,,,
Spain_Primera_Division,2025-2026,Real Club Deportivo Mallorca,9dewnn65ylruq567thg7ebqhh,Antonio Raíllo,Defender,21,116,41,75,23,1,94,,34,280,3,1,1,180,66,114,81,359,5,23,1,32,27,5,64,25,39,1,16,6,361,1,1056,,4,154,16,9,61,312,7,11,23,1,,1,1,,14,,53,931,313,682,941,12,13,,1,2033,3,1,1,120,23,15,148,1126,12,994,25,38,132,1402,3,3,,33,57,93,42,75,4,0,3,1,,,,,,,,,,,,1,,,,,,,,,,,,,,25,25,,,,,,,,,,,,,,,,,,,,
Spain_Primera_Division,2025-2026,Real Club Deportivo Mallorca,9e7b5cm66oxf26fmp33yuppsl,Dani Rodríguez,Midfielder,14,5,3,2,2,,3,1,,2,,,,15,8,7,20,7,,2,,1,,1,10,5,5,,,1,5,,18,1,,,1,1,1,3,1,,,,2,1,,1,,1,,12,8,5,12,1,1,,2,67,5,,,1,,3,18,18,,12,2,1,6,45,2,2,,1,1,6,2,5,,0,,,,,,,,,,,,,,,,,,,,,,,,,,,,,,,,,,,,,,,,,,,,,,,,,
Spain_Primera_Division,2025-2026,Real Club Deportivo Mallorca,5qh2kdatvb03o8oiqvkaaxje2,Leo Román,Goalkeeper,1,3,1,2,25,,,,,119,1,,,5,2,3,,566,1,25,,41,38,3,2,1,1,,1,,143,,535,,5,50,,,171,99,,,25,,,,,,85,,173,385,134,409,370,,1,,,2250,,,17,21,1,1,268,808,,543,1,,265,1017,,,,165,260,212,53,5,4,0,1,,,,,,,,,,,,,,,,,,,,,,,,,,,189,167,,,11,3,55,,6,1,6,86,53,28,1,1,26,,1,,,
Spain_Primera_Division,2025-2026,Real Club Deportivo Mallorca,9wwzjoc2bl80vct0meb6v5yqc,Miquel Salas,Midfielder,41,1,,1,2,,2,,,4,,,,4,1,3,3,6,,2,,1,,1,3,1,2,,,,1,,10,,,3,2,,2,1,,,,,2,,,1,,,2,6,5,1,4,,,,,15,1,,,1,,1,5,10,,6,,1,4,16,,,,,,2,2,4,,0,,,,,,,,,,,,,,,,,,,,,,,,,,,,,,,,,,,,,,,,,,,,,,,,,
Spain_Primera_Division,2025-2026,Real Club Deportivo Mallorca,r5ezm70p552tpwr7c7822qs4,I. Salhi,Defender,26,,,,,,,,,,,,,,,,,,,,,,,,,,,,,,,,,,,,,,,,,,,,,,,,,,,,,,,,,,,,,,,,,,,,,,,,,,,,,,,,,,,,,,,,,,,,,,,,,,,,,,,,,,,,,,,,,,,,,,,,,,,,,,,,,,,,
Spain_Primera_Division,2025-2026,Real Club Deportivo Mallorca,1km9nvqz03yoj9cxpv127id7u,Samú Costa,Midfielder,12,100,35,65,27,,197,6,13,159,2,,9,345,168,177,283,300,24,27,,36,32,4,245,133,112,2,22,10,291,4,964,2,5,68,49,29,97,202,10,8,24,11,3,1,1,11,10,27,56,754,369,412,724,25,24,,3,2121,52,,,76,52,56,322,990,19,780,49,46,210,1446,22,22,26,30,46,172,60,164,9,2,,11,2,,5,4,4,1,,5,,,,1,2,,2,2,3,,,,,,,,,,,,,,,,,,,,,,,,,,,,,,
Spain_Primera_Division,2025-2026,Real Club Deportivo Mallorca,2td3iejdken4orcduqrdutrhm,Antonio Sánchez,Midfielder,6,12,7,5,25,,68,,3,109,,,4,97,60,37,140,112,5,25,,21,18,3,85,53,32,1,11,9,99,1,317,,2,56,21,13,63,47,9,3,9,8,16,5,4,5,1,4,11,253,151,115,250,8,9,,19,966,22,3,,18,14,10,126,326,6,261,17,9,65,512,22,19,7,15,23,69,18,42,2,0,,3,,5,,,,,,,,,1,1,,2,,,,,,,1,1,,,,,,,,,,,,,,,,,,,,,,,,,
Spain_Primera_Division,2025-2026,Real Club Deportivo Mallorca,4hzen2c0gk5scrjb7y8t2dyj8,Leo Sánchez,Defender,32,,,,,,,,,,,,,,,,,,,,,,,,,,,,,,,,,,,,,,,,,,,,,,,,,,,,,,,,,,,,,,,,,,,,,,,,,,,,,,,,,,,,,,,,,,,,,,,,,,,,,,,,,,,,,,,,,,,,,,,,,,,,,,,,,,,,
Spain_Primera_Division,2025-2026,Real Club Deportivo Mallorca,f1e3gi3dx3er2vz7loriw6e39,Toni Lato,Defender,3,13,10,3,9,1,45,,3,28,,,2,47,30,17,88,57,3,9,1,10,9,1,34,20,14,,5,3,5,,160,,1,18,10,6,19,53,4,,6,5,3,5,5,5,1,1,9,130,67,68,121,1,7,1,25,468,9,1,,10,5,1,60,160,,130,8,3,30,267,10,10,2,4,7,31,9,23,3,0,,,,,,,,,,,,,,,,,,,,,,,,,,,,,,,,,,,,,,,,,,,,,,,,,
Spain_Primera_Division,2025-2026,Real Club Deportivo Mallorca,5kodjbsarkql4vhs126p2vhwq,Pablo Torre,Midfielder,20,20,16,4,27,2,113,3,2,137,,,2,120,71,49,242,141,11,27,2,21,18,3,100,55,45,1,7,21,125,1,474,,2,62,19,10,45,126,23,2,12,11,15,17,3,8,1,20,26,397,289,151,397,3,8,1,3,1043,25,1,,10,21,26,177,505,9,423,11,12,82,733,41,12,11,6,12,98,25,70,3,0,,7,,36,3,3,1,2,,2,,1,13,1,1,19,2,2,1,,,,,,,,,,,,,,,,,,,,,,,,,,,,,,
Spain_Primera_Division,2025-2026,Real Club Deportivo Mallorca,6rsn76sfdv8oakkj6cshzqkq2,Nil Torreguitart,Goalkeeper,38,,,,,,,,,,,,,,,,,,,,,,,,,,,,,,,,,,,,,,,,,,,,,,,,,,,,,,,,,,,,,,,,,,,,,,,,,,,,,,,,,,,,,,,,,,,,,,,,,,,,,,,,,,,,,,,,,,,,,,,,,,,,,,,,,,,,
Spain_Primera_Division,2025-2026,Real Club Deportivo Mallorca,9t88fceutc2x108ga0qkzkafp,M. Valjent,Defender,24,69,31,38,30,,104,3,13,411,3,,1,152,70,82,98,507,11,30,,48,42,6,83,39,44,3,17,2,456,,1335,1,5,225,32,19,71,330,2,4,30,,,,,4,20,1,79,1161,398,817,1136,8,25,6,20,2700,5,,,187,28,8,212,1397,11,1215,33,13,182,1794,2,2,1,60,109,139,45,73,5,0,2,7,1,,,,,,,,,,,1,,,,,,,,,,,,,,12,12,2,,,,,,,,,,,,,,,,,,,
Spain_Primera_Division,2025-2026,Real Club Deportivo Mallorca,4cuha2o4qsp1tb8yhqu3ntij8,Jan Virgili,Forward,17,32,21,11,23,2,113,10,2,210,,,16,212,128,84,381,65,4,23,4,24,21,3,180,107,73,2,6,21,48,2,333,9,3,128,25,14,54,111,25,5,17,13,6,8,7,39,,8,4,254,189,77,254,4,9,1,8,1475,82,7,,7,14,21,241,337,16,258,13,58,79,694,22,21,55,,5,83,18,74,,0,,11,1,3,,,,,1,,,,1,1,,1,,,,,,,,1,2,,2,,,,1,,,,,,,,,,,,,,,,,,
Spain_Primera_Division,2025-2026,Real Club Deportivo Mallorca,ev6rtdu599wvfcxhph760zggk,R. Vlad,Goalkeeper,42,,,,,,,,,,,,,,,,,,,,,,,,,,,,,,,,,,,,,,,,,,,,,,,,,,,,,,,,,,,,,,,,,,,,,,,,,,,,,,,,,,,,,,,,,,,,,,,,,,,,,,,,,,,,,,,,,,,,,,,,,,,,,,,,,,,,
Spain_Primera_Division,2025-2026,Real Club Deportivo Mallorca,e0gv5rugqtsipy89z4rk7hsoa,Zito Luvumbo,Forward,15,5,5,,5,,10,,,30,,,4,33,18,15,54,8,1,5,1,1,1,,28,13,15,,,3,7,2,31,,,23,4,2,3,6,4,,2,2,3,1,1,5,,2,,21,19,3,21,,,,1,219,9,,,,4,10,32,31,3,21,,19,10,80,5,5,4,,2,15,,8,2,0,,3,,,,,,,,,,,,,,,1,,,,,,,,,,,,,,,,,,,,,,,,,,,,,,,,
Spain_Primera_Division,2025-2026,Real Madrid CF,4luj0v1ttpt61sniftg4bxrtg,Diego Aguado,Defender,27,,,,1,,5,,1,2,,,,5,3,2,2,7,,1,,1,1,,5,3,2,,,,2,,17,,,1,1,1,2,3,,,,,1,,,,,,1,14,5,9,13,1,1,,,29,2,,1,2,,,5,17,,14,2,,3,25,,,,2,3,2,1,,,0,,,,,,,,,,,,,,,,,,,,,,,,,,,,,,,,,,,,,,,,,,,,,,,,,
Spain_Primera_Division,2025-2026,Real Madrid CF,6w5wyari2p4bh2zzy2x2f6hg5,D. Alaba,Defender,4,10,5,5,8,,8,1,4,48,,,2,17,7,10,11,76,,8,,3,2,1,7,2,5,,,,56,,211,,1,31,,,8,79,,1,3,2,5,,,,,,4,197,86,118,200,1,4,,1,244,,,,12,1,,16,219,2,204,5,1,15,248,,,,2,10,11,4,5,1,0,,1,2,,,,,,,,,,,,,,,,,,,,,,,,1,,,,,,,,,,,,,,,,,,,,,,
Spain_Primera_Division,2025-2026,Real Madrid CF,19z8jmren3eytg7fbuzqv73kl,T. Alexander-Arnold,Defender,12,6,3,3,15,2,79,1,2,120,,1,7,34,19,15,289,151,1,15,4,11,8,3,28,16,12,,12,14,269,,536,,1,60,12,1,28,50,18,4,9,6,6,20,9,2,2,3,42,459,323,166,427,4,6,11,51,753,6,3,1,4,5,,171,549,5,469,10,10,80,759,61,42,4,16,41,122,19,39,1,0,,1,3,27,,,,,1,,,,8,,,16,1,,,,,,,,,1,2,,,,,,,,,,,,,,,,,,,,,,
Spain_Primera_Division,2025-2026,Real Madrid CF,atj6u4qul0o2ca57etbmes07o,Raúl Asencio,Defender,17,35,14,21,19,,57,2,9,180,4,,1,92,39,53,78,274,11,19,,12,10,2,57,25,32,,8,4,404,,838,,2,94,15,9,40,158,4,7,14,4,5,,,1,2,,29,785,355,485,811,3,11,2,12,1346,4,,,46,15,17,68,893,11,840,14,20,53,1062,1,1,1,7,21,35,19,32,3,0,,4,1,,2,,2,,,,,,,2,1,,,2,0,2,,,,,,,,26,26,,,,,,,,,,,,,,,,,,,,
Spain_Primera_Division,2025-2026,Real Madrid CF,e83ula4wockmc2xid7185kcq2,J. Bellingham,Midfielder,5,38,17,21,20,1,170,13,1,259,6,,8,216,95,121,422,167,12,20,3,14,11,3,178,78,100,3,12,28,221,1,831,2,1,111,32,20,74,289,31,4,15,4,5,3,3,23,,45,46,741,532,228,711,13,30,,2,1338,45,3,,13,27,34,168,847,23,757,43,83,90,1160,6,6,21,5,16,84,12,74,1,2,,19,3,,4,1,3,1,,,,3,,6,3,,,3,1,1,,,,,,,,,,,,,,,,,,,,,,,,,,,,,
Spain_Primera_Division,2025-2026,Real Madrid CF,en2c7z1raqmcwee78297pbnu2,E. Camavinga,Midfielder,6,15,7,8,22,,143,2,6,193,2,,4,158,59,99,251,190,18,22,,11,8,3,143,52,91,1,12,11,256,1,839,,2,78,26,18,71,267,11,6,13,7,9,,,12,1,34,37,768,467,317,747,22,32,,10,1217,14,2,,20,28,25,115,856,8,784,54,17,72,1097,2,2,6,2,15,61,13,57,1,0,,2,4,,1,1,1,,1,,,,,,1,,,0,1,1,,,,,,,,,,,,,,,,,,,,,,,,,,,,,
Spain_Primera_Division,2025-2026,Real Madrid CF,a4kw8u4dqsslfwe1ux08lbmc,Álvaro Carreras,Defender,18,50,23,27,25,1,221,3,7,319,10,1,9,195,90,105,578,550,9,25,2,20,16,4,145,67,78,,35,23,152,5,1461,3,4,182,46,26,138,575,25,3,23,2,2,3,3,15,4,8,32,1319,860,499,1324,18,17,11,166,2064,32,1,,56,17,29,239,1498,5,1356,35,33,142,2026,27,27,16,18,35,124,45,107,5,1,,2,1,,2,2,2,,,1,,1,,,,,,1,1,,,,,1,1,1,,,,,1,,,,,,,,,,,,,,,,,,
Spain_Primera_Division,2025-2026,Real Madrid CF,7oykphzczagr975xsqt70s89h,Dani Carvajal,Defender,2,11,7,4,12,,82,1,6,51,1,,1,46,24,22,141,107,3,12,,7,7,,35,17,18,1,4,7,149,,352,,3,24,12,5,24,25,7,2,7,5,5,2,2,1,1,,15,327,190,150,323,2,8,5,47,659,5,3,,17,5,7,47,363,3,338,10,4,25,501,5,5,2,1,3,21,9,22,,0,1,1,1,,,,,,1,,,,,1,,,,,,,,,,,,,,,,,,,,,,,,,,,,,,,,,,,
Spain_Primera_Division,2025-2026,Real Madrid CF,i48mf81fxn2af1xxjzfi8gr9,Dani Ceballos,Midfielder,19,4,3,1,15,,49,,4,121,,,1,66,29,37,133,114,5,15,,5,5,,62,26,36,,7,9,144,,422,,1,55,20,10,37,131,9,3,4,4,11,,,3,,4,15,390,273,133,391,7,11,,4,466,12,,,5,6,15,51,438,3,406,18,8,32,529,3,2,10,1,2,21,14,30,1,0,,,2,4,,,,,,,,,,,,1,1,,,,,,,,,,,,,,,,,,,,,,,,,,,,,,,,
Spain_Primera_Division,2025-2026,Real Madrid CF,ecmpznived7xp45o7bm96csno,Cestero,Midfielder,28,,,,2,,1,,,,,,,3,2,1,1,2,,2,,,,,3,2,1,,,,2,,6,,,,,,,1,,,,,2,,,,,,,4,1,3,4,1,,,,12,,,,1,,,2,6,,4,1,,2,8,,,,,1,2,,1,,0,,,,,,,,,,,,,,,,,,,,,,,,,,,,,,,,,,,,,,,,,,,,,,,,,
Spain_Primera_Division,2025-2026,Real Madrid CF,6crmq7vzqts58wg196q48sc7p,T. Courtois,Goalkeeper,1,6,1,5,28,,,,,141,11,,,13,5,8,,426,1,28,,24,20,4,7,4,3,,,1,190,,675,,4,54,1,,196,222,1,,28,,,,,,23,,103,556,55,612,564,,1,,,2520,,1,16,17,1,2,174,838,,667,1,,171,1056,,,,112,168,136,35,3,1,0,1,,,,,,,,,,,,,,,,,,,,,,,,,,,209,120,,,15,2,26,4,4,,4,58,36,21,,1,14,,,,,
Spain_Primera_Division,2025-2026,Real Madrid CF,buzh1oolanqmxdm3bqt1sfqxg,Dani Meso,Midfielder,47,,,,,,,,,,,,,,,,,,,,,,,,,,,,,,,,,,,,,,,,,,,,,,,,,,,,,,,,,,,,,,,,,,,,,,,,,,,,,,,,,,,,,,,,,,,,,,,,,,,,,,,,,,,,,,,,,,,,,,,,,,,,,,,,,,,,
Spain_Primera_Division,2025-2026,Real Madrid CF,3jln1gzc0859ymphvq83i0mp5,Brahim Díaz,Midfielder,21,8,7,1,22,3,93,3,,118,,,6,99,52,47,270,59,6,22,4,6,5,1,91,45,46,,1,11,103,3,323,2,,56,11,3,35,77,15,3,7,7,15,3,3,13,,11,6,295,242,65,298,4,7,,3,752,33,4,,3,12,22,101,332,5,304,11,44,28,487,8,6,12,,,34,2,28,1,0,,2,4,4,,,,,,,,,,1,,2,1,,,,,,,,2,,,,,,,,,,,,,,,,,,,,,,,,
Spain_Primera_Division,2025-2026,Real Madrid CF,14qv8npo5alwnb5dud8x82ln8,Endrick,Forward,9,,,,1,,,,,1,,,,2,,2,4,,,1,,,,,2,,2,,,,,,,,,1,,,,,,,,,1,,,1,,,,,,,,,,,,11,,,,,,1,1,,,,,2,,4,,,,,,,,,,0,,,,,,,,,,,,,,,,,,,,,,,,1,,,,,,,1,,,,,,,,,,,,,,,,,,
Spain_Primera_Division,2025-2026,Real Madrid CF,3wieudlmb1vnm7kvdcn4sfok4,Lamini Fati,Defender,48,,,,,,,,,,,,,,,,,,,,,,,,,,,,,,,,,,,,,,,,,,,,,,,,,,,,,,,,,,,,,,,,,,,,,,,,,,,,,,,,,,,,,,,,,,,,,,,,,,,,,,,,,,,,,,,,,,,,,,,,,,,,,,,,,,,,
Spain_Primera_Division,2025-2026,Real Madrid CF,8knybibneen7qx8jdg9voh7v8,Jesús Fortea,Defender,32,,,,,,,,,,,,,,,,,,,,,,,,,,,,,,,,,,,,,,,,,,,,,,,,,,,,,,,,,,,,,,,,,,,,,,,,,,,,,,,,,,,,,,,,,,,,,,,,,,,,,,,,,,,,,,,,,,,,,,,,,,,,,,,,,,,,
Spain_Primera_Division,2025-2026,Real Madrid CF,diwvhwul9fvsmpdwosvy8nwus,Pol Fortuny,Midfielder,33,,,,,,,,,,,,,,,,,,,,,,,,,,,,,,,,,,,,,,,,,,,,,,,,,,,,,,,,,,,,,,,,,,,,,,,,,,,,,,,,,,,,,,,,,,,,,,,,,,,,,,,,,,,,,,,,,,,,,,,,,,,,,,,,,,,,
Spain_Primera_Division,2025-2026,Real Madrid CF,39c5g6782qlrtw55fsre7exnt,Fran García,Defender,20,11,7,4,9,,96,1,3,70,1,,9,52,23,29,165,64,2,9,1,7,6,1,41,16,25,,5,2,23,1,281,1,,43,16,7,19,103,3,2,7,2,2,3,3,2,2,3,6,251,163,96,250,7,7,2,36,594,10,,,8,4,9,71,286,4,256,14,16,30,433,19,19,4,9,9,36,13,21,,0,,2,,,1,1,1,,,1,,,,1,1,,,1,0,,,,1,1,,,,,,,,,,,,,,,,,,,,,,,,,
Spain_Primera_Division,2025-2026,Real Madrid CF,4o9d3hpjlicgce9gtbewyzhn8,Gonzalo García,Forward,16,27,9,18,23,,62,1,,48,,,2,67,33,34,133,29,4,23,,8,6,2,40,24,16,,3,8,46,,176,,1,16,12,8,20,48,8,4,6,4,17,,,2,1,16,1,145,102,52,153,5,6,,,665,17,1,,4,5,3,75,185,13,154,11,32,31,287,1,1,9,,,22,10,31,1,1,,9,2,,4,3,3,1,,1,,2,,5,3,,1,4,0,1,,,,,,,,,,,,,,,,,,,,,,,,,,,,,
Spain_Primera_Division,2025-2026,Real Madrid CF,42mke5h9m4g7idv9q6ltuhkwk,Fran González,Goalkeeper,26,,,,,,,,,,,,,,,,,,,,,,,,,,,,,,,,,,,,,,,,,,,,,,,,,,,,,,,,,,,,,,,,,,,,,,,,,,,,,,,,,,,,,,,,,,,,,,,,,,,,,,,,,,,,,,,,,,,,,,,,,,,,,,,,,,,,
Spain_Primera_Division,2025-2026,Real Madrid CF,39gif4xfy8xddarasbsad56ok,A. Güler,Midfielder,15,13,9,4,30,8,250,12,2,340,1,,20,183,81,102,740,288,12,30,8,20,18,2,170,72,98,1,8,59,412,3,1206,6,4,145,27,13,97,308,67,16,24,21,6,37,6,26,,53,66,1093,828,349,1074,17,27,,7,1926,32,14,,8,21,28,278,1258,35,1140,44,58,118,1684,86,20,16,7,26,187,17,92,1,1,1,19,15,92,4,3,3,1,,3,,,24,3,3,49,1,2,2,1,,,,,,,1,,,,,,,,,,,,,,,,,,,,,,
Spain_Primera_Division,2025-2026,Real Madrid CF,d2hnxi1yi5rgqj1tvxh1813x0,Dean Huijsen,Defender,24,66,25,41,22,1,51,4,12,357,5,1,2,130,49,81,116,492,10,22,2,16,12,4,64,24,40,,17,8,310,1,1291,,2,220,17,9,61,474,10,9,20,6,2,,,2,2,,87,1152,614,573,1100,13,14,,5,1648,2,1,,100,19,11,148,1327,13,1187,27,25,140,1558,1,1,,22,51,110,31,89,6,0,1,4,1,,2,,2,,,,,1,,2,2,,,1,1,1,,,,1,,,,8,8,1,1,,,,,,,,,,,,,,,,,,
Spain_Primera_Division,2025-2026,Real Madrid CF,9650u1owvf264fwnuzc0zlfro,David Jiménez,Defender,35,,,,2,,7,,,1,,,1,2,1,1,18,8,,2,,,,,2,1,1,,,,17,,35,,,1,1,,3,3,,,1,1,1,,,,,,,34,21,13,34,,1,,3,77,1,,,1,,,6,35,1,34,1,1,1,47,3,3,,,,3,1,1,,0,,1,,,,,,,,,,,,1,,,,,,,,,,,,,,,,,,,,,,,,,,,,,,,,,,,
Spain_Primera_Division,2025-2026,Real Madrid CF,3jzkkcd5ysauxk07bli7ic2l0,Ávaro Leiva,Forward,46,,,,,,,,,,,,,,,,,,,,,,,,,,,,,,,,,,,,,,,,,,,,,,,,,,,,,,,,,,,,,,,,,,,,,,,,,,,,,,,,,,,,,,,,,,,,,,,,,,,,,,,,,,,,,,,,,,,,,,,,,,,,,,,,,,,,
Spain_Primera_Division,2025-2026,Real Madrid CF,38bp85766w04a0nuulq5fiig9,A. Lunin,Goalkeeper,13,,,,2,,,,,12,,,,,,,,22,,2,,4,3,1,,,,,,,25,,57,,,4,,,19,19,,,2,,,,,,1,,9,51,3,54,48,,,,,180,,,1,,,,10,66,,57,,,9,86,,,,,8,7,2,1,,0,,,,,,,,,,,,,,,,,,,,,,,,1,,,,13,4,,1,4,,2,,,,,5,3,2,,1,,,,,,
Spain_Primera_Division,2025-2026,Real Madrid CF,4aihdtm9m5evl5ohlx54ccs9g,Joan Martínez,Defender,36,,,,,,,,,,,,,,,,,,,,,,,,,,,,,,,,,,,,,,,,,,,,,,,,,,,,,,,,,,,,,,,,,,,,,,,,,,,,,,,,,,,,,,,,,,,,,,,,,,,,,,,,,,,,,,,,,,,,,,,,,,,,,,,,,,,,
Spain_Primera_Division,2025-2026,Real Madrid CF,1fkntyd2z8e169yh98k0zst90,F. Mastantuono,Forward,30,10,6,4,17,,117,6,,177,1,,8,147,86,61,333,57,10,17,,7,5,2,137,80,57,1,2,11,171,,369,1,,56,18,11,33,33,11,13,9,8,8,9,4,16,,16,7,332,275,75,334,8,12,,6,786,50,4,,1,18,21,137,378,18,341,20,46,37,616,18,7,28,,5,50,5,32,5,1,,5,7,18,1,1,1,,2,,,1,6,3,,9,,0,1,,,,,1,,,1,,,,1,,,,,,,,,,,,,,,,,,
Spain_Primera_Division,2025-2026,Real Madrid CF,5e9ilgrz3tzg9kd1gk3yvrahh,K. Mbappé,Forward,10,9,3,6,25,3,236,30,,329,7,,30,205,102,103,872,154,3,25,4,22,18,4,196,99,97,2,2,52,200,23,775,8,3,182,26,9,40,235,56,33,24,8,1,6,6,64,1,48,27,668,606,117,690,2,1,,1,2142,87,8,,,9,30,273,825,87,717,3,213,108,1261,14,13,56,,7,113,9,101,3,8,,54,5,6,23,15,19,4,3,2,,21,,17,18,1,3,9,14,,9,8,,,4,,5,,,,,,,,,,,,,,,,,,,,,,
Spain_Primera_Division,2025-2026,Real Madrid CF,6q69l3ppqfqbryjubcrujfi6t,F. Mendy,Defender,23,3,2,1,2,,14,,,24,,,,6,2,4,23,16,,2,,1,1,,3,,3,,1,,11,,90,,,5,3,1,4,49,,,1,,1,,,1,,,1,83,54,29,82,,1,,5,91,,,,,,1,7,90,,83,1,1,7,101,,,,2,2,2,5,5,,0,,,,,,,,,,,,,,,,,,,,,,,,,,,,,,1,,,,,,,,,,,,,,,,,,,
Spain_Primera_Division,2025-2026,Real Madrid CF,3krfyio6dlb6gkoggsmqwkj6c,Sergio Mestre,Goalkeeper,43,,,,,,,,,,,,,,,,,,,,,,,,,,,,,,,,,,,,,,,,,,,,,,,,,,,,,,,,,,,,,,,,,,,,,,,,,,,,,,,,,,,,,,,,,,,,,,,,,,,,,,,,,,,,,,,,,,,,,,,,,,,,,,,,,,,,
Spain_Primera_Division,2025-2026,Real Madrid CF,587fw0wi1ke5kv6tdnyx78xec,Javier Navarro,Goalkeeper,29,,,,,,,,,,,,,,,,,,,,,,,,,,,,,,,,,,,,,,,,,,,,,,,,,,,,,,,,,,,,,,,,,,,,,,,,,,,,,,,,,,,,,,,,,,,,,,,,,,,,,,,,,,,,,,,,,,,,,,,,,,,,,,,,,,,,
Spain_Primera_Division,2025-2026,Real Madrid CF,3r4r3w44ski0d4175zfe1iy38,César Palacios,Midfielder,38,,,,2,,6,1,,7,,,2,9,4,5,19,8,,2,,1,1,,9,4,5,,3,1,10,,27,,,2,1,1,2,3,1,,,,2,,,2,,2,,24,14,10,24,,1,,,51,2,,,,1,2,8,27,,24,1,2,3,45,1,1,1,,,3,1,3,,0,,,,,,,,,,,,,,,,,,,,,,,,,,,,,,,,,,,,,,,,,,,,,,,,,
Spain_Primera_Division,2025-2026,Real Madrid CF,9ksawmk9ligul6vfjihf50r8,Thiago Pitarch,Midfielder,45,4,3,1,5,,35,2,,61,,,2,35,28,7,70,34,3,5,,4,3,1,31,25,6,1,3,1,58,1,187,,,21,10,4,11,63,1,,4,4,1,,,1,,8,8,164,103,64,159,2,2,,3,290,7,1,,1,8,1,35,190,1,167,4,6,23,227,1,1,4,3,5,17,7,18,1,0,,1,,,,,,,,,,,,,,,1,,,,,,,,,,,,,,,,,,,,,,,,,,,,,,,,
Spain_Primera_Division,2025-2026,Real Madrid CF,974pgl5fo69ks8qsv1oorx8us,Mario Rivas,Defender,49,,,,,,,,,,,,,,,,,,,,,,,,,,,,,,,,,,,,,,,,,,,,,,,,,,,,,,,,,,,,,,,,,,,,,,,,,,,,,,,,,,,,,,,,,,,,,,,,,,,,,,,,,,,,,,,,,,,,,,,,,,,,,,,,,,,,
Spain_Primera_Division,2025-2026,Real Madrid CF,broq8imimhtlejtffissquy5m,Rodrygo,Forward,11,9,9,,19,3,86,8,,175,1,,13,102,48,54,319,52,1,19,3,5,5,,93,39,54,,3,14,82,,311,2,,90,13,5,38,104,17,8,6,5,13,12,1,18,,11,2,282,254,52,292,5,8,,9,676,29,7,,4,5,23,109,324,19,294,13,62,30,532,30,15,20,2,5,56,4,25,3,1,,11,4,25,1,1,1,,1,,,1,6,3,1,11,,0,1,,,,,,1,,2,,,,,,,,,,,,,,,,,,,,,,
Spain_Primera_Division,2025-2026,Real Madrid CF,6fzbp94hf19ysotdassrqdc5x,A. Rüdiger,Defender,22,38,12,26,13,,53,1,2,205,3,,,60,22,38,43,247,2,13,,12,10,2,22,10,12,,3,2,302,1,858,,1,98,8,5,51,282,2,9,12,3,1,,,,2,,32,797,333,490,791,6,5,,3,1086,1,1,,38,9,1,70,884,10,823,11,16,61,977,2,2,1,11,32,46,17,29,,0,,1,1,,1,,1,,,,,1,,1,1,,,1,0,,,,,,,1,,15,15,1,,,,,,,,,,,,,,,,,,,
Spain_Primera_Division,2025-2026,Real Madrid CF,aipyotc87m5bdvmvizd5n69k9,A. Tchouaméni,Midfielder,14,83,21,62,27,,157,10,11,342,7,,9,211,64,147,327,448,16,27,,24,20,4,128,43,85,1,34,22,534,,1560,,4,159,22,13,125,471,22,20,26,7,1,1,1,3,2,40,53,1422,891,582,1419,23,36,,6,2240,7,4,1,48,24,23,172,1610,26,1472,59,34,138,1923,6,6,4,12,37,103,41,101,7,0,,6,6,,1,,1,,,,,1,,4,,,,0,1,,,,,,,,,,,,,,,,,,,,,,,,,,,,,,
Spain_Primera_Division,2025-2026,Real Madrid CF,3pxte13sf3ybzb3cgvim1tqtw,Valde,Defender,40,,,,1,,15,,,9,,,1,12,5,7,17,6,2,1,,1,1,,12,5,7,,,1,1,,33,,,8,1,1,3,12,1,,1,1,,1,1,1,,,1,31,19,14,31,2,3,3,3,78,1,,,1,3,1,7,34,,32,5,1,2,55,,,,,1,2,,1,,0,,,,,,,,,,,,,,,,,,,,,,,,,,,,,,,,,,,,,,,,,,,,,,,,,
Spain_Primera_Division,2025-2026,Real Madrid CF,1i9wi65k2foqwudeqiyih87hl,F. Valverde,Midfielder,8,33,12,21,28,4,212,9,6,367,8,,11,146,58,88,598,409,9,28,7,23,18,5,113,46,67,,20,32,652,1,1549,,4,175,38,26,122,304,39,18,26,7,2,6,5,18,3,24,54,1387,957,464,1361,15,22,5,55,2296,20,7,,45,15,12,229,1577,34,1415,37,37,162,1948,21,20,13,24,39,141,42,123,2,2,,16,6,2,4,4,2,2,1,,,4,,1,1,1,2,3,1,,,,,1,,,4,,,2,1,,,,,,,,,,,,,,,,,,
Spain_Primera_Division,2025-2026,Real Madrid CF,b4witgokm49tidm1a83qcvbop,Vinícius Júnior,Forward,7,5,5,,29,4,260,20,,558,3,,37,327,165,162,1047,168,11,29,5,25,20,5,322,160,162,1,2,46,63,12,875,19,4,329,46,19,67,405,51,26,25,12,4,9,8,73,,34,34,725,652,103,712,12,14,,9,2214,126,6,,1,25,63,416,896,61,746,26,253,150,1507,44,42,89,1,15,175,19,135,7,4,,35,8,12,11,7,10,1,3,1,,10,,12,5,1,2,8,3,,5,4,,,4,,,,,,,,,,,,,,,,,,,,,,,,
Spain_Primera_Division,2025-2026,Real Madrid CF,3r8kqt2bz34yw8e2h4jdp96hg,Daniel Yáñez,Forward,42,2,1,1,1,1,7,,,8,,,1,9,4,5,11,1,,1,1,1,1,,7,3,4,,,1,4,,14,,,5,,,,2,2,,,,1,1,1,,,,,12,10,3,12,,1,,,32,2,1,,,,3,4,14,,12,1,1,2,22,,,1,,1,2,,1,,0,,,,,,,,,,,,,,,,,,,,,,,,,,,,,,,,,,,,,,,,,,,,,,,,,
Spain_Primera_Division,2025-2026,Real Madrid CF,2spn42sn73gxwyt6ucobiknl6,Manuel Ángel,Midfielder,37,,,,3,,9,1,,26,,,,14,6,8,22,28,1,3,,2,2,,14,6,8,,,,15,,63,,,10,1,1,5,11,,,1,1,2,,,1,,,1,57,39,18,56,,3,,,87,2,,,1,2,4,10,63,1,57,3,1,6,80,,,1,,,5,1,6,,0,,1,,,,,,,,,1,,,,,,,,,,,,,,,,,,,,,,,,,,,,,,,,,,,,,,
Spain_Primera_Division,2025-2026,Real Madrid CF,8wvkrrbqqthuwda8twg03yuax,Éder Militão,Defender,3,46,21,25,14,1,34,2,10,155,4,,4,98,39,59,62,178,9,14,1,8,7,1,52,18,34,,10,6,278,,657,,1,70,10,8,53,205,7,8,12,3,2,,,1,3,,39,597,271,361,593,6,15,,7,1033,4,2,,47,14,12,75,695,17,632,21,27,63,855,,,3,10,33,50,13,30,2,1,,9,,,2,1,1,1,,,,1,,1,,,,1,1,1,,,,,,,,18,18,3,,,,,,,,,,,,,,,,,,,
Spain_Primera_Division,2025-2026,Real Oviedo,bj7ybt2wtu63dxlhnlcy9vdas,Pablo Agudín,Midfielder,27,2,,2,5,,3,1,,9,,,1,13,8,5,17,5,1,5,,2,2,,11,8,3,,,,2,,15,2,,4,1,1,6,5,,1,,,5,,,1,,,,8,4,4,8,1,,,,72,3,,,2,3,1,19,15,1,8,1,5,7,42,,,,,1,4,3,6,,0,1,,,,,,,,,,,,,,,,1,,,,,,,,,,,,,,,,,,,,,,,,,,,,,,,,
Spain_Primera_Division,2025-2026,Real Oviedo,8n42fc5g0qewvh9pdh4ef1e51,Lucas Ahijado,Defender,24,11,4,7,15,1,59,3,4,115,1,,4,98,33,65,138,143,3,15,1,21,19,2,87,29,58,1,15,7,126,2,360,1,1,59,20,9,46,34,8,3,10,3,5,5,5,11,1,1,15,287,156,137,273,16,28,9,84,968,10,2,,29,10,3,125,362,5,288,44,8,74,649,10,10,8,17,35,57,27,39,2,0,1,2,2,,,,,,,,,,,2,,,,,,,,,,,,,,,,,,,,,,,,,,,,,,,,,,,
Spain_Primera_Division,2025-2026,Real Oviedo,4aszgga510z652sajxoea2has,R. Alhassane,Defender,3,28,10,18,21,,144,2,6,140,3,,12,99,37,62,282,221,5,21,,27,24,3,71,27,44,,24,14,24,8,605,3,1,79,40,12,70,223,14,,15,2,6,10,10,7,3,,20,488,236,268,474,15,16,33,126,1444,13,2,,63,7,6,238,612,,494,31,8,118,1058,49,49,9,16,29,117,50,89,1,0,,,,,,,,,,,,,,,,,1,,,,,,,,,,,,,,,,,,,,,,,,,,,,,,,,
Spain_Primera_Division,2025-2026,Real Oviedo,9jw0h4escxh3eqz8oh860r3yt,E. Bailly,Defender,2,47,16,31,10,,17,1,12,109,3,,,76,29,47,18,140,6,10,,16,13,3,29,13,16,,10,1,159,,392,,1,57,2,,35,98,1,2,10,1,,,,3,5,,23,327,89,259,325,2,5,,3,864,3,,,56,12,6,76,414,3,348,7,6,66,538,1,1,1,18,38,51,16,28,3,0,,1,,,1,,1,,,,,,,,,,,0,1,1,,,,,,,,4,4,,,,,,,,,,,,,,,,,,,,
Spain_Primera_Division,2025-2026,Real Oviedo,7zilisi5cnkmr30dhdful2r1m,T. Borbas,Forward,17,11,5,6,6,,9,1,,4,,,1,19,9,10,15,5,2,6,,3,3,,8,4,4,,,,3,,21,,,1,1,,2,7,,1,,,6,,,,,4,1,13,8,8,15,2,,,,76,2,,,3,2,2,13,24,2,16,2,7,8,44,,,,,1,6,2,7,1,0,,1,,,,,,,,,,,,1,,,,,,,,,,,,,,,,,,,,,,,,,,,,,,,,,,,
Spain_Primera_Division,2025-2026,Real Oviedo,ec04djw7dspowrm7h7wr6e5ed,J. Brekalo,Forward,18,5,5,,14,,42,1,,77,,,2,48,26,22,131,57,4,14,,14,13,1,43,21,22,1,3,11,29,,197,1,1,29,17,9,25,81,11,5,6,6,8,6,3,4,,6,16,143,111,47,136,5,7,,4,483,10,3,,1,7,6,99,209,8,152,12,22,57,314,20,13,7,2,9,64,13,48,1,0,1,3,2,11,,,,,,,,,2,,,5,1,,,,,,,,,,,,,,,,,,,,,,,,,,,,,,,,
Spain_Primera_Division,2025-2026,Real Oviedo,ej7ydno7l3dv6xiqpaxrxbmqd,Dani Calvo,Defender,12,49,20,29,14,,36,,15,96,3,,1,79,31,48,12,147,3,14,,16,15,1,30,11,19,,7,1,192,,469,,1,39,7,4,24,143,1,1,11,,3,,,,7,,25,415,87,376,438,6,9,,1,1069,2,1,,101,9,4,63,518,1,463,15,5,55,696,1,1,1,18,30,36,20,25,3,0,,,,,,,,,,,,,,,,,,,,,,,,,,,,30,31,1,,,,1,,,,,,,,,,,,,,,
Spain_Primera_Division,2025-2026,Real Oviedo,8bst1i2b82hc3bzmtg86q8jdg,Álex Cardero,Midfielder,27,,,,,,,,,,,,,,,,,,,,,,,,,,,,,,,,,,,,,,,,,,,,,,,,,,,,,,,,,,,,,,,,,,,,,,,,,,,,,,,,,,,,,,,,,,,,,,,,,,,,,,,,,,,,,,,,,,,,,,,,,,,,,,,,,,,,
Spain_Primera_Division,2025-2026,Real Oviedo,bw58qgyapbrlir4h629cr5uj9,Santi Cazorla,Midfielder,8,5,1,4,21,1,62,1,1,89,,,7,56,21,35,140,120,3,21,1,12,12,,51,20,31,2,1,17,73,,337,1,2,39,10,2,43,110,18,5,4,3,17,11,2,7,,7,31,293,207,122,287,5,6,1,2,625,9,2,,6,5,13,111,365,6,318,11,5,47,507,30,7,6,5,14,68,9,33,1,0,,1,1,30,,,,,1,,,,9,,,21,,,,,,,,1,,,1,,,,1,,,,,,,,,,,,,,,,,,
Spain_Primera_Division,2025-2026,Real Oviedo,60b3ef904dyvuh61cgkajcley,I. Chaira,Forward,7,42,28,14,28,1,161,14,4,262,2,,19,280,180,100,405,115,17,28,1,29,23,6,238,152,86,3,5,11,105,16,498,4,2,154,42,22,83,119,12,18,23,15,5,7,7,24,,31,9,418,245,182,411,11,28,1,5,1854,90,3,,10,44,23,291,500,42,420,39,69,80,974,46,46,60,1,6,101,25,74,2,1,,24,1,1,4,4,3,1,1,,,3,,6,3,,2,3,1,1,,,,1,1,,,,,,1,,,,,,,,,,,,,,,,,,
Spain_Primera_Division,2025-2026,Real Oviedo,7nrm7o8w477lqrb25lz8dbac4,Cheli Pereda,Midfielder,31,,,,,,,,,,,,,,,,,,,,,,,,,,,,,,,,,,,,,,,,,,,,,,,,,,,,,,,,,,,,,,,,,,,,,,,,,,,,,,,,,,,,,,,,,,,,,,,,,,,,,,,,,,,,,,,,,,,,,,,,,,,,,,,,,,,,
Spain_Primera_Division,2025-2026,Real Oviedo,1u9sn1cu0pq16mina2q6d6dwp,S. Colombatto,Midfielder,11,22,13,9,25,1,135,3,6,143,3,,6,155,69,86,207,237,18,25,1,26,22,4,133,56,77,3,14,19,191,1,720,,4,79,25,13,81,207,20,7,18,12,7,14,5,5,3,18,32,611,312,357,623,19,17,,4,1666,11,3,,33,36,36,187,770,9,655,36,24,115,1050,39,9,2,10,33,120,34,82,6,0,,2,4,38,,,,,,,,,8,,,19,,,,,,,,,,,1,,,,,,,,,,,,,,,,,,,,,,
Spain_Primera_Division,2025-2026,Real Oviedo,d6xt27yn0fv6f1g9de5yuwwyd,David Costas,Defender,4,60,26,34,19,,61,,14,176,7,,1,118,46,72,29,288,3,19,,27,22,5,58,20,38,,23,4,280,2,749,,2,87,6,2,49,150,4,1,18,1,1,,,7,10,,71,655,161,524,614,5,19,1,4,1610,4,1,,92,13,9,110,779,2,685,24,7,94,993,2,2,2,32,54,67,29,40,2,1,,1,,,1,,1,,1,,,1,,1,1,,,1,0,,,,,,,,,4,4,1,,,,,,,,,,,,,,,,,,,
Spain_Primera_Division,2025-2026,Real Oviedo,9iqmeo87l56hr3gymmxgkxysq,David Carmo,Defender,16,86,25,61,21,,61,2,18,198,3,,,155,57,98,37,405,8,21,,33,29,4,69,32,37,1,21,7,145,,943,,4,97,12,4,58,370,7,5,19,1,2,1,1,2,11,,104,777,237,574,706,16,16,,2,1722,3,1,,145,20,4,185,981,8,810,32,19,171,1269,1,1,1,59,108,129,43,63,6,0,1,3,1,,1,1,1,,,1,,,,,1,,,0,1,,,,1,1,,,,8,9,,,,,1,,,,,,,,,,,,,,,
Spain_Primera_Division,2025-2026,Real Oviedo,1emj0rlthc8syfleox4c39kut,L. Dendoncker,Midfielder,20,42,19,23,19,,97,2,7,114,2,,4,123,57,66,111,112,4,19,,25,25,,81,38,43,1,12,6,171,1,537,,1,56,27,17,54,174,6,3,15,7,4,2,2,4,,18,13,460,200,279,464,11,25,,3,1332,10,,,34,12,3,114,554,7,477,36,26,77,744,3,3,4,4,12,51,29,65,2,1,1,4,1,,1,1,1,,,1,,,,1,,,1,1,0,,,,,,,,,,,,,,,,,,,,,,,,,,,,,,
Spain_Primera_Division,2025-2026,Real Oviedo,em1ld1vkinimvqgkq5xl0drvu,B. Dominguès,Midfielder,0,,,,,,,,,,,,,,,,,,,,,,,,,,,,,,,,,,,,,,,,,,,,,,,,,,,,,,,,,,,,,,,,,,,,,,,,,,,,,,,,,,,,,,,,,,,,,,,,,,,,,,,,,,,,,,,,,,,,,,,,,,,,,,,,,,,,
Spain_Primera_Division,2025-2026,Real Oviedo,135s5jb8qkcap8ec8cv47p9sl,O. Ejaria,Forward,14,13,6,7,7,,15,1,,33,,,,36,19,17,35,26,2,7,,3,3,,23,13,10,,2,1,22,1,89,,,16,2,,7,31,1,1,2,2,5,,,2,,,2,77,56,26,80,1,3,,,177,6,,,3,3,5,22,94,2,82,4,7,12,130,,,2,1,2,9,3,10,1,0,,1,1,,,,,,,,,,,,,,1,,,,,,,,,,,,,,,,,,,,,,,,,,,,,,,,
Spain_Primera_Division,2025-2026,Real Oviedo,1j75xt37w8q04ixbyjwhtfh05,Aarón Escandell,Goalkeeper,13,5,,5,30,,,,,164,8,,,14,,14,,653,,30,,48,41,7,9,,9,1,,1,243,,682,,4,64,,,251,141,1,,30,,,,,2,86,,249,479,159,531,441,,,,,2700,,,23,43,1,8,354,1037,,690,,,347,1354,,,,178,336,243,104,11,2,0,,,,,,,,,,,,,,,,,,,,,,,,,,,,229,199,,,19,1,64,7,6,2,13,127,86,39,2,,39,,,,,
Spain_Primera_Division,2025-2026,Real Oviedo,6m8yxavig5mrha3ymrcdm05jo,Diego Espinosa,Defender,33,,,,,,,,,,,,,,,,,,,,,,,,,,,,,,,,,,,,,,,,,,,,,,,,,,,,,,,,,,,,,,,,,,,,,,,,,,,,,,,,,,,,,,,,,,,,,,,,,,,,,,,,,,,,,,,,,,,,,,,,,,,,,,,,,,,,
Spain_Primera_Division,2025-2026,Real Oviedo,d2oms9lfq6bvd9w3xizmo5h5g,Marco Esteban,Defender,30,,,,1,,,,,2,,,,,,,,6,,1,,,,,,,,,,,7,,12,,,,,,,,,,,,1,,,,,,,10,1,10,11,,,,,45,,,,2,,,3,13,,11,,,2,18,,,,,2,1,1,,,0,,,,,,,,,,,,,,,,,,,,,,,,,,,,,,,,,,,,,,,,,,,,,,,,,
Spain_Primera_Division,2025-2026,Real Oviedo,4oixsgmsfh4uvhfg7vr9hw4yc,Omar Falah,Defender,29,,,,1,,2,,,2,,,,1,1,,2,1,,1,,,,,1,1,,,,,,,7,,,2,1,,1,4,,,,,1,,,,,,1,6,2,4,5,,,,2,13,1,,,2,,,2,7,,6,,,1,14,,,1,,,,1,1,,0,,,,,,,,,,,,,,,,,,,,,,,,,,,,,,,,,,,,,,,,,,,,,,,,,
Spain_Primera_Division,2025-2026,Real Oviedo,3bzgxdjr1cg2inw04sffvqb6c,Adri Fernández,Defender,34,,,,,,,,,,,,,,,,,,,,,,,,,,,,,,,,,,,,,,,,,,,,,,,,,,,,,,,,,,,,,,,,,,,,,,,,,,,,,,,,,,,,,,,,,,,,,,,,,,,,,,,,,,,,,,,,,,,,,,,,,,,,,,,,,,,,
Spain_Primera_Division,2025-2026,Real Oviedo,9xyhn7xadm9zl908lonnj0x04,T. Fernández,Forward,15,7,6,1,9,3,25,,,69,,,2,62,40,22,100,25,4,9,3,11,8,3,55,34,21,,3,2,12,1,106,,2,36,6,5,20,46,5,4,4,4,5,2,2,8,,4,3,88,68,24,87,4,3,,2,398,25,3,,1,4,6,72,108,7,90,7,14,18,215,10,10,14,2,4,27,1,14,2,0,,3,1,,,,,,1,,,,,,,,,,,,,,,,,,,,,,,,,,,,,,,,,,,,,,,,
Spain_Primera_Division,2025-2026,Real Oviedo,kswz5xg9b8d2zzslpfxpn7fu,N. Fonseca,Midfielder,23,11,6,5,13,,25,2,4,57,1,,1,79,40,39,51,114,6,13,,13,11,2,68,34,34,2,10,2,88,,326,,1,21,12,8,30,113,2,3,6,5,7,1,1,2,2,4,35,272,131,155,250,10,17,,1,600,7,,,12,15,5,74,340,4,285,27,,55,458,2,2,1,8,20,38,19,35,4,0,,1,1,,,,,,,,,,,,,,,,,,,,,,,,,,,,,,,,,,,,,,,,,,,,,,
Spain_Primera_Division,2025-2026,Real Oviedo,cw9754xmqdnskeswigkl7u5ii,Álex Forés,Forward,19,8,6,2,15,,25,3,,10,,,2,26,16,10,47,9,1,15,1,7,7,,18,10,8,,1,,12,1,48,,,4,5,1,11,8,1,3,2,2,13,,,3,,3,,31,19,18,37,1,,,1,289,4,,,,3,4,34,54,5,37,1,13,17,101,2,2,2,,2,12,7,15,,0,,2,,,,,,,,,,,,2,,,3,,,,,,,,,,,,,,,,,,,,,,,,,,,,,,,,
Spain_Primera_Division,2025-2026,Real Oviedo,2lxmgig39a0kg4wckkibmysd0,L. Gueye,Forward,28,,,,,,,,,,,,,,,,,,,,,,,,,,,,,,,,,,,,,,,,,,,,,,,,,,,,,,,,,,,,,,,,,,,,,,,,,,,,,,,,,,,,,,,,,,,,,,,,,,,,,,,,,,,,,,,,,,,,,,,,,,,,,,,,,,,,
Spain_Primera_Division,2025-2026,Real Oviedo,7kyxr0ntcthtbohvozw93v52i,H. Hassan,Forward,10,6,4,2,29,3,120,9,,374,,,23,192,95,97,380,75,7,29,3,27,24,3,186,91,95,,6,15,179,3,404,10,1,216,32,13,63,31,18,14,17,14,12,23,23,51,3,13,38,324,203,145,287,11,20,,6,1614,58,2,,9,9,13,270,405,21,325,31,58,80,811,70,69,45,3,16,133,17,64,1,0,,7,2,2,,,,,1,,,,,2,,1,2,,,,,,,,,,,,,1,,,,,,,,,,,,,,,,,,,
Spain_Primera_Division,2025-2026,Real Oviedo,65je30iyno0ea0yylc355o3jd,L. Ilić,Midfielder,21,14,8,6,18,,61,,3,46,,,1,84,58,26,101,48,13,18,,14,12,2,70,50,20,1,5,3,76,2,223,,1,13,18,10,30,41,3,4,8,7,10,1,,3,2,9,11,178,102,80,170,6,4,,,711,20,,,8,16,7,89,226,9,181,10,12,45,336,6,1,9,6,10,35,16,35,2,0,,5,2,4,1,,1,,,,,1,,3,1,4,,0,1,,,,1,1,,,,,,,,,,,,,,,,,,,,,,,,,
Spain_Primera_Division,2025-2026,Real Oviedo,7duip0fhdb8lce5x0tgq2257t,Oier Luengo,Defender,15,7,5,2,3,,11,,2,10,,,,16,7,9,3,31,1,3,1,6,5,1,9,2,7,,2,,21,,84,,,6,6,3,2,25,1,1,3,1,,,,,1,,2,74,7,71,76,1,5,1,1,225,,,1,5,2,1,11,88,1,78,6,3,10,115,,,,4,6,4,6,4,1,0,,,,,,,,,,,,,,,,,,,,,,,,,,,,2,2,,,,,,,,,,,,,,,,,,,,
Spain_Primera_Division,2025-2026,Real Oviedo,6p8xl2smgf1ta7txpcj7cabu2,Javi López,Defender,25,28,16,12,18,1,121,3,2,123,2,,8,157,76,81,189,206,10,18,1,21,17,4,129,60,69,2,14,11,22,1,494,2,3,80,38,18,69,154,12,2,15,6,3,12,12,11,10,1,24,393,190,223,377,17,18,18,105,1261,22,2,,37,31,25,203,503,2,401,35,13,102,900,26,25,16,25,39,76,52,63,3,0,,,1,,,,,,,,,,,,,,,,,,,,,,,1,,,,,,,,,,,,,,,,,,,,,,,
Spain_Primera_Division,2025-2026,Real Oviedo,l8ds3x2ph427cxe5gpo90d0,Diego Menéndez,Midfielder,32,,,,,,,,,,,,,,,,,,,,,,,,,,,,,,,,,,,,,,,,,,,,,,,,,,,,,,,,,,,,,,,,,,,,,,,,,,,,,,,,,,,,,,,,,,,,,,,,,,,,,,,,,,,,,,,,,,,,,,,,,,,,,,,,,,,,
Spain_Primera_Division,2025-2026,Real Oviedo,58ne1a4dg1awsoh5ybmjrlhey,H. Moldovan,Goalkeeper,1,,,,,,,,,,,,,,,,,,,,,,,,,,,,,,,,,,,,,,,,,,,,,,,,,,,,,,,,,,,,,,,,,,,,,,,,,,,,,,,,,,,,,,,,,,,,,,,,,,,,,,,,,,,,,,,,,,,,,,,,,,,,,,,,,,,,
Spain_Primera_Division,2025-2026,Real Oviedo,6c836bmnuti8y81bxcpfxrvo4,Miguel Narváez,Goalkeeper,26,,,,,,,,,,,,,,,,,,,,,,,,,,,,,,,,,,,,,,,,,,,,,,,,,,,,,,,,,,,,,,,,,,,,,,,,,,,,,,,,,,,,,,,,,,,,,,,,,,,,,,,,,,,,,,,,,,,,,,,,,,,,,,,,,,,,
Spain_Primera_Division,2025-2026,Real Oviedo,a4r44oe89pwoinogij6t0go6i,Alberto Reina,Midfielder,5,37,22,15,29,1,165,3,4,176,,,3,174,87,87,256,221,12,29,1,31,25,6,137,65,72,2,11,23,152,2,696,,3,80,28,11,66,206,24,6,23,19,6,12,2,11,1,35,42,582,338,302,586,19,11,,1,1794,28,3,,12,28,32,192,744,13,628,30,32,116,1009,22,12,10,11,25,115,23,91,4,0,1,7,3,30,3,2,2,1,2,2,,1,8,3,1,6,,1,2,,,,1,1,,,,,,,,,,,,,,,,,,,,,,,,,
Spain_Primera_Division,2025-2026,Real Oviedo,20wvh9al53baedfzbzykpvkyd,S. Rondón,Forward,23,85,40,45,16,,70,4,1,43,1,,4,160,83,77,105,48,5,16,,17,15,2,75,43,32,,1,5,41,12,179,,2,21,11,8,28,47,5,15,13,9,3,1,1,9,1,19,7,121,76,73,141,3,,,,1037,31,,,12,11,21,121,206,20,148,3,40,58,376,1,1,10,,3,48,11,55,2,1,,5,,,2,1,2,,,,,1,,4,1,,7,0,2,1,1,,,,,,,,,,,,,,,,,,,,,,,,,,,,
Spain_Primera_Division,2025-2026,Real Oviedo,7qoshvypodx2yovs65d29kgoa,K. Sibo,Midfielder,6,27,14,13,21,,88,3,6,65,2,,,109,61,48,77,140,10,21,,23,16,7,82,47,35,1,12,3,163,,556,,1,23,11,6,67,170,3,3,17,9,4,,,3,2,5,23,480,190,295,462,11,17,,2,1376,13,,,27,23,4,100,561,5,485,28,3,76,711,,,1,6,12,46,30,64,3,0,,2,,,,,,,1,,,,,,,,1,,,,,,,,,,,,,,,,,,,,,,,,,,,,,,,,
Spain_Primera_Division,2025-2026,Real Oviedo,20d6omwpt4ophc6dsn4m7snh1,Borja Sánchez,Midfielder,16,,,,1,,,,,3,,,,,,,1,3,,1,,,,,,,,,,,6,,12,,,1,1,,,3,,,,,1,,,,,1,2,10,4,6,8,,,,1,13,,,,,,,2,12,,10,,,2,14,,,,,,1,1,2,,0,,,1,,,,,,,,,,,,,,,,,,,,,,,,,,,,,,,,,,,,,,,,,,,,,,
Spain_Primera_Division,2025-2026,Real Oviedo,akjusy9dt1qd2fjhttviek6ol,Nacho Vidal,Defender,22,32,15,17,21,,121,3,7,129,5,1,5,159,70,89,194,257,13,21,,24,19,5,127,55,72,,22,5,221,1,632,3,3,67,21,12,56,45,5,3,20,7,1,4,4,12,9,4,37,513,217,312,488,12,25,12,113,1675,17,,,62,21,24,195,644,6,525,37,18,119,1067,26,26,12,25,51,109,36,68,4,0,,3,2,,,,,,1,,,,,2,,,1,,,,,,,,,,,,,,,,,,,,,,,,,,,,,,,,
Spain_Primera_Division,2025-2026,Real Oviedo,6nr7ekkfr3n9tr44z6fowj5gq,F. Viñas,Forward,9,158,85,73,26,1,107,6,3,125,3,,9,389,183,206,287,90,21,26,1,29,24,5,231,98,133,,11,20,99,8,371,1,3,62,33,22,69,95,21,17,21,10,5,1,1,36,,28,10,253,173,101,263,12,27,,,1854,57,4,,19,36,59,249,391,36,273,39,91,118,806,1,1,17,,5,98,21,113,3,1,,19,1,,7,1,7,,,3,,,,9,6,,10,1,6,4,2,2,1,3,1,,1,,,,2,,,,,,,,,,,,,,,,,,
Spain_Primera_Division,2025-2026,Real Sociedad de Fútbol,d8m3jx634os7zwau1rufwkd0,Ibai Aguirre,Midfielder,46,1,,1,1,,1,,,1,,,,3,2,1,,2,,1,,,,,2,2,,,,,1,,4,,,,,,,,,,,,1,,,,,,,1,,1,1,,,,,5,1,,,,1,,4,4,,1,,,3,5,,,,,,2,1,3,,0,,,,,,,,,,,,,,,,,,,,,,,,,,,,,,,,,,,,,,,,,,,,,,,,,
Spain_Primera_Division,2025-2026,Real Sociedad de Fútbol,ezbplvktzcvzh5kwur32110mi,J. Aramburu,Defender,2,62,18,44,28,,183,4,8,182,3,1,9,310,135,175,338,480,33,28,,38,36,2,248,117,131,,39,10,344,2,1034,1,4,96,55,23,97,64,10,9,26,6,2,5,5,6,9,,31,830,445,424,833,38,52,53,188,2301,19,,,78,58,37,346,1071,14,864,90,23,207,1757,37,37,8,32,60,174,70,147,9,1,2,5,1,,1,,1,,,,,,,2,1,,,0,1,1,,,,,,,,,,1,,,,,,,,,,,,,,,,,,,
Spain_Primera_Division,2025-2026,Real Sociedad de Fútbol,ligleescbvmylb6qejczd6ok,Lander Astiazarán,Midfielder,44,,,,1,,,,,,,,,1,1,,4,1,,1,,1,1,,1,1,,,,,1,,3,,1,,,,1,1,,1,,,1,,,,,,,,,,,,,,1,1,1,,,,,,4,3,1,,,,3,6,,,,,,1,2,3,,0,,,,,,,,,,,,,,,,,,,,,,,,,,,,,,,,,,,,,,,,,,,,,,,,,
Spain_Primera_Division,2025-2026,Real Sociedad de Fútbol,21vx56lpd276xqbu11ubkf78q,Ander Barrenetxea,Forward,7,22,15,7,24,3,161,4,2,246,,,10,210,121,89,493,147,17,24,3,21,18,3,188,106,82,3,13,37,70,3,557,9,1,129,49,19,85,195,40,15,17,13,7,9,6,40,,26,25,445,357,113,436,9,11,,7,1428,68,10,,9,30,22,303,573,23,461,20,86,112,973,52,40,44,3,22,142,22,90,3,0,,8,5,27,3,2,1,2,,,,3,3,4,,10,3,2,1,,,,,,,,1,,,,,,,,,,,,,,,,,,,,1,1,
Spain_Primera_Division,2025-2026,Real Sociedad de Fútbol,8qs8s7c173w8i1dfu06ub5zis,Luken Beitia,Defender,38,,,,,,,,,,,,,,,,,,,,,,,,,,,,,,,,,,,,,,,,,,,,,,,,,,,,,,,,,,,,,,,,,,,,,,,,,,,,,,,,,,,,,,,,,,,,,,,,,,,,,,,,,,,,,,,,,,,,,,,,,,,,,,,,,,,,
Spain_Primera_Division,2025-2026,Real Sociedad de Fútbol,6gymgqxnu2zavuxgp6amm3zkl,D. Ćaleta-Car,Defender,16,112,38,74,21,,72,3,14,198,2,2,2,161,64,97,27,329,10,21,,22,21,1,49,26,23,,22,3,247,1,959,,,104,5,4,56,365,3,5,18,2,3,,,,6,,40,862,270,640,870,5,11,,,1610,2,,2,91,22,7,108,1013,7,910,16,18,103,1215,1,1,,25,40,70,34,63,4,0,,2,2,,1,,1,,,,,,,1,1,,,1,0,1,,,,1,,,,31,31,,1,,,,,,,,,,,,,,,,,,
Spain_Primera_Division,2025-2026,Real Sociedad de Fútbol,9188rfpym5ora5ssfqxqsi6ms,Tomás Carbonell,Midfielder,43,,,,,,,,,,,,,,,,,,,,,,,,,,,,,,,,,,,,,,,,,,,,,,,,,,,,,,,,,,,,,,,,,,,,,,,,,,,,,,,,,,,,,,,,,,,,,,,,,,,,,,,,,,,,,,,,,,,,,,,,,,,,,,,,,,,,
Spain_Primera_Division,2025-2026,Real Sociedad de Fútbol,bqltxeg4ejtd649kta3njitqs,Gorka Carrera,Forward,42,1,1,,1,,1,,,,,,,3,2,1,2,,,1,,1,1,,2,1,1,,,,,,1,,,,,,,1,,,,,1,,,,,,,1,,2,2,,,,,13,,,,,,1,2,2,,2,,1,,6,,,,,,,,,,0,,,,,,,,,,,,,,,,,,,,,,,,,,,,,,,,,,,,,,,,,,,,,,,,,
Spain_Primera_Division,2025-2026,Real Sociedad de Fútbol,2hqyw29ta24b0fk146a4mlf6c,Dani Díaz,Forward,26,,,,1,,3,,,1,,,,1,1,,4,,,1,,,,,1,1,,,,,,,4,,,1,,,,1,,,,,1,,,,,,,3,3,,3,,,,,17,1,,,,,,3,4,,3,,2,1,6,1,1,1,,,2,,1,,0,,,,,,,,,,,,,,,,,,,,,,,,,,,,,,,,,,,,,,,,,,,,,,,,,
Spain_Primera_Division,2025-2026,Real Sociedad de Fútbol,e35v2pspdgl7t769d57e67ob9,Aritz Elustondo,Defender,6,15,6,9,11,,20,,2,38,,,3,51,29,22,41,85,4,11,,8,6,2,36,23,13,1,6,,72,,213,,2,23,9,5,16,46,,1,4,2,7,1,1,,1,,9,188,77,122,189,4,4,3,24,413,3,,,29,13,5,40,223,3,198,8,6,25,329,2,2,3,4,8,17,10,17,,0,1,2,,,,,,,,,,,,1,,,,,,,,,,,,,,4,4,,,,,,,,,,,,,,,,,,,,
Spain_Primera_Division,2025-2026,Real Sociedad de Fútbol,b3y6i7qt9vimy3ugvtl6wtu6s,Theo Folgado,Goalkeeper,41,,,,,,,,,,,,,,,,,,,,,,,,,,,,,,,,,,,,,,,,,,,,,,,,,,,,,,,,,,,,,,,,,,,,,,,,,,,,,,,,,,,,,,,,,,,,,,,,,,,,,,,,,,,,,,,,,,,,,,,,,,,,,,,,,,,,
Spain_Primera_Division,2025-2026,Real Sociedad de Fútbol,29cp6coiba854vwntnzj5x1ck,Aitor Fraga,Goalkeeper,32,,,,,,,,,,,,,,,,,,,,,,,,,,,,,,,,,,,,,,,,,,,,,,,,,,,,,,,,,,,,,,,,,,,,,,,,,,,,,,,,,,,,,,,,,,,,,,,,,,,,,,,,,,,,,,,,,,,,,,,,,,,,,,,,,,,,
Spain_Primera_Division,2025-2026,Real Sociedad de Fútbol,7pmigpf4yfi6dfih8e1ogdwb9,Gonçalo Guedes,Forward,11,29,19,10,30,4,143,16,,206,1,,23,189,104,85,479,160,9,30,4,23,20,3,160,85,75,2,3,20,114,13,545,4,2,115,47,15,53,131,23,10,22,17,8,16,15,18,1,16,25,409,316,112,387,9,15,1,10,1776,44,6,,6,18,33,288,548,28,412,24,61,136,914,51,50,21,5,18,159,28,118,2,3,,18,3,2,8,7,6,2,2,2,,6,,3,5,,2,6,2,,,,,,,,,,,,,,,,,,,,,,,,,,,,,,
Spain_Primera_Division,2025-2026,Real Sociedad de Fútbol,706la37b8u3v3n6mqtbjs73mc,Jon Gorrotxategi,Midfielder,4,56,31,25,25,1,160,5,9,277,1,,4,192,100,92,200,306,12,25,3,34,31,3,136,69,67,,32,12,334,,1103,,4,120,34,18,115,327,15,5,22,8,3,,,8,5,18,33,956,481,495,943,14,25,,1,1912,19,2,,36,26,20,197,1127,6,976,39,5,151,1395,4,4,4,13,28,109,46,123,6,1,,1,2,,1,,1,,,,,1,,,1,,1,1,0,,,,,,,,,,,,,,,,,,,,,,,,,,,,,,
Spain_Primera_Division,2025-2026,Real Sociedad de Fútbol,dci5jbkxxr0wddazufgbysxec,Mikel Goti,Midfielder,22,11,8,3,4,,3,2,1,9,,,2,21,16,5,26,13,4,4,,3,2,1,10,8,2,,,,6,,29,1,,6,6,2,3,7,,1,1,1,3,,,2,,2,1,14,12,2,13,,,,,74,3,,,1,6,,24,29,1,14,,4,15,53,3,3,1,2,4,11,7,11,,0,,,2,,,,,,,,,,,1,,,1,,,,,,,,,,,,,,,,,,,,,,,,,,,,,,,,
Spain_Primera_Division,2025-2026,Real Sociedad de Fútbol,d4tdx2ctadv6kc3tbq4as8bmx,Sergio Gómez,Forward,17,25,10,15,28,1,216,2,5,239,2,,22,210,97,113,479,486,25,28,2,34,31,3,185,87,98,1,25,32,84,4,1183,,3,138,58,22,121,450,34,7,24,7,4,30,18,10,10,2,45,1018,613,481,1019,32,45,42,155,2155,12,10,,52,38,12,356,1236,7,1064,77,25,172,1854,98,57,8,30,54,223,47,118,2,0,,,4,44,,,,,,,,,7,2,,27,,,,,,,,,,,,,,,,,,,,,,,,,,,,,,,,,
Spain_Primera_Division,2025-2026,Real Sociedad de Fútbol,c320492cbp1otejfp1i1oane1,Y. Herrera,Midfielder,12,31,12,19,10,,22,2,2,45,,,2,80,37,43,47,50,7,10,,19,18,1,49,25,24,,2,,61,1,171,1,3,18,10,7,15,42,,3,6,6,4,1,1,3,,3,9,131,72,63,125,3,4,,1,417,9,,,16,11,14,61,175,4,134,7,8,41,265,1,1,3,2,6,32,10,35,1,0,,1,,,,,,,,,,,,1,,,,,,,,,,,1,,,,,,,,,,,,,,,,,,,,,,,,
Spain_Primera_Division,2025-2026,Real Sociedad de Fútbol,dqiuqhsqsayvldfazfnp8d46i,Jon Karrikaburu,Forward,19,13,9,4,6,,4,2,,8,,,2,21,14,7,23,5,2,6,,3,3,,8,5,3,,,1,5,2,17,,,4,3,1,3,3,1,2,,,6,,,,,1,,10,6,4,10,,1,,,127,1,,,,3,4,18,17,4,10,1,13,7,45,1,1,1,,,7,1,7,,0,,2,,,,,,,,,,,,2,,,1,,,,,,,,,,,,,,,,,,,,,,,,,,,,,,,,
Spain_Primera_Division,2025-2026,Real Sociedad de Fútbol,4funfkj5murbekemu7ffzu5g4,K. Kita,Defender,45,,,,,,,,,,,,,,,,,,,,,,,,,,,,,,,,,,,,,,,,,,,,,,,,,,,,,,,,,,,,,,,,,,,,,,,,,,,,,,,,,,,,,,,,,,,,,,,,,,,,,,,,,,,,,,,,,,,,,,,,,,,,,,,,,,,,
Spain_Primera_Division,2025-2026,Real Sociedad de Fútbol,1qkep5ck252k1g3oqza5ygh61,T. Kubo,Forward,14,14,9,5,18,3,98,7,,217,,,18,156,62,94,350,83,5,18,3,17,16,1,142,53,89,,7,23,178,11,368,7,2,124,28,11,44,17,26,6,13,10,5,8,2,27,,4,5,291,230,77,294,9,16,,,1183,37,5,,9,6,37,188,376,18,299,25,64,77,674,24,17,26,4,6,85,16,71,,0,,12,3,15,2,2,1,1,1,1,,,5,2,1,6,1,0,2,1,,,,,,1,1,,,,,,,,,,,,,,,,,,,,,,
Spain_Primera_Division,2025-2026,Real Sociedad de Fútbol,2mp4gv88fp9zepmieq3j52hhw,A. Lebarbier,Midfielder,36,,,,,,,,,,,,,,,,,,,,,,,,,,,,,,,,,,,,,,,,,,,,,,,,,,,,,,,,,,,,,,,,,,,,,,,,,,,,,,,,,,,,,,,,,,,,,,,,,,,,,,,,,,,,,,,,,,,,,,,,,,,,,,,,,,,,
Spain_Primera_Division,2025-2026,Real Sociedad de Fútbol,1bcd2ijk9xkf7mmoqmsfpxzbo,Alex Marchal,Forward,40,,,,,,,,,,,,,,,,,,,,,,,,,,,,,,,,,,,,,,,,,,,,,,,,,,,,,,,,,,,,,,,,,,,,,,,,,,,,,,,,,,,,,,,,,,,,,,,,,,,,,,,,,,,,,,,,,,,,,,,,,,,,,,,,,,,,
Spain_Primera_Division,2025-2026,Real Sociedad de Fútbol,66l9n4gqc4aau3bpc0qtpta8k,Arkaitz Mariezkurrena,Forward,34,,,,1,,,,,,,,,2,2,,,,,1,,1,1,,2,2,,,,,,,,,1,,,,,,,,,,1,,,,,,,,,,,,,,,1,,,,2,2,,,,,,,,,2,,,,,,,,,,0,1,,,,,,,,,,,,,,,,,,,,,,,,,,,,,,,,,,,,,,,,,,,,,,,,
Spain_Primera_Division,2025-2026,Real Sociedad de Fútbol,b2xlrg9xvucrut2fhmvsgjuqy,Unai Marrero,Goalkeeper,13,,,,,,,,,,,,,,,,,,,,,,,,,,,,,,,,,,,,,,,,,,,,,,,,,,,,,,,,,,,,,,,,,,,,,,,,,,,,,,,,,,,,,,,,,,,,,,,,,,,,,,,,,,,,,,,,,,,,,,,,,,,,,,,,,,,,
Spain_Primera_Division,2025-2026,Real Sociedad de Fútbol,8krgbfnydbtyongkwnsaj43kk,Jon Martín,Defender,31,93,33,60,19,,44,3,21,323,1,2,1,157,58,99,36,342,6,19,,32,30,2,64,25,39,,31,2,401,,976,,5,156,13,7,58,215,2,7,19,,,,,7,5,,22,891,289,626,893,12,11,,1,1710,11,,1,109,14,9,113,1002,11,915,23,16,87,1275,,,4,11,23,61,26,64,5,1,1,4,,,1,,1,,1,,,,,4,1,,,1,0,1,,,,,,,,1,1,,,,,,,,,,,,,,,,,,,,
Spain_Primera_Division,2025-2026,Real Sociedad de Fútbol,aka2yqxmqpioxc1qzkl62ejv8,Pablo Marín,Midfielder,15,23,18,5,26,1,83,5,1,88,,,6,129,82,47,178,73,9,26,1,25,24,1,106,64,42,1,5,6,74,2,298,3,3,54,18,7,43,72,7,3,12,9,14,3,3,13,1,14,6,238,147,98,236,3,11,,6,1124,41,1,,11,17,15,147,302,7,242,14,20,60,514,8,8,23,6,10,45,23,50,1,0,,4,2,,,,,,1,,,,,2,,,3,,,,,,,,,,,,,,,,,,,,,,,,,,,,,,,,
Spain_Primera_Division,2025-2026,Real Sociedad de Fútbol,bj929w5yi7lnz36jxsi5qnq7e,Aihen Muñoz,Defender,3,12,5,7,16,,44,,,46,,,3,69,34,35,111,103,3,16,,14,14,,57,29,28,,5,4,27,,243,,2,31,12,6,24,72,4,4,7,4,9,5,5,2,1,,9,203,109,101,196,10,15,15,37,681,8,,,27,6,3,88,246,5,205,25,5,41,422,13,13,6,10,18,35,19,23,1,0,,1,1,1,,,,,,,,,,1,,,,,,,,,,,,,,,,,,,,,,,,,,,,,,,,,,,
Spain_Primera_Division,2025-2026,Real Sociedad de Fútbol,dvrk8qmt9ta4c3kvjgsad7t91,Brais Méndez,Midfielder,23,42,18,24,26,1,190,9,3,176,,1,15,198,100,98,390,230,21,26,2,22,20,2,156,82,74,2,5,21,212,6,728,2,2,84,42,14,75,145,23,7,18,15,8,14,4,19,,27,37,584,403,241,593,13,17,,4,1505,39,5,,9,40,26,287,777,22,630,30,49,147,1114,46,21,23,12,26,164,29,121,5,0,,15,5,28,6,5,6,,,6,,,7,3,3,17,,3,3,,1,1,,1,,,3,,,,1,,,,,,,,,,,,,,,,,,
Spain_Primera_Division,2025-2026,Real Sociedad de Fútbol,1fcmd6qaiira468e8mph4sis4,J. Ochieng,Forward,47,1,1,,1,,2,,,5,,,,4,3,1,10,2,,1,,,,,3,2,1,,,2,6,,12,,,5,2,1,3,2,2,,,,1,,,,,,1,9,6,3,8,1,,,,25,2,,,,,,9,12,,9,1,1,3,22,1,1,2,,,3,1,3,,0,,,,,,,,,,,,,,,,,,,,,,,,,,,,,,,,,,,,,,,,,,,,,,,,,
Spain_Primera_Division,2025-2026,Real Sociedad de Fútbol,5nluxvc0wi0u1d5zcy7be5rkl,Álvaro Odriozola,Defender,20,2,1,1,5,,7,,2,12,,,,15,6,9,20,11,1,5,,4,4,,13,5,8,,1,3,10,,28,,,8,3,2,2,,3,,2,3,3,2,2,,1,,3,24,19,7,21,4,1,4,11,202,3,2,,3,1,3,15,28,1,24,5,5,4,71,1,1,2,,,3,2,4,,0,,1,,,1,1,1,,,,,1,,,1,,,0,1,,,,,,1,,,,,,,,,,,,,,,,,,,,,,,,
Spain_Primera_Division,2025-2026,Real Sociedad de Fútbol,b45ryclny991bm7qosieyg1cl,Mikel Oyarzabal,Forward,10,99,67,32,27,3,171,16,3,198,2,,32,276,159,117,479,162,4,27,3,36,34,2,177,92,85,2,3,34,145,12,586,4,3,110,55,19,76,133,36,24,26,9,1,2,1,29,,43,15,440,292,175,450,7,13,1,2,2274,61,12,,22,18,37,298,611,55,465,20,133,146,1028,14,14,21,5,12,130,30,134,2,4,,31,11,1,12,7,8,4,1,10,,2,1,15,8,,5,9,3,,5,5,,,,,2,,,,,,,,,,,,,,,,,,,,,,
Spain_Primera_Division,2025-2026,Real Sociedad de Fútbol,7bs0ph4yksf6lvkg91u9nqzqi,Jon Pacheco,Defender,20,66,25,41,21,,79,,21,214,2,1,2,139,54,85,45,323,4,21,,29,27,2,73,29,44,,11,5,197,1,900,,3,125,16,8,70,337,5,3,20,2,1,1,1,2,15,,63,781,293,518,747,20,16,,2,1725,4,1,1,101,14,7,146,936,4,810,36,14,126,1179,3,3,1,29,70,95,34,56,4,0,2,1,1,,,,,,,,,,,,,,,,,,,,1,1,,,,,,1,,,,,,,,,,,,,,,,,,,
Spain_Primera_Division,2025-2026,Real Sociedad de Fútbol,w503zyr8ipyobglth281uklx,Álex Remiro,Goalkeeper,1,7,,7,30,,,,,174,3,,,15,2,13,,671,,30,,45,42,3,8,2,6,,1,3,222,,776,,5,57,1,,237,203,3,,30,,,,,1,54,,247,592,140,637,530,,1,,,2700,,,12,32,,4,329,1096,,777,1,,319,1373,,,,158,314,247,72,5,,0,,,,,,,,,,,1,,,,,,,,,,,,,,,,,221,187,1,,20,7,78,4,5,,17,79,49,28,,,24,,,,,
Spain_Primera_Division,2025-2026,Real Sociedad de Fútbol,3eksuqblpadcgroqkg5ynldec,Iñaki Rupérez,Defender,33,,,,,,,,,,,,,,,,,,,,,,,,,,,,,,,,,,,,,,,,,,,,,,,,,,,,,,,,,,,,,,,,,,,,,,,,,,,,,,,,,,,,,,,,,,,,,,,,,,,,,,,,,,,,,,,,,,,,,,,,,,,,,,,,,,,,
Spain_Primera_Division,2025-2026,Real Sociedad de Fútbol,dtvmsnqlzn5672xb54zj8u7dh,U. Sadiq,Forward,15,49,32,17,17,2,24,5,,75,,,9,127,83,44,147,26,4,17,2,12,11,1,78,51,27,1,1,6,21,8,113,1,3,32,17,10,26,47,8,8,6,4,11,2,2,11,,8,2,73,50,30,76,1,1,,,666,33,3,,2,15,15,106,118,12,78,2,43,40,270,3,3,13,1,1,36,7,39,3,0,,4,3,,1,1,,1,,,,1,,2,1,,3,0,1,,,,,,3,,,,,,,,,,,,,,,,,,,,,,,,
Spain_Primera_Division,2025-2026,Real Sociedad de Fútbol,dsmcqfl0e1be4ag7czbnolo15,Carlos Soler,Midfielder,18,17,10,7,25,3,175,3,8,194,1,,4,123,62,61,318,262,16,25,3,23,22,1,106,52,54,,10,32,162,,799,,4,103,18,11,68,246,35,7,19,12,6,19,8,10,4,27,44,704,452,314,703,14,15,,2,1701,16,6,,22,25,15,159,845,24,747,29,28,98,1094,33,11,3,12,29,112,19,69,2,1,,17,3,40,4,4,3,1,,1,,2,7,3,1,16,2,1,3,1,,,,1,,,,1,1,,1,,,,,,,,,,,,,,,,,,
Spain_Primera_Division,2025-2026,Real Sociedad de Fútbol,9x5uo2wkxp9fk1arygbkl6u0a,L. Sučić,Midfielder,24,25,13,12,15,1,54,5,,113,,,1,72,40,32,119,66,3,15,1,9,9,,47,27,20,1,3,4,96,1,278,2,1,47,17,6,27,71,5,6,7,7,8,,,9,,10,18,222,131,99,212,3,4,,1,641,19,,,10,5,4,89,287,11,230,7,11,57,397,3,2,6,1,12,46,14,45,1,0,,5,2,1,2,1,2,,1,2,,,,2,,1,1,1,1,,,,,,,,,,,,,,,,,,,,,,,,,,,,,,
Spain_Primera_Division,2025-2026,Real Sociedad de Fútbol,xrh2szvp5808no7zm1et2zf9,H. Traoré,Defender,18,,,,,,,,,,,,,,,,,,,,,,,,,,,,,,,,,,,,,,,,,,,,,,,,,,,,,,,,,,,,,,,,,,,,,,,,,,,,,,,,,,,,,,,,,,,,,,,,,,,,,,,,,,,,,,,,,,,,,,,,,,,,,,,,,,,,
Spain_Primera_Division,2025-2026,Real Sociedad de Fútbol,et849xmcdgsy5itb8i4w7qkq2,Beñat Turrientes,Midfielder,8,15,7,8,20,1,97,3,4,116,1,1,1,127,57,70,129,116,10,20,3,11,11,,112,50,62,,6,6,117,,448,3,1,59,12,6,59,135,9,8,11,10,9,2,1,17,1,24,21,383,200,201,378,13,20,,,936,22,1,,20,20,13,116,465,13,399,33,16,66,646,6,4,9,4,12,55,17,54,5,0,,5,1,4,,,,,,,,,1,,,2,3,,,,,,,,,,,,,,,,,,,,,,,,,,,,,,,,
Spain_Primera_Division,2025-2026,Real Sociedad de Fútbol,7y8ns61qioqu7kfsqzkvkwhuy,Urko González de Zárate,Midfielder,15,33,15,18,29,,113,6,8,171,4,,2,208,105,103,156,237,15,29,1,35,29,6,175,90,85,3,23,9,197,,750,1,5,90,31,20,107,213,10,8,21,3,8,1,1,12,4,11,19,608,322,296,598,14,29,,,2005,25,,,45,32,31,212,760,9,617,43,9,143,1070,8,8,5,13,36,113,38,107,4,0,,1,2,,,,,,,,,,,,,,,,,,,,,,,1,,,,,,,,,,,,,,,,,,,,,,,
Spain_Primera_Division,2025-2026,Real Sociedad de Fútbol,a5sz66h4t5kg1umvtth785jis,Wesley,Forward,22,2,,2,3,,8,,,8,,,,5,2,3,17,6,1,3,,4,4,,3,2,1,1,,,2,,21,,1,4,2,,2,5,,,1,1,2,,,1,,,,15,13,2,15,,,,,64,1,,,1,2,,13,21,,15,,2,6,32,1,1,1,,,5,2,6,,0,,,,,,,,,,,,,,,,,,,,,,,,,,,,,,,,,,,,,,,,,,,,,,,,,
Spain_Primera_Division,2025-2026,Real Sociedad de Fútbol,6e4d1o09sl2ovlyyvhyd5xboq,A. Zakharyan,Midfielder,21,6,4,2,16,,34,6,,59,,,7,41,28,13,149,60,4,16,,11,11,,35,24,11,1,,9,23,4,181,,1,23,17,8,14,65,9,5,2,3,14,5,2,,,10,10,144,109,41,135,5,4,,6,391,12,2,,1,8,2,86,182,8,145,9,12,37,292,20,11,10,1,6,49,8,31,1,0,,3,2,11,,,,,,,,,3,2,,8,,,,,,,,,,,,,,,,,,,,,,,,,,,,,,,,,
Spain_Primera_Division,2025-2026,Real Sociedad de Fútbol,48gjuou5eashpj8wbwd18iju1,Igor Zubeldia,Defender,5,94,49,45,22,1,82,2,13,255,2,1,2,174,92,82,25,327,14,22,1,32,30,2,80,43,37,1,21,4,301,,980,,4,150,13,8,53,320,5,3,21,1,1,,,1,13,,34,854,255,645,866,14,18,,2,1899,4,1,2,139,34,5,142,1030,4,900,32,13,130,1309,,,3,35,67,103,27,63,8,0,,1,3,,,,,,,,,,,,,,,,,,,,,,,,,22,22,1,,,,,,,,,,,,,,,,,,,
Spain_Primera_Division,2025-2026,Real Sociedad de Fútbol,euur9yvhgrieu4kl0vdkh244q,O. Óskarsson,Forward,9,18,10,8,13,,13,,,13,,,5,36,21,15,37,9,5,13,,5,5,,18,11,7,,1,2,17,5,53,,,6,6,3,7,17,2,3,2,2,11,,,2,,4,1,32,23,12,34,1,3,,,310,3,1,,5,8,1,33,56,9,35,4,14,21,98,1,1,,,,17,5,21,2,0,,6,1,,4,4,4,,,,,3,,3,4,,3,4,0,1,,,,,,,,,,,,,,,,,,,,,,,,,,,,,
Spain_Primera_Division,2025-2026,Reial Club Deportiu Espanyol de Barcelona,b7bcouznm395r2z5g33ehiiac,Rafel Bauzà,Midfielder,28,,,,,,,,,,,,,,,,,,,,,,,,,,,,,,,,,,,,,,,,,,,,,,,,,,,,,,,,,,,,,,,,,,,,,,,,,,,,,,,,,,,,,,,,,,,,,,,,,,,,,,,,,,,,,,,,,,,,,,,,,,,,,,,,,,,,
Spain_Primera_Division,2025-2026,Reial Club Deportiu Espanyol de Barcelona,6810qbng9pfg1bztczv11grmd,L. Cabrera,Defender,6,128,47,81,29,,75,7,19,181,7,1,8,218,93,125,123,552,13,29,,44,37,7,90,46,44,,19,9,175,1,1160,,5,94,14,7,66,419,9,16,29,,,3,3,6,24,,87,938,354,639,903,14,18,3,4,2610,5,1,,168,26,7,266,1221,25,990,32,65,231,1582,14,14,1,52,127,190,55,104,2,1,,9,,,3,,3,,2,,1,,,4,,,,1,2,3,,,,,1,,,6,6,,,,,,,,,,,,,,,,,,,,
Spain_Primera_Division,2025-2026,Reial Club Deportiu Espanyol de Barcelona,2rqxh5mex336ci45jaw428y5l,Fernando Calero,Defender,5,63,35,28,21,,66,1,27,182,4,1,2,106,49,57,31,339,4,21,,24,18,6,43,14,29,,22,3,301,,915,,3,95,15,10,59,255,3,7,18,5,3,,,2,15,,57,812,166,689,798,8,14,,,1596,5,1,1,100,6,5,118,961,8,855,22,14,106,1199,1,1,4,25,67,70,37,39,3,0,,1,,,,,,,,,,,,4,,,,,,,,,,,,,,17,17,,,,,,,,,,,,,,,,,,,,
Spain_Primera_Division,2025-2026,Reial Club Deportiu Espanyol de Barcelona,59u1gn30f6bg5lr06zsglykq2,Jofre Carreras,Forward,17,10,7,3,22,,36,8,,111,,,11,101,55,46,187,52,4,22,,18,15,3,91,48,43,,5,12,60,2,177,4,2,76,14,4,34,29,12,7,8,8,14,8,8,15,,1,2,131,97,42,129,2,5,,1,790,29,2,,7,12,21,128,177,12,131,7,30,46,365,24,24,23,4,6,61,9,40,1,0,,5,1,,1,1,1,,,,,1,,,1,,,0,1,,,,,,,,,,,,,,,,,,,,,,,,,,,,,,
Spain_Primera_Division,2025-2026,Reial Club Deportiu Espanyol de Barcelona,bahph7009sc73jl6s2bramn6d,M. Dmitrović,Goalkeeper,13,5,,5,30,,,,,60,8,,,14,2,12,,610,,30,,44,37,7,9,2,7,,,1,92,,465,,5,15,1,,270,107,1,,30,,,,,,74,,170,287,136,307,273,1,2,,,2700,,,17,24,,4,375,809,,443,3,,366,1103,,,,205,365,322,44,1,,0,,,,,,,,,,,,,,,,,,,,,,,,,,,,209,185,1,,32,1,91,6,5,,9,102,67,34,,2,30,,,,,
Spain_Primera_Division,2025-2026,Reial Club Deportiu Espanyol de Barcelona,bce703taa20nxg814t2giuei,T. Dolan,Forward,24,29,19,10,29,4,162,11,,300,,,21,259,130,129,484,112,11,29,4,32,28,4,230,111,119,6,16,22,143,5,480,9,4,179,38,26,82,67,26,9,23,20,6,22,20,29,1,10,3,402,296,131,402,18,31,,1,1992,71,6,,10,30,41,305,484,18,405,49,67,79,993,68,61,43,4,8,127,20,71,4,0,,9,2,7,1,1,1,,,,,1,1,2,1,5,,1,0,,,,1,1,2,,,,,,,,,,,,,,,,,,,,,,,,
Spain_Primera_Division,2025-2026,Reial Club Deportiu Espanyol de Barcelona,7h0b81yjiiu356rycsakgd0yc,O. El Hilali,Defender,23,45,26,19,28,2,137,,10,177,6,1,4,183,81,102,211,446,14,28,2,36,30,6,138,55,83,2,29,11,360,1,975,1,3,94,33,19,75,59,13,1,25,6,3,15,15,6,12,1,46,790,365,467,771,14,43,31,183,2187,4,3,,65,34,21,273,1002,1,817,57,10,185,1548,29,29,1,53,85,151,63,100,6,0,1,,,,,,,,,,,,,,,,,,,,,,,,,,,,,1,,,,,,,,,,,,,,,,,,,
Spain_Primera_Division,2025-2026,Reial Club Deportiu Espanyol de Barcelona,8qvqdjw1d58mw7420lpmk7bah,Edu Expósito,Midfielder,8,34,20,14,28,5,122,9,2,209,,1,16,204,96,108,498,315,10,28,6,29,24,5,170,76,94,,17,59,155,2,731,1,2,116,18,3,85,195,65,14,24,18,4,53,13,23,5,24,48,578,443,218,560,16,22,,6,1909,38,9,1,23,19,33,406,787,23,608,38,29,179,1292,156,66,7,20,66,311,24,113,6,0,,9,12,100,1,,,1,,1,,,27,3,,67,2,0,1,,,,,,,1,2,,,,,,,,,,,,,,,,,,,,,,
Spain_Primera_Division,2025-2026,Reial Club Deportiu Espanyol de Barcelona,873paaox40ezjs8jtwduxmgic,Ferrán Gómez,Midfielder,28,,,,,,,,,,,,,,,,,,,,,,,,,,,,,,,,,,,,,,,,,,,,,,,,,,,,,,,,,,,,,,,,,,,,,,,,,,,,,,,,,,,,,,,,,,,,,,,,,,,,,,,,,,,,,,,,,,,,,,,,,,,,,,,,,,,,
Spain_Primera_Division,2025-2026,Reial Club Deportiu Espanyol de Barcelona,1wylybleussatoxg8u6reao2y,Ángel Fortuño,Goalkeeper,1,,,,,,,,,,,,,,,,,,,,,,,,,,,,,,,,,,,,,,,,,,,,,,,,,,,,,,,,,,,,,,,,,,,,,,,,,,,,,,,,,,,,,,,,,,,,,,,,,,,,,,,,,,,,,,,,,,,,,,,,,,,,,,,,,,,,
Spain_Primera_Division,2025-2026,Reial Club Deportiu Espanyol de Barcelona,4l2rgx65vzgrrxorbc1edq8yd,Kike García,Forward,19,142,68,74,29,1,97,7,1,64,,,10,254,128,126,296,56,8,29,1,21,18,3,112,60,52,4,5,18,77,21,296,1,2,30,27,10,40,85,19,19,13,9,16,1,1,9,,27,7,188,143,65,200,4,6,,1,1364,30,4,,17,27,34,203,315,40,207,10,95,108,595,14,14,12,2,9,108,14,99,3,3,,21,2,,6,4,6,,,1,,4,,9,3,,7,3,3,1,1,1,,,,,,,,,,,,,,,,,,,,,,,,,,,
Spain_Primera_Division,2025-2026,Reial Club Deportiu Espanyol de Barcelona,5240u8emo4o2ma2oqva237cic,Javi Hernández,Midfielder,27,,,,,,,,,,,,,,,,,,,,,,,,,,,,,,,,,,,,,,,,,,,,,,,,,,,,,,,,,,,,,,,,,,,,,,,,,,,,,,,,,,,,,,,,,,,,,,,,,,,,,,,,,,,,,,,,,,,,,,,,,,,,,,,,,,,,
Spain_Primera_Division,2025-2026,Reial Club Deportiu Espanyol de Barcelona,ch1bilea3jhwexlcdin0llyc4,Roger Hinojo,Defender,31,,,,,,,,,,,,,,,,,,,,,,,,,,,,,,,,,,,,,,,,,,,,,,,,,,,,,,,,,,,,,,,,,,,,,,,,,,,,,,,,,,,,,,,,,,,,,,,,,,,,,,,,,,,,,,,,,,,,,,,,,,,,,,,,,,,,
Spain_Primera_Division,2025-2026,Reial Club Deportiu Espanyol de Barcelona,91x4l2dib1ys8n9h4ujze6tqs,José Ángel,Defender,26,,,,,,,,,,,,,,,,,,,,,,,,,,,,,,,,,,,,,,,,,,,,,,,,,,,,,,,,,,,,,,,,,,,,,,,,,,,,,,,,,,,,,,,,,,,,,,,,,,,,,,,,,,,,,,,,,,,,,,,,,,,,,,,,,,,,
Spain_Primera_Division,2025-2026,Reial Club Deportiu Espanyol de Barcelona,4ho3e7wi6z5tq8g87l8tjtwtm,L. Koleosho,Forward,16,1,1,,3,,8,1,,19,,,,13,8,5,26,6,,3,,,,,12,7,5,,1,1,4,,23,1,,12,1,1,9,6,1,,,,3,,,4,,,1,22,13,10,22,,1,,2,60,4,,,1,3,,17,24,,23,1,1,1,54,5,4,3,,,6,,1,,0,,,,2,,,,,,,,,,,,1,,,,,,,,,,,,,,,,,,,,,,,,,,,,,,,,,
Spain_Primera_Division,2025-2026,Reial Club Deportiu Espanyol de Barcelona,9hclph5nwm1w2k4xj24i1yxas,Llorenç Serred,Goalkeeper,31,,,,,,,,,,,,,,,,,,,,,,,,,,,,,,,,,,,,,,,,,,,,,,,,,,,,,,,,,,,,,,,,,,,,,,,,,,,,,,,,,,,,,,,,,,,,,,,,,,,,,,,,,,,,,,,,,,,,,,,,,,,,,,,,,,,,
Spain_Primera_Division,2025-2026,Reial Club Deportiu Espanyol de Barcelona,74wjzeja92l4q8fpy1bkmcsfd,Pol Lozano,Midfielder,10,25,17,8,27,1,131,8,5,171,5,,3,179,111,68,198,264,26,27,1,32,27,5,154,94,60,3,20,20,189,,809,,2,66,28,16,72,250,21,3,24,15,3,5,4,3,1,17,33,710,422,315,699,16,16,,6,1891,20,,,19,53,25,161,834,7,732,32,6,102,1075,20,13,7,5,21,98,24,81,7,0,1,4,4,6,1,,,1,,,,1,,,,5,,1,0,,,,,,,,1,,,,,,,,,,,,,,,,,,,,,,
Spain_Primera_Division,2025-2026,Reial Club Deportiu Espanyol de Barcelona,1ore4ght7ls393tcpbmah9dcl,Pere Milla,Midfielder,11,47,26,21,26,,107,9,3,108,,,14,186,104,82,295,121,7,26,,19,18,1,139,78,61,1,13,30,100,9,415,1,2,71,51,23,58,114,30,25,21,19,5,5,1,7,2,20,19,299,202,128,306,11,17,1,1,1644,33,4,,12,20,29,213,442,44,325,28,63,117,755,24,18,10,6,17,117,24,100,5,2,,19,6,8,6,6,6,,,3,,,4,6,5,4,4,3,3,3,,,,1,,,7,,,,1,,,,,,,,,,,,,,,,,,
Spain_Primera_Division,2025-2026,Reial Club Deportiu Espanyol de Barcelona,a9z0jsjwfteq974bxwucvc4ix,C. Ngonge,Forward,16,11,4,7,6,2,24,,,47,,,3,48,24,24,90,27,1,6,2,5,5,,37,20,17,,3,3,39,2,94,4,,22,2,2,18,5,5,6,4,4,2,4,2,5,1,2,5,71,49,27,67,1,3,,3,292,14,2,,2,6,8,60,95,8,72,4,7,23,177,14,7,8,,4,35,2,19,2,0,,2,1,9,,,,,1,,,,2,1,,6,,,,,,,,,,,1,,,,,,,,,,,,,,,,,,,,,,
Spain_Primera_Division,2025-2026,Reial Club Deportiu Espanyol de Barcelona,a8ez7qv4n62b8s45pdo8u07o5,C. Pickel,Midfielder,18,28,15,13,17,,44,3,2,30,1,,2,66,38,28,64,58,5,17,,6,6,,38,23,15,,4,2,49,,187,,2,10,9,6,23,42,2,2,4,2,13,,,4,,7,4,150,81,75,152,6,4,,3,544,7,,,9,11,1,50,193,5,156,10,8,37,267,2,2,1,3,4,26,13,33,1,0,,3,,,1,1,1,,,1,,,,1,1,,,0,1,,,,1,2,,,,,,,1,,,,,,,,,,,,,,,,,,
Spain_Primera_Division,2025-2026,Reial Club Deportiu Espanyol de Barcelona,e5qp6dh1prc55llew51zpy1gp,Javi Puado,Forward,7,13,11,2,10,,67,,1,79,,,2,56,39,17,150,40,,10,,13,9,4,43,28,15,1,3,10,23,,194,2,1,44,6,4,33,69,10,6,8,6,2,5,5,5,,16,6,162,110,62,161,2,2,,6,678,14,2,,3,11,6,77,199,15,167,4,25,32,311,15,15,9,1,3,42,5,29,2,0,,9,,1,2,,2,,,,,1,,6,2,,,1,1,1,2,1,,,,,,,,,,,,,,,,,,,,,,,,,,,
Spain_Primera_Division,2025-2026,Reial Club Deportiu Espanyol de Barcelona,anvi2mtr32u5z2bqmz8tn0e3u,Pablo Ramón,Defender,4,,,,,,,,,,,,,,,,,,,,,,,,,,,,,,,,,,,,,,,,,,,,,,,,,,,,,,,,,,,,,,,,,,,,,,,,,,,,,,,,,,,,,,,,,,,,,,,,,,,,,,,,,,,,,,,,,,,,,,,,,,,,,,,,,,,,
Spain_Primera_Division,2025-2026,Reial Club Deportiu Espanyol de Barcelona,53bjqee7oomr7czgfmm1mcy96,C. Riedel,Defender,38,47,19,28,17,,52,1,5,128,3,,,108,48,60,38,196,5,17,1,20,18,2,61,29,32,,10,2,264,2,636,,1,58,7,4,49,156,3,1,14,5,3,1,1,1,10,,39,560,146,446,552,14,12,6,8,1205,2,,,79,22,6,92,668,2,591,26,5,77,848,1,1,,22,45,58,20,32,5,0,,1,,,,,,,,,,,,,,,,,,,,,,,,,,10,10,1,,,,,,,,,,,,,,,,,,,
Spain_Primera_Division,2025-2026,Reial Club Deportiu Espanyol de Barcelona,5fqvl0m1rkzhj9tmafrcxur6c,Roberto Fernández,Forward,9,147,101,46,30,2,88,12,3,71,4,,10,271,177,94,283,47,10,30,2,29,24,5,124,76,48,6,5,14,63,6,263,2,5,42,30,16,52,83,16,16,20,10,10,1,1,8,,39,1,177,124,72,194,5,3,,1,1910,43,6,,21,31,35,196,281,36,195,8,84,86,592,7,7,14,,1,77,16,85,3,2,,20,1,,6,3,5,1,1,,,3,,5,4,,10,5,1,3,1,1,,,1,,,,,,,,,,,,,,,,,,,,,,,,
Spain_Primera_Division,2025-2026,Reial Club Deportiu Espanyol de Barcelona,1am59svvwz5idpdjq307dd5hw,Antoniu Roca,Forward,20,7,6,1,8,,9,3,,15,,,3,30,17,13,31,11,4,8,,3,3,,23,11,12,,,2,5,,31,,1,10,4,1,6,6,2,,1,1,7,2,2,5,,,,23,19,6,23,2,2,,1,108,6,,,,5,3,17,31,,23,4,3,8,62,1,1,4,1,1,8,1,7,1,0,,,,,,,,,,,,,,,,,,,,,,,,,,,,,,,,,,,,,,,,,,,,,,,,,
Spain_Primera_Division,2025-2026,Reial Club Deportiu Espanyol de Barcelona,5djkwcoflvxcv5oida6txfyp6,Carlos Romero,Defender,22,28,16,12,28,2,133,11,9,319,7,,20,266,130,136,470,275,14,28,2,38,32,6,238,114,124,6,31,19,38,,778,5,5,186,52,21,139,339,21,10,28,3,,15,14,33,6,4,36,614,345,290,584,31,48,42,184,2490,54,5,,56,38,13,373,785,18,620,79,44,165,1517,63,62,31,20,35,168,60,130,4,2,1,8,,1,5,4,4,1,,5,,,1,2,1,,1,2,3,,,,,,,,,,,,,,,,,,,,,,,,,,,,,,
Spain_Primera_Division,2025-2026,Reial Club Deportiu Espanyol de Barcelona,6x42rn7aburucovfe7mke9ld6,Miguel Rubio,Defender,15,22,8,14,11,,2,,5,10,,,1,29,9,20,10,34,1,11,,5,4,1,7,1,6,,1,,19,,69,,1,5,2,2,7,18,,1,1,,10,,,1,1,,2,52,12,44,54,3,1,,,197,,,,29,1,1,19,73,2,56,4,7,17,125,,,,2,4,13,4,13,,0,,1,,,1,,1,,,,,1,,,1,,,1,0,,,,,,,,,3,3,,,,,,,,,,,,,,,,,,,,
Spain_Primera_Division,2025-2026,Reial Club Deportiu Espanyol de Barcelona,3ghychnf02zs5pmw2s0ds3p7u,José Salinas,Defender,12,6,3,3,10,,37,,2,30,,,1,25,13,12,47,29,2,10,,7,6,1,19,10,9,,2,4,5,,105,,,20,6,2,9,37,4,,2,,8,1,1,3,,,,89,44,49,92,,2,6,11,234,1,,,5,8,4,32,108,,92,2,1,16,164,6,6,,4,5,16,6,11,2,0,,,,,,,,,,,1,,,,,,,,,,,,,,,,,,,,,,,,,,,,,,,,,,,,,,
Spain_Primera_Division,2025-2026,Reial Club Deportiu Espanyol de Barcelona,4ypoy27moehhbiaf3o1bntht6,Rubén Sánchez,Defender,2,21,12,9,15,1,25,,4,88,1,,3,66,30,36,93,111,4,15,1,6,6,,45,18,27,1,9,5,84,,229,1,2,74,8,3,36,14,6,4,4,2,11,7,7,13,3,,13,174,105,81,166,,6,19,44,496,7,2,,17,5,9,107,234,4,179,6,2,55,418,16,16,4,11,25,58,13,30,2,0,2,,1,,,,,,,,,,,,,,,,,,,,,,,,,,,,,,,,,,,,,,,,,,,,,,
Spain_Primera_Division,2025-2026,Reial Club Deportiu Espanyol de Barcelona,20ebw399jhbq0i5x2eacrrs6i,Ramon Terrats,Midfielder,14,22,14,8,22,1,44,1,4,58,,,3,111,60,51,165,54,6,22,1,15,11,4,89,46,43,,9,8,58,1,187,,2,32,24,18,27,43,9,5,8,8,14,5,2,7,,9,8,142,110,48,145,11,8,,,724,31,3,,4,10,17,117,199,8,153,19,14,46,390,15,11,14,1,7,56,5,39,,0,,3,1,6,1,,1,,1,1,,,2,,1,3,2,0,1,,,,,,,,1,,,,,,,,,,,,,,,,,,,,,,
Spain_Primera_Division,2025-2026,Reial Club Deportiu Espanyol de Barcelona,13zzbc9ls6xe542w568189z4k,A. Timera,Forward,27,,,,,,,,,,,,,,,,,,,,,,,,,,,,,,,,,,,,,,,,,,,,,,,,,,,,,,,,,,,,,,,,,,,,,,,,,,,,,,,,,,,,,,,,,,,,,,,,,,,,,,,,,,,,,,,,,,,,,,,,,,,,,,,,,,,,
Spain_Primera_Division,2025-2026,Reial Club Deportiu Espanyol de Barcelona,3qdlqw5d6ra7th109n0g3rnfu,Pol Tristán,Goalkeeper,30,,,,,,,,,,,,,,,,,,,,,,,,,,,,,,,,,,,,,,,,,,,,,,,,,,,,,,,,,,,,,,,,,,,,,,,,,,,,,,,,,,,,,,,,,,,,,,,,,,,,,,,,,,,,,,,,,,,,,,,,,,,,,,,,,,,,
Spain_Primera_Division,2025-2026,Reial Club Deportiu Espanyol de Barcelona,7y8ns61qioqu7kfsqzkvkwhuy,Urko González de Zárate,Midfielder,4,33,15,18,29,,113,6,8,171,4,,2,208,105,103,156,237,15,29,1,35,29,6,175,90,85,3,23,9,197,,750,1,5,90,31,20,107,213,10,8,21,3,8,1,1,12,4,11,19,608,322,296,598,14,29,,,2005,25,,,45,32,31,212,760,9,617,43,9,143,1070,8,8,5,13,36,113,38,107,4,0,,1,2,,,,,,,,,,,,,,,,,,,,,,,1,,,,,,,,,,,,,,,,,,,,,,,
Spain_Primera_Division,2025-2026,Sevilla FC,6mf11pv0pfvyl9vom1i1pi0yy,A. Adams,Forward,9,109,61,48,25,2,75,11,3,94,2,,20,201,127,74,278,66,7,25,3,33,28,5,92,66,26,1,,6,70,37,271,4,4,64,28,12,43,78,9,16,17,5,8,1,1,12,,16,4,170,115,73,183,3,2,,,1660,39,1,,19,26,9,206,289,42,187,5,89,102,539,13,13,9,5,12,96,19,90,1,3,,26,1,,7,5,7,,,1,,5,,9,7,,3,4,3,1,2,2,,,,,,,,,,,,,,,,,,,,,,,,,,,
Spain_Primera_Division,2025-2026,Sevilla FC,c8mp2wwwyvy930vfjnivg2hre,L. Agoumé,Midfielder,18,76,31,45,26,1,147,4,4,204,1,,9,221,112,109,308,387,20,26,2,39,33,6,145,81,64,2,34,18,248,6,1027,,7,110,36,17,100,266,20,6,24,9,2,3,3,8,6,13,53,828,473,378,795,15,29,1,4,2063,26,6,,31,44,12,288,1048,8,848,44,38,200,1340,14,14,7,24,58,167,47,142,10,0,,2,7,1,1,1,,1,,1,,,,,,,1,0,1,,,,,,,1,,,,,,,,,,,,,,,,,,,,,,,
Spain_Primera_Division,2025-2026,Sevilla FC,5z9khdks9ipxbo4ep2e8t72ms,Edu Altozano,Midfielder,39,,,,,,,,,,,,,,,,,,,,,,,,,,,,,,,,,,,,,,,,,,,,,,,,,,,,,,,,,,,,,,,,,,,,,,,,,,,,,,,,,,,,,,,,,,,,,,,,,,,,,,,,,,,,,,,,,,,,,,,,,,,,,,,,,,,,
Spain_Primera_Division,2025-2026,Sevilla FC,bvw1jgmhfyc896gfi6uj0skwl,César Azpilicueta,Defender,3,33,13,20,15,1,57,,9,112,2,,,102,49,53,78,245,14,15,1,13,10,3,69,36,33,,22,1,222,1,581,,1,70,13,8,37,84,2,1,15,7,,4,4,1,2,,28,510,184,354,506,8,17,29,42,1038,5,1,,37,22,8,122,608,1,534,25,3,74,833,7,7,3,14,30,61,20,44,4,0,,,,,,,,,1,,,,,,,,,,,,,,,,,,,,,1,,,,,,,,,,,,,,,,,,,
Spain_Primera_Division,2025-2026,Sevilla FC,35i9zcb2szve0ydjga9qnj384,Manu Bueno,Midfielder,28,1,,1,6,,17,,,10,,,,8,3,5,16,11,2,6,,,,,7,3,4,,,2,19,,62,,,6,3,3,4,16,2,1,,,6,1,1,,1,2,3,55,26,31,53,2,1,,,135,,,,3,2,1,12,63,1,56,3,2,7,84,,,,2,2,5,2,5,1,0,,,2,,,,,,,,,,,,,,,,,,,,,,,,,,,,,,,,,,,,,,,,,,,,,,
Spain_Primera_Division,2025-2026,Sevilla FC,6jq376l673aizjxxhhos2j52i,José Ángel Carmona,Defender,2,51,13,38,28,3,171,6,7,257,4,,12,265,120,145,320,334,23,28,3,39,36,3,214,107,107,2,32,11,313,1,927,2,8,154,41,21,114,136,14,8,23,6,5,5,5,15,8,3,39,758,340,448,744,20,35,57,136,2045,30,3,,64,40,38,318,954,11,783,55,24,171,1546,22,21,20,10,41,135,58,130,10,0,2,3,2,1,1,1,1,,,,,1,,1,,1,1,1,0,,,,,,,,,,,,,,,,,,,,,,,,,,,,,,
Spain_Primera_Division,2025-2026,Sevilla FC,bofeh3blk8nn3ml0pjwuig4r8,Andrés Castrín,Defender,32,30,14,16,12,,42,1,9,110,2,,1,77,33,44,18,138,4,12,,9,5,4,47,19,28,,11,1,164,,471,,1,59,6,4,40,141,1,3,7,2,5,,,3,6,,32,411,114,311,393,8,9,,2,731,4,,,50,8,8,68,485,4,425,17,7,60,615,,,2,15,29,42,18,31,3,0,,1,,,,,,,,,,,,,,,,,,,,,,,,,,,,1,,,,,,,,,,,,,,,,,,,
Spain_Primera_Division,2025-2026,Sevilla FC,21jhozm4ed5mxstnymei41wd0,Álex Costa,Forward,26,,,,,,,,,,,,,,,,,,,,,,,,,,,,,,,,,,,,,,,,,,,,,,,,,,,,,,,,,,,,,,,,,,,,,,,,,,,,,,,,,,,,,,,,,,,,,,,,,,,,,,,,,,,,,,,,,,,,,,,,,,,,,,,,,,,,
Spain_Primera_Division,2025-2026,Sevilla FC,6ufkq71qh9wrfyaez5yi94e09,C. Ejuke,Forward,21,10,6,4,22,1,85,8,1,172,,,12,127,53,74,234,57,,22,1,13,10,3,117,47,70,1,4,8,59,2,272,7,,88,13,3,39,72,9,7,4,4,18,2,2,45,1,7,12,230,150,83,219,4,9,,2,688,44,1,,3,3,12,131,273,9,231,13,34,42,494,15,14,29,2,7,46,11,35,,0,,2,2,1,1,1,1,,,,,1,,1,1,1,1,1,0,,,,,,,,,,,,,,,,,,,,,,,,,,,,,,
Spain_Primera_Division,2025-2026,Sevilla FC,944mc5icxdleh4kvaamvpa9zo,Alberto Flores,Goalkeeper,31,,,,,,,,,,,,,,,,,,,,,,,,,,,,,,,,,,,,,,,,,,,,,,,,,,,,,,,,,,,,,,,,,,,,,,,,,,,,,,,,,,1,0,,,,,,,,,,,,,,,,,,,,,,,,,,,,,,,,,,,,,,,,,,,,,,,,,
Spain_Primera_Division,2025-2026,Sevilla FC,3enoici51osego5k1w41fuaqd,Fábio Cardoso,Defender,15,14,7,7,4,,14,,1,16,1,,1,29,16,13,4,43,3,4,,5,5,,15,9,6,1,3,,51,,139,,2,7,2,1,8,33,,,4,3,,,,,2,,10,129,24,107,121,2,3,,,298,,,,22,9,1,12,141,,131,5,3,10,179,,,,6,7,7,3,3,,0,1,,,,,,,,,,,,,,,,,,,,,,,,,,,,,,,,,,,,,,,,,,,,,,,,
Spain_Primera_Division,2025-2026,Sevilla FC,8wwn9qai1bpesujve04sb225m,F. Gattoni,Defender,22,1,,1,1,,,,,,,,,1,,1,,1,,1,,,,,,,,,,,,,1,,,,,,,,,,,,1,,,,,,,1,1,,1,,,,,9,,,,2,,,1,1,,1,,,,4,,,,,,,,,,0,,,,,,,,,,,,,,,,,,,,,,,,,,,,,,,,,,,,,,,,,,,,,,,,,
Spain_Primera_Division,2025-2026,Sevilla FC,7lo14fnq32yyyqql6jws5w3xl,Alfon González,Forward,17,5,3,2,14,,22,4,,34,1,,2,48,33,15,102,21,,14,,8,7,1,43,30,13,,1,6,9,1,83,1,1,17,2,1,13,31,6,,4,3,10,2,2,6,,3,,68,53,17,68,1,,1,4,367,22,,,4,5,6,53,83,7,68,1,23,15,171,2,2,12,,3,14,3,12,,1,,7,,,1,1,1,,,,,1,,1,,,,0,1,,,,,,,,,,,,,,,,,,,,,,,,,,,,,,
Spain_Primera_Division,2025-2026,Sevilla FC,6vvwhgic29fekmmj2cg62ytp1,N. Gudelj,Midfielder,6,58,20,38,26,,77,5,17,165,3,,3,157,75,82,94,233,12,26,,36,31,5,99,55,44,1,19,5,345,,941,1,7,68,16,10,68,316,5,10,21,4,5,1,1,4,6,10,45,847,260,613,827,9,22,,3,1950,12,,,113,33,9,131,971,15,872,31,8,99,1269,5,3,6,25,45,75,29,54,7,0,,5,1,1,1,,,1,,1,,,,,,1,,0,1,,,,,,,,5,2,4,1,,,,2,,,,,,,,,,,,,,,
Spain_Primera_Division,2025-2026,Sevilla FC,370bp4zp3mxe27rtx3gwhcems,S. Idumbo,Midfielder,27,1,1,,1,,1,1,,7,,,,4,3,1,8,4,,1,,2,2,,3,2,1,,,1,1,,11,1,1,5,,,3,5,1,,1,1,,,,,,,,7,6,1,7,1,,,,45,1,,,,,,7,11,,7,1,2,4,18,,,1,,1,,4,3,,0,,,,,,,,,,,,,,,,,,,,,,,,,,,,,,,,,,,,,,,,,,,,,,,,,
Spain_Primera_Division,2025-2026,Sevilla FC,7atmb373dynu9s9gnl613ox5h,A. Januzaj,Midfielder,24,,,,12,,33,5,,73,,,2,48,24,24,135,33,3,12,,8,8,,48,24,24,,1,11,51,1,120,1,2,29,5,2,20,12,11,2,2,2,10,8,5,8,,2,15,105,83,38,98,2,4,,2,315,15,,,3,8,10,76,129,2,113,6,8,16,239,22,13,11,1,7,37,1,9,1,0,1,,,16,,,,,,,,,3,,,7,,,,,,,,,,,,,,,,,,,,,,,,,,,,,,,,,
Spain_Primera_Division,2025-2026,Sevilla FC,8ycvfctf7c3yljnbtltsogkph,Joan Jordán,Midfielder,8,2,2,,3,,2,,,2,,,,7,7,,9,11,2,3,,1,1,,5,5,,,,,6,,25,,,1,1,,3,8,,,,,3,,,,,,,20,11,10,21,,,,,22,,,,6,4,,8,27,,21,,,6,38,,,,1,3,5,1,3,1,0,,,,,,,,,,,,,,,,,,,,,,,,1,,,,,,,1,,,,,,,,,,,,,,,,,,
Spain_Primera_Division,2025-2026,Sevilla FC,9wkgiysvu2t14klwkwmi5f28k,L. Luchino,Goalkeeper,40,,,,,,,,,,,,,,,,,,,,,,,,,,,,,,,,,,,,,,,,,,,,,,,,,,,,,,,,,,,,,,,,,,,,,,,,,,,,,,,,,,,,,,,,,,,,,,,,,,,,,,,,,,,,,,,,,,,,,,,,,,,,,,,,,,,,
Spain_Primera_Division,2025-2026,Sevilla FC,5cw4n6kdaa7imeyaiuo2pnq39,D. Lukébakio,Forward,10,,,,2,,17,,,25,,,1,11,7,4,54,11,,2,,5,3,2,11,7,4,1,1,9,40,,71,,1,9,4,2,3,4,9,1,2,,,5,4,1,,8,5,61,49,18,57,,,,1,180,4,1,,,3,3,30,72,2,62,,8,10,109,5,1,2,1,2,13,2,8,,0,,1,1,2,1,1,,1,1,1,,,,,,2,1,0,1,,,,,,,,,,,,,,,,,,,,,,,,,,,,,,
Spain_Primera_Division,2025-2026,Sevilla FC,1ghrcpi1cl0koh36puwblbfmd,Marcão,Defender,23,51,24,27,13,,25,4,5,150,2,,,111,49,62,27,184,11,13,,15,13,2,60,25,35,1,5,,90,1,453,1,3,81,10,7,32,167,,4,11,1,2,,,1,2,,26,395,115,292,381,8,5,,,937,,,,59,22,21,70,466,6,407,13,17,59,610,1,1,,17,32,43,17,27,2,0,1,2,1,,,,,,,,,,,1,,,,,,,,,1,1,,,,2,2,,,,,,,,,,,,,,,,,,,,
Spain_Primera_Division,2025-2026,Sevilla FC,4kgjbmlzo6ygdccbue3zvjm96,Ramón Martínez,Defender,22,2,1,1,2,,5,,,10,,,,6,4,2,,25,,2,,3,3,,4,3,1,,1,,22,,62,,,5,,,3,12,,,,,2,,,,2,,7,55,17,40,50,,,,,100,1,,,2,1,1,9,64,,57,,,7,72,,,,2,3,6,1,4,,0,,,,,,,,,,,,,,,,,,,,,,,,,,,,,,,,,,,,,,,,,,,,,,,,,
Spain_Primera_Division,2025-2026,Sevilla FC,xu7mykgl15kaib3olilmsez9,N. Maupay,Forward,17,12,7,5,6,,32,1,1,24,,,1,37,21,16,63,18,1,6,,9,8,1,25,14,11,1,1,3,20,,79,,1,12,7,4,11,24,3,2,5,3,1,,,2,,8,7,58,47,26,66,1,1,,1,454,8,,,1,5,7,43,94,3,73,2,9,21,150,2,2,3,,,19,4,21,1,0,,1,,,1,1,1,,,,,1,,1,,,1,0,1,,,,,,,,,,,,,,,,,,,,,,,,,,,,,,
Spain_Primera_Division,2025-2026,Sevilla FC,boa0e436nc3u53cumlao9ulex,B. Mendy,Midfielder,19,26,10,16,24,,130,7,5,143,2,,3,169,84,85,163,181,16,24,,24,22,2,143,74,69,,18,9,146,,631,,3,60,22,16,92,191,9,5,19,9,5,1,1,10,5,18,34,545,255,307,527,12,22,,,1591,25,,,22,35,26,141,648,10,561,34,15,87,892,4,4,7,10,24,58,33,63,6,0,,5,2,,1,1,1,,1,1,,,,,1,,1,1,0,,,,,,,,,,,,,,,,,,,,,,,,,,,,,,
Spain_Primera_Division,2025-2026,Sevilla FC,2lwjtphx3bkjty9sds520l1ey,T. Nianzou,Defender,5,30,7,23,12,,25,3,1,75,1,,1,75,30,45,17,106,8,12,,15,14,1,45,23,22,,4,2,112,,307,,5,38,5,4,18,76,2,6,8,6,4,,,2,2,,27,273,76,206,255,6,8,,,648,7,,,50,15,6,53,319,6,282,14,10,37,437,,,3,7,19,29,8,18,5,0,1,,,,,,,,,,,,,,,,,,,,,,,1,,,,,,,1,,,,,,,,,,,,,,,,,,
Spain_Primera_Division,2025-2026,Sevilla FC,cfc7fqq748bz3nklfam2a2fp,Ø. Nyland,Goalkeeper,13,1,,1,4,,,,,23,1,,,1,,1,,61,,4,,7,4,3,,,,,,,37,,86,,1,6,,,29,19,,,4,,,,,,8,,21,68,11,68,58,,,,,360,,,3,5,,,39,117,,79,,,38,145,,,,22,38,31,7,,1,0,,,,,,,,,,,,,,,,,,,,,,,,,,,,19,16,,,,,10,,1,,,9,5,4,,,1,,,,,
Spain_Primera_Division,2025-2026,Sevilla FC,1ss9ousy2ptqszwzhnrx4nfh0,Iker Ortín,Defender,41,,,,,,,,,,,,,,,,,,,,,,,,,,,,,,,,,,,,,,,,,,,,,,,,,,,,,,,,,,,,,,,,,,,,,,,,,,,,,,,,,,,,,,,,,,,,,,,,,,,,,,,,,,,,,,,,,,,,,,,,,,,,,,,,,,,,
Spain_Primera_Division,2025-2026,Sevilla FC,6bj5k49arillmrgqk04bxvx1w,Oso,Defender,36,24,14,10,13,2,77,3,2,103,1,,9,89,44,45,219,110,1,13,3,14,13,1,65,30,35,1,4,12,16,4,284,1,4,67,19,7,36,91,15,3,8,2,5,13,7,10,2,1,14,211,142,90,205,3,13,14,45,870,14,3,,9,8,9,170,294,7,219,16,27,75,528,46,23,5,5,13,102,19,62,1,0,1,4,1,23,1,1,1,,2,,,1,5,1,1,17,,0,1,,,,,,,,1,,,,,,,,,,,,,,,,,,,,,,
Spain_Primera_Division,2025-2026,Sevilla FC,8rprxly1blrhq9cwhfqoheeax,Adrià Pedrosa,Defender,3,20,13,7,21,,89,4,1,77,,,6,112,62,50,208,105,8,21,1,24,20,4,92,49,43,,10,20,74,1,346,1,4,37,25,10,33,91,21,3,6,3,15,14,11,5,1,1,8,292,180,138,296,16,14,5,53,867,22,3,,31,17,8,137,359,6,304,30,24,55,636,30,24,18,13,17,64,21,38,4,0,,3,2,5,1,1,1,,,1,,,1,1,1,3,,0,1,,,,,,,,,1,1,,,,,,,,,,,,,,,,,,,,
Spain_Primera_Division,2025-2026,Sevilla FC,42laa1qwbzlcruyrmlg5o1fu2,Peque Fernández,Forward,14,29,14,15,21,1,65,4,,113,,,4,155,73,82,181,96,6,21,1,12,11,1,126,59,67,2,1,14,71,1,309,2,3,66,17,9,34,98,15,4,11,10,10,4,,14,2,11,16,249,184,87,251,4,6,,,871,39,,,2,12,43,146,330,10,267,10,28,63,534,23,4,25,1,8,76,10,55,7,0,,6,6,20,2,2,2,,1,,,2,4,,,12,,2,0,,,,,,,,,,,,,,,,,,,,,,,,,,,,,,
Spain_Primera_Division,2025-2026,Sevilla FC,45rxt159xjefvxlfgeykclw8a,Isaac Romero,Forward,7,45,28,17,22,,85,5,,78,,,7,164,110,54,228,45,15,22,,17,16,1,119,82,37,,3,10,65,4,220,1,3,33,24,12,40,42,10,13,12,11,10,,,8,,17,12,153,96,74,158,6,6,,,1095,54,2,,13,20,18,186,237,26,170,12,61,67,496,5,5,26,2,3,60,12,64,4,1,,13,3,,4,3,3,1,2,2,,2,,7,2,,4,2,2,,1,,,1,1,,,,,,1,,,,,,,,,,,,,,,,,,
Spain_Primera_Division,2025-2026,Sevilla FC,3noti1swv9wrvtpkm63rzcbv8,Rafa Romero,Goalkeeper,33,,,,,,,,,,,,,,,,,,,,,,,,,,,,,,,,,,,,,,,,,,,,,,,,,,,,,,,,,,,,,,,,,,,,,,,,,,,,,,,,,,,,,,,,,,,,,,,,,,,,,,,,,,,,,,,,,,,,,,,,,,,,,,,,,,,,
Spain_Primera_Division,2025-2026,Sevilla FC,9nwkxgbl8t933pzu60ye4xxxw,Kike Salas,Defender,4,98,26,72,18,,77,3,11,203,2,,2,193,69,124,95,448,13,18,,28,24,4,95,43,52,,30,5,173,1,1011,,3,116,30,15,77,333,5,2,16,1,2,2,2,7,5,,49,816,291,545,785,17,21,9,12,1483,10,,1,119,25,11,240,1031,8,834,38,22,197,1362,6,6,5,39,109,146,57,88,1,0,,6,,,1,1,,1,,1,,,,,,,,1,0,,,,,,1,,,,,2,,,,,,,,,,,,,,,,,,,
Spain_Primera_Division,2025-2026,Sevilla FC,9lzqgedy6aaouokqenirdbu38,Miguel Ángel,Forward,29,2,2,,4,,10,,,9,,,,13,4,9,25,8,1,4,,1,1,,11,2,9,,,,3,,24,,1,1,3,1,5,3,,3,,,4,1,,2,,,1,15,8,8,14,3,1,,,58,1,,,2,1,3,15,24,4,15,4,3,9,49,3,2,,2,3,11,1,6,,0,,1,,2,,,,,,,,,1,,,1,,,,,,,,,,,,,,,,,,,,,,,,,,,,,,,,,
Spain_Primera_Division,2025-2026,Sevilla FC,7cdiijsvnfc7tafy0zkf4uz9,D. Sow,Midfielder,20,39,26,13,26,1,156,3,1,170,1,,3,149,74,75,221,167,17,26,1,38,37,1,110,48,62,1,18,16,228,3,729,1,7,58,19,7,71,198,17,6,23,15,3,11,2,6,1,16,35,645,329,347,630,12,20,,4,1780,14,1,,8,30,24,136,749,14,665,32,27,84,974,11,2,7,5,14,66,29,70,3,1,1,8,1,14,5,3,5,,,1,,3,8,1,1,6,,3,2,1,,,,,,,,,,,,,,,,,,,,,,,,,,,,,
Spain_Primera_Division,2025-2026,Sevilla FC,8yak0o9o7z5j5ribga3ui2cb9,G. Suazo,Defender,12,25,17,8,22,1,135,1,4,166,3,,15,183,84,99,394,262,11,22,1,30,27,3,158,67,91,1,19,32,30,2,746,1,6,95,34,11,88,351,33,1,19,5,3,27,14,13,6,3,33,623,390,288,618,12,55,34,114,1581,25,4,,37,24,11,282,778,3,651,67,26,127,1273,59,29,10,11,28,155,31,99,6,0,1,2,3,34,,,,,,,,,11,,,19,,,,,,,,,,,,,,,,,,,,,,,,,,,,,,,,,
Spain_Primera_Division,2025-2026,Sevilla FC,vl1b0gayryiqvl5dlukpmswl,A. Sánchez,Forward,10,32,21,11,21,1,85,5,,94,,,9,120,67,53,252,108,7,21,1,29,26,3,88,46,42,2,4,20,72,9,352,,6,31,23,8,52,104,21,8,10,7,11,5,1,5,,8,11,264,207,78,269,7,9,,,1058,24,1,,3,12,21,173,369,15,280,16,50,89,567,16,9,13,2,11,83,22,78,1,1,,7,2,12,3,2,3,,,,,2,3,3,1,7,,1,2,1,1,1,,,,,1,,,,,,,,,,,,,,,,,,,,,,
Spain_Primera_Division,2025-2026,Sevilla FC,7j2h7bq14b9n6xephp8vchfu2,Juanlu Sánchez,Midfielder,16,40,24,16,25,2,178,5,,204,,,14,229,106,123,384,187,16,25,3,32,27,5,189,82,107,1,9,16,255,4,668,1,6,135,47,24,90,53,19,6,21,11,4,16,16,22,2,4,30,557,343,235,532,18,33,5,55,1741,37,5,,28,20,34,227,673,7,562,51,47,111,1088,36,36,21,9,21,110,37,90,2,0,2,1,,,,,,,,,,,,,,,1,,,,,,1,1,1,,,,,,,,,,,,,,,,,,,,,,,,
Spain_Primera_Division,2025-2026,Sevilla FC,4zrut521fzw9fddqt74pnl756,R. Vargas,Midfielder,11,30,14,16,16,3,117,10,1,149,,,16,104,54,50,304,123,2,16,4,21,18,3,74,40,34,2,6,13,66,6,377,6,3,74,26,6,58,77,17,9,13,12,3,15,4,13,3,17,17,264,182,103,253,1,9,7,5,1074,27,3,,8,10,11,219,383,15,270,10,45,113,614,32,15,15,12,17,118,27,96,1,1,,6,1,21,3,2,2,1,,2,,1,8,,2,10,3,2,1,,1,1,,,,,1,,,,,,,,,,,,,,,,,,,,,,
Spain_Primera_Division,2025-2026,Sevilla FC,7jtc6yk5xu4cm1an97wrgozbp,O. Vlachodimos,Goalkeeper,1,2,1,1,26,,,,,89,4,,1,3,1,2,,466,,26,,43,40,3,1,,1,,1,,181,,532,,8,20,2,,201,149,,,26,,,,,1,72,,154,369,104,409,359,,,,,2340,,,22,28,,,291,796,,513,,,283,1042,,,,170,279,220,63,4,2,0,,,,,,,,,,,,,,,,,,,,,,,,,,,,200,159,,,9,1,73,7,10,1,14,76,57,18,1,1,24,,,,,
Spain_Primera_Division,2025-2026,Valencia CF,9nd1b0hfbdzthfrwh9fj7nw9g,Vicent Abril,Goalkeeper,28,,,,,,,,,,,,,,,,,,,,,,,,,,,,,,,,,,,,,,,,,,,,,,,,,,,,,,,,,,,,,,,,,,,,,,,,,,,,,,,,,,,,,,,,,,,,,,,,,,,,,,,,,,,,,,,,,,,,,,,,,,,,,,,,,,,,
Spain_Primera_Division,2025-2026,Valencia CF,1tctbwsidibct7wphjgv8mdm2,Julen Agirrezabala,Goalkeeper,25,7,,7,18,,,,,52,4,,,12,2,10,,302,,18,,30,26,4,5,2,3,,,1,82,,335,,3,22,,,134,110,1,,18,,,,,,39,,81,256,52,292,263,1,1,,,1620,,,11,25,,1,151,494,,344,2,,150,675,,,,92,149,128,22,1,1,0,,,,,,,,,,,,,,,,,,,,,,,,,,,,138,99,1,,21,2,34,2,4,1,10,54,38,14,1,1,15,,,,,
Spain_Primera_Division,2025-2026,Valencia CF,doiwlnrly9dlzp6x6w3la3ztg,Alex Panach,Defender,32,,,,,,,,,,,,,,,,,,,,,,,,,,,,,,,,,,,,,,,,,,,,,,,,,,,,,,,,,,,,,,,,,,,,,,,,,,,,,,,,,,,,,,,,,,,,,,,,,,,,,,,,,,,,,,,,,,,,,,,,,,,,,,,,,,,,
Spain_Primera_Division,2025-2026,Valencia CF,9dc4qkvh0vk5kwymibji00kp,André Almeida,Midfielder,10,3,1,2,19,,112,3,1,195,,,9,111,51,60,298,135,6,19,1,14,14,,108,50,58,,10,16,119,,526,2,1,96,22,12,47,189,17,3,11,8,8,14,5,15,,10,34,477,346,172,470,12,10,,9,1002,33,4,,5,10,21,153,555,6,504,22,18,51,786,49,20,15,3,7,89,11,44,,0,,3,2,38,,,,,,,,,8,1,,25,1,,,,,,,,1,,2,,,,,,,,,,,,,,,,,,,,,,
Spain_Primera_Division,2025-2026,Valencia CF,a6ud2u88utl6khwf0c4qbdox6,L. Beltrán,Midfielder,15,65,42,23,24,2,78,10,1,120,1,,8,204,111,93,227,93,11,24,2,18,16,2,139,69,70,2,4,9,62,3,336,4,4,65,19,12,46,120,11,11,13,11,11,2,2,16,1,17,8,259,182,96,268,9,9,,1,1160,41,4,,11,23,36,175,353,19,276,18,57,77,626,7,7,13,3,8,64,20,69,1,0,,8,2,,1,1,,1,1,,,1,,5,,,3,0,1,,,,,,1,,,,,,,,,,,,,,,,,,,,,,,,
Spain_Primera_Division,2025-2026,Valencia CF,58y8i99v4ol6l25n0wgss7cb8,Aimar Blázquez,Forward,37,,,,,,,,,,,,,,,,,,,,,,,,,,,,,,,,,,,,,,,,,,,,,,,,,,,,,,,,,,,,,,,,,,,,,,,,,,,,,,,,,,,,,,,,,,,,,,,,,,,,,,,,,,,,,,,,,,,,,,,,,,,,,,,,,,,,
Spain_Primera_Division,2025-2026,Valencia CF,3n66mcws9belxbv3pu5uwhfu2,Copete,Defender,3,63,27,36,21,,74,2,16,191,2,1,3,140,60,80,80,400,6,21,,32,27,5,77,33,44,,22,5,119,2,939,,5,105,18,10,51,411,5,11,19,4,2,3,3,7,4,,50,797,324,538,809,10,16,,1,1760,5,,2,112,20,11,161,1004,11,859,26,20,145,1274,1,1,2,37,70,105,41,75,5,0,2,,,,,,,,,,1,,,3,,,,,,,,,,,,,,26,26,2,,,,,,,,,,,,,,,,,,,
Spain_Primera_Division,2025-2026,Valencia CF,5uig03vbbv71f0q31cp3vfbv9,E. Cömert,Defender,24,26,12,14,13,,52,2,3,128,2,,,72,26,46,27,214,4,13,,16,16,,46,14,32,,16,3,162,1,555,1,3,57,4,2,34,180,3,3,11,2,2,1,1,,3,,29,472,149,371,490,9,14,,3,1014,1,,,64,5,9,97,608,6,519,23,13,89,757,,,,22,50,52,37,39,2,0,,3,,,2,1,2,,,,,1,,,,,,2,0,1,,,,,,,,24,24,3,,,,,,,,,,,,,,,,,,,
Spain_Primera_Division,2025-2026,Valencia CF,4rktv6j9sioe0gmu7jt77fsh5,A. Danjuma,Forward,7,19,11,8,27,2,118,7,1,211,,,15,151,84,67,319,77,10,27,2,26,22,4,132,73,59,1,1,10,34,5,363,4,3,118,22,6,63,142,12,14,18,11,9,12,11,26,,25,20,280,190,110,268,1,11,,2,1571,47,4,,6,21,22,196,371,28,288,12,75,83,635,28,26,34,1,8,93,18,75,,0,,14,2,4,3,3,3,,3,,,3,1,8,1,2,8,2,1,,1,,,,1,,,,,,,,,,,,,,,,,,,,,,,,
Spain_Primera_Division,2025-2026,Valencia CF,eucssbf7wamb41y1gixfodivp,M. Diakhaby,Defender,0,22,6,16,8,,12,,2,62,2,,1,42,14,28,18,116,2,8,,11,10,1,20,8,12,1,10,1,79,1,309,,1,42,3,2,22,113,1,1,7,2,1,,,1,1,,10,269,77,203,270,2,6,,1,544,2,,,43,7,3,46,320,4,280,8,11,40,418,,,2,13,22,28,12,18,3,1,,3,,,1,,1,,,,,,,,1,,,1,0,1,,,,,1,,,1,1,1,,,,,,,,,,,,,,,,,,,
Spain_Primera_Division,2025-2026,Valencia CF,5dfvefxvwj8kixbajluw25mtx,S. Dimitrievski,Goalkeeper,1,4,,4,12,,,,,50,4,,,5,,5,,263,,12,,15,14,1,1,,1,,,,64,,276,,3,36,1,,109,53,,,12,,,,,,30,,88,197,54,188,154,,,,,1080,,,4,2,,2,141,380,,242,,,138,476,,,,64,135,108,30,3,,0,,,,,,,,,,,,,,,,,,,,,,,,,,,,67,46,,,14,1,24,3,3,,1,28,19,8,,1,5,,,,,
Spain_Primera_Division,2025-2026,Valencia CF,10ajc7czhwojjz22cxokqkvf8,Mario Domínguez,Forward,39,,,,,,,,,,,,,,,,,,,,,,,,,,,,,,,,,,,,,,,,,,,,,,,,,,,,,,,,,,,,,,,,,,,,,,,,,,,,,,,,,,,,,,,,,,,,,,,,,,,,,,,,,,,,,,,,,,,,,,,,,,,,,,,,,,,,
Spain_Primera_Division,2025-2026,Valencia CF,7yieh5r0uzk6d6x9o060c2bfu,Hugo Duro,Forward,9,118,82,36,29,,118,4,6,36,1,,4,210,127,83,189,57,6,29,,26,24,2,92,45,47,1,3,15,73,5,304,,2,15,19,14,35,82,15,12,18,11,11,,,3,,36,7,211,126,111,230,5,8,,3,1618,19,2,,19,16,31,154,330,24,237,13,66,93,545,,,12,3,3,69,24,90,5,3,,12,1,,9,7,9,,1,5,,1,,4,9,,12,7,2,3,1,1,,,1,,,,,,,,,,,,,,,,,,,,,,,,
Spain_Primera_Division,2025-2026,Valencia CF,9w0iww8n4lc9xvmqothyw97h0,Joel Fontanet,Defender,40,,,,,,,,,,,,,,,,,,,,,,,,,,,,,,,,,,,,,,,,,,,,,,,,,,,,,,,,,,,,,,,,,,,,,,,,,,,,,,,,,,,,,,,,,,,,,,,,,,,,,,,,,,,,,,,,,,,,,,,,,,,,,,,,,,,,
Spain_Primera_Division,2025-2026,Valencia CF,wlqj34ev5mucxtfx6j4tr9at,D. Foulquier,Defender,0,25,14,11,15,,61,1,1,111,3,,5,91,48,43,135,191,11,15,,21,18,3,66,34,32,,8,6,224,,497,1,2,68,19,5,55,42,6,4,12,1,3,4,4,10,6,2,18,419,156,287,421,6,9,13,96,1148,16,,,40,16,7,136,518,5,439,15,10,79,804,8,8,10,10,24,57,30,55,1,0,1,1,,,,,,,,,,,,,,,,,,,,,,,,,,,,,,,,,,,,,,,,,,,,,,,
Spain_Primera_Division,2025-2026,Valencia CF,da4isu80fnw6rmv53gbjv8qcq,Pere García,Goalkeeper,41,,,,,,,,,,,,,,,,,,,,,,,,,,,,,,,,,,,,,,,,,,,,,,,,,,,,,,,,,,,,,,,,,,,,,,,,,,,,,,,,,,,,,,,,,,,,,,,,,,,,,,,,,,,,,,,,,,,,,,,,,,,,,,,,,,,,
Spain_Primera_Division,2025-2026,Valencia CF,5b1q9bpe23j98eoy4fwi7ld5h,José Gayà,Defender,14,31,12,19,26,1,167,3,5,176,4,,17,162,66,96,365,225,16,26,1,33,29,4,131,54,77,,15,18,44,2,748,,5,94,34,15,86,331,19,5,25,11,1,13,13,8,7,7,24,615,331,314,608,24,30,26,121,1980,16,2,,69,23,15,251,767,7,632,54,31,135,1237,58,58,12,30,47,147,46,88,6,1,,2,2,,1,1,1,,2,1,,,,1,1,,,0,1,,,,,1,,,,,,1,1,,,,,,,,,,,,,,,,,,
Spain_Primera_Division,2025-2026,Valencia CF,aqqd7tq7z6bj3wn3u3sz3uuqc,Javi Guerra,Midfielder,8,20,9,11,29,1,111,8,4,209,2,,13,160,96,64,261,237,11,29,3,23,21,2,140,87,53,1,21,15,265,1,777,4,4,114,31,11,89,182,18,4,19,15,10,7,4,17,4,16,37,627,336,316,608,10,13,,6,1561,46,4,,21,25,13,260,795,10,645,23,40,150,1092,23,20,21,14,41,130,43,109,3,0,,6,5,6,1,1,1,,1,,,1,3,2,1,2,,1,0,,,,,,,,1,,,,,,,,,,,,,,,,,,,,,,
Spain_Primera_Division,2025-2026,Valencia CF,b4k7aa5fph5t3usotjsw8ygyy,Rubén Iranzo,Defender,26,1,1,,1,,,,,,,,,3,2,1,,2,,1,,,,,2,1,1,,,,,,2,,,,,,,,,,,,1,,,,1,,1,2,2,,1,,1,,,3,,,,2,1,,,2,,2,1,,,6,,,,,,,,,,0,,,,,,,,,,,,,,,,,,,,,,,,,,,,,,,,,,,,,,,,,,,,,,,,,
Spain_Primera_Division,2025-2026,Valencia CF,50c0veyaf199ggjd83g0t3wus,Marc Jurado,Forward,38,,,,,,,,,,,,,,,,,,,,,,,,,,,,,,,,,,,,,,,,,,,,,,,,,,,,,,,,,,,,,,,,,,,,,,,,,,,,,,,,,,,,,,,,,,,,,,,,,,,,,,,,,,,,,,,,,,,,,,,,,,,,,,,,,,,,
Spain_Primera_Division,2025-2026,Valencia CF,4j3u6v01emo9nsel7uw00qsfe,Diego López,Forward,16,59,41,18,26,,87,9,2,119,2,,8,160,93,67,270,86,6,26,,22,17,5,101,52,49,,8,11,99,3,361,2,2,65,18,5,51,93,11,7,15,10,11,3,3,7,1,24,8,271,180,97,266,4,9,,10,1330,30,3,,9,14,30,177,365,12,274,13,47,91,591,26,26,19,2,3,94,23,88,2,0,,5,1,,3,2,3,,1,,,3,,3,2,,4,1,2,,,,,,,,,,,,,,,,,,,,,,,,,,,,,,
Spain_Primera_Division,2025-2026,Valencia CF,ey6rgpbpfvb64nrswwh2x9dlg,Pablo López,Forward,33,,,,,,,,,,,,,,,,,,,,,,,,,,,,,,,,,,,,,,,,,,,,,,,,,,,,,,,,,,,,,,,,,,,,,,,,,,,,,,,,,,,,,,,,,,,,,,,,,,,,,,,,,,,,,,,,,,,,,,,,,,,,,,,,,,,,
Spain_Primera_Division,2025-2026,Valencia CF,7opmymnodcrwcort5muqwq5g4,Aaron Mayol,Defender,42,,,,,,,,,,,,,,,,,,,,,,,,,,,,,,,,,,,,,,,,,,,,,,,,,,,,,,,,,,,,,,,,,,,,,,,,,,,,,,,,,,,,,,,,,,,,,,,,,,,,,,,,,,,,,,,,,,,,,,,,,,,,,,,,,,,,
Spain_Primera_Division,2025-2026,Valencia CF,7273i4kefuqr1mldvltt60i6s,Marcos Navarro,Defender,36,,,,,,,,,,,,,,,,,,,,,,,,,,,,,,,,,,,,,,,,,,,,,,,,,,,,,,,,,,,,,,,,,,,,,,,,,,,,,,,,,,,,,,,,,,,,,,,,,,,,,,,,,,,,,,,,,,,,,,,,,,,,,,,,,,,,
Spain_Primera_Division,2025-2026,Valencia CF,4gr7ac6q7olqgfrx2dm0m4nis,Lucas Núñez,Midfielder,29,,,,,,,,,,,,,,,,,,,,,,,,,,,,,,,,,,,,,,,,,,,,,,,,,,,,,,,,,,,,,,,,,,,,,,,,,,,,,,,,,,,,,,,,,,,,,,,,,,,,,,,,,,,,,,,,,,,,,,,,,,,,,,,,,,,,
Spain_Primera_Division,2025-2026,Valencia CF,e8s9ssopq5nmp51zymvqp8jbp,Unai Núñez,Defender,4,21,10,11,8,,30,2,5,50,3,,1,58,26,32,31,114,3,8,,8,8,,37,16,21,,7,1,126,,308,,2,31,9,2,31,52,1,3,8,3,,1,1,,4,,19,264,99,179,258,7,10,9,27,655,3,,,30,8,5,64,322,3,277,17,10,45,455,2,2,2,9,20,27,20,25,2,0,,,,,,,,,1,,,,,1,,,,,,,,,,,,,,,,,,,,,,,,,,,,,,,,,,,
Spain_Primera_Division,2025-2026,Valencia CF,bda9fmdum05xtmj2d8k5dfnkk,David Otorbi,Forward,27,,,,,,,,,,,,,,,,,,,,,,,,,,,,,,,,,,,,,,,,,,,,,,,,,,,,,,,,,,,,,,,,,,,,,,,,,,,,,,,,,,,,,,,,,,,,,,,,,,,,,,,,,,,,,,,,,,,,,,,,,,,,,,,,,,,,
Spain_Primera_Division,2025-2026,Valencia CF,3702btkgwxf6tq92ouekd7ro5,Pepelu,Midfielder,18,40,15,25,23,,117,8,5,211,3,,6,155,63,92,217,321,11,23,,28,24,4,115,48,67,1,17,20,333,1,1069,,4,86,22,13,107,345,20,11,20,12,3,9,2,7,7,21,69,922,487,487,896,22,27,,1,1710,10,1,,50,27,11,206,1116,14,965,49,17,151,1391,33,7,2,26,67,147,37,84,3,0,,3,6,28,2,1,1,1,1,,,2,5,2,1,21,,1,1,,3,1,,,,,5,,,1,,,,,,,,,,,,,,,1,,,,
Spain_Primera_Division,2025-2026,Valencia CF,pr0nfcph8mlm3plq9b69o8a1,Dani Raba,Forward,19,3,3,,12,1,20,4,,40,,,2,34,22,12,82,27,4,12,1,4,3,1,31,19,12,,4,1,41,,109,1,,19,10,5,14,26,2,3,3,3,9,1,,3,,3,10,86,68,24,81,3,4,,4,257,12,1,,1,6,2,58,114,4,91,7,8,23,196,11,5,6,,2,29,5,21,,0,,1,3,8,,,,,,,,,1,,,5,1,,,,,,,,,,1,,,,,,,,,,,,,,,,,,,,,,
Spain_Primera_Division,2025-2026,Valencia CF,blvf8qsi6iy6ejyer58okyxka,L. Ramazani,Forward,17,9,7,2,19,1,67,10,,103,,,9,105,70,35,221,77,6,19,1,16,16,,96,63,33,1,10,12,44,2,226,,2,58,21,13,30,42,13,9,7,4,12,7,6,14,,20,6,175,119,67,173,,7,,1,785,42,2,,6,13,12,135,230,21,179,7,40,51,430,16,16,20,,6,62,5,45,4,3,1,12,5,2,5,2,5,,,2,,3,1,2,4,,2,2,3,,3,3,,,,,,,,,,,,,,,,,,,,,,,,,,,
Spain_Primera_Division,2025-2026,Valencia CF,6kc8ieszwg6u00e3sa554y7yt,Luis Rioja,Forward,11,17,15,2,29,5,190,17,,285,4,,22,177,96,81,548,158,3,29,5,32,28,4,160,81,79,,16,25,273,4,658,1,5,128,53,15,79,54,30,13,24,15,5,31,17,29,8,16,22,520,366,202,515,7,17,1,23,2053,46,5,,26,9,26,316,675,17,537,24,57,138,1109,98,61,26,12,25,207,29,113,1,0,,4,,48,2,1,2,,,2,,,14,,,28,2,1,1,,,,,,,,3,,,,,,,,,,,,,,,,,,,,,,
Spain_Primera_Division,2025-2026,Valencia CF,bqrz2xmu25taby17bl7cycjqh,Cristian Rivero,Goalkeeper,13,,,,,,,,,,,,,,,,,,,,,,,,,,,,,,,,,,,,,,,,,,,,,,,,,,,,,,,,,,,,,,,,,,,,,,,,,,,,,,,,,,,0,,,,,,,,,,,,,,,,,,,,,,,,1,,,,,,,1,,,,,,,,,,,,,,,,,,
Spain_Primera_Division,2025-2026,Valencia CF,73efpm314q2paeacsvp4e8q8l,G. Rodríguez,Midfielder,2,21,9,12,8,,45,1,5,72,2,,1,94,38,56,81,110,6,8,,9,9,,73,29,44,1,3,2,95,,359,,2,30,10,3,38,117,2,5,6,1,2,1,1,4,1,4,12,310,166,152,305,7,17,,2,588,8,,,22,11,16,67,367,7,317,24,9,50,486,,,3,6,12,35,15,38,1,0,1,2,,,2,1,2,,,,,2,,,,,,2,0,,,,,,,,,,,,,,,,,,,,,,,,,,,,,,
Spain_Primera_Division,2025-2026,Valencia CF,dtvmsnqlzn5672xb54zj8u7dh,U. Sadiq,Forward,6,49,32,17,17,2,24,5,,75,,,9,127,83,44,147,26,4,17,2,12,11,1,78,51,27,1,1,6,21,8,113,1,3,32,17,10,26,47,8,8,6,4,11,2,2,11,,8,2,73,50,30,76,1,1,,,666,33,3,,2,15,15,106,118,12,78,2,43,40,270,3,3,13,1,1,36,7,39,3,0,,4,3,,1,1,,1,,,,1,,2,1,,3,0,1,,,,,,3,,,,,,,,,,,,,,,,,,,,,,,,
Spain_Primera_Division,2025-2026,Valencia CF,9br2z5cf6stmnidehwo5a8afp,B. Santamaría,Midfielder,22,27,9,18,19,1,54,2,2,84,2,,2,83,37,46,71,142,6,19,1,17,14,3,56,28,28,2,7,3,83,1,389,,1,44,21,7,43,126,4,2,7,1,12,1,1,6,2,9,23,316,161,172,309,7,5,,,744,11,2,,30,13,10,103,405,4,332,12,9,73,542,2,2,6,8,19,47,28,54,2,1,,2,,,1,,1,,,,,,,,1,,,1,0,1,,,,,,,,,,,,,,,,,,,,,,,,,,,,,
Spain_Primera_Division,2025-2026,Valencia CF,1df6vkt0yostndfiypbily0np,R. Saravia,Defender,20,,,,,,,,,,,,,,,,,,,,,,,,,,,,,,,,,,,,,,,,,,,,,,,,,,,,,,,,,,,,,,,,,,,,,,,,,,,,,,,,,,,,,,,,,,,,,,,,,,,,,,,,,,,,,,,,,,,,,,,,,,,,,,,,,,,,
Spain_Primera_Division,2025-2026,Valencia CF,8vmrboswsfyb5bfoq07s6susp,Thierry Correia,Defender,12,35,22,13,20,1,104,3,,135,2,,11,137,65,72,289,192,11,20,1,23,21,2,102,43,59,1,16,9,280,3,597,1,4,91,26,11,53,31,10,1,15,8,5,6,6,8,2,,17,486,284,218,479,8,20,20,102,1266,17,1,,23,23,23,206,607,2,496,28,26,111,962,31,31,8,17,30,107,35,81,4,0,1,1,2,,,,,,,,,,,,,,,,,,,,,,,,,,,2,,,,,,,,,,,,,,,,,,,
Spain_Primera_Division,2025-2026,Valencia CF,2u8bekuidiwqz1gvb4vd3uhg,César Tárrega,Defender,5,77,36,41,24,,51,2,18,210,6,2,2,162,72,90,39,337,4,24,,31,26,5,85,36,49,1,18,2,430,,958,,2,101,16,10,60,203,2,4,21,1,3,,,8,18,,46,814,198,679,831,14,18,,2,1877,3,,2,137,29,9,161,1021,5,877,32,14,144,1315,,,1,46,73,89,55,71,6,0,1,1,,,,,,,,,1,,,,,,,,,,,,,,,,,25,25,5,,,,,,,,,,,,,,,,,,,
Spain_Primera_Division,2025-2026,Valencia CF,94md3wf5xab5mnj5niiwq33zd,F. Ugrinic,Midfielder,23,22,9,13,19,3,109,6,2,89,,,5,91,41,50,199,128,8,19,3,18,17,1,69,32,37,,7,11,135,3,472,1,3,34,18,9,49,116,14,7,12,11,7,11,3,9,3,18,24,399,234,190,389,7,9,,5,1061,13,3,,21,12,12,142,488,9,413,16,16,75,691,26,8,5,5,14,80,21,61,3,0,,2,1,22,,,,,,,,,7,,,13,,,,,,,,,,,,,,,,,,,,,,,,,,,,,,,,,
Spain_Primera_Division,2025-2026,Valencia CF,d6kzekcwqw0q8fq6wt6rmyusq,Jesús Vázquez,Defender,21,15,8,7,17,,66,2,3,101,1,,6,105,57,48,157,79,12,17,,12,11,1,90,49,41,,2,7,39,2,261,,1,66,11,4,40,81,7,3,5,1,12,1,1,16,4,2,9,222,125,102,217,11,8,9,77,731,23,,,29,15,6,104,265,5,226,19,9,39,523,19,19,10,5,8,43,15,31,2,0,,2,,,,,,,,,,,,,,,,,,,,,,,,,,,,,,,,,,,,,,,,,,,,,,,
Spain_Primera_Division,2025-2026,Villarreal CF,73jvx4opw9wvawwpg0bnt8ay2,I. Akhomach,Forward,11,8,7,1,17,,81,5,2,113,,,8,140,74,66,225,58,11,17,,8,6,2,132,67,65,1,2,8,54,1,207,7,1,69,9,6,33,18,8,9,7,7,10,6,4,12,,7,4,176,133,52,175,9,14,,1,704,49,2,,6,18,30,140,211,15,179,23,37,32,447,22,12,27,1,6,49,5,26,3,0,,6,2,10,,,,,,,,,1,4,,7,,,,,,,,,,,1,,,,,,,,,,,,,,,,,,,,,,
Spain_Primera_Division,2025-2026,Villarreal CF,9p87liko3b1jjpjmi19135y0a,Adrià Alti,Defender,3,,,,1,,,,,1,,,,1,,1,,3,,1,,,,,1,,1,,,,3,,7,,,1,,,1,2,,,,,1,,,,,,,7,4,4,8,,1,,,8,,,,,,,,8,,8,1,,,10,,,,,,,,,,0,,,,,,,,,,,,,,,,,,,,,,,,,,,,,,,,,,,,,,,,,,,,,,,,,
Spain_Primera_Division,2025-2026,Villarreal CF,50yu6yrlsyepsw6vo06alkro4,M. Barry,Forward,28,,,,,,,,,,,,,,,,,,,,,,,,,,,,,,,,,,,,,,,,,,,,,,,,,,,,,,,,,,,,,,,,,,,,,,,,,,,,,,,,,,,,,,,,,,,,,,,,,,,,,,,,,,,,,,,,,,,,,,,,,,,,,,,,,,,,
Spain_Primera_Division,2025-2026,Villarreal CF,acx78ftnm61hm01wpmme77hbe,T. Buchanan,Forward,17,12,10,2,28,1,135,5,2,181,1,,15,186,106,80,356,87,6,28,1,15,13,2,174,96,78,1,20,15,149,7,391,9,2,128,29,15,91,24,16,9,17,12,11,3,2,20,2,9,10,316,227,96,310,7,18,13,21,1546,64,5,,16,17,33,218,395,18,320,25,58,75,754,25,25,41,6,17,81,19,58,7,1,,9,,1,6,6,4,2,,1,,5,1,2,1,,,6,0,,,,,,,1,,,,,,,,,,,,,,,,,,,,,,,
Spain_Primera_Division,2025-2026,Villarreal CF,9wgavu943u5yn0qu6go17bk7o,Daniel Budesca,Defender,30,,,,,,,,,,,,,,,,,,,,,,,,,,,,,,,,,,,,,,,,,,,,,,,,,,,,,,,,,,,,,,,,,,,,,,,,,,,,,,,,,,,,,,,,,,,,,,,,,,,,,,,,,,,,,,,,,,,,,,,,,,,,,,,,,,,,
Spain_Primera_Division,2025-2026,Villarreal CF,6qlpnu6rv60qui02axtaii8lw,Pau Cabanes,Forward,33,,,,,,,,,,,,,,,,,,,,,,,,,,,,,,,,,,,,,,,,,,,,,,,,,,,,,,,,,,,,,,,,,,,,,,,,,,,,,,,,,,,,,,,,,,,,,,,,,,,,,,,,,,,,,,,,,,,,,,,,,,,,,,,,,,,,
Spain_Primera_Division,2025-2026,Villarreal CF,4x854vpovag131b2kdutv4qju,Sergi Cardona,Defender,23,33,17,16,24,3,94,1,7,116,6,1,5,144,74,70,291,167,10,24,3,21,19,2,111,57,54,1,29,11,27,1,548,,3,80,41,26,54,276,13,10,16,4,8,16,16,3,6,1,18,442,237,236,439,12,24,27,116,1553,16,4,1,40,21,17,216,564,13,457,36,29,107,1022,45,44,8,19,27,109,43,80,4,0,,3,1,,,,,,,,,,,,,,,,,,,,,,,1,,,,,,,,,,,,,,,,,,,,,,,
Spain_Primera_Division,2025-2026,Villarreal CF,b5rea5r4h8bclpenau2au142x,Santi Comesaña,Midfielder,14,65,33,32,28,4,154,2,13,191,2,,5,224,119,105,293,300,18,28,5,22,18,4,159,86,73,1,22,17,302,1,956,1,3,110,36,20,110,219,22,13,23,11,5,2,2,11,2,34,33,788,438,370,773,22,19,,,1984,33,3,,44,35,21,250,975,20,806,41,62,169,1310,12,12,9,8,30,116,65,139,4,0,1,7,13,,3,3,3,,1,1,,2,,4,3,,,2,1,,,,,1,,,,,,1,1,,,,,,,,,,,,,,,,,,
Spain_Primera_Division,2025-2026,Villarreal CF,5mj2vxkh3pmkbwj139mp93n4l,Diego Conde,Goalkeeper,13,,,,,,,,,,,,,,,,,,,,,,,,,,,,,,,,,,,,,,,,,,,,,,,,,,,,,,,,,,,,,,,,,,,,,,,,,,,,,,,,,,,,,,,,,,,,,,,,,,,,,,,,,,,,,,,,,,,,,,,,,,,,,,,,,,,,
Spain_Primera_Division,2025-2026,Villarreal CF,a8pnwy8wy8ytwek1ovtxkaivo,A. Diatta,Midfielder,38,,,,,,,,,,,,,,,,,,,,,,,,,,,,,,,,,,,,,,,,,,,,,,,,,,,,,,,,,,,,,,,,,,,,,,,,,,,,,,,,,,,,,,,,,,,,,,,,,,,,,,,,,,,,,,,,,,,,,,,,,,,,,,,,,,,,
Spain_Primera_Division,2025-2026,Villarreal CF,bl3o0pt262qax5cwv4jeu82s4,K. Etta Eyong,Forward,29,87,56,31,26,4,87,6,1,100,2,,11,235,133,102,245,55,7,26,4,30,23,7,148,77,71,3,4,9,52,7,231,2,2,50,27,13,51,64,13,18,18,10,8,1,1,10,,23,8,150,115,63,169,13,14,,,1593,51,4,,18,27,34,210,258,35,177,27,65,81,588,12,12,18,1,5,76,17,76,2,1,,17,1,,6,4,6,,1,1,,2,,8,5,,5,3,3,3,1,,,,,,,,,,,,,,,,,,,,,,,,1,,,,
Spain_Primera_Division,2025-2026,Villarreal CF,5soi8e2hlk77rlsbsl76hg3xl,J. Foyth,Defender,8,16,7,9,13,,16,1,10,116,3,,,51,18,33,19,215,4,13,,9,6,3,35,11,24,,16,,211,,525,,1,71,7,4,46,123,,1,12,4,1,1,1,3,2,,31,469,155,353,476,7,13,,,936,2,,,56,8,1,63,565,1,507,20,2,58,692,,,1,9,28,36,22,30,2,0,,,2,,,,,,,,,,,,,,,,,,,,,,,,,19,19,,,,,,,,,,,,,,,,,,,,
Spain_Primera_Division,2025-2026,Villarreal CF,6g7i7z6m8vts105dny1g6z3hm,A. Freeman,Defender,3,2,1,1,5,,4,,,11,,,,10,5,5,14,17,,5,,1,1,,8,4,4,,2,1,17,,47,,,8,2,,4,9,1,1,,,5,,,,,,,39,20,19,39,2,2,5,6,58,2,,,3,1,,16,47,1,39,4,,8,74,1,1,1,1,1,6,3,7,,0,,,,,,,,,1,,,,,,,,,,,,,,,,,,,,,,,,,,,,,,,,,,,,,,,,
Spain_Primera_Division,2025-2026,Villarreal CF,7lo14fnq32yyyqql6jws5w3xl,Alfon González,Forward,11,5,3,2,15,,23,5,,34,1,,2,49,34,15,109,22,,15,,8,7,1,44,31,13,,1,7,9,1,90,2,1,17,2,1,14,36,7,,4,3,11,2,2,6,,3,,74,58,18,74,1,,1,4,387,22,,,4,5,6,55,90,7,74,1,25,16,180,2,2,12,,3,15,3,13,,0,,7,1,,1,1,1,,,,,1,,1,,,,0,1,,,,,,,,,,,,,,,,,,,,,,,,,,,,,,
Spain_Primera_Division,2025-2026,Villarreal CF,ekm47qd8w1x0456lm1tmf5re1,P. Gueye,Midfielder,18,37,15,22,24,1,124,8,6,199,1,,7,185,76,109,276,303,20,24,2,21,20,1,148,61,87,1,27,19,191,2,813,,5,104,23,16,91,207,21,20,20,11,4,5,5,14,5,19,70,650,385,279,589,13,19,,,1686,25,3,,41,32,41,233,825,30,659,32,33,166,1152,9,9,11,29,65,133,42,101,7,2,,10,6,,4,2,2,2,,3,,,,3,2,,,3,1,,1,1,,,,,1,,,,,,,,,,,,,,,,,,,,,,1
Spain_Primera_Division,2025-2026,Villarreal CF,93bls5zj5sz232nbcc246hams,Rubén Gómez,Goalkeeper,31,,,,,,,,,,,,,,,,,,,,,,,,,,,,,,,,,,,,,,,,,,,,,,,,,,,,,,,,,,,,,,,,,,,,,,,,,,,,,,,,,,,,,,,,,,,,,,,,,,,,,,,,,,,,,,,,,,,,,,,,,,,,,,,,,,,,
Spain_Primera_Division,2025-2026,Villarreal CF,29ym8tb5wopp80qgpcc62usk4,Joselillo Gaitán,Forward,40,,,,,,,,,,,,,,,,,,,,,,,,,,,,,,,,,,,,,,,,,,,,,,,,,,,,,,,,,,,,,,,,,,,,,,,,,,,,,,,,,,,,,,,,,,,,,,,,,,,,,,,,,,,,,,,,,,,,,,,,,,,,,,,,,,,,
Spain_Primera_Division,2025-2026,Villarreal CF,bxp1wr68i1mykrkj3083mvml0,W. Kambwala,Defender,5,,,,,,,,,,,,,,,,,,,,,,,,,,,,,,,,,,,,,,,,,,,,,,,,,,,,,,,,,,,,,,,,,,,,,,,,,,,,,,,,,,,,,,,,,,,,,,,,,,,,,,,,,,,,,,,,,,,,,,,,,,,,,,,,,,,,
Spain_Primera_Division,2025-2026,Villarreal CF,59knsm910b1ruk024rkksla3u,Logan Costa,Defender,2,,,,,,,,,,,,,,,,,,,,,,,,,,,,,,,,,,,,,,,,,,,,,,,,,,,,,,,,,,,,,,,,,,,,,,,,,,,,,,,,,,,,,,,,,,,,,,,,,,,,,,,,,,,,,,,,,,,,,,,,,,,,,,,,,,,,
Spain_Primera_Division,2025-2026,Villarreal CF,63i6o2zienvxlanzwc6pf8cus,Hugo López,Forward,32,1,1,,2,,2,,,1,,,1,6,5,1,6,,1,2,,2,2,,5,4,1,,1,,2,,5,,1,1,,,2,1,,,1,1,1,,,,,1,,5,4,1,5,,1,,,55,2,,,,2,,4,5,,5,1,2,,12,2,1,1,,,2,,,,0,,,,1,,,,,,,,,,,,1,,,,,,,,,,,,,,,,,,,,,,,,,,,,,,,,,
Spain_Primera_Division,2025-2026,Villarreal CF,6ddxujeb3873j5evwiz8n4wt0,Luíz Júnior,Goalkeeper,1,8,1,7,27,,,,,38,8,,1,14,4,10,,334,1,27,,29,25,4,6,3,3,,1,,147,,401,,5,15,,,233,111,,,27,,,,,,38,,108,304,62,350,304,,,,,2430,,,13,56,2,4,183,592,,412,,,180,893,,,,98,175,138,42,5,3,0,2,,,,,,,,,,,,,,,,,,,,,,,,,,,224,117,,,20,4,39,1,6,1,29,68,43,23,1,2,15,,,,,
Spain_Primera_Division,2025-2026,Villarreal CF,bzq3430ybx8y4n09hgqtxkt90,Carlos Maciá,Midfielder,37,,,,4,,7,,,10,,,,8,2,6,14,7,1,4,,1,,1,8,2,6,,2,,11,,37,,,7,2,1,8,13,,1,,,4,,,1,,1,,31,24,8,32,5,,,,77,,,,2,1,,9,38,1,32,5,2,6,56,,,,,,4,2,6,1,0,,,,,,,,,,,,,,,,,,,,,,,,,,,,,,,,,,,,,,,,,,,,,,,,,
Spain_Primera_Division,2025-2026,Villarreal CF,d27r61wcc9az0shpevisc4iga,Rafa Marín,Defender,4,62,29,33,18,,27,,13,152,4,,1,117,48,69,50,262,3,18,,20,16,4,55,19,36,,18,5,277,3,831,,4,90,7,5,53,330,5,3,17,2,1,,,1,5,1,50,747,277,530,757,12,16,,3,1575,,1,,105,11,7,94,896,4,807,28,18,89,1117,,,,25,42,57,32,47,1,0,1,1,,,1,,1,,,,1,,,,1,,,1,0,1,,,,,,,,25,28,2,,,,3,,,,,,,,,,,,,,,
Spain_Primera_Division,2025-2026,Villarreal CF,8bvn7mn5tjfj3l2bnpvm75gmi,G. Mikautadze,Forward,9,37,28,9,25,3,96,9,1,118,,,14,173,94,79,299,64,4,25,5,23,20,3,136,66,70,2,5,17,78,2,283,6,3,64,25,10,33,65,22,17,19,12,6,3,1,26,,32,13,199,152,70,206,2,3,,1,1713,55,6,,5,10,39,212,303,42,219,5,112,84,613,10,5,30,,7,82,12,77,1,3,,25,6,9,9,9,8,1,1,,,8,3,18,8,4,7,5,4,1,,,,,,,,,,,,,,,,,,,,,,,,,,,,,
Spain_Primera_Division,2025-2026,Villarreal CF,1qkneebzln8byl9td2aswznmy,Alberto Moleiro,Midfielder,20,21,18,3,29,2,108,4,3,204,,,7,210,134,76,356,179,13,29,4,21,17,4,189,116,73,2,6,26,83,3,583,7,4,122,40,20,85,225,30,18,25,20,4,7,2,28,,31,11,441,310,149,441,8,15,,1,1975,46,7,,11,29,22,262,595,36,452,23,70,143,904,13,9,25,3,20,120,36,123,3,2,,18,14,9,9,8,7,2,1,1,,8,2,5,4,4,1,5,4,,,,,,,,1,,,,,,,,,,,,,,,,,,,,,,
Spain_Primera_Division,2025-2026,Villarreal CF,2biwwlvzgsu5kmyw5w1adpmtx,Gerard Moreno,Forward,7,34,19,15,16,,87,9,1,114,,,5,107,61,46,199,97,4,16,,10,9,1,73,42,31,2,3,19,127,3,358,1,,50,18,9,30,58,19,8,12,11,4,1,1,9,,25,29,275,174,113,257,6,6,,2,950,23,4,,10,10,10,142,369,21,286,12,52,83,531,8,8,9,1,11,70,21,72,,4,,13,7,,8,4,6,2,,5,,1,,3,4,,1,4,4,2,2,2,,,1,,,,,,,,,,,,,,,,,,,,,,,,
Spain_Primera_Division,2025-2026,Villarreal CF,albt55j4oir1veynmos532psk,S. Mouriño,Defender,15,50,19,31,23,,58,4,7,203,6,,3,276,123,153,161,393,25,23,2,25,21,4,226,104,122,1,25,5,440,1,947,,3,117,52,26,120,109,7,6,22,5,1,,,11,3,1,33,793,352,493,812,30,53,36,153,1946,12,1,,105,47,28,239,1000,9,845,83,20,155,1584,6,6,6,19,44,91,70,111,8,1,,3,2,,1,1,1,,,,,1,,,1,,,1,0,,,,1,1,,,,,,,,,,,,,,,,,,,,,,,,,
Spain_Primera_Division,2025-2026,Villarreal CF,9rtfwu0z7qtk1kglenp2vm13o,Pau Navarro,Defender,6,42,21,21,18,,32,,12,115,3,,1,176,80,96,52,231,9,18,,20,18,2,134,59,75,,15,4,348,1,717,,5,60,31,18,54,150,4,,18,3,,1,1,6,5,,29,625,192,474,636,27,32,3,52,1528,5,1,,77,28,10,118,761,1,665,59,,96,1065,1,1,4,30,47,54,43,49,3,0,,1,,,,,,,,,1,,,,,,,,,,,,,,,,,14,15,1,,,,1,,,,,,,,,,,,,,,
Spain_Primera_Division,2025-2026,Villarreal CF,2mhvgtcem9qn2yzobtkqiegpg,T. Oluwaseyi,Forward,21,45,27,18,23,,18,3,2,46,,,4,103,66,37,110,15,8,23,1,12,11,1,58,39,19,,,3,24,9,80,,3,35,11,6,13,26,4,5,5,4,18,1,1,7,,6,2,49,35,18,50,1,3,,1,634,24,2,,6,11,8,81,83,12,52,4,36,31,206,,,8,,1,23,8,30,1,1,,7,,,2,2,2,,,1,,1,,6,2,,1,1,1,,,,,,,,,,,,,,,,,,,,,,,,,,,,,,
Spain_Primera_Division,2025-2026,Villarreal CF,c29mprqv2ulztd22b6uckczx1,Dani Parejo,Midfielder,10,9,1,8,24,,75,1,6,86,,1,1,97,36,61,147,177,8,24,,18,14,4,88,35,53,2,12,19,161,,568,,2,29,16,6,50,209,19,1,12,10,12,10,,7,2,14,41,493,294,258,501,9,19,,,1049,16,3,,13,11,18,134,622,1,542,28,3,80,796,19,2,8,12,30,76,23,50,2,0,,,2,31,,,,,1,,,,9,,,15,,,,,,,,,,,2,,,,,,,,,,,,,,,,,,,,,,
Spain_Primera_Division,2025-2026,Villarreal CF,dydwiixiims98cx2iihfuf8wl,T. Partey,Midfielder,16,24,10,14,19,,69,2,4,106,2,,,72,32,40,109,99,4,19,,11,11,,48,22,26,1,12,5,116,,420,,3,63,10,8,38,145,5,5,7,4,12,2,1,6,1,8,19,362,193,179,351,12,4,3,,748,11,,,13,8,4,82,429,6,370,16,7,59,546,,,2,4,15,41,18,44,,0,1,1,5,,,,,,,,,,,,,,1,,,,,,,,,,,,,,,,,,,,,,,,,,,,,,,,
Spain_Primera_Division,2025-2026,Villarreal CF,eh70fwampgdyfv3hu25o2qx,Alfonso Pedraza,Defender,24,10,8,2,23,1,121,3,6,187,2,,11,139,64,75,251,137,11,23,2,18,15,3,129,56,73,3,21,16,9,3,458,2,3,124,26,10,67,199,18,4,15,6,8,17,15,17,3,2,28,351,171,204,330,10,26,9,84,1382,23,6,,34,23,20,212,466,7,358,36,31,108,857,47,44,10,26,42,120,35,66,7,0,1,3,2,4,1,1,1,,,1,,,2,1,1,2,,0,1,,,,,,,,,,,,,,,,,,,,,,,,,,,,,,
Spain_Primera_Division,2025-2026,Villarreal CF,4eezya3lwcwur6c8s6rl0rzvu,Yeremy Pino,Midfielder,21,2,2,,2,1,25,,1,22,1,,2,10,8,2,81,25,1,2,1,,,,8,6,2,1,2,5,7,,84,1,,10,2,1,4,31,6,1,2,1,,4,2,,,9,1,69,65,12,72,1,1,1,,160,3,2,,2,2,,33,88,2,73,2,9,15,123,8,4,3,1,2,22,1,13,,0,,1,,9,,,,,,,,,2,,,4,,,,,,,,,,1,,,,,,,,,,,,,,,,,,,,,,,
Spain_Primera_Division,2025-2026,Villarreal CF,3n9jnuteyjx6w6dxviuead0b9,N. Pépé,Forward,19,37,22,15,29,4,173,16,1,343,2,,24,266,145,121,620,154,11,29,4,28,25,3,229,123,106,,12,38,303,13,670,3,6,186,39,18,89,62,41,16,21,11,8,21,5,47,1,28,13,544,416,170,552,9,17,1,10,1940,87,10,,23,18,34,325,692,35,565,26,142,127,1183,46,21,51,3,14,145,28,113,3,1,,19,5,42,5,5,5,,3,5,,,14,6,3,23,,3,2,,,,,,1,2,1,,,,,,,,,,,,,,,,,,,,,,
Spain_Primera_Division,2025-2026,Villarreal CF,drwacyyicuhy3heg4j0ipqj85,Ayoze Pérez,Forward,22,34,25,9,18,,49,4,,71,,,4,133,78,55,132,47,12,18,3,14,10,4,99,53,46,,4,9,36,5,161,2,3,45,16,4,16,48,12,4,9,9,9,1,1,10,,10,2,116,88,48,133,9,10,,,819,33,2,,5,14,18,111,180,9,135,19,32,45,343,6,4,14,,4,40,11,41,3,0,,5,2,3,2,2,2,,,2,,,,4,2,2,1,1,1,,,,,,,,,,,,,,,,,,,,,,,,,,,,,,
Spain_Primera_Division,2025-2026,Villarreal CF,bfdtduknquzhr2br7ahlgvvo4,Renato Veiga,Midfielder,12,64,24,40,26,,39,3,24,247,5,,1,110,51,59,68,420,4,26,,29,27,2,46,27,19,1,20,2,175,3,1102,,5,156,14,10,71,534,2,2,21,,5,,,,11,1,62,964,275,750,963,10,5,1,4,1938,5,,2,117,16,4,169,1168,5,1025,15,11,143,1432,2,2,4,37,81,93,52,62,3,0,1,3,3,,,,,,,,,,,,,,,,,,,,,1,,,,22,24,,1,,,2,,,,,,,,,,,,,,,
Spain_Primera_Division,2025-2026,Villarreal CF,bvugj4shhvjqfhzyobkbup34k,Isma Sierra,Defender,29,,,,,,,,,,,,,,,,,,,,,,,,,,,,,,,,,,,,,,,,,,,,,,,,,,,,,,,,,,,,,,,,,,,,,,,,,,,,,,,,,,,,,,,,,,,,,,,,,,,,,,,,,,,,,,,,,,,,,,,,,,,,,,,,,,,,
Spain_Primera_Division,2025-2026,Villarreal CF,f0drogjsrwqv3hyjxuqcnk8vd,M. Solomon,Forward,6,1,1,,6,1,9,1,,25,,,2,19,10,9,56,9,,6,1,1,1,,18,9,9,,,1,4,1,46,,,12,3,3,10,27,2,,1,1,5,2,1,6,,2,,40,33,11,42,,1,,,146,7,1,,,,2,30,49,1,42,1,4,7,94,8,3,5,,,14,1,7,,1,,1,,6,1,1,1,,,1,,,1,,1,4,,0,1,,,,,,,,,,,,,,,,,,,,,,,,,,,,,,
Spain_Primera_Division,2025-2026,Villarreal CF,28psc296gj3umo59qqha8jil1,Denis Suárez,Midfielder,6,10,7,3,22,1,94,2,3,190,,,4,142,80,62,221,199,11,22,1,16,15,1,132,73,59,,6,14,157,,637,2,4,88,23,11,74,220,15,1,11,11,11,7,3,20,1,12,21,551,355,233,560,9,10,,2,1061,36,2,,8,18,20,159,670,4,581,19,9,89,864,14,7,21,6,27,84,19,62,5,0,,3,7,12,1,1,1,,1,,,1,4,2,1,3,2,1,0,,,,,,,,,,,,,,,,,,,,,,,,,,,,,,
Spain_Primera_Division,2025-2026,Villarreal CF,4ffmlhvbjvfjjnhr0byktvt62,Arnau Tenas,Goalkeeper,25,,,,3,,,,,9,,,,1,,1,,60,,3,,6,5,1,1,,1,,,,14,,48,,1,5,,,16,10,,,3,,,,,,3,,12,31,8,33,29,,1,,,270,,,2,3,,,43,84,,41,1,,43,103,,,,17,42,34,9,1,,0,,,,,,,,,,,,,,,,,,,,,,,,,,,,15,26,1,,3,,17,,1,,1,6,5,1,,1,2,,,,,
Spain_Primera_Division,2025-2026,Villarreal CF,e86pm8pa6for3jd40u0q6b0no,J. Valou,Defender,27,,,,,,,,,,,,,,,,,,,,,,,,,,,,,,,,,,,,,,,,,,,,,,,,,,,,,,,,,,,,,,,,,,,,,,,,,,,,,,,,,,,,,,,,,,,,,,,,,,,,,,,,,,,,,,,,,,,,,,,,,,,,,,,,,,,,
