id,nombre,foot
7dbzcwyph2xoljyhaogjo7mcp,T. Adams,right
8mcf8c8ht32as6xxrf1gb51m2,A. Adli,left
96ou7x51dxymv16l0ocsuhbyt,D. Brooks,left
cr4c6htcw2jewsvboj6s8p045,R. Christie,left
djelmk2oafas355n2u0d1bumt,L. Cook,right
7c0b5fz3m1uw0fwpm051e6rfu,B. Diakité,right
2wl0uylmkzi2ls7v4amgaa1yi,Evanilson,both
5fn9m086q3b5kdgt055bol638,B. Gannon-Doak,right
9ea8t509bssf2bhp1n5xxvrl6,J. Hill,right
clbsrtzkf61e6vx28ou5lbx90,Álex Jiménez,right
5qgc6zjc38a5xjl35gs7h3vu1,J. Kluivert,both
3f2e9orrwiljklmmzwh2m7uvo,J. Kroupi,right
aje7rfhp2kmdys3ht82xbx4wk,V. Milosavljević,right
bcfzovs0pj9urgv9r0ykjnlrd,Đ. Petrović,right
db59xs6wi27mder57ocnlidjo,Rayan,left
mfsus6ryni5b1hjn0y70sbo4,A. Scott,right
7tnuxlg9l4rjhc7j3ko36hduy,A. Semenyo,right
95pzsjfh0wf6isp6qpf9lddyh,M. Senesi,left
80bmtj7l07ohb2h475w955n9,A. Smith,right
erge77vege2a3zor041ert5w4,J. Soler,left
b3gobhr43y8oxpafvp4f8rgmh,M. Tavernier,left
ctq9si3nbc6n8cznhlcvtixd6,H. Traoré,left
92qqdiryqd8juqdjq8585476y,A. Truffert,left
9s97wjlj2f6cihmrgvymof1n8,A. Tóth,right
a27jmusots4qlgmc8yrecv02c,B. Winterburn,left
b64p21hmhsqgrn6n04mk00zpx,E. Ünal,right
dhs8pujk55ewcis7y5alchu22,R. Calafiori,left
61psw0tgtithfb7knevi50xec,M. Dowman,left
4wic6z72nwmhkheme209fcmp5,E. Eze,right
d66tmyj9pt69gub8pcjgo3bh1,Gabriel Jesus,right
8libvn3hxypz8x7gm4mr7kj55,Gabriel Magalhães,left
7ocm7nugzwos59il1pm4eub8q,Gabriel Martinelli,right
73xu8dfkmgivh8l71hkqfe6sp,V. Gyökeres,right
ed20ebhqi5c32vbbsze8r6yuh,K. Havertz,left
4foax2b7unlkev1eq6py86lii,P. Hincapié,left
azt1lhru9cgyb64h4h4fffrx0,M. Lewis-Skelly,left
e3il1t1s5lrn4g8t85fcm40oa,N. Madueke,left
atigcsq78g14w82lwvay26aj9,Mikel Merino,left
6o76owze8y78ue9sb49g8kyz8,Cristhian Mosquera,right
2lt2tw1qypl9hmlz529bo0sus,E. Nwaneri,right
8ju1opnca42o8i00wq3onzmqd,C. Nørgaard,right
4iijb6llnz28unsz4rirr3umt,David Raya,right
6jgocc12bori2wygyu07c082x,D. Rice,right
8tc7dcuwdeqbjgt7vw5p38xgq,B. Saka,left
65rqu55qbzswixgqw2efna06i,W. Saliba,right
aqlakf0mo95rlktf6xdbaegh5,J. Timber,right
8qwpdf5jof7o6yy47v6iv11hx,L. Trossard,right
cnmlhoum9aahwqruxgmz2gcfd,B. White,right
80aqmv4ht6rs1812qrr5j8kix,Martín Zubimendi,right
b1lcxeihx8z6pfv1jef4j5jh1,M. Ødegaard,left
363nsa82dww242zeo09wpcslx,T. Abraham,right
7x5very8ubtscmpfk4ghfpwyc,Alysson,left
4jyrztlaueae7eg18kuvxa489,L. Bailey,left
dxeju5zcb6j8etdgwq0kweor9,R. Barkley,right
7h2icfuwy00ilm14dw5xyl5g5,M. Bizot,right
9jj7t00bb5zflz78nlz3bvllg,L. Bogarde,right
l0qqn9tlgov91p5d1zzdupcl,E. Buendía,right
7t9sy750fvi5vmto3uf4dzyfo,B. Burrowes,right
1e9txzr9hqz94xtun6byo0vs9,M. Cash,right
e8gz0tmmdh1ql8qrn1ncrvnpx,L. Digne,left
7j84ozqdpgupzxevbxemi5tyh,Douglas Luiz,right
dz2rfsmhib89jwilpuub10qcq,H. Elliott,left
awifojlj7tvikhdfqftwhco44,Andrés García,right
7k0r5crdh9blj3edt31zwy0dm,E. Guessand,right
ak6mqx5tyz1duwg1u3v4fwfmc,G. Hemmings,both
ebiqfsdzd3xnycfgzsjd8bo4,J. Jimoh-Aloba,right
blth4klpu88kgh73abpjlgusp,B. Kamara,right
8qys6qtdwgsycxducl062zld5,E. Konsa,right
a3ms8havadt1y9x381l325txx,V. Lindelöf,right
9ysvzu336d2ahptkv7eoscl7u,I. Maatsen,left
7q96z3aaee5jyccb8pjthi8kp,D. Malen,right
3zl1q2gk6tdmzirsyfgm38no5,E. Martínez,right
btvuam6p4391am219taqtcted,J. McGinn,left
2smmv9hdoiet7necaf00ol51x,T. Mings,left
do3duah478rhz9cg2icde4h9m,A. Onana,right
2eayhzdix8knmn810sbngsdt5,M. Rogers,right
cv8egyrq9dlfgeamk6b7fdgq1,J. Sancho,right
eo4uva2gnx08xdazfaqzyz2dx,Y. Tielemans,right
57s7gfvt5btbfzm600wn7df55,Pau Torres,left
5m0j33eoa5c8pqlr0tdf7undh,O. Watkins,right
32bvxwhceid2xdcfx6cd8a8d1,K. Ajer,right
csinkvzxcphggdjeflmo173zd,N. Collins,right
ek0k9s7axizns3vtzyy3z5nu,M. Damsgaard,right
bs7iyv9ys61m88qh4rvb0tpzp,J. Dasilva,left
4csqktt1i4u9zu8fy4u8aok5w,R. Donovan,left
9z6gig2dmhz738cfm9l23nxuc,K. Furo,right
6z1du1o69dgamvu2m8yi97dre,Fábio Carvalho,right
25yu90pekqr1lhs098f3uxy39,J. Henderson,right
2nzefp5pwvldt2ttmxfeakamt,R. Henry,left
9xfrrmf19uv4i69ge0kg1hh7u,A. Hickey,both
9jrya38msibxt1c7rx1et4acq,Igor Thiago,right
9k8gysrsy1a261nhcszo4aoyx,V. Janelt,left
dtol82tjlq48bs0s70sisguz9,M. Jensen,right
471t4engadct4su6thk5r5qtw,M. Kayode,right
dpw4s6nbkfcrjlqxxgf9j5yhh,C. Kelleher,right
7j36oy8n0tu8ps0haqb4es48a,K. Lewis-Potter,right
cec6shf8ln2n1dibq00ez84yc,A. Milambo,right
bzummkjt2ya27kvolzmqn91wp,R. Nelson,right
34b0oqo4725okjxxngin9piw9,F. Onyeka,right
dg4782hj9xdqg46w225kzph5g,D. Ouattara,left
43knl3z17afypz27sz4qzkxnu,M. Peart-Harris,right
d9a62lhx21b0ym73rxd6mw8h5,E. Pinnock,left
1h3mduwlaf89ebwtqxuegsodm,K. Schade,right
9hl2v867qfg6nzsdadb8wu7e1,H. Valdimarsson,right
9mrmzuytv82k3u2nco9tq9y0a,Y. Yarmoliuk,right
58ixsja4yf7pskmshzo7ohwfe,S. van den Berg,right
192qpmicfd10d7mutv5y762qy,Y. Ayari,right
bt40tdni85hiz1gtkw0b6qmfo,C. Baleba,left
d92v6n4pf20eepvli92lqau39,O. Boscagli,left
8o8o4rxbdhv002pj0q21l0f84,D. Coppola,right
bjhjz96omjukrg6tj3mny39t6,M. De Cuyper,left
jagvvzc7329tf2c64mnc251,L. Dunk,right
3k6znit6fd9mbfcnphlwyvj6d,P. Groß,right
90wsjxdc3ibvah5gm9tnsjwbu,B. Gruda,left
bqbt9eix8zlp6rxzxofl6rjmc,D. Gómez,right
eikpw8bl1se3sj6hnsndi7zmc,J. Hinshelwood,right
6et9hjqnyz4dp4zngp6mfhq8k,H. Howell,left
acg898oezqn7590ue8x8aik89,Igor Julio,left
1lbbxbar7u6t3rl463zd7jp49,F. Kadıoğlu,right
b4e02balad41f9vqo7hqaz504,J. Knight,right
f23e0mo62rmrrjso771t54jro,C. Kostoulas,right
2wwo7wcxz4gfy0ubkzynvrsnp,S. March,left
3xqbru6q5dvtrhv6coe7retp1,J. Milner,right
50lnmkk33eoivv4ksly77hkpg,Y. Minteh,left
aititrd343hal6ount0dp5zze,K. Mitoma,right
cm7l7qimy4iysm1khmpc7u961,M. O'Riley,left
eofrc8ta50kpgax1wzuwfpl3o,N. Oriola,
e8ekkg0yayhhmmhinl0v9une,G. Rutter,left
clnqh13cxucxja1cymcyu9no4,S. Tzimas,both
bh20puvz2w21mnag7ul1g3c9h,J. Veltman,right
3wwi5vf2l1qbz7e5zdjoy8yga,B. Verbruggen,right
36uqz2z07xk8jhwyg5g159gr8,T. Watson,right
c0yxqwkxqx1sty7abj1qwh9zp,D. Welbeck,right
672cwl9zj2d6lce6jda350vvu,M. Wieffer,right
2gj7h5fxuh4y0tbp6j308yk4q,J. van Hecke,right
5wqrzi7ar39jpu6mn8a67ngiy,Z. Amdouni,right
8cmkqkrjme3wb0gegzn1e6xre,J. Anthony,right
31v89l4k38v1wpisz7xhkq38,J. Banel,right
bwgjvtqtuflgq4ov3xis75vbp,A. Barnes,right
6e6ttu4unqctb2addbnp5cyga,A. Broja,right
9dnrpl2c7n769i8nbfnboq2tx,J. Bruun Larsen,right
5wmda9gxa0vtnacgb6nq13gtl,J. Cullen,right
7w4l5mrrrg66wvdd8ndb5zb9x,M. Dúbravka,right
6x3qvqsp90kjsps3e4wx0oxqt,M. Edwards,left
d42wfpzen6mx8db93itndix2h,H. Ekdal,right
3izhfm7i4afomephw07mp4nsa,M. Estève,left
7s79un28qujnx64qwl49wy4tl,Z. Flemming,right
5t952swvuoed4pdwgbi4yjhex,Florentino,right
21545vwheo9a30u5hgnsrecmi,L. Foster,right
4fcjml5xkrwp4jykruzrzub1m,Q. Hartman,left
7rs22vzcyiy7txf7tlcbwd7ca,B. Humphreys,left
50nv5gr7dsp0amdt59ous8vdh,J. Laurent,left
7vzbp0q4j4wucnzynmah15st0,Lucas Pires,left
artzh7xur73vi2kaso97fl756,H. Mejbri,right
55u45p7vwom7civ3xy3hdf71m,O. Sonne,right
97nqu0mjr4ulkoiqn3y6nsmzu,L. Tchaouna,left
9pvc7e65cfgtuipfen5zt463t,M. Trésor,right
cr74l0rwvkf4yck0go4esw44p,A. Tuanzebe,right
49vfeofafswzu1f6rekqjbjhm,L. Ugochukwu,right
e9wu8dcamrtj3ftbx3nmhusid,K. Walker,right
7r6vds5j65fohi1k28cnqjqvp,J. Ward-Prowse,right
1b70inwbybewkz0b07gzughec,M. Weiß,right
1tuivl8zdnsaz8vbed2z582qx,J. Worrall,right
ek4oa7zejocbbgu1l2vdebitw,J. Acheampong,right
661b6x35l9b9uieqbcq7el1hx,T. Adarabioyo,right
39ccv9t7ydrrcwd1es1xu2e50,Andrey Santos,right
5g5wwp5luxo1rz1kp6chvz0x6,B. Badiashile,left
9drh3w3emxjf6aah8pstsdgr8,F. Buonanotte,left
3uc9z96xvain84leorf4ls962,M. Caicedo,right
5e2zgfe3ltc6qbnoqdfshqsph,T. Chalobah,right
573hlc6devy50gjotyav9ql4a,L. Colwill,left
7c2wnewpcf1idj6ghj6gu0wyd,Marc Cucurella,left
5jk0wq14a8emikh2vh53aw0ve,L. Delap,right
2dmhzg79cuif9az1vfnz4rllg,J. Derry,
1g8xr073jl9jwmh5yrco855d6,Dário Essugo,right
8ezfdv6lgv4gz8kogxvvn1rtg,Estêvão,left
1zxwich342p8fholev7ddkwh6,E. Fernández,right
7yirx71oya71zjsgldj5ucqcq,W. Fofana,right
e5eiuko5p1yms97xndrvcr0bu,A. Garnacho,right
es8orzwchom47yjt6nwwuc5qs,T. George,right
c2mwg1uhug0pbgl72uf9b927e,J. Gittens,right
9vk04uj215dfan7wak7j25hjo,Marc Guiu,right
8jt4vsixxoqp4uvskyfl7k222,M. Gusto,right
bgydmtsi0ngn9k56apo29v0no,J. Hato,left
dczrgxyolp7lcz413wkz7ap61,R. James,right
eaqqezw2ed1u0tt3zc128mr1m,João Pedro,right
eiqcjlj9kmitoj8g50vaglawa,F. Jörgensen,right
dgjl6ks0r7lbh09fe8cuwj7ro,R. Lavia,right
dl10343h8yopcgerzur5samwa,C. Palmer,left
6psklvi66inwws7buzf16yjft,Pedro Neto,left
2bfs1dfmyao4e3gzha29t1lw4,M. Sarr,right
d9yxninyn4bac8f0ufxsnlqll,Robert Sánchez,right
a56woizbe4g6jpl3fg4tlgno5,W. Benítez,right
9t1ikyd85kvlhv9r0u938836c,J. Canvot,right
ezrn62nekq3wpw1qs1yu1ezmd,N. Clyne,right
6784eycsmgf7ac6xujgccvq7e,J. Devenny,left
8hrd92b0cov6womls0eazrd3o,J. Drakes-Thomas,right
7s4pr23iwuyfj5xg4m9le92c4,R. Esse,right
9ipux4xiejibplsbbhqz8d5gp,M. Guéhi,right
5z8ycnd0smdkumi5fgtzf7c9h,D. Henderson,right
dbebh5mvzowjrp7h4qvzxvaol,W. Hughes,left
1l228p52d8wdf8qhfxqu8rca,B. Johnson,right
az15xx7m923srf9gdbwmiyga1,D. Kamada,right
7e7w34imugzsufvytjxytupd5,M. Lacroix,right
6gxyeuqjnyj9bl4n8kz14sv6d,J. Lerma,right
djgqihf08sxqh0zt2xe2xzv1l,J. Mateta,right
6dqnwhx0eglxhelidxg0dphm2,T. Mitchell,left
3yb66hal4fvr04bawz0y3efhl,D. Muñoz,right
2im16cd31tgg3yac3c8c18jbp,E. Nketiah,right
4eezya3lwcwur6c8s6rl0rzvu,Yeremy Pino,right
31hruvmsmvb0f8cvr63le2kgk,C. Riad,left
5nsag404623qznyyizl8yuwkq,C. Richards,right
cby4bs6g9c27z6qr6v16hrac4,K. Rodney,right
44s112hd02w1i2ucvai9jy7e1,I. Sarr,right
e9u7cmvaem5p7x9px3yq9f179,B. Sosa,left
2ge9oa66xgsefhhpvuboua76x,J. Strand Larsen,right
7kser55g81n3lqj9rjd2mwftg,C. Uche,both
asq9gj1a93bltsfd61i6xvqsq,A. Wharton,left
c9pmcoyzgtgcnlc63cl4283bp,O. Édouard,left
18qxb54ol1s4mtgl7n3224ciy,C. Alcaraz,right
d84upyw8b3umj864lyffolyj8,H. Armstrong,right
1wileoy8mxtd2t1b106uhwzro,T. Barry,right
6z3a27dxffwacyxof0imvcfvu,Beto,right
1ph4g125dfsijfjzjpcvpcmlm,J. Branthwaite,left
9nq9bocnqq6bu8ho4m26qmkt1,S. Coleman,right
2bkp1lcaxmvwoanxwo0775cdl,K. Dewsbury-Hall,left
3qov7l9cw4fu5xwh0lmxmsc2c,T. Dibling,left
15948izygnu32cu1pw6h5wp9l,J. Garner,right
72nph557ee2a9tdky8rvk12vp,J. Grealish,right
ceerfv28fygp7m2euv5n5uu39,I. Gueye,right
axj86ms31y5wju5431l5j2lwq,T. Iroegbunam,right
6og6s61vrg51rfqxk9cipylzp,M. Keane,right
7qgt7sht6py670pt6t4wjhqay,D. McNeil,left
9o1vesnpfiucpoq35ihhpstex,V. Mykolenko,left
3dm2bfuoyips4rbj0vhvbp9be,I. Ndiaye,right
8u5vfczmsnklqp9bpilrbvy8k,J. O'Brien,right
a559ewan4122b6orx6d0f6s16,N. Patterson,right
e8dina16u5kt5ho4u5igtmimt,J. Pickford,left
5n7vp6g13q7sxkzbygfbz27oq,M. Röhl,right
35jaxclh329duzefna708jk5x,J. Tarkowski,right
5wkso3mls5ulkilr0xzfix1p1,J. Andersen,right
4jqgl7x5ewke1u0sy2cbkqfhl,C. Bassey,left
6k66e9gxbu8s7zoxb7mrtwcmh,S. Berge,right
58de7rbubnxjraen49dxpaqne,O. Bobb,left
cgvp2cli2gi4cnyl62kt80r11,T. Cairney,left
p87gxg8kc9ta6iipqt5fxmtx,T. Castagne,right
3bm08rp9rgzh6cjhk0picxs6h,S. Chukwueze,left
aza9jho12wrfa3oczxoj670mh,Jorge Cuenca,left
chn2v9j6dqmuz2haoiuulbd91,I. Diop,right
8kb5h8df97ju107n9ibigo1cl,A. Iwobi,right
5wa8lzp50ccfhxg3j4f65gt79,R. Jiménez,right
8bj0welrf2r362hzigb86704q,Kevin,right
4oh051knl4dkgju4yvj7xlwr8,J. King,right
2i8mia6uantvhtmpewgs1qz9w,J. Kusi-Asare,right
2f79rc4i712sxstahjkq6pxp1,B. Leno,right
cdrzpuj49ploquvdolgh5c3bp,S. Lukić,right
a9k2946gt4hcqw8jpi6ow3jdh,H. Reed,right
bgc1psqiv7vagmphfl920nbah,A. Robinson,left
9wqqm1lr6y75yl27asdcygf3e,Rodrigo Muniz,right
cag3gzjcv8erx3zpp2lidzcvd,R. Sessegnon,left
4ali7e2nk26rfzr0660xdrx0p,E. Smith Rowe,right
2qy2d8xkwkbeyw5v8ljlzb845,K. Tete,right
e83zd56y74k8uecxqyo5xw7v9,Adama Traoré,right
dlpk0a4jgiswcm2r75uh1czpx,H. Wilson,left
8rrcscn29rs1gk8mi1pwpu92i,B. Aaronson,right
f1ma05bi3t1hfbflylx5d9tyh,E. Ampadu,right
ah0f7tonnst92d8q91j1wll62,J. Bijol,right
dwumn5qew7ae53givnx2p892h,J. Bogle,right
fr9ac60188vlmtbrcddhxii1,S. Bornauw,right
9kvp5ddeay1cmfwoao8eo1vbp,S. Byram,right
374kcix9j7e1cob4uxmfncwyd,D. Calvert-Lewin,right
cnoomjxp6tna0mx2ycuptgixh,K. Darlow,right
9z2j13bl5yh4i1vyofautc9yi,W. Gnonto,right
dr0kn3srxtg7nuw99gjoim7e1,I. Gruev,left
fij46jr9fq43444gr1y8tl9l,G. Gudmundsson,left
6kih58n0fzlod6c792xpey57t,J. Harrison,left
dkwkmrmpb7rq4e660efcu5hat,D. James,left
6icypdqtfk2k81ax0i49j5xpl,J. Justin,both
9pv566tidfz21e00y4t0mbap5,S. Longstaff,right
dve7yj8usejn9x7pmdjvozje1,Lucas Perri,right
embn1jhcly07i6pjcvcdiavo5,L. Nmecha,right
aqlu9i7yzmnmyzwuw6u93j6y1,N. Okafor,right
6ka58mn83rknx80e4y2jk3949,J. Piroe,left
otan631zzfnq2sektkl3ywo9,J. Rodon,right
az7owi5t4bclkamjsjuyxzv1l,A. Stach,right
b275i2lg3anqae5lv9gmrzmqx,P. Struijk,left
28ucbvor6b0yxreoieehudfc9,A. Tanaka,right
53d0pvr7ylvfhp6p749iniqc5,Alisson Becker,right
5tbz2hexz7vind39ot6govqzu,C. Bradley,right
c6nl81c1q4unq5js94s6s942x,F. Chiesa,right
3vx94h32ahujciraspdayj9t6,H. Ekitiké,right
3kti58d195gmtzwrjh5nprx05,W. Endo,left
9qo448ueot8pfc5oqo378wag9,J. Frimpong,right
9psfk94nduz6icnuwty5v9all,C. Gakpo,right
29dp5gmu5xbd04mozwxq5tjh1,J. Gomez,right
5ga7g20wsa7oqjbh4ijoeknl6,R. Gravenberch,right
7x6mnev1ob4u5ffmdsvusb4rt,A. Isak,right
3kdl679ra6mlobdg09xqf7fft,C. Jones,right
a2zavv31d2aadyddk0kjttdgq,M. Kerkez,left
2zfjgh5747ge9r9q0thbk123t,I. Konaté,right
am6ppbdrbz4ml3xsbty53o73d,A. Mac Allister,right
20o2dr1mdk18xhxmkujzgak89,G. Mamardashvili,left
5ilkkfbsss0bxd6ttdlqg0uz9,Mohamed Salah,left
154gonr6x9vuraxmzd9zi5xck,R. Ngumoha,right
e51jmlxup2pdr8ikl98etxgd0,T. Nyoni,right
eziqega9e25bg939pfh4vjp3p,A. Robertson,left
avh60ensgiwz1qalvn1bbqkfd,D. Szoboszlai,right
2k5g68ywtr79lc45wozvifqlm,F. Wirtz,right
7rnd1uiknmho0s7a0objtnlcl,F. Woodman,right
dxze3b3fsfl814bjcs7q6wcet,V. van Dijk,right
7jn9kl5wq29d41ekc2fz2rs2d,N. Aké,left
43n6lws8fguddvg3e4ukfrpw,M. Alleyne,both
9jxhgh1vhc531ho0ez5alfazu,R. Aït-Nouri,left
b3974hgsmyff5xtq7qf1onhlh,Bernardo Silva,left
1ehcji0j9s8b0qsj8v5zinjvu,R. Cherki,both
85gmjxvy1g5aj1lcizegwuaui,J. Doku,right
4cetkl0w2uq40ccti5ka6a4t1,G. Donnarumma,right
693z0rzfh3m0h0wsma9v8c9ux,P. Foden,left
1bnn3tokzwvl4vvw34yxsq9gq,Nico González,right
9prtaifv6stlujgywgq4wd08a,J. Gvardiol,left
atzboo800gv7gic2rgvgo0kq1,E. Haaland,left
d7ofv9d9sbp263uo76cm2qxhw,A. Khusanov,right
ehopba709zukxj4vgcync942d,M. Kovačić,right
d0azo0spzov2hg6ul40l58e3u,R. Lewis,right
3trkre1c81pzretsjsi8jk6sq,Matheus Nunes,right
40zl8kgb2t0glvixqhe6fk6qc,D. Mukasa,left
drh7wx5zz8c4dwa9o8mrigjro,N. O'Reilly,left
b8if5dg0k9prjik99aiutewh5,Omar Marmoush,right
5d6d4oc2rpau0mbbbt2dmtzv9,S. Ortega,left
2w7xspkzg7b9ghl20me202ove,T. Reijnders,right
dqfk7czrayirrvonirtk2mk15,Rodri,right
2t5s4f41jefzuzth0bhcixtcl,Rúben Dias,right
6nwn2522yescgrx57wkcxjhwq,Savinho,left
3gem1jrrkgye0omb88fk1lsk5,J. Stones,right
1c4nu9s3t3p83pufjf3n3xqay,J. Trafford,right
5cs6o0g04558bdb1gehmc3ht5,A. Bayındır,right
3vtjjrqof5z2tjj84ehadqc45,Bruno Fernandes,right
6nb8hub5usi3iasywa2fjf1lh,Casemiro,right
didsdryngjutw2x6tpwnnju5m,A. Diallo,left
3f3jcsa7gk6in9fskp9w5a5t5,Diogo Dalot,right
cr5wtg3ulqjts3lu3xpnmlmac,P. Dorgu,left
bn5iwjd1avm2zrxp8qy5vrbis,T. Fredricson,right
4tb2hobv1dwon0e8djvuohxxw,A. Heaven,left
407kah9emo9q5aefwuwo4ptlg,J. Fletcher,left
759tgxt9xusnioh2clkiau4us,S. Lacey,left
398isvyux7zpjiwa2hzsxyc16,S. Lammens,right
1vz038uyzmq8saskeeo0qhm8l,H. Maguire,right
cgm6zre07l5qauif32jtfqsk4,K. Mainoo,right
bl8667xvrhy0tft8x3lgopomh,T. Malacia,left
3wgqz1w42vny9fo4uh3iw0ydw,B. Mantato,
b17tkj4ea4jld8yupekcolall,L. Martínez,right
9rm3r46uzxlmuqnp0jo4danhm,Matheus Cunha,right
7vhnftizqlyu31st2vsmgh6tx,N. Mazraoui,right
v78uhwxgzojcec8lsdvucusp,B. Mbeumo,left
8nh6qf9i1d0qw7nx4wk25qzth,M. Mount,right
4ynekiqwgd0l8h7cuyvdl28ve,B. Šeško,right
7uxt9a7t22ij4reg1uire5uqd,L. Shaw,left
ot85dcabdrz0p8rsxk2angno,T. Fletcher,left
8jfjglichcg0py57hhri5v0fd,M. Ugarte,right
6q793p9lurdevqmetgoke54wk,L. Yoro,right
56bidwsegakrtx3z1qbbpnc6i,J. Zirkzee,right
10zt8rbgbmyqxr1m13wm5gfs9,M. de Ligt,right
en2qiiaubgikr1aeklrzkku8k,A. Murphy,right
18paf5a7rfe4kutxjl4cwd695,H. Barnes,right
4jwkz8almo2997hvp09zl0p9l,S. Botman,left
72m84nwa6dshu3ibmy13dz5rd,Bruno Guimarães,right
6f1ljb0an6d0g4nbap6xgxsyd,D. Burn,left
5wengf05apke7rv3kms186j56,A. Elanga,right
8mjj0wgufggpc1ai2dk21h90p,A. Gordon,right
8i46yzejeiwdmz0tywmy42o2y,L. Hall,left
37d7oej48pb143o5eilue1hhx,J. Murphy,right
c589fk8pfqvbukvtdqu1yhjv9,Joelinton,right
7w8raplugv51unjcao6cq22tx,E. Krafth,right
7z5ugeh3ejhwa3c8tg7idkpud,J. Lascelles,right
bdmomasg7lrn5pwihecvgpuga,T. Livramento,right
552xyc766gp97a5zu8tcx4xzo,L. Miley,right
bf7ph89zhr5y6rtct5k9bvqc4,W. Osula,right
9s9i1a7hdq5bud8ma2dqi295h,N. Pope,right
6yovfcug6e9hykfauqy0fq67d,A. Ramsdale,right
bhsh1n3qfg8awmctxlh8k7yzt,J. Ramsey,right
dxxc4dioaioidmvamkzqr4b85,F. Schär,right
cfpaejad8i9p2r1fj0wx0g222,M. Thiaw,right
9sxg58hszjq17avxgumftdu22,S. Tonali,right
65z99j774kjnbf7vm0u2q0jit,K. Trippier,right
5tbabvk43ljv3z3wd9mh0y8r9,J. Willock,right
bxjc2heo4ve54cyvw98qcck45,Y. Wissa,right
2kd2kqh0ykd5iuziic6590gve,N. Woltemade,right
8fpslckj732nwuqwnyk9bljpw,Z. Abbott,right
7zokstl625tj96c64ow4uvjyt,O. Aina,right
exzca2akgjl00jfd2hzh33h7t,E. Anderson,right
55eiicx10oqok1601fqyovt1x,T. Awoniyi,right
jvtea24o3s6ze8etqk0rqgru,D. Bakwa,left
38de1wbyp2ruksgffna791n8p,N. Domínguez,right
55yy0p6johtu9nxk90zsfctt5,M. Gibbs-White,right
3rtuz9v8j72g7582pqbuaijf9,A. Gunn,right
7y6f63pj7horkzhdzbge02rqh,C. Hudson-Odoi,right
71bbzkvxtah61qhi34m9n79ck,O. Hutchinson,left
as2byx2nymkahqyzw88gxictm,Igor Jesus,right
1hwkpsnmh04e9jakw26e584k4,Jair Cunha,both
465ote63ku4expl5kfdck5plh,John Victor,right
1ziaf8ivlizetjhinr9ua6uax,Jota Silva,right
dw9fzixumboknmucqgqffurmy,A. Kalimuendo,right
6w6ewzxircqxk6dsrs1rvc8ru,L. Lucca,right
6zjzpbshmem98ecmuc852di0a,J. McAtee,left
bhi4ivjgojkot4d7za72gu2nd,N. Milenković,right
bocgbpxctelmsucqoba2dujca,Morato,left
4txq9os03xwnktfi0n2qdmok,Murillo,left
ex10o77wnk1exp9tj1t1rqj56,D. Ndoye,right
22zaq3o78o5feeogqdsvig02y,L. Netz,left
1abb1gcw7arw1nkbuxnccjca1,I. Sangaré,right
979xx3uzyuwalkho856m0b14a,N. Savona,right
2vgr8c97x4b2e51tyvvixusid,M. Sels,right
3mgjcyaseuexxlssgatjgsand,N. Williams,right
cjdycctu96jilvbvnl7ndh9sl,C. Wood,right
ece7xph4emgawvh7mr56319ex,R. Yates,right
3l7amac6wdv9yztupg7ur3kl,O. Zinchenko,left
ai5p5wgft6c09bjbldz9sfeac,S. Adingra,right
2o3bka7gokfjkej1f600ovbo5,O. Alderete,left
drjbms71w0kt1pidq8q17h05w,N. Angulo,right
bnjdkz5d7st9gtn2srjs8ozc9,D. Ballard,right
3pqbfpqicht6vll0fosml3tp0,J. Bi,left
9c2i7ddl2uh7kuhwq62klkyui,B. Brobbey,right
b4llr08d8tnltvsnv7agrxnxm,D. Cirkins,left
egtyl4noukbjkm1va1i11e87o,H. Diarra,right
7iv79dtpsplpjl1jxod3swmlm,M. Ellborg,right
4yyekuopwb7otz18rqfgwjht5,L. Geertruida,right
31foqyshubo5nkh8kdmbjw8kq,T. Hume,right
1yev88jhwy9w7c4v3m4yyul7t,W. Isidor,left
44o5mjglkzqxctz07ust9bcru,E. Le Fée,right
55bgi895g03zhc7vdh7e7yvv9,A. Masuaku,left
c88btdvycx8d59x4yn1yrfqc4,Eliezer Mayenda,left
cfg0ocm0b2icpagbtnzkrihn9,N. Mukiele,right
7jpzrq4bpes3uc1pkh56sc0oa,R. Mundle,right
e3h1tvkjrapl7usr04np8759m,D. Neil,left
4o48qpaaxvvvbjuxjeshj85hx,L. O'Nien,right
cj3dik1dqyo2nf1jgmyn471sl,Reinildo Mandava,left
b5ff5jpe5loaqmlxwsqine9ec,C. Rigg,left
dua66xdc42wx57vmgh5t4ttxx,P. Roberts,left
6h0fuh0aamz86pf25qebm0fvu,R. Roefs,left
dwnd8j9ok6ncbp69gmchw953o,N. Sadiki,right
e1islmeew98wa2ge0dicloay2,J. Seelt,right
5606cqx2mlkrp81oe6uh6ghec,C. Talbi,right
9uo88sreasbyj41lg34hxy28l,B. Traoré,left
6264xjr1y00yu7b9j2pknalzp,G. Xhaka,left
3wp8fuk07m1ph1fpmbqe7tf55,R. Bentancur,right
7pk2vyumro8ku45aar5dw7dw4,L. Bergvall,right
1g15ehziupxnsy1kvl3pqmbc9,Y. Bissouma,right
aulvxmbiie751rx4lfrfpmhas,J. Byfield,
4ezld812zytvbokz97jwycgkp,K. Danso,right
7qy1hiitksyuaa9l0irxg240l,B. Davies,left
4gbk8ka3fv401f8zyslo38fai,R. Drăgușin,right
c83h08n0vnjvfgglyefy03h0p,C. Gallagher,right
4stnvxbf7enogqej29n3ll0d0,A. Gray,right
ecp0v1dxqfjbgy3urnkz5d3o5,João Palhinha,right
5qc2hwkixcdpfbq6qmfpxvey2,A. Kinský,right
g3fgd752o63acmmuahdvppm1,R. Kolo Muani,right
p7vw4thx5wzo49h6hfabcq5m,M. Kudus,left
a1yoz8f4985o166nzcyigpj2t,J. Maddison,right
9bkzl4dx3mci3w86rjpfkwowk,W. Odobert,right
235o0gowb68vw5utyes1a51qs,C. Olusesi,right
77yaqzy45dxtzicao00jxrlgq,Pedro Porro,right
c5zmr0m17riujelm4up44etih,Richarlison,right
2w7i4jfw5wgh3j2wuworoumeh,C. Romero,right
1d3da6oy5qbv09fra1z4pqrdg,J. Rowswell,right
btf0dch35aww78bzillh2jgx6,P. Sarr,right
33h8s55zcj0j535g2dyz9tnqi,D. Scarlett,right
exhxdmdq49xj4dnguq03qnlgq,X. Simons,right
dvj6rdi2k0td95oxldbj6e28l,D. Solanke,right
3ejs2v072imy9uf3nmg43i0ic,Souza,right
9irgn82qm11logbhup51rg5wp,D. Spence,right
cv1d56d42wujfuc4kt6bn53x0,M. Tel,right
c33x61zuxixolkkalsigc3q0a,D. Udogie,left
h12c7ocq35slzrop3ltnrsnp,G. Vicario,right
dodddfi0l5i36vlgbaybhzeqy,M. van de Ven,right
3o0zpl9cnmna2hyk595ja0xrd,N. Aguerd,left
9eaevg9okpy4gcm6yofg7vbv9,A. Areola,right
d542ijpf3j9hdrtt1mfe6vwlx,J. Bowen,left
27hwtukeqxh91ch1f3qr1it49,V. Castellanos,right
18ibccymsaxom7wdnfz0tevx0,E. Diouf,left
3djmsd2atvq16ysmocq7twsfd,A. Disasi,right
8azqsh9x69noyyxe508disyz8,G. Earthy,right
cjq9g6zgcxk1ceo2xzpe1qnyt,N. Füllkrug,right
eobf6cct1dpm7bdqyatg6ejmx,M. Hermansen,right
jykf7m9lffcn8ezf8fcouv3d,A. Irving,right
6xzgcexqk70l1ps75vs22c9p0,M. Kanté,right
2nz313c0ot91untg011l3pc6h,M. Kilman,left
at7mm2zrj2hjhu4bnq1f9noix,Lucas Paquetá,left
8wcpxluqhub8yqrgi1jcvzbx0,Luis Guilherme,left
d3pb7ybk0yv0hrjbr80vyx1xw,S. Magassa,right
2enbc2twlit6p88fivho2aal0,C. Marshall,right
d6tc895jr5kkxotydz2jcjx1w,Mateus Fernandes,right
5l8wtw156meo2vrtrgasif6jt,K. Mavropanos,right
9p0o4y4dpb8xioba6ogpu2nmc,E. Mayers,left
bvlwv6fwawqnv446zj516y4no,Pablo,right
7tq0nbv4r6h0xubf1yugetp4a,F. Potts,right
73efpm314q2paeacsvp4e8q8l,G. Rodríguez,left
cewu4eas8t4vqw2ade2o5apsk,O. Scarles,left
6wwagkprtmcadu8p6klcu2uhh,T. Souček,right
7sdbx7mzjxhvofvke9mp26kbu,C. Summerville,right
7cp51c8zn7y08iyk0hc9ix5nt,J. Todibo,right
2uiza5b6fbum38chxtvmnkzqh,K. Walker-Peters,right
e1t5rgvs2hwnldts6vn8agzc9,A. Wan-Bissaka,right
66r7rq9kcoyow46ovmhzrtec5,C. Wilson,right
36h87ecgmpjdltk1epsbvmiju,E. Agbadou,right
bgsz3d0fmlaw8003dn66i4m0a,André,right
4x28fz3umkky3c6488mza2961,J. Arias,right
dusjrdiyxfadenwx4pjr7catx,A. Armstrong,right
boehs62sf23wlas5wb4l5s2y,T. Arokodare,right
wg9qybhs3qeq9awhux331uqx,J. Bellegarde,right
5pbnl8ssfcrxf9lfg1pl3vxzp,D. Bentley,
f1d2kd0gd4a3jlerhixmi7uy2,T. Chirewa,right
31wf775s975qy3il33oora8k5,M. Doherty,right
85a377j24ljbzjwmtza22f95g,T. Edozie,right
7nivkfkngr374fx5totgektm1,A. Gomes,right
6w1s9fojh50ecti3rz8jv6jca,K. Hoever,right
f1lellpt59ka10kyngi7vsqy2,Hugo Bueno,left
dl8x6fzdexn8r0sj65vgcgq8l,Hwang Hee-Chan,right
5frs9u0spep2j3gszu06awo9h,S. Johnstone,right
71rob1lsnmdviy1siakkzpqdx,José Sá,right
5hu4oy1jz8k1c3ajuiueoo2ga,João Gomes,right
33hs47yxefec8e9ntgqgr49n9,S. Kalajdžić,right
3vp8awfs73xgrh2krs24w6up5,L. Krejčí,left
9g4ojrys88awchyj6zgmd6oes,Fer López,left
970owquiv1ukwfm4fn89gc7pw,Mateus Mané,right
8i3y6fo1y3gizq05j2im17c6i,Y. Mosquera,right
8qmm84tue6kuz8e5nhhdhmz8p,M. Munetsi,right
31bs2qi2aa9in77z0iftbkk8a,D. Møller Wolfe,left
6hoqv4bzsul26mtvkvo1x8lxw,Pedro Lima,right
2apqk2zobhs8ypnaw0bzkch9m,Rodrigo Gomes,right
39dgr8s91agremy3nvp4q2221,S. Bueno,left
39bcswfqnpa07b4afevezejo4,J. Tchatchoua,right
29f3jvukalzylzr19t9phgxgq,Toti Gomes,left
7r7wgbcu7vmlj19m9jpjhu1yi,Jesús Areso,right
8hm6d6395johhjsoe8jz6dcyd,Yuri,left
do5tibysnhbnbw18nwdo39kut,Alex Berenguer,right
5ayo0fp6wod7cqg71e38zdz4k,Adama Boiro,left
72teeil638lx1xlg6htlkt1qs,Eder García,right
b91n9sdabth8oocdawayybdud,Andoni Gorosabel,right
3tzvbdszdrj1tayik9igbve8l,Gorka Guruzeta,right
b2rqgjegzeyq6wy6qu63zz2fo,Unai Gómez,left
a2k7c99py1zab3qa0i0pjy590,Asier Hierro,right
ddvvwqxpsqqboupi3gx1ijhed,I. Williams,right
ck7lu09geq8mi6vkf2llyi5ii,Mikel Jauregizar,right
7fmpgkx58o9pivo2bbnxxkt05,Aymeric Laporte,left
v7isqpxiursyjhj5rmhyhjv9,Íñigo Lekue,right
7aoe0u87gxgv9tvgrotcfue7e,Robert Navarro,right
66jotyvbhtz5cjvhbby6luelm,Nico Williams,right
5kd57453a90zahgdxwkghr816,Aitor Paredes,right
352ywlfcjt329s7etjn4rkui2,Beñat Prados,right
1xsrdgt40nb6p9qvt6mf272fo,Alejandro Rego,right
7ubtan6a51o79w469zawrqqqd,Íñigo Ruíz de Galarreta,right
dfcbvsb7o18lavmonbp5ucwoa,Oihan Sancet,right
by8xbw0rb239l1x4b0t33tpn8,M. Sannadi,right
esru3us4k7xaj6hjycz78pdsk,Selton Sánchez,right
26wj6flfqi59vgz6vwjgur2ay,Nico Serrano,left
4vlurpsi44g09g159t61u83bp,Unai Simón,right
43sv2qpco7dsobxna7z9dugyy,Urko Izeta,right
7x2c4pr7hvku5zp0dnjcpy0yy,Unai Vencedor,right
83n1qv6ypl625aolzjeqifv11,Mikel Vesga,left
9d5h5wxf44qu4fw3jk2pgis16,Dani Vivian,right
uzzq2p3s1qnb3wv1pee3mcph,Yeray,right
609aarpl34780k5mkkwluvjf8,Íñigo Arguibide,right
2zcha0sd7axiu2s2c0bccz2s5,Kike Barja,right
cywgibmici8hwp1ad1nhk3ufp,S. Becker,left
6nq6p1kfoejfmnzpckquv4tn8,Iker Benito,right
5tiol5jc7h11oic9vvyu83fqi,E. Boyomo,right
bvs3rixmobb9gje6kfvhgb52i,Abel Bretones,left
946z96r5q70ryslp3hlhafnx1,A. Budimir,left
bi8nrmyaxsgbhixw921fzvm5l,Alejandro Catena,right
15no5m0njma23gf0ygu9agt05,Aitor Fernández,right
40gxfsz7bgrkdudqewlpxzyzt,Javi Galán,left
5t2ngljfiapcn98qlnbifg53p,Moi Gómez,right
5b9awsil5bgqrsc13xsoj35nu,Jorge Herrando,left
amjegysk3et638l4od103c7o5,Sergio Herrera,right
1wezo3pjdktc0iqaxze3uh2sq,Iker Muñoz,right
8ij122duxc65thlj8flk2xdjp,Juan Cruz,right
f4gpe0pxov8sea9e0fs24h8q2,Jon Moncayola,right
6km3r9cspyz7g6343o9mri63u,Raúl Moro,right
bpf2fcb73l96fwspo72shmkiy,Aimar Oroz,right
b5muwvixv0nq4uylgzxz7302c,Asier Osambela,right
cy3c0cj6yy1mokaj0mlk4k9re,Raúl García,right
3ex56ma2xf94ex429ay35gusp,V. Rosier,right
9xbo6c8uq29ueuyinngjjiaj9,Rubén García,left
d3pdr28q2n295ldry2lc1uklx,Lucas Torró,right
d358ce00vstqg3ilinhcc10r8,Víctor Muñoz,right
4ea0sjczqa5ah1w720zlakkfe,T. Almada,right
9ikkuxd19avliz1khcrm82gyy,J. Alvarez,left
5zoz3mjooujpv0wdcphyrztd6,Álex Baena,right
9e7ybe0nsu3byq2tteey3zuy2,Pablo Barrios,right
6dswrjvnakdr8gwun530inwgk,Rayane Belaid,right
6m5v97if055boykubm2hq8es,Javier Boñar,right
3ub05nnpt9o7s387z6oj8vf56,J. Cardoso,right
1nhb64ca6p3nxejefcu4i5n2s,Cubo,
9mh4ven84dualv113vxinqn10,Julio Díaz,right
548jzfl9higq44w9bgqvcjh05,J. Giménez,right
eh1ul4duphy1iz4odwx9tkjjd,N. González,right
716n1970vi9rvw5b4w9qmjfth,A. Griezmann,left
1vyh50nfaq2kq5pmivpkc1psl,D. Hancko,left
b9kfek16otvdorssn0wzkb36d,Koke,left
6xulax65kp4aid70nk7g5jr2t,Robin Le Normand,right
3gsprcdyogabeb8lr2y0bmytx,C. Lenglet,left
amxunh6enoc99r07cp7qt621h,Marcos Llorente,right
8d04q3yp2kouwog0lj0s7ew2x,A. Lookman,right
a9olh86vdqnby3hz8ibwfq784,Iker Luque,right
51qvkjhgmbxersyfxzb8en1n8,Dani Martínez,left
c90gk99jn34wxtlad784hpnv8,Carlos Martín,both
1filh68q6hdk921qkdo7rsvmc,Rodrigo Mendoza,right
ieu0x9fy8hpqyztdjg8bgpnt,N. Molina,right
2hgczqjd0r748ye3zmqm0am1g,Jano Monserrate,left
8921la7pznfjc4e69ul2pqmms,Javier Morcillo,right
7drgir9lcwfst8vxz07jboe6t,J. Musso,right
2yt9oajv9dkbju8tgy1g2nmqd,J. Oblak,right
d0kzduhj90areaill2gvvw6xg,Marc Pubill,right
6wdf76fgg6h13ybmzeye3io7o,A. Puric,right
abq67eup8kd31w8da2i0eftgp,G. Raspadori,right
7mvqysbmyf6uj3jny3qpqw2ga,M. Ruggeri,
5es43b4a7fv0lkmp63dj439ey,G. Simeone,
6akzpi6rd6qq0ke07ojnhpoet,A. Sørloth,left
17qer12owcsluo5djhufxa8es,Taufik Seidu,right
q00t04zyy8idanvhpee3ubu2,O. Vargas,right
eiqt71z69beq7akuhot0foset,Carles Aleñá,left
adhdg45s949jxd16ccqhm3ehg,Carlos Ballestero,both
4zve4017u2i3zvxlnjruv25t5,Antonio Blanco,right
9ivrglgy0tibv881e1a93psr9,L. Boyé,right
evyeubmelkx90xby5p9i38woa,Calebe,left
4psxc0t1nm2o7a984utuzwciy,I. Diabate,right
c44zop1hvob3cmgu2grj8m0yy,M. Diarra,right
eufpzdp76oumhybvscmu76vo5,M. Díaz,right
2ww626a9v31b072prdx0xf1g4,Y. Enríquez,
658ed5dqfrdd5fe7ayo9eo1rd,F. Garcés,right
cme92rbmqszu51sjm99ho8a21,Ander Guevara,right
bccp1nvtoc3n1q4g4sw1p7ro5,Jon Guridi,left
eqw6fu3no9qxejk17tqgeey5m,Pablo Ibáñez,right
7wzwqegxhekjwq361dd2nidp1,Jonny,both
5ol17485ecah0trdmkw3byqne,V. Koski,right
1nd8l0ofw9x779c0ufwbbo4ph,Toni Martínez,right
9nqvf6si8k5u91rjslfvgc650,Aitor Mañas,left
87ycnbfm44w6j3komxt0cihp0,Diego Morcillo,right
7bs0ph4yksf6lvkg91u9nqzqi,Jon Pacheco,left
6azcxbumsgd8es7mcd9b3t94a,Víctor Parada,left
an5bw8oxg9ig8mj9pbn8qjthw,Lander Pinillos,
16mj3l623plqx1hm9zvpvn5yh,C. Protesoni,right
350ehsdbvwysbfxgeian91rf8,Ángel Pérez,right
1ttc96b92xjfx1ta3vdwya0dm,A. Rebbach,right
c7i0lduij4vsnluxisdnaxsk5,Antonio Sivera,right
28psc296gj3umo59qqha8jil1,Denis Suárez,right
9tw6rz3lfmn06fzsabtx9ei95,N. Tenaglia,right
bb2v7p23g1w8kb3nhuuwnil4a,Carlos Vicente,right
9rr6g0wel9f0noof3d9dwrehg,A. El Mokhtari,right
7o7vwlqxknci1fymzkn9hug6i,D. Affengruber,right
z0qe6u5fvgrjy0jzk1qhbgq2,Marc Aguado,left
dhhmffih4gl51nlu92hfctqs5,André Silva,right
33r4ae8aivh27ho0ix9mnkedx,Pedro Bigas,left
d87uduceapind7lgv6273xedw,L. Cepeda,left
8nbnru9t2qxaotxw0hiaocdt5,Víctor Chust,both
1shws5hqogav06tvx8xm5ofe1,Bambo Diaby,right
dce6e4b9ckqkxj1zpsh8poz55,G. Diangana,left
8rgy29sd9okehwq8bzyb3v0t1,M. Dituro,right
clrlsy05spf55w39f84b7p3sa,John Donald,right
3b1t1bhcalqyj33n6zer7o86i,M. El Ghezouani,right
90ga4jxu6ydpoliajft8w9y39,Aleix Febas,right
8xjdsfk5u7wph4o7h1w45dses,Héctor Fort,right
1zpt144smsq4ggjpvfhq55udw,A. Houary,right
3lgfd54rnqbz247l5x18egd79,Jairo Izquierdo,left
ac5f9msbvijksbq5s2ivwh979,Josan,right
dkdy6ighxc2j05suqc2odry3u,Martim Neto,right
4sojot9t32l4a6fm3e39xkcfd,Rafa Mir,right
8rprxly1blrhq9cwhfqoheeax,Adrià Pedrosa,left
4mxx1oxkiexm0ha34utcmb17t,Iñaki Peña,right
dfss2zdkn61bbq312zhxlddyh,L. Pétrot,left
b8yk8yve4u39s9gjjvedzf6l0,F. Redondo,right
osme4gegtnhlldt4lsqf56ac,Á. Rodríguez,left
anzk8a183bh3gf3gcuz0v0tuc,Buba Sangaré,right
2b231y5sxluy2p7lv5kywv4ve,Yago Santiago,right
1i9mqbswolg91evnmsrf5katx,Tete Morente,right
5mgmcero3ui4a24v1w1upx3sa,Germán Valera,left
bh4a2zneilpvi1t7etuhkfl61,Gonzalo Villar,right
coiof0pcf90xmyoea9ktrdn9w,Alex Sánchez,left
e1g4cho31825bw7apvh9xr0x6,Álvaro Núñez,right
awsod0zmnrukk21d4882ji7e1,R. Araujo,right
bzgh5psb1janz9y3btpswngbu,Alejandro Balde,left
66psa7xh8odnlp39ue5vzpes4,R. Bardghji,left
4et6r42e7q2ojgaumwnua2kgk,Marc Bernal,left
3hht0os2uzu234yq550i3fbe2,Marc Casadó,right
1av9mmv19jwvc4xdr0p9owyxh,A. Christensen,right
84ifgcsn9xuvyw4m4lrcf57v8,Álvaro Cortés,left
bkwxem45cf48k14euwqe7rs44,Pau Cubarsí,right
et72bvivn2sh4gq9lb2fbsm50,Dro Fernández,
4ggz7e009bq3yltc9o6mifbah,Eric García,right
1jpq7xvsg1xh51ff03qukrj84,Xavi Espart,right
eb3ci3a120om80v80mobsus8a,Gavi,right
5f8kjgsaabn2li5r7bvpebbsa,Joan García,right
29pq64smaxdwlraopnxoleqxh,João Cancelo,right
cscn06kwqfzo09h0dc5ybt1pl,J. Koundé,right
abr79wsl0folgkyvl821ggs2c,Lamine Yamal,left
afxjicw89683nlpms9yy5x51x,R. Lewandowski,right
cjll1xrw3xulnl23c9tlf6rys,Fermín López,right
atdg5275m47swrm5nrip8m9lg,Tomás Marqués,right
6l1y87tlepsvr83d8y2qifeqy,Gerard Martín,left
4gq1u1mqg0qzekh1u5djleeax,Dani Olmo,right
4ftlhtels58lyzfluwofzwxuy,Pedri,right
2wl6h1rlrfnn2mr65vuo3t815,Raphinha,left
604osk9a3lxpfpkavuziqmn6x,M. Rashford,right
6ofu6yc2qwp5ii9cerdq1tk9h,W. Szczęsny,right
9sanzxzkj52vz1mqj1d7g08b8,Toni Fernández,left
30pqkknatgokvb4ezeesbc00k,Jofre Torrents,left
2szgrzcosfeifh664tgt3mfvt,Ferran Torres,right
ezviixcyaaj162saxs2yl27s9,F. de Jong,right
2e55g4q93y382cg7h0yk5rtud,M. ter Stegen,right
br4wylyaeqyxoss5of7r51boq,A. Abqar,right
1h9m92ke4lsj8jzb1l5wfqsmi,Alex Sancris,both
5gorfhj7uwpomrhlso1krxrkl,M. Arambarri,right
5oto675vo4ugk7nm22q4vkhsk,I. Bekhoucha,right
b3xdln1shzyzwkhzdmbb2fqax,V. Birmančević,right
4wkn0nrhl9gmaflvw2wdoup04,S. Boselli,right
c6f2r0b5jfzwnia76b7p9yzo4,Damián,right
9see13i1f0n1ju4uhs8sijutx,D. Dakonam,right
5cti09ebqg7or3stoh5k2mo7o,Davinchi,left
cue88fm1v1ysfuwhql68czydx,Domingos Duarte,right
6wpnjdlg2p8f19y3gjpz1su6t,Kiko Femenía,right
5lzbyj5i0cotpry4gneap8c89,Juan Iglesias,right
2tm16w51ewqjgabmx93rettsk,Joselu Pérez,right
c4je25rkbg2n45xs5iurevhlh,Juanmi,right
73mz7xafzid0mvbi59kb9u0dm,A. Kamara,left
alz5rwbxued4hgkts0panocus,Adrián Liso,left
1riebanoqbl7brs1bm3lkgxlg,Mario Martín,right
52e2ogoex674bz6pcwluapdxx,Borja Mayoral,right
cczre91rv404v648514qs00es,Alejandro Mestanza,right
ch1lxxbn01at4jmkafy4uevh1,Luis Milla,right
elstpch5la22e7wcn9cxp8avo,Jorge Montes,
aohmwqhdb8hlp5lvqboh0t5g5,Javi Muñoz,right
6772p87u8cf9g6qyk5x414h61,Y. Neyou,right
6lz4bncnjfcm7wrtuiovguv2t,A. Nyom,right
dkt9892ixwnz1bkmgileo71sl,Diego Rico,left
buglwgk2hthoyqt1ocghya92i,Z. Romero,right
c68syh6axbkqmcmvrpumqb8mi,M. Satriano,right
eucew4k6eswqr6emzsdg4if3d,Álex Sola,right
c756iuzmvsnw0fepg61hurbpw,Hugo Solozábal,
vota9gwygxp3wc998tl7ldxx,David Soria,right
cei4ujo2jqzc9f0tmi8xgll62,L. Vázquez,right
czo50ep8l8ubnp8ifn6bx87pw,Coba da Costa,right
5ykwmft0pr13p2uzhk7f2g3ys,J. Arango,
1rhh9hzqzsp331scjcefanvo4,Y. Asprilla,right
e3czx0nsuw10acnftbr8ud0bt,Fran Beltrán,right
3kx4mltrob4yta5g6kr2u8ic5,D. Blind,left
4ydaw14cc5uj77o8uafvt3578,D. Camara,right
b3sexumsdp9m96rkp5da0r47o,C. Echeverri,right
8nxr373i7g1m2ch2lk6k03ckq,Alejandro Francés,right
eavhyxb9dfjh0jp5yzg8p8udx,P. Gazzaniga,right
cjd62gwj9ptwrrtu6y6xnpeui,Bryan Gil,left
c320492cbp1otejfp1i1oane1,Y. Herrera,right
c4ef6mcyzxslw77ipml8sbk0k,L. Kourouma,right
9jhm9qxoeqad7lm5i2nemgwes,V. Krapyvtsov,right
ejcyvgclry4g5pc2rtptifphx,T. Lemar,left
4o0ei8wawffrg2hvnbmcxipxx,David López,right
9um7x9zd0e000zt57l3yearqh,Iván Martín,left
2nq5nzq35tfwc7po29dtwqp78,Arnau Martínez,right
8cpd4je0ku8wjumqeh3ruv10p,B. Miovski,left
3m7wjcmet9b8sc5tu0ct8j0et,Álex Moreno,left
41jb0ts5688xz8ell62rybm22,A. Ounahi,right
5l6e9nd0defapk1w2ucndowr9,Portu,right
eku9q64i0rwdxytris5ahfyms,Hugo Rincón,right
25h51j4zz5m180na6sy5ybbpw,Joel Roca,right
e5xv1rmy69kwuxjxin653ojqh,Abel Ruiz,right
2f1s166mgypfd94gce3k2cnx0,J. Solís,right
6navc0x6p4yqy76zyo3zocwr9,C. Stuani,right
3auwtiburdxrp2i5me2d97f11,V. Tsygankov,left
32ofi0z0euiqvxt5jk8o1uzxm,V. Vanat,left
bh4p6egq7e7htivuu0qdjqiac,Vitor Reis,right
59234as8h70fejyfm7492np3p,A. Witsel,right
6gruusc463fdln5uz1uzhne8l,D. van de Beek,right
cmrror5dshow00mbi6nxh1es4,T. Abed,left
kdf39fz73dd5n2nzlsuwbq3t,K. Arriaga,right
dwvghrdrnqqmfiwwicm5lrskq,Roger Brugué,left
d1k9hj2ovhxue46mbdxy7wp3o,Jorge Cabello,left
3072da88jl9fou9gi2c5j3bx0,Pablo Cuñat,right
6w641bd5laym8cnxg6mecsmqc,Paco Cortés,right
4ig4kv8c1xew1jlsy1k2iga21,Unai Elgezabal,right
cbh5v5yi380uvbt5z2xbxemfo,Carlos Espí,right
bl3o0pt262qax5cwv4jeu82s4,K. Etta Eyong,right
a5a9d3z93jct2dtg6ajpi26ay,Víctor García,right
5b9ycghp21qhv7qz6zuvblh49,G. Koyalipou,right
38igxi5sn8v00xtciwhqb44fe,Iker Losada,right
djhl1u6idhf6u50lp04xu3f1l,Sergio Lozano,right
e98i1kwb733b830mk2wqdlene,Pablo Martínez,right
2y25g5wgiygxbp97r22o1a1as,A. Matturro,left
9y7202khwzb48ea7im646m11x,José Luis Morales,right
4v3mcgy4w1n4g3vkq0fe7iwwk,M. Moreno,right
6lnttemmflhxp700fr069ty0a,Jon Olasagasti,left
bqb9wziyiw0rngildx44uhxbd,Diego Pampín,left
a0810cmxke3zmwaqj31bo15hw,Nacho Pérez,right
dlxi9jrz36ge900qdsd9c0mlm,U. Raghouber,left
a91clevckra05nq55e1ztezmd,Oriol Rey,left
8kj8kbwbfiqloxiilj0i00ep6,Iván Romero,right
7udphhcokm6vralyz5gkovxsl,M. Ryan,right
d34tmogp5h4rwuo3pcxtwp0fe,Manu Sánchez,left
5oge5fhmna0oduqvjisoa1djp,J. Toljan,right
20s72mrpp0gl3hd333zaows2c,Kareem Tunde,left
49230s4p4daocrftccqqbeqjt,Adrián de la Fuente,right
6gtfe9aysdrcht4v2rluu0ley,Carlos Álvarez,left
73jvx4opw9wvawwpg0bnt8ay2,I. Akhomach,left
7ppmuz6ays7s0v3gk2x4ecb1l,Alemão,right
bpfp895223p7w0px2ui3nb2l1,I. Balliu,right
9h6xf4ac4rpsjpummcdx26z9,A. Batalla,right
2pdz9y2nbrc1dnfkskrostn2s,Samu Becerra,right
1bdnkqbxm2u5ror7ipig5m73e,Sergio Camello,right
amt4voyjzhnvr55t08hzlw50q,Pep Chavarría,left
1ho7koiegfhsuevuum2meibu2,P. Ciss,right
9xhbpn45z9wvjidbmparzkdm1,Dani Cárdenas,right
7vb4xrwk7sbgpxzgiwwbt4s89,Pedro Díaz,right
a8g1nr2nrtkbm34v91bhz44d0,Pelayo Fernández,right
8eh38t4oyyt728co362f6uqqd,Álvaro García,both
f0a2qk3jzxercn67bben5eled,Gerard Gumbau,left
533095rnz0k8mxqe6gzn0mfo5,F. Lejeune,right
f5blplnlgn04f54kqsfx1b7qh,Luiz Felipe,right
u04ao1ldrjjesgqq52o7ghqt,Unai López,right
cdsidpd0i3ub2tvw47qt813x0,N. Mendy,left
lp63o37czdwete0smmu62k89,A. Mumin,right
2qauzcv74cd8uqfv2ibl52ymt,P. Espino,right
3ca7tqrdasmeop6ud9zot0wdl,Isi Palazón,left
66fshzi5f86wt1lwa4kdhiooa,Fran Pérez,right
a045sz2acqbfgyq9puwsu8sx6,Randy Nteka,left
38dhmhce7deuqgqmc3p7nhai2,A. Rațiu,right
676ehh6cwla4o9igey7qr1uqd,Ó. Trejo,right
8onruhr4es313aq52xsl7nxlh,Óscar Valentín,right
asvxbmdd5j5tlz2fo1jpcrrx0,J. Vertrouwd,left
c157xhi78x9cykn7xz816bjd,Jorge de Frutos,right
5o07mnpidavbe0hqoqzwgom50,Sergi Altimira,right
4kfx8fzf54bli2a2o0i3fvhed,S. Amrabat,right
v22q59d00b5v78rgx7v8z3vu,Antony,left
a68fosxpgtyxj64ex9f6nget,C. Bakambu,right
evpjdko94awbqbbl5wl9hto7p,Marc Bartra,right
3e8mxxfs5q7gt4lg2beqpkwyd,Héctor Bellerín,right
3bbg1d1eis9t1ds9bn9ryhyc4,Iván Corralejo,
72pvwj4z6j8xwsgs6zlhr5e6s,N. Deossa,left
96cbv23es0gucmd2v0qvk3iwa,A. Ezzalzouli,right
733ho2s9aqwwxzbqfiia3b7bp,Á. Fidalgo,right
9rfwfsz5cmckyjripqgtbc7op,J. Firpo,left
6aix9yu384pv1caanqiol231l,Pablo Fornals,right
79u84y1eb01yyp8mhpej75q1g,V. Gómez,left
8aao79b1g77c5jhp1n0w60xrd,C. Hernández,right
45s1v9805id09m5zkcylueod1,Isco,right
9ao7l82r1xd2rjnvv5u6plcr9,Diego Llorente,right
dhtb9gizk25k1u3h0b7xgy4tl,G. Lo Celso,left
26atxu4fr8f87oi8mt6z70mhh,Pau López,left
2r4450bqkmpcf1ogmcfhvczmy,Natan,left
cd0w7dewgwkiiqkg0jty8ae50,Ángel Ortiz,right
5lsx1d5uu8hu6x6a2eocqhvys,Pablo García,left
bdbqu8d13otbx5jt3lsv3qq6s,Dani Pérez,right
bqmhsb2bsuuuijw2ci39l01k9,Rodrigo Riquelme,right
4r6jcuotjs6rz8iwu20996z85,Marc Roca,left
9ak3zczupeken1itsmkherbh1,R. Rodríguez,right
9226xt1t1m3fy4ob9l2r16609,Aitor Ruibal,right
routhh0ialijcg3egagouig9,Álvaro Valles,right
cuxm7t8cql3v06hqf18wvcul1,C. Ávila,right
3qrk8nw6nc8o96n7jr1az21ux,J. Aidoo,right
9i7lb16qty1t21bnc5h7skclx,Marcos Alonso,right
96h53hatq4r3zsfvn5xl752c4,Andrés Antañón,right
cs2yx3hiqjsb4i5ul2r5kmdat,Iago Aspas,left
2h0nzzgjm960f5i93ncgp4mxg,Hugo Burcio,
5tc1y5n3h4ties7gbc3zd9j6y,Sergio Carreira,right
81fw03v34t2u3xnwq5gpdbpck,Damián Rodríguez,left
3sy16pz110zmyq073ao24l1ck,Carlos Domínguez,
9ksvo095xi2t4q4pvgxa836z8,Pablo Durán,right
530jf9kq6s7dqggz6how0lt04,J. El Abdellaoui,right
c2z40s3jlj0xsyoihce3ksdbe,Manu Fernández,right
3xu6rpdncvtd2adn94xaqavze,Hugo González,right
d12m2oz1lomkc1qxmpht38lat,Borja Iglesias,right
64ctdbd0w5ikj0fkcuu9jdbhm,I. Moriba,right
79n0dyjagmleor1fpwl25qql0,Javi Rodríguez,right
9mlj7fxon5zy1qmktvvcwjrl6,Ferran Jutglà,right
6q341ss6es4r2m1o5s5e80nbo,Yoel Lago,right
c3sl9ajm4q424r4u37iath3hl,Óscar Mingueza,right
6wplm29z7qxxmujyc2ml19gix,I. Radu,right
18mddnpa54ygoaefaj0c5obf9,M. Ristić,left
a39ntr1ek9aavke18yucd0r2s,Miguel Román,right
75xbiozismh96vufhrhkng4mi,Javi Rueda,right
c60m17adgxbewkrzizwtzd91w,Hugo Sotelo,right
cksi669gcnskpytzh70a43it,C. Starfelt,right
e91yegwfliqhfy9yyk19otafo,W. Swedberg,right
9462218yklkts6mod3cbfryz9,M. Vecino,right
bzv32rpgvs111w8e2gch452xg,Bryan Zaragoza,right
daid84a2zbh8rasleahdp8nis,Hugo Álvarez,right
2bzdn7cqqonejqmlq85w8z6qd,T. Asano,right
2f49etxdi4l2tsobpmsg5i5pm,L. Bergström,right
2qwc38fv5xdlro7ljyvihmmtw,Miguel Calatayud,right
7xmaybxu4zd5k338bi3drkxcl,Sergi Darder,right
5e8sf5791x5g5m9vmct6s3itw,Marc Domenech,left
9d4cokmqyy9vabji5g0ascavo,Mateo Joseph,right
c3f7tpb57qho5z9agsxtcopas,J. Kalumba,left
cddggachzf198p1yhq9owtofd,M. Kumbulla,right
4rcsvuxnotyjoo72f8okudh5g,Javi Llabrés,both
3v254jhofauiadp9vzb7rb21g,David López,right
22dchchxwrsty67ultrs61qz9,Pablo Maffeo,right
bkvvapojagxvj17nzk3oy8ct1,Omar Mascarell,right
dfjph36vcwfj5cevut4x3vf11,J. Mojica,left
5tsp2m5z3xie07ax0wq1qqsix,Mateu Morey,right
12qc3dkodeb8ykg6pc0kqf2l1,Manu Morlanes,right
3pwr7lqvo4o08c4nvzqpuue39,V. Muriqi,left
8kb4bpoflaz0yy6m746jdbb4k,Luis Orejuela,right
2wdjbfzaiokiawrbn5wzsx61h,Abdón Prats,left
9dewnn65ylruq567thg7ebqhh,Antonio Raíllo,right
9e7b5cm66oxf26fmp33yuppsl,Dani Rodríguez,right
5qh2kdatvb03o8oiqvkaaxje2,Leo Román,right
9wwzjoc2bl80vct0meb6v5yqc,Miquel Salas,left
1km9nvqz03yoj9cxpv127id7u,Samú Costa,left
2td3iejdken4orcduqrdutrhm,Antonio Sánchez,right
f1e3gi3dx3er2vz7loriw6e39,Toni Lato,left
5kodjbsarkql4vhs126p2vhwq,Pablo Torre,right
9t88fceutc2x108ga0qkzkafp,M. Valjent,right
4cuha2o4qsp1tb8yhqu3ntij8,Jan Virgili,right
e0gv5rugqtsipy89z4rk7hsoa,Zito Luvumbo,left
4luj0v1ttpt61sniftg4bxrtg,Diego Aguado,left
6w5wyari2p4bh2zzy2x2f6hg5,D. Alaba,left
19z8jmren3eytg7fbuzqv73kl,T. Alexander-Arnold,right
atj6u4qul0o2ca57etbmes07o,Raúl Asencio,right
e83ula4wockmc2xid7185kcq2,J. Bellingham,right
en2c7z1raqmcwee78297pbnu2,E. Camavinga,left
a4kw8u4dqsslfwe1ux08lbmc,Álvaro Carreras,left
7oykphzczagr975xsqt70s89h,Dani Carvajal,right
i48mf81fxn2af1xxjzfi8gr9,Dani Ceballos,right
ecmpznived7xp45o7bm96csno,Cestero,right
6crmq7vzqts58wg196q48sc7p,T. Courtois,left
3jln1gzc0859ymphvq83i0mp5,Brahim Díaz,both
14qv8npo5alwnb5dud8x82ln8,Endrick,left
39c5g6782qlrtw55fsre7exnt,Fran García,left
4o9d3hpjlicgce9gtbewyzhn8,Gonzalo García,both
39gif4xfy8xddarasbsad56ok,A. Güler,left
d2hnxi1yi5rgqj1tvxh1813x0,Dean Huijsen,both
9650u1owvf264fwnuzc0zlfro,David Jiménez,right
38bp85766w04a0nuulq5fiig9,A. Lunin,right
1fkntyd2z8e169yh98k0zst90,F. Mastantuono,left
5e9ilgrz3tzg9kd1gk3yvrahh,K. Mbappé,right
6q69l3ppqfqbryjubcrujfi6t,F. Mendy,left
3r4r3w44ski0d4175zfe1iy38,César Palacios,right
9ksawmk9ligul6vfjihf50r8,Thiago Pitarch,right
broq8imimhtlejtffissquy5m,Rodrygo,right
6fzbp94hf19ysotdassrqdc5x,A. Rüdiger,right
aipyotc87m5bdvmvizd5n69k9,A. Tchouaméni,right
3pxte13sf3ybzb3cgvim1tqtw,Valde,right
1i9wi65k2foqwudeqiyih87hl,F. Valverde,right
b4witgokm49tidm1a83qcvbop,Vinícius Júnior,right
3r8kqt2bz34yw8e2h4jdp96hg,Daniel Yáñez,left
2spn42sn73gxwyt6ucobiknl6,Manuel Ángel,right
8wvkrrbqqthuwda8twg03yuax,Éder Militão,right
bj7ybt2wtu63dxlhnlcy9vdas,Pablo Agudín,right
8n42fc5g0qewvh9pdh4ef1e51,Lucas Ahijado,right
4aszgga510z652sajxoea2has,R. Alhassane,left
9jw0h4escxh3eqz8oh860r3yt,E. Bailly,right
7zilisi5cnkmr30dhdful2r1m,T. Borbas,right
ec04djw7dspowrm7h7wr6e5ed,J. Brekalo,right
ej7ydno7l3dv6xiqpaxrxbmqd,Dani Calvo,right
bw58qgyapbrlir4h629cr5uj9,Santi Cazorla,both
60b3ef904dyvuh61cgkajcley,I. Chaira,right
1u9sn1cu0pq16mina2q6d6dwp,S. Colombatto,left
d6xt27yn0fv6f1g9de5yuwwyd,David Costas,right
9iqmeo87l56hr3gymmxgkxysq,David Carmo,left
1emj0rlthc8syfleox4c39kut,L. Dendoncker,right
135s5jb8qkcap8ec8cv47p9sl,O. Ejaria,right
1j75xt37w8q04ixbyjwhtfh05,Aarón Escandell,right
d2oms9lfq6bvd9w3xizmo5h5g,Marco Esteban,right
4oixsgmsfh4uvhfg7vr9hw4yc,Omar Falah,left
9xyhn7xadm9zl908lonnj0x04,T. Fernández,right
kswz5xg9b8d2zzslpfxpn7fu,N. Fonseca,right
cw9754xmqdnskeswigkl7u5ii,Álex Forés,right
7kyxr0ntcthtbohvozw93v52i,H. Hassan,left
65je30iyno0ea0yylc355o3jd,L. Ilić,right
7duip0fhdb8lce5x0tgq2257t,Oier Luengo,right
6p8xl2smgf1ta7txpcj7cabu2,Javi López,left
a4r44oe89pwoinogij6t0go6i,Alberto Reina,right
20wvh9al53baedfzbzykpvkyd,S. Rondón,right
7qoshvypodx2yovs65d29kgoa,K. Sibo,right
20d6omwpt4ophc6dsn4m7snh1,Borja Sánchez,right
akjusy9dt1qd2fjhttviek6ol,Nacho Vidal,right
6nr7ekkfr3n9tr44z6fowj5gq,F. Viñas,left
d8m3jx634os7zwau1rufwkd0,Ibai Aguirre,left
ezbplvktzcvzh5kwur32110mi,J. Aramburu,right
ligleescbvmylb6qejczd6ok,Lander Astiazarán,right
21vx56lpd276xqbu11ubkf78q,Ander Barrenetxea,right
8qs8s7c173w8i1dfu06ub5zis,Luken Beitia,right
6gymgqxnu2zavuxgp6amm3zkl,D. Ćaleta-Car,right
bqltxeg4ejtd649kta3njitqs,Gorka Carrera,left
2hqyw29ta24b0fk146a4mlf6c,Dani Díaz,left
e35v2pspdgl7t769d57e67ob9,Aritz Elustondo,right
7pmigpf4yfi6dfih8e1ogdwb9,Gonçalo Guedes,right
706la37b8u3v3n6mqtbjs73mc,Jon Gorrotxategi,right
dci5jbkxxr0wddazufgbysxec,Mikel Goti,left
d4tdx2ctadv6kc3tbq4as8bmx,Sergio Gómez,left
dqiuqhsqsayvldfazfnp8d46i,Jon Karrikaburu,right
1qkep5ck252k1g3oqza5ygh61,T. Kubo,left
66l9n4gqc4aau3bpc0qtpta8k,Arkaitz Mariezkurrena,left
8krgbfnydbtyongkwnsaj43kk,Jon Martín,right
aka2yqxmqpioxc1qzkl62ejv8,Pablo Marín,right
bj929w5yi7lnz36jxsi5qnq7e,Aihen Muñoz,left
dvrk8qmt9ta4c3kvjgsad7t91,Brais Méndez,left
1fcmd6qaiira468e8mph4sis4,J. Ochieng,right
5nluxvc0wi0u1d5zcy7be5rkl,Álvaro Odriozola,right
b45ryclny991bm7qosieyg1cl,Mikel Oyarzabal,left
w503zyr8ipyobglth281uklx,Álex Remiro,right
dtvmsnqlzn5672xb54zj8u7dh,U. Sadiq,right
dsmcqfl0e1be4ag7czbnolo15,Carlos Soler,right
9x5uo2wkxp9fk1arygbkl6u0a,L. Sučić,left
et849xmcdgsy5itb8i4w7qkq2,Beñat Turrientes,right
7y8ns61qioqu7kfsqzkvkwhuy,Urko González de Zárate,right
a5sz66h4t5kg1umvtth785jis,Wesley,right
6e4d1o09sl2ovlyyvhyd5xboq,A. Zakharyan,right
48gjuou5eashpj8wbwd18iju1,Igor Zubeldia,right
euur9yvhgrieu4kl0vdkh244q,O. Óskarsson,right
6810qbng9pfg1bztczv11grmd,L. Cabrera,left
2rqxh5mex336ci45jaw428y5l,Fernando Calero,right
59u1gn30f6bg5lr06zsglykq2,Jofre Carreras,right
bahph7009sc73jl6s2bramn6d,M. Dmitrović,left
bce703taa20nxg814t2giuei,T. Dolan,right
7h0b81yjiiu356rycsakgd0yc,O. El Hilali,right
8qvqdjw1d58mw7420lpmk7bah,Edu Expósito,right
4l2rgx65vzgrrxorbc1edq8yd,Kike García,right
4ho3e7wi6z5tq8g87l8tjtwtm,L. Koleosho,right
74wjzeja92l4q8fpy1bkmcsfd,Pol Lozano,right
1ore4ght7ls393tcpbmah9dcl,Pere Milla,left
a9z0jsjwfteq974bxwucvc4ix,C. Ngonge,left
a8ez7qv4n62b8s45pdo8u07o5,C. Pickel,right
e5qp6dh1prc55llew51zpy1gp,Javi Puado,right
53bjqee7oomr7czgfmm1mcy96,C. Riedel,right
5fqvl0m1rkzhj9tmafrcxur6c,Roberto Fernández,right
1am59svvwz5idpdjq307dd5hw,Antoniu Roca,right
5djkwcoflvxcv5oida6txfyp6,Carlos Romero,right
6x42rn7aburucovfe7mke9ld6,Miguel Rubio,right
3ghychnf02zs5pmw2s0ds3p7u,José Salinas,left
4ypoy27moehhbiaf3o1bntht6,Rubén Sánchez,right
20ebw399jhbq0i5x2eacrrs6i,Ramon Terrats,left
6mf11pv0pfvyl9vom1i1pi0yy,A. Adams,right
c8mp2wwwyvy930vfjnivg2hre,L. Agoumé,right
bvw1jgmhfyc896gfi6uj0skwl,César Azpilicueta,right
35i9zcb2szve0ydjga9qnj384,Manu Bueno,left
6jq376l673aizjxxhhos2j52i,José Ángel Carmona,right
bofeh3blk8nn3ml0pjwuig4r8,Andrés Castrín,right
6ufkq71qh9wrfyaez5yi94e09,C. Ejuke,right
3enoici51osego5k1w41fuaqd,Fábio Cardoso,right
8wwn9qai1bpesujve04sb225m,F. Gattoni,right
7lo14fnq32yyyqql6jws5w3xl,Alfon González,right
6vvwhgic29fekmmj2cg62ytp1,N. Gudelj,right
370bp4zp3mxe27rtx3gwhcems,S. Idumbo,right
7atmb373dynu9s9gnl613ox5h,A. Januzaj,left
8ycvfctf7c3yljnbtltsogkph,Joan Jordán,right
5cw4n6kdaa7imeyaiuo2pnq39,D. Lukébakio,left
1ghrcpi1cl0koh36puwblbfmd,Marcão,left
4kgjbmlzo6ygdccbue3zvjm96,Ramón Martínez,right
xu7mykgl15kaib3olilmsez9,N. Maupay,right
boa0e436nc3u53cumlao9ulex,B. Mendy,right
2lwjtphx3bkjty9sds520l1ey,T. Nianzou,right
cfc7fqq748bz3nklfam2a2fp,Ø. Nyland,right
6bj5k49arillmrgqk04bxvx1w,Oso,right
42laa1qwbzlcruyrmlg5o1fu2,Peque Fernández,right
45rxt159xjefvxlfgeykclw8a,Isaac Romero,left
9nwkxgbl8t933pzu60ye4xxxw,Kike Salas,left
9lzqgedy6aaouokqenirdbu38,Miguel Ángel,left
7cdiijsvnfc7tafy0zkf4uz9,D. Sow,right
8yak0o9o7z5j5ribga3ui2cb9,G. Suazo,left
vl1b0gayryiqvl5dlukpmswl,A. Sánchez,right
7j2h7bq14b9n6xephp8vchfu2,Juanlu Sánchez,right
4zrut521fzw9fddqt74pnl756,R. Vargas,right
7jtc6yk5xu4cm1an97wrgozbp,O. Vlachodimos,right
1tctbwsidibct7wphjgv8mdm2,Julen Agirrezabala,left
9dc4qkvh0vk5kwymibji00kp,André Almeida,right
a6ud2u88utl6khwf0c4qbdox6,L. Beltrán,right
3n66mcws9belxbv3pu5uwhfu2,Copete,left
5uig03vbbv71f0q31cp3vfbv9,E. Cömert,right
4rktv6j9sioe0gmu7jt77fsh5,A. Danjuma,right
eucssbf7wamb41y1gixfodivp,M. Diakhaby,right
5dfvefxvwj8kixbajluw25mtx,S. Dimitrievski,right
7yieh5r0uzk6d6x9o060c2bfu,Hugo Duro,left
wlqj34ev5mucxtfx6j4tr9at,D. Foulquier,right
5b1q9bpe23j98eoy4fwi7ld5h,José Gayà,left
aqqd7tq7z6bj3wn3u3sz3uuqc,Javi Guerra,right
b4k7aa5fph5t3usotjsw8ygyy,Rubén Iranzo,right
4j3u6v01emo9nsel7uw00qsfe,Diego López,right
e8s9ssopq5nmp51zymvqp8jbp,Unai Núñez,right
3702btkgwxf6tq92ouekd7ro5,Pepelu,right
pr0nfcph8mlm3plq9b69o8a1,Dani Raba,left
blvf8qsi6iy6ejyer58okyxka,L. Ramazani,right
6kc8ieszwg6u00e3sa554y7yt,Luis Rioja,left
9br2z5cf6stmnidehwo5a8afp,B. Santamaría,right
1df6vkt0yostndfiypbily0np,R. Saravia,right
8vmrboswsfyb5bfoq07s6susp,Thierry Correia,right
2u8bekuidiwqz1gvb4vd3uhg,César Tárrega,right
94md3wf5xab5mnj5niiwq33zd,F. Ugrinic,right
d6kzekcwqw0q8fq6wt6rmyusq,Jesús Vázquez,left
9p87liko3b1jjpjmi19135y0a,Adrià Alti,right
acx78ftnm61hm01wpmme77hbe,T. Buchanan,right
4x854vpovag131b2kdutv4qju,Sergi Cardona,both
b5rea5r4h8bclpenau2au142x,Santi Comesaña,both
5soi8e2hlk77rlsbsl76hg3xl,J. Foyth,right
6g7i7z6m8vts105dny1g6z3hm,A. Freeman,right
ekm47qd8w1x0456lm1tmf5re1,P. Gueye,left
bxp1wr68i1mykrkj3083mvml0,W. Kambwala,right
63i6o2zienvxlanzwc6pf8cus,Hugo López,right
6ddxujeb3873j5evwiz8n4wt0,Luíz Júnior,left
bzq3430ybx8y4n09hgqtxkt90,Carlos Maciá,right
d27r61wcc9az0shpevisc4iga,Rafa Marín,right
8bvn7mn5tjfj3l2bnpvm75gmi,G. Mikautadze,right
1qkneebzln8byl9td2aswznmy,Alberto Moleiro,right
2biwwlvzgsu5kmyw5w1adpmtx,Gerard Moreno,left
albt55j4oir1veynmos532psk,S. Mouriño,right
9rtfwu0z7qtk1kglenp2vm13o,Pau Navarro,right
2mhvgtcem9qn2yzobtkqiegpg,T. Oluwaseyi,left
c29mprqv2ulztd22b6uckczx1,Dani Parejo,right
dydwiixiims98cx2iihfuf8wl,T. Partey,right
eh70fwampgdyfv3hu25o2qx,Alfonso Pedraza,left
3n9jnuteyjx6w6dxviuead0b9,N. Pépé,left
drwacyyicuhy3heg4j0ipqj85,Ayoze Pérez,right
bfdtduknquzhr2br7ahlgvvo4,Renato Veiga,left
f0drogjsrwqv3hyjxuqcnk8vd,M. Solomon,left
4ffmlhvbjvfjjnhr0byktvt62,Arnau Tenas,right
6x4ywqmispidw0tznzpjwd1hx,A. Beck,right
e0ywbn79yd3cd9kfngcgffxg4,H. Behrens,right
98glpci54ztzmd3yn1kttlvpx,M. Busch,right
6hh1y9t572yqk7d1zegi0hm5m,C. Conteh,right
1sun9nitagc7ikkpwzrdkj179,S. Conteh,right
630sqbiu7utmkg8yw0h4ky8a2,E. Dinkçi,right
5q3ft0wiy6lsy937j7nw6msq1,N. Dorsch,right
ijttr9nlo90ugxg03kyv7pxw,F. Feller,right
5dcemmjwbguvnz7sz0m8uomad,J. Föhrenbach,left
2hrvu72syd3vyic6ylygxbyl1,B. Gimber,left
euywniqwcq40dqoo55xni961h,M. Honsak,left
5bnq6c53ofgo9msqn3vlobpm2,A. Ibrahimović,right
etfmz143p0d2yowiiijd8g6sq,M. Kaufmann,right
1675dd1p91lb20f9b3w5v067e,T. Keller,right
6wpahdttyk7458xipbx7lk1lg,L. Kerber,right
cxjhkrssym30glew7p7in04k4,A. Kölle,left
f46s4bfeipn0k33s0brsu4yl0,Léo Scienza,both
9heh3f6hvyp4sgbu0ft4xfh05,P. Mainka,right
25rjy5k2ogin7zcxqhwflls2y,J. Niehues,right
97u083i6ktyeu7xf6aqfotzp,L. Paçarada,left
dgubl900t52nssngev6atayju,M. Pieringer,right
f2ibn3ej2doay3b4u8ezeix62,D. Ramaj,right
4v1bqelw9bk1gftvzwzk6w6w9,S. Schimmer,right
bqjrib66m08p1qw8315ljc38q,J. Schöppner,right
2o570lgb5c364c395zp1ccqqy,T. Siersleben,left
bno18pni4atsobrxawb31vdd6,L. Stergiou,right
6dg2ztkkig9alktiq5zakbm5l,O. Traoré,right
46vqjnait1zb6tiaverz42bdg,Y. Wagner,right
8vhqai1dxnmk0pjqt32tyb5ec,T. Weigel,both
6hotzhpidcjljm3u0ud1uqsid,B. Zivzivadze,both
10fuwkejg59w68jmx1ae0cfe1,R. Ache,right
6b7p3ncup75mpop91n0u1mw2d,M. Bülter,right
7dayrhr0c60zbc1b6lig8pm8l,A. Castro-Montes,right
4r3am2657ubdk372od3oqm1g,F. Chávez,right
ekz97oo88fcqhay2w2hrhecyc,S. El Mala,both
cwr29t2879szijm010ae1u5m1,J. Gazibegović,both
ns0d3voludn8of98yc2e6ehh,D. Heintz,left
89s9fm31pcfq7l28kc2kad4kq,D. Huseinbašić,right
3tdsezcgdlm4laybvh4u49cr9,T. Hübers,right
ej8pxizgwjx9qjacvc136yusq,Í. Jóhannesson,left
55z0yap5tml66nes2cchg7ahh,F. Kainz,both
b7cso5zljdvzfila9zd4fz4ve,J. Kamiński,right
dgysidzshgxqm3jegaihwi5wq,T. Krauß,right
15nsr315qb7jhyeik47x9wrxm,K. Lund,right
cnf7quyillyf560nh14taliw9,L. Maina,right
3saz8njlttx2i4ospcwmmaqga,E. Martel,right
3gylv681hddh1qhi0p07esf84,C. Neumann,right
1g69rnx39ak976l3yjbg2p1jo,Y. Niang,right
bc32mchq3v7fci4vy04e37yms,F. Schenten,both
8bvhibfn0481ckmmutiv1uhre,J. Schmied,right
4zfgh6wq7svx418tzwf0gfavp,M. Schwäbe,right
hsobzlp177f9755mpsi7szmy,S. Sebulonsen,right
bwhn9ve3o3jh21a4vuyjmzbbo,J. Simpson-Pusey,right
7rltyxkrvvfg7q1hppl631soa,J. Thielmann,right
3es8fg7y59lckypu11i68q6s5,L. Waldschmidt,left
7gwm8sjtl2vyfeh6mio8ve9ec,R. van den Berg,right
csqsdjsa4leo6z86qphjuectm,C. Özkacar,left
7a12t0i88yxasiu0cj0sgqpzo,I. Ansah,right
42ounta8vuqzh8xy2g6ymgjro,D. Bogdanov,right
6go1e6kiezmwexizbpo7pp0yc,L. Burcu,right
8kar47kxxc8f20vc9ul2ez3yt,O. Burke,right
3g9riero16s160evc28u3q3u1,Diogo Leite,left
1ywfkwrcysdlvkt859q00kt7t,D. Doekhi,right
88ddlqffesqkw3pmvrgstb0us,L. Güther,right
24vavcwn4hco5je9kdu9ciwgl,J. Haberer,right
6ivap35b2p5rwv8rzigaum6wa,A. Ilić,right
arjwwth6yazptr851wu2u6e0a,Jeong Woo-Yeong,right
9kxuwgequrilkom3ru6sdxall,J. Juranović,right
64vve6gzn5mwodos6ynufwa5m,A. Kemlein,right
1vv29mash2uijx542ssjk666t,R. Khedira,right
5tgzf5zjpgsj1bk5nm2zakg5x,C. Klaus,right
9taxidttdt94nmvc3mqhqq0ut,A. Král,right
2znc8bmjc183pmz1xe1j8z0fd,D. Köhn,left
avg54tzd7cxjld09569czfgus,M. Ljubičić,right
980t379w5cp7umv1eltwlfca1,S. Nsoki,right
92wxhgs6ts4tl5bv3heso90fe,L. Querfeld,right
9sexp3trzdm6h50dk2y9hrjl5,M. Raab,right
4rtps64cca8vrscv80bgyvjf8,T. Rothe,left
8l1mv5qd9vwade754v3l8epjp,F. Rønnow,right
f0x3pa532agezdjdzcsp94l49,A. Schäfer,right
8prrhz0d1i4vxkhgro8p42bxl,T. Skarke,right
arwidogdfccsjv8fxa1veezf9,R. Skov,left
52t6t7cdsr0fjs9ukmwo9y7rp,C. Trimmel,right
7w63iqek6hmnizlirurla1cr9,N. Amiri,right
4l3qk2g87pa3bevo2nlwkf3rp,D. Batz,both
bvifdvoxv9e8nq8qe37c0gvrp,S. Bell,right
74n6zo57y4h14zll0p5ncm3ca,B. Bobzien,right
cakrv1htznb13clvaju68v04q,W. Bøving,both
6u47fsriz3ejlf72hxtsew5bd,A. Caci,both
dnt7ahwfj8endqngxwfll1tjp,A. Hanche-Olsen,right
280u0x6o94auqt5e8ff89xune,B. Hollerbach,both
9fd19beamnr8qmhqdvzr7fcyy,S. Katompa Mvumpa,right
6vkppmpdrvrujfp035ucpib8q,S. Kawasaki,both
d608s0948uh3owqee7t0en7px,D. Kohr,right
bwqqecmqm76v5b83v1cz891p1,Lee Jae-Sung,left
cjok1odm3twxo7sqye3hua6eh,M. Leitsch,left
ay6pvdyj5pjgwvjsqdfsrbw4q,L. Maloney,right
43n323o8koqdvybews4kihel0,F. Moreno Fell,left
7c8ms7bw3fva4xeubax4ep8et,P. Mwene,right
ftm7a5ulllwzj3n6oqa6awru,P. Nebel,both
6ir1z8c3o7t4kqx04kw24i415,A. Nordin,right
1po7tmdv73zfjentt0p20wdlh,S. Posch,right
5w7ztsau360j3zd1aai33d4b8,K. Potulski,right
3wsyacqj7ci0ga9bzb988v7qh,L. Rieß,left
6dtp194pewnyuhwkxcn2xpf8q,K. Sano,right
8h7u0a26g2yckx955e1g2kdbe,A. Sieb,right
dg6vrx8k026l7f8ytbu1xxj9x,P. Tietz,right
dvqog8r05iw9zqr68l4fcnre2,N. Veratschnig,right
alp8twr3g2rmfmnguffsfovtg,N. Weiper,right
4baqlwfu312pctopy1cx6s2c5,S. Widmer,right
ci1nu5z8aiiikco8af0zk1lud,R. Zentner,right
amd4rodp6senk2c1mmlsqozpx,D. da Costa,right
4tev0kk0om8cr1xbwpt8bozit,R. Andrich,right
9rglo47kroo6ob6gy7i4poqok,Arthur,right
rlgrvvibryod2g92hqc97ii2,L. Badé,right
47bjfjrtjv3uv5lnguc2ycg0k,J. Belocian,left
rn17zrbsh1g9r1tj4xyvhgr8,E. Ben Seghir,right
axcrcuv22693vn0a887samsph,J. Blaswich,right
743i0lyudasctc2cmxz851hxw,M. Culbreath,right
c1s9pmfkytw0du5ril4kv9i0a,E. Fernández,left
920yurg08gqayxwc80q9f8ixh,M. Flekken,both
2udtmz4lvh4vil16mxvo0j4l,Aleix García,right
12f4mz064elnxecq2srl7r6j9,Alejandro Grimaldo,left
7kjhx78gpi6m3r4j1b4jdyh91,J. Hofmann,right
7amefftr5evwcnzm718rfh9n8,C. Kofane,right
9x0s8mzjc9ey0q812sn3poums,I. Maza,right
f577akgydk4t6ui45iyab2a22,T. Oermann,right
6rg37ej1x7pwi7r4aq1107pih,E. Palacios,right
cdlnfuy9piyga0wud4nrucvtg,E. Poku,right
c4hif6j7tldh0w7oeq8v9pcve,J. Quansah,right
asxjrv3xorpe30y78qqd5cw0k,A. Sarco,left
c0ewvrtk657uw4t5rlv87mq51,P. Schick,left
8y0fi184nbaewtg4t9klt0tg4,A. Tape,right
djha3ac2mfhyb7oia64hq2nd,E. Tapsoba,right
dt8k9pwcj3zktd8xk3ai98vyt,N. Tella,right
9b7iei751ersl6ny0o0k8gn3d,M. Terrier,right
25vb30mtetefhp3ix26nlhx0q,M. Tillman,right
bf2pf3hs8gcvub4ivlve12ymt,Lucas Vázquez,right
7hugqbtot3c8fmxtfqld9l15g,H. Bolin,right
bh8t0fz0czhgepa3rskdxmt7u,J. Castrop,right
3h6q9lkwovcu4pynltgnzhy50,F. Chiarodia,left
7xc0qldxpidl07vij2wgu1sk5,K. Diks,right
8k5c8po5gx3vnxx36viq08xqt,N. Elvedi,right
vzbmf6lqvbw398clnt7jyiqy,Y. Engelhardt,right
87kc5hjp3ry2z624wty5h7g4q,O. Fraulo,right
ckjid5lfgbx8tdyoi32vbwn9x,M. Friedrich,right
5nbk2xeyrs7pxdye1jtqudhpl,R. Hack,right
9t5pmugcj12kr6kju47w4ehw4,C. Herrmann,
e0hk5aepnpo7cne006zwahfx1,F. Honorat,right
aopmwx748flafzpj58w2afwlx,T. Kleindienst,both
4o71xxq6qdkhug58a073fxega,S. Machino,right
2t9287y4uvo424uhvwjpn1jx0,W. Mohya,both
514es9hzl2skv9dl5cofgkogl,F. Neuhaus,right
1ljgis575ujto4361ed15w0r9,M. Nicolas,left
bxwa90x92eaokwxwylx7389re,G. Ranos,right
bc5vmdnoyshdi5hcgu8dgqxyi,R. Reitz,right
2we9yak4ipkr1ljigj20puv6y,G. Reyna,right
7zbu2y3nlj4dyhe1qdj15g3xl,P. Sander,both
43eq31reskwn9veb3vickralm,J. Scally,right
f2o5hj0e2k3kw0fj1xzom0cet,K. Stöger,left
24vsicnsc44o2mr9jk0qjvb2t,H. Tabaković,right
dvic19ojqq6erwene0ijta61g,K. Takai,right
b5ovydnz8s9gf0nkwofutr7ys,L. Ullrich,left
aw83l7afhw2lhkg8qm7mbnms4,J. Urbich,right
ebj6t5jqzixrnww1z7qofznu2,K. Adeyemi,left
l3z6ny1teb2ukdgaggqdnspg,M. Albert,right
ay8tikc1j1r2luqovxrmuf9xw,A. Anselmino,right
3uqn1adw8rarez1gpen9vng7p,W. Anton,right
xuk3qlmk4985hs8ocjjd49ka,M. Beier,right
dw8cxbn8i288w0rqiemop6qs4,J. Bellingham,right
dqrzogrwznyks6whhfhq748ut,R. Bensebaini,left
f4qcgzveslklfi8601tep77x1,J. Brandt,right
3inva12wuqo70czviv1b0us5w,C. Campbell,
7lai6ovwsl01gonutejt4mms5,E. Can,right
5ql70wwevaoqpxabylew5f696,C. Chukwuemeka,right
7snt4uu7f2d0g7utjm2xfis8a,Fábio Silva,right
bmrdtenqr84jt4gmw6i7wez11,S. Guirassy,right
cjznkoq68kxguutsoysecwbh0,S. Inácio,left
brr1dv5rqwqmy0rqmvstmgnpw,A. Kabar,right
9rjd95oqotnalxmv56v7p1r6d,G. Kobel,right
ec6zx0pyq0bggng1m3k6iq51w,F. Mané,both
6384gzzxuxs6pvmrn8qx4d7u1,F. Nmecha,right
3e7h2fmxpv8wjyj8tkki1oe1g,L. Reggiani,right
cl6720rdjeubt0bc3su0qg3qh,J. Ryerson,right
8cho2d1nz18i5o0zt6aysd68l,M. Sabitzer,right
d5mck7rf48chzersephpx29d5,N. Schlotterbeck,left
c9e54hwefvwos94ri459uylbe,D. Svensson,left
4vy3j1o829f561jf4fqum7ob9,N. Süle,right
ay89se5rytzay8md0yeadykq2,Yan Couto,right
emvi36y613e4lqlat3wfdih9l,S. Özcan,right
2zny241yb0xio4i7k9a5k76s4,A. Amaimouni-Echghouyab,left
ekl9e2t93vow1buusgdcs3giy,A. Amenda,right
aykbbz6l05b9t5n8uaxp6n2fo,L. Arrhov,right
e91s5lp3fvfaav8w8xi7wdx3p,Aurélio Buta,right
4lg41m643jf18dgax298bufpw,J. Bahoya,right
oel537m4mtjwwnyusz6efj6d,M. Batshuayi,right
d1e8em0pe47h68uq73h8aq1w4,E. Baum,right
cr4e64yry1ttwcjxh2klb4ui2,N. Brown,left
d3tfdqfnab7bqxfdh3399y06i,J. Burkardt,right
7gni45coa4swn1i66wzpzug9h,T. Chandler,right
684cguhktvth28ql6qgvvmcyc,F. Chaïbi,right
dchp4ud6043gahy06jrm7q6i2,N. Collins,right
7o11dzx2cccrslutrjl16ik89,R. Doan,left
adcmwodw7raphk57z8m46f97u,Y. Ebnoutalib,right
eqtsanns36za56h4pfqhbnh05,M. Götze,right
9cbp20wyy4ldod06myqbmkqok,O. Højlund,right
5rnmjho9ntzolo7ogkhyaey38,Kauã Santos,right
byn8dfwg5zdefrca7wgn32qne,A. Knauff,right
1zumt9vkrqd8d3p3eqtwezi6t,R. Koch,right
dn3llv8xjdbbndltfym5ar561,R. Kristensen,right
elwm97xvha0y0t8yqx5sur9ck,H. Larsson,right
2nqhczrkd45rdu5fcmq1wjo45,Mahmoud Dahoud,right
du9vq193cqx7gmve30eijws15,J. Ngankam,right
ojqb7kv87o0cidbckgtg1rdh,E. Skhiri,right
8qlz4omhgfnzyb2cgeou7xn56,A. Theate,left
4a59itr8bwm9auhz9f2dno104,C. Uzun,right
16idj1wxzcbvuaov5duvpqhyi,E. Wahi,right
7llxni56g8q0yt33vhp1pt3o5,M. Zetterer,both
d2djen6mte9953h6n4y79by1g,Arthur Chaves,right
3akb6xex1efr9ypj8yxr2uf4k,N. Banks,right
eolso19u03zxw2pca2i95v4dl,A. Claude-Maurice,right
d2gbcc336c4zatpiif4cvm2fp,F. Dahmen,right
cfg7sawvthk1g1zk06wgyym1g,A. Dardari,both
bf6s84lavpij33riqec7y8445,S. Essende,right
oivi495h0xuu6sw8i1ra6dpl,R. Fellhauer,right
34z1r2585ifo6zdcfuu6xumfo,I. Gharbi,right
8sms9gmdoqxv60nckpyqxflqt,D. Giannoulis,left
tedxo29s8xx0a71z6sidw7v9,J. Gouweleeuw,right
7c6034wb3zsuq9nhxxiahiuol,M. Gregoritsch,left
a3ib09ji7qsz6cgj3vmz5qort,K. Jakić,right
8828sbg7wzgjbs1727j0rx84q,A. Kade,right
7at6knpizbafid4br861pi6zt,Y. Keitel,both
4j8y1bwt6z8iu98077xqzmvx0,M. Kömür,both
3er9krmf0k6dhv6f9ltztfend,A. Maier,right
46vm60m1v8o9t0aesa0bpr42y,H. Massengo,right
cyz9jisw86vjjf85xxgbae0yy,C. Matsima,right
em2wgioc2kw4uqxkhey5cn190,U. Ogundu,right
egmcpa7j5clzga5m0zvg2f105,M. Pedersen,right
4kolmisdpprx0wrahisadl5n9,E. Rexhbeçaj,left
83usrrx99pkiihnkz44dt2gru,F. Rieder,left
edgnkgpt7a6rzffcd012sqfpw,Rodrigo Ribeiro,right
eg09wg0vofjk0hqg04d0m1kwk,E. Saad,left
6qujoqysad60h70f3ac5n9ch6,K. Schlotterbeck,left
bs71ipy5lx696fixg10eq0aac,T. Schnitzer,
5irixhhyayq9yl7sb2kohjrv9,M. Wolf,left
afk5qdami9yzapywig6ds4quh,C. Zesiger,left
6sj31v61vtwwxe5hhwkj80g7o,T. Bischof,left
70esd7csbds20h5uazwktcbje,S. Boey,
qt1wbjej8amtydluzvfudhxw,David Santos,right
582uvj0i3dvm0zwbou9q68pgp,A. Davies,left
5ch0r2awkzjfd4hv6kbw6c9gp,L. Díaz,right
4ysxvym6ww4f9d3hflkqsbf11,S. Gnabry,right
4w4ldzomkj7fhrc51iimz8no5,L. Goretzka,right
8p2yagsx6ujdbmeonkd3u4c89,H. Ito,right
amcwh6w0brmkttg4uc5qm6z9w,N. Jackson,right
b9g4qurpll4wizajo95c406hh,H. Kane,left
b4x911h58r8i9b2vvsnydvfo4,L. Karl,right
bhrfr8rtpsm889f93erdlbb4k,C. Kiala,right
2p1pns6j6id4nx3nbi7fv0wrt,Kim Min-Jae,
97nv3y9z2ajz6b4ynoo0jn3kl,J. Kimmich,right
1qthvf5krys0pzk24h8wtr9at,K. Laimer,right
8nlw9h93ry3f4p5ci7f8zs0t0,Maycon Cardozo,right
clrnb4f1yk8z6fbcwyv9vmkus,W. Mike,left
bhsdzppop8jwjsxwftizot1t6,J. Musiala,right
42x9xyenk4vjvo5pspjh45iqc,B. Ndiaye,right
64pzn3jdqo6y2izlpm8n3tvpx,M. Neuer,right
enpkvxwcyv4sqfzulxwmvxmac,D. Ofli,left
m2c4lckkcr7yilnqxrrsgh2i,M. Olise,right
9orn6va4xvbfp1zdqb8ri2oes,E. Osmani,left
9u0jnvttp25l5bp2pvx7pces,A. Pavlović,both
6ie5meimavc8kwohr6lrdyket,Raphaël Guerreiro,left
4skrm2y64va3y5jk70gz4ylpm,J. Stanišić,right
5ec2ede9uwbft3wby33mwowyd,J. Tah,right
br2uswvdgoj7ndkx7mnbwgyd,S. Ulreich,right
x4qyxhfr2vi007sazoqe5vit,D. Upamecano,right
91n9wzn3qq2789zq8vdmfrd62,J. Urbig,both
16rur8pbshrs9xypsq7mnxzhl,O. Afolayan,right
7wsv4h6o1ps1vxxvs6dnt6az8,T. Ando,right
3pzwmymhpa20k8i6760xg5puc,A. Ceesay,
aw10uq1kb2kgr79s8zbipts5x,A. Dźwigała,right
3v695dpbm6bdgifkyhlie6kbu,J. Fujita,right
2n808wa0h841cn8xi78n21v8q,T. Hara,right
anycrq4ug1ee012dw68tpsh2i,A. Hountondji,right
2ciak27414tln8ac4t4xj38id,J. Irvine,right
3e79d5436l57bfj3ywbjvfr6y,R. Jones,right
8im7pgnph2au11blma5pewe09,M. Kaars,right
3ynh418z6f6bfjz674vs40f6x,Mathias Pereira Lage,right
1igjz2w9dr9mj5f4ade5plsve,C. Metcalfe,left
d3ikbsb9xrytwlf4ls34cvqol,K. Mets,left
eg5haueyvosx3euq9e0ogdj6y,L. Oppie,left
rvqiq9rz1ur11jb8skb7419m,A. Pyrka,right
payije8nojdfrbkuq9hj2sph,M. Rasmussen,right
943lx505f9ple1gtxx9m178q1,L. Ritzka,left
curznlsytjm07efqlmyp3br2t,M. Saliakas,right
7ush9a10cc79gudlog12crt9l,J. Sands,right
8k5rritl3k05hubghapadgx61,D. Sinani,left
8yiq2pl6mno23dgg2h7p2fcut,E. Smith,right
9y3cnx4ymvbndjyu6sk936k4q,F. Stevens,left
6govmi3dn4cxa3m0lyeqc1uj9,N. Vasilj,right
effmy99qczj7w9kb28u5y7mqd,H. Wahl,right
5tg6w4wmwtiwvdvsmju5svdhw,Fabio Baldé,right
6rxd6ltpl30qmksb5fkwrl756,N. Capaldo,right
6d88lw0gtv7ay0hk0p51fwhzo,Daniel Elfadli,right
8b60vtt1stnmt2uoj0f4lh49h,Daniel Heuer Fernandes,right
5g5ml1wwa9dfhsh55hv7br45x,J. Dompé,right
7smbk83rqjkkcqqduw4vyefx0,D. Downs,right
4qrvwap878sl5dz5n3o8mr71m,Fábio Vieira,left
e7if3ma2jblaurrokcxadk0k5,R. Glatzel,both
9ic9msq3tj4gx8wqa6wfwk50q,G. Gocholeishvili,right
biuovem90utcyzda58nixtaay,A. Grønbæk,
6s9jrt5xu2i7tqcfhqct64mhh,Guilherme Ramos,right
3mp7p8tytgkbwi8itxl5mfkrt,B. Jatta,right
9nrt6uh2zw65jd7u2axlvxsoa,R. Königsdörffer,right
1z4cm8460fycd03z699uw6hhw,L. Lemke,left
apdrig6xt1hxub1986s3uh1x,J. Meffert,right
bntg1x82gm63kbo7ijai64gk,W. Mikelbrencis,right
1px9whllb1pnprmgq4fjw3qhh,M. Muheim,left
9lh02mivhvtgcfajhsf06e4us,S. Nandja,right
bamobogg0wjnxd43nxunt3h4a,W. Omari,right
6tzrulqvl1ytj9907ueeanskq,P. Otele,right
3awoq36w443aauvv1xnffjlyh,I. Pherai,right
7ngbzn51z20j8s1drzdtwiove,R. Philippe,right
8l0am8k4pg2s9g9qbkhwte6dx,Y. Poulsen,right
849wrp9wm8cjyrbshlaukyz56,N. Remberg,right
elvudk6nh32u82voy48c3ov10,A. Røssing-Lelesiit,right
8sp01319vyxst4lfxjjp91ii1,E. Sahiti,right
375gnysvjk9bvq02ex1lkmynd,A. Sambi Lokonga,right
3ctafpdiixwdyfrx677kp73f8,A. Soumahoro,left
e4c4tmuny1mrnofany1sbfy8k,O. Stange,right
bwzftrovpa0418aapl98og7l6,S. Tangvik,right
fs5utga62tud5s06xj27qdat,J. Torunarigha,left
81qmlg0ttijhkywm55ejdr40k,L. Vušković,right
bx6j2y1hnu63lawn3rdoep1m2,J. Bakayoko,left
23l48u4w5nj4036whjm3s49gp,R. Baku,right
4j9ug0ng9dhx6xwhdwx6fafx0,E. Banzuzi,right
5pousbiuqbus68yekd0mhc5pl,C. Baumgartner,right
atlhc604ri3rr4w012otutyj8,E. Bitshiabu,left
8e6qzf8dp3c9lch7tu5r03qqc,Y. Diomande,right
44i5i1fr0mw3mymdbepzkj9ck,M. Finkgräfe,left
3e4s03gec7n4fe7llngv6hel0,T. Gomis,right
3tb27261f8mpzpq3prpv8ng0l,P. Gulácsi,right
3nok8qxxj2zl831wgvc7abxuc,C. Harder,left
3isbv9egu9vzxnna4ix8gcudx,B. Henrichs,right
axj39lx25teh62rih6uv9qor9,K. Kampl,right
3igg6gfmomgh1t5ohwzbpb5cl,L. Klostermann,right
e07b6h22s8ve5yxj4dk3mak2c,S. Konaté,right
aaaskdins76bd0368sbpt7wq2,C. Lukeba,left
1ghyb2ozmwm2o9bxzuxzw7yfo,A. Maksimović,right
akw8xefrrg5q78q74h4kuj3f8,K. Nedeljković,right
8mkkchf0ysdf78r0lncd73klw,A. Nusa,right
64ubq0xra74xaunooi8knyajt,L. Openda,right
eapihgte8ydc4g6hzygsx2e39,W. Orbán,right
4rhyl8q31wceeq2dnaep9t3x0,A. Ouédraogo,right
2uz1cmslnjjzsgfcgji26kqg9,D. Raum,left
2ofcow1hf3b245myztjgvvqc4,Rômulo,right
1s1v1tweyx8wxc9hj2jrnaggl,X. Schlager,left
307whzq643o50rd4g8niobyay,N. Seiwald,right
jflu7a5n4f3ezoj20z0kje5m,M. Vandevoordt,right
2pjr6yz65f4uqvwniy4vphn85,T. Werner,right
ejuw5de99fjgrxdn79aulbm96,J. Adamu,right
6gjlcd7rzi3p74qwvj7ia6esq,N. Atubolu,right
6a0w73agnkslcc6gea1jxxzvt,N. Beste,left
f5ln82l8q7gvouj3zhsp5t4gl,M. Eggestein,right
84mp3eqt1ckw107hwxpby9cd1,M. Ginter,right
2az0f39bhz2kvxhopalzi0h5h,V. Grifo,right
b7ve7k983eaewnupejiow3jdh,C. Günter,left
ejnh215cji6xou661kiwcc91x,N. Höfler,right
bsyv3fmihshve4jcr11qmtmfp,L. Höler,right
cc3j4hx9guihwjcb3l2toja50,C. Irié,left
8nug6t1cmn9pwhnwdf6nyhrrp,A. Jung,right
2jk8zu0m0tf7if0pyrkbo82xh,L. Kübler,right
6o2v57d92t1mejod24gmufcut,P. Lienhart,right
cp5t077hogyhom0scrziguyju,J. Makengo,left
6g4cnzr3dh0veul5svzkhmxw4,J. Manzambi,right
dvhjw2ieemakzw9o56r6y4foq,I. Matanović,right
xeybxsihh2ggg35oz4ws6jv8,B. Ogbus,right
4y167h8sn9cnyrvb097lf8lbd,P. Osterhage,left
9i46dpapurzdzvd7nz3be7kl,M. Philipp,right
f2f68n13t1nd3cjwair6jrip6,M. Rosenfelder,right
bytrobr8rfp9zwbxzopr4vgno,D. Scherhant,right
53nd6a4o02ebb0w2s12prijje,Y. Suzuki,right
7uboncfvtna9i93cx870sauqc,R. Tarnutzer,right
5a9y4yka5m1ft3f4e16f3ycfe,P. Treu,right
f14n6d52p37nkvoo5n3i52x2h,F. Agu,right
1e2hez2ipfx9aqg6h18aao222,S. Alvero,right
39yc76urwnda0ze6qb9h00ine,M. Backhaus,right
26nfmfc8p2doisd9p8vtd33dh,L. Bittencourt,right
a6cke0ad2pvuyahweuch772ay,V. Boniface,right
8w9qk5a1mf1ecrm9pfncnafx0,K. Coulibaly,left
1hpivlohlnwpw0hyr9gxv5gk4,P. Čović,right
5wn1xudozb4s78x0m8ch7vn8q,O. Deman,left
aaoycxwi9jny6flm4apz8a2uh,M. Friedl,left
6qj9kdcrum9mqla72ytoojje1,M. Grüll,both
2k8bmlxzt0qi7divtxye0a5ii,I. Hansen-Aarøen,right
e36lcgg2vegiecbez2j15fl9m,K. Hein,
39tod1iad3ztq17qveh8pwp9l,S. Lynen,right
3tpfqju821lze7myekb40kefo,J. Malatini,right
58d87tochcm6hk4n6l7ua7jvu,S. Mbangula,right
acrwmucmu5zajj159f30of384,J. Milošević,right
bwrtljwa3px624mxp49xa6psk,S. Musah,right
68rs7juin2mmdok00hw6uvre2,J. Njinmah,right
1psr9ra8k9j4r94p1xixagzbp,A. Pieper,right
di9k6xr6j4arjoltl7s9yp6cq,Cameron Puertas,right
m2nkidcdrspnmeq177yv7kk,M. Schmetgens,right
b4q9q0qgmtz959rygieg9ln1l,R. Schmid,right
dx47szytc8vttuj4rcn4yzdre,I. Schmidt,both
14fw7p4fzaxprndgxnx0gxgbt,J. Stage,right
2p48525x4ap9m81g6ode51cyd,N. Stark,right
ad2qplv0aa66l11ipq6yh0hd5,Y. Sugawara,right
cmbd33qb8zs7wi7ryhy28yycq,K. Topp,right
9r20sl10trs6903jz83hmt6nd,M. Wöber,left
6yhylu5q0y924amgv7vlodkgl,K. Akpoguma,right
1yjv2fht4kuph088zlgwfwup6,F. Asllani,both
84d0jugdidn3if1iqx4ynuxw4,L. Avdullahu,right
cm8po8ez5w9ms01gid6w3kwk5,O. Baumann,right
bkbmygo5f1glcs6xssawl26z9,I. Bebou,right
55la79k6l8zifz8o9vbp20991,Bernardo,left
ag6hkplnlodzxqrs9fh7mka5m,W. Burger,left
4ryipy52oscxkv71ws0os5w5,V. Coufal,right
65v1s740zfmpwkc0z1v3aisd0,M. Damar,both
9itdoft61idx19f23g7xzxpm,L. Đurić,
cgnl3msfddxlw37gu1jtiu42c,Y. Eduardo,left
a9jc36ub52lh0jgq2ya56wyui,V. Gendrey,right
4z9prwdr22kb7vpemekkzqooa,A. Hajdari,left
e4vr28e9cbq3q5nux1jlpuuei,A. Hložek,right
725lp72qyqzvbul0aarhvi99m,R. Hranáč,right
6ki6rv564ybctrajr2xtgyeax,O. Kabak,right
ew18qvvupaejxubhqmxmbd39x,A. Kramarić,right
pjbuqt8wiwm2ql2tfvvcn59m,T. Lemperle,right
4rh8xwozidxiwvl4wi2rn0fe1,K. Machida,left
spjwukiya1mdmpbk7f4baolw,M. Moerstedt,right
33rjtcl9kkwdlp34oqn4dkx9m,A. Prass,left
57c808184l80uuuv7z3flcu6t,G. Prömel,right
6teffw7m19t1b3auxy22y4m0a,U. Tohumcu,right
c2p36c1bs0hddw58lf48iy68k,B. Touré,left
3krglbuxncb1fvl3p1sezhoq2,A. Al Dakhil,right
b9xr5ekjfzw6jk25b4vo7s6c4,J. Arévalo,left
6n54br4iwdggqvid7oirzfn8q,L. Assignon,right
c0dvcjq2rfqs3jj5g5v2m5zsa,B. Bouanani,left
mgwgcv336wb93xvv0pfr6dih,J. Chabot,left
e30x514qvzadcryj2zhoss26s,Chema Andrés,right
avk9yje6h4nndg3cufnbu2imt,E. Demirović,right
7jpasvui43tnyao6ijyuuyuqc,B. El Khannouss,right
3havaatbnk8p6gc9srgajc25l,C. Führich,right
c3mpk7pjhma4lwkjl8v5mhox6,R. Hendriks,left
dedho18swt010xrsviuryauc4,L. Jaquez,right
4whvqapvco3c56audz34s6jv8,F. Jeltsch,right
boquhcwmad8a9gcq3jcv1m68k,L. Jovanović,left
a4p1m3cqm6z2p1bw97s6k46ad,A. Karazor,right
bt35y17wl42b5t5tw6z68uwyy,J. Leweling,both
6q2mf0qrkt51z28b46wltxal1,M. Mittelstädt,left
1en0bgq0u842snszevlkscxk9,N. Nartey,left
d3xdl3p9vd1c0m316oq2pblxx,A. Nübel,right
7gzdg0j9usc3yq0dd1ad57sgl,P. Stenzel,right
7hnmtyfmurizitwz1whecjnmy,A. Stiller,left
9ic8hvnkzj9p0ikh6bwaeoqju,Tiago Tomás,right
6rutvrgco8li4nyz7tfayxb6x,D. Undav,both
bibz1qxakmbflq73marmo4nop,J. Vagnoman,right
4xhnmoqgxoheel005ek6ckfs9,D. Zagadou,left
aku4u63qd4l6k1pmp3u8y7x90,J. Adjetey,right
8855nyl8htw15u4y4apom7fxm,M. Amoura,right
acxwc7xxrtyssiy390t859kgl,M. Arnold,left
2bsmlmrjtknurmuzuckyr2h3o,J. Bürger,right
c1yctqdku2vzho2azsgcy5dcl,V. Černý,left
17iz3i6kzdxc115bdlgcgqdck,A. Daghim,left
6mxpnfdozs8iqod835jw9jwus,B. Dárdai,right
awda32rw2clw0sjemf7rkcel1,C. Eriksen,right
2mwe6l0eu1tisri3eu26fx8x6,K. Fischer,both
d2ykrr75737c8bzlwhjj90vkl,Y. Gerhardt,left
a79ojcztkvgui9sw4zbkmvr3d,K. Grabara,right
4jetfgij9sfzo09ffr558bwno,P. Hensel,
bm5w5xsbbflm26pdhmejwgvs9,M. Jenz,right
5d3stmq3pgka4qhdfoff35t9m,K. Koulierakis,left
al6dgtinz0ki8uj8wrvc7fg2c,S. Kumbedi,right
5ph2ln91ycq1qlq03cnqqs9re,J. Lindstrøm,right
3hd9nxdb54zn4fhbf7qa7x0q1,L. Majer,left
6lfje6glfgycun47flgmc9jvt,J. Mæhle,
2dxsntw3djezptdjqzu0oxi7e,K. Paredes,left
8ri0md3tr27a1bn10xmfkgsus,D. Pejčinović,left
32ko5zzk7805mp4q4n3iwiihg,K. Shiogai,right
5asv6uc3a4xxsr9u30kdfc0ve,A. Skov Olsen,both
4sd2zs6d5cd4d9n3oo54lglat,M. Svanberg,right
w0wt7gjkdddn63a4258j8frp,D. Vavro,right
adi6l78sdvet408eho4fi4xk9,Vinicius Souza,right
aplc9mad75h1k90o3qla9c7l6,P. Wimmer,right
eswxx8pxqyuj7rnpvqawpej1l,J. Wind,right
diyzb2gwf1zkvqyjc63085eui,A. Zehnter,left
310zaj8t3k4c8aj54ml0n0kx5,H. Abdelli,right
bt2pm0it9f1o216uxo3abfpbd,J. Allevinah,right
d3qx3gwypipcl2azrj9ing9ud,C. Arcus,right
7rvgrqf0ktsepvwpj0osy5pzp,A. Bamba,right
dom1dzrvk7y4sd8puf8iztn11,H. Belkebla,right
5vvhwzxwq395q3welimok3uqy,Y. Belkhdim,right
eouwziiusxkpmhn5m1fj9vyms,E. Biumla,right
99yx7t2j59cyia4bkpi59q1as,O. Camara,right
dvtd4xsoihe7srn69irnng5w5,P. Capelle,left
27u1slmp5wrly9oc6ju7ya87o,S. Cherif,right
2cw7so15i3i6bl3aqla0dnhn8,M. Courcoul,right
bpwjiomcefvhknhvx6k8tufbo,B. Diatta,
dssrq717aixm0exkwkbf3q42c,H. Djibirin,left
4hfq1ngrroah5xew91woxg07o,J. Ekomié,left
au4gac1lz7xurxqjy6yoaq4t1,F. Hanin,left
btyk45f7gmz3ck2dafpp22yg9,H. Koffi,right
ar3g1flq7vgbl90q9t1v4y02d,J. Lefort,left
f12l40tkknok5cqitoacfdsve,E. Lepaul,right
3wro301r42w3zvf8awh2erkes,M. Louër,right
d4v9gld96o8b0dm8mo12dsg7o,L. Machine,right
avrytipllm79xl3g4lf6si5wq,L. Mouton,right
5hsayz8xx43z84ounubrnt91w,P. Peter,
2npgr2t9a1tdqvomg3khczl78,O. Pona,right
4l4hmsih1jyb9jegs60cbn4oa,L. Raolisoa,right
4nzndhd2pnky4szpunvlyxs2y,A. Sbaï,right
epqkr392cimvlfd0a8yldz578,D. Sinaté,left
3qapyusjivhr8pi16nc8i3otm,M. Zinga,left
2rsqkarlkh6z8vrb0clfbz6xh,B. van den Boomen,right
9dnne0ny6o6d5c6w3ayoo4vvu,N. Ahamada,right
2173tp0hk6gsx2o46hx4h5mju,C. Akpa,left
2r6suw717hgzqsp8ogvwdfk6h,T. Bair,right
1i1kglybnprrm3qliag8citm2,J. Casimir,right
6g95kayrpxatgdv4mg64xtm38,M. Cissokho,left
ykp13dluyk1dwzunv5qj2yhg,L. Coulibaly,left
4sjs5ktvkun9g96w6h5a39puc,K. Danois,right
2fvrc1kbl7k48il02ekwiqove,T. De Percin,right
3apdng0z7tnntzvcwatrdp9n8,T. Devernois,right
e9mtpmkb4qj2gqyv966g9ulpm,S. Diomandé,right
epm5q1bte6c7heozsr1fc10ix,A. Dioussé,left
7a6hqi5iy91onh9u7l7t88tbe,O. El Azzouzi,right
7c5uk1ts8jlu88p1x6wubuz8p,R. Faivre,left
cglp4k40r1t672m7j0eb5ktsl,D. Léon,right
1qcj2upaz0xa98zkc835djo8a,S. Mara,right
16x1h9hpemidk9a15q01kfj10,R. Matondo,right
512mx8ixg85cbefyan94g82y1,G. Mensah,right
f3zl8ymo5ttze20sffzk044q1,D. Namaso,right
bkwb8x91yhrr4nmfg1xgvg67e,B. Okoh,right
cm78w42nflwgvshpnok680mlm,F. Oppegård,left
bty8qu3hdcfdb3mlr9i70qga1,G. Osho,right
3r9qvhedhr1o6zm6c5l4alkpg,I. Osman,right
ebx4h86svfnvegspalqgxqfah,E. Owusu,right
bxmvvm79asf30rpxgklotjg9g,R. Rodin,right
1ho9nox6j8s5cxd1kxjspsrca,M. Senaya,right
a1oi2uvchhnwi4kqw9npdp0q1,F. Sierralta,right
aujgya83jg4eylvm7hjjbbasq,L. Sinayoko,right
896vowtghxnvbix85vckpyqz8,T. Siwe,right
9t2dfjl5agcsblpq8dpqojofe,L. Sy,right
1232jma15b5kj5j4gwvn6bp5g,Y. Zaddy,right
8vhjmcgjbzpzd4vv3zb945p1w,M. Akliouche,left
edti8t30h7ukwi3wqlzaczje1,F. Balogun,right
srzdmbirhvpjuok4mf7lj5zo,A. Bamba,right
btfanvej91yogqzfml4vmsmei,M. Biereth,right
4dkerrlcqxybg52pose3qxas,P. Brunner,right
e6zf0qj614z50i0bsd4l3xmac,P. Cabral,right
1o7se1aziz6fpes5hey7yijft,Caio Henrique,left
8eq4c5cotvem9ae9uzb2yezo4,L. Camara,right
52bg33ueyjgfvlh0x4n4rks2c,M. Coulibaly,left
f5j3vhj805xtkos7l538u0d7t,K. Diatta,right
az7wa6km1zhvsb8y4mndlogyd,E. Dier,right
72d5uxwcmvhd6mzthxuvev1sl,W. Faes,right
308krssmz6irpfntht1ka78tm,Ansu Fati,right
28x7i681wkjueanvkevew3bh1,A. Golovin,right
cg6h7oq0b5zpx1g4brhzyk1xx,L. Hrádecký,right
47zfdb0zeb03nvtjpom42j2ms,G. Ilenikhena,left
cm0gwoyh5rdb216fx685a7l5h,T. Kehrer,both
a1q3mystvi6gkv7tjrn75kw6h,P. Köhn,right
4r5mejvmxk423kx5j3w4u3n6c,C. Mawissa,left
6tezw22m241iukjha6vyz0rh0,L. Michal,right
csvqjyuk06gzvjm408513nydx,T. Minamino,right
6j5giieogscravfi7ov556az8,S. Nibombé,right
7zru7o3jrzx66f5aa6kggyplg,K. Ouattara,
f482w50k80zbyb2ykh84yijf9,P. Pogba,both
2r1u01vlym0nwcwx86bwbuusq,M. Salisu,left
2e0o5pwinz3zhg9pqg5vej9ih,J. Teze,right
3hsh863l2s8rhwu8tpjo7lus4,I. Touré,right
adb8skc3qbvgunhzd9651lij8,Vanderson,right
2jc6sdkse1kxjztsgystidot1,D. Zakaria,right
3hiehiu25aufrc0q9890haqc5,L. Abergel,right
csye3q50ciculdiggvcefx8x6,N. Adjei,right
5wsz3usdkj01snq28pzpiwb2s,A. Avom,right
drvxsxvv0g03fw69sf8xvyp6,M. Bamba,right
3j5szw0d6ee3094y99kpaz2ms,M. Bley,
ax69g2ukn2tsaz71n0waf58q2,N. Cadiou,right
3kofpagqyu4owm7dfgnllvuok,Daniel Semedo,right
8vlfwoquq3v68mb9ax1pk5fkk,B. Dieng,right
8h4jv2n2b8w3hmn4oec3tvevo,A. Faye,left
5emz2pmqmy4ksbmmt3krbtzze,F. Mendy,right
31ur1f7xmxndnnabhrxyov6xh,Igor Silva,right
a065rtv2lfh0rso33dfuah4ut,B. Kamara,right
6m85ntwegbkk9zkodmxka76dw,D. Karim,right
avcz4wr4wem1s9vz3y5hl5fdg,P. Katseris,right
5c2zuz7f53hvqn5be1k2nddsk,A. Kouassi,left
2zvbw080n4yro1phgv39ri3qi,T. Le Bris,right
60no437awq8i5th7nlffh3dn9,J. Makengo,left
38cotevgsirv0csora7bar3vu,B. Meïté,right
6790uxmc1zs4emxtqf7vl6imt,Y. Mvogo,right
blsn3vd9ixyrtiiw3t023cuwa,J. Mvuka,right
5xswuoacpzuco82mmu00gjyms,P. Pagis,both
a67xx4g0dvxgvnqn86taup9ii,S. Soumano,right
996i59930r3kd4xk48x9fsp2h,M. Talbi,right
92x4ssmd4sq2upjn0dyws5wq1,A. Tosin,right
5rh9yiue1qnabbwoyweyus5t6,I. Touré,right
e32urdrdkp44zmnt6ptg0k12i,D. Yongwa,left
8hn080610oqnixdmbxw2965ii,G. Abuashvili,right
f3gxyvlnuwl9wglyroa6q2mll,J. Asoro,
dmrj53hcw8vcffxx0lfudbob9,F. Ballo-Touré,left
jdvggilk174usphqj0q7i7mc,M. Bokele Mputu,
539g0asa7szdo166anerfzvf9,M. Colin,
b3wpebwk3m3ax11ia7dkwcwrt,J. Deminguet,left
bndkgzdolm2c3iteenkv8s3it,H. Diallo,right
b20lp3ufi88q4pckp39hsjbsa,J. Fischer,left
dr2upvki95vzd9pclkjpsjs2d,J. Gbamin,right
4fubr17m88vjkkqx9i7vdrtas,I. Guerti,right
71u496icvidir8qgjqut39qms,I. Gueye,right
co59rv08x22hk5itwibbwq191,G. Hein,
bubiqvqopahio0kq32a7y2i38,I. Sané,left
e758exi14ao5ebwdjxe8lh6nd,K. Kouao,right
f5bvp357xwfostjz7kkqvzt1x,G. Kvilitaia,right
83nx6hlfsrnmwiwwdccjxiec4,B. Madjo,right
633lall32f9p10jucze2k37ro,N. Mbala,left
alaq9p5yvl0hv3vp18apzct90,M. Mbaye,right
aeg6qg6zhedy316adz12ibqqc,M. Mboula,right
2k8jecll7vz9axgflbmv178yc,B. Munongo,both
ca6vj1so4nfjc4wkmahhynsic,C. Mélières,right
8r66a8r47loy7w44aqkz54utw,J. Nduquidi,right
byp6hyuxpi2sn27unyzvlfh90,J. Pandore,right
d6lslxdr4quw6bq1dug2pxt2i,C. Sabaly,right
bffc3dzdi9c6ix77k1yaepjpw,S. Sané,left
csnsu3jg12e3ridlmteuyrbp,B. Sarr,right
17b6v5z6embi47fw7gsgj5jh1,B. Stambouli,right
e8o145zyrt1h2l7ywh80lt8no,P. Sy,
l50afz42k1kcl5gyrja3zvo4,A. Touré,right
5v5jv44a8y2n7p1tb8jsxt2ei,B. Traoré,left
1sq7k81crma1kde80f06fufhl,G. Tsitaishvili,left
agsollzstr45ee0z17tle8d1w,T. Yegbe,left
1py4bk2ik16w8lil31bghq99m,M. Abline,right
67w182dhn27nmdrchqlw9w104,M. Acapandié,right
3i2ozixaewtdlp67e8992fpqs,Ali Youssif,right
2s9ko6yxyi95jybzguru8g3bp,K. Amian,right
d3mss0i879krqrk1owzmj2c45,Anthony Lopes,left
c2wiaju4etayjlp12x9ba3kkp,C. Awaziem,right
dxi8h8zie3czo1gq1teh5iu7e,Y. Benhattab,left
3pz4ro9b1u6u45gs7d6apmo5x,R. Cabella,right
13pfqhu8a5nq7b0tx1iajjq50,A. Camara,right
6k51ka2qv5ge2ibrb4o5bin6d,P. Carlgren,right
bf2yxiyhdyipaxxxobt9i1gq1,F. Centonze,right
a7bs2dkwmy1cjryql6z3n9kut,F. Coquelin,right
azcv772qzdbz1exafx3od6lt5,N. Cozza,left
1p2pdaek0xjlk5fgrirl7hvro,B. Deuff,right
h8ufkiot3dwdllf5dzz05hxw,S. Doucouré,right
7g28h82kt29y8zrg44xytw1jp,Y. El-Arabi,right
adswn2xpomwsi7zh022787mne,I. Ganago,right
7atxpldexe9adg8ft1wbjndud,F. Guilbert,right
ahof39nb4cz6xbqgqon20pd04,H. Guirassy,right
8fs5klbsyx06c5ds9s1i3xu96,Hong Hyun-Seok,left
3g14bqou9coim6fit9c2cyr8q,M. Kaba,right
1ykx4qqmrnqanq3a6gepfh7ca,Kwon Hyeok-Kyu,right
4cegvsj3s6t0o1l5xap6jypuy,M. Lahdo,right
6ovea0xzg9yflmlbjdf1xcmlm,J. Lepenant,right
c333e52685djkf7awslz6muj8,L. Leroux,left
1ad3itgiwcnyw3o9wplhah2hh,D. Machado,right
d3y4csfpvhzcowlusw9xe32eh,Mostafa Mohamed,right
4y1je8y7jioje2r96vf8zutxw,J. Mwanga,both
1l6w8m9upv3l6svmdhw7lb651,U. Radaković,right
cb6w7n7n1eh9huwzyzvgmdxih,I. Sissoko,right
cn6uwymow3ewbnr6niqumao0k,A. Sylla,left
4cz4axu6ab1o04nizrfu8xhck,D. Tabibou,left
b42it8et6s9w615cde2iobz10,T. Tati,left
dfj6h4z1n57r3zbb196qcp7h0,P. Argney,right
9fcg5wz6no3f9mn7ch45g06hh,S. Boufal,right
17acodpsoxkhha2iem2465ivp,T. Delaine,
c6u4h9wy88ymj6whiz93jknv9,M. Diaw,right
2xpoljxhc1nnjveb06ipqvpt6,F. Doucouré,right
aou0s44ekqc7vyp71mjf8n3mc,S. Ebonog,right
j0zbfr4wa3dovkgo55o6xilm,L. Gourna-Douath,right
7095nvsxasc5kcwsl2q5vqc16,Y. Kechta,left
9b9qmdmll7sse85ba7y39fm22,R. Khadra,right
l0e40c7iatiq26mayw0ndw4,E. Koffi Vinette,left
1uropw4e6htgs5btubtxsftd6,G. Kyeremeh,right
9vk8oyt5lma4ir9tbi3uvlrdh,G. Lloris,left
8jbjkt4wc1dmqaoxn76mct84q,F. Mambimbi,right
ccjhe1cnlhrlkqzcodcij7fo4,D. Mosengo,right
9s90f4r3095h8mefzmpuut51x,L. Mpasi,right
dficbkp6sp4kw7xihaxneozpx,Y. Namli,left
duuan2ogcypv8ftmnypoed3sa,R. Ndiaye,right
3w9x0aoa6tu8gfwel7c5mabx1,L. Nego,right
5465uzr85yh44gzbxwrtgu8k,N. Obougou,
ausceoo438aoxbb6gl8tpes16,T. Pembélé,right
afjbobbjlk2g5tbqstn68cxsk,D. Pizarro,right
7fv02187o38s5itzba1ezwmqc,K. Quetant,right
5qpyf80if6m1o5vkwf1yt034l,M. Samatta,right
c6zhg955v927x9vo39e8vunoq,A. Sangante,right
1anl1jfwm7l4p3y0tmyvueiuh,A. Seko,right
d1p2ke2ry7g9zfjfh93xmjvxm,I. Soumaré,right
1i2q9bpodks0d1m6yra8eyjf9,A. Touré,right
4of4uikysypmvfv1i7suv3b6y,É. Youté,right
5zkzfpiirhsatgr5ktl8xiq6s,S. Zagadou,right
87kn93oiqdrpr8ybyi4wxkgoa,Y. Zouaoui,left
avk0vktquq3oum9w6dyodlz6y,Alexsandro Ribeiro,both
31sljkjull0n7082fed26stzp,B. André,both
bfdco9clf3dwltaogfhv5v0et,André Gomes,right
6ynchgp6o4tajwvnfdnoo11at,N. Bentaleb,left
bxcwnf87pf8ijzbxy70ewcfe1,A. Bodart,right
b8w8yita3r3unmolru3o95ous,A. Bouaddi,right
8cjgce68a2vla1ebamgac4nx0,M. Broholm,left
37fbext4j0oziatkx4n8paiok,V. Burlet,left
dh7yb6tr0977d0tlxlwzv0ums,S. Diaoune,right
azuin8p3zlcnhew8e914dhvdg,N. Edjouma,left
2branork7cntloew47tif7das,M. Fernandez-Pardo,right
5ikeslw81x2em97k79crmhh0q,Félix Correia,right
5awkzgwwh48prwgvxwewuc5hx,O. Giroud,left
1q3c0jq17fnvwfoqm9s3ovytw,M. Goffi,
9t0jh9kfw1225c8hoj0pu8cbu,H. Haraldsson,right
83evua9m8h632hbwsuysq88b8,H. Igamane,right
7c2qwyzh82a45s25zmdahrd91,A. Mandi,right
27wum5rq0cw9g7g33cbvc6kno,E. Mbappé,left
bb5eekaj9i0dbckrkb629qg2d,C. Mbemba,right
bb6glt8n0ar47cmhmj6gnfiz9,T. Meunier,right
9ov7tj31hixo7xp0tfffuhpn8,N. Mukau,left
a5jrqzijth7e3uxl4phi83sdm,N. Ngoy,right
67qku7vyvbw76086eu05nowd1,R. Perraud,left
6gdoxudvl1rgcn7d19e89p9ed,G. Perrin,right
24daij2a9hj0luq5eaxeejzvu,O. Sahraoui,right
3gelookco8f9ft0guaec03t3o,Tiago Santos,right
7vf9423uzzr1jtxzvse24cs9g,O. Touré,right
6dd248q0adq6su677bw2kk2c5,C. Verdonk,left
eaf4b3le808xp7j4rejomxf55,B. Özer,right
d4byfkr3jergb1v1nakrmgvdh,A. Abdi,left
5jrt4as7f9xt1i1enj2dxx65m,S. Abdul Samed,right
3ohckge5om916l32s2ys6ivis,J. Bah,right
7sep6mx2s67mh5fr3raxu7aei,M. Bard,left
3rzjr8wdopfb1xj0d7sq0vrpw,G. Bernardeau,left
2fqlri41xq6p924kine7pjr2t,J. Boga,right
1e9pmgwavcrxus1a8yommuolw,M. Bombito,right
89wbevcfzkyq9qepocguaef4k,K. Boudache,left
e7e68wlpiqqohpg71oh4vrbl6,H. Boudaoui,right
5ak9fwtqlr2pll0nsv5br7p7u,B. Brahimi,right
5vznxxfbteooxk2dd2ws76xhw,M. Cho,
c4w6l0ha9pvwljyh3aejqz3yt,J. Clauss,right
3v4tbmgdwxn6h8h9grse37lzo,D. Coulibaly,left
azuc3tma44xyrbgf5y279o1xx,Dante,left
z09ing18tkgqtubdfw4c43dg,Z. Diallo,left
ct32113pfx5q9avf2c0x208ru,S. Diop,right
89sv092huj2obzdazmft854a1,Y. Diouf,right
3yk6n0wr6nc0dlm51gwvwi4t1,M. Dupé,right
bukiej33alpx4e0t5cpwxhx0q,I. Jansson,right
bby7fmthsys2h60mp0w93gqqy,Kevin Carlos,right
evc54vbh4xjsa97r5jk8eywb8,H. Koutoune,right
7lne09mf2putbltcoxorsw6sq,T. Louchet,both
1673rt3fc2awp1gc3hh8f9p1w,B. Mantsounga,left
9yjtdz1toq241g6cgdty94lck,A. Mendy,right
33jtnv5kyzyw1it7y9czhn4a2,T. Moffi,left
7c0y2e3949kvohxadzfbmct7t,Y. Ndayishimiye,right
bcqutyzafpahp2ni41u2xt4gl,T. Ndombélé,right
6gm82ak9kys9wd1hpk878xdec,B. Nguene,
bfnqlxk0wiv1uy0ptwwqhk9hw,K. Peprah Oppong,right
cv763bry7r833k7qg7ah5ek2c,E. Pereira da Silva,left
vja0xo3xiuax8eh0b6q3y09,P. Rosario,right
d394go61g90f1u6bddu1narit,M. Sanson,right
74hu9pcq0b1z36871v3inexyi,Tiago Gouveia,right
8jc7tw0nw37trgyli0oyz1soa,C. Vanhoutte,right
actvnm36s31zf8wh8hjikzlqt,P. Aubameyang,right
exqldi3zpsfhvhhvphmpw1ez8,D. Bakola,right
74edqcuzfzy7nswqzn0v3pe22,L. Balerdi,right
7ujr3n286xjhtwsrckvkbldxx,D. Cornelius,left
1xofhzib5lyqx285j8x36xg8a,C. Egan-Riley,right
1bm5qirblnmi4axuz2upq2uqc,U. El Kadmiri,left
8qezzr83ofw7htqufohg2fwlx,Emerson,left
f414ed8b0apdfxxa56mq04q1h,U. Garcia,right
6u2ob6fv950r1qve8uejkq2uh,A. Gouiri,right
6kicom9a3lzp49urle78bevl6,M. Greenwood,both
4zxrdmwphkxvkvo6bt30uanrp,P. Højbjerg,right
e0cy0gwf04lohf0xjef0af8fe,Igor Paixão,right
9m3gd12xou3mobxdk3jbxjpqs,N. Kamissoko,right
58qeglyxdi7y8ttg8sddv8set,G. Kondogbia,left
66jen2gao5xg7idfmhb0p9zpw,A. Lago,
agmcwbzoertg4l8njpdai7kl,Pol Lirola,right
br7zigajqee6fms35zhm1sb8p,F. Medina,left
6ma3oewkllhcu66tbb6d8shzo,T. Mmadi,both
b3vvxolwxcukqk76hb4scvh79,A. Murillo,left
bsdr4bp6qt4qpy303u7l11250,B. Nadir,left
2zfl3uasstx4eknstbzcsg7is,T. Nnadi,right
yq0cm7vwr0tkv7nvt9vo77bp,B. Pavard,right
2nddcty9qris2mmeldon0ogd1,A. Rabiot,left
2bmeynv0dhsc8sjfuaprkexre,J. Rowe,right
1lgrnaje6y7un5dzzll84p91,G. Rulli,right
6oqlqwl4fqk1xtr2gypg3uaz8,H. Slimani,right
e5xuwwa4qs6zxjd7y52tslih,Q. Timber,right
32avhormhc1dbawwzztesqac,R. Vaz,right
a7ip51ik4rkqcvgdsh64ln09g,A. Vermeeren,right
e5xxqwz0sdlwkkmp8bgs1k6w9,T. Weah,right
4odeml6s5vm38m9u7tnh6n8id,J. de Lange,right
yhfujfdzpt7tymqdmt7i0mzu,Abner Vinícius,left
4hhwub45239nculr9sowalr10,Afonso Moreira,right
6tvnsmtj9mma96e8famksevv9,Clinton Mata,right
ctygavkrblcxra880nwej0bf9,R. Descamps,both
2igz499o21aihmkugktp3nyms,M. Fofana,right
9mixpb7pw9wtwcxq9g6xa9yhh,R. Ghezzal,left
4sz26vstr6b7b110eri7f42jt,D. Greif,right
aswtzb4p3ee0w2qkplnjxfod0,A. Hamdani,right
1oflzbi4gq8wdjlmpa865jj6d,H. Hateboer,right
atpvj8pkmlqq7b6fp4qo5hqms,R. Himbert,right
2qwodplzwxgjmyzso63gqpyqc,N. Kamara,right
9h8360hvhlnf1vs3grz3vg1ec,S. Kango,right
8m5qqvo8ubfywp7esr9agf5nu,A. Karabec,left
9wo8twcbs1jnqzdy0c6y8adey,R. Kluivert,right
dzsd79k6345s9105mb2r4fqol,A. Maitland-Niles,right
95uxoznu15m2xywirv43rcmol,O. Mangala,right
a0et3p3yqtebdkyxql6fxnkt0,Mathys de Carvalho,right
aqht6kkszdz780zccbazy99g4,K. Merah,right
9tgwyvago2lpzjd273u30setw,E. Molébé,right
j0b21u0klyu8taaxmooycdpm,T. Morton,right
2xp7fbcl6a4nua9jpm7b4k1sk,N. Nartey,right
9rf5uk6c2wce30b9wkmu3iuad,M. Niakhaté,left
dom2gtnelp3yqgtnchnli0ftg,E. Nuamah,left
58vrddf0ws30ev8rrkjpkkrxm,P. Šulc,right
40hu79d2a4k94nc52z7dblpsl,N. Tagliafico,left
cv6hc8tikw5u6l56j02rfqaga,T. Tessmann,right
d68byfvk16giaur32gqwpwded,C. Tolisso,right
32eyq4xvy8s1ng11jnavvh32t,R. Yaremchuk,right
5avri1fd707aperborwd50rv8,M. Dao,
fe4b3ric67hz0hhih3tjf2eh,M. Cafaro,right
7l1uizt2vz2a70aarov383xm1,A. Camara,right
6ivohe6bn57t1z3ptqxlhs2jt,S. Chergui,right
e1gq9zfwrm446r2tzmeiw6jmx,T. De Smet,left
dm4u3h6tscetb22aye7h08iqd,N. Dicko,
1otm8rmlwrddxqeqelo6vhtec,L. Doucet,right
ckt75xb064etqh7aep6k5pfqh,W. Geubbels,right
df5no35i3gkh7mfv2x4j96eol,A. Gory,right
3q4xhyf92kywoizwegaidn9hx,P. Hamel,right
b5cqy1xamdj38bh87gvz4iac5,J. Ikoné,left
5o80hrbyw554cetm1rbbns0k5,C. Immobile,right
5x18rt9vahpunydc7ly9z3umt,J. Lopez,right
5l02insq2xjtf3dhna970modl,I. Kebbal,left
dpybx98sqm09bqcsuah1zj7px,T. Kolodziejczak,left
16y1xq863thdd4bxyoe7u2221,J. Krasso,left
dl4e5ojyhccj6w0vgksfzvmxh,P. Lees-Melou,right
d3d1qks236pztzcqp3wdcc0l,V. Marchetti,left
ef4thhub6bsd2gtmltknkz8b9,M. Lopez,right
a52575bcqr3acuweauiyzsb56,M. Mbow,right
ewac2m2xz0f48zotr0wv8565m,O. Nkambadio,right
mwnt0b9a1jftct5ti3honwmh,T. Ollila,left
17e9rercxaanx9ltwmoph9n56,Otávio,left
az310aeai2z9okj1ifvknnlzo,N. Sangui,left
6tedvat245ajkir9c4035i0np,M. Simon,right
xrh2szvp5808no7zm1et2zf9,H. Traoré,right
7obuhegyo1qcoikt23egcsr85,K. Trapp,right
a71n80h977h7fu99ftnri5zsa,B. Barcola,right
39qaf8nu4uz9g5dgymulxtrmc,Lucas Beraldo,left
8h5jl1u3p8sr2pwdmyxl14416,L. Chevalier,right
ckaqxlw257qzj8vjdumvwbaad,O. Dembélé,both
dzv5f93w5fsnfzohaev6e3rx0,D. Doué,right
9v4l7ic3ve6d22c0gs9p1oe3u,Gonçalo Ramos,right
1vr896w03yky9kmu8x5tjkicp,A. Hakimi,right
c80tzy7t4hoa8fpbek1od4lw5,L. Hernández,left
9dvy2o59ttbz7qtkrqq5z91ck,M. Jangéal,right
929ho421g2zacylfc97m23uac,João Neves,right
4zy4d60v2qmaplm9xbe51y1gp,K. Kvaratskhelia,both
8b3igmuipfhfzm39ack89de96,Lee Kang-In,left
e13ru8qfvgco7bufkiajb97o4,D. Lucea,left
wumjn7yf33t74gyzbqd7qc4,R. Marin,right
8z0395s37qe2lqi9qsvyskgk5,Marquinhos,right
54mv7lufwxcy2gih8owyr00lw,S. Mayulu,both
20eqyvyrgtafzssdh0zaehdsk,I. Mbaye,right
7dz73e1v4rqarl38nj587v9w,P. Mounguengue,right
d3wwlyd3dy9ius9b2hza9o9as,Q. Ndjantou,right
95env4hlvfr0tp4gfazlokf84,N. Nsoki,right
d3dv3vc71981v5oems59892sq,Nuno Mendes,left
ecwzzrkn1snbua5yu4gehxm2,W. Pacho,left
f3v58fkymhrprt5gs0ccm29xx,Fabián Ruiz,left
drmudc3n93faawruj8ct3bwmh,M. Safonov,right
cionsifzpx5rhc8es29wv6i95,Vitinha,right
2u6hj8z2g0r7b5roxpluy4sbu,I. Zabarnyi,right
2s2fzli5c7h9dfcertq2dwxec,W. Zaïre-Emery,right
4rlw04tze791jwt623h5ikg5x,R. Aguilar,right
5fuphn1nsmp0e3i3qshhdeyac,K. Antonio,right
d8im490g35d2npfjym1kbvalm,S. Baidoo,right
4383t6giufw6n3xq8sgrofzmc,A. Bermont,right
1fua3j2pq3ftsfwykefvs6u50,A. Bulatović,right
398pgjommmwwvvcwyy35uxqfo,N. Čelik,right
3hpaoy4qzn5xp7qnzdrj1yvsa,A. Diouf,left
1dump3yzfngv69uva351fexw4,R. Fofana,right
8ijrlhafx325b0bd78jc8duz8,I. Ganiou,right
bwnaihvz3scyiint5xagoetqs,E. Garnier,right
4t4u4725escxjm2gwz5e7lpsl,J. Gradit,right
b8uy2lt0w26m7p3qzzt54iu3t,M. Guilavogui,right
7o3fumeufgigw092b7i5n4f6x,A. Haidara,right
5eibxcpkkytuil2h3zfh1amms,Mezian Soares,left
3zkkrq8sph1lo23bt8d1nz10,R. Risser,right
doctoq9o6be1yap6je75w0vrp,A. Saint-Maximin,right
cngitl9unybpxpdle1nlc5qms,M. Sangaré,left
2axi9gr1lhuewlt06emrk44q1,M. Sarr,right
aq8pym2fuweqbkxbbu7hqn0x6,Saud Abdulhamid,right
7h28voyog9dhvitn6hj1omhh,W. Saïd,both
36ylt0kjn7t0vajmelu4mbazu,A. Sima,right
7izciy79i6d6h7usfr8mcmh91,F. Sotoca,right
1op4tks39vwt6djhzfesy15w4,F. Sylla,left
8shwa0k28rt5duyrhuqza1hhx,F. Thauvin,left
c8u45gxriyq1rup5fpr30xrdh,A. Thomasson,right
d7xmdbhg68ygcowv6pdofgvyt,M. Udol,
3e703hmiskmwqd4f3hvx326tw,S. Amo-Ameyaw,left
1mpj1a78az7a7heu8ovab6c5w,M. Amougou,right
1au9xpmimbyr1jceidcy6v7kk,V. Barco,right
e5yvwtxe13n8tsojrq1leqmfo,J. Bosey,right
7usl4495egoptlrd762f0arbp,B. Chilwell,left
cgz69hvek2s4pmrngu9ubdg5w,A. Cissé,right
1ltc40nsr2fkx99i5hf7i3mga,S. Coulibaly,left
6ita8t40qk3b85mrqpq71gjys,D. Fofana,right
9t0e3nk3d4ho198p1n0ldbsic,Y. Diémé,right
7bba28af7hqhh7ruo91x2mk9g,I. Doukouré,right
446lrhzh79xugyt2pgnrwypnu,G. Doué,right
26yt4f0i77i9fvaujwg0dnbbo,S. El Mourabet,left
d89utbh576jnm3r5sh108ikx6,E. Emegha,right
1mf7tr17fqnddm23nx1z1tsh6,J. Enciso,right
1ky09avsu2ndb4onl10pyo1zo,M. Godo,right
2rvx2wlfj2rxzcgye6wiw0v84,L. Høgsberg,right
9ldz2updrruze1tkw0erfr3dh,K. Johnsson,right
7mjc5a2k7wz4flem6upj5u1w4,F. Lemaréchal,right
8hg7sqlb5o3duhbhm31oifjhm,D. Moreira,left
144jdrezcfwd4uh3sk7zhtizu,S. Nanasi,right
d9otg45whw325kvhvrdfv05ck,T. Noubissie,left
dm57w3nxih25gl3hwzimyen10,R. Nzingoula,right
70hdfmna3nvwjlufm9rs92uzu,A. Omobamidele,right
1gfomo3mo11cttdhprm1jtp0,A. Ouattara,
da8g61fdeuuqqeldh3rgba2hg,M. Oyedele,right
1m5ng39pgvlwgo6dci8gtwphw,J. Panichelli,right
47vs05b8xlhvx5sqo2t5kys4,M. Penders,left
15bgz7ulf86mvr3m35ys0u590,K. Páez,right
a4kctqqujbovz5sb65mgk39ck,Rafael Luís,left
7fa3c2wgio5w75kvkgk4dcc9g,I. Sabaly,right
15nu0pkl5nko4fpoyf1j9e87o,G. Yassine,left
am0pcyvtaws1i69jt09dgnsnp,L. Ajorque,left
dtq60oy7uyxjs7hob25ldpr10,J. Bourgault,left
e6se9kft2lf9hs92rof2pnn6c,A. Camblan,right
7xd54eb65lg7zldvnyd58bq39,B. Chardonnet,right
7za8h1pgec0y2s1ihmkkfvpm2,J. Chotard,right
btm657ozudwbxx16twjs0vp49,G. Coudert,left
32bc16sg6h58ajxigp7nl1ryt,R. Del Castillo,left
eja2nphte2kxb19bz108zk7is,J. Diaz,right
f5lfo1hz7u5bk494w53arcacq,J. Dina Ebimbe,right
8gma3ufrjv0hj0k2nulcbodn8,S. Diop,right
8gkexxgf3pypshhqwg6ibp7o4,K. Doumbia,right
9gc8fzvdf9jrpy377c6rshjpw,D. Guindo,left
4yxo8gwnou3m7jh6ph8lkuw44,R. Labeau Lascary,right
ef2n7d6rysar49toiz2k3obth,K. Lala,right
boeam163ur1t3ifq01px99xwp,J. Le Cardinal,right
65b7kc7djr4vmbk55wumup72s,R. Le Guen,right
2ds26ub6ho0baamsjcmh7mmfo,B. Locko,left
5lfki1zoxd4l96hjbr2rw3d2h,H. Magnetti,right
d5ecnjd6h89iepxrvrlfn97ft,R. Majecki,right
bph8i3bg9nouvmb5mv4bytzbo,H. Makalou,right
bj37ny1s1gbbe4wrgyz1wag9h,Mama Baldé,right
8ipqhvaekpinqwwgb4eo0g6qc,P. Mboup,right
eg9xhi6wfp1duf01pcsn8vfmd,L. Tousart,right
a1jnkdabgpvq7bdrebyec3cic,L. Zogbé,right
85n9nt673fj0927h3lwthtus4,A. Aït Boudlal,right
9yfnfwqog4y572aoe2iztnbv9,L. Blas,left
7mn6lue4zatldcxp0gd7kt8mh,L. Brassier,left
36yupk7p1vks4dbguw53xhucp,M. Camara,right
nv4ec1g4kokm1cetnt05mkgk,D. Cissé,right
3zphe9ua3wsruu3j5vurwm39w,H. Do Marcolino,
dkve6gf309h5tglwawqx8mlzp,B. Embolo,right
5y65alckrn3nmcjifxoaor52i,M. Faye,left
3h62hv3ksrnl7n7di2b080y51,S. Fofana,right
bt4yy465bb33u7phdhnlr6pcl,P. Frankowski,right
cg0yobsmbeqqdzpiynwt6m0ic,J. Jacquet,right
90ibgoec1k1npb1odsqwpfx1,G. Kamara,right
3ke8ubxoyw3r3awhc5okmbris,E. Legendre,
4a7x84pflda40oka94y36gwk,Q. Merlin,left
ezypzfpdtmxt3e32bq4qesvtg,M. Meïté,right
a8pgjuz5yrbxyf1t905gj327d,Mousa Tamari,left
er894mn7e72hvgr516cdsevbo,N. Mukiele,right
7y2h0upi10c3mp7u2oqn9kq38,A. Nagida,left
8s259ktv9j6ei0f8rh2msqfh1,V. Rongier,right
33jn8zke286skxubctmabi0ic,L. Rosier,left
4c4ghf9zlkof83n5mnmva61d6,A. Rouault,right
cxa3j4u8eh5w947p1iba47yfo,I. Salah,left
25cggz2egeqce47yijxadsslx,B. Samba,left
7j0fv43b1dkuiqk71ym4mmw6i,A. Seidu,right
8zqi2djo2ip5s90mgpg8q7384,M. Silistrie,right
504o2odlvra056ouwcgreopgp,S. Szymański,left
ayx2iydekv69471d92zmpbbze,C. Wooh,right
k23exoxg1u76w0qaxc9gdpm,B. Yıldırım,left
3pop9gdilkfcaoqyzj9g3d3is,Y. Zabiri,left
hqovjub7s0u4vxreo51loqok,I. Azizi,right
aarmpoi343teu4medudpl49ka,C. Cresswell,right
6vjoq2kgaq2igxoh8cvq0ieax,C. Cásseres,right
7midzsc4xu11dxhw22s9b5e6s,P. Diop,right
93hp5gm29ke90ugdimd9xf949,A. Dønnum,left
9yr3pfa15sb0lljanpcer15p0,Emersonn,right
3l1v52usaf9mmi9dwowdwv3e,A. Francis,right
ez9zc94k1nj4qxjf2hrvj5dgq,Y. Gboho,right
3je152n5s5fjtbrxs9v8dn1lh,K. Haug,right
1cc4xhk65qvo9h3t7glirqm8k,S. Hidalgo,left
187ytd6guq9q9ruo3thez7ey2,W. Kamanzi,right
8n143iu92sawgz5v8al0gyz2s,S. Koumbassa,right
3z78ekfyusr4tss72cax4904p,F. Magri,right
5enjhxrx2jrjqtgb9wwq0baax,M. McKenzie,right
4aooo9gmqd70fj330jxb3s4r8,R. Messali,right
8vxsh0medm4i4uu95lfhsz8k4,D. Methalie,left
2o5wwfsh5xhyatdfelh9dzqax,R. Nicolaisen,left
13nrptzjshlqnkuf92vumefx0,G. Restes,left
3nu7bqtarr9yo5abdj3len04q,J. Russell-Rowe,right
a6bj9y28pzb9ejn7av2nyxel0,M. Saka,left
dgkk1v0my1dy8wk18uamcuwwk,M. Sauer,right
2liyw2r4k4gwdkdz51ohws9ud,D. Sidibé,right
bnvxzhxn1vv2pt76q43bu55p0,J. Vignolo,right
9mf9yl7utp4pv5zczlz7t3o5w,A. Vossah,both
27bs002m82i4a2s8d3x2xusr8,L. Balbo,left
5zr7c0xefkk2tmtrw30srieqc,R. Braschi,right
1f37bo8dikes3350u2a0h9hm2,M. Brescianini,left
9srjp22oprs2tkcutb2g4o2dw,P. Comuzzo,right
9e3t2wyjqzxsn690aysao8cfd,Dodô,right
a5eki9p236y4zxmp9qz202pcl,E. Džeko,right
4j3d7ujmhevsi0y3zvs34i13o,G. Fabbian,right
418gw0hpjoy8dt0ywaxjgm5pm,N. Fagioli,right
6e9fu9o226zn6jzx02jutvi3u,J. Fazzini,right
c4bccspnyg73206u27nhiwu1g,N. Fortini,right
9qow77e16pvlb3860yjpydryt,R. Gosens,left
ejzxqtdo5xxvbg6gvtju3lk9h,A. Guðmundsson,right
3zqpvn7r1c779l9vwwh7yukfd,M. Kean,right
dnoda2j8vhyppw1gt0s6x2044,E. Kouadio,right
6gjn7pt0i34q45g4porckuj8p,C. Kouamé,right
83jpq8fuprm9h1e2thoxv1tyh,T. Lamptey,right
dpnp9rguhhs04of6vmlw5spg5,R. Mandragora,left
erdqr6vrr5tlfypbks3og0dlh,Pablo Marí,left
kvbjuvcseqk4sbr04ctkqi38,C. Ndour,right
a6lo3s66xv87llkhwveoq1vqh,H. Nicolussi,right
8dgh4fzut8khpt32d6dsrljsa,F. Parisi,left
31b0dvddmki2b2zvumesyrx4a,R. Piccoli,right
8j498fkairlyk82v1qprc13op,M. Pongračić,right
476nfumr6aadvufrqk72tq5be,L. Ranieri,left
45lcfmo0varfc325n562ul2j8,A. Richardson,
bh3b7e2qzh41dltd6h2obpln9,D. Rugani,right
3yl0m3n14kek9pwkp7catyh9l,A. Sabiri,right
87kiw3scnrpt6t0hsaqkgvpey,S. Sohm,right
2e0ipswbkv4vf7lav6ee1j3oq,M. Viti,right
e00004wkpfc8jawioejmpu1n9,David de Gea,right
ac6r3yi7rzqlcih7qw86jsro4,Z. Athekame,right
56xtyj8ae03y351wietzbto2c,C. Balentien,
7odl8qgd0qak6w4ox0t3kg3kk,D. Bartesaghi,left
95r0jtkw03vjohzwc8os8ielm,K. De Winter,right
87g6qlasqe627i5g7ir30j2sp,P. Estupiñán,left
b0wb7gf04synxlkq7o8gvzkoa,Y. Fofana,right
enqcaecpt5hy0qv9x5pzmkjc9,M. Gabbia,right
aboxil79ulfa73pckzsdnwp62,S. Giménez,left
94sln58zt76ydfvs4pl7xkqy2,A. Jashari,left
e6jaaazxqeczj6ziaj0qnqpxx,R. Loftus-Cheek,right
3fpnfgoy4lbpapv2th6g60cet,M. Maignan,right
diod1hv5hv7v7z7mfleev1txx,L. Modrić,right
b2e12l3s3dxgyr8d2rk5qb9ey,Y. Musah,right
1j0a3ml1zglc9s31yentfckb9,C. Nkunku,right
beey4bz2prklgyamlgha3d89g,D. Odogu,right
7wjdqyl3bkhsfca5cu4riwley,S. Pavlović,left
93soe2rjn0z874cc9ofcesgkp,C. Pulišić,right
11o903vztwpnmvgrinn208qnd,Rafael Leão,right
e2oeysariwd866ksilu3t4m7e,S. Ricci,right
9vnr9uog5fmggich2i4vjxwbt,A. Saelemaekers,right
2udciji4n7tr07ft7twe2r9w5,P. Terracciano,right
3sezchmdtivxl4kusvgc6j7x1,F. Tomori,right
9uthj64y9f77y63tq7did539x,Angeliño,left
c6vfjpybbdcyvis2zljs7mgwk,A. Arena,right
bk1gdyxtfp4drwb0yotwerbsa,T. Baldanzi,left
1ftejgsl4hho40cceqne1hcyd,B. Cristante,right
192q3f2xwk9nc6juoa1bcm3th,A. Dovbyk,left
93i0gcndi2m8giqqcm4knduxh,P. Dybala,left
6zf7dbi1xepyxdohsnrunu5m,N. El Aynaoui,right
a1iz91ed6hus61yhhk2r0vkd1,S. El Shaarawy,right
b0dpz0ixcb9hiyurc87z0rotm,E. Ferguson,right
n92xjnlc1ppuxe70hsyc0mj8,D. Ghilardi,right
am5gj5qg3gjtyhvwfnj8sjz6d,Hermoso,left
au5tbnn48ve4kqnuu3dhmk296,M. Koné,right
6fttn5mk6n1lstqt0dl5xzn4l,G. Mancini,right
efzokrggje7s9wc6hg75yc6ax,E. Ndicka,left
57bin6he6kbdo2bs4i78z2k0l,L. Pellegrini,right
5kktohikuoy0a1oagcgps8mxg,N. Pisilli,right
6sg2ot7z9kfyrlgjkmpqvejqi,D. Rensch,right
5lv11o8diz2g5sxqzwond4q38,A. Romano,left
erwh25hbq259kqdirfufnbcb8,M. Soulé,left
el58uxf7oaqu95yx1vbgmr7it,M. Svilar,right
3kwkd3b95n8qzqtq4idxav45x,K. Tsimikas,left
mvlk84jquwhfjb5a8ic9el0,L. Venturino,right
9k3cr9bc23253jmcw2a53hn2s,Wesley,right
6oolptrxbj167recjwi5bbz84,J. Ziółkowski,right
1pkymw7biivk760rxhubin1ed,Z. Çelik,right
70zr0nhl2tgyor1oajhcxg6j8,H. Ahanor,left
aripnzu9yo2wlr8ud93ufdhih,R. Bellanova,right
63tj5b59b7en3tnd4sjff8woa,L. Bernasconi,left
ewhxpafqa4wvkv8945hhgrehg,G. Bonfanti,left
eu9b86opw6n66vftu1r5alfqh,M. Carnesecchi,right
7ox43isyywsnrfcd56nm65be,C. De Ketelaere,left
2idy9ngk2rojseoxxw9n98c7p,B. Djimsiti,right
130pg17ru5fzq4igokx0k73e1,I. Hien,right
9j742o5vdc7d54x1xdz4t9ck5,S. Kolašinac,left
cis0z72hgahfnfjduk7hdnz3e,O. Kossounou,right
11r7kkbcv2bn8lar3unczuz8p,N. Krstović,right
1fsum47fkh62rer9xxe3smctm,D. Maldini,both
2fsgc0b4mvwpenawmit0q0bmd,M. Pašalić,right
bl76cebhta912vfi9z7ky32p6,L. Samardžić,left
4cejhrr3ji36591xf54jue3ca,G. Scalvini,right
4ml8pyt3rxwxakjxslg0c8kb9,G. Scamacca,right
8kdamc6zz4bskby51c59uuntg,I. Sulemana,right
448wxnlqhqqf2hcecwut90n6y,K. Sulemana,right
du4ciqofpkn3nei5q3huwlnje,N. Zalewski,right
a69r2pf2w8da4dl0zl4k5vil1,D. Zappacosta,right
9q01y4w4dwpaqf8lmpv9wnmc5,M. de Roon,right
4aqkgskbra4wsoo7a8uw7xl9l,Éderson,right
6kms3ctf8joymna289onk9lg5,F. Bernardeschi,left
d5m5q6dlc7vnbs634dinbsuwa,N. Cambiaghi,right
1x10v3yh4e3f1p2ndhtxcck4p,N. Casale,right
b9clhoz198r69kavhw4anymms,S. Castro,right
1lnktjxx0mux4beo28cl54j1m,T. Dallinga,right
3cbwh4pfwae5xw072cy14gb85,L. De Silvestri,right
ausjnoieiyx9m37qzam0gqgic,B. Domínguez,right
bdb6j168crcrwje9k0titxv55,L. Ferguson,right
19nlw3sa0khwz0el4wqc7zrp,R. Freuler,right
5gf24ds4ejjztxyj8b5rs3tnt,T. Heggem,left
ahe00hzfpxhe742i5db3mpe6s,E. Helland,right
awf3x41nsz8m73bhte5wlz6ui,E. Holm,right
dowh6oc93ggduous7ligguqne,João Mário,right
3l0mj1zzhytxvm9tryvqv8kix,J. Lucumí,left
a2n9op95qyb3rkye5pxqjb7bp,C. Lykogiannis,left
emvmn561wgd62zj0s3qi5j5rd,Juan Miranda,left
6eqqtmbg35rg2stk10ic7q8k5,N. Moro,right
1t7nph4960rjzu7rgi47sf8ix,J. Odgaard,left
1cu7fg8sf90isf9gp21e5fqh,R. Orsolini,left
1bz1zdxmtx5oxipvukpg7svmc,M. Pessina,right
ch5rw8dgb6wh99wyhd8o3t1pl,T. Pobega,left
9m6yva52cmdq7uu31qrwdrund,F. Ravaglia,right
4hrmzpx1nt5ze55fpby71mcb9,Ł. Skorupski,right
7m3wseg5lilrkzatyvc2yemay,M. Vitík,right
42m78ny1ggvmzmjtka7exyzqi,N. Zortea,right
43rid94d7jz7u5ba4xzb8bbe2,M. Adopo,right
asctjr4d7hq9jwrj09dkph3pw,A. Albarracín,left
97mmzzi3dwdos6jtj2m05w4ph,A. Belotti,right
8bjzw0pgu2gbwhyfm2k62hv8q,G. Borrelli,right
ab420lzne042a3e3b2lfmy5ii,E. Caprile,right
921amcj5jv6wu2p1qbbo4g2s4,N. Cavuoti,left
cmg6y5t0yuzeuzuxitelbvglx,A. Deiola,right
cgv93t4k8bzl9neswrjfcdbai,A. Di Pardo,right
2fbg7v69wyis2his47u8ij4rt,A. Dossena,right
c4n7kjp8c47trslpssnyqjo16,S. Esposito,right
ancokw84xekm3uve7tnoiiju,M. Felici,right
8ofihttdgz6nyxxon2zim7x0p,M. Folorunsho,right
1ct0gujao4wvj1ff3aebqgqnd,G. Gaetano,right
cx7olq6m4no1tvyou3j58c2z8,R. Idrissi,left
6zcua8ycqj1pca5fxwvie4x04,J. Rodríguez,left
6j6xnr1lxvtzs6rmfkzsa64gk,S. Kılıçsoy,right
f3paczwnlcer8k4mb2wquf3mc,J. Liteta,right
cnk07o3823zl5gd7qr2bdks7p,S. Luperto,left
c7u5a6ngr4f839ibw3b0opsk5,L. Mazzitelli,right
2ma0fsvwn2lzchpbbxw3k2uc4,P. Mendy,left
d4vdrtte9kb9qmlkrx1rvgk45,Y. Mina,right
2uvexgjeidkvy6qu4i2nf14a,A. Obert,right
8lxt5lqavooy0xo0pcinqluz8,M. Palestra,right
awkjevra745mh5j30bkjp70t1,L. Pavoletti,right
akvrot9hi5mylunfr07nytt04,M. Prati,right
6bd8f7n398r2c92uve249rzmc,O. Raterink,right
3u1tcqp63naaiu72n47ekcgk,Y. Trepy,left
13ey9mb0ullya36lpv62pspre,G. Zappa,right
1blngn7afc8verjkysdegb0tl,Zé Pedro,right
685wka5xc8na423mirotcu238,J. Addai,left
7onr52be14is8cwcfd2k1i784,M. Baturina,right
r0hm6ahwcvdu57bgfi5zkslx,J. Butez,right
79dz7zni5fcgh5e70spoj2j8p,M. Caqueret,right
7dnu1vdavskc4ct33k88lpdcl,P. Cutrone,right
13uxs8820y7mi31fsw1i0qxw4,A. Diao,both
cot71zatz9vm1hyzp5ecqhvpx,Diego Carlos,right
1p0xp2onnys7jlru55vfgf1pm,T. Douvikas,right
7yeax9s2rpt3xuace2b77xgid,E. Goldaniga,right
djpsc1fvcnrh61c071t00gmad,M. Kempf,left
12aiyv96y3vl94r227c1xnld5,N. Kühn,left
5ih8grs0s0m9lul2egvs95yc4,A. Le Borgne,right
46kq5653o302ebz4o5yzsss0l,Álvaro Morata,right
a3w1uczgmswm3cwk4vmvoglhx,Alberto Moreno,left
9i6hs8toyjwrh7ub04vow8wes,N. Paz,left
6d36zn3fr35yhj70yx5n445qs,M. Perrone,left
2b1aq7e51fjbukd3muxfthd78,Jacobo Ramón,right
4q6kuikopbgls8y2rwqiu415h,Sergi Roberto,right
30ed2aojjzmqigq6vkcrzc8pg,Jesús Rodríguez,right
94qw1jp87gqyvae89n11z05ey,I. Smolčić,left
54foi544tygbd4sfx62t7wno,Álex Valle,left
3pba28sk4auqjp27jfssfvvxm,I. Van der Brempt,right
16kv5p8we3pwqpt5ktwrb7mj9,M. Vojvoda,right
92vjurxjnipl210yanki2oz8q,L. da Cunha,right
ujb2hkujcnwnyrbsgk3ilmtx,F. Acerbi,
almf0gtdjmsdm5zhyot1hvydx,M. Akanji,left
ahgd3on22t4h7gg9ipnj1itw5,N. Barella,right
q6ns1fyw7w10xkkubh8etfc9,A. Bastoni,left
280fh7f5q9lud8lk8reyu7fxm,Y. Bisseck,right
ejbp3sxls7lgrg6y3a9q4u978,A. Bonny,right
4d17grk2qflzake218uz76uei,Carlos Augusto,left
asyzhp3qu95vmzdbau6nmoic5,M. Darmian,right
19856wqwrmzmvfw9thf0tzrv9,F. Dimarco,left
2r6hs8npijvt4wekd059t6tx,D. Dumfries,right
1v6nfd46wx11jbfertslccbo4,F. Esposito,right
4qejyummzkrfllds8ord642qx,D. Frattesi,right
3yqxkw0tqpoucur51ieh9xdrd,Josep Martínez,right
7r2tgpdrr4v6n9d2gkzwmlazt,L. Martínez,left
bnb9oyy5jqyejf7zi16j01dec,M. Lavelli,right
7rfw6pyjslb3p5q7gmoj1ysmi,Luis Henrique,right
1xscywgyfqisqexmpfvbf9g45,H. Mkhitaryan,
dil15cwukfynxb6tehx9t7nys,M. Mosconi,left
bagn0ce4xunsiz3mezrtqx1p1,Y. Sommer,right
6u7iuum6kqfwb4pbw5lsoff56,P. Sučić,right
66nvc8a4kd3cyeyj3i474cudx,M. Thuram,right
dpcws493fepch23sk26m1a8yd,P. Zieliński,both
by2gxuixij1eciu56k8mb3cgl,S. de Vrij,
botfgp0oq4wqlwtcs9m90kded,H. Çalhanoğlu,right
2bgqwwop0ppczzaigcu3j5no4,Alex Amorim,right
9pgr69ub37hmr76gwbfw7lhw5,J. Bijlow,right
6vz9qzgtbh3iqzv73xw2xaiok,V. Carboni,left
46yp8iqh0qm7i75d98tfrsbxm,L. Colombo,left
f2pknjv2uohldehbp39j0so2d,M. Cornet,left
e2nl0jjsqnehxymrwe3vzv7dg,M. Doucouré,right
bf41pexjnkx8o1wdxudesfac4,J. Ekhator,right
8ncvq09i7or8rxwq9233djtg5,C. Ekuban,right
7u9bpiajlgr3zibj89pub7wbu,M. Ellertsson,left
dx7fg77tfqytimfiixw9tyfx0,S. Fini,both
2um03dny7h3sdvehq3bygd1t6,M. Frendrup,right
17au7v1ocl4zab872g59821yi,Junior Messias,left
9dc7uictce9dq0tbphn74qz85,N. Leali,right
4euxcqawlks4c56pqj8xvwbf9,R. Malinovskyi,left
1lxfpn0wmr895me9xbzcfnh90,A. Marcandalli,right
eh9sh9aa10zrp80l6e4l0c7h1,Aarón Martín,left
7xdhy2xi9mrhzjn6aiatd9ono,P. Masini,right
bj9f6t8o0nji79rbaxrsioep6,B. Norton-Cuffy,right
8fj38q565gmk7iiy6i4s0idqs,J. Nuredini,right
b4lc7czw7al6g7a7qzcqzya22,J. Onana,right
dq2eqqywinhsh9ijg8amqyp78,S. Otoa,right
2fyiftfgt07mhn6f26gcdn1uc,W. Ouedraogo,left
8psio8fqce76uinoqpilzxsd1,S. Sabelli,right
4b6mhmoeo78f8x928q2imp591,D. Sommariva,right
65jv6v3qujiijivadpijzpr6d,N. Stanciu,right
9qzxygb9hyzag1szans0k2jth,M. Thorsby,right
7ojvhhfvbtbn60sc50y4l2ctm,J. Vásquez,left
cnriqwh17pqgz7p2gt74uar6c,Vítinha,right
7si8brq1p8o6fvw93hq9v9bmc,N. Zätterström,left
40msbo4o5bwx0oeuz4743w161,L. Østigård,right
brdwe9zdjjecw8nhw4a3s0v84,J. Ajayi,right
cxjuod6b1ro67656dxwhpqqc5,J. Akpa Akpro,right
8gkc9l566rjg7nifxwsq5vdud,Al Musrati,right
88bb68l7u2rd453gz303p4qvo,R. Belghali,right
7zkku0gboniozaks9yx0ous8a,A. Bella-Kotchap,right
alrmqpg2y5f7xqqpgubwvx0q1,A. Bernede,right
ccczt6xl3hftl0qkn0txhi5pm,K. Bowie,left
b0e6d3zgwzbzysmt9b2ycvf56,D. Bradarić,left
zly0ral6vcvot9ht7grq3c44,F. Cham,right
e2xiayt8k5tv4dw5hjop71fqh,E. Ebosse,left
abg783u8sfib0jjaon04ql3vt,A. Edmundsson,left
75n60pzg0y5agf5nzo3sd3cvd,M. Frese,left
ci37qg2uu0z3nppxvn0z9034l,R. Gagliardini,right
1e03r0jzxkpqbfiao98w06cr8,Giovane,right
74o97lnqpku6m9svks66qbend,A. Harroui,both
fqqy642gxaz7erahdwadutjo,Isaac,right
drljavudmjvyj9mvyzq7gz2s5,G. Kastanos,left
13o5eskqs8b88yerwltk0tivp,S. Lovrić,right
c7fky0h6gi7wmibnv2tzf6mz9,L. Montipò,right
8lg7bwc6k73s2x0zd236pbomi,D. Mosquera,right
d0smch1f18iz5bf8odi0ijnqh,V. Nelsson,right
2r3mojnewwtd6bts6w931ho15,C. Niasse,right
adrn1x15rsehvnava8q9ofuvo,G. Orban,right
am1da6dm0zympt2yt120h94yy,D. Oyegoke,right
c2ezyc2fftje7rcm5ybbuytp1,S. Perilli,right
amvonu36at4dg7ksi1ioczi3u,A. Sarr,right
9j1fd0mz39tl1h5che3f357md,S. Serdar,right
wrckom9vy4352nos44600ydw,T. Slotsager,right
4t85yj2ijymrz5vf457jcihre,T. Suslov,left
djepfduaa3j07utg0j259cowk,N. Valentini,left
3n2heamr3lq4efqfywqk180lw,I. Vermeșan,right
e5er1rgo8lluy6qjk4mcew6c4,Yellu Santiago,right
7pirs3v9u80j5qy71cmhzbxn8,V. Adžić,right
d196vatyvq6ycn1q7d477d2i1,Bremer,right
5054kfjkrimomrhilbe5j3xbe,J. Cabal,left
7ohgxs03szerp6mwiiv58ryay,A. Cambiaso,both
b8dd5q3n5irlkcv0ekzqhzc2x,J. David,both
b3hr4q25jvqr7565z5ydqylt5,M. Di Gregorio,right
2x44f29a52v8kpkkjsuiiywdm,Francisco Conceição,left
cv46mxj5i98p4hgtbomxlxs7o,F. Gatti,right
b33rlpjo3kx4477alx82si5wq,P. Kalulu,right
7gyfpskzbb3r5nhiniky22o6h,L. Kelly,left
2ugzqrpaooto1r24a6kvqf2ll,T. Koopmeiners,left
555z9bynvux7oruirg67r8i51,F. Kostić,left
ahz2npxe4geixkaz25f2pc82d,M. Locatelli,right
288nn7pbq5ewriiyb9o7da86h,W. McKennie,right
35r56n0i4sbdh7n5arbt7db6d,A. Milik,left
bjob8tftnxojnytcj7juo0ga2,F. Miretti,right
4u0o6pfpmohhbzuggq31bj02c,Pedro Felipe,right
3o573dblmfc1o3wkkt2nva8k5,M. Perin,right
6j0ogojh2b7poyceg7i3k09yi,K. Thuram,right
3ua8gs8tzx1dkdi9z88kjk9nt,D. Vlahović,left
6kvtqep8korw8d75n5me0lbmc,K. Yıldız,both
4st4hurqbtyzw1tbkzuuk78fe,E. Zhegrova,left
21bdtv9f28xkfmo2dy3uk7bah,P. Almqvist,left
79pqp9xigjcfe7xggn23m2q22,T. Begić,right
25wawsdczm69ctbpw5nn51kvd,A. Benedyczak,both
b7l20ljluxk74v0ok82s0iz56,Adrián Bernabé,left
9olzf630oclv41h41p5iunm6s,S. Britschgi,right
ejmdm3h3oxr0fqubd5sbozq0a,F. Carboni,left
c1sj6aogyfpm5wqvhd2bli7e,A. Circati,right
ais3wh8wz8oeyjpwv84o4ybfu,E. Corvi,right
5q5ti9wmab56mk2995qk01ixg,B. Cremaschi,right
r9rn4eaw3twb224jrpojz0x6,E. Delprato,right
dp1y9x5r6z1q120hj3sgyhxat,M. Đurić,
4ilb0ze8usfyb8893fhh9zoyc,N. Elphege,left
1to07m18m7wqroewvyxzrz0lx,N. Estévez,right
44f0q2ucrld1rwcwx63vgs7hl,Gabriel Strefezza,right
8zke93n0uca6gf2jihqby28d1,Hernani,both
cjf412x9sg56vos0jkj85k3ys,M. Keita,right
3m81rmpqzm0j40978dmjig38q,M. Løvik,left
1rqera0cryw0iojnk59skbv2s,D. Mikołajewski,right
7pd1rtu3x4tjacwmvuodib4oa,A. Ndiaye,left
4s3dvpdloqr1hpl9svn8rk222,J. Ondrejka,right
e5pi22e4qopz95q3y5co7thqs,C. Ordoñez,right
3kbhgmnf6bhfgut0jxf4m2sfe,G. Oristanio,left
7maur0rp96hubnkuu84576wpg,M. Pellegrino,left
824rbovqk1q9ta7i4dzo26bmy,F. Rinaldi,
2mfunwzltzdnmzlcjyvx752i,Z. Suzuki,right
drlp4xtkta08jiu0px6m4ocq2,O. Sørensen,left
5pb27xx81rwtal31u892ydes4,M. Troilo,both
befbveuodyomkhm9ed31kb4a2,L. Valenti,right
d9bg5jjv8pz0f8u55x3hg0962,E. Valeri,
bpfg11qh1q0zj2x6sqd3srvmx,M. Aebischer,right
3o7gvykqi9ldgjrzxl14dqas4,E. Akinsanmiro,right
e615cmv1tfzu84f0z8mwi5711,Raúl Albiol,right
56ekwofu3616kd4qjlirphdzo,S. Angori,left
6izgen8la7c7pha7q3ja279jo,R. Bozhinov,left
apj8n0e2b1o4vfgfb8vrylafo,L. Buffon,right
19xao2zbulnj2ui07q0zc67rp,A. Calabresi,right
bxqbdvs3o73d2ck83wstwpg8a,S. Canestrelli,right
5tyedyaxnojij3ktc4w44dsd1,A. Caracciolo,right
7m9zsxwbrrqsxw79xcb07yo7o,F. Coppola,right
pconfrmsdy9aikioqz9s9lg5,J. Cuadrado,right
e3watd4hjax0splswksn79o9g,D. Denoon,right
9v54aj9t3bby2nfzcwtr15o2c,R. Durosinmi,right
eyx42tgneccybvhk8bfhtcaqy,M. Højholt,right
9p621hq50jdkujzy4309sagkq,S. Iling-Junior,left
c4qsgb6gsxzbelqd509ymritw,Lorran,left
4dolo56tslvd87m90fq11ustm,F. Loyola,right
6u6mobmk6lpvwebo76ddxr3s9,M. Léris,right
8zltxvt0rcrcv96x1wmdhlrrp,M'Bala Nzola,left
93cnkzi86q36c8n86mo35q5t5,M. Marin,right
bvnzh2sq474xl2wj7jser1uz8,Mateus Lusuardi,left
5d6txeello867oroqdv0y5wk4,H. Meister,right
22ck04xk148cks27zwby83d1x,S. Moreo,right
3pcf58m2hgktlm15elgdyut3p,Nícolas,left
5qao7tnriecoq3qtmxzobz6dw,G. Piccinini,right
17iqlyu99zttyubi6ya6yu9cl,S. Scuffet,right
lytldf000kafs2h6g92esfrp,A. Šemper,right
9tgbdheyuooa8cfz06l577end,C. Stengs,left
3abpvbbkkzkceg1l94og1bobt,F. Stojilković,right
b89cc1q5ztn1pz43ladq7mr8q,Tomás Esteves,right
8trp1348qs14phwpsx4a9beuh,I. Touré,right
4tir4q39uy0c71m8zfxvynd9l,M. Tramoni,right
np5er6kwne1u1y3avr7sr11w,İ. Vural,right
7ax7vrumfwlxb8a4tchkho650,Alisson Santos,right
1yr4mqzlcq3fj7u1l8a3bvc44,G. Ambrosino,right
3bhy6x04rbwzk0nh1fm59dmnd,F. Anguissa,right
42cg746sa90jla5x4islj9pwq,S. Beukema,right
22x1ucwwak58wi6r5x1j6ohk9,A. Buongiorno,left
c23q56z612clw2oxpordhrwiy,W. Cheddira,right
7pi4j76iy3cfh0bfkxf9x8ell,David Neres,left
c2jqa9vozhqu7x79h5rr2n1ed,K. De Bruyne,right
5d9i8ubibyiecxecr9jjvxexh,G. Di Lorenzo,right
72im0m7d8rqpsclo4f5crqmsp,E. Elmas,right
5okl8s3e8ad2add75m46ojo4p,B. Gilmour,right
d7pzcnoztn30xoj5b2sr9slt6,Miguel Gutiérrez,left
d364lpc0km51psy3zwc4a6zca,R. Højlund,left
8n0c5t5wzfkoauryyzy8be0gl,Juan Jesus,left
7ew7g18qo649t8ld44omgib55,N. Lang,right
9y8fnvazj02vy31ljx3du0d79,S. Lobotka,right
8qgbxff7xlg0zjtyees7ljljp,R. Lukaku,left
1ijyezydbb4zzio95vj0sr09g,L. Marianucci,right
etryzuxz65dmn5ewmocse66l1,P. Mazzocchi,right
9fvo9v5e9r0ptibied6ejv3zd,S. McTominay,right
af58rhtg8ck7c8g7nwfs67d91,A. Meret,left
5syage212151fcixahbq3k8ut,V. Milinković-Savić,right
896uaqjrz22q6fqjfzuwf77jd,M. Olivera,left
9bba1hgnx5mzpkzeazsoikn9x,M. Politano,left
2kfkjjqh7vrfcfbgr4aa85dqt,Amir Rrahmani,right
9ka7y81b5kst146mhq7mom5ed,L. Spinazzola,right
cjliznudpjjraqhj47l40wil0,A. Vergara,left
7kbn6vt37rfgd9yszzvx9idm2,A. Zanoli,right
7y5qwgl0xu7btfd7yxgeb2gut,T. Bašić,left
cjgrtf1xc97ir3b64cnl9ecyc,R. Belahyane,right
ho87m362sey4msdjp4n180oa,M. Cancellieri,left
6hlutndh6zstrpi5i0u0mxyvp,D. Cataldi,right
7f87a26gzayk0bfzbm42huuw9,F. Dele-Bashiru,right
3mqhkh4iz4kesvmqui3hupgmi,B. Dia,right
9otimgokxyef8248fo7h8msq,A. Furlanetto,right
5gond4ss348863bc1768s4q,Mario Gila,right
asvqr3i5wcjiajxipt1qvldyh,M. Guendouzi,right
62uaf4amxdyz6j2fuvadp0no5,E. Hysaj,right
5ec6f4mm3rwjm0fgis0k3cmp5,G. Isaksen,left
8w2rfa3vnu6t1a37510374nv9,M. Lazzari,right
a22hb1s02edsj7t38out5r3rp,A. Marušić,right
2os2xde8tdxbpamab8kngnhuc,E. Motta,right
71gwdg60saiwwwnnv6is52may,T. Noslin,right
dqsslq1iz1azubowq3anwws4q,Nuno Tavares,left
3l76cgequy3tjhhudqnrejglx,Patric,right
d02p1ldr57bkxcpmq12vtvhsl,Pedro,both
d7xdtkzw3h749ngi4sobn6kmh,L. Pellegrini,left
8n4rruxbnzvjgdomxslnmcno5,I. Provedel,right
7hukebiijqntuvetwzralzuju,O. Provstgaard,left
3dar2wtxj1x803zxzdooxfaxg,P. Ratkov,right
7nwh5uoczypmuiigzi8ylsd1,A. Romagnoli,left
79e6khfyg3rdauul0yjlixv8q,N. Rovella,right
35qg0rrwtl00pycx468s62m3u,K. Taylor,left
cfzvplhlvlfvau521u6b86xud,M. Zaccagni,right
anr9qh585ctgk2d17zperhgix,Z. Aboukhlal,both
59ujnkvl7rlffomi2bqpsmbpx,C. Adams,right
byjq5v4tqpjt9scaj17ccuesq,T. Anjorin,right
can2l9ha4ufsxdjxdkb739fkk,K. Asllani,both
66at96kfhvigkny465lkmrnbp,C. Biraghi,left
82pgcsfvbitzlpbao9ptbsgoa,C. Casadei,right
7vykym3hy0qf1rxw3yv58kxgq,Saúl Coco,right
eug1as582cl6ji78ylyq4zfo4,A. Dembélé,both
6egg2gwvxxqv2i9hrr0zg4yz8,G. Gineitis,left
7hwj9pf9roe74jifvuhiu6n6x,I. Ilić,left
8vom3bt6es2kp5sdl98az6gwk,E. İlkhan,right
54mmovmx3osoxgbloe9rzmx9l,A. Ismajli,right
cuc7gtr9q0465wxmzgq834ag9,F. Israel,right
2yuntws503qs5o9er31diwmp5,S. Kulenović,right
866f0f7taqhae91o3cjnnx0ph,V. Lazaro,right
270djbc9lxhoupmd1djrii191,G. Maripán,right
6gzi8qf8szxn99dnwh3h6gkb9,A. Masina,left
9hl7yh42qvmdcjw69si5imnf8,A. Njie,right
3r1zsjvt43kg7aoudhh7o3rl6,N. Nkounkou,left
4vdmmwetnlmvrc4erlhjbcvoq,Rafa Obrador,left
a8s8bl5kp1rif458yt3qlevo5,A. Paleari,right
e6xexn53yyoxmdt5naduyx8bu,M. Pedersen,right
cp13vthbds3tl1wtfelfx2evp,G. Simeone,right
9sjt5rv156hr2llfu241r6cph,A. Tamèze,right
ebgkv548xih19m8uza7bgrvmd,N. Vlašić,right
30gsjr0xlmjulnz227zfxga8l,D. Zapata,right
536xixhoric6hoimktme1kftg,J. Arizala,left
2wwbf11c9mc2psxaa8p58qnmc,A. Atta,right
dqazrm2wmu9zqpvp8xbeeb7jd,V. Bayo,right
8kioh2rzit592d4zwjoqsftas,N. Bertola,right
6ffcfr6a1l2p5crr71rb5szys,Iker Bravo,right
elhmf9cc26ec5p1wnwonuxf4l,A. Buksa,left
bdg3xeth77c0nw61hvj5fct0p,K. Davis,left
dfckk0xst90yjlep74tvups5x,K. Ehizibue,right
d19yalwh3i2olvpwoi89feqjt,J. Ekkelenkamp,right
6pzskxh8wy2b4gaf4kj6zuivo,S. Goglichidze,right
5ljs2bj3wwiurcyxiwka2i8d1,C. Kabasele,right
95qrrtlyz4ikkzjbgy6exbnit,H. Kamara,left
agnmzpaj62lzsavtq43uxt4gl,J. Karlström,right
6rbsjfwx4pon2d1vu3k7ojxuc,T. Kristensen,right
9785y6kolfs8e6yxbl7o4xzis,L. Miller,right
bn7otu1q0vxbdq0qga3ys9el0,B. Mlačić,right
70ps22rygrlq3msxgwmesowyx,M. Okoye,right
al3t9fzj4ab55yux0zkd1jkr9,D. Padelli,right
b4qo4uwejb2o323k7lgefzac4,M. Palma,left
7qk6gr48g3n1jfzz2tgb3iz1l,J. Piotrowski,right
35s5mefte5hagf4wjv96u9756,Rui Modesto,right
9kp0q3f77gz8f5e2qumj6kpyi,R. Sava,right
cet0tgjv82l6ao07ij1ylgp9l,O. Solet,right
eu4xivu8i6yla9fcnuncx1ucp,N. Zaniolo,left
488vwilxllk6nhf4o1wrh0gve,Oier Zarraga,right
918sxflcvngsy0xvc9dh3jaei,J. Zemura,left
e2dn4s6p2f6xnbaje17wd3jyt,E. Audero,right
342zbrh4dy6y3ohsew14b2ulm,T. Barbieri,right
bkz9b4cqf8f970myv8r49f561,F. Baschirotto,right
ckzn72wo51pmw475t9tl6vr2t,M. Bianchetti,right
19gglji6ai70jiu7iqpkaxbyt,F. Bonazzoli,left
98x5xrku2jffo0in2u2htazca,W. Bondo,right
9mldc318nq0tli73wjh6ueket,F. Ceccherini,right
587lj5txpervhinszdat4j9wp,M. Collocolo,right
dvvtx09hkl46bnq5fqjqbd8tl,M. De Luca,right
d3dzhnj9na7marc0c4j0d1zbo,R. Floriani Mussolini,right
4vodu8jalzzq7mqblyv6m7y1g,F. Folino,right
1fdgli7rrzvlhcs1exckc0r11,A. Grassi,right
776qa4yrwh5beenw70cfwh59l,D. Johnsen,
bw1mrbqna1y1f5bbn1tnrqolw,D. Lordkipanidze,both
d9sakxlp96siw0z1jltszdlgp,Y. Maleh,left
4bntcltsmr5ymc4f8eme1v1ii,F. Moumbagna,left
1gnc1tbpmomiqt1sty2lktt5,D. Okereke,right
1bd23slibfdzz32n8nhwosbqi,M. Payero,right
90pjbz2aq8vz4qapqu1yt2ynd,G. Pezzella,left
e7tz6hxliohn3gkj4cgl3j1ed,A. Sanabria,right
8ok0giwhuu7ax85ngr8tunpey,J. Sarmiento,both
93237ztqyi3r4hu3rmgzrgudx,M. Silvestri,right
20f5apcbciifqyln8hp3cziwa,F. Terracciano,right
d94867tqgcdqdwg7rhhzt1al1,J. Vandeputte,right
6v1o4s2acog9guff3folo1jh1,J. Vardy,right
5pe8vrm8k9dwiy5uw2jca4jbp,F. Vázquez,right
7knk2xsg4690hgq9us9us8ull,A. Zerbin,right
cntcffa67r95rbcf1154r92zu,L. Banda,right
d12unjo4sk39iix9of2yfask4,M. Berisha,right
5vz3ahy53htjc8pk4wzvytzbo,F. Camarda,right
7pg1pu4ptby6hi0rp29hv4jxl,L. Coulibaly,right
1lisq580zw4yfk6id6f1dwr56,Danilo Veiga,right
3nfxhugbxid6o0r92txslivh1,W. Falcone,right
3ndwckior1wi6ba3rrw10a356,S. Fofana,right
1oszv53od5pulbhx566ht984q,A. Gallo,left
7eox5w91a19w4kx2u3cc8d4yy,O. Gandelman,left
ake9g5cu6vhwm4tip27gbvuac,O. Gorter,right
3ail949zww61xhkymcg66bca1,Þ. Helgason,right
pl5ns1qxie3gqhzoe33s7ip6,G. Jean,left
6udrxynn6611j9tjm258iu80k,Kialonda Gaspar,right
ddael339qbxtn101e69azwpw4,O. Kouassi,left
90ljpsmc6jf9657bs8cwkavl6,C. Ndaba,left
eorgs50x6dss1dzy86fvb97o4,O. Ngom,right
8xjlysmwl5vnhcnvsynftjd62,K. N’Dri,
dy4p5raczhbmglfsu8n4xcdwq,S. Pierotti,right
3bdkw17dkx2c3u0uwztdss6zu,B. Pierret,left
bd4wo7krxbttndxxerhsjjrpw,M. Pérez,right
c4kxfrbrfedilykhbyak3e579,Y. Ramadani,right
phk9kn5ws6j9zj8ubbfl1une,Álex Sala,right
2izep8yz4gavm10cvf82py5pm,J. Siebert,right
b7vmywgydbcs4m9pcjcoabt62,R. Sottil,right
4gnprufs4yyf7wq9mzmkmf622,N. Štulić,right
dfsb8uzowi737si30le6gjaxg,Tiago Gabriel,right
m030tubgf3zpgf0axzm7z26t,D. Berardi,left
7qluty59wsg0ak1p5301o8pux,D. Boloca,right
68iplmlkdp5wkgnlnnanj9be1,W. Coulibaly,right
7uf7y7xa6hy3gieetcte3td2i,J. Doig,left
5f13ro5hgmago2bmqtzjw5ey,A. Fadera,right
5mjg1aoi0j61wsx2tc0tidr6x,Fali Candé,left
4vkdz07ldrv7dxirfqo479a3u,A. Ghion,
2r1hv8jivl8q2zd3egpipfe38,E. Iannoni,right
7nfr8xuo637qma7ovxx4r9fmy,J. Idzes,right
81rizhub9w9a7ifnf60bbppuc,I. Koné,right
27xj7me8icr5ptta7kwx0kfs9,A. Laurienté,right
9cv979t3dmbwoy586m01xdvkk,L. Lipani,right
c5a7z6vphv9tp9ddid5jnrnx1,N. Matić,left
5o8qoe2fv7ppwrwdyx6v5fdd6,L. Moro,right
17inz8artrqynbg3qbme42r8q,T. Muharemović,left
2k18wcecasfnrys3vm9sm2lt5,A. Murić,right
5ld0lornm6gih88rs3qg59jze,C. Odenthal,right
bs140bnmdwxoygd90eh8r9v55,N. Pierini,
153ljvbov0n176vm9fdaizoix,A. Pinamonti,right
61c395xuimpxo2439p8mt3y6t,F. Romagna,right
iygkwt0uv3gt899wmlbwc296,L. Skjellerup,right
cc04mat3snly9oe4bt7xaeooa,K. Thorstvedt,left
5jfy7133kfbmyl8ur6ze9y2ju,S. Turati,right
bh9jia8qgkhpm5xn82bx0hhck,C. Volpato,left
72vim7cq99zdjjwivwtr773vu,A. Vranckx,right
dnk24js88d4ie661mwo7jkq95,S. Walukiewicz,right
75znincjirp1z8bcw9nhztxat,Aderllan Santos,right
6ychdeky58nj22ykambacsp62,Adriel,right
4wtzkgtuu5ty0hsc8jd9vi6tw,T. Akinsola,both
aso41hpuq5oh825n83boc5x0q,Ángel Algobia,right
3db08lzpilp3av7onvfyekd90,S. Bane,right
aissbbcnwyr06fhgfamxo9j2t,Bruno Lourenço,left
8hyaww1d0p9871u8o8zk8f9at,Carlos Ponck,right
7snj7sr1st43ehs0azitra0yy,C. Devenish,right
d9n7upffcwdbmonxya4xbxnv8,Diogo Spencer,right
970cxhz7ebu5icmotbqo0f78q,D. Duarte,right
586z52c4hoj8jseo8rk4ydt04,Edson Mucuana,right
dljo5sklq5dzqgwupe8w5ustm,Jordi Escobar,right
b843lai7z6y934x69t19ajyay,T. Galletto,right
dh32vnfk1e51z4wetpam5gjpx,Jaume Grau,left
a6aaqfuxb2j4ipa7hs3g0y2g9,A. Green,right
3whbdxv00iqk4cfe40473phxw,Guilherme Neiva,right
48li2iey0m9b8h8cvs6py2iy2,Gustavo Assunção,right
db4tif44awujo30rwmvshu7hm,Gustavo Mendonça,right
8lv60zbly3xz43g9hm2s7oqcq,João Gonçalves,right
chy52wzncc8ulmer9z2rebit,Kiki,left
2isngoircmiogkzdp9xs7mj1l,K. Kodisang,left
44ohfnfgzkpc1jkya0gcky54a,Mateus Pivô,right
3u0hj0m497upyc0hikuj45mqy,Guillem Molina,right
eyt02qg2flk4l25alyy0iw8gl,Nenê,right
6bjtb82121qhdhtxml3ecw1zo,Paulo Vitor,left
aeq5j9up9xf65v3nktsbzc8pg,Pedro Lima,left
bftdu4ku64qiwknok31dmdxhx,Pedro Trigueira,right
7w4qf9ndzyzyo5etldya2owt0,Ó. Perea,right
8p8cip6nl1vae1j9f0gmpwez9,Rafael Barbosa,right
534johzh2zffl5bjra5jmhwtm,D. Rivas,right
3qc4wwvesd2oyagxqjnrixduy,Roni,right
5dn7h5mrr6w3zk921cd2j2llh,Rúben Semedo,right
azygs4m332liu58yzvu5zwdsl,Simão,right
ej45944282kra8v2lkyopge6t,Tomané,right
e0tmfkagd1lmf2hw7gctbaqqd,Abdu Conté,left
29sgwjxwtxqwywoqyj4bzvwno,Abdu Dafe,
3k32vv3elrydevgh61aose3f9,André Geraldes,right
6kzv8xhxorlcfxc7h8scc51ey,F. Benaïssa-Yahia,left
31i957f27zym4aj6xdjxu7nit,Cassiano,right
627sappym1qnqqpvm9wwppf8q,Clau Mendes,left
1dljhkcvmodqq9u1w8iv145m2,Dailon Livramento,right
bfm9vh630pkwniqogdrwbiqcp,Daniel Azevedo,right
4v5t4x6emwd5wl7cuxl02xd2i,David Sousa,left
e211nih87ou9t8crzjbbzhexh,José Fonte,right
cbbxxcaz7n6dpkdm38vxt7dre,João Goulart,right
f57x0lswad64sg1mpry8xiadw,João Marques,right
aaqajoowondvk09sioz6jj3ai,Kaique Rocha,right
2c3nnlt3hdxqlosxx6sk5hnh0,Khaly,right
2ys97q3e9xsfgzpovshkjoxgq,Kiki,left
28d418ajrp2wn77h3nqwee295,Gaizka Larrazabal,right
cn5jsr7wuibyseqti5x5r5w4p,J. Livolant,right
2uqu22zy54pgog64fk993fyay,Miguel Sousa,left
bgkidpss00awbvykk4kwv39m2,Iyad Mohamed,left
4yy4fl3wvjrmybopyua8invqi,K. Nsona,right
26t2dvwvx2wqzf5hj59ws5all,L. Ofori,right
dwu5macjd0b6xzukitk40st4a,K. Osundina,both
b23be312oxcbusvpjnnriukq2,Y. Oukili,right
1jqqawhipf80rrgz79hyu5ct0,Pedro Rosas,left
77myfyov250z91bzocv0tyjv8,K. Prieto,right
47wasen155qbiu6pmyp3dowr9,S. Pérez,right
1c8ki3i0dz0axlnd0vauzw9d6,Rafael Brito,right
971kypall9qayknky7tcgiwpg,Renato Nhaga,right
4k2wic25asdlmuqr17e3s6nkl,Ricardo Batista,left
f16314ea0rlqw9nnpu8qewmp5,P. Sequeira,right
4nz928h6p0nl8p161dxg55pn8,X. Severina,left
65u4tcjhkpbk2tx5qtarjdk44,Max Svensson,right
c9mr6s9gur4jxrinhj5blu0vd,D. Tchamba,right
2lf9z8t0gt5mwi46w7esxg3dg,Tiago Morais,right
16xwxuz2wuz2yjo8x605xhgwl,André Sousa,left
c38u6t2mr5f441tcuxlwpulpm,Miguel Baeza,left
757f9x11lzcug3d6sn39d85wp,J. Ramírez,right
6vqxkwgcx3qa1ke5oeutrp250,Daniel Júnior,left
2rhrgp9vcxmuh2tbjfye9o9as,Deivison,right
12oo0syi7lvkf1ydzhjd607op,Filipe Soares,right
4999lbu9bu5be1su52d37o2l0,Francisco Gonçalves,right
8ut3v3ezaj8th41g2kqhhhd9m,Gabriel Veron,right
1a1cur7ima2n6hxas3fqlplhw,Joel Silva,left
845l2xhro63owvjs4d2mnqms5,José Gomes,left
613ebmvzg9shbpf5imq3pju8l,João Aurélio,right
59j04iaaq4ncqjtej3pks1gk4,Kaique,right
5x9288grt1u7a1m2mh2qlk4tm,C. Labidi,left
9umchhzzczfkymvx52hhni7d,Liziero,left
9cb30ii6vuythtugob7ub64tl,Lucas França,right
vvy2kg1gd713af4yoooyj5jp,Lucas João,right
9i1n0wl49q3swmwb582a6vg15,Léo Santos,right
eu4xzg9in80yh0hg9kjtsg0es,Martim Watts,right
5igsj45agcp6j6yh0abxrmuei,Matheus Dias,right
9wpaydzkcf1h1256gkuu948pg,M. Nourani,right
ambws5k0oeseygxbdgh4pzpqs,A. Núñez,right
dpuj6vhkxhoujjxlqq3uw11jo,Pablo Ruan,right
c4gfngqz8qeae1xayhyiwg7l6,Paulinho Bóia,right
vkkqa7plhc8qczi7pols2gyy,Ulisses,right
a4w6rw1ojd6o5tbwky9kqhiax,L. Vallier,left
2grd1zjq1s8hbzmp0eb9ke9rd,Witi,left
4xx1a0gslcsf2zartt5nbonx0,Zé Vitor,left
5k74ofoqel095frhszvdmxbhm,Adriano Firmino,right
4a2u9pfhcuzt0vwkzemke0e8k,Andrey,right
3ce6k0jldiwe7hv790vhgfac4,Brenner,right
cz6tcx6dqmlj45s9d9wxvcnh1,A. Carter,right
80qg05ue1gsf1ot70rky91l62,Darlan,left
3776gjrdiqfvch2wk5kde2w2x,Diogo Calila,right
2vw5u0j2q84f75b9xwbbmv6s4,Edney,
agtn08txrd68h8gz1i99fhkpg,Elias Manoel,right
9qzpbge6jicw2tiyb67csq1hw,Fernando,right
5jz3uh1mnrbfvlgph5mnpyuol,Frederico Venâncio,right
byk4cll4gdgp2n5ocxrb5j1t5,Gabriel Batista,right
2r6ma23qtyq2l18m21eksjp7u,Gabriel Silva,right
2aumz6rtq4ufba7z7zn5v8frp,Gonçalo Paciência,right
mlxww3jvhdzq13ecybrtw9gp,Guilherme Romão,left
3q1nhus52rnkt6nwvqmpb1ct0,Gustavo Klismahn,left
490c7lsh869s31t00ibh3ds0k,Henrique Silva,right
dwcab44thsrsspugxt66yp6ac,Isaac Valença,right
4dwkdr1ctq1vxtbyforskrhn8,José Tavares,right
13v6oehv7fd26bkz81qthlyc4,João Afonso,right
6va6k5y9vlsphmysjufjxzoyc,João Costa,right
28lucwbes9q95s1j4mgy2s50q,Lucas Soares,right
8xyk2ee5mlrd3v597h1vlfw15,Luquinhas,right
6830rde1otsphznge6rvck34l,Luís Rocha,right
fkx4v1ux771bqn2g9bn3340k,MT,left
380ejwyblelr0ef3um2cwv3ai,Matheus Pereira,left
e3m0d26ckavr38z1b0qptrnu2,Paulo Victor,left
6fno1nklmlp93liytohma0mol,Pedro Ferreira,right
1i7lxt3ijmk984rn2ioys94ut,Pedro Pacheco,right
cswczed1esho0zxyaj6tit5as,Serginho,right
ca1yl6rf2gz4cs5omm9clf2sp,Sidney Lima,right
d2q8cps3kahzy9rifrw5q978,Tiago Duarte,right
54ufz1uj4hkihp7ghf9u4x1m2,Vinícius Lopes,right
f1xweqreohszai1sp5z0cyjca,Welinton Torrão,right
1emve5gjbelv22ce6fu4acrxm,Wendel,right
1lb9n598k4fo56ehkdw4uqtjo,Afonso Rodrigues,right
4jauu6ue076rbeq56exa4bcyy,M. Aïko,right
2hap44i3j488f2tdolqk3ty39,André Ceitil,right
6myi0mpkesaedzqro83zreh1x,Bebeto,right
9pryazv5qz8bml8o0wh320goa,Bernardo Fontes,left
dv9gm9ueox7uah9yt3fstc8dm,Christian Marques,right
2sm1nalj8c68e8j95ne15wzit,Cícero,right
5he3j18ix8tre84r8uls8ytm2,J. Hodge,right
79izrssq50jjzhapj4ekmv95g,Hugo Félix,right
7jmewoh9jen8q6e2n3u942sid,Hélder Tavares,right
2bu8vn8fr7u3kt65nzj37vsgl,Ivan Cavaleiro,right
15cgd8ntybnsp3og07nxe02d,João Afonso,right
5n522jpifzyf9qu0z41kuf7my,João Silva,right
987m2cpi9k8ssjy3jrkfjjytw,J. Rodríguez,left
80s8hyser75f5sldrj3reeynd,B. Kimpioka,right
5w18cjh97e3hcgtdrlzo2lrvu,E. Maviram,left
47q4q1oooi1851xm5z68bc36c,B. Medina,left
30achymdcr7u4no7p8c5015hw,Miro,right
ena6eo8k01ry7sfyonykdovhm,M. Ouattara,left
67j4ibotfua9hnjsydi8o75rd,Pedro Maranhão,right
5m1fht9uevn186asz8awhxjah,Rodrigo Conceição,right
3a8iogub2cwuedxyu03gsvx90,Y. Rodríguez,left
demp53kye0ium76t240vo8cet,Rony Lopes,left
5xhjvappzv6swoof5qpi0yj9,J. Siebatcheu,right
7qcwyfa4ucuvxo1k2cd9oijt,Y. Sithole,right
210xmaquqj9ouxnxm0bwbiwyy,Tiago Manso,right
6o2tffdjtdueojbhahe3w66i2,R. Vita,left
e6dt8ubzcjgmvgduirzvh5qi2,Xabi Huarte,right
a1eds451v0v1k6qmknigleo0k,Yarlen,both
3epda2hg43s8uxvf9xno74d4a,A. van der Heide,right
dzloubt7sgfwbg2vdwl84ce1g,Alexandre Sola,right
3lkglwuklpf2aaptuk2lm1wr8,Alisson Souza,right
b9bz5r34tmt9ji5306z5a7koa,L. Antonetti,left
172ffv5hxcfkze13jwr1mln56,Bernardo Schappo,left
cmxmyld8l4gjy03zxskyxf5gq,Bruno Langa,left
a0ph9oziooelfbfm8p0uinuvo,Gonzalo Calçada,right
bvmwd6h6tfrbmx5ws6402eu7e,A. Chernev,right
5p6vqpchuts1foxujoyhiy7l5,David Grilo,right
c7ssypokoa0z3mts1d6bpwu8k,E. Doué,right
djqbki8jap3rp8l0izzly9tzo,Fábio Ronaldo,right
bpfy0as935rys6xvhknl0ji1g,João Gastão,right
8rit3sy7us8njpry3b8sqwcq2,Alan Godoy,right
1lvm6o9yzcuqhfbw2wpk6en3e,Guilherme Montóia,left
34e59kt77fthmmbc8sp9mya96,K. Höög Jansson,left
ak2fcc8ar26rth586bc2pjxex,I. Dramé,
cf78y2z7i9uw5eekbsj5jwstl,Jefferson Encada,right
5ylr8boyq9fylcl1l72lendhw,Jorge Meireles,right
tkhdcvew2hyrrztin61sfw89,Jovane Cabral,right
754ho66ss67pjrlqf3fwth27e,João Resende,right
3hn1o03lxsjzju3uorl6rnpxw,Y. Kalley,
a1uu2n2uyvrcxxc2l8i2e1wtm,Kikas,right
d29kspi5hcnnl38om4ikn1xck,S. Leković,right
6hknd2raz8p9o3s6i7j683vje,Luan Patrick,right
362zqy0y3mlvlg76s8nz8mb6c,A. Marcus,left
b229okcdelkic4y5py3pyoufo,T. Moustier,right
85nq1g7zogccdqs55ie8er2ay,Nilton Varela,left
dfchyl3kd7id8j3w0ff4obuac,Otávio,right
8ml3rhaollovb4dirz3irtu5l,Paulo Moreira,right
d0d0xs40nmzpow78nvmg9cfyt,Renan Ribeiro,left
92r5p6w571agrdqn5ue10awb8,Robinho,
1dbqn5cjyvqlpylc1jazos3it,Rodrigo Pinho,left
b9ofdmhysssna1gtz0r3n9es4,Ryan Carlos,left
ciks4dkw33w5f4n3juleggr9w,M. Scholze,right
d078o2hgm2fkdjz5vagzx9oq2,Sidny Cabral,both
qnsnqdqm51676zz6cn4ypjsa,Ianis Stoica,right
dc4n5ylytswddlvd82snkb90q,S. van Hooijdonk,right
d4s7wbt0n6kemnxdlat9ipizu,S. Abdulai,right
b3p7a0bhdbcpi5e77hogntnca,André Gomes,left
awyyzv4dkzojyd9zg363i4s9g,S. Baseya,right
aubc0zrltl1yzo3361k0zr21g,G. Cabezas,left
2lazx19wotf1b8jqx9mqeg4tm,Chiquinho,right
dp2mdj859047mb8pgefz1vaxg,M. Clairicia,right
2abpo4w3jcxp1wzp50yypxsrt,S. Diarra,right
66r9qs7g8eggg1c1rueczxgid,Diogo Martins,right
cmk1bhtuo2zgpkklzn8ea7eac,Fabrício Garcia,left
3efavuz7m09wncq8a1n1prpck,Felipe Lima,right
44wb3y75edln1avlcmdjrvc44,Figueiredo,right
7ttgds8qa0z6ngoj6o1l5flzo,Francisco Chissumba,left
89mr3li2k2f01r75sz0sn1zsa,Gonçalo Esteves,right
6hqvayy5szer7oyxdsrfj6cyc,D. Gui,right
eyhvr45vc1n690dxobcthmndh,Sergi Gómez,right
4p2kx0e559rhalafn5xbao1zo,I. James,left
87jsv3xp7k88wbkzp2gm2p6ac,I. Julian,right
1aqa3uuf7b14yl9gl71qzsi6s,Kaiky Naves,right
6o941bvnfqssgpuzye5lcjlzo,Kauan Gomes,right
e23sqhqlkck35e0v7obg1ld04,Z. Kessary,
dvxjgnjc5ri9nx1fzodq9ameh,Lincoln,left
aj68ohnw0hxqnfxzjhpcwsavo,Marezi,right
49vj1ltry5x6ov1c0k3wkpzx0,J. Martínez,left
95dg0qwoxixqy438i1ftlevze,Matheus Mendes,right
8poaxfdmx8m9z40934bowyj9w,Tomás Mendes,right
eg3mx23k0j077ep5aqfmbfwno,B. Meupiyou,left
de4x27curp1n4bg1rfjcn2d5g,C. Nuozzi,right
bnuhd77idgslb5a3s2pdjil4a,Rhaldney,right
7v3gbz56454fadpqntuay5l91,Sandro Lima,right
8mj0v8wam5q4lhmcyl591m7tg,Tiago Leite,right
apq8vqgkq347yr6iqc1riqjca,N. Touaizi,right
w7rdwm7x9w919jogzatcmuxg,Vasco Moreira,right
ejn0jmj376teq42orjvxzkuzt,Alex Pinto,left
71lya4jkyu0uqacr0pvl0cjmy,Barbero,right
vncfk6axwmcp7u1i75qrjhii,A. Dante,left
7nrjutc015x9nupdcl4hj3l5h,David Simão,left
3k04wdlmjvnoib8q2zc806y5m,Diogo Monteiro,right
56rmdrb8cf96r2e6c8bt5fug9,N. Djouahra,right
7x4eg9m0ikbokn9x4nzyt2jv8,Mateo Flores,left
32pfghvfogjnpbgsj5mk2jhpm,José Fontán,left
37l1sqw1z7gqwd6gfw7nt7j84,T. Fukui,right
34jzatjdr2imcmhojirjfvzvu,Pablo Gozálbez,right
al53b3l1a69e73rx7kya8pkwk,R. Jansonas,left
8ogufwaetzkk1p0rpbevxu904,José Silva,right
3mp7wghcalu9g3wxbqb9eqga,João Valido,right
6ydojoa3581jgszpjqj7i8zpx,B. Kuipers,left
7cd65zsn4cnrilrablg47svmc,Lee Hyun-Ju,right
armnekxbjj9zm9o0qzfga3alm,B. Mansilla,left
dz789stcx4dsr9tqt4fjdshuy,N. Mantl,right
3j16x0f8y78d2838wr2vy2bro,F. Mayulu,right
7dg1194v22qjor6wufljuvuhg,D. Nandín,left
ctr1vyseb2ret4st095legsgk,Omar Fayed,right
60jyy87x7db7wjur76irnisyc,Pedro Santos,left
bmbn4q2uorkgosgaig6migpux,B. Popović,right
8508cu2jps76u6esioydgl5d6,Miguel Puche,right
8lboyg16852lqm9gswempml90,M. Rocha,left
6o2xd34n2xu96bqbkq4zj21d6,Arnau Solà,left
9f83clp1v95kvlxdb376tgbth,Javi Sánchez,right
djb8j3hb7mnnghg9jmd15w0r9,Tiago Esgaio,right
4fjr74igamnglla1q6njvcley,A. Trezza,right
6mtx7jztxk73fd6tv7fvjbml0,J. Vinarčík,right
25n2vrjnz5qsm5pigyn3ps8vd,I. de Arruabarrena,right
drutqywn51qzby01rhveqk1ec,E. van Ee,
9nhq3xbf4ayb1e7woaox4h0r8,U. Abubakar,both
snr263or5soc0m0lho7jznu2,Óscar Aranda,right
a79rjcskizfbnop2i35luoff8,I. Ba,right
dvr8ipdtmtb0yl78tklq5vtw4,R. Beney,right
6eidlv9qagadx0luxb2uclfbp,L. Carević,right
7xfg1orfd9uq3rqzzf6vvxu96,S. Elisor,left
2tdxcr1wkubis5n81sg4pzyz9,Gil Dias,left
dwf1cxneplou6ek9ftt1nk8dm,Gustavo Garcia,right
76w964mdux2s3max2nlih6az8,Gustavo Sá,right
6we9p6sqaptlr1adqjmcadl3o,A. Joujou,right
bhn8je2hwadidyov5w033ukiy,O. Mamageishvili,right
2p9rec142i26zn4jpjcjpk74k,Mathias de Amorim,right
bmdxwlk0d88jka77k7pex3uhg,Gonzalo Pastor,right
9swvyuy90djyox6ezfmposums,Pedro Bondo,left
et6guovyhypg06lgr08a5rpck,Pedro Santos,left
6ns9njr6qbtvailkesrl1ti50,Marcos Peña,right
dd7eh3o62jbq1qw4smmf5tvbp,Rafa Soares,left
13kt8nywmdunqt6k815iqmnhm,L. Realpe,right
a7twqgp3fp43y1aoybfe2i8d1,Rochinha,right
5a7h31ukgi0uza80oskg64msq,Rodrigo Pinheiro,right
7ytf3c5ynruyvxwr3r5kof6dw,Rudi Almeida,right
482oia33ewkfi8iwtz6m3nevo,Sorriso,right
1hpdh3zi8zwjmsajy592mukfd,J. de Haas,left
c6aimwjdxhprw9yq0eab1w5ih,T. van de Looi,right
73uqxd3ivtysqre39dw95oqok,Samu Aghehowa,right
c3j7m8kaoius8i6jihubgy6p6,Ángel Alarcón,right
bsvlql13pj2qf2z45r7no9hqs,Alberto Costa,right
4165geonwbrqgaj5k2zncumms,André Miranda,left
1tbc8iokapjgu8zjrc1knq28l,J. Bednarek,right
8z7z6cn60xyq2s7g2mxe19afo,Bernardo Lima,right
xbk4zraauvq1cj1w5yz08kb9,Cláudio Ramos,right
d79vlrccz170hzdh35nhsf1ed,Diogo Costa,right
cpmfjroqtibaahb1dr66pl2i1,S. Eustaquio,right
d98j4asio4xrxcwmfg1ak95yi,Francisco Moura,left
c9u2w9ikckbrra8vln2ucbf9w,V. Froholdt,right
1bcq4ix63ss3i9gj3mwlvipsk,D. Gül,right
8juldxfdikazdmet0rmrh3wlx,João Costa,left
ez8vzwaf7iuiv2ceetiwg6ymt,Y. Karamoh,right
8585juruxxi6z8ih6kfqvrj6x,J. Kiwior,left
deaqwqxiyros99d5zn9b58t1w,Martim Fernandes,right
4h1jj93i0v1pfemnjydnoc0dl,N. Pérez,right
a6r2hqalh9ydoy2a8uv9rztux,Pepê,right
mbtaq4px5avojnwljtu9ogk,O. Pietuszewski,right
8f9u7fu8gti4bjyrgapo9c6qc,D. Prpić,left
8hebxu2r9uw6thv94bj5mum8k,Rodrigo Mora,right
1pidd2jxufcwuiww16rooxld6,Borja Sainz,right
19s3ei718jouszy30uxli8xd5,Z. Sanusi,left
c6pqhaqusk8s1c2m21i5wtrkl,Thiago Silva,right
c1jax5ui0hvtgpiev1q9zs9hw,Tiago Silva,right
18heb65l2cvbr2jmmjo6l22hg,A. Varela,right
96kibwvvzzkwi13pmo0j7jnu2,Vasco Sousa,right
37b6tzaexinmfadvi4you5wmi,Gabri Veiga,right
4t3melft6fc2ams9zcyxnqqz8,William,right
4drquvq035kmr2smvzph82bx1,L. de Jong,right
8esvhatpiwl4amussu6wmamfo,André Lacximicant,left
bx16v7vdlpv2av8v7576ua2qy,F. Bacher,right
en42iersp8me42z7r4lzhwiga,Y. Begraoui,both
8s1ggifut0xesv052i43m742y,K. Boma,right
4lllgif0zz0rnacpia0sqqdt6,K. Edwards,left
e65zqndnze1xzef4qlkhd1v4l,Ferro,right
2kvb94ocyvs7x1sbq73rr22nd,Gonçalo Costa,left
513jimgihzk9w1kuad57jrnxl,R. Guitane,left
egf4oc47whxf2hmrjjddvtxbd,J. Holsgrove,left
12zb7k23gszgqwzo5tld7504,O. Israelov,left
dyeuxixz75ematbmtiwzcvhzp,João Carvalho,right
9e09bylcbek0w1chwv4fbbasq,N. Lominadze,right
1jvpqpf5rak11gh8gilldpgtm,A. Marqués,right
cwphr9u6412e2bl3dd6jnnc9,Jandro Orellana,right
8xtufjj1bygq57kef82qqu44q,Patrick de Paula,left
dy434rgboexxvq6tgr8gwef9x,Pedro Amaral,left
bysebwa36rolhki4bsethhqms,Pedro Carvalho,right
h3h0dgbjkgt6ru9u2etwxa8k,Peixinho,left
elgb3y6p91z049awc7u549785,Pizzi,right
ax5fuknlz3zc3fcesya61iod1,Joel Robles,right
3khjldonug93pcmztu04ytobu,Ricard Sánchez,right
a3b3bwtqfx22nmw8toxb430no,Tiago Brito,right
ezct8ekplzxar9mhnf69h4hec,Tiago Parente,left
2imz9ikcnqdhrbdwmb8un53ze,A. Tsoungui,right
34fm990bf5wm1xkdig1pjon6y,M. Turk,right
c7xltzkcj4u5qmw4j1e9gxmmt,Xeka,both
664x98r3mbynnh19u1cx984q,Andrew,left
a7880ub846f5o23rndrsian84,M. Bamba,left
53f75v7ioczl7d9e54tuvwjc9,Sergio Bermejo,left
6ys90hkocv68glss19acsvgq2,Carlos Eduardo,left
1xruon30s04okjq684c3v4s4q,F. Cáseres,right
1ocxh5s9uo0s8ag79j7iv6acp,Daniel Figueira,right
3ca3uctce3rk29scnh57clbmc,M. Elimbi,right
ainfqtp7r2yhe2k4esfegrthw,Espigares,right
elozzhro6ct959x1z9zbpual0,M. Fernández,right
3p3i8f3iz2t0tqui5uihqt2zu,Santi García,right
ajzwef2am5u4bzfdlkr33bml0,Gil Martins,right
bxr7h7lg9c1zgjvxyaipn9d78,Gonçalo Maia,right
8smzjuaqx9238kylng11dgphw,Gustavo Varela,right
1bpopqr7cuikh6s6sk4ij31ed,Héctor Hernández,right
6tiupunx2lj56mxvew3280duc,Hevertton Santos,right
cuhq4744nzue53ay6piahgzu2,Joelson Fernandes,right
aa43uokg23dh0ls3pgzu4b74l,Jonathan Buatu,right
19djqex4nu3lz6vw08f3fwv6x,G. Konan,left
4xnor5gc2lnpk1siip7yj4lih,Lucão,right
7owkwjtjvrehlmlic3spg47e2,Luís Esteves,right
9gmf1j7ntsbe4ybmbjbxrwlxw,A. Moreira,right
ebaganzllbxfacvobgmsu1045,Murilo de Souza,left
1s9t1oyy2k2jbhs9xueaqycq,J. Mutombo,right
6slgx4cq2lvj7bchhcazwq4no,Rodrigo Rodrigues,right
pd5ksvrqxmxsuvfeenz0fqzu,T. Touré,right
avrafbh1kctz4io6h1fthedih,Weverson,left
5drwrn9zmqeyo7h5zhy28mb8q,Zé Carlos I,
exasml2zx1pe8runrm6oh5dsk,Zé Carlos II,
4d3j3e5xrapdz0h0oj71u8jdg,Afonso Assis,left
2bdwdmbf1ty0nwmu6hjysupk9,Alan,left
a4rbrzom0u87sk3uc15sxndg5,André Ferreira,right
ah47n5k05k6kaw8812l2tu02x,Benny,right
eubzxwokg6nzftjd3myxsyfv9,Caio Secco,right
3cgw9le7p3c1jiayb7m8frxpm,Dinis Pinto,right
4dhwhmlxv8j4ye08lpvfggqhg,Diogo Travassos,right
dq41kziilg4jki9erxel9d3ze,Fabiano Souza,right
78v0oip5so79klfocih87htec,Gilberto Batista,right
2ddu8qwrbebwt3d93xg3f4g7o,J. Gower,right
aeepk6s3tnzk15rckc3nus8np,Guilherme Schettine,right
5v5n8dvhqf1995r4ayrjo76ui,N. John,right
a2v2k0ujg0d6tl9b37mskqlbe,Joel Jorquera,right
ar0fef65re8lnth2zfgutdfro,Kevyn Monteiro,right
7qyi7q5gfunxb6vsm35g5fw9g,Kiko,left
hrr3761wvgn1ayhsrrz4rf11,Kiko Bondoso,right
5r77c92sjgkfvx5h4vdcqpixg,Landerson,right
1orxuwwmw6m5647h08t6ym3o4,Leandro Santos,right
c5j4fqwnf17uljbw8gp81kb2s,Luís Semedo,right
19mq6gsvnfvnzugpbfwniqj1l,Maracás,right
24kvkxawmb3qmrkr0jpd710yc,Maranhão,right
9g6ffgppmbem1n83z64vsj7it,Marcelo,left
djossd2t3ztlhxg6qt5rzw650,Álvaro Martínez,left
f5eogtrmxxs4dkltfuki4mfx0,Michel,
b81msnt7v6yy09wbzy6m5dkic,Miguel Silva,right
1wfv3kr6x72sqza67pn5ogq8l,Mika,right
fwjwegjstc3k5oj7ywlm702c,Rodri Alonso,right
5vbc6uabic0rs1q02sgx9e0b8,M. Stjepanović,right
2fyd00wttr75lctw5vej1v3vu,Cedric Teguia,left
3t5uimhk4o7nwccz03ioxyicq,N. Abbey,left
dszuj3a23wso9ffm3w6mp4qy2,B. Aguilera,left
1qva22ouiudjynfrfoeduq9sk,André Luiz,right
czxjhy0u4qilxxjp472rqk0lw,N. Athanasiou,
m873bnxdygeujjam2tv4pel0,T. Bakoulas,right
846tbctevdy65ylth8k0o915g,Jalen Blesa,right
b1ocx3l7d0ksd590093b88yj9,J. Brabec,right
cb8o8l688w6ozwhklub9ftxbd,K. Chamorro,left
edk9jemtelz51uoob4quyd4kq,Clayton,right
69dpsk0py5jd6hai3vm27z2fo,Diogo Bezerra,right
86vljyutefh7yr3r9awcghh49,Marc Gual,right
9tg2ugyo8h1tsuy5974rf7310,Gustavo Mancha,left
9kvoxdbnb5kt2dzy7kr0s7v11,João Graça,right
vtr68ap636b06t0b8d37oxxx,João Novais,right
crevpzzdavm7thf4a3ifw5kdm,João Tomé,right
ar0g6o07dm7nwcf2dyzux8ay2,Leonardo Buta,left
761rlv533gduv62g6ai82lv1m,G. Liavas,both
54dlh5wx66prdzamwbojtpfys,J. Lomboto,right
5f548hq6qpgk5mxvecxdv9o9g,T. Medina,left
cd6l176fmei1qgylqbf0btg8a,T. Nikitscher,right
15dfrmbjnn30n6bjpfdhy117u,A. Ntoi,right
26gkn2dugfu5ae008tjjv51bd,J. Panzo,left
1vmwai6smmrb1hvur7ses3sb8,A. Papakanellos,right
5mkvjxxs4ij4ppkmzqblqkh9m,C. Miszta,right
1ikn6ky7wi06swbwfegv7w1gq,F. Petrasso,right
vgvhxmqjvf4g34bd2ebja44q,O. Pohlmann,right
2619ynjrn33i0zb7f1ldssh78,Rafael Lobato,left
adanuzztvgemcbqa2xwupdcdl,O. Richards,left
aryyav1yjf2u0s1tbky9nyas4,Ryan Guilherme,right
2wbvg562g7b0n0qs0olc1mk89,D. Špikić,right
6wz9pjhkwz4iprotyn6gyb9ck,Tamble Monteiro,right
c86oxcau076lijy7b1nglalm1,M. Vrousai,right
49s1v16s1d6jcesw3j26dtbtg,K. Zoabi,left
d7usri5fwyn96j26nyuwr2p04,E. da Silva Moreira,right
1du03mqsc0o6i4e64n7pzr6ui,E. van der Gouw,right
2z9h8lozjzxk4ah6ysho9hotl,K. Aktürkoğlu,right
2p86mzr8qnu9iy01fusvovf56,António Silva,right
86xoyt0tmxshbypquf8tgkwlw,Anísio Cabral,left
4dh4ws8ehn6uywozt6ygczs2d,F. Aursnes,right
9j0v9bomstpbku7nnmqp8n7c9,A. Bah,right
l469vtpe0jbgg5sq1v2e67e1,L. Barreiro,right
5f5e6wufz0x041bvqzor10k16,E. Barrenechea,right
y6esn24vphnrw3y50poje21h,Bruma,right
5i2tc06romjqx7a7wlu1iye7e,S. Dahl,left
2p0nimg288oxorjbnj1hqow0k,Daniel Banjaqui,right
a536nk8ps5vrgextz3k3hcl0q,A. Dedić,right
7qn3h79plsslojw5d2w347wx6,Diogo Prioste,right
cp4736m2k714qabxzok4q3nys,Gonçalo Moreira,right
8uj1pf52hctbd2uxjz4s4tnxm,Henrique Araújo,right
2rojpqo6eyw2d5t677ifmhhqs,Ivan Lima,right
amuqk3xvo87ppk7fz39cg0pre,F. Ivanović,right
9sei2qd6wd0rdif10mlkkq32s,José Neto,left
82o91md3nn11eckmgy749ewpg,João Rego,right
21iut50h3c5sstozse2z9cqhg,João Veloso,right
3x1y10rgm8bbu3zgef74b05ck,Manu Silva,right
x32fbvwwxkda9ruezw67b3dh,N. Otamendi,right
7sd87ylfbtgwgpb70hf68cel1,V. Pavlidis,both
6pavdf2072176dag5nt8qni8k,G. Prestianni,right
37ao6cj3w5pd5v5ap79fqlxw5,Rafa,right
863y1lnf6rxq7xc478ld6y7tg,Rodrigo Rêgo,left
1kmvf5y1wi6jysfkoqet28xnu,R. Ríos,right
chfqy504a1mnfs67pbdbk0jfu,Samuel Soares,right
f4p22zbcs9l5dwhvqg6wstmcq,A. Schjelderup,right
f2dutxek3uf0yi1ee32a3u2cq,H. Sudakov,both
as0t8xi6k6nl4l06g23u3jcru,Tomás Araújo,right
3i53phcjc5vwe7i0m9pqjo3fu,A. Trubin,right
3fyx9d04j493e7n5tlwbowufo,António Gil,left
c1b8uxumwqfnp2d9yqnjlsga2,B. Arrey-Mbi,left
8h0jf6z98xcg6fdkzp3anlfu2,A. Barišić,left
ye3b5ik6y01xa4mktr16iuqc,Diego Rodrigues,right
4cubrfqgrc5ivbd6fdj3k3zf8,M. Dorgeles,right
5dgkxz69k6jmim0ryl5fgiqga,A. El Ouazzani,left
ae9xt3rmdo278sevre9oagx78,Gabriel Moscardo,right
1d2dfrdr3jmbm6t5op33qe4us,Fodé Pascoal,right
5p4q1zolt4e4h07jzknksyzv8,J. Gorby,right
1ekkj2b713kjnugsk4dz50q1h,F. Grillitsch,right
1wtikted5kmtz3bpu17enlvc9,Víctor Gómez,right
6zc6cs596hufgbhu6jv3g2o2y,L. Horníček,right
4kzi7whn4704si8j8y8w9ucyc,Jonatás Noro,right
4a7hhg491ad5uigot8tvjih3o,João Carvalho,right
9l7ph5603tbb7xwyxpvjg22fp,João Moutinho,right
8zy4i289isxe8c7t7iu79o8ic,João Vasconcelos,left
94e7xh7d38gbt8zw2u4clb4ve,G. Lagerbielke,right
58r7rr6rqtji5m0bkdxmwqqui,Leonardo Lelo,left
817yg5w9icl0fhx912gftbu38,Luís Pinto,right
cbhq02wsov8h2byu6uov22bro,Gabri Martínez,right
1zf9egrh7cjofd7td62oc5tk9,Fran Navarro,right
2psarhoauswcdof4nb22sw7ah,S. Niakaté,left
51rs6ozeux61yyjfk9ci86311,Paulo Oliveira,right
5l9ilx0kwbny81lykqksoz9w5,Ricardo Horta,right
47awe3cufiivsq3nequrrju38,Rodrigo Silva,right
bsql6q3cmgcqgalgwfdx6lhjo,Roger Fernandes,left
dss5i9cr374f2butj85ggcums,Sandro Vidigal,right
c3pxiexbciif7uu845ivx5hhx,Tiago Sá,right
e7208jmwhf0b4rxlqr7mvthqs,E. Tıknaz,right
9f0jk3wgmlnnmnqrdkh4gnpt6,Pau Víctor,right
c01muomxuk015zrf9n21ztq7d,Vítor Carvalho,right
6pljtr33dez7n69ctiddc3ms4,Yanis da Rocha,right
bax0ggbhejk7kpcezkyg3hai2,R. Zalazar,right
1wzbok5h048nfbmusztsc3joq,M. Araújo,left
ehbhpv43ealtggnkc4z2dtka1,Daniel Bragança,left
88nmn961vtb3bnt9v9rye1h0q,Z. Debast,right
38339rg6eqprxc0w976gozjmc,O. Diomande,right
cal8i98dir3on6t60fljlr5lg,Eduardo Felicíssimo,right
5neiwdz7rtkhzj0cneic4xcoa,Eduardo Quaresma,right
9ocaoc4rmct3neemzpth5c6qc,S. Faye,right
dth6ucthavpw8lux9pm3f6qdw,Flávio Gonçalves,right
dka9aakcyyvh98m2uhkvs6qz8,Iván Fresneda,right
8fzbg2qdd8d00nwn1kinqr71m,Geny Catamo,left
9c82id3h8v3cahh5fpwtzqlg4,Geovany Quenda,left
cayu6id8xmj67n29s2x3bsbxm,Gonçalo Inácio,left
4x1tm440b5cshi5gxkx5k9m95,M. Hjulmand,right
5xk3t1pi394ojwyrhm00com7e,F. Ioannidis,both
1e7d2d9kcstlfayi0wlg2b66s,João Simões,left
7rvlba00jv66w7wtdmk178a95,João Virgínia,left
6disrpsqjrkg0ye06a5y6box5,G. Kochorashvili,right
3fo37mb4cp6lb0e86hhiyvu8l,Matheus Reis,left
d9i8y5vlymc2yggwxrax8wcbu,H. Morita,right
a9ozu4hjaylfr4299ceryskid,Nuno Santos,left
eee0bq4dkdn91l81e8cf1zxpm,Pote,right
ej3r3h5sda64akl1oh2n853pw,Rafael Nel,right
4ax49niuix9tiqdv05y3vbdn9,Ricardo Mangas,left
s96k2x2cts0vo6y6aaeui5zp,Rui Silva,left
7zdkcuf61cs1try79oki79990,Rômulo,right
bcrlwj3yqeuqkhg7ta31dtvkk,Salvador Blopa,right
d1d3v27d4r6vme6n2w5umaacp,L. Suárez,right
83ekq1r2omnsazmp41pio8s89,Trincão,left
59e0uusbhyz9wo8c3rtqlcve,G. Vagiannidis,right
c406oul95r3jvmbebcge5oz4l,R. Abascal,left
5vdaexx0jnv7shichfmowutt6,Beni,left
c902ebwkabcw24v6lginmqiju,Fabio Blanco,right
3bnphjt458z3h73qi2wwno73d,T. Borevković,right
cyoz8jv8z5z2tvc2czhr2ya6s,O. Camara,right
bphvc5tdx15teivstsdfrxy7e,J. Castillo,right
8pd7rkac98cx4xgnz2u12c3x1,Charles,left
5jklag2n51cx568jfucefo1sk,Diogo Sousa,left
bh21wk9na6i3q8d39qvs3n6z8,Francisco Dias,left
dbwqkrelivlfmvk4t8aa1beac,Gonçalo Nogueira,right
bwspu6tx4l27e605fmtym3ztg,Gustavo Silva,right
a7bfwb9fzy00m2zreoj689fdg,Hugo Nunes,right
bz0wspuepgtymiddqy0v67n1m,João Mendes,left
28di7m86rlpzjuq6m4kg9vhbe,O. Lebedenko,left
d30uqfrs7mqb6jnj99qgyr28k,Miguel Maga,right
79oq0uhoimgb2mbme5i08y87o,Miguel Nogueira,left
36bi849x9anyfayunuudgcdbe,Miguel Nóbrega,right
5fmbgbuw2j2onvumz5wed79t6,M. Mitrović,right
bwbkfosv9xvhd2m0adp9h3ims,A. Ndoye,right
efbuucn9anvzy2n7dq7kxsctl,Nuno Santos,left
a9a5fpe130f0ndqiknyls6ymt,Nélson Oliveira,right
5b7kdtvh7jvnd3b5w4v2o7o5w,E. Opara,right
5qyvo8bo39inx7gupf8aljjf8,Rica Rocha,both
5z3eofvko1ngmwb05nrrc7fje,Óscar Rivas,both
575pl0igxsevhmf6nfmjwwyxh,Samu,left
4k9jwayiqvax29xjsr2dq8qhg,Noah Saviolo,right
ce6z3bhvhmoplnisz3a1bcf10,T. Strata,right
aau5kivfmoy2psovquxdg6hka,Telmo Arcanjo,left
1d78n2z8g4jkcejuk3otoup04,Thiago Balieiro,right
7bizatqq8lesywgb68x9cizmd,Tiago Silva,right
2456sb5oj15equsuu5npj43my,Tomás Händel,left
e5qxgyemm1sj955y5liqp71uc,Vando Félix,right
5xzxhlgrh1rk4nrno4lzeil90,Zeega,right
