short_name,photo_url
A. Adli,https://r2.thesportsdb.com/images/media/player/cutout/mrcbnc1675284212.png
P. Billing,https://r2.thesportsdb.com/images/media/player/cutout/cnl1xs1765385297.png
R. Christie,https://r2.thesportsdb.com/images/media/player/cutout/j599gk1766055823.png
L. Cook,https://r2.thesportsdb.com/images/media/player/cutout/uf2dcw1757018455.png
W. Dennis,https://r2.thesportsdb.com/images/media/player/thumb/n10cdh1512565202.jpg
Evanilson,https://r2.thesportsdb.com/images/media/player/cutout/cvegel1757018013.png
R. Faivre,https://r2.thesportsdb.com/images/media/player/cutout/5ifaw31757018972.png
F. Forster,https://r2.thesportsdb.com/images/media/player/cutout/z5g1ro1739275063.png
B. Gannon-Doak,https://r2.thesportsdb.com/images/media/player/cutout/b5u6q81757018206.png
J. Hill,https://r2.thesportsdb.com/images/media/player/cutout/104132.png
Álex Jiménez,https://r2.thesportsdb.com/images/media/player/cutout/es940n1757018254.png
J. Kroupi,https://r2.thesportsdb.com/images/media/player/cutout/7z9b4h1757017919.png
C. Mandas,https://r2.thesportsdb.com/images/media/player/cutout/cp10gb1764242610.png
Đ. Petrović,https://r2.thesportsdb.com/images/media/player/cutout/62025375.png
A. Semenyo,https://r2.thesportsdb.com/images/media/player/cutout/9y2ge41768393433.png
M. Senesi,https://r2.thesportsdb.com/images/media/player/cutout/ve65ug1757018745.png
M. Tavernier,https://www.thesportsdb.com/images/media/player/cutout/rtb42x1777017467.png
A. Truffert,https://r2.thesportsdb.com/images/media/player/cutout/qmpz4n1757018404.png
E. Ünal,https://r2.thesportsdb.com/images/media/player/cutout/wfcb6f1757018832.png
Kepa Arrizabalaga,https://r2.thesportsdb.com/images/media/player/cutout/mad9wz1768229982.png
R. Calafiori,https://r2.thesportsdb.com/images/media/player/cutout/e6icgz1769330125.png
J. Dixon,https://r2.thesportsdb.com/images/media/player/cutout/uzvxf81650292269.png
H. Dudziak,https://r2.thesportsdb.com/images/media/player/cutout/wq7qju1773086592.png
E. Eze,https://r2.thesportsdb.com/images/media/player/cutout/udwogs1604836616.png
Gabriel Jesus,https://r2.thesportsdb.com/images/media/player/cutout/rwsqi51769330458.png
Gabriel Magalhães,https://r2.thesportsdb.com/images/media/player/cutout/trz5x71769331076.png
Gabriel Martinelli,https://r2.thesportsdb.com/images/media/player/cutout/pnwfls1769331152.png
V. Gyökeres,https://r2.thesportsdb.com/images/media/player/cutout/ubnx241769330610.png
K. Havertz,https://r2.thesportsdb.com/images/media/player/cutout/hem4r91694204364.png
P. Hincapié,https://r2.thesportsdb.com/images/media/player/cutout/7dltx01769330396.png
I. Ibrahim,https://r2.thesportsdb.com/images/media/player/thumb/q883fz1509652745.jpg
J. Kiwior,https://r2.thesportsdb.com/images/media/player/cutout/s9vp9d1694204099.png
M. Lewis-Skelly,https://r2.thesportsdb.com/images/media/player/cutout/7g2c521769330817.png
N. Madueke,https://r2.thesportsdb.com/images/media/player/cutout/0x05ou1769330933.png
Mikel Merino,https://r2.thesportsdb.com/images/media/player/cutout/07opk31769330730.png
Cristhian Mosquera,https://r2.thesportsdb.com/images/media/player/cutout/mzik4g1769331540.png
J. Nichols,https://r2.thesportsdb.com/images/media/player/thumb/9dzhx31547469108.jpg
E. Nwaneri,https://r2.thesportsdb.com/images/media/player/cutout/duej621756983689.png
C. Nørgaard,https://r2.thesportsdb.com/images/media/player/cutout/ia9o8w1769331494.png
C. O'Neill,https://r2.thesportsdb.com/images/media/player/thumb/dq134n1514376247.jpg
David Raya,https://r2.thesportsdb.com/images/media/player/cutout/21rp2q1769331784.png
A. Rojas,https://r2.thesportsdb.com/images/media/player/cutout/0so4iv1643914537.png
W. Saliba,https://r2.thesportsdb.com/images/media/player/cutout/czasy21769331889.png
T. Setford,https://r2.thesportsdb.com/images/media/player/thumb/nwm1tf1774619870.jpg
L. Trossard,https://r2.thesportsdb.com/images/media/player/cutout/07fzpg1769331977.png
B. White,https://r2.thesportsdb.com/images/media/player/thumb/6gtg991508145930.jpg
Martín Zubimendi,https://r2.thesportsdb.com/images/media/player/cutout/lj71fn1769331598.png
M. Ødegaard,https://r2.thesportsdb.com/images/media/player/cutout/5g6vww1769331695.png
T. Abraham,https://r2.thesportsdb.com/images/media/player/thumb/yxnduv1519325863.jpg
R. Barkley,https://r2.thesportsdb.com/images/media/player/cutout/bluco41725359305.png
M. Bizot,https://r2.thesportsdb.com/images/media/player/cutout/26w3dr1756984606.png
L. Bogarde,https://r2.thesportsdb.com/images/media/player/thumb/69uvtl1586638973.jpg
E. Buendía,https://r2.thesportsdb.com/images/media/player/cutout/10qe2t1756984661.png
T. Carroll,https://r2.thesportsdb.com/images/media/player/cutout/2jo2cn1715491174.png
L. Digne,https://r2.thesportsdb.com/images/media/player/cutout/ywg68z1756984819.png
Douglas Luiz,https://r2.thesportsdb.com/images/media/player/cutout/wiqihs1757163098.png
H. Elliott,https://r2.thesportsdb.com/images/media/player/cutout/q4qjjc1766223019.png
E. Guessand,https://r2.thesportsdb.com/images/media/player/cutout/x99loi1772141649.png
G. Hemmings,https://r2.thesportsdb.com/images/media/player/cutout/v13wo91648233973.png
R. Hollingshead,https://r2.thesportsdb.com/images/media/player/cutout/ct8zgk1750913564.png
S. Iling-Junior,https://www.thesportsdb.com/images/media/player/cutout/zjxci41777708422.png
J. Jimoh-Aloba,https://r2.thesportsdb.com/images/media/player/cutout/jhjpq91769763201.png
E. Konsa,https://r2.thesportsdb.com/images/media/player/cutout/rnu4al1756984921.png
V. Lindelöf,https://r2.thesportsdb.com/images/media/player/cutout/07mdel1756984093.png
I. Maatsen,https://r2.thesportsdb.com/images/media/player/thumb/kso9e61701122266.jpg
D. Malen,https://www.thesportsdb.com/images/media/player/cutout/t2xdih1777708654.png
T. Mings,https://r2.thesportsdb.com/images/media/player/cutout/z2m4km1756987198.png
J. Sancho,https://r2.thesportsdb.com/images/media/player/cutout/1bzs6e1756984197.png
Y. Tielemans,https://r2.thesportsdb.com/images/media/player/cutout/dvyawe1756987280.png
Pau Torres,https://r2.thesportsdb.com/images/media/player/cutout/pxsy2h1756987313.png
K. Ajer,https://r2.thesportsdb.com/images/media/player/cutout/f1m43k1765972202.png
E. Balcombe,https://r2.thesportsdb.com/images/media/player/cutout/hrg6as1694115022.png
N. Collins,https://r2.thesportsdb.com/images/media/player/cutout/5100376.png
M. Damsgaard,https://r2.thesportsdb.com/images/media/player/cutout/lfcep61765972129.png
J. Dasilva,https://r2.thesportsdb.com/images/media/player/cutout/wmfv121762174168.png
Fábio Carvalho,https://r2.thesportsdb.com/images/media/player/cutout/4nopgz1765972279.png
Gustavo Nunes,https://r2.thesportsdb.com/images/media/player/cutout/ejp2841765972397.png
R. Henry,https://r2.thesportsdb.com/images/media/player/cutout/5104194.png
Igor Thiago,https://r2.thesportsdb.com/images/media/player/cutout/irs8wu1765971888.png
V. Janelt,https://r2.thesportsdb.com/images/media/player/cutout/3iejri1765972036.png
M. Jensen,https://r2.thesportsdb.com/images/media/player/cutout/u430u51654779325.png
M. Kayode,https://r2.thesportsdb.com/images/media/player/cutout/5102784.png
C. Kelleher,https://r2.thesportsdb.com/images/media/player/thumb/xow6hy1545308696.jpg
Y. Konak,https://www.thesportsdb.com/images/media/player/cutout/gvnsyr1778011638.png
K. Lewis-Potter,https://r2.thesportsdb.com/images/media/player/cutout/9zxaxs1765972062.png
C. McManus,https://r2.thesportsdb.com/images/media/player/thumb/cedawx1512945579.jpg
A. Milambo,https://r2.thesportsdb.com/images/media/player/cutout/v5hmrg1756990317.png
F. Onyeka,https://r2.thesportsdb.com/images/media/player/cutout/8mcku51756990515.png
M. Peart-Harris,https://r2.thesportsdb.com/images/media/player/cutout/0dhabo1765972459.png
E. Pinnock,https://r2.thesportsdb.com/images/media/player/cutout/36c65g1765972433.png
M. Roerslev,https://r2.thesportsdb.com/images/media/player/cutout/v4yoos1761322721.png
K. Schade,https://r2.thesportsdb.com/images/media/player/cutout/1843hj1765972416.png
H. Valdimarsson,https://r2.thesportsdb.com/images/media/player/cutout/wngd6p1724358878.png
Y. Ayari,https://r2.thesportsdb.com/images/media/player/cutout/xah7d91756994132.png
C. Baleba,https://r2.thesportsdb.com/images/media/player/cutout/52x9bk1756994205.png
O. Boscagli,https://r2.thesportsdb.com/images/media/player/cutout/crm6zv1756993861.png
M. De Cuyper,https://r2.thesportsdb.com/images/media/player/cutout/yo44zc1756993970.png
L. Dunk,https://r2.thesportsdb.com/images/media/player/cutout/m00t971756999849.png
J. Hinshelwood,https://r2.thesportsdb.com/images/media/player/cutout/4s1p831756994437.png
Igor Julio,https://r2.thesportsdb.com/images/media/player/cutout/kxb5ih1772141814.png
F. Kadıoğlu,https://r2.thesportsdb.com/images/media/player/cutout/enrtu21756994489.png
J. Knight,https://r2.thesportsdb.com/images/media/player/cutout/115850.png
C. Kostoulas,https://r2.thesportsdb.com/images/media/player/cutout/ytyw0k1756993698.png
S. March,https://r2.thesportsdb.com/images/media/player/cutout/4204105.png
J. Milner,https://r2.thesportsdb.com/images/media/player/cutout/47rg1m1756998650.png
Y. Minteh,https://r2.thesportsdb.com/images/media/player/cutout/1345u71756998901.png
K. Mitoma,https://r2.thesportsdb.com/images/media/player/cutout/1hwrck1756998804.png
M. O'Riley,https://r2.thesportsdb.com/images/media/player/cutout/28037030.png
G. Rutter,https://r2.thesportsdb.com/images/media/player/cutout/owp31w1756998606.png
J. Steele,https://r2.thesportsdb.com/images/media/player/cutout/su0v781756998692.png
J. Veltman,https://r2.thesportsdb.com/images/media/player/cutout/aab0a21756998739.png
B. Verbruggen,https://r2.thesportsdb.com/images/media/player/cutout/5ak40b1756999759.png
A. Webster,https://r2.thesportsdb.com/images/media/player/cutout/5114562.png
D. Welbeck,https://r2.thesportsdb.com/images/media/player/cutout/lfaen21756998493.png
M. Wieffer,https://r2.thesportsdb.com/images/media/player/cutout/auo0d11756998840.png
J. van Hecke,https://r2.thesportsdb.com/images/media/player/cutout/37rw1u1756994375.png
E. Agyei,https://r2.thesportsdb.com/images/media/player/cutout/lflmie1724240405.png
J. Anthony,https://r2.thesportsdb.com/images/media/player/cutout/29011732.png
J. Beyer,https://r2.thesportsdb.com/images/media/player/cutout/d48o5q1757175950.png
G. Brierley,https://r2.thesportsdb.com/images/media/player/cutout/vz33ga1766141610.png
A. Broja,https://r2.thesportsdb.com/images/media/player/cutout/op1eh71757174345.png
J. Bruun Larsen,https://r2.thesportsdb.com/images/media/player/cutout/61mpa91757174573.png
E. Clark,https://r2.thesportsdb.com/images/media/player/cutout/tnitvz1708525139.png
M. Dúbravka,https://r2.thesportsdb.com/images/media/player/cutout/frmd101757174406.png
H. Ekdal,https://r2.thesportsdb.com/images/media/player/cutout/n6m6tq1717762256.png
Z. Flemming,https://r2.thesportsdb.com/images/media/player/cutout/jtbhgu1757174479.png
Florentino,https://r2.thesportsdb.com/images/media/player/cutout/ye4qwr1757176725.png
L. Foster,https://r2.thesportsdb.com/images/media/player/cutout/utm8361577825251.png
V. Hladký,https://r2.thesportsdb.com/images/media/player/cutout/576ftx1757174537.png
J. Laurent,https://r2.thesportsdb.com/images/media/player/cutout/h6txkv1607598142.png
Lucas Pires,https://r2.thesportsdb.com/images/media/player/cutout/kauvh41757174689.png
H. Mejbri,https://r2.thesportsdb.com/images/media/player/cutout/aupcea1757174643.png
O. Sonne,https://r2.thesportsdb.com/images/media/player/cutout/slruzh1652820509.png
L. Tchaouna,https://r2.thesportsdb.com/images/media/player/cutout/t8itlf1757174754.png
M. Trésor,https://r2.thesportsdb.com/images/media/player/cutout/bsztq61772369764.png
A. Tuanzebe,https://r2.thesportsdb.com/images/media/player/cutout/4u651u1765971647.png
K. Walker,https://r2.thesportsdb.com/images/media/player/cutout/mnod0k1757174815.png
J. Ward-Prowse,https://r2.thesportsdb.com/images/media/player/cutout/08qgsi1772370273.png
M. Weiß,https://r2.thesportsdb.com/images/media/player/cutout/zhmvfc1716214913.png
J. Worrall,https://r2.thesportsdb.com/images/media/player/cutout/29011224.png
Andrey Santos,https://r2.thesportsdb.com/images/media/player/cutout/jt1o7i1757010267.png
B. Badiashile,https://r2.thesportsdb.com/images/media/player/cutout/dwis9v1518285596.png
F. Buonanotte,https://r2.thesportsdb.com/images/media/player/cutout/962978.png
T. Chalobah,https://r2.thesportsdb.com/images/media/player/cutout/tvfe5h1761336435.png
L. Colwill,https://r2.thesportsdb.com/images/media/player/cutout/t4pv5u1759604434.png
Marc Cucurella,https://r2.thesportsdb.com/images/media/player/cutout/j7i66q1757002736.png
L. Delap,https://r2.thesportsdb.com/images/media/player/cutout/zlvvd71608388160.png
J. Derry,https://r2.thesportsdb.com/images/media/player/cutout/2003927.png
Dário Essugo,https://r2.thesportsdb.com/images/media/player/cutout/sllr2x1757003053.png
M. Eboué,https://r2.thesportsdb.com/images/media/player/thumb/i19rxq1540750581.jpg
Estêvão,https://r2.thesportsdb.com/images/media/player/cutout/cdcih71757001906.png
A. Garnacho,https://r2.thesportsdb.com/images/media/player/cutout/69y34j1757003249.png
T. George,https://r2.thesportsdb.com/images/media/player/cutout/r26j8k1759591865.png
Marc Guiu,https://r2.thesportsdb.com/images/media/player/cutout/x4r4991757003409.png
M. Gusto,https://r2.thesportsdb.com/images/media/player/cutout/wzyklc1757003476.png
F. Jörgensen,https://r2.thesportsdb.com/images/media/player/cutout/btrqb31694112218.png
R. Lavia,https://r2.thesportsdb.com/images/media/player/cutout/g8wl2r1757003714.png
M. Merrick,https://r2.thesportsdb.com/images/media/player/cutout/jcf1zl1715107614.png
C. Palmer,https://r2.thesportsdb.com/images/media/player/cutout/9jjnj71761336679.png
T. Sharman-Lowe,https://r2.thesportsdb.com/images/media/player/cutout/v94sgu1766055389.png
G. Słonina,https://r2.thesportsdb.com/images/media/player/cutout/govpv51757010326.png
Robert Sánchez,https://r2.thesportsdb.com/images/media/player/cutout/jfzjqy1757001022.png
D. Benamar,https://r2.thesportsdb.com/images/media/player/cutout/zclya01700681055.png
J. Canvot,https://r2.thesportsdb.com/images/media/player/cutout/puwpwb1772033630.png
R. Cardines,https://r2.thesportsdb.com/images/media/player/cutout/0k39ek1772033727.png
N. Clyne,https://r2.thesportsdb.com/images/media/player/cutout/xy9pjc1766828197.png
J. Devenny,https://r2.thesportsdb.com/images/media/player/cutout/ommdbm1766828242.png
R. Esse,https://r2.thesportsdb.com/images/media/player/cutout/902x9f1709994116.png
M. Guéhi,https://r2.thesportsdb.com/images/media/player/cutout/842bfy1771748128.png
W. Hughes,https://r2.thesportsdb.com/images/media/player/cutout/nwquz11766828341.png
D. Imray,https://www.thesportsdb.com/images/media/player/cutout/8jb84b1778011053.png
B. Johnson,https://r2.thesportsdb.com/images/media/player/cutout/sfe79s1695832655.png
D. Kamada,https://r2.thesportsdb.com/images/media/player/cutout/xajscx1761492482.png
M. Lacroix,https://r2.thesportsdb.com/images/media/player/cutout/6p7f5w1761492552.png
J. Lerma,https://r2.thesportsdb.com/images/media/player/cutout/5h7eyz1772141174.png
J. Mateta,https://r2.thesportsdb.com/images/media/player/cutout/32viwf1761492506.png
R. Matthews,https://r2.thesportsdb.com/images/media/player/cutout/28011264.png
T. Mitchell,https://r2.thesportsdb.com/images/media/player/thumb/wuuxuv1431638473.jpg
E. Nketiah,https://r2.thesportsdb.com/images/media/player/cutout/nighdu1761492585.png
Yeremy Pino,https://r2.thesportsdb.com/images/media/player/cutout/c85ip51761492296.png
J. Rak-Sakyi,https://r2.thesportsdb.com/images/media/player/cutout/io3c3z1766828439.png
C. Riad,https://r2.thesportsdb.com/images/media/player/cutout/xnfgm61680807505.png
B. Sosa,https://r2.thesportsdb.com/images/media/player/cutout/skbv741716556097.png
J. Strand Larsen,https://r2.thesportsdb.com/images/media/player/cutout/kalrqi1772136115.png
C. Uche,https://r2.thesportsdb.com/images/media/player/cutout/09s0471609785534.png
A. Wharton,https://r2.thesportsdb.com/images/media/player/cutout/ts57m01762034044.png
C. Alcaraz,https://r2.thesportsdb.com/images/media/player/thumb/fyqph81595276695.jpg
A. Aznou,https://r2.thesportsdb.com/images/media/player/cutout/4ydqac1756976572.png
C. Bates,https://r2.thesportsdb.com/images/media/player/cutout/5118414.png
Beto,https://r2.thesportsdb.com/images/media/player/cutout/qyrytt1472741062.png
J. Branthwaite,https://r2.thesportsdb.com/images/media/player/cutout/281uh81756976529.png
S. Coleman,https://r2.thesportsdb.com/images/media/player/cutout/rsyoik1756976510.png
K. Dewsbury-Hall,https://r2.thesportsdb.com/images/media/player/cutout/2dwgjj1756976787.png
T. Dibling,https://r2.thesportsdb.com/images/media/player/cutout/ivberf1756977120.png
B. Graham,https://r2.thesportsdb.com/images/media/player/cutout/eu667a1586202095.png
J. Grealish,https://r2.thesportsdb.com/images/media/player/cutout/7ckk5a1756976762.png
T. Iroegbunam,https://r2.thesportsdb.com/images/media/player/cutout/3nln2m1756976893.png
V. Mykolenko,https://r2.thesportsdb.com/images/media/player/cutout/d5b47x1756976481.png
T. Onyango,https://r2.thesportsdb.com/images/media/player/cutout/g5nfut1750874809.png
J. Pickford,https://r2.thesportsdb.com/images/media/player/cutout/wt1c4n1756976358.png
J. Tarkowski,https://r2.thesportsdb.com/images/media/player/cutout/12ufmm1756976434.png
M. Travers,https://r2.thesportsdb.com/images/media/player/cutout/95czbp1756976334.png
H. Tyrer,https://r2.thesportsdb.com/images/media/player/cutout/abewn61759852768.png
Youssef Chermiti,https://r2.thesportsdb.com/images/media/player/cutout/vzm5321694012899.png
S. Amissah,https://r2.thesportsdb.com/images/media/player/cutout/yfyobf1759591765.png
J. Andersen,https://r2.thesportsdb.com/images/media/player/cutout/26u7t11654786787.png
Andreas Pereira,https://r2.thesportsdb.com/images/media/player/cutout/0moxnx1767691272.png
S. Berge,https://r2.thesportsdb.com/images/media/player/cutout/pygdo91610797049.png
T. Cairney,https://r2.thesportsdb.com/images/media/player/cutout/ln0s921757070653.png
T. Castagne,https://r2.thesportsdb.com/images/media/player/cutout/uc84ft1757070324.png
S. Chukwueze,https://r2.thesportsdb.com/images/media/player/cutout/8t0gxa1757069795.png
Jorge Cuenca,https://r2.thesportsdb.com/images/media/player/cutout/t5nctz1757070255.png
A. Iwobi,https://r2.thesportsdb.com/images/media/player/cutout/o2a0dm1757071197.png
Kevin,https://r2.thesportsdb.com/images/media/player/cutout/5200069.png
J. Kusi-Asare,https://r2.thesportsdb.com/images/media/player/cutout/4hiz051757071301.png
B. Lecomte,https://r2.thesportsdb.com/images/media/player/cutout/06qotu1757069991.png
B. Leno,https://r2.thesportsdb.com/images/media/player/cutout/5kckaq1757069916.png
S. Lukić,https://r2.thesportsdb.com/images/media/player/cutout/xju0y51757070769.png
H. Reed,https://r2.thesportsdb.com/images/media/player/cutout/jwlhlx1757070600.png
Rodrigo Muniz,https://r2.thesportsdb.com/images/media/player/cutout/wswdye1757071073.png
R. Sessegnon,https://r2.thesportsdb.com/images/media/player/thumb/ywwwru1471355981.jpg
E. Smith Rowe,https://r2.thesportsdb.com/images/media/player/cutout/83t30h1757070885.png
K. Tete,https://r2.thesportsdb.com/images/media/player/cutout/hv7rpd1757070082.png
Adama Traoré,https://r2.thesportsdb.com/images/media/player/cutout/8bm4n31610383373.png
B. Aaronson,https://r2.thesportsdb.com/images/media/player/cutout/tt8t951757075870.png
E. Ampadu,https://r2.thesportsdb.com/images/media/player/cutout/uelvti1757076111.png
J. Bijol,https://r2.thesportsdb.com/images/media/player/cutout/vlmgep1757078353.png
J. Bogle,https://r2.thesportsdb.com/images/media/player/thumb/4zoi5g1506614540.jpg
S. Bornauw,https://r2.thesportsdb.com/images/media/player/cutout/nc1v5l1757079444.png
S. Byram,https://r2.thesportsdb.com/images/media/player/cutout/4hcbmm1757079757.png
D. Calvert-Lewin,https://r2.thesportsdb.com/images/media/player/cutout/8gyavf1757076856.png
R. Chadwick,https://r2.thesportsdb.com/images/media/player/cutout/4001999.png
S. Chambers,https://r2.thesportsdb.com/images/media/player/cutout/buyozi1759603211.png
W. Gnonto,https://r2.thesportsdb.com/images/media/player/cutout/dfttgz1757085689.png
I. Gruev,https://r2.thesportsdb.com/images/media/player/cutout/4lgoyp1756019678.png
J. Justin,https://r2.thesportsdb.com/images/media/player/cutout/shktu01640299128.png
S. Longstaff,https://r2.thesportsdb.com/images/media/player/cutout/3iv6n21757076563.png
Lucas Perri,https://r2.thesportsdb.com/images/media/player/cutout/9gha6q1757075968.png
I. Meslier,https://r2.thesportsdb.com/images/media/player/cutout/qw61t91757078451.png
J. Piroe,https://r2.thesportsdb.com/images/media/player/cutout/vdzmtm1757077446.png
L. Ramazani,https://r2.thesportsdb.com/images/media/player/cutout/iuhuz61762865729.png
J. Rodon,https://r2.thesportsdb.com/images/media/player/cutout/omax4m1757076252.png
A. Stach,https://r2.thesportsdb.com/images/media/player/cutout/srqkon1757086361.png
A. Tanaka,https://r2.thesportsdb.com/images/media/player/cutout/xptxxr1424975941.png
C. Bradley,https://r2.thesportsdb.com/images/media/player/thumb/p6ac0f1511439484.jpg
F. Chiesa,https://r2.thesportsdb.com/images/media/player/cutout/idecla1757087689.png
H. Ekitiké,https://r2.thesportsdb.com/images/media/player/cutout/8za47v1757087851.png
C. Gakpo,https://r2.thesportsdb.com/images/media/player/cutout/lwkl5n1757088091.png
R. Gravenberch,https://r2.thesportsdb.com/images/media/player/thumb/j3b8og1515244590.jpg
A. Isak,https://r2.thesportsdb.com/images/media/player/cutout/3qj7z41757088281.png
G. Leoni,https://r2.thesportsdb.com/images/media/player/cutout/4b61lo1634552547.png
A. Mac Allister,https://r2.thesportsdb.com/images/media/player/cutout/96dmuf1757087513.png
G. Mamardashvili,https://r2.thesportsdb.com/images/media/player/cutout/3yoja81757088527.png
K. Morrison,https://r2.thesportsdb.com/images/media/player/cutout/nh89mn1695390938.png
R. Ngumoha,https://r2.thesportsdb.com/images/media/player/cutout/ay5j761773955893.png
Á. Pécsi,https://r2.thesportsdb.com/images/media/player/cutout/tb6rm11757088585.png
C. Ramsay,https://r2.thesportsdb.com/images/media/player/cutout/cijn4e1643058464.png
D. Szoboszlai,https://r2.thesportsdb.com/images/media/player/cutout/0n431m1757088795.png
F. Wirtz,https://r2.thesportsdb.com/images/media/player/cutout/8t6bzo1757088899.png
F. Woodman,https://r2.thesportsdb.com/images/media/player/cutout/yxvjpo1768228542.png
V. van Dijk,https://r2.thesportsdb.com/images/media/player/cutout/9cxf2q1757087742.png
M. Akanji,https://r2.thesportsdb.com/images/media/player/cutout/k7o5oh1759408095.png
M. Alleyne,https://r2.thesportsdb.com/images/media/player/cutout/4iimzs1769182989.png
M. Bettinelli,https://r2.thesportsdb.com/images/media/player/cutout/btq0zz1769183655.png
R. Cherki,https://r2.thesportsdb.com/images/media/player/cutout/emcyjy1769182115.png
J. Doku,https://r2.thesportsdb.com/images/media/player/cutout/tehbsx1769183074.png
G. Donnarumma,https://r2.thesportsdb.com/images/media/player/cutout/qw2ilm1600679787.png
P. Foden,https://r2.thesportsdb.com/images/media/player/cutout/lbn4sx1769182620.png
Nico González,https://r2.thesportsdb.com/images/media/player/cutout/e6mhnz1762288376.png
J. Gvardiol,https://r2.thesportsdb.com/images/media/player/cutout/mmowa11769183247.png
İ. Gündoğan,https://r2.thesportsdb.com/images/media/player/cutout/rhyyig1768854274.png
E. Haaland,https://r2.thesportsdb.com/images/media/player/cutout/un3jr11769182465.png
A. Khusanov,https://r2.thesportsdb.com/images/media/player/cutout/da8tg41769182137.png
R. Lewis,https://r2.thesportsdb.com/images/media/player/cutout/5119950.png
Matheus Nunes,https://r2.thesportsdb.com/images/media/player/cutout/qsv6us1757098631.png
R. McAidoo,https://r2.thesportsdb.com/images/media/player/cutout/esn9ys1769183144.png
D. Mukasa,https://r2.thesportsdb.com/images/media/player/cutout/25to801702654128.png
N. O'Reilly,https://r2.thesportsdb.com/images/media/player/thumb/qrl20n1539267596.jpg
Omar Marmoush,https://r2.thesportsdb.com/images/media/player/cutout/kgn5451757098568.png
S. Ortega,https://r2.thesportsdb.com/images/media/player/cutout/a12eve1772031497.png
R. Heskey,https://r2.thesportsdb.com/images/media/player/cutout/56bf6q1662473067.png
T. Reijnders,https://r2.thesportsdb.com/images/media/player/cutout/edgl5b1769182353.png
Rúben Dias,https://r2.thesportsdb.com/images/media/player/cutout/g3psnr1769183713.png
Savinho,https://r2.thesportsdb.com/images/media/player/cutout/khqgy21769183420.png
J. Stones,https://r2.thesportsdb.com/images/media/player/cutout/dkq8d41763068509.png
A. Bayındır,https://r2.thesportsdb.com/images/media/player/cutout/1celih1766826628.png
Bruno Fernandes,https://r2.thesportsdb.com/images/media/player/cutout/jhasls1766826690.png
Casemiro,https://r2.thesportsdb.com/images/media/player/cutout/ydr3j41766826524.png
Diogo Dalot,https://r2.thesportsdb.com/images/media/player/cutout/ow1nh31766826552.png
P. Dorgu,https://r2.thesportsdb.com/images/media/player/cutout/3bm5kb1766826589.png
T. Fredricson,https://r2.thesportsdb.com/images/media/player/cutout/w08gwo1766826271.png
T. Heaton,https://r2.thesportsdb.com/images/media/player/cutout/x1aswn1766826189.png
A. Heaven,https://r2.thesportsdb.com/images/media/player/cutout/10d8d61766826718.png
S. Lacey,https://r2.thesportsdb.com/images/media/player/thumb/pd45bt1511521751.jpg
S. Lammens,https://r2.thesportsdb.com/images/media/player/cutout/8xh9d61766826762.png
H. Maguire,https://r2.thesportsdb.com/images/media/player/cutout/q8u0ez1766826809.png
K. Mainoo,https://r2.thesportsdb.com/images/media/player/cutout/8qrveo1766826836.png
T. Malacia,https://r2.thesportsdb.com/images/media/player/cutout/s1p6bd1770981673.png
B. Mantato,https://r2.thesportsdb.com/images/media/player/cutout/tn5wva1770992405.png
Matheus Cunha,https://r2.thesportsdb.com/images/media/player/cutout/29x61e1762020281.png
N. Mazraoui,https://r2.thesportsdb.com/images/media/player/cutout/o58oaq1766826898.png
B. Mbeumo,https://r2.thesportsdb.com/images/media/player/cutout/op28s81755176679.png
J. Moorhouse,https://r2.thesportsdb.com/images/media/player/cutout/hy8v9c1715371974.png
M. Mount,https://r2.thesportsdb.com/images/media/player/cutout/grmh5n1766826924.png
C. Obi,https://r2.thesportsdb.com/images/media/player/cutout/aph1qy1584831339.png
B. Šeško,https://r2.thesportsdb.com/images/media/player/cutout/lm21y71766827016.png
L. Shaw,https://r2.thesportsdb.com/images/media/player/cutout/1kg6bc1766826995.png
M. Ugarte,https://r2.thesportsdb.com/images/media/player/cutout/35xg041766826974.png
L. Yoro,https://r2.thesportsdb.com/images/media/player/cutout/pn8gp91766827044.png
J. Zirkzee,https://r2.thesportsdb.com/images/media/player/cutout/h32wk91766827067.png
M. de Ligt,https://r2.thesportsdb.com/images/media/player/cutout/ag2gx31766826741.png
S. Botman,https://r2.thesportsdb.com/images/media/player/cutout/xkp4kt1766824696.png
Bruno Guimarães,https://r2.thesportsdb.com/images/media/player/cutout/qr8gk01766824971.png
D. Burn,https://r2.thesportsdb.com/images/media/player/cutout/129279.png
A. Elanga,https://r2.thesportsdb.com/images/media/player/cutout/zptapf1770796138.png
M. Gillespie,https://r2.thesportsdb.com/images/media/player/cutout/jrbm8u1766825869.png
A. Gordon,https://r2.thesportsdb.com/images/media/player/cutout/22hcu41702045504.png
L. Hall,https://r2.thesportsdb.com/images/media/player/cutout/cb9ku91695390560.png
Joelinton,https://r2.thesportsdb.com/images/media/player/cutout/uh75pa1766824835.png
E. Krafth,https://r2.thesportsdb.com/images/media/player/cutout/gvbvmd1766824941.png
J. Lascelles,https://r2.thesportsdb.com/images/media/player/cutout/e5ggyx1766824870.png
T. Livramento,https://r2.thesportsdb.com/images/media/player/cutout/74gkwv1766824667.png
W. Osula,https://r2.thesportsdb.com/images/media/player/cutout/2abxt11766824652.png
A. Ramsdale,https://r2.thesportsdb.com/images/media/player/cutout/vzpaeh1770797070.png
J. Ruddy,https://r2.thesportsdb.com/images/media/player/cutout/rd3p711770797415.png
F. Schär,https://r2.thesportsdb.com/images/media/player/cutout/134590.png
M. Thiaw,https://r2.thesportsdb.com/images/media/player/cutout/trsqwm1766824681.png
S. Tonali,https://r2.thesportsdb.com/images/media/player/cutout/b9oang1766824727.png
K. Trippier,https://r2.thesportsdb.com/images/media/player/cutout/8o2x7l1766824815.png
J. Willock,https://r2.thesportsdb.com/images/media/player/cutout/8yiz2b1759603927.png
Y. Wissa,https://r2.thesportsdb.com/images/media/player/cutout/sn2e4u1608501757.png
N. Woltemade,https://r2.thesportsdb.com/images/media/player/cutout/guakb31766824614.png
O. Aina,https://r2.thesportsdb.com/images/media/player/cutout/3rasdy1757162843.png
E. Anderson,https://r2.thesportsdb.com/images/media/player/cutout/rhm8q21757162869.png
T. Awoniyi,https://r2.thesportsdb.com/images/media/player/cutout/7jmdjm1757162891.png
D. Bakwa,https://r2.thesportsdb.com/images/media/player/cutout/b5kuwi1757164573.png
M. Gibbs-White,https://r2.thesportsdb.com/images/media/player/cutout/1xexg01757166443.png
A. Gunn,https://r2.thesportsdb.com/images/media/player/cutout/39001034.png
C. Hudson-Odoi,https://r2.thesportsdb.com/images/media/player/cutout/rnr4t41757163029.png
O. Hutchinson,https://r2.thesportsdb.com/images/media/player/cutout/z31c0r1759421853.png
Igor Jesus,https://r2.thesportsdb.com/images/media/player/cutout/p5c7cf1750910956.png
Jair Cunha,https://r2.thesportsdb.com/images/media/player/cutout/tiietk1757162956.png
John Victor,https://r2.thesportsdb.com/images/media/player/cutout/vvi9nk1763901350.png
Jota Silva,https://r2.thesportsdb.com/images/media/player/cutout/u29kag1757163227.png
A. Kalimuendo,https://r2.thesportsdb.com/images/media/player/cutout/o0mmzp1773671528.png
J. McAtee,https://r2.thesportsdb.com/images/media/player/cutout/bn68dm1757163117.png
N. Milenković,https://r2.thesportsdb.com/images/media/player/cutout/5vd1n81757163144.png
Morato,https://r2.thesportsdb.com/images/media/player/cutout/9k46481757166360.png
L. Netz,https://r2.thesportsdb.com/images/media/player/cutout/1p983t1772031295.png
N. Savona,https://r2.thesportsdb.com/images/media/player/cutout/wpvj5s1757165034.png
M. Sels,https://r2.thesportsdb.com/images/media/player/cutout/wnmkve1757163210.png
J. Sinclair,https://r2.thesportsdb.com/images/media/player/cutout/8kf0x81607892695.png
C. Wood,https://r2.thesportsdb.com/images/media/player/cutout/03zmjz1757163261.png
R. Yates,https://www.thesportsdb.com/images/media/player/cutout/yh169f1778010811.png
O. Zinchenko,https://r2.thesportsdb.com/images/media/player/cutout/o7xcag1757165407.png
S. Adingra,https://r2.thesportsdb.com/images/media/player/cutout/rxw49v1762198657.png
O. Alderete,https://r2.thesportsdb.com/images/media/player/cutout/jny02g1756903939.png
N. Angulo,https://r2.thesportsdb.com/images/media/player/cutout/76002765.png
B. Brobbey,https://r2.thesportsdb.com/images/media/player/cutout/q3qz441762198721.png
M. Ellborg,https://r2.thesportsdb.com/images/media/player/cutout/lguqy91771970416.png
L. Geertruida,https://r2.thesportsdb.com/images/media/player/cutout/f72hv61762198555.png
L. Hjelde,https://r2.thesportsdb.com/images/media/player/cutout/ibuc2o1762198938.png
T. Hume,https://r2.thesportsdb.com/images/media/player/cutout/5101089.png
A. Masuaku,https://r2.thesportsdb.com/images/media/player/cutout/4lhdt21757073530.png
Eliezer Mayenda,https://r2.thesportsdb.com/images/media/player/cutout/g5icfr1756904169.png
N. Mukiele,https://r2.thesportsdb.com/images/media/player/cutout/xjtg471762198981.png
R. Mundle,https://r2.thesportsdb.com/images/media/player/cutout/b1rpog1757073112.png
D. Neil,https://r2.thesportsdb.com/images/media/player/cutout/6ubpcd1565877364.png
L. O'Nien,https://r2.thesportsdb.com/images/media/player/cutout/peadeh1757072711.png
Reinildo Mandava,https://r2.thesportsdb.com/images/media/player/cutout/5wryzn1757072739.png
C. Rigg,https://r2.thesportsdb.com/images/media/player/cutout/29003374.png
R. Roefs,https://r2.thesportsdb.com/images/media/player/cutout/2x3h7k1756903803.png
N. Sadiki,https://r2.thesportsdb.com/images/media/player/cutout/at6ofk1756903685.png
J. Seelt,https://r2.thesportsdb.com/images/media/player/cutout/vz2q9t1763669585.png
J. Whittaker,https://r2.thesportsdb.com/images/media/player/cutout/5200677.png
G. Xhaka,https://r2.thesportsdb.com/images/media/player/cutout/2xa5dp1756903726.png
Y. Akhamrich,https://r2.thesportsdb.com/images/media/player/thumb/j0udss1775221066.jpg
B. Austin,https://r2.thesportsdb.com/images/media/player/cutout/5oaasq1602514347.png
R. Bentancur,https://r2.thesportsdb.com/images/media/player/cutout/qfrqcq1757016565.png
L. Bergvall,https://r2.thesportsdb.com/images/media/player/cutout/6hbkx51757016291.png
Y. Bissouma,https://r2.thesportsdb.com/images/media/player/cutout/cr5c3b1757016090.png
K. Danso,https://r2.thesportsdb.com/images/media/player/cutout/unhinl1739274856.png
R. Drăgușin,https://r2.thesportsdb.com/images/media/player/cutout/kxqm2l1770893403.png
C. Gallagher,https://r2.thesportsdb.com/images/media/player/cutout/u0drxw1609883305.png
João Palhinha,https://r2.thesportsdb.com/images/media/player/cutout/o0ii6n1757016009.png
A. Kinský,https://r2.thesportsdb.com/images/media/player/cutout/t8e0xa1757016587.png
R. Kolo Muani,https://r2.thesportsdb.com/images/media/player/cutout/h89zyk1768679563.png
M. Kudus,https://r2.thesportsdb.com/images/media/player/cutout/5wk6s81757016366.png
J. Maddison,https://r2.thesportsdb.com/images/media/player/cutout/r9uosw1757016180.png
W. Odobert,https://r2.thesportsdb.com/images/media/player/cutout/h3sa3w1739275265.png
Pedro Porro,https://r2.thesportsdb.com/images/media/player/cutout/cy918t1762021683.png
Richarlison,https://r2.thesportsdb.com/images/media/player/cutout/qgim7p1757016148.png
X. Simons,https://r2.thesportsdb.com/images/media/player/cutout/3339.png
D. Solanke,https://r2.thesportsdb.com/images/media/player/cutout/e4lpxy1757016341.png
D. Spence,https://r2.thesportsdb.com/images/media/player/cutout/28006282.png
M. Tel,https://r2.thesportsdb.com/images/media/player/cutout/e8fzwk1632749038.png
D. Udogie,https://r2.thesportsdb.com/images/media/player/cutout/cduafm1757016239.png
L. Vušković,https://r2.thesportsdb.com/images/media/player/cutout/1shvna1763417170.png
M. van de Ven,https://r2.thesportsdb.com/images/media/player/cutout/wabel61728848748.png
N. Aguerd,https://r2.thesportsdb.com/images/media/player/cutout/aqw7ba1766151823.png
A. Areola,https://r2.thesportsdb.com/images/media/player/cutout/istdrx1756985080.png
A. Disasi,https://r2.thesportsdb.com/images/media/player/cutout/a3ytt11772141907.png
G. Earthy,https://www.thesportsdb.com/images/media/player/cutout/w6ols91776428912.png
Ł. Fabiański,https://r2.thesportsdb.com/images/media/player/cutout/pddh271772029736.png
N. Füllkrug,https://r2.thesportsdb.com/images/media/player/cutout/mnocti1773919754.png
M. Kilman,https://r2.thesportsdb.com/images/media/player/cutout/1ttexx1756984451.png
Lucas Paquetá,https://r2.thesportsdb.com/images/media/player/cutout/wz75kq1770378434.png
Luis Guilherme,https://r2.thesportsdb.com/images/media/player/cutout/5irf2a1756984890.png
S. Magassa,https://r2.thesportsdb.com/images/media/player/cutout/czkp211772133444.png
Mateus Fernandes,https://r2.thesportsdb.com/images/media/player/cutout/gd8frh1772133322.png
K. Mavropanos,https://r2.thesportsdb.com/images/media/player/cutout/qxf0gm1756984486.png
Pablo,https://r2.thesportsdb.com/images/media/player/cutout/wizsyf1557408017.png
F. Potts,https://r2.thesportsdb.com/images/media/player/cutout/fesmn31693931228.png
O. Scarles,https://r2.thesportsdb.com/images/media/player/cutout/ff8gko1756984612.png
T. Souček,https://r2.thesportsdb.com/images/media/player/cutout/5uxex61756984304.png
C. Summerville,https://r2.thesportsdb.com/images/media/player/cutout/b51rjk1756984653.png
J. Todibo,https://r2.thesportsdb.com/images/media/player/cutout/2azc1l1756984568.png
K. Walker-Peters,https://r2.thesportsdb.com/images/media/player/cutout/vfq1r41756984085.png
A. Wan-Bissaka,https://r2.thesportsdb.com/images/media/player/cutout/xdt9hb1756984581.png
E. Agbadou,https://r2.thesportsdb.com/images/media/player/cutout/vwlqq91756975538.png
J. Bellegarde,https://r2.thesportsdb.com/images/media/player/cutout/i0niw51756975825.png
D. Bentley,https://r2.thesportsdb.com/images/media/player/cutout/xt66781756975715.png
T. Chirewa,https://r2.thesportsdb.com/images/media/player/cutout/2lnm3i1755773202.png
M. Doherty,https://r2.thesportsdb.com/images/media/player/thumb/q2kdqn1545384865.jpg
K. Hoever,https://r2.thesportsdb.com/images/media/player/cutout/r6x9uk1755773619.png
Hugo Bueno,https://r2.thesportsdb.com/images/media/player/cutout/1thybn1755773104.png
Hwang Hee-Chan,https://r2.thesportsdb.com/images/media/player/cutout/917hke1756975302.png
João Gomes,https://r2.thesportsdb.com/images/media/player/cutout/u8mcha1756975493.png
S. Kalajdžić,https://r2.thesportsdb.com/images/media/player/cutout/3i5yu71769635904.png
Mateus Mané,https://r2.thesportsdb.com/images/media/player/cutout/rg4zmy1770477252.png
M. Munetsi,https://r2.thesportsdb.com/images/media/player/cutout/m43af41756975574.png
D. Møller Wolfe,https://r2.thesportsdb.com/images/media/player/cutout/4l6gxn1756975791.png
T. Ojinnaka,https://r2.thesportsdb.com/images/media/player/thumb/ivrav81774523105.jpg
S. Olagunju,https://r2.thesportsdb.com/images/media/player/thumb/t5ogbu1612302591.jpg
Pedro Lima,https://r2.thesportsdb.com/images/media/player/cutout/7jsbox1725565656.png
A. Pond,https://r2.thesportsdb.com/images/media/player/thumb/h2w3zw1560958382.jpg
Rodrigo Gomes,https://r2.thesportsdb.com/images/media/player/cutout/rcozo51725565201.png
S. Bueno,https://r2.thesportsdb.com/images/media/player/cutout/p3u6j01568219305.png
Toti Gomes,https://r2.thesportsdb.com/images/media/player/cutout/ceggls1756975343.png
Jesús Areso,https://r2.thesportsdb.com/images/media/player/cutout/kvjqqy1762285790.png
Yuri,https://r2.thesportsdb.com/images/media/player/thumb/890v461661499953.jpg
Alex Berenguer,https://r2.thesportsdb.com/images/media/player/cutout/2zraeh1603578286.png
Adama Boiro,https://r2.thesportsdb.com/images/media/player/cutout/sgupqu1725011239.png
Andoni Gorosabel,https://r2.thesportsdb.com/images/media/player/cutout/vyxfgp1762285880.png
Gorka Guruzeta,https://r2.thesportsdb.com/images/media/player/cutout/9jfb1f1678567636.png
Unai Gómez,https://r2.thesportsdb.com/images/media/player/cutout/97cfji1703241759.png
Mikel Jauregizar,https://r2.thesportsdb.com/images/media/player/cutout/rth02p1765728095.png
Aymeric Laporte,https://r2.thesportsdb.com/images/media/player/cutout/q4eqw31762285953.png
Íñigo Lekue,https://r2.thesportsdb.com/images/media/player/cutout/5uqrqr1629191047.png
Robert Navarro,https://r2.thesportsdb.com/images/media/player/cutout/izx04j1762285003.png
Nico Williams,https://r2.thesportsdb.com/images/media/player/cutout/8lg7941629190551.png
Aitor Paredes,https://r2.thesportsdb.com/images/media/player/cutout/l4n9kz1678568943.png
Beñat Prados,https://r2.thesportsdb.com/images/media/player/cutout/d9sf4b1712481765.png
Alejandro Rego,https://r2.thesportsdb.com/images/media/player/cutout/1ev66t1762357089.png
Íñigo Ruíz de Galarreta,https://r2.thesportsdb.com/images/media/player/cutout/j3b0zj1701165840.png
Oihan Sancet,https://r2.thesportsdb.com/images/media/player/cutout/btz7y21723745224.png
M. Sannadi,https://r2.thesportsdb.com/images/media/player/cutout/1qjb0i1762284472.png
Nico Serrano,https://r2.thesportsdb.com/images/media/player/cutout/4s222k1762284559.png
Unai Simón,https://r2.thesportsdb.com/images/media/player/cutout/6b7izw1603316358.png
Urko Izeta,https://r2.thesportsdb.com/images/media/player/cutout/f52kyg1762285639.png
Unai Vencedor,https://r2.thesportsdb.com/images/media/player/cutout/dp5nlb1762464223.png
Mikel Vesga,https://r2.thesportsdb.com/images/media/player/cutout/6awn5f1603316304.png
Dani Vivian,https://r2.thesportsdb.com/images/media/player/cutout/qlebqh1630064321.png
Yeray,https://r2.thesportsdb.com/images/media/player/cutout/zd83bd1603316255.png
Íñigo Arguibide,https://r2.thesportsdb.com/images/media/player/cutout/77kgpq1765727947.png
Kike Barja,https://r2.thesportsdb.com/images/media/player/cutout/c1mbbh1762531854.png
Iker Benito,https://r2.thesportsdb.com/images/media/player/cutout/kznzc01762531883.png
E. Boyomo,https://r2.thesportsdb.com/images/media/player/cutout/nomi891762531903.png
Abel Bretones,https://r2.thesportsdb.com/images/media/player/cutout/arkw9g1762531918.png
A. Budimir,https://r2.thesportsdb.com/images/media/player/cutout/8v3s2w1762531932.png
Alejandro Catena,https://r2.thesportsdb.com/images/media/player/cutout/l46ai51762531949.png
Aitor Fernández,https://r2.thesportsdb.com/images/media/player/cutout/9y4gxv1762531978.png
Javi Galán,https://r2.thesportsdb.com/images/media/player/cutout/t7oyth1775287660.png
Moi Gómez,https://r2.thesportsdb.com/images/media/player/cutout/dwld5v1762532025.png
Jorge Herrando,https://r2.thesportsdb.com/images/media/player/cutout/6k5hwx1762532042.png
Sergio Herrera,https://r2.thesportsdb.com/images/media/player/cutout/yem3jm1762531833.png
Iker Muñoz,https://r2.thesportsdb.com/images/media/player/cutout/6nl8h71762532092.png
Juan Cruz,https://r2.thesportsdb.com/images/media/player/cutout/zjtlf31762531963.png
Jon Moncayola,https://r2.thesportsdb.com/images/media/player/cutout/2jdd4v1762532076.png
Raúl Moro,https://r2.thesportsdb.com/images/media/player/cutout/9o2nyu1759697482.png
Aimar Oroz,https://r2.thesportsdb.com/images/media/player/cutout/2xy6bs1762532125.png
Asier Osambela,https://r2.thesportsdb.com/images/media/player/cutout/cbe8va1762532673.png
Raúl García,https://r2.thesportsdb.com/images/media/player/cutout/7ofqtd1603316386.png
Rubén García,https://r2.thesportsdb.com/images/media/player/cutout/a9huft1762531992.png
Lucas Torró,https://r2.thesportsdb.com/images/media/player/cutout/4c4e581762532167.png
Víctor Muñoz,https://r2.thesportsdb.com/images/media/player/cutout/im5had1649781655.png
Álex Baena,https://r2.thesportsdb.com/images/media/player/cutout/04ntmp1762890059.png
Pablo Barrios,https://r2.thesportsdb.com/images/media/player/cutout/6h070j1762288225.png
J. Cardoso,https://r2.thesportsdb.com/images/media/player/thumb/z012k41527496359.jpg
A. Griezmann,https://r2.thesportsdb.com/images/media/player/cutout/tiqhh41762288400.png
D. Hancko,https://r2.thesportsdb.com/images/media/player/cutout/4pa7qb1762288414.png
Koke,https://r2.thesportsdb.com/images/media/player/cutout/dy8l941762288151.png
I. Kostis,https://r2.thesportsdb.com/images/media/player/cutout/ky4dep1701175751.png
Robin Le Normand,https://r2.thesportsdb.com/images/media/player/cutout/ubsd6x1762288701.png
Marcos Llorente,https://r2.thesportsdb.com/images/media/player/cutout/god7pd1762288454.png
A. Lookman,https://r2.thesportsdb.com/images/media/player/cutout/wg0pod1772033492.png
Carlos Martín,https://r2.thesportsdb.com/images/media/player/thumb/etv8gj1504540222.jpg
Rodrigo Mendoza,https://r2.thesportsdb.com/images/media/player/cutout/qxbxie1762371952.png
N. Molina,https://r2.thesportsdb.com/images/media/player/cutout/wjk4ta1607356229.png
J. Musso,https://r2.thesportsdb.com/images/media/player/cutout/401mle1762287491.png
J. Oblak,https://r2.thesportsdb.com/images/media/player/cutout/akfmb31762287556.png
Marc Pubill,https://r2.thesportsdb.com/images/media/player/cutout/jf6st71762288533.png
G. Raspadori,https://r2.thesportsdb.com/images/media/player/cutout/i9aw1q1762288549.png
M. Ruggeri,https://r2.thesportsdb.com/images/media/player/cutout/a9q51s1762890169.png
Javi Serrano,https://r2.thesportsdb.com/images/media/player/cutout/sh8uzo1735982370.png
G. Simeone,https://r2.thesportsdb.com/images/media/player/cutout/3xg9gq1534530862.png
A. Sørloth,https://r2.thesportsdb.com/images/media/player/cutout/v3of4b1762288730.png
Mario de Luis,https://r2.thesportsdb.com/images/media/player/cutout/56sxws1738927037.png
Carles Aleñá,https://r2.thesportsdb.com/images/media/player/cutout/oczfaa1762352890.png
Calebe,https://r2.thesportsdb.com/images/media/player/cutout/hz3vkp1762352869.png
F. Garcés,https://r2.thesportsdb.com/images/media/player/cutout/7s762i1735982451.png
Ander Guevara,https://r2.thesportsdb.com/images/media/player/cutout/2ii98u1762353111.png
Jon Guridi,https://r2.thesportsdb.com/images/media/player/cutout/8kw2m71762353127.png
Pablo Ibáñez,https://r2.thesportsdb.com/images/media/player/cutout/v1gdtw1762353143.png
Jonny,https://r2.thesportsdb.com/images/media/player/cutout/2myjlk1738528074.png
N. Maraš,https://r2.thesportsdb.com/images/media/player/cutout/lsyg3p1762353158.png
Toni Martínez,https://r2.thesportsdb.com/images/media/player/cutout/c81san1762353174.png
Jon Pacheco,https://r2.thesportsdb.com/images/media/player/cutout/5mdt631762353203.png
Víctor Parada,https://r2.thesportsdb.com/images/media/player/cutout/eb3lni1762353219.png
A. Rebbach,https://r2.thesportsdb.com/images/media/player/cutout/i0pbb91762353233.png
Paco Sanz,https://r2.thesportsdb.com/images/media/player/cutout/l4nb3o1735882180.png
Antonio Sivera,https://r2.thesportsdb.com/images/media/player/cutout/hvxr0m1762353247.png
Denis Suárez,https://r2.thesportsdb.com/images/media/player/cutout/2ai3jh1762353262.png
G. Świderski,https://r2.thesportsdb.com/images/media/player/cutout/49nz041727967369.png
N. Tenaglia,https://r2.thesportsdb.com/images/media/player/cutout/v8vz801762353281.png
Carlos Vicente,https://r2.thesportsdb.com/images/media/player/cutout/buck4g1776170944.png
D. Affengruber,https://r2.thesportsdb.com/images/media/player/cutout/cbj56y1762371666.png
Marc Aguado,https://r2.thesportsdb.com/images/media/player/cutout/q8ijh01762371681.png
André Silva,https://r2.thesportsdb.com/images/media/player/cutout/54m50a1762372190.png
Pedro Bigas,https://r2.thesportsdb.com/images/media/player/cutout/qa9a2k1762371698.png
L. Cepeda,https://r2.thesportsdb.com/images/media/player/cutout/diyx0g1696257376.png
Víctor Chust,https://r2.thesportsdb.com/images/media/player/cutout/ohkczz1762371744.png
Bambo Diaby,https://r2.thesportsdb.com/images/media/player/cutout/s2jvgx1762371759.png
G. Diangana,https://r2.thesportsdb.com/images/media/player/cutout/3yrrpm1762371778.png
M. Dituro,https://r2.thesportsdb.com/images/media/player/cutout/aw499p1762371881.png
John Donald,https://r2.thesportsdb.com/images/media/player/cutout/6dbuj51762371900.png
Aleix Febas,https://r2.thesportsdb.com/images/media/player/cutout/cy9onr1762371915.png
Héctor Fort,https://r2.thesportsdb.com/images/media/player/cutout/x1ag1j1762371932.png
Alejandro Iturbe,https://r2.thesportsdb.com/images/media/player/cutout/471t3s1762372540.png
Jairo Izquierdo,https://r2.thesportsdb.com/images/media/player/cutout/wysmuw1610032955.png
Josan,https://r2.thesportsdb.com/images/media/player/cutout/4k1hs11762371637.png
Martim Neto,https://r2.thesportsdb.com/images/media/player/cutout/8ourx71762371984.png
Rafa Mir,https://r2.thesportsdb.com/images/media/player/cutout/ygsq5j1762371967.png
Adrià Pedrosa,https://r2.thesportsdb.com/images/media/player/cutout/mvx41a1762372029.png
Iñaki Peña,https://r2.thesportsdb.com/images/media/player/cutout/qia5h11762894216.png
L. Pétrot,https://r2.thesportsdb.com/images/media/player/cutout/n2c8rz1762372122.png
F. Redondo,https://r2.thesportsdb.com/images/media/player/thumb/rwzqc11490293371.jpg
Buba Sangaré,https://r2.thesportsdb.com/images/media/player/cutout/y3ohxy1775221079.png
Yago Santiago,https://r2.thesportsdb.com/images/media/player/cutout/bhgrxm1762372175.png
B. Sina,https://r2.thesportsdb.com/images/media/player/cutout/rsqpyt1431829275.png
Tete Morente,https://r2.thesportsdb.com/images/media/player/cutout/9qi4wh1775221164.png
Germán Valera,https://r2.thesportsdb.com/images/media/player/cutout/cjgs781762372211.png
Gonzalo Villar,https://r2.thesportsdb.com/images/media/player/cutout/qbgp0q1701098354.png
Alex Sánchez,https://r2.thesportsdb.com/images/media/player/cutout/6bj5hk1762860338.png
Álvaro Núñez,https://r2.thesportsdb.com/images/media/player/cutout/rly9ti1762372000.png
Alejandro Balde,https://r2.thesportsdb.com/images/media/player/cutout/ix83yt1768321088.png
R. Bardghji,https://r2.thesportsdb.com/images/media/player/cutout/4abp571768321270.png
Marc Bernal,https://r2.thesportsdb.com/images/media/player/cutout/wm6np51768321476.png
Marc Casadó,https://r2.thesportsdb.com/images/media/player/cutout/ocpyt41768321624.png
Pau Cubarsí,https://r2.thesportsdb.com/images/media/player/cutout/tynei31768321729.png
Eric García,https://r2.thesportsdb.com/images/media/player/cutout/agfrk61726510225.png
Gavi,https://r2.thesportsdb.com/images/media/player/cutout/29005498.png
Guille Fernández,https://r2.thesportsdb.com/images/media/player/cutout/wi5jmr1763640546.png
Juan Hernández,https://r2.thesportsdb.com/images/media/player/cutout/ka5s791688157469.png
Joan García,https://r2.thesportsdb.com/images/media/player/cutout/236o4b1762289648.png
João Cancelo,https://r2.thesportsdb.com/images/media/player/cutout/zqjhte1771260324.png
D. Kochen,https://r2.thesportsdb.com/images/media/player/cutout/ojkmez1622467271.png
J. Koundé,https://r2.thesportsdb.com/images/media/player/cutout/qea88i1726509803.png
Lamine Yamal,https://r2.thesportsdb.com/images/media/player/cutout/m9n4ja1761512633.png
R. Lewandowski,https://r2.thesportsdb.com/images/media/player/cutout/xg2rl51762289740.png
Fermín López,https://r2.thesportsdb.com/images/media/player/cutout/4skahz1761512602.png
Gerard Martín,https://r2.thesportsdb.com/images/media/player/cutout/4vmjjk1688292218.png
Dani Olmo,https://r2.thesportsdb.com/images/media/player/cutout/s9hzoh1725611346.png
Pedri,https://r2.thesportsdb.com/images/media/player/cutout/srwppu1424795582.png
Raphinha,https://r2.thesportsdb.com/images/media/player/cutout/w94spe1726510018.png
M. Rashford,https://r2.thesportsdb.com/images/media/player/cutout/soi5zw1761512565.png
W. Szczęsny,https://r2.thesportsdb.com/images/media/player/cutout/f6c4oc1762289852.png
Ferran Torres,https://r2.thesportsdb.com/images/media/player/cutout/feey201726510461.png
M. ter Stegen,https://r2.thesportsdb.com/images/media/player/cutout/9w51mf1775286949.png
A. Abqar,https://r2.thesportsdb.com/images/media/player/cutout/uiowo81762430047.png
M. Aleksandrov,https://r2.thesportsdb.com/images/media/player/cutout/v9n07s1691901820.png
Alex Sancris,https://r2.thesportsdb.com/images/media/player/cutout/k9vef81762430342.png
M. Arambarri,https://r2.thesportsdb.com/images/media/player/cutout/8jsu4d1762430064.png
V. Birmančević,https://r2.thesportsdb.com/images/media/player/cutout/vcjxak1681644235.png
S. Boselli,https://r2.thesportsdb.com/images/media/player/thumb/8uphmk1611715604.jpg
Damián,https://r2.thesportsdb.com/images/media/player/cutout/2x2wiu1678795796.png
D. Dakonam,https://r2.thesportsdb.com/images/media/player/cutout/0wj1jc1762427950.png
Davinchi,https://r2.thesportsdb.com/images/media/player/cutout/k2xpzy1775286249.png
Domingos Duarte,https://r2.thesportsdb.com/images/media/player/cutout/n1jkyk1762430094.png
Kiko Femenía,https://r2.thesportsdb.com/images/media/player/cutout/6x06cc1762430119.png
Juan Iglesias,https://r2.thesportsdb.com/images/media/player/cutout/l2zu1b1762430136.png
Juanmi,https://r2.thesportsdb.com/images/media/player/cutout/03ywip1762427931.png
J. Letáček,https://r2.thesportsdb.com/images/media/player/cutout/f2q80k1762430173.png
Adrián Liso,https://r2.thesportsdb.com/images/media/player/cutout/04i9yg1762430193.png
Borja Mayoral,https://r2.thesportsdb.com/images/media/player/cutout/8qmcdk1762430228.png
Luis Milla,https://r2.thesportsdb.com/images/media/player/cutout/zokizh1762430242.png
Y. Neyou,https://r2.thesportsdb.com/images/media/player/cutout/4ef4s51762430284.png
A. Nyom,https://r2.thesportsdb.com/images/media/player/cutout/rxrol41762430305.png
Diego Rico,https://r2.thesportsdb.com/images/media/player/cutout/0xyt2d1762430322.png
M. Satriano,https://r2.thesportsdb.com/images/media/player/cutout/djr36n1775285956.png
Álex Sola,https://r2.thesportsdb.com/images/media/player/cutout/rnagnb1723878159.png
David Soria,https://r2.thesportsdb.com/images/media/player/cutout/ojfc3a1762430359.png
Coba da Costa,https://r2.thesportsdb.com/images/media/player/cutout/r24x161762430079.png
J. Arango,https://r2.thesportsdb.com/images/media/player/cutout/jtxfa31766432839.png
Ricard Artero,https://r2.thesportsdb.com/images/media/player/cutout/qzdh5a1701167408.png
Y. Asprilla,https://r2.thesportsdb.com/images/media/player/cutout/1m26us1684921716.png
Fran Beltrán,https://r2.thesportsdb.com/images/media/player/cutout/ckri231775286888.png
Rubén Blanco,https://r2.thesportsdb.com/images/media/player/cutout/3s041m1766152345.png
D. Blind,https://r2.thesportsdb.com/images/media/player/cutout/yf2m511762457072.png
Alejandro Francés,https://r2.thesportsdb.com/images/media/player/cutout/eo8j0n1762457102.png
P. Gazzaniga,https://r2.thesportsdb.com/images/media/player/cutout/a1fzdh1762457122.png
Bryan Gil,https://r2.thesportsdb.com/images/media/player/cutout/c6wknd1762457138.png
Y. Herrera,https://r2.thesportsdb.com/images/media/player/cutout/lkqlc31750041108.png
Juan Carlos,https://r2.thesportsdb.com/images/media/player/thumb/rvqxxs1471552793.jpg
V. Krapyvtsov,https://r2.thesportsdb.com/images/media/player/cutout/znd03b1762457160.png
T. Lemar,https://r2.thesportsdb.com/images/media/player/cutout/sa32de1762457174.png
D. Livaković,https://r2.thesportsdb.com/images/media/player/cutout/pp3yab1762457197.png
Iván Martín,https://r2.thesportsdb.com/images/media/player/cutout/2j1ov11762457230.png
Arnau Martínez,https://r2.thesportsdb.com/images/media/player/cutout/01gfcq1762457247.png
B. Miovski,https://www.thesportsdb.com/images/media/player/cutout/40h2z61777017176.png
Álex Moreno,https://r2.thesportsdb.com/images/media/player/cutout/6il29p1762457265.png
A. Ounahi,https://r2.thesportsdb.com/images/media/player/cutout/bqjrxp1762457280.png
Portu,https://r2.thesportsdb.com/images/media/player/cutout/0ywhb31762457020.png
Hugo Rincón,https://r2.thesportsdb.com/images/media/player/cutout/n0eo721762457610.png
Joel Roca,https://r2.thesportsdb.com/images/media/player/cutout/jfk7an1762457346.png
Abel Ruiz,https://r2.thesportsdb.com/images/media/player/cutout/pz5uuz1762457364.png
C. Stuani,https://r2.thesportsdb.com/images/media/player/cutout/8ng6ek1762457398.png
V. Vanat,https://r2.thesportsdb.com/images/media/player/cutout/9iahxd1762457446.png
Vitor Reis,https://r2.thesportsdb.com/images/media/player/cutout/3j0alo1762457301.png
A. Witsel,https://r2.thesportsdb.com/images/media/player/cutout/13uvke1762457461.png
D. van de Beek,https://r2.thesportsdb.com/images/media/player/cutout/x2wbqp1701269699.png
T. Abed,https://r2.thesportsdb.com/images/media/player/cutout/2mkknd1629291016.png
Roger Brugué,https://r2.thesportsdb.com/images/media/player/cutout/oljrli1762463787.png
Jorge Cabello,https://r2.thesportsdb.com/images/media/player/cutout/wk0erw1762463801.png
Pablo Cuñat,https://r2.thesportsdb.com/images/media/player/cutout/rs8h3k1762463835.png
Unai Elgezabal,https://r2.thesportsdb.com/images/media/player/cutout/7l2snd1762463849.png
K. Etta Eyong,https://r2.thesportsdb.com/images/media/player/cutout/6jh3sn1762463882.png
Víctor García,https://r2.thesportsdb.com/images/media/player/cutout/8lmp3w1762463940.png
G. Koyalipou,https://r2.thesportsdb.com/images/media/player/cutout/ogpqzs1762463955.png
Iker Losada,https://r2.thesportsdb.com/images/media/player/cutout/tg2ff41762463971.png
Pablo Martínez,https://r2.thesportsdb.com/images/media/player/cutout/4ga37s1609095549.png
A. Matturro,https://r2.thesportsdb.com/images/media/player/cutout/wow2t61762464004.png
José Luis Morales,https://r2.thesportsdb.com/images/media/player/cutout/ukmqqd1762464026.png
Jon Olasagasti,https://r2.thesportsdb.com/images/media/player/cutout/61byu01762464097.png
Diego Pampín,https://r2.thesportsdb.com/images/media/player/cutout/mahyhz1762464117.png
U. Raghouber,https://r2.thesportsdb.com/images/media/player/cutout/inf8rh1775288485.png
Oriol Rey,https://r2.thesportsdb.com/images/media/player/cutout/rpjeqa1762464130.png
Iván Romero,https://r2.thesportsdb.com/images/media/player/cutout/jiyb2t1762464149.png
M. Ryan,https://r2.thesportsdb.com/images/media/player/cutout/tuqqww1432688237.png
Manu Sánchez,https://r2.thesportsdb.com/images/media/player/cutout/8185dk1762464182.png
J. Toljan,https://r2.thesportsdb.com/images/media/player/cutout/rd4afv1762464201.png
Kareem Tunde,https://r2.thesportsdb.com/images/media/player/cutout/qnvz0g1767868800.png
Adrián de la Fuente,https://r2.thesportsdb.com/images/media/player/cutout/mgbfe31762463927.png
Carlos Álvarez,https://r2.thesportsdb.com/images/media/player/cutout/bt2no81762463748.png
I. Akhomach,https://r2.thesportsdb.com/images/media/player/cutout/ngqrqj1762888704.png
Alemão,https://r2.thesportsdb.com/images/media/player/cutout/czp23v1762549537.png
I. Balliu,https://r2.thesportsdb.com/images/media/player/cutout/2vvzwx1762549558.png
Sergio Camello,https://r2.thesportsdb.com/images/media/player/cutout/5qk8rd1762549598.png
Pep Chavarría,https://r2.thesportsdb.com/images/media/player/cutout/wnxpya1762549628.png
Dani Cárdenas,https://r2.thesportsdb.com/images/media/player/cutout/w7wjo31762549613.png
Pedro Díaz,https://r2.thesportsdb.com/images/media/player/cutout/5894461762549662.png
Álvaro García,https://r2.thesportsdb.com/images/media/player/cutout/5x8zh31762549754.png
Gerard Gumbau,https://r2.thesportsdb.com/images/media/player/cutout/moayvs1762549769.png
Luiz Felipe,https://r2.thesportsdb.com/images/media/player/cutout/9puzif1762549716.png
Unai López,https://r2.thesportsdb.com/images/media/player/cutout/i3qyea1762549812.png
Isi Palazón,https://r2.thesportsdb.com/images/media/player/cutout/iq3dzl1762549895.png
Randy Nteka,https://r2.thesportsdb.com/images/media/player/cutout/ndv5u91762549873.png
A. Rațiu,https://r2.thesportsdb.com/images/media/player/cutout/cs043n1762549932.png
Ó. Trejo,https://r2.thesportsdb.com/images/media/player/cutout/19bu781762549985.png
Óscar Valentín,https://r2.thesportsdb.com/images/media/player/cutout/oipi571762549970.png
J. Vertrouwd,https://r2.thesportsdb.com/images/media/player/cutout/sjx6gt1762550000.png
Jorge de Frutos,https://r2.thesportsdb.com/images/media/player/cutout/64723l1762549730.png
Adrián,https://r2.thesportsdb.com/images/media/player/cutout/6k8adr1577825850.png
Sergi Altimira,https://r2.thesportsdb.com/images/media/player/cutout/3mdhc41762602830.png
Antony,https://r2.thesportsdb.com/images/media/player/thumb/olw7ts1653164187.jpg
C. Bakambu,https://r2.thesportsdb.com/images/media/player/cutout/y4468m1762602877.png
Marc Bartra,https://r2.thesportsdb.com/images/media/player/cutout/hfpkr51762602891.png
Héctor Bellerín,https://r2.thesportsdb.com/images/media/player/cutout/s9bg2m1762602906.png
N. Deossa,https://r2.thesportsdb.com/images/media/player/cutout/vlvlt21762602938.png
A. Ezzalzouli,https://r2.thesportsdb.com/images/media/player/cutout/c7fznc1762602800.png
Á. Fidalgo,https://r2.thesportsdb.com/images/media/player/cutout/hcx8an1750328188.png
J. Firpo,https://r2.thesportsdb.com/images/media/player/cutout/gj251x1762602955.png
Pablo Fornals,https://r2.thesportsdb.com/images/media/player/cutout/07ezrh1762602970.png
Isco,https://r2.thesportsdb.com/images/media/player/cutout/rf8fcr1762603356.png
Diego Llorente,https://r2.thesportsdb.com/images/media/player/cutout/b3medr1762603041.png
G. Lo Celso,https://r2.thesportsdb.com/images/media/player/cutout/79004618.png
Pau López,https://r2.thesportsdb.com/images/media/player/cutout/zexyoj1762603058.png
Natan,https://r2.thesportsdb.com/images/media/player/cutout/gi059x1762602815.png
Ángel Ortiz,https://r2.thesportsdb.com/images/media/player/cutout/y44ya31764677551.png
Dani Pérez,https://r2.thesportsdb.com/images/media/player/cutout/6e3yjz1623844585.png
Rodrigo Riquelme,https://r2.thesportsdb.com/images/media/player/cutout/ywns2y1762603075.png
Marc Roca,https://r2.thesportsdb.com/images/media/player/cutout/t26mf01762603090.png
Aitor Ruibal,https://r2.thesportsdb.com/images/media/player/cutout/fivj6m1762603121.png
Álvaro Valles,https://r2.thesportsdb.com/images/media/player/cutout/y059sw1762603136.png
J. Aidoo,https://r2.thesportsdb.com/images/media/player/cutout/z2lfy11762292030.png
Marcos Alonso,https://r2.thesportsdb.com/images/media/player/cutout/zlqkl61762291947.png
Sergio Carreira,https://r2.thesportsdb.com/images/media/player/cutout/n22ijk1724495042.png
F. Cervi,https://r2.thesportsdb.com/images/media/player/cutout/6jefdv1631525104.png
Damián Rodríguez,https://r2.thesportsdb.com/images/media/player/cutout/my0qcd1724177785.png
Carlos Domínguez,https://r2.thesportsdb.com/images/media/player/cutout/g78ly81724492381.png
Pablo Durán,https://r2.thesportsdb.com/images/media/player/cutout/2xq5001724494061.png
Manu Fernández,https://r2.thesportsdb.com/images/media/player/thumb/si3nam1652864603.jpg
Hugo González,https://www.thesportsdb.com/images/media/player/cutout/4oj8mg1776412521.png
Borja Iglesias,https://r2.thesportsdb.com/images/media/player/cutout/mrr5cf1724495214.png
I. Moriba,https://r2.thesportsdb.com/images/media/player/cutout/ag1ocr1724495141.png
Javi Rodríguez,https://r2.thesportsdb.com/images/media/player/cutout/nke2ne1724492957.png
Ferran Jutglà,https://r2.thesportsdb.com/images/media/player/cutout/6qjotl1762292254.png
Yoel Lago,https://r2.thesportsdb.com/images/media/player/cutout/9101na1767872148.png
Óscar Mingueza,https://r2.thesportsdb.com/images/media/player/cutout/kkp6431724492127.png
M. Ristić,https://r2.thesportsdb.com/images/media/player/cutout/lu419s1724492190.png
Miguel Román,https://r2.thesportsdb.com/images/media/player/cutout/9vayps1762292433.png
Javi Rueda,https://r2.thesportsdb.com/images/media/player/cutout/vptiua1762292520.png
Hugo Sotelo,https://r2.thesportsdb.com/images/media/player/cutout/mr9t9b1762292602.png
C. Starfelt,https://r2.thesportsdb.com/images/media/player/cutout/c4lvf91724492100.png
W. Swedberg,https://r2.thesportsdb.com/images/media/player/cutout/92c9sy1724492478.png
M. Vecino,https://r2.thesportsdb.com/images/media/player/cutout/9abf141775220286.png
Iván Villar,https://r2.thesportsdb.com/images/media/player/cutout/gfxut51762292758.png
Bryan Zaragoza,https://www.thesportsdb.com/images/media/player/cutout/s8qwqh1777708703.png
Hugo Álvarez,https://r2.thesportsdb.com/images/media/player/cutout/vjcjaz1724492291.png
T. Asano,https://r2.thesportsdb.com/images/media/player/cutout/eeo78f1762524065.png
L. Bergström,https://r2.thesportsdb.com/images/media/player/cutout/bsrcys1718821151.png
Sergi Darder,https://r2.thesportsdb.com/images/media/player/cutout/x72yuz1762524128.png
Marc Domenech,https://r2.thesportsdb.com/images/media/player/cutout/hn52bt1762525986.png
Mateo Joseph,https://r2.thesportsdb.com/images/media/player/cutout/pu0xnb1762524142.png
J. Kalumba,https://r2.thesportsdb.com/images/media/player/cutout/g1ql7u1765914590.png
M. Kumbulla,https://r2.thesportsdb.com/images/media/player/cutout/p1cz211762524158.png
Javi Llabrés,https://r2.thesportsdb.com/images/media/player/cutout/aj7vqe1762524186.png
Pablo Maffeo,https://r2.thesportsdb.com/images/media/player/cutout/r9x67e1762524217.png
Omar Mascarell,https://r2.thesportsdb.com/images/media/player/cutout/h64ey21762524238.png
J. Mojica,https://r2.thesportsdb.com/images/media/player/cutout/8uf3w61762524256.png
Mateu Morey,https://r2.thesportsdb.com/images/media/player/cutout/4h11qs1762524449.png
Manu Morlanes,https://r2.thesportsdb.com/images/media/player/cutout/kev3rg1762524478.png
V. Muriqi,https://r2.thesportsdb.com/images/media/player/cutout/4hf9ss1762524494.png
Pichu,https://r2.thesportsdb.com/images/media/player/cutout/ssspwt1472818332.png
Abdón Prats,https://r2.thesportsdb.com/images/media/player/cutout/jcq7461762524845.png
Antonio Raíllo,https://r2.thesportsdb.com/images/media/player/cutout/o6m1v11762524528.png
Dani Rodríguez,https://r2.thesportsdb.com/images/media/player/cutout/81vu9v1762524543.png
Leo Román,https://r2.thesportsdb.com/images/media/player/cutout/2a9aq81762524040.png
Samú Costa,https://r2.thesportsdb.com/images/media/player/cutout/6unh1d1762524094.png
Antonio Sánchez,https://r2.thesportsdb.com/images/media/player/cutout/t41w8i1762524569.png
Toni Lato,https://r2.thesportsdb.com/images/media/player/cutout/o59k7q1762524171.png
Pablo Torre,https://r2.thesportsdb.com/images/media/player/cutout/mn5p7a1762524584.png
M. Valjent,https://r2.thesportsdb.com/images/media/player/cutout/8g1xm61762524600.png
Jan Virgili,https://r2.thesportsdb.com/images/media/player/cutout/1iflze1762524616.png
R. Vlad,https://r2.thesportsdb.com/images/media/player/cutout/8f4i3e1679054734.png
Zito Luvumbo,https://r2.thesportsdb.com/images/media/player/cutout/l8i0ku1775288106.png
Diego Aguado,https://r2.thesportsdb.com/images/media/player/cutout/nxzc931736244038.png
D. Alaba,https://r2.thesportsdb.com/images/media/player/cutout/zxblp31733653341.png
T. Alexander-Arnold,https://r2.thesportsdb.com/images/media/player/cutout/rw1mkk1750271928.png
Raúl Asencio,https://r2.thesportsdb.com/images/media/player/cutout/7pk52z1768499125.png
J. Bellingham,https://r2.thesportsdb.com/images/media/player/cutout/trk5271750271712.png
E. Camavinga,https://r2.thesportsdb.com/images/media/player/cutout/viijpx1733653403.png
Álvaro Carreras,https://r2.thesportsdb.com/images/media/player/cutout/da827m1761512048.png
Dani Carvajal,https://r2.thesportsdb.com/images/media/player/cutout/k510z81733653425.png
Dani Ceballos,https://r2.thesportsdb.com/images/media/player/cutout/3sfut21733653448.png
Cestero,https://r2.thesportsdb.com/images/media/player/cutout/x5emur1768499059.png
T. Courtois,https://r2.thesportsdb.com/images/media/player/cutout/592mar1733653475.png
Brahim Díaz,https://r2.thesportsdb.com/images/media/player/cutout/civrzg1733653256.png
Endrick,https://r2.thesportsdb.com/images/media/player/cutout/5yb3rv1733653315.png
A. Güler,https://r2.thesportsdb.com/images/media/player/cutout/lwnog21768499165.png
Dean Huijsen,https://r2.thesportsdb.com/images/media/player/cutout/q8c1d51750271791.png
A. Lunin,https://r2.thesportsdb.com/images/media/player/cutout/1gwc7n1733653560.png
F. Mastantuono,https://r2.thesportsdb.com/images/media/player/cutout/pgq83k1762604333.png
Sergio Mestre,https://r2.thesportsdb.com/images/media/player/cutout/67rocf1740595080.png
Thiago Pitarch,https://r2.thesportsdb.com/images/media/player/cutout/4hf47m1765999374.png
Rodrygo,https://r2.thesportsdb.com/images/media/player/cutout/uzoghw1733653286.png
A. Rüdiger,https://r2.thesportsdb.com/images/media/player/cutout/ftp1ci1733653186.png
A. Tchouaméni,https://r2.thesportsdb.com/images/media/player/cutout/4o417k1733653668.png
Valde,https://r2.thesportsdb.com/images/media/player/cutout/ssyyyv1432697394.png
Vinícius Júnior,https://r2.thesportsdb.com/images/media/player/cutout/ejuxsh1750271859.png
Manuel Ángel,https://r2.thesportsdb.com/images/media/player/cutout/7znwr31738925538.png
Éder Militão,https://r2.thesportsdb.com/images/media/player/cutout/ecdm8b1733653628.png
Lucas Ahijado,https://r2.thesportsdb.com/images/media/player/cutout/uqr5za1762619918.png
R. Alhassane,https://r2.thesportsdb.com/images/media/player/cutout/ea05d41762619935.png
E. Bailly,https://r2.thesportsdb.com/images/media/player/cutout/v9lz9r1762619951.png
T. Borbas,https://r2.thesportsdb.com/images/media/player/cutout/nuv84r1766833883.png
J. Brekalo,https://r2.thesportsdb.com/images/media/player/cutout/8h69w71773085255.png
Dani Calvo,https://r2.thesportsdb.com/images/media/player/cutout/f599ez1762619966.png
Santi Cazorla,https://r2.thesportsdb.com/images/media/player/cutout/gi4lib1762620312.png
I. Chaira,https://r2.thesportsdb.com/images/media/player/cutout/jo3z081762199721.png
S. Colombatto,https://r2.thesportsdb.com/images/media/player/cutout/cnvf2v1762199603.png
David Costas,https://r2.thesportsdb.com/images/media/player/cutout/eavsq11762199153.png
David Carmo,https://r2.thesportsdb.com/images/media/player/cutout/bj0ys01762620189.png
L. Dendoncker,https://r2.thesportsdb.com/images/media/player/cutout/4h8co01762199573.png
B. Dominguès,https://r2.thesportsdb.com/images/media/player/cutout/s14pfp1762620333.png
O. Ejaria,https://r2.thesportsdb.com/images/media/player/cutout/xhae7i1762620350.png
Aarón Escandell,https://r2.thesportsdb.com/images/media/player/cutout/gapcjy1762620371.png
Álex Forés,https://r2.thesportsdb.com/images/media/player/cutout/2q0xnn1762620384.png
Oier Luengo,https://r2.thesportsdb.com/images/media/player/cutout/00mga81762620450.png
Javi López,https://r2.thesportsdb.com/images/media/player/cutout/b5mtul1762199695.png
Alberto Reina,https://r2.thesportsdb.com/images/media/player/cutout/oux58h1762199306.png
S. Rondón,https://r2.thesportsdb.com/images/media/player/cutout/cq1lnb1762199430.png
K. Sibo,https://r2.thesportsdb.com/images/media/player/thumb/hx2e811649419023.jpg
Nacho Vidal,https://r2.thesportsdb.com/images/media/player/cutout/d3ykc41762199750.png
F. Viñas,https://r2.thesportsdb.com/images/media/player/cutout/j83sru1762199495.png
Ander Barrenetxea,https://r2.thesportsdb.com/images/media/player/cutout/3j5w1b1762709709.png
D. Ćaleta-Car,https://r2.thesportsdb.com/images/media/player/cutout/625eso1762709855.png
Aritz Elustondo,https://r2.thesportsdb.com/images/media/player/cutout/hxyw2e1762708971.png
Gonçalo Guedes,https://r2.thesportsdb.com/images/media/player/cutout/75dldp1762709030.png
Jon Gorrotxategi,https://r2.thesportsdb.com/images/media/player/cutout/6dhju61762709003.png
Mikel Goti,https://r2.thesportsdb.com/images/media/player/cutout/imx9c91762709015.png
Sergio Gómez,https://r2.thesportsdb.com/images/media/player/cutout/3orm701762708989.png
Jon Karrikaburu,https://r2.thesportsdb.com/images/media/player/cutout/0o1a2s1762709061.png
T. Kubo,https://r2.thesportsdb.com/images/media/player/cutout/otbgge1766512213.png
Unai Marrero,https://r2.thesportsdb.com/images/media/player/cutout/r93iwc1762709126.png
Jon Martín,https://r2.thesportsdb.com/images/media/player/cutout/dfwqwc1702291478.png
Pablo Marín,https://r2.thesportsdb.com/images/media/player/cutout/8farnp1762709111.png
Aihen Muñoz,https://r2.thesportsdb.com/images/media/player/cutout/8sqgcy1762709191.png
Brais Méndez,https://r2.thesportsdb.com/images/media/player/cutout/v6hbuh1762709173.png
Álvaro Odriozola,https://r2.thesportsdb.com/images/media/player/cutout/44p8ev1762709209.png
Mikel Oyarzabal,https://r2.thesportsdb.com/images/media/player/cutout/9apeaz1762709253.png
Álex Remiro,https://r2.thesportsdb.com/images/media/player/cutout/btow4b1762709273.png
U. Sadiq,https://r2.thesportsdb.com/images/media/player/cutout/iuqq821762709288.png
Beñat Turrientes,https://r2.thesportsdb.com/images/media/player/cutout/54xib71762709335.png
Urko González de Zárate,https://r2.thesportsdb.com/images/media/player/cutout/8lz5f01762378979.png
A. Zakharyan,https://r2.thesportsdb.com/images/media/player/cutout/xcm9ol1762709350.png
Igor Zubeldia,https://r2.thesportsdb.com/images/media/player/cutout/67cg271762709372.png
O. Óskarsson,https://r2.thesportsdb.com/images/media/player/cutout/1bre3j1762709225.png
L. Cabrera,https://r2.thesportsdb.com/images/media/player/cutout/jzlbpz1762378485.png
Fernando Calero,https://r2.thesportsdb.com/images/media/player/cutout/agnza91762378508.png
Jofre Carreras,https://r2.thesportsdb.com/images/media/player/cutout/00dmbe1762378538.png
M. Dmitrović,https://r2.thesportsdb.com/images/media/player/cutout/g398z51762378552.png
T. Dolan,https://r2.thesportsdb.com/images/media/player/thumb/yvgxle1545504115.jpg
O. El Hilali,https://r2.thesportsdb.com/images/media/player/cutout/48gib61639425426.png
Edu Expósito,https://r2.thesportsdb.com/images/media/player/cutout/0fqi6y1762378582.png
Ángel Fortuño,https://r2.thesportsdb.com/images/media/player/cutout/tpako91762378701.png
Kike García,https://r2.thesportsdb.com/images/media/player/cutout/4ha4601762378719.png
L. Koleosho,https://r2.thesportsdb.com/images/media/player/cutout/3wniem1762378768.png
Pol Lozano,https://r2.thesportsdb.com/images/media/player/cutout/psw6hp1762378783.png
Pere Milla,https://r2.thesportsdb.com/images/media/player/cutout/v4jpac1762378805.png
C. Ngonge,https://r2.thesportsdb.com/images/media/player/cutout/mu8vhd1758814013.png
C. Pickel,https://r2.thesportsdb.com/images/media/player/cutout/6yag2x1762378828.png
Javi Puado,https://r2.thesportsdb.com/images/media/player/cutout/7d7rl11762378846.png
C. Riedel,https://r2.thesportsdb.com/images/media/player/cutout/hpqhcu1762378862.png
Roberto Fernández,https://r2.thesportsdb.com/images/media/player/cutout/as69at1754465614.png
Antoniu Roca,https://r2.thesportsdb.com/images/media/player/cutout/yg8q1i1762378883.png
Carlos Romero,https://r2.thesportsdb.com/images/media/player/cutout/j0a4yr1762378897.png
Miguel Rubio,https://r2.thesportsdb.com/images/media/player/cutout/bn0k6s1762378910.png
José Salinas,https://r2.thesportsdb.com/images/media/player/cutout/h4amej1762378926.png
Rubén Sánchez,https://r2.thesportsdb.com/images/media/player/cutout/zoh52g1762378944.png
Ramon Terrats,https://r2.thesportsdb.com/images/media/player/cutout/o5dp261762378960.png
L. Agoumé,https://r2.thesportsdb.com/images/media/player/cutout/04k9bs1762859946.png
César Azpilicueta,https://r2.thesportsdb.com/images/media/player/cutout/fu140w1762859964.png
José Ángel Carmona,https://r2.thesportsdb.com/images/media/player/cutout/lg4r031762860041.png
Andrés Castrín,https://r2.thesportsdb.com/images/media/player/cutout/aryjts1765728257.png
Álex Costa,https://r2.thesportsdb.com/images/media/player/cutout/6e8bcw1763755089.png
C. Ejuke,https://r2.thesportsdb.com/images/media/player/cutout/xdrc5t1762860070.png
Alberto Flores,https://r2.thesportsdb.com/images/media/player/cutout/z5az0j1762860113.png
Fábio Cardoso,https://r2.thesportsdb.com/images/media/player/cutout/3kbmdg1762860001.png
F. Gattoni,https://r2.thesportsdb.com/images/media/player/cutout/c801k71721217839.png
Alfon González,https://r2.thesportsdb.com/images/media/player/cutout/pondo61716821636.png
N. Gudelj,https://r2.thesportsdb.com/images/media/player/cutout/8uupl01762860130.png
S. Idumbo,https://r2.thesportsdb.com/images/media/player/cutout/4tprrl1766238091.png
A. Januzaj,https://r2.thesportsdb.com/images/media/player/cutout/pk69xq1762860148.png
Joan Jordán,https://r2.thesportsdb.com/images/media/player/cutout/32981c1762860167.png
Marcão,https://r2.thesportsdb.com/images/media/player/cutout/fxsymk1762859841.png
N. Maupay,https://r2.thesportsdb.com/images/media/player/cutout/gn9rkt1766152487.png
T. Nianzou,https://r2.thesportsdb.com/images/media/player/cutout/2n710v1762860254.png
Oso,https://r2.thesportsdb.com/images/media/player/cutout/76003211.png
Isaac Romero,https://r2.thesportsdb.com/images/media/player/cutout/jdwge91762860298.png
Kike Salas,https://r2.thesportsdb.com/images/media/player/cutout/77ozl11762860316.png
Miguel Ángel,https://r2.thesportsdb.com/images/media/player/cutout/miw61n1604835865.png
D. Sow,https://r2.thesportsdb.com/images/media/player/cutout/q64rf41705489526.png
G. Suazo,https://r2.thesportsdb.com/images/media/player/cutout/8o2ezj1762860532.png
O. Vlachodimos,https://r2.thesportsdb.com/images/media/player/cutout/zg8oe31762860576.png
Julen Agirrezabala,https://r2.thesportsdb.com/images/media/player/cutout/cjagtv1762864048.png
André Almeida,https://r2.thesportsdb.com/images/media/player/cutout/r7k19t1632997605.png
L. Beltrán,https://r2.thesportsdb.com/images/media/player/thumb/4524gu1547819546.jpg
Copete,https://r2.thesportsdb.com/images/media/player/cutout/tuprsg1699202855.png
E. Cömert,https://r2.thesportsdb.com/images/media/player/cutout/i8talq1762864103.png
A. Danjuma,https://r2.thesportsdb.com/images/media/player/cutout/7ve1w71762864156.png
M. Diakhaby,https://r2.thesportsdb.com/images/media/player/cutout/arrhty1762864171.png
S. Dimitrievski,https://r2.thesportsdb.com/images/media/player/cutout/8eyt961762864188.png
Hugo Duro,https://r2.thesportsdb.com/images/media/player/cutout/r9iuro1762864201.png
D. Foulquier,https://r2.thesportsdb.com/images/media/player/cutout/nw6sp91762864222.png
José Gayà,https://r2.thesportsdb.com/images/media/player/cutout/mgnva71762864236.png
Javi Guerra,https://r2.thesportsdb.com/images/media/player/thumb/olpkjf1534894916.jpg
Diego López,https://r2.thesportsdb.com/images/media/player/cutout/h0ki6y1679054841.png
Unai Núñez,https://r2.thesportsdb.com/images/media/player/cutout/zutyl71759246118.png
Pepelu,https://r2.thesportsdb.com/images/media/player/cutout/znpxrg1762865990.png
Dani Raba,https://r2.thesportsdb.com/images/media/player/cutout/7ui4gx1762864288.png
Luis Rioja,https://r2.thesportsdb.com/images/media/player/cutout/cpde4e1762865775.png
Cristian Rivero,https://r2.thesportsdb.com/images/media/player/cutout/x93xlt1762865791.png
B. Santamaría,https://r2.thesportsdb.com/images/media/player/cutout/cnzepy1762865806.png
R. Saravia,https://r2.thesportsdb.com/images/media/player/cutout/ecbl771763755466.png
Thierry Correia,https://r2.thesportsdb.com/images/media/player/cutout/fqe1kt1762864134.png
César Tárrega,https://r2.thesportsdb.com/images/media/player/cutout/dh02z91762865749.png
F. Ugrinic,https://r2.thesportsdb.com/images/media/player/cutout/fo0q5s1762865826.png
Jesús Vázquez,https://r2.thesportsdb.com/images/media/player/cutout/nrqh6s1762865840.png
T. Buchanan,https://r2.thesportsdb.com/images/media/player/cutout/5206484.png
Pau Cabanes,https://r2.thesportsdb.com/images/media/player/cutout/f0clku1762888733.png
Sergi Cardona,https://r2.thesportsdb.com/images/media/player/cutout/9nt6t31762888747.png
Santi Comesaña,https://r2.thesportsdb.com/images/media/player/cutout/3tm35b1762888762.png
Diego Conde,https://r2.thesportsdb.com/images/media/player/cutout/7q0ic61762888783.png
J. Foyth,https://r2.thesportsdb.com/images/media/player/cutout/7lw2zv1762888828.png
A. Freeman,https://r2.thesportsdb.com/images/media/player/cutout/y21ka91577813548.png
W. Kambwala,https://r2.thesportsdb.com/images/media/player/cutout/a7v0a91762888875.png
Logan Costa,https://r2.thesportsdb.com/images/media/player/cutout/tia4oq1762888798.png
Luíz Júnior,https://r2.thesportsdb.com/images/media/player/cutout/29ex1e1762888858.png
Rafa Marín,https://r2.thesportsdb.com/images/media/player/cutout/6mniw31762888889.png
Gerard Moreno,https://r2.thesportsdb.com/images/media/player/cutout/gyylkr1762888952.png
S. Mouriño,https://r2.thesportsdb.com/images/media/player/cutout/u3gj2k1762888971.png
Pau Navarro,https://r2.thesportsdb.com/images/media/player/cutout/jjod9r1762889004.png
T. Oluwaseyi,https://r2.thesportsdb.com/images/media/player/cutout/6kcri81762889021.png
Dani Parejo,https://r2.thesportsdb.com/images/media/player/cutout/sxc6xa1762889036.png
T. Partey,https://r2.thesportsdb.com/images/media/player/cutout/oys62i1762889055.png
Alfonso Pedraza,https://r2.thesportsdb.com/images/media/player/cutout/u56efu1762889072.png
Ayoze Pérez,https://r2.thesportsdb.com/images/media/player/cutout/ty4duh1762889321.png
Renato Veiga,https://r2.thesportsdb.com/images/media/player/cutout/rxefp81762889381.png
Arnau Tenas,https://r2.thesportsdb.com/images/media/player/cutout/rcdx6p1762889367.png
J. Valou,https://r2.thesportsdb.com/images/media/player/cutout/6ob9mq1630189479.png
A. Beck,https://r2.thesportsdb.com/images/media/player/thumb/65avxt1539803759.jpg
H. Behrens,https://r2.thesportsdb.com/images/media/player/thumb/er0szo1543085930.jpg
M. Busch,https://r2.thesportsdb.com/images/media/player/cutout/rwz3in1763154429.png
E. Dinkçi,https://r2.thesportsdb.com/images/media/player/cutout/vpq5l21773672360.png
N. Dorsch,https://r2.thesportsdb.com/images/media/player/cutout/bmj8tf1763154459.png
F. Feller,https://r2.thesportsdb.com/images/media/player/cutout/khc46s1725657673.png
J. Föhrenbach,https://r2.thesportsdb.com/images/media/player/cutout/sdt2um1763154491.png
B. Gimber,https://r2.thesportsdb.com/images/media/player/cutout/fgbfh41763154514.png
M. Honsak,https://r2.thesportsdb.com/images/media/player/cutout/286tuq1763154532.png
A. Ibrahimović,https://r2.thesportsdb.com/images/media/player/cutout/j1g9au1632386587.png
M. Kaufmann,https://r2.thesportsdb.com/images/media/player/cutout/2zv3871772544655.png
T. Keller,https://r2.thesportsdb.com/images/media/player/thumb/p4sant1550172472.jpg
A. Kölle,https://r2.thesportsdb.com/images/media/player/thumb/75nglo1610998326.jpg
Léo Scienza,https://r2.thesportsdb.com/images/media/player/cutout/3nl8xw1761322757.png
P. Mainka,https://r2.thesportsdb.com/images/media/player/cutout/1rbmod1763154668.png
J. Niehues,https://r2.thesportsdb.com/images/media/player/cutout/jv9lbm1763154759.png
L. Paçarada,https://r2.thesportsdb.com/images/media/player/cutout/qa48sx1763154777.png
M. Pieringer,https://r2.thesportsdb.com/images/media/player/cutout/iptkxl1763154795.png
D. Ramaj,https://r2.thesportsdb.com/images/media/player/cutout/rj504b1773672624.png
S. Schimmer,https://r2.thesportsdb.com/images/media/player/cutout/34ueii1763154829.png
T. Siersleben,https://r2.thesportsdb.com/images/media/player/cutout/jhgdvd1763154939.png
L. Stergiou,https://r2.thesportsdb.com/images/media/player/cutout/n4cmr51763586447.png
B. Zivzivadze,https://r2.thesportsdb.com/images/media/player/cutout/c1mhc71763154987.png
M. Bülter,https://r2.thesportsdb.com/images/media/player/cutout/fcngs41763238600.png
A. Castro-Montes,https://r2.thesportsdb.com/images/media/player/cutout/lob0kr1763242417.png
S. El Mala,https://r2.thesportsdb.com/images/media/player/thumb/dpzoc61543492171.jpg
J. Gazibegović,https://r2.thesportsdb.com/images/media/player/cutout/ymik011770147960.png
D. Heintz,https://r2.thesportsdb.com/images/media/player/cutout/rgwd1q1763242502.png
D. Huseinbašić,https://r2.thesportsdb.com/images/media/player/cutout/lfvxaz1763242532.png
T. Hübers,https://r2.thesportsdb.com/images/media/player/cutout/yu0c6k1763242517.png
F. Kainz,https://r2.thesportsdb.com/images/media/player/cutout/z93il51763242578.png
J. Kamiński,https://r2.thesportsdb.com/images/media/player/cutout/rrd2zg1762171453.png
T. Krauß,https://r2.thesportsdb.com/images/media/player/cutout/ihaqsu1763242656.png
M. Köbbing,https://r2.thesportsdb.com/images/media/player/cutout/xpuzkb1763242640.png
K. Lund,https://r2.thesportsdb.com/images/media/player/cutout/tx65qo1761922127.png
L. Maina,https://r2.thesportsdb.com/images/media/player/cutout/v54stp1763242674.png
C. Neumann,https://r2.thesportsdb.com/images/media/player/cutout/wtr0wz1761931374.png
Y. Niang,https://r2.thesportsdb.com/images/media/player/cutout/rv4w6g1674744851.png
J. Schmied,https://r2.thesportsdb.com/images/media/player/cutout/yac4k91585495981.png
M. Schwäbe,https://r2.thesportsdb.com/images/media/player/cutout/9lf4hy1763242794.png
S. Sebulonsen,https://r2.thesportsdb.com/images/media/player/cutout/f2v11x1763242809.png
J. Simpson-Pusey,https://r2.thesportsdb.com/images/media/player/cutout/jc77kv1773672990.png
J. Thielmann,https://r2.thesportsdb.com/images/media/player/cutout/nl0nml1763242825.png
L. Waldschmidt,https://r2.thesportsdb.com/images/media/player/cutout/tt3o6x1763242857.png
R. Zieler,https://r2.thesportsdb.com/images/media/player/cutout/lnhvd51763242878.png
C. Özkacar,https://r2.thesportsdb.com/images/media/player/cutout/82zoei1763243135.png
L. Burcu,https://r2.thesportsdb.com/images/media/player/cutout/fkj6dd1763641027.png
O. Burke,https://r2.thesportsdb.com/images/media/player/thumb/nu47h21546864082.jpg
Diogo Leite,https://r2.thesportsdb.com/images/media/player/cutout/q989lk1763641205.png
D. Doekhi,https://r2.thesportsdb.com/images/media/player/cutout/a0uy571763641061.png
J. Haberer,https://r2.thesportsdb.com/images/media/player/cutout/e0j0uo1763641077.png
Jeong Woo-Yeong,https://r2.thesportsdb.com/images/media/player/cutout/4aw8jx1763641404.png
J. Juranović,https://r2.thesportsdb.com/images/media/player/cutout/lfvr8r1763641110.png
R. Khedira,https://r2.thesportsdb.com/images/media/player/cutout/gdq3u21586360198.png
C. Klaus,https://r2.thesportsdb.com/images/media/player/cutout/uipoye1772816728.png
A. Král,https://r2.thesportsdb.com/images/media/player/cutout/79y2db1763641191.png
M. Ljubičić,https://r2.thesportsdb.com/images/media/player/cutout/zucfi81773611158.png
L. Querfeld,https://r2.thesportsdb.com/images/media/player/cutout/4uayik1763641271.png
T. Rothe,https://r2.thesportsdb.com/images/media/player/cutout/8krbvz1763641318.png
F. Rønnow,https://r2.thesportsdb.com/images/media/player/cutout/j9t7491763641303.png
A. Schäfer,https://r2.thesportsdb.com/images/media/player/thumb/ammtui1543156048.jpg
T. Skarke,https://r2.thesportsdb.com/images/media/player/cutout/78p7gw1763641348.png
R. Skov,https://r2.thesportsdb.com/images/media/player/cutout/coepla1763641367.png
C. Trimmel,https://r2.thesportsdb.com/images/media/player/cutout/moe2t31763641424.png
N. Amiri,https://r2.thesportsdb.com/images/media/player/cutout/iidf781763553903.png
D. Batz,https://r2.thesportsdb.com/images/media/player/cutout/mnr4q11773410734.png
S. Bell,https://r2.thesportsdb.com/images/media/player/cutout/x234hj1772544445.png
B. Bobzien,https://r2.thesportsdb.com/images/media/player/cutout/b95z1m1772466859.png
W. Bøving,https://r2.thesportsdb.com/images/media/player/cutout/l4q52b1763553983.png
A. Caci,https://r2.thesportsdb.com/images/media/player/cutout/33jwy01763553996.png
A. Hanche-Olsen,https://r2.thesportsdb.com/images/media/player/cutout/yj355p1763554027.png
B. Hollerbach,https://r2.thesportsdb.com/images/media/player/cutout/lryx771763554041.png
S. Katompa Mvumpa,https://r2.thesportsdb.com/images/media/player/cutout/pz1qar1763586366.png
D. Kohr,https://r2.thesportsdb.com/images/media/player/cutout/l4f6561763554075.png
Lee Jae-Sung,https://r2.thesportsdb.com/images/media/player/cutout/p0i9wg1763554091.png
M. Leitsch,https://r2.thesportsdb.com/images/media/player/cutout/lo83p91763554106.png
L. Maloney,https://r2.thesportsdb.com/images/media/player/cutout/5201881.png
F. Moreno Fell,https://r2.thesportsdb.com/images/media/player/cutout/b2x5xn1767883295.png
P. Mwene,https://r2.thesportsdb.com/images/media/player/cutout/wa4bx81763554145.png
P. Nebel,https://r2.thesportsdb.com/images/media/player/cutout/4vwas01763554161.png
S. Posch,https://r2.thesportsdb.com/images/media/player/cutout/1swesw1775205659.png
K. Potulski,https://r2.thesportsdb.com/images/media/player/cutout/sbgo8p1775205300.png
K. Sano,https://r2.thesportsdb.com/images/media/player/cutout/qyywxs1432680190.png
A. Sieb,https://r2.thesportsdb.com/images/media/player/cutout/u0jop61767272623.png
P. Tietz,https://r2.thesportsdb.com/images/media/player/cutout/wdwbeh1775205775.png
N. Veratschnig,https://r2.thesportsdb.com/images/media/player/cutout/be051t1763554260.png
N. Weiper,https://r2.thesportsdb.com/images/media/player/cutout/tldoyf1763554278.png
S. Widmer,https://r2.thesportsdb.com/images/media/player/cutout/w2omdl1763554296.png
R. Zentner,https://r2.thesportsdb.com/images/media/player/cutout/arbut31763553871.png
D. da Costa,https://r2.thesportsdb.com/images/media/player/cutout/ebi2l81667669825.png
R. Andrich,https://r2.thesportsdb.com/images/media/player/cutout/fw2c8c1756315716.png
L. Badé,https://r2.thesportsdb.com/images/media/player/cutout/bcrlw61697974097.png
E. Ben Seghir,https://r2.thesportsdb.com/images/media/player/cutout/vlvhj31762962673.png
J. Blaswich,https://r2.thesportsdb.com/images/media/player/cutout/xn1lxc1756315789.png
M. Flekken,https://r2.thesportsdb.com/images/media/player/cutout/idcabl1756315818.png
Aleix García,https://r2.thesportsdb.com/images/media/player/cutout/8abnca1756316053.png
J. Hofmann,https://r2.thesportsdb.com/images/media/player/cutout/z7mcxd1756315983.png
C. Kofane,https://r2.thesportsdb.com/images/media/player/cutout/2eqfyx1756316089.png
N. Lomb,https://r2.thesportsdb.com/images/media/player/cutout/538134.png
T. Oermann,https://r2.thesportsdb.com/images/media/player/cutout/37os891770147488.png
J. Omlin,https://r2.thesportsdb.com/images/media/player/cutout/890m7v1756314673.png
J. Quansah,https://r2.thesportsdb.com/images/media/player/cutout/wfep8o1756316392.png
A. Sarco,https://r2.thesportsdb.com/images/media/player/cutout/m37g9z1756316409.png
P. Schick,https://r2.thesportsdb.com/images/media/player/cutout/zfxtjv1756316702.png
E. Tapsoba,https://r2.thesportsdb.com/images/media/player/cutout/y3bmxs1756316512.png
N. Tella,https://r2.thesportsdb.com/images/media/player/cutout/1rh7pn1756316720.png
M. Terrier,https://r2.thesportsdb.com/images/media/player/cutout/lq0aiq1756316748.png
M. Tillman,https://r2.thesportsdb.com/images/media/player/cutout/6uud451750911877.png
Lucas Vázquez,https://r2.thesportsdb.com/images/media/player/cutout/vbfu111762962744.png
H. Bolin,https://r2.thesportsdb.com/images/media/player/cutout/6a6q861767187456.png
J. Castrop,https://r2.thesportsdb.com/images/media/player/cutout/ch3tcs1756313858.png
F. Chiarodia,https://r2.thesportsdb.com/images/media/player/cutout/go464j1756313405.png
K. Diks,https://r2.thesportsdb.com/images/media/player/cutout/vsjjc71756313747.png
N. Elvedi,https://r2.thesportsdb.com/images/media/player/cutout/aelb5v1756313277.png
F. Fleck,https://r2.thesportsdb.com/images/media/player/cutout/338wp21693684327.png
O. Fraulo,https://r2.thesportsdb.com/images/media/player/cutout/csg13b1762966441.png
M. Friedrich,https://r2.thesportsdb.com/images/media/player/cutout/pbt4fv1756314244.png
R. Hack,https://r2.thesportsdb.com/images/media/player/cutout/5101801.png
C. Herrmann,https://r2.thesportsdb.com/images/media/player/cutout/peqz7m1680001718.png
F. Honorat,https://r2.thesportsdb.com/images/media/player/cutout/qkjxdg1756313460.png
T. Kleindienst,https://r2.thesportsdb.com/images/media/player/cutout/frgct41756314349.png
S. Machino,https://r2.thesportsdb.com/images/media/player/cutout/6k0vdb1756313727.png
W. Mohya,https://r2.thesportsdb.com/images/media/player/cutout/h0yuqv1773670636.png
F. Neuhaus,https://r2.thesportsdb.com/images/media/player/cutout/3600918.png
J. Olschowsky,https://r2.thesportsdb.com/images/media/player/cutout/atjqdj1679837377.png
T. Pereira Cardoso,https://r2.thesportsdb.com/images/media/player/cutout/49u1d31756314738.png
G. Ranos,https://r2.thesportsdb.com/images/media/player/cutout/hp87141772544772.png
R. Reitz,https://r2.thesportsdb.com/images/media/player/cutout/kmv8nd1756313428.png
G. Reyna,https://r2.thesportsdb.com/images/media/player/cutout/5ga80l1647029736.png
P. Sander,https://r2.thesportsdb.com/images/media/player/thumb/d34l0q1534356831.jpg
J. Scally,https://r2.thesportsdb.com/images/media/player/cutout/5i06fh1756313309.png
T. Sippel,https://r2.thesportsdb.com/images/media/player/cutout/8z02tf1756314564.png
K. Stöger,https://r2.thesportsdb.com/images/media/player/cutout/d6wr8o1756313686.png
H. Tabaković,https://r2.thesportsdb.com/images/media/player/cutout/rjvats1756313128.png
L. Ullrich,https://r2.thesportsdb.com/images/media/player/cutout/3679fq1756313492.png
K. Adeyemi,https://r2.thesportsdb.com/images/media/player/cutout/28025333.png
M. Albert,https://r2.thesportsdb.com/images/media/player/cutout/4jav9m1750196324.png
A. Anselmino,https://r2.thesportsdb.com/images/media/player/cutout/it6fsq1756326015.png
M. Beier,https://r2.thesportsdb.com/images/media/player/cutout/bfzp1g1756325953.png
R. Bensebaini,https://r2.thesportsdb.com/images/media/player/cutout/z5sfyp1756326052.png
J. Brandt,https://r2.thesportsdb.com/images/media/player/cutout/868m731756326070.png
E. Can,https://r2.thesportsdb.com/images/media/player/cutout/grs3841756326161.png
C. Chukwuemeka,https://r2.thesportsdb.com/images/media/player/cutout/oa3p4i1741868651.png
P. Drewes,https://r2.thesportsdb.com/images/media/player/cutout/3yh0co1756326693.png
J. Duranville,https://www.thesportsdb.com/images/media/player/cutout/ydda3i1777913660.png
Fábio Silva,https://r2.thesportsdb.com/images/media/player/cutout/qgss7i1762964939.png
S. Inácio,https://r2.thesportsdb.com/images/media/player/cutout/0msu5l1609589453.png
G. Kobel,https://r2.thesportsdb.com/images/media/player/cutout/vri4zw1756326279.png
A. Meyer,https://r2.thesportsdb.com/images/media/player/cutout/cyd5jj1654284930.png
L. Reggiani,https://r2.thesportsdb.com/images/media/player/cutout/6kn1261773670363.png
J. Ryerson,https://r2.thesportsdb.com/images/media/player/cutout/3cofj41756326544.png
M. Sabitzer,https://r2.thesportsdb.com/images/media/player/cutout/m0if0e1756326525.png
D. Svensson,https://r2.thesportsdb.com/images/media/player/cutout/7300032.png
N. Süle,https://r2.thesportsdb.com/images/media/player/cutout/5789053.png
Yan Couto,https://r2.thesportsdb.com/images/media/player/cutout/hadu641756326239.png
S. Özcan,https://r2.thesportsdb.com/images/media/player/cutout/qr0gbr1578226012.png
A. Amaimouni-Echghouyab,https://r2.thesportsdb.com/images/media/player/cutout/vuid001773671351.png
A. Amenda,https://r2.thesportsdb.com/images/media/player/cutout/e68zdr1762974273.png
Aurélio Buta,https://r2.thesportsdb.com/images/media/player/cutout/qsmrsx1762975856.png
J. Bahoya,https://r2.thesportsdb.com/images/media/player/cutout/fp3ti91762287362.png
M. Batshuayi,https://r2.thesportsdb.com/images/media/player/cutout/q3o5u91762287743.png
N. Brown,https://r2.thesportsdb.com/images/media/player/cutout/ml7s7e1557052835.png
J. Burkardt,https://r2.thesportsdb.com/images/media/player/cutout/f8dpio1762287254.png
F. Chaïbi,https://r2.thesportsdb.com/images/media/player/cutout/736ole1762287487.png
J. Grahl,https://r2.thesportsdb.com/images/media/player/cutout/p7cgoe1762976372.png
M. Götze,https://r2.thesportsdb.com/images/media/player/cutout/p4b80x1762287406.png
Kauã Santos,https://r2.thesportsdb.com/images/media/player/cutout/e7b0vg1762976805.png
A. Knauff,https://r2.thesportsdb.com/images/media/player/cutout/zbsia51762287603.png
R. Koch,https://r2.thesportsdb.com/images/media/player/cutout/91003492.png
H. Larsson,https://r2.thesportsdb.com/images/media/player/cutout/u12okn1610903857.png
Mahmoud Dahoud,https://r2.thesportsdb.com/images/media/player/cutout/csqpmj1762976271.png
J. Ngankam,https://r2.thesportsdb.com/images/media/player/cutout/my167d1762976608.png
N. Nkounkou,https://r2.thesportsdb.com/images/media/player/cutout/dcb1f81764099911.png
E. Skhiri,https://r2.thesportsdb.com/images/media/player/cutout/zhs8151762287564.png
A. Theate,https://r2.thesportsdb.com/images/media/player/cutout/tr7ftn1762287457.png
C. Uzun,https://r2.thesportsdb.com/images/media/player/cutout/axq76m1766479743.png
E. Wahi,https://r2.thesportsdb.com/images/media/player/cutout/uuqh371762287642.png
M. Zetterer,https://r2.thesportsdb.com/images/media/player/cutout/5ucd981762977059.png
Arthur Chaves,https://r2.thesportsdb.com/images/media/player/cutout/yyonsi1773671706.png
A. Claude-Maurice,https://r2.thesportsdb.com/images/media/player/cutout/kiwd2t1763034081.png
A. Dardari,https://r2.thesportsdb.com/images/media/player/cutout/t7bz6n1772816565.png
K. Dong,https://r2.thesportsdb.com/images/media/player/cutout/dkmi6w1765896544.png
S. Essende,https://r2.thesportsdb.com/images/media/player/cutout/c2luq31763034114.png
R. Fellhauer,https://r2.thesportsdb.com/images/media/player/cutout/ifn14j1763034127.png
I. Gharbi,https://r2.thesportsdb.com/images/media/player/cutout/6s0uwn1763034140.png
D. Giannoulis,https://r2.thesportsdb.com/images/media/player/cutout/r9huub1763034157.png
J. Gouweleeuw,https://r2.thesportsdb.com/images/media/player/cutout/54jbzk1763034173.png
M. Gregoritsch,https://r2.thesportsdb.com/images/media/player/cutout/g46w261765376250.png
K. Jakić,https://r2.thesportsdb.com/images/media/player/cutout/tj2frb1763034190.png
A. Kade,https://r2.thesportsdb.com/images/media/player/cutout/geb6g11607375283.png
Y. Keitel,https://r2.thesportsdb.com/images/media/player/cutout/yb34tl1763586717.png
D. Klein,https://r2.thesportsdb.com/images/media/player/cutout/5606869.png
M. Kömür,https://r2.thesportsdb.com/images/media/player/cutout/2mz84f1763034270.png
N. Labrović,https://r2.thesportsdb.com/images/media/player/cutout/upolx01763034323.png
A. Maier,https://r2.thesportsdb.com/images/media/player/cutout/c08hvw1763034341.png
H. Massengo,https://r2.thesportsdb.com/images/media/player/cutout/np61v61763034358.png
C. Matsima,https://r2.thesportsdb.com/images/media/player/cutout/3hv6251763034373.png
S. Mounié,https://r2.thesportsdb.com/images/media/player/cutout/8440218.png
M. Pedersen,https://r2.thesportsdb.com/images/media/player/cutout/byuzgq1683916331.png
E. Rexhbeçaj,https://r2.thesportsdb.com/images/media/player/cutout/5u1sth1763034389.png
F. Rieder,https://r2.thesportsdb.com/images/media/player/cutout/eopd9l1670238543.png
O. Sorg,https://r2.thesportsdb.com/images/media/player/cutout/91004882.png
M. Wolf,https://r2.thesportsdb.com/images/media/player/cutout/1pedn61764625802.png
C. Zesiger,https://r2.thesportsdb.com/images/media/player/cutout/ylz5dx1763034679.png
S. Boey,https://r2.thesportsdb.com/images/media/player/cutout/z43v4c1773915693.png
J. Bärtl,https://r2.thesportsdb.com/images/media/player/cutout/g52m1c1694271468.png
S. Gnabry,https://r2.thesportsdb.com/images/media/player/cutout/unnt3z1756409086.png
L. Goretzka,https://r2.thesportsdb.com/images/media/player/cutout/hnokj01756409111.png
N. Jackson,https://r2.thesportsdb.com/images/media/player/cutout/vuwqwq1432652749.png
H. Kane,https://r2.thesportsdb.com/images/media/player/cutout/i8ldox1607891140.png
C. Kiala,https://r2.thesportsdb.com/images/media/player/cutout/isjf3e1765920325.png
Kim Min-Jae,https://r2.thesportsdb.com/images/media/player/cutout/m4uh701756408877.png
J. Kimmich,https://r2.thesportsdb.com/images/media/player/cutout/oqb7rg1756408859.png
L. Klanac,https://r2.thesportsdb.com/images/media/player/cutout/xtinah1756409179.png
K. Laimer,https://r2.thesportsdb.com/images/media/player/cutout/dzukrz1756409157.png
W. Mike,https://r2.thesportsdb.com/images/media/player/cutout/2ljkmz1586766347.png
J. Musiala,https://r2.thesportsdb.com/images/media/player/cutout/vbkv611756416067.png
M. Neuer,https://r2.thesportsdb.com/images/media/player/cutout/udq0so1756416089.png
M. Olise,https://r2.thesportsdb.com/images/media/player/cutout/r4vx6b1756408807.png
Raphaël Guerreiro,https://r2.thesportsdb.com/images/media/player/cutout/4mfv9u1756408917.png
J. Stanišić,https://r2.thesportsdb.com/images/media/player/cutout/m1kqf11756416127.png
J. Tah,https://r2.thesportsdb.com/images/media/player/cutout/y6c2pt1750491272.png
S. Ulreich,https://r2.thesportsdb.com/images/media/player/cutout/we85c01756416147.png
D. Upamecano,https://r2.thesportsdb.com/images/media/player/cutout/a1hyfj1756416177.png
J. Urbig,https://r2.thesportsdb.com/images/media/player/cutout/tulqq91756408991.png
O. Afolayan,https://r2.thesportsdb.com/images/media/player/cutout/mmsv0c1763568099.png
E. Ahlstrand,https://r2.thesportsdb.com/images/media/player/cutout/l4fgae1763567491.png
T. Ando,https://r2.thesportsdb.com/images/media/player/thumb/310nzt1548938068.jpg
A. Dźwigała,https://r2.thesportsdb.com/images/media/player/cutout/4uw5jq1763567507.png
T. Hara,https://r2.thesportsdb.com/images/media/player/cutout/gsftlv1610881691.png
A. Hountondji,https://r2.thesportsdb.com/images/media/player/cutout/g2ze041674739956.png
J. Irvine,https://r2.thesportsdb.com/images/media/player/cutout/bx4oi71763567546.png
M. Kaars,https://r2.thesportsdb.com/images/media/player/cutout/1y9log1763567579.png
Mathias Pereira Lage,https://r2.thesportsdb.com/images/media/player/cutout/qshp3u1756310416.png
C. Metcalfe,https://r2.thesportsdb.com/images/media/player/cutout/8xb0sq1756311214.png
L. Oppie,https://r2.thesportsdb.com/images/media/player/cutout/adgyqu1763567632.png
A. Pyrka,https://r2.thesportsdb.com/images/media/player/cutout/s0lmmx1763568167.png
M. Rasmussen,https://r2.thesportsdb.com/images/media/player/cutout/bxvoe61775214095.png
L. Ritzka,https://r2.thesportsdb.com/images/media/player/cutout/hyfnwv1763567671.png
J. Robatsch,https://r2.thesportsdb.com/images/media/player/cutout/01vwl61763567689.png
M. Saliakas,https://r2.thesportsdb.com/images/media/player/cutout/ytga2o1763568046.png
J. Sands,https://r2.thesportsdb.com/images/media/player/cutout/y6omq01756310661.png
D. Sinani,https://r2.thesportsdb.com/images/media/player/cutout/vocvh51763567727.png
B. Voll,https://r2.thesportsdb.com/images/media/player/cutout/dkuyl01742135036.png
H. Wahl,https://r2.thesportsdb.com/images/media/player/cutout/gggtj51763567443.png
Fabio Baldé,https://r2.thesportsdb.com/images/media/player/cutout/kctjid1763416724.png
N. Capaldo,https://r2.thesportsdb.com/images/media/player/cutout/44xapu1763416741.png
Daniel Elfadli,https://r2.thesportsdb.com/images/media/player/cutout/ed97rf1763416768.png
J. Dompé,https://r2.thesportsdb.com/images/media/player/cutout/b3x3jh1763416755.png
Fábio Vieira,https://r2.thesportsdb.com/images/media/player/cutout/cqxh0s1763417157.png
R. Glatzel,https://r2.thesportsdb.com/images/media/player/cutout/6m74qc1763416796.png
G. Gocholeishvili,https://r2.thesportsdb.com/images/media/player/cutout/9ne41m1763416820.png
A. Grønbæk,https://r2.thesportsdb.com/images/media/player/cutout/pnhhc71758989216.png
Guilherme Ramos,https://r2.thesportsdb.com/images/media/player/cutout/8k1u0u1763417062.png
H. Hermann,https://r2.thesportsdb.com/images/media/player/cutout/mu8hs11610627367.png
B. Jatta,https://r2.thesportsdb.com/images/media/player/cutout/lst3xj1763416867.png
N. Katterbach,https://r2.thesportsdb.com/images/media/player/cutout/cjxq8w1763416880.png
R. Königsdörffer,https://r2.thesportsdb.com/images/media/player/cutout/teu04x1763416900.png
J. Meffert,https://r2.thesportsdb.com/images/media/player/cutout/9v8fqa1773150155.png
W. Mikelbrencis,https://r2.thesportsdb.com/images/media/player/cutout/onvx501763416951.png
M. Muheim,https://r2.thesportsdb.com/images/media/player/cutout/ohb4za1763416967.png
W. Omari,https://r2.thesportsdb.com/images/media/player/thumb/ue8m2x1545578342.jpg
P. Otele,https://r2.thesportsdb.com/images/media/player/cutout/jobjx31775206432.png
Alberto Moleiro,https://r2.thesportsdb.com/images/media/player/cutout/89qaq61762888929.png
A. Kemlein,https://r2.thesportsdb.com/images/media/player/cutout/vimtks1763641127.png
C. Harder,https://r2.thesportsdb.com/images/media/player/thumb/md6mfc1531062415.jpg
B. Henrichs,https://r2.thesportsdb.com/images/media/player/cutout/56aywn1763561180.png
K. Kampl,https://r2.thesportsdb.com/images/media/player/cutout/h96ld41763561194.png
L. Klostermann,https://r2.thesportsdb.com/images/media/player/cutout/06od971763561214.png
A. Maksimović,https://r2.thesportsdb.com/images/media/player/cutout/c7exq21609960459.png
A. Nusa,https://r2.thesportsdb.com/images/media/player/cutout/yo19551763561296.png
L. Openda,https://r2.thesportsdb.com/images/media/player/cutout/1chuok1759225712.png
D. Raum,https://r2.thesportsdb.com/images/media/player/cutout/wxbgdk1763561343.png
Rômulo,https://r2.thesportsdb.com/images/media/player/thumb/9ygzav1546112273.jpg
X. Schlager,https://r2.thesportsdb.com/images/media/player/cutout/1bvq9r1763561361.png
N. Seiwald,https://r2.thesportsdb.com/images/media/player/cutout/h7mvys1763561377.png
M. Vandevoordt,https://r2.thesportsdb.com/images/media/player/cutout/tgffgm1763561395.png
T. Werner,https://r2.thesportsdb.com/images/media/player/cutout/8720186.png
L. Zingerle,https://r2.thesportsdb.com/images/media/player/cutout/2czx6v1763561427.png
N. Atubolu,https://r2.thesportsdb.com/images/media/player/cutout/oocqhe1763328729.png
N. Beste,https://r2.thesportsdb.com/images/media/player/cutout/zl9dp11763328766.png
M. Eggestein,https://r2.thesportsdb.com/images/media/player/cutout/6lo1mc1763328805.png
M. Ginter,https://r2.thesportsdb.com/images/media/player/cutout/5q6niz1763328818.png
V. Grifo,https://r2.thesportsdb.com/images/media/player/cutout/i56g1d1763328832.png
C. Günter,https://r2.thesportsdb.com/images/media/player/cutout/29000733.png
J. Huth,https://r2.thesportsdb.com/images/media/player/cutout/5112098.png
N. Höfler,https://r2.thesportsdb.com/images/media/player/cutout/yx5hg61763328859.png
L. Höler,https://r2.thesportsdb.com/images/media/player/cutout/8k0ydc1763328875.png
A. Jung,https://r2.thesportsdb.com/images/media/player/cutout/ye0fol1773244750.png
L. Kübler,https://r2.thesportsdb.com/images/media/player/cutout/xn0vqv1763328938.png
P. Lienhart,https://r2.thesportsdb.com/images/media/player/cutout/3scndj1763328973.png
J. Makengo,https://r2.thesportsdb.com/images/media/player/cutout/85028834.png
J. Manzambi,https://r2.thesportsdb.com/images/media/player/cutout/xjn4v91516218089.png
I. Matanović,https://r2.thesportsdb.com/images/media/player/cutout/lm6j0a1763329018.png
B. Ogbus,https://r2.thesportsdb.com/images/media/player/cutout/tcq6ki1763329051.png
P. Osterhage,https://r2.thesportsdb.com/images/media/player/cutout/zl66qd1763329067.png
M. Rosenfelder,https://r2.thesportsdb.com/images/media/player/cutout/f02zgp1763329099.png
D. Scherhant,https://r2.thesportsdb.com/images/media/player/cutout/zitii61763329117.png
K. Steinmann,https://r2.thesportsdb.com/images/media/player/thumb/0ile2m1653666256.jpg
S. Alvero,https://r2.thesportsdb.com/images/media/player/cutout/1ax2gw1763665947.png
M. Backhaus,https://r2.thesportsdb.com/images/media/player/cutout/2tds941763665963.png
L. Bittencourt,https://r2.thesportsdb.com/images/media/player/cutout/vgwwhf1763665977.png
V. Boniface,https://r2.thesportsdb.com/images/media/player/cutout/7e2phd1763665992.png
P. Čović,https://r2.thesportsdb.com/images/media/player/thumb/yg2ust1673266819.jpg
O. Deman,https://r2.thesportsdb.com/images/media/player/cutout/s5294z1746203439.png
M. Friedl,https://r2.thesportsdb.com/images/media/player/cutout/k2wp561763666046.png
M. Grüll,https://r2.thesportsdb.com/images/media/player/cutout/lr1eoy1763666063.png
I. Hansen-Aarøen,https://r2.thesportsdb.com/images/media/player/cutout/jtb33i1763666076.png
M. Kolke,https://r2.thesportsdb.com/images/media/player/cutout/8hzpy61763666111.png
S. Lynen,https://r2.thesportsdb.com/images/media/player/cutout/705dt01763666125.png
J. Malatini,https://r2.thesportsdb.com/images/media/player/cutout/2hh31e1763666144.png
S. Mbangula,https://r2.thesportsdb.com/images/media/player/cutout/yqmqiz1763666165.png
J. Njinmah,https://r2.thesportsdb.com/images/media/player/cutout/lhrk291763666182.png
L. Opitz,https://r2.thesportsdb.com/images/media/player/cutout/nex67g1773244857.png
A. Pieper,https://r2.thesportsdb.com/images/media/player/cutout/4tchc81763666201.png
Cameron Puertas,https://r2.thesportsdb.com/images/media/player/cutout/hpn1f71763666216.png
R. Schmid,https://r2.thesportsdb.com/images/media/player/cutout/7c7u091680092610.png
J. Stage,https://r2.thesportsdb.com/images/media/player/cutout/h974oh1763666264.png
N. Stark,https://r2.thesportsdb.com/images/media/player/cutout/884658.png
Y. Sugawara,https://r2.thesportsdb.com/images/media/player/cutout/9znmfg1763666295.png
K. Topp,https://r2.thesportsdb.com/images/media/player/cutout/926910.png
M. Wöber,https://r2.thesportsdb.com/images/media/player/cutout/wi4qc91763666341.png
K. Akpoguma,https://r2.thesportsdb.com/images/media/player/cutout/rbif1m1763487053.png
L. Avdullahu,https://r2.thesportsdb.com/images/media/player/cutout/acnllu1763487092.png
O. Baumann,https://r2.thesportsdb.com/images/media/player/cutout/zt5gvq1763487114.png
I. Bebou,https://r2.thesportsdb.com/images/media/player/cutout/qobokt1763487135.png
V. Coufal,https://r2.thesportsdb.com/images/media/player/cutout/jucuwd1763494235.png
M. Damar,https://r2.thesportsdb.com/images/media/player/thumb/y9r70s1543157305.jpg
Y. Eduardo,https://r2.thesportsdb.com/images/media/player/cutout/g7cjhl1764934207.png
K. Frees,https://r2.thesportsdb.com/images/media/player/cutout/jzcisl1766343979.png
V. Gendrey,https://r2.thesportsdb.com/images/media/player/cutout/iy7lcz1763494976.png
A. Hajdari,https://r2.thesportsdb.com/images/media/player/cutout/2glxtp1763495499.png
A. Hložek,https://r2.thesportsdb.com/images/media/player/cutout/kh9la81763494337.png
R. Hranáč,https://r2.thesportsdb.com/images/media/player/cutout/7aocs31763494358.png
O. Kabak,https://r2.thesportsdb.com/images/media/player/cutout/gtnzmr1763494412.png
A. Kramarić,https://r2.thesportsdb.com/images/media/player/cutout/9szvnr1763494431.png
T. Lemperle,https://r2.thesportsdb.com/images/media/player/cutout/t25ag31763494449.png
M. Moerstedt,https://r2.thesportsdb.com/images/media/player/cutout/gpthj01763494466.png
G. Prömel,https://r2.thesportsdb.com/images/media/player/cutout/uebiki1763494572.png
U. Tohumcu,https://r2.thesportsdb.com/images/media/player/cutout/tg0v751773150337.png
A. Al Dakhil,https://r2.thesportsdb.com/images/media/player/cutout/fd4x6n1763586119.png
L. Assignon,https://r2.thesportsdb.com/images/media/player/cutout/x1m4e91763586046.png
B. Bouanani,https://r2.thesportsdb.com/images/media/player/cutout/k1dd471763586061.png
F. Bredlow,https://r2.thesportsdb.com/images/media/player/cutout/b2dgsk1763586075.png
J. Chabot,https://r2.thesportsdb.com/images/media/player/cutout/s51yt91763586641.png
Chema Andrés,https://r2.thesportsdb.com/images/media/player/cutout/ecbqj31763586030.png
N. Darvich,https://r2.thesportsdb.com/images/media/player/cutout/ufmofx1763586146.png
E. Demirović,https://r2.thesportsdb.com/images/media/player/cutout/hvuj8v1763586169.png
S. Drljača,https://r2.thesportsdb.com/images/media/player/cutout/l77hw31763586205.png
C. Führich,https://r2.thesportsdb.com/images/media/player/cutout/5vfcdt1763586219.png
L. Jaquez,https://r2.thesportsdb.com/images/media/player/cutout/tt71dl1763586249.png
F. Jeltsch,https://r2.thesportsdb.com/images/media/player/cutout/s1hwx41763586265.png
L. Jovanović,https://r2.thesportsdb.com/images/media/player/thumb/hfk1ga1549049866.jpg
A. Karazor,https://r2.thesportsdb.com/images/media/player/cutout/ph1o781763586281.png
J. Leweling,https://r2.thesportsdb.com/images/media/player/cutout/xnk4yp1763586329.png
M. Mittelstädt,https://r2.thesportsdb.com/images/media/player/cutout/jxttcl1763586349.png
N. Nartey,https://r2.thesportsdb.com/images/media/player/cutout/meti721763586384.png
A. Nübel,https://r2.thesportsdb.com/images/media/player/cutout/9rz45t1763586401.png
P. Stenzel,https://r2.thesportsdb.com/images/media/player/cutout/ue97f61763586429.png
A. Stiller,https://r2.thesportsdb.com/images/media/player/cutout/fjia5b1763586463.png
Tiago Tomás,https://r2.thesportsdb.com/images/media/player/cutout/ls9myx1763586476.png
D. Undav,https://r2.thesportsdb.com/images/media/player/cutout/hcxx8s1763586492.png
J. Vagnoman,https://r2.thesportsdb.com/images/media/player/cutout/imqnl11763586510.png
J. Adjetey,https://r2.thesportsdb.com/images/media/player/cutout/e9hu1g1746073832.png
M. Amoura,https://r2.thesportsdb.com/images/media/player/cutout/exqyvl1763669195.png
M. Angély,https://r2.thesportsdb.com/images/media/player/cutout/7j53zg1763669219.png
V. Černý,https://r2.thesportsdb.com/images/media/player/cutout/iro4fx1621961331.png
A. Daghim,https://r2.thesportsdb.com/images/media/player/cutout/6my27j1763669252.png
B. Dárdai,https://r2.thesportsdb.com/images/media/player/cutout/oksl8g1578080697.png
C. Eriksen,https://r2.thesportsdb.com/images/media/player/cutout/uezfnp1763669279.png
Y. Gerhardt,https://r2.thesportsdb.com/images/media/player/cutout/k3qlx11763669307.png
K. Grabara,https://r2.thesportsdb.com/images/media/player/cutout/vls14a1763669328.png
M. Jenz,https://r2.thesportsdb.com/images/media/player/cutout/zei53j1763669344.png
K. Koulierakis,https://r2.thesportsdb.com/images/media/player/cutout/h9a8ov1763669363.png
S. Kumbedi,https://r2.thesportsdb.com/images/media/player/cutout/xqebck1763669377.png
J. Mæhle,https://r2.thesportsdb.com/images/media/player/cutout/xxsayw1763669423.png
D. Odogu,https://r2.thesportsdb.com/images/media/player/cutout/ld3b8q1758893781.png
K. Paredes,https://r2.thesportsdb.com/images/media/player/cutout/chsspk1763384490.png
D. Pejčinović,https://r2.thesportsdb.com/images/media/player/cutout/5779333.png
P. Pervan,https://r2.thesportsdb.com/images/media/player/cutout/cscp3j1763669536.png
K. Shiogai,https://r2.thesportsdb.com/images/media/player/cutout/q2sfl91764537536.png
A. Skov Olsen,https://r2.thesportsdb.com/images/media/player/cutout/1mcvp31763669480.png
M. Svanberg,https://r2.thesportsdb.com/images/media/player/cutout/k8h06w1763669622.png
D. Vavro,https://r2.thesportsdb.com/images/media/player/cutout/98vbmk1763669641.png
Vinicius Souza,https://r2.thesportsdb.com/images/media/player/cutout/8qv2sf1763669602.png
P. Wimmer,https://r2.thesportsdb.com/images/media/player/cutout/aoqcdw1716209627.png
A. Zehnter,https://r2.thesportsdb.com/images/media/player/cutout/2i74lh1763669694.png
H. Abdelli,https://r2.thesportsdb.com/images/media/player/cutout/yaf2kv1765913883.png
J. Allevinah,https://r2.thesportsdb.com/images/media/player/cutout/9b84dn1765913909.png
C. Arcus,https://r2.thesportsdb.com/images/media/player/cutout/2e5idv1765913925.png
H. Belkebla,https://r2.thesportsdb.com/images/media/player/cutout/sd0vwd1765913952.png
Y. Belkhdim,https://r2.thesportsdb.com/images/media/player/cutout/syxnf81765913965.png
E. Biumla,https://r2.thesportsdb.com/images/media/player/cutout/r6r5kn1765913979.png
P. Capelle,https://r2.thesportsdb.com/images/media/player/cutout/q6zt281765914011.png
M. Courcoul,https://r2.thesportsdb.com/images/media/player/cutout/9yxle31765914047.png
J. Ekomié,https://r2.thesportsdb.com/images/media/player/cutout/fp17aw1765914062.png
F. Hanin,https://r2.thesportsdb.com/images/media/player/cutout/keldlo1765914098.png
H. Koffi,https://r2.thesportsdb.com/images/media/player/cutout/wmjajg1678372432.png
E. Lepaul,https://r2.thesportsdb.com/images/media/player/cutout/peqob21766136131.png
L. Mouton,https://r2.thesportsdb.com/images/media/player/cutout/jq0gc61765914182.png
P. Peter,https://r2.thesportsdb.com/images/media/player/cutout/ku0iy21662646196.png
O. Pona,https://r2.thesportsdb.com/images/media/player/cutout/pbf2481667755792.png
L. Raolisoa,https://r2.thesportsdb.com/images/media/player/cutout/3ycg421765914213.png
A. Sbaï,https://r2.thesportsdb.com/images/media/player/cutout/rm2hlk1765835200.png
N. Ahamada,https://r2.thesportsdb.com/images/media/player/cutout/vbcufg1766828153.png
C. Akpa,https://r2.thesportsdb.com/images/media/player/cutout/28016409.png
T. Bair,https://r2.thesportsdb.com/images/media/player/thumb/wsppvu1471355631.jpg
J. Casimir,https://r2.thesportsdb.com/images/media/player/thumb/8f38tq1549734943.jpg
K. Danois,https://r2.thesportsdb.com/images/media/player/cutout/ekouta1765920374.png
T. De Percin,https://r2.thesportsdb.com/images/media/player/cutout/owm8id1765920709.png
A. Dioussé,https://r2.thesportsdb.com/images/media/player/cutout/59dd7q1765920416.png
O. El Azzouzi,https://r2.thesportsdb.com/images/media/player/cutout/s5st461765920311.png
S. Mara,https://r2.thesportsdb.com/images/media/player/cutout/916485.png
R. Matondo,https://r2.thesportsdb.com/images/media/player/cutout/dd85c41717919972.png
D. Namaso,https://r2.thesportsdb.com/images/media/player/cutout/y87bpz1765920491.png
T. Negrel,https://r2.thesportsdb.com/images/media/player/cutout/bzhjg61765920518.png
B. Okoh,https://r2.thesportsdb.com/images/media/player/thumb/0cwo9e1651057570.jpg
A. Onaiwu,https://r2.thesportsdb.com/images/media/player/cutout/w7l7tb1681642222.png
F. Oppegård,https://r2.thesportsdb.com/images/media/player/cutout/e3yfnh1765920649.png
G. Osho,https://r2.thesportsdb.com/images/media/player/cutout/bxw02t1759603169.png
I. Osman,https://r2.thesportsdb.com/images/media/player/cutout/z80s9w1684318817.png
E. Owusu,https://r2.thesportsdb.com/images/media/player/cutout/t2ih681765552101.png
M. Senaya,https://r2.thesportsdb.com/images/media/player/cutout/scdnlk1765920733.png
F. Sierralta,https://r2.thesportsdb.com/images/media/player/cutout/m98qh01765920749.png
L. Sinayoko,https://r2.thesportsdb.com/images/media/player/cutout/r5684k1765920768.png
T. Siwe,https://r2.thesportsdb.com/images/media/player/cutout/2r1jc41756020748.png
M. Akliouche,https://r2.thesportsdb.com/images/media/player/cutout/2x2cfx1766237890.png
F. Balogun,https://r2.thesportsdb.com/images/media/player/cutout/rpqt0c1766237910.png
Y. Benchaouch,https://r2.thesportsdb.com/images/media/player/cutout/7errrm1765886050.png
M. Biereth,https://r2.thesportsdb.com/images/media/player/cutout/wscwg11766237938.png
P. Cabral,https://r2.thesportsdb.com/images/media/player/cutout/958132.png
Caio Henrique,https://r2.thesportsdb.com/images/media/player/cutout/mhzdcn1766238061.png
E. Dier,https://r2.thesportsdb.com/images/media/player/cutout/dswb3i1766238015.png
W. Faes,https://r2.thesportsdb.com/images/media/player/cutout/c20fnd1772104361.png
Ansu Fati,https://r2.thesportsdb.com/images/media/player/cutout/54v6h91766238031.png
A. Golovin,https://r2.thesportsdb.com/images/media/player/cutout/ljnuwy1766238045.png
L. Hrádecký,https://r2.thesportsdb.com/images/media/player/cutout/mjr8ep1766238077.png
G. Ilenikhena,https://r2.thesportsdb.com/images/media/player/cutout/1oxhek1766238106.png
T. Kehrer,https://r2.thesportsdb.com/images/media/player/cutout/f1a7kt1766238123.png
Y. Lienard,https://r2.thesportsdb.com/images/media/player/cutout/oe5njg1607871624.png
C. Mawissa,https://r2.thesportsdb.com/images/media/player/cutout/znr18c1766238182.png
T. Minamino,https://r2.thesportsdb.com/images/media/player/cutout/a6g0551766238256.png
P. Pogba,https://r2.thesportsdb.com/images/media/player/cutout/3fv73s1766238293.png
M. Salisu,https://r2.thesportsdb.com/images/media/player/cutout/lrp4yl1766238308.png
W. Singo,https://r2.thesportsdb.com/images/media/player/cutout/zwfgmo1769177983.png
J. Teze,https://r2.thesportsdb.com/images/media/player/cutout/woqyln1766238330.png
Vanderson,https://r2.thesportsdb.com/images/media/player/cutout/51sbyv1766238350.png
D. Zakaria,https://r2.thesportsdb.com/images/media/player/cutout/8zhxy71701203287.png
L. Abergel,https://r2.thesportsdb.com/images/media/player/cutout/mvm19z1766087991.png
N. Adjei,https://r2.thesportsdb.com/images/media/player/thumb/ccre861547640746.jpg
A. Avom,https://r2.thesportsdb.com/images/media/player/cutout/91xazv1765969083.png
N. Cadiou,https://r2.thesportsdb.com/images/media/player/cutout/xky5nx1766088012.png
B. Dieng,https://r2.thesportsdb.com/images/media/player/thumb/h8t6kz1535876225.jpg
B. Fadiga,https://r2.thesportsdb.com/images/media/player/cutout/1x0ptr1765969366.png
Igor Silva,https://r2.thesportsdb.com/images/media/player/cutout/xnmxq71765969809.png
D. Karim,https://r2.thesportsdb.com/images/media/player/cutout/fv8l111658437665.png
P. Katseris,https://r2.thesportsdb.com/images/media/player/cutout/luu0vn1765969572.png
T. Le Bris,https://r2.thesportsdb.com/images/media/player/cutout/916329.png
B. Leroy,https://r2.thesportsdb.com/images/media/player/thumb/8xgv7w1509544173.jpg
Y. Mvogo,https://r2.thesportsdb.com/images/media/player/cutout/ic8gbl1765969788.png
J. Mvuka,https://r2.thesportsdb.com/images/media/player/cutout/l10vzq1765969765.png
P. Pagis,https://r2.thesportsdb.com/images/media/player/cutout/w0b8c81765969745.png
S. Soumano,https://r2.thesportsdb.com/images/media/player/cutout/8fimgf1765969855.png
D. Yongwa,https://r2.thesportsdb.com/images/media/player/cutout/2168bp1765969918.png
G. Abuashvili,https://r2.thesportsdb.com/images/media/player/cutout/dkrx2b1766163912.png
J. Asoro,https://r2.thesportsdb.com/images/media/player/cutout/492f7c1766163929.png
F. Ballo-Touré,https://r2.thesportsdb.com/images/media/player/cutout/ccaryz1766164194.png
M. Bokele Mputu,https://r2.thesportsdb.com/images/media/player/cutout/l3sbvy1769091808.png
M. Colin,https://r2.thesportsdb.com/images/media/player/cutout/5119852.png
J. Deminguet,https://r2.thesportsdb.com/images/media/player/cutout/8narkx1766163976.png
J. Gbamin,https://r2.thesportsdb.com/images/media/player/cutout/xnu5up1766164024.png
K. Kouao,https://r2.thesportsdb.com/images/media/player/cutout/dsj9ul1766164056.png
G. Kvilitaia,https://r2.thesportsdb.com/images/media/player/thumb/zt4iz81716620704.jpg
Y. Lawson,https://r2.thesportsdb.com/images/media/player/thumb/5u02ob1522152310.jpg
B. Madjo,https://r2.thesportsdb.com/images/media/player/cutout/55iudg1767869841.png
J. Mangondo,https://r2.thesportsdb.com/images/media/player/cutout/i49qbl1766164071.png
M. Mboula,https://r2.thesportsdb.com/images/media/player/cutout/aca9as1630010610.png
B. Stambouli,https://r2.thesportsdb.com/images/media/player/cutout/ud285h1766164166.png
G. Tsitaishvili,https://r2.thesportsdb.com/images/media/player/cutout/obooij1766164238.png
K. Van Den Kerkhof,https://r2.thesportsdb.com/images/media/player/cutout/ank45c1767730717.png
T. Yegbe,https://r2.thesportsdb.com/images/media/player/cutout/qh4d6e1766164254.png
T. Dos Santos,https://r2.thesportsdb.com/images/media/player/cutout/ngtq6m1750329281.png
M. Abline,https://r2.thesportsdb.com/images/media/player/cutout/dlr6yc1765876800.png
K. Amian,https://r2.thesportsdb.com/images/media/player/cutout/opxy7s1765875970.png
Anthony Lopes,https://r2.thesportsdb.com/images/media/player/cutout/ollduw1765875446.png
C. Awaziem,https://r2.thesportsdb.com/images/media/player/cutout/wsmqiv1765875728.png
Y. Benhattab,https://r2.thesportsdb.com/images/media/player/cutout/1st2ph1765876734.png
R. Cabella,https://r2.thesportsdb.com/images/media/player/cutout/7rg0fg1757748170.png
P. Carlgren,https://r2.thesportsdb.com/images/media/player/cutout/b3otoc1765875473.png
F. Centonze,https://r2.thesportsdb.com/images/media/player/cutout/anq8gw1765875759.png
F. Coquelin,https://r2.thesportsdb.com/images/media/player/cutout/4gl0uc1765876398.png
N. Cozza,https://r2.thesportsdb.com/images/media/player/cutout/7z5tim1765875406.png
J. Duverne,https://r2.thesportsdb.com/images/media/player/cutout/0h4tr61767536620.png
Y. El-Arabi,https://r2.thesportsdb.com/images/media/player/cutout/c7vlss1765877076.png
I. Ganago,https://www.thesportsdb.com/images/media/player/cutout/p5eq4h1778268401.png
F. Guilbert,https://r2.thesportsdb.com/images/media/player/cutout/e00qhe1764339000.png
Hong Hyun-Seok,https://r2.thesportsdb.com/images/media/player/cutout/bwhqch1765876319.png
Kwon Hyeok-Kyu,https://r2.thesportsdb.com/images/media/player/cutout/7dq6qe1773246789.png
J. Lepenant,https://r2.thesportsdb.com/images/media/player/cutout/g934ws1765876365.png
L. Leroux,https://r2.thesportsdb.com/images/media/player/cutout/xey3yw1659544128.png
D. Machado,https://r2.thesportsdb.com/images/media/player/cutout/3vi54y1602515436.png
A. Mirbach,https://r2.thesportsdb.com/images/media/player/cutout/nn81c91765875609.png
Mostafa Mohamed,https://r2.thesportsdb.com/images/media/player/cutout/ebm0591765877211.png
J. Mwanga,https://r2.thesportsdb.com/images/media/player/cutout/xhnut81765876707.png
U. Radaković,https://r2.thesportsdb.com/images/media/player/cutout/wei0r81765875799.png
I. Sissoko,https://r2.thesportsdb.com/images/media/player/cutout/el25j71761216754.png
D. Tabibou,https://r2.thesportsdb.com/images/media/player/cutout/spg9kw1765876539.png
P. Argney,https://r2.thesportsdb.com/images/media/player/cutout/krr5u61765990139.png
S. Boufal,https://r2.thesportsdb.com/images/media/player/cutout/ap1jem1767102555.png
M. Diaw,https://r2.thesportsdb.com/images/media/player/thumb/e2ur4a1532343970.jpg
S. Ebonog,https://r2.thesportsdb.com/images/media/player/cutout/kqexn61765990197.png
G. Gomis,https://r2.thesportsdb.com/images/media/player/cutout/e1em091713960007.png
L. Gourna-Douath,https://r2.thesportsdb.com/images/media/player/cutout/cx36zd1609236498.png
Y. Kechta,https://r2.thesportsdb.com/images/media/player/cutout/51gewe1765990480.png
R. Khadra,https://r2.thesportsdb.com/images/media/player/cutout/o5i7z31765990495.png
G. Kyeremeh,https://r2.thesportsdb.com/images/media/player/thumb/z16s9g1511793844.jpg
G. Lloris,https://r2.thesportsdb.com/images/media/player/cutout/u9nk5p1750910221.png
F. Mambimbi,https://r2.thesportsdb.com/images/media/player/cutout/fuc0sc1765990577.png
D. Mosengo,https://r2.thesportsdb.com/images/media/player/cutout/b7wl5w1765990594.png
L. Mpasi,https://r2.thesportsdb.com/images/media/player/cutout/so1nnt1765990609.png
L. Nego,https://r2.thesportsdb.com/images/media/player/cutout/beon3e1765990656.png
T. Pembélé,https://r2.thesportsdb.com/images/media/player/cutout/kqcl6w1757072682.png
D. Pizarro,https://r2.thesportsdb.com/images/media/player/cutout/xcgiik1578084039.png
M. Samatta,https://r2.thesportsdb.com/images/media/player/cutout/8eqvao1765990688.png
A. Sangante,https://r2.thesportsdb.com/images/media/player/cutout/t7b58o1705330394.png
I. Soumaré,https://r2.thesportsdb.com/images/media/player/cutout/gcy51k1761861802.png
A. Teixeira,https://r2.thesportsdb.com/images/media/player/cutout/wpstrt1431813649.png
A. Thiare,https://www.thesportsdb.com/images/media/player/cutout/ywed6x1777987531.png
É. Youté,https://r2.thesportsdb.com/images/media/player/cutout/025b191765990511.png
G. Zohouri,https://r2.thesportsdb.com/images/media/player/cutout/mwqhvp1630002719.png
Y. Zouaoui,https://r2.thesportsdb.com/images/media/player/cutout/wmadcv1765990782.png
Alexsandro Ribeiro,https://r2.thesportsdb.com/images/media/player/cutout/7ldspy1766077352.png
N. Bentaleb,https://r2.thesportsdb.com/images/media/player/cutout/ryrkw41766077386.png
A. Bodart,https://r2.thesportsdb.com/images/media/player/cutout/lyge411766077401.png
A. Bouaddi,https://r2.thesportsdb.com/images/media/player/cutout/g1bppf1766077416.png
M. Broholm,https://r2.thesportsdb.com/images/media/player/cutout/h4dxgi1766077429.png
M. Caillard,https://r2.thesportsdb.com/images/media/player/cutout/yiujkz1766077444.png
Félix Correia,https://r2.thesportsdb.com/images/media/player/cutout/lpkgpm1766077457.png
O. Giroud,https://r2.thesportsdb.com/images/media/player/cutout/d8iadf1766077487.png
H. Haraldsson,https://r2.thesportsdb.com/images/media/player/cutout/vul2om1766077518.png
H. Igamane,https://r2.thesportsdb.com/images/media/player/cutout/s2bjyy1766077535.png
A. Mandi,https://r2.thesportsdb.com/images/media/player/cutout/u0lyro1766078291.png
C. Mbemba,https://r2.thesportsdb.com/images/media/player/cutout/t1hca41766077569.png
T. Meunier,https://r2.thesportsdb.com/images/media/player/cutout/r7zcgl1766077606.png
N. Mukau,https://r2.thesportsdb.com/images/media/player/cutout/grieht1766077620.png
N. Ngoy,https://r2.thesportsdb.com/images/media/player/thumb/uzlopv1509657290.jpg
R. Perraud,https://r2.thesportsdb.com/images/media/player/cutout/i8bqez1766077669.png
G. Perrin,https://r2.thesportsdb.com/images/media/player/cutout/xbe0tu1713941668.png
O. Sahraoui,https://r2.thesportsdb.com/images/media/player/cutout/ijzyjx1766077685.png
Tiago Santos,https://r2.thesportsdb.com/images/media/player/cutout/lh5qbg1766077705.png
C. Verdonk,https://r2.thesportsdb.com/images/media/player/cutout/sxex7w1766077734.png
E. Zhegrova,https://r2.thesportsdb.com/images/media/player/cutout/0cl9vy1759225607.png
B. Özer,https://r2.thesportsdb.com/images/media/player/cutout/23zoe31766077654.png
A. Abdi,https://r2.thesportsdb.com/images/media/player/cutout/5725575.png
M. Bard,https://r2.thesportsdb.com/images/media/player/cutout/u70jwy1632258775.png
J. Boga,https://www.thesportsdb.com/images/media/player/cutout/9dndpt1776674931.png
M. Bombito,https://r2.thesportsdb.com/images/media/player/cutout/pz6zo51766319628.png
H. Boudaoui,https://r2.thesportsdb.com/images/media/player/cutout/pkjb4y1766319645.png
B. Brahimi,https://r2.thesportsdb.com/images/media/player/cutout/lidosn1714637921.png
J. Clauss,https://r2.thesportsdb.com/images/media/player/cutout/lmb4f41766319695.png
M. Dupé,https://r2.thesportsdb.com/images/media/player/cutout/kau8e01766319761.png
I. Jansson,https://r2.thesportsdb.com/images/media/player/cutout/3znyqr1719476042.png
Kevin Carlos,https://r2.thesportsdb.com/images/media/player/cutout/e4meya1766319660.png
H. Koutoune,https://www.thesportsdb.com/images/media/player/thumb/1vqx6u1779054331.jpg
T. Louchet,https://r2.thesportsdb.com/images/media/player/cutout/i1bul61766319793.png
Mohamed Abdelmonem,https://r2.thesportsdb.com/images/media/player/cutout/v3aiug1766319519.png
L. Monteiro,https://r2.thesportsdb.com/images/media/player/cutout/744603.png
Y. Ndayishimiye,https://r2.thesportsdb.com/images/media/player/cutout/k0ku531766319844.png
T. Ndombélé,https://r2.thesportsdb.com/images/media/player/cutout/2hw5fx1766319860.png
B. Nguene,https://r2.thesportsdb.com/images/media/player/cutout/shkehe1766319875.png
K. Peprah Oppong,https://r2.thesportsdb.com/images/media/player/cutout/lym9oq1766319891.png
P. Rosario,https://r2.thesportsdb.com/images/media/player/cutout/4ksqzj1700558601.png
M. Sanson,https://r2.thesportsdb.com/images/media/player/cutout/bqld1d1766319928.png
Tiago Gouveia,https://r2.thesportsdb.com/images/media/player/cutout/fwlm6w1766319777.png
C. Vanhoutte,https://r2.thesportsdb.com/images/media/player/cutout/dsej2z1766319950.png
M. Youssouf,https://r2.thesportsdb.com/images/media/player/thumb/vuvvty1471355540.jpg
M. Youst,https://r2.thesportsdb.com/images/media/player/cutout/sagmip1765803044.png
B. Żelazowski,https://r2.thesportsdb.com/images/media/player/cutout/bgr8pe1766319966.png
P. Aubameyang,https://r2.thesportsdb.com/images/media/player/cutout/479b7b1766151844.png
L. Balerdi,https://r2.thesportsdb.com/images/media/player/cutout/qmafbd1766151863.png
M. Clement,https://r2.thesportsdb.com/images/media/player/thumb/gmgx6m1517656227.jpg
D. Cornelius,https://r2.thesportsdb.com/images/media/player/cutout/wazbxu1742484971.png
C. Egan-Riley,https://r2.thesportsdb.com/images/media/player/cutout/k47qnr1766153107.png
Emerson,https://r2.thesportsdb.com/images/media/player/cutout/nye4mb1641222077.png
U. Garcia,https://r2.thesportsdb.com/images/media/player/cutout/7b88xv1603316416.png
A. Gouiri,https://r2.thesportsdb.com/images/media/player/cutout/74eam91766152411.png
A. Harit,https://r2.thesportsdb.com/images/media/player/cutout/tn1y8q1724525279.png
P. Højbjerg,https://r2.thesportsdb.com/images/media/player/cutout/kdktqx1766152430.png
Igor Paixão,https://r2.thesportsdb.com/images/media/player/cutout/ub2by81766153450.png
G. Kondogbia,https://r2.thesportsdb.com/images/media/player/cutout/atlueu1766152448.png
A. Lago,https://r2.thesportsdb.com/images/media/player/cutout/ulurwa1632345520.png
Pol Lirola,https://r2.thesportsdb.com/images/media/player/cutout/u2opeo1766153155.png
B. Pavard,https://r2.thesportsdb.com/images/media/player/cutout/d9p3381766153512.png
A. Rabiot,https://r2.thesportsdb.com/images/media/player/cutout/m2upnx1758893486.png
G. Rulli,https://r2.thesportsdb.com/images/media/player/cutout/cpkkmg1766153528.png
H. Slimani,https://r2.thesportsdb.com/images/media/player/cutout/dms6w41674732365.png
R. Vaz,https://r2.thesportsdb.com/images/media/player/cutout/wrupsy1432743178.png
A. Vermeeren,https://r2.thesportsdb.com/images/media/player/cutout/tm5tdu1766153562.png
T. Weah,https://r2.thesportsdb.com/images/media/player/cutout/0pfcow1640301905.png
J. de Lange,https://r2.thesportsdb.com/images/media/player/cutout/n1kkw41767097667.png
Afonso Moreira,https://r2.thesportsdb.com/images/media/player/cutout/tosz7u1766146497.png
Clinton Mata,https://r2.thesportsdb.com/images/media/player/cutout/a3ubs61766146451.png
R. Descamps,https://r2.thesportsdb.com/images/media/player/cutout/6g93321766146312.png
F. Fall,https://r2.thesportsdb.com/images/media/player/thumb/vcmpfy1551798571.jpg
R. Ghezzal,https://r2.thesportsdb.com/images/media/player/cutout/9v4une1766146342.png
D. Greif,https://r2.thesportsdb.com/images/media/player/cutout/frejk91766146269.png
H. Hateboer,https://r2.thesportsdb.com/images/media/player/cutout/jsrw8a1766147138.png
A. Karabec,https://r2.thesportsdb.com/images/media/player/cutout/ezzn6e1766146390.png
A. Maitland-Niles,https://r2.thesportsdb.com/images/media/player/cutout/wevb6y1766146418.png
O. Mangala,https://r2.thesportsdb.com/images/media/player/cutout/d3j6i21603374659.png
Mathys de Carvalho,https://r2.thesportsdb.com/images/media/player/cutout/mjdy2j1766146297.png
K. Merah,https://r2.thesportsdb.com/images/media/player/cutout/qwomuq1766146466.png
M. Niakhaté,https://r2.thesportsdb.com/images/media/player/cutout/ua1b511766146528.png
E. Nuamah,https://r2.thesportsdb.com/images/media/player/cutout/p4wa4o1766146544.png
N. Tagliafico,https://r2.thesportsdb.com/images/media/player/cutout/4z43fy1766146600.png
T. Tessmann,https://r2.thesportsdb.com/images/media/player/cutout/txkxbo1766146622.png
C. Tolisso,https://r2.thesportsdb.com/images/media/player/cutout/r5r8x61766146638.png
R. Yaremchuk,https://r2.thesportsdb.com/images/media/player/cutout/zycoe91701177966.png
M. Dao,https://r2.thesportsdb.com/images/media/player/thumb/j3s7nw1551798168.jpg
M. Cafaro,https://r2.thesportsdb.com/images/media/player/cutout/17il811766330079.png
T. De Smet,https://r2.thesportsdb.com/images/media/player/cutout/jtyofo1766329432.png
N. Dicko,https://r2.thesportsdb.com/images/media/player/cutout/k2ntty1766329045.png
W. Geubbels,https://r2.thesportsdb.com/images/media/player/cutout/r2w3cx1766329083.png
A. Gory,https://r2.thesportsdb.com/images/media/player/cutout/qlb1jf1766329096.png
P. Hamel,https://r2.thesportsdb.com/images/media/player/cutout/cialuh1607082030.png
J. Ikoné,https://r2.thesportsdb.com/images/media/player/cutout/qyhkai1766329153.png
C. Immobile,https://r2.thesportsdb.com/images/media/player/cutout/ezenpi1758897200.png
I. Kebbal,https://r2.thesportsdb.com/images/media/player/cutout/2mv4f11766329171.png
T. Kolodziejczak,https://r2.thesportsdb.com/images/media/player/cutout/je9boy1679750191.png
Y. Koré,https://r2.thesportsdb.com/images/media/player/cutout/140200.png
J. Krasso,https://r2.thesportsdb.com/images/media/player/cutout/kvb4j71766329205.png
P. Lees-Melou,https://r2.thesportsdb.com/images/media/player/cutout/23hss21766329292.png
V. Marchetti,https://r2.thesportsdb.com/images/media/player/cutout/ivjnft1608643832.png
O. Nkambadio,https://r2.thesportsdb.com/images/media/player/cutout/ffpwqx1766329312.png
Otávio,https://r2.thesportsdb.com/images/media/player/cutout/dkg4cz1679049726.png
R. Riou,https://r2.thesportsdb.com/images/media/player/cutout/3504015.png
K. Trapp,https://r2.thesportsdb.com/images/media/player/cutout/ylsd641766329468.png
B. Barcola,https://r2.thesportsdb.com/images/media/player/cutout/l2v71f1766334537.png
Lucas Beraldo,https://r2.thesportsdb.com/images/media/player/cutout/v6nvhs1766334559.png
L. Chevalier,https://r2.thesportsdb.com/images/media/player/cutout/34006874.png
T. Cordier,https://r2.thesportsdb.com/images/media/player/thumb/h1ngns1665127809.jpg
Gonçalo Ramos,https://r2.thesportsdb.com/images/media/player/cutout/47dx051766335509.png
A. Hakimi,https://r2.thesportsdb.com/images/media/player/cutout/oqu69c1766335243.png
João Neves,https://r2.thesportsdb.com/images/media/player/cutout/2q9ahn1766335473.png
K. Kvaratskhelia,https://r2.thesportsdb.com/images/media/player/cutout/n4iv5t1766335312.png
Lee Kang-In,https://r2.thesportsdb.com/images/media/player/cutout/3jhw2d1766335293.png
Marquinhos,https://r2.thesportsdb.com/images/media/player/cutout/7x9gtl1766335348.png
Q. Ndjantou,https://r2.thesportsdb.com/images/media/player/cutout/ole7u61766335683.png
Nuno Mendes,https://r2.thesportsdb.com/images/media/player/cutout/zhdk3h1766335452.png
Fabián Ruiz,https://r2.thesportsdb.com/images/media/player/cutout/wq4dxd1766335227.png
M. Safonov,https://r2.thesportsdb.com/images/media/player/cutout/j9y7db1766335525.png
I. Zabarnyi,https://r2.thesportsdb.com/images/media/player/cutout/p0mun41766335563.png
W. Zaïre-Emery,https://r2.thesportsdb.com/images/media/player/cutout/fjxbac1766335583.png
R. Aguilar,https://r2.thesportsdb.com/images/media/player/cutout/5261769.png
S. Baidoo,https://r2.thesportsdb.com/images/media/player/cutout/m41uua1766006836.png
A. Bermont,https://r2.thesportsdb.com/images/media/player/cutout/kkb8hf1766004760.png
M. Gorgelin,https://r2.thesportsdb.com/images/media/player/cutout/zsnfw31702297663.png
J. Gradit,https://r2.thesportsdb.com/images/media/player/cutout/052ozy1766005892.png
M. Guilavogui,https://r2.thesportsdb.com/images/media/player/cutout/kwzxrf1710255041.png
R. Gurtner,https://r2.thesportsdb.com/images/media/player/thumb/8pc7tp1549623729.jpg
I. Jourdren,https://r2.thesportsdb.com/images/media/player/cutout/918869.png
O. Lenne,https://r2.thesportsdb.com/images/media/player/cutout/n398ik1661970497.png
H. Ojediran,https://www.thesportsdb.com/images/media/player/cutout/mfxlns1777989298.png
R. Risser,https://r2.thesportsdb.com/images/media/player/cutout/tqtcbn1766004778.png
A. Saint-Maximin,https://r2.thesportsdb.com/images/media/player/cutout/s0ikbc1769179797.png
Saud Abdulhamid,https://r2.thesportsdb.com/images/media/player/cutout/37g75w1766004681.png
F. Sotoca,https://r2.thesportsdb.com/images/media/player/cutout/8ywss61766006244.png
F. Thauvin,https://r2.thesportsdb.com/images/media/player/cutout/r1e4vt1766006281.png
A. Thomasson,https://r2.thesportsdb.com/images/media/player/cutout/qit97c1766006297.png
M. Udol,https://r2.thesportsdb.com/images/media/player/cutout/q8zhfd1766006311.png
S. Amo-Ameyaw,https://r2.thesportsdb.com/images/media/player/cutout/atrz701766053905.png
M. Amougou,https://r2.thesportsdb.com/images/media/player/cutout/4fptlh1766402320.png
V. Barco,https://r2.thesportsdb.com/images/media/player/thumb/862tvc1741798624.jpg
B. Chilwell,https://r2.thesportsdb.com/images/media/player/cutout/hmc0tf1766054345.png
Y. Diémé,https://r2.thesportsdb.com/images/media/player/cutout/1kcjzj1679578316.png
I. Doukouré,https://r2.thesportsdb.com/images/media/player/cutout/5eihdw1604227535.png
S. El Mourabet,https://r2.thesportsdb.com/images/media/player/cutout/5ay7vj1766053550.png
E. Emegha,https://r2.thesportsdb.com/images/media/player/cutout/v56o471766402381.png
J. Enciso,https://r2.thesportsdb.com/images/media/player/cutout/mvazxz1766053932.png
M. Godo,https://r2.thesportsdb.com/images/media/player/cutout/xq1uij1762901226.png
L. Høgsberg,https://r2.thesportsdb.com/images/media/player/cutout/411nil1766402906.png
K. Johnsson,https://r2.thesportsdb.com/images/media/player/cutout/jbtbfq1766402422.png
F. Lemaréchal,https://r2.thesportsdb.com/images/media/player/cutout/9267i41766402439.png
S. Nanasi,https://r2.thesportsdb.com/images/media/player/cutout/lk0r361766053527.png
R. Nzingoula,https://r2.thesportsdb.com/images/media/player/cutout/vmlvz81772655228.png
A. Omobamidele,https://r2.thesportsdb.com/images/media/player/cutout/ruq79l1766053983.png
M. Oyedele,https://r2.thesportsdb.com/images/media/player/cutout/795p4e1766402461.png
J. Panichelli,https://r2.thesportsdb.com/images/media/player/cutout/knpx6h1766053654.png
I. Samuels-Smith,https://r2.thesportsdb.com/images/media/player/cutout/efkeqd1761235075.png
E. Sobol,https://r2.thesportsdb.com/images/media/player/cutout/8087021.png
L. Ajorque,https://r2.thesportsdb.com/images/media/player/cutout/e2hba61765982480.png
J. Bourgault,https://r2.thesportsdb.com/images/media/player/cutout/dbfvkf1765982515.png
A. Camblan,https://r2.thesportsdb.com/images/media/player/cutout/0iw3ic1674732630.png
B. Chardonnet,https://r2.thesportsdb.com/images/media/player/cutout/1kboi41765982561.png
J. Chotard,https://r2.thesportsdb.com/images/media/player/cutout/bi32d91765982575.png
G. Coudert,https://r2.thesportsdb.com/images/media/player/cutout/2kdmf11765982607.png
R. Del Castillo,https://r2.thesportsdb.com/images/media/player/cutout/9f6xfe1765982548.png
J. Dina Ebimbe,https://r2.thesportsdb.com/images/media/player/cutout/wdzq561765982672.png
D. Guindo,https://r2.thesportsdb.com/images/media/player/cutout/rcshpx1765982703.png
N. Jauny,https://r2.thesportsdb.com/images/media/player/cutout/gl6skv1765982718.png
R. Labeau Lascary,https://r2.thesportsdb.com/images/media/player/cutout/8wau1o1765982734.png
J. Le Cardinal,https://r2.thesportsdb.com/images/media/player/cutout/iksd4h1609023202.png
B. Locko,https://r2.thesportsdb.com/images/media/player/cutout/o6lrb91765982763.png
H. Magnetti,https://r2.thesportsdb.com/images/media/player/cutout/yeam2j1765982779.png
R. Majecki,https://r2.thesportsdb.com/images/media/player/cutout/r6awrf1765982795.png
H. Makalou,https://r2.thesportsdb.com/images/media/player/cutout/57uos61765982809.png
Mama Baldé,https://r2.thesportsdb.com/images/media/player/cutout/eybpmw1765982503.png
H. Mbock,https://r2.thesportsdb.com/images/media/player/cutout/159dgz1608389096.png
P. Mboup,https://r2.thesportsdb.com/images/media/player/cutout/hytite1765982825.png
L. Tousart,https://r2.thesportsdb.com/images/media/player/cutout/njzmr41765982842.png
L. Zogbé,https://r2.thesportsdb.com/images/media/player/cutout/1ifq6d1765982858.png
D. Alemdar,https://r2.thesportsdb.com/images/media/player/cutout/8rk5v51681417073.png
A. Aït Boudlal,https://r2.thesportsdb.com/images/media/player/cutout/76uh8s1766136261.png
L. Blas,https://r2.thesportsdb.com/images/media/player/cutout/719793.png
L. Brassier,https://r2.thesportsdb.com/images/media/player/cutout/ln63ex1766136158.png
B. Embolo,https://r2.thesportsdb.com/images/media/player/cutout/k5xqvx1766136320.png
P. Frankowski,https://r2.thesportsdb.com/images/media/player/cutout/qty9051766136429.png
Q. Merlin,https://r2.thesportsdb.com/images/media/player/thumb/oqfhot1522233810.jpg
A. Nagida,https://r2.thesportsdb.com/images/media/player/cutout/iiv7oq1766137455.png
V. Rongier,https://r2.thesportsdb.com/images/media/player/cutout/l1y41h1766136373.png
A. Rouault,https://r2.thesportsdb.com/images/media/player/cutout/cp7kyv1766136204.png
A. Seidu,https://r2.thesportsdb.com/images/media/player/cutout/cb7p4h1766137895.png
S. Szymański,https://www.thesportsdb.com/images/media/player/cutout/84e0jl1779276436.png
C. Wooh,https://r2.thesportsdb.com/images/media/player/cutout/cc23hy1681417318.png
C. Cresswell,https://r2.thesportsdb.com/images/media/player/cutout/lmz6cs1761251197.png
C. Cásseres,https://r2.thesportsdb.com/images/media/player/cutout/tyvgck1765967018.png
Álex Domínguez,https://r2.thesportsdb.com/images/media/player/cutout/ty0o6e1724150081.png
A. Dønnum,https://r2.thesportsdb.com/images/media/player/cutout/n7b1xn1765968347.png
A. El Ouali,https://r2.thesportsdb.com/images/media/player/thumb/7mnzvl1551709957.jpg
Emersonn,https://r2.thesportsdb.com/images/media/player/cutout/t3htmd1765966842.png
T. Garondo,https://r2.thesportsdb.com/images/media/player/cutout/mv8pgj1765968024.png
Y. Gboho,https://r2.thesportsdb.com/images/media/player/cutout/nvs4871765967571.png
W. Kamanzi,https://r2.thesportsdb.com/images/media/player/cutout/nfx2v71765968400.png
S. Koumbassa,https://r2.thesportsdb.com/images/media/player/cutout/bhyku71765968846.png
M. McKenzie,https://r2.thesportsdb.com/images/media/player/cutout/5204470.png
R. Messali,https://r2.thesportsdb.com/images/media/player/cutout/6jhj0i1765968763.png
D. Methalie,https://r2.thesportsdb.com/images/media/player/cutout/5fbhj51765967100.png
R. Nicolaisen,https://r2.thesportsdb.com/images/media/player/cutout/vze8r51765967536.png
G. Restes,https://r2.thesportsdb.com/images/media/player/cutout/3hgd7j1765967162.png
J. Russell-Rowe,https://r2.thesportsdb.com/images/media/player/cutout/3dja3c1766427944.png
M. Sauer,https://r2.thesportsdb.com/images/media/player/cutout/3cggnk1715285672.png
D. Sidibé,https://r2.thesportsdb.com/images/media/player/cutout/3e8r121765967510.png
J. Vignolo,https://r2.thesportsdb.com/images/media/player/cutout/b602lg1766405230.png
A. Vossah,https://r2.thesportsdb.com/images/media/player/cutout/h1bs9r1765967233.png
D. Zema,https://r2.thesportsdb.com/images/media/player/thumb/x47te61534346774.jpg
L. Balbo,https://r2.thesportsdb.com/images/media/player/cutout/3bucsw1662027937.png
R. Braschi,https://r2.thesportsdb.com/images/media/player/cutout/zct88q1758891633.png
M. Brescianini,https://r2.thesportsdb.com/images/media/player/cutout/ocq8f91764281054.png
P. Comuzzo,https://r2.thesportsdb.com/images/media/player/cutout/2hm6uu1758891667.png
E. Džeko,https://r2.thesportsdb.com/images/media/player/cutout/0jo14d1773611434.png
N. Fagioli,https://r2.thesportsdb.com/images/media/player/cutout/d4gbgc1758891694.png
N. Fortini,https://r2.thesportsdb.com/images/media/player/cutout/n5zqco1758891721.png
R. Gosens,https://r2.thesportsdb.com/images/media/player/cutout/5tj0m51758891747.png
E. Košpo,https://r2.thesportsdb.com/images/media/player/cutout/ltp5tx1758891792.png
E. Kouadio,https://r2.thesportsdb.com/images/media/player/cutout/x3vmjo1750753547.png
C. Kouamé,https://r2.thesportsdb.com/images/media/player/cutout/sjz7nd1697894438.png
T. Lamptey,https://r2.thesportsdb.com/images/media/player/cutout/6yglit1758891885.png
L. Lezzerini,https://r2.thesportsdb.com/images/media/player/cutout/2rvj7r1758891901.png
R. Mandragora,https://r2.thesportsdb.com/images/media/player/cutout/slgfda1758891918.png
T. Martinelli,https://r2.thesportsdb.com/images/media/player/cutout/43006782.png
Pablo Marí,https://r2.thesportsdb.com/images/media/player/cutout/hprs2a1758891930.png
H. Nicolussi,https://www.thesportsdb.com/images/media/player/cutout/cfsog11777708265.png
F. Parisi,https://r2.thesportsdb.com/images/media/player/cutout/xj0yr01758892077.png
R. Piccoli,https://r2.thesportsdb.com/images/media/player/cutout/jtmqm31758892088.png
M. Pongračić,https://r2.thesportsdb.com/images/media/player/cutout/siq0vs1758892100.png
L. Ranieri,https://r2.thesportsdb.com/images/media/player/thumb/bd90481549368495.jpg
D. Rugani,https://www.thesportsdb.com/images/media/player/cutout/p9ftr21776937845.png
A. Sabiri,https://r2.thesportsdb.com/images/media/player/cutout/5h3awh1758892137.png
S. Sohm,https://www.thesportsdb.com/images/media/player/cutout/ssk8f71776674671.png
M. Viti,https://r2.thesportsdb.com/images/media/player/cutout/43009073.png
David de Gea,https://r2.thesportsdb.com/images/media/player/cutout/w3p74l1758891733.png
Z. Athekame,https://r2.thesportsdb.com/images/media/player/cutout/invusy1758893640.png
D. Bartesaghi,https://r2.thesportsdb.com/images/media/player/cutout/65the81758893372.png
K. De Winter,https://r2.thesportsdb.com/images/media/player/cutout/18003751.png
P. Estupiñán,https://r2.thesportsdb.com/images/media/player/cutout/qc2kib1758892363.png
M. Gabbia,https://r2.thesportsdb.com/images/media/player/cutout/oegt7j1679571106.png
A. Jashari,https://r2.thesportsdb.com/images/media/player/cutout/yvd5v21762956511.png
R. Loftus-Cheek,https://r2.thesportsdb.com/images/media/player/cutout/hydb081758892631.png
M. Maignan,https://r2.thesportsdb.com/images/media/player/cutout/sw5ukh1758892671.png
L. Modrić,https://r2.thesportsdb.com/images/media/player/cutout/msewdx1758892756.png
C. Nkunku,https://r2.thesportsdb.com/images/media/player/cutout/0zhdh61758893135.png
C. Pulišić,https://r2.thesportsdb.com/images/media/player/cutout/qwii9r1758893548.png
Rafael Leão,https://r2.thesportsdb.com/images/media/player/cutout/tlgrvf1758892567.png
S. Ricci,https://r2.thesportsdb.com/images/media/player/cutout/c24m1y1611002637.png
A. Saelemaekers,https://r2.thesportsdb.com/images/media/player/cutout/li7qc71758893296.png
J. Sardo,https://r2.thesportsdb.com/images/media/player/cutout/6100462.png
F. Tomori,https://r2.thesportsdb.com/images/media/player/cutout/7a8yy11758893186.png
L. Torriani,https://r2.thesportsdb.com/images/media/player/cutout/9qew3l1758894018.png
Angeliño,https://r2.thesportsdb.com/images/media/player/cutout/5pw52n1758816456.png
T. Baldanzi,https://r2.thesportsdb.com/images/media/player/cutout/vg7j8q1758815262.png
B. Cristante,https://r2.thesportsdb.com/images/media/player/cutout/0b2tmm1758815345.png
A. Dovbyk,https://r2.thesportsdb.com/images/media/player/cutout/ef1yx51758815098.png
P. Dybala,https://r2.thesportsdb.com/images/media/player/cutout/pjupvq1758815223.png
S. El Shaarawy,https://r2.thesportsdb.com/images/media/player/cutout/u84zag1758815313.png
D. Ghilardi,https://r2.thesportsdb.com/images/media/player/cutout/0j4b8v1758815751.png
P. Gollini,https://r2.thesportsdb.com/images/media/player/cutout/5yahro1758815679.png
Hermoso,https://r2.thesportsdb.com/images/media/player/cutout/59p2f91758815973.png
G. Mancini,https://r2.thesportsdb.com/images/media/player/cutout/tnamt91758815939.png
E. Ndicka,https://r2.thesportsdb.com/images/media/player/cutout/8ark361758816299.png
L. Pellegrini,https://r2.thesportsdb.com/images/media/player/cutout/wq1jr81758815397.png
N. Pisilli,https://r2.thesportsdb.com/images/media/player/cutout/greier1758815494.png
D. Rensch,https://r2.thesportsdb.com/images/media/player/cutout/eioup51758816339.png
A. Romano,https://r2.thesportsdb.com/images/media/player/cutout/43000499.png
M. Svilar,https://r2.thesportsdb.com/images/media/player/cutout/5udtco1758815713.png
K. Tsimikas,https://r2.thesportsdb.com/images/media/player/cutout/2hudsy1764108479.png
L. Venturino,https://r2.thesportsdb.com/images/media/player/cutout/vpbq4c1758997748.png
R. Żelezny,https://r2.thesportsdb.com/images/media/player/cutout/lqfufr1769870921.png
J. Ziółkowski,https://r2.thesportsdb.com/images/media/player/cutout/4wjqvf1764103153.png
H. Ahanor,https://r2.thesportsdb.com/images/media/player/cutout/uahuuj1764331567.png
R. Bellanova,https://r2.thesportsdb.com/images/media/player/cutout/ueud6b1762957228.png
M. Carnesecchi,https://r2.thesportsdb.com/images/media/player/cutout/tjx3t51695157205.png
P. Comi,https://r2.thesportsdb.com/images/media/player/thumb/o4jcn81651320406.jpg
C. De Ketelaere,https://r2.thesportsdb.com/images/media/player/cutout/wqo9ia1695157273.png
B. Djimsiti,https://r2.thesportsdb.com/images/media/player/cutout/a1u2x81695157220.png
I. Hien,https://r2.thesportsdb.com/images/media/player/cutout/ed5d0g1731837971.png
S. Kolašinac,https://r2.thesportsdb.com/images/media/player/cutout/ae2jmk1695157289.png
O. Kossounou,https://r2.thesportsdb.com/images/media/player/cutout/p876cf1764331393.png
N. Krstović,https://r2.thesportsdb.com/images/media/player/cutout/yzjqgt1764331191.png
D. Maldini,https://r2.thesportsdb.com/images/media/player/cutout/9ccmbp1665653152.png
M. Pašalić,https://r2.thesportsdb.com/images/media/player/cutout/akmxr91695157400.png
F. Rossi,https://r2.thesportsdb.com/images/media/player/cutout/1clng31577711129.png
L. Samardžić,https://r2.thesportsdb.com/images/media/player/cutout/43jwpu1764331634.png
G. Scalvini,https://r2.thesportsdb.com/images/media/player/cutout/g116sb1695157494.png
G. Scamacca,https://r2.thesportsdb.com/images/media/player/cutout/xp4bqm1695157525.png
M. Sportiello,https://r2.thesportsdb.com/images/media/player/cutout/4c6mx81769865698.png
N. Zalewski,https://r2.thesportsdb.com/images/media/player/cutout/zbqpct1764331476.png
M. de Roon,https://r2.thesportsdb.com/images/media/player/cutout/voz09s1609529985.png
F. Bernardeschi,https://r2.thesportsdb.com/images/media/player/cutout/fwmcl01758896784.png
N. Cambiaghi,https://r2.thesportsdb.com/images/media/player/cutout/4x68lo1758896955.png
N. Casale,https://r2.thesportsdb.com/images/media/player/cutout/eengna1758896987.png
S. Castro,https://r2.thesportsdb.com/images/media/player/thumb/tqystu1422381080.jpg
T. Dallinga,https://r2.thesportsdb.com/images/media/player/cutout/nfez0e1758897126.png
R. Freuler,https://r2.thesportsdb.com/images/media/player/cutout/gwqmdw1758896917.png
T. Heggem,https://r2.thesportsdb.com/images/media/player/cutout/1l1l641758897053.png
E. Helland,https://www.thesportsdb.com/images/media/player/thumb/6u8o5h1779780803.jpg
E. Holm,https://r2.thesportsdb.com/images/media/player/thumb/ajrujl1513015679.jpg
João Mário,https://r2.thesportsdb.com/images/media/player/cutout/fc2hqy1632996322.png
J. Lucumí,https://r2.thesportsdb.com/images/media/player/cutout/e301la1603580805.png
C. Lykogiannis,https://r2.thesportsdb.com/images/media/player/cutout/v2jr3w1758896742.png
P. Marković,https://r2.thesportsdb.com/images/media/player/cutout/yvqxty1424828387.png
Juan Miranda,https://r2.thesportsdb.com/images/media/player/cutout/myhl881731100920.png
J. Odgaard,https://r2.thesportsdb.com/images/media/player/cutout/ls06i11758896851.png
R. Orsolini,https://r2.thesportsdb.com/images/media/player/cutout/hkoyvk1758897555.png
M. Pessina,https://r2.thesportsdb.com/images/media/player/cutout/zmgsxf1679666402.png
T. Pobega,https://r2.thesportsdb.com/images/media/player/cutout/856mb71758897503.png
F. Ravaglia,https://r2.thesportsdb.com/images/media/player/cutout/80tujh1679569017.png
Ł. Skorupski,https://r2.thesportsdb.com/images/media/player/cutout/nuwfv21758897094.png
M. Vitík,https://r2.thesportsdb.com/images/media/player/cutout/xzer651758896676.png
N. Zortea,https://r2.thesportsdb.com/images/media/player/cutout/0lkq3b1758896611.png
M. Adopo,https://r2.thesportsdb.com/images/media/player/cutout/v7jfga1764336091.png
A. Belotti,https://r2.thesportsdb.com/images/media/player/cutout/r2k1cs1764336111.png
G. Borrelli,https://r2.thesportsdb.com/images/media/player/cutout/4k6mod1764336126.png
E. Caprile,https://r2.thesportsdb.com/images/media/player/cutout/q7wom71764336142.png
N. Cavuoti,https://r2.thesportsdb.com/images/media/player/cutout/zvqwkj1764336157.png
G. Ciocci,https://r2.thesportsdb.com/images/media/player/cutout/7pzdml1764336174.png
A. Deiola,https://r2.thesportsdb.com/images/media/player/cutout/c0xapn1764336191.png
A. Di Pardo,https://r2.thesportsdb.com/images/media/player/thumb/e57yrz1724224181.jpg
A. Dossena,https://r2.thesportsdb.com/images/media/player/cutout/3804992.png
M. Folorunsho,https://r2.thesportsdb.com/images/media/player/cutout/yysf3d1764336240.png
A. Franke,https://r2.thesportsdb.com/images/media/player/cutout/47bkfa1773244688.png
R. Idrissi,https://r2.thesportsdb.com/images/media/player/cutout/j9upir1679239802.png
V. Iliev,https://r2.thesportsdb.com/images/media/player/cutout/e47eht1667130395.png
S. Kılıçsoy,https://r2.thesportsdb.com/images/media/player/cutout/jd0j951764336294.png
J. Liteta,https://r2.thesportsdb.com/images/media/player/cutout/0261f41769866510.png
S. Luperto,https://www.thesportsdb.com/images/media/player/cutout/c8rkv21776936705.png
L. Mazzitelli,https://r2.thesportsdb.com/images/media/player/cutout/jku2d41764336346.png
Y. Mina,https://r2.thesportsdb.com/images/media/player/cutout/08oh8u1603553047.png
A. Obert,https://r2.thesportsdb.com/images/media/player/cutout/317yl61708946218.png
M. Palestra,https://r2.thesportsdb.com/images/media/player/cutout/1lyd6g1764336404.png
L. Pavoletti,https://r2.thesportsdb.com/images/media/player/cutout/sbse1i1764336440.png
B. Radunović,https://r2.thesportsdb.com/images/media/player/cutout/903bc01764336486.png
M. Rog,https://r2.thesportsdb.com/images/media/player/cutout/te5g1q1677758976.png
Iván Azón,https://r2.thesportsdb.com/images/media/player/cutout/76r0dj1761908792.png
M. Baturina,https://r2.thesportsdb.com/images/media/player/thumb/p2ob651653654644.jpg
J. Butez,https://r2.thesportsdb.com/images/media/player/cutout/eowrvr1764278140.png
M. Caqueret,https://r2.thesportsdb.com/images/media/player/cutout/1sm2uu1764278154.png
N. Čavlina,https://r2.thesportsdb.com/images/media/player/cutout/2bpzz71764278951.png
A. Cerri,https://r2.thesportsdb.com/images/media/player/cutout/6ga4sk1764279253.png
P. Cutrone,https://r2.thesportsdb.com/images/media/player/cutout/5bzbp41759779863.png
A. Diao,https://r2.thesportsdb.com/images/media/player/thumb/9xoefu1621344561.jpg
Diego Carlos,https://r2.thesportsdb.com/images/media/player/cutout/u0hz4n1764278170.png
T. Douvikas,https://r2.thesportsdb.com/images/media/player/cutout/akylpr1764278278.png
E. Goldaniga,https://r2.thesportsdb.com/images/media/player/cutout/2ban201764278291.png
Henrique Menke,https://r2.thesportsdb.com/images/media/player/cutout/14mxq31764278341.png
M. Kempf,https://r2.thesportsdb.com/images/media/player/cutout/m0scmx1764278311.png
Álvaro Morata,https://r2.thesportsdb.com/images/media/player/cutout/5cci4b1764278358.png
F. Jack,https://r2.thesportsdb.com/images/media/player/cutout/93g2gy1654098512.png
M. Perrone,https://r2.thesportsdb.com/images/media/player/cutout/gqcg4e1764278402.png
Jacobo Ramón,https://r2.thesportsdb.com/images/media/player/cutout/utzu6f1764278437.png
Sergi Roberto,https://r2.thesportsdb.com/images/media/player/cutout/2xmxre1764278454.png
I. Smolčić,https://r2.thesportsdb.com/images/media/player/cutout/v447t01678368713.png
N. Törnqvist,https://r2.thesportsdb.com/images/media/player/cutout/drujvq1718821566.png
Álex Valle,https://r2.thesportsdb.com/images/media/player/cutout/cto9471629231683.png
I. Van der Brempt,https://r2.thesportsdb.com/images/media/player/cutout/se3w5j1764278124.png
M. Vigorito,https://r2.thesportsdb.com/images/media/player/cutout/uxuvd01764278552.png
M. Vojvoda,https://r2.thesportsdb.com/images/media/player/cutout/mgfle31764278566.png
L. da Cunha,https://r2.thesportsdb.com/images/media/player/thumb/twq43z1527596233.jpg
F. Acerbi,https://r2.thesportsdb.com/images/media/player/cutout/7ewuqw1759408766.png
N. Barella,https://r2.thesportsdb.com/images/media/player/cutout/k03sge1759408783.png
A. Bastoni,https://r2.thesportsdb.com/images/media/player/cutout/hwixpa1759408795.png
Y. Bisseck,https://r2.thesportsdb.com/images/media/player/cutout/4unlga1759408810.png
A. Bonny,https://r2.thesportsdb.com/images/media/player/cutout/d7uly91759408116.png
L. Bovo,https://r2.thesportsdb.com/images/media/player/cutout/829401.png
A. Calligaris,https://r2.thesportsdb.com/images/media/player/cutout/nh89kl1745997322.png
M. Darmian,https://r2.thesportsdb.com/images/media/player/cutout/d26b701759408834.png
R. Di Gennaro,https://r2.thesportsdb.com/images/media/player/cutout/hl2esp1759408898.png
F. Dimarco,https://r2.thesportsdb.com/images/media/player/cutout/0rhwx41759408849.png
D. Dumfries,https://r2.thesportsdb.com/images/media/player/cutout/1hd7ox1759408866.png
D. Frattesi,https://r2.thesportsdb.com/images/media/player/cutout/z58bx11759408884.png
Josep Martínez,https://r2.thesportsdb.com/images/media/player/cutout/ibp6xf1759408155.png
I. Kaczmarski,https://r2.thesportsdb.com/images/media/player/cutout/fqvb4l1697890868.png
Luis Henrique,https://r2.thesportsdb.com/images/media/player/thumb/nazanp1527521197.jpg
H. Mkhitaryan,https://r2.thesportsdb.com/images/media/player/cutout/mx2agf1759408938.png
Y. Sommer,https://r2.thesportsdb.com/images/media/player/cutout/urnrqp1759408970.png
P. Zieliński,https://r2.thesportsdb.com/images/media/player/cutout/8wynz41759408193.png
S. de Vrij,https://r2.thesportsdb.com/images/media/player/cutout/oe7gv21759409004.png
H. Çalhanoğlu,https://r2.thesportsdb.com/images/media/player/cutout/hw8uxm1759408821.png
J. Bijlow,https://r2.thesportsdb.com/images/media/player/cutout/vku13u1758187123.png
L. Colombo,https://r2.thesportsdb.com/images/media/player/cutout/zapyo21758989021.png
M. Cornet,https://r2.thesportsdb.com/images/media/player/cutout/6ckiwm1764248228.png
H. Cuenca,https://r2.thesportsdb.com/images/media/player/cutout/67071789.png
J. Ekhator,https://r2.thesportsdb.com/images/media/player/cutout/v0zi6i1758997489.png
C. Ekuban,https://r2.thesportsdb.com/images/media/player/cutout/86au561758989039.png
M. Ellertsson,https://r2.thesportsdb.com/images/media/player/cutout/o42gxk1758989060.png
S. Fini,https://r2.thesportsdb.com/images/media/player/thumb/vfb6481586639168.jpg
M. Frendrup,https://r2.thesportsdb.com/images/media/player/cutout/nmzwe81758989202.png
Junior Messias,https://r2.thesportsdb.com/images/media/player/cutout/f1e1p91758989854.png
G. Lafont,https://r2.thesportsdb.com/images/media/player/cutout/pe0pkz1678357707.png
N. Leali,https://r2.thesportsdb.com/images/media/player/cutout/298sg91758989231.png
R. Malinovskyi,https://r2.thesportsdb.com/images/media/player/cutout/em8dze1758989244.png
A. Marcandalli,https://r2.thesportsdb.com/images/media/player/cutout/wx8p5c1758989259.png
Aarón Martín,https://r2.thesportsdb.com/images/media/player/cutout/89003715.png
B. Norton-Cuffy,https://r2.thesportsdb.com/images/media/player/cutout/j8o2561758997373.png
S. Otoa,https://r2.thesportsdb.com/images/media/player/cutout/p5whxi1758997523.png
S. Sabelli,https://r2.thesportsdb.com/images/media/player/cutout/h55zq61758997662.png
D. Sommariva,https://r2.thesportsdb.com/images/media/player/cutout/xq8w0i1758997694.png
N. Stanciu,https://r2.thesportsdb.com/images/media/player/cutout/1ngh4q1758997706.png
M. Thorsby,https://www.thesportsdb.com/images/media/player/cutout/n3xi251776936734.png
N. Zätterström,https://r2.thesportsdb.com/images/media/player/cutout/g8496h1761394722.png
L. Østigård,https://r2.thesportsdb.com/images/media/player/cutout/riue4t1758997507.png
J. Ajayi,https://r2.thesportsdb.com/images/media/player/cutout/ni9kqs1761921739.png
J. Akpa Akpro,https://r2.thesportsdb.com/images/media/player/cutout/asalcx1759162148.png
Al Musrati,https://r2.thesportsdb.com/images/media/player/cutout/axwghv1759161508.png
R. Belghali,https://r2.thesportsdb.com/images/media/player/cutout/zj4a661759162161.png
A. Bella-Kotchap,https://r2.thesportsdb.com/images/media/player/cutout/cg20lp1759162297.png
A. Bernede,https://r2.thesportsdb.com/images/media/player/cutout/ng85qh1759162339.png
D. Bradarić,https://r2.thesportsdb.com/images/media/player/thumb/0d92bv1546613494.jpg
F. Cham,https://www.thesportsdb.com/images/media/player/cutout/dfms641777019725.png
Dailon Livramento,https://r2.thesportsdb.com/images/media/player/cutout/zb6vte1741897417.png
E. Ebosse,https://www.thesportsdb.com/images/media/player/cutout/583adc1777706743.png
A. Edmundsson,https://www.thesportsdb.com/images/media/player/cutout/snboil1777025531.png
M. Frese,https://r2.thesportsdb.com/images/media/player/cutout/nl82fq1759162722.png
R. Gagliardini,https://r2.thesportsdb.com/images/media/player/cutout/cw8sfv1759162792.png
Giovane,https://r2.thesportsdb.com/images/media/player/thumb/3rf8x61610998198.jpg
A. Harroui,https://r2.thesportsdb.com/images/media/player/cutout/00987g1759162809.png
Isaac,https://r2.thesportsdb.com/images/media/player/cutout/zmk4ad1762197599.png
G. Kastanos,https://r2.thesportsdb.com/images/media/player/cutout/sl3r931759162823.png
A. Kurti,https://r2.thesportsdb.com/images/media/player/cutout/i0giu91610383272.png
M. Lambourde,https://r2.thesportsdb.com/images/media/player/cutout/2vr4o51741898342.png
S. Lovrić,https://r2.thesportsdb.com/images/media/player/cutout/z4sex21769865184.png
L. Montipò,https://r2.thesportsdb.com/images/media/player/cutout/l6lbp31759245815.png
V. Nelsson,https://r2.thesportsdb.com/images/media/player/cutout/re4pgn1759246093.png
C. Niasse,https://r2.thesportsdb.com/images/media/player/cutout/2mb6v01576580889.png
D. Oyegoke,https://r2.thesportsdb.com/images/media/player/cutout/678p3n1759246200.png
S. Perilli,https://r2.thesportsdb.com/images/media/player/cutout/tfdcbt1759246214.png
S. Serdar,https://r2.thesportsdb.com/images/media/player/cutout/8485931.png
T. Slotsager,https://r2.thesportsdb.com/images/media/player/cutout/5tyym91759246246.png
T. Suslov,https://r2.thesportsdb.com/images/media/player/cutout/dccl0m1759246336.png
G. Toniolo,https://r2.thesportsdb.com/images/media/player/thumb/koogtv1746268040.jpg
V. Adžić,https://r2.thesportsdb.com/images/media/player/thumb/80f1241687614333.jpg
Bremer,https://r2.thesportsdb.com/images/media/player/cutout/3qx4p71759224866.png
J. Cabal,https://r2.thesportsdb.com/images/media/player/cutout/tfj3ne1557998376.png
A. Cambiaso,https://r2.thesportsdb.com/images/media/player/cutout/6r741t1759225481.png
M. Di Gregorio,https://r2.thesportsdb.com/images/media/player/cutout/fgvi9t1759222392.png
Francisco Conceição,https://r2.thesportsdb.com/images/media/player/cutout/ekqivz1759225498.png
M. Fuscaldo,https://www.thesportsdb.com/images/media/player/cutout/0dyvxk1776675615.png
P. Kalulu,https://r2.thesportsdb.com/images/media/player/cutout/bl8oj61759224970.png
T. Koopmeiners,https://r2.thesportsdb.com/images/media/player/cutout/pvqhh01759225850.png
F. Kostić,https://r2.thesportsdb.com/images/media/player/cutout/1kqxaz1759225234.png
M. Locatelli,https://r2.thesportsdb.com/images/media/player/cutout/0zlnug1759225148.png
W. McKennie,https://r2.thesportsdb.com/images/media/player/cutout/ct34v01759225325.png
A. Milik,https://r2.thesportsdb.com/images/media/player/cutout/3wwsgd1759225651.png
F. Miretti,https://r2.thesportsdb.com/images/media/player/cutout/cjhsf71759225300.png
Pedro Felipe,https://www.thesportsdb.com/images/media/player/cutout/svkzl11777026809.png
M. Perin,https://r2.thesportsdb.com/images/media/player/cutout/oo0l5m1759222361.png
C. Pinsoglio,https://r2.thesportsdb.com/images/media/player/cutout/8s18041759222421.png
N. Rizzo,https://r2.thesportsdb.com/images/media/player/cutout/43031592.png
S. Scaglia,https://r2.thesportsdb.com/images/media/player/cutout/43043964.png
D. Vlahović,https://r2.thesportsdb.com/images/media/player/cutout/rl2w191759225532.png
P. Almqvist,https://r2.thesportsdb.com/images/media/player/cutout/73qyd01759779587.png
P. Amoran,https://r2.thesportsdb.com/images/media/player/cutout/g546kp1718878715.png
G. Astaldi,https://r2.thesportsdb.com/images/media/player/cutout/o9b0t71759779623.png
B. Balogh,https://r2.thesportsdb.com/images/media/player/cutout/w6942p1718878414.png
T. Begić,https://www.thesportsdb.com/images/media/player/cutout/g9msic1776780662.png
A. Benedyczak,https://r2.thesportsdb.com/images/media/player/cutout/u7sg551759779708.png
Adrián Bernabé,https://r2.thesportsdb.com/images/media/player/cutout/1ybrf41759779724.png
S. Britschgi,https://r2.thesportsdb.com/images/media/player/cutout/wv6q5g1759779757.png
A. Circati,https://r2.thesportsdb.com/images/media/player/cutout/6lkqvz1759779806.png
B. Cremaschi,https://r2.thesportsdb.com/images/media/player/cutout/enedma1759779839.png
N. Elphege,https://r2.thesportsdb.com/images/media/player/cutout/vmfx7c1769868781.png
N. Estévez,https://r2.thesportsdb.com/images/media/player/cutout/d01ux01759779920.png
Vicente Guaita,https://r2.thesportsdb.com/images/media/player/cutout/krvly21764344654.png
Hernani,https://r2.thesportsdb.com/images/media/player/cutout/8e1gca1604866709.png
A. Joujou,https://r2.thesportsdb.com/images/media/player/cutout/gxb11a1702296831.png
M. Keita,https://r2.thesportsdb.com/images/media/player/cutout/8627885.png
M. Løvik,https://r2.thesportsdb.com/images/media/player/cutout/ej9qey1759780657.png
J. Ondrejka,https://r2.thesportsdb.com/images/media/player/cutout/aghk1p1759780716.png
C. Ordoñez,https://r2.thesportsdb.com/images/media/player/cutout/005gn31654366005.png
G. Oristanio,https://r2.thesportsdb.com/images/media/player/cutout/1ljtjv1759780766.png
M. Pellegrino,https://r2.thesportsdb.com/images/media/player/thumb/qqw0gy1549918302.jpg
E. Plicco,https://r2.thesportsdb.com/images/media/player/cutout/vybigw1759780828.png
O. Sørensen,https://r2.thesportsdb.com/images/media/player/thumb/xt5q091547048924.jpg
N. Trabucchi,https://r2.thesportsdb.com/images/media/player/cutout/1x0nzd1759780946.png
M. Troilo,https://r2.thesportsdb.com/images/media/player/cutout/kxblpz1759780963.png
L. Valenti,https://r2.thesportsdb.com/images/media/player/thumb/eiouxh1488278598.jpg
E. Valeri,https://r2.thesportsdb.com/images/media/player/cutout/k62xjk1610546530.png
M. Aebischer,https://r2.thesportsdb.com/images/media/player/cutout/bhy5cz1764188556.png
E. Akinsanmiro,https://r2.thesportsdb.com/images/media/player/cutout/2y7e811764188572.png
Raúl Albiol,https://r2.thesportsdb.com/images/media/player/cutout/dn9af51764188587.png
S. Angori,https://r2.thesportsdb.com/images/media/player/cutout/kt8stx1764188612.png
R. Bozhinov,https://r2.thesportsdb.com/images/media/player/cutout/pbw1bj1767169991.png
L. Buffon,https://r2.thesportsdb.com/images/media/player/cutout/khpcg01586360050.png
A. Calabresi,https://r2.thesportsdb.com/images/media/player/cutout/qtlk7f1764188648.png
S. Canestrelli,https://r2.thesportsdb.com/images/media/player/cutout/cgup7n1764188663.png
A. Caracciolo,https://r2.thesportsdb.com/images/media/player/cutout/k1jxlq1764188678.png
J. Cuadrado,https://r2.thesportsdb.com/images/media/player/cutout/30m1af1764188706.png
D. Denoon,https://r2.thesportsdb.com/images/media/player/cutout/onitfo1764188720.png
M. Højholt,https://r2.thesportsdb.com/images/media/player/cutout/5u43vz1764188748.png
F. Loyola,https://www.thesportsdb.com/images/media/player/cutout/hyksdq1777708465.png
M. Léris,https://r2.thesportsdb.com/images/media/player/cutout/no4ewk1764188761.png
M'Bala Nzola,https://r2.thesportsdb.com/images/media/player/cutout/i6625q1764188951.png
Mateus Lusuardi,https://r2.thesportsdb.com/images/media/player/cutout/emkupq1764188867.png
S. Scuffet,https://r2.thesportsdb.com/images/media/player/cutout/y67vhu1764188991.png
A. Šemper,https://r2.thesportsdb.com/images/media/player/cutout/0pme0l1764189052.png
C. Stengs,https://r2.thesportsdb.com/images/media/player/cutout/4mn7ye1764189070.png
F. Stojilković,https://r2.thesportsdb.com/images/media/player/cutout/b6y2yo1769870487.png
M. Tramoni,https://r2.thesportsdb.com/images/media/player/cutout/0pwcnz1764189100.png
A. Vuković,https://r2.thesportsdb.com/images/media/player/cutout/5788642.png
G. Ambrosino,https://r2.thesportsdb.com/images/media/player/cutout/hbx47s1764089345.png
F. Anguissa,https://r2.thesportsdb.com/images/media/player/cutout/bedkjv1762288303.png
S. Beukema,https://r2.thesportsdb.com/images/media/player/cutout/ohe2oz1764089427.png
A. Buongiorno,https://r2.thesportsdb.com/images/media/player/cutout/01fcb61762288142.png
W. Cheddira,https://r2.thesportsdb.com/images/media/player/cutout/tlza2y1764105953.png
N. Contini,https://r2.thesportsdb.com/images/media/player/cutout/3801540.png
David Neres,https://r2.thesportsdb.com/images/media/player/cutout/8i5j8e1762288449.png
K. De Bruyne,https://r2.thesportsdb.com/images/media/player/cutout/o4flia1764089447.png
E. De Chiara,https://r2.thesportsdb.com/images/media/player/cutout/baz69v1718878977.png
G. Di Lorenzo,https://r2.thesportsdb.com/images/media/player/cutout/7cppst1512216920.png
E. Elmas,https://r2.thesportsdb.com/images/media/player/cutout/38hezl1762288414.png
B. Gilmour,https://r2.thesportsdb.com/images/media/player/cutout/axk63s1764089469.png
Miguel Gutiérrez,https://r2.thesportsdb.com/images/media/player/cutout/udrnjv1762288198.png
Juan Jesus,https://r2.thesportsdb.com/images/media/player/cutout/fo8qyc1764089490.png
S. Lobotka,https://r2.thesportsdb.com/images/media/player/cutout/spo0qz1762288279.png
R. Lukaku,https://r2.thesportsdb.com/images/media/player/cutout/qi2z1d1764089572.png
L. Marianucci,https://www.thesportsdb.com/images/media/player/cutout/mjeldw1777707141.png
P. Mazzocchi,https://r2.thesportsdb.com/images/media/player/thumb/9vy1e31690141910.jpg
S. McTominay,https://r2.thesportsdb.com/images/media/player/cutout/b7truo1762288079.png
A. Meret,https://r2.thesportsdb.com/images/media/player/cutout/jh5q3x1764089642.png
V. Milinković-Savić,https://r2.thesportsdb.com/images/media/player/cutout/v1k9g21750272688.png
M. Olivera,https://r2.thesportsdb.com/images/media/player/cutout/128001.png
M. Politano,https://r2.thesportsdb.com/images/media/player/cutout/cpnmfs1762288328.png
Amir Rrahmani,https://r2.thesportsdb.com/images/media/player/cutout/hvd5tq1762288248.png
L. Spinazzola,https://r2.thesportsdb.com/images/media/player/cutout/qwkncg1764089685.png
D. Spinelli,https://r2.thesportsdb.com/images/media/player/thumb/hqbe8o1601835149.jpg
A. Zanoli,https://r2.thesportsdb.com/images/media/player/cutout/hfjxfr1764172621.png
T. Bašić,https://r2.thesportsdb.com/images/media/player/cutout/7d0yab1698231270.png
R. Belahyane,https://r2.thesportsdb.com/images/media/player/cutout/lo20t91759646210.png
M. Cancellieri,https://r2.thesportsdb.com/images/media/player/cutout/cl41c51759646285.png
D. Cataldi,https://r2.thesportsdb.com/images/media/player/cutout/6gaeg81698231313.png
F. Dele-Bashiru,https://r2.thesportsdb.com/images/media/player/cutout/iicmih1694523029.png
A. Furlanetto,https://r2.thesportsdb.com/images/media/player/cutout/hi5fiz1759644827.png
S. Gigot,https://r2.thesportsdb.com/images/media/player/cutout/trf3d21750073888.png
Mario Gila,https://r2.thesportsdb.com/images/media/player/cutout/sivafj1698231333.png
M. Guendouzi,https://r2.thesportsdb.com/images/media/player/cutout/tcelg91769179721.png
E. Hysaj,https://r2.thesportsdb.com/images/media/player/cutout/2r3i8k1698231368.png
G. Isaksen,https://r2.thesportsdb.com/images/media/player/cutout/le8xvv1698231395.png
M. Lazzari,https://r2.thesportsdb.com/images/media/player/cutout/7982744.png
A. Marušić,https://r2.thesportsdb.com/images/media/player/cutout/7iened1698231471.png
E. Motta,https://r2.thesportsdb.com/images/media/player/cutout/cikv011618065233.png
T. Noslin,https://r2.thesportsdb.com/images/media/player/cutout/5jh8ab1759646531.png
Nuno Tavares,https://r2.thesportsdb.com/images/media/player/cutout/r6tr7q1759646580.png
Patric,https://www.thesportsdb.com/images/media/player/cutout/gfo4qg1778010395.png
I. Provedel,https://r2.thesportsdb.com/images/media/player/cutout/3skyav1764242674.png
O. Provstgaard,https://r2.thesportsdb.com/images/media/player/cutout/0qpouy1759646513.png
P. Ratkov,https://r2.thesportsdb.com/images/media/player/cutout/3fducx1769718236.png
A. Romagnoli,https://r2.thesportsdb.com/images/media/player/cutout/rkync11698231593.png
N. Rovella,https://r2.thesportsdb.com/images/media/player/cutout/8d65j91698231605.png
Saná Fernandes,https://r2.thesportsdb.com/images/media/player/cutout/tiu3171727018829.png
F. Serra,https://r2.thesportsdb.com/images/media/player/cutout/iantod1518287120.png
K. Taylor,https://r2.thesportsdb.com/images/media/player/cutout/134115.png
M. Zaccagni,https://r2.thesportsdb.com/images/media/player/cutout/zypi1b1698231657.png
Z. Aboukhlal,https://r2.thesportsdb.com/images/media/player/cutout/qub2901758813269.png
W. Acquah,https://r2.thesportsdb.com/images/media/player/thumb/c012l21546976142.jpg
T. Anjorin,https://r2.thesportsdb.com/images/media/player/cutout/4eexa61758813492.png
C. Biraghi,https://r2.thesportsdb.com/images/media/player/cutout/39grvw1758813369.png
Saúl Coco,https://r2.thesportsdb.com/images/media/player/cutout/6yf5p41758813163.png
G. Gineitis,https://r2.thesportsdb.com/images/media/player/cutout/ihkzws1766831086.png
E. İlkhan,https://r2.thesportsdb.com/images/media/player/cutout/zjuwat1764099842.png
A. Ismajli,https://r2.thesportsdb.com/images/media/player/cutout/4t6b4k1758813395.png
F. Israel,https://r2.thesportsdb.com/images/media/player/thumb/zbwpbv1531764375.jpg
S. Kulenović,https://www.thesportsdb.com/images/media/player/cutout/i091ro1777707046.png
V. Lazaro,https://r2.thesportsdb.com/images/media/player/cutout/694238.png
G. Maripán,https://r2.thesportsdb.com/images/media/player/cutout/cipk5p1758813193.png
A. Masina,https://r2.thesportsdb.com/images/media/player/cutout/0eyeul1758813933.png
Rafa Obrador,https://www.thesportsdb.com/images/media/player/cutout/1evrpg1777707213.png
A. Paleari,https://r2.thesportsdb.com/images/media/player/cutout/9shadg1758814075.png
S. Sazonov,https://r2.thesportsdb.com/images/media/player/cutout/6j0ev41758814154.png
A. Tamèze,https://r2.thesportsdb.com/images/media/player/cutout/ebzzj81758814264.png
D. Zapata,https://r2.thesportsdb.com/images/media/player/cutout/1gq4ke1608647286.png
V. Bayo,https://r2.thesportsdb.com/images/media/player/cutout/izd8mq1702293114.png
N. Bertola,https://r2.thesportsdb.com/images/media/player/cutout/43028376.png
Iker Bravo,https://r2.thesportsdb.com/images/media/player/cutout/3uf0ut1764172276.png
A. Buksa,https://r2.thesportsdb.com/images/media/player/cutout/r51zrc1764172291.png
K. Davis,https://r2.thesportsdb.com/images/media/player/cutout/2003901.png
K. Ehizibue,https://r2.thesportsdb.com/images/media/player/cutout/qegmhj1764172315.png
J. Ekkelenkamp,https://r2.thesportsdb.com/images/media/player/cutout/ecel3d1764172331.png
J. Karlström,https://r2.thesportsdb.com/images/media/player/cutout/r1owct1764172392.png
L. Miller,https://r2.thesportsdb.com/images/media/player/cutout/5005672.png
B. Mlačić,https://www.thesportsdb.com/images/media/player/cutout/58on0f1777707546.png
A. Nunziante,https://r2.thesportsdb.com/images/media/player/cutout/bb47qf1764172477.png
D. Padelli,https://r2.thesportsdb.com/images/media/player/cutout/ex0tae1764172507.png
J. Piotrowski,https://r2.thesportsdb.com/images/media/player/cutout/pajueo1764172535.png
Rui Modesto,https://r2.thesportsdb.com/images/media/player/cutout/sioz081764172459.png
O. Solet,https://r2.thesportsdb.com/images/media/player/cutout/s4fg6d1764172587.png
G. Venuti,https://r2.thesportsdb.com/images/media/player/cutout/upfxdg1698934416.png
N. Zaniolo,https://r2.thesportsdb.com/images/media/player/cutout/eh88s41764172604.png
Oier Zarraga,https://r2.thesportsdb.com/images/media/player/cutout/cn6qk71764172636.png
J. Zemura,https://r2.thesportsdb.com/images/media/player/cutout/d1yo3s1764172653.png
E. Audero,https://r2.thesportsdb.com/images/media/player/cutout/4at7s91758885959.png
F. Baschirotto,https://r2.thesportsdb.com/images/media/player/cutout/1z02qc1758885990.png
M. Bianchetti,https://r2.thesportsdb.com/images/media/player/cutout/60c5kl1758886006.png
F. Bonazzoli,https://r2.thesportsdb.com/images/media/player/cutout/ihupjd1758886019.png
W. Bondo,https://r2.thesportsdb.com/images/media/player/cutout/cnlyko1758886035.png
M. Castagnetti,https://r2.thesportsdb.com/images/media/player/cutout/6p3tz31679054631.png
F. Ceccherini,https://r2.thesportsdb.com/images/media/player/cutout/d6xqt01758886185.png
M. Collocolo,https://r2.thesportsdb.com/images/media/player/cutout/cwhke51758886779.png
M. De Luca,https://r2.thesportsdb.com/images/media/player/thumb/76b0s01506775203.jpg
R. Floriani Mussolini,https://r2.thesportsdb.com/images/media/player/cutout/8w4iyi1758886400.png
F. Folino,https://r2.thesportsdb.com/images/media/player/cutout/redk2u1758886844.png
A. Grassi,https://r2.thesportsdb.com/images/media/player/cutout/3k2w8p1758887126.png
D. Lordkipanidze,https://r2.thesportsdb.com/images/media/player/cutout/u6n96i1764273282.png
Y. Maleh,https://r2.thesportsdb.com/images/media/player/cutout/cflpkw1764194621.png
F. Moumbagna,https://r2.thesportsdb.com/images/media/player/cutout/m5n5jp1758886388.png
L. Nava,https://r2.thesportsdb.com/images/media/player/cutout/hcjvfm1724793551.png
D. Okereke,https://r2.thesportsdb.com/images/media/player/cutout/nxr6wo1758887394.png
M. Payero,https://r2.thesportsdb.com/images/media/player/cutout/khd0v21758886439.png
G. Pezzella,https://r2.thesportsdb.com/images/media/player/cutout/i1kdbt1750268621.png
A. Sanabria,https://r2.thesportsdb.com/images/media/player/cutout/3vkhoo1758886470.png
J. Sarmiento,https://r2.thesportsdb.com/images/media/player/cutout/zdq2621758886486.png
L. Sernicola,https://r2.thesportsdb.com/images/media/player/cutout/zqrk321758886502.png
M. Valoti,https://r2.thesportsdb.com/images/media/player/cutout/aqzl661758887449.png
J. Vandeputte,https://r2.thesportsdb.com/images/media/player/cutout/pg7ifh1758886555.png
J. Vardy,https://r2.thesportsdb.com/images/media/player/cutout/oownds1758886571.png
A. Zerbin,https://r2.thesportsdb.com/images/media/player/cutout/k6lda81758886595.png
M. Berisha,https://r2.thesportsdb.com/images/media/player/thumb/8nrr5f1531689274.jpg
D. Bleve,https://r2.thesportsdb.com/images/media/player/cutout/cokpaq1678972062.png
Danilo Veiga,https://r2.thesportsdb.com/images/media/player/cutout/jviz5r1759694017.png
W. Falcone,https://r2.thesportsdb.com/images/media/player/cutout/6hqbx51759652180.png
C. Früchtl,https://r2.thesportsdb.com/images/media/player/cutout/8hfbp51759652197.png
A. Gallo,https://r2.thesportsdb.com/images/media/player/cutout/e3r22e1755674898.png
O. Gandelman,https://r2.thesportsdb.com/images/media/player/cutout/tr1f0z1767536638.png
O. Gorter,https://r2.thesportsdb.com/images/media/player/cutout/p4zq2y1722882731.png
Þ. Helgason,https://r2.thesportsdb.com/images/media/player/cutout/rse52w1759691984.png
Kialonda Gaspar,https://r2.thesportsdb.com/images/media/player/cutout/hyn5eh1759691741.png
F. Marchwiński,https://r2.thesportsdb.com/images/media/player/cutout/dyopb41764339130.png
C. Ndaba,https://r2.thesportsdb.com/images/media/player/cutout/z1wj4l1759692825.png
O. Ngom,https://r2.thesportsdb.com/images/media/player/cutout/9561011766427739.png
K. N’Dri,https://r2.thesportsdb.com/images/media/player/cutout/tzq3go1634823389.png
S. Pierotti,https://r2.thesportsdb.com/images/media/player/cutout/srky461759693262.png
B. Pierret,https://r2.thesportsdb.com/images/media/player/cutout/8xd0131759693280.png
H. Rafia,https://r2.thesportsdb.com/images/media/player/cutout/qpg5s01764339523.png
Y. Ramadani,https://r2.thesportsdb.com/images/media/player/cutout/wwa1u31759693316.png
J. Siebert,https://r2.thesportsdb.com/images/media/player/cutout/7rt5hb1759693601.png
R. Sottil,https://r2.thesportsdb.com/images/media/player/cutout/0okzbp1759693822.png
N. Štulić,https://r2.thesportsdb.com/images/media/player/cutout/d57apt1759693844.png
Tiago Gabriel,https://r2.thesportsdb.com/images/media/player/cutout/ctvvyh1759652211.png
D. Boloca,https://r2.thesportsdb.com/images/media/player/cutout/a6095q1764105839.png
J. Doig,https://r2.thesportsdb.com/images/media/player/cutout/nfi4rj1764105987.png
A. Fadera,https://r2.thesportsdb.com/images/media/player/cutout/mybs2a1764106004.png
Fali Candé,https://r2.thesportsdb.com/images/media/player/cutout/62yp7w1764103772.png
E. Iannoni,https://r2.thesportsdb.com/images/media/player/cutout/w6d0581764106017.png
J. Idzes,https://r2.thesportsdb.com/images/media/player/cutout/yxihq51764106031.png
A. Laurienté,https://r2.thesportsdb.com/images/media/player/cutout/gg38it1764106062.png
L. Lipani,https://r2.thesportsdb.com/images/media/player/cutout/9wjpqy1764106074.png
N. Matić,https://r2.thesportsdb.com/images/media/player/cutout/wuygyf1764106091.png
T. Muharemović,https://r2.thesportsdb.com/images/media/player/cutout/zrpkc31764106120.png
S. Mulattieri,https://r2.thesportsdb.com/images/media/player/cutout/cfngud1698432057.png
A. Murić,https://r2.thesportsdb.com/images/media/player/cutout/tb86o71764106137.png
C. Odenthal,https://r2.thesportsdb.com/images/media/player/cutout/lmxg3p1764106152.png
E. Pieragnolo,https://r2.thesportsdb.com/images/media/player/cutout/zkfhoi1764106179.png
N. Pierini,https://r2.thesportsdb.com/images/media/player/cutout/4ppcgc1764106193.png
A. Pinamonti,https://r2.thesportsdb.com/images/media/player/cutout/on94c11764106218.png
F. Romagna,https://r2.thesportsdb.com/images/media/player/cutout/66fz241764106237.png
G. Satalino,https://r2.thesportsdb.com/images/media/player/cutout/ad5g0f1764106329.png
L. Skjellerup,https://r2.thesportsdb.com/images/media/player/cutout/vq6q0d1764106351.png
K. Thorstvedt,https://r2.thesportsdb.com/images/media/player/cutout/2kqceq1764106371.png
S. Turati,https://r2.thesportsdb.com/images/media/player/cutout/szarc21764106468.png
A. Vranckx,https://r2.thesportsdb.com/images/media/player/cutout/dmiw2v1764106501.png
S. Walukiewicz,https://r2.thesportsdb.com/images/media/player/cutout/1jmkqz1764106519.png
Adriel,https://r2.thesportsdb.com/images/media/player/cutout/iypmwc1677671429.png
Ángel Algobia,https://r2.thesportsdb.com/images/media/player/cutout/3pfmdf1678794540.png
S. Bane,https://r2.thesportsdb.com/images/media/player/cutout/17u8691765205234.png
Carlos Ponck,https://r2.thesportsdb.com/images/media/player/thumb/iobttu1522242599.jpg
A. Green,https://r2.thesportsdb.com/images/media/player/cutout/20payl1557999850.png
Nenê,https://r2.thesportsdb.com/images/media/player/cutout/71tq3m1713980428.png
Ó. Perea,https://r2.thesportsdb.com/images/media/player/cutout/kd45801701179571.png
D. Rivas,https://r2.thesportsdb.com/images/media/player/cutout/813630.png
Rúben Semedo,https://r2.thesportsdb.com/images/media/player/cutout/stsswt1424976129.png
Tomané,https://r2.thesportsdb.com/images/media/player/thumb/ruxf6b1527584001.jpg
Abdu Conté,https://r2.thesportsdb.com/images/media/player/cutout/03vmtl1683207768.png
André Geraldes,https://r2.thesportsdb.com/images/media/player/cutout/tquvpy1424914048.png
José Fonte,https://r2.thesportsdb.com/images/media/player/cutout/hu2qha1681152170.png
K. Nsona,https://r2.thesportsdb.com/images/media/player/cutout/wcsrv21680092015.png
L. Ofori,https://r2.thesportsdb.com/images/media/player/thumb/urtxvx1421682103.jpg
Y. Oukili,https://r2.thesportsdb.com/images/media/player/cutout/gvp3hz1728843452.png
K. Prieto,https://r2.thesportsdb.com/images/media/player/thumb/g6jgxg1528395601.jpg
Renato Nhaga,https://www.thesportsdb.com/images/media/player/cutout/qkfsp51780062813.png
P. Sequeira,https://r2.thesportsdb.com/images/media/player/cutout/55009772.png
Miguel Baeza,https://r2.thesportsdb.com/images/media/player/cutout/cyzlxm1609281588.png
Gabriel Veron,https://r2.thesportsdb.com/images/media/player/cutout/0h0g821672840108.png
José Gomes,https://r2.thesportsdb.com/images/media/player/thumb/rbxiev1522245905.jpg
Jota,https://r2.thesportsdb.com/images/media/player/cutout/l7t30j1609973056.png
João Aurélio,https://r2.thesportsdb.com/images/media/player/thumb/w2su2a1527591108.jpg
C. Labidi,https://r2.thesportsdb.com/images/media/player/thumb/5czzip1534008931.jpg
Lucas João,https://r2.thesportsdb.com/images/media/player/cutout/7fu2cx1675072983.png
Ulisses,https://www.thesportsdb.com/images/media/player/cutout/4sln711777708772.png
Witi,https://r2.thesportsdb.com/images/media/player/cutout/e5fr3t1705486555.png
Zé Vitor,https://r2.thesportsdb.com/images/media/player/cutout/742243.png
Andrey,https://r2.thesportsdb.com/images/media/player/cutout/58021915.png
Brenner,https://r2.thesportsdb.com/images/media/player/cutout/07qsnw1766429849.png
Edgar Costa,https://r2.thesportsdb.com/images/media/player/cutout/55014155.png
Elias Manoel,https://r2.thesportsdb.com/images/media/player/cutout/cgsnyo1683139825.png
Fernando,https://r2.thesportsdb.com/images/media/player/cutout/l65kxv1654200501.png
Frederico Venâncio,https://r2.thesportsdb.com/images/media/player/thumb/qlfjp21508592745.jpg
Gabriel Silva,https://r2.thesportsdb.com/images/media/player/cutout/idbsdn1609237676.png
Gonçalo Paciência,https://r2.thesportsdb.com/images/media/player/cutout/35rw681705774031.png
José Franco,https://r2.thesportsdb.com/images/media/player/cutout/a3ecm41748120477.png
João Costa,https://r2.thesportsdb.com/images/media/player/thumb/68uczt1527590005.jpg
Luquinhas,https://r2.thesportsdb.com/images/media/player/cutout/xadw9g1683660506.png
Matheus Pereira,https://r2.thesportsdb.com/images/media/player/cutout/5vcf831767454692.png
Pedro Ferreira,https://r2.thesportsdb.com/images/media/player/cutout/3g6yf51654010012.png
Serginho,https://r2.thesportsdb.com/images/media/player/thumb/uvxrvt1421419461.jpg
Wendel,https://r2.thesportsdb.com/images/media/player/cutout/fqg18o1767961409.png
Bebeto,https://r2.thesportsdb.com/images/media/player/thumb/oies7s1610981719.jpg
Lucas Cañizares,https://r2.thesportsdb.com/images/media/player/cutout/3dfxsz1676197063.png
Hélder Tavares,https://r2.thesportsdb.com/images/media/player/thumb/x9wfxh1527583626.jpg
Ivan Cavaleiro,https://r2.thesportsdb.com/images/media/player/cutout/opa12g1702308434.png
B. Kimpioka,https://r2.thesportsdb.com/images/media/player/thumb/obhk9z1723236896.jpg
Miro,https://r2.thesportsdb.com/images/media/player/thumb/b0rc6w1532956452.jpg
Rodrigo Conceição,https://r2.thesportsdb.com/images/media/player/cutout/jdyqg61679050246.png
Rony Lopes,https://r2.thesportsdb.com/images/media/player/cutout/g83qt91674745645.png
J. Siebatcheu,https://r2.thesportsdb.com/images/media/player/cutout/9phywb1695110435.png
R. Vita,https://r2.thesportsdb.com/images/media/player/cutout/47005300.png
Yarlen,https://r2.thesportsdb.com/images/media/player/thumb/2vak9y1749544301.jpg
L. Antonetti,https://r2.thesportsdb.com/images/media/player/thumb/w8pcxv1610380961.jpg
Bruno Langa,https://r2.thesportsdb.com/images/media/player/cutout/nstb0j1735882121.png
Dudu,https://r2.thesportsdb.com/images/media/player/cutout/11l0pt1763755196.png
K. Höög Jansson,https://r2.thesportsdb.com/images/media/player/cutout/tiuma11718981973.png
I. Dramé,https://r2.thesportsdb.com/images/media/player/thumb/ciitwc1546350645.jpg
Jefferson Encada,https://r2.thesportsdb.com/images/media/player/cutout/dv1ami1705330716.png
Jovane Cabral,https://r2.thesportsdb.com/images/media/player/cutout/b4t16t1707691652.png
Y. Kalley,https://r2.thesportsdb.com/images/media/player/cutout/xno9eu1718982000.png
Luan Patrick,https://r2.thesportsdb.com/images/media/player/thumb/021bcj1741899610.jpg
A. Marcus,https://r2.thesportsdb.com/images/media/player/thumb/kfra4r1513015573.jpg
Renan Ribeiro,https://r2.thesportsdb.com/images/media/player/cutout/ksm5u31663241480.png
Robinho,https://r2.thesportsdb.com/images/media/player/cutout/1ahvfn1661506437.png
Sidny Cabral,https://www.thesportsdb.com/images/media/player/cutout/cci2o11779193731.png
S. van Hooijdonk,https://r2.thesportsdb.com/images/media/player/cutout/9tt0ow1742305141.png
S. Baseya,https://r2.thesportsdb.com/images/media/player/thumb/gmub8p1764681682.jpg
G. Cabezas,https://r2.thesportsdb.com/images/media/player/thumb/cg43pd1548187775.jpg
Chiquinho,https://r2.thesportsdb.com/images/media/player/cutout/xv5fxg1762289042.png
Figueiredo,https://r2.thesportsdb.com/images/media/player/cutout/4clako1609545734.png
Sergi Gómez,https://r2.thesportsdb.com/images/media/player/cutout/uk94ar1678737405.png
I. Julian,https://r2.thesportsdb.com/images/media/player/thumb/urruxy1471171414.jpg
Kaiky Naves,https://r2.thesportsdb.com/images/media/player/cutout/pfkwzi1749723852.png
Mateus,https://r2.thesportsdb.com/images/media/player/cutout/hzuieh1697924014.png
B. Meupiyou,https://r2.thesportsdb.com/images/media/player/cutout/7p9xoa1725566846.png
Rhaldney,https://r2.thesportsdb.com/images/media/player/cutout/ve9l7w1769092971.png
Talisca,https://r2.thesportsdb.com/images/media/player/cutout/e1jvhg1769179892.png
N. Touaizi,https://r2.thesportsdb.com/images/media/player/cutout/9tww411735797225.png
Alex Pinto,https://r2.thesportsdb.com/images/media/player/thumb/4b899e1742902697.jpg
Barbero,https://r2.thesportsdb.com/images/media/player/thumb/idb8bm1735418330.jpg
David Simão,https://r2.thesportsdb.com/images/media/player/thumb/cq7x4s1732292031.jpg
José Fontán,https://r2.thesportsdb.com/images/media/player/cutout/r84xpg1739413510.png
T. Fukui,https://r2.thesportsdb.com/images/media/player/thumb/a77cov1732293637.jpg
Pablo Gozálbez,https://r2.thesportsdb.com/images/media/player/cutout/ue0w5v1701177765.png
João Valido,https://r2.thesportsdb.com/images/media/player/cutout/ar4hso1739411354.png
B. Kuipers,https://r2.thesportsdb.com/images/media/player/cutout/28qspi1764625380.png
M. Loum,https://r2.thesportsdb.com/images/media/player/cutout/s270ll1675072955.png
N. Mantl,https://r2.thesportsdb.com/images/media/player/cutout/qok7gf1739410717.png
V. Morozov,https://r2.thesportsdb.com/images/media/player/thumb/kgtse01638360227.jpg
Omar Fayed,https://r2.thesportsdb.com/images/media/player/cutout/govlh11724771322.png
Pedro Santos,https://r2.thesportsdb.com/images/media/player/cutout/3r5qi21681901145.png
Miguel Puche,https://r2.thesportsdb.com/images/media/player/thumb/zt705n1732293010.jpg
M. Rocha,https://r2.thesportsdb.com/images/media/player/thumb/turvxx1421422157.jpg
Arnau Solà,https://r2.thesportsdb.com/images/media/player/thumb/s1a9de1678555515.jpg
Javi Sánchez,https://r2.thesportsdb.com/images/media/player/cutout/7apka81678999171.png
Tiago Esgaio,https://r2.thesportsdb.com/images/media/player/thumb/q4ypoz1732285446.jpg
A. Trezza,https://r2.thesportsdb.com/images/media/player/thumb/oie6vd1732286438.jpg
J. Vinarčík,https://r2.thesportsdb.com/images/media/player/cutout/g30ypx1739411976.png
I. de Arruabarrena,https://r2.thesportsdb.com/images/media/player/cutout/7450359.png
E. van Ee,https://r2.thesportsdb.com/images/media/player/cutout/7oeut41701468046.png
U. Abubakar,https://r2.thesportsdb.com/images/media/player/cutout/l2zy4d1766512863.png
Gil Dias,https://r2.thesportsdb.com/images/media/player/cutout/2mncjm1678366000.png
Gustavo Garcia,https://r2.thesportsdb.com/images/media/player/cutout/s598s61767692045.png
Rafa Soares,https://r2.thesportsdb.com/images/media/player/cutout/0iftn41603222095.png
Renan,https://r2.thesportsdb.com/images/media/player/cutout/m4705d1769772365.png
Alberto Costa,https://r2.thesportsdb.com/images/media/player/cutout/q9pfp31750330908.png
J. Bednarek,https://r2.thesportsdb.com/images/media/player/cutout/5g53pt1764623134.png
Cláudio Ramos,https://r2.thesportsdb.com/images/media/player/cutout/7edmlr1750440829.png
Diogo Costa,https://r2.thesportsdb.com/images/media/player/cutout/koetaj1724749969.png
S. Eustaquio,https://www.thesportsdb.com/images/media/player/cutout/4q6t9d1778157858.png
Francisco Moura,https://r2.thesportsdb.com/images/media/player/cutout/jqerh71750440732.png
D. Gül,https://r2.thesportsdb.com/images/media/player/cutout/945977.png
Y. Karamoh,https://r2.thesportsdb.com/images/media/player/cutout/6v6i791678372841.png
Martim Fernandes,https://r2.thesportsdb.com/images/media/player/cutout/rihdcv1750440579.png
Rodrigo Mora,https://r2.thesportsdb.com/images/media/player/cutout/t8dncf1750440274.png
Borja Sainz,https://r2.thesportsdb.com/images/media/player/cutout/6tno7m1695293388.png
Thiago Silva,https://r2.thesportsdb.com/images/media/player/cutout/81cvg01750614116.png
A. Varela,https://r2.thesportsdb.com/images/media/player/cutout/qpcwtj1750919188.png
Vasco Sousa,https://r2.thesportsdb.com/images/media/player/cutout/gthfvi1750441189.png
Gabri Veiga,https://r2.thesportsdb.com/images/media/player/cutout/sfrp5w1750441360.png
Y. Begraoui,https://r2.thesportsdb.com/images/media/player/cutout/y5b4v21697546945.png
J. Holsgrove,https://r2.thesportsdb.com/images/media/player/cutout/6v8k6l1658610249.png
João Carvalho,https://r2.thesportsdb.com/images/media/player/thumb/nahv1n1522245470.jpg
A. Marqués,https://r2.thesportsdb.com/images/media/player/thumb/55f6f31545422341.jpg
Jandro Orellana,https://r2.thesportsdb.com/images/media/player/cutout/95p5ab1691965810.png
Patrick de Paula,https://r2.thesportsdb.com/images/media/player/cutout/ygogjc1770035549.png
Pizzi,https://r2.thesportsdb.com/images/media/player/cutout/0gr0151596395170.png
Joel Robles,https://r2.thesportsdb.com/images/media/player/cutout/z9y7b71662660543.png
Ricard Sánchez,https://r2.thesportsdb.com/images/media/player/cutout/ueamez1701178342.png
A. Tsoungui,https://r2.thesportsdb.com/images/media/player/thumb/hwo7mg1723321687.jpg
Xeka,https://r2.thesportsdb.com/images/media/player/cutout/fg5z7f1681417675.png
Andrew,https://r2.thesportsdb.com/images/media/player/cutout/ej8ty21707561438.png
Carlos Eduardo,https://r2.thesportsdb.com/images/media/player/cutout/8uq5351770030648.png
F. Cáseres,https://r2.thesportsdb.com/images/media/player/cutout/3a0yn41716984920.png
M. Elimbi,https://r2.thesportsdb.com/images/media/player/cutout/cfbqem1727419820.png
Héctor Hernández,https://r2.thesportsdb.com/images/media/player/cutout/xabp541561927346.png
Hevertton Santos,https://r2.thesportsdb.com/images/media/player/thumb/ehaclz1731951043.jpg
Lucão,https://r2.thesportsdb.com/images/media/player/cutout/e3n74t1767203909.png
Rodrigo Rodrigues,https://r2.thesportsdb.com/images/media/player/cutout/1whyao1750491780.png
B. Soyer,https://r2.thesportsdb.com/images/media/player/cutout/r3nlzk1702684953.png
A. Tchaptchet,https://r2.thesportsdb.com/images/media/player/cutout/b29t1l1615405466.png
Alan,https://r2.thesportsdb.com/images/media/player/cutout/5204786.png
André Ferreira,https://r2.thesportsdb.com/images/media/player/cutout/jdb3li1701098140.png
Caio Secco,https://r2.thesportsdb.com/images/media/player/thumb/n7989r1527591854.jpg
J. Gower,https://r2.thesportsdb.com/images/media/player/cutout/2004253.png
Kiko,https://r2.thesportsdb.com/images/media/player/cutout/0dll5h1678794206.png
Luís Semedo,https://r2.thesportsdb.com/images/media/player/cutout/fkzwz81698508723.png
Marcelo,https://r2.thesportsdb.com/images/media/player/cutout/4mlqdq1699193933.png
Michel,https://r2.thesportsdb.com/images/media/player/cutout/gsk2881558102449.png
Mika,https://r2.thesportsdb.com/images/media/player/thumb/1cegiv1541170192.jpg
B. Aguilera,https://r2.thesportsdb.com/images/media/player/thumb/l7wma91529235150.jpg
K. Chamorro,https://r2.thesportsdb.com/images/media/player/cutout/byfywa1685823214.png
Clayton,https://r2.thesportsdb.com/images/media/player/cutout/qw55wr1609530617.png
João Novais,https://r2.thesportsdb.com/images/media/player/thumb/25h6tl1527594924.jpg
T. Nikitscher,https://r2.thesportsdb.com/images/media/player/cutout/05vhkl1726000549.png
A. Ntoi,https://r2.thesportsdb.com/images/media/player/cutout/qp5rgf1669547896.png
J. Panzo,https://r2.thesportsdb.com/images/media/player/cutout/vj1z331776171098.png
Alfonso Pastor,https://r2.thesportsdb.com/images/media/player/cutout/n9j9ik1615323366.png
C. Miszta,https://r2.thesportsdb.com/images/media/player/thumb/cu78x61702990173.jpg
F. Petrasso,https://r2.thesportsdb.com/images/media/player/thumb/tmvwmu1508145670.jpg
E. van der Gouw,https://r2.thesportsdb.com/images/media/player/thumb/6sq3w41488824818.jpg
K. Aktürkoğlu,https://r2.thesportsdb.com/images/media/player/cutout/ix8aeh1769179066.png
F. Aursnes,https://r2.thesportsdb.com/images/media/player/cutout/vabjep1681328214.png
L. Barreiro,https://r2.thesportsdb.com/images/media/player/cutout/nskhxv1758216439.png
E. Barrenechea,https://r2.thesportsdb.com/images/media/player/cutout/vg6w3v1758216092.png
Bruma,https://r2.thesportsdb.com/images/media/player/cutout/hf70sb1701203304.png
S. Dahl,https://r2.thesportsdb.com/images/media/player/cutout/xingtc1748613764.png
Henrique Araújo,https://r2.thesportsdb.com/images/media/player/cutout/m95h611758216539.png
F. Ivanović,https://r2.thesportsdb.com/images/media/player/cutout/5terqn1603140254.png
João Rego,https://r2.thesportsdb.com/images/media/player/cutout/ur13p11741292728.png
N. Otamendi,https://r2.thesportsdb.com/images/media/player/cutout/ifxn6x1632995975.png
V. Pavlidis,https://r2.thesportsdb.com/images/media/player/cutout/45od531740131333.png
G. Prestianni,https://r2.thesportsdb.com/images/media/player/cutout/q6htd61758216503.png
Samuel Soares,https://r2.thesportsdb.com/images/media/player/cutout/51pdgg1758217237.png
A. Schjelderup,https://r2.thesportsdb.com/images/media/player/cutout/ihgav61758216246.png
H. Sudakov,https://r2.thesportsdb.com/images/media/player/cutout/y3a12c1758216964.png
Tomás Araújo,https://r2.thesportsdb.com/images/media/player/cutout/0l8tzn1741768720.png
A. Trubin,https://r2.thesportsdb.com/images/media/player/cutout/mlc4me1758217029.png
J. Wynder,https://r2.thesportsdb.com/images/media/player/cutout/4x73j71711792104.png
Afonso Sousa,https://r2.thesportsdb.com/images/media/player/cutout/va1ccb1696671660.png
B. Arrey-Mbi,https://r2.thesportsdb.com/images/media/player/cutout/abbxhp1680093976.png
A. Bellaarouch,https://r2.thesportsdb.com/images/media/player/cutout/aq5xw01766054743.png
M. Dorgeles,https://r2.thesportsdb.com/images/media/player/cutout/e5950b1769178956.png
F. Grillitsch,https://r2.thesportsdb.com/images/media/player/cutout/0bk2ad1709933135.png
Víctor Gómez,https://r2.thesportsdb.com/images/media/player/cutout/dk3fys1707036211.png
L. Horníček,https://www.thesportsdb.com/images/media/player/thumb/155cm31780267939.jpg
João Moutinho,https://r2.thesportsdb.com/images/media/player/cutout/1et28k1632477988.png
G. Lagerbielke,https://r2.thesportsdb.com/images/media/player/cutout/3sbqva1726607896.png
S. Niakaté,https://r2.thesportsdb.com/images/media/player/cutout/tyzsop1631968503.png
Paulo Oliveira,https://r2.thesportsdb.com/images/media/player/cutout/z31ioe1603219423.png
Ricardo Horta,https://r2.thesportsdb.com/images/media/player/cutout/tp8yt21668118493.png
Tiago Sá,https://r2.thesportsdb.com/images/media/player/cutout/7vfldh1708945995.png
E. Tıknaz,https://r2.thesportsdb.com/images/media/player/cutout/jixwfr1725049304.png
R. Zalazar,https://r2.thesportsdb.com/images/media/player/cutout/0t6l6f1724524204.png
Daniel Bragança,https://r2.thesportsdb.com/images/media/player/cutout/skv69a1724522410.png
Z. Debast,https://r2.thesportsdb.com/images/media/player/cutout/xlp81e1716408284.png
Eduardo Quaresma,https://r2.thesportsdb.com/images/media/player/cutout/cj5ovd1680034400.png
Iván Fresneda,https://r2.thesportsdb.com/images/media/player/cutout/3gi2zl1762290765.png
Geny Catamo,https://r2.thesportsdb.com/images/media/player/cutout/4wdjtl1762290471.png
Geovany Quenda,https://r2.thesportsdb.com/images/media/player/cutout/05lcli1762290334.png
Gonçalo Inácio,https://r2.thesportsdb.com/images/media/player/cutout/m00erp1762291029.png
M. Hjulmand,https://r2.thesportsdb.com/images/media/player/cutout/5tz51l1762290678.png
João Simões,https://r2.thesportsdb.com/images/media/player/cutout/x8tfoh1762290645.png
João Virgínia,https://r2.thesportsdb.com/images/media/player/cutout/83kevc1694012126.png
G. Kochorashvili,https://r2.thesportsdb.com/images/media/player/cutout/ahwgg11718735692.png
Matheus Reis,https://r2.thesportsdb.com/images/media/player/cutout/wiqr8v1663241197.png
H. Morita,https://r2.thesportsdb.com/images/media/player/cutout/79kep21668618622.png
Nuno Santos,https://r2.thesportsdb.com/images/media/player/thumb/z2wua31527595157.jpg
Rafael Nel,https://r2.thesportsdb.com/images/media/player/cutout/ue0xs91773916960.png
Ricardo Mangas,https://r2.thesportsdb.com/images/media/player/cutout/nlcau41755185271.png
Rui Silva,https://r2.thesportsdb.com/images/media/player/cutout/30bu6h1762291097.png
L. Suárez,https://r2.thesportsdb.com/images/media/player/cutout/p05dmi1676712847.png
Trincão,https://r2.thesportsdb.com/images/media/player/cutout/7xcl5d1762290739.png
G. Vagiannidis,https://r2.thesportsdb.com/images/media/player/cutout/fiu43y1762290907.png
Charles,https://r2.thesportsdb.com/images/media/player/thumb/nus7l51716880618.jpg
O. Lebedenko,https://r2.thesportsdb.com/images/media/player/cutout/ig7svc1618348716.png
E. Opara,https://r2.thesportsdb.com/images/media/player/thumb/x9rfi01662394584.jpg
Rica Rocha,https://r2.thesportsdb.com/images/media/player/thumb/ulyycy1610982085.jpg
T. Strata,https://r2.thesportsdb.com/images/media/player/cutout/vn01z61748157598.png
Telmo Arcanjo,https://www.thesportsdb.com/images/media/player/cutout/r671mi1779192802.png
J. Garner,https://r2.thesportsdb.com/images/media/player/cutout/zb9ap61771944918.png
