liga,temporada,equipo,zx,zy,touches
Germany_Bundesliga,2025-2026,SV Werder Bremen,0,0,2.0
Germany_Bundesliga,2025-2026,SV Werder Bremen,0,1,2.2059
Germany_Bundesliga,2025-2026,SV Werder Bremen,0,2,3.5
Germany_Bundesliga,2025-2026,SV Werder Bremen,0,3,13.5882
Germany_Bundesliga,2025-2026,SV Werder Bremen,0,4,16.6471
Germany_Bundesliga,2025-2026,SV Werder Bremen,0,5,3.0882
Germany_Bundesliga,2025-2026,SV Werder Bremen,0,6,2.4706
Germany_Bundesliga,2025-2026,SV Werder Bremen,0,7,2.8529
Germany_Bundesliga,2025-2026,SV Werder Bremen,1,0,4.2941
Germany_Bundesliga,2025-2026,SV Werder Bremen,1,1,5.3529
Germany_Bundesliga,2025-2026,SV Werder Bremen,1,2,7.3235
Germany_Bundesliga,2025-2026,SV Werder Bremen,1,3,13.5294
Germany_Bundesliga,2025-2026,SV Werder Bremen,1,4,13.0294
Germany_Bundesliga,2025-2026,SV Werder Bremen,1,5,6.4706
Germany_Bundesliga,2025-2026,SV Werder Bremen,1,6,4.3529
Germany_Bundesliga,2025-2026,SV Werder Bremen,1,7,6.2353
Germany_Bundesliga,2025-2026,SV Werder Bremen,2,0,6.0882
Germany_Bundesliga,2025-2026,SV Werder Bremen,2,1,5.9412
Germany_Bundesliga,2025-2026,SV Werder Bremen,2,2,8.0294
Germany_Bundesliga,2025-2026,SV Werder Bremen,2,3,8.6471
Germany_Bundesliga,2025-2026,SV Werder Bremen,2,4,7.5588
Germany_Bundesliga,2025-2026,SV Werder Bremen,2,5,8.0294
Germany_Bundesliga,2025-2026,SV Werder Bremen,2,6,6.7353
Germany_Bundesliga,2025-2026,SV Werder Bremen,2,7,5.8529
Germany_Bundesliga,2025-2026,SV Werder Bremen,3,0,9.2941
Germany_Bundesliga,2025-2026,SV Werder Bremen,3,1,9.7941
Germany_Bundesliga,2025-2026,SV Werder Bremen,3,2,12.9706
Germany_Bundesliga,2025-2026,SV Werder Bremen,3,3,11.6765
Germany_Bundesliga,2025-2026,SV Werder Bremen,3,4,11.7647
Germany_Bundesliga,2025-2026,SV Werder Bremen,3,5,13.0294
Germany_Bundesliga,2025-2026,SV Werder Bremen,3,6,10.8824
Germany_Bundesliga,2025-2026,SV Werder Bremen,3,7,9.3529
Germany_Bundesliga,2025-2026,SV Werder Bremen,4,0,9.3529
Germany_Bundesliga,2025-2026,SV Werder Bremen,4,1,10.6176
Germany_Bundesliga,2025-2026,SV Werder Bremen,4,2,16.0
Germany_Bundesliga,2025-2026,SV Werder Bremen,4,3,11.7647
Germany_Bundesliga,2025-2026,SV Werder Bremen,4,4,10.5294
Germany_Bundesliga,2025-2026,SV Werder Bremen,4,5,14.5
Germany_Bundesliga,2025-2026,SV Werder Bremen,4,6,11.2941
Germany_Bundesliga,2025-2026,SV Werder Bremen,4,7,10.1176
Germany_Bundesliga,2025-2026,SV Werder Bremen,5,0,8.2941
Germany_Bundesliga,2025-2026,SV Werder Bremen,5,1,8.0
Germany_Bundesliga,2025-2026,SV Werder Bremen,5,2,11.2353
Germany_Bundesliga,2025-2026,SV Werder Bremen,5,3,10.3529
Germany_Bundesliga,2025-2026,SV Werder Bremen,5,4,9.8529
Germany_Bundesliga,2025-2026,SV Werder Bremen,5,5,11.8235
Germany_Bundesliga,2025-2026,SV Werder Bremen,5,6,7.9118
Germany_Bundesliga,2025-2026,SV Werder Bremen,5,7,8.3235
Germany_Bundesliga,2025-2026,SV Werder Bremen,6,0,9.6176
Germany_Bundesliga,2025-2026,SV Werder Bremen,6,1,7.6471
Germany_Bundesliga,2025-2026,SV Werder Bremen,6,2,9.8235
Germany_Bundesliga,2025-2026,SV Werder Bremen,6,3,8.3824
Germany_Bundesliga,2025-2026,SV Werder Bremen,6,4,9.4118
Germany_Bundesliga,2025-2026,SV Werder Bremen,6,5,10.6471
Germany_Bundesliga,2025-2026,SV Werder Bremen,6,6,9.5294
Germany_Bundesliga,2025-2026,SV Werder Bremen,6,7,9.3824
Germany_Bundesliga,2025-2026,SV Werder Bremen,7,0,10.4412
Germany_Bundesliga,2025-2026,SV Werder Bremen,7,1,10.1765
Germany_Bundesliga,2025-2026,SV Werder Bremen,7,2,10.5
Germany_Bundesliga,2025-2026,SV Werder Bremen,7,3,6.1471
Germany_Bundesliga,2025-2026,SV Werder Bremen,7,4,6.1765
Germany_Bundesliga,2025-2026,SV Werder Bremen,7,5,9.2059
Germany_Bundesliga,2025-2026,SV Werder Bremen,7,6,9.5294
Germany_Bundesliga,2025-2026,SV Werder Bremen,7,7,11.6471
Germany_Bundesliga,2025-2026,SV Werder Bremen,8,0,10.0588
Germany_Bundesliga,2025-2026,SV Werder Bremen,8,1,8.7059
Germany_Bundesliga,2025-2026,SV Werder Bremen,8,2,8.3235
Germany_Bundesliga,2025-2026,SV Werder Bremen,8,3,7.5
Germany_Bundesliga,2025-2026,SV Werder Bremen,8,4,6.4412
Germany_Bundesliga,2025-2026,SV Werder Bremen,8,5,8.7941
Germany_Bundesliga,2025-2026,SV Werder Bremen,8,6,8.8235
Germany_Bundesliga,2025-2026,SV Werder Bremen,8,7,10.6765
Germany_Bundesliga,2025-2026,SV Werder Bremen,9,0,6.4118
Germany_Bundesliga,2025-2026,SV Werder Bremen,9,1,4.7353
Germany_Bundesliga,2025-2026,SV Werder Bremen,9,2,4.6765
Germany_Bundesliga,2025-2026,SV Werder Bremen,9,3,3.6765
Germany_Bundesliga,2025-2026,SV Werder Bremen,9,4,3.5294
Germany_Bundesliga,2025-2026,SV Werder Bremen,9,5,5.7353
Germany_Bundesliga,2025-2026,SV Werder Bremen,9,6,5.7647
Germany_Bundesliga,2025-2026,SV Werder Bremen,9,7,7.4706
Germany_Bundesliga,2025-2026,SV Werder Bremen,10,0,5.3529
Germany_Bundesliga,2025-2026,SV Werder Bremen,10,1,3.5
Germany_Bundesliga,2025-2026,SV Werder Bremen,10,2,3.2647
Germany_Bundesliga,2025-2026,SV Werder Bremen,10,3,3.9706
Germany_Bundesliga,2025-2026,SV Werder Bremen,10,4,4.2941
Germany_Bundesliga,2025-2026,SV Werder Bremen,10,5,4.3235
Germany_Bundesliga,2025-2026,SV Werder Bremen,10,6,4.3529
Germany_Bundesliga,2025-2026,SV Werder Bremen,10,7,5.2941
Germany_Bundesliga,2025-2026,SV Werder Bremen,11,0,3.8824
Germany_Bundesliga,2025-2026,SV Werder Bremen,11,1,2.1176
Germany_Bundesliga,2025-2026,SV Werder Bremen,11,2,2.1765
Germany_Bundesliga,2025-2026,SV Werder Bremen,11,3,1.5588
Germany_Bundesliga,2025-2026,SV Werder Bremen,11,4,2.2059
Germany_Bundesliga,2025-2026,SV Werder Bremen,11,5,1.8824
Germany_Bundesliga,2025-2026,SV Werder Bremen,11,6,2.2941
Germany_Bundesliga,2025-2026,SV Werder Bremen,11,7,3.8235
Germany_Bundesliga,2025-2026,VfL Wolfsburg,0,0,1.5
Germany_Bundesliga,2025-2026,VfL Wolfsburg,0,1,2.9118
Germany_Bundesliga,2025-2026,VfL Wolfsburg,0,2,4.3824
Germany_Bundesliga,2025-2026,VfL Wolfsburg,0,3,17.6471
Germany_Bundesliga,2025-2026,VfL Wolfsburg,0,4,17.5294
Germany_Bundesliga,2025-2026,VfL Wolfsburg,0,5,4.0588
Germany_Bundesliga,2025-2026,VfL Wolfsburg,0,6,2.2353
Germany_Bundesliga,2025-2026,VfL Wolfsburg,0,7,2.0294
Germany_Bundesliga,2025-2026,VfL Wolfsburg,1,0,3.7059
Germany_Bundesliga,2025-2026,VfL Wolfsburg,1,1,5.1471
Germany_Bundesliga,2025-2026,VfL Wolfsburg,1,2,6.9118
Germany_Bundesliga,2025-2026,VfL Wolfsburg,1,3,15.4118
Germany_Bundesliga,2025-2026,VfL Wolfsburg,1,4,14.2353
Germany_Bundesliga,2025-2026,VfL Wolfsburg,1,5,7.0
Germany_Bundesliga,2025-2026,VfL Wolfsburg,1,6,6.0
Germany_Bundesliga,2025-2026,VfL Wolfsburg,1,7,5.9706
Germany_Bundesliga,2025-2026,VfL Wolfsburg,2,0,6.0588
Germany_Bundesliga,2025-2026,VfL Wolfsburg,2,1,4.9118
Germany_Bundesliga,2025-2026,VfL Wolfsburg,2,2,6.2941
Germany_Bundesliga,2025-2026,VfL Wolfsburg,2,3,6.5882
Germany_Bundesliga,2025-2026,VfL Wolfsburg,2,4,5.7941
Germany_Bundesliga,2025-2026,VfL Wolfsburg,2,5,6.8235
Germany_Bundesliga,2025-2026,VfL Wolfsburg,2,6,7.5882
Germany_Bundesliga,2025-2026,VfL Wolfsburg,2,7,5.8235
Germany_Bundesliga,2025-2026,VfL Wolfsburg,3,0,8.6471
Germany_Bundesliga,2025-2026,VfL Wolfsburg,3,1,10.0
Germany_Bundesliga,2025-2026,VfL Wolfsburg,3,2,12.3235
Germany_Bundesliga,2025-2026,VfL Wolfsburg,3,3,11.1471
Germany_Bundesliga,2025-2026,VfL Wolfsburg,3,4,10.9706
Germany_Bundesliga,2025-2026,VfL Wolfsburg,3,5,11.4412
Germany_Bundesliga,2025-2026,VfL Wolfsburg,3,6,9.1471
Germany_Bundesliga,2025-2026,VfL Wolfsburg,3,7,9.1765
Germany_Bundesliga,2025-2026,VfL Wolfsburg,4,0,10.1765
Germany_Bundesliga,2025-2026,VfL Wolfsburg,4,1,11.0588
Germany_Bundesliga,2025-2026,VfL Wolfsburg,4,2,14.0294
Germany_Bundesliga,2025-2026,VfL Wolfsburg,4,3,8.5588
Germany_Bundesliga,2025-2026,VfL Wolfsburg,4,4,7.7353
Germany_Bundesliga,2025-2026,VfL Wolfsburg,4,5,14.4706
Germany_Bundesliga,2025-2026,VfL Wolfsburg,4,6,9.2647
Germany_Bundesliga,2025-2026,VfL Wolfsburg,4,7,8.7059
Germany_Bundesliga,2025-2026,VfL Wolfsburg,5,0,7.0
Germany_Bundesliga,2025-2026,VfL Wolfsburg,5,1,6.7647
Germany_Bundesliga,2025-2026,VfL Wolfsburg,5,2,9.8824
Germany_Bundesliga,2025-2026,VfL Wolfsburg,5,3,8.0588
Germany_Bundesliga,2025-2026,VfL Wolfsburg,5,4,8.5588
Germany_Bundesliga,2025-2026,VfL Wolfsburg,5,5,10.3235
Germany_Bundesliga,2025-2026,VfL Wolfsburg,5,6,6.5
Germany_Bundesliga,2025-2026,VfL Wolfsburg,5,7,5.8824
Germany_Bundesliga,2025-2026,VfL Wolfsburg,6,0,6.9412
Germany_Bundesliga,2025-2026,VfL Wolfsburg,6,1,6.7353
Germany_Bundesliga,2025-2026,VfL Wolfsburg,6,2,7.3824
Germany_Bundesliga,2025-2026,VfL Wolfsburg,6,3,7.3824
Germany_Bundesliga,2025-2026,VfL Wolfsburg,6,4,6.4706
Germany_Bundesliga,2025-2026,VfL Wolfsburg,6,5,8.1176
Germany_Bundesliga,2025-2026,VfL Wolfsburg,6,6,7.4412
Germany_Bundesliga,2025-2026,VfL Wolfsburg,6,7,7.0294
Germany_Bundesliga,2025-2026,VfL Wolfsburg,7,0,9.5294
Germany_Bundesliga,2025-2026,VfL Wolfsburg,7,1,10.2941
Germany_Bundesliga,2025-2026,VfL Wolfsburg,7,2,9.6471
Germany_Bundesliga,2025-2026,VfL Wolfsburg,7,3,5.6765
Germany_Bundesliga,2025-2026,VfL Wolfsburg,7,4,4.7059
Germany_Bundesliga,2025-2026,VfL Wolfsburg,7,5,11.0294
Germany_Bundesliga,2025-2026,VfL Wolfsburg,7,6,10.3824
Germany_Bundesliga,2025-2026,VfL Wolfsburg,7,7,10.2941
Germany_Bundesliga,2025-2026,VfL Wolfsburg,8,0,8.9706
Germany_Bundesliga,2025-2026,VfL Wolfsburg,8,1,8.4412
Germany_Bundesliga,2025-2026,VfL Wolfsburg,8,2,7.0
Germany_Bundesliga,2025-2026,VfL Wolfsburg,8,3,6.0882
Germany_Bundesliga,2025-2026,VfL Wolfsburg,8,4,6.2059
Germany_Bundesliga,2025-2026,VfL Wolfsburg,8,5,6.6471
Germany_Bundesliga,2025-2026,VfL Wolfsburg,8,6,8.3529
Germany_Bundesliga,2025-2026,VfL Wolfsburg,8,7,8.6765
Germany_Bundesliga,2025-2026,VfL Wolfsburg,9,0,6.2353
Germany_Bundesliga,2025-2026,VfL Wolfsburg,9,1,4.3824
Germany_Bundesliga,2025-2026,VfL Wolfsburg,9,2,3.5588
Germany_Bundesliga,2025-2026,VfL Wolfsburg,9,3,2.8529
Germany_Bundesliga,2025-2026,VfL Wolfsburg,9,4,2.9118
Germany_Bundesliga,2025-2026,VfL Wolfsburg,9,5,3.7647
Germany_Bundesliga,2025-2026,VfL Wolfsburg,9,6,3.7941
Germany_Bundesliga,2025-2026,VfL Wolfsburg,9,7,4.3824
Germany_Bundesliga,2025-2026,VfL Wolfsburg,10,0,4.9412
Germany_Bundesliga,2025-2026,VfL Wolfsburg,10,1,3.0588
Germany_Bundesliga,2025-2026,VfL Wolfsburg,10,2,2.5
Germany_Bundesliga,2025-2026,VfL Wolfsburg,10,3,3.4412
Germany_Bundesliga,2025-2026,VfL Wolfsburg,10,4,3.2941
Germany_Bundesliga,2025-2026,VfL Wolfsburg,10,5,2.8824
Germany_Bundesliga,2025-2026,VfL Wolfsburg,10,6,2.5294
Germany_Bundesliga,2025-2026,VfL Wolfsburg,10,7,3.5882
Germany_Bundesliga,2025-2026,VfL Wolfsburg,11,0,4.1176
Germany_Bundesliga,2025-2026,VfL Wolfsburg,11,1,2.0588
Germany_Bundesliga,2025-2026,VfL Wolfsburg,11,2,1.7059
Germany_Bundesliga,2025-2026,VfL Wolfsburg,11,3,2.4412
Germany_Bundesliga,2025-2026,VfL Wolfsburg,11,4,2.2941
Germany_Bundesliga,2025-2026,VfL Wolfsburg,11,5,1.8824
Germany_Bundesliga,2025-2026,VfL Wolfsburg,11,6,1.1765
Germany_Bundesliga,2025-2026,VfL Wolfsburg,11,7,3.3529
Germany_Bundesliga,2025-2026,Eintracht Frankfurt,0,0,1.3824
Germany_Bundesliga,2025-2026,Eintracht Frankfurt,0,1,2.0294
Germany_Bundesliga,2025-2026,Eintracht Frankfurt,0,2,3.3824
Germany_Bundesliga,2025-2026,Eintracht Frankfurt,0,3,13.0
Germany_Bundesliga,2025-2026,Eintracht Frankfurt,0,4,13.0588
Germany_Bundesliga,2025-2026,Eintracht Frankfurt,0,5,3.8529
Germany_Bundesliga,2025-2026,Eintracht Frankfurt,0,6,2.4412
Germany_Bundesliga,2025-2026,Eintracht Frankfurt,0,7,1.9706
Germany_Bundesliga,2025-2026,Eintracht Frankfurt,1,0,4.8235
Germany_Bundesliga,2025-2026,Eintracht Frankfurt,1,1,5.0882
Germany_Bundesliga,2025-2026,Eintracht Frankfurt,1,2,7.2353
Germany_Bundesliga,2025-2026,Eintracht Frankfurt,1,3,15.7059
Germany_Bundesliga,2025-2026,Eintracht Frankfurt,1,4,11.8529
Germany_Bundesliga,2025-2026,Eintracht Frankfurt,1,5,7.3235
Germany_Bundesliga,2025-2026,Eintracht Frankfurt,1,6,4.9118
Germany_Bundesliga,2025-2026,Eintracht Frankfurt,1,7,4.4118
Germany_Bundesliga,2025-2026,Eintracht Frankfurt,2,0,7.7059
Germany_Bundesliga,2025-2026,Eintracht Frankfurt,2,1,6.8529
Germany_Bundesliga,2025-2026,Eintracht Frankfurt,2,2,7.5
Germany_Bundesliga,2025-2026,Eintracht Frankfurt,2,3,6.6471
Germany_Bundesliga,2025-2026,Eintracht Frankfurt,2,4,6.0588
Germany_Bundesliga,2025-2026,Eintracht Frankfurt,2,5,6.6176
Germany_Bundesliga,2025-2026,Eintracht Frankfurt,2,6,5.8824
Germany_Bundesliga,2025-2026,Eintracht Frankfurt,2,7,5.4412
Germany_Bundesliga,2025-2026,Eintracht Frankfurt,3,0,10.2353
Germany_Bundesliga,2025-2026,Eintracht Frankfurt,3,1,11.8824
Germany_Bundesliga,2025-2026,Eintracht Frankfurt,3,2,13.0
Germany_Bundesliga,2025-2026,Eintracht Frankfurt,3,3,11.4706
Germany_Bundesliga,2025-2026,Eintracht Frankfurt,3,4,10.4412
Germany_Bundesliga,2025-2026,Eintracht Frankfurt,3,5,13.0588
Germany_Bundesliga,2025-2026,Eintracht Frankfurt,3,6,9.6176
Germany_Bundesliga,2025-2026,Eintracht Frankfurt,3,7,8.4412
Germany_Bundesliga,2025-2026,Eintracht Frankfurt,4,0,11.1471
Germany_Bundesliga,2025-2026,Eintracht Frankfurt,4,1,14.1765
Germany_Bundesliga,2025-2026,Eintracht Frankfurt,4,2,16.8529
Germany_Bundesliga,2025-2026,Eintracht Frankfurt,4,3,10.4412
Germany_Bundesliga,2025-2026,Eintracht Frankfurt,4,4,8.9706
Germany_Bundesliga,2025-2026,Eintracht Frankfurt,4,5,14.0
Germany_Bundesliga,2025-2026,Eintracht Frankfurt,4,6,10.4412
Germany_Bundesliga,2025-2026,Eintracht Frankfurt,4,7,9.6176
Germany_Bundesliga,2025-2026,Eintracht Frankfurt,5,0,8.5882
Germany_Bundesliga,2025-2026,Eintracht Frankfurt,5,1,10.2059
Germany_Bundesliga,2025-2026,Eintracht Frankfurt,5,2,13.0588
Germany_Bundesliga,2025-2026,Eintracht Frankfurt,5,3,10.0882
Germany_Bundesliga,2025-2026,Eintracht Frankfurt,5,4,10.7941
Germany_Bundesliga,2025-2026,Eintracht Frankfurt,5,5,12.3235
Germany_Bundesliga,2025-2026,Eintracht Frankfurt,5,6,8.6471
Germany_Bundesliga,2025-2026,Eintracht Frankfurt,5,7,7.5
Germany_Bundesliga,2025-2026,Eintracht Frankfurt,6,0,9.8235
Germany_Bundesliga,2025-2026,Eintracht Frankfurt,6,1,12.7647
Germany_Bundesliga,2025-2026,Eintracht Frankfurt,6,2,13.0882
Germany_Bundesliga,2025-2026,Eintracht Frankfurt,6,3,9.8824
Germany_Bundesliga,2025-2026,Eintracht Frankfurt,6,4,8.9412
Germany_Bundesliga,2025-2026,Eintracht Frankfurt,6,5,10.6765
Germany_Bundesliga,2025-2026,Eintracht Frankfurt,6,6,9.0882
Germany_Bundesliga,2025-2026,Eintracht Frankfurt,6,7,8.0294
Germany_Bundesliga,2025-2026,Eintracht Frankfurt,7,0,14.5882
Germany_Bundesliga,2025-2026,Eintracht Frankfurt,7,1,13.7941
Germany_Bundesliga,2025-2026,Eintracht Frankfurt,7,2,12.3235
Germany_Bundesliga,2025-2026,Eintracht Frankfurt,7,3,6.3529
Germany_Bundesliga,2025-2026,Eintracht Frankfurt,7,4,5.4118
Germany_Bundesliga,2025-2026,Eintracht Frankfurt,7,5,10.0294
Germany_Bundesliga,2025-2026,Eintracht Frankfurt,7,6,9.9118
Germany_Bundesliga,2025-2026,Eintracht Frankfurt,7,7,10.5588
Germany_Bundesliga,2025-2026,Eintracht Frankfurt,8,0,13.7353
Germany_Bundesliga,2025-2026,Eintracht Frankfurt,8,1,9.6765
Germany_Bundesliga,2025-2026,Eintracht Frankfurt,8,2,8.6471
Germany_Bundesliga,2025-2026,Eintracht Frankfurt,8,3,5.3824
Germany_Bundesliga,2025-2026,Eintracht Frankfurt,8,4,5.0882
Germany_Bundesliga,2025-2026,Eintracht Frankfurt,8,5,7.3824
Germany_Bundesliga,2025-2026,Eintracht Frankfurt,8,6,7.8235
Germany_Bundesliga,2025-2026,Eintracht Frankfurt,8,7,8.2059
Germany_Bundesliga,2025-2026,Eintracht Frankfurt,9,0,9.1765
Germany_Bundesliga,2025-2026,Eintracht Frankfurt,9,1,6.5882
Germany_Bundesliga,2025-2026,Eintracht Frankfurt,9,2,4.9118
Germany_Bundesliga,2025-2026,Eintracht Frankfurt,9,3,2.6765
Germany_Bundesliga,2025-2026,Eintracht Frankfurt,9,4,2.7353
Germany_Bundesliga,2025-2026,Eintracht Frankfurt,9,5,5.1176
Germany_Bundesliga,2025-2026,Eintracht Frankfurt,9,6,3.9706
Germany_Bundesliga,2025-2026,Eintracht Frankfurt,9,7,5.5
Germany_Bundesliga,2025-2026,Eintracht Frankfurt,10,0,6.4118
Germany_Bundesliga,2025-2026,Eintracht Frankfurt,10,1,3.9706
Germany_Bundesliga,2025-2026,Eintracht Frankfurt,10,2,4.0588
Germany_Bundesliga,2025-2026,Eintracht Frankfurt,10,3,3.6176
Germany_Bundesliga,2025-2026,Eintracht Frankfurt,10,4,3.5294
Germany_Bundesliga,2025-2026,Eintracht Frankfurt,10,5,3.6765
Germany_Bundesliga,2025-2026,Eintracht Frankfurt,10,6,3.9706
Germany_Bundesliga,2025-2026,Eintracht Frankfurt,10,7,3.5588
Germany_Bundesliga,2025-2026,Eintracht Frankfurt,11,0,4.1765
Germany_Bundesliga,2025-2026,Eintracht Frankfurt,11,1,2.6765
Germany_Bundesliga,2025-2026,Eintracht Frankfurt,11,2,2.5882
Germany_Bundesliga,2025-2026,Eintracht Frankfurt,11,3,2.0882
Germany_Bundesliga,2025-2026,Eintracht Frankfurt,11,4,2.2647
Germany_Bundesliga,2025-2026,Eintracht Frankfurt,11,5,2.1765
Germany_Bundesliga,2025-2026,Eintracht Frankfurt,11,6,1.9412
Germany_Bundesliga,2025-2026,Eintracht Frankfurt,11,7,3.5
Germany_Bundesliga,2025-2026,1. FSV Mainz 05,0,0,2.0
Germany_Bundesliga,2025-2026,1. FSV Mainz 05,0,1,1.5882
Germany_Bundesliga,2025-2026,1. FSV Mainz 05,0,2,2.9118
Germany_Bundesliga,2025-2026,1. FSV Mainz 05,0,3,12.9118
Germany_Bundesliga,2025-2026,1. FSV Mainz 05,0,4,13.0882
Germany_Bundesliga,2025-2026,1. FSV Mainz 05,0,5,3.2059
Germany_Bundesliga,2025-2026,1. FSV Mainz 05,0,6,1.6471
Germany_Bundesliga,2025-2026,1. FSV Mainz 05,0,7,1.8529
Germany_Bundesliga,2025-2026,1. FSV Mainz 05,1,0,4.1471
Germany_Bundesliga,2025-2026,1. FSV Mainz 05,1,1,3.5882
Germany_Bundesliga,2025-2026,1. FSV Mainz 05,1,2,6.7647
Germany_Bundesliga,2025-2026,1. FSV Mainz 05,1,3,13.6176
Germany_Bundesliga,2025-2026,1. FSV Mainz 05,1,4,12.5588
Germany_Bundesliga,2025-2026,1. FSV Mainz 05,1,5,6.4706
Germany_Bundesliga,2025-2026,1. FSV Mainz 05,1,6,3.6176
Germany_Bundesliga,2025-2026,1. FSV Mainz 05,1,7,3.5882
Germany_Bundesliga,2025-2026,1. FSV Mainz 05,2,0,4.7647
Germany_Bundesliga,2025-2026,1. FSV Mainz 05,2,1,6.0588
Germany_Bundesliga,2025-2026,1. FSV Mainz 05,2,2,6.9118
Germany_Bundesliga,2025-2026,1. FSV Mainz 05,2,3,6.1176
Germany_Bundesliga,2025-2026,1. FSV Mainz 05,2,4,5.5294
Germany_Bundesliga,2025-2026,1. FSV Mainz 05,2,5,6.5294
Germany_Bundesliga,2025-2026,1. FSV Mainz 05,2,6,4.8235
Germany_Bundesliga,2025-2026,1. FSV Mainz 05,2,7,5.2353
Germany_Bundesliga,2025-2026,1. FSV Mainz 05,3,0,9.9118
Germany_Bundesliga,2025-2026,1. FSV Mainz 05,3,1,9.9706
Germany_Bundesliga,2025-2026,1. FSV Mainz 05,3,2,10.2941
Germany_Bundesliga,2025-2026,1. FSV Mainz 05,3,3,10.5294
Germany_Bundesliga,2025-2026,1. FSV Mainz 05,3,4,10.2353
Germany_Bundesliga,2025-2026,1. FSV Mainz 05,3,5,9.7059
Germany_Bundesliga,2025-2026,1. FSV Mainz 05,3,6,8.7059
Germany_Bundesliga,2025-2026,1. FSV Mainz 05,3,7,6.7941
Germany_Bundesliga,2025-2026,1. FSV Mainz 05,4,0,10.0294
Germany_Bundesliga,2025-2026,1. FSV Mainz 05,4,1,10.5294
Germany_Bundesliga,2025-2026,1. FSV Mainz 05,4,2,12.2353
Germany_Bundesliga,2025-2026,1. FSV Mainz 05,4,3,8.1176
Germany_Bundesliga,2025-2026,1. FSV Mainz 05,4,4,6.8824
Germany_Bundesliga,2025-2026,1. FSV Mainz 05,4,5,10.7647
Germany_Bundesliga,2025-2026,1. FSV Mainz 05,4,6,8.7647
Germany_Bundesliga,2025-2026,1. FSV Mainz 05,4,7,7.1176
Germany_Bundesliga,2025-2026,1. FSV Mainz 05,5,0,8.3824
Germany_Bundesliga,2025-2026,1. FSV Mainz 05,5,1,7.5
Germany_Bundesliga,2025-2026,1. FSV Mainz 05,5,2,8.5882
Germany_Bundesliga,2025-2026,1. FSV Mainz 05,5,3,7.0
Germany_Bundesliga,2025-2026,1. FSV Mainz 05,5,4,7.7647
Germany_Bundesliga,2025-2026,1. FSV Mainz 05,5,5,7.6471
Germany_Bundesliga,2025-2026,1. FSV Mainz 05,5,6,6.5882
Germany_Bundesliga,2025-2026,1. FSV Mainz 05,5,7,6.6765
Germany_Bundesliga,2025-2026,1. FSV Mainz 05,6,0,9.8824
Germany_Bundesliga,2025-2026,1. FSV Mainz 05,6,1,7.8529
Germany_Bundesliga,2025-2026,1. FSV Mainz 05,6,2,8.0
Germany_Bundesliga,2025-2026,1. FSV Mainz 05,6,3,6.3529
Germany_Bundesliga,2025-2026,1. FSV Mainz 05,6,4,5.9118
Germany_Bundesliga,2025-2026,1. FSV Mainz 05,6,5,6.5294
Germany_Bundesliga,2025-2026,1. FSV Mainz 05,6,6,6.9118
Germany_Bundesliga,2025-2026,1. FSV Mainz 05,6,7,7.8824
Germany_Bundesliga,2025-2026,1. FSV Mainz 05,7,0,13.5294
Germany_Bundesliga,2025-2026,1. FSV Mainz 05,7,1,11.5
Germany_Bundesliga,2025-2026,1. FSV Mainz 05,7,2,10.3824
Germany_Bundesliga,2025-2026,1. FSV Mainz 05,7,3,5.3235
Germany_Bundesliga,2025-2026,1. FSV Mainz 05,7,4,4.8529
Germany_Bundesliga,2025-2026,1. FSV Mainz 05,7,5,7.5294
Germany_Bundesliga,2025-2026,1. FSV Mainz 05,7,6,9.2353
Germany_Bundesliga,2025-2026,1. FSV Mainz 05,7,7,10.5882
Germany_Bundesliga,2025-2026,1. FSV Mainz 05,8,0,11.2941
Germany_Bundesliga,2025-2026,1. FSV Mainz 05,8,1,9.2647
Germany_Bundesliga,2025-2026,1. FSV Mainz 05,8,2,7.0588
Germany_Bundesliga,2025-2026,1. FSV Mainz 05,8,3,5.1471
Germany_Bundesliga,2025-2026,1. FSV Mainz 05,8,4,5.1176
Germany_Bundesliga,2025-2026,1. FSV Mainz 05,8,5,7.5294
Germany_Bundesliga,2025-2026,1. FSV Mainz 05,8,6,8.3529
Germany_Bundesliga,2025-2026,1. FSV Mainz 05,8,7,8.5588
Germany_Bundesliga,2025-2026,1. FSV Mainz 05,9,0,8.1471
Germany_Bundesliga,2025-2026,1. FSV Mainz 05,9,1,5.3529
Germany_Bundesliga,2025-2026,1. FSV Mainz 05,9,2,4.4118
Germany_Bundesliga,2025-2026,1. FSV Mainz 05,9,3,2.9118
Germany_Bundesliga,2025-2026,1. FSV Mainz 05,9,4,2.3235
Germany_Bundesliga,2025-2026,1. FSV Mainz 05,9,5,3.8235
Germany_Bundesliga,2025-2026,1. FSV Mainz 05,9,6,3.9706
Germany_Bundesliga,2025-2026,1. FSV Mainz 05,9,7,5.7941
Germany_Bundesliga,2025-2026,1. FSV Mainz 05,10,0,8.6471
Germany_Bundesliga,2025-2026,1. FSV Mainz 05,10,1,3.6471
Germany_Bundesliga,2025-2026,1. FSV Mainz 05,10,2,4.1765
Germany_Bundesliga,2025-2026,1. FSV Mainz 05,10,3,5.2059
Germany_Bundesliga,2025-2026,1. FSV Mainz 05,10,4,4.8824
Germany_Bundesliga,2025-2026,1. FSV Mainz 05,10,5,4.2059
Germany_Bundesliga,2025-2026,1. FSV Mainz 05,10,6,3.9412
Germany_Bundesliga,2025-2026,1. FSV Mainz 05,10,7,6.1176
Germany_Bundesliga,2025-2026,1. FSV Mainz 05,11,0,6.2059
Germany_Bundesliga,2025-2026,1. FSV Mainz 05,11,1,2.8529
Germany_Bundesliga,2025-2026,1. FSV Mainz 05,11,2,2.0294
Germany_Bundesliga,2025-2026,1. FSV Mainz 05,11,3,2.6176
Germany_Bundesliga,2025-2026,1. FSV Mainz 05,11,4,2.6765
Germany_Bundesliga,2025-2026,1. FSV Mainz 05,11,5,2.7647
Germany_Bundesliga,2025-2026,1. FSV Mainz 05,11,6,2.5
Germany_Bundesliga,2025-2026,1. FSV Mainz 05,11,7,4.4118
Germany_Bundesliga,2025-2026,FC St. Pauli,0,0,1.4412
Germany_Bundesliga,2025-2026,FC St. Pauli,0,1,1.7941
Germany_Bundesliga,2025-2026,FC St. Pauli,0,2,2.8529
Germany_Bundesliga,2025-2026,FC St. Pauli,0,3,11.0
Germany_Bundesliga,2025-2026,FC St. Pauli,0,4,14.6176
Germany_Bundesliga,2025-2026,FC St. Pauli,0,5,2.6765
Germany_Bundesliga,2025-2026,FC St. Pauli,0,6,2.2353
Germany_Bundesliga,2025-2026,FC St. Pauli,0,7,1.3824
Germany_Bundesliga,2025-2026,FC St. Pauli,1,0,4.8235
Germany_Bundesliga,2025-2026,FC St. Pauli,1,1,4.8235
Germany_Bundesliga,2025-2026,FC St. Pauli,1,2,5.9412
Germany_Bundesliga,2025-2026,FC St. Pauli,1,3,14.0882
Germany_Bundesliga,2025-2026,FC St. Pauli,1,4,12.1765
Germany_Bundesliga,2025-2026,FC St. Pauli,1,5,4.7059
Germany_Bundesliga,2025-2026,FC St. Pauli,1,6,4.4706
Germany_Bundesliga,2025-2026,FC St. Pauli,1,7,4.7941
Germany_Bundesliga,2025-2026,FC St. Pauli,2,0,6.3824
Germany_Bundesliga,2025-2026,FC St. Pauli,2,1,5.8529
Germany_Bundesliga,2025-2026,FC St. Pauli,2,2,6.5588
Germany_Bundesliga,2025-2026,FC St. Pauli,2,3,7.7059
Germany_Bundesliga,2025-2026,FC St. Pauli,2,4,7.4412
Germany_Bundesliga,2025-2026,FC St. Pauli,2,5,7.7353
Germany_Bundesliga,2025-2026,FC St. Pauli,2,6,7.2353
Germany_Bundesliga,2025-2026,FC St. Pauli,2,7,5.8824
Germany_Bundesliga,2025-2026,FC St. Pauli,3,0,10.6176
Germany_Bundesliga,2025-2026,FC St. Pauli,3,1,11.5882
Germany_Bundesliga,2025-2026,FC St. Pauli,3,2,10.9706
Germany_Bundesliga,2025-2026,FC St. Pauli,3,3,11.6471
Germany_Bundesliga,2025-2026,FC St. Pauli,3,4,10.5
Germany_Bundesliga,2025-2026,FC St. Pauli,3,5,10.3824
Germany_Bundesliga,2025-2026,FC St. Pauli,3,6,11.5588
Germany_Bundesliga,2025-2026,FC St. Pauli,3,7,9.0882
Germany_Bundesliga,2025-2026,FC St. Pauli,4,0,11.0882
Germany_Bundesliga,2025-2026,FC St. Pauli,4,1,12.0294
Germany_Bundesliga,2025-2026,FC St. Pauli,4,2,12.5294
Germany_Bundesliga,2025-2026,FC St. Pauli,4,3,7.7059
Germany_Bundesliga,2025-2026,FC St. Pauli,4,4,8.7941
Germany_Bundesliga,2025-2026,FC St. Pauli,4,5,12.0
Germany_Bundesliga,2025-2026,FC St. Pauli,4,6,13.2941
Germany_Bundesliga,2025-2026,FC St. Pauli,4,7,11.2647
Germany_Bundesliga,2025-2026,FC St. Pauli,5,0,8.9706
Germany_Bundesliga,2025-2026,FC St. Pauli,5,1,8.2353
Germany_Bundesliga,2025-2026,FC St. Pauli,5,2,8.4412
Germany_Bundesliga,2025-2026,FC St. Pauli,5,3,6.7941
Germany_Bundesliga,2025-2026,FC St. Pauli,5,4,8.0
Germany_Bundesliga,2025-2026,FC St. Pauli,5,5,8.8235
Germany_Bundesliga,2025-2026,FC St. Pauli,5,6,9.2647
Germany_Bundesliga,2025-2026,FC St. Pauli,5,7,8.3824
Germany_Bundesliga,2025-2026,FC St. Pauli,6,0,10.0588
Germany_Bundesliga,2025-2026,FC St. Pauli,6,1,7.9118
Germany_Bundesliga,2025-2026,FC St. Pauli,6,2,9.1765
Germany_Bundesliga,2025-2026,FC St. Pauli,6,3,5.8824
Germany_Bundesliga,2025-2026,FC St. Pauli,6,4,6.5882
Germany_Bundesliga,2025-2026,FC St. Pauli,6,5,7.4412
Germany_Bundesliga,2025-2026,FC St. Pauli,6,6,8.6176
Germany_Bundesliga,2025-2026,FC St. Pauli,6,7,9.3824
Germany_Bundesliga,2025-2026,FC St. Pauli,7,0,14.3235
Germany_Bundesliga,2025-2026,FC St. Pauli,7,1,11.2353
Germany_Bundesliga,2025-2026,FC St. Pauli,7,2,9.1765
Germany_Bundesliga,2025-2026,FC St. Pauli,7,3,4.6176
Germany_Bundesliga,2025-2026,FC St. Pauli,7,4,4.4706
Germany_Bundesliga,2025-2026,FC St. Pauli,7,5,10.1765
Germany_Bundesliga,2025-2026,FC St. Pauli,7,6,11.3824
Germany_Bundesliga,2025-2026,FC St. Pauli,7,7,11.0588
Germany_Bundesliga,2025-2026,FC St. Pauli,8,0,11.0
Germany_Bundesliga,2025-2026,FC St. Pauli,8,1,9.1765
Germany_Bundesliga,2025-2026,FC St. Pauli,8,2,7.2059
Germany_Bundesliga,2025-2026,FC St. Pauli,8,3,5.3824
Germany_Bundesliga,2025-2026,FC St. Pauli,8,4,5.2353
Germany_Bundesliga,2025-2026,FC St. Pauli,8,5,7.0882
Germany_Bundesliga,2025-2026,FC St. Pauli,8,6,9.4706
Germany_Bundesliga,2025-2026,FC St. Pauli,8,7,10.5882
Germany_Bundesliga,2025-2026,FC St. Pauli,9,0,7.0
Germany_Bundesliga,2025-2026,FC St. Pauli,9,1,4.2353
Germany_Bundesliga,2025-2026,FC St. Pauli,9,2,4.0882
Germany_Bundesliga,2025-2026,FC St. Pauli,9,3,2.4118
Germany_Bundesliga,2025-2026,FC St. Pauli,9,4,2.5882
Germany_Bundesliga,2025-2026,FC St. Pauli,9,5,4.1176
Germany_Bundesliga,2025-2026,FC St. Pauli,9,6,4.1471
Germany_Bundesliga,2025-2026,FC St. Pauli,9,7,6.5882
Germany_Bundesliga,2025-2026,FC St. Pauli,10,0,5.8824
Germany_Bundesliga,2025-2026,FC St. Pauli,10,1,3.3824
Germany_Bundesliga,2025-2026,FC St. Pauli,10,2,3.0588
Germany_Bundesliga,2025-2026,FC St. Pauli,10,3,3.8529
Germany_Bundesliga,2025-2026,FC St. Pauli,10,4,3.7353
Germany_Bundesliga,2025-2026,FC St. Pauli,10,5,2.4706
Germany_Bundesliga,2025-2026,FC St. Pauli,10,6,2.6176
Germany_Bundesliga,2025-2026,FC St. Pauli,10,7,5.3824
Germany_Bundesliga,2025-2026,FC St. Pauli,11,0,5.1176
Germany_Bundesliga,2025-2026,FC St. Pauli,11,1,2.1765
Germany_Bundesliga,2025-2026,FC St. Pauli,11,2,1.5588
Germany_Bundesliga,2025-2026,FC St. Pauli,11,3,1.4118
Germany_Bundesliga,2025-2026,FC St. Pauli,11,4,1.4706
Germany_Bundesliga,2025-2026,FC St. Pauli,11,5,1.2647
Germany_Bundesliga,2025-2026,FC St. Pauli,11,6,1.7647
Germany_Bundesliga,2025-2026,FC St. Pauli,11,7,3.7941
Germany_Bundesliga,2025-2026,SC Freiburg,0,0,1.9118
Germany_Bundesliga,2025-2026,SC Freiburg,0,1,1.6176
Germany_Bundesliga,2025-2026,SC Freiburg,0,2,3.7059
Germany_Bundesliga,2025-2026,SC Freiburg,0,3,14.0588
Germany_Bundesliga,2025-2026,SC Freiburg,0,4,12.5882
Germany_Bundesliga,2025-2026,SC Freiburg,0,5,3.7647
Germany_Bundesliga,2025-2026,SC Freiburg,0,6,2.1471
Germany_Bundesliga,2025-2026,SC Freiburg,0,7,1.4706
Germany_Bundesliga,2025-2026,SC Freiburg,1,0,4.5
Germany_Bundesliga,2025-2026,SC Freiburg,1,1,4.0294
Germany_Bundesliga,2025-2026,SC Freiburg,1,2,6.2941
Germany_Bundesliga,2025-2026,SC Freiburg,1,3,13.6176
Germany_Bundesliga,2025-2026,SC Freiburg,1,4,12.7941
Germany_Bundesliga,2025-2026,SC Freiburg,1,5,5.8235
Germany_Bundesliga,2025-2026,SC Freiburg,1,6,4.3824
Germany_Bundesliga,2025-2026,SC Freiburg,1,7,4.7059
Germany_Bundesliga,2025-2026,SC Freiburg,2,0,6.0294
Germany_Bundesliga,2025-2026,SC Freiburg,2,1,6.3235
Germany_Bundesliga,2025-2026,SC Freiburg,2,2,6.5882
Germany_Bundesliga,2025-2026,SC Freiburg,2,3,6.8235
Germany_Bundesliga,2025-2026,SC Freiburg,2,4,6.5588
Germany_Bundesliga,2025-2026,SC Freiburg,2,5,6.4706
Germany_Bundesliga,2025-2026,SC Freiburg,2,6,6.5
Germany_Bundesliga,2025-2026,SC Freiburg,2,7,6.6765
Germany_Bundesliga,2025-2026,SC Freiburg,3,0,9.6471
Germany_Bundesliga,2025-2026,SC Freiburg,3,1,8.2647
Germany_Bundesliga,2025-2026,SC Freiburg,3,2,11.9706
Germany_Bundesliga,2025-2026,SC Freiburg,3,3,9.2941
Germany_Bundesliga,2025-2026,SC Freiburg,3,4,9.7941
Germany_Bundesliga,2025-2026,SC Freiburg,3,5,10.8529
Germany_Bundesliga,2025-2026,SC Freiburg,3,6,9.1471
Germany_Bundesliga,2025-2026,SC Freiburg,3,7,8.9706
Germany_Bundesliga,2025-2026,SC Freiburg,4,0,10.9412
Germany_Bundesliga,2025-2026,SC Freiburg,4,1,10.2647
Germany_Bundesliga,2025-2026,SC Freiburg,4,2,12.2353
Germany_Bundesliga,2025-2026,SC Freiburg,4,3,9.1176
Germany_Bundesliga,2025-2026,SC Freiburg,4,4,8.0294
Germany_Bundesliga,2025-2026,SC Freiburg,4,5,12.2941
Germany_Bundesliga,2025-2026,SC Freiburg,4,6,9.9118
Germany_Bundesliga,2025-2026,SC Freiburg,4,7,9.3529
Germany_Bundesliga,2025-2026,SC Freiburg,5,0,9.0
Germany_Bundesliga,2025-2026,SC Freiburg,5,1,8.1471
Germany_Bundesliga,2025-2026,SC Freiburg,5,2,10.1176
Germany_Bundesliga,2025-2026,SC Freiburg,5,3,7.5
Germany_Bundesliga,2025-2026,SC Freiburg,5,4,8.9412
Germany_Bundesliga,2025-2026,SC Freiburg,5,5,10.3824
Germany_Bundesliga,2025-2026,SC Freiburg,5,6,7.9706
Germany_Bundesliga,2025-2026,SC Freiburg,5,7,7.4706
Germany_Bundesliga,2025-2026,SC Freiburg,6,0,8.6765
Germany_Bundesliga,2025-2026,SC Freiburg,6,1,8.4118
Germany_Bundesliga,2025-2026,SC Freiburg,6,2,9.2059
Germany_Bundesliga,2025-2026,SC Freiburg,6,3,6.6765
Germany_Bundesliga,2025-2026,SC Freiburg,6,4,6.5588
Germany_Bundesliga,2025-2026,SC Freiburg,6,5,9.3235
Germany_Bundesliga,2025-2026,SC Freiburg,6,6,8.7353
Germany_Bundesliga,2025-2026,SC Freiburg,6,7,9.1471
Germany_Bundesliga,2025-2026,SC Freiburg,7,0,11.7647
Germany_Bundesliga,2025-2026,SC Freiburg,7,1,9.3235
Germany_Bundesliga,2025-2026,SC Freiburg,7,2,9.1765
Germany_Bundesliga,2025-2026,SC Freiburg,7,3,6.5
Germany_Bundesliga,2025-2026,SC Freiburg,7,4,5.4118
Germany_Bundesliga,2025-2026,SC Freiburg,7,5,8.4118
Germany_Bundesliga,2025-2026,SC Freiburg,7,6,9.3529
Germany_Bundesliga,2025-2026,SC Freiburg,7,7,9.5882
Germany_Bundesliga,2025-2026,SC Freiburg,8,0,8.8824
Germany_Bundesliga,2025-2026,SC Freiburg,8,1,8.7059
Germany_Bundesliga,2025-2026,SC Freiburg,8,2,7.5882
Germany_Bundesliga,2025-2026,SC Freiburg,8,3,5.5
Germany_Bundesliga,2025-2026,SC Freiburg,8,4,5.4118
Germany_Bundesliga,2025-2026,SC Freiburg,8,5,6.7353
Germany_Bundesliga,2025-2026,SC Freiburg,8,6,7.2059
Germany_Bundesliga,2025-2026,SC Freiburg,8,7,9.2647
Germany_Bundesliga,2025-2026,SC Freiburg,9,0,5.1176
Germany_Bundesliga,2025-2026,SC Freiburg,9,1,3.7941
Germany_Bundesliga,2025-2026,SC Freiburg,9,2,3.6765
Germany_Bundesliga,2025-2026,SC Freiburg,9,3,2.9412
Germany_Bundesliga,2025-2026,SC Freiburg,9,4,3.4412
Germany_Bundesliga,2025-2026,SC Freiburg,9,5,4.0882
Germany_Bundesliga,2025-2026,SC Freiburg,9,6,3.7647
Germany_Bundesliga,2025-2026,SC Freiburg,9,7,5.8824
Germany_Bundesliga,2025-2026,SC Freiburg,10,0,4.4118
Germany_Bundesliga,2025-2026,SC Freiburg,10,1,2.9412
Germany_Bundesliga,2025-2026,SC Freiburg,10,2,3.0588
Germany_Bundesliga,2025-2026,SC Freiburg,10,3,5.0294
Germany_Bundesliga,2025-2026,SC Freiburg,10,4,4.6765
Germany_Bundesliga,2025-2026,SC Freiburg,10,5,3.1176
Germany_Bundesliga,2025-2026,SC Freiburg,10,6,2.8824
Germany_Bundesliga,2025-2026,SC Freiburg,10,7,4.5294
Germany_Bundesliga,2025-2026,SC Freiburg,11,0,3.2941
Germany_Bundesliga,2025-2026,SC Freiburg,11,1,1.5294
Germany_Bundesliga,2025-2026,SC Freiburg,11,2,1.3235
Germany_Bundesliga,2025-2026,SC Freiburg,11,3,2.6176
Germany_Bundesliga,2025-2026,SC Freiburg,11,4,3.7353
Germany_Bundesliga,2025-2026,SC Freiburg,11,5,2.1176
Germany_Bundesliga,2025-2026,SC Freiburg,11,6,2.2059
Germany_Bundesliga,2025-2026,SC Freiburg,11,7,4.5294
Germany_Bundesliga,2025-2026,BV Borussia 09 Dortmund,0,0,0.9706
Germany_Bundesliga,2025-2026,BV Borussia 09 Dortmund,0,1,1.6765
Germany_Bundesliga,2025-2026,BV Borussia 09 Dortmund,0,2,3.2059
Germany_Bundesliga,2025-2026,BV Borussia 09 Dortmund,0,3,9.7941
Germany_Bundesliga,2025-2026,BV Borussia 09 Dortmund,0,4,12.1176
Germany_Bundesliga,2025-2026,BV Borussia 09 Dortmund,0,5,2.3235
Germany_Bundesliga,2025-2026,BV Borussia 09 Dortmund,0,6,1.5294
Germany_Bundesliga,2025-2026,BV Borussia 09 Dortmund,0,7,1.3824
Germany_Bundesliga,2025-2026,BV Borussia 09 Dortmund,1,0,2.8824
Germany_Bundesliga,2025-2026,BV Borussia 09 Dortmund,1,1,3.5294
Germany_Bundesliga,2025-2026,BV Borussia 09 Dortmund,1,2,5.7941
Germany_Bundesliga,2025-2026,BV Borussia 09 Dortmund,1,3,13.1471
Germany_Bundesliga,2025-2026,BV Borussia 09 Dortmund,1,4,12.2059
Germany_Bundesliga,2025-2026,BV Borussia 09 Dortmund,1,5,5.1765
Germany_Bundesliga,2025-2026,BV Borussia 09 Dortmund,1,6,3.6765
Germany_Bundesliga,2025-2026,BV Borussia 09 Dortmund,1,7,2.7647
Germany_Bundesliga,2025-2026,BV Borussia 09 Dortmund,2,0,4.5588
Germany_Bundesliga,2025-2026,BV Borussia 09 Dortmund,2,1,4.9118
Germany_Bundesliga,2025-2026,BV Borussia 09 Dortmund,2,2,6.7059
Germany_Bundesliga,2025-2026,BV Borussia 09 Dortmund,2,3,6.5882
Germany_Bundesliga,2025-2026,BV Borussia 09 Dortmund,2,4,5.2941
Germany_Bundesliga,2025-2026,BV Borussia 09 Dortmund,2,5,5.3824
Germany_Bundesliga,2025-2026,BV Borussia 09 Dortmund,2,6,5.0
Germany_Bundesliga,2025-2026,BV Borussia 09 Dortmund,2,7,4.8824
Germany_Bundesliga,2025-2026,BV Borussia 09 Dortmund,3,0,7.3824
Germany_Bundesliga,2025-2026,BV Borussia 09 Dortmund,3,1,8.8235
Germany_Bundesliga,2025-2026,BV Borussia 09 Dortmund,3,2,12.2647
Germany_Bundesliga,2025-2026,BV Borussia 09 Dortmund,3,3,13.5294
Germany_Bundesliga,2025-2026,BV Borussia 09 Dortmund,3,4,12.8529
Germany_Bundesliga,2025-2026,BV Borussia 09 Dortmund,3,5,12.3529
Germany_Bundesliga,2025-2026,BV Borussia 09 Dortmund,3,6,8.3824
Germany_Bundesliga,2025-2026,BV Borussia 09 Dortmund,3,7,7.2941
Germany_Bundesliga,2025-2026,BV Borussia 09 Dortmund,4,0,10.0882
Germany_Bundesliga,2025-2026,BV Borussia 09 Dortmund,4,1,11.0882
Germany_Bundesliga,2025-2026,BV Borussia 09 Dortmund,4,2,14.7059
Germany_Bundesliga,2025-2026,BV Borussia 09 Dortmund,4,3,11.7353
Germany_Bundesliga,2025-2026,BV Borussia 09 Dortmund,4,4,11.2353
Germany_Bundesliga,2025-2026,BV Borussia 09 Dortmund,4,5,14.9412
Germany_Bundesliga,2025-2026,BV Borussia 09 Dortmund,4,6,11.5588
Germany_Bundesliga,2025-2026,BV Borussia 09 Dortmund,4,7,7.7941
Germany_Bundesliga,2025-2026,BV Borussia 09 Dortmund,5,0,8.7059
Germany_Bundesliga,2025-2026,BV Borussia 09 Dortmund,5,1,8.8235
Germany_Bundesliga,2025-2026,BV Borussia 09 Dortmund,5,2,10.7647
Germany_Bundesliga,2025-2026,BV Borussia 09 Dortmund,5,3,10.1471
Germany_Bundesliga,2025-2026,BV Borussia 09 Dortmund,5,4,12.2647
Germany_Bundesliga,2025-2026,BV Borussia 09 Dortmund,5,5,10.6471
Germany_Bundesliga,2025-2026,BV Borussia 09 Dortmund,5,6,8.3529
Germany_Bundesliga,2025-2026,BV Borussia 09 Dortmund,5,7,6.5882
Germany_Bundesliga,2025-2026,BV Borussia 09 Dortmund,6,0,8.7353
Germany_Bundesliga,2025-2026,BV Borussia 09 Dortmund,6,1,8.7941
Germany_Bundesliga,2025-2026,BV Borussia 09 Dortmund,6,2,11.3235
Germany_Bundesliga,2025-2026,BV Borussia 09 Dortmund,6,3,10.0588
Germany_Bundesliga,2025-2026,BV Borussia 09 Dortmund,6,4,10.0
Germany_Bundesliga,2025-2026,BV Borussia 09 Dortmund,6,5,10.7059
Germany_Bundesliga,2025-2026,BV Borussia 09 Dortmund,6,6,9.1176
Germany_Bundesliga,2025-2026,BV Borussia 09 Dortmund,6,7,7.0
Germany_Bundesliga,2025-2026,BV Borussia 09 Dortmund,7,0,14.5882
Germany_Bundesliga,2025-2026,BV Borussia 09 Dortmund,7,1,12.4706
Germany_Bundesliga,2025-2026,BV Borussia 09 Dortmund,7,2,14.4118
Germany_Bundesliga,2025-2026,BV Borussia 09 Dortmund,7,3,8.4706
Germany_Bundesliga,2025-2026,BV Borussia 09 Dortmund,7,4,8.1765
Germany_Bundesliga,2025-2026,BV Borussia 09 Dortmund,7,5,15.9118
Germany_Bundesliga,2025-2026,BV Borussia 09 Dortmund,7,6,11.6471
Germany_Bundesliga,2025-2026,BV Borussia 09 Dortmund,7,7,12.3824
Germany_Bundesliga,2025-2026,BV Borussia 09 Dortmund,8,0,14.3235
Germany_Bundesliga,2025-2026,BV Borussia 09 Dortmund,8,1,10.7353
Germany_Bundesliga,2025-2026,BV Borussia 09 Dortmund,8,2,11.0
Germany_Bundesliga,2025-2026,BV Borussia 09 Dortmund,8,3,8.1176
Germany_Bundesliga,2025-2026,BV Borussia 09 Dortmund,8,4,9.6765
Germany_Bundesliga,2025-2026,BV Borussia 09 Dortmund,8,5,10.8824
Germany_Bundesliga,2025-2026,BV Borussia 09 Dortmund,8,6,10.8529
Germany_Bundesliga,2025-2026,BV Borussia 09 Dortmund,8,7,10.2647
Germany_Bundesliga,2025-2026,BV Borussia 09 Dortmund,9,0,10.9706
Germany_Bundesliga,2025-2026,BV Borussia 09 Dortmund,9,1,6.0588
Germany_Bundesliga,2025-2026,BV Borussia 09 Dortmund,9,2,4.5294
Germany_Bundesliga,2025-2026,BV Borussia 09 Dortmund,9,3,4.0
Germany_Bundesliga,2025-2026,BV Borussia 09 Dortmund,9,4,3.8529
Germany_Bundesliga,2025-2026,BV Borussia 09 Dortmund,9,5,5.4118
Germany_Bundesliga,2025-2026,BV Borussia 09 Dortmund,9,6,5.1176
Germany_Bundesliga,2025-2026,BV Borussia 09 Dortmund,9,7,6.1176
Germany_Bundesliga,2025-2026,BV Borussia 09 Dortmund,10,0,8.2941
Germany_Bundesliga,2025-2026,BV Borussia 09 Dortmund,10,1,4.3235
Germany_Bundesliga,2025-2026,BV Borussia 09 Dortmund,10,2,3.4706
Germany_Bundesliga,2025-2026,BV Borussia 09 Dortmund,10,3,3.9412
Germany_Bundesliga,2025-2026,BV Borussia 09 Dortmund,10,4,5.2059
Germany_Bundesliga,2025-2026,BV Borussia 09 Dortmund,10,5,3.7353
Germany_Bundesliga,2025-2026,BV Borussia 09 Dortmund,10,6,3.7647
Germany_Bundesliga,2025-2026,BV Borussia 09 Dortmund,10,7,4.7353
Germany_Bundesliga,2025-2026,BV Borussia 09 Dortmund,11,0,5.5
Germany_Bundesliga,2025-2026,BV Borussia 09 Dortmund,11,1,2.7059
Germany_Bundesliga,2025-2026,BV Borussia 09 Dortmund,11,2,2.6176
Germany_Bundesliga,2025-2026,BV Borussia 09 Dortmund,11,3,3.0882
Germany_Bundesliga,2025-2026,BV Borussia 09 Dortmund,11,4,3.8235
Germany_Bundesliga,2025-2026,BV Borussia 09 Dortmund,11,5,2.9706
Germany_Bundesliga,2025-2026,BV Borussia 09 Dortmund,11,6,2.4118
Germany_Bundesliga,2025-2026,BV Borussia 09 Dortmund,11,7,4.5
Germany_Bundesliga,2025-2026,Hamburger SV,0,0,2.1471
Germany_Bundesliga,2025-2026,Hamburger SV,0,1,2.0294
Germany_Bundesliga,2025-2026,Hamburger SV,0,2,4.0588
Germany_Bundesliga,2025-2026,Hamburger SV,0,3,14.3529
Germany_Bundesliga,2025-2026,Hamburger SV,0,4,17.5588
Germany_Bundesliga,2025-2026,Hamburger SV,0,5,4.2647
Germany_Bundesliga,2025-2026,Hamburger SV,0,6,2.3235
Germany_Bundesliga,2025-2026,Hamburger SV,0,7,2.1176
Germany_Bundesliga,2025-2026,Hamburger SV,1,0,4.9118
Germany_Bundesliga,2025-2026,Hamburger SV,1,1,4.3235
Germany_Bundesliga,2025-2026,Hamburger SV,1,2,7.3235
Germany_Bundesliga,2025-2026,Hamburger SV,1,3,13.2353
Germany_Bundesliga,2025-2026,Hamburger SV,1,4,13.1471
Germany_Bundesliga,2025-2026,Hamburger SV,1,5,8.0
Germany_Bundesliga,2025-2026,Hamburger SV,1,6,4.9412
Germany_Bundesliga,2025-2026,Hamburger SV,1,7,4.5882
Germany_Bundesliga,2025-2026,Hamburger SV,2,0,5.6471
Germany_Bundesliga,2025-2026,Hamburger SV,2,1,5.9412
Germany_Bundesliga,2025-2026,Hamburger SV,2,2,6.9706
Germany_Bundesliga,2025-2026,Hamburger SV,2,3,9.0882
Germany_Bundesliga,2025-2026,Hamburger SV,2,4,9.5588
Germany_Bundesliga,2025-2026,Hamburger SV,2,5,8.0294
Germany_Bundesliga,2025-2026,Hamburger SV,2,6,6.0588
Germany_Bundesliga,2025-2026,Hamburger SV,2,7,6.5294
Germany_Bundesliga,2025-2026,Hamburger SV,3,0,7.8235
Germany_Bundesliga,2025-2026,Hamburger SV,3,1,10.0294
Germany_Bundesliga,2025-2026,Hamburger SV,3,2,11.5882
Germany_Bundesliga,2025-2026,Hamburger SV,3,3,13.0294
Germany_Bundesliga,2025-2026,Hamburger SV,3,4,12.7941
Germany_Bundesliga,2025-2026,Hamburger SV,3,5,11.6765
Germany_Bundesliga,2025-2026,Hamburger SV,3,6,11.2059
Germany_Bundesliga,2025-2026,Hamburger SV,3,7,8.8529
Germany_Bundesliga,2025-2026,Hamburger SV,4,0,8.7941
Germany_Bundesliga,2025-2026,Hamburger SV,4,1,9.7353
Germany_Bundesliga,2025-2026,Hamburger SV,4,2,13.1765
Germany_Bundesliga,2025-2026,Hamburger SV,4,3,9.1471
Germany_Bundesliga,2025-2026,Hamburger SV,4,4,9.7353
Germany_Bundesliga,2025-2026,Hamburger SV,4,5,12.3824
Germany_Bundesliga,2025-2026,Hamburger SV,4,6,10.5294
Germany_Bundesliga,2025-2026,Hamburger SV,4,7,9.8824
Germany_Bundesliga,2025-2026,Hamburger SV,5,0,6.2059
Germany_Bundesliga,2025-2026,Hamburger SV,5,1,6.6765
Germany_Bundesliga,2025-2026,Hamburger SV,5,2,8.8824
Germany_Bundesliga,2025-2026,Hamburger SV,5,3,7.7059
Germany_Bundesliga,2025-2026,Hamburger SV,5,4,8.5
Germany_Bundesliga,2025-2026,Hamburger SV,5,5,10.3824
Germany_Bundesliga,2025-2026,Hamburger SV,5,6,8.2353
Germany_Bundesliga,2025-2026,Hamburger SV,5,7,7.2059
Germany_Bundesliga,2025-2026,Hamburger SV,6,0,8.0882
Germany_Bundesliga,2025-2026,Hamburger SV,6,1,7.0882
Germany_Bundesliga,2025-2026,Hamburger SV,6,2,8.0882
Germany_Bundesliga,2025-2026,Hamburger SV,6,3,5.1176
Germany_Bundesliga,2025-2026,Hamburger SV,6,4,6.4706
Germany_Bundesliga,2025-2026,Hamburger SV,6,5,8.2059
Germany_Bundesliga,2025-2026,Hamburger SV,6,6,8.0
Germany_Bundesliga,2025-2026,Hamburger SV,6,7,8.6765
Germany_Bundesliga,2025-2026,Hamburger SV,7,0,9.6176
Germany_Bundesliga,2025-2026,Hamburger SV,7,1,8.0294
Germany_Bundesliga,2025-2026,Hamburger SV,7,2,8.2647
Germany_Bundesliga,2025-2026,Hamburger SV,7,3,3.7647
Germany_Bundesliga,2025-2026,Hamburger SV,7,4,3.7647
Germany_Bundesliga,2025-2026,Hamburger SV,7,5,7.7353
Germany_Bundesliga,2025-2026,Hamburger SV,7,6,8.9118
Germany_Bundesliga,2025-2026,Hamburger SV,7,7,11.3529
Germany_Bundesliga,2025-2026,Hamburger SV,8,0,7.2941
Germany_Bundesliga,2025-2026,Hamburger SV,8,1,6.1176
Germany_Bundesliga,2025-2026,Hamburger SV,8,2,5.6471
Germany_Bundesliga,2025-2026,Hamburger SV,8,3,3.5588
Germany_Bundesliga,2025-2026,Hamburger SV,8,4,4.5294
Germany_Bundesliga,2025-2026,Hamburger SV,8,5,5.7941
Germany_Bundesliga,2025-2026,Hamburger SV,8,6,5.7941
Germany_Bundesliga,2025-2026,Hamburger SV,8,7,7.6176
Germany_Bundesliga,2025-2026,Hamburger SV,9,0,5.8529
Germany_Bundesliga,2025-2026,Hamburger SV,9,1,3.4412
Germany_Bundesliga,2025-2026,Hamburger SV,9,2,2.7353
Germany_Bundesliga,2025-2026,Hamburger SV,9,3,2.4412
Germany_Bundesliga,2025-2026,Hamburger SV,9,4,2.2941
Germany_Bundesliga,2025-2026,Hamburger SV,9,5,3.2059
Germany_Bundesliga,2025-2026,Hamburger SV,9,6,3.3824
Germany_Bundesliga,2025-2026,Hamburger SV,9,7,5.0588
Germany_Bundesliga,2025-2026,Hamburger SV,10,0,3.9412
Germany_Bundesliga,2025-2026,Hamburger SV,10,1,2.4706
Germany_Bundesliga,2025-2026,Hamburger SV,10,2,3.0294
Germany_Bundesliga,2025-2026,Hamburger SV,10,3,3.7059
Germany_Bundesliga,2025-2026,Hamburger SV,10,4,3.4118
Germany_Bundesliga,2025-2026,Hamburger SV,10,5,2.8824
Germany_Bundesliga,2025-2026,Hamburger SV,10,6,2.0
Germany_Bundesliga,2025-2026,Hamburger SV,10,7,4.1176
Germany_Bundesliga,2025-2026,Hamburger SV,11,0,3.7353
Germany_Bundesliga,2025-2026,Hamburger SV,11,1,1.6471
Germany_Bundesliga,2025-2026,Hamburger SV,11,2,1.7059
Germany_Bundesliga,2025-2026,Hamburger SV,11,3,1.9706
Germany_Bundesliga,2025-2026,Hamburger SV,11,4,1.9412
Germany_Bundesliga,2025-2026,Hamburger SV,11,5,2.1176
Germany_Bundesliga,2025-2026,Hamburger SV,11,6,2.4118
Germany_Bundesliga,2025-2026,Hamburger SV,11,7,3.3529
Germany_Bundesliga,2025-2026,TSG 1899 Hoffenheim,0,0,1.5882
Germany_Bundesliga,2025-2026,TSG 1899 Hoffenheim,0,1,1.6765
Germany_Bundesliga,2025-2026,TSG 1899 Hoffenheim,0,2,4.3529
Germany_Bundesliga,2025-2026,TSG 1899 Hoffenheim,0,3,11.7647
Germany_Bundesliga,2025-2026,TSG 1899 Hoffenheim,0,4,12.5588
Germany_Bundesliga,2025-2026,TSG 1899 Hoffenheim,0,5,3.2353
Germany_Bundesliga,2025-2026,TSG 1899 Hoffenheim,0,6,1.8235
Germany_Bundesliga,2025-2026,TSG 1899 Hoffenheim,0,7,1.5588
Germany_Bundesliga,2025-2026,TSG 1899 Hoffenheim,1,0,4.5294
Germany_Bundesliga,2025-2026,TSG 1899 Hoffenheim,1,1,4.3235
Germany_Bundesliga,2025-2026,TSG 1899 Hoffenheim,1,2,6.3824
Germany_Bundesliga,2025-2026,TSG 1899 Hoffenheim,1,3,15.4706
Germany_Bundesliga,2025-2026,TSG 1899 Hoffenheim,1,4,12.1471
Germany_Bundesliga,2025-2026,TSG 1899 Hoffenheim,1,5,5.8529
Germany_Bundesliga,2025-2026,TSG 1899 Hoffenheim,1,6,4.0588
Germany_Bundesliga,2025-2026,TSG 1899 Hoffenheim,1,7,3.6765
Germany_Bundesliga,2025-2026,TSG 1899 Hoffenheim,2,0,5.5588
Germany_Bundesliga,2025-2026,TSG 1899 Hoffenheim,2,1,5.3824
Germany_Bundesliga,2025-2026,TSG 1899 Hoffenheim,2,2,7.0294
Germany_Bundesliga,2025-2026,TSG 1899 Hoffenheim,2,3,6.7353
Germany_Bundesliga,2025-2026,TSG 1899 Hoffenheim,2,4,6.7059
Germany_Bundesliga,2025-2026,TSG 1899 Hoffenheim,2,5,6.8824
Germany_Bundesliga,2025-2026,TSG 1899 Hoffenheim,2,6,7.0588
Germany_Bundesliga,2025-2026,TSG 1899 Hoffenheim,2,7,6.2647
Germany_Bundesliga,2025-2026,TSG 1899 Hoffenheim,3,0,8.8529
Germany_Bundesliga,2025-2026,TSG 1899 Hoffenheim,3,1,9.2647
Germany_Bundesliga,2025-2026,TSG 1899 Hoffenheim,3,2,9.8235
Germany_Bundesliga,2025-2026,TSG 1899 Hoffenheim,3,3,11.5588
Germany_Bundesliga,2025-2026,TSG 1899 Hoffenheim,3,4,13.3824
Germany_Bundesliga,2025-2026,TSG 1899 Hoffenheim,3,5,11.5294
Germany_Bundesliga,2025-2026,TSG 1899 Hoffenheim,3,6,10.0588
Germany_Bundesliga,2025-2026,TSG 1899 Hoffenheim,3,7,8.7647
Germany_Bundesliga,2025-2026,TSG 1899 Hoffenheim,4,0,9.1471
Germany_Bundesliga,2025-2026,TSG 1899 Hoffenheim,4,1,9.9706
Germany_Bundesliga,2025-2026,TSG 1899 Hoffenheim,4,2,12.2353
Germany_Bundesliga,2025-2026,TSG 1899 Hoffenheim,4,3,9.7941
Germany_Bundesliga,2025-2026,TSG 1899 Hoffenheim,4,4,11.9706
Germany_Bundesliga,2025-2026,TSG 1899 Hoffenheim,4,5,14.0294
Germany_Bundesliga,2025-2026,TSG 1899 Hoffenheim,4,6,11.2647
Germany_Bundesliga,2025-2026,TSG 1899 Hoffenheim,4,7,11.4412
Germany_Bundesliga,2025-2026,TSG 1899 Hoffenheim,5,0,9.3235
Germany_Bundesliga,2025-2026,TSG 1899 Hoffenheim,5,1,7.7647
Germany_Bundesliga,2025-2026,TSG 1899 Hoffenheim,5,2,10.3529
Germany_Bundesliga,2025-2026,TSG 1899 Hoffenheim,5,3,8.9118
Germany_Bundesliga,2025-2026,TSG 1899 Hoffenheim,5,4,10.0
Germany_Bundesliga,2025-2026,TSG 1899 Hoffenheim,5,5,12.2059
Germany_Bundesliga,2025-2026,TSG 1899 Hoffenheim,5,6,9.4706
Germany_Bundesliga,2025-2026,TSG 1899 Hoffenheim,5,7,10.4118
Germany_Bundesliga,2025-2026,TSG 1899 Hoffenheim,6,0,9.0588
Germany_Bundesliga,2025-2026,TSG 1899 Hoffenheim,6,1,8.3235
Germany_Bundesliga,2025-2026,TSG 1899 Hoffenheim,6,2,9.2059
Germany_Bundesliga,2025-2026,TSG 1899 Hoffenheim,6,3,8.9706
Germany_Bundesliga,2025-2026,TSG 1899 Hoffenheim,6,4,9.4412
Germany_Bundesliga,2025-2026,TSG 1899 Hoffenheim,6,5,11.9118
Germany_Bundesliga,2025-2026,TSG 1899 Hoffenheim,6,6,11.0294
Germany_Bundesliga,2025-2026,TSG 1899 Hoffenheim,6,7,12.4118
Germany_Bundesliga,2025-2026,TSG 1899 Hoffenheim,7,0,12.0294
Germany_Bundesliga,2025-2026,TSG 1899 Hoffenheim,7,1,9.6176
Germany_Bundesliga,2025-2026,TSG 1899 Hoffenheim,7,2,10.8235
Germany_Bundesliga,2025-2026,TSG 1899 Hoffenheim,7,3,6.9118
Germany_Bundesliga,2025-2026,TSG 1899 Hoffenheim,7,4,6.5882
Germany_Bundesliga,2025-2026,TSG 1899 Hoffenheim,7,5,11.8235
Germany_Bundesliga,2025-2026,TSG 1899 Hoffenheim,7,6,12.2647
Germany_Bundesliga,2025-2026,TSG 1899 Hoffenheim,7,7,14.9118
Germany_Bundesliga,2025-2026,TSG 1899 Hoffenheim,8,0,10.5
Germany_Bundesliga,2025-2026,TSG 1899 Hoffenheim,8,1,8.8235
Germany_Bundesliga,2025-2026,TSG 1899 Hoffenheim,8,2,8.7647
Germany_Bundesliga,2025-2026,TSG 1899 Hoffenheim,8,3,7.2353
Germany_Bundesliga,2025-2026,TSG 1899 Hoffenheim,8,4,7.4706
Germany_Bundesliga,2025-2026,TSG 1899 Hoffenheim,8,5,8.1471
Germany_Bundesliga,2025-2026,TSG 1899 Hoffenheim,8,6,10.5588
Germany_Bundesliga,2025-2026,TSG 1899 Hoffenheim,8,7,12.0294
Germany_Bundesliga,2025-2026,TSG 1899 Hoffenheim,9,0,7.6765
Germany_Bundesliga,2025-2026,TSG 1899 Hoffenheim,9,1,4.3824
Germany_Bundesliga,2025-2026,TSG 1899 Hoffenheim,9,2,4.6471
Germany_Bundesliga,2025-2026,TSG 1899 Hoffenheim,9,3,4.0294
Germany_Bundesliga,2025-2026,TSG 1899 Hoffenheim,9,4,4.1176
Germany_Bundesliga,2025-2026,TSG 1899 Hoffenheim,9,5,5.4412
Germany_Bundesliga,2025-2026,TSG 1899 Hoffenheim,9,6,5.5588
Germany_Bundesliga,2025-2026,TSG 1899 Hoffenheim,9,7,7.7353
Germany_Bundesliga,2025-2026,TSG 1899 Hoffenheim,10,0,6.2647
Germany_Bundesliga,2025-2026,TSG 1899 Hoffenheim,10,1,4.2353
Germany_Bundesliga,2025-2026,TSG 1899 Hoffenheim,10,2,3.9412
Germany_Bundesliga,2025-2026,TSG 1899 Hoffenheim,10,3,4.6471
Germany_Bundesliga,2025-2026,TSG 1899 Hoffenheim,10,4,4.8235
Germany_Bundesliga,2025-2026,TSG 1899 Hoffenheim,10,5,4.7647
Germany_Bundesliga,2025-2026,TSG 1899 Hoffenheim,10,6,4.2941
Germany_Bundesliga,2025-2026,TSG 1899 Hoffenheim,10,7,6.3235
Germany_Bundesliga,2025-2026,TSG 1899 Hoffenheim,11,0,5.3824
Germany_Bundesliga,2025-2026,TSG 1899 Hoffenheim,11,1,2.3529
Germany_Bundesliga,2025-2026,TSG 1899 Hoffenheim,11,2,2.2059
Germany_Bundesliga,2025-2026,TSG 1899 Hoffenheim,11,3,3.2353
Germany_Bundesliga,2025-2026,TSG 1899 Hoffenheim,11,4,4.0588
Germany_Bundesliga,2025-2026,TSG 1899 Hoffenheim,11,5,3.1765
Germany_Bundesliga,2025-2026,TSG 1899 Hoffenheim,11,6,2.7059
Germany_Bundesliga,2025-2026,TSG 1899 Hoffenheim,11,7,5.0588
Germany_Bundesliga,2025-2026,RasenBallsport Leipzig,0,0,1.7647
Germany_Bundesliga,2025-2026,RasenBallsport Leipzig,0,1,1.6176
Germany_Bundesliga,2025-2026,RasenBallsport Leipzig,0,2,3.0588
Germany_Bundesliga,2025-2026,RasenBallsport Leipzig,0,3,12.9118
Germany_Bundesliga,2025-2026,RasenBallsport Leipzig,0,4,13.4706
Germany_Bundesliga,2025-2026,RasenBallsport Leipzig,0,5,4.0294
Germany_Bundesliga,2025-2026,RasenBallsport Leipzig,0,6,2.0882
Germany_Bundesliga,2025-2026,RasenBallsport Leipzig,0,7,2.4706
Germany_Bundesliga,2025-2026,RasenBallsport Leipzig,1,0,4.5
Germany_Bundesliga,2025-2026,RasenBallsport Leipzig,1,1,4.6471
Germany_Bundesliga,2025-2026,RasenBallsport Leipzig,1,2,7.1471
Germany_Bundesliga,2025-2026,RasenBallsport Leipzig,1,3,13.0
Germany_Bundesliga,2025-2026,RasenBallsport Leipzig,1,4,11.3824
Germany_Bundesliga,2025-2026,RasenBallsport Leipzig,1,5,6.3235
Germany_Bundesliga,2025-2026,RasenBallsport Leipzig,1,6,5.4118
Germany_Bundesliga,2025-2026,RasenBallsport Leipzig,1,7,5.5882
Germany_Bundesliga,2025-2026,RasenBallsport Leipzig,2,0,7.0588
Germany_Bundesliga,2025-2026,RasenBallsport Leipzig,2,1,4.9118
Germany_Bundesliga,2025-2026,RasenBallsport Leipzig,2,2,6.3824
Germany_Bundesliga,2025-2026,RasenBallsport Leipzig,2,3,6.6471
Germany_Bundesliga,2025-2026,RasenBallsport Leipzig,2,4,6.1471
Germany_Bundesliga,2025-2026,RasenBallsport Leipzig,2,5,7.7647
Germany_Bundesliga,2025-2026,RasenBallsport Leipzig,2,6,6.3529
Germany_Bundesliga,2025-2026,RasenBallsport Leipzig,2,7,7.0
Germany_Bundesliga,2025-2026,RasenBallsport Leipzig,3,0,11.4412
Germany_Bundesliga,2025-2026,RasenBallsport Leipzig,3,1,9.5
Germany_Bundesliga,2025-2026,RasenBallsport Leipzig,3,2,11.9706
Germany_Bundesliga,2025-2026,RasenBallsport Leipzig,3,3,10.6765
Germany_Bundesliga,2025-2026,RasenBallsport Leipzig,3,4,11.9412
Germany_Bundesliga,2025-2026,RasenBallsport Leipzig,3,5,14.7647
Germany_Bundesliga,2025-2026,RasenBallsport Leipzig,3,6,10.7353
Germany_Bundesliga,2025-2026,RasenBallsport Leipzig,3,7,10.7353
Germany_Bundesliga,2025-2026,RasenBallsport Leipzig,4,0,12.0294
Germany_Bundesliga,2025-2026,RasenBallsport Leipzig,4,1,11.6765
Germany_Bundesliga,2025-2026,RasenBallsport Leipzig,4,2,14.7647
Germany_Bundesliga,2025-2026,RasenBallsport Leipzig,4,3,9.8529
Germany_Bundesliga,2025-2026,RasenBallsport Leipzig,4,4,10.7647
Germany_Bundesliga,2025-2026,RasenBallsport Leipzig,4,5,15.4412
Germany_Bundesliga,2025-2026,RasenBallsport Leipzig,4,6,11.6176
Germany_Bundesliga,2025-2026,RasenBallsport Leipzig,4,7,10.9118
Germany_Bundesliga,2025-2026,RasenBallsport Leipzig,5,0,10.1471
Germany_Bundesliga,2025-2026,RasenBallsport Leipzig,5,1,8.4706
Germany_Bundesliga,2025-2026,RasenBallsport Leipzig,5,2,13.2059
Germany_Bundesliga,2025-2026,RasenBallsport Leipzig,5,3,9.8235
Germany_Bundesliga,2025-2026,RasenBallsport Leipzig,5,4,10.4706
Germany_Bundesliga,2025-2026,RasenBallsport Leipzig,5,5,13.5882
Germany_Bundesliga,2025-2026,RasenBallsport Leipzig,5,6,8.6176
Germany_Bundesliga,2025-2026,RasenBallsport Leipzig,5,7,9.5
Germany_Bundesliga,2025-2026,RasenBallsport Leipzig,6,0,10.8529
Germany_Bundesliga,2025-2026,RasenBallsport Leipzig,6,1,9.7647
Germany_Bundesliga,2025-2026,RasenBallsport Leipzig,6,2,11.6765
Germany_Bundesliga,2025-2026,RasenBallsport Leipzig,6,3,8.5294
Germany_Bundesliga,2025-2026,RasenBallsport Leipzig,6,4,9.7647
Germany_Bundesliga,2025-2026,RasenBallsport Leipzig,6,5,12.9412
Germany_Bundesliga,2025-2026,RasenBallsport Leipzig,6,6,10.6765
Germany_Bundesliga,2025-2026,RasenBallsport Leipzig,6,7,11.4706
Germany_Bundesliga,2025-2026,RasenBallsport Leipzig,7,0,13.5294
Germany_Bundesliga,2025-2026,RasenBallsport Leipzig,7,1,10.8235
Germany_Bundesliga,2025-2026,RasenBallsport Leipzig,7,2,11.1471
Germany_Bundesliga,2025-2026,RasenBallsport Leipzig,7,3,7.0
Germany_Bundesliga,2025-2026,RasenBallsport Leipzig,7,4,6.5
Germany_Bundesliga,2025-2026,RasenBallsport Leipzig,7,5,12.6176
Germany_Bundesliga,2025-2026,RasenBallsport Leipzig,7,6,12.3235
Germany_Bundesliga,2025-2026,RasenBallsport Leipzig,7,7,13.4118
Germany_Bundesliga,2025-2026,RasenBallsport Leipzig,8,0,12.1471
Germany_Bundesliga,2025-2026,RasenBallsport Leipzig,8,1,8.1176
Germany_Bundesliga,2025-2026,RasenBallsport Leipzig,8,2,8.3824
Germany_Bundesliga,2025-2026,RasenBallsport Leipzig,8,3,6.5882
Germany_Bundesliga,2025-2026,RasenBallsport Leipzig,8,4,6.5
Germany_Bundesliga,2025-2026,RasenBallsport Leipzig,8,5,8.9118
Germany_Bundesliga,2025-2026,RasenBallsport Leipzig,8,6,10.1176
Germany_Bundesliga,2025-2026,RasenBallsport Leipzig,8,7,9.3235
Germany_Bundesliga,2025-2026,RasenBallsport Leipzig,9,0,6.8235
Germany_Bundesliga,2025-2026,RasenBallsport Leipzig,9,1,5.6765
Germany_Bundesliga,2025-2026,RasenBallsport Leipzig,9,2,5.7647
Germany_Bundesliga,2025-2026,RasenBallsport Leipzig,9,3,4.0882
Germany_Bundesliga,2025-2026,RasenBallsport Leipzig,9,4,3.9412
Germany_Bundesliga,2025-2026,RasenBallsport Leipzig,9,5,5.8235
Germany_Bundesliga,2025-2026,RasenBallsport Leipzig,9,6,4.5588
Germany_Bundesliga,2025-2026,RasenBallsport Leipzig,9,7,5.7647
Germany_Bundesliga,2025-2026,RasenBallsport Leipzig,10,0,4.3529
Germany_Bundesliga,2025-2026,RasenBallsport Leipzig,10,1,4.2059
Germany_Bundesliga,2025-2026,RasenBallsport Leipzig,10,2,4.2059
Germany_Bundesliga,2025-2026,RasenBallsport Leipzig,10,3,5.2647
Germany_Bundesliga,2025-2026,RasenBallsport Leipzig,10,4,5.4412
Germany_Bundesliga,2025-2026,RasenBallsport Leipzig,10,5,5.4706
Germany_Bundesliga,2025-2026,RasenBallsport Leipzig,10,6,4.4118
Germany_Bundesliga,2025-2026,RasenBallsport Leipzig,10,7,4.5
Germany_Bundesliga,2025-2026,RasenBallsport Leipzig,11,0,4.2353
Germany_Bundesliga,2025-2026,RasenBallsport Leipzig,11,1,3.1176
Germany_Bundesliga,2025-2026,RasenBallsport Leipzig,11,2,2.5294
Germany_Bundesliga,2025-2026,RasenBallsport Leipzig,11,3,3.1765
Germany_Bundesliga,2025-2026,RasenBallsport Leipzig,11,4,2.5294
Germany_Bundesliga,2025-2026,RasenBallsport Leipzig,11,5,3.4412
Germany_Bundesliga,2025-2026,RasenBallsport Leipzig,11,6,3.2941
Germany_Bundesliga,2025-2026,RasenBallsport Leipzig,11,7,4.9118
Germany_Bundesliga,2025-2026,1. FC Heidenheim 1846,0,0,1.1176
Germany_Bundesliga,2025-2026,1. FC Heidenheim 1846,0,1,1.6471
Germany_Bundesliga,2025-2026,1. FC Heidenheim 1846,0,2,3.6765
Germany_Bundesliga,2025-2026,1. FC Heidenheim 1846,0,3,14.3235
Germany_Bundesliga,2025-2026,1. FC Heidenheim 1846,0,4,15.2941
Germany_Bundesliga,2025-2026,1. FC Heidenheim 1846,0,5,3.5882
Germany_Bundesliga,2025-2026,1. FC Heidenheim 1846,0,6,1.9118
Germany_Bundesliga,2025-2026,1. FC Heidenheim 1846,0,7,1.7647
Germany_Bundesliga,2025-2026,1. FC Heidenheim 1846,1,0,3.8824
Germany_Bundesliga,2025-2026,1. FC Heidenheim 1846,1,1,3.3235
Germany_Bundesliga,2025-2026,1. FC Heidenheim 1846,1,2,6.3235
Germany_Bundesliga,2025-2026,1. FC Heidenheim 1846,1,3,14.9706
Germany_Bundesliga,2025-2026,1. FC Heidenheim 1846,1,4,14.4706
Germany_Bundesliga,2025-2026,1. FC Heidenheim 1846,1,5,6.0
Germany_Bundesliga,2025-2026,1. FC Heidenheim 1846,1,6,5.2353
Germany_Bundesliga,2025-2026,1. FC Heidenheim 1846,1,7,4.5294
Germany_Bundesliga,2025-2026,1. FC Heidenheim 1846,2,0,5.0294
Germany_Bundesliga,2025-2026,1. FC Heidenheim 1846,2,1,6.2941
Germany_Bundesliga,2025-2026,1. FC Heidenheim 1846,2,2,6.8235
Germany_Bundesliga,2025-2026,1. FC Heidenheim 1846,2,3,8.0882
Germany_Bundesliga,2025-2026,1. FC Heidenheim 1846,2,4,7.5294
Germany_Bundesliga,2025-2026,1. FC Heidenheim 1846,2,5,6.6765
Germany_Bundesliga,2025-2026,1. FC Heidenheim 1846,2,6,6.4706
Germany_Bundesliga,2025-2026,1. FC Heidenheim 1846,2,7,7.3529
Germany_Bundesliga,2025-2026,1. FC Heidenheim 1846,3,0,9.2941
Germany_Bundesliga,2025-2026,1. FC Heidenheim 1846,3,1,9.6176
Germany_Bundesliga,2025-2026,1. FC Heidenheim 1846,3,2,11.7353
Germany_Bundesliga,2025-2026,1. FC Heidenheim 1846,3,3,14.1471
Germany_Bundesliga,2025-2026,1. FC Heidenheim 1846,3,4,11.3824
Germany_Bundesliga,2025-2026,1. FC Heidenheim 1846,3,5,10.9706
Germany_Bundesliga,2025-2026,1. FC Heidenheim 1846,3,6,9.4118
Germany_Bundesliga,2025-2026,1. FC Heidenheim 1846,3,7,9.9706
Germany_Bundesliga,2025-2026,1. FC Heidenheim 1846,4,0,10.7941
Germany_Bundesliga,2025-2026,1. FC Heidenheim 1846,4,1,10.0
Germany_Bundesliga,2025-2026,1. FC Heidenheim 1846,4,2,12.5
Germany_Bundesliga,2025-2026,1. FC Heidenheim 1846,4,3,8.8529
Germany_Bundesliga,2025-2026,1. FC Heidenheim 1846,4,4,8.5588
Germany_Bundesliga,2025-2026,1. FC Heidenheim 1846,4,5,11.7059
Germany_Bundesliga,2025-2026,1. FC Heidenheim 1846,4,6,10.0
Germany_Bundesliga,2025-2026,1. FC Heidenheim 1846,4,7,10.3235
Germany_Bundesliga,2025-2026,1. FC Heidenheim 1846,5,0,8.1176
Germany_Bundesliga,2025-2026,1. FC Heidenheim 1846,5,1,6.2941
Germany_Bundesliga,2025-2026,1. FC Heidenheim 1846,5,2,7.7059
Germany_Bundesliga,2025-2026,1. FC Heidenheim 1846,5,3,6.7647
Germany_Bundesliga,2025-2026,1. FC Heidenheim 1846,5,4,7.2059
Germany_Bundesliga,2025-2026,1. FC Heidenheim 1846,5,5,7.5
Germany_Bundesliga,2025-2026,1. FC Heidenheim 1846,5,6,6.7353
Germany_Bundesliga,2025-2026,1. FC Heidenheim 1846,5,7,6.8529
Germany_Bundesliga,2025-2026,1. FC Heidenheim 1846,6,0,7.4412
Germany_Bundesliga,2025-2026,1. FC Heidenheim 1846,6,1,5.4412
Germany_Bundesliga,2025-2026,1. FC Heidenheim 1846,6,2,6.2059
Germany_Bundesliga,2025-2026,1. FC Heidenheim 1846,6,3,6.0588
Germany_Bundesliga,2025-2026,1. FC Heidenheim 1846,6,4,6.1176
Germany_Bundesliga,2025-2026,1. FC Heidenheim 1846,6,5,7.0882
Germany_Bundesliga,2025-2026,1. FC Heidenheim 1846,6,6,5.8824
Germany_Bundesliga,2025-2026,1. FC Heidenheim 1846,6,7,7.5882
Germany_Bundesliga,2025-2026,1. FC Heidenheim 1846,7,0,9.9412
Germany_Bundesliga,2025-2026,1. FC Heidenheim 1846,7,1,7.3529
Germany_Bundesliga,2025-2026,1. FC Heidenheim 1846,7,2,7.9412
Germany_Bundesliga,2025-2026,1. FC Heidenheim 1846,7,3,5.2059
Germany_Bundesliga,2025-2026,1. FC Heidenheim 1846,7,4,5.1176
Germany_Bundesliga,2025-2026,1. FC Heidenheim 1846,7,5,8.0294
Germany_Bundesliga,2025-2026,1. FC Heidenheim 1846,7,6,8.2059
Germany_Bundesliga,2025-2026,1. FC Heidenheim 1846,7,7,10.2059
Germany_Bundesliga,2025-2026,1. FC Heidenheim 1846,8,0,7.6471
Germany_Bundesliga,2025-2026,1. FC Heidenheim 1846,8,1,6.5588
Germany_Bundesliga,2025-2026,1. FC Heidenheim 1846,8,2,6.5588
Germany_Bundesliga,2025-2026,1. FC Heidenheim 1846,8,3,3.9412
Germany_Bundesliga,2025-2026,1. FC Heidenheim 1846,8,4,5.7353
Germany_Bundesliga,2025-2026,1. FC Heidenheim 1846,8,5,6.8235
Germany_Bundesliga,2025-2026,1. FC Heidenheim 1846,8,6,6.0294
Germany_Bundesliga,2025-2026,1. FC Heidenheim 1846,8,7,7.5882
Germany_Bundesliga,2025-2026,1. FC Heidenheim 1846,9,0,5.1176
Germany_Bundesliga,2025-2026,1. FC Heidenheim 1846,9,1,3.2059
Germany_Bundesliga,2025-2026,1. FC Heidenheim 1846,9,2,3.4118
Germany_Bundesliga,2025-2026,1. FC Heidenheim 1846,9,3,3.1471
Germany_Bundesliga,2025-2026,1. FC Heidenheim 1846,9,4,3.1765
Germany_Bundesliga,2025-2026,1. FC Heidenheim 1846,9,5,3.5294
Germany_Bundesliga,2025-2026,1. FC Heidenheim 1846,9,6,3.4118
Germany_Bundesliga,2025-2026,1. FC Heidenheim 1846,9,7,4.6471
Germany_Bundesliga,2025-2026,1. FC Heidenheim 1846,10,0,4.8235
Germany_Bundesliga,2025-2026,1. FC Heidenheim 1846,10,1,2.7941
Germany_Bundesliga,2025-2026,1. FC Heidenheim 1846,10,2,2.9412
Germany_Bundesliga,2025-2026,1. FC Heidenheim 1846,10,3,3.7059
Germany_Bundesliga,2025-2026,1. FC Heidenheim 1846,10,4,3.9412
Germany_Bundesliga,2025-2026,1. FC Heidenheim 1846,10,5,2.9412
Germany_Bundesliga,2025-2026,1. FC Heidenheim 1846,10,6,2.3824
Germany_Bundesliga,2025-2026,1. FC Heidenheim 1846,10,7,4.0
Germany_Bundesliga,2025-2026,1. FC Heidenheim 1846,11,0,4.3824
Germany_Bundesliga,2025-2026,1. FC Heidenheim 1846,11,1,1.6765
Germany_Bundesliga,2025-2026,1. FC Heidenheim 1846,11,2,1.5
Germany_Bundesliga,2025-2026,1. FC Heidenheim 1846,11,3,2.1176
Germany_Bundesliga,2025-2026,1. FC Heidenheim 1846,11,4,2.5294
Germany_Bundesliga,2025-2026,1. FC Heidenheim 1846,11,5,1.5294
Germany_Bundesliga,2025-2026,1. FC Heidenheim 1846,11,6,1.6765
Germany_Bundesliga,2025-2026,1. FC Heidenheim 1846,11,7,3.6765
Germany_Bundesliga,2025-2026,Bayer 04 Leverkusen,0,0,2.1471
Germany_Bundesliga,2025-2026,Bayer 04 Leverkusen,0,1,2.2059
Germany_Bundesliga,2025-2026,Bayer 04 Leverkusen,0,2,3.2941
Germany_Bundesliga,2025-2026,Bayer 04 Leverkusen,0,3,12.7059
Germany_Bundesliga,2025-2026,Bayer 04 Leverkusen,0,4,15.1176
Germany_Bundesliga,2025-2026,Bayer 04 Leverkusen,0,5,4.0
Germany_Bundesliga,2025-2026,Bayer 04 Leverkusen,0,6,2.2059
Germany_Bundesliga,2025-2026,Bayer 04 Leverkusen,0,7,2.2353
Germany_Bundesliga,2025-2026,Bayer 04 Leverkusen,1,0,4.1471
Germany_Bundesliga,2025-2026,Bayer 04 Leverkusen,1,1,4.2353
Germany_Bundesliga,2025-2026,Bayer 04 Leverkusen,1,2,7.6176
Germany_Bundesliga,2025-2026,Bayer 04 Leverkusen,1,3,11.3235
Germany_Bundesliga,2025-2026,Bayer 04 Leverkusen,1,4,12.0588
Germany_Bundesliga,2025-2026,Bayer 04 Leverkusen,1,5,7.1176
Germany_Bundesliga,2025-2026,Bayer 04 Leverkusen,1,6,5.5
Germany_Bundesliga,2025-2026,Bayer 04 Leverkusen,1,7,5.2941
Germany_Bundesliga,2025-2026,Bayer 04 Leverkusen,2,0,5.8235
Germany_Bundesliga,2025-2026,Bayer 04 Leverkusen,2,1,4.9118
Germany_Bundesliga,2025-2026,Bayer 04 Leverkusen,2,2,7.3235
Germany_Bundesliga,2025-2026,Bayer 04 Leverkusen,2,3,7.3529
Germany_Bundesliga,2025-2026,Bayer 04 Leverkusen,2,4,6.4706
Germany_Bundesliga,2025-2026,Bayer 04 Leverkusen,2,5,8.1765
Germany_Bundesliga,2025-2026,Bayer 04 Leverkusen,2,6,6.8529
Germany_Bundesliga,2025-2026,Bayer 04 Leverkusen,2,7,5.7647
Germany_Bundesliga,2025-2026,Bayer 04 Leverkusen,3,0,9.5588
Germany_Bundesliga,2025-2026,Bayer 04 Leverkusen,3,1,8.3529
Germany_Bundesliga,2025-2026,Bayer 04 Leverkusen,3,2,11.8824
Germany_Bundesliga,2025-2026,Bayer 04 Leverkusen,3,3,11.7353
Germany_Bundesliga,2025-2026,Bayer 04 Leverkusen,3,4,12.0882
Germany_Bundesliga,2025-2026,Bayer 04 Leverkusen,3,5,14.0
Germany_Bundesliga,2025-2026,Bayer 04 Leverkusen,3,6,10.2059
Germany_Bundesliga,2025-2026,Bayer 04 Leverkusen,3,7,10.5882
Germany_Bundesliga,2025-2026,Bayer 04 Leverkusen,4,0,9.2059
Germany_Bundesliga,2025-2026,Bayer 04 Leverkusen,4,1,11.1176
Germany_Bundesliga,2025-2026,Bayer 04 Leverkusen,4,2,16.2353
Germany_Bundesliga,2025-2026,Bayer 04 Leverkusen,4,3,10.0882
Germany_Bundesliga,2025-2026,Bayer 04 Leverkusen,4,4,11.7647
Germany_Bundesliga,2025-2026,Bayer 04 Leverkusen,4,5,16.5
Germany_Bundesliga,2025-2026,Bayer 04 Leverkusen,4,6,11.7647
Germany_Bundesliga,2025-2026,Bayer 04 Leverkusen,4,7,10.3529
Germany_Bundesliga,2025-2026,Bayer 04 Leverkusen,5,0,7.1765
Germany_Bundesliga,2025-2026,Bayer 04 Leverkusen,5,1,8.4412
Germany_Bundesliga,2025-2026,Bayer 04 Leverkusen,5,2,14.1471
Germany_Bundesliga,2025-2026,Bayer 04 Leverkusen,5,3,13.7059
Germany_Bundesliga,2025-2026,Bayer 04 Leverkusen,5,4,14.1176
Germany_Bundesliga,2025-2026,Bayer 04 Leverkusen,5,5,16.2059
Germany_Bundesliga,2025-2026,Bayer 04 Leverkusen,5,6,11.1471
Germany_Bundesliga,2025-2026,Bayer 04 Leverkusen,5,7,8.5882
Germany_Bundesliga,2025-2026,Bayer 04 Leverkusen,6,0,10.2647
Germany_Bundesliga,2025-2026,Bayer 04 Leverkusen,6,1,10.0294
Germany_Bundesliga,2025-2026,Bayer 04 Leverkusen,6,2,13.8824
Germany_Bundesliga,2025-2026,Bayer 04 Leverkusen,6,3,12.7647
Germany_Bundesliga,2025-2026,Bayer 04 Leverkusen,6,4,13.0882
Germany_Bundesliga,2025-2026,Bayer 04 Leverkusen,6,5,16.2059
Germany_Bundesliga,2025-2026,Bayer 04 Leverkusen,6,6,9.9412
Germany_Bundesliga,2025-2026,Bayer 04 Leverkusen,6,7,10.3235
Germany_Bundesliga,2025-2026,Bayer 04 Leverkusen,7,0,15.5882
Germany_Bundesliga,2025-2026,Bayer 04 Leverkusen,7,1,12.9412
Germany_Bundesliga,2025-2026,Bayer 04 Leverkusen,7,2,16.3824
Germany_Bundesliga,2025-2026,Bayer 04 Leverkusen,7,3,9.9706
Germany_Bundesliga,2025-2026,Bayer 04 Leverkusen,7,4,10.0294
Germany_Bundesliga,2025-2026,Bayer 04 Leverkusen,7,5,15.8824
Germany_Bundesliga,2025-2026,Bayer 04 Leverkusen,7,6,15.6471
Germany_Bundesliga,2025-2026,Bayer 04 Leverkusen,7,7,15.3824
Germany_Bundesliga,2025-2026,Bayer 04 Leverkusen,8,0,13.6471
Germany_Bundesliga,2025-2026,Bayer 04 Leverkusen,8,1,11.6765
Germany_Bundesliga,2025-2026,Bayer 04 Leverkusen,8,2,13.4118
Germany_Bundesliga,2025-2026,Bayer 04 Leverkusen,8,3,9.4412
Germany_Bundesliga,2025-2026,Bayer 04 Leverkusen,8,4,8.6765
Germany_Bundesliga,2025-2026,Bayer 04 Leverkusen,8,5,12.3824
Germany_Bundesliga,2025-2026,Bayer 04 Leverkusen,8,6,12.2353
Germany_Bundesliga,2025-2026,Bayer 04 Leverkusen,8,7,12.4412
Germany_Bundesliga,2025-2026,Bayer 04 Leverkusen,9,0,8.7059
Germany_Bundesliga,2025-2026,Bayer 04 Leverkusen,9,1,5.5
Germany_Bundesliga,2025-2026,Bayer 04 Leverkusen,9,2,6.2647
Germany_Bundesliga,2025-2026,Bayer 04 Leverkusen,9,3,4.0588
Germany_Bundesliga,2025-2026,Bayer 04 Leverkusen,9,4,4.3529
Germany_Bundesliga,2025-2026,Bayer 04 Leverkusen,9,5,5.5294
Germany_Bundesliga,2025-2026,Bayer 04 Leverkusen,9,6,5.0882
Germany_Bundesliga,2025-2026,Bayer 04 Leverkusen,9,7,8.4706
Germany_Bundesliga,2025-2026,Bayer 04 Leverkusen,10,0,6.1176
Germany_Bundesliga,2025-2026,Bayer 04 Leverkusen,10,1,3.5588
Germany_Bundesliga,2025-2026,Bayer 04 Leverkusen,10,2,3.5
Germany_Bundesliga,2025-2026,Bayer 04 Leverkusen,10,3,4.2353
Germany_Bundesliga,2025-2026,Bayer 04 Leverkusen,10,4,5.0294
Germany_Bundesliga,2025-2026,Bayer 04 Leverkusen,10,5,3.7941
Germany_Bundesliga,2025-2026,Bayer 04 Leverkusen,10,6,4.0
Germany_Bundesliga,2025-2026,Bayer 04 Leverkusen,10,7,6.1176
Germany_Bundesliga,2025-2026,Bayer 04 Leverkusen,11,0,5.2353
Germany_Bundesliga,2025-2026,Bayer 04 Leverkusen,11,1,2.4118
Germany_Bundesliga,2025-2026,Bayer 04 Leverkusen,11,2,2.6176
Germany_Bundesliga,2025-2026,Bayer 04 Leverkusen,11,3,3.1471
Germany_Bundesliga,2025-2026,Bayer 04 Leverkusen,11,4,3.2353
Germany_Bundesliga,2025-2026,Bayer 04 Leverkusen,11,5,2.2941
Germany_Bundesliga,2025-2026,Bayer 04 Leverkusen,11,6,2.1471
Germany_Bundesliga,2025-2026,Bayer 04 Leverkusen,11,7,4.2059
Germany_Bundesliga,2025-2026,Borussia VfL Mönchengladbach,0,0,1.7059
Germany_Bundesliga,2025-2026,Borussia VfL Mönchengladbach,0,1,2.0588
Germany_Bundesliga,2025-2026,Borussia VfL Mönchengladbach,0,2,4.5882
Germany_Bundesliga,2025-2026,Borussia VfL Mönchengladbach,0,3,15.8235
Germany_Bundesliga,2025-2026,Borussia VfL Mönchengladbach,0,4,16.4412
Germany_Bundesliga,2025-2026,Borussia VfL Mönchengladbach,0,5,3.2647
Germany_Bundesliga,2025-2026,Borussia VfL Mönchengladbach,0,6,1.3824
Germany_Bundesliga,2025-2026,Borussia VfL Mönchengladbach,0,7,1.5882
Germany_Bundesliga,2025-2026,Borussia VfL Mönchengladbach,1,0,5.7941
Germany_Bundesliga,2025-2026,Borussia VfL Mönchengladbach,1,1,6.6471
Germany_Bundesliga,2025-2026,Borussia VfL Mönchengladbach,1,2,8.4412
Germany_Bundesliga,2025-2026,Borussia VfL Mönchengladbach,1,3,15.9118
Germany_Bundesliga,2025-2026,Borussia VfL Mönchengladbach,1,4,13.5588
Germany_Bundesliga,2025-2026,Borussia VfL Mönchengladbach,1,5,7.2353
Germany_Bundesliga,2025-2026,Borussia VfL Mönchengladbach,1,6,5.1765
Germany_Bundesliga,2025-2026,Borussia VfL Mönchengladbach,1,7,5.7941
Germany_Bundesliga,2025-2026,Borussia VfL Mönchengladbach,2,0,7.1765
Germany_Bundesliga,2025-2026,Borussia VfL Mönchengladbach,2,1,6.7647
Germany_Bundesliga,2025-2026,Borussia VfL Mönchengladbach,2,2,8.3235
Germany_Bundesliga,2025-2026,Borussia VfL Mönchengladbach,2,3,6.7353
Germany_Bundesliga,2025-2026,Borussia VfL Mönchengladbach,2,4,7.5
Germany_Bundesliga,2025-2026,Borussia VfL Mönchengladbach,2,5,7.2941
Germany_Bundesliga,2025-2026,Borussia VfL Mönchengladbach,2,6,5.7353
Germany_Bundesliga,2025-2026,Borussia VfL Mönchengladbach,2,7,6.6176
Germany_Bundesliga,2025-2026,Borussia VfL Mönchengladbach,3,0,10.4412
Germany_Bundesliga,2025-2026,Borussia VfL Mönchengladbach,3,1,11.2941
Germany_Bundesliga,2025-2026,Borussia VfL Mönchengladbach,3,2,13.1176
Germany_Bundesliga,2025-2026,Borussia VfL Mönchengladbach,3,3,11.3235
Germany_Bundesliga,2025-2026,Borussia VfL Mönchengladbach,3,4,11.5882
Germany_Bundesliga,2025-2026,Borussia VfL Mönchengladbach,3,5,11.8235
Germany_Bundesliga,2025-2026,Borussia VfL Mönchengladbach,3,6,10.0882
Germany_Bundesliga,2025-2026,Borussia VfL Mönchengladbach,3,7,10.3235
Germany_Bundesliga,2025-2026,Borussia VfL Mönchengladbach,4,0,10.9118
Germany_Bundesliga,2025-2026,Borussia VfL Mönchengladbach,4,1,11.3529
Germany_Bundesliga,2025-2026,Borussia VfL Mönchengladbach,4,2,14.0
Germany_Bundesliga,2025-2026,Borussia VfL Mönchengladbach,4,3,9.8824
Germany_Bundesliga,2025-2026,Borussia VfL Mönchengladbach,4,4,11.0
Germany_Bundesliga,2025-2026,Borussia VfL Mönchengladbach,4,5,12.5882
Germany_Bundesliga,2025-2026,Borussia VfL Mönchengladbach,4,6,11.6471
Germany_Bundesliga,2025-2026,Borussia VfL Mönchengladbach,4,7,10.7353
Germany_Bundesliga,2025-2026,Borussia VfL Mönchengladbach,5,0,8.5
Germany_Bundesliga,2025-2026,Borussia VfL Mönchengladbach,5,1,8.6765
Germany_Bundesliga,2025-2026,Borussia VfL Mönchengladbach,5,2,12.6471
Germany_Bundesliga,2025-2026,Borussia VfL Mönchengladbach,5,3,8.7353
Germany_Bundesliga,2025-2026,Borussia VfL Mönchengladbach,5,4,9.0588
Germany_Bundesliga,2025-2026,Borussia VfL Mönchengladbach,5,5,10.5294
Germany_Bundesliga,2025-2026,Borussia VfL Mönchengladbach,5,6,7.1176
Germany_Bundesliga,2025-2026,Borussia VfL Mönchengladbach,5,7,7.4412
Germany_Bundesliga,2025-2026,Borussia VfL Mönchengladbach,6,0,9.2941
Germany_Bundesliga,2025-2026,Borussia VfL Mönchengladbach,6,1,8.7941
Germany_Bundesliga,2025-2026,Borussia VfL Mönchengladbach,6,2,10.4412
Germany_Bundesliga,2025-2026,Borussia VfL Mönchengladbach,6,3,7.6176
Germany_Bundesliga,2025-2026,Borussia VfL Mönchengladbach,6,4,7.6471
Germany_Bundesliga,2025-2026,Borussia VfL Mönchengladbach,6,5,9.1176
Germany_Bundesliga,2025-2026,Borussia VfL Mönchengladbach,6,6,7.2647
Germany_Bundesliga,2025-2026,Borussia VfL Mönchengladbach,6,7,7.5882
Germany_Bundesliga,2025-2026,Borussia VfL Mönchengladbach,7,0,10.9118
Germany_Bundesliga,2025-2026,Borussia VfL Mönchengladbach,7,1,9.2353
Germany_Bundesliga,2025-2026,Borussia VfL Mönchengladbach,7,2,9.2353
Germany_Bundesliga,2025-2026,Borussia VfL Mönchengladbach,7,3,5.2941
Germany_Bundesliga,2025-2026,Borussia VfL Mönchengladbach,7,4,4.6176
Germany_Bundesliga,2025-2026,Borussia VfL Mönchengladbach,7,5,8.3235
Germany_Bundesliga,2025-2026,Borussia VfL Mönchengladbach,7,6,10.0588
Germany_Bundesliga,2025-2026,Borussia VfL Mönchengladbach,7,7,10.6176
Germany_Bundesliga,2025-2026,Borussia VfL Mönchengladbach,8,0,9.1176
Germany_Bundesliga,2025-2026,Borussia VfL Mönchengladbach,8,1,8.2647
Germany_Bundesliga,2025-2026,Borussia VfL Mönchengladbach,8,2,6.5
Germany_Bundesliga,2025-2026,Borussia VfL Mönchengladbach,8,3,6.0882
Germany_Bundesliga,2025-2026,Borussia VfL Mönchengladbach,8,4,4.2647
Germany_Bundesliga,2025-2026,Borussia VfL Mönchengladbach,8,5,6.8824
Germany_Bundesliga,2025-2026,Borussia VfL Mönchengladbach,8,6,7.1765
Germany_Bundesliga,2025-2026,Borussia VfL Mönchengladbach,8,7,8.2941
Germany_Bundesliga,2025-2026,Borussia VfL Mönchengladbach,9,0,5.8529
Germany_Bundesliga,2025-2026,Borussia VfL Mönchengladbach,9,1,4.5294
Germany_Bundesliga,2025-2026,Borussia VfL Mönchengladbach,9,2,3.0588
Germany_Bundesliga,2025-2026,Borussia VfL Mönchengladbach,9,3,2.2941
Germany_Bundesliga,2025-2026,Borussia VfL Mönchengladbach,9,4,2.9706
Germany_Bundesliga,2025-2026,Borussia VfL Mönchengladbach,9,5,3.4118
Germany_Bundesliga,2025-2026,Borussia VfL Mönchengladbach,9,6,3.1176
Germany_Bundesliga,2025-2026,Borussia VfL Mönchengladbach,9,7,4.0882
Germany_Bundesliga,2025-2026,Borussia VfL Mönchengladbach,10,0,4.4412
Germany_Bundesliga,2025-2026,Borussia VfL Mönchengladbach,10,1,3.3824
Germany_Bundesliga,2025-2026,Borussia VfL Mönchengladbach,10,2,3.7353
Germany_Bundesliga,2025-2026,Borussia VfL Mönchengladbach,10,3,4.2647
Germany_Bundesliga,2025-2026,Borussia VfL Mönchengladbach,10,4,3.7941
Germany_Bundesliga,2025-2026,Borussia VfL Mönchengladbach,10,5,3.7941
Germany_Bundesliga,2025-2026,Borussia VfL Mönchengladbach,10,6,2.2647
Germany_Bundesliga,2025-2026,Borussia VfL Mönchengladbach,10,7,3.1471
Germany_Bundesliga,2025-2026,Borussia VfL Mönchengladbach,11,0,3.9118
Germany_Bundesliga,2025-2026,Borussia VfL Mönchengladbach,11,1,1.5588
Germany_Bundesliga,2025-2026,Borussia VfL Mönchengladbach,11,2,1.6471
Germany_Bundesliga,2025-2026,Borussia VfL Mönchengladbach,11,3,2.7059
Germany_Bundesliga,2025-2026,Borussia VfL Mönchengladbach,11,4,2.1176
Germany_Bundesliga,2025-2026,Borussia VfL Mönchengladbach,11,5,1.3235
Germany_Bundesliga,2025-2026,Borussia VfL Mönchengladbach,11,6,1.1176
Germany_Bundesliga,2025-2026,Borussia VfL Mönchengladbach,11,7,2.3529
Germany_Bundesliga,2025-2026,1. FC Köln,0,0,1.2647
Germany_Bundesliga,2025-2026,1. FC Köln,0,1,1.3824
Germany_Bundesliga,2025-2026,1. FC Köln,0,2,3.0588
Germany_Bundesliga,2025-2026,1. FC Köln,0,3,12.8529
Germany_Bundesliga,2025-2026,1. FC Köln,0,4,14.0882
Germany_Bundesliga,2025-2026,1. FC Köln,0,5,2.8824
Germany_Bundesliga,2025-2026,1. FC Köln,0,6,1.5
Germany_Bundesliga,2025-2026,1. FC Köln,0,7,2.3529
Germany_Bundesliga,2025-2026,1. FC Köln,1,0,3.7941
Germany_Bundesliga,2025-2026,1. FC Köln,1,1,4.4412
Germany_Bundesliga,2025-2026,1. FC Köln,1,2,6.3529
Germany_Bundesliga,2025-2026,1. FC Köln,1,3,14.9706
Germany_Bundesliga,2025-2026,1. FC Köln,1,4,12.5
Germany_Bundesliga,2025-2026,1. FC Köln,1,5,6.8235
Germany_Bundesliga,2025-2026,1. FC Köln,1,6,4.9412
Germany_Bundesliga,2025-2026,1. FC Köln,1,7,4.2647
Germany_Bundesliga,2025-2026,1. FC Köln,2,0,4.4706
Germany_Bundesliga,2025-2026,1. FC Köln,2,1,4.7647
Germany_Bundesliga,2025-2026,1. FC Köln,2,2,6.4118
Germany_Bundesliga,2025-2026,1. FC Köln,2,3,7.8824
Germany_Bundesliga,2025-2026,1. FC Köln,2,4,7.4412
Germany_Bundesliga,2025-2026,1. FC Köln,2,5,5.2059
Germany_Bundesliga,2025-2026,1. FC Köln,2,6,6.4706
Germany_Bundesliga,2025-2026,1. FC Köln,2,7,6.5294
Germany_Bundesliga,2025-2026,1. FC Köln,3,0,7.1176
Germany_Bundesliga,2025-2026,1. FC Köln,3,1,8.1765
Germany_Bundesliga,2025-2026,1. FC Köln,3,2,10.0882
Germany_Bundesliga,2025-2026,1. FC Köln,3,3,12.2059
Germany_Bundesliga,2025-2026,1. FC Köln,3,4,10.2059
Germany_Bundesliga,2025-2026,1. FC Köln,3,5,11.0882
Germany_Bundesliga,2025-2026,1. FC Köln,3,6,10.7941
Germany_Bundesliga,2025-2026,1. FC Köln,3,7,9.5882
Germany_Bundesliga,2025-2026,1. FC Köln,4,0,8.7353
Germany_Bundesliga,2025-2026,1. FC Köln,4,1,7.7059
Germany_Bundesliga,2025-2026,1. FC Köln,4,2,11.2353
Germany_Bundesliga,2025-2026,1. FC Köln,4,3,9.8529
Germany_Bundesliga,2025-2026,1. FC Köln,4,4,9.2353
Germany_Bundesliga,2025-2026,1. FC Köln,4,5,15.0294
Germany_Bundesliga,2025-2026,1. FC Köln,4,6,11.1471
Germany_Bundesliga,2025-2026,1. FC Köln,4,7,9.9706
Germany_Bundesliga,2025-2026,1. FC Köln,5,0,5.5294
Germany_Bundesliga,2025-2026,1. FC Köln,5,1,5.8529
Germany_Bundesliga,2025-2026,1. FC Köln,5,2,8.6765
Germany_Bundesliga,2025-2026,1. FC Köln,5,3,9.3529
Germany_Bundesliga,2025-2026,1. FC Köln,5,4,9.4706
Germany_Bundesliga,2025-2026,1. FC Köln,5,5,12.0588
Germany_Bundesliga,2025-2026,1. FC Köln,5,6,7.9412
Germany_Bundesliga,2025-2026,1. FC Köln,5,7,8.3824
Germany_Bundesliga,2025-2026,1. FC Köln,6,0,7.0882
Germany_Bundesliga,2025-2026,1. FC Köln,6,1,5.0588
Germany_Bundesliga,2025-2026,1. FC Köln,6,2,7.1471
Germany_Bundesliga,2025-2026,1. FC Köln,6,3,6.8824
Germany_Bundesliga,2025-2026,1. FC Köln,6,4,7.5
Germany_Bundesliga,2025-2026,1. FC Köln,6,5,11.7647
Germany_Bundesliga,2025-2026,1. FC Köln,6,6,8.8824
Germany_Bundesliga,2025-2026,1. FC Köln,6,7,11.2059
Germany_Bundesliga,2025-2026,1. FC Köln,7,0,7.2353
Germany_Bundesliga,2025-2026,1. FC Köln,7,1,6.7353
Germany_Bundesliga,2025-2026,1. FC Köln,7,2,8.3529
Germany_Bundesliga,2025-2026,1. FC Köln,7,3,5.5882
Germany_Bundesliga,2025-2026,1. FC Köln,7,4,5.5294
Germany_Bundesliga,2025-2026,1. FC Köln,7,5,10.2647
Germany_Bundesliga,2025-2026,1. FC Köln,7,6,11.4706
Germany_Bundesliga,2025-2026,1. FC Köln,7,7,13.5
Germany_Bundesliga,2025-2026,1. FC Köln,8,0,7.6471
Germany_Bundesliga,2025-2026,1. FC Köln,8,1,7.0882
Germany_Bundesliga,2025-2026,1. FC Köln,8,2,5.8529
Germany_Bundesliga,2025-2026,1. FC Köln,8,3,4.9412
Germany_Bundesliga,2025-2026,1. FC Köln,8,4,4.9706
Germany_Bundesliga,2025-2026,1. FC Köln,8,5,8.5294
Germany_Bundesliga,2025-2026,1. FC Köln,8,6,9.2353
Germany_Bundesliga,2025-2026,1. FC Köln,8,7,10.2059
Germany_Bundesliga,2025-2026,1. FC Köln,9,0,4.7353
Germany_Bundesliga,2025-2026,1. FC Köln,9,1,4.0588
Germany_Bundesliga,2025-2026,1. FC Köln,9,2,3.5588
Germany_Bundesliga,2025-2026,1. FC Köln,9,3,2.7647
Germany_Bundesliga,2025-2026,1. FC Köln,9,4,3.1765
Germany_Bundesliga,2025-2026,1. FC Köln,9,5,4.4706
Germany_Bundesliga,2025-2026,1. FC Köln,9,6,4.8529
Germany_Bundesliga,2025-2026,1. FC Köln,9,7,7.1765
Germany_Bundesliga,2025-2026,1. FC Köln,10,0,5.1176
Germany_Bundesliga,2025-2026,1. FC Köln,10,1,3.1765
Germany_Bundesliga,2025-2026,1. FC Köln,10,2,3.1765
Germany_Bundesliga,2025-2026,1. FC Köln,10,3,4.1765
Germany_Bundesliga,2025-2026,1. FC Köln,10,4,4.3235
Germany_Bundesliga,2025-2026,1. FC Köln,10,5,4.6176
Germany_Bundesliga,2025-2026,1. FC Köln,10,6,3.8824
Germany_Bundesliga,2025-2026,1. FC Köln,10,7,6.6765
Germany_Bundesliga,2025-2026,1. FC Köln,11,0,3.8529
Germany_Bundesliga,2025-2026,1. FC Köln,11,1,1.6471
Germany_Bundesliga,2025-2026,1. FC Köln,11,2,2.2059
Germany_Bundesliga,2025-2026,1. FC Köln,11,3,2.0588
Germany_Bundesliga,2025-2026,1. FC Köln,11,4,2.7941
Germany_Bundesliga,2025-2026,1. FC Köln,11,5,3.2941
Germany_Bundesliga,2025-2026,1. FC Köln,11,6,1.9706
Germany_Bundesliga,2025-2026,1. FC Köln,11,7,5.0294
Germany_Bundesliga,2025-2026,VfB Stuttgart 1893,0,0,1.2353
Germany_Bundesliga,2025-2026,VfB Stuttgart 1893,0,1,1.4706
Germany_Bundesliga,2025-2026,VfB Stuttgart 1893,0,2,3.6471
Germany_Bundesliga,2025-2026,VfB Stuttgart 1893,0,3,10.6471
Germany_Bundesliga,2025-2026,VfB Stuttgart 1893,0,4,13.7059
Germany_Bundesliga,2025-2026,VfB Stuttgart 1893,0,5,3.2941
Germany_Bundesliga,2025-2026,VfB Stuttgart 1893,0,6,1.7941
Germany_Bundesliga,2025-2026,VfB Stuttgart 1893,0,7,1.0588
Germany_Bundesliga,2025-2026,VfB Stuttgart 1893,1,0,3.4412
Germany_Bundesliga,2025-2026,VfB Stuttgart 1893,1,1,3.8824
Germany_Bundesliga,2025-2026,VfB Stuttgart 1893,1,2,7.1765
Germany_Bundesliga,2025-2026,VfB Stuttgart 1893,1,3,15.7353
Germany_Bundesliga,2025-2026,VfB Stuttgart 1893,1,4,12.5882
Germany_Bundesliga,2025-2026,VfB Stuttgart 1893,1,5,5.8529
Germany_Bundesliga,2025-2026,VfB Stuttgart 1893,1,6,3.3529
Germany_Bundesliga,2025-2026,VfB Stuttgart 1893,1,7,2.8824
Germany_Bundesliga,2025-2026,VfB Stuttgart 1893,2,0,4.8529
Germany_Bundesliga,2025-2026,VfB Stuttgart 1893,2,1,5.1765
Germany_Bundesliga,2025-2026,VfB Stuttgart 1893,2,2,6.7353
Germany_Bundesliga,2025-2026,VfB Stuttgart 1893,2,3,7.5
Germany_Bundesliga,2025-2026,VfB Stuttgart 1893,2,4,6.2941
Germany_Bundesliga,2025-2026,VfB Stuttgart 1893,2,5,7.0588
Germany_Bundesliga,2025-2026,VfB Stuttgart 1893,2,6,4.3235
Germany_Bundesliga,2025-2026,VfB Stuttgart 1893,2,7,4.5882
Germany_Bundesliga,2025-2026,VfB Stuttgart 1893,3,0,6.7059
Germany_Bundesliga,2025-2026,VfB Stuttgart 1893,3,1,8.8529
Germany_Bundesliga,2025-2026,VfB Stuttgart 1893,3,2,11.3235
Germany_Bundesliga,2025-2026,VfB Stuttgart 1893,3,3,11.0588
Germany_Bundesliga,2025-2026,VfB Stuttgart 1893,3,4,11.8529
Germany_Bundesliga,2025-2026,VfB Stuttgart 1893,3,5,11.6765
Germany_Bundesliga,2025-2026,VfB Stuttgart 1893,3,6,9.2059
Germany_Bundesliga,2025-2026,VfB Stuttgart 1893,3,7,7.8824
Germany_Bundesliga,2025-2026,VfB Stuttgart 1893,4,0,9.4412
Germany_Bundesliga,2025-2026,VfB Stuttgart 1893,4,1,8.9706
Germany_Bundesliga,2025-2026,VfB Stuttgart 1893,4,2,13.4118
Germany_Bundesliga,2025-2026,VfB Stuttgart 1893,4,3,9.5882
Germany_Bundesliga,2025-2026,VfB Stuttgart 1893,4,4,11.3529
Germany_Bundesliga,2025-2026,VfB Stuttgart 1893,4,5,14.3824
Germany_Bundesliga,2025-2026,VfB Stuttgart 1893,4,6,11.4412
Germany_Bundesliga,2025-2026,VfB Stuttgart 1893,4,7,9.4706
Germany_Bundesliga,2025-2026,VfB Stuttgart 1893,5,0,7.1765
Germany_Bundesliga,2025-2026,VfB Stuttgart 1893,5,1,8.5588
Germany_Bundesliga,2025-2026,VfB Stuttgart 1893,5,2,12.5
Germany_Bundesliga,2025-2026,VfB Stuttgart 1893,5,3,9.7059
Germany_Bundesliga,2025-2026,VfB Stuttgart 1893,5,4,11.5294
Germany_Bundesliga,2025-2026,VfB Stuttgart 1893,5,5,14.0
Germany_Bundesliga,2025-2026,VfB Stuttgart 1893,5,6,10.4412
Germany_Bundesliga,2025-2026,VfB Stuttgart 1893,5,7,8.9118
Germany_Bundesliga,2025-2026,VfB Stuttgart 1893,6,0,9.7941
Germany_Bundesliga,2025-2026,VfB Stuttgart 1893,6,1,10.3824
Germany_Bundesliga,2025-2026,VfB Stuttgart 1893,6,2,12.7059
Germany_Bundesliga,2025-2026,VfB Stuttgart 1893,6,3,9.6765
Germany_Bundesliga,2025-2026,VfB Stuttgart 1893,6,4,11.0
Germany_Bundesliga,2025-2026,VfB Stuttgart 1893,6,5,15.1765
Germany_Bundesliga,2025-2026,VfB Stuttgart 1893,6,6,11.7059
Germany_Bundesliga,2025-2026,VfB Stuttgart 1893,6,7,11.0588
Germany_Bundesliga,2025-2026,VfB Stuttgart 1893,7,0,12.7059
Germany_Bundesliga,2025-2026,VfB Stuttgart 1893,7,1,12.8824
Germany_Bundesliga,2025-2026,VfB Stuttgart 1893,7,2,13.1176
Germany_Bundesliga,2025-2026,VfB Stuttgart 1893,7,3,8.1176
Germany_Bundesliga,2025-2026,VfB Stuttgart 1893,7,4,9.6176
Germany_Bundesliga,2025-2026,VfB Stuttgart 1893,7,5,15.2353
Germany_Bundesliga,2025-2026,VfB Stuttgart 1893,7,6,14.5588
Germany_Bundesliga,2025-2026,VfB Stuttgart 1893,7,7,14.9118
Germany_Bundesliga,2025-2026,VfB Stuttgart 1893,8,0,11.3529
Germany_Bundesliga,2025-2026,VfB Stuttgart 1893,8,1,10.0882
Germany_Bundesliga,2025-2026,VfB Stuttgart 1893,8,2,9.6471
Germany_Bundesliga,2025-2026,VfB Stuttgart 1893,8,3,8.5
Germany_Bundesliga,2025-2026,VfB Stuttgart 1893,8,4,8.4118
Germany_Bundesliga,2025-2026,VfB Stuttgart 1893,8,5,10.7059
Germany_Bundesliga,2025-2026,VfB Stuttgart 1893,8,6,13.3235
Germany_Bundesliga,2025-2026,VfB Stuttgart 1893,8,7,12.6765
Germany_Bundesliga,2025-2026,VfB Stuttgart 1893,9,0,7.3235
Germany_Bundesliga,2025-2026,VfB Stuttgart 1893,9,1,5.4118
Germany_Bundesliga,2025-2026,VfB Stuttgart 1893,9,2,4.4118
Germany_Bundesliga,2025-2026,VfB Stuttgart 1893,9,3,4.4118
Germany_Bundesliga,2025-2026,VfB Stuttgart 1893,9,4,4.1176
Germany_Bundesliga,2025-2026,VfB Stuttgart 1893,9,5,5.5882
Germany_Bundesliga,2025-2026,VfB Stuttgart 1893,9,6,5.9412
Germany_Bundesliga,2025-2026,VfB Stuttgart 1893,9,7,8.1176
Germany_Bundesliga,2025-2026,VfB Stuttgart 1893,10,0,4.7353
Germany_Bundesliga,2025-2026,VfB Stuttgart 1893,10,1,3.2059
Germany_Bundesliga,2025-2026,VfB Stuttgart 1893,10,2,3.1471
Germany_Bundesliga,2025-2026,VfB Stuttgart 1893,10,3,5.2353
Germany_Bundesliga,2025-2026,VfB Stuttgart 1893,10,4,4.8529
Germany_Bundesliga,2025-2026,VfB Stuttgart 1893,10,5,4.2059
Germany_Bundesliga,2025-2026,VfB Stuttgart 1893,10,6,4.5
Germany_Bundesliga,2025-2026,VfB Stuttgart 1893,10,7,5.6765
Germany_Bundesliga,2025-2026,VfB Stuttgart 1893,11,0,4.5
Germany_Bundesliga,2025-2026,VfB Stuttgart 1893,11,1,2.2941
Germany_Bundesliga,2025-2026,VfB Stuttgart 1893,11,2,2.5588
Germany_Bundesliga,2025-2026,VfB Stuttgart 1893,11,3,3.4706
Germany_Bundesliga,2025-2026,VfB Stuttgart 1893,11,4,2.3824
Germany_Bundesliga,2025-2026,VfB Stuttgart 1893,11,5,2.6765
Germany_Bundesliga,2025-2026,VfB Stuttgart 1893,11,6,2.5588
Germany_Bundesliga,2025-2026,VfB Stuttgart 1893,11,7,4.2647
Germany_Bundesliga,2025-2026,FC Augsburg,0,0,1.0294
Germany_Bundesliga,2025-2026,FC Augsburg,0,1,1.4412
Germany_Bundesliga,2025-2026,FC Augsburg,0,2,3.9118
Germany_Bundesliga,2025-2026,FC Augsburg,0,3,14.0
Germany_Bundesliga,2025-2026,FC Augsburg,0,4,14.8529
Germany_Bundesliga,2025-2026,FC Augsburg,0,5,3.6765
Germany_Bundesliga,2025-2026,FC Augsburg,0,6,2.1471
Germany_Bundesliga,2025-2026,FC Augsburg,0,7,1.5588
Germany_Bundesliga,2025-2026,FC Augsburg,1,0,3.2353
Germany_Bundesliga,2025-2026,FC Augsburg,1,1,4.1471
Germany_Bundesliga,2025-2026,FC Augsburg,1,2,6.3824
Germany_Bundesliga,2025-2026,FC Augsburg,1,3,12.8824
Germany_Bundesliga,2025-2026,FC Augsburg,1,4,13.0588
Germany_Bundesliga,2025-2026,FC Augsburg,1,5,6.1176
Germany_Bundesliga,2025-2026,FC Augsburg,1,6,4.8824
Germany_Bundesliga,2025-2026,FC Augsburg,1,7,4.2941
Germany_Bundesliga,2025-2026,FC Augsburg,2,0,5.6176
Germany_Bundesliga,2025-2026,FC Augsburg,2,1,5.5
Germany_Bundesliga,2025-2026,FC Augsburg,2,2,7.0294
Germany_Bundesliga,2025-2026,FC Augsburg,2,3,6.3235
Germany_Bundesliga,2025-2026,FC Augsburg,2,4,7.9706
Germany_Bundesliga,2025-2026,FC Augsburg,2,5,7.4412
Germany_Bundesliga,2025-2026,FC Augsburg,2,6,6.3529
Germany_Bundesliga,2025-2026,FC Augsburg,2,7,5.3824
Germany_Bundesliga,2025-2026,FC Augsburg,3,0,8.7353
Germany_Bundesliga,2025-2026,FC Augsburg,3,1,9.3824
Germany_Bundesliga,2025-2026,FC Augsburg,3,2,12.1765
Germany_Bundesliga,2025-2026,FC Augsburg,3,3,11.2647
Germany_Bundesliga,2025-2026,FC Augsburg,3,4,11.0294
Germany_Bundesliga,2025-2026,FC Augsburg,3,5,10.7059
Germany_Bundesliga,2025-2026,FC Augsburg,3,6,8.9118
Germany_Bundesliga,2025-2026,FC Augsburg,3,7,8.2647
Germany_Bundesliga,2025-2026,FC Augsburg,4,0,9.1765
Germany_Bundesliga,2025-2026,FC Augsburg,4,1,9.0294
Germany_Bundesliga,2025-2026,FC Augsburg,4,2,11.3824
Germany_Bundesliga,2025-2026,FC Augsburg,4,3,8.1471
Germany_Bundesliga,2025-2026,FC Augsburg,4,4,8.8529
Germany_Bundesliga,2025-2026,FC Augsburg,4,5,13.4706
Germany_Bundesliga,2025-2026,FC Augsburg,4,6,11.8824
Germany_Bundesliga,2025-2026,FC Augsburg,4,7,10.3235
Germany_Bundesliga,2025-2026,FC Augsburg,5,0,6.8529
Germany_Bundesliga,2025-2026,FC Augsburg,5,1,6.6471
Germany_Bundesliga,2025-2026,FC Augsburg,5,2,9.6176
Germany_Bundesliga,2025-2026,FC Augsburg,5,3,7.7059
Germany_Bundesliga,2025-2026,FC Augsburg,5,4,7.9412
Germany_Bundesliga,2025-2026,FC Augsburg,5,5,8.4412
Germany_Bundesliga,2025-2026,FC Augsburg,5,6,6.7353
Germany_Bundesliga,2025-2026,FC Augsburg,5,7,6.5882
Germany_Bundesliga,2025-2026,FC Augsburg,6,0,7.6176
Germany_Bundesliga,2025-2026,FC Augsburg,6,1,7.2941
Germany_Bundesliga,2025-2026,FC Augsburg,6,2,7.9412
Germany_Bundesliga,2025-2026,FC Augsburg,6,3,5.9706
Germany_Bundesliga,2025-2026,FC Augsburg,6,4,7.8235
Germany_Bundesliga,2025-2026,FC Augsburg,6,5,7.5294
Germany_Bundesliga,2025-2026,FC Augsburg,6,6,7.1471
Germany_Bundesliga,2025-2026,FC Augsburg,6,7,7.7941
Germany_Bundesliga,2025-2026,FC Augsburg,7,0,9.9412
Germany_Bundesliga,2025-2026,FC Augsburg,7,1,9.0
Germany_Bundesliga,2025-2026,FC Augsburg,7,2,9.9412
Germany_Bundesliga,2025-2026,FC Augsburg,7,3,6.3529
Germany_Bundesliga,2025-2026,FC Augsburg,7,4,6.5
Germany_Bundesliga,2025-2026,FC Augsburg,7,5,9.0588
Germany_Bundesliga,2025-2026,FC Augsburg,7,6,9.8235
Germany_Bundesliga,2025-2026,FC Augsburg,7,7,12.0
Germany_Bundesliga,2025-2026,FC Augsburg,8,0,8.9412
Germany_Bundesliga,2025-2026,FC Augsburg,8,1,8.4412
Germany_Bundesliga,2025-2026,FC Augsburg,8,2,9.3529
Germany_Bundesliga,2025-2026,FC Augsburg,8,3,6.2059
Germany_Bundesliga,2025-2026,FC Augsburg,8,4,5.7059
Germany_Bundesliga,2025-2026,FC Augsburg,8,5,7.8235
Germany_Bundesliga,2025-2026,FC Augsburg,8,6,8.2941
Germany_Bundesliga,2025-2026,FC Augsburg,8,7,10.5882
Germany_Bundesliga,2025-2026,FC Augsburg,9,0,5.8235
Germany_Bundesliga,2025-2026,FC Augsburg,9,1,4.2059
Germany_Bundesliga,2025-2026,FC Augsburg,9,2,3.9412
Germany_Bundesliga,2025-2026,FC Augsburg,9,3,2.7353
Germany_Bundesliga,2025-2026,FC Augsburg,9,4,3.0
Germany_Bundesliga,2025-2026,FC Augsburg,9,5,4.4118
Germany_Bundesliga,2025-2026,FC Augsburg,9,6,4.2941
Germany_Bundesliga,2025-2026,FC Augsburg,9,7,6.0
Germany_Bundesliga,2025-2026,FC Augsburg,10,0,4.7941
Germany_Bundesliga,2025-2026,FC Augsburg,10,1,3.6765
Germany_Bundesliga,2025-2026,FC Augsburg,10,2,3.9412
Germany_Bundesliga,2025-2026,FC Augsburg,10,3,3.5294
Germany_Bundesliga,2025-2026,FC Augsburg,10,4,3.7353
Germany_Bundesliga,2025-2026,FC Augsburg,10,5,3.2059
Germany_Bundesliga,2025-2026,FC Augsburg,10,6,3.5294
Germany_Bundesliga,2025-2026,FC Augsburg,10,7,5.0294
Germany_Bundesliga,2025-2026,FC Augsburg,11,0,4.0588
Germany_Bundesliga,2025-2026,FC Augsburg,11,1,2.1471
Germany_Bundesliga,2025-2026,FC Augsburg,11,2,1.8529
Germany_Bundesliga,2025-2026,FC Augsburg,11,3,2.1471
Germany_Bundesliga,2025-2026,FC Augsburg,11,4,2.1176
Germany_Bundesliga,2025-2026,FC Augsburg,11,5,2.4118
Germany_Bundesliga,2025-2026,FC Augsburg,11,6,2.0294
Germany_Bundesliga,2025-2026,FC Augsburg,11,7,4.2647
Germany_Bundesliga,2025-2026,FC Bayern München,0,0,1.7059
Germany_Bundesliga,2025-2026,FC Bayern München,0,1,2.3529
Germany_Bundesliga,2025-2026,FC Bayern München,0,2,3.1471
Germany_Bundesliga,2025-2026,FC Bayern München,0,3,10.4706
Germany_Bundesliga,2025-2026,FC Bayern München,0,4,10.9118
Germany_Bundesliga,2025-2026,FC Bayern München,0,5,2.9706
Germany_Bundesliga,2025-2026,FC Bayern München,0,6,1.7059
Germany_Bundesliga,2025-2026,FC Bayern München,0,7,0.9118
Germany_Bundesliga,2025-2026,FC Bayern München,1,0,4.2059
Germany_Bundesliga,2025-2026,FC Bayern München,1,1,5.0294
Germany_Bundesliga,2025-2026,FC Bayern München,1,2,6.0
Germany_Bundesliga,2025-2026,FC Bayern München,1,3,10.8824
Germany_Bundesliga,2025-2026,FC Bayern München,1,4,10.3824
Germany_Bundesliga,2025-2026,FC Bayern München,1,5,5.6176
Germany_Bundesliga,2025-2026,FC Bayern München,1,6,4.1176
Germany_Bundesliga,2025-2026,FC Bayern München,1,7,3.5294
Germany_Bundesliga,2025-2026,FC Bayern München,2,0,5.2059
Germany_Bundesliga,2025-2026,FC Bayern München,2,1,4.7941
Germany_Bundesliga,2025-2026,FC Bayern München,2,2,6.6471
Germany_Bundesliga,2025-2026,FC Bayern München,2,3,6.5882
Germany_Bundesliga,2025-2026,FC Bayern München,2,4,5.6765
Germany_Bundesliga,2025-2026,FC Bayern München,2,5,6.9412
Germany_Bundesliga,2025-2026,FC Bayern München,2,6,5.4118
Germany_Bundesliga,2025-2026,FC Bayern München,2,7,3.7353
Germany_Bundesliga,2025-2026,FC Bayern München,3,0,9.7647
Germany_Bundesliga,2025-2026,FC Bayern München,3,1,10.0882
Germany_Bundesliga,2025-2026,FC Bayern München,3,2,12.2353
Germany_Bundesliga,2025-2026,FC Bayern München,3,3,11.4118
Germany_Bundesliga,2025-2026,FC Bayern München,3,4,10.5588
Germany_Bundesliga,2025-2026,FC Bayern München,3,5,12.1765
Germany_Bundesliga,2025-2026,FC Bayern München,3,6,10.6176
Germany_Bundesliga,2025-2026,FC Bayern München,3,7,8.1176
Germany_Bundesliga,2025-2026,FC Bayern München,4,0,10.8824
Germany_Bundesliga,2025-2026,FC Bayern München,4,1,11.1765
Germany_Bundesliga,2025-2026,FC Bayern München,4,2,16.7941
Germany_Bundesliga,2025-2026,FC Bayern München,4,3,10.6471
Germany_Bundesliga,2025-2026,FC Bayern München,4,4,11.7647
Germany_Bundesliga,2025-2026,FC Bayern München,4,5,15.2059
Germany_Bundesliga,2025-2026,FC Bayern München,4,6,11.2941
Germany_Bundesliga,2025-2026,FC Bayern München,4,7,9.6176
Germany_Bundesliga,2025-2026,FC Bayern München,5,0,9.1176
Germany_Bundesliga,2025-2026,FC Bayern München,5,1,10.3824
Germany_Bundesliga,2025-2026,FC Bayern München,5,2,15.2353
Germany_Bundesliga,2025-2026,FC Bayern München,5,3,15.4706
Germany_Bundesliga,2025-2026,FC Bayern München,5,4,14.3824
Germany_Bundesliga,2025-2026,FC Bayern München,5,5,14.4412
Germany_Bundesliga,2025-2026,FC Bayern München,5,6,9.7647
Germany_Bundesliga,2025-2026,FC Bayern München,5,7,7.5882
Germany_Bundesliga,2025-2026,FC Bayern München,6,0,13.0882
Germany_Bundesliga,2025-2026,FC Bayern München,6,1,13.6471
Germany_Bundesliga,2025-2026,FC Bayern München,6,2,17.9412
Germany_Bundesliga,2025-2026,FC Bayern München,6,3,14.2353
Germany_Bundesliga,2025-2026,FC Bayern München,6,4,14.5588
Germany_Bundesliga,2025-2026,FC Bayern München,6,5,17.3235
Germany_Bundesliga,2025-2026,FC Bayern München,6,6,12.8235
Germany_Bundesliga,2025-2026,FC Bayern München,6,7,10.2059
Germany_Bundesliga,2025-2026,FC Bayern München,7,0,19.7059
Germany_Bundesliga,2025-2026,FC Bayern München,7,1,20.5
Germany_Bundesliga,2025-2026,FC Bayern München,7,2,21.7059
Germany_Bundesliga,2025-2026,FC Bayern München,7,3,13.2353
Germany_Bundesliga,2025-2026,FC Bayern München,7,4,11.9412
Germany_Bundesliga,2025-2026,FC Bayern München,7,5,20.3529
Germany_Bundesliga,2025-2026,FC Bayern München,7,6,17.9706
Germany_Bundesliga,2025-2026,FC Bayern München,7,7,16.7059
Germany_Bundesliga,2025-2026,FC Bayern München,8,0,18.8824
Germany_Bundesliga,2025-2026,FC Bayern München,8,1,20.4706
Germany_Bundesliga,2025-2026,FC Bayern München,8,2,20.3824
Germany_Bundesliga,2025-2026,FC Bayern München,8,3,14.5294
Germany_Bundesliga,2025-2026,FC Bayern München,8,4,12.7647
Germany_Bundesliga,2025-2026,FC Bayern München,8,5,16.7353
Germany_Bundesliga,2025-2026,FC Bayern München,8,6,15.6471
Germany_Bundesliga,2025-2026,FC Bayern München,8,7,14.4412
Germany_Bundesliga,2025-2026,FC Bayern München,9,0,12.9412
Germany_Bundesliga,2025-2026,FC Bayern München,9,1,10.8235
Germany_Bundesliga,2025-2026,FC Bayern München,9,2,9.4706
Germany_Bundesliga,2025-2026,FC Bayern München,9,3,6.4118
Germany_Bundesliga,2025-2026,FC Bayern München,9,4,5.2059
Germany_Bundesliga,2025-2026,FC Bayern München,9,5,8.6471
Germany_Bundesliga,2025-2026,FC Bayern München,9,6,7.8235
Germany_Bundesliga,2025-2026,FC Bayern München,9,7,7.9706
Germany_Bundesliga,2025-2026,FC Bayern München,10,0,7.7059
Germany_Bundesliga,2025-2026,FC Bayern München,10,1,8.6176
Germany_Bundesliga,2025-2026,FC Bayern München,10,2,6.9706
Germany_Bundesliga,2025-2026,FC Bayern München,10,3,5.2353
Germany_Bundesliga,2025-2026,FC Bayern München,10,4,5.3824
Germany_Bundesliga,2025-2026,FC Bayern München,10,5,5.5294
Germany_Bundesliga,2025-2026,FC Bayern München,10,6,5.7353
Germany_Bundesliga,2025-2026,FC Bayern München,10,7,4.9118
Germany_Bundesliga,2025-2026,FC Bayern München,11,0,5.2941
Germany_Bundesliga,2025-2026,FC Bayern München,11,1,3.5882
Germany_Bundesliga,2025-2026,FC Bayern München,11,2,4.1765
Germany_Bundesliga,2025-2026,FC Bayern München,11,3,3.1471
Germany_Bundesliga,2025-2026,FC Bayern München,11,4,2.8529
Germany_Bundesliga,2025-2026,FC Bayern München,11,5,3.5588
Germany_Bundesliga,2025-2026,FC Bayern München,11,6,2.3824
Germany_Bundesliga,2025-2026,FC Bayern München,11,7,3.8824
Germany_Bundesliga,2025-2026,1. FC Union Berlin,0,0,1.0294
Germany_Bundesliga,2025-2026,1. FC Union Berlin,0,1,1.3235
Germany_Bundesliga,2025-2026,1. FC Union Berlin,0,2,2.7941
Germany_Bundesliga,2025-2026,1. FC Union Berlin,0,3,12.5
Germany_Bundesliga,2025-2026,1. FC Union Berlin,0,4,12.8824
Germany_Bundesliga,2025-2026,1. FC Union Berlin,0,5,2.2059
Germany_Bundesliga,2025-2026,1. FC Union Berlin,0,6,1.5294
Germany_Bundesliga,2025-2026,1. FC Union Berlin,0,7,1.7059
Germany_Bundesliga,2025-2026,1. FC Union Berlin,1,0,3.4118
Germany_Bundesliga,2025-2026,1. FC Union Berlin,1,1,3.2059
Germany_Bundesliga,2025-2026,1. FC Union Berlin,1,2,6.3235
Germany_Bundesliga,2025-2026,1. FC Union Berlin,1,3,13.0
Germany_Bundesliga,2025-2026,1. FC Union Berlin,1,4,11.6471
Germany_Bundesliga,2025-2026,1. FC Union Berlin,1,5,6.5882
Germany_Bundesliga,2025-2026,1. FC Union Berlin,1,6,3.5882
Germany_Bundesliga,2025-2026,1. FC Union Berlin,1,7,3.6765
Germany_Bundesliga,2025-2026,1. FC Union Berlin,2,0,4.7647
Germany_Bundesliga,2025-2026,1. FC Union Berlin,2,1,4.7353
Germany_Bundesliga,2025-2026,1. FC Union Berlin,2,2,7.0
Germany_Bundesliga,2025-2026,1. FC Union Berlin,2,3,6.4706
Germany_Bundesliga,2025-2026,1. FC Union Berlin,2,4,5.0294
Germany_Bundesliga,2025-2026,1. FC Union Berlin,2,5,6.2353
Germany_Bundesliga,2025-2026,1. FC Union Berlin,2,6,4.7353
Germany_Bundesliga,2025-2026,1. FC Union Berlin,2,7,5.4118
Germany_Bundesliga,2025-2026,1. FC Union Berlin,3,0,6.7353
Germany_Bundesliga,2025-2026,1. FC Union Berlin,3,1,8.4118
Germany_Bundesliga,2025-2026,1. FC Union Berlin,3,2,10.0
Germany_Bundesliga,2025-2026,1. FC Union Berlin,3,3,10.1176
Germany_Bundesliga,2025-2026,1. FC Union Berlin,3,4,11.2941
Germany_Bundesliga,2025-2026,1. FC Union Berlin,3,5,11.4412
Germany_Bundesliga,2025-2026,1. FC Union Berlin,3,6,9.3824
Germany_Bundesliga,2025-2026,1. FC Union Berlin,3,7,8.2353
Germany_Bundesliga,2025-2026,1. FC Union Berlin,4,0,8.5
Germany_Bundesliga,2025-2026,1. FC Union Berlin,4,1,7.8824
Germany_Bundesliga,2025-2026,1. FC Union Berlin,4,2,10.3529
Germany_Bundesliga,2025-2026,1. FC Union Berlin,4,3,7.9706
Germany_Bundesliga,2025-2026,1. FC Union Berlin,4,4,7.5294
Germany_Bundesliga,2025-2026,1. FC Union Berlin,4,5,11.4412
Germany_Bundesliga,2025-2026,1. FC Union Berlin,4,6,9.7059
Germany_Bundesliga,2025-2026,1. FC Union Berlin,4,7,8.5
Germany_Bundesliga,2025-2026,1. FC Union Berlin,5,0,7.5588
Germany_Bundesliga,2025-2026,1. FC Union Berlin,5,1,6.0882
Germany_Bundesliga,2025-2026,1. FC Union Berlin,5,2,8.4118
Germany_Bundesliga,2025-2026,1. FC Union Berlin,5,3,6.0882
Germany_Bundesliga,2025-2026,1. FC Union Berlin,5,4,7.6176
Germany_Bundesliga,2025-2026,1. FC Union Berlin,5,5,8.0
Germany_Bundesliga,2025-2026,1. FC Union Berlin,5,6,7.1471
Germany_Bundesliga,2025-2026,1. FC Union Berlin,5,7,8.1471
Germany_Bundesliga,2025-2026,1. FC Union Berlin,6,0,9.0882
Germany_Bundesliga,2025-2026,1. FC Union Berlin,6,1,5.5588
Germany_Bundesliga,2025-2026,1. FC Union Berlin,6,2,7.3824
Germany_Bundesliga,2025-2026,1. FC Union Berlin,6,3,5.8235
Germany_Bundesliga,2025-2026,1. FC Union Berlin,6,4,6.2941
Germany_Bundesliga,2025-2026,1. FC Union Berlin,6,5,6.8235
Germany_Bundesliga,2025-2026,1. FC Union Berlin,6,6,7.0294
Germany_Bundesliga,2025-2026,1. FC Union Berlin,6,7,8.7353
Germany_Bundesliga,2025-2026,1. FC Union Berlin,7,0,9.4412
Germany_Bundesliga,2025-2026,1. FC Union Berlin,7,1,7.9706
Germany_Bundesliga,2025-2026,1. FC Union Berlin,7,2,7.9412
Germany_Bundesliga,2025-2026,1. FC Union Berlin,7,3,4.8235
Germany_Bundesliga,2025-2026,1. FC Union Berlin,7,4,4.6176
Germany_Bundesliga,2025-2026,1. FC Union Berlin,7,5,7.8235
Germany_Bundesliga,2025-2026,1. FC Union Berlin,7,6,8.0
Germany_Bundesliga,2025-2026,1. FC Union Berlin,7,7,11.3235
Germany_Bundesliga,2025-2026,1. FC Union Berlin,8,0,8.6471
Germany_Bundesliga,2025-2026,1. FC Union Berlin,8,1,6.2059
Germany_Bundesliga,2025-2026,1. FC Union Berlin,8,2,6.4706
Germany_Bundesliga,2025-2026,1. FC Union Berlin,8,3,5.2647
Germany_Bundesliga,2025-2026,1. FC Union Berlin,8,4,5.0588
Germany_Bundesliga,2025-2026,1. FC Union Berlin,8,5,7.5294
Germany_Bundesliga,2025-2026,1. FC Union Berlin,8,6,6.2353
Germany_Bundesliga,2025-2026,1. FC Union Berlin,8,7,9.2941
Germany_Bundesliga,2025-2026,1. FC Union Berlin,9,0,5.3824
Germany_Bundesliga,2025-2026,1. FC Union Berlin,9,1,3.5294
Germany_Bundesliga,2025-2026,1. FC Union Berlin,9,2,3.3235
Germany_Bundesliga,2025-2026,1. FC Union Berlin,9,3,3.7353
Germany_Bundesliga,2025-2026,1. FC Union Berlin,9,4,3.0882
Germany_Bundesliga,2025-2026,1. FC Union Berlin,9,5,4.3824
Germany_Bundesliga,2025-2026,1. FC Union Berlin,9,6,4.2059
Germany_Bundesliga,2025-2026,1. FC Union Berlin,9,7,5.9412
Germany_Bundesliga,2025-2026,1. FC Union Berlin,10,0,4.9118
Germany_Bundesliga,2025-2026,1. FC Union Berlin,10,1,2.1765
Germany_Bundesliga,2025-2026,1. FC Union Berlin,10,2,3.1765
Germany_Bundesliga,2025-2026,1. FC Union Berlin,10,3,5.8235
Germany_Bundesliga,2025-2026,1. FC Union Berlin,10,4,5.5882
Germany_Bundesliga,2025-2026,1. FC Union Berlin,10,5,3.7353
Germany_Bundesliga,2025-2026,1. FC Union Berlin,10,6,3.4118
Germany_Bundesliga,2025-2026,1. FC Union Berlin,10,7,5.8824
Germany_Bundesliga,2025-2026,1. FC Union Berlin,11,0,4.5294
Germany_Bundesliga,2025-2026,1. FC Union Berlin,11,1,1.9118
Germany_Bundesliga,2025-2026,1. FC Union Berlin,11,2,2.0294
Germany_Bundesliga,2025-2026,1. FC Union Berlin,11,3,3.5882
Germany_Bundesliga,2025-2026,1. FC Union Berlin,11,4,2.7353
Germany_Bundesliga,2025-2026,1. FC Union Berlin,11,5,2.1176
Germany_Bundesliga,2025-2026,1. FC Union Berlin,11,6,2.1471
Germany_Bundesliga,2025-2026,1. FC Union Berlin,11,7,5.3824
England_Premier_League,2025-2026,Leeds United FC,0,0,0.8611
England_Premier_League,2025-2026,Leeds United FC,0,1,1.4167
England_Premier_League,2025-2026,Leeds United FC,0,2,2.0556
England_Premier_League,2025-2026,Leeds United FC,0,3,12.6944
England_Premier_League,2025-2026,Leeds United FC,0,4,14.75
England_Premier_League,2025-2026,Leeds United FC,0,5,2.7778
England_Premier_League,2025-2026,Leeds United FC,0,6,1.4167
England_Premier_League,2025-2026,Leeds United FC,0,7,1.3333
England_Premier_League,2025-2026,Leeds United FC,1,0,3.3333
England_Premier_League,2025-2026,Leeds United FC,1,1,2.9167
England_Premier_League,2025-2026,Leeds United FC,1,2,5.75
England_Premier_League,2025-2026,Leeds United FC,1,3,16.5833
England_Premier_League,2025-2026,Leeds United FC,1,4,12.7778
England_Premier_League,2025-2026,Leeds United FC,1,5,5.1389
England_Premier_League,2025-2026,Leeds United FC,1,6,3.9167
England_Premier_League,2025-2026,Leeds United FC,1,7,4.5
England_Premier_League,2025-2026,Leeds United FC,2,0,4.6944
England_Premier_League,2025-2026,Leeds United FC,2,1,5.5556
England_Premier_League,2025-2026,Leeds United FC,2,2,6.2222
England_Premier_League,2025-2026,Leeds United FC,2,3,7.8056
England_Premier_League,2025-2026,Leeds United FC,2,4,6.6111
England_Premier_League,2025-2026,Leeds United FC,2,5,8.2222
England_Premier_League,2025-2026,Leeds United FC,2,6,6.6111
England_Premier_League,2025-2026,Leeds United FC,2,7,6.4722
England_Premier_League,2025-2026,Leeds United FC,3,0,7.9444
England_Premier_League,2025-2026,Leeds United FC,3,1,9.0833
England_Premier_League,2025-2026,Leeds United FC,3,2,12.9167
England_Premier_League,2025-2026,Leeds United FC,3,3,9.9722
England_Premier_League,2025-2026,Leeds United FC,3,4,11.0556
England_Premier_League,2025-2026,Leeds United FC,3,5,11.7778
England_Premier_League,2025-2026,Leeds United FC,3,6,10.5556
England_Premier_League,2025-2026,Leeds United FC,3,7,10.1111
England_Premier_League,2025-2026,Leeds United FC,4,0,10.3889
England_Premier_League,2025-2026,Leeds United FC,4,1,10.8611
England_Premier_League,2025-2026,Leeds United FC,4,2,12.9444
England_Premier_League,2025-2026,Leeds United FC,4,3,7.9722
England_Premier_League,2025-2026,Leeds United FC,4,4,9.0278
England_Premier_League,2025-2026,Leeds United FC,4,5,13.5278
England_Premier_League,2025-2026,Leeds United FC,4,6,11.4722
England_Premier_League,2025-2026,Leeds United FC,4,7,11.8889
England_Premier_League,2025-2026,Leeds United FC,5,0,7.75
England_Premier_League,2025-2026,Leeds United FC,5,1,6.5556
England_Premier_League,2025-2026,Leeds United FC,5,2,9.0556
England_Premier_League,2025-2026,Leeds United FC,5,3,7.9167
England_Premier_League,2025-2026,Leeds United FC,5,4,8.5
England_Premier_League,2025-2026,Leeds United FC,5,5,9.1944
England_Premier_League,2025-2026,Leeds United FC,5,6,8.3889
England_Premier_League,2025-2026,Leeds United FC,5,7,7.75
England_Premier_League,2025-2026,Leeds United FC,6,0,8.2222
England_Premier_League,2025-2026,Leeds United FC,6,1,6.7778
England_Premier_League,2025-2026,Leeds United FC,6,2,7.75
England_Premier_League,2025-2026,Leeds United FC,6,3,7.6944
England_Premier_League,2025-2026,Leeds United FC,6,4,7.3056
England_Premier_League,2025-2026,Leeds United FC,6,5,8.25
England_Premier_League,2025-2026,Leeds United FC,6,6,7.8056
England_Premier_League,2025-2026,Leeds United FC,6,7,9.25
England_Premier_League,2025-2026,Leeds United FC,7,0,12.0278
England_Premier_League,2025-2026,Leeds United FC,7,1,9.75
England_Premier_League,2025-2026,Leeds United FC,7,2,8.2778
England_Premier_League,2025-2026,Leeds United FC,7,3,4.8889
England_Premier_League,2025-2026,Leeds United FC,7,4,5.0556
England_Premier_League,2025-2026,Leeds United FC,7,5,8.8889
England_Premier_League,2025-2026,Leeds United FC,7,6,10.4444
England_Premier_League,2025-2026,Leeds United FC,7,7,11.9444
England_Premier_League,2025-2026,Leeds United FC,8,0,9.1667
England_Premier_League,2025-2026,Leeds United FC,8,1,7.3056
England_Premier_League,2025-2026,Leeds United FC,8,2,7.25
England_Premier_League,2025-2026,Leeds United FC,8,3,5.25
England_Premier_League,2025-2026,Leeds United FC,8,4,5.4722
England_Premier_League,2025-2026,Leeds United FC,8,5,7.7778
England_Premier_League,2025-2026,Leeds United FC,8,6,7.2222
England_Premier_League,2025-2026,Leeds United FC,8,7,9.6389
England_Premier_League,2025-2026,Leeds United FC,9,0,5.8056
England_Premier_League,2025-2026,Leeds United FC,9,1,4.0278
England_Premier_League,2025-2026,Leeds United FC,9,2,3.1944
England_Premier_League,2025-2026,Leeds United FC,9,3,2.9167
England_Premier_League,2025-2026,Leeds United FC,9,4,3.2778
England_Premier_League,2025-2026,Leeds United FC,9,5,3.8611
England_Premier_League,2025-2026,Leeds United FC,9,6,4.0556
England_Premier_League,2025-2026,Leeds United FC,9,7,6.3889
England_Premier_League,2025-2026,Leeds United FC,10,0,4.3611
England_Premier_League,2025-2026,Leeds United FC,10,1,3.1944
England_Premier_League,2025-2026,Leeds United FC,10,2,3.5
England_Premier_League,2025-2026,Leeds United FC,10,3,4.4722
England_Premier_League,2025-2026,Leeds United FC,10,4,4.8889
England_Premier_League,2025-2026,Leeds United FC,10,5,3.5278
England_Premier_League,2025-2026,Leeds United FC,10,6,3.5556
England_Premier_League,2025-2026,Leeds United FC,10,7,4.9722
England_Premier_League,2025-2026,Leeds United FC,11,0,4.1667
England_Premier_League,2025-2026,Leeds United FC,11,1,1.6111
England_Premier_League,2025-2026,Leeds United FC,11,2,1.9722
England_Premier_League,2025-2026,Leeds United FC,11,3,3.6389
England_Premier_League,2025-2026,Leeds United FC,11,4,2.9722
England_Premier_League,2025-2026,Leeds United FC,11,5,1.8056
England_Premier_League,2025-2026,Leeds United FC,11,6,2.4444
England_Premier_League,2025-2026,Leeds United FC,11,7,3.8333
England_Premier_League,2025-2026,Brighton & Hove Albion FC,0,0,1.3611
England_Premier_League,2025-2026,Brighton & Hove Albion FC,0,1,1.3333
England_Premier_League,2025-2026,Brighton & Hove Albion FC,0,2,2.5833
England_Premier_League,2025-2026,Brighton & Hove Albion FC,0,3,13.9722
England_Premier_League,2025-2026,Brighton & Hove Albion FC,0,4,18.4722
England_Premier_League,2025-2026,Brighton & Hove Albion FC,0,5,3.1667
England_Premier_League,2025-2026,Brighton & Hove Albion FC,0,6,1.7222
England_Premier_League,2025-2026,Brighton & Hove Albion FC,0,7,0.9444
England_Premier_League,2025-2026,Brighton & Hove Albion FC,1,0,4.0278
England_Premier_League,2025-2026,Brighton & Hove Albion FC,1,1,4.2778
England_Premier_League,2025-2026,Brighton & Hove Albion FC,1,2,6.1111
England_Premier_League,2025-2026,Brighton & Hove Albion FC,1,3,13.0833
England_Premier_League,2025-2026,Brighton & Hove Albion FC,1,4,12.3889
England_Premier_League,2025-2026,Brighton & Hove Albion FC,1,5,7.4167
England_Premier_League,2025-2026,Brighton & Hove Albion FC,1,6,3.7778
England_Premier_League,2025-2026,Brighton & Hove Albion FC,1,7,2.8611
England_Premier_League,2025-2026,Brighton & Hove Albion FC,2,0,5.1667
England_Premier_League,2025-2026,Brighton & Hove Albion FC,2,1,5.0556
England_Premier_League,2025-2026,Brighton & Hove Albion FC,2,2,6.8611
England_Premier_League,2025-2026,Brighton & Hove Albion FC,2,3,7.25
England_Premier_League,2025-2026,Brighton & Hove Albion FC,2,4,8.3056
England_Premier_League,2025-2026,Brighton & Hove Albion FC,2,5,8.8611
England_Premier_League,2025-2026,Brighton & Hove Albion FC,2,6,5.4167
England_Premier_League,2025-2026,Brighton & Hove Albion FC,2,7,4.8611
England_Premier_League,2025-2026,Brighton & Hove Albion FC,3,0,8.8889
England_Premier_League,2025-2026,Brighton & Hove Albion FC,3,1,8.1944
England_Premier_League,2025-2026,Brighton & Hove Albion FC,3,2,13.7778
England_Premier_League,2025-2026,Brighton & Hove Albion FC,3,3,12.8333
England_Premier_League,2025-2026,Brighton & Hove Albion FC,3,4,13.9444
England_Premier_League,2025-2026,Brighton & Hove Albion FC,3,5,15.1944
England_Premier_League,2025-2026,Brighton & Hove Albion FC,3,6,9.4722
England_Premier_League,2025-2026,Brighton & Hove Albion FC,3,7,7.7222
England_Premier_League,2025-2026,Brighton & Hove Albion FC,4,0,11.0278
England_Premier_League,2025-2026,Brighton & Hove Albion FC,4,1,10.1389
England_Premier_League,2025-2026,Brighton & Hove Albion FC,4,2,15.5
England_Premier_League,2025-2026,Brighton & Hove Albion FC,4,3,12.2778
England_Premier_League,2025-2026,Brighton & Hove Albion FC,4,4,10.4722
England_Premier_League,2025-2026,Brighton & Hove Albion FC,4,5,13.5833
England_Premier_League,2025-2026,Brighton & Hove Albion FC,4,6,11.4444
England_Premier_League,2025-2026,Brighton & Hove Albion FC,4,7,8.2778
England_Premier_League,2025-2026,Brighton & Hove Albion FC,5,0,7.6389
England_Premier_League,2025-2026,Brighton & Hove Albion FC,5,1,8.5556
England_Premier_League,2025-2026,Brighton & Hove Albion FC,5,2,12.6667
England_Premier_League,2025-2026,Brighton & Hove Albion FC,5,3,9.9722
England_Premier_League,2025-2026,Brighton & Hove Albion FC,5,4,11.3889
England_Premier_League,2025-2026,Brighton & Hove Albion FC,5,5,11.6389
England_Premier_League,2025-2026,Brighton & Hove Albion FC,5,6,8.1667
England_Premier_League,2025-2026,Brighton & Hove Albion FC,5,7,6.0
England_Premier_League,2025-2026,Brighton & Hove Albion FC,6,0,8.4444
England_Premier_League,2025-2026,Brighton & Hove Albion FC,6,1,9.5833
England_Premier_League,2025-2026,Brighton & Hove Albion FC,6,2,11.5278
England_Premier_League,2025-2026,Brighton & Hove Albion FC,6,3,8.9167
England_Premier_League,2025-2026,Brighton & Hove Albion FC,6,4,8.4444
England_Premier_League,2025-2026,Brighton & Hove Albion FC,6,5,10.5
England_Premier_League,2025-2026,Brighton & Hove Albion FC,6,6,8.5556
England_Premier_League,2025-2026,Brighton & Hove Albion FC,6,7,7.0
England_Premier_League,2025-2026,Brighton & Hove Albion FC,7,0,11.6389
England_Premier_League,2025-2026,Brighton & Hove Albion FC,7,1,11.3611
England_Premier_League,2025-2026,Brighton & Hove Albion FC,7,2,10.8056
England_Premier_League,2025-2026,Brighton & Hove Albion FC,7,3,6.4722
England_Premier_League,2025-2026,Brighton & Hove Albion FC,7,4,5.5
England_Premier_League,2025-2026,Brighton & Hove Albion FC,7,5,9.8333
England_Premier_League,2025-2026,Brighton & Hove Albion FC,7,6,9.6111
England_Premier_League,2025-2026,Brighton & Hove Albion FC,7,7,10.8056
England_Premier_League,2025-2026,Brighton & Hove Albion FC,8,0,11.5833
England_Premier_League,2025-2026,Brighton & Hove Albion FC,8,1,9.6944
England_Premier_League,2025-2026,Brighton & Hove Albion FC,8,2,9.4722
England_Premier_League,2025-2026,Brighton & Hove Albion FC,8,3,7.2778
England_Premier_League,2025-2026,Brighton & Hove Albion FC,8,4,5.6389
England_Premier_League,2025-2026,Brighton & Hove Albion FC,8,5,8.3889
England_Premier_League,2025-2026,Brighton & Hove Albion FC,8,6,8.75
England_Premier_League,2025-2026,Brighton & Hove Albion FC,8,7,9.6944
England_Premier_League,2025-2026,Brighton & Hove Albion FC,9,0,6.8889
England_Premier_League,2025-2026,Brighton & Hove Albion FC,9,1,5.2778
England_Premier_League,2025-2026,Brighton & Hove Albion FC,9,2,5.1667
England_Premier_League,2025-2026,Brighton & Hove Albion FC,9,3,3.5278
England_Premier_League,2025-2026,Brighton & Hove Albion FC,9,4,3.2222
England_Premier_League,2025-2026,Brighton & Hove Albion FC,9,5,4.9167
England_Premier_League,2025-2026,Brighton & Hove Albion FC,9,6,5.5
England_Premier_League,2025-2026,Brighton & Hove Albion FC,9,7,6.9167
England_Premier_League,2025-2026,Brighton & Hove Albion FC,10,0,4.9167
England_Premier_League,2025-2026,Brighton & Hove Albion FC,10,1,4.5833
England_Premier_League,2025-2026,Brighton & Hove Albion FC,10,2,3.5278
England_Premier_League,2025-2026,Brighton & Hove Albion FC,10,3,4.8611
England_Premier_League,2025-2026,Brighton & Hove Albion FC,10,4,4.3333
England_Premier_League,2025-2026,Brighton & Hove Albion FC,10,5,3.6667
England_Premier_League,2025-2026,Brighton & Hove Albion FC,10,6,3.9167
England_Premier_League,2025-2026,Brighton & Hove Albion FC,10,7,5.0278
England_Premier_League,2025-2026,Brighton & Hove Albion FC,11,0,5.1389
England_Premier_League,2025-2026,Brighton & Hove Albion FC,11,1,1.8611
England_Premier_League,2025-2026,Brighton & Hove Albion FC,11,2,2.6944
England_Premier_League,2025-2026,Brighton & Hove Albion FC,11,3,2.8333
England_Premier_League,2025-2026,Brighton & Hove Albion FC,11,4,2.8889
England_Premier_League,2025-2026,Brighton & Hove Albion FC,11,5,3.0556
England_Premier_League,2025-2026,Brighton & Hove Albion FC,11,6,2.9444
England_Premier_League,2025-2026,Brighton & Hove Albion FC,11,7,4.3611
England_Premier_League,2025-2026,Arsenal FC,0,0,1.5
England_Premier_League,2025-2026,Arsenal FC,0,1,1.3889
England_Premier_League,2025-2026,Arsenal FC,0,2,2.25
England_Premier_League,2025-2026,Arsenal FC,0,3,10.6111
England_Premier_League,2025-2026,Arsenal FC,0,4,9.5
England_Premier_League,2025-2026,Arsenal FC,0,5,2.8056
England_Premier_League,2025-2026,Arsenal FC,0,6,1.9444
England_Premier_League,2025-2026,Arsenal FC,0,7,1.3889
England_Premier_League,2025-2026,Arsenal FC,1,0,3.1944
England_Premier_League,2025-2026,Arsenal FC,1,1,3.5833
England_Premier_League,2025-2026,Arsenal FC,1,2,5.6111
England_Premier_League,2025-2026,Arsenal FC,1,3,12.1944
England_Premier_League,2025-2026,Arsenal FC,1,4,11.8889
England_Premier_League,2025-2026,Arsenal FC,1,5,6.6667
England_Premier_League,2025-2026,Arsenal FC,1,6,3.6667
England_Premier_League,2025-2026,Arsenal FC,1,7,2.6667
England_Premier_League,2025-2026,Arsenal FC,2,0,4.4167
England_Premier_League,2025-2026,Arsenal FC,2,1,5.0278
England_Premier_League,2025-2026,Arsenal FC,2,2,7.0278
England_Premier_League,2025-2026,Arsenal FC,2,3,5.3889
England_Premier_League,2025-2026,Arsenal FC,2,4,5.5278
England_Premier_League,2025-2026,Arsenal FC,2,5,6.5833
England_Premier_League,2025-2026,Arsenal FC,2,6,4.6111
England_Premier_League,2025-2026,Arsenal FC,2,7,3.3889
England_Premier_League,2025-2026,Arsenal FC,3,0,6.4722
England_Premier_League,2025-2026,Arsenal FC,3,1,7.8333
England_Premier_League,2025-2026,Arsenal FC,3,2,11.6111
England_Premier_League,2025-2026,Arsenal FC,3,3,12.2778
England_Premier_League,2025-2026,Arsenal FC,3,4,10.9444
England_Premier_League,2025-2026,Arsenal FC,3,5,11.5833
England_Premier_League,2025-2026,Arsenal FC,3,6,8.3611
England_Premier_League,2025-2026,Arsenal FC,3,7,6.1389
England_Premier_League,2025-2026,Arsenal FC,4,0,9.0278
England_Premier_League,2025-2026,Arsenal FC,4,1,11.0833
England_Premier_League,2025-2026,Arsenal FC,4,2,14.9444
England_Premier_League,2025-2026,Arsenal FC,4,3,10.6667
England_Premier_League,2025-2026,Arsenal FC,4,4,10.2778
England_Premier_League,2025-2026,Arsenal FC,4,5,13.1944
England_Premier_League,2025-2026,Arsenal FC,4,6,8.8611
England_Premier_League,2025-2026,Arsenal FC,4,7,8.3333
England_Premier_League,2025-2026,Arsenal FC,5,0,6.6111
England_Premier_League,2025-2026,Arsenal FC,5,1,8.4444
England_Premier_League,2025-2026,Arsenal FC,5,2,11.8889
England_Premier_League,2025-2026,Arsenal FC,5,3,9.4167
England_Premier_League,2025-2026,Arsenal FC,5,4,9.8611
England_Premier_League,2025-2026,Arsenal FC,5,5,10.0556
England_Premier_League,2025-2026,Arsenal FC,5,6,6.6944
England_Premier_League,2025-2026,Arsenal FC,5,7,6.7222
England_Premier_League,2025-2026,Arsenal FC,6,0,8.75
England_Premier_League,2025-2026,Arsenal FC,6,1,8.5
England_Premier_League,2025-2026,Arsenal FC,6,2,10.5
England_Premier_League,2025-2026,Arsenal FC,6,3,9.6667
England_Premier_League,2025-2026,Arsenal FC,6,4,8.5
England_Premier_League,2025-2026,Arsenal FC,6,5,8.9722
England_Premier_League,2025-2026,Arsenal FC,6,6,7.2222
England_Premier_League,2025-2026,Arsenal FC,6,7,7.6111
England_Premier_League,2025-2026,Arsenal FC,7,0,12.4444
England_Premier_League,2025-2026,Arsenal FC,7,1,14.8889
England_Premier_League,2025-2026,Arsenal FC,7,2,13.5833
England_Premier_League,2025-2026,Arsenal FC,7,3,7.4722
England_Premier_League,2025-2026,Arsenal FC,7,4,6.8056
England_Premier_League,2025-2026,Arsenal FC,7,5,11.1667
England_Premier_League,2025-2026,Arsenal FC,7,6,10.5833
England_Premier_League,2025-2026,Arsenal FC,7,7,10.6389
England_Premier_League,2025-2026,Arsenal FC,8,0,13.1667
England_Premier_League,2025-2026,Arsenal FC,8,1,13.8056
England_Premier_League,2025-2026,Arsenal FC,8,2,10.8056
England_Premier_League,2025-2026,Arsenal FC,8,3,7.8056
England_Premier_League,2025-2026,Arsenal FC,8,4,6.7222
England_Premier_League,2025-2026,Arsenal FC,8,5,9.4444
England_Premier_League,2025-2026,Arsenal FC,8,6,10.0278
England_Premier_League,2025-2026,Arsenal FC,8,7,10.6667
England_Premier_League,2025-2026,Arsenal FC,9,0,10.3333
England_Premier_League,2025-2026,Arsenal FC,9,1,7.4167
England_Premier_League,2025-2026,Arsenal FC,9,2,6.3889
England_Premier_League,2025-2026,Arsenal FC,9,3,2.9722
England_Premier_League,2025-2026,Arsenal FC,9,4,3.2778
England_Premier_League,2025-2026,Arsenal FC,9,5,4.8611
England_Premier_League,2025-2026,Arsenal FC,9,6,4.8611
England_Premier_League,2025-2026,Arsenal FC,9,7,7.8056
England_Premier_League,2025-2026,Arsenal FC,10,0,6.6389
England_Premier_League,2025-2026,Arsenal FC,10,1,5.75
England_Premier_League,2025-2026,Arsenal FC,10,2,5.3611
England_Premier_League,2025-2026,Arsenal FC,10,3,4.6667
England_Premier_League,2025-2026,Arsenal FC,10,4,4.1667
England_Premier_League,2025-2026,Arsenal FC,10,5,4.0833
England_Premier_League,2025-2026,Arsenal FC,10,6,4.3056
England_Premier_League,2025-2026,Arsenal FC,10,7,6.0278
England_Premier_League,2025-2026,Arsenal FC,11,0,5.1111
England_Premier_League,2025-2026,Arsenal FC,11,1,3.8056
England_Premier_League,2025-2026,Arsenal FC,11,2,4.2778
England_Premier_League,2025-2026,Arsenal FC,11,3,3.8889
England_Premier_League,2025-2026,Arsenal FC,11,4,3.2778
England_Premier_League,2025-2026,Arsenal FC,11,5,2.1111
England_Premier_League,2025-2026,Arsenal FC,11,6,2.6667
England_Premier_League,2025-2026,Arsenal FC,11,7,5.1944
England_Premier_League,2025-2026,Burnley FC,0,0,1.1389
England_Premier_League,2025-2026,Burnley FC,0,1,2.5278
England_Premier_League,2025-2026,Burnley FC,0,2,3.5278
England_Premier_League,2025-2026,Burnley FC,0,3,18.0
England_Premier_League,2025-2026,Burnley FC,0,4,14.75
England_Premier_League,2025-2026,Burnley FC,0,5,3.1389
England_Premier_League,2025-2026,Burnley FC,0,6,1.8333
England_Premier_League,2025-2026,Burnley FC,0,7,1.4722
England_Premier_League,2025-2026,Burnley FC,1,0,4.1111
England_Premier_League,2025-2026,Burnley FC,1,1,4.8889
England_Premier_League,2025-2026,Burnley FC,1,2,8.8611
England_Premier_League,2025-2026,Burnley FC,1,3,14.6667
England_Premier_League,2025-2026,Burnley FC,1,4,12.3889
England_Premier_League,2025-2026,Burnley FC,1,5,7.5556
England_Premier_League,2025-2026,Burnley FC,1,6,3.7222
England_Premier_League,2025-2026,Burnley FC,1,7,4.0
England_Premier_League,2025-2026,Burnley FC,2,0,5.2778
England_Premier_League,2025-2026,Burnley FC,2,1,4.9722
England_Premier_League,2025-2026,Burnley FC,2,2,6.5556
England_Premier_League,2025-2026,Burnley FC,2,3,6.9722
England_Premier_League,2025-2026,Burnley FC,2,4,6.2222
England_Premier_League,2025-2026,Burnley FC,2,5,8.0
England_Premier_League,2025-2026,Burnley FC,2,6,5.8333
England_Premier_League,2025-2026,Burnley FC,2,7,4.8611
England_Premier_League,2025-2026,Burnley FC,3,0,8.3889
England_Premier_League,2025-2026,Burnley FC,3,1,8.1111
England_Premier_League,2025-2026,Burnley FC,3,2,10.4444
England_Premier_League,2025-2026,Burnley FC,3,3,10.3333
England_Premier_League,2025-2026,Burnley FC,3,4,9.4444
England_Premier_League,2025-2026,Burnley FC,3,5,11.5556
England_Premier_League,2025-2026,Burnley FC,3,6,9.3056
England_Premier_League,2025-2026,Burnley FC,3,7,8.6944
England_Premier_League,2025-2026,Burnley FC,4,0,7.9444
England_Premier_League,2025-2026,Burnley FC,4,1,9.1944
England_Premier_League,2025-2026,Burnley FC,4,2,10.7222
England_Premier_League,2025-2026,Burnley FC,4,3,7.4722
England_Premier_League,2025-2026,Burnley FC,4,4,7.1667
England_Premier_League,2025-2026,Burnley FC,4,5,11.6111
England_Premier_League,2025-2026,Burnley FC,4,6,9.7222
England_Premier_League,2025-2026,Burnley FC,4,7,9.0833
England_Premier_League,2025-2026,Burnley FC,5,0,6.8611
England_Premier_League,2025-2026,Burnley FC,5,1,7.3056
England_Premier_League,2025-2026,Burnley FC,5,2,8.5
England_Premier_League,2025-2026,Burnley FC,5,3,7.1389
England_Premier_League,2025-2026,Burnley FC,5,4,7.25
England_Premier_League,2025-2026,Burnley FC,5,5,8.9167
England_Premier_League,2025-2026,Burnley FC,5,6,7.4167
England_Premier_League,2025-2026,Burnley FC,5,7,7.1111
England_Premier_League,2025-2026,Burnley FC,6,0,8.3889
England_Premier_League,2025-2026,Burnley FC,6,1,9.3889
England_Premier_League,2025-2026,Burnley FC,6,2,8.3611
England_Premier_League,2025-2026,Burnley FC,6,3,7.4167
England_Premier_League,2025-2026,Burnley FC,6,4,6.8056
England_Premier_League,2025-2026,Burnley FC,6,5,8.6111
England_Premier_League,2025-2026,Burnley FC,6,6,8.6944
England_Premier_League,2025-2026,Burnley FC,6,7,8.1944
England_Premier_League,2025-2026,Burnley FC,7,0,11.75
England_Premier_League,2025-2026,Burnley FC,7,1,10.3056
England_Premier_League,2025-2026,Burnley FC,7,2,11.0556
England_Premier_League,2025-2026,Burnley FC,7,3,4.8333
England_Premier_League,2025-2026,Burnley FC,7,4,4.8889
England_Premier_League,2025-2026,Burnley FC,7,5,8.0278
England_Premier_League,2025-2026,Burnley FC,7,6,10.0
England_Premier_League,2025-2026,Burnley FC,7,7,10.1944
England_Premier_League,2025-2026,Burnley FC,8,0,9.5556
England_Premier_League,2025-2026,Burnley FC,8,1,9.0
England_Premier_League,2025-2026,Burnley FC,8,2,7.4722
England_Premier_League,2025-2026,Burnley FC,8,3,4.5278
England_Premier_League,2025-2026,Burnley FC,8,4,3.8333
England_Premier_League,2025-2026,Burnley FC,8,5,6.0833
England_Premier_League,2025-2026,Burnley FC,8,6,8.25
England_Premier_League,2025-2026,Burnley FC,8,7,8.9722
England_Premier_League,2025-2026,Burnley FC,9,0,6.8056
England_Premier_League,2025-2026,Burnley FC,9,1,4.3056
England_Premier_League,2025-2026,Burnley FC,9,2,3.3333
England_Premier_League,2025-2026,Burnley FC,9,3,2.4167
England_Premier_League,2025-2026,Burnley FC,9,4,1.9722
England_Premier_League,2025-2026,Burnley FC,9,5,3.6667
England_Premier_League,2025-2026,Burnley FC,9,6,4.1667
England_Premier_League,2025-2026,Burnley FC,9,7,5.3611
England_Premier_League,2025-2026,Burnley FC,10,0,4.4167
England_Premier_League,2025-2026,Burnley FC,10,1,3.1667
England_Premier_League,2025-2026,Burnley FC,10,2,3.1389
England_Premier_League,2025-2026,Burnley FC,10,3,2.8056
England_Premier_League,2025-2026,Burnley FC,10,4,2.6111
England_Premier_League,2025-2026,Burnley FC,10,5,3.1667
England_Premier_League,2025-2026,Burnley FC,10,6,2.6389
England_Premier_League,2025-2026,Burnley FC,10,7,4.1944
England_Premier_League,2025-2026,Burnley FC,11,0,3.5278
England_Premier_League,2025-2026,Burnley FC,11,1,1.6667
England_Premier_League,2025-2026,Burnley FC,11,2,1.6667
England_Premier_League,2025-2026,Burnley FC,11,3,1.7778
England_Premier_League,2025-2026,Burnley FC,11,4,1.4167
England_Premier_League,2025-2026,Burnley FC,11,5,1.5278
England_Premier_League,2025-2026,Burnley FC,11,6,1.5833
England_Premier_League,2025-2026,Burnley FC,11,7,3.0278
England_Premier_League,2025-2026,Crystal Palace FC,0,0,1.6111
England_Premier_League,2025-2026,Crystal Palace FC,0,1,1.6944
England_Premier_League,2025-2026,Crystal Palace FC,0,2,3.8056
England_Premier_League,2025-2026,Crystal Palace FC,0,3,13.5
England_Premier_League,2025-2026,Crystal Palace FC,0,4,14.1111
England_Premier_League,2025-2026,Crystal Palace FC,0,5,2.7778
England_Premier_League,2025-2026,Crystal Palace FC,0,6,1.7778
England_Premier_League,2025-2026,Crystal Palace FC,0,7,1.8333
England_Premier_League,2025-2026,Crystal Palace FC,1,0,3.7222
England_Premier_League,2025-2026,Crystal Palace FC,1,1,4.2222
England_Premier_League,2025-2026,Crystal Palace FC,1,2,6.9722
England_Premier_League,2025-2026,Crystal Palace FC,1,3,15.1389
England_Premier_League,2025-2026,Crystal Palace FC,1,4,12.5
England_Premier_League,2025-2026,Crystal Palace FC,1,5,6.6111
England_Premier_League,2025-2026,Crystal Palace FC,1,6,4.0833
England_Premier_League,2025-2026,Crystal Palace FC,1,7,5.1111
England_Premier_League,2025-2026,Crystal Palace FC,2,0,4.4444
England_Premier_League,2025-2026,Crystal Palace FC,2,1,5.6111
England_Premier_League,2025-2026,Crystal Palace FC,2,2,8.3611
England_Premier_League,2025-2026,Crystal Palace FC,2,3,7.3056
England_Premier_League,2025-2026,Crystal Palace FC,2,4,5.6111
England_Premier_League,2025-2026,Crystal Palace FC,2,5,7.8889
England_Premier_League,2025-2026,Crystal Palace FC,2,6,5.6944
England_Premier_League,2025-2026,Crystal Palace FC,2,7,6.0833
England_Premier_League,2025-2026,Crystal Palace FC,3,0,8.0833
England_Premier_League,2025-2026,Crystal Palace FC,3,1,9.1667
England_Premier_League,2025-2026,Crystal Palace FC,3,2,13.0833
England_Premier_League,2025-2026,Crystal Palace FC,3,3,11.3333
England_Premier_League,2025-2026,Crystal Palace FC,3,4,10.7778
England_Premier_League,2025-2026,Crystal Palace FC,3,5,12.1667
England_Premier_League,2025-2026,Crystal Palace FC,3,6,11.4444
England_Premier_League,2025-2026,Crystal Palace FC,3,7,11.3333
England_Premier_League,2025-2026,Crystal Palace FC,4,0,9.5833
England_Premier_League,2025-2026,Crystal Palace FC,4,1,9.3611
England_Premier_League,2025-2026,Crystal Palace FC,4,2,11.75
England_Premier_League,2025-2026,Crystal Palace FC,4,3,8.9167
England_Premier_League,2025-2026,Crystal Palace FC,4,4,8.7222
England_Premier_League,2025-2026,Crystal Palace FC,4,5,12.9444
England_Premier_League,2025-2026,Crystal Palace FC,4,6,10.3333
England_Premier_League,2025-2026,Crystal Palace FC,4,7,10.8889
England_Premier_League,2025-2026,Crystal Palace FC,5,0,6.6389
England_Premier_League,2025-2026,Crystal Palace FC,5,1,7.0278
England_Premier_League,2025-2026,Crystal Palace FC,5,2,9.0278
England_Premier_League,2025-2026,Crystal Palace FC,5,3,9.6667
England_Premier_League,2025-2026,Crystal Palace FC,5,4,9.3333
England_Premier_League,2025-2026,Crystal Palace FC,5,5,8.4722
England_Premier_League,2025-2026,Crystal Palace FC,5,6,6.8056
England_Premier_League,2025-2026,Crystal Palace FC,5,7,7.5278
England_Premier_League,2025-2026,Crystal Palace FC,6,0,7.3056
England_Premier_League,2025-2026,Crystal Palace FC,6,1,6.8056
England_Premier_League,2025-2026,Crystal Palace FC,6,2,9.1667
England_Premier_League,2025-2026,Crystal Palace FC,6,3,9.0
England_Premier_League,2025-2026,Crystal Palace FC,6,4,7.7778
England_Premier_League,2025-2026,Crystal Palace FC,6,5,9.3611
England_Premier_League,2025-2026,Crystal Palace FC,6,6,7.8056
England_Premier_League,2025-2026,Crystal Palace FC,6,7,8.5
England_Premier_League,2025-2026,Crystal Palace FC,7,0,9.5278
England_Premier_League,2025-2026,Crystal Palace FC,7,1,8.8333
England_Premier_League,2025-2026,Crystal Palace FC,7,2,8.3611
England_Premier_League,2025-2026,Crystal Palace FC,7,3,6.0833
England_Premier_League,2025-2026,Crystal Palace FC,7,4,5.6111
England_Premier_League,2025-2026,Crystal Palace FC,7,5,9.4722
England_Premier_League,2025-2026,Crystal Palace FC,7,6,8.9722
England_Premier_League,2025-2026,Crystal Palace FC,7,7,8.8333
England_Premier_League,2025-2026,Crystal Palace FC,8,0,8.2222
England_Premier_League,2025-2026,Crystal Palace FC,8,1,7.1111
England_Premier_League,2025-2026,Crystal Palace FC,8,2,8.2222
England_Premier_League,2025-2026,Crystal Palace FC,8,3,6.3056
England_Premier_League,2025-2026,Crystal Palace FC,8,4,6.6944
England_Premier_League,2025-2026,Crystal Palace FC,8,5,7.6111
England_Premier_League,2025-2026,Crystal Palace FC,8,6,7.25
England_Premier_League,2025-2026,Crystal Palace FC,8,7,7.3611
England_Premier_League,2025-2026,Crystal Palace FC,9,0,5.7778
England_Premier_League,2025-2026,Crystal Palace FC,9,1,3.4722
England_Premier_League,2025-2026,Crystal Palace FC,9,2,3.4167
England_Premier_League,2025-2026,Crystal Palace FC,9,3,3.5
England_Premier_League,2025-2026,Crystal Palace FC,9,4,2.7222
England_Premier_League,2025-2026,Crystal Palace FC,9,5,4.0556
England_Premier_League,2025-2026,Crystal Palace FC,9,6,3.8611
England_Premier_League,2025-2026,Crystal Palace FC,9,7,5.3056
England_Premier_League,2025-2026,Crystal Palace FC,10,0,4.2778
England_Premier_League,2025-2026,Crystal Palace FC,10,1,3.3056
England_Premier_League,2025-2026,Crystal Palace FC,10,2,4.9722
England_Premier_League,2025-2026,Crystal Palace FC,10,3,4.0
England_Premier_League,2025-2026,Crystal Palace FC,10,4,4.7778
England_Premier_League,2025-2026,Crystal Palace FC,10,5,3.4167
England_Premier_League,2025-2026,Crystal Palace FC,10,6,3.0
England_Premier_League,2025-2026,Crystal Palace FC,10,7,4.0
England_Premier_League,2025-2026,Crystal Palace FC,11,0,2.9444
England_Premier_League,2025-2026,Crystal Palace FC,11,1,1.5278
England_Premier_League,2025-2026,Crystal Palace FC,11,2,2.25
England_Premier_League,2025-2026,Crystal Palace FC,11,3,3.3611
England_Premier_League,2025-2026,Crystal Palace FC,11,4,3.4722
England_Premier_League,2025-2026,Crystal Palace FC,11,5,2.1667
England_Premier_League,2025-2026,Crystal Palace FC,11,6,1.6944
England_Premier_League,2025-2026,Crystal Palace FC,11,7,3.5556
England_Premier_League,2025-2026,Brentford FC,0,0,1.6667
England_Premier_League,2025-2026,Brentford FC,0,1,2.3611
England_Premier_League,2025-2026,Brentford FC,0,2,3.3611
England_Premier_League,2025-2026,Brentford FC,0,3,13.75
England_Premier_League,2025-2026,Brentford FC,0,4,15.9444
England_Premier_League,2025-2026,Brentford FC,0,5,4.4167
England_Premier_League,2025-2026,Brentford FC,0,6,1.8889
England_Premier_League,2025-2026,Brentford FC,0,7,2.1667
England_Premier_League,2025-2026,Brentford FC,1,0,3.8056
England_Premier_League,2025-2026,Brentford FC,1,1,4.4722
England_Premier_League,2025-2026,Brentford FC,1,2,6.6667
England_Premier_League,2025-2026,Brentford FC,1,3,14.1667
England_Premier_League,2025-2026,Brentford FC,1,4,14.6389
England_Premier_League,2025-2026,Brentford FC,1,5,7.0833
England_Premier_League,2025-2026,Brentford FC,1,6,4.8333
England_Premier_League,2025-2026,Brentford FC,1,7,4.3611
England_Premier_League,2025-2026,Brentford FC,2,0,4.4167
England_Premier_League,2025-2026,Brentford FC,2,1,5.6667
England_Premier_League,2025-2026,Brentford FC,2,2,7.3333
England_Premier_League,2025-2026,Brentford FC,2,3,6.5
England_Premier_League,2025-2026,Brentford FC,2,4,6.9722
England_Premier_League,2025-2026,Brentford FC,2,5,6.8889
England_Premier_League,2025-2026,Brentford FC,2,6,7.0278
England_Premier_League,2025-2026,Brentford FC,2,7,5.8333
England_Premier_League,2025-2026,Brentford FC,3,0,6.9722
England_Premier_League,2025-2026,Brentford FC,3,1,9.0278
England_Premier_League,2025-2026,Brentford FC,3,2,11.8611
England_Premier_League,2025-2026,Brentford FC,3,3,10.2778
England_Premier_League,2025-2026,Brentford FC,3,4,10.6944
England_Premier_League,2025-2026,Brentford FC,3,5,13.3056
England_Premier_League,2025-2026,Brentford FC,3,6,11.1111
England_Premier_League,2025-2026,Brentford FC,3,7,10.5556
England_Premier_League,2025-2026,Brentford FC,4,0,9.75
England_Premier_League,2025-2026,Brentford FC,4,1,10.0278
England_Premier_League,2025-2026,Brentford FC,4,2,12.0278
England_Premier_League,2025-2026,Brentford FC,4,3,7.5
England_Premier_League,2025-2026,Brentford FC,4,4,8.0556
England_Premier_League,2025-2026,Brentford FC,4,5,12.3333
England_Premier_League,2025-2026,Brentford FC,4,6,11.3333
England_Premier_League,2025-2026,Brentford FC,4,7,12.0
England_Premier_League,2025-2026,Brentford FC,5,0,8.9722
England_Premier_League,2025-2026,Brentford FC,5,1,8.2778
England_Premier_League,2025-2026,Brentford FC,5,2,9.1389
England_Premier_League,2025-2026,Brentford FC,5,3,7.8889
England_Premier_League,2025-2026,Brentford FC,5,4,8.0556
England_Premier_League,2025-2026,Brentford FC,5,5,8.0278
England_Premier_League,2025-2026,Brentford FC,5,6,7.1389
England_Premier_League,2025-2026,Brentford FC,5,7,7.4167
England_Premier_League,2025-2026,Brentford FC,6,0,9.3889
England_Premier_League,2025-2026,Brentford FC,6,1,7.4722
England_Premier_League,2025-2026,Brentford FC,6,2,7.7778
England_Premier_League,2025-2026,Brentford FC,6,3,6.2222
England_Premier_League,2025-2026,Brentford FC,6,4,5.5833
England_Premier_League,2025-2026,Brentford FC,6,5,8.1389
England_Premier_League,2025-2026,Brentford FC,6,6,7.8889
England_Premier_League,2025-2026,Brentford FC,6,7,9.9722
England_Premier_League,2025-2026,Brentford FC,7,0,10.9167
England_Premier_League,2025-2026,Brentford FC,7,1,9.9167
England_Premier_League,2025-2026,Brentford FC,7,2,8.0556
England_Premier_League,2025-2026,Brentford FC,7,3,4.6389
England_Premier_League,2025-2026,Brentford FC,7,4,5.4444
England_Premier_League,2025-2026,Brentford FC,7,5,8.5278
England_Premier_League,2025-2026,Brentford FC,7,6,9.1667
England_Premier_League,2025-2026,Brentford FC,7,7,12.1111
England_Premier_League,2025-2026,Brentford FC,8,0,10.3333
England_Premier_League,2025-2026,Brentford FC,8,1,7.3056
England_Premier_League,2025-2026,Brentford FC,8,2,5.9167
England_Premier_League,2025-2026,Brentford FC,8,3,4.3333
England_Premier_League,2025-2026,Brentford FC,8,4,3.6389
England_Premier_League,2025-2026,Brentford FC,8,5,5.9444
England_Premier_League,2025-2026,Brentford FC,8,6,8.1667
England_Premier_League,2025-2026,Brentford FC,8,7,8.5278
England_Premier_League,2025-2026,Brentford FC,9,0,6.1111
England_Premier_League,2025-2026,Brentford FC,9,1,4.1389
England_Premier_League,2025-2026,Brentford FC,9,2,3.25
England_Premier_League,2025-2026,Brentford FC,9,3,2.4167
England_Premier_League,2025-2026,Brentford FC,9,4,2.9444
England_Premier_League,2025-2026,Brentford FC,9,5,3.3889
England_Premier_League,2025-2026,Brentford FC,9,6,3.9167
England_Premier_League,2025-2026,Brentford FC,9,7,5.4444
England_Premier_League,2025-2026,Brentford FC,10,0,5.1667
England_Premier_League,2025-2026,Brentford FC,10,1,3.25
England_Premier_League,2025-2026,Brentford FC,10,2,2.8611
England_Premier_League,2025-2026,Brentford FC,10,3,4.4722
England_Premier_League,2025-2026,Brentford FC,10,4,5.0
England_Premier_League,2025-2026,Brentford FC,10,5,3.9722
England_Premier_League,2025-2026,Brentford FC,10,6,3.3611
England_Premier_League,2025-2026,Brentford FC,10,7,4.5278
England_Premier_League,2025-2026,Brentford FC,11,0,4.5833
England_Premier_League,2025-2026,Brentford FC,11,1,2.1111
England_Premier_League,2025-2026,Brentford FC,11,2,2.3333
England_Premier_League,2025-2026,Brentford FC,11,3,3.5278
England_Premier_League,2025-2026,Brentford FC,11,4,4.2222
England_Premier_League,2025-2026,Brentford FC,11,5,2.25
England_Premier_League,2025-2026,Brentford FC,11,6,1.6944
England_Premier_League,2025-2026,Brentford FC,11,7,3.7778
England_Premier_League,2025-2026,Wolverhampton Wanderers FC,0,0,1.9167
England_Premier_League,2025-2026,Wolverhampton Wanderers FC,0,1,1.4444
England_Premier_League,2025-2026,Wolverhampton Wanderers FC,0,2,4.1667
England_Premier_League,2025-2026,Wolverhampton Wanderers FC,0,3,13.6389
England_Premier_League,2025-2026,Wolverhampton Wanderers FC,0,4,15.0278
England_Premier_League,2025-2026,Wolverhampton Wanderers FC,0,5,3.8333
England_Premier_League,2025-2026,Wolverhampton Wanderers FC,0,6,2.6389
England_Premier_League,2025-2026,Wolverhampton Wanderers FC,0,7,2.2778
England_Premier_League,2025-2026,Wolverhampton Wanderers FC,1,0,3.5278
England_Premier_League,2025-2026,Wolverhampton Wanderers FC,1,1,4.9722
England_Premier_League,2025-2026,Wolverhampton Wanderers FC,1,2,8.6667
England_Premier_League,2025-2026,Wolverhampton Wanderers FC,1,3,13.6944
England_Premier_League,2025-2026,Wolverhampton Wanderers FC,1,4,12.7778
England_Premier_League,2025-2026,Wolverhampton Wanderers FC,1,5,7.0278
England_Premier_League,2025-2026,Wolverhampton Wanderers FC,1,6,4.8889
England_Premier_League,2025-2026,Wolverhampton Wanderers FC,1,7,4.6667
England_Premier_League,2025-2026,Wolverhampton Wanderers FC,2,0,5.0556
England_Premier_League,2025-2026,Wolverhampton Wanderers FC,2,1,5.0833
England_Premier_League,2025-2026,Wolverhampton Wanderers FC,2,2,7.3056
England_Premier_League,2025-2026,Wolverhampton Wanderers FC,2,3,7.1667
England_Premier_League,2025-2026,Wolverhampton Wanderers FC,2,4,5.1389
England_Premier_League,2025-2026,Wolverhampton Wanderers FC,2,5,6.7778
England_Premier_League,2025-2026,Wolverhampton Wanderers FC,2,6,5.4722
England_Premier_League,2025-2026,Wolverhampton Wanderers FC,2,7,6.25
England_Premier_League,2025-2026,Wolverhampton Wanderers FC,3,0,7.5833
England_Premier_League,2025-2026,Wolverhampton Wanderers FC,3,1,8.3889
England_Premier_League,2025-2026,Wolverhampton Wanderers FC,3,2,10.0278
England_Premier_League,2025-2026,Wolverhampton Wanderers FC,3,3,9.5278
England_Premier_League,2025-2026,Wolverhampton Wanderers FC,3,4,10.3056
England_Premier_League,2025-2026,Wolverhampton Wanderers FC,3,5,12.9444
England_Premier_League,2025-2026,Wolverhampton Wanderers FC,3,6,11.0833
England_Premier_League,2025-2026,Wolverhampton Wanderers FC,3,7,10.1944
England_Premier_League,2025-2026,Wolverhampton Wanderers FC,4,0,8.5278
England_Premier_League,2025-2026,Wolverhampton Wanderers FC,4,1,8.8333
England_Premier_League,2025-2026,Wolverhampton Wanderers FC,4,2,10.9167
England_Premier_League,2025-2026,Wolverhampton Wanderers FC,4,3,6.7778
England_Premier_League,2025-2026,Wolverhampton Wanderers FC,4,4,6.75
England_Premier_League,2025-2026,Wolverhampton Wanderers FC,4,5,10.4167
England_Premier_League,2025-2026,Wolverhampton Wanderers FC,4,6,10.9167
England_Premier_League,2025-2026,Wolverhampton Wanderers FC,4,7,10.8056
England_Premier_League,2025-2026,Wolverhampton Wanderers FC,5,0,7.6111
England_Premier_League,2025-2026,Wolverhampton Wanderers FC,5,1,5.8889
England_Premier_League,2025-2026,Wolverhampton Wanderers FC,5,2,7.5833
England_Premier_League,2025-2026,Wolverhampton Wanderers FC,5,3,6.9444
England_Premier_League,2025-2026,Wolverhampton Wanderers FC,5,4,7.0278
England_Premier_League,2025-2026,Wolverhampton Wanderers FC,5,5,8.9722
England_Premier_League,2025-2026,Wolverhampton Wanderers FC,5,6,7.3056
England_Premier_League,2025-2026,Wolverhampton Wanderers FC,5,7,8.4444
England_Premier_League,2025-2026,Wolverhampton Wanderers FC,6,0,8.1389
England_Premier_League,2025-2026,Wolverhampton Wanderers FC,6,1,7.1111
England_Premier_League,2025-2026,Wolverhampton Wanderers FC,6,2,8.1389
England_Premier_League,2025-2026,Wolverhampton Wanderers FC,6,3,6.0556
England_Premier_League,2025-2026,Wolverhampton Wanderers FC,6,4,6.7222
England_Premier_League,2025-2026,Wolverhampton Wanderers FC,6,5,8.5278
England_Premier_League,2025-2026,Wolverhampton Wanderers FC,6,6,7.6111
England_Premier_League,2025-2026,Wolverhampton Wanderers FC,6,7,7.8611
England_Premier_League,2025-2026,Wolverhampton Wanderers FC,7,0,11.3889
England_Premier_League,2025-2026,Wolverhampton Wanderers FC,7,1,9.1667
England_Premier_League,2025-2026,Wolverhampton Wanderers FC,7,2,9.6389
England_Premier_League,2025-2026,Wolverhampton Wanderers FC,7,3,4.0833
England_Premier_League,2025-2026,Wolverhampton Wanderers FC,7,4,4.8889
England_Premier_League,2025-2026,Wolverhampton Wanderers FC,7,5,10.4444
England_Premier_League,2025-2026,Wolverhampton Wanderers FC,7,6,10.6111
England_Premier_League,2025-2026,Wolverhampton Wanderers FC,7,7,12.8611
England_Premier_League,2025-2026,Wolverhampton Wanderers FC,8,0,8.9444
England_Premier_League,2025-2026,Wolverhampton Wanderers FC,8,1,7.6111
England_Premier_League,2025-2026,Wolverhampton Wanderers FC,8,2,6.3889
England_Premier_League,2025-2026,Wolverhampton Wanderers FC,8,3,4.0278
England_Premier_League,2025-2026,Wolverhampton Wanderers FC,8,4,4.7778
England_Premier_League,2025-2026,Wolverhampton Wanderers FC,8,5,6.4444
England_Premier_League,2025-2026,Wolverhampton Wanderers FC,8,6,8.1667
England_Premier_League,2025-2026,Wolverhampton Wanderers FC,8,7,8.8056
England_Premier_League,2025-2026,Wolverhampton Wanderers FC,9,0,6.0
England_Premier_League,2025-2026,Wolverhampton Wanderers FC,9,1,3.4722
England_Premier_League,2025-2026,Wolverhampton Wanderers FC,9,2,2.9722
England_Premier_League,2025-2026,Wolverhampton Wanderers FC,9,3,2.1389
England_Premier_League,2025-2026,Wolverhampton Wanderers FC,9,4,2.1389
England_Premier_League,2025-2026,Wolverhampton Wanderers FC,9,5,3.3333
England_Premier_League,2025-2026,Wolverhampton Wanderers FC,9,6,3.1667
England_Premier_League,2025-2026,Wolverhampton Wanderers FC,9,7,5.1111
England_Premier_League,2025-2026,Wolverhampton Wanderers FC,10,0,3.6389
England_Premier_League,2025-2026,Wolverhampton Wanderers FC,10,1,2.8333
England_Premier_League,2025-2026,Wolverhampton Wanderers FC,10,2,3.4722
England_Premier_League,2025-2026,Wolverhampton Wanderers FC,10,3,4.6111
England_Premier_League,2025-2026,Wolverhampton Wanderers FC,10,4,3.9167
England_Premier_League,2025-2026,Wolverhampton Wanderers FC,10,5,3.5
England_Premier_League,2025-2026,Wolverhampton Wanderers FC,10,6,2.9444
England_Premier_League,2025-2026,Wolverhampton Wanderers FC,10,7,4.4167
England_Premier_League,2025-2026,Wolverhampton Wanderers FC,11,0,3.1389
England_Premier_League,2025-2026,Wolverhampton Wanderers FC,11,1,1.6944
England_Premier_League,2025-2026,Wolverhampton Wanderers FC,11,2,1.4444
England_Premier_League,2025-2026,Wolverhampton Wanderers FC,11,3,1.8611
England_Premier_League,2025-2026,Wolverhampton Wanderers FC,11,4,2.2778
England_Premier_League,2025-2026,Wolverhampton Wanderers FC,11,5,2.1944
England_Premier_League,2025-2026,Wolverhampton Wanderers FC,11,6,1.7222
England_Premier_League,2025-2026,Wolverhampton Wanderers FC,11,7,3.0278
England_Premier_League,2025-2026,Fulham FC,0,0,1.9167
England_Premier_League,2025-2026,Fulham FC,0,1,2.3333
England_Premier_League,2025-2026,Fulham FC,0,2,4.3333
England_Premier_League,2025-2026,Fulham FC,0,3,13.5
England_Premier_League,2025-2026,Fulham FC,0,4,18.4722
England_Premier_League,2025-2026,Fulham FC,0,5,3.7222
England_Premier_League,2025-2026,Fulham FC,0,6,1.8611
England_Premier_League,2025-2026,Fulham FC,0,7,1.6944
England_Premier_League,2025-2026,Fulham FC,1,0,4.9167
England_Premier_League,2025-2026,Fulham FC,1,1,4.6389
England_Premier_League,2025-2026,Fulham FC,1,2,8.2222
England_Premier_League,2025-2026,Fulham FC,1,3,14.0278
England_Premier_League,2025-2026,Fulham FC,1,4,13.3611
England_Premier_League,2025-2026,Fulham FC,1,5,7.6389
England_Premier_League,2025-2026,Fulham FC,1,6,5.5833
England_Premier_League,2025-2026,Fulham FC,1,7,5.3333
England_Premier_League,2025-2026,Fulham FC,2,0,6.7778
England_Premier_League,2025-2026,Fulham FC,2,1,6.6667
England_Premier_League,2025-2026,Fulham FC,2,2,8.1944
England_Premier_League,2025-2026,Fulham FC,2,3,8.0833
England_Premier_League,2025-2026,Fulham FC,2,4,7.3889
England_Premier_League,2025-2026,Fulham FC,2,5,8.5278
England_Premier_League,2025-2026,Fulham FC,2,6,7.8611
England_Premier_League,2025-2026,Fulham FC,2,7,7.8333
England_Premier_League,2025-2026,Fulham FC,3,0,8.9444
England_Premier_League,2025-2026,Fulham FC,3,1,9.7222
England_Premier_League,2025-2026,Fulham FC,3,2,11.0278
England_Premier_League,2025-2026,Fulham FC,3,3,11.25
England_Premier_League,2025-2026,Fulham FC,3,4,10.7222
England_Premier_League,2025-2026,Fulham FC,3,5,13.7222
England_Premier_League,2025-2026,Fulham FC,3,6,11.1667
England_Premier_League,2025-2026,Fulham FC,3,7,11.25
England_Premier_League,2025-2026,Fulham FC,4,0,8.9167
England_Premier_League,2025-2026,Fulham FC,4,1,10.8611
England_Premier_League,2025-2026,Fulham FC,4,2,13.1111
England_Premier_League,2025-2026,Fulham FC,4,3,9.8056
England_Premier_League,2025-2026,Fulham FC,4,4,9.0833
England_Premier_League,2025-2026,Fulham FC,4,5,13.6944
England_Premier_League,2025-2026,Fulham FC,4,6,11.1389
England_Premier_League,2025-2026,Fulham FC,4,7,10.6389
England_Premier_League,2025-2026,Fulham FC,5,0,6.2222
England_Premier_League,2025-2026,Fulham FC,5,1,7.5833
England_Premier_League,2025-2026,Fulham FC,5,2,11.1944
England_Premier_League,2025-2026,Fulham FC,5,3,9.8056
England_Premier_League,2025-2026,Fulham FC,5,4,8.4722
England_Premier_League,2025-2026,Fulham FC,5,5,10.6389
England_Premier_League,2025-2026,Fulham FC,5,6,9.0
England_Premier_League,2025-2026,Fulham FC,5,7,9.2778
England_Premier_League,2025-2026,Fulham FC,6,0,7.6389
England_Premier_League,2025-2026,Fulham FC,6,1,8.4722
England_Premier_League,2025-2026,Fulham FC,6,2,9.25
England_Premier_League,2025-2026,Fulham FC,6,3,7.9444
England_Premier_League,2025-2026,Fulham FC,6,4,7.6111
England_Premier_League,2025-2026,Fulham FC,6,5,10.2778
England_Premier_League,2025-2026,Fulham FC,6,6,9.8333
England_Premier_League,2025-2026,Fulham FC,6,7,9.5556
England_Premier_League,2025-2026,Fulham FC,7,0,9.4167
England_Premier_League,2025-2026,Fulham FC,7,1,10.2778
England_Premier_League,2025-2026,Fulham FC,7,2,8.6667
England_Premier_League,2025-2026,Fulham FC,7,3,5.3889
England_Premier_League,2025-2026,Fulham FC,7,4,5.5556
England_Premier_League,2025-2026,Fulham FC,7,5,10.6389
England_Premier_League,2025-2026,Fulham FC,7,6,11.5
England_Premier_League,2025-2026,Fulham FC,7,7,12.5278
England_Premier_League,2025-2026,Fulham FC,8,0,8.0833
England_Premier_League,2025-2026,Fulham FC,8,1,7.6389
England_Premier_League,2025-2026,Fulham FC,8,2,6.4722
England_Premier_League,2025-2026,Fulham FC,8,3,4.9444
England_Premier_League,2025-2026,Fulham FC,8,4,5.3889
England_Premier_League,2025-2026,Fulham FC,8,5,7.6944
England_Premier_League,2025-2026,Fulham FC,8,6,9.2222
England_Premier_League,2025-2026,Fulham FC,8,7,10.5278
England_Premier_League,2025-2026,Fulham FC,9,0,6.0833
England_Premier_League,2025-2026,Fulham FC,9,1,4.0
England_Premier_League,2025-2026,Fulham FC,9,2,3.3611
England_Premier_League,2025-2026,Fulham FC,9,3,2.5
England_Premier_League,2025-2026,Fulham FC,9,4,2.6389
England_Premier_League,2025-2026,Fulham FC,9,5,4.4167
England_Premier_League,2025-2026,Fulham FC,9,6,5.5556
England_Premier_League,2025-2026,Fulham FC,9,7,8.0278
England_Premier_League,2025-2026,Fulham FC,10,0,4.3056
England_Premier_League,2025-2026,Fulham FC,10,1,2.9444
England_Premier_League,2025-2026,Fulham FC,10,2,2.5
England_Premier_League,2025-2026,Fulham FC,10,3,3.5278
England_Premier_League,2025-2026,Fulham FC,10,4,4.7778
England_Premier_League,2025-2026,Fulham FC,10,5,4.2222
England_Premier_League,2025-2026,Fulham FC,10,6,5.5833
England_Premier_League,2025-2026,Fulham FC,10,7,6.5278
England_Premier_League,2025-2026,Fulham FC,11,0,3.2778
England_Premier_League,2025-2026,Fulham FC,11,1,1.8056
England_Premier_League,2025-2026,Fulham FC,11,2,1.6111
England_Premier_League,2025-2026,Fulham FC,11,3,2.3333
England_Premier_League,2025-2026,Fulham FC,11,4,2.5278
England_Premier_League,2025-2026,Fulham FC,11,5,3.4167
England_Premier_League,2025-2026,Fulham FC,11,6,2.7222
England_Premier_League,2025-2026,Fulham FC,11,7,5.1389
England_Premier_League,2025-2026,Aston Villa FC,0,0,1.7027
England_Premier_League,2025-2026,Aston Villa FC,0,1,3.1081
England_Premier_League,2025-2026,Aston Villa FC,0,2,3.8649
England_Premier_League,2025-2026,Aston Villa FC,0,3,16.2432
England_Premier_League,2025-2026,Aston Villa FC,0,4,17.1622
England_Premier_League,2025-2026,Aston Villa FC,0,5,3.7027
England_Premier_League,2025-2026,Aston Villa FC,0,6,2.5405
England_Premier_League,2025-2026,Aston Villa FC,0,7,1.8919
England_Premier_League,2025-2026,Aston Villa FC,1,0,4.5676
England_Premier_League,2025-2026,Aston Villa FC,1,1,5.6486
England_Premier_League,2025-2026,Aston Villa FC,1,2,7.4054
England_Premier_League,2025-2026,Aston Villa FC,1,3,13.3514
England_Premier_League,2025-2026,Aston Villa FC,1,4,13.7838
England_Premier_League,2025-2026,Aston Villa FC,1,5,8.1351
England_Premier_League,2025-2026,Aston Villa FC,1,6,5.1351
England_Premier_League,2025-2026,Aston Villa FC,1,7,4.4865
England_Premier_League,2025-2026,Aston Villa FC,2,0,4.4054
England_Premier_League,2025-2026,Aston Villa FC,2,1,5.1081
England_Premier_League,2025-2026,Aston Villa FC,2,2,7.5135
England_Premier_League,2025-2026,Aston Villa FC,2,3,6.7297
England_Premier_League,2025-2026,Aston Villa FC,2,4,8.1892
England_Premier_League,2025-2026,Aston Villa FC,2,5,7.0541
England_Premier_League,2025-2026,Aston Villa FC,2,6,5.3514
England_Premier_League,2025-2026,Aston Villa FC,2,7,6.4595
England_Premier_League,2025-2026,Aston Villa FC,3,0,7.7568
England_Premier_League,2025-2026,Aston Villa FC,3,1,7.7838
England_Premier_League,2025-2026,Aston Villa FC,3,2,10.973
England_Premier_League,2025-2026,Aston Villa FC,3,3,9.8649
England_Premier_League,2025-2026,Aston Villa FC,3,4,8.8919
England_Premier_League,2025-2026,Aston Villa FC,3,5,12.2973
England_Premier_League,2025-2026,Aston Villa FC,3,6,9.2432
England_Premier_League,2025-2026,Aston Villa FC,3,7,9.4054
England_Premier_League,2025-2026,Aston Villa FC,4,0,8.1622
England_Premier_League,2025-2026,Aston Villa FC,4,1,8.2703
England_Premier_League,2025-2026,Aston Villa FC,4,2,12.5135
England_Premier_League,2025-2026,Aston Villa FC,4,3,8.5946
England_Premier_League,2025-2026,Aston Villa FC,4,4,8.4865
England_Premier_League,2025-2026,Aston Villa FC,4,5,11.3243
England_Premier_League,2025-2026,Aston Villa FC,4,6,9.6216
England_Premier_League,2025-2026,Aston Villa FC,4,7,9.2432
England_Premier_League,2025-2026,Aston Villa FC,5,0,5.6216
England_Premier_League,2025-2026,Aston Villa FC,5,1,5.8919
England_Premier_League,2025-2026,Aston Villa FC,5,2,10.1081
England_Premier_League,2025-2026,Aston Villa FC,5,3,10.0811
England_Premier_League,2025-2026,Aston Villa FC,5,4,9.8919
England_Premier_League,2025-2026,Aston Villa FC,5,5,9.3243
England_Premier_League,2025-2026,Aston Villa FC,5,6,7.0
England_Premier_League,2025-2026,Aston Villa FC,5,7,6.4595
England_Premier_League,2025-2026,Aston Villa FC,6,0,6.973
England_Premier_League,2025-2026,Aston Villa FC,6,1,7.1081
England_Premier_League,2025-2026,Aston Villa FC,6,2,9.7297
England_Premier_League,2025-2026,Aston Villa FC,6,3,9.5676
England_Premier_League,2025-2026,Aston Villa FC,6,4,8.5946
England_Premier_League,2025-2026,Aston Villa FC,6,5,10.0541
England_Premier_League,2025-2026,Aston Villa FC,6,6,6.8649
England_Premier_League,2025-2026,Aston Villa FC,6,7,5.973
England_Premier_League,2025-2026,Aston Villa FC,7,0,9.4595
England_Premier_League,2025-2026,Aston Villa FC,7,1,8.3784
England_Premier_League,2025-2026,Aston Villa FC,7,2,9.3514
England_Premier_League,2025-2026,Aston Villa FC,7,3,7.9189
England_Premier_League,2025-2026,Aston Villa FC,7,4,6.4595
England_Premier_League,2025-2026,Aston Villa FC,7,5,11.7297
England_Premier_League,2025-2026,Aston Villa FC,7,6,8.8919
England_Premier_League,2025-2026,Aston Villa FC,7,7,9.2432
England_Premier_League,2025-2026,Aston Villa FC,8,0,8.8919
England_Premier_League,2025-2026,Aston Villa FC,8,1,7.8108
England_Premier_League,2025-2026,Aston Villa FC,8,2,7.7838
England_Premier_League,2025-2026,Aston Villa FC,8,3,6.6757
England_Premier_League,2025-2026,Aston Villa FC,8,4,7.5946
England_Premier_League,2025-2026,Aston Villa FC,8,5,8.4595
England_Premier_League,2025-2026,Aston Villa FC,8,6,9.2703
England_Premier_League,2025-2026,Aston Villa FC,8,7,9.2432
England_Premier_League,2025-2026,Aston Villa FC,9,0,6.7568
England_Premier_League,2025-2026,Aston Villa FC,9,1,4.7297
England_Premier_League,2025-2026,Aston Villa FC,9,2,4.7297
England_Premier_League,2025-2026,Aston Villa FC,9,3,3.1622
England_Premier_League,2025-2026,Aston Villa FC,9,4,3.7297
England_Premier_League,2025-2026,Aston Villa FC,9,5,5.4865
England_Premier_League,2025-2026,Aston Villa FC,9,6,5.2973
England_Premier_League,2025-2026,Aston Villa FC,9,7,6.4324
England_Premier_League,2025-2026,Aston Villa FC,10,0,4.3784
England_Premier_League,2025-2026,Aston Villa FC,10,1,4.1081
England_Premier_League,2025-2026,Aston Villa FC,10,2,3.3243
England_Premier_League,2025-2026,Aston Villa FC,10,3,3.5676
England_Premier_League,2025-2026,Aston Villa FC,10,4,3.8919
England_Premier_League,2025-2026,Aston Villa FC,10,5,4.1892
England_Premier_League,2025-2026,Aston Villa FC,10,6,5.0541
England_Premier_League,2025-2026,Aston Villa FC,10,7,5.9459
England_Premier_League,2025-2026,Aston Villa FC,11,0,5.027
England_Premier_League,2025-2026,Aston Villa FC,11,1,2.5946
England_Premier_League,2025-2026,Aston Villa FC,11,2,2.5676
England_Premier_League,2025-2026,Aston Villa FC,11,3,2.7568
England_Premier_League,2025-2026,Aston Villa FC,11,4,2.5946
England_Premier_League,2025-2026,Aston Villa FC,11,5,2.5135
England_Premier_League,2025-2026,Aston Villa FC,11,6,3.027
England_Premier_League,2025-2026,Aston Villa FC,11,7,4.3514
England_Premier_League,2025-2026,Liverpool FC,0,0,1.4324
England_Premier_League,2025-2026,Liverpool FC,0,1,2.027
England_Premier_League,2025-2026,Liverpool FC,0,2,3.5676
England_Premier_League,2025-2026,Liverpool FC,0,3,11.7297
England_Premier_League,2025-2026,Liverpool FC,0,4,12.5676
England_Premier_League,2025-2026,Liverpool FC,0,5,2.5676
England_Premier_League,2025-2026,Liverpool FC,0,6,0.7838
England_Premier_League,2025-2026,Liverpool FC,0,7,0.8649
England_Premier_League,2025-2026,Liverpool FC,1,0,4.6486
England_Premier_League,2025-2026,Liverpool FC,1,1,4.8378
England_Premier_League,2025-2026,Liverpool FC,1,2,7.4324
England_Premier_League,2025-2026,Liverpool FC,1,3,13.4865
England_Premier_League,2025-2026,Liverpool FC,1,4,12.4595
England_Premier_League,2025-2026,Liverpool FC,1,5,5.6216
England_Premier_League,2025-2026,Liverpool FC,1,6,3.5676
England_Premier_League,2025-2026,Liverpool FC,1,7,3.3243
England_Premier_League,2025-2026,Liverpool FC,2,0,6.2973
England_Premier_League,2025-2026,Liverpool FC,2,1,5.4595
England_Premier_League,2025-2026,Liverpool FC,2,2,6.7568
England_Premier_League,2025-2026,Liverpool FC,2,3,7.3243
England_Premier_League,2025-2026,Liverpool FC,2,4,5.7568
England_Premier_League,2025-2026,Liverpool FC,2,5,6.5676
England_Premier_League,2025-2026,Liverpool FC,2,6,4.4054
England_Premier_League,2025-2026,Liverpool FC,2,7,4.0541
England_Premier_League,2025-2026,Liverpool FC,3,0,10.2432
England_Premier_League,2025-2026,Liverpool FC,3,1,10.7027
England_Premier_League,2025-2026,Liverpool FC,3,2,13.6216
England_Premier_League,2025-2026,Liverpool FC,3,3,10.7568
England_Premier_League,2025-2026,Liverpool FC,3,4,9.973
England_Premier_League,2025-2026,Liverpool FC,3,5,11.3514
England_Premier_League,2025-2026,Liverpool FC,3,6,8.3514
England_Premier_League,2025-2026,Liverpool FC,3,7,6.7838
England_Premier_League,2025-2026,Liverpool FC,4,0,10.6757
England_Premier_League,2025-2026,Liverpool FC,4,1,12.7027
England_Premier_League,2025-2026,Liverpool FC,4,2,15.973
England_Premier_League,2025-2026,Liverpool FC,4,3,9.5405
England_Premier_League,2025-2026,Liverpool FC,4,4,10.1351
England_Premier_League,2025-2026,Liverpool FC,4,5,14.3784
England_Premier_League,2025-2026,Liverpool FC,4,6,9.8108
England_Premier_League,2025-2026,Liverpool FC,4,7,7.8919
England_Premier_League,2025-2026,Liverpool FC,5,0,6.4595
England_Premier_League,2025-2026,Liverpool FC,5,1,8.2162
England_Premier_League,2025-2026,Liverpool FC,5,2,12.1892
England_Premier_League,2025-2026,Liverpool FC,5,3,9.1081
England_Premier_League,2025-2026,Liverpool FC,5,4,10.4595
England_Premier_League,2025-2026,Liverpool FC,5,5,11.973
England_Premier_League,2025-2026,Liverpool FC,5,6,8.4054
England_Premier_League,2025-2026,Liverpool FC,5,7,6.6757
England_Premier_League,2025-2026,Liverpool FC,6,0,8.2162
England_Premier_League,2025-2026,Liverpool FC,6,1,9.6216
England_Premier_League,2025-2026,Liverpool FC,6,2,12.7297
England_Premier_League,2025-2026,Liverpool FC,6,3,9.5135
England_Premier_League,2025-2026,Liverpool FC,6,4,10.0
England_Premier_League,2025-2026,Liverpool FC,6,5,13.1081
England_Premier_League,2025-2026,Liverpool FC,6,6,9.027
England_Premier_League,2025-2026,Liverpool FC,6,7,7.7838
England_Premier_League,2025-2026,Liverpool FC,7,0,12.0
England_Premier_League,2025-2026,Liverpool FC,7,1,12.8919
England_Premier_League,2025-2026,Liverpool FC,7,2,14.3784
England_Premier_League,2025-2026,Liverpool FC,7,3,7.5135
England_Premier_League,2025-2026,Liverpool FC,7,4,6.9189
England_Premier_League,2025-2026,Liverpool FC,7,5,16.4324
England_Premier_League,2025-2026,Liverpool FC,7,6,14.8378
England_Premier_League,2025-2026,Liverpool FC,7,7,12.3514
England_Premier_League,2025-2026,Liverpool FC,8,0,12.6216
England_Premier_League,2025-2026,Liverpool FC,8,1,13.0541
England_Premier_League,2025-2026,Liverpool FC,8,2,13.2432
England_Premier_League,2025-2026,Liverpool FC,8,3,8.5676
England_Premier_League,2025-2026,Liverpool FC,8,4,8.5135
England_Premier_League,2025-2026,Liverpool FC,8,5,14.0811
England_Premier_League,2025-2026,Liverpool FC,8,6,14.027
England_Premier_League,2025-2026,Liverpool FC,8,7,11.4054
England_Premier_League,2025-2026,Liverpool FC,9,0,8.8108
England_Premier_League,2025-2026,Liverpool FC,9,1,6.6216
England_Premier_League,2025-2026,Liverpool FC,9,2,6.6757
England_Premier_League,2025-2026,Liverpool FC,9,3,4.027
England_Premier_League,2025-2026,Liverpool FC,9,4,4.5405
England_Premier_League,2025-2026,Liverpool FC,9,5,8.2162
England_Premier_League,2025-2026,Liverpool FC,9,6,7.7027
England_Premier_League,2025-2026,Liverpool FC,9,7,8.7297
England_Premier_League,2025-2026,Liverpool FC,10,0,7.0
England_Premier_League,2025-2026,Liverpool FC,10,1,6.5676
England_Premier_League,2025-2026,Liverpool FC,10,2,6.0541
England_Premier_League,2025-2026,Liverpool FC,10,3,4.9189
England_Premier_League,2025-2026,Liverpool FC,10,4,4.7027
England_Premier_League,2025-2026,Liverpool FC,10,5,5.1892
England_Premier_League,2025-2026,Liverpool FC,10,6,5.2432
England_Premier_League,2025-2026,Liverpool FC,10,7,4.7297
England_Premier_League,2025-2026,Liverpool FC,11,0,5.1622
England_Premier_League,2025-2026,Liverpool FC,11,1,2.5946
England_Premier_League,2025-2026,Liverpool FC,11,2,3.2703
England_Premier_League,2025-2026,Liverpool FC,11,3,2.7568
England_Premier_League,2025-2026,Liverpool FC,11,4,2.4054
England_Premier_League,2025-2026,Liverpool FC,11,5,2.7838
England_Premier_League,2025-2026,Liverpool FC,11,6,2.7568
England_Premier_League,2025-2026,Liverpool FC,11,7,3.5135
England_Premier_League,2025-2026,AFC Bournemouth,0,0,1.7778
England_Premier_League,2025-2026,AFC Bournemouth,0,1,1.7778
England_Premier_League,2025-2026,AFC Bournemouth,0,2,2.5556
England_Premier_League,2025-2026,AFC Bournemouth,0,3,13.25
England_Premier_League,2025-2026,AFC Bournemouth,0,4,15.5556
England_Premier_League,2025-2026,AFC Bournemouth,0,5,3.3333
England_Premier_League,2025-2026,AFC Bournemouth,0,6,2.0
England_Premier_League,2025-2026,AFC Bournemouth,0,7,1.5833
England_Premier_League,2025-2026,AFC Bournemouth,1,0,3.9722
England_Premier_League,2025-2026,AFC Bournemouth,1,1,3.4722
England_Premier_League,2025-2026,AFC Bournemouth,1,2,6.2222
England_Premier_League,2025-2026,AFC Bournemouth,1,3,12.9722
England_Premier_League,2025-2026,AFC Bournemouth,1,4,12.7778
England_Premier_League,2025-2026,AFC Bournemouth,1,5,6.8611
England_Premier_League,2025-2026,AFC Bournemouth,1,6,5.6111
England_Premier_League,2025-2026,AFC Bournemouth,1,7,4.6944
England_Premier_League,2025-2026,AFC Bournemouth,2,0,5.6944
England_Premier_League,2025-2026,AFC Bournemouth,2,1,4.5278
England_Premier_League,2025-2026,AFC Bournemouth,2,2,6.6111
England_Premier_League,2025-2026,AFC Bournemouth,2,3,5.4722
England_Premier_League,2025-2026,AFC Bournemouth,2,4,5.4444
England_Premier_League,2025-2026,AFC Bournemouth,2,5,6.7222
England_Premier_League,2025-2026,AFC Bournemouth,2,6,6.0556
England_Premier_League,2025-2026,AFC Bournemouth,2,7,7.1111
England_Premier_League,2025-2026,AFC Bournemouth,3,0,8.6667
England_Premier_League,2025-2026,AFC Bournemouth,3,1,9.3889
England_Premier_League,2025-2026,AFC Bournemouth,3,2,10.6111
England_Premier_League,2025-2026,AFC Bournemouth,3,3,9.1111
England_Premier_League,2025-2026,AFC Bournemouth,3,4,9.8889
England_Premier_League,2025-2026,AFC Bournemouth,3,5,11.6944
England_Premier_League,2025-2026,AFC Bournemouth,3,6,10.3333
England_Premier_League,2025-2026,AFC Bournemouth,3,7,11.4167
England_Premier_League,2025-2026,AFC Bournemouth,4,0,9.9444
England_Premier_League,2025-2026,AFC Bournemouth,4,1,8.6944
England_Premier_League,2025-2026,AFC Bournemouth,4,2,10.8056
England_Premier_League,2025-2026,AFC Bournemouth,4,3,7.9444
England_Premier_League,2025-2026,AFC Bournemouth,4,4,7.8611
England_Premier_League,2025-2026,AFC Bournemouth,4,5,12.9722
England_Premier_League,2025-2026,AFC Bournemouth,4,6,10.4444
England_Premier_League,2025-2026,AFC Bournemouth,4,7,12.2778
England_Premier_League,2025-2026,AFC Bournemouth,5,0,8.75
England_Premier_League,2025-2026,AFC Bournemouth,5,1,6.1944
England_Premier_League,2025-2026,AFC Bournemouth,5,2,8.5278
England_Premier_League,2025-2026,AFC Bournemouth,5,3,7.6111
England_Premier_League,2025-2026,AFC Bournemouth,5,4,7.1111
England_Premier_League,2025-2026,AFC Bournemouth,5,5,9.5833
England_Premier_League,2025-2026,AFC Bournemouth,5,6,7.9722
England_Premier_League,2025-2026,AFC Bournemouth,5,7,9.1667
England_Premier_League,2025-2026,AFC Bournemouth,6,0,9.1944
England_Premier_League,2025-2026,AFC Bournemouth,6,1,5.9444
England_Premier_League,2025-2026,AFC Bournemouth,6,2,8.2778
England_Premier_League,2025-2026,AFC Bournemouth,6,3,6.9167
England_Premier_League,2025-2026,AFC Bournemouth,6,4,7.1389
England_Premier_League,2025-2026,AFC Bournemouth,6,5,10.3889
England_Premier_League,2025-2026,AFC Bournemouth,6,6,9.3889
England_Premier_League,2025-2026,AFC Bournemouth,6,7,11.6389
England_Premier_League,2025-2026,AFC Bournemouth,7,0,11.9444
England_Premier_League,2025-2026,AFC Bournemouth,7,1,9.25
England_Premier_League,2025-2026,AFC Bournemouth,7,2,8.9444
England_Premier_League,2025-2026,AFC Bournemouth,7,3,5.5556
England_Premier_League,2025-2026,AFC Bournemouth,7,4,4.9444
England_Premier_League,2025-2026,AFC Bournemouth,7,5,11.1944
England_Premier_League,2025-2026,AFC Bournemouth,7,6,11.5278
England_Premier_League,2025-2026,AFC Bournemouth,7,7,15.7778
England_Premier_League,2025-2026,AFC Bournemouth,8,0,10.0
England_Premier_League,2025-2026,AFC Bournemouth,8,1,8.4444
England_Premier_League,2025-2026,AFC Bournemouth,8,2,7.1667
England_Premier_League,2025-2026,AFC Bournemouth,8,3,6.5833
England_Premier_League,2025-2026,AFC Bournemouth,8,4,6.9167
England_Premier_League,2025-2026,AFC Bournemouth,8,5,8.9722
England_Premier_League,2025-2026,AFC Bournemouth,8,6,10.5556
England_Premier_League,2025-2026,AFC Bournemouth,8,7,13.1111
England_Premier_League,2025-2026,AFC Bournemouth,9,0,5.0833
England_Premier_League,2025-2026,AFC Bournemouth,9,1,4.5278
England_Premier_League,2025-2026,AFC Bournemouth,9,2,4.5
England_Premier_League,2025-2026,AFC Bournemouth,9,3,3.8056
England_Premier_League,2025-2026,AFC Bournemouth,9,4,3.8056
England_Premier_League,2025-2026,AFC Bournemouth,9,5,5.1111
England_Premier_League,2025-2026,AFC Bournemouth,9,6,6.0556
England_Premier_League,2025-2026,AFC Bournemouth,9,7,8.3333
England_Premier_League,2025-2026,AFC Bournemouth,10,0,4.1389
England_Premier_League,2025-2026,AFC Bournemouth,10,1,3.0556
England_Premier_League,2025-2026,AFC Bournemouth,10,2,3.4722
England_Premier_League,2025-2026,AFC Bournemouth,10,3,3.3611
England_Premier_League,2025-2026,AFC Bournemouth,10,4,5.1667
England_Premier_League,2025-2026,AFC Bournemouth,10,5,3.8611
England_Premier_League,2025-2026,AFC Bournemouth,10,6,4.3611
England_Premier_League,2025-2026,AFC Bournemouth,10,7,5.9444
England_Premier_League,2025-2026,AFC Bournemouth,11,0,4.1667
England_Premier_League,2025-2026,AFC Bournemouth,11,1,2.0278
England_Premier_League,2025-2026,AFC Bournemouth,11,2,2.4722
England_Premier_League,2025-2026,AFC Bournemouth,11,3,2.8333
England_Premier_League,2025-2026,AFC Bournemouth,11,4,2.6944
England_Premier_League,2025-2026,AFC Bournemouth,11,5,2.7778
England_Premier_League,2025-2026,AFC Bournemouth,11,6,2.25
England_Premier_League,2025-2026,AFC Bournemouth,11,7,4.8333
England_Premier_League,2025-2026,Manchester City FC,0,0,1.6667
England_Premier_League,2025-2026,Manchester City FC,0,1,1.4444
England_Premier_League,2025-2026,Manchester City FC,0,2,3.1667
England_Premier_League,2025-2026,Manchester City FC,0,3,11.8889
England_Premier_League,2025-2026,Manchester City FC,0,4,12.5
England_Premier_League,2025-2026,Manchester City FC,0,5,3.1389
England_Premier_League,2025-2026,Manchester City FC,0,6,1.7778
England_Premier_League,2025-2026,Manchester City FC,0,7,1.9444
England_Premier_League,2025-2026,Manchester City FC,1,0,4.1667
England_Premier_League,2025-2026,Manchester City FC,1,1,5.0
England_Premier_League,2025-2026,Manchester City FC,1,2,5.5556
England_Premier_League,2025-2026,Manchester City FC,1,3,13.0
England_Premier_League,2025-2026,Manchester City FC,1,4,11.6667
England_Premier_League,2025-2026,Manchester City FC,1,5,5.75
England_Premier_League,2025-2026,Manchester City FC,1,6,5.0556
England_Premier_League,2025-2026,Manchester City FC,1,7,4.8333
England_Premier_League,2025-2026,Manchester City FC,2,0,5.6667
England_Premier_League,2025-2026,Manchester City FC,2,1,5.1389
England_Premier_League,2025-2026,Manchester City FC,2,2,6.9444
England_Premier_League,2025-2026,Manchester City FC,2,3,6.0556
England_Premier_League,2025-2026,Manchester City FC,2,4,5.0278
England_Premier_League,2025-2026,Manchester City FC,2,5,6.1944
England_Premier_League,2025-2026,Manchester City FC,2,6,6.1389
England_Premier_League,2025-2026,Manchester City FC,2,7,5.8611
England_Premier_League,2025-2026,Manchester City FC,3,0,9.4722
England_Premier_League,2025-2026,Manchester City FC,3,1,9.2222
England_Premier_League,2025-2026,Manchester City FC,3,2,11.9167
England_Premier_League,2025-2026,Manchester City FC,3,3,11.0278
England_Premier_League,2025-2026,Manchester City FC,3,4,9.3333
England_Premier_League,2025-2026,Manchester City FC,3,5,12.6389
England_Premier_League,2025-2026,Manchester City FC,3,6,8.8611
England_Premier_League,2025-2026,Manchester City FC,3,7,8.6389
England_Premier_League,2025-2026,Manchester City FC,4,0,10.3889
England_Premier_League,2025-2026,Manchester City FC,4,1,10.25
England_Premier_League,2025-2026,Manchester City FC,4,2,14.3611
England_Premier_League,2025-2026,Manchester City FC,4,3,8.5833
England_Premier_League,2025-2026,Manchester City FC,4,4,8.6944
England_Premier_League,2025-2026,Manchester City FC,4,5,14.2778
England_Premier_League,2025-2026,Manchester City FC,4,6,11.1111
England_Premier_League,2025-2026,Manchester City FC,4,7,9.1667
England_Premier_League,2025-2026,Manchester City FC,5,0,8.3333
England_Premier_League,2025-2026,Manchester City FC,5,1,8.3333
England_Premier_League,2025-2026,Manchester City FC,5,2,12.2222
England_Premier_League,2025-2026,Manchester City FC,5,3,10.75
England_Premier_League,2025-2026,Manchester City FC,5,4,11.5
England_Premier_League,2025-2026,Manchester City FC,5,5,11.5556
England_Premier_League,2025-2026,Manchester City FC,5,6,9.8333
England_Premier_League,2025-2026,Manchester City FC,5,7,7.6667
England_Premier_League,2025-2026,Manchester City FC,6,0,9.8056
England_Premier_League,2025-2026,Manchester City FC,6,1,10.5833
England_Premier_League,2025-2026,Manchester City FC,6,2,14.3056
England_Premier_League,2025-2026,Manchester City FC,6,3,12.2222
England_Premier_League,2025-2026,Manchester City FC,6,4,11.9444
England_Premier_League,2025-2026,Manchester City FC,6,5,16.6389
England_Premier_League,2025-2026,Manchester City FC,6,6,11.8889
England_Premier_League,2025-2026,Manchester City FC,6,7,10.4167
England_Premier_League,2025-2026,Manchester City FC,7,0,14.5
England_Premier_League,2025-2026,Manchester City FC,7,1,15.4167
England_Premier_League,2025-2026,Manchester City FC,7,2,15.0833
England_Premier_League,2025-2026,Manchester City FC,7,3,10.8889
England_Premier_League,2025-2026,Manchester City FC,7,4,9.5
England_Premier_League,2025-2026,Manchester City FC,7,5,18.9444
England_Premier_League,2025-2026,Manchester City FC,7,6,15.8611
England_Premier_League,2025-2026,Manchester City FC,7,7,15.8889
England_Premier_League,2025-2026,Manchester City FC,8,0,15.2778
England_Premier_League,2025-2026,Manchester City FC,8,1,15.8889
England_Premier_League,2025-2026,Manchester City FC,8,2,13.8333
England_Premier_League,2025-2026,Manchester City FC,8,3,9.0278
England_Premier_League,2025-2026,Manchester City FC,8,4,10.3333
England_Premier_League,2025-2026,Manchester City FC,8,5,14.5833
England_Premier_League,2025-2026,Manchester City FC,8,6,14.6944
England_Premier_League,2025-2026,Manchester City FC,8,7,13.5833
England_Premier_League,2025-2026,Manchester City FC,9,0,10.5556
England_Premier_League,2025-2026,Manchester City FC,9,1,7.3056
England_Premier_League,2025-2026,Manchester City FC,9,2,6.4722
England_Premier_League,2025-2026,Manchester City FC,9,3,4.1667
England_Premier_League,2025-2026,Manchester City FC,9,4,3.6944
England_Premier_League,2025-2026,Manchester City FC,9,5,6.8889
England_Premier_League,2025-2026,Manchester City FC,9,6,5.9444
England_Premier_League,2025-2026,Manchester City FC,9,7,9.2778
England_Premier_League,2025-2026,Manchester City FC,10,0,7.3333
England_Premier_League,2025-2026,Manchester City FC,10,1,6.1667
England_Premier_League,2025-2026,Manchester City FC,10,2,5.8611
England_Premier_League,2025-2026,Manchester City FC,10,3,5.8333
England_Premier_League,2025-2026,Manchester City FC,10,4,5.9444
England_Premier_League,2025-2026,Manchester City FC,10,5,4.3333
England_Premier_League,2025-2026,Manchester City FC,10,6,6.3889
England_Premier_League,2025-2026,Manchester City FC,10,7,5.5556
England_Premier_League,2025-2026,Manchester City FC,11,0,3.9722
England_Premier_League,2025-2026,Manchester City FC,11,1,2.8056
England_Premier_League,2025-2026,Manchester City FC,11,2,3.0
England_Premier_League,2025-2026,Manchester City FC,11,3,2.2778
England_Premier_League,2025-2026,Manchester City FC,11,4,3.6667
England_Premier_League,2025-2026,Manchester City FC,11,5,4.1389
England_Premier_League,2025-2026,Manchester City FC,11,6,3.1111
England_Premier_League,2025-2026,Manchester City FC,11,7,4.6389
England_Premier_League,2025-2026,Manchester United FC,0,0,1.0278
England_Premier_League,2025-2026,Manchester United FC,0,1,1.6944
England_Premier_League,2025-2026,Manchester United FC,0,2,3.6111
England_Premier_League,2025-2026,Manchester United FC,0,3,13.4167
England_Premier_League,2025-2026,Manchester United FC,0,4,16.5
England_Premier_League,2025-2026,Manchester United FC,0,5,2.6667
England_Premier_League,2025-2026,Manchester United FC,0,6,1.8333
England_Premier_League,2025-2026,Manchester United FC,0,7,1.4444
England_Premier_League,2025-2026,Manchester United FC,1,0,3.3611
England_Premier_League,2025-2026,Manchester United FC,1,1,4.5556
England_Premier_League,2025-2026,Manchester United FC,1,2,7.0556
England_Premier_League,2025-2026,Manchester United FC,1,3,13.1111
England_Premier_League,2025-2026,Manchester United FC,1,4,10.1111
England_Premier_League,2025-2026,Manchester United FC,1,5,6.6944
England_Premier_League,2025-2026,Manchester United FC,1,6,5.2222
England_Premier_League,2025-2026,Manchester United FC,1,7,4.5556
England_Premier_League,2025-2026,Manchester United FC,2,0,4.6389
England_Premier_League,2025-2026,Manchester United FC,2,1,5.0556
England_Premier_League,2025-2026,Manchester United FC,2,2,6.5278
England_Premier_League,2025-2026,Manchester United FC,2,3,5.0556
England_Premier_League,2025-2026,Manchester United FC,2,4,5.2778
England_Premier_League,2025-2026,Manchester United FC,2,5,6.8611
England_Premier_League,2025-2026,Manchester United FC,2,6,5.9167
England_Premier_League,2025-2026,Manchester United FC,2,7,4.5833
England_Premier_League,2025-2026,Manchester United FC,3,0,7.75
England_Premier_League,2025-2026,Manchester United FC,3,1,10.0833
England_Premier_League,2025-2026,Manchester United FC,3,2,11.3056
England_Premier_League,2025-2026,Manchester United FC,3,3,9.4722
England_Premier_League,2025-2026,Manchester United FC,3,4,8.5
England_Premier_League,2025-2026,Manchester United FC,3,5,10.9444
England_Premier_League,2025-2026,Manchester United FC,3,6,11.2222
England_Premier_League,2025-2026,Manchester United FC,3,7,9.7222
England_Premier_League,2025-2026,Manchester United FC,4,0,9.5833
England_Premier_League,2025-2026,Manchester United FC,4,1,11.9167
England_Premier_League,2025-2026,Manchester United FC,4,2,13.5556
England_Premier_League,2025-2026,Manchester United FC,4,3,9.5833
England_Premier_League,2025-2026,Manchester United FC,4,4,9.8611
England_Premier_League,2025-2026,Manchester United FC,4,5,14.0833
England_Premier_League,2025-2026,Manchester United FC,4,6,12.8333
England_Premier_League,2025-2026,Manchester United FC,4,7,11.3333
England_Premier_League,2025-2026,Manchester United FC,5,0,7.8056
England_Premier_League,2025-2026,Manchester United FC,5,1,8.9167
England_Premier_League,2025-2026,Manchester United FC,5,2,10.1667
England_Premier_League,2025-2026,Manchester United FC,5,3,9.6111
England_Premier_League,2025-2026,Manchester United FC,5,4,10.6111
England_Premier_League,2025-2026,Manchester United FC,5,5,10.8333
England_Premier_League,2025-2026,Manchester United FC,5,6,9.5278
England_Premier_League,2025-2026,Manchester United FC,5,7,8.9722
England_Premier_League,2025-2026,Manchester United FC,6,0,8.2778
England_Premier_League,2025-2026,Manchester United FC,6,1,8.6111
England_Premier_League,2025-2026,Manchester United FC,6,2,10.0556
England_Premier_League,2025-2026,Manchester United FC,6,3,7.6944
England_Premier_League,2025-2026,Manchester United FC,6,4,9.5278
England_Premier_League,2025-2026,Manchester United FC,6,5,10.75
England_Premier_League,2025-2026,Manchester United FC,6,6,9.5833
England_Premier_League,2025-2026,Manchester United FC,6,7,10.0556
England_Premier_League,2025-2026,Manchester United FC,7,0,11.3611
England_Premier_League,2025-2026,Manchester United FC,7,1,11.6667
England_Premier_League,2025-2026,Manchester United FC,7,2,11.2222
England_Premier_League,2025-2026,Manchester United FC,7,3,6.4444
England_Premier_League,2025-2026,Manchester United FC,7,4,6.25
England_Premier_League,2025-2026,Manchester United FC,7,5,12.4167
England_Premier_League,2025-2026,Manchester United FC,7,6,12.8333
England_Premier_League,2025-2026,Manchester United FC,7,7,12.6111
England_Premier_League,2025-2026,Manchester United FC,8,0,9.8889
England_Premier_League,2025-2026,Manchester United FC,8,1,10.9722
England_Premier_League,2025-2026,Manchester United FC,8,2,10.7222
England_Premier_League,2025-2026,Manchester United FC,8,3,7.5556
England_Premier_League,2025-2026,Manchester United FC,8,4,7.0
England_Premier_League,2025-2026,Manchester United FC,8,5,10.5833
England_Premier_League,2025-2026,Manchester United FC,8,6,11.2778
England_Premier_League,2025-2026,Manchester United FC,8,7,10.5556
England_Premier_League,2025-2026,Manchester United FC,9,0,6.7222
England_Premier_League,2025-2026,Manchester United FC,9,1,5.0556
England_Premier_League,2025-2026,Manchester United FC,9,2,5.75
England_Premier_League,2025-2026,Manchester United FC,9,3,3.8333
England_Premier_League,2025-2026,Manchester United FC,9,4,3.5278
England_Premier_League,2025-2026,Manchester United FC,9,5,4.9444
England_Premier_League,2025-2026,Manchester United FC,9,6,5.2778
England_Premier_League,2025-2026,Manchester United FC,9,7,5.6944
England_Premier_League,2025-2026,Manchester United FC,10,0,4.1389
England_Premier_League,2025-2026,Manchester United FC,10,1,4.5556
England_Premier_League,2025-2026,Manchester United FC,10,2,4.6944
England_Premier_League,2025-2026,Manchester United FC,10,3,4.0556
England_Premier_League,2025-2026,Manchester United FC,10,4,4.3056
England_Premier_League,2025-2026,Manchester United FC,10,5,4.0278
England_Premier_League,2025-2026,Manchester United FC,10,6,4.5278
England_Premier_League,2025-2026,Manchester United FC,10,7,5.2222
England_Premier_League,2025-2026,Manchester United FC,11,0,3.1111
England_Premier_League,2025-2026,Manchester United FC,11,1,1.3056
England_Premier_League,2025-2026,Manchester United FC,11,2,1.9444
England_Premier_League,2025-2026,Manchester United FC,11,3,3.0556
England_Premier_League,2025-2026,Manchester United FC,11,4,3.2222
England_Premier_League,2025-2026,Manchester United FC,11,5,1.8056
England_Premier_League,2025-2026,Manchester United FC,11,6,1.8889
England_Premier_League,2025-2026,Manchester United FC,11,7,3.6111
England_Premier_League,2025-2026,Nottingham Forest FC,0,0,1.6944
England_Premier_League,2025-2026,Nottingham Forest FC,0,1,2.5278
England_Premier_League,2025-2026,Nottingham Forest FC,0,2,3.1389
England_Premier_League,2025-2026,Nottingham Forest FC,0,3,13.1111
England_Premier_League,2025-2026,Nottingham Forest FC,0,4,13.0278
England_Premier_League,2025-2026,Nottingham Forest FC,0,5,2.8611
England_Premier_League,2025-2026,Nottingham Forest FC,0,6,2.3333
England_Premier_League,2025-2026,Nottingham Forest FC,0,7,2.1111
England_Premier_League,2025-2026,Nottingham Forest FC,1,0,4.5
England_Premier_League,2025-2026,Nottingham Forest FC,1,1,4.2778
England_Premier_League,2025-2026,Nottingham Forest FC,1,2,6.4444
England_Premier_League,2025-2026,Nottingham Forest FC,1,3,13.0278
England_Premier_League,2025-2026,Nottingham Forest FC,1,4,10.6667
England_Premier_League,2025-2026,Nottingham Forest FC,1,5,6.7778
England_Premier_League,2025-2026,Nottingham Forest FC,1,6,4.9444
England_Premier_League,2025-2026,Nottingham Forest FC,1,7,5.0833
England_Premier_League,2025-2026,Nottingham Forest FC,2,0,6.3056
England_Premier_League,2025-2026,Nottingham Forest FC,2,1,5.5278
England_Premier_League,2025-2026,Nottingham Forest FC,2,2,6.5278
England_Premier_League,2025-2026,Nottingham Forest FC,2,3,6.0
England_Premier_League,2025-2026,Nottingham Forest FC,2,4,5.8611
England_Premier_League,2025-2026,Nottingham Forest FC,2,5,6.4722
England_Premier_League,2025-2026,Nottingham Forest FC,2,6,6.5833
England_Premier_League,2025-2026,Nottingham Forest FC,2,7,6.0556
England_Premier_League,2025-2026,Nottingham Forest FC,3,0,9.3056
England_Premier_League,2025-2026,Nottingham Forest FC,3,1,9.2222
England_Premier_League,2025-2026,Nottingham Forest FC,3,2,10.2778
England_Premier_League,2025-2026,Nottingham Forest FC,3,3,10.2778
England_Premier_League,2025-2026,Nottingham Forest FC,3,4,9.6389
England_Premier_League,2025-2026,Nottingham Forest FC,3,5,10.9167
England_Premier_League,2025-2026,Nottingham Forest FC,3,6,10.9167
England_Premier_League,2025-2026,Nottingham Forest FC,3,7,10.6111
England_Premier_League,2025-2026,Nottingham Forest FC,4,0,9.3056
England_Premier_League,2025-2026,Nottingham Forest FC,4,1,8.8333
England_Premier_League,2025-2026,Nottingham Forest FC,4,2,11.7222
England_Premier_League,2025-2026,Nottingham Forest FC,4,3,6.6667
England_Premier_League,2025-2026,Nottingham Forest FC,4,4,7.9167
England_Premier_League,2025-2026,Nottingham Forest FC,4,5,11.6111
England_Premier_League,2025-2026,Nottingham Forest FC,4,6,11.8333
England_Premier_League,2025-2026,Nottingham Forest FC,4,7,10.25
England_Premier_League,2025-2026,Nottingham Forest FC,5,0,6.8889
England_Premier_League,2025-2026,Nottingham Forest FC,5,1,6.4444
England_Premier_League,2025-2026,Nottingham Forest FC,5,2,8.0
England_Premier_League,2025-2026,Nottingham Forest FC,5,3,6.9167
England_Premier_League,2025-2026,Nottingham Forest FC,5,4,7.25
England_Premier_League,2025-2026,Nottingham Forest FC,5,5,9.1667
England_Premier_League,2025-2026,Nottingham Forest FC,5,6,7.2778
England_Premier_League,2025-2026,Nottingham Forest FC,5,7,8.2778
England_Premier_League,2025-2026,Nottingham Forest FC,6,0,8.2222
England_Premier_League,2025-2026,Nottingham Forest FC,6,1,7.0833
England_Premier_League,2025-2026,Nottingham Forest FC,6,2,7.4722
England_Premier_League,2025-2026,Nottingham Forest FC,6,3,7.3611
England_Premier_League,2025-2026,Nottingham Forest FC,6,4,6.2222
England_Premier_League,2025-2026,Nottingham Forest FC,6,5,8.8889
England_Premier_League,2025-2026,Nottingham Forest FC,6,6,8.0556
England_Premier_League,2025-2026,Nottingham Forest FC,6,7,9.75
England_Premier_League,2025-2026,Nottingham Forest FC,7,0,9.8056
England_Premier_League,2025-2026,Nottingham Forest FC,7,1,9.2778
England_Premier_League,2025-2026,Nottingham Forest FC,7,2,7.8889
England_Premier_League,2025-2026,Nottingham Forest FC,7,3,4.9167
England_Premier_League,2025-2026,Nottingham Forest FC,7,4,5.2222
England_Premier_League,2025-2026,Nottingham Forest FC,7,5,9.6111
England_Premier_League,2025-2026,Nottingham Forest FC,7,6,12.0
England_Premier_League,2025-2026,Nottingham Forest FC,7,7,12.4722
England_Premier_League,2025-2026,Nottingham Forest FC,8,0,11.0
England_Premier_League,2025-2026,Nottingham Forest FC,8,1,10.8333
England_Premier_League,2025-2026,Nottingham Forest FC,8,2,7.0556
England_Premier_League,2025-2026,Nottingham Forest FC,8,3,5.0
England_Premier_League,2025-2026,Nottingham Forest FC,8,4,5.0556
England_Premier_League,2025-2026,Nottingham Forest FC,8,5,7.3333
England_Premier_League,2025-2026,Nottingham Forest FC,8,6,10.1944
England_Premier_League,2025-2026,Nottingham Forest FC,8,7,10.4722
England_Premier_League,2025-2026,Nottingham Forest FC,9,0,7.5556
England_Premier_League,2025-2026,Nottingham Forest FC,9,1,5.4722
England_Premier_League,2025-2026,Nottingham Forest FC,9,2,3.6111
England_Premier_League,2025-2026,Nottingham Forest FC,9,3,2.75
England_Premier_League,2025-2026,Nottingham Forest FC,9,4,3.0833
England_Premier_League,2025-2026,Nottingham Forest FC,9,5,4.7222
England_Premier_League,2025-2026,Nottingham Forest FC,9,6,5.8889
England_Premier_League,2025-2026,Nottingham Forest FC,9,7,8.1111
England_Premier_League,2025-2026,Nottingham Forest FC,10,0,5.9167
England_Premier_League,2025-2026,Nottingham Forest FC,10,1,3.7778
England_Premier_League,2025-2026,Nottingham Forest FC,10,2,3.2222
England_Premier_League,2025-2026,Nottingham Forest FC,10,3,3.5556
England_Premier_League,2025-2026,Nottingham Forest FC,10,4,3.8056
England_Premier_League,2025-2026,Nottingham Forest FC,10,5,3.6389
England_Premier_League,2025-2026,Nottingham Forest FC,10,6,4.9444
England_Premier_League,2025-2026,Nottingham Forest FC,10,7,6.8889
England_Premier_League,2025-2026,Nottingham Forest FC,11,0,4.6667
England_Premier_League,2025-2026,Nottingham Forest FC,11,1,2.4444
England_Premier_League,2025-2026,Nottingham Forest FC,11,2,2.0556
England_Premier_League,2025-2026,Nottingham Forest FC,11,3,1.9722
England_Premier_League,2025-2026,Nottingham Forest FC,11,4,2.4722
England_Premier_League,2025-2026,Nottingham Forest FC,11,5,1.8889
England_Premier_League,2025-2026,Nottingham Forest FC,11,6,2.8889
England_Premier_League,2025-2026,Nottingham Forest FC,11,7,5.0556
England_Premier_League,2025-2026,Chelsea FC,0,0,0.8889
England_Premier_League,2025-2026,Chelsea FC,0,1,1.0
England_Premier_League,2025-2026,Chelsea FC,0,2,2.9167
England_Premier_League,2025-2026,Chelsea FC,0,3,12.1111
England_Premier_League,2025-2026,Chelsea FC,0,4,13.6944
England_Premier_League,2025-2026,Chelsea FC,0,5,3.2222
England_Premier_League,2025-2026,Chelsea FC,0,6,1.3611
England_Premier_League,2025-2026,Chelsea FC,0,7,1.0833
England_Premier_League,2025-2026,Chelsea FC,1,0,3.5556
England_Premier_League,2025-2026,Chelsea FC,1,1,4.9444
England_Premier_League,2025-2026,Chelsea FC,1,2,7.6389
England_Premier_League,2025-2026,Chelsea FC,1,3,14.8889
England_Premier_League,2025-2026,Chelsea FC,1,4,12.6111
England_Premier_League,2025-2026,Chelsea FC,1,5,7.1667
England_Premier_League,2025-2026,Chelsea FC,1,6,4.0
England_Premier_League,2025-2026,Chelsea FC,1,7,2.8611
England_Premier_League,2025-2026,Chelsea FC,2,0,4.8333
England_Premier_League,2025-2026,Chelsea FC,2,1,6.2778
England_Premier_League,2025-2026,Chelsea FC,2,2,9.0278
England_Premier_League,2025-2026,Chelsea FC,2,3,9.7778
England_Premier_League,2025-2026,Chelsea FC,2,4,8.5278
England_Premier_League,2025-2026,Chelsea FC,2,5,8.3056
England_Premier_League,2025-2026,Chelsea FC,2,6,5.8889
England_Premier_League,2025-2026,Chelsea FC,2,7,4.4722
England_Premier_League,2025-2026,Chelsea FC,3,0,8.9444
England_Premier_League,2025-2026,Chelsea FC,3,1,10.3611
England_Premier_League,2025-2026,Chelsea FC,3,2,14.6944
England_Premier_League,2025-2026,Chelsea FC,3,3,15.9722
England_Premier_League,2025-2026,Chelsea FC,3,4,14.5
England_Premier_League,2025-2026,Chelsea FC,3,5,14.9444
England_Premier_League,2025-2026,Chelsea FC,3,6,10.4444
England_Premier_League,2025-2026,Chelsea FC,3,7,8.2222
England_Premier_League,2025-2026,Chelsea FC,4,0,10.8333
England_Premier_League,2025-2026,Chelsea FC,4,1,11.25
England_Premier_League,2025-2026,Chelsea FC,4,2,16.5556
England_Premier_League,2025-2026,Chelsea FC,4,3,11.9167
England_Premier_League,2025-2026,Chelsea FC,4,4,12.5556
England_Premier_League,2025-2026,Chelsea FC,4,5,17.0556
England_Premier_League,2025-2026,Chelsea FC,4,6,11.4444
England_Premier_League,2025-2026,Chelsea FC,4,7,9.4722
England_Premier_League,2025-2026,Chelsea FC,5,0,7.0278
England_Premier_League,2025-2026,Chelsea FC,5,1,7.9167
England_Premier_League,2025-2026,Chelsea FC,5,2,13.6389
England_Premier_League,2025-2026,Chelsea FC,5,3,12.4444
England_Premier_League,2025-2026,Chelsea FC,5,4,14.6667
England_Premier_League,2025-2026,Chelsea FC,5,5,13.0833
England_Premier_League,2025-2026,Chelsea FC,5,6,7.25
England_Premier_League,2025-2026,Chelsea FC,5,7,6.5556
England_Premier_League,2025-2026,Chelsea FC,6,0,9.4167
England_Premier_League,2025-2026,Chelsea FC,6,1,10.1111
England_Premier_League,2025-2026,Chelsea FC,6,2,11.2222
England_Premier_League,2025-2026,Chelsea FC,6,3,11.4444
England_Premier_League,2025-2026,Chelsea FC,6,4,11.8889
England_Premier_League,2025-2026,Chelsea FC,6,5,13.1389
England_Premier_League,2025-2026,Chelsea FC,6,6,8.1667
England_Premier_League,2025-2026,Chelsea FC,6,7,7.6944
England_Premier_League,2025-2026,Chelsea FC,7,0,11.3611
England_Premier_League,2025-2026,Chelsea FC,7,1,11.5278
England_Premier_League,2025-2026,Chelsea FC,7,2,13.8611
England_Premier_League,2025-2026,Chelsea FC,7,3,6.7778
England_Premier_League,2025-2026,Chelsea FC,7,4,8.1389
England_Premier_League,2025-2026,Chelsea FC,7,5,12.8889
England_Premier_League,2025-2026,Chelsea FC,7,6,12.3056
England_Premier_League,2025-2026,Chelsea FC,7,7,9.9722
England_Premier_League,2025-2026,Chelsea FC,8,0,8.8889
England_Premier_League,2025-2026,Chelsea FC,8,1,10.4444
England_Premier_League,2025-2026,Chelsea FC,8,2,11.1111
England_Premier_League,2025-2026,Chelsea FC,8,3,8.6389
England_Premier_League,2025-2026,Chelsea FC,8,4,9.2778
England_Premier_League,2025-2026,Chelsea FC,8,5,10.4722
England_Premier_League,2025-2026,Chelsea FC,8,6,10.2222
England_Premier_League,2025-2026,Chelsea FC,8,7,9.1667
England_Premier_League,2025-2026,Chelsea FC,9,0,7.1111
England_Premier_League,2025-2026,Chelsea FC,9,1,6.1111
England_Premier_League,2025-2026,Chelsea FC,9,2,4.3056
England_Premier_League,2025-2026,Chelsea FC,9,3,3.1667
England_Premier_League,2025-2026,Chelsea FC,9,4,4.0278
England_Premier_League,2025-2026,Chelsea FC,9,5,6.6111
England_Premier_League,2025-2026,Chelsea FC,9,6,6.0278
England_Premier_League,2025-2026,Chelsea FC,9,7,7.1389
England_Premier_League,2025-2026,Chelsea FC,10,0,5.75
England_Premier_League,2025-2026,Chelsea FC,10,1,4.4167
England_Premier_League,2025-2026,Chelsea FC,10,2,2.9722
England_Premier_League,2025-2026,Chelsea FC,10,3,3.5833
England_Premier_League,2025-2026,Chelsea FC,10,4,4.2222
England_Premier_League,2025-2026,Chelsea FC,10,5,4.0833
England_Premier_League,2025-2026,Chelsea FC,10,6,5.1667
England_Premier_League,2025-2026,Chelsea FC,10,7,5.3333
England_Premier_League,2025-2026,Chelsea FC,11,0,4.2222
England_Premier_League,2025-2026,Chelsea FC,11,1,2.1944
England_Premier_League,2025-2026,Chelsea FC,11,2,2.1389
England_Premier_League,2025-2026,Chelsea FC,11,3,2.8611
England_Premier_League,2025-2026,Chelsea FC,11,4,3.8889
England_Premier_League,2025-2026,Chelsea FC,11,5,2.4444
England_Premier_League,2025-2026,Chelsea FC,11,6,2.9167
England_Premier_League,2025-2026,Chelsea FC,11,7,5.4444
England_Premier_League,2025-2026,Tottenham Hotspur FC,0,0,1.9444
England_Premier_League,2025-2026,Tottenham Hotspur FC,0,1,2.6944
England_Premier_League,2025-2026,Tottenham Hotspur FC,0,2,3.2778
England_Premier_League,2025-2026,Tottenham Hotspur FC,0,3,13.5278
England_Premier_League,2025-2026,Tottenham Hotspur FC,0,4,16.3889
England_Premier_League,2025-2026,Tottenham Hotspur FC,0,5,3.3056
England_Premier_League,2025-2026,Tottenham Hotspur FC,0,6,1.8333
England_Premier_League,2025-2026,Tottenham Hotspur FC,0,7,1.5833
England_Premier_League,2025-2026,Tottenham Hotspur FC,1,0,5.7222
England_Premier_League,2025-2026,Tottenham Hotspur FC,1,1,4.5278
England_Premier_League,2025-2026,Tottenham Hotspur FC,1,2,6.5556
England_Premier_League,2025-2026,Tottenham Hotspur FC,1,3,11.9167
England_Premier_League,2025-2026,Tottenham Hotspur FC,1,4,13.4722
England_Premier_League,2025-2026,Tottenham Hotspur FC,1,5,7.0833
England_Premier_League,2025-2026,Tottenham Hotspur FC,1,6,4.6111
England_Premier_League,2025-2026,Tottenham Hotspur FC,1,7,4.9167
England_Premier_League,2025-2026,Tottenham Hotspur FC,2,0,7.0833
England_Premier_League,2025-2026,Tottenham Hotspur FC,2,1,5.8889
England_Premier_League,2025-2026,Tottenham Hotspur FC,2,2,8.0
England_Premier_League,2025-2026,Tottenham Hotspur FC,2,3,6.6111
England_Premier_League,2025-2026,Tottenham Hotspur FC,2,4,6.6111
England_Premier_League,2025-2026,Tottenham Hotspur FC,2,5,7.1389
England_Premier_League,2025-2026,Tottenham Hotspur FC,2,6,5.3611
England_Premier_League,2025-2026,Tottenham Hotspur FC,2,7,5.3889
England_Premier_League,2025-2026,Tottenham Hotspur FC,3,0,12.2778
England_Premier_League,2025-2026,Tottenham Hotspur FC,3,1,10.4444
England_Premier_League,2025-2026,Tottenham Hotspur FC,3,2,13.8889
England_Premier_League,2025-2026,Tottenham Hotspur FC,3,3,10.9167
England_Premier_League,2025-2026,Tottenham Hotspur FC,3,4,11.6944
England_Premier_League,2025-2026,Tottenham Hotspur FC,3,5,12.2222
England_Premier_League,2025-2026,Tottenham Hotspur FC,3,6,10.0833
England_Premier_League,2025-2026,Tottenham Hotspur FC,3,7,8.6389
England_Premier_League,2025-2026,Tottenham Hotspur FC,4,0,12.3611
England_Premier_League,2025-2026,Tottenham Hotspur FC,4,1,11.6389
England_Premier_League,2025-2026,Tottenham Hotspur FC,4,2,13.1389
England_Premier_League,2025-2026,Tottenham Hotspur FC,4,3,8.0
England_Premier_League,2025-2026,Tottenham Hotspur FC,4,4,6.8333
England_Premier_League,2025-2026,Tottenham Hotspur FC,4,5,12.0278
England_Premier_League,2025-2026,Tottenham Hotspur FC,4,6,9.4167
England_Premier_League,2025-2026,Tottenham Hotspur FC,4,7,9.8056
England_Premier_League,2025-2026,Tottenham Hotspur FC,5,0,8.4167
England_Premier_League,2025-2026,Tottenham Hotspur FC,5,1,7.8611
England_Premier_League,2025-2026,Tottenham Hotspur FC,5,2,8.4167
England_Premier_League,2025-2026,Tottenham Hotspur FC,5,3,7.1111
England_Premier_League,2025-2026,Tottenham Hotspur FC,5,4,7.4167
England_Premier_League,2025-2026,Tottenham Hotspur FC,5,5,8.1944
England_Premier_League,2025-2026,Tottenham Hotspur FC,5,6,6.8611
England_Premier_League,2025-2026,Tottenham Hotspur FC,5,7,6.2222
England_Premier_League,2025-2026,Tottenham Hotspur FC,6,0,8.8333
England_Premier_League,2025-2026,Tottenham Hotspur FC,6,1,6.8889
England_Premier_League,2025-2026,Tottenham Hotspur FC,6,2,9.0556
England_Premier_League,2025-2026,Tottenham Hotspur FC,6,3,6.4722
England_Premier_League,2025-2026,Tottenham Hotspur FC,6,4,6.9444
England_Premier_League,2025-2026,Tottenham Hotspur FC,6,5,8.3889
England_Premier_League,2025-2026,Tottenham Hotspur FC,6,6,7.5
England_Premier_League,2025-2026,Tottenham Hotspur FC,6,7,9.0278
England_Premier_League,2025-2026,Tottenham Hotspur FC,7,0,13.0278
England_Premier_League,2025-2026,Tottenham Hotspur FC,7,1,9.7778
England_Premier_League,2025-2026,Tottenham Hotspur FC,7,2,9.0556
England_Premier_League,2025-2026,Tottenham Hotspur FC,7,3,4.9722
England_Premier_League,2025-2026,Tottenham Hotspur FC,7,4,4.8056
England_Premier_League,2025-2026,Tottenham Hotspur FC,7,5,10.2222
England_Premier_League,2025-2026,Tottenham Hotspur FC,7,6,10.2778
England_Premier_League,2025-2026,Tottenham Hotspur FC,7,7,12.7222
England_Premier_League,2025-2026,Tottenham Hotspur FC,8,0,10.9167
England_Premier_League,2025-2026,Tottenham Hotspur FC,8,1,8.4167
England_Premier_League,2025-2026,Tottenham Hotspur FC,8,2,7.0556
England_Premier_League,2025-2026,Tottenham Hotspur FC,8,3,5.5
England_Premier_League,2025-2026,Tottenham Hotspur FC,8,4,5.4444
England_Premier_League,2025-2026,Tottenham Hotspur FC,8,5,8.0278
England_Premier_League,2025-2026,Tottenham Hotspur FC,8,6,8.1667
England_Premier_League,2025-2026,Tottenham Hotspur FC,8,7,10.8611
England_Premier_League,2025-2026,Tottenham Hotspur FC,9,0,7.0833
England_Premier_League,2025-2026,Tottenham Hotspur FC,9,1,4.3333
England_Premier_League,2025-2026,Tottenham Hotspur FC,9,2,3.3333
England_Premier_League,2025-2026,Tottenham Hotspur FC,9,3,2.6667
England_Premier_League,2025-2026,Tottenham Hotspur FC,9,4,3.0278
England_Premier_League,2025-2026,Tottenham Hotspur FC,9,5,4.0278
England_Premier_League,2025-2026,Tottenham Hotspur FC,9,6,4.4722
England_Premier_League,2025-2026,Tottenham Hotspur FC,9,7,6.0556
England_Premier_League,2025-2026,Tottenham Hotspur FC,10,0,4.8889
England_Premier_League,2025-2026,Tottenham Hotspur FC,10,1,3.9722
England_Premier_League,2025-2026,Tottenham Hotspur FC,10,2,3.4444
England_Premier_League,2025-2026,Tottenham Hotspur FC,10,3,3.8889
England_Premier_League,2025-2026,Tottenham Hotspur FC,10,4,4.4444
England_Premier_League,2025-2026,Tottenham Hotspur FC,10,5,3.25
England_Premier_League,2025-2026,Tottenham Hotspur FC,10,6,4.25
England_Premier_League,2025-2026,Tottenham Hotspur FC,10,7,5.0556
England_Premier_League,2025-2026,Tottenham Hotspur FC,11,0,5.1389
England_Premier_League,2025-2026,Tottenham Hotspur FC,11,1,2.5833
England_Premier_League,2025-2026,Tottenham Hotspur FC,11,2,2.3611
England_Premier_League,2025-2026,Tottenham Hotspur FC,11,3,3.3611
England_Premier_League,2025-2026,Tottenham Hotspur FC,11,4,3.1667
England_Premier_League,2025-2026,Tottenham Hotspur FC,11,5,2.0556
England_Premier_League,2025-2026,Tottenham Hotspur FC,11,6,2.7222
England_Premier_League,2025-2026,Tottenham Hotspur FC,11,7,4.9722
England_Premier_League,2025-2026,Everton FC,0,0,1.8333
England_Premier_League,2025-2026,Everton FC,0,1,1.8611
England_Premier_League,2025-2026,Everton FC,0,2,3.0833
England_Premier_League,2025-2026,Everton FC,0,3,14.7222
England_Premier_League,2025-2026,Everton FC,0,4,12.6667
England_Premier_League,2025-2026,Everton FC,0,5,3.9167
England_Premier_League,2025-2026,Everton FC,0,6,1.9167
England_Premier_League,2025-2026,Everton FC,0,7,1.25
England_Premier_League,2025-2026,Everton FC,1,0,3.6111
England_Premier_League,2025-2026,Everton FC,1,1,3.4167
England_Premier_League,2025-2026,Everton FC,1,2,5.0556
England_Premier_League,2025-2026,Everton FC,1,3,10.3056
England_Premier_League,2025-2026,Everton FC,1,4,14.5833
England_Premier_League,2025-2026,Everton FC,1,5,7.5556
England_Premier_League,2025-2026,Everton FC,1,6,4.3611
England_Premier_League,2025-2026,Everton FC,1,7,4.25
England_Premier_League,2025-2026,Everton FC,2,0,4.5556
England_Premier_League,2025-2026,Everton FC,2,1,4.1667
England_Premier_League,2025-2026,Everton FC,2,2,4.9722
England_Premier_League,2025-2026,Everton FC,2,3,5.9722
England_Premier_League,2025-2026,Everton FC,2,4,5.5833
England_Premier_League,2025-2026,Everton FC,2,5,7.2222
England_Premier_League,2025-2026,Everton FC,2,6,6.1667
England_Premier_League,2025-2026,Everton FC,2,7,5.5278
England_Premier_League,2025-2026,Everton FC,3,0,8.3889
England_Premier_League,2025-2026,Everton FC,3,1,7.7778
England_Premier_League,2025-2026,Everton FC,3,2,8.5278
England_Premier_League,2025-2026,Everton FC,3,3,8.6111
England_Premier_League,2025-2026,Everton FC,3,4,9.1389
England_Premier_League,2025-2026,Everton FC,3,5,11.5
England_Premier_League,2025-2026,Everton FC,3,6,10.75
England_Premier_League,2025-2026,Everton FC,3,7,9.6944
England_Premier_League,2025-2026,Everton FC,4,0,9.9444
England_Premier_League,2025-2026,Everton FC,4,1,8.25
England_Premier_League,2025-2026,Everton FC,4,2,9.9167
England_Premier_League,2025-2026,Everton FC,4,3,5.3889
England_Premier_League,2025-2026,Everton FC,4,4,6.5833
England_Premier_League,2025-2026,Everton FC,4,5,11.1667
England_Premier_League,2025-2026,Everton FC,4,6,10.0833
England_Premier_League,2025-2026,Everton FC,4,7,10.8611
England_Premier_League,2025-2026,Everton FC,5,0,8.3889
England_Premier_League,2025-2026,Everton FC,5,1,6.1111
England_Premier_League,2025-2026,Everton FC,5,2,7.8333
England_Premier_League,2025-2026,Everton FC,5,3,6.7222
England_Premier_League,2025-2026,Everton FC,5,4,6.75
England_Premier_League,2025-2026,Everton FC,5,5,9.1944
England_Premier_League,2025-2026,Everton FC,5,6,7.9167
England_Premier_League,2025-2026,Everton FC,5,7,9.0833
England_Premier_League,2025-2026,Everton FC,6,0,7.75
England_Premier_League,2025-2026,Everton FC,6,1,6.5278
England_Premier_League,2025-2026,Everton FC,6,2,7.5833
England_Premier_League,2025-2026,Everton FC,6,3,5.9167
England_Premier_League,2025-2026,Everton FC,6,4,6.6944
England_Premier_League,2025-2026,Everton FC,6,5,8.6111
England_Premier_League,2025-2026,Everton FC,6,6,7.0
England_Premier_League,2025-2026,Everton FC,6,7,9.6111
England_Premier_League,2025-2026,Everton FC,7,0,12.0833
England_Premier_League,2025-2026,Everton FC,7,1,8.9167
England_Premier_League,2025-2026,Everton FC,7,2,8.1667
England_Premier_League,2025-2026,Everton FC,7,3,4.8056
England_Premier_League,2025-2026,Everton FC,7,4,4.8056
England_Premier_League,2025-2026,Everton FC,7,5,10.2778
England_Premier_League,2025-2026,Everton FC,7,6,11.0833
England_Premier_League,2025-2026,Everton FC,7,7,12.5
England_Premier_League,2025-2026,Everton FC,8,0,10.5278
England_Premier_League,2025-2026,Everton FC,8,1,8.4167
England_Premier_League,2025-2026,Everton FC,8,2,7.5278
England_Premier_League,2025-2026,Everton FC,8,3,6.5
England_Premier_League,2025-2026,Everton FC,8,4,5.3333
England_Premier_League,2025-2026,Everton FC,8,5,9.2222
England_Premier_League,2025-2026,Everton FC,8,6,10.75
England_Premier_League,2025-2026,Everton FC,8,7,14.1944
England_Premier_League,2025-2026,Everton FC,9,0,6.4167
England_Premier_League,2025-2026,Everton FC,9,1,4.1944
England_Premier_League,2025-2026,Everton FC,9,2,3.9444
England_Premier_League,2025-2026,Everton FC,9,3,2.6389
England_Premier_League,2025-2026,Everton FC,9,4,3.6667
England_Premier_League,2025-2026,Everton FC,9,5,4.3611
England_Premier_League,2025-2026,Everton FC,9,6,5.3056
England_Premier_League,2025-2026,Everton FC,9,7,7.9722
England_Premier_League,2025-2026,Everton FC,10,0,5.6667
England_Premier_League,2025-2026,Everton FC,10,1,2.7778
England_Premier_League,2025-2026,Everton FC,10,2,3.6389
England_Premier_League,2025-2026,Everton FC,10,3,3.6667
England_Premier_League,2025-2026,Everton FC,10,4,4.3611
England_Premier_League,2025-2026,Everton FC,10,5,4.4722
England_Premier_League,2025-2026,Everton FC,10,6,4.6944
England_Premier_League,2025-2026,Everton FC,10,7,6.6389
England_Premier_League,2025-2026,Everton FC,11,0,3.6389
England_Premier_League,2025-2026,Everton FC,11,1,1.75
England_Premier_League,2025-2026,Everton FC,11,2,2.3056
England_Premier_League,2025-2026,Everton FC,11,3,3.1667
England_Premier_League,2025-2026,Everton FC,11,4,3.25
England_Premier_League,2025-2026,Everton FC,11,5,2.7778
England_Premier_League,2025-2026,Everton FC,11,6,2.3056
England_Premier_League,2025-2026,Everton FC,11,7,4.7778
England_Premier_League,2025-2026,Sunderland AFC,0,0,1.6389
England_Premier_League,2025-2026,Sunderland AFC,0,1,1.8056
England_Premier_League,2025-2026,Sunderland AFC,0,2,3.0278
England_Premier_League,2025-2026,Sunderland AFC,0,3,16.2778
England_Premier_League,2025-2026,Sunderland AFC,0,4,14.1667
England_Premier_League,2025-2026,Sunderland AFC,0,5,3.5278
England_Premier_League,2025-2026,Sunderland AFC,0,6,2.5833
England_Premier_League,2025-2026,Sunderland AFC,0,7,1.7778
England_Premier_League,2025-2026,Sunderland AFC,1,0,3.4167
England_Premier_League,2025-2026,Sunderland AFC,1,1,3.4722
England_Premier_League,2025-2026,Sunderland AFC,1,2,6.25
England_Premier_League,2025-2026,Sunderland AFC,1,3,11.7778
England_Premier_League,2025-2026,Sunderland AFC,1,4,13.8611
England_Premier_League,2025-2026,Sunderland AFC,1,5,6.4444
England_Premier_League,2025-2026,Sunderland AFC,1,6,4.1944
England_Premier_League,2025-2026,Sunderland AFC,1,7,3.8889
England_Premier_League,2025-2026,Sunderland AFC,2,0,4.5556
England_Premier_League,2025-2026,Sunderland AFC,2,1,4.9722
England_Premier_League,2025-2026,Sunderland AFC,2,2,6.5556
England_Premier_League,2025-2026,Sunderland AFC,2,3,5.8056
England_Premier_League,2025-2026,Sunderland AFC,2,4,6.8333
England_Premier_League,2025-2026,Sunderland AFC,2,5,6.8611
England_Premier_League,2025-2026,Sunderland AFC,2,6,5.75
England_Premier_League,2025-2026,Sunderland AFC,2,7,6.5556
England_Premier_League,2025-2026,Sunderland AFC,3,0,7.8056
England_Premier_League,2025-2026,Sunderland AFC,3,1,8.6389
England_Premier_League,2025-2026,Sunderland AFC,3,2,9.7778
England_Premier_League,2025-2026,Sunderland AFC,3,3,8.3333
England_Premier_League,2025-2026,Sunderland AFC,3,4,10.3611
England_Premier_League,2025-2026,Sunderland AFC,3,5,11.0278
England_Premier_League,2025-2026,Sunderland AFC,3,6,8.25
England_Premier_League,2025-2026,Sunderland AFC,3,7,9.6944
England_Premier_League,2025-2026,Sunderland AFC,4,0,8.5556
England_Premier_League,2025-2026,Sunderland AFC,4,1,9.6944
England_Premier_League,2025-2026,Sunderland AFC,4,2,11.2222
England_Premier_League,2025-2026,Sunderland AFC,4,3,6.7778
England_Premier_League,2025-2026,Sunderland AFC,4,4,6.4167
England_Premier_League,2025-2026,Sunderland AFC,4,5,10.1389
England_Premier_League,2025-2026,Sunderland AFC,4,6,9.7222
England_Premier_League,2025-2026,Sunderland AFC,4,7,10.3611
England_Premier_League,2025-2026,Sunderland AFC,5,0,7.0556
England_Premier_League,2025-2026,Sunderland AFC,5,1,6.6389
England_Premier_League,2025-2026,Sunderland AFC,5,2,7.5
England_Premier_League,2025-2026,Sunderland AFC,5,3,7.3056
England_Premier_League,2025-2026,Sunderland AFC,5,4,6.4167
England_Premier_League,2025-2026,Sunderland AFC,5,5,8.0833
England_Premier_League,2025-2026,Sunderland AFC,5,6,6.6944
England_Premier_League,2025-2026,Sunderland AFC,5,7,7.75
England_Premier_League,2025-2026,Sunderland AFC,6,0,7.7778
England_Premier_League,2025-2026,Sunderland AFC,6,1,7.3889
England_Premier_League,2025-2026,Sunderland AFC,6,2,8.9167
England_Premier_League,2025-2026,Sunderland AFC,6,3,6.6667
England_Premier_League,2025-2026,Sunderland AFC,6,4,5.6667
England_Premier_League,2025-2026,Sunderland AFC,6,5,7.7778
England_Premier_League,2025-2026,Sunderland AFC,6,6,7.4444
England_Premier_League,2025-2026,Sunderland AFC,6,7,9.0
England_Premier_League,2025-2026,Sunderland AFC,7,0,11.5278
England_Premier_League,2025-2026,Sunderland AFC,7,1,10.0278
England_Premier_League,2025-2026,Sunderland AFC,7,2,9.4167
England_Premier_League,2025-2026,Sunderland AFC,7,3,5.3333
England_Premier_League,2025-2026,Sunderland AFC,7,4,4.6667
England_Premier_League,2025-2026,Sunderland AFC,7,5,8.7778
England_Premier_League,2025-2026,Sunderland AFC,7,6,9.5556
England_Premier_League,2025-2026,Sunderland AFC,7,7,11.9167
England_Premier_League,2025-2026,Sunderland AFC,8,0,9.8889
England_Premier_League,2025-2026,Sunderland AFC,8,1,8.6111
England_Premier_League,2025-2026,Sunderland AFC,8,2,5.7778
England_Premier_League,2025-2026,Sunderland AFC,8,3,5.1667
England_Premier_League,2025-2026,Sunderland AFC,8,4,3.5556
England_Premier_League,2025-2026,Sunderland AFC,8,5,6.5556
England_Premier_League,2025-2026,Sunderland AFC,8,6,7.3333
England_Premier_League,2025-2026,Sunderland AFC,8,7,8.3056
England_Premier_League,2025-2026,Sunderland AFC,9,0,6.6944
England_Premier_League,2025-2026,Sunderland AFC,9,1,4.2778
England_Premier_League,2025-2026,Sunderland AFC,9,2,4.1389
England_Premier_League,2025-2026,Sunderland AFC,9,3,2.9444
England_Premier_League,2025-2026,Sunderland AFC,9,4,3.0833
England_Premier_League,2025-2026,Sunderland AFC,9,5,3.6111
England_Premier_League,2025-2026,Sunderland AFC,9,6,4.4444
England_Premier_League,2025-2026,Sunderland AFC,9,7,5.1944
England_Premier_League,2025-2026,Sunderland AFC,10,0,5.2778
England_Premier_League,2025-2026,Sunderland AFC,10,1,2.8333
England_Premier_League,2025-2026,Sunderland AFC,10,2,3.4722
England_Premier_League,2025-2026,Sunderland AFC,10,3,3.9722
England_Premier_League,2025-2026,Sunderland AFC,10,4,3.5833
England_Premier_League,2025-2026,Sunderland AFC,10,5,3.0833
England_Premier_League,2025-2026,Sunderland AFC,10,6,2.8889
England_Premier_League,2025-2026,Sunderland AFC,10,7,4.0833
England_Premier_League,2025-2026,Sunderland AFC,11,0,3.7778
England_Premier_League,2025-2026,Sunderland AFC,11,1,1.6944
England_Premier_League,2025-2026,Sunderland AFC,11,2,1.6111
England_Premier_League,2025-2026,Sunderland AFC,11,3,2.1944
England_Premier_League,2025-2026,Sunderland AFC,11,4,2.3611
England_Premier_League,2025-2026,Sunderland AFC,11,5,2.5833
England_Premier_League,2025-2026,Sunderland AFC,11,6,1.5278
England_Premier_League,2025-2026,Sunderland AFC,11,7,3.5
England_Premier_League,2025-2026,West Ham United FC,0,0,1.4167
England_Premier_League,2025-2026,West Ham United FC,0,1,1.8333
England_Premier_League,2025-2026,West Ham United FC,0,2,3.4167
England_Premier_League,2025-2026,West Ham United FC,0,3,16.0278
England_Premier_League,2025-2026,West Ham United FC,0,4,17.3889
England_Premier_League,2025-2026,West Ham United FC,0,5,3.1111
England_Premier_League,2025-2026,West Ham United FC,0,6,2.1944
England_Premier_League,2025-2026,West Ham United FC,0,7,2.25
England_Premier_League,2025-2026,West Ham United FC,1,0,5.0278
England_Premier_League,2025-2026,West Ham United FC,1,1,4.5833
England_Premier_League,2025-2026,West Ham United FC,1,2,6.6944
England_Premier_League,2025-2026,West Ham United FC,1,3,13.8611
England_Premier_League,2025-2026,West Ham United FC,1,4,12.6667
England_Premier_League,2025-2026,West Ham United FC,1,5,7.3889
England_Premier_League,2025-2026,West Ham United FC,1,6,5.1389
England_Premier_League,2025-2026,West Ham United FC,1,7,5.4444
England_Premier_League,2025-2026,West Ham United FC,2,0,5.6667
England_Premier_League,2025-2026,West Ham United FC,2,1,5.6111
England_Premier_League,2025-2026,West Ham United FC,2,2,6.1667
England_Premier_League,2025-2026,West Ham United FC,2,3,5.2778
England_Premier_League,2025-2026,West Ham United FC,2,4,4.8056
England_Premier_League,2025-2026,West Ham United FC,2,5,5.1944
England_Premier_League,2025-2026,West Ham United FC,2,6,5.1944
England_Premier_League,2025-2026,West Ham United FC,2,7,7.4722
England_Premier_League,2025-2026,West Ham United FC,3,0,9.1389
England_Premier_League,2025-2026,West Ham United FC,3,1,8.6944
England_Premier_League,2025-2026,West Ham United FC,3,2,9.6389
England_Premier_League,2025-2026,West Ham United FC,3,3,8.6667
England_Premier_League,2025-2026,West Ham United FC,3,4,8.6667
England_Premier_League,2025-2026,West Ham United FC,3,5,10.0556
England_Premier_League,2025-2026,West Ham United FC,3,6,9.5278
England_Premier_League,2025-2026,West Ham United FC,3,7,10.0278
England_Premier_League,2025-2026,West Ham United FC,4,0,9.8611
England_Premier_League,2025-2026,West Ham United FC,4,1,9.0
England_Premier_League,2025-2026,West Ham United FC,4,2,10.5833
England_Premier_League,2025-2026,West Ham United FC,4,3,6.1667
England_Premier_League,2025-2026,West Ham United FC,4,4,5.9167
England_Premier_League,2025-2026,West Ham United FC,4,5,9.4722
England_Premier_League,2025-2026,West Ham United FC,4,6,9.7222
England_Premier_League,2025-2026,West Ham United FC,4,7,11.8611
England_Premier_League,2025-2026,West Ham United FC,5,0,7.5556
England_Premier_League,2025-2026,West Ham United FC,5,1,6.2778
England_Premier_League,2025-2026,West Ham United FC,5,2,7.5556
England_Premier_League,2025-2026,West Ham United FC,5,3,5.8333
England_Premier_League,2025-2026,West Ham United FC,5,4,6.8056
England_Premier_League,2025-2026,West Ham United FC,5,5,6.3611
England_Premier_League,2025-2026,West Ham United FC,5,6,6.3611
England_Premier_League,2025-2026,West Ham United FC,5,7,7.1389
England_Premier_League,2025-2026,West Ham United FC,6,0,10.7222
England_Premier_League,2025-2026,West Ham United FC,6,1,8.5278
England_Premier_League,2025-2026,West Ham United FC,6,2,8.9167
England_Premier_League,2025-2026,West Ham United FC,6,3,5.6389
England_Premier_League,2025-2026,West Ham United FC,6,4,6.9167
England_Premier_League,2025-2026,West Ham United FC,6,5,6.6667
England_Premier_League,2025-2026,West Ham United FC,6,6,6.3611
England_Premier_League,2025-2026,West Ham United FC,6,7,8.3333
England_Premier_League,2025-2026,West Ham United FC,7,0,14.1389
England_Premier_League,2025-2026,West Ham United FC,7,1,11.9722
England_Premier_League,2025-2026,West Ham United FC,7,2,11.1944
England_Premier_League,2025-2026,West Ham United FC,7,3,5.5
England_Premier_League,2025-2026,West Ham United FC,7,4,4.0833
England_Premier_League,2025-2026,West Ham United FC,7,5,7.7778
England_Premier_League,2025-2026,West Ham United FC,7,6,8.1389
England_Premier_League,2025-2026,West Ham United FC,7,7,10.9167
England_Premier_League,2025-2026,West Ham United FC,8,0,11.7778
England_Premier_League,2025-2026,West Ham United FC,8,1,9.3056
England_Premier_League,2025-2026,West Ham United FC,8,2,7.4722
England_Premier_League,2025-2026,West Ham United FC,8,3,3.8333
England_Premier_League,2025-2026,West Ham United FC,8,4,3.5833
England_Premier_League,2025-2026,West Ham United FC,8,5,4.6944
England_Premier_League,2025-2026,West Ham United FC,8,6,6.4722
England_Premier_League,2025-2026,West Ham United FC,8,7,8.0556
England_Premier_League,2025-2026,West Ham United FC,9,0,8.0833
England_Premier_League,2025-2026,West Ham United FC,9,1,4.8333
England_Premier_League,2025-2026,West Ham United FC,9,2,3.4444
England_Premier_League,2025-2026,West Ham United FC,9,3,1.9444
England_Premier_League,2025-2026,West Ham United FC,9,4,2.0278
England_Premier_League,2025-2026,West Ham United FC,9,5,3.0
England_Premier_League,2025-2026,West Ham United FC,9,6,2.5278
England_Premier_League,2025-2026,West Ham United FC,9,7,4.5556
England_Premier_League,2025-2026,West Ham United FC,10,0,5.6389
England_Premier_League,2025-2026,West Ham United FC,10,1,3.4167
England_Premier_League,2025-2026,West Ham United FC,10,2,3.2778
England_Premier_League,2025-2026,West Ham United FC,10,3,3.1111
England_Premier_League,2025-2026,West Ham United FC,10,4,3.0
England_Premier_League,2025-2026,West Ham United FC,10,5,2.8611
England_Premier_League,2025-2026,West Ham United FC,10,6,2.0556
England_Premier_League,2025-2026,West Ham United FC,10,7,3.7222
England_Premier_League,2025-2026,West Ham United FC,11,0,4.5278
England_Premier_League,2025-2026,West Ham United FC,11,1,2.4722
England_Premier_League,2025-2026,West Ham United FC,11,2,2.2222
England_Premier_League,2025-2026,West Ham United FC,11,3,2.75
England_Premier_League,2025-2026,West Ham United FC,11,4,2.3056
England_Premier_League,2025-2026,West Ham United FC,11,5,1.75
England_Premier_League,2025-2026,West Ham United FC,11,6,1.6667
England_Premier_League,2025-2026,West Ham United FC,11,7,3.0
England_Premier_League,2025-2026,Newcastle United FC,0,0,1.1111
England_Premier_League,2025-2026,Newcastle United FC,0,1,1.5556
England_Premier_League,2025-2026,Newcastle United FC,0,2,2.9167
England_Premier_League,2025-2026,Newcastle United FC,0,3,10.25
England_Premier_League,2025-2026,Newcastle United FC,0,4,14.6667
England_Premier_League,2025-2026,Newcastle United FC,0,5,2.7778
England_Premier_League,2025-2026,Newcastle United FC,0,6,1.8333
England_Premier_League,2025-2026,Newcastle United FC,0,7,1.4167
England_Premier_League,2025-2026,Newcastle United FC,1,0,3.8056
England_Premier_League,2025-2026,Newcastle United FC,1,1,3.1111
England_Premier_League,2025-2026,Newcastle United FC,1,2,6.5
England_Premier_League,2025-2026,Newcastle United FC,1,3,11.7222
England_Premier_League,2025-2026,Newcastle United FC,1,4,11.1944
England_Premier_League,2025-2026,Newcastle United FC,1,5,7.4444
England_Premier_League,2025-2026,Newcastle United FC,1,6,4.3611
England_Premier_League,2025-2026,Newcastle United FC,1,7,4.5556
England_Premier_League,2025-2026,Newcastle United FC,2,0,5.0833
England_Premier_League,2025-2026,Newcastle United FC,2,1,4.5833
England_Premier_League,2025-2026,Newcastle United FC,2,2,6.8611
England_Premier_League,2025-2026,Newcastle United FC,2,3,5.4722
England_Premier_League,2025-2026,Newcastle United FC,2,4,5.7778
England_Premier_League,2025-2026,Newcastle United FC,2,5,7.9444
England_Premier_League,2025-2026,Newcastle United FC,2,6,6.0278
England_Premier_League,2025-2026,Newcastle United FC,2,7,5.8333
England_Premier_League,2025-2026,Newcastle United FC,3,0,10.1667
England_Premier_League,2025-2026,Newcastle United FC,3,1,9.5833
England_Premier_League,2025-2026,Newcastle United FC,3,2,12.3333
England_Premier_League,2025-2026,Newcastle United FC,3,3,10.1389
England_Premier_League,2025-2026,Newcastle United FC,3,4,9.9444
England_Premier_League,2025-2026,Newcastle United FC,3,5,13.5
England_Premier_League,2025-2026,Newcastle United FC,3,6,9.7778
England_Premier_League,2025-2026,Newcastle United FC,3,7,10.3056
England_Premier_League,2025-2026,Newcastle United FC,4,0,10.3611
England_Premier_League,2025-2026,Newcastle United FC,4,1,10.5556
England_Premier_League,2025-2026,Newcastle United FC,4,2,14.3056
England_Premier_League,2025-2026,Newcastle United FC,4,3,7.3889
England_Premier_League,2025-2026,Newcastle United FC,4,4,7.8333
England_Premier_League,2025-2026,Newcastle United FC,4,5,14.2778
England_Premier_League,2025-2026,Newcastle United FC,4,6,11.5556
England_Premier_League,2025-2026,Newcastle United FC,4,7,11.25
England_Premier_League,2025-2026,Newcastle United FC,5,0,9.2222
England_Premier_League,2025-2026,Newcastle United FC,5,1,8.1944
England_Premier_League,2025-2026,Newcastle United FC,5,2,10.1389
England_Premier_League,2025-2026,Newcastle United FC,5,3,7.6389
England_Premier_League,2025-2026,Newcastle United FC,5,4,9.1111
England_Premier_League,2025-2026,Newcastle United FC,5,5,8.8611
England_Premier_League,2025-2026,Newcastle United FC,5,6,7.2778
England_Premier_League,2025-2026,Newcastle United FC,5,7,8.4167
England_Premier_League,2025-2026,Newcastle United FC,6,0,9.75
England_Premier_League,2025-2026,Newcastle United FC,6,1,8.1667
England_Premier_League,2025-2026,Newcastle United FC,6,2,8.6944
England_Premier_League,2025-2026,Newcastle United FC,6,3,7.4167
England_Premier_League,2025-2026,Newcastle United FC,6,4,8.0556
England_Premier_League,2025-2026,Newcastle United FC,6,5,8.7778
England_Premier_League,2025-2026,Newcastle United FC,6,6,8.8056
England_Premier_League,2025-2026,Newcastle United FC,6,7,8.7778
England_Premier_League,2025-2026,Newcastle United FC,7,0,12.3333
England_Premier_League,2025-2026,Newcastle United FC,7,1,11.3056
England_Premier_League,2025-2026,Newcastle United FC,7,2,11.8333
England_Premier_League,2025-2026,Newcastle United FC,7,3,5.8056
England_Premier_League,2025-2026,Newcastle United FC,7,4,6.5
England_Premier_League,2025-2026,Newcastle United FC,7,5,10.9722
England_Premier_League,2025-2026,Newcastle United FC,7,6,11.1389
England_Premier_League,2025-2026,Newcastle United FC,7,7,11.1389
England_Premier_League,2025-2026,Newcastle United FC,8,0,12.3611
England_Premier_League,2025-2026,Newcastle United FC,8,1,10.6667
England_Premier_League,2025-2026,Newcastle United FC,8,2,9.3889
England_Premier_League,2025-2026,Newcastle United FC,8,3,7.3333
England_Premier_League,2025-2026,Newcastle United FC,8,4,6.9167
England_Premier_League,2025-2026,Newcastle United FC,8,5,9.0556
England_Premier_League,2025-2026,Newcastle United FC,8,6,8.3889
England_Premier_League,2025-2026,Newcastle United FC,8,7,9.1389
England_Premier_League,2025-2026,Newcastle United FC,9,0,9.3611
England_Premier_League,2025-2026,Newcastle United FC,9,1,5.7778
England_Premier_League,2025-2026,Newcastle United FC,9,2,4.5278
England_Premier_League,2025-2026,Newcastle United FC,9,3,3.3611
England_Premier_League,2025-2026,Newcastle United FC,9,4,4.0278
England_Premier_League,2025-2026,Newcastle United FC,9,5,4.9444
England_Premier_League,2025-2026,Newcastle United FC,9,6,5.3889
England_Premier_League,2025-2026,Newcastle United FC,9,7,5.9722
England_Premier_League,2025-2026,Newcastle United FC,10,0,7.75
England_Premier_League,2025-2026,Newcastle United FC,10,1,4.5278
England_Premier_League,2025-2026,Newcastle United FC,10,2,3.5833
England_Premier_League,2025-2026,Newcastle United FC,10,3,3.5278
England_Premier_League,2025-2026,Newcastle United FC,10,4,5.6667
England_Premier_League,2025-2026,Newcastle United FC,10,5,4.5556
England_Premier_League,2025-2026,Newcastle United FC,10,6,4.3056
England_Premier_League,2025-2026,Newcastle United FC,10,7,5.3333
England_Premier_League,2025-2026,Newcastle United FC,11,0,5.2222
England_Premier_League,2025-2026,Newcastle United FC,11,1,2.3056
England_Premier_League,2025-2026,Newcastle United FC,11,2,2.2778
England_Premier_League,2025-2026,Newcastle United FC,11,3,2.75
England_Premier_League,2025-2026,Newcastle United FC,11,4,3.3611
England_Premier_League,2025-2026,Newcastle United FC,11,5,1.8889
England_Premier_League,2025-2026,Newcastle United FC,11,6,2.5833
England_Premier_League,2025-2026,Newcastle United FC,11,7,5.0278
Spain_Primera_Division,2025-2026,Getafe CF,0,0,1.3333
Spain_Primera_Division,2025-2026,Getafe CF,0,1,1.8056
Spain_Primera_Division,2025-2026,Getafe CF,0,2,1.8056
Spain_Primera_Division,2025-2026,Getafe CF,0,3,6.6944
Spain_Primera_Division,2025-2026,Getafe CF,0,4,11.0
Spain_Primera_Division,2025-2026,Getafe CF,0,5,1.7222
Spain_Primera_Division,2025-2026,Getafe CF,0,6,1.2222
Spain_Primera_Division,2025-2026,Getafe CF,0,7,1.4444
Spain_Primera_Division,2025-2026,Getafe CF,1,0,3.1389
Spain_Primera_Division,2025-2026,Getafe CF,1,1,3.3056
Spain_Primera_Division,2025-2026,Getafe CF,1,2,4.4167
Spain_Primera_Division,2025-2026,Getafe CF,1,3,12.0833
Spain_Primera_Division,2025-2026,Getafe CF,1,4,10.6944
Spain_Primera_Division,2025-2026,Getafe CF,1,5,4.7778
Spain_Primera_Division,2025-2026,Getafe CF,1,6,3.3889
Spain_Primera_Division,2025-2026,Getafe CF,1,7,3.9167
Spain_Primera_Division,2025-2026,Getafe CF,2,0,4.3056
Spain_Primera_Division,2025-2026,Getafe CF,2,1,4.5278
Spain_Primera_Division,2025-2026,Getafe CF,2,2,5.1944
Spain_Primera_Division,2025-2026,Getafe CF,2,3,4.4167
Spain_Primera_Division,2025-2026,Getafe CF,2,4,3.8333
Spain_Primera_Division,2025-2026,Getafe CF,2,5,5.0
Spain_Primera_Division,2025-2026,Getafe CF,2,6,4.0556
Spain_Primera_Division,2025-2026,Getafe CF,2,7,4.5278
Spain_Primera_Division,2025-2026,Getafe CF,3,0,7.7222
Spain_Primera_Division,2025-2026,Getafe CF,3,1,8.0278
Spain_Primera_Division,2025-2026,Getafe CF,3,2,9.7778
Spain_Primera_Division,2025-2026,Getafe CF,3,3,6.9167
Spain_Primera_Division,2025-2026,Getafe CF,3,4,7.4444
Spain_Primera_Division,2025-2026,Getafe CF,3,5,9.8333
Spain_Primera_Division,2025-2026,Getafe CF,3,6,8.2222
Spain_Primera_Division,2025-2026,Getafe CF,3,7,7.7222
Spain_Primera_Division,2025-2026,Getafe CF,4,0,8.5833
Spain_Primera_Division,2025-2026,Getafe CF,4,1,8.1944
Spain_Primera_Division,2025-2026,Getafe CF,4,2,8.1944
Spain_Primera_Division,2025-2026,Getafe CF,4,3,5.5833
Spain_Primera_Division,2025-2026,Getafe CF,4,4,6.0278
Spain_Primera_Division,2025-2026,Getafe CF,4,5,8.9444
Spain_Primera_Division,2025-2026,Getafe CF,4,6,9.2778
Spain_Primera_Division,2025-2026,Getafe CF,4,7,9.75
Spain_Primera_Division,2025-2026,Getafe CF,5,0,5.9167
Spain_Primera_Division,2025-2026,Getafe CF,5,1,5.6667
Spain_Primera_Division,2025-2026,Getafe CF,5,2,5.1111
Spain_Primera_Division,2025-2026,Getafe CF,5,3,5.0278
Spain_Primera_Division,2025-2026,Getafe CF,5,4,5.5833
Spain_Primera_Division,2025-2026,Getafe CF,5,5,6.4444
Spain_Primera_Division,2025-2026,Getafe CF,5,6,6.8056
Spain_Primera_Division,2025-2026,Getafe CF,5,7,7.6667
Spain_Primera_Division,2025-2026,Getafe CF,6,0,7.8333
Spain_Primera_Division,2025-2026,Getafe CF,6,1,6.2778
Spain_Primera_Division,2025-2026,Getafe CF,6,2,5.0833
Spain_Primera_Division,2025-2026,Getafe CF,6,3,5.5278
Spain_Primera_Division,2025-2026,Getafe CF,6,4,6.0
Spain_Primera_Division,2025-2026,Getafe CF,6,5,7.25
Spain_Primera_Division,2025-2026,Getafe CF,6,6,8.25
Spain_Primera_Division,2025-2026,Getafe CF,6,7,9.8056
Spain_Primera_Division,2025-2026,Getafe CF,7,0,10.3056
Spain_Primera_Division,2025-2026,Getafe CF,7,1,7.75
Spain_Primera_Division,2025-2026,Getafe CF,7,2,7.9167
Spain_Primera_Division,2025-2026,Getafe CF,7,3,5.1389
Spain_Primera_Division,2025-2026,Getafe CF,7,4,5.1944
Spain_Primera_Division,2025-2026,Getafe CF,7,5,10.25
Spain_Primera_Division,2025-2026,Getafe CF,7,6,11.7222
Spain_Primera_Division,2025-2026,Getafe CF,7,7,14.3333
Spain_Primera_Division,2025-2026,Getafe CF,8,0,10.1111
Spain_Primera_Division,2025-2026,Getafe CF,8,1,6.3889
Spain_Primera_Division,2025-2026,Getafe CF,8,2,5.8611
Spain_Primera_Division,2025-2026,Getafe CF,8,3,4.4444
Spain_Primera_Division,2025-2026,Getafe CF,8,4,4.0833
Spain_Primera_Division,2025-2026,Getafe CF,8,5,7.1389
Spain_Primera_Division,2025-2026,Getafe CF,8,6,9.2778
Spain_Primera_Division,2025-2026,Getafe CF,8,7,11.8889
Spain_Primera_Division,2025-2026,Getafe CF,9,0,7.2778
Spain_Primera_Division,2025-2026,Getafe CF,9,1,3.5278
Spain_Primera_Division,2025-2026,Getafe CF,9,2,2.6667
Spain_Primera_Division,2025-2026,Getafe CF,9,3,1.75
Spain_Primera_Division,2025-2026,Getafe CF,9,4,2.4444
Spain_Primera_Division,2025-2026,Getafe CF,9,5,3.1111
Spain_Primera_Division,2025-2026,Getafe CF,9,6,3.1389
Spain_Primera_Division,2025-2026,Getafe CF,9,7,6.4722
Spain_Primera_Division,2025-2026,Getafe CF,10,0,7.0833
Spain_Primera_Division,2025-2026,Getafe CF,10,1,2.1944
Spain_Primera_Division,2025-2026,Getafe CF,10,2,2.6111
Spain_Primera_Division,2025-2026,Getafe CF,10,3,3.0278
Spain_Primera_Division,2025-2026,Getafe CF,10,4,3.9167
Spain_Primera_Division,2025-2026,Getafe CF,10,5,2.0278
Spain_Primera_Division,2025-2026,Getafe CF,10,6,2.3889
Spain_Primera_Division,2025-2026,Getafe CF,10,7,6.3056
Spain_Primera_Division,2025-2026,Getafe CF,11,0,4.9444
Spain_Primera_Division,2025-2026,Getafe CF,11,1,1.6667
Spain_Primera_Division,2025-2026,Getafe CF,11,2,1.2222
Spain_Primera_Division,2025-2026,Getafe CF,11,3,1.4167
Spain_Primera_Division,2025-2026,Getafe CF,11,4,2.1667
Spain_Primera_Division,2025-2026,Getafe CF,11,5,1.3056
Spain_Primera_Division,2025-2026,Getafe CF,11,6,1.5833
Spain_Primera_Division,2025-2026,Getafe CF,11,7,4.2222
Spain_Primera_Division,2025-2026,Athletic Club,0,0,1.6667
Spain_Primera_Division,2025-2026,Athletic Club,0,1,1.3611
Spain_Primera_Division,2025-2026,Athletic Club,0,2,1.6944
Spain_Primera_Division,2025-2026,Athletic Club,0,3,7.8889
Spain_Primera_Division,2025-2026,Athletic Club,0,4,7.6944
Spain_Primera_Division,2025-2026,Athletic Club,0,5,2.25
Spain_Primera_Division,2025-2026,Athletic Club,0,6,1.1111
Spain_Primera_Division,2025-2026,Athletic Club,0,7,1.3056
Spain_Primera_Division,2025-2026,Athletic Club,1,0,3.1944
Spain_Primera_Division,2025-2026,Athletic Club,1,1,2.5556
Spain_Primera_Division,2025-2026,Athletic Club,1,2,4.3889
Spain_Primera_Division,2025-2026,Athletic Club,1,3,11.0556
Spain_Primera_Division,2025-2026,Athletic Club,1,4,10.6389
Spain_Primera_Division,2025-2026,Athletic Club,1,5,5.1111
Spain_Primera_Division,2025-2026,Athletic Club,1,6,2.75
Spain_Primera_Division,2025-2026,Athletic Club,1,7,2.1111
Spain_Primera_Division,2025-2026,Athletic Club,2,0,4.8056
Spain_Primera_Division,2025-2026,Athletic Club,2,1,4.1111
Spain_Primera_Division,2025-2026,Athletic Club,2,2,6.4444
Spain_Primera_Division,2025-2026,Athletic Club,2,3,6.0278
Spain_Primera_Division,2025-2026,Athletic Club,2,4,5.0556
Spain_Primera_Division,2025-2026,Athletic Club,2,5,6.0833
Spain_Primera_Division,2025-2026,Athletic Club,2,6,4.8333
Spain_Primera_Division,2025-2026,Athletic Club,2,7,4.3611
Spain_Primera_Division,2025-2026,Athletic Club,3,0,6.9722
Spain_Primera_Division,2025-2026,Athletic Club,3,1,8.25
Spain_Primera_Division,2025-2026,Athletic Club,3,2,11.2222
Spain_Primera_Division,2025-2026,Athletic Club,3,3,9.3889
Spain_Primera_Division,2025-2026,Athletic Club,3,4,9.9722
Spain_Primera_Division,2025-2026,Athletic Club,3,5,11.9722
Spain_Primera_Division,2025-2026,Athletic Club,3,6,9.1944
Spain_Primera_Division,2025-2026,Athletic Club,3,7,9.1944
Spain_Primera_Division,2025-2026,Athletic Club,4,0,7.9444
Spain_Primera_Division,2025-2026,Athletic Club,4,1,9.3889
Spain_Primera_Division,2025-2026,Athletic Club,4,2,13.4167
Spain_Primera_Division,2025-2026,Athletic Club,4,3,7.5
Spain_Primera_Division,2025-2026,Athletic Club,4,4,8.4722
Spain_Primera_Division,2025-2026,Athletic Club,4,5,12.8333
Spain_Primera_Division,2025-2026,Athletic Club,4,6,10.2222
Spain_Primera_Division,2025-2026,Athletic Club,4,7,10.1389
Spain_Primera_Division,2025-2026,Athletic Club,5,0,6.5278
Spain_Primera_Division,2025-2026,Athletic Club,5,1,7.3611
Spain_Primera_Division,2025-2026,Athletic Club,5,2,10.1944
Spain_Primera_Division,2025-2026,Athletic Club,5,3,8.8333
Spain_Primera_Division,2025-2026,Athletic Club,5,4,9.25
Spain_Primera_Division,2025-2026,Athletic Club,5,5,9.5278
Spain_Primera_Division,2025-2026,Athletic Club,5,6,8.0556
Spain_Primera_Division,2025-2026,Athletic Club,5,7,8.1944
Spain_Primera_Division,2025-2026,Athletic Club,6,0,8.9722
Spain_Primera_Division,2025-2026,Athletic Club,6,1,7.6111
Spain_Primera_Division,2025-2026,Athletic Club,6,2,8.8056
Spain_Primera_Division,2025-2026,Athletic Club,6,3,8.4722
Spain_Primera_Division,2025-2026,Athletic Club,6,4,9.0556
Spain_Primera_Division,2025-2026,Athletic Club,6,5,10.5
Spain_Primera_Division,2025-2026,Athletic Club,6,6,8.9444
Spain_Primera_Division,2025-2026,Athletic Club,6,7,10.2222
Spain_Primera_Division,2025-2026,Athletic Club,7,0,12.8056
Spain_Primera_Division,2025-2026,Athletic Club,7,1,10.8056
Spain_Primera_Division,2025-2026,Athletic Club,7,2,12.1111
Spain_Primera_Division,2025-2026,Athletic Club,7,3,7.6389
Spain_Primera_Division,2025-2026,Athletic Club,7,4,6.4722
Spain_Primera_Division,2025-2026,Athletic Club,7,5,12.1944
Spain_Primera_Division,2025-2026,Athletic Club,7,6,12.5278
Spain_Primera_Division,2025-2026,Athletic Club,7,7,14.3056
Spain_Primera_Division,2025-2026,Athletic Club,8,0,11.3889
Spain_Primera_Division,2025-2026,Athletic Club,8,1,9.5278
Spain_Primera_Division,2025-2026,Athletic Club,8,2,9.3611
Spain_Primera_Division,2025-2026,Athletic Club,8,3,7.0833
Spain_Primera_Division,2025-2026,Athletic Club,8,4,7.8333
Spain_Primera_Division,2025-2026,Athletic Club,8,5,10.75
Spain_Primera_Division,2025-2026,Athletic Club,8,6,11.5556
Spain_Primera_Division,2025-2026,Athletic Club,8,7,11.9444
Spain_Primera_Division,2025-2026,Athletic Club,9,0,7.3611
Spain_Primera_Division,2025-2026,Athletic Club,9,1,4.3889
Spain_Primera_Division,2025-2026,Athletic Club,9,2,4.0278
Spain_Primera_Division,2025-2026,Athletic Club,9,3,3.3611
Spain_Primera_Division,2025-2026,Athletic Club,9,4,3.7222
Spain_Primera_Division,2025-2026,Athletic Club,9,5,6.1667
Spain_Primera_Division,2025-2026,Athletic Club,9,6,6.5833
Spain_Primera_Division,2025-2026,Athletic Club,9,7,8.0833
Spain_Primera_Division,2025-2026,Athletic Club,10,0,7.1389
Spain_Primera_Division,2025-2026,Athletic Club,10,1,3.2778
Spain_Primera_Division,2025-2026,Athletic Club,10,2,3.5
Spain_Primera_Division,2025-2026,Athletic Club,10,3,4.8889
Spain_Primera_Division,2025-2026,Athletic Club,10,4,4.8333
Spain_Primera_Division,2025-2026,Athletic Club,10,5,4.5833
Spain_Primera_Division,2025-2026,Athletic Club,10,6,5.1111
Spain_Primera_Division,2025-2026,Athletic Club,10,7,5.7778
Spain_Primera_Division,2025-2026,Athletic Club,11,0,5.8056
Spain_Primera_Division,2025-2026,Athletic Club,11,1,1.9722
Spain_Primera_Division,2025-2026,Athletic Club,11,2,1.8333
Spain_Primera_Division,2025-2026,Athletic Club,11,3,1.8889
Spain_Primera_Division,2025-2026,Athletic Club,11,4,1.9167
Spain_Primera_Division,2025-2026,Athletic Club,11,5,2.6944
Spain_Primera_Division,2025-2026,Athletic Club,11,6,2.6667
Spain_Primera_Division,2025-2026,Athletic Club,11,7,5.1944
Spain_Primera_Division,2025-2026,Real Betis Balompié,0,0,1.9444
Spain_Primera_Division,2025-2026,Real Betis Balompié,0,1,1.7222
Spain_Primera_Division,2025-2026,Real Betis Balompié,0,2,3.0556
Spain_Primera_Division,2025-2026,Real Betis Balompié,0,3,11.0556
Spain_Primera_Division,2025-2026,Real Betis Balompié,0,4,13.9167
Spain_Primera_Division,2025-2026,Real Betis Balompié,0,5,3.3333
Spain_Primera_Division,2025-2026,Real Betis Balompié,0,6,1.5833
Spain_Primera_Division,2025-2026,Real Betis Balompié,0,7,1.5556
Spain_Primera_Division,2025-2026,Real Betis Balompié,1,0,4.9444
Spain_Primera_Division,2025-2026,Real Betis Balompié,1,1,5.4444
Spain_Primera_Division,2025-2026,Real Betis Balompié,1,2,5.7778
Spain_Primera_Division,2025-2026,Real Betis Balompié,1,3,12.7778
Spain_Primera_Division,2025-2026,Real Betis Balompié,1,4,12.6667
Spain_Primera_Division,2025-2026,Real Betis Balompié,1,5,6.1944
Spain_Primera_Division,2025-2026,Real Betis Balompié,1,6,4.8889
Spain_Primera_Division,2025-2026,Real Betis Balompié,1,7,4.1944
Spain_Primera_Division,2025-2026,Real Betis Balompié,2,0,6.9444
Spain_Primera_Division,2025-2026,Real Betis Balompié,2,1,6.6667
Spain_Primera_Division,2025-2026,Real Betis Balompié,2,2,9.0278
Spain_Primera_Division,2025-2026,Real Betis Balompié,2,3,6.3889
Spain_Primera_Division,2025-2026,Real Betis Balompié,2,4,6.3889
Spain_Primera_Division,2025-2026,Real Betis Balompié,2,5,7.9722
Spain_Primera_Division,2025-2026,Real Betis Balompié,2,6,6.3889
Spain_Primera_Division,2025-2026,Real Betis Balompié,2,7,6.0556
Spain_Primera_Division,2025-2026,Real Betis Balompié,3,0,10.0833
Spain_Primera_Division,2025-2026,Real Betis Balompié,3,1,8.8056
Spain_Primera_Division,2025-2026,Real Betis Balompié,3,2,14.5
Spain_Primera_Division,2025-2026,Real Betis Balompié,3,3,11.2222
Spain_Primera_Division,2025-2026,Real Betis Balompié,3,4,9.8889
Spain_Primera_Division,2025-2026,Real Betis Balompié,3,5,12.4167
Spain_Primera_Division,2025-2026,Real Betis Balompié,3,6,10.1111
Spain_Primera_Division,2025-2026,Real Betis Balompié,3,7,10.25
Spain_Primera_Division,2025-2026,Real Betis Balompié,4,0,12.6944
Spain_Primera_Division,2025-2026,Real Betis Balompié,4,1,8.75
Spain_Primera_Division,2025-2026,Real Betis Balompié,4,2,13.3611
Spain_Primera_Division,2025-2026,Real Betis Balompié,4,3,8.0833
Spain_Primera_Division,2025-2026,Real Betis Balompié,4,4,8.8611
Spain_Primera_Division,2025-2026,Real Betis Balompié,4,5,14.0833
Spain_Primera_Division,2025-2026,Real Betis Balompié,4,6,10.25
Spain_Primera_Division,2025-2026,Real Betis Balompié,4,7,11.6667
Spain_Primera_Division,2025-2026,Real Betis Balompié,5,0,9.1389
Spain_Primera_Division,2025-2026,Real Betis Balompié,5,1,8.4444
Spain_Primera_Division,2025-2026,Real Betis Balompié,5,2,9.75
Spain_Primera_Division,2025-2026,Real Betis Balompié,5,3,7.2222
Spain_Primera_Division,2025-2026,Real Betis Balompié,5,4,7.8611
Spain_Primera_Division,2025-2026,Real Betis Balompié,5,5,10.0
Spain_Primera_Division,2025-2026,Real Betis Balompié,5,6,9.5278
Spain_Primera_Division,2025-2026,Real Betis Balompié,5,7,9.9722
Spain_Primera_Division,2025-2026,Real Betis Balompié,6,0,12.2778
Spain_Primera_Division,2025-2026,Real Betis Balompié,6,1,8.8889
Spain_Primera_Division,2025-2026,Real Betis Balompié,6,2,9.2778
Spain_Primera_Division,2025-2026,Real Betis Balompié,6,3,6.8889
Spain_Primera_Division,2025-2026,Real Betis Balompié,6,4,6.6667
Spain_Primera_Division,2025-2026,Real Betis Balompié,6,5,9.75
Spain_Primera_Division,2025-2026,Real Betis Balompié,6,6,10.1667
Spain_Primera_Division,2025-2026,Real Betis Balompié,6,7,13.0556
Spain_Primera_Division,2025-2026,Real Betis Balompié,7,0,12.8889
Spain_Primera_Division,2025-2026,Real Betis Balompié,7,1,9.7222
Spain_Primera_Division,2025-2026,Real Betis Balompié,7,2,9.6944
Spain_Primera_Division,2025-2026,Real Betis Balompié,7,3,4.6389
Spain_Primera_Division,2025-2026,Real Betis Balompié,7,4,4.1111
Spain_Primera_Division,2025-2026,Real Betis Balompié,7,5,9.1111
Spain_Primera_Division,2025-2026,Real Betis Balompié,7,6,11.1111
Spain_Primera_Division,2025-2026,Real Betis Balompié,7,7,13.9167
Spain_Primera_Division,2025-2026,Real Betis Balompié,8,0,10.9167
Spain_Primera_Division,2025-2026,Real Betis Balompié,8,1,8.8056
Spain_Primera_Division,2025-2026,Real Betis Balompié,8,2,8.0833
Spain_Primera_Division,2025-2026,Real Betis Balompié,8,3,5.6944
Spain_Primera_Division,2025-2026,Real Betis Balompié,8,4,5.3056
Spain_Primera_Division,2025-2026,Real Betis Balompié,8,5,9.4722
Spain_Primera_Division,2025-2026,Real Betis Balompié,8,6,10.1111
Spain_Primera_Division,2025-2026,Real Betis Balompié,8,7,12.1667
Spain_Primera_Division,2025-2026,Real Betis Balompié,9,0,8.9722
Spain_Primera_Division,2025-2026,Real Betis Balompié,9,1,5.6389
Spain_Primera_Division,2025-2026,Real Betis Balompié,9,2,5.1667
Spain_Primera_Division,2025-2026,Real Betis Balompié,9,3,2.9722
Spain_Primera_Division,2025-2026,Real Betis Balompié,9,4,2.5556
Spain_Primera_Division,2025-2026,Real Betis Balompié,9,5,5.3611
Spain_Primera_Division,2025-2026,Real Betis Balompié,9,6,5.1944
Spain_Primera_Division,2025-2026,Real Betis Balompié,9,7,7.4722
Spain_Primera_Division,2025-2026,Real Betis Balompié,10,0,5.5
Spain_Primera_Division,2025-2026,Real Betis Balompié,10,1,3.4444
Spain_Primera_Division,2025-2026,Real Betis Balompié,10,2,3.7778
Spain_Primera_Division,2025-2026,Real Betis Balompié,10,3,3.6667
Spain_Primera_Division,2025-2026,Real Betis Balompié,10,4,3.9444
Spain_Primera_Division,2025-2026,Real Betis Balompié,10,5,3.0278
Spain_Primera_Division,2025-2026,Real Betis Balompié,10,6,3.6944
Spain_Primera_Division,2025-2026,Real Betis Balompié,10,7,6.1111
Spain_Primera_Division,2025-2026,Real Betis Balompié,11,0,4.25
Spain_Primera_Division,2025-2026,Real Betis Balompié,11,1,1.7222
Spain_Primera_Division,2025-2026,Real Betis Balompié,11,2,2.3333
Spain_Primera_Division,2025-2026,Real Betis Balompié,11,3,1.75
Spain_Primera_Division,2025-2026,Real Betis Balompié,11,4,1.75
Spain_Primera_Division,2025-2026,Real Betis Balompié,11,5,2.5278
Spain_Primera_Division,2025-2026,Real Betis Balompié,11,6,1.9722
Spain_Primera_Division,2025-2026,Real Betis Balompié,11,7,4.0556
Spain_Primera_Division,2025-2026,Club Atlético de Madrid,0,0,2.3333
Spain_Primera_Division,2025-2026,Club Atlético de Madrid,0,1,2.2222
Spain_Primera_Division,2025-2026,Club Atlético de Madrid,0,2,3.1389
Spain_Primera_Division,2025-2026,Club Atlético de Madrid,0,3,12.6944
Spain_Primera_Division,2025-2026,Club Atlético de Madrid,0,4,12.7222
Spain_Primera_Division,2025-2026,Club Atlético de Madrid,0,5,2.2222
Spain_Primera_Division,2025-2026,Club Atlético de Madrid,0,6,1.8333
Spain_Primera_Division,2025-2026,Club Atlético de Madrid,0,7,1.6111
Spain_Primera_Division,2025-2026,Club Atlético de Madrid,1,0,7.3611
Spain_Primera_Division,2025-2026,Club Atlético de Madrid,1,1,5.8333
Spain_Primera_Division,2025-2026,Club Atlético de Madrid,1,2,6.3889
Spain_Primera_Division,2025-2026,Club Atlético de Madrid,1,3,13.1389
Spain_Primera_Division,2025-2026,Club Atlético de Madrid,1,4,11.9444
Spain_Primera_Division,2025-2026,Club Atlético de Madrid,1,5,6.4167
Spain_Primera_Division,2025-2026,Club Atlético de Madrid,1,6,5.1667
Spain_Primera_Division,2025-2026,Club Atlético de Madrid,1,7,4.1389
Spain_Primera_Division,2025-2026,Club Atlético de Madrid,2,0,7.1389
Spain_Primera_Division,2025-2026,Club Atlético de Madrid,2,1,7.25
Spain_Primera_Division,2025-2026,Club Atlético de Madrid,2,2,5.4722
Spain_Primera_Division,2025-2026,Club Atlético de Madrid,2,3,4.9722
Spain_Primera_Division,2025-2026,Club Atlético de Madrid,2,4,4.0556
Spain_Primera_Division,2025-2026,Club Atlético de Madrid,2,5,5.7778
Spain_Primera_Division,2025-2026,Club Atlético de Madrid,2,6,6.1944
Spain_Primera_Division,2025-2026,Club Atlético de Madrid,2,7,6.7222
Spain_Primera_Division,2025-2026,Club Atlético de Madrid,3,0,10.0278
Spain_Primera_Division,2025-2026,Club Atlético de Madrid,3,1,11.3611
Spain_Primera_Division,2025-2026,Club Atlético de Madrid,3,2,14.0833
Spain_Primera_Division,2025-2026,Club Atlético de Madrid,3,3,11.0
Spain_Primera_Division,2025-2026,Club Atlético de Madrid,3,4,9.8889
Spain_Primera_Division,2025-2026,Club Atlético de Madrid,3,5,11.6944
Spain_Primera_Division,2025-2026,Club Atlético de Madrid,3,6,9.1944
Spain_Primera_Division,2025-2026,Club Atlético de Madrid,3,7,8.9167
Spain_Primera_Division,2025-2026,Club Atlético de Madrid,4,0,12.9722
Spain_Primera_Division,2025-2026,Club Atlético de Madrid,4,1,12.0556
Spain_Primera_Division,2025-2026,Club Atlético de Madrid,4,2,15.4444
Spain_Primera_Division,2025-2026,Club Atlético de Madrid,4,3,10.0556
Spain_Primera_Division,2025-2026,Club Atlético de Madrid,4,4,11.0278
Spain_Primera_Division,2025-2026,Club Atlético de Madrid,4,5,15.0278
Spain_Primera_Division,2025-2026,Club Atlético de Madrid,4,6,10.2778
Spain_Primera_Division,2025-2026,Club Atlético de Madrid,4,7,9.1944
Spain_Primera_Division,2025-2026,Club Atlético de Madrid,5,0,8.4722
Spain_Primera_Division,2025-2026,Club Atlético de Madrid,5,1,9.5556
Spain_Primera_Division,2025-2026,Club Atlético de Madrid,5,2,11.3889
Spain_Primera_Division,2025-2026,Club Atlético de Madrid,5,3,9.4444
Spain_Primera_Division,2025-2026,Club Atlético de Madrid,5,4,8.7778
Spain_Primera_Division,2025-2026,Club Atlético de Madrid,5,5,11.6389
Spain_Primera_Division,2025-2026,Club Atlético de Madrid,5,6,7.4167
Spain_Primera_Division,2025-2026,Club Atlético de Madrid,5,7,7.2778
Spain_Primera_Division,2025-2026,Club Atlético de Madrid,6,0,11.75
Spain_Primera_Division,2025-2026,Club Atlético de Madrid,6,1,8.5
Spain_Primera_Division,2025-2026,Club Atlético de Madrid,6,2,10.9722
Spain_Primera_Division,2025-2026,Club Atlético de Madrid,6,3,8.3889
Spain_Primera_Division,2025-2026,Club Atlético de Madrid,6,4,8.4167
Spain_Primera_Division,2025-2026,Club Atlético de Madrid,6,5,10.6111
Spain_Primera_Division,2025-2026,Club Atlético de Madrid,6,6,8.7222
Spain_Primera_Division,2025-2026,Club Atlético de Madrid,6,7,8.9167
Spain_Primera_Division,2025-2026,Club Atlético de Madrid,7,0,13.5278
Spain_Primera_Division,2025-2026,Club Atlético de Madrid,7,1,12.0833
Spain_Primera_Division,2025-2026,Club Atlético de Madrid,7,2,12.6389
Spain_Primera_Division,2025-2026,Club Atlético de Madrid,7,3,7.3611
Spain_Primera_Division,2025-2026,Club Atlético de Madrid,7,4,7.9444
Spain_Primera_Division,2025-2026,Club Atlético de Madrid,7,5,10.9444
Spain_Primera_Division,2025-2026,Club Atlético de Madrid,7,6,11.1389
Spain_Primera_Division,2025-2026,Club Atlético de Madrid,7,7,11.9444
Spain_Primera_Division,2025-2026,Club Atlético de Madrid,8,0,12.4167
Spain_Primera_Division,2025-2026,Club Atlético de Madrid,8,1,11.9167
Spain_Primera_Division,2025-2026,Club Atlético de Madrid,8,2,9.1111
Spain_Primera_Division,2025-2026,Club Atlético de Madrid,8,3,7.0556
Spain_Primera_Division,2025-2026,Club Atlético de Madrid,8,4,7.7222
Spain_Primera_Division,2025-2026,Club Atlético de Madrid,8,5,10.5
Spain_Primera_Division,2025-2026,Club Atlético de Madrid,8,6,10.9167
Spain_Primera_Division,2025-2026,Club Atlético de Madrid,8,7,10.3611
Spain_Primera_Division,2025-2026,Club Atlético de Madrid,9,0,8.3333
Spain_Primera_Division,2025-2026,Club Atlético de Madrid,9,1,6.3889
Spain_Primera_Division,2025-2026,Club Atlético de Madrid,9,2,4.8333
Spain_Primera_Division,2025-2026,Club Atlético de Madrid,9,3,3.3611
Spain_Primera_Division,2025-2026,Club Atlético de Madrid,9,4,3.5833
Spain_Primera_Division,2025-2026,Club Atlético de Madrid,9,5,4.4722
Spain_Primera_Division,2025-2026,Club Atlético de Madrid,9,6,5.8889
Spain_Primera_Division,2025-2026,Club Atlético de Madrid,9,7,8.1111
Spain_Primera_Division,2025-2026,Club Atlético de Madrid,10,0,5.7778
Spain_Primera_Division,2025-2026,Club Atlético de Madrid,10,1,3.6667
Spain_Primera_Division,2025-2026,Club Atlético de Madrid,10,2,4.3056
Spain_Primera_Division,2025-2026,Club Atlético de Madrid,10,3,4.3611
Spain_Primera_Division,2025-2026,Club Atlético de Madrid,10,4,4.3056
Spain_Primera_Division,2025-2026,Club Atlético de Madrid,10,5,4.4722
Spain_Primera_Division,2025-2026,Club Atlético de Madrid,10,6,3.6389
Spain_Primera_Division,2025-2026,Club Atlético de Madrid,10,7,6.0556
Spain_Primera_Division,2025-2026,Club Atlético de Madrid,11,0,5.2222
Spain_Primera_Division,2025-2026,Club Atlético de Madrid,11,1,3.2778
Spain_Primera_Division,2025-2026,Club Atlético de Madrid,11,2,2.6111
Spain_Primera_Division,2025-2026,Club Atlético de Madrid,11,3,2.3611
Spain_Primera_Division,2025-2026,Club Atlético de Madrid,11,4,2.5556
Spain_Primera_Division,2025-2026,Club Atlético de Madrid,11,5,2.3889
Spain_Primera_Division,2025-2026,Club Atlético de Madrid,11,6,2.1111
Spain_Primera_Division,2025-2026,Club Atlético de Madrid,11,7,4.5
Spain_Primera_Division,2025-2026,Elche CF,0,0,1.1389
Spain_Primera_Division,2025-2026,Elche CF,0,1,1.8611
Spain_Primera_Division,2025-2026,Elche CF,0,2,2.6111
Spain_Primera_Division,2025-2026,Elche CF,0,3,12.1944
Spain_Primera_Division,2025-2026,Elche CF,0,4,12.4444
Spain_Primera_Division,2025-2026,Elche CF,0,5,3.0
Spain_Primera_Division,2025-2026,Elche CF,0,6,1.75
Spain_Primera_Division,2025-2026,Elche CF,0,7,2.0
Spain_Primera_Division,2025-2026,Elche CF,1,0,3.7778
Spain_Primera_Division,2025-2026,Elche CF,1,1,3.5
Spain_Primera_Division,2025-2026,Elche CF,1,2,5.8611
Spain_Primera_Division,2025-2026,Elche CF,1,3,15.1944
Spain_Primera_Division,2025-2026,Elche CF,1,4,12.0278
Spain_Primera_Division,2025-2026,Elche CF,1,5,5.9722
Spain_Primera_Division,2025-2026,Elche CF,1,6,3.3889
Spain_Primera_Division,2025-2026,Elche CF,1,7,2.6944
Spain_Primera_Division,2025-2026,Elche CF,2,0,4.8333
Spain_Primera_Division,2025-2026,Elche CF,2,1,5.2778
Spain_Primera_Division,2025-2026,Elche CF,2,2,8.1944
Spain_Primera_Division,2025-2026,Elche CF,2,3,11.25
Spain_Primera_Division,2025-2026,Elche CF,2,4,10.1667
Spain_Primera_Division,2025-2026,Elche CF,2,5,7.4167
Spain_Primera_Division,2025-2026,Elche CF,2,6,5.3611
Spain_Primera_Division,2025-2026,Elche CF,2,7,4.3056
Spain_Primera_Division,2025-2026,Elche CF,3,0,7.8889
Spain_Primera_Division,2025-2026,Elche CF,3,1,9.5556
Spain_Primera_Division,2025-2026,Elche CF,3,2,13.3333
Spain_Primera_Division,2025-2026,Elche CF,3,3,17.5833
Spain_Primera_Division,2025-2026,Elche CF,3,4,15.0833
Spain_Primera_Division,2025-2026,Elche CF,3,5,12.7222
Spain_Primera_Division,2025-2026,Elche CF,3,6,9.2778
Spain_Primera_Division,2025-2026,Elche CF,3,7,7.5278
Spain_Primera_Division,2025-2026,Elche CF,4,0,9.4444
Spain_Primera_Division,2025-2026,Elche CF,4,1,10.9444
Spain_Primera_Division,2025-2026,Elche CF,4,2,15.3889
Spain_Primera_Division,2025-2026,Elche CF,4,3,12.0833
Spain_Primera_Division,2025-2026,Elche CF,4,4,9.8056
Spain_Primera_Division,2025-2026,Elche CF,4,5,14.4444
Spain_Primera_Division,2025-2026,Elche CF,4,6,10.7778
Spain_Primera_Division,2025-2026,Elche CF,4,7,9.25
Spain_Primera_Division,2025-2026,Elche CF,5,0,7.1389
Spain_Primera_Division,2025-2026,Elche CF,5,1,7.8611
Spain_Primera_Division,2025-2026,Elche CF,5,2,12.0
Spain_Primera_Division,2025-2026,Elche CF,5,3,9.2778
Spain_Primera_Division,2025-2026,Elche CF,5,4,8.1667
Spain_Primera_Division,2025-2026,Elche CF,5,5,9.9444
Spain_Primera_Division,2025-2026,Elche CF,5,6,7.9167
Spain_Primera_Division,2025-2026,Elche CF,5,7,8.4167
Spain_Primera_Division,2025-2026,Elche CF,6,0,8.6667
Spain_Primera_Division,2025-2026,Elche CF,6,1,9.3056
Spain_Primera_Division,2025-2026,Elche CF,6,2,11.5278
Spain_Primera_Division,2025-2026,Elche CF,6,3,8.1111
Spain_Primera_Division,2025-2026,Elche CF,6,4,8.3611
Spain_Primera_Division,2025-2026,Elche CF,6,5,11.6667
Spain_Primera_Division,2025-2026,Elche CF,6,6,10.0
Spain_Primera_Division,2025-2026,Elche CF,6,7,9.4444
Spain_Primera_Division,2025-2026,Elche CF,7,0,12.1667
Spain_Primera_Division,2025-2026,Elche CF,7,1,12.1944
Spain_Primera_Division,2025-2026,Elche CF,7,2,12.7778
Spain_Primera_Division,2025-2026,Elche CF,7,3,7.6389
Spain_Primera_Division,2025-2026,Elche CF,7,4,7.1667
Spain_Primera_Division,2025-2026,Elche CF,7,5,13.8056
Spain_Primera_Division,2025-2026,Elche CF,7,6,13.4167
Spain_Primera_Division,2025-2026,Elche CF,7,7,14.3611
Spain_Primera_Division,2025-2026,Elche CF,8,0,11.4444
Spain_Primera_Division,2025-2026,Elche CF,8,1,9.6944
Spain_Primera_Division,2025-2026,Elche CF,8,2,10.25
Spain_Primera_Division,2025-2026,Elche CF,8,3,6.5
Spain_Primera_Division,2025-2026,Elche CF,8,4,6.8889
Spain_Primera_Division,2025-2026,Elche CF,8,5,10.5556
Spain_Primera_Division,2025-2026,Elche CF,8,6,11.8333
Spain_Primera_Division,2025-2026,Elche CF,8,7,14.5556
Spain_Primera_Division,2025-2026,Elche CF,9,0,8.6389
Spain_Primera_Division,2025-2026,Elche CF,9,1,4.6389
Spain_Primera_Division,2025-2026,Elche CF,9,2,4.4444
Spain_Primera_Division,2025-2026,Elche CF,9,3,2.6944
Spain_Primera_Division,2025-2026,Elche CF,9,4,2.5556
Spain_Primera_Division,2025-2026,Elche CF,9,5,4.4722
Spain_Primera_Division,2025-2026,Elche CF,9,6,5.6111
Spain_Primera_Division,2025-2026,Elche CF,9,7,8.8611
Spain_Primera_Division,2025-2026,Elche CF,10,0,6.1111
Spain_Primera_Division,2025-2026,Elche CF,10,1,3.4167
Spain_Primera_Division,2025-2026,Elche CF,10,2,2.8056
Spain_Primera_Division,2025-2026,Elche CF,10,3,3.5556
Spain_Primera_Division,2025-2026,Elche CF,10,4,3.0278
Spain_Primera_Division,2025-2026,Elche CF,10,5,3.3889
Spain_Primera_Division,2025-2026,Elche CF,10,6,3.1667
Spain_Primera_Division,2025-2026,Elche CF,10,7,5.5833
Spain_Primera_Division,2025-2026,Elche CF,11,0,4.25
Spain_Primera_Division,2025-2026,Elche CF,11,1,2.0833
Spain_Primera_Division,2025-2026,Elche CF,11,2,1.8611
Spain_Primera_Division,2025-2026,Elche CF,11,3,2.1111
Spain_Primera_Division,2025-2026,Elche CF,11,4,1.9444
Spain_Primera_Division,2025-2026,Elche CF,11,5,2.0
Spain_Primera_Division,2025-2026,Elche CF,11,6,2.5556
Spain_Primera_Division,2025-2026,Elche CF,11,7,4.6389
Spain_Primera_Division,2025-2026,Reial Club Deportiu Espanyol de Barcelona,0,0,0.9167
Spain_Primera_Division,2025-2026,Reial Club Deportiu Espanyol de Barcelona,0,1,1.3333
Spain_Primera_Division,2025-2026,Reial Club Deportiu Espanyol de Barcelona,0,2,3.0278
Spain_Primera_Division,2025-2026,Reial Club Deportiu Espanyol de Barcelona,0,3,12.75
Spain_Primera_Division,2025-2026,Reial Club Deportiu Espanyol de Barcelona,0,4,11.3889
Spain_Primera_Division,2025-2026,Reial Club Deportiu Espanyol de Barcelona,0,5,2.5556
Spain_Primera_Division,2025-2026,Reial Club Deportiu Espanyol de Barcelona,0,6,1.5556
Spain_Primera_Division,2025-2026,Reial Club Deportiu Espanyol de Barcelona,0,7,1.2778
Spain_Primera_Division,2025-2026,Reial Club Deportiu Espanyol de Barcelona,1,0,2.8333
Spain_Primera_Division,2025-2026,Reial Club Deportiu Espanyol de Barcelona,1,1,2.9167
Spain_Primera_Division,2025-2026,Reial Club Deportiu Espanyol de Barcelona,1,2,5.9167
Spain_Primera_Division,2025-2026,Reial Club Deportiu Espanyol de Barcelona,1,3,10.3333
Spain_Primera_Division,2025-2026,Reial Club Deportiu Espanyol de Barcelona,1,4,13.1944
Spain_Primera_Division,2025-2026,Reial Club Deportiu Espanyol de Barcelona,1,5,6.0556
Spain_Primera_Division,2025-2026,Reial Club Deportiu Espanyol de Barcelona,1,6,2.9722
Spain_Primera_Division,2025-2026,Reial Club Deportiu Espanyol de Barcelona,1,7,2.3611
Spain_Primera_Division,2025-2026,Reial Club Deportiu Espanyol de Barcelona,2,0,4.4722
Spain_Primera_Division,2025-2026,Reial Club Deportiu Espanyol de Barcelona,2,1,3.6667
Spain_Primera_Division,2025-2026,Reial Club Deportiu Espanyol de Barcelona,2,2,6.6111
Spain_Primera_Division,2025-2026,Reial Club Deportiu Espanyol de Barcelona,2,3,5.7778
Spain_Primera_Division,2025-2026,Reial Club Deportiu Espanyol de Barcelona,2,4,5.2222
Spain_Primera_Division,2025-2026,Reial Club Deportiu Espanyol de Barcelona,2,5,6.2222
Spain_Primera_Division,2025-2026,Reial Club Deportiu Espanyol de Barcelona,2,6,4.0
Spain_Primera_Division,2025-2026,Reial Club Deportiu Espanyol de Barcelona,2,7,3.8611
Spain_Primera_Division,2025-2026,Reial Club Deportiu Espanyol de Barcelona,3,0,8.4167
Spain_Primera_Division,2025-2026,Reial Club Deportiu Espanyol de Barcelona,3,1,9.1111
Spain_Primera_Division,2025-2026,Reial Club Deportiu Espanyol de Barcelona,3,2,11.9167
Spain_Primera_Division,2025-2026,Reial Club Deportiu Espanyol de Barcelona,3,3,11.8333
Spain_Primera_Division,2025-2026,Reial Club Deportiu Espanyol de Barcelona,3,4,9.3056
Spain_Primera_Division,2025-2026,Reial Club Deportiu Espanyol de Barcelona,3,5,11.5278
Spain_Primera_Division,2025-2026,Reial Club Deportiu Espanyol de Barcelona,3,6,6.5278
Spain_Primera_Division,2025-2026,Reial Club Deportiu Espanyol de Barcelona,3,7,5.5556
Spain_Primera_Division,2025-2026,Reial Club Deportiu Espanyol de Barcelona,4,0,9.8611
Spain_Primera_Division,2025-2026,Reial Club Deportiu Espanyol de Barcelona,4,1,9.4167
Spain_Primera_Division,2025-2026,Reial Club Deportiu Espanyol de Barcelona,4,2,13.5833
Spain_Primera_Division,2025-2026,Reial Club Deportiu Espanyol de Barcelona,4,3,9.5833
Spain_Primera_Division,2025-2026,Reial Club Deportiu Espanyol de Barcelona,4,4,8.1389
Spain_Primera_Division,2025-2026,Reial Club Deportiu Espanyol de Barcelona,4,5,11.1667
Spain_Primera_Division,2025-2026,Reial Club Deportiu Espanyol de Barcelona,4,6,8.6944
Spain_Primera_Division,2025-2026,Reial Club Deportiu Espanyol de Barcelona,4,7,7.2778
Spain_Primera_Division,2025-2026,Reial Club Deportiu Espanyol de Barcelona,5,0,7.0833
Spain_Primera_Division,2025-2026,Reial Club Deportiu Espanyol de Barcelona,5,1,7.7778
Spain_Primera_Division,2025-2026,Reial Club Deportiu Espanyol de Barcelona,5,2,9.6389
Spain_Primera_Division,2025-2026,Reial Club Deportiu Espanyol de Barcelona,5,3,8.6667
Spain_Primera_Division,2025-2026,Reial Club Deportiu Espanyol de Barcelona,5,4,7.5278
Spain_Primera_Division,2025-2026,Reial Club Deportiu Espanyol de Barcelona,5,5,7.7778
Spain_Primera_Division,2025-2026,Reial Club Deportiu Espanyol de Barcelona,5,6,6.3333
Spain_Primera_Division,2025-2026,Reial Club Deportiu Espanyol de Barcelona,5,7,5.3056
Spain_Primera_Division,2025-2026,Reial Club Deportiu Espanyol de Barcelona,6,0,8.9444
Spain_Primera_Division,2025-2026,Reial Club Deportiu Espanyol de Barcelona,6,1,7.2778
Spain_Primera_Division,2025-2026,Reial Club Deportiu Espanyol de Barcelona,6,2,8.6389
Spain_Primera_Division,2025-2026,Reial Club Deportiu Espanyol de Barcelona,6,3,7.0556
Spain_Primera_Division,2025-2026,Reial Club Deportiu Espanyol de Barcelona,6,4,7.0278
Spain_Primera_Division,2025-2026,Reial Club Deportiu Espanyol de Barcelona,6,5,7.8889
Spain_Primera_Division,2025-2026,Reial Club Deportiu Espanyol de Barcelona,6,6,5.6667
Spain_Primera_Division,2025-2026,Reial Club Deportiu Espanyol de Barcelona,6,7,8.0278
Spain_Primera_Division,2025-2026,Reial Club Deportiu Espanyol de Barcelona,7,0,11.25
Spain_Primera_Division,2025-2026,Reial Club Deportiu Espanyol de Barcelona,7,1,10.0278
Spain_Primera_Division,2025-2026,Reial Club Deportiu Espanyol de Barcelona,7,2,8.9722
Spain_Primera_Division,2025-2026,Reial Club Deportiu Espanyol de Barcelona,7,3,5.2222
Spain_Primera_Division,2025-2026,Reial Club Deportiu Espanyol de Barcelona,7,4,5.1944
Spain_Primera_Division,2025-2026,Reial Club Deportiu Espanyol de Barcelona,7,5,7.7222
Spain_Primera_Division,2025-2026,Reial Club Deportiu Espanyol de Barcelona,7,6,7.2778
Spain_Primera_Division,2025-2026,Reial Club Deportiu Espanyol de Barcelona,7,7,9.8333
Spain_Primera_Division,2025-2026,Reial Club Deportiu Espanyol de Barcelona,8,0,8.3333
Spain_Primera_Division,2025-2026,Reial Club Deportiu Espanyol de Barcelona,8,1,6.8056
Spain_Primera_Division,2025-2026,Reial Club Deportiu Espanyol de Barcelona,8,2,6.1667
Spain_Primera_Division,2025-2026,Reial Club Deportiu Espanyol de Barcelona,8,3,5.9722
Spain_Primera_Division,2025-2026,Reial Club Deportiu Espanyol de Barcelona,8,4,6.1389
Spain_Primera_Division,2025-2026,Reial Club Deportiu Espanyol de Barcelona,8,5,6.3333
Spain_Primera_Division,2025-2026,Reial Club Deportiu Espanyol de Barcelona,8,6,6.5833
Spain_Primera_Division,2025-2026,Reial Club Deportiu Espanyol de Barcelona,8,7,8.9722
Spain_Primera_Division,2025-2026,Reial Club Deportiu Espanyol de Barcelona,9,0,6.6667
Spain_Primera_Division,2025-2026,Reial Club Deportiu Espanyol de Barcelona,9,1,3.5
Spain_Primera_Division,2025-2026,Reial Club Deportiu Espanyol de Barcelona,9,2,3.5278
Spain_Primera_Division,2025-2026,Reial Club Deportiu Espanyol de Barcelona,9,3,2.5556
Spain_Primera_Division,2025-2026,Reial Club Deportiu Espanyol de Barcelona,9,4,2.6667
Spain_Primera_Division,2025-2026,Reial Club Deportiu Espanyol de Barcelona,9,5,3.75
Spain_Primera_Division,2025-2026,Reial Club Deportiu Espanyol de Barcelona,9,6,3.9167
Spain_Primera_Division,2025-2026,Reial Club Deportiu Espanyol de Barcelona,9,7,5.3333
Spain_Primera_Division,2025-2026,Reial Club Deportiu Espanyol de Barcelona,10,0,5.8889
Spain_Primera_Division,2025-2026,Reial Club Deportiu Espanyol de Barcelona,10,1,3.5556
Spain_Primera_Division,2025-2026,Reial Club Deportiu Espanyol de Barcelona,10,2,2.9444
Spain_Primera_Division,2025-2026,Reial Club Deportiu Espanyol de Barcelona,10,3,4.5278
Spain_Primera_Division,2025-2026,Reial Club Deportiu Espanyol de Barcelona,10,4,3.5556
Spain_Primera_Division,2025-2026,Reial Club Deportiu Espanyol de Barcelona,10,5,2.6389
Spain_Primera_Division,2025-2026,Reial Club Deportiu Espanyol de Barcelona,10,6,3.3889
Spain_Primera_Division,2025-2026,Reial Club Deportiu Espanyol de Barcelona,10,7,5.5
Spain_Primera_Division,2025-2026,Reial Club Deportiu Espanyol de Barcelona,11,0,4.9444
Spain_Primera_Division,2025-2026,Reial Club Deportiu Espanyol de Barcelona,11,1,2.6667
Spain_Primera_Division,2025-2026,Reial Club Deportiu Espanyol de Barcelona,11,2,1.5833
Spain_Primera_Division,2025-2026,Reial Club Deportiu Espanyol de Barcelona,11,3,2.3611
Spain_Primera_Division,2025-2026,Reial Club Deportiu Espanyol de Barcelona,11,4,2.6389
Spain_Primera_Division,2025-2026,Reial Club Deportiu Espanyol de Barcelona,11,5,1.6944
Spain_Primera_Division,2025-2026,Reial Club Deportiu Espanyol de Barcelona,11,6,1.6389
Spain_Primera_Division,2025-2026,Reial Club Deportiu Espanyol de Barcelona,11,7,4.3611
Spain_Primera_Division,2025-2026,Real Oviedo,0,0,2.1944
Spain_Primera_Division,2025-2026,Real Oviedo,0,1,2.1667
Spain_Primera_Division,2025-2026,Real Oviedo,0,2,3.5556
Spain_Primera_Division,2025-2026,Real Oviedo,0,3,14.25
Spain_Primera_Division,2025-2026,Real Oviedo,0,4,14.25
Spain_Primera_Division,2025-2026,Real Oviedo,0,5,3.9167
Spain_Primera_Division,2025-2026,Real Oviedo,0,6,2.7778
Spain_Primera_Division,2025-2026,Real Oviedo,0,7,1.5556
Spain_Primera_Division,2025-2026,Real Oviedo,1,0,3.5556
Spain_Primera_Division,2025-2026,Real Oviedo,1,1,3.75
Spain_Primera_Division,2025-2026,Real Oviedo,1,2,7.1111
Spain_Primera_Division,2025-2026,Real Oviedo,1,3,14.3333
Spain_Primera_Division,2025-2026,Real Oviedo,1,4,12.3889
Spain_Primera_Division,2025-2026,Real Oviedo,1,5,6.9722
Spain_Primera_Division,2025-2026,Real Oviedo,1,6,4.3333
Spain_Primera_Division,2025-2026,Real Oviedo,1,7,3.6944
Spain_Primera_Division,2025-2026,Real Oviedo,2,0,4.8611
Spain_Primera_Division,2025-2026,Real Oviedo,2,1,4.5556
Spain_Primera_Division,2025-2026,Real Oviedo,2,2,8.8889
Spain_Primera_Division,2025-2026,Real Oviedo,2,3,7.0
Spain_Primera_Division,2025-2026,Real Oviedo,2,4,5.75
Spain_Primera_Division,2025-2026,Real Oviedo,2,5,9.0
Spain_Primera_Division,2025-2026,Real Oviedo,2,6,7.3333
Spain_Primera_Division,2025-2026,Real Oviedo,2,7,6.9722
Spain_Primera_Division,2025-2026,Real Oviedo,3,0,9.0556
Spain_Primera_Division,2025-2026,Real Oviedo,3,1,9.1389
Spain_Primera_Division,2025-2026,Real Oviedo,3,2,11.8889
Spain_Primera_Division,2025-2026,Real Oviedo,3,3,10.5
Spain_Primera_Division,2025-2026,Real Oviedo,3,4,8.9722
Spain_Primera_Division,2025-2026,Real Oviedo,3,5,13.1111
Spain_Primera_Division,2025-2026,Real Oviedo,3,6,11.9167
Spain_Primera_Division,2025-2026,Real Oviedo,3,7,11.5278
Spain_Primera_Division,2025-2026,Real Oviedo,4,0,10.5
Spain_Primera_Division,2025-2026,Real Oviedo,4,1,10.25
Spain_Primera_Division,2025-2026,Real Oviedo,4,2,11.5278
Spain_Primera_Division,2025-2026,Real Oviedo,4,3,7.5556
Spain_Primera_Division,2025-2026,Real Oviedo,4,4,7.7778
Spain_Primera_Division,2025-2026,Real Oviedo,4,5,12.8333
Spain_Primera_Division,2025-2026,Real Oviedo,4,6,11.25
Spain_Primera_Division,2025-2026,Real Oviedo,4,7,13.0556
Spain_Primera_Division,2025-2026,Real Oviedo,5,0,7.3333
Spain_Primera_Division,2025-2026,Real Oviedo,5,1,6.3056
Spain_Primera_Division,2025-2026,Real Oviedo,5,2,8.3889
Spain_Primera_Division,2025-2026,Real Oviedo,5,3,6.6944
Spain_Primera_Division,2025-2026,Real Oviedo,5,4,7.0833
Spain_Primera_Division,2025-2026,Real Oviedo,5,5,9.7778
Spain_Primera_Division,2025-2026,Real Oviedo,5,6,9.1667
Spain_Primera_Division,2025-2026,Real Oviedo,5,7,9.9167
Spain_Primera_Division,2025-2026,Real Oviedo,6,0,7.5833
Spain_Primera_Division,2025-2026,Real Oviedo,6,1,5.3333
Spain_Primera_Division,2025-2026,Real Oviedo,6,2,6.8333
Spain_Primera_Division,2025-2026,Real Oviedo,6,3,5.6111
Spain_Primera_Division,2025-2026,Real Oviedo,6,4,6.5556
Spain_Primera_Division,2025-2026,Real Oviedo,6,5,7.6389
Spain_Primera_Division,2025-2026,Real Oviedo,6,6,8.2778
Spain_Primera_Division,2025-2026,Real Oviedo,6,7,10.7222
Spain_Primera_Division,2025-2026,Real Oviedo,7,0,9.7222
Spain_Primera_Division,2025-2026,Real Oviedo,7,1,6.7222
Spain_Primera_Division,2025-2026,Real Oviedo,7,2,8.1667
Spain_Primera_Division,2025-2026,Real Oviedo,7,3,3.9167
Spain_Primera_Division,2025-2026,Real Oviedo,7,4,4.4722
Spain_Primera_Division,2025-2026,Real Oviedo,7,5,8.0556
Spain_Primera_Division,2025-2026,Real Oviedo,7,6,9.9722
Spain_Primera_Division,2025-2026,Real Oviedo,7,7,12.4722
Spain_Primera_Division,2025-2026,Real Oviedo,8,0,7.8611
Spain_Primera_Division,2025-2026,Real Oviedo,8,1,5.8611
Spain_Primera_Division,2025-2026,Real Oviedo,8,2,4.3889
Spain_Primera_Division,2025-2026,Real Oviedo,8,3,4.0833
Spain_Primera_Division,2025-2026,Real Oviedo,8,4,4.3333
Spain_Primera_Division,2025-2026,Real Oviedo,8,5,5.4722
Spain_Primera_Division,2025-2026,Real Oviedo,8,6,8.8056
Spain_Primera_Division,2025-2026,Real Oviedo,8,7,9.5278
Spain_Primera_Division,2025-2026,Real Oviedo,9,0,5.1667
Spain_Primera_Division,2025-2026,Real Oviedo,9,1,3.3056
Spain_Primera_Division,2025-2026,Real Oviedo,9,2,2.5278
Spain_Primera_Division,2025-2026,Real Oviedo,9,3,2.3056
Spain_Primera_Division,2025-2026,Real Oviedo,9,4,2.0556
Spain_Primera_Division,2025-2026,Real Oviedo,9,5,2.6389
Spain_Primera_Division,2025-2026,Real Oviedo,9,6,3.4444
Spain_Primera_Division,2025-2026,Real Oviedo,9,7,6.6389
Spain_Primera_Division,2025-2026,Real Oviedo,10,0,4.6111
Spain_Primera_Division,2025-2026,Real Oviedo,10,1,2.8889
Spain_Primera_Division,2025-2026,Real Oviedo,10,2,2.1944
Spain_Primera_Division,2025-2026,Real Oviedo,10,3,3.1389
Spain_Primera_Division,2025-2026,Real Oviedo,10,4,3.4444
Spain_Primera_Division,2025-2026,Real Oviedo,10,5,2.5
Spain_Primera_Division,2025-2026,Real Oviedo,10,6,2.5833
Spain_Primera_Division,2025-2026,Real Oviedo,10,7,5.0278
Spain_Primera_Division,2025-2026,Real Oviedo,11,0,3.5278
Spain_Primera_Division,2025-2026,Real Oviedo,11,1,2.0556
Spain_Primera_Division,2025-2026,Real Oviedo,11,2,1.75
Spain_Primera_Division,2025-2026,Real Oviedo,11,3,1.5
Spain_Primera_Division,2025-2026,Real Oviedo,11,4,2.0
Spain_Primera_Division,2025-2026,Real Oviedo,11,5,1.9167
Spain_Primera_Division,2025-2026,Real Oviedo,11,6,2.0278
Spain_Primera_Division,2025-2026,Real Oviedo,11,7,4.25
Spain_Primera_Division,2025-2026,Girona FC,0,0,2.3611
Spain_Primera_Division,2025-2026,Girona FC,0,1,2.4167
Spain_Primera_Division,2025-2026,Girona FC,0,2,3.9722
Spain_Primera_Division,2025-2026,Girona FC,0,3,17.3611
Spain_Primera_Division,2025-2026,Girona FC,0,4,15.3056
Spain_Primera_Division,2025-2026,Girona FC,0,5,3.9444
Spain_Primera_Division,2025-2026,Girona FC,0,6,1.8056
Spain_Primera_Division,2025-2026,Girona FC,0,7,1.7222
Spain_Primera_Division,2025-2026,Girona FC,1,0,5.9167
Spain_Primera_Division,2025-2026,Girona FC,1,1,5.0556
Spain_Primera_Division,2025-2026,Girona FC,1,2,6.8056
Spain_Primera_Division,2025-2026,Girona FC,1,3,14.8611
Spain_Primera_Division,2025-2026,Girona FC,1,4,12.6667
Spain_Primera_Division,2025-2026,Girona FC,1,5,7.0278
Spain_Primera_Division,2025-2026,Girona FC,1,6,5.4722
Spain_Primera_Division,2025-2026,Girona FC,1,7,4.6111
Spain_Primera_Division,2025-2026,Girona FC,2,0,7.1389
Spain_Primera_Division,2025-2026,Girona FC,2,1,6.6389
Spain_Primera_Division,2025-2026,Girona FC,2,2,8.8611
Spain_Primera_Division,2025-2026,Girona FC,2,3,7.8611
Spain_Primera_Division,2025-2026,Girona FC,2,4,7.0278
Spain_Primera_Division,2025-2026,Girona FC,2,5,8.8611
Spain_Primera_Division,2025-2026,Girona FC,2,6,6.5278
Spain_Primera_Division,2025-2026,Girona FC,2,7,5.75
Spain_Primera_Division,2025-2026,Girona FC,3,0,9.7222
Spain_Primera_Division,2025-2026,Girona FC,3,1,10.3333
Spain_Primera_Division,2025-2026,Girona FC,3,2,14.0
Spain_Primera_Division,2025-2026,Girona FC,3,3,10.5556
Spain_Primera_Division,2025-2026,Girona FC,3,4,10.8611
Spain_Primera_Division,2025-2026,Girona FC,3,5,13.1111
Spain_Primera_Division,2025-2026,Girona FC,3,6,10.2222
Spain_Primera_Division,2025-2026,Girona FC,3,7,9.9167
Spain_Primera_Division,2025-2026,Girona FC,4,0,9.0278
Spain_Primera_Division,2025-2026,Girona FC,4,1,9.1667
Spain_Primera_Division,2025-2026,Girona FC,4,2,11.8333
Spain_Primera_Division,2025-2026,Girona FC,4,3,9.25
Spain_Primera_Division,2025-2026,Girona FC,4,4,8.9444
Spain_Primera_Division,2025-2026,Girona FC,4,5,13.1389
Spain_Primera_Division,2025-2026,Girona FC,4,6,10.8611
Spain_Primera_Division,2025-2026,Girona FC,4,7,8.9167
Spain_Primera_Division,2025-2026,Girona FC,5,0,7.0556
Spain_Primera_Division,2025-2026,Girona FC,5,1,6.5278
Spain_Primera_Division,2025-2026,Girona FC,5,2,10.0556
Spain_Primera_Division,2025-2026,Girona FC,5,3,7.6944
Spain_Primera_Division,2025-2026,Girona FC,5,4,8.8333
Spain_Primera_Division,2025-2026,Girona FC,5,5,10.6389
Spain_Primera_Division,2025-2026,Girona FC,5,6,7.0833
Spain_Primera_Division,2025-2026,Girona FC,5,7,6.1667
Spain_Primera_Division,2025-2026,Girona FC,6,0,7.1667
Spain_Primera_Division,2025-2026,Girona FC,6,1,7.5
Spain_Primera_Division,2025-2026,Girona FC,6,2,10.3056
Spain_Primera_Division,2025-2026,Girona FC,6,3,7.6389
Spain_Primera_Division,2025-2026,Girona FC,6,4,6.9167
Spain_Primera_Division,2025-2026,Girona FC,6,5,9.2222
Spain_Primera_Division,2025-2026,Girona FC,6,6,7.8333
Spain_Primera_Division,2025-2026,Girona FC,6,7,8.8056
Spain_Primera_Division,2025-2026,Girona FC,7,0,10.9444
Spain_Primera_Division,2025-2026,Girona FC,7,1,9.7778
Spain_Primera_Division,2025-2026,Girona FC,7,2,10.5833
Spain_Primera_Division,2025-2026,Girona FC,7,3,5.1389
Spain_Primera_Division,2025-2026,Girona FC,7,4,5.5
Spain_Primera_Division,2025-2026,Girona FC,7,5,9.1389
Spain_Primera_Division,2025-2026,Girona FC,7,6,9.5278
Spain_Primera_Division,2025-2026,Girona FC,7,7,11.3611
Spain_Primera_Division,2025-2026,Girona FC,8,0,11.3333
Spain_Primera_Division,2025-2026,Girona FC,8,1,10.7778
Spain_Primera_Division,2025-2026,Girona FC,8,2,9.1111
Spain_Primera_Division,2025-2026,Girona FC,8,3,5.8333
Spain_Primera_Division,2025-2026,Girona FC,8,4,5.75
Spain_Primera_Division,2025-2026,Girona FC,8,5,8.3889
Spain_Primera_Division,2025-2026,Girona FC,8,6,10.1389
Spain_Primera_Division,2025-2026,Girona FC,8,7,10.6111
Spain_Primera_Division,2025-2026,Girona FC,9,0,9.4167
Spain_Primera_Division,2025-2026,Girona FC,9,1,6.6944
Spain_Primera_Division,2025-2026,Girona FC,9,2,5.0833
Spain_Primera_Division,2025-2026,Girona FC,9,3,2.75
Spain_Primera_Division,2025-2026,Girona FC,9,4,3.1389
Spain_Primera_Division,2025-2026,Girona FC,9,5,6.0556
Spain_Primera_Division,2025-2026,Girona FC,9,6,5.5833
Spain_Primera_Division,2025-2026,Girona FC,9,7,6.9167
Spain_Primera_Division,2025-2026,Girona FC,10,0,5.1944
Spain_Primera_Division,2025-2026,Girona FC,10,1,4.0556
Spain_Primera_Division,2025-2026,Girona FC,10,2,3.2778
Spain_Primera_Division,2025-2026,Girona FC,10,3,2.7222
Spain_Primera_Division,2025-2026,Girona FC,10,4,3.0278
Spain_Primera_Division,2025-2026,Girona FC,10,5,3.4167
Spain_Primera_Division,2025-2026,Girona FC,10,6,3.75
Spain_Primera_Division,2025-2026,Girona FC,10,7,4.6389
Spain_Primera_Division,2025-2026,Girona FC,11,0,3.1944
Spain_Primera_Division,2025-2026,Girona FC,11,1,2.75
Spain_Primera_Division,2025-2026,Girona FC,11,2,1.75
Spain_Primera_Division,2025-2026,Girona FC,11,3,1.3333
Spain_Primera_Division,2025-2026,Girona FC,11,4,1.5556
Spain_Primera_Division,2025-2026,Girona FC,11,5,2.0556
Spain_Primera_Division,2025-2026,Girona FC,11,6,2.9444
Spain_Primera_Division,2025-2026,Girona FC,11,7,3.9722
Spain_Primera_Division,2025-2026,Real Club Deportivo Mallorca,0,0,2.5
Spain_Primera_Division,2025-2026,Real Club Deportivo Mallorca,0,1,2.5278
Spain_Primera_Division,2025-2026,Real Club Deportivo Mallorca,0,2,4.2778
Spain_Primera_Division,2025-2026,Real Club Deportivo Mallorca,0,3,14.8333
Spain_Primera_Division,2025-2026,Real Club Deportivo Mallorca,0,4,14.1944
Spain_Primera_Division,2025-2026,Real Club Deportivo Mallorca,0,5,3.6667
Spain_Primera_Division,2025-2026,Real Club Deportivo Mallorca,0,6,2.0556
Spain_Primera_Division,2025-2026,Real Club Deportivo Mallorca,0,7,2.3611
Spain_Primera_Division,2025-2026,Real Club Deportivo Mallorca,1,0,4.2778
Spain_Primera_Division,2025-2026,Real Club Deportivo Mallorca,1,1,4.3611
Spain_Primera_Division,2025-2026,Real Club Deportivo Mallorca,1,2,7.2222
Spain_Primera_Division,2025-2026,Real Club Deportivo Mallorca,1,3,12.8611
Spain_Primera_Division,2025-2026,Real Club Deportivo Mallorca,1,4,10.9444
Spain_Primera_Division,2025-2026,Real Club Deportivo Mallorca,1,5,5.5833
Spain_Primera_Division,2025-2026,Real Club Deportivo Mallorca,1,6,4.3333
Spain_Primera_Division,2025-2026,Real Club Deportivo Mallorca,1,7,4.9444
Spain_Primera_Division,2025-2026,Real Club Deportivo Mallorca,2,0,5.5556
Spain_Primera_Division,2025-2026,Real Club Deportivo Mallorca,2,1,5.8056
Spain_Primera_Division,2025-2026,Real Club Deportivo Mallorca,2,2,7.3056
Spain_Primera_Division,2025-2026,Real Club Deportivo Mallorca,2,3,6.5278
Spain_Primera_Division,2025-2026,Real Club Deportivo Mallorca,2,4,6.2778
Spain_Primera_Division,2025-2026,Real Club Deportivo Mallorca,2,5,6.3611
Spain_Primera_Division,2025-2026,Real Club Deportivo Mallorca,2,6,6.1111
Spain_Primera_Division,2025-2026,Real Club Deportivo Mallorca,2,7,5.6111
Spain_Primera_Division,2025-2026,Real Club Deportivo Mallorca,3,0,9.25
Spain_Primera_Division,2025-2026,Real Club Deportivo Mallorca,3,1,7.9167
Spain_Primera_Division,2025-2026,Real Club Deportivo Mallorca,3,2,11.3333
Spain_Primera_Division,2025-2026,Real Club Deportivo Mallorca,3,3,9.5278
Spain_Primera_Division,2025-2026,Real Club Deportivo Mallorca,3,4,9.8889
Spain_Primera_Division,2025-2026,Real Club Deportivo Mallorca,3,5,10.5833
Spain_Primera_Division,2025-2026,Real Club Deportivo Mallorca,3,6,9.9167
Spain_Primera_Division,2025-2026,Real Club Deportivo Mallorca,3,7,10.6111
Spain_Primera_Division,2025-2026,Real Club Deportivo Mallorca,4,0,8.7222
Spain_Primera_Division,2025-2026,Real Club Deportivo Mallorca,4,1,8.6111
Spain_Primera_Division,2025-2026,Real Club Deportivo Mallorca,4,2,12.1667
Spain_Primera_Division,2025-2026,Real Club Deportivo Mallorca,4,3,6.4444
Spain_Primera_Division,2025-2026,Real Club Deportivo Mallorca,4,4,8.3889
Spain_Primera_Division,2025-2026,Real Club Deportivo Mallorca,4,5,11.6389
Spain_Primera_Division,2025-2026,Real Club Deportivo Mallorca,4,6,10.1667
Spain_Primera_Division,2025-2026,Real Club Deportivo Mallorca,4,7,11.6111
Spain_Primera_Division,2025-2026,Real Club Deportivo Mallorca,5,0,5.3333
Spain_Primera_Division,2025-2026,Real Club Deportivo Mallorca,5,1,6.5
Spain_Primera_Division,2025-2026,Real Club Deportivo Mallorca,5,2,7.8056
Spain_Primera_Division,2025-2026,Real Club Deportivo Mallorca,5,3,7.6944
Spain_Primera_Division,2025-2026,Real Club Deportivo Mallorca,5,4,7.6944
Spain_Primera_Division,2025-2026,Real Club Deportivo Mallorca,5,5,8.5833
Spain_Primera_Division,2025-2026,Real Club Deportivo Mallorca,5,6,6.8333
Spain_Primera_Division,2025-2026,Real Club Deportivo Mallorca,5,7,8.3611
Spain_Primera_Division,2025-2026,Real Club Deportivo Mallorca,6,0,7.8333
Spain_Primera_Division,2025-2026,Real Club Deportivo Mallorca,6,1,7.5278
Spain_Primera_Division,2025-2026,Real Club Deportivo Mallorca,6,2,8.5
Spain_Primera_Division,2025-2026,Real Club Deportivo Mallorca,6,3,7.1944
Spain_Primera_Division,2025-2026,Real Club Deportivo Mallorca,6,4,7.6111
Spain_Primera_Division,2025-2026,Real Club Deportivo Mallorca,6,5,8.4167
Spain_Primera_Division,2025-2026,Real Club Deportivo Mallorca,6,6,7.9167
Spain_Primera_Division,2025-2026,Real Club Deportivo Mallorca,6,7,8.9167
Spain_Primera_Division,2025-2026,Real Club Deportivo Mallorca,7,0,10.5278
Spain_Primera_Division,2025-2026,Real Club Deportivo Mallorca,7,1,9.5278
Spain_Primera_Division,2025-2026,Real Club Deportivo Mallorca,7,2,8.6111
Spain_Primera_Division,2025-2026,Real Club Deportivo Mallorca,7,3,4.9444
Spain_Primera_Division,2025-2026,Real Club Deportivo Mallorca,7,4,4.8333
Spain_Primera_Division,2025-2026,Real Club Deportivo Mallorca,7,5,10.0833
Spain_Primera_Division,2025-2026,Real Club Deportivo Mallorca,7,6,9.6667
Spain_Primera_Division,2025-2026,Real Club Deportivo Mallorca,7,7,13.5
Spain_Primera_Division,2025-2026,Real Club Deportivo Mallorca,8,0,10.2778
Spain_Primera_Division,2025-2026,Real Club Deportivo Mallorca,8,1,7.0278
Spain_Primera_Division,2025-2026,Real Club Deportivo Mallorca,8,2,6.8056
Spain_Primera_Division,2025-2026,Real Club Deportivo Mallorca,8,3,5.0
Spain_Primera_Division,2025-2026,Real Club Deportivo Mallorca,8,4,4.75
Spain_Primera_Division,2025-2026,Real Club Deportivo Mallorca,8,5,6.5
Spain_Primera_Division,2025-2026,Real Club Deportivo Mallorca,8,6,8.5556
Spain_Primera_Division,2025-2026,Real Club Deportivo Mallorca,8,7,11.6389
Spain_Primera_Division,2025-2026,Real Club Deportivo Mallorca,9,0,5.2778
Spain_Primera_Division,2025-2026,Real Club Deportivo Mallorca,9,1,2.4722
Spain_Primera_Division,2025-2026,Real Club Deportivo Mallorca,9,2,2.1944
Spain_Primera_Division,2025-2026,Real Club Deportivo Mallorca,9,3,1.75
Spain_Primera_Division,2025-2026,Real Club Deportivo Mallorca,9,4,2.0833
Spain_Primera_Division,2025-2026,Real Club Deportivo Mallorca,9,5,3.1667
Spain_Primera_Division,2025-2026,Real Club Deportivo Mallorca,9,6,3.8056
Spain_Primera_Division,2025-2026,Real Club Deportivo Mallorca,9,7,7.75
Spain_Primera_Division,2025-2026,Real Club Deportivo Mallorca,10,0,3.9167
Spain_Primera_Division,2025-2026,Real Club Deportivo Mallorca,10,1,1.8056
Spain_Primera_Division,2025-2026,Real Club Deportivo Mallorca,10,2,2.5833
Spain_Primera_Division,2025-2026,Real Club Deportivo Mallorca,10,3,3.6944
Spain_Primera_Division,2025-2026,Real Club Deportivo Mallorca,10,4,4.5
Spain_Primera_Division,2025-2026,Real Club Deportivo Mallorca,10,5,2.8889
Spain_Primera_Division,2025-2026,Real Club Deportivo Mallorca,10,6,3.1944
Spain_Primera_Division,2025-2026,Real Club Deportivo Mallorca,10,7,5.5278
Spain_Primera_Division,2025-2026,Real Club Deportivo Mallorca,11,0,3.4167
Spain_Primera_Division,2025-2026,Real Club Deportivo Mallorca,11,1,1.6667
Spain_Primera_Division,2025-2026,Real Club Deportivo Mallorca,11,2,1.4722
Spain_Primera_Division,2025-2026,Real Club Deportivo Mallorca,11,3,2.0
Spain_Primera_Division,2025-2026,Real Club Deportivo Mallorca,11,4,1.3333
Spain_Primera_Division,2025-2026,Real Club Deportivo Mallorca,11,5,1.5
Spain_Primera_Division,2025-2026,Real Club Deportivo Mallorca,11,6,2.25
Spain_Primera_Division,2025-2026,Real Club Deportivo Mallorca,11,7,4.0278
Spain_Primera_Division,2025-2026,Levante UD,0,0,0.9444
Spain_Primera_Division,2025-2026,Levante UD,0,1,1.4444
Spain_Primera_Division,2025-2026,Levante UD,0,2,2.9722
Spain_Primera_Division,2025-2026,Levante UD,0,3,13.8056
Spain_Primera_Division,2025-2026,Levante UD,0,4,15.0278
Spain_Primera_Division,2025-2026,Levante UD,0,5,3.4722
Spain_Primera_Division,2025-2026,Levante UD,0,6,2.0833
Spain_Primera_Division,2025-2026,Levante UD,0,7,1.8611
Spain_Primera_Division,2025-2026,Levante UD,1,0,3.1111
Spain_Primera_Division,2025-2026,Levante UD,1,1,4.1944
Spain_Primera_Division,2025-2026,Levante UD,1,2,6.25
Spain_Primera_Division,2025-2026,Levante UD,1,3,13.1667
Spain_Primera_Division,2025-2026,Levante UD,1,4,12.0833
Spain_Primera_Division,2025-2026,Levante UD,1,5,6.0278
Spain_Primera_Division,2025-2026,Levante UD,1,6,4.3056
Spain_Primera_Division,2025-2026,Levante UD,1,7,3.4167
Spain_Primera_Division,2025-2026,Levante UD,2,0,5.1111
Spain_Primera_Division,2025-2026,Levante UD,2,1,5.3611
Spain_Primera_Division,2025-2026,Levante UD,2,2,7.1944
Spain_Primera_Division,2025-2026,Levante UD,2,3,5.8056
Spain_Primera_Division,2025-2026,Levante UD,2,4,5.25
Spain_Primera_Division,2025-2026,Levante UD,2,5,7.7778
Spain_Primera_Division,2025-2026,Levante UD,2,6,5.0278
Spain_Primera_Division,2025-2026,Levante UD,2,7,6.0
Spain_Primera_Division,2025-2026,Levante UD,3,0,8.25
Spain_Primera_Division,2025-2026,Levante UD,3,1,8.8889
Spain_Primera_Division,2025-2026,Levante UD,3,2,12.3889
Spain_Primera_Division,2025-2026,Levante UD,3,3,8.8333
Spain_Primera_Division,2025-2026,Levante UD,3,4,8.0
Spain_Primera_Division,2025-2026,Levante UD,3,5,11.9167
Spain_Primera_Division,2025-2026,Levante UD,3,6,8.8611
Spain_Primera_Division,2025-2026,Levante UD,3,7,8.7222
Spain_Primera_Division,2025-2026,Levante UD,4,0,10.1667
Spain_Primera_Division,2025-2026,Levante UD,4,1,9.7222
Spain_Primera_Division,2025-2026,Levante UD,4,2,12.6111
Spain_Primera_Division,2025-2026,Levante UD,4,3,7.0556
Spain_Primera_Division,2025-2026,Levante UD,4,4,6.8056
Spain_Primera_Division,2025-2026,Levante UD,4,5,11.3889
Spain_Primera_Division,2025-2026,Levante UD,4,6,9.3333
Spain_Primera_Division,2025-2026,Levante UD,4,7,8.4722
Spain_Primera_Division,2025-2026,Levante UD,5,0,7.3333
Spain_Primera_Division,2025-2026,Levante UD,5,1,7.5
Spain_Primera_Division,2025-2026,Levante UD,5,2,8.6389
Spain_Primera_Division,2025-2026,Levante UD,5,3,6.6944
Spain_Primera_Division,2025-2026,Levante UD,5,4,6.6667
Spain_Primera_Division,2025-2026,Levante UD,5,5,8.3611
Spain_Primera_Division,2025-2026,Levante UD,5,6,6.9722
Spain_Primera_Division,2025-2026,Levante UD,5,7,6.7778
Spain_Primera_Division,2025-2026,Levante UD,6,0,8.7778
Spain_Primera_Division,2025-2026,Levante UD,6,1,7.9167
Spain_Primera_Division,2025-2026,Levante UD,6,2,6.8056
Spain_Primera_Division,2025-2026,Levante UD,6,3,6.3333
Spain_Primera_Division,2025-2026,Levante UD,6,4,5.3056
Spain_Primera_Division,2025-2026,Levante UD,6,5,7.7778
Spain_Primera_Division,2025-2026,Levante UD,6,6,7.8611
Spain_Primera_Division,2025-2026,Levante UD,6,7,7.1111
Spain_Primera_Division,2025-2026,Levante UD,7,0,10.0556
Spain_Primera_Division,2025-2026,Levante UD,7,1,8.2222
Spain_Primera_Division,2025-2026,Levante UD,7,2,8.6944
Spain_Primera_Division,2025-2026,Levante UD,7,3,4.5278
Spain_Primera_Division,2025-2026,Levante UD,7,4,4.4444
Spain_Primera_Division,2025-2026,Levante UD,7,5,8.3056
Spain_Primera_Division,2025-2026,Levante UD,7,6,8.1944
Spain_Primera_Division,2025-2026,Levante UD,7,7,8.6667
Spain_Primera_Division,2025-2026,Levante UD,8,0,9.4722
Spain_Primera_Division,2025-2026,Levante UD,8,1,7.5833
Spain_Primera_Division,2025-2026,Levante UD,8,2,7.0556
Spain_Primera_Division,2025-2026,Levante UD,8,3,4.7222
Spain_Primera_Division,2025-2026,Levante UD,8,4,5.0556
Spain_Primera_Division,2025-2026,Levante UD,8,5,6.6667
Spain_Primera_Division,2025-2026,Levante UD,8,6,7.3611
Spain_Primera_Division,2025-2026,Levante UD,8,7,7.7222
Spain_Primera_Division,2025-2026,Levante UD,9,0,5.75
Spain_Primera_Division,2025-2026,Levante UD,9,1,3.4722
Spain_Primera_Division,2025-2026,Levante UD,9,2,3.6111
Spain_Primera_Division,2025-2026,Levante UD,9,3,2.75
Spain_Primera_Division,2025-2026,Levante UD,9,4,3.1389
Spain_Primera_Division,2025-2026,Levante UD,9,5,4.0833
Spain_Primera_Division,2025-2026,Levante UD,9,6,3.7222
Spain_Primera_Division,2025-2026,Levante UD,9,7,4.9722
Spain_Primera_Division,2025-2026,Levante UD,10,0,4.4722
Spain_Primera_Division,2025-2026,Levante UD,10,1,2.6667
Spain_Primera_Division,2025-2026,Levante UD,10,2,3.2778
Spain_Primera_Division,2025-2026,Levante UD,10,3,4.6111
Spain_Primera_Division,2025-2026,Levante UD,10,4,4.25
Spain_Primera_Division,2025-2026,Levante UD,10,5,2.9722
Spain_Primera_Division,2025-2026,Levante UD,10,6,2.5
Spain_Primera_Division,2025-2026,Levante UD,10,7,4.9722
Spain_Primera_Division,2025-2026,Levante UD,11,0,3.5278
Spain_Primera_Division,2025-2026,Levante UD,11,1,1.6944
Spain_Primera_Division,2025-2026,Levante UD,11,2,1.2222
Spain_Primera_Division,2025-2026,Levante UD,11,3,2.0278
Spain_Primera_Division,2025-2026,Levante UD,11,4,1.7222
Spain_Primera_Division,2025-2026,Levante UD,11,5,1.9167
Spain_Primera_Division,2025-2026,Levante UD,11,6,1.5556
Spain_Primera_Division,2025-2026,Levante UD,11,7,3.8333
Spain_Primera_Division,2025-2026,Real Club Celta de Vigo,0,0,1.0278
Spain_Primera_Division,2025-2026,Real Club Celta de Vigo,0,1,1.8889
Spain_Primera_Division,2025-2026,Real Club Celta de Vigo,0,2,3.75
Spain_Primera_Division,2025-2026,Real Club Celta de Vigo,0,3,14.3333
Spain_Primera_Division,2025-2026,Real Club Celta de Vigo,0,4,12.4444
Spain_Primera_Division,2025-2026,Real Club Celta de Vigo,0,5,3.6667
Spain_Primera_Division,2025-2026,Real Club Celta de Vigo,0,6,2.3333
Spain_Primera_Division,2025-2026,Real Club Celta de Vigo,0,7,1.6389
Spain_Primera_Division,2025-2026,Real Club Celta de Vigo,1,0,3.9444
Spain_Primera_Division,2025-2026,Real Club Celta de Vigo,1,1,4.5556
Spain_Primera_Division,2025-2026,Real Club Celta de Vigo,1,2,7.4444
Spain_Primera_Division,2025-2026,Real Club Celta de Vigo,1,3,13.8333
Spain_Primera_Division,2025-2026,Real Club Celta de Vigo,1,4,12.3333
Spain_Primera_Division,2025-2026,Real Club Celta de Vigo,1,5,7.5556
Spain_Primera_Division,2025-2026,Real Club Celta de Vigo,1,6,5.6111
Spain_Primera_Division,2025-2026,Real Club Celta de Vigo,1,7,5.3611
Spain_Primera_Division,2025-2026,Real Club Celta de Vigo,2,0,5.1389
Spain_Primera_Division,2025-2026,Real Club Celta de Vigo,2,1,6.4167
Spain_Primera_Division,2025-2026,Real Club Celta de Vigo,2,2,6.9444
Spain_Primera_Division,2025-2026,Real Club Celta de Vigo,2,3,7.5278
Spain_Primera_Division,2025-2026,Real Club Celta de Vigo,2,4,5.6389
Spain_Primera_Division,2025-2026,Real Club Celta de Vigo,2,5,6.9167
Spain_Primera_Division,2025-2026,Real Club Celta de Vigo,2,6,6.3333
Spain_Primera_Division,2025-2026,Real Club Celta de Vigo,2,7,5.6667
Spain_Primera_Division,2025-2026,Real Club Celta de Vigo,3,0,8.25
Spain_Primera_Division,2025-2026,Real Club Celta de Vigo,3,1,9.7222
Spain_Primera_Division,2025-2026,Real Club Celta de Vigo,3,2,12.6944
Spain_Primera_Division,2025-2026,Real Club Celta de Vigo,3,3,12.25
Spain_Primera_Division,2025-2026,Real Club Celta de Vigo,3,4,10.3889
Spain_Primera_Division,2025-2026,Real Club Celta de Vigo,3,5,11.9722
Spain_Primera_Division,2025-2026,Real Club Celta de Vigo,3,6,9.8611
Spain_Primera_Division,2025-2026,Real Club Celta de Vigo,3,7,8.75
Spain_Primera_Division,2025-2026,Real Club Celta de Vigo,4,0,9.3889
Spain_Primera_Division,2025-2026,Real Club Celta de Vigo,4,1,9.0278
Spain_Primera_Division,2025-2026,Real Club Celta de Vigo,4,2,15.0278
Spain_Primera_Division,2025-2026,Real Club Celta de Vigo,4,3,13.1111
Spain_Primera_Division,2025-2026,Real Club Celta de Vigo,4,4,11.5
Spain_Primera_Division,2025-2026,Real Club Celta de Vigo,4,5,15.3889
Spain_Primera_Division,2025-2026,Real Club Celta de Vigo,4,6,10.0556
Spain_Primera_Division,2025-2026,Real Club Celta de Vigo,4,7,9.0278
Spain_Primera_Division,2025-2026,Real Club Celta de Vigo,5,0,6.2222
Spain_Primera_Division,2025-2026,Real Club Celta de Vigo,5,1,6.8056
Spain_Primera_Division,2025-2026,Real Club Celta de Vigo,5,2,11.6111
Spain_Primera_Division,2025-2026,Real Club Celta de Vigo,5,3,9.3333
Spain_Primera_Division,2025-2026,Real Club Celta de Vigo,5,4,9.6389
Spain_Primera_Division,2025-2026,Real Club Celta de Vigo,5,5,10.6667
Spain_Primera_Division,2025-2026,Real Club Celta de Vigo,5,6,7.5556
Spain_Primera_Division,2025-2026,Real Club Celta de Vigo,5,7,6.3056
Spain_Primera_Division,2025-2026,Real Club Celta de Vigo,6,0,6.5556
Spain_Primera_Division,2025-2026,Real Club Celta de Vigo,6,1,8.1111
Spain_Primera_Division,2025-2026,Real Club Celta de Vigo,6,2,11.0278
Spain_Primera_Division,2025-2026,Real Club Celta de Vigo,6,3,10.3056
Spain_Primera_Division,2025-2026,Real Club Celta de Vigo,6,4,8.4444
Spain_Primera_Division,2025-2026,Real Club Celta de Vigo,6,5,9.9444
Spain_Primera_Division,2025-2026,Real Club Celta de Vigo,6,6,9.7222
Spain_Primera_Division,2025-2026,Real Club Celta de Vigo,6,7,7.0556
Spain_Primera_Division,2025-2026,Real Club Celta de Vigo,7,0,10.5278
Spain_Primera_Division,2025-2026,Real Club Celta de Vigo,7,1,10.8333
Spain_Primera_Division,2025-2026,Real Club Celta de Vigo,7,2,15.0
Spain_Primera_Division,2025-2026,Real Club Celta de Vigo,7,3,8.8889
Spain_Primera_Division,2025-2026,Real Club Celta de Vigo,7,4,8.25
Spain_Primera_Division,2025-2026,Real Club Celta de Vigo,7,5,11.6944
Spain_Primera_Division,2025-2026,Real Club Celta de Vigo,7,6,11.3056
Spain_Primera_Division,2025-2026,Real Club Celta de Vigo,7,7,12.1389
Spain_Primera_Division,2025-2026,Real Club Celta de Vigo,8,0,9.9444
Spain_Primera_Division,2025-2026,Real Club Celta de Vigo,8,1,9.0833
Spain_Primera_Division,2025-2026,Real Club Celta de Vigo,8,2,10.6944
Spain_Primera_Division,2025-2026,Real Club Celta de Vigo,8,3,8.5278
Spain_Primera_Division,2025-2026,Real Club Celta de Vigo,8,4,7.8889
Spain_Primera_Division,2025-2026,Real Club Celta de Vigo,8,5,9.7778
Spain_Primera_Division,2025-2026,Real Club Celta de Vigo,8,6,9.5
Spain_Primera_Division,2025-2026,Real Club Celta de Vigo,8,7,10.25
Spain_Primera_Division,2025-2026,Real Club Celta de Vigo,9,0,6.0556
Spain_Primera_Division,2025-2026,Real Club Celta de Vigo,9,1,4.5278
Spain_Primera_Division,2025-2026,Real Club Celta de Vigo,9,2,4.5278
Spain_Primera_Division,2025-2026,Real Club Celta de Vigo,9,3,3.1944
Spain_Primera_Division,2025-2026,Real Club Celta de Vigo,9,4,3.3333
Spain_Primera_Division,2025-2026,Real Club Celta de Vigo,9,5,4.6389
Spain_Primera_Division,2025-2026,Real Club Celta de Vigo,9,6,4.4167
Spain_Primera_Division,2025-2026,Real Club Celta de Vigo,9,7,7.0278
Spain_Primera_Division,2025-2026,Real Club Celta de Vigo,10,0,3.1944
Spain_Primera_Division,2025-2026,Real Club Celta de Vigo,10,1,3.2222
Spain_Primera_Division,2025-2026,Real Club Celta de Vigo,10,2,2.6667
Spain_Primera_Division,2025-2026,Real Club Celta de Vigo,10,3,2.6944
Spain_Primera_Division,2025-2026,Real Club Celta de Vigo,10,4,2.8889
Spain_Primera_Division,2025-2026,Real Club Celta de Vigo,10,5,3.7778
Spain_Primera_Division,2025-2026,Real Club Celta de Vigo,10,6,4.0
Spain_Primera_Division,2025-2026,Real Club Celta de Vigo,10,7,4.4722
Spain_Primera_Division,2025-2026,Real Club Celta de Vigo,11,0,3.6389
Spain_Primera_Division,2025-2026,Real Club Celta de Vigo,11,1,1.5278
Spain_Primera_Division,2025-2026,Real Club Celta de Vigo,11,2,1.9444
Spain_Primera_Division,2025-2026,Real Club Celta de Vigo,11,3,1.3333
Spain_Primera_Division,2025-2026,Real Club Celta de Vigo,11,4,1.1389
Spain_Primera_Division,2025-2026,Real Club Celta de Vigo,11,5,1.9722
Spain_Primera_Division,2025-2026,Real Club Celta de Vigo,11,6,2.0833
Spain_Primera_Division,2025-2026,Real Club Celta de Vigo,11,7,3.3889
Spain_Primera_Division,2025-2026,CA Osasuna,0,0,1.8056
Spain_Primera_Division,2025-2026,CA Osasuna,0,1,1.6944
Spain_Primera_Division,2025-2026,CA Osasuna,0,2,3.5278
Spain_Primera_Division,2025-2026,CA Osasuna,0,3,13.2222
Spain_Primera_Division,2025-2026,CA Osasuna,0,4,12.5833
Spain_Primera_Division,2025-2026,CA Osasuna,0,5,3.1111
Spain_Primera_Division,2025-2026,CA Osasuna,0,6,1.6111
Spain_Primera_Division,2025-2026,CA Osasuna,0,7,2.2778
Spain_Primera_Division,2025-2026,CA Osasuna,1,0,3.6389
Spain_Primera_Division,2025-2026,CA Osasuna,1,1,4.6111
Spain_Primera_Division,2025-2026,CA Osasuna,1,2,6.25
Spain_Primera_Division,2025-2026,CA Osasuna,1,3,12.5
Spain_Primera_Division,2025-2026,CA Osasuna,1,4,11.5
Spain_Primera_Division,2025-2026,CA Osasuna,1,5,6.0
Spain_Primera_Division,2025-2026,CA Osasuna,1,6,4.1944
Spain_Primera_Division,2025-2026,CA Osasuna,1,7,3.8333
Spain_Primera_Division,2025-2026,CA Osasuna,2,0,5.5833
Spain_Primera_Division,2025-2026,CA Osasuna,2,1,5.0556
Spain_Primera_Division,2025-2026,CA Osasuna,2,2,7.0278
Spain_Primera_Division,2025-2026,CA Osasuna,2,3,6.4722
Spain_Primera_Division,2025-2026,CA Osasuna,2,4,5.5556
Spain_Primera_Division,2025-2026,CA Osasuna,2,5,7.2222
Spain_Primera_Division,2025-2026,CA Osasuna,2,6,5.1667
Spain_Primera_Division,2025-2026,CA Osasuna,2,7,6.2778
Spain_Primera_Division,2025-2026,CA Osasuna,3,0,8.5278
Spain_Primera_Division,2025-2026,CA Osasuna,3,1,7.9722
Spain_Primera_Division,2025-2026,CA Osasuna,3,2,11.3056
Spain_Primera_Division,2025-2026,CA Osasuna,3,3,9.9167
Spain_Primera_Division,2025-2026,CA Osasuna,3,4,9.1667
Spain_Primera_Division,2025-2026,CA Osasuna,3,5,12.7222
Spain_Primera_Division,2025-2026,CA Osasuna,3,6,9.5
Spain_Primera_Division,2025-2026,CA Osasuna,3,7,8.75
Spain_Primera_Division,2025-2026,CA Osasuna,4,0,10.5
Spain_Primera_Division,2025-2026,CA Osasuna,4,1,8.8056
Spain_Primera_Division,2025-2026,CA Osasuna,4,2,10.3056
Spain_Primera_Division,2025-2026,CA Osasuna,4,3,7.8889
Spain_Primera_Division,2025-2026,CA Osasuna,4,4,8.6111
Spain_Primera_Division,2025-2026,CA Osasuna,4,5,12.7778
Spain_Primera_Division,2025-2026,CA Osasuna,4,6,10.3611
Spain_Primera_Division,2025-2026,CA Osasuna,4,7,9.4444
Spain_Primera_Division,2025-2026,CA Osasuna,5,0,8.0556
Spain_Primera_Division,2025-2026,CA Osasuna,5,1,6.6667
Spain_Primera_Division,2025-2026,CA Osasuna,5,2,7.8056
Spain_Primera_Division,2025-2026,CA Osasuna,5,3,7.8056
Spain_Primera_Division,2025-2026,CA Osasuna,5,4,8.0
Spain_Primera_Division,2025-2026,CA Osasuna,5,5,8.1944
Spain_Primera_Division,2025-2026,CA Osasuna,5,6,7.25
Spain_Primera_Division,2025-2026,CA Osasuna,5,7,7.8611
Spain_Primera_Division,2025-2026,CA Osasuna,6,0,9.1667
Spain_Primera_Division,2025-2026,CA Osasuna,6,1,6.3611
Spain_Primera_Division,2025-2026,CA Osasuna,6,2,8.75
Spain_Primera_Division,2025-2026,CA Osasuna,6,3,6.1111
Spain_Primera_Division,2025-2026,CA Osasuna,6,4,6.0
Spain_Primera_Division,2025-2026,CA Osasuna,6,5,7.0556
Spain_Primera_Division,2025-2026,CA Osasuna,6,6,7.9444
Spain_Primera_Division,2025-2026,CA Osasuna,6,7,9.1111
Spain_Primera_Division,2025-2026,CA Osasuna,7,0,11.4444
Spain_Primera_Division,2025-2026,CA Osasuna,7,1,8.4444
Spain_Primera_Division,2025-2026,CA Osasuna,7,2,9.3889
Spain_Primera_Division,2025-2026,CA Osasuna,7,3,4.7778
Spain_Primera_Division,2025-2026,CA Osasuna,7,4,4.1111
Spain_Primera_Division,2025-2026,CA Osasuna,7,5,8.4444
Spain_Primera_Division,2025-2026,CA Osasuna,7,6,10.3056
Spain_Primera_Division,2025-2026,CA Osasuna,7,7,11.3889
Spain_Primera_Division,2025-2026,CA Osasuna,8,0,10.5
Spain_Primera_Division,2025-2026,CA Osasuna,8,1,7.1389
Spain_Primera_Division,2025-2026,CA Osasuna,8,2,5.6389
Spain_Primera_Division,2025-2026,CA Osasuna,8,3,5.0556
Spain_Primera_Division,2025-2026,CA Osasuna,8,4,4.3889
Spain_Primera_Division,2025-2026,CA Osasuna,8,5,6.5556
Spain_Primera_Division,2025-2026,CA Osasuna,8,6,9.0278
Spain_Primera_Division,2025-2026,CA Osasuna,8,7,11.7222
Spain_Primera_Division,2025-2026,CA Osasuna,9,0,6.5833
Spain_Primera_Division,2025-2026,CA Osasuna,9,1,3.8056
Spain_Primera_Division,2025-2026,CA Osasuna,9,2,3.5556
Spain_Primera_Division,2025-2026,CA Osasuna,9,3,2.2778
Spain_Primera_Division,2025-2026,CA Osasuna,9,4,2.7778
Spain_Primera_Division,2025-2026,CA Osasuna,9,5,3.4722
Spain_Primera_Division,2025-2026,CA Osasuna,9,6,4.9167
Spain_Primera_Division,2025-2026,CA Osasuna,9,7,7.75
Spain_Primera_Division,2025-2026,CA Osasuna,10,0,5.9444
Spain_Primera_Division,2025-2026,CA Osasuna,10,1,3.0
Spain_Primera_Division,2025-2026,CA Osasuna,10,2,3.4722
Spain_Primera_Division,2025-2026,CA Osasuna,10,3,4.7778
Spain_Primera_Division,2025-2026,CA Osasuna,10,4,4.5556
Spain_Primera_Division,2025-2026,CA Osasuna,10,5,3.8333
Spain_Primera_Division,2025-2026,CA Osasuna,10,6,4.0833
Spain_Primera_Division,2025-2026,CA Osasuna,10,7,6.4722
Spain_Primera_Division,2025-2026,CA Osasuna,11,0,3.8889
Spain_Primera_Division,2025-2026,CA Osasuna,11,1,1.8611
Spain_Primera_Division,2025-2026,CA Osasuna,11,2,1.4722
Spain_Primera_Division,2025-2026,CA Osasuna,11,3,1.9722
Spain_Primera_Division,2025-2026,CA Osasuna,11,4,2.4722
Spain_Primera_Division,2025-2026,CA Osasuna,11,5,2.1944
Spain_Primera_Division,2025-2026,CA Osasuna,11,6,2.5833
Spain_Primera_Division,2025-2026,CA Osasuna,11,7,4.1111
Spain_Primera_Division,2025-2026,Rayo Vallecano de Madrid,0,0,2.2222
Spain_Primera_Division,2025-2026,Rayo Vallecano de Madrid,0,1,2.1389
Spain_Primera_Division,2025-2026,Rayo Vallecano de Madrid,0,2,3.8611
Spain_Primera_Division,2025-2026,Rayo Vallecano de Madrid,0,3,10.9444
Spain_Primera_Division,2025-2026,Rayo Vallecano de Madrid,0,4,15.8056
Spain_Primera_Division,2025-2026,Rayo Vallecano de Madrid,0,5,3.1944
Spain_Primera_Division,2025-2026,Rayo Vallecano de Madrid,0,6,1.9167
Spain_Primera_Division,2025-2026,Rayo Vallecano de Madrid,0,7,1.7778
Spain_Primera_Division,2025-2026,Rayo Vallecano de Madrid,1,0,4.5
Spain_Primera_Division,2025-2026,Rayo Vallecano de Madrid,1,1,4.2778
Spain_Primera_Division,2025-2026,Rayo Vallecano de Madrid,1,2,6.6111
Spain_Primera_Division,2025-2026,Rayo Vallecano de Madrid,1,3,13.75
Spain_Primera_Division,2025-2026,Rayo Vallecano de Madrid,1,4,14.6944
Spain_Primera_Division,2025-2026,Rayo Vallecano de Madrid,1,5,7.2778
Spain_Primera_Division,2025-2026,Rayo Vallecano de Madrid,1,6,4.4722
Spain_Primera_Division,2025-2026,Rayo Vallecano de Madrid,1,7,4.7222
Spain_Primera_Division,2025-2026,Rayo Vallecano de Madrid,2,0,5.25
Spain_Primera_Division,2025-2026,Rayo Vallecano de Madrid,2,1,4.9722
Spain_Primera_Division,2025-2026,Rayo Vallecano de Madrid,2,2,7.5278
Spain_Primera_Division,2025-2026,Rayo Vallecano de Madrid,2,3,5.8056
Spain_Primera_Division,2025-2026,Rayo Vallecano de Madrid,2,4,6.7778
Spain_Primera_Division,2025-2026,Rayo Vallecano de Madrid,2,5,8.0556
Spain_Primera_Division,2025-2026,Rayo Vallecano de Madrid,2,6,4.6944
Spain_Primera_Division,2025-2026,Rayo Vallecano de Madrid,2,7,6.0833
Spain_Primera_Division,2025-2026,Rayo Vallecano de Madrid,3,0,9.4167
Spain_Primera_Division,2025-2026,Rayo Vallecano de Madrid,3,1,8.8889
Spain_Primera_Division,2025-2026,Rayo Vallecano de Madrid,3,2,13.5833
Spain_Primera_Division,2025-2026,Rayo Vallecano de Madrid,3,3,12.2778
Spain_Primera_Division,2025-2026,Rayo Vallecano de Madrid,3,4,12.1111
Spain_Primera_Division,2025-2026,Rayo Vallecano de Madrid,3,5,14.0
Spain_Primera_Division,2025-2026,Rayo Vallecano de Madrid,3,6,8.8611
Spain_Primera_Division,2025-2026,Rayo Vallecano de Madrid,3,7,9.2778
Spain_Primera_Division,2025-2026,Rayo Vallecano de Madrid,4,0,9.0278
Spain_Primera_Division,2025-2026,Rayo Vallecano de Madrid,4,1,10.4722
Spain_Primera_Division,2025-2026,Rayo Vallecano de Madrid,4,2,13.7222
Spain_Primera_Division,2025-2026,Rayo Vallecano de Madrid,4,3,9.3889
Spain_Primera_Division,2025-2026,Rayo Vallecano de Madrid,4,4,9.9722
Spain_Primera_Division,2025-2026,Rayo Vallecano de Madrid,4,5,14.0
Spain_Primera_Division,2025-2026,Rayo Vallecano de Madrid,4,6,10.8889
Spain_Primera_Division,2025-2026,Rayo Vallecano de Madrid,4,7,10.4722
Spain_Primera_Division,2025-2026,Rayo Vallecano de Madrid,5,0,7.6389
Spain_Primera_Division,2025-2026,Rayo Vallecano de Madrid,5,1,7.7222
Spain_Primera_Division,2025-2026,Rayo Vallecano de Madrid,5,2,8.8611
Spain_Primera_Division,2025-2026,Rayo Vallecano de Madrid,5,3,8.2222
Spain_Primera_Division,2025-2026,Rayo Vallecano de Madrid,5,4,7.8611
Spain_Primera_Division,2025-2026,Rayo Vallecano de Madrid,5,5,9.6111
Spain_Primera_Division,2025-2026,Rayo Vallecano de Madrid,5,6,8.1389
Spain_Primera_Division,2025-2026,Rayo Vallecano de Madrid,5,7,8.0278
Spain_Primera_Division,2025-2026,Rayo Vallecano de Madrid,6,0,8.7778
Spain_Primera_Division,2025-2026,Rayo Vallecano de Madrid,6,1,6.3056
Spain_Primera_Division,2025-2026,Rayo Vallecano de Madrid,6,2,7.8611
Spain_Primera_Division,2025-2026,Rayo Vallecano de Madrid,6,3,7.1667
Spain_Primera_Division,2025-2026,Rayo Vallecano de Madrid,6,4,6.2222
Spain_Primera_Division,2025-2026,Rayo Vallecano de Madrid,6,5,6.6944
Spain_Primera_Division,2025-2026,Rayo Vallecano de Madrid,6,6,8.25
Spain_Primera_Division,2025-2026,Rayo Vallecano de Madrid,6,7,8.9722
Spain_Primera_Division,2025-2026,Rayo Vallecano de Madrid,7,0,12.1667
Spain_Primera_Division,2025-2026,Rayo Vallecano de Madrid,7,1,9.8056
Spain_Primera_Division,2025-2026,Rayo Vallecano de Madrid,7,2,8.25
Spain_Primera_Division,2025-2026,Rayo Vallecano de Madrid,7,3,4.7778
Spain_Primera_Division,2025-2026,Rayo Vallecano de Madrid,7,4,5.6111
Spain_Primera_Division,2025-2026,Rayo Vallecano de Madrid,7,5,8.7778
Spain_Primera_Division,2025-2026,Rayo Vallecano de Madrid,7,6,9.1944
Spain_Primera_Division,2025-2026,Rayo Vallecano de Madrid,7,7,12.3056
Spain_Primera_Division,2025-2026,Rayo Vallecano de Madrid,8,0,10.9444
Spain_Primera_Division,2025-2026,Rayo Vallecano de Madrid,8,1,8.25
Spain_Primera_Division,2025-2026,Rayo Vallecano de Madrid,8,2,6.5833
Spain_Primera_Division,2025-2026,Rayo Vallecano de Madrid,8,3,4.5833
Spain_Primera_Division,2025-2026,Rayo Vallecano de Madrid,8,4,5.2778
Spain_Primera_Division,2025-2026,Rayo Vallecano de Madrid,8,5,6.3889
Spain_Primera_Division,2025-2026,Rayo Vallecano de Madrid,8,6,7.9722
Spain_Primera_Division,2025-2026,Rayo Vallecano de Madrid,8,7,10.3333
Spain_Primera_Division,2025-2026,Rayo Vallecano de Madrid,9,0,9.3056
Spain_Primera_Division,2025-2026,Rayo Vallecano de Madrid,9,1,4.9167
Spain_Primera_Division,2025-2026,Rayo Vallecano de Madrid,9,2,3.8056
Spain_Primera_Division,2025-2026,Rayo Vallecano de Madrid,9,3,1.75
Spain_Primera_Division,2025-2026,Rayo Vallecano de Madrid,9,4,2.4167
Spain_Primera_Division,2025-2026,Rayo Vallecano de Madrid,9,5,2.3611
Spain_Primera_Division,2025-2026,Rayo Vallecano de Madrid,9,6,3.6389
Spain_Primera_Division,2025-2026,Rayo Vallecano de Madrid,9,7,7.5833
Spain_Primera_Division,2025-2026,Rayo Vallecano de Madrid,10,0,6.8889
Spain_Primera_Division,2025-2026,Rayo Vallecano de Madrid,10,1,4.0
Spain_Primera_Division,2025-2026,Rayo Vallecano de Madrid,10,2,2.6667
Spain_Primera_Division,2025-2026,Rayo Vallecano de Madrid,10,3,3.1389
Spain_Primera_Division,2025-2026,Rayo Vallecano de Madrid,10,4,3.8333
Spain_Primera_Division,2025-2026,Rayo Vallecano de Madrid,10,5,2.8056
Spain_Primera_Division,2025-2026,Rayo Vallecano de Madrid,10,6,3.0
Spain_Primera_Division,2025-2026,Rayo Vallecano de Madrid,10,7,5.6111
Spain_Primera_Division,2025-2026,Rayo Vallecano de Madrid,11,0,5.1944
Spain_Primera_Division,2025-2026,Rayo Vallecano de Madrid,11,1,2.1944
Spain_Primera_Division,2025-2026,Rayo Vallecano de Madrid,11,2,2.0278
Spain_Primera_Division,2025-2026,Rayo Vallecano de Madrid,11,3,2.3333
Spain_Primera_Division,2025-2026,Rayo Vallecano de Madrid,11,4,1.6667
Spain_Primera_Division,2025-2026,Rayo Vallecano de Madrid,11,5,1.4444
Spain_Primera_Division,2025-2026,Rayo Vallecano de Madrid,11,6,2.4167
Spain_Primera_Division,2025-2026,Rayo Vallecano de Madrid,11,7,5.4167
Spain_Primera_Division,2025-2026,Deportivo Alavés,0,0,1.6944
Spain_Primera_Division,2025-2026,Deportivo Alavés,0,1,2.0
Spain_Primera_Division,2025-2026,Deportivo Alavés,0,2,2.6389
Spain_Primera_Division,2025-2026,Deportivo Alavés,0,3,10.8333
Spain_Primera_Division,2025-2026,Deportivo Alavés,0,4,11.0556
Spain_Primera_Division,2025-2026,Deportivo Alavés,0,5,2.8611
Spain_Primera_Division,2025-2026,Deportivo Alavés,0,6,1.7222
Spain_Primera_Division,2025-2026,Deportivo Alavés,0,7,1.4722
Spain_Primera_Division,2025-2026,Deportivo Alavés,1,0,4.1389
Spain_Primera_Division,2025-2026,Deportivo Alavés,1,1,3.4722
Spain_Primera_Division,2025-2026,Deportivo Alavés,1,2,6.3056
Spain_Primera_Division,2025-2026,Deportivo Alavés,1,3,10.6944
Spain_Primera_Division,2025-2026,Deportivo Alavés,1,4,9.6111
Spain_Primera_Division,2025-2026,Deportivo Alavés,1,5,5.6389
Spain_Primera_Division,2025-2026,Deportivo Alavés,1,6,3.4444
Spain_Primera_Division,2025-2026,Deportivo Alavés,1,7,3.8056
Spain_Primera_Division,2025-2026,Deportivo Alavés,2,0,6.5278
Spain_Primera_Division,2025-2026,Deportivo Alavés,2,1,5.5
Spain_Primera_Division,2025-2026,Deportivo Alavés,2,2,6.9444
Spain_Primera_Division,2025-2026,Deportivo Alavés,2,3,5.5833
Spain_Primera_Division,2025-2026,Deportivo Alavés,2,4,4.1111
Spain_Primera_Division,2025-2026,Deportivo Alavés,2,5,6.75
Spain_Primera_Division,2025-2026,Deportivo Alavés,2,6,5.5278
Spain_Primera_Division,2025-2026,Deportivo Alavés,2,7,4.8056
Spain_Primera_Division,2025-2026,Deportivo Alavés,3,0,9.7778
Spain_Primera_Division,2025-2026,Deportivo Alavés,3,1,10.5278
Spain_Primera_Division,2025-2026,Deportivo Alavés,3,2,12.2222
Spain_Primera_Division,2025-2026,Deportivo Alavés,3,3,9.8056
Spain_Primera_Division,2025-2026,Deportivo Alavés,3,4,8.4722
Spain_Primera_Division,2025-2026,Deportivo Alavés,3,5,11.7778
Spain_Primera_Division,2025-2026,Deportivo Alavés,3,6,10.0
Spain_Primera_Division,2025-2026,Deportivo Alavés,3,7,8.25
Spain_Primera_Division,2025-2026,Deportivo Alavés,4,0,12.9167
Spain_Primera_Division,2025-2026,Deportivo Alavés,4,1,10.9167
Spain_Primera_Division,2025-2026,Deportivo Alavés,4,2,12.2778
Spain_Primera_Division,2025-2026,Deportivo Alavés,4,3,8.9167
Spain_Primera_Division,2025-2026,Deportivo Alavés,4,4,7.8333
Spain_Primera_Division,2025-2026,Deportivo Alavés,4,5,12.3611
Spain_Primera_Division,2025-2026,Deportivo Alavés,4,6,10.1111
Spain_Primera_Division,2025-2026,Deportivo Alavés,4,7,10.4444
Spain_Primera_Division,2025-2026,Deportivo Alavés,5,0,10.3333
Spain_Primera_Division,2025-2026,Deportivo Alavés,5,1,10.2778
Spain_Primera_Division,2025-2026,Deportivo Alavés,5,2,10.4444
Spain_Primera_Division,2025-2026,Deportivo Alavés,5,3,8.5833
Spain_Primera_Division,2025-2026,Deportivo Alavés,5,4,7.4167
Spain_Primera_Division,2025-2026,Deportivo Alavés,5,5,7.5
Spain_Primera_Division,2025-2026,Deportivo Alavés,5,6,7.9444
Spain_Primera_Division,2025-2026,Deportivo Alavés,5,7,7.8333
Spain_Primera_Division,2025-2026,Deportivo Alavés,6,0,11.7778
Spain_Primera_Division,2025-2026,Deportivo Alavés,6,1,9.9444
Spain_Primera_Division,2025-2026,Deportivo Alavés,6,2,8.8333
Spain_Primera_Division,2025-2026,Deportivo Alavés,6,3,8.3611
Spain_Primera_Division,2025-2026,Deportivo Alavés,6,4,7.5833
Spain_Primera_Division,2025-2026,Deportivo Alavés,6,5,8.4444
Spain_Primera_Division,2025-2026,Deportivo Alavés,6,6,8.8889
Spain_Primera_Division,2025-2026,Deportivo Alavés,6,7,8.5556
Spain_Primera_Division,2025-2026,Deportivo Alavés,7,0,15.2222
Spain_Primera_Division,2025-2026,Deportivo Alavés,7,1,12.25
Spain_Primera_Division,2025-2026,Deportivo Alavés,7,2,11.2222
Spain_Primera_Division,2025-2026,Deportivo Alavés,7,3,5.9167
Spain_Primera_Division,2025-2026,Deportivo Alavés,7,4,5.75
Spain_Primera_Division,2025-2026,Deportivo Alavés,7,5,10.8889
Spain_Primera_Division,2025-2026,Deportivo Alavés,7,6,10.3056
Spain_Primera_Division,2025-2026,Deportivo Alavés,7,7,11.3889
Spain_Primera_Division,2025-2026,Deportivo Alavés,8,0,13.7222
Spain_Primera_Division,2025-2026,Deportivo Alavés,8,1,12.0833
Spain_Primera_Division,2025-2026,Deportivo Alavés,8,2,8.9444
Spain_Primera_Division,2025-2026,Deportivo Alavés,8,3,4.8056
Spain_Primera_Division,2025-2026,Deportivo Alavés,8,4,5.0278
Spain_Primera_Division,2025-2026,Deportivo Alavés,8,5,6.7778
Spain_Primera_Division,2025-2026,Deportivo Alavés,8,6,6.0833
Spain_Primera_Division,2025-2026,Deportivo Alavés,8,7,9.0556
Spain_Primera_Division,2025-2026,Deportivo Alavés,9,0,9.8611
Spain_Primera_Division,2025-2026,Deportivo Alavés,9,1,5.6389
Spain_Primera_Division,2025-2026,Deportivo Alavés,9,2,4.3889
Spain_Primera_Division,2025-2026,Deportivo Alavés,9,3,2.4444
Spain_Primera_Division,2025-2026,Deportivo Alavés,9,4,2.4167
Spain_Primera_Division,2025-2026,Deportivo Alavés,9,5,3.7778
Spain_Primera_Division,2025-2026,Deportivo Alavés,9,6,3.3056
Spain_Primera_Division,2025-2026,Deportivo Alavés,9,7,5.5278
Spain_Primera_Division,2025-2026,Deportivo Alavés,10,0,6.6389
Spain_Primera_Division,2025-2026,Deportivo Alavés,10,1,3.4722
Spain_Primera_Division,2025-2026,Deportivo Alavés,10,2,3.0
Spain_Primera_Division,2025-2026,Deportivo Alavés,10,3,4.2222
Spain_Primera_Division,2025-2026,Deportivo Alavés,10,4,4.0556
Spain_Primera_Division,2025-2026,Deportivo Alavés,10,5,2.0556
Spain_Primera_Division,2025-2026,Deportivo Alavés,10,6,1.9167
Spain_Primera_Division,2025-2026,Deportivo Alavés,10,7,4.4444
Spain_Primera_Division,2025-2026,Deportivo Alavés,11,0,6.3333
Spain_Primera_Division,2025-2026,Deportivo Alavés,11,1,3.25
Spain_Primera_Division,2025-2026,Deportivo Alavés,11,2,2.3333
Spain_Primera_Division,2025-2026,Deportivo Alavés,11,3,2.2778
Spain_Primera_Division,2025-2026,Deportivo Alavés,11,4,1.8889
Spain_Primera_Division,2025-2026,Deportivo Alavés,11,5,1.3056
Spain_Primera_Division,2025-2026,Deportivo Alavés,11,6,1.3333
Spain_Primera_Division,2025-2026,Deportivo Alavés,11,7,3.8889
Spain_Primera_Division,2025-2026,Real Madrid CF,0,0,0.9444
Spain_Primera_Division,2025-2026,Real Madrid CF,0,1,1.3056
Spain_Primera_Division,2025-2026,Real Madrid CF,0,2,2.8333
Spain_Primera_Division,2025-2026,Real Madrid CF,0,3,11.9722
Spain_Primera_Division,2025-2026,Real Madrid CF,0,4,11.5
Spain_Primera_Division,2025-2026,Real Madrid CF,0,5,2.9444
Spain_Primera_Division,2025-2026,Real Madrid CF,0,6,1.9722
Spain_Primera_Division,2025-2026,Real Madrid CF,0,7,1.8889
Spain_Primera_Division,2025-2026,Real Madrid CF,1,0,3.25
Spain_Primera_Division,2025-2026,Real Madrid CF,1,1,4.2222
Spain_Primera_Division,2025-2026,Real Madrid CF,1,2,4.6944
Spain_Primera_Division,2025-2026,Real Madrid CF,1,3,10.4167
Spain_Primera_Division,2025-2026,Real Madrid CF,1,4,10.6667
Spain_Primera_Division,2025-2026,Real Madrid CF,1,5,5.2222
Spain_Primera_Division,2025-2026,Real Madrid CF,1,6,4.4722
Spain_Primera_Division,2025-2026,Real Madrid CF,1,7,4.5278
Spain_Primera_Division,2025-2026,Real Madrid CF,2,0,4.1389
Spain_Primera_Division,2025-2026,Real Madrid CF,2,1,4.0
Spain_Primera_Division,2025-2026,Real Madrid CF,2,2,6.2778
Spain_Primera_Division,2025-2026,Real Madrid CF,2,3,7.6111
Spain_Primera_Division,2025-2026,Real Madrid CF,2,4,6.7778
Spain_Primera_Division,2025-2026,Real Madrid CF,2,5,6.3333
Spain_Primera_Division,2025-2026,Real Madrid CF,2,6,5.2222
Spain_Primera_Division,2025-2026,Real Madrid CF,2,7,5.4722
Spain_Primera_Division,2025-2026,Real Madrid CF,3,0,8.0556
Spain_Primera_Division,2025-2026,Real Madrid CF,3,1,6.5556
Spain_Primera_Division,2025-2026,Real Madrid CF,3,2,12.0833
Spain_Primera_Division,2025-2026,Real Madrid CF,3,3,11.0556
Spain_Primera_Division,2025-2026,Real Madrid CF,3,4,11.4444
Spain_Primera_Division,2025-2026,Real Madrid CF,3,5,12.4167
Spain_Primera_Division,2025-2026,Real Madrid CF,3,6,8.7778
Spain_Primera_Division,2025-2026,Real Madrid CF,3,7,8.8056
Spain_Primera_Division,2025-2026,Real Madrid CF,4,0,9.1944
Spain_Primera_Division,2025-2026,Real Madrid CF,4,1,7.8889
Spain_Primera_Division,2025-2026,Real Madrid CF,4,2,12.8889
Spain_Primera_Division,2025-2026,Real Madrid CF,4,3,9.4167
Spain_Primera_Division,2025-2026,Real Madrid CF,4,4,11.5556
Spain_Primera_Division,2025-2026,Real Madrid CF,4,5,15.0278
Spain_Primera_Division,2025-2026,Real Madrid CF,4,6,11.5
Spain_Primera_Division,2025-2026,Real Madrid CF,4,7,10.6944
Spain_Primera_Division,2025-2026,Real Madrid CF,5,0,7.1111
Spain_Primera_Division,2025-2026,Real Madrid CF,5,1,6.0833
Spain_Primera_Division,2025-2026,Real Madrid CF,5,2,9.9444
Spain_Primera_Division,2025-2026,Real Madrid CF,5,3,9.9444
Spain_Primera_Division,2025-2026,Real Madrid CF,5,4,10.8333
Spain_Primera_Division,2025-2026,Real Madrid CF,5,5,12.6944
Spain_Primera_Division,2025-2026,Real Madrid CF,5,6,8.5278
Spain_Primera_Division,2025-2026,Real Madrid CF,5,7,9.2222
Spain_Primera_Division,2025-2026,Real Madrid CF,6,0,8.4167
Spain_Primera_Division,2025-2026,Real Madrid CF,6,1,10.0833
Spain_Primera_Division,2025-2026,Real Madrid CF,6,2,11.9722
Spain_Primera_Division,2025-2026,Real Madrid CF,6,3,10.7778
Spain_Primera_Division,2025-2026,Real Madrid CF,6,4,10.3056
Spain_Primera_Division,2025-2026,Real Madrid CF,6,5,15.2778
Spain_Primera_Division,2025-2026,Real Madrid CF,6,6,11.5
Spain_Primera_Division,2025-2026,Real Madrid CF,6,7,12.2222
Spain_Primera_Division,2025-2026,Real Madrid CF,7,0,13.7778
Spain_Primera_Division,2025-2026,Real Madrid CF,7,1,13.8611
Spain_Primera_Division,2025-2026,Real Madrid CF,7,2,15.7222
Spain_Primera_Division,2025-2026,Real Madrid CF,7,3,9.6944
Spain_Primera_Division,2025-2026,Real Madrid CF,7,4,10.6389
Spain_Primera_Division,2025-2026,Real Madrid CF,7,5,19.6667
Spain_Primera_Division,2025-2026,Real Madrid CF,7,6,16.7778
Spain_Primera_Division,2025-2026,Real Madrid CF,7,7,17.9444
Spain_Primera_Division,2025-2026,Real Madrid CF,8,0,12.8889
Spain_Primera_Division,2025-2026,Real Madrid CF,8,1,11.1667
Spain_Primera_Division,2025-2026,Real Madrid CF,8,2,12.9167
Spain_Primera_Division,2025-2026,Real Madrid CF,8,3,8.8889
Spain_Primera_Division,2025-2026,Real Madrid CF,8,4,10.1667
Spain_Primera_Division,2025-2026,Real Madrid CF,8,5,17.0833
Spain_Primera_Division,2025-2026,Real Madrid CF,8,6,16.7778
Spain_Primera_Division,2025-2026,Real Madrid CF,8,7,16.9167
Spain_Primera_Division,2025-2026,Real Madrid CF,9,0,7.9722
Spain_Primera_Division,2025-2026,Real Madrid CF,9,1,5.3333
Spain_Primera_Division,2025-2026,Real Madrid CF,9,2,5.3333
Spain_Primera_Division,2025-2026,Real Madrid CF,9,3,3.9167
Spain_Primera_Division,2025-2026,Real Madrid CF,9,4,5.4722
Spain_Primera_Division,2025-2026,Real Madrid CF,9,5,9.2222
Spain_Primera_Division,2025-2026,Real Madrid CF,9,6,9.4167
Spain_Primera_Division,2025-2026,Real Madrid CF,9,7,11.3056
Spain_Primera_Division,2025-2026,Real Madrid CF,10,0,4.9167
Spain_Primera_Division,2025-2026,Real Madrid CF,10,1,3.8611
Spain_Primera_Division,2025-2026,Real Madrid CF,10,2,4.0278
Spain_Primera_Division,2025-2026,Real Madrid CF,10,3,4.4722
Spain_Primera_Division,2025-2026,Real Madrid CF,10,4,6.0833
Spain_Primera_Division,2025-2026,Real Madrid CF,10,5,7.9722
Spain_Primera_Division,2025-2026,Real Madrid CF,10,6,8.2778
Spain_Primera_Division,2025-2026,Real Madrid CF,10,7,7.0278
Spain_Primera_Division,2025-2026,Real Madrid CF,11,0,4.7222
Spain_Primera_Division,2025-2026,Real Madrid CF,11,1,1.5556
Spain_Primera_Division,2025-2026,Real Madrid CF,11,2,2.1111
Spain_Primera_Division,2025-2026,Real Madrid CF,11,3,1.9722
Spain_Primera_Division,2025-2026,Real Madrid CF,11,4,2.1944
Spain_Primera_Division,2025-2026,Real Madrid CF,11,5,4.3333
Spain_Primera_Division,2025-2026,Real Madrid CF,11,6,3.9167
Spain_Primera_Division,2025-2026,Real Madrid CF,11,7,5.3333
Spain_Primera_Division,2025-2026,FC Barcelona,0,0,1.2778
Spain_Primera_Division,2025-2026,FC Barcelona,0,1,1.25
Spain_Primera_Division,2025-2026,FC Barcelona,0,2,2.8056
Spain_Primera_Division,2025-2026,FC Barcelona,0,3,8.75
Spain_Primera_Division,2025-2026,FC Barcelona,0,4,9.9444
Spain_Primera_Division,2025-2026,FC Barcelona,0,5,2.3611
Spain_Primera_Division,2025-2026,FC Barcelona,0,6,2.0
Spain_Primera_Division,2025-2026,FC Barcelona,0,7,1.3611
Spain_Primera_Division,2025-2026,FC Barcelona,1,0,3.5
Spain_Primera_Division,2025-2026,FC Barcelona,1,1,3.75
Spain_Primera_Division,2025-2026,FC Barcelona,1,2,6.75
Spain_Primera_Division,2025-2026,FC Barcelona,1,3,11.6667
Spain_Primera_Division,2025-2026,FC Barcelona,1,4,11.3056
Spain_Primera_Division,2025-2026,FC Barcelona,1,5,6.1111
Spain_Primera_Division,2025-2026,FC Barcelona,1,6,4.6667
Spain_Primera_Division,2025-2026,FC Barcelona,1,7,4.75
Spain_Primera_Division,2025-2026,FC Barcelona,2,0,5.9444
Spain_Primera_Division,2025-2026,FC Barcelona,2,1,5.9167
Spain_Primera_Division,2025-2026,FC Barcelona,2,2,7.6389
Spain_Primera_Division,2025-2026,FC Barcelona,2,3,6.1667
Spain_Primera_Division,2025-2026,FC Barcelona,2,4,5.3611
Spain_Primera_Division,2025-2026,FC Barcelona,2,5,7.0278
Spain_Primera_Division,2025-2026,FC Barcelona,2,6,5.1389
Spain_Primera_Division,2025-2026,FC Barcelona,2,7,6.0833
Spain_Primera_Division,2025-2026,FC Barcelona,3,0,10.25
Spain_Primera_Division,2025-2026,FC Barcelona,3,1,11.0
Spain_Primera_Division,2025-2026,FC Barcelona,3,2,12.5556
Spain_Primera_Division,2025-2026,FC Barcelona,3,3,11.75
Spain_Primera_Division,2025-2026,FC Barcelona,3,4,9.8889
Spain_Primera_Division,2025-2026,FC Barcelona,3,5,13.1944
Spain_Primera_Division,2025-2026,FC Barcelona,3,6,11.3333
Spain_Primera_Division,2025-2026,FC Barcelona,3,7,10.0
Spain_Primera_Division,2025-2026,FC Barcelona,4,0,12.5833
Spain_Primera_Division,2025-2026,FC Barcelona,4,1,13.0278
Spain_Primera_Division,2025-2026,FC Barcelona,4,2,17.9167
Spain_Primera_Division,2025-2026,FC Barcelona,4,3,13.6111
Spain_Primera_Division,2025-2026,FC Barcelona,4,4,10.6944
Spain_Primera_Division,2025-2026,FC Barcelona,4,5,15.9444
Spain_Primera_Division,2025-2026,FC Barcelona,4,6,13.1944
Spain_Primera_Division,2025-2026,FC Barcelona,4,7,10.2222
Spain_Primera_Division,2025-2026,FC Barcelona,5,0,10.1667
Spain_Primera_Division,2025-2026,FC Barcelona,5,1,11.4722
Spain_Primera_Division,2025-2026,FC Barcelona,5,2,13.7778
Spain_Primera_Division,2025-2026,FC Barcelona,5,3,12.4444
Spain_Primera_Division,2025-2026,FC Barcelona,5,4,13.1111
Spain_Primera_Division,2025-2026,FC Barcelona,5,5,14.6944
Spain_Primera_Division,2025-2026,FC Barcelona,5,6,10.8889
Spain_Primera_Division,2025-2026,FC Barcelona,5,7,9.2778
Spain_Primera_Division,2025-2026,FC Barcelona,6,0,12.4167
Spain_Primera_Division,2025-2026,FC Barcelona,6,1,13.7222
Spain_Primera_Division,2025-2026,FC Barcelona,6,2,15.8889
Spain_Primera_Division,2025-2026,FC Barcelona,6,3,11.2222
Spain_Primera_Division,2025-2026,FC Barcelona,6,4,11.3889
Spain_Primera_Division,2025-2026,FC Barcelona,6,5,15.5
Spain_Primera_Division,2025-2026,FC Barcelona,6,6,12.0278
Spain_Primera_Division,2025-2026,FC Barcelona,6,7,10.8056
Spain_Primera_Division,2025-2026,FC Barcelona,7,0,16.2778
Spain_Primera_Division,2025-2026,FC Barcelona,7,1,18.5556
Spain_Primera_Division,2025-2026,FC Barcelona,7,2,19.75
Spain_Primera_Division,2025-2026,FC Barcelona,7,3,11.1111
Spain_Primera_Division,2025-2026,FC Barcelona,7,4,11.6667
Spain_Primera_Division,2025-2026,FC Barcelona,7,5,17.1667
Spain_Primera_Division,2025-2026,FC Barcelona,7,6,14.9444
Spain_Primera_Division,2025-2026,FC Barcelona,7,7,14.6667
Spain_Primera_Division,2025-2026,FC Barcelona,8,0,14.8333
Spain_Primera_Division,2025-2026,FC Barcelona,8,1,15.1667
Spain_Primera_Division,2025-2026,FC Barcelona,8,2,15.1111
Spain_Primera_Division,2025-2026,FC Barcelona,8,3,10.5278
Spain_Primera_Division,2025-2026,FC Barcelona,8,4,10.6389
Spain_Primera_Division,2025-2026,FC Barcelona,8,5,14.4722
Spain_Primera_Division,2025-2026,FC Barcelona,8,6,13.1667
Spain_Primera_Division,2025-2026,FC Barcelona,8,7,13.6667
Spain_Primera_Division,2025-2026,FC Barcelona,9,0,9.0278
Spain_Primera_Division,2025-2026,FC Barcelona,9,1,9.8889
Spain_Primera_Division,2025-2026,FC Barcelona,9,2,9.4722
Spain_Primera_Division,2025-2026,FC Barcelona,9,3,5.3889
Spain_Primera_Division,2025-2026,FC Barcelona,9,4,5.2778
Spain_Primera_Division,2025-2026,FC Barcelona,9,5,7.5556
Spain_Primera_Division,2025-2026,FC Barcelona,9,6,8.2222
Spain_Primera_Division,2025-2026,FC Barcelona,9,7,7.8333
Spain_Primera_Division,2025-2026,FC Barcelona,10,0,4.6389
Spain_Primera_Division,2025-2026,FC Barcelona,10,1,5.2778
Spain_Primera_Division,2025-2026,FC Barcelona,10,2,7.2222
Spain_Primera_Division,2025-2026,FC Barcelona,10,3,4.9444
Spain_Primera_Division,2025-2026,FC Barcelona,10,4,4.3611
Spain_Primera_Division,2025-2026,FC Barcelona,10,5,4.8889
Spain_Primera_Division,2025-2026,FC Barcelona,10,6,4.2778
Spain_Primera_Division,2025-2026,FC Barcelona,10,7,4.7778
Spain_Primera_Division,2025-2026,FC Barcelona,11,0,5.3333
Spain_Primera_Division,2025-2026,FC Barcelona,11,1,3.0
Spain_Primera_Division,2025-2026,FC Barcelona,11,2,4.0556
Spain_Primera_Division,2025-2026,FC Barcelona,11,3,2.25
Spain_Primera_Division,2025-2026,FC Barcelona,11,4,2.7222
Spain_Primera_Division,2025-2026,FC Barcelona,11,5,2.7778
Spain_Primera_Division,2025-2026,FC Barcelona,11,6,2.6667
Spain_Primera_Division,2025-2026,FC Barcelona,11,7,5.2222
Spain_Primera_Division,2025-2026,Sevilla FC,0,0,1.5
Spain_Primera_Division,2025-2026,Sevilla FC,0,1,1.8056
Spain_Primera_Division,2025-2026,Sevilla FC,0,2,3.0
Spain_Primera_Division,2025-2026,Sevilla FC,0,3,12.0833
Spain_Primera_Division,2025-2026,Sevilla FC,0,4,12.1389
Spain_Primera_Division,2025-2026,Sevilla FC,0,5,3.0833
Spain_Primera_Division,2025-2026,Sevilla FC,0,6,2.0833
Spain_Primera_Division,2025-2026,Sevilla FC,0,7,1.6944
Spain_Primera_Division,2025-2026,Sevilla FC,1,0,4.2778
Spain_Primera_Division,2025-2026,Sevilla FC,1,1,4.5
Spain_Primera_Division,2025-2026,Sevilla FC,1,2,5.75
Spain_Primera_Division,2025-2026,Sevilla FC,1,3,11.0833
Spain_Primera_Division,2025-2026,Sevilla FC,1,4,11.3333
Spain_Primera_Division,2025-2026,Sevilla FC,1,5,5.0278
Spain_Primera_Division,2025-2026,Sevilla FC,1,6,4.2778
Spain_Primera_Division,2025-2026,Sevilla FC,1,7,5.1667
Spain_Primera_Division,2025-2026,Sevilla FC,2,0,5.1944
Spain_Primera_Division,2025-2026,Sevilla FC,2,1,6.1667
Spain_Primera_Division,2025-2026,Sevilla FC,2,2,7.1389
Spain_Primera_Division,2025-2026,Sevilla FC,2,3,5.8611
Spain_Primera_Division,2025-2026,Sevilla FC,2,4,4.8889
Spain_Primera_Division,2025-2026,Sevilla FC,2,5,7.1111
Spain_Primera_Division,2025-2026,Sevilla FC,2,6,6.6389
Spain_Primera_Division,2025-2026,Sevilla FC,2,7,6.9167
Spain_Primera_Division,2025-2026,Sevilla FC,3,0,10.2778
Spain_Primera_Division,2025-2026,Sevilla FC,3,1,11.4722
Spain_Primera_Division,2025-2026,Sevilla FC,3,2,13.1667
Spain_Primera_Division,2025-2026,Sevilla FC,3,3,10.4444
Spain_Primera_Division,2025-2026,Sevilla FC,3,4,11.0833
Spain_Primera_Division,2025-2026,Sevilla FC,3,5,11.8056
Spain_Primera_Division,2025-2026,Sevilla FC,3,6,10.8889
Spain_Primera_Division,2025-2026,Sevilla FC,3,7,9.9444
Spain_Primera_Division,2025-2026,Sevilla FC,4,0,11.3056
Spain_Primera_Division,2025-2026,Sevilla FC,4,1,11.8056
Spain_Primera_Division,2025-2026,Sevilla FC,4,2,12.0278
Spain_Primera_Division,2025-2026,Sevilla FC,4,3,7.4444
Spain_Primera_Division,2025-2026,Sevilla FC,4,4,7.9167
Spain_Primera_Division,2025-2026,Sevilla FC,4,5,12.8889
Spain_Primera_Division,2025-2026,Sevilla FC,4,6,11.5
Spain_Primera_Division,2025-2026,Sevilla FC,4,7,11.1667
Spain_Primera_Division,2025-2026,Sevilla FC,5,0,9.0
Spain_Primera_Division,2025-2026,Sevilla FC,5,1,8.3889
Spain_Primera_Division,2025-2026,Sevilla FC,5,2,8.1389
Spain_Primera_Division,2025-2026,Sevilla FC,5,3,7.8889
Spain_Primera_Division,2025-2026,Sevilla FC,5,4,6.8333
Spain_Primera_Division,2025-2026,Sevilla FC,5,5,8.1944
Spain_Primera_Division,2025-2026,Sevilla FC,5,6,8.2778
Spain_Primera_Division,2025-2026,Sevilla FC,5,7,8.1111
Spain_Primera_Division,2025-2026,Sevilla FC,6,0,9.9444
Spain_Primera_Division,2025-2026,Sevilla FC,6,1,7.0278
Spain_Primera_Division,2025-2026,Sevilla FC,6,2,7.1389
Spain_Primera_Division,2025-2026,Sevilla FC,6,3,5.1111
Spain_Primera_Division,2025-2026,Sevilla FC,6,4,6.4167
Spain_Primera_Division,2025-2026,Sevilla FC,6,5,7.1667
Spain_Primera_Division,2025-2026,Sevilla FC,6,6,7.9444
Spain_Primera_Division,2025-2026,Sevilla FC,6,7,9.5833
Spain_Primera_Division,2025-2026,Sevilla FC,7,0,12.0278
Spain_Primera_Division,2025-2026,Sevilla FC,7,1,11.0556
Spain_Primera_Division,2025-2026,Sevilla FC,7,2,7.8889
Spain_Primera_Division,2025-2026,Sevilla FC,7,3,4.6111
Spain_Primera_Division,2025-2026,Sevilla FC,7,4,4.1944
Spain_Primera_Division,2025-2026,Sevilla FC,7,5,8.9722
Spain_Primera_Division,2025-2026,Sevilla FC,7,6,10.25
Spain_Primera_Division,2025-2026,Sevilla FC,7,7,11.5556
Spain_Primera_Division,2025-2026,Sevilla FC,8,0,11.3056
Spain_Primera_Division,2025-2026,Sevilla FC,8,1,8.75
Spain_Primera_Division,2025-2026,Sevilla FC,8,2,6.5
Spain_Primera_Division,2025-2026,Sevilla FC,8,3,5.0556
Spain_Primera_Division,2025-2026,Sevilla FC,8,4,4.4167
Spain_Primera_Division,2025-2026,Sevilla FC,8,5,6.3333
Spain_Primera_Division,2025-2026,Sevilla FC,8,6,8.2222
Spain_Primera_Division,2025-2026,Sevilla FC,8,7,11.0
Spain_Primera_Division,2025-2026,Sevilla FC,9,0,7.2222
Spain_Primera_Division,2025-2026,Sevilla FC,9,1,4.25
Spain_Primera_Division,2025-2026,Sevilla FC,9,2,3.3056
Spain_Primera_Division,2025-2026,Sevilla FC,9,3,1.8889
Spain_Primera_Division,2025-2026,Sevilla FC,9,4,2.5556
Spain_Primera_Division,2025-2026,Sevilla FC,9,5,3.5833
Spain_Primera_Division,2025-2026,Sevilla FC,9,6,4.6111
Spain_Primera_Division,2025-2026,Sevilla FC,9,7,7.25
Spain_Primera_Division,2025-2026,Sevilla FC,10,0,4.6389
Spain_Primera_Division,2025-2026,Sevilla FC,10,1,3.8333
Spain_Primera_Division,2025-2026,Sevilla FC,10,2,3.3889
Spain_Primera_Division,2025-2026,Sevilla FC,10,3,4.4444
Spain_Primera_Division,2025-2026,Sevilla FC,10,4,3.5278
Spain_Primera_Division,2025-2026,Sevilla FC,10,5,3.4444
Spain_Primera_Division,2025-2026,Sevilla FC,10,6,3.0278
Spain_Primera_Division,2025-2026,Sevilla FC,10,7,5.7778
Spain_Primera_Division,2025-2026,Sevilla FC,11,0,4.6944
Spain_Primera_Division,2025-2026,Sevilla FC,11,1,2.0
Spain_Primera_Division,2025-2026,Sevilla FC,11,2,1.8889
Spain_Primera_Division,2025-2026,Sevilla FC,11,3,1.1944
Spain_Primera_Division,2025-2026,Sevilla FC,11,4,1.5278
Spain_Primera_Division,2025-2026,Sevilla FC,11,5,2.1667
Spain_Primera_Division,2025-2026,Sevilla FC,11,6,2.3611
Spain_Primera_Division,2025-2026,Sevilla FC,11,7,4.1111
Spain_Primera_Division,2025-2026,Real Sociedad de Fútbol,0,0,1.6667
Spain_Primera_Division,2025-2026,Real Sociedad de Fútbol,0,1,1.7778
Spain_Primera_Division,2025-2026,Real Sociedad de Fútbol,0,2,2.9167
Spain_Primera_Division,2025-2026,Real Sociedad de Fútbol,0,3,10.6111
Spain_Primera_Division,2025-2026,Real Sociedad de Fútbol,0,4,14.5
Spain_Primera_Division,2025-2026,Real Sociedad de Fútbol,0,5,2.9444
Spain_Primera_Division,2025-2026,Real Sociedad de Fútbol,0,6,1.5833
Spain_Primera_Division,2025-2026,Real Sociedad de Fútbol,0,7,1.6667
Spain_Primera_Division,2025-2026,Real Sociedad de Fútbol,1,0,3.5278
Spain_Primera_Division,2025-2026,Real Sociedad de Fútbol,1,1,3.5833
Spain_Primera_Division,2025-2026,Real Sociedad de Fútbol,1,2,5.7778
Spain_Primera_Division,2025-2026,Real Sociedad de Fútbol,1,3,13.9722
Spain_Primera_Division,2025-2026,Real Sociedad de Fútbol,1,4,12.6667
Spain_Primera_Division,2025-2026,Real Sociedad de Fútbol,1,5,5.5833
Spain_Primera_Division,2025-2026,Real Sociedad de Fútbol,1,6,3.8333
Spain_Primera_Division,2025-2026,Real Sociedad de Fútbol,1,7,4.25
Spain_Primera_Division,2025-2026,Real Sociedad de Fútbol,2,0,4.2778
Spain_Primera_Division,2025-2026,Real Sociedad de Fútbol,2,1,4.9444
Spain_Primera_Division,2025-2026,Real Sociedad de Fútbol,2,2,6.8611
Spain_Primera_Division,2025-2026,Real Sociedad de Fútbol,2,3,7.0833
Spain_Primera_Division,2025-2026,Real Sociedad de Fútbol,2,4,6.6944
Spain_Primera_Division,2025-2026,Real Sociedad de Fútbol,2,5,7.0833
Spain_Primera_Division,2025-2026,Real Sociedad de Fútbol,2,6,5.1667
Spain_Primera_Division,2025-2026,Real Sociedad de Fútbol,2,7,4.7222
Spain_Primera_Division,2025-2026,Real Sociedad de Fútbol,3,0,8.8889
Spain_Primera_Division,2025-2026,Real Sociedad de Fútbol,3,1,9.4444
Spain_Primera_Division,2025-2026,Real Sociedad de Fútbol,3,2,13.4167
Spain_Primera_Division,2025-2026,Real Sociedad de Fútbol,3,3,10.6944
Spain_Primera_Division,2025-2026,Real Sociedad de Fútbol,3,4,10.6667
Spain_Primera_Division,2025-2026,Real Sociedad de Fútbol,3,5,11.6389
Spain_Primera_Division,2025-2026,Real Sociedad de Fútbol,3,6,9.1667
Spain_Primera_Division,2025-2026,Real Sociedad de Fútbol,3,7,8.5556
Spain_Primera_Division,2025-2026,Real Sociedad de Fútbol,4,0,12.4444
Spain_Primera_Division,2025-2026,Real Sociedad de Fútbol,4,1,11.0556
Spain_Primera_Division,2025-2026,Real Sociedad de Fútbol,4,2,14.0278
Spain_Primera_Division,2025-2026,Real Sociedad de Fútbol,4,3,10.1944
Spain_Primera_Division,2025-2026,Real Sociedad de Fútbol,4,4,8.3889
Spain_Primera_Division,2025-2026,Real Sociedad de Fútbol,4,5,13.8333
Spain_Primera_Division,2025-2026,Real Sociedad de Fútbol,4,6,10.5833
Spain_Primera_Division,2025-2026,Real Sociedad de Fútbol,4,7,10.2222
Spain_Primera_Division,2025-2026,Real Sociedad de Fútbol,5,0,9.5556
Spain_Primera_Division,2025-2026,Real Sociedad de Fútbol,5,1,9.25
Spain_Primera_Division,2025-2026,Real Sociedad de Fútbol,5,2,11.3056
Spain_Primera_Division,2025-2026,Real Sociedad de Fútbol,5,3,9.2222
Spain_Primera_Division,2025-2026,Real Sociedad de Fútbol,5,4,9.6944
Spain_Primera_Division,2025-2026,Real Sociedad de Fútbol,5,5,10.6389
Spain_Primera_Division,2025-2026,Real Sociedad de Fútbol,5,6,8.5833
Spain_Primera_Division,2025-2026,Real Sociedad de Fútbol,5,7,7.6111
Spain_Primera_Division,2025-2026,Real Sociedad de Fútbol,6,0,10.6944
Spain_Primera_Division,2025-2026,Real Sociedad de Fútbol,6,1,9.2778
Spain_Primera_Division,2025-2026,Real Sociedad de Fútbol,6,2,9.5556
Spain_Primera_Division,2025-2026,Real Sociedad de Fútbol,6,3,8.0556
Spain_Primera_Division,2025-2026,Real Sociedad de Fútbol,6,4,8.1111
Spain_Primera_Division,2025-2026,Real Sociedad de Fútbol,6,5,9.5278
Spain_Primera_Division,2025-2026,Real Sociedad de Fútbol,6,6,9.0833
Spain_Primera_Division,2025-2026,Real Sociedad de Fútbol,6,7,9.3333
Spain_Primera_Division,2025-2026,Real Sociedad de Fútbol,7,0,13.2778
Spain_Primera_Division,2025-2026,Real Sociedad de Fútbol,7,1,11.8056
Spain_Primera_Division,2025-2026,Real Sociedad de Fútbol,7,2,10.3611
Spain_Primera_Division,2025-2026,Real Sociedad de Fútbol,7,3,5.4167
Spain_Primera_Division,2025-2026,Real Sociedad de Fútbol,7,4,5.2778
Spain_Primera_Division,2025-2026,Real Sociedad de Fútbol,7,5,11.2778
Spain_Primera_Division,2025-2026,Real Sociedad de Fútbol,7,6,11.2222
Spain_Primera_Division,2025-2026,Real Sociedad de Fútbol,7,7,11.6389
Spain_Primera_Division,2025-2026,Real Sociedad de Fútbol,8,0,10.8889
Spain_Primera_Division,2025-2026,Real Sociedad de Fútbol,8,1,8.5
Spain_Primera_Division,2025-2026,Real Sociedad de Fútbol,8,2,7.9722
Spain_Primera_Division,2025-2026,Real Sociedad de Fútbol,8,3,5.1389
Spain_Primera_Division,2025-2026,Real Sociedad de Fútbol,8,4,5.0
Spain_Primera_Division,2025-2026,Real Sociedad de Fútbol,8,5,7.3611
Spain_Primera_Division,2025-2026,Real Sociedad de Fútbol,8,6,9.4444
Spain_Primera_Division,2025-2026,Real Sociedad de Fútbol,8,7,12.1389
Spain_Primera_Division,2025-2026,Real Sociedad de Fútbol,9,0,6.4444
Spain_Primera_Division,2025-2026,Real Sociedad de Fútbol,9,1,4.1111
Spain_Primera_Division,2025-2026,Real Sociedad de Fútbol,9,2,4.1944
Spain_Primera_Division,2025-2026,Real Sociedad de Fútbol,9,3,3.3056
Spain_Primera_Division,2025-2026,Real Sociedad de Fútbol,9,4,3.0278
Spain_Primera_Division,2025-2026,Real Sociedad de Fútbol,9,5,4.4444
Spain_Primera_Division,2025-2026,Real Sociedad de Fútbol,9,6,5.5
Spain_Primera_Division,2025-2026,Real Sociedad de Fútbol,9,7,6.6944
Spain_Primera_Division,2025-2026,Real Sociedad de Fútbol,10,0,4.8333
Spain_Primera_Division,2025-2026,Real Sociedad de Fútbol,10,1,3.6389
Spain_Primera_Division,2025-2026,Real Sociedad de Fútbol,10,2,3.1111
Spain_Primera_Division,2025-2026,Real Sociedad de Fútbol,10,3,3.1111
Spain_Primera_Division,2025-2026,Real Sociedad de Fútbol,10,4,3.7222
Spain_Primera_Division,2025-2026,Real Sociedad de Fútbol,10,5,3.0833
Spain_Primera_Division,2025-2026,Real Sociedad de Fútbol,10,6,4.5833
Spain_Primera_Division,2025-2026,Real Sociedad de Fútbol,10,7,5.4722
Spain_Primera_Division,2025-2026,Real Sociedad de Fútbol,11,0,4.75
Spain_Primera_Division,2025-2026,Real Sociedad de Fútbol,11,1,2.2778
Spain_Primera_Division,2025-2026,Real Sociedad de Fútbol,11,2,2.1944
Spain_Primera_Division,2025-2026,Real Sociedad de Fútbol,11,3,2.1667
Spain_Primera_Division,2025-2026,Real Sociedad de Fútbol,11,4,2.25
Spain_Primera_Division,2025-2026,Real Sociedad de Fútbol,11,5,2.7222
Spain_Primera_Division,2025-2026,Real Sociedad de Fútbol,11,6,2.1389
Spain_Primera_Division,2025-2026,Real Sociedad de Fútbol,11,7,4.6667
Spain_Primera_Division,2025-2026,Villarreal CF,0,0,1.6389
Spain_Primera_Division,2025-2026,Villarreal CF,0,1,2.2222
Spain_Primera_Division,2025-2026,Villarreal CF,0,2,3.25
Spain_Primera_Division,2025-2026,Villarreal CF,0,3,14.3611
Spain_Primera_Division,2025-2026,Villarreal CF,0,4,14.1944
Spain_Primera_Division,2025-2026,Villarreal CF,0,5,3.3889
Spain_Primera_Division,2025-2026,Villarreal CF,0,6,2.1944
Spain_Primera_Division,2025-2026,Villarreal CF,0,7,1.2778
Spain_Primera_Division,2025-2026,Villarreal CF,1,0,4.75
Spain_Primera_Division,2025-2026,Villarreal CF,1,1,4.6944
Spain_Primera_Division,2025-2026,Villarreal CF,1,2,7.8333
Spain_Primera_Division,2025-2026,Villarreal CF,1,3,12.8333
Spain_Primera_Division,2025-2026,Villarreal CF,1,4,13.3611
Spain_Primera_Division,2025-2026,Villarreal CF,1,5,7.9167
Spain_Primera_Division,2025-2026,Villarreal CF,1,6,4.5
Spain_Primera_Division,2025-2026,Villarreal CF,1,7,4.5
Spain_Primera_Division,2025-2026,Villarreal CF,2,0,7.25
Spain_Primera_Division,2025-2026,Villarreal CF,2,1,6.1111
Spain_Primera_Division,2025-2026,Villarreal CF,2,2,7.9167
Spain_Primera_Division,2025-2026,Villarreal CF,2,3,7.1944
Spain_Primera_Division,2025-2026,Villarreal CF,2,4,7.0
Spain_Primera_Division,2025-2026,Villarreal CF,2,5,7.1389
Spain_Primera_Division,2025-2026,Villarreal CF,2,6,5.5
Spain_Primera_Division,2025-2026,Villarreal CF,2,7,6.0278
Spain_Primera_Division,2025-2026,Villarreal CF,3,0,10.1944
Spain_Primera_Division,2025-2026,Villarreal CF,3,1,11.1944
Spain_Primera_Division,2025-2026,Villarreal CF,3,2,12.4444
Spain_Primera_Division,2025-2026,Villarreal CF,3,3,12.6389
Spain_Primera_Division,2025-2026,Villarreal CF,3,4,11.9722
Spain_Primera_Division,2025-2026,Villarreal CF,3,5,12.8333
Spain_Primera_Division,2025-2026,Villarreal CF,3,6,8.3333
Spain_Primera_Division,2025-2026,Villarreal CF,3,7,7.4444
Spain_Primera_Division,2025-2026,Villarreal CF,4,0,10.0556
Spain_Primera_Division,2025-2026,Villarreal CF,4,1,10.6667
Spain_Primera_Division,2025-2026,Villarreal CF,4,2,12.3056
Spain_Primera_Division,2025-2026,Villarreal CF,4,3,9.8889
Spain_Primera_Division,2025-2026,Villarreal CF,4,4,9.0833
Spain_Primera_Division,2025-2026,Villarreal CF,4,5,11.8889
Spain_Primera_Division,2025-2026,Villarreal CF,4,6,7.9722
Spain_Primera_Division,2025-2026,Villarreal CF,4,7,7.5556
Spain_Primera_Division,2025-2026,Villarreal CF,5,0,7.3889
Spain_Primera_Division,2025-2026,Villarreal CF,5,1,7.3056
Spain_Primera_Division,2025-2026,Villarreal CF,5,2,9.1389
Spain_Primera_Division,2025-2026,Villarreal CF,5,3,9.8333
Spain_Primera_Division,2025-2026,Villarreal CF,5,4,10.4167
Spain_Primera_Division,2025-2026,Villarreal CF,5,5,8.8333
Spain_Primera_Division,2025-2026,Villarreal CF,5,6,5.9722
Spain_Primera_Division,2025-2026,Villarreal CF,5,7,4.9167
Spain_Primera_Division,2025-2026,Villarreal CF,6,0,7.6667
Spain_Primera_Division,2025-2026,Villarreal CF,6,1,7.2222
Spain_Primera_Division,2025-2026,Villarreal CF,6,2,7.7778
Spain_Primera_Division,2025-2026,Villarreal CF,6,3,7.75
Spain_Primera_Division,2025-2026,Villarreal CF,6,4,8.0556
Spain_Primera_Division,2025-2026,Villarreal CF,6,5,8.3889
Spain_Primera_Division,2025-2026,Villarreal CF,6,6,5.5
Spain_Primera_Division,2025-2026,Villarreal CF,6,7,5.1944
Spain_Primera_Division,2025-2026,Villarreal CF,7,0,8.3333
Spain_Primera_Division,2025-2026,Villarreal CF,7,1,9.4167
Spain_Primera_Division,2025-2026,Villarreal CF,7,2,9.8889
Spain_Primera_Division,2025-2026,Villarreal CF,7,3,5.0
Spain_Primera_Division,2025-2026,Villarreal CF,7,4,5.4167
Spain_Primera_Division,2025-2026,Villarreal CF,7,5,9.1111
Spain_Primera_Division,2025-2026,Villarreal CF,7,6,7.4722
Spain_Primera_Division,2025-2026,Villarreal CF,7,7,8.6111
Spain_Primera_Division,2025-2026,Villarreal CF,8,0,9.1111
Spain_Primera_Division,2025-2026,Villarreal CF,8,1,7.6389
Spain_Primera_Division,2025-2026,Villarreal CF,8,2,7.9722
Spain_Primera_Division,2025-2026,Villarreal CF,8,3,6.1111
Spain_Primera_Division,2025-2026,Villarreal CF,8,4,5.9167
Spain_Primera_Division,2025-2026,Villarreal CF,8,5,7.3056
Spain_Primera_Division,2025-2026,Villarreal CF,8,6,6.8056
Spain_Primera_Division,2025-2026,Villarreal CF,8,7,7.4167
Spain_Primera_Division,2025-2026,Villarreal CF,9,0,6.1389
Spain_Primera_Division,2025-2026,Villarreal CF,9,1,4.75
Spain_Primera_Division,2025-2026,Villarreal CF,9,2,4.4444
Spain_Primera_Division,2025-2026,Villarreal CF,9,3,2.9722
Spain_Primera_Division,2025-2026,Villarreal CF,9,4,3.0556
Spain_Primera_Division,2025-2026,Villarreal CF,9,5,3.3333
Spain_Primera_Division,2025-2026,Villarreal CF,9,6,4.0278
Spain_Primera_Division,2025-2026,Villarreal CF,9,7,4.75
Spain_Primera_Division,2025-2026,Villarreal CF,10,0,4.7778
Spain_Primera_Division,2025-2026,Villarreal CF,10,1,3.5
Spain_Primera_Division,2025-2026,Villarreal CF,10,2,5.0556
Spain_Primera_Division,2025-2026,Villarreal CF,10,3,3.9722
Spain_Primera_Division,2025-2026,Villarreal CF,10,4,3.5833
Spain_Primera_Division,2025-2026,Villarreal CF,10,5,3.4444
Spain_Primera_Division,2025-2026,Villarreal CF,10,6,2.2778
Spain_Primera_Division,2025-2026,Villarreal CF,10,7,3.5833
Spain_Primera_Division,2025-2026,Villarreal CF,11,0,3.2778
Spain_Primera_Division,2025-2026,Villarreal CF,11,1,1.5278
Spain_Primera_Division,2025-2026,Villarreal CF,11,2,2.3056
Spain_Primera_Division,2025-2026,Villarreal CF,11,3,1.7222
Spain_Primera_Division,2025-2026,Villarreal CF,11,4,1.8333
Spain_Primera_Division,2025-2026,Villarreal CF,11,5,2.2778
Spain_Primera_Division,2025-2026,Villarreal CF,11,6,2.25
Spain_Primera_Division,2025-2026,Villarreal CF,11,7,3.7222
Spain_Primera_Division,2025-2026,Valencia CF,0,0,1.6667
Spain_Primera_Division,2025-2026,Valencia CF,0,1,1.8889
Spain_Primera_Division,2025-2026,Valencia CF,0,2,3.1944
Spain_Primera_Division,2025-2026,Valencia CF,0,3,12.2778
Spain_Primera_Division,2025-2026,Valencia CF,0,4,11.8333
Spain_Primera_Division,2025-2026,Valencia CF,0,5,2.3611
Spain_Primera_Division,2025-2026,Valencia CF,0,6,1.2778
Spain_Primera_Division,2025-2026,Valencia CF,0,7,1.2778
Spain_Primera_Division,2025-2026,Valencia CF,1,0,3.9722
Spain_Primera_Division,2025-2026,Valencia CF,1,1,4.0
Spain_Primera_Division,2025-2026,Valencia CF,1,2,6.6944
Spain_Primera_Division,2025-2026,Valencia CF,1,3,12.9167
Spain_Primera_Division,2025-2026,Valencia CF,1,4,12.7778
Spain_Primera_Division,2025-2026,Valencia CF,1,5,5.6944
Spain_Primera_Division,2025-2026,Valencia CF,1,6,4.0
Spain_Primera_Division,2025-2026,Valencia CF,1,7,3.4444
Spain_Primera_Division,2025-2026,Valencia CF,2,0,4.8611
Spain_Primera_Division,2025-2026,Valencia CF,2,1,5.8611
Spain_Primera_Division,2025-2026,Valencia CF,2,2,7.4444
Spain_Primera_Division,2025-2026,Valencia CF,2,3,7.0278
Spain_Primera_Division,2025-2026,Valencia CF,2,4,6.1667
Spain_Primera_Division,2025-2026,Valencia CF,2,5,6.5
Spain_Primera_Division,2025-2026,Valencia CF,2,6,4.7222
Spain_Primera_Division,2025-2026,Valencia CF,2,7,4.5833
Spain_Primera_Division,2025-2026,Valencia CF,3,0,9.1111
Spain_Primera_Division,2025-2026,Valencia CF,3,1,9.1944
Spain_Primera_Division,2025-2026,Valencia CF,3,2,13.2222
Spain_Primera_Division,2025-2026,Valencia CF,3,3,12.1389
Spain_Primera_Division,2025-2026,Valencia CF,3,4,11.1944
Spain_Primera_Division,2025-2026,Valencia CF,3,5,13.0556
Spain_Primera_Division,2025-2026,Valencia CF,3,6,9.9444
Spain_Primera_Division,2025-2026,Valencia CF,3,7,7.6111
Spain_Primera_Division,2025-2026,Valencia CF,4,0,11.1944
Spain_Primera_Division,2025-2026,Valencia CF,4,1,9.9167
Spain_Primera_Division,2025-2026,Valencia CF,4,2,14.0
Spain_Primera_Division,2025-2026,Valencia CF,4,3,9.8889
Spain_Primera_Division,2025-2026,Valencia CF,4,4,9.9444
Spain_Primera_Division,2025-2026,Valencia CF,4,5,12.9444
Spain_Primera_Division,2025-2026,Valencia CF,4,6,10.3056
Spain_Primera_Division,2025-2026,Valencia CF,4,7,7.8611
Spain_Primera_Division,2025-2026,Valencia CF,5,0,7.9167
Spain_Primera_Division,2025-2026,Valencia CF,5,1,8.2222
Spain_Primera_Division,2025-2026,Valencia CF,5,2,9.75
Spain_Primera_Division,2025-2026,Valencia CF,5,3,9.1944
Spain_Primera_Division,2025-2026,Valencia CF,5,4,9.5278
Spain_Primera_Division,2025-2026,Valencia CF,5,5,8.6111
Spain_Primera_Division,2025-2026,Valencia CF,5,6,6.6389
Spain_Primera_Division,2025-2026,Valencia CF,5,7,6.0
Spain_Primera_Division,2025-2026,Valencia CF,6,0,8.3056
Spain_Primera_Division,2025-2026,Valencia CF,6,1,8.3889
Spain_Primera_Division,2025-2026,Valencia CF,6,2,8.7222
Spain_Primera_Division,2025-2026,Valencia CF,6,3,7.3056
Spain_Primera_Division,2025-2026,Valencia CF,6,4,7.7778
Spain_Primera_Division,2025-2026,Valencia CF,6,5,9.0278
Spain_Primera_Division,2025-2026,Valencia CF,6,6,7.8889
Spain_Primera_Division,2025-2026,Valencia CF,6,7,6.9722
Spain_Primera_Division,2025-2026,Valencia CF,7,0,11.5
Spain_Primera_Division,2025-2026,Valencia CF,7,1,10.5833
Spain_Primera_Division,2025-2026,Valencia CF,7,2,9.2778
Spain_Primera_Division,2025-2026,Valencia CF,7,3,5.25
Spain_Primera_Division,2025-2026,Valencia CF,7,4,5.1667
Spain_Primera_Division,2025-2026,Valencia CF,7,5,9.0833
Spain_Primera_Division,2025-2026,Valencia CF,7,6,10.1944
Spain_Primera_Division,2025-2026,Valencia CF,7,7,9.6667
Spain_Primera_Division,2025-2026,Valencia CF,8,0,10.3889
Spain_Primera_Division,2025-2026,Valencia CF,8,1,8.2778
Spain_Primera_Division,2025-2026,Valencia CF,8,2,7.9722
Spain_Primera_Division,2025-2026,Valencia CF,8,3,5.6111
Spain_Primera_Division,2025-2026,Valencia CF,8,4,5.7778
Spain_Primera_Division,2025-2026,Valencia CF,8,5,7.3056
Spain_Primera_Division,2025-2026,Valencia CF,8,6,8.6944
Spain_Primera_Division,2025-2026,Valencia CF,8,7,9.1667
Spain_Primera_Division,2025-2026,Valencia CF,9,0,7.25
Spain_Primera_Division,2025-2026,Valencia CF,9,1,3.75
Spain_Primera_Division,2025-2026,Valencia CF,9,2,3.6111
Spain_Primera_Division,2025-2026,Valencia CF,9,3,2.3056
Spain_Primera_Division,2025-2026,Valencia CF,9,4,2.4444
Spain_Primera_Division,2025-2026,Valencia CF,9,5,3.1944
Spain_Primera_Division,2025-2026,Valencia CF,9,6,3.7778
Spain_Primera_Division,2025-2026,Valencia CF,9,7,6.75
Spain_Primera_Division,2025-2026,Valencia CF,10,0,4.9444
Spain_Primera_Division,2025-2026,Valencia CF,10,1,3.0833
Spain_Primera_Division,2025-2026,Valencia CF,10,2,3.0833
Spain_Primera_Division,2025-2026,Valencia CF,10,3,3.7778
Spain_Primera_Division,2025-2026,Valencia CF,10,4,3.3056
Spain_Primera_Division,2025-2026,Valencia CF,10,5,3.1111
Spain_Primera_Division,2025-2026,Valencia CF,10,6,3.8056
Spain_Primera_Division,2025-2026,Valencia CF,10,7,5.2778
Spain_Primera_Division,2025-2026,Valencia CF,11,0,5.1667
Spain_Primera_Division,2025-2026,Valencia CF,11,1,2.8611
Spain_Primera_Division,2025-2026,Valencia CF,11,2,2.1944
Spain_Primera_Division,2025-2026,Valencia CF,11,3,2.0556
Spain_Primera_Division,2025-2026,Valencia CF,11,4,2.3333
Spain_Primera_Division,2025-2026,Valencia CF,11,5,1.4167
Spain_Primera_Division,2025-2026,Valencia CF,11,6,2.4444
Spain_Primera_Division,2025-2026,Valencia CF,11,7,4.2778
France_Ligue_1,2025-2026,Le Havre AC,0,0,1.303
France_Ligue_1,2025-2026,Le Havre AC,0,1,2.1515
France_Ligue_1,2025-2026,Le Havre AC,0,2,3.5758
France_Ligue_1,2025-2026,Le Havre AC,0,3,11.4545
France_Ligue_1,2025-2026,Le Havre AC,0,4,12.5758
France_Ligue_1,2025-2026,Le Havre AC,0,5,3.4545
France_Ligue_1,2025-2026,Le Havre AC,0,6,1.5758
France_Ligue_1,2025-2026,Le Havre AC,0,7,1.8485
France_Ligue_1,2025-2026,Le Havre AC,1,0,5.1818
France_Ligue_1,2025-2026,Le Havre AC,1,1,3.3636
France_Ligue_1,2025-2026,Le Havre AC,1,2,7.4242
France_Ligue_1,2025-2026,Le Havre AC,1,3,14.6061
France_Ligue_1,2025-2026,Le Havre AC,1,4,13.7576
France_Ligue_1,2025-2026,Le Havre AC,1,5,7.2727
France_Ligue_1,2025-2026,Le Havre AC,1,6,4.3636
France_Ligue_1,2025-2026,Le Havre AC,1,7,6.0303
France_Ligue_1,2025-2026,Le Havre AC,2,0,5.9697
France_Ligue_1,2025-2026,Le Havre AC,2,1,5.6667
France_Ligue_1,2025-2026,Le Havre AC,2,2,6.4848
France_Ligue_1,2025-2026,Le Havre AC,2,3,5.5455
France_Ligue_1,2025-2026,Le Havre AC,2,4,5.2121
France_Ligue_1,2025-2026,Le Havre AC,2,5,8.0303
France_Ligue_1,2025-2026,Le Havre AC,2,6,6.1515
France_Ligue_1,2025-2026,Le Havre AC,2,7,8.5152
France_Ligue_1,2025-2026,Le Havre AC,3,0,9.1515
France_Ligue_1,2025-2026,Le Havre AC,3,1,8.8788
France_Ligue_1,2025-2026,Le Havre AC,3,2,11.1515
France_Ligue_1,2025-2026,Le Havre AC,3,3,7.8485
France_Ligue_1,2025-2026,Le Havre AC,3,4,7.303
France_Ligue_1,2025-2026,Le Havre AC,3,5,11.7576
France_Ligue_1,2025-2026,Le Havre AC,3,6,9.4848
France_Ligue_1,2025-2026,Le Havre AC,3,7,10.1818
France_Ligue_1,2025-2026,Le Havre AC,4,0,10.5758
France_Ligue_1,2025-2026,Le Havre AC,4,1,9.1212
France_Ligue_1,2025-2026,Le Havre AC,4,2,11.0606
France_Ligue_1,2025-2026,Le Havre AC,4,3,6.8788
France_Ligue_1,2025-2026,Le Havre AC,4,4,7.4545
France_Ligue_1,2025-2026,Le Havre AC,4,5,11.7273
France_Ligue_1,2025-2026,Le Havre AC,4,6,9.2727
France_Ligue_1,2025-2026,Le Havre AC,4,7,10.7576
France_Ligue_1,2025-2026,Le Havre AC,5,0,9.3333
France_Ligue_1,2025-2026,Le Havre AC,5,1,8.7576
France_Ligue_1,2025-2026,Le Havre AC,5,2,9.9091
France_Ligue_1,2025-2026,Le Havre AC,5,3,7.7576
France_Ligue_1,2025-2026,Le Havre AC,5,4,6.9091
France_Ligue_1,2025-2026,Le Havre AC,5,5,9.6667
France_Ligue_1,2025-2026,Le Havre AC,5,6,7.3636
France_Ligue_1,2025-2026,Le Havre AC,5,7,7.8788
France_Ligue_1,2025-2026,Le Havre AC,6,0,9.9697
France_Ligue_1,2025-2026,Le Havre AC,6,1,8.3333
France_Ligue_1,2025-2026,Le Havre AC,6,2,7.4545
France_Ligue_1,2025-2026,Le Havre AC,6,3,5.697
France_Ligue_1,2025-2026,Le Havre AC,6,4,6.4545
France_Ligue_1,2025-2026,Le Havre AC,6,5,8.1212
France_Ligue_1,2025-2026,Le Havre AC,6,6,7.4848
France_Ligue_1,2025-2026,Le Havre AC,6,7,9.1515
France_Ligue_1,2025-2026,Le Havre AC,7,0,12.2121
France_Ligue_1,2025-2026,Le Havre AC,7,1,8.6667
France_Ligue_1,2025-2026,Le Havre AC,7,2,8.2121
France_Ligue_1,2025-2026,Le Havre AC,7,3,3.8485
France_Ligue_1,2025-2026,Le Havre AC,7,4,3.6667
France_Ligue_1,2025-2026,Le Havre AC,7,5,6.1515
France_Ligue_1,2025-2026,Le Havre AC,7,6,8.9394
France_Ligue_1,2025-2026,Le Havre AC,7,7,12.5455
France_Ligue_1,2025-2026,Le Havre AC,8,0,9.0303
France_Ligue_1,2025-2026,Le Havre AC,8,1,6.8485
France_Ligue_1,2025-2026,Le Havre AC,8,2,5.5152
France_Ligue_1,2025-2026,Le Havre AC,8,3,3.4545
France_Ligue_1,2025-2026,Le Havre AC,8,4,4.3939
France_Ligue_1,2025-2026,Le Havre AC,8,5,5.1212
France_Ligue_1,2025-2026,Le Havre AC,8,6,6.9697
France_Ligue_1,2025-2026,Le Havre AC,8,7,8.5758
France_Ligue_1,2025-2026,Le Havre AC,9,0,7.1515
France_Ligue_1,2025-2026,Le Havre AC,9,1,3.3939
France_Ligue_1,2025-2026,Le Havre AC,9,2,3.1515
France_Ligue_1,2025-2026,Le Havre AC,9,3,2.3636
France_Ligue_1,2025-2026,Le Havre AC,9,4,2.6364
France_Ligue_1,2025-2026,Le Havre AC,9,5,2.697
France_Ligue_1,2025-2026,Le Havre AC,9,6,3.3333
France_Ligue_1,2025-2026,Le Havre AC,9,7,7.0303
France_Ligue_1,2025-2026,Le Havre AC,10,0,6.2424
France_Ligue_1,2025-2026,Le Havre AC,10,1,3.4242
France_Ligue_1,2025-2026,Le Havre AC,10,2,2.5758
France_Ligue_1,2025-2026,Le Havre AC,10,3,3.3333
France_Ligue_1,2025-2026,Le Havre AC,10,4,3.9091
France_Ligue_1,2025-2026,Le Havre AC,10,5,2.7273
France_Ligue_1,2025-2026,Le Havre AC,10,6,3.1515
France_Ligue_1,2025-2026,Le Havre AC,10,7,5.303
France_Ligue_1,2025-2026,Le Havre AC,11,0,4.8788
France_Ligue_1,2025-2026,Le Havre AC,11,1,1.5758
France_Ligue_1,2025-2026,Le Havre AC,11,2,1.6667
France_Ligue_1,2025-2026,Le Havre AC,11,3,1.8485
France_Ligue_1,2025-2026,Le Havre AC,11,4,1.8182
France_Ligue_1,2025-2026,Le Havre AC,11,5,1.5758
France_Ligue_1,2025-2026,Le Havre AC,11,6,1.8182
France_Ligue_1,2025-2026,Le Havre AC,11,7,4.4848
France_Ligue_1,2025-2026,Stade Brestois 29,0,0,1.4242
France_Ligue_1,2025-2026,Stade Brestois 29,0,1,1.7879
France_Ligue_1,2025-2026,Stade Brestois 29,0,2,2.6364
France_Ligue_1,2025-2026,Stade Brestois 29,0,3,12.697
France_Ligue_1,2025-2026,Stade Brestois 29,0,4,13.0909
France_Ligue_1,2025-2026,Stade Brestois 29,0,5,3.7273
France_Ligue_1,2025-2026,Stade Brestois 29,0,6,2.2727
France_Ligue_1,2025-2026,Stade Brestois 29,0,7,2.0606
France_Ligue_1,2025-2026,Stade Brestois 29,1,0,3.3636
France_Ligue_1,2025-2026,Stade Brestois 29,1,1,4.3636
France_Ligue_1,2025-2026,Stade Brestois 29,1,2,6.4545
France_Ligue_1,2025-2026,Stade Brestois 29,1,3,12.1818
France_Ligue_1,2025-2026,Stade Brestois 29,1,4,14.6061
France_Ligue_1,2025-2026,Stade Brestois 29,1,5,6.7273
France_Ligue_1,2025-2026,Stade Brestois 29,1,6,3.9091
France_Ligue_1,2025-2026,Stade Brestois 29,1,7,5.1212
France_Ligue_1,2025-2026,Stade Brestois 29,2,0,5.2424
France_Ligue_1,2025-2026,Stade Brestois 29,2,1,5.5152
France_Ligue_1,2025-2026,Stade Brestois 29,2,2,7.2727
France_Ligue_1,2025-2026,Stade Brestois 29,2,3,5.4242
France_Ligue_1,2025-2026,Stade Brestois 29,2,4,5.7879
France_Ligue_1,2025-2026,Stade Brestois 29,2,5,7.6667
France_Ligue_1,2025-2026,Stade Brestois 29,2,6,5.5455
France_Ligue_1,2025-2026,Stade Brestois 29,2,7,5.6364
France_Ligue_1,2025-2026,Stade Brestois 29,3,0,9.4848
France_Ligue_1,2025-2026,Stade Brestois 29,3,1,9.0909
France_Ligue_1,2025-2026,Stade Brestois 29,3,2,11.6667
France_Ligue_1,2025-2026,Stade Brestois 29,3,3,9.7576
France_Ligue_1,2025-2026,Stade Brestois 29,3,4,9.6061
France_Ligue_1,2025-2026,Stade Brestois 29,3,5,11.9394
France_Ligue_1,2025-2026,Stade Brestois 29,3,6,10.0
France_Ligue_1,2025-2026,Stade Brestois 29,3,7,10.5152
France_Ligue_1,2025-2026,Stade Brestois 29,4,0,11.2121
France_Ligue_1,2025-2026,Stade Brestois 29,4,1,9.6061
France_Ligue_1,2025-2026,Stade Brestois 29,4,2,11.2727
France_Ligue_1,2025-2026,Stade Brestois 29,4,3,7.6061
France_Ligue_1,2025-2026,Stade Brestois 29,4,4,7.6061
France_Ligue_1,2025-2026,Stade Brestois 29,4,5,12.0
France_Ligue_1,2025-2026,Stade Brestois 29,4,6,10.0
France_Ligue_1,2025-2026,Stade Brestois 29,4,7,10.0909
France_Ligue_1,2025-2026,Stade Brestois 29,5,0,7.0303
France_Ligue_1,2025-2026,Stade Brestois 29,5,1,5.6061
France_Ligue_1,2025-2026,Stade Brestois 29,5,2,8.9091
France_Ligue_1,2025-2026,Stade Brestois 29,5,3,7.2424
France_Ligue_1,2025-2026,Stade Brestois 29,5,4,7.8182
France_Ligue_1,2025-2026,Stade Brestois 29,5,5,9.8788
France_Ligue_1,2025-2026,Stade Brestois 29,5,6,6.0606
France_Ligue_1,2025-2026,Stade Brestois 29,5,7,7.2727
France_Ligue_1,2025-2026,Stade Brestois 29,6,0,7.2727
France_Ligue_1,2025-2026,Stade Brestois 29,6,1,5.6667
France_Ligue_1,2025-2026,Stade Brestois 29,6,2,6.5758
France_Ligue_1,2025-2026,Stade Brestois 29,6,3,6.5455
France_Ligue_1,2025-2026,Stade Brestois 29,6,4,7.0303
France_Ligue_1,2025-2026,Stade Brestois 29,6,5,8.4242
France_Ligue_1,2025-2026,Stade Brestois 29,6,6,6.8182
France_Ligue_1,2025-2026,Stade Brestois 29,6,7,8.9394
France_Ligue_1,2025-2026,Stade Brestois 29,7,0,11.1818
France_Ligue_1,2025-2026,Stade Brestois 29,7,1,8.1515
France_Ligue_1,2025-2026,Stade Brestois 29,7,2,7.1212
France_Ligue_1,2025-2026,Stade Brestois 29,7,3,5.0303
France_Ligue_1,2025-2026,Stade Brestois 29,7,4,5.5758
France_Ligue_1,2025-2026,Stade Brestois 29,7,5,9.5455
France_Ligue_1,2025-2026,Stade Brestois 29,7,6,10.0606
France_Ligue_1,2025-2026,Stade Brestois 29,7,7,11.2424
France_Ligue_1,2025-2026,Stade Brestois 29,8,0,9.3333
France_Ligue_1,2025-2026,Stade Brestois 29,8,1,7.5455
France_Ligue_1,2025-2026,Stade Brestois 29,8,2,5.697
France_Ligue_1,2025-2026,Stade Brestois 29,8,3,5.3939
France_Ligue_1,2025-2026,Stade Brestois 29,8,4,6.2121
France_Ligue_1,2025-2026,Stade Brestois 29,8,5,7.8788
France_Ligue_1,2025-2026,Stade Brestois 29,8,6,8.3939
France_Ligue_1,2025-2026,Stade Brestois 29,8,7,9.7576
France_Ligue_1,2025-2026,Stade Brestois 29,9,0,5.0
France_Ligue_1,2025-2026,Stade Brestois 29,9,1,2.697
France_Ligue_1,2025-2026,Stade Brestois 29,9,2,2.697
France_Ligue_1,2025-2026,Stade Brestois 29,9,3,3.0606
France_Ligue_1,2025-2026,Stade Brestois 29,9,4,2.2424
France_Ligue_1,2025-2026,Stade Brestois 29,9,5,3.0303
France_Ligue_1,2025-2026,Stade Brestois 29,9,6,3.4848
France_Ligue_1,2025-2026,Stade Brestois 29,9,7,5.2727
France_Ligue_1,2025-2026,Stade Brestois 29,10,0,4.8182
France_Ligue_1,2025-2026,Stade Brestois 29,10,1,2.7273
France_Ligue_1,2025-2026,Stade Brestois 29,10,2,2.4848
France_Ligue_1,2025-2026,Stade Brestois 29,10,3,4.2424
France_Ligue_1,2025-2026,Stade Brestois 29,10,4,4.1515
France_Ligue_1,2025-2026,Stade Brestois 29,10,5,2.3333
France_Ligue_1,2025-2026,Stade Brestois 29,10,6,2.303
France_Ligue_1,2025-2026,Stade Brestois 29,10,7,4.0303
France_Ligue_1,2025-2026,Stade Brestois 29,11,0,3.8788
France_Ligue_1,2025-2026,Stade Brestois 29,11,1,1.4545
France_Ligue_1,2025-2026,Stade Brestois 29,11,2,1.2424
France_Ligue_1,2025-2026,Stade Brestois 29,11,3,2.0
France_Ligue_1,2025-2026,Stade Brestois 29,11,4,1.9394
France_Ligue_1,2025-2026,Stade Brestois 29,11,5,1.5455
France_Ligue_1,2025-2026,Stade Brestois 29,11,6,1.5758
France_Ligue_1,2025-2026,Stade Brestois 29,11,7,3.303
France_Ligue_1,2025-2026,Paris Saint-Germain FC,0,0,0.8182
France_Ligue_1,2025-2026,Paris Saint-Germain FC,0,1,2.4242
France_Ligue_1,2025-2026,Paris Saint-Germain FC,0,2,2.4848
France_Ligue_1,2025-2026,Paris Saint-Germain FC,0,3,9.5455
France_Ligue_1,2025-2026,Paris Saint-Germain FC,0,4,10.6667
France_Ligue_1,2025-2026,Paris Saint-Germain FC,0,5,2.3636
France_Ligue_1,2025-2026,Paris Saint-Germain FC,0,6,1.9697
France_Ligue_1,2025-2026,Paris Saint-Germain FC,0,7,1.2424
France_Ligue_1,2025-2026,Paris Saint-Germain FC,1,0,4.303
France_Ligue_1,2025-2026,Paris Saint-Germain FC,1,1,5.303
France_Ligue_1,2025-2026,Paris Saint-Germain FC,1,2,6.5758
France_Ligue_1,2025-2026,Paris Saint-Germain FC,1,3,9.0303
France_Ligue_1,2025-2026,Paris Saint-Germain FC,1,4,9.8788
France_Ligue_1,2025-2026,Paris Saint-Germain FC,1,5,7.3636
France_Ligue_1,2025-2026,Paris Saint-Germain FC,1,6,4.3333
France_Ligue_1,2025-2026,Paris Saint-Germain FC,1,7,4.0909
France_Ligue_1,2025-2026,Paris Saint-Germain FC,2,0,4.8182
France_Ligue_1,2025-2026,Paris Saint-Germain FC,2,1,5.9091
France_Ligue_1,2025-2026,Paris Saint-Germain FC,2,2,6.7879
France_Ligue_1,2025-2026,Paris Saint-Germain FC,2,3,4.9394
France_Ligue_1,2025-2026,Paris Saint-Germain FC,2,4,5.6667
France_Ligue_1,2025-2026,Paris Saint-Germain FC,2,5,7.5152
France_Ligue_1,2025-2026,Paris Saint-Germain FC,2,6,5.1515
France_Ligue_1,2025-2026,Paris Saint-Germain FC,2,7,5.1515
France_Ligue_1,2025-2026,Paris Saint-Germain FC,3,0,9.0
France_Ligue_1,2025-2026,Paris Saint-Germain FC,3,1,9.8182
France_Ligue_1,2025-2026,Paris Saint-Germain FC,3,2,14.0303
France_Ligue_1,2025-2026,Paris Saint-Germain FC,3,3,12.0
France_Ligue_1,2025-2026,Paris Saint-Germain FC,3,4,14.8485
France_Ligue_1,2025-2026,Paris Saint-Germain FC,3,5,13.5758
France_Ligue_1,2025-2026,Paris Saint-Germain FC,3,6,11.6667
France_Ligue_1,2025-2026,Paris Saint-Germain FC,3,7,8.4545
France_Ligue_1,2025-2026,Paris Saint-Germain FC,4,0,11.697
France_Ligue_1,2025-2026,Paris Saint-Germain FC,4,1,13.3333
France_Ligue_1,2025-2026,Paris Saint-Germain FC,4,2,17.2727
France_Ligue_1,2025-2026,Paris Saint-Germain FC,4,3,14.2121
France_Ligue_1,2025-2026,Paris Saint-Germain FC,4,4,17.1515
France_Ligue_1,2025-2026,Paris Saint-Germain FC,4,5,18.5455
France_Ligue_1,2025-2026,Paris Saint-Germain FC,4,6,16.9091
France_Ligue_1,2025-2026,Paris Saint-Germain FC,4,7,11.9091
France_Ligue_1,2025-2026,Paris Saint-Germain FC,5,0,9.0303
France_Ligue_1,2025-2026,Paris Saint-Germain FC,5,1,11.8485
France_Ligue_1,2025-2026,Paris Saint-Germain FC,5,2,16.1515
France_Ligue_1,2025-2026,Paris Saint-Germain FC,5,3,11.5758
France_Ligue_1,2025-2026,Paris Saint-Germain FC,5,4,13.303
France_Ligue_1,2025-2026,Paris Saint-Germain FC,5,5,14.8788
France_Ligue_1,2025-2026,Paris Saint-Germain FC,5,6,13.7879
France_Ligue_1,2025-2026,Paris Saint-Germain FC,5,7,9.3939
France_Ligue_1,2025-2026,Paris Saint-Germain FC,6,0,12.3636
France_Ligue_1,2025-2026,Paris Saint-Germain FC,6,1,14.3333
France_Ligue_1,2025-2026,Paris Saint-Germain FC,6,2,17.2727
France_Ligue_1,2025-2026,Paris Saint-Germain FC,6,3,11.6667
France_Ligue_1,2025-2026,Paris Saint-Germain FC,6,4,14.5758
France_Ligue_1,2025-2026,Paris Saint-Germain FC,6,5,15.0606
France_Ligue_1,2025-2026,Paris Saint-Germain FC,6,6,13.5758
France_Ligue_1,2025-2026,Paris Saint-Germain FC,6,7,11.1818
France_Ligue_1,2025-2026,Paris Saint-Germain FC,7,0,18.4242
France_Ligue_1,2025-2026,Paris Saint-Germain FC,7,1,20.8485
France_Ligue_1,2025-2026,Paris Saint-Germain FC,7,2,20.3636
France_Ligue_1,2025-2026,Paris Saint-Germain FC,7,3,10.2727
France_Ligue_1,2025-2026,Paris Saint-Germain FC,7,4,11.2424
France_Ligue_1,2025-2026,Paris Saint-Germain FC,7,5,19.5758
France_Ligue_1,2025-2026,Paris Saint-Germain FC,7,6,19.6364
France_Ligue_1,2025-2026,Paris Saint-Germain FC,7,7,16.9091
France_Ligue_1,2025-2026,Paris Saint-Germain FC,8,0,18.5152
France_Ligue_1,2025-2026,Paris Saint-Germain FC,8,1,18.7879
France_Ligue_1,2025-2026,Paris Saint-Germain FC,8,2,16.6667
France_Ligue_1,2025-2026,Paris Saint-Germain FC,8,3,11.5758
France_Ligue_1,2025-2026,Paris Saint-Germain FC,8,4,12.0909
France_Ligue_1,2025-2026,Paris Saint-Germain FC,8,5,16.7576
France_Ligue_1,2025-2026,Paris Saint-Germain FC,8,6,15.0606
France_Ligue_1,2025-2026,Paris Saint-Germain FC,8,7,15.0606
France_Ligue_1,2025-2026,Paris Saint-Germain FC,9,0,11.1212
France_Ligue_1,2025-2026,Paris Saint-Germain FC,9,1,10.3636
France_Ligue_1,2025-2026,Paris Saint-Germain FC,9,2,7.9091
France_Ligue_1,2025-2026,Paris Saint-Germain FC,9,3,4.3636
France_Ligue_1,2025-2026,Paris Saint-Germain FC,9,4,4.4545
France_Ligue_1,2025-2026,Paris Saint-Germain FC,9,5,7.6061
France_Ligue_1,2025-2026,Paris Saint-Germain FC,9,6,8.8485
France_Ligue_1,2025-2026,Paris Saint-Germain FC,9,7,9.8182
France_Ligue_1,2025-2026,Paris Saint-Germain FC,10,0,7.3333
France_Ligue_1,2025-2026,Paris Saint-Germain FC,10,1,6.0606
France_Ligue_1,2025-2026,Paris Saint-Germain FC,10,2,5.7576
France_Ligue_1,2025-2026,Paris Saint-Germain FC,10,3,3.9091
France_Ligue_1,2025-2026,Paris Saint-Germain FC,10,4,4.697
France_Ligue_1,2025-2026,Paris Saint-Germain FC,10,5,6.3333
France_Ligue_1,2025-2026,Paris Saint-Germain FC,10,6,5.6667
France_Ligue_1,2025-2026,Paris Saint-Germain FC,10,7,6.0909
France_Ligue_1,2025-2026,Paris Saint-Germain FC,11,0,4.8485
France_Ligue_1,2025-2026,Paris Saint-Germain FC,11,1,3.1818
France_Ligue_1,2025-2026,Paris Saint-Germain FC,11,2,2.8485
France_Ligue_1,2025-2026,Paris Saint-Germain FC,11,3,2.5758
France_Ligue_1,2025-2026,Paris Saint-Germain FC,11,4,2.8182
France_Ligue_1,2025-2026,Paris Saint-Germain FC,11,5,3.697
France_Ligue_1,2025-2026,Paris Saint-Germain FC,11,6,3.0303
France_Ligue_1,2025-2026,Paris Saint-Germain FC,11,7,4.5758
France_Ligue_1,2025-2026,FC Lorient,0,0,1.5455
France_Ligue_1,2025-2026,FC Lorient,0,1,1.4242
France_Ligue_1,2025-2026,FC Lorient,0,2,2.9394
France_Ligue_1,2025-2026,FC Lorient,0,3,13.3939
France_Ligue_1,2025-2026,FC Lorient,0,4,15.1818
France_Ligue_1,2025-2026,FC Lorient,0,5,3.4545
France_Ligue_1,2025-2026,FC Lorient,0,6,2.2727
France_Ligue_1,2025-2026,FC Lorient,0,7,1.8788
France_Ligue_1,2025-2026,FC Lorient,1,0,4.6667
France_Ligue_1,2025-2026,FC Lorient,1,1,4.6061
France_Ligue_1,2025-2026,FC Lorient,1,2,5.7879
France_Ligue_1,2025-2026,FC Lorient,1,3,14.6667
France_Ligue_1,2025-2026,FC Lorient,1,4,15.1515
France_Ligue_1,2025-2026,FC Lorient,1,5,6.303
France_Ligue_1,2025-2026,FC Lorient,1,6,5.7576
France_Ligue_1,2025-2026,FC Lorient,1,7,4.8788
France_Ligue_1,2025-2026,FC Lorient,2,0,7.5152
France_Ligue_1,2025-2026,FC Lorient,2,1,6.8788
France_Ligue_1,2025-2026,FC Lorient,2,2,7.9697
France_Ligue_1,2025-2026,FC Lorient,2,3,7.5758
France_Ligue_1,2025-2026,FC Lorient,2,4,7.0303
France_Ligue_1,2025-2026,FC Lorient,2,5,8.303
France_Ligue_1,2025-2026,FC Lorient,2,6,8.2727
France_Ligue_1,2025-2026,FC Lorient,2,7,7.4545
France_Ligue_1,2025-2026,FC Lorient,3,0,9.2424
France_Ligue_1,2025-2026,FC Lorient,3,1,11.2727
France_Ligue_1,2025-2026,FC Lorient,3,2,11.1818
France_Ligue_1,2025-2026,FC Lorient,3,3,9.9394
France_Ligue_1,2025-2026,FC Lorient,3,4,9.6364
France_Ligue_1,2025-2026,FC Lorient,3,5,11.6667
France_Ligue_1,2025-2026,FC Lorient,3,6,11.8788
France_Ligue_1,2025-2026,FC Lorient,3,7,9.4848
France_Ligue_1,2025-2026,FC Lorient,4,0,10.5152
France_Ligue_1,2025-2026,FC Lorient,4,1,9.9697
France_Ligue_1,2025-2026,FC Lorient,4,2,11.697
France_Ligue_1,2025-2026,FC Lorient,4,3,7.9697
France_Ligue_1,2025-2026,FC Lorient,4,4,8.1515
France_Ligue_1,2025-2026,FC Lorient,4,5,12.1212
France_Ligue_1,2025-2026,FC Lorient,4,6,12.3939
France_Ligue_1,2025-2026,FC Lorient,4,7,10.1818
France_Ligue_1,2025-2026,FC Lorient,5,0,7.1212
France_Ligue_1,2025-2026,FC Lorient,5,1,7.6364
France_Ligue_1,2025-2026,FC Lorient,5,2,8.3939
France_Ligue_1,2025-2026,FC Lorient,5,3,6.9697
France_Ligue_1,2025-2026,FC Lorient,5,4,8.2424
France_Ligue_1,2025-2026,FC Lorient,5,5,9.0909
France_Ligue_1,2025-2026,FC Lorient,5,6,7.0303
France_Ligue_1,2025-2026,FC Lorient,5,7,5.3636
France_Ligue_1,2025-2026,FC Lorient,6,0,7.3939
France_Ligue_1,2025-2026,FC Lorient,6,1,7.6667
France_Ligue_1,2025-2026,FC Lorient,6,2,8.6061
France_Ligue_1,2025-2026,FC Lorient,6,3,6.2121
France_Ligue_1,2025-2026,FC Lorient,6,4,6.6364
France_Ligue_1,2025-2026,FC Lorient,6,5,8.1818
France_Ligue_1,2025-2026,FC Lorient,6,6,8.4848
France_Ligue_1,2025-2026,FC Lorient,6,7,6.4242
France_Ligue_1,2025-2026,FC Lorient,7,0,10.8788
France_Ligue_1,2025-2026,FC Lorient,7,1,10.8788
France_Ligue_1,2025-2026,FC Lorient,7,2,8.6364
France_Ligue_1,2025-2026,FC Lorient,7,3,5.1515
France_Ligue_1,2025-2026,FC Lorient,7,4,4.9394
France_Ligue_1,2025-2026,FC Lorient,7,5,8.0303
France_Ligue_1,2025-2026,FC Lorient,7,6,10.0909
France_Ligue_1,2025-2026,FC Lorient,7,7,10.4848
France_Ligue_1,2025-2026,FC Lorient,8,0,9.5152
France_Ligue_1,2025-2026,FC Lorient,8,1,8.4545
France_Ligue_1,2025-2026,FC Lorient,8,2,6.7576
France_Ligue_1,2025-2026,FC Lorient,8,3,4.3333
France_Ligue_1,2025-2026,FC Lorient,8,4,4.7576
France_Ligue_1,2025-2026,FC Lorient,8,5,6.2727
France_Ligue_1,2025-2026,FC Lorient,8,6,7.0
France_Ligue_1,2025-2026,FC Lorient,8,7,8.0909
France_Ligue_1,2025-2026,FC Lorient,9,0,7.1212
France_Ligue_1,2025-2026,FC Lorient,9,1,4.4242
France_Ligue_1,2025-2026,FC Lorient,9,2,3.0
France_Ligue_1,2025-2026,FC Lorient,9,3,2.6667
France_Ligue_1,2025-2026,FC Lorient,9,4,2.6667
France_Ligue_1,2025-2026,FC Lorient,9,5,2.5758
France_Ligue_1,2025-2026,FC Lorient,9,6,3.7273
France_Ligue_1,2025-2026,FC Lorient,9,7,5.3636
France_Ligue_1,2025-2026,FC Lorient,10,0,5.2121
France_Ligue_1,2025-2026,FC Lorient,10,1,3.2727
France_Ligue_1,2025-2026,FC Lorient,10,2,2.1818
France_Ligue_1,2025-2026,FC Lorient,10,3,4.0606
France_Ligue_1,2025-2026,FC Lorient,10,4,3.6061
France_Ligue_1,2025-2026,FC Lorient,10,5,2.6667
France_Ligue_1,2025-2026,FC Lorient,10,6,3.1515
France_Ligue_1,2025-2026,FC Lorient,10,7,3.3939
France_Ligue_1,2025-2026,FC Lorient,11,0,3.5758
France_Ligue_1,2025-2026,FC Lorient,11,1,2.0303
France_Ligue_1,2025-2026,FC Lorient,11,2,1.4848
France_Ligue_1,2025-2026,FC Lorient,11,3,1.6061
France_Ligue_1,2025-2026,FC Lorient,11,4,1.1515
France_Ligue_1,2025-2026,FC Lorient,11,5,1.5152
France_Ligue_1,2025-2026,FC Lorient,11,6,1.8788
France_Ligue_1,2025-2026,FC Lorient,11,7,3.0303
France_Ligue_1,2025-2026,Olympique de Marseille,0,0,0.9697
France_Ligue_1,2025-2026,Olympique de Marseille,0,1,1.4848
France_Ligue_1,2025-2026,Olympique de Marseille,0,2,2.7879
France_Ligue_1,2025-2026,Olympique de Marseille,0,3,8.9394
France_Ligue_1,2025-2026,Olympique de Marseille,0,4,9.6061
France_Ligue_1,2025-2026,Olympique de Marseille,0,5,2.8182
France_Ligue_1,2025-2026,Olympique de Marseille,0,6,1.697
France_Ligue_1,2025-2026,Olympique de Marseille,0,7,0.8182
France_Ligue_1,2025-2026,Olympique de Marseille,1,0,3.2121
France_Ligue_1,2025-2026,Olympique de Marseille,1,1,3.8485
France_Ligue_1,2025-2026,Olympique de Marseille,1,2,6.4848
France_Ligue_1,2025-2026,Olympique de Marseille,1,3,10.5758
France_Ligue_1,2025-2026,Olympique de Marseille,1,4,11.3333
France_Ligue_1,2025-2026,Olympique de Marseille,1,5,6.7273
France_Ligue_1,2025-2026,Olympique de Marseille,1,6,3.9394
France_Ligue_1,2025-2026,Olympique de Marseille,1,7,3.6061
France_Ligue_1,2025-2026,Olympique de Marseille,2,0,4.5455
France_Ligue_1,2025-2026,Olympique de Marseille,2,1,5.0909
France_Ligue_1,2025-2026,Olympique de Marseille,2,2,7.3636
France_Ligue_1,2025-2026,Olympique de Marseille,2,3,6.1212
France_Ligue_1,2025-2026,Olympique de Marseille,2,4,5.1818
France_Ligue_1,2025-2026,Olympique de Marseille,2,5,8.5152
France_Ligue_1,2025-2026,Olympique de Marseille,2,6,4.7879
France_Ligue_1,2025-2026,Olympique de Marseille,2,7,4.0909
France_Ligue_1,2025-2026,Olympique de Marseille,3,0,7.1818
France_Ligue_1,2025-2026,Olympique de Marseille,3,1,8.8788
France_Ligue_1,2025-2026,Olympique de Marseille,3,2,13.303
France_Ligue_1,2025-2026,Olympique de Marseille,3,3,11.8182
France_Ligue_1,2025-2026,Olympique de Marseille,3,4,12.303
France_Ligue_1,2025-2026,Olympique de Marseille,3,5,13.0606
France_Ligue_1,2025-2026,Olympique de Marseille,3,6,9.6061
France_Ligue_1,2025-2026,Olympique de Marseille,3,7,7.5152
France_Ligue_1,2025-2026,Olympique de Marseille,4,0,9.303
France_Ligue_1,2025-2026,Olympique de Marseille,4,1,9.8485
France_Ligue_1,2025-2026,Olympique de Marseille,4,2,15.5152
France_Ligue_1,2025-2026,Olympique de Marseille,4,3,11.7576
France_Ligue_1,2025-2026,Olympique de Marseille,4,4,12.9697
France_Ligue_1,2025-2026,Olympique de Marseille,4,5,15.8788
France_Ligue_1,2025-2026,Olympique de Marseille,4,6,10.9091
France_Ligue_1,2025-2026,Olympique de Marseille,4,7,8.9394
France_Ligue_1,2025-2026,Olympique de Marseille,5,0,7.3939
France_Ligue_1,2025-2026,Olympique de Marseille,5,1,7.8485
France_Ligue_1,2025-2026,Olympique de Marseille,5,2,14.5152
France_Ligue_1,2025-2026,Olympique de Marseille,5,3,12.4848
France_Ligue_1,2025-2026,Olympique de Marseille,5,4,13.5758
France_Ligue_1,2025-2026,Olympique de Marseille,5,5,14.1818
France_Ligue_1,2025-2026,Olympique de Marseille,5,6,8.9697
France_Ligue_1,2025-2026,Olympique de Marseille,5,7,7.5758
France_Ligue_1,2025-2026,Olympique de Marseille,6,0,8.9697
France_Ligue_1,2025-2026,Olympique de Marseille,6,1,9.5152
France_Ligue_1,2025-2026,Olympique de Marseille,6,2,13.3333
France_Ligue_1,2025-2026,Olympique de Marseille,6,3,10.7273
France_Ligue_1,2025-2026,Olympique de Marseille,6,4,11.5758
France_Ligue_1,2025-2026,Olympique de Marseille,6,5,14.9091
France_Ligue_1,2025-2026,Olympique de Marseille,6,6,10.9091
France_Ligue_1,2025-2026,Olympique de Marseille,6,7,10.0909
France_Ligue_1,2025-2026,Olympique de Marseille,7,0,11.3636
France_Ligue_1,2025-2026,Olympique de Marseille,7,1,12.6364
France_Ligue_1,2025-2026,Olympique de Marseille,7,2,15.9394
France_Ligue_1,2025-2026,Olympique de Marseille,7,3,7.6061
France_Ligue_1,2025-2026,Olympique de Marseille,7,4,8.3636
France_Ligue_1,2025-2026,Olympique de Marseille,7,5,16.2121
France_Ligue_1,2025-2026,Olympique de Marseille,7,6,14.697
France_Ligue_1,2025-2026,Olympique de Marseille,7,7,14.303
France_Ligue_1,2025-2026,Olympique de Marseille,8,0,9.8788
France_Ligue_1,2025-2026,Olympique de Marseille,8,1,12.1515
France_Ligue_1,2025-2026,Olympique de Marseille,8,2,11.6364
France_Ligue_1,2025-2026,Olympique de Marseille,8,3,6.8788
France_Ligue_1,2025-2026,Olympique de Marseille,8,4,6.6667
France_Ligue_1,2025-2026,Olympique de Marseille,8,5,12.5758
France_Ligue_1,2025-2026,Olympique de Marseille,8,6,13.303
France_Ligue_1,2025-2026,Olympique de Marseille,8,7,11.8485
France_Ligue_1,2025-2026,Olympique de Marseille,9,0,7.1212
France_Ligue_1,2025-2026,Olympique de Marseille,9,1,7.1818
France_Ligue_1,2025-2026,Olympique de Marseille,9,2,5.6364
France_Ligue_1,2025-2026,Olympique de Marseille,9,3,3.2424
France_Ligue_1,2025-2026,Olympique de Marseille,9,4,3.8788
France_Ligue_1,2025-2026,Olympique de Marseille,9,5,6.8182
France_Ligue_1,2025-2026,Olympique de Marseille,9,6,7.3939
France_Ligue_1,2025-2026,Olympique de Marseille,9,7,6.8788
France_Ligue_1,2025-2026,Olympique de Marseille,10,0,4.0909
France_Ligue_1,2025-2026,Olympique de Marseille,10,1,4.5758
France_Ligue_1,2025-2026,Olympique de Marseille,10,2,3.8485
France_Ligue_1,2025-2026,Olympique de Marseille,10,3,3.1212
France_Ligue_1,2025-2026,Olympique de Marseille,10,4,4.5152
France_Ligue_1,2025-2026,Olympique de Marseille,10,5,3.4242
France_Ligue_1,2025-2026,Olympique de Marseille,10,6,4.0909
France_Ligue_1,2025-2026,Olympique de Marseille,10,7,5.9091
France_Ligue_1,2025-2026,Olympique de Marseille,11,0,3.5455
France_Ligue_1,2025-2026,Olympique de Marseille,11,1,2.6364
France_Ligue_1,2025-2026,Olympique de Marseille,11,2,2.0909
France_Ligue_1,2025-2026,Olympique de Marseille,11,3,2.0
France_Ligue_1,2025-2026,Olympique de Marseille,11,4,2.2424
France_Ligue_1,2025-2026,Olympique de Marseille,11,5,2.2727
France_Ligue_1,2025-2026,Olympique de Marseille,11,6,2.3939
France_Ligue_1,2025-2026,Olympique de Marseille,11,7,3.8485
France_Ligue_1,2025-2026,Angers Sporting Club de l'Ouest,0,0,2.3636
France_Ligue_1,2025-2026,Angers Sporting Club de l'Ouest,0,1,2.0
France_Ligue_1,2025-2026,Angers Sporting Club de l'Ouest,0,2,3.5455
France_Ligue_1,2025-2026,Angers Sporting Club de l'Ouest,0,3,12.5455
France_Ligue_1,2025-2026,Angers Sporting Club de l'Ouest,0,4,14.8788
France_Ligue_1,2025-2026,Angers Sporting Club de l'Ouest,0,5,2.8788
France_Ligue_1,2025-2026,Angers Sporting Club de l'Ouest,0,6,1.5455
France_Ligue_1,2025-2026,Angers Sporting Club de l'Ouest,0,7,1.3939
France_Ligue_1,2025-2026,Angers Sporting Club de l'Ouest,1,0,5.303
France_Ligue_1,2025-2026,Angers Sporting Club de l'Ouest,1,1,4.1515
France_Ligue_1,2025-2026,Angers Sporting Club de l'Ouest,1,2,7.0303
France_Ligue_1,2025-2026,Angers Sporting Club de l'Ouest,1,3,13.1515
France_Ligue_1,2025-2026,Angers Sporting Club de l'Ouest,1,4,15.0606
France_Ligue_1,2025-2026,Angers Sporting Club de l'Ouest,1,5,6.7273
France_Ligue_1,2025-2026,Angers Sporting Club de l'Ouest,1,6,4.6364
France_Ligue_1,2025-2026,Angers Sporting Club de l'Ouest,1,7,5.2424
France_Ligue_1,2025-2026,Angers Sporting Club de l'Ouest,2,0,7.0
France_Ligue_1,2025-2026,Angers Sporting Club de l'Ouest,2,1,7.1212
France_Ligue_1,2025-2026,Angers Sporting Club de l'Ouest,2,2,7.8182
France_Ligue_1,2025-2026,Angers Sporting Club de l'Ouest,2,3,5.7879
France_Ligue_1,2025-2026,Angers Sporting Club de l'Ouest,2,4,6.3939
France_Ligue_1,2025-2026,Angers Sporting Club de l'Ouest,2,5,8.4242
France_Ligue_1,2025-2026,Angers Sporting Club de l'Ouest,2,6,7.303
France_Ligue_1,2025-2026,Angers Sporting Club de l'Ouest,2,7,7.6364
France_Ligue_1,2025-2026,Angers Sporting Club de l'Ouest,3,0,10.9697
France_Ligue_1,2025-2026,Angers Sporting Club de l'Ouest,3,1,10.1818
France_Ligue_1,2025-2026,Angers Sporting Club de l'Ouest,3,2,11.5758
France_Ligue_1,2025-2026,Angers Sporting Club de l'Ouest,3,3,10.1515
France_Ligue_1,2025-2026,Angers Sporting Club de l'Ouest,3,4,9.303
France_Ligue_1,2025-2026,Angers Sporting Club de l'Ouest,3,5,12.9394
France_Ligue_1,2025-2026,Angers Sporting Club de l'Ouest,3,6,12.303
France_Ligue_1,2025-2026,Angers Sporting Club de l'Ouest,3,7,11.4848
France_Ligue_1,2025-2026,Angers Sporting Club de l'Ouest,4,0,10.7879
France_Ligue_1,2025-2026,Angers Sporting Club de l'Ouest,4,1,9.5455
France_Ligue_1,2025-2026,Angers Sporting Club de l'Ouest,4,2,12.7576
France_Ligue_1,2025-2026,Angers Sporting Club de l'Ouest,4,3,10.2121
France_Ligue_1,2025-2026,Angers Sporting Club de l'Ouest,4,4,9.2121
France_Ligue_1,2025-2026,Angers Sporting Club de l'Ouest,4,5,14.0606
France_Ligue_1,2025-2026,Angers Sporting Club de l'Ouest,4,6,11.8788
France_Ligue_1,2025-2026,Angers Sporting Club de l'Ouest,4,7,13.1515
France_Ligue_1,2025-2026,Angers Sporting Club de l'Ouest,5,0,8.4545
France_Ligue_1,2025-2026,Angers Sporting Club de l'Ouest,5,1,7.6364
France_Ligue_1,2025-2026,Angers Sporting Club de l'Ouest,5,2,8.1818
France_Ligue_1,2025-2026,Angers Sporting Club de l'Ouest,5,3,8.0909
France_Ligue_1,2025-2026,Angers Sporting Club de l'Ouest,5,4,7.1515
France_Ligue_1,2025-2026,Angers Sporting Club de l'Ouest,5,5,10.2121
France_Ligue_1,2025-2026,Angers Sporting Club de l'Ouest,5,6,7.9697
France_Ligue_1,2025-2026,Angers Sporting Club de l'Ouest,5,7,9.0
France_Ligue_1,2025-2026,Angers Sporting Club de l'Ouest,6,0,7.3333
France_Ligue_1,2025-2026,Angers Sporting Club de l'Ouest,6,1,6.0909
France_Ligue_1,2025-2026,Angers Sporting Club de l'Ouest,6,2,7.2424
France_Ligue_1,2025-2026,Angers Sporting Club de l'Ouest,6,3,5.2424
France_Ligue_1,2025-2026,Angers Sporting Club de l'Ouest,6,4,6.3939
France_Ligue_1,2025-2026,Angers Sporting Club de l'Ouest,6,5,8.2424
France_Ligue_1,2025-2026,Angers Sporting Club de l'Ouest,6,6,8.0303
France_Ligue_1,2025-2026,Angers Sporting Club de l'Ouest,6,7,10.0303
France_Ligue_1,2025-2026,Angers Sporting Club de l'Ouest,7,0,9.0303
France_Ligue_1,2025-2026,Angers Sporting Club de l'Ouest,7,1,7.1212
France_Ligue_1,2025-2026,Angers Sporting Club de l'Ouest,7,2,6.8788
France_Ligue_1,2025-2026,Angers Sporting Club de l'Ouest,7,3,3.5152
France_Ligue_1,2025-2026,Angers Sporting Club de l'Ouest,7,4,3.7879
France_Ligue_1,2025-2026,Angers Sporting Club de l'Ouest,7,5,7.1818
France_Ligue_1,2025-2026,Angers Sporting Club de l'Ouest,7,6,8.9091
France_Ligue_1,2025-2026,Angers Sporting Club de l'Ouest,7,7,11.3333
France_Ligue_1,2025-2026,Angers Sporting Club de l'Ouest,8,0,8.0909
France_Ligue_1,2025-2026,Angers Sporting Club de l'Ouest,8,1,6.0303
France_Ligue_1,2025-2026,Angers Sporting Club de l'Ouest,8,2,4.9091
France_Ligue_1,2025-2026,Angers Sporting Club de l'Ouest,8,3,3.1515
France_Ligue_1,2025-2026,Angers Sporting Club de l'Ouest,8,4,3.5758
France_Ligue_1,2025-2026,Angers Sporting Club de l'Ouest,8,5,5.2121
France_Ligue_1,2025-2026,Angers Sporting Club de l'Ouest,8,6,6.8182
France_Ligue_1,2025-2026,Angers Sporting Club de l'Ouest,8,7,7.5455
France_Ligue_1,2025-2026,Angers Sporting Club de l'Ouest,9,0,5.5152
France_Ligue_1,2025-2026,Angers Sporting Club de l'Ouest,9,1,3.0
France_Ligue_1,2025-2026,Angers Sporting Club de l'Ouest,9,2,2.8182
France_Ligue_1,2025-2026,Angers Sporting Club de l'Ouest,9,3,2.0909
France_Ligue_1,2025-2026,Angers Sporting Club de l'Ouest,9,4,1.7879
France_Ligue_1,2025-2026,Angers Sporting Club de l'Ouest,9,5,3.4545
France_Ligue_1,2025-2026,Angers Sporting Club de l'Ouest,9,6,3.7273
France_Ligue_1,2025-2026,Angers Sporting Club de l'Ouest,9,7,6.0
France_Ligue_1,2025-2026,Angers Sporting Club de l'Ouest,10,0,3.9091
France_Ligue_1,2025-2026,Angers Sporting Club de l'Ouest,10,1,2.6667
France_Ligue_1,2025-2026,Angers Sporting Club de l'Ouest,10,2,1.5152
France_Ligue_1,2025-2026,Angers Sporting Club de l'Ouest,10,3,2.9394
France_Ligue_1,2025-2026,Angers Sporting Club de l'Ouest,10,4,2.9091
France_Ligue_1,2025-2026,Angers Sporting Club de l'Ouest,10,5,3.3939
France_Ligue_1,2025-2026,Angers Sporting Club de l'Ouest,10,6,2.8485
France_Ligue_1,2025-2026,Angers Sporting Club de l'Ouest,10,7,5.1212
France_Ligue_1,2025-2026,Angers Sporting Club de l'Ouest,11,0,3.3333
France_Ligue_1,2025-2026,Angers Sporting Club de l'Ouest,11,1,1.6061
France_Ligue_1,2025-2026,Angers Sporting Club de l'Ouest,11,2,0.7273
France_Ligue_1,2025-2026,Angers Sporting Club de l'Ouest,11,3,1.303
France_Ligue_1,2025-2026,Angers Sporting Club de l'Ouest,11,4,1.303
France_Ligue_1,2025-2026,Angers Sporting Club de l'Ouest,11,5,1.6061
France_Ligue_1,2025-2026,Angers Sporting Club de l'Ouest,11,6,1.6667
France_Ligue_1,2025-2026,Angers Sporting Club de l'Ouest,11,7,3.3939
France_Ligue_1,2025-2026,FC Metz,0,0,2.8788
France_Ligue_1,2025-2026,FC Metz,0,1,2.6061
France_Ligue_1,2025-2026,FC Metz,0,2,3.9091
France_Ligue_1,2025-2026,FC Metz,0,3,14.7879
France_Ligue_1,2025-2026,FC Metz,0,4,16.1818
France_Ligue_1,2025-2026,FC Metz,0,5,3.0
France_Ligue_1,2025-2026,FC Metz,0,6,1.7879
France_Ligue_1,2025-2026,FC Metz,0,7,1.6667
France_Ligue_1,2025-2026,FC Metz,1,0,6.0
France_Ligue_1,2025-2026,FC Metz,1,1,6.3636
France_Ligue_1,2025-2026,FC Metz,1,2,8.0606
France_Ligue_1,2025-2026,FC Metz,1,3,12.2424
France_Ligue_1,2025-2026,FC Metz,1,4,13.303
France_Ligue_1,2025-2026,FC Metz,1,5,7.5758
France_Ligue_1,2025-2026,FC Metz,1,6,4.7576
France_Ligue_1,2025-2026,FC Metz,1,7,4.303
France_Ligue_1,2025-2026,FC Metz,2,0,7.1515
France_Ligue_1,2025-2026,FC Metz,2,1,7.6667
France_Ligue_1,2025-2026,FC Metz,2,2,9.8485
France_Ligue_1,2025-2026,FC Metz,2,3,6.8485
France_Ligue_1,2025-2026,FC Metz,2,4,6.7576
France_Ligue_1,2025-2026,FC Metz,2,5,9.8788
France_Ligue_1,2025-2026,FC Metz,2,6,6.4545
France_Ligue_1,2025-2026,FC Metz,2,7,5.3636
France_Ligue_1,2025-2026,FC Metz,3,0,10.4242
France_Ligue_1,2025-2026,FC Metz,3,1,11.6667
France_Ligue_1,2025-2026,FC Metz,3,2,13.8182
France_Ligue_1,2025-2026,FC Metz,3,3,11.0909
France_Ligue_1,2025-2026,FC Metz,3,4,11.8485
France_Ligue_1,2025-2026,FC Metz,3,5,13.2727
France_Ligue_1,2025-2026,FC Metz,3,6,12.0606
France_Ligue_1,2025-2026,FC Metz,3,7,10.0606
France_Ligue_1,2025-2026,FC Metz,4,0,11.5758
France_Ligue_1,2025-2026,FC Metz,4,1,12.3636
France_Ligue_1,2025-2026,FC Metz,4,2,15.0303
France_Ligue_1,2025-2026,FC Metz,4,3,8.4848
France_Ligue_1,2025-2026,FC Metz,4,4,9.3939
France_Ligue_1,2025-2026,FC Metz,4,5,12.8485
France_Ligue_1,2025-2026,FC Metz,4,6,11.2424
France_Ligue_1,2025-2026,FC Metz,4,7,9.697
France_Ligue_1,2025-2026,FC Metz,5,0,8.0303
France_Ligue_1,2025-2026,FC Metz,5,1,8.9091
France_Ligue_1,2025-2026,FC Metz,5,2,9.5152
France_Ligue_1,2025-2026,FC Metz,5,3,8.0909
France_Ligue_1,2025-2026,FC Metz,5,4,8.697
France_Ligue_1,2025-2026,FC Metz,5,5,9.8182
France_Ligue_1,2025-2026,FC Metz,5,6,6.697
France_Ligue_1,2025-2026,FC Metz,5,7,7.0
France_Ligue_1,2025-2026,FC Metz,6,0,8.6667
France_Ligue_1,2025-2026,FC Metz,6,1,9.3939
France_Ligue_1,2025-2026,FC Metz,6,2,8.6667
France_Ligue_1,2025-2026,FC Metz,6,3,5.9697
France_Ligue_1,2025-2026,FC Metz,6,4,6.3939
France_Ligue_1,2025-2026,FC Metz,6,5,8.6667
France_Ligue_1,2025-2026,FC Metz,6,6,8.5455
France_Ligue_1,2025-2026,FC Metz,6,7,9.3939
France_Ligue_1,2025-2026,FC Metz,7,0,11.2121
France_Ligue_1,2025-2026,FC Metz,7,1,8.9697
France_Ligue_1,2025-2026,FC Metz,7,2,8.3333
France_Ligue_1,2025-2026,FC Metz,7,3,4.9394
France_Ligue_1,2025-2026,FC Metz,7,4,3.8182
France_Ligue_1,2025-2026,FC Metz,7,5,8.1515
France_Ligue_1,2025-2026,FC Metz,7,6,9.4545
France_Ligue_1,2025-2026,FC Metz,7,7,11.3333
France_Ligue_1,2025-2026,FC Metz,8,0,8.9394
France_Ligue_1,2025-2026,FC Metz,8,1,7.7273
France_Ligue_1,2025-2026,FC Metz,8,2,6.7576
France_Ligue_1,2025-2026,FC Metz,8,3,4.3333
France_Ligue_1,2025-2026,FC Metz,8,4,4.6364
France_Ligue_1,2025-2026,FC Metz,8,5,5.697
France_Ligue_1,2025-2026,FC Metz,8,6,7.3636
France_Ligue_1,2025-2026,FC Metz,8,7,9.3333
France_Ligue_1,2025-2026,FC Metz,9,0,7.6364
France_Ligue_1,2025-2026,FC Metz,9,1,3.8485
France_Ligue_1,2025-2026,FC Metz,9,2,3.6667
France_Ligue_1,2025-2026,FC Metz,9,3,2.0909
France_Ligue_1,2025-2026,FC Metz,9,4,2.0909
France_Ligue_1,2025-2026,FC Metz,9,5,2.6364
France_Ligue_1,2025-2026,FC Metz,9,6,3.1818
France_Ligue_1,2025-2026,FC Metz,9,7,4.9394
France_Ligue_1,2025-2026,FC Metz,10,0,4.697
France_Ligue_1,2025-2026,FC Metz,10,1,3.4545
France_Ligue_1,2025-2026,FC Metz,10,2,2.7879
France_Ligue_1,2025-2026,FC Metz,10,3,3.0303
France_Ligue_1,2025-2026,FC Metz,10,4,2.8182
France_Ligue_1,2025-2026,FC Metz,10,5,2.5758
France_Ligue_1,2025-2026,FC Metz,10,6,2.5758
France_Ligue_1,2025-2026,FC Metz,10,7,4.9697
France_Ligue_1,2025-2026,FC Metz,11,0,3.7576
France_Ligue_1,2025-2026,FC Metz,11,1,1.6061
France_Ligue_1,2025-2026,FC Metz,11,2,1.4848
France_Ligue_1,2025-2026,FC Metz,11,3,1.3333
France_Ligue_1,2025-2026,FC Metz,11,4,1.7273
France_Ligue_1,2025-2026,FC Metz,11,5,1.0606
France_Ligue_1,2025-2026,FC Metz,11,6,1.6061
France_Ligue_1,2025-2026,FC Metz,11,7,3.8182
France_Ligue_1,2025-2026,Racing Club de Lens,0,0,1.697
France_Ligue_1,2025-2026,Racing Club de Lens,0,1,1.4848
France_Ligue_1,2025-2026,Racing Club de Lens,0,2,3.0606
France_Ligue_1,2025-2026,Racing Club de Lens,0,3,9.303
France_Ligue_1,2025-2026,Racing Club de Lens,0,4,9.4242
France_Ligue_1,2025-2026,Racing Club de Lens,0,5,2.7879
France_Ligue_1,2025-2026,Racing Club de Lens,0,6,1.5758
France_Ligue_1,2025-2026,Racing Club de Lens,0,7,1.0303
France_Ligue_1,2025-2026,Racing Club de Lens,1,0,4.4848
France_Ligue_1,2025-2026,Racing Club de Lens,1,1,3.8788
France_Ligue_1,2025-2026,Racing Club de Lens,1,2,6.1818
France_Ligue_1,2025-2026,Racing Club de Lens,1,3,12.4242
France_Ligue_1,2025-2026,Racing Club de Lens,1,4,11.4545
France_Ligue_1,2025-2026,Racing Club de Lens,1,5,6.6061
France_Ligue_1,2025-2026,Racing Club de Lens,1,6,4.3636
France_Ligue_1,2025-2026,Racing Club de Lens,1,7,3.697
France_Ligue_1,2025-2026,Racing Club de Lens,2,0,5.6364
France_Ligue_1,2025-2026,Racing Club de Lens,2,1,7.1212
France_Ligue_1,2025-2026,Racing Club de Lens,2,2,7.4545
France_Ligue_1,2025-2026,Racing Club de Lens,2,3,5.5758
France_Ligue_1,2025-2026,Racing Club de Lens,2,4,5.5455
France_Ligue_1,2025-2026,Racing Club de Lens,2,5,7.2121
France_Ligue_1,2025-2026,Racing Club de Lens,2,6,6.1818
France_Ligue_1,2025-2026,Racing Club de Lens,2,7,6.6061
France_Ligue_1,2025-2026,Racing Club de Lens,3,0,11.3636
France_Ligue_1,2025-2026,Racing Club de Lens,3,1,12.697
France_Ligue_1,2025-2026,Racing Club de Lens,3,2,13.4848
France_Ligue_1,2025-2026,Racing Club de Lens,3,3,10.5455
France_Ligue_1,2025-2026,Racing Club de Lens,3,4,10.4848
France_Ligue_1,2025-2026,Racing Club de Lens,3,5,12.6364
France_Ligue_1,2025-2026,Racing Club de Lens,3,6,10.6364
France_Ligue_1,2025-2026,Racing Club de Lens,3,7,9.1212
France_Ligue_1,2025-2026,Racing Club de Lens,4,0,13.1515
France_Ligue_1,2025-2026,Racing Club de Lens,4,1,12.5455
France_Ligue_1,2025-2026,Racing Club de Lens,4,2,15.2121
France_Ligue_1,2025-2026,Racing Club de Lens,4,3,8.8182
France_Ligue_1,2025-2026,Racing Club de Lens,4,4,9.4242
France_Ligue_1,2025-2026,Racing Club de Lens,4,5,13.7273
France_Ligue_1,2025-2026,Racing Club de Lens,4,6,12.1818
France_Ligue_1,2025-2026,Racing Club de Lens,4,7,9.7576
France_Ligue_1,2025-2026,Racing Club de Lens,5,0,7.6364
France_Ligue_1,2025-2026,Racing Club de Lens,5,1,8.6667
France_Ligue_1,2025-2026,Racing Club de Lens,5,2,9.5455
France_Ligue_1,2025-2026,Racing Club de Lens,5,3,7.4545
France_Ligue_1,2025-2026,Racing Club de Lens,5,4,8.9091
France_Ligue_1,2025-2026,Racing Club de Lens,5,5,10.3636
France_Ligue_1,2025-2026,Racing Club de Lens,5,6,8.4545
France_Ligue_1,2025-2026,Racing Club de Lens,5,7,6.1212
France_Ligue_1,2025-2026,Racing Club de Lens,6,0,9.1818
France_Ligue_1,2025-2026,Racing Club de Lens,6,1,9.6364
France_Ligue_1,2025-2026,Racing Club de Lens,6,2,10.2121
France_Ligue_1,2025-2026,Racing Club de Lens,6,3,7.0303
France_Ligue_1,2025-2026,Racing Club de Lens,6,4,8.4242
France_Ligue_1,2025-2026,Racing Club de Lens,6,5,9.0606
France_Ligue_1,2025-2026,Racing Club de Lens,6,6,8.6061
France_Ligue_1,2025-2026,Racing Club de Lens,6,7,7.7576
France_Ligue_1,2025-2026,Racing Club de Lens,7,0,13.7576
France_Ligue_1,2025-2026,Racing Club de Lens,7,1,13.7879
France_Ligue_1,2025-2026,Racing Club de Lens,7,2,12.2121
France_Ligue_1,2025-2026,Racing Club de Lens,7,3,6.2727
France_Ligue_1,2025-2026,Racing Club de Lens,7,4,5.4848
France_Ligue_1,2025-2026,Racing Club de Lens,7,5,11.2727
France_Ligue_1,2025-2026,Racing Club de Lens,7,6,11.4242
France_Ligue_1,2025-2026,Racing Club de Lens,7,7,12.3333
France_Ligue_1,2025-2026,Racing Club de Lens,8,0,10.7576
France_Ligue_1,2025-2026,Racing Club de Lens,8,1,11.2727
France_Ligue_1,2025-2026,Racing Club de Lens,8,2,9.7879
France_Ligue_1,2025-2026,Racing Club de Lens,8,3,6.6364
France_Ligue_1,2025-2026,Racing Club de Lens,8,4,6.6364
France_Ligue_1,2025-2026,Racing Club de Lens,8,5,8.3636
France_Ligue_1,2025-2026,Racing Club de Lens,8,6,9.6364
France_Ligue_1,2025-2026,Racing Club de Lens,8,7,10.3333
France_Ligue_1,2025-2026,Racing Club de Lens,9,0,10.2727
France_Ligue_1,2025-2026,Racing Club de Lens,9,1,6.9697
France_Ligue_1,2025-2026,Racing Club de Lens,9,2,5.0
France_Ligue_1,2025-2026,Racing Club de Lens,9,3,3.3636
France_Ligue_1,2025-2026,Racing Club de Lens,9,4,3.1212
France_Ligue_1,2025-2026,Racing Club de Lens,9,5,4.5152
France_Ligue_1,2025-2026,Racing Club de Lens,9,6,5.5152
France_Ligue_1,2025-2026,Racing Club de Lens,9,7,6.697
France_Ligue_1,2025-2026,Racing Club de Lens,10,0,6.1818
France_Ligue_1,2025-2026,Racing Club de Lens,10,1,6.0
France_Ligue_1,2025-2026,Racing Club de Lens,10,2,4.2424
France_Ligue_1,2025-2026,Racing Club de Lens,10,3,6.2424
France_Ligue_1,2025-2026,Racing Club de Lens,10,4,6.0909
France_Ligue_1,2025-2026,Racing Club de Lens,10,5,3.3636
France_Ligue_1,2025-2026,Racing Club de Lens,10,6,4.2424
France_Ligue_1,2025-2026,Racing Club de Lens,10,7,5.3636
France_Ligue_1,2025-2026,Racing Club de Lens,11,0,5.5758
France_Ligue_1,2025-2026,Racing Club de Lens,11,1,3.0303
France_Ligue_1,2025-2026,Racing Club de Lens,11,2,2.8182
France_Ligue_1,2025-2026,Racing Club de Lens,11,3,3.303
France_Ligue_1,2025-2026,Racing Club de Lens,11,4,2.5455
France_Ligue_1,2025-2026,Racing Club de Lens,11,5,2.1515
France_Ligue_1,2025-2026,Racing Club de Lens,11,6,2.2121
France_Ligue_1,2025-2026,Racing Club de Lens,11,7,4.0606
France_Ligue_1,2025-2026,FC Nantes,0,0,1.7273
France_Ligue_1,2025-2026,FC Nantes,0,1,2.3333
France_Ligue_1,2025-2026,FC Nantes,0,2,3.1212
France_Ligue_1,2025-2026,FC Nantes,0,3,14.697
France_Ligue_1,2025-2026,FC Nantes,0,4,14.1515
France_Ligue_1,2025-2026,FC Nantes,0,5,2.9091
France_Ligue_1,2025-2026,FC Nantes,0,6,1.8485
France_Ligue_1,2025-2026,FC Nantes,0,7,1.8788
France_Ligue_1,2025-2026,FC Nantes,1,0,5.0909
France_Ligue_1,2025-2026,FC Nantes,1,1,5.6364
France_Ligue_1,2025-2026,FC Nantes,1,2,6.5758
France_Ligue_1,2025-2026,FC Nantes,1,3,11.8788
France_Ligue_1,2025-2026,FC Nantes,1,4,12.7576
France_Ligue_1,2025-2026,FC Nantes,1,5,6.7879
France_Ligue_1,2025-2026,FC Nantes,1,6,4.2424
France_Ligue_1,2025-2026,FC Nantes,1,7,5.3939
France_Ligue_1,2025-2026,FC Nantes,2,0,6.4545
France_Ligue_1,2025-2026,FC Nantes,2,1,5.6364
France_Ligue_1,2025-2026,FC Nantes,2,2,7.2424
France_Ligue_1,2025-2026,FC Nantes,2,3,5.8485
France_Ligue_1,2025-2026,FC Nantes,2,4,6.0
France_Ligue_1,2025-2026,FC Nantes,2,5,7.2424
France_Ligue_1,2025-2026,FC Nantes,2,6,5.8182
France_Ligue_1,2025-2026,FC Nantes,2,7,7.2424
France_Ligue_1,2025-2026,FC Nantes,3,0,9.6061
France_Ligue_1,2025-2026,FC Nantes,3,1,10.2424
France_Ligue_1,2025-2026,FC Nantes,3,2,12.3939
France_Ligue_1,2025-2026,FC Nantes,3,3,9.0606
France_Ligue_1,2025-2026,FC Nantes,3,4,8.6061
France_Ligue_1,2025-2026,FC Nantes,3,5,10.6364
France_Ligue_1,2025-2026,FC Nantes,3,6,9.697
France_Ligue_1,2025-2026,FC Nantes,3,7,8.5455
France_Ligue_1,2025-2026,FC Nantes,4,0,10.2121
France_Ligue_1,2025-2026,FC Nantes,4,1,9.6061
France_Ligue_1,2025-2026,FC Nantes,4,2,11.2121
France_Ligue_1,2025-2026,FC Nantes,4,3,7.0303
France_Ligue_1,2025-2026,FC Nantes,4,4,5.8182
France_Ligue_1,2025-2026,FC Nantes,4,5,10.4242
France_Ligue_1,2025-2026,FC Nantes,4,6,8.8788
France_Ligue_1,2025-2026,FC Nantes,4,7,10.1515
France_Ligue_1,2025-2026,FC Nantes,5,0,7.5152
France_Ligue_1,2025-2026,FC Nantes,5,1,6.3333
France_Ligue_1,2025-2026,FC Nantes,5,2,8.2121
France_Ligue_1,2025-2026,FC Nantes,5,3,6.0303
France_Ligue_1,2025-2026,FC Nantes,5,4,7.2727
France_Ligue_1,2025-2026,FC Nantes,5,5,8.2424
France_Ligue_1,2025-2026,FC Nantes,5,6,6.697
France_Ligue_1,2025-2026,FC Nantes,5,7,7.1515
France_Ligue_1,2025-2026,FC Nantes,6,0,8.9697
France_Ligue_1,2025-2026,FC Nantes,6,1,7.3333
France_Ligue_1,2025-2026,FC Nantes,6,2,7.1212
France_Ligue_1,2025-2026,FC Nantes,6,3,5.9697
France_Ligue_1,2025-2026,FC Nantes,6,4,6.2121
France_Ligue_1,2025-2026,FC Nantes,6,5,6.9091
France_Ligue_1,2025-2026,FC Nantes,6,6,6.303
France_Ligue_1,2025-2026,FC Nantes,6,7,7.2727
France_Ligue_1,2025-2026,FC Nantes,7,0,9.8182
France_Ligue_1,2025-2026,FC Nantes,7,1,8.2121
France_Ligue_1,2025-2026,FC Nantes,7,2,7.3636
France_Ligue_1,2025-2026,FC Nantes,7,3,3.7576
France_Ligue_1,2025-2026,FC Nantes,7,4,3.4242
France_Ligue_1,2025-2026,FC Nantes,7,5,6.9394
France_Ligue_1,2025-2026,FC Nantes,7,6,8.1818
France_Ligue_1,2025-2026,FC Nantes,7,7,9.9394
France_Ligue_1,2025-2026,FC Nantes,8,0,8.8182
France_Ligue_1,2025-2026,FC Nantes,8,1,5.8788
France_Ligue_1,2025-2026,FC Nantes,8,2,5.4848
France_Ligue_1,2025-2026,FC Nantes,8,3,3.8485
France_Ligue_1,2025-2026,FC Nantes,8,4,4.4545
France_Ligue_1,2025-2026,FC Nantes,8,5,5.3333
France_Ligue_1,2025-2026,FC Nantes,8,6,6.8788
France_Ligue_1,2025-2026,FC Nantes,8,7,8.7273
France_Ligue_1,2025-2026,FC Nantes,9,0,5.0606
France_Ligue_1,2025-2026,FC Nantes,9,1,2.3939
France_Ligue_1,2025-2026,FC Nantes,9,2,2.6061
France_Ligue_1,2025-2026,FC Nantes,9,3,2.5758
France_Ligue_1,2025-2026,FC Nantes,9,4,2.2727
France_Ligue_1,2025-2026,FC Nantes,9,5,2.9697
France_Ligue_1,2025-2026,FC Nantes,9,6,3.4242
France_Ligue_1,2025-2026,FC Nantes,9,7,5.4848
France_Ligue_1,2025-2026,FC Nantes,10,0,4.6667
France_Ligue_1,2025-2026,FC Nantes,10,1,2.303
France_Ligue_1,2025-2026,FC Nantes,10,2,3.2727
France_Ligue_1,2025-2026,FC Nantes,10,3,4.2424
France_Ligue_1,2025-2026,FC Nantes,10,4,4.0303
France_Ligue_1,2025-2026,FC Nantes,10,5,3.3939
France_Ligue_1,2025-2026,FC Nantes,10,6,2.697
France_Ligue_1,2025-2026,FC Nantes,10,7,3.7273
France_Ligue_1,2025-2026,FC Nantes,11,0,3.2727
France_Ligue_1,2025-2026,FC Nantes,11,1,1.2727
France_Ligue_1,2025-2026,FC Nantes,11,2,1.7576
France_Ligue_1,2025-2026,FC Nantes,11,3,1.5152
France_Ligue_1,2025-2026,FC Nantes,11,4,1.4848
France_Ligue_1,2025-2026,FC Nantes,11,5,2.0303
France_Ligue_1,2025-2026,FC Nantes,11,6,1.5152
France_Ligue_1,2025-2026,FC Nantes,11,7,2.9697
France_Ligue_1,2025-2026,AS Monaco FC,0,0,1.5152
France_Ligue_1,2025-2026,AS Monaco FC,0,1,1.4242
France_Ligue_1,2025-2026,AS Monaco FC,0,2,3.0606
France_Ligue_1,2025-2026,AS Monaco FC,0,3,12.2727
France_Ligue_1,2025-2026,AS Monaco FC,0,4,11.1818
France_Ligue_1,2025-2026,AS Monaco FC,0,5,2.6364
France_Ligue_1,2025-2026,AS Monaco FC,0,6,1.5455
France_Ligue_1,2025-2026,AS Monaco FC,0,7,1.4545
France_Ligue_1,2025-2026,AS Monaco FC,1,0,3.8485
France_Ligue_1,2025-2026,AS Monaco FC,1,1,3.6061
France_Ligue_1,2025-2026,AS Monaco FC,1,2,5.4848
France_Ligue_1,2025-2026,AS Monaco FC,1,3,12.1212
France_Ligue_1,2025-2026,AS Monaco FC,1,4,10.3939
France_Ligue_1,2025-2026,AS Monaco FC,1,5,5.6364
France_Ligue_1,2025-2026,AS Monaco FC,1,6,4.0303
France_Ligue_1,2025-2026,AS Monaco FC,1,7,4.1818
France_Ligue_1,2025-2026,AS Monaco FC,2,0,5.6061
France_Ligue_1,2025-2026,AS Monaco FC,2,1,5.303
France_Ligue_1,2025-2026,AS Monaco FC,2,2,6.303
France_Ligue_1,2025-2026,AS Monaco FC,2,3,5.7273
France_Ligue_1,2025-2026,AS Monaco FC,2,4,5.9394
France_Ligue_1,2025-2026,AS Monaco FC,2,5,5.8485
France_Ligue_1,2025-2026,AS Monaco FC,2,6,4.6667
France_Ligue_1,2025-2026,AS Monaco FC,2,7,4.2727
France_Ligue_1,2025-2026,AS Monaco FC,3,0,8.8788
France_Ligue_1,2025-2026,AS Monaco FC,3,1,8.8788
France_Ligue_1,2025-2026,AS Monaco FC,3,2,12.0
France_Ligue_1,2025-2026,AS Monaco FC,3,3,10.3939
France_Ligue_1,2025-2026,AS Monaco FC,3,4,9.8788
France_Ligue_1,2025-2026,AS Monaco FC,3,5,11.1515
France_Ligue_1,2025-2026,AS Monaco FC,3,6,8.4242
France_Ligue_1,2025-2026,AS Monaco FC,3,7,7.4848
France_Ligue_1,2025-2026,AS Monaco FC,4,0,10.6061
France_Ligue_1,2025-2026,AS Monaco FC,4,1,11.9697
France_Ligue_1,2025-2026,AS Monaco FC,4,2,13.8485
France_Ligue_1,2025-2026,AS Monaco FC,4,3,9.3333
France_Ligue_1,2025-2026,AS Monaco FC,4,4,10.697
France_Ligue_1,2025-2026,AS Monaco FC,4,5,13.697
France_Ligue_1,2025-2026,AS Monaco FC,4,6,10.3333
France_Ligue_1,2025-2026,AS Monaco FC,4,7,9.1515
France_Ligue_1,2025-2026,AS Monaco FC,5,0,11.6364
France_Ligue_1,2025-2026,AS Monaco FC,5,1,9.303
France_Ligue_1,2025-2026,AS Monaco FC,5,2,12.4545
France_Ligue_1,2025-2026,AS Monaco FC,5,3,9.9697
France_Ligue_1,2025-2026,AS Monaco FC,5,4,10.6364
France_Ligue_1,2025-2026,AS Monaco FC,5,5,11.303
France_Ligue_1,2025-2026,AS Monaco FC,5,6,9.0606
France_Ligue_1,2025-2026,AS Monaco FC,5,7,9.7576
France_Ligue_1,2025-2026,AS Monaco FC,6,0,11.5758
France_Ligue_1,2025-2026,AS Monaco FC,6,1,10.2121
France_Ligue_1,2025-2026,AS Monaco FC,6,2,12.9091
France_Ligue_1,2025-2026,AS Monaco FC,6,3,10.0909
France_Ligue_1,2025-2026,AS Monaco FC,6,4,9.5455
France_Ligue_1,2025-2026,AS Monaco FC,6,5,12.6364
France_Ligue_1,2025-2026,AS Monaco FC,6,6,10.2121
France_Ligue_1,2025-2026,AS Monaco FC,6,7,10.2424
France_Ligue_1,2025-2026,AS Monaco FC,7,0,14.6364
France_Ligue_1,2025-2026,AS Monaco FC,7,1,12.9697
France_Ligue_1,2025-2026,AS Monaco FC,7,2,11.9394
France_Ligue_1,2025-2026,AS Monaco FC,7,3,7.5152
France_Ligue_1,2025-2026,AS Monaco FC,7,4,7.7879
France_Ligue_1,2025-2026,AS Monaco FC,7,5,10.4242
France_Ligue_1,2025-2026,AS Monaco FC,7,6,10.6061
France_Ligue_1,2025-2026,AS Monaco FC,7,7,13.3636
France_Ligue_1,2025-2026,AS Monaco FC,8,0,11.6364
France_Ligue_1,2025-2026,AS Monaco FC,8,1,9.7576
France_Ligue_1,2025-2026,AS Monaco FC,8,2,9.4242
France_Ligue_1,2025-2026,AS Monaco FC,8,3,7.7576
France_Ligue_1,2025-2026,AS Monaco FC,8,4,7.6364
France_Ligue_1,2025-2026,AS Monaco FC,8,5,8.6667
France_Ligue_1,2025-2026,AS Monaco FC,8,6,10.4545
France_Ligue_1,2025-2026,AS Monaco FC,8,7,11.2121
France_Ligue_1,2025-2026,AS Monaco FC,9,0,6.9091
France_Ligue_1,2025-2026,AS Monaco FC,9,1,5.303
France_Ligue_1,2025-2026,AS Monaco FC,9,2,4.4848
France_Ligue_1,2025-2026,AS Monaco FC,9,3,3.697
France_Ligue_1,2025-2026,AS Monaco FC,9,4,3.7879
France_Ligue_1,2025-2026,AS Monaco FC,9,5,4.9091
France_Ligue_1,2025-2026,AS Monaco FC,9,6,5.1212
France_Ligue_1,2025-2026,AS Monaco FC,9,7,6.8788
France_Ligue_1,2025-2026,AS Monaco FC,10,0,5.6667
France_Ligue_1,2025-2026,AS Monaco FC,10,1,3.8182
France_Ligue_1,2025-2026,AS Monaco FC,10,2,3.8182
France_Ligue_1,2025-2026,AS Monaco FC,10,3,3.9697
France_Ligue_1,2025-2026,AS Monaco FC,10,4,4.0
France_Ligue_1,2025-2026,AS Monaco FC,10,5,4.1515
France_Ligue_1,2025-2026,AS Monaco FC,10,6,3.7576
France_Ligue_1,2025-2026,AS Monaco FC,10,7,4.8182
France_Ligue_1,2025-2026,AS Monaco FC,11,0,4.4848
France_Ligue_1,2025-2026,AS Monaco FC,11,1,1.7273
France_Ligue_1,2025-2026,AS Monaco FC,11,2,2.3333
France_Ligue_1,2025-2026,AS Monaco FC,11,3,2.1515
France_Ligue_1,2025-2026,AS Monaco FC,11,4,2.5758
France_Ligue_1,2025-2026,AS Monaco FC,11,5,2.7273
France_Ligue_1,2025-2026,AS Monaco FC,11,6,2.3636
France_Ligue_1,2025-2026,AS Monaco FC,11,7,4.0606
France_Ligue_1,2025-2026,Lille OSC,0,0,0.7576
France_Ligue_1,2025-2026,Lille OSC,0,1,1.6061
France_Ligue_1,2025-2026,Lille OSC,0,2,2.0
France_Ligue_1,2025-2026,Lille OSC,0,3,10.6667
France_Ligue_1,2025-2026,Lille OSC,0,4,9.0909
France_Ligue_1,2025-2026,Lille OSC,0,5,2.0
France_Ligue_1,2025-2026,Lille OSC,0,6,1.7273
France_Ligue_1,2025-2026,Lille OSC,0,7,1.4848
France_Ligue_1,2025-2026,Lille OSC,1,0,2.6667
France_Ligue_1,2025-2026,Lille OSC,1,1,4.5152
France_Ligue_1,2025-2026,Lille OSC,1,2,6.2424
France_Ligue_1,2025-2026,Lille OSC,1,3,12.3333
France_Ligue_1,2025-2026,Lille OSC,1,4,10.7273
France_Ligue_1,2025-2026,Lille OSC,1,5,4.8788
France_Ligue_1,2025-2026,Lille OSC,1,6,3.6667
France_Ligue_1,2025-2026,Lille OSC,1,7,2.6061
France_Ligue_1,2025-2026,Lille OSC,2,0,4.8788
France_Ligue_1,2025-2026,Lille OSC,2,1,7.2121
France_Ligue_1,2025-2026,Lille OSC,2,2,6.6061
France_Ligue_1,2025-2026,Lille OSC,2,3,8.1212
France_Ligue_1,2025-2026,Lille OSC,2,4,6.0909
France_Ligue_1,2025-2026,Lille OSC,2,5,6.4848
France_Ligue_1,2025-2026,Lille OSC,2,6,5.1515
France_Ligue_1,2025-2026,Lille OSC,2,7,4.5455
France_Ligue_1,2025-2026,Lille OSC,3,0,7.3333
France_Ligue_1,2025-2026,Lille OSC,3,1,10.1515
France_Ligue_1,2025-2026,Lille OSC,3,2,13.5455
France_Ligue_1,2025-2026,Lille OSC,3,3,11.8788
France_Ligue_1,2025-2026,Lille OSC,3,4,10.7879
France_Ligue_1,2025-2026,Lille OSC,3,5,13.9091
France_Ligue_1,2025-2026,Lille OSC,3,6,10.1212
France_Ligue_1,2025-2026,Lille OSC,3,7,7.9697
France_Ligue_1,2025-2026,Lille OSC,4,0,10.4242
France_Ligue_1,2025-2026,Lille OSC,4,1,11.2121
France_Ligue_1,2025-2026,Lille OSC,4,2,15.3333
France_Ligue_1,2025-2026,Lille OSC,4,3,9.2727
France_Ligue_1,2025-2026,Lille OSC,4,4,10.2727
France_Ligue_1,2025-2026,Lille OSC,4,5,14.5152
France_Ligue_1,2025-2026,Lille OSC,4,6,10.4848
France_Ligue_1,2025-2026,Lille OSC,4,7,11.2424
France_Ligue_1,2025-2026,Lille OSC,5,0,6.697
France_Ligue_1,2025-2026,Lille OSC,5,1,7.2121
France_Ligue_1,2025-2026,Lille OSC,5,2,11.0
France_Ligue_1,2025-2026,Lille OSC,5,3,8.4848
France_Ligue_1,2025-2026,Lille OSC,5,4,9.1515
France_Ligue_1,2025-2026,Lille OSC,5,5,11.1212
France_Ligue_1,2025-2026,Lille OSC,5,6,8.4545
France_Ligue_1,2025-2026,Lille OSC,5,7,8.303
France_Ligue_1,2025-2026,Lille OSC,6,0,9.8182
France_Ligue_1,2025-2026,Lille OSC,6,1,7.7273
France_Ligue_1,2025-2026,Lille OSC,6,2,9.2424
France_Ligue_1,2025-2026,Lille OSC,6,3,7.5152
France_Ligue_1,2025-2026,Lille OSC,6,4,7.8485
France_Ligue_1,2025-2026,Lille OSC,6,5,10.0
France_Ligue_1,2025-2026,Lille OSC,6,6,10.1515
France_Ligue_1,2025-2026,Lille OSC,6,7,11.3333
France_Ligue_1,2025-2026,Lille OSC,7,0,12.2727
France_Ligue_1,2025-2026,Lille OSC,7,1,10.7879
France_Ligue_1,2025-2026,Lille OSC,7,2,10.8182
France_Ligue_1,2025-2026,Lille OSC,7,3,6.7576
France_Ligue_1,2025-2026,Lille OSC,7,4,6.6061
France_Ligue_1,2025-2026,Lille OSC,7,5,12.4545
France_Ligue_1,2025-2026,Lille OSC,7,6,12.0909
France_Ligue_1,2025-2026,Lille OSC,7,7,15.0
France_Ligue_1,2025-2026,Lille OSC,8,0,11.2121
France_Ligue_1,2025-2026,Lille OSC,8,1,10.2727
France_Ligue_1,2025-2026,Lille OSC,8,2,8.9091
France_Ligue_1,2025-2026,Lille OSC,8,3,5.8182
France_Ligue_1,2025-2026,Lille OSC,8,4,6.8485
France_Ligue_1,2025-2026,Lille OSC,8,5,10.0
France_Ligue_1,2025-2026,Lille OSC,8,6,11.7273
France_Ligue_1,2025-2026,Lille OSC,8,7,14.3939
France_Ligue_1,2025-2026,Lille OSC,9,0,9.2727
France_Ligue_1,2025-2026,Lille OSC,9,1,4.8182
France_Ligue_1,2025-2026,Lille OSC,9,2,4.3333
France_Ligue_1,2025-2026,Lille OSC,9,3,2.4848
France_Ligue_1,2025-2026,Lille OSC,9,4,3.5758
France_Ligue_1,2025-2026,Lille OSC,9,5,6.0
France_Ligue_1,2025-2026,Lille OSC,9,6,7.697
France_Ligue_1,2025-2026,Lille OSC,9,7,10.7576
France_Ligue_1,2025-2026,Lille OSC,10,0,6.4848
France_Ligue_1,2025-2026,Lille OSC,10,1,4.1818
France_Ligue_1,2025-2026,Lille OSC,10,2,4.0909
France_Ligue_1,2025-2026,Lille OSC,10,3,4.6061
France_Ligue_1,2025-2026,Lille OSC,10,4,5.697
France_Ligue_1,2025-2026,Lille OSC,10,5,4.7576
France_Ligue_1,2025-2026,Lille OSC,10,6,5.1818
France_Ligue_1,2025-2026,Lille OSC,10,7,6.9091
France_Ligue_1,2025-2026,Lille OSC,11,0,4.7273
France_Ligue_1,2025-2026,Lille OSC,11,1,2.6667
France_Ligue_1,2025-2026,Lille OSC,11,2,2.6061
France_Ligue_1,2025-2026,Lille OSC,11,3,1.9091
France_Ligue_1,2025-2026,Lille OSC,11,4,1.9091
France_Ligue_1,2025-2026,Lille OSC,11,5,2.8485
France_Ligue_1,2025-2026,Lille OSC,11,6,3.1212
France_Ligue_1,2025-2026,Lille OSC,11,7,5.5455
France_Ligue_1,2025-2026,OGC Nice Côte d'Azur,0,0,1.5152
France_Ligue_1,2025-2026,OGC Nice Côte d'Azur,0,1,1.7576
France_Ligue_1,2025-2026,OGC Nice Côte d'Azur,0,2,3.8182
France_Ligue_1,2025-2026,OGC Nice Côte d'Azur,0,3,13.0303
France_Ligue_1,2025-2026,OGC Nice Côte d'Azur,0,4,12.6667
France_Ligue_1,2025-2026,OGC Nice Côte d'Azur,0,5,3.1818
France_Ligue_1,2025-2026,OGC Nice Côte d'Azur,0,6,2.0606
France_Ligue_1,2025-2026,OGC Nice Côte d'Azur,0,7,1.5152
France_Ligue_1,2025-2026,OGC Nice Côte d'Azur,1,0,3.9697
France_Ligue_1,2025-2026,OGC Nice Côte d'Azur,1,1,3.9091
France_Ligue_1,2025-2026,OGC Nice Côte d'Azur,1,2,6.9091
France_Ligue_1,2025-2026,OGC Nice Côte d'Azur,1,3,14.0
France_Ligue_1,2025-2026,OGC Nice Côte d'Azur,1,4,12.9697
France_Ligue_1,2025-2026,OGC Nice Côte d'Azur,1,5,6.697
France_Ligue_1,2025-2026,OGC Nice Côte d'Azur,1,6,4.2727
France_Ligue_1,2025-2026,OGC Nice Côte d'Azur,1,7,4.3636
France_Ligue_1,2025-2026,OGC Nice Côte d'Azur,2,0,5.697
France_Ligue_1,2025-2026,OGC Nice Côte d'Azur,2,1,5.7273
France_Ligue_1,2025-2026,OGC Nice Côte d'Azur,2,2,8.1212
France_Ligue_1,2025-2026,OGC Nice Côte d'Azur,2,3,5.8182
France_Ligue_1,2025-2026,OGC Nice Côte d'Azur,2,4,6.7879
France_Ligue_1,2025-2026,OGC Nice Côte d'Azur,2,5,7.7879
France_Ligue_1,2025-2026,OGC Nice Côte d'Azur,2,6,5.4848
France_Ligue_1,2025-2026,OGC Nice Côte d'Azur,2,7,6.0303
France_Ligue_1,2025-2026,OGC Nice Côte d'Azur,3,0,9.6667
France_Ligue_1,2025-2026,OGC Nice Côte d'Azur,3,1,10.9394
France_Ligue_1,2025-2026,OGC Nice Côte d'Azur,3,2,12.2424
France_Ligue_1,2025-2026,OGC Nice Côte d'Azur,3,3,10.3333
France_Ligue_1,2025-2026,OGC Nice Côte d'Azur,3,4,10.303
France_Ligue_1,2025-2026,OGC Nice Côte d'Azur,3,5,12.6364
France_Ligue_1,2025-2026,OGC Nice Côte d'Azur,3,6,9.303
France_Ligue_1,2025-2026,OGC Nice Côte d'Azur,3,7,8.8485
France_Ligue_1,2025-2026,OGC Nice Côte d'Azur,4,0,12.7879
France_Ligue_1,2025-2026,OGC Nice Côte d'Azur,4,1,12.303
France_Ligue_1,2025-2026,OGC Nice Côte d'Azur,4,2,14.5152
France_Ligue_1,2025-2026,OGC Nice Côte d'Azur,4,3,9.1818
France_Ligue_1,2025-2026,OGC Nice Côte d'Azur,4,4,10.5455
France_Ligue_1,2025-2026,OGC Nice Côte d'Azur,4,5,12.5758
France_Ligue_1,2025-2026,OGC Nice Côte d'Azur,4,6,10.4848
France_Ligue_1,2025-2026,OGC Nice Côte d'Azur,4,7,8.9091
France_Ligue_1,2025-2026,OGC Nice Côte d'Azur,5,0,9.7576
France_Ligue_1,2025-2026,OGC Nice Côte d'Azur,5,1,9.1212
France_Ligue_1,2025-2026,OGC Nice Côte d'Azur,5,2,10.5152
France_Ligue_1,2025-2026,OGC Nice Côte d'Azur,5,3,8.0303
France_Ligue_1,2025-2026,OGC Nice Côte d'Azur,5,4,8.3939
France_Ligue_1,2025-2026,OGC Nice Côte d'Azur,5,5,8.8182
France_Ligue_1,2025-2026,OGC Nice Côte d'Azur,5,6,7.4242
France_Ligue_1,2025-2026,OGC Nice Côte d'Azur,5,7,7.1515
France_Ligue_1,2025-2026,OGC Nice Côte d'Azur,6,0,9.4242
France_Ligue_1,2025-2026,OGC Nice Côte d'Azur,6,1,8.9394
France_Ligue_1,2025-2026,OGC Nice Côte d'Azur,6,2,9.4545
France_Ligue_1,2025-2026,OGC Nice Côte d'Azur,6,3,7.6667
France_Ligue_1,2025-2026,OGC Nice Côte d'Azur,6,4,7.5152
France_Ligue_1,2025-2026,OGC Nice Côte d'Azur,6,5,8.2727
France_Ligue_1,2025-2026,OGC Nice Côte d'Azur,6,6,7.9697
France_Ligue_1,2025-2026,OGC Nice Côte d'Azur,6,7,9.5455
France_Ligue_1,2025-2026,OGC Nice Côte d'Azur,7,0,11.3636
France_Ligue_1,2025-2026,OGC Nice Côte d'Azur,7,1,9.3333
France_Ligue_1,2025-2026,OGC Nice Côte d'Azur,7,2,10.1818
France_Ligue_1,2025-2026,OGC Nice Côte d'Azur,7,3,5.0303
France_Ligue_1,2025-2026,OGC Nice Côte d'Azur,7,4,4.3333
France_Ligue_1,2025-2026,OGC Nice Côte d'Azur,7,5,8.7879
France_Ligue_1,2025-2026,OGC Nice Côte d'Azur,7,6,9.7576
France_Ligue_1,2025-2026,OGC Nice Côte d'Azur,7,7,11.9697
France_Ligue_1,2025-2026,OGC Nice Côte d'Azur,8,0,9.4545
France_Ligue_1,2025-2026,OGC Nice Côte d'Azur,8,1,8.5152
France_Ligue_1,2025-2026,OGC Nice Côte d'Azur,8,2,6.3636
France_Ligue_1,2025-2026,OGC Nice Côte d'Azur,8,3,4.697
France_Ligue_1,2025-2026,OGC Nice Côte d'Azur,8,4,4.4545
France_Ligue_1,2025-2026,OGC Nice Côte d'Azur,8,5,5.697
France_Ligue_1,2025-2026,OGC Nice Côte d'Azur,8,6,7.5455
France_Ligue_1,2025-2026,OGC Nice Côte d'Azur,8,7,8.4848
France_Ligue_1,2025-2026,OGC Nice Côte d'Azur,9,0,5.9091
France_Ligue_1,2025-2026,OGC Nice Côte d'Azur,9,1,3.6667
France_Ligue_1,2025-2026,OGC Nice Côte d'Azur,9,2,3.4848
France_Ligue_1,2025-2026,OGC Nice Côte d'Azur,9,3,2.9091
France_Ligue_1,2025-2026,OGC Nice Côte d'Azur,9,4,2.6061
France_Ligue_1,2025-2026,OGC Nice Côte d'Azur,9,5,3.3333
France_Ligue_1,2025-2026,OGC Nice Côte d'Azur,9,6,4.0
France_Ligue_1,2025-2026,OGC Nice Côte d'Azur,9,7,4.3939
France_Ligue_1,2025-2026,OGC Nice Côte d'Azur,10,0,4.2121
France_Ligue_1,2025-2026,OGC Nice Côte d'Azur,10,1,3.0909
France_Ligue_1,2025-2026,OGC Nice Côte d'Azur,10,2,2.9091
France_Ligue_1,2025-2026,OGC Nice Côte d'Azur,10,3,3.5455
France_Ligue_1,2025-2026,OGC Nice Côte d'Azur,10,4,3.6364
France_Ligue_1,2025-2026,OGC Nice Côte d'Azur,10,5,2.3939
France_Ligue_1,2025-2026,OGC Nice Côte d'Azur,10,6,2.6061
France_Ligue_1,2025-2026,OGC Nice Côte d'Azur,10,7,4.3939
France_Ligue_1,2025-2026,OGC Nice Côte d'Azur,11,0,4.1212
France_Ligue_1,2025-2026,OGC Nice Côte d'Azur,11,1,2.4545
France_Ligue_1,2025-2026,OGC Nice Côte d'Azur,11,2,2.0909
France_Ligue_1,2025-2026,OGC Nice Côte d'Azur,11,3,2.2727
France_Ligue_1,2025-2026,OGC Nice Côte d'Azur,11,4,1.5152
France_Ligue_1,2025-2026,OGC Nice Côte d'Azur,11,5,1.3636
France_Ligue_1,2025-2026,OGC Nice Côte d'Azur,11,6,1.7576
France_Ligue_1,2025-2026,OGC Nice Côte d'Azur,11,7,3.9091
France_Ligue_1,2025-2026,Olympique Lyonnais,0,0,1.303
France_Ligue_1,2025-2026,Olympique Lyonnais,0,1,1.7273
France_Ligue_1,2025-2026,Olympique Lyonnais,0,2,3.5152
France_Ligue_1,2025-2026,Olympique Lyonnais,0,3,12.3333
France_Ligue_1,2025-2026,Olympique Lyonnais,0,4,12.7879
France_Ligue_1,2025-2026,Olympique Lyonnais,0,5,2.6364
France_Ligue_1,2025-2026,Olympique Lyonnais,0,6,2.0909
France_Ligue_1,2025-2026,Olympique Lyonnais,0,7,1.0606
France_Ligue_1,2025-2026,Olympique Lyonnais,1,0,4.5152
France_Ligue_1,2025-2026,Olympique Lyonnais,1,1,5.0909
France_Ligue_1,2025-2026,Olympique Lyonnais,1,2,6.2121
France_Ligue_1,2025-2026,Olympique Lyonnais,1,3,12.1212
France_Ligue_1,2025-2026,Olympique Lyonnais,1,4,12.3939
France_Ligue_1,2025-2026,Olympique Lyonnais,1,5,6.2424
France_Ligue_1,2025-2026,Olympique Lyonnais,1,6,5.0909
France_Ligue_1,2025-2026,Olympique Lyonnais,1,7,4.3333
France_Ligue_1,2025-2026,Olympique Lyonnais,2,0,6.1515
France_Ligue_1,2025-2026,Olympique Lyonnais,2,1,6.2121
France_Ligue_1,2025-2026,Olympique Lyonnais,2,2,6.0303
France_Ligue_1,2025-2026,Olympique Lyonnais,2,3,7.0606
France_Ligue_1,2025-2026,Olympique Lyonnais,2,4,5.697
France_Ligue_1,2025-2026,Olympique Lyonnais,2,5,7.3636
France_Ligue_1,2025-2026,Olympique Lyonnais,2,6,5.8788
France_Ligue_1,2025-2026,Olympique Lyonnais,2,7,6.6667
France_Ligue_1,2025-2026,Olympique Lyonnais,3,0,9.6061
France_Ligue_1,2025-2026,Olympique Lyonnais,3,1,9.7879
France_Ligue_1,2025-2026,Olympique Lyonnais,3,2,12.8485
France_Ligue_1,2025-2026,Olympique Lyonnais,3,3,10.4242
France_Ligue_1,2025-2026,Olympique Lyonnais,3,4,9.2727
France_Ligue_1,2025-2026,Olympique Lyonnais,3,5,12.6364
France_Ligue_1,2025-2026,Olympique Lyonnais,3,6,10.2727
France_Ligue_1,2025-2026,Olympique Lyonnais,3,7,9.7273
France_Ligue_1,2025-2026,Olympique Lyonnais,4,0,10.4242
France_Ligue_1,2025-2026,Olympique Lyonnais,4,1,11.2424
France_Ligue_1,2025-2026,Olympique Lyonnais,4,2,13.7879
France_Ligue_1,2025-2026,Olympique Lyonnais,4,3,8.7273
France_Ligue_1,2025-2026,Olympique Lyonnais,4,4,9.5152
France_Ligue_1,2025-2026,Olympique Lyonnais,4,5,14.0
France_Ligue_1,2025-2026,Olympique Lyonnais,4,6,11.0606
France_Ligue_1,2025-2026,Olympique Lyonnais,4,7,10.7576
France_Ligue_1,2025-2026,Olympique Lyonnais,5,0,7.1212
France_Ligue_1,2025-2026,Olympique Lyonnais,5,1,6.6667
France_Ligue_1,2025-2026,Olympique Lyonnais,5,2,11.0303
France_Ligue_1,2025-2026,Olympique Lyonnais,5,3,9.4848
France_Ligue_1,2025-2026,Olympique Lyonnais,5,4,10.1818
France_Ligue_1,2025-2026,Olympique Lyonnais,5,5,10.6667
France_Ligue_1,2025-2026,Olympique Lyonnais,5,6,7.1818
France_Ligue_1,2025-2026,Olympique Lyonnais,5,7,9.0
France_Ligue_1,2025-2026,Olympique Lyonnais,6,0,8.4848
France_Ligue_1,2025-2026,Olympique Lyonnais,6,1,7.2424
France_Ligue_1,2025-2026,Olympique Lyonnais,6,2,9.9091
France_Ligue_1,2025-2026,Olympique Lyonnais,6,3,7.7273
France_Ligue_1,2025-2026,Olympique Lyonnais,6,4,6.9697
France_Ligue_1,2025-2026,Olympique Lyonnais,6,5,10.3636
France_Ligue_1,2025-2026,Olympique Lyonnais,6,6,9.2121
France_Ligue_1,2025-2026,Olympique Lyonnais,6,7,8.7273
France_Ligue_1,2025-2026,Olympique Lyonnais,7,0,10.8788
France_Ligue_1,2025-2026,Olympique Lyonnais,7,1,9.3333
France_Ligue_1,2025-2026,Olympique Lyonnais,7,2,10.7576
France_Ligue_1,2025-2026,Olympique Lyonnais,7,3,6.1212
France_Ligue_1,2025-2026,Olympique Lyonnais,7,4,5.5455
France_Ligue_1,2025-2026,Olympique Lyonnais,7,5,11.8182
France_Ligue_1,2025-2026,Olympique Lyonnais,7,6,12.9091
France_Ligue_1,2025-2026,Olympique Lyonnais,7,7,14.2424
France_Ligue_1,2025-2026,Olympique Lyonnais,8,0,10.9697
France_Ligue_1,2025-2026,Olympique Lyonnais,8,1,7.7273
France_Ligue_1,2025-2026,Olympique Lyonnais,8,2,5.8788
France_Ligue_1,2025-2026,Olympique Lyonnais,8,3,4.9697
France_Ligue_1,2025-2026,Olympique Lyonnais,8,4,6.5152
France_Ligue_1,2025-2026,Olympique Lyonnais,8,5,9.6667
France_Ligue_1,2025-2026,Olympique Lyonnais,8,6,10.7576
France_Ligue_1,2025-2026,Olympique Lyonnais,8,7,10.303
France_Ligue_1,2025-2026,Olympique Lyonnais,9,0,6.7879
France_Ligue_1,2025-2026,Olympique Lyonnais,9,1,3.9697
France_Ligue_1,2025-2026,Olympique Lyonnais,9,2,3.4242
France_Ligue_1,2025-2026,Olympique Lyonnais,9,3,2.6667
France_Ligue_1,2025-2026,Olympique Lyonnais,9,4,2.5758
France_Ligue_1,2025-2026,Olympique Lyonnais,9,5,3.9091
France_Ligue_1,2025-2026,Olympique Lyonnais,9,6,4.7273
France_Ligue_1,2025-2026,Olympique Lyonnais,9,7,7.1818
France_Ligue_1,2025-2026,Olympique Lyonnais,10,0,4.6061
France_Ligue_1,2025-2026,Olympique Lyonnais,10,1,3.1818
France_Ligue_1,2025-2026,Olympique Lyonnais,10,2,2.6061
France_Ligue_1,2025-2026,Olympique Lyonnais,10,3,4.3333
France_Ligue_1,2025-2026,Olympique Lyonnais,10,4,4.8788
France_Ligue_1,2025-2026,Olympique Lyonnais,10,5,4.0909
France_Ligue_1,2025-2026,Olympique Lyonnais,10,6,4.0606
France_Ligue_1,2025-2026,Olympique Lyonnais,10,7,4.3636
France_Ligue_1,2025-2026,Olympique Lyonnais,11,0,4.1212
France_Ligue_1,2025-2026,Olympique Lyonnais,11,1,2.303
France_Ligue_1,2025-2026,Olympique Lyonnais,11,2,1.7576
France_Ligue_1,2025-2026,Olympique Lyonnais,11,3,2.5152
France_Ligue_1,2025-2026,Olympique Lyonnais,11,4,2.6364
France_Ligue_1,2025-2026,Olympique Lyonnais,11,5,2.7879
France_Ligue_1,2025-2026,Olympique Lyonnais,11,6,2.697
France_Ligue_1,2025-2026,Olympique Lyonnais,11,7,5.303
France_Ligue_1,2025-2026,Paris FC,0,0,2.1212
France_Ligue_1,2025-2026,Paris FC,0,1,2.697
France_Ligue_1,2025-2026,Paris FC,0,2,4.1515
France_Ligue_1,2025-2026,Paris FC,0,3,14.6061
France_Ligue_1,2025-2026,Paris FC,0,4,13.5758
France_Ligue_1,2025-2026,Paris FC,0,5,3.6061
France_Ligue_1,2025-2026,Paris FC,0,6,1.9697
France_Ligue_1,2025-2026,Paris FC,0,7,2.1818
France_Ligue_1,2025-2026,Paris FC,1,0,4.9091
France_Ligue_1,2025-2026,Paris FC,1,1,5.0303
France_Ligue_1,2025-2026,Paris FC,1,2,7.7879
France_Ligue_1,2025-2026,Paris FC,1,3,15.0303
France_Ligue_1,2025-2026,Paris FC,1,4,13.4848
France_Ligue_1,2025-2026,Paris FC,1,5,7.697
France_Ligue_1,2025-2026,Paris FC,1,6,5.6061
France_Ligue_1,2025-2026,Paris FC,1,7,5.1818
France_Ligue_1,2025-2026,Paris FC,2,0,6.2424
France_Ligue_1,2025-2026,Paris FC,2,1,6.3636
France_Ligue_1,2025-2026,Paris FC,2,2,7.6061
France_Ligue_1,2025-2026,Paris FC,2,3,7.1818
France_Ligue_1,2025-2026,Paris FC,2,4,7.2424
France_Ligue_1,2025-2026,Paris FC,2,5,8.6364
France_Ligue_1,2025-2026,Paris FC,2,6,7.2424
France_Ligue_1,2025-2026,Paris FC,2,7,6.6061
France_Ligue_1,2025-2026,Paris FC,3,0,10.7273
France_Ligue_1,2025-2026,Paris FC,3,1,11.5455
France_Ligue_1,2025-2026,Paris FC,3,2,13.1515
France_Ligue_1,2025-2026,Paris FC,3,3,11.6667
France_Ligue_1,2025-2026,Paris FC,3,4,10.7879
France_Ligue_1,2025-2026,Paris FC,3,5,13.6061
France_Ligue_1,2025-2026,Paris FC,3,6,10.9091
France_Ligue_1,2025-2026,Paris FC,3,7,10.6667
France_Ligue_1,2025-2026,Paris FC,4,0,12.3939
France_Ligue_1,2025-2026,Paris FC,4,1,12.8485
France_Ligue_1,2025-2026,Paris FC,4,2,16.1818
France_Ligue_1,2025-2026,Paris FC,4,3,9.0303
France_Ligue_1,2025-2026,Paris FC,4,4,8.6667
France_Ligue_1,2025-2026,Paris FC,4,5,12.8788
France_Ligue_1,2025-2026,Paris FC,4,6,11.4242
France_Ligue_1,2025-2026,Paris FC,4,7,12.1212
France_Ligue_1,2025-2026,Paris FC,5,0,9.5152
France_Ligue_1,2025-2026,Paris FC,5,1,8.2424
France_Ligue_1,2025-2026,Paris FC,5,2,10.7879
France_Ligue_1,2025-2026,Paris FC,5,3,8.1212
France_Ligue_1,2025-2026,Paris FC,5,4,8.4848
France_Ligue_1,2025-2026,Paris FC,5,5,9.8485
France_Ligue_1,2025-2026,Paris FC,5,6,7.7576
France_Ligue_1,2025-2026,Paris FC,5,7,7.7879
France_Ligue_1,2025-2026,Paris FC,6,0,8.3939
France_Ligue_1,2025-2026,Paris FC,6,1,9.1212
France_Ligue_1,2025-2026,Paris FC,6,2,8.2424
France_Ligue_1,2025-2026,Paris FC,6,3,6.9091
France_Ligue_1,2025-2026,Paris FC,6,4,7.5455
France_Ligue_1,2025-2026,Paris FC,6,5,9.0606
France_Ligue_1,2025-2026,Paris FC,6,6,7.8788
France_Ligue_1,2025-2026,Paris FC,6,7,9.9091
France_Ligue_1,2025-2026,Paris FC,7,0,11.9697
France_Ligue_1,2025-2026,Paris FC,7,1,10.7576
France_Ligue_1,2025-2026,Paris FC,7,2,9.5455
France_Ligue_1,2025-2026,Paris FC,7,3,5.3333
France_Ligue_1,2025-2026,Paris FC,7,4,4.3333
France_Ligue_1,2025-2026,Paris FC,7,5,8.9091
France_Ligue_1,2025-2026,Paris FC,7,6,10.9394
France_Ligue_1,2025-2026,Paris FC,7,7,12.6364
France_Ligue_1,2025-2026,Paris FC,8,0,10.5152
France_Ligue_1,2025-2026,Paris FC,8,1,8.8788
France_Ligue_1,2025-2026,Paris FC,8,2,7.0
France_Ligue_1,2025-2026,Paris FC,8,3,4.7576
France_Ligue_1,2025-2026,Paris FC,8,4,4.1818
France_Ligue_1,2025-2026,Paris FC,8,5,6.0
France_Ligue_1,2025-2026,Paris FC,8,6,6.8182
France_Ligue_1,2025-2026,Paris FC,8,7,9.8182
France_Ligue_1,2025-2026,Paris FC,9,0,5.6364
France_Ligue_1,2025-2026,Paris FC,9,1,3.8182
France_Ligue_1,2025-2026,Paris FC,9,2,3.9697
France_Ligue_1,2025-2026,Paris FC,9,3,2.8485
France_Ligue_1,2025-2026,Paris FC,9,4,2.0606
France_Ligue_1,2025-2026,Paris FC,9,5,3.3636
France_Ligue_1,2025-2026,Paris FC,9,6,3.7273
France_Ligue_1,2025-2026,Paris FC,9,7,5.8788
France_Ligue_1,2025-2026,Paris FC,10,0,4.1212
France_Ligue_1,2025-2026,Paris FC,10,1,3.6061
France_Ligue_1,2025-2026,Paris FC,10,2,3.2727
France_Ligue_1,2025-2026,Paris FC,10,3,3.7879
France_Ligue_1,2025-2026,Paris FC,10,4,3.6667
France_Ligue_1,2025-2026,Paris FC,10,5,2.6061
France_Ligue_1,2025-2026,Paris FC,10,6,3.5152
France_Ligue_1,2025-2026,Paris FC,10,7,5.3939
France_Ligue_1,2025-2026,Paris FC,11,0,3.6667
France_Ligue_1,2025-2026,Paris FC,11,1,1.8182
France_Ligue_1,2025-2026,Paris FC,11,2,1.9091
France_Ligue_1,2025-2026,Paris FC,11,3,1.697
France_Ligue_1,2025-2026,Paris FC,11,4,1.4545
France_Ligue_1,2025-2026,Paris FC,11,5,1.303
France_Ligue_1,2025-2026,Paris FC,11,6,1.8182
France_Ligue_1,2025-2026,Paris FC,11,7,3.8788
France_Ligue_1,2025-2026,Association Jeunesse Auxerroise,0,0,1.8788
France_Ligue_1,2025-2026,Association Jeunesse Auxerroise,0,1,2.1515
France_Ligue_1,2025-2026,Association Jeunesse Auxerroise,0,2,2.3636
France_Ligue_1,2025-2026,Association Jeunesse Auxerroise,0,3,9.6364
France_Ligue_1,2025-2026,Association Jeunesse Auxerroise,0,4,11.1818
France_Ligue_1,2025-2026,Association Jeunesse Auxerroise,0,5,2.4848
France_Ligue_1,2025-2026,Association Jeunesse Auxerroise,0,6,1.9697
France_Ligue_1,2025-2026,Association Jeunesse Auxerroise,0,7,1.697
France_Ligue_1,2025-2026,Association Jeunesse Auxerroise,1,0,4.2424
France_Ligue_1,2025-2026,Association Jeunesse Auxerroise,1,1,3.8788
France_Ligue_1,2025-2026,Association Jeunesse Auxerroise,1,2,6.3636
France_Ligue_1,2025-2026,Association Jeunesse Auxerroise,1,3,12.1212
France_Ligue_1,2025-2026,Association Jeunesse Auxerroise,1,4,10.7879
France_Ligue_1,2025-2026,Association Jeunesse Auxerroise,1,5,4.7879
France_Ligue_1,2025-2026,Association Jeunesse Auxerroise,1,6,3.6364
France_Ligue_1,2025-2026,Association Jeunesse Auxerroise,1,7,4.0303
France_Ligue_1,2025-2026,Association Jeunesse Auxerroise,2,0,5.697
France_Ligue_1,2025-2026,Association Jeunesse Auxerroise,2,1,5.0303
France_Ligue_1,2025-2026,Association Jeunesse Auxerroise,2,2,6.2727
France_Ligue_1,2025-2026,Association Jeunesse Auxerroise,2,3,5.6667
France_Ligue_1,2025-2026,Association Jeunesse Auxerroise,2,4,5.0909
France_Ligue_1,2025-2026,Association Jeunesse Auxerroise,2,5,7.2727
France_Ligue_1,2025-2026,Association Jeunesse Auxerroise,2,6,6.1212
France_Ligue_1,2025-2026,Association Jeunesse Auxerroise,2,7,5.0
France_Ligue_1,2025-2026,Association Jeunesse Auxerroise,3,0,8.7879
France_Ligue_1,2025-2026,Association Jeunesse Auxerroise,3,1,9.5455
France_Ligue_1,2025-2026,Association Jeunesse Auxerroise,3,2,11.1515
France_Ligue_1,2025-2026,Association Jeunesse Auxerroise,3,3,9.2727
France_Ligue_1,2025-2026,Association Jeunesse Auxerroise,3,4,9.0
France_Ligue_1,2025-2026,Association Jeunesse Auxerroise,3,5,12.2727
France_Ligue_1,2025-2026,Association Jeunesse Auxerroise,3,6,9.0303
France_Ligue_1,2025-2026,Association Jeunesse Auxerroise,3,7,8.697
France_Ligue_1,2025-2026,Association Jeunesse Auxerroise,4,0,10.0606
France_Ligue_1,2025-2026,Association Jeunesse Auxerroise,4,1,8.8788
France_Ligue_1,2025-2026,Association Jeunesse Auxerroise,4,2,11.4545
France_Ligue_1,2025-2026,Association Jeunesse Auxerroise,4,3,6.6061
France_Ligue_1,2025-2026,Association Jeunesse Auxerroise,4,4,7.3636
France_Ligue_1,2025-2026,Association Jeunesse Auxerroise,4,5,13.5455
France_Ligue_1,2025-2026,Association Jeunesse Auxerroise,4,6,10.9697
France_Ligue_1,2025-2026,Association Jeunesse Auxerroise,4,7,9.9697
France_Ligue_1,2025-2026,Association Jeunesse Auxerroise,5,0,7.3939
France_Ligue_1,2025-2026,Association Jeunesse Auxerroise,5,1,6.1818
France_Ligue_1,2025-2026,Association Jeunesse Auxerroise,5,2,8.1212
France_Ligue_1,2025-2026,Association Jeunesse Auxerroise,5,3,6.6667
France_Ligue_1,2025-2026,Association Jeunesse Auxerroise,5,4,7.7576
France_Ligue_1,2025-2026,Association Jeunesse Auxerroise,5,5,7.4848
France_Ligue_1,2025-2026,Association Jeunesse Auxerroise,5,6,7.3333
France_Ligue_1,2025-2026,Association Jeunesse Auxerroise,5,7,8.4242
France_Ligue_1,2025-2026,Association Jeunesse Auxerroise,6,0,6.3939
France_Ligue_1,2025-2026,Association Jeunesse Auxerroise,6,1,6.303
France_Ligue_1,2025-2026,Association Jeunesse Auxerroise,6,2,7.0303
France_Ligue_1,2025-2026,Association Jeunesse Auxerroise,6,3,6.5758
France_Ligue_1,2025-2026,Association Jeunesse Auxerroise,6,4,6.2424
France_Ligue_1,2025-2026,Association Jeunesse Auxerroise,6,5,9.0606
France_Ligue_1,2025-2026,Association Jeunesse Auxerroise,6,6,9.0
France_Ligue_1,2025-2026,Association Jeunesse Auxerroise,6,7,8.9697
France_Ligue_1,2025-2026,Association Jeunesse Auxerroise,7,0,10.7879
France_Ligue_1,2025-2026,Association Jeunesse Auxerroise,7,1,9.4545
France_Ligue_1,2025-2026,Association Jeunesse Auxerroise,7,2,9.5152
France_Ligue_1,2025-2026,Association Jeunesse Auxerroise,7,3,4.8788
France_Ligue_1,2025-2026,Association Jeunesse Auxerroise,7,4,5.7879
France_Ligue_1,2025-2026,Association Jeunesse Auxerroise,7,5,9.8182
France_Ligue_1,2025-2026,Association Jeunesse Auxerroise,7,6,10.6667
France_Ligue_1,2025-2026,Association Jeunesse Auxerroise,7,7,13.697
France_Ligue_1,2025-2026,Association Jeunesse Auxerroise,8,0,9.5152
France_Ligue_1,2025-2026,Association Jeunesse Auxerroise,8,1,7.4545
France_Ligue_1,2025-2026,Association Jeunesse Auxerroise,8,2,7.5152
France_Ligue_1,2025-2026,Association Jeunesse Auxerroise,8,3,5.1515
France_Ligue_1,2025-2026,Association Jeunesse Auxerroise,8,4,5.6061
France_Ligue_1,2025-2026,Association Jeunesse Auxerroise,8,5,7.9697
France_Ligue_1,2025-2026,Association Jeunesse Auxerroise,8,6,9.2727
France_Ligue_1,2025-2026,Association Jeunesse Auxerroise,8,7,10.2424
France_Ligue_1,2025-2026,Association Jeunesse Auxerroise,9,0,4.9394
France_Ligue_1,2025-2026,Association Jeunesse Auxerroise,9,1,3.9091
France_Ligue_1,2025-2026,Association Jeunesse Auxerroise,9,2,3.3636
France_Ligue_1,2025-2026,Association Jeunesse Auxerroise,9,3,2.303
France_Ligue_1,2025-2026,Association Jeunesse Auxerroise,9,4,2.5152
France_Ligue_1,2025-2026,Association Jeunesse Auxerroise,9,5,3.8182
France_Ligue_1,2025-2026,Association Jeunesse Auxerroise,9,6,4.7576
France_Ligue_1,2025-2026,Association Jeunesse Auxerroise,9,7,7.5152
France_Ligue_1,2025-2026,Association Jeunesse Auxerroise,10,0,5.0
France_Ligue_1,2025-2026,Association Jeunesse Auxerroise,10,1,3.697
France_Ligue_1,2025-2026,Association Jeunesse Auxerroise,10,2,2.7576
France_Ligue_1,2025-2026,Association Jeunesse Auxerroise,10,3,3.0606
France_Ligue_1,2025-2026,Association Jeunesse Auxerroise,10,4,3.1212
France_Ligue_1,2025-2026,Association Jeunesse Auxerroise,10,5,3.0
France_Ligue_1,2025-2026,Association Jeunesse Auxerroise,10,6,3.6061
France_Ligue_1,2025-2026,Association Jeunesse Auxerroise,10,7,5.0303
France_Ligue_1,2025-2026,Association Jeunesse Auxerroise,11,0,4.3333
France_Ligue_1,2025-2026,Association Jeunesse Auxerroise,11,1,1.8485
France_Ligue_1,2025-2026,Association Jeunesse Auxerroise,11,2,1.6364
France_Ligue_1,2025-2026,Association Jeunesse Auxerroise,11,3,1.9394
France_Ligue_1,2025-2026,Association Jeunesse Auxerroise,11,4,1.4242
France_Ligue_1,2025-2026,Association Jeunesse Auxerroise,11,5,1.5455
France_Ligue_1,2025-2026,Association Jeunesse Auxerroise,11,6,2.4242
France_Ligue_1,2025-2026,Association Jeunesse Auxerroise,11,7,4.4242
France_Ligue_1,2025-2026,RC Strasbourg Alsace,0,0,1.3636
France_Ligue_1,2025-2026,RC Strasbourg Alsace,0,1,1.7576
France_Ligue_1,2025-2026,RC Strasbourg Alsace,0,2,2.6061
France_Ligue_1,2025-2026,RC Strasbourg Alsace,0,3,13.7576
France_Ligue_1,2025-2026,RC Strasbourg Alsace,0,4,13.3636
France_Ligue_1,2025-2026,RC Strasbourg Alsace,0,5,2.5455
France_Ligue_1,2025-2026,RC Strasbourg Alsace,0,6,1.5455
France_Ligue_1,2025-2026,RC Strasbourg Alsace,0,7,1.5455
France_Ligue_1,2025-2026,RC Strasbourg Alsace,1,0,4.2424
France_Ligue_1,2025-2026,RC Strasbourg Alsace,1,1,5.7273
France_Ligue_1,2025-2026,RC Strasbourg Alsace,1,2,7.4848
France_Ligue_1,2025-2026,RC Strasbourg Alsace,1,3,11.7273
France_Ligue_1,2025-2026,RC Strasbourg Alsace,1,4,14.0606
France_Ligue_1,2025-2026,RC Strasbourg Alsace,1,5,7.5152
France_Ligue_1,2025-2026,RC Strasbourg Alsace,1,6,5.2727
France_Ligue_1,2025-2026,RC Strasbourg Alsace,1,7,3.4848
France_Ligue_1,2025-2026,RC Strasbourg Alsace,2,0,5.3333
France_Ligue_1,2025-2026,RC Strasbourg Alsace,2,1,6.5758
France_Ligue_1,2025-2026,RC Strasbourg Alsace,2,2,8.8788
France_Ligue_1,2025-2026,RC Strasbourg Alsace,2,3,7.4545
France_Ligue_1,2025-2026,RC Strasbourg Alsace,2,4,9.5455
France_Ligue_1,2025-2026,RC Strasbourg Alsace,2,5,8.2121
France_Ligue_1,2025-2026,RC Strasbourg Alsace,2,6,6.5758
France_Ligue_1,2025-2026,RC Strasbourg Alsace,2,7,6.1212
France_Ligue_1,2025-2026,RC Strasbourg Alsace,3,0,10.4848
France_Ligue_1,2025-2026,RC Strasbourg Alsace,3,1,11.303
France_Ligue_1,2025-2026,RC Strasbourg Alsace,3,2,16.0909
France_Ligue_1,2025-2026,RC Strasbourg Alsace,3,3,14.8485
France_Ligue_1,2025-2026,RC Strasbourg Alsace,3,4,15.4242
France_Ligue_1,2025-2026,RC Strasbourg Alsace,3,5,15.6667
France_Ligue_1,2025-2026,RC Strasbourg Alsace,3,6,11.9091
France_Ligue_1,2025-2026,RC Strasbourg Alsace,3,7,8.9394
France_Ligue_1,2025-2026,RC Strasbourg Alsace,4,0,12.7879
France_Ligue_1,2025-2026,RC Strasbourg Alsace,4,1,11.1212
France_Ligue_1,2025-2026,RC Strasbourg Alsace,4,2,17.6364
France_Ligue_1,2025-2026,RC Strasbourg Alsace,4,3,12.7879
France_Ligue_1,2025-2026,RC Strasbourg Alsace,4,4,12.3636
France_Ligue_1,2025-2026,RC Strasbourg Alsace,4,5,18.1515
France_Ligue_1,2025-2026,RC Strasbourg Alsace,4,6,13.3939
France_Ligue_1,2025-2026,RC Strasbourg Alsace,4,7,10.8788
France_Ligue_1,2025-2026,RC Strasbourg Alsace,5,0,11.0303
France_Ligue_1,2025-2026,RC Strasbourg Alsace,5,1,9.0
France_Ligue_1,2025-2026,RC Strasbourg Alsace,5,2,12.8182
France_Ligue_1,2025-2026,RC Strasbourg Alsace,5,3,11.1515
France_Ligue_1,2025-2026,RC Strasbourg Alsace,5,4,11.4848
France_Ligue_1,2025-2026,RC Strasbourg Alsace,5,5,12.7576
France_Ligue_1,2025-2026,RC Strasbourg Alsace,5,6,8.697
France_Ligue_1,2025-2026,RC Strasbourg Alsace,5,7,8.9091
France_Ligue_1,2025-2026,RC Strasbourg Alsace,6,0,10.8485
France_Ligue_1,2025-2026,RC Strasbourg Alsace,6,1,9.1515
France_Ligue_1,2025-2026,RC Strasbourg Alsace,6,2,11.1818
France_Ligue_1,2025-2026,RC Strasbourg Alsace,6,3,8.1818
France_Ligue_1,2025-2026,RC Strasbourg Alsace,6,4,8.6667
France_Ligue_1,2025-2026,RC Strasbourg Alsace,6,5,10.1515
France_Ligue_1,2025-2026,RC Strasbourg Alsace,6,6,7.697
France_Ligue_1,2025-2026,RC Strasbourg Alsace,6,7,10.4545
France_Ligue_1,2025-2026,RC Strasbourg Alsace,7,0,12.8788
France_Ligue_1,2025-2026,RC Strasbourg Alsace,7,1,10.9394
France_Ligue_1,2025-2026,RC Strasbourg Alsace,7,2,10.9091
France_Ligue_1,2025-2026,RC Strasbourg Alsace,7,3,5.3333
France_Ligue_1,2025-2026,RC Strasbourg Alsace,7,4,5.2424
France_Ligue_1,2025-2026,RC Strasbourg Alsace,7,5,9.4545
France_Ligue_1,2025-2026,RC Strasbourg Alsace,7,6,9.5455
France_Ligue_1,2025-2026,RC Strasbourg Alsace,7,7,12.4242
France_Ligue_1,2025-2026,RC Strasbourg Alsace,8,0,9.6364
France_Ligue_1,2025-2026,RC Strasbourg Alsace,8,1,7.5455
France_Ligue_1,2025-2026,RC Strasbourg Alsace,8,2,7.0606
France_Ligue_1,2025-2026,RC Strasbourg Alsace,8,3,6.2121
France_Ligue_1,2025-2026,RC Strasbourg Alsace,8,4,6.4242
France_Ligue_1,2025-2026,RC Strasbourg Alsace,8,5,6.4545
France_Ligue_1,2025-2026,RC Strasbourg Alsace,8,6,8.3939
France_Ligue_1,2025-2026,RC Strasbourg Alsace,8,7,10.7273
France_Ligue_1,2025-2026,RC Strasbourg Alsace,9,0,6.3636
France_Ligue_1,2025-2026,RC Strasbourg Alsace,9,1,3.6667
France_Ligue_1,2025-2026,RC Strasbourg Alsace,9,2,3.9091
France_Ligue_1,2025-2026,RC Strasbourg Alsace,9,3,2.6061
France_Ligue_1,2025-2026,RC Strasbourg Alsace,9,4,2.6061
France_Ligue_1,2025-2026,RC Strasbourg Alsace,9,5,3.697
France_Ligue_1,2025-2026,RC Strasbourg Alsace,9,6,4.0303
France_Ligue_1,2025-2026,RC Strasbourg Alsace,9,7,5.7879
France_Ligue_1,2025-2026,RC Strasbourg Alsace,10,0,4.9697
France_Ligue_1,2025-2026,RC Strasbourg Alsace,10,1,3.3636
France_Ligue_1,2025-2026,RC Strasbourg Alsace,10,2,3.8485
France_Ligue_1,2025-2026,RC Strasbourg Alsace,10,3,3.5455
France_Ligue_1,2025-2026,RC Strasbourg Alsace,10,4,3.7879
France_Ligue_1,2025-2026,RC Strasbourg Alsace,10,5,3.5152
France_Ligue_1,2025-2026,RC Strasbourg Alsace,10,6,3.9697
France_Ligue_1,2025-2026,RC Strasbourg Alsace,10,7,4.2727
France_Ligue_1,2025-2026,RC Strasbourg Alsace,11,0,3.2121
France_Ligue_1,2025-2026,RC Strasbourg Alsace,11,1,1.6667
France_Ligue_1,2025-2026,RC Strasbourg Alsace,11,2,2.0303
France_Ligue_1,2025-2026,RC Strasbourg Alsace,11,3,2.1515
France_Ligue_1,2025-2026,RC Strasbourg Alsace,11,4,1.8182
France_Ligue_1,2025-2026,RC Strasbourg Alsace,11,5,2.1212
France_Ligue_1,2025-2026,RC Strasbourg Alsace,11,6,2.5152
France_Ligue_1,2025-2026,RC Strasbourg Alsace,11,7,4.2727
France_Ligue_1,2025-2026,Stade Rennais FC,0,0,1.7576
France_Ligue_1,2025-2026,Stade Rennais FC,0,1,2.1212
France_Ligue_1,2025-2026,Stade Rennais FC,0,2,2.7879
France_Ligue_1,2025-2026,Stade Rennais FC,0,3,11.697
France_Ligue_1,2025-2026,Stade Rennais FC,0,4,13.7879
France_Ligue_1,2025-2026,Stade Rennais FC,0,5,3.3333
France_Ligue_1,2025-2026,Stade Rennais FC,0,6,2.4545
France_Ligue_1,2025-2026,Stade Rennais FC,0,7,2.5455
France_Ligue_1,2025-2026,Stade Rennais FC,1,0,4.4242
France_Ligue_1,2025-2026,Stade Rennais FC,1,1,4.6667
France_Ligue_1,2025-2026,Stade Rennais FC,1,2,7.5152
France_Ligue_1,2025-2026,Stade Rennais FC,1,3,10.7879
France_Ligue_1,2025-2026,Stade Rennais FC,1,4,13.5758
France_Ligue_1,2025-2026,Stade Rennais FC,1,5,6.6364
France_Ligue_1,2025-2026,Stade Rennais FC,1,6,4.6667
France_Ligue_1,2025-2026,Stade Rennais FC,1,7,5.9697
France_Ligue_1,2025-2026,Stade Rennais FC,2,0,6.7576
France_Ligue_1,2025-2026,Stade Rennais FC,2,1,6.303
France_Ligue_1,2025-2026,Stade Rennais FC,2,2,8.3333
France_Ligue_1,2025-2026,Stade Rennais FC,2,3,6.2424
France_Ligue_1,2025-2026,Stade Rennais FC,2,4,7.6061
France_Ligue_1,2025-2026,Stade Rennais FC,2,5,6.9394
France_Ligue_1,2025-2026,Stade Rennais FC,2,6,6.2121
France_Ligue_1,2025-2026,Stade Rennais FC,2,7,8.1818
France_Ligue_1,2025-2026,Stade Rennais FC,3,0,10.0303
France_Ligue_1,2025-2026,Stade Rennais FC,3,1,9.7879
France_Ligue_1,2025-2026,Stade Rennais FC,3,2,12.4242
France_Ligue_1,2025-2026,Stade Rennais FC,3,3,8.6667
France_Ligue_1,2025-2026,Stade Rennais FC,3,4,9.1212
France_Ligue_1,2025-2026,Stade Rennais FC,3,5,11.8788
France_Ligue_1,2025-2026,Stade Rennais FC,3,6,11.2121
France_Ligue_1,2025-2026,Stade Rennais FC,3,7,12.2727
France_Ligue_1,2025-2026,Stade Rennais FC,4,0,10.9697
France_Ligue_1,2025-2026,Stade Rennais FC,4,1,10.9091
France_Ligue_1,2025-2026,Stade Rennais FC,4,2,12.5758
France_Ligue_1,2025-2026,Stade Rennais FC,4,3,9.1212
France_Ligue_1,2025-2026,Stade Rennais FC,4,4,8.7273
France_Ligue_1,2025-2026,Stade Rennais FC,4,5,12.6667
France_Ligue_1,2025-2026,Stade Rennais FC,4,6,12.2121
France_Ligue_1,2025-2026,Stade Rennais FC,4,7,12.9697
France_Ligue_1,2025-2026,Stade Rennais FC,5,0,8.0303
France_Ligue_1,2025-2026,Stade Rennais FC,5,1,8.697
France_Ligue_1,2025-2026,Stade Rennais FC,5,2,9.303
France_Ligue_1,2025-2026,Stade Rennais FC,5,3,7.7576
France_Ligue_1,2025-2026,Stade Rennais FC,5,4,7.8182
France_Ligue_1,2025-2026,Stade Rennais FC,5,5,9.9697
France_Ligue_1,2025-2026,Stade Rennais FC,5,6,7.9697
France_Ligue_1,2025-2026,Stade Rennais FC,5,7,9.5455
France_Ligue_1,2025-2026,Stade Rennais FC,6,0,8.2121
France_Ligue_1,2025-2026,Stade Rennais FC,6,1,8.7879
France_Ligue_1,2025-2026,Stade Rennais FC,6,2,8.4242
France_Ligue_1,2025-2026,Stade Rennais FC,6,3,6.9697
France_Ligue_1,2025-2026,Stade Rennais FC,6,4,7.6364
France_Ligue_1,2025-2026,Stade Rennais FC,6,5,8.7273
France_Ligue_1,2025-2026,Stade Rennais FC,6,6,9.8788
France_Ligue_1,2025-2026,Stade Rennais FC,6,7,11.5152
France_Ligue_1,2025-2026,Stade Rennais FC,7,0,12.5455
France_Ligue_1,2025-2026,Stade Rennais FC,7,1,11.2424
France_Ligue_1,2025-2026,Stade Rennais FC,7,2,9.5758
France_Ligue_1,2025-2026,Stade Rennais FC,7,3,5.3636
France_Ligue_1,2025-2026,Stade Rennais FC,7,4,5.303
France_Ligue_1,2025-2026,Stade Rennais FC,7,5,9.5152
France_Ligue_1,2025-2026,Stade Rennais FC,7,6,12.0303
France_Ligue_1,2025-2026,Stade Rennais FC,7,7,15.4242
France_Ligue_1,2025-2026,Stade Rennais FC,8,0,12.5455
France_Ligue_1,2025-2026,Stade Rennais FC,8,1,9.2121
France_Ligue_1,2025-2026,Stade Rennais FC,8,2,7.303
France_Ligue_1,2025-2026,Stade Rennais FC,8,3,5.4848
France_Ligue_1,2025-2026,Stade Rennais FC,8,4,5.9394
France_Ligue_1,2025-2026,Stade Rennais FC,8,5,8.3333
France_Ligue_1,2025-2026,Stade Rennais FC,8,6,9.8182
France_Ligue_1,2025-2026,Stade Rennais FC,8,7,13.3636
France_Ligue_1,2025-2026,Stade Rennais FC,9,0,8.6364
France_Ligue_1,2025-2026,Stade Rennais FC,9,1,5.0303
France_Ligue_1,2025-2026,Stade Rennais FC,9,2,5.0606
France_Ligue_1,2025-2026,Stade Rennais FC,9,3,2.5455
France_Ligue_1,2025-2026,Stade Rennais FC,9,4,2.9697
France_Ligue_1,2025-2026,Stade Rennais FC,9,5,4.3636
France_Ligue_1,2025-2026,Stade Rennais FC,9,6,4.4848
France_Ligue_1,2025-2026,Stade Rennais FC,9,7,8.5758
France_Ligue_1,2025-2026,Stade Rennais FC,10,0,5.8788
France_Ligue_1,2025-2026,Stade Rennais FC,10,1,3.6364
France_Ligue_1,2025-2026,Stade Rennais FC,10,2,3.697
France_Ligue_1,2025-2026,Stade Rennais FC,10,3,3.5758
France_Ligue_1,2025-2026,Stade Rennais FC,10,4,3.3636
France_Ligue_1,2025-2026,Stade Rennais FC,10,5,3.5152
France_Ligue_1,2025-2026,Stade Rennais FC,10,6,3.9697
France_Ligue_1,2025-2026,Stade Rennais FC,10,7,6.0303
France_Ligue_1,2025-2026,Stade Rennais FC,11,0,4.6667
France_Ligue_1,2025-2026,Stade Rennais FC,11,1,1.9697
France_Ligue_1,2025-2026,Stade Rennais FC,11,2,2.0606
France_Ligue_1,2025-2026,Stade Rennais FC,11,3,2.303
France_Ligue_1,2025-2026,Stade Rennais FC,11,4,1.9091
France_Ligue_1,2025-2026,Stade Rennais FC,11,5,2.2727
France_Ligue_1,2025-2026,Stade Rennais FC,11,6,2.7273
France_Ligue_1,2025-2026,Stade Rennais FC,11,7,5.2121
France_Ligue_1,2025-2026,Toulouse FC,0,0,1.3636
France_Ligue_1,2025-2026,Toulouse FC,0,1,1.8182
France_Ligue_1,2025-2026,Toulouse FC,0,2,2.6667
France_Ligue_1,2025-2026,Toulouse FC,0,3,10.6667
France_Ligue_1,2025-2026,Toulouse FC,0,4,10.6667
France_Ligue_1,2025-2026,Toulouse FC,0,5,2.3939
France_Ligue_1,2025-2026,Toulouse FC,0,6,1.5152
France_Ligue_1,2025-2026,Toulouse FC,0,7,1.1212
France_Ligue_1,2025-2026,Toulouse FC,1,0,3.4242
France_Ligue_1,2025-2026,Toulouse FC,1,1,4.0303
France_Ligue_1,2025-2026,Toulouse FC,1,2,5.7273
France_Ligue_1,2025-2026,Toulouse FC,1,3,9.6667
France_Ligue_1,2025-2026,Toulouse FC,1,4,11.4545
France_Ligue_1,2025-2026,Toulouse FC,1,5,5.3636
France_Ligue_1,2025-2026,Toulouse FC,1,6,3.7576
France_Ligue_1,2025-2026,Toulouse FC,1,7,3.1818
France_Ligue_1,2025-2026,Toulouse FC,2,0,4.0606
France_Ligue_1,2025-2026,Toulouse FC,2,1,4.6061
France_Ligue_1,2025-2026,Toulouse FC,2,2,6.0909
France_Ligue_1,2025-2026,Toulouse FC,2,3,4.7879
France_Ligue_1,2025-2026,Toulouse FC,2,4,4.6364
France_Ligue_1,2025-2026,Toulouse FC,2,5,7.4848
France_Ligue_1,2025-2026,Toulouse FC,2,6,4.4848
France_Ligue_1,2025-2026,Toulouse FC,2,7,4.3636
France_Ligue_1,2025-2026,Toulouse FC,3,0,7.3333
France_Ligue_1,2025-2026,Toulouse FC,3,1,7.8485
France_Ligue_1,2025-2026,Toulouse FC,3,2,12.0303
France_Ligue_1,2025-2026,Toulouse FC,3,3,9.5152
France_Ligue_1,2025-2026,Toulouse FC,3,4,9.1515
France_Ligue_1,2025-2026,Toulouse FC,3,5,11.0606
France_Ligue_1,2025-2026,Toulouse FC,3,6,8.1212
France_Ligue_1,2025-2026,Toulouse FC,3,7,7.0
France_Ligue_1,2025-2026,Toulouse FC,4,0,10.0303
France_Ligue_1,2025-2026,Toulouse FC,4,1,10.6667
France_Ligue_1,2025-2026,Toulouse FC,4,2,13.4545
France_Ligue_1,2025-2026,Toulouse FC,4,3,9.6667
France_Ligue_1,2025-2026,Toulouse FC,4,4,7.9091
France_Ligue_1,2025-2026,Toulouse FC,4,5,13.3939
France_Ligue_1,2025-2026,Toulouse FC,4,6,9.5758
France_Ligue_1,2025-2026,Toulouse FC,4,7,7.7273
France_Ligue_1,2025-2026,Toulouse FC,5,0,8.1212
France_Ligue_1,2025-2026,Toulouse FC,5,1,8.9091
France_Ligue_1,2025-2026,Toulouse FC,5,2,10.0
France_Ligue_1,2025-2026,Toulouse FC,5,3,7.6364
France_Ligue_1,2025-2026,Toulouse FC,5,4,7.1818
France_Ligue_1,2025-2026,Toulouse FC,5,5,10.0909
France_Ligue_1,2025-2026,Toulouse FC,5,6,7.4848
France_Ligue_1,2025-2026,Toulouse FC,5,7,5.3939
France_Ligue_1,2025-2026,Toulouse FC,6,0,9.4848
France_Ligue_1,2025-2026,Toulouse FC,6,1,7.5758
France_Ligue_1,2025-2026,Toulouse FC,6,2,8.9091
France_Ligue_1,2025-2026,Toulouse FC,6,3,6.9394
France_Ligue_1,2025-2026,Toulouse FC,6,4,7.1515
France_Ligue_1,2025-2026,Toulouse FC,6,5,9.3939
France_Ligue_1,2025-2026,Toulouse FC,6,6,7.0303
France_Ligue_1,2025-2026,Toulouse FC,6,7,7.0
France_Ligue_1,2025-2026,Toulouse FC,7,0,11.303
France_Ligue_1,2025-2026,Toulouse FC,7,1,11.1515
France_Ligue_1,2025-2026,Toulouse FC,7,2,11.303
France_Ligue_1,2025-2026,Toulouse FC,7,3,5.303
France_Ligue_1,2025-2026,Toulouse FC,7,4,4.9394
France_Ligue_1,2025-2026,Toulouse FC,7,5,9.9394
France_Ligue_1,2025-2026,Toulouse FC,7,6,8.2121
France_Ligue_1,2025-2026,Toulouse FC,7,7,8.8182
France_Ligue_1,2025-2026,Toulouse FC,8,0,9.6364
France_Ligue_1,2025-2026,Toulouse FC,8,1,7.697
France_Ligue_1,2025-2026,Toulouse FC,8,2,7.8485
France_Ligue_1,2025-2026,Toulouse FC,8,3,5.9091
France_Ligue_1,2025-2026,Toulouse FC,8,4,5.4848
France_Ligue_1,2025-2026,Toulouse FC,8,5,8.6364
France_Ligue_1,2025-2026,Toulouse FC,8,6,7.8485
France_Ligue_1,2025-2026,Toulouse FC,8,7,7.6061
France_Ligue_1,2025-2026,Toulouse FC,9,0,5.4242
France_Ligue_1,2025-2026,Toulouse FC,9,1,3.697
France_Ligue_1,2025-2026,Toulouse FC,9,2,3.6364
France_Ligue_1,2025-2026,Toulouse FC,9,3,2.6667
France_Ligue_1,2025-2026,Toulouse FC,9,4,3.5455
France_Ligue_1,2025-2026,Toulouse FC,9,5,5.303
France_Ligue_1,2025-2026,Toulouse FC,9,6,4.4242
France_Ligue_1,2025-2026,Toulouse FC,9,7,4.6667
France_Ligue_1,2025-2026,Toulouse FC,10,0,4.3636
France_Ligue_1,2025-2026,Toulouse FC,10,1,3.697
France_Ligue_1,2025-2026,Toulouse FC,10,2,3.5152
France_Ligue_1,2025-2026,Toulouse FC,10,3,4.7273
France_Ligue_1,2025-2026,Toulouse FC,10,4,4.5455
France_Ligue_1,2025-2026,Toulouse FC,10,5,4.4545
France_Ligue_1,2025-2026,Toulouse FC,10,6,3.303
France_Ligue_1,2025-2026,Toulouse FC,10,7,3.5758
France_Ligue_1,2025-2026,Toulouse FC,11,0,3.3636
France_Ligue_1,2025-2026,Toulouse FC,11,1,2.0
France_Ligue_1,2025-2026,Toulouse FC,11,2,2.1212
France_Ligue_1,2025-2026,Toulouse FC,11,3,2.7576
France_Ligue_1,2025-2026,Toulouse FC,11,4,2.4545
France_Ligue_1,2025-2026,Toulouse FC,11,5,1.7576
France_Ligue_1,2025-2026,Toulouse FC,11,6,2.0
France_Ligue_1,2025-2026,Toulouse FC,11,7,2.9394
Portugal_Primeira_Liga,2025-2026,AVS Futebol,0,0,1.5882
Portugal_Primeira_Liga,2025-2026,AVS Futebol,0,1,1.6765
Portugal_Primeira_Liga,2025-2026,AVS Futebol,0,2,3.6176
Portugal_Primeira_Liga,2025-2026,AVS Futebol,0,3,15.7647
Portugal_Primeira_Liga,2025-2026,AVS Futebol,0,4,13.8235
Portugal_Primeira_Liga,2025-2026,AVS Futebol,0,5,3.6176
Portugal_Primeira_Liga,2025-2026,AVS Futebol,0,6,2.2353
Portugal_Primeira_Liga,2025-2026,AVS Futebol,0,7,1.5
Portugal_Primeira_Liga,2025-2026,AVS Futebol,1,0,4.1471
Portugal_Primeira_Liga,2025-2026,AVS Futebol,1,1,4.1471
Portugal_Primeira_Liga,2025-2026,AVS Futebol,1,2,7.1765
Portugal_Primeira_Liga,2025-2026,AVS Futebol,1,3,12.7059
Portugal_Primeira_Liga,2025-2026,AVS Futebol,1,4,13.0
Portugal_Primeira_Liga,2025-2026,AVS Futebol,1,5,6.2353
Portugal_Primeira_Liga,2025-2026,AVS Futebol,1,6,4.6471
Portugal_Primeira_Liga,2025-2026,AVS Futebol,1,7,3.8235
Portugal_Primeira_Liga,2025-2026,AVS Futebol,2,0,5.2059
Portugal_Primeira_Liga,2025-2026,AVS Futebol,2,1,6.2353
Portugal_Primeira_Liga,2025-2026,AVS Futebol,2,2,6.7647
Portugal_Primeira_Liga,2025-2026,AVS Futebol,2,3,6.0588
Portugal_Primeira_Liga,2025-2026,AVS Futebol,2,4,6.2353
Portugal_Primeira_Liga,2025-2026,AVS Futebol,2,5,7.2353
Portugal_Primeira_Liga,2025-2026,AVS Futebol,2,6,6.4118
Portugal_Primeira_Liga,2025-2026,AVS Futebol,2,7,5.5294
Portugal_Primeira_Liga,2025-2026,AVS Futebol,3,0,8.2353
Portugal_Primeira_Liga,2025-2026,AVS Futebol,3,1,8.7647
Portugal_Primeira_Liga,2025-2026,AVS Futebol,3,2,10.3529
Portugal_Primeira_Liga,2025-2026,AVS Futebol,3,3,8.5294
Portugal_Primeira_Liga,2025-2026,AVS Futebol,3,4,8.5
Portugal_Primeira_Liga,2025-2026,AVS Futebol,3,5,10.3529
Portugal_Primeira_Liga,2025-2026,AVS Futebol,3,6,8.4412
Portugal_Primeira_Liga,2025-2026,AVS Futebol,3,7,7.4118
Portugal_Primeira_Liga,2025-2026,AVS Futebol,4,0,9.3824
Portugal_Primeira_Liga,2025-2026,AVS Futebol,4,1,7.9412
Portugal_Primeira_Liga,2025-2026,AVS Futebol,4,2,10.3529
Portugal_Primeira_Liga,2025-2026,AVS Futebol,4,3,6.2059
Portugal_Primeira_Liga,2025-2026,AVS Futebol,4,4,7.4706
Portugal_Primeira_Liga,2025-2026,AVS Futebol,4,5,10.2647
Portugal_Primeira_Liga,2025-2026,AVS Futebol,4,6,8.7059
Portugal_Primeira_Liga,2025-2026,AVS Futebol,4,7,7.7353
Portugal_Primeira_Liga,2025-2026,AVS Futebol,5,0,5.9706
Portugal_Primeira_Liga,2025-2026,AVS Futebol,5,1,5.4706
Portugal_Primeira_Liga,2025-2026,AVS Futebol,5,2,7.9706
Portugal_Primeira_Liga,2025-2026,AVS Futebol,5,3,5.8235
Portugal_Primeira_Liga,2025-2026,AVS Futebol,5,4,6.0294
Portugal_Primeira_Liga,2025-2026,AVS Futebol,5,5,7.0882
Portugal_Primeira_Liga,2025-2026,AVS Futebol,5,6,6.0
Portugal_Primeira_Liga,2025-2026,AVS Futebol,5,7,6.7059
Portugal_Primeira_Liga,2025-2026,AVS Futebol,6,0,6.2353
Portugal_Primeira_Liga,2025-2026,AVS Futebol,6,1,5.4118
Portugal_Primeira_Liga,2025-2026,AVS Futebol,6,2,6.0
Portugal_Primeira_Liga,2025-2026,AVS Futebol,6,3,5.9412
Portugal_Primeira_Liga,2025-2026,AVS Futebol,6,4,5.5
Portugal_Primeira_Liga,2025-2026,AVS Futebol,6,5,6.5
Portugal_Primeira_Liga,2025-2026,AVS Futebol,6,6,6.1765
Portugal_Primeira_Liga,2025-2026,AVS Futebol,6,7,7.3235
Portugal_Primeira_Liga,2025-2026,AVS Futebol,7,0,9.1176
Portugal_Primeira_Liga,2025-2026,AVS Futebol,7,1,6.3824
Portugal_Primeira_Liga,2025-2026,AVS Futebol,7,2,6.2647
Portugal_Primeira_Liga,2025-2026,AVS Futebol,7,3,4.6176
Portugal_Primeira_Liga,2025-2026,AVS Futebol,7,4,3.6471
Portugal_Primeira_Liga,2025-2026,AVS Futebol,7,5,6.3529
Portugal_Primeira_Liga,2025-2026,AVS Futebol,7,6,7.2059
Portugal_Primeira_Liga,2025-2026,AVS Futebol,7,7,8.5882
Portugal_Primeira_Liga,2025-2026,AVS Futebol,8,0,7.6765
Portugal_Primeira_Liga,2025-2026,AVS Futebol,8,1,6.2941
Portugal_Primeira_Liga,2025-2026,AVS Futebol,8,2,5.4706
Portugal_Primeira_Liga,2025-2026,AVS Futebol,8,3,4.1471
Portugal_Primeira_Liga,2025-2026,AVS Futebol,8,4,5.0588
Portugal_Primeira_Liga,2025-2026,AVS Futebol,8,5,5.1176
Portugal_Primeira_Liga,2025-2026,AVS Futebol,8,6,6.0882
Portugal_Primeira_Liga,2025-2026,AVS Futebol,8,7,6.5294
Portugal_Primeira_Liga,2025-2026,AVS Futebol,9,0,5.6176
Portugal_Primeira_Liga,2025-2026,AVS Futebol,9,1,3.5588
Portugal_Primeira_Liga,2025-2026,AVS Futebol,9,2,3.7647
Portugal_Primeira_Liga,2025-2026,AVS Futebol,9,3,3.0294
Portugal_Primeira_Liga,2025-2026,AVS Futebol,9,4,2.2353
Portugal_Primeira_Liga,2025-2026,AVS Futebol,9,5,3.2647
Portugal_Primeira_Liga,2025-2026,AVS Futebol,9,6,3.1176
Portugal_Primeira_Liga,2025-2026,AVS Futebol,9,7,4.9706
Portugal_Primeira_Liga,2025-2026,AVS Futebol,10,0,3.9412
Portugal_Primeira_Liga,2025-2026,AVS Futebol,10,1,2.0
Portugal_Primeira_Liga,2025-2026,AVS Futebol,10,2,2.6765
Portugal_Primeira_Liga,2025-2026,AVS Futebol,10,3,3.0882
Portugal_Primeira_Liga,2025-2026,AVS Futebol,10,4,3.9412
Portugal_Primeira_Liga,2025-2026,AVS Futebol,10,5,3.0882
Portugal_Primeira_Liga,2025-2026,AVS Futebol,10,6,2.6176
Portugal_Primeira_Liga,2025-2026,AVS Futebol,10,7,3.6471
Portugal_Primeira_Liga,2025-2026,AVS Futebol,11,0,3.8235
Portugal_Primeira_Liga,2025-2026,AVS Futebol,11,1,1.9706
Portugal_Primeira_Liga,2025-2026,AVS Futebol,11,2,1.2941
Portugal_Primeira_Liga,2025-2026,AVS Futebol,11,3,1.2941
Portugal_Primeira_Liga,2025-2026,AVS Futebol,11,4,1.2941
Portugal_Primeira_Liga,2025-2026,AVS Futebol,11,5,1.3529
Portugal_Primeira_Liga,2025-2026,AVS Futebol,11,6,1.3529
Portugal_Primeira_Liga,2025-2026,AVS Futebol,11,7,3.3235
Portugal_Primeira_Liga,2025-2026,CD Tondela,0,0,1.2647
Portugal_Primeira_Liga,2025-2026,CD Tondela,0,1,1.8235
Portugal_Primeira_Liga,2025-2026,CD Tondela,0,2,3.4118
Portugal_Primeira_Liga,2025-2026,CD Tondela,0,3,14.4412
Portugal_Primeira_Liga,2025-2026,CD Tondela,0,4,13.7353
Portugal_Primeira_Liga,2025-2026,CD Tondela,0,5,3.4706
Portugal_Primeira_Liga,2025-2026,CD Tondela,0,6,1.7059
Portugal_Primeira_Liga,2025-2026,CD Tondela,0,7,2.1176
Portugal_Primeira_Liga,2025-2026,CD Tondela,1,0,4.5294
Portugal_Primeira_Liga,2025-2026,CD Tondela,1,1,5.2941
Portugal_Primeira_Liga,2025-2026,CD Tondela,1,2,6.5294
Portugal_Primeira_Liga,2025-2026,CD Tondela,1,3,11.7353
Portugal_Primeira_Liga,2025-2026,CD Tondela,1,4,11.4412
Portugal_Primeira_Liga,2025-2026,CD Tondela,1,5,7.1176
Portugal_Primeira_Liga,2025-2026,CD Tondela,1,6,4.6176
Portugal_Primeira_Liga,2025-2026,CD Tondela,1,7,3.8824
Portugal_Primeira_Liga,2025-2026,CD Tondela,2,0,5.0588
Portugal_Primeira_Liga,2025-2026,CD Tondela,2,1,4.6471
Portugal_Primeira_Liga,2025-2026,CD Tondela,2,2,6.9412
Portugal_Primeira_Liga,2025-2026,CD Tondela,2,3,6.0588
Portugal_Primeira_Liga,2025-2026,CD Tondela,2,4,5.5294
Portugal_Primeira_Liga,2025-2026,CD Tondela,2,5,6.7059
Portugal_Primeira_Liga,2025-2026,CD Tondela,2,6,5.7059
Portugal_Primeira_Liga,2025-2026,CD Tondela,2,7,6.5588
Portugal_Primeira_Liga,2025-2026,CD Tondela,3,0,7.2059
Portugal_Primeira_Liga,2025-2026,CD Tondela,3,1,8.9706
Portugal_Primeira_Liga,2025-2026,CD Tondela,3,2,10.4412
Portugal_Primeira_Liga,2025-2026,CD Tondela,3,3,9.4706
Portugal_Primeira_Liga,2025-2026,CD Tondela,3,4,9.4412
Portugal_Primeira_Liga,2025-2026,CD Tondela,3,5,10.2647
Portugal_Primeira_Liga,2025-2026,CD Tondela,3,6,8.9706
Portugal_Primeira_Liga,2025-2026,CD Tondela,3,7,8.8235
Portugal_Primeira_Liga,2025-2026,CD Tondela,4,0,8.0882
Portugal_Primeira_Liga,2025-2026,CD Tondela,4,1,8.4412
Portugal_Primeira_Liga,2025-2026,CD Tondela,4,2,10.9706
Portugal_Primeira_Liga,2025-2026,CD Tondela,4,3,7.5294
Portugal_Primeira_Liga,2025-2026,CD Tondela,4,4,6.8529
Portugal_Primeira_Liga,2025-2026,CD Tondela,4,5,9.5588
Portugal_Primeira_Liga,2025-2026,CD Tondela,4,6,9.5294
Portugal_Primeira_Liga,2025-2026,CD Tondela,4,7,9.6471
Portugal_Primeira_Liga,2025-2026,CD Tondela,5,0,6.3235
Portugal_Primeira_Liga,2025-2026,CD Tondela,5,1,6.8824
Portugal_Primeira_Liga,2025-2026,CD Tondela,5,2,7.3529
Portugal_Primeira_Liga,2025-2026,CD Tondela,5,3,6.9706
Portugal_Primeira_Liga,2025-2026,CD Tondela,5,4,6.7353
Portugal_Primeira_Liga,2025-2026,CD Tondela,5,5,7.3235
Portugal_Primeira_Liga,2025-2026,CD Tondela,5,6,5.8824
Portugal_Primeira_Liga,2025-2026,CD Tondela,5,7,5.9706
Portugal_Primeira_Liga,2025-2026,CD Tondela,6,0,7.2941
Portugal_Primeira_Liga,2025-2026,CD Tondela,6,1,6.0
Portugal_Primeira_Liga,2025-2026,CD Tondela,6,2,6.3235
Portugal_Primeira_Liga,2025-2026,CD Tondela,6,3,6.5294
Portugal_Primeira_Liga,2025-2026,CD Tondela,6,4,5.5588
Portugal_Primeira_Liga,2025-2026,CD Tondela,6,5,6.9118
Portugal_Primeira_Liga,2025-2026,CD Tondela,6,6,7.0
Portugal_Primeira_Liga,2025-2026,CD Tondela,6,7,7.2059
Portugal_Primeira_Liga,2025-2026,CD Tondela,7,0,10.6471
Portugal_Primeira_Liga,2025-2026,CD Tondela,7,1,7.9412
Portugal_Primeira_Liga,2025-2026,CD Tondela,7,2,7.8235
Portugal_Primeira_Liga,2025-2026,CD Tondela,7,3,4.2059
Portugal_Primeira_Liga,2025-2026,CD Tondela,7,4,4.6176
Portugal_Primeira_Liga,2025-2026,CD Tondela,7,5,7.2353
Portugal_Primeira_Liga,2025-2026,CD Tondela,7,6,8.7941
Portugal_Primeira_Liga,2025-2026,CD Tondela,7,7,9.7059
Portugal_Primeira_Liga,2025-2026,CD Tondela,8,0,9.8235
Portugal_Primeira_Liga,2025-2026,CD Tondela,8,1,7.4706
Portugal_Primeira_Liga,2025-2026,CD Tondela,8,2,6.0588
Portugal_Primeira_Liga,2025-2026,CD Tondela,8,3,4.2353
Portugal_Primeira_Liga,2025-2026,CD Tondela,8,4,4.0588
Portugal_Primeira_Liga,2025-2026,CD Tondela,8,5,6.7059
Portugal_Primeira_Liga,2025-2026,CD Tondela,8,6,8.2059
Portugal_Primeira_Liga,2025-2026,CD Tondela,8,7,9.4706
Portugal_Primeira_Liga,2025-2026,CD Tondela,9,0,6.6471
Portugal_Primeira_Liga,2025-2026,CD Tondela,9,1,3.6176
Portugal_Primeira_Liga,2025-2026,CD Tondela,9,2,3.1471
Portugal_Primeira_Liga,2025-2026,CD Tondela,9,3,2.1471
Portugal_Primeira_Liga,2025-2026,CD Tondela,9,4,1.9118
Portugal_Primeira_Liga,2025-2026,CD Tondela,9,5,3.0
Portugal_Primeira_Liga,2025-2026,CD Tondela,9,6,3.7941
Portugal_Primeira_Liga,2025-2026,CD Tondela,9,7,6.0588
Portugal_Primeira_Liga,2025-2026,CD Tondela,10,0,4.5
Portugal_Primeira_Liga,2025-2026,CD Tondela,10,1,2.5
Portugal_Primeira_Liga,2025-2026,CD Tondela,10,2,2.4118
Portugal_Primeira_Liga,2025-2026,CD Tondela,10,3,2.3824
Portugal_Primeira_Liga,2025-2026,CD Tondela,10,4,4.3235
Portugal_Primeira_Liga,2025-2026,CD Tondela,10,5,2.6176
Portugal_Primeira_Liga,2025-2026,CD Tondela,10,6,3.0882
Portugal_Primeira_Liga,2025-2026,CD Tondela,10,7,4.4412
Portugal_Primeira_Liga,2025-2026,CD Tondela,11,0,3.3529
Portugal_Primeira_Liga,2025-2026,CD Tondela,11,1,1.8529
Portugal_Primeira_Liga,2025-2026,CD Tondela,11,2,1.9118
Portugal_Primeira_Liga,2025-2026,CD Tondela,11,3,1.7059
Portugal_Primeira_Liga,2025-2026,CD Tondela,11,4,1.7353
Portugal_Primeira_Liga,2025-2026,CD Tondela,11,5,1.6471
Portugal_Primeira_Liga,2025-2026,CD Tondela,11,6,1.7353
Portugal_Primeira_Liga,2025-2026,CD Tondela,11,7,3.9118
Portugal_Primeira_Liga,2025-2026,FC Arouca,0,0,1.4412
Portugal_Primeira_Liga,2025-2026,FC Arouca,0,1,1.5882
Portugal_Primeira_Liga,2025-2026,FC Arouca,0,2,3.6176
Portugal_Primeira_Liga,2025-2026,FC Arouca,0,3,14.9412
Portugal_Primeira_Liga,2025-2026,FC Arouca,0,4,14.2059
Portugal_Primeira_Liga,2025-2026,FC Arouca,0,5,3.4118
Portugal_Primeira_Liga,2025-2026,FC Arouca,0,6,2.1765
Portugal_Primeira_Liga,2025-2026,FC Arouca,0,7,1.4412
Portugal_Primeira_Liga,2025-2026,FC Arouca,1,0,4.2059
Portugal_Primeira_Liga,2025-2026,FC Arouca,1,1,4.5
Portugal_Primeira_Liga,2025-2026,FC Arouca,1,2,6.9118
Portugal_Primeira_Liga,2025-2026,FC Arouca,1,3,14.5294
Portugal_Primeira_Liga,2025-2026,FC Arouca,1,4,11.7353
Portugal_Primeira_Liga,2025-2026,FC Arouca,1,5,6.3529
Portugal_Primeira_Liga,2025-2026,FC Arouca,1,6,4.4706
Portugal_Primeira_Liga,2025-2026,FC Arouca,1,7,2.9118
Portugal_Primeira_Liga,2025-2026,FC Arouca,2,0,5.7647
Portugal_Primeira_Liga,2025-2026,FC Arouca,2,1,6.5882
Portugal_Primeira_Liga,2025-2026,FC Arouca,2,2,7.9412
Portugal_Primeira_Liga,2025-2026,FC Arouca,2,3,6.2059
Portugal_Primeira_Liga,2025-2026,FC Arouca,2,4,6.1471
Portugal_Primeira_Liga,2025-2026,FC Arouca,2,5,8.2647
Portugal_Primeira_Liga,2025-2026,FC Arouca,2,6,6.4412
Portugal_Primeira_Liga,2025-2026,FC Arouca,2,7,5.2353
Portugal_Primeira_Liga,2025-2026,FC Arouca,3,0,8.7941
Portugal_Primeira_Liga,2025-2026,FC Arouca,3,1,9.8824
Portugal_Primeira_Liga,2025-2026,FC Arouca,3,2,11.6765
Portugal_Primeira_Liga,2025-2026,FC Arouca,3,3,10.0882
Portugal_Primeira_Liga,2025-2026,FC Arouca,3,4,12.6176
Portugal_Primeira_Liga,2025-2026,FC Arouca,3,5,13.7647
Portugal_Primeira_Liga,2025-2026,FC Arouca,3,6,9.8529
Portugal_Primeira_Liga,2025-2026,FC Arouca,3,7,7.8235
Portugal_Primeira_Liga,2025-2026,FC Arouca,4,0,9.5
Portugal_Primeira_Liga,2025-2026,FC Arouca,4,1,10.3824
Portugal_Primeira_Liga,2025-2026,FC Arouca,4,2,14.2941
Portugal_Primeira_Liga,2025-2026,FC Arouca,4,3,10.0882
Portugal_Primeira_Liga,2025-2026,FC Arouca,4,4,9.5882
Portugal_Primeira_Liga,2025-2026,FC Arouca,4,5,14.3529
Portugal_Primeira_Liga,2025-2026,FC Arouca,4,6,10.6176
Portugal_Primeira_Liga,2025-2026,FC Arouca,4,7,9.0
Portugal_Primeira_Liga,2025-2026,FC Arouca,5,0,7.1765
Portugal_Primeira_Liga,2025-2026,FC Arouca,5,1,7.1176
Portugal_Primeira_Liga,2025-2026,FC Arouca,5,2,10.0294
Portugal_Primeira_Liga,2025-2026,FC Arouca,5,3,8.2941
Portugal_Primeira_Liga,2025-2026,FC Arouca,5,4,10.0
Portugal_Primeira_Liga,2025-2026,FC Arouca,5,5,10.7647
Portugal_Primeira_Liga,2025-2026,FC Arouca,5,6,7.9706
Portugal_Primeira_Liga,2025-2026,FC Arouca,5,7,7.2941
Portugal_Primeira_Liga,2025-2026,FC Arouca,6,0,8.1471
Portugal_Primeira_Liga,2025-2026,FC Arouca,6,1,7.6471
Portugal_Primeira_Liga,2025-2026,FC Arouca,6,2,8.0294
Portugal_Primeira_Liga,2025-2026,FC Arouca,6,3,7.5
Portugal_Primeira_Liga,2025-2026,FC Arouca,6,4,7.2647
Portugal_Primeira_Liga,2025-2026,FC Arouca,6,5,9.3529
Portugal_Primeira_Liga,2025-2026,FC Arouca,6,6,8.5294
Portugal_Primeira_Liga,2025-2026,FC Arouca,6,7,7.6471
Portugal_Primeira_Liga,2025-2026,FC Arouca,7,0,10.0588
Portugal_Primeira_Liga,2025-2026,FC Arouca,7,1,8.9412
Portugal_Primeira_Liga,2025-2026,FC Arouca,7,2,8.8824
Portugal_Primeira_Liga,2025-2026,FC Arouca,7,3,5.9412
Portugal_Primeira_Liga,2025-2026,FC Arouca,7,4,4.5588
Portugal_Primeira_Liga,2025-2026,FC Arouca,7,5,8.8824
Portugal_Primeira_Liga,2025-2026,FC Arouca,7,6,9.2647
Portugal_Primeira_Liga,2025-2026,FC Arouca,7,7,10.3529
Portugal_Primeira_Liga,2025-2026,FC Arouca,8,0,8.3529
Portugal_Primeira_Liga,2025-2026,FC Arouca,8,1,7.0882
Portugal_Primeira_Liga,2025-2026,FC Arouca,8,2,5.9118
Portugal_Primeira_Liga,2025-2026,FC Arouca,8,3,4.7353
Portugal_Primeira_Liga,2025-2026,FC Arouca,8,4,5.0588
Portugal_Primeira_Liga,2025-2026,FC Arouca,8,5,5.5882
Portugal_Primeira_Liga,2025-2026,FC Arouca,8,6,7.7059
Portugal_Primeira_Liga,2025-2026,FC Arouca,8,7,8.3235
Portugal_Primeira_Liga,2025-2026,FC Arouca,9,0,5.8824
Portugal_Primeira_Liga,2025-2026,FC Arouca,9,1,2.7647
Portugal_Primeira_Liga,2025-2026,FC Arouca,9,2,2.4412
Portugal_Primeira_Liga,2025-2026,FC Arouca,9,3,2.0
Portugal_Primeira_Liga,2025-2026,FC Arouca,9,4,2.1471
Portugal_Primeira_Liga,2025-2026,FC Arouca,9,5,3.4412
Portugal_Primeira_Liga,2025-2026,FC Arouca,9,6,3.7647
Portugal_Primeira_Liga,2025-2026,FC Arouca,9,7,6.2059
Portugal_Primeira_Liga,2025-2026,FC Arouca,10,0,4.8824
Portugal_Primeira_Liga,2025-2026,FC Arouca,10,1,1.6471
Portugal_Primeira_Liga,2025-2026,FC Arouca,10,2,2.0882
Portugal_Primeira_Liga,2025-2026,FC Arouca,10,3,3.3529
Portugal_Primeira_Liga,2025-2026,FC Arouca,10,4,3.7059
Portugal_Primeira_Liga,2025-2026,FC Arouca,10,5,1.7941
Portugal_Primeira_Liga,2025-2026,FC Arouca,10,6,2.3235
Portugal_Primeira_Liga,2025-2026,FC Arouca,10,7,3.8235
Portugal_Primeira_Liga,2025-2026,FC Arouca,11,0,3.6176
Portugal_Primeira_Liga,2025-2026,FC Arouca,11,1,1.4706
Portugal_Primeira_Liga,2025-2026,FC Arouca,11,2,0.9118
Portugal_Primeira_Liga,2025-2026,FC Arouca,11,3,1.7059
Portugal_Primeira_Liga,2025-2026,FC Arouca,11,4,1.4118
Portugal_Primeira_Liga,2025-2026,FC Arouca,11,5,1.1471
Portugal_Primeira_Liga,2025-2026,FC Arouca,11,6,1.5294
Portugal_Primeira_Liga,2025-2026,FC Arouca,11,7,3.7353
Portugal_Primeira_Liga,2025-2026,Moreirense FC,0,0,1.7941
Portugal_Primeira_Liga,2025-2026,Moreirense FC,0,1,2.4412
Portugal_Primeira_Liga,2025-2026,Moreirense FC,0,2,4.7059
Portugal_Primeira_Liga,2025-2026,Moreirense FC,0,3,15.1765
Portugal_Primeira_Liga,2025-2026,Moreirense FC,0,4,17.2059
Portugal_Primeira_Liga,2025-2026,Moreirense FC,0,5,4.0882
Portugal_Primeira_Liga,2025-2026,Moreirense FC,0,6,2.5294
Portugal_Primeira_Liga,2025-2026,Moreirense FC,0,7,2.3824
Portugal_Primeira_Liga,2025-2026,Moreirense FC,1,0,4.8529
Portugal_Primeira_Liga,2025-2026,Moreirense FC,1,1,4.3235
Portugal_Primeira_Liga,2025-2026,Moreirense FC,1,2,9.6765
Portugal_Primeira_Liga,2025-2026,Moreirense FC,1,3,12.2941
Portugal_Primeira_Liga,2025-2026,Moreirense FC,1,4,11.2059
Portugal_Primeira_Liga,2025-2026,Moreirense FC,1,5,7.3824
Portugal_Primeira_Liga,2025-2026,Moreirense FC,1,6,4.3824
Portugal_Primeira_Liga,2025-2026,Moreirense FC,1,7,5.2941
Portugal_Primeira_Liga,2025-2026,Moreirense FC,2,0,6.0882
Portugal_Primeira_Liga,2025-2026,Moreirense FC,2,1,5.8824
Portugal_Primeira_Liga,2025-2026,Moreirense FC,2,2,10.0588
Portugal_Primeira_Liga,2025-2026,Moreirense FC,2,3,6.4412
Portugal_Primeira_Liga,2025-2026,Moreirense FC,2,4,8.0294
Portugal_Primeira_Liga,2025-2026,Moreirense FC,2,5,11.3529
Portugal_Primeira_Liga,2025-2026,Moreirense FC,2,6,7.6765
Portugal_Primeira_Liga,2025-2026,Moreirense FC,2,7,6.3824
Portugal_Primeira_Liga,2025-2026,Moreirense FC,3,0,11.0882
Portugal_Primeira_Liga,2025-2026,Moreirense FC,3,1,10.6471
Portugal_Primeira_Liga,2025-2026,Moreirense FC,3,2,15.6176
Portugal_Primeira_Liga,2025-2026,Moreirense FC,3,3,13.2647
Portugal_Primeira_Liga,2025-2026,Moreirense FC,3,4,14.4118
Portugal_Primeira_Liga,2025-2026,Moreirense FC,3,5,17.5588
Portugal_Primeira_Liga,2025-2026,Moreirense FC,3,6,11.4706
Portugal_Primeira_Liga,2025-2026,Moreirense FC,3,7,10.9706
Portugal_Primeira_Liga,2025-2026,Moreirense FC,4,0,10.6765
Portugal_Primeira_Liga,2025-2026,Moreirense FC,4,1,10.6471
Portugal_Primeira_Liga,2025-2026,Moreirense FC,4,2,13.3235
Portugal_Primeira_Liga,2025-2026,Moreirense FC,4,3,8.5588
Portugal_Primeira_Liga,2025-2026,Moreirense FC,4,4,10.3824
Portugal_Primeira_Liga,2025-2026,Moreirense FC,4,5,14.5294
Portugal_Primeira_Liga,2025-2026,Moreirense FC,4,6,10.4118
Portugal_Primeira_Liga,2025-2026,Moreirense FC,4,7,10.3529
Portugal_Primeira_Liga,2025-2026,Moreirense FC,5,0,6.4118
Portugal_Primeira_Liga,2025-2026,Moreirense FC,5,1,6.9706
Portugal_Primeira_Liga,2025-2026,Moreirense FC,5,2,9.3235
Portugal_Primeira_Liga,2025-2026,Moreirense FC,5,3,8.7059
Portugal_Primeira_Liga,2025-2026,Moreirense FC,5,4,8.9412
Portugal_Primeira_Liga,2025-2026,Moreirense FC,5,5,10.4706
Portugal_Primeira_Liga,2025-2026,Moreirense FC,5,6,7.2647
Portugal_Primeira_Liga,2025-2026,Moreirense FC,5,7,6.5
Portugal_Primeira_Liga,2025-2026,Moreirense FC,6,0,7.5882
Portugal_Primeira_Liga,2025-2026,Moreirense FC,6,1,5.8529
Portugal_Primeira_Liga,2025-2026,Moreirense FC,6,2,6.8235
Portugal_Primeira_Liga,2025-2026,Moreirense FC,6,3,7.2353
Portugal_Primeira_Liga,2025-2026,Moreirense FC,6,4,7.6471
Portugal_Primeira_Liga,2025-2026,Moreirense FC,6,5,8.5588
Portugal_Primeira_Liga,2025-2026,Moreirense FC,6,6,7.2353
Portugal_Primeira_Liga,2025-2026,Moreirense FC,6,7,6.9412
Portugal_Primeira_Liga,2025-2026,Moreirense FC,7,0,9.7059
Portugal_Primeira_Liga,2025-2026,Moreirense FC,7,1,8.4412
Portugal_Primeira_Liga,2025-2026,Moreirense FC,7,2,7.4706
Portugal_Primeira_Liga,2025-2026,Moreirense FC,7,3,3.8824
Portugal_Primeira_Liga,2025-2026,Moreirense FC,7,4,4.4118
Portugal_Primeira_Liga,2025-2026,Moreirense FC,7,5,7.0882
Portugal_Primeira_Liga,2025-2026,Moreirense FC,7,6,8.2647
Portugal_Primeira_Liga,2025-2026,Moreirense FC,7,7,9.3235
Portugal_Primeira_Liga,2025-2026,Moreirense FC,8,0,8.8235
Portugal_Primeira_Liga,2025-2026,Moreirense FC,8,1,6.8824
Portugal_Primeira_Liga,2025-2026,Moreirense FC,8,2,5.0294
Portugal_Primeira_Liga,2025-2026,Moreirense FC,8,3,4.2647
Portugal_Primeira_Liga,2025-2026,Moreirense FC,8,4,4.2647
Portugal_Primeira_Liga,2025-2026,Moreirense FC,8,5,5.9412
Portugal_Primeira_Liga,2025-2026,Moreirense FC,8,6,7.0
Portugal_Primeira_Liga,2025-2026,Moreirense FC,8,7,8.2647
Portugal_Primeira_Liga,2025-2026,Moreirense FC,9,0,5.5588
Portugal_Primeira_Liga,2025-2026,Moreirense FC,9,1,3.6765
Portugal_Primeira_Liga,2025-2026,Moreirense FC,9,2,2.6176
Portugal_Primeira_Liga,2025-2026,Moreirense FC,9,3,1.4706
Portugal_Primeira_Liga,2025-2026,Moreirense FC,9,4,1.7353
Portugal_Primeira_Liga,2025-2026,Moreirense FC,9,5,3.3235
Portugal_Primeira_Liga,2025-2026,Moreirense FC,9,6,4.0294
Portugal_Primeira_Liga,2025-2026,Moreirense FC,9,7,5.2353
Portugal_Primeira_Liga,2025-2026,Moreirense FC,10,0,3.2647
Portugal_Primeira_Liga,2025-2026,Moreirense FC,10,1,2.7353
Portugal_Primeira_Liga,2025-2026,Moreirense FC,10,2,2.2941
Portugal_Primeira_Liga,2025-2026,Moreirense FC,10,3,1.8824
Portugal_Primeira_Liga,2025-2026,Moreirense FC,10,4,2.3824
Portugal_Primeira_Liga,2025-2026,Moreirense FC,10,5,2.3235
Portugal_Primeira_Liga,2025-2026,Moreirense FC,10,6,3.2059
Portugal_Primeira_Liga,2025-2026,Moreirense FC,10,7,3.5588
Portugal_Primeira_Liga,2025-2026,Moreirense FC,11,0,3.5882
Portugal_Primeira_Liga,2025-2026,Moreirense FC,11,1,1.7941
Portugal_Primeira_Liga,2025-2026,Moreirense FC,11,2,2.0
Portugal_Primeira_Liga,2025-2026,Moreirense FC,11,3,1.7941
Portugal_Primeira_Liga,2025-2026,Moreirense FC,11,4,1.4706
Portugal_Primeira_Liga,2025-2026,Moreirense FC,11,5,1.6176
Portugal_Primeira_Liga,2025-2026,Moreirense FC,11,6,1.8235
Portugal_Primeira_Liga,2025-2026,Moreirense FC,11,7,3.0294
Portugal_Primeira_Liga,2025-2026,Casa Pia AC,0,0,1.5588
Portugal_Primeira_Liga,2025-2026,Casa Pia AC,0,1,1.9118
Portugal_Primeira_Liga,2025-2026,Casa Pia AC,0,2,2.9412
Portugal_Primeira_Liga,2025-2026,Casa Pia AC,0,3,14.1765
Portugal_Primeira_Liga,2025-2026,Casa Pia AC,0,4,14.8824
Portugal_Primeira_Liga,2025-2026,Casa Pia AC,0,5,2.7941
Portugal_Primeira_Liga,2025-2026,Casa Pia AC,0,6,1.8235
Portugal_Primeira_Liga,2025-2026,Casa Pia AC,0,7,1.2941
Portugal_Primeira_Liga,2025-2026,Casa Pia AC,1,0,4.7353
Portugal_Primeira_Liga,2025-2026,Casa Pia AC,1,1,4.4412
Portugal_Primeira_Liga,2025-2026,Casa Pia AC,1,2,5.9412
Portugal_Primeira_Liga,2025-2026,Casa Pia AC,1,3,13.2941
Portugal_Primeira_Liga,2025-2026,Casa Pia AC,1,4,11.7647
Portugal_Primeira_Liga,2025-2026,Casa Pia AC,1,5,7.2647
Portugal_Primeira_Liga,2025-2026,Casa Pia AC,1,6,4.7647
Portugal_Primeira_Liga,2025-2026,Casa Pia AC,1,7,4.5588
Portugal_Primeira_Liga,2025-2026,Casa Pia AC,2,0,5.9412
Portugal_Primeira_Liga,2025-2026,Casa Pia AC,2,1,5.3235
Portugal_Primeira_Liga,2025-2026,Casa Pia AC,2,2,6.7941
Portugal_Primeira_Liga,2025-2026,Casa Pia AC,2,3,5.7059
Portugal_Primeira_Liga,2025-2026,Casa Pia AC,2,4,4.3235
Portugal_Primeira_Liga,2025-2026,Casa Pia AC,2,5,6.2353
Portugal_Primeira_Liga,2025-2026,Casa Pia AC,2,6,5.7941
Portugal_Primeira_Liga,2025-2026,Casa Pia AC,2,7,5.1176
Portugal_Primeira_Liga,2025-2026,Casa Pia AC,3,0,8.0294
Portugal_Primeira_Liga,2025-2026,Casa Pia AC,3,1,6.5
Portugal_Primeira_Liga,2025-2026,Casa Pia AC,3,2,8.2353
Portugal_Primeira_Liga,2025-2026,Casa Pia AC,3,3,9.5294
Portugal_Primeira_Liga,2025-2026,Casa Pia AC,3,4,8.7059
Portugal_Primeira_Liga,2025-2026,Casa Pia AC,3,5,9.9706
Portugal_Primeira_Liga,2025-2026,Casa Pia AC,3,6,11.1176
Portugal_Primeira_Liga,2025-2026,Casa Pia AC,3,7,8.4706
Portugal_Primeira_Liga,2025-2026,Casa Pia AC,4,0,8.0588
Portugal_Primeira_Liga,2025-2026,Casa Pia AC,4,1,8.4706
Portugal_Primeira_Liga,2025-2026,Casa Pia AC,4,2,9.2647
Portugal_Primeira_Liga,2025-2026,Casa Pia AC,4,3,6.5588
Portugal_Primeira_Liga,2025-2026,Casa Pia AC,4,4,6.6176
Portugal_Primeira_Liga,2025-2026,Casa Pia AC,4,5,10.0294
Portugal_Primeira_Liga,2025-2026,Casa Pia AC,4,6,8.3529
Portugal_Primeira_Liga,2025-2026,Casa Pia AC,4,7,9.0588
Portugal_Primeira_Liga,2025-2026,Casa Pia AC,5,0,6.4706
Portugal_Primeira_Liga,2025-2026,Casa Pia AC,5,1,5.7941
Portugal_Primeira_Liga,2025-2026,Casa Pia AC,5,2,7.4118
Portugal_Primeira_Liga,2025-2026,Casa Pia AC,5,3,6.2647
Portugal_Primeira_Liga,2025-2026,Casa Pia AC,5,4,7.4706
Portugal_Primeira_Liga,2025-2026,Casa Pia AC,5,5,6.6471
Portugal_Primeira_Liga,2025-2026,Casa Pia AC,5,6,4.8824
Portugal_Primeira_Liga,2025-2026,Casa Pia AC,5,7,5.2353
Portugal_Primeira_Liga,2025-2026,Casa Pia AC,6,0,7.3824
Portugal_Primeira_Liga,2025-2026,Casa Pia AC,6,1,5.7059
Portugal_Primeira_Liga,2025-2026,Casa Pia AC,6,2,5.9118
Portugal_Primeira_Liga,2025-2026,Casa Pia AC,6,3,5.3235
Portugal_Primeira_Liga,2025-2026,Casa Pia AC,6,4,6.4706
Portugal_Primeira_Liga,2025-2026,Casa Pia AC,6,5,5.6765
Portugal_Primeira_Liga,2025-2026,Casa Pia AC,6,6,5.2647
Portugal_Primeira_Liga,2025-2026,Casa Pia AC,6,7,6.6176
Portugal_Primeira_Liga,2025-2026,Casa Pia AC,7,0,8.4706
Portugal_Primeira_Liga,2025-2026,Casa Pia AC,7,1,5.5882
Portugal_Primeira_Liga,2025-2026,Casa Pia AC,7,2,6.6765
Portugal_Primeira_Liga,2025-2026,Casa Pia AC,7,3,4.1176
Portugal_Primeira_Liga,2025-2026,Casa Pia AC,7,4,4.7941
Portugal_Primeira_Liga,2025-2026,Casa Pia AC,7,5,7.2647
Portugal_Primeira_Liga,2025-2026,Casa Pia AC,7,6,6.8824
Portugal_Primeira_Liga,2025-2026,Casa Pia AC,7,7,8.8529
Portugal_Primeira_Liga,2025-2026,Casa Pia AC,8,0,7.6176
Portugal_Primeira_Liga,2025-2026,Casa Pia AC,8,1,6.1471
Portugal_Primeira_Liga,2025-2026,Casa Pia AC,8,2,4.5882
Portugal_Primeira_Liga,2025-2026,Casa Pia AC,8,3,4.6176
Portugal_Primeira_Liga,2025-2026,Casa Pia AC,8,4,4.1176
Portugal_Primeira_Liga,2025-2026,Casa Pia AC,8,5,4.4412
Portugal_Primeira_Liga,2025-2026,Casa Pia AC,8,6,5.3529
Portugal_Primeira_Liga,2025-2026,Casa Pia AC,8,7,8.1471
Portugal_Primeira_Liga,2025-2026,Casa Pia AC,9,0,4.2941
Portugal_Primeira_Liga,2025-2026,Casa Pia AC,9,1,2.7353
Portugal_Primeira_Liga,2025-2026,Casa Pia AC,9,2,3.0588
Portugal_Primeira_Liga,2025-2026,Casa Pia AC,9,3,1.4412
Portugal_Primeira_Liga,2025-2026,Casa Pia AC,9,4,2.2941
Portugal_Primeira_Liga,2025-2026,Casa Pia AC,9,5,3.0294
Portugal_Primeira_Liga,2025-2026,Casa Pia AC,9,6,3.7647
Portugal_Primeira_Liga,2025-2026,Casa Pia AC,9,7,5.7059
Portugal_Primeira_Liga,2025-2026,Casa Pia AC,10,0,4.0588
Portugal_Primeira_Liga,2025-2026,Casa Pia AC,10,1,2.4118
Portugal_Primeira_Liga,2025-2026,Casa Pia AC,10,2,2.5882
Portugal_Primeira_Liga,2025-2026,Casa Pia AC,10,3,2.9412
Portugal_Primeira_Liga,2025-2026,Casa Pia AC,10,4,3.5294
Portugal_Primeira_Liga,2025-2026,Casa Pia AC,10,5,2.5294
Portugal_Primeira_Liga,2025-2026,Casa Pia AC,10,6,2.4706
Portugal_Primeira_Liga,2025-2026,Casa Pia AC,10,7,3.6176
Portugal_Primeira_Liga,2025-2026,Casa Pia AC,11,0,4.4412
Portugal_Primeira_Liga,2025-2026,Casa Pia AC,11,1,2.0294
Portugal_Primeira_Liga,2025-2026,Casa Pia AC,11,2,1.2353
Portugal_Primeira_Liga,2025-2026,Casa Pia AC,11,3,1.6765
Portugal_Primeira_Liga,2025-2026,Casa Pia AC,11,4,1.7059
Portugal_Primeira_Liga,2025-2026,Casa Pia AC,11,5,1.5
Portugal_Primeira_Liga,2025-2026,Casa Pia AC,11,6,1.6471
Portugal_Primeira_Liga,2025-2026,Casa Pia AC,11,7,3.4706
Portugal_Primeira_Liga,2025-2026,Club Foot Estrela,0,0,2.2941
Portugal_Primeira_Liga,2025-2026,Club Foot Estrela,0,1,2.8824
Portugal_Primeira_Liga,2025-2026,Club Foot Estrela,0,2,3.3529
Portugal_Primeira_Liga,2025-2026,Club Foot Estrela,0,3,13.4118
Portugal_Primeira_Liga,2025-2026,Club Foot Estrela,0,4,13.3529
Portugal_Primeira_Liga,2025-2026,Club Foot Estrela,0,5,3.7647
Portugal_Primeira_Liga,2025-2026,Club Foot Estrela,0,6,2.2647
Portugal_Primeira_Liga,2025-2026,Club Foot Estrela,0,7,2.5294
Portugal_Primeira_Liga,2025-2026,Club Foot Estrela,1,0,5.3824
Portugal_Primeira_Liga,2025-2026,Club Foot Estrela,1,1,5.1765
Portugal_Primeira_Liga,2025-2026,Club Foot Estrela,1,2,6.5588
Portugal_Primeira_Liga,2025-2026,Club Foot Estrela,1,3,12.3824
Portugal_Primeira_Liga,2025-2026,Club Foot Estrela,1,4,10.8529
Portugal_Primeira_Liga,2025-2026,Club Foot Estrela,1,5,5.1765
Portugal_Primeira_Liga,2025-2026,Club Foot Estrela,1,6,5.2647
Portugal_Primeira_Liga,2025-2026,Club Foot Estrela,1,7,5.3824
Portugal_Primeira_Liga,2025-2026,Club Foot Estrela,2,0,6.5882
Portugal_Primeira_Liga,2025-2026,Club Foot Estrela,2,1,7.4118
Portugal_Primeira_Liga,2025-2026,Club Foot Estrela,2,2,7.5294
Portugal_Primeira_Liga,2025-2026,Club Foot Estrela,2,3,5.8235
Portugal_Primeira_Liga,2025-2026,Club Foot Estrela,2,4,5.7059
Portugal_Primeira_Liga,2025-2026,Club Foot Estrela,2,5,7.9412
Portugal_Primeira_Liga,2025-2026,Club Foot Estrela,2,6,6.6176
Portugal_Primeira_Liga,2025-2026,Club Foot Estrela,2,7,6.6176
Portugal_Primeira_Liga,2025-2026,Club Foot Estrela,3,0,9.6471
Portugal_Primeira_Liga,2025-2026,Club Foot Estrela,3,1,10.1176
Portugal_Primeira_Liga,2025-2026,Club Foot Estrela,3,2,11.4706
Portugal_Primeira_Liga,2025-2026,Club Foot Estrela,3,3,10.1176
Portugal_Primeira_Liga,2025-2026,Club Foot Estrela,3,4,11.8529
Portugal_Primeira_Liga,2025-2026,Club Foot Estrela,3,5,11.4412
Portugal_Primeira_Liga,2025-2026,Club Foot Estrela,3,6,10.0588
Portugal_Primeira_Liga,2025-2026,Club Foot Estrela,3,7,9.7647
Portugal_Primeira_Liga,2025-2026,Club Foot Estrela,4,0,10.4412
Portugal_Primeira_Liga,2025-2026,Club Foot Estrela,4,1,10.0588
Portugal_Primeira_Liga,2025-2026,Club Foot Estrela,4,2,12.5882
Portugal_Primeira_Liga,2025-2026,Club Foot Estrela,4,3,8.8824
Portugal_Primeira_Liga,2025-2026,Club Foot Estrela,4,4,10.6176
Portugal_Primeira_Liga,2025-2026,Club Foot Estrela,4,5,13.8824
Portugal_Primeira_Liga,2025-2026,Club Foot Estrela,4,6,9.9118
Portugal_Primeira_Liga,2025-2026,Club Foot Estrela,4,7,10.0588
Portugal_Primeira_Liga,2025-2026,Club Foot Estrela,5,0,7.3824
Portugal_Primeira_Liga,2025-2026,Club Foot Estrela,5,1,7.4412
Portugal_Primeira_Liga,2025-2026,Club Foot Estrela,5,2,8.7647
Portugal_Primeira_Liga,2025-2026,Club Foot Estrela,5,3,7.8235
Portugal_Primeira_Liga,2025-2026,Club Foot Estrela,5,4,7.7647
Portugal_Primeira_Liga,2025-2026,Club Foot Estrela,5,5,8.6471
Portugal_Primeira_Liga,2025-2026,Club Foot Estrela,5,6,7.4118
Portugal_Primeira_Liga,2025-2026,Club Foot Estrela,5,7,7.0882
Portugal_Primeira_Liga,2025-2026,Club Foot Estrela,6,0,7.4118
Portugal_Primeira_Liga,2025-2026,Club Foot Estrela,6,1,6.5882
Portugal_Primeira_Liga,2025-2026,Club Foot Estrela,6,2,8.3235
Portugal_Primeira_Liga,2025-2026,Club Foot Estrela,6,3,6.3824
Portugal_Primeira_Liga,2025-2026,Club Foot Estrela,6,4,7.1176
Portugal_Primeira_Liga,2025-2026,Club Foot Estrela,6,5,6.9412
Portugal_Primeira_Liga,2025-2026,Club Foot Estrela,6,6,6.0882
Portugal_Primeira_Liga,2025-2026,Club Foot Estrela,6,7,7.7059
Portugal_Primeira_Liga,2025-2026,Club Foot Estrela,7,0,8.7353
Portugal_Primeira_Liga,2025-2026,Club Foot Estrela,7,1,6.7647
Portugal_Primeira_Liga,2025-2026,Club Foot Estrela,7,2,7.9412
Portugal_Primeira_Liga,2025-2026,Club Foot Estrela,7,3,4.3235
Portugal_Primeira_Liga,2025-2026,Club Foot Estrela,7,4,3.6176
Portugal_Primeira_Liga,2025-2026,Club Foot Estrela,7,5,6.7059
Portugal_Primeira_Liga,2025-2026,Club Foot Estrela,7,6,7.7353
Portugal_Primeira_Liga,2025-2026,Club Foot Estrela,7,7,8.8529
Portugal_Primeira_Liga,2025-2026,Club Foot Estrela,8,0,6.8529
Portugal_Primeira_Liga,2025-2026,Club Foot Estrela,8,1,5.7647
Portugal_Primeira_Liga,2025-2026,Club Foot Estrela,8,2,5.4412
Portugal_Primeira_Liga,2025-2026,Club Foot Estrela,8,3,4.6176
Portugal_Primeira_Liga,2025-2026,Club Foot Estrela,8,4,4.0882
Portugal_Primeira_Liga,2025-2026,Club Foot Estrela,8,5,5.0294
Portugal_Primeira_Liga,2025-2026,Club Foot Estrela,8,6,4.7647
Portugal_Primeira_Liga,2025-2026,Club Foot Estrela,8,7,6.5
Portugal_Primeira_Liga,2025-2026,Club Foot Estrela,9,0,4.7059
Portugal_Primeira_Liga,2025-2026,Club Foot Estrela,9,1,3.2353
Portugal_Primeira_Liga,2025-2026,Club Foot Estrela,9,2,2.8235
Portugal_Primeira_Liga,2025-2026,Club Foot Estrela,9,3,1.7353
Portugal_Primeira_Liga,2025-2026,Club Foot Estrela,9,4,1.6765
Portugal_Primeira_Liga,2025-2026,Club Foot Estrela,9,5,2.0
Portugal_Primeira_Liga,2025-2026,Club Foot Estrela,9,6,3.1471
Portugal_Primeira_Liga,2025-2026,Club Foot Estrela,9,7,3.7647
Portugal_Primeira_Liga,2025-2026,Club Foot Estrela,10,0,3.8529
Portugal_Primeira_Liga,2025-2026,Club Foot Estrela,10,1,2.3529
Portugal_Primeira_Liga,2025-2026,Club Foot Estrela,10,2,2.5
Portugal_Primeira_Liga,2025-2026,Club Foot Estrela,10,3,3.3235
Portugal_Primeira_Liga,2025-2026,Club Foot Estrela,10,4,2.0588
Portugal_Primeira_Liga,2025-2026,Club Foot Estrela,10,5,2.6471
Portugal_Primeira_Liga,2025-2026,Club Foot Estrela,10,6,2.1765
Portugal_Primeira_Liga,2025-2026,Club Foot Estrela,10,7,3.1765
Portugal_Primeira_Liga,2025-2026,Club Foot Estrela,11,0,3.6176
Portugal_Primeira_Liga,2025-2026,Club Foot Estrela,11,1,2.2647
Portugal_Primeira_Liga,2025-2026,Club Foot Estrela,11,2,1.4412
Portugal_Primeira_Liga,2025-2026,Club Foot Estrela,11,3,1.6765
Portugal_Primeira_Liga,2025-2026,Club Foot Estrela,11,4,1.7647
Portugal_Primeira_Liga,2025-2026,Club Foot Estrela,11,5,0.7353
Portugal_Primeira_Liga,2025-2026,Club Foot Estrela,11,6,1.0588
Portugal_Primeira_Liga,2025-2026,Club Foot Estrela,11,7,2.1471
Portugal_Primeira_Liga,2025-2026,CD Santa Clara,0,0,1.6765
Portugal_Primeira_Liga,2025-2026,CD Santa Clara,0,1,1.8824
Portugal_Primeira_Liga,2025-2026,CD Santa Clara,0,2,3.7941
Portugal_Primeira_Liga,2025-2026,CD Santa Clara,0,3,10.6176
Portugal_Primeira_Liga,2025-2026,CD Santa Clara,0,4,11.0588
Portugal_Primeira_Liga,2025-2026,CD Santa Clara,0,5,2.6471
Portugal_Primeira_Liga,2025-2026,CD Santa Clara,0,6,1.3235
Portugal_Primeira_Liga,2025-2026,CD Santa Clara,0,7,1.3529
Portugal_Primeira_Liga,2025-2026,CD Santa Clara,1,0,3.6765
Portugal_Primeira_Liga,2025-2026,CD Santa Clara,1,1,3.2941
Portugal_Primeira_Liga,2025-2026,CD Santa Clara,1,2,6.2353
Portugal_Primeira_Liga,2025-2026,CD Santa Clara,1,3,11.0882
Portugal_Primeira_Liga,2025-2026,CD Santa Clara,1,4,10.2941
Portugal_Primeira_Liga,2025-2026,CD Santa Clara,1,5,5.9706
Portugal_Primeira_Liga,2025-2026,CD Santa Clara,1,6,4.9412
Portugal_Primeira_Liga,2025-2026,CD Santa Clara,1,7,4.4118
Portugal_Primeira_Liga,2025-2026,CD Santa Clara,2,0,5.5882
Portugal_Primeira_Liga,2025-2026,CD Santa Clara,2,1,5.6471
Portugal_Primeira_Liga,2025-2026,CD Santa Clara,2,2,7.1765
Portugal_Primeira_Liga,2025-2026,CD Santa Clara,2,3,5.3824
Portugal_Primeira_Liga,2025-2026,CD Santa Clara,2,4,5.8824
Portugal_Primeira_Liga,2025-2026,CD Santa Clara,2,5,7.4118
Portugal_Primeira_Liga,2025-2026,CD Santa Clara,2,6,6.5882
Portugal_Primeira_Liga,2025-2026,CD Santa Clara,2,7,6.0
Portugal_Primeira_Liga,2025-2026,CD Santa Clara,3,0,8.2941
Portugal_Primeira_Liga,2025-2026,CD Santa Clara,3,1,10.1176
Portugal_Primeira_Liga,2025-2026,CD Santa Clara,3,2,12.1765
Portugal_Primeira_Liga,2025-2026,CD Santa Clara,3,3,9.5
Portugal_Primeira_Liga,2025-2026,CD Santa Clara,3,4,10.7353
Portugal_Primeira_Liga,2025-2026,CD Santa Clara,3,5,12.0588
Portugal_Primeira_Liga,2025-2026,CD Santa Clara,3,6,10.2353
Portugal_Primeira_Liga,2025-2026,CD Santa Clara,3,7,8.6471
Portugal_Primeira_Liga,2025-2026,CD Santa Clara,4,0,10.3824
Portugal_Primeira_Liga,2025-2026,CD Santa Clara,4,1,9.4706
Portugal_Primeira_Liga,2025-2026,CD Santa Clara,4,2,12.9706
Portugal_Primeira_Liga,2025-2026,CD Santa Clara,4,3,8.0588
Portugal_Primeira_Liga,2025-2026,CD Santa Clara,4,4,10.6176
Portugal_Primeira_Liga,2025-2026,CD Santa Clara,4,5,11.5
Portugal_Primeira_Liga,2025-2026,CD Santa Clara,4,6,11.0294
Portugal_Primeira_Liga,2025-2026,CD Santa Clara,4,7,10.7941
Portugal_Primeira_Liga,2025-2026,CD Santa Clara,5,0,6.0294
Portugal_Primeira_Liga,2025-2026,CD Santa Clara,5,1,5.9706
Portugal_Primeira_Liga,2025-2026,CD Santa Clara,5,2,8.8529
Portugal_Primeira_Liga,2025-2026,CD Santa Clara,5,3,7.7647
Portugal_Primeira_Liga,2025-2026,CD Santa Clara,5,4,7.7941
Portugal_Primeira_Liga,2025-2026,CD Santa Clara,5,5,8.5588
Portugal_Primeira_Liga,2025-2026,CD Santa Clara,5,6,7.4706
Portugal_Primeira_Liga,2025-2026,CD Santa Clara,5,7,7.8529
Portugal_Primeira_Liga,2025-2026,CD Santa Clara,6,0,6.8824
Portugal_Primeira_Liga,2025-2026,CD Santa Clara,6,1,5.6765
Portugal_Primeira_Liga,2025-2026,CD Santa Clara,6,2,6.7941
Portugal_Primeira_Liga,2025-2026,CD Santa Clara,6,3,5.3824
Portugal_Primeira_Liga,2025-2026,CD Santa Clara,6,4,5.9706
Portugal_Primeira_Liga,2025-2026,CD Santa Clara,6,5,8.9706
Portugal_Primeira_Liga,2025-2026,CD Santa Clara,6,6,8.0882
Portugal_Primeira_Liga,2025-2026,CD Santa Clara,6,7,10.2647
Portugal_Primeira_Liga,2025-2026,CD Santa Clara,7,0,9.2353
Portugal_Primeira_Liga,2025-2026,CD Santa Clara,7,1,7.4706
Portugal_Primeira_Liga,2025-2026,CD Santa Clara,7,2,7.7353
Portugal_Primeira_Liga,2025-2026,CD Santa Clara,7,3,4.3235
Portugal_Primeira_Liga,2025-2026,CD Santa Clara,7,4,4.8235
Portugal_Primeira_Liga,2025-2026,CD Santa Clara,7,5,8.2353
Portugal_Primeira_Liga,2025-2026,CD Santa Clara,7,6,9.3529
Portugal_Primeira_Liga,2025-2026,CD Santa Clara,7,7,13.5588
Portugal_Primeira_Liga,2025-2026,CD Santa Clara,8,0,9.3824
Portugal_Primeira_Liga,2025-2026,CD Santa Clara,8,1,6.4706
Portugal_Primeira_Liga,2025-2026,CD Santa Clara,8,2,5.4706
Portugal_Primeira_Liga,2025-2026,CD Santa Clara,8,3,4.7647
Portugal_Primeira_Liga,2025-2026,CD Santa Clara,8,4,4.6765
Portugal_Primeira_Liga,2025-2026,CD Santa Clara,8,5,6.7059
Portugal_Primeira_Liga,2025-2026,CD Santa Clara,8,6,8.7941
Portugal_Primeira_Liga,2025-2026,CD Santa Clara,8,7,11.2353
Portugal_Primeira_Liga,2025-2026,CD Santa Clara,9,0,6.5882
Portugal_Primeira_Liga,2025-2026,CD Santa Clara,9,1,3.8529
Portugal_Primeira_Liga,2025-2026,CD Santa Clara,9,2,2.9118
Portugal_Primeira_Liga,2025-2026,CD Santa Clara,9,3,1.7941
Portugal_Primeira_Liga,2025-2026,CD Santa Clara,9,4,2.4706
Portugal_Primeira_Liga,2025-2026,CD Santa Clara,9,5,3.5588
Portugal_Primeira_Liga,2025-2026,CD Santa Clara,9,6,4.0882
Portugal_Primeira_Liga,2025-2026,CD Santa Clara,9,7,7.2353
Portugal_Primeira_Liga,2025-2026,CD Santa Clara,10,0,5.0588
Portugal_Primeira_Liga,2025-2026,CD Santa Clara,10,1,2.8529
Portugal_Primeira_Liga,2025-2026,CD Santa Clara,10,2,2.3824
Portugal_Primeira_Liga,2025-2026,CD Santa Clara,10,3,3.7353
Portugal_Primeira_Liga,2025-2026,CD Santa Clara,10,4,3.5294
Portugal_Primeira_Liga,2025-2026,CD Santa Clara,10,5,2.5
Portugal_Primeira_Liga,2025-2026,CD Santa Clara,10,6,2.3235
Portugal_Primeira_Liga,2025-2026,CD Santa Clara,10,7,3.8529
Portugal_Primeira_Liga,2025-2026,CD Santa Clara,11,0,5.3529
Portugal_Primeira_Liga,2025-2026,CD Santa Clara,11,1,2.5
Portugal_Primeira_Liga,2025-2026,CD Santa Clara,11,2,1.7353
Portugal_Primeira_Liga,2025-2026,CD Santa Clara,11,3,1.5882
Portugal_Primeira_Liga,2025-2026,CD Santa Clara,11,4,2.0882
Portugal_Primeira_Liga,2025-2026,CD Santa Clara,11,5,1.3529
Portugal_Primeira_Liga,2025-2026,CD Santa Clara,11,6,1.9118
Portugal_Primeira_Liga,2025-2026,CD Santa Clara,11,7,3.7941
Portugal_Primeira_Liga,2025-2026,Gil Vicente FC,0,0,1.0882
Portugal_Primeira_Liga,2025-2026,Gil Vicente FC,0,1,1.5
Portugal_Primeira_Liga,2025-2026,Gil Vicente FC,0,2,2.5588
Portugal_Primeira_Liga,2025-2026,Gil Vicente FC,0,3,11.8529
Portugal_Primeira_Liga,2025-2026,Gil Vicente FC,0,4,11.2647
Portugal_Primeira_Liga,2025-2026,Gil Vicente FC,0,5,2.4412
Portugal_Primeira_Liga,2025-2026,Gil Vicente FC,0,6,1.7647
Portugal_Primeira_Liga,2025-2026,Gil Vicente FC,0,7,1.6471
Portugal_Primeira_Liga,2025-2026,Gil Vicente FC,1,0,3.2059
Portugal_Primeira_Liga,2025-2026,Gil Vicente FC,1,1,3.3235
Portugal_Primeira_Liga,2025-2026,Gil Vicente FC,1,2,5.1471
Portugal_Primeira_Liga,2025-2026,Gil Vicente FC,1,3,11.9412
Portugal_Primeira_Liga,2025-2026,Gil Vicente FC,1,4,9.9412
Portugal_Primeira_Liga,2025-2026,Gil Vicente FC,1,5,5.3824
Portugal_Primeira_Liga,2025-2026,Gil Vicente FC,1,6,4.5588
Portugal_Primeira_Liga,2025-2026,Gil Vicente FC,1,7,4.7941
Portugal_Primeira_Liga,2025-2026,Gil Vicente FC,2,0,4.1765
Portugal_Primeira_Liga,2025-2026,Gil Vicente FC,2,1,4.6176
Portugal_Primeira_Liga,2025-2026,Gil Vicente FC,2,2,8.2353
Portugal_Primeira_Liga,2025-2026,Gil Vicente FC,2,3,5.4412
Portugal_Primeira_Liga,2025-2026,Gil Vicente FC,2,4,5.0882
Portugal_Primeira_Liga,2025-2026,Gil Vicente FC,2,5,8.4412
Portugal_Primeira_Liga,2025-2026,Gil Vicente FC,2,6,6.4412
Portugal_Primeira_Liga,2025-2026,Gil Vicente FC,2,7,5.9412
Portugal_Primeira_Liga,2025-2026,Gil Vicente FC,3,0,7.7941
Portugal_Primeira_Liga,2025-2026,Gil Vicente FC,3,1,9.0588
Portugal_Primeira_Liga,2025-2026,Gil Vicente FC,3,2,13.3235
Portugal_Primeira_Liga,2025-2026,Gil Vicente FC,3,3,8.9706
Portugal_Primeira_Liga,2025-2026,Gil Vicente FC,3,4,8.5588
Portugal_Primeira_Liga,2025-2026,Gil Vicente FC,3,5,13.0294
Portugal_Primeira_Liga,2025-2026,Gil Vicente FC,3,6,9.5882
Portugal_Primeira_Liga,2025-2026,Gil Vicente FC,3,7,10.0
Portugal_Primeira_Liga,2025-2026,Gil Vicente FC,4,0,10.6765
Portugal_Primeira_Liga,2025-2026,Gil Vicente FC,4,1,8.5294
Portugal_Primeira_Liga,2025-2026,Gil Vicente FC,4,2,14.6471
Portugal_Primeira_Liga,2025-2026,Gil Vicente FC,4,3,7.9118
Portugal_Primeira_Liga,2025-2026,Gil Vicente FC,4,4,8.6176
Portugal_Primeira_Liga,2025-2026,Gil Vicente FC,4,5,12.7647
Portugal_Primeira_Liga,2025-2026,Gil Vicente FC,4,6,10.0
Portugal_Primeira_Liga,2025-2026,Gil Vicente FC,4,7,10.8824
Portugal_Primeira_Liga,2025-2026,Gil Vicente FC,5,0,6.9706
Portugal_Primeira_Liga,2025-2026,Gil Vicente FC,5,1,5.0882
Portugal_Primeira_Liga,2025-2026,Gil Vicente FC,5,2,9.6176
Portugal_Primeira_Liga,2025-2026,Gil Vicente FC,5,3,7.1471
Portugal_Primeira_Liga,2025-2026,Gil Vicente FC,5,4,7.0
Portugal_Primeira_Liga,2025-2026,Gil Vicente FC,5,5,9.3529
Portugal_Primeira_Liga,2025-2026,Gil Vicente FC,5,6,7.0294
Portugal_Primeira_Liga,2025-2026,Gil Vicente FC,5,7,7.7647
Portugal_Primeira_Liga,2025-2026,Gil Vicente FC,6,0,7.3235
Portugal_Primeira_Liga,2025-2026,Gil Vicente FC,6,1,5.5
Portugal_Primeira_Liga,2025-2026,Gil Vicente FC,6,2,7.0294
Portugal_Primeira_Liga,2025-2026,Gil Vicente FC,6,3,5.0294
Portugal_Primeira_Liga,2025-2026,Gil Vicente FC,6,4,5.0
Portugal_Primeira_Liga,2025-2026,Gil Vicente FC,6,5,7.8235
Portugal_Primeira_Liga,2025-2026,Gil Vicente FC,6,6,7.3235
Portugal_Primeira_Liga,2025-2026,Gil Vicente FC,6,7,9.9118
Portugal_Primeira_Liga,2025-2026,Gil Vicente FC,7,0,10.2647
Portugal_Primeira_Liga,2025-2026,Gil Vicente FC,7,1,7.2941
Portugal_Primeira_Liga,2025-2026,Gil Vicente FC,7,2,7.8824
Portugal_Primeira_Liga,2025-2026,Gil Vicente FC,7,3,5.0882
Portugal_Primeira_Liga,2025-2026,Gil Vicente FC,7,4,4.2353
Portugal_Primeira_Liga,2025-2026,Gil Vicente FC,7,5,7.0882
Portugal_Primeira_Liga,2025-2026,Gil Vicente FC,7,6,8.7941
Portugal_Primeira_Liga,2025-2026,Gil Vicente FC,7,7,12.2059
Portugal_Primeira_Liga,2025-2026,Gil Vicente FC,8,0,9.2059
Portugal_Primeira_Liga,2025-2026,Gil Vicente FC,8,1,7.5882
Portugal_Primeira_Liga,2025-2026,Gil Vicente FC,8,2,5.9706
Portugal_Primeira_Liga,2025-2026,Gil Vicente FC,8,3,4.8235
Portugal_Primeira_Liga,2025-2026,Gil Vicente FC,8,4,4.7353
Portugal_Primeira_Liga,2025-2026,Gil Vicente FC,8,5,5.8235
Portugal_Primeira_Liga,2025-2026,Gil Vicente FC,8,6,8.2647
Portugal_Primeira_Liga,2025-2026,Gil Vicente FC,8,7,9.8529
Portugal_Primeira_Liga,2025-2026,Gil Vicente FC,9,0,7.0
Portugal_Primeira_Liga,2025-2026,Gil Vicente FC,9,1,4.5294
Portugal_Primeira_Liga,2025-2026,Gil Vicente FC,9,2,3.8235
Portugal_Primeira_Liga,2025-2026,Gil Vicente FC,9,3,2.8235
Portugal_Primeira_Liga,2025-2026,Gil Vicente FC,9,4,3.2353
Portugal_Primeira_Liga,2025-2026,Gil Vicente FC,9,5,4.2059
Portugal_Primeira_Liga,2025-2026,Gil Vicente FC,9,6,5.5588
Portugal_Primeira_Liga,2025-2026,Gil Vicente FC,9,7,9.0882
Portugal_Primeira_Liga,2025-2026,Gil Vicente FC,10,0,5.8235
Portugal_Primeira_Liga,2025-2026,Gil Vicente FC,10,1,2.6176
Portugal_Primeira_Liga,2025-2026,Gil Vicente FC,10,2,3.5
Portugal_Primeira_Liga,2025-2026,Gil Vicente FC,10,3,3.7059
Portugal_Primeira_Liga,2025-2026,Gil Vicente FC,10,4,4.0
Portugal_Primeira_Liga,2025-2026,Gil Vicente FC,10,5,3.5
Portugal_Primeira_Liga,2025-2026,Gil Vicente FC,10,6,3.2647
Portugal_Primeira_Liga,2025-2026,Gil Vicente FC,10,7,5.8824
Portugal_Primeira_Liga,2025-2026,Gil Vicente FC,11,0,4.7647
Portugal_Primeira_Liga,2025-2026,Gil Vicente FC,11,1,2.2353
Portugal_Primeira_Liga,2025-2026,Gil Vicente FC,11,2,2.4118
Portugal_Primeira_Liga,2025-2026,Gil Vicente FC,11,3,3.0882
Portugal_Primeira_Liga,2025-2026,Gil Vicente FC,11,4,2.2647
Portugal_Primeira_Liga,2025-2026,Gil Vicente FC,11,5,1.7353
Portugal_Primeira_Liga,2025-2026,Gil Vicente FC,11,6,2.5294
Portugal_Primeira_Liga,2025-2026,Gil Vicente FC,11,7,5.1471
Portugal_Primeira_Liga,2025-2026,FC Famalicão,0,0,1.3529
Portugal_Primeira_Liga,2025-2026,FC Famalicão,0,1,2.1471
Portugal_Primeira_Liga,2025-2026,FC Famalicão,0,2,2.8824
Portugal_Primeira_Liga,2025-2026,FC Famalicão,0,3,10.8529
Portugal_Primeira_Liga,2025-2026,FC Famalicão,0,4,11.9412
Portugal_Primeira_Liga,2025-2026,FC Famalicão,0,5,2.8235
Portugal_Primeira_Liga,2025-2026,FC Famalicão,0,6,2.2353
Portugal_Primeira_Liga,2025-2026,FC Famalicão,0,7,1.8824
Portugal_Primeira_Liga,2025-2026,FC Famalicão,1,0,3.3235
Portugal_Primeira_Liga,2025-2026,FC Famalicão,1,1,3.8235
Portugal_Primeira_Liga,2025-2026,FC Famalicão,1,2,6.0294
Portugal_Primeira_Liga,2025-2026,FC Famalicão,1,3,10.1765
Portugal_Primeira_Liga,2025-2026,FC Famalicão,1,4,10.3235
Portugal_Primeira_Liga,2025-2026,FC Famalicão,1,5,4.9118
Portugal_Primeira_Liga,2025-2026,FC Famalicão,1,6,3.7059
Portugal_Primeira_Liga,2025-2026,FC Famalicão,1,7,4.5882
Portugal_Primeira_Liga,2025-2026,FC Famalicão,2,0,5.1176
Portugal_Primeira_Liga,2025-2026,FC Famalicão,2,1,6.6176
Portugal_Primeira_Liga,2025-2026,FC Famalicão,2,2,7.4412
Portugal_Primeira_Liga,2025-2026,FC Famalicão,2,3,7.2941
Portugal_Primeira_Liga,2025-2026,FC Famalicão,2,4,8.8235
Portugal_Primeira_Liga,2025-2026,FC Famalicão,2,5,8.9118
Portugal_Primeira_Liga,2025-2026,FC Famalicão,2,6,6.1765
Portugal_Primeira_Liga,2025-2026,FC Famalicão,2,7,6.0
Portugal_Primeira_Liga,2025-2026,FC Famalicão,3,0,9.1176
Portugal_Primeira_Liga,2025-2026,FC Famalicão,3,1,10.0882
Portugal_Primeira_Liga,2025-2026,FC Famalicão,3,2,13.0
Portugal_Primeira_Liga,2025-2026,FC Famalicão,3,3,10.1471
Portugal_Primeira_Liga,2025-2026,FC Famalicão,3,4,10.3824
Portugal_Primeira_Liga,2025-2026,FC Famalicão,3,5,14.5588
Portugal_Primeira_Liga,2025-2026,FC Famalicão,3,6,10.7647
Portugal_Primeira_Liga,2025-2026,FC Famalicão,3,7,11.9706
Portugal_Primeira_Liga,2025-2026,FC Famalicão,4,0,9.6765
Portugal_Primeira_Liga,2025-2026,FC Famalicão,4,1,9.3529
Portugal_Primeira_Liga,2025-2026,FC Famalicão,4,2,12.7941
Portugal_Primeira_Liga,2025-2026,FC Famalicão,4,3,8.9412
Portugal_Primeira_Liga,2025-2026,FC Famalicão,4,4,7.1765
Portugal_Primeira_Liga,2025-2026,FC Famalicão,4,5,12.3824
Portugal_Primeira_Liga,2025-2026,FC Famalicão,4,6,9.0
Portugal_Primeira_Liga,2025-2026,FC Famalicão,4,7,9.5
Portugal_Primeira_Liga,2025-2026,FC Famalicão,5,0,6.3529
Portugal_Primeira_Liga,2025-2026,FC Famalicão,5,1,6.1765
Portugal_Primeira_Liga,2025-2026,FC Famalicão,5,2,9.4706
Portugal_Primeira_Liga,2025-2026,FC Famalicão,5,3,7.0588
Portugal_Primeira_Liga,2025-2026,FC Famalicão,5,4,7.1765
Portugal_Primeira_Liga,2025-2026,FC Famalicão,5,5,8.7059
Portugal_Primeira_Liga,2025-2026,FC Famalicão,5,6,6.1176
Portugal_Primeira_Liga,2025-2026,FC Famalicão,5,7,6.3235
Portugal_Primeira_Liga,2025-2026,FC Famalicão,6,0,7.9706
Portugal_Primeira_Liga,2025-2026,FC Famalicão,6,1,7.0
Portugal_Primeira_Liga,2025-2026,FC Famalicão,6,2,8.5588
Portugal_Primeira_Liga,2025-2026,FC Famalicão,6,3,7.1471
Portugal_Primeira_Liga,2025-2026,FC Famalicão,6,4,5.9118
Portugal_Primeira_Liga,2025-2026,FC Famalicão,6,5,9.3824
Portugal_Primeira_Liga,2025-2026,FC Famalicão,6,6,6.1176
Portugal_Primeira_Liga,2025-2026,FC Famalicão,6,7,8.5294
Portugal_Primeira_Liga,2025-2026,FC Famalicão,7,0,11.0882
Portugal_Primeira_Liga,2025-2026,FC Famalicão,7,1,8.5588
Portugal_Primeira_Liga,2025-2026,FC Famalicão,7,2,8.3824
Portugal_Primeira_Liga,2025-2026,FC Famalicão,7,3,4.8529
Portugal_Primeira_Liga,2025-2026,FC Famalicão,7,4,4.3235
Portugal_Primeira_Liga,2025-2026,FC Famalicão,7,5,8.6176
Portugal_Primeira_Liga,2025-2026,FC Famalicão,7,6,8.0882
Portugal_Primeira_Liga,2025-2026,FC Famalicão,7,7,11.3824
Portugal_Primeira_Liga,2025-2026,FC Famalicão,8,0,8.4706
Portugal_Primeira_Liga,2025-2026,FC Famalicão,8,1,8.7941
Portugal_Primeira_Liga,2025-2026,FC Famalicão,8,2,7.3824
Portugal_Primeira_Liga,2025-2026,FC Famalicão,8,3,5.7647
Portugal_Primeira_Liga,2025-2026,FC Famalicão,8,4,5.5294
Portugal_Primeira_Liga,2025-2026,FC Famalicão,8,5,5.7059
Portugal_Primeira_Liga,2025-2026,FC Famalicão,8,6,8.0
Portugal_Primeira_Liga,2025-2026,FC Famalicão,8,7,10.9706
Portugal_Primeira_Liga,2025-2026,FC Famalicão,9,0,6.3529
Portugal_Primeira_Liga,2025-2026,FC Famalicão,9,1,5.2353
Portugal_Primeira_Liga,2025-2026,FC Famalicão,9,2,4.6765
Portugal_Primeira_Liga,2025-2026,FC Famalicão,9,3,2.9118
Portugal_Primeira_Liga,2025-2026,FC Famalicão,9,4,2.7647
Portugal_Primeira_Liga,2025-2026,FC Famalicão,9,5,3.9706
Portugal_Primeira_Liga,2025-2026,FC Famalicão,9,6,4.6176
Portugal_Primeira_Liga,2025-2026,FC Famalicão,9,7,7.0588
Portugal_Primeira_Liga,2025-2026,FC Famalicão,10,0,4.5882
Portugal_Primeira_Liga,2025-2026,FC Famalicão,10,1,4.0882
Portugal_Primeira_Liga,2025-2026,FC Famalicão,10,2,3.6471
Portugal_Primeira_Liga,2025-2026,FC Famalicão,10,3,3.5588
Portugal_Primeira_Liga,2025-2026,FC Famalicão,10,4,3.7059
Portugal_Primeira_Liga,2025-2026,FC Famalicão,10,5,2.7353
Portugal_Primeira_Liga,2025-2026,FC Famalicão,10,6,3.7353
Portugal_Primeira_Liga,2025-2026,FC Famalicão,10,7,5.9706
Portugal_Primeira_Liga,2025-2026,FC Famalicão,11,0,4.9118
Portugal_Primeira_Liga,2025-2026,FC Famalicão,11,1,3.2353
Portugal_Primeira_Liga,2025-2026,FC Famalicão,11,2,2.5
Portugal_Primeira_Liga,2025-2026,FC Famalicão,11,3,2.7941
Portugal_Primeira_Liga,2025-2026,FC Famalicão,11,4,3.2059
Portugal_Primeira_Liga,2025-2026,FC Famalicão,11,5,2.1471
Portugal_Primeira_Liga,2025-2026,FC Famalicão,11,6,2.7647
Portugal_Primeira_Liga,2025-2026,FC Famalicão,11,7,4.8824
Portugal_Primeira_Liga,2025-2026,CD Nacional,0,0,1.7353
Portugal_Primeira_Liga,2025-2026,CD Nacional,0,1,2.0294
Portugal_Primeira_Liga,2025-2026,CD Nacional,0,2,3.1176
Portugal_Primeira_Liga,2025-2026,CD Nacional,0,3,11.3529
Portugal_Primeira_Liga,2025-2026,CD Nacional,0,4,14.1471
Portugal_Primeira_Liga,2025-2026,CD Nacional,0,5,3.0
Portugal_Primeira_Liga,2025-2026,CD Nacional,0,6,1.6765
Portugal_Primeira_Liga,2025-2026,CD Nacional,0,7,1.6176
Portugal_Primeira_Liga,2025-2026,CD Nacional,1,0,3.0294
Portugal_Primeira_Liga,2025-2026,CD Nacional,1,1,3.2941
Portugal_Primeira_Liga,2025-2026,CD Nacional,1,2,6.2647
Portugal_Primeira_Liga,2025-2026,CD Nacional,1,3,13.3824
Portugal_Primeira_Liga,2025-2026,CD Nacional,1,4,11.2647
Portugal_Primeira_Liga,2025-2026,CD Nacional,1,5,5.5294
Portugal_Primeira_Liga,2025-2026,CD Nacional,1,6,3.2941
Portugal_Primeira_Liga,2025-2026,CD Nacional,1,7,3.8235
Portugal_Primeira_Liga,2025-2026,CD Nacional,2,0,4.7353
Portugal_Primeira_Liga,2025-2026,CD Nacional,2,1,4.5882
Portugal_Primeira_Liga,2025-2026,CD Nacional,2,2,6.5588
Portugal_Primeira_Liga,2025-2026,CD Nacional,2,3,6.0
Portugal_Primeira_Liga,2025-2026,CD Nacional,2,4,6.0588
Portugal_Primeira_Liga,2025-2026,CD Nacional,2,5,6.8824
Portugal_Primeira_Liga,2025-2026,CD Nacional,2,6,5.0588
Portugal_Primeira_Liga,2025-2026,CD Nacional,2,7,4.5294
Portugal_Primeira_Liga,2025-2026,CD Nacional,3,0,6.6176
Portugal_Primeira_Liga,2025-2026,CD Nacional,3,1,9.3824
Portugal_Primeira_Liga,2025-2026,CD Nacional,3,2,11.1471
Portugal_Primeira_Liga,2025-2026,CD Nacional,3,3,8.3529
Portugal_Primeira_Liga,2025-2026,CD Nacional,3,4,7.2941
Portugal_Primeira_Liga,2025-2026,CD Nacional,3,5,11.1765
Portugal_Primeira_Liga,2025-2026,CD Nacional,3,6,8.6765
Portugal_Primeira_Liga,2025-2026,CD Nacional,3,7,6.8529
Portugal_Primeira_Liga,2025-2026,CD Nacional,4,0,8.5294
Portugal_Primeira_Liga,2025-2026,CD Nacional,4,1,9.5588
Portugal_Primeira_Liga,2025-2026,CD Nacional,4,2,10.6176
Portugal_Primeira_Liga,2025-2026,CD Nacional,4,3,6.8235
Portugal_Primeira_Liga,2025-2026,CD Nacional,4,4,7.3235
Portugal_Primeira_Liga,2025-2026,CD Nacional,4,5,11.8824
Portugal_Primeira_Liga,2025-2026,CD Nacional,4,6,9.2353
Portugal_Primeira_Liga,2025-2026,CD Nacional,4,7,7.6765
Portugal_Primeira_Liga,2025-2026,CD Nacional,5,0,6.5882
Portugal_Primeira_Liga,2025-2026,CD Nacional,5,1,7.2059
Portugal_Primeira_Liga,2025-2026,CD Nacional,5,2,7.4706
Portugal_Primeira_Liga,2025-2026,CD Nacional,5,3,6.7059
Portugal_Primeira_Liga,2025-2026,CD Nacional,5,4,6.7647
Portugal_Primeira_Liga,2025-2026,CD Nacional,5,5,8.2353
Portugal_Primeira_Liga,2025-2026,CD Nacional,5,6,6.4706
Portugal_Primeira_Liga,2025-2026,CD Nacional,5,7,5.7647
Portugal_Primeira_Liga,2025-2026,CD Nacional,6,0,7.6765
Portugal_Primeira_Liga,2025-2026,CD Nacional,6,1,6.8824
Portugal_Primeira_Liga,2025-2026,CD Nacional,6,2,7.6471
Portugal_Primeira_Liga,2025-2026,CD Nacional,6,3,6.3824
Portugal_Primeira_Liga,2025-2026,CD Nacional,6,4,6.5294
Portugal_Primeira_Liga,2025-2026,CD Nacional,6,5,9.5
Portugal_Primeira_Liga,2025-2026,CD Nacional,6,6,7.3824
Portugal_Primeira_Liga,2025-2026,CD Nacional,6,7,7.1471
Portugal_Primeira_Liga,2025-2026,CD Nacional,7,0,10.4412
Portugal_Primeira_Liga,2025-2026,CD Nacional,7,1,9.0882
Portugal_Primeira_Liga,2025-2026,CD Nacional,7,2,9.6176
Portugal_Primeira_Liga,2025-2026,CD Nacional,7,3,5.3529
Portugal_Primeira_Liga,2025-2026,CD Nacional,7,4,4.9412
Portugal_Primeira_Liga,2025-2026,CD Nacional,7,5,9.5294
Portugal_Primeira_Liga,2025-2026,CD Nacional,7,6,9.8529
Portugal_Primeira_Liga,2025-2026,CD Nacional,7,7,10.4118
Portugal_Primeira_Liga,2025-2026,CD Nacional,8,0,8.5294
Portugal_Primeira_Liga,2025-2026,CD Nacional,8,1,6.5294
Portugal_Primeira_Liga,2025-2026,CD Nacional,8,2,6.9706
Portugal_Primeira_Liga,2025-2026,CD Nacional,8,3,5.0294
Portugal_Primeira_Liga,2025-2026,CD Nacional,8,4,6.5588
Portugal_Primeira_Liga,2025-2026,CD Nacional,8,5,7.8824
Portugal_Primeira_Liga,2025-2026,CD Nacional,8,6,8.4412
Portugal_Primeira_Liga,2025-2026,CD Nacional,8,7,8.3529
Portugal_Primeira_Liga,2025-2026,CD Nacional,9,0,4.6765
Portugal_Primeira_Liga,2025-2026,CD Nacional,9,1,3.1176
Portugal_Primeira_Liga,2025-2026,CD Nacional,9,2,3.6471
Portugal_Primeira_Liga,2025-2026,CD Nacional,9,3,2.7941
Portugal_Primeira_Liga,2025-2026,CD Nacional,9,4,3.0588
Portugal_Primeira_Liga,2025-2026,CD Nacional,9,5,3.5588
Portugal_Primeira_Liga,2025-2026,CD Nacional,9,6,3.4118
Portugal_Primeira_Liga,2025-2026,CD Nacional,9,7,5.9118
Portugal_Primeira_Liga,2025-2026,CD Nacional,10,0,3.6765
Portugal_Primeira_Liga,2025-2026,CD Nacional,10,1,2.3529
Portugal_Primeira_Liga,2025-2026,CD Nacional,10,2,2.7647
Portugal_Primeira_Liga,2025-2026,CD Nacional,10,3,3.7353
Portugal_Primeira_Liga,2025-2026,CD Nacional,10,4,4.5588
Portugal_Primeira_Liga,2025-2026,CD Nacional,10,5,3.1176
Portugal_Primeira_Liga,2025-2026,CD Nacional,10,6,2.4412
Portugal_Primeira_Liga,2025-2026,CD Nacional,10,7,5.8235
Portugal_Primeira_Liga,2025-2026,CD Nacional,11,0,3.8824
Portugal_Primeira_Liga,2025-2026,CD Nacional,11,1,1.4412
Portugal_Primeira_Liga,2025-2026,CD Nacional,11,2,1.5
Portugal_Primeira_Liga,2025-2026,CD Nacional,11,3,2.3235
Portugal_Primeira_Liga,2025-2026,CD Nacional,11,4,2.0882
Portugal_Primeira_Liga,2025-2026,CD Nacional,11,5,1.9706
Portugal_Primeira_Liga,2025-2026,CD Nacional,11,6,1.8529
Portugal_Primeira_Liga,2025-2026,CD Nacional,11,7,3.6765
Portugal_Primeira_Liga,2025-2026,FC Porto,0,0,1.0
Portugal_Primeira_Liga,2025-2026,FC Porto,0,1,1.2059
Portugal_Primeira_Liga,2025-2026,FC Porto,0,2,2.5588
Portugal_Primeira_Liga,2025-2026,FC Porto,0,3,10.3529
Portugal_Primeira_Liga,2025-2026,FC Porto,0,4,9.2353
Portugal_Primeira_Liga,2025-2026,FC Porto,0,5,3.0882
Portugal_Primeira_Liga,2025-2026,FC Porto,0,6,1.4118
Portugal_Primeira_Liga,2025-2026,FC Porto,0,7,1.1176
Portugal_Primeira_Liga,2025-2026,FC Porto,1,0,2.9412
Portugal_Primeira_Liga,2025-2026,FC Porto,1,1,3.1176
Portugal_Primeira_Liga,2025-2026,FC Porto,1,2,5.3235
Portugal_Primeira_Liga,2025-2026,FC Porto,1,3,9.9706
Portugal_Primeira_Liga,2025-2026,FC Porto,1,4,11.4118
Portugal_Primeira_Liga,2025-2026,FC Porto,1,5,5.2353
Portugal_Primeira_Liga,2025-2026,FC Porto,1,6,4.2059
Portugal_Primeira_Liga,2025-2026,FC Porto,1,7,2.9118
Portugal_Primeira_Liga,2025-2026,FC Porto,2,0,3.5882
Portugal_Primeira_Liga,2025-2026,FC Porto,2,1,3.7353
Portugal_Primeira_Liga,2025-2026,FC Porto,2,2,5.9706
Portugal_Primeira_Liga,2025-2026,FC Porto,2,3,6.5588
Portugal_Primeira_Liga,2025-2026,FC Porto,2,4,6.3824
Portugal_Primeira_Liga,2025-2026,FC Porto,2,5,7.2059
Portugal_Primeira_Liga,2025-2026,FC Porto,2,6,4.7647
Portugal_Primeira_Liga,2025-2026,FC Porto,2,7,3.8529
Portugal_Primeira_Liga,2025-2026,FC Porto,3,0,5.8235
Portugal_Primeira_Liga,2025-2026,FC Porto,3,1,6.5882
Portugal_Primeira_Liga,2025-2026,FC Porto,3,2,10.5294
Portugal_Primeira_Liga,2025-2026,FC Porto,3,3,11.5588
Portugal_Primeira_Liga,2025-2026,FC Porto,3,4,11.9412
Portugal_Primeira_Liga,2025-2026,FC Porto,3,5,13.5882
Portugal_Primeira_Liga,2025-2026,FC Porto,3,6,7.0294
Portugal_Primeira_Liga,2025-2026,FC Porto,3,7,7.2647
Portugal_Primeira_Liga,2025-2026,FC Porto,4,0,7.4706
Portugal_Primeira_Liga,2025-2026,FC Porto,4,1,8.5294
Portugal_Primeira_Liga,2025-2026,FC Porto,4,2,12.8529
Portugal_Primeira_Liga,2025-2026,FC Porto,4,3,12.7353
Portugal_Primeira_Liga,2025-2026,FC Porto,4,4,13.3235
Portugal_Primeira_Liga,2025-2026,FC Porto,4,5,17.7353
Portugal_Primeira_Liga,2025-2026,FC Porto,4,6,10.3529
Portugal_Primeira_Liga,2025-2026,FC Porto,4,7,7.4412
Portugal_Primeira_Liga,2025-2026,FC Porto,5,0,5.4412
Portugal_Primeira_Liga,2025-2026,FC Porto,5,1,7.1176
Portugal_Primeira_Liga,2025-2026,FC Porto,5,2,12.6471
Portugal_Primeira_Liga,2025-2026,FC Porto,5,3,13.6765
Portugal_Primeira_Liga,2025-2026,FC Porto,5,4,12.8824
Portugal_Primeira_Liga,2025-2026,FC Porto,5,5,14.1765
Portugal_Primeira_Liga,2025-2026,FC Porto,5,6,8.0882
Portugal_Primeira_Liga,2025-2026,FC Porto,5,7,6.3235
Portugal_Primeira_Liga,2025-2026,FC Porto,6,0,6.1471
Portugal_Primeira_Liga,2025-2026,FC Porto,6,1,7.3529
Portugal_Primeira_Liga,2025-2026,FC Porto,6,2,13.0
Portugal_Primeira_Liga,2025-2026,FC Porto,6,3,12.2647
Portugal_Primeira_Liga,2025-2026,FC Porto,6,4,10.8235
Portugal_Primeira_Liga,2025-2026,FC Porto,6,5,13.2353
Portugal_Primeira_Liga,2025-2026,FC Porto,6,6,9.1471
Portugal_Primeira_Liga,2025-2026,FC Porto,6,7,8.0294
Portugal_Primeira_Liga,2025-2026,FC Porto,7,0,10.8235
Portugal_Primeira_Liga,2025-2026,FC Porto,7,1,9.2941
Portugal_Primeira_Liga,2025-2026,FC Porto,7,2,10.5294
Portugal_Primeira_Liga,2025-2026,FC Porto,7,3,9.0588
Portugal_Primeira_Liga,2025-2026,FC Porto,7,4,7.3529
Portugal_Primeira_Liga,2025-2026,FC Porto,7,5,11.9118
Portugal_Primeira_Liga,2025-2026,FC Porto,7,6,11.2941
Portugal_Primeira_Liga,2025-2026,FC Porto,7,7,11.3235
Portugal_Primeira_Liga,2025-2026,FC Porto,8,0,11.0294
Portugal_Primeira_Liga,2025-2026,FC Porto,8,1,10.6176
Portugal_Primeira_Liga,2025-2026,FC Porto,8,2,6.5588
Portugal_Primeira_Liga,2025-2026,FC Porto,8,3,6.1176
Portugal_Primeira_Liga,2025-2026,FC Porto,8,4,6.7941
Portugal_Primeira_Liga,2025-2026,FC Porto,8,5,8.1765
Portugal_Primeira_Liga,2025-2026,FC Porto,8,6,9.5882
Portugal_Primeira_Liga,2025-2026,FC Porto,8,7,10.5588
Portugal_Primeira_Liga,2025-2026,FC Porto,9,0,7.7941
Portugal_Primeira_Liga,2025-2026,FC Porto,9,1,5.7353
Portugal_Primeira_Liga,2025-2026,FC Porto,9,2,4.7941
Portugal_Primeira_Liga,2025-2026,FC Porto,9,3,2.8824
Portugal_Primeira_Liga,2025-2026,FC Porto,9,4,4.1471
Portugal_Primeira_Liga,2025-2026,FC Porto,9,5,4.7353
Portugal_Primeira_Liga,2025-2026,FC Porto,9,6,4.6176
Portugal_Primeira_Liga,2025-2026,FC Porto,9,7,7.3529
Portugal_Primeira_Liga,2025-2026,FC Porto,10,0,6.5
Portugal_Primeira_Liga,2025-2026,FC Porto,10,1,4.0882
Portugal_Primeira_Liga,2025-2026,FC Porto,10,2,4.1176
Portugal_Primeira_Liga,2025-2026,FC Porto,10,3,4.0588
Portugal_Primeira_Liga,2025-2026,FC Porto,10,4,4.5
Portugal_Primeira_Liga,2025-2026,FC Porto,10,5,5.0
Portugal_Primeira_Liga,2025-2026,FC Porto,10,6,3.8235
Portugal_Primeira_Liga,2025-2026,FC Porto,10,7,4.6176
Portugal_Primeira_Liga,2025-2026,FC Porto,11,0,5.6471
Portugal_Primeira_Liga,2025-2026,FC Porto,11,1,2.7353
Portugal_Primeira_Liga,2025-2026,FC Porto,11,2,2.5294
Portugal_Primeira_Liga,2025-2026,FC Porto,11,3,1.9706
Portugal_Primeira_Liga,2025-2026,FC Porto,11,4,2.7353
Portugal_Primeira_Liga,2025-2026,FC Porto,11,5,2.9412
Portugal_Primeira_Liga,2025-2026,FC Porto,11,6,2.4118
Portugal_Primeira_Liga,2025-2026,FC Porto,11,7,4.1471
Portugal_Primeira_Liga,2025-2026,Sporting Braga,0,0,1.1471
Portugal_Primeira_Liga,2025-2026,Sporting Braga,0,1,1.1176
Portugal_Primeira_Liga,2025-2026,Sporting Braga,0,2,2.8529
Portugal_Primeira_Liga,2025-2026,Sporting Braga,0,3,11.5
Portugal_Primeira_Liga,2025-2026,Sporting Braga,0,4,9.5294
Portugal_Primeira_Liga,2025-2026,Sporting Braga,0,5,2.9706
Portugal_Primeira_Liga,2025-2026,Sporting Braga,0,6,1.7059
Portugal_Primeira_Liga,2025-2026,Sporting Braga,0,7,1.1471
Portugal_Primeira_Liga,2025-2026,Sporting Braga,1,0,3.7647
Portugal_Primeira_Liga,2025-2026,Sporting Braga,1,1,4.0588
Portugal_Primeira_Liga,2025-2026,Sporting Braga,1,2,6.0588
Portugal_Primeira_Liga,2025-2026,Sporting Braga,1,3,11.9118
Portugal_Primeira_Liga,2025-2026,Sporting Braga,1,4,9.5588
Portugal_Primeira_Liga,2025-2026,Sporting Braga,1,5,5.5588
Portugal_Primeira_Liga,2025-2026,Sporting Braga,1,6,4.5588
Portugal_Primeira_Liga,2025-2026,Sporting Braga,1,7,3.6176
Portugal_Primeira_Liga,2025-2026,Sporting Braga,2,0,4.6176
Portugal_Primeira_Liga,2025-2026,Sporting Braga,2,1,5.6765
Portugal_Primeira_Liga,2025-2026,Sporting Braga,2,2,8.4706
Portugal_Primeira_Liga,2025-2026,Sporting Braga,2,3,7.1471
Portugal_Primeira_Liga,2025-2026,Sporting Braga,2,4,6.7353
Portugal_Primeira_Liga,2025-2026,Sporting Braga,2,5,7.4706
Portugal_Primeira_Liga,2025-2026,Sporting Braga,2,6,5.1471
Portugal_Primeira_Liga,2025-2026,Sporting Braga,2,7,5.4706
Portugal_Primeira_Liga,2025-2026,Sporting Braga,3,0,8.3824
Portugal_Primeira_Liga,2025-2026,Sporting Braga,3,1,11.4412
Portugal_Primeira_Liga,2025-2026,Sporting Braga,3,2,13.2059
Portugal_Primeira_Liga,2025-2026,Sporting Braga,3,3,11.7059
Portugal_Primeira_Liga,2025-2026,Sporting Braga,3,4,13.1765
Portugal_Primeira_Liga,2025-2026,Sporting Braga,3,5,13.6176
Portugal_Primeira_Liga,2025-2026,Sporting Braga,3,6,10.6176
Portugal_Primeira_Liga,2025-2026,Sporting Braga,3,7,9.1176
Portugal_Primeira_Liga,2025-2026,Sporting Braga,4,0,10.5
Portugal_Primeira_Liga,2025-2026,Sporting Braga,4,1,12.2941
Portugal_Primeira_Liga,2025-2026,Sporting Braga,4,2,17.5882
Portugal_Primeira_Liga,2025-2026,Sporting Braga,4,3,11.0294
Portugal_Primeira_Liga,2025-2026,Sporting Braga,4,4,12.7941
Portugal_Primeira_Liga,2025-2026,Sporting Braga,4,5,15.7059
Portugal_Primeira_Liga,2025-2026,Sporting Braga,4,6,13.6471
Portugal_Primeira_Liga,2025-2026,Sporting Braga,4,7,10.2353
Portugal_Primeira_Liga,2025-2026,Sporting Braga,5,0,9.7059
Portugal_Primeira_Liga,2025-2026,Sporting Braga,5,1,11.6765
Portugal_Primeira_Liga,2025-2026,Sporting Braga,5,2,14.0882
Portugal_Primeira_Liga,2025-2026,Sporting Braga,5,3,11.0882
Portugal_Primeira_Liga,2025-2026,Sporting Braga,5,4,11.3824
Portugal_Primeira_Liga,2025-2026,Sporting Braga,5,5,12.4706
Portugal_Primeira_Liga,2025-2026,Sporting Braga,5,6,9.7353
Portugal_Primeira_Liga,2025-2026,Sporting Braga,5,7,9.0588
Portugal_Primeira_Liga,2025-2026,Sporting Braga,6,0,12.5294
Portugal_Primeira_Liga,2025-2026,Sporting Braga,6,1,12.7647
Portugal_Primeira_Liga,2025-2026,Sporting Braga,6,2,14.0588
Portugal_Primeira_Liga,2025-2026,Sporting Braga,6,3,8.8824
Portugal_Primeira_Liga,2025-2026,Sporting Braga,6,4,10.0
Portugal_Primeira_Liga,2025-2026,Sporting Braga,6,5,12.8824
Portugal_Primeira_Liga,2025-2026,Sporting Braga,6,6,11.0882
Portugal_Primeira_Liga,2025-2026,Sporting Braga,6,7,13.0882
Portugal_Primeira_Liga,2025-2026,Sporting Braga,7,0,18.8824
Portugal_Primeira_Liga,2025-2026,Sporting Braga,7,1,18.6765
Portugal_Primeira_Liga,2025-2026,Sporting Braga,7,2,14.4412
Portugal_Primeira_Liga,2025-2026,Sporting Braga,7,3,6.4706
Portugal_Primeira_Liga,2025-2026,Sporting Braga,7,4,6.2353
Portugal_Primeira_Liga,2025-2026,Sporting Braga,7,5,12.9706
Portugal_Primeira_Liga,2025-2026,Sporting Braga,7,6,15.9412
Portugal_Primeira_Liga,2025-2026,Sporting Braga,7,7,17.8824
Portugal_Primeira_Liga,2025-2026,Sporting Braga,8,0,19.4118
Portugal_Primeira_Liga,2025-2026,Sporting Braga,8,1,15.8824
Portugal_Primeira_Liga,2025-2026,Sporting Braga,8,2,11.2647
Portugal_Primeira_Liga,2025-2026,Sporting Braga,8,3,5.7647
Portugal_Primeira_Liga,2025-2026,Sporting Braga,8,4,6.0882
Portugal_Primeira_Liga,2025-2026,Sporting Braga,8,5,8.3235
Portugal_Primeira_Liga,2025-2026,Sporting Braga,8,6,12.7941
Portugal_Primeira_Liga,2025-2026,Sporting Braga,8,7,15.5
Portugal_Primeira_Liga,2025-2026,Sporting Braga,9,0,12.0
Portugal_Primeira_Liga,2025-2026,Sporting Braga,9,1,7.2059
Portugal_Primeira_Liga,2025-2026,Sporting Braga,9,2,5.3529
Portugal_Primeira_Liga,2025-2026,Sporting Braga,9,3,2.5294
Portugal_Primeira_Liga,2025-2026,Sporting Braga,9,4,2.2059
Portugal_Primeira_Liga,2025-2026,Sporting Braga,9,5,5.1765
Portugal_Primeira_Liga,2025-2026,Sporting Braga,9,6,5.4412
Portugal_Primeira_Liga,2025-2026,Sporting Braga,9,7,10.0294
Portugal_Primeira_Liga,2025-2026,Sporting Braga,10,0,7.7647
Portugal_Primeira_Liga,2025-2026,Sporting Braga,10,1,4.5
Portugal_Primeira_Liga,2025-2026,Sporting Braga,10,2,3.6471
Portugal_Primeira_Liga,2025-2026,Sporting Braga,10,3,3.8235
Portugal_Primeira_Liga,2025-2026,Sporting Braga,10,4,3.5588
Portugal_Primeira_Liga,2025-2026,Sporting Braga,10,5,3.4412
Portugal_Primeira_Liga,2025-2026,Sporting Braga,10,6,4.6176
Portugal_Primeira_Liga,2025-2026,Sporting Braga,10,7,7.2059
Portugal_Primeira_Liga,2025-2026,Sporting Braga,11,0,4.9412
Portugal_Primeira_Liga,2025-2026,Sporting Braga,11,1,2.7647
Portugal_Primeira_Liga,2025-2026,Sporting Braga,11,2,2.2353
Portugal_Primeira_Liga,2025-2026,Sporting Braga,11,3,2.4706
Portugal_Primeira_Liga,2025-2026,Sporting Braga,11,4,2.5294
Portugal_Primeira_Liga,2025-2026,Sporting Braga,11,5,2.3235
Portugal_Primeira_Liga,2025-2026,Sporting Braga,11,6,2.9706
Portugal_Primeira_Liga,2025-2026,Sporting Braga,11,7,5.1176
Portugal_Primeira_Liga,2025-2026,GD Estoril Praia,0,0,1.0588
Portugal_Primeira_Liga,2025-2026,GD Estoril Praia,0,1,1.9118
Portugal_Primeira_Liga,2025-2026,GD Estoril Praia,0,2,3.2941
Portugal_Primeira_Liga,2025-2026,GD Estoril Praia,0,3,9.4706
Portugal_Primeira_Liga,2025-2026,GD Estoril Praia,0,4,13.2059
Portugal_Primeira_Liga,2025-2026,GD Estoril Praia,0,5,3.0882
Portugal_Primeira_Liga,2025-2026,GD Estoril Praia,0,6,2.1176
Portugal_Primeira_Liga,2025-2026,GD Estoril Praia,0,7,2.2353
Portugal_Primeira_Liga,2025-2026,GD Estoril Praia,1,0,2.3529
Portugal_Primeira_Liga,2025-2026,GD Estoril Praia,1,1,2.9118
Portugal_Primeira_Liga,2025-2026,GD Estoril Praia,1,2,5.5
Portugal_Primeira_Liga,2025-2026,GD Estoril Praia,1,3,10.4706
Portugal_Primeira_Liga,2025-2026,GD Estoril Praia,1,4,10.0
Portugal_Primeira_Liga,2025-2026,GD Estoril Praia,1,5,5.8824
Portugal_Primeira_Liga,2025-2026,GD Estoril Praia,1,6,3.5882
Portugal_Primeira_Liga,2025-2026,GD Estoril Praia,1,7,2.5882
Portugal_Primeira_Liga,2025-2026,GD Estoril Praia,2,0,3.6176
Portugal_Primeira_Liga,2025-2026,GD Estoril Praia,2,1,5.2647
Portugal_Primeira_Liga,2025-2026,GD Estoril Praia,2,2,7.5294
Portugal_Primeira_Liga,2025-2026,GD Estoril Praia,2,3,6.2353
Portugal_Primeira_Liga,2025-2026,GD Estoril Praia,2,4,5.6471
Portugal_Primeira_Liga,2025-2026,GD Estoril Praia,2,5,8.0882
Portugal_Primeira_Liga,2025-2026,GD Estoril Praia,2,6,5.8235
Portugal_Primeira_Liga,2025-2026,GD Estoril Praia,2,7,4.3529
Portugal_Primeira_Liga,2025-2026,GD Estoril Praia,3,0,6.4412
Portugal_Primeira_Liga,2025-2026,GD Estoril Praia,3,1,9.5588
Portugal_Primeira_Liga,2025-2026,GD Estoril Praia,3,2,13.3235
Portugal_Primeira_Liga,2025-2026,GD Estoril Praia,3,3,13.1765
Portugal_Primeira_Liga,2025-2026,GD Estoril Praia,3,4,13.5294
Portugal_Primeira_Liga,2025-2026,GD Estoril Praia,3,5,13.8529
Portugal_Primeira_Liga,2025-2026,GD Estoril Praia,3,6,9.7353
Portugal_Primeira_Liga,2025-2026,GD Estoril Praia,3,7,7.7647
Portugal_Primeira_Liga,2025-2026,GD Estoril Praia,4,0,8.8235
Portugal_Primeira_Liga,2025-2026,GD Estoril Praia,4,1,10.2647
Portugal_Primeira_Liga,2025-2026,GD Estoril Praia,4,2,15.7353
Portugal_Primeira_Liga,2025-2026,GD Estoril Praia,4,3,12.1765
Portugal_Primeira_Liga,2025-2026,GD Estoril Praia,4,4,12.8824
Portugal_Primeira_Liga,2025-2026,GD Estoril Praia,4,5,16.1765
Portugal_Primeira_Liga,2025-2026,GD Estoril Praia,4,6,10.5294
Portugal_Primeira_Liga,2025-2026,GD Estoril Praia,4,7,8.5
Portugal_Primeira_Liga,2025-2026,GD Estoril Praia,5,0,7.9706
Portugal_Primeira_Liga,2025-2026,GD Estoril Praia,5,1,8.2353
Portugal_Primeira_Liga,2025-2026,GD Estoril Praia,5,2,12.0
Portugal_Primeira_Liga,2025-2026,GD Estoril Praia,5,3,10.7647
Portugal_Primeira_Liga,2025-2026,GD Estoril Praia,5,4,10.5294
Portugal_Primeira_Liga,2025-2026,GD Estoril Praia,5,5,13.0
Portugal_Primeira_Liga,2025-2026,GD Estoril Praia,5,6,9.4706
Portugal_Primeira_Liga,2025-2026,GD Estoril Praia,5,7,7.3824
Portugal_Primeira_Liga,2025-2026,GD Estoril Praia,6,0,10.7941
Portugal_Primeira_Liga,2025-2026,GD Estoril Praia,6,1,9.1176
Portugal_Primeira_Liga,2025-2026,GD Estoril Praia,6,2,11.7647
Portugal_Primeira_Liga,2025-2026,GD Estoril Praia,6,3,8.7647
Portugal_Primeira_Liga,2025-2026,GD Estoril Praia,6,4,8.9118
Portugal_Primeira_Liga,2025-2026,GD Estoril Praia,6,5,10.8235
Portugal_Primeira_Liga,2025-2026,GD Estoril Praia,6,6,8.1176
Portugal_Primeira_Liga,2025-2026,GD Estoril Praia,6,7,8.7647
Portugal_Primeira_Liga,2025-2026,GD Estoril Praia,7,0,12.1471
Portugal_Primeira_Liga,2025-2026,GD Estoril Praia,7,1,11.2647
Portugal_Primeira_Liga,2025-2026,GD Estoril Praia,7,2,10.3824
Portugal_Primeira_Liga,2025-2026,GD Estoril Praia,7,3,6.2059
Portugal_Primeira_Liga,2025-2026,GD Estoril Praia,7,4,6.0588
Portugal_Primeira_Liga,2025-2026,GD Estoril Praia,7,5,9.5294
Portugal_Primeira_Liga,2025-2026,GD Estoril Praia,7,6,9.5294
Portugal_Primeira_Liga,2025-2026,GD Estoril Praia,7,7,9.9412
Portugal_Primeira_Liga,2025-2026,GD Estoril Praia,8,0,10.7647
Portugal_Primeira_Liga,2025-2026,GD Estoril Praia,8,1,9.9118
Portugal_Primeira_Liga,2025-2026,GD Estoril Praia,8,2,7.7647
Portugal_Primeira_Liga,2025-2026,GD Estoril Praia,8,3,5.9412
Portugal_Primeira_Liga,2025-2026,GD Estoril Praia,8,4,5.5294
Portugal_Primeira_Liga,2025-2026,GD Estoril Praia,8,5,7.1471
Portugal_Primeira_Liga,2025-2026,GD Estoril Praia,8,6,7.1176
Portugal_Primeira_Liga,2025-2026,GD Estoril Praia,8,7,8.7059
Portugal_Primeira_Liga,2025-2026,GD Estoril Praia,9,0,7.7647
Portugal_Primeira_Liga,2025-2026,GD Estoril Praia,9,1,5.4118
Portugal_Primeira_Liga,2025-2026,GD Estoril Praia,9,2,5.1765
Portugal_Primeira_Liga,2025-2026,GD Estoril Praia,9,3,2.7353
Portugal_Primeira_Liga,2025-2026,GD Estoril Praia,9,4,1.8235
Portugal_Primeira_Liga,2025-2026,GD Estoril Praia,9,5,2.7059
Portugal_Primeira_Liga,2025-2026,GD Estoril Praia,9,6,3.5882
Portugal_Primeira_Liga,2025-2026,GD Estoril Praia,9,7,6.1176
Portugal_Primeira_Liga,2025-2026,GD Estoril Praia,10,0,6.3235
Portugal_Primeira_Liga,2025-2026,GD Estoril Praia,10,1,4.2647
Portugal_Primeira_Liga,2025-2026,GD Estoril Praia,10,2,4.8824
Portugal_Primeira_Liga,2025-2026,GD Estoril Praia,10,3,2.5
Portugal_Primeira_Liga,2025-2026,GD Estoril Praia,10,4,2.8824
Portugal_Primeira_Liga,2025-2026,GD Estoril Praia,10,5,2.6471
Portugal_Primeira_Liga,2025-2026,GD Estoril Praia,10,6,2.6471
Portugal_Primeira_Liga,2025-2026,GD Estoril Praia,10,7,4.7941
Portugal_Primeira_Liga,2025-2026,GD Estoril Praia,11,0,5.0294
Portugal_Primeira_Liga,2025-2026,GD Estoril Praia,11,1,2.2059
Portugal_Primeira_Liga,2025-2026,GD Estoril Praia,11,2,2.8824
Portugal_Primeira_Liga,2025-2026,GD Estoril Praia,11,3,1.7059
Portugal_Primeira_Liga,2025-2026,GD Estoril Praia,11,4,1.7941
Portugal_Primeira_Liga,2025-2026,GD Estoril Praia,11,5,1.5
Portugal_Primeira_Liga,2025-2026,GD Estoril Praia,11,6,1.7647
Portugal_Primeira_Liga,2025-2026,GD Estoril Praia,11,7,4.0294
Portugal_Primeira_Liga,2025-2026,Rio Ave FC,0,0,1.9412
Portugal_Primeira_Liga,2025-2026,Rio Ave FC,0,1,2.6471
Portugal_Primeira_Liga,2025-2026,Rio Ave FC,0,2,4.6765
Portugal_Primeira_Liga,2025-2026,Rio Ave FC,0,3,16.6471
Portugal_Primeira_Liga,2025-2026,Rio Ave FC,0,4,13.9412
Portugal_Primeira_Liga,2025-2026,Rio Ave FC,0,5,4.4118
Portugal_Primeira_Liga,2025-2026,Rio Ave FC,0,6,2.3529
Portugal_Primeira_Liga,2025-2026,Rio Ave FC,0,7,2.5294
Portugal_Primeira_Liga,2025-2026,Rio Ave FC,1,0,5.4412
Portugal_Primeira_Liga,2025-2026,Rio Ave FC,1,1,4.9412
Portugal_Primeira_Liga,2025-2026,Rio Ave FC,1,2,8.7059
Portugal_Primeira_Liga,2025-2026,Rio Ave FC,1,3,15.8529
Portugal_Primeira_Liga,2025-2026,Rio Ave FC,1,4,13.7941
Portugal_Primeira_Liga,2025-2026,Rio Ave FC,1,5,6.3824
Portugal_Primeira_Liga,2025-2026,Rio Ave FC,1,6,5.2353
Portugal_Primeira_Liga,2025-2026,Rio Ave FC,1,7,5.7941
Portugal_Primeira_Liga,2025-2026,Rio Ave FC,2,0,6.3235
Portugal_Primeira_Liga,2025-2026,Rio Ave FC,2,1,7.3824
Portugal_Primeira_Liga,2025-2026,Rio Ave FC,2,2,8.4118
Portugal_Primeira_Liga,2025-2026,Rio Ave FC,2,3,6.5
Portugal_Primeira_Liga,2025-2026,Rio Ave FC,2,4,6.7059
Portugal_Primeira_Liga,2025-2026,Rio Ave FC,2,5,7.7647
Portugal_Primeira_Liga,2025-2026,Rio Ave FC,2,6,6.1176
Portugal_Primeira_Liga,2025-2026,Rio Ave FC,2,7,6.3824
Portugal_Primeira_Liga,2025-2026,Rio Ave FC,3,0,9.7941
Portugal_Primeira_Liga,2025-2026,Rio Ave FC,3,1,11.2059
Portugal_Primeira_Liga,2025-2026,Rio Ave FC,3,2,12.1176
Portugal_Primeira_Liga,2025-2026,Rio Ave FC,3,3,10.1471
Portugal_Primeira_Liga,2025-2026,Rio Ave FC,3,4,10.2353
Portugal_Primeira_Liga,2025-2026,Rio Ave FC,3,5,14.5
Portugal_Primeira_Liga,2025-2026,Rio Ave FC,3,6,10.6176
Portugal_Primeira_Liga,2025-2026,Rio Ave FC,3,7,9.1765
Portugal_Primeira_Liga,2025-2026,Rio Ave FC,4,0,10.0882
Portugal_Primeira_Liga,2025-2026,Rio Ave FC,4,1,11.4118
Portugal_Primeira_Liga,2025-2026,Rio Ave FC,4,2,12.0882
Portugal_Primeira_Liga,2025-2026,Rio Ave FC,4,3,8.7353
Portugal_Primeira_Liga,2025-2026,Rio Ave FC,4,4,8.9412
Portugal_Primeira_Liga,2025-2026,Rio Ave FC,4,5,13.9118
Portugal_Primeira_Liga,2025-2026,Rio Ave FC,4,6,9.7941
Portugal_Primeira_Liga,2025-2026,Rio Ave FC,4,7,10.4118
Portugal_Primeira_Liga,2025-2026,Rio Ave FC,5,0,7.0294
Portugal_Primeira_Liga,2025-2026,Rio Ave FC,5,1,7.0882
Portugal_Primeira_Liga,2025-2026,Rio Ave FC,5,2,8.0294
Portugal_Primeira_Liga,2025-2026,Rio Ave FC,5,3,6.9118
Portugal_Primeira_Liga,2025-2026,Rio Ave FC,5,4,7.6765
Portugal_Primeira_Liga,2025-2026,Rio Ave FC,5,5,9.3824
Portugal_Primeira_Liga,2025-2026,Rio Ave FC,5,6,7.0588
Portugal_Primeira_Liga,2025-2026,Rio Ave FC,5,7,7.0294
Portugal_Primeira_Liga,2025-2026,Rio Ave FC,6,0,7.7353
Portugal_Primeira_Liga,2025-2026,Rio Ave FC,6,1,6.4118
Portugal_Primeira_Liga,2025-2026,Rio Ave FC,6,2,8.1176
Portugal_Primeira_Liga,2025-2026,Rio Ave FC,6,3,5.9706
Portugal_Primeira_Liga,2025-2026,Rio Ave FC,6,4,6.0882
Portugal_Primeira_Liga,2025-2026,Rio Ave FC,6,5,8.8529
Portugal_Primeira_Liga,2025-2026,Rio Ave FC,6,6,6.5588
Portugal_Primeira_Liga,2025-2026,Rio Ave FC,6,7,6.8824
Portugal_Primeira_Liga,2025-2026,Rio Ave FC,7,0,8.8824
Portugal_Primeira_Liga,2025-2026,Rio Ave FC,7,1,7.8235
Portugal_Primeira_Liga,2025-2026,Rio Ave FC,7,2,8.6176
Portugal_Primeira_Liga,2025-2026,Rio Ave FC,7,3,5.0588
Portugal_Primeira_Liga,2025-2026,Rio Ave FC,7,4,4.1765
Portugal_Primeira_Liga,2025-2026,Rio Ave FC,7,5,8.3824
Portugal_Primeira_Liga,2025-2026,Rio Ave FC,7,6,7.7941
Portugal_Primeira_Liga,2025-2026,Rio Ave FC,7,7,7.7059
Portugal_Primeira_Liga,2025-2026,Rio Ave FC,8,0,8.1765
Portugal_Primeira_Liga,2025-2026,Rio Ave FC,8,1,7.1765
Portugal_Primeira_Liga,2025-2026,Rio Ave FC,8,2,5.9118
Portugal_Primeira_Liga,2025-2026,Rio Ave FC,8,3,4.4706
Portugal_Primeira_Liga,2025-2026,Rio Ave FC,8,4,4.0
Portugal_Primeira_Liga,2025-2026,Rio Ave FC,8,5,6.1471
Portugal_Primeira_Liga,2025-2026,Rio Ave FC,8,6,6.8824
Portugal_Primeira_Liga,2025-2026,Rio Ave FC,8,7,7.1176
Portugal_Primeira_Liga,2025-2026,Rio Ave FC,9,0,5.2353
Portugal_Primeira_Liga,2025-2026,Rio Ave FC,9,1,3.9412
Portugal_Primeira_Liga,2025-2026,Rio Ave FC,9,2,3.3529
Portugal_Primeira_Liga,2025-2026,Rio Ave FC,9,3,1.9412
Portugal_Primeira_Liga,2025-2026,Rio Ave FC,9,4,1.9412
Portugal_Primeira_Liga,2025-2026,Rio Ave FC,9,5,2.6765
Portugal_Primeira_Liga,2025-2026,Rio Ave FC,9,6,3.6765
Portugal_Primeira_Liga,2025-2026,Rio Ave FC,9,7,5.0882
Portugal_Primeira_Liga,2025-2026,Rio Ave FC,10,0,4.1176
Portugal_Primeira_Liga,2025-2026,Rio Ave FC,10,1,2.2647
Portugal_Primeira_Liga,2025-2026,Rio Ave FC,10,2,3.1471
Portugal_Primeira_Liga,2025-2026,Rio Ave FC,10,3,2.4118
Portugal_Primeira_Liga,2025-2026,Rio Ave FC,10,4,2.9706
Portugal_Primeira_Liga,2025-2026,Rio Ave FC,10,5,2.4706
Portugal_Primeira_Liga,2025-2026,Rio Ave FC,10,6,2.8235
Portugal_Primeira_Liga,2025-2026,Rio Ave FC,10,7,3.3529
Portugal_Primeira_Liga,2025-2026,Rio Ave FC,11,0,3.8235
Portugal_Primeira_Liga,2025-2026,Rio Ave FC,11,1,1.7941
Portugal_Primeira_Liga,2025-2026,Rio Ave FC,11,2,1.7941
Portugal_Primeira_Liga,2025-2026,Rio Ave FC,11,3,2.0
Portugal_Primeira_Liga,2025-2026,Rio Ave FC,11,4,1.4118
Portugal_Primeira_Liga,2025-2026,Rio Ave FC,11,5,1.7647
Portugal_Primeira_Liga,2025-2026,Rio Ave FC,11,6,1.1765
Portugal_Primeira_Liga,2025-2026,Rio Ave FC,11,7,3.0882
Portugal_Primeira_Liga,2025-2026,FC Alverca,0,0,1.5
Portugal_Primeira_Liga,2025-2026,FC Alverca,0,1,1.9412
Portugal_Primeira_Liga,2025-2026,FC Alverca,0,2,3.3529
Portugal_Primeira_Liga,2025-2026,FC Alverca,0,3,13.6176
Portugal_Primeira_Liga,2025-2026,FC Alverca,0,4,13.2353
Portugal_Primeira_Liga,2025-2026,FC Alverca,0,5,3.0882
Portugal_Primeira_Liga,2025-2026,FC Alverca,0,6,2.2353
Portugal_Primeira_Liga,2025-2026,FC Alverca,0,7,2.1765
Portugal_Primeira_Liga,2025-2026,FC Alverca,1,0,4.6471
Portugal_Primeira_Liga,2025-2026,FC Alverca,1,1,4.9118
Portugal_Primeira_Liga,2025-2026,FC Alverca,1,2,6.2647
Portugal_Primeira_Liga,2025-2026,FC Alverca,1,3,13.0294
Portugal_Primeira_Liga,2025-2026,FC Alverca,1,4,10.3235
Portugal_Primeira_Liga,2025-2026,FC Alverca,1,5,5.6176
Portugal_Primeira_Liga,2025-2026,FC Alverca,1,6,4.8235
Portugal_Primeira_Liga,2025-2026,FC Alverca,1,7,5.9412
Portugal_Primeira_Liga,2025-2026,FC Alverca,2,0,6.0882
Portugal_Primeira_Liga,2025-2026,FC Alverca,2,1,5.6765
Portugal_Primeira_Liga,2025-2026,FC Alverca,2,2,6.8529
Portugal_Primeira_Liga,2025-2026,FC Alverca,2,3,6.7059
Portugal_Primeira_Liga,2025-2026,FC Alverca,2,4,5.6765
Portugal_Primeira_Liga,2025-2026,FC Alverca,2,5,8.1765
Portugal_Primeira_Liga,2025-2026,FC Alverca,2,6,7.1471
Portugal_Primeira_Liga,2025-2026,FC Alverca,2,7,7.1765
Portugal_Primeira_Liga,2025-2026,FC Alverca,3,0,9.1176
Portugal_Primeira_Liga,2025-2026,FC Alverca,3,1,9.9706
Portugal_Primeira_Liga,2025-2026,FC Alverca,3,2,10.5294
Portugal_Primeira_Liga,2025-2026,FC Alverca,3,3,11.5294
Portugal_Primeira_Liga,2025-2026,FC Alverca,3,4,11.1765
Portugal_Primeira_Liga,2025-2026,FC Alverca,3,5,11.6765
Portugal_Primeira_Liga,2025-2026,FC Alverca,3,6,10.2941
Portugal_Primeira_Liga,2025-2026,FC Alverca,3,7,8.2647
Portugal_Primeira_Liga,2025-2026,FC Alverca,4,0,9.1765
Portugal_Primeira_Liga,2025-2026,FC Alverca,4,1,9.2941
Portugal_Primeira_Liga,2025-2026,FC Alverca,4,2,10.4118
Portugal_Primeira_Liga,2025-2026,FC Alverca,4,3,10.1471
Portugal_Primeira_Liga,2025-2026,FC Alverca,4,4,8.6471
Portugal_Primeira_Liga,2025-2026,FC Alverca,4,5,10.2353
Portugal_Primeira_Liga,2025-2026,FC Alverca,4,6,9.8529
Portugal_Primeira_Liga,2025-2026,FC Alverca,4,7,10.3235
Portugal_Primeira_Liga,2025-2026,FC Alverca,5,0,7.6176
Portugal_Primeira_Liga,2025-2026,FC Alverca,5,1,8.0588
Portugal_Primeira_Liga,2025-2026,FC Alverca,5,2,10.4118
Portugal_Primeira_Liga,2025-2026,FC Alverca,5,3,6.9412
Portugal_Primeira_Liga,2025-2026,FC Alverca,5,4,7.6765
Portugal_Primeira_Liga,2025-2026,FC Alverca,5,5,8.0882
Portugal_Primeira_Liga,2025-2026,FC Alverca,5,6,6.5294
Portugal_Primeira_Liga,2025-2026,FC Alverca,5,7,8.1765
Portugal_Primeira_Liga,2025-2026,FC Alverca,6,0,8.8529
Portugal_Primeira_Liga,2025-2026,FC Alverca,6,1,6.7059
Portugal_Primeira_Liga,2025-2026,FC Alverca,6,2,7.4118
Portugal_Primeira_Liga,2025-2026,FC Alverca,6,3,6.1471
Portugal_Primeira_Liga,2025-2026,FC Alverca,6,4,6.3824
Portugal_Primeira_Liga,2025-2026,FC Alverca,6,5,6.6765
Portugal_Primeira_Liga,2025-2026,FC Alverca,6,6,6.3235
Portugal_Primeira_Liga,2025-2026,FC Alverca,6,7,7.7059
Portugal_Primeira_Liga,2025-2026,FC Alverca,7,0,9.7647
Portugal_Primeira_Liga,2025-2026,FC Alverca,7,1,7.7941
Portugal_Primeira_Liga,2025-2026,FC Alverca,7,2,8.0
Portugal_Primeira_Liga,2025-2026,FC Alverca,7,3,3.8529
Portugal_Primeira_Liga,2025-2026,FC Alverca,7,4,3.8824
Portugal_Primeira_Liga,2025-2026,FC Alverca,7,5,6.3529
Portugal_Primeira_Liga,2025-2026,FC Alverca,7,6,7.1176
Portugal_Primeira_Liga,2025-2026,FC Alverca,7,7,9.3235
Portugal_Primeira_Liga,2025-2026,FC Alverca,8,0,7.9706
Portugal_Primeira_Liga,2025-2026,FC Alverca,8,1,6.4412
Portugal_Primeira_Liga,2025-2026,FC Alverca,8,2,5.6765
Portugal_Primeira_Liga,2025-2026,FC Alverca,8,3,4.0588
Portugal_Primeira_Liga,2025-2026,FC Alverca,8,4,4.4118
Portugal_Primeira_Liga,2025-2026,FC Alverca,8,5,4.4706
Portugal_Primeira_Liga,2025-2026,FC Alverca,8,6,6.1471
Portugal_Primeira_Liga,2025-2026,FC Alverca,8,7,7.3529
Portugal_Primeira_Liga,2025-2026,FC Alverca,9,0,6.7647
Portugal_Primeira_Liga,2025-2026,FC Alverca,9,1,3.6176
Portugal_Primeira_Liga,2025-2026,FC Alverca,9,2,2.6176
Portugal_Primeira_Liga,2025-2026,FC Alverca,9,3,1.9706
Portugal_Primeira_Liga,2025-2026,FC Alverca,9,4,2.0882
Portugal_Primeira_Liga,2025-2026,FC Alverca,9,5,2.9412
Portugal_Primeira_Liga,2025-2026,FC Alverca,9,6,4.6176
Portugal_Primeira_Liga,2025-2026,FC Alverca,9,7,6.2353
Portugal_Primeira_Liga,2025-2026,FC Alverca,10,0,5.4706
Portugal_Primeira_Liga,2025-2026,FC Alverca,10,1,3.0294
Portugal_Primeira_Liga,2025-2026,FC Alverca,10,2,2.3235
Portugal_Primeira_Liga,2025-2026,FC Alverca,10,3,1.9412
Portugal_Primeira_Liga,2025-2026,FC Alverca,10,4,2.1765
Portugal_Primeira_Liga,2025-2026,FC Alverca,10,5,2.2647
Portugal_Primeira_Liga,2025-2026,FC Alverca,10,6,2.6176
Portugal_Primeira_Liga,2025-2026,FC Alverca,10,7,4.3529
Portugal_Primeira_Liga,2025-2026,FC Alverca,11,0,4.8529
Portugal_Primeira_Liga,2025-2026,FC Alverca,11,1,1.6765
Portugal_Primeira_Liga,2025-2026,FC Alverca,11,2,1.8235
Portugal_Primeira_Liga,2025-2026,FC Alverca,11,3,2.0294
Portugal_Primeira_Liga,2025-2026,FC Alverca,11,4,2.3235
Portugal_Primeira_Liga,2025-2026,FC Alverca,11,5,1.6471
Portugal_Primeira_Liga,2025-2026,FC Alverca,11,6,1.4706
Portugal_Primeira_Liga,2025-2026,FC Alverca,11,7,3.4412
Portugal_Primeira_Liga,2025-2026,Sporting Clube de Portugal,0,0,1.4412
Portugal_Primeira_Liga,2025-2026,Sporting Clube de Portugal,0,1,1.9412
Portugal_Primeira_Liga,2025-2026,Sporting Clube de Portugal,0,2,2.8235
Portugal_Primeira_Liga,2025-2026,Sporting Clube de Portugal,0,3,9.8824
Portugal_Primeira_Liga,2025-2026,Sporting Clube de Portugal,0,4,10.5
Portugal_Primeira_Liga,2025-2026,Sporting Clube de Portugal,0,5,2.5882
Portugal_Primeira_Liga,2025-2026,Sporting Clube de Portugal,0,6,2.1471
Portugal_Primeira_Liga,2025-2026,Sporting Clube de Portugal,0,7,1.5588
Portugal_Primeira_Liga,2025-2026,Sporting Clube de Portugal,1,0,4.0882
Portugal_Primeira_Liga,2025-2026,Sporting Clube de Portugal,1,1,4.6471
Portugal_Primeira_Liga,2025-2026,Sporting Clube de Portugal,1,2,6.1765
Portugal_Primeira_Liga,2025-2026,Sporting Clube de Portugal,1,3,9.5588
Portugal_Primeira_Liga,2025-2026,Sporting Clube de Portugal,1,4,9.4118
Portugal_Primeira_Liga,2025-2026,Sporting Clube de Portugal,1,5,6.2353
Portugal_Primeira_Liga,2025-2026,Sporting Clube de Portugal,1,6,4.8235
Portugal_Primeira_Liga,2025-2026,Sporting Clube de Portugal,1,7,3.7647
Portugal_Primeira_Liga,2025-2026,Sporting Clube de Portugal,2,0,5.5294
Portugal_Primeira_Liga,2025-2026,Sporting Clube de Portugal,2,1,4.9118
Portugal_Primeira_Liga,2025-2026,Sporting Clube de Portugal,2,2,6.8529
Portugal_Primeira_Liga,2025-2026,Sporting Clube de Portugal,2,3,5.2647
Portugal_Primeira_Liga,2025-2026,Sporting Clube de Portugal,2,4,5.0
Portugal_Primeira_Liga,2025-2026,Sporting Clube de Portugal,2,5,7.5588
Portugal_Primeira_Liga,2025-2026,Sporting Clube de Portugal,2,6,5.1176
Portugal_Primeira_Liga,2025-2026,Sporting Clube de Portugal,2,7,4.2353
Portugal_Primeira_Liga,2025-2026,Sporting Clube de Portugal,3,0,7.9706
Portugal_Primeira_Liga,2025-2026,Sporting Clube de Portugal,3,1,9.1471
Portugal_Primeira_Liga,2025-2026,Sporting Clube de Portugal,3,2,13.2941
Portugal_Primeira_Liga,2025-2026,Sporting Clube de Portugal,3,3,10.1176
Portugal_Primeira_Liga,2025-2026,Sporting Clube de Portugal,3,4,11.1176
Portugal_Primeira_Liga,2025-2026,Sporting Clube de Portugal,3,5,14.3529
Portugal_Primeira_Liga,2025-2026,Sporting Clube de Portugal,3,6,9.4706
Portugal_Primeira_Liga,2025-2026,Sporting Clube de Portugal,3,7,7.0882
Portugal_Primeira_Liga,2025-2026,Sporting Clube de Portugal,4,0,7.8235
Portugal_Primeira_Liga,2025-2026,Sporting Clube de Portugal,4,1,10.3529
Portugal_Primeira_Liga,2025-2026,Sporting Clube de Portugal,4,2,15.9118
Portugal_Primeira_Liga,2025-2026,Sporting Clube de Portugal,4,3,10.2353
Portugal_Primeira_Liga,2025-2026,Sporting Clube de Portugal,4,4,10.5294
Portugal_Primeira_Liga,2025-2026,Sporting Clube de Portugal,4,5,16.7647
Portugal_Primeira_Liga,2025-2026,Sporting Clube de Portugal,4,6,11.2647
Portugal_Primeira_Liga,2025-2026,Sporting Clube de Portugal,4,7,7.8235
Portugal_Primeira_Liga,2025-2026,Sporting Clube de Portugal,5,0,5.8824
Portugal_Primeira_Liga,2025-2026,Sporting Clube de Portugal,5,1,8.3235
Portugal_Primeira_Liga,2025-2026,Sporting Clube de Portugal,5,2,12.5882
Portugal_Primeira_Liga,2025-2026,Sporting Clube de Portugal,5,3,11.8235
Portugal_Primeira_Liga,2025-2026,Sporting Clube de Portugal,5,4,11.9118
Portugal_Primeira_Liga,2025-2026,Sporting Clube de Portugal,5,5,13.7647
Portugal_Primeira_Liga,2025-2026,Sporting Clube de Portugal,5,6,9.4706
Portugal_Primeira_Liga,2025-2026,Sporting Clube de Portugal,5,7,7.1765
Portugal_Primeira_Liga,2025-2026,Sporting Clube de Portugal,6,0,7.2059
Portugal_Primeira_Liga,2025-2026,Sporting Clube de Portugal,6,1,10.0588
Portugal_Primeira_Liga,2025-2026,Sporting Clube de Portugal,6,2,13.7353
Portugal_Primeira_Liga,2025-2026,Sporting Clube de Portugal,6,3,11.4118
Portugal_Primeira_Liga,2025-2026,Sporting Clube de Portugal,6,4,11.2647
Portugal_Primeira_Liga,2025-2026,Sporting Clube de Portugal,6,5,14.0294
Portugal_Primeira_Liga,2025-2026,Sporting Clube de Portugal,6,6,10.5294
Portugal_Primeira_Liga,2025-2026,Sporting Clube de Portugal,6,7,8.5294
Portugal_Primeira_Liga,2025-2026,Sporting Clube de Portugal,7,0,13.1176
Portugal_Primeira_Liga,2025-2026,Sporting Clube de Portugal,7,1,13.6176
Portugal_Primeira_Liga,2025-2026,Sporting Clube de Portugal,7,2,16.4412
Portugal_Primeira_Liga,2025-2026,Sporting Clube de Portugal,7,3,8.7059
Portugal_Primeira_Liga,2025-2026,Sporting Clube de Portugal,7,4,8.5
Portugal_Primeira_Liga,2025-2026,Sporting Clube de Portugal,7,5,14.3529
Portugal_Primeira_Liga,2025-2026,Sporting Clube de Portugal,7,6,13.5294
Portugal_Primeira_Liga,2025-2026,Sporting Clube de Portugal,7,7,12.5
Portugal_Primeira_Liga,2025-2026,Sporting Clube de Portugal,8,0,13.3235
Portugal_Primeira_Liga,2025-2026,Sporting Clube de Portugal,8,1,15.0
Portugal_Primeira_Liga,2025-2026,Sporting Clube de Portugal,8,2,13.8824
Portugal_Primeira_Liga,2025-2026,Sporting Clube de Portugal,8,3,9.2941
Portugal_Primeira_Liga,2025-2026,Sporting Clube de Portugal,8,4,8.7353
Portugal_Primeira_Liga,2025-2026,Sporting Clube de Portugal,8,5,11.6471
Portugal_Primeira_Liga,2025-2026,Sporting Clube de Portugal,8,6,9.8824
Portugal_Primeira_Liga,2025-2026,Sporting Clube de Portugal,8,7,11.0294
Portugal_Primeira_Liga,2025-2026,Sporting Clube de Portugal,9,0,9.5882
Portugal_Primeira_Liga,2025-2026,Sporting Clube de Portugal,9,1,8.2647
Portugal_Primeira_Liga,2025-2026,Sporting Clube de Portugal,9,2,7.3824
Portugal_Primeira_Liga,2025-2026,Sporting Clube de Portugal,9,3,4.6471
Portugal_Primeira_Liga,2025-2026,Sporting Clube de Portugal,9,4,4.0588
Portugal_Primeira_Liga,2025-2026,Sporting Clube de Portugal,9,5,5.4118
Portugal_Primeira_Liga,2025-2026,Sporting Clube de Portugal,9,6,5.6176
Portugal_Primeira_Liga,2025-2026,Sporting Clube de Portugal,9,7,7.8235
Portugal_Primeira_Liga,2025-2026,Sporting Clube de Portugal,10,0,5.8824
Portugal_Primeira_Liga,2025-2026,Sporting Clube de Portugal,10,1,5.0294
Portugal_Primeira_Liga,2025-2026,Sporting Clube de Portugal,10,2,5.0588
Portugal_Primeira_Liga,2025-2026,Sporting Clube de Portugal,10,3,4.3529
Portugal_Primeira_Liga,2025-2026,Sporting Clube de Portugal,10,4,4.7647
Portugal_Primeira_Liga,2025-2026,Sporting Clube de Portugal,10,5,5.0588
Portugal_Primeira_Liga,2025-2026,Sporting Clube de Portugal,10,6,4.7647
Portugal_Primeira_Liga,2025-2026,Sporting Clube de Portugal,10,7,4.9706
Portugal_Primeira_Liga,2025-2026,Sporting Clube de Portugal,11,0,5.5588
Portugal_Primeira_Liga,2025-2026,Sporting Clube de Portugal,11,1,2.7941
Portugal_Primeira_Liga,2025-2026,Sporting Clube de Portugal,11,2,3.5
Portugal_Primeira_Liga,2025-2026,Sporting Clube de Portugal,11,3,3.1176
Portugal_Primeira_Liga,2025-2026,Sporting Clube de Portugal,11,4,3.3235
Portugal_Primeira_Liga,2025-2026,Sporting Clube de Portugal,11,5,3.5
Portugal_Primeira_Liga,2025-2026,Sporting Clube de Portugal,11,6,2.6176
Portugal_Primeira_Liga,2025-2026,Sporting Clube de Portugal,11,7,4.9118
Portugal_Primeira_Liga,2025-2026,SL Benfica,0,0,1.1765
Portugal_Primeira_Liga,2025-2026,SL Benfica,0,1,1.7059
Portugal_Primeira_Liga,2025-2026,SL Benfica,0,2,2.0588
Portugal_Primeira_Liga,2025-2026,SL Benfica,0,3,10.3824
Portugal_Primeira_Liga,2025-2026,SL Benfica,0,4,9.1765
Portugal_Primeira_Liga,2025-2026,SL Benfica,0,5,2.1471
Portugal_Primeira_Liga,2025-2026,SL Benfica,0,6,1.2059
Portugal_Primeira_Liga,2025-2026,SL Benfica,0,7,1.4118
Portugal_Primeira_Liga,2025-2026,SL Benfica,1,0,3.4118
Portugal_Primeira_Liga,2025-2026,SL Benfica,1,1,3.0
Portugal_Primeira_Liga,2025-2026,SL Benfica,1,2,4.1471
Portugal_Primeira_Liga,2025-2026,SL Benfica,1,3,8.4118
Portugal_Primeira_Liga,2025-2026,SL Benfica,1,4,7.8529
Portugal_Primeira_Liga,2025-2026,SL Benfica,1,5,4.7353
Portugal_Primeira_Liga,2025-2026,SL Benfica,1,6,2.9706
Portugal_Primeira_Liga,2025-2026,SL Benfica,1,7,3.4706
Portugal_Primeira_Liga,2025-2026,SL Benfica,2,0,5.4118
Portugal_Primeira_Liga,2025-2026,SL Benfica,2,1,4.9412
Portugal_Primeira_Liga,2025-2026,SL Benfica,2,2,5.7059
Portugal_Primeira_Liga,2025-2026,SL Benfica,2,3,4.9412
Portugal_Primeira_Liga,2025-2026,SL Benfica,2,4,4.4412
Portugal_Primeira_Liga,2025-2026,SL Benfica,2,5,6.2941
Portugal_Primeira_Liga,2025-2026,SL Benfica,2,6,4.8235
Portugal_Primeira_Liga,2025-2026,SL Benfica,2,7,4.7059
Portugal_Primeira_Liga,2025-2026,SL Benfica,3,0,7.2647
Portugal_Primeira_Liga,2025-2026,SL Benfica,3,1,8.2941
Portugal_Primeira_Liga,2025-2026,SL Benfica,3,2,10.6176
Portugal_Primeira_Liga,2025-2026,SL Benfica,3,3,8.6471
Portugal_Primeira_Liga,2025-2026,SL Benfica,3,4,10.2647
Portugal_Primeira_Liga,2025-2026,SL Benfica,3,5,11.2941
Portugal_Primeira_Liga,2025-2026,SL Benfica,3,6,9.0588
Portugal_Primeira_Liga,2025-2026,SL Benfica,3,7,7.5588
Portugal_Primeira_Liga,2025-2026,SL Benfica,4,0,8.9412
Portugal_Primeira_Liga,2025-2026,SL Benfica,4,1,10.7353
Portugal_Primeira_Liga,2025-2026,SL Benfica,4,2,13.6176
Portugal_Primeira_Liga,2025-2026,SL Benfica,4,3,8.0588
Portugal_Primeira_Liga,2025-2026,SL Benfica,4,4,8.2647
Portugal_Primeira_Liga,2025-2026,SL Benfica,4,5,14.0882
Portugal_Primeira_Liga,2025-2026,SL Benfica,4,6,9.8529
Portugal_Primeira_Liga,2025-2026,SL Benfica,4,7,10.4118
Portugal_Primeira_Liga,2025-2026,SL Benfica,5,0,8.7353
Portugal_Primeira_Liga,2025-2026,SL Benfica,5,1,9.1176
Portugal_Primeira_Liga,2025-2026,SL Benfica,5,2,11.1471
Portugal_Primeira_Liga,2025-2026,SL Benfica,5,3,8.4706
Portugal_Primeira_Liga,2025-2026,SL Benfica,5,4,9.3529
Portugal_Primeira_Liga,2025-2026,SL Benfica,5,5,10.7941
Portugal_Primeira_Liga,2025-2026,SL Benfica,5,6,7.5
Portugal_Primeira_Liga,2025-2026,SL Benfica,5,7,8.5294
Portugal_Primeira_Liga,2025-2026,SL Benfica,6,0,10.4118
Portugal_Primeira_Liga,2025-2026,SL Benfica,6,1,9.5588
Portugal_Primeira_Liga,2025-2026,SL Benfica,6,2,11.3529
Portugal_Primeira_Liga,2025-2026,SL Benfica,6,3,8.2647
Portugal_Primeira_Liga,2025-2026,SL Benfica,6,4,9.3529
Portugal_Primeira_Liga,2025-2026,SL Benfica,6,5,11.4118
Portugal_Primeira_Liga,2025-2026,SL Benfica,6,6,9.4706
Portugal_Primeira_Liga,2025-2026,SL Benfica,6,7,10.0882
Portugal_Primeira_Liga,2025-2026,SL Benfica,7,0,12.6765
Portugal_Primeira_Liga,2025-2026,SL Benfica,7,1,11.9706
Portugal_Primeira_Liga,2025-2026,SL Benfica,7,2,12.5
Portugal_Primeira_Liga,2025-2026,SL Benfica,7,3,8.4706
Portugal_Primeira_Liga,2025-2026,SL Benfica,7,4,7.6176
Portugal_Primeira_Liga,2025-2026,SL Benfica,7,5,11.3235
Portugal_Primeira_Liga,2025-2026,SL Benfica,7,6,12.2647
Portugal_Primeira_Liga,2025-2026,SL Benfica,7,7,12.7059
Portugal_Primeira_Liga,2025-2026,SL Benfica,8,0,13.1765
Portugal_Primeira_Liga,2025-2026,SL Benfica,8,1,11.2941
Portugal_Primeira_Liga,2025-2026,SL Benfica,8,2,11.0882
Portugal_Primeira_Liga,2025-2026,SL Benfica,8,3,8.5294
Portugal_Primeira_Liga,2025-2026,SL Benfica,8,4,7.9118
Portugal_Primeira_Liga,2025-2026,SL Benfica,8,5,11.2353
Portugal_Primeira_Liga,2025-2026,SL Benfica,8,6,10.3529
Portugal_Primeira_Liga,2025-2026,SL Benfica,8,7,11.5588
Portugal_Primeira_Liga,2025-2026,SL Benfica,9,0,10.7353
Portugal_Primeira_Liga,2025-2026,SL Benfica,9,1,8.4706
Portugal_Primeira_Liga,2025-2026,SL Benfica,9,2,5.9118
Portugal_Primeira_Liga,2025-2026,SL Benfica,9,3,4.2941
Portugal_Primeira_Liga,2025-2026,SL Benfica,9,4,3.9118
Portugal_Primeira_Liga,2025-2026,SL Benfica,9,5,6.7353
Portugal_Primeira_Liga,2025-2026,SL Benfica,9,6,7.5
Portugal_Primeira_Liga,2025-2026,SL Benfica,9,7,9.9412
Portugal_Primeira_Liga,2025-2026,SL Benfica,10,0,7.0588
Portugal_Primeira_Liga,2025-2026,SL Benfica,10,1,5.6765
Portugal_Primeira_Liga,2025-2026,SL Benfica,10,2,5.2941
Portugal_Primeira_Liga,2025-2026,SL Benfica,10,3,4.8235
Portugal_Primeira_Liga,2025-2026,SL Benfica,10,4,5.4118
Portugal_Primeira_Liga,2025-2026,SL Benfica,10,5,6.0294
Portugal_Primeira_Liga,2025-2026,SL Benfica,10,6,5.3529
Portugal_Primeira_Liga,2025-2026,SL Benfica,10,7,6.0294
Portugal_Primeira_Liga,2025-2026,SL Benfica,11,0,6.8824
Portugal_Primeira_Liga,2025-2026,SL Benfica,11,1,3.1765
Portugal_Primeira_Liga,2025-2026,SL Benfica,11,2,3.3529
Portugal_Primeira_Liga,2025-2026,SL Benfica,11,3,3.5
Portugal_Primeira_Liga,2025-2026,SL Benfica,11,4,3.5
Portugal_Primeira_Liga,2025-2026,SL Benfica,11,5,3.5882
Portugal_Primeira_Liga,2025-2026,SL Benfica,11,6,3.2647
Portugal_Primeira_Liga,2025-2026,SL Benfica,11,7,5.1765
Portugal_Primeira_Liga,2025-2026,Vitória SC Guimarães,0,0,1.3824
Portugal_Primeira_Liga,2025-2026,Vitória SC Guimarães,0,1,1.7647
Portugal_Primeira_Liga,2025-2026,Vitória SC Guimarães,0,2,2.4118
Portugal_Primeira_Liga,2025-2026,Vitória SC Guimarães,0,3,10.9118
Portugal_Primeira_Liga,2025-2026,Vitória SC Guimarães,0,4,10.6471
Portugal_Primeira_Liga,2025-2026,Vitória SC Guimarães,0,5,2.6471
Portugal_Primeira_Liga,2025-2026,Vitória SC Guimarães,0,6,1.6471
Portugal_Primeira_Liga,2025-2026,Vitória SC Guimarães,0,7,1.4412
Portugal_Primeira_Liga,2025-2026,Vitória SC Guimarães,1,0,3.6471
Portugal_Primeira_Liga,2025-2026,Vitória SC Guimarães,1,1,3.9118
Portugal_Primeira_Liga,2025-2026,Vitória SC Guimarães,1,2,4.3529
Portugal_Primeira_Liga,2025-2026,Vitória SC Guimarães,1,3,10.1176
Portugal_Primeira_Liga,2025-2026,Vitória SC Guimarães,1,4,10.0
Portugal_Primeira_Liga,2025-2026,Vitória SC Guimarães,1,5,4.7941
Portugal_Primeira_Liga,2025-2026,Vitória SC Guimarães,1,6,4.1765
Portugal_Primeira_Liga,2025-2026,Vitória SC Guimarães,1,7,3.6765
Portugal_Primeira_Liga,2025-2026,Vitória SC Guimarães,2,0,5.5882
Portugal_Primeira_Liga,2025-2026,Vitória SC Guimarães,2,1,5.0
Portugal_Primeira_Liga,2025-2026,Vitória SC Guimarães,2,2,5.7059
Portugal_Primeira_Liga,2025-2026,Vitória SC Guimarães,2,3,5.5294
Portugal_Primeira_Liga,2025-2026,Vitória SC Guimarães,2,4,6.4412
Portugal_Primeira_Liga,2025-2026,Vitória SC Guimarães,2,5,6.4412
Portugal_Primeira_Liga,2025-2026,Vitória SC Guimarães,2,6,4.6176
Portugal_Primeira_Liga,2025-2026,Vitória SC Guimarães,2,7,4.8235
Portugal_Primeira_Liga,2025-2026,Vitória SC Guimarães,3,0,8.4118
Portugal_Primeira_Liga,2025-2026,Vitória SC Guimarães,3,1,9.5294
Portugal_Primeira_Liga,2025-2026,Vitória SC Guimarães,3,2,11.0
Portugal_Primeira_Liga,2025-2026,Vitória SC Guimarães,3,3,9.5882
Portugal_Primeira_Liga,2025-2026,Vitória SC Guimarães,3,4,10.4412
Portugal_Primeira_Liga,2025-2026,Vitória SC Guimarães,3,5,9.8529
Portugal_Primeira_Liga,2025-2026,Vitória SC Guimarães,3,6,8.0294
Portugal_Primeira_Liga,2025-2026,Vitória SC Guimarães,3,7,7.4118
Portugal_Primeira_Liga,2025-2026,Vitória SC Guimarães,4,0,11.2353
Portugal_Primeira_Liga,2025-2026,Vitória SC Guimarães,4,1,11.0882
Portugal_Primeira_Liga,2025-2026,Vitória SC Guimarães,4,2,13.2059
Portugal_Primeira_Liga,2025-2026,Vitória SC Guimarães,4,3,8.3235
Portugal_Primeira_Liga,2025-2026,Vitória SC Guimarães,4,4,8.7941
Portugal_Primeira_Liga,2025-2026,Vitória SC Guimarães,4,5,13.4706
Portugal_Primeira_Liga,2025-2026,Vitória SC Guimarães,4,6,10.5588
Portugal_Primeira_Liga,2025-2026,Vitória SC Guimarães,4,7,9.1176
Portugal_Primeira_Liga,2025-2026,Vitória SC Guimarães,5,0,6.9118
Portugal_Primeira_Liga,2025-2026,Vitória SC Guimarães,5,1,7.2941
Portugal_Primeira_Liga,2025-2026,Vitória SC Guimarães,5,2,8.8235
Portugal_Primeira_Liga,2025-2026,Vitória SC Guimarães,5,3,7.9706
Portugal_Primeira_Liga,2025-2026,Vitória SC Guimarães,5,4,9.0882
Portugal_Primeira_Liga,2025-2026,Vitória SC Guimarães,5,5,9.8824
Portugal_Primeira_Liga,2025-2026,Vitória SC Guimarães,5,6,7.4118
Portugal_Primeira_Liga,2025-2026,Vitória SC Guimarães,5,7,6.5
Portugal_Primeira_Liga,2025-2026,Vitória SC Guimarães,6,0,9.0
Portugal_Primeira_Liga,2025-2026,Vitória SC Guimarães,6,1,8.4118
Portugal_Primeira_Liga,2025-2026,Vitória SC Guimarães,6,2,9.8824
Portugal_Primeira_Liga,2025-2026,Vitória SC Guimarães,6,3,7.3824
Portugal_Primeira_Liga,2025-2026,Vitória SC Guimarães,6,4,7.8824
Portugal_Primeira_Liga,2025-2026,Vitória SC Guimarães,6,5,8.8824
Portugal_Primeira_Liga,2025-2026,Vitória SC Guimarães,6,6,7.5588
Portugal_Primeira_Liga,2025-2026,Vitória SC Guimarães,6,7,9.0588
Portugal_Primeira_Liga,2025-2026,Vitória SC Guimarães,7,0,11.9412
Portugal_Primeira_Liga,2025-2026,Vitória SC Guimarães,7,1,9.8235
Portugal_Primeira_Liga,2025-2026,Vitória SC Guimarães,7,2,9.5882
Portugal_Primeira_Liga,2025-2026,Vitória SC Guimarães,7,3,5.1176
Portugal_Primeira_Liga,2025-2026,Vitória SC Guimarães,7,4,5.0882
Portugal_Primeira_Liga,2025-2026,Vitória SC Guimarães,7,5,9.3529
Portugal_Primeira_Liga,2025-2026,Vitória SC Guimarães,7,6,9.4118
Portugal_Primeira_Liga,2025-2026,Vitória SC Guimarães,7,7,10.7353
Portugal_Primeira_Liga,2025-2026,Vitória SC Guimarães,8,0,10.5
Portugal_Primeira_Liga,2025-2026,Vitória SC Guimarães,8,1,8.2059
Portugal_Primeira_Liga,2025-2026,Vitória SC Guimarães,8,2,7.4412
Portugal_Primeira_Liga,2025-2026,Vitória SC Guimarães,8,3,5.1765
Portugal_Primeira_Liga,2025-2026,Vitória SC Guimarães,8,4,5.0588
Portugal_Primeira_Liga,2025-2026,Vitória SC Guimarães,8,5,7.6471
Portugal_Primeira_Liga,2025-2026,Vitória SC Guimarães,8,6,8.7941
Portugal_Primeira_Liga,2025-2026,Vitória SC Guimarães,8,7,10.1765
Portugal_Primeira_Liga,2025-2026,Vitória SC Guimarães,9,0,8.4118
Portugal_Primeira_Liga,2025-2026,Vitória SC Guimarães,9,1,4.5882
Portugal_Primeira_Liga,2025-2026,Vitória SC Guimarães,9,2,3.6471
Portugal_Primeira_Liga,2025-2026,Vitória SC Guimarães,9,3,2.1471
Portugal_Primeira_Liga,2025-2026,Vitória SC Guimarães,9,4,2.9412
Portugal_Primeira_Liga,2025-2026,Vitória SC Guimarães,9,5,4.0294
Portugal_Primeira_Liga,2025-2026,Vitória SC Guimarães,9,6,5.0882
Portugal_Primeira_Liga,2025-2026,Vitória SC Guimarães,9,7,6.2059
Portugal_Primeira_Liga,2025-2026,Vitória SC Guimarães,10,0,5.8235
Portugal_Primeira_Liga,2025-2026,Vitória SC Guimarães,10,1,3.4118
Portugal_Primeira_Liga,2025-2026,Vitória SC Guimarães,10,2,2.2647
Portugal_Primeira_Liga,2025-2026,Vitória SC Guimarães,10,3,4.0882
Portugal_Primeira_Liga,2025-2026,Vitória SC Guimarães,10,4,4.6471
Portugal_Primeira_Liga,2025-2026,Vitória SC Guimarães,10,5,3.5294
Portugal_Primeira_Liga,2025-2026,Vitória SC Guimarães,10,6,3.7941
Portugal_Primeira_Liga,2025-2026,Vitória SC Guimarães,10,7,5.6765
Portugal_Primeira_Liga,2025-2026,Vitória SC Guimarães,11,0,4.2647
Portugal_Primeira_Liga,2025-2026,Vitória SC Guimarães,11,1,2.3529
Portugal_Primeira_Liga,2025-2026,Vitória SC Guimarães,11,2,1.7941
Portugal_Primeira_Liga,2025-2026,Vitória SC Guimarães,11,3,1.8824
Portugal_Primeira_Liga,2025-2026,Vitória SC Guimarães,11,4,2.0882
Portugal_Primeira_Liga,2025-2026,Vitória SC Guimarães,11,5,1.8529
Portugal_Primeira_Liga,2025-2026,Vitória SC Guimarães,11,6,2.9706
Portugal_Primeira_Liga,2025-2026,Vitória SC Guimarães,11,7,4.7353
Italy_Serie_A,2025-2026,Juventus FC,0,0,1.5946
Italy_Serie_A,2025-2026,Juventus FC,0,1,1.4054
Italy_Serie_A,2025-2026,Juventus FC,0,2,3.2973
Italy_Serie_A,2025-2026,Juventus FC,0,3,9.8108
Italy_Serie_A,2025-2026,Juventus FC,0,4,10.3243
Italy_Serie_A,2025-2026,Juventus FC,0,5,2.9459
Italy_Serie_A,2025-2026,Juventus FC,0,6,2.1892
Italy_Serie_A,2025-2026,Juventus FC,0,7,1.7838
Italy_Serie_A,2025-2026,Juventus FC,1,0,3.3514
Italy_Serie_A,2025-2026,Juventus FC,1,1,4.0
Italy_Serie_A,2025-2026,Juventus FC,1,2,4.7838
Italy_Serie_A,2025-2026,Juventus FC,1,3,9.5405
Italy_Serie_A,2025-2026,Juventus FC,1,4,9.2162
Italy_Serie_A,2025-2026,Juventus FC,1,5,5.4865
Italy_Serie_A,2025-2026,Juventus FC,1,6,5.5676
Italy_Serie_A,2025-2026,Juventus FC,1,7,4.7027
Italy_Serie_A,2025-2026,Juventus FC,2,0,4.9189
Italy_Serie_A,2025-2026,Juventus FC,2,1,5.4054
Italy_Serie_A,2025-2026,Juventus FC,2,2,5.7568
Italy_Serie_A,2025-2026,Juventus FC,2,3,5.4324
Italy_Serie_A,2025-2026,Juventus FC,2,4,5.0811
Italy_Serie_A,2025-2026,Juventus FC,2,5,6.3784
Italy_Serie_A,2025-2026,Juventus FC,2,6,5.7568
Italy_Serie_A,2025-2026,Juventus FC,2,7,5.1351
Italy_Serie_A,2025-2026,Juventus FC,3,0,7.6486
Italy_Serie_A,2025-2026,Juventus FC,3,1,8.1351
Italy_Serie_A,2025-2026,Juventus FC,3,2,10.5676
Italy_Serie_A,2025-2026,Juventus FC,3,3,11.4865
Italy_Serie_A,2025-2026,Juventus FC,3,4,10.9189
Italy_Serie_A,2025-2026,Juventus FC,3,5,13.6216
Italy_Serie_A,2025-2026,Juventus FC,3,6,10.1892
Italy_Serie_A,2025-2026,Juventus FC,3,7,9.027
Italy_Serie_A,2025-2026,Juventus FC,4,0,9.1892
Italy_Serie_A,2025-2026,Juventus FC,4,1,11.5405
Italy_Serie_A,2025-2026,Juventus FC,4,2,14.2973
Italy_Serie_A,2025-2026,Juventus FC,4,3,10.8378
Italy_Serie_A,2025-2026,Juventus FC,4,4,9.6216
Italy_Serie_A,2025-2026,Juventus FC,4,5,17.7838
Italy_Serie_A,2025-2026,Juventus FC,4,6,11.3243
Italy_Serie_A,2025-2026,Juventus FC,4,7,11.2432
Italy_Serie_A,2025-2026,Juventus FC,5,0,7.9189
Italy_Serie_A,2025-2026,Juventus FC,5,1,7.7568
Italy_Serie_A,2025-2026,Juventus FC,5,2,10.9459
Italy_Serie_A,2025-2026,Juventus FC,5,3,8.8108
Italy_Serie_A,2025-2026,Juventus FC,5,4,9.2703
Italy_Serie_A,2025-2026,Juventus FC,5,5,12.1351
Italy_Serie_A,2025-2026,Juventus FC,5,6,9.1892
Italy_Serie_A,2025-2026,Juventus FC,5,7,8.8378
Italy_Serie_A,2025-2026,Juventus FC,6,0,8.9459
Italy_Serie_A,2025-2026,Juventus FC,6,1,10.0
Italy_Serie_A,2025-2026,Juventus FC,6,2,11.1081
Italy_Serie_A,2025-2026,Juventus FC,6,3,8.1081
Italy_Serie_A,2025-2026,Juventus FC,6,4,9.3784
Italy_Serie_A,2025-2026,Juventus FC,6,5,13.2703
Italy_Serie_A,2025-2026,Juventus FC,6,6,10.3514
Italy_Serie_A,2025-2026,Juventus FC,6,7,9.1892
Italy_Serie_A,2025-2026,Juventus FC,7,0,13.7027
Italy_Serie_A,2025-2026,Juventus FC,7,1,13.7568
Italy_Serie_A,2025-2026,Juventus FC,7,2,12.973
Italy_Serie_A,2025-2026,Juventus FC,7,3,6.5946
Italy_Serie_A,2025-2026,Juventus FC,7,4,7.5946
Italy_Serie_A,2025-2026,Juventus FC,7,5,13.0
Italy_Serie_A,2025-2026,Juventus FC,7,6,13.6216
Italy_Serie_A,2025-2026,Juventus FC,7,7,13.1892
Italy_Serie_A,2025-2026,Juventus FC,8,0,11.3514
Italy_Serie_A,2025-2026,Juventus FC,8,1,11.7297
Italy_Serie_A,2025-2026,Juventus FC,8,2,11.4324
Italy_Serie_A,2025-2026,Juventus FC,8,3,8.6216
Italy_Serie_A,2025-2026,Juventus FC,8,4,8.9459
Italy_Serie_A,2025-2026,Juventus FC,8,5,11.4595
Italy_Serie_A,2025-2026,Juventus FC,8,6,12.7027
Italy_Serie_A,2025-2026,Juventus FC,8,7,11.8649
Italy_Serie_A,2025-2026,Juventus FC,9,0,8.5135
Italy_Serie_A,2025-2026,Juventus FC,9,1,7.6486
Italy_Serie_A,2025-2026,Juventus FC,9,2,5.6486
Italy_Serie_A,2025-2026,Juventus FC,9,3,4.7838
Italy_Serie_A,2025-2026,Juventus FC,9,4,4.9459
Italy_Serie_A,2025-2026,Juventus FC,9,5,7.8108
Italy_Serie_A,2025-2026,Juventus FC,9,6,7.5676
Italy_Serie_A,2025-2026,Juventus FC,9,7,7.1081
Italy_Serie_A,2025-2026,Juventus FC,10,0,6.1081
Italy_Serie_A,2025-2026,Juventus FC,10,1,5.2162
Italy_Serie_A,2025-2026,Juventus FC,10,2,5.3514
Italy_Serie_A,2025-2026,Juventus FC,10,3,5.4865
Italy_Serie_A,2025-2026,Juventus FC,10,4,5.8378
Italy_Serie_A,2025-2026,Juventus FC,10,5,5.5946
Italy_Serie_A,2025-2026,Juventus FC,10,6,5.3784
Italy_Serie_A,2025-2026,Juventus FC,10,7,6.6486
Italy_Serie_A,2025-2026,Juventus FC,11,0,4.0
Italy_Serie_A,2025-2026,Juventus FC,11,1,2.8919
Italy_Serie_A,2025-2026,Juventus FC,11,2,2.9459
Italy_Serie_A,2025-2026,Juventus FC,11,3,2.4054
Italy_Serie_A,2025-2026,Juventus FC,11,4,3.4324
Italy_Serie_A,2025-2026,Juventus FC,11,5,3.4324
Italy_Serie_A,2025-2026,Juventus FC,11,6,2.6757
Italy_Serie_A,2025-2026,Juventus FC,11,7,5.0541
Italy_Serie_A,2025-2026,US Cremonese,0,0,1.7778
Italy_Serie_A,2025-2026,US Cremonese,0,1,1.8333
Italy_Serie_A,2025-2026,US Cremonese,0,2,4.1944
Italy_Serie_A,2025-2026,US Cremonese,0,3,16.1944
Italy_Serie_A,2025-2026,US Cremonese,0,4,15.6667
Italy_Serie_A,2025-2026,US Cremonese,0,5,3.4167
Italy_Serie_A,2025-2026,US Cremonese,0,6,1.8333
Italy_Serie_A,2025-2026,US Cremonese,0,7,1.6389
Italy_Serie_A,2025-2026,US Cremonese,1,0,3.4444
Italy_Serie_A,2025-2026,US Cremonese,1,1,3.6944
Italy_Serie_A,2025-2026,US Cremonese,1,2,6.6667
Italy_Serie_A,2025-2026,US Cremonese,1,3,17.2222
Italy_Serie_A,2025-2026,US Cremonese,1,4,14.7778
Italy_Serie_A,2025-2026,US Cremonese,1,5,5.8611
Italy_Serie_A,2025-2026,US Cremonese,1,6,4.6111
Italy_Serie_A,2025-2026,US Cremonese,1,7,3.0556
Italy_Serie_A,2025-2026,US Cremonese,2,0,4.6944
Italy_Serie_A,2025-2026,US Cremonese,2,1,5.7778
Italy_Serie_A,2025-2026,US Cremonese,2,2,7.5
Italy_Serie_A,2025-2026,US Cremonese,2,3,7.5833
Italy_Serie_A,2025-2026,US Cremonese,2,4,5.6389
Italy_Serie_A,2025-2026,US Cremonese,2,5,6.75
Italy_Serie_A,2025-2026,US Cremonese,2,6,6.0556
Italy_Serie_A,2025-2026,US Cremonese,2,7,6.0833
Italy_Serie_A,2025-2026,US Cremonese,3,0,7.5278
Italy_Serie_A,2025-2026,US Cremonese,3,1,8.9722
Italy_Serie_A,2025-2026,US Cremonese,3,2,10.9444
Italy_Serie_A,2025-2026,US Cremonese,3,3,12.0833
Italy_Serie_A,2025-2026,US Cremonese,3,4,10.1389
Italy_Serie_A,2025-2026,US Cremonese,3,5,11.5278
Italy_Serie_A,2025-2026,US Cremonese,3,6,9.4722
Italy_Serie_A,2025-2026,US Cremonese,3,7,9.1389
Italy_Serie_A,2025-2026,US Cremonese,4,0,9.7778
Italy_Serie_A,2025-2026,US Cremonese,4,1,8.8333
Italy_Serie_A,2025-2026,US Cremonese,4,2,12.3889
Italy_Serie_A,2025-2026,US Cremonese,4,3,9.4444
Italy_Serie_A,2025-2026,US Cremonese,4,4,8.6111
Italy_Serie_A,2025-2026,US Cremonese,4,5,12.25
Italy_Serie_A,2025-2026,US Cremonese,4,6,9.1667
Italy_Serie_A,2025-2026,US Cremonese,4,7,9.5833
Italy_Serie_A,2025-2026,US Cremonese,5,0,7.1667
Italy_Serie_A,2025-2026,US Cremonese,5,1,6.9444
Italy_Serie_A,2025-2026,US Cremonese,5,2,9.1944
Italy_Serie_A,2025-2026,US Cremonese,5,3,8.4722
Italy_Serie_A,2025-2026,US Cremonese,5,4,8.8611
Italy_Serie_A,2025-2026,US Cremonese,5,5,9.9444
Italy_Serie_A,2025-2026,US Cremonese,5,6,6.5278
Italy_Serie_A,2025-2026,US Cremonese,5,7,7.4722
Italy_Serie_A,2025-2026,US Cremonese,6,0,8.25
Italy_Serie_A,2025-2026,US Cremonese,6,1,8.0278
Italy_Serie_A,2025-2026,US Cremonese,6,2,9.4167
Italy_Serie_A,2025-2026,US Cremonese,6,3,7.3056
Italy_Serie_A,2025-2026,US Cremonese,6,4,7.6111
Italy_Serie_A,2025-2026,US Cremonese,6,5,7.5556
Italy_Serie_A,2025-2026,US Cremonese,6,6,7.25
Italy_Serie_A,2025-2026,US Cremonese,6,7,8.0556
Italy_Serie_A,2025-2026,US Cremonese,7,0,11.0833
Italy_Serie_A,2025-2026,US Cremonese,7,1,9.6944
Italy_Serie_A,2025-2026,US Cremonese,7,2,9.6944
Italy_Serie_A,2025-2026,US Cremonese,7,3,5.7222
Italy_Serie_A,2025-2026,US Cremonese,7,4,4.9444
Italy_Serie_A,2025-2026,US Cremonese,7,5,7.1667
Italy_Serie_A,2025-2026,US Cremonese,7,6,8.4722
Italy_Serie_A,2025-2026,US Cremonese,7,7,9.3889
Italy_Serie_A,2025-2026,US Cremonese,8,0,9.4722
Italy_Serie_A,2025-2026,US Cremonese,8,1,7.1667
Italy_Serie_A,2025-2026,US Cremonese,8,2,7.0278
Italy_Serie_A,2025-2026,US Cremonese,8,3,5.3333
Italy_Serie_A,2025-2026,US Cremonese,8,4,4.0556
Italy_Serie_A,2025-2026,US Cremonese,8,5,4.7222
Italy_Serie_A,2025-2026,US Cremonese,8,6,5.6111
Italy_Serie_A,2025-2026,US Cremonese,8,7,8.2778
Italy_Serie_A,2025-2026,US Cremonese,9,0,5.9722
Italy_Serie_A,2025-2026,US Cremonese,9,1,3.4722
Italy_Serie_A,2025-2026,US Cremonese,9,2,3.0278
Italy_Serie_A,2025-2026,US Cremonese,9,3,2.4444
Italy_Serie_A,2025-2026,US Cremonese,9,4,1.9167
Italy_Serie_A,2025-2026,US Cremonese,9,5,2.7222
Italy_Serie_A,2025-2026,US Cremonese,9,6,2.8333
Italy_Serie_A,2025-2026,US Cremonese,9,7,5.5278
Italy_Serie_A,2025-2026,US Cremonese,10,0,4.4167
Italy_Serie_A,2025-2026,US Cremonese,10,1,2.5278
Italy_Serie_A,2025-2026,US Cremonese,10,2,2.4167
Italy_Serie_A,2025-2026,US Cremonese,10,3,3.4444
Italy_Serie_A,2025-2026,US Cremonese,10,4,2.8889
Italy_Serie_A,2025-2026,US Cremonese,10,5,1.4444
Italy_Serie_A,2025-2026,US Cremonese,10,6,1.5556
Italy_Serie_A,2025-2026,US Cremonese,10,7,4.25
Italy_Serie_A,2025-2026,US Cremonese,11,0,4.1389
Italy_Serie_A,2025-2026,US Cremonese,11,1,1.4722
Italy_Serie_A,2025-2026,US Cremonese,11,2,1.3611
Italy_Serie_A,2025-2026,US Cremonese,11,3,1.3056
Italy_Serie_A,2025-2026,US Cremonese,11,4,1.6389
Italy_Serie_A,2025-2026,US Cremonese,11,5,0.6944
Italy_Serie_A,2025-2026,US Cremonese,11,6,1.6667
Italy_Serie_A,2025-2026,US Cremonese,11,7,3.8333
Italy_Serie_A,2025-2026,ACF Fiorentina,0,0,1.2973
Italy_Serie_A,2025-2026,ACF Fiorentina,0,1,1.7297
Italy_Serie_A,2025-2026,ACF Fiorentina,0,2,3.5946
Italy_Serie_A,2025-2026,ACF Fiorentina,0,3,12.4865
Italy_Serie_A,2025-2026,ACF Fiorentina,0,4,13.6216
Italy_Serie_A,2025-2026,ACF Fiorentina,0,5,2.8649
Italy_Serie_A,2025-2026,ACF Fiorentina,0,6,1.8378
Italy_Serie_A,2025-2026,ACF Fiorentina,0,7,1.8108
Italy_Serie_A,2025-2026,ACF Fiorentina,1,0,3.3243
Italy_Serie_A,2025-2026,ACF Fiorentina,1,1,4.3243
Italy_Serie_A,2025-2026,ACF Fiorentina,1,2,5.8919
Italy_Serie_A,2025-2026,ACF Fiorentina,1,3,13.5946
Italy_Serie_A,2025-2026,ACF Fiorentina,1,4,11.2973
Italy_Serie_A,2025-2026,ACF Fiorentina,1,5,5.6216
Italy_Serie_A,2025-2026,ACF Fiorentina,1,6,4.2162
Italy_Serie_A,2025-2026,ACF Fiorentina,1,7,4.0
Italy_Serie_A,2025-2026,ACF Fiorentina,2,0,4.9459
Italy_Serie_A,2025-2026,ACF Fiorentina,2,1,3.7027
Italy_Serie_A,2025-2026,ACF Fiorentina,2,2,5.8919
Italy_Serie_A,2025-2026,ACF Fiorentina,2,3,6.5135
Italy_Serie_A,2025-2026,ACF Fiorentina,2,4,5.1351
Italy_Serie_A,2025-2026,ACF Fiorentina,2,5,7.1081
Italy_Serie_A,2025-2026,ACF Fiorentina,2,6,4.9189
Italy_Serie_A,2025-2026,ACF Fiorentina,2,7,6.0
Italy_Serie_A,2025-2026,ACF Fiorentina,3,0,7.2703
Italy_Serie_A,2025-2026,ACF Fiorentina,3,1,8.9189
Italy_Serie_A,2025-2026,ACF Fiorentina,3,2,12.2162
Italy_Serie_A,2025-2026,ACF Fiorentina,3,3,10.5405
Italy_Serie_A,2025-2026,ACF Fiorentina,3,4,10.9189
Italy_Serie_A,2025-2026,ACF Fiorentina,3,5,12.0
Italy_Serie_A,2025-2026,ACF Fiorentina,3,6,9.8378
Italy_Serie_A,2025-2026,ACF Fiorentina,3,7,9.2432
Italy_Serie_A,2025-2026,ACF Fiorentina,4,0,8.7568
Italy_Serie_A,2025-2026,ACF Fiorentina,4,1,8.5946
Italy_Serie_A,2025-2026,ACF Fiorentina,4,2,13.5946
Italy_Serie_A,2025-2026,ACF Fiorentina,4,3,7.8108
Italy_Serie_A,2025-2026,ACF Fiorentina,4,4,9.4054
Italy_Serie_A,2025-2026,ACF Fiorentina,4,5,13.4054
Italy_Serie_A,2025-2026,ACF Fiorentina,4,6,11.1622
Italy_Serie_A,2025-2026,ACF Fiorentina,4,7,9.8649
Italy_Serie_A,2025-2026,ACF Fiorentina,5,0,6.5946
Italy_Serie_A,2025-2026,ACF Fiorentina,5,1,6.7568
Italy_Serie_A,2025-2026,ACF Fiorentina,5,2,10.027
Italy_Serie_A,2025-2026,ACF Fiorentina,5,3,8.3784
Italy_Serie_A,2025-2026,ACF Fiorentina,5,4,10.4865
Italy_Serie_A,2025-2026,ACF Fiorentina,5,5,10.8649
Italy_Serie_A,2025-2026,ACF Fiorentina,5,6,8.4324
Italy_Serie_A,2025-2026,ACF Fiorentina,5,7,8.3784
Italy_Serie_A,2025-2026,ACF Fiorentina,6,0,7.8649
Italy_Serie_A,2025-2026,ACF Fiorentina,6,1,6.6486
Italy_Serie_A,2025-2026,ACF Fiorentina,6,2,8.4865
Italy_Serie_A,2025-2026,ACF Fiorentina,6,3,7.8649
Italy_Serie_A,2025-2026,ACF Fiorentina,6,4,7.6486
Italy_Serie_A,2025-2026,ACF Fiorentina,6,5,10.1892
Italy_Serie_A,2025-2026,ACF Fiorentina,6,6,8.4865
Italy_Serie_A,2025-2026,ACF Fiorentina,6,7,8.5135
Italy_Serie_A,2025-2026,ACF Fiorentina,7,0,10.1081
Italy_Serie_A,2025-2026,ACF Fiorentina,7,1,9.2973
Italy_Serie_A,2025-2026,ACF Fiorentina,7,2,9.8919
Italy_Serie_A,2025-2026,ACF Fiorentina,7,3,5.4054
Italy_Serie_A,2025-2026,ACF Fiorentina,7,4,5.6486
Italy_Serie_A,2025-2026,ACF Fiorentina,7,5,10.5405
Italy_Serie_A,2025-2026,ACF Fiorentina,7,6,11.0
Italy_Serie_A,2025-2026,ACF Fiorentina,7,7,11.3514
Italy_Serie_A,2025-2026,ACF Fiorentina,8,0,8.6757
Italy_Serie_A,2025-2026,ACF Fiorentina,8,1,8.1622
Italy_Serie_A,2025-2026,ACF Fiorentina,8,2,8.1892
Italy_Serie_A,2025-2026,ACF Fiorentina,8,3,6.7297
Italy_Serie_A,2025-2026,ACF Fiorentina,8,4,6.9459
Italy_Serie_A,2025-2026,ACF Fiorentina,8,5,8.1351
Italy_Serie_A,2025-2026,ACF Fiorentina,8,6,7.9459
Italy_Serie_A,2025-2026,ACF Fiorentina,8,7,9.027
Italy_Serie_A,2025-2026,ACF Fiorentina,9,0,5.3514
Italy_Serie_A,2025-2026,ACF Fiorentina,9,1,4.3514
Italy_Serie_A,2025-2026,ACF Fiorentina,9,2,4.0541
Italy_Serie_A,2025-2026,ACF Fiorentina,9,3,3.0811
Italy_Serie_A,2025-2026,ACF Fiorentina,9,4,3.5135
Italy_Serie_A,2025-2026,ACF Fiorentina,9,5,3.9459
Italy_Serie_A,2025-2026,ACF Fiorentina,9,6,3.8108
Italy_Serie_A,2025-2026,ACF Fiorentina,9,7,4.5135
Italy_Serie_A,2025-2026,ACF Fiorentina,10,0,4.027
Italy_Serie_A,2025-2026,ACF Fiorentina,10,1,4.2162
Italy_Serie_A,2025-2026,ACF Fiorentina,10,2,3.6216
Italy_Serie_A,2025-2026,ACF Fiorentina,10,3,3.4865
Italy_Serie_A,2025-2026,ACF Fiorentina,10,4,3.7838
Italy_Serie_A,2025-2026,ACF Fiorentina,10,5,3.5676
Italy_Serie_A,2025-2026,ACF Fiorentina,10,6,3.3514
Italy_Serie_A,2025-2026,ACF Fiorentina,10,7,3.4595
Italy_Serie_A,2025-2026,ACF Fiorentina,11,0,3.9189
Italy_Serie_A,2025-2026,ACF Fiorentina,11,1,2.4865
Italy_Serie_A,2025-2026,ACF Fiorentina,11,2,1.5676
Italy_Serie_A,2025-2026,ACF Fiorentina,11,3,2.2432
Italy_Serie_A,2025-2026,ACF Fiorentina,11,4,2.1351
Italy_Serie_A,2025-2026,ACF Fiorentina,11,5,1.973
Italy_Serie_A,2025-2026,ACF Fiorentina,11,6,1.973
Italy_Serie_A,2025-2026,ACF Fiorentina,11,7,3.4595
Italy_Serie_A,2025-2026,US Lecce,0,0,1.0833
Italy_Serie_A,2025-2026,US Lecce,0,1,1.4444
Italy_Serie_A,2025-2026,US Lecce,0,2,3.75
Italy_Serie_A,2025-2026,US Lecce,0,3,13.5833
Italy_Serie_A,2025-2026,US Lecce,0,4,12.8333
Italy_Serie_A,2025-2026,US Lecce,0,5,2.5833
Italy_Serie_A,2025-2026,US Lecce,0,6,1.2778
Italy_Serie_A,2025-2026,US Lecce,0,7,1.75
Italy_Serie_A,2025-2026,US Lecce,1,0,3.1389
Italy_Serie_A,2025-2026,US Lecce,1,1,3.2222
Italy_Serie_A,2025-2026,US Lecce,1,2,7.4167
Italy_Serie_A,2025-2026,US Lecce,1,3,12.3889
Italy_Serie_A,2025-2026,US Lecce,1,4,9.25
Italy_Serie_A,2025-2026,US Lecce,1,5,5.1111
Italy_Serie_A,2025-2026,US Lecce,1,6,3.1667
Italy_Serie_A,2025-2026,US Lecce,1,7,2.9167
Italy_Serie_A,2025-2026,US Lecce,2,0,4.5278
Italy_Serie_A,2025-2026,US Lecce,2,1,3.6667
Italy_Serie_A,2025-2026,US Lecce,2,2,5.8889
Italy_Serie_A,2025-2026,US Lecce,2,3,5.5
Italy_Serie_A,2025-2026,US Lecce,2,4,4.0
Italy_Serie_A,2025-2026,US Lecce,2,5,5.6667
Italy_Serie_A,2025-2026,US Lecce,2,6,4.1389
Italy_Serie_A,2025-2026,US Lecce,2,7,3.6111
Italy_Serie_A,2025-2026,US Lecce,3,0,7.3333
Italy_Serie_A,2025-2026,US Lecce,3,1,6.6944
Italy_Serie_A,2025-2026,US Lecce,3,2,9.6111
Italy_Serie_A,2025-2026,US Lecce,3,3,8.8056
Italy_Serie_A,2025-2026,US Lecce,3,4,7.8611
Italy_Serie_A,2025-2026,US Lecce,3,5,9.3889
Italy_Serie_A,2025-2026,US Lecce,3,6,7.1944
Italy_Serie_A,2025-2026,US Lecce,3,7,7.6389
Italy_Serie_A,2025-2026,US Lecce,4,0,8.2778
Italy_Serie_A,2025-2026,US Lecce,4,1,8.75
Italy_Serie_A,2025-2026,US Lecce,4,2,10.75
Italy_Serie_A,2025-2026,US Lecce,4,3,6.25
Italy_Serie_A,2025-2026,US Lecce,4,4,6.7778
Italy_Serie_A,2025-2026,US Lecce,4,5,11.8056
Italy_Serie_A,2025-2026,US Lecce,4,6,9.0278
Italy_Serie_A,2025-2026,US Lecce,4,7,10.0
Italy_Serie_A,2025-2026,US Lecce,5,0,8.7222
Italy_Serie_A,2025-2026,US Lecce,5,1,6.6389
Italy_Serie_A,2025-2026,US Lecce,5,2,8.3056
Italy_Serie_A,2025-2026,US Lecce,5,3,6.8333
Italy_Serie_A,2025-2026,US Lecce,5,4,7.1667
Italy_Serie_A,2025-2026,US Lecce,5,5,7.9722
Italy_Serie_A,2025-2026,US Lecce,5,6,5.5833
Italy_Serie_A,2025-2026,US Lecce,5,7,7.75
Italy_Serie_A,2025-2026,US Lecce,6,0,10.75
Italy_Serie_A,2025-2026,US Lecce,6,1,8.9722
Italy_Serie_A,2025-2026,US Lecce,6,2,8.9167
Italy_Serie_A,2025-2026,US Lecce,6,3,7.2222
Italy_Serie_A,2025-2026,US Lecce,6,4,6.5556
Italy_Serie_A,2025-2026,US Lecce,6,5,7.8056
Italy_Serie_A,2025-2026,US Lecce,6,6,6.75
Italy_Serie_A,2025-2026,US Lecce,6,7,8.5833
Italy_Serie_A,2025-2026,US Lecce,7,0,13.5833
Italy_Serie_A,2025-2026,US Lecce,7,1,9.75
Italy_Serie_A,2025-2026,US Lecce,7,2,10.8889
Italy_Serie_A,2025-2026,US Lecce,7,3,4.6667
Italy_Serie_A,2025-2026,US Lecce,7,4,4.3889
Italy_Serie_A,2025-2026,US Lecce,7,5,8.6389
Italy_Serie_A,2025-2026,US Lecce,7,6,8.0556
Italy_Serie_A,2025-2026,US Lecce,7,7,9.9167
Italy_Serie_A,2025-2026,US Lecce,8,0,11.75
Italy_Serie_A,2025-2026,US Lecce,8,1,7.3889
Italy_Serie_A,2025-2026,US Lecce,8,2,7.1944
Italy_Serie_A,2025-2026,US Lecce,8,3,4.7778
Italy_Serie_A,2025-2026,US Lecce,8,4,4.1111
Italy_Serie_A,2025-2026,US Lecce,8,5,5.5833
Italy_Serie_A,2025-2026,US Lecce,8,6,6.1389
Italy_Serie_A,2025-2026,US Lecce,8,7,8.7222
Italy_Serie_A,2025-2026,US Lecce,9,0,7.8889
Italy_Serie_A,2025-2026,US Lecce,9,1,3.8611
Italy_Serie_A,2025-2026,US Lecce,9,2,3.1111
Italy_Serie_A,2025-2026,US Lecce,9,3,1.8611
Italy_Serie_A,2025-2026,US Lecce,9,4,2.3889
Italy_Serie_A,2025-2026,US Lecce,9,5,2.8333
Italy_Serie_A,2025-2026,US Lecce,9,6,3.6111
Italy_Serie_A,2025-2026,US Lecce,9,7,6.3889
Italy_Serie_A,2025-2026,US Lecce,10,0,7.0556
Italy_Serie_A,2025-2026,US Lecce,10,1,3.6389
Italy_Serie_A,2025-2026,US Lecce,10,2,2.8333
Italy_Serie_A,2025-2026,US Lecce,10,3,2.1944
Italy_Serie_A,2025-2026,US Lecce,10,4,2.5833
Italy_Serie_A,2025-2026,US Lecce,10,5,1.8889
Italy_Serie_A,2025-2026,US Lecce,10,6,3.3611
Italy_Serie_A,2025-2026,US Lecce,10,7,4.75
Italy_Serie_A,2025-2026,US Lecce,11,0,4.8611
Italy_Serie_A,2025-2026,US Lecce,11,1,2.1111
Italy_Serie_A,2025-2026,US Lecce,11,2,1.8611
Italy_Serie_A,2025-2026,US Lecce,11,3,1.8333
Italy_Serie_A,2025-2026,US Lecce,11,4,1.7222
Italy_Serie_A,2025-2026,US Lecce,11,5,1.5556
Italy_Serie_A,2025-2026,US Lecce,11,6,2.1111
Italy_Serie_A,2025-2026,US Lecce,11,7,3.8333
Italy_Serie_A,2025-2026,SS Lazio,0,0,1.8378
Italy_Serie_A,2025-2026,SS Lazio,0,1,2.1351
Italy_Serie_A,2025-2026,SS Lazio,0,2,3.4054
Italy_Serie_A,2025-2026,SS Lazio,0,3,13.7838
Italy_Serie_A,2025-2026,SS Lazio,0,4,13.5405
Italy_Serie_A,2025-2026,SS Lazio,0,5,2.9189
Italy_Serie_A,2025-2026,SS Lazio,0,6,1.7838
Italy_Serie_A,2025-2026,SS Lazio,0,7,1.5946
Italy_Serie_A,2025-2026,SS Lazio,1,0,4.6757
Italy_Serie_A,2025-2026,SS Lazio,1,1,3.9189
Italy_Serie_A,2025-2026,SS Lazio,1,2,7.0541
Italy_Serie_A,2025-2026,SS Lazio,1,3,12.027
Italy_Serie_A,2025-2026,SS Lazio,1,4,11.3243
Italy_Serie_A,2025-2026,SS Lazio,1,5,5.973
Italy_Serie_A,2025-2026,SS Lazio,1,6,4.2973
Italy_Serie_A,2025-2026,SS Lazio,1,7,5.1622
Italy_Serie_A,2025-2026,SS Lazio,2,0,6.2703
Italy_Serie_A,2025-2026,SS Lazio,2,1,5.0
Italy_Serie_A,2025-2026,SS Lazio,2,2,6.9189
Italy_Serie_A,2025-2026,SS Lazio,2,3,6.1081
Italy_Serie_A,2025-2026,SS Lazio,2,4,4.8378
Italy_Serie_A,2025-2026,SS Lazio,2,5,5.6216
Italy_Serie_A,2025-2026,SS Lazio,2,6,5.973
Italy_Serie_A,2025-2026,SS Lazio,2,7,6.8378
Italy_Serie_A,2025-2026,SS Lazio,3,0,10.5946
Italy_Serie_A,2025-2026,SS Lazio,3,1,9.3514
Italy_Serie_A,2025-2026,SS Lazio,3,2,12.4595
Italy_Serie_A,2025-2026,SS Lazio,3,3,11.1892
Italy_Serie_A,2025-2026,SS Lazio,3,4,11.1892
Italy_Serie_A,2025-2026,SS Lazio,3,5,12.8108
Italy_Serie_A,2025-2026,SS Lazio,3,6,9.7838
Italy_Serie_A,2025-2026,SS Lazio,3,7,11.6216
Italy_Serie_A,2025-2026,SS Lazio,4,0,12.1622
Italy_Serie_A,2025-2026,SS Lazio,4,1,11.0
Italy_Serie_A,2025-2026,SS Lazio,4,2,12.2162
Italy_Serie_A,2025-2026,SS Lazio,4,3,10.0
Italy_Serie_A,2025-2026,SS Lazio,4,4,9.027
Italy_Serie_A,2025-2026,SS Lazio,4,5,13.8649
Italy_Serie_A,2025-2026,SS Lazio,4,6,12.2703
Italy_Serie_A,2025-2026,SS Lazio,4,7,12.8649
Italy_Serie_A,2025-2026,SS Lazio,5,0,8.8378
Italy_Serie_A,2025-2026,SS Lazio,5,1,7.7568
Italy_Serie_A,2025-2026,SS Lazio,5,2,12.027
Italy_Serie_A,2025-2026,SS Lazio,5,3,9.5135
Italy_Serie_A,2025-2026,SS Lazio,5,4,8.5405
Italy_Serie_A,2025-2026,SS Lazio,5,5,10.3243
Italy_Serie_A,2025-2026,SS Lazio,5,6,9.2162
Italy_Serie_A,2025-2026,SS Lazio,5,7,9.6486
Italy_Serie_A,2025-2026,SS Lazio,6,0,10.8649
Italy_Serie_A,2025-2026,SS Lazio,6,1,8.3514
Italy_Serie_A,2025-2026,SS Lazio,6,2,11.1351
Italy_Serie_A,2025-2026,SS Lazio,6,3,8.4595
Italy_Serie_A,2025-2026,SS Lazio,6,4,7.4865
Italy_Serie_A,2025-2026,SS Lazio,6,5,10.5405
Italy_Serie_A,2025-2026,SS Lazio,6,6,8.8378
Italy_Serie_A,2025-2026,SS Lazio,6,7,11.0
Italy_Serie_A,2025-2026,SS Lazio,7,0,14.973
Italy_Serie_A,2025-2026,SS Lazio,7,1,12.8919
Italy_Serie_A,2025-2026,SS Lazio,7,2,11.8378
Italy_Serie_A,2025-2026,SS Lazio,7,3,5.4324
Italy_Serie_A,2025-2026,SS Lazio,7,4,5.9189
Italy_Serie_A,2025-2026,SS Lazio,7,5,11.2162
Italy_Serie_A,2025-2026,SS Lazio,7,6,12.5676
Italy_Serie_A,2025-2026,SS Lazio,7,7,15.4324
Italy_Serie_A,2025-2026,SS Lazio,8,0,11.1351
Italy_Serie_A,2025-2026,SS Lazio,8,1,8.7568
Italy_Serie_A,2025-2026,SS Lazio,8,2,7.1622
Italy_Serie_A,2025-2026,SS Lazio,8,3,5.2162
Italy_Serie_A,2025-2026,SS Lazio,8,4,4.4595
Italy_Serie_A,2025-2026,SS Lazio,8,5,6.7027
Italy_Serie_A,2025-2026,SS Lazio,8,6,9.0811
Italy_Serie_A,2025-2026,SS Lazio,8,7,12.1351
Italy_Serie_A,2025-2026,SS Lazio,9,0,4.5135
Italy_Serie_A,2025-2026,SS Lazio,9,1,3.6216
Italy_Serie_A,2025-2026,SS Lazio,9,2,2.6757
Italy_Serie_A,2025-2026,SS Lazio,9,3,2.4054
Italy_Serie_A,2025-2026,SS Lazio,9,4,2.1351
Italy_Serie_A,2025-2026,SS Lazio,9,5,4.0
Italy_Serie_A,2025-2026,SS Lazio,9,6,3.4595
Italy_Serie_A,2025-2026,SS Lazio,9,7,6.5135
Italy_Serie_A,2025-2026,SS Lazio,10,0,3.973
Italy_Serie_A,2025-2026,SS Lazio,10,1,2.4865
Italy_Serie_A,2025-2026,SS Lazio,10,2,2.4865
Italy_Serie_A,2025-2026,SS Lazio,10,3,3.0
Italy_Serie_A,2025-2026,SS Lazio,10,4,2.8919
Italy_Serie_A,2025-2026,SS Lazio,10,5,3.1351
Italy_Serie_A,2025-2026,SS Lazio,10,6,2.973
Italy_Serie_A,2025-2026,SS Lazio,10,7,5.0541
Italy_Serie_A,2025-2026,SS Lazio,11,0,3.2162
Italy_Serie_A,2025-2026,SS Lazio,11,1,1.8378
Italy_Serie_A,2025-2026,SS Lazio,11,2,2.0811
Italy_Serie_A,2025-2026,SS Lazio,11,3,1.6216
Italy_Serie_A,2025-2026,SS Lazio,11,4,1.7027
Italy_Serie_A,2025-2026,SS Lazio,11,5,2.1351
Italy_Serie_A,2025-2026,SS Lazio,11,6,2.1081
Italy_Serie_A,2025-2026,SS Lazio,11,7,3.2432
Italy_Serie_A,2025-2026,Cagliari Calcio,0,0,1.2778
Italy_Serie_A,2025-2026,Cagliari Calcio,0,1,1.4167
Italy_Serie_A,2025-2026,Cagliari Calcio,0,2,3.1944
Italy_Serie_A,2025-2026,Cagliari Calcio,0,3,13.5
Italy_Serie_A,2025-2026,Cagliari Calcio,0,4,14.9722
Italy_Serie_A,2025-2026,Cagliari Calcio,0,5,3.4722
Italy_Serie_A,2025-2026,Cagliari Calcio,0,6,2.25
Italy_Serie_A,2025-2026,Cagliari Calcio,0,7,3.1111
Italy_Serie_A,2025-2026,Cagliari Calcio,1,0,4.2222
Italy_Serie_A,2025-2026,Cagliari Calcio,1,1,5.4444
Italy_Serie_A,2025-2026,Cagliari Calcio,1,2,6.5278
Italy_Serie_A,2025-2026,Cagliari Calcio,1,3,12.1667
Italy_Serie_A,2025-2026,Cagliari Calcio,1,4,10.6667
Italy_Serie_A,2025-2026,Cagliari Calcio,1,5,6.9167
Italy_Serie_A,2025-2026,Cagliari Calcio,1,6,4.4444
Italy_Serie_A,2025-2026,Cagliari Calcio,1,7,4.7222
Italy_Serie_A,2025-2026,Cagliari Calcio,2,0,6.6389
Italy_Serie_A,2025-2026,Cagliari Calcio,2,1,5.8611
Italy_Serie_A,2025-2026,Cagliari Calcio,2,2,7.2778
Italy_Serie_A,2025-2026,Cagliari Calcio,2,3,6.9444
Italy_Serie_A,2025-2026,Cagliari Calcio,2,4,6.0
Italy_Serie_A,2025-2026,Cagliari Calcio,2,5,8.6944
Italy_Serie_A,2025-2026,Cagliari Calcio,2,6,5.9722
Italy_Serie_A,2025-2026,Cagliari Calcio,2,7,6.6389
Italy_Serie_A,2025-2026,Cagliari Calcio,3,0,11.1111
Italy_Serie_A,2025-2026,Cagliari Calcio,3,1,11.3611
Italy_Serie_A,2025-2026,Cagliari Calcio,3,2,12.6111
Italy_Serie_A,2025-2026,Cagliari Calcio,3,3,10.9722
Italy_Serie_A,2025-2026,Cagliari Calcio,3,4,11.0556
Italy_Serie_A,2025-2026,Cagliari Calcio,3,5,13.8056
Italy_Serie_A,2025-2026,Cagliari Calcio,3,6,10.6111
Italy_Serie_A,2025-2026,Cagliari Calcio,3,7,12.4444
Italy_Serie_A,2025-2026,Cagliari Calcio,4,0,12.75
Italy_Serie_A,2025-2026,Cagliari Calcio,4,1,10.9444
Italy_Serie_A,2025-2026,Cagliari Calcio,4,2,12.4167
Italy_Serie_A,2025-2026,Cagliari Calcio,4,3,8.6944
Italy_Serie_A,2025-2026,Cagliari Calcio,4,4,8.3056
Italy_Serie_A,2025-2026,Cagliari Calcio,4,5,12.3889
Italy_Serie_A,2025-2026,Cagliari Calcio,4,6,11.8056
Italy_Serie_A,2025-2026,Cagliari Calcio,4,7,12.5
Italy_Serie_A,2025-2026,Cagliari Calcio,5,0,7.3056
Italy_Serie_A,2025-2026,Cagliari Calcio,5,1,8.1389
Italy_Serie_A,2025-2026,Cagliari Calcio,5,2,9.7222
Italy_Serie_A,2025-2026,Cagliari Calcio,5,3,8.0278
Italy_Serie_A,2025-2026,Cagliari Calcio,5,4,7.3333
Italy_Serie_A,2025-2026,Cagliari Calcio,5,5,8.7222
Italy_Serie_A,2025-2026,Cagliari Calcio,5,6,7.3611
Italy_Serie_A,2025-2026,Cagliari Calcio,5,7,7.3611
Italy_Serie_A,2025-2026,Cagliari Calcio,6,0,9.8889
Italy_Serie_A,2025-2026,Cagliari Calcio,6,1,6.9167
Italy_Serie_A,2025-2026,Cagliari Calcio,6,2,7.7222
Italy_Serie_A,2025-2026,Cagliari Calcio,6,3,5.4444
Italy_Serie_A,2025-2026,Cagliari Calcio,6,4,6.2222
Italy_Serie_A,2025-2026,Cagliari Calcio,6,5,8.0556
Italy_Serie_A,2025-2026,Cagliari Calcio,6,6,6.6111
Italy_Serie_A,2025-2026,Cagliari Calcio,6,7,7.6944
Italy_Serie_A,2025-2026,Cagliari Calcio,7,0,9.8333
Italy_Serie_A,2025-2026,Cagliari Calcio,7,1,8.6389
Italy_Serie_A,2025-2026,Cagliari Calcio,7,2,6.1667
Italy_Serie_A,2025-2026,Cagliari Calcio,7,3,3.9167
Italy_Serie_A,2025-2026,Cagliari Calcio,7,4,3.9722
Italy_Serie_A,2025-2026,Cagliari Calcio,7,5,8.4444
Italy_Serie_A,2025-2026,Cagliari Calcio,7,6,7.8333
Italy_Serie_A,2025-2026,Cagliari Calcio,7,7,10.0833
Italy_Serie_A,2025-2026,Cagliari Calcio,8,0,7.4722
Italy_Serie_A,2025-2026,Cagliari Calcio,8,1,6.1667
Italy_Serie_A,2025-2026,Cagliari Calcio,8,2,4.9722
Italy_Serie_A,2025-2026,Cagliari Calcio,8,3,3.5556
Italy_Serie_A,2025-2026,Cagliari Calcio,8,4,5.1667
Italy_Serie_A,2025-2026,Cagliari Calcio,8,5,5.25
Italy_Serie_A,2025-2026,Cagliari Calcio,8,6,6.0278
Italy_Serie_A,2025-2026,Cagliari Calcio,8,7,6.4167
Italy_Serie_A,2025-2026,Cagliari Calcio,9,0,4.9167
Italy_Serie_A,2025-2026,Cagliari Calcio,9,1,3.2222
Italy_Serie_A,2025-2026,Cagliari Calcio,9,2,3.1667
Italy_Serie_A,2025-2026,Cagliari Calcio,9,3,2.2778
Italy_Serie_A,2025-2026,Cagliari Calcio,9,4,2.0556
Italy_Serie_A,2025-2026,Cagliari Calcio,9,5,2.5556
Italy_Serie_A,2025-2026,Cagliari Calcio,9,6,2.3333
Italy_Serie_A,2025-2026,Cagliari Calcio,9,7,4.1944
Italy_Serie_A,2025-2026,Cagliari Calcio,10,0,3.7222
Italy_Serie_A,2025-2026,Cagliari Calcio,10,1,2.1389
Italy_Serie_A,2025-2026,Cagliari Calcio,10,2,2.8333
Italy_Serie_A,2025-2026,Cagliari Calcio,10,3,2.8333
Italy_Serie_A,2025-2026,Cagliari Calcio,10,4,2.9167
Italy_Serie_A,2025-2026,Cagliari Calcio,10,5,2.1111
Italy_Serie_A,2025-2026,Cagliari Calcio,10,6,1.9722
Italy_Serie_A,2025-2026,Cagliari Calcio,10,7,2.75
Italy_Serie_A,2025-2026,Cagliari Calcio,11,0,3.9167
Italy_Serie_A,2025-2026,Cagliari Calcio,11,1,1.7222
Italy_Serie_A,2025-2026,Cagliari Calcio,11,2,1.25
Italy_Serie_A,2025-2026,Cagliari Calcio,11,3,1.4444
Italy_Serie_A,2025-2026,Cagliari Calcio,11,4,1.5556
Italy_Serie_A,2025-2026,Cagliari Calcio,11,5,1.6389
Italy_Serie_A,2025-2026,Cagliari Calcio,11,6,1.3611
Italy_Serie_A,2025-2026,Cagliari Calcio,11,7,2.8333
Italy_Serie_A,2025-2026,AS Roma,0,0,1.6757
Italy_Serie_A,2025-2026,AS Roma,0,1,1.2973
Italy_Serie_A,2025-2026,AS Roma,0,2,2.8108
Italy_Serie_A,2025-2026,AS Roma,0,3,11.4324
Italy_Serie_A,2025-2026,AS Roma,0,4,8.2162
Italy_Serie_A,2025-2026,AS Roma,0,5,2.3243
Italy_Serie_A,2025-2026,AS Roma,0,6,1.2162
Italy_Serie_A,2025-2026,AS Roma,0,7,1.0811
Italy_Serie_A,2025-2026,AS Roma,1,0,3.7297
Italy_Serie_A,2025-2026,AS Roma,1,1,4.7297
Italy_Serie_A,2025-2026,AS Roma,1,2,6.8108
Italy_Serie_A,2025-2026,AS Roma,1,3,13.027
Italy_Serie_A,2025-2026,AS Roma,1,4,10.7568
Italy_Serie_A,2025-2026,AS Roma,1,5,5.6486
Italy_Serie_A,2025-2026,AS Roma,1,6,4.0541
Italy_Serie_A,2025-2026,AS Roma,1,7,2.973
Italy_Serie_A,2025-2026,AS Roma,2,0,5.3784
Italy_Serie_A,2025-2026,AS Roma,2,1,4.7297
Italy_Serie_A,2025-2026,AS Roma,2,2,5.2703
Italy_Serie_A,2025-2026,AS Roma,2,3,6.3514
Italy_Serie_A,2025-2026,AS Roma,2,4,4.2432
Italy_Serie_A,2025-2026,AS Roma,2,5,5.973
Italy_Serie_A,2025-2026,AS Roma,2,6,6.2703
Italy_Serie_A,2025-2026,AS Roma,2,7,5.3784
Italy_Serie_A,2025-2026,AS Roma,3,0,11.7297
Italy_Serie_A,2025-2026,AS Roma,3,1,9.5676
Italy_Serie_A,2025-2026,AS Roma,3,2,11.7027
Italy_Serie_A,2025-2026,AS Roma,3,3,9.8108
Italy_Serie_A,2025-2026,AS Roma,3,4,10.027
Italy_Serie_A,2025-2026,AS Roma,3,5,11.3784
Italy_Serie_A,2025-2026,AS Roma,3,6,12.2162
Italy_Serie_A,2025-2026,AS Roma,3,7,11.1351
Italy_Serie_A,2025-2026,AS Roma,4,0,14.5676
Italy_Serie_A,2025-2026,AS Roma,4,1,10.0
Italy_Serie_A,2025-2026,AS Roma,4,2,12.6486
Italy_Serie_A,2025-2026,AS Roma,4,3,8.4595
Italy_Serie_A,2025-2026,AS Roma,4,4,7.9189
Italy_Serie_A,2025-2026,AS Roma,4,5,13.3514
Italy_Serie_A,2025-2026,AS Roma,4,6,13.1892
Italy_Serie_A,2025-2026,AS Roma,4,7,14.5405
Italy_Serie_A,2025-2026,AS Roma,5,0,10.1622
Italy_Serie_A,2025-2026,AS Roma,5,1,8.5946
Italy_Serie_A,2025-2026,AS Roma,5,2,8.6757
Italy_Serie_A,2025-2026,AS Roma,5,3,7.2703
Italy_Serie_A,2025-2026,AS Roma,5,4,7.8649
Italy_Serie_A,2025-2026,AS Roma,5,5,10.0
Italy_Serie_A,2025-2026,AS Roma,5,6,9.6216
Italy_Serie_A,2025-2026,AS Roma,5,7,11.2432
Italy_Serie_A,2025-2026,AS Roma,6,0,12.5946
Italy_Serie_A,2025-2026,AS Roma,6,1,9.5405
Italy_Serie_A,2025-2026,AS Roma,6,2,9.9189
Italy_Serie_A,2025-2026,AS Roma,6,3,7.1351
Italy_Serie_A,2025-2026,AS Roma,6,4,7.4324
Italy_Serie_A,2025-2026,AS Roma,6,5,10.7297
Italy_Serie_A,2025-2026,AS Roma,6,6,10.2973
Italy_Serie_A,2025-2026,AS Roma,6,7,11.5135
Italy_Serie_A,2025-2026,AS Roma,7,0,17.2162
Italy_Serie_A,2025-2026,AS Roma,7,1,13.4865
Italy_Serie_A,2025-2026,AS Roma,7,2,13.6486
Italy_Serie_A,2025-2026,AS Roma,7,3,7.2432
Italy_Serie_A,2025-2026,AS Roma,7,4,6.3784
Italy_Serie_A,2025-2026,AS Roma,7,5,10.2973
Italy_Serie_A,2025-2026,AS Roma,7,6,12.7027
Italy_Serie_A,2025-2026,AS Roma,7,7,15.5946
Italy_Serie_A,2025-2026,AS Roma,8,0,15.027
Italy_Serie_A,2025-2026,AS Roma,8,1,11.4324
Italy_Serie_A,2025-2026,AS Roma,8,2,8.7838
Italy_Serie_A,2025-2026,AS Roma,8,3,7.1892
Italy_Serie_A,2025-2026,AS Roma,8,4,5.3784
Italy_Serie_A,2025-2026,AS Roma,8,5,9.2162
Italy_Serie_A,2025-2026,AS Roma,8,6,10.1081
Italy_Serie_A,2025-2026,AS Roma,8,7,12.1351
Italy_Serie_A,2025-2026,AS Roma,9,0,9.7838
Italy_Serie_A,2025-2026,AS Roma,9,1,6.2432
Italy_Serie_A,2025-2026,AS Roma,9,2,4.2973
Italy_Serie_A,2025-2026,AS Roma,9,3,3.7568
Italy_Serie_A,2025-2026,AS Roma,9,4,3.3784
Italy_Serie_A,2025-2026,AS Roma,9,5,4.1081
Italy_Serie_A,2025-2026,AS Roma,9,6,5.1622
Italy_Serie_A,2025-2026,AS Roma,9,7,7.5676
Italy_Serie_A,2025-2026,AS Roma,10,0,7.1892
Italy_Serie_A,2025-2026,AS Roma,10,1,4.3784
Italy_Serie_A,2025-2026,AS Roma,10,2,4.3243
Italy_Serie_A,2025-2026,AS Roma,10,3,4.7027
Italy_Serie_A,2025-2026,AS Roma,10,4,5.027
Italy_Serie_A,2025-2026,AS Roma,10,5,4.0
Italy_Serie_A,2025-2026,AS Roma,10,6,3.2703
Italy_Serie_A,2025-2026,AS Roma,10,7,5.6216
Italy_Serie_A,2025-2026,AS Roma,11,0,5.6216
Italy_Serie_A,2025-2026,AS Roma,11,1,2.9189
Italy_Serie_A,2025-2026,AS Roma,11,2,2.5946
Italy_Serie_A,2025-2026,AS Roma,11,3,2.7027
Italy_Serie_A,2025-2026,AS Roma,11,4,2.5676
Italy_Serie_A,2025-2026,AS Roma,11,5,1.8649
Italy_Serie_A,2025-2026,AS Roma,11,6,2.1351
Italy_Serie_A,2025-2026,AS Roma,11,7,4.1622
Italy_Serie_A,2025-2026,AC Milan,0,0,1.5946
Italy_Serie_A,2025-2026,AC Milan,0,1,1.7568
Italy_Serie_A,2025-2026,AC Milan,0,2,2.5135
Italy_Serie_A,2025-2026,AC Milan,0,3,10.7297
Italy_Serie_A,2025-2026,AC Milan,0,4,12.6216
Italy_Serie_A,2025-2026,AC Milan,0,5,3.2432
Italy_Serie_A,2025-2026,AC Milan,0,6,1.8919
Italy_Serie_A,2025-2026,AC Milan,0,7,1.8378
Italy_Serie_A,2025-2026,AC Milan,1,0,4.2162
Italy_Serie_A,2025-2026,AC Milan,1,1,4.4324
Italy_Serie_A,2025-2026,AC Milan,1,2,5.7027
Italy_Serie_A,2025-2026,AC Milan,1,3,11.7297
Italy_Serie_A,2025-2026,AC Milan,1,4,11.4595
Italy_Serie_A,2025-2026,AC Milan,1,5,5.7027
Italy_Serie_A,2025-2026,AC Milan,1,6,4.027
Italy_Serie_A,2025-2026,AC Milan,1,7,4.4054
Italy_Serie_A,2025-2026,AC Milan,2,0,6.027
Italy_Serie_A,2025-2026,AC Milan,2,1,5.9459
Italy_Serie_A,2025-2026,AC Milan,2,2,6.6486
Italy_Serie_A,2025-2026,AC Milan,2,3,7.4324
Italy_Serie_A,2025-2026,AC Milan,2,4,7.1892
Italy_Serie_A,2025-2026,AC Milan,2,5,6.4054
Italy_Serie_A,2025-2026,AC Milan,2,6,5.6757
Italy_Serie_A,2025-2026,AC Milan,2,7,5.973
Italy_Serie_A,2025-2026,AC Milan,3,0,9.7838
Italy_Serie_A,2025-2026,AC Milan,3,1,9.7568
Italy_Serie_A,2025-2026,AC Milan,3,2,12.0541
Italy_Serie_A,2025-2026,AC Milan,3,3,9.7568
Italy_Serie_A,2025-2026,AC Milan,3,4,8.5135
Italy_Serie_A,2025-2026,AC Milan,3,5,10.8919
Italy_Serie_A,2025-2026,AC Milan,3,6,9.2703
Italy_Serie_A,2025-2026,AC Milan,3,7,8.3514
Italy_Serie_A,2025-2026,AC Milan,4,0,12.4054
Italy_Serie_A,2025-2026,AC Milan,4,1,10.3784
Italy_Serie_A,2025-2026,AC Milan,4,2,13.9459
Italy_Serie_A,2025-2026,AC Milan,4,3,10.1892
Italy_Serie_A,2025-2026,AC Milan,4,4,9.3514
Italy_Serie_A,2025-2026,AC Milan,4,5,12.027
Italy_Serie_A,2025-2026,AC Milan,4,6,9.5676
Italy_Serie_A,2025-2026,AC Milan,4,7,9.8108
Italy_Serie_A,2025-2026,AC Milan,5,0,9.7027
Italy_Serie_A,2025-2026,AC Milan,5,1,6.8378
Italy_Serie_A,2025-2026,AC Milan,5,2,10.2162
Italy_Serie_A,2025-2026,AC Milan,5,3,7.5135
Italy_Serie_A,2025-2026,AC Milan,5,4,8.9459
Italy_Serie_A,2025-2026,AC Milan,5,5,12.6486
Italy_Serie_A,2025-2026,AC Milan,5,6,8.7297
Italy_Serie_A,2025-2026,AC Milan,5,7,9.3514
Italy_Serie_A,2025-2026,AC Milan,6,0,10.6486
Italy_Serie_A,2025-2026,AC Milan,6,1,8.7027
Italy_Serie_A,2025-2026,AC Milan,6,2,10.0811
Italy_Serie_A,2025-2026,AC Milan,6,3,7.7838
Italy_Serie_A,2025-2026,AC Milan,6,4,8.3784
Italy_Serie_A,2025-2026,AC Milan,6,5,12.2973
Italy_Serie_A,2025-2026,AC Milan,6,6,10.3784
Italy_Serie_A,2025-2026,AC Milan,6,7,13.1081
Italy_Serie_A,2025-2026,AC Milan,7,0,13.5405
Italy_Serie_A,2025-2026,AC Milan,7,1,10.2162
Italy_Serie_A,2025-2026,AC Milan,7,2,10.027
Italy_Serie_A,2025-2026,AC Milan,7,3,5.7027
Italy_Serie_A,2025-2026,AC Milan,7,4,6.8378
Italy_Serie_A,2025-2026,AC Milan,7,5,10.7568
Italy_Serie_A,2025-2026,AC Milan,7,6,11.3243
Italy_Serie_A,2025-2026,AC Milan,7,7,13.973
Italy_Serie_A,2025-2026,AC Milan,8,0,9.9189
Italy_Serie_A,2025-2026,AC Milan,8,1,8.8919
Italy_Serie_A,2025-2026,AC Milan,8,2,8.1892
Italy_Serie_A,2025-2026,AC Milan,8,3,6.5946
Italy_Serie_A,2025-2026,AC Milan,8,4,7.7568
Italy_Serie_A,2025-2026,AC Milan,8,5,10.1081
Italy_Serie_A,2025-2026,AC Milan,8,6,9.4324
Italy_Serie_A,2025-2026,AC Milan,8,7,12.0811
Italy_Serie_A,2025-2026,AC Milan,9,0,5.2973
Italy_Serie_A,2025-2026,AC Milan,9,1,4.6216
Italy_Serie_A,2025-2026,AC Milan,9,2,4.6486
Italy_Serie_A,2025-2026,AC Milan,9,3,3.4595
Italy_Serie_A,2025-2026,AC Milan,9,4,3.6757
Italy_Serie_A,2025-2026,AC Milan,9,5,4.8649
Italy_Serie_A,2025-2026,AC Milan,9,6,5.9459
Italy_Serie_A,2025-2026,AC Milan,9,7,7.9189
Italy_Serie_A,2025-2026,AC Milan,10,0,4.7027
Italy_Serie_A,2025-2026,AC Milan,10,1,3.7568
Italy_Serie_A,2025-2026,AC Milan,10,2,3.8378
Italy_Serie_A,2025-2026,AC Milan,10,3,4.3243
Italy_Serie_A,2025-2026,AC Milan,10,4,5.1622
Italy_Serie_A,2025-2026,AC Milan,10,5,3.6757
Italy_Serie_A,2025-2026,AC Milan,10,6,4.0541
Italy_Serie_A,2025-2026,AC Milan,10,7,4.4865
Italy_Serie_A,2025-2026,AC Milan,11,0,3.9459
Italy_Serie_A,2025-2026,AC Milan,11,1,1.8919
Italy_Serie_A,2025-2026,AC Milan,11,2,1.5135
Italy_Serie_A,2025-2026,AC Milan,11,3,2.7568
Italy_Serie_A,2025-2026,AC Milan,11,4,2.6757
Italy_Serie_A,2025-2026,AC Milan,11,5,1.8649
Italy_Serie_A,2025-2026,AC Milan,11,6,1.7297
Italy_Serie_A,2025-2026,AC Milan,11,7,3.6486
Italy_Serie_A,2025-2026,Calcio Como 1907,0,0,1.2973
Italy_Serie_A,2025-2026,Calcio Como 1907,0,1,1.8108
Italy_Serie_A,2025-2026,Calcio Como 1907,0,2,2.8378
Italy_Serie_A,2025-2026,Calcio Como 1907,0,3,11.4865
Italy_Serie_A,2025-2026,Calcio Como 1907,0,4,9.8649
Italy_Serie_A,2025-2026,Calcio Como 1907,0,5,2.4865
Italy_Serie_A,2025-2026,Calcio Como 1907,0,6,1.1622
Italy_Serie_A,2025-2026,Calcio Como 1907,0,7,1.4324
Italy_Serie_A,2025-2026,Calcio Como 1907,1,0,3.5946
Italy_Serie_A,2025-2026,Calcio Como 1907,1,1,4.7027
Italy_Serie_A,2025-2026,Calcio Como 1907,1,2,5.0541
Italy_Serie_A,2025-2026,Calcio Como 1907,1,3,12.7838
Italy_Serie_A,2025-2026,Calcio Como 1907,1,4,11.9189
Italy_Serie_A,2025-2026,Calcio Como 1907,1,5,5.2703
Italy_Serie_A,2025-2026,Calcio Como 1907,1,6,4.1351
Italy_Serie_A,2025-2026,Calcio Como 1907,1,7,3.8378
Italy_Serie_A,2025-2026,Calcio Como 1907,2,0,4.8378
Italy_Serie_A,2025-2026,Calcio Como 1907,2,1,5.4865
Italy_Serie_A,2025-2026,Calcio Como 1907,2,2,6.973
Italy_Serie_A,2025-2026,Calcio Como 1907,2,3,7.2432
Italy_Serie_A,2025-2026,Calcio Como 1907,2,4,6.8108
Italy_Serie_A,2025-2026,Calcio Como 1907,2,5,7.7838
Italy_Serie_A,2025-2026,Calcio Como 1907,2,6,5.8378
Italy_Serie_A,2025-2026,Calcio Como 1907,2,7,4.8919
Italy_Serie_A,2025-2026,Calcio Como 1907,3,0,9.7027
Italy_Serie_A,2025-2026,Calcio Como 1907,3,1,9.9189
Italy_Serie_A,2025-2026,Calcio Como 1907,3,2,12.2432
Italy_Serie_A,2025-2026,Calcio Como 1907,3,3,12.027
Italy_Serie_A,2025-2026,Calcio Como 1907,3,4,12.1622
Italy_Serie_A,2025-2026,Calcio Como 1907,3,5,14.5946
Italy_Serie_A,2025-2026,Calcio Como 1907,3,6,10.2703
Italy_Serie_A,2025-2026,Calcio Como 1907,3,7,9.8649
Italy_Serie_A,2025-2026,Calcio Como 1907,4,0,10.5135
Italy_Serie_A,2025-2026,Calcio Como 1907,4,1,10.2703
Italy_Serie_A,2025-2026,Calcio Como 1907,4,2,16.6757
Italy_Serie_A,2025-2026,Calcio Como 1907,4,3,11.4865
Italy_Serie_A,2025-2026,Calcio Como 1907,4,4,12.1892
Italy_Serie_A,2025-2026,Calcio Como 1907,4,5,14.5946
Italy_Serie_A,2025-2026,Calcio Como 1907,4,6,12.027
Italy_Serie_A,2025-2026,Calcio Como 1907,4,7,10.2973
Italy_Serie_A,2025-2026,Calcio Como 1907,5,0,9.0541
Italy_Serie_A,2025-2026,Calcio Como 1907,5,1,8.0811
Italy_Serie_A,2025-2026,Calcio Como 1907,5,2,13.8378
Italy_Serie_A,2025-2026,Calcio Como 1907,5,3,10.9189
Italy_Serie_A,2025-2026,Calcio Como 1907,5,4,11.8378
Italy_Serie_A,2025-2026,Calcio Como 1907,5,5,14.027
Italy_Serie_A,2025-2026,Calcio Como 1907,5,6,9.1622
Italy_Serie_A,2025-2026,Calcio Como 1907,5,7,8.6486
Italy_Serie_A,2025-2026,Calcio Como 1907,6,0,9.8108
Italy_Serie_A,2025-2026,Calcio Como 1907,6,1,9.2973
Italy_Serie_A,2025-2026,Calcio Como 1907,6,2,12.1622
Italy_Serie_A,2025-2026,Calcio Como 1907,6,3,9.973
Italy_Serie_A,2025-2026,Calcio Como 1907,6,4,12.2162
Italy_Serie_A,2025-2026,Calcio Como 1907,6,5,13.0541
Italy_Serie_A,2025-2026,Calcio Como 1907,6,6,9.4324
Italy_Serie_A,2025-2026,Calcio Como 1907,6,7,9.973
Italy_Serie_A,2025-2026,Calcio Como 1907,7,0,13.0
Italy_Serie_A,2025-2026,Calcio Como 1907,7,1,11.973
Italy_Serie_A,2025-2026,Calcio Como 1907,7,2,14.2703
Italy_Serie_A,2025-2026,Calcio Como 1907,7,3,8.8649
Italy_Serie_A,2025-2026,Calcio Como 1907,7,4,8.3243
Italy_Serie_A,2025-2026,Calcio Como 1907,7,5,13.2703
Italy_Serie_A,2025-2026,Calcio Como 1907,7,6,11.8378
Italy_Serie_A,2025-2026,Calcio Como 1907,7,7,12.7297
Italy_Serie_A,2025-2026,Calcio Como 1907,8,0,11.7297
Italy_Serie_A,2025-2026,Calcio Como 1907,8,1,11.3243
Italy_Serie_A,2025-2026,Calcio Como 1907,8,2,10.3784
Italy_Serie_A,2025-2026,Calcio Como 1907,8,3,10.5135
Italy_Serie_A,2025-2026,Calcio Como 1907,8,4,9.5676
Italy_Serie_A,2025-2026,Calcio Como 1907,8,5,9.4054
Italy_Serie_A,2025-2026,Calcio Como 1907,8,6,9.027
Italy_Serie_A,2025-2026,Calcio Como 1907,8,7,10.0811
Italy_Serie_A,2025-2026,Calcio Como 1907,9,0,7.2432
Italy_Serie_A,2025-2026,Calcio Como 1907,9,1,4.8919
Italy_Serie_A,2025-2026,Calcio Como 1907,9,2,5.3514
Italy_Serie_A,2025-2026,Calcio Como 1907,9,3,3.5676
Italy_Serie_A,2025-2026,Calcio Como 1907,9,4,3.9189
Italy_Serie_A,2025-2026,Calcio Como 1907,9,5,4.4054
Italy_Serie_A,2025-2026,Calcio Como 1907,9,6,3.8649
Italy_Serie_A,2025-2026,Calcio Como 1907,9,7,6.2432
Italy_Serie_A,2025-2026,Calcio Como 1907,10,0,5.7568
Italy_Serie_A,2025-2026,Calcio Como 1907,10,1,3.8378
Italy_Serie_A,2025-2026,Calcio Como 1907,10,2,3.7027
Italy_Serie_A,2025-2026,Calcio Como 1907,10,3,4.9189
Italy_Serie_A,2025-2026,Calcio Como 1907,10,4,4.6486
Italy_Serie_A,2025-2026,Calcio Como 1907,10,5,4.2432
Italy_Serie_A,2025-2026,Calcio Como 1907,10,6,3.6216
Italy_Serie_A,2025-2026,Calcio Como 1907,10,7,3.8649
Italy_Serie_A,2025-2026,Calcio Como 1907,11,0,4.3784
Italy_Serie_A,2025-2026,Calcio Como 1907,11,1,2.2973
Italy_Serie_A,2025-2026,Calcio Como 1907,11,2,1.9189
Italy_Serie_A,2025-2026,Calcio Como 1907,11,3,2.0
Italy_Serie_A,2025-2026,Calcio Como 1907,11,4,2.2162
Italy_Serie_A,2025-2026,Calcio Como 1907,11,5,2.2973
Italy_Serie_A,2025-2026,Calcio Como 1907,11,6,1.8378
Italy_Serie_A,2025-2026,Calcio Como 1907,11,7,3.5135
Italy_Serie_A,2025-2026,SSC Napoli,0,0,1.3243
Italy_Serie_A,2025-2026,SSC Napoli,0,1,2.1351
Italy_Serie_A,2025-2026,SSC Napoli,0,2,2.4054
Italy_Serie_A,2025-2026,SSC Napoli,0,3,10.1892
Italy_Serie_A,2025-2026,SSC Napoli,0,4,9.9459
Italy_Serie_A,2025-2026,SSC Napoli,0,5,2.3514
Italy_Serie_A,2025-2026,SSC Napoli,0,6,1.7838
Italy_Serie_A,2025-2026,SSC Napoli,0,7,1.1622
Italy_Serie_A,2025-2026,SSC Napoli,1,0,4.8378
Italy_Serie_A,2025-2026,SSC Napoli,1,1,4.4324
Italy_Serie_A,2025-2026,SSC Napoli,1,2,5.4865
Italy_Serie_A,2025-2026,SSC Napoli,1,3,12.1892
Italy_Serie_A,2025-2026,SSC Napoli,1,4,12.1622
Italy_Serie_A,2025-2026,SSC Napoli,1,5,5.7297
Italy_Serie_A,2025-2026,SSC Napoli,1,6,4.3243
Italy_Serie_A,2025-2026,SSC Napoli,1,7,5.0541
Italy_Serie_A,2025-2026,SSC Napoli,2,0,6.8378
Italy_Serie_A,2025-2026,SSC Napoli,2,1,6.4595
Italy_Serie_A,2025-2026,SSC Napoli,2,2,6.5676
Italy_Serie_A,2025-2026,SSC Napoli,2,3,6.4324
Italy_Serie_A,2025-2026,SSC Napoli,2,4,6.4054
Italy_Serie_A,2025-2026,SSC Napoli,2,5,7.2973
Italy_Serie_A,2025-2026,SSC Napoli,2,6,4.7297
Italy_Serie_A,2025-2026,SSC Napoli,2,7,6.0
Italy_Serie_A,2025-2026,SSC Napoli,3,0,11.973
Italy_Serie_A,2025-2026,SSC Napoli,3,1,11.9459
Italy_Serie_A,2025-2026,SSC Napoli,3,2,13.6757
Italy_Serie_A,2025-2026,SSC Napoli,3,3,12.4054
Italy_Serie_A,2025-2026,SSC Napoli,3,4,12.1622
Italy_Serie_A,2025-2026,SSC Napoli,3,5,11.8919
Italy_Serie_A,2025-2026,SSC Napoli,3,6,9.7568
Italy_Serie_A,2025-2026,SSC Napoli,3,7,9.8108
Italy_Serie_A,2025-2026,SSC Napoli,4,0,12.3243
Italy_Serie_A,2025-2026,SSC Napoli,4,1,13.1081
Italy_Serie_A,2025-2026,SSC Napoli,4,2,16.2703
Italy_Serie_A,2025-2026,SSC Napoli,4,3,10.973
Italy_Serie_A,2025-2026,SSC Napoli,4,4,13.1351
Italy_Serie_A,2025-2026,SSC Napoli,4,5,15.8649
Italy_Serie_A,2025-2026,SSC Napoli,4,6,11.1351
Italy_Serie_A,2025-2026,SSC Napoli,4,7,10.5135
Italy_Serie_A,2025-2026,SSC Napoli,5,0,9.1892
Italy_Serie_A,2025-2026,SSC Napoli,5,1,9.4595
Italy_Serie_A,2025-2026,SSC Napoli,5,2,13.7297
Italy_Serie_A,2025-2026,SSC Napoli,5,3,11.6216
Italy_Serie_A,2025-2026,SSC Napoli,5,4,10.0811
Italy_Serie_A,2025-2026,SSC Napoli,5,5,13.4595
Italy_Serie_A,2025-2026,SSC Napoli,5,6,9.3514
Italy_Serie_A,2025-2026,SSC Napoli,5,7,9.1892
Italy_Serie_A,2025-2026,SSC Napoli,6,0,10.8108
Italy_Serie_A,2025-2026,SSC Napoli,6,1,10.5946
Italy_Serie_A,2025-2026,SSC Napoli,6,2,12.973
Italy_Serie_A,2025-2026,SSC Napoli,6,3,8.9459
Italy_Serie_A,2025-2026,SSC Napoli,6,4,10.0
Italy_Serie_A,2025-2026,SSC Napoli,6,5,11.2703
Italy_Serie_A,2025-2026,SSC Napoli,6,6,9.1622
Italy_Serie_A,2025-2026,SSC Napoli,6,7,9.4324
Italy_Serie_A,2025-2026,SSC Napoli,7,0,14.973
Italy_Serie_A,2025-2026,SSC Napoli,7,1,13.4865
Italy_Serie_A,2025-2026,SSC Napoli,7,2,12.9459
Italy_Serie_A,2025-2026,SSC Napoli,7,3,8.3514
Italy_Serie_A,2025-2026,SSC Napoli,7,4,7.1892
Italy_Serie_A,2025-2026,SSC Napoli,7,5,11.9189
Italy_Serie_A,2025-2026,SSC Napoli,7,6,12.8378
Italy_Serie_A,2025-2026,SSC Napoli,7,7,11.6486
Italy_Serie_A,2025-2026,SSC Napoli,8,0,12.0811
Italy_Serie_A,2025-2026,SSC Napoli,8,1,10.5676
Italy_Serie_A,2025-2026,SSC Napoli,8,2,10.1081
Italy_Serie_A,2025-2026,SSC Napoli,8,3,7.5405
Italy_Serie_A,2025-2026,SSC Napoli,8,4,7.3243
Italy_Serie_A,2025-2026,SSC Napoli,8,5,9.1892
Italy_Serie_A,2025-2026,SSC Napoli,8,6,9.5676
Italy_Serie_A,2025-2026,SSC Napoli,8,7,10.3243
Italy_Serie_A,2025-2026,SSC Napoli,9,0,7.973
Italy_Serie_A,2025-2026,SSC Napoli,9,1,5.1892
Italy_Serie_A,2025-2026,SSC Napoli,9,2,4.6757
Italy_Serie_A,2025-2026,SSC Napoli,9,3,3.2973
Italy_Serie_A,2025-2026,SSC Napoli,9,4,3.1351
Italy_Serie_A,2025-2026,SSC Napoli,9,5,4.8919
Italy_Serie_A,2025-2026,SSC Napoli,9,6,5.7297
Italy_Serie_A,2025-2026,SSC Napoli,9,7,6.0811
Italy_Serie_A,2025-2026,SSC Napoli,10,0,7.3243
Italy_Serie_A,2025-2026,SSC Napoli,10,1,4.027
Italy_Serie_A,2025-2026,SSC Napoli,10,2,3.0811
Italy_Serie_A,2025-2026,SSC Napoli,10,3,3.0541
Italy_Serie_A,2025-2026,SSC Napoli,10,4,4.4324
Italy_Serie_A,2025-2026,SSC Napoli,10,5,4.3243
Italy_Serie_A,2025-2026,SSC Napoli,10,6,4.4595
Italy_Serie_A,2025-2026,SSC Napoli,10,7,5.3243
Italy_Serie_A,2025-2026,SSC Napoli,11,0,4.5135
Italy_Serie_A,2025-2026,SSC Napoli,11,1,3.4865
Italy_Serie_A,2025-2026,SSC Napoli,11,2,2.2432
Italy_Serie_A,2025-2026,SSC Napoli,11,3,2.3243
Italy_Serie_A,2025-2026,SSC Napoli,11,4,2.7838
Italy_Serie_A,2025-2026,SSC Napoli,11,5,2.1622
Italy_Serie_A,2025-2026,SSC Napoli,11,6,3.6486
Italy_Serie_A,2025-2026,SSC Napoli,11,7,4.6486
Italy_Serie_A,2025-2026,Parma Calcio 1913,0,0,1.6486
Italy_Serie_A,2025-2026,Parma Calcio 1913,0,1,2.027
Italy_Serie_A,2025-2026,Parma Calcio 1913,0,2,3.5946
Italy_Serie_A,2025-2026,Parma Calcio 1913,0,3,14.0
Italy_Serie_A,2025-2026,Parma Calcio 1913,0,4,15.2703
Italy_Serie_A,2025-2026,Parma Calcio 1913,0,5,3.5946
Italy_Serie_A,2025-2026,Parma Calcio 1913,0,6,1.7027
Italy_Serie_A,2025-2026,Parma Calcio 1913,0,7,1.0811
Italy_Serie_A,2025-2026,Parma Calcio 1913,1,0,4.4054
Italy_Serie_A,2025-2026,Parma Calcio 1913,1,1,3.9459
Italy_Serie_A,2025-2026,Parma Calcio 1913,1,2,6.7568
Italy_Serie_A,2025-2026,Parma Calcio 1913,1,3,12.7297
Italy_Serie_A,2025-2026,Parma Calcio 1913,1,4,14.3243
Italy_Serie_A,2025-2026,Parma Calcio 1913,1,5,6.7297
Italy_Serie_A,2025-2026,Parma Calcio 1913,1,6,3.8919
Italy_Serie_A,2025-2026,Parma Calcio 1913,1,7,4.3243
Italy_Serie_A,2025-2026,Parma Calcio 1913,2,0,4.1351
Italy_Serie_A,2025-2026,Parma Calcio 1913,2,1,5.1622
Italy_Serie_A,2025-2026,Parma Calcio 1913,2,2,7.3514
Italy_Serie_A,2025-2026,Parma Calcio 1913,2,3,6.7027
Italy_Serie_A,2025-2026,Parma Calcio 1913,2,4,5.6757
Italy_Serie_A,2025-2026,Parma Calcio 1913,2,5,6.8378
Italy_Serie_A,2025-2026,Parma Calcio 1913,2,6,4.7027
Italy_Serie_A,2025-2026,Parma Calcio 1913,2,7,4.973
Italy_Serie_A,2025-2026,Parma Calcio 1913,3,0,6.6486
Italy_Serie_A,2025-2026,Parma Calcio 1913,3,1,8.2973
Italy_Serie_A,2025-2026,Parma Calcio 1913,3,2,11.3243
Italy_Serie_A,2025-2026,Parma Calcio 1913,3,3,9.6757
Italy_Serie_A,2025-2026,Parma Calcio 1913,3,4,8.7568
Italy_Serie_A,2025-2026,Parma Calcio 1913,3,5,10.4595
Italy_Serie_A,2025-2026,Parma Calcio 1913,3,6,9.0811
Italy_Serie_A,2025-2026,Parma Calcio 1913,3,7,8.3514
Italy_Serie_A,2025-2026,Parma Calcio 1913,4,0,8.5405
Italy_Serie_A,2025-2026,Parma Calcio 1913,4,1,10.7838
Italy_Serie_A,2025-2026,Parma Calcio 1913,4,2,11.5405
Italy_Serie_A,2025-2026,Parma Calcio 1913,4,3,7.8649
Italy_Serie_A,2025-2026,Parma Calcio 1913,4,4,7.2162
Italy_Serie_A,2025-2026,Parma Calcio 1913,4,5,9.973
Italy_Serie_A,2025-2026,Parma Calcio 1913,4,6,9.2432
Italy_Serie_A,2025-2026,Parma Calcio 1913,4,7,8.2703
Italy_Serie_A,2025-2026,Parma Calcio 1913,5,0,6.4865
Italy_Serie_A,2025-2026,Parma Calcio 1913,5,1,6.6486
Italy_Serie_A,2025-2026,Parma Calcio 1913,5,2,8.2703
Italy_Serie_A,2025-2026,Parma Calcio 1913,5,3,6.7568
Italy_Serie_A,2025-2026,Parma Calcio 1913,5,4,7.1892
Italy_Serie_A,2025-2026,Parma Calcio 1913,5,5,7.9459
Italy_Serie_A,2025-2026,Parma Calcio 1913,5,6,5.5135
Italy_Serie_A,2025-2026,Parma Calcio 1913,5,7,4.9189
Italy_Serie_A,2025-2026,Parma Calcio 1913,6,0,7.5405
Italy_Serie_A,2025-2026,Parma Calcio 1913,6,1,7.6216
Italy_Serie_A,2025-2026,Parma Calcio 1913,6,2,8.1892
Italy_Serie_A,2025-2026,Parma Calcio 1913,6,3,6.3514
Italy_Serie_A,2025-2026,Parma Calcio 1913,6,4,6.1892
Italy_Serie_A,2025-2026,Parma Calcio 1913,6,5,7.2973
Italy_Serie_A,2025-2026,Parma Calcio 1913,6,6,5.7838
Italy_Serie_A,2025-2026,Parma Calcio 1913,6,7,7.8108
Italy_Serie_A,2025-2026,Parma Calcio 1913,7,0,10.8649
Italy_Serie_A,2025-2026,Parma Calcio 1913,7,1,9.1081
Italy_Serie_A,2025-2026,Parma Calcio 1913,7,2,8.3784
Italy_Serie_A,2025-2026,Parma Calcio 1913,7,3,5.0811
Italy_Serie_A,2025-2026,Parma Calcio 1913,7,4,5.1081
Italy_Serie_A,2025-2026,Parma Calcio 1913,7,5,9.5135
Italy_Serie_A,2025-2026,Parma Calcio 1913,7,6,8.4865
Italy_Serie_A,2025-2026,Parma Calcio 1913,7,7,10.3514
Italy_Serie_A,2025-2026,Parma Calcio 1913,8,0,7.8919
Italy_Serie_A,2025-2026,Parma Calcio 1913,8,1,6.7027
Italy_Serie_A,2025-2026,Parma Calcio 1913,8,2,7.2973
Italy_Serie_A,2025-2026,Parma Calcio 1913,8,3,4.4324
Italy_Serie_A,2025-2026,Parma Calcio 1913,8,4,5.4595
Italy_Serie_A,2025-2026,Parma Calcio 1913,8,5,5.8919
Italy_Serie_A,2025-2026,Parma Calcio 1913,8,6,7.0
Italy_Serie_A,2025-2026,Parma Calcio 1913,8,7,8.2703
Italy_Serie_A,2025-2026,Parma Calcio 1913,9,0,4.8919
Italy_Serie_A,2025-2026,Parma Calcio 1913,9,1,2.8649
Italy_Serie_A,2025-2026,Parma Calcio 1913,9,2,3.3514
Italy_Serie_A,2025-2026,Parma Calcio 1913,9,3,2.4324
Italy_Serie_A,2025-2026,Parma Calcio 1913,9,4,2.3784
Italy_Serie_A,2025-2026,Parma Calcio 1913,9,5,2.6757
Italy_Serie_A,2025-2026,Parma Calcio 1913,9,6,3.5676
Italy_Serie_A,2025-2026,Parma Calcio 1913,9,7,6.5946
Italy_Serie_A,2025-2026,Parma Calcio 1913,10,0,4.5135
Italy_Serie_A,2025-2026,Parma Calcio 1913,10,1,2.5676
Italy_Serie_A,2025-2026,Parma Calcio 1913,10,2,2.5676
Italy_Serie_A,2025-2026,Parma Calcio 1913,10,3,3.0811
Italy_Serie_A,2025-2026,Parma Calcio 1913,10,4,2.9189
Italy_Serie_A,2025-2026,Parma Calcio 1913,10,5,2.2703
Italy_Serie_A,2025-2026,Parma Calcio 1913,10,6,2.6216
Italy_Serie_A,2025-2026,Parma Calcio 1913,10,7,4.5676
Italy_Serie_A,2025-2026,Parma Calcio 1913,11,0,4.1081
Italy_Serie_A,2025-2026,Parma Calcio 1913,11,1,1.1622
Italy_Serie_A,2025-2026,Parma Calcio 1913,11,2,1.7297
Italy_Serie_A,2025-2026,Parma Calcio 1913,11,3,1.6486
Italy_Serie_A,2025-2026,Parma Calcio 1913,11,4,1.8919
Italy_Serie_A,2025-2026,Parma Calcio 1913,11,5,1.0541
Italy_Serie_A,2025-2026,Parma Calcio 1913,11,6,1.7838
Italy_Serie_A,2025-2026,Parma Calcio 1913,11,7,3.7297
Italy_Serie_A,2025-2026,Bologna FC 1909,0,0,0.9444
Italy_Serie_A,2025-2026,Bologna FC 1909,0,1,1.25
Italy_Serie_A,2025-2026,Bologna FC 1909,0,2,2.8889
Italy_Serie_A,2025-2026,Bologna FC 1909,0,3,10.6944
Italy_Serie_A,2025-2026,Bologna FC 1909,0,4,9.9444
Italy_Serie_A,2025-2026,Bologna FC 1909,0,5,2.0833
Italy_Serie_A,2025-2026,Bologna FC 1909,0,6,1.1667
Italy_Serie_A,2025-2026,Bologna FC 1909,0,7,1.5556
Italy_Serie_A,2025-2026,Bologna FC 1909,1,0,2.8889
Italy_Serie_A,2025-2026,Bologna FC 1909,1,1,3.5833
Italy_Serie_A,2025-2026,Bologna FC 1909,1,2,6.1667
Italy_Serie_A,2025-2026,Bologna FC 1909,1,3,13.1667
Italy_Serie_A,2025-2026,Bologna FC 1909,1,4,11.5833
Italy_Serie_A,2025-2026,Bologna FC 1909,1,5,5.3056
Italy_Serie_A,2025-2026,Bologna FC 1909,1,6,3.7778
Italy_Serie_A,2025-2026,Bologna FC 1909,1,7,4.0
Italy_Serie_A,2025-2026,Bologna FC 1909,2,0,5.0833
Italy_Serie_A,2025-2026,Bologna FC 1909,2,1,5.1667
Italy_Serie_A,2025-2026,Bologna FC 1909,2,2,5.75
Italy_Serie_A,2025-2026,Bologna FC 1909,2,3,8.8056
Italy_Serie_A,2025-2026,Bologna FC 1909,2,4,6.6944
Italy_Serie_A,2025-2026,Bologna FC 1909,2,5,7.7222
Italy_Serie_A,2025-2026,Bologna FC 1909,2,6,6.2778
Italy_Serie_A,2025-2026,Bologna FC 1909,2,7,5.6667
Italy_Serie_A,2025-2026,Bologna FC 1909,3,0,7.3611
Italy_Serie_A,2025-2026,Bologna FC 1909,3,1,9.7222
Italy_Serie_A,2025-2026,Bologna FC 1909,3,2,11.3056
Italy_Serie_A,2025-2026,Bologna FC 1909,3,3,11.0278
Italy_Serie_A,2025-2026,Bologna FC 1909,3,4,10.25
Italy_Serie_A,2025-2026,Bologna FC 1909,3,5,12.6111
Italy_Serie_A,2025-2026,Bologna FC 1909,3,6,9.6667
Italy_Serie_A,2025-2026,Bologna FC 1909,3,7,9.8611
Italy_Serie_A,2025-2026,Bologna FC 1909,4,0,10.25
Italy_Serie_A,2025-2026,Bologna FC 1909,4,1,11.3889
Italy_Serie_A,2025-2026,Bologna FC 1909,4,2,13.9444
Italy_Serie_A,2025-2026,Bologna FC 1909,4,3,8.2778
Italy_Serie_A,2025-2026,Bologna FC 1909,4,4,8.3333
Italy_Serie_A,2025-2026,Bologna FC 1909,4,5,14.6111
Italy_Serie_A,2025-2026,Bologna FC 1909,4,6,10.6111
Italy_Serie_A,2025-2026,Bologna FC 1909,4,7,10.3889
Italy_Serie_A,2025-2026,Bologna FC 1909,5,0,8.6944
Italy_Serie_A,2025-2026,Bologna FC 1909,5,1,8.6111
Italy_Serie_A,2025-2026,Bologna FC 1909,5,2,10.6944
Italy_Serie_A,2025-2026,Bologna FC 1909,5,3,8.7778
Italy_Serie_A,2025-2026,Bologna FC 1909,5,4,10.3889
Italy_Serie_A,2025-2026,Bologna FC 1909,5,5,12.1111
Italy_Serie_A,2025-2026,Bologna FC 1909,5,6,9.1111
Italy_Serie_A,2025-2026,Bologna FC 1909,5,7,7.8611
Italy_Serie_A,2025-2026,Bologna FC 1909,6,0,10.2222
Italy_Serie_A,2025-2026,Bologna FC 1909,6,1,8.6944
Italy_Serie_A,2025-2026,Bologna FC 1909,6,2,9.4444
Italy_Serie_A,2025-2026,Bologna FC 1909,6,3,7.8333
Italy_Serie_A,2025-2026,Bologna FC 1909,6,4,9.6111
Italy_Serie_A,2025-2026,Bologna FC 1909,6,5,12.6944
Italy_Serie_A,2025-2026,Bologna FC 1909,6,6,10.7778
Italy_Serie_A,2025-2026,Bologna FC 1909,6,7,10.1944
Italy_Serie_A,2025-2026,Bologna FC 1909,7,0,10.9722
Italy_Serie_A,2025-2026,Bologna FC 1909,7,1,10.8333
Italy_Serie_A,2025-2026,Bologna FC 1909,7,2,9.7222
Italy_Serie_A,2025-2026,Bologna FC 1909,7,3,5.7778
Italy_Serie_A,2025-2026,Bologna FC 1909,7,4,5.8889
Italy_Serie_A,2025-2026,Bologna FC 1909,7,5,10.8889
Italy_Serie_A,2025-2026,Bologna FC 1909,7,6,11.9167
Italy_Serie_A,2025-2026,Bologna FC 1909,7,7,13.4722
Italy_Serie_A,2025-2026,Bologna FC 1909,8,0,9.5556
Italy_Serie_A,2025-2026,Bologna FC 1909,8,1,7.6944
Italy_Serie_A,2025-2026,Bologna FC 1909,8,2,7.1111
Italy_Serie_A,2025-2026,Bologna FC 1909,8,3,5.5556
Italy_Serie_A,2025-2026,Bologna FC 1909,8,4,5.3333
Italy_Serie_A,2025-2026,Bologna FC 1909,8,5,7.0278
Italy_Serie_A,2025-2026,Bologna FC 1909,8,6,7.9722
Italy_Serie_A,2025-2026,Bologna FC 1909,8,7,10.8889
Italy_Serie_A,2025-2026,Bologna FC 1909,9,0,6.0833
Italy_Serie_A,2025-2026,Bologna FC 1909,9,1,3.4444
Italy_Serie_A,2025-2026,Bologna FC 1909,9,2,4.1389
Italy_Serie_A,2025-2026,Bologna FC 1909,9,3,2.3611
Italy_Serie_A,2025-2026,Bologna FC 1909,9,4,2.6667
Italy_Serie_A,2025-2026,Bologna FC 1909,9,5,3.5278
Italy_Serie_A,2025-2026,Bologna FC 1909,9,6,4.7778
Italy_Serie_A,2025-2026,Bologna FC 1909,9,7,7.6667
Italy_Serie_A,2025-2026,Bologna FC 1909,10,0,5.1111
Italy_Serie_A,2025-2026,Bologna FC 1909,10,1,3.4167
Italy_Serie_A,2025-2026,Bologna FC 1909,10,2,3.6944
Italy_Serie_A,2025-2026,Bologna FC 1909,10,3,3.5833
Italy_Serie_A,2025-2026,Bologna FC 1909,10,4,3.3056
Italy_Serie_A,2025-2026,Bologna FC 1909,10,5,2.9167
Italy_Serie_A,2025-2026,Bologna FC 1909,10,6,3.1111
Italy_Serie_A,2025-2026,Bologna FC 1909,10,7,5.9722
Italy_Serie_A,2025-2026,Bologna FC 1909,11,0,3.5
Italy_Serie_A,2025-2026,Bologna FC 1909,11,1,1.6667
Italy_Serie_A,2025-2026,Bologna FC 1909,11,2,2.2222
Italy_Serie_A,2025-2026,Bologna FC 1909,11,3,1.9722
Italy_Serie_A,2025-2026,Bologna FC 1909,11,4,2.0833
Italy_Serie_A,2025-2026,Bologna FC 1909,11,5,2.3889
Italy_Serie_A,2025-2026,Bologna FC 1909,11,6,2.1667
Italy_Serie_A,2025-2026,Bologna FC 1909,11,7,5.0278
Italy_Serie_A,2025-2026,Genoa CFC,0,0,1.4865
Italy_Serie_A,2025-2026,Genoa CFC,0,1,2.0
Italy_Serie_A,2025-2026,Genoa CFC,0,2,2.6486
Italy_Serie_A,2025-2026,Genoa CFC,0,3,13.4865
Italy_Serie_A,2025-2026,Genoa CFC,0,4,15.2973
Italy_Serie_A,2025-2026,Genoa CFC,0,5,3.5946
Italy_Serie_A,2025-2026,Genoa CFC,0,6,1.8919
Italy_Serie_A,2025-2026,Genoa CFC,0,7,1.6486
Italy_Serie_A,2025-2026,Genoa CFC,1,0,4.5135
Italy_Serie_A,2025-2026,Genoa CFC,1,1,3.4865
Italy_Serie_A,2025-2026,Genoa CFC,1,2,6.2703
Italy_Serie_A,2025-2026,Genoa CFC,1,3,12.4054
Italy_Serie_A,2025-2026,Genoa CFC,1,4,11.8108
Italy_Serie_A,2025-2026,Genoa CFC,1,5,6.2432
Italy_Serie_A,2025-2026,Genoa CFC,1,6,4.4054
Italy_Serie_A,2025-2026,Genoa CFC,1,7,4.5135
Italy_Serie_A,2025-2026,Genoa CFC,2,0,4.973
Italy_Serie_A,2025-2026,Genoa CFC,2,1,5.5405
Italy_Serie_A,2025-2026,Genoa CFC,2,2,6.4595
Italy_Serie_A,2025-2026,Genoa CFC,2,3,5.5946
Italy_Serie_A,2025-2026,Genoa CFC,2,4,6.4054
Italy_Serie_A,2025-2026,Genoa CFC,2,5,7.1351
Italy_Serie_A,2025-2026,Genoa CFC,2,6,5.6486
Italy_Serie_A,2025-2026,Genoa CFC,2,7,4.5946
Italy_Serie_A,2025-2026,Genoa CFC,3,0,9.4324
Italy_Serie_A,2025-2026,Genoa CFC,3,1,9.1892
Italy_Serie_A,2025-2026,Genoa CFC,3,2,10.7838
Italy_Serie_A,2025-2026,Genoa CFC,3,3,10.5676
Italy_Serie_A,2025-2026,Genoa CFC,3,4,11.2162
Italy_Serie_A,2025-2026,Genoa CFC,3,5,12.2162
Italy_Serie_A,2025-2026,Genoa CFC,3,6,8.4324
Italy_Serie_A,2025-2026,Genoa CFC,3,7,8.5946
Italy_Serie_A,2025-2026,Genoa CFC,4,0,11.3243
Italy_Serie_A,2025-2026,Genoa CFC,4,1,10.4054
Italy_Serie_A,2025-2026,Genoa CFC,4,2,11.8108
Italy_Serie_A,2025-2026,Genoa CFC,4,3,8.2432
Italy_Serie_A,2025-2026,Genoa CFC,4,4,8.0811
Italy_Serie_A,2025-2026,Genoa CFC,4,5,12.6216
Italy_Serie_A,2025-2026,Genoa CFC,4,6,10.2432
Italy_Serie_A,2025-2026,Genoa CFC,4,7,9.0541
Italy_Serie_A,2025-2026,Genoa CFC,5,0,8.5135
Italy_Serie_A,2025-2026,Genoa CFC,5,1,8.027
Italy_Serie_A,2025-2026,Genoa CFC,5,2,9.8649
Italy_Serie_A,2025-2026,Genoa CFC,5,3,7.2162
Italy_Serie_A,2025-2026,Genoa CFC,5,4,7.5135
Italy_Serie_A,2025-2026,Genoa CFC,5,5,9.6216
Italy_Serie_A,2025-2026,Genoa CFC,5,6,7.3784
Italy_Serie_A,2025-2026,Genoa CFC,5,7,8.5405
Italy_Serie_A,2025-2026,Genoa CFC,6,0,8.5405
Italy_Serie_A,2025-2026,Genoa CFC,6,1,8.1351
Italy_Serie_A,2025-2026,Genoa CFC,6,2,7.1081
Italy_Serie_A,2025-2026,Genoa CFC,6,3,6.4324
Italy_Serie_A,2025-2026,Genoa CFC,6,4,6.5405
Italy_Serie_A,2025-2026,Genoa CFC,6,5,7.973
Italy_Serie_A,2025-2026,Genoa CFC,6,6,7.4595
Italy_Serie_A,2025-2026,Genoa CFC,6,7,9.6216
Italy_Serie_A,2025-2026,Genoa CFC,7,0,11.6757
Italy_Serie_A,2025-2026,Genoa CFC,7,1,9.8108
Italy_Serie_A,2025-2026,Genoa CFC,7,2,8.8919
Italy_Serie_A,2025-2026,Genoa CFC,7,3,4.3784
Italy_Serie_A,2025-2026,Genoa CFC,7,4,3.4324
Italy_Serie_A,2025-2026,Genoa CFC,7,5,8.6486
Italy_Serie_A,2025-2026,Genoa CFC,7,6,8.6757
Italy_Serie_A,2025-2026,Genoa CFC,7,7,13.1892
Italy_Serie_A,2025-2026,Genoa CFC,8,0,9.8378
Italy_Serie_A,2025-2026,Genoa CFC,8,1,7.6757
Italy_Serie_A,2025-2026,Genoa CFC,8,2,7.1622
Italy_Serie_A,2025-2026,Genoa CFC,8,3,4.5676
Italy_Serie_A,2025-2026,Genoa CFC,8,4,5.5405
Italy_Serie_A,2025-2026,Genoa CFC,8,5,6.1622
Italy_Serie_A,2025-2026,Genoa CFC,8,6,7.3243
Italy_Serie_A,2025-2026,Genoa CFC,8,7,10.1622
Italy_Serie_A,2025-2026,Genoa CFC,9,0,5.4865
Italy_Serie_A,2025-2026,Genoa CFC,9,1,4.5676
Italy_Serie_A,2025-2026,Genoa CFC,9,2,3.4865
Italy_Serie_A,2025-2026,Genoa CFC,9,3,2.2703
Italy_Serie_A,2025-2026,Genoa CFC,9,4,2.5405
Italy_Serie_A,2025-2026,Genoa CFC,9,5,2.8378
Italy_Serie_A,2025-2026,Genoa CFC,9,6,3.8919
Italy_Serie_A,2025-2026,Genoa CFC,9,7,6.027
Italy_Serie_A,2025-2026,Genoa CFC,10,0,5.4054
Italy_Serie_A,2025-2026,Genoa CFC,10,1,2.8919
Italy_Serie_A,2025-2026,Genoa CFC,10,2,3.1081
Italy_Serie_A,2025-2026,Genoa CFC,10,3,4.4595
Italy_Serie_A,2025-2026,Genoa CFC,10,4,3.1892
Italy_Serie_A,2025-2026,Genoa CFC,10,5,2.6757
Italy_Serie_A,2025-2026,Genoa CFC,10,6,2.2703
Italy_Serie_A,2025-2026,Genoa CFC,10,7,4.4324
Italy_Serie_A,2025-2026,Genoa CFC,11,0,3.2973
Italy_Serie_A,2025-2026,Genoa CFC,11,1,1.4054
Italy_Serie_A,2025-2026,Genoa CFC,11,2,1.5135
Italy_Serie_A,2025-2026,Genoa CFC,11,3,1.8108
Italy_Serie_A,2025-2026,Genoa CFC,11,4,2.0541
Italy_Serie_A,2025-2026,Genoa CFC,11,5,1.7027
Italy_Serie_A,2025-2026,Genoa CFC,11,6,1.0811
Italy_Serie_A,2025-2026,Genoa CFC,11,7,3.2432
Italy_Serie_A,2025-2026,US Sassuolo Calcio,0,0,1.6389
Italy_Serie_A,2025-2026,US Sassuolo Calcio,0,1,1.5278
Italy_Serie_A,2025-2026,US Sassuolo Calcio,0,2,2.9444
Italy_Serie_A,2025-2026,US Sassuolo Calcio,0,3,12.6944
Italy_Serie_A,2025-2026,US Sassuolo Calcio,0,4,12.6667
Italy_Serie_A,2025-2026,US Sassuolo Calcio,0,5,3.0278
Italy_Serie_A,2025-2026,US Sassuolo Calcio,0,6,1.8333
Italy_Serie_A,2025-2026,US Sassuolo Calcio,0,7,2.1389
Italy_Serie_A,2025-2026,US Sassuolo Calcio,1,0,3.8889
Italy_Serie_A,2025-2026,US Sassuolo Calcio,1,1,3.4167
Italy_Serie_A,2025-2026,US Sassuolo Calcio,1,2,7.5278
Italy_Serie_A,2025-2026,US Sassuolo Calcio,1,3,14.9167
Italy_Serie_A,2025-2026,US Sassuolo Calcio,1,4,11.8056
Italy_Serie_A,2025-2026,US Sassuolo Calcio,1,5,6.1667
Italy_Serie_A,2025-2026,US Sassuolo Calcio,1,6,4.0
Italy_Serie_A,2025-2026,US Sassuolo Calcio,1,7,4.5
Italy_Serie_A,2025-2026,US Sassuolo Calcio,2,0,4.9444
Italy_Serie_A,2025-2026,US Sassuolo Calcio,2,1,4.75
Italy_Serie_A,2025-2026,US Sassuolo Calcio,2,2,6.8056
Italy_Serie_A,2025-2026,US Sassuolo Calcio,2,3,6.1944
Italy_Serie_A,2025-2026,US Sassuolo Calcio,2,4,5.9722
Italy_Serie_A,2025-2026,US Sassuolo Calcio,2,5,7.4722
Italy_Serie_A,2025-2026,US Sassuolo Calcio,2,6,5.4167
Italy_Serie_A,2025-2026,US Sassuolo Calcio,2,7,5.0
Italy_Serie_A,2025-2026,US Sassuolo Calcio,3,0,10.1944
Italy_Serie_A,2025-2026,US Sassuolo Calcio,3,1,8.3333
Italy_Serie_A,2025-2026,US Sassuolo Calcio,3,2,10.6389
Italy_Serie_A,2025-2026,US Sassuolo Calcio,3,3,10.5
Italy_Serie_A,2025-2026,US Sassuolo Calcio,3,4,10.1944
Italy_Serie_A,2025-2026,US Sassuolo Calcio,3,5,12.7222
Italy_Serie_A,2025-2026,US Sassuolo Calcio,3,6,9.5
Italy_Serie_A,2025-2026,US Sassuolo Calcio,3,7,9.5
Italy_Serie_A,2025-2026,US Sassuolo Calcio,4,0,10.0556
Italy_Serie_A,2025-2026,US Sassuolo Calcio,4,1,9.4444
Italy_Serie_A,2025-2026,US Sassuolo Calcio,4,2,12.4444
Italy_Serie_A,2025-2026,US Sassuolo Calcio,4,3,7.9722
Italy_Serie_A,2025-2026,US Sassuolo Calcio,4,4,8.6389
Italy_Serie_A,2025-2026,US Sassuolo Calcio,4,5,13.5
Italy_Serie_A,2025-2026,US Sassuolo Calcio,4,6,10.5278
Italy_Serie_A,2025-2026,US Sassuolo Calcio,4,7,10.6389
Italy_Serie_A,2025-2026,US Sassuolo Calcio,5,0,6.9444
Italy_Serie_A,2025-2026,US Sassuolo Calcio,5,1,7.0278
Italy_Serie_A,2025-2026,US Sassuolo Calcio,5,2,9.25
Italy_Serie_A,2025-2026,US Sassuolo Calcio,5,3,7.0833
Italy_Serie_A,2025-2026,US Sassuolo Calcio,5,4,8.4167
Italy_Serie_A,2025-2026,US Sassuolo Calcio,5,5,8.5
Italy_Serie_A,2025-2026,US Sassuolo Calcio,5,6,7.5833
Italy_Serie_A,2025-2026,US Sassuolo Calcio,5,7,7.8889
Italy_Serie_A,2025-2026,US Sassuolo Calcio,6,0,6.8056
Italy_Serie_A,2025-2026,US Sassuolo Calcio,6,1,6.7778
Italy_Serie_A,2025-2026,US Sassuolo Calcio,6,2,7.1111
Italy_Serie_A,2025-2026,US Sassuolo Calcio,6,3,6.25
Italy_Serie_A,2025-2026,US Sassuolo Calcio,6,4,7.0278
Italy_Serie_A,2025-2026,US Sassuolo Calcio,6,5,8.3889
Italy_Serie_A,2025-2026,US Sassuolo Calcio,6,6,8.4722
Italy_Serie_A,2025-2026,US Sassuolo Calcio,6,7,9.2778
Italy_Serie_A,2025-2026,US Sassuolo Calcio,7,0,8.7222
Italy_Serie_A,2025-2026,US Sassuolo Calcio,7,1,7.9167
Italy_Serie_A,2025-2026,US Sassuolo Calcio,7,2,8.1667
Italy_Serie_A,2025-2026,US Sassuolo Calcio,7,3,4.25
Italy_Serie_A,2025-2026,US Sassuolo Calcio,7,4,5.0278
Italy_Serie_A,2025-2026,US Sassuolo Calcio,7,5,9.2778
Italy_Serie_A,2025-2026,US Sassuolo Calcio,7,6,11.1111
Italy_Serie_A,2025-2026,US Sassuolo Calcio,7,7,11.9444
Italy_Serie_A,2025-2026,US Sassuolo Calcio,8,0,8.3056
Italy_Serie_A,2025-2026,US Sassuolo Calcio,8,1,7.25
Italy_Serie_A,2025-2026,US Sassuolo Calcio,8,2,5.7778
Italy_Serie_A,2025-2026,US Sassuolo Calcio,8,3,5.4167
Italy_Serie_A,2025-2026,US Sassuolo Calcio,8,4,4.9167
Italy_Serie_A,2025-2026,US Sassuolo Calcio,8,5,8.1667
Italy_Serie_A,2025-2026,US Sassuolo Calcio,8,6,7.7778
Italy_Serie_A,2025-2026,US Sassuolo Calcio,8,7,10.2778
Italy_Serie_A,2025-2026,US Sassuolo Calcio,9,0,4.2778
Italy_Serie_A,2025-2026,US Sassuolo Calcio,9,1,3.25
Italy_Serie_A,2025-2026,US Sassuolo Calcio,9,2,2.8056
Italy_Serie_A,2025-2026,US Sassuolo Calcio,9,3,2.2778
Italy_Serie_A,2025-2026,US Sassuolo Calcio,9,4,2.4722
Italy_Serie_A,2025-2026,US Sassuolo Calcio,9,5,3.8333
Italy_Serie_A,2025-2026,US Sassuolo Calcio,9,6,3.6389
Italy_Serie_A,2025-2026,US Sassuolo Calcio,9,7,6.1944
Italy_Serie_A,2025-2026,US Sassuolo Calcio,10,0,4.1944
Italy_Serie_A,2025-2026,US Sassuolo Calcio,10,1,2.6389
Italy_Serie_A,2025-2026,US Sassuolo Calcio,10,2,3.0278
Italy_Serie_A,2025-2026,US Sassuolo Calcio,10,3,2.5833
Italy_Serie_A,2025-2026,US Sassuolo Calcio,10,4,3.5278
Italy_Serie_A,2025-2026,US Sassuolo Calcio,10,5,3.2222
Italy_Serie_A,2025-2026,US Sassuolo Calcio,10,6,3.5278
Italy_Serie_A,2025-2026,US Sassuolo Calcio,10,7,5.1111
Italy_Serie_A,2025-2026,US Sassuolo Calcio,11,0,3.1389
Italy_Serie_A,2025-2026,US Sassuolo Calcio,11,1,1.0556
Italy_Serie_A,2025-2026,US Sassuolo Calcio,11,2,1.6389
Italy_Serie_A,2025-2026,US Sassuolo Calcio,11,3,1.4722
Italy_Serie_A,2025-2026,US Sassuolo Calcio,11,4,1.0556
Italy_Serie_A,2025-2026,US Sassuolo Calcio,11,5,2.0833
Italy_Serie_A,2025-2026,US Sassuolo Calcio,11,6,1.9722
Italy_Serie_A,2025-2026,US Sassuolo Calcio,11,7,3.9722
Italy_Serie_A,2025-2026,Pisa Sporting Club,0,0,1.4324
Italy_Serie_A,2025-2026,Pisa Sporting Club,0,1,1.7027
Italy_Serie_A,2025-2026,Pisa Sporting Club,0,2,2.4054
Italy_Serie_A,2025-2026,Pisa Sporting Club,0,3,15.1892
Italy_Serie_A,2025-2026,Pisa Sporting Club,0,4,13.1351
Italy_Serie_A,2025-2026,Pisa Sporting Club,0,5,2.8108
Italy_Serie_A,2025-2026,Pisa Sporting Club,0,6,2.027
Italy_Serie_A,2025-2026,Pisa Sporting Club,0,7,1.7297
Italy_Serie_A,2025-2026,Pisa Sporting Club,1,0,3.0
Italy_Serie_A,2025-2026,Pisa Sporting Club,1,1,3.7297
Italy_Serie_A,2025-2026,Pisa Sporting Club,1,2,7.8108
Italy_Serie_A,2025-2026,Pisa Sporting Club,1,3,13.6216
Italy_Serie_A,2025-2026,Pisa Sporting Club,1,4,11.7027
Italy_Serie_A,2025-2026,Pisa Sporting Club,1,5,5.3784
Italy_Serie_A,2025-2026,Pisa Sporting Club,1,6,3.4054
Italy_Serie_A,2025-2026,Pisa Sporting Club,1,7,4.7027
Italy_Serie_A,2025-2026,Pisa Sporting Club,2,0,4.1351
Italy_Serie_A,2025-2026,Pisa Sporting Club,2,1,4.5676
Italy_Serie_A,2025-2026,Pisa Sporting Club,2,2,6.7027
Italy_Serie_A,2025-2026,Pisa Sporting Club,2,3,5.5405
Italy_Serie_A,2025-2026,Pisa Sporting Club,2,4,4.9189
Italy_Serie_A,2025-2026,Pisa Sporting Club,2,5,6.1351
Italy_Serie_A,2025-2026,Pisa Sporting Club,2,6,4.9459
Italy_Serie_A,2025-2026,Pisa Sporting Club,2,7,4.4595
Italy_Serie_A,2025-2026,Pisa Sporting Club,3,0,8.8378
Italy_Serie_A,2025-2026,Pisa Sporting Club,3,1,9.9459
Italy_Serie_A,2025-2026,Pisa Sporting Club,3,2,9.4054
Italy_Serie_A,2025-2026,Pisa Sporting Club,3,3,10.4865
Italy_Serie_A,2025-2026,Pisa Sporting Club,3,4,8.9459
Italy_Serie_A,2025-2026,Pisa Sporting Club,3,5,9.5946
Italy_Serie_A,2025-2026,Pisa Sporting Club,3,6,8.0811
Italy_Serie_A,2025-2026,Pisa Sporting Club,3,7,8.3784
Italy_Serie_A,2025-2026,Pisa Sporting Club,4,0,10.0541
Italy_Serie_A,2025-2026,Pisa Sporting Club,4,1,8.7297
Italy_Serie_A,2025-2026,Pisa Sporting Club,4,2,10.6486
Italy_Serie_A,2025-2026,Pisa Sporting Club,4,3,7.2432
Italy_Serie_A,2025-2026,Pisa Sporting Club,4,4,7.973
Italy_Serie_A,2025-2026,Pisa Sporting Club,4,5,10.5135
Italy_Serie_A,2025-2026,Pisa Sporting Club,4,6,8.4054
Italy_Serie_A,2025-2026,Pisa Sporting Club,4,7,7.3784
Italy_Serie_A,2025-2026,Pisa Sporting Club,5,0,7.8919
Italy_Serie_A,2025-2026,Pisa Sporting Club,5,1,6.0
Italy_Serie_A,2025-2026,Pisa Sporting Club,5,2,7.4324
Italy_Serie_A,2025-2026,Pisa Sporting Club,5,3,7.7027
Italy_Serie_A,2025-2026,Pisa Sporting Club,5,4,7.7297
Italy_Serie_A,2025-2026,Pisa Sporting Club,5,5,7.8919
Italy_Serie_A,2025-2026,Pisa Sporting Club,5,6,6.6757
Italy_Serie_A,2025-2026,Pisa Sporting Club,5,7,6.2162
Italy_Serie_A,2025-2026,Pisa Sporting Club,6,0,7.3514
Italy_Serie_A,2025-2026,Pisa Sporting Club,6,1,6.2703
Italy_Serie_A,2025-2026,Pisa Sporting Club,6,2,7.3784
Italy_Serie_A,2025-2026,Pisa Sporting Club,6,3,6.3243
Italy_Serie_A,2025-2026,Pisa Sporting Club,6,4,5.9459
Italy_Serie_A,2025-2026,Pisa Sporting Club,6,5,5.8378
Italy_Serie_A,2025-2026,Pisa Sporting Club,6,6,5.3514
Italy_Serie_A,2025-2026,Pisa Sporting Club,6,7,6.2703
Italy_Serie_A,2025-2026,Pisa Sporting Club,7,0,10.3784
Italy_Serie_A,2025-2026,Pisa Sporting Club,7,1,9.4324
Italy_Serie_A,2025-2026,Pisa Sporting Club,7,2,7.7297
Italy_Serie_A,2025-2026,Pisa Sporting Club,7,3,4.7027
Italy_Serie_A,2025-2026,Pisa Sporting Club,7,4,4.1622
Italy_Serie_A,2025-2026,Pisa Sporting Club,7,5,7.2703
Italy_Serie_A,2025-2026,Pisa Sporting Club,7,6,7.0541
Italy_Serie_A,2025-2026,Pisa Sporting Club,7,7,8.4054
Italy_Serie_A,2025-2026,Pisa Sporting Club,8,0,8.3514
Italy_Serie_A,2025-2026,Pisa Sporting Club,8,1,7.7027
Italy_Serie_A,2025-2026,Pisa Sporting Club,8,2,5.5405
Italy_Serie_A,2025-2026,Pisa Sporting Club,8,3,4.5676
Italy_Serie_A,2025-2026,Pisa Sporting Club,8,4,4.2703
Italy_Serie_A,2025-2026,Pisa Sporting Club,8,5,5.027
Italy_Serie_A,2025-2026,Pisa Sporting Club,8,6,5.3514
Italy_Serie_A,2025-2026,Pisa Sporting Club,8,7,7.3514
Italy_Serie_A,2025-2026,Pisa Sporting Club,9,0,5.8108
Italy_Serie_A,2025-2026,Pisa Sporting Club,9,1,3.1622
Italy_Serie_A,2025-2026,Pisa Sporting Club,9,2,2.7838
Italy_Serie_A,2025-2026,Pisa Sporting Club,9,3,1.7838
Italy_Serie_A,2025-2026,Pisa Sporting Club,9,4,1.4054
Italy_Serie_A,2025-2026,Pisa Sporting Club,9,5,2.6486
Italy_Serie_A,2025-2026,Pisa Sporting Club,9,6,2.9459
Italy_Serie_A,2025-2026,Pisa Sporting Club,9,7,4.9459
Italy_Serie_A,2025-2026,Pisa Sporting Club,10,0,5.1892
Italy_Serie_A,2025-2026,Pisa Sporting Club,10,1,2.2973
Italy_Serie_A,2025-2026,Pisa Sporting Club,10,2,3.4054
Italy_Serie_A,2025-2026,Pisa Sporting Club,10,3,3.5676
Italy_Serie_A,2025-2026,Pisa Sporting Club,10,4,4.4054
Italy_Serie_A,2025-2026,Pisa Sporting Club,10,5,2.9189
Italy_Serie_A,2025-2026,Pisa Sporting Club,10,6,2.7027
Italy_Serie_A,2025-2026,Pisa Sporting Club,10,7,4.2162
Italy_Serie_A,2025-2026,Pisa Sporting Club,11,0,4.2973
Italy_Serie_A,2025-2026,Pisa Sporting Club,11,1,1.6216
Italy_Serie_A,2025-2026,Pisa Sporting Club,11,2,1.8378
Italy_Serie_A,2025-2026,Pisa Sporting Club,11,3,1.9189
Italy_Serie_A,2025-2026,Pisa Sporting Club,11,4,1.5946
Italy_Serie_A,2025-2026,Pisa Sporting Club,11,5,1.6486
Italy_Serie_A,2025-2026,Pisa Sporting Club,11,6,1.6486
Italy_Serie_A,2025-2026,Pisa Sporting Club,11,7,3.2703
Italy_Serie_A,2025-2026,Torino FC,0,0,1.1944
Italy_Serie_A,2025-2026,Torino FC,0,1,1.1667
Italy_Serie_A,2025-2026,Torino FC,0,2,2.6111
Italy_Serie_A,2025-2026,Torino FC,0,3,12.8056
Italy_Serie_A,2025-2026,Torino FC,0,4,11.8056
Italy_Serie_A,2025-2026,Torino FC,0,5,2.4722
Italy_Serie_A,2025-2026,Torino FC,0,6,2.0
Italy_Serie_A,2025-2026,Torino FC,0,7,1.3889
Italy_Serie_A,2025-2026,Torino FC,1,0,3.5
Italy_Serie_A,2025-2026,Torino FC,1,1,3.4444
Italy_Serie_A,2025-2026,Torino FC,1,2,7.0
Italy_Serie_A,2025-2026,Torino FC,1,3,14.9167
Italy_Serie_A,2025-2026,Torino FC,1,4,12.3611
Italy_Serie_A,2025-2026,Torino FC,1,5,5.6111
Italy_Serie_A,2025-2026,Torino FC,1,6,4.3889
Italy_Serie_A,2025-2026,Torino FC,1,7,4.4444
Italy_Serie_A,2025-2026,Torino FC,2,0,4.4722
Italy_Serie_A,2025-2026,Torino FC,2,1,4.4444
Italy_Serie_A,2025-2026,Torino FC,2,2,6.3056
Italy_Serie_A,2025-2026,Torino FC,2,3,6.6667
Italy_Serie_A,2025-2026,Torino FC,2,4,6.1667
Italy_Serie_A,2025-2026,Torino FC,2,5,6.8889
Italy_Serie_A,2025-2026,Torino FC,2,6,5.2222
Italy_Serie_A,2025-2026,Torino FC,2,7,4.4722
Italy_Serie_A,2025-2026,Torino FC,3,0,9.8889
Italy_Serie_A,2025-2026,Torino FC,3,1,8.4167
Italy_Serie_A,2025-2026,Torino FC,3,2,11.0833
Italy_Serie_A,2025-2026,Torino FC,3,3,10.5
Italy_Serie_A,2025-2026,Torino FC,3,4,9.8333
Italy_Serie_A,2025-2026,Torino FC,3,5,12.2222
Italy_Serie_A,2025-2026,Torino FC,3,6,9.2778
Italy_Serie_A,2025-2026,Torino FC,3,7,9.9722
Italy_Serie_A,2025-2026,Torino FC,4,0,11.0833
Italy_Serie_A,2025-2026,Torino FC,4,1,8.7222
Italy_Serie_A,2025-2026,Torino FC,4,2,12.5833
Italy_Serie_A,2025-2026,Torino FC,4,3,7.3333
Italy_Serie_A,2025-2026,Torino FC,4,4,7.5556
Italy_Serie_A,2025-2026,Torino FC,4,5,11.6389
Italy_Serie_A,2025-2026,Torino FC,4,6,10.3333
Italy_Serie_A,2025-2026,Torino FC,4,7,10.6111
Italy_Serie_A,2025-2026,Torino FC,5,0,8.0278
Italy_Serie_A,2025-2026,Torino FC,5,1,5.8056
Italy_Serie_A,2025-2026,Torino FC,5,2,7.8889
Italy_Serie_A,2025-2026,Torino FC,5,3,7.0278
Italy_Serie_A,2025-2026,Torino FC,5,4,7.8333
Italy_Serie_A,2025-2026,Torino FC,5,5,8.9167
Italy_Serie_A,2025-2026,Torino FC,5,6,6.5556
Italy_Serie_A,2025-2026,Torino FC,5,7,5.8889
Italy_Serie_A,2025-2026,Torino FC,6,0,8.75
Italy_Serie_A,2025-2026,Torino FC,6,1,6.6389
Italy_Serie_A,2025-2026,Torino FC,6,2,8.9167
Italy_Serie_A,2025-2026,Torino FC,6,3,6.6944
Italy_Serie_A,2025-2026,Torino FC,6,4,5.8333
Italy_Serie_A,2025-2026,Torino FC,6,5,8.1111
Italy_Serie_A,2025-2026,Torino FC,6,6,6.2778
Italy_Serie_A,2025-2026,Torino FC,6,7,8.0556
Italy_Serie_A,2025-2026,Torino FC,7,0,11.0556
Italy_Serie_A,2025-2026,Torino FC,7,1,9.5
Italy_Serie_A,2025-2026,Torino FC,7,2,10.0556
Italy_Serie_A,2025-2026,Torino FC,7,3,5.6667
Italy_Serie_A,2025-2026,Torino FC,7,4,4.3056
Italy_Serie_A,2025-2026,Torino FC,7,5,8.9722
Italy_Serie_A,2025-2026,Torino FC,7,6,8.5833
Italy_Serie_A,2025-2026,Torino FC,7,7,10.4444
Italy_Serie_A,2025-2026,Torino FC,8,0,8.9722
Italy_Serie_A,2025-2026,Torino FC,8,1,6.8611
Italy_Serie_A,2025-2026,Torino FC,8,2,7.4722
Italy_Serie_A,2025-2026,Torino FC,8,3,4.7778
Italy_Serie_A,2025-2026,Torino FC,8,4,5.8889
Italy_Serie_A,2025-2026,Torino FC,8,5,7.0
Italy_Serie_A,2025-2026,Torino FC,8,6,6.0556
Italy_Serie_A,2025-2026,Torino FC,8,7,8.8611
Italy_Serie_A,2025-2026,Torino FC,9,0,5.1944
Italy_Serie_A,2025-2026,Torino FC,9,1,3.75
Italy_Serie_A,2025-2026,Torino FC,9,2,3.7778
Italy_Serie_A,2025-2026,Torino FC,9,3,2.2778
Italy_Serie_A,2025-2026,Torino FC,9,4,2.8611
Italy_Serie_A,2025-2026,Torino FC,9,5,3.25
Italy_Serie_A,2025-2026,Torino FC,9,6,2.9167
Italy_Serie_A,2025-2026,Torino FC,9,7,4.6111
Italy_Serie_A,2025-2026,Torino FC,10,0,4.7222
Italy_Serie_A,2025-2026,Torino FC,10,1,2.6944
Italy_Serie_A,2025-2026,Torino FC,10,2,3.1389
Italy_Serie_A,2025-2026,Torino FC,10,3,4.1111
Italy_Serie_A,2025-2026,Torino FC,10,4,4.8333
Italy_Serie_A,2025-2026,Torino FC,10,5,3.5278
Italy_Serie_A,2025-2026,Torino FC,10,6,2.4722
Italy_Serie_A,2025-2026,Torino FC,10,7,4.8611
Italy_Serie_A,2025-2026,Torino FC,11,0,3.8056
Italy_Serie_A,2025-2026,Torino FC,11,1,1.6111
Italy_Serie_A,2025-2026,Torino FC,11,2,1.6667
Italy_Serie_A,2025-2026,Torino FC,11,3,1.8889
Italy_Serie_A,2025-2026,Torino FC,11,4,1.9444
Italy_Serie_A,2025-2026,Torino FC,11,5,1.3056
Italy_Serie_A,2025-2026,Torino FC,11,6,1.5833
Italy_Serie_A,2025-2026,Torino FC,11,7,4.7222
Italy_Serie_A,2025-2026,Atalanta Bergamasca Calcio,0,0,1.5278
Italy_Serie_A,2025-2026,Atalanta Bergamasca Calcio,0,1,2.0
Italy_Serie_A,2025-2026,Atalanta Bergamasca Calcio,0,2,2.8333
Italy_Serie_A,2025-2026,Atalanta Bergamasca Calcio,0,3,12.0
Italy_Serie_A,2025-2026,Atalanta Bergamasca Calcio,0,4,11.4167
Italy_Serie_A,2025-2026,Atalanta Bergamasca Calcio,0,5,3.0556
Italy_Serie_A,2025-2026,Atalanta Bergamasca Calcio,0,6,1.3889
Italy_Serie_A,2025-2026,Atalanta Bergamasca Calcio,0,7,1.25
Italy_Serie_A,2025-2026,Atalanta Bergamasca Calcio,1,0,3.7778
Italy_Serie_A,2025-2026,Atalanta Bergamasca Calcio,1,1,5.9722
Italy_Serie_A,2025-2026,Atalanta Bergamasca Calcio,1,2,6.2778
Italy_Serie_A,2025-2026,Atalanta Bergamasca Calcio,1,3,14.25
Italy_Serie_A,2025-2026,Atalanta Bergamasca Calcio,1,4,11.75
Italy_Serie_A,2025-2026,Atalanta Bergamasca Calcio,1,5,5.8611
Italy_Serie_A,2025-2026,Atalanta Bergamasca Calcio,1,6,5.5
Italy_Serie_A,2025-2026,Atalanta Bergamasca Calcio,1,7,3.5
Italy_Serie_A,2025-2026,Atalanta Bergamasca Calcio,2,0,5.5278
Italy_Serie_A,2025-2026,Atalanta Bergamasca Calcio,2,1,5.9444
Italy_Serie_A,2025-2026,Atalanta Bergamasca Calcio,2,2,7.9722
Italy_Serie_A,2025-2026,Atalanta Bergamasca Calcio,2,3,7.0833
Italy_Serie_A,2025-2026,Atalanta Bergamasca Calcio,2,4,6.6111
Italy_Serie_A,2025-2026,Atalanta Bergamasca Calcio,2,5,6.4722
Italy_Serie_A,2025-2026,Atalanta Bergamasca Calcio,2,6,6.8889
Italy_Serie_A,2025-2026,Atalanta Bergamasca Calcio,2,7,5.7778
Italy_Serie_A,2025-2026,Atalanta Bergamasca Calcio,3,0,9.5833
Italy_Serie_A,2025-2026,Atalanta Bergamasca Calcio,3,1,10.8333
Italy_Serie_A,2025-2026,Atalanta Bergamasca Calcio,3,2,13.0833
Italy_Serie_A,2025-2026,Atalanta Bergamasca Calcio,3,3,11.8889
Italy_Serie_A,2025-2026,Atalanta Bergamasca Calcio,3,4,12.0556
Italy_Serie_A,2025-2026,Atalanta Bergamasca Calcio,3,5,11.3889
Italy_Serie_A,2025-2026,Atalanta Bergamasca Calcio,3,6,9.4444
Italy_Serie_A,2025-2026,Atalanta Bergamasca Calcio,3,7,9.0
Italy_Serie_A,2025-2026,Atalanta Bergamasca Calcio,4,0,10.25
Italy_Serie_A,2025-2026,Atalanta Bergamasca Calcio,4,1,11.0556
Italy_Serie_A,2025-2026,Atalanta Bergamasca Calcio,4,2,12.3611
Italy_Serie_A,2025-2026,Atalanta Bergamasca Calcio,4,3,10.2778
Italy_Serie_A,2025-2026,Atalanta Bergamasca Calcio,4,4,10.0
Italy_Serie_A,2025-2026,Atalanta Bergamasca Calcio,4,5,13.4444
Italy_Serie_A,2025-2026,Atalanta Bergamasca Calcio,4,6,11.6667
Italy_Serie_A,2025-2026,Atalanta Bergamasca Calcio,4,7,10.5833
Italy_Serie_A,2025-2026,Atalanta Bergamasca Calcio,5,0,8.4444
Italy_Serie_A,2025-2026,Atalanta Bergamasca Calcio,5,1,8.3056
Italy_Serie_A,2025-2026,Atalanta Bergamasca Calcio,5,2,11.0278
Italy_Serie_A,2025-2026,Atalanta Bergamasca Calcio,5,3,9.2222
Italy_Serie_A,2025-2026,Atalanta Bergamasca Calcio,5,4,8.8611
Italy_Serie_A,2025-2026,Atalanta Bergamasca Calcio,5,5,11.5
Italy_Serie_A,2025-2026,Atalanta Bergamasca Calcio,5,6,9.3889
Italy_Serie_A,2025-2026,Atalanta Bergamasca Calcio,5,7,8.1111
Italy_Serie_A,2025-2026,Atalanta Bergamasca Calcio,6,0,9.3333
Italy_Serie_A,2025-2026,Atalanta Bergamasca Calcio,6,1,10.5278
Italy_Serie_A,2025-2026,Atalanta Bergamasca Calcio,6,2,10.1944
Italy_Serie_A,2025-2026,Atalanta Bergamasca Calcio,6,3,7.1111
Italy_Serie_A,2025-2026,Atalanta Bergamasca Calcio,6,4,7.75
Italy_Serie_A,2025-2026,Atalanta Bergamasca Calcio,6,5,10.6667
Italy_Serie_A,2025-2026,Atalanta Bergamasca Calcio,6,6,9.3611
Italy_Serie_A,2025-2026,Atalanta Bergamasca Calcio,6,7,8.8889
Italy_Serie_A,2025-2026,Atalanta Bergamasca Calcio,7,0,12.8889
Italy_Serie_A,2025-2026,Atalanta Bergamasca Calcio,7,1,12.0833
Italy_Serie_A,2025-2026,Atalanta Bergamasca Calcio,7,2,13.5833
Italy_Serie_A,2025-2026,Atalanta Bergamasca Calcio,7,3,6.0278
Italy_Serie_A,2025-2026,Atalanta Bergamasca Calcio,7,4,6.5278
Italy_Serie_A,2025-2026,Atalanta Bergamasca Calcio,7,5,11.7778
Italy_Serie_A,2025-2026,Atalanta Bergamasca Calcio,7,6,10.3889
Italy_Serie_A,2025-2026,Atalanta Bergamasca Calcio,7,7,11.4444
Italy_Serie_A,2025-2026,Atalanta Bergamasca Calcio,8,0,12.8056
Italy_Serie_A,2025-2026,Atalanta Bergamasca Calcio,8,1,10.9444
Italy_Serie_A,2025-2026,Atalanta Bergamasca Calcio,8,2,10.6389
Italy_Serie_A,2025-2026,Atalanta Bergamasca Calcio,8,3,8.0833
Italy_Serie_A,2025-2026,Atalanta Bergamasca Calcio,8,4,6.8333
Italy_Serie_A,2025-2026,Atalanta Bergamasca Calcio,8,5,10.4722
Italy_Serie_A,2025-2026,Atalanta Bergamasca Calcio,8,6,9.75
Italy_Serie_A,2025-2026,Atalanta Bergamasca Calcio,8,7,9.2222
Italy_Serie_A,2025-2026,Atalanta Bergamasca Calcio,9,0,8.0556
Italy_Serie_A,2025-2026,Atalanta Bergamasca Calcio,9,1,6.9444
Italy_Serie_A,2025-2026,Atalanta Bergamasca Calcio,9,2,6.6944
Italy_Serie_A,2025-2026,Atalanta Bergamasca Calcio,9,3,3.75
Italy_Serie_A,2025-2026,Atalanta Bergamasca Calcio,9,4,4.2778
Italy_Serie_A,2025-2026,Atalanta Bergamasca Calcio,9,5,5.6667
Italy_Serie_A,2025-2026,Atalanta Bergamasca Calcio,9,6,4.75
Italy_Serie_A,2025-2026,Atalanta Bergamasca Calcio,9,7,5.6944
Italy_Serie_A,2025-2026,Atalanta Bergamasca Calcio,10,0,6.8333
Italy_Serie_A,2025-2026,Atalanta Bergamasca Calcio,10,1,5.4167
Italy_Serie_A,2025-2026,Atalanta Bergamasca Calcio,10,2,3.5833
Italy_Serie_A,2025-2026,Atalanta Bergamasca Calcio,10,3,5.3889
Italy_Serie_A,2025-2026,Atalanta Bergamasca Calcio,10,4,4.75
Italy_Serie_A,2025-2026,Atalanta Bergamasca Calcio,10,5,4.4722
Italy_Serie_A,2025-2026,Atalanta Bergamasca Calcio,10,6,4.25
Italy_Serie_A,2025-2026,Atalanta Bergamasca Calcio,10,7,4.0833
Italy_Serie_A,2025-2026,Atalanta Bergamasca Calcio,11,0,5.3889
Italy_Serie_A,2025-2026,Atalanta Bergamasca Calcio,11,1,3.0
Italy_Serie_A,2025-2026,Atalanta Bergamasca Calcio,11,2,2.1389
Italy_Serie_A,2025-2026,Atalanta Bergamasca Calcio,11,3,3.4444
Italy_Serie_A,2025-2026,Atalanta Bergamasca Calcio,11,4,2.8889
Italy_Serie_A,2025-2026,Atalanta Bergamasca Calcio,11,5,2.6667
Italy_Serie_A,2025-2026,Atalanta Bergamasca Calcio,11,6,2.5278
Italy_Serie_A,2025-2026,Atalanta Bergamasca Calcio,11,7,4.5833
Italy_Serie_A,2025-2026,Udinese Calcio,0,0,1.6389
Italy_Serie_A,2025-2026,Udinese Calcio,0,1,1.5
Italy_Serie_A,2025-2026,Udinese Calcio,0,2,3.0833
Italy_Serie_A,2025-2026,Udinese Calcio,0,3,14.4444
Italy_Serie_A,2025-2026,Udinese Calcio,0,4,13.6389
Italy_Serie_A,2025-2026,Udinese Calcio,0,5,2.8889
Italy_Serie_A,2025-2026,Udinese Calcio,0,6,2.0556
Italy_Serie_A,2025-2026,Udinese Calcio,0,7,1.5278
Italy_Serie_A,2025-2026,Udinese Calcio,1,0,3.6667
Italy_Serie_A,2025-2026,Udinese Calcio,1,1,3.8611
Italy_Serie_A,2025-2026,Udinese Calcio,1,2,6.0833
Italy_Serie_A,2025-2026,Udinese Calcio,1,3,13.0833
Italy_Serie_A,2025-2026,Udinese Calcio,1,4,11.3333
Italy_Serie_A,2025-2026,Udinese Calcio,1,5,6.5833
Italy_Serie_A,2025-2026,Udinese Calcio,1,6,4.8611
Italy_Serie_A,2025-2026,Udinese Calcio,1,7,3.9444
Italy_Serie_A,2025-2026,Udinese Calcio,2,0,4.4444
Italy_Serie_A,2025-2026,Udinese Calcio,2,1,5.2222
Italy_Serie_A,2025-2026,Udinese Calcio,2,2,6.4722
Italy_Serie_A,2025-2026,Udinese Calcio,2,3,6.4444
Italy_Serie_A,2025-2026,Udinese Calcio,2,4,5.1667
Italy_Serie_A,2025-2026,Udinese Calcio,2,5,6.6111
Italy_Serie_A,2025-2026,Udinese Calcio,2,6,5.5833
Italy_Serie_A,2025-2026,Udinese Calcio,2,7,4.8056
Italy_Serie_A,2025-2026,Udinese Calcio,3,0,8.6389
Italy_Serie_A,2025-2026,Udinese Calcio,3,1,9.0278
Italy_Serie_A,2025-2026,Udinese Calcio,3,2,10.6111
Italy_Serie_A,2025-2026,Udinese Calcio,3,3,10.2222
Italy_Serie_A,2025-2026,Udinese Calcio,3,4,8.8889
Italy_Serie_A,2025-2026,Udinese Calcio,3,5,10.7222
Italy_Serie_A,2025-2026,Udinese Calcio,3,6,9.4444
Italy_Serie_A,2025-2026,Udinese Calcio,3,7,8.0
Italy_Serie_A,2025-2026,Udinese Calcio,4,0,9.25
Italy_Serie_A,2025-2026,Udinese Calcio,4,1,9.5833
Italy_Serie_A,2025-2026,Udinese Calcio,4,2,11.6111
Italy_Serie_A,2025-2026,Udinese Calcio,4,3,8.1389
Italy_Serie_A,2025-2026,Udinese Calcio,4,4,7.1667
Italy_Serie_A,2025-2026,Udinese Calcio,4,5,11.9444
Italy_Serie_A,2025-2026,Udinese Calcio,4,6,8.6667
Italy_Serie_A,2025-2026,Udinese Calcio,4,7,9.4722
Italy_Serie_A,2025-2026,Udinese Calcio,5,0,6.4722
Italy_Serie_A,2025-2026,Udinese Calcio,5,1,7.1944
Italy_Serie_A,2025-2026,Udinese Calcio,5,2,8.1389
Italy_Serie_A,2025-2026,Udinese Calcio,5,3,7.5833
Italy_Serie_A,2025-2026,Udinese Calcio,5,4,7.6944
Italy_Serie_A,2025-2026,Udinese Calcio,5,5,8.8611
Italy_Serie_A,2025-2026,Udinese Calcio,5,6,6.3611
Italy_Serie_A,2025-2026,Udinese Calcio,5,7,6.4444
Italy_Serie_A,2025-2026,Udinese Calcio,6,0,8.4722
Italy_Serie_A,2025-2026,Udinese Calcio,6,1,6.7222
Italy_Serie_A,2025-2026,Udinese Calcio,6,2,8.0556
Italy_Serie_A,2025-2026,Udinese Calcio,6,3,7.3611
Italy_Serie_A,2025-2026,Udinese Calcio,6,4,7.1667
Italy_Serie_A,2025-2026,Udinese Calcio,6,5,8.7222
Italy_Serie_A,2025-2026,Udinese Calcio,6,6,7.3056
Italy_Serie_A,2025-2026,Udinese Calcio,6,7,7.6667
Italy_Serie_A,2025-2026,Udinese Calcio,7,0,9.9444
Italy_Serie_A,2025-2026,Udinese Calcio,7,1,9.9167
Italy_Serie_A,2025-2026,Udinese Calcio,7,2,9.6111
Italy_Serie_A,2025-2026,Udinese Calcio,7,3,5.25
Italy_Serie_A,2025-2026,Udinese Calcio,7,4,4.6389
Italy_Serie_A,2025-2026,Udinese Calcio,7,5,8.7222
Italy_Serie_A,2025-2026,Udinese Calcio,7,6,8.8889
Italy_Serie_A,2025-2026,Udinese Calcio,7,7,9.8333
Italy_Serie_A,2025-2026,Udinese Calcio,8,0,7.3889
Italy_Serie_A,2025-2026,Udinese Calcio,8,1,7.8333
Italy_Serie_A,2025-2026,Udinese Calcio,8,2,6.5833
Italy_Serie_A,2025-2026,Udinese Calcio,8,3,5.1667
Italy_Serie_A,2025-2026,Udinese Calcio,8,4,5.6389
Italy_Serie_A,2025-2026,Udinese Calcio,8,5,7.7222
Italy_Serie_A,2025-2026,Udinese Calcio,8,6,8.0833
Italy_Serie_A,2025-2026,Udinese Calcio,8,7,8.8333
Italy_Serie_A,2025-2026,Udinese Calcio,9,0,4.6111
Italy_Serie_A,2025-2026,Udinese Calcio,9,1,2.9167
Italy_Serie_A,2025-2026,Udinese Calcio,9,2,3.3333
Italy_Serie_A,2025-2026,Udinese Calcio,9,3,2.5556
Italy_Serie_A,2025-2026,Udinese Calcio,9,4,2.8333
Italy_Serie_A,2025-2026,Udinese Calcio,9,5,3.9167
Italy_Serie_A,2025-2026,Udinese Calcio,9,6,4.3611
Italy_Serie_A,2025-2026,Udinese Calcio,9,7,6.0833
Italy_Serie_A,2025-2026,Udinese Calcio,10,0,3.5833
Italy_Serie_A,2025-2026,Udinese Calcio,10,1,2.3056
Italy_Serie_A,2025-2026,Udinese Calcio,10,2,2.9167
Italy_Serie_A,2025-2026,Udinese Calcio,10,3,3.1944
Italy_Serie_A,2025-2026,Udinese Calcio,10,4,3.9444
Italy_Serie_A,2025-2026,Udinese Calcio,10,5,4.0
Italy_Serie_A,2025-2026,Udinese Calcio,10,6,3.0278
Italy_Serie_A,2025-2026,Udinese Calcio,10,7,4.75
Italy_Serie_A,2025-2026,Udinese Calcio,11,0,3.5556
Italy_Serie_A,2025-2026,Udinese Calcio,11,1,1.2778
Italy_Serie_A,2025-2026,Udinese Calcio,11,2,1.3333
Italy_Serie_A,2025-2026,Udinese Calcio,11,3,1.8889
Italy_Serie_A,2025-2026,Udinese Calcio,11,4,1.5833
Italy_Serie_A,2025-2026,Udinese Calcio,11,5,2.8611
Italy_Serie_A,2025-2026,Udinese Calcio,11,6,2.3611
Italy_Serie_A,2025-2026,Udinese Calcio,11,7,4.6389
Italy_Serie_A,2025-2026,FC Internazionale Milano,0,0,1.1389
Italy_Serie_A,2025-2026,FC Internazionale Milano,0,1,1.1111
Italy_Serie_A,2025-2026,FC Internazionale Milano,0,2,1.6944
Italy_Serie_A,2025-2026,FC Internazionale Milano,0,3,8.9167
Italy_Serie_A,2025-2026,FC Internazionale Milano,0,4,9.9167
Italy_Serie_A,2025-2026,FC Internazionale Milano,0,5,2.5833
Italy_Serie_A,2025-2026,FC Internazionale Milano,0,6,1.5556
Italy_Serie_A,2025-2026,FC Internazionale Milano,0,7,1.4167
Italy_Serie_A,2025-2026,FC Internazionale Milano,1,0,3.0278
Italy_Serie_A,2025-2026,FC Internazionale Milano,1,1,4.0833
Italy_Serie_A,2025-2026,FC Internazionale Milano,1,2,4.6667
Italy_Serie_A,2025-2026,FC Internazionale Milano,1,3,12.7222
Italy_Serie_A,2025-2026,FC Internazionale Milano,1,4,11.1389
Italy_Serie_A,2025-2026,FC Internazionale Milano,1,5,6.3889
Italy_Serie_A,2025-2026,FC Internazionale Milano,1,6,5.0
Italy_Serie_A,2025-2026,FC Internazionale Milano,1,7,3.6111
Italy_Serie_A,2025-2026,FC Internazionale Milano,2,0,4.3056
Italy_Serie_A,2025-2026,FC Internazionale Milano,2,1,5.5556
Italy_Serie_A,2025-2026,FC Internazionale Milano,2,2,7.6389
Italy_Serie_A,2025-2026,FC Internazionale Milano,2,3,7.8889
Italy_Serie_A,2025-2026,FC Internazionale Milano,2,4,7.0278
Italy_Serie_A,2025-2026,FC Internazionale Milano,2,5,8.0556
Italy_Serie_A,2025-2026,FC Internazionale Milano,2,6,6.2778
Italy_Serie_A,2025-2026,FC Internazionale Milano,2,7,5.7222
Italy_Serie_A,2025-2026,FC Internazionale Milano,3,0,8.1389
Italy_Serie_A,2025-2026,FC Internazionale Milano,3,1,8.3889
Italy_Serie_A,2025-2026,FC Internazionale Milano,3,2,11.3611
Italy_Serie_A,2025-2026,FC Internazionale Milano,3,3,10.8333
Italy_Serie_A,2025-2026,FC Internazionale Milano,3,4,11.6667
Italy_Serie_A,2025-2026,FC Internazionale Milano,3,5,13.3056
Italy_Serie_A,2025-2026,FC Internazionale Milano,3,6,11.1389
Italy_Serie_A,2025-2026,FC Internazionale Milano,3,7,9.7222
Italy_Serie_A,2025-2026,FC Internazionale Milano,4,0,9.0278
Italy_Serie_A,2025-2026,FC Internazionale Milano,4,1,8.9167
Italy_Serie_A,2025-2026,FC Internazionale Milano,4,2,12.6111
Italy_Serie_A,2025-2026,FC Internazionale Milano,4,3,9.6389
Italy_Serie_A,2025-2026,FC Internazionale Milano,4,4,9.1944
Italy_Serie_A,2025-2026,FC Internazionale Milano,4,5,14.8333
Italy_Serie_A,2025-2026,FC Internazionale Milano,4,6,11.1667
Italy_Serie_A,2025-2026,FC Internazionale Milano,4,7,10.6667
Italy_Serie_A,2025-2026,FC Internazionale Milano,5,0,7.5
Italy_Serie_A,2025-2026,FC Internazionale Milano,5,1,8.5278
Italy_Serie_A,2025-2026,FC Internazionale Milano,5,2,11.5278
Italy_Serie_A,2025-2026,FC Internazionale Milano,5,3,9.5556
Italy_Serie_A,2025-2026,FC Internazionale Milano,5,4,10.3333
Italy_Serie_A,2025-2026,FC Internazionale Milano,5,5,12.3889
Italy_Serie_A,2025-2026,FC Internazionale Milano,5,6,9.6667
Italy_Serie_A,2025-2026,FC Internazionale Milano,5,7,8.3889
Italy_Serie_A,2025-2026,FC Internazionale Milano,6,0,8.6944
Italy_Serie_A,2025-2026,FC Internazionale Milano,6,1,8.8056
Italy_Serie_A,2025-2026,FC Internazionale Milano,6,2,11.9167
Italy_Serie_A,2025-2026,FC Internazionale Milano,6,3,9.6667
Italy_Serie_A,2025-2026,FC Internazionale Milano,6,4,9.8056
Italy_Serie_A,2025-2026,FC Internazionale Milano,6,5,14.4722
Italy_Serie_A,2025-2026,FC Internazionale Milano,6,6,10.9722
Italy_Serie_A,2025-2026,FC Internazionale Milano,6,7,10.3056
Italy_Serie_A,2025-2026,FC Internazionale Milano,7,0,12.4167
Italy_Serie_A,2025-2026,FC Internazionale Milano,7,1,12.5278
Italy_Serie_A,2025-2026,FC Internazionale Milano,7,2,13.3611
Italy_Serie_A,2025-2026,FC Internazionale Milano,7,3,6.6667
Italy_Serie_A,2025-2026,FC Internazionale Milano,7,4,7.1389
Italy_Serie_A,2025-2026,FC Internazionale Milano,7,5,14.8889
Italy_Serie_A,2025-2026,FC Internazionale Milano,7,6,13.4722
Italy_Serie_A,2025-2026,FC Internazionale Milano,7,7,13.7778
Italy_Serie_A,2025-2026,FC Internazionale Milano,8,0,11.4167
Italy_Serie_A,2025-2026,FC Internazionale Milano,8,1,11.1389
Italy_Serie_A,2025-2026,FC Internazionale Milano,8,2,11.4167
Italy_Serie_A,2025-2026,FC Internazionale Milano,8,3,8.75
Italy_Serie_A,2025-2026,FC Internazionale Milano,8,4,7.8333
Italy_Serie_A,2025-2026,FC Internazionale Milano,8,5,11.8611
Italy_Serie_A,2025-2026,FC Internazionale Milano,8,6,14.7778
Italy_Serie_A,2025-2026,FC Internazionale Milano,8,7,15.0833
Italy_Serie_A,2025-2026,FC Internazionale Milano,9,0,7.5833
Italy_Serie_A,2025-2026,FC Internazionale Milano,9,1,5.7778
Italy_Serie_A,2025-2026,FC Internazionale Milano,9,2,5.4167
Italy_Serie_A,2025-2026,FC Internazionale Milano,9,3,4.1944
Italy_Serie_A,2025-2026,FC Internazionale Milano,9,4,4.9444
Italy_Serie_A,2025-2026,FC Internazionale Milano,9,5,6.3333
Italy_Serie_A,2025-2026,FC Internazionale Milano,9,6,6.75
Italy_Serie_A,2025-2026,FC Internazionale Milano,9,7,11.2778
Italy_Serie_A,2025-2026,FC Internazionale Milano,10,0,5.5556
Italy_Serie_A,2025-2026,FC Internazionale Milano,10,1,5.1944
Italy_Serie_A,2025-2026,FC Internazionale Milano,10,2,4.4444
Italy_Serie_A,2025-2026,FC Internazionale Milano,10,3,6.4722
Italy_Serie_A,2025-2026,FC Internazionale Milano,10,4,6.0278
Italy_Serie_A,2025-2026,FC Internazionale Milano,10,5,5.1944
Italy_Serie_A,2025-2026,FC Internazionale Milano,10,6,5.25
Italy_Serie_A,2025-2026,FC Internazionale Milano,10,7,8.4444
Italy_Serie_A,2025-2026,FC Internazionale Milano,11,0,4.3611
Italy_Serie_A,2025-2026,FC Internazionale Milano,11,1,2.3611
Italy_Serie_A,2025-2026,FC Internazionale Milano,11,2,2.6111
Italy_Serie_A,2025-2026,FC Internazionale Milano,11,3,3.5556
Italy_Serie_A,2025-2026,FC Internazionale Milano,11,4,3.0556
Italy_Serie_A,2025-2026,FC Internazionale Milano,11,5,2.9167
Italy_Serie_A,2025-2026,FC Internazionale Milano,11,6,3.25
Italy_Serie_A,2025-2026,FC Internazionale Milano,11,7,5.4167
Italy_Serie_A,2025-2026,Hellas Verona FC,0,0,1.7778
Italy_Serie_A,2025-2026,Hellas Verona FC,0,1,1.7222
Italy_Serie_A,2025-2026,Hellas Verona FC,0,2,2.8056
Italy_Serie_A,2025-2026,Hellas Verona FC,0,3,12.8056
Italy_Serie_A,2025-2026,Hellas Verona FC,0,4,9.1667
Italy_Serie_A,2025-2026,Hellas Verona FC,0,5,2.1667
Italy_Serie_A,2025-2026,Hellas Verona FC,0,6,1.6389
Italy_Serie_A,2025-2026,Hellas Verona FC,0,7,1.3333
Italy_Serie_A,2025-2026,Hellas Verona FC,1,0,2.7222
Italy_Serie_A,2025-2026,Hellas Verona FC,1,1,3.1667
Italy_Serie_A,2025-2026,Hellas Verona FC,1,2,5.6944
Italy_Serie_A,2025-2026,Hellas Verona FC,1,3,14.2778
Italy_Serie_A,2025-2026,Hellas Verona FC,1,4,10.0833
Italy_Serie_A,2025-2026,Hellas Verona FC,1,5,4.7778
Italy_Serie_A,2025-2026,Hellas Verona FC,1,6,3.3056
Italy_Serie_A,2025-2026,Hellas Verona FC,1,7,3.2778
Italy_Serie_A,2025-2026,Hellas Verona FC,2,0,3.7778
Italy_Serie_A,2025-2026,Hellas Verona FC,2,1,4.0
Italy_Serie_A,2025-2026,Hellas Verona FC,2,2,5.5
Italy_Serie_A,2025-2026,Hellas Verona FC,2,3,5.3333
Italy_Serie_A,2025-2026,Hellas Verona FC,2,4,4.4722
Italy_Serie_A,2025-2026,Hellas Verona FC,2,5,5.9722
Italy_Serie_A,2025-2026,Hellas Verona FC,2,6,5.1667
Italy_Serie_A,2025-2026,Hellas Verona FC,2,7,4.4444
Italy_Serie_A,2025-2026,Hellas Verona FC,3,0,9.2222
Italy_Serie_A,2025-2026,Hellas Verona FC,3,1,9.0278
Italy_Serie_A,2025-2026,Hellas Verona FC,3,2,9.8611
Italy_Serie_A,2025-2026,Hellas Verona FC,3,3,9.75
Italy_Serie_A,2025-2026,Hellas Verona FC,3,4,9.8333
Italy_Serie_A,2025-2026,Hellas Verona FC,3,5,9.5833
Italy_Serie_A,2025-2026,Hellas Verona FC,3,6,9.3889
Italy_Serie_A,2025-2026,Hellas Verona FC,3,7,8.1944
Italy_Serie_A,2025-2026,Hellas Verona FC,4,0,10.5
Italy_Serie_A,2025-2026,Hellas Verona FC,4,1,10.0278
Italy_Serie_A,2025-2026,Hellas Verona FC,4,2,11.6944
Italy_Serie_A,2025-2026,Hellas Verona FC,4,3,6.5833
Italy_Serie_A,2025-2026,Hellas Verona FC,4,4,7.3333
Italy_Serie_A,2025-2026,Hellas Verona FC,4,5,11.5556
Italy_Serie_A,2025-2026,Hellas Verona FC,4,6,9.8333
Italy_Serie_A,2025-2026,Hellas Verona FC,4,7,9.3056
Italy_Serie_A,2025-2026,Hellas Verona FC,5,0,7.6944
Italy_Serie_A,2025-2026,Hellas Verona FC,5,1,6.9167
Italy_Serie_A,2025-2026,Hellas Verona FC,5,2,8.8333
Italy_Serie_A,2025-2026,Hellas Verona FC,5,3,6.4444
Italy_Serie_A,2025-2026,Hellas Verona FC,5,4,7.8889
Italy_Serie_A,2025-2026,Hellas Verona FC,5,5,8.8889
Italy_Serie_A,2025-2026,Hellas Verona FC,5,6,6.4722
Italy_Serie_A,2025-2026,Hellas Verona FC,5,7,7.75
Italy_Serie_A,2025-2026,Hellas Verona FC,6,0,9.1389
Italy_Serie_A,2025-2026,Hellas Verona FC,6,1,7.9722
Italy_Serie_A,2025-2026,Hellas Verona FC,6,2,9.3611
Italy_Serie_A,2025-2026,Hellas Verona FC,6,3,7.5
Italy_Serie_A,2025-2026,Hellas Verona FC,6,4,6.5833
Italy_Serie_A,2025-2026,Hellas Verona FC,6,5,7.6944
Italy_Serie_A,2025-2026,Hellas Verona FC,6,6,6.8889
Italy_Serie_A,2025-2026,Hellas Verona FC,6,7,8.3889
Italy_Serie_A,2025-2026,Hellas Verona FC,7,0,12.3056
Italy_Serie_A,2025-2026,Hellas Verona FC,7,1,10.7222
Italy_Serie_A,2025-2026,Hellas Verona FC,7,2,12.2778
Italy_Serie_A,2025-2026,Hellas Verona FC,7,3,4.75
Italy_Serie_A,2025-2026,Hellas Verona FC,7,4,4.3889
Italy_Serie_A,2025-2026,Hellas Verona FC,7,5,8.9722
Italy_Serie_A,2025-2026,Hellas Verona FC,7,6,8.1944
Italy_Serie_A,2025-2026,Hellas Verona FC,7,7,9.2778
Italy_Serie_A,2025-2026,Hellas Verona FC,8,0,10.6944
Italy_Serie_A,2025-2026,Hellas Verona FC,8,1,8.4722
Italy_Serie_A,2025-2026,Hellas Verona FC,8,2,8.0
Italy_Serie_A,2025-2026,Hellas Verona FC,8,3,5.4444
Italy_Serie_A,2025-2026,Hellas Verona FC,8,4,4.5556
Italy_Serie_A,2025-2026,Hellas Verona FC,8,5,6.1111
Italy_Serie_A,2025-2026,Hellas Verona FC,8,6,6.0556
Italy_Serie_A,2025-2026,Hellas Verona FC,8,7,7.3889
Italy_Serie_A,2025-2026,Hellas Verona FC,9,0,6.7778
Italy_Serie_A,2025-2026,Hellas Verona FC,9,1,3.7222
Italy_Serie_A,2025-2026,Hellas Verona FC,9,2,3.8333
Italy_Serie_A,2025-2026,Hellas Verona FC,9,3,2.6111
Italy_Serie_A,2025-2026,Hellas Verona FC,9,4,2.2778
Italy_Serie_A,2025-2026,Hellas Verona FC,9,5,3.1667
Italy_Serie_A,2025-2026,Hellas Verona FC,9,6,2.9167
Italy_Serie_A,2025-2026,Hellas Verona FC,9,7,4.2222
Italy_Serie_A,2025-2026,Hellas Verona FC,10,0,5.8611
Italy_Serie_A,2025-2026,Hellas Verona FC,10,1,2.8333
Italy_Serie_A,2025-2026,Hellas Verona FC,10,2,3.1111
Italy_Serie_A,2025-2026,Hellas Verona FC,10,3,3.3333
Italy_Serie_A,2025-2026,Hellas Verona FC,10,4,3.3056
Italy_Serie_A,2025-2026,Hellas Verona FC,10,5,2.4167
Italy_Serie_A,2025-2026,Hellas Verona FC,10,6,2.1944
Italy_Serie_A,2025-2026,Hellas Verona FC,10,7,2.7222
Italy_Serie_A,2025-2026,Hellas Verona FC,11,0,4.5
Italy_Serie_A,2025-2026,Hellas Verona FC,11,1,1.7778
Italy_Serie_A,2025-2026,Hellas Verona FC,11,2,2.0
Italy_Serie_A,2025-2026,Hellas Verona FC,11,3,1.4722
Italy_Serie_A,2025-2026,Hellas Verona FC,11,4,1.5833
Italy_Serie_A,2025-2026,Hellas Verona FC,11,5,1.3889
Italy_Serie_A,2025-2026,Hellas Verona FC,11,6,1.1944
Italy_Serie_A,2025-2026,Hellas Verona FC,11,7,2.8056
Eredivisie,2025-2026,Alkmaar Zaanstreek,0,0,1.6364
Eredivisie,2025-2026,Alkmaar Zaanstreek,0,1,2.2727
Eredivisie,2025-2026,Alkmaar Zaanstreek,0,2,3.303
Eredivisie,2025-2026,Alkmaar Zaanstreek,0,3,15.4242
Eredivisie,2025-2026,Alkmaar Zaanstreek,0,4,13.3636
Eredivisie,2025-2026,Alkmaar Zaanstreek,0,5,2.8485
Eredivisie,2025-2026,Alkmaar Zaanstreek,0,6,2.2121
Eredivisie,2025-2026,Alkmaar Zaanstreek,0,7,1.9697
Eredivisie,2025-2026,Alkmaar Zaanstreek,1,0,4.2121
Eredivisie,2025-2026,Alkmaar Zaanstreek,1,1,4.7576
Eredivisie,2025-2026,Alkmaar Zaanstreek,1,2,6.5758
Eredivisie,2025-2026,Alkmaar Zaanstreek,1,3,13.3636
Eredivisie,2025-2026,Alkmaar Zaanstreek,1,4,10.8788
Eredivisie,2025-2026,Alkmaar Zaanstreek,1,5,6.5758
Eredivisie,2025-2026,Alkmaar Zaanstreek,1,6,4.5455
Eredivisie,2025-2026,Alkmaar Zaanstreek,1,7,4.0303
Eredivisie,2025-2026,Alkmaar Zaanstreek,2,0,4.6061
Eredivisie,2025-2026,Alkmaar Zaanstreek,2,1,5.3939
Eredivisie,2025-2026,Alkmaar Zaanstreek,2,2,8.0909
Eredivisie,2025-2026,Alkmaar Zaanstreek,2,3,5.5152
Eredivisie,2025-2026,Alkmaar Zaanstreek,2,4,6.5455
Eredivisie,2025-2026,Alkmaar Zaanstreek,2,5,7.9697
Eredivisie,2025-2026,Alkmaar Zaanstreek,2,6,5.7576
Eredivisie,2025-2026,Alkmaar Zaanstreek,2,7,5.6364
Eredivisie,2025-2026,Alkmaar Zaanstreek,3,0,9.0606
Eredivisie,2025-2026,Alkmaar Zaanstreek,3,1,9.4545
Eredivisie,2025-2026,Alkmaar Zaanstreek,3,2,12.697
Eredivisie,2025-2026,Alkmaar Zaanstreek,3,3,10.2121
Eredivisie,2025-2026,Alkmaar Zaanstreek,3,4,11.5758
Eredivisie,2025-2026,Alkmaar Zaanstreek,3,5,12.0606
Eredivisie,2025-2026,Alkmaar Zaanstreek,3,6,9.3636
Eredivisie,2025-2026,Alkmaar Zaanstreek,3,7,8.6667
Eredivisie,2025-2026,Alkmaar Zaanstreek,4,0,9.3939
Eredivisie,2025-2026,Alkmaar Zaanstreek,4,1,9.1515
Eredivisie,2025-2026,Alkmaar Zaanstreek,4,2,14.5455
Eredivisie,2025-2026,Alkmaar Zaanstreek,4,3,9.1818
Eredivisie,2025-2026,Alkmaar Zaanstreek,4,4,10.0606
Eredivisie,2025-2026,Alkmaar Zaanstreek,4,5,13.6667
Eredivisie,2025-2026,Alkmaar Zaanstreek,4,6,11.1515
Eredivisie,2025-2026,Alkmaar Zaanstreek,4,7,7.8788
Eredivisie,2025-2026,Alkmaar Zaanstreek,5,0,6.1212
Eredivisie,2025-2026,Alkmaar Zaanstreek,5,1,7.3333
Eredivisie,2025-2026,Alkmaar Zaanstreek,5,2,10.0303
Eredivisie,2025-2026,Alkmaar Zaanstreek,5,3,10.0606
Eredivisie,2025-2026,Alkmaar Zaanstreek,5,4,9.8788
Eredivisie,2025-2026,Alkmaar Zaanstreek,5,5,11.3939
Eredivisie,2025-2026,Alkmaar Zaanstreek,5,6,7.7273
Eredivisie,2025-2026,Alkmaar Zaanstreek,5,7,7.4848
Eredivisie,2025-2026,Alkmaar Zaanstreek,6,0,7.0
Eredivisie,2025-2026,Alkmaar Zaanstreek,6,1,7.7576
Eredivisie,2025-2026,Alkmaar Zaanstreek,6,2,10.8485
Eredivisie,2025-2026,Alkmaar Zaanstreek,6,3,9.6667
Eredivisie,2025-2026,Alkmaar Zaanstreek,6,4,9.303
Eredivisie,2025-2026,Alkmaar Zaanstreek,6,5,11.7273
Eredivisie,2025-2026,Alkmaar Zaanstreek,6,6,7.3333
Eredivisie,2025-2026,Alkmaar Zaanstreek,6,7,7.8182
Eredivisie,2025-2026,Alkmaar Zaanstreek,7,0,10.1212
Eredivisie,2025-2026,Alkmaar Zaanstreek,7,1,10.5455
Eredivisie,2025-2026,Alkmaar Zaanstreek,7,2,13.3636
Eredivisie,2025-2026,Alkmaar Zaanstreek,7,3,7.697
Eredivisie,2025-2026,Alkmaar Zaanstreek,7,4,7.0606
Eredivisie,2025-2026,Alkmaar Zaanstreek,7,5,12.7879
Eredivisie,2025-2026,Alkmaar Zaanstreek,7,6,9.7879
Eredivisie,2025-2026,Alkmaar Zaanstreek,7,7,10.0909
Eredivisie,2025-2026,Alkmaar Zaanstreek,8,0,9.4242
Eredivisie,2025-2026,Alkmaar Zaanstreek,8,1,9.5455
Eredivisie,2025-2026,Alkmaar Zaanstreek,8,2,9.7273
Eredivisie,2025-2026,Alkmaar Zaanstreek,8,3,8.1212
Eredivisie,2025-2026,Alkmaar Zaanstreek,8,4,8.8788
Eredivisie,2025-2026,Alkmaar Zaanstreek,8,5,10.9394
Eredivisie,2025-2026,Alkmaar Zaanstreek,8,6,9.7576
Eredivisie,2025-2026,Alkmaar Zaanstreek,8,7,8.7879
Eredivisie,2025-2026,Alkmaar Zaanstreek,9,0,5.7576
Eredivisie,2025-2026,Alkmaar Zaanstreek,9,1,4.1515
Eredivisie,2025-2026,Alkmaar Zaanstreek,9,2,5.9091
Eredivisie,2025-2026,Alkmaar Zaanstreek,9,3,3.7879
Eredivisie,2025-2026,Alkmaar Zaanstreek,9,4,4.6667
Eredivisie,2025-2026,Alkmaar Zaanstreek,9,5,6.4242
Eredivisie,2025-2026,Alkmaar Zaanstreek,9,6,4.303
Eredivisie,2025-2026,Alkmaar Zaanstreek,9,7,5.5758
Eredivisie,2025-2026,Alkmaar Zaanstreek,10,0,4.697
Eredivisie,2025-2026,Alkmaar Zaanstreek,10,1,2.9091
Eredivisie,2025-2026,Alkmaar Zaanstreek,10,2,4.2424
Eredivisie,2025-2026,Alkmaar Zaanstreek,10,3,4.3333
Eredivisie,2025-2026,Alkmaar Zaanstreek,10,4,5.2727
Eredivisie,2025-2026,Alkmaar Zaanstreek,10,5,4.3939
Eredivisie,2025-2026,Alkmaar Zaanstreek,10,6,4.2121
Eredivisie,2025-2026,Alkmaar Zaanstreek,10,7,4.3939
Eredivisie,2025-2026,Alkmaar Zaanstreek,11,0,4.2424
Eredivisie,2025-2026,Alkmaar Zaanstreek,11,1,2.6667
Eredivisie,2025-2026,Alkmaar Zaanstreek,11,2,2.9091
Eredivisie,2025-2026,Alkmaar Zaanstreek,11,3,2.7273
Eredivisie,2025-2026,Alkmaar Zaanstreek,11,4,1.7879
Eredivisie,2025-2026,Alkmaar Zaanstreek,11,5,3.6364
Eredivisie,2025-2026,Alkmaar Zaanstreek,11,6,3.2121
Eredivisie,2025-2026,Alkmaar Zaanstreek,11,7,4.6364
Eredivisie,2025-2026,FC Utrecht,0,0,1.6364
Eredivisie,2025-2026,FC Utrecht,0,1,1.4848
Eredivisie,2025-2026,FC Utrecht,0,2,3.5152
Eredivisie,2025-2026,FC Utrecht,0,3,14.9091
Eredivisie,2025-2026,FC Utrecht,0,4,14.5758
Eredivisie,2025-2026,FC Utrecht,0,5,3.8485
Eredivisie,2025-2026,FC Utrecht,0,6,1.8788
Eredivisie,2025-2026,FC Utrecht,0,7,1.2727
Eredivisie,2025-2026,FC Utrecht,1,0,4.5455
Eredivisie,2025-2026,FC Utrecht,1,1,4.3939
Eredivisie,2025-2026,FC Utrecht,1,2,6.2121
Eredivisie,2025-2026,FC Utrecht,1,3,10.1818
Eredivisie,2025-2026,FC Utrecht,1,4,13.9697
Eredivisie,2025-2026,FC Utrecht,1,5,7.4242
Eredivisie,2025-2026,FC Utrecht,1,6,4.3333
Eredivisie,2025-2026,FC Utrecht,1,7,4.9697
Eredivisie,2025-2026,FC Utrecht,2,0,5.4848
Eredivisie,2025-2026,FC Utrecht,2,1,5.3636
Eredivisie,2025-2026,FC Utrecht,2,2,7.9697
Eredivisie,2025-2026,FC Utrecht,2,3,6.0
Eredivisie,2025-2026,FC Utrecht,2,4,6.5152
Eredivisie,2025-2026,FC Utrecht,2,5,8.2121
Eredivisie,2025-2026,FC Utrecht,2,6,6.0
Eredivisie,2025-2026,FC Utrecht,2,7,6.0909
Eredivisie,2025-2026,FC Utrecht,3,0,7.7879
Eredivisie,2025-2026,FC Utrecht,3,1,8.3636
Eredivisie,2025-2026,FC Utrecht,3,2,10.4848
Eredivisie,2025-2026,FC Utrecht,3,3,9.7273
Eredivisie,2025-2026,FC Utrecht,3,4,12.2727
Eredivisie,2025-2026,FC Utrecht,3,5,13.3939
Eredivisie,2025-2026,FC Utrecht,3,6,8.7576
Eredivisie,2025-2026,FC Utrecht,3,7,8.1515
Eredivisie,2025-2026,FC Utrecht,4,0,8.8182
Eredivisie,2025-2026,FC Utrecht,4,1,9.6364
Eredivisie,2025-2026,FC Utrecht,4,2,12.4545
Eredivisie,2025-2026,FC Utrecht,4,3,8.7576
Eredivisie,2025-2026,FC Utrecht,4,4,9.1818
Eredivisie,2025-2026,FC Utrecht,4,5,13.7273
Eredivisie,2025-2026,FC Utrecht,4,6,10.9091
Eredivisie,2025-2026,FC Utrecht,4,7,8.7576
Eredivisie,2025-2026,FC Utrecht,5,0,7.4848
Eredivisie,2025-2026,FC Utrecht,5,1,6.9697
Eredivisie,2025-2026,FC Utrecht,5,2,8.1818
Eredivisie,2025-2026,FC Utrecht,5,3,7.7273
Eredivisie,2025-2026,FC Utrecht,5,4,9.3636
Eredivisie,2025-2026,FC Utrecht,5,5,10.6061
Eredivisie,2025-2026,FC Utrecht,5,6,6.6667
Eredivisie,2025-2026,FC Utrecht,5,7,6.8788
Eredivisie,2025-2026,FC Utrecht,6,0,8.1818
Eredivisie,2025-2026,FC Utrecht,6,1,7.7273
Eredivisie,2025-2026,FC Utrecht,6,2,8.6364
Eredivisie,2025-2026,FC Utrecht,6,3,7.7576
Eredivisie,2025-2026,FC Utrecht,6,4,7.7879
Eredivisie,2025-2026,FC Utrecht,6,5,10.5152
Eredivisie,2025-2026,FC Utrecht,6,6,8.2424
Eredivisie,2025-2026,FC Utrecht,6,7,7.5758
Eredivisie,2025-2026,FC Utrecht,7,0,10.0
Eredivisie,2025-2026,FC Utrecht,7,1,7.3636
Eredivisie,2025-2026,FC Utrecht,7,2,10.1515
Eredivisie,2025-2026,FC Utrecht,7,3,5.2727
Eredivisie,2025-2026,FC Utrecht,7,4,6.8182
Eredivisie,2025-2026,FC Utrecht,7,5,11.3636
Eredivisie,2025-2026,FC Utrecht,7,6,10.303
Eredivisie,2025-2026,FC Utrecht,7,7,9.7576
Eredivisie,2025-2026,FC Utrecht,8,0,7.7576
Eredivisie,2025-2026,FC Utrecht,8,1,6.0
Eredivisie,2025-2026,FC Utrecht,8,2,6.4242
Eredivisie,2025-2026,FC Utrecht,8,3,6.5758
Eredivisie,2025-2026,FC Utrecht,8,4,7.1212
Eredivisie,2025-2026,FC Utrecht,8,5,7.6364
Eredivisie,2025-2026,FC Utrecht,8,6,8.6061
Eredivisie,2025-2026,FC Utrecht,8,7,8.8182
Eredivisie,2025-2026,FC Utrecht,9,0,4.8485
Eredivisie,2025-2026,FC Utrecht,9,1,3.5455
Eredivisie,2025-2026,FC Utrecht,9,2,3.4242
Eredivisie,2025-2026,FC Utrecht,9,3,3.5758
Eredivisie,2025-2026,FC Utrecht,9,4,3.5758
Eredivisie,2025-2026,FC Utrecht,9,5,3.7576
Eredivisie,2025-2026,FC Utrecht,9,6,4.2727
Eredivisie,2025-2026,FC Utrecht,9,7,5.5758
Eredivisie,2025-2026,FC Utrecht,10,0,3.3333
Eredivisie,2025-2026,FC Utrecht,10,1,2.303
Eredivisie,2025-2026,FC Utrecht,10,2,2.8788
Eredivisie,2025-2026,FC Utrecht,10,3,4.3939
Eredivisie,2025-2026,FC Utrecht,10,4,4.697
Eredivisie,2025-2026,FC Utrecht,10,5,5.1818
Eredivisie,2025-2026,FC Utrecht,10,6,3.3636
Eredivisie,2025-2026,FC Utrecht,10,7,5.9697
Eredivisie,2025-2026,FC Utrecht,11,0,3.7576
Eredivisie,2025-2026,FC Utrecht,11,1,1.5455
Eredivisie,2025-2026,FC Utrecht,11,2,1.2727
Eredivisie,2025-2026,FC Utrecht,11,3,2.3939
Eredivisie,2025-2026,FC Utrecht,11,4,2.8485
Eredivisie,2025-2026,FC Utrecht,11,5,2.3636
Eredivisie,2025-2026,FC Utrecht,11,6,2.697
Eredivisie,2025-2026,FC Utrecht,11,7,5.4242
Eredivisie,2025-2026,Feyenoord Rotterdam,0,0,0.7273
Eredivisie,2025-2026,Feyenoord Rotterdam,0,1,1.0909
Eredivisie,2025-2026,Feyenoord Rotterdam,0,2,2.2121
Eredivisie,2025-2026,Feyenoord Rotterdam,0,3,8.6061
Eredivisie,2025-2026,Feyenoord Rotterdam,0,4,12.5455
Eredivisie,2025-2026,Feyenoord Rotterdam,0,5,2.7576
Eredivisie,2025-2026,Feyenoord Rotterdam,0,6,1.5758
Eredivisie,2025-2026,Feyenoord Rotterdam,0,7,1.0
Eredivisie,2025-2026,Feyenoord Rotterdam,1,0,2.6061
Eredivisie,2025-2026,Feyenoord Rotterdam,1,1,3.0303
Eredivisie,2025-2026,Feyenoord Rotterdam,1,2,5.2121
Eredivisie,2025-2026,Feyenoord Rotterdam,1,3,12.0303
Eredivisie,2025-2026,Feyenoord Rotterdam,1,4,13.0606
Eredivisie,2025-2026,Feyenoord Rotterdam,1,5,6.0606
Eredivisie,2025-2026,Feyenoord Rotterdam,1,6,3.5152
Eredivisie,2025-2026,Feyenoord Rotterdam,1,7,2.7576
Eredivisie,2025-2026,Feyenoord Rotterdam,2,0,3.6364
Eredivisie,2025-2026,Feyenoord Rotterdam,2,1,4.6364
Eredivisie,2025-2026,Feyenoord Rotterdam,2,2,6.9091
Eredivisie,2025-2026,Feyenoord Rotterdam,2,3,7.4242
Eredivisie,2025-2026,Feyenoord Rotterdam,2,4,6.4545
Eredivisie,2025-2026,Feyenoord Rotterdam,2,5,7.1212
Eredivisie,2025-2026,Feyenoord Rotterdam,2,6,5.3636
Eredivisie,2025-2026,Feyenoord Rotterdam,2,7,4.0909
Eredivisie,2025-2026,Feyenoord Rotterdam,3,0,6.5455
Eredivisie,2025-2026,Feyenoord Rotterdam,3,1,7.5758
Eredivisie,2025-2026,Feyenoord Rotterdam,3,2,10.8788
Eredivisie,2025-2026,Feyenoord Rotterdam,3,3,12.2727
Eredivisie,2025-2026,Feyenoord Rotterdam,3,4,10.9091
Eredivisie,2025-2026,Feyenoord Rotterdam,3,5,11.1212
Eredivisie,2025-2026,Feyenoord Rotterdam,3,6,8.697
Eredivisie,2025-2026,Feyenoord Rotterdam,3,7,6.5152
Eredivisie,2025-2026,Feyenoord Rotterdam,4,0,7.303
Eredivisie,2025-2026,Feyenoord Rotterdam,4,1,9.0
Eredivisie,2025-2026,Feyenoord Rotterdam,4,2,11.5455
Eredivisie,2025-2026,Feyenoord Rotterdam,4,3,7.1818
Eredivisie,2025-2026,Feyenoord Rotterdam,4,4,9.697
Eredivisie,2025-2026,Feyenoord Rotterdam,4,5,13.5152
Eredivisie,2025-2026,Feyenoord Rotterdam,4,6,10.8182
Eredivisie,2025-2026,Feyenoord Rotterdam,4,7,9.0909
Eredivisie,2025-2026,Feyenoord Rotterdam,5,0,5.0
Eredivisie,2025-2026,Feyenoord Rotterdam,5,1,7.8788
Eredivisie,2025-2026,Feyenoord Rotterdam,5,2,9.0
Eredivisie,2025-2026,Feyenoord Rotterdam,5,3,8.4848
Eredivisie,2025-2026,Feyenoord Rotterdam,5,4,9.2727
Eredivisie,2025-2026,Feyenoord Rotterdam,5,5,10.0606
Eredivisie,2025-2026,Feyenoord Rotterdam,5,6,7.7576
Eredivisie,2025-2026,Feyenoord Rotterdam,5,7,7.0
Eredivisie,2025-2026,Feyenoord Rotterdam,6,0,6.6667
Eredivisie,2025-2026,Feyenoord Rotterdam,6,1,8.2727
Eredivisie,2025-2026,Feyenoord Rotterdam,6,2,9.8485
Eredivisie,2025-2026,Feyenoord Rotterdam,6,3,8.5758
Eredivisie,2025-2026,Feyenoord Rotterdam,6,4,9.2121
Eredivisie,2025-2026,Feyenoord Rotterdam,6,5,10.8485
Eredivisie,2025-2026,Feyenoord Rotterdam,6,6,10.4545
Eredivisie,2025-2026,Feyenoord Rotterdam,6,7,8.1515
Eredivisie,2025-2026,Feyenoord Rotterdam,7,0,10.2727
Eredivisie,2025-2026,Feyenoord Rotterdam,7,1,11.9091
Eredivisie,2025-2026,Feyenoord Rotterdam,7,2,13.0606
Eredivisie,2025-2026,Feyenoord Rotterdam,7,3,7.2424
Eredivisie,2025-2026,Feyenoord Rotterdam,7,4,7.4545
Eredivisie,2025-2026,Feyenoord Rotterdam,7,5,12.8485
Eredivisie,2025-2026,Feyenoord Rotterdam,7,6,13.697
Eredivisie,2025-2026,Feyenoord Rotterdam,7,7,11.4848
Eredivisie,2025-2026,Feyenoord Rotterdam,8,0,10.303
Eredivisie,2025-2026,Feyenoord Rotterdam,8,1,10.1212
Eredivisie,2025-2026,Feyenoord Rotterdam,8,2,10.0303
Eredivisie,2025-2026,Feyenoord Rotterdam,8,3,7.0909
Eredivisie,2025-2026,Feyenoord Rotterdam,8,4,7.6364
Eredivisie,2025-2026,Feyenoord Rotterdam,8,5,10.9697
Eredivisie,2025-2026,Feyenoord Rotterdam,8,6,11.9394
Eredivisie,2025-2026,Feyenoord Rotterdam,8,7,10.8182
Eredivisie,2025-2026,Feyenoord Rotterdam,9,0,7.0909
Eredivisie,2025-2026,Feyenoord Rotterdam,9,1,5.6667
Eredivisie,2025-2026,Feyenoord Rotterdam,9,2,5.2424
Eredivisie,2025-2026,Feyenoord Rotterdam,9,3,3.8788
Eredivisie,2025-2026,Feyenoord Rotterdam,9,4,4.5758
Eredivisie,2025-2026,Feyenoord Rotterdam,9,5,6.1515
Eredivisie,2025-2026,Feyenoord Rotterdam,9,6,6.3939
Eredivisie,2025-2026,Feyenoord Rotterdam,9,7,7.8485
Eredivisie,2025-2026,Feyenoord Rotterdam,10,0,5.4848
Eredivisie,2025-2026,Feyenoord Rotterdam,10,1,5.0909
Eredivisie,2025-2026,Feyenoord Rotterdam,10,2,5.2424
Eredivisie,2025-2026,Feyenoord Rotterdam,10,3,5.1818
Eredivisie,2025-2026,Feyenoord Rotterdam,10,4,4.7879
Eredivisie,2025-2026,Feyenoord Rotterdam,10,5,5.1515
Eredivisie,2025-2026,Feyenoord Rotterdam,10,6,5.2121
Eredivisie,2025-2026,Feyenoord Rotterdam,10,7,6.2121
Eredivisie,2025-2026,Feyenoord Rotterdam,11,0,5.5152
Eredivisie,2025-2026,Feyenoord Rotterdam,11,1,3.7576
Eredivisie,2025-2026,Feyenoord Rotterdam,11,2,4.1818
Eredivisie,2025-2026,Feyenoord Rotterdam,11,3,3.0
Eredivisie,2025-2026,Feyenoord Rotterdam,11,4,3.2727
Eredivisie,2025-2026,Feyenoord Rotterdam,11,5,3.9394
Eredivisie,2025-2026,Feyenoord Rotterdam,11,6,3.1515
Eredivisie,2025-2026,Feyenoord Rotterdam,11,7,5.2424
Eredivisie,2025-2026,PSV Eindhoven,0,0,1.2727
Eredivisie,2025-2026,PSV Eindhoven,0,1,1.6667
Eredivisie,2025-2026,PSV Eindhoven,0,2,4.303
Eredivisie,2025-2026,PSV Eindhoven,0,3,10.9697
Eredivisie,2025-2026,PSV Eindhoven,0,4,12.7879
Eredivisie,2025-2026,PSV Eindhoven,0,5,3.2727
Eredivisie,2025-2026,PSV Eindhoven,0,6,1.3333
Eredivisie,2025-2026,PSV Eindhoven,0,7,1.3636
Eredivisie,2025-2026,PSV Eindhoven,1,0,4.1212
Eredivisie,2025-2026,PSV Eindhoven,1,1,3.8485
Eredivisie,2025-2026,PSV Eindhoven,1,2,7.5758
Eredivisie,2025-2026,PSV Eindhoven,1,3,13.9091
Eredivisie,2025-2026,PSV Eindhoven,1,4,11.7273
Eredivisie,2025-2026,PSV Eindhoven,1,5,6.7879
Eredivisie,2025-2026,PSV Eindhoven,1,6,3.4545
Eredivisie,2025-2026,PSV Eindhoven,1,7,3.4848
Eredivisie,2025-2026,PSV Eindhoven,2,0,5.8182
Eredivisie,2025-2026,PSV Eindhoven,2,1,6.6364
Eredivisie,2025-2026,PSV Eindhoven,2,2,8.1212
Eredivisie,2025-2026,PSV Eindhoven,2,3,8.8788
Eredivisie,2025-2026,PSV Eindhoven,2,4,8.0606
Eredivisie,2025-2026,PSV Eindhoven,2,5,7.8182
Eredivisie,2025-2026,PSV Eindhoven,2,6,5.4848
Eredivisie,2025-2026,PSV Eindhoven,2,7,5.3636
Eredivisie,2025-2026,PSV Eindhoven,3,0,9.0
Eredivisie,2025-2026,PSV Eindhoven,3,1,9.0
Eredivisie,2025-2026,PSV Eindhoven,3,2,11.697
Eredivisie,2025-2026,PSV Eindhoven,3,3,12.0303
Eredivisie,2025-2026,PSV Eindhoven,3,4,12.3333
Eredivisie,2025-2026,PSV Eindhoven,3,5,11.1212
Eredivisie,2025-2026,PSV Eindhoven,3,6,9.9091
Eredivisie,2025-2026,PSV Eindhoven,3,7,8.7576
Eredivisie,2025-2026,PSV Eindhoven,4,0,10.3333
Eredivisie,2025-2026,PSV Eindhoven,4,1,10.9697
Eredivisie,2025-2026,PSV Eindhoven,4,2,14.0303
Eredivisie,2025-2026,PSV Eindhoven,4,3,11.2424
Eredivisie,2025-2026,PSV Eindhoven,4,4,9.6364
Eredivisie,2025-2026,PSV Eindhoven,4,5,14.1212
Eredivisie,2025-2026,PSV Eindhoven,4,6,11.7576
Eredivisie,2025-2026,PSV Eindhoven,4,7,9.8485
Eredivisie,2025-2026,PSV Eindhoven,5,0,9.1515
Eredivisie,2025-2026,PSV Eindhoven,5,1,8.4848
Eredivisie,2025-2026,PSV Eindhoven,5,2,12.0606
Eredivisie,2025-2026,PSV Eindhoven,5,3,9.5758
Eredivisie,2025-2026,PSV Eindhoven,5,4,11.0303
Eredivisie,2025-2026,PSV Eindhoven,5,5,11.8788
Eredivisie,2025-2026,PSV Eindhoven,5,6,9.0606
Eredivisie,2025-2026,PSV Eindhoven,5,7,8.2121
Eredivisie,2025-2026,PSV Eindhoven,6,0,9.8788
Eredivisie,2025-2026,PSV Eindhoven,6,1,11.7879
Eredivisie,2025-2026,PSV Eindhoven,6,2,12.0303
Eredivisie,2025-2026,PSV Eindhoven,6,3,9.5455
Eredivisie,2025-2026,PSV Eindhoven,6,4,9.5455
Eredivisie,2025-2026,PSV Eindhoven,6,5,11.0909
Eredivisie,2025-2026,PSV Eindhoven,6,6,10.5455
Eredivisie,2025-2026,PSV Eindhoven,6,7,10.1212
Eredivisie,2025-2026,PSV Eindhoven,7,0,15.7576
Eredivisie,2025-2026,PSV Eindhoven,7,1,16.3939
Eredivisie,2025-2026,PSV Eindhoven,7,2,15.6364
Eredivisie,2025-2026,PSV Eindhoven,7,3,8.303
Eredivisie,2025-2026,PSV Eindhoven,7,4,7.6667
Eredivisie,2025-2026,PSV Eindhoven,7,5,12.8485
Eredivisie,2025-2026,PSV Eindhoven,7,6,12.2424
Eredivisie,2025-2026,PSV Eindhoven,7,7,12.8182
Eredivisie,2025-2026,PSV Eindhoven,8,0,15.4848
Eredivisie,2025-2026,PSV Eindhoven,8,1,14.697
Eredivisie,2025-2026,PSV Eindhoven,8,2,12.3333
Eredivisie,2025-2026,PSV Eindhoven,8,3,8.4242
Eredivisie,2025-2026,PSV Eindhoven,8,4,8.2727
Eredivisie,2025-2026,PSV Eindhoven,8,5,11.9697
Eredivisie,2025-2026,PSV Eindhoven,8,6,11.9091
Eredivisie,2025-2026,PSV Eindhoven,8,7,12.1818
Eredivisie,2025-2026,PSV Eindhoven,9,0,10.7273
Eredivisie,2025-2026,PSV Eindhoven,9,1,7.5152
Eredivisie,2025-2026,PSV Eindhoven,9,2,7.8182
Eredivisie,2025-2026,PSV Eindhoven,9,3,4.5455
Eredivisie,2025-2026,PSV Eindhoven,9,4,4.7273
Eredivisie,2025-2026,PSV Eindhoven,9,5,6.4848
Eredivisie,2025-2026,PSV Eindhoven,9,6,5.8485
Eredivisie,2025-2026,PSV Eindhoven,9,7,9.2727
Eredivisie,2025-2026,PSV Eindhoven,10,0,7.697
Eredivisie,2025-2026,PSV Eindhoven,10,1,5.2727
Eredivisie,2025-2026,PSV Eindhoven,10,2,5.2424
Eredivisie,2025-2026,PSV Eindhoven,10,3,4.7576
Eredivisie,2025-2026,PSV Eindhoven,10,4,5.6061
Eredivisie,2025-2026,PSV Eindhoven,10,5,5.6364
Eredivisie,2025-2026,PSV Eindhoven,10,6,4.2727
Eredivisie,2025-2026,PSV Eindhoven,10,7,6.1515
Eredivisie,2025-2026,PSV Eindhoven,11,0,6.0606
Eredivisie,2025-2026,PSV Eindhoven,11,1,2.9394
Eredivisie,2025-2026,PSV Eindhoven,11,2,3.9697
Eredivisie,2025-2026,PSV Eindhoven,11,3,3.9697
Eredivisie,2025-2026,PSV Eindhoven,11,4,3.2727
Eredivisie,2025-2026,PSV Eindhoven,11,5,2.8788
Eredivisie,2025-2026,PSV Eindhoven,11,6,3.0606
Eredivisie,2025-2026,PSV Eindhoven,11,7,5.6061
Eredivisie,2025-2026,FC Groningen,0,0,0.9697
Eredivisie,2025-2026,FC Groningen,0,1,1.0606
Eredivisie,2025-2026,FC Groningen,0,2,2.8788
Eredivisie,2025-2026,FC Groningen,0,3,11.6364
Eredivisie,2025-2026,FC Groningen,0,4,11.4242
Eredivisie,2025-2026,FC Groningen,0,5,2.4545
Eredivisie,2025-2026,FC Groningen,0,6,0.9697
Eredivisie,2025-2026,FC Groningen,0,7,1.1818
Eredivisie,2025-2026,FC Groningen,1,0,2.0909
Eredivisie,2025-2026,FC Groningen,1,1,3.0909
Eredivisie,2025-2026,FC Groningen,1,2,6.303
Eredivisie,2025-2026,FC Groningen,1,3,15.5455
Eredivisie,2025-2026,FC Groningen,1,4,12.3333
Eredivisie,2025-2026,FC Groningen,1,5,4.6364
Eredivisie,2025-2026,FC Groningen,1,6,2.8788
Eredivisie,2025-2026,FC Groningen,1,7,2.5455
Eredivisie,2025-2026,FC Groningen,2,0,4.2424
Eredivisie,2025-2026,FC Groningen,2,1,4.7576
Eredivisie,2025-2026,FC Groningen,2,2,6.6667
Eredivisie,2025-2026,FC Groningen,2,3,8.6364
Eredivisie,2025-2026,FC Groningen,2,4,7.0303
Eredivisie,2025-2026,FC Groningen,2,5,6.303
Eredivisie,2025-2026,FC Groningen,2,6,4.303
Eredivisie,2025-2026,FC Groningen,2,7,4.3636
Eredivisie,2025-2026,FC Groningen,3,0,6.5758
Eredivisie,2025-2026,FC Groningen,3,1,8.3333
Eredivisie,2025-2026,FC Groningen,3,2,11.9697
Eredivisie,2025-2026,FC Groningen,3,3,12.2121
Eredivisie,2025-2026,FC Groningen,3,4,11.7273
Eredivisie,2025-2026,FC Groningen,3,5,10.6061
Eredivisie,2025-2026,FC Groningen,3,6,8.8485
Eredivisie,2025-2026,FC Groningen,3,7,7.7879
Eredivisie,2025-2026,FC Groningen,4,0,7.9091
Eredivisie,2025-2026,FC Groningen,4,1,8.4242
Eredivisie,2025-2026,FC Groningen,4,2,12.9091
Eredivisie,2025-2026,FC Groningen,4,3,10.0303
Eredivisie,2025-2026,FC Groningen,4,4,10.8182
Eredivisie,2025-2026,FC Groningen,4,5,11.5758
Eredivisie,2025-2026,FC Groningen,4,6,8.9091
Eredivisie,2025-2026,FC Groningen,4,7,8.7273
Eredivisie,2025-2026,FC Groningen,5,0,6.4545
Eredivisie,2025-2026,FC Groningen,5,1,7.3333
Eredivisie,2025-2026,FC Groningen,5,2,11.3939
Eredivisie,2025-2026,FC Groningen,5,3,10.7879
Eredivisie,2025-2026,FC Groningen,5,4,11.5455
Eredivisie,2025-2026,FC Groningen,5,5,10.2424
Eredivisie,2025-2026,FC Groningen,5,6,6.2121
Eredivisie,2025-2026,FC Groningen,5,7,6.2727
Eredivisie,2025-2026,FC Groningen,6,0,7.8485
Eredivisie,2025-2026,FC Groningen,6,1,7.7879
Eredivisie,2025-2026,FC Groningen,6,2,9.9091
Eredivisie,2025-2026,FC Groningen,6,3,8.7576
Eredivisie,2025-2026,FC Groningen,6,4,9.3636
Eredivisie,2025-2026,FC Groningen,6,5,10.9697
Eredivisie,2025-2026,FC Groningen,6,6,7.697
Eredivisie,2025-2026,FC Groningen,6,7,8.1818
Eredivisie,2025-2026,FC Groningen,7,0,12.9697
Eredivisie,2025-2026,FC Groningen,7,1,10.3636
Eredivisie,2025-2026,FC Groningen,7,2,12.4242
Eredivisie,2025-2026,FC Groningen,7,3,8.1515
Eredivisie,2025-2026,FC Groningen,7,4,8.697
Eredivisie,2025-2026,FC Groningen,7,5,11.3333
Eredivisie,2025-2026,FC Groningen,7,6,10.1212
Eredivisie,2025-2026,FC Groningen,7,7,11.6364
Eredivisie,2025-2026,FC Groningen,8,0,9.9394
Eredivisie,2025-2026,FC Groningen,8,1,8.6364
Eredivisie,2025-2026,FC Groningen,8,2,9.1818
Eredivisie,2025-2026,FC Groningen,8,3,8.4242
Eredivisie,2025-2026,FC Groningen,8,4,8.3636
Eredivisie,2025-2026,FC Groningen,8,5,10.7879
Eredivisie,2025-2026,FC Groningen,8,6,10.3939
Eredivisie,2025-2026,FC Groningen,8,7,10.4242
Eredivisie,2025-2026,FC Groningen,9,0,5.697
Eredivisie,2025-2026,FC Groningen,9,1,4.3939
Eredivisie,2025-2026,FC Groningen,9,2,4.7576
Eredivisie,2025-2026,FC Groningen,9,3,4.4242
Eredivisie,2025-2026,FC Groningen,9,4,4.6364
Eredivisie,2025-2026,FC Groningen,9,5,6.0909
Eredivisie,2025-2026,FC Groningen,9,6,4.697
Eredivisie,2025-2026,FC Groningen,9,7,6.9394
Eredivisie,2025-2026,FC Groningen,10,0,4.7273
Eredivisie,2025-2026,FC Groningen,10,1,3.1818
Eredivisie,2025-2026,FC Groningen,10,2,3.7576
Eredivisie,2025-2026,FC Groningen,10,3,4.1818
Eredivisie,2025-2026,FC Groningen,10,4,4.4545
Eredivisie,2025-2026,FC Groningen,10,5,3.0
Eredivisie,2025-2026,FC Groningen,10,6,3.3636
Eredivisie,2025-2026,FC Groningen,10,7,5.1818
Eredivisie,2025-2026,FC Groningen,11,0,5.0909
Eredivisie,2025-2026,FC Groningen,11,1,2.3636
Eredivisie,2025-2026,FC Groningen,11,2,2.8788
Eredivisie,2025-2026,FC Groningen,11,3,2.6364
Eredivisie,2025-2026,FC Groningen,11,4,2.7273
Eredivisie,2025-2026,FC Groningen,11,5,2.8182
Eredivisie,2025-2026,FC Groningen,11,6,2.1818
Eredivisie,2025-2026,FC Groningen,11,7,4.3939
Eredivisie,2025-2026,Fortuna Sittard,0,0,1.6667
Eredivisie,2025-2026,Fortuna Sittard,0,1,2.0
Eredivisie,2025-2026,Fortuna Sittard,0,2,3.4545
Eredivisie,2025-2026,Fortuna Sittard,0,3,13.0909
Eredivisie,2025-2026,Fortuna Sittard,0,4,14.2121
Eredivisie,2025-2026,Fortuna Sittard,0,5,4.0909
Eredivisie,2025-2026,Fortuna Sittard,0,6,2.5152
Eredivisie,2025-2026,Fortuna Sittard,0,7,1.7576
Eredivisie,2025-2026,Fortuna Sittard,1,0,3.7576
Eredivisie,2025-2026,Fortuna Sittard,1,1,3.7273
Eredivisie,2025-2026,Fortuna Sittard,1,2,6.3939
Eredivisie,2025-2026,Fortuna Sittard,1,3,14.2424
Eredivisie,2025-2026,Fortuna Sittard,1,4,13.7576
Eredivisie,2025-2026,Fortuna Sittard,1,5,6.1212
Eredivisie,2025-2026,Fortuna Sittard,1,6,3.1818
Eredivisie,2025-2026,Fortuna Sittard,1,7,2.8788
Eredivisie,2025-2026,Fortuna Sittard,2,0,5.1212
Eredivisie,2025-2026,Fortuna Sittard,2,1,5.2121
Eredivisie,2025-2026,Fortuna Sittard,2,2,6.0
Eredivisie,2025-2026,Fortuna Sittard,2,3,7.4242
Eredivisie,2025-2026,Fortuna Sittard,2,4,5.1515
Eredivisie,2025-2026,Fortuna Sittard,2,5,6.303
Eredivisie,2025-2026,Fortuna Sittard,2,6,4.1818
Eredivisie,2025-2026,Fortuna Sittard,2,7,5.1818
Eredivisie,2025-2026,Fortuna Sittard,3,0,9.1818
Eredivisie,2025-2026,Fortuna Sittard,3,1,9.3636
Eredivisie,2025-2026,Fortuna Sittard,3,2,10.0606
Eredivisie,2025-2026,Fortuna Sittard,3,3,10.4242
Eredivisie,2025-2026,Fortuna Sittard,3,4,10.6364
Eredivisie,2025-2026,Fortuna Sittard,3,5,11.0
Eredivisie,2025-2026,Fortuna Sittard,3,6,9.0909
Eredivisie,2025-2026,Fortuna Sittard,3,7,6.5455
Eredivisie,2025-2026,Fortuna Sittard,4,0,9.8485
Eredivisie,2025-2026,Fortuna Sittard,4,1,8.5152
Eredivisie,2025-2026,Fortuna Sittard,4,2,11.6061
Eredivisie,2025-2026,Fortuna Sittard,4,3,8.5152
Eredivisie,2025-2026,Fortuna Sittard,4,4,9.1212
Eredivisie,2025-2026,Fortuna Sittard,4,5,11.4242
Eredivisie,2025-2026,Fortuna Sittard,4,6,10.2424
Eredivisie,2025-2026,Fortuna Sittard,4,7,8.697
Eredivisie,2025-2026,Fortuna Sittard,5,0,7.0909
Eredivisie,2025-2026,Fortuna Sittard,5,1,5.7576
Eredivisie,2025-2026,Fortuna Sittard,5,2,8.8182
Eredivisie,2025-2026,Fortuna Sittard,5,3,6.8182
Eredivisie,2025-2026,Fortuna Sittard,5,4,7.8788
Eredivisie,2025-2026,Fortuna Sittard,5,5,8.697
Eredivisie,2025-2026,Fortuna Sittard,5,6,7.3939
Eredivisie,2025-2026,Fortuna Sittard,5,7,6.8485
Eredivisie,2025-2026,Fortuna Sittard,6,0,9.7273
Eredivisie,2025-2026,Fortuna Sittard,6,1,7.4545
Eredivisie,2025-2026,Fortuna Sittard,6,2,7.6061
Eredivisie,2025-2026,Fortuna Sittard,6,3,6.7576
Eredivisie,2025-2026,Fortuna Sittard,6,4,6.6667
Eredivisie,2025-2026,Fortuna Sittard,6,5,8.3636
Eredivisie,2025-2026,Fortuna Sittard,6,6,7.9697
Eredivisie,2025-2026,Fortuna Sittard,6,7,8.2121
Eredivisie,2025-2026,Fortuna Sittard,7,0,11.7273
Eredivisie,2025-2026,Fortuna Sittard,7,1,10.1818
Eredivisie,2025-2026,Fortuna Sittard,7,2,9.0303
Eredivisie,2025-2026,Fortuna Sittard,7,3,5.5758
Eredivisie,2025-2026,Fortuna Sittard,7,4,6.1515
Eredivisie,2025-2026,Fortuna Sittard,7,5,9.0606
Eredivisie,2025-2026,Fortuna Sittard,7,6,9.2121
Eredivisie,2025-2026,Fortuna Sittard,7,7,10.1212
Eredivisie,2025-2026,Fortuna Sittard,8,0,9.8182
Eredivisie,2025-2026,Fortuna Sittard,8,1,7.7273
Eredivisie,2025-2026,Fortuna Sittard,8,2,7.2727
Eredivisie,2025-2026,Fortuna Sittard,8,3,5.9697
Eredivisie,2025-2026,Fortuna Sittard,8,4,5.8182
Eredivisie,2025-2026,Fortuna Sittard,8,5,7.3939
Eredivisie,2025-2026,Fortuna Sittard,8,6,7.4242
Eredivisie,2025-2026,Fortuna Sittard,8,7,8.2424
Eredivisie,2025-2026,Fortuna Sittard,9,0,6.6061
Eredivisie,2025-2026,Fortuna Sittard,9,1,3.5455
Eredivisie,2025-2026,Fortuna Sittard,9,2,3.303
Eredivisie,2025-2026,Fortuna Sittard,9,3,2.6061
Eredivisie,2025-2026,Fortuna Sittard,9,4,2.9091
Eredivisie,2025-2026,Fortuna Sittard,9,5,3.9394
Eredivisie,2025-2026,Fortuna Sittard,9,6,4.0
Eredivisie,2025-2026,Fortuna Sittard,9,7,5.4242
Eredivisie,2025-2026,Fortuna Sittard,10,0,4.697
Eredivisie,2025-2026,Fortuna Sittard,10,1,3.1515
Eredivisie,2025-2026,Fortuna Sittard,10,2,2.5455
Eredivisie,2025-2026,Fortuna Sittard,10,3,2.9091
Eredivisie,2025-2026,Fortuna Sittard,10,4,3.1818
Eredivisie,2025-2026,Fortuna Sittard,10,5,3.4545
Eredivisie,2025-2026,Fortuna Sittard,10,6,3.1515
Eredivisie,2025-2026,Fortuna Sittard,10,7,5.2121
Eredivisie,2025-2026,Fortuna Sittard,11,0,3.8182
Eredivisie,2025-2026,Fortuna Sittard,11,1,1.4848
Eredivisie,2025-2026,Fortuna Sittard,11,2,1.5455
Eredivisie,2025-2026,Fortuna Sittard,11,3,2.2424
Eredivisie,2025-2026,Fortuna Sittard,11,4,2.0303
Eredivisie,2025-2026,Fortuna Sittard,11,5,1.6364
Eredivisie,2025-2026,Fortuna Sittard,11,6,1.8788
Eredivisie,2025-2026,Fortuna Sittard,11,7,4.3636
Eredivisie,2025-2026,SBV Excelsior,0,0,1.697
Eredivisie,2025-2026,SBV Excelsior,0,1,1.6667
Eredivisie,2025-2026,SBV Excelsior,0,2,3.1818
Eredivisie,2025-2026,SBV Excelsior,0,3,14.3333
Eredivisie,2025-2026,SBV Excelsior,0,4,10.9091
Eredivisie,2025-2026,SBV Excelsior,0,5,3.6061
Eredivisie,2025-2026,SBV Excelsior,0,6,2.0
Eredivisie,2025-2026,SBV Excelsior,0,7,1.7273
Eredivisie,2025-2026,SBV Excelsior,1,0,3.6667
Eredivisie,2025-2026,SBV Excelsior,1,1,3.8182
Eredivisie,2025-2026,SBV Excelsior,1,2,6.0
Eredivisie,2025-2026,SBV Excelsior,1,3,14.0606
Eredivisie,2025-2026,SBV Excelsior,1,4,14.1212
Eredivisie,2025-2026,SBV Excelsior,1,5,6.0303
Eredivisie,2025-2026,SBV Excelsior,1,6,3.2424
Eredivisie,2025-2026,SBV Excelsior,1,7,3.9697
Eredivisie,2025-2026,SBV Excelsior,2,0,5.697
Eredivisie,2025-2026,SBV Excelsior,2,1,6.3636
Eredivisie,2025-2026,SBV Excelsior,2,2,6.6364
Eredivisie,2025-2026,SBV Excelsior,2,3,8.5152
Eredivisie,2025-2026,SBV Excelsior,2,4,8.4545
Eredivisie,2025-2026,SBV Excelsior,2,5,7.1212
Eredivisie,2025-2026,SBV Excelsior,2,6,5.7879
Eredivisie,2025-2026,SBV Excelsior,2,7,5.4242
Eredivisie,2025-2026,SBV Excelsior,3,0,9.0909
Eredivisie,2025-2026,SBV Excelsior,3,1,9.6061
Eredivisie,2025-2026,SBV Excelsior,3,2,11.7879
Eredivisie,2025-2026,SBV Excelsior,3,3,11.8182
Eredivisie,2025-2026,SBV Excelsior,3,4,11.4848
Eredivisie,2025-2026,SBV Excelsior,3,5,11.8182
Eredivisie,2025-2026,SBV Excelsior,3,6,10.5455
Eredivisie,2025-2026,SBV Excelsior,3,7,9.7273
Eredivisie,2025-2026,SBV Excelsior,4,0,11.4848
Eredivisie,2025-2026,SBV Excelsior,4,1,10.6364
Eredivisie,2025-2026,SBV Excelsior,4,2,13.4242
Eredivisie,2025-2026,SBV Excelsior,4,3,8.2121
Eredivisie,2025-2026,SBV Excelsior,4,4,8.303
Eredivisie,2025-2026,SBV Excelsior,4,5,12.9697
Eredivisie,2025-2026,SBV Excelsior,4,6,9.8182
Eredivisie,2025-2026,SBV Excelsior,4,7,9.0909
Eredivisie,2025-2026,SBV Excelsior,5,0,9.2727
Eredivisie,2025-2026,SBV Excelsior,5,1,8.2727
Eredivisie,2025-2026,SBV Excelsior,5,2,10.5152
Eredivisie,2025-2026,SBV Excelsior,5,3,7.9697
Eredivisie,2025-2026,SBV Excelsior,5,4,8.0303
Eredivisie,2025-2026,SBV Excelsior,5,5,8.8788
Eredivisie,2025-2026,SBV Excelsior,5,6,8.4848
Eredivisie,2025-2026,SBV Excelsior,5,7,6.4545
Eredivisie,2025-2026,SBV Excelsior,6,0,11.2424
Eredivisie,2025-2026,SBV Excelsior,6,1,9.9697
Eredivisie,2025-2026,SBV Excelsior,6,2,11.0303
Eredivisie,2025-2026,SBV Excelsior,6,3,6.6061
Eredivisie,2025-2026,SBV Excelsior,6,4,6.7576
Eredivisie,2025-2026,SBV Excelsior,6,5,7.8182
Eredivisie,2025-2026,SBV Excelsior,6,6,6.7576
Eredivisie,2025-2026,SBV Excelsior,6,7,7.5758
Eredivisie,2025-2026,SBV Excelsior,7,0,13.7879
Eredivisie,2025-2026,SBV Excelsior,7,1,11.1212
Eredivisie,2025-2026,SBV Excelsior,7,2,11.7273
Eredivisie,2025-2026,SBV Excelsior,7,3,5.2121
Eredivisie,2025-2026,SBV Excelsior,7,4,4.3333
Eredivisie,2025-2026,SBV Excelsior,7,5,7.2424
Eredivisie,2025-2026,SBV Excelsior,7,6,8.0303
Eredivisie,2025-2026,SBV Excelsior,7,7,9.5758
Eredivisie,2025-2026,SBV Excelsior,8,0,10.3636
Eredivisie,2025-2026,SBV Excelsior,8,1,8.7576
Eredivisie,2025-2026,SBV Excelsior,8,2,7.697
Eredivisie,2025-2026,SBV Excelsior,8,3,5.5152
Eredivisie,2025-2026,SBV Excelsior,8,4,4.6061
Eredivisie,2025-2026,SBV Excelsior,8,5,5.5758
Eredivisie,2025-2026,SBV Excelsior,8,6,7.3636
Eredivisie,2025-2026,SBV Excelsior,8,7,8.2424
Eredivisie,2025-2026,SBV Excelsior,9,0,6.0909
Eredivisie,2025-2026,SBV Excelsior,9,1,4.2727
Eredivisie,2025-2026,SBV Excelsior,9,2,4.4242
Eredivisie,2025-2026,SBV Excelsior,9,3,3.1515
Eredivisie,2025-2026,SBV Excelsior,9,4,2.5758
Eredivisie,2025-2026,SBV Excelsior,9,5,3.2424
Eredivisie,2025-2026,SBV Excelsior,9,6,3.7879
Eredivisie,2025-2026,SBV Excelsior,9,7,4.8182
Eredivisie,2025-2026,SBV Excelsior,10,0,4.5455
Eredivisie,2025-2026,SBV Excelsior,10,1,3.5455
Eredivisie,2025-2026,SBV Excelsior,10,2,3.0909
Eredivisie,2025-2026,SBV Excelsior,10,3,3.7273
Eredivisie,2025-2026,SBV Excelsior,10,4,4.4848
Eredivisie,2025-2026,SBV Excelsior,10,5,3.2727
Eredivisie,2025-2026,SBV Excelsior,10,6,3.0909
Eredivisie,2025-2026,SBV Excelsior,10,7,3.3939
Eredivisie,2025-2026,SBV Excelsior,11,0,4.7576
Eredivisie,2025-2026,SBV Excelsior,11,1,2.5455
Eredivisie,2025-2026,SBV Excelsior,11,2,2.0909
Eredivisie,2025-2026,SBV Excelsior,11,3,2.8182
Eredivisie,2025-2026,SBV Excelsior,11,4,1.9091
Eredivisie,2025-2026,SBV Excelsior,11,5,1.8182
Eredivisie,2025-2026,SBV Excelsior,11,6,1.7879
Eredivisie,2025-2026,SBV Excelsior,11,7,3.1212
Eredivisie,2025-2026,Go Ahead Eagles,0,0,1.0
Eredivisie,2025-2026,Go Ahead Eagles,0,1,1.6364
Eredivisie,2025-2026,Go Ahead Eagles,0,2,3.6061
Eredivisie,2025-2026,Go Ahead Eagles,0,3,19.6061
Eredivisie,2025-2026,Go Ahead Eagles,0,4,20.3939
Eredivisie,2025-2026,Go Ahead Eagles,0,5,3.3333
Eredivisie,2025-2026,Go Ahead Eagles,0,6,1.8788
Eredivisie,2025-2026,Go Ahead Eagles,0,7,1.2121
Eredivisie,2025-2026,Go Ahead Eagles,1,0,3.6667
Eredivisie,2025-2026,Go Ahead Eagles,1,1,4.3333
Eredivisie,2025-2026,Go Ahead Eagles,1,2,6.4545
Eredivisie,2025-2026,Go Ahead Eagles,1,3,16.1212
Eredivisie,2025-2026,Go Ahead Eagles,1,4,14.8788
Eredivisie,2025-2026,Go Ahead Eagles,1,5,5.7576
Eredivisie,2025-2026,Go Ahead Eagles,1,6,3.5758
Eredivisie,2025-2026,Go Ahead Eagles,1,7,3.8182
Eredivisie,2025-2026,Go Ahead Eagles,2,0,5.4545
Eredivisie,2025-2026,Go Ahead Eagles,2,1,5.303
Eredivisie,2025-2026,Go Ahead Eagles,2,2,7.4242
Eredivisie,2025-2026,Go Ahead Eagles,2,3,7.0909
Eredivisie,2025-2026,Go Ahead Eagles,2,4,7.6364
Eredivisie,2025-2026,Go Ahead Eagles,2,5,7.1515
Eredivisie,2025-2026,Go Ahead Eagles,2,6,5.2424
Eredivisie,2025-2026,Go Ahead Eagles,2,7,5.3333
Eredivisie,2025-2026,Go Ahead Eagles,3,0,7.7273
Eredivisie,2025-2026,Go Ahead Eagles,3,1,7.5455
Eredivisie,2025-2026,Go Ahead Eagles,3,2,11.0606
Eredivisie,2025-2026,Go Ahead Eagles,3,3,11.0909
Eredivisie,2025-2026,Go Ahead Eagles,3,4,10.5152
Eredivisie,2025-2026,Go Ahead Eagles,3,5,10.2727
Eredivisie,2025-2026,Go Ahead Eagles,3,6,7.1212
Eredivisie,2025-2026,Go Ahead Eagles,3,7,7.1212
Eredivisie,2025-2026,Go Ahead Eagles,4,0,8.303
Eredivisie,2025-2026,Go Ahead Eagles,4,1,8.7576
Eredivisie,2025-2026,Go Ahead Eagles,4,2,12.0303
Eredivisie,2025-2026,Go Ahead Eagles,4,3,9.1818
Eredivisie,2025-2026,Go Ahead Eagles,4,4,8.2727
Eredivisie,2025-2026,Go Ahead Eagles,4,5,11.4242
Eredivisie,2025-2026,Go Ahead Eagles,4,6,8.0606
Eredivisie,2025-2026,Go Ahead Eagles,4,7,7.5152
Eredivisie,2025-2026,Go Ahead Eagles,5,0,6.697
Eredivisie,2025-2026,Go Ahead Eagles,5,1,7.0909
Eredivisie,2025-2026,Go Ahead Eagles,5,2,9.3939
Eredivisie,2025-2026,Go Ahead Eagles,5,3,9.303
Eredivisie,2025-2026,Go Ahead Eagles,5,4,9.9091
Eredivisie,2025-2026,Go Ahead Eagles,5,5,8.8182
Eredivisie,2025-2026,Go Ahead Eagles,5,6,6.8788
Eredivisie,2025-2026,Go Ahead Eagles,5,7,5.7273
Eredivisie,2025-2026,Go Ahead Eagles,6,0,7.9394
Eredivisie,2025-2026,Go Ahead Eagles,6,1,6.6061
Eredivisie,2025-2026,Go Ahead Eagles,6,2,9.7273
Eredivisie,2025-2026,Go Ahead Eagles,6,3,7.7576
Eredivisie,2025-2026,Go Ahead Eagles,6,4,7.6364
Eredivisie,2025-2026,Go Ahead Eagles,6,5,9.3333
Eredivisie,2025-2026,Go Ahead Eagles,6,6,7.3333
Eredivisie,2025-2026,Go Ahead Eagles,6,7,7.8485
Eredivisie,2025-2026,Go Ahead Eagles,7,0,9.4848
Eredivisie,2025-2026,Go Ahead Eagles,7,1,9.2121
Eredivisie,2025-2026,Go Ahead Eagles,7,2,8.5455
Eredivisie,2025-2026,Go Ahead Eagles,7,3,5.4848
Eredivisie,2025-2026,Go Ahead Eagles,7,4,6.4545
Eredivisie,2025-2026,Go Ahead Eagles,7,5,10.4242
Eredivisie,2025-2026,Go Ahead Eagles,7,6,10.0606
Eredivisie,2025-2026,Go Ahead Eagles,7,7,10.2727
Eredivisie,2025-2026,Go Ahead Eagles,8,0,10.0606
Eredivisie,2025-2026,Go Ahead Eagles,8,1,7.6061
Eredivisie,2025-2026,Go Ahead Eagles,8,2,6.7879
Eredivisie,2025-2026,Go Ahead Eagles,8,3,6.4545
Eredivisie,2025-2026,Go Ahead Eagles,8,4,6.5455
Eredivisie,2025-2026,Go Ahead Eagles,8,5,7.4242
Eredivisie,2025-2026,Go Ahead Eagles,8,6,8.0
Eredivisie,2025-2026,Go Ahead Eagles,8,7,8.7273
Eredivisie,2025-2026,Go Ahead Eagles,9,0,7.1818
Eredivisie,2025-2026,Go Ahead Eagles,9,1,4.6364
Eredivisie,2025-2026,Go Ahead Eagles,9,2,4.0
Eredivisie,2025-2026,Go Ahead Eagles,9,3,2.5152
Eredivisie,2025-2026,Go Ahead Eagles,9,4,3.0
Eredivisie,2025-2026,Go Ahead Eagles,9,5,4.2727
Eredivisie,2025-2026,Go Ahead Eagles,9,6,4.5152
Eredivisie,2025-2026,Go Ahead Eagles,9,7,7.3333
Eredivisie,2025-2026,Go Ahead Eagles,10,0,5.5455
Eredivisie,2025-2026,Go Ahead Eagles,10,1,2.8485
Eredivisie,2025-2026,Go Ahead Eagles,10,2,2.9394
Eredivisie,2025-2026,Go Ahead Eagles,10,3,3.6667
Eredivisie,2025-2026,Go Ahead Eagles,10,4,3.1818
Eredivisie,2025-2026,Go Ahead Eagles,10,5,3.1818
Eredivisie,2025-2026,Go Ahead Eagles,10,6,3.7273
Eredivisie,2025-2026,Go Ahead Eagles,10,7,5.0909
Eredivisie,2025-2026,Go Ahead Eagles,11,0,5.1515
Eredivisie,2025-2026,Go Ahead Eagles,11,1,2.697
Eredivisie,2025-2026,Go Ahead Eagles,11,2,2.2727
Eredivisie,2025-2026,Go Ahead Eagles,11,3,2.6061
Eredivisie,2025-2026,Go Ahead Eagles,11,4,2.3636
Eredivisie,2025-2026,Go Ahead Eagles,11,5,1.9697
Eredivisie,2025-2026,Go Ahead Eagles,11,6,2.3939
Eredivisie,2025-2026,Go Ahead Eagles,11,7,4.4242
Eredivisie,2025-2026,NAC Breda,0,0,1.0606
Eredivisie,2025-2026,NAC Breda,0,1,1.5758
Eredivisie,2025-2026,NAC Breda,0,2,2.8788
Eredivisie,2025-2026,NAC Breda,0,3,11.9697
Eredivisie,2025-2026,NAC Breda,0,4,13.7879
Eredivisie,2025-2026,NAC Breda,0,5,2.9091
Eredivisie,2025-2026,NAC Breda,0,6,1.6364
Eredivisie,2025-2026,NAC Breda,0,7,1.7273
Eredivisie,2025-2026,NAC Breda,1,0,2.7273
Eredivisie,2025-2026,NAC Breda,1,1,3.3636
Eredivisie,2025-2026,NAC Breda,1,2,5.697
Eredivisie,2025-2026,NAC Breda,1,3,12.6364
Eredivisie,2025-2026,NAC Breda,1,4,12.0909
Eredivisie,2025-2026,NAC Breda,1,5,5.3939
Eredivisie,2025-2026,NAC Breda,1,6,3.3333
Eredivisie,2025-2026,NAC Breda,1,7,4.5758
Eredivisie,2025-2026,NAC Breda,2,0,3.7273
Eredivisie,2025-2026,NAC Breda,2,1,5.0303
Eredivisie,2025-2026,NAC Breda,2,2,7.4848
Eredivisie,2025-2026,NAC Breda,2,3,5.8182
Eredivisie,2025-2026,NAC Breda,2,4,5.2727
Eredivisie,2025-2026,NAC Breda,2,5,6.7879
Eredivisie,2025-2026,NAC Breda,2,6,5.1818
Eredivisie,2025-2026,NAC Breda,2,7,4.9394
Eredivisie,2025-2026,NAC Breda,3,0,6.5758
Eredivisie,2025-2026,NAC Breda,3,1,7.7576
Eredivisie,2025-2026,NAC Breda,3,2,10.6364
Eredivisie,2025-2026,NAC Breda,3,3,9.7879
Eredivisie,2025-2026,NAC Breda,3,4,9.8788
Eredivisie,2025-2026,NAC Breda,3,5,9.7576
Eredivisie,2025-2026,NAC Breda,3,6,9.0909
Eredivisie,2025-2026,NAC Breda,3,7,8.5455
Eredivisie,2025-2026,NAC Breda,4,0,8.0909
Eredivisie,2025-2026,NAC Breda,4,1,7.9697
Eredivisie,2025-2026,NAC Breda,4,2,12.0
Eredivisie,2025-2026,NAC Breda,4,3,10.5455
Eredivisie,2025-2026,NAC Breda,4,4,9.7879
Eredivisie,2025-2026,NAC Breda,4,5,13.303
Eredivisie,2025-2026,NAC Breda,4,6,9.6364
Eredivisie,2025-2026,NAC Breda,4,7,9.9697
Eredivisie,2025-2026,NAC Breda,5,0,5.5455
Eredivisie,2025-2026,NAC Breda,5,1,7.0606
Eredivisie,2025-2026,NAC Breda,5,2,8.8788
Eredivisie,2025-2026,NAC Breda,5,3,9.7576
Eredivisie,2025-2026,NAC Breda,5,4,8.8182
Eredivisie,2025-2026,NAC Breda,5,5,9.697
Eredivisie,2025-2026,NAC Breda,5,6,7.5152
Eredivisie,2025-2026,NAC Breda,5,7,7.8485
Eredivisie,2025-2026,NAC Breda,6,0,6.6364
Eredivisie,2025-2026,NAC Breda,6,1,7.6667
Eredivisie,2025-2026,NAC Breda,6,2,9.1818
Eredivisie,2025-2026,NAC Breda,6,3,8.8788
Eredivisie,2025-2026,NAC Breda,6,4,8.6667
Eredivisie,2025-2026,NAC Breda,6,5,11.6364
Eredivisie,2025-2026,NAC Breda,6,6,10.2121
Eredivisie,2025-2026,NAC Breda,6,7,10.3939
Eredivisie,2025-2026,NAC Breda,7,0,9.2727
Eredivisie,2025-2026,NAC Breda,7,1,9.2727
Eredivisie,2025-2026,NAC Breda,7,2,8.8485
Eredivisie,2025-2026,NAC Breda,7,3,6.697
Eredivisie,2025-2026,NAC Breda,7,4,6.5758
Eredivisie,2025-2026,NAC Breda,7,5,12.1212
Eredivisie,2025-2026,NAC Breda,7,6,12.1515
Eredivisie,2025-2026,NAC Breda,7,7,13.4848
Eredivisie,2025-2026,NAC Breda,8,0,8.0909
Eredivisie,2025-2026,NAC Breda,8,1,7.2424
Eredivisie,2025-2026,NAC Breda,8,2,6.7273
Eredivisie,2025-2026,NAC Breda,8,3,7.697
Eredivisie,2025-2026,NAC Breda,8,4,7.4545
Eredivisie,2025-2026,NAC Breda,8,5,8.4242
Eredivisie,2025-2026,NAC Breda,8,6,9.6061
Eredivisie,2025-2026,NAC Breda,8,7,11.0606
Eredivisie,2025-2026,NAC Breda,9,0,5.7576
Eredivisie,2025-2026,NAC Breda,9,1,4.9697
Eredivisie,2025-2026,NAC Breda,9,2,4.3333
Eredivisie,2025-2026,NAC Breda,9,3,3.2121
Eredivisie,2025-2026,NAC Breda,9,4,3.7273
Eredivisie,2025-2026,NAC Breda,9,5,5.1818
Eredivisie,2025-2026,NAC Breda,9,6,4.2727
Eredivisie,2025-2026,NAC Breda,9,7,7.7576
Eredivisie,2025-2026,NAC Breda,10,0,4.7576
Eredivisie,2025-2026,NAC Breda,10,1,2.9091
Eredivisie,2025-2026,NAC Breda,10,2,3.0909
Eredivisie,2025-2026,NAC Breda,10,3,4.5758
Eredivisie,2025-2026,NAC Breda,10,4,4.7273
Eredivisie,2025-2026,NAC Breda,10,5,3.5758
Eredivisie,2025-2026,NAC Breda,10,6,3.8788
Eredivisie,2025-2026,NAC Breda,10,7,6.0606
Eredivisie,2025-2026,NAC Breda,11,0,4.0606
Eredivisie,2025-2026,NAC Breda,11,1,2.4545
Eredivisie,2025-2026,NAC Breda,11,2,1.8182
Eredivisie,2025-2026,NAC Breda,11,3,2.2424
Eredivisie,2025-2026,NAC Breda,11,4,3.303
Eredivisie,2025-2026,NAC Breda,11,5,2.6667
Eredivisie,2025-2026,NAC Breda,11,6,2.2424
Eredivisie,2025-2026,NAC Breda,11,7,5.6061
Eredivisie,2025-2026,SC Heerenveen,0,0,1.4848
Eredivisie,2025-2026,SC Heerenveen,0,1,1.697
Eredivisie,2025-2026,SC Heerenveen,0,2,4.9697
Eredivisie,2025-2026,SC Heerenveen,0,3,16.4848
Eredivisie,2025-2026,SC Heerenveen,0,4,16.303
Eredivisie,2025-2026,SC Heerenveen,0,5,3.6667
Eredivisie,2025-2026,SC Heerenveen,0,6,2.2727
Eredivisie,2025-2026,SC Heerenveen,0,7,1.6061
Eredivisie,2025-2026,SC Heerenveen,1,0,2.9394
Eredivisie,2025-2026,SC Heerenveen,1,1,4.303
Eredivisie,2025-2026,SC Heerenveen,1,2,7.1515
Eredivisie,2025-2026,SC Heerenveen,1,3,14.8182
Eredivisie,2025-2026,SC Heerenveen,1,4,12.697
Eredivisie,2025-2026,SC Heerenveen,1,5,6.3333
Eredivisie,2025-2026,SC Heerenveen,1,6,4.1818
Eredivisie,2025-2026,SC Heerenveen,1,7,3.5152
Eredivisie,2025-2026,SC Heerenveen,2,0,5.0
Eredivisie,2025-2026,SC Heerenveen,2,1,5.3939
Eredivisie,2025-2026,SC Heerenveen,2,2,7.6364
Eredivisie,2025-2026,SC Heerenveen,2,3,8.1515
Eredivisie,2025-2026,SC Heerenveen,2,4,8.0606
Eredivisie,2025-2026,SC Heerenveen,2,5,8.7273
Eredivisie,2025-2026,SC Heerenveen,2,6,6.303
Eredivisie,2025-2026,SC Heerenveen,2,7,5.5152
Eredivisie,2025-2026,SC Heerenveen,3,0,7.6061
Eredivisie,2025-2026,SC Heerenveen,3,1,8.5152
Eredivisie,2025-2026,SC Heerenveen,3,2,12.6061
Eredivisie,2025-2026,SC Heerenveen,3,3,13.8485
Eredivisie,2025-2026,SC Heerenveen,3,4,12.6364
Eredivisie,2025-2026,SC Heerenveen,3,5,13.0303
Eredivisie,2025-2026,SC Heerenveen,3,6,9.303
Eredivisie,2025-2026,SC Heerenveen,3,7,8.3333
Eredivisie,2025-2026,SC Heerenveen,4,0,7.5455
Eredivisie,2025-2026,SC Heerenveen,4,1,8.6364
Eredivisie,2025-2026,SC Heerenveen,4,2,11.8182
Eredivisie,2025-2026,SC Heerenveen,4,3,9.9394
Eredivisie,2025-2026,SC Heerenveen,4,4,7.9091
Eredivisie,2025-2026,SC Heerenveen,4,5,13.6364
Eredivisie,2025-2026,SC Heerenveen,4,6,9.303
Eredivisie,2025-2026,SC Heerenveen,4,7,9.7273
Eredivisie,2025-2026,SC Heerenveen,5,0,6.3939
Eredivisie,2025-2026,SC Heerenveen,5,1,7.9394
Eredivisie,2025-2026,SC Heerenveen,5,2,10.3636
Eredivisie,2025-2026,SC Heerenveen,5,3,10.3333
Eredivisie,2025-2026,SC Heerenveen,5,4,9.3636
Eredivisie,2025-2026,SC Heerenveen,5,5,10.4242
Eredivisie,2025-2026,SC Heerenveen,5,6,6.6667
Eredivisie,2025-2026,SC Heerenveen,5,7,7.3636
Eredivisie,2025-2026,SC Heerenveen,6,0,6.4545
Eredivisie,2025-2026,SC Heerenveen,6,1,7.2121
Eredivisie,2025-2026,SC Heerenveen,6,2,8.5758
Eredivisie,2025-2026,SC Heerenveen,6,3,8.0909
Eredivisie,2025-2026,SC Heerenveen,6,4,7.4242
Eredivisie,2025-2026,SC Heerenveen,6,5,10.3939
Eredivisie,2025-2026,SC Heerenveen,6,6,9.0909
Eredivisie,2025-2026,SC Heerenveen,6,7,7.4545
Eredivisie,2025-2026,SC Heerenveen,7,0,9.0
Eredivisie,2025-2026,SC Heerenveen,7,1,9.5758
Eredivisie,2025-2026,SC Heerenveen,7,2,9.7576
Eredivisie,2025-2026,SC Heerenveen,7,3,6.7879
Eredivisie,2025-2026,SC Heerenveen,7,4,6.5758
Eredivisie,2025-2026,SC Heerenveen,7,5,11.1818
Eredivisie,2025-2026,SC Heerenveen,7,6,11.6667
Eredivisie,2025-2026,SC Heerenveen,7,7,11.0303
Eredivisie,2025-2026,SC Heerenveen,8,0,7.4545
Eredivisie,2025-2026,SC Heerenveen,8,1,7.7879
Eredivisie,2025-2026,SC Heerenveen,8,2,7.8788
Eredivisie,2025-2026,SC Heerenveen,8,3,6.8788
Eredivisie,2025-2026,SC Heerenveen,8,4,7.1515
Eredivisie,2025-2026,SC Heerenveen,8,5,8.5152
Eredivisie,2025-2026,SC Heerenveen,8,6,9.6364
Eredivisie,2025-2026,SC Heerenveen,8,7,10.8485
Eredivisie,2025-2026,SC Heerenveen,9,0,5.9091
Eredivisie,2025-2026,SC Heerenveen,9,1,4.697
Eredivisie,2025-2026,SC Heerenveen,9,2,4.8485
Eredivisie,2025-2026,SC Heerenveen,9,3,3.8485
Eredivisie,2025-2026,SC Heerenveen,9,4,4.9394
Eredivisie,2025-2026,SC Heerenveen,9,5,5.2121
Eredivisie,2025-2026,SC Heerenveen,9,6,5.8182
Eredivisie,2025-2026,SC Heerenveen,9,7,6.9697
Eredivisie,2025-2026,SC Heerenveen,10,0,3.5758
Eredivisie,2025-2026,SC Heerenveen,10,1,3.4545
Eredivisie,2025-2026,SC Heerenveen,10,2,4.5758
Eredivisie,2025-2026,SC Heerenveen,10,3,4.4545
Eredivisie,2025-2026,SC Heerenveen,10,4,4.3939
Eredivisie,2025-2026,SC Heerenveen,10,5,4.3636
Eredivisie,2025-2026,SC Heerenveen,10,6,4.9697
Eredivisie,2025-2026,SC Heerenveen,10,7,5.3636
Eredivisie,2025-2026,SC Heerenveen,11,0,3.9091
Eredivisie,2025-2026,SC Heerenveen,11,1,1.9697
Eredivisie,2025-2026,SC Heerenveen,11,2,2.8182
Eredivisie,2025-2026,SC Heerenveen,11,3,2.4848
Eredivisie,2025-2026,SC Heerenveen,11,4,2.8182
Eredivisie,2025-2026,SC Heerenveen,11,5,3.5758
Eredivisie,2025-2026,SC Heerenveen,11,6,3.2121
Eredivisie,2025-2026,SC Heerenveen,11,7,4.6364
Eredivisie,2025-2026,SC Telstar,0,0,1.5758
Eredivisie,2025-2026,SC Telstar,0,1,2.3636
Eredivisie,2025-2026,SC Telstar,0,2,4.7273
Eredivisie,2025-2026,SC Telstar,0,3,14.5455
Eredivisie,2025-2026,SC Telstar,0,4,16.2424
Eredivisie,2025-2026,SC Telstar,0,5,2.8788
Eredivisie,2025-2026,SC Telstar,0,6,1.5152
Eredivisie,2025-2026,SC Telstar,0,7,1.8788
Eredivisie,2025-2026,SC Telstar,1,0,4.3333
Eredivisie,2025-2026,SC Telstar,1,1,4.3636
Eredivisie,2025-2026,SC Telstar,1,2,7.4242
Eredivisie,2025-2026,SC Telstar,1,3,17.4242
Eredivisie,2025-2026,SC Telstar,1,4,12.5758
Eredivisie,2025-2026,SC Telstar,1,5,6.9394
Eredivisie,2025-2026,SC Telstar,1,6,4.0606
Eredivisie,2025-2026,SC Telstar,1,7,4.0303
Eredivisie,2025-2026,SC Telstar,2,0,5.8788
Eredivisie,2025-2026,SC Telstar,2,1,5.7879
Eredivisie,2025-2026,SC Telstar,2,2,7.6061
Eredivisie,2025-2026,SC Telstar,2,3,9.7576
Eredivisie,2025-2026,SC Telstar,2,4,7.7576
Eredivisie,2025-2026,SC Telstar,2,5,5.6364
Eredivisie,2025-2026,SC Telstar,2,6,5.4545
Eredivisie,2025-2026,SC Telstar,2,7,5.4848
Eredivisie,2025-2026,SC Telstar,3,0,8.1212
Eredivisie,2025-2026,SC Telstar,3,1,9.0
Eredivisie,2025-2026,SC Telstar,3,2,10.5455
Eredivisie,2025-2026,SC Telstar,3,3,11.0303
Eredivisie,2025-2026,SC Telstar,3,4,10.5758
Eredivisie,2025-2026,SC Telstar,3,5,10.3939
Eredivisie,2025-2026,SC Telstar,3,6,9.0606
Eredivisie,2025-2026,SC Telstar,3,7,8.4848
Eredivisie,2025-2026,SC Telstar,4,0,8.4242
Eredivisie,2025-2026,SC Telstar,4,1,7.9394
Eredivisie,2025-2026,SC Telstar,4,2,9.6061
Eredivisie,2025-2026,SC Telstar,4,3,7.1515
Eredivisie,2025-2026,SC Telstar,4,4,6.4848
Eredivisie,2025-2026,SC Telstar,4,5,9.0909
Eredivisie,2025-2026,SC Telstar,4,6,9.0606
Eredivisie,2025-2026,SC Telstar,4,7,9.1212
Eredivisie,2025-2026,SC Telstar,5,0,6.6364
Eredivisie,2025-2026,SC Telstar,5,1,6.8485
Eredivisie,2025-2026,SC Telstar,5,2,6.8788
Eredivisie,2025-2026,SC Telstar,5,3,8.2727
Eredivisie,2025-2026,SC Telstar,5,4,7.1515
Eredivisie,2025-2026,SC Telstar,5,5,7.7879
Eredivisie,2025-2026,SC Telstar,5,6,7.0909
Eredivisie,2025-2026,SC Telstar,5,7,6.5455
Eredivisie,2025-2026,SC Telstar,6,0,6.7273
Eredivisie,2025-2026,SC Telstar,6,1,7.5455
Eredivisie,2025-2026,SC Telstar,6,2,7.3636
Eredivisie,2025-2026,SC Telstar,6,3,5.6667
Eredivisie,2025-2026,SC Telstar,6,4,6.4242
Eredivisie,2025-2026,SC Telstar,6,5,6.7879
Eredivisie,2025-2026,SC Telstar,6,6,6.7879
Eredivisie,2025-2026,SC Telstar,6,7,7.6364
Eredivisie,2025-2026,SC Telstar,7,0,8.8182
Eredivisie,2025-2026,SC Telstar,7,1,7.5152
Eredivisie,2025-2026,SC Telstar,7,2,7.7879
Eredivisie,2025-2026,SC Telstar,7,3,5.3636
Eredivisie,2025-2026,SC Telstar,7,4,4.5758
Eredivisie,2025-2026,SC Telstar,7,5,7.4545
Eredivisie,2025-2026,SC Telstar,7,6,9.1212
Eredivisie,2025-2026,SC Telstar,7,7,10.1515
Eredivisie,2025-2026,SC Telstar,8,0,8.4545
Eredivisie,2025-2026,SC Telstar,8,1,6.9394
Eredivisie,2025-2026,SC Telstar,8,2,6.7273
Eredivisie,2025-2026,SC Telstar,8,3,5.2121
Eredivisie,2025-2026,SC Telstar,8,4,6.2121
Eredivisie,2025-2026,SC Telstar,8,5,7.697
Eredivisie,2025-2026,SC Telstar,8,6,7.303
Eredivisie,2025-2026,SC Telstar,8,7,9.1515
Eredivisie,2025-2026,SC Telstar,9,0,5.9394
Eredivisie,2025-2026,SC Telstar,9,1,4.2424
Eredivisie,2025-2026,SC Telstar,9,2,3.5455
Eredivisie,2025-2026,SC Telstar,9,3,3.4242
Eredivisie,2025-2026,SC Telstar,9,4,3.5758
Eredivisie,2025-2026,SC Telstar,9,5,4.0303
Eredivisie,2025-2026,SC Telstar,9,6,4.7576
Eredivisie,2025-2026,SC Telstar,9,7,6.3333
Eredivisie,2025-2026,SC Telstar,10,0,5.7879
Eredivisie,2025-2026,SC Telstar,10,1,3.0909
Eredivisie,2025-2026,SC Telstar,10,2,3.5152
Eredivisie,2025-2026,SC Telstar,10,3,4.2424
Eredivisie,2025-2026,SC Telstar,10,4,3.8182
Eredivisie,2025-2026,SC Telstar,10,5,3.7273
Eredivisie,2025-2026,SC Telstar,10,6,2.9697
Eredivisie,2025-2026,SC Telstar,10,7,4.8788
Eredivisie,2025-2026,SC Telstar,11,0,4.3939
Eredivisie,2025-2026,SC Telstar,11,1,2.3333
Eredivisie,2025-2026,SC Telstar,11,2,1.303
Eredivisie,2025-2026,SC Telstar,11,3,1.8788
Eredivisie,2025-2026,SC Telstar,11,4,2.9091
Eredivisie,2025-2026,SC Telstar,11,5,2.4242
Eredivisie,2025-2026,SC Telstar,11,6,2.3333
Eredivisie,2025-2026,SC Telstar,11,7,3.2727
Eredivisie,2025-2026,Sparta Rotterdam,0,0,1.6364
Eredivisie,2025-2026,Sparta Rotterdam,0,1,2.5455
Eredivisie,2025-2026,Sparta Rotterdam,0,2,3.697
Eredivisie,2025-2026,Sparta Rotterdam,0,3,14.697
Eredivisie,2025-2026,Sparta Rotterdam,0,4,17.3939
Eredivisie,2025-2026,Sparta Rotterdam,0,5,3.9091
Eredivisie,2025-2026,Sparta Rotterdam,0,6,1.6061
Eredivisie,2025-2026,Sparta Rotterdam,0,7,1.1515
Eredivisie,2025-2026,Sparta Rotterdam,1,0,3.2727
Eredivisie,2025-2026,Sparta Rotterdam,1,1,4.4848
Eredivisie,2025-2026,Sparta Rotterdam,1,2,7.4545
Eredivisie,2025-2026,Sparta Rotterdam,1,3,18.4545
Eredivisie,2025-2026,Sparta Rotterdam,1,4,16.2727
Eredivisie,2025-2026,Sparta Rotterdam,1,5,6.6061
Eredivisie,2025-2026,Sparta Rotterdam,1,6,4.4848
Eredivisie,2025-2026,Sparta Rotterdam,1,7,3.7879
Eredivisie,2025-2026,Sparta Rotterdam,2,0,4.3939
Eredivisie,2025-2026,Sparta Rotterdam,2,1,4.7576
Eredivisie,2025-2026,Sparta Rotterdam,2,2,7.6061
Eredivisie,2025-2026,Sparta Rotterdam,2,3,7.4242
Eredivisie,2025-2026,Sparta Rotterdam,2,4,7.2424
Eredivisie,2025-2026,Sparta Rotterdam,2,5,7.6364
Eredivisie,2025-2026,Sparta Rotterdam,2,6,5.5152
Eredivisie,2025-2026,Sparta Rotterdam,2,7,4.7576
Eredivisie,2025-2026,Sparta Rotterdam,3,0,7.1515
Eredivisie,2025-2026,Sparta Rotterdam,3,1,8.3636
Eredivisie,2025-2026,Sparta Rotterdam,3,2,12.2121
Eredivisie,2025-2026,Sparta Rotterdam,3,3,11.2121
Eredivisie,2025-2026,Sparta Rotterdam,3,4,10.0606
Eredivisie,2025-2026,Sparta Rotterdam,3,5,10.7273
Eredivisie,2025-2026,Sparta Rotterdam,3,6,8.3333
Eredivisie,2025-2026,Sparta Rotterdam,3,7,6.9394
Eredivisie,2025-2026,Sparta Rotterdam,4,0,8.0606
Eredivisie,2025-2026,Sparta Rotterdam,4,1,10.1818
Eredivisie,2025-2026,Sparta Rotterdam,4,2,14.3636
Eredivisie,2025-2026,Sparta Rotterdam,4,3,8.8788
Eredivisie,2025-2026,Sparta Rotterdam,4,4,9.0606
Eredivisie,2025-2026,Sparta Rotterdam,4,5,11.2121
Eredivisie,2025-2026,Sparta Rotterdam,4,6,9.3636
Eredivisie,2025-2026,Sparta Rotterdam,4,7,7.7273
Eredivisie,2025-2026,Sparta Rotterdam,5,0,6.4242
Eredivisie,2025-2026,Sparta Rotterdam,5,1,7.9697
Eredivisie,2025-2026,Sparta Rotterdam,5,2,10.8788
Eredivisie,2025-2026,Sparta Rotterdam,5,3,9.1212
Eredivisie,2025-2026,Sparta Rotterdam,5,4,8.3939
Eredivisie,2025-2026,Sparta Rotterdam,5,5,8.6061
Eredivisie,2025-2026,Sparta Rotterdam,5,6,6.6364
Eredivisie,2025-2026,Sparta Rotterdam,5,7,5.1818
Eredivisie,2025-2026,Sparta Rotterdam,6,0,6.8788
Eredivisie,2025-2026,Sparta Rotterdam,6,1,8.1212
Eredivisie,2025-2026,Sparta Rotterdam,6,2,10.9394
Eredivisie,2025-2026,Sparta Rotterdam,6,3,9.2121
Eredivisie,2025-2026,Sparta Rotterdam,6,4,7.5152
Eredivisie,2025-2026,Sparta Rotterdam,6,5,8.7273
Eredivisie,2025-2026,Sparta Rotterdam,6,6,6.9091
Eredivisie,2025-2026,Sparta Rotterdam,6,7,6.5152
Eredivisie,2025-2026,Sparta Rotterdam,7,0,11.2424
Eredivisie,2025-2026,Sparta Rotterdam,7,1,8.2121
Eredivisie,2025-2026,Sparta Rotterdam,7,2,9.3333
Eredivisie,2025-2026,Sparta Rotterdam,7,3,7.1212
Eredivisie,2025-2026,Sparta Rotterdam,7,4,7.1818
Eredivisie,2025-2026,Sparta Rotterdam,7,5,8.8182
Eredivisie,2025-2026,Sparta Rotterdam,7,6,8.6364
Eredivisie,2025-2026,Sparta Rotterdam,7,7,7.8485
Eredivisie,2025-2026,Sparta Rotterdam,8,0,9.4545
Eredivisie,2025-2026,Sparta Rotterdam,8,1,7.5455
Eredivisie,2025-2026,Sparta Rotterdam,8,2,5.7273
Eredivisie,2025-2026,Sparta Rotterdam,8,3,6.9697
Eredivisie,2025-2026,Sparta Rotterdam,8,4,7.303
Eredivisie,2025-2026,Sparta Rotterdam,8,5,7.7576
Eredivisie,2025-2026,Sparta Rotterdam,8,6,7.2727
Eredivisie,2025-2026,Sparta Rotterdam,8,7,7.5455
Eredivisie,2025-2026,Sparta Rotterdam,9,0,7.0606
Eredivisie,2025-2026,Sparta Rotterdam,9,1,3.5152
Eredivisie,2025-2026,Sparta Rotterdam,9,2,3.7576
Eredivisie,2025-2026,Sparta Rotterdam,9,3,3.7273
Eredivisie,2025-2026,Sparta Rotterdam,9,4,3.6667
Eredivisie,2025-2026,Sparta Rotterdam,9,5,4.1818
Eredivisie,2025-2026,Sparta Rotterdam,9,6,4.1515
Eredivisie,2025-2026,Sparta Rotterdam,9,7,5.2424
Eredivisie,2025-2026,Sparta Rotterdam,10,0,5.0303
Eredivisie,2025-2026,Sparta Rotterdam,10,1,3.0909
Eredivisie,2025-2026,Sparta Rotterdam,10,2,2.9091
Eredivisie,2025-2026,Sparta Rotterdam,10,3,3.9697
Eredivisie,2025-2026,Sparta Rotterdam,10,4,5.0
Eredivisie,2025-2026,Sparta Rotterdam,10,5,3.7576
Eredivisie,2025-2026,Sparta Rotterdam,10,6,3.1818
Eredivisie,2025-2026,Sparta Rotterdam,10,7,4.1212
Eredivisie,2025-2026,Sparta Rotterdam,11,0,3.8485
Eredivisie,2025-2026,Sparta Rotterdam,11,1,2.2727
Eredivisie,2025-2026,Sparta Rotterdam,11,2,1.7576
Eredivisie,2025-2026,Sparta Rotterdam,11,3,1.9091
Eredivisie,2025-2026,Sparta Rotterdam,11,4,2.2424
Eredivisie,2025-2026,Sparta Rotterdam,11,5,2.0
Eredivisie,2025-2026,Sparta Rotterdam,11,6,2.1515
Eredivisie,2025-2026,Sparta Rotterdam,11,7,3.5758
Eredivisie,2025-2026,AFC Ajax,0,0,1.5152
Eredivisie,2025-2026,AFC Ajax,0,1,2.4242
Eredivisie,2025-2026,AFC Ajax,0,2,4.0606
Eredivisie,2025-2026,AFC Ajax,0,3,16.9091
Eredivisie,2025-2026,AFC Ajax,0,4,15.9091
Eredivisie,2025-2026,AFC Ajax,0,5,3.8182
Eredivisie,2025-2026,AFC Ajax,0,6,2.3939
Eredivisie,2025-2026,AFC Ajax,0,7,2.4848
Eredivisie,2025-2026,AFC Ajax,1,0,2.9394
Eredivisie,2025-2026,AFC Ajax,1,1,5.303
Eredivisie,2025-2026,AFC Ajax,1,2,7.6061
Eredivisie,2025-2026,AFC Ajax,1,3,16.5455
Eredivisie,2025-2026,AFC Ajax,1,4,14.303
Eredivisie,2025-2026,AFC Ajax,1,5,6.8182
Eredivisie,2025-2026,AFC Ajax,1,6,5.4848
Eredivisie,2025-2026,AFC Ajax,1,7,5.6667
Eredivisie,2025-2026,AFC Ajax,2,0,5.5455
Eredivisie,2025-2026,AFC Ajax,2,1,7.4545
Eredivisie,2025-2026,AFC Ajax,2,2,9.2424
Eredivisie,2025-2026,AFC Ajax,2,3,8.9394
Eredivisie,2025-2026,AFC Ajax,2,4,6.6667
Eredivisie,2025-2026,AFC Ajax,2,5,9.7879
Eredivisie,2025-2026,AFC Ajax,2,6,7.3636
Eredivisie,2025-2026,AFC Ajax,2,7,7.1515
Eredivisie,2025-2026,AFC Ajax,3,0,8.0303
Eredivisie,2025-2026,AFC Ajax,3,1,10.0606
Eredivisie,2025-2026,AFC Ajax,3,2,12.2121
Eredivisie,2025-2026,AFC Ajax,3,3,11.7879
Eredivisie,2025-2026,AFC Ajax,3,4,11.3636
Eredivisie,2025-2026,AFC Ajax,3,5,14.0606
Eredivisie,2025-2026,AFC Ajax,3,6,10.5152
Eredivisie,2025-2026,AFC Ajax,3,7,9.7273
Eredivisie,2025-2026,AFC Ajax,4,0,7.697
Eredivisie,2025-2026,AFC Ajax,4,1,10.3939
Eredivisie,2025-2026,AFC Ajax,4,2,15.0303
Eredivisie,2025-2026,AFC Ajax,4,3,10.1818
Eredivisie,2025-2026,AFC Ajax,4,4,11.1212
Eredivisie,2025-2026,AFC Ajax,4,5,14.3636
Eredivisie,2025-2026,AFC Ajax,4,6,10.6061
Eredivisie,2025-2026,AFC Ajax,4,7,9.1515
Eredivisie,2025-2026,AFC Ajax,5,0,6.0909
Eredivisie,2025-2026,AFC Ajax,5,1,8.5758
Eredivisie,2025-2026,AFC Ajax,5,2,12.303
Eredivisie,2025-2026,AFC Ajax,5,3,11.0
Eredivisie,2025-2026,AFC Ajax,5,4,11.8182
Eredivisie,2025-2026,AFC Ajax,5,5,11.5152
Eredivisie,2025-2026,AFC Ajax,5,6,9.4242
Eredivisie,2025-2026,AFC Ajax,5,7,7.1818
Eredivisie,2025-2026,AFC Ajax,6,0,6.7273
Eredivisie,2025-2026,AFC Ajax,6,1,8.7273
Eredivisie,2025-2026,AFC Ajax,6,2,12.5758
Eredivisie,2025-2026,AFC Ajax,6,3,9.2121
Eredivisie,2025-2026,AFC Ajax,6,4,10.6364
Eredivisie,2025-2026,AFC Ajax,6,5,12.697
Eredivisie,2025-2026,AFC Ajax,6,6,10.2424
Eredivisie,2025-2026,AFC Ajax,6,7,7.5455
Eredivisie,2025-2026,AFC Ajax,7,0,10.3333
Eredivisie,2025-2026,AFC Ajax,7,1,11.9697
Eredivisie,2025-2026,AFC Ajax,7,2,13.2121
Eredivisie,2025-2026,AFC Ajax,7,3,8.2424
Eredivisie,2025-2026,AFC Ajax,7,4,7.6364
Eredivisie,2025-2026,AFC Ajax,7,5,12.7576
Eredivisie,2025-2026,AFC Ajax,7,6,13.8485
Eredivisie,2025-2026,AFC Ajax,7,7,10.5455
Eredivisie,2025-2026,AFC Ajax,8,0,10.2424
Eredivisie,2025-2026,AFC Ajax,8,1,9.3333
Eredivisie,2025-2026,AFC Ajax,8,2,8.4242
Eredivisie,2025-2026,AFC Ajax,8,3,6.9697
Eredivisie,2025-2026,AFC Ajax,8,4,7.7273
Eredivisie,2025-2026,AFC Ajax,8,5,10.3636
Eredivisie,2025-2026,AFC Ajax,8,6,10.6061
Eredivisie,2025-2026,AFC Ajax,8,7,9.3333
Eredivisie,2025-2026,AFC Ajax,9,0,6.2121
Eredivisie,2025-2026,AFC Ajax,9,1,5.1212
Eredivisie,2025-2026,AFC Ajax,9,2,4.9394
Eredivisie,2025-2026,AFC Ajax,9,3,4.6667
Eredivisie,2025-2026,AFC Ajax,9,4,4.0303
Eredivisie,2025-2026,AFC Ajax,9,5,5.7879
Eredivisie,2025-2026,AFC Ajax,9,6,5.8182
Eredivisie,2025-2026,AFC Ajax,9,7,6.0909
Eredivisie,2025-2026,AFC Ajax,10,0,3.7273
Eredivisie,2025-2026,AFC Ajax,10,1,3.3636
Eredivisie,2025-2026,AFC Ajax,10,2,3.9091
Eredivisie,2025-2026,AFC Ajax,10,3,4.6364
Eredivisie,2025-2026,AFC Ajax,10,4,5.0909
Eredivisie,2025-2026,AFC Ajax,10,5,5.7576
Eredivisie,2025-2026,AFC Ajax,10,6,3.9394
Eredivisie,2025-2026,AFC Ajax,10,7,4.2424
Eredivisie,2025-2026,AFC Ajax,11,0,4.303
Eredivisie,2025-2026,AFC Ajax,11,1,2.0909
Eredivisie,2025-2026,AFC Ajax,11,2,1.9091
Eredivisie,2025-2026,AFC Ajax,11,3,2.303
Eredivisie,2025-2026,AFC Ajax,11,4,2.0909
Eredivisie,2025-2026,AFC Ajax,11,5,3.4848
Eredivisie,2025-2026,AFC Ajax,11,6,2.0909
Eredivisie,2025-2026,AFC Ajax,11,7,3.7576
Eredivisie,2025-2026,FC Twente,0,0,1.3939
Eredivisie,2025-2026,FC Twente,0,1,1.7879
Eredivisie,2025-2026,FC Twente,0,2,3.4848
Eredivisie,2025-2026,FC Twente,0,3,11.7576
Eredivisie,2025-2026,FC Twente,0,4,11.2121
Eredivisie,2025-2026,FC Twente,0,5,2.7879
Eredivisie,2025-2026,FC Twente,0,6,1.8182
Eredivisie,2025-2026,FC Twente,0,7,1.5758
Eredivisie,2025-2026,FC Twente,1,0,3.9394
Eredivisie,2025-2026,FC Twente,1,1,4.1212
Eredivisie,2025-2026,FC Twente,1,2,6.4848
Eredivisie,2025-2026,FC Twente,1,3,13.5455
Eredivisie,2025-2026,FC Twente,1,4,11.8485
Eredivisie,2025-2026,FC Twente,1,5,5.0303
Eredivisie,2025-2026,FC Twente,1,6,4.2121
Eredivisie,2025-2026,FC Twente,1,7,5.3636
Eredivisie,2025-2026,FC Twente,2,0,6.3636
Eredivisie,2025-2026,FC Twente,2,1,5.4848
Eredivisie,2025-2026,FC Twente,2,2,6.7879
Eredivisie,2025-2026,FC Twente,2,3,6.3636
Eredivisie,2025-2026,FC Twente,2,4,4.7879
Eredivisie,2025-2026,FC Twente,2,5,6.3333
Eredivisie,2025-2026,FC Twente,2,6,5.8788
Eredivisie,2025-2026,FC Twente,2,7,6.3333
Eredivisie,2025-2026,FC Twente,3,0,8.9697
Eredivisie,2025-2026,FC Twente,3,1,9.697
Eredivisie,2025-2026,FC Twente,3,2,11.4545
Eredivisie,2025-2026,FC Twente,3,3,9.1515
Eredivisie,2025-2026,FC Twente,3,4,8.5152
Eredivisie,2025-2026,FC Twente,3,5,10.4242
Eredivisie,2025-2026,FC Twente,3,6,9.4242
Eredivisie,2025-2026,FC Twente,3,7,8.9697
Eredivisie,2025-2026,FC Twente,4,0,10.0909
Eredivisie,2025-2026,FC Twente,4,1,11.5455
Eredivisie,2025-2026,FC Twente,4,2,12.9091
Eredivisie,2025-2026,FC Twente,4,3,9.0606
Eredivisie,2025-2026,FC Twente,4,4,9.1212
Eredivisie,2025-2026,FC Twente,4,5,13.2727
Eredivisie,2025-2026,FC Twente,4,6,9.8788
Eredivisie,2025-2026,FC Twente,4,7,8.2424
Eredivisie,2025-2026,FC Twente,5,0,8.2424
Eredivisie,2025-2026,FC Twente,5,1,9.5152
Eredivisie,2025-2026,FC Twente,5,2,9.7879
Eredivisie,2025-2026,FC Twente,5,3,9.0606
Eredivisie,2025-2026,FC Twente,5,4,8.303
Eredivisie,2025-2026,FC Twente,5,5,8.9394
Eredivisie,2025-2026,FC Twente,5,6,7.9697
Eredivisie,2025-2026,FC Twente,5,7,6.7879
Eredivisie,2025-2026,FC Twente,6,0,9.9394
Eredivisie,2025-2026,FC Twente,6,1,10.2424
Eredivisie,2025-2026,FC Twente,6,2,11.5152
Eredivisie,2025-2026,FC Twente,6,3,8.4242
Eredivisie,2025-2026,FC Twente,6,4,7.9697
Eredivisie,2025-2026,FC Twente,6,5,11.0303
Eredivisie,2025-2026,FC Twente,6,6,9.5152
Eredivisie,2025-2026,FC Twente,6,7,7.8788
Eredivisie,2025-2026,FC Twente,7,0,13.303
Eredivisie,2025-2026,FC Twente,7,1,13.697
Eredivisie,2025-2026,FC Twente,7,2,12.697
Eredivisie,2025-2026,FC Twente,7,3,7.303
Eredivisie,2025-2026,FC Twente,7,4,6.5758
Eredivisie,2025-2026,FC Twente,7,5,11.5152
Eredivisie,2025-2026,FC Twente,7,6,10.697
Eredivisie,2025-2026,FC Twente,7,7,10.3333
Eredivisie,2025-2026,FC Twente,8,0,13.0303
Eredivisie,2025-2026,FC Twente,8,1,12.5455
Eredivisie,2025-2026,FC Twente,8,2,12.1212
Eredivisie,2025-2026,FC Twente,8,3,8.3333
Eredivisie,2025-2026,FC Twente,8,4,7.0909
Eredivisie,2025-2026,FC Twente,8,5,9.5152
Eredivisie,2025-2026,FC Twente,8,6,11.1212
Eredivisie,2025-2026,FC Twente,8,7,10.4242
Eredivisie,2025-2026,FC Twente,9,0,8.303
Eredivisie,2025-2026,FC Twente,9,1,6.3939
Eredivisie,2025-2026,FC Twente,9,2,6.697
Eredivisie,2025-2026,FC Twente,9,3,5.303
Eredivisie,2025-2026,FC Twente,9,4,4.9394
Eredivisie,2025-2026,FC Twente,9,5,6.7576
Eredivisie,2025-2026,FC Twente,9,6,5.8788
Eredivisie,2025-2026,FC Twente,9,7,7.1515
Eredivisie,2025-2026,FC Twente,10,0,5.4242
Eredivisie,2025-2026,FC Twente,10,1,4.0606
Eredivisie,2025-2026,FC Twente,10,2,5.9697
Eredivisie,2025-2026,FC Twente,10,3,6.8182
Eredivisie,2025-2026,FC Twente,10,4,5.6667
Eredivisie,2025-2026,FC Twente,10,5,5.8788
Eredivisie,2025-2026,FC Twente,10,6,5.0303
Eredivisie,2025-2026,FC Twente,10,7,4.9394
Eredivisie,2025-2026,FC Twente,11,0,4.4848
Eredivisie,2025-2026,FC Twente,11,1,2.7879
Eredivisie,2025-2026,FC Twente,11,2,2.5758
Eredivisie,2025-2026,FC Twente,11,3,2.1818
Eredivisie,2025-2026,FC Twente,11,4,2.8182
Eredivisie,2025-2026,FC Twente,11,5,3.4545
Eredivisie,2025-2026,FC Twente,11,6,2.7879
Eredivisie,2025-2026,FC Twente,11,7,3.8788
Eredivisie,2025-2026,FC Volendam,0,0,1.4848
Eredivisie,2025-2026,FC Volendam,0,1,2.2121
Eredivisie,2025-2026,FC Volendam,0,2,4.2424
Eredivisie,2025-2026,FC Volendam,0,3,18.0303
Eredivisie,2025-2026,FC Volendam,0,4,18.6364
Eredivisie,2025-2026,FC Volendam,0,5,4.3333
Eredivisie,2025-2026,FC Volendam,0,6,2.0909
Eredivisie,2025-2026,FC Volendam,0,7,1.9394
Eredivisie,2025-2026,FC Volendam,1,0,3.3636
Eredivisie,2025-2026,FC Volendam,1,1,4.5455
Eredivisie,2025-2026,FC Volendam,1,2,6.3636
Eredivisie,2025-2026,FC Volendam,1,3,16.0
Eredivisie,2025-2026,FC Volendam,1,4,15.8485
Eredivisie,2025-2026,FC Volendam,1,5,6.5758
Eredivisie,2025-2026,FC Volendam,1,6,5.3939
Eredivisie,2025-2026,FC Volendam,1,7,4.3333
Eredivisie,2025-2026,FC Volendam,2,0,4.8788
Eredivisie,2025-2026,FC Volendam,2,1,6.1818
Eredivisie,2025-2026,FC Volendam,2,2,7.7879
Eredivisie,2025-2026,FC Volendam,2,3,9.1818
Eredivisie,2025-2026,FC Volendam,2,4,6.6364
Eredivisie,2025-2026,FC Volendam,2,5,8.1515
Eredivisie,2025-2026,FC Volendam,2,6,6.5455
Eredivisie,2025-2026,FC Volendam,2,7,5.7879
Eredivisie,2025-2026,FC Volendam,3,0,7.4848
Eredivisie,2025-2026,FC Volendam,3,1,8.6364
Eredivisie,2025-2026,FC Volendam,3,2,10.5758
Eredivisie,2025-2026,FC Volendam,3,3,8.9394
Eredivisie,2025-2026,FC Volendam,3,4,10.4848
Eredivisie,2025-2026,FC Volendam,3,5,13.5455
Eredivisie,2025-2026,FC Volendam,3,6,9.9697
Eredivisie,2025-2026,FC Volendam,3,7,7.6667
Eredivisie,2025-2026,FC Volendam,4,0,7.0
Eredivisie,2025-2026,FC Volendam,4,1,6.8788
Eredivisie,2025-2026,FC Volendam,4,2,11.0
Eredivisie,2025-2026,FC Volendam,4,3,9.0606
Eredivisie,2025-2026,FC Volendam,4,4,8.2121
Eredivisie,2025-2026,FC Volendam,4,5,12.0303
Eredivisie,2025-2026,FC Volendam,4,6,9.2121
Eredivisie,2025-2026,FC Volendam,4,7,8.7273
Eredivisie,2025-2026,FC Volendam,5,0,5.6667
Eredivisie,2025-2026,FC Volendam,5,1,5.4848
Eredivisie,2025-2026,FC Volendam,5,2,7.9697
Eredivisie,2025-2026,FC Volendam,5,3,8.303
Eredivisie,2025-2026,FC Volendam,5,4,8.3333
Eredivisie,2025-2026,FC Volendam,5,5,8.5455
Eredivisie,2025-2026,FC Volendam,5,6,5.8182
Eredivisie,2025-2026,FC Volendam,5,7,5.9697
Eredivisie,2025-2026,FC Volendam,6,0,5.9394
Eredivisie,2025-2026,FC Volendam,6,1,6.0
Eredivisie,2025-2026,FC Volendam,6,2,6.9091
Eredivisie,2025-2026,FC Volendam,6,3,6.8182
Eredivisie,2025-2026,FC Volendam,6,4,6.7273
Eredivisie,2025-2026,FC Volendam,6,5,8.1212
Eredivisie,2025-2026,FC Volendam,6,6,5.5152
Eredivisie,2025-2026,FC Volendam,6,7,6.1515
Eredivisie,2025-2026,FC Volendam,7,0,6.9394
Eredivisie,2025-2026,FC Volendam,7,1,7.1515
Eredivisie,2025-2026,FC Volendam,7,2,8.4545
Eredivisie,2025-2026,FC Volendam,7,3,5.4545
Eredivisie,2025-2026,FC Volendam,7,4,4.6364
Eredivisie,2025-2026,FC Volendam,7,5,8.4242
Eredivisie,2025-2026,FC Volendam,7,6,7.2727
Eredivisie,2025-2026,FC Volendam,7,7,6.3636
Eredivisie,2025-2026,FC Volendam,8,0,6.6667
Eredivisie,2025-2026,FC Volendam,8,1,6.3939
Eredivisie,2025-2026,FC Volendam,8,2,6.4545
Eredivisie,2025-2026,FC Volendam,8,3,5.7273
Eredivisie,2025-2026,FC Volendam,8,4,6.2727
Eredivisie,2025-2026,FC Volendam,8,5,6.9394
Eredivisie,2025-2026,FC Volendam,8,6,7.9394
Eredivisie,2025-2026,FC Volendam,8,7,6.9091
Eredivisie,2025-2026,FC Volendam,9,0,5.0
Eredivisie,2025-2026,FC Volendam,9,1,2.9091
Eredivisie,2025-2026,FC Volendam,9,2,3.6364
Eredivisie,2025-2026,FC Volendam,9,3,2.8182
Eredivisie,2025-2026,FC Volendam,9,4,3.3939
Eredivisie,2025-2026,FC Volendam,9,5,4.5152
Eredivisie,2025-2026,FC Volendam,9,6,3.8788
Eredivisie,2025-2026,FC Volendam,9,7,5.4848
Eredivisie,2025-2026,FC Volendam,10,0,4.1212
Eredivisie,2025-2026,FC Volendam,10,1,3.2121
Eredivisie,2025-2026,FC Volendam,10,2,2.303
Eredivisie,2025-2026,FC Volendam,10,3,3.0
Eredivisie,2025-2026,FC Volendam,10,4,3.2727
Eredivisie,2025-2026,FC Volendam,10,5,3.303
Eredivisie,2025-2026,FC Volendam,10,6,2.5455
Eredivisie,2025-2026,FC Volendam,10,7,3.697
Eredivisie,2025-2026,FC Volendam,11,0,2.7879
Eredivisie,2025-2026,FC Volendam,11,1,2.0909
Eredivisie,2025-2026,FC Volendam,11,2,1.4848
Eredivisie,2025-2026,FC Volendam,11,3,1.9697
Eredivisie,2025-2026,FC Volendam,11,4,1.7273
Eredivisie,2025-2026,FC Volendam,11,5,1.9697
Eredivisie,2025-2026,FC Volendam,11,6,1.9697
Eredivisie,2025-2026,FC Volendam,11,7,3.6364
Eredivisie,2025-2026,Heracles Almelo,0,0,1.4242
Eredivisie,2025-2026,Heracles Almelo,0,1,1.8182
Eredivisie,2025-2026,Heracles Almelo,0,2,3.5758
Eredivisie,2025-2026,Heracles Almelo,0,3,15.7576
Eredivisie,2025-2026,Heracles Almelo,0,4,14.9091
Eredivisie,2025-2026,Heracles Almelo,0,5,2.8182
Eredivisie,2025-2026,Heracles Almelo,0,6,1.8485
Eredivisie,2025-2026,Heracles Almelo,0,7,1.3939
Eredivisie,2025-2026,Heracles Almelo,1,0,3.5758
Eredivisie,2025-2026,Heracles Almelo,1,1,3.9697
Eredivisie,2025-2026,Heracles Almelo,1,2,6.1515
Eredivisie,2025-2026,Heracles Almelo,1,3,14.1818
Eredivisie,2025-2026,Heracles Almelo,1,4,12.5758
Eredivisie,2025-2026,Heracles Almelo,1,5,5.5758
Eredivisie,2025-2026,Heracles Almelo,1,6,2.8485
Eredivisie,2025-2026,Heracles Almelo,1,7,3.5758
Eredivisie,2025-2026,Heracles Almelo,2,0,5.2727
Eredivisie,2025-2026,Heracles Almelo,2,1,4.5758
Eredivisie,2025-2026,Heracles Almelo,2,2,6.4848
Eredivisie,2025-2026,Heracles Almelo,2,3,6.6061
Eredivisie,2025-2026,Heracles Almelo,2,4,5.8788
Eredivisie,2025-2026,Heracles Almelo,2,5,6.6667
Eredivisie,2025-2026,Heracles Almelo,2,6,5.1515
Eredivisie,2025-2026,Heracles Almelo,2,7,5.0909
Eredivisie,2025-2026,Heracles Almelo,3,0,7.3939
Eredivisie,2025-2026,Heracles Almelo,3,1,7.0606
Eredivisie,2025-2026,Heracles Almelo,3,2,9.9697
Eredivisie,2025-2026,Heracles Almelo,3,3,8.6364
Eredivisie,2025-2026,Heracles Almelo,3,4,9.4242
Eredivisie,2025-2026,Heracles Almelo,3,5,11.0
Eredivisie,2025-2026,Heracles Almelo,3,6,8.2424
Eredivisie,2025-2026,Heracles Almelo,3,7,6.6667
Eredivisie,2025-2026,Heracles Almelo,4,0,7.8788
Eredivisie,2025-2026,Heracles Almelo,4,1,7.7576
Eredivisie,2025-2026,Heracles Almelo,4,2,9.7273
Eredivisie,2025-2026,Heracles Almelo,4,3,7.1515
Eredivisie,2025-2026,Heracles Almelo,4,4,7.8788
Eredivisie,2025-2026,Heracles Almelo,4,5,11.7576
Eredivisie,2025-2026,Heracles Almelo,4,6,9.5455
Eredivisie,2025-2026,Heracles Almelo,4,7,7.6364
Eredivisie,2025-2026,Heracles Almelo,5,0,6.9394
Eredivisie,2025-2026,Heracles Almelo,5,1,7.8788
Eredivisie,2025-2026,Heracles Almelo,5,2,8.7576
Eredivisie,2025-2026,Heracles Almelo,5,3,6.8182
Eredivisie,2025-2026,Heracles Almelo,5,4,8.2424
Eredivisie,2025-2026,Heracles Almelo,5,5,8.3333
Eredivisie,2025-2026,Heracles Almelo,5,6,6.4242
Eredivisie,2025-2026,Heracles Almelo,5,7,5.5455
Eredivisie,2025-2026,Heracles Almelo,6,0,7.5758
Eredivisie,2025-2026,Heracles Almelo,6,1,8.2424
Eredivisie,2025-2026,Heracles Almelo,6,2,9.5758
Eredivisie,2025-2026,Heracles Almelo,6,3,7.2727
Eredivisie,2025-2026,Heracles Almelo,6,4,5.9697
Eredivisie,2025-2026,Heracles Almelo,6,5,7.8788
Eredivisie,2025-2026,Heracles Almelo,6,6,6.8788
Eredivisie,2025-2026,Heracles Almelo,6,7,7.5758
Eredivisie,2025-2026,Heracles Almelo,7,0,10.697
Eredivisie,2025-2026,Heracles Almelo,7,1,9.1818
Eredivisie,2025-2026,Heracles Almelo,7,2,9.1818
Eredivisie,2025-2026,Heracles Almelo,7,3,5.7576
Eredivisie,2025-2026,Heracles Almelo,7,4,4.5455
Eredivisie,2025-2026,Heracles Almelo,7,5,7.9394
Eredivisie,2025-2026,Heracles Almelo,7,6,7.303
Eredivisie,2025-2026,Heracles Almelo,7,7,8.2424
Eredivisie,2025-2026,Heracles Almelo,8,0,8.4848
Eredivisie,2025-2026,Heracles Almelo,8,1,9.0606
Eredivisie,2025-2026,Heracles Almelo,8,2,7.7576
Eredivisie,2025-2026,Heracles Almelo,8,3,5.2727
Eredivisie,2025-2026,Heracles Almelo,8,4,4.7273
Eredivisie,2025-2026,Heracles Almelo,8,5,5.5758
Eredivisie,2025-2026,Heracles Almelo,8,6,5.1212
Eredivisie,2025-2026,Heracles Almelo,8,7,5.8182
Eredivisie,2025-2026,Heracles Almelo,9,0,6.0
Eredivisie,2025-2026,Heracles Almelo,9,1,4.2727
Eredivisie,2025-2026,Heracles Almelo,9,2,3.9091
Eredivisie,2025-2026,Heracles Almelo,9,3,2.8182
Eredivisie,2025-2026,Heracles Almelo,9,4,2.697
Eredivisie,2025-2026,Heracles Almelo,9,5,2.5152
Eredivisie,2025-2026,Heracles Almelo,9,6,2.9394
Eredivisie,2025-2026,Heracles Almelo,9,7,4.2727
Eredivisie,2025-2026,Heracles Almelo,10,0,5.1212
Eredivisie,2025-2026,Heracles Almelo,10,1,3.3636
Eredivisie,2025-2026,Heracles Almelo,10,2,2.9394
Eredivisie,2025-2026,Heracles Almelo,10,3,4.1818
Eredivisie,2025-2026,Heracles Almelo,10,4,3.4545
Eredivisie,2025-2026,Heracles Almelo,10,5,2.1515
Eredivisie,2025-2026,Heracles Almelo,10,6,2.9697
Eredivisie,2025-2026,Heracles Almelo,10,7,3.303
Eredivisie,2025-2026,Heracles Almelo,11,0,4.4848
Eredivisie,2025-2026,Heracles Almelo,11,1,2.1818
Eredivisie,2025-2026,Heracles Almelo,11,2,1.4242
Eredivisie,2025-2026,Heracles Almelo,11,3,2.0909
Eredivisie,2025-2026,Heracles Almelo,11,4,3.0606
Eredivisie,2025-2026,Heracles Almelo,11,5,1.3636
Eredivisie,2025-2026,Heracles Almelo,11,6,1.9091
Eredivisie,2025-2026,Heracles Almelo,11,7,3.9091
Eredivisie,2025-2026,Nijmegen Eendracht Combinatie,0,0,1.0
Eredivisie,2025-2026,Nijmegen Eendracht Combinatie,0,1,1.0909
Eredivisie,2025-2026,Nijmegen Eendracht Combinatie,0,2,3.3333
Eredivisie,2025-2026,Nijmegen Eendracht Combinatie,0,3,10.4848
Eredivisie,2025-2026,Nijmegen Eendracht Combinatie,0,4,10.303
Eredivisie,2025-2026,Nijmegen Eendracht Combinatie,0,5,2.3333
Eredivisie,2025-2026,Nijmegen Eendracht Combinatie,0,6,1.7273
Eredivisie,2025-2026,Nijmegen Eendracht Combinatie,0,7,1.5152
Eredivisie,2025-2026,Nijmegen Eendracht Combinatie,1,0,2.1515
Eredivisie,2025-2026,Nijmegen Eendracht Combinatie,1,1,3.3939
Eredivisie,2025-2026,Nijmegen Eendracht Combinatie,1,2,6.2727
Eredivisie,2025-2026,Nijmegen Eendracht Combinatie,1,3,13.7273
Eredivisie,2025-2026,Nijmegen Eendracht Combinatie,1,4,10.6061
Eredivisie,2025-2026,Nijmegen Eendracht Combinatie,1,5,5.7879
Eredivisie,2025-2026,Nijmegen Eendracht Combinatie,1,6,3.1212
Eredivisie,2025-2026,Nijmegen Eendracht Combinatie,1,7,2.8182
Eredivisie,2025-2026,Nijmegen Eendracht Combinatie,2,0,3.6061
Eredivisie,2025-2026,Nijmegen Eendracht Combinatie,2,1,4.2121
Eredivisie,2025-2026,Nijmegen Eendracht Combinatie,2,2,7.0606
Eredivisie,2025-2026,Nijmegen Eendracht Combinatie,2,3,9.1515
Eredivisie,2025-2026,Nijmegen Eendracht Combinatie,2,4,7.4242
Eredivisie,2025-2026,Nijmegen Eendracht Combinatie,2,5,5.8788
Eredivisie,2025-2026,Nijmegen Eendracht Combinatie,2,6,4.2424
Eredivisie,2025-2026,Nijmegen Eendracht Combinatie,2,7,4.2727
Eredivisie,2025-2026,Nijmegen Eendracht Combinatie,3,0,5.8182
Eredivisie,2025-2026,Nijmegen Eendracht Combinatie,3,1,7.3333
Eredivisie,2025-2026,Nijmegen Eendracht Combinatie,3,2,10.1818
Eredivisie,2025-2026,Nijmegen Eendracht Combinatie,3,3,13.7576
Eredivisie,2025-2026,Nijmegen Eendracht Combinatie,3,4,11.0909
Eredivisie,2025-2026,Nijmegen Eendracht Combinatie,3,5,11.1818
Eredivisie,2025-2026,Nijmegen Eendracht Combinatie,3,6,10.1212
Eredivisie,2025-2026,Nijmegen Eendracht Combinatie,3,7,7.8182
Eredivisie,2025-2026,Nijmegen Eendracht Combinatie,4,0,7.0909
Eredivisie,2025-2026,Nijmegen Eendracht Combinatie,4,1,7.9394
Eredivisie,2025-2026,Nijmegen Eendracht Combinatie,4,2,13.1212
Eredivisie,2025-2026,Nijmegen Eendracht Combinatie,4,3,8.5758
Eredivisie,2025-2026,Nijmegen Eendracht Combinatie,4,4,9.2424
Eredivisie,2025-2026,Nijmegen Eendracht Combinatie,4,5,13.0
Eredivisie,2025-2026,Nijmegen Eendracht Combinatie,4,6,9.8182
Eredivisie,2025-2026,Nijmegen Eendracht Combinatie,4,7,8.303
Eredivisie,2025-2026,Nijmegen Eendracht Combinatie,5,0,5.0606
Eredivisie,2025-2026,Nijmegen Eendracht Combinatie,5,1,6.3636
Eredivisie,2025-2026,Nijmegen Eendracht Combinatie,5,2,10.2424
Eredivisie,2025-2026,Nijmegen Eendracht Combinatie,5,3,9.1515
Eredivisie,2025-2026,Nijmegen Eendracht Combinatie,5,4,10.6364
Eredivisie,2025-2026,Nijmegen Eendracht Combinatie,5,5,9.7879
Eredivisie,2025-2026,Nijmegen Eendracht Combinatie,5,6,7.0
Eredivisie,2025-2026,Nijmegen Eendracht Combinatie,5,7,6.4242
Eredivisie,2025-2026,Nijmegen Eendracht Combinatie,6,0,6.697
Eredivisie,2025-2026,Nijmegen Eendracht Combinatie,6,1,8.6364
Eredivisie,2025-2026,Nijmegen Eendracht Combinatie,6,2,9.3636
Eredivisie,2025-2026,Nijmegen Eendracht Combinatie,6,3,8.0606
Eredivisie,2025-2026,Nijmegen Eendracht Combinatie,6,4,9.4848
Eredivisie,2025-2026,Nijmegen Eendracht Combinatie,6,5,9.4848
Eredivisie,2025-2026,Nijmegen Eendracht Combinatie,6,6,7.4848
Eredivisie,2025-2026,Nijmegen Eendracht Combinatie,6,7,9.3333
Eredivisie,2025-2026,Nijmegen Eendracht Combinatie,7,0,11.8485
Eredivisie,2025-2026,Nijmegen Eendracht Combinatie,7,1,10.5152
Eredivisie,2025-2026,Nijmegen Eendracht Combinatie,7,2,12.9394
Eredivisie,2025-2026,Nijmegen Eendracht Combinatie,7,3,7.8182
Eredivisie,2025-2026,Nijmegen Eendracht Combinatie,7,4,8.4545
Eredivisie,2025-2026,Nijmegen Eendracht Combinatie,7,5,12.3636
Eredivisie,2025-2026,Nijmegen Eendracht Combinatie,7,6,11.9697
Eredivisie,2025-2026,Nijmegen Eendracht Combinatie,7,7,13.303
Eredivisie,2025-2026,Nijmegen Eendracht Combinatie,8,0,10.0303
Eredivisie,2025-2026,Nijmegen Eendracht Combinatie,8,1,9.7879
Eredivisie,2025-2026,Nijmegen Eendracht Combinatie,8,2,11.3636
Eredivisie,2025-2026,Nijmegen Eendracht Combinatie,8,3,10.5455
Eredivisie,2025-2026,Nijmegen Eendracht Combinatie,8,4,9.6061
Eredivisie,2025-2026,Nijmegen Eendracht Combinatie,8,5,11.2727
Eredivisie,2025-2026,Nijmegen Eendracht Combinatie,8,6,11.6061
Eredivisie,2025-2026,Nijmegen Eendracht Combinatie,8,7,11.5152
Eredivisie,2025-2026,Nijmegen Eendracht Combinatie,9,0,7.4545
Eredivisie,2025-2026,Nijmegen Eendracht Combinatie,9,1,6.1212
Eredivisie,2025-2026,Nijmegen Eendracht Combinatie,9,2,6.3333
Eredivisie,2025-2026,Nijmegen Eendracht Combinatie,9,3,5.7576
Eredivisie,2025-2026,Nijmegen Eendracht Combinatie,9,4,5.5455
Eredivisie,2025-2026,Nijmegen Eendracht Combinatie,9,5,7.0
Eredivisie,2025-2026,Nijmegen Eendracht Combinatie,9,6,7.4848
Eredivisie,2025-2026,Nijmegen Eendracht Combinatie,9,7,7.4242
Eredivisie,2025-2026,Nijmegen Eendracht Combinatie,10,0,5.0
Eredivisie,2025-2026,Nijmegen Eendracht Combinatie,10,1,4.1818
Eredivisie,2025-2026,Nijmegen Eendracht Combinatie,10,2,4.7576
Eredivisie,2025-2026,Nijmegen Eendracht Combinatie,10,3,4.0303
Eredivisie,2025-2026,Nijmegen Eendracht Combinatie,10,4,5.0303
Eredivisie,2025-2026,Nijmegen Eendracht Combinatie,10,5,4.9697
Eredivisie,2025-2026,Nijmegen Eendracht Combinatie,10,6,5.7576
Eredivisie,2025-2026,Nijmegen Eendracht Combinatie,10,7,7.4242
Eredivisie,2025-2026,Nijmegen Eendracht Combinatie,11,0,5.1212
Eredivisie,2025-2026,Nijmegen Eendracht Combinatie,11,1,2.4848
Eredivisie,2025-2026,Nijmegen Eendracht Combinatie,11,2,2.6364
Eredivisie,2025-2026,Nijmegen Eendracht Combinatie,11,3,2.7273
Eredivisie,2025-2026,Nijmegen Eendracht Combinatie,11,4,3.4545
Eredivisie,2025-2026,Nijmegen Eendracht Combinatie,11,5,3.0909
Eredivisie,2025-2026,Nijmegen Eendracht Combinatie,11,6,3.0303
Eredivisie,2025-2026,Nijmegen Eendracht Combinatie,11,7,5.2424
Eredivisie,2025-2026,PEC Zwolle,0,0,1.9697
Eredivisie,2025-2026,PEC Zwolle,0,1,2.2424
Eredivisie,2025-2026,PEC Zwolle,0,2,4.5152
Eredivisie,2025-2026,PEC Zwolle,0,3,16.9091
Eredivisie,2025-2026,PEC Zwolle,0,4,19.2121
Eredivisie,2025-2026,PEC Zwolle,0,5,3.9091
Eredivisie,2025-2026,PEC Zwolle,0,6,2.1515
Eredivisie,2025-2026,PEC Zwolle,0,7,1.8182
Eredivisie,2025-2026,PEC Zwolle,1,0,3.8182
Eredivisie,2025-2026,PEC Zwolle,1,1,4.6061
Eredivisie,2025-2026,PEC Zwolle,1,2,7.2424
Eredivisie,2025-2026,PEC Zwolle,1,3,12.2424
Eredivisie,2025-2026,PEC Zwolle,1,4,16.0303
Eredivisie,2025-2026,PEC Zwolle,1,5,7.4242
Eredivisie,2025-2026,PEC Zwolle,1,6,4.697
Eredivisie,2025-2026,PEC Zwolle,1,7,3.6364
Eredivisie,2025-2026,PEC Zwolle,2,0,4.7273
Eredivisie,2025-2026,PEC Zwolle,2,1,6.1818
Eredivisie,2025-2026,PEC Zwolle,2,2,7.1818
Eredivisie,2025-2026,PEC Zwolle,2,3,6.1818
Eredivisie,2025-2026,PEC Zwolle,2,4,6.4848
Eredivisie,2025-2026,PEC Zwolle,2,5,7.5455
Eredivisie,2025-2026,PEC Zwolle,2,6,6.6061
Eredivisie,2025-2026,PEC Zwolle,2,7,6.0909
Eredivisie,2025-2026,PEC Zwolle,3,0,7.7576
Eredivisie,2025-2026,PEC Zwolle,3,1,7.6061
Eredivisie,2025-2026,PEC Zwolle,3,2,11.9697
Eredivisie,2025-2026,PEC Zwolle,3,3,11.1515
Eredivisie,2025-2026,PEC Zwolle,3,4,10.0
Eredivisie,2025-2026,PEC Zwolle,3,5,11.4848
Eredivisie,2025-2026,PEC Zwolle,3,6,9.3636
Eredivisie,2025-2026,PEC Zwolle,3,7,8.5455
Eredivisie,2025-2026,PEC Zwolle,4,0,8.2727
Eredivisie,2025-2026,PEC Zwolle,4,1,8.1515
Eredivisie,2025-2026,PEC Zwolle,4,2,11.8788
Eredivisie,2025-2026,PEC Zwolle,4,3,8.697
Eredivisie,2025-2026,PEC Zwolle,4,4,9.6364
Eredivisie,2025-2026,PEC Zwolle,4,5,11.7879
Eredivisie,2025-2026,PEC Zwolle,4,6,10.1515
Eredivisie,2025-2026,PEC Zwolle,4,7,9.6667
Eredivisie,2025-2026,PEC Zwolle,5,0,6.6364
Eredivisie,2025-2026,PEC Zwolle,5,1,7.9091
Eredivisie,2025-2026,PEC Zwolle,5,2,8.9697
Eredivisie,2025-2026,PEC Zwolle,5,3,7.6061
Eredivisie,2025-2026,PEC Zwolle,5,4,8.8182
Eredivisie,2025-2026,PEC Zwolle,5,5,11.5758
Eredivisie,2025-2026,PEC Zwolle,5,6,8.0606
Eredivisie,2025-2026,PEC Zwolle,5,7,7.1515
Eredivisie,2025-2026,PEC Zwolle,6,0,8.3333
Eredivisie,2025-2026,PEC Zwolle,6,1,6.2424
Eredivisie,2025-2026,PEC Zwolle,6,2,8.0909
Eredivisie,2025-2026,PEC Zwolle,6,3,6.3333
Eredivisie,2025-2026,PEC Zwolle,6,4,7.4545
Eredivisie,2025-2026,PEC Zwolle,6,5,9.697
Eredivisie,2025-2026,PEC Zwolle,6,6,8.0303
Eredivisie,2025-2026,PEC Zwolle,6,7,10.3939
Eredivisie,2025-2026,PEC Zwolle,7,0,7.8182
Eredivisie,2025-2026,PEC Zwolle,7,1,6.6667
Eredivisie,2025-2026,PEC Zwolle,7,2,6.9394
Eredivisie,2025-2026,PEC Zwolle,7,3,4.3939
Eredivisie,2025-2026,PEC Zwolle,7,4,4.4242
Eredivisie,2025-2026,PEC Zwolle,7,5,8.9394
Eredivisie,2025-2026,PEC Zwolle,7,6,9.303
Eredivisie,2025-2026,PEC Zwolle,7,7,10.5152
Eredivisie,2025-2026,PEC Zwolle,8,0,7.6061
Eredivisie,2025-2026,PEC Zwolle,8,1,5.5758
Eredivisie,2025-2026,PEC Zwolle,8,2,5.7576
Eredivisie,2025-2026,PEC Zwolle,8,3,4.8182
Eredivisie,2025-2026,PEC Zwolle,8,4,5.4242
Eredivisie,2025-2026,PEC Zwolle,8,5,6.303
Eredivisie,2025-2026,PEC Zwolle,8,6,7.6667
Eredivisie,2025-2026,PEC Zwolle,8,7,8.9091
Eredivisie,2025-2026,PEC Zwolle,9,0,4.3939
Eredivisie,2025-2026,PEC Zwolle,9,1,3.6061
Eredivisie,2025-2026,PEC Zwolle,9,2,3.5152
Eredivisie,2025-2026,PEC Zwolle,9,3,3.0606
Eredivisie,2025-2026,PEC Zwolle,9,4,2.7273
Eredivisie,2025-2026,PEC Zwolle,9,5,3.6364
Eredivisie,2025-2026,PEC Zwolle,9,6,3.3333
Eredivisie,2025-2026,PEC Zwolle,9,7,5.2121
Eredivisie,2025-2026,PEC Zwolle,10,0,3.697
Eredivisie,2025-2026,PEC Zwolle,10,1,2.4848
Eredivisie,2025-2026,PEC Zwolle,10,2,2.8788
Eredivisie,2025-2026,PEC Zwolle,10,3,2.3939
Eredivisie,2025-2026,PEC Zwolle,10,4,2.6061
Eredivisie,2025-2026,PEC Zwolle,10,5,2.6061
Eredivisie,2025-2026,PEC Zwolle,10,6,2.5455
Eredivisie,2025-2026,PEC Zwolle,10,7,3.5152
Eredivisie,2025-2026,PEC Zwolle,11,0,4.0
Eredivisie,2025-2026,PEC Zwolle,11,1,1.8182
Eredivisie,2025-2026,PEC Zwolle,11,2,1.3636
Eredivisie,2025-2026,PEC Zwolle,11,3,1.4848
Eredivisie,2025-2026,PEC Zwolle,11,4,2.1212
Eredivisie,2025-2026,PEC Zwolle,11,5,1.9091
Eredivisie,2025-2026,PEC Zwolle,11,6,1.4545
Eredivisie,2025-2026,PEC Zwolle,11,7,3.2727
