liga,temporada,equipo,sector,passes,avg_dist,completion
Germany_Bundesliga,2025-2026,SV Werder Bremen,0,1421,21.56,58.1
Germany_Bundesliga,2025-2026,SV Werder Bremen,1,1205,19.96,69.5
Germany_Bundesliga,2025-2026,SV Werder Bremen,2,1315,18.63,81.3
Germany_Bundesliga,2025-2026,SV Werder Bremen,3,1305,18.99,84.4
Germany_Bundesliga,2025-2026,SV Werder Bremen,4,1015,17.26,90.8
Germany_Bundesliga,2025-2026,SV Werder Bremen,5,693,15.53,92.9
Germany_Bundesliga,2025-2026,SV Werder Bremen,6,611,14.47,93.8
Germany_Bundesliga,2025-2026,SV Werder Bremen,7,560,13.21,95.0
Germany_Bundesliga,2025-2026,SV Werder Bremen,8,564,13.17,92.4
Germany_Bundesliga,2025-2026,SV Werder Bremen,9,651,15.49,95.4
Germany_Bundesliga,2025-2026,SV Werder Bremen,10,780,16.3,93.1
Germany_Bundesliga,2025-2026,SV Werder Bremen,11,937,17.47,93.2
Germany_Bundesliga,2025-2026,SV Werder Bremen,12,1336,18.69,87.4
Germany_Bundesliga,2025-2026,SV Werder Bremen,13,1378,18.59,81.9
Germany_Bundesliga,2025-2026,SV Werder Bremen,14,1191,19.37,73.0
Germany_Bundesliga,2025-2026,SV Werder Bremen,15,1320,21.39,59.8
Germany_Bundesliga,2025-2026,VfL Wolfsburg,0,1280,22.9,51.0
Germany_Bundesliga,2025-2026,VfL Wolfsburg,1,1034,19.23,67.4
Germany_Bundesliga,2025-2026,VfL Wolfsburg,2,1046,16.9,80.0
Germany_Bundesliga,2025-2026,VfL Wolfsburg,3,981,17.38,85.8
Germany_Bundesliga,2025-2026,VfL Wolfsburg,4,812,15.67,88.1
Germany_Bundesliga,2025-2026,VfL Wolfsburg,5,596,14.83,93.6
Germany_Bundesliga,2025-2026,VfL Wolfsburg,6,582,15.51,95.9
Germany_Bundesliga,2025-2026,VfL Wolfsburg,7,449,14.84,94.4
Germany_Bundesliga,2025-2026,VfL Wolfsburg,8,436,14.95,92.9
Germany_Bundesliga,2025-2026,VfL Wolfsburg,9,488,15.65,93.6
Germany_Bundesliga,2025-2026,VfL Wolfsburg,10,656,14.81,94.5
Germany_Bundesliga,2025-2026,VfL Wolfsburg,11,717,15.78,90.0
Germany_Bundesliga,2025-2026,VfL Wolfsburg,12,1036,16.82,85.9
Germany_Bundesliga,2025-2026,VfL Wolfsburg,13,1063,17.49,81.7
Germany_Bundesliga,2025-2026,VfL Wolfsburg,14,1010,18.99,68.4
Germany_Bundesliga,2025-2026,VfL Wolfsburg,15,1364,23.53,56.2
Germany_Bundesliga,2025-2026,Eintracht Frankfurt,0,1424,22.14,57.8
Germany_Bundesliga,2025-2026,Eintracht Frankfurt,1,1222,19.41,75.6
Germany_Bundesliga,2025-2026,Eintracht Frankfurt,2,1350,18.12,83.8
Germany_Bundesliga,2025-2026,Eintracht Frankfurt,3,1282,16.86,86.0
Germany_Bundesliga,2025-2026,Eintracht Frankfurt,4,1052,16.21,90.1
Germany_Bundesliga,2025-2026,Eintracht Frankfurt,5,755,14.98,94.2
Germany_Bundesliga,2025-2026,Eintracht Frankfurt,6,659,15.55,97.1
Germany_Bundesliga,2025-2026,Eintracht Frankfurt,7,559,13.62,95.5
Germany_Bundesliga,2025-2026,Eintracht Frankfurt,8,628,13.71,95.4
Germany_Bundesliga,2025-2026,Eintracht Frankfurt,9,713,14.78,96.1
Germany_Bundesliga,2025-2026,Eintracht Frankfurt,10,831,14.18,94.6
Germany_Bundesliga,2025-2026,Eintracht Frankfurt,11,1054,15.73,91.8
Germany_Bundesliga,2025-2026,Eintracht Frankfurt,12,1376,17.15,89.5
Germany_Bundesliga,2025-2026,Eintracht Frankfurt,13,1366,18.06,86.4
Germany_Bundesliga,2025-2026,Eintracht Frankfurt,14,1179,18.91,76.8
Germany_Bundesliga,2025-2026,Eintracht Frankfurt,15,1328,22.35,58.3
Germany_Bundesliga,2025-2026,1. FSV Mainz 05,0,1476,24.01,50.9
Germany_Bundesliga,2025-2026,1. FSV Mainz 05,1,1023,20.06,61.4
Germany_Bundesliga,2025-2026,1. FSV Mainz 05,2,945,17.85,75.6
Germany_Bundesliga,2025-2026,1. FSV Mainz 05,3,803,17.58,77.7
Germany_Bundesliga,2025-2026,1. FSV Mainz 05,4,644,16.07,83.2
Germany_Bundesliga,2025-2026,1. FSV Mainz 05,5,531,14.32,90.0
Germany_Bundesliga,2025-2026,1. FSV Mainz 05,6,495,16.09,94.1
Germany_Bundesliga,2025-2026,1. FSV Mainz 05,7,405,15.44,95.3
Germany_Bundesliga,2025-2026,1. FSV Mainz 05,8,449,14.68,92.2
Germany_Bundesliga,2025-2026,1. FSV Mainz 05,9,460,15.09,94.1
Germany_Bundesliga,2025-2026,1. FSV Mainz 05,10,518,15.08,91.1
Germany_Bundesliga,2025-2026,1. FSV Mainz 05,11,670,16.58,87.5
Germany_Bundesliga,2025-2026,1. FSV Mainz 05,12,885,17.36,81.2
Germany_Bundesliga,2025-2026,1. FSV Mainz 05,13,935,17.75,77.3
Germany_Bundesliga,2025-2026,1. FSV Mainz 05,14,948,18.57,65.8
Germany_Bundesliga,2025-2026,1. FSV Mainz 05,15,1379,24.79,54.5
Germany_Bundesliga,2025-2026,FC St. Pauli,0,1656,22.75,54.2
Germany_Bundesliga,2025-2026,FC St. Pauli,1,1152,19.58,65.3
Germany_Bundesliga,2025-2026,FC St. Pauli,2,1098,16.49,77.8
Germany_Bundesliga,2025-2026,FC St. Pauli,3,1015,16.86,82.7
Germany_Bundesliga,2025-2026,FC St. Pauli,4,782,15.34,88.5
Germany_Bundesliga,2025-2026,FC St. Pauli,5,564,14.21,92.4
Germany_Bundesliga,2025-2026,FC St. Pauli,6,498,14.69,92.6
Germany_Bundesliga,2025-2026,FC St. Pauli,7,544,13.41,91.7
Germany_Bundesliga,2025-2026,FC St. Pauli,8,538,13.12,94.1
Germany_Bundesliga,2025-2026,FC St. Pauli,9,522,14.95,95.0
Germany_Bundesliga,2025-2026,FC St. Pauli,10,669,14.08,93.1
Germany_Bundesliga,2025-2026,FC St. Pauli,11,746,15.08,88.2
Germany_Bundesliga,2025-2026,FC St. Pauli,12,1072,16.79,85.2
Germany_Bundesliga,2025-2026,FC St. Pauli,13,1020,17.29,82.4
Germany_Bundesliga,2025-2026,FC St. Pauli,14,1081,19.19,67.0
Germany_Bundesliga,2025-2026,FC St. Pauli,15,1483,22.76,54.3
Germany_Bundesliga,2025-2026,SC Freiburg,0,1237,21.88,58.1
Germany_Bundesliga,2025-2026,SC Freiburg,1,1021,18.64,70.4
Germany_Bundesliga,2025-2026,SC Freiburg,2,1232,16.94,82.8
Germany_Bundesliga,2025-2026,SC Freiburg,3,1124,16.99,86.7
Germany_Bundesliga,2025-2026,SC Freiburg,4,812,15.53,89.7
Germany_Bundesliga,2025-2026,SC Freiburg,5,556,15.29,95.9
Germany_Bundesliga,2025-2026,SC Freiburg,6,540,15.79,96.5
Germany_Bundesliga,2025-2026,SC Freiburg,7,496,15.43,94.0
Germany_Bundesliga,2025-2026,SC Freiburg,8,512,14.38,92.4
Germany_Bundesliga,2025-2026,SC Freiburg,9,552,16.0,94.7
Germany_Bundesliga,2025-2026,SC Freiburg,10,595,15.01,95.1
Germany_Bundesliga,2025-2026,SC Freiburg,11,739,15.48,89.4
Germany_Bundesliga,2025-2026,SC Freiburg,12,1092,16.83,86.3
Germany_Bundesliga,2025-2026,SC Freiburg,13,1056,18.01,82.6
Germany_Bundesliga,2025-2026,SC Freiburg,14,886,18.27,74.2
Germany_Bundesliga,2025-2026,SC Freiburg,15,1212,23.62,53.5
Germany_Bundesliga,2025-2026,BV Borussia 09 Dortmund,0,1415,22.4,60.9
Germany_Bundesliga,2025-2026,BV Borussia 09 Dortmund,1,1179,18.71,75.7
Germany_Bundesliga,2025-2026,BV Borussia 09 Dortmund,2,1239,17.89,83.1
Germany_Bundesliga,2025-2026,BV Borussia 09 Dortmund,3,1363,18.11,85.0
Germany_Bundesliga,2025-2026,BV Borussia 09 Dortmund,4,1191,16.01,89.9
Germany_Bundesliga,2025-2026,BV Borussia 09 Dortmund,5,791,14.97,94.3
Germany_Bundesliga,2025-2026,BV Borussia 09 Dortmund,6,667,15.61,95.8
Germany_Bundesliga,2025-2026,BV Borussia 09 Dortmund,7,590,14.07,92.4
Germany_Bundesliga,2025-2026,BV Borussia 09 Dortmund,8,601,13.75,93.0
Germany_Bundesliga,2025-2026,BV Borussia 09 Dortmund,9,614,14.9,94.5
Germany_Bundesliga,2025-2026,BV Borussia 09 Dortmund,10,763,14.48,93.2
Germany_Bundesliga,2025-2026,BV Borussia 09 Dortmund,11,1020,16.05,92.9
Germany_Bundesliga,2025-2026,BV Borussia 09 Dortmund,12,1420,17.23,87.2
Germany_Bundesliga,2025-2026,BV Borussia 09 Dortmund,13,1476,19.02,85.0
Germany_Bundesliga,2025-2026,BV Borussia 09 Dortmund,14,1099,18.91,74.5
Germany_Bundesliga,2025-2026,BV Borussia 09 Dortmund,15,1295,21.34,62.9
Germany_Bundesliga,2025-2026,Hamburger SV,0,1280,23.46,53.9
Germany_Bundesliga,2025-2026,Hamburger SV,1,968,21.36,68.8
Germany_Bundesliga,2025-2026,Hamburger SV,2,1022,19.21,79.7
Germany_Bundesliga,2025-2026,Hamburger SV,3,1010,18.07,86.2
Germany_Bundesliga,2025-2026,Hamburger SV,4,698,16.43,91.1
Germany_Bundesliga,2025-2026,Hamburger SV,5,624,16.27,95.2
Germany_Bundesliga,2025-2026,Hamburger SV,6,507,16.52,94.9
Germany_Bundesliga,2025-2026,Hamburger SV,7,469,15.2,93.2
Germany_Bundesliga,2025-2026,Hamburger SV,8,482,14.84,94.8
Germany_Bundesliga,2025-2026,Hamburger SV,9,512,15.37,96.5
Germany_Bundesliga,2025-2026,Hamburger SV,10,584,15.94,96.2
Germany_Bundesliga,2025-2026,Hamburger SV,11,750,16.75,89.1
Germany_Bundesliga,2025-2026,Hamburger SV,12,914,18.0,87.1
Germany_Bundesliga,2025-2026,Hamburger SV,13,996,19.29,80.6
Germany_Bundesliga,2025-2026,Hamburger SV,14,926,22.36,68.4
Germany_Bundesliga,2025-2026,Hamburger SV,15,1212,24.69,55.0
Germany_Bundesliga,2025-2026,TSG 1899 Hoffenheim,0,1681,22.09,59.3
Germany_Bundesliga,2025-2026,TSG 1899 Hoffenheim,1,1229,18.55,74.6
Germany_Bundesliga,2025-2026,TSG 1899 Hoffenheim,2,1260,17.54,81.5
Germany_Bundesliga,2025-2026,TSG 1899 Hoffenheim,3,1202,16.72,84.9
Germany_Bundesliga,2025-2026,TSG 1899 Hoffenheim,4,943,14.97,88.0
Germany_Bundesliga,2025-2026,TSG 1899 Hoffenheim,5,671,13.8,92.7
Germany_Bundesliga,2025-2026,TSG 1899 Hoffenheim,6,592,14.17,93.9
Germany_Bundesliga,2025-2026,TSG 1899 Hoffenheim,7,590,14.32,94.6
Germany_Bundesliga,2025-2026,TSG 1899 Hoffenheim,8,671,13.97,94.0
Germany_Bundesliga,2025-2026,TSG 1899 Hoffenheim,9,624,14.71,93.6
Germany_Bundesliga,2025-2026,TSG 1899 Hoffenheim,10,710,13.94,92.3
Germany_Bundesliga,2025-2026,TSG 1899 Hoffenheim,11,895,16.1,88.5
Germany_Bundesliga,2025-2026,TSG 1899 Hoffenheim,12,1208,17.56,84.1
Germany_Bundesliga,2025-2026,TSG 1899 Hoffenheim,13,1204,17.86,78.2
Germany_Bundesliga,2025-2026,TSG 1899 Hoffenheim,14,1071,18.63,68.9
Germany_Bundesliga,2025-2026,TSG 1899 Hoffenheim,15,1541,23.61,59.0
Germany_Bundesliga,2025-2026,RasenBallsport Leipzig,0,1324,20.17,63.2
Germany_Bundesliga,2025-2026,RasenBallsport Leipzig,1,1090,18.43,75.1
Germany_Bundesliga,2025-2026,RasenBallsport Leipzig,2,1334,17.4,86.0
Germany_Bundesliga,2025-2026,RasenBallsport Leipzig,3,1452,18.0,89.9
Germany_Bundesliga,2025-2026,RasenBallsport Leipzig,4,1194,17.08,91.2
Germany_Bundesliga,2025-2026,RasenBallsport Leipzig,5,860,15.59,94.0
Germany_Bundesliga,2025-2026,RasenBallsport Leipzig,6,651,15.65,94.6
Germany_Bundesliga,2025-2026,RasenBallsport Leipzig,7,577,13.25,93.8
Germany_Bundesliga,2025-2026,RasenBallsport Leipzig,8,550,13.49,94.7
Germany_Bundesliga,2025-2026,RasenBallsport Leipzig,9,640,15.06,96.4
Germany_Bundesliga,2025-2026,RasenBallsport Leipzig,10,806,15.23,96.0
Germany_Bundesliga,2025-2026,RasenBallsport Leipzig,11,1064,16.37,91.3
Germany_Bundesliga,2025-2026,RasenBallsport Leipzig,12,1503,17.84,87.4
Germany_Bundesliga,2025-2026,RasenBallsport Leipzig,13,1414,18.23,84.9
Germany_Bundesliga,2025-2026,RasenBallsport Leipzig,14,1134,18.66,71.6
Germany_Bundesliga,2025-2026,RasenBallsport Leipzig,15,1336,21.79,60.0
Germany_Bundesliga,2025-2026,1. FC Heidenheim 1846,0,1329,25.35,52.4
Germany_Bundesliga,2025-2026,1. FC Heidenheim 1846,1,881,22.5,61.7
Germany_Bundesliga,2025-2026,1. FC Heidenheim 1846,2,993,20.0,77.3
Germany_Bundesliga,2025-2026,1. FC Heidenheim 1846,3,922,19.62,84.8
Germany_Bundesliga,2025-2026,1. FC Heidenheim 1846,4,683,17.57,85.4
Germany_Bundesliga,2025-2026,1. FC Heidenheim 1846,5,560,16.62,94.6
Germany_Bundesliga,2025-2026,1. FC Heidenheim 1846,6,407,18.11,96.1
Germany_Bundesliga,2025-2026,1. FC Heidenheim 1846,7,415,16.49,92.3
Germany_Bundesliga,2025-2026,1. FC Heidenheim 1846,8,452,16.08,93.1
Germany_Bundesliga,2025-2026,1. FC Heidenheim 1846,9,461,16.92,94.4
Germany_Bundesliga,2025-2026,1. FC Heidenheim 1846,10,499,17.26,95.0
Germany_Bundesliga,2025-2026,1. FC Heidenheim 1846,11,666,17.29,89.0
Germany_Bundesliga,2025-2026,1. FC Heidenheim 1846,12,946,18.57,83.6
Germany_Bundesliga,2025-2026,1. FC Heidenheim 1846,13,936,19.91,78.3
Germany_Bundesliga,2025-2026,1. FC Heidenheim 1846,14,881,23.39,61.2
Germany_Bundesliga,2025-2026,1. FC Heidenheim 1846,15,1155,26.04,50.5
Germany_Bundesliga,2025-2026,Bayer 04 Leverkusen,0,1497,19.46,67.2
Germany_Bundesliga,2025-2026,Bayer 04 Leverkusen,1,1387,16.95,79.5
Germany_Bundesliga,2025-2026,Bayer 04 Leverkusen,2,1777,17.05,87.2
Germany_Bundesliga,2025-2026,Bayer 04 Leverkusen,3,1675,16.44,90.0
Germany_Bundesliga,2025-2026,Bayer 04 Leverkusen,4,1433,14.59,92.7
Germany_Bundesliga,2025-2026,Bayer 04 Leverkusen,5,963,13.36,96.0
Germany_Bundesliga,2025-2026,Bayer 04 Leverkusen,6,903,13.84,96.6
Germany_Bundesliga,2025-2026,Bayer 04 Leverkusen,7,796,12.83,95.9
Germany_Bundesliga,2025-2026,Bayer 04 Leverkusen,8,845,12.93,95.7
Germany_Bundesliga,2025-2026,Bayer 04 Leverkusen,9,987,13.56,97.2
Germany_Bundesliga,2025-2026,Bayer 04 Leverkusen,10,1097,13.48,95.7
Germany_Bundesliga,2025-2026,Bayer 04 Leverkusen,11,1268,15.02,92.7
Germany_Bundesliga,2025-2026,Bayer 04 Leverkusen,12,1693,17.23,90.9
Germany_Bundesliga,2025-2026,Bayer 04 Leverkusen,13,1584,17.51,86.6
Germany_Bundesliga,2025-2026,Bayer 04 Leverkusen,14,1256,15.79,81.5
Germany_Bundesliga,2025-2026,Bayer 04 Leverkusen,15,1369,19.7,67.3
Germany_Bundesliga,2025-2026,Borussia VfL Mönchengladbach,0,1439,21.68,58.2
Germany_Bundesliga,2025-2026,Borussia VfL Mönchengladbach,1,1104,16.95,72.7
Germany_Bundesliga,2025-2026,Borussia VfL Mönchengladbach,2,1263,16.44,80.9
Germany_Bundesliga,2025-2026,Borussia VfL Mönchengladbach,3,1022,16.33,85.1
Germany_Bundesliga,2025-2026,Borussia VfL Mönchengladbach,4,846,15.66,90.4
Germany_Bundesliga,2025-2026,Borussia VfL Mönchengladbach,5,745,14.95,95.2
Germany_Bundesliga,2025-2026,Borussia VfL Mönchengladbach,6,598,14.98,95.0
Germany_Bundesliga,2025-2026,Borussia VfL Mönchengladbach,7,520,13.8,93.7
Germany_Bundesliga,2025-2026,Borussia VfL Mönchengladbach,8,544,13.59,94.1
Germany_Bundesliga,2025-2026,Borussia VfL Mönchengladbach,9,577,14.39,93.1
Germany_Bundesliga,2025-2026,Borussia VfL Mönchengladbach,10,663,14.51,94.3
Germany_Bundesliga,2025-2026,Borussia VfL Mönchengladbach,11,862,15.62,92.5
Germany_Bundesliga,2025-2026,Borussia VfL Mönchengladbach,12,1146,16.26,88.9
Germany_Bundesliga,2025-2026,Borussia VfL Mönchengladbach,13,1153,16.93,82.1
Germany_Bundesliga,2025-2026,Borussia VfL Mönchengladbach,14,1072,17.51,73.4
Germany_Bundesliga,2025-2026,Borussia VfL Mönchengladbach,15,1346,22.47,58.6
Germany_Bundesliga,2025-2026,1. FC Köln,0,1370,23.82,55.5
Germany_Bundesliga,2025-2026,1. FC Köln,1,1032,19.95,71.0
Germany_Bundesliga,2025-2026,1. FC Köln,2,992,18.26,83.2
Germany_Bundesliga,2025-2026,1. FC Köln,3,1183,18.12,87.2
Germany_Bundesliga,2025-2026,1. FC Köln,4,884,16.18,89.3
Germany_Bundesliga,2025-2026,1. FC Köln,5,623,15.04,94.5
Germany_Bundesliga,2025-2026,1. FC Köln,6,567,15.54,96.6
Germany_Bundesliga,2025-2026,1. FC Köln,7,456,14.42,93.6
Germany_Bundesliga,2025-2026,1. FC Köln,8,523,14.69,93.9
Germany_Bundesliga,2025-2026,1. FC Köln,9,524,15.99,96.8
Germany_Bundesliga,2025-2026,1. FC Köln,10,709,16.43,95.9
Germany_Bundesliga,2025-2026,1. FC Köln,11,805,16.64,91.3
Germany_Bundesliga,2025-2026,1. FC Köln,12,1098,17.44,84.5
Germany_Bundesliga,2025-2026,1. FC Köln,13,954,18.72,80.4
Germany_Bundesliga,2025-2026,1. FC Köln,14,832,19.38,69.2
Germany_Bundesliga,2025-2026,1. FC Köln,15,1213,23.61,52.3
Germany_Bundesliga,2025-2026,VfB Stuttgart 1893,0,1496,21.62,59.7
Germany_Bundesliga,2025-2026,VfB Stuttgart 1893,1,1337,18.17,74.9
Germany_Bundesliga,2025-2026,VfB Stuttgart 1893,2,1576,16.55,85.7
Germany_Bundesliga,2025-2026,VfB Stuttgart 1893,3,1368,16.39,88.4
Germany_Bundesliga,2025-2026,VfB Stuttgart 1893,4,1118,14.59,90.5
Germany_Bundesliga,2025-2026,VfB Stuttgart 1893,5,787,13.89,95.6
Germany_Bundesliga,2025-2026,VfB Stuttgart 1893,6,692,14.45,96.7
Germany_Bundesliga,2025-2026,VfB Stuttgart 1893,7,624,13.7,95.0
Germany_Bundesliga,2025-2026,VfB Stuttgart 1893,8,651,12.67,95.1
Germany_Bundesliga,2025-2026,VfB Stuttgart 1893,9,719,13.91,96.1
Germany_Bundesliga,2025-2026,VfB Stuttgart 1893,10,792,14.28,94.7
Germany_Bundesliga,2025-2026,VfB Stuttgart 1893,11,991,15.15,90.2
Germany_Bundesliga,2025-2026,VfB Stuttgart 1893,12,1399,17.06,85.1
Germany_Bundesliga,2025-2026,VfB Stuttgart 1893,13,1480,16.91,81.3
Germany_Bundesliga,2025-2026,VfB Stuttgart 1893,14,1189,17.82,72.6
Germany_Bundesliga,2025-2026,VfB Stuttgart 1893,15,1322,21.58,60.4
Germany_Bundesliga,2025-2026,FC Augsburg,0,1408,23.23,54.7
Germany_Bundesliga,2025-2026,FC Augsburg,1,1014,19.14,68.5
Germany_Bundesliga,2025-2026,FC Augsburg,2,1024,17.39,81.0
Germany_Bundesliga,2025-2026,FC Augsburg,3,1019,17.41,85.4
Germany_Bundesliga,2025-2026,FC Augsburg,4,697,15.14,86.4
Germany_Bundesliga,2025-2026,FC Augsburg,5,569,15.25,91.4
Germany_Bundesliga,2025-2026,FC Augsburg,6,525,15.85,95.4
Germany_Bundesliga,2025-2026,FC Augsburg,7,473,14.99,95.3
Germany_Bundesliga,2025-2026,FC Augsburg,8,460,14.24,92.4
Germany_Bundesliga,2025-2026,FC Augsburg,9,486,15.8,93.2
Germany_Bundesliga,2025-2026,FC Augsburg,10,551,14.31,94.4
Germany_Bundesliga,2025-2026,FC Augsburg,11,665,16.37,88.7
Germany_Bundesliga,2025-2026,FC Augsburg,12,1084,17.89,83.4
Germany_Bundesliga,2025-2026,FC Augsburg,13,969,19.02,77.6
Germany_Bundesliga,2025-2026,FC Augsburg,14,921,19.91,68.9
Germany_Bundesliga,2025-2026,FC Augsburg,15,1289,24.15,53.1
Germany_Bundesliga,2025-2026,FC Bayern München,0,1526,17.02,75.8
Germany_Bundesliga,2025-2026,FC Bayern München,1,1647,16.29,83.0
Germany_Bundesliga,2025-2026,FC Bayern München,2,1976,16.58,88.5
Germany_Bundesliga,2025-2026,FC Bayern München,3,2013,16.33,90.0
Germany_Bundesliga,2025-2026,FC Bayern München,4,1648,14.76,92.4
Germany_Bundesliga,2025-2026,FC Bayern München,5,1166,13.6,95.3
Germany_Bundesliga,2025-2026,FC Bayern München,6,967,13.77,96.4
Germany_Bundesliga,2025-2026,FC Bayern München,7,963,12.89,96.6
Germany_Bundesliga,2025-2026,FC Bayern München,8,952,12.76,96.6
Germany_Bundesliga,2025-2026,FC Bayern München,9,1055,13.55,97.1
Germany_Bundesliga,2025-2026,FC Bayern München,10,1138,13.47,95.5
Germany_Bundesliga,2025-2026,FC Bayern München,11,1543,14.97,94.3
Germany_Bundesliga,2025-2026,FC Bayern München,12,2005,16.32,91.5
Germany_Bundesliga,2025-2026,FC Bayern München,13,2042,17.79,89.1
Germany_Bundesliga,2025-2026,FC Bayern München,14,1592,17.01,86.4
Germany_Bundesliga,2025-2026,FC Bayern München,15,1526,17.37,74.7
Germany_Bundesliga,2025-2026,1. FC Union Berlin,0,1472,25.85,46.1
Germany_Bundesliga,2025-2026,1. FC Union Berlin,1,935,21.4,59.8
Germany_Bundesliga,2025-2026,1. FC Union Berlin,2,885,18.21,73.1
Germany_Bundesliga,2025-2026,1. FC Union Berlin,3,757,16.68,79.1
Germany_Bundesliga,2025-2026,1. FC Union Berlin,4,579,16.19,84.5
Germany_Bundesliga,2025-2026,1. FC Union Berlin,5,451,15.06,92.9
Germany_Bundesliga,2025-2026,1. FC Union Berlin,6,384,15.71,94.8
Germany_Bundesliga,2025-2026,1. FC Union Berlin,7,385,14.69,93.5
Germany_Bundesliga,2025-2026,1. FC Union Berlin,8,433,13.7,91.0
Germany_Bundesliga,2025-2026,1. FC Union Berlin,9,423,14.43,93.6
Germany_Bundesliga,2025-2026,1. FC Union Berlin,10,485,15.15,95.7
Germany_Bundesliga,2025-2026,1. FC Union Berlin,11,574,15.71,88.3
Germany_Bundesliga,2025-2026,1. FC Union Berlin,12,778,17.65,80.3
Germany_Bundesliga,2025-2026,1. FC Union Berlin,13,809,18.19,75.0
Germany_Bundesliga,2025-2026,1. FC Union Berlin,14,824,19.92,62.4
Germany_Bundesliga,2025-2026,1. FC Union Berlin,15,1152,23.79,50.2
England_Premier_League,2025-2026,Leeds United FC,0,1435,23.91,53.9
England_Premier_League,2025-2026,Leeds United FC,1,1030,19.53,66.6
England_Premier_League,2025-2026,Leeds United FC,2,1123,17.48,79.7
England_Premier_League,2025-2026,Leeds United FC,3,1105,16.45,85.0
England_Premier_League,2025-2026,Leeds United FC,4,855,15.44,89.6
England_Premier_League,2025-2026,Leeds United FC,5,617,15.9,95.5
England_Premier_League,2025-2026,Leeds United FC,6,555,15.73,96.6
England_Premier_League,2025-2026,Leeds United FC,7,518,14.46,95.6
England_Premier_League,2025-2026,Leeds United FC,8,561,14.32,94.3
England_Premier_League,2025-2026,Leeds United FC,9,602,16.12,94.9
England_Premier_League,2025-2026,Leeds United FC,10,678,15.09,93.8
England_Premier_League,2025-2026,Leeds United FC,11,781,16.82,89.1
England_Premier_League,2025-2026,Leeds United FC,12,1080,17.0,84.4
England_Premier_League,2025-2026,Leeds United FC,13,962,17.43,81.6
England_Premier_League,2025-2026,Leeds United FC,14,884,18.63,70.6
England_Premier_League,2025-2026,Leeds United FC,15,1360,23.99,53.1
England_Premier_League,2025-2026,Brighton & Hove Albion FC,0,1400,21.66,60.1
England_Premier_League,2025-2026,Brighton & Hove Albion FC,1,1301,18.89,73.8
England_Premier_League,2025-2026,Brighton & Hove Albion FC,2,1523,18.65,80.9
England_Premier_League,2025-2026,Brighton & Hove Albion FC,3,1305,17.04,85.1
England_Premier_League,2025-2026,Brighton & Hove Albion FC,4,988,15.22,90.8
England_Premier_League,2025-2026,Brighton & Hove Albion FC,5,735,14.98,94.3
England_Premier_League,2025-2026,Brighton & Hove Albion FC,6,663,15.1,96.4
England_Premier_League,2025-2026,Brighton & Hove Albion FC,7,592,14.04,93.6
England_Premier_League,2025-2026,Brighton & Hove Albion FC,8,654,14.03,95.7
England_Premier_League,2025-2026,Brighton & Hove Albion FC,9,765,13.73,94.4
England_Premier_League,2025-2026,Brighton & Hove Albion FC,10,874,14.16,95.5
England_Premier_League,2025-2026,Brighton & Hove Albion FC,11,1103,15.4,90.9
England_Premier_League,2025-2026,Brighton & Hove Albion FC,12,1336,17.48,86.2
England_Premier_League,2025-2026,Brighton & Hove Albion FC,13,1233,18.69,83.4
England_Premier_League,2025-2026,Brighton & Hove Albion FC,14,1153,19.04,77.3
England_Premier_League,2025-2026,Brighton & Hove Albion FC,15,1335,21.29,61.0
England_Premier_League,2025-2026,Arsenal FC,0,1425,21.61,58.8
England_Premier_League,2025-2026,Arsenal FC,1,1181,18.1,70.8
England_Premier_League,2025-2026,Arsenal FC,2,1245,17.31,84.7
England_Premier_League,2025-2026,Arsenal FC,3,1294,16.23,87.8
England_Premier_League,2025-2026,Arsenal FC,4,1310,15.87,90.3
England_Premier_League,2025-2026,Arsenal FC,5,943,14.81,94.6
England_Premier_League,2025-2026,Arsenal FC,6,649,14.41,93.8
England_Premier_League,2025-2026,Arsenal FC,7,538,13.77,92.4
England_Premier_League,2025-2026,Arsenal FC,8,530,13.42,92.1
England_Premier_League,2025-2026,Arsenal FC,9,648,14.45,95.8
England_Premier_League,2025-2026,Arsenal FC,10,820,14.95,94.8
England_Premier_League,2025-2026,Arsenal FC,11,1174,16.43,93.3
England_Premier_League,2025-2026,Arsenal FC,12,1405,16.52,89.4
England_Premier_League,2025-2026,Arsenal FC,13,1198,17.06,83.6
England_Premier_League,2025-2026,Arsenal FC,14,1249,19.29,74.9
England_Premier_League,2025-2026,Arsenal FC,15,1249,21.53,61.5
England_Premier_League,2025-2026,Burnley FC,0,1257,21.07,53.9
England_Premier_League,2025-2026,Burnley FC,1,996,18.71,69.6
England_Premier_League,2025-2026,Burnley FC,2,1102,17.21,80.9
England_Premier_League,2025-2026,Burnley FC,3,1092,16.61,86.5
England_Premier_League,2025-2026,Burnley FC,4,803,14.54,89.0
England_Premier_League,2025-2026,Burnley FC,5,562,13.94,92.7
England_Premier_League,2025-2026,Burnley FC,6,509,13.84,93.7
England_Premier_League,2025-2026,Burnley FC,7,515,13.81,94.8
England_Premier_League,2025-2026,Burnley FC,8,539,13.78,94.2
England_Premier_League,2025-2026,Burnley FC,9,542,14.31,95.8
England_Premier_League,2025-2026,Burnley FC,10,658,13.66,94.4
England_Premier_League,2025-2026,Burnley FC,11,795,15.49,90.8
England_Premier_League,2025-2026,Burnley FC,12,1006,16.29,87.5
England_Premier_League,2025-2026,Burnley FC,13,1024,17.99,78.3
England_Premier_League,2025-2026,Burnley FC,14,899,20.6,63.6
England_Premier_League,2025-2026,Burnley FC,15,1135,22.44,53.7
England_Premier_League,2025-2026,Crystal Palace FC,0,1391,23.74,50.6
England_Premier_League,2025-2026,Crystal Palace FC,1,1060,18.85,68.4
England_Premier_League,2025-2026,Crystal Palace FC,2,1075,18.2,77.9
England_Premier_League,2025-2026,Crystal Palace FC,3,1137,17.94,84.3
England_Premier_League,2025-2026,Crystal Palace FC,4,941,15.76,91.7
England_Premier_League,2025-2026,Crystal Palace FC,5,598,15.38,95.7
England_Premier_League,2025-2026,Crystal Palace FC,6,465,15.58,94.8
England_Premier_League,2025-2026,Crystal Palace FC,7,456,15.13,95.8
England_Premier_League,2025-2026,Crystal Palace FC,8,458,14.12,95.0
England_Premier_League,2025-2026,Crystal Palace FC,9,553,15.41,94.4
England_Premier_League,2025-2026,Crystal Palace FC,10,611,14.91,94.6
England_Premier_League,2025-2026,Crystal Palace FC,11,922,16.13,89.9
England_Premier_League,2025-2026,Crystal Palace FC,12,1045,17.48,84.9
England_Premier_League,2025-2026,Crystal Palace FC,13,1098,19.21,77.8
England_Premier_League,2025-2026,Crystal Palace FC,14,1019,19.56,67.2
England_Premier_League,2025-2026,Crystal Palace FC,15,1272,24.71,49.8
England_Premier_League,2025-2026,Brentford FC,0,1408,23.4,52.8
England_Premier_League,2025-2026,Brentford FC,1,1030,19.2,69.9
England_Premier_League,2025-2026,Brentford FC,2,1087,18.33,79.2
England_Premier_League,2025-2026,Brentford FC,3,1048,17.69,81.9
England_Premier_League,2025-2026,Brentford FC,4,835,15.51,89.6
England_Premier_League,2025-2026,Brentford FC,5,701,15.11,95.7
England_Premier_League,2025-2026,Brentford FC,6,591,14.5,95.6
England_Premier_League,2025-2026,Brentford FC,7,534,13.14,93.3
England_Premier_League,2025-2026,Brentford FC,8,541,13.03,93.3
England_Premier_League,2025-2026,Brentford FC,9,576,14.35,95.8
England_Premier_League,2025-2026,Brentford FC,10,641,14.86,95.8
England_Premier_League,2025-2026,Brentford FC,11,768,15.98,88.5
England_Premier_League,2025-2026,Brentford FC,12,1034,17.27,84.9
England_Premier_League,2025-2026,Brentford FC,13,1018,19.12,79.8
England_Premier_League,2025-2026,Brentford FC,14,1022,20.38,67.1
England_Premier_League,2025-2026,Brentford FC,15,1364,23.89,54.4
England_Premier_League,2025-2026,Wolverhampton Wanderers FC,0,1288,23.02,55.7
England_Premier_League,2025-2026,Wolverhampton Wanderers FC,1,986,19.35,68.3
England_Premier_League,2025-2026,Wolverhampton Wanderers FC,2,1090,17.77,79.6
England_Premier_League,2025-2026,Wolverhampton Wanderers FC,3,953,17.67,82.7
England_Premier_League,2025-2026,Wolverhampton Wanderers FC,4,833,15.03,89.8
England_Premier_League,2025-2026,Wolverhampton Wanderers FC,5,593,14.78,93.9
England_Premier_League,2025-2026,Wolverhampton Wanderers FC,6,525,14.62,94.9
England_Premier_League,2025-2026,Wolverhampton Wanderers FC,7,526,14.03,94.1
England_Premier_League,2025-2026,Wolverhampton Wanderers FC,8,578,14.5,93.8
England_Premier_League,2025-2026,Wolverhampton Wanderers FC,9,574,14.78,95.3
England_Premier_League,2025-2026,Wolverhampton Wanderers FC,10,619,15.22,95.0
England_Premier_League,2025-2026,Wolverhampton Wanderers FC,11,792,16.04,89.6
England_Premier_League,2025-2026,Wolverhampton Wanderers FC,12,948,16.58,82.9
England_Premier_League,2025-2026,Wolverhampton Wanderers FC,13,943,18.94,80.1
England_Premier_League,2025-2026,Wolverhampton Wanderers FC,14,846,20.29,69.1
England_Premier_League,2025-2026,Wolverhampton Wanderers FC,15,1179,24.93,53.5
England_Premier_League,2025-2026,Fulham FC,0,1432,20.35,61.2
England_Premier_League,2025-2026,Fulham FC,1,1240,20.04,74.8
England_Premier_League,2025-2026,Fulham FC,2,1452,18.55,85.7
England_Premier_League,2025-2026,Fulham FC,3,1315,17.26,89.6
England_Premier_League,2025-2026,Fulham FC,4,1008,15.91,92.0
England_Premier_League,2025-2026,Fulham FC,5,786,15.18,93.8
England_Premier_League,2025-2026,Fulham FC,6,634,15.08,96.2
England_Premier_League,2025-2026,Fulham FC,7,614,13.75,93.6
England_Premier_League,2025-2026,Fulham FC,8,702,14.37,95.4
England_Premier_League,2025-2026,Fulham FC,9,733,15.19,97.0
England_Premier_League,2025-2026,Fulham FC,10,792,15.08,94.2
England_Premier_League,2025-2026,Fulham FC,11,1033,16.4,87.3
England_Premier_League,2025-2026,Fulham FC,12,1403,16.99,84.7
England_Premier_League,2025-2026,Fulham FC,13,1326,17.24,83.2
England_Premier_League,2025-2026,Fulham FC,14,1146,18.73,70.4
England_Premier_League,2025-2026,Fulham FC,15,1244,21.69,61.0
England_Premier_League,2025-2026,Aston Villa FC,0,1415,22.7,63.1
England_Premier_League,2025-2026,Aston Villa FC,1,1153,19.13,75.7
England_Premier_League,2025-2026,Aston Villa FC,2,1257,17.3,86.8
England_Premier_League,2025-2026,Aston Villa FC,3,1248,17.03,86.2
England_Premier_League,2025-2026,Aston Villa FC,4,1020,15.28,89.0
England_Premier_League,2025-2026,Aston Villa FC,5,828,15.38,96.4
England_Premier_League,2025-2026,Aston Villa FC,6,720,14.16,95.4
England_Premier_League,2025-2026,Aston Villa FC,7,603,13.17,93.7
England_Premier_League,2025-2026,Aston Villa FC,8,519,13.66,94.4
England_Premier_League,2025-2026,Aston Villa FC,9,631,14.11,95.4
England_Premier_League,2025-2026,Aston Villa FC,10,787,14.25,95.0
England_Premier_League,2025-2026,Aston Villa FC,11,1108,16.1,91.0
England_Premier_League,2025-2026,Aston Villa FC,12,1387,16.76,87.0
England_Premier_League,2025-2026,Aston Villa FC,13,1180,17.0,86.4
England_Premier_League,2025-2026,Aston Villa FC,14,1104,17.79,78.6
England_Premier_League,2025-2026,Aston Villa FC,15,1347,21.63,63.2
England_Premier_League,2025-2026,Liverpool FC,0,1610,20.67,62.0
England_Premier_League,2025-2026,Liverpool FC,1,1563,18.97,78.2
England_Premier_League,2025-2026,Liverpool FC,2,1627,17.12,84.2
England_Premier_League,2025-2026,Liverpool FC,3,1588,16.19,86.9
England_Premier_League,2025-2026,Liverpool FC,4,1259,15.09,90.5
England_Premier_League,2025-2026,Liverpool FC,5,966,14.29,94.9
England_Premier_League,2025-2026,Liverpool FC,6,827,14.97,97.1
England_Premier_League,2025-2026,Liverpool FC,7,628,13.81,96.0
England_Premier_League,2025-2026,Liverpool FC,8,649,12.73,96.1
England_Premier_League,2025-2026,Liverpool FC,9,798,13.9,98.1
England_Premier_League,2025-2026,Liverpool FC,10,1032,13.7,96.1
England_Premier_League,2025-2026,Liverpool FC,11,1172,15.7,92.0
England_Premier_League,2025-2026,Liverpool FC,12,1518,16.47,87.9
England_Premier_League,2025-2026,Liverpool FC,13,1531,17.77,83.7
England_Premier_League,2025-2026,Liverpool FC,14,1372,18.69,76.2
England_Premier_League,2025-2026,Liverpool FC,15,1509,20.43,64.4
England_Premier_League,2025-2026,AFC Bournemouth,0,1487,23.23,53.9
England_Premier_League,2025-2026,AFC Bournemouth,1,1115,20.23,69.5
England_Premier_League,2025-2026,AFC Bournemouth,2,1058,18.22,81.4
England_Premier_League,2025-2026,AFC Bournemouth,3,1118,18.0,85.2
England_Premier_League,2025-2026,AFC Bournemouth,4,831,16.37,89.5
England_Premier_League,2025-2026,AFC Bournemouth,5,606,15.31,94.7
England_Premier_League,2025-2026,AFC Bournemouth,6,580,14.97,97.1
England_Premier_League,2025-2026,AFC Bournemouth,7,552,13.42,95.8
England_Premier_League,2025-2026,AFC Bournemouth,8,630,13.47,95.1
England_Premier_League,2025-2026,AFC Bournemouth,9,604,13.88,97.0
England_Premier_League,2025-2026,AFC Bournemouth,10,588,15.03,94.4
England_Premier_League,2025-2026,AFC Bournemouth,11,863,16.63,90.4
England_Premier_League,2025-2026,AFC Bournemouth,12,1106,17.24,80.8
England_Premier_League,2025-2026,AFC Bournemouth,13,1146,18.2,78.9
England_Premier_League,2025-2026,AFC Bournemouth,14,1028,20.32,67.3
England_Premier_League,2025-2026,AFC Bournemouth,15,1420,23.37,55.6
England_Premier_League,2025-2026,Manchester City FC,0,1383,18.02,66.3
England_Premier_League,2025-2026,Manchester City FC,1,1379,16.5,82.2
England_Premier_League,2025-2026,Manchester City FC,2,1679,16.58,86.8
England_Premier_League,2025-2026,Manchester City FC,3,1785,15.92,90.8
England_Premier_League,2025-2026,Manchester City FC,4,1518,14.28,90.9
England_Premier_League,2025-2026,Manchester City FC,5,1148,13.64,95.6
England_Premier_League,2025-2026,Manchester City FC,6,881,14.17,97.7
England_Premier_League,2025-2026,Manchester City FC,7,873,12.94,96.1
England_Premier_League,2025-2026,Manchester City FC,8,815,12.19,95.5
England_Premier_League,2025-2026,Manchester City FC,9,904,13.09,96.1
England_Premier_League,2025-2026,Manchester City FC,10,1129,12.97,95.9
England_Premier_League,2025-2026,Manchester City FC,11,1475,14.56,91.7
England_Premier_League,2025-2026,Manchester City FC,12,1813,15.63,90.2
England_Premier_League,2025-2026,Manchester City FC,13,1656,16.49,90.6
England_Premier_League,2025-2026,Manchester City FC,14,1318,16.74,80.0
England_Premier_League,2025-2026,Manchester City FC,15,1323,17.82,66.5
England_Premier_League,2025-2026,Manchester United FC,0,1486,21.67,60.4
England_Premier_League,2025-2026,Manchester United FC,1,1262,18.42,70.8
England_Premier_League,2025-2026,Manchester United FC,2,1283,17.13,81.4
England_Premier_League,2025-2026,Manchester United FC,3,1224,16.52,86.1
England_Premier_League,2025-2026,Manchester United FC,4,1029,14.99,91.4
England_Premier_League,2025-2026,Manchester United FC,5,747,13.63,94.4
England_Premier_League,2025-2026,Manchester United FC,6,656,13.99,95.9
England_Premier_League,2025-2026,Manchester United FC,7,659,13.75,94.5
England_Premier_League,2025-2026,Manchester United FC,8,679,13.75,94.1
England_Premier_League,2025-2026,Manchester United FC,9,706,14.18,95.0
England_Premier_League,2025-2026,Manchester United FC,10,820,14.14,93.7
England_Premier_League,2025-2026,Manchester United FC,11,1045,14.84,89.6
England_Premier_League,2025-2026,Manchester United FC,12,1202,16.33,84.9
England_Premier_League,2025-2026,Manchester United FC,13,1263,17.56,82.3
England_Premier_League,2025-2026,Manchester United FC,14,1132,18.22,76.5
England_Premier_League,2025-2026,Manchester United FC,15,1424,21.11,60.5
England_Premier_League,2025-2026,Nottingham Forest FC,0,1388,23.92,56.8
England_Premier_League,2025-2026,Nottingham Forest FC,1,1221,19.37,73.1
England_Premier_League,2025-2026,Nottingham Forest FC,2,1155,18.03,81.5
England_Premier_League,2025-2026,Nottingham Forest FC,3,1025,17.48,84.8
England_Premier_League,2025-2026,Nottingham Forest FC,4,794,15.39,86.3
England_Premier_League,2025-2026,Nottingham Forest FC,5,637,14.0,93.6
England_Premier_League,2025-2026,Nottingham Forest FC,6,581,14.15,96.7
England_Premier_League,2025-2026,Nottingham Forest FC,7,605,13.39,93.6
England_Premier_League,2025-2026,Nottingham Forest FC,8,665,13.17,95.5
England_Premier_League,2025-2026,Nottingham Forest FC,9,611,13.38,95.9
England_Premier_League,2025-2026,Nottingham Forest FC,10,688,14.18,93.2
England_Premier_League,2025-2026,Nottingham Forest FC,11,809,16.13,87.3
England_Premier_League,2025-2026,Nottingham Forest FC,12,1034,17.25,85.2
England_Premier_League,2025-2026,Nottingham Forest FC,13,1085,18.66,81.5
England_Premier_League,2025-2026,Nottingham Forest FC,14,992,18.13,71.0
England_Premier_League,2025-2026,Nottingham Forest FC,15,1326,22.89,59.0
England_Premier_League,2025-2026,Chelsea FC,0,1403,21.17,63.6
England_Premier_League,2025-2026,Chelsea FC,1,1239,18.49,78.5
England_Premier_League,2025-2026,Chelsea FC,2,1645,17.17,86.8
England_Premier_League,2025-2026,Chelsea FC,3,1663,15.51,90.3
England_Premier_League,2025-2026,Chelsea FC,4,1383,15.21,94.1
England_Premier_League,2025-2026,Chelsea FC,5,1034,15.09,95.8
England_Premier_League,2025-2026,Chelsea FC,6,824,15.23,96.6
England_Premier_League,2025-2026,Chelsea FC,7,658,14.17,95.3
England_Premier_League,2025-2026,Chelsea FC,8,687,13.53,95.1
England_Premier_League,2025-2026,Chelsea FC,9,842,13.86,96.3
England_Premier_League,2025-2026,Chelsea FC,10,1080,14.06,96.0
England_Premier_League,2025-2026,Chelsea FC,11,1398,15.15,94.1
England_Premier_League,2025-2026,Chelsea FC,12,1627,16.13,89.8
England_Premier_League,2025-2026,Chelsea FC,13,1535,17.48,85.8
England_Premier_League,2025-2026,Chelsea FC,14,1207,18.63,76.6
England_Premier_League,2025-2026,Chelsea FC,15,1321,21.6,62.9
England_Premier_League,2025-2026,Tottenham Hotspur FC,0,1500,23.52,56.3
England_Premier_League,2025-2026,Tottenham Hotspur FC,1,1146,20.14,70.7
England_Premier_League,2025-2026,Tottenham Hotspur FC,2,1242,18.61,79.9
England_Premier_League,2025-2026,Tottenham Hotspur FC,3,1094,17.35,81.4
England_Premier_League,2025-2026,Tottenham Hotspur FC,4,848,16.42,88.9
England_Premier_League,2025-2026,Tottenham Hotspur FC,5,613,15.21,94.0
England_Premier_League,2025-2026,Tottenham Hotspur FC,6,572,15.23,96.9
England_Premier_League,2025-2026,Tottenham Hotspur FC,7,512,15.49,94.9
England_Premier_League,2025-2026,Tottenham Hotspur FC,8,552,14.24,93.3
England_Premier_League,2025-2026,Tottenham Hotspur FC,9,620,15.06,96.3
England_Premier_League,2025-2026,Tottenham Hotspur FC,10,727,14.99,94.9
England_Premier_League,2025-2026,Tottenham Hotspur FC,11,975,16.62,91.8
England_Premier_League,2025-2026,Tottenham Hotspur FC,12,1154,17.21,87.3
England_Premier_League,2025-2026,Tottenham Hotspur FC,13,1055,17.51,79.7
England_Premier_League,2025-2026,Tottenham Hotspur FC,14,866,19.47,70.7
England_Premier_League,2025-2026,Tottenham Hotspur FC,15,1252,22.94,54.2
England_Premier_League,2025-2026,Everton FC,0,1382,23.27,54.8
England_Premier_League,2025-2026,Everton FC,1,1060,19.48,69.7
England_Premier_League,2025-2026,Everton FC,2,1129,17.63,81.0
England_Premier_League,2025-2026,Everton FC,3,1040,16.85,84.5
England_Premier_League,2025-2026,Everton FC,4,749,15.47,88.4
England_Premier_League,2025-2026,Everton FC,5,606,15.42,95.2
England_Premier_League,2025-2026,Everton FC,6,500,14.61,92.4
England_Premier_League,2025-2026,Everton FC,7,514,14.71,93.2
England_Premier_League,2025-2026,Everton FC,8,601,14.12,95.0
England_Premier_League,2025-2026,Everton FC,9,572,14.64,95.5
England_Premier_League,2025-2026,Everton FC,10,645,14.64,93.3
England_Premier_League,2025-2026,Everton FC,11,778,16.12,87.3
England_Premier_League,2025-2026,Everton FC,12,974,17.42,80.9
England_Premier_League,2025-2026,Everton FC,13,887,18.67,79.8
England_Premier_League,2025-2026,Everton FC,14,878,21.18,67.8
England_Premier_League,2025-2026,Everton FC,15,1223,23.07,54.5
England_Premier_League,2025-2026,Sunderland AFC,0,1473,23.16,57.8
England_Premier_League,2025-2026,Sunderland AFC,1,952,19.95,69.1
England_Premier_League,2025-2026,Sunderland AFC,2,971,18.44,77.4
England_Premier_League,2025-2026,Sunderland AFC,3,918,17.66,79.7
England_Premier_League,2025-2026,Sunderland AFC,4,770,16.94,88.4
England_Premier_League,2025-2026,Sunderland AFC,5,603,15.27,94.9
England_Premier_League,2025-2026,Sunderland AFC,6,515,15.74,95.3
England_Premier_League,2025-2026,Sunderland AFC,7,525,14.9,93.7
England_Premier_League,2025-2026,Sunderland AFC,8,544,14.54,96.3
England_Premier_League,2025-2026,Sunderland AFC,9,562,15.37,95.4
England_Premier_League,2025-2026,Sunderland AFC,10,615,15.38,94.1
England_Premier_League,2025-2026,Sunderland AFC,11,669,16.6,89.7
England_Premier_League,2025-2026,Sunderland AFC,12,905,17.63,87.8
England_Premier_League,2025-2026,Sunderland AFC,13,966,19.0,79.5
England_Premier_League,2025-2026,Sunderland AFC,14,992,19.88,70.0
England_Premier_League,2025-2026,Sunderland AFC,15,1279,23.48,54.4
England_Premier_League,2025-2026,West Ham United FC,0,1379,21.94,52.7
England_Premier_League,2025-2026,West Ham United FC,1,886,17.78,70.1
England_Premier_League,2025-2026,West Ham United FC,2,1059,17.29,79.0
England_Premier_League,2025-2026,West Ham United FC,3,1032,17.89,83.8
England_Premier_League,2025-2026,West Ham United FC,4,731,15.79,86.2
England_Premier_League,2025-2026,West Ham United FC,5,553,14.14,94.4
England_Premier_League,2025-2026,West Ham United FC,6,498,14.28,95.6
England_Premier_League,2025-2026,West Ham United FC,7,478,13.69,94.1
England_Premier_League,2025-2026,West Ham United FC,8,525,14.33,94.5
England_Premier_League,2025-2026,West Ham United FC,9,534,14.39,95.9
England_Premier_League,2025-2026,West Ham United FC,10,583,14.47,94.7
England_Premier_League,2025-2026,West Ham United FC,11,695,15.96,92.1
England_Premier_League,2025-2026,West Ham United FC,12,951,16.81,87.7
England_Premier_League,2025-2026,West Ham United FC,13,943,17.72,82.9
England_Premier_League,2025-2026,West Ham United FC,14,985,20.39,65.7
England_Premier_League,2025-2026,West Ham United FC,15,1247,23.77,53.4
England_Premier_League,2025-2026,Newcastle United FC,0,1415,20.13,63.4
England_Premier_League,2025-2026,Newcastle United FC,1,1265,18.09,74.5
England_Premier_League,2025-2026,Newcastle United FC,2,1461,17.26,82.4
England_Premier_League,2025-2026,Newcastle United FC,3,1303,18.03,81.3
England_Premier_League,2025-2026,Newcastle United FC,4,990,16.07,88.7
England_Premier_League,2025-2026,Newcastle United FC,5,691,15.08,95.2
England_Premier_League,2025-2026,Newcastle United FC,6,574,14.18,96.0
England_Premier_League,2025-2026,Newcastle United FC,7,532,14.38,96.8
England_Premier_League,2025-2026,Newcastle United FC,8,597,13.73,95.6
England_Premier_League,2025-2026,Newcastle United FC,9,604,13.9,93.9
England_Premier_League,2025-2026,Newcastle United FC,10,712,14.15,94.7
England_Premier_League,2025-2026,Newcastle United FC,11,912,16.56,89.1
England_Premier_League,2025-2026,Newcastle United FC,12,1296,18.16,85.0
England_Premier_League,2025-2026,Newcastle United FC,13,1344,17.93,83.6
England_Premier_League,2025-2026,Newcastle United FC,14,1155,18.25,76.1
England_Premier_League,2025-2026,Newcastle United FC,15,1340,20.71,61.2
Spain_Primera_Division,2025-2026,Getafe CF,0,1286,25.54,45.5
Spain_Primera_Division,2025-2026,Getafe CF,1,820,21.93,60.7
Spain_Primera_Division,2025-2026,Getafe CF,2,729,19.08,69.7
Spain_Primera_Division,2025-2026,Getafe CF,3,675,18.26,72.7
Spain_Primera_Division,2025-2026,Getafe CF,4,487,15.47,81.1
Spain_Primera_Division,2025-2026,Getafe CF,5,359,13.28,90.8
Spain_Primera_Division,2025-2026,Getafe CF,6,345,14.78,92.2
Spain_Primera_Division,2025-2026,Getafe CF,7,354,13.66,91.0
Spain_Primera_Division,2025-2026,Getafe CF,8,406,13.51,88.2
Spain_Primera_Division,2025-2026,Getafe CF,9,330,15.99,93.0
Spain_Primera_Division,2025-2026,Getafe CF,10,370,15.38,89.7
Spain_Primera_Division,2025-2026,Getafe CF,11,488,16.47,82.6
Spain_Primera_Division,2025-2026,Getafe CF,12,720,19.29,74.6
Spain_Primera_Division,2025-2026,Getafe CF,13,722,18.8,66.1
Spain_Primera_Division,2025-2026,Getafe CF,14,735,19.76,57.1
Spain_Primera_Division,2025-2026,Getafe CF,15,1233,24.55,45.6
Spain_Primera_Division,2025-2026,Athletic Club,0,1398,22.15,56.7
Spain_Primera_Division,2025-2026,Athletic Club,1,1167,19.69,71.1
Spain_Primera_Division,2025-2026,Athletic Club,2,1323,18.72,78.8
Spain_Primera_Division,2025-2026,Athletic Club,3,1162,18.15,81.1
Spain_Primera_Division,2025-2026,Athletic Club,4,919,16.28,87.4
Spain_Primera_Division,2025-2026,Athletic Club,5,625,14.24,92.6
Spain_Primera_Division,2025-2026,Athletic Club,6,507,15.08,95.5
Spain_Primera_Division,2025-2026,Athletic Club,7,424,14.59,95.0
Spain_Primera_Division,2025-2026,Athletic Club,8,576,14.14,94.6
Spain_Primera_Division,2025-2026,Athletic Club,9,598,14.58,95.3
Spain_Primera_Division,2025-2026,Athletic Club,10,670,14.28,91.8
Spain_Primera_Division,2025-2026,Athletic Club,11,848,16.33,85.7
Spain_Primera_Division,2025-2026,Athletic Club,12,1168,18.13,83.5
Spain_Primera_Division,2025-2026,Athletic Club,13,1157,18.89,78.8
Spain_Primera_Division,2025-2026,Athletic Club,14,1098,20.32,68.9
Spain_Primera_Division,2025-2026,Athletic Club,15,1226,22.31,57.4
Spain_Primera_Division,2025-2026,Real Betis Balompié,0,1502,19.87,64.2
Spain_Primera_Division,2025-2026,Real Betis Balompié,1,1174,18.42,74.8
Spain_Primera_Division,2025-2026,Real Betis Balompié,2,1327,17.36,84.6
Spain_Primera_Division,2025-2026,Real Betis Balompié,3,1368,17.55,86.0
Spain_Primera_Division,2025-2026,Real Betis Balompié,4,1017,15.24,91.6
Spain_Primera_Division,2025-2026,Real Betis Balompié,5,793,14.38,93.7
Spain_Primera_Division,2025-2026,Real Betis Balompié,6,587,13.6,95.9
Spain_Primera_Division,2025-2026,Real Betis Balompié,7,566,11.53,96.3
Spain_Primera_Division,2025-2026,Real Betis Balompié,8,620,11.36,95.3
Spain_Primera_Division,2025-2026,Real Betis Balompié,9,642,13.4,95.0
Spain_Primera_Division,2025-2026,Real Betis Balompié,10,787,13.63,93.8
Spain_Primera_Division,2025-2026,Real Betis Balompié,11,1055,15.63,90.3
Spain_Primera_Division,2025-2026,Real Betis Balompié,12,1423,17.51,88.0
Spain_Primera_Division,2025-2026,Real Betis Balompié,13,1265,17.03,84.6
Spain_Primera_Division,2025-2026,Real Betis Balompié,14,1053,16.94,76.9
Spain_Primera_Division,2025-2026,Real Betis Balompié,15,1367,19.49,64.7
Spain_Primera_Division,2025-2026,Club Atlético de Madrid,0,1468,20.39,64.5
Spain_Primera_Division,2025-2026,Club Atlético de Madrid,1,1206,17.53,77.6
Spain_Primera_Division,2025-2026,Club Atlético de Madrid,2,1443,17.43,83.7
Spain_Primera_Division,2025-2026,Club Atlético de Madrid,3,1513,17.77,87.0
Spain_Primera_Division,2025-2026,Club Atlético de Madrid,4,1284,15.87,89.2
Spain_Primera_Division,2025-2026,Club Atlético de Madrid,5,874,14.83,94.5
Spain_Primera_Division,2025-2026,Club Atlético de Madrid,6,729,15.27,96.4
Spain_Primera_Division,2025-2026,Club Atlético de Madrid,7,654,12.95,93.7
Spain_Primera_Division,2025-2026,Club Atlético de Madrid,8,650,13.26,93.4
Spain_Primera_Division,2025-2026,Club Atlético de Madrid,9,745,15.21,96.4
Spain_Primera_Division,2025-2026,Club Atlético de Madrid,10,828,14.49,94.4
Spain_Primera_Division,2025-2026,Club Atlético de Madrid,11,1154,15.94,89.8
Spain_Primera_Division,2025-2026,Club Atlético de Madrid,12,1568,17.41,88.5
Spain_Primera_Division,2025-2026,Club Atlético de Madrid,13,1528,17.72,85.7
Spain_Primera_Division,2025-2026,Club Atlético de Madrid,14,1219,18.19,76.6
Spain_Primera_Division,2025-2026,Club Atlético de Madrid,15,1357,20.81,65.7
Spain_Primera_Division,2025-2026,Elche CF,0,1554,21.3,63.6
Spain_Primera_Division,2025-2026,Elche CF,1,1305,18.2,79.2
Spain_Primera_Division,2025-2026,Elche CF,2,1414,17.39,84.5
Spain_Primera_Division,2025-2026,Elche CF,3,1275,16.39,85.8
Spain_Primera_Division,2025-2026,Elche CF,4,1018,13.8,90.2
Spain_Primera_Division,2025-2026,Elche CF,5,963,13.86,95.5
Spain_Primera_Division,2025-2026,Elche CF,6,839,14.63,96.7
Spain_Primera_Division,2025-2026,Elche CF,7,748,13.64,95.2
Spain_Primera_Division,2025-2026,Elche CF,8,786,13.41,96.2
Spain_Primera_Division,2025-2026,Elche CF,9,800,13.92,97.0
Spain_Primera_Division,2025-2026,Elche CF,10,930,13.79,96.9
Spain_Primera_Division,2025-2026,Elche CF,11,925,14.42,90.9
Spain_Primera_Division,2025-2026,Elche CF,12,1347,15.45,86.6
Spain_Primera_Division,2025-2026,Elche CF,13,1356,17.35,86.9
Spain_Primera_Division,2025-2026,Elche CF,14,1216,18.85,77.1
Spain_Primera_Division,2025-2026,Elche CF,15,1405,21.44,64.6
Spain_Primera_Division,2025-2026,Reial Club Deportiu Espanyol de Barcelona,0,1341,25.71,54.4
Spain_Primera_Division,2025-2026,Reial Club Deportiu Espanyol de Barcelona,1,965,19.73,67.4
Spain_Primera_Division,2025-2026,Reial Club Deportiu Espanyol de Barcelona,2,951,18.75,76.9
Spain_Primera_Division,2025-2026,Reial Club Deportiu Espanyol de Barcelona,3,880,17.59,81.8
Spain_Primera_Division,2025-2026,Reial Club Deportiu Espanyol de Barcelona,4,697,15.62,85.5
Spain_Primera_Division,2025-2026,Reial Club Deportiu Espanyol de Barcelona,5,570,14.33,94.2
Spain_Primera_Division,2025-2026,Reial Club Deportiu Espanyol de Barcelona,6,464,14.76,94.0
Spain_Primera_Division,2025-2026,Reial Club Deportiu Espanyol de Barcelona,7,448,13.95,95.3
Spain_Primera_Division,2025-2026,Reial Club Deportiu Espanyol de Barcelona,8,433,14.17,95.6
Spain_Primera_Division,2025-2026,Reial Club Deportiu Espanyol de Barcelona,9,420,14.82,93.1
Spain_Primera_Division,2025-2026,Reial Club Deportiu Espanyol de Barcelona,10,515,14.28,91.8
Spain_Primera_Division,2025-2026,Reial Club Deportiu Espanyol de Barcelona,11,754,15.56,89.7
Spain_Primera_Division,2025-2026,Reial Club Deportiu Espanyol de Barcelona,12,974,16.75,82.1
Spain_Primera_Division,2025-2026,Reial Club Deportiu Espanyol de Barcelona,13,978,18.36,76.9
Spain_Primera_Division,2025-2026,Reial Club Deportiu Espanyol de Barcelona,14,925,19.51,68.4
Spain_Primera_Division,2025-2026,Reial Club Deportiu Espanyol de Barcelona,15,1232,25.47,56.1
Spain_Primera_Division,2025-2026,Real Oviedo,0,1366,23.78,57.8
Spain_Primera_Division,2025-2026,Real Oviedo,1,1016,21.16,72.3
Spain_Primera_Division,2025-2026,Real Oviedo,2,1021,19.3,81.9
Spain_Primera_Division,2025-2026,Real Oviedo,3,1032,18.49,83.9
Spain_Primera_Division,2025-2026,Real Oviedo,4,788,16.83,87.8
Spain_Primera_Division,2025-2026,Real Oviedo,5,691,15.11,93.9
Spain_Primera_Division,2025-2026,Real Oviedo,6,537,15.97,95.2
Spain_Primera_Division,2025-2026,Real Oviedo,7,482,14.28,95.4
Spain_Primera_Division,2025-2026,Real Oviedo,8,556,13.98,92.8
Spain_Primera_Division,2025-2026,Real Oviedo,9,585,15.72,96.6
Spain_Primera_Division,2025-2026,Real Oviedo,10,713,15.39,94.1
Spain_Primera_Division,2025-2026,Real Oviedo,11,849,17.61,88.6
Spain_Primera_Division,2025-2026,Real Oviedo,12,1055,18.26,83.9
Spain_Primera_Division,2025-2026,Real Oviedo,13,975,18.76,79.9
Spain_Primera_Division,2025-2026,Real Oviedo,14,905,18.76,70.6
Spain_Primera_Division,2025-2026,Real Oviedo,15,1183,23.01,56.3
Spain_Primera_Division,2025-2026,Girona FC,0,1365,19.91,64.3
Spain_Primera_Division,2025-2026,Girona FC,1,1175,17.94,76.3
Spain_Primera_Division,2025-2026,Girona FC,2,1266,18.07,84.4
Spain_Primera_Division,2025-2026,Girona FC,3,1272,18.07,86.9
Spain_Primera_Division,2025-2026,Girona FC,4,1071,16.15,90.0
Spain_Primera_Division,2025-2026,Girona FC,5,855,15.25,94.6
Spain_Primera_Division,2025-2026,Girona FC,6,715,14.93,97.3
Spain_Primera_Division,2025-2026,Girona FC,7,606,13.68,96.4
Spain_Primera_Division,2025-2026,Girona FC,8,688,13.74,96.2
Spain_Primera_Division,2025-2026,Girona FC,9,669,14.66,96.1
Spain_Primera_Division,2025-2026,Girona FC,10,806,14.52,94.0
Spain_Primera_Division,2025-2026,Girona FC,11,922,16.04,91.4
Spain_Primera_Division,2025-2026,Girona FC,12,1238,17.06,88.3
Spain_Primera_Division,2025-2026,Girona FC,13,1450,17.74,87.4
Spain_Primera_Division,2025-2026,Girona FC,14,1239,18.67,78.9
Spain_Primera_Division,2025-2026,Girona FC,15,1216,22.82,61.5
Spain_Primera_Division,2025-2026,Real Club Deportivo Mallorca,0,1482,23.33,57.4
Spain_Primera_Division,2025-2026,Real Club Deportivo Mallorca,1,1029,19.45,70.5
Spain_Primera_Division,2025-2026,Real Club Deportivo Mallorca,2,1046,19.14,81.8
Spain_Primera_Division,2025-2026,Real Club Deportivo Mallorca,3,1084,18.05,85.6
Spain_Primera_Division,2025-2026,Real Club Deportivo Mallorca,4,779,16.5,89.3
Spain_Primera_Division,2025-2026,Real Club Deportivo Mallorca,5,621,15.4,93.4
Spain_Primera_Division,2025-2026,Real Club Deportivo Mallorca,6,530,15.77,94.9
Spain_Primera_Division,2025-2026,Real Club Deportivo Mallorca,7,501,14.68,96.2
Spain_Primera_Division,2025-2026,Real Club Deportivo Mallorca,8,581,14.4,95.4
Spain_Primera_Division,2025-2026,Real Club Deportivo Mallorca,9,569,16.22,95.3
Spain_Primera_Division,2025-2026,Real Club Deportivo Mallorca,10,577,15.67,93.2
Spain_Primera_Division,2025-2026,Real Club Deportivo Mallorca,11,790,17.19,88.4
Spain_Primera_Division,2025-2026,Real Club Deportivo Mallorca,12,1013,18.21,83.9
Spain_Primera_Division,2025-2026,Real Club Deportivo Mallorca,13,1021,18.25,81.1
Spain_Primera_Division,2025-2026,Real Club Deportivo Mallorca,14,895,20.21,71.5
Spain_Primera_Division,2025-2026,Real Club Deportivo Mallorca,15,1366,23.52,54.7
Spain_Primera_Division,2025-2026,Levante UD,0,1320,24.06,52.3
Spain_Primera_Division,2025-2026,Levante UD,1,909,20.0,67.7
Spain_Primera_Division,2025-2026,Levante UD,2,1002,18.79,76.8
Spain_Primera_Division,2025-2026,Levante UD,3,897,19.01,86.0
Spain_Primera_Division,2025-2026,Levante UD,4,722,16.38,87.1
Spain_Primera_Division,2025-2026,Levante UD,5,569,13.87,93.5
Spain_Primera_Division,2025-2026,Levante UD,6,515,14.61,96.7
Spain_Primera_Division,2025-2026,Levante UD,7,391,13.81,94.6
Spain_Primera_Division,2025-2026,Levante UD,8,493,13.63,92.9
Spain_Primera_Division,2025-2026,Levante UD,9,564,15.39,95.7
Spain_Primera_Division,2025-2026,Levante UD,10,568,14.65,94.0
Spain_Primera_Division,2025-2026,Levante UD,11,687,16.21,88.4
Spain_Primera_Division,2025-2026,Levante UD,12,1009,18.08,86.9
Spain_Primera_Division,2025-2026,Levante UD,13,998,17.27,82.0
Spain_Primera_Division,2025-2026,Levante UD,14,904,19.86,71.7
Spain_Primera_Division,2025-2026,Levante UD,15,1184,24.96,52.4
Spain_Primera_Division,2025-2026,Real Club Celta de Vigo,0,1346,20.75,63.7
Spain_Primera_Division,2025-2026,Real Club Celta de Vigo,1,1249,18.36,78.6
Spain_Primera_Division,2025-2026,Real Club Celta de Vigo,2,1473,17.82,85.7
Spain_Primera_Division,2025-2026,Real Club Celta de Vigo,3,1522,17.08,90.2
Spain_Primera_Division,2025-2026,Real Club Celta de Vigo,4,1206,16.42,91.9
Spain_Primera_Division,2025-2026,Real Club Celta de Vigo,5,934,15.42,95.5
Spain_Primera_Division,2025-2026,Real Club Celta de Vigo,6,699,15.61,97.0
Spain_Primera_Division,2025-2026,Real Club Celta de Vigo,7,539,14.74,94.6
Spain_Primera_Division,2025-2026,Real Club Celta de Vigo,8,632,13.89,94.0
Spain_Primera_Division,2025-2026,Real Club Celta de Vigo,9,722,15.41,96.4
Spain_Primera_Division,2025-2026,Real Club Celta de Vigo,10,896,15.47,96.1
Spain_Primera_Division,2025-2026,Real Club Celta de Vigo,11,1163,16.68,93.1
Spain_Primera_Division,2025-2026,Real Club Celta de Vigo,12,1538,17.49,90.3
Spain_Primera_Division,2025-2026,Real Club Celta de Vigo,13,1392,18.25,86.9
Spain_Primera_Division,2025-2026,Real Club Celta de Vigo,14,1100,19.16,77.1
Spain_Primera_Division,2025-2026,Real Club Celta de Vigo,15,1200,21.03,62.6
Spain_Primera_Division,2025-2026,CA Osasuna,0,1429,21.35,57.5
Spain_Primera_Division,2025-2026,CA Osasuna,1,1134,18.42,73.5
Spain_Primera_Division,2025-2026,CA Osasuna,2,1109,18.09,78.7
Spain_Primera_Division,2025-2026,CA Osasuna,3,1104,17.87,84.2
Spain_Primera_Division,2025-2026,CA Osasuna,4,861,15.38,88.0
Spain_Primera_Division,2025-2026,CA Osasuna,5,579,14.76,94.0
Spain_Primera_Division,2025-2026,CA Osasuna,6,502,14.87,94.6
Spain_Primera_Division,2025-2026,CA Osasuna,7,467,12.74,92.1
Spain_Primera_Division,2025-2026,CA Osasuna,8,533,12.75,94.6
Spain_Primera_Division,2025-2026,CA Osasuna,9,530,13.96,95.5
Spain_Primera_Division,2025-2026,CA Osasuna,10,632,14.7,95.4
Spain_Primera_Division,2025-2026,CA Osasuna,11,786,16.15,88.9
Spain_Primera_Division,2025-2026,CA Osasuna,12,1060,17.78,81.6
Spain_Primera_Division,2025-2026,CA Osasuna,13,991,18.72,77.3
Spain_Primera_Division,2025-2026,CA Osasuna,14,940,19.07,69.9
Spain_Primera_Division,2025-2026,CA Osasuna,15,1241,22.13,56.2
Spain_Primera_Division,2025-2026,Rayo Vallecano de Madrid,0,1371,24.72,56.5
Spain_Primera_Division,2025-2026,Rayo Vallecano de Madrid,1,1149,22.8,71.0
Spain_Primera_Division,2025-2026,Rayo Vallecano de Madrid,2,1130,18.79,82.4
Spain_Primera_Division,2025-2026,Rayo Vallecano de Madrid,3,1065,17.45,85.8
Spain_Primera_Division,2025-2026,Rayo Vallecano de Madrid,4,931,16.06,88.4
Spain_Primera_Division,2025-2026,Rayo Vallecano de Madrid,5,710,14.93,94.4
Spain_Primera_Division,2025-2026,Rayo Vallecano de Madrid,6,613,15.53,96.1
Spain_Primera_Division,2025-2026,Rayo Vallecano de Madrid,7,506,15.07,93.7
Spain_Primera_Division,2025-2026,Rayo Vallecano de Madrid,8,608,14.83,95.7
Spain_Primera_Division,2025-2026,Rayo Vallecano de Madrid,9,612,16.75,97.2
Spain_Primera_Division,2025-2026,Rayo Vallecano de Madrid,10,675,14.87,94.8
Spain_Primera_Division,2025-2026,Rayo Vallecano de Madrid,11,887,16.03,89.7
Spain_Primera_Division,2025-2026,Rayo Vallecano de Madrid,12,1105,17.85,81.4
Spain_Primera_Division,2025-2026,Rayo Vallecano de Madrid,13,1206,19.15,81.4
Spain_Primera_Division,2025-2026,Rayo Vallecano de Madrid,14,1115,22.45,73.0
Spain_Primera_Division,2025-2026,Rayo Vallecano de Madrid,15,1267,26.12,54.9
Spain_Primera_Division,2025-2026,Deportivo Alavés,0,1288,22.34,55.0
Spain_Primera_Division,2025-2026,Deportivo Alavés,1,917,17.54,69.7
Spain_Primera_Division,2025-2026,Deportivo Alavés,2,1081,16.25,80.7
Spain_Primera_Division,2025-2026,Deportivo Alavés,3,1201,16.06,82.8
Spain_Primera_Division,2025-2026,Deportivo Alavés,4,875,14.97,83.8
Spain_Primera_Division,2025-2026,Deportivo Alavés,5,710,13.87,93.8
Spain_Primera_Division,2025-2026,Deportivo Alavés,6,587,13.74,94.7
Spain_Primera_Division,2025-2026,Deportivo Alavés,7,526,13.8,93.7
Spain_Primera_Division,2025-2026,Deportivo Alavés,8,592,14.61,95.8
Spain_Primera_Division,2025-2026,Deportivo Alavés,9,563,14.49,95.9
Spain_Primera_Division,2025-2026,Deportivo Alavés,10,611,13.74,92.6
Spain_Primera_Division,2025-2026,Deportivo Alavés,11,892,15.08,91.0
Spain_Primera_Division,2025-2026,Deportivo Alavés,12,1134,15.95,85.2
Spain_Primera_Division,2025-2026,Deportivo Alavés,13,1143,16.8,81.0
Spain_Primera_Division,2025-2026,Deportivo Alavés,14,1078,18.91,72.4
Spain_Primera_Division,2025-2026,Deportivo Alavés,15,1386,24.24,56.3
Spain_Primera_Division,2025-2026,Real Madrid CF,0,1540,18.98,74.5
Spain_Primera_Division,2025-2026,Real Madrid CF,1,1605,18.46,82.4
Spain_Primera_Division,2025-2026,Real Madrid CF,2,1851,18.6,88.7
Spain_Primera_Division,2025-2026,Real Madrid CF,3,1758,18.35,90.7
Spain_Primera_Division,2025-2026,Real Madrid CF,4,1457,16.3,94.3
Spain_Primera_Division,2025-2026,Real Madrid CF,5,1008,15.55,96.8
Spain_Primera_Division,2025-2026,Real Madrid CF,6,760,14.98,97.4
Spain_Primera_Division,2025-2026,Real Madrid CF,7,663,13.93,96.8
Spain_Primera_Division,2025-2026,Real Madrid CF,8,708,13.45,95.9
Spain_Primera_Division,2025-2026,Real Madrid CF,9,853,13.85,97.7
Spain_Primera_Division,2025-2026,Real Madrid CF,10,1100,14.78,95.5
Spain_Primera_Division,2025-2026,Real Madrid CF,11,1523,16.89,92.6
Spain_Primera_Division,2025-2026,Real Madrid CF,12,1794,18.31,91.8
Spain_Primera_Division,2025-2026,Real Madrid CF,13,1565,17.62,88.2
Spain_Primera_Division,2025-2026,Real Madrid CF,14,1240,18.0,81.0
Spain_Primera_Division,2025-2026,Real Madrid CF,15,1319,18.83,71.0
Spain_Primera_Division,2025-2026,FC Barcelona,0,1454,18.02,69.5
Spain_Primera_Division,2025-2026,FC Barcelona,1,1612,16.7,81.6
Spain_Primera_Division,2025-2026,FC Barcelona,2,2105,16.77,89.1
Spain_Primera_Division,2025-2026,FC Barcelona,3,1997,16.76,90.7
Spain_Primera_Division,2025-2026,FC Barcelona,4,1579,14.96,93.4
Spain_Primera_Division,2025-2026,FC Barcelona,5,1184,13.77,97.2
Spain_Primera_Division,2025-2026,FC Barcelona,6,886,13.84,97.6
Spain_Primera_Division,2025-2026,FC Barcelona,7,719,12.57,96.4
Spain_Primera_Division,2025-2026,FC Barcelona,8,769,12.81,95.7
Spain_Primera_Division,2025-2026,FC Barcelona,9,967,14.44,97.6
Spain_Primera_Division,2025-2026,FC Barcelona,10,1152,13.79,96.9
Spain_Primera_Division,2025-2026,FC Barcelona,11,1658,15.66,94.2
Spain_Primera_Division,2025-2026,FC Barcelona,12,2240,16.43,91.4
Spain_Primera_Division,2025-2026,FC Barcelona,13,1956,16.88,88.8
Spain_Primera_Division,2025-2026,FC Barcelona,14,1492,16.02,82.0
Spain_Primera_Division,2025-2026,FC Barcelona,15,1378,17.15,73.8
Spain_Primera_Division,2025-2026,Sevilla FC,0,1373,21.36,54.8
Spain_Primera_Division,2025-2026,Sevilla FC,1,1020,19.16,71.5
Spain_Primera_Division,2025-2026,Sevilla FC,2,1112,19.0,82.0
Spain_Primera_Division,2025-2026,Sevilla FC,3,1118,18.15,85.3
Spain_Primera_Division,2025-2026,Sevilla FC,4,900,17.12,91.3
Spain_Primera_Division,2025-2026,Sevilla FC,5,665,16.0,94.1
Spain_Primera_Division,2025-2026,Sevilla FC,6,571,16.76,95.4
Spain_Primera_Division,2025-2026,Sevilla FC,7,543,15.06,95.8
Spain_Primera_Division,2025-2026,Sevilla FC,8,519,14.93,96.7
Spain_Primera_Division,2025-2026,Sevilla FC,9,583,15.51,94.5
Spain_Primera_Division,2025-2026,Sevilla FC,10,682,14.83,92.2
Spain_Primera_Division,2025-2026,Sevilla FC,11,800,16.75,90.6
Spain_Primera_Division,2025-2026,Sevilla FC,12,1181,18.11,87.6
Spain_Primera_Division,2025-2026,Sevilla FC,13,1060,18.33,82.2
Spain_Primera_Division,2025-2026,Sevilla FC,14,1017,19.51,72.2
Spain_Primera_Division,2025-2026,Sevilla FC,15,1299,23.22,55.7
Spain_Primera_Division,2025-2026,Real Sociedad de Fútbol,0,1554,19.36,63.2
Spain_Primera_Division,2025-2026,Real Sociedad de Fútbol,1,1168,18.75,74.1
Spain_Primera_Division,2025-2026,Real Sociedad de Fútbol,2,1273,17.53,82.7
Spain_Primera_Division,2025-2026,Real Sociedad de Fútbol,3,1148,16.92,85.9
Spain_Primera_Division,2025-2026,Real Sociedad de Fútbol,4,976,15.28,88.3
Spain_Primera_Division,2025-2026,Real Sociedad de Fútbol,5,693,14.17,94.5
Spain_Primera_Division,2025-2026,Real Sociedad de Fútbol,6,640,14.47,95.8
Spain_Primera_Division,2025-2026,Real Sociedad de Fútbol,7,544,14.26,96.7
Spain_Primera_Division,2025-2026,Real Sociedad de Fútbol,8,596,14.25,95.5
Spain_Primera_Division,2025-2026,Real Sociedad de Fútbol,9,634,15.8,97.3
Spain_Primera_Division,2025-2026,Real Sociedad de Fútbol,10,697,15.02,93.7
Spain_Primera_Division,2025-2026,Real Sociedad de Fútbol,11,841,15.84,87.6
Spain_Primera_Division,2025-2026,Real Sociedad de Fútbol,12,1325,17.07,85.3
Spain_Primera_Division,2025-2026,Real Sociedad de Fútbol,13,1231,17.95,82.2
Spain_Primera_Division,2025-2026,Real Sociedad de Fútbol,14,1137,19.06,76.5
Spain_Primera_Division,2025-2026,Real Sociedad de Fútbol,15,1410,19.25,63.0
Spain_Primera_Division,2025-2026,Villarreal CF,0,1220,22.29,54.3
Spain_Primera_Division,2025-2026,Villarreal CF,1,1014,19.14,76.4
Spain_Primera_Division,2025-2026,Villarreal CF,2,1200,18.15,83.8
Spain_Primera_Division,2025-2026,Villarreal CF,3,1190,17.14,87.7
Spain_Primera_Division,2025-2026,Villarreal CF,4,938,15.25,91.6
Spain_Primera_Division,2025-2026,Villarreal CF,5,684,14.42,93.1
Spain_Primera_Division,2025-2026,Villarreal CF,6,497,12.99,93.8
Spain_Primera_Division,2025-2026,Villarreal CF,7,455,13.83,96.3
Spain_Primera_Division,2025-2026,Villarreal CF,8,437,13.96,93.1
Spain_Primera_Division,2025-2026,Villarreal CF,9,502,14.12,97.4
Spain_Primera_Division,2025-2026,Villarreal CF,10,608,14.61,95.4
Spain_Primera_Division,2025-2026,Villarreal CF,11,938,15.84,90.5
Spain_Primera_Division,2025-2026,Villarreal CF,12,1259,16.82,86.6
Spain_Primera_Division,2025-2026,Villarreal CF,13,1237,18.59,81.7
Spain_Primera_Division,2025-2026,Villarreal CF,14,1088,19.24,73.8
Spain_Primera_Division,2025-2026,Villarreal CF,15,1111,21.54,61.4
Spain_Primera_Division,2025-2026,Valencia CF,0,1334,22.6,58.2
Spain_Primera_Division,2025-2026,Valencia CF,1,1008,18.61,74.6
Spain_Primera_Division,2025-2026,Valencia CF,2,1153,17.63,79.0
Spain_Primera_Division,2025-2026,Valencia CF,3,1112,17.34,84.8
Spain_Primera_Division,2025-2026,Valencia CF,4,995,16.03,88.3
Spain_Primera_Division,2025-2026,Valencia CF,5,722,14.48,93.4
Spain_Primera_Division,2025-2026,Valencia CF,6,557,15.18,95.7
Spain_Primera_Division,2025-2026,Valencia CF,7,469,13.56,93.4
Spain_Primera_Division,2025-2026,Valencia CF,8,513,14.01,92.8
Spain_Primera_Division,2025-2026,Valencia CF,9,590,14.6,94.4
Spain_Primera_Division,2025-2026,Valencia CF,10,702,14.69,93.2
Spain_Primera_Division,2025-2026,Valencia CF,11,921,15.94,90.9
Spain_Primera_Division,2025-2026,Valencia CF,12,1164,17.76,82.6
Spain_Primera_Division,2025-2026,Valencia CF,13,1123,19.29,81.1
Spain_Primera_Division,2025-2026,Valencia CF,14,1063,19.61,72.1
Spain_Primera_Division,2025-2026,Valencia CF,15,1233,22.84,56.9
France_Ligue_1,2025-2026,Le Havre AC,0,1238,23.34,55.3
France_Ligue_1,2025-2026,Le Havre AC,1,841,20.51,71.7
France_Ligue_1,2025-2026,Le Havre AC,2,990,17.97,81.5
France_Ligue_1,2025-2026,Le Havre AC,3,1084,18.41,82.7
France_Ligue_1,2025-2026,Le Havre AC,4,715,16.68,88.4
France_Ligue_1,2025-2026,Le Havre AC,5,523,15.18,93.9
France_Ligue_1,2025-2026,Le Havre AC,6,445,15.77,95.3
France_Ligue_1,2025-2026,Le Havre AC,7,451,14.06,93.8
France_Ligue_1,2025-2026,Le Havre AC,8,420,13.38,94.5
France_Ligue_1,2025-2026,Le Havre AC,9,470,15.9,96.4
France_Ligue_1,2025-2026,Le Havre AC,10,583,15.13,95.5
France_Ligue_1,2025-2026,Le Havre AC,11,707,16.9,87.7
France_Ligue_1,2025-2026,Le Havre AC,12,997,18.36,82.1
France_Ligue_1,2025-2026,Le Havre AC,13,962,18.78,80.8
France_Ligue_1,2025-2026,Le Havre AC,14,787,19.6,69.1
France_Ligue_1,2025-2026,Le Havre AC,15,1169,23.77,57.5
France_Ligue_1,2025-2026,Stade Brestois 29,0,1228,25.54,51.4
France_Ligue_1,2025-2026,Stade Brestois 29,1,887,20.93,65.8
France_Ligue_1,2025-2026,Stade Brestois 29,2,967,19.79,77.9
France_Ligue_1,2025-2026,Stade Brestois 29,3,849,18.7,82.4
France_Ligue_1,2025-2026,Stade Brestois 29,4,671,17.5,89.7
France_Ligue_1,2025-2026,Stade Brestois 29,5,554,15.97,91.7
France_Ligue_1,2025-2026,Stade Brestois 29,6,546,16.25,94.0
France_Ligue_1,2025-2026,Stade Brestois 29,7,431,15.24,93.0
France_Ligue_1,2025-2026,Stade Brestois 29,8,490,14.63,93.9
France_Ligue_1,2025-2026,Stade Brestois 29,9,533,14.56,94.4
France_Ligue_1,2025-2026,Stade Brestois 29,10,599,15.3,93.2
France_Ligue_1,2025-2026,Stade Brestois 29,11,693,17.84,92.6
France_Ligue_1,2025-2026,Stade Brestois 29,12,894,19.07,87.0
France_Ligue_1,2025-2026,Stade Brestois 29,13,926,19.61,76.8
France_Ligue_1,2025-2026,Stade Brestois 29,14,799,20.04,68.2
France_Ligue_1,2025-2026,Stade Brestois 29,15,1026,23.57,52.1
France_Ligue_1,2025-2026,Paris Saint-Germain FC,0,1410,17.33,75.7
France_Ligue_1,2025-2026,Paris Saint-Germain FC,1,1515,16.24,86.7
France_Ligue_1,2025-2026,Paris Saint-Germain FC,2,1789,17.18,89.1
France_Ligue_1,2025-2026,Paris Saint-Germain FC,3,2129,17.11,92.0
France_Ligue_1,2025-2026,Paris Saint-Germain FC,4,2006,16.25,94.5
France_Ligue_1,2025-2026,Paris Saint-Germain FC,5,1347,14.86,97.0
France_Ligue_1,2025-2026,Paris Saint-Germain FC,6,984,14.48,97.4
France_Ligue_1,2025-2026,Paris Saint-Germain FC,7,754,13.81,95.8
France_Ligue_1,2025-2026,Paris Saint-Germain FC,8,807,13.65,96.5
France_Ligue_1,2025-2026,Paris Saint-Germain FC,9,990,13.67,96.8
France_Ligue_1,2025-2026,Paris Saint-Germain FC,10,1288,14.48,96.3
France_Ligue_1,2025-2026,Paris Saint-Germain FC,11,1893,16.88,93.9
France_Ligue_1,2025-2026,Paris Saint-Germain FC,12,2033,17.1,92.1
France_Ligue_1,2025-2026,Paris Saint-Germain FC,13,1907,17.25,90.8
France_Ligue_1,2025-2026,Paris Saint-Germain FC,14,1522,16.82,85.0
France_Ligue_1,2025-2026,Paris Saint-Germain FC,15,1369,18.6,72.5
France_Ligue_1,2025-2026,FC Lorient,0,1260,21.71,61.1
France_Ligue_1,2025-2026,FC Lorient,1,946,18.02,75.2
France_Ligue_1,2025-2026,FC Lorient,2,1138,17.95,83.7
France_Ligue_1,2025-2026,FC Lorient,3,951,17.84,85.6
France_Ligue_1,2025-2026,FC Lorient,4,815,15.89,91.8
France_Ligue_1,2025-2026,FC Lorient,5,712,15.91,95.4
France_Ligue_1,2025-2026,FC Lorient,6,614,15.53,96.7
France_Ligue_1,2025-2026,FC Lorient,7,528,14.18,94.9
France_Ligue_1,2025-2026,FC Lorient,8,556,14.09,94.8
France_Ligue_1,2025-2026,FC Lorient,9,619,14.93,95.2
France_Ligue_1,2025-2026,FC Lorient,10,708,15.14,96.0
France_Ligue_1,2025-2026,FC Lorient,11,785,17.11,90.6
France_Ligue_1,2025-2026,FC Lorient,12,987,18.46,87.9
France_Ligue_1,2025-2026,FC Lorient,13,1078,18.66,84.7
France_Ligue_1,2025-2026,FC Lorient,14,944,18.34,75.6
France_Ligue_1,2025-2026,FC Lorient,15,1184,20.96,62.6
France_Ligue_1,2025-2026,Olympique de Marseille,0,1345,18.03,67.4
France_Ligue_1,2025-2026,Olympique de Marseille,1,1265,17.7,79.9
France_Ligue_1,2025-2026,Olympique de Marseille,2,1535,17.77,87.2
France_Ligue_1,2025-2026,Olympique de Marseille,3,1360,17.27,88.6
France_Ligue_1,2025-2026,Olympique de Marseille,4,1167,15.84,91.3
France_Ligue_1,2025-2026,Olympique de Marseille,5,937,13.84,95.2
France_Ligue_1,2025-2026,Olympique de Marseille,6,739,14.23,96.9
France_Ligue_1,2025-2026,Olympique de Marseille,7,584,12.83,97.3
France_Ligue_1,2025-2026,Olympique de Marseille,8,713,12.63,96.1
France_Ligue_1,2025-2026,Olympique de Marseille,9,748,13.2,96.7
France_Ligue_1,2025-2026,Olympique de Marseille,10,954,13.67,97.0
France_Ligue_1,2025-2026,Olympique de Marseille,11,1175,15.54,93.4
France_Ligue_1,2025-2026,Olympique de Marseille,12,1389,16.74,87.9
France_Ligue_1,2025-2026,Olympique de Marseille,13,1436,17.4,88.6
France_Ligue_1,2025-2026,Olympique de Marseille,14,1277,17.12,82.1
France_Ligue_1,2025-2026,Olympique de Marseille,15,1233,18.3,69.3
France_Ligue_1,2025-2026,Angers Sporting Club de l'Ouest,0,1261,21.32,58.5
France_Ligue_1,2025-2026,Angers Sporting Club de l'Ouest,1,935,18.4,72.8
France_Ligue_1,2025-2026,Angers Sporting Club de l'Ouest,2,1005,17.01,82.9
France_Ligue_1,2025-2026,Angers Sporting Club de l'Ouest,3,1062,17.66,86.7
France_Ligue_1,2025-2026,Angers Sporting Club de l'Ouest,4,841,16.43,90.1
France_Ligue_1,2025-2026,Angers Sporting Club de l'Ouest,5,615,14.9,94.5
France_Ligue_1,2025-2026,Angers Sporting Club de l'Ouest,6,447,14.54,94.9
France_Ligue_1,2025-2026,Angers Sporting Club de l'Ouest,7,420,13.18,94.3
France_Ligue_1,2025-2026,Angers Sporting Club de l'Ouest,8,471,12.37,91.7
France_Ligue_1,2025-2026,Angers Sporting Club de l'Ouest,9,486,13.48,94.7
France_Ligue_1,2025-2026,Angers Sporting Club de l'Ouest,10,565,14.17,91.2
France_Ligue_1,2025-2026,Angers Sporting Club de l'Ouest,11,767,16.39,88.8
France_Ligue_1,2025-2026,Angers Sporting Club de l'Ouest,12,1119,17.37,86.0
France_Ligue_1,2025-2026,Angers Sporting Club de l'Ouest,13,991,17.27,82.5
France_Ligue_1,2025-2026,Angers Sporting Club de l'Ouest,14,873,18.79,74.5
France_Ligue_1,2025-2026,Angers Sporting Club de l'Ouest,15,1168,20.52,62.5
France_Ligue_1,2025-2026,FC Metz,0,1234,21.92,60.5
France_Ligue_1,2025-2026,FC Metz,1,994,19.38,78.4
France_Ligue_1,2025-2026,FC Metz,2,1139,18.85,84.3
France_Ligue_1,2025-2026,FC Metz,3,1119,17.92,87.8
France_Ligue_1,2025-2026,FC Metz,4,928,17.07,92.9
France_Ligue_1,2025-2026,FC Metz,5,781,15.55,95.4
France_Ligue_1,2025-2026,FC Metz,6,625,15.07,96.6
France_Ligue_1,2025-2026,FC Metz,7,520,13.92,96.7
France_Ligue_1,2025-2026,FC Metz,8,674,13.61,96.3
France_Ligue_1,2025-2026,FC Metz,9,625,14.64,96.5
France_Ligue_1,2025-2026,FC Metz,10,747,15.01,96.9
France_Ligue_1,2025-2026,FC Metz,11,962,17.12,91.4
France_Ligue_1,2025-2026,FC Metz,12,1205,18.23,87.1
France_Ligue_1,2025-2026,FC Metz,13,1157,18.79,82.9
France_Ligue_1,2025-2026,FC Metz,14,993,19.28,77.3
France_Ligue_1,2025-2026,FC Metz,15,1036,21.09,59.9
France_Ligue_1,2025-2026,Racing Club de Lens,0,1339,20.36,64.7
France_Ligue_1,2025-2026,Racing Club de Lens,1,1092,17.55,77.8
France_Ligue_1,2025-2026,Racing Club de Lens,2,1266,18.01,82.9
France_Ligue_1,2025-2026,Racing Club de Lens,3,1326,17.77,86.7
France_Ligue_1,2025-2026,Racing Club de Lens,4,960,15.99,89.6
France_Ligue_1,2025-2026,Racing Club de Lens,5,696,14.45,94.7
France_Ligue_1,2025-2026,Racing Club de Lens,6,591,14.68,93.7
France_Ligue_1,2025-2026,Racing Club de Lens,7,537,13.33,94.6
France_Ligue_1,2025-2026,Racing Club de Lens,8,497,13.91,95.6
France_Ligue_1,2025-2026,Racing Club de Lens,9,634,14.06,96.1
France_Ligue_1,2025-2026,Racing Club de Lens,10,689,14.18,93.9
France_Ligue_1,2025-2026,Racing Club de Lens,11,893,16.3,91.0
France_Ligue_1,2025-2026,Racing Club de Lens,12,1343,17.91,85.8
France_Ligue_1,2025-2026,Racing Club de Lens,13,1318,18.6,83.6
France_Ligue_1,2025-2026,Racing Club de Lens,14,992,17.86,75.1
France_Ligue_1,2025-2026,Racing Club de Lens,15,1250,20.56,64.2
France_Ligue_1,2025-2026,FC Nantes,0,1254,23.3,55.1
France_Ligue_1,2025-2026,FC Nantes,1,815,20.05,67.4
France_Ligue_1,2025-2026,FC Nantes,2,810,18.78,77.8
France_Ligue_1,2025-2026,FC Nantes,3,803,18.11,84.8
France_Ligue_1,2025-2026,FC Nantes,4,725,16.93,87.6
France_Ligue_1,2025-2026,FC Nantes,5,522,15.77,95.6
France_Ligue_1,2025-2026,FC Nantes,6,416,14.81,93.3
France_Ligue_1,2025-2026,FC Nantes,7,342,14.42,93.3
France_Ligue_1,2025-2026,FC Nantes,8,362,13.74,90.1
France_Ligue_1,2025-2026,FC Nantes,9,418,15.01,95.9
France_Ligue_1,2025-2026,FC Nantes,10,495,15.19,93.3
France_Ligue_1,2025-2026,FC Nantes,11,642,16.9,89.7
France_Ligue_1,2025-2026,FC Nantes,12,875,18.06,85.6
France_Ligue_1,2025-2026,FC Nantes,13,822,17.81,80.2
France_Ligue_1,2025-2026,FC Nantes,14,757,19.29,68.7
France_Ligue_1,2025-2026,FC Nantes,15,1181,23.58,55.3
France_Ligue_1,2025-2026,AS Monaco FC,0,1329,19.48,61.1
France_Ligue_1,2025-2026,AS Monaco FC,1,1220,17.63,74.3
France_Ligue_1,2025-2026,AS Monaco FC,2,1389,17.16,83.9
France_Ligue_1,2025-2026,AS Monaco FC,3,1262,17.1,86.0
France_Ligue_1,2025-2026,AS Monaco FC,4,945,15.74,89.3
France_Ligue_1,2025-2026,AS Monaco FC,5,678,14.19,94.1
France_Ligue_1,2025-2026,AS Monaco FC,6,601,13.8,95.8
France_Ligue_1,2025-2026,AS Monaco FC,7,582,13.18,95.9
France_Ligue_1,2025-2026,AS Monaco FC,8,582,12.4,93.8
France_Ligue_1,2025-2026,AS Monaco FC,9,617,13.41,95.8
France_Ligue_1,2025-2026,AS Monaco FC,10,688,13.83,95.1
France_Ligue_1,2025-2026,AS Monaco FC,11,885,16.19,89.4
France_Ligue_1,2025-2026,AS Monaco FC,12,1177,17.22,87.7
France_Ligue_1,2025-2026,AS Monaco FC,13,1279,17.65,84.1
France_Ligue_1,2025-2026,AS Monaco FC,14,1088,17.73,75.3
France_Ligue_1,2025-2026,AS Monaco FC,15,1300,19.04,62.2
France_Ligue_1,2025-2026,Lille OSC,0,1414,20.37,66.7
France_Ligue_1,2025-2026,Lille OSC,1,1152,18.64,75.5
France_Ligue_1,2025-2026,Lille OSC,2,1333,17.7,86.0
France_Ligue_1,2025-2026,Lille OSC,3,1266,17.66,85.9
France_Ligue_1,2025-2026,Lille OSC,4,1045,16.51,89.0
France_Ligue_1,2025-2026,Lille OSC,5,790,16.07,94.2
France_Ligue_1,2025-2026,Lille OSC,6,624,16.15,97.0
France_Ligue_1,2025-2026,Lille OSC,7,544,14.16,94.3
France_Ligue_1,2025-2026,Lille OSC,8,566,14.01,93.8
France_Ligue_1,2025-2026,Lille OSC,9,668,14.54,93.9
France_Ligue_1,2025-2026,Lille OSC,10,811,14.81,93.0
France_Ligue_1,2025-2026,Lille OSC,11,1020,16.95,89.8
France_Ligue_1,2025-2026,Lille OSC,12,1409,18.05,87.9
France_Ligue_1,2025-2026,Lille OSC,13,1289,17.89,82.9
France_Ligue_1,2025-2026,Lille OSC,14,1020,17.85,74.5
France_Ligue_1,2025-2026,Lille OSC,15,1152,19.77,65.5
France_Ligue_1,2025-2026,OGC Nice Côte d'Azur,0,1225,19.41,62.1
France_Ligue_1,2025-2026,OGC Nice Côte d'Azur,1,1042,17.94,73.2
France_Ligue_1,2025-2026,OGC Nice Côte d'Azur,2,1136,17.63,79.2
France_Ligue_1,2025-2026,OGC Nice Côte d'Azur,3,1050,17.6,85.0
France_Ligue_1,2025-2026,OGC Nice Côte d'Azur,4,802,15.52,88.4
France_Ligue_1,2025-2026,OGC Nice Côte d'Azur,5,681,14.42,94.6
France_Ligue_1,2025-2026,OGC Nice Côte d'Azur,6,561,14.69,96.3
France_Ligue_1,2025-2026,OGC Nice Côte d'Azur,7,393,13.49,93.6
France_Ligue_1,2025-2026,OGC Nice Côte d'Azur,8,484,13.91,97.5
France_Ligue_1,2025-2026,OGC Nice Côte d'Azur,9,545,14.06,95.6
France_Ligue_1,2025-2026,OGC Nice Côte d'Azur,10,573,13.67,95.5
France_Ligue_1,2025-2026,OGC Nice Côte d'Azur,11,793,15.71,92.2
France_Ligue_1,2025-2026,OGC Nice Côte d'Azur,12,1062,17.48,86.9
France_Ligue_1,2025-2026,OGC Nice Côte d'Azur,13,1146,18.33,80.3
France_Ligue_1,2025-2026,OGC Nice Côte d'Azur,14,978,17.9,74.3
France_Ligue_1,2025-2026,OGC Nice Côte d'Azur,15,1130,21.32,59.6
France_Ligue_1,2025-2026,Olympique Lyonnais,0,1321,20.37,65.1
France_Ligue_1,2025-2026,Olympique Lyonnais,1,1086,18.98,77.5
France_Ligue_1,2025-2026,Olympique Lyonnais,2,1300,18.53,82.9
France_Ligue_1,2025-2026,Olympique Lyonnais,3,1168,17.2,87.3
France_Ligue_1,2025-2026,Olympique Lyonnais,4,1058,15.71,91.2
France_Ligue_1,2025-2026,Olympique Lyonnais,5,759,15.21,95.5
France_Ligue_1,2025-2026,Olympique Lyonnais,6,595,14.61,96.3
France_Ligue_1,2025-2026,Olympique Lyonnais,7,494,13.92,92.3
France_Ligue_1,2025-2026,Olympique Lyonnais,8,578,13.33,96.0
France_Ligue_1,2025-2026,Olympique Lyonnais,9,609,14.46,95.4
France_Ligue_1,2025-2026,Olympique Lyonnais,10,763,14.75,94.1
France_Ligue_1,2025-2026,Olympique Lyonnais,11,968,16.99,92.1
France_Ligue_1,2025-2026,Olympique Lyonnais,12,1213,17.94,86.4
France_Ligue_1,2025-2026,Olympique Lyonnais,13,1215,18.62,83.0
France_Ligue_1,2025-2026,Olympique Lyonnais,14,978,17.92,74.7
France_Ligue_1,2025-2026,Olympique Lyonnais,15,1146,20.38,64.5
France_Ligue_1,2025-2026,Paris FC,0,1354,22.13,60.3
France_Ligue_1,2025-2026,Paris FC,1,1030,19.26,75.0
France_Ligue_1,2025-2026,Paris FC,2,1249,17.89,84.3
France_Ligue_1,2025-2026,Paris FC,3,1177,18.47,89.0
France_Ligue_1,2025-2026,Paris FC,4,979,17.14,92.8
France_Ligue_1,2025-2026,Paris FC,5,713,15.24,94.5
France_Ligue_1,2025-2026,Paris FC,6,611,15.11,95.3
France_Ligue_1,2025-2026,Paris FC,7,557,14.67,95.9
France_Ligue_1,2025-2026,Paris FC,8,571,13.77,94.2
France_Ligue_1,2025-2026,Paris FC,9,660,15.72,97.6
France_Ligue_1,2025-2026,Paris FC,10,799,15.11,96.0
France_Ligue_1,2025-2026,Paris FC,11,948,16.82,92.1
France_Ligue_1,2025-2026,Paris FC,12,1221,18.39,84.8
France_Ligue_1,2025-2026,Paris FC,13,1184,18.31,86.1
France_Ligue_1,2025-2026,Paris FC,14,976,17.89,79.6
France_Ligue_1,2025-2026,Paris FC,15,1304,22.02,62.9
France_Ligue_1,2025-2026,Association Jeunesse Auxerroise,0,1248,23.3,57.8
France_Ligue_1,2025-2026,Association Jeunesse Auxerroise,1,866,19.88,70.4
France_Ligue_1,2025-2026,Association Jeunesse Auxerroise,2,849,17.1,84.1
France_Ligue_1,2025-2026,Association Jeunesse Auxerroise,3,889,17.26,82.9
France_Ligue_1,2025-2026,Association Jeunesse Auxerroise,4,730,16.39,86.0
France_Ligue_1,2025-2026,Association Jeunesse Auxerroise,5,572,14.78,95.3
France_Ligue_1,2025-2026,Association Jeunesse Auxerroise,6,519,14.93,96.0
France_Ligue_1,2025-2026,Association Jeunesse Auxerroise,7,450,13.74,93.8
France_Ligue_1,2025-2026,Association Jeunesse Auxerroise,8,532,14.15,94.7
France_Ligue_1,2025-2026,Association Jeunesse Auxerroise,9,529,14.54,95.1
France_Ligue_1,2025-2026,Association Jeunesse Auxerroise,10,602,15.07,94.2
France_Ligue_1,2025-2026,Association Jeunesse Auxerroise,11,684,16.4,90.1
France_Ligue_1,2025-2026,Association Jeunesse Auxerroise,12,893,17.51,83.3
France_Ligue_1,2025-2026,Association Jeunesse Auxerroise,13,798,18.2,81.5
France_Ligue_1,2025-2026,Association Jeunesse Auxerroise,14,833,19.5,70.6
France_Ligue_1,2025-2026,Association Jeunesse Auxerroise,15,1184,23.8,57.8
France_Ligue_1,2025-2026,RC Strasbourg Alsace,0,1244,18.98,67.6
France_Ligue_1,2025-2026,RC Strasbourg Alsace,1,1167,17.73,79.1
France_Ligue_1,2025-2026,RC Strasbourg Alsace,2,1303,16.64,86.2
France_Ligue_1,2025-2026,RC Strasbourg Alsace,3,1384,16.3,87.4
France_Ligue_1,2025-2026,RC Strasbourg Alsace,4,1168,15.52,94.8
France_Ligue_1,2025-2026,RC Strasbourg Alsace,5,971,14.35,96.6
France_Ligue_1,2025-2026,RC Strasbourg Alsace,6,692,13.62,95.8
France_Ligue_1,2025-2026,RC Strasbourg Alsace,7,591,12.93,94.2
France_Ligue_1,2025-2026,RC Strasbourg Alsace,8,563,13.03,94.0
France_Ligue_1,2025-2026,RC Strasbourg Alsace,9,654,13.92,95.6
France_Ligue_1,2025-2026,RC Strasbourg Alsace,10,829,13.99,97.1
France_Ligue_1,2025-2026,RC Strasbourg Alsace,11,1121,15.06,93.0
France_Ligue_1,2025-2026,RC Strasbourg Alsace,12,1615,16.29,90.5
France_Ligue_1,2025-2026,RC Strasbourg Alsace,13,1399,17.53,87.0
France_Ligue_1,2025-2026,RC Strasbourg Alsace,14,1071,17.54,80.9
France_Ligue_1,2025-2026,RC Strasbourg Alsace,15,1227,18.97,70.7
France_Ligue_1,2025-2026,Stade Rennais FC,0,1437,21.17,63.3
France_Ligue_1,2025-2026,Stade Rennais FC,1,1289,17.7,77.8
France_Ligue_1,2025-2026,Stade Rennais FC,2,1149,17.26,83.3
France_Ligue_1,2025-2026,Stade Rennais FC,3,1143,18.01,86.0
France_Ligue_1,2025-2026,Stade Rennais FC,4,960,15.85,90.0
France_Ligue_1,2025-2026,Stade Rennais FC,5,780,14.96,95.5
France_Ligue_1,2025-2026,Stade Rennais FC,6,681,14.52,96.3
France_Ligue_1,2025-2026,Stade Rennais FC,7,583,13.82,94.5
France_Ligue_1,2025-2026,Stade Rennais FC,8,635,13.69,95.6
France_Ligue_1,2025-2026,Stade Rennais FC,9,614,13.95,95.8
France_Ligue_1,2025-2026,Stade Rennais FC,10,709,14.37,94.4
France_Ligue_1,2025-2026,Stade Rennais FC,11,924,15.83,88.2
France_Ligue_1,2025-2026,Stade Rennais FC,12,1151,17.82,86.4
France_Ligue_1,2025-2026,Stade Rennais FC,13,1186,17.98,83.9
France_Ligue_1,2025-2026,Stade Rennais FC,14,1119,17.99,74.9
France_Ligue_1,2025-2026,Stade Rennais FC,15,1251,21.28,63.0
France_Ligue_1,2025-2026,Toulouse FC,0,1148,22.41,58.1
France_Ligue_1,2025-2026,Toulouse FC,1,930,18.7,69.0
France_Ligue_1,2025-2026,Toulouse FC,2,970,18.43,79.7
France_Ligue_1,2025-2026,Toulouse FC,3,946,16.9,83.9
France_Ligue_1,2025-2026,Toulouse FC,4,763,15.97,87.8
France_Ligue_1,2025-2026,Toulouse FC,5,577,14.27,95.0
France_Ligue_1,2025-2026,Toulouse FC,6,419,14.03,95.2
France_Ligue_1,2025-2026,Toulouse FC,7,369,13.67,94.3
France_Ligue_1,2025-2026,Toulouse FC,8,375,14.33,94.9
France_Ligue_1,2025-2026,Toulouse FC,9,484,14.78,95.2
France_Ligue_1,2025-2026,Toulouse FC,10,516,14.1,94.0
France_Ligue_1,2025-2026,Toulouse FC,11,762,16.3,91.7
France_Ligue_1,2025-2026,Toulouse FC,12,942,16.69,87.7
France_Ligue_1,2025-2026,Toulouse FC,13,991,16.7,85.0
France_Ligue_1,2025-2026,Toulouse FC,14,914,19.03,74.0
France_Ligue_1,2025-2026,Toulouse FC,15,1019,20.97,62.3
Portugal_Primeira_Liga,2025-2026,AVS Futebol,0,1158,23.29,50.4
Portugal_Primeira_Liga,2025-2026,AVS Futebol,1,753,20.3,58.8
Portugal_Primeira_Liga,2025-2026,AVS Futebol,2,727,18.58,72.1
Portugal_Primeira_Liga,2025-2026,AVS Futebol,3,655,17.92,82.4
Portugal_Primeira_Liga,2025-2026,AVS Futebol,4,573,16.61,86.7
Portugal_Primeira_Liga,2025-2026,AVS Futebol,5,417,14.79,93.5
Portugal_Primeira_Liga,2025-2026,AVS Futebol,6,324,15.27,94.8
Portugal_Primeira_Liga,2025-2026,AVS Futebol,7,274,13.64,93.4
Portugal_Primeira_Liga,2025-2026,AVS Futebol,8,311,14.41,93.6
Portugal_Primeira_Liga,2025-2026,AVS Futebol,9,351,14.42,94.9
Portugal_Primeira_Liga,2025-2026,AVS Futebol,10,426,15.28,92.5
Portugal_Primeira_Liga,2025-2026,AVS Futebol,11,522,15.76,86.0
Portugal_Primeira_Liga,2025-2026,AVS Futebol,12,701,17.9,80.5
Portugal_Primeira_Liga,2025-2026,AVS Futebol,13,764,19.67,71.5
Portugal_Primeira_Liga,2025-2026,AVS Futebol,14,790,20.49,63.4
Portugal_Primeira_Liga,2025-2026,AVS Futebol,15,1157,24.93,50.6
Portugal_Primeira_Liga,2025-2026,CD Tondela,0,1184,23.7,58.3
Portugal_Primeira_Liga,2025-2026,CD Tondela,1,943,20.69,66.3
Portugal_Primeira_Liga,2025-2026,CD Tondela,2,877,19.85,74.6
Portugal_Primeira_Liga,2025-2026,CD Tondela,3,859,18.42,81.8
Portugal_Primeira_Liga,2025-2026,CD Tondela,4,628,16.19,88.2
Portugal_Primeira_Liga,2025-2026,CD Tondela,5,449,14.28,92.9
Portugal_Primeira_Liga,2025-2026,CD Tondela,6,386,14.86,94.3
Portugal_Primeira_Liga,2025-2026,CD Tondela,7,398,14.57,95.2
Portugal_Primeira_Liga,2025-2026,CD Tondela,8,387,14.76,95.3
Portugal_Primeira_Liga,2025-2026,CD Tondela,9,469,15.44,93.8
Portugal_Primeira_Liga,2025-2026,CD Tondela,10,512,15.29,94.1
Portugal_Primeira_Liga,2025-2026,CD Tondela,11,643,16.09,88.6
Portugal_Primeira_Liga,2025-2026,CD Tondela,12,877,17.52,82.7
Portugal_Primeira_Liga,2025-2026,CD Tondela,13,865,18.63,77.2
Portugal_Primeira_Liga,2025-2026,CD Tondela,14,774,20.32,68.7
Portugal_Primeira_Liga,2025-2026,CD Tondela,15,1145,24.37,56.3
Portugal_Primeira_Liga,2025-2026,FC Arouca,0,1312,22.63,58.8
Portugal_Primeira_Liga,2025-2026,FC Arouca,1,1045,18.81,74.1
Portugal_Primeira_Liga,2025-2026,FC Arouca,2,1110,18.52,82.5
Portugal_Primeira_Liga,2025-2026,FC Arouca,3,1050,18.17,85.7
Portugal_Primeira_Liga,2025-2026,FC Arouca,4,834,16.8,91.0
Portugal_Primeira_Liga,2025-2026,FC Arouca,5,643,15.41,96.3
Portugal_Primeira_Liga,2025-2026,FC Arouca,6,536,16.07,97.8
Portugal_Primeira_Liga,2025-2026,FC Arouca,7,486,14.83,95.3
Portugal_Primeira_Liga,2025-2026,FC Arouca,8,506,14.38,93.7
Portugal_Primeira_Liga,2025-2026,FC Arouca,9,639,15.93,97.5
Portugal_Primeira_Liga,2025-2026,FC Arouca,10,654,15.15,96.5
Portugal_Primeira_Liga,2025-2026,FC Arouca,11,854,16.96,91.9
Portugal_Primeira_Liga,2025-2026,FC Arouca,12,1003,18.06,87.7
Portugal_Primeira_Liga,2025-2026,FC Arouca,13,1027,18.88,81.6
Portugal_Primeira_Liga,2025-2026,FC Arouca,14,1024,21.18,69.3
Portugal_Primeira_Liga,2025-2026,FC Arouca,15,1157,23.8,58.4
Portugal_Primeira_Liga,2025-2026,Moreirense FC,0,1310,21.48,57.6
Portugal_Primeira_Liga,2025-2026,Moreirense FC,1,1004,18.89,73.7
Portugal_Primeira_Liga,2025-2026,Moreirense FC,2,1152,18.08,84.7
Portugal_Primeira_Liga,2025-2026,Moreirense FC,3,1079,17.13,88.8
Portugal_Primeira_Liga,2025-2026,Moreirense FC,4,955,16.94,90.3
Portugal_Primeira_Liga,2025-2026,Moreirense FC,5,647,15.48,94.6
Portugal_Primeira_Liga,2025-2026,Moreirense FC,6,548,15.27,94.9
Portugal_Primeira_Liga,2025-2026,Moreirense FC,7,427,13.98,94.6
Portugal_Primeira_Liga,2025-2026,Moreirense FC,8,512,14.4,95.1
Portugal_Primeira_Liga,2025-2026,Moreirense FC,9,572,15.38,95.1
Portugal_Primeira_Liga,2025-2026,Moreirense FC,10,689,15.67,94.9
Portugal_Primeira_Liga,2025-2026,Moreirense FC,11,938,16.13,93.2
Portugal_Primeira_Liga,2025-2026,Moreirense FC,12,1142,17.28,86.1
Portugal_Primeira_Liga,2025-2026,Moreirense FC,13,1051,18.42,84.2
Portugal_Primeira_Liga,2025-2026,Moreirense FC,14,1030,20.05,76.2
Portugal_Primeira_Liga,2025-2026,Moreirense FC,15,1210,22.81,59.5
Portugal_Primeira_Liga,2025-2026,Casa Pia AC,0,1204,24.21,46.6
Portugal_Primeira_Liga,2025-2026,Casa Pia AC,1,791,20.26,60.3
Portugal_Primeira_Liga,2025-2026,Casa Pia AC,2,694,19.02,74.9
Portugal_Primeira_Liga,2025-2026,Casa Pia AC,3,702,17.98,78.1
Portugal_Primeira_Liga,2025-2026,Casa Pia AC,4,579,17.22,85.0
Portugal_Primeira_Liga,2025-2026,Casa Pia AC,5,406,15.14,92.1
Portugal_Primeira_Liga,2025-2026,Casa Pia AC,6,320,15.97,95.6
Portugal_Primeira_Liga,2025-2026,Casa Pia AC,7,310,15.1,94.5
Portugal_Primeira_Liga,2025-2026,Casa Pia AC,8,365,14.18,94.0
Portugal_Primeira_Liga,2025-2026,Casa Pia AC,9,347,16.27,92.8
Portugal_Primeira_Liga,2025-2026,Casa Pia AC,10,401,15.67,95.0
Portugal_Primeira_Liga,2025-2026,Casa Pia AC,11,547,16.79,85.7
Portugal_Primeira_Liga,2025-2026,Casa Pia AC,12,688,18.24,78.8
Portugal_Primeira_Liga,2025-2026,Casa Pia AC,13,713,19.15,71.4
Portugal_Primeira_Liga,2025-2026,Casa Pia AC,14,780,21.79,62.2
Portugal_Primeira_Liga,2025-2026,Casa Pia AC,15,1100,24.46,51.5
Portugal_Primeira_Liga,2025-2026,Club Foot Estrela,0,1122,22.14,56.1
Portugal_Primeira_Liga,2025-2026,Club Foot Estrela,1,845,21.05,68.0
Portugal_Primeira_Liga,2025-2026,Club Foot Estrela,2,866,19.7,78.2
Portugal_Primeira_Liga,2025-2026,Club Foot Estrela,3,814,19.26,82.7
Portugal_Primeira_Liga,2025-2026,Club Foot Estrela,4,727,17.04,90.2
Portugal_Primeira_Liga,2025-2026,Club Foot Estrela,5,582,15.51,95.0
Portugal_Primeira_Liga,2025-2026,Club Foot Estrela,6,516,15.88,94.4
Portugal_Primeira_Liga,2025-2026,Club Foot Estrela,7,453,14.79,95.4
Portugal_Primeira_Liga,2025-2026,Club Foot Estrela,8,455,13.96,94.3
Portugal_Primeira_Liga,2025-2026,Club Foot Estrela,9,435,14.36,95.6
Portugal_Primeira_Liga,2025-2026,Club Foot Estrela,10,532,14.81,94.2
Portugal_Primeira_Liga,2025-2026,Club Foot Estrela,11,618,17.03,90.5
Portugal_Primeira_Liga,2025-2026,Club Foot Estrela,12,841,18.33,86.0
Portugal_Primeira_Liga,2025-2026,Club Foot Estrela,13,898,19.76,80.0
Portugal_Primeira_Liga,2025-2026,Club Foot Estrela,14,869,22.44,68.0
Portugal_Primeira_Liga,2025-2026,Club Foot Estrela,15,1195,24.82,54.9
Portugal_Primeira_Liga,2025-2026,CD Santa Clara,0,1261,23.24,55.2
Portugal_Primeira_Liga,2025-2026,CD Santa Clara,1,898,19.83,68.2
Portugal_Primeira_Liga,2025-2026,CD Santa Clara,2,1011,18.94,80.8
Portugal_Primeira_Liga,2025-2026,CD Santa Clara,3,1015,18.12,85.0
Portugal_Primeira_Liga,2025-2026,CD Santa Clara,4,798,16.85,88.6
Portugal_Primeira_Liga,2025-2026,CD Santa Clara,5,502,14.55,92.6
Portugal_Primeira_Liga,2025-2026,CD Santa Clara,6,458,15.19,95.6
Portugal_Primeira_Liga,2025-2026,CD Santa Clara,7,383,13.65,94.8
Portugal_Primeira_Liga,2025-2026,CD Santa Clara,8,467,13.72,95.1
Portugal_Primeira_Liga,2025-2026,CD Santa Clara,9,482,15.88,94.8
Portugal_Primeira_Liga,2025-2026,CD Santa Clara,10,569,14.95,93.7
Portugal_Primeira_Liga,2025-2026,CD Santa Clara,11,702,17.17,90.5
Portugal_Primeira_Liga,2025-2026,CD Santa Clara,12,987,18.68,86.3
Portugal_Primeira_Liga,2025-2026,CD Santa Clara,13,887,19.75,76.2
Portugal_Primeira_Liga,2025-2026,CD Santa Clara,14,817,19.95,67.6
Portugal_Primeira_Liga,2025-2026,CD Santa Clara,15,1169,23.84,53.5
Portugal_Primeira_Liga,2025-2026,Gil Vicente FC,0,1285,20.74,58.6
Portugal_Primeira_Liga,2025-2026,Gil Vicente FC,1,961,19.1,71.0
Portugal_Primeira_Liga,2025-2026,Gil Vicente FC,2,1044,19.17,80.5
Portugal_Primeira_Liga,2025-2026,Gil Vicente FC,3,950,19.15,84.0
Portugal_Primeira_Liga,2025-2026,Gil Vicente FC,4,753,17.5,87.1
Portugal_Primeira_Liga,2025-2026,Gil Vicente FC,5,507,16.19,93.7
Portugal_Primeira_Liga,2025-2026,Gil Vicente FC,6,438,16.13,96.8
Portugal_Primeira_Liga,2025-2026,Gil Vicente FC,7,413,14.4,94.9
Portugal_Primeira_Liga,2025-2026,Gil Vicente FC,8,467,14.37,93.6
Portugal_Primeira_Liga,2025-2026,Gil Vicente FC,9,462,15.79,95.0
Portugal_Primeira_Liga,2025-2026,Gil Vicente FC,10,614,16.16,93.8
Portugal_Primeira_Liga,2025-2026,Gil Vicente FC,11,675,17.75,86.2
Portugal_Primeira_Liga,2025-2026,Gil Vicente FC,12,1024,19.39,82.4
Portugal_Primeira_Liga,2025-2026,Gil Vicente FC,13,924,19.67,78.9
Portugal_Primeira_Liga,2025-2026,Gil Vicente FC,14,844,20.58,72.2
Portugal_Primeira_Liga,2025-2026,Gil Vicente FC,15,1187,21.44,62.0
Portugal_Primeira_Liga,2025-2026,FC Famalicão,0,1288,21.37,59.8
Portugal_Primeira_Liga,2025-2026,FC Famalicão,1,1022,19.84,69.8
Portugal_Primeira_Liga,2025-2026,FC Famalicão,2,1086,19.82,77.0
Portugal_Primeira_Liga,2025-2026,FC Famalicão,3,1053,18.35,84.5
Portugal_Primeira_Liga,2025-2026,FC Famalicão,4,853,17.23,88.5
Portugal_Primeira_Liga,2025-2026,FC Famalicão,5,642,15.46,92.5
Portugal_Primeira_Liga,2025-2026,FC Famalicão,6,416,14.68,94.5
Portugal_Primeira_Liga,2025-2026,FC Famalicão,7,457,13.79,93.9
Portugal_Primeira_Liga,2025-2026,FC Famalicão,8,437,14.04,94.7
Portugal_Primeira_Liga,2025-2026,FC Famalicão,9,464,15.25,95.3
Portugal_Primeira_Liga,2025-2026,FC Famalicão,10,588,15.42,93.0
Portugal_Primeira_Liga,2025-2026,FC Famalicão,11,744,17.63,89.5
Portugal_Primeira_Liga,2025-2026,FC Famalicão,12,1064,18.87,84.7
Portugal_Primeira_Liga,2025-2026,FC Famalicão,13,1040,20.15,80.4
Portugal_Primeira_Liga,2025-2026,FC Famalicão,14,978,19.99,71.5
Portugal_Primeira_Liga,2025-2026,FC Famalicão,15,1333,21.27,62.8
Portugal_Primeira_Liga,2025-2026,CD Nacional,0,1082,24.77,49.4
Portugal_Primeira_Liga,2025-2026,CD Nacional,1,880,21.52,65.6
Portugal_Primeira_Liga,2025-2026,CD Nacional,2,908,19.45,78.4
Portugal_Primeira_Liga,2025-2026,CD Nacional,3,791,18.52,81.7
Portugal_Primeira_Liga,2025-2026,CD Nacional,4,713,16.58,88.6
Portugal_Primeira_Liga,2025-2026,CD Nacional,5,482,15.34,95.6
Portugal_Primeira_Liga,2025-2026,CD Nacional,6,423,15.5,96.0
Portugal_Primeira_Liga,2025-2026,CD Nacional,7,396,14.21,94.2
Portugal_Primeira_Liga,2025-2026,CD Nacional,8,352,14.75,95.5
Portugal_Primeira_Liga,2025-2026,CD Nacional,9,397,15.17,92.9
Portugal_Primeira_Liga,2025-2026,CD Nacional,10,513,15.3,93.2
Portugal_Primeira_Liga,2025-2026,CD Nacional,11,724,17.24,89.1
Portugal_Primeira_Liga,2025-2026,CD Nacional,12,841,18.35,80.3
Portugal_Primeira_Liga,2025-2026,CD Nacional,13,852,20.08,75.2
Portugal_Primeira_Liga,2025-2026,CD Nacional,14,740,21.15,63.6
Portugal_Primeira_Liga,2025-2026,CD Nacional,15,1011,23.82,50.0
Portugal_Primeira_Liga,2025-2026,FC Porto,0,1342,19.1,62.7
Portugal_Primeira_Liga,2025-2026,FC Porto,1,1159,18.37,74.6
Portugal_Primeira_Liga,2025-2026,FC Porto,2,1224,17.64,81.3
Portugal_Primeira_Liga,2025-2026,FC Porto,3,1161,15.91,86.4
Portugal_Primeira_Liga,2025-2026,FC Porto,4,999,14.92,91.2
Portugal_Primeira_Liga,2025-2026,FC Porto,5,721,14.64,94.2
Portugal_Primeira_Liga,2025-2026,FC Porto,6,594,15.78,94.4
Portugal_Primeira_Liga,2025-2026,FC Porto,7,499,14.71,95.2
Portugal_Primeira_Liga,2025-2026,FC Porto,8,564,14.58,94.9
Portugal_Primeira_Liga,2025-2026,FC Porto,9,600,14.35,94.8
Portugal_Primeira_Liga,2025-2026,FC Porto,10,732,14.96,95.1
Portugal_Primeira_Liga,2025-2026,FC Porto,11,978,15.74,92.4
Portugal_Primeira_Liga,2025-2026,FC Porto,12,1080,15.88,88.1
Portugal_Primeira_Liga,2025-2026,FC Porto,13,1213,17.87,83.7
Portugal_Primeira_Liga,2025-2026,FC Porto,14,1063,18.81,76.6
Portugal_Primeira_Liga,2025-2026,FC Porto,15,1264,19.51,64.5
Portugal_Primeira_Liga,2025-2026,Sporting Braga,0,1511,20.09,64.7
Portugal_Primeira_Liga,2025-2026,Sporting Braga,1,1315,16.54,78.7
Portugal_Primeira_Liga,2025-2026,Sporting Braga,2,1559,15.79,85.9
Portugal_Primeira_Liga,2025-2026,Sporting Braga,3,1497,15.7,89.2
Portugal_Primeira_Liga,2025-2026,Sporting Braga,4,1354,14.69,91.8
Portugal_Primeira_Liga,2025-2026,Sporting Braga,5,1140,14.45,95.5
Portugal_Primeira_Liga,2025-2026,Sporting Braga,6,945,14.01,96.8
Portugal_Primeira_Liga,2025-2026,Sporting Braga,7,782,13.44,95.7
Portugal_Primeira_Liga,2025-2026,Sporting Braga,8,806,12.3,94.5
Portugal_Primeira_Liga,2025-2026,Sporting Braga,9,967,14.19,97.8
Portugal_Primeira_Liga,2025-2026,Sporting Braga,10,1225,13.82,94.9
Portugal_Primeira_Liga,2025-2026,Sporting Braga,11,1304,14.64,93.8
Portugal_Primeira_Liga,2025-2026,Sporting Braga,12,1584,15.42,91.4
Portugal_Primeira_Liga,2025-2026,Sporting Braga,13,1597,15.9,90.0
Portugal_Primeira_Liga,2025-2026,Sporting Braga,14,1337,16.22,82.4
Portugal_Primeira_Liga,2025-2026,Sporting Braga,15,1458,21.05,61.2
Portugal_Primeira_Liga,2025-2026,GD Estoril Praia,0,1374,19.75,60.8
Portugal_Primeira_Liga,2025-2026,GD Estoril Praia,1,1096,18.31,70.3
Portugal_Primeira_Liga,2025-2026,GD Estoril Praia,2,1210,16.73,83.3
Portugal_Primeira_Liga,2025-2026,GD Estoril Praia,3,1096,15.62,86.9
Portugal_Primeira_Liga,2025-2026,GD Estoril Praia,4,873,14.23,86.9
Portugal_Primeira_Liga,2025-2026,GD Estoril Praia,5,658,13.83,94.5
Portugal_Primeira_Liga,2025-2026,GD Estoril Praia,6,560,14.18,94.6
Portugal_Primeira_Liga,2025-2026,GD Estoril Praia,7,532,13.32,94.4
Portugal_Primeira_Liga,2025-2026,GD Estoril Praia,8,558,13.09,95.7
Portugal_Primeira_Liga,2025-2026,GD Estoril Praia,9,561,13.81,94.7
Portugal_Primeira_Liga,2025-2026,GD Estoril Praia,10,671,14.27,94.8
Portugal_Primeira_Liga,2025-2026,GD Estoril Praia,11,863,15.09,91.0
Portugal_Primeira_Liga,2025-2026,GD Estoril Praia,12,1093,16.66,84.9
Portugal_Primeira_Liga,2025-2026,GD Estoril Praia,13,1192,18.09,81.6
Portugal_Primeira_Liga,2025-2026,GD Estoril Praia,14,1146,17.82,74.8
Portugal_Primeira_Liga,2025-2026,GD Estoril Praia,15,1340,19.9,60.7
Portugal_Primeira_Liga,2025-2026,Rio Ave FC,0,1185,23.9,56.6
Portugal_Primeira_Liga,2025-2026,Rio Ave FC,1,947,19.43,70.7
Portugal_Primeira_Liga,2025-2026,Rio Ave FC,2,992,17.97,82.0
Portugal_Primeira_Liga,2025-2026,Rio Ave FC,3,967,17.3,86.5
Portugal_Primeira_Liga,2025-2026,Rio Ave FC,4,847,15.69,92.4
Portugal_Primeira_Liga,2025-2026,Rio Ave FC,5,604,15.03,95.9
Portugal_Primeira_Liga,2025-2026,Rio Ave FC,6,479,15.29,97.1
Portugal_Primeira_Liga,2025-2026,Rio Ave FC,7,426,13.62,95.8
Portugal_Primeira_Liga,2025-2026,Rio Ave FC,8,493,13.66,93.9
Portugal_Primeira_Liga,2025-2026,Rio Ave FC,9,543,15.73,98.0
Portugal_Primeira_Liga,2025-2026,Rio Ave FC,10,643,15.18,96.6
Portugal_Primeira_Liga,2025-2026,Rio Ave FC,11,807,16.15,91.3
Portugal_Primeira_Liga,2025-2026,Rio Ave FC,12,994,17.34,88.7
Portugal_Primeira_Liga,2025-2026,Rio Ave FC,13,947,19.11,81.3
Portugal_Primeira_Liga,2025-2026,Rio Ave FC,14,835,20.4,66.8
Portugal_Primeira_Liga,2025-2026,Rio Ave FC,15,1078,25.23,52.1
Portugal_Primeira_Liga,2025-2026,FC Alverca,0,1208,22.61,55.5
Portugal_Primeira_Liga,2025-2026,FC Alverca,1,878,18.97,69.9
Portugal_Primeira_Liga,2025-2026,FC Alverca,2,828,18.98,77.8
Portugal_Primeira_Liga,2025-2026,FC Alverca,3,835,18.78,82.0
Portugal_Primeira_Liga,2025-2026,FC Alverca,4,738,17.45,90.0
Portugal_Primeira_Liga,2025-2026,FC Alverca,5,590,15.07,94.2
Portugal_Primeira_Liga,2025-2026,FC Alverca,6,456,15.17,96.3
Portugal_Primeira_Liga,2025-2026,FC Alverca,7,489,13.9,95.3
Portugal_Primeira_Liga,2025-2026,FC Alverca,8,472,14.56,96.6
Portugal_Primeira_Liga,2025-2026,FC Alverca,9,455,14.47,96.3
Portugal_Primeira_Liga,2025-2026,FC Alverca,10,578,15.38,95.0
Portugal_Primeira_Liga,2025-2026,FC Alverca,11,770,15.49,93.0
Portugal_Primeira_Liga,2025-2026,FC Alverca,12,938,17.17,86.5
Portugal_Primeira_Liga,2025-2026,FC Alverca,13,889,18.37,82.5
Portugal_Primeira_Liga,2025-2026,FC Alverca,14,811,20.89,69.8
Portugal_Primeira_Liga,2025-2026,FC Alverca,15,1215,25.54,55.7
Portugal_Primeira_Liga,2025-2026,Sporting Clube de Portugal,0,1407,18.5,68.6
Portugal_Primeira_Liga,2025-2026,Sporting Clube de Portugal,1,1320,17.46,78.7
Portugal_Primeira_Liga,2025-2026,Sporting Clube de Portugal,2,1446,17.06,86.7
Portugal_Primeira_Liga,2025-2026,Sporting Clube de Portugal,3,1393,16.29,88.1
Portugal_Primeira_Liga,2025-2026,Sporting Clube de Portugal,4,1264,15.44,93.4
Portugal_Primeira_Liga,2025-2026,Sporting Clube de Portugal,5,894,14.16,95.4
Portugal_Primeira_Liga,2025-2026,Sporting Clube de Portugal,6,767,14.51,96.9
Portugal_Primeira_Liga,2025-2026,Sporting Clube de Portugal,7,664,13.16,96.1
Portugal_Primeira_Liga,2025-2026,Sporting Clube de Portugal,8,683,12.89,95.6
Portugal_Primeira_Liga,2025-2026,Sporting Clube de Portugal,9,715,13.89,96.8
Portugal_Primeira_Liga,2025-2026,Sporting Clube de Portugal,10,847,14.3,94.6
Portugal_Primeira_Liga,2025-2026,Sporting Clube de Portugal,11,1211,15.65,91.1
Portugal_Primeira_Liga,2025-2026,Sporting Clube de Portugal,12,1516,16.65,89.0
Portugal_Primeira_Liga,2025-2026,Sporting Clube de Portugal,13,1552,18.01,88.1
Portugal_Primeira_Liga,2025-2026,Sporting Clube de Portugal,14,1386,18.01,82.8
Portugal_Primeira_Liga,2025-2026,Sporting Clube de Portugal,15,1300,19.01,65.7
Portugal_Primeira_Liga,2025-2026,SL Benfica,0,1324,19.36,63.6
Portugal_Primeira_Liga,2025-2026,SL Benfica,1,1171,17.2,77.1
Portugal_Primeira_Liga,2025-2026,SL Benfica,2,1389,17.23,84.8
Portugal_Primeira_Liga,2025-2026,SL Benfica,3,1272,17.68,85.8
Portugal_Primeira_Liga,2025-2026,SL Benfica,4,1092,16.88,90.5
Portugal_Primeira_Liga,2025-2026,SL Benfica,5,790,15.17,94.8
Portugal_Primeira_Liga,2025-2026,SL Benfica,6,631,14.4,96.4
Portugal_Primeira_Liga,2025-2026,SL Benfica,7,523,13.08,94.8
Portugal_Primeira_Liga,2025-2026,SL Benfica,8,520,12.6,92.7
Portugal_Primeira_Liga,2025-2026,SL Benfica,9,614,13.68,94.0
Portugal_Primeira_Liga,2025-2026,SL Benfica,10,841,14.12,95.0
Portugal_Primeira_Liga,2025-2026,SL Benfica,11,979,16.45,91.0
Portugal_Primeira_Liga,2025-2026,SL Benfica,12,1352,17.47,85.7
Portugal_Primeira_Liga,2025-2026,SL Benfica,13,1336,17.95,85.1
Portugal_Primeira_Liga,2025-2026,SL Benfica,14,1091,18.21,75.5
Portugal_Primeira_Liga,2025-2026,SL Benfica,15,1218,20.03,62.2
Portugal_Primeira_Liga,2025-2026,Vitória SC Guimarães,0,1276,20.52,58.8
Portugal_Primeira_Liga,2025-2026,Vitória SC Guimarães,1,1012,18.98,72.2
Portugal_Primeira_Liga,2025-2026,Vitória SC Guimarães,2,1021,17.97,80.4
Portugal_Primeira_Liga,2025-2026,Vitória SC Guimarães,3,935,17.77,84.0
Portugal_Primeira_Liga,2025-2026,Vitória SC Guimarães,4,812,16.4,89.7
Portugal_Primeira_Liga,2025-2026,Vitória SC Guimarães,5,654,16.19,94.0
Portugal_Primeira_Liga,2025-2026,Vitória SC Guimarães,6,511,15.71,95.5
Portugal_Primeira_Liga,2025-2026,Vitória SC Guimarães,7,513,14.37,94.9
Portugal_Primeira_Liga,2025-2026,Vitória SC Guimarães,8,504,13.36,95.2
Portugal_Primeira_Liga,2025-2026,Vitória SC Guimarães,9,500,14.69,97.0
Portugal_Primeira_Liga,2025-2026,Vitória SC Guimarães,10,538,14.89,94.2
Portugal_Primeira_Liga,2025-2026,Vitória SC Guimarães,11,690,16.55,86.5
Portugal_Primeira_Liga,2025-2026,Vitória SC Guimarães,12,977,18.03,83.2
Portugal_Primeira_Liga,2025-2026,Vitória SC Guimarães,13,1028,18.74,77.9
Portugal_Primeira_Liga,2025-2026,Vitória SC Guimarães,14,1025,20.11,71.1
Portugal_Primeira_Liga,2025-2026,Vitória SC Guimarães,15,1264,21.4,60.8
Italy_Serie_A,2025-2026,Juventus FC,0,1531,20.46,66.2
Italy_Serie_A,2025-2026,Juventus FC,1,1320,17.86,76.8
Italy_Serie_A,2025-2026,Juventus FC,2,1514,17.74,80.4
Italy_Serie_A,2025-2026,Juventus FC,3,1628,17.73,88.5
Italy_Serie_A,2025-2026,Juventus FC,4,1328,16.68,91.4
Italy_Serie_A,2025-2026,Juventus FC,5,926,14.9,94.9
Italy_Serie_A,2025-2026,Juventus FC,6,805,14.56,96.5
Italy_Serie_A,2025-2026,Juventus FC,7,610,12.97,94.6
Italy_Serie_A,2025-2026,Juventus FC,8,658,13.13,95.7
Italy_Serie_A,2025-2026,Juventus FC,9,795,14.19,96.1
Italy_Serie_A,2025-2026,Juventus FC,10,1010,14.93,94.8
Italy_Serie_A,2025-2026,Juventus FC,11,1314,16.67,91.2
Italy_Serie_A,2025-2026,Juventus FC,12,1613,18.22,89.3
Italy_Serie_A,2025-2026,Juventus FC,13,1617,18.57,84.4
Italy_Serie_A,2025-2026,Juventus FC,14,1329,16.6,78.3
Italy_Serie_A,2025-2026,Juventus FC,15,1400,19.85,67.4
Italy_Serie_A,2025-2026,US Cremonese,0,1382,23.77,53.8
Italy_Serie_A,2025-2026,US Cremonese,1,999,19.12,68.4
Italy_Serie_A,2025-2026,US Cremonese,2,1051,18.35,79.3
Italy_Serie_A,2025-2026,US Cremonese,3,1040,17.6,83.3
Italy_Serie_A,2025-2026,US Cremonese,4,765,16.52,88.4
Italy_Serie_A,2025-2026,US Cremonese,5,621,15.72,96.3
Italy_Serie_A,2025-2026,US Cremonese,6,517,15.63,96.3
Italy_Serie_A,2025-2026,US Cremonese,7,460,14.8,97.2
Italy_Serie_A,2025-2026,US Cremonese,8,527,14.75,95.3
Italy_Serie_A,2025-2026,US Cremonese,9,581,15.75,96.7
Italy_Serie_A,2025-2026,US Cremonese,10,627,15.26,96.2
Italy_Serie_A,2025-2026,US Cremonese,11,793,16.47,89.8
Italy_Serie_A,2025-2026,US Cremonese,12,1085,17.28,84.7
Italy_Serie_A,2025-2026,US Cremonese,13,1062,18.41,80.5
Italy_Serie_A,2025-2026,US Cremonese,14,1001,20.99,63.1
Italy_Serie_A,2025-2026,US Cremonese,15,1409,24.07,52.9
Italy_Serie_A,2025-2026,ACF Fiorentina,0,1286,23.16,59.3
Italy_Serie_A,2025-2026,ACF Fiorentina,1,1014,20.42,71.4
Italy_Serie_A,2025-2026,ACF Fiorentina,2,1277,18.42,81.7
Italy_Serie_A,2025-2026,ACF Fiorentina,3,1301,17.41,87.2
Italy_Serie_A,2025-2026,ACF Fiorentina,4,1033,16.71,92.2
Italy_Serie_A,2025-2026,ACF Fiorentina,5,741,16.32,96.8
Italy_Serie_A,2025-2026,ACF Fiorentina,6,594,15.82,97.3
Italy_Serie_A,2025-2026,ACF Fiorentina,7,471,13.91,94.9
Italy_Serie_A,2025-2026,ACF Fiorentina,8,500,14.17,93.6
Italy_Serie_A,2025-2026,ACF Fiorentina,9,606,15.61,96.7
Italy_Serie_A,2025-2026,ACF Fiorentina,10,765,15.3,96.2
Italy_Serie_A,2025-2026,ACF Fiorentina,11,1015,15.81,92.0
Italy_Serie_A,2025-2026,ACF Fiorentina,12,1320,17.95,87.8
Italy_Serie_A,2025-2026,ACF Fiorentina,13,1291,17.98,84.7
Italy_Serie_A,2025-2026,ACF Fiorentina,14,1065,18.99,72.9
Italy_Serie_A,2025-2026,ACF Fiorentina,15,1217,22.86,58.8
Italy_Serie_A,2025-2026,US Lecce,0,1285,23.63,50.2
Italy_Serie_A,2025-2026,US Lecce,1,812,18.44,63.4
Italy_Serie_A,2025-2026,US Lecce,2,808,17.6,77.0
Italy_Serie_A,2025-2026,US Lecce,3,868,18.63,83.3
Italy_Serie_A,2025-2026,US Lecce,4,689,17.39,86.6
Italy_Serie_A,2025-2026,US Lecce,5,447,16.05,92.2
Italy_Serie_A,2025-2026,US Lecce,6,417,15.33,95.2
Italy_Serie_A,2025-2026,US Lecce,7,377,14.06,93.1
Italy_Serie_A,2025-2026,US Lecce,8,392,14.95,93.4
Italy_Serie_A,2025-2026,US Lecce,9,382,15.69,92.7
Italy_Serie_A,2025-2026,US Lecce,10,474,15.24,92.0
Italy_Serie_A,2025-2026,US Lecce,11,605,17.68,88.4
Italy_Serie_A,2025-2026,US Lecce,12,799,18.4,84.7
Italy_Serie_A,2025-2026,US Lecce,13,756,18.7,75.5
Italy_Serie_A,2025-2026,US Lecce,14,859,20.88,63.0
Italy_Serie_A,2025-2026,US Lecce,15,1403,27.59,46.2
Italy_Serie_A,2025-2026,SS Lazio,0,1717,18.33,69.5
Italy_Serie_A,2025-2026,SS Lazio,1,1329,16.59,79.8
Italy_Serie_A,2025-2026,SS Lazio,2,1288,16.73,88.3
Italy_Serie_A,2025-2026,SS Lazio,3,1347,17.83,90.5
Italy_Serie_A,2025-2026,SS Lazio,4,986,15.83,91.2
Italy_Serie_A,2025-2026,SS Lazio,5,876,14.94,96.2
Italy_Serie_A,2025-2026,SS Lazio,6,801,15.74,96.4
Italy_Serie_A,2025-2026,SS Lazio,7,688,13.51,96.5
Italy_Serie_A,2025-2026,SS Lazio,8,737,13.47,96.3
Italy_Serie_A,2025-2026,SS Lazio,9,778,14.99,97.6
Italy_Serie_A,2025-2026,SS Lazio,10,822,14.81,94.8
Italy_Serie_A,2025-2026,SS Lazio,11,1060,15.77,90.5
Italy_Serie_A,2025-2026,SS Lazio,12,1303,18.42,88.6
Italy_Serie_A,2025-2026,SS Lazio,13,1235,17.23,86.6
Italy_Serie_A,2025-2026,SS Lazio,14,1229,17.54,75.5
Italy_Serie_A,2025-2026,SS Lazio,15,1556,19.29,68.4
Italy_Serie_A,2025-2026,Cagliari Calcio,0,1360,23.18,55.7
Italy_Serie_A,2025-2026,Cagliari Calcio,1,926,18.6,68.4
Italy_Serie_A,2025-2026,Cagliari Calcio,2,975,17.5,80.7
Italy_Serie_A,2025-2026,Cagliari Calcio,3,1099,17.09,87.7
Italy_Serie_A,2025-2026,Cagliari Calcio,4,871,15.98,91.2
Italy_Serie_A,2025-2026,Cagliari Calcio,5,612,15.34,95.1
Italy_Serie_A,2025-2026,Cagliari Calcio,6,471,14.98,96.6
Italy_Serie_A,2025-2026,Cagliari Calcio,7,429,13.84,94.2
Italy_Serie_A,2025-2026,Cagliari Calcio,8,437,13.59,94.1
Italy_Serie_A,2025-2026,Cagliari Calcio,9,420,14.51,95.5
Italy_Serie_A,2025-2026,Cagliari Calcio,10,584,14.94,94.5
Italy_Serie_A,2025-2026,Cagliari Calcio,11,932,16.49,93.3
Italy_Serie_A,2025-2026,Cagliari Calcio,12,1181,17.23,87.6
Italy_Serie_A,2025-2026,Cagliari Calcio,13,1077,17.19,81.4
Italy_Serie_A,2025-2026,Cagliari Calcio,14,951,19.4,68.7
Italy_Serie_A,2025-2026,Cagliari Calcio,15,1342,21.61,58.2
Italy_Serie_A,2025-2026,AS Roma,0,1626,20.47,58.5
Italy_Serie_A,2025-2026,AS Roma,1,1224,17.14,74.8
Italy_Serie_A,2025-2026,AS Roma,2,1477,17.61,84.6
Italy_Serie_A,2025-2026,AS Roma,3,1522,18.86,88.2
Italy_Serie_A,2025-2026,AS Roma,4,1079,17.32,90.1
Italy_Serie_A,2025-2026,AS Roma,5,798,14.9,96.1
Italy_Serie_A,2025-2026,AS Roma,6,647,15.22,97.5
Italy_Serie_A,2025-2026,AS Roma,7,525,13.71,95.4
Italy_Serie_A,2025-2026,AS Roma,8,567,13.98,95.1
Italy_Serie_A,2025-2026,AS Roma,9,671,14.98,95.8
Italy_Serie_A,2025-2026,AS Roma,10,826,15.12,93.2
Italy_Serie_A,2025-2026,AS Roma,11,1056,16.53,91.4
Italy_Serie_A,2025-2026,AS Roma,12,1545,18.19,88.2
Italy_Serie_A,2025-2026,AS Roma,13,1581,17.14,85.2
Italy_Serie_A,2025-2026,AS Roma,14,1227,17.49,74.6
Italy_Serie_A,2025-2026,AS Roma,15,1439,20.04,60.0
Italy_Serie_A,2025-2026,AC Milan,0,1376,19.56,65.3
Italy_Serie_A,2025-2026,AC Milan,1,1294,18.29,75.7
Italy_Serie_A,2025-2026,AC Milan,2,1505,17.84,86.0
Italy_Serie_A,2025-2026,AC Milan,3,1582,18.22,89.8
Italy_Serie_A,2025-2026,AC Milan,4,1174,17.25,94.0
Italy_Serie_A,2025-2026,AC Milan,5,888,15.95,96.6
Italy_Serie_A,2025-2026,AC Milan,6,662,15.18,97.6
Italy_Serie_A,2025-2026,AC Milan,7,605,13.33,96.0
Italy_Serie_A,2025-2026,AC Milan,8,600,13.2,95.8
Italy_Serie_A,2025-2026,AC Milan,9,695,14.3,97.8
Italy_Serie_A,2025-2026,AC Milan,10,922,15.27,95.9
Italy_Serie_A,2025-2026,AC Milan,11,1146,17.13,94.0
Italy_Serie_A,2025-2026,AC Milan,12,1568,19.06,89.7
Italy_Serie_A,2025-2026,AC Milan,13,1449,18.91,85.3
Italy_Serie_A,2025-2026,AC Milan,14,1116,18.02,79.6
Italy_Serie_A,2025-2026,AC Milan,15,1235,19.29,67.1
Italy_Serie_A,2025-2026,Calcio Como 1907,0,1516,20.09,64.6
Italy_Serie_A,2025-2026,Calcio Como 1907,1,1248,17.55,77.2
Italy_Serie_A,2025-2026,Calcio Como 1907,2,1639,17.21,87.7
Italy_Serie_A,2025-2026,Calcio Como 1907,3,1676,17.35,90.5
Italy_Serie_A,2025-2026,Calcio Como 1907,4,1298,15.94,92.4
Italy_Serie_A,2025-2026,Calcio Como 1907,5,963,14.76,95.3
Italy_Serie_A,2025-2026,Calcio Como 1907,6,751,15.29,97.2
Italy_Serie_A,2025-2026,Calcio Como 1907,7,606,12.71,94.4
Italy_Serie_A,2025-2026,Calcio Como 1907,8,639,12.75,95.6
Italy_Serie_A,2025-2026,Calcio Como 1907,9,719,14.28,97.2
Italy_Serie_A,2025-2026,Calcio Como 1907,10,1027,14.87,96.1
Italy_Serie_A,2025-2026,Calcio Como 1907,11,1280,15.88,93.0
Italy_Serie_A,2025-2026,Calcio Como 1907,12,1712,16.95,90.4
Italy_Serie_A,2025-2026,Calcio Como 1907,13,1578,17.26,85.8
Italy_Serie_A,2025-2026,Calcio Como 1907,14,1269,17.69,79.4
Italy_Serie_A,2025-2026,Calcio Como 1907,15,1446,19.46,66.9
Italy_Serie_A,2025-2026,SSC Napoli,0,1534,20.57,62.8
Italy_Serie_A,2025-2026,SSC Napoli,1,1351,16.32,76.9
Italy_Serie_A,2025-2026,SSC Napoli,2,1681,16.12,86.9
Italy_Serie_A,2025-2026,SSC Napoli,3,1781,16.84,89.4
Italy_Serie_A,2025-2026,SSC Napoli,4,1412,15.83,92.4
Italy_Serie_A,2025-2026,SSC Napoli,5,1029,14.85,95.3
Italy_Serie_A,2025-2026,SSC Napoli,6,793,14.58,96.6
Italy_Serie_A,2025-2026,SSC Napoli,7,626,13.89,96.6
Italy_Serie_A,2025-2026,SSC Napoli,8,690,14.1,95.1
Italy_Serie_A,2025-2026,SSC Napoli,9,845,14.79,95.6
Italy_Serie_A,2025-2026,SSC Napoli,10,990,14.94,96.0
Italy_Serie_A,2025-2026,SSC Napoli,11,1329,15.73,91.4
Italy_Serie_A,2025-2026,SSC Napoli,12,1771,17.09,90.7
Italy_Serie_A,2025-2026,SSC Napoli,13,1728,16.78,87.6
Italy_Serie_A,2025-2026,SSC Napoli,14,1277,16.14,80.5
Italy_Serie_A,2025-2026,SSC Napoli,15,1430,20.16,62.7
Italy_Serie_A,2025-2026,Parma Calcio 1913,0,1270,24.16,52.0
Italy_Serie_A,2025-2026,Parma Calcio 1913,1,873,19.86,70.0
Italy_Serie_A,2025-2026,Parma Calcio 1913,2,983,18.68,79.7
Italy_Serie_A,2025-2026,Parma Calcio 1913,3,949,18.06,87.6
Italy_Serie_A,2025-2026,Parma Calcio 1913,4,867,16.77,92.2
Italy_Serie_A,2025-2026,Parma Calcio 1913,5,635,15.81,95.9
Italy_Serie_A,2025-2026,Parma Calcio 1913,6,493,16.13,94.5
Italy_Serie_A,2025-2026,Parma Calcio 1913,7,444,14.47,95.5
Italy_Serie_A,2025-2026,Parma Calcio 1913,8,386,14.39,95.1
Italy_Serie_A,2025-2026,Parma Calcio 1913,9,446,15.42,96.4
Italy_Serie_A,2025-2026,Parma Calcio 1913,10,581,15.19,94.5
Italy_Serie_A,2025-2026,Parma Calcio 1913,11,804,16.88,88.6
Italy_Serie_A,2025-2026,Parma Calcio 1913,12,1168,17.32,86.7
Italy_Serie_A,2025-2026,Parma Calcio 1913,13,1081,17.53,80.1
Italy_Serie_A,2025-2026,Parma Calcio 1913,14,894,18.41,74.3
Italy_Serie_A,2025-2026,Parma Calcio 1913,15,1189,22.74,53.5
Italy_Serie_A,2025-2026,Bologna FC 1909,0,1346,22.53,56.4
Italy_Serie_A,2025-2026,Bologna FC 1909,1,1167,19.64,71.6
Italy_Serie_A,2025-2026,Bologna FC 1909,2,1306,19.22,82.1
Italy_Serie_A,2025-2026,Bologna FC 1909,3,1267,20.04,88.2
Italy_Serie_A,2025-2026,Bologna FC 1909,4,916,17.32,88.4
Italy_Serie_A,2025-2026,Bologna FC 1909,5,739,17.01,95.1
Italy_Serie_A,2025-2026,Bologna FC 1909,6,598,16.68,95.8
Italy_Serie_A,2025-2026,Bologna FC 1909,7,517,15.06,94.4
Italy_Serie_A,2025-2026,Bologna FC 1909,8,609,14.73,95.7
Italy_Serie_A,2025-2026,Bologna FC 1909,9,695,16.64,97.8
Italy_Serie_A,2025-2026,Bologna FC 1909,10,797,16.7,97.1
Italy_Serie_A,2025-2026,Bologna FC 1909,11,868,18.33,91.5
Italy_Serie_A,2025-2026,Bologna FC 1909,12,1202,19.88,86.1
Italy_Serie_A,2025-2026,Bologna FC 1909,13,1237,19.85,83.0
Italy_Serie_A,2025-2026,Bologna FC 1909,14,1122,21.02,73.1
Italy_Serie_A,2025-2026,Bologna FC 1909,15,1418,23.28,57.1
Italy_Serie_A,2025-2026,Genoa CFC,0,1339,23.11,54.6
Italy_Serie_A,2025-2026,Genoa CFC,1,953,19.44,66.3
Italy_Serie_A,2025-2026,Genoa CFC,2,1040,17.71,80.3
Italy_Serie_A,2025-2026,Genoa CFC,3,1170,17.44,87.2
Italy_Serie_A,2025-2026,Genoa CFC,4,862,16.07,90.8
Italy_Serie_A,2025-2026,Genoa CFC,5,654,16.23,95.9
Italy_Serie_A,2025-2026,Genoa CFC,6,483,15.3,94.2
Italy_Serie_A,2025-2026,Genoa CFC,7,469,14.06,94.2
Italy_Serie_A,2025-2026,Genoa CFC,8,444,14.27,94.8
Italy_Serie_A,2025-2026,Genoa CFC,9,519,16.89,96.7
Italy_Serie_A,2025-2026,Genoa CFC,10,709,16.36,95.3
Italy_Serie_A,2025-2026,Genoa CFC,11,854,17.17,90.4
Italy_Serie_A,2025-2026,Genoa CFC,12,1092,17.43,85.5
Italy_Serie_A,2025-2026,Genoa CFC,13,1004,17.51,79.5
Italy_Serie_A,2025-2026,Genoa CFC,14,974,18.73,67.0
Italy_Serie_A,2025-2026,Genoa CFC,15,1336,23.02,56.0
Italy_Serie_A,2025-2026,US Sassuolo Calcio,0,1294,22.21,60.7
Italy_Serie_A,2025-2026,US Sassuolo Calcio,1,1015,19.16,73.2
Italy_Serie_A,2025-2026,US Sassuolo Calcio,2,1117,17.24,84.8
Italy_Serie_A,2025-2026,US Sassuolo Calcio,3,1157,17.02,88.7
Italy_Serie_A,2025-2026,US Sassuolo Calcio,4,887,15.46,92.3
Italy_Serie_A,2025-2026,US Sassuolo Calcio,5,673,15.07,96.0
Italy_Serie_A,2025-2026,US Sassuolo Calcio,6,483,14.77,94.6
Italy_Serie_A,2025-2026,US Sassuolo Calcio,7,466,13.02,94.4
Italy_Serie_A,2025-2026,US Sassuolo Calcio,8,536,13.0,95.1
Italy_Serie_A,2025-2026,US Sassuolo Calcio,9,589,14.48,96.1
Italy_Serie_A,2025-2026,US Sassuolo Calcio,10,653,13.81,94.6
Italy_Serie_A,2025-2026,US Sassuolo Calcio,11,850,16.29,91.1
Italy_Serie_A,2025-2026,US Sassuolo Calcio,12,1145,17.49,87.9
Italy_Serie_A,2025-2026,US Sassuolo Calcio,13,1024,17.08,83.8
Italy_Serie_A,2025-2026,US Sassuolo Calcio,14,872,17.69,74.7
Italy_Serie_A,2025-2026,US Sassuolo Calcio,15,1159,21.72,59.9
Italy_Serie_A,2025-2026,Pisa Sporting Club,0,1246,22.85,49.9
Italy_Serie_A,2025-2026,Pisa Sporting Club,1,890,19.38,63.4
Italy_Serie_A,2025-2026,Pisa Sporting Club,2,946,18.12,76.3
Italy_Serie_A,2025-2026,Pisa Sporting Club,3,859,17.78,81.4
Italy_Serie_A,2025-2026,Pisa Sporting Club,4,674,16.28,86.9
Italy_Serie_A,2025-2026,Pisa Sporting Club,5,490,15.64,94.7
Italy_Serie_A,2025-2026,Pisa Sporting Club,6,432,16.2,94.9
Italy_Serie_A,2025-2026,Pisa Sporting Club,7,362,14.25,96.7
Italy_Serie_A,2025-2026,Pisa Sporting Club,8,362,14.26,95.9
Italy_Serie_A,2025-2026,Pisa Sporting Club,9,420,15.85,97.9
Italy_Serie_A,2025-2026,Pisa Sporting Club,10,494,14.86,94.5
Italy_Serie_A,2025-2026,Pisa Sporting Club,11,602,15.37,89.0
Italy_Serie_A,2025-2026,Pisa Sporting Club,12,820,17.98,84.0
Italy_Serie_A,2025-2026,Pisa Sporting Club,13,893,18.47,75.7
Italy_Serie_A,2025-2026,Pisa Sporting Club,14,883,21.45,65.5
Italy_Serie_A,2025-2026,Pisa Sporting Club,15,1310,25.08,50.8
Italy_Serie_A,2025-2026,Torino FC,0,1330,23.89,53.8
Italy_Serie_A,2025-2026,Torino FC,1,927,19.22,66.5
Italy_Serie_A,2025-2026,Torino FC,2,1041,18.94,78.5
Italy_Serie_A,2025-2026,Torino FC,3,999,18.12,85.5
Italy_Serie_A,2025-2026,Torino FC,4,845,17.47,87.9
Italy_Serie_A,2025-2026,Torino FC,5,593,16.19,96.0
Italy_Serie_A,2025-2026,Torino FC,6,461,15.36,94.1
Italy_Serie_A,2025-2026,Torino FC,7,461,14.52,94.8
Italy_Serie_A,2025-2026,Torino FC,8,457,14.97,95.2
Italy_Serie_A,2025-2026,Torino FC,9,508,15.15,96.1
Italy_Serie_A,2025-2026,Torino FC,10,615,15.16,95.4
Italy_Serie_A,2025-2026,Torino FC,11,836,17.31,90.1
Italy_Serie_A,2025-2026,Torino FC,12,1076,18.62,84.4
Italy_Serie_A,2025-2026,Torino FC,13,969,19.04,80.0
Italy_Serie_A,2025-2026,Torino FC,14,908,20.52,68.3
Italy_Serie_A,2025-2026,Torino FC,15,1295,24.49,54.4
Italy_Serie_A,2025-2026,Atalanta Bergamasca Calcio,0,1447,20.21,62.6
Italy_Serie_A,2025-2026,Atalanta Bergamasca Calcio,1,1196,17.14,76.8
Italy_Serie_A,2025-2026,Atalanta Bergamasca Calcio,2,1420,16.18,84.2
Italy_Serie_A,2025-2026,Atalanta Bergamasca Calcio,3,1592,17.6,87.2
Italy_Serie_A,2025-2026,Atalanta Bergamasca Calcio,4,1214,17.03,91.3
Italy_Serie_A,2025-2026,Atalanta Bergamasca Calcio,5,840,14.96,95.4
Italy_Serie_A,2025-2026,Atalanta Bergamasca Calcio,6,672,15.12,96.4
Italy_Serie_A,2025-2026,Atalanta Bergamasca Calcio,7,520,14.17,95.2
Italy_Serie_A,2025-2026,Atalanta Bergamasca Calcio,8,536,13.54,95.1
Italy_Serie_A,2025-2026,Atalanta Bergamasca Calcio,9,657,14.65,95.1
Italy_Serie_A,2025-2026,Atalanta Bergamasca Calcio,10,884,14.49,94.8
Italy_Serie_A,2025-2026,Atalanta Bergamasca Calcio,11,1111,17.23,91.6
Italy_Serie_A,2025-2026,Atalanta Bergamasca Calcio,12,1542,17.93,88.5
Italy_Serie_A,2025-2026,Atalanta Bergamasca Calcio,13,1374,17.37,86.3
Italy_Serie_A,2025-2026,Atalanta Bergamasca Calcio,14,1201,17.33,75.4
Italy_Serie_A,2025-2026,Atalanta Bergamasca Calcio,15,1447,22.05,61.0
Italy_Serie_A,2025-2026,Udinese Calcio,0,1244,22.62,56.4
Italy_Serie_A,2025-2026,Udinese Calcio,1,930,17.66,69.8
Italy_Serie_A,2025-2026,Udinese Calcio,2,1040,16.49,84.3
Italy_Serie_A,2025-2026,Udinese Calcio,3,1007,17.57,89.1
Italy_Serie_A,2025-2026,Udinese Calcio,4,787,17.04,90.0
Italy_Serie_A,2025-2026,Udinese Calcio,5,576,15.53,96.7
Italy_Serie_A,2025-2026,Udinese Calcio,6,499,15.72,96.4
Italy_Serie_A,2025-2026,Udinese Calcio,7,429,14.96,96.5
Italy_Serie_A,2025-2026,Udinese Calcio,8,410,12.79,92.2
Italy_Serie_A,2025-2026,Udinese Calcio,9,491,15.4,97.4
Italy_Serie_A,2025-2026,Udinese Calcio,10,622,15.15,94.4
Italy_Serie_A,2025-2026,Udinese Calcio,11,735,17.51,88.8
Italy_Serie_A,2025-2026,Udinese Calcio,12,1002,17.87,85.4
Italy_Serie_A,2025-2026,Udinese Calcio,13,953,16.52,82.2
Italy_Serie_A,2025-2026,Udinese Calcio,14,841,18.71,66.9
Italy_Serie_A,2025-2026,Udinese Calcio,15,1288,24.37,52.9
Italy_Serie_A,2025-2026,FC Internazionale Milano,0,1494,18.81,65.9
Italy_Serie_A,2025-2026,FC Internazionale Milano,1,1266,17.13,78.8
Italy_Serie_A,2025-2026,FC Internazionale Milano,2,1659,17.12,87.7
Italy_Serie_A,2025-2026,FC Internazionale Milano,3,1821,17.4,91.2
Italy_Serie_A,2025-2026,FC Internazionale Milano,4,1433,15.94,92.6
Italy_Serie_A,2025-2026,FC Internazionale Milano,5,943,15.22,97.3
Italy_Serie_A,2025-2026,FC Internazionale Milano,6,744,14.95,97.2
Italy_Serie_A,2025-2026,FC Internazionale Milano,7,545,13.25,93.9
Italy_Serie_A,2025-2026,FC Internazionale Milano,8,670,12.93,95.4
Italy_Serie_A,2025-2026,FC Internazionale Milano,9,804,14.24,96.4
Italy_Serie_A,2025-2026,FC Internazionale Milano,10,1062,14.78,95.7
Italy_Serie_A,2025-2026,FC Internazionale Milano,11,1372,16.66,91.5
Italy_Serie_A,2025-2026,FC Internazionale Milano,12,1836,18.14,88.3
Italy_Serie_A,2025-2026,FC Internazionale Milano,13,1522,17.87,83.8
Italy_Serie_A,2025-2026,FC Internazionale Milano,14,1235,17.96,76.3
Italy_Serie_A,2025-2026,FC Internazionale Milano,15,1310,19.6,65.3
Italy_Serie_A,2025-2026,Hellas Verona FC,0,1320,22.04,48.8
Italy_Serie_A,2025-2026,Hellas Verona FC,1,909,19.17,64.9
Italy_Serie_A,2025-2026,Hellas Verona FC,2,935,17.31,77.2
Italy_Serie_A,2025-2026,Hellas Verona FC,3,894,17.03,81.5
Italy_Serie_A,2025-2026,Hellas Verona FC,4,652,15.64,86.8
Italy_Serie_A,2025-2026,Hellas Verona FC,5,452,14.62,93.8
Italy_Serie_A,2025-2026,Hellas Verona FC,6,401,15.05,95.8
Italy_Serie_A,2025-2026,Hellas Verona FC,7,380,13.57,93.9
Italy_Serie_A,2025-2026,Hellas Verona FC,8,441,13.59,93.4
Italy_Serie_A,2025-2026,Hellas Verona FC,9,460,14.77,95.9
Italy_Serie_A,2025-2026,Hellas Verona FC,10,512,14.52,96.9
Italy_Serie_A,2025-2026,Hellas Verona FC,11,619,15.49,90.3
Italy_Serie_A,2025-2026,Hellas Verona FC,12,803,16.96,84.1
Italy_Serie_A,2025-2026,Hellas Verona FC,13,842,18.37,75.7
Italy_Serie_A,2025-2026,Hellas Verona FC,14,885,20.41,63.8
Italy_Serie_A,2025-2026,Hellas Verona FC,15,1333,25.79,49.7
Eredivisie,2025-2026,Alkmaar Zaanstreek,0,1391,24.12,58.9
Eredivisie,2025-2026,Alkmaar Zaanstreek,1,1091,19.11,70.9
Eredivisie,2025-2026,Alkmaar Zaanstreek,2,1190,17.2,82.5
Eredivisie,2025-2026,Alkmaar Zaanstreek,3,1094,16.68,85.1
Eredivisie,2025-2026,Alkmaar Zaanstreek,4,983,16.34,90.8
Eredivisie,2025-2026,Alkmaar Zaanstreek,5,728,15.08,94.6
Eredivisie,2025-2026,Alkmaar Zaanstreek,6,668,15.28,95.4
Eredivisie,2025-2026,Alkmaar Zaanstreek,7,580,14.12,92.2
Eredivisie,2025-2026,Alkmaar Zaanstreek,8,591,13.81,95.3
Eredivisie,2025-2026,Alkmaar Zaanstreek,9,587,14.79,95.6
Eredivisie,2025-2026,Alkmaar Zaanstreek,10,765,14.56,92.3
Eredivisie,2025-2026,Alkmaar Zaanstreek,11,863,16.99,88.1
Eredivisie,2025-2026,Alkmaar Zaanstreek,12,1089,17.24,86.9
Eredivisie,2025-2026,Alkmaar Zaanstreek,13,1051,17.6,83.6
Eredivisie,2025-2026,Alkmaar Zaanstreek,14,958,19.17,75.1
Eredivisie,2025-2026,Alkmaar Zaanstreek,15,1209,22.85,58.0
Eredivisie,2025-2026,FC Utrecht,0,1364,22.86,55.8
Eredivisie,2025-2026,FC Utrecht,1,981,19.44,70.9
Eredivisie,2025-2026,FC Utrecht,2,1119,17.43,79.7
Eredivisie,2025-2026,FC Utrecht,3,984,17.55,83.8
Eredivisie,2025-2026,FC Utrecht,4,702,15.76,89.2
Eredivisie,2025-2026,FC Utrecht,5,573,15.94,95.1
Eredivisie,2025-2026,FC Utrecht,6,452,16.42,96.2
Eredivisie,2025-2026,FC Utrecht,7,426,14.8,96.5
Eredivisie,2025-2026,FC Utrecht,8,518,14.55,95.6
Eredivisie,2025-2026,FC Utrecht,9,544,15.9,93.8
Eredivisie,2025-2026,FC Utrecht,10,545,14.97,91.4
Eredivisie,2025-2026,FC Utrecht,11,745,15.98,87.4
Eredivisie,2025-2026,FC Utrecht,12,999,17.43,81.7
Eredivisie,2025-2026,FC Utrecht,13,932,17.78,79.3
Eredivisie,2025-2026,FC Utrecht,14,861,19.66,67.6
Eredivisie,2025-2026,FC Utrecht,15,1267,24.5,55.2
Eredivisie,2025-2026,Feyenoord Rotterdam,0,1363,22.09,63.5
Eredivisie,2025-2026,Feyenoord Rotterdam,1,1116,18.67,75.3
Eredivisie,2025-2026,Feyenoord Rotterdam,2,1166,17.1,84.4
Eredivisie,2025-2026,Feyenoord Rotterdam,3,1075,16.13,85.6
Eredivisie,2025-2026,Feyenoord Rotterdam,4,853,15.16,87.9
Eredivisie,2025-2026,Feyenoord Rotterdam,5,638,14.17,91.2
Eredivisie,2025-2026,Feyenoord Rotterdam,6,550,14.57,95.8
Eredivisie,2025-2026,Feyenoord Rotterdam,7,478,13.42,96.2
Eredivisie,2025-2026,Feyenoord Rotterdam,8,532,14.23,94.0
Eredivisie,2025-2026,Feyenoord Rotterdam,9,642,14.14,96.4
Eredivisie,2025-2026,Feyenoord Rotterdam,10,671,13.9,92.5
Eredivisie,2025-2026,Feyenoord Rotterdam,11,803,15.31,86.9
Eredivisie,2025-2026,Feyenoord Rotterdam,12,1043,16.27,82.6
Eredivisie,2025-2026,Feyenoord Rotterdam,13,1125,17.79,81.2
Eredivisie,2025-2026,Feyenoord Rotterdam,14,1004,18.78,74.6
Eredivisie,2025-2026,Feyenoord Rotterdam,15,1238,21.64,59.5
Eredivisie,2025-2026,PSV Eindhoven,0,1551,20.0,67.4
Eredivisie,2025-2026,PSV Eindhoven,1,1376,18.66,81.2
Eredivisie,2025-2026,PSV Eindhoven,2,1463,16.97,86.7
Eredivisie,2025-2026,PSV Eindhoven,3,1388,16.4,87.3
Eredivisie,2025-2026,PSV Eindhoven,4,1191,15.24,89.8
Eredivisie,2025-2026,PSV Eindhoven,5,760,14.61,95.9
Eredivisie,2025-2026,PSV Eindhoven,6,782,15.1,97.2
Eredivisie,2025-2026,PSV Eindhoven,7,730,13.53,95.1
Eredivisie,2025-2026,PSV Eindhoven,8,776,13.53,95.9
Eredivisie,2025-2026,PSV Eindhoven,9,751,14.87,96.0
Eredivisie,2025-2026,PSV Eindhoven,10,898,14.82,94.4
Eredivisie,2025-2026,PSV Eindhoven,11,1140,16.1,90.4
Eredivisie,2025-2026,PSV Eindhoven,12,1426,16.57,85.4
Eredivisie,2025-2026,PSV Eindhoven,13,1371,17.35,86.6
Eredivisie,2025-2026,PSV Eindhoven,14,1237,17.69,80.8
Eredivisie,2025-2026,PSV Eindhoven,15,1485,20.11,68.8
Eredivisie,2025-2026,FC Groningen,0,1498,22.94,56.2
Eredivisie,2025-2026,FC Groningen,1,1067,19.85,67.1
Eredivisie,2025-2026,FC Groningen,2,1131,18.35,80.6
Eredivisie,2025-2026,FC Groningen,3,949,16.82,82.0
Eredivisie,2025-2026,FC Groningen,4,810,15.06,88.1
Eredivisie,2025-2026,FC Groningen,5,631,14.92,93.3
Eredivisie,2025-2026,FC Groningen,6,555,16.82,97.1
Eredivisie,2025-2026,FC Groningen,7,525,16.13,95.6
Eredivisie,2025-2026,FC Groningen,8,539,15.6,96.1
Eredivisie,2025-2026,FC Groningen,9,584,16.3,95.5
Eredivisie,2025-2026,FC Groningen,10,609,15.19,94.6
Eredivisie,2025-2026,FC Groningen,11,675,14.96,87.6
Eredivisie,2025-2026,FC Groningen,12,872,16.96,84.6
Eredivisie,2025-2026,FC Groningen,13,1043,18.93,76.7
Eredivisie,2025-2026,FC Groningen,14,1101,21.71,69.5
Eredivisie,2025-2026,FC Groningen,15,1295,23.79,55.5
Eredivisie,2025-2026,Fortuna Sittard,0,1324,26.94,46.9
Eredivisie,2025-2026,Fortuna Sittard,1,835,20.66,65.6
Eredivisie,2025-2026,Fortuna Sittard,2,891,17.78,79.3
Eredivisie,2025-2026,Fortuna Sittard,3,788,16.79,81.6
Eredivisie,2025-2026,Fortuna Sittard,4,706,14.67,88.5
Eredivisie,2025-2026,Fortuna Sittard,5,514,14.5,93.6
Eredivisie,2025-2026,Fortuna Sittard,6,442,15.5,95.7
Eredivisie,2025-2026,Fortuna Sittard,7,391,14.4,94.4
Eredivisie,2025-2026,Fortuna Sittard,8,482,14.96,93.2
Eredivisie,2025-2026,Fortuna Sittard,9,558,15.75,96.2
Eredivisie,2025-2026,Fortuna Sittard,10,495,14.24,92.5
Eredivisie,2025-2026,Fortuna Sittard,11,609,14.96,86.5
Eredivisie,2025-2026,Fortuna Sittard,12,824,16.02,80.6
Eredivisie,2025-2026,Fortuna Sittard,13,851,16.46,77.4
Eredivisie,2025-2026,Fortuna Sittard,14,802,19.4,64.7
Eredivisie,2025-2026,Fortuna Sittard,15,1226,26.4,48.2
Eredivisie,2025-2026,SBV Excelsior,0,1337,25.03,50.5
Eredivisie,2025-2026,SBV Excelsior,1,925,20.43,67.8
Eredivisie,2025-2026,SBV Excelsior,2,933,19.36,78.0
Eredivisie,2025-2026,SBV Excelsior,3,845,18.61,83.4
Eredivisie,2025-2026,SBV Excelsior,4,735,17.8,88.7
Eredivisie,2025-2026,SBV Excelsior,5,694,17.71,95.2
Eredivisie,2025-2026,SBV Excelsior,6,553,18.09,96.7
Eredivisie,2025-2026,SBV Excelsior,7,523,15.58,95.0
Eredivisie,2025-2026,SBV Excelsior,8,586,16.59,94.2
Eredivisie,2025-2026,SBV Excelsior,9,592,17.1,94.6
Eredivisie,2025-2026,SBV Excelsior,10,667,17.05,95.4
Eredivisie,2025-2026,SBV Excelsior,11,779,17.15,87.8
Eredivisie,2025-2026,SBV Excelsior,12,876,18.89,82.5
Eredivisie,2025-2026,SBV Excelsior,13,922,19.94,78.7
Eredivisie,2025-2026,SBV Excelsior,14,950,24.47,66.6
Eredivisie,2025-2026,SBV Excelsior,15,1347,26.76,50.3
Eredivisie,2025-2026,Go Ahead Eagles,0,1334,25.42,56.0
Eredivisie,2025-2026,Go Ahead Eagles,1,1036,21.31,69.5
Eredivisie,2025-2026,Go Ahead Eagles,2,981,19.17,77.4
Eredivisie,2025-2026,Go Ahead Eagles,3,949,18.61,82.9
Eredivisie,2025-2026,Go Ahead Eagles,4,784,15.97,86.1
Eredivisie,2025-2026,Go Ahead Eagles,5,673,15.36,95.4
Eredivisie,2025-2026,Go Ahead Eagles,6,550,15.92,96.5
Eredivisie,2025-2026,Go Ahead Eagles,7,486,13.9,95.3
Eredivisie,2025-2026,Go Ahead Eagles,8,597,14.72,95.1
Eredivisie,2025-2026,Go Ahead Eagles,9,601,15.19,95.2
Eredivisie,2025-2026,Go Ahead Eagles,10,676,15.72,94.4
Eredivisie,2025-2026,Go Ahead Eagles,11,776,16.78,89.0
Eredivisie,2025-2026,Go Ahead Eagles,12,952,17.46,81.6
Eredivisie,2025-2026,Go Ahead Eagles,13,1065,19.42,78.8
Eredivisie,2025-2026,Go Ahead Eagles,14,1025,21.29,71.0
Eredivisie,2025-2026,Go Ahead Eagles,15,1138,25.59,55.1
Eredivisie,2025-2026,NAC Breda,0,1386,24.18,54.4
Eredivisie,2025-2026,NAC Breda,1,1005,20.35,67.8
Eredivisie,2025-2026,NAC Breda,2,1002,17.43,79.4
Eredivisie,2025-2026,NAC Breda,3,897,17.4,83.1
Eredivisie,2025-2026,NAC Breda,4,695,15.66,87.3
Eredivisie,2025-2026,NAC Breda,5,531,14.35,93.8
Eredivisie,2025-2026,NAC Breda,6,535,15.46,95.0
Eredivisie,2025-2026,NAC Breda,7,458,14.81,94.8
Eredivisie,2025-2026,NAC Breda,8,442,14.62,95.0
Eredivisie,2025-2026,NAC Breda,9,530,15.31,95.7
Eredivisie,2025-2026,NAC Breda,10,638,14.48,93.4
Eredivisie,2025-2026,NAC Breda,11,756,16.19,85.1
Eredivisie,2025-2026,NAC Breda,12,894,17.02,74.7
Eredivisie,2025-2026,NAC Breda,13,966,17.16,74.2
Eredivisie,2025-2026,NAC Breda,14,946,18.19,69.5
Eredivisie,2025-2026,NAC Breda,15,1322,22.96,55.4
Eredivisie,2025-2026,SC Heerenveen,0,1511,25.41,55.7
Eredivisie,2025-2026,SC Heerenveen,1,1171,20.09,69.3
Eredivisie,2025-2026,SC Heerenveen,2,1148,18.23,82.4
Eredivisie,2025-2026,SC Heerenveen,3,944,16.65,83.6
Eredivisie,2025-2026,SC Heerenveen,4,751,15.58,88.7
Eredivisie,2025-2026,SC Heerenveen,5,666,14.65,94.1
Eredivisie,2025-2026,SC Heerenveen,6,565,15.44,94.9
Eredivisie,2025-2026,SC Heerenveen,7,518,14.85,94.0
Eredivisie,2025-2026,SC Heerenveen,8,542,14.74,95.8
Eredivisie,2025-2026,SC Heerenveen,9,619,15.53,96.4
Eredivisie,2025-2026,SC Heerenveen,10,673,14.79,93.2
Eredivisie,2025-2026,SC Heerenveen,11,781,16.4,85.9
Eredivisie,2025-2026,SC Heerenveen,12,956,17.05,81.7
Eredivisie,2025-2026,SC Heerenveen,13,1078,18.14,80.8
Eredivisie,2025-2026,SC Heerenveen,14,1041,19.61,71.2
Eredivisie,2025-2026,SC Heerenveen,15,1309,24.04,57.6
Eredivisie,2025-2026,SC Telstar,0,1325,24.85,53.8
Eredivisie,2025-2026,SC Telstar,1,944,22.2,67.6
Eredivisie,2025-2026,SC Telstar,2,874,19.73,78.8
Eredivisie,2025-2026,SC Telstar,3,789,18.05,80.1
Eredivisie,2025-2026,SC Telstar,4,603,16.0,85.7
Eredivisie,2025-2026,SC Telstar,5,521,15.84,93.3
Eredivisie,2025-2026,SC Telstar,6,487,16.03,95.5
Eredivisie,2025-2026,SC Telstar,7,458,15.44,92.8
Eredivisie,2025-2026,SC Telstar,8,453,15.43,94.5
Eredivisie,2025-2026,SC Telstar,9,453,15.03,95.8
Eredivisie,2025-2026,SC Telstar,10,559,15.54,91.2
Eredivisie,2025-2026,SC Telstar,11,579,15.98,86.7
Eredivisie,2025-2026,SC Telstar,12,750,18.16,77.1
Eredivisie,2025-2026,SC Telstar,13,847,19.07,75.4
Eredivisie,2025-2026,SC Telstar,14,900,22.1,68.1
Eredivisie,2025-2026,SC Telstar,15,1267,25.94,52.4
Eredivisie,2025-2026,Sparta Rotterdam,0,1257,26.8,53.9
Eredivisie,2025-2026,Sparta Rotterdam,1,960,20.74,69.5
Eredivisie,2025-2026,Sparta Rotterdam,2,973,19.27,78.5
Eredivisie,2025-2026,Sparta Rotterdam,3,938,18.52,82.4
Eredivisie,2025-2026,Sparta Rotterdam,4,775,17.07,85.7
Eredivisie,2025-2026,Sparta Rotterdam,5,595,16.35,94.3
Eredivisie,2025-2026,Sparta Rotterdam,6,578,17.49,96.0
Eredivisie,2025-2026,Sparta Rotterdam,7,512,16.18,94.5
Eredivisie,2025-2026,Sparta Rotterdam,8,458,15.64,94.3
Eredivisie,2025-2026,Sparta Rotterdam,9,538,16.07,94.6
Eredivisie,2025-2026,Sparta Rotterdam,10,614,15.22,93.2
Eredivisie,2025-2026,Sparta Rotterdam,11,677,16.65,87.0
Eredivisie,2025-2026,Sparta Rotterdam,12,889,18.26,81.8
Eredivisie,2025-2026,Sparta Rotterdam,13,1064,19.94,80.9
Eredivisie,2025-2026,Sparta Rotterdam,14,992,21.22,66.6
Eredivisie,2025-2026,Sparta Rotterdam,15,1159,26.0,56.7
Eredivisie,2025-2026,AFC Ajax,0,1433,21.93,64.9
Eredivisie,2025-2026,AFC Ajax,1,1182,18.46,74.6
Eredivisie,2025-2026,AFC Ajax,2,1432,18.05,85.3
Eredivisie,2025-2026,AFC Ajax,3,1276,17.17,88.2
Eredivisie,2025-2026,AFC Ajax,4,1077,16.12,89.5
Eredivisie,2025-2026,AFC Ajax,5,869,15.17,95.1
Eredivisie,2025-2026,AFC Ajax,6,732,15.43,96.4
Eredivisie,2025-2026,AFC Ajax,7,563,14.41,93.8
Eredivisie,2025-2026,AFC Ajax,8,614,14.22,94.8
Eredivisie,2025-2026,AFC Ajax,9,702,14.93,96.2
Eredivisie,2025-2026,AFC Ajax,10,928,14.58,94.7
Eredivisie,2025-2026,AFC Ajax,11,1142,15.76,92.2
Eredivisie,2025-2026,AFC Ajax,12,1365,16.6,87.2
Eredivisie,2025-2026,AFC Ajax,13,1322,17.57,85.9
Eredivisie,2025-2026,AFC Ajax,14,1150,18.35,77.9
Eredivisie,2025-2026,AFC Ajax,15,1336,21.9,61.6
Eredivisie,2025-2026,FC Twente,0,1323,21.0,59.3
Eredivisie,2025-2026,FC Twente,1,1202,19.29,68.3
Eredivisie,2025-2026,FC Twente,2,1266,18.59,77.9
Eredivisie,2025-2026,FC Twente,3,1177,17.03,84.0
Eredivisie,2025-2026,FC Twente,4,883,17.43,90.4
Eredivisie,2025-2026,FC Twente,5,681,15.98,95.6
Eredivisie,2025-2026,FC Twente,6,564,15.31,95.6
Eredivisie,2025-2026,FC Twente,7,515,13.81,94.6
Eredivisie,2025-2026,FC Twente,8,550,13.81,94.0
Eredivisie,2025-2026,FC Twente,9,667,15.15,95.4
Eredivisie,2025-2026,FC Twente,10,732,14.27,94.3
Eredivisie,2025-2026,FC Twente,11,921,16.0,91.2
Eredivisie,2025-2026,FC Twente,12,1120,16.8,86.2
Eredivisie,2025-2026,FC Twente,13,1271,18.55,81.4
Eredivisie,2025-2026,FC Twente,14,1165,21.09,69.7
Eredivisie,2025-2026,FC Twente,15,1290,23.3,55.3
Eredivisie,2025-2026,FC Volendam,0,1239,27.09,53.5
Eredivisie,2025-2026,FC Volendam,1,949,20.64,72.2
Eredivisie,2025-2026,FC Volendam,2,956,18.77,81.8
Eredivisie,2025-2026,FC Volendam,3,733,17.14,82.3
Eredivisie,2025-2026,FC Volendam,4,622,16.18,86.7
Eredivisie,2025-2026,FC Volendam,5,533,16.34,94.2
Eredivisie,2025-2026,FC Volendam,6,435,15.49,95.2
Eredivisie,2025-2026,FC Volendam,7,416,15.3,95.2
Eredivisie,2025-2026,FC Volendam,8,501,14.95,93.8
Eredivisie,2025-2026,FC Volendam,9,550,16.87,96.7
Eredivisie,2025-2026,FC Volendam,10,564,15.93,93.8
Eredivisie,2025-2026,FC Volendam,11,603,16.98,86.6
Eredivisie,2025-2026,FC Volendam,12,782,18.28,84.7
Eredivisie,2025-2026,FC Volendam,13,859,19.12,78.2
Eredivisie,2025-2026,FC Volendam,14,882,21.25,66.0
Eredivisie,2025-2026,FC Volendam,15,1114,26.5,53.1
Eredivisie,2025-2026,Heracles Almelo,0,1238,27.32,48.9
Eredivisie,2025-2026,Heracles Almelo,1,817,19.47,66.2
Eredivisie,2025-2026,Heracles Almelo,2,827,18.35,77.6
Eredivisie,2025-2026,Heracles Almelo,3,730,17.77,79.3
Eredivisie,2025-2026,Heracles Almelo,4,587,16.0,85.3
Eredivisie,2025-2026,Heracles Almelo,5,475,15.43,93.1
Eredivisie,2025-2026,Heracles Almelo,6,453,16.28,96.7
Eredivisie,2025-2026,Heracles Almelo,7,431,15.68,92.6
Eredivisie,2025-2026,Heracles Almelo,8,460,14.86,91.7
Eredivisie,2025-2026,Heracles Almelo,9,500,15.52,96.4
Eredivisie,2025-2026,Heracles Almelo,10,478,15.38,93.1
Eredivisie,2025-2026,Heracles Almelo,11,594,16.2,85.2
Eredivisie,2025-2026,Heracles Almelo,12,750,17.09,81.7
Eredivisie,2025-2026,Heracles Almelo,13,843,17.56,80.3
Eredivisie,2025-2026,Heracles Almelo,14,858,20.65,69.7
Eredivisie,2025-2026,Heracles Almelo,15,1180,27.09,53.4
Eredivisie,2025-2026,Nijmegen Eendracht Combinatie,0,1516,26.18,54.2
Eredivisie,2025-2026,Nijmegen Eendracht Combinatie,1,1200,21.82,68.2
Eredivisie,2025-2026,Nijmegen Eendracht Combinatie,2,1118,17.67,79.3
Eredivisie,2025-2026,Nijmegen Eendracht Combinatie,3,907,16.2,83.5
Eredivisie,2025-2026,Nijmegen Eendracht Combinatie,4,739,14.67,88.1
Eredivisie,2025-2026,Nijmegen Eendracht Combinatie,5,599,14.4,94.7
Eredivisie,2025-2026,Nijmegen Eendracht Combinatie,6,609,16.42,97.2
Eredivisie,2025-2026,Nijmegen Eendracht Combinatie,7,536,15.61,95.3
Eredivisie,2025-2026,Nijmegen Eendracht Combinatie,8,535,15.44,96.1
Eredivisie,2025-2026,Nijmegen Eendracht Combinatie,9,625,16.24,96.3
Eredivisie,2025-2026,Nijmegen Eendracht Combinatie,10,675,14.61,93.9
Eredivisie,2025-2026,Nijmegen Eendracht Combinatie,11,726,14.76,86.5
Eredivisie,2025-2026,Nijmegen Eendracht Combinatie,12,941,15.68,80.0
Eredivisie,2025-2026,Nijmegen Eendracht Combinatie,13,1117,18.04,75.2
Eredivisie,2025-2026,Nijmegen Eendracht Combinatie,14,1006,19.01,74.0
Eredivisie,2025-2026,Nijmegen Eendracht Combinatie,15,1282,24.8,55.2
Eredivisie,2025-2026,PEC Zwolle,0,1360,24.98,52.9
Eredivisie,2025-2026,PEC Zwolle,1,934,20.41,66.4
Eredivisie,2025-2026,PEC Zwolle,2,860,17.81,80.1
Eredivisie,2025-2026,PEC Zwolle,3,733,17.0,85.3
Eredivisie,2025-2026,PEC Zwolle,4,673,15.21,90.3
Eredivisie,2025-2026,PEC Zwolle,5,497,15.5,92.0
Eredivisie,2025-2026,PEC Zwolle,6,492,14.84,95.3
Eredivisie,2025-2026,PEC Zwolle,7,488,14.15,93.9
Eredivisie,2025-2026,PEC Zwolle,8,481,14.81,94.4
Eredivisie,2025-2026,PEC Zwolle,9,560,15.76,95.4
Eredivisie,2025-2026,PEC Zwolle,10,537,14.89,94.8
Eredivisie,2025-2026,PEC Zwolle,11,642,15.57,90.0
Eredivisie,2025-2026,PEC Zwolle,12,887,16.84,85.6
Eredivisie,2025-2026,PEC Zwolle,13,864,18.15,80.8
Eredivisie,2025-2026,PEC Zwolle,14,834,19.4,66.4
Eredivisie,2025-2026,PEC Zwolle,15,1257,24.43,53.3
