liga,temporada,equipo,id,nombre,posicion,dorsal,Aerial Duels,Aerial Duels lost,Aerial Duels won,Appearances,Assists (Intentional),Backward Passes,Blocked Shots,Blocks,Carries,Corners Taken (incl short corners),Corners Won,Duels,Duels lost,Duels won,Final Third Touches,Forward Passes,Foul Attempted Tackle,Games Played,Goal Assists,Goals,Goals Conceded,Goals Conceded Inside Box,Goals Conceded Outside Box,Goals Openplay,Goals from Inside Box,Ground Duels,Ground Duels lost,Ground Duels won,Handballs conceded,Interceptions,Key Passes (Attempt Assists),Left Foot Goals,Leftside Passes,Offsides,Open Play Passes,Overruns,Penalty Goals Conceded,Progressive Carries,PutThrough/Blocked Distribution,PutThrough/Blocked Distribution Won,Recoveries,Rightside Passes,Shots Created,Shots Off Target (inc woodwork),Shots On Target ( inc goals ),Starts,Substitute Off,Substitute On,Successful Corners into Box,Successful Crosses & Corners,Successful Crosses open play,Successful Dribbles,Successful Lay-offs,Successful Long Passes,Successful Open Play Passes,Successful Passes Opposition Half,Successful Passes Own Half,Successful Short Passes,Tackles Lost,Tackles Won,Through balls,Throw Ins to Own Player,Time Played,Times Tackled,Total Big Chances Created,Total Big Chances Missed,Total Big Chances Saved,Total Clearances,Total Fouls Conceded,Total Fouls Won,Total Losses Of Possession,Total Passes,Total Shots,Total Successful Passes ( Excl Crosses & Corners ) ,Total Tackles,Total Touches In Opposition Box,Total Unsuccessful Passes ( Excl Crosses & Corners ),Touches,Unsuccessful Crosses & Corners,Unsuccessful Crosses open play,Unsuccessful Dribbles,Unsuccessful Launches,Unsuccessful Long Passes,Unsuccessful Passes Opposition Half,Unsuccessful Passes Own Half,Unsuccessful Short Passes,Unsuccessful lay-offs,Yellow Cards,Home Goals,Away Goals,Winning Goal,Clearances Off the Line,Goals from Outside Box,Hit Woodwork,Own Goal Scored,Right Foot Goals,Successful Launches,Throw Ins to Opposition Player,Unsuccessful Corners into Box,Penalties Conceded,Total Big Chances Scored,Foul Won Penalty,Attempts from Set Pieces,Last Player Tackle,GK Successful Distribution,GK Unsuccessful Distribution,Goal Kicks,Goalkeeper Smother,Punches,Saves Made,Saves Made from Inside Box,Saves Made from Outside Box,Headed Goals,Second Goal Assists,Penalties Taken,Penalty Goals,Direct Setpiece Goals,Set Pieces Goals,Catches,Drops,Penalties Faced,Saves made - caught,Saves made - parried,Straight Red Cards,Total Red Cards,Clean Sheets,Red Cards - 2nd Yellow,Penalties Saved,Saves from Penalty,Other Goals,Penalties Off Target,Crosses not Claimed
Germany_Bundesliga,2025-2026,1. FC Heidenheim 1846,6x4ywqmispidw0tznzpjwd1hx,A. Beck,Midfielder,21,22,15,7,20,1,77,3,4,126,1,6,113,61,52,147,89,6,20,1,1,20,19,1,1,1,91,46,45,1,4,13,1,86,1,329,1,2,46,14,7,53,81,14,3,4,8,7,12,1,2,1,17,13,12,271,163,114,263,2,13,1,2,771,25,1,1,1,8,12,13,111,333,7,275,15,15,58,484,9,7,11,3,5,48,19,53,2,1,0,1,0,,,,,,,,,,,,,,,,,,,,,,,,,,,,,,,,,,,,,,,,,
Germany_Bundesliga,2025-2026,1. FC Heidenheim 1846,e0ywbn79yd3cd9kfngcgffxg4,H. Behrens,Midfielder,26,17,7,10,10,2,49,3,4,83,8,8,92,33,59,128,126,2,10,2,1,20,19,1,,,75,26,49,,5,8,,21,1,275,1,3,47,20,8,50,83,10,,3,9,2,1,4,9,5,10,,12,195,100,108,187,10,10,1,46,779,10,5,,1,36,3,19,168,279,3,199,20,11,80,553,25,22,4,12,22,79,26,58,,,1,0,0,1,1,1,1,1,2,32,3,,,,,,,,,,,,,,,,,,,,,,,,,,,,,,,,,
Germany_Bundesliga,2025-2026,1. FC Heidenheim 1846,98glpci54ztzmd3yn1kttlvpx,M. Busch,Defender,2,36,21,15,24,2,99,3,9,119,,7,108,55,53,182,188,5,24,3,1,35,33,2,1,1,72,34,38,1,23,10,1,210,1,548,,3,64,35,16,63,57,12,3,2,15,6,9,,7,7,3,6,49,443,211,244,399,11,18,1,73,1507,9,6,1,,69,14,6,180,554,5,448,29,7,106,893,36,36,8,19,39,119,23,67,,3,0,1,0,,,,,,8,15,,,,,,,,,,,,,,,,,,,,,,,,,,,,,,,,,,
Germany_Bundesliga,2025-2026,1. FC Heidenheim 1846,6hh1y9t572yqk7d1zegi0hm5m,C. Conteh,Forward,10,2,2,,5,,10,1,,37,,3,29,19,10,65,13,1,5,,,8,8,,,,27,17,10,,2,4,,8,1,59,,1,23,5,3,7,28,4,2,,4,3,1,,2,2,5,2,1,47,42,7,46,1,1,1,,327,11,2,,,5,4,3,42,59,2,47,2,18,12,120,6,6,8,,1,17,1,11,,,,,0,,,,,,,,,1,,,,,,,,,,,,,,,,,,,,,,,,,,,,,,,,
Germany_Bundesliga,2025-2026,1. FC Heidenheim 1846,1sun9nitagc7ikkpwzrdkj179,S. Conteh,Forward,31,26,17,9,15,1,38,1,,42,,4,64,35,29,105,33,4,15,1,2,16,15,1,2,2,38,18,20,,4,7,,49,8,128,1,1,23,9,2,17,10,8,6,3,3,2,12,,6,6,3,7,4,85,62,31,83,,7,1,2,619,8,,2,,5,7,10,81,130,9,87,7,21,43,234,10,10,6,5,8,41,12,35,1,1,2,0,1,,,,,2,2,,,,2,,,,,,,,,,,,,,,,,,,,,,,,,,,,,,,
Germany_Bundesliga,2025-2026,1. FC Heidenheim 1846,630sqbiu7utmkg8yw0h4ky8a2,E. Dinkçi,Forward,8,9,7,2,17,,51,1,,106,,7,85,52,33,142,104,4,17,1,1,24,23,1,1,1,76,45,31,,8,6,,91,,282,2,3,58,26,14,60,38,7,13,4,11,5,6,,6,6,9,6,13,200,121,87,189,9,10,2,4,957,21,,3,,8,8,3,151,284,17,202,19,21,82,467,18,17,12,11,25,77,23,57,,2,1,0,0,,,,,1,4,,,,1,1,,,,,,,,,,,,,,,,,,,,,,,,,,,,,,
Germany_Bundesliga,2025-2026,1. FC Heidenheim 1846,5q3ft0wiy6lsy937j7nw6msq1,N. Dorsch,Midfielder,30,20,7,13,26,1,144,5,4,241,20,7,161,66,95,183,194,17,26,1,,45,39,6,,,141,59,82,3,15,19,,216,1,748,,2,104,25,16,123,263,20,5,3,22,13,4,7,12,2,11,8,69,662,355,381,655,26,26,2,3,1844,23,5,,,32,27,20,166,817,8,724,52,10,93,1118,12,4,9,9,29,86,19,64,1,2,,,0,,,,,,2,,5,1,,,1,1,,,,,,,,,,,,,,,,,,,,,,,,,,,,
Germany_Bundesliga,2025-2026,1. FC Heidenheim 1846,ijttr9nlo90ugxg03kyv7pxw,F. Feller,Goalkeeper,40,,,,1,,,,,10,,,2,1,1,,23,,1,,,2,2,,,,2,1,1,,,,,11,,35,,,8,,,10,11,,,,1,,,,,,,,10,28,7,27,24,,,,,90,,,,1,2,,,12,45,,34,,,11,57,,,,9,11,11,,,,,,,0,,,,,,4,,,,,,,,8,1,5,1,1,4,3,1,,,,,,,,,,,,,,,,,,,,
Germany_Bundesliga,2025-2026,1. FC Heidenheim 1846,5dcemmjwbguvnz7sz0m8uomad,J. Föhrenbach,Defender,19,30,16,14,21,1,108,4,5,113,26,14,114,54,60,279,220,6,21,1,1,42,37,5,,1,84,38,46,,24,19,,42,1,568,,1,73,48,21,52,212,20,,1,19,3,2,6,19,12,1,3,19,439,228,243,433,13,20,,115,1787,11,3,,,66,13,12,231,582,1,452,33,17,130,1008,58,41,7,29,46,139,49,84,,3,1,0,0,,,,,,5,15,13,,1,,,1,,,,,,,,,1,,,,,,,,,,,,,,,,,,,
Germany_Bundesliga,2025-2026,1. FC Heidenheim 1846,2hrvu72syd3vyic6ylygxbyl1,B. Gimber,Defender,5,46,19,27,21,,70,1,7,158,,1,165,67,98,31,232,9,21,,,40,36,4,,,119,48,71,,13,1,,110,,619,3,3,80,23,18,48,251,1,2,2,18,8,3,,3,3,5,1,35,514,143,416,521,16,19,,5,1437,12,1,,,89,27,31,135,663,4,556,35,12,107,936,2,2,2,29,53,77,32,54,,6,,,0,,,,,,12,,,1,,,,,22,,22,,,,,,,,,,,,,,,,,,,,,,,,,
Germany_Bundesliga,2025-2026,1. FC Heidenheim 1846,euywniqwcq40dqoo55xni961h,M. Honsak,Forward,17,30,18,12,23,,71,6,1,107,2,9,136,78,58,196,68,4,23,,,28,26,2,,,106,60,46,,17,10,,31,9,251,1,2,60,29,15,60,88,10,15,5,13,12,10,,3,3,15,5,10,182,114,78,179,8,11,1,11,1071,42,2,4,,25,10,13,181,258,20,189,19,32,69,551,21,19,22,2,5,63,27,64,1,1,,,0,,,1,,,1,1,1,,,,,,,,,,,,,,,1,,,,,,,,,,,,,,,,,,
Germany_Bundesliga,2025-2026,1. FC Heidenheim 1846,5bnq6c53ofgo9msqn3vlobpm2,A. Ibrahimović,Midfielder,22,59,36,23,26,2,160,12,3,234,62,20,208,118,90,478,200,5,26,2,1,43,39,4,,1,149,82,67,,18,43,,178,4,652,5,4,123,46,27,105,174,45,12,17,21,11,5,15,29,11,15,24,38,466,327,220,480,14,14,3,20,1873,39,7,6,,18,10,25,384,712,29,518,28,64,194,1168,78,32,23,10,33,230,42,161,3,2,1,0,0,,,1,,1,7,5,33,,1,,5,,,,,,,,,,,,1,1,,,,,,,,,,,,,,,,
Germany_Bundesliga,2025-2026,1. FC Heidenheim 1846,etfmz143p0d2yowiiijd8g6sq,M. Kaufmann,Forward,29,53,31,22,15,1,20,3,1,18,,1,96,59,37,66,23,7,15,1,1,9,8,1,1,1,43,28,15,2,1,3,,25,1,92,2,1,7,15,7,12,27,4,5,3,6,7,9,,1,1,,7,2,60,37,27,61,1,2,,,525,10,3,4,,10,14,13,56,95,8,63,3,21,32,179,,,1,2,3,22,10,29,1,2,1,0,0,,,,,1,,,,,,,,,,,,,,,,,,,,,,,,,,,,,,,,,,,,
Germany_Bundesliga,2025-2026,1. FC Heidenheim 1846,1675dd1p91lb20f9b3w5v067e,T. Keller,Midfielder,27,8,4,4,4,,15,1,,21,,,14,6,8,4,42,,4,,,3,2,1,,,6,2,4,,,,,38,,119,,,10,6,4,7,24,,1,,3,2,1,,,,1,1,5,99,24,75,94,,1,,,187,,,,,10,3,2,23,119,1,99,1,1,20,146,1,1,,1,7,19,2,13,,1,,,0,,,,,,,,,,,,1,,,,,,,,,,,,,,,,,,,,,,,,,,,,,
Germany_Bundesliga,2025-2026,1. FC Heidenheim 1846,6wpahdttyk7458xipbx7lk1lg,L. Kerber,Midfielder,20,25,13,12,14,,16,1,3,22,,1,70,41,29,45,36,2,14,,2,17,15,2,,2,45,28,17,,3,2,,22,1,104,1,1,8,8,3,9,30,2,4,3,8,6,6,,1,1,,3,6,73,34,40,67,2,10,,1,625,7,,2,,15,11,5,49,104,7,73,12,15,31,188,3,3,4,3,6,25,9,25,,3,2,0,0,,,,,1,1,,,,1,,,,,,,,,,,,1,,,,,,,,,,,,,,,,,,,
Germany_Bundesliga,2025-2026,1. FC Heidenheim 1846,cxjhkrssym30glew7p7in04k4,A. Kölle,Defender,28,8,5,3,6,,3,,,4,,,17,12,5,10,13,2,6,,1,3,3,,,1,9,7,2,,1,1,1,13,,31,,,1,1,,1,2,1,1,1,,,6,,1,1,,,2,21,7,15,19,,1,,,89,1,,1,,11,5,1,14,31,2,21,1,5,10,55,,,1,2,4,7,3,6,,1,0,1,0,,,,,,,,,,1,,,,,,,,,,,,,,,,,,,,,,,,,,,,,,,
Germany_Bundesliga,2025-2026,1. FC Heidenheim 1846,f46s4bfeipn0k33s0brsu4yl0,Léo Scienza,Midfielder,8,2,2,,2,,9,2,,32,5,2,25,13,12,38,9,,2,,1,5,4,1,,,23,11,12,,,3,,8,,30,1,1,19,4,3,7,11,3,1,1,2,,,1,2,1,3,,1,22,14,16,27,,2,1,2,180,8,3,,,,1,7,35,37,2,28,2,5,9,88,11,6,6,,1,18,2,8,,,1,0,0,,1,,,1,,,3,,,,1,,,,,,,,,,,,,,1,1,,,,,,,,,,,,,,
Germany_Bundesliga,2025-2026,1. FC Heidenheim 1846,9heh3f6hvyp4sgbu0ft4xfh05,P. Mainka,Defender,6,183,68,115,28,1,74,2,36,213,,4,267,95,172,90,385,6,28,1,2,63,57,6,,2,84,27,57,,27,8,1,375,2,1141,,5,110,25,18,95,323,9,21,7,28,,,,,,4,3,35,996,314,698,977,14,25,,5,2520,1,2,5,,212,8,15,159,1157,28,1012,39,48,145,1623,,,,39,53,95,50,92,,1,1,1,0,2,,,,,10,,,,1,,,1,,,,,,,,,1,,,,,,,,,,,,,,,,,,,
Germany_Bundesliga,2025-2026,1. FC Heidenheim 1846,ezsqr7bc70n69t97uvdsxvsut,K. Müller,Goalkeeper,1,,,,,,,,,,,,,,,,,,,,,,,,,,,,,,,,,,,,,,,,,,,,,,,,,,,,,,,,,,,,,,,,,,,,,,,,,,,,,,,,,,,,,,,,,,,,,,,,,,,,,,,,,,,,,,,,,,,,,,,,,,,,,,,,,,,,
Germany_Bundesliga,2025-2026,1. FC Heidenheim 1846,25rjy5k2ogin7zcxqhwflls2y,J. Niehues,Midfielder,16,37,15,22,21,,94,6,5,113,,3,98,47,51,91,176,3,21,,3,28,25,3,2,2,61,32,29,,20,6,2,139,1,527,2,3,43,23,14,67,140,6,8,5,15,12,6,,1,1,5,10,27,428,195,255,422,8,8,3,3,1249,11,1,1,,36,9,8,134,549,13,449,16,13,100,742,2,2,4,20,30,75,27,70,,1,1,2,0,,1,1,,1,5,,,,2,,,,,,,,,,,,,,,,,,,,,,,,,,,,,,,
Germany_Bundesliga,2025-2026,1. FC Heidenheim 1846,97u083i6ktyeu7xf6aqfotzp,L. Paçarada,Defender,32,,,,1,,,,,,,,1,1,,,1,,1,,,,,,,,1,1,,,,,,,,2,,,,,,,1,,,,1,1,,,,,,,,2,1,1,2,,,,,7,,,,,,,,,2,,2,,,,2,,,,,,,,,,,,,0,,,,,,,,,,,,,,,,,,,,,,,,,,,,,,,,,,,,,,,,,
Germany_Bundesliga,2025-2026,1. FC Heidenheim 1846,dgubl900t52nssngev6atayju,M. Pieringer,Forward,18,92,51,41,21,,74,2,1,103,,4,193,105,88,179,82,8,21,,4,30,27,3,2,4,101,54,47,2,8,12,,67,8,268,2,4,51,22,11,32,54,12,14,7,14,10,7,,2,2,12,28,2,177,103,85,184,4,11,1,3,1186,23,2,4,,25,28,22,169,277,21,186,15,48,91,506,10,10,10,4,13,87,14,78,7,2,3,1,0,,,,,3,,,,,3,1,,,,,,,,,,,1,,1,1,,,,,,,,,,,,,,,,
Germany_Bundesliga,2025-2026,1. FC Heidenheim 1846,f2ibn3ej2doay3b4u8ezeix62,D. Ramaj,Goalkeeper,41,13,2,11,27,,,,,221,,3,19,6,13,,757,2,27,,,61,55,6,,,6,4,2,,,,,322,,941,,5,127,2,,288,233,,,,27,,,,,,,,315,671,192,672,549,,1,,,2430,1,,,17,39,2,2,458,1312,,864,1,,448,1611,,,,259,445,398,50,3,,1,,,0,,,,,,94,,,1,,,,,229,71,187,4,15,91,62,28,,,,,,,30,5,6,1,17,,,,,,,,,
Germany_Bundesliga,2025-2026,1. FC Heidenheim 1846,bxjma7xz3874tvgcvwji3mplg,N. Rothweiler,Midfielder,33,,,,,,,,,,,,,,,,,,,,,,,,,,,,,,,,,,,,,,,,,,,,,,,,,,,,,,,,,,,,,,,,,,,,,,,,,,,,,,,,,,,,,,,,,,,,,,,,,,,,,,,,,,,,,,,,,,,,,,,,,,,,,,,,,,,,
Germany_Bundesliga,2025-2026,1. FC Heidenheim 1846,4v1bqelw9bk1gftvzwzk6w6w9,S. Schimmer,Forward,9,56,31,25,21,,34,8,,21,,8,89,52,37,131,38,5,21,1,5,16,16,,5,5,33,21,12,1,3,11,3,24,4,130,,,10,14,4,16,39,12,9,10,2,2,19,,3,3,1,17,5,84,65,27,84,3,3,,,682,7,2,8,,13,12,5,77,135,19,89,6,52,46,250,7,7,1,,1,48,5,45,4,1,2,3,1,,,2,,2,2,,,,3,,,,,,,,,,,,,,,,,,,,,,,,,,,,,,,
Germany_Bundesliga,2025-2026,1. FC Heidenheim 1846,bqjrib66m08p1qw8315ljc38q,J. Schöppner,Midfielder,3,79,40,39,25,1,89,8,7,135,,9,199,116,83,198,204,9,25,1,1,42,36,6,,1,120,76,44,1,30,7,,130,2,518,4,3,65,36,17,75,99,8,6,5,23,13,2,,2,2,10,16,16,351,173,184,339,12,10,3,3,1722,31,4,,,67,18,13,240,522,11,355,22,32,167,833,9,9,15,19,37,126,50,130,2,5,0,1,1,,,,,,4,,,1,1,,,,,,,,,,,,1,,,,,,,,,,,,,,,,,,,
Germany_Bundesliga,2025-2026,1. FC Heidenheim 1846,2o570lgb5c364c395zp1ccqqy,T. Siersleben,Defender,4,28,13,15,14,,36,,9,104,,,88,39,49,50,237,8,14,,,28,24,4,,,60,26,34,1,20,2,,72,1,503,,3,75,7,5,36,200,2,2,3,12,3,2,,3,3,,,37,404,155,292,407,8,15,,5,1081,4,,1,1,72,13,13,130,545,5,444,23,8,101,753,10,10,1,35,63,94,17,38,,2,,,0,1,,,,,5,,,1,,,,,31,,31,,,,,,,,,,,,,,,,,,,,,,,,,
Germany_Bundesliga,2025-2026,1. FC Heidenheim 1846,bno18pni4atsobrxawb31vdd6,L. Stergiou,Defender,25,7,2,5,5,,11,,4,16,,,24,10,14,11,25,2,5,,,7,7,,,,17,8,9,,2,,,32,,74,,,6,3,1,7,6,,1,,1,,4,,,,1,,7,58,23,35,51,4,3,,11,190,1,,,1,9,2,1,22,74,1,58,7,1,16,117,1,1,,2,5,11,6,11,,,,,0,1,,,,,,1,,,,,,1,,,,,,,,,,,,,,,,,,,,,,,,,,,,
Germany_Bundesliga,2025-2026,1. FC Heidenheim 1846,6dg2ztkkig9alktiq5zakbm5l,O. Traoré,Defender,23,31,21,10,24,1,98,2,1,133,,5,127,71,56,248,199,12,24,2,,40,36,4,,,96,50,46,2,13,11,,206,2,525,2,4,77,40,17,56,25,13,6,2,15,7,9,,3,3,11,1,32,409,210,204,379,10,8,,110,1379,22,3,1,,24,20,18,220,528,8,411,18,16,117,903,30,30,12,21,39,121,26,78,,2,,,0,,,,,,6,20,,,,,,,,,,,,,,,,,,,,,,,,,,,,,,,,,,
Germany_Bundesliga,2025-2026,1. FC Heidenheim 1846,73n2fn0lb6xge33xbrfcdiaga,P. Tschernuth,Goalkeeper,34,,,,,,,,,,,,,,,,,,,,,,,,,,,,,,,,,,,,,,,,,,,,,,,,,,,,,,,,,,,,,,,,,,,,,,,,,,,,,,,,,,,,,,,,,,,,,,,,,,,,,,,,,,,,,,,,,,,,,,,,,,,,,,,,,,,,
Germany_Bundesliga,2025-2026,1. FC Heidenheim 1846,46vqjnait1zb6tiaverz42bdg,Y. Wagner,Forward,38,1,1,,4,,5,1,,3,2,1,2,1,1,11,1,,4,,,,,,,,1,,1,,,2,,1,,9,,,3,2,1,1,3,2,,,,,4,1,2,1,,,,6,8,1,7,1,,,,45,,1,,,,,,4,10,,7,1,1,3,17,,,,,,3,,3,,,,,0,,,,,,,,,,,,,,,,,,,,,,,,,,,,,,,,,,,,,,,,,
Germany_Bundesliga,2025-2026,1. FC Heidenheim 1846,8vhqai1dxnmk0pjqt32tyb5ec,T. Weigel,Forward,37,,,,1,,,,,,,,,,,1,1,,1,,,,,,,,,,,,,,,1,,2,,,,,,,,,,,,,1,,,,,,,2,1,1,2,,,,,1,,,,,,,,,2,,2,,,,2,,,,,,,,,,,,,0,,,,,,,,,,,,,,,,,,,,,,,,,,,,,,,,,,,,,,,,,
Germany_Bundesliga,2025-2026,1. FC Heidenheim 1846,6hotzhpidcjljm3u0ud1uqsid,B. Zivzivadze,Forward,11,34,25,9,14,,32,2,1,58,,3,91,58,33,104,37,6,14,,1,23,20,3,1,1,57,33,24,1,1,3,,42,3,135,2,,26,12,5,23,34,3,6,7,10,7,4,,,,9,4,4,94,69,35,100,3,6,,,737,18,1,2,,8,9,6,85,145,13,104,9,26,41,259,2,2,8,2,6,32,11,35,2,1,1,0,0,,,,,1,,,,,1,,,,,,,,,,,,,,,,,,,,,,,1,1,,,,,,,
Germany_Bundesliga,2025-2026,1. FC Köln,10fuwkejg59w68jmx1ae0cfe1,R. Ache,Forward,9,225,99,126,27,4,75,12,4,43,,9,323,150,173,269,90,2,27,4,6,37,34,3,4,6,98,51,47,1,3,21,1,66,9,277,1,2,21,23,11,29,59,25,16,19,16,13,11,,,,8,31,3,160,127,46,170,5,8,1,,1598,35,5,12,,39,14,28,215,290,35,173,13,99,117,591,1,1,11,1,3,99,19,114,6,2,5,1,1,,,,,3,1,,,,5,1,,,,,,,,,,,2,,,,,,,,,,,,,,,,,,,
Germany_Bundesliga,2025-2026,1. FC Köln,6b7p3ncup75mpop91n0u1mw2d,M. Bülter,Forward,30,86,51,35,26,3,88,5,3,114,,11,150,88,62,265,92,3,26,4,3,17,14,3,3,3,64,37,27,,5,18,1,52,6,302,1,1,56,33,7,31,75,22,17,12,14,8,12,,15,15,3,22,13,216,162,74,208,2,2,1,5,1228,20,7,3,,12,13,23,197,307,29,221,4,55,86,561,40,40,8,12,14,112,14,72,5,3,2,1,2,1,,,,,2,1,,,2,,,,,,,,,,,,2,,,,,,,,,,,,,1,,,,,,
Germany_Bundesliga,2025-2026,1. FC Köln,7dayrhr0c60zbc1b6lig8pm8l,A. Castro-Montes,Midfielder,17,15,3,12,9,2,42,1,2,68,19,2,60,27,33,139,78,5,9,3,1,8,7,1,1,1,45,24,21,1,4,13,,50,,206,1,,39,13,10,25,44,16,2,1,5,3,4,5,16,9,1,1,7,158,123,56,156,,13,2,35,436,9,3,,,14,10,7,95,214,3,163,13,6,51,383,24,9,4,10,19,56,19,32,,2,0,1,0,,,,,1,1,4,12,1,1,,1,,,,,,,,,,,,,,,,,,,,,,,1,,,,,,
Germany_Bundesliga,2025-2026,1. FC Köln,4r3am2657ubdk372od3oqm1g,F. Chávez,Midfielder,27,,,,6,,12,3,,9,,,5,3,2,16,7,,6,,,1,,1,,,5,3,2,,1,1,,21,,51,,,4,1,1,2,11,1,,,,,6,,,,,5,4,47,31,16,43,,1,,,51,,,,,1,,1,7,51,,47,1,1,4,64,1,,,,1,5,,3,,,,,0,,,,,,,,,,,,,,,,,,,,,,,,,,,,,,,,,,,,,,,,,
Germany_Bundesliga,2025-2026,1. FC Köln,ekz97oo88fcqhay2w2hrhecyc,S. El Mala,Midfielder,13,30,15,15,28,3,93,9,,204,1,12,214,126,88,435,63,3,28,3,10,27,23,4,9,8,184,111,73,,4,13,1,21,16,264,9,,130,35,17,50,97,15,23,23,14,11,14,,8,8,36,4,3,188,160,46,195,8,11,3,20,1469,91,5,13,,5,11,18,260,274,46,198,19,105,76,689,27,27,57,1,5,92,11,71,5,2,6,4,1,,2,1,,8,,,,,5,,,,,,,,,,,,1,,,,,,,,,,,,,,,,,,,
Germany_Bundesliga,2025-2026,1. FC Köln,dzl1h7gbg5i9tv6wd9sbm89w4,D. Fürst,Defender,49,,,,,,,,,,,,,,,,,,,,,,,,,,,,,,,,,,,,,,,,,,,,,,,,,,,,,,,,,,,,,,,,,,,,,,,,,,,,,,,,,,,,,,,,,,,,,,,,,,,,,,,,,,,,,,,,,,,,,,,,,,,,,,,,,,,,
Germany_Bundesliga,2025-2026,1. FC Köln,cwr29t2879szijm010ae1u5m1,J. Gazibegović,Defender,25,,,,1,,1,,,2,,,,,,2,3,,1,,,1,1,,,,,,,,,,,,,6,,,1,,,,2,,,,,,1,,1,1,,,,5,2,4,5,,,,2,22,,,,,2,,,3,6,,5,,,1,14,,,,,,,1,1,,,,,0,,,,,,,1,,,,,,,,,,,,,,,,,,,,,,,,,,,,,,,,,,
Germany_Bundesliga,2025-2026,1. FC Köln,epolqic6f4kp4lif5cigccfmc,F. Harchaoui,Midfielder,34,,,,,,,,,,,,,,,,,,,,,,,,,,,,,,,,,,,,,,,,,,,,,,,,,,,,,,,,,,,,,,,,,,,,,,,,,,,,,,,,,,,,,,,,,,,,,,,,,,,,,,,,,,,,,,,,,,,,,,,,,,,,,,,,,,,,
Germany_Bundesliga,2025-2026,1. FC Köln,ns0d3voludn8of98yc2e6ehh,D. Heintz,Defender,3,18,5,13,8,,25,,4,54,,,33,10,23,10,75,1,8,,,6,6,,,,15,5,10,,5,1,,42,,251,,1,31,2,2,9,120,1,,,5,4,3,,,,3,,12,213,73,150,211,2,1,,2,381,1,,,,24,2,4,47,262,,223,3,,39,320,1,1,,9,19,32,8,20,,,,,0,,,,,,,,,1,,,,,3,,3,,,,,,,,,,,,,,,,,,,,,,,,,
Germany_Bundesliga,2025-2026,1. FC Köln,89s9fm31pcfq7l28kc2kad4kq,D. Huseinbašić,Midfielder,8,7,3,4,15,,80,4,1,125,,3,51,21,30,68,94,5,15,,,15,14,1,,,44,18,26,1,4,4,,137,,428,,1,76,6,4,32,119,4,2,,9,7,6,,,,1,12,13,387,193,196,376,8,9,1,1,725,6,,,,10,8,8,52,430,2,389,17,6,41,504,1,1,1,3,11,31,11,30,,1,,,0,,,,,,1,,,,,,,,,,,,,,,,,,,,,,,,,,,,,,,,,,,
Germany_Bundesliga,2025-2026,1. FC Köln,3tdsezcgdlm4laybvh4u49cr9,T. Hübers,Defender,4,41,20,21,8,,34,,5,60,,,80,34,46,16,121,2,8,,,9,7,2,,,39,14,25,1,11,,,128,,352,,2,28,9,5,24,84,,,,8,1,,,,,1,,19,305,108,212,301,5,9,,1,669,3,,,,61,8,10,58,367,,320,14,7,47,507,1,1,,9,16,25,23,31,,,,,0,,,,,,3,,,,,,,1,1,,1,,,,,,,,,,,,,,,,,,,2,,,,,,
Germany_Bundesliga,2025-2026,1. FC Köln,ej8pxizgwjx9qjacvc136yusq,Í. Jóhannesson,Midfielder,18,21,11,10,26,1,119,3,6,178,33,5,83,43,40,224,198,5,26,2,1,31,26,5,1,1,62,32,30,,6,21,1,261,2,660,2,3,79,17,8,53,118,23,5,2,17,11,9,10,20,8,4,13,41,556,352,250,541,10,12,6,4,1460,8,1,,,15,9,4,178,696,7,582,22,26,114,886,38,14,1,28,47,130,22,67,,4,0,1,0,1,,,,,4,1,18,,1,,3,,,,,,,,,,,1,,,,,,,,,,,,,,,,,,
Germany_Bundesliga,2025-2026,1. FC Köln,55z0yap5tml66nes2cchg7ahh,F. Kainz,Midfielder,11,2,1,1,13,1,25,3,,42,12,2,24,12,12,88,62,3,13,1,1,6,5,1,,,22,11,11,1,4,7,,44,,159,,,25,4,1,15,33,8,1,3,2,2,11,6,7,1,3,2,8,130,98,43,126,2,2,,6,249,4,,2,,4,4,4,49,164,4,134,4,5,30,226,12,4,,2,5,36,6,25,,1,1,0,1,,1,,,1,3,,4,,,,1,,,,,,,,,,,,,,1,1,,,,,,,,,,,,,,
Germany_Bundesliga,2025-2026,1. FC Köln,b7cso5zljdvzfila9zd4fz4ve,J. Kamiński,Midfielder,16,37,26,11,28,3,208,16,8,283,47,23,207,110,97,581,266,10,28,3,7,48,44,4,6,7,170,84,86,,19,42,1,125,4,786,4,3,156,53,24,103,220,45,13,23,28,4,,12,25,11,19,26,23,618,428,242,622,18,24,9,36,2499,51,9,3,1,32,13,25,370,819,36,645,42,101,174,1363,74,33,22,11,38,222,26,136,1,4,5,2,0,,,2,,6,2,10,32,,4,,2,,,,,,,,,,,1,,,,,,,,,,,,2,,,,,,
Germany_Bundesliga,2025-2026,1. FC Köln,4w8nqkhp6v62vs319a7qckfs9,L. Kilian,Defender,15,,,,,,,,,,,,,,,,,,,,,,,,,,,,,,,,,,,,,,,,,,,,,,,,,,,,,,,,,,,,,,,,,,,,,,,,,,,,,,,,,,,,,,,,,,,,,,,,,,,,,,,,,,,,,,,,,,,,,,,,,,,,,,,,,,,,
Germany_Bundesliga,2025-2026,1. FC Köln,dgysidzshgxqm3jegaihwi5wq,T. Krauß,Midfielder,5,27,14,13,23,,129,4,8,203,,7,175,69,106,206,215,15,23,1,,28,27,1,,,148,55,93,,26,12,,195,,736,1,1,93,39,18,109,211,13,3,2,17,10,6,,2,2,7,6,30,635,322,328,618,26,39,2,17,1634,22,2,,,46,21,21,172,750,5,648,65,15,102,1089,11,11,8,18,27,83,30,75,,4,,,0,,,,,,9,3,,,,,,,,,,,,,,,,,,,,,,,,,,,,1,,,,,,
Germany_Bundesliga,2025-2026,1. FC Köln,5vgs10pyw2112mna9c9g91zv9,M. Köbbing,Goalkeeper,44,,,,,,,,,,,,,,,,,,,,,,,,,,,,,,,,,,,,,,,,,,,,,,,,,,,,,,,,,,,,,,,,,,,,,,,,,,,,,,,,,,,,,,,,,,,,,,,,,,,,,,,,,,,,,,,,,,,,,,,,,,,,,,,,,,,,
Germany_Bundesliga,2025-2026,1. FC Köln,15nsr315qb7jhyeik47x9wrxm,K. Lund,Defender,32,74,45,29,27,,138,5,6,183,6,13,188,82,106,317,285,3,27,1,,36,33,3,,,114,37,77,1,25,15,,46,3,659,3,2,111,44,14,80,208,16,11,3,21,10,6,3,23,18,14,5,32,494,287,247,479,13,19,2,149,1887,23,3,,,83,10,31,323,677,14,511,32,17,166,1280,56,50,13,28,59,176,46,107,2,2,,,0,,,,,,10,35,3,2,,,,,,,,,,,,,,1,,,,,,,,,,,,,,,,,,
Germany_Bundesliga,2025-2026,1. FC Köln,cnf7quyillyf560nh14taliw9,L. Maina,Midfielder,37,4,4,,18,,52,4,1,100,2,10,55,36,19,162,69,3,18,,2,14,12,2,2,,51,32,19,,1,10,2,47,1,220,,1,63,19,9,39,55,10,6,7,7,7,11,1,3,1,6,2,6,185,132,57,180,1,6,1,9,759,17,2,1,,4,7,6,85,223,13,186,7,32,37,356,19,16,7,2,4,46,10,33,1,,2,0,1,,2,,,,,,1,,,,,,,,,,,,,,,,,,,,,,,,,,,,,,,,,
Germany_Bundesliga,2025-2026,1. FC Köln,a3xs1o194bcchmsqkoxz953is,M. El Mala,Forward,19,,,,,,,,,,,,,,,,,,,,,,,,,,,,,,,,,,,,,,,,,,,,,,,,,,,,,,,,,,,,,,,,,,,,,,,,,,,,,,,,,,,,,,,,,,,,,,,,,,,,,,,,,,,,,,,,,,,,,,,,,,,,,,,,,,,,
Germany_Bundesliga,2025-2026,1. FC Köln,3saz8njlttx2i4ospcwmmaqga,E. Martel,Midfielder,6,149,69,80,26,1,158,6,17,240,,3,304,142,162,167,315,19,26,2,2,39,35,4,,2,155,73,82,1,25,11,,379,,1159,,3,85,45,26,84,329,13,7,2,25,6,1,,4,4,2,21,28,999,386,638,992,15,22,2,6,2119,16,4,2,,103,36,48,197,1181,9,1020,37,33,161,1551,6,6,1,32,47,102,65,114,1,8,1,1,0,,,1,,,10,,,,,,,2,1,,1,,,,,,2,,,,,,,,,,,,1,3,1,,,,,
Germany_Bundesliga,2025-2026,1. FC Köln,3gylv681hddh1qhi0p07esf84,C. Neumann,Defender,36,1,,1,2,,6,,1,6,,,5,2,3,14,8,,2,,,3,2,1,,,4,2,2,,1,,,11,,28,,,1,3,2,3,3,,,,1,1,1,,,,,,,20,9,11,20,1,1,,3,74,1,,,,3,1,,10,28,,20,2,3,8,43,,,1,,1,8,,7,,,,,0,,,,,,,,,,,,,,,,,,,,,,,,,,,,,,,,,,,,,,,,,
Germany_Bundesliga,2025-2026,1. FC Köln,1g69rnx39ak976l3yjbg2p1jo,Y. Niang,Forward,38,10,5,5,6,,8,1,,19,,2,25,14,11,24,10,1,6,,,4,3,1,,,15,9,6,,,2,,10,,32,,,11,5,2,8,4,2,3,1,2,2,4,,2,2,,,,21,13,10,21,1,2,,3,154,4,,,,5,4,3,22,32,4,21,3,6,11,73,,,3,,,9,2,11,,,,,0,,,,,,,1,,,,,,,,,,,,,,,,,,,,,,,,,,,,,,,,,,
Germany_Bundesliga,2025-2026,1. FC Köln,bc32mchq3v7fci4vy04e37yms,F. Schenten,Forward,40,4,1,3,7,,5,,,4,,,7,4,3,20,2,1,7,,,6,5,1,,,3,3,,,,1,,5,,15,1,,4,2,1,1,4,1,1,,1,1,6,,1,1,,2,,10,8,4,11,,,,1,97,1,,,,1,2,,10,16,1,11,,6,5,28,2,2,,,,6,1,5,,,,,0,,,,,,,,,,,,,,,,,,,,,,,,,,,,,,,,,,,,,,,,,
Germany_Bundesliga,2025-2026,1. FC Köln,8bvhibfn0481ckmmutiv1uhre,J. Schmied,Defender,2,35,19,16,13,,57,2,9,81,,1,68,35,33,55,124,7,13,,,21,19,2,,,33,16,17,1,10,2,,144,,371,,3,21,14,11,23,52,2,2,,11,4,2,,1,1,1,,12,323,120,210,317,2,9,,15,954,2,,,,43,13,5,68,377,2,329,11,7,48,519,4,4,,8,16,31,21,32,,4,,,0,,,,,,1,3,,,,,,,,,,,,,,,,,,,,,,,,,,,,2,,,,,,
Germany_Bundesliga,2025-2026,1. FC Köln,4zfgh6wq7svx418tzwf0gfavp,M. Schwäbe,Goalkeeper,1,6,2,4,28,,,,,174,,,10,3,7,1,820,1,28,,,49,44,5,,,4,1,3,,,1,,299,,897,,3,80,,,227,188,1,,,28,,,,,,,,312,660,234,647,569,,1,,,2520,,1,,24,33,1,3,433,1307,,881,1,1,426,1551,,,,244,421,367,59,5,,1,,,0,,,,,,108,,,1,,,,,227,97,228,2,16,83,61,21,,,,,,,16,,5,,29,,,3,,2,2,,,
Germany_Bundesliga,2025-2026,1. FC Köln,hsobzlp177f9755mpsi7szmy,S. Sebulonsen,Defender,28,36,14,22,25,,109,12,5,210,1,11,148,66,82,295,226,4,25,,,38,36,2,,,112,52,60,,13,17,,226,4,620,,3,119,35,19,91,73,17,9,3,22,6,3,,10,10,13,6,26,472,214,279,457,17,22,3,55,1980,29,4,,,67,9,8,322,634,12,483,39,37,151,1098,43,43,16,30,58,148,46,93,,5,,,0,,,,,,11,64,,,,,1,1,,,,,,,,,,,,,,,,,,,,,,2,,,,,,
Germany_Bundesliga,2025-2026,1. FC Köln,bwhn9ve3o3jh21a4vuyjmzbbo,J. Simpson-Pusey,Defender,22,17,6,11,6,,18,1,3,70,,1,26,7,19,14,75,1,6,,,8,8,,,,9,1,8,,8,1,,43,,243,1,,40,1,1,16,116,1,1,3,5,1,1,,,,1,1,15,210,61,158,204,2,3,1,3,414,,,,,26,2,2,40,252,4,219,5,6,33,319,,,,7,17,23,10,16,,,,,0,,,,,,2,,,,,,,,2,,2,,,,,,,,,,,,,,,,,1,1,,,,,,,
Germany_Bundesliga,2025-2026,1. FC Köln,7rltyxkrvvfg7q1hppl631soa,J. Thielmann,Midfielder,29,33,15,18,21,1,82,5,3,107,,5,123,64,59,179,114,2,21,1,3,28,27,1,3,3,90,49,41,,14,8,1,106,4,335,,2,66,35,12,54,40,9,6,10,18,14,3,,8,8,5,6,25,245,148,112,227,6,10,2,42,1375,28,1,2,,38,9,21,165,342,16,252,16,31,90,622,21,21,13,15,31,87,24,59,,4,2,1,0,,,,,2,1,6,,,1,,,,,,,,,,,,,,,,,,,,,,,,,,,,,,,
Germany_Bundesliga,2025-2026,1. FC Köln,3es8fg7y59lckypu11i68q6s5,L. Waldschmidt,Forward,7,14,5,9,19,3,36,4,2,44,5,6,48,23,25,102,48,3,19,3,3,9,8,1,2,3,34,18,16,,1,7,1,57,2,148,,1,18,9,2,14,20,10,5,7,6,6,13,2,3,1,2,3,11,113,75,52,113,5,3,6,2,529,10,4,3,,6,4,6,74,161,12,124,8,23,37,258,12,4,6,6,10,41,8,27,,1,1,2,0,,,2,,1,2,1,3,,3,,1,,,,,,,,,,1,,1,1,,,,,,,,,,,,,,,,
Germany_Bundesliga,2025-2026,1. FC Köln,39sis9riui0wotbrsivt23oid,R. Zieler,Goalkeeper,20,,,,,,,,,,,,,,,,,,,,,,,,,,,,,,,,,,,,,,,,,,,,,,,,,,,,,,,,,,,,,,,,,,,,,,,,,,,,,,,,,,,,,,,,1,,,0,,,,,,,,,,,,,,,,,,,,,,,,,,,,,,,,,,,,,,,,,
Germany_Bundesliga,2025-2026,1. FC Köln,7gwm8sjtl2vyfeh6mio8ve9ec,R. van den Berg,Defender,33,49,23,26,14,,54,,12,121,,,80,37,43,18,170,5,14,1,,21,19,2,,,31,14,17,1,14,,,279,1,700,,,51,10,10,36,203,1,,,12,2,2,,1,1,,,8,653,168,492,651,6,8,,3,1132,2,1,,,71,10,3,54,706,,659,14,6,47,861,,,1,8,17,32,15,30,,,,,0,,,,,,3,,,,,,,,1,,1,,,,,,,,,,,,,,,,,1,1,,,,,,,
Germany_Bundesliga,2025-2026,1. FC Köln,csqsdjsa4leo6z86qphjuectm,C. Özkacar,Defender,39,71,30,41,19,,50,,10,160,,,130,57,73,50,312,3,19,,,26,23,3,,,59,27,32,,16,4,,77,1,679,,1,94,23,13,40,261,4,3,4,14,5,5,,,,1,,22,582,219,381,578,7,18,,2,1254,6,,1,,72,10,6,124,700,7,600,25,21,100,906,3,3,1,18,45,70,33,55,,2,,,0,,,,,,5,,,,,,,,2,,2,,,,,,,,,,,,,,,,,,,1,,,,,,
Germany_Bundesliga,2025-2026,1. FC Union Berlin,7a12t0i88yxasiu0cj0sgqpzo,I. Ansah,Forward,10,60,47,13,27,1,70,7,2,167,,15,237,159,78,330,54,4,27,1,5,25,22,3,4,3,177,112,65,1,5,12,,51,8,238,2,3,101,24,12,67,65,13,11,8,19,16,8,,4,4,24,11,4,183,133,56,181,6,6,4,4,1599,84,1,3,,15,17,30,254,240,19,185,12,57,55,647,12,12,35,2,5,61,6,50,2,1,4,1,2,,2,1,,4,1,,,,2,1,,,,,,,,,,,1,,,,,,,,,,,,,,,,,,,
Germany_Bundesliga,2025-2026,1. FC Union Berlin,42ounta8vuqzh8xy2g6ymgjro,D. Bogdanov,Forward,30,,,,1,,,,,,,,,,,,1,,1,,,,,,,,,,,,,,,,,1,,,,,,,,,,,,,1,,,,,,,1,,1,1,,,,,1,,,,,,,,,1,,1,,,,1,,,,,,,,,,,,,0,,,,,,,,,,,,,,,,,,,,,,,,,,,,,,,,,,,,,,,,,
Germany_Bundesliga,2025-2026,1. FC Union Berlin,6go1e6kiezmwexizbpo7pp0yc,L. Burcu,Forward,9,10,9,1,12,,31,4,,77,1,4,69,39,30,119,50,3,12,,,9,8,1,,,59,30,29,,2,7,,11,1,112,,1,46,15,7,27,27,7,7,1,4,4,8,,4,4,12,,5,81,58,33,82,4,6,1,2,452,23,,2,,7,5,8,87,119,8,87,10,16,32,247,8,8,13,2,6,31,9,26,,3,,,0,,,,,,2,,,,,,3,,,,,,,,,,,,,,,,,,,,,,,,,,,,,
Germany_Bundesliga,2025-2026,1. FC Union Berlin,8kar47kxxc8f20vc9ul2ez3yt,O. Burke,Forward,7,49,29,20,23,1,55,3,2,77,,17,118,75,43,240,49,3,23,1,4,22,19,3,4,4,69,46,23,,4,13,1,84,5,216,2,2,46,22,13,41,30,14,11,12,15,14,8,,8,8,8,12,3,156,126,40,155,4,4,,1,1169,32,2,5,,1,8,7,144,218,23,158,8,57,60,406,14,14,17,,,66,8,60,4,2,1,3,1,,,,,2,,1,,,3,,,,,,,,,,,,,,,,,,,,,,,,,,,,,1,,
Germany_Bundesliga,2025-2026,1. FC Union Berlin,3g9riero16s160evc28u3q3u1,Diogo Leite,Defender,4,79,35,44,17,,55,4,6,137,,3,152,67,85,73,344,9,17,,,22,18,4,,,73,32,41,1,31,4,,101,1,709,,3,82,20,9,55,225,4,4,1,17,6,,,2,2,4,,62,530,222,318,476,11,10,,5,1451,7,,2,,99,21,16,216,725,5,538,21,17,187,1001,3,3,4,62,106,144,46,81,,2,,,0,,,,1,,19,,,,,1,,,1,,1,,,,,,,,,,,,,,,,,,,4,,,,,,
Germany_Bundesliga,2025-2026,1. FC Union Berlin,1ywfkwrcysdlvkt859q00kt7t,D. Doekhi,Defender,5,196,67,129,28,,65,6,21,190,,3,284,106,178,155,407,11,28,,4,47,42,5,1,4,88,39,49,1,32,7,1,312,1,938,1,6,90,29,18,81,163,7,23,6,28,,,,1,1,1,,54,711,260,459,664,10,26,,,2520,6,,2,,149,23,13,270,947,29,718,36,79,229,1352,5,5,1,84,115,180,54,114,,4,4,0,1,,,1,,2,38,,,,3,,,1,,,,,,,,,1,,,,,,,,,,,,,6,,,,,,
Germany_Bundesliga,2025-2026,1. FC Union Berlin,24vavcwn4hco5je9kdu9ciwgl,J. Haberer,Midfielder,19,50,29,21,25,1,138,8,3,85,29,9,163,88,75,247,194,13,25,1,,34,30,4,,,113,59,54,,8,18,,144,1,518,,5,31,33,16,67,55,19,2,1,18,12,7,15,28,9,5,10,30,397,221,214,377,16,14,2,82,1500,20,3,1,,40,22,21,218,531,3,407,30,9,124,901,33,16,10,25,39,129,28,85,,8,,,0,,,,,,5,29,12,,,,,,,,,,,,,,,,,,,,,,,,,,,,,,,,,
Germany_Bundesliga,2025-2026,1. FC Union Berlin,6ivap35b2p5rwv8rzigaum6wa,A. Ilić,Forward,23,301,164,137,26,5,78,8,6,61,,3,409,240,169,328,119,7,26,7,2,37,33,4,1,2,108,76,32,2,,19,,69,15,339,1,5,30,24,13,37,85,26,26,16,19,5,7,,2,2,6,27,2,184,149,49,194,,2,2,2,1809,43,5,13,,23,29,24,272,351,42,196,2,102,155,650,14,14,12,1,5,152,17,150,10,5,1,1,0,,,1,,,,,,,2,2,,,,,,,,,,,2,,1,,,,,,,,,,,2,,,,,,
Germany_Bundesliga,2025-2026,1. FC Union Berlin,arjwwth6yazptr851wu2u6e0a,Jeong Woo-Yeong,Midfielder,11,35,25,10,26,1,68,6,,87,2,6,121,66,55,240,93,4,26,1,3,22,20,2,3,3,86,41,45,,7,5,2,86,4,305,2,4,48,28,9,50,65,6,8,7,13,11,13,2,5,3,7,8,5,229,156,84,230,10,8,,1,1137,23,,2,,17,12,20,160,312,15,235,18,33,77,523,26,24,11,2,9,83,20,68,2,,1,2,1,,,,,,1,,,,1,,,,,,,,,,,,1,,,,,,,,,,,,,,,,,,,
Germany_Bundesliga,2025-2026,1. FC Union Berlin,9kxuwgequrilkom3ru6sdxall,J. Juranović,Defender,18,2,1,1,7,,29,,3,15,15,6,12,4,8,65,25,,7,,,5,4,1,,,10,3,7,,1,9,,11,,73,,1,8,6,1,6,17,9,3,,2,2,5,5,11,4,,1,4,60,48,28,61,1,3,,16,203,1,2,,1,2,,3,48,82,3,65,4,2,17,158,19,6,,3,7,31,5,10,,1,,,0,1,,,,,1,9,9,,,,1,,,,,,,,,,,,,,,,,,,,,,,,,,,,,
Germany_Bundesliga,2025-2026,1. FC Union Berlin,64vve6gzn5mwodos6ynufwa5m,A. Kemlein,Midfielder,6,40,16,24,25,1,143,6,5,121,1,3,152,73,79,189,267,9,25,1,,25,23,2,,,112,57,55,1,14,10,,160,,718,,4,57,29,9,102,168,11,4,2,19,14,6,1,2,1,13,14,50,535,293,264,505,14,19,2,1,1592,21,2,1,,25,17,10,231,738,6,555,33,10,183,956,6,5,6,27,53,155,34,130,,3,,,0,,,,,,7,,,,,,,,,,,,,,,,,,,,,,,,,,,,,1,,,,,,
Germany_Bundesliga,2025-2026,1. FC Union Berlin,1vv29mash2uijx542ssjk666t,R. Khedira,Midfielder,8,72,38,34,27,,92,7,5,96,1,4,226,117,109,211,239,19,27,,5,42,37,5,3,5,154,79,75,1,33,13,,115,2,508,,5,43,46,16,83,83,13,3,10,27,3,,,6,6,2,5,18,319,172,174,322,23,33,1,2,2390,23,3,1,1,59,43,18,249,529,13,340,56,35,189,866,14,14,9,34,45,154,49,144,,6,3,2,2,,,,,5,9,,,,2,1,,1,,,,,,,,,,,,,,,,,,,,,,6,,,,,,
Germany_Bundesliga,2025-2026,1. FC Union Berlin,5tgzf5zjpgsj1bk5nm2zakg5x,C. Klaus,Goalkeeper,25,,,,,,,,,,,,,,,,,,,,,,,,,,,,,,,,,,,,,,,,,,,,,,,,,,,,,,,,,,,,,,,,,,,,,,,,,,,,,,,,,,,,,,,,,,,,,,,,,,,,,,,,,,,,,,,,,,,,,,,,,,,,,,,,,,,,
Germany_Bundesliga,2025-2026,1. FC Union Berlin,9taxidttdt94nmvc3mqhqq0ut,A. Král,Midfielder,33,14,7,7,18,,30,3,1,51,,5,53,25,28,76,41,2,18,,,10,10,,,,39,18,21,,3,4,,22,,111,1,2,27,8,2,27,18,4,1,3,1,1,17,,1,1,7,4,5,89,66,24,84,2,4,,,357,13,,,,9,4,9,57,111,4,89,6,15,22,198,9,9,3,1,3,27,4,19,,1,,,0,,,,,,1,,,,,,,,,,,,,,,,,,,,,,,,,,,,,,,,,,,
Germany_Bundesliga,2025-2026,1. FC Union Berlin,2znc8bmjc183pmz1xe1j8z0fd,D. Köhn,Defender,39,11,6,5,26,2,104,8,5,130,21,16,142,78,64,371,186,15,26,2,1,30,26,4,,1,131,72,59,1,8,20,1,16,5,492,3,2,73,50,19,80,204,22,11,5,20,9,6,4,26,18,10,2,32,382,240,179,361,11,23,1,142,1788,35,5,1,,39,29,15,294,510,16,393,34,29,117,1050,78,50,13,28,50,167,28,67,,4,1,0,0,,,2,,,15,24,14,,1,,5,1,,,,,,,,,,,1,1,,,,,,,,1,1,3,,,,,,
Germany_Bundesliga,2025-2026,1. FC Union Berlin,avg54tzd7cxjld09569czfgus,M. Ljubičić,Forward,27,,,,2,,1,,,2,,,4,3,1,7,3,1,2,,2,,,,1,2,4,3,1,,,,,,,5,,,2,1,,2,1,,,2,,,2,,,,1,,,2,1,1,2,,,,,20,1,,,,,2,,4,5,2,2,,3,3,11,,,,,1,3,,2,,,1,1,0,,,,,1,,,,,2,,,,,,,,,,,,1,,,,,,,,,,,,,,,,,,,
Germany_Bundesliga,2025-2026,1. FC Union Berlin,ea5jc65mbwr1x2gjj1woclwyc,A. Markgraf,Defender,3,,,,,,,,,,,,,,,,,,,,,,,,,,,,,,,,,,,,,,,,,,,,,,,,,,,,,,,,,,,,,,,,,,,,,,,,,,,,,,,,,,,,,,,,,,,,,,,,,,,,,,,,,,,,,,,,,,,,,,,,,,,,,,,,,,,,
Germany_Bundesliga,2025-2026,1. FC Union Berlin,980t379w5cp7umv1eltwlfca1,S. Nsoki,Defender,34,23,6,17,12,1,13,1,2,51,,2,61,21,40,53,142,4,12,2,1,17,16,1,,1,38,15,23,,19,1,1,27,,272,1,2,28,13,5,34,93,3,1,1,9,6,3,,3,3,4,,32,182,76,111,152,4,7,,11,751,5,,,,55,8,8,125,275,2,184,11,4,91,441,8,8,2,22,50,77,22,41,1,2,0,1,0,,,,,,11,9,,1,,,,,,,,,,,,,,,,,,,,,,,,,,2,,,,,,
Germany_Bundesliga,2025-2026,1. FC Union Berlin,7glsd12xyvht6rnti9j7egx78,O. Ogbemudia,Defender,41,,,,,,,,,,,,,,,,,,,,,,,,,,,,,,,,,,,,,,,,,,,,,,,,,,,,,,,,,,,,,,,,,,,,,,,,,,,,,,,,,,,,,,,,,,,,,,,,,,,,,,,,,,,,,,,,,,,,,,,,,,,,,,,,,,,,
Germany_Bundesliga,2025-2026,1. FC Union Berlin,6y8lrsak28me6wkxkfuw8yane,D. Preu,Forward,17,,,,,,,,,,,,,,,,,,,,,,,,,,,,,,,,,,,,,,,,,,,,,,,,,,,,,,,,,,,,,,,,,,,,,,,,,,,,,,,,,,,,,,,,,,,,,,,,,,,,,,,,,,,,,,,,,,,,,,,,,,,,,,,,,,,,
Germany_Bundesliga,2025-2026,1. FC Union Berlin,92wxhgs6ts4tl5bv3heso90fe,L. Querfeld,Defender,14,170,66,104,27,,73,6,23,269,,8,307,126,181,109,369,16,27,,2,47,42,5,,2,137,60,77,,31,18,,314,,1016,,6,141,21,16,74,299,18,13,9,27,,,,,,4,,120,825,286,568,734,20,27,1,1,2430,9,3,2,1,197,43,26,228,1055,22,854,47,67,201,1494,3,3,3,39,102,171,33,99,,6,1,1,0,,,2,,2,12,,,3,2,,2,1,11,2,13,,,,,,,,3,2,,,,,,,,,,5,,,,,,
Germany_Bundesliga,2025-2026,1. FC Union Berlin,9sexp3trzdm6h50dk2y9hrjl5,M. Raab,Goalkeeper,31,2,1,1,1,,,,,,,,2,1,1,,25,,1,,,,,,,,,,,,,,,4,,16,,,,,,11,3,,,,1,,,,,,,,11,11,9,8,6,,,,,90,,,,1,2,,,17,32,,17,,,15,46,,,,8,15,15,,,,,,,0,,,,,,5,,,,,,,,7,6,10,,2,6,4,2,,,,,,,1,,,,2,,,1,,,,,,
Germany_Bundesliga,2025-2026,1. FC Union Berlin,4rtps64cca8vrscv80bgyvjf8,T. Rothe,Defender,15,30,12,18,15,,35,3,2,52,,5,83,45,38,130,104,2,15,,1,13,13,,,1,53,33,20,,17,5,1,11,2,220,2,1,32,20,9,25,73,5,5,4,5,2,10,,1,1,3,,10,158,76,85,150,5,9,,28,597,14,1,,,28,9,3,124,223,9,160,14,27,63,427,17,17,5,8,18,62,18,45,,1,1,0,0,,,,,,4,12,,1,1,,,,,,,,,,,,,,,,,,,,,,,1,1,,,,,,,
Germany_Bundesliga,2025-2026,1. FC Union Berlin,8l1mv5qd9vwade754v3l8epjp,F. Rønnow,Goalkeeper,1,7,,7,27,,,,,112,,1,15,4,11,1,674,1,27,,,47,42,5,,,8,4,4,,1,2,,91,,490,,6,47,2,,282,93,2,,,27,,,,,,,,218,326,164,303,249,,1,,,2430,,,,17,26,1,3,395,858,,467,1,1,391,1123,,,,209,389,347,44,2,,2,,,0,,,,,,102,,,1,,,,,191,123,202,7,15,73,49,21,,,,,,,35,2,6,5,13,,,5,,,,,,
Germany_Bundesliga,2025-2026,1. FC Union Berlin,f0x3pa532agezdjdzcsp94l49,A. Schäfer,Midfielder,13,47,23,24,22,,71,5,5,66,,5,167,84,83,189,124,12,22,,1,16,13,3,,,120,61,59,2,20,3,1,95,,354,,1,29,26,13,51,70,3,8,8,12,6,10,,3,3,6,6,2,258,154,113,262,15,18,1,3,1075,19,,2,,14,29,20,166,360,16,264,33,23,96,606,13,13,10,10,14,84,25,82,,2,0,1,1,,1,1,,,2,,,,,,,1,,,,,,,,,,1,,,,,,,,,,1,1,1,,,,,,
Germany_Bundesliga,2025-2026,1. FC Union Berlin,8prrhz0d1i4vxkhgro8p42bxl,T. Skarke,Midfielder,21,17,14,3,17,,29,1,,43,,5,59,39,20,92,42,4,17,,1,11,11,,1,1,42,25,17,,1,7,,36,4,122,1,2,21,10,3,27,16,7,6,5,4,4,13,,2,2,3,3,4,82,51,34,79,3,4,1,2,513,13,,,,8,7,7,73,123,11,83,7,18,40,223,6,6,7,5,9,39,7,31,,,1,0,0,,,,,1,1,2,,,1,,,,,,,,,,,,,,,,,,,,,,,,,,,,,,,
Germany_Bundesliga,2025-2026,1. FC Union Berlin,arwidogdfccsjv8fxa1veezf9,R. Skov,Midfielder,24,2,1,1,3,,15,,,26,,4,24,11,13,35,28,3,3,,,6,6,,,,22,10,12,,2,1,,3,,59,,2,15,3,1,13,16,1,1,,3,3,,,3,3,3,2,1,40,27,18,41,,6,,6,223,2,,,,7,5,3,42,62,1,42,6,3,20,120,10,10,,6,8,26,4,12,2,,,,0,,,,,,,5,,,,,,,,,,,,,,,,,,,,,,,,,,,,,,,,,,
Germany_Bundesliga,2025-2026,1. FC Union Berlin,52t6t7cdsr0fjs9ukmwo9y7rp,C. Trimmel,Defender,28,22,10,12,24,2,100,2,9,96,66,13,101,49,52,282,253,11,24,2,,25,23,2,,,79,39,40,1,8,36,,139,,473,1,2,63,23,8,64,13,38,1,,18,12,6,22,40,10,1,,40,305,202,161,283,11,21,1,112,1543,7,6,,1,62,24,7,362,505,1,323,32,9,182,986,96,38,4,36,84,235,43,98,,7,,,0,1,,1,,,9,58,40,,,,,,,,,,,,,,,,,,,,,,,,,,,2,,,,,,
Germany_Bundesliga,2025-2026,1. FSV Mainz 05,7w63iqek6hmnizlirurla1cr9,N. Amiri,Midfielder,10,21,10,11,20,2,148,16,3,233,74,13,159,82,77,484,346,9,20,2,10,27,24,3,3,10,138,72,66,,15,44,1,183,3,804,9,1,118,45,21,92,212,46,8,15,19,8,1,23,31,4,19,9,53,636,473,272,661,12,15,7,8,1651,44,11,,,8,17,20,345,889,23,714,27,54,175,1299,73,16,21,21,59,222,26,116,1,6,6,4,2,,,,,9,12,3,36,,8,1,4,1,,,,,,,,,,,7,7,,,,,,,,,,,,,,,,
Germany_Bundesliga,2025-2026,1. FSV Mainz 05,5sfhuuhb91oste9mo3tjz9vdg,L. Babatz,Goalkeeper,35,,,,,,,,,,,,,,,,,,,,,,,,,,,,,,,,,,,,,,,,,,,,,,,,,,,,,,,,,,,,,,,,,,,,,,,,,,,,,,,,,,,,,,,,,,,,,,,,,,,,,,,,,,,,,,,,,,,,,,,,,,,,,,,,,,,,
Germany_Bundesliga,2025-2026,1. FSV Mainz 05,4l3qk2g87pa3bevo2nlwkf3rp,D. Batz,Goalkeeper,33,9,2,7,16,,,,,71,,,13,5,8,,367,,16,,,20,17,3,,,4,3,1,,,,,71,,348,,1,31,2,,157,79,,,,16,,,,,,,,120,237,102,220,202,,,,,1440,,,,14,14,,1,200,517,,322,,,195,680,,,,119,192,168,27,3,,1,,,0,,,,,,59,,,,,,,,110,38,82,,7,57,43,14,,1,,,,,16,1,1,,13,,,3,,,,,,
Germany_Bundesliga,2025-2026,1. FSV Mainz 05,cywgibmici8hwp1ad1nhk3ufp,S. Becker,Forward,23,16,11,5,8,1,23,2,,49,,4,31,22,9,107,16,2,8,2,1,4,2,2,1,1,15,11,4,,1,9,,20,7,83,1,,36,9,2,16,24,11,4,6,5,5,3,,5,5,1,6,3,60,53,12,57,,,1,,496,4,5,3,,1,6,3,63,83,10,60,,29,23,162,15,15,2,1,2,34,4,21,,1,0,1,0,,,1,,1,,,,,1,,,,,,,,,,,,,,,,,,,,,,,,,,,,,,,
Germany_Bundesliga,2025-2026,1. FSV Mainz 05,bvifdvoxv9e8nq8qe37c0gvrp,S. Bell,Defender,16,103,42,61,18,1,26,1,10,94,,1,141,61,80,43,186,9,18,1,2,21,20,1,,2,38,19,19,1,18,4,1,118,1,401,,2,51,11,6,34,87,5,6,5,13,7,5,,,,1,,34,279,107,186,259,6,6,1,,1041,3,3,,,103,15,7,136,417,11,293,12,27,124,619,1,1,1,37,65,91,34,59,1,4,1,1,1,,,,,1,11,,,,1,1,,,6,,6,,,,,,,,,,,,,,,,,,,1,,,,,,
Germany_Bundesliga,2025-2026,1. FSV Mainz 05,74n6zo57y4h14zll0p5ncm3ca,B. Bobzien,Forward,37,,,,1,,2,,,3,,,3,1,2,5,2,,1,,,,,,,,3,1,2,,,,,4,,10,,,2,,,2,2,,,,,,1,,,,,,,9,4,5,9,,2,,,9,1,,,,,,,4,10,,9,2,1,1,15,1,1,,,,2,,1,,,,,0,,,,,,,,,,,,,,,,,,,,,,,,,,,,,,,,,,,,,,,,,
Germany_Bundesliga,2025-2026,1. FSV Mainz 05,cywc1xvs6l4wo4skiy6zmc4yc,K. Bos,Forward,18,,,,,,,,,,,,,,,,,,,,,,,,,,,,,,,,,,,,,,,,,,,,,,,,,,,,,,,,,,,,,,,,,,,,,,,,,,,,,,,,,,,,,,,,,,,,,,,,,,,,,,,,,,,,,,,,,,,,,,,,,,,,,,,,,,,,
Germany_Bundesliga,2025-2026,1. FSV Mainz 05,cakrv1htznb13clvaju68v04q,W. Bøving,Forward,14,7,5,2,7,1,8,,1,19,,,19,10,9,38,15,1,7,1,,6,5,1,,,12,5,7,,2,2,,8,,46,,1,15,10,6,11,16,3,1,,2,1,5,,3,,1,2,3,33,24,13,31,4,1,,,200,2,1,,,6,2,1,26,47,1,34,5,5,13,92,3,3,1,1,2,13,3,11,,1,,,0,,,,,,,,,,,,,,,,,,,,,,,,,,,,,,,,,,,,,,,,,
Germany_Bundesliga,2025-2026,1. FSV Mainz 05,6u47fsriz3ejlf72hxtsew5bd,A. Caci,Defender,19,5,2,3,4,,29,2,1,33,,4,27,11,16,114,74,4,4,,,3,2,1,,,22,9,13,,3,6,,55,1,163,1,,23,11,4,16,7,6,3,,4,3,,,4,4,5,2,9,129,99,36,122,2,3,,36,313,3,,,,8,5,3,71,165,3,131,5,10,34,287,17,17,2,3,9,44,7,25,,1,,,0,,,,,,1,10,,,,,,,,,,,,,,,,,,,,,,,,,,,,,,,,,,
Germany_Bundesliga,2025-2026,1. FSV Mainz 05,d5afcow8ou3k5hwv1b0zthd78,J. Debrah,Midfielder,38,,,,,,,,,,,,,,,,,,,,,,,,,,,,,,,,,,,,,,,,,,,,,,,,,,,,,,,,,,,,,,,,,,,,,,,,,,,,,,,,,,,,,,,,,,,,,,,,,,,,,,,,,,,,,,,,,,,,,,,,,,,,,,,,,,,,
Germany_Bundesliga,2025-2026,1. FSV Mainz 05,6f3j6ttjfskkronj6hir3pl3o,D. Gleiber,Midfielder,42,,,,,,,,,,,,,,,,,,,,,,,,,,,,,,,,,,,,,,,,,,,,,,,,,,,,,,,,,,,,,,,,,,,,,,,,,,,,,,,,,,,,,,,,,,,,,,,,,,,,,,,,,,,,,,,,,,,,,,,,,,,,,,,,,,,,
Germany_Bundesliga,2025-2026,1. FSV Mainz 05,dnt7ahwfj8endqngxwfll1tjp,A. Hanche-Olsen,Defender,25,77,25,52,13,,31,1,9,108,,,110,44,66,33,159,4,13,1,,13,12,1,,,33,19,14,,15,2,,108,2,426,,,65,7,4,32,140,3,2,3,8,3,5,,,,,,22,346,113,243,334,4,4,1,4,850,3,1,,,83,13,6,91,438,5,356,8,14,82,607,,,2,19,36,62,20,46,,3,,,0,,,,1,,8,,,,,,,,3,,3,,,,,,,,,,,,,,,,,,,1,,,,,,
Germany_Bundesliga,2025-2026,1. FSV Mainz 05,280u0x6o94auqt5e8ff89xune,B. Hollerbach,Forward,17,62,45,17,14,1,61,7,1,95,,10,174,119,55,227,27,5,14,2,1,15,14,1,1,1,112,74,38,1,1,2,,47,5,177,1,1,63,22,10,31,49,4,9,6,13,13,1,,3,3,12,12,3,126,91,45,130,5,8,,,882,54,3,5,,3,18,13,169,184,15,133,13,56,51,413,17,17,19,,1,59,9,50,5,,0,1,0,,,2,,1,,,,,1,,,,,,,,,,,,,,,,,,,,,,,,,,,,,,,
Germany_Bundesliga,2025-2026,1. FSV Mainz 05,9fd19beamnr8qmhqdvzr7fcyy,S. Katompa Mvumpa,Forward,26,18,14,4,8,,16,,1,42,,4,55,35,20,78,14,3,8,,1,8,7,1,1,1,37,21,16,,,3,,18,2,56,1,,30,10,4,14,10,3,1,7,4,5,4,,,,8,3,,41,28,15,43,3,,1,1,335,15,,3,,,4,5,50,58,8,43,3,12,15,135,11,11,7,1,1,24,2,14,,1,0,1,1,,,,,1,,,,,1,,,,,,,,,,,,,,,,,,,,,,,,,,,,,,,
Germany_Bundesliga,2025-2026,1. FSV Mainz 05,6vkppmpdrvrujfp035ucpib8q,S. Kawasaki,Midfielder,24,7,3,4,9,,9,1,3,15,,,32,16,16,27,29,4,9,,,5,5,,,,25,13,12,,1,,,19,,57,,,10,4,2,4,1,,,,2,1,7,,1,1,,1,6,37,26,13,32,6,4,,13,244,5,,,1,9,5,2,32,58,,38,10,5,20,119,2,2,3,1,4,16,6,16,,1,,,0,1,,,,,1,1,,,,,,,,,,,,,,,,,,,,,,,,,,,,,,,,,,
Germany_Bundesliga,2025-2026,1. FSV Mainz 05,d608s0948uh3owqee7t0en7px,D. Kohr,Midfielder,31,72,38,34,23,,66,3,14,186,,4,210,97,113,122,355,27,23,,1,30,26,4,1,1,138,59,79,2,37,7,,184,1,837,,1,105,35,16,76,277,7,4,2,23,6,,,2,2,4,1,81,695,294,441,652,15,27,1,9,1886,6,2,2,,109,34,35,184,882,6,733,42,30,149,1234,8,8,4,44,66,115,42,83,,7,0,1,1,,,1,,1,20,,,,1,,,,17,,17,,,,,,,,,,,,,,,,,1,2,2,1,,,,,
Germany_Bundesliga,2025-2026,1. FSV Mainz 05,bwqqecmqm76v5b83v1cz891p1,Lee Jae-Sung,Midfielder,7,110,66,44,26,2,163,12,1,108,12,9,239,134,105,336,196,9,26,2,4,37,33,4,2,4,129,68,61,2,23,20,1,127,9,635,2,2,53,60,41,84,169,22,9,9,26,18,,1,7,6,5,31,23,487,281,232,483,16,20,7,2,2156,31,7,4,,34,18,20,257,655,18,506,36,63,149,1031,25,16,10,8,23,132,42,126,7,3,2,2,0,,,1,,1,6,,9,,4,1,,,,,,,,,,,2,,,,,,,,,,,,,1,,,,,,
Germany_Bundesliga,2025-2026,1. FSV Mainz 05,cjok1odm3twxo7sqye3hua6eh,M. Leitsch,Defender,5,11,6,5,3,,2,,2,15,,1,19,10,9,7,43,,3,,,4,4,,,,8,4,4,,5,,,12,,85,,,8,3,2,5,33,,1,,2,1,1,,,,,,5,67,26,46,67,2,1,,,162,1,,,1,11,2,1,24,90,1,72,3,1,18,122,2,2,,7,9,12,8,9,,,,,0,1,,,,,1,,,,,,,,2,,2,,,,,,,,,,,,,,,,,,,,,,,,,
Germany_Bundesliga,2025-2026,1. FSV Mainz 05,ay6pvdyj5pjgwvjsqdfsrbw4q,L. Maloney,Midfielder,15,39,21,18,18,,21,,2,24,,,68,37,31,33,54,6,18,,,9,9,,,,29,16,13,,7,1,,42,1,154,,1,6,5,1,17,44,1,2,1,4,2,14,,1,1,,2,4,109,29,88,112,3,7,,,442,1,,1,,27,13,3,47,161,3,116,10,6,45,229,1,1,,11,12,38,8,33,1,1,,,0,,,,,,1,,,,,,,,4,,4,,,,,,,,,,,,,,,,,,,,,,,,,
Germany_Bundesliga,2025-2026,1. FSV Mainz 05,43n323o8koqdvybews4kihel0,F. Moreno Fell,Forward,36,4,3,1,2,,5,,,6,,1,8,6,2,16,5,,2,,,1,1,,,,4,3,1,,,,,7,1,23,,,4,4,1,2,6,,1,,1,1,1,,,,1,3,,12,8,4,12,,,,,78,3,,,,,,,18,23,1,12,,5,11,34,,,,,,9,2,11,1,,,,0,,,,,,,,,,,,,,,,,,,,,,,,,,,,,,,,,,,,,,,,,
Germany_Bundesliga,2025-2026,1. FSV Mainz 05,7c8ms7bw3fva4xeubax4ep8et,P. Mwene,Defender,2,25,16,9,23,2,98,,6,112,5,7,133,71,62,335,185,8,23,2,,27,22,5,,,108,55,53,3,9,12,,36,3,438,,1,65,46,21,56,123,14,6,,19,9,4,3,19,16,7,2,25,317,211,129,296,10,12,,127,1614,26,3,1,,33,17,24,246,442,6,321,22,44,121,879,47,45,7,28,38,141,27,83,,4,,,0,,,2,,,6,32,2,,,1,,,,,,,,,,,,,,,,,,,,,,,,,,,,,,
Germany_Bundesliga,2025-2026,1. FSV Mainz 05,ftm7a5ulllwzj3n6oqa6awru,P. Nebel,Midfielder,8,45,35,10,24,1,172,12,2,185,47,21,192,114,78,499,150,13,24,1,4,29,26,3,3,4,147,79,68,1,11,32,,165,2,565,2,1,88,54,14,74,98,33,8,5,18,5,6,6,24,14,13,27,10,432,308,166,440,13,26,2,11,1591,40,8,3,,19,23,16,318,585,13,450,39,59,135,987,85,47,21,11,14,196,24,121,2,2,2,2,2,,,3,,3,1,,33,,3,,,,,,,,,,,,1,,,,,,,,,,,2,2,2,,,,,,
Germany_Bundesliga,2025-2026,1. FSV Mainz 05,6ir1z8c3o7t4kqx04kw24i415,A. Nordin,Forward,9,12,10,2,13,,49,4,1,63,,5,55,26,29,128,40,2,13,,,11,10,1,,,43,16,27,,4,3,,35,1,158,2,1,39,15,8,25,36,3,7,2,5,4,8,,3,3,4,4,5,130,90,45,127,4,6,,21,466,9,,,,6,4,13,73,160,9,132,10,19,28,298,15,15,6,4,5,37,6,23,,,,,0,,,2,,,1,2,,,,,,,,,,,,,,,,,,,,,,,,,,,,,,,,,,
Germany_Bundesliga,2025-2026,1. FSV Mainz 05,1po7tmdv73zfjentt0p20wdlh,S. Posch,Defender,4,40,17,23,10,,24,1,9,135,,2,99,38,61,52,183,2,10,,,12,9,3,,,59,21,38,,10,4,,102,1,365,1,,73,14,8,39,76,4,3,1,10,,,,5,5,3,,20,279,126,174,275,13,14,1,1,900,8,,,,54,6,8,114,385,4,295,27,12,90,566,4,4,4,26,50,74,20,40,,4,,,0,,,,,,8,,,,,,,1,2,,2,,,,,,,,,,,,,,,,,,,2,,,,,,
Germany_Bundesliga,2025-2026,1. FSV Mainz 05,5w7ztsau360j3zd1aai33d4b8,K. Potulski,Defender,48,52,21,31,12,,24,4,13,52,,3,80,37,43,36,132,4,12,,1,14,13,1,,1,28,16,12,,17,2,,40,,292,,1,15,17,10,30,122,2,3,2,7,,5,,,,,,14,232,82,175,243,,9,1,3,820,2,1,2,1,63,11,3,71,318,5,257,9,20,61,477,2,2,,14,22,36,27,39,,3,0,1,0,1,,1,,,5,,,1,1,,,,20,,20,,,,,,1,,,,,,,,,,,,,1,,,,,,
Germany_Bundesliga,2025-2026,1. FSV Mainz 05,3wsyacqj7ci0ga9bzb988v7qh,L. Rieß,Goalkeeper,1,1,,1,4,,,,,18,,1,4,,4,,68,,4,,,12,12,,,,3,,3,,,,,10,,61,,1,6,,,27,21,,,,3,,1,,,,1,,16,40,14,47,45,,,,,291,,,,3,1,,1,39,99,,61,,,38,129,,,,24,38,34,4,,,,,,0,,,,,,6,,,,,,,,22,7,21,1,,15,10,4,,,,,,,1,,1,,4,,,,,,,,,
Germany_Bundesliga,2025-2026,1. FSV Mainz 05,6dtp194pewnyuhwkxcn2xpf8q,K. Sano,Midfielder,6,104,38,66,28,1,122,5,12,260,,8,248,87,161,286,407,5,28,1,1,43,38,5,1,,144,49,95,1,62,18,1,233,4,1000,1,2,141,49,29,170,244,19,7,4,28,1,,,2,2,24,15,44,785,459,334,747,16,30,2,3,2519,25,5,1,1,43,10,26,304,1006,11,791,46,34,215,1434,12,12,10,46,63,174,53,152,,1,0,1,0,1,1,,,,9,,,,,,,,,,,,,,,,,,,,,,,,,,,,,3,,,,,,
Germany_Bundesliga,2025-2026,1. FSV Mainz 05,baxlgr5w1p6wdamoyjoinesd0,K. Schopp,Defender,23,,,,,,,,,,,,,,,,,,,,,,,,,,,,,,,,,,,,,,,,,,,,,,,,,,,,,,,,,,,,,,,,,,,,,,,,,,,,,,,,,,,,,,,,,,,,,,,,,,,,,,,,,,,,,,,,,,,,,,,,,,,,,,,,,,,,
Germany_Bundesliga,2025-2026,1. FSV Mainz 05,8h7u0a26g2yckx955e1g2kdbe,A. Sieb,Forward,11,28,19,9,17,,28,4,,42,1,6,81,58,23,126,27,3,17,,2,9,9,,2,2,53,39,14,1,,8,,25,2,107,4,,29,12,4,22,31,8,4,6,3,3,14,1,5,5,5,10,1,67,59,17,70,4,3,,1,448,24,1,4,,1,13,2,96,111,10,71,7,32,40,220,5,5,8,,1,42,3,39,2,1,1,1,0,,,1,,2,,,,,1,,,,,,,,,,,,,,,,,,,,,,,,,,,,,,,
Germany_Bundesliga,2025-2026,1. FSV Mainz 05,dg6vrx8k026l7f8ytbu1xxj9x,P. Tietz,Forward,20,150,85,65,23,1,69,5,1,57,,11,247,152,95,271,119,10,23,2,4,18,14,4,2,4,97,67,30,,5,12,,87,15,356,,,22,24,6,44,87,14,17,19,13,7,10,,1,1,7,28,4,192,143,56,194,3,2,1,2,1288,36,1,16,,32,28,18,262,362,36,198,5,82,164,616,1,1,14,,4,140,25,160,11,4,1,3,1,,,1,,2,,,,,3,1,2,,,,,,,,,,2,1,1,,,,,,,,,,,1,,,,,,
Germany_Bundesliga,2025-2026,1. FSV Mainz 05,dvqog8r05iw9zqr68l4fcnre2,N. Veratschnig,Defender,22,19,11,8,18,1,42,1,2,35,,4,69,38,31,134,64,6,18,1,,9,8,1,,,50,27,23,,8,2,,25,1,164,,2,20,20,10,20,34,3,1,1,4,2,14,,3,3,5,,7,110,69,45,104,5,6,1,45,504,13,1,,,14,10,7,104,165,2,111,11,10,54,333,12,12,6,11,15,48,18,39,,2,,,0,,,,,,3,20,,1,,,,1,,,,,,,,,,,,,,,,,,,,,,,,,,,,
Germany_Bundesliga,2025-2026,1. FSV Mainz 05,alp8twr3g2rmfmnguffsfovtg,N. Weiper,Forward,44,74,40,34,18,,33,2,1,34,,3,109,65,44,109,33,1,18,,,9,8,1,,,35,25,10,,3,5,,16,5,115,,1,25,7,3,14,42,5,4,6,3,1,15,,,,5,6,4,69,50,27,73,2,1,,,499,18,,5,,3,5,2,93,124,10,77,3,31,47,219,4,4,7,,,40,11,47,1,1,,,0,,,,,,,,,,,,,,,,,,,,,,,,,,,,,,,,,,,,,,,,,
Germany_Bundesliga,2025-2026,1. FSV Mainz 05,4baqlwfu312pctopy1cx6s2c5,S. Widmer,Defender,30,52,27,25,22,,117,5,8,78,,9,133,63,70,287,184,7,22,,2,23,20,3,2,2,81,36,45,,14,5,,71,3,456,1,,41,33,16,47,90,5,9,3,19,13,3,,3,3,2,3,18,323,175,157,311,9,24,,121,1552,12,3,4,,53,14,11,242,462,12,329,33,44,133,877,23,23,6,23,26,126,30,107,,5,2,0,0,,,,,2,9,45,,,2,,,,,,,,,,,,,,,,,,,,,,,,,,,,,,,
Germany_Bundesliga,2025-2026,1. FSV Mainz 05,ci1nu5z8aiiikco8af0zk1lud,R. Zentner,Goalkeeper,27,9,2,7,9,,,,,49,,,12,4,8,,266,1,9,,,11,9,2,,,3,2,1,,,,,30,,215,,,29,1,,84,42,,,,9,,,,,,1,,80,114,69,106,95,,,,,787,,,,6,16,2,1,168,338,,175,,,163,414,,,,111,163,147,16,,,2,,,0,,,,,,39,,,,,,,,49,32,63,,10,25,14,11,,,,,,,9,,,,6,1,1,,,,,,,
Germany_Bundesliga,2025-2026,1. FSV Mainz 05,amd4rodp6senk2c1mmlsqozpx,D. da Costa,Defender,21,80,37,43,28,3,107,3,14,205,,8,195,87,108,215,474,16,28,3,2,42,37,5,1,2,115,50,65,,25,12,,254,1,925,2,2,112,35,18,102,106,15,3,5,25,2,3,,15,15,13,1,67,688,344,373,635,17,17,1,79,2291,17,4,2,,137,21,19,335,941,8,702,34,17,239,1467,28,28,8,71,122,207,60,117,,3,2,0,0,1,,1,1,1,20,14,,,2,,,1,,,,,,,,,1,,,,,,,,,,,,,3,,,,,,
Germany_Bundesliga,2025-2026,Bayer 04 Leverkusen,4tev0kk0om8cr1xbwpt8bozit,R. Andrich,Midfielder,8,57,19,38,27,,169,2,13,309,,1,153,61,92,219,433,17,27,,1,37,31,6,,1,96,42,54,1,28,11,,672,,1567,,5,182,19,13,87,329,11,3,2,24,3,3,,4,4,1,16,66,1410,671,778,1379,11,25,1,21,2125,9,,1,,66,27,18,185,1603,5,1445,36,17,158,1869,8,8,4,34,70,120,46,88,2,4,1,0,0,,,,,,11,,,1,,,,,3,,3,,,,,,1,,,,,,,,,,,,1,5,1,,,,,
Germany_Bundesliga,2025-2026,Bayer 04 Leverkusen,9rglo47kroo6ob6gy7i4poqok,Arthur,Defender,13,21,7,14,16,3,134,5,1,121,,9,122,68,54,257,101,11,16,3,1,16,14,2,1,1,101,61,40,,17,8,,149,3,411,2,2,59,25,11,56,27,11,3,2,13,6,3,,7,7,13,5,11,344,218,133,333,7,11,1,59,1048,40,2,1,,26,17,9,162,411,5,344,18,20,67,703,22,22,27,17,22,60,29,45,,2,0,1,0,,,,,1,1,8,,1,1,,,1,,,,,,,,,,,,,,,,,,,,,,2,,,,,,
Germany_Bundesliga,2025-2026,Bayer 04 Leverkusen,rlgrvvibryod2g92hqc97ii2,L. Badé,Defender,5,77,28,49,20,,65,3,15,273,,1,134,50,84,68,407,3,20,,,22,19,3,,,57,22,35,1,20,2,,460,,1252,1,2,125,12,8,96,343,2,5,3,17,4,3,,1,1,3,,41,1151,435,738,1131,12,16,2,3,1467,12,,1,,97,9,4,123,1275,8,1172,28,19,103,1514,3,3,2,15,37,63,43,66,,5,,,0,,,,1,,3,,,,,,,6,4,,4,,,,,,,,,,,,,,,,,,,4,,,,,,
Germany_Bundesliga,2025-2026,Bayer 04 Leverkusen,47bjfjrtjv3uv5lnguc2ycg0k,J. Belocian,Defender,44,24,18,6,16,1,71,1,8,110,,2,86,46,40,96,163,9,16,1,,28,27,1,,,62,28,34,2,11,3,,87,,468,,6,59,13,8,36,154,4,2,,11,3,5,,1,1,6,,16,421,228,201,412,8,10,,48,1003,10,1,1,,35,17,10,85,475,2,428,18,3,47,695,6,6,5,4,9,31,22,38,1,1,,,0,,,,,,4,10,,1,,,,,,,,,,,,,,,,,,,,,,,,,,,,,,,,
Germany_Bundesliga,2025-2026,Bayer 04 Leverkusen,rn17zrbsh1g9r1tj4xyvhgr8,E. Ben Seghir,Forward,17,5,2,3,7,,41,2,,55,1,,30,13,17,93,21,1,7,,,2,2,,,,25,11,14,1,1,5,,18,,111,,,31,3,,11,32,5,1,1,2,2,5,,1,1,6,6,1,95,79,18,95,1,2,2,,196,8,2,,,1,3,5,38,112,2,96,3,9,16,160,5,5,5,,1,18,3,15,1,2,,,0,,,1,,,,,,,,,,,,,,,,,,,,,,,,,,,,,,,,,,,,,,
Germany_Bundesliga,2025-2026,Bayer 04 Leverkusen,axcrcuv22693vn0a887samsph,J. Blaswich,Goalkeeper,28,4,,4,10,,,,,15,,,4,,4,,111,,10,,,8,8,,,,,,,,,2,,63,,158,,,4,1,,80,51,2,,,9,,1,,,,,,26,124,16,154,144,,,,,840,,,,5,10,,,57,225,,170,,,55,321,,,,37,55,37,18,,,,,,0,,,,,,11,,,,,,,,75,11,41,1,7,33,24,9,,,,,,,5,1,,,6,,,3,,,,,,
Germany_Bundesliga,2025-2026,Bayer 04 Leverkusen,743i0lyudasctc2cmxz851hxw,M. Culbreath,Midfielder,42,8,6,2,6,,46,,,49,,4,51,22,29,109,21,2,6,,1,8,6,2,1,1,43,16,27,,4,4,,44,,118,1,2,28,6,4,18,7,4,3,1,4,2,2,,2,2,3,2,,97,75,24,97,9,8,,18,365,12,,2,,2,3,7,48,118,4,97,17,14,21,217,8,8,8,1,2,26,3,19,,,0,1,0,,,1,,1,,1,,,1,,,1,,,,,,,,,,,,,,,,,,,,,,,,,,,,
Germany_Bundesliga,2025-2026,Bayer 04 Leverkusen,b3sexumsdp9m96rkp5da0r47o,C. Echeverri,Midfielder,9,,,,6,,25,1,1,27,3,2,13,9,4,40,19,,6,,,6,5,1,,,13,9,4,,1,1,,12,,66,1,,15,3,3,8,17,1,,,1,1,5,2,2,,1,5,2,62,39,31,66,,1,,3,130,8,,,,,,2,20,73,,68,1,3,5,104,4,3,4,,,8,1,5,,,,,0,,,,,,,,,,,,,,,,,,,,,,,,,,,,,,,,,,,,,,,,,
Germany_Bundesliga,2025-2026,Bayer 04 Leverkusen,c1s9pmfkytw0du5ril4kv9i0a,E. Fernández,Midfielder,6,25,16,9,18,1,157,4,2,161,1,3,130,63,67,179,207,8,18,1,,19,16,3,,,105,47,58,1,11,7,,208,1,794,3,3,61,24,17,67,234,8,6,1,12,10,6,,,,9,34,33,707,392,327,686,13,16,3,4,964,21,1,,,17,13,21,128,806,7,719,29,7,87,1002,4,4,7,5,18,68,23,69,,2,,,0,,,,,,3,,,,,,,1,,,,,,,,,,,,,,,,,,,,,1,,1,,,,,
Germany_Bundesliga,2025-2026,Bayer 04 Leverkusen,920yurg08gqayxwc80q9f8ixh,M. Flekken,Goalkeeper,1,7,,7,19,,,,,105,,,12,1,11,,335,,19,,,31,25,6,,,5,1,4,,,1,,125,,442,,5,21,2,,166,134,1,,,19,1,,,,,1,,92,363,44,399,351,,,,,1680,,1,,8,11,,3,152,594,,443,,,151,782,,,,59,143,117,34,8,,1,,,0,,,,,,26,,,,,,,,153,44,102,1,6,63,36,26,,,,,,,10,1,5,2,14,,,4,,,,,,
Germany_Bundesliga,2025-2026,Bayer 04 Leverkusen,2udtmz4lvh4vil16mxvo0j4l,Aleix García,Midfielder,24,19,10,9,27,6,409,10,4,496,57,12,94,46,48,532,615,8,27,6,2,32,28,4,2,2,75,36,39,,20,30,1,716,2,2482,,4,218,35,13,114,804,35,11,4,25,8,2,13,28,7,4,83,137,2306,1313,1078,2226,5,14,9,11,2190,14,11,1,,29,8,17,284,2544,15,2363,19,17,181,2859,71,33,10,12,46,192,60,135,2,5,1,1,0,,,,,1,10,,27,,1,,4,,,,,,,,,,,1,,,,,,,,,,,,4,,,,,,
Germany_Bundesliga,2025-2026,Bayer 04 Leverkusen,12f4mz064elnxecq2srl7r6j9,Alejandro Grimaldo,Defender,20,34,26,8,23,7,424,11,5,323,66,17,198,110,88,772,376,7,23,7,8,32,26,6,2,5,164,84,80,1,14,46,8,161,5,1439,3,5,189,46,13,95,515,53,15,19,23,4,,15,35,16,20,27,38,1257,785,539,1251,16,18,9,115,1984,57,13,4,,41,11,26,381,1476,34,1289,34,50,187,2067,89,43,34,21,49,215,61,138,,5,5,3,0,,3,,,,4,3,35,,4,,13,,,,,,,,,,,,3,3,3,3,,,,,,,,4,,,,,,
Germany_Bundesliga,2025-2026,Bayer 04 Leverkusen,7n8114rvz0d2ainbgzvcvurkk,B. Hawighorst,Defender,43,,,,,,,,,,,,,,,,,,,,,,,,,,,,,,,,,,,,,,,,,,,,,,,,,,,,,,,,,,,,,,,,,,,,,,,,,,,,,,,,,,,,,,,,,,,,,,,,,,,,,,,,,,,,,,,,,,,,,,,,,,,,,,,,,,,,
Germany_Bundesliga,2025-2026,Bayer 04 Leverkusen,4foax2b7unlkev1eq6py86lii,P. Hincapié,Defender,3,6,1,5,1,,7,,,21,,1,8,3,5,9,35,2,1,,,2,1,1,,,2,2,,,2,,,11,,88,,,13,4,1,1,37,,1,1,1,,,,,,,,3,75,33,44,74,,,,5,90,,,,,,2,,13,90,2,77,,2,13,102,,,,,3,9,4,10,,,,,0,,,,,,,,,,,,,,,,,,,,,,,,,,,,,,,,,,,,,,,,,
Germany_Bundesliga,2025-2026,Bayer 04 Leverkusen,7kjhx78gpi6m3r4j1b4jdyh91,J. Hofmann,Midfielder,7,8,4,4,21,1,179,6,,109,11,10,59,26,33,307,88,1,21,2,2,9,9,,2,2,51,22,29,1,2,12,,170,2,525,,,40,31,12,37,97,14,8,7,11,8,10,3,3,1,7,32,17,436,272,175,427,4,9,5,24,972,11,4,1,,13,5,9,154,534,15,444,13,32,90,719,32,25,4,6,10,95,27,80,5,3,1,1,0,,,1,,1,,5,6,,2,1,,,,,,,,,,,1,,,,,,,,,,,,,2,,,,,,
Germany_Bundesliga,2025-2026,Bayer 04 Leverkusen,569k37zn6or7iyocc5pwoek9g,K. Izekor,Forward,38,,,,,,,,,,,,,,,,,,,,,,,,,,,,,,,,,,,,,,,,,,,,,,,,,,,,,,,,,,,,,,,,,,,,,,,,,,,,,,,,,,,,,,,,,,,,,,,,,,,,,,,,,,,,,,,,,,,,,,,,,,,,,,,,,,,,
Germany_Bundesliga,2025-2026,Bayer 04 Leverkusen,7amefftr5evwcnzm718rfh9n8,C. Kofane,Forward,35,60,33,27,25,3,68,5,1,57,,9,134,75,59,198,21,6,25,3,5,14,13,1,5,4,74,42,32,1,2,12,1,49,3,171,1,3,32,8,7,22,45,15,16,17,10,8,15,,,,6,16,,138,107,43,150,6,7,,1,1084,18,2,10,,17,26,14,83,183,33,150,13,69,33,350,,,5,2,2,26,7,31,2,3,2,3,1,,1,1,,4,,,,,2,1,,,,,,,,,,,,,,,,,,,,,,,,1,,,,,,
Germany_Bundesliga,2025-2026,Bayer 04 Leverkusen,byk5vhf9l112i7hhy1clravp,N. Lomb,Goalkeeper,36,,,,,,,,,,,,,,,,,,,,,,,,,,,,,,,,,,,,,,,,,,,,,,,,,,,,,,,,,,,,,,,,,,,,,,,,,,,,,,,,,,,,,,,,,,,,,,,,,,,,,,,,,,,,,,,,,,,,,,,,,,,,,,,,,,,,
Germany_Bundesliga,2025-2026,Bayer 04 Leverkusen,9x0s8mzjc9ey0q812sn3poums,I. Maza,Forward,30,21,15,6,22,3,149,10,1,258,2,16,181,81,100,470,191,13,22,3,3,20,17,3,2,3,160,66,94,,14,17,,153,2,691,6,3,140,37,18,69,212,20,16,12,14,8,8,1,12,11,35,35,18,589,434,181,585,10,20,4,7,1347,43,7,4,,8,16,29,236,705,28,603,30,71,102,1069,37,35,29,2,13,128,11,89,1,2,3,0,0,,,2,,3,,1,1,,2,1,,,,,,,,,,,,,,,,,,,,,,,,2,,,,,,
Germany_Bundesliga,2025-2026,Bayer 04 Leverkusen,8ptmy8v6u26pzkzn3doncavis,J. Mensah,Midfielder,27,,,,,,,,,,,,,,,,,,,,,,,,,,,,,,,,,,,,,,,,,,,,,,,,,,,,,,,,,,,,,,,,,,,,,,,,,,,,,,,,,,,,,,,,,,,,,,,,,,,,,,,,,,,,,,,,,,,,,,,,,,,,,,,,,,,,
Germany_Bundesliga,2025-2026,Bayer 04 Leverkusen,aw6yy74678ixoyen0nj4dbdhw,N. Mensah,Midfielder,45,,,,,,,,,,,,,,,,,,,,,,,,,,,,,,,,,,,,,,,,,,,,,,,,,,,,,,,,,,,,,,,,,,,,,,,,,,,,,,,,,,,,,,,,,,,,,,,,,,,,,,,,,,,,,,,,,,,,,,,,,,,,,,,,,,,,
Germany_Bundesliga,2025-2026,Bayer 04 Leverkusen,dgrjd4x2rn0jwsbl0n1p0i6ms,A. Natali,Defender,26,,,,,,,,,,,,,,,,,,,,,,,,,,,,,,,,,,,,,,,,,,,,,,,,,,,,,,,,,,,,,,,,,,,,,,,,,,,,,,,,,,,,,,,,,,,,,,,,,,,,,,,,,,,,,,,,,,,,,,,,,,,,,,,,,,,,
Germany_Bundesliga,2025-2026,Bayer 04 Leverkusen,f577akgydk4t6ui45iyab2a22,T. Oermann,Defender,15,1,1,,2,,2,,,3,,,3,1,2,2,3,,2,,,2,2,,,,2,,2,,,1,,3,,9,,,3,2,,3,1,1,,,,,2,,,,,,,5,2,3,5,,1,,2,16,,,,,,,1,4,9,,5,1,1,4,15,,,,,1,2,2,3,,,,,0,,,,,,,,,,,,,,,,,,,,,,,,,,,,,,,,,,,,,,,,,
Germany_Bundesliga,2025-2026,Bayer 04 Leverkusen,3z6ekzop4y7cjuatzz9ua74k5,J. Omlin,Goalkeeper,18,,,,,,,,,,,,,,,,,,,,,,,,,,,,,,,,,,,,,,,,,,,,,,,,,,,,,,,,,,,,,,,,,,,,,,,,,,,,,,,,,,,,,,,,,,,,,,,,,,,,,,,,,,,,,,,,,,,,,,,,,,,,,,,,,,,,
Germany_Bundesliga,2025-2026,Bayer 04 Leverkusen,9pdxnwgqrhelwhbt4m6asji1g,E. Owen,Forward,47,,,,,,,,,,,,,,,,,,,,,,,,,,,,,,,,,,,,,,,,,,,,,,,,,,,,,,,,,,,,,,,,,,,,,,,,,,,,,,,,,,,,,,,,,,,,,,,,,,,,,,,,,,,,,,,,,,,,,,,,,,,,,,,,,,,,
Germany_Bundesliga,2025-2026,Bayer 04 Leverkusen,6rg37ej1x7pwi7r4aq1107pih,E. Palacios,Midfielder,25,6,4,2,12,1,80,2,1,140,,2,50,24,26,180,210,2,12,1,,10,7,3,,,44,20,24,,3,4,,212,,690,,2,72,22,13,48,194,5,3,2,6,3,6,,,,3,10,11,616,428,194,611,5,7,,2,566,11,,,,13,3,9,98,696,5,622,12,8,74,790,2,2,5,5,15,57,19,59,,2,,,0,,,,,,,,,,,,,,,,,,,,,,,,,,,,,,,,,,,1,,,,,,
Germany_Bundesliga,2025-2026,Bayer 04 Leverkusen,cedrv9mob9hc1yhs5xtvel90,F. Pohl,Defender,46,,,,,,,,,,,,,,,,,,,,,,,,,,,,,,,,,,,,,,,,,,,,,,,,,,,,,,,,,,,,,,,,,,,,,,,,,,,,,,,,,,,,,,,,,,,,,,,,,,,,,,,,,,,,,,,,,,,,,,,,,,,,,,,,,,,,
Germany_Bundesliga,2025-2026,Bayer 04 Leverkusen,cdlnfuy9piyga0wud4nrucvtg,E. Poku,Forward,19,19,17,2,26,5,226,8,1,239,,13,160,100,60,478,66,3,26,5,5,18,15,3,4,3,141,83,58,,8,22,2,55,3,541,3,1,157,24,8,43,195,27,9,9,16,14,10,,,,28,13,6,451,336,116,446,6,7,,21,1443,66,4,4,,15,4,17,209,542,18,452,13,102,90,828,11,11,37,3,6,80,21,84,3,,4,1,3,,2,3,,3,2,,,,2,,,,,,,,,,,,,1,,,,,,,,,,,,1,,,,,,
Germany_Bundesliga,2025-2026,Bayer 04 Leverkusen,c4hif6j7tldh0w7oeq8v9pcve,J. Quansah,Defender,4,53,19,34,23,,165,2,8,344,,7,145,55,90,264,420,7,23,,3,27,22,5,1,3,92,36,56,,21,10,1,606,1,1361,,3,175,22,7,79,194,10,4,6,20,1,3,,4,4,13,2,41,1229,586,669,1210,5,19,3,26,1879,19,1,3,1,78,17,20,193,1385,10,1251,24,26,134,1693,15,15,10,26,54,112,37,80,,8,3,0,1,,,,,,6,8,,,3,,,,1,1,2,,,,,,2,,,,,,,,,,,,,5,,,,,,
Germany_Bundesliga,2025-2026,Bayer 04 Leverkusen,asxjrv3xorpe30y78qqd5cw0k,A. Sarco,Forward,18,4,3,1,5,,7,1,,6,,,13,8,5,20,3,1,5,,,2,2,,,,9,5,4,,,2,,7,,23,,,4,4,1,1,6,2,2,,,,5,,,,1,3,,16,12,4,16,,1,,,118,2,1,,,1,2,2,11,23,2,16,1,5,7,38,,,,,,6,1,7,1,,,,0,,,,,,,,,,,,,,,,,,,,,,,,,,,,,,,,,,,,,,,,,
Germany_Bundesliga,2025-2026,Bayer 04 Leverkusen,c0ewvrtk657uw4t5rlv87mq51,P. Schick,Forward,14,77,31,46,22,2,112,10,1,53,,2,137,68,69,228,55,7,22,3,10,21,17,4,6,10,60,37,23,3,2,9,6,79,5,301,,2,21,14,3,19,78,12,19,20,18,11,4,,,,6,35,5,234,162,95,252,2,2,1,4,1510,22,5,12,,16,17,14,135,324,39,257,4,84,67,520,,,12,,,38,29,67,7,2,5,5,3,,,2,,1,1,,,,10,,,,,,,,,,,,3,,3,3,,,,,,,,,,1,,,,,,
Germany_Bundesliga,2025-2026,Bayer 04 Leverkusen,5cxax4mzof1tofpawrwy80aok,J. Schlich,Goalkeeper,40,,,,,,,,,,,,,,,,,,,,,,,,,,,,,,,,,,,,,,,,,,,,,,,,,,,,,,,,,,,,,,,,,,,,,,,,,,,,,,,,,,,,,,,,,,,,,,,,,,,,,,,,,,,,,,,,,,,,,,,,,,,,,,,,,,,,
Germany_Bundesliga,2025-2026,Bayer 04 Leverkusen,8y0fi184nbaewtg4t9klt0tg4,A. Tape,Defender,16,3,2,1,6,,25,1,,36,,1,36,20,16,34,14,2,6,,,4,4,,,,33,18,15,,1,,,34,,74,,1,19,1,1,5,3,,1,1,2,2,4,,,,7,,1,71,33,40,72,,1,,13,221,10,,1,,3,7,7,23,76,2,73,1,5,3,139,2,2,8,1,1,2,3,2,,1,,,0,,,,,,,1,,1,,,,,,,,,,,,,,,,,,,,,,,,,,,,,,,,
Germany_Bundesliga,2025-2026,Bayer 04 Leverkusen,djha3ac2mfhyb7oia64hq2nd,E. Tapsoba,Defender,12,99,38,61,23,1,111,4,11,561,,3,159,69,90,183,661,9,23,2,5,30,27,3,,5,60,31,29,1,18,6,1,451,1,1925,1,3,319,28,16,125,789,8,12,8,23,1,,,2,2,7,3,84,1742,824,995,1733,9,12,2,33,2036,3,3,2,,107,24,1,221,2012,20,1817,21,28,195,2317,6,6,3,52,102,131,70,93,1,6,3,2,2,1,,,,1,9,9,,1,4,,,,36,4,40,,,,,,3,,,,,,,,,,,,,5,,,,,,
Germany_Bundesliga,2025-2026,Bayer 04 Leverkusen,dt8k9pwcj3zktd8xk3ai98vyt,N. Tella,Forward,23,16,9,7,13,2,63,5,,66,,12,82,42,40,148,27,6,13,2,,16,11,5,,,66,33,33,,2,10,,26,4,152,2,4,43,12,4,22,38,12,5,3,6,7,7,,2,2,9,4,5,128,99,33,125,5,3,1,1,567,16,2,2,,6,12,16,83,154,8,130,8,30,24,281,19,19,6,1,1,39,4,23,1,2,,,0,,,2,,,,,,,,2,,,,,,,,,,,,,,,,,,,,,,,,,,,,,,
Germany_Bundesliga,2025-2026,Bayer 04 Leverkusen,9b7iei751ersl6ny0o0k8gn3d,M. Terrier,Forward,11,15,8,7,18,1,84,3,1,50,,4,61,25,36,152,34,1,18,1,4,12,11,1,4,4,46,17,29,,1,8,1,46,1,241,,1,20,8,6,18,83,9,8,6,7,8,11,,1,1,5,19,2,204,142,69,208,7,4,1,,672,12,2,4,,4,1,13,67,247,14,210,11,39,37,347,4,4,7,,2,33,8,35,1,1,1,3,2,,,1,,2,,,,,3,,,,1,,1,,,,,,1,,,,,,,,,,,,,,,,,,,
Germany_Bundesliga,2025-2026,Bayer 04 Leverkusen,25vb30mtetefhp3ix26nlhx0q,M. Tillman,Midfielder,10,39,14,25,23,,271,6,6,151,7,17,189,91,98,419,130,7,23,,6,22,19,3,6,5,150,77,73,,16,24,1,144,2,696,,3,83,54,29,76,177,24,15,11,17,10,6,1,2,2,11,69,12,579,375,232,593,7,28,11,26,1546,49,7,5,,13,15,27,219,722,26,605,35,71,117,1069,13,12,21,4,10,104,26,107,3,1,2,4,1,,1,,,5,,1,1,,5,1,,,,,,,,,,,,,,,,,,,,,,,,1,,,,,,
Germany_Bundesliga,2025-2026,Bayer 04 Leverkusen,d1w9s8i4y9fuu6duv6rfgtdlg,I. Traoré,Defender,0,,,,,,,,,,,,,,,,,,,,,,,,,,,,,,,,,,,,,,,,,,,,,,,,,,,,,,,,,,,,,,,,,,,,,,,,,,,,,,,,,,,,,,,,,,,,,,,,,,,,,,,,,,,,,,,,,,,,,,,,,,,,,,,,,,,,
Germany_Bundesliga,2025-2026,Bayer 04 Leverkusen,bf2pf3hs8gcvub4ivlve12ymt,Lucas Vázquez,Defender,21,6,2,4,9,2,51,,2,48,,1,34,16,18,114,38,2,9,2,1,1,1,,1,1,28,14,14,1,2,6,,81,1,178,,,16,9,7,16,9,8,2,1,5,4,4,,5,5,,3,2,154,110,50,153,2,4,1,25,392,7,5,1,,8,6,8,50,179,3,155,6,8,24,279,6,6,2,3,5,23,7,19,,2,1,0,1,,,,,1,,3,,,1,,,,,,,,,,,,,,,,,,,,,,,,,,,,,,,
Germany_Bundesliga,2025-2026,Borussia VfL Mönchengladbach,7hugqbtot3c8fmxtfqld9l15g,H. Bolin,Midfielder,38,3,2,1,8,,23,3,,31,,1,23,13,10,51,21,,8,,,6,6,,,,20,11,9,,1,6,,14,1,72,1,1,15,4,,17,17,6,3,1,3,3,5,,1,1,1,3,2,63,35,32,64,,,1,3,300,10,,,,2,1,8,38,75,4,66,,12,9,144,10,10,6,1,2,17,2,7,,,,,0,,,,,,,,,,,1,,,,,,,,,,,,,,,,,,,,,,,,,,,,,,
Germany_Bundesliga,2025-2026,Borussia VfL Mönchengladbach,bh8t0fz0czhgepa3rskdxmt7u,J. Castrop,Midfielder,17,20,11,9,23,1,99,7,1,179,,11,210,102,108,252,139,10,23,1,3,30,30,,3,2,190,91,99,2,15,15,1,69,3,405,2,2,113,34,16,78,103,16,6,10,17,12,6,,3,3,24,8,18,305,186,126,291,26,25,1,20,1345,52,,4,,25,29,24,219,410,16,309,51,45,101,776,16,16,36,7,20,89,28,81,2,2,1,2,0,,1,,,1,6,2,,,2,,,,,,,,,,,,1,1,,,,,,,,,,1,1,2,,,,,,
Germany_Bundesliga,2025-2026,Borussia VfL Mönchengladbach,3h6q9lkwovcu4pynltgnzhy50,F. Chiarodia,Defender,2,7,3,4,10,,15,,3,62,,,23,9,14,14,92,3,10,,,9,9,,,,16,6,10,,9,,,45,,236,,1,31,4,1,21,105,,2,1,5,4,5,,,,1,,7,201,68,153,214,3,6,,3,409,,,1,,22,5,,39,257,3,221,9,2,36,315,,,,9,18,23,13,18,,,,,0,,,2,,,2,1,,,,,,,12,,12,,,,,,,,,,,,,,,,,,,,,,,,,
Germany_Bundesliga,2025-2026,Borussia VfL Mönchengladbach,7xc0qldxpidl07vij2wgu1sk5,K. Diks,Defender,4,68,28,40,25,,65,2,15,277,,1,164,57,107,144,523,7,25,,4,40,39,1,,4,96,29,67,,20,5,,315,,1304,2,4,131,23,14,116,511,5,7,11,24,3,1,,1,1,9,2,74,1158,414,851,1190,16,24,3,23,2134,7,,1,1,113,13,18,186,1414,18,1264,40,36,150,1758,4,4,2,37,68,94,60,82,,6,3,1,3,1,,,,4,18,2,,1,4,1,,1,61,1,62,,,,,,,,4,4,,,,,,,,,,8,,,,,,
Germany_Bundesliga,2025-2026,Borussia VfL Mönchengladbach,8k5c8po5gx3vnxx36viq08xqt,N. Elvedi,Defender,30,107,47,60,28,,88,3,22,437,,2,181,70,111,90,458,6,28,,,48,47,1,,,74,23,51,1,28,9,,557,,1500,2,4,279,21,8,94,460,9,5,,28,1,,,,,1,,53,1379,423,1019,1389,11,26,2,2,2517,5,,1,,223,16,13,139,1563,5,1442,37,21,121,1961,1,1,1,24,37,71,51,84,,3,,,0,,,,,,18,,,,,1,,1,27,,27,,,,,,,,,,,,,,,,,,,9,,,,,,
Germany_Bundesliga,2025-2026,Borussia VfL Mönchengladbach,vzbmf6lqvbw398clnt7jyiqy,Y. Engelhardt,Midfielder,6,49,19,30,25,1,197,3,10,243,,2,199,98,101,152,258,20,25,2,2,33,32,1,1,2,150,79,71,2,26,10,,254,,984,,3,98,37,19,87,302,12,9,5,23,6,2,,3,3,5,45,23,834,360,504,838,20,19,1,4,1956,21,1,,,36,33,27,193,1011,14,861,39,28,150,1285,2,2,4,8,30,94,58,120,,6,2,0,0,,,1,,2,4,,,,2,,,,,,,,,,,,,,,,,,,,,,,,,8,,,,,,
Germany_Bundesliga,2025-2026,Borussia VfL Mönchengladbach,djbu5eip7ycl4lcpog739oxsk,F. Fleck,Midfielder,24,,,,,,,,,,,,,,,,,,,,,,,,,,,,,,,,,,,,,,,,,,,,,,,,,,,,,,,,,,,,,,,,,,,,,,,,,,,,,,,,,,,,,,,,,,,,,,,,,,,,,,,,,,,,,,,,,,,,,,,,,,,,,,,,,,,,
Germany_Bundesliga,2025-2026,Borussia VfL Mönchengladbach,87kc5hjp3ry2z624wty5h7g4q,O. Fraulo,Midfielder,22,1,1,,4,,2,,1,2,,,7,6,1,8,5,2,4,,1,,,,1,1,6,5,1,,1,,,5,,17,,,,,,4,5,,,1,,,4,,,,,,2,17,10,7,15,1,,,,40,1,,,,2,3,,2,17,1,17,1,1,,31,,,,,,,,,,,0,1,0,,,,,1,1,,,,1,,,,,,,,,,,,,,,,,,,,,,,,,,,,,,,
Germany_Bundesliga,2025-2026,Borussia VfL Mönchengladbach,ckjid5lfgbx8tdyoi32vbwn9x,M. Friedrich,Defender,5,11,6,5,6,,4,,2,26,,,21,8,13,3,36,,6,,,5,5,,,,10,2,8,1,1,,,29,,97,,1,10,1,1,5,33,,,,1,,5,,,,,,2,80,20,64,82,3,3,,3,148,,,,,21,2,2,19,102,,84,6,1,18,140,,,,8,11,14,4,7,1,,,,0,,,,,,,,,,,,,,3,,3,,,,,,,,,,,,,,,,,,,,,,,,,
Germany_Bundesliga,2025-2026,Borussia VfL Mönchengladbach,5nbk2xeyrs7pxdye1jtqudhpl,R. Hack,Midfielder,25,5,4,1,4,,28,2,,44,2,2,22,15,7,71,30,,4,,,3,3,,,,17,11,6,,1,10,,12,1,97,,,24,6,2,12,29,10,4,2,3,1,1,,3,3,2,3,3,78,62,21,77,,1,,3,248,7,1,,,4,3,3,47,99,6,80,1,14,19,161,7,7,3,,2,24,2,17,1,,,,0,,,,,,,2,,,,,,,,,,,,,,,,,,,,,,,,,,,,1,,,,,,
Germany_Bundesliga,2025-2026,Borussia VfL Mönchengladbach,9t5pmugcj12kr6kju47w4ehw4,C. Herrmann,Midfielder,34,,,,1,1,,,,3,1,1,2,2,,6,1,1,1,1,,,,,,,2,2,,,1,,,2,,3,,,2,,,,,1,,,,,1,1,1,,,,,2,3,,2,,,,,4,1,1,,,,1,,3,3,,2,,,1,7,,,1,,,1,,1,,,,,0,,,,,,,,,,,,,,,,,,,,,,,,,,,,,,,,,,,,,,,,,
Germany_Bundesliga,2025-2026,Borussia VfL Mönchengladbach,e0hk5aepnpo7cne006zwahfx1,F. Honorat,Midfielder,9,25,14,11,22,6,124,6,4,140,37,26,131,82,49,433,117,6,22,6,2,28,28,,2,2,106,68,38,1,5,33,1,172,8,460,2,3,89,30,7,58,61,39,6,5,20,13,2,11,32,18,17,22,8,340,272,112,344,7,9,4,12,1643,49,8,1,,19,11,5,284,474,11,352,16,62,122,803,81,55,31,6,18,176,27,104,5,,2,0,0,,,,,1,1,,21,,,1,,,,,,,,,,,,,,,,,,,,,,,,1,,,,,,
Germany_Bundesliga,2025-2026,Borussia VfL Mönchengladbach,aopmwx748flafzpj58w2afwlx,T. Kleindienst,Forward,11,4,2,2,2,,,,1,2,,,6,3,3,2,3,,2,,,,,,,,2,1,1,,1,,,1,1,5,,,1,,,2,1,,,,,,2,,,,,,,3,2,1,3,1,,,,2,1,,,,,,,3,5,,3,1,,2,9,,,,,,1,1,2,,,,,0,,,,,,,,,,,,,,,,,,,,,,,,,,,,,,,,,,,,,,,,,
Germany_Bundesliga,2025-2026,Borussia VfL Mönchengladbach,4o71xxq6qdkhug58a073fxega,S. Machino,Forward,18,58,31,27,27,,70,5,1,54,,4,106,61,45,177,66,4,27,1,3,29,28,1,3,3,48,30,18,1,3,13,,55,7,250,,2,26,18,4,30,68,14,8,11,8,6,19,,1,1,2,23,8,181,108,83,182,4,3,1,14,953,15,,3,,12,8,9,144,259,19,190,7,52,69,423,8,8,6,1,1,59,18,68,4,1,0,3,0,,,,,3,1,21,,,2,,,,,,,,,,,,,,,,,,,,,,,,,,,,,,,
Germany_Bundesliga,2025-2026,Borussia VfL Mönchengladbach,2t9287y4uvo424uhvwjpn1jx0,W. Mohya,Midfielder,36,7,3,4,11,,40,2,1,56,,3,35,19,16,90,32,1,11,,2,6,6,,1,2,28,16,12,,1,2,,24,,123,,,24,15,11,12,27,2,1,5,3,3,8,,,,1,2,1,99,71,28,98,1,2,,4,354,11,,,,2,3,8,53,123,6,99,3,26,24,207,7,7,4,3,4,25,6,20,3,,1,1,0,,,1,,2,,1,,,1,,,,,,,,,,,,,,,,,,,,,,,,,,,,,,,
Germany_Bundesliga,2025-2026,Borussia VfL Mönchengladbach,22zaq3o78o5feeogqdsvig02y,L. Netz,Defender,20,16,8,8,15,2,86,2,5,66,17,4,72,37,35,134,123,5,15,2,,10,10,,,,56,29,27,1,5,8,,27,,348,,1,36,9,2,31,118,10,,,10,3,5,3,7,3,9,5,10,266,135,144,262,6,10,,59,938,13,4,,,38,8,2,133,354,,272,16,10,82,568,19,7,7,27,35,70,31,47,1,1,,,0,,,,,,3,6,12,,,,,,,,,,,,,,,,,,,,,,,,,,,5,,,,,,
Germany_Bundesliga,2025-2026,Borussia VfL Mönchengladbach,514es9hzl2skv9dl5cofgkogl,F. Neuhaus,Midfielder,10,9,7,2,17,1,83,10,4,123,2,12,74,45,29,157,181,6,17,1,,10,10,,,,65,38,27,2,9,8,,61,,480,1,,64,14,9,45,167,9,6,6,11,11,6,1,2,1,6,15,22,382,222,173,371,5,7,4,,934,20,1,1,,12,9,9,145,492,12,393,12,22,99,639,7,6,6,11,26,77,29,73,1,,,,0,,,1,,,4,,1,,,,,,,,,,,,,,,,,,,,,,,,,,,,,,,,,
Germany_Bundesliga,2025-2026,Borussia VfL Mönchengladbach,d0qyia80j5079xq5olbttqfl6,N. Ngoumou,Midfielder,19,,,,,,,,,,,,,,,,,,,,,,,,,,,,,,,,,,,,,,,,,,,,,,,,,,,,,,,,,,,,,,,,,,,,,,,,,,,,,,,,,,,,,,,,,,,,,,,,,,,,,,,,,,,,,,,,,,,,,,,,,,,,,,,,,,,,
Germany_Bundesliga,2025-2026,Borussia VfL Mönchengladbach,1ljgis575ujto4361ed15w0r9,M. Nicolas,Goalkeeper,33,5,,5,28,,,,,124,,,8,,8,,551,,28,,,48,47,1,,,3,,3,,1,2,,175,,718,,4,52,1,,247,184,2,,,28,,,,,,,,181,554,121,535,475,,1,,1,2520,,1,,20,21,,2,264,910,,656,1,,254,1201,,,,162,249,174,80,5,1,,,,0,,,,,,90,,,,,,,1,186,47,105,,8,104,64,39,,,,,,,17,4,4,6,29,,,10,,,,,,
Germany_Bundesliga,2025-2026,Borussia VfL Mönchengladbach,8dq80nkl6nbdejj2ti0mb2w6i,J. Olschowsky,Goalkeeper,23,,,,,,,,,,,,,,,,,,,,,,,,,,,,,,,,,,,,,,,,,,,,,,,,,,,,,,,,,,,,,,,,,,,,,,,,,,,,,,,,,,,,,,,,,,,,,,,,,,,,,,,,,,,,,,,,,,,,,,,,,,,,,,,,,,,,
Germany_Bundesliga,2025-2026,Borussia VfL Mönchengladbach,3z6ekzop4y7cjuatzz9ua74k5,J. Omlin,Goalkeeper,1,,,,,,,,,,,,,,,,,,,,,,,,,,,,,,,,,,,,,,,,,,,,,,,,,,,,,,,,,,,,,,,,,,,,,,,,,,,,,,,,,,,,,,,,,,,,,,,,,,,,,,,,,,,,,,,,,,,,,,,,,,,,,,,,,,,,
Germany_Bundesliga,2025-2026,Borussia VfL Mönchengladbach,beo6lzzazgiwduva1xjrwnrbo,T. Pereira Cardoso,Goalkeeper,42,,,,,,,,,,,,,,,,,,,,,,,,,,,,,,,,,,,,,,,,,,,,,,,,,,,,,,,,,,,,,,,,,,,,,,,,,,,,,,,,,,,,,,,,,,,,,,,,,,,,,,,,,,,,,,,,,,,,,,,,,,,,,,,,,,,,
Germany_Bundesliga,2025-2026,Borussia VfL Mönchengladbach,bxwa90x92eaokwxwylx7389re,G. Ranos,Forward,28,6,4,2,8,,14,,,15,1,2,18,13,5,47,9,1,8,,1,2,2,,,1,12,9,3,,1,1,,9,,43,,,4,4,3,6,11,1,2,2,,,8,,,,1,2,,36,29,7,36,,1,,1,111,5,,,,1,1,1,24,43,4,36,1,9,7,79,5,4,3,,2,12,,5,,1,1,0,0,,,,,,,,1,,1,,,,,,,,,,,,1,,,,,,,,,,,,,,,,,,,
Germany_Bundesliga,2025-2026,Borussia VfL Mönchengladbach,bc5vmdnoyshdi5hcgu8dgqxyi,R. Reitz,Midfielder,27,42,20,22,26,2,168,9,5,258,23,12,274,136,138,393,397,15,26,2,,42,41,1,,,232,116,116,2,41,21,,272,5,983,4,3,146,77,35,121,190,23,17,11,26,10,,3,11,5,17,13,47,752,435,370,747,20,32,6,5,2187,58,4,,,38,33,48,424,1027,28,794,52,47,233,1576,61,37,23,29,65,222,72,168,1,7,,,0,1,,,,,7,,19,1,,,1,,,,,,,,,,,,,,,,,,,,,1,1,6,,,,,,
Germany_Bundesliga,2025-2026,Borussia VfL Mönchengladbach,2we9yak4ipkr1ljigj20puv6y,G. Reyna,Midfielder,13,15,13,2,14,,54,4,1,73,,4,58,33,25,118,57,2,14,,,9,9,,,,43,20,23,,4,7,,38,,217,2,2,28,6,,19,79,7,,1,4,4,10,,2,1,8,9,10,180,110,82,180,3,5,,4,404,14,,,,6,5,7,70,228,1,190,8,18,38,326,6,6,6,2,3,35,9,35,,1,,,0,,,,,,,,,,,,1,,,,,,,,,,,,,,,,,,,,,,,,,,,,,
Germany_Bundesliga,2025-2026,Borussia VfL Mönchengladbach,7zbu2y3nlj4dyhe1qdj15g3xl,P. Sander,Midfielder,16,74,23,51,24,,177,4,6,312,,4,192,71,121,200,355,15,24,,2,34,33,1,1,2,118,48,70,,41,10,2,356,,1037,1,2,128,29,15,123,187,10,11,7,23,10,1,,10,10,3,17,55,888,362,572,869,21,36,2,75,1918,14,,1,,82,22,10,230,1075,18,924,57,15,151,1518,14,14,6,24,51,108,57,100,,1,1,1,0,,,,1,,11,24,,1,1,,,,,,,,,,,,,,,,,,,,,,,,,4,,,,,,
Germany_Bundesliga,2025-2026,Borussia VfL Mönchengladbach,asxjrv3xorpe30y78qqd5cw0k,A. Sarco,Forward,8,4,3,1,5,,7,1,,6,,,13,8,5,20,3,1,5,,,2,2,,,,9,5,4,,,2,,7,,23,,,4,4,1,1,6,2,2,,,,5,,,,1,3,,16,12,4,16,,1,,,118,2,1,,,1,2,2,11,23,2,16,1,5,7,38,,,,,,6,1,7,1,,,,0,,,,,,,,,,,,,,,,,,,,,,,,,,,,,,,,,,,,,,,,,
Germany_Bundesliga,2025-2026,Borussia VfL Mönchengladbach,43eq31reskwn9veb3vickralm,J. Scally,Defender,29,55,31,24,26,3,152,2,4,179,,6,241,118,123,265,249,15,26,3,1,35,34,1,1,1,186,87,99,,14,10,1,230,1,689,3,3,83,56,25,85,70,13,3,7,23,6,3,,5,5,17,7,23,561,264,312,548,17,22,,119,2071,46,2,2,,62,26,43,254,701,10,571,39,26,130,1225,33,33,28,28,40,116,47,90,1,6,1,0,1,,,1,1,,3,7,,,1,,,,,,,,,,,,,,,,,,,,,,,,,8,,,,,,
Germany_Bundesliga,2025-2026,Borussia VfL Mönchengladbach,slsd8022q9s3uugsafaqt2ol,T. Sippel,Goalkeeper,21,,,,,,,,,,,,,,,,,,,,,,,,,,,,,,,,,,,,,,,,,,,,,,,,,,,,,,,,,,,,,,,,,,,,,,,,,,,,,,,,,,,,,,,,,,,,,,,,,,,,,,,,,,,,,,,,,,,,,,,,,,,,,,,,,,,,
Germany_Bundesliga,2025-2026,Borussia VfL Mönchengladbach,f2o5hj0e2k3kw0fj1xzom0cet,K. Stöger,Midfielder,7,8,6,2,23,1,140,3,1,110,28,4,110,59,51,235,175,15,23,1,1,24,23,1,,,102,53,49,,11,20,1,124,,519,2,1,57,30,13,44,115,21,7,6,10,8,13,9,14,4,3,17,23,410,266,192,421,13,16,6,7,975,22,5,2,,14,19,17,178,554,13,444,29,22,110,765,30,12,9,7,22,122,18,88,2,2,1,0,1,,1,1,,,2,,16,,,,1,,,,,,,,,,,,1,,1,1,,,,,,,,1,,,,,1,
Germany_Bundesliga,2025-2026,Borussia VfL Mönchengladbach,8no4oymjq0kqi7jdtb950wo44,N. Swider,Midfielder,39,,,,,,,,,,,,,,,,,,,,,,,,,,,,,,,,,,,,,,,,,,,,,,,,,,,,,,,,,,,,,,,,,,,,,,,,,,,,,,,,,,,,,,,,,,,,,,,,,,,,,,,,,,,,,,,,,,,,,,,,,,,,,,,,,,,,
Germany_Bundesliga,2025-2026,Borussia VfL Mönchengladbach,24vsicnsc44o2mr9jk0qjvb2t,H. Tabaković,Forward,15,178,87,91,27,1,120,14,4,64,,10,280,163,117,232,86,6,27,2,11,33,33,,7,11,102,76,26,3,,12,3,101,25,397,1,4,20,16,2,33,102,14,19,22,23,14,4,,,,5,48,3,267,161,118,276,3,4,3,,1965,34,,7,,47,39,16,235,409,41,279,7,93,130,707,2,2,9,,1,91,41,129,16,2,4,7,1,,,2,,3,,,,,9,,,,,,,,,,,,5,,2,,,,,,,,,,,2,,,,,,
Germany_Bundesliga,2025-2026,Borussia VfL Mönchengladbach,dvic19ojqq6erwene0ijta61g,K. Takai,Defender,14,23,11,12,6,,23,,1,68,,,44,19,25,26,77,2,6,,,9,9,,,,21,8,13,,5,2,,84,,255,,,34,4,2,14,75,2,1,2,3,,3,,,,,,11,224,81,147,217,6,4,,,335,3,,1,,18,3,3,39,259,3,228,10,7,31,316,,,1,6,8,14,17,23,1,1,,,0,,,,,,3,1,,,,,,,,,,,,,,,,,,,,,,,,,,,,,,,,,,
Germany_Bundesliga,2025-2026,Borussia VfL Mönchengladbach,b5ovydnz8s9gf0nkwofutr7ys,L. Ullrich,Defender,26,17,7,10,19,,96,2,4,121,3,3,98,46,52,165,161,6,19,,,27,26,1,,,81,39,42,,19,13,,17,1,405,1,2,61,28,13,43,144,13,5,2,12,8,7,1,9,8,9,1,15,318,157,182,315,12,12,,57,1120,15,1,,,38,16,9,157,418,7,330,24,17,88,696,25,23,8,20,32,75,38,56,,2,,,0,,,,,,10,5,2,1,,,,,,,,,,,,,,,,,,,,,,,,,,1,,,,,,
Germany_Bundesliga,2025-2026,Borussia VfL Mönchengladbach,aw83l7afhw2lhkg8qm7mbnms4,J. Urbich,Forward,40,3,1,2,3,,2,,,5,,,9,4,5,5,2,,3,,,1,1,,,,6,3,3,,,1,,3,,9,,,3,,,2,2,1,,,,,3,,,,1,,,4,2,2,4,,,,,36,2,,,,2,1,2,9,9,,4,,2,5,19,,,2,,1,5,,4,,,,,0,,,,,,,,,,,,,,,,,,,,,,,,,,,,,,,,,,,,,,,,,
Germany_Bundesliga,2025-2026,BV Borussia 09 Dortmund,ebj6t5jqzixrnww1z7qofznu2,K. Adeyemi,Forward,27,15,8,7,26,3,70,5,,150,,11,166,102,64,357,68,8,26,3,7,13,12,1,7,6,151,94,57,1,8,11,4,93,5,283,7,1,91,29,11,44,54,14,12,14,15,15,11,,3,3,27,14,4,203,161,47,201,2,3,4,9,1173,65,5,5,,1,21,25,224,285,26,205,5,83,80,590,8,8,47,,6,76,12,74,2,5,4,3,4,,1,1,,2,,1,,,5,1,,,,,,,,,,,1,,,,,,,,,,,,,,,,,,,
Germany_Bundesliga,2025-2026,BV Borussia 09 Dortmund,l3z6ny1teb2ukdgaggqdnspg,M. Albert,Forward,41,,,,,,,,,,,,,,,,,,,,,,,,,,,,,,,,,,,,,,,,,,,,,,,,,,,,,,,,,,,,,,,,,,,,,,,,,,,,,,,,,,,,,,,,,,,,,,,,,,,,,,,,,,,,,,,,,,,,,,,,,,,,,,,,,,,,
Germany_Bundesliga,2025-2026,BV Borussia 09 Dortmund,ay8tikc1j1r2luqovxrmuf9xw,A. Anselmino,Defender,28,15,6,9,6,,15,,2,47,,2,40,18,22,24,76,3,6,,1,2,2,,,1,25,12,13,,5,,,84,,209,,,29,8,5,23,38,,,1,4,1,2,,,,1,,2,182,95,91,184,,9,,,368,1,,,,15,6,3,35,213,1,186,9,3,27,277,1,1,1,4,5,17,11,22,,,0,1,0,,,,,,,1,,,,,,1,,,,,,,,,1,,,,,,,,,,,,,2,,,,,,
Germany_Bundesliga,2025-2026,BV Borussia 09 Dortmund,3uqn1adw8rarez1gpen9vng7p,W. Anton,Defender,3,122,52,70,26,,78,5,13,502,,7,242,93,149,178,539,9,26,,2,27,25,2,,2,120,41,79,,18,7,,770,,1881,1,3,242,29,13,126,532,7,4,5,26,,,,3,3,12,,74,1680,696,1023,1642,28,28,,18,2340,12,,,,138,21,14,247,1919,9,1716,56,38,203,2309,6,6,7,47,101,155,54,102,,3,1,1,0,,,,,2,13,,,,1,,,3,,,,,,,,,,,,,,,,,,,,,,12,,,,,,
Germany_Bundesliga,2025-2026,BV Borussia 09 Dortmund,xuk3qlmk4985hs8ocjjd49ka,M. Beier,Forward,14,57,35,22,26,4,127,12,3,112,1,12,187,117,70,438,96,8,26,4,8,15,15,,7,8,130,82,48,1,8,15,2,77,1,425,3,2,59,50,20,51,133,19,14,18,19,17,7,,2,2,14,20,6,293,223,80,295,5,11,5,13,1606,50,6,10,,14,21,18,261,433,32,301,16,101,132,765,16,16,25,6,9,115,33,123,4,2,4,4,2,,,2,,5,3,11,,,6,3,,,,,,,,,,,1,1,,,,,,,,,,,,1,,,,,,
Germany_Bundesliga,2025-2026,BV Borussia 09 Dortmund,dw8cxbn8i288w0rqiemop6qs4,J. Bellingham,Midfielder,7,35,15,20,26,1,127,8,6,170,,11,139,58,81,239,216,5,26,1,,16,15,1,,,104,43,61,1,34,4,,198,,743,1,,76,30,19,83,217,5,2,4,14,3,12,,,,9,22,28,637,391,261,624,17,18,1,1,1297,28,2,,,21,10,17,159,758,6,652,35,14,106,997,4,4,10,6,16,85,25,90,,1,,,0,,,,,,2,,,,,,,,,,,,,,,,,,,,,,,,,,,1,1,4,,,,,,
Germany_Bundesliga,2025-2026,BV Borussia 09 Dortmund,ahr3k1cfx8v3chqyaqy2lj6s4,E. Benkara,Defender,47,,,,,,,,,,,,,,,,,,,,,,,,,,,,,,,,,,,,,,,,,,,,,,,,,,,,,,,,,,,,,,,,,,,,,,,,,,,,,,,,,,,,,,,,,,,,,,,,,,,,,,,,,,,,,,,,,,,,,,,,,,,,,,,,,,,,
Germany_Bundesliga,2025-2026,BV Borussia 09 Dortmund,dqrzogrwznyks6whhfhq748ut,R. Bensebaini,Defender,5,61,26,35,18,,54,2,8,219,,3,131,61,70,134,385,14,18,,4,11,10,1,,4,70,35,35,,14,6,2,124,1,948,,2,152,19,9,65,426,6,5,6,13,1,5,,3,3,2,,39,825,423,441,822,12,10,2,35,1301,4,,,,77,27,11,161,989,11,861,22,16,128,1254,7,7,2,29,61,105,30,67,,5,3,1,1,,,,,1,4,5,,,4,,,1,14,,14,,,,,,1,,2,2,,,,,,,,,,8,,,,,,
Germany_Bundesliga,2025-2026,BV Borussia 09 Dortmund,f4qcgzveslklfi8601tep77x1,J. Brandt,Midfielder,10,35,16,19,23,3,146,4,,122,2,10,100,51,49,372,139,4,23,3,7,15,13,2,5,7,65,35,30,1,4,21,2,117,6,564,2,2,55,21,7,45,168,24,7,16,13,9,10,1,3,2,13,29,16,449,341,117,439,6,6,10,9,1235,24,6,3,,10,6,5,192,570,23,455,12,61,115,765,16,16,13,5,12,103,28,103,,,3,4,2,,,,,4,,,,,5,,2,,,,,,,,,,1,2,,,,,,,,,,,,2,,,,,,
Germany_Bundesliga,2025-2026,BV Borussia 09 Dortmund,3inva12wuqo70czviv1b0us5w,C. Campbell,Forward,37,2,2,,3,,2,1,,7,,1,4,3,1,13,3,,3,,,1,1,,,,2,1,1,,,1,,2,,9,1,,3,2,,,2,1,,,,,3,,,,,,,7,7,,7,,,,,41,1,,,,,,1,8,9,,7,,3,2,18,1,1,,,,3,,2,,,,,0,,,,,,,,,,,,,,,,,,,,,,,,,,,,,,,,,,,,,,,,,
Germany_Bundesliga,2025-2026,BV Borussia 09 Dortmund,7lai6ovwsl01gonutejt4mms5,E. Can,Midfielder,23,33,15,18,9,,26,,7,90,,1,81,38,43,46,157,6,9,,3,8,8,,,3,48,23,25,,16,,,167,,428,,,43,5,4,41,100,,1,4,7,3,2,,,,3,,24,369,179,209,364,4,8,,13,621,4,,,,36,10,10,74,450,5,388,12,5,62,578,2,2,2,10,25,51,13,37,,3,2,1,2,,,,,3,4,2,,,3,,,,8,,8,,,,,,,,3,3,,,,,,,,,,1,,,,,,
Germany_Bundesliga,2025-2026,BV Borussia 09 Dortmund,5ql70wwevaoqpxabylew5f696,C. Chukwuemeka,Midfielder,17,18,13,5,23,,69,4,,127,1,4,122,65,57,228,72,5,23,,2,4,4,,1,2,104,52,52,1,6,10,,57,,310,3,,57,25,18,42,113,10,10,2,7,7,16,,,,21,8,2,264,196,69,263,6,13,2,1,758,38,,1,,5,10,12,115,311,12,265,19,29,46,514,,,24,1,1,35,11,45,3,2,0,2,0,,,1,,2,,1,,,1,,,,,,,,,,,,,,,,,,,,,,,,,,,,,,,
Germany_Bundesliga,2025-2026,BV Borussia 09 Dortmund,5ysw8ditixnietm3lejwmw4id,P. Drewes,Goalkeeper,30,,,,,,,,,,,,,,,,,,,,,,,,,,,,,,,,,,,,,,,,,,,,,,,,,,,,,,,,,,,,,,,,,,,,,,,,,,,,,,,,,,,,,,,,,,,,,,,,,,,,,,,,,,,,,,,,,,,,,,,,,,,,,,,,,,,,
Germany_Bundesliga,2025-2026,BV Borussia 09 Dortmund,e2w5cj66plnx3kuhnehgswsus,J. Duranville,Forward,16,,,,,,,,,,,,,,,,,,,,,,,,,,,,,,,,,,,,,,,,,,,,,,,,,,,,,,,,,,,,,,,,,,,,,,,,,,,,,,,,,,,,,,,,,,,,,,,,,,,,,,,,,,,,,,,,,,,,,,,,,,,,,,,,,,,,
Germany_Bundesliga,2025-2026,BV Borussia 09 Dortmund,7snt4uu7f2d0g7utjm2xfis8a,Fábio Silva,Forward,21,39,27,12,22,5,55,8,1,66,,14,111,72,39,199,43,4,22,6,1,6,6,,1,1,72,45,27,,2,11,1,45,1,208,2,,39,11,3,23,71,17,5,6,5,5,17,,3,3,11,19,4,152,129,32,154,5,2,1,,642,28,7,1,,1,16,9,115,214,11,158,7,49,56,348,7,7,14,1,3,54,9,53,4,3,0,1,0,,,,,,,,,,1,,,,,,,,,,,,,,,,,,,,,,,,,,,,,,,
Germany_Bundesliga,2025-2026,BV Borussia 09 Dortmund,3k6znit6fd9mbfcnphlwyvj6d,P. Groß,Midfielder,13,7,4,3,11,1,95,4,,111,12,2,45,26,19,193,129,6,11,1,,5,5,,,,38,22,16,,6,10,,150,,441,,1,61,22,15,30,90,11,3,1,7,6,4,2,8,6,4,8,17,385,258,155,388,2,6,1,6,614,8,1,1,,9,10,4,94,464,4,405,8,23,59,577,15,9,1,5,12,62,12,47,3,,,,0,,,,,,,,5,,,,,,,,,,,,,,,,,,,,,,,,,,,1,,,,,,
Germany_Bundesliga,2025-2026,BV Borussia 09 Dortmund,bmrdtenqr84jt4gmw6i7wez11,S. Guirassy,Forward,9,150,69,81,27,1,176,9,2,118,1,12,260,137,123,361,83,9,27,1,13,19,17,2,9,13,110,68,42,2,,17,1,86,7,457,,3,49,21,5,47,124,18,26,32,22,14,5,,,,11,45,6,343,242,112,348,1,1,1,,1907,36,1,16,,32,32,29,224,469,58,354,2,119,115,772,3,3,12,2,4,97,21,111,14,2,8,5,6,,,2,,8,1,,,1,12,2,1,,,,,,,,,,4,,3,1,,,,,,,,,,5,,,,,1,
Germany_Bundesliga,2025-2026,BV Borussia 09 Dortmund,cjznkoq68kxguutsoysecwbh0,S. Inácio,Forward,40,1,1,,1,,3,1,,3,,1,3,1,2,5,,,1,,,1,1,,,,2,,2,,,,,,,5,,,1,2,1,3,2,,,,,,1,,,,1,,,2,2,,2,,,,,15,,,,,,,1,5,5,,2,,2,3,11,1,1,,,,2,2,3,1,,,,0,,,,,,,,,,,,,,,,,,,,,,,,,,,,,,,,,,,,,,,,,
Germany_Bundesliga,2025-2026,BV Borussia 09 Dortmund,eyv3dpum90cb9xopgtsy5nnys,M. Kaba,Midfielder,48,,,,,,,,,,,,,,,,,,,,,,,,,,,,,,,,,,,,,,,,,,,,,,,,,,,,,,,,,,,,,,,,,,,,,,,,,,,,,,,,,,,,,,,,,,,,,,,,,,,,,,,,,,,,,,,,,,,,,,,,,,,,,,,,,,,,
Germany_Bundesliga,2025-2026,BV Borussia 09 Dortmund,brr1dv5rqwqmy0rqmvstmgnpw,A. Kabar,Defender,42,,,,,,,,,,,,,,,,,,,,,,,,,,,,,,,,,,,,,,,,,,,,,,,,,,,,,,,,,,,,,,,,,,,,,,,,,,,,,,,,,,,,,,,,,,,,,,,,,,,,,,,,,,,,,,,,,,,,,,,,,,,,,,,,,,,,
Germany_Bundesliga,2025-2026,BV Borussia 09 Dortmund,9rjd95oqotnalxmv56v7p1r6d,G. Kobel,Goalkeeper,1,7,1,6,28,,,,,152,,1,10,2,8,,530,,28,,,28,26,2,,,3,1,2,,,,,183,,638,,3,56,1,1,249,153,,,,28,,,,,,,,135,486,87,529,481,,,,,2520,,,,12,20,,5,253,866,,616,,,250,1102,,,,147,241,201,49,9,,2,,,0,,,,,,52,,,,,,,,190,29,105,2,8,72,50,19,,,,,,,15,1,3,,16,,,13,,,,,,1
Germany_Bundesliga,2025-2026,BV Borussia 09 Dortmund,bwvb9900dk7pggsvshsup2kno,D. Krevsun,Midfielder,45,,,,,,,,,,,,,,,,,,,,,,,,,,,,,,,,,,,,,,,,,,,,,,,,,,,,,,,,,,,,,,,,,,,,,,,,,,,,,,,,,,,,,,,,,,,,,,,,,,,,,,,,,,,,,,,,,,,,,,,,,,,,,,,,,,,,
Germany_Bundesliga,2025-2026,BV Borussia 09 Dortmund,8lqpjau7qoetlw19tmw5j43my,Y. Lührs,Defender,49,,,,,,,,,,,,,,,,,,,,,,,,,,,,,,,,,,,,,,,,,,,,,,,,,,,,,,,,,,,,,,,,,,,,,,,,,,,,,,,,,,,,,,,,,,,,,,,,,,,,,,,,,,,,,,,,,,,,,,,,,,,,,,,,,,,,
Germany_Bundesliga,2025-2026,BV Borussia 09 Dortmund,ec6zx0pyq0bggng1m3k6iq51w,F. Mané,Defender,39,3,2,1,4,,11,,,17,,,10,6,4,9,38,,4,,,2,2,,,,7,4,3,,2,,,40,,97,,,9,2,,7,13,,,,2,1,2,,1,1,,,3,83,32,57,85,1,,1,1,132,3,,,,8,1,2,19,102,,88,1,,14,126,,,1,2,7,11,3,7,,,,,0,,,,,,1,,,1,,,,,,,,,,,,,,,,,,,,,,,,1,1,,,,,,,
Germany_Bundesliga,2025-2026,BV Borussia 09 Dortmund,2jrntrq2x714pviioh3jnkted,A. Meyer,Goalkeeper,33,,,,,,,,,,,,,,,,,,,,,,,,,,,,,,,,,,,,,,,,,,,,,,,,,,,,,,,,,,,,,,,,,,,,,,,,,,,,,,,,,,,,,,,,,,,,,,,,,,,,,,,,,,,,,,,,,,,,,,,,,,,,,,,,,,,,
Germany_Bundesliga,2025-2026,BV Borussia 09 Dortmund,6384gzzxuxs6pvmrn8qx4d7u1,F. Nmecha,Midfielder,8,43,16,27,27,2,210,13,3,255,,7,202,89,113,399,238,12,27,3,2,27,25,2,1,1,159,73,86,,26,17,,232,2,1007,5,3,136,36,25,103,344,20,11,7,24,17,3,,2,2,30,59,38,875,536,357,853,14,21,2,2,2078,35,3,3,,25,27,21,218,1024,18,891,35,43,133,1355,5,5,23,6,24,110,28,109,,,1,1,0,,1,,,2,1,,,,,,1,,,,,,,,,,,,1,,,,,,,,,,,2,,,,,1,
Germany_Bundesliga,2025-2026,BV Borussia 09 Dortmund,14vfr40raxkqzepmj1ljirfu,S. Ostrzinski,Goalkeeper,31,,,,,,,,,,,,,,,,,,,,,,,,,,,,,,,,,,,,,,,,,,,,,,,,,,,,,,,,,,,,,,,,,,,,,,,,,,,,,,,,,,,,,,,,,,,,,,,,,,,,,,,,,,,,,,,,,,,,,,,,,,,,,,,,,,,,
Germany_Bundesliga,2025-2026,BV Borussia 09 Dortmund,3e7h2fmxpv8wjyj8tkki1oe1g,L. Reggiani,Defender,49,7,3,4,5,,24,,,30,,,22,7,15,19,48,1,5,,1,4,4,,,1,15,4,11,,2,2,,91,,171,1,,14,5,1,9,10,1,1,1,3,2,2,,,,3,,2,150,56,96,150,2,6,2,6,245,,1,,,8,2,,28,173,2,152,8,1,21,214,1,1,,3,9,18,4,12,,1,1,0,0,,,,,,,1,,,,,,,,,,,,,,,1,,,,,,,,,,,,,1,,,,,,
Germany_Bundesliga,2025-2026,BV Borussia 09 Dortmund,cl6720rdjeubt0bc3su0qg3qh,J. Ryerson,Defender,26,22,12,10,25,11,178,6,3,210,67,22,185,112,73,666,240,5,25,12,,16,16,,,,163,100,63,2,13,34,,246,4,706,5,1,125,47,17,99,54,46,3,,20,8,5,22,49,23,19,3,24,584,446,196,569,13,15,1,98,1755,59,17,,,37,22,17,391,718,3,593,28,35,125,1319,139,92,34,15,27,240,24,98,,7,,,0,,,,,,7,20,40,,,,,,,,,,,,,,,,,,,,,,,,,,,5,,,,,,
Germany_Bundesliga,2025-2026,BV Borussia 09 Dortmund,8cho2d1nz18i5o0zt6aysd68l,M. Sabitzer,Midfielder,20,32,18,14,21,2,104,6,4,85,2,10,94,47,47,235,202,8,21,2,1,18,17,1,1,1,62,29,33,1,17,9,,166,3,573,,3,41,23,12,52,122,11,7,4,16,7,5,,10,10,3,6,23,471,337,165,469,7,13,,6,1429,5,3,,,35,14,10,140,594,11,492,20,24,102,796,18,18,1,9,25,102,18,77,,3,1,0,0,,,,,1,4,,,,,,1,,,,,,,,,,,,,,,,,,,,,,,3,,,,,,
Germany_Bundesliga,2025-2026,BV Borussia 09 Dortmund,d5mck7rf48chzersephpx29d5,N. Schlotterbeck,Defender,4,76,28,48,22,1,67,11,9,329,3,4,191,71,120,229,528,17,22,1,4,23,22,1,,4,115,43,72,1,18,7,1,233,1,1425,,2,200,29,14,112,713,8,11,8,22,,,,3,3,11,,157,1244,617,738,1195,11,28,2,36,1980,17,1,2,,104,22,22,268,1541,19,1352,39,39,189,1947,21,15,6,25,98,156,54,91,,6,3,1,1,,,2,,,8,23,3,1,2,1,,2,63,,63,,,,,,3,,,,,,,,,,,,,9,,,,,,
Germany_Bundesliga,2025-2026,BV Borussia 09 Dortmund,c9e54hwefvwos94ri459uylbe,D. Svensson,Defender,24,53,32,21,28,2,237,3,8,164,52,16,181,96,85,506,214,16,28,2,2,25,23,2,2,2,128,64,64,,19,29,1,43,2,751,1,3,84,54,24,75,269,31,3,3,24,3,4,16,31,11,12,9,11,624,393,274,625,13,21,,83,2187,23,4,2,1,70,27,19,286,763,6,636,34,57,127,1272,88,50,12,16,21,179,36,106,,,1,1,1,,,,,1,2,24,33,,2,,,,,,,,,,,,,,,,,,,,,,,,,9,,,,,,
Germany_Bundesliga,2025-2026,BV Borussia 09 Dortmund,4vy3j1o829f561jf4fqum7ob9,N. Süle,Defender,25,9,3,6,9,1,34,,2,71,,,30,15,15,40,118,5,9,1,,6,5,1,,,21,12,9,,5,1,,155,,336,,1,44,3,3,22,37,2,1,1,6,5,3,,1,1,1,,17,316,149,176,307,3,4,,14,443,2,1,,,11,7,1,30,344,2,324,7,1,20,409,5,5,1,1,3,17,8,17,,3,,,0,,,,,,3,2,,,,,,2,,,,,,,,,,,,,,,,,,,,,,1,,,,,,
Germany_Bundesliga,2025-2026,BV Borussia 09 Dortmund,ay89se5rytzay8md0yeadykq2,Yan Couto,Defender,2,10,8,2,17,2,142,2,1,138,15,6,102,54,48,360,128,8,17,2,1,13,11,2,1,1,92,46,46,,7,15,1,162,2,446,2,2,84,27,15,47,23,17,3,3,11,6,6,2,15,10,13,2,16,364,263,124,356,4,16,1,79,985,23,4,,,19,14,13,194,455,6,372,20,22,83,786,41,25,11,9,15,103,21,68,2,4,1,0,0,,,,,,5,18,9,,,,,,,,,,,,,,,,,,,,,,,,,,,3,,,,,,
Germany_Bundesliga,2025-2026,BV Borussia 09 Dortmund,emvi36y613e4lqlat3wfdih9l,S. Özcan,Midfielder,6,2,1,1,7,,3,1,1,6,,,4,2,2,19,15,,7,,,1,,1,,,2,1,1,,,,,16,,45,,,4,,,4,11,,,,,,7,,,,,1,1,42,35,7,41,,,,,31,1,,,,1,,1,5,45,,42,,1,3,54,1,1,1,,,3,1,3,,,,,0,,,,,,1,,,,,,,,,,,,,,,,,,,,,,,,,,,,,,,,,,,
Germany_Bundesliga,2025-2026,Eintracht Frankfurt,2zny241yb0xio4i7k9a5k76s4,A. Amaimouni-Echghouyab,Forward,29,6,6,,12,1,34,1,1,69,2,7,62,40,22,105,18,3,12,1,2,8,7,1,2,2,56,34,22,1,1,2,2,21,3,79,1,1,44,8,2,14,6,3,2,6,3,3,9,1,6,5,14,,2,65,51,20,63,1,,,6,372,19,,1,,5,7,7,64,79,8,65,1,18,14,194,16,15,11,2,3,26,4,11,1,1,1,1,0,,,,,,,,1,,,,,,,,,,,,,,,,,,,,,,,,,,,,,,,,,
Germany_Bundesliga,2025-2026,Eintracht Frankfurt,ekl9e2t93vow1buusgdcs3giy,A. Amenda,Defender,5,72,23,49,18,,55,,5,174,,2,109,42,67,61,346,2,18,,,23,20,3,,,37,19,18,,18,4,,365,,996,,,105,13,8,54,277,4,6,1,12,,6,,1,1,2,,36,883,342,587,892,4,6,3,12,1144,3,1,2,,89,13,6,124,1043,7,928,10,19,115,1233,,,2,27,58,76,39,57,,3,,,0,,,,1,,8,1,,,,,,,18,,18,,,,,,,,,,,,,,,,,,,4,,,,,,
Germany_Bundesliga,2025-2026,Eintracht Frankfurt,aykbbz6l05b9t5n8uaxp6n2fo,L. Arrhov,Midfielder,31,,,,3,,1,,,4,,,3,3,,3,4,1,3,,,,,,,,3,3,,,,,,5,,13,,,,,,,3,,,,,,3,,,,,,,10,8,2,10,,,,,16,1,,,,,2,,4,13,,10,,,3,14,,,1,1,1,3,,2,,1,,,0,,,,,,,,,,,,,,,,,,,,,,,,,,,,,,,,,,,,,,,,,
Germany_Bundesliga,2025-2026,Eintracht Frankfurt,e91s5lp3fvfaav8w8xi7wdx3p,Aurélio Buta,Defender,24,3,3,,4,,16,,1,11,,,18,9,9,17,20,1,4,,,8,6,2,,,15,6,9,,,1,,26,,68,,,8,6,2,1,6,1,1,,1,,3,,,,1,,,53,21,32,53,,6,,11,141,1,,,,4,3,2,22,68,1,53,6,,15,106,2,2,1,2,3,10,7,12,,1,,,0,,,,,,,3,,,,,,,,,,,,,,,,,,,,,,,,,,,,,,,,,,
Germany_Bundesliga,2025-2026,Eintracht Frankfurt,4lg41m643jf18dgax298bufpw,J. Bahoya,Forward,19,24,17,7,24,3,146,13,2,195,,13,169,77,92,312,83,4,24,4,3,26,19,7,3,3,145,60,85,,12,25,1,29,2,413,1,2,114,41,27,56,156,29,4,8,14,10,10,,7,7,35,13,6,332,209,131,327,17,12,1,11,1250,39,6,,,13,12,21,188,414,12,333,29,63,81,729,24,24,25,6,10,75,30,71,2,1,3,0,1,,,,,1,,3,,,2,,,,,,,,,,,,1,,,,,,,,,,,,,3,,,,,,
Germany_Bundesliga,2025-2026,Eintracht Frankfurt,oel537m4mtjwwnyusz6efj6d,M. Batshuayi,Forward,30,14,11,3,6,,13,3,,11,,5,23,17,6,29,6,1,6,,1,5,3,2,,1,9,6,3,,,2,,7,1,33,,,2,2,1,6,12,2,1,1,1,1,5,,,,1,2,1,23,14,14,27,,1,,,134,5,,1,,1,2,1,22,38,2,28,1,12,10,64,,,1,,,7,3,10,1,,1,0,0,,,,,1,,,,,1,,,,,,,,,,,,,,1,1,,,,,,,,,,,,,,,,
Germany_Bundesliga,2025-2026,Eintracht Frankfurt,d1e8em0pe47h68uq73h8aq1w4,E. Baum,Defender,2,4,2,2,4,,6,,,12,,2,10,7,3,16,17,,4,,,1,1,,,,6,5,1,1,1,1,,35,,60,,,7,3,,1,3,1,,,,1,4,,1,1,,,3,54,23,33,52,1,,,6,62,3,,,,1,3,,13,61,,55,1,,6,81,3,3,3,4,5,7,2,1,,,,,0,,,,,,,,,,,,,,,,,,,,,,,,,,,,,,,,,,,,,,,,,
Germany_Bundesliga,2025-2026,Eintracht Frankfurt,cr4e64yry1ttwcjxh2klb4ui2,N. Brown,Defender,21,28,20,8,27,4,288,4,5,276,6,11,201,92,109,353,243,13,27,4,4,43,33,10,4,3,173,72,101,1,21,19,1,87,1,876,3,3,152,57,25,90,280,23,4,9,23,6,4,2,9,7,14,8,26,737,338,430,733,17,45,2,101,2117,37,6,2,1,34,20,25,263,898,13,759,62,50,139,1392,30,28,18,24,37,111,58,102,,3,2,2,1,1,1,,,3,9,16,2,,1,,,1,,,,,,,,,,,,,,,,,,,,,,6,,,,,,
Germany_Bundesliga,2025-2026,Eintracht Frankfurt,d3tfdqfnab7bqxfdh3399y06i,J. Burkardt,Forward,9,41,33,8,16,,56,8,,48,,3,96,64,32,152,25,3,16,,10,11,8,3,8,10,55,31,24,1,1,7,3,37,1,164,,1,23,22,9,16,52,7,10,16,12,9,4,,,,5,14,7,119,75,50,118,4,2,,,1064,18,,6,,8,12,13,96,170,26,125,6,56,45,324,3,3,4,,3,35,13,42,4,1,4,6,2,,,3,,6,1,,,,10,1,1,,,,,,,,,,1,,2,2,,,,,,,,,,2,,,,,,
Germany_Bundesliga,2025-2026,Eintracht Frankfurt,7gni45coa4swn1i66wzpzug9h,T. Chandler,Midfielder,22,,,,,,,,,,,,,,,,,,,,,,,,,,,,,,,,,,,,,,,,,,,,,,,,,,,,,,,,,,,,,,,,,,,,,,,,,,,,,,,,,,,,,,,,,,,,,,,,,,,,,,,,,,,,,,,,,,,,,,,,,,,,,,,,,,,,
Germany_Bundesliga,2025-2026,Eintracht Frankfurt,684cguhktvth28ql6qgvvmcyc,F. Chaïbi,Midfielder,8,44,24,20,22,9,166,10,2,138,41,13,137,71,66,348,177,5,22,9,2,33,28,5,2,2,93,47,46,1,11,26,2,148,3,630,,2,79,42,18,67,166,35,9,7,18,11,4,11,18,3,6,26,23,494,336,199,494,10,13,3,17,1489,24,10,4,,26,11,17,254,657,16,517,23,47,140,964,58,24,11,6,21,165,33,119,2,1,1,1,1,,,2,,,1,,25,,1,,3,,,,,,,,,,,,,,,,,,,,,,,,,,,,,
Germany_Bundesliga,2025-2026,Eintracht Frankfurt,dchp4ud6043gahy06jrm7q6i2,N. Collins,Defender,34,33,14,19,23,1,88,,1,261,,1,161,64,97,140,384,14,23,2,1,32,25,7,1,1,128,50,78,,25,1,,369,,1044,,2,145,31,19,53,235,3,3,1,16,4,7,,1,1,11,,50,916,420,524,893,15,34,,60,1497,18,1,1,,57,22,19,198,1076,4,943,49,6,133,1430,3,3,13,26,40,92,44,93,,4,0,1,0,,,1,,1,7,27,,,1,,,,1,,1,,,,,,,,,,,,,,,,,,,4,,,,,,
Germany_Bundesliga,2025-2026,Eintracht Frankfurt,259bfn2mx0t57qbas4tcychlg,M. Dills,Midfielder,45,,,,,,,,,,,,,,,,,,,,,,,,,,,,,,,,,,,,,,,,,,,,,,,,,,,,,,,,,,,,,,,,,,,,,,,,,,,,,,,,,,,,,,,,,,,,,,,,,,,,,,,,,,,,,,,,,,,,,,,,,,,,,,,,,,,,
Germany_Bundesliga,2025-2026,Eintracht Frankfurt,7o11dzx2cccrslutrjl16ik89,R. Doan,Midfielder,20,53,33,20,28,4,217,9,1,241,57,19,278,159,119,614,224,13,28,5,4,39,32,7,3,3,225,126,99,1,15,31,4,307,1,801,4,2,100,55,28,70,66,36,13,13,26,16,2,9,28,11,31,12,20,619,464,196,612,18,20,10,12,2162,83,12,4,,15,21,30,399,814,26,632,38,66,182,1316,76,30,42,12,26,213,45,156,,4,2,2,3,,1,,,,3,,39,,2,,2,,,,,,,,,,,1,,,,,,,,,,,,3,,,,,,
Germany_Bundesliga,2025-2026,Eintracht Frankfurt,7b9473p0ben0elquj3wjq7q50,F. Doumbia,Defender,41,,,,,,,,,,,,,,,,,,,,,,,,,,,,,,,,,,,,,,,,,,,,,,,,,,,,,,,,,,,,,,,,,,,,,,,,,,,,,,,,,,,,,,,,,,,,,,,,,,,,,,,,,,,,,,,,,,,,,,,,,,,,,,,,,,,,
Germany_Bundesliga,2025-2026,Eintracht Frankfurt,adcmwodw7raphk57z8m46f97u,Y. Ebnoutalib,Forward,11,10,8,2,3,,10,,,4,,,24,20,4,20,3,1,3,,1,4,3,1,1,1,14,12,2,,1,2,,3,,14,,,4,1,1,2,1,2,3,1,2,1,1,,,,,1,,9,8,4,12,,,,,118,8,,1,,1,2,2,17,17,4,12,,9,5,45,,,2,,,3,2,5,,,1,0,0,,,,,1,,,,,1,,,,,,,,,,,,,,,,,,,,,,,,,,,,,,,
Germany_Bundesliga,2025-2026,Eintracht Frankfurt,6rz47c6i1e4umc7kbh961x5ud,J. Grahl,Goalkeeper,33,,,,,,,,,,,,,,,,,,,,,,,,,,,,,,,,,,,,,,,,,,,,,,,,,,,,,,,,,,,,,,,,,,,,,,,,,,,,,,,,,,,,,,,,,,,,,,,,,,,,,,,,,,,,,,,,,,,,,,,,,,,,,,,,,,,,
Germany_Bundesliga,2025-2026,Eintracht Frankfurt,eqtsanns36za56h4pfqhbnh05,M. Götze,Midfielder,27,13,13,,19,,142,3,3,75,10,2,85,56,29,197,118,5,19,,,17,15,2,,,72,43,29,,5,13,,85,1,440,1,,33,17,4,44,104,12,2,,7,6,12,4,6,2,5,13,13,367,201,180,362,5,7,2,5,786,23,5,,,2,7,12,131,449,2,375,12,21,74,589,16,11,8,1,8,67,23,66,2,1,,,0,,,,,,,,5,,,,,,,,,,,,,,,,,,,,,,,,,,,,,,,,,
Germany_Bundesliga,2025-2026,Eintracht Frankfurt,9cbp20wyy4ldod06myqbmkqok,O. Højlund,Midfielder,6,16,12,4,20,,99,1,2,97,,,92,57,35,121,98,8,20,1,,19,13,6,,,76,45,31,1,5,5,,100,1,422,,2,45,17,10,18,138,6,1,,8,7,12,,,,4,9,16,380,213,180,377,7,17,1,2,793,21,1,2,,8,19,3,73,435,1,393,24,11,42,540,2,2,7,4,5,28,16,37,1,1,,,0,,,,,,1,,,1,,1,,,,,,,,,,,,,,,,,,,,,,,1,,1,,,,,
Germany_Bundesliga,2025-2026,Eintracht Frankfurt,dw9fzixumboknmucqgqffurmy,A. Kalimuendo,Forward,25,35,30,5,13,1,91,8,1,110,,10,112,74,38,188,29,4,13,1,5,20,18,2,4,5,77,44,33,,3,12,2,48,4,198,,1,53,11,2,21,44,13,2,13,11,4,2,,2,2,13,12,6,169,127,58,177,2,3,2,2,939,36,3,5,,6,7,15,95,212,15,183,5,56,29,369,9,9,13,,5,30,8,24,,3,3,2,1,,,,,3,,,,,2,,,,,,,,,,,,,,,,,,,,,,,,,1,,,,,,
Germany_Bundesliga,2025-2026,Eintracht Frankfurt,5rnmjho9ntzolo7ogkhyaey38,Kauã Santos,Goalkeeper,40,10,1,9,13,,,,,58,,,15,1,14,,250,,13,,,32,26,6,,,5,,5,,,,,84,,318,,1,22,,,108,93,,,,13,1,,,,,1,,64,197,32,237,205,1,,,,1085,,,,7,20,,3,160,427,,269,1,,158,566,,,,112,156,121,37,2,,,,,0,,,,,,22,,,,,,,1,114,22,77,1,6,37,26,11,,,,,,,10,1,1,1,6,,,1,,,,,,1
Germany_Bundesliga,2025-2026,Eintracht Frankfurt,byn8dfwg5zdefrca7wgn32qne,A. Knauff,Forward,7,43,32,11,22,1,74,10,,117,,11,122,82,40,265,66,13,22,1,4,21,17,4,3,4,79,50,29,,8,15,1,47,5,266,2,,66,21,4,34,83,16,6,13,11,10,11,,7,7,9,4,1,187,143,55,190,2,8,1,12,1071,23,4,3,,8,21,10,173,270,19,191,10,59,79,483,25,25,9,4,6,81,23,73,4,3,2,2,0,,,1,,3,1,5,,,2,,,,,,,,,,,,,,,,,,,,,,,,,,,,,,,
Germany_Bundesliga,2025-2026,Eintracht Frankfurt,1zumt9vkrqd8d3p3eqtwezi6t,R. Koch,Defender,4,142,50,92,26,1,94,1,24,287,,2,215,85,130,63,444,11,26,1,3,48,40,8,,3,73,35,38,,35,7,1,616,,1756,,3,143,19,11,82,664,8,7,5,26,1,,,,,2,,83,1609,599,1071,1587,14,14,1,,2295,5,,1,1,167,24,8,177,1818,12,1670,28,30,148,2178,2,2,1,46,83,113,37,65,,1,1,2,0,1,,1,,1,12,,,1,2,1,,2,33,,33,,,,,,1,,,,,,,,,,,,1,5,1,,,,,
Germany_Bundesliga,2025-2026,Eintracht Frankfurt,ab3og2sas7q4czd31wbdbnro,K. Kosugi,Defender,26,,,,,,,,,,,,,,,,,,,,,,,,,,,,,,,,,,,,,,,,,,,,,,,,,,,,,,,,,,,,,,,,,,,,,,,,,,,,,,,,,,,,,,,,,,,,,,,,,,,,,,,,,,,,,,,,,,,,,,,,,,,,,,,,,,,,
Germany_Bundesliga,2025-2026,Eintracht Frankfurt,dn3llv8xjdbbndltfym5ar561,R. Kristensen,Defender,13,49,19,30,19,,113,3,1,174,,7,173,74,99,323,411,11,19,,2,27,24,3,1,2,124,55,69,,18,8,,351,3,921,3,2,106,50,21,87,59,8,6,5,18,6,1,,4,4,13,6,46,733,395,354,699,13,32,1,134,1425,18,1,,,55,21,11,293,934,11,745,45,34,189,1394,27,27,8,27,52,163,53,137,,4,0,2,0,,,,,,8,34,,,1,,,,,,,,,,,,2,,,,,,,,,,,,,2,,,,,,
Germany_Bundesliga,2025-2026,Eintracht Frankfurt,elwm97xvha0y0t8yqx5sur9ck,H. Larsson,Midfielder,16,19,11,8,21,,172,3,3,120,,2,61,32,29,166,220,3,21,2,1,26,20,6,1,1,42,21,21,1,19,13,,235,,817,2,2,51,22,8,61,213,15,3,4,17,9,4,,3,3,4,26,42,697,359,364,678,9,7,2,3,1487,7,1,,,27,6,1,151,840,7,720,16,14,120,993,4,4,3,21,31,83,41,89,,,0,1,0,,,,,1,8,,,1,1,,,1,,,,,,,,,,,,,,,,,,,,,,2,,,,,,
Germany_Bundesliga,2025-2026,Eintracht Frankfurt,2nqhczrkd45rdu5fcmq1wjo45,Mahmoud Dahoud,Midfielder,18,13,8,5,13,1,47,5,2,69,4,,59,38,21,80,96,6,13,2,2,13,10,3,2,2,46,30,16,1,9,4,2,77,,312,,1,27,12,5,28,97,6,8,2,7,6,6,,1,1,5,7,9,249,144,111,245,4,6,1,,629,9,,,,10,15,1,84,317,10,254,10,8,63,417,6,2,3,7,21,47,22,42,,,1,1,0,,,1,,,,,4,,,,2,,,,,,,,,,,,,,,,,,,,,,,,,,,,,
Germany_Bundesliga,2025-2026,Eintracht Frankfurt,du9vq193cqx7gmve30eijws15,J. Ngankam,Forward,32,5,5,,3,,5,,1,3,,,15,12,3,10,2,,3,,,4,3,1,,,10,7,3,,,,,1,,13,,1,2,,,1,9,,,,,,3,,,,1,,1,11,9,6,14,,,,,60,3,,,,,4,2,7,17,,15,,2,2,29,,,,,,2,,2,1,,,,0,,,,,,,,,,,,,,,,,,,,,,,,,,,,,,,,,,,,,,,,,
Germany_Bundesliga,2025-2026,Eintracht Frankfurt,3r1zsjvt43kg7aoudhh7o3rl6,N. Nkounkou,Defender,29,,,,,,,,,,,,,,,,,,,,,,,,,,,,,,,,,,,,,,,,,,,,,,,,,,,,,,,,,,,,,,,,,,,,,,,,,,,,,,,,,,,,,,,,,,,,,,,,,,,,,,,,,,,,,,,,,,,,,,,,,,,,,,,,,,,,
Germany_Bundesliga,2025-2026,Eintracht Frankfurt,dwg88sjhl569743je9ze6zy8k,A. Siljevic,Goalkeeper,39,,,,,,,,,,,,,,,,,,,,,,,,,,,,,,,,,,,,,,,,,,,,,,,,,,,,,,,,,,,,,,,,,,,,,,,,,,,,,,,,,,,,,,,,,,,,,,,,,,,,,,,,,,,,,,,,,,,,,,,,,,,,,,,,,,,,
Germany_Bundesliga,2025-2026,Eintracht Frankfurt,ojqb7kv87o0cidbckgtg1rdh,E. Skhiri,Midfielder,15,29,16,13,19,,86,1,3,129,,,82,43,39,96,198,6,19,,,26,22,4,,,53,27,26,,18,5,,149,,660,,,47,18,12,57,247,5,4,,12,5,7,,1,1,5,15,24,579,251,349,575,9,3,,2,1087,10,,2,,20,8,9,101,680,4,599,12,10,81,814,1,1,4,20,31,66,16,50,,,,,0,,,1,,,12,,,,,,,,2,,2,,,,,,,,,,,,,,,,,,1,2,1,,,,,
Germany_Bundesliga,2025-2026,Eintracht Frankfurt,ap0l05cfp7i1ifxptxjusls7o,A. Staff,Forward,53,,,,,,,,,,,,,,,,,,,,,,,,,,,,,,,,,,,,,,,,,,,,,,,,,,,,,,,,,,,,,,,,,,,,,,,,,,,,,,,,,,,,,,,,,,,,,,,,,,,,,,,,,,,,,,,,,,,,,,,,,,,,,,,,,,,,
Germany_Bundesliga,2025-2026,Eintracht Frankfurt,8qlz4omhgfnzyb2cgeou7xn56,A. Theate,Defender,3,74,44,30,21,,96,1,12,307,,4,146,69,77,176,511,5,21,,1,45,37,8,,1,72,25,47,,24,11,,221,1,1398,,3,179,21,9,68,617,10,6,7,21,2,,,1,1,4,,69,1258,538,768,1236,12,19,2,44,1882,4,1,3,1,121,13,13,199,1445,13,1305,31,27,140,1815,12,12,4,32,60,122,30,80,,8,0,1,0,,,,,,5,26,,,,1,1,2,11,,11,,,,,,1,,,,,,,,,,,,,3,,,,,,
Germany_Bundesliga,2025-2026,Eintracht Frankfurt,4a59itr8bwm9auhz9f2dno104,C. Uzun,Midfielder,42,10,5,5,15,3,88,9,1,121,4,5,94,53,41,248,116,7,15,3,6,16,13,3,4,5,84,48,36,2,1,10,1,72,,370,,1,52,18,6,39,118,13,8,10,11,10,4,1,3,1,7,20,15,297,214,110,306,4,7,5,3,818,30,4,,,3,12,18,140,394,18,321,11,35,73,568,11,8,13,1,8,69,15,65,1,2,3,3,1,,1,,,5,2,,2,,3,,,,,,,,,,,,,,1,1,,,,,,,,,,,,,,,,
Germany_Bundesliga,2025-2026,Eintracht Frankfurt,16idj1wxzcbvuaov5duvpqhyi,E. Wahi,Forward,17,14,8,6,10,,32,1,1,20,,5,34,21,13,64,12,1,10,1,,13,11,2,,,20,13,7,1,,3,,19,4,69,1,,10,3,2,5,16,4,3,3,3,3,7,,,,1,7,,56,38,28,66,1,1,,,320,12,1,6,,,2,4,46,79,6,66,2,18,13,135,6,6,6,,,16,3,13,2,1,,,0,,,,,,,,,,,,,,,,,,,,,,,,,,,,,,,,,,,,,,,,,
Germany_Bundesliga,2025-2026,Eintracht Frankfurt,7llxni56g8q0yt33vhp1pt3o5,M. Zetterer,Goalkeeper,23,7,1,6,16,,,,,134,,,13,2,11,,337,,16,,,21,17,4,,,6,1,5,,,,,112,,418,,2,46,,,180,108,,,,15,,1,,,,,,120,324,58,353,291,,,,,1435,,,,12,10,,6,150,557,,411,,,146,734,,,,83,140,110,36,6,,1,,,0,,,,,,31,,,,,,,,145,23,71,2,3,38,28,10,,,,,,,12,2,2,,3,,,5,,,,,,
Germany_Bundesliga,2025-2026,FC Augsburg,d2djen6mte9953h6n4y79by1g,Arthur Chaves,Defender,34,31,12,19,11,,39,2,4,42,,1,84,37,47,29,138,3,11,,2,15,13,2,,2,53,25,28,,8,3,,122,,381,,3,24,13,8,24,90,3,1,2,8,2,3,,,,1,,17,313,83,237,303,6,13,,,774,2,,,1,51,10,8,79,389,3,320,19,10,69,521,2,2,1,23,34,43,28,35,,1,0,2,0,1,,,1,1,8,,,,1,,,,,,,,,,,,1,,,,,,,,,,,,,,,,,,,
Germany_Bundesliga,2025-2026,FC Augsburg,3akb6xex1efr9ypj8yxr2uf4k,N. Banks,Defender,40,55,21,34,22,1,131,3,12,180,,3,166,72,94,116,278,17,22,1,1,30,29,1,,1,111,51,60,1,15,6,1,321,3,836,1,4,79,24,17,56,134,7,1,5,20,6,2,,1,1,3,1,50,750,311,467,727,16,23,1,4,1697,9,1,1,,86,29,18,107,864,6,777,39,13,87,1116,2,2,4,9,25,60,29,62,,8,1,0,0,,,,,,2,,,,1,,,2,3,,3,,,,,,,,,,,,,,,,,,,5,,,,,,
Germany_Bundesliga,2025-2026,FC Augsburg,eolso19u03zxw2pca2i95v4dl,A. Claude-Maurice,Midfielder,20,48,31,17,24,4,227,12,1,255,41,19,259,140,119,410,126,15,24,4,4,37,33,4,2,2,211,109,102,,4,22,,108,1,616,4,5,125,36,15,81,178,26,27,22,21,11,3,8,13,2,35,40,6,518,341,212,534,10,19,2,6,1771,73,3,4,,8,22,39,277,639,49,540,29,64,99,1067,38,8,33,3,13,111,26,86,1,3,4,0,1,,2,3,,4,,2,24,,2,,2,,,,,,,,,,,,1,1,,,,,,,,,,3,,,,,,
Germany_Bundesliga,2025-2026,FC Augsburg,d2gbcc336c4zatpiif4cvm2fp,F. Dahmen,Goalkeeper,1,14,,14,28,,,,,229,,,20,,20,1,673,,28,,,51,47,4,,,6,,6,,,3,,246,,915,,6,107,,,246,284,3,1,,28,,,,,,,,230,684,170,676,616,2,1,,,2520,,1,1,22,49,,4,362,1203,1,846,3,1,357,1462,,,,224,353,302,55,4,,1,,,0,,,,,,95,,,,,,,1,198,66,169,2,23,78,58,19,,,,,,,15,5,7,,13,,,5,,1,1,,,
Germany_Bundesliga,2025-2026,FC Augsburg,cfg7sawvthk1g1zk06wgyym1g,A. Dardari,Forward,28,3,3,,3,,,1,,5,,1,6,5,1,5,2,1,3,,,,,,,,3,2,1,,,,,3,,10,,,3,,,2,5,,,,,,3,,,,,,,6,3,3,6,,,,,31,1,,,,,1,1,8,10,,6,,1,4,17,,,1,,,2,2,4,,1,,,0,,,,,,,,,,,,,,,,,,,,,,,,,,,,,,,,,,,,,,,,,
Germany_Bundesliga,2025-2026,FC Augsburg,a6pjrmdp1y0gazp1wfsof3gno,K. Dong,Forward,29,,,,,,,,,,,,,,,,,,,,,,,,,,,,,,,,,,,,,,,,,,,,,,,,,,,,,,,,,,,,,,,,,,,,,,,,,,,,,,,,,,,,,,,,,,,,,,,,,,,,,,,,,,,,,,,,,,,,,,,,,,,,,,,,,,,,
Germany_Bundesliga,2025-2026,FC Augsburg,bf6s84lavpij33riqec7y8445,S. Essende,Forward,9,47,30,17,14,,26,4,,41,,3,98,59,39,85,23,7,14,,1,10,10,,,1,51,29,22,1,,4,,22,5,84,,,23,4,3,18,21,4,9,4,2,,12,,,,5,6,,55,44,19,63,2,2,,1,403,12,,2,,2,17,14,70,92,13,63,4,28,29,192,3,3,2,,1,28,4,28,6,2,1,0,0,,,1,,1,,,,,,,,,,,,,,,,,,,,,,,,,,,,,,,,,,,,
Germany_Bundesliga,2025-2026,FC Augsburg,oivi495h0xuu6sw8i1ra6dpl,R. Fellhauer,Defender,19,77,38,39,28,1,170,6,7,145,2,17,245,111,134,436,277,16,28,1,2,46,43,3,2,2,168,73,95,1,19,23,2,196,4,753,1,6,89,67,25,102,118,24,13,6,26,10,2,,11,11,12,7,25,568,313,274,551,15,39,1,118,2310,28,3,1,,58,21,31,344,761,19,576,54,58,185,1336,61,61,15,21,40,189,57,145,1,2,1,1,0,,,1,,,5,27,,,1,,,1,,,,,,,,,,,,,,,,,,,,,,3,,,,,,
Germany_Bundesliga,2025-2026,FC Augsburg,34z1r2585ifo6zdcfuu6xumfo,I. Gharbi,Forward,11,2,2,,5,,13,1,,10,2,,21,11,10,40,4,2,5,,,1,1,,,,19,9,10,,,1,,5,,41,,,4,3,1,1,21,1,2,,,,5,1,1,,1,4,,31,24,10,33,,1,,3,87,7,,,,1,2,8,23,43,2,33,1,4,10,78,3,3,5,,,11,2,10,,,,,0,,,,,,,,,,,,2,,,,,,,,,,,,,,,,,,,,,,,,,,,,,
Germany_Bundesliga,2025-2026,FC Augsburg,8sms9gmdoqxv60nckpyqxflqt,D. Giannoulis,Defender,13,23,13,10,22,3,108,1,6,139,,13,120,55,65,353,213,6,22,3,2,33,31,2,2,2,97,42,55,1,18,23,2,17,4,557,,2,94,57,20,93,221,26,3,5,20,14,2,,25,25,16,1,22,394,242,179,374,8,16,,128,1551,25,7,1,,49,12,15,285,559,8,396,24,31,163,1028,51,51,20,18,31,158,56,132,,7,1,1,1,,,,,,4,10,,,1,,,1,,,,,,,,,,,,,,,,,,,,,,1,,,,,,
Germany_Bundesliga,2025-2026,FC Augsburg,tedxo29s8xx0a71z6sidw7v9,J. Gouweleeuw,Defender,6,14,9,5,5,,8,1,,47,,2,30,18,12,11,92,2,5,,,10,8,2,,,16,9,7,1,7,2,,59,,184,,1,26,5,3,16,33,2,,1,4,1,1,,2,2,1,1,16,156,55,107,144,,6,1,2,365,3,,,,31,3,,43,192,1,160,6,4,32,270,1,1,,3,17,27,6,15,,2,,,0,,,,,,3,,,1,,,,,2,1,3,,,,,,,,,,,,,,,,,,,,,,,,,
Germany_Bundesliga,2025-2026,FC Augsburg,7c6034wb3zsuq9nhxxiahiuol,M. Gregoritsch,Forward,38,63,41,22,12,,21,4,3,21,,5,100,59,41,84,40,3,12,1,3,8,7,1,1,3,37,18,19,,2,2,2,31,1,114,1,2,10,7,1,16,25,3,7,6,6,4,6,,2,2,2,8,3,60,49,15,59,1,4,,,572,12,2,3,,11,4,13,91,117,13,62,5,33,55,222,3,3,6,1,5,50,8,50,2,2,2,1,1,1,,1,,,,,,,3,,1,,,,,,,,,,1,,1,1,,,,,,,,,,,,,,,,
Germany_Bundesliga,2025-2026,FC Augsburg,a3ib09ji7qsz6cgj3vmz5qort,K. Jakić,Midfielder,17,35,18,17,22,1,79,4,5,126,,2,134,65,69,152,234,11,22,1,1,26,25,1,1,1,99,47,52,,13,11,,205,2,665,1,2,52,23,10,87,158,12,7,5,17,7,5,,3,3,5,10,44,532,291,255,499,8,23,1,4,1494,17,2,1,,47,16,17,181,676,12,543,31,17,133,915,3,3,7,22,42,99,37,91,2,4,1,0,0,,,,,1,4,1,,,,,,,,,,,,,,,,,,,,,,,,,,,,1,,,,,,
Germany_Bundesliga,2025-2026,FC Augsburg,8828sbg7wzgjbs1727j0rx84q,A. Kade,Midfielder,30,63,34,29,22,,94,6,1,102,,5,151,83,68,295,94,9,22,,3,25,23,2,3,3,88,49,39,1,9,19,1,113,9,343,2,3,50,38,20,48,46,19,11,14,12,10,10,,4,4,10,10,9,255,180,82,249,10,8,2,29,1215,25,3,4,,16,17,11,176,347,25,258,18,74,89,622,16,16,11,8,10,79,26,79,6,3,3,0,1,,,,,1,3,4,,1,3,1,,,,,,,,,,,1,,,,,,,,,,,,,1,,,,,,
Germany_Bundesliga,2025-2026,FC Augsburg,b5mpbec03n9qatneviazigfvu,T. Kastanaras,Forward,24,,,,,,,,,,,,,,,,,,,,,,,,,,,,,,,,,,,,,,,,,,,,,,,,,,,,,,,,,,,,,,,,,,,,,,,,,,,,,,,,,,,,,,,,,,,,,,,,,,,,,,,,,,,,,,,,,,,,,,,,,,,,,,,,,,,,
Germany_Bundesliga,2025-2026,FC Augsburg,7at6knpizbafid4br861pi6zt,Y. Keitel,Midfielder,14,8,2,6,4,,5,,3,12,,,16,5,11,5,17,1,4,,,2,2,,,,8,3,5,,1,,,13,,49,,,6,1,,2,16,,,,1,1,3,,,,,1,3,39,17,23,37,1,3,,,164,1,,,,13,1,1,14,51,,40,4,,11,77,,,,1,4,8,3,7,,2,,,0,,,,,,,,,,,,,,,,,,,,,,,,,,,,,,,,,,,,,,,,,
Germany_Bundesliga,2025-2026,FC Augsburg,19i0qsgzkuzg3b19zogzh7o16,D. Klein,Goalkeeper,25,,,,,,,,,,,,,,,,,,,,,,,,,,,,,,,,,,,,,,,,,,,,,,,,,,,,,,,,,,,,,,,,,,,,,,,,,,,,,,,,,,,,,,,,,,,,,,,,,,,,,,,,,,,,,,,,,,,,,,,,,,,,,,,,,,,,
Germany_Bundesliga,2025-2026,FC Augsburg,4j8y1bwt6z8iu98077xqzmvx0,M. Kömür,Midfielder,36,55,42,13,23,3,127,12,,158,32,13,174,115,59,361,117,11,23,3,2,25,23,2,2,2,119,73,46,2,6,19,1,78,2,383,6,4,76,27,15,41,88,22,14,12,15,9,8,9,12,3,17,20,7,304,239,102,322,3,10,4,2,1315,40,4,4,,21,24,17,214,410,26,329,13,48,81,715,43,17,18,3,4,106,18,77,2,1,2,0,1,,,1,,1,,,16,,1,,1,,,,,,,,,,,,,,,,,,,,,,,,,,,,,
Germany_Bundesliga,2025-2026,FC Augsburg,altc15ozwmzub05s5vkfvu5ii,M. Küçükşahin,Midfielder,42,,,,,,,,,,,,,,,,,,,,,,,,,,,,,,,,,,,,,,,,,,,,,,,,,,,,,,,,,,,,,,,,,,,,,,,,,,,,,,,,,,,,,,,,,,,,,,,,,,,,,,,,,,,,,,,,,,,,,,,,,,,,,,,,,,,,
Germany_Bundesliga,2025-2026,FC Augsburg,9xbl325job7p6u215tb79kcq2,N. Labrović,Goalkeeper,22,,,,,,,,,,,,,,,,,,,,,,,,,,,,,,,,,,,,,,,,,,,,,,,,,,,,,,,,,,,,,,,,,,,,,,,,,,,,,,,,,,,,,,,,,,,,,,,,,,,,,,,,,,,,,,,,,,,,,,,,,,,,,,,,,,,,
Germany_Bundesliga,2025-2026,FC Augsburg,3er9krmf0k6dhv6f9ltztfend,A. Maier,Midfielder,10,,,,1,,2,,,1,,,1,,1,5,1,,1,,,,,,,,1,,1,,1,,,2,,5,,,1,,,1,,,,,,,1,,,,,,,4,1,3,4,,1,,1,3,,,,,,,,3,5,,4,1,,1,11,1,1,,,,2,,1,,,,,0,,,,,,,1,,,,,,,,,,,,,,,,,,,,,,,,,,,,,,,,,,
Germany_Bundesliga,2025-2026,FC Augsburg,46vm60m1v8o9t0aesa0bpr42y,H. Massengo,Midfielder,4,39,22,17,28,1,150,4,6,253,,6,183,86,97,242,338,12,28,1,2,48,45,3,2,2,144,64,80,,35,14,,272,,972,,6,119,35,16,124,253,14,7,6,26,13,2,,1,1,21,22,24,827,464,405,844,22,15,,8,2173,35,3,1,,39,20,22,235,1013,13,868,37,22,145,1364,13,13,14,11,39,119,39,106,1,2,0,2,1,,,,,2,2,,,,2,,,,,,,,,,,,,,,,,,,,,,,,,2,,,,,,
Germany_Bundesliga,2025-2026,FC Augsburg,cyz9jisw86vjjf85xxgbae0yy,C. Matsima,Defender,5,46,13,33,14,1,72,2,18,107,,,80,28,52,42,214,2,14,1,1,28,25,3,,1,34,15,19,,29,3,,250,,660,,2,44,19,12,69,140,4,3,1,14,,,,1,1,1,,33,564,208,371,545,7,8,,13,1260,4,1,,1,85,8,4,121,676,4,578,15,13,98,905,3,3,2,19,45,73,28,53,,5,0,1,1,1,,,,,10,2,,,1,,,,1,,1,,,,,,1,,,,,,,,,,,,,2,,,,,,
Germany_Bundesliga,2025-2026,FC Augsburg,dzu2cf5wucxn64e13sxcpegwk,F. Meiser,Defender,41,,,,,,,,,,,,,,,,,,,,,,,,,,,,,,,,,,,,,,,,,,,,,,,,,,,,,,,,,,,,,,,,,,,,,,,,,,,,,,,,,,,,,,,,,,,,,,,,,,,,,,,,,,,,,,,,,,,,,,,,,,,,,,,,,,,,
Germany_Bundesliga,2025-2026,FC Augsburg,5yg9ljo5pf1lo2xk74d0k240l,S. Mounié,Forward,15,,,,,,,,,,,,,,,,,,,,,,,,,,,,,,,,,,,,,,,,,,,,,,,,,,,,,,,,,,,,,,,,,,,,,,,,,,,,,,,,,,,,,,,,,,,,,,,,,,,,,,,,,,,,,,,,,,,,,,,,,,,,,,,,,,,,
Germany_Bundesliga,2025-2026,FC Augsburg,em2wgioc2kw4uqxkhey5cn190,U. Ogundu,Forward,39,6,4,2,3,,,,,1,,,7,5,2,5,1,1,3,,,,,,,,1,1,,,,,,,,2,,,,,,,1,,,,,,3,,,,,,,,,,,,,,,14,,,,,,1,,7,2,,,,1,2,11,1,1,,1,1,3,,1,,,,,0,,,,,,,1,,,,,,,,,,,,,,,,,,,,,,,,,,,,,,,,,,
Germany_Bundesliga,2025-2026,FC Augsburg,egmcpa7j5clzga5m0zvg2f105,M. Pedersen,Defender,3,6,6,,6,,9,2,1,17,,4,29,21,8,59,17,2,6,,,4,4,,,,23,15,8,1,1,2,,2,1,52,,1,14,7,2,7,24,2,,,1,1,5,,2,2,,,1,40,29,13,39,3,2,,22,176,10,,,1,6,5,3,37,52,,40,5,12,12,131,7,7,5,,1,15,4,11,,,,,0,1,,,,,,3,,1,,,,,,,,,,,,,,,,,,,,,,,,,,,,,,,,
Germany_Bundesliga,2025-2026,FC Augsburg,4kolmisdpprx0wrahisadl5n9,E. Rexhbeçaj,Midfielder,8,25,13,12,24,,83,3,1,93,,4,108,59,49,169,151,9,24,,2,22,20,2,1,2,83,46,37,1,5,10,1,87,1,383,,3,49,26,14,48,80,10,3,5,10,7,14,,2,2,5,14,12,294,182,130,298,9,8,,18,1068,22,1,,,16,13,15,157,401,8,310,17,15,91,600,15,15,3,11,32,87,19,59,1,4,1,1,1,,,1,,,2,4,,1,,,,,,,,,,,,,1,,,,,,,,,,,,,,,,,,,
Germany_Bundesliga,2025-2026,FC Augsburg,83usrrx99pkiihnkz44dt2gru,F. Rieder,Midfielder,32,52,38,14,26,3,118,8,1,177,47,8,223,144,79,456,187,17,26,3,4,42,38,4,3,4,171,106,65,1,10,28,3,156,2,539,2,3,86,31,13,72,113,31,15,9,22,12,4,12,21,8,15,19,31,400,334,113,395,11,12,5,27,1812,49,6,,,9,38,28,318,574,24,426,23,41,148,977,62,26,23,9,33,181,29,115,,3,1,3,0,,,,,,,2,26,,4,,3,,,,,,,,,,1,,1,1,,,,,,,,,,1,,,,,,
Germany_Bundesliga,2025-2026,FC Augsburg,edgnkgpt7a6rzffcd012sqfpw,Rodrigo Ribeiro,Forward,21,39,26,13,8,,30,2,3,24,,4,63,39,24,67,12,2,8,,2,9,9,,2,2,24,13,11,1,2,1,,12,8,68,3,1,15,4,2,5,14,1,8,6,5,5,3,,,,7,8,,50,32,18,50,2,1,,,432,4,,3,,1,8,1,43,68,14,50,3,30,18,134,1,1,2,,,14,5,18,1,1,1,1,1,,,1,,2,,,,,2,,,,,,,,,,,,,,,,,,,,,,,,,,,,,,,
Germany_Bundesliga,2025-2026,FC Augsburg,eg09wg0vofjk0hqg04d0m1kwk,E. Saad,Forward,26,13,7,6,10,,47,3,1,76,2,6,99,51,48,160,25,6,10,,,13,11,2,,,86,44,42,2,1,12,,29,4,148,,1,45,21,11,27,51,12,1,3,7,7,3,,,,15,14,1,117,94,27,120,6,9,,3,499,30,,1,,2,8,12,105,152,4,121,15,24,31,311,9,7,19,,2,33,7,29,,1,,,0,,,,,,,,2,,,,1,,,,,,,,,,,,,,,,,,,,,,,,,,,,,
Germany_Bundesliga,2025-2026,FC Augsburg,6qujoqysad60h70f3ac5n9ch6,K. Schlotterbeck,Defender,31,105,39,66,23,1,73,3,23,221,,3,210,75,135,80,473,10,23,1,,36,35,1,,,105,36,69,2,32,11,,243,1,1076,1,6,121,27,19,99,414,12,6,3,22,,1,,4,4,10,1,84,914,373,661,946,15,25,5,2,2016,5,1,1,1,123,26,20,204,1203,9,1030,40,23,173,1552,2,2,2,34,74,114,61,99,1,5,,,0,1,,1,,,11,1,,1,,1,,1,55,3,58,,,,,,,,1,,,,,,,,,,1,4,1,,,,,
Germany_Bundesliga,2025-2026,FC Augsburg,bs71ipy5lx696fixg10eq0aac,T. Schnitzer,Midfielder,37,1,,1,1,,1,,,2,,,1,,1,1,1,,1,,,1,1,,,,,,,,,,,3,,5,,,,1,1,1,,,,,,,1,,,,,,,4,2,2,4,,,,,6,,,,,,,,1,5,,4,,1,1,6,,,,,,1,,1,,,,,0,,,,,,,,,,,,,,,,,,,,,,,,,,,,,,,,,,,,,,,,,
Germany_Bundesliga,2025-2026,FC Augsburg,2ecagvrfx1k0qrj4rcclkwaok,O. Sorg,Defender,43,,,,,,,,,,,,,,,,,,,,,,,,,,,,,,,,,,,,,,,,,,,,,,,,,,,,,,,,,,,,,,,,,,,,,,,,,,,,,,,,,,,,,,,,,,,,,,,,,,,,,,,,,,,,,,,,,,,,,,,,,,,,,,,,,,,,
Germany_Bundesliga,2025-2026,FC Augsburg,dg6vrx8k026l7f8ytbu1xxj9x,P. Tietz,Forward,21,151,86,65,23,1,69,5,1,57,,11,248,153,95,271,119,10,23,2,4,18,14,4,2,4,97,67,30,,5,12,,87,15,356,,,22,24,6,44,87,14,17,19,13,7,10,,1,1,7,28,4,192,143,56,194,3,2,1,2,1288,36,1,16,,32,28,18,262,362,36,198,5,82,164,616,1,1,14,,4,140,25,160,11,4,1,3,0,,,1,,2,,,,,3,1,2,,,,,,,,,,2,1,1,,,,,,,,,,,1,,,,,,
Germany_Bundesliga,2025-2026,FC Augsburg,5irixhhyayq9yl7sb2kohjrv9,M. Wolf,Midfielder,27,10,5,5,23,,57,2,,56,,6,48,26,22,174,115,4,23,,1,14,12,2,1,1,38,21,17,,9,12,,66,9,247,2,3,33,29,11,33,12,12,6,4,9,8,14,,8,8,4,4,10,166,111,66,159,4,7,,56,761,9,4,2,,20,6,2,142,250,10,169,11,28,81,460,24,24,6,5,16,85,20,65,,2,0,1,0,,,,,1,2,10,,1,,,,,,,,,,,,,,,,,,,,,,,,,,,,,,,,
Germany_Bundesliga,2025-2026,FC Augsburg,afk5qdami9yzapywig6ds4quh,C. Zesiger,Defender,16,43,21,22,21,,59,2,13,130,,2,107,52,55,105,339,4,21,,,26,23,3,,,64,31,33,1,11,6,,94,,684,2,2,70,24,10,39,218,6,5,1,14,3,7,,9,9,1,,31,556,243,348,551,6,17,1,7,1272,9,1,2,,84,15,9,174,710,6,582,23,8,128,959,21,21,5,31,58,110,39,70,,6,,,0,,,,1,,8,,,1,,,,,3,,3,,,,,,,,,,,,,,,,,,,3,,,,,,
Germany_Bundesliga,2025-2026,FC Bayern München,6sj31v61vtwwxe5hhwkj80g7o,T. Bischof,Midfielder,20,12,4,8,23,3,222,10,4,186,13,7,74,42,32,404,206,8,23,3,2,13,12,1,,,62,38,24,1,10,17,1,140,1,883,,,93,21,11,63,334,20,10,6,11,4,12,3,7,4,4,29,26,819,567,278,812,3,10,2,62,1024,13,4,1,,12,13,7,111,902,16,838,13,21,64,1124,17,13,6,5,13,65,16,51,1,2,0,2,0,,2,1,,1,3,,4,1,,,3,,,,,,,,,,,,,,,,,,,,,,,2,,,,,,
Germany_Bundesliga,2025-2026,FC Bayern München,70esd7csbds20h5uazwktcbje,S. Boey,Defender,23,10,4,6,9,,97,4,,38,,3,48,28,20,138,90,7,9,,,2,1,1,,,38,24,14,,5,4,,76,,289,,,19,12,4,21,30,4,2,,5,4,4,,1,1,1,4,1,249,162,92,252,2,4,,33,462,12,,,,8,10,8,70,293,2,253,6,14,40,410,4,4,8,4,5,31,13,35,,1,,,0,,,,,,,7,,,,,,1,,,,,,,,,,,,,,,,,,,,,,1,,,,,,
Germany_Bundesliga,2025-2026,FC Bayern München,26w03mzboed8zd2ygkmeah1xw,J. Bärtl,Goalkeeper,35,,,,,,,,,,,,,,,,,,,,,,,,,,,,,,,,,,,,,,,,,,,,,,,,,,,,,,,,,,,,,,,,,,,,,,,,,,,,,,,,,,,,,,,,,,,,,,,,,,,,,,,,,,,,,,,,,,,,,,,,,,,,,,,,,,,,
Germany_Bundesliga,2025-2026,FC Bayern München,4r3am2657ubdk372od3oqm1g,F. Chávez,Midfielder,38,,,,6,,12,3,,9,,,5,3,2,16,7,,6,,,1,,1,,,5,3,2,,1,1,,21,,51,,,4,1,1,2,11,1,,,,,6,,,,,5,4,47,31,16,43,,1,,,51,,,,,1,,1,7,51,,47,1,1,4,64,1,,,,1,5,,3,,,,,0,,,,,,,,,,,,,,,,,,,,,,,,,,,,,,,,,,,,,,,,,
Germany_Bundesliga,2025-2026,FC Bayern München,qt1wbjej8amtydluzvfudhxw,David Santos,Midfielder,47,,,,2,,5,1,,9,,1,4,2,2,11,5,,2,,,1,1,,,,4,2,2,,,,,9,,25,,,3,1,,1,6,,,,,,2,,,,2,,3,24,14,10,21,,,1,,27,,,,,1,2,,1,25,,24,,,1,30,,,,,,1,,1,,,,,0,,,,,,,,,,,,,,,,,,,,,,,,,,,,,,,,,,,,,,,,,
Germany_Bundesliga,2025-2026,FC Bayern München,582uvj0i3dvm0zwbou9q68pgp,A. Davies,Defender,19,13,9,4,9,2,60,,3,89,,1,50,26,24,119,52,,9,2,,4,4,,,,37,17,20,,3,3,,55,,237,1,1,50,7,4,36,73,5,2,,4,3,5,,2,2,8,3,4,218,126,97,217,3,5,,15,360,14,1,,1,6,2,4,49,240,2,221,8,16,19,336,3,3,9,,1,19,3,18,2,1,,,0,1,,,,,1,,,,,,,,,,,,,,,,,,,,,,,,,,,,,,,,,,,
Germany_Bundesliga,2025-2026,FC Bayern München,7tdj67y6pciteqv9vjuvd76l0,G. Della Rovere,Midfielder,31,,,,,,,,,,,,,,,,,,,,,,,,,,,,,,,,,,,,,,,,,,,,,,,,,,,,,,,,,,,,,,,,,,,,,,,,,,,,,,,,,,,,,,,,,,,,,,,,,,,,,,,,,,,,,,,,,,,,,,,,,,,,,,,,,,,,
Germany_Bundesliga,2025-2026,FC Bayern München,5ch0r2awkzjfd4hv6kbw6c9gp,L. Díaz,Forward,14,29,20,9,26,6,345,17,2,437,1,25,280,160,120,945,146,12,26,11,15,23,20,3,14,13,251,140,111,,11,47,3,71,19,1076,11,1,223,40,16,124,551,57,24,34,24,5,2,,6,6,58,24,38,919,733,229,918,6,14,8,29,2164,104,12,14,,2,30,33,367,1113,58,956,20,209,157,1628,36,36,57,3,11,167,26,146,3,5,8,7,3,,2,1,,9,,2,,,11,2,,,,,,,,,,,3,2,,,,,,,,,,,1,4,1,,,,,
Germany_Bundesliga,2025-2026,FC Bayern München,5ixg2xf9iw9t6io8w6e1jxfys,Javier Fernández,Midfielder,33,,,,,,,,,,,,,,,,,,,,,,,,,,,,,,,,,,,,,,,,,,,,,,,,,,,,,,,,,,,,,,,,,,,,,,,,,,,,,,,,,,,,,,,,,,,,,,,,,,,,,,,,,,,,,,,,,,,,,,,,,,,,,,,,,,,,
Germany_Bundesliga,2025-2026,FC Bayern München,4ysxvym6ww4f9d3hflkqsbf11,S. Gnabry,Forward,7,10,10,,21,6,196,15,1,178,7,9,96,56,40,412,121,5,21,6,8,14,11,3,7,8,86,46,40,2,4,16,,131,6,638,3,1,84,17,10,37,201,22,18,17,16,15,5,,4,4,16,37,15,572,410,177,568,9,9,8,8,1228,32,9,6,,3,9,6,139,649,35,583,18,71,66,862,16,11,18,1,7,71,11,59,1,1,4,4,2,,,1,,7,,1,5,,4,,1,,,,,,,,,,1,1,,,,,,,,,,,,,,,,,,
Germany_Bundesliga,2025-2026,FC Bayern München,4w4ldzomkj7fhrc51iimz8no5,L. Goretzka,Midfielder,8,52,32,20,25,1,169,4,7,295,,1,129,67,62,338,296,9,25,1,2,11,9,2,2,2,77,35,42,1,21,16,,367,,1208,2,,157,24,13,77,403,17,10,5,19,13,6,,,,9,46,36,1117,692,451,1107,9,11,9,1,1466,14,2,3,,32,12,13,131,1235,15,1143,20,25,92,1444,4,4,2,4,15,66,30,77,1,4,1,1,0,,,,,2,3,,,,,,,,,,,,,,,,,1,,,,,,,,,,,,4,,,,,,
Germany_Bundesliga,2025-2026,FC Bayern München,8p2yagsx6ujdbmeonkd3u4c89,H. Ito,Defender,21,15,2,13,11,1,56,2,,80,,1,27,10,17,81,128,,11,2,1,6,5,1,,1,12,8,4,1,8,2,,57,,433,,1,40,8,4,16,196,4,4,3,5,5,6,,,,2,4,13,386,216,174,377,,1,,23,500,,1,1,,19,7,1,61,437,7,390,1,11,47,523,4,4,,6,14,37,14,33,,,1,0,0,,,,,,3,2,,,1,,,,,,,,,,,,1,,,,,,,,,,,,,,,,,,,
Germany_Bundesliga,2025-2026,FC Bayern München,amcwh6w0brmkttg4uc5qm6z9w,N. Jackson,Forward,11,11,6,5,17,,53,1,,57,,3,56,36,20,177,27,5,17,,4,3,3,,4,4,45,30,15,,2,14,1,42,2,165,1,,32,8,3,14,44,14,7,11,7,5,10,,,,5,12,1,135,116,20,135,2,1,1,1,577,16,2,6,,,12,7,70,166,18,136,3,51,30,264,,,8,,,27,3,30,,1,4,0,0,,,,,2,1,,,,4,1,,,,,,,,,,,1,,,,,,,,,,,1,1,,,,,,,
Germany_Bundesliga,2025-2026,FC Bayern München,b9g4qurpll4wizajo95c406hh,H. Kane,Forward,9,63,24,39,26,5,140,26,4,196,1,24,214,97,117,464,176,6,26,5,31,23,21,2,18,27,151,73,78,3,7,31,5,100,19,627,,2,84,37,17,69,227,36,21,61,23,8,3,,,,29,40,74,504,351,169,446,5,12,15,2,2067,43,15,17,,30,23,32,228,643,82,520,17,156,123,1029,10,10,16,4,24,114,19,99,4,1,16,15,5,,4,4,,23,2,4,,1,23,2,3,,,,,,,,,,3,,10,10,,,,,,,,,,3,,,,,,
Germany_Bundesliga,2025-2026,FC Bayern München,b4x911h58r8i9b2vvsnydvfo4,L. Karl,Midfielder,42,14,12,2,24,3,229,5,2,229,6,10,152,95,57,540,118,4,24,4,5,13,12,1,5,4,138,83,55,,12,17,3,316,4,740,3,1,100,23,12,49,83,20,14,20,15,11,9,1,7,6,21,36,23,631,477,167,614,11,13,4,16,1207,59,5,9,,2,5,11,232,746,34,637,24,91,109,1044,18,16,40,1,13,103,24,96,1,1,2,3,1,,1,2,,2,2,,1,,3,1,,,,,,,,,,,,,,,,,,,,,,,,1,,,,,,
Germany_Bundesliga,2025-2026,FC Bayern München,bhrfr8rtpsm889f93erdlbb4k,C. Kiala,Defender,30,,,,1,,,,,1,,,,,,,1,,1,,,,,,,,,,,,,,,,,2,,,1,,,1,1,,,,,,1,,,,,,,2,1,1,2,,,,,1,,,,,,,,1,2,,2,,,,3,,,,,,,,,,,,,0,,,,,,,,,,,,,,,,,,,,,,,,,,,,,,,,,,,,,,,,,
Germany_Bundesliga,2025-2026,FC Bayern München,2p1pns6j6id4nx3nbi7fv0wrt,Kim Min-Jae,Defender,3,57,21,36,20,1,43,,13,247,,,88,35,53,88,382,6,20,1,1,13,11,2,,1,31,14,17,,25,,,355,,1094,,2,138,13,7,57,350,1,1,1,14,7,6,,,,,,19,1037,540,533,1054,4,12,3,8,1200,1,1,,1,62,8,1,61,1130,2,1073,16,5,57,1284,,,1,4,14,32,25,43,,1,0,1,1,1,,,,,1,,,,1,,,1,22,,22,,,,,,1,1,,,,,,,,,,,,4,,,,,,
Germany_Bundesliga,2025-2026,FC Bayern München,97nv3y9z2ajz6b4ynoo0jn3kl,J. Kimmich,Midfielder,6,19,12,7,24,2,303,6,5,553,58,16,120,56,64,612,568,5,24,6,2,21,19,2,2,2,101,44,57,1,20,38,2,739,,2068,,2,235,26,10,100,546,44,7,10,20,4,4,10,24,10,10,50,129,1905,1285,718,1850,6,21,28,19,1906,19,14,1,,14,7,20,298,2156,17,1979,27,25,177,2507,73,21,6,10,56,223,27,121,,4,0,2,2,,,2,,,2,1,39,1,,,,,,,,,,,,,,2,,,,,,,,,,,,7,,,,,,
Germany_Bundesliga,2025-2026,FC Bayern München,cvn70ka22sw3s7gj4ljm3odn8,L. Klanac,Goalkeeper,48,,,,,,,,,,,,,,,,,,,,,,,,,,,,,,,,,,,,,,,,,,,,,,,,,,,,,,,,,,,,,,,,,,,,,,,,,,,,,,,,,,,,,,,,,,,,,,,,,,,,,,,,,,,,,,,,,,,,,,,,,,,,,,,,,,,,
Germany_Bundesliga,2025-2026,FC Bayern München,2i8mia6uantvhtmpewgs1qz9w,J. Kusi-Asare,Forward,41,,,,1,,,,1,,,,,,,1,,,1,,,,,,,,,,,1,,,,,,,,,,,,,,,,,,,1,,,,,,,,,,,,,,,4,,,,,,1,,1,,,,,,,2,,,,,,,,,,,,,0,,,,,,,,,,,,,,,,,,,,,,,,,,,,,,,,,,,,,,,,,
Germany_Bundesliga,2025-2026,FC Bayern München,1qthvf5krys0pzk24h8wtr9at,K. Laimer,Midfielder,27,34,20,14,23,3,233,2,4,264,,8,158,92,66,577,331,7,23,5,3,12,10,2,3,3,124,72,52,1,17,29,1,301,3,1095,2,,171,36,16,73,241,34,5,8,18,8,5,,8,8,11,12,19,980,695,303,971,16,19,6,117,1641,33,4,2,,25,21,6,216,1106,13,990,35,73,116,1504,20,20,19,13,25,96,40,91,,5,2,1,2,,,1,,2,2,12,,,3,,,,,,,,,,,,,,,,,,,,,,,,,6,,,,,,
Germany_Bundesliga,2025-2026,FC Bayern München,3yl8du9hk6bgrd8azx0u7xai2,V. Manuba,Defender,41,,,,,,,,,,,,,,,,,,,,,,,,,,,,,,,,,,,,,,,,,,,,,,,,,,,,,,,,,,,,,,,,,,,,,,,,,,,,,,,,,,,,,,,,,,,,,,,,,,,,,,,,,,,,,,,,,,,,,,,,,,,,,,,,,,,,
Germany_Bundesliga,2025-2026,FC Bayern München,8nlw9h93ry3f4p5ci7f8zs0t0,Maycon Douglas Cardozo,Midfielder,49,,,,2,,5,,,6,,1,3,1,2,13,1,,2,,,1,1,,,,3,1,2,,,,,,,16,,,4,1,1,1,10,,,,,,2,,,,,,,15,10,5,15,,,,1,32,1,,,,1,,2,3,16,,15,,2,1,23,1,1,1,,,2,,1,,,,,0,,,,,,,,,,,,,,,,,,,,,,,,,,,,,,,,,,,,,,,,,
Germany_Bundesliga,2025-2026,FC Bayern München,clrnb4f1yk8z6fbcwyv9vmkus,W. Mike,Forward,36,,,,4,,4,,,8,,1,2,2,,10,2,,4,,,,,,,,2,2,,,1,,,5,,17,,,6,1,,1,6,,1,1,,,4,,,,,,,14,9,5,14,,,,,27,2,,,,,,,8,17,2,14,,2,3,26,1,1,,,,4,,3,,,,,0,,,,,,,,,,,,,,,,,,,,,,,,,,,,,,,,,,,,,,,,,
Germany_Bundesliga,2025-2026,FC Bayern München,bhsdzppop8jwjsxwftizot1t6,J. Musiala,Midfielder,10,2,,2,9,,52,7,,70,,11,55,24,31,155,32,2,9,2,1,6,6,,,1,53,24,29,,2,5,,21,,155,3,1,35,17,7,19,51,7,4,4,2,1,7,,,,10,11,,133,100,34,134,4,2,2,2,326,17,,,,1,2,13,65,156,8,134,6,37,22,264,3,3,12,,,23,2,22,,1,1,0,0,,,,,1,,,,,1,,,,,,,,,,,,,,1,1,,,,,,,,,,,,,,,,
Germany_Bundesliga,2025-2026,FC Bayern München,42x9xyenk4vjvo5pspjh45iqc,B. Ndiaye,Forward,39,,,,,,,,,,,,,,,,,,,,,,,,,,,,,,,,,,,,,,,,,,,,,,,,,,,,,,,,,,,,,,,,,,,,,,,,,,,,,,,,,,,,,,,,,,,,,,,,,,,,,,,,,,,,,,,,,,,,,,,,,,,,,,,,,,,,
Germany_Bundesliga,2025-2026,FC Bayern München,64pzn3jdqo6y2izlpm8n3tvpx,M. Neuer,Goalkeeper,1,1,,1,20,,,,,106,,,3,,3,,337,,20,,,19,16,3,,,2,,2,,,,,172,,552,,1,56,2,,167,147,,,,20,2,,,,,,,124,440,51,477,404,,,,2,1710,,,,8,13,,2,134,656,,528,,,128,811,,,,87,122,89,39,6,,,,,0,,,,,,36,,,,,,,,158,11,73,,6,28,21,6,,,,,,,6,1,1,,7,,,5,,,,,,
Germany_Bundesliga,2025-2026,FC Bayern München,enpkvxwcyv4sqfzulxwmvxmac,D. Ofli,Defender,34,,,,,,,,,,,,,,,,,,,,,,,,,,,,,,,,,,,,,,,,,,,,,,,,,,,,,,,,,,,,,,,,,,,,,,,,,,,,,,,,,,,,,,,,,,,,,,,,,,,,,,,,,,,,,,,,,,,,,,,,,,,,,,,,,,,,
Germany_Bundesliga,2025-2026,FC Bayern München,m2c4lckkcr7yilnqxrrsgh2i,M. Olise,Midfielder,17,19,12,7,26,17,370,26,1,540,76,40,291,161,130,1243,298,9,26,18,11,23,21,2,10,10,272,149,123,2,12,54,8,561,4,1274,9,2,277,59,22,88,75,72,17,43,21,8,5,11,26,14,52,53,23,1072,922,206,1079,14,10,18,48,2004,95,25,11,,7,30,47,492,1304,60,1102,24,192,202,1983,102,45,68,,14,276,28,188,7,6,8,3,4,,1,5,,3,,5,45,,4,1,4,,,,,,,,,,,2,,,,,,,,,,,,6,,,,,,
Germany_Bundesliga,2025-2026,FC Bayern München,9orn6va4xvbfp1zdqb8ri2oes,E. Osmani,Midfielder,38,,,,1,,,,,3,,,,,,,2,,1,,,,,,,,,,,,1,,,3,,6,,,2,,,,1,,,,,,1,,,,,,,5,2,3,5,,,,,3,,,,,,,,1,6,,5,,,1,7,,,,,,1,,1,,,,,0,,,,,,,,,,,,,,,,,,,,,,,,,,,,,,,,,,,,,,,,,
Germany_Bundesliga,2025-2026,FC Bayern München,5m35ycmsvj7ftub65tjmfksus,F. Pavic,Defender,43,,,,,,,,,,,,,,,,,,,,,,,,,,,,,,,,,,,,,,,,,,,,,,,,,,,,,,,,,,,,,,,,,,,,,,,,,,,,,,,,,,,,,,,,,,,,,,,,,,,,,,,,,,,,,,,,,,,,,,,,,,,,,,,,,,,,
Germany_Bundesliga,2025-2026,FC Bayern München,9u0jnvttp25l5bp2pvx7pces,A. Pavlović,Midfielder,45,27,17,10,22,,234,1,8,337,8,1,99,50,49,385,342,11,22,1,3,21,19,2,2,2,72,33,39,,13,18,2,401,,1495,1,2,149,21,9,76,529,19,3,5,14,6,8,1,2,1,4,41,67,1412,931,494,1356,12,14,,10,1370,7,2,,2,17,18,9,118,1506,8,1423,26,15,83,1684,7,4,4,6,19,72,18,64,,2,2,1,0,,1,,,1,1,1,3,,2,,,,,,,,,,,,,,,,,,,,,,,,,1,,,,,,
Germany_Bundesliga,2025-2026,FC Bayern München,5piq9uuh0n8inu8d49s59b40k,L. Prescott,Goalkeeper,37,,,,,,,,,,,,,,,,,,,,,,,,,,,,,,,,,,,,,,,,,,,,,,,,,,,,,,,,,,,,,,,,,,,,,,,,,,,,,,,,,,,,,,,,,,,,,,,,,,,,,,,,,,,,,,,,,,,,,,,,,,,,,,,,,,,,
Germany_Bundesliga,2025-2026,FC Bayern München,6ie5meimavc8kwohr6lrdyket,Raphaël Guerreiro,Defender,22,4,3,1,14,,83,2,1,59,,2,29,18,11,194,88,1,14,2,3,3,2,1,2,3,25,15,10,,1,9,3,131,1,370,,,26,8,3,23,69,11,1,3,5,6,9,,,,3,24,3,336,238,99,334,,6,1,7,541,12,2,,,6,3,1,56,371,4,337,6,25,34,432,2,2,6,,1,30,6,33,1,,2,1,0,,,,,,,,,,3,,,,,,,,,,,,,,,,,,,,,,,,,,,,,,,
Germany_Bundesliga,2025-2026,FC Bayern München,4skrm2y64va3y5jk70gz4ylpm,J. Stanišić,Defender,44,34,13,21,20,2,194,,6,228,6,7,101,39,62,406,293,,20,3,2,20,19,1,1,2,67,26,41,,16,15,,295,4,1013,1,2,133,33,12,71,244,18,2,4,16,2,4,,4,3,8,13,30,907,604,320,890,6,17,3,86,1525,9,4,,,53,5,11,170,1026,6,920,23,53,106,1349,26,24,3,7,24,100,32,82,2,1,0,2,1,,,,,1,4,5,2,,1,1,,2,,,,,,,,,1,,,,,,,,,,,,,4,,,,,,
Germany_Bundesliga,2025-2026,FC Bayern München,5ec2ede9uwbft3wby33mwowyd,J. Tah,Defender,4,59,18,41,23,1,68,1,16,340,,1,122,51,71,84,467,10,23,1,2,19,16,3,,2,63,33,30,3,25,4,,508,,1614,,,172,9,7,78,617,5,2,5,21,4,2,,,,2,,37,1551,759,836,1558,6,16,1,2,1810,6,1,1,1,107,24,6,84,1660,7,1595,22,16,65,1907,1,1,2,7,21,47,19,44,,6,1,1,1,,,1,,1,1,,,,,,,1,29,,29,,,,,,1,,,,,,,,,,,,,6,,,,,,
Germany_Bundesliga,2025-2026,FC Bayern München,br2uswvdgoj7ndkx7mnbwgyd,S. Ulreich,Goalkeeper,26,,,,1,,,,,4,,,1,,1,,32,,1,,,1,1,,,,1,,1,,,,,1,,27,,,2,,,9,5,,,,1,,,,,,,,5,13,3,15,13,,,,1,90,,,,3,,,1,20,38,,18,,,20,48,,,,14,20,14,6,,,1,,,0,,,,,,2,,,,,,,,6,4,8,,,6,5,1,,,,,,,,,,,,,,,,,,,,
Germany_Bundesliga,2025-2026,FC Bayern München,x4qyxhfr2vi007sazoqe5vit,D. Upamecano,Defender,2,58,25,33,22,,101,2,5,394,,3,142,61,81,107,479,6,22,1,1,18,17,1,,1,84,36,48,1,18,9,,546,,1491,,2,200,17,6,114,387,10,4,2,20,8,2,,2,2,3,1,53,1379,681,719,1345,14,26,3,7,1662,14,4,1,,49,15,5,151,1513,6,1398,40,13,115,1722,4,4,5,24,48,77,42,67,,4,1,0,1,,,,,1,2,,,,1,,,1,5,1,6,,,,,,,,,,,,,,,,,,,3,,,,,,
Germany_Bundesliga,2025-2026,FC Bayern München,91n9wzn3qq2789zq8vdmfrd62,J. Urbig,Goalkeeper,40,2,1,1,9,,,,,50,,,3,1,2,,147,,9,,,7,7,,,,1,,1,,,1,,72,,251,,1,21,,,77,73,1,,,7,,2,,,,,,52,216,31,219,198,,,1,1,720,,,,2,5,,1,45,292,,250,,,42,365,,,,27,41,34,8,1,,,,,0,,,,,,18,,,,,,,,68,4,31,2,1,14,7,7,,,,,,,5,,2,,3,,,4,,,,,,1
Germany_Bundesliga,2025-2026,FC St. Pauli,16rur8pbshrs9xypsq7mnxzhl,O. Afolayan,Forward,17,7,4,3,7,,25,1,1,34,,3,37,22,15,79,14,,7,,,3,3,,,,30,18,12,,,2,,6,,64,1,,22,9,3,4,19,2,1,2,1,1,6,,1,1,2,5,4,49,44,6,45,2,2,1,,144,17,,2,,2,2,6,51,64,3,49,4,7,15,127,9,9,10,,1,24,,14,,1,,,0,,,,,,,,,,,,,,,,,,,,,,,,,,,,,,,,,,,,,,,,,
Germany_Bundesliga,2025-2026,FC St. Pauli,1xsy3m0bzicto5ogxsd026bmy,E. Ahlstrand,Midfielder,20,,,,,,,,,,,,,,,,,,,,,,,,,,,,,,,,,,,,,,,,,,,,,,,,,,,,,,,,,,,,,,,,,,,,,,,,,,,,,,,,,,,,,,,,,,,,,,,,,,,,,,,,,,,,,,,,,,,,,,,,,,,,,,,,,,,,
Germany_Bundesliga,2025-2026,FC St. Pauli,b74i8hq8210h8y2xk05anvqc4,R. Aigbekaen,Forward,38,,,,,,,,,,,,,,,,,,,,,,,,,,,,,,,,,,,,,,,,,,,,,,,,,,,,,,,,,,,,,,,,,,,,,,,,,,,,,,,,,,,,,,,,,,,,,,,,,,,,,,,,,,,,,,,,,,,,,,,,,,,,,,,,,,,,
Germany_Bundesliga,2025-2026,FC St. Pauli,7wsv4h6o1ps1vxxvs6dnt6az8,T. Ando,Defender,15,30,9,21,9,,27,1,4,78,,,68,26,42,56,164,8,9,1,,14,11,3,,,38,17,21,,11,3,,122,,408,,1,46,10,4,37,112,4,2,,8,2,1,,1,1,2,,15,351,158,211,353,5,10,,6,721,5,2,,,45,8,4,68,425,2,368,15,6,57,546,2,2,2,21,29,47,12,28,,2,,,0,,,,,,5,,,,,,,,10,,10,,,,,,,,,,,,,,,,,,,,,,,,,
Germany_Bundesliga,2025-2026,FC St. Pauli,4qrs83a12dvxue8w115nga5m,S. Banks,Forward,18,,,,,,,,,,,,,,,,,,,,,,,,,,,,,,,,,,,,,,,,,,,,,,,,,,,,,,,,,,,,,,,,,,,,,,,,,,,,,,,,,,,,,,,,,,,,,,,,,,,,,,,,,,,,,,,,,,,,,,,,,,,,,,,,,,,,
Germany_Bundesliga,2025-2026,FC St. Pauli,3pzwmymhpa20k8i6760xg5puc,A. Ceesay,Forward,9,31,21,10,16,,11,,,11,,,52,34,18,46,9,5,16,,,6,6,,,,21,13,8,,,1,,17,1,47,1,,2,2,,3,12,1,3,1,,,16,,,,2,8,,33,26,9,35,1,,,,205,2,,2,,1,10,5,29,49,4,35,1,12,14,86,1,1,,,,14,1,14,1,2,,,0,,,,,,,,,,,1,,,,,,,,,,,,,,,,,,,,,,,,,,,,,,
Germany_Bundesliga,2025-2026,FC St. Pauli,aw10uq1kb2kgr79s8zbipts5x,A. Dźwigała,Defender,25,53,28,25,17,1,24,,4,80,,,135,57,78,44,270,16,17,1,1,22,19,3,,1,82,29,53,,19,4,,125,,521,,1,45,19,8,47,133,5,2,2,13,8,4,,1,1,3,,25,417,177,272,423,19,25,1,10,1173,1,,,,70,19,6,118,552,4,448,44,7,104,762,,,1,30,43,67,37,61,,5,0,1,1,,,,,1,5,2,,,,,,1,19,,19,,,,,,,,,,,,,,,,,,,1,,,,,,
Germany_Bundesliga,2025-2026,FC St. Pauli,3v695dpbm6bdgifkyhlie6kbu,J. Fujita,Midfielder,16,29,17,12,27,3,200,9,2,226,,8,257,139,118,478,366,20,27,3,1,41,36,5,1,1,228,122,106,1,29,26,,254,4,1034,13,2,131,52,31,144,228,29,11,6,26,6,1,,4,4,39,40,29,783,494,307,768,30,23,14,5,2290,65,5,1,,16,30,14,411,1048,17,797,53,45,251,1478,21,21,36,25,68,233,39,183,3,4,1,0,1,,,,,1,2,2,,,,,,,,,,,,,,,,,,,,,,,,,,,,5,,,,,,
Germany_Bundesliga,2025-2026,FC St. Pauli,7dfcfaazbxla16jrf8obs3e5m,E. Gazdov,Goalkeeper,47,,,,,,,,,,,,,,,,,,,,,,,,,,,,,,,,,,,,,,,,,,,,,,,,,,,,,,,,,,,,,,,,,,,,,,,,,,,,,,,,,,,,,,,,,,,,,,,,,,,,,,,,,,,,,,,,,,,,,,,,,,,,,,,,,,,,
Germany_Bundesliga,2025-2026,FC St. Pauli,2n808wa0h841cn8xi78n21v8q,T. Hara,Forward,18,1,,1,2,,1,,,,,,1,,1,3,2,,2,,,1,,1,,,,,,,,,,,,5,,,,,,,3,,1,,,,2,,,,,,,1,1,1,2,,,,,22,,,1,,,,,6,6,1,2,,1,4,9,,,,2,2,1,3,2,,,,,0,,,,,,,,,,,,,,,,,,,,,,,,,,,,,,,,,,,,,,,,,
Germany_Bundesliga,2025-2026,FC St. Pauli,anycrq4ug1ee012dw68tpsh2i,A. Hountondji,Forward,27,48,42,6,15,,38,4,1,46,,13,97,72,25,136,21,1,15,,4,13,13,,3,4,49,30,19,2,1,4,1,27,3,100,2,,31,19,3,14,17,4,3,7,9,9,6,,1,1,8,10,1,62,48,18,64,6,,,2,675,21,,3,,4,7,5,102,103,10,65,6,41,38,229,18,18,14,1,1,49,7,37,3,1,2,2,0,,,,,2,,,,,3,,,,,,,,,,,,1,,1,,,,,,,,,,,,,,,,,
Germany_Bundesliga,2025-2026,FC St. Pauli,2ciak27414tln8ac4t4xj38id,J. Irvine,Midfielder,7,77,40,37,19,,63,6,5,67,,1,152,74,78,192,214,8,19,,,14,12,2,,,75,34,41,1,21,6,,91,,495,1,,37,13,3,47,131,6,7,3,13,4,6,,1,1,8,26,17,354,205,154,341,9,12,3,,1181,13,1,,,42,15,12,185,499,10,358,21,25,141,699,7,7,6,14,20,122,26,121,,,,,0,,,,,,5,,,,,,,,,,,,,,,,,,,,,,,,,,,,1,3,1,,,,,
Germany_Bundesliga,2025-2026,FC St. Pauli,3e79d5436l57bfj3ywbjvfr6y,R. Jones,Forward,26,31,22,9,8,,13,3,,25,,5,59,36,23,58,7,3,8,,2,5,4,1,1,2,28,14,14,1,1,6,,17,5,53,,2,20,8,1,4,16,6,2,6,3,4,5,,1,1,4,4,1,27,18,10,26,1,2,,,336,6,1,4,,2,8,7,54,53,8,27,3,16,26,123,7,7,2,1,1,29,4,25,3,1,0,2,0,,,,,1,,,,1,,,,,,,,,,,,,1,,,,,,,,,,,,,,,,,,,
Germany_Bundesliga,2025-2026,FC St. Pauli,8im7pgnph2au11blma5pewe09,M. Kaars,Forward,19,44,31,13,23,,120,7,,73,,9,95,65,30,182,27,4,23,,3,20,17,3,2,3,51,34,17,,,7,,71,4,248,1,,41,13,4,23,49,7,4,9,12,11,11,,1,1,4,22,3,191,129,82,207,1,6,,1,1079,22,1,2,,6,7,6,121,267,13,210,7,45,57,398,10,10,5,,3,44,23,54,6,1,3,0,1,,,,,3,1,,,,1,1,,,,,,,,,,,,,1,1,,,,,,,,,,,,,,,,
Germany_Bundesliga,2025-2026,FC St. Pauli,3ynh418z6f6bfjz674vs40f6x,Mathias Pereira Lage,Midfielder,28,112,68,44,26,2,120,10,2,110,25,15,269,147,122,378,136,15,26,2,2,31,28,3,1,1,157,79,78,2,15,21,,74,16,450,4,2,67,36,20,64,130,23,13,15,23,17,3,6,11,5,14,30,12,294,219,96,292,14,20,1,14,1855,38,3,7,,30,30,32,304,460,28,304,34,61,156,875,45,28,15,11,18,160,41,138,6,2,0,2,1,,1,2,,1,2,3,14,,1,,2,,,,,,,,,,1,,,,,,,,,,,,,1,,,,,,
Germany_Bundesliga,2025-2026,FC St. Pauli,1igjz2w9dr9mj5f4ade5plsve,C. Metcalfe,Midfielder,24,9,4,5,19,1,32,3,,41,,1,50,28,22,121,42,6,19,1,,6,6,,,,41,24,17,,4,3,,34,,135,,,19,5,3,14,27,4,6,2,1,1,18,,1,1,5,7,2,104,85,20,102,4,6,1,5,313,12,2,1,,3,7,2,67,135,8,104,10,12,31,224,8,8,5,4,5,34,5,26,,1,,,0,,,,,,1,2,,,,,,,,,,,,,,,,,,,,,,,,,,,,,,,,,,
Germany_Bundesliga,2025-2026,FC St. Pauli,d3ikbsb9xrytwlf4ls34cvqol,K. Mets,Defender,3,57,23,34,19,,72,1,5,131,,1,102,36,66,57,416,3,19,,,30,27,3,,,45,13,32,,17,3,,88,1,850,,2,69,9,8,54,386,3,3,,18,4,1,,2,2,1,,44,721,261,570,785,3,20,,5,1574,,,,1,96,10,10,146,962,3,829,23,9,133,1168,3,3,,46,71,98,38,62,,2,,,0,,,,,,8,,,,,,,,74,,74,,,,,,,,,,,,,,,,,,,2,,,,,,
Germany_Bundesliga,2025-2026,FC St. Pauli,8bllf54c5zh74je3guhk6u3ca,D. Nemeth,Defender,4,,,,,,,,,,,,,,,,,,,,,,,,,,,,,,,,,,,,,,,,,,,,,,,,,,,,,,,,,,,,,,,,,,,,,,,,,,,,,,,,,,,,,,,,,,,,,,,,,,,,,,,,,,,,,,,,,,,,,,,,,,,,,,,,,,,,
Germany_Bundesliga,2025-2026,FC St. Pauli,eg5haueyvosx3euq9e0ogdj6y,L. Oppie,Defender,23,21,14,7,20,,144,3,2,67,12,7,94,49,45,327,206,8,20,,1,28,26,2,1,1,73,35,38,,8,9,1,19,4,581,,1,37,35,15,65,224,9,8,3,15,1,5,,6,6,3,8,20,461,283,196,453,6,16,1,131,1449,13,3,1,1,38,13,14,203,593,11,473,22,21,120,948,46,33,6,26,37,133,33,83,1,,0,1,0,,,1,,,6,7,10,,1,,,1,,,,,,,,,,,,,,,,,,,,,,2,,,,,,
Germany_Bundesliga,2025-2026,FC St. Pauli,rvqiq9rz1ur11jb8skb7419m,A. Pyrka,Defender,11,36,26,10,25,,163,8,10,158,,10,144,71,73,405,299,5,25,1,,35,30,5,,,108,45,63,1,20,21,,209,,751,3,2,107,49,22,122,85,21,5,3,24,7,1,,6,6,12,9,25,554,324,241,534,11,16,,206,2040,28,5,1,,62,14,24,307,756,8,559,27,32,197,1322,29,29,18,37,55,166,60,142,2,3,,,0,,,,,,14,25,,,,,,,,,,,,,,,,,,,,,,,,,,,,4,,,,,,
Germany_Bundesliga,2025-2026,FC St. Pauli,payije8nojdfrbkuq9hj2sph,M. Rasmussen,Midfielder,20,11,5,6,7,,37,1,,32,,3,37,17,20,60,57,4,7,,,10,9,1,,,26,12,14,1,2,2,,55,,197,2,,14,11,4,24,48,2,2,2,5,2,2,,2,2,3,11,4,155,77,80,151,7,,,1,459,6,,2,,7,5,5,64,197,4,155,7,6,42,265,3,3,,4,8,34,11,34,1,,,,0,,,,,,1,,,,,,,,,,,,,,,,,,,,,,,,,,,,,,,,,,,
Germany_Bundesliga,2025-2026,FC St. Pauli,943lx505f9ple1gtxx9m178q1,L. Ritzka,Defender,21,23,14,9,16,,37,,3,32,,3,76,36,40,74,119,6,16,,,12,10,2,,,53,22,31,,10,3,,9,1,270,,1,16,21,13,30,119,3,2,,8,8,8,,1,1,,,13,191,79,127,192,10,20,,34,692,1,1,,,28,8,1,104,284,2,205,30,8,79,451,10,10,1,17,27,60,29,52,,1,,,0,,,,,,3,4,,,,,,,10,,10,,,,,,,,,,,,,,,,,,,,,,,,,
Germany_Bundesliga,2025-2026,FC St. Pauli,chsws693e3nh0faoi0p3ekgk,J. Robatsch,Defender,34,,,,,,,,,,,,,,,,,,,,,,,,,,,,,,,,,,,,,,,,,,,,,,,,,,,,,,,,,,,,,,,,,,,,,,,,,,,,,,,,,,,,,,,,,,,,,,,,,,,,,,,,,,,,,,,,,,,,,,,,,,,,,,,,,,,,
Germany_Bundesliga,2025-2026,FC St. Pauli,curznlsytjm07efqlmyp3br2t,M. Saliakas,Defender,2,18,10,8,15,2,102,9,1,90,4,11,71,25,46,254,166,1,15,3,1,19,17,2,1,1,53,15,38,,12,8,,199,4,475,,,56,26,10,52,12,11,2,3,11,7,4,,7,7,5,6,28,354,213,152,330,6,21,2,94,1022,4,1,,,23,4,6,198,479,5,358,27,16,121,775,32,28,2,16,41,124,29,80,,3,1,0,0,,,,,1,5,25,4,,,1,,,,,,,,,,,,,,,,,,,,,,,,1,,,,,,
Germany_Bundesliga,2025-2026,FC St. Pauli,7ush9a10cc79gudlog12crt9l,J. Sands,Midfielder,6,109,48,61,24,,116,3,7,105,,3,244,105,139,228,320,12,24,,1,34,31,3,,1,135,57,78,1,42,10,,238,,875,,2,49,39,10,84,207,10,9,4,23,8,1,,3,3,2,33,19,659,367,301,646,20,22,,2,1941,20,2,,,40,26,38,266,881,13,665,42,29,216,1183,6,6,3,35,52,158,64,164,,4,0,1,0,,,,,,4,1,,,,,,,,,,,,,,,1,,,,,,,,,,,,,4,,,,,,
Germany_Bundesliga,2025-2026,FC St. Pauli,aorwpoqsmkbt4rznzbhbfn5ec,N. Schmidt,Midfielder,44,,,,,,,,,,,,,,,,,,,,,,,,,,,,,,,,,,,,,,,,,,,,,,,,,,,,,,,,,,,,,,,,,,,,,,,,,,,,,,,,,,,,,,,,,,,,,,,,,,,,,,,,,,,,,,,,,,,,,,,,,,,,,,,,,,,,
Germany_Bundesliga,2025-2026,FC St. Pauli,c3euxdjumo01xoaylkqxkn2tw,M. Schmitz,Midfielder,42,,,,,,,,,,,,,,,,,,,,,,,,,,,,,,,,,,,,,,,,,,,,,,,,,,,,,,,,,,,,,,,,,,,,,,,,,,,,,,,,,,,,,,,,,,,,,,,,,,,,,,,,,,,,,,,,,,,,,,,,,,,,,,,,,,,,
Germany_Bundesliga,2025-2026,FC St. Pauli,8k5rritl3k05hubghapadgx61,D. Sinani,Forward,10,47,38,9,25,3,234,16,1,179,56,18,193,124,69,520,283,12,25,3,5,33,29,4,,4,146,86,60,,7,34,5,155,9,771,3,,91,47,11,90,154,37,13,18,19,6,6,13,24,9,12,41,23,568,416,226,595,11,13,9,3,1754,46,3,2,,13,35,24,393,826,31,618,24,49,208,1233,90,37,17,21,48,261,37,160,7,3,4,1,2,,1,1,,,1,,36,,4,,3,,,,,,,,,,,,3,3,1,1,,,,,,,,2,,,,,,
Germany_Bundesliga,2025-2026,FC St. Pauli,8yiq2pl6mno23dgg2h7p2fcut,E. Smith,Midfielder,8,57,30,27,24,2,133,3,16,239,27,6,163,69,94,180,442,8,24,2,2,38,34,4,2,1,106,39,67,,20,12,,377,1,1281,,2,117,33,19,124,414,14,3,5,24,,,5,12,2,9,21,77,1106,501,678,1090,12,18,,1,2115,14,1,1,2,95,14,28,276,1366,8,1167,30,12,199,1735,39,12,6,43,112,193,45,87,,4,1,1,0,1,1,1,,2,11,,18,2,,,2,1,3,,3,,,,,,,1,,,,,,,,,,1,1,4,,,,,,
Germany_Bundesliga,2025-2026,FC St. Pauli,ekroga91zz2ekzwnl0mzh9y7e,S. Spari,Goalkeeper,30,,,,,,,,,,,,,,,,,,,,,,,,,,,,,,,,,,,,,,,,,,,,,,,,,,,,,,,,,,,,,,,,,,,,,,,,,,,,,,,,,,,,,,,,,,,,,,,,,,,,,,,,,,,,,,,,,,,,,,,,,,,,,,,,,,,,
Germany_Bundesliga,2025-2026,FC St. Pauli,9y3cnx4ymvbndjyu6sk936k4q,F. Stevens,Defender,14,,,,,,,,,,,,,,,,,,,,,,,,,,,,,,,,,,,,,,,,,,,,,,,,,,,,,,,,,,,,,,,,,,,,,,,,,,,,,,,,,,,,,,,,,,,,,,,,,,,,,,,,,,,,,,,,,,,,,,,,,,,,,,,,,,,,
Germany_Bundesliga,2025-2026,FC St. Pauli,6govmi3dn4cxa3m0lyeqc1uj9,N. Vasilj,Goalkeeper,22,11,,11,28,,,,,131,,,13,,13,,526,,28,,,45,40,5,,,2,,2,,,,,212,,766,,2,85,,,227,198,,,,28,,,,,,,,106,591,62,597,553,,1,,,2520,,,,29,27,,1,281,936,,659,1,,277,1209,,,,172,270,224,53,7,,,,,0,,,,,,48,,,,,,,,131,28,56,4,13,105,74,28,,,,,,,19,3,4,,22,,,5,,2,2,,,
Germany_Bundesliga,2025-2026,FC St. Pauli,r7sq96qtikh2wyng08vyunvu,B. Voll,Goalkeeper,1,,,,,,,,,,,,,,,,,,,,,,,,,,,,,,,,,,,,,,,,,,,,,,,,,,,,,,,,,,,,,,,,,,,,,,,,,,,,,,,,,,,,,,,,,,,,,,,,,,,,,,,,,,,,,,,,,,,,,,,,,,,,,,,,,,,,
Germany_Bundesliga,2025-2026,FC St. Pauli,effmy99qczj7w9kb28u5y7mqd,H. Wahl,Defender,5,97,50,47,24,,104,1,11,235,,7,168,72,96,111,525,3,24,,2,34,31,3,,2,71,22,49,1,24,4,,413,2,1263,1,2,150,17,9,93,258,4,3,4,24,1,,,1,1,1,,48,1084,453,666,1070,14,23,1,9,2115,4,,1,3,132,9,12,212,1300,7,1118,37,21,182,1614,10,10,2,53,90,144,48,92,,1,2,0,0,1,,,,1,21,,,1,,,,2,8,,8,,,,,,1,,,,,,,,,,,,,5,,,,,,
Germany_Bundesliga,2025-2026,Hamburger SV,5tg6w4wmwtiwvdvsmju5svdhw,Fabio Baldé,Forward,45,12,7,5,13,,35,,,40,1,3,65,36,29,81,12,2,13,1,,9,9,,,,53,29,24,,,3,,14,,77,,2,19,5,2,9,18,4,2,3,2,3,11,,2,2,10,1,1,55,35,23,55,7,5,,5,330,16,2,,,4,4,2,66,79,5,56,12,8,23,174,10,9,8,2,3,28,5,20,,1,,,0,,,,,,,,1,,,,,,,,,,,,,,,,,,,,,,,,,,,,,,,,,
Germany_Bundesliga,2025-2026,Hamburger SV,6rxd6ltpl30qmksb5fkwrl756,N. Capaldo,Midfielder,24,55,28,27,20,,85,6,5,162,,2,210,87,123,144,249,11,20,1,1,25,23,2,1,1,155,59,96,1,32,10,,192,2,574,2,3,102,37,19,63,68,11,6,4,19,11,1,,4,4,6,5,16,450,229,244,453,18,33,2,10,1548,23,2,2,,50,21,40,188,594,10,469,51,21,125,923,13,13,10,17,39,100,38,86,,6,1,0,0,,,1,,1,1,,,1,,,,2,,,,,,,,,,,,,,,,,,,,,,2,,,,,,
Germany_Bundesliga,2025-2026,Hamburger SV,6d88lw0gtv7ay0hk0p51fwhzo,Daniel Elfadli,Midfielder,8,36,19,17,19,,56,1,8,165,,,105,51,54,32,153,8,19,,,18,17,1,,,69,32,37,,20,2,,185,,595,,1,85,17,13,35,248,2,2,1,14,5,5,,,,3,3,14,557,165,437,588,9,11,,,1170,7,,1,1,51,19,15,64,642,3,602,20,7,40,823,,,1,9,13,23,17,27,,4,,,0,2,,,,,1,,,2,,,,,24,,24,,,,,,,,,,,,,,,,,,1,3,1,,,,,
Germany_Bundesliga,2025-2026,Hamburger SV,8b60vtt1stnmt2uoj0f4lh49h,Daniel Heuer Fernandes,Goalkeeper,1,5,1,4,28,,,,,228,1,,8,1,7,1,774,,28,,,41,38,3,,,3,,3,,,,,321,,1142,,6,105,1,1,217,298,,1,,28,,,,,,,,204,919,117,942,855,,,1,,2520,,,,19,27,,4,336,1393,1,1059,,1,334,1610,,,,174,329,263,71,5,,3,,,0,,,,,,73,,1,,,,,,148,51,129,3,16,84,58,26,,,,,,,9,3,9,2,23,,,6,,2,2,,,
Germany_Bundesliga,2025-2026,Hamburger SV,axiycdz68uqm4e7qwsfmjxf6c,F. Dickes,Goalkeeper,41,,,,,,,,,,,,,,,,,,,,,,,,,,,,,,,,,,,,,,,,,,,,,,,,,,,,,,,,,,,,,,,,,,,,,,,,,,,,,,,,,,,,,,,,,,,,,,,,,,,,,,,,,,,,,,,,,,,,,,,,,,,,,,,,,,,,
Germany_Bundesliga,2025-2026,Hamburger SV,5g5ml1wwa9dfhsh55hv7br45x,J. Dompé,Forward,7,3,3,,20,,98,4,,154,23,9,68,33,35,315,64,1,20,,3,14,12,2,2,3,65,30,35,,,33,,10,4,282,1,2,89,14,4,23,115,33,9,12,12,7,8,5,21,15,21,16,6,227,197,56,226,1,4,5,15,1136,25,7,1,,1,2,9,166,287,21,232,5,45,55,520,63,46,16,1,7,109,9,48,2,,1,2,1,,,2,,3,,,16,,1,,3,,,,,,,,,,,,1,1,,,,,,,,,,1,,,,,,
Germany_Bundesliga,2025-2026,Hamburger SV,7smbk83rqjkkcqqduw4vyefx0,D. Downs,Forward,19,25,21,4,9,,27,2,,27,,3,51,38,13,47,11,2,9,,,7,7,,,,26,17,9,,,7,,13,2,62,,3,12,3,2,8,14,7,1,4,6,6,3,,,,2,4,1,49,31,21,51,4,2,,,506,10,1,1,,2,7,1,40,65,5,52,6,15,13,123,,,5,,1,10,3,12,,,,,0,,,,,,,,,,,,,,,,,,,,,,,,,,,,,,,,,,,,,,,,,
Germany_Bundesliga,2025-2026,Hamburger SV,4qrvwap878sl5dz5n3o8mr71m,Fábio Vieira,Midfielder,20,26,20,6,23,5,141,15,2,189,22,6,145,74,71,277,196,6,23,5,5,24,21,3,3,4,119,54,65,,10,23,5,213,1,616,5,3,92,21,13,101,107,28,16,14,19,11,4,5,14,5,23,25,47,509,352,211,502,8,6,7,8,1689,36,6,1,,16,13,28,211,657,30,549,14,35,108,964,28,10,20,17,42,108,28,66,2,2,4,1,1,,1,,,,1,,11,,2,,2,,,,,,,,,,,,1,1,1,1,,,,,,1,2,2,1,,,,,
Germany_Bundesliga,2025-2026,Hamburger SV,e7if3ma2jblaurrokcxadk0k5,R. Glatzel,Forward,9,24,16,8,15,2,11,1,,17,,1,48,31,17,71,23,3,15,2,1,6,6,,1,1,24,15,9,1,,3,,21,,76,1,1,6,2,2,12,23,5,7,4,4,4,11,,,,2,2,1,56,39,19,57,,,,,356,11,1,2,,6,5,7,43,78,11,58,,22,20,141,1,1,4,,,19,2,20,1,,1,0,0,,,2,,1,,,,,1,,,,,,,,,,,,,,,,,,,,,,,,,,,,,,,
Germany_Bundesliga,2025-2026,Hamburger SV,9ic9msq3tj4gx8wqa6wfwk50q,G. Gocholeishvili,Defender,16,25,14,11,21,,53,7,1,85,,4,132,66,66,150,82,7,21,1,,11,11,,,,107,52,55,,6,9,,70,3,228,3,,55,11,4,49,23,10,5,2,9,7,12,,6,6,16,2,19,173,81,98,154,10,13,,73,876,34,1,1,,24,12,17,138,228,7,173,23,21,55,521,14,14,20,11,24,54,15,31,,1,,,0,,,1,,,,7,,,,,,,,,,,,,,,,,,,,,,,,,,,1,,1,,,,,
Germany_Bundesliga,2025-2026,Hamburger SV,biuovem90utcyzda58nixtaay,A. Grønbæk,Midfielder,23,1,1,,1,,2,,,2,,2,1,1,,6,3,,1,,,,,,,,,,,,,,,,,8,,,2,2,,,3,,,1,,,1,,,,,,,6,3,3,6,,,,,23,,,,,,,,3,8,1,6,,,2,12,1,1,,,,2,1,2,,,,,0,,,1,,,,,,,,,,,,,,,,,,,,,,,,,,,,,,,,,,,,,,
Germany_Bundesliga,2025-2026,Hamburger SV,6s9jrt5xu2i7tqcfhqct64mhh,Guilherme Ramos,Defender,13,10,6,4,8,,,,,6,,,13,7,6,8,17,,8,,,1,1,,,,3,1,2,,,1,,17,,45,,,5,4,2,3,11,1,,1,,,8,,,,1,,,31,13,18,31,,,,2,41,,,,,7,1,1,17,45,1,31,,5,14,65,,,,1,1,10,4,13,,,,,0,,,,,,,,,,,,,,,,,,,,,,,,,,,,,,,,,,,,,,,,,
Germany_Bundesliga,2025-2026,Hamburger SV,8ywegc2bd64ysiocai5na9qtw,H. Hermann,Goalkeeper,40,,,,,,,,,,,,,,,,,,,,,,,,,,,,,,,,,,,,,,,,,,,,,,,,,,,,,,,,,,,,,,,,,,,,,,,,,,,,,,,,,,,,,,,,,,,,,,,,,,,,,,,,,,,,,,,,,,,,,,,,,,,,,,,,,,,,
Germany_Bundesliga,2025-2026,Hamburger SV,3mp7p8tytgkbwi8itxl5mfkrt,B. Jatta,Midfielder,18,12,10,2,11,1,54,1,4,49,,7,54,34,20,116,33,5,11,1,,7,6,1,,,42,24,18,1,5,2,,69,2,159,,2,24,9,5,14,4,3,3,2,9,7,2,,1,1,3,3,10,131,73,60,122,4,6,,30,695,9,,2,1,21,10,5,73,160,5,132,10,15,28,308,16,16,3,5,5,38,6,23,,,,,0,1,,,,,5,6,,,,,,,,,,,,,,,,,,,,,,,,,,,,2,,,,,,
Germany_Bundesliga,2025-2026,Hamburger SV,5obbjyu0duib9ogusbv9ljjhm,N. Katterbach,Defender,3,,,,,,,,,,,,,,,,,,,,,,,,,,,,,,,,,,,,,,,,,,,,,,,,,,,,,,,,,,,,,,,,,,,,,,,,,,,,,,,,,,,,,,,,,,,,,,,,,,,,,,,,,,,,,,,,,,,,,,,,,,,,,,,,,,,,
Germany_Bundesliga,2025-2026,Hamburger SV,9nrt6uh2zw65jd7u2axlvxsoa,R. Königsdörffer,Forward,11,93,54,39,28,,129,13,,121,2,20,195,118,77,284,110,2,28,,5,33,31,2,4,4,102,64,38,,4,16,1,67,25,328,1,4,72,30,16,40,55,16,24,19,24,24,4,,2,2,11,18,6,224,164,95,251,1,2,3,1,1916,43,,11,,24,19,24,219,361,43,257,3,86,104,660,15,13,21,2,3,94,25,101,5,1,4,1,2,,1,,,3,,,2,,2,,,,,,,,,,,,1,1,1,,,,,,,,,,,,,,,,,
Germany_Bundesliga,2025-2026,Hamburger SV,1z4cm8460fycd03z699uw6hhw,L. Lemke,Defender,37,,,,,,,,,,,,,,,,,,,,,,,,,,,,,,,,,,,,,,,,,,,,,,,,,,,,,,,,,,,,,,,,,,,,,,,,,,,,,,,,,,,,,,,,,,,,,,,,,,,,,,,,,,,,,,,,,,,,,,,,,,,,,,,,,,,,
Germany_Bundesliga,2025-2026,Hamburger SV,apdrig6xt1hxub1986s3uh1x,J. Meffert,Midfielder,23,4,1,3,4,,20,,,11,,,10,3,7,13,21,1,4,,,4,4,,,,6,2,4,,1,2,,18,,81,,,5,7,2,12,22,2,,,1,1,3,,,,,5,5,62,19,43,57,1,3,1,1,144,,,,,1,1,,19,81,,62,4,1,19,93,,,,1,2,9,10,17,,,,,0,,,,,,,,,,,,,,,,,,,,,,,,,,,,,,,,,,,,,,,,,
Germany_Bundesliga,2025-2026,Hamburger SV,bntg1x82gm63kbo7ijai64gk,W. Mikelbrencis,Defender,2,20,11,9,22,4,74,2,2,123,,6,112,62,50,239,113,7,22,4,,25,23,2,,,92,51,41,1,5,10,,98,5,301,1,4,78,32,18,46,16,14,4,5,12,9,10,,5,5,10,1,8,214,130,89,206,11,15,,75,1115,28,4,1,,32,16,5,221,301,9,214,26,27,87,665,37,37,12,14,28,101,23,59,,3,,,0,,,,,,2,34,,1,,,,,,,,,,,,,,,,,,,,,,,,,,,,,,,,
Germany_Bundesliga,2025-2026,Hamburger SV,1px9whllb1pnprmgq4fjw3qhh,M. Muheim,Defender,28,41,23,18,27,4,158,4,5,281,50,14,254,107,147,416,474,21,27,4,,39,37,2,,,213,84,129,1,27,36,,88,1,1038,2,6,159,87,33,123,361,40,10,7,26,2,1,14,36,18,21,9,74,772,453,395,738,28,32,1,180,2335,21,6,2,,58,37,49,457,1081,17,812,60,26,269,1819,109,51,10,58,99,299,79,170,,6,,,0,,,1,,,20,21,31,1,,,3,1,,,,,,,,,,,,,,,,,,,,1,1,5,,,,,,
Germany_Bundesliga,2025-2026,Hamburger SV,9lh02mivhvtgcfajhsf06e4us,S. Nandja,Defender,43,,,,,,,,,,,,,,,,,,,,,,,,,,,,,,,,,,,,,,,,,,,,,,,,,,,,,,,,,,,,,,,,,,,,,,,,,,,,,,,,,,,,,,,,,,,,,,,,,,,,,,,,,,,,,,,,,,,,,,,,,,,,,,,,,,,,
Germany_Bundesliga,2025-2026,Hamburger SV,9tnph30kxswrrljqb4eguaxhw,Omar Megeed,Midfielder,39,,,,,,,,,,,,,,,,,,,,,,,,,,,,,,,,,,,,,,,,,,,,,,,,,,,,,,,,,,,,,,,,,,,,,,,,,,,,,,,,,,,,,,,,,,,,,,,,,,,,,,,,,,,,,,,,,,,,,,,,,,,,,,,,,,,,
Germany_Bundesliga,2025-2026,Hamburger SV,bamobogg0wjnxd43nxunt3h4a,W. Omari,Defender,17,38,22,16,14,,38,,9,123,,,76,40,36,34,181,5,14,,,16,15,1,,,38,18,20,2,14,6,,238,,484,,3,60,19,11,30,39,6,1,1,11,3,3,,,,5,,31,409,121,299,389,3,6,2,2,1082,2,,,,59,10,6,92,496,2,420,9,4,76,655,3,3,,21,31,47,32,45,,,,,0,,,,,,4,,,1,,,,,,,,,,,,,,,,,,,,,,,,,,2,,,,,,
Germany_Bundesliga,2025-2026,Hamburger SV,6tzrulqvl1ytj9907ueeanskq,P. Otele,Forward,27,17,7,10,8,1,24,2,,53,1,4,52,29,23,96,35,4,8,1,1,6,6,,1,1,35,22,13,,3,8,1,11,1,111,2,2,28,10,4,19,42,9,2,3,7,7,1,,2,2,7,5,5,75,60,18,71,,2,,4,464,11,3,,,5,6,4,75,112,5,76,2,18,36,196,10,10,6,2,3,35,11,33,,3,0,1,0,,,,,,1,,,,1,,,,,,,,,,,,,,,,,,,,,,,,,,,,,,,
Germany_Bundesliga,2025-2026,Hamburger SV,5y4i3tmhz8p24vfhccjzg5n8p,D. Peretz,Goalkeeper,26,,,,,,,,,,,,,,,,,,,,,,,,,,,,,,,,,,,,,,,,,,,,,,,,,,,,,,,,,,,,,,,,,,,,,,,,,,,,,,,,,,,,,,,,,,,,,,,,,,,,,,,,,,,,,,,,,,,,,,,,,,,,,,,,,,,,
Germany_Bundesliga,2025-2026,Hamburger SV,3awoq36w443aauvv1xnffjlyh,I. Pherai,Midfielder,10,1,,1,6,,4,1,,6,,1,11,5,6,17,8,3,6,,,,,,,,10,5,5,,,,,8,,23,,,4,1,,6,3,,,,,,6,,,,1,1,,18,12,6,18,1,1,,,30,1,,,,1,4,2,13,23,,18,2,1,5,40,4,4,1,1,3,8,1,2,,,,,0,,,,,,,,,,,,,,,,,,,,,,,,,,,,,,,,,,1,,1,,,,,
Germany_Bundesliga,2025-2026,Hamburger SV,7ngbzn51z20j8s1drzdtwiove,R. Philippe,Forward,14,34,30,4,24,,48,8,,104,,8,131,89,42,202,46,8,24,,5,13,11,2,5,5,97,59,38,2,4,14,4,69,2,181,3,,65,11,1,54,21,14,11,14,11,11,13,,6,6,12,14,6,127,93,43,124,6,12,3,2,1135,35,2,3,,9,21,8,164,184,25,130,18,58,54,425,23,23,24,2,10,66,11,44,2,2,3,2,1,,,1,,1,,,,1,4,,,,,,,,,,,,,,1,,,,,,,,,,,,,,,,1,
Germany_Bundesliga,2025-2026,Hamburger SV,8l0am8k4pg2s9g9qbkhwte6dx,Y. Poulsen,Forward,15,55,23,32,12,,15,2,1,23,,,80,40,40,68,33,9,12,,1,4,4,,1,1,25,17,8,1,1,2,1,30,2,90,,,9,7,2,10,15,2,2,3,1,1,11,,,,3,3,1,51,39,15,53,1,2,1,1,291,5,1,,,10,12,3,65,93,5,54,3,14,39,156,2,2,1,1,1,33,8,38,2,4,1,0,1,,,,,,,,,,1,,,,,,,,,,,,,,,,,,,,,,,,,,,,,,,
Germany_Bundesliga,2025-2026,Hamburger SV,849wrp9wm8cjyrbshlaukyz56,N. Remberg,Midfielder,21,65,22,43,26,,238,4,15,239,,,235,89,146,109,192,19,26,1,,36,33,3,,,170,67,103,2,36,6,,275,,1054,2,6,102,41,29,108,368,7,4,7,26,,,,1,1,9,36,46,943,340,623,916,31,24,5,2,2340,18,2,1,,92,35,42,151,1073,11,962,55,13,111,1449,3,3,8,16,30,74,40,81,,10,,,0,,,,,,2,,,1,,1,,,,,,,,,,,,,,,,,,,,,,,,6,,,,,,
Germany_Bundesliga,2025-2026,Hamburger SV,elvudk6nh32u82voy48c3ov10,A. Røssing-Lelesiit,Forward,38,5,4,1,11,1,24,,1,51,6,4,63,40,23,58,20,6,11,1,,10,9,1,,,58,36,22,,,4,,6,1,64,1,1,30,6,5,14,18,5,,2,5,4,6,1,2,1,6,1,2,51,37,20,53,7,2,2,,320,20,2,,,3,13,7,48,68,2,55,9,10,13,152,2,,10,1,1,12,3,12,,1,,,0,,,,,,1,,2,,,,,,,,,,,,,,,,,,,,,,,,,,1,,1,,,,,
Germany_Bundesliga,2025-2026,Hamburger SV,8sp01319vyxst4lfxjjp91ii1,E. Sahiti,Forward,29,1,1,,2,,10,,,14,,,13,8,5,14,7,,2,,,1,1,,,,12,7,5,,,1,,10,,31,,,8,2,,5,4,1,,,2,2,,,,,4,,,22,10,12,22,,,,1,122,4,,,,1,,1,15,31,,22,,1,9,47,1,1,2,1,1,9,1,8,,,,,0,,,,,,,,,,,,,,,,,,,,,,,,,,,,,,,,,,,,,,,,,
Germany_Bundesliga,2025-2026,Hamburger SV,375gnysvjk9bvq02ex1lkmynd,A. Sambi Lokonga,Midfielder,6,34,14,20,22,,140,2,11,163,1,4,146,67,79,170,186,8,22,,5,26,24,2,5,5,112,53,59,,13,22,1,156,,622,1,4,84,12,2,51,160,22,4,9,17,9,5,,5,5,7,14,27,539,268,295,531,18,10,3,10,1448,20,,,,18,18,24,135,642,13,558,28,29,84,862,6,6,7,6,17,65,25,67,,2,3,2,1,,,1,,4,3,,,,2,1,,,,,,,,,,,,,,,,,,,,,,,,,,,,,,
Germany_Bundesliga,2025-2026,Hamburger SV,3ctafpdiixwdyfrx677kp73f8,A. Soumahoro,Defender,22,,,,4,,16,,,13,,,5,4,1,13,15,1,4,,,5,3,2,,,5,4,1,1,,1,,6,1,57,,1,3,2,1,4,23,1,,,2,2,2,,,,,1,,51,19,35,54,1,,,3,135,2,,,,9,3,,13,60,,54,1,1,6,82,1,1,,2,2,2,5,4,,1,,,0,,,,,,,1,,1,,,,,2,,2,,,,,,,,,,,,,,,,,,,,,,,,,
Germany_Bundesliga,2025-2026,Hamburger SV,e4c4tmuny1mrnofany1sbfy8k,O. Stange,Forward,49,4,1,3,5,,5,2,,9,,2,17,7,10,18,5,,5,,,2,2,,,,13,6,7,,,,,,,11,,1,7,4,4,1,3,,,1,,,5,,,,3,,,5,3,4,7,,2,,1,75,5,,1,,,1,2,15,13,1,7,2,7,6,40,1,1,3,,,5,2,6,,,,,0,,,,,,,,,,,,,,,,,,,,,,,,,,,,,,,,,,,,,,,,,
Germany_Bundesliga,2025-2026,Hamburger SV,bwzftrovpa0418aapl98og7l6,S. Tangvik,Goalkeeper,12,,,,,,,,,,,,,,,,,,,,,,,,,,,,,,,,,,,,,,,,,,,,,,,,,,,,,,,,,,,,,,,,,,,,,,,,,,,,,,,,,,,,,,,,,,,,,,,,,,,,,,,,,,,,,,,,,,,,,,,,,,,,,,,,,,,,
Germany_Bundesliga,2025-2026,Hamburger SV,fs5utga62tud5s06xj27qdat,J. Torunarigha,Defender,25,65,23,42,19,,84,2,12,206,,3,145,58,87,45,328,7,19,,,24,23,1,,,80,35,45,,23,1,,131,,791,2,4,117,32,19,49,354,1,2,1,16,3,3,,,,6,1,45,667,206,567,728,13,16,,1,1523,8,,,,134,17,10,163,897,3,773,29,11,124,1204,3,3,2,29,55,85,42,69,1,2,,,0,,,,,,3,,,,,,,,84,,84,,,,,,,,,,,,,,,,,,,3,,,,,,
Germany_Bundesliga,2025-2026,Hamburger SV,81qmlg0ttijhkywm55ejdr40k,L. Vušković,Defender,44,183,45,138,25,,121,6,24,353,,3,278,87,191,107,450,13,25,,5,38,35,3,1,5,95,42,53,1,31,9,,487,1,1353,,6,193,20,12,109,379,9,15,8,25,,,,,,6,4,80,1115,345,849,1114,4,17,3,11,2250,14,,5,2,228,25,30,283,1437,23,1194,21,47,243,1919,2,2,,50,111,188,57,132,1,5,3,2,0,1,,2,,3,9,,,,3,2,2,,14,,14,,,,,,2,,1,1,,,,,,,,,,5,,,,,,
Germany_Bundesliga,2025-2026,RasenBallsport Leipzig,bx6j2y1hnu63lawn3rdoep1m2,J. Bakayoko,Forward,9,11,9,2,16,,91,6,,111,,9,79,46,33,182,36,4,16,,2,9,9,,2,1,68,37,31,,1,8,2,110,3,256,3,,53,9,4,26,19,8,5,7,8,8,8,,2,2,15,15,3,212,127,87,209,3,2,2,4,727,23,,2,,3,10,11,95,256,12,212,5,36,44,386,11,11,15,4,7,39,16,37,2,1,0,2,2,,1,2,,,,,,,,1,,,,,,,,,,,,,,,,,,,,,,,,,,,,,,
Germany_Bundesliga,2025-2026,RasenBallsport Leipzig,23l48u4w5nj4036whjm3s49gp,R. Baku,Defender,17,26,19,7,26,2,248,11,7,286,3,12,177,90,87,418,535,15,26,3,1,28,28,,1,1,151,71,80,2,23,26,1,509,2,1340,3,2,175,62,22,115,75,29,9,3,23,11,3,,9,9,12,4,82,1146,555,627,1091,18,32,4,142,2056,32,9,4,,77,21,18,321,1367,12,1173,50,56,194,1936,34,33,20,27,61,151,77,133,1,3,0,1,1,,,,,,10,30,,,,,,1,,,,,,,,,,,,,,,,,,,,,,5,,,,,,
Germany_Bundesliga,2025-2026,RasenBallsport Leipzig,4j9ug0ng9dhx6xwhdwx6fafx0,E. Banzuzi,Midfielder,6,46,21,25,24,,55,7,3,59,,4,93,44,49,108,89,10,24,1,,10,10,,,,47,23,24,,8,6,,64,,281,2,1,23,9,7,36,77,7,4,4,2,2,22,,,,2,5,12,238,155,87,230,5,10,,2,578,7,,2,,33,14,7,66,285,8,242,15,18,43,413,5,5,1,2,5,37,11,38,,3,,,0,,,,,,1,,,,,,,,,,,,,,,,,,,,,,,,,,,,,,,,,,,
Germany_Bundesliga,2025-2026,RasenBallsport Leipzig,5pousbiuqbus68yekd0mhc5pl,C. Baumgartner,Midfielder,14,92,50,42,27,4,206,7,3,180,,8,288,161,127,357,240,28,27,6,12,26,26,,9,12,196,111,85,5,16,25,1,189,3,816,3,,99,43,22,87,232,31,29,26,26,14,1,,1,1,13,46,32,597,317,332,616,17,27,15,4,2249,46,5,14,,35,52,28,327,867,55,648,44,121,219,1281,2,2,17,17,48,170,51,171,3,6,8,4,3,,,2,,8,4,,,1,10,,,,,,,,,,,,3,,1,,,,,,,,,,,2,,,,,1,
Germany_Bundesliga,2025-2026,RasenBallsport Leipzig,atlhc604ri3rr4w012otutyj8,E. Bitshiabu,Defender,5,12,5,7,7,,11,,1,80,,,21,10,11,9,89,1,7,,,7,7,,,,9,5,4,,4,1,,92,,314,,2,32,6,1,17,148,1,1,,4,2,3,,,,,,6,288,100,214,308,2,2,,,339,1,,,,26,3,,29,340,1,314,4,1,26,391,,,1,8,12,17,9,14,,,,,0,,,,,,1,,,,,,,2,15,,15,,,,,,,,,,,,,,,,,,,,,,,,,
Germany_Bundesliga,2025-2026,RasenBallsport Leipzig,8e6qzf8dp3c9lch7tu5r03qqc,Y. Diomande,Forward,49,28,24,4,27,5,223,11,1,452,,26,309,164,145,712,165,6,27,6,10,25,25,,9,8,281,140,141,1,14,37,6,318,6,858,12,2,278,55,29,116,153,43,11,22,22,14,5,,6,6,90,21,22,732,512,227,711,9,14,4,10,1958,112,11,5,,9,14,28,345,859,33,733,23,145,126,1416,25,25,65,,5,129,22,121,6,2,6,4,3,,2,,,4,1,,,,6,,,1,,,,,,,,,,,,,,,,,,,,,,2,,,,,,
Germany_Bundesliga,2025-2026,RasenBallsport Leipzig,44i5i1fr0mw3mymdbepzkj9ck,M. Finkgräfe,Defender,35,3,2,1,7,,24,,,24,,,18,7,11,54,38,,7,,,3,3,,,,15,5,10,,4,1,,8,,109,,,18,3,2,14,41,1,1,,1,,6,,,,3,,2,100,65,37,100,2,4,,18,137,3,,,,3,1,1,27,111,1,102,6,2,9,173,7,6,,,,15,1,9,,,,,0,,,,,,,2,,,,,,,,,,,,,,,,,,,,,,,,,,,,,,,,,,
Germany_Bundesliga,2025-2026,RasenBallsport Leipzig,8al7asr6m28felivfqlt206c4,V. Gebel,Midfielder,47,,,,,,,,,,,,,,,,,,,,,,,,,,,,,,,,,,,,,,,,,,,,,,,,,,,,,,,,,,,,,,,,,,,,,,,,,,,,,,,,,,,,,,,,,,,,,,,,,,,,,,,,,,,,,,,,,,,,,,,,,,,,,,,,,,,,
Germany_Bundesliga,2025-2026,RasenBallsport Leipzig,4yyekuopwb7otz18rqfgwjht5,L. Geertruida,Defender,2,,,,,,,,,,,,,,,,,,,,,,,,,,,,,,,,,,,,,,,,,,,,,,,,,,,,,,,,,,,,,,,,,,,,,,,,,,,,,,,,,,,,,,,,,,,,,,,,,,,,,,,,,,,,,,,,,,,,,,,,,,,,,,,,,,,,
Germany_Bundesliga,2025-2026,RasenBallsport Leipzig,3e4s03gec7n4fe7llngv6hel0,T. Gomis,Forward,27,12,8,4,16,,40,4,1,52,,5,51,31,20,105,19,2,16,,1,8,8,,1,1,39,23,16,,,1,,23,3,96,2,1,33,5,5,10,18,1,2,3,2,2,14,,,,9,3,2,81,59,26,83,2,2,,2,319,19,,,,,4,3,58,100,5,85,4,24,15,195,6,6,15,,1,20,1,14,,1,0,1,0,,,,,1,,,,,,,,,,,,,,,,,,,,,,,,,,,,,,,,,,,,
Germany_Bundesliga,2025-2026,RasenBallsport Leipzig,90wsjxdc3ibvah5gm9tnsjwbu,B. Gruda,Forward,10,11,8,3,7,2,51,5,,67,6,3,66,34,32,178,39,3,7,2,3,6,6,,3,3,55,26,29,2,,9,3,54,,169,2,,37,12,4,28,31,11,1,8,6,4,1,2,4,1,13,8,4,134,110,34,136,2,4,2,10,503,20,4,1,,1,7,10,87,175,9,140,6,35,35,300,11,6,5,2,4,39,7,31,1,,3,0,1,,,,,,,1,4,,2,,,,,,,,,,,,,,,,,,,,,,,,,1,,,,,,
Germany_Bundesliga,2025-2026,RasenBallsport Leipzig,3tb27261f8mpzpq3prpv8ng0l,P. Gulácsi,Goalkeeper,1,3,1,2,22,,,,,89,,,4,2,2,,237,,22,,,28,28,,,,1,1,,,,,,265,,555,,2,23,1,,160,194,,,,22,1,,,,,,,73,481,40,534,501,,,1,,1919,,,,16,27,,,123,696,,574,,,122,887,,,,48,118,88,34,4,,1,,,0,,,,,,15,,,,,,,,162,26,98,2,10,52,38,13,,,,,,,16,,2,2,14,,,9,,,,,,
Germany_Bundesliga,2025-2026,RasenBallsport Leipzig,7o3fumeufgigw092b7i5n4f6x,A. Haidara,Midfielder,8,,,,,,,,,,,,,,,,,,,,,,,,,,,,,,,,,,,,,,,,,,,,,,,,,,,,,,,,,,,,,,,,,,,,,,,,,,,,,,,,,,,,,,,,,,,,,,,,,,,,,,,,,,,,,,,,,,,,,,,,,,,,,,,,,,,,
Germany_Bundesliga,2025-2026,RasenBallsport Leipzig,3nok8qxxj2zl831wgvc7abxuc,C. Harder,Forward,11,52,31,21,25,2,57,10,1,76,,9,138,87,51,196,29,8,25,3,2,16,16,,2,2,86,56,30,2,6,9,,48,4,170,,2,47,17,8,20,41,12,16,11,7,4,18,,1,1,5,18,4,116,84,38,117,3,5,,1,788,39,3,8,,8,16,17,146,175,27,121,8,59,54,381,12,12,19,,1,52,14,53,7,3,2,0,1,,,1,,,,,,,2,,,,,,,,,,,,2,,,,,,,,,,,,,,,,,,,
Germany_Bundesliga,2025-2026,RasenBallsport Leipzig,3isbv9egu9vzxnna4ix8gcudx,B. Henrichs,Defender,39,4,2,2,11,,25,,,25,,,21,12,9,54,57,1,11,,1,4,4,,1,1,17,10,7,,5,2,1,45,,131,,,12,4,2,6,10,2,2,2,2,2,9,,,,1,2,6,105,56,53,103,2,4,,24,205,8,,,,8,1,,46,137,4,109,6,5,28,211,,,3,5,8,24,4,20,,,1,0,0,,,,,,2,5,,,,,,,,,,,,,,,,,,,,,,,,,,,,,,,,,,
Germany_Bundesliga,2025-2026,RasenBallsport Leipzig,4i3hpsdvhs1bag2zmky299f6c,B. Kaltefleiter,Midfielder,37,,,,,,,,,,,,,,,,,,,,,,,,,,,,,,,,,,,,,,,,,,,,,,,,,,,,,,,,,,,,,,,,,,,,,,,,,,,,,,,,,,,,,,,,,,,,,,,,,,,,,,,,,,,,,,,,,,,,,,,,,,,,,,,,,,,,
Germany_Bundesliga,2025-2026,RasenBallsport Leipzig,axj39lx25teh62rih6uv9qor9,K. Kampl,Midfielder,44,,,,3,,1,,,,,,1,1,,1,,,3,,,,,,,,1,1,,,,,,,,2,,,,1,,1,1,,,,,,3,,,,,,,1,,1,1,,,,,3,,,,,,,,1,2,,1,,,1,2,,,,,,1,,1,,,,,0,,,,,,,,,,,,,,,,,,,,,,,,,,,,,,,,,,,,,,,,,
Germany_Bundesliga,2025-2026,RasenBallsport Leipzig,3igg6gfmomgh1t5ohwzbpb5cl,L. Klostermann,Defender,16,,,,4,,2,1,,,,,,,,2,5,,4,,,,,,,,,,,,,1,,2,,9,,,,,,2,1,1,,,,,4,,,,,,,8,5,4,9,,,,1,5,,,,,3,,,1,10,,9,,,1,15,,,,,,,1,1,,,,,0,,,,,,,,,,,,,,,,,,,,,,,,,,,,,,,,,,,,,,,,,
Germany_Bundesliga,2025-2026,RasenBallsport Leipzig,e07b6h22s8ve5yxj4dk3mak2c,S. Konaté,Forward,45,,,,1,,,,,,,,,,,2,,,1,,,,,,,,,,,,,,,,,,,,,1,1,,,,1,,,,1,,,,,,,,,,,,,,,3,,,,,,,,,,1,,,1,,2,,,,,,,,,,,,,0,,,,,,,,,,,,,,,,,,,,,,,,,,,,,,,,,,,,,,,,,
Germany_Bundesliga,2025-2026,RasenBallsport Leipzig,aaaskdins76bd0368sbpt7wq2,C. Lukeba,Defender,23,57,28,29,23,,59,3,20,332,,5,124,49,75,62,432,4,23,,1,26,26,,,1,67,21,46,1,29,6,1,391,1,1367,1,,170,21,15,116,589,6,3,2,22,2,1,,,,15,,50,1223,477,848,1275,13,11,2,,1952,10,,,,114,10,8,173,1471,5,1325,24,12,146,1774,4,4,7,26,66,118,32,80,,2,0,1,0,1,,1,,,10,,,,1,,,2,62,,62,,,,,,,1,,,,,,,,,,,,8,,,,,,
Germany_Bundesliga,2025-2026,RasenBallsport Leipzig,1ghyb2ozmwm2o9bxzuxzw7yfo,A. Maksimović,Midfielder,33,4,3,1,8,,18,2,1,11,1,,9,6,3,17,10,,8,,,2,2,,,,5,3,2,,,3,,11,,50,,,5,1,1,,12,3,,,,,8,,1,1,,7,4,47,29,20,44,,,,1,88,2,1,,,1,1,2,7,51,,48,,1,3,65,1,,1,1,1,4,,2,,,,,0,,,,,,1,,1,,,,,,,,,,,,,,,,,,,,,,,,,,,,,,,,,
Germany_Bundesliga,2025-2026,RasenBallsport Leipzig,20lfe01vgj07wnqhjqm314pas,J. Masanka Bungi,Midfielder,42,,,,,,,,,,,,,,,,,,,,,,,,,,,,,,,,,,,,,,,,,,,,,,,,,,,,,,,,,,,,,,,,,,,,,,,,,,,,,,,,,,,,,,,,,,,,,,,,,,,,,,,,,,,,,,,,,,,,,,,,,,,,,,,,,,,,
Germany_Bundesliga,2025-2026,RasenBallsport Leipzig,akw8xefrrg5q78q74h4kuj3f8,K. Nedeljković,Defender,19,2,,2,5,,28,,,30,,2,15,11,4,35,43,1,5,,,4,4,,,,13,11,2,,1,,,41,,123,,,20,4,1,9,12,,,,3,2,2,,2,2,,,5,107,44,66,103,,1,,13,252,7,,,,10,1,1,28,124,,108,1,2,16,171,4,4,4,1,3,15,5,13,,,,,0,,,,,,1,,,,,,,,,,,,,,,,,,,,,,,,,,,,,1,,,,,,
Germany_Bundesliga,2025-2026,RasenBallsport Leipzig,8mkkchf0ysdf78r0lncd73klw,A. Nusa,Midfielder,7,17,13,4,25,2,148,17,,361,5,18,249,109,140,524,117,4,25,2,3,23,23,,3,2,232,96,136,,10,26,,56,1,505,7,1,197,25,9,83,189,28,20,15,20,16,5,2,10,9,61,21,16,404,322,96,392,10,10,13,3,1708,81,6,3,,7,9,55,300,510,35,408,20,110,102,999,45,42,52,5,14,136,11,88,,,0,3,0,,1,4,,3,,2,1,,1,,2,,,,,,,,,,,,,,,,,,,,,,,3,,,,,,
Germany_Bundesliga,2025-2026,RasenBallsport Leipzig,64ubq0xra74xaunooi8knyajt,L. Openda,Forward,11,,,,2,,3,3,,5,,,6,2,4,13,3,,2,,,3,3,,,,6,2,4,,,1,,2,,12,,,2,1,1,2,7,1,,,1,1,1,,,,1,1,1,10,7,6,12,,,,,50,2,,,,,,3,8,15,,13,,3,2,30,1,1,2,,,1,2,2,,,,,0,,,,,,,,,,,,1,,,,,,,,,,,,,,,,,,,,,,,,,,,,,
Germany_Bundesliga,2025-2026,RasenBallsport Leipzig,eapihgte8ydc4g6hzygsx2e39,W. Orbán,Defender,4,166,48,118,28,,52,4,30,393,,2,262,86,176,111,523,12,28,,1,36,36,,,1,96,38,58,,33,7,,691,2,1796,,2,189,36,29,79,596,7,7,8,28,1,,,,,5,1,70,1605,636,1028,1594,12,22,2,5,2500,5,1,4,1,209,18,21,223,1862,15,1664,34,38,198,2338,5,5,2,60,101,154,49,97,,4,1,0,1,1,,1,,,11,,,,1,,,,,,,,,,,,1,,,,,,,,,,,,,9,,,,,,
Germany_Bundesliga,2025-2026,RasenBallsport Leipzig,4rhyl8q31wceeq2dnaep9t3x0,A. Ouédraogo,Midfielder,20,6,4,2,13,3,51,6,3,76,,6,64,25,39,111,37,2,13,3,3,7,7,,2,1,58,21,37,,3,6,1,60,1,193,,,45,7,2,39,45,9,3,9,9,9,4,,1,1,12,10,4,159,101,59,155,,7,,,619,15,6,1,,10,4,18,70,193,12,159,7,37,34,316,1,1,4,3,8,25,10,26,,,2,1,1,,2,,,2,,,,,2,,,,,,,,,,,,,,,,,,,,,,,,,,,,,,,
Germany_Bundesliga,2025-2026,RasenBallsport Leipzig,2uz1cmslnjjzsgfcgji26kqg9,D. Raum,Defender,22,35,20,15,27,6,205,3,8,325,128,21,187,98,89,634,697,18,27,6,3,34,34,,1,2,152,78,74,,29,80,3,76,6,1515,,2,208,72,32,146,613,86,12,6,27,3,,38,79,25,14,2,83,1214,742,615,1195,14,32,7,178,2386,23,20,2,,100,28,14,557,1591,18,1278,46,38,313,2418,146,63,18,38,103,347,112,210,1,6,2,1,0,,1,2,,,13,48,68,2,1,,8,3,,,,,,,,,,1,1,1,1,1,,,,,,,,7,,,,,,
Germany_Bundesliga,2025-2026,RasenBallsport Leipzig,2ofcow1hf3b245myztjgvvqc4,Rômulo,Forward,40,118,69,49,24,3,143,6,3,105,,7,235,136,99,319,96,7,24,4,8,22,22,,7,8,117,67,50,2,8,17,,113,6,469,1,1,45,31,10,56,126,21,19,23,22,19,2,,,,9,48,9,346,227,128,346,7,16,2,1,1819,45,6,16,1,27,17,20,242,478,42,355,23,112,123,778,,,15,1,4,77,46,119,8,3,5,3,2,1,,2,1,7,,1,,,8,,,,,,,,,,,,1,1,1,,,,,,,,,,,1,,,,,,
Germany_Bundesliga,2025-2026,RasenBallsport Leipzig,1s1v1tweyx8wxc9hj2jrnaggl,X. Schlager,Midfielder,24,31,11,20,22,1,128,9,2,221,,2,151,74,77,240,212,16,22,1,2,23,23,,,2,120,63,57,,8,15,2,259,2,811,4,2,133,31,16,99,226,16,3,5,17,5,5,,5,5,19,22,26,693,432,280,681,11,18,4,2,1477,31,2,1,,25,21,10,192,825,8,707,29,33,118,1074,5,5,9,5,26,85,38,92,3,4,2,0,0,,,1,,,2,,,,1,,,1,,,,,,,,,,,,,,,,,,,,,,4,,,,,,
Germany_Bundesliga,2025-2026,RasenBallsport Leipzig,307whzq643o50rd4g8niobyay,N. Seiwald,Midfielder,13,57,26,31,28,1,142,5,9,244,,5,166,67,99,184,320,7,28,2,,30,30,,,,109,41,68,,53,10,,414,,1250,,2,97,36,24,108,400,12,5,5,27,9,1,,2,2,8,5,55,1104,511,619,1073,18,36,3,,2376,10,2,1,,57,16,6,190,1276,10,1128,54,37,148,1597,4,4,3,28,49,108,44,99,,1,,,0,,,2,,,5,,,,,,,,10,,10,,,,,,,,,,,,,,,,,,,8,,,,,,
Germany_Bundesliga,2025-2026,RasenBallsport Leipzig,exhxdmdq49xj4dnguq03qnlgq,X. Simons,Midfielder,10,,,,1,,14,,,12,2,,8,3,5,11,10,1,1,,,6,6,,,,8,3,5,,1,1,,4,,35,,,8,2,,6,9,1,,,1,,,,,,2,5,1,31,9,24,32,,,,,90,2,,,,,1,3,11,37,,33,,1,4,53,2,,2,,,4,2,4,,,,,0,,,,,,,,1,,,,,,,,,,,,,,,,,,,,,,,,,,,,,,,,,
Germany_Bundesliga,2025-2026,RasenBallsport Leipzig,617unia8rrl6umoe9ti7o3yms,S. Suleiman,Forward,18,,,,,,,,,,,,,,,,,,,,,,,,,,,,,,,,,,,,,,,,,,,,,,,,,,,,,,,,,,,,,,,,,,,,,,,,,,,,,,,,,,,,,,,,,,,,,,,,,,,,,,,,,,,,,,,,,,,,,,,,,,,,,,,,,,,,
Germany_Bundesliga,2025-2026,RasenBallsport Leipzig,3kw81bjc4y4uqdbmsr77opams,A. Thomas,Forward,21,,,,,,,,,,,,,,,,,,,,,,,,,,,,,,,,,,,,,,,,,,,,,,,,,,,,,,,,,,,,,,,,,,,,,,,,,,,,,,,,,,,,,,,,,,,,,,,,,,,,,,,,,,,,,,,,,,,,,,,,,,,,,,,,,,,,
Germany_Bundesliga,2025-2026,RasenBallsport Leipzig,jflu7a5n4f3ezoj20z0kje5m,M. Vandevoordt,Goalkeeper,26,3,,3,7,,,,,35,,1,5,,5,,115,,7,,,8,8,,,,2,,2,,,,,78,,200,,,11,,,45,56,,,,6,,1,,,,1,,35,157,20,159,144,,,,,601,,,,6,3,,1,71,249,,179,,,70,298,,,,28,66,59,11,4,,,,,0,,,,,,7,,,,,,,,31,12,24,,1,20,12,8,,,,,,,5,,1,,7,,,1,,1,1,,,
Germany_Bundesliga,2025-2026,RasenBallsport Leipzig,2pjr6yz65f4uqvwniy4vphn85,T. Werner,Forward,36,,,,3,,4,,,3,,,,,,7,3,,3,,,2,2,,,,,,,,,,,,1,8,,,2,1,,,1,,,,,,3,,1,1,,,,7,7,1,7,,,,2,13,,,,,,,,2,8,,7,,1,1,13,1,1,,,,2,,1,,,,,0,,,,,,,,,,,,,,,,,,,,,,,,,,,,,,,,,,,,,,,,,
Germany_Bundesliga,2025-2026,RasenBallsport Leipzig,6zt9bsyq5pvk25efl379p0b11,L. Zingerle,Goalkeeper,25,,,,,,,,,,,,,,,,,,,,,,,,,,,,,,,,,,,,,,,,,,,,,,,,,,,,,,,,,,,,,,,,,,,,,,,,,,,,,,,,,,,,,,,,,,,,,,,,,,,,,,,,,,,,,,,,,,,,,,,,,,,,,,,,,,,,
Germany_Bundesliga,2025-2026,SC Freiburg,ejuw5de99fjgrxdn79aulbm96,J. Adamu,Forward,20,51,28,23,9,,24,,2,28,,3,97,49,48,69,16,7,9,1,1,4,3,1,1,1,46,21,25,,6,3,1,17,6,79,1,,8,7,1,14,25,4,4,3,7,7,2,,1,1,5,8,1,45,34,15,47,5,6,,,450,10,2,3,,6,10,9,72,82,7,48,11,22,34,186,1,1,7,,1,30,5,33,3,1,0,1,0,,,,,,,,,,1,,,,,,,,,,,,,,,,,,,,,,,,,,,,,,,
Germany_Bundesliga,2025-2026,SC Freiburg,6gjlcd7rzi3p74qwvj7ia6esq,N. Atubolu,Goalkeeper,1,9,,9,28,,,,,186,,1,14,,14,,711,,28,,,47,39,8,,,5,,5,,,2,,234,,843,,,63,,,253,165,2,,,28,,,,,,,,253,606,179,560,486,,,,,2520,,1,,19,34,,4,376,1110,,739,,,371,1390,,,,241,368,308,63,3,,1,,,0,,,,,,120,,,,,,,,191,81,157,5,14,87,54,30,,,,,,,25,1,1,2,19,,,5,,1,1,,,
Germany_Bundesliga,2025-2026,SC Freiburg,6a0w73agnkslcc6gea1jxxzvt,N. Beste,Defender,19,20,16,4,22,2,117,2,2,166,39,15,159,81,78,305,97,7,22,2,1,21,17,4,1,1,139,65,74,,15,29,1,157,5,371,1,,66,51,25,51,14,31,8,12,17,12,5,12,29,12,11,6,13,282,203,115,276,13,19,,3,1429,37,4,5,,20,13,31,220,385,20,289,32,46,96,733,65,34,21,7,15,133,28,81,1,5,1,0,1,,,,,,1,,26,,,,2,,,,,,,,,,,,,,,,,,,,,,,,,,,,,
Germany_Bundesliga,2025-2026,SC Freiburg,630sqbiu7utmkg8yw0h4ky8a2,E. Dinkçi,Forward,18,9,7,2,17,,51,1,,106,,7,85,52,33,142,104,4,17,1,1,24,23,1,1,1,76,45,31,,8,6,,91,,282,2,3,58,26,14,60,38,7,13,4,11,5,6,,6,6,9,6,13,200,121,87,189,9,10,2,4,957,21,,3,,8,8,3,151,284,17,202,19,21,82,467,18,17,12,11,25,77,23,57,,2,1,0,0,,,,,1,4,,,,1,1,,,,,,,,,,,,,,,,,,,,,,,,,,,,,,
Germany_Bundesliga,2025-2026,SC Freiburg,f5ln82l8q7gvouj3zhsp5t4gl,M. Eggestein,Midfielder,8,103,53,50,28,,161,19,13,275,,8,230,95,135,311,381,5,28,1,2,47,39,8,1,2,127,42,85,1,27,17,,371,1,1185,,,131,37,18,108,298,18,10,12,28,,,,2,2,12,21,31,971,557,442,966,25,32,1,11,2520,17,2,2,,54,17,16,284,1211,22,997,57,54,214,1600,11,11,6,40,52,167,58,162,1,3,1,1,1,,,,,1,13,13,,,2,,,,,,,,,,,,1,,,,,,,,,,,,,5,,,,,,
Germany_Bundesliga,2025-2026,SC Freiburg,84mp3eqt1ckw107hwxpby9cd1,M. Ginter,Defender,28,152,61,91,27,2,101,4,16,428,,,215,86,129,152,575,11,27,3,2,45,37,8,1,2,63,25,38,1,21,9,,563,2,1490,,,261,16,12,85,287,11,4,6,27,,,,3,3,3,5,82,1301,544,794,1253,9,10,1,3,2430,7,5,1,1,163,14,16,225,1526,10,1335,19,51,191,1879,10,10,4,47,96,155,46,95,,2,2,0,0,1,,1,,1,15,,,,1,,,1,,,,,,,,,1,,,,,,,,,,,,,5,,,,,,
Germany_Bundesliga,2025-2026,SC Freiburg,2az0f39bhz2kvxhopalzi0h5h,V. Grifo,Midfielder,32,9,3,6,27,1,148,8,1,160,42,10,64,32,32,315,150,3,27,1,7,25,20,5,2,6,55,29,26,1,12,32,1,71,2,581,,,76,14,7,52,268,33,7,11,17,15,10,12,24,10,9,10,50,475,313,236,475,4,4,6,4,1352,13,9,1,,15,8,9,227,637,18,525,8,35,112,883,76,26,3,17,37,160,28,75,,,5,2,1,,1,1,,6,10,1,29,,6,,1,,,,,,,,,,,1,4,4,1,1,,,,,,,,1,,,,,,
Germany_Bundesliga,2025-2026,SC Freiburg,b7ve7k983eaewnupejiow3jdh,C. Günter,Defender,30,17,7,10,20,3,106,2,5,65,12,6,59,26,33,225,149,3,20,3,,25,22,3,,,42,19,23,1,8,14,,22,4,398,1,,38,23,10,29,138,17,6,,14,7,6,4,20,13,2,2,21,321,199,156,314,6,9,,77,1220,6,3,,,26,8,6,163,415,6,335,15,14,80,691,43,29,3,27,35,104,19,45,,3,,,0,,,,,,8,14,7,,,,2,1,,,,,,,,,,1,,,,,,,,,,,,1,,,,,,
Germany_Bundesliga,2025-2026,SC Freiburg,8ljqtece9kp2l40o2qo1dml05,J. Huth,Goalkeeper,24,,,,,,,,,,,,,,,,,,,,,,,,,,,,,,,,,,,,,,,,,,,,,,,,,,,,,,,,,,,,,,,,,,,,,,,,,,,,,,,,,,,,,,,,,,,,,,,,,,,,,,,,,,,,,,,,,,,,,,,,,,,,,,,,,,,,
Germany_Bundesliga,2025-2026,SC Freiburg,ejnh215cji6xou661kiwcc91x,N. Höfler,Midfielder,27,6,3,3,8,,9,,,7,,,11,4,7,14,12,1,8,,,4,3,1,,,5,1,4,1,1,,,17,,48,,,3,1,,4,12,,1,1,,,8,,,,1,2,1,41,25,18,42,,2,,,77,,,,,7,2,1,7,50,2,43,2,4,7,66,,,,,,6,1,7,,,,,0,,,,,,1,,,,,,,,,,,,,,,,,,,,,,,,,,,,,,,,,,,
Germany_Bundesliga,2025-2026,SC Freiburg,bsyv3fmihshve4jcr11qmtmfp,L. Höler,Forward,9,122,64,58,27,1,132,5,2,79,,7,227,121,106,285,123,9,27,1,2,34,30,4,1,2,105,57,48,1,9,17,1,103,10,446,,,40,27,9,58,98,18,9,12,20,14,7,,1,1,7,36,3,305,203,113,312,11,7,,,1607,29,1,6,,30,22,24,228,456,21,315,18,79,141,732,7,6,12,1,3,125,23,138,11,1,2,0,0,,,,,1,1,1,,,1,2,,,,,,,,,,,,,,,,,,,,,,,,2,,,,,,
Germany_Bundesliga,2025-2026,SC Freiburg,cc3j4hx9guihwjcb3l2toja50,C. Irié,Forward,22,10,6,4,8,,19,1,,50,,,58,30,28,54,23,2,8,,,5,2,3,,,48,24,24,1,2,4,,40,4,87,,,15,7,5,18,5,4,4,1,2,2,6,,,,9,,3,72,44,28,69,2,5,,1,264,17,,,,6,8,8,46,87,5,72,7,9,15,176,3,3,8,,,12,6,15,,3,,,0,,,,,,1,,,,,,,,,,,,,,,,,,,,,,,,,,,,,,,,,,,
Germany_Bundesliga,2025-2026,SC Freiburg,8nug6t1cmn9pwhnwdf6nyhrrp,A. Jung,Defender,5,17,4,13,10,,20,,7,68,,1,30,12,18,12,126,4,10,,,11,10,1,,,13,8,5,,7,3,,50,,284,,,29,4,1,16,97,3,1,,4,1,6,,,,1,,11,231,95,145,229,2,,,,487,2,1,,,35,4,3,57,293,1,240,2,3,53,364,,,,19,26,37,16,27,,2,,,0,,,,,,6,,,,,,,,3,,3,,,,,,,,,,,,,,,,,,,,,,,,,
Germany_Bundesliga,2025-2026,SC Freiburg,mugwhiw6mwgjf5797wlnjzdh,D. Kyereh,Midfielder,11,,,,,,,,,,,,,,,,,,,,,,,,,,,,,,,,,,,,,,,,,,,,,,,,,,,,,,,,,,,,,,,,,,,,,,,,,,,,,,,,,,,,,,,,,,,,,,,,,,,,,,,,,,,,,,,,,,,,,,,,,,,,,,,,,,,,
Germany_Bundesliga,2025-2026,SC Freiburg,2jk8zu0m0tf7if0pyrkbo82xh,L. Kübler,Defender,17,56,22,34,17,1,98,5,6,89,,4,131,53,78,156,187,10,17,1,2,27,24,3,,2,75,31,44,,29,8,,186,4,507,,,41,19,9,44,40,9,9,4,15,7,2,,6,6,2,4,23,412,198,224,393,13,21,,95,1238,9,2,,,50,15,8,137,511,13,416,34,28,95,836,14,14,3,23,31,79,30,64,,2,2,0,1,,,1,,2,9,8,,,2,,,,,,,,,,,,,,,,,,,,,,,,,1,,,,,,
Germany_Bundesliga,2025-2026,SC Freiburg,6o2v57d92t1mejod24gmufcut,P. Lienhart,Defender,3,32,10,22,14,,62,,8,252,,5,68,22,46,128,252,3,14,,,18,14,4,,,36,12,24,,13,3,,185,2,790,,,142,13,8,38,320,3,5,1,12,3,2,,5,5,3,,35,722,306,448,714,5,9,,22,1031,4,,1,,49,6,7,147,819,6,749,14,12,70,1045,7,7,2,16,44,64,13,26,1,2,,,0,,,,,,3,58,,,,,,,15,,15,,,,,,,,,,,,,,,,,,1,2,1,,,,,
Germany_Bundesliga,2025-2026,SC Freiburg,cp5t077hogyhom0scrziguyju,J. Makengo,Defender,33,22,10,12,16,,99,,8,96,,2,72,28,44,126,149,4,16,,,17,14,3,,,50,18,32,2,9,4,,36,2,385,,,40,12,5,42,109,4,,,11,3,5,,10,10,6,1,12,323,149,191,318,9,9,,31,1033,8,,,,43,9,8,115,393,,330,18,2,63,597,21,21,4,9,15,58,26,48,1,1,,,0,,,,,,7,8,,1,,,,,,,,,,,,,,,,,,,,,,,,,,2,,,,,,
Germany_Bundesliga,2025-2026,SC Freiburg,6g4cnzr3dh0veul5svzkhmxw4,J. Manzambi,Midfielder,44,53,25,28,22,2,142,14,1,356,,7,253,108,145,388,194,9,22,2,4,32,29,3,3,2,200,83,117,2,26,13,,207,1,740,2,,182,30,16,92,224,15,18,8,21,13,1,,9,9,28,21,25,625,374,286,626,15,10,5,10,1716,51,4,3,,31,19,64,252,767,26,651,25,67,116,1212,20,20,25,6,24,117,19,92,,4,2,2,0,,2,,,3,1,7,,,,1,,1,,,,,,,,,1,,,,,,,,,,,2,2,1,,,,,,
Germany_Bundesliga,2025-2026,SC Freiburg,dvhjw2ieemakzw9o56r6y4foq,I. Matanović,Forward,31,121,60,61,25,,52,13,2,50,,6,236,128,108,193,66,10,25,1,8,19,12,7,6,8,115,68,47,1,8,10,3,81,5,232,3,,26,18,14,39,42,11,14,17,9,3,16,,,,9,16,6,144,95,58,147,12,6,1,,1128,26,2,4,,27,34,20,174,241,31,153,18,58,88,511,,,13,2,8,73,15,80,7,,5,3,4,,,1,,5,,,,,7,,,,,,,,,,,,,,2,1,,,,,,,,,,,,,,,,
Germany_Bundesliga,2025-2026,SC Freiburg,5bzowvtg5vhntcx1w3roriehh,F. Müller,Goalkeeper,21,,,,,,,,,,,,,,,,,,,,,,,,,,,,,,,,,,,,,,,,,,,,,,,,,,,,,,,,,,,,,,,,,,,,,,,,,,,,,,,,,,,,,,,,,,,,,,,,,,,,,,,,,,,,,,,,,,,,,,,,,,,,,,,,,,,,
Germany_Bundesliga,2025-2026,SC Freiburg,xeybxsihh2ggg35oz4ws6jv8,B. Ogbus,Defender,43,36,21,15,12,,45,1,13,127,,3,79,41,38,53,125,3,12,,,18,13,5,,,43,20,23,,6,,,109,,404,,,64,14,5,35,149,,2,2,9,1,3,,1,1,2,1,8,366,131,260,382,5,11,,3,806,14,,2,,51,4,6,73,428,4,390,16,5,38,597,2,2,8,12,12,24,16,26,,,,,0,1,,,,,3,4,,,,,,,13,,13,,,,,,,,,,,,,,,,,,,1,,,,,,
Germany_Bundesliga,2025-2026,SC Freiburg,4y167h8sn9cnyrvb097lf8lbd,P. Osterhage,Midfielder,6,32,24,8,20,,96,2,10,104,,5,101,60,41,141,99,7,20,,1,17,14,3,1,1,69,36,33,,17,6,,106,2,441,1,,48,22,11,42,156,6,3,2,13,7,7,,4,4,6,22,12,382,206,194,384,5,9,1,1,1188,17,,1,,15,13,13,100,457,5,396,14,20,61,635,5,5,11,4,9,44,22,52,,4,1,0,0,,,,,1,3,,,,1,,,,,,,,,,,,,,,,,,,,,,,,,1,,,,,,
Germany_Bundesliga,2025-2026,SC Freiburg,9i46dpapurzdzvd7nz3be7kl,M. Philipp,Forward,26,,,,,,,,,,,,,,,,,,,,,,,,,,,,,,,,,,,,,,,,,,,,,,,,,,,,,,,,,,,,,,,,,,,,,,,,,,,,,,,,,,,,,,,,,,,,,,,,,,,,,,,,,,,,,,,,,,,,,,,,,,,,,,,,,,,,
Germany_Bundesliga,2025-2026,SC Freiburg,f2f68n13t1nd3cjwair6jrip6,M. Rosenfelder,Defender,37,20,14,6,12,,29,1,2,61,,,39,19,20,15,69,1,12,,,9,8,1,,,19,5,14,,5,,,51,1,221,1,,31,5,3,22,90,,,,5,4,7,,,,2,,10,195,54,159,203,4,4,,3,491,3,,,,29,2,5,35,239,,213,8,3,26,318,,,1,7,11,18,8,15,,,,,0,,,,1,,3,,,,,,,1,10,,10,,,,,,,,,,,,,,,,,,,2,,,,,,
Germany_Bundesliga,2025-2026,SC Freiburg,5n7vp6g13q7sxkzbygfbz27oq,M. Röhl,Midfielder,34,5,3,2,2,,9,,1,9,,1,9,6,3,22,1,2,2,,,3,3,,,,4,3,1,,,,,14,,28,,,2,2,,1,4,,,,,,2,,,,,1,2,25,15,10,23,,1,,,65,1,,,,,2,,8,28,,25,1,2,3,40,1,1,,,,4,,3,,,,,0,,,,,,,,,,,,,,,,,,,,,,,,,,,,,,,,,,,,,,,,,
Germany_Bundesliga,2025-2026,SC Freiburg,bytrobr8rfp9zwbxzopr4vgno,D. Scherhant,Forward,7,22,17,5,25,1,61,10,3,128,26,19,161,95,66,275,34,7,25,1,4,19,16,3,4,4,139,78,61,,7,16,1,19,3,168,2,,82,28,10,37,63,17,8,11,8,7,17,9,17,5,19,3,5,129,110,42,130,5,8,1,,944,57,1,2,,12,12,29,189,177,19,135,13,57,42,501,46,20,34,2,4,79,9,38,1,2,3,1,2,,,1,,3,1,,16,,3,,5,,,,,,,,,,,,,,,,,,,,,,,,,,,,,
Germany_Bundesliga,2025-2026,SC Freiburg,eysjyvnv0rrlwyy8x69z33dhw,K. Steinmann,Defender,65,,,,,,,,,,,,,,,,,,,,,,,,,,,,,,,,,,,,,,,,,,,,,,,,,,,,,,,,,,,,,,,,,,,,,,,,,,,,,,,,,,,,,,,,,,,,,,,,,,,,,,,,,,,,,,,,,,,,,,,,,,,,,,,,,,,,
Germany_Bundesliga,2025-2026,SC Freiburg,53nd6a4o02ebb0w2s12prijje,Y. Suzuki,Midfielder,14,29,21,8,23,2,62,10,1,159,6,12,141,90,51,270,102,10,23,2,4,30,27,3,1,4,112,69,43,3,10,21,,110,2,374,3,,96,34,9,68,106,23,11,14,17,11,6,1,5,2,15,4,14,288,206,92,279,6,13,3,1,1533,48,2,5,,10,18,9,181,380,25,293,19,46,87,607,12,9,14,3,9,80,19,78,,3,2,2,0,,,2,,4,1,,3,,2,,,,,,,,,,,,,,,,,,,,,,,,,,,,,,,
Germany_Bundesliga,2025-2026,SC Freiburg,7uboncfvtna9i93cx870sauqc,R. Tarnutzer,Midfielder,69,,,,,,,,,,,,,,,,,,,,,,,,,,,,,,,,,,,,,,,,,,,,,,,,,,,,,,,,,,,,,,,,,,,,,,,,,,,,,,,,,,,,,,,,,,,,,,,,,,,,,,,,,,,,,,,,,,,,,,,,,,,,,,,,,,,,
Germany_Bundesliga,2025-2026,SC Freiburg,5a9y4yka5m1ft3f4e16f3ycfe,P. Treu,Defender,29,35,25,10,24,1,195,5,7,162,,7,167,79,88,309,173,8,24,2,1,33,27,6,1,1,132,54,78,2,6,18,,223,2,661,3,,69,35,18,69,83,20,7,4,21,6,3,,6,6,12,11,25,561,278,302,549,14,24,1,78,1892,27,3,2,,37,17,30,233,674,11,574,38,21,100,1091,21,21,17,20,25,90,31,75,1,2,0,1,0,,,,,1,6,50,,,,,,,,,,,,,,,,,,,,,,,,,,,,2,,,,,,
Germany_Bundesliga,2025-2026,SV Werder Bremen,9cqnkjq8eq0hdfugvp2w2c4yc,W. Adeh,Midfielder,34,,,,,,,,,,,,,,,,,,,,,,,,,,,,,,,,,,,,,,,,,,,,,,,,,,,,,,,,,,,,,,,,,,,,,,,,,,,,,,,,,,,,,,,,,,,,,,,,,,,,,,,,,,,,,,,,,,,,,,,,,,,,,,,,,,,,
Germany_Bundesliga,2025-2026,SV Werder Bremen,f14n6d52p37nkvoo5n3i52x2h,F. Agu,Defender,27,16,4,12,10,,62,,5,81,,,71,23,48,116,88,2,10,,,17,14,3,,,55,19,36,,10,7,,18,3,266,1,4,40,15,6,39,104,7,1,1,8,4,2,,5,5,3,,8,209,118,102,207,5,13,1,57,667,6,,,,19,8,15,92,272,2,215,18,8,57,461,7,7,3,6,17,40,24,40,,1,,,0,1,,,,,2,5,,,,,,,,,,,,,,,,,,,,,,,,,,,,1,,,,,,
Germany_Bundesliga,2025-2026,SV Werder Bremen,1e2hez2ipfx9aqg6h18aao222,S. Alvero,Midfielder,28,,,,2,,3,,1,5,,,1,,1,1,7,,2,,,,,,,,1,,1,,1,,,9,,24,,,3,,,2,5,,,,,,2,,,,,,1,23,7,16,22,,,,,32,,,,,3,,1,1,24,,23,,,1,31,,,,1,1,1,,,,,,,0,,,,,,,,,,,,,,,,,,,,,,,,,,,,,,,,,,,,,,,,,
Germany_Bundesliga,2025-2026,SV Werder Bremen,39yc76urwnda0ze6qb9h00ine,M. Backhaus,Goalkeeper,30,15,,15,26,,,,,187,,,22,2,20,,414,,26,,,45,39,6,,,7,2,5,,,,,198,,694,,4,91,1,1,222,231,,,,26,,,,,,,,121,593,62,627,568,,,,,2340,1,,,13,35,,9,163,843,,689,,,154,1139,,,,69,144,105,49,10,,,,,0,,,,,,28,,,,,,,,189,26,84,4,19,75,51,23,,,,,,,28,2,4,3,17,,,5,,,,,,
Germany_Bundesliga,2025-2026,SV Werder Bremen,26nfmfc8p2doisd9p8vtd33dh,L. Bittencourt,Midfielder,10,11,5,6,14,1,73,,,111,,,51,21,30,77,108,3,14,1,,13,11,2,,,40,16,24,,8,4,,114,,381,,,40,8,4,32,89,5,5,,4,4,10,,,,2,15,8,327,151,179,322,4,9,1,2,501,6,2,,,7,6,9,68,384,5,330,13,8,54,462,2,2,4,4,16,39,17,38,1,3,,,0,,,1,,,1,,,,,,,,,,,,,,,,,,,,,,,,,,,,,,,,,,,
Germany_Bundesliga,2025-2026,SV Werder Bremen,a6cke0ad2pvuyahweuch772ay,V. Boniface,Forward,44,25,10,15,11,1,32,4,,38,,1,52,24,28,86,26,,11,2,,8,8,,,,27,14,13,,,5,,15,3,103,1,,26,7,1,14,36,7,6,6,2,2,9,,1,1,5,7,5,69,52,24,70,1,1,1,,325,13,2,,,8,1,6,68,109,12,75,2,25,34,190,1,1,9,,,26,9,34,5,1,,,0,,,,,,,,,,,,1,,,,,,,,,,,,,,,,,,,,,,,,,,,,,
Germany_Bundesliga,2025-2026,SV Werder Bremen,8w9qk5a1mf1ecrm9pfncnafx0,K. Coulibaly,Defender,31,69,36,33,22,,107,,15,277,,2,136,69,67,70,388,4,22,,1,35,31,4,,1,67,33,34,1,20,6,1,149,1,1149,,4,122,18,8,56,580,6,5,1,20,3,2,,3,3,5,,54,983,358,703,1004,11,12,,5,1762,4,,1,,94,16,6,196,1224,6,1058,23,7,166,1468,8,8,2,40,79,102,72,87,,3,1,0,0,,,,1,,4,,,,1,,,,55,,55,,,,,,,,,,,,,,,,,,1,3,1,,,,,
Germany_Bundesliga,2025-2026,SV Werder Bremen,1hpivlohlnwpw0hyr9gxv5gk4,P. Čović,Midfielder,24,3,3,,14,,40,3,,43,,1,33,20,13,68,49,1,14,,1,9,9,,1,1,30,17,13,,4,2,,43,,186,,1,24,12,9,18,55,2,,2,2,2,12,,3,3,,4,10,147,84,66,137,6,5,,1,320,6,2,1,,9,5,2,53,187,2,147,11,9,40,253,3,3,4,8,12,33,10,28,,1,0,1,0,,,,,1,,,,,1,,,,,,,,,,,,,,,,,,,,,,,,,,,,,,,
Germany_Bundesliga,2025-2026,SV Werder Bremen,5wn1xudozb4s78x0m8ch7vn8q,O. Deman,Defender,2,13,4,9,10,1,86,4,,67,9,6,60,22,38,198,112,8,10,1,1,10,8,2,,,47,18,29,,7,11,1,9,1,362,,1,32,32,15,42,159,12,1,2,8,2,2,2,6,4,4,1,11,289,149,150,282,7,12,,72,715,4,,,,26,13,7,133,366,3,293,19,20,73,604,31,24,3,16,25,90,14,48,,2,0,1,0,,1,,,,4,13,6,,,,1,,,,,,,,,,,,,,,,,,,,,,,2,,,,,,
Germany_Bundesliga,2025-2026,SV Werder Bremen,aaoycxwi9jny6flm4apz8a2uh,M. Friedl,Defender,32,78,30,48,26,,131,,22,319,,2,174,67,107,155,507,9,26,,1,42,37,5,,1,96,37,59,,32,5,,436,1,1553,,4,177,24,15,110,571,5,6,2,26,2,,,1,1,4,4,112,1376,596,870,1353,21,19,3,60,2300,6,,,2,147,14,16,223,1645,8,1465,40,9,180,2065,13,13,3,38,89,143,50,91,,8,1,0,0,2,,,,,17,10,,1,1,,,,45,,45,,,,,,1,,,,,,,,,,,,,5,,,,,,
Germany_Bundesliga,2025-2026,SV Werder Bremen,6qj9kdcrum9mqla72ytoojje1,M. Grüll,Forward,17,35,23,12,28,,166,13,6,211,4,13,207,117,90,478,144,9,28,1,3,35,30,5,3,3,172,94,78,1,13,31,2,142,1,531,7,4,115,46,19,74,108,32,14,12,22,16,6,2,16,10,19,27,8,403,309,138,423,19,15,2,26,1869,49,,2,1,20,29,25,297,560,26,431,34,66,129,990,47,31,20,5,13,145,31,116,12,4,1,2,1,1,,2,,1,1,1,1,,2,,3,,,,,,,,,,,,,,,,,,,,,,,2,,,,,,
Germany_Bundesliga,2025-2026,SV Werder Bremen,2k8bmlxzt0qi7divtxye0a5ii,I. Hansen-Aarøen,Midfielder,21,,,,1,,1,,,3,,,3,1,2,2,1,,1,,,,,,,,3,1,2,,,,,1,,5,,,2,,,1,2,,,,,,1,,,,,,,3,2,1,3,,2,,,1,1,,,,,,,3,5,,3,2,1,2,8,,,1,1,1,1,1,1,,,,,0,,,,,,,,,,,,,,,,,,,,,,,,,,,,,,,,,,,,,,,,,
Germany_Bundesliga,2025-2026,SV Werder Bremen,e36lcgg2vegiecbez2j15fl9m,K. Hein,Goalkeeper,13,2,,2,2,,,,,10,,,3,,3,,62,,2,,,4,4,,,,1,,1,,,,,22,,92,,1,5,,,22,26,,,,2,,,,,,1,,18,76,7,76,65,,,,,180,,,,4,4,,,27,110,,83,,,27,140,,,,12,26,12,15,1,,,,,0,,,,,,7,,,,,,,,15,6,10,,2,11,7,4,,,,,,,1,1,1,,1,,,1,,,,,,
Germany_Bundesliga,2025-2026,SV Werder Bremen,ai0rlf2in3jc6iq4f3y4q46xg,M. Heitmann,Defender,46,,,,,,,,,,,,,,,,,,,,,,,,,,,,,,,,,,,,,,,,,,,,,,,,,,,,,,,,,,,,,,,,,,,,,,,,,,,,,,,,,,,,,,,,,,,,,,,,,,,,,,,,,,,,,,,,,,,,,,,,,,,,,,,,,,,,
Germany_Bundesliga,2025-2026,SV Werder Bremen,dx2pezbfmelz1zyn27bs56579,M. Kolke,Goalkeeper,25,,,,,,,,,,,,,,,,,,,,,,,,,,,,,,,,,,,,,,,,,,,,,,,,,,,,,,,,,,,,,,,,,,,,,,,,,,,,,,,,,,,,,,,,,,,,,,,,,,,,,,,,,,,,,,,,,,,,,,,,,,,,,,,,,,,,
Germany_Bundesliga,2025-2026,SV Werder Bremen,39tod1iad3ztq17qveh8pwp9l,S. Lynen,Midfielder,14,52,30,22,25,,170,9,7,242,,5,192,109,83,227,409,23,25,,,43,37,6,,,140,79,61,4,57,11,,434,,1287,,5,104,46,30,106,315,11,6,3,25,5,,,2,2,6,22,79,1117,525,634,1078,28,17,3,8,2217,19,1,1,,79,32,10,222,1328,9,1157,45,6,171,1693,10,10,9,22,48,116,65,123,1,4,,,0,,,2,,,4,2,,1,,,,,,,,,,,,,,,,,,,,,,,,,,5,,,,,,
Germany_Bundesliga,2025-2026,SV Werder Bremen,3tpfqju821lze7myekb40kefo,J. Malatini,Defender,22,22,11,11,11,,27,1,1,85,,2,53,25,28,37,116,4,11,,,12,10,2,,,31,14,17,,5,2,,129,,336,,,29,7,1,28,67,2,1,,5,4,6,,2,2,1,,8,280,91,194,275,9,6,,7,516,3,,,,46,7,1,70,339,1,283,15,7,56,442,3,3,2,20,24,32,27,32,,3,,,0,,,,,,4,,,,,,,,,,,,,,,,,,,,,,,,,,,,,,,,,,,
Germany_Bundesliga,2025-2026,SV Werder Bremen,58d87tochcm6hk4n6l7ua7jvu,S. Mbangula,Forward,7,18,14,4,22,2,123,5,1,178,3,4,138,68,70,285,91,1,22,2,3,20,18,2,3,2,120,54,66,,4,12,,55,3,422,4,2,90,20,7,54,158,14,3,7,12,11,10,1,4,2,28,20,9,366,243,132,362,6,10,4,9,1079,40,2,2,,3,4,22,147,427,10,371,16,40,56,665,16,12,20,2,9,52,20,47,,,2,1,3,,1,,,3,,2,,,1,2,,,,,,,,,,,,1,,,,,,,,,,,,,,,,,,
Germany_Bundesliga,2025-2026,SV Werder Bremen,acrwmucmu5zajj159f30of384,J. Milošević,Forward,19,20,10,10,9,1,31,3,1,18,,1,46,26,20,52,16,1,9,1,3,6,5,1,3,3,26,16,10,,1,1,,17,3,70,,,9,6,1,11,11,2,3,4,2,1,7,,,,5,10,,53,32,26,58,2,1,,,307,8,1,2,,1,6,2,42,75,7,58,3,22,17,130,3,3,3,,,14,6,17,1,1,2,1,1,,,,,2,,,,,3,,,,,,,,,,,,1,,,,,,,,,,,,,,,,,,,
Germany_Bundesliga,2025-2026,SV Werder Bremen,bwrtljwa3px624mxp49xa6psk,S. Musah,Forward,29,2,,2,3,,6,1,,3,,1,7,3,4,10,2,2,3,,1,,,,1,1,5,3,2,,1,,1,,1,9,,,2,,,1,1,,1,2,,,3,,,,1,2,,8,4,4,8,,,,,24,1,,1,,,2,1,3,9,3,8,,4,1,20,,,,,,1,,1,,,1,0,0,,,,,,,,,,1,,,,,,,,,,,,,,,,,,,,,,,,,,,,,,,
Germany_Bundesliga,2025-2026,SV Werder Bremen,68rs7juin2mmdok00hw6uvre2,J. Njinmah,Forward,11,28,15,13,27,,134,10,1,158,,7,124,64,60,319,59,2,27,,5,37,32,5,5,5,96,49,47,2,6,14,1,117,18,343,5,4,87,22,12,41,48,14,20,18,18,15,9,,7,7,14,21,4,259,176,105,270,7,11,,13,1526,35,1,4,,10,8,15,190,358,38,274,18,83,84,631,17,17,25,8,15,74,27,69,2,1,1,4,1,,,1,,4,1,2,,,3,,,,,,,,,,,,,,,,,,,,,,,,,,,,,,,
Germany_Bundesliga,2025-2026,SV Werder Bremen,8m16s3wr5bpmmx2776ow96has,L. Opitz,Forward,35,,,,,,,,,,,,,,,,,,,,,,,,,,,,,,,,,,,,,,,,,,,,,,,,,,,,,,,,,,,,,,,,,,,,,,,,,,,,,,,,,,,,,,,,,,,,,,,,,,,,,,,,,,,,,,,,,,,,,,,,,,,,,,,,,,,,
Germany_Bundesliga,2025-2026,SV Werder Bremen,1psr9ra8k9j4r94p1xixagzbp,A. Pieper,Defender,5,55,17,38,13,,25,2,10,136,,2,101,28,73,49,267,5,13,,,20,17,3,,,46,11,35,,21,2,,296,,731,,,86,9,7,38,165,2,4,3,13,3,,,2,2,,,51,626,231,418,596,6,20,2,2,1009,,,,2,82,7,10,117,753,7,647,26,11,106,948,2,2,,32,61,79,29,45,,3,,,0,2,,,,,7,,,,,,,,7,,7,,,,,,,,,,,,,,,,,,,2,,,,,,
Germany_Bundesliga,2025-2026,SV Werder Bremen,di9k6xr6j4arjoltl7s9yp6cq,Cameron Puertas,Midfielder,18,32,19,13,23,1,174,11,7,187,29,15,203,108,95,320,160,23,23,1,,24,20,4,,,171,89,82,2,13,17,,172,2,683,3,4,86,43,24,78,197,18,13,5,17,10,6,8,12,1,12,24,26,581,325,286,573,19,31,1,2,1468,42,5,,,21,29,20,234,703,18,599,50,48,104,1074,45,21,22,5,15,112,37,89,3,5,,,0,,,,,,1,1,20,1,,,3,,,,,,,,,,,,,,,,,,,,,,,2,,,,,,
Germany_Bundesliga,2025-2026,SV Werder Bremen,m2nkidcdrspnmeq177yv7kk,M. Schmetgens,Defender,33,3,1,2,2,,1,,2,11,,,4,1,3,3,7,,2,,,,,,,,1,,1,,1,,,19,,40,,,3,,,2,13,,,,,,2,,1,1,,,,36,17,20,36,1,,,1,36,,,,,5,,,5,40,,36,1,,4,52,1,1,,1,2,5,,2,,,,,0,,,,,,,,,,,,,1,,,,,,,,,,,,,,,,,,,,,,,,,,,,
Germany_Bundesliga,2025-2026,SV Werder Bremen,b4q9q0qgmtz959rygieg9ln1l,R. Schmid,Midfielder,20,54,39,15,28,6,240,16,2,390,80,22,292,183,109,847,356,11,28,7,2,47,41,6,,2,238,144,94,1,9,65,,270,5,1120,4,5,207,59,29,135,301,72,15,17,28,8,,14,34,20,32,52,57,836,650,265,824,15,22,13,18,2469,107,16,6,,9,18,25,568,1167,32,881,37,82,286,1767,108,63,55,13,45,340,54,241,8,4,1,1,0,,,1,,2,3,,44,,2,,3,,,,,,,,,,,,3,2,,,,,,,,,,3,,,,,,
Germany_Bundesliga,2025-2026,SV Werder Bremen,dx47szytc8vttuj4rcn4yzdre,I. Schmidt,Defender,23,18,6,12,16,,52,1,,91,,4,67,30,37,149,102,3,16,,1,11,11,,1,,49,24,25,,8,9,1,41,,288,1,,44,23,8,33,97,9,2,2,5,5,11,,1,1,10,,7,222,136,91,219,4,8,2,54,545,10,,,,15,8,3,104,292,4,226,12,18,66,455,5,5,6,4,7,45,26,59,,2,1,0,0,,1,,,,1,1,,,1,,,,,,,,,,,,,,,,,,,,,,,,,,,,,,,
Germany_Bundesliga,2025-2026,SV Werder Bremen,83wugke84weyts2xh1nxyj1uc,S. Smarkalev,Goalkeeper,37,,,,,,,,,,,,,,,,,,,,,,,,,,,,,,,,,,,,,,,,,,,,,,,,,,,,,,,,,,,,,,,,,,,,,,,,,,,,,,,,,,,,,,,,,,,,,,,,,,,,,,,,,,,,,,,,,,,,,,,,,,,,,,,,,,,,
Germany_Bundesliga,2025-2026,SV Werder Bremen,14fw7p4fzaxprndgxnx0gxgbt,J. Stage,Midfielder,6,75,27,48,24,1,171,13,8,186,,6,218,97,121,319,333,16,24,2,7,37,33,4,4,6,143,70,73,,17,20,1,219,1,935,1,4,77,44,17,94,228,22,16,16,24,5,,,5,5,10,38,50,707,357,370,672,10,26,9,11,2067,21,4,4,,39,27,27,285,951,32,722,36,83,229,1270,7,7,9,23,65,177,59,164,3,5,2,5,1,,1,1,,3,5,,,,3,,,,,,,,,,,,3,1,,,,,,,,,,,,3,,,,,,
Germany_Bundesliga,2025-2026,SV Werder Bremen,2p48525x4ap9m81g6ode51cyd,N. Stark,Defender,4,19,8,11,12,,18,,5,91,,1,53,21,32,20,116,8,12,,,14,12,2,,,34,13,21,,13,,,182,,419,,2,46,5,3,14,111,,2,1,8,5,4,,,,,,22,369,120,257,355,6,8,,,635,1,,1,,48,11,7,56,427,3,377,14,5,50,536,1,1,1,15,25,32,19,25,,4,,,0,,,,,,2,,,2,,,,,2,,2,,,,,,,,,,,,,,,,,,2,1,2,,,,,
Germany_Bundesliga,2025-2026,SV Werder Bremen,ad2qplv0aa66l11ipq6yh0hd5,Y. Sugawara,Defender,3,21,10,11,26,2,179,8,3,233,1,23,121,61,60,418,385,7,26,4,,37,34,3,,,100,51,49,,11,10,,397,2,986,2,4,133,39,18,78,46,14,10,10,24,6,2,,17,17,10,5,55,785,437,384,749,13,17,2,160,2123,24,2,2,,63,17,9,340,1007,20,804,30,52,203,1532,49,49,15,32,91,195,57,112,,1,,,0,,,,,,7,34,,,,,,,,,,,,,,,,,,,,,,,,,,,,5,,,,,,
Germany_Bundesliga,2025-2026,SV Werder Bremen,cmbd33qb8zs7wi7ryhy28yycq,K. Topp,Forward,9,59,36,23,20,1,58,11,,51,,8,115,72,43,166,44,6,20,1,1,10,9,1,,1,56,36,20,,1,7,1,46,2,181,1,1,21,11,7,28,41,8,11,3,7,6,13,,1,1,5,13,3,134,100,43,139,4,5,,,629,15,1,4,,11,16,7,110,189,14,142,9,59,47,330,4,4,4,1,4,42,9,43,4,4,1,0,0,,,,,,,,,,,,,,,,,,,,,,,,,,,,,,,,,,,,,,,,,
Germany_Bundesliga,2025-2026,SV Werder Bremen,7k7whr0pdbw5wtk7g0cwozw0l,M. Weiser,Defender,8,,,,,,,,,,,,,,,,,,,,,,,,,,,,,,,,,,,,,,,,,,,,,,,,,,,,,,,,,,,,,,,,,,,,,,,,,,,,,,,,,,,,,,,,,,,,,,,,,,,,,,,,,,,,,,,,,,,,,,,,,,,,,,,,,,,,
Germany_Bundesliga,2025-2026,SV Werder Bremen,9r20sl10trs6903jz83hmt6nd,M. Wöber,Defender,39,,,,,,,,,,,,,,,,,,,,,,,,,,,,,,,,,,,,,,,,,,,,,,,,,,,,,,,,,,,,,,,,,,,,,,,,,,,,,,,,,,,,,,,,,,,,,,,,,,,,,,,,,,,,,,,,,,,,,,,,,,,,,,,,,,,,
Germany_Bundesliga,2025-2026,TSG 1899 Hoffenheim,6yhylu5q0y924amgv7vlodkgl,K. Akpoguma,Defender,25,2,1,1,5,,2,,,1,,,6,2,4,7,7,,5,,,1,1,,,,4,1,3,,1,,,5,,15,,,,2,1,,2,,,,1,,4,,,,,,,9,2,8,10,2,1,,1,42,,,,,3,1,,8,16,,10,3,,6,30,,,,1,1,2,4,5,,,,,0,,,,,,,,,1,,,,,1,,1,,,,,,,,,,,,,,,,,1,1,,,,,,,
Germany_Bundesliga,2025-2026,TSG 1899 Hoffenheim,d2djen6mte9953h6n4y79by1g,Arthur Chaves,Defender,35,31,12,19,11,,39,2,4,42,,1,84,37,47,29,138,3,11,,2,15,13,2,,2,53,25,28,,8,3,,122,,381,,3,24,13,8,24,90,3,1,2,8,2,3,,,,1,,17,313,83,237,303,6,13,,,774,2,,,1,51,10,8,79,389,3,320,19,10,69,521,2,2,1,23,34,43,28,35,,1,0,2,0,1,,,1,1,8,,,,1,,,,,,,,,,,,1,,,,,,,,,,,,,,,,,,,
Germany_Bundesliga,2025-2026,TSG 1899 Hoffenheim,1yjv2fht4kuph088zlgwfwup6,F. Asllani,Forward,11,83,61,22,27,4,131,13,,110,,19,213,133,80,390,136,6,27,5,9,33,32,1,8,7,130,72,58,2,6,23,3,125,11,500,,4,49,39,13,63,129,28,24,24,25,23,2,,3,3,13,39,12,330,236,118,339,9,4,9,2,1867,43,6,7,,18,19,33,280,521,48,351,13,117,170,840,3,3,20,4,8,142,31,162,7,1,4,5,3,,2,2,,4,3,,,,5,1,,,,,,,,,,,2,,,,,,,,,,,,,,,,,,,
Germany_Bundesliga,2025-2026,TSG 1899 Hoffenheim,84d0jugdidn3if1iqx4ynuxw4,L. Avdullahu,Midfielder,7,47,22,25,27,,222,4,5,282,2,2,170,88,82,239,511,8,27,1,,33,32,1,,,123,66,57,1,26,16,,427,1,1558,2,4,115,42,26,136,445,17,6,2,26,5,1,1,2,2,7,45,80,1383,696,733,1347,16,24,2,13,2298,23,1,,,41,20,10,235,1605,8,1427,40,18,178,1904,10,9,9,19,44,145,43,134,,4,,,0,,,1,,,4,,1,,,,,,,,,,,,,,,,,,,,,,,,,,,6,,,,,,
Germany_Bundesliga,2025-2026,TSG 1899 Hoffenheim,cm8po8ez5w9ms01gid6w3kwk5,O. Baumann,Goalkeeper,1,7,,7,28,,,,,137,,3,15,2,13,,675,,28,,,41,39,2,,,8,2,6,,,,,223,,830,,4,62,,,252,157,,,,28,,,,,,2,1,180,623,139,612,571,,,,,2520,,,,15,32,,5,307,1055,,751,,,304,1307,,,,196,301,261,43,3,,2,,,0,,,,,,78,,,,,,,,187,38,124,,11,82,49,29,,,,,,,15,3,5,3,20,,,6,,,,,,
Germany_Bundesliga,2025-2026,TSG 1899 Hoffenheim,bkbmygo5f1glcs6xssawl26z9,I. Bebou,Forward,9,9,9,,16,,18,1,1,15,,1,26,20,6,51,8,3,16,,,3,2,1,,,17,11,6,,3,2,,9,2,44,1,,9,5,1,2,11,2,2,2,,,16,,,,3,5,,36,28,10,38,,1,1,,176,4,2,1,,3,6,2,25,46,4,38,1,11,8,95,1,1,,,,9,,8,,1,,,0,,,,,,,,,,,,,,,,,,,,,,,,,,,,,,,,,,,,,,,,,
Germany_Bundesliga,2025-2026,TSG 1899 Hoffenheim,f0r39wpdtdj0tkjz6bmps0178,P. Benjamin,Forward,53,,,,,,,,,,,,,,,,,,,,,,,,,,,,,,,,,,,,,,,,,,,,,,,,,,,,,,,,,,,,,,,,,,,,,,,,,,,,,,,,,,,,,,,,,,,,,,,,,,,,,,,,,,,,,,,,,,,,,,,,,,,,,,,,,,,,
Germany_Bundesliga,2025-2026,TSG 1899 Hoffenheim,55la79k6l8zifz8o9vbp20991,Bernardo,Defender,13,138,50,88,23,,124,3,12,182,,4,262,104,158,237,480,20,23,,,30,29,1,,,124,54,70,1,31,6,,88,2,1051,1,2,119,58,34,84,371,6,4,,22,6,1,,2,2,6,2,37,831,425,419,805,25,32,1,153,1942,9,1,,2,115,36,9,310,1063,4,842,57,18,221,1632,14,14,5,40,76,173,62,145,,7,,,0,2,,,,,9,38,,1,,,,,,,,,,,,,,,,,,,,,,,,,,4,,,,,,
Germany_Bundesliga,2025-2026,TSG 1899 Hoffenheim,ag6hkplnlodzxqrs9fh7mka5m,W. Burger,Midfielder,18,103,46,57,25,4,189,6,6,177,40,7,269,136,133,409,403,30,25,5,4,28,28,,3,3,166,90,76,3,13,35,3,231,1,1080,4,2,89,44,22,116,280,40,10,12,25,9,,9,17,6,4,37,59,830,513,352,789,23,40,6,7,2021,30,9,3,,59,46,9,383,1103,22,848,63,64,255,1513,53,22,5,46,72,249,59,183,1,5,2,2,2,,1,1,,1,12,1,27,1,2,1,1,,,,,,,,,,,,,,1,1,,,,,,1,1,5,,,,,,
Germany_Bundesliga,2025-2026,TSG 1899 Hoffenheim,3inva12wuqo70czviv1b0us5w,C. Campbell,Forward,20,2,2,,3,,2,1,,7,,1,4,3,1,13,3,,3,,,1,1,,,,2,1,1,,,1,,2,,9,1,,3,2,,,2,1,,,,,3,,,,,,,7,7,,7,,,,,41,1,,,,,,1,8,9,,7,,3,2,18,1,1,,,,3,,2,,,,,0,,,,,,,,,,,,,,,,,,,,,,,,,,,,,,,,,,,,,,,,,
Germany_Bundesliga,2025-2026,TSG 1899 Hoffenheim,4ryipy52oscxkv71ws0os5w5,V. Coufal,Defender,34,52,19,33,28,6,215,6,13,259,40,33,238,110,128,628,461,15,28,6,1,39,37,2,,,186,91,95,,33,41,,372,,1066,6,4,141,74,26,141,54,47,10,5,28,5,,13,50,33,23,6,53,829,531,372,800,17,28,,185,2478,41,12,,,92,29,29,548,1102,15,853,45,35,249,1990,110,82,26,36,69,289,70,180,,4,1,0,0,,1,1,,1,9,90,22,1,,,4,,,,,,,,,,,,,,1,1,,,,,,,,5,,,,,,
Germany_Bundesliga,2025-2026,TSG 1899 Hoffenheim,65v1s740zfmpwkc0z1v3aisd0,M. Damar,Midfielder,10,6,5,1,13,,36,4,,31,22,5,36,26,10,112,34,2,13,,,5,4,1,,,30,21,9,,1,11,,32,1,120,1,1,13,6,3,15,21,11,,8,2,2,11,5,9,1,2,4,4,99,83,27,97,2,3,,,266,12,1,2,,1,4,2,68,123,8,101,5,13,22,217,23,6,5,2,5,41,4,17,1,,,,0,,,,,,,1,16,,,,1,,,,,,,,,,,,,,,,,,,,,,,,,,,,,
Germany_Bundesliga,2025-2026,TSG 1899 Hoffenheim,9itdoft61idx19f23g7xzxpm,L. Đurić,Midfielder,48,,,,1,,,,,,,,,,,,1,,1,,,1,,1,,,,,,,,,,,,2,,,,,,1,1,,,,,,1,,,,,,,2,1,1,2,,,,,9,,,,,2,,,,2,,2,,,,4,,,,,,,,,,,,,0,,,,,,,,,,,,,,,,,,,,,,,,,,,,,,,,,,,,,,,,,
Germany_Bundesliga,2025-2026,TSG 1899 Hoffenheim,cgnl3msfddxlw37gu1jtiu42c,Y. Eduardo,Forward,31,,,,1,,,,,1,,,1,1,,1,,,1,,,,,,,,1,1,,,,,,,,,,,1,,,,,,,,,,1,,,,,,,,,,,,,,,1,1,,,,,,,1,,,,,,,1,,,,,,,,,,,,,0,,,,,,,,,,,,,,,,,,,,,,,,,,,,,,,,,,,,,,,,,
Germany_Bundesliga,2025-2026,TSG 1899 Hoffenheim,e6t61n9ggf4n4zof1ye4z2k9g,L. Engelns,Midfielder,16,,,,,,,,,,,,,,,,,,,,,,,,,,,,,,,,,,,,,,,,,,,,,,,,,,,,,,,,,,,,,,,,,,,,,,,,,,,,,,,,,,,,,,,,,,,,,,,,,,,,,,,,,,,,,,,,,,,,,,,,,,,,,,,,,,,,
Germany_Bundesliga,2025-2026,TSG 1899 Hoffenheim,2lcgxuccmasurysc8r1yi40lw,L. Erlein,Defender,54,,,,,,,,,,,,,,,,,,,,,,,,,,,,,,,,,,,,,,,,,,,,,,,,,,,,,,,,,,,,,,,,,,,,,,,,,,,,,,,,,,,,,,,,,,,,,,,,,,,,,,,,,,,,,,,,,,,,,,,,,,,,,,,,,,,,
Germany_Bundesliga,2025-2026,TSG 1899 Hoffenheim,6ezci6go3czxk7o81mppk5s7o,K. Frees,Defender,45,,,,,,,,,,,,,,,,,,,,,,,,,,,,,,,,,,,,,,,,,,,,,,,,,,,,,,,,,,,,,,,,,,,,,,,,,,,,,,,,,,,,,,,,,,,,,,,,,,,,,,,,,,,,,,,,,,,,,,,,,,,,,,,,,,,,
Germany_Bundesliga,2025-2026,TSG 1899 Hoffenheim,a9jc36ub52lh0jgq2ya56wyui,V. Gendrey,Defender,15,4,1,3,8,1,3,,,4,,,12,7,5,17,8,1,8,1,1,1,,1,1,,8,6,2,,1,2,,1,,26,,,4,,,2,14,3,1,1,,,8,,1,1,,,1,25,15,11,24,1,,,1,53,2,1,1,,3,2,1,9,26,2,25,1,3,1,45,1,1,1,,,2,,1,,,1,0,0,,1,,,1,1,1,,,,,,,,,,,,,,,,,,,,,,,,,,,,,,,,,,
Germany_Bundesliga,2025-2026,TSG 1899 Hoffenheim,4z9prwdr22kb7vpemekkzqooa,A. Hajdari,Defender,21,93,44,49,24,1,94,6,16,251,,7,223,100,123,117,491,11,24,1,1,28,27,1,,1,130,56,74,1,28,6,,215,,1187,,4,115,38,22,83,439,7,6,4,22,6,2,,3,3,2,1,84,964,339,679,931,19,32,3,36,1947,7,3,1,,143,35,22,261,1239,10,1015,51,20,224,1665,10,10,1,62,133,189,45,91,,8,1,0,0,,,,,1,9,12,,1,1,,,1,24,,24,,,,,,,,,,,,,,,,,,,4,,,,,,
Germany_Bundesliga,2025-2026,TSG 1899 Hoffenheim,e4vr28e9cbq3q5nux1jlpuuei,A. Hložek,Forward,23,1,,1,3,,2,,,,,,2,1,1,7,1,,3,,,1,1,,,,1,1,,,,,,1,,5,,,,,,,1,,,1,,,3,,,,,,,4,2,2,4,,,,,21,1,,1,,,,,7,5,1,4,,2,1,15,,,,,,1,,1,,,,,0,,,,,,,,,,,,,,,,,,,,,,,,,,,,,,,,,,,,,,,,,
Germany_Bundesliga,2025-2026,TSG 1899 Hoffenheim,725lp72qyqzvbul0aarhvi99m,R. Hranáč,Defender,2,125,49,76,25,,81,2,18,146,,2,187,78,109,80,416,6,25,,,31,30,1,,,62,29,33,2,14,3,,457,,1110,,2,60,17,9,74,197,3,3,2,24,4,1,,1,1,2,,54,960,308,694,947,9,13,,8,2079,3,,3,,147,22,10,171,1151,5,1001,22,18,150,1453,4,4,1,44,65,102,52,85,,4,,,0,,,1,,,32,1,,,,,,1,15,,15,,,,,,,,,,,,,,,,,,,6,,,,,,
Germany_Bundesliga,2025-2026,TSG 1899 Hoffenheim,6ki6rv564ybctrajr2xtgyeax,O. Kabak,Defender,5,133,46,87,19,,64,5,8,119,,3,182,69,113,83,303,5,19,,4,23,22,1,2,4,49,23,26,,20,4,,232,,775,,2,74,8,6,48,205,4,12,9,12,,7,,,,4,,24,652,237,443,656,3,12,1,,1205,3,,4,1,102,18,7,142,804,21,680,15,47,124,1039,1,1,2,24,49,101,24,75,2,3,2,2,2,1,,3,,2,6,,,,3,,,,11,,11,,,,,,2,,,,,,,,,,,,,1,,,,,,
Germany_Bundesliga,2025-2026,TSG 1899 Hoffenheim,ew18qvvupaejxubhqmxmbd39x,A. Kramarić,Forward,27,16,12,4,28,5,210,11,2,225,40,12,89,54,35,485,182,,28,5,10,25,24,1,6,10,73,42,31,1,7,27,1,204,5,751,,3,106,24,2,87,178,32,15,25,20,17,8,12,22,10,16,42,20,639,441,242,641,2,3,5,18,1751,34,7,6,,8,4,10,226,774,40,661,5,79,113,1060,47,29,12,6,12,135,25,101,1,1,6,4,1,,,,,7,,,15,,9,,2,,,,,,,,,,2,,3,3,,,,,,,,,,,,,,,,
Germany_Bundesliga,2025-2026,TSG 1899 Hoffenheim,pjbuqt8wiwm2ql2tfvvcn59m,T. Lemperle,Forward,19,69,39,30,23,2,133,8,1,101,,10,202,132,70,387,80,13,23,2,7,23,22,1,6,6,133,93,40,2,5,22,,100,15,378,3,,60,48,28,47,92,24,16,17,18,17,5,,4,4,10,33,4,258,200,89,281,6,12,2,4,1505,34,2,7,,20,45,12,234,405,33,285,18,94,120,706,17,17,20,3,8,121,16,112,16,1,4,3,4,,1,3,,6,,,,,6,1,1,,,,,,,,,,1,,1,1,,,,,,,,,,,,,,,,
Germany_Bundesliga,2025-2026,TSG 1899 Hoffenheim,c93t5gw1f8vnn6i839vjqnomi,V. Lässig,Defender,49,,,,,,,,,,,,,,,,,,,,,,,,,,,,,,,,,,,,,,,,,,,,,,,,,,,,,,,,,,,,,,,,,,,,,,,,,,,,,,,,,,,,,,,,,,,,,,,,,,,,,,,,,,,,,,,,,,,,,,,,,,,,,,,,,,,,
Germany_Bundesliga,2025-2026,TSG 1899 Hoffenheim,4rh8xwozidxiwvl4wi2rn0fe1,K. Machida,Defender,28,2,1,1,1,,3,,1,5,,,6,4,2,1,15,2,1,,,1,1,,,,4,3,1,,1,,,11,,36,,,,,,2,7,,,,1,1,,,,,,,4,32,11,21,28,1,,,,44,,,,,2,2,,4,36,,32,1,1,4,43,,,,2,4,4,,,,1,,,0,,,,,,2,,,,,,,,,,,,,,,,,,,,,,,,,,,,,,,,,,,
Germany_Bundesliga,2025-2026,TSG 1899 Hoffenheim,4abei6n52mm77yk98jo5aba50,F. Micheler,Midfielder,57,,,,,,,,,,,,,,,,,,,,,,,,,,,,,,,,,,,,,,,,,,,,,,,,,,,,,,,,,,,,,,,,,,,,,,,,,,,,,,,,,,,,,,,,,,,,,,,,,,,,,,,,,,,,,,,,,,,,,,,,,,,,,,,,,,,,
Germany_Bundesliga,2025-2026,TSG 1899 Hoffenheim,spjwukiya1mdmpbk7f4baolw,M. Moerstedt,Forward,33,26,16,10,19,,36,1,1,24,,1,68,41,27,83,16,5,19,,2,5,4,1,2,2,42,25,17,,,2,,28,2,94,1,,7,5,1,12,18,2,2,3,1,1,18,,,,3,6,1,67,46,25,70,4,3,,,379,12,1,,,5,12,7,61,98,5,71,7,19,27,183,3,3,3,3,3,23,7,24,1,2,1,1,0,,,,,,,,,,2,,,,,,,,,,,,2,,,,,,,,,,,,,,,,,,,
Germany_Bundesliga,2025-2026,TSG 1899 Hoffenheim,1wnemsdjzdpyhmt2liu05mtxw,D. Mokwa,Forward,24,,,,,,,,,,,,,,,,,,,,,,,,,,,,,,,,,,,,,,,,,,,,,,,,,,,,,,,,,,,,,,,,,,,,,,,,,,,,,,,,,,,,,,,,,,,,,,,,,,,,,,,,,,,,,,,,,,,,,,,,,,,,,,,,,,,,
Germany_Bundesliga,2025-2026,TSG 1899 Hoffenheim,3zm8u1090s31vi1opgebncwh6,L. Petersson,Goalkeeper,36,,,,,,,,,,,,,,,,,,,,,,,,,,,,,,,,,,,,,,,,,,,,,,,,,,,,,,,,,,,,,,,,,,,,,,,,,,,,,,,,,,,,,,,,,,,,,,,,,,,,,,,,,,,,,,,,,,,,,,,,,,,,,,,,,,,,
Germany_Bundesliga,2025-2026,TSG 1899 Hoffenheim,6k3daudjhieulsgywbt9uoep6,L. Philipp,Goalkeeper,37,,,,,,,,,,,,,,,,,,,,,,,,,,,,,,,,,,,,,,,,,,,,,,,,,,,,,,,,,,,,,,,,,,,,,,,,,,,,,,,,,,,,,,,,,,,,,,,,,,,,,,,,,,,,,,,,,,,,,,,,,,,,,,,,,,,,
Germany_Bundesliga,2025-2026,TSG 1899 Hoffenheim,33rjtcl9kkwdlp34oqn4dkx9m,A. Prass,Defender,22,21,7,14,26,2,124,1,3,148,11,7,167,86,81,296,131,12,26,2,3,21,21,,3,1,146,79,67,2,7,15,3,80,2,462,1,4,83,29,19,72,132,17,6,10,12,8,14,3,16,11,15,16,16,355,254,121,343,9,22,,12,1166,35,4,1,,18,23,21,198,467,16,359,31,32,108,740,23,14,13,12,20,115,16,88,,2,0,3,1,,2,,,,2,8,7,,1,,3,,,,,,,,,,,,,,,,,,,,,,,,,,,,,
Germany_Bundesliga,2025-2026,TSG 1899 Hoffenheim,57c808184l80uuuv7z3flcu6t,G. Prömel,Midfielder,6,59,37,22,28,2,208,8,5,164,1,6,173,87,86,316,220,10,28,2,7,28,27,1,6,6,114,50,64,2,13,13,,222,1,825,3,2,87,38,20,92,181,15,19,13,15,5,13,,2,2,6,74,26,677,388,297,657,18,15,5,8,1574,22,3,5,,43,20,25,211,831,32,683,33,55,148,1144,9,9,9,24,33,122,35,115,2,3,4,3,0,,1,,,4,4,3,,,4,,,1,,,,,,,,,3,,,,,,,,,,,,,3,,,,,,
Germany_Bundesliga,2025-2026,TSG 1899 Hoffenheim,6teffw7m19t1b3auxy22y4m0a,U. Tohumcu,Midfielder,17,1,1,,5,,12,,,12,,1,12,6,6,12,10,2,5,,,4,3,1,,,11,5,6,,,,,13,,45,,,6,6,2,7,11,,2,,1,1,4,,,,1,1,4,38,17,22,35,2,1,1,,134,3,,,,2,2,2,16,46,2,39,3,1,7,71,1,1,1,,,4,4,7,,2,,,0,,,,,,1,,,,,,,,,,,,,,,,,,,,,,,,,,,,,,,,,,,
Germany_Bundesliga,2025-2026,TSG 1899 Hoffenheim,c2p36c1bs0hddw58lf48iy68k,B. Touré,Forward,29,73,37,36,24,7,174,12,2,310,3,36,293,168,125,566,109,16,24,8,2,36,35,1,2,2,220,131,89,1,6,28,1,62,5,523,11,4,201,63,27,102,180,36,15,8,23,15,1,,30,30,41,23,15,396,322,106,383,10,14,5,7,1867,87,7,3,,15,36,24,351,525,23,398,24,105,127,1021,62,61,51,4,8,161,28,119,2,2,1,1,2,,,1,,1,3,,1,,2,1,,,,,,,,,,,,1,,,,,,,,,,,,,,,,,,
Germany_Bundesliga,2025-2026,VfB Stuttgart 1893,3krglbuxncb1fvl3p1sezhoq2,A. Al Dakhil,Defender,2,16,7,9,8,,23,,3,57,,,34,15,19,20,72,,8,,,8,7,1,,,18,8,10,,4,2,,96,,248,,2,24,7,5,14,63,2,1,,3,,5,,,,2,,5,219,92,133,220,3,5,,1,376,5,,,,25,1,1,37,254,1,225,8,1,29,318,,,1,10,11,13,16,18,,1,,,0,,,,,,2,,,,,,,1,2,,2,,,,,,,,,,,,,,,,,,,,,,,,,
Germany_Bundesliga,2025-2026,VfB Stuttgart 1893,b9xr5ekjfzw6jk25b4vo7s6c4,J. Arévalo,Forward,25,4,2,2,6,1,5,1,,2,,,11,5,6,13,2,,6,1,,1,1,,,,7,3,4,,,,,5,,14,,,,1,,1,3,1,1,1,,,6,,,,1,1,,11,6,6,12,,,,,30,3,,,,2,,3,8,15,2,12,,3,3,31,,,2,,,3,,3,,,,,0,,,,,,,,,,,,,,,,,,,,,,,,,,,,,,,,,,,,,,,,,
Germany_Bundesliga,2025-2026,VfB Stuttgart 1893,6n54br4iwdggqvid7oirzfn8q,L. Assignon,Defender,22,34,16,18,20,,110,3,2,101,,6,106,52,54,243,119,9,20,,,12,12,,,,72,36,36,1,11,6,,142,1,395,,3,47,27,10,33,31,6,5,4,10,6,10,,7,7,9,4,8,328,206,136,327,7,14,,88,930,18,1,1,,29,17,6,146,402,9,335,21,23,67,703,26,26,8,9,12,69,24,55,,3,,,0,,,,,,3,18,,1,,,,,,,,,,,,,,,,,,,,,,,,1,1,3,,,,,,
Germany_Bundesliga,2025-2026,VfB Stuttgart 1893,c0dvcjq2rfqs3jj5g5v2m5zsa,B. Bouanani,Forward,27,7,5,2,12,,42,4,,79,5,5,42,26,16,182,45,1,12,,,5,5,,,,35,21,14,,4,5,,87,1,180,2,,41,11,4,18,13,5,7,2,5,4,7,,4,4,4,8,5,136,123,24,138,1,3,1,3,441,17,,2,,4,1,6,89,187,9,143,4,22,44,294,16,15,10,1,2,55,5,42,,1,,,0,,,,,,,,1,,,,2,,,,,,,,,,,,,,,,,,,,,,,1,,,,,,
Germany_Bundesliga,2025-2026,VfB Stuttgart 1893,62gct49oglcdzxafhrfucrb2t,F. Bredlow,Goalkeeper,1,,,,,,,,,,,,,,,,,,,,,,,,,,,,,,,,,,,,,,,,,,,,,,,,,,,,,,,,,,,,,,,,,,,,,,,,,,,,,,,,,,,,,,,,,,,,,,,,,,,,,,,,,,,,,,,,,,,,,,,,,,,,,,,,,,,,
Germany_Bundesliga,2025-2026,VfB Stuttgart 1893,47au9x3wh20kk6gm3zi5d3jf8,M. Ćatović,Midfielder,35,,,,,,,,,,,,,,,,,,,,,,,,,,,,,,,,,,,,,,,,,,,,,,,,,,,,,,,,,,,,,,,,,,,,,,,,,,,,,,,,,,,,,,,,,,,,,,,,,,,,,,,,,,,,,,,,,,,,,,,,,,,,,,,,,,,,
Germany_Bundesliga,2025-2026,VfB Stuttgart 1893,mgwgcv336wb93xvv0pfr6dih,J. Chabot,Defender,24,160,54,106,22,,89,2,12,369,,4,261,93,168,68,488,15,22,,,27,26,1,,,101,39,62,,30,4,,422,,1421,,4,191,11,6,91,515,4,8,6,21,2,1,,,,4,,77,1247,585,755,1263,13,12,,,1881,4,,2,,165,31,34,197,1514,14,1340,25,15,174,1866,1,1,2,33,71,118,57,103,,3,,,0,,,,1,,7,,,1,,,,,53,,53,,,,,,,,,,,,,,,,,,,7,,,,,,
Germany_Bundesliga,2025-2026,VfB Stuttgart 1893,e30x514qvzadcryj2zhoss26s,Chema Andrés,Midfielder,30,66,27,39,20,,78,3,8,93,,2,113,45,68,123,166,7,20,,1,20,19,1,,1,47,18,29,1,24,9,,147,1,546,,5,36,21,14,61,165,9,4,3,10,4,10,,,,1,12,9,465,308,167,466,13,10,,1,942,3,,1,,31,12,6,98,556,7,475,23,18,81,717,,,,6,10,48,33,71,,3,1,0,1,,,,,,1,,,1,,1,,1,,,,,,,,,1,,,,,,,,,,,,,2,,,,,,
Germany_Bundesliga,2025-2026,VfB Stuttgart 1893,7h9rf5bjvnsj65rky23jgp2qc,N. Darvich,Midfielder,19,,,,,,,,,,,,,,,,,,,,,,,,,,,,,,,,,,,,,,,,,,,,,,,,,,,,,,,,,,,,,,,,,,,,,,,,,,,,,,,,,,,,,,,,,,,,,,,,,,,,,,,,,,,,,,,,,,,,,,,,,,,,,,,,,,,,
Germany_Bundesliga,2025-2026,VfB Stuttgart 1893,avk9yje6h4nndg3cufnbu2imt,E. Demirović,Forward,9,71,47,24,19,1,45,6,1,56,,6,163,101,62,194,41,10,19,2,9,15,14,1,7,8,92,54,38,3,1,10,,51,8,197,1,2,25,16,8,27,63,12,8,15,14,7,5,,,,7,14,1,140,115,28,142,3,8,4,,1170,26,3,7,,9,27,20,124,200,23,143,11,74,57,382,1,1,5,,2,51,7,55,3,4,5,4,3,,1,,,9,,,,,6,1,,,,,,,,,,,,,1,1,,,,,,,,,,3,,,,,,
Germany_Bundesliga,2025-2026,VfB Stuttgart 1893,4dy76ma50fapqoni7d8j012w9,S. Drljača,Goalkeeper,21,,,,,,,,,,,,,,,,,,,,,,,,,,,,,,,,,,,,,,,,,,,,,,,,,,,,,,,,,,,,,,,,,,,,,,,,,,,,,,,,,,,,,,,,,,,,,,,,,,,,,,,,,,,,,,,,,,,,,,,,,,,,,,,,,,,,
Germany_Bundesliga,2025-2026,VfB Stuttgart 1893,7jpasvui43tnyao6ijyuuyuqc,B. El Khannouss,Midfielder,11,28,13,15,20,3,162,13,2,216,26,12,121,60,61,477,230,12,20,3,3,22,21,1,3,2,93,47,46,,8,36,,152,1,776,2,3,101,40,13,45,253,39,8,10,16,11,4,7,17,9,14,23,41,616,475,176,593,5,18,6,8,1346,28,5,1,,7,15,9,267,797,18,634,23,39,163,1052,39,19,12,7,24,173,29,139,1,5,2,1,2,,1,,,2,2,,12,,,,,,,,,,,,,,1,,,,,,,,,,,,,1,,,,,,
Germany_Bundesliga,2025-2026,VfB Stuttgart 1893,3havaatbnk8p6gc9srgajc25l,C. Führich,Midfielder,10,11,9,2,27,5,212,7,,289,24,13,83,43,40,490,131,,27,5,4,19,18,1,4,2,72,34,38,2,2,25,1,78,3,689,1,6,145,15,3,63,275,30,9,15,15,16,12,3,19,16,21,25,20,571,441,156,558,7,7,7,8,1287,26,11,3,,9,4,3,214,696,24,578,14,70,118,925,38,20,13,9,17,137,19,101,1,1,2,2,0,,2,,,3,2,,17,1,1,,1,,,,,,,,,,,1,,,,,,,,,,,,,,,,,,
Germany_Bundesliga,2025-2026,VfB Stuttgart 1893,2bquokvszix61ha7ufrvv9t04,F. Hellstern,Goalkeeper,44,,,,,,,,,,,,,,,,,,,,,,,,,,,,,,,,,,,,,,,,,,,,,,,,,,,,,,,,,,,,,,,,,,,,,,,,,,,,,,,,,,,,,,,,,,,,,,,,,,,,,,,,,,,,,,,,,,,,,,,,,,,,,,,,,,,,
Germany_Bundesliga,2025-2026,VfB Stuttgart 1893,c3mpk7pjhma4lwkjl8v5mhox6,R. Hendriks,Defender,3,55,19,36,25,1,117,,10,280,,5,127,39,88,174,307,4,25,2,,28,27,1,,,72,20,52,,14,2,,236,,976,,5,121,22,11,56,344,4,3,,17,5,8,,6,6,7,4,23,880,385,527,883,17,10,,48,1527,6,1,,,58,11,19,171,1004,3,906,27,19,98,1314,13,13,,21,29,83,28,69,,3,,,0,,,,,,7,35,,,,,,,12,,12,,,,,,,,,,,,,,,,,,,5,,,,,,
Germany_Bundesliga,2025-2026,VfB Stuttgart 1893,8piprkveufst43e3d354e1vys,M. Herwerth,Defender,37,,,,,,,,,,,,,,,,,,,,,,,,,,,,,,,,,,,,,,,,,,,,,,,,,,,,,,,,,,,,,,,,,,,,,,,,,,,,,,,,,,,,,,,,,,,,,,,,,,,,,,,,,,,,,,,,,,,,,,,,,,,,,,,,,,,,
Germany_Bundesliga,2025-2026,VfB Stuttgart 1893,dedho18swt010xrsviuryauc4,L. Jaquez,Defender,14,25,13,12,9,1,32,,4,152,,,37,17,20,17,154,1,9,1,,7,6,1,,,12,4,8,,8,4,,247,,525,,,65,5,3,36,105,5,2,,8,4,1,,,,2,,14,480,214,277,477,,5,1,2,646,,1,,2,30,2,2,49,538,2,491,5,1,47,608,,,,11,20,34,13,27,,1,,,0,2,,,,,3,,,,,,,,4,,4,,,,,,,,,,,,,,,,,,,2,,,,,,
Germany_Bundesliga,2025-2026,VfB Stuttgart 1893,4whvqapvco3c56audz34s6jv8,F. Jeltsch,Defender,29,56,27,29,21,,100,1,13,310,,,128,56,72,91,315,7,21,1,,19,19,,,,72,29,43,,18,4,,469,3,996,,4,133,14,4,78,143,5,2,,16,2,5,,,,5,,31,904,396,538,903,10,13,1,7,1458,7,,,,68,13,15,118,1027,2,934,23,6,93,1232,3,3,2,20,33,62,34,60,,3,,,0,,,,,,12,1,,1,,,,1,,,,,,,,,,,,,,,,,,,,,,6,,,,,,
Germany_Bundesliga,2025-2026,VfB Stuttgart 1893,boquhcwmad8a9gcq3jcv1m68k,L. Jovanović,Forward,45,3,1,2,3,,1,,,8,,,8,4,4,14,5,,3,,,1,1,,,,5,3,2,,,2,,7,,13,,,6,,,1,,2,1,,,,3,,,,1,,,8,6,2,8,,,,,37,2,,,,,1,1,8,13,1,8,,4,5,20,,,,,2,3,2,3,,,,,0,,,,,,,,,,,,,,,,,,,,,,,,,,,,,,,,,,,,,,,,,
Germany_Bundesliga,2025-2026,VfB Stuttgart 1893,a4p1m3cqm6z2p1bw97s6k46ad,A. Karazor,Midfielder,16,76,27,49,26,,185,2,7,138,,2,189,67,122,250,274,8,26,,,22,21,1,,,113,40,73,1,12,11,,351,1,984,,2,54,25,10,65,217,11,3,2,20,9,6,,1,1,6,23,17,827,524,345,851,18,19,2,1,1731,16,3,2,,47,18,30,204,1027,5,868,37,39,159,1278,4,4,6,14,23,123,40,136,,5,,,0,,,1,,,,,,,,,,,,,,,,,,,,,,,,,,,,,,,,4,,,,,,
Germany_Bundesliga,2025-2026,VfB Stuttgart 1893,bt35y17wl42b5t5tw6z68uwyy,J. Leweling,Forward,18,24,15,9,26,5,175,13,2,309,,27,179,94,85,564,121,6,26,6,7,29,27,2,6,5,155,79,76,1,13,27,3,131,9,594,6,6,157,35,10,70,173,33,11,17,20,12,6,,27,27,24,16,17,451,358,125,439,9,9,8,34,1868,60,5,,,21,14,34,350,600,28,456,18,71,144,1081,72,72,28,15,24,195,21,120,1,4,2,5,1,,2,,,4,6,4,,1,3,,1,,,,,,,,,,,1,,,,,,,,,,,,3,,,,,,
Germany_Bundesliga,2025-2026,VfB Stuttgart 1893,6q2mf0qrkt51z28b46wltxal1,M. Mittelstädt,Defender,7,51,20,31,26,3,204,4,7,278,10,14,185,66,119,399,376,8,26,4,4,26,24,2,1,4,134,46,88,,33,28,4,124,2,1068,,5,130,51,31,96,385,32,9,11,20,10,6,3,29,25,12,5,42,911,544,416,889,19,38,5,110,1798,18,9,,,59,10,19,261,1089,20,931,57,32,158,1623,63,58,7,25,45,177,44,113,,3,1,3,1,1,,,,,11,6,5,1,4,,,2,5,,5,,,,,,,1,3,3,,,,,,,,,,2,,,,,,
Germany_Bundesliga,2025-2026,VfB Stuttgart 1893,1en0bgq0u842snszevlkscxk9,N. Nartey,Midfielder,28,51,19,32,24,2,115,4,3,112,3,6,137,59,78,261,107,8,24,2,3,11,11,,3,3,86,40,46,1,10,18,2,132,1,441,3,2,48,27,16,36,96,20,6,10,12,10,12,1,4,2,15,14,8,368,256,125,369,4,9,,5,1070,18,4,4,,18,17,18,133,450,16,377,13,50,73,661,10,8,9,3,8,70,13,65,1,2,2,1,2,,,,,1,,1,2,,2,,,,,,,,,,,,,,,,,,,,,,,,,1,,,,,,
Germany_Bundesliga,2025-2026,VfB Stuttgart 1893,d3xdl3p9vd1c0m316oq2pblxx,A. Nübel,Goalkeeper,33,5,,5,28,,,,,191,,,11,,11,,613,,28,1,,38,36,2,,,6,,6,,1,2,,220,,844,,7,100,,,278,197,3,,,28,,,,,,,,202,630,122,625,545,,,1,,2520,,1,,16,26,,7,294,1030,,747,,,283,1321,,,,204,276,229,54,7,,,,,0,,,,,,96,,,,,,,,192,29,89,3,11,85,63,20,,,,,,,25,2,8,1,13,,,10,,1,1,,,
Germany_Bundesliga,2025-2026,VfB Stuttgart 1893,35mw7r8f2471bkw9z2ouuj8,C. Olivier,Midfielder,31,,,,,,,,,,,,,,,,,,,,,,,,,,,,,,,,,,,,,,,,,,,,,,,,,,,,,,,,,,,,,,,,,,,,,,,,,,,,,,,,,,,,,,,,,,,,,,,,,,,,,,,,,,,,,,,,,,,,,,,,,,,,,,,,,,,,
Germany_Bundesliga,2025-2026,VfB Stuttgart 1893,bcuxy68u0t2lveqlb60smj2s,L. Penna,Midfielder,49,,,,,,,,,,,,,,,,,,,,,,,,,,,,,,,,,,,,,,,,,,,,,,,,,,,,,,,,,,,,,,,,,,,,,,,,,,,,,,,,,,,,,,,,,,,,,,,,,,,,,,,,,,,,,,,,,,,,,,,,,,,,,,,,,,,,
Germany_Bundesliga,2025-2026,VfB Stuttgart 1893,cz9ofh9ot911m65duxtjerpxw,Y. Spalt,Defender,56,,,,,,,,,,,,,,,,,,,,,,,,,,,,,,,,,,,,,,,,,,,,,,,,,,,,,,,,,,,,,,,,,,,,,,,,,,,,,,,,,,,,,,,,,,,,,,,,,,,,,,,,,,,,,,,,,,,,,,,,,,,,,,,,,,,,
Germany_Bundesliga,2025-2026,VfB Stuttgart 1893,7gzdg0j9usc3yq0dd1ad57sgl,P. Stenzel,Defender,15,2,1,1,2,,8,1,,15,2,2,6,3,3,24,12,,2,,,2,2,,,,4,2,2,,2,,,19,,56,,1,5,2,1,4,17,,1,1,2,2,,,,,,1,4,48,30,18,44,,,,6,107,,,,,2,2,2,19,56,2,48,,2,8,84,5,2,,1,1,10,3,7,,2,,,0,,,,,,,2,2,,,,,,,,,,,,,,,,,,,,,,,,,,,,,,,,,
Germany_Bundesliga,2025-2026,VfB Stuttgart 1893,bno18pni4atsobrxawb31vdd6,L. Stergiou,Defender,20,7,2,5,5,,11,,4,16,,,24,10,14,11,25,2,5,,,7,7,,,,17,8,9,,2,,,32,,74,,,6,3,1,7,6,,1,,1,,4,,,,1,,7,58,23,35,51,4,3,,11,190,1,,,1,9,2,1,22,74,1,58,7,1,16,117,1,1,,2,5,11,6,11,,,,,0,1,,,,,,1,,,,,,1,,,,,,,,,,,,,,,,,,,,,,,,,,,,
Germany_Bundesliga,2025-2026,VfB Stuttgart 1893,7hnmtyfmurizitwz1whecjnmy,A. Stiller,Midfielder,6,56,32,24,28,5,284,3,5,374,75,11,193,83,110,544,610,6,28,5,1,32,30,2,1,1,137,51,86,1,26,43,1,528,,1834,1,6,164,43,23,136,530,48,3,5,24,6,4,9,24,12,13,35,62,1611,1053,692,1659,19,17,8,10,2229,24,9,3,,39,13,37,367,1952,8,1721,36,44,231,2361,77,23,9,47,77,254,54,154,2,1,0,1,0,,,,,,9,,44,,1,,1,,,,,,,,,,,1,1,,,,,,,,,,,7,,,,,,
Germany_Bundesliga,2025-2026,VfB Stuttgart 1893,9ic8hvnkzj9p0ikh6bwaeoqju,Tiago Tomás,Forward,8,22,15,7,21,2,68,9,2,74,1,11,116,61,55,198,52,7,21,2,4,17,17,,3,4,94,46,48,1,3,8,,76,2,244,,4,40,10,8,31,52,10,12,9,8,8,13,1,3,1,13,19,2,196,156,47,198,5,5,2,,821,32,2,3,,9,12,25,121,248,21,200,10,45,48,448,7,7,19,1,4,47,8,44,2,3,0,4,1,,,1,,3,,,,,3,1,,,,,,,,,,,1,,,,,,,,,,,,,,,,,,,
Germany_Bundesliga,2025-2026,VfB Stuttgart 1893,6rutvrgco8li4nyz7tfayxb6x,D. Undav,Forward,26,76,48,28,24,3,115,23,,144,4,16,184,118,66,413,139,10,24,5,18,29,27,2,16,17,108,70,38,1,4,21,2,119,22,471,2,5,63,23,7,40,113,26,37,41,20,10,4,,,,6,38,13,336,252,98,337,4,12,11,8,1821,33,5,14,,5,28,17,243,486,78,350,16,141,136,806,13,9,7,2,11,124,25,125,8,4,7,11,4,,1,2,,15,,6,3,1,11,,2,,,,,,,,,,1,2,,,,,,,,,,,,2,,,,,,
Germany_Bundesliga,2025-2026,VfB Stuttgart 1893,bibz1qxakmbflq73marmo4nop,J. Vagnoman,Defender,4,34,20,14,22,2,170,1,2,136,,7,129,66,63,298,144,4,22,3,1,21,19,2,1,1,95,46,49,,3,13,1,204,,549,,3,68,37,16,49,40,16,7,11,16,6,6,,6,6,6,3,12,455,262,208,452,13,16,2,102,1419,17,3,5,,39,17,14,171,558,18,464,29,55,94,906,23,23,4,23,26,79,38,68,,3,0,1,1,,,,,,4,16,,,1,1,,1,,,,,,,,,,,,,,,,,,,,,,5,,,,,,
Germany_Bundesliga,2025-2026,VfB Stuttgart 1893,2kd2kqh0ykd5iuziic6590gve,N. Woltemade,Forward,11,4,4,,1,,,,1,4,,,14,9,5,16,3,1,1,,,2,1,1,,,10,5,5,,,1,,4,1,9,,,3,2,1,,2,1,,,1,,,,,,1,,,5,5,,5,1,,,,90,4,1,,,3,1,3,9,9,,5,1,3,4,29,,,,,,4,,4,,,,,0,,,,,,,,,,,,,,,,,,,,,,,,,,,,,,,,,,,,,,,,,
Germany_Bundesliga,2025-2026,VfB Stuttgart 1893,4xhnmoqgxoheel005ek6ckfs9,D. Zagadou,Defender,23,18,2,16,2,,5,,3,46,,1,32,9,23,10,56,3,2,,,3,3,,,,14,7,7,,3,1,,45,,163,,1,27,3,2,11,65,1,4,1,2,1,,,,,1,,4,135,69,74,139,2,3,,1,165,,,,1,16,5,1,28,171,5,143,5,4,28,211,,,,4,13,18,10,15,,,,,0,,,,,,1,,,,,1,,,5,,5,,,,,,,,,,,,,,,,,,,,,,,,,
Germany_Bundesliga,2025-2026,VfL Wolfsburg,aku4u63qd4l6k1pmp3u8y7x90,J. Adjetey,Defender,18,10,5,5,4,,10,1,1,14,,1,19,11,8,16,41,,4,,,3,3,,,,9,6,3,1,1,,,20,,72,,2,4,,,7,1,,2,,1,,3,,2,2,1,,3,52,28,26,49,1,1,,10,137,2,,,,7,4,,33,72,2,52,2,5,20,116,3,3,1,7,12,20,3,8,,1,,,0,,,,,,,4,,1,,,,1,,,,,,,,,,,,,,,,,,,,,,,,,,,,
Germany_Bundesliga,2025-2026,VfL Wolfsburg,8855nyl8htw15u4y4apom7fxm,M. Amoura,Forward,9,63,40,23,25,2,145,8,1,149,,20,207,125,82,358,69,10,25,3,8,30,28,2,6,8,144,85,59,,7,21,2,56,11,396,6,3,104,38,22,55,148,24,29,16,20,13,5,,3,3,14,24,15,277,190,110,282,17,17,6,5,1692,43,6,10,,18,17,11,251,418,45,297,34,92,121,767,22,22,27,6,8,107,36,113,6,2,4,4,2,,,,,5,2,1,,,5,2,,,,,,,,,,,1,,1,1,,,,,,,,,,,,,,,,
Germany_Bundesliga,2025-2026,VfL Wolfsburg,eeam67v6h8omb3tt9run8k7bo,M. Angély,Defender,22,,,,,,,,,,,,,,,,,,,,,,,,,,,,,,,,,,,,,,,,,,,,,,,,,,,,,,,,,,,,,,,,,,,,,,,,,,,,,,,,,,,,,,,,,,,,,,,,,,,,,,,,,,,,,,,,,,,,,,,,,,,,,,,,,,,,
Germany_Bundesliga,2025-2026,VfL Wolfsburg,acxwc7xxrtyssiy390t859kgl,M. Arnold,Midfielder,27,25,13,12,23,4,135,4,12,203,45,7,115,52,63,205,330,9,23,4,1,41,37,4,,,90,39,51,,24,24,1,268,,971,,3,86,13,7,76,284,28,4,5,20,,3,11,26,6,5,16,79,820,417,470,782,6,15,,5,1833,9,11,,,73,17,26,236,1017,9,861,21,4,156,1343,52,7,3,50,82,163,45,74,,5,1,0,0,,1,,,,16,2,32,,,,2,,,,,,,,,,,,,,1,1,,,,,,,,1,,,,,,
Germany_Bundesliga,2025-2026,VfL Wolfsburg,47bjfjrtjv3uv5lnguc2ycg0k,J. Belocian,Defender,6,24,18,6,16,1,71,1,8,110,,2,86,46,40,96,163,9,16,1,,28,27,1,,,62,28,34,2,11,3,,87,,468,,6,59,13,8,36,154,4,2,,11,3,5,,1,1,6,,16,421,228,201,412,8,10,,48,1003,10,1,1,,35,17,10,85,475,2,428,18,3,47,695,6,6,5,4,9,31,22,38,1,1,,,0,,,,,,4,10,,1,,,,,,,,,,,,,,,,,,,,,,,,,,,,,,,,
Germany_Bundesliga,2025-2026,VfL Wolfsburg,dvko8on18dyvci0dehe67wvf8,T. Benedict,Forward,43,,,,,,,,,,,,,,,,,,,,,,,,,,,,,,,,,,,,,,,,,,,,,,,,,,,,,,,,,,,,,,,,,,,,,,,,,,,,,,,,,,,,,,,,,,,,,,,,,,,,,,,,,,,,,,,,,,,,,,,,,,,,,,,,,,,,
Germany_Bundesliga,2025-2026,VfL Wolfsburg,2bsmlmrjtknurmuzuckyr2h3o,J. Bürger,Defender,41,6,4,2,7,,17,,3,18,,,27,16,11,49,20,,7,,,6,6,,,,21,12,9,,1,2,,24,,62,1,2,12,9,4,7,3,2,1,1,2,2,5,,2,2,1,,3,42,21,25,41,,3,,12,246,6,,,,13,4,5,45,64,2,44,3,3,20,145,4,4,4,3,6,21,3,14,,,,,0,,,,,,1,11,,,,,,,,,,,,,,,,,,,,,,,,,,,,,,,,,,
Germany_Bundesliga,2025-2026,VfL Wolfsburg,c1yctqdku2vzho2azsgcy5dcl,V. Černý,Midfielder,18,2,1,1,2,,2,1,,3,,1,7,3,4,6,1,,2,,,1,1,,,,5,2,3,,,,,1,,7,,1,3,1,1,2,3,,,,,,2,,,,1,,,5,1,4,5,,,,1,46,1,,,,2,,2,6,7,,5,,2,2,19,2,2,1,1,1,3,1,1,,,,,0,,,,,,,,,,,,,,,,,,,,,,,,,,,,,,,,,,,,,,,,,
Germany_Bundesliga,2025-2026,VfL Wolfsburg,edj49ogr7xpr2tad1b5xdbsic,Cleiton,Defender,33,,,,,,,,,,,,,,,,,,,,,,,,,,,,,,,,,,,,,,,,,,,,,,,,,,,,,,,,,,,,,,,,,,,,,,,,,,,,,,,,,,,,,,,,,,,,,,,,,,,,,,,,,,,,,,,,,,,,,,,,,,,,,,,,,,,,
Germany_Bundesliga,2025-2026,VfL Wolfsburg,17iz3i6kzdxc115bdlgcgqdck,A. Daghim,Forward,11,34,17,17,21,2,82,7,2,114,,9,154,83,71,289,105,5,21,2,2,29,29,,2,2,120,66,54,4,11,11,2,122,2,333,5,2,82,49,26,36,27,13,6,5,9,4,12,,2,2,11,10,4,222,173,54,221,7,15,3,4,1065,38,5,2,,26,15,21,204,336,11,225,22,51,111,610,13,13,26,11,19,99,25,92,4,1,0,2,1,,,,,,1,,,,,,,,,,,,,,,,,,,,,,,,,,,,,1,,,,,,
Germany_Bundesliga,2025-2026,VfL Wolfsburg,6mxpnfdozs8iqod835jw9jwus,B. Dárdai,Midfielder,8,1,1,,1,,1,,,1,,,3,2,1,1,3,1,1,,,,,,,,2,1,1,,1,1,,1,,8,,,1,2,2,1,3,1,,,,,1,,,,,,,8,5,3,8,,1,,,34,,,,,1,1,,1,8,,8,1,,,15,,,,,,,,,,,,,0,,,,,,,,,,,,,,,,,,,,,,,,,,,,,,,,,,,,,,,,,
Germany_Bundesliga,2025-2026,VfL Wolfsburg,awda32rw2clw0sjemf7rkcel1,C. Eriksen,Midfielder,24,21,11,10,25,4,170,9,6,201,50,14,120,70,50,378,346,5,25,6,3,47,46,1,,3,99,59,40,1,12,38,,235,3,899,,7,89,43,18,99,198,44,11,10,21,12,4,14,25,7,8,43,40,697,444,320,699,13,16,13,13,1925,29,9,1,,31,11,3,343,949,21,739,29,30,210,1315,64,17,11,23,64,230,44,146,,4,2,1,0,,,,,3,4,2,35,,3,,4,,,,,,,,,,,,3,3,,,,,,,,,,,,,,,,
Germany_Bundesliga,2025-2026,VfL Wolfsburg,2mwe6l0eu1tisri3eu26fx8x6,K. Fischer,Defender,2,21,9,12,11,,55,,3,84,,2,72,35,37,109,154,6,11,,,21,18,3,,,51,26,25,,12,3,,111,,357,,1,43,28,9,21,45,3,2,,10,5,1,,2,2,1,,20,286,108,188,274,8,12,,60,803,8,1,,,32,10,4,115,365,2,294,20,5,71,576,14,14,5,12,22,49,36,49,,,,,0,,,,1,,1,13,,,,,,,,,,,,,,,,,,,,,,,,,,,,,,,,,,
Germany_Bundesliga,2025-2026,VfL Wolfsburg,d2ykrr75737c8bzlwhjj90vkl,Y. Gerhardt,Midfielder,31,48,30,18,15,,97,3,7,89,,5,111,66,45,105,142,9,15,,1,28,26,2,,1,63,36,27,1,8,6,,97,,429,,5,40,23,10,43,101,6,6,1,12,8,3,,1,1,,16,8,353,153,209,353,10,4,,8,1010,14,,,1,32,19,13,114,437,7,361,14,18,76,609,6,6,7,11,11,61,21,65,,1,1,0,0,1,,,,,3,,,,1,1,,,,,,,,,,,1,,,,,,,,,,,,,,,,,,,
Germany_Bundesliga,2025-2026,VfL Wolfsburg,a79ojcztkvgui9sw4zbkmvr3d,K. Grabara,Goalkeeper,1,12,1,11,28,,1,,,102,,,15,1,14,1,529,,28,,,63,59,4,,,3,,3,,,3,,240,,685,,9,55,,,227,192,3,1,,28,,,,,,1,,163,533,98,551,486,,1,,,2520,,,,25,44,,1,321,962,1,649,1,1,313,1259,,,,171,310,283,30,3,,1,,,0,,,,,,63,,,,,,,1,182,91,158,,19,102,70,30,,,,,,,20,2,13,1,32,,,1,,3,3,,,
Germany_Bundesliga,2025-2026,VfL Wolfsburg,4jetfgij9sfzo09ffr558bwno,P. Hensel,Midfielder,37,2,2,,5,,6,,,7,,,6,3,3,13,10,,5,,,4,4,,,,4,1,3,,,,,6,,26,,,5,2,1,5,4,,1,,1,1,4,,,,1,,2,21,12,9,19,,1,,,69,1,,,,3,,1,9,26,1,21,1,1,5,39,,,,,,5,,5,,,,,0,,,,,,1,,,,,,,,,,,,,,,,,,,,,,,,,,,,,,,,,,,
Germany_Bundesliga,2025-2026,VfL Wolfsburg,bm5w5xsbbflm26pdhmejwgvs9,M. Jenz,Defender,15,88,29,59,19,,58,3,18,173,,1,160,64,96,28,293,13,19,,1,42,39,3,,1,72,35,37,1,12,2,,328,,932,,5,89,12,6,52,295,2,1,1,19,1,,,1,1,,2,22,829,248,623,848,8,22,,4,1697,1,,,,125,31,7,115,974,2,870,30,11,104,1214,,,,26,45,69,35,59,,6,1,0,0,,,,1,,8,,,1,1,,,1,24,,24,,,,,,1,,,,,,,,,,,,1,,1,,,,,
Germany_Bundesliga,2025-2026,VfL Wolfsburg,1su30l8opvqid6qm07xos8ic,B. Katz,Forward,42,,,,,,,,,,,,,,,,,,,,,,,,,,,,,,,,,,,,,,,,,,,,,,,,,,,,,,,,,,,,,,,,,,,,,,,,,,,,,,,,,,,,,,,,,,,,,,,,,,,,,,,,,,,,,,,,,,,,,,,,,,,,,,,,,,,,
Germany_Bundesliga,2025-2026,VfL Wolfsburg,5d3stmq3pgka4qhdfoff35t9m,K. Koulierakis,Defender,4,94,40,54,24,1,75,5,15,269,,4,170,72,98,100,444,9,24,1,2,50,48,2,,2,76,32,44,3,33,10,,222,,1149,,7,156,14,6,72,507,11,7,10,22,,2,,6,6,3,,70,975,340,728,992,13,19,3,11,2032,7,2,4,1,145,23,9,218,1248,17,1062,32,30,186,1610,9,9,3,63,110,123,72,76,,5,1,1,0,,,1,1,,14,4,,3,2,,,1,57,7,64,,,,,,2,,,,,,,,,,,,,1,,,,,,
Germany_Bundesliga,2025-2026,VfL Wolfsburg,al6dgtinz0ki8uj8wrvc7fg2c,S. Kumbedi,Defender,26,26,18,8,20,5,101,1,6,131,,10,162,87,75,256,218,9,20,5,,43,42,1,,,136,69,67,1,15,7,,224,4,569,5,6,80,30,15,53,38,12,2,,17,7,3,,7,7,14,6,11,440,230,228,440,12,26,2,111,1516,33,4,,1,55,19,15,224,581,2,451,38,21,130,994,23,23,20,24,36,119,34,94,,2,,,0,2,,,,,7,10,,1,,,,,,,,,,,,,,,,,,,,,,,,,,,,,,,,
Germany_Bundesliga,2025-2026,VfL Wolfsburg,5ph2ln91ycq1qlq03cnqqs9re,J. Lindstrøm,Midfielder,19,5,3,2,11,,33,1,,47,,2,59,38,21,99,27,3,11,,,10,10,,,,54,35,19,1,,4,,22,,99,,3,26,6,3,19,17,4,2,5,3,3,8,,2,2,8,4,,77,57,22,77,3,5,,4,328,19,2,1,,3,10,3,57,99,7,77,8,12,22,186,4,4,9,2,2,20,6,20,1,2,,,0,,,1,,,,,,,,,,,,,,,,,,,,,,,,,,,,,,,,,,,,,,
Germany_Bundesliga,2025-2026,VfL Wolfsburg,3hd9nxdb54zn4fhbf7qa7x0q1,L. Majer,Midfielder,10,31,20,11,24,3,97,7,1,197,2,6,155,93,62,251,148,16,24,3,2,30,26,4,2,2,124,73,51,1,9,17,,128,3,490,,3,89,31,11,67,119,20,11,5,16,15,8,1,6,3,11,14,14,403,241,170,391,8,14,7,2,1286,32,3,4,,17,29,18,169,492,16,405,22,34,87,718,14,12,13,3,14,80,21,73,1,5,2,0,0,,,2,,2,1,,1,,2,,1,,,,,,,,,,,,,,,,,,,,,,,,,,,,,
Germany_Bundesliga,2025-2026,VfL Wolfsburg,6lfje6glfgycun47flgmc9jvt,J. Mæhle,Defender,21,12,4,8,10,1,48,2,,68,,1,66,36,30,112,92,5,10,1,1,18,17,1,1,,54,32,22,,12,7,,11,,276,,2,30,18,10,44,126,8,3,3,8,3,2,,2,2,2,,14,226,102,127,213,7,12,3,33,684,22,3,1,,27,6,1,97,277,6,227,19,14,50,462,7,7,17,8,10,34,23,40,,1,0,1,0,,1,1,,1,5,3,,2,,,,,,,,,,,,,,,,,,,,,,,,,,,,,,,,
Germany_Bundesliga,2025-2026,VfL Wolfsburg,8avzr6g3ia2hxlxux4ikecus5,M. Müller,Goalkeeper,29,,,,,,,,,,,,,,,,,,,,,,,,,,,,,,,,,,,,,,,,,,,,,,,,,,,,,,,,,,,,,,,,,,,,,,,,,,,,,,,,,,,,,,,,1,,,0,,,,,,,,,,,,,,,,,,,,,,,,,,,,,,,,,1,1,,,,,,,
Germany_Bundesliga,2025-2026,VfL Wolfsburg,beey4bz2prklgyamlgha3d89g,D. Odogu,Defender,33,,,,,,,,,,,,,,,,,,,,,,,,,,,,,,,,,,,,,,,,,,,,,,,,,,,,,,,,,,,,,,,,,,,,,,,,,,,,,,,,,,,,,,,,,,,,,,,,,,,,,,,,,,,,,,,,,,,,,,,,,,,,,,,,,,,,
Germany_Bundesliga,2025-2026,VfL Wolfsburg,2dxsntw3djezptdjqzu0oxi7e,K. Paredes,Midfielder,40,5,1,4,5,,8,,2,19,,2,25,9,16,32,25,1,5,,,4,4,,,,20,8,12,,2,1,,6,,53,1,1,13,1,,4,14,1,1,1,1,1,4,,2,2,2,,3,41,30,13,38,2,2,,3,154,6,,,,8,2,6,26,53,2,41,4,3,12,102,5,5,4,1,1,15,2,11,,1,,,0,,,,,,,,,,,,,,,,,,,,,,,,,,,,,,,,,,,,,,,,,
Germany_Bundesliga,2025-2026,VfL Wolfsburg,8ri0md3tr27a1bn10xmfkgsus,D. Pejčinović,Forward,17,101,62,39,24,,79,4,1,41,,6,149,91,58,144,59,4,24,,5,33,30,3,5,5,48,29,19,3,,6,4,59,4,206,,6,19,15,9,20,33,6,14,13,11,7,13,,,,4,18,10,131,82,73,145,1,7,,1,989,17,1,5,,11,13,7,126,230,27,155,8,46,75,381,3,3,10,2,3,58,20,72,3,1,4,1,1,,,2,,,2,1,,1,4,,,,,,,,,,,,1,,,,,,,,,,,,,,,,,,,
Germany_Bundesliga,2025-2026,VfL Wolfsburg,53ozrqkupvt2iyi2xg0swf7px,P. Pervan,Goalkeeper,12,,,,,,,,,,,,,,,,,,,,,,,,,,,,,,,,,,,,,,,,,,,,,,,,,,,,,,,,,,,,,,,,,,,,,,,,,,,,,,,,,,,,,,,,,,,,,,,,,,,,,,,,,,,,,,,,,,,,,,,,,,,,,,,,,,,,
Germany_Bundesliga,2025-2026,VfL Wolfsburg,4vis4wltntxil2m9z16mi6j8p,Rogério,Defender,13,,,,,,,,,,,,,,,,,,,,,,,,,,,,,,,,,,,,,,,,,,,,,,,,,,,,,,,,,,,,,,,,,,,,,,,,,,,,,,,,,,,,,,,,,,,,,,,,,,,,,,,,,,,,,,,,,,,,,,,,,,,,,,,,,,,,
Germany_Bundesliga,2025-2026,VfL Wolfsburg,e1islmeew98wa2ge0dicloay2,J. Seelt,Defender,14,41,18,23,9,,25,,5,86,,,70,26,44,11,150,1,9,,,17,16,1,,,29,8,21,,5,,,120,,373,,2,27,4,4,28,84,,2,,8,1,1,,,,2,,14,320,90,236,312,4,9,,,680,3,,1,,72,5,6,61,379,2,326,13,6,53,514,,,1,17,24,42,11,29,,,,,0,,,,1,,1,,,1,,,,1,1,,1,,,,,,,,,,,,,,,,,,,1,,,,,,
Germany_Bundesliga,2025-2026,VfL Wolfsburg,32ko5zzk7805mp4q4n3iwiihg,K. Shiogai,Forward,7,9,8,1,8,,4,1,,20,,1,44,32,12,32,18,3,8,,1,4,4,,1,1,35,24,11,2,2,1,,7,2,45,,1,10,3,2,14,16,1,2,5,2,2,6,,,,2,1,1,31,21,10,30,3,4,,,283,9,,3,,4,7,2,30,45,7,31,7,10,14,96,,,3,1,2,7,7,12,1,1,1,0,0,,,,,1,,,,,1,,,,,,,,,,,,,,,,,,,,,,,,,,,,,,,
Germany_Bundesliga,2025-2026,VfL Wolfsburg,5asv6uc3a4xxsr9u30kdfc0ve,A. Skov Olsen,Forward,7,4,1,3,8,,46,1,,44,1,3,20,8,12,74,21,1,8,,1,7,5,2,1,,16,7,9,,1,7,1,56,,126,,,23,6,3,11,3,7,4,2,4,4,4,,1,1,3,3,7,110,64,47,103,1,1,,2,361,2,1,1,,8,1,4,29,126,6,110,2,12,16,176,5,4,1,2,2,13,8,14,,1,0,1,0,,1,,,,1,,1,,,,,,,,,,,,,,,,,,,,,,,,,,,,,,,,,
Germany_Bundesliga,2025-2026,VfL Wolfsburg,4sd2zs6d5cd4d9n3oo54lglat,M. Svanberg,Midfielder,32,24,14,10,21,1,39,4,3,40,,2,97,56,41,106,72,12,21,1,3,22,22,,3,3,73,42,31,,6,5,1,32,1,190,,2,21,14,7,28,52,6,6,7,7,7,14,,1,1,2,10,6,137,85,58,136,4,6,2,2,746,13,1,2,,20,17,19,96,195,13,142,10,26,53,359,7,6,7,3,8,43,17,45,1,3,0,3,1,,,1,,1,2,,,,3,,1,,,,,,,,,,1,,,,,,,,,,,,1,,1,,,,,
Germany_Bundesliga,2025-2026,VfL Wolfsburg,embtfnmq0kiiutg1n7g8y7qxg,T. Neininger,Defender,34,,,,,,,,,,,,,,,,,,,,,,,,,,,,,,,,,,,,,,,,,,,,,,,,,,,,,,,,,,,,,,,,,,,,,,,,,,,,,,,,,,,,,,,,,,,,,,,,,,,,,,,,,,,,,,,,,,,,,,,,,,,,,,,,,,,,
Germany_Bundesliga,2025-2026,VfL Wolfsburg,w0wt7gjkdddn63a4258j8frp,D. Vavro,Defender,3,29,8,21,11,,17,1,7,50,,1,50,19,31,19,93,4,11,,1,22,20,2,,1,21,11,10,1,4,2,,125,,292,,5,22,3,2,16,65,2,4,3,7,1,4,,1,1,1,,12,251,71,188,246,1,5,,,645,,,1,2,89,6,4,46,300,7,258,6,2,42,435,1,1,,14,25,31,12,17,,2,1,0,0,1,,,,,4,,,2,1,,1,2,,,,,,,,,1,,,,,,,,,,,,,,,,,,,
Germany_Bundesliga,2025-2026,VfL Wolfsburg,adi6l78sdvet408eho4fi4xk9,Vinicius Souza,Midfielder,5,59,22,37,18,,68,,9,82,,1,161,64,97,99,169,14,18,,,30,27,3,,,102,42,60,,20,4,,101,,457,,6,27,17,9,61,124,4,3,1,16,8,2,,2,2,3,10,17,372,200,179,360,14,25,,,1263,10,,,,60,26,18,109,462,4,377,39,8,85,701,,,5,20,28,51,34,57,1,3,,,0,,,,,,2,1,,1,,,,,,,,,,,,,,,,,,,,,,,,,,,,,,,,
Germany_Bundesliga,2025-2026,VfL Wolfsburg,aplc9mad75h1k90o3qla9c7l6,P. Wimmer,Midfielder,39,69,44,25,20,2,82,4,1,167,11,6,251,138,113,309,128,12,20,3,3,29,25,4,3,3,182,94,88,3,19,6,,64,1,384,7,4,92,45,25,56,116,9,6,6,16,13,4,2,2,,28,13,10,254,184,76,248,19,16,3,5,1268,57,3,1,,15,21,26,257,390,12,258,35,32,132,740,20,12,27,9,19,130,22,113,3,4,1,2,0,,,,,3,1,2,8,,2,,,,,,,,,,,,,,,,,,,,,,,,,,,,,,,
Germany_Bundesliga,2025-2026,VfL Wolfsburg,eswxx8pxqyuj7rnpvqawpej1l,J. Wind,Forward,23,48,28,20,11,,26,1,1,23,,4,72,36,36,91,59,,11,,1,13,13,,1,1,24,8,16,1,,5,1,24,2,140,,2,7,4,1,13,36,5,2,6,5,4,6,,,,2,3,3,87,62,30,89,,,1,,480,5,,3,,5,2,14,67,145,8,92,,22,53,208,,,1,1,3,46,7,50,4,1,0,1,0,,,2,,,,,,,1,,,,,,,,,,,,,,,,,,,,,,,,,,,,,,,
Germany_Bundesliga,2025-2026,VfL Wolfsburg,diyzb2gwf1zkvqyjc63085eui,A. Zehnter,Defender,25,26,18,8,17,,98,1,6,86,1,1,52,27,25,146,195,,17,,2,26,24,2,2,2,26,9,17,1,16,16,2,13,,501,,4,56,23,8,55,201,16,4,3,14,4,3,1,12,11,4,,34,394,165,247,366,4,9,1,89,1213,2,1,1,,40,1,,142,507,7,400,13,11,107,768,11,11,2,30,43,71,47,64,,,1,1,0,,,,,,6,11,,,1,,,,,,,,,,,,,,,,,,,,,,,,,1,,,,,,
Germany_Bundesliga,2025-2026,VfL Wolfsburg,681yya9cwo9evxbaxc9q9faxg,J. Zieliński,Goalkeeper,30,,,,,,,,,,,,,,,,,,,,,,,,,,,,,,,,,,,,,,,,,,,,,,,,,,,,,,,,,,,,,,,,,,,,,,,,,,,,,,,,,,,,,,,,,,,,,,,,,,,,,,,,,,,,,,,,,,,,,,,,,,,,,,,,,,,,
