temporada,liga,id,nombre,equipo,dorsal,posicion,Appearances,Starts,Substitute On,Substitute Off,Time Played,Total Passes,Total Successful Passes ( Excl Crosses & Corners ) ,Successful Open Play Passes,Successful Long Passes,Forward Passes,Touches,Successful Short Passes,Total Unsuccessful Passes ( Excl Crosses & Corners ),Unsuccessful Long Passes,Catches,Total Clearances,Interceptions,Saves Made,Backward Passes,Ground Duels won,Ground Duels,Duels won,Duels,Goals Conceded,Clean Sheets,Games Played,Recoveries,Unsuccessful Short Passes,Total Fouls Won,Aerial Duels,Aerial Duels won,Punches,Total Tackles,Tackles Lost,Final Third Touches,Aerial Duels lost,Unsuccessful Crosses & Corners,Unsuccessful Crosses open play,Total Touches In Opposition Box,Total Fouls Conceded,Yellow Cards,Tackles Won,Total Losses Of Possession,Blocks,Total Shots,Shots Off Target (inc woodwork),Unsuccessful Dribbles,Key Passes (Attempt Assists),Shots On Target ( inc goals ),Goals,Goals Openplay,Successful Crosses & Corners,Successful Crosses open play,Successful Dribbles,Blocked Shots,Headed Goals,Goal Assists,Corners Taken (incl short corners),Penalty Goals,Through balls,Straight Red Cards,Total Red Cards,Red Cards - 2nd Yellow
2020-2021,Bundesliga,3tb27261f8mpzpq3prpv8ng0l,P. Gulácsi,RB Leipzig,1,Goalkeeper,33,33,0,0,3116,1172.0,1023.0,1023.0,176.0,779.0,1270.0,847.0,148.0,144.0,15.0,7.0,2.0,51.0,21.0,0.0,1.0,3.0,4.0,30.0,15.0,33.0,73.0,4.0,1.0,3.0,3.0,7.0,1.0,1.0,,,,,,,,,,,,,,,,,,,,,,,,,,,,,
2020-2021,Bundesliga,cfg0ocm0b2icpagbtnzkrihn9,N. Mukiele,RB Leipzig,22,Defender,28,21,7,12,1737,1158.0,884.0,884.0,105.0,318.0,1582.0,790.0,224.0,56.0,,33.0,23.0,,429.0,43.0,67.0,97.0,152.0,,,,93.0,204.0,23.0,85.0,54.0,,44.0,14.0,419.0,31.0,36.0,36.0,149.0,40.0,5.0,30.0,13.0,32.0,17.0,10.0,10.0,10.0,7.0,3.0,3.0,11.0,11.0,13.0,5.0,1.0,1.0,,,,,,
2020-2021,Bundesliga,9uthj64y9f77y63tq7did539x,Angeliño,RB Leipzig,3,Midfielder,26,24,2,6,2252,1500.0,997.0,997.0,102.0,301.0,1910.0,955.0,301.0,137.0,,40.0,30.0,,589.0,35.0,66.0,47.0,100.0,,,,110.0,297.0,27.0,34.0,12.0,,31.0,12.0,684.0,22.0,133.0,105.0,289.0,22.0,2.0,19.0,13.0,21.0,21.0,8.0,19.0,41.0,13.0,4.0,3.0,60.0,41.0,16.0,15.0,2.0,5.0,47.0,1.0,1.0,,,
2020-2021,Bundesliga,7dbzcwyph2xoljyhaogjo7mcp,T. Adams,RB Leipzig,14,Midfielder,27,21,6,8,1937,1375.0,1169.0,1169.0,57.0,352.0,1826.0,1116.0,185.0,45.0,,30.0,29.0,,613.0,39.0,61.0,60.0,95.0,,,,169.0,155.0,29.0,34.0,21.0,,35.0,11.0,340.0,13.0,15.0,15.0,47.0,29.0,3.0,24.0,14.0,17.0,6.0,2.0,11.0,10.0,4.0,1.0,1.0,4.0,4.0,15.0,6.0,,1.0,,,,,,
2020-2021,Bundesliga,2zfjgh5747ge9r9q0thbk123t,I. Konaté,RB Leipzig,6,Forward,14,8,6,4,730,561.0,480.0,480.0,17.0,217.0,726.0,463.0,77.0,28.0,,24.0,8.0,,125.0,12.0,15.0,41.0,53.0,,,,50.0,49.0,15.0,38.0,29.0,,6.0,2.0,30.0,9.0,,,13.0,13.0,2.0,4.0,7.0,3.0,4.0,2.0,1.0,,2.0,1.0,1.0,,,8.0,3.0,,,,,,,,
2020-2021,Bundesliga,x4qyxhfr2vi007sazoqe5vit,D. Upamecano,RB Leipzig,5,Defender,29,27,2,4,2451,2216.0,1953.0,1953.0,158.0,1004.0,2830.0,1795.0,255.0,78.0,,74.0,33.0,,442.0,43.0,56.0,117.0,174.0,,,,233.0,181.0,9.0,118.0,74.0,,37.0,7.0,103.0,44.0,4.0,4.0,49.0,35.0,6.0,30.0,7.0,11.0,12.0,7.0,6.0,9.0,5.0,1.0,1.0,,,13.0,16.0,,1.0,,,,,,
2020-2021,Bundesliga,7o3fumeufgigw092b7i5n4f6x,A. Haidara,RB Leipzig,8,Midfielder,31,21,10,12,1985,1099.0,859.0,859.0,40.0,258.0,1649.0,829.0,205.0,31.0,,24.0,30.0,,456.0,48.0,84.0,82.0,157.0,,,,138.0,194.0,17.0,73.0,34.0,,50.0,22.0,502.0,39.0,20.0,20.0,118.0,23.0,4.0,28.0,22.0,32.0,32.0,19.0,14.0,31.0,13.0,3.0,3.0,10.0,9.0,20.0,12.0,1.0,1.0,1.0,,1.0,,,
2020-2021,Bundesliga,8cho2d1nz18i5o0zt6aysd68l,M. Sabitzer,RB Leipzig,7,Midfielder,27,24,3,8,2116,1344.0,1043.0,1043.0,70.0,388.0,1810.0,981.0,261.0,83.0,,27.0,35.0,,497.0,36.0,54.0,50.0,85.0,,,,147.0,197.0,36.0,31.0,14.0,,29.0,8.0,463.0,17.0,19.0,19.0,60.0,21.0,8.0,21.0,25.0,5.0,48.0,22.0,10.0,26.0,26.0,8.0,4.0,8.0,8.0,15.0,14.0,,4.0,,4.0,1.0,,,
2020-2021,Bundesliga,ckox9w95duwhmt72xxk7lt2vp,E. Forsberg,RB Leipzig,10,Forward,29,20,9,20,1574,616.0,450.0,450.0,24.0,112.0,899.0,444.0,117.0,26.0,,4.0,11.0,,270.0,25.0,45.0,33.0,75.0,,,,48.0,118.0,25.0,30.0,8.0,,11.0,5.0,427.0,22.0,27.0,12.0,128.0,15.0,,6.0,22.0,9.0,26.0,9.0,15.0,32.0,17.0,7.0,5.0,18.0,2.0,19.0,10.0,1.0,3.0,31.0,2.0,3.0,,,
2020-2021,Bundesliga,5qgc6zjc38a5xjl35gs7h3vu1,J. Kluivert,RB Leipzig,21,Forward,19,8,11,9,854,249.0,165.0,165.0,7.0,19.0,429.0,164.0,60.0,9.0,,3.0,5.0,,125.0,23.0,46.0,29.0,66.0,,,,28.0,69.0,14.0,20.0,6.0,,2.0,1.0,247.0,14.0,18.0,18.0,124.0,14.0,2.0,1.0,13.0,4.0,15.0,8.0,22.0,10.0,7.0,3.0,3.0,6.0,6.0,22.0,3.0,,,,,1.0,,,
2020-2021,Bundesliga,1j0a3ml1zglc9s31yentfckb9,C. Nkunku,RB Leipzig,18,Forward,28,19,9,9,1984,1001.0,704.0,704.0,36.0,179.0,1482.0,725.0,134.0,61.0,,14.0,9.0,,456.0,47.0,85.0,76.0,143.0,,,,85.0,172.0,50.0,58.0,29.0,,16.0,5.0,795.0,29.0,99.0,45.0,325.0,39.0,2.0,11.0,36.0,26.0,42.0,16.0,33.0,51.0,26.0,6.0,6.0,57.0,19.0,36.0,14.0,,6.0,92.0,,1.0,,,
2020-2021,Bundesliga,eapihgte8ydc4g6hzygsx2e39,W. Orbán,RB Leipzig,4,Defender,29,25,4,0,2497,2119.0,1841.0,1841.0,70.0,912.0,2694.0,1773.0,263.0,80.0,,74.0,40.0,,544.0,34.0,51.0,145.0,214.0,,,,143.0,191.0,15.0,163.0,111.0,,40.0,14.0,180.0,52.0,8.0,8.0,77.0,16.0,4.0,26.0,10.0,9.0,19.0,12.0,3.0,6.0,7.0,4.0,4.0,2.0,2.0,8.0,24.0,3.0,1.0,,,,,,
2020-2021,Bundesliga,8l0am8k4pg2s9g9qbkhwte6dx,Y. Poulsen,RB Leipzig,9,Forward,27,14,13,8,1450,446.0,316.0,316.0,9.0,62.0,817.0,307.0,120.0,5.0,,13.0,6.0,,202.0,32.0,50.0,71.0,121.0,,,,65.0,122.0,30.0,71.0,39.0,,10.0,4.0,332.0,32.0,7.0,7.0,114.0,22.0,1.0,6.0,28.0,16.0,35.0,21.0,14.0,14.0,14.0,5.0,5.0,,,26.0,10.0,1.0,4.0,,,1.0,,,
2020-2021,Bundesliga,6akzpi6rd6qq0ke07ojnhpoet,A. Sørloth,RB Leipzig,19,Forward,29,13,16,3,1559,466.0,328.0,328.0,5.0,59.0,867.0,325.0,117.0,7.0,,13.0,3.0,,215.0,29.0,47.0,109.0,171.0,,,,37.0,126.0,7.0,124.0,80.0,,7.0,2.0,464.0,44.0,16.0,16.0,212.0,27.0,2.0,5.0,32.0,11.0,37.0,19.0,16.0,24.0,18.0,5.0,5.0,2.0,2.0,24.0,12.0,2.0,2.0,,,1.0,,,
2020-2021,Bundesliga,bl76cebhta912vfi9z7ky32p6,L. Samardžić,RB Leipzig,20,Forward,7,2,5,2,216,62.0,45.0,45.0,2.0,11.0,123.0,43.0,17.0,2.0,,1.0,2.0,,21.0,11.0,18.0,12.0,20.0,,,,15.0,15.0,3.0,2.0,1.0,,10.0,3.0,35.0,1.0,,,6.0,6.0,,7.0,3.0,6.0,1.0,1.0,4.0,2.0,,,,,,4.0,,,1.0,,,1.0,,,
2020-2021,Bundesliga,4qkv71pjmzw66crfaktr6tihh,M. Halstenberg,RB Leipzig,23,Defender,24,19,5,5,1741,1649.0,1397.0,1397.0,77.0,542.0,2023.0,1335.0,210.0,47.0,,35.0,16.0,,684.0,31.0,48.0,74.0,108.0,,,,134.0,187.0,9.0,60.0,43.0,,29.0,11.0,306.0,17.0,24.0,20.0,64.0,17.0,2.0,18.0,9.0,12.0,11.0,6.0,6.0,21.0,5.0,2.0,1.0,15.0,13.0,13.0,6.0,,2.0,6.0,1.0,1.0,,,
2020-2021,Bundesliga,4gq1u1mqg0qzekh1u5djleeax,Dani Olmo,RB Leipzig,25,Midfielder,32,26,6,18,2266,1256.0,950.0,950.0,45.0,322.0,1839.0,913.0,272.0,39.0,,21.0,13.0,,468.0,45.0,98.0,70.0,148.0,,,,146.0,251.0,38.0,50.0,25.0,,23.0,9.0,782.0,25.0,18.0,15.0,166.0,20.0,1.0,14.0,37.0,15.0,52.0,29.0,44.0,38.0,23.0,5.0,4.0,8.0,5.0,31.0,25.0,,9.0,6.0,1.0,5.0,,,
2020-2021,Bundesliga,3yqxkw0tqpoucur51ieh9xdrd,Josep Martínez,RB Leipzig,33,Forward,1,1,0,0,93,50.0,38.0,38.0,5.0,28.0,57.0,33.0,12.0,11.0,,,,2.0,1.0,0.0,0.0,1.0,2.0,2.0,0.0,1.0,3.0,1.0,,2.0,1.0,2.0,,,,1.0,,,,,,,,,,,,,,,,,,,,,,,,,,,
2020-2021,Bundesliga,22qvx5edglyx1lcfdapgvvz3e,D. Borkowski,RB Leipzig,41,Forward,2,0,2,0,20,5.0,4.0,4.0,,,10.0,4.0,1.0,,,,,,4.0,0.0,1.0,0.0,1.0,,,,1.0,1.0,,,,,,,5.0,,,,2.0,1.0,,,,1.0,,,1.0,,,,,,,,,,,,,,,,
2020-2021,Bundesliga,axj39lx25teh62rih6uv9qor9,K. Kampl,RB Leipzig,44,Midfielder,27,24,3,16,1976,1401.0,1251.0,1251.0,47.0,395.0,1830.0,1205.0,140.0,32.0,,14.0,29.0,,582.0,43.0,60.0,57.0,90.0,,,,168.0,113.0,23.0,30.0,14.0,,38.0,12.0,303.0,16.0,5.0,3.0,22.0,45.0,6.0,26.0,15.0,18.0,10.0,9.0,5.0,15.0,1.0,,,1.0,1.0,17.0,6.0,,3.0,2.0,,2.0,,,
2020-2021,Bundesliga,64pzn3jdqo6y2izlpm8n3tvpx,M. Neuer,Bayern München,1,Goalkeeper,33,33,0,0,3130,1320.0,1134.0,1134.0,258.0,982.0,1431.0,876.0,183.0,168.0,5.0,12.0,2.0,86.0,11.0,0.0,0.0,2.0,2.0,42.0,9.0,33.0,83.0,15.0,2.0,2.0,2.0,5.0,,,,,,,,1.0,1.0,,1.0,,,,,1.0,,,,,,,,,,,,1.0,,,
2020-2021,Bundesliga,yq0cm7vwr0tkv7nvt9vo77bp,B. Pavard,Bayern München,5,Defender,24,22,2,3,2036,1676.0,1401.0,1401.0,91.0,524.0,2064.0,1323.0,202.0,69.0,,31.0,48.0,,654.0,30.0,51.0,66.0,109.0,,,,103.0,188.0,22.0,58.0,36.0,,44.0,17.0,509.0,22.0,55.0,55.0,154.0,18.0,3.0,27.0,3.0,24.0,9.0,6.0,4.0,8.0,3.0,,,13.0,13.0,3.0,7.0,,,,,,,,
2020-2021,Bundesliga,6w5wyari2p4bh2zzy2x2f6hg5,D. Alaba,Bayern München,27,Defender,32,30,2,3,2826,2290.0,1923.0,1923.0,115.0,882.0,2791.0,1814.0,319.0,114.0,,60.0,43.0,,632.0,37.0,57.0,56.0,94.0,,,,189.0,237.0,10.0,37.0,19.0,,37.0,16.0,359.0,18.0,32.0,31.0,71.0,19.0,4.0,21.0,12.0,16.0,15.0,9.0,4.0,26.0,6.0,2.0,2.0,6.0,5.0,16.0,19.0,,3.0,2.0,,,,,
2020-2021,Bundesliga,a3ygdlmnz2tfa1gwxnz3n0st1,Javi Martínez,Bayern München,8,Forward,19,4,15,2,544,390.0,347.0,347.0,25.0,161.0,523.0,322.0,40.0,8.0,,19.0,13.0,,94.0,6.0,11.0,25.0,41.0,,,,34.0,34.0,7.0,30.0,19.0,,10.0,5.0,52.0,11.0,2.0,2.0,11.0,2.0,,5.0,3.0,4.0,2.0,2.0,,,,,,,,1.0,4.0,,,,,,,,
2020-2021,Bundesliga,aftis8f2ahy7dhk5bp8co4q1h,J. Boateng,Bayern München,17,Defender,29,29,0,11,2468,2030.0,1773.0,1773.0,166.0,906.0,2433.0,1609.0,233.0,116.0,,63.0,40.0,,441.0,21.0,32.0,63.0,93.0,,,,157.0,133.0,10.0,61.0,42.0,,26.0,10.0,86.0,19.0,16.0,16.0,23.0,23.0,6.0,16.0,1.0,7.0,8.0,5.0,1.0,5.0,3.0,1.0,1.0,2.0,2.0,5.0,18.0,1.0,1.0,,,1.0,,,
2020-2021,Bundesliga,4vy3j1o829f561jf4fqum7ob9,N. Süle,Bayern München,4,Defender,20,16,4,1,1592,1331.0,1197.0,1197.0,58.0,553.0,1656.0,1145.0,124.0,38.0,,36.0,21.0,,408.0,32.0,48.0,57.0,91.0,,,,109.0,89.0,4.0,43.0,25.0,,32.0,11.0,199.0,18.0,3.0,3.0,62.0,9.0,1.0,21.0,4.0,12.0,16.0,12.0,5.0,6.0,4.0,1.0,1.0,6.0,5.0,11.0,16.0,,,1.0,,,,,
2020-2021,Bundesliga,4603xrdk721lqhd1ejn62x5n9,L. Sané,Bayern München,10,Midfielder,32,18,14,16,1875,814.0,573.0,573.0,32.0,136.0,1369.0,562.0,160.0,39.0,,8.0,9.0,,359.0,71.0,132.0,79.0,155.0,,,,121.0,180.0,21.0,23.0,8.0,,18.0,8.0,738.0,15.0,59.0,38.0,268.0,14.0,2.0,10.0,48.0,22.0,44.0,24.0,53.0,29.0,20.0,6.0,6.0,21.0,9.0,61.0,14.0,,9.0,33.0,,1.0,,,
2020-2021,Bundesliga,4w4ldzomkj7fhrc51iimz8no5,L. Goretzka,Bayern München,18,Midfielder,24,18,6,7,1788,1060.0,917.0,917.0,73.0,340.0,1536.0,847.0,129.0,26.0,,11.0,44.0,,382.0,35.0,57.0,67.0,106.0,,,,165.0,111.0,17.0,49.0,32.0,,37.0,14.0,375.0,17.0,8.0,8.0,74.0,26.0,2.0,23.0,7.0,28.0,26.0,13.0,8.0,15.0,13.0,5.0,5.0,3.0,3.0,12.0,18.0,1.0,5.0,,,,,,
2020-2021,Bundesliga,afxjicw89683nlpms9yy5x51x,R. Lewandowski,Bayern München,9,Forward,29,28,1,6,2579,694.0,510.0,510.0,16.0,126.0,1228.0,500.0,151.0,11.0,,11.0,3.0,,298.0,31.0,61.0,75.0,159.0,,,,65.0,163.0,29.0,98.0,44.0,,15.0,6.0,751.0,54.0,23.0,23.0,319.0,41.0,4.0,9.0,44.0,8.0,113.0,48.0,24.0,31.0,65.0,41.0,33.0,6.0,6.0,22.0,25.0,5.0,8.0,,8.0,2.0,,,
2020-2021,Bundesliga,4fq74wp7xzwm214veuxqpdz9x,T. Müller,Bayern München,25,Midfielder,32,31,1,11,2787,1539.0,1083.0,1083.0,54.0,303.0,2174.0,1059.0,352.0,43.0,,18.0,21.0,,627.0,49.0,88.0,100.0,211.0,,,,109.0,376.0,22.0,123.0,51.0,,49.0,27.0,1118.0,72.0,67.0,64.0,424.0,22.0,,22.0,41.0,40.0,34.0,16.0,12.0,85.0,18.0,11.0,10.0,30.0,25.0,27.0,20.0,3.0,18.0,8.0,1.0,4.0,,,
2020-2021,Bundesliga,1u1u438ql6xrordkb65wsxo7p,K. Coman,Bayern München,29,Midfielder,29,23,6,20,1804,844.0,635.0,635.0,38.0,130.0,1293.0,624.0,115.0,26.0,,3.0,4.0,,450.0,64.0,119.0,76.0,151.0,,,,82.0,155.0,34.0,32.0,12.0,,14.0,6.0,774.0,20.0,66.0,66.0,300.0,12.0,1.0,8.0,38.0,22.0,38.0,19.0,49.0,38.0,19.0,5.0,5.0,27.0,27.0,56.0,14.0,1.0,10.0,,,3.0,,,
2020-2021,Bundesliga,4ysxvym6ww4f9d3hflkqsbf11,S. Gnabry,Bayern München,7,Midfielder,27,20,7,16,1711,861.0,654.0,654.0,27.0,162.0,1299.0,644.0,129.0,23.0,,3.0,26.0,,424.0,43.0,97.0,51.0,123.0,,,,91.0,160.0,22.0,26.0,8.0,,39.0,20.0,680.0,18.0,54.0,39.0,250.0,21.0,4.0,19.0,23.0,17.0,47.0,20.0,34.0,28.0,27.0,10.0,10.0,17.0,9.0,24.0,12.0,2.0,3.0,23.0,,1.0,,,
2020-2021,Bundesliga,eyg1es7a38gntkcel3cylu2fp,Douglas Costa,Bayern München,11,Forward,11,3,8,3,351,185.0,114.0,114.0,11.0,40.0,266.0,116.0,34.0,9.0,,1.0,2.0,,70.0,10.0,17.0,11.0,23.0,,,,19.0,47.0,2.0,6.0,1.0,,2.0,1.0,134.0,5.0,22.0,14.0,65.0,7.0,,1.0,7.0,7.0,3.0,1.0,6.0,4.0,2.0,1.0,1.0,13.0,1.0,9.0,1.0,,1.0,20.0,,,,,
2020-2021,Bundesliga,e5mjphb52suw89189nyca72z9,E. Choupo-Moting,Bayern München,13,Forward,22,8,14,4,895,222.0,174.0,174.0,3.0,27.0,403.0,171.0,45.0,,,7.0,2.0,,114.0,17.0,28.0,31.0,58.0,,,,29.0,47.0,9.0,30.0,14.0,,8.0,6.0,219.0,16.0,2.0,2.0,82.0,5.0,2.0,2.0,17.0,6.0,19.0,6.0,5.0,11.0,13.0,3.0,3.0,,,15.0,1.0,1.0,,,,1.0,,,
2020-2021,Bundesliga,csnsu3jg12e3ridlmteuyrbp,B. Sarr,Bayern München,20,Forward,8,5,3,1,485,382.0,329.0,329.0,18.0,111.0,504.0,312.0,40.0,6.0,,7.0,10.0,,176.0,20.0,29.0,28.0,42.0,,,,28.0,45.0,7.0,13.0,8.0,,9.0,1.0,121.0,5.0,11.0,11.0,36.0,11.0,1.0,8.0,4.0,7.0,3.0,3.0,8.0,3.0,,,,1.0,1.0,12.0,,,1.0,,,,,,
2020-2021,Bundesliga,4r6jcuotjs6rz8iwu20996z85,Marc Roca,Bayern München,22,Forward,6,2,4,2,190,125.0,109.0,109.0,6.0,54.0,160.0,104.0,14.0,1.0,,1.0,2.0,,35.0,4.0,5.0,5.0,9.0,,,,9.0,14.0,2.0,4.0,1.0,,2.0,,41.0,3.0,1.0,1.0,10.0,6.0,1.0,2.0,2.0,3.0,1.0,1.0,1.0,1.0,,,,1.0,,2.0,3.0,,,1.0,,,,,
2020-2021,Bundesliga,2lwjtphx3bkjty9sds520l1ey,T. Nianzou,Bayern München,23,Forward,6,0,6,0,156,91.0,78.0,78.0,4.0,45.0,116.0,74.0,13.0,4.0,,1.0,3.0,,22.0,3.0,5.0,10.0,12.0,,,,7.0,9.0,4.0,7.0,7.0,,3.0,2.0,5.0,,,,,4.0,1.0,1.0,,,,,,,,,,,,2.0,,,,,,,1.0,1.0,
2020-2021,Bundesliga,d3xdl3p9vd1c0m316oq2pblxx,A. Nübel,Bayern München,35,Forward,1,1,0,0,94,36.0,34.0,34.0,1.0,26.0,39.0,33.0,2.0,2.0,1.0,1.0,,2.0,,0.0,0.0,1.0,1.0,2.0,0.0,1.0,1.0,,,1.0,1.0,,,,,,,,,,,,,,,,,,,,,,,,,,,,,,,,
2020-2021,Bundesliga,5nsag404623qznyyizl8yuwkq,C. Richards,Bayern München,41,Defender,14,12,2,4,1076,777.0,665.0,665.0,42.0,265.0,1022.0,626.0,108.0,45.0,,41.0,22.0,,279.0,10.0,22.0,32.0,70.0,,,,70.0,63.0,5.0,48.0,22.0,,19.0,11.0,44.0,26.0,,,19.0,6.0,1.0,8.0,3.0,9.0,2.0,2.0,1.0,7.0,,,,3.0,3.0,2.0,4.0,,2.0,,,,,,
2020-2021,Bundesliga,bhsdzppop8jwjsxwftizot1t6,J. Musiala,Bayern München,42,Forward,26,7,19,7,966,423.0,349.0,349.0,12.0,89.0,750.0,339.0,67.0,7.0,,3.0,14.0,,197.0,56.0,92.0,63.0,110.0,,,,64.0,64.0,21.0,18.0,7.0,,20.0,8.0,360.0,11.0,4.0,4.0,118.0,12.0,,12.0,28.0,15.0,21.0,11.0,28.0,7.0,10.0,6.0,6.0,2.0,1.0,44.0,7.0,1.0,3.0,1.0,,,,,
2020-2021,Bundesliga,ci1nu5z8aiiikco8af0zk1lud,R. Zentner,Mainz 05,27,Goalkeeper,31,31,0,0,2954,1078.0,722.0,722.0,185.0,580.0,1161.0,537.0,352.0,340.0,32.0,9.0,3.0,99.0,10.0,2.0,2.0,10.0,11.0,46.0,5.0,31.0,40.0,12.0,5.0,9.0,8.0,13.0,1.0,,5.0,1.0,,,1.0,,2.0,1.0,,,1.0,1.0,,,,,,,,1.0,1.0,,,,,,,,
2020-2021,Bundesliga,d3tfdqfnab7bqxfdh3399y06i,J. Burkardt,Mainz 05,29,Forward,29,16,13,15,1440,401.0,279.0,279.0,18.0,64.0,807.0,262.0,107.0,9.0,,15.0,8.0,,169.0,32.0,75.0,52.0,135.0,,,,83.0,109.0,43.0,60.0,20.0,,27.0,14.0,314.0,40.0,11.0,11.0,121.0,26.0,,13.0,28.0,17.0,20.0,10.0,29.0,12.0,10.0,2.0,2.0,1.0,1.0,19.0,12.0,,1.0,,,2.0,,,
2020-2021,Bundesliga,eh9sh9aa10zrp80l6e4l0c7h1,Aarón Martín,Mainz 05,3,Forward,5,3,2,1,278,173.0,115.0,115.0,17.0,40.0,210.0,103.0,36.0,16.0,,2.0,2.0,,70.0,5.0,9.0,6.0,11.0,,,,10.0,37.0,,2.0,1.0,,3.0,1.0,60.0,1.0,17.0,16.0,24.0,4.0,,2.0,2.0,1.0,1.0,1.0,3.0,2.0,,,,5.0,3.0,3.0,,,,3.0,,,,,
2020-2021,Bundesliga,9rf5uk6c2wce30b9wkmu3iuad,M. Niakhaté,Mainz 05,19,Defender,32,32,0,0,3048,1567.0,1126.0,1126.0,150.0,614.0,2175.0,985.0,406.0,208.0,,79.0,49.0,,348.0,34.0,67.0,101.0,180.0,,,,186.0,221.0,10.0,113.0,67.0,,42.0,20.0,231.0,46.0,23.0,23.0,65.0,49.0,9.0,22.0,7.0,16.0,9.0,3.0,13.0,10.0,6.0,3.0,2.0,9.0,9.0,12.0,16.0,,2.0,,1.0,1.0,,1.0,1.0
2020-2021,Bundesliga,ernbjicg113inzsubzrfm8fyt,A. Hack,Mainz 05,42,Forward,21,14,7,1,1464,701.0,536.0,536.0,60.0,328.0,1099.0,476.0,158.0,57.0,,91.0,41.0,,99.0,28.0,40.0,74.0,116.0,,,,106.0,105.0,13.0,76.0,46.0,,32.0,11.0,32.0,30.0,4.0,4.0,21.0,14.0,2.0,21.0,1.0,9.0,6.0,4.0,1.0,5.0,2.0,1.0,1.0,,,7.0,18.0,1.0,,,,,,,
2020-2021,Bundesliga,6hnzgiw8h1itz9l2j3sb6oeeh,J. St. Juste,Mainz 05,4,Defender,32,32,0,0,3041,1377.0,1063.0,1063.0,114.0,508.0,2052.0,954.0,295.0,135.0,,82.0,64.0,,384.0,62.0,100.0,129.0,228.0,,,,179.0,171.0,24.0,128.0,67.0,,65.0,27.0,159.0,61.0,11.0,11.0,56.0,41.0,4.0,38.0,6.0,19.0,16.0,10.0,11.0,4.0,6.0,,,5.0,5.0,24.0,34.0,,2.0,,,,,,
2020-2021,Bundesliga,l469vtpe0jbgg5sq1v2e67e1,L. Barreiro,Mainz 05,35,Midfielder,29,27,2,14,2378,702.0,446.0,446.0,25.0,195.0,1266.0,424.0,244.0,58.0,,55.0,57.0,,164.0,37.0,72.0,83.0,165.0,,,,121.0,192.0,47.0,93.0,46.0,,58.0,26.0,306.0,47.0,6.0,6.0,83.0,64.0,5.0,32.0,11.0,25.0,26.0,16.0,9.0,15.0,10.0,2.0,2.0,3.0,3.0,5.0,16.0,,2.0,,,3.0,,,
2020-2021,Bundesliga,6uurhe88nry4hyelll8ifzd91,E. Fernandes,Mainz 05,20,Midfielder,14,9,5,5,879,362.0,256.0,256.0,27.0,97.0,557.0,239.0,78.0,39.0,,25.0,29.0,,121.0,7.0,13.0,13.0,24.0,,,,62.0,55.0,5.0,11.0,6.0,,8.0,4.0,106.0,5.0,16.0,9.0,30.0,7.0,1.0,4.0,14.0,8.0,10.0,6.0,2.0,9.0,4.0,,,10.0,4.0,3.0,6.0,,1.0,13.0,,,,,
2020-2021,Bundesliga,djgqihf08sxqh0zt2xe2xzv1l,J. Mateta,Mainz 05,9,Forward,15,12,3,8,1031,238.0,168.0,168.0,2.0,21.0,481.0,166.0,65.0,1.0,,6.0,4.0,,125.0,15.0,34.0,41.0,92.0,,,,25.0,68.0,8.0,58.0,26.0,,6.0,3.0,208.0,32.0,4.0,4.0,80.0,8.0,2.0,3.0,22.0,2.0,27.0,13.0,16.0,9.0,14.0,7.0,6.0,,,12.0,3.0,,1.0,,1.0,,,,
2020-2021,Bundesliga,b2oa5dzw40auj5cgxfrp4b4r9,J. Boëtius,Mainz 05,5,Midfielder,31,23,8,15,2141,815.0,550.0,550.0,40.0,211.0,1311.0,519.0,222.0,42.0,,14.0,33.0,,241.0,54.0,86.0,70.0,136.0,,,,125.0,208.0,38.0,50.0,16.0,,42.0,14.0,401.0,34.0,28.0,28.0,97.0,28.0,5.0,28.0,27.0,34.0,20.0,10.0,18.0,30.0,10.0,2.0,2.0,9.0,8.0,26.0,12.0,,4.0,1.0,,7.0,,,
2020-2021,Bundesliga,bia0lpc5wkxjcyc92d12apas5,R. Quaison,Mainz 05,7,Forward,28,18,10,15,1542,324.0,211.0,211.0,10.0,67.0,662.0,201.0,102.0,15.0,,10.0,13.0,,111.0,24.0,58.0,45.0,128.0,,,,67.0,95.0,12.0,70.0,21.0,,14.0,8.0,256.0,49.0,8.0,8.0,65.0,21.0,1.0,6.0,18.0,10.0,28.0,11.0,26.0,9.0,17.0,6.0,5.0,,,18.0,7.0,2.0,2.0,,1.0,2.0,,,
2020-2021,Bundesliga,8n0dskalmx94ofiq6jewa22tx,D. Latza,Mainz 05,6,Midfielder,29,21,8,14,1875,747.0,503.0,503.0,40.0,188.0,1231.0,478.0,195.0,48.0,,23.0,27.0,,250.0,43.0,69.0,71.0,133.0,,,,150.0,176.0,29.0,64.0,28.0,,43.0,17.0,319.0,36.0,29.0,17.0,85.0,32.0,8.0,26.0,18.0,36.0,16.0,6.0,9.0,16.0,10.0,,,15.0,6.0,17.0,9.0,,2.0,21.0,,1.0,,,
2020-2021,Bundesliga,egan2swxrp5cruyidfwa9bcgl,Ji Dong-Won,Mainz 05,11,Forward,6,0,6,0,96,29.0,15.0,15.0,1.0,4.0,46.0,14.0,14.0,,,,2.0,,7.0,2.0,2.0,6.0,10.0,,,,4.0,14.0,1.0,8.0,4.0,,1.0,,9.0,4.0,,,4.0,3.0,1.0,1.0,,1.0,,,,1.0,,,,,,1.0,,,,,,,,,
2020-2021,Bundesliga,4f7gwrfeqm4x3k29jehes6od1,P. Kunde,Mainz 05,14,Forward,11,6,5,5,550,282.0,208.0,208.0,19.0,83.0,402.0,193.0,57.0,22.0,,9.0,10.0,,94.0,9.0,18.0,11.0,23.0,,,,38.0,47.0,9.0,5.0,2.0,,8.0,4.0,69.0,3.0,12.0,7.0,15.0,10.0,1.0,4.0,6.0,6.0,2.0,2.0,5.0,2.0,,,,4.0,3.0,5.0,5.0,,,6.0,,1.0,,,
2020-2021,Bundesliga,4w8nqkhp6v62vs319a7qckfs9,L. Kilian,Mainz 05,15,Forward,6,4,2,0,407,212.0,185.0,185.0,14.0,68.0,300.0,171.0,27.0,13.0,,12.0,13.0,,72.0,7.0,14.0,22.0,35.0,,,,17.0,14.0,3.0,21.0,15.0,,14.0,7.0,6.0,6.0,,,3.0,4.0,1.0,7.0,,2.0,1.0,1.0,,1.0,,,,,,,1.0,,,,,,,,
2020-2021,Bundesliga,f2o5hj0e2k3kw0fj1xzom0cet,K. Stöger,Mainz 05,17,Forward,19,4,15,3,623,397.0,259.0,259.0,27.0,104.0,522.0,247.0,89.0,20.0,,4.0,6.0,,120.0,11.0,17.0,13.0,24.0,,,,50.0,100.0,17.0,7.0,2.0,,12.0,6.0,163.0,5.0,31.0,18.0,61.0,13.0,3.0,6.0,5.0,5.0,7.0,3.0,,8.0,4.0,3.0,3.0,15.0,9.0,5.0,2.0,,,19.0,,1.0,,,
2020-2021,Bundesliga,5ng5d6thlztqpw7w9lbb09ped,D. Brosinski,Mainz 05,18,Forward,21,16,5,6,1501,859.0,501.0,501.0,71.0,236.0,1131.0,460.0,233.0,124.0,,33.0,14.0,,212.0,21.0,40.0,30.0,71.0,,,,83.0,201.0,3.0,31.0,9.0,,19.0,5.0,300.0,22.0,92.0,56.0,140.0,7.0,,14.0,8.0,17.0,9.0,6.0,14.0,17.0,3.0,2.0,,30.0,14.0,7.0,2.0,,1.0,52.0,2.0,1.0,,,
2020-2021,Bundesliga,dzolxp2oixtakcrqfyibpu76d,K. Onisiwo,Mainz 05,21,Forward,31,19,12,12,1934,406.0,242.0,242.0,4.0,56.0,1026.0,242.0,131.0,15.0,,12.0,5.0,,163.0,57.0,128.0,117.0,262.0,,,,74.0,143.0,34.0,134.0,60.0,,31.0,11.0,565.0,74.0,27.0,27.0,236.0,38.0,2.0,20.0,44.0,19.0,44.0,24.0,60.0,11.0,20.0,4.0,4.0,4.0,4.0,37.0,11.0,,,,,,,,
2020-2021,Bundesliga,dnv2j39cit2t0t650s3cysj8q,M. Papela,Mainz 05,24,Forward,1,0,1,0,5,1.0,1.0,1.0,,1.0,1.0,1.0,,,,,,,,0.0,0.0,0.0,0.0,,,,,,,,,,,,,,,,,,,,,,,,,,,,,,,,,,,,,,,,
2020-2021,Bundesliga,d2gbcc336c4zatpiif4cvm2fp,F. Dahmen,Mainz 05,37,Forward,3,3,0,0,277,86.0,68.0,68.0,9.0,42.0,95.0,59.0,18.0,18.0,3.0,1.0,,11.0,2.0,0.0,0.0,1.0,1.0,10.0,0.0,3.0,4.0,,2.0,1.0,1.0,2.0,,,,,,,,,,,,,,,,,,,,,,,,,,,,,,,
2020-2021,Bundesliga,5d6d4oc2rpau0mbbbt2dmtzv9,S. Ortega,Arminia Bielefeld,1,Goalkeeper,34,34,0,0,3219,1957.0,1405.0,1405.0,523.0,1171.0,2063.0,882.0,543.0,534.0,17.0,12.0,,121.0,33.0,2.0,3.0,9.0,10.0,52.0,11.0,34.0,61.0,9.0,2.0,7.0,7.0,8.0,2.0,1.0,,,,,,,1.0,1.0,,,,,,4.0,,,,,,1.0,,,1.0,,,1.0,,,
2020-2021,Bundesliga,f3xm12deg7xf3g2n3yk11npat,C. Brunner,Arminia Bielefeld,27,Defender,31,30,1,7,2765,1455.0,1003.0,1003.0,153.0,398.0,2054.0,869.0,380.0,221.0,,96.0,42.0,,523.0,45.0,73.0,91.0,151.0,,,,196.0,206.0,30.0,78.0,46.0,,42.0,20.0,289.0,32.0,47.0,46.0,96.0,33.0,6.0,22.0,12.0,20.0,5.0,4.0,8.0,6.0,1.0,,,19.0,19.0,23.0,11.0,,1.0,1.0,,,,,
2020-2021,Bundesliga,cfysw0lrk92ogv72c0jh3p6mt,Anderson Lucoqui,Arminia Bielefeld,23,Defender,21,18,3,6,1671,724.0,468.0,468.0,65.0,194.0,1143.0,407.0,239.0,98.0,,53.0,27.0,,223.0,37.0,66.0,62.0,115.0,,,,104.0,153.0,39.0,49.0,25.0,,40.0,15.0,178.0,24.0,12.0,12.0,45.0,27.0,5.0,25.0,17.0,23.0,6.0,5.0,14.0,6.0,1.0,,,4.0,4.0,12.0,9.0,,1.0,,,,,,
2020-2021,Bundesliga,4t2xl71pspvh82ffxy5vobf11,M. Prietl,Arminia Bielefeld,19,Midfielder,28,28,0,1,2646,978.0,776.0,776.0,44.0,263.0,1516.0,733.0,196.0,43.0,,24.0,45.0,,356.0,64.0,95.0,97.0,159.0,,,,162.0,158.0,9.0,64.0,33.0,,65.0,21.0,138.0,31.0,5.0,5.0,25.0,38.0,3.0,44.0,10.0,27.0,11.0,6.0,10.0,8.0,5.0,1.0,1.0,1.0,1.0,20.0,14.0,,1.0,,,2.0,,,
2020-2021,Bundesliga,aafz6q5ggn9e6m5hprc71lgph,M. van der Hoorn,Arminia Bielefeld,6,Forward,22,15,7,2,1455,839.0,724.0,724.0,65.0,322.0,1140.0,659.0,112.0,65.0,,73.0,27.0,,291.0,5.0,9.0,53.0,85.0,,,,82.0,47.0,8.0,76.0,48.0,,8.0,4.0,31.0,28.0,,,25.0,11.0,3.0,4.0,3.0,4.0,5.0,3.0,,2.0,2.0,,,,,1.0,8.0,,,,,,,,
2020-2021,Bundesliga,4htc75tksrue5jgmr14dt9l91,J. Nilsson,Arminia Bielefeld,4,Defender,25,24,1,1,2269,1087.0,893.0,893.0,69.0,390.0,1537.0,825.0,188.0,89.0,,111.0,39.0,,369.0,27.0,40.0,100.0,153.0,,,,102.0,100.0,14.0,113.0,73.0,,36.0,12.0,45.0,40.0,1.0,1.0,29.0,12.0,1.0,24.0,1.0,7.0,6.0,3.0,1.0,1.0,3.0,,,1.0,1.0,3.0,23.0,,,,,,,,
2020-2021,Bundesliga,7o11dzx2cccrslutrjl16ik89,R. Doan,Arminia Bielefeld,8,Midfielder,34,33,1,19,2845,838.0,479.0,479.0,46.0,178.0,1620.0,472.0,210.0,86.0,,11.0,31.0,,263.0,93.0,195.0,111.0,260.0,,,,140.0,231.0,64.0,65.0,18.0,,53.0,22.0,700.0,47.0,107.0,73.0,254.0,30.0,1.0,31.0,51.0,41.0,40.0,19.0,80.0,27.0,21.0,5.0,5.0,39.0,16.0,62.0,30.0,,2.0,57.0,,4.0,,,
2020-2021,Bundesliga,4v3o4yemj0frzgkxez1zg51w5,M. Hartel,Arminia Bielefeld,30,Midfielder,22,20,2,14,1733,782.0,552.0,552.0,35.0,183.0,1136.0,537.0,163.0,62.0,,16.0,26.0,,310.0,36.0,62.0,47.0,92.0,,,,117.0,145.0,15.0,30.0,11.0,,35.0,16.0,292.0,19.0,44.0,28.0,70.0,5.0,1.0,19.0,16.0,13.0,17.0,11.0,10.0,11.0,6.0,,,20.0,12.0,17.0,8.0,,,24.0,,,,,
2020-2021,Bundesliga,72nytjrxqj63mvd9w9228o639,F. Klos,Arminia Bielefeld,9,Forward,34,32,2,18,2787,831.0,436.0,436.0,22.0,133.0,1617.0,419.0,359.0,27.0,,29.0,4.0,,222.0,21.0,61.0,239.0,450.0,,,,69.0,357.0,56.0,389.0,218.0,,24.0,11.0,741.0,171.0,25.0,25.0,277.0,48.0,4.0,13.0,29.0,14.0,36.0,15.0,29.0,22.0,21.0,5.0,4.0,5.0,3.0,8.0,24.0,1.0,2.0,2.0,1.0,3.0,,,
2020-2021,Bundesliga,3s8fjv8lzcapfmcggydr2fhlh,S. Schipplock,Arminia Bielefeld,36,Forward,32,5,27,5,872,182.0,95.0,95.0,3.0,30.0,393.0,93.0,76.0,7.0,,8.0,6.0,,52.0,19.0,35.0,38.0,81.0,,,,41.0,78.0,29.0,46.0,19.0,,15.0,7.0,159.0,27.0,9.0,9.0,45.0,38.0,4.0,8.0,5.0,11.0,10.0,5.0,9.0,7.0,5.0,1.0,1.0,1.0,1.0,11.0,7.0,,1.0,,,,,,
2020-2021,Bundesliga,7eufzhwnh6lknd9soffv5h51x,R. Yabo,Arminia Bielefeld,10,Midfielder,13,8,5,8,667,166.0,120.0,120.0,9.0,36.0,247.0,111.0,39.0,6.0,,1.0,4.0,,71.0,4.0,13.0,7.0,22.0,,,,19.0,40.0,6.0,9.0,3.0,,5.0,3.0,81.0,6.0,7.0,7.0,21.0,6.0,1.0,2.0,6.0,5.0,6.0,5.0,6.0,1.0,1.0,1.0,1.0,,,2.0,3.0,,,,,,,,
2020-2021,Bundesliga,1234whn3ltpy7x664xztflp05,C. Gebauer,Arminia Bielefeld,7,Forward,23,5,18,4,772,179.0,114.0,114.0,12.0,35.0,321.0,102.0,55.0,17.0,,14.0,6.0,,53.0,6.0,15.0,14.0,38.0,,,,40.0,47.0,9.0,23.0,8.0,,9.0,5.0,109.0,15.0,9.0,9.0,38.0,7.0,,4.0,10.0,3.0,8.0,4.0,4.0,9.0,4.0,1.0,1.0,,,2.0,3.0,,1.0,,,,,,
2020-2021,Bundesliga,894a0e4iha1qhbjejpfx7pihh,N. De Medina,Arminia Bielefeld,15,Forward,16,7,9,4,713,320.0,196.0,196.0,21.0,85.0,498.0,178.0,115.0,55.0,,22.0,11.0,,89.0,15.0,29.0,19.0,49.0,,,,47.0,65.0,4.0,20.0,4.0,,16.0,6.0,77.0,16.0,5.0,5.0,30.0,10.0,5.0,10.0,9.0,10.0,,,8.0,2.0,,,,3.0,3.0,5.0,2.0,,1.0,,,,1.0,1.0,
2020-2021,Bundesliga,o5vd32oa837a8vttimjoaw2d,F. Kunze,Arminia Bielefeld,16,Forward,26,12,14,3,1373,579.0,437.0,437.0,18.0,153.0,888.0,419.0,138.0,26.0,,22.0,18.0,,213.0,33.0,56.0,72.0,114.0,,,,81.0,114.0,25.0,58.0,39.0,,38.0,12.0,130.0,19.0,2.0,2.0,25.0,36.0,6.0,26.0,8.0,16.0,4.0,3.0,11.0,5.0,1.0,,,,,7.0,6.0,,,,,,,,
2020-2021,Bundesliga,8asvg8sto06l27xjgbzyzqx1x,C. Soukou,Arminia Bielefeld,17,Forward,14,5,9,4,508,114.0,95.0,95.0,5.0,22.0,245.0,92.0,15.0,3.0,,4.0,3.0,,67.0,15.0,31.0,21.0,44.0,,,,28.0,13.0,6.0,13.0,6.0,,12.0,4.0,77.0,7.0,1.0,1.0,20.0,8.0,2.0,8.0,15.0,3.0,5.0,4.0,12.0,3.0,1.0,1.0,1.0,2.0,2.0,7.0,4.0,,,,,,,,
2020-2021,Bundesliga,7j0fg53og80v3mjuderenmuvp,S. Córdova,Arminia Bielefeld,18,Forward,23,13,10,12,1133,251.0,159.0,159.0,8.0,50.0,602.0,153.0,80.0,9.0,,9.0,9.0,,83.0,20.0,56.0,54.0,149.0,,,,51.0,79.0,22.0,93.0,34.0,,16.0,8.0,259.0,59.0,8.0,8.0,74.0,15.0,,8.0,22.0,11.0,18.0,14.0,28.0,9.0,4.0,2.0,2.0,2.0,2.0,12.0,5.0,1.0,1.0,,,2.0,,,
2020-2021,Bundesliga,8sf4e56h28v5lx03aw396o445,N. Seufert,Arminia Bielefeld,20,Forward,13,2,11,2,387,178.0,145.0,145.0,3.0,39.0,250.0,143.0,27.0,5.0,,6.0,5.0,,77.0,13.0,17.0,17.0,23.0,,,,19.0,27.0,7.0,6.0,4.0,,12.0,3.0,68.0,2.0,5.0,4.0,15.0,8.0,1.0,9.0,5.0,2.0,1.0,1.0,1.0,5.0,,,,1.0,,4.0,1.0,,1.0,2.0,,,,,
2020-2021,Bundesliga,jd6r9r6qks5t795uvt8x3g0l,A. Voglsammer,Arminia Bielefeld,21,Forward,18,11,7,9,1046,269.0,144.0,144.0,7.0,48.0,544.0,143.0,106.0,13.0,,11.0,3.0,,77.0,11.0,22.0,54.0,106.0,,,,45.0,105.0,14.0,84.0,43.0,,12.0,4.0,259.0,41.0,12.0,12.0,115.0,14.0,1.0,8.0,18.0,11.0,27.0,15.0,7.0,9.0,12.0,2.0,1.0,6.0,6.0,3.0,5.0,,2.0,,1.0,,,,
2020-2021,Bundesliga,3er9krmf0k6dhv6f9ltztfend,A. Maier,Arminia Bielefeld,31,Midfielder,18,13,5,9,1101,461.0,329.0,329.0,32.0,95.0,668.0,306.0,100.0,29.0,,11.0,8.0,,191.0,18.0,27.0,24.0,40.0,,,,74.0,93.0,5.0,13.0,6.0,,14.0,4.0,169.0,7.0,22.0,13.0,59.0,2.0,,10.0,9.0,7.0,6.0,4.0,5.0,13.0,2.0,,,9.0,2.0,8.0,8.0,,2.0,16.0,,1.0,,,
2020-2021,Bundesliga,9hf3cqj9cd6m2x4sb05e0n1t5,,Arminia Bielefeld,34,Forward,0,0,0,0,0,,,,,,,,,,,,,,,0.0,0.0,0.0,0.0,,,,,,,,,,,,,,,,,,,,,,,,,,,,,,,,,,,,,,,,
2020-2021,Bundesliga,expxslws50h0iw0logr02gs7p,J. Pavlenka,Werder Bremen,1,Goalkeeper,34,34,0,0,3231,1149.0,854.0,854.0,272.0,675.0,1240.0,582.0,290.0,280.0,17.0,17.0,1.0,108.0,21.0,1.0,3.0,10.0,12.0,57.0,6.0,34.0,44.0,10.0,3.0,9.0,9.0,13.0,2.0,2.0,1.0,,,,1.0,2.0,2.0,,,,,,,,,,,,,1.0,,,,,,,,,
2020-2021,Bundesliga,6gti24tadb3rg50z66v20v5cl,T. Gebre Selassie,Werder Bremen,23,Midfielder,34,34,0,1,3199,1559.0,1146.0,1146.0,108.0,444.0,2173.0,1052.0,349.0,87.0,,98.0,58.0,,533.0,37.0,71.0,99.0,193.0,,,,129.0,306.0,43.0,122.0,62.0,,61.0,26.0,469.0,60.0,44.0,44.0,148.0,26.0,3.0,35.0,10.0,22.0,16.0,8.0,8.0,15.0,8.0,3.0,3.0,14.0,14.0,2.0,14.0,1.0,1.0,,,,,,
2020-2021,Bundesliga,eb48g14m2erkf7yzqz8gj4u6t,L. Augustinsson,Werder Bremen,5,Midfielder,23,21,2,4,2063,1177.0,707.0,707.0,76.0,303.0,1546.0,686.0,268.0,148.0,,62.0,20.0,,361.0,26.0,50.0,72.0,120.0,,,,78.0,261.0,25.0,70.0,46.0,,37.0,17.0,463.0,24.0,141.0,91.0,198.0,15.0,4.0,20.0,5.0,14.0,11.0,5.0,7.0,25.0,6.0,,,55.0,34.0,6.0,13.0,,4.0,71.0,,,,,
2020-2021,Bundesliga,f5ln82l8q7gvouj3zhsp5t4gl,M. Eggestein,Werder Bremen,35,Midfielder,33,33,0,2,3102,1367.0,1030.0,1030.0,60.0,466.0,1971.0,974.0,316.0,48.0,,36.0,43.0,,391.0,54.0,78.0,90.0,159.0,,,,169.0,282.0,39.0,81.0,36.0,,57.0,15.0,365.0,45.0,14.0,14.0,55.0,31.0,5.0,42.0,22.0,25.0,14.0,9.0,9.0,21.0,5.0,2.0,2.0,4.0,3.0,12.0,13.0,,4.0,1.0,,5.0,,,
2020-2021,Bundesliga,30m7eb5yye9rrrkywi4rf1zh1,Ö. Toprak,Werder Bremen,21,Defender,26,24,2,11,2013,1078.0,881.0,881.0,40.0,406.0,1543.0,841.0,192.0,87.0,,115.0,36.0,,261.0,21.0,32.0,74.0,101.0,,,,145.0,105.0,25.0,69.0,53.0,,23.0,7.0,60.0,16.0,,,31.0,17.0,1.0,16.0,11.0,11.0,9.0,4.0,4.0,1.0,5.0,2.0,2.0,,,5.0,17.0,1.0,,,,,,,
2020-2021,Bundesliga,aaoycxwi9jny6flm4apz8a2uh,M. Friedl,Werder Bremen,32,Defender,32,31,1,2,2934,1724.0,1361.0,1361.0,187.0,663.0,2285.0,1183.0,328.0,196.0,,118.0,55.0,,524.0,46.0,69.0,75.0,123.0,,,,166.0,154.0,30.0,54.0,29.0,,50.0,16.0,109.0,25.0,22.0,15.0,32.0,31.0,6.0,34.0,7.0,21.0,6.0,5.0,7.0,5.0,1.0,,,9.0,3.0,12.0,19.0,,1.0,13.0,,,,,
2020-2021,Bundesliga,26nfmfc8p2doisd9p8vtd33dh,L. Bittencourt,Werder Bremen,10,Midfielder,27,19,8,15,1575,656.0,437.0,437.0,29.0,114.0,1064.0,430.0,138.0,41.0,,10.0,13.0,,275.0,46.0,93.0,56.0,127.0,,,,89.0,149.0,36.0,34.0,10.0,,58.0,26.0,344.0,24.0,52.0,41.0,123.0,27.0,3.0,32.0,11.0,27.0,32.0,21.0,21.0,12.0,11.0,4.0,3.0,22.0,14.0,14.0,13.0,,1.0,19.0,1.0,,,,
2020-2021,Bundesliga,ec5ng4j3rcjwsjz1v05e1z3dh,C. Groß,Werder Bremen,36,Midfielder,23,17,6,7,1582,870.0,738.0,738.0,37.0,283.0,1204.0,702.0,127.0,40.0,,37.0,24.0,,303.0,38.0,56.0,54.0,87.0,,,,121.0,88.0,16.0,31.0,16.0,,44.0,16.0,61.0,15.0,1.0,1.0,9.0,25.0,7.0,28.0,7.0,10.0,3.0,2.0,2.0,3.0,1.0,,,1.0,1.0,10.0,6.0,,1.0,,,,,1.0,1.0
2020-2021,Bundesliga,3yz0kut1bzvlb00jl6qx9awo9,J. Sargent,Werder Bremen,19,Forward,32,30,2,18,2580,592.0,407.0,407.0,7.0,88.0,1214.0,404.0,166.0,6.0,,36.0,17.0,,264.0,44.0,74.0,106.0,218.0,,,,94.0,169.0,41.0,144.0,62.0,,32.0,13.0,412.0,82.0,9.0,9.0,154.0,33.0,7.0,19.0,27.0,35.0,32.0,11.0,17.0,27.0,21.0,5.0,5.0,4.0,4.0,25.0,17.0,1.0,2.0,,,,,,
2020-2021,Bundesliga,22imd9on624739u8fym5n640l,Y. Osako,Werder Bremen,8,Forward,24,7,17,8,838,242.0,162.0,162.0,8.0,55.0,462.0,157.0,71.0,9.0,,7.0,5.0,,78.0,20.0,34.0,42.0,81.0,,,,46.0,67.0,13.0,47.0,22.0,,12.0,4.0,169.0,25.0,5.0,5.0,57.0,14.0,3.0,8.0,16.0,5.0,8.0,4.0,10.0,9.0,4.0,,,3.0,3.0,12.0,3.0,,1.0,,,1.0,,,
2020-2021,Bundesliga,apzgvyoya5b4yd6vpev9o7krt,T. Chong,Werder Bremen,22,Forward,13,4,9,3,434,132.0,80.0,80.0,5.0,24.0,264.0,77.0,42.0,3.0,,1.0,5.0,,43.0,16.0,35.0,17.0,42.0,,,,33.0,47.0,14.0,7.0,1.0,,11.0,5.0,104.0,6.0,8.0,8.0,41.0,13.0,1.0,6.0,9.0,4.0,5.0,4.0,14.0,4.0,1.0,,,2.0,2.0,10.0,4.0,,1.0,,,,,,
2020-2021,Bundesliga,6yc09eth94qsachf595dyx6fp,D. Selke,Werder Bremen,9,Forward,23,7,16,4,911,217.0,111.0,111.0,2.0,25.0,486.0,110.0,91.0,3.0,,7.0,1.0,,67.0,4.0,14.0,68.0,148.0,,,,26.0,99.0,27.0,134.0,64.0,,3.0,1.0,225.0,70.0,11.0,11.0,107.0,21.0,4.0,2.0,14.0,1.0,23.0,10.0,9.0,6.0,13.0,3.0,2.0,1.0,1.0,2.0,7.0,2.0,,,1.0,,,,
2020-2021,Bundesliga,f14n6d52p37nkvoo5n3i52x2h,F. Agu,Werder Bremen,17,Forward,15,8,7,3,757,299.0,208.0,208.0,15.0,62.0,486.0,195.0,79.0,18.0,,18.0,12.0,,120.0,14.0,31.0,27.0,55.0,,,,45.0,71.0,26.0,24.0,13.0,,20.0,11.0,93.0,11.0,10.0,10.0,31.0,5.0,,9.0,7.0,11.0,2.0,1.0,6.0,2.0,1.0,1.0,1.0,2.0,2.0,5.0,5.0,,,,,,,,
2020-2021,Bundesliga,8ga4xjoeh5pbn094cz9ftyqqd,N. Moisander,Werder Bremen,18,Forward,18,12,6,0,1316,933.0,808.0,808.0,70.0,434.0,1204.0,738.0,124.0,53.0,,61.0,22.0,,179.0,12.0,16.0,34.0,52.0,,,,91.0,72.0,8.0,36.0,22.0,,14.0,3.0,16.0,14.0,1.0,1.0,2.0,17.0,3.0,11.0,4.0,7.0,1.0,,1.0,3.0,1.0,,,,,1.0,8.0,,1.0,,,,,,
2020-2021,Bundesliga,b4q9q0qgmtz959rygieg9ln1l,R. Schmid,Werder Bremen,20,Forward,22,13,9,12,1220,477.0,321.0,321.0,12.0,118.0,793.0,316.0,133.0,19.0,,6.0,8.0,,144.0,26.0,50.0,32.0,74.0,,,,103.0,124.0,21.0,24.0,6.0,,22.0,6.0,237.0,18.0,10.0,10.0,47.0,17.0,2.0,16.0,23.0,21.0,15.0,12.0,18.0,13.0,3.0,,,7.0,7.0,10.0,3.0,,5.0,,,1.0,,,
2020-2021,Bundesliga,ctbga50jrrv0riauh2g3bu9xx,,Werder Bremen,27,Forward,0,0,0,0,0,,,,,,,,,,,,,,,0.0,0.0,0.0,0.0,,,,,,,,,,,,,,,,,,,,,,,,,,,,,,,,,,,,,,,,
2020-2021,Bundesliga,dr0kn3srxtg7nuw99gjoim7e1,I. Gruev,Werder Bremen,28,Forward,1,0,1,0,3,,,,,,,,,,,,,,,0.0,0.0,0.0,0.0,,,,,,,,,,,,,,,,,1.0,,,,,,,,,,,,,,,,,,,,,,,
2020-2021,Bundesliga,4y2eukisdu4njcm1g8jup2h91,P. Erras,Werder Bremen,29,Forward,4,0,4,0,46,31.0,18.0,18.0,3.0,4.0,47.0,15.0,13.0,3.0,,,,,10.0,0.0,0.0,7.0,11.0,,,,3.0,10.0,,11.0,7.0,,,,16.0,4.0,,,1.0,,,,,,,,,,,,,,,,,,,,,,,,
2020-2021,Bundesliga,6gzcjly6i4l29l5cq13fem8yx,,Werder Bremen,33,Forward,0,0,0,0,0,,,,,,,,,,,,,,,0.0,0.0,0.0,0.0,,,,,,,,,,,,,,,,,,,,,,,,,,,,,,,,,,,,,,,,
2020-2021,Bundesliga,2kd2kqh0ykd5iuziic6590gve,N. Woltemade,Werder Bremen,41,Forward,6,1,5,1,173,40.0,25.0,25.0,2.0,8.0,97.0,23.0,13.0,1.0,,,,,11.0,7.0,15.0,9.0,24.0,,,,9.0,13.0,2.0,9.0,2.0,,3.0,1.0,44.0,7.0,1.0,1.0,15.0,3.0,1.0,2.0,5.0,1.0,4.0,1.0,7.0,2.0,3.0,,,,,5.0,1.0,,,,,,,,
2020-2021,Bundesliga,9rjd95oqotnalxmv56v7p1r6d,G. Kobel,Stuttgart,1,Goalkeeper,33,33,0,0,3119,1222.0,1009.0,1009.0,168.0,766.0,1320.0,841.0,211.0,208.0,17.0,8.0,2.0,109.0,18.0,3.0,3.0,7.0,9.0,54.0,5.0,33.0,65.0,3.0,5.0,6.0,4.0,11.0,2.0,,,2.0,,,,,,2.0,,,,,,,,,,,,1.0,,,,,,,,,
2020-2021,Bundesliga,9fd19beamnr8qmhqdvzr7fcyy,S. Katompa Mvumpa,Stuttgart,14,Midfielder,25,24,1,15,1974,477.0,312.0,312.0,18.0,81.0,1038.0,300.0,136.0,27.0,,11.0,22.0,,184.0,77.0,141.0,91.0,181.0,,,,126.0,132.0,41.0,40.0,14.0,,48.0,19.0,435.0,26.0,23.0,23.0,195.0,33.0,6.0,29.0,42.0,28.0,35.0,17.0,45.0,19.0,18.0,11.0,8.0,6.0,6.0,48.0,10.0,,4.0,,3.0,2.0,,,
2020-2021,Bundesliga,e9u7cmvaem5p7x9px3yq9f179,B. Sosa,Stuttgart,24,Midfielder,26,25,1,9,2120,1281.0,837.0,837.0,72.0,272.0,1705.0,822.0,221.0,100.0,,74.0,31.0,,458.0,37.0,58.0,56.0,95.0,,,,107.0,283.0,14.0,37.0,19.0,,14.0,4.0,595.0,18.0,162.0,136.0,247.0,17.0,2.0,10.0,15.0,19.0,10.0,7.0,17.0,46.0,3.0,,,57.0,39.0,27.0,8.0,,10.0,44.0,,,,,
2020-2021,Bundesliga,3uqn1adw8rarez1gpen9vng7p,W. Anton,Stuttgart,2,Defender,31,30,1,1,2850,2097.0,1831.0,1831.0,106.0,911.0,2754.0,1729.0,251.0,105.0,,114.0,47.0,,455.0,33.0,49.0,83.0,133.0,,,,228.0,153.0,34.0,84.0,50.0,,31.0,11.0,104.0,34.0,7.0,7.0,44.0,24.0,3.0,20.0,25.0,10.0,10.0,6.0,5.0,4.0,4.0,,,4.0,4.0,13.0,20.0,,1.0,,,1.0,,,
2020-2021,Bundesliga,5l8wtw156meo2vrtrgasif6jt,K. Mavropanos,Stuttgart,5,Defender,21,19,2,11,1507,1081.0,846.0,846.0,91.0,419.0,1542.0,757.0,226.0,100.0,,66.0,59.0,,302.0,38.0,56.0,84.0,120.0,,,,129.0,129.0,17.0,64.0,46.0,,42.0,13.0,107.0,18.0,3.0,3.0,46.0,23.0,5.0,29.0,7.0,15.0,13.0,9.0,5.0,4.0,4.0,,,2.0,2.0,9.0,12.0,,,,,,,,
2020-2021,Bundesliga,djpsc1fvcnrh61c071t00gmad,M. Kempf,Stuttgart,4,Defender,32,32,0,7,2843,1897.0,1543.0,1543.0,139.0,796.0,2608.0,1406.0,336.0,125.0,,103.0,68.0,,523.0,44.0,72.0,137.0,214.0,,,,207.0,219.0,38.0,142.0,93.0,,49.0,23.0,141.0,49.0,8.0,8.0,38.0,35.0,5.0,26.0,15.0,15.0,17.0,10.0,5.0,11.0,7.0,2.0,2.0,2.0,2.0,18.0,26.0,1.0,2.0,,,,,,
2020-2021,Bundesliga,95uxoznu15m2xywirv43rcmol,O. Mangala,Stuttgart,23,Midfielder,24,24,0,2,2214,1012.0,846.0,846.0,32.0,299.0,1551.0,815.0,155.0,26.0,,30.0,26.0,,390.0,68.0,112.0,78.0,133.0,,,,166.0,138.0,29.0,21.0,10.0,,27.0,12.0,341.0,11.0,9.0,9.0,72.0,33.0,4.0,15.0,42.0,17.0,18.0,10.0,32.0,14.0,8.0,1.0,1.0,1.0,1.0,53.0,18.0,,2.0,,,1.0,,,
2020-2021,Bundesliga,3kti58d195gmtzwrjh5nprx05,W. Endō,Stuttgart,3,Midfielder,33,33,0,2,3103,1830.0,1525.0,1525.0,75.0,645.0,2670.0,1451.0,298.0,62.0,,59.0,51.0,,589.0,83.0,123.0,150.0,237.0,,,,249.0,237.0,52.0,114.0,67.0,,65.0,21.0,301.0,47.0,1.0,1.0,44.0,45.0,5.0,44.0,53.0,39.0,23.0,9.0,19.0,23.0,14.0,3.0,3.0,1.0,1.0,39.0,19.0,,3.0,,,4.0,,,
2020-2021,Bundesliga,33hs47yxefec8e9ntgqgr49n9,S. Kalajdžić,Stuttgart,9,Forward,33,23,10,13,2236,669.0,455.0,455.0,11.0,83.0,1213.0,444.0,208.0,15.0,,21.0,9.0,,301.0,27.0,51.0,120.0,216.0,,,,61.0,197.0,35.0,165.0,93.0,,16.0,4.0,542.0,72.0,4.0,4.0,192.0,31.0,1.0,12.0,30.0,9.0,53.0,24.0,20.0,23.0,29.0,16.0,16.0,,,15.0,16.0,8.0,6.0,,,3.0,,,
2020-2021,Bundesliga,5eym30brgmujovaeyb6dhhgfe,T. Coulibaly,Stuttgart,7,Forward,31,17,14,16,1573,471.0,334.0,334.0,11.0,72.0,937.0,329.0,112.0,10.0,,11.0,10.0,,208.0,65.0,114.0,81.0,164.0,,,,89.0,121.0,18.0,50.0,16.0,,26.0,11.0,420.0,34.0,19.0,19.0,145.0,32.0,2.0,15.0,43.0,20.0,16.0,7.0,38.0,15.0,9.0,2.0,2.0,6.0,6.0,50.0,10.0,,2.0,,,,,,
2020-2021,Bundesliga,95jkb0rm86t1sqkjn05xe2aqd,G. Castro,Stuttgart,8,Forward,26,23,3,21,1749,905.0,629.0,629.0,60.0,225.0,1226.0,601.0,187.0,49.0,,12.0,8.0,,348.0,27.0,56.0,37.0,80.0,,,,88.0,191.0,15.0,24.0,10.0,,21.0,14.0,469.0,14.0,53.0,24.0,145.0,15.0,9.0,7.0,17.0,13.0,18.0,7.0,15.0,28.0,11.0,4.0,4.0,32.0,7.0,20.0,15.0,,2.0,54.0,,2.0,,,
2020-2021,Bundesliga,7gzdg0j9usc3yq0dd1ad57sgl,P. Stenzel,Stuttgart,15,Forward,23,14,9,7,1341,1131.0,953.0,953.0,117.0,434.0,1452.0,837.0,167.0,82.0,,39.0,26.0,,374.0,20.0,42.0,31.0,64.0,,,,128.0,91.0,5.0,22.0,11.0,,33.0,19.0,108.0,11.0,6.0,6.0,29.0,20.0,2.0,14.0,3.0,15.0,2.0,1.0,3.0,2.0,1.0,,,1.0,1.0,6.0,7.0,,,,,1.0,,1.0,1.0
2020-2021,Bundesliga,dz70ci3ugpcsbat6ma2mcraax,D. Churlinov,Stuttgart,19,Forward,14,0,14,0,272,102.0,73.0,73.0,5.0,14.0,167.0,70.0,22.0,7.0,,2.0,,,46.0,8.0,16.0,10.0,23.0,,,,16.0,19.0,3.0,7.0,2.0,,2.0,,63.0,5.0,4.0,4.0,17.0,3.0,,2.0,6.0,4.0,2.0,2.0,8.0,1.0,,,,2.0,2.0,6.0,1.0,,1.0,,,,,,
2020-2021,Bundesliga,98e7uohj6lcvf59sfssff2y8l,P. Förster,Stuttgart,20,Forward,25,17,8,14,1558,697.0,538.0,538.0,20.0,177.0,1009.0,530.0,134.0,19.0,,2.0,15.0,,266.0,26.0,54.0,30.0,73.0,,,,86.0,124.0,21.0,19.0,4.0,,22.0,9.0,402.0,15.0,9.0,5.0,97.0,25.0,4.0,13.0,15.0,17.0,15.0,4.0,19.0,22.0,11.0,3.0,3.0,12.0,7.0,13.0,6.0,,1.0,9.0,,3.0,,,
2020-2021,Bundesliga,dma96yvkivjeq9uaxu7799kgl,P. Klement,Stuttgart,21,Forward,18,2,16,2,500,360.0,265.0,265.0,28.0,94.0,474.0,255.0,58.0,25.0,,7.0,6.0,,148.0,9.0,16.0,13.0,27.0,,,,30.0,52.0,2.0,11.0,4.0,,7.0,4.0,128.0,7.0,19.0,5.0,44.0,6.0,,3.0,9.0,7.0,4.0,1.0,3.0,11.0,3.0,1.0,1.0,18.0,4.0,6.0,5.0,,2.0,28.0,,,,,
2020-2021,Bundesliga,80nniieqtuwjhomwjcebnxyzu,L. Egloff,Stuttgart,25,Forward,2,0,2,0,25,5.0,3.0,3.0,,1.0,11.0,4.0,1.0,,,,,,3.0,0.0,1.0,0.0,2.0,,,,2.0,1.0,,1.0,,,,,5.0,1.0,,,1.0,,,,1.0,,,,1.0,,,,,1.0,,,,,,1.0,,,,,
2020-2021,Bundesliga,avaeeu50bma89vc9yts0bc5m2,R. Massimo,Stuttgart,30,Forward,18,7,11,4,818,286.0,214.0,214.0,13.0,51.0,525.0,202.0,60.0,6.0,,13.0,11.0,,144.0,33.0,68.0,42.0,83.0,,,,45.0,63.0,7.0,15.0,9.0,,21.0,10.0,194.0,6.0,9.0,9.0,72.0,4.0,2.0,11.0,14.0,4.0,10.0,6.0,25.0,8.0,4.0,,,1.0,1.0,22.0,6.0,,,,,1.0,,,
2020-2021,Bundesliga,eqg3xn8mplfpc9ys8kb6dch6,M. Klimowicz,Stuttgart,31,Forward,25,12,13,11,1263,326.0,246.0,246.0,13.0,70.0,555.0,234.0,70.0,9.0,,2.0,2.0,,137.0,37.0,60.0,41.0,69.0,,,,39.0,68.0,17.0,9.0,4.0,,20.0,5.0,253.0,5.0,7.0,7.0,67.0,14.0,1.0,15.0,30.0,4.0,21.0,11.0,18.0,10.0,10.0,1.0,1.0,1.0,1.0,22.0,14.0,,,,,1.0,,,
2020-2021,Bundesliga,62gct49oglcdzxafhrfucrb2t,F. Bredlow,Stuttgart,33,Forward,1,1,0,0,97,39.0,31.0,31.0,5.0,24.0,44.0,26.0,8.0,8.0,1.0,,,8.0,1.0,0.0,0.0,1.0,1.0,1.0,0.0,1.0,3.0,,,1.0,1.0,1.0,,,,,,,,,,,,,,,,,,,,,,,,,,,,,,,
2020-2021,Bundesliga,bjjll8tgbxink1ly3gmw5w4ph,M. Kamiński,Stuttgart,35,Forward,5,2,3,2,231,224.0,195.0,195.0,11.0,101.0,262.0,185.0,25.0,8.0,,10.0,1.0,,63.0,1.0,1.0,8.0,13.0,,,,10.0,19.0,,12.0,7.0,,1.0,,15.0,5.0,2.0,2.0,4.0,2.0,,1.0,,1.0,,,,2.0,,,,1.0,1.0,,1.0,,,,,,,,
2020-2021,Bundesliga,7obuhegyo1qcoikt23egcsr85,K. Trapp,Eintracht Frankfurt,1,Goalkeeper,33,33,0,0,3140,1359.0,953.0,953.0,269.0,840.0,1489.0,684.0,400.0,396.0,14.0,11.0,3.0,102.0,8.0,0.0,0.0,7.0,7.0,52.0,4.0,33.0,78.0,4.0,2.0,7.0,7.0,23.0,,,,,,,,,,,,1.0,,,,,,,,,,,,,,,,,,,
2020-2021,Bundesliga,33fgyncy5k2ohl053cy8twvkl,E. Durm,Eintracht Frankfurt,25,Midfielder,21,19,2,15,1505,732.0,496.0,496.0,57.0,180.0,1060.0,447.0,187.0,72.0,,26.0,29.0,,251.0,24.0,41.0,45.0,81.0,,,,98.0,155.0,14.0,40.0,21.0,,17.0,4.0,269.0,19.0,40.0,40.0,99.0,9.0,1.0,13.0,11.0,14.0,12.0,6.0,13.0,9.0,6.0,1.0,1.0,8.0,8.0,11.0,13.0,,1.0,,,1.0,,,
2020-2021,Bundesliga,555z9bynvux7oruirg67r8i51,F. Kostić,Eintracht Frankfurt,10,Midfielder,30,29,1,3,2675,1592.0,886.0,886.0,107.0,297.0,2212.0,864.0,358.0,139.0,,28.0,26.0,,531.0,55.0,122.0,68.0,152.0,,,,163.0,469.0,20.0,30.0,13.0,,54.0,23.0,954.0,17.0,250.0,208.0,466.0,20.0,4.0,31.0,36.0,37.0,40.0,19.0,44.0,71.0,21.0,4.0,4.0,85.0,62.0,24.0,18.0,,16.0,65.0,,,,,
2020-2021,Bundesliga,efzokrggje7s9wc6hg75yc6ax,E. Ndicka,Eintracht Frankfurt,2,Defender,23,23,0,1,2150,1356.0,1140.0,1140.0,42.0,566.0,1927.0,1100.0,201.0,66.0,,85.0,47.0,,421.0,33.0,53.0,81.0,142.0,,,,171.0,147.0,31.0,89.0,48.0,,31.0,8.0,199.0,41.0,12.0,12.0,68.0,33.0,10.0,23.0,13.0,21.0,14.0,9.0,12.0,4.0,5.0,3.0,3.0,2.0,2.0,10.0,9.0,3.0,1.0,,,,,,
2020-2021,Bundesliga,530dyfwigmf1wpt11e1l2x6fp,M. Hinteregger,Eintracht Frankfurt,13,Defender,29,29,0,2,2660,1934.0,1574.0,1574.0,118.0,803.0,2630.0,1456.0,348.0,154.0,,92.0,44.0,,480.0,54.0,92.0,160.0,245.0,,,,192.0,199.0,35.0,153.0,106.0,,77.0,28.0,147.0,47.0,5.0,5.0,64.0,33.0,4.0,49.0,8.0,19.0,20.0,12.0,10.0,7.0,8.0,2.0,2.0,,,5.0,16.0,2.0,1.0,,,1.0,,,
2020-2021,Bundesliga,dco6x1fh258wlos6lbb2ydr6d,D. Abraham,Eintracht Frankfurt,19,Defender,14,14,0,1,1298,678.0,556.0,556.0,61.0,263.0,927.0,497.0,106.0,37.0,,34.0,17.0,,214.0,16.0,23.0,47.0,72.0,,,,76.0,80.0,6.0,49.0,31.0,,18.0,6.0,93.0,18.0,11.0,11.0,30.0,9.0,4.0,12.0,1.0,9.0,7.0,5.0,1.0,2.0,2.0,1.0,1.0,2.0,2.0,4.0,7.0,1.0,,,,,,1.0,1.0
2020-2021,Bundesliga,7cdiijsvnfc7tafy0zkf4uz9,D. Sow,Eintracht Frankfurt,8,Midfielder,28,25,3,7,2281,1217.0,1061.0,1061.0,45.0,368.0,1754.0,1017.0,147.0,29.0,,17.0,51.0,,510.0,49.0,88.0,76.0,138.0,,,,178.0,123.0,40.0,50.0,27.0,,58.0,25.0,279.0,23.0,5.0,5.0,37.0,40.0,6.0,33.0,22.0,23.0,7.0,4.0,14.0,17.0,3.0,,,1.0,1.0,16.0,12.0,,2.0,,,1.0,,,
2020-2021,Bundesliga,78e1qvft3ser2tyayjlmemdp1,S. Rode,Eintracht Frankfurt,17,Midfielder,27,19,8,12,1700,1041.0,872.0,872.0,42.0,330.0,1391.0,835.0,148.0,36.0,,18.0,47.0,,382.0,30.0,54.0,50.0,90.0,,,,101.0,123.0,19.0,36.0,20.0,,44.0,19.0,277.0,16.0,11.0,11.0,36.0,30.0,10.0,25.0,6.0,27.0,3.0,,5.0,20.0,3.0,1.0,1.0,5.0,3.0,5.0,3.0,,1.0,2.0,,,,,
2020-2021,Bundesliga,dhhmffih4gl51nlu92hfctqs5,André Silva,Eintracht Frankfurt,33,Forward,32,32,0,12,2862,774.0,558.0,558.0,10.0,102.0,1422.0,551.0,200.0,11.0,,15.0,3.0,,380.0,28.0,72.0,101.0,237.0,,,,72.0,198.0,34.0,165.0,73.0,,11.0,9.0,773.0,92.0,9.0,9.0,326.0,18.0,1.0,2.0,48.0,10.0,93.0,33.0,35.0,29.0,60.0,28.0,21.0,3.0,3.0,26.0,25.0,8.0,4.0,,7.0,2.0,,,
2020-2021,Bundesliga,2w76r8guf9sacoriu0ivytyax,A. Barkok,Eintracht Frankfurt,27,Forward,26,9,17,8,1074,495.0,341.0,341.0,21.0,98.0,833.0,341.0,104.0,19.0,,9.0,10.0,,206.0,38.0,79.0,53.0,118.0,,,,75.0,113.0,7.0,39.0,15.0,,29.0,14.0,343.0,24.0,28.0,14.0,125.0,23.0,5.0,15.0,21.0,14.0,16.0,10.0,27.0,20.0,6.0,2.0,2.0,21.0,8.0,23.0,4.0,,3.0,27.0,,2.0,,,
2020-2021,Bundesliga,az15xx7m923srf9gdbwmiyga1,D. Kamada,Eintracht Frankfurt,15,Forward,32,28,4,22,2419,1002.0,685.0,685.0,47.0,230.0,1546.0,683.0,195.0,55.0,,22.0,14.0,,379.0,61.0,117.0,77.0,167.0,,,,126.0,211.0,30.0,50.0,16.0,,48.0,20.0,660.0,34.0,71.0,39.0,233.0,41.0,3.0,28.0,41.0,17.0,30.0,19.0,36.0,40.0,11.0,5.0,5.0,45.0,9.0,33.0,9.0,,11.0,68.0,,7.0,,,
2020-2021,Bundesliga,909b2udnbdu22pi87g8m92axh,S. Ilsanker,Eintracht Frankfurt,3,Forward,27,17,10,6,1686,879.0,691.0,691.0,42.0,317.0,1264.0,650.0,182.0,55.0,,51.0,30.0,,271.0,29.0,46.0,57.0,97.0,,,,121.0,132.0,12.0,51.0,28.0,,33.0,13.0,104.0,23.0,5.0,5.0,22.0,29.0,4.0,20.0,4.0,22.0,12.0,8.0,4.0,5.0,4.0,1.0,1.0,1.0,1.0,9.0,9.0,,,,,1.0,,,
2020-2021,Bundesliga,2zwe056wfzof0v5jv01dv9uc5,A. Hrustić,Eintracht Frankfurt,7,Forward,11,1,10,1,322,238.0,180.0,180.0,13.0,82.0,313.0,177.0,27.0,20.0,,3.0,4.0,,72.0,9.0,13.0,12.0,17.0,,,,24.0,26.0,5.0,4.0,3.0,,6.0,1.0,103.0,1.0,19.0,4.0,34.0,7.0,2.0,5.0,3.0,2.0,6.0,2.0,3.0,4.0,4.0,1.0,1.0,10.0,5.0,4.0,1.0,,,20.0,,,,,
2020-2021,Bundesliga,395y7yj6o1xwr6uaxs4sjnjdh,B. Dost,Eintracht Frankfurt,9,Forward,12,9,3,2,863,304.0,196.0,196.0,5.0,52.0,490.0,191.0,106.0,5.0,,8.0,2.0,,108.0,2.0,4.0,66.0,99.0,,,,28.0,101.0,9.0,95.0,64.0,,3.0,1.0,176.0,31.0,,,58.0,16.0,3.0,2.0,10.0,4.0,14.0,5.0,1.0,9.0,9.0,4.0,3.0,,,,2.0,1.0,2.0,,1.0,1.0,,,
2020-2021,Bundesliga,8kqmsuo668wpuzoyyxf4o2vo5,M. Hasebe,Eintracht Frankfurt,20,Midfielder,29,26,3,7,2410,1672.0,1473.0,1473.0,91.0,719.0,2172.0,1384.0,192.0,47.0,,68.0,31.0,,434.0,34.0,52.0,65.0,111.0,,,,199.0,145.0,36.0,59.0,31.0,,43.0,14.0,123.0,28.0,,,5.0,22.0,5.0,29.0,11.0,19.0,2.0,1.0,4.0,5.0,1.0,,,2.0,2.0,5.0,12.0,,,,,,,,
2020-2021,Bundesliga,7gni45coa4swn1i66wzpzug9h,T. Chandler,Eintracht Frankfurt,22,Forward,15,3,12,2,503,210.0,147.0,147.0,21.0,52.0,285.0,127.0,38.0,14.0,,5.0,3.0,,73.0,3.0,8.0,9.0,20.0,,,,19.0,48.0,1.0,12.0,6.0,,4.0,4.0,122.0,6.0,24.0,24.0,57.0,6.0,2.0,,2.0,3.0,6.0,4.0,1.0,4.0,2.0,1.0,1.0,1.0,1.0,3.0,2.0,,,,,,,,
2020-2021,Bundesliga,3fuuh40aui30noi2kjf0blh3p,,Eintracht Frankfurt,23,Forward,0,0,0,0,0,,,,,,,,,,,,,,,0.0,0.0,0.0,0.0,,,,,,,,,,,,,,,,,,,,,,,,,,,,,,,,,,,,,,,,
2020-2021,Bundesliga,amd4rodp6senk2c1mmlsqozpx,D. da Costa,Eintracht Frankfurt,24,Midfielder,22,16,6,9,1393,580.0,333.0,333.0,64.0,170.0,845.0,282.0,194.0,84.0,,31.0,17.0,,131.0,34.0,44.0,48.0,68.0,,,,77.0,150.0,4.0,24.0,14.0,,22.0,6.0,258.0,10.0,40.0,40.0,91.0,7.0,2.0,16.0,4.0,17.0,4.0,4.0,4.0,11.0,,,,13.0,13.0,18.0,5.0,,1.0,,,,,,
2020-2021,Bundesliga,d608s0948uh3owqee7t0en7px,D. Kohr,Eintracht Frankfurt,28,Forward,24,16,8,3,1633,711.0,523.0,523.0,29.0,233.0,1136.0,494.0,177.0,33.0,,24.0,36.0,,194.0,45.0,70.0,79.0,124.0,,,,124.0,153.0,24.0,54.0,34.0,,58.0,20.0,247.0,20.0,9.0,9.0,43.0,35.0,4.0,38.0,15.0,17.0,8.0,5.0,5.0,8.0,3.0,1.0,1.0,,,7.0,19.0,1.0,1.0,,,1.0,,,
2020-2021,Bundesliga,bd4p670s36cp1dh4fadv84qcq,Tuta,Eintracht Frankfurt,35,Defender,19,16,3,2,1544,1010.0,848.0,848.0,55.0,388.0,1401.0,795.0,151.0,62.0,,53.0,29.0,,336.0,28.0,47.0,60.0,110.0,,,,134.0,96.0,13.0,63.0,32.0,,35.0,15.0,90.0,31.0,7.0,7.0,17.0,30.0,5.0,20.0,10.0,17.0,3.0,2.0,4.0,3.0,1.0,,,2.0,2.0,8.0,4.0,,,,,,,,
2020-2021,Bundesliga,7y56q44sss2o7my2surg4kzit,R. Bürki,Borussia Dortmund,1,Goalkeeper,19,18,1,0,1747,630.0,514.0,514.0,108.0,434.0,665.0,406.0,115.0,113.0,4.0,5.0,,58.0,5.0,0.0,0.0,1.0,2.0,28.0,4.0,18.0,21.0,2.0,1.0,2.0,1.0,4.0,,,2.0,1.0,,,2.0,,,,,,,,,,,,,,,,4.0,,,,,,,,
2020-2021,Bundesliga,5tsp2m5z3xie07ax0wq1qqsix,Mateu Morey,Borussia Dortmund,2,Forward,13,10,3,8,844,741.0,609.0,609.0,52.0,150.0,888.0,564.0,98.0,37.0,,7.0,18.0,,363.0,11.0,18.0,15.0,29.0,,,,52.0,87.0,8.0,11.0,4.0,,13.0,6.0,226.0,7.0,26.0,26.0,37.0,12.0,1.0,7.0,6.0,5.0,1.0,1.0,1.0,7.0,,,,7.0,7.0,4.0,2.0,,2.0,,,,,,
2020-2021,Bundesliga,dj85zn6tc073f7egxlfx7793p,N. Schulz,Borussia Dortmund,14,Forward,13,6,7,1,651,467.0,372.0,372.0,23.0,125.0,604.0,352.0,75.0,26.0,,10.0,6.0,,188.0,6.0,14.0,11.0,24.0,,,,55.0,64.0,4.0,10.0,5.0,,9.0,3.0,133.0,5.0,15.0,15.0,48.0,8.0,1.0,6.0,7.0,8.0,3.0,2.0,5.0,7.0,1.0,,,3.0,3.0,,4.0,,1.0,,,,,,
2020-2021,Bundesliga,4xhnmoqgxoheel005ek6ckfs9,D. Zagadou,Borussia Dortmund,5,Forward,9,3,6,2,306,246.0,212.0,212.0,9.0,101.0,311.0,203.0,34.0,12.0,,13.0,6.0,,77.0,2.0,3.0,11.0,16.0,,,,24.0,22.0,1.0,13.0,9.0,,2.0,,11.0,4.0,,,5.0,,,2.0,2.0,1.0,1.0,,1.0,1.0,1.0,,,,,,2.0,,,,,,,,
2020-2021,Bundesliga,cd6i7khi5wgsfsg19c9tcjydx,M. Hummels,Borussia Dortmund,15,Defender,33,32,1,5,2936,2654.0,2320.0,2320.0,254.0,1216.0,3418.0,2066.0,328.0,139.0,,122.0,73.0,,528.0,47.0,69.0,174.0,242.0,,,,232.0,190.0,15.0,173.0,127.0,,58.0,18.0,128.0,46.0,1.0,1.0,81.0,27.0,6.0,40.0,2.0,9.0,24.0,8.0,4.0,9.0,16.0,5.0,5.0,,,7.0,28.0,3.0,,,,,,,
2020-2021,Bundesliga,7lai6ovwsl01gonutejt4mms5,E. Can,Borussia Dortmund,23,Defender,28,23,5,4,2243,1793.0,1545.0,1545.0,116.0,671.0,2348.0,1436.0,227.0,83.0,,52.0,48.0,,545.0,64.0,83.0,108.0,148.0,,,,184.0,155.0,21.0,65.0,44.0,,43.0,9.0,230.0,21.0,11.0,11.0,59.0,35.0,5.0,34.0,15.0,25.0,12.0,8.0,10.0,14.0,4.0,1.0,1.0,7.0,7.0,30.0,15.0,1.0,4.0,,,1.0,,,
2020-2021,Bundesliga,2nqhczrkd45rdu5fcmq1wjo45,Mahmoud Dahoud,Borussia Dortmund,8,Forward,21,15,6,10,1309,926.0,791.0,791.0,60.0,263.0,1256.0,732.0,125.0,30.0,,11.0,18.0,,384.0,40.0,55.0,50.0,77.0,,,,121.0,101.0,18.0,22.0,10.0,,30.0,12.0,232.0,12.0,6.0,6.0,17.0,27.0,3.0,18.0,21.0,18.0,10.0,5.0,3.0,10.0,5.0,1.0,1.0,1.0,1.0,22.0,11.0,,2.0,,,5.0,,,
2020-2021,Bundesliga,59234as8h70fejyfm7492np3p,A. Witsel,Borussia Dortmund,28,Midfielder,15,13,2,2,1184,798.0,745.0,745.0,35.0,268.0,1042.0,710.0,50.0,11.0,,13.0,22.0,,315.0,19.0,27.0,35.0,48.0,,,,106.0,40.0,20.0,21.0,16.0,,18.0,6.0,129.0,5.0,1.0,1.0,13.0,16.0,4.0,12.0,5.0,10.0,9.0,7.0,2.0,3.0,2.0,,,,,7.0,6.0,,,,,2.0,,,
2020-2021,Bundesliga,f4qcgzveslklfi8601tep77x1,J. Brandt,Borussia Dortmund,19,Forward,31,17,14,10,1588,931.0,764.0,764.0,51.0,213.0,1311.0,725.0,132.0,8.0,,7.0,17.0,,421.0,37.0,71.0,44.0,99.0,,,,92.0,145.0,16.0,28.0,7.0,,27.0,13.0,544.0,21.0,21.0,16.0,139.0,6.0,,14.0,28.0,24.0,16.0,8.0,21.0,28.0,8.0,3.0,3.0,12.0,5.0,23.0,7.0,,2.0,12.0,,1.0,,,
2020-2021,Bundesliga,cv8egyrq9dlfgeamk6b7fdgq1,J. Sancho,Borussia Dortmund,7,Midfielder,26,24,2,10,2132,1460.0,1101.0,1101.0,42.0,291.0,2004.0,1097.0,231.0,36.0,,9.0,16.0,,638.0,88.0,165.0,90.0,173.0,,,,115.0,275.0,22.0,8.0,2.0,,18.0,7.0,1104.0,6.0,80.0,38.0,365.0,1.0,,11.0,35.0,19.0,33.0,16.0,70.0,54.0,17.0,8.0,7.0,38.0,10.0,77.0,20.0,,11.0,70.0,1.0,6.0,,,
2020-2021,Bundesliga,2we9yak4ipkr1ljigj20puv6y,G. Reyna,Borussia Dortmund,32,Midfielder,32,23,9,14,2058,957.0,739.0,739.0,22.0,137.0,1426.0,732.0,150.0,22.0,,11.0,10.0,,495.0,57.0,105.0,74.0,161.0,,,,87.0,175.0,48.0,56.0,17.0,,24.0,11.0,644.0,39.0,47.0,29.0,221.0,26.0,1.0,13.0,44.0,13.0,26.0,14.0,37.0,28.0,12.0,4.0,4.0,15.0,2.0,44.0,13.0,,5.0,31.0,,3.0,,,
2020-2021,Bundesliga,3y9nm18as1wxhizq3fyazb2t,T. Hazard,Borussia Dortmund,10,Forward,16,8,8,7,693,368.0,288.0,288.0,23.0,78.0,509.0,272.0,46.0,7.0,,1.0,10.0,,165.0,8.0,20.0,9.0,31.0,,,,44.0,63.0,7.0,11.0,1.0,,8.0,6.0,195.0,10.0,24.0,16.0,66.0,6.0,,2.0,4.0,4.0,6.0,2.0,6.0,11.0,4.0,1.0,1.0,7.0,2.0,6.0,4.0,,3.0,13.0,,2.0,,,
2020-2021,Bundesliga,btzfq6521zl3q5uqus8ltov6d,M. Reus,Borussia Dortmund,11,Midfielder,32,27,5,20,2337,1131.0,871.0,871.0,48.0,240.0,1584.0,842.0,195.0,23.0,,13.0,14.0,,502.0,58.0,104.0,70.0,136.0,,,,83.0,216.0,34.0,32.0,12.0,,33.0,17.0,767.0,20.0,44.0,36.0,277.0,27.0,1.0,16.0,24.0,20.0,41.0,16.0,29.0,45.0,25.0,8.0,7.0,19.0,10.0,42.0,17.0,,8.0,17.0,1.0,5.0,,,
2020-2021,Bundesliga,eguzzwxdm0fwocax6srpck48a,Y. Moukoko,Borussia Dortmund,18,Forward,14,2,12,1,481,68.0,51.0,51.0,,11.0,164.0,51.0,17.0,1.0,,2.0,,,30.0,10.0,18.0,11.0,20.0,,,,10.0,16.0,8.0,2.0,1.0,,3.0,1.0,107.0,1.0,,,37.0,8.0,,2.0,9.0,3.0,16.0,8.0,7.0,2.0,8.0,3.0,3.0,,,8.0,4.0,,,,,,,,
2020-2021,Bundesliga,e83ula4wockmc2xid7185kcq2,J. Bellingham,Borussia Dortmund,22,Midfielder,29,19,10,13,1794,1049.0,864.0,864.0,47.0,263.0,1529.0,819.0,160.0,19.0,,13.0,24.0,,442.0,59.0,98.0,85.0,150.0,,,,117.0,159.0,52.0,52.0,26.0,,49.0,18.0,456.0,26.0,18.0,18.0,93.0,40.0,5.0,31.0,31.0,32.0,22.0,14.0,21.0,12.0,8.0,1.0,1.0,2.0,2.0,28.0,16.0,,4.0,,,3.0,,1.0,1.0
2020-2021,Bundesliga,c1vi8lseuapk1y9rbezmv52vp,Ł. Piszczek,Borussia Dortmund,26,Forward,11,5,6,2,493,319.0,248.0,248.0,25.0,104.0,404.0,224.0,65.0,25.0,,12.0,5.0,,114.0,9.0,15.0,16.0,29.0,,,,31.0,45.0,3.0,14.0,7.0,,10.0,3.0,41.0,7.0,5.0,5.0,10.0,1.0,,7.0,,4.0,1.0,1.0,3.0,3.0,,,,1.0,1.0,2.0,1.0,,,,,,,,
2020-2021,Bundesliga,culbbgu1o5fdbl3gxz54rbn4l,F. Passlack,Borussia Dortmund,30,Forward,7,3,4,1,374,305.0,251.0,251.0,15.0,52.0,396.0,238.0,46.0,13.0,,2.0,3.0,,146.0,10.0,16.0,10.0,20.0,,,,31.0,38.0,6.0,4.0,,,9.0,3.0,81.0,4.0,5.0,5.0,26.0,4.0,,6.0,4.0,10.0,2.0,1.0,3.0,2.0,1.0,1.0,1.0,2.0,2.0,4.0,4.0,,,,,,,,
2020-2021,Bundesliga,4h3aawt897usa7wkw4i4d8gyd,M. Hitz,Borussia Dortmund,35,Goalkeeper,16,16,0,1,1461,551.0,458.0,458.0,110.0,365.0,586.0,348.0,91.0,89.0,8.0,7.0,,29.0,13.0,1.0,1.0,1.0,1.0,18.0,7.0,16.0,23.0,2.0,2.0,,,3.0,1.0,,,,,,,,1.0,1.0,,,,,,,,,,,,,,,,,,,,,
2020-2021,Bundesliga,4dy76ma50fapqoni7d8j012w9,,Borussia Dortmund,40,Forward,0,0,0,0,0,,,,,,,,,,,,,,,0.0,0.0,0.0,0.0,,,,,,,,,,,,,,,,,,,,,,,,,,,,,,,,,,,,,,,,
2020-2021,Bundesliga,5bzowvtg5vhntcx1w3roriehh,F. Müller,Freiburg,21,Goalkeeper,31,31,0,0,2934,1333.0,912.0,912.0,215.0,764.0,1426.0,697.0,419.0,412.0,7.0,10.0,2.0,113.0,14.0,1.0,1.0,5.0,5.0,46.0,6.0,31.0,55.0,7.0,1.0,4.0,4.0,8.0,,,,,,,,,,,,1.0,,,,2.0,,,,,,1.0,,,2.0,,,,,,
2020-2021,Bundesliga,r4grdzsip637zvi2uu3nl979,J. Schmid,Freiburg,7,Midfielder,31,27,4,10,2504,1333.0,976.0,976.0,155.0,409.0,1779.0,840.0,260.0,89.0,,38.0,28.0,,434.0,38.0,76.0,53.0,110.0,,,,146.0,244.0,17.0,34.0,15.0,,37.0,18.0,500.0,19.0,73.0,71.0,222.0,17.0,4.0,19.0,13.0,16.0,16.0,7.0,20.0,22.0,9.0,2.0,2.0,19.0,19.0,19.0,15.0,,3.0,2.0,,,,,
2020-2021,Bundesliga,b7ve7k983eaewnupejiow3jdh,C. Günter,Freiburg,30,Defender,34,34,0,0,3219,1645.0,1113.0,1113.0,159.0,451.0,2100.0,1028.0,300.0,131.0,,40.0,29.0,,554.0,35.0,73.0,49.0,103.0,,,,131.0,317.0,18.0,30.0,14.0,,34.0,15.0,699.0,16.0,148.0,115.0,278.0,31.0,2.0,19.0,14.0,29.0,18.0,11.0,23.0,58.0,7.0,3.0,3.0,74.0,51.0,16.0,17.0,,6.0,56.0,,,,,
2020-2021,Bundesliga,e8dpcth2x1y0zbaovljbgk5hx,M. Gulde,Freiburg,5,Defender,27,22,5,8,2048,1030.0,898.0,898.0,54.0,387.0,1387.0,844.0,127.0,59.0,,64.0,37.0,,363.0,18.0,32.0,65.0,115.0,,,,97.0,71.0,20.0,83.0,47.0,,27.0,12.0,62.0,36.0,3.0,3.0,31.0,17.0,3.0,15.0,2.0,10.0,8.0,2.0,2.0,,6.0,2.0,2.0,,,3.0,16.0,2.0,,,,,,,
2020-2021,Bundesliga,6qujoqysad60h70f3ac5n9ch6,K. Schlotterbeck,Freiburg,31,Defender,24,18,6,2,1745,826.0,665.0,665.0,65.0,315.0,1208.0,600.0,158.0,73.0,,89.0,36.0,,179.0,14.0,37.0,64.0,122.0,,,,86.0,86.0,27.0,85.0,50.0,,31.0,21.0,47.0,35.0,1.0,1.0,22.0,22.0,3.0,10.0,2.0,8.0,8.0,6.0,2.0,1.0,2.0,,,,,4.0,18.0,,,,,,,,
2020-2021,Bundesliga,6o2v57d92t1mejod24gmufcut,P. Lienhart,Freiburg,3,Defender,34,34,0,2,3139,1957.0,1660.0,1660.0,152.0,675.0,2460.0,1509.0,292.0,179.0,,100.0,42.0,,679.0,17.0,29.0,76.0,131.0,,,,169.0,115.0,35.0,102.0,59.0,,21.0,8.0,76.0,43.0,2.0,2.0,26.0,16.0,4.0,13.0,2.0,9.0,9.0,5.0,4.0,5.0,4.0,4.0,4.0,1.0,1.0,4.0,22.0,3.0,,,,,,,
2020-2021,Bundesliga,9br2z5cf6stmnidehwo5a8afp,B. Santamaría,Freiburg,8,Midfielder,30,28,2,15,2278,1043.0,770.0,770.0,56.0,264.0,1671.0,721.0,235.0,51.0,,34.0,52.0,,394.0,57.0,84.0,113.0,178.0,,,,172.0,212.0,26.0,94.0,56.0,,51.0,13.0,329.0,38.0,28.0,28.0,109.0,32.0,5.0,38.0,28.0,29.0,22.0,13.0,14.0,13.0,9.0,1.0,1.0,7.0,7.0,19.0,15.0,,1.0,,,1.0,,,
2020-2021,Bundesliga,ejnh215cji6xou661kiwcc91x,N. Höfler,Freiburg,27,Midfielder,31,30,1,1,2867,1393.0,1166.0,1166.0,73.0,463.0,2031.0,1096.0,213.0,42.0,,41.0,66.0,,482.0,62.0,105.0,124.0,212.0,,,,183.0,178.0,34.0,107.0,62.0,,54.0,26.0,275.0,45.0,7.0,7.0,49.0,70.0,11.0,28.0,15.0,24.0,17.0,9.0,17.0,12.0,8.0,1.0,1.0,3.0,3.0,34.0,13.0,,3.0,,,2.0,,,
2020-2021,Bundesliga,avk9yje6h4nndg3cufnbu2imt,E. Demirović,Freiburg,11,Forward,30,19,11,19,1557,258.0,131.0,131.0,3.0,58.0,687.0,130.0,117.0,6.0,,27.0,,,54.0,23.0,43.0,61.0,165.0,,,,47.0,118.0,15.0,122.0,38.0,,15.0,6.0,324.0,84.0,7.0,7.0,117.0,44.0,7.0,9.0,30.0,24.0,35.0,16.0,14.0,10.0,19.0,5.0,5.0,2.0,2.0,14.0,12.0,1.0,3.0,,,2.0,,,
2020-2021,Bundesliga,bsyv3fmihshve4jcr11qmtmfp,L. Höler,Freiburg,9,Forward,33,22,11,15,2173,679.0,437.0,437.0,16.0,94.0,1265.0,423.0,218.0,15.0,,14.0,16.0,,285.0,51.0,89.0,122.0,225.0,,,,103.0,223.0,77.0,136.0,71.0,,36.0,12.0,531.0,65.0,20.0,20.0,212.0,26.0,5.0,24.0,31.0,17.0,30.0,18.0,26.0,17.0,12.0,4.0,4.0,2.0,2.0,27.0,14.0,,3.0,,,2.0,,,
2020-2021,Bundesliga,2az0f39bhz2kvxhopalzi0h5h,V. Grifo,Freiburg,32,Midfielder,31,27,4,19,2373,1148.0,786.0,786.0,100.0,255.0,1627.0,738.0,216.0,82.0,,18.0,27.0,,455.0,38.0,81.0,50.0,106.0,,,,135.0,225.0,18.0,25.0,12.0,,18.0,11.0,658.0,13.0,91.0,60.0,251.0,11.0,2.0,7.0,34.0,13.0,48.0,21.0,32.0,61.0,27.0,9.0,5.0,52.0,19.0,31.0,10.0,1.0,11.0,64.0,4.0,4.0,,,
2020-2021,Bundesliga,3r2j2j3v6kgmauw5yv9j3x1hx,,Freiburg,1,Forward,0,0,0,0,0,,,,,,,,,,,,,,,0.0,0.0,0.0,0.0,,,,,,,,,,,,,,,,,,,,,,,,,,,,,,,,,,,,,,,,
2020-2021,Bundesliga,8g12wvgw8lf0l4xi2xzae7d91,A. Abrashi,Freiburg,6,Forward,5,0,5,1,79,23.0,18.0,18.0,1.0,3.0,39.0,17.0,5.0,,,1.0,2.0,,13.0,1.0,1.0,2.0,4.0,,,,6.0,5.0,,3.0,1.0,,1.0,,6.0,2.0,,,2.0,4.0,,1.0,1.0,,,,,,,,,,,,1.0,,,,,,,,
2020-2021,Bundesliga,21k54i5a6d9bi4f6gplgzxiw9,G. Til,Freiburg,14,Forward,7,1,6,1,153,35.0,20.0,20.0,,3.0,73.0,20.0,11.0,,,2.0,2.0,,11.0,3.0,5.0,5.0,14.0,,,,7.0,15.0,1.0,9.0,2.0,,4.0,1.0,31.0,7.0,4.0,4.0,13.0,5.0,1.0,3.0,1.0,2.0,2.0,1.0,1.0,1.0,1.0,,,,,,,,,,,,,,
2020-2021,Bundesliga,3w8uk04gxlm4tj4hmsc3msmvp,N. Petersen,Freiburg,18,Forward,32,12,20,9,1409,243.0,153.0,153.0,6.0,31.0,607.0,148.0,85.0,8.0,,28.0,9.0,,100.0,11.0,27.0,42.0,166.0,,,,29.0,80.0,4.0,139.0,31.0,,11.0,4.0,262.0,108.0,3.0,3.0,101.0,12.0,,7.0,9.0,24.0,23.0,11.0,12.0,9.0,12.0,8.0,7.0,1.0,1.0,4.0,11.0,3.0,,,1.0,1.0,,,
2020-2021,Bundesliga,dglkt5h4m18p1qcj2uhqymvv9,R. Sallai,Freiburg,22,Forward,28,22,6,21,1693,485.0,326.0,326.0,21.0,127.0,868.0,315.0,105.0,23.0,,8.0,11.0,,153.0,30.0,66.0,66.0,155.0,,,,60.0,118.0,56.0,89.0,36.0,,18.0,4.0,365.0,53.0,36.0,36.0,143.0,49.0,5.0,14.0,16.0,10.0,41.0,21.0,32.0,12.0,20.0,8.0,7.0,10.0,10.0,16.0,7.0,1.0,3.0,,1.0,1.0,,,
2020-2021,Bundesliga,ns0d3voludn8of98yc2e6ehh,D. Heintz,Freiburg,23,Forward,21,14,7,2,1467,968.0,831.0,831.0,103.0,380.0,1243.0,730.0,126.0,73.0,,49.0,35.0,,330.0,15.0,28.0,39.0,69.0,,,,83.0,58.0,6.0,41.0,24.0,,22.0,11.0,32.0,17.0,5.0,5.0,11.0,16.0,3.0,11.0,4.0,2.0,2.0,1.0,2.0,3.0,1.0,,,2.0,2.0,4.0,9.0,,,,,,,,
2020-2021,Bundesliga,arjwwth6yazptr851wu2u6e0a,Jeong Wooyeong,Freiburg,29,Forward,26,7,19,7,902,374.0,273.0,273.0,12.0,92.0,584.0,265.0,85.0,10.0,,11.0,11.0,,138.0,15.0,30.0,28.0,55.0,,,,49.0,86.0,12.0,25.0,13.0,,9.0,4.0,222.0,12.0,11.0,11.0,64.0,11.0,,5.0,7.0,7.0,7.0,1.0,11.0,10.0,6.0,4.0,4.0,4.0,3.0,10.0,8.0,,,1.0,,1.0,,,
2020-2021,Bundesliga,7ec9ck99n2amqqjra37kpgt7t,L. Tempelmann,Freiburg,34,Forward,10,2,8,1,307,151.0,120.0,120.0,9.0,31.0,215.0,111.0,27.0,6.0,,6.0,2.0,,59.0,4.0,7.0,10.0,21.0,,,,13.0,24.0,7.0,14.0,6.0,,5.0,2.0,45.0,8.0,3.0,3.0,9.0,4.0,2.0,3.0,3.0,5.0,3.0,3.0,1.0,1.0,,,,,,1.0,2.0,,,,,,,,
2020-2021,Bundesliga,1h3mduwlaf89ebwtqxuegsodm,,Freiburg,41,Forward,0,0,0,0,0,,,,,,,,,,,,,,,0.0,0.0,0.0,0.0,,,,,,,,,,,,,,,,,,,,,,,,,,,,,,,,,,,,,,,,
2020-2021,Bundesliga,bagn0ce4xunsiz3mezrtqx1p1,Y. Sommer,Borussia M'gladbach,1,Goalkeeper,31,31,0,0,2949,1243.0,1017.0,1017.0,209.0,724.0,1318.0,808.0,221.0,210.0,7.0,9.0,2.0,85.0,48.0,1.0,1.0,2.0,2.0,52.0,6.0,31.0,49.0,11.0,1.0,1.0,1.0,4.0,1.0,,,,,,,1.0,1.0,1.0,,,,,,,,,,,,,,,,,,,1.0,1.0,
2020-2021,Bundesliga,ao00a4lfe5vs9enjgkuu7vglx,S. Lainer,Borussia M'gladbach,18,Defender,33,31,2,7,2900,1709.0,1244.0,1244.0,92.0,467.0,2335.0,1168.0,355.0,104.0,,85.0,35.0,,577.0,57.0,105.0,94.0,167.0,,,,151.0,334.0,21.0,62.0,37.0,,62.0,25.0,632.0,25.0,83.0,83.0,204.0,29.0,2.0,37.0,21.0,29.0,23.0,14.0,23.0,23.0,9.0,2.0,2.0,16.0,16.0,20.0,7.0,2.0,3.0,,,,,,
2020-2021,Bundesliga,9ha2m6934ior2yh2npdorg4b9,O. Wendt,Borussia M'gladbach,17,Forward,22,15,7,11,1297,733.0,540.0,540.0,50.0,195.0,945.0,498.0,160.0,57.0,,23.0,14.0,,285.0,10.0,17.0,24.0,52.0,,,,68.0,125.0,3.0,35.0,14.0,,12.0,6.0,196.0,21.0,22.0,22.0,52.0,18.0,3.0,6.0,3.0,14.0,5.0,4.0,1.0,6.0,1.0,1.0,1.0,8.0,8.0,4.0,6.0,,1.0,,,,,,
2020-2021,Bundesliga,514es9hzl2skv9dl5cofgkogl,F. Neuhaus,Borussia M'gladbach,32,Midfielder,33,30,3,12,2743,1774.0,1475.0,1475.0,121.0,643.0,2395.0,1355.0,273.0,73.0,,20.0,50.0,,530.0,72.0,115.0,86.0,144.0,,,,201.0,214.0,38.0,29.0,14.0,,48.0,20.0,363.0,15.0,14.0,7.0,59.0,23.0,9.0,28.0,30.0,28.0,39.0,22.0,23.0,23.0,17.0,6.0,6.0,1.0,,44.0,17.0,,6.0,8.0,,6.0,,,
2020-2021,Bundesliga,84mp3eqt1ckw107hwxpby9cd1,M. Ginter,Borussia M'gladbach,28,Defender,34,34,0,0,3235,2402.0,2014.0,2014.0,146.0,937.0,3019.0,1872.0,357.0,145.0,,121.0,51.0,,727.0,26.0,38.0,116.0,179.0,,,,185.0,234.0,35.0,141.0,90.0,,26.0,10.0,188.0,51.0,22.0,22.0,74.0,9.0,2.0,16.0,4.0,11.0,20.0,12.0,2.0,12.0,8.0,2.0,2.0,4.0,4.0,10.0,35.0,2.0,3.0,,,2.0,,,
2020-2021,Bundesliga,1mkbxdrj3myvt6jm4tx8sywgl,C. Kramer,Borussia M'gladbach,6,Midfielder,28,23,5,7,2141,1313.0,1120.0,1120.0,41.0,409.0,1792.0,1082.0,186.0,38.0,,39.0,34.0,,449.0,60.0,91.0,79.0,137.0,,,,158.0,150.0,20.0,46.0,19.0,,55.0,18.0,195.0,27.0,2.0,2.0,23.0,32.0,5.0,37.0,9.0,21.0,6.0,5.0,13.0,10.0,1.0,,,3.0,3.0,23.0,14.0,,4.0,,,1.0,,,
2020-2021,Bundesliga,cgzcn8oo03wda4e5o0jxgy4tl,H. Wolf,Borussia M'gladbach,11,Forward,32,14,18,9,1490,556.0,416.0,416.0,6.0,99.0,900.0,411.0,131.0,14.0,,4.0,9.0,,254.0,30.0,67.0,43.0,103.0,,,,84.0,122.0,26.0,36.0,13.0,,26.0,13.0,296.0,23.0,5.0,5.0,101.0,35.0,2.0,13.0,36.0,17.0,12.0,5.0,24.0,16.0,7.0,3.0,3.0,1.0,1.0,17.0,5.0,,3.0,,,2.0,,,
2020-2021,Bundesliga,2jc6sdkse1kxjztsgystidot1,D. Zakaria,Borussia M'gladbach,8,Midfielder,25,15,10,8,1499,647.0,563.0,563.0,22.0,198.0,972.0,542.0,77.0,16.0,,29.0,23.0,,240.0,36.0,64.0,49.0,91.0,,,,95.0,66.0,12.0,27.0,13.0,,30.0,15.0,111.0,14.0,5.0,5.0,23.0,23.0,5.0,15.0,8.0,13.0,8.0,6.0,13.0,8.0,2.0,1.0,1.0,1.0,1.0,21.0,10.0,,1.0,,,1.0,,,
2020-2021,Bundesliga,dkve6gf309h5tglwawqx8mlzp,B. Embolo,Borussia M'gladbach,36,Forward,31,16,15,9,1557,450.0,323.0,323.0,8.0,65.0,909.0,316.0,116.0,5.0,,8.0,8.0,,213.0,50.0,85.0,86.0,170.0,,,,50.0,116.0,54.0,85.0,36.0,,15.0,5.0,369.0,49.0,5.0,5.0,131.0,34.0,4.0,10.0,46.0,15.0,35.0,15.0,30.0,13.0,20.0,5.0,5.0,1.0,1.0,40.0,7.0,,1.0,,,2.0,,,
2020-2021,Bundesliga,9bdxi3mvkftmqts59jptqq76d,L. Stindl,Borussia M'gladbach,13,Midfielder,30,23,7,13,2048,1052.0,828.0,828.0,46.0,205.0,1489.0,800.0,172.0,24.0,,14.0,13.0,,494.0,27.0,40.0,53.0,106.0,,,,114.0,175.0,30.0,66.0,26.0,,24.0,7.0,465.0,40.0,27.0,17.0,117.0,42.0,6.0,17.0,31.0,23.0,46.0,19.0,6.0,31.0,27.0,14.0,7.0,18.0,4.0,10.0,13.0,1.0,6.0,24.0,7.0,7.0,,,
2020-2021,Bundesliga,7tj7eobo7kmk8egcbfrabe8d1,A. Pléa,Borussia M'gladbach,14,Forward,29,19,10,12,1889,691.0,489.0,489.0,22.0,128.0,1074.0,473.0,161.0,21.0,,7.0,5.0,,292.0,34.0,64.0,61.0,126.0,,,,59.0,168.0,28.0,62.0,27.0,,19.0,10.0,471.0,35.0,28.0,28.0,144.0,18.0,2.0,9.0,21.0,1.0,42.0,17.0,20.0,24.0,25.0,6.0,6.0,6.0,6.0,25.0,20.0,,2.0,,,4.0,,,
2020-2021,Bundesliga,5frp5pxcj1bh3di6qf2b3js9h,,Borussia M'gladbach,3,Forward,0,0,0,0,0,,,,,,,,,,,,,,,0.0,0.0,0.0,0.0,,,,,,,,,,,,,,,,,,,,,,,,,,,,,,,,,,,,,,,,
2020-2021,Bundesliga,l8bphgwl3llcckvf9zr6ptqt,P. Herrmann,Borussia M'gladbach,7,Forward,27,9,18,7,984,347.0,222.0,222.0,19.0,62.0,527.0,216.0,74.0,22.0,,8.0,10.0,,144.0,16.0,25.0,20.0,40.0,,,,49.0,87.0,15.0,15.0,4.0,,9.0,3.0,229.0,11.0,35.0,23.0,111.0,13.0,3.0,6.0,11.0,16.0,15.0,8.0,6.0,16.0,7.0,,,13.0,3.0,10.0,4.0,,3.0,22.0,,1.0,,,
2020-2021,Bundesliga,66nvc8a4kd3cyeyj3i474cudx,M. Thuram,Borussia M'gladbach,10,Midfielder,29,20,9,16,1813,577.0,395.0,395.0,8.0,99.0,1129.0,390.0,158.0,9.0,,13.0,15.0,,240.0,59.0,109.0,125.0,223.0,,,,76.0,169.0,38.0,114.0,66.0,,24.0,10.0,440.0,48.0,20.0,20.0,209.0,38.0,3.0,14.0,35.0,23.0,43.0,22.0,40.0,13.0,21.0,8.0,8.0,3.0,3.0,45.0,19.0,2.0,2.0,,,1.0,1.0,1.0,
2020-2021,Bundesliga,cjbvvgkjx0ume03o3mjgw3ox5,J. Beyer,Borussia M'gladbach,15,Forward,4,2,2,0,206,99.0,79.0,79.0,8.0,30.0,143.0,71.0,20.0,6.0,,5.0,5.0,,31.0,2.0,3.0,12.0,17.0,,,,14.0,14.0,5.0,14.0,10.0,,2.0,1.0,1.0,4.0,,,,2.0,,1.0,,1.0,,,,,,,,,,1.0,4.0,,,,,,,,
2020-2021,Bundesliga,c1t4du57x91nwk0e8l1l6ps5x,I. Traoré,Borussia M'gladbach,16,Forward,7,1,6,1,131,46.0,30.0,30.0,2.0,7.0,71.0,29.0,8.0,4.0,,,,,22.0,1.0,6.0,1.0,6.0,,,,6.0,11.0,1.0,,,,4.0,3.0,34.0,,7.0,6.0,14.0,,,1.0,2.0,2.0,,,2.0,1.0,,,,1.0,1.0,,,,,1.0,,,,,
2020-2021,Bundesliga,866f0f7taqhae91o3cjnnx0ph,V. Lazaro,Borussia M'gladbach,19,Forward,22,13,9,8,1319,575.0,421.0,421.0,24.0,107.0,827.0,407.0,111.0,30.0,,20.0,15.0,,265.0,25.0,44.0,41.0,78.0,,,,61.0,112.0,13.0,34.0,16.0,,17.0,6.0,249.0,18.0,31.0,23.0,84.0,7.0,3.0,11.0,8.0,17.0,11.0,7.0,13.0,13.0,4.0,2.0,2.0,10.0,8.0,14.0,5.0,,1.0,10.0,,,,,
2020-2021,Bundesliga,slsd8022q9s3uugsafaqt2ol,T. Sippel,Borussia M'gladbach,21,Forward,4,3,1,0,370,147.0,92.0,92.0,34.0,80.0,161.0,58.0,52.0,52.0,1.0,4.0,1.0,9.0,,0.0,0.0,0.0,0.0,4.0,1.0,3.0,3.0,,,,,2.0,,,,,,,,,,,1.0,,,,,,,,,,,,4.0,,,,,,,,
2020-2021,Bundesliga,9pi6iv3v58tzwbnaojw7udr6d,L. Bénes,Borussia M'gladbach,22,Forward,19,10,9,9,858,377.0,232.0,232.0,14.0,80.0,528.0,233.0,91.0,34.0,,2.0,9.0,,135.0,10.0,19.0,19.0,44.0,,,,45.0,93.0,22.0,25.0,9.0,,14.0,6.0,131.0,16.0,36.0,14.0,45.0,12.0,3.0,8.0,8.0,4.0,7.0,4.0,3.0,10.0,3.0,1.0,1.0,15.0,10.0,2.0,5.0,,2.0,27.0,,,,,
2020-2021,Bundesliga,2513579m13glsous1p82fbjzd,,Borussia M'gladbach,40,Forward,0,0,0,0,0,,,,,,,,,,,,,,,0.0,0.0,0.0,0.0,,,,,,,,,,,,,,,,,,,,,,,,,,,,,,,,,,,,,,,,
2020-2021,Bundesliga,dvo2f7d0yosn404wsrsgeprdh,A. Schwolow,Hertha BSC,1,Goalkeeper,26,26,0,0,2478,923.0,729.0,729.0,197.0,588.0,982.0,532.0,187.0,183.0,10.0,6.0,,71.0,8.0,1.0,1.0,5.0,5.0,39.0,8.0,26.0,34.0,4.0,5.0,4.0,4.0,10.0,,,,,,,,,,,,1.0,,,,,,,,,,1.0,,,,,,,,,
2020-2021,Bundesliga,7wm8whndx19gcpqxtw9safljp,P. Pekarík,Hertha BSC,2,Defender,23,22,1,12,1748,936.0,761.0,761.0,67.0,237.0,1209.0,707.0,133.0,57.0,,41.0,27.0,,449.0,23.0,34.0,38.0,63.0,,,,80.0,102.0,18.0,29.0,15.0,,24.0,6.0,288.0,14.0,26.0,26.0,104.0,12.0,4.0,18.0,6.0,11.0,7.0,2.0,5.0,7.0,5.0,3.0,3.0,13.0,13.0,5.0,9.0,1.0,1.0,,,,,,
2020-2021,Bundesliga,2ebiw2w6d76sttjh8n8871kgl,M. Plattenhardt,Hertha BSC,21,Defender,16,12,4,6,1121,708.0,510.0,510.0,47.0,197.0,859.0,479.0,117.0,67.0,,19.0,1.0,,259.0,14.0,24.0,22.0,37.0,,,,49.0,113.0,7.0,13.0,8.0,,15.0,5.0,187.0,5.0,63.0,41.0,89.0,10.0,1.0,10.0,3.0,8.0,2.0,2.0,5.0,9.0,,,,16.0,10.0,4.0,2.0,,2.0,28.0,,,,,
2020-2021,Bundesliga,asvqr3i5wcjiajxipt1qvldyh,M. Guendouzi,Hertha BSC,8,Midfielder,24,19,5,3,1922,1004.0,854.0,854.0,64.0,352.0,1385.0,795.0,131.0,35.0,,24.0,21.0,,382.0,36.0,64.0,50.0,93.0,,,,121.0,104.0,47.0,29.0,14.0,,24.0,11.0,266.0,15.0,8.0,8.0,67.0,23.0,5.0,13.0,27.0,11.0,12.0,3.0,17.0,15.0,9.0,2.0,2.0,5.0,,23.0,9.0,,2.0,5.0,,1.0,,,
2020-2021,Bundesliga,99jqn2osue4tyo1l7yb93s639,D. Boyata,Hertha BSC,20,Defender,19,17,2,3,1634,1038.0,923.0,923.0,70.0,377.0,1338.0,853.0,114.0,44.0,,68.0,26.0,,380.0,12.0,19.0,41.0,74.0,,,,91.0,70.0,4.0,55.0,29.0,,14.0,7.0,36.0,26.0,,,29.0,8.0,3.0,7.0,1.0,3.0,6.0,5.0,,5.0,1.0,1.0,1.0,,,5.0,24.0,1.0,,,,,,,
2020-2021,Bundesliga,fs5utga62tud5s06xj27qdat,J. Torunarigha,Hertha BSC,25,Defender,14,11,3,2,1039,653.0,558.0,558.0,38.0,291.0,866.0,521.0,89.0,35.0,,54.0,15.0,,164.0,8.0,16.0,28.0,54.0,,,,43.0,56.0,2.0,38.0,20.0,,7.0,3.0,48.0,18.0,2.0,2.0,24.0,16.0,5.0,4.0,3.0,6.0,3.0,2.0,5.0,2.0,1.0,,,1.0,1.0,4.0,3.0,,,,,,,,
2020-2021,Bundesliga,eg9xhi6wfp1duf01pcsn8vfmd,L. Tousart,Hertha BSC,29,Midfielder,26,25,1,8,2183,861.0,652.0,652.0,77.0,261.0,1429.0,578.0,192.0,54.0,,52.0,40.0,,261.0,34.0,58.0,97.0,166.0,,,,142.0,147.0,22.0,108.0,63.0,,33.0,15.0,162.0,45.0,9.0,9.0,58.0,35.0,7.0,18.0,16.0,27.0,17.0,11.0,9.0,6.0,6.0,1.0,1.0,3.0,3.0,16.0,19.0,1.0,,,,2.0,,,
2020-2021,Bundesliga,2p48525x4ap9m81g6ode51cyd,N. Stark,Hertha BSC,5,Defender,33,31,2,2,2954,1568.0,1293.0,1293.0,109.0,605.0,2145.0,1186.0,267.0,103.0,,101.0,42.0,,402.0,30.0,54.0,97.0,169.0,,,,154.0,168.0,29.0,115.0,67.0,,49.0,21.0,121.0,48.0,4.0,4.0,53.0,42.0,2.0,28.0,4.0,27.0,9.0,7.0,3.0,3.0,2.0,,,2.0,2.0,2.0,18.0,,,,,,,,
2020-2021,Bundesliga,5cw4n6kdaa7imeyaiuo2pnq39,D. Lukébakio,Hertha BSC,11,Forward,29,21,8,18,1916,533.0,386.0,386.0,35.0,84.0,952.0,359.0,118.0,22.0,,8.0,12.0,,251.0,53.0,95.0,76.0,143.0,,,,77.0,116.0,31.0,48.0,23.0,,21.0,7.0,377.0,25.0,20.0,19.0,157.0,34.0,3.0,14.0,40.0,13.0,34.0,15.0,35.0,15.0,19.0,5.0,3.0,8.0,7.0,39.0,9.0,,5.0,2.0,2.0,1.0,,1.0,1.0
2020-2021,Bundesliga,5ir834cntiq4qhlw8dqi6rowl,V. Darida,Hertha BSC,6,Midfielder,27,24,3,14,1979,1029.0,714.0,714.0,90.0,218.0,1487.0,645.0,225.0,81.0,,18.0,27.0,,420.0,39.0,70.0,63.0,122.0,,,,120.0,207.0,27.0,52.0,24.0,,34.0,15.0,459.0,28.0,63.0,52.0,161.0,27.0,5.0,19.0,21.0,32.0,19.0,12.0,16.0,27.0,7.0,1.0,1.0,21.0,8.0,20.0,10.0,1.0,7.0,24.0,,5.0,1.0,1.0,
2020-2021,Bundesliga,9rm3r46uzxlmuqnp0jo4danhm,Matheus Cunha,Hertha BSC,10,Midfielder,27,25,2,8,2255,758.0,446.0,446.0,67.0,177.0,1464.0,425.0,182.0,60.0,,9.0,31.0,,229.0,98.0,184.0,113.0,223.0,,,,135.0,200.0,75.0,39.0,15.0,,36.0,20.0,673.0,24.0,78.0,45.0,249.0,46.0,9.0,16.0,68.0,27.0,55.0,21.0,66.0,38.0,34.0,7.0,5.0,46.0,9.0,82.0,17.0,,4.0,70.0,2.0,3.0,,,
2020-2021,Bundesliga,7cdvlgpi8g3e8ttspzvr1k251,M. Leckie,Hertha BSC,7,Forward,17,5,12,4,569,208.0,157.0,157.0,10.0,44.0,389.0,150.0,43.0,5.0,,9.0,13.0,,94.0,10.0,28.0,25.0,64.0,,,,34.0,43.0,3.0,36.0,15.0,,12.0,9.0,108.0,21.0,5.0,5.0,38.0,10.0,,3.0,10.0,8.0,2.0,1.0,9.0,3.0,1.0,,,3.0,3.0,7.0,,,1.0,,,,,,
2020-2021,Bundesliga,240qnsj5nj6l6s3cc618691at,K. Piątek,Hertha BSC,9,Forward,32,18,14,15,1723,396.0,280.0,280.0,13.0,48.0,751.0,269.0,106.0,4.0,,14.0,6.0,,201.0,10.0,28.0,62.0,142.0,,,,38.0,106.0,21.0,114.0,52.0,,9.0,5.0,312.0,62.0,4.0,4.0,130.0,44.0,4.0,4.0,21.0,11.0,35.0,16.0,13.0,7.0,19.0,7.0,7.0,2.0,2.0,6.0,6.0,1.0,1.0,,,1.0,,,
2020-2021,Bundesliga,dy8wa8cciiae72q2ynm80rlcl,J. Dilrosun,Hertha BSC,16,Forward,12,5,7,5,573,175.0,125.0,125.0,14.0,35.0,293.0,114.0,39.0,8.0,,3.0,4.0,,78.0,14.0,28.0,15.0,35.0,,,,28.0,38.0,11.0,7.0,1.0,,5.0,2.0,98.0,6.0,7.0,7.0,40.0,7.0,,3.0,7.0,5.0,8.0,7.0,12.0,5.0,1.0,,,3.0,2.0,11.0,,,1.0,1.0,,1.0,,,
2020-2021,Bundesliga,6q2mf0qrkt51z28b46wltxal1,M. Mittelstädt,Hertha BSC,17,Defender,27,22,5,10,1884,1146.0,819.0,819.0,90.0,305.0,1674.0,750.0,243.0,117.0,,61.0,55.0,,429.0,58.0,105.0,85.0,148.0,,,,147.0,185.0,19.0,43.0,27.0,,66.0,27.0,313.0,16.0,59.0,58.0,105.0,24.0,3.0,39.0,12.0,29.0,12.0,7.0,20.0,17.0,5.0,,,21.0,20.0,19.0,9.0,,2.0,2.0,,,,,
2020-2021,Bundesliga,avp82zop4q55b2z62tww92311,R. Jarstein,Hertha BSC,22,Forward,8,8,0,0,759,284.0,187.0,187.0,72.0,160.0,303.0,115.0,95.0,93.0,2.0,7.0,,22.0,4.0,0.0,0.0,1.0,1.0,13.0,1.0,8.0,8.0,2.0,1.0,1.0,1.0,1.0,,,,,,,,1.0,,,,,,,,,,,,,,,,,,,,,,,
2020-2021,Bundesliga,8sb9g1r6x38psqbg0j1ce28d1,E. Löwen,Hertha BSC,23,Forward,7,1,6,1,118,68.0,51.0,51.0,4.0,14.0,94.0,48.0,13.0,3.0,,1.0,1.0,,23.0,1.0,5.0,1.0,5.0,,,,9.0,12.0,,,,,5.0,4.0,18.0,,2.0,2.0,9.0,1.0,,1.0,3.0,1.0,1.0,1.0,,,,,,1.0,1.0,,,,,,,,,,
2020-2021,Bundesliga,du9vq193cqx7gmve30eijws15,J. Ngankam,Hertha BSC,27,Forward,15,2,13,3,352,49.0,37.0,37.0,1.0,3.0,136.0,36.0,11.0,1.0,,1.0,,,30.0,6.0,17.0,10.0,30.0,,,,11.0,10.0,6.0,13.0,4.0,,5.0,3.0,48.0,9.0,,,22.0,9.0,1.0,2.0,9.0,5.0,6.0,2.0,8.0,1.0,4.0,2.0,2.0,,,4.0,1.0,1.0,,,,,,,
2020-2021,Bundesliga,6mijfayg3juwbk0u95h9gd8x6,M. Dárdai,Hertha BSC,31,Forward,12,9,3,2,868,515.0,403.0,403.0,63.0,183.0,665.0,344.0,87.0,56.0,,31.0,16.0,,160.0,10.0,19.0,15.0,36.0,,,,38.0,51.0,4.0,17.0,5.0,,17.0,7.0,43.0,12.0,20.0,7.0,19.0,10.0,,10.0,2.0,4.0,2.0,2.0,2.0,4.0,,,,4.0,3.0,,3.0,,1.0,14.0,,,,,
2020-2021,Bundesliga,5uro3xukpb1lsnwepj06lgzit,D. Zeefuik,Hertha BSC,42,Forward,22,10,12,9,1008,492.0,344.0,344.0,35.0,101.0,752.0,319.0,121.0,23.0,,36.0,12.0,,200.0,18.0,43.0,54.0,98.0,,,,52.0,110.0,18.0,55.0,36.0,,13.0,4.0,192.0,19.0,12.0,12.0,72.0,19.0,3.0,9.0,5.0,12.0,3.0,1.0,21.0,11.0,2.0,1.0,1.0,10.0,10.0,9.0,3.0,,,,,,,1.0,1.0
2020-2021,Bundesliga,dduj8a3ejx8nmozrlpsa3rj6d,A. Luthe,Union Berlin,1,Goalkeeper,31,31,0,1,2920,1143.0,811.0,811.0,230.0,670.0,1236.0,581.0,331.0,322.0,18.0,8.0,,93.0,13.0,2.0,2.0,13.0,13.0,42.0,5.0,31.0,65.0,9.0,3.0,11.0,11.0,5.0,1.0,,,,,,,1.0,1.0,1.0,,1.0,,,,,,,,,,1.0,,,,,,,,,
2020-2021,Bundesliga,52t6t7cdsr0fjs9ukmwo9y7rp,C. Trimmel,Union Berlin,28,Midfielder,31,30,1,8,2695,1552.0,1028.0,1028.0,126.0,347.0,2100.0,966.0,299.0,180.0,,99.0,50.0,,593.0,35.0,72.0,65.0,124.0,,,,173.0,269.0,11.0,52.0,30.0,,50.0,25.0,547.0,22.0,150.0,79.0,230.0,31.0,9.0,25.0,12.0,25.0,6.0,3.0,12.0,38.0,3.0,1.0,1.0,64.0,36.0,10.0,9.0,,11.0,99.0,,2.0,,,
2020-2021,Bundesliga,3qy1qlzezgfkxeom5n1r9h13p,C. Lenz,Union Berlin,25,Midfielder,27,27,0,10,2328,1322.0,919.0,919.0,118.0,339.0,1845.0,819.0,318.0,137.0,,50.0,35.0,,443.0,61.0,105.0,92.0,177.0,,,,148.0,240.0,19.0,72.0,31.0,,74.0,33.0,392.0,41.0,59.0,58.0,147.0,27.0,3.0,41.0,13.0,29.0,12.0,6.0,11.0,16.0,6.0,,,18.0,17.0,20.0,9.0,,3.0,2.0,,1.0,,,
2020-2021,Bundesliga,cl6720rdjeubt0bc3su0qg3qh,J. Ryerson,Union Berlin,6,Forward,24,10,14,6,1159,563.0,412.0,412.0,37.0,135.0,819.0,380.0,122.0,30.0,,17.0,11.0,,233.0,26.0,45.0,38.0,85.0,,,,64.0,113.0,12.0,40.0,12.0,,22.0,7.0,165.0,28.0,21.0,21.0,58.0,10.0,2.0,15.0,13.0,13.0,4.0,4.0,12.0,7.0,,,,5.0,5.0,11.0,2.0,,,,,,,,
2020-2021,Bundesliga,cab22ojcuhdzdwmbtl20n8i51,R. Knoche,Union Berlin,31,Defender,34,34,0,1,3211,2097.0,1762.0,1762.0,165.0,888.0,2803.0,1597.0,328.0,161.0,,118.0,49.0,,463.0,37.0,57.0,106.0,195.0,,,,243.0,167.0,13.0,138.0,69.0,,44.0,15.0,79.0,69.0,,,41.0,36.0,4.0,29.0,7.0,16.0,10.0,6.0,5.0,3.0,4.0,1.0,1.0,,,8.0,29.0,1.0,,,,,,,
2020-2021,Bundesliga,ckjid5lfgbx8tdyoi32vbwn9x,M. Friedrich,Union Berlin,5,Defender,34,34,0,0,3233,1827.0,1440.0,1440.0,152.0,689.0,2545.0,1291.0,366.0,190.0,,109.0,52.0,,531.0,41.0,63.0,129.0,214.0,,,,204.0,186.0,22.0,151.0,88.0,,47.0,18.0,200.0,63.0,10.0,10.0,85.0,25.0,1.0,29.0,6.0,20.0,18.0,12.0,4.0,12.0,6.0,5.0,5.0,3.0,3.0,12.0,25.0,4.0,1.0,,,1.0,,,
2020-2021,Bundesliga,4tev0kk0om8cr1xbwpt8bozit,R. Andrich,Union Berlin,30,Midfielder,29,29,0,2,2742,1442.0,1126.0,1126.0,73.0,399.0,2029.0,1054.0,290.0,87.0,,31.0,51.0,,517.0,43.0,77.0,89.0,148.0,,,,176.0,219.0,34.0,71.0,46.0,,51.0,27.0,301.0,25.0,16.0,16.0,50.0,50.0,5.0,24.0,12.0,34.0,29.0,19.0,7.0,18.0,10.0,5.0,4.0,1.0,1.0,19.0,19.0,,2.0,,1.0,2.0,1.0,1.0,
2020-2021,Bundesliga,57c808184l80uuuv7z3flcu6t,G. Prömel,Union Berlin,21,Midfielder,24,21,3,13,1879,718.0,554.0,554.0,30.0,157.0,1129.0,527.0,152.0,26.0,,22.0,24.0,,313.0,40.0,73.0,57.0,113.0,,,,117.0,133.0,52.0,40.0,17.0,,39.0,16.0,183.0,23.0,7.0,7.0,50.0,30.0,7.0,23.0,17.0,18.0,13.0,8.0,17.0,8.0,5.0,3.0,3.0,3.0,3.0,17.0,9.0,3.0,1.0,,,,,,
2020-2021,Bundesliga,4rgz5z372h6sbwhpxl69cb6c5,M. Ingvartsen,Union Berlin,32,Midfielder,30,24,6,15,2037,666.0,451.0,451.0,23.0,137.0,1183.0,439.0,158.0,37.0,,10.0,18.0,,255.0,27.0,61.0,66.0,146.0,,,,126.0,160.0,29.0,85.0,39.0,,17.0,6.0,375.0,46.0,39.0,33.0,118.0,44.0,4.0,11.0,35.0,22.0,28.0,14.0,28.0,13.0,14.0,3.0,3.0,11.0,6.0,16.0,10.0,,5.0,11.0,,3.0,,,
2020-2021,Bundesliga,c82gu4dg85nwgkp7quzwqvefp,M. Kruse,Union Berlin,10,Forward,22,19,3,9,1697,765.0,543.0,543.0,57.0,138.0,1043.0,510.0,150.0,34.0,,3.0,3.0,,360.0,14.0,27.0,24.0,65.0,,,,84.0,159.0,12.0,38.0,10.0,,7.0,4.0,379.0,28.0,43.0,30.0,107.0,5.0,,3.0,11.0,11.0,26.0,7.0,9.0,28.0,19.0,11.0,6.0,24.0,12.0,11.0,4.0,3.0,6.0,25.0,5.0,2.0,,,
2020-2021,Bundesliga,55eiicx10oqok1601fqyovt1x,T. Awoniyi,Union Berlin,14,Forward,21,16,5,13,1395,295.0,194.0,194.0,7.0,43.0,677.0,187.0,96.0,7.0,,4.0,3.0,,121.0,16.0,38.0,49.0,147.0,,,,44.0,93.0,20.0,109.0,33.0,,5.0,2.0,281.0,76.0,4.0,4.0,104.0,22.0,,3.0,29.0,9.0,26.0,13.0,20.0,17.0,13.0,5.0,5.0,,,13.0,4.0,2.0,3.0,,,1.0,,,
2020-2021,Bundesliga,c27e3oaf6c54cabbb3iuqg2xh,A. Gogia,Union Berlin,7,Forward,7,0,7,0,172,57.0,40.0,40.0,2.0,15.0,87.0,38.0,17.0,2.0,,,1.0,,20.0,2.0,5.0,3.0,8.0,,,,9.0,15.0,4.0,3.0,1.0,,1.0,1.0,38.0,2.0,,,14.0,6.0,1.0,,2.0,,2.0,,2.0,1.0,2.0,,,,,2.0,,,1.0,,,1.0,,,
2020-2021,Bundesliga,6b7p3ncup75mpop91n0u1mw2d,M. Bülter,Union Berlin,15,Forward,26,8,18,6,1088,317.0,179.0,179.0,9.0,43.0,582.0,180.0,91.0,15.0,,11.0,12.0,,120.0,18.0,44.0,30.0,78.0,,,,69.0,109.0,15.0,34.0,12.0,,15.0,7.0,212.0,22.0,33.0,33.0,84.0,12.0,1.0,8.0,11.0,15.0,13.0,7.0,19.0,10.0,6.0,1.0,1.0,10.0,10.0,10.0,6.0,,1.0,,,,,,
2020-2021,Bundesliga,1cwzrgv2i3dpda6hubz64a7vu,T. Maciejewski,Union Berlin,16,Forward,1,0,1,0,12,3.0,2.0,2.0,,,3.0,2.0,1.0,,,,,,2.0,0.0,0.0,0.0,0.0,,,,,1.0,,,,,,,3.0,,,,1.0,,,,,,,,,,,,,,,,,,,,,,,,
2020-2021,Bundesliga,b47n6vo9f60gsa14aq2zq37xl,K. Endo,Union Berlin,18,Forward,16,4,12,4,510,111.0,72.0,72.0,2.0,18.0,214.0,73.0,30.0,7.0,,4.0,6.0,,38.0,8.0,21.0,13.0,35.0,,,,26.0,29.0,13.0,14.0,5.0,,8.0,5.0,81.0,9.0,6.0,6.0,39.0,9.0,,3.0,4.0,3.0,6.0,3.0,8.0,6.0,3.0,1.0,1.0,3.0,3.0,5.0,4.0,,,,,,,,
2020-2021,Bundesliga,7m4pw4plxndt68iq7f3s60cet,L. Karius,Union Berlin,20,Forward,4,3,1,0,313,96.0,57.0,57.0,24.0,51.0,105.0,33.0,37.0,37.0,2.0,2.0,,4.0,1.0,0.0,0.0,2.0,2.0,1.0,2.0,3.0,4.0,,,2.0,2.0,,,,,,,,,,,,,,,,,,,,,,,,1.0,,,,,,,,
2020-2021,Bundesliga,emtrl7rrhp3ybsibf1f89kyj9,N. Gießelmann,Union Berlin,23,Forward,13,4,9,1,490,257.0,166.0,166.0,18.0,66.0,358.0,151.0,66.0,27.0,,13.0,8.0,,76.0,9.0,14.0,18.0,35.0,,,,23.0,60.0,10.0,21.0,9.0,,12.0,3.0,102.0,12.0,21.0,21.0,34.0,4.0,3.0,9.0,2.0,6.0,3.0,3.0,2.0,2.0,,,,3.0,3.0,,4.0,,,,,,,,
2020-2021,Bundesliga,cywgibmici8hwp1ad1nhk3ufp,S. Becker,Union Berlin,27,Forward,18,15,3,13,1130,326.0,188.0,188.0,12.0,48.0,569.0,190.0,83.0,15.0,,7.0,6.0,,117.0,19.0,34.0,26.0,63.0,,,,78.0,106.0,14.0,29.0,7.0,,5.0,1.0,252.0,22.0,38.0,38.0,109.0,21.0,2.0,4.0,11.0,4.0,25.0,15.0,14.0,15.0,10.0,3.0,3.0,14.0,14.0,15.0,6.0,,4.0,,,,,,
2020-2021,Bundesliga,94fjjy0oesuu30xgkpo7azmxh,S. Griesbeck,Union Berlin,33,Forward,24,8,16,6,976,231.0,163.0,163.0,9.0,51.0,405.0,156.0,62.0,10.0,,8.0,5.0,,87.0,10.0,24.0,25.0,59.0,,,,46.0,55.0,7.0,35.0,15.0,,20.0,11.0,80.0,20.0,3.0,3.0,25.0,16.0,3.0,9.0,7.0,10.0,3.0,2.0,3.0,,1.0,,,2.0,1.0,1.0,4.0,,,1.0,,,,,
2020-2021,Bundesliga,f1x94ackj7vsp7pnz56qxqhn9,C. Teuchert,Union Berlin,36,Forward,24,5,19,6,846,188.0,126.0,126.0,9.0,39.0,414.0,119.0,54.0,7.0,,6.0,5.0,,66.0,12.0,28.0,18.0,62.0,,,,43.0,52.0,14.0,34.0,6.0,,7.0,2.0,158.0,28.0,5.0,4.0,55.0,14.0,2.0,5.0,16.0,12.0,17.0,7.0,14.0,8.0,10.0,3.0,3.0,2.0,1.0,7.0,7.0,,1.0,2.0,,,,,
2020-2021,Bundesliga,cm8po8ez5w9ms01gid6w3kwk5,O. Baumann,Hoffenheim,1,Goalkeeper,31,31,0,0,2941,1349.0,1049.0,1049.0,194.0,794.0,1464.0,855.0,298.0,291.0,14.0,14.0,2.0,87.0,22.0,0.0,0.0,7.0,8.0,51.0,6.0,31.0,78.0,7.0,6.0,8.0,7.0,6.0,,,1.0,1.0,,,1.0,,1.0,,,,,,,,,,,,,,,,,,,,,,
2020-2021,Bundesliga,1po7tmdv73zfjentt0p20wdlh,S. Posch,Hoffenheim,38,Defender,26,25,1,5,2214,1464.0,1143.0,1143.0,97.0,521.0,1951.0,1056.0,288.0,113.0,,73.0,37.0,,455.0,32.0,71.0,82.0,155.0,,,,121.0,193.0,13.0,84.0,50.0,,52.0,28.0,211.0,34.0,18.0,18.0,71.0,38.0,10.0,24.0,8.0,19.0,6.0,4.0,11.0,8.0,2.0,,,10.0,10.0,8.0,12.0,,,,,,,1.0,1.0
2020-2021,Bundesliga,cag3gzjcv8erx3zpp2lidzcvd,R. Sessegnon,Hoffenheim,17,Defender,23,17,6,4,1674,934.0,698.0,698.0,52.0,245.0,1320.0,664.0,165.0,50.0,,46.0,30.0,,386.0,37.0,85.0,53.0,121.0,,,,93.0,166.0,4.0,36.0,16.0,,47.0,22.0,367.0,20.0,51.0,51.0,118.0,35.0,4.0,25.0,9.0,23.0,3.0,1.0,26.0,15.0,2.0,2.0,2.0,18.0,18.0,12.0,5.0,,4.0,,,1.0,,,
2020-2021,Bundesliga,c1nt67z429kirthuhkdxouor9,D. Samassékou,Hoffenheim,18,Midfielder,31,31,0,13,2656,1376.0,1130.0,1130.0,77.0,348.0,2081.0,1055.0,237.0,41.0,,50.0,78.0,,572.0,62.0,104.0,108.0,207.0,,,,202.0,201.0,45.0,103.0,46.0,,71.0,30.0,321.0,57.0,5.0,5.0,23.0,42.0,3.0,41.0,21.0,29.0,11.0,11.0,12.0,11.0,,,,2.0,2.0,21.0,17.0,,3.0,,,2.0,,,
2020-2021,Bundesliga,elh8kttxq9xfpoqfmpxv9jr2t,K. Vogt,Hoffenheim,22,Defender,24,20,4,2,1947,1516.0,1349.0,1349.0,183.0,741.0,1849.0,1167.0,162.0,79.0,,71.0,16.0,,374.0,15.0,22.0,39.0,61.0,,,,147.0,86.0,13.0,39.0,24.0,,18.0,6.0,20.0,15.0,3.0,3.0,,22.0,6.0,12.0,1.0,9.0,1.0,1.0,1.0,3.0,,,,1.0,1.0,3.0,12.0,,1.0,,,,,,
2020-2021,Bundesliga,6ojuz6k2i9vyy2wyc60owyytx,H. Nordtveit,Hoffenheim,6,Forward,12,6,6,0,751,451.0,381.0,381.0,46.0,230.0,615.0,335.0,69.0,32.0,,42.0,13.0,,79.0,4.0,11.0,27.0,47.0,,,,39.0,38.0,7.0,36.0,23.0,,6.0,4.0,17.0,13.0,1.0,1.0,6.0,4.0,1.0,2.0,,2.0,3.0,2.0,3.0,2.0,1.0,,,,,2.0,2.0,,,,,,,,
2020-2021,Bundesliga,3rj7x05qx17n925xfpcrl0jpx,S. Rudy,Hoffenheim,16,Midfielder,27,23,4,9,1931,1092.0,739.0,739.0,48.0,302.0,1453.0,728.0,228.0,72.0,,25.0,14.0,,366.0,38.0,65.0,51.0,96.0,,,,113.0,240.0,15.0,31.0,13.0,,39.0,11.0,456.0,18.0,84.0,42.0,146.0,30.0,4.0,28.0,10.0,22.0,12.0,4.0,16.0,24.0,8.0,1.0,1.0,37.0,10.0,10.0,12.0,,2.0,69.0,,,,,
2020-2021,Bundesliga,1ekkj2b713kjnugsk4dz50q1h,F. Grillitsch,Hoffenheim,11,Midfielder,26,22,4,6,1988,1427.0,1222.0,1222.0,128.0,578.0,1948.0,1100.0,189.0,55.0,,47.0,51.0,,405.0,38.0,58.0,68.0,118.0,,,,181.0,141.0,30.0,60.0,30.0,,37.0,16.0,277.0,30.0,7.0,7.0,49.0,30.0,5.0,21.0,15.0,31.0,17.0,8.0,4.0,13.0,9.0,2.0,2.0,6.0,5.0,17.0,10.0,1.0,2.0,1.0,,1.0,,1.0,1.0
2020-2021,Bundesliga,ew18qvvupaejxubhqmxmbd39x,A. Kramarić,Hoffenheim,27,Forward,28,26,2,9,2474,1019.0,742.0,742.0,53.0,199.0,1451.0,727.0,159.0,44.0,,5.0,7.0,,483.0,29.0,63.0,36.0,88.0,,,,96.0,182.0,42.0,25.0,7.0,,7.0,3.0,707.0,18.0,67.0,56.0,258.0,2.0,2.0,4.0,38.0,7.0,74.0,30.0,31.0,32.0,44.0,20.0,13.0,38.0,21.0,25.0,23.0,1.0,5.0,28.0,7.0,5.0,,,
2020-2021,Bundesliga,bkbmygo5f1glcs6xssawl26z9,I. Bebou,Hoffenheim,9,Forward,32,23,9,10,2315,630.0,451.0,451.0,17.0,86.0,1279.0,449.0,134.0,11.0,,16.0,17.0,,304.0,52.0,107.0,107.0,245.0,,,,90.0,152.0,32.0,138.0,55.0,,24.0,15.0,657.0,83.0,29.0,29.0,285.0,24.0,3.0,9.0,56.0,14.0,43.0,24.0,40.0,31.0,19.0,9.0,9.0,15.0,15.0,43.0,9.0,1.0,6.0,,,,,,
2020-2021,Bundesliga,5pousbiuqbus68yekd0mhc5pl,C. Baumgartner,Hoffenheim,14,Midfielder,31,28,3,15,2459,951.0,694.0,694.0,36.0,216.0,1709.0,663.0,230.0,33.0,,24.0,24.0,,380.0,66.0,127.0,119.0,269.0,,,,140.0,213.0,53.0,142.0,53.0,,44.0,13.0,612.0,89.0,16.0,15.0,190.0,70.0,7.0,31.0,36.0,32.0,50.0,29.0,48.0,27.0,21.0,6.0,6.0,5.0,4.0,35.0,19.0,1.0,4.0,2.0,,1.0,,,
2020-2021,Bundesliga,e9c0v3ik308t91njildxzc6vp,M. Dabbur,Hoffenheim,10,Forward,22,11,11,9,1059,324.0,226.0,226.0,9.0,65.0,601.0,222.0,90.0,10.0,,7.0,9.0,,124.0,24.0,45.0,38.0,82.0,,,,45.0,83.0,24.0,37.0,14.0,,6.0,3.0,261.0,23.0,3.0,2.0,91.0,19.0,2.0,3.0,17.0,6.0,22.0,8.0,18.0,10.0,14.0,4.0,4.0,5.0,5.0,21.0,6.0,,,1.0,,1.0,,,
2020-2021,Bundesliga,dh15r2p7e0c5cwezilhq3fi6t,P. Pentke,Hoffenheim,12,Forward,3,3,0,0,279,109.0,93.0,93.0,16.0,72.0,115.0,77.0,16.0,14.0,,,,10.0,1.0,0.0,0.0,1.0,1.0,3.0,0.0,3.0,3.0,2.0,,1.0,1.0,1.0,,,,,,,,,,,,,,,,,,,,,,,,,,,,,,,
2020-2021,Bundesliga,dpqm3menp3xy0tq2gm76bo5hx,K. Adams,Hoffenheim,15,Forward,12,11,1,1,1037,660.0,550.0,550.0,51.0,291.0,897.0,500.0,105.0,50.0,,38.0,15.0,,174.0,12.0,19.0,37.0,61.0,,,,73.0,59.0,6.0,42.0,25.0,,13.0,6.0,40.0,17.0,4.0,4.0,14.0,12.0,,7.0,4.0,5.0,8.0,6.0,1.0,1.0,2.0,,,1.0,1.0,5.0,4.0,,,,,,,,
2020-2021,Bundesliga,33vdvzbclcs4eh2dshydkc3it,M. Gaćinović,Hoffenheim,20,Forward,23,7,16,5,909,444.0,323.0,323.0,14.0,103.0,663.0,314.0,92.0,20.0,,15.0,18.0,,168.0,15.0,35.0,20.0,51.0,,,,61.0,95.0,7.0,16.0,5.0,,18.0,8.0,221.0,11.0,23.0,21.0,57.0,13.0,5.0,10.0,5.0,13.0,12.0,10.0,12.0,8.0,2.0,,,5.0,2.0,5.0,1.0,,1.0,5.0,,,,,
2020-2021,Bundesliga,6yhylu5q0y924amgv7vlodkgl,K. Akpoguma,Hoffenheim,25,Defender,16,14,2,4,1257,735.0,599.0,599.0,33.0,305.0,982.0,567.0,127.0,66.0,,32.0,13.0,,191.0,18.0,29.0,39.0,78.0,,,,69.0,68.0,16.0,49.0,21.0,,18.0,6.0,55.0,28.0,7.0,7.0,19.0,15.0,1.0,12.0,1.0,13.0,2.0,,5.0,2.0,2.0,1.0,1.0,1.0,1.0,6.0,15.0,1.0,,,,,,,
2020-2021,Bundesliga,arwidogdfccsjv8fxa1veezf9,R. Skov,Hoffenheim,29,Forward,23,12,11,12,1254,508.0,325.0,325.0,34.0,85.0,800.0,314.0,101.0,40.0,,10.0,15.0,,221.0,22.0,51.0,36.0,85.0,,,,67.0,118.0,16.0,34.0,14.0,,19.0,9.0,338.0,20.0,57.0,43.0,129.0,8.0,,10.0,7.0,7.0,20.0,13.0,20.0,14.0,7.0,1.0,1.0,23.0,7.0,12.0,15.0,,1.0,30.0,,1.0,1.0,1.0,
2020-2021,Bundesliga,ep37yla2gowrtjuj9itcf1lka,M. John,Hoffenheim,30,Midfielder,14,12,2,4,1019,537.0,404.0,404.0,25.0,134.0,798.0,389.0,105.0,14.0,,21.0,16.0,,221.0,30.0,59.0,38.0,90.0,,,,57.0,108.0,14.0,31.0,8.0,,21.0,6.0,260.0,23.0,17.0,17.0,93.0,5.0,1.0,15.0,9.0,17.0,2.0,2.0,23.0,10.0,,,,10.0,10.0,15.0,4.0,,,,,,,,
2020-2021,Bundesliga,73wkaux439sdodxdjhn1152sq,M. Bogarde,Hoffenheim,32,Forward,9,2,7,1,299,170.0,142.0,142.0,10.0,54.0,249.0,133.0,26.0,5.0,,1.0,5.0,,70.0,10.0,16.0,14.0,23.0,,,,28.0,22.0,10.0,7.0,4.0,,7.0,4.0,49.0,3.0,1.0,1.0,9.0,5.0,1.0,3.0,5.0,,3.0,1.0,2.0,5.0,2.0,,,1.0,1.0,7.0,1.0,,1.0,,,,,,
2020-2021,Bundesliga,2nby269m85yxc6vduq3weknah,João Klauss,Hoffenheim,33,Forward,4,0,4,0,79,22.0,20.0,20.0,1.0,5.0,37.0,19.0,1.0,,,,,,13.0,0.0,1.0,2.0,7.0,,,,,2.0,,6.0,2.0,,1.0,1.0,25.0,4.0,1.0,1.0,6.0,3.0,,,3.0,,1.0,,,2.0,1.0,,,,,,,,,,,,,,
2020-2021,Bundesliga,61xxo4zsk6hby0swa756l3wlx,R. Gikiewicz,Augsburg,1,Goalkeeper,34,34,0,0,3231,1389.0,964.0,964.0,286.0,743.0,1476.0,678.0,420.0,408.0,33.0,9.0,3.0,130.0,27.0,1.0,1.0,10.0,11.0,54.0,7.0,34.0,42.0,12.0,3.0,10.0,9.0,11.0,,,,1.0,,,,,3.0,,,,,,,,,,,,,1.0,,,,,,,,,
2020-2021,Bundesliga,89hc9e27swp796vy7yvylg3x1,R. Framberger,Augsburg,32,Defender,21,19,2,8,1639,745.0,467.0,467.0,30.0,196.0,1138.0,448.0,219.0,79.0,,62.0,36.0,,174.0,32.0,65.0,53.0,112.0,,,,75.0,184.0,12.0,47.0,21.0,,42.0,19.0,230.0,26.0,44.0,44.0,74.0,13.0,5.0,23.0,17.0,22.0,2.0,,14.0,10.0,2.0,,,11.0,11.0,9.0,2.0,,1.0,,,,,1.0,1.0
2020-2021,Bundesliga,3j2pv0methgc8k8rtqbi079p1,F. Uduokhai,Augsburg,19,Defender,29,29,0,0,2754,1491.0,1213.0,1213.0,106.0,534.0,2169.0,1109.0,269.0,107.0,,164.0,54.0,,466.0,39.0,52.0,139.0,203.0,,,,143.0,165.0,25.0,151.0,100.0,,33.0,9.0,99.0,51.0,3.0,3.0,52.0,23.0,5.0,24.0,10.0,23.0,10.0,6.0,4.0,3.0,4.0,1.0,1.0,2.0,2.0,15.0,29.0,1.0,1.0,,,,,,
2020-2021,Bundesliga,8ls8npa774mbrxje10ff46sb9,C. Gruezo,Augsburg,25,Midfielder,28,23,5,12,2154,791.0,628.0,628.0,65.0,268.0,1236.0,564.0,161.0,59.0,,29.0,35.0,,241.0,44.0,70.0,50.0,100.0,,,,154.0,103.0,12.0,30.0,6.0,,57.0,25.0,112.0,24.0,1.0,1.0,5.0,35.0,4.0,32.0,10.0,27.0,9.0,9.0,1.0,6.0,,,,1.0,1.0,12.0,12.0,,,,,1.0,,,
2020-2021,Bundesliga,tedxo29s8xx0a71z6sidw7v9,J. Gouweleeuw,Augsburg,6,Defender,32,32,0,1,2995,1613.0,1258.0,1258.0,136.0,700.0,2303.0,1126.0,336.0,190.0,,149.0,69.0,,323.0,33.0,57.0,85.0,164.0,,,,195.0,153.0,7.0,107.0,52.0,,36.0,16.0,95.0,55.0,7.0,7.0,31.0,26.0,9.0,20.0,3.0,19.0,7.0,3.0,8.0,5.0,4.0,1.0,1.0,4.0,4.0,13.0,19.0,,,,,2.0,,,
2020-2021,Bundesliga,a225kc9tqxek5hk5247ps86vp,M. Suchý,Augsburg,5,Forward,5,3,2,1,317,145.0,127.0,127.0,5.0,72.0,185.0,123.0,17.0,8.0,,9.0,4.0,,37.0,2.0,4.0,8.0,12.0,,,,13.0,9.0,3.0,8.0,6.0,,4.0,2.0,5.0,2.0,,,,5.0,2.0,2.0,,,,,,,,,,1.0,1.0,,3.0,,,,,,,,
2020-2021,Bundesliga,d8h5ge9ust20o7us968acnsnp,D. Caligiuri,Augsburg,20,Midfielder,33,31,2,9,2795,1185.0,751.0,751.0,94.0,306.0,2004.0,701.0,293.0,96.0,,41.0,38.0,,371.0,107.0,166.0,137.0,246.0,,,,197.0,288.0,61.0,80.0,30.0,,71.0,25.0,608.0,50.0,91.0,47.0,217.0,35.0,5.0,46.0,62.0,39.0,31.0,15.0,34.0,39.0,16.0,6.0,4.0,44.0,13.0,61.0,15.0,1.0,4.0,75.0,2.0,2.0,,,
2020-2021,Bundesliga,73z7h8f8muef6eqlnfpqaaq51,T. Strobl,Augsburg,33,Midfielder,29,21,8,8,1939,809.0,654.0,654.0,51.0,259.0,1194.0,605.0,145.0,47.0,,27.0,28.0,,286.0,19.0,34.0,38.0,83.0,,,,131.0,103.0,27.0,49.0,19.0,,21.0,11.0,149.0,30.0,5.0,5.0,32.0,18.0,4.0,10.0,17.0,13.0,5.0,4.0,4.0,11.0,1.0,,,2.0,2.0,9.0,9.0,,,,,,,,
2020-2021,Bundesliga,48xfkorlx0hu677np4669wbth,F. Niederlechner,Augsburg,7,Forward,28,21,7,16,1844,324.0,212.0,212.0,9.0,48.0,681.0,205.0,99.0,7.0,,18.0,10.0,,132.0,21.0,32.0,48.0,122.0,,,,63.0,103.0,43.0,90.0,27.0,,7.0,2.0,250.0,63.0,11.0,11.0,121.0,24.0,3.0,5.0,19.0,5.0,34.0,16.0,9.0,10.0,18.0,5.0,5.0,2.0,2.0,16.0,16.0,1.0,3.0,,,2.0,,1.0,1.0
2020-2021,Bundesliga,7c6034wb3zsuq9nhxxiahiuol,M. Gregoritsch,Augsburg,11,Forward,24,9,15,8,915,267.0,162.0,162.0,10.0,44.0,500.0,156.0,84.0,22.0,,17.0,3.0,,101.0,20.0,35.0,46.0,99.0,,,,37.0,73.0,15.0,64.0,26.0,,13.0,3.0,140.0,38.0,11.0,10.0,39.0,12.0,1.0,10.0,14.0,2.0,10.0,7.0,12.0,6.0,3.0,1.0,1.0,4.0,4.0,10.0,2.0,1.0,3.0,1.0,,1.0,,,
2020-2021,Bundesliga,4zrut521fzw9fddqt74pnl756,R. Vargas,Augsburg,16,Midfielder,30,18,12,12,1792,551.0,408.0,408.0,31.0,101.0,1029.0,380.0,122.0,22.0,,27.0,18.0,,259.0,48.0,95.0,66.0,139.0,,,,106.0,116.0,30.0,44.0,18.0,,18.0,6.0,362.0,26.0,16.0,15.0,117.0,27.0,2.0,12.0,34.0,24.0,30.0,17.0,41.0,20.0,13.0,6.0,6.0,3.0,3.0,36.0,10.0,2.0,3.0,1.0,,3.0,1.0,1.0,
2020-2021,Bundesliga,42y28apj15eu4l35somvxq3qi,T. Civeja,Augsburg,41,Forward,3,0,3,0,46,23.0,17.0,17.0,,6.0,32.0,17.0,6.0,1.0,,,3.0,,10.0,0.0,0.0,1.0,1.0,,,,4.0,5.0,,1.0,1.0,,,,2.0,,,,,,,,,,,,,,,,,,,,,,,,,,,,
2020-2021,Bundesliga,5arng6g4ietx2jwgcd2kpqdpl,R. Gumny,Augsburg,2,Forward,24,14,10,5,1461,590.0,430.0,430.0,31.0,143.0,885.0,404.0,127.0,42.0,,31.0,18.0,,221.0,22.0,43.0,40.0,79.0,,,,76.0,111.0,19.0,36.0,18.0,,24.0,9.0,238.0,18.0,26.0,26.0,100.0,21.0,4.0,15.0,17.0,10.0,5.0,2.0,12.0,5.0,3.0,1.0,1.0,5.0,5.0,7.0,3.0,,1.0,,,,,,
2020-2021,Bundesliga,bbgk4kk0eineku8xfgciw7op,,Augsburg,4,Forward,0,0,0,0,0,,,,,,,,,,,,,,,0.0,0.0,0.0,0.0,,,,,,,,,,,,,,,,,,,,,,,,,,,,,,,,,,,,,,,,
2020-2021,Bundesliga,1vv29mash2uijx542ssjk666t,R. Khedira,Augsburg,8,Midfielder,27,23,4,12,1904,663.0,466.0,466.0,23.0,174.0,986.0,446.0,189.0,53.0,,47.0,31.0,,205.0,12.0,32.0,51.0,97.0,,,,82.0,139.0,19.0,65.0,39.0,,29.0,19.0,105.0,26.0,3.0,3.0,31.0,23.0,5.0,10.0,6.0,9.0,9.0,5.0,1.0,5.0,4.0,1.0,1.0,3.0,3.0,2.0,6.0,,1.0,,,,,,
2020-2021,Bundesliga,djggrnjp9s4p2mlbzhx6arbh1,M. Richter,Augsburg,23,Forward,29,16,13,13,1508,480.0,268.0,268.0,32.0,88.0,937.0,247.0,137.0,51.0,,9.0,6.0,,148.0,43.0,85.0,57.0,137.0,,,,103.0,140.0,36.0,52.0,14.0,,17.0,8.0,366.0,38.0,54.0,42.0,124.0,20.0,3.0,9.0,31.0,10.0,38.0,19.0,34.0,11.0,19.0,3.0,3.0,11.0,7.0,34.0,17.0,1.0,1.0,16.0,,1.0,,1.0,1.0
2020-2021,Bundesliga,5723ov5phdi50orxufuflv33e,,Augsburg,35,Forward,0,0,0,0,0,,,,,,,,,,,,,,,0.0,0.0,0.0,0.0,,,,,,,,,,,,,,,,,,,,,,,,,,,,,,,,,,,,,,,,
2020-2021,Bundesliga,afn30dmio6sn1h8l4imwwd711,R. Oxford,Augsburg,36,Forward,24,13,11,1,1476,689.0,563.0,563.0,39.0,277.0,1033.0,525.0,122.0,53.0,,89.0,29.0,,209.0,22.0,33.0,73.0,123.0,,,,63.0,69.0,13.0,90.0,51.0,,26.0,8.0,60.0,39.0,,,30.0,14.0,2.0,18.0,4.0,6.0,4.0,3.0,3.0,2.0,1.0,,,1.0,1.0,4.0,24.0,,,,,1.0,,,
2020-2021,Bundesliga,840353qq4b6ufh0hhm9o0n45x,,Augsburg,40,Forward,0,0,0,0,0,,,,,,,,,,,,,,,0.0,0.0,0.0,0.0,,,,,,,,,,,,,,,,,,,,,,,,,,,,,,,,,,,,,,,,
2020-2021,Bundesliga,224uan6ugjt7b2c1zsxrs2pcl,T. Horn,Köln,1,Goalkeeper,34,34,0,1,3166,1337.0,997.0,997.0,332.0,863.0,1424.0,665.0,334.0,327.0,14.0,11.0,,99.0,14.0,2.0,3.0,5.0,7.0,60.0,5.0,34.0,59.0,7.0,1.0,4.0,3.0,6.0,1.0,1.0,,1.0,,,,,,,,1.0,,,,1.0,,,,,,2.0,,,,,,,,,
2020-2021,Bundesliga,5irixhhyayq9yl7sb2kohjrv9,M. Wolf,Köln,31,Midfielder,31,29,2,11,2639,1269.0,846.0,846.0,87.0,353.0,1931.0,768.0,355.0,117.0,,47.0,28.0,,366.0,56.0,116.0,78.0,175.0,,,,173.0,293.0,55.0,59.0,22.0,,35.0,16.0,524.0,37.0,55.0,55.0,219.0,27.0,3.0,19.0,45.0,26.0,30.0,19.0,44.0,20.0,11.0,2.0,2.0,9.0,9.0,37.0,14.0,,2.0,,,,,,
2020-2021,Bundesliga,9bqv99e39z86mn7dq3wnyt90p,I. Jakobs,Köln,8,Midfielder,23,18,5,6,1811,703.0,448.0,448.0,42.0,142.0,1060.0,417.0,175.0,80.0,,36.0,16.0,,261.0,19.0,48.0,44.0,91.0,,,,84.0,161.0,13.0,43.0,25.0,,25.0,15.0,389.0,18.0,66.0,66.0,164.0,23.0,6.0,10.0,9.0,17.0,19.0,13.0,14.0,16.0,6.0,1.0,1.0,11.0,11.0,9.0,4.0,,2.0,,,,,,
2020-2021,Bundesliga,fr9ac60188vlmtbrcddhxii1,S. Bornauw,Köln,33,Defender,24,23,1,0,2197,922.0,751.0,751.0,94.0,344.0,1345.0,658.0,167.0,79.0,,104.0,40.0,,247.0,24.0,35.0,86.0,142.0,,,,80.0,89.0,9.0,107.0,62.0,,29.0,9.0,64.0,45.0,1.0,1.0,49.0,24.0,3.0,20.0,,7.0,14.0,9.0,2.0,1.0,5.0,1.0,1.0,1.0,1.0,4.0,30.0,1.0,1.0,,,,,,
2020-2021,Bundesliga,afdwdm1rkz1ir3c0tukfh3jhm,S. Čestić,Köln,26,Defender,11,11,0,2,938,433.0,314.0,314.0,24.0,147.0,627.0,290.0,119.0,66.0,,40.0,18.0,,134.0,10.0,23.0,30.0,54.0,,,,46.0,53.0,4.0,31.0,20.0,,20.0,11.0,10.0,11.0,,,4.0,15.0,3.0,9.0,4.0,9.0,1.0,1.0,2.0,2.0,,,,,,1.0,4.0,,,,,,,,
2020-2021,Bundesliga,brs96wp9u2t10tsqfdwcyhnth,J. Horn,Köln,23,Defender,29,20,9,8,1869,921.0,699.0,699.0,86.0,329.0,1251.0,630.0,171.0,80.0,,45.0,10.0,,294.0,27.0,52.0,50.0,97.0,,,,100.0,125.0,22.0,45.0,23.0,,35.0,16.0,184.0,22.0,34.0,34.0,60.0,15.0,6.0,19.0,4.0,17.0,3.0,2.0,9.0,7.0,1.0,,,17.0,17.0,8.0,5.0,,1.0,,,,,,
2020-2021,Bundesliga,emvi36y613e4lqlat3wfdih9l,S. Özcan,Köln,21,Forward,28,15,13,8,1464,703.0,555.0,555.0,32.0,185.0,1076.0,524.0,132.0,32.0,,14.0,20.0,,286.0,20.0,40.0,54.0,104.0,,,,116.0,111.0,43.0,64.0,34.0,,21.0,8.0,175.0,30.0,11.0,11.0,42.0,32.0,3.0,13.0,22.0,9.0,9.0,4.0,12.0,11.0,5.0,,,1.0,1.0,7.0,4.0,,2.0,,,1.0,,,
2020-2021,Bundesliga,ojqb7kv87o0cidbckgtg1rdh,E. Skhiri,Köln,28,Midfielder,32,32,0,6,2909,1523.0,1315.0,1315.0,94.0,572.0,2211.0,1222.0,202.0,57.0,,38.0,82.0,,498.0,63.0,107.0,105.0,183.0,,,,209.0,147.0,17.0,76.0,42.0,,83.0,35.0,253.0,34.0,2.0,1.0,61.0,43.0,5.0,48.0,17.0,36.0,15.0,8.0,9.0,14.0,7.0,5.0,5.0,1.0,1.0,15.0,15.0,2.0,2.0,1.0,,1.0,,,
2020-2021,Bundesliga,7rltyxkrvvfg7q1hppl631soa,J. Thielmann,Köln,29,Forward,24,9,15,7,1103,354.0,210.0,210.0,6.0,71.0,563.0,208.0,99.0,32.0,,2.0,9.0,,113.0,8.0,20.0,17.0,48.0,,,,58.0,106.0,7.0,28.0,9.0,,11.0,5.0,221.0,19.0,39.0,39.0,79.0,13.0,,6.0,13.0,9.0,8.0,4.0,7.0,8.0,4.0,2.0,2.0,4.0,4.0,2.0,5.0,,2.0,,,,,,
2020-2021,Bundesliga,g64b8x11ndowv2zj29r9i311,O. Duda,Köln,18,Forward,32,32,0,18,2630,1253.0,838.0,838.0,91.0,268.0,1924.0,797.0,258.0,88.0,,20.0,19.0,,492.0,65.0,114.0,98.0,209.0,,,,148.0,264.0,55.0,95.0,33.0,,36.0,22.0,593.0,62.0,94.0,49.0,195.0,54.0,7.0,14.0,30.0,26.0,31.0,15.0,27.0,32.0,16.0,7.0,4.0,50.0,18.0,51.0,21.0,,5.0,77.0,3.0,5.0,,1.0,1.0
2020-2021,Bundesliga,4kolmisdpprx0wrahisadl5n9,E. Rexhbeçaj,Köln,20,Midfielder,30,20,10,12,1917,650.0,382.0,382.0,30.0,171.0,1126.0,373.0,197.0,63.0,,18.0,26.0,,177.0,45.0,83.0,57.0,129.0,,,,125.0,177.0,49.0,46.0,12.0,,53.0,21.0,324.0,34.0,43.0,27.0,104.0,22.0,4.0,32.0,24.0,25.0,18.0,7.0,17.0,21.0,11.0,5.0,5.0,21.0,5.0,13.0,17.0,,2.0,32.0,,1.0,,,
2020-2021,Bundesliga,38knnji3m4qg6pqohph35n74l,B. Schmitz,Köln,2,Forward,12,4,8,2,459,247.0,171.0,171.0,24.0,84.0,332.0,148.0,63.0,31.0,,7.0,6.0,,70.0,7.0,14.0,11.0,26.0,,,,25.0,44.0,6.0,12.0,4.0,,14.0,7.0,80.0,8.0,12.0,12.0,28.0,8.0,,7.0,1.0,6.0,2.0,1.0,,1.0,1.0,,,1.0,1.0,,4.0,,1.0,,,,,,
2020-2021,Bundesliga,5obbjyu0duib9ogusbv9ljjhm,N. Katterbach,Köln,3,Forward,21,12,9,7,1184,664.0,504.0,504.0,33.0,223.0,952.0,478.0,125.0,56.0,,22.0,23.0,,212.0,30.0,46.0,48.0,91.0,,,,81.0,94.0,17.0,45.0,18.0,,18.0,7.0,220.0,27.0,25.0,25.0,61.0,9.0,1.0,11.0,17.0,4.0,2.0,,9.0,9.0,2.0,,,7.0,7.0,19.0,10.0,,1.0,,,,,,
2020-2021,Bundesliga,68dehpbkmgb0d9uzatpwftped,S. Andersson,Köln,9,Forward,16,14,2,10,1159,247.0,166.0,166.0,2.0,42.0,555.0,166.0,78.0,3.0,,9.0,2.0,,110.0,6.0,9.0,85.0,151.0,,,,23.0,75.0,7.0,142.0,79.0,,3.0,1.0,222.0,63.0,,,92.0,21.0,1.0,2.0,9.0,7.0,30.0,16.0,2.0,3.0,14.0,3.0,2.0,2.0,2.0,4.0,13.0,1.0,,,1.0,,,,
2020-2021,Bundesliga,2ifp36vdm0d6rb3xc7muuvv11,D. Limnios,Köln,15,Forward,12,2,10,2,414,126.0,80.0,80.0,4.0,23.0,214.0,77.0,33.0,6.0,,1.0,2.0,,44.0,11.0,25.0,14.0,34.0,,,,22.0,38.0,12.0,9.0,3.0,,9.0,3.0,91.0,6.0,11.0,10.0,42.0,5.0,,6.0,4.0,5.0,5.0,3.0,11.0,5.0,2.0,,,1.0,1.0,5.0,1.0,,,1.0,,,,,
2020-2021,Bundesliga,39sis9riui0wotbrsivt23oid,R. Zieler,Köln,16,Forward,1,0,1,0,55,23.0,18.0,18.0,7.0,13.0,25.0,11.0,5.0,5.0,,,,,2.0,0.0,0.0,0.0,0.0,,,,1.0,,,,,1.0,,,,,,,,,,,,,,,,,,,,,,,2.0,,,,,,,,
2020-2021,Bundesliga,dfckk0xst90yjlep74tvups5x,K. Ehizibue,Köln,19,Forward,21,15,6,13,1170,584.0,419.0,419.0,46.0,167.0,894.0,385.0,127.0,33.0,,42.0,18.0,,203.0,38.0,67.0,57.0,101.0,,,,72.0,120.0,15.0,34.0,19.0,,32.0,13.0,204.0,15.0,26.0,26.0,89.0,19.0,5.0,19.0,10.0,14.0,7.0,6.0,16.0,2.0,1.0,,,12.0,12.0,19.0,7.0,,1.0,,,,,,
2020-2021,Bundesliga,7lohomjw8xbl5eymcqhrtytw5,D. Drexler,Köln,24,Forward,27,11,16,9,1322,547.0,407.0,407.0,18.0,111.0,834.0,396.0,102.0,18.0,,15.0,14.0,,246.0,34.0,58.0,43.0,80.0,,,,83.0,114.0,23.0,22.0,9.0,,36.0,10.0,289.0,13.0,30.0,30.0,120.0,20.0,1.0,26.0,20.0,4.0,9.0,7.0,14.0,10.0,2.0,2.0,2.0,7.0,7.0,8.0,4.0,,,,,1.0,,,
2020-2021,Bundesliga,4lcyjhvtwieshr4r3a6104qtx,A. Modeste,Köln,27,Forward,8,1,7,1,246,43.0,25.0,25.0,1.0,6.0,102.0,24.0,18.0,,,2.0,,,19.0,0.0,3.0,16.0,29.0,,,,8.0,18.0,6.0,26.0,16.0,,2.0,2.0,37.0,10.0,,,15.0,1.0,1.0,,2.0,,6.0,5.0,1.0,,1.0,,,,,,2.0,,,,,,,,
2020-2021,Bundesliga,dap90iu28zqwhogre5hi0tkgl,F. Sørensen,Köln,30,Forward,3,1,2,0,120,53.0,38.0,38.0,6.0,21.0,73.0,32.0,15.0,8.0,,,,,10.0,2.0,3.0,7.0,11.0,,,,4.0,7.0,1.0,8.0,5.0,,2.0,1.0,9.0,3.0,,,2.0,5.0,2.0,1.0,1.0,2.0,,,,,,,,,,1.0,,,,,,,,,
2020-2021,Bundesliga,bfpax581lm91ebz4xgz40a191,K. Casteels,Wolfsburg,1,Goalkeeper,32,32,0,0,3037,1253.0,951.0,951.0,268.0,807.0,1354.0,683.0,300.0,298.0,25.0,9.0,2.0,76.0,6.0,1.0,1.0,12.0,13.0,33.0,14.0,32.0,58.0,2.0,2.0,12.0,11.0,13.0,,,,1.0,,,,1.0,,,,1.0,,,,,,,,,,1.0,,,,,,,,,
2020-2021,Bundesliga,23l48u4w5nj4036whjm3s49gp,R. Baku,Wolfsburg,20,Midfielder,34,33,1,12,2974,1575.0,1135.0,1135.0,104.0,334.0,2303.0,1054.0,325.0,80.0,,39.0,43.0,,646.0,72.0,137.0,89.0,203.0,,,,187.0,333.0,44.0,66.0,17.0,,54.0,21.0,793.0,49.0,88.0,87.0,277.0,34.0,1.0,33.0,39.0,52.0,24.0,12.0,44.0,39.0,12.0,6.0,6.0,23.0,20.0,39.0,16.0,1.0,7.0,4.0,,,,,
2020-2021,Bundesliga,40rzvcdss138e6futx3bht3o5,J. Roussillon,Wolfsburg,15,Defender,20,14,6,7,1293,670.0,490.0,490.0,42.0,179.0,945.0,456.0,130.0,47.0,,28.0,19.0,,235.0,30.0,57.0,40.0,83.0,,,,57.0,124.0,15.0,26.0,10.0,,24.0,12.0,238.0,16.0,41.0,41.0,94.0,10.0,,12.0,15.0,9.0,9.0,7.0,15.0,11.0,2.0,,,8.0,8.0,18.0,3.0,,2.0,,,,,,
2020-2021,Bundesliga,acxwc7xxrtyssiy390t859kgl,M. Arnold,Wolfsburg,27,Midfielder,30,30,0,6,2751,1664.0,1261.0,1261.0,191.0,526.0,2323.0,1132.0,235.0,129.0,,57.0,49.0,,607.0,49.0,66.0,88.0,132.0,,,,240.0,202.0,62.0,66.0,39.0,,47.0,15.0,468.0,27.0,96.0,38.0,150.0,39.0,7.0,32.0,22.0,21.0,43.0,28.0,2.0,34.0,15.0,3.0,2.0,62.0,15.0,17.0,15.0,,6.0,105.0,1.0,3.0,1.0,1.0,
2020-2021,Bundesliga,7e7w34imugzsufvytjxytupd5,M. Lacroix,Wolfsburg,4,Defender,30,29,1,2,2736,1777.0,1473.0,1473.0,129.0,753.0,2498.0,1344.0,294.0,149.0,,140.0,65.0,,449.0,42.0,66.0,103.0,187.0,,,,206.0,151.0,27.0,121.0,61.0,,49.0,20.0,69.0,60.0,6.0,6.0,49.0,25.0,5.0,29.0,8.0,30.0,12.0,10.0,4.0,4.0,2.0,1.0,1.0,,,13.0,25.0,1.0,1.0,,,,,,
2020-2021,Bundesliga,a5kkysp7c5f577ji17q5v2k0l,J. Brooks,Wolfsburg,25,Defender,32,31,1,1,2926,1943.0,1612.0,1612.0,143.0,792.0,2630.0,1469.0,321.0,137.0,,134.0,55.0,,518.0,35.0,58.0,132.0,191.0,,,,197.0,186.0,17.0,133.0,97.0,,47.0,18.0,77.0,36.0,2.0,2.0,48.0,30.0,5.0,29.0,4.0,25.0,17.0,11.0,5.0,5.0,6.0,2.0,2.0,,,6.0,13.0,1.0,,,,,,,
2020-2021,Bundesliga,ec04djw7dspowrm7h7wr6e5ed,J. Brekalo,Wolfsburg,7,Midfielder,29,22,7,18,1866,873.0,622.0,622.0,46.0,147.0,1305.0,603.0,183.0,41.0,,3.0,17.0,,390.0,39.0,72.0,49.0,96.0,,,,122.0,181.0,16.0,24.0,10.0,,22.0,12.0,564.0,14.0,39.0,20.0,184.0,8.0,1.0,10.0,31.0,18.0,27.0,6.0,21.0,33.0,21.0,7.0,5.0,27.0,7.0,29.0,20.0,,4.0,39.0,2.0,1.0,,,
2020-2021,Bundesliga,1s1v1tweyx8wxc9hj2jrnaggl,X. Schlager,Wolfsburg,24,Midfielder,32,30,2,15,2728,1273.0,961.0,961.0,62.0,382.0,2068.0,899.0,289.0,54.0,,38.0,54.0,,403.0,81.0,123.0,119.0,208.0,,,,247.0,244.0,33.0,85.0,38.0,,66.0,26.0,427.0,47.0,9.0,9.0,64.0,45.0,7.0,40.0,32.0,44.0,31.0,27.0,16.0,19.0,4.0,2.0,2.0,,,41.0,23.0,,3.0,,,7.0,,,
2020-2021,Bundesliga,57btqxe5sy3ygzxpp55p4umdx,W. Weghorst,Wolfsburg,9,Forward,34,33,1,9,3083,797.0,522.0,522.0,23.0,127.0,1402.0,500.0,267.0,4.0,,26.0,4.0,,308.0,26.0,47.0,122.0,220.0,,,,97.0,265.0,27.0,173.0,96.0,,13.0,5.0,594.0,77.0,2.0,2.0,239.0,30.0,3.0,8.0,27.0,14.0,76.0,31.0,16.0,38.0,45.0,20.0,18.0,1.0,1.0,18.0,20.0,5.0,6.0,,2.0,3.0,,,
2020-2021,Bundesliga,9i46dpapurzdzvd7nz3be7kl,M. Philipp,Wolfsburg,17,Forward,24,13,11,12,1162,380.0,275.0,275.0,12.0,66.0,587.0,266.0,86.0,12.0,,3.0,6.0,,169.0,17.0,30.0,27.0,55.0,,,,37.0,88.0,12.0,25.0,10.0,,15.0,9.0,251.0,15.0,14.0,7.0,85.0,16.0,3.0,6.0,7.0,17.0,23.0,7.0,4.0,11.0,16.0,6.0,6.0,3.0,2.0,11.0,7.0,,4.0,8.0,,1.0,,,
2020-2021,Bundesliga,e659q6lc7hc6df14k7rxh6hud,R. Steffen,Wolfsburg,8,Midfielder,21,19,2,14,1600,647.0,450.0,450.0,36.0,130.0,1005.0,422.0,146.0,25.0,,15.0,22.0,,265.0,23.0,43.0,39.0,86.0,,,,96.0,160.0,18.0,43.0,16.0,,24.0,9.0,341.0,27.0,39.0,36.0,106.0,31.0,3.0,15.0,20.0,19.0,25.0,11.0,11.0,20.0,14.0,5.0,5.0,8.0,7.0,8.0,7.0,1.0,5.0,4.0,,2.0,,,
2020-2021,Bundesliga,76h7b6dhpyotolq68f84lqifp,Paulo Otávio,Wolfsburg,6,Defender,23,19,4,3,1836,988.0,702.0,702.0,75.0,252.0,1506.0,646.0,213.0,78.0,,59.0,42.0,,369.0,59.0,111.0,82.0,168.0,,,,105.0,188.0,32.0,57.0,23.0,,60.0,20.0,355.0,34.0,53.0,52.0,87.0,27.0,7.0,40.0,11.0,44.0,11.0,7.0,32.0,12.0,4.0,,,19.0,19.0,19.0,10.0,,2.0,1.0,,,1.0,1.0,
2020-2021,Bundesliga,b980cevn0v0wifqmw53leqytx,F. Klaus,Wolfsburg,11,Forward,6,1,5,0,165,72.0,59.0,59.0,6.0,15.0,112.0,54.0,10.0,4.0,,4.0,2.0,,38.0,4.0,9.0,8.0,19.0,,,,4.0,8.0,,10.0,4.0,,7.0,3.0,32.0,6.0,2.0,2.0,8.0,2.0,,4.0,,4.0,1.0,1.0,2.0,,,,,1.0,1.0,,,,,,,,,,
2020-2021,Bundesliga,53ozrqkupvt2iyi2xg0swf7px,P. Pervan,Wolfsburg,12,Forward,2,2,0,0,189,70.0,49.0,49.0,14.0,41.0,76.0,35.0,21.0,19.0,,1.0,,10.0,,0.0,0.0,0.0,0.0,4.0,0.0,2.0,4.0,2.0,,,,1.0,,,,,,,,,,,,,,,,,,,,,,,,,,,,,,,
2020-2021,Bundesliga,fwu0bja02waqct7l682s5mfp,K. Mbabu,Wolfsburg,19,Defender,22,19,3,5,1720,1035.0,687.0,687.0,100.0,326.0,1527.0,602.0,274.0,100.0,,59.0,22.0,,288.0,68.0,124.0,102.0,181.0,,,,114.0,227.0,20.0,57.0,34.0,,51.0,18.0,440.0,23.0,53.0,53.0,135.0,43.0,7.0,33.0,12.0,21.0,11.0,6.0,38.0,12.0,5.0,,,15.0,15.0,35.0,7.0,,1.0,,,,,,
2020-2021,Bundesliga,9bzwr8qhl6547tjrsjsity4x6,B. Białek,Wolfsburg,21,Forward,19,1,18,1,341,74.0,50.0,50.0,7.0,20.0,181.0,43.0,24.0,1.0,,4.0,3.0,,22.0,6.0,12.0,17.0,45.0,,,,14.0,23.0,3.0,33.0,11.0,,6.0,1.0,72.0,22.0,,,39.0,8.0,1.0,5.0,2.0,4.0,8.0,3.0,5.0,4.0,5.0,2.0,2.0,,,1.0,2.0,,,,,,,,
2020-2021,Bundesliga,b8if5dg0k9prjik99aiutewh5,Omar Marmoush,Wolfsburg,29,Forward,1,0,1,0,6,1.0,1.0,1.0,,,1.0,1.0,,,,,,,1.0,0.0,0.0,0.0,0.0,,,,,,,,,,,,1.0,,,,1.0,,,,,,,,,,,,,,,,,,,,,,,,
2020-2021,Bundesliga,d2ykrr75737c8bzlwhjj90vkl,Y. Gerhardt,Wolfsburg,31,Midfielder,29,21,8,5,2050,745.0,531.0,531.0,24.0,197.0,1249.0,516.0,168.0,23.0,,30.0,21.0,,246.0,46.0,85.0,77.0,159.0,,,,109.0,176.0,26.0,74.0,31.0,,52.0,20.0,396.0,43.0,31.0,28.0,148.0,36.0,3.0,32.0,29.0,30.0,25.0,14.0,19.0,22.0,11.0,2.0,2.0,9.0,4.0,14.0,10.0,,4.0,8.0,,1.0,,,
2020-2021,Bundesliga,2tdooyauz5ra1a35507rvdknp,D. Ginczek,Wolfsburg,33,Forward,11,1,10,1,259,71.0,42.0,42.0,,11.0,144.0,42.0,26.0,2.0,,2.0,1.0,,24.0,5.0,7.0,18.0,32.0,,,,8.0,26.0,1.0,25.0,13.0,,2.0,,62.0,12.0,2.0,2.0,26.0,2.0,,2.0,4.0,2.0,2.0,2.0,2.0,2.0,,,,,,3.0,2.0,,,,,,,,
2020-2021,Bundesliga,8j498fkairlyk82v1qprc13op,M. Pongračić,Wolfsburg,34,Forward,10,7,3,4,600,321.0,273.0,273.0,31.0,129.0,468.0,242.0,48.0,21.0,,27.0,11.0,,102.0,9.0,14.0,22.0,36.0,,,,49.0,27.0,2.0,22.0,13.0,,13.0,4.0,7.0,9.0,,,3.0,12.0,1.0,9.0,,7.0,1.0,1.0,1.0,,,,,,,,5.0,,,,,,,1.0,1.0
2020-2021,Bundesliga,cg6h7oq0b5zpx1g4brhzyk1xx,L. Hrádecký,Bayer Leverkusen,1,Goalkeeper,29,29,0,1,2690,1397.0,1078.0,1078.0,261.0,976.0,1491.0,817.0,310.0,303.0,20.0,11.0,1.0,56.0,1.0,0.0,0.0,8.0,9.0,31.0,8.0,29.0,55.0,7.0,3.0,9.0,8.0,11.0,,,,1.0,,,,1.0,1.0,,,,1.0,,,,1.0,,,,,,,,,,,,,,
2020-2021,Bundesliga,27hxdwekdd7syvg2sgafhs1qt,L. Bender,Bayer Leverkusen,8,Defender,14,12,2,7,963,725.0,596.0,596.0,68.0,235.0,939.0,532.0,114.0,21.0,,19.0,16.0,,288.0,18.0,27.0,32.0,54.0,,,,65.0,101.0,13.0,27.0,14.0,,19.0,6.0,157.0,13.0,8.0,8.0,46.0,11.0,2.0,13.0,3.0,14.0,6.0,5.0,3.0,6.0,1.0,1.0,,4.0,4.0,5.0,8.0,,2.0,,1.0,,,,
2020-2021,Bundesliga,aze5i6ssy55jrc8k9vhrs8o9h,D. Sinkgraven,Bayer Leverkusen,22,Defender,22,19,3,7,1637,1282.0,1035.0,1035.0,105.0,306.0,1654.0,932.0,212.0,68.0,,23.0,23.0,,602.0,45.0,70.0,53.0,92.0,,,,124.0,175.0,22.0,22.0,8.0,,32.0,15.0,288.0,14.0,31.0,31.0,79.0,14.0,4.0,17.0,19.0,17.0,4.0,3.0,10.0,11.0,1.0,,,2.0,2.0,28.0,7.0,,,,,,,,
2020-2021,Bundesliga,aybzlrbkvnobkazjsmox975jp,J. Baumgartlinger,Bayer Leverkusen,15,Midfielder,17,12,5,5,1132,651.0,556.0,556.0,39.0,179.0,886.0,518.0,90.0,20.0,,10.0,12.0,,263.0,26.0,49.0,48.0,80.0,,,,76.0,72.0,13.0,31.0,22.0,,43.0,23.0,142.0,9.0,2.0,2.0,21.0,11.0,1.0,20.0,8.0,12.0,6.0,2.0,,7.0,4.0,2.0,2.0,1.0,1.0,6.0,1.0,1.0,,,,2.0,,,
2020-2021,Bundesliga,5ec2ede9uwbft3wby33mwowyd,J. Tah,Bayer Leverkusen,4,Defender,27,24,3,2,2323,1991.0,1778.0,1778.0,95.0,801.0,2499.0,1683.0,205.0,79.0,,89.0,33.0,,627.0,24.0,38.0,93.0,141.0,,,,159.0,131.0,11.0,103.0,69.0,,30.0,13.0,115.0,34.0,5.0,5.0,47.0,29.0,3.0,17.0,14.0,7.0,8.0,6.0,1.0,1.0,2.0,1.0,1.0,,,7.0,13.0,1.0,,,,,,,
2020-2021,Bundesliga,6vtr5xi7mdoa8j4jq5y9j2j85,A. Dragović,Bayer Leverkusen,6,Forward,18,11,7,2,1213,1076.0,948.0,948.0,91.0,440.0,1299.0,861.0,116.0,38.0,,33.0,13.0,,309.0,10.0,15.0,34.0,56.0,,,,78.0,86.0,7.0,41.0,24.0,,11.0,4.0,129.0,17.0,8.0,8.0,19.0,12.0,3.0,7.0,1.0,12.0,3.0,1.0,1.0,5.0,2.0,1.0,1.0,4.0,4.0,3.0,6.0,,,,,1.0,,,
2020-2021,Bundesliga,2k5g68ywtr79lc45wozvifqlm,F. Wirtz,Bayer Leverkusen,27,Midfielder,29,25,4,9,2321,1036.0,790.0,790.0,37.0,238.0,1593.0,762.0,224.0,28.0,,8.0,9.0,,452.0,78.0,128.0,85.0,171.0,,,,143.0,207.0,14.0,43.0,7.0,,35.0,17.0,583.0,36.0,11.0,9.0,146.0,25.0,1.0,18.0,44.0,26.0,24.0,10.0,33.0,41.0,14.0,5.0,5.0,9.0,6.0,60.0,8.0,1.0,5.0,5.0,,4.0,,,
2020-2021,Bundesliga,7w63iqek6hmnizlirurla1cr9,N. Amiri,Bayer Leverkusen,11,Midfielder,29,20,9,6,1998,1139.0,901.0,901.0,69.0,269.0,1528.0,861.0,153.0,43.0,,7.0,12.0,,519.0,28.0,54.0,32.0,79.0,,,,109.0,159.0,26.0,25.0,4.0,,12.0,5.0,470.0,21.0,49.0,25.0,115.0,21.0,5.0,7.0,23.0,15.0,23.0,9.0,21.0,28.0,14.0,2.0,2.0,29.0,9.0,21.0,22.0,,6.0,44.0,,3.0,,,
2020-2021,Bundesliga,c0ewvrtk657uw4t5rlv87mq51,P. Schick,Bayer Leverkusen,14,Forward,29,20,9,8,1949,428.0,296.0,296.0,1.0,54.0,840.0,295.0,131.0,8.0,,20.0,3.0,,197.0,22.0,40.0,90.0,183.0,,,,33.0,123.0,22.0,143.0,68.0,,7.0,5.0,388.0,75.0,,,161.0,29.0,4.0,2.0,19.0,3.0,49.0,28.0,13.0,22.0,21.0,9.0,9.0,,,20.0,9.0,1.0,1.0,,,,,,
2020-2021,Bundesliga,4jyrztlaueae7eg18kuvxa489,L. Bailey,Bayer Leverkusen,9,Forward,30,25,5,10,2243,962.0,610.0,610.0,68.0,109.0,1497.0,600.0,173.0,61.0,,3.0,9.0,,468.0,82.0,159.0,100.0,206.0,,,,107.0,228.0,43.0,47.0,18.0,,14.0,6.0,800.0,29.0,116.0,93.0,322.0,24.0,6.0,8.0,30.0,13.0,41.0,20.0,71.0,44.0,21.0,9.0,9.0,58.0,19.0,74.0,17.0,1.0,7.0,62.0,,1.0,,,
2020-2021,Bundesliga,9ydkbbygq6uocors9kcdnzbop,M. Diaby,Bayer Leverkusen,19,Forward,32,28,4,10,2489,946.0,686.0,686.0,32.0,126.0,1439.0,680.0,130.0,31.0,,5.0,12.0,,495.0,63.0,140.0,68.0,158.0,,,,111.0,197.0,16.0,18.0,5.0,,10.0,4.0,674.0,13.0,98.0,98.0,240.0,25.0,5.0,6.0,40.0,11.0,39.0,14.0,73.0,40.0,25.0,4.0,4.0,26.0,25.0,57.0,11.0,,10.0,1.0,,1.0,,,
2020-2021,Bundesliga,27d56xlhieee0o1zxn56qgcet,S. Bender,Bayer Leverkusen,5,Defender,18,14,4,6,1226,1020.0,915.0,915.0,36.0,390.0,1272.0,880.0,104.0,40.0,,41.0,21.0,,243.0,11.0,21.0,44.0,84.0,,,,69.0,64.0,6.0,63.0,33.0,,17.0,8.0,25.0,30.0,,,14.0,11.0,1.0,9.0,3.0,11.0,2.0,1.0,2.0,3.0,1.0,,,1.0,1.0,2.0,10.0,,,,,,,,
2020-2021,Bundesliga,djha3ac2mfhyb7oia64hq2nd,E. Tapsoba,Bayer Leverkusen,12,Defender,31,29,2,0,2795,2816.0,2522.0,2522.0,210.0,1228.0,3557.0,2313.0,288.0,117.0,,96.0,48.0,,722.0,48.0,86.0,115.0,188.0,,,,284.0,174.0,10.0,102.0,67.0,,54.0,26.0,137.0,35.0,3.0,3.0,40.0,43.0,5.0,28.0,9.0,26.0,13.0,7.0,12.0,4.0,6.0,1.0,1.0,1.0,1.0,20.0,33.0,,1.0,,,1.0,,,
2020-2021,Bundesliga,arn46e9tlv5s30yfnn1q8ellh,T. Jedvaj,Bayer Leverkusen,16,Forward,3,2,1,1,160,137.0,111.0,111.0,10.0,51.0,175.0,101.0,24.0,10.0,,9.0,2.0,,48.0,2.0,5.0,3.0,9.0,,,,9.0,16.0,,4.0,1.0,,5.0,3.0,13.0,3.0,2.0,2.0,2.0,4.0,,2.0,1.0,1.0,1.0,1.0,,,,,,,,,1.0,,,,,1.0,,,
2020-2021,Bundesliga,av5ng2yhu8q1lqacekmxci0ut,Wendell,Bayer Leverkusen,18,Forward,22,15,7,2,1541,1215.0,1027.0,1027.0,70.0,300.0,1595.0,961.0,158.0,54.0,,39.0,25.0,,607.0,47.0,75.0,64.0,115.0,,,,107.0,124.0,15.0,40.0,17.0,,53.0,18.0,266.0,23.0,20.0,20.0,48.0,29.0,3.0,35.0,4.0,23.0,4.0,2.0,10.0,1.0,2.0,,,4.0,4.0,12.0,6.0,,,,,,,,
2020-2021,Bundesliga,7k7whr0pdbw5wtk7g0cwozw0l,M. Weiser,Bayer Leverkusen,23,Forward,5,2,3,1,237,211.0,171.0,171.0,8.0,52.0,264.0,163.0,34.0,10.0,,4.0,3.0,,90.0,4.0,9.0,7.0,15.0,,,,11.0,28.0,3.0,6.0,3.0,,4.0,3.0,59.0,3.0,4.0,4.0,23.0,2.0,,1.0,3.0,1.0,2.0,,2.0,,2.0,1.0,1.0,,,3.0,,,,,,,,,
2020-2021,Bundesliga,byk5vhf9l112i7hhy1clravp,N. Lomb,Bayer Leverkusen,36,Forward,2,1,1,0,144,60.0,47.0,47.0,8.0,46.0,65.0,39.0,13.0,13.0,,,,2.0,,0.0,0.0,0.0,0.0,1.0,0.0,1.0,3.0,,,,,1.0,,,,,,,,,,,,,,,,,,,,,,,3.0,,,,,,,,
2020-2021,Bundesliga,d8oaf6t7xda034381jipk2ycq,E. Gedikli,Bayer Leverkusen,37,Forward,1,0,1,0,25,4.0,3.0,3.0,,1.0,6.0,3.0,1.0,,,,,,2.0,0.0,0.0,0.0,0.0,,,,,1.0,,,,,,,4.0,,,,,1.0,,,,,,,,,,,,,,,,,,,,,,,
2020-2021,Bundesliga,6m9kyt5astmqvzdq2ee81qcwl,K. Bellarabi,Bayer Leverkusen,38,Forward,22,7,15,7,862,410.0,279.0,279.0,16.0,58.0,638.0,275.0,67.0,18.0,,4.0,12.0,,190.0,36.0,58.0,38.0,63.0,,,,52.0,97.0,6.0,5.0,2.0,,12.0,2.0,310.0,3.0,48.0,48.0,104.0,23.0,2.0,10.0,17.0,12.0,24.0,16.0,20.0,11.0,8.0,,,12.0,10.0,26.0,4.0,,,2.0,,,,,
2020-2021,Bundesliga,ay2q56y8e9ovztm6kd0meu3ca,,Bayer Leverkusen,39,Forward,0,0,0,0,0,,,,,,,,,,,,,,,0.0,0.0,0.0,0.0,,,,,,,,,,,,,,,,,,,,,,,,,,,,,,,,,,,,,,,,
2020-2021,Bundesliga,cub8yovn04qjhs35k7wuwt7th,M. Langer,Schalke 04,34,Forward,3,2,1,0,249,77.0,53.0,53.0,14.0,39.0,85.0,39.0,24.0,24.0,,3.0,,12.0,4.0,0.0,0.0,0.0,0.0,8.0,0.0,2.0,4.0,,,,,1.0,,,,,,,,,,,,,,,,,,,,,,,1.0,,,,,,,,
2020-2021,Bundesliga,cfpaejad8i9p2r1fj0wx0g222,M. Thiaw,Schalke 04,33,Defender,19,15,4,0,1532,764.0,613.0,613.0,38.0,258.0,1125.0,575.0,147.0,59.0,,70.0,33.0,,256.0,29.0,47.0,65.0,116.0,,,,86.0,90.0,7.0,69.0,36.0,,42.0,15.0,59.0,33.0,2.0,2.0,31.0,26.0,4.0,27.0,3.0,5.0,7.0,2.0,3.0,1.0,5.0,1.0,1.0,,,2.0,14.0,1.0,,,,,,1.0,1.0
2020-2021,Bundesliga,6ip499j2lytqs88l3lc9yxcr9,B. Oczipka,Schalke 04,24,Forward,27,20,7,2,2030,1121.0,843.0,843.0,67.0,345.0,1505.0,798.0,202.0,81.0,,41.0,24.0,,367.0,29.0,62.0,45.0,104.0,,,,109.0,171.0,15.0,42.0,16.0,,33.0,13.0,268.0,26.0,50.0,38.0,92.0,14.0,1.0,20.0,15.0,18.0,4.0,4.0,20.0,15.0,,,,22.0,14.0,9.0,8.0,,2.0,20.0,,,,,
2020-2021,Bundesliga,9j1fd0mz39tl1h5che3f357md,S. Serdar,Schalke 04,8,Midfielder,25,24,1,6,2035,609.0,455.0,455.0,41.0,157.0,1158.0,414.0,145.0,20.0,,21.0,23.0,,191.0,74.0,122.0,88.0,155.0,,,,148.0,129.0,47.0,33.0,14.0,,55.0,20.0,234.0,19.0,4.0,3.0,56.0,28.0,3.0,35.0,41.0,25.0,20.0,10.0,28.0,11.0,10.0,1.0,1.0,,,39.0,17.0,,2.0,1.0,,,,,
2020-2021,Bundesliga,6ki6rv564ybctrajr2xtgyeax,O. Kabak,Schalke 04,4,Defender,14,14,0,1,1315,688.0,604.0,604.0,33.0,275.0,1022.0,571.0,83.0,43.0,,57.0,13.0,,235.0,27.0,46.0,84.0,118.0,,,,79.0,40.0,7.0,72.0,57.0,,17.0,8.0,61.0,15.0,,,32.0,21.0,5.0,9.0,9.0,9.0,8.0,8.0,11.0,3.0,,,,,,18.0,15.0,,,,,1.0,,1.0,1.0
2020-2021,Bundesliga,17b6v5z6embi47fw7gsgj5jh1,B. Stambouli,Schalke 04,17,Defender,24,22,2,3,2046,1075.0,779.0,779.0,74.0,414.0,1551.0,706.0,276.0,114.0,,45.0,49.0,,203.0,46.0,68.0,79.0,131.0,,,,151.0,171.0,17.0,63.0,33.0,,45.0,16.0,120.0,30.0,9.0,9.0,17.0,21.0,5.0,29.0,14.0,28.0,2.0,1.0,6.0,6.0,1.0,,,1.0,1.0,17.0,14.0,,2.0,,,1.0,,,
2020-2021,Bundesliga,cie2ku1rvbvkuemyi4j68b00l,S. Skrzybski,Schalke 04,22,Forward,13,3,10,3,488,124.0,73.0,73.0,11.0,22.0,232.0,63.0,37.0,9.0,,1.0,5.0,,44.0,7.0,12.0,12.0,23.0,,,,27.0,40.0,15.0,11.0,5.0,,5.0,1.0,94.0,6.0,12.0,12.0,32.0,4.0,2.0,4.0,8.0,12.0,5.0,3.0,4.0,1.0,2.0,,,1.0,1.0,3.0,4.0,,,,,,,,
2020-2021,Bundesliga,bkvvapojagxvj17nzk3oy8ct1,Omar Mascarell,Schalke 04,6,Midfielder,24,21,3,6,1849,894.0,722.0,722.0,78.0,245.0,1307.0,647.0,151.0,50.0,,32.0,37.0,,337.0,32.0,58.0,59.0,111.0,,,,123.0,114.0,9.0,53.0,27.0,,41.0,17.0,101.0,26.0,13.0,6.0,22.0,26.0,6.0,24.0,11.0,26.0,6.0,3.0,9.0,5.0,3.0,1.0,1.0,3.0,1.0,8.0,18.0,,1.0,9.0,,1.0,,,
2020-2021,Bundesliga,dcben7gqpal0986gn6n5ypsyd,M. Uth,Schalke 04,7,Forward,20,18,2,6,1548,562.0,389.0,389.0,44.0,107.0,900.0,365.0,97.0,43.0,,10.0,5.0,,242.0,31.0,68.0,38.0,87.0,,,,67.0,106.0,28.0,19.0,7.0,,25.0,12.0,305.0,12.0,52.0,26.0,125.0,28.0,5.0,13.0,21.0,21.0,27.0,17.0,25.0,9.0,10.0,3.0,2.0,20.0,6.0,18.0,8.0,,1.0,40.0,1.0,3.0,,,
2020-2021,Bundesliga,7zc75y60le5kyopm8cpisffmx,N. Boujellab,Schalke 04,16,Forward,12,6,6,3,655,177.0,120.0,120.0,3.0,40.0,363.0,117.0,53.0,2.0,,9.0,7.0,,61.0,14.0,26.0,26.0,62.0,,,,34.0,54.0,17.0,36.0,12.0,,13.0,4.0,112.0,24.0,3.0,3.0,36.0,16.0,2.0,9.0,13.0,7.0,9.0,4.0,8.0,2.0,5.0,1.0,1.0,,,5.0,8.0,,,,,,,,
2020-2021,Bundesliga,8q7c0yi5x7vh7032jgbeytal1,B. Raman,Schalke 04,9,Forward,25,13,12,10,1305,328.0,212.0,212.0,22.0,74.0,585.0,198.0,96.0,7.0,,5.0,5.0,,109.0,26.0,51.0,33.0,71.0,,,,62.0,98.0,12.0,20.0,7.0,,19.0,6.0,213.0,13.0,9.0,9.0,85.0,16.0,2.0,13.0,15.0,11.0,19.0,11.0,19.0,13.0,8.0,2.0,2.0,8.0,7.0,13.0,7.0,,,1.0,,1.0,,,
2020-2021,Bundesliga,6xg4pr8j99fbtxxkx3si618tl,K. Ludewig,Schalke 04,2,Forward,6,6,0,1,533,292.0,209.0,209.0,14.0,76.0,402.0,199.0,66.0,22.0,,14.0,3.0,,89.0,10.0,24.0,16.0,32.0,,,,25.0,55.0,2.0,8.0,6.0,,16.0,10.0,75.0,2.0,11.0,11.0,22.0,7.0,1.0,6.0,4.0,7.0,,,4.0,4.0,,,,4.0,4.0,4.0,,,,,,,,,
2020-2021,Bundesliga,9fvwcsajeousbo5o0e84cj2sp,H. Mendyl,Schalke 04,3,Forward,3,1,2,1,102,27.0,21.0,21.0,1.0,7.0,51.0,20.0,5.0,,,2.0,,,10.0,4.0,6.0,5.0,11.0,,,,3.0,6.0,,5.0,1.0,,2.0,,16.0,4.0,1.0,1.0,8.0,2.0,1.0,2.0,,2.0,1.0,1.0,2.0,,,,,,,2.0,1.0,,,,,,,,
2020-2021,Bundesliga,asfp0raljd6unoqtw4fq1c6hh,A. Schöpf,Schalke 04,28,Forward,19,10,9,7,994,350.0,277.0,277.0,5.0,70.0,582.0,274.0,61.0,4.0,,6.0,6.0,,156.0,21.0,44.0,27.0,63.0,,,,50.0,67.0,13.0,19.0,6.0,,11.0,2.0,181.0,13.0,10.0,8.0,61.0,12.0,,9.0,29.0,14.0,6.0,5.0,21.0,4.0,1.0,,,2.0,1.0,12.0,5.0,,,3.0,,,,,
2020-2021,Bundesliga,4xybfmps23nlo5trvgstoftux,T. Becker,Schalke 04,31,Defender,20,18,2,2,1701,788.0,589.0,589.0,49.0,210.0,1161.0,544.0,174.0,55.0,,58.0,22.0,,280.0,38.0,69.0,57.0,113.0,,,,93.0,138.0,9.0,44.0,19.0,,34.0,11.0,163.0,25.0,19.0,19.0,54.0,9.0,1.0,23.0,14.0,14.0,4.0,3.0,20.0,3.0,1.0,,,4.0,4.0,15.0,5.0,,,,,,,,
2020-2021,Bundesliga,4ltvjt9dqev404usxh77w0dwq,L. Mercan,Schalke 04,37,Forward,1,0,1,0,9,1.0,1.0,1.0,,1.0,1.0,1.0,,,,,,,,0.0,0.0,0.0,0.0,,,,,,,,,,,,,,,,,,,,,,,,,,,,,,,,,,,,,,,,
2020-2021,Bundesliga,b33sm106xc7g3h4bcqtawja7e,C. Bozdoğan,Schalke 04,40,Forward,14,5,9,6,681,215.0,154.0,154.0,7.0,39.0,411.0,149.0,45.0,11.0,,5.0,7.0,,95.0,11.0,35.0,14.0,51.0,,,,40.0,47.0,16.0,16.0,3.0,,13.0,8.0,83.0,13.0,13.0,11.0,26.0,7.0,,5.0,17.0,8.0,7.0,4.0,16.0,3.0,3.0,,,2.0,1.0,6.0,4.0,,1.0,3.0,,1.0,,,
2020-2021,Bundesliga,9e4xq8tojxnrntko58ni4s7sa,K. Çalhanoğlu,Schalke 04,42,Forward,4,4,0,2,302,142.0,92.0,92.0,3.0,26.0,227.0,89.0,44.0,12.0,,6.0,7.0,,52.0,9.0,15.0,11.0,20.0,,,,31.0,37.0,1.0,5.0,2.0,,3.0,,35.0,3.0,5.0,5.0,9.0,1.0,,3.0,3.0,4.0,1.0,,6.0,,1.0,,,,,6.0,,,,,,,,,
2020-2021,Bundesliga,9ki0zmbky1zluxnz63008ozmy,M. Hoppe,Schalke 04,43,Forward,22,15,7,12,1345,256.0,174.0,174.0,2.0,29.0,516.0,172.0,78.0,4.0,,15.0,4.0,,125.0,19.0,34.0,41.0,123.0,,,,25.0,78.0,16.0,89.0,22.0,,6.0,,174.0,67.0,4.0,4.0,73.0,21.0,3.0,6.0,10.0,6.0,16.0,8.0,15.0,6.0,8.0,6.0,6.0,,,13.0,6.0,,1.0,,,1.0,,,
2020-2021,Bundesliga,8aropkw3iifxz9oly6znt72eh,,Schalke 04,48,Forward,0,0,0,0,0,,,,,,,,,,,,,,,0.0,0.0,0.0,0.0,,,,,,,,,,,,,,,,,,,,,,,,,,,,,,,,,,,,,,,,
2020-2021,Bundesliga,5phv874rxdk8ues3ef6hnd80l,A. Finnbogason,Augsburg,27,Forward,17,4,13,3,627,177.0,108.0,108.0,11.0,31.0,301.0,99.0,63.0,2.0,,4.0,1.0,,63.0,5.0,8.0,14.0,35.0,,,,18.0,64.0,5.0,27.0,9.0,,2.0,1.0,122.0,18.0,3.0,3.0,49.0,10.0,,1.0,10.0,6.0,10.0,4.0,2.0,7.0,6.0,,,2.0,1.0,4.0,4.0,,1.0,1.0,,2.0,,,
2020-2021,Bundesliga,614z4ma4o7wopgacvo7wuawru,,Augsburg,44,Forward,0,0,0,0,0,,,,,,,,,,,,,,,0.0,0.0,0.0,0.0,,,,,,,,,,,,,,,,,,,,,,,,,,,,,,,,,,,,,,,,
2020-2021,Bundesliga,8td0ccul6gf7r5benk1pxqrx1,R. Fährmann,Schalke 04,1,Goalkeeper,22,22,0,2,1974,824.0,533.0,533.0,139.0,399.0,890.0,394.0,288.0,279.0,12.0,9.0,1.0,100.0,11.0,1.0,2.0,8.0,9.0,55.0,3.0,22.0,28.0,9.0,4.0,7.0,7.0,14.0,2.0,1.0,2.0,,,,2.0,,2.0,1.0,1.0,,1.0,1.0,,2.0,,,,,,,,,,,,,,,
2020-2021,Bundesliga,9113nsez2zzwsbpkycfef26l1,S. Sané,Schalke 04,26,Defender,14,11,3,0,1151,689.0,555.0,555.0,30.0,252.0,995.0,526.0,132.0,44.0,,66.0,25.0,,138.0,13.0,23.0,79.0,108.0,,,,61.0,88.0,14.0,85.0,66.0,,17.0,8.0,47.0,19.0,,,25.0,15.0,5.0,9.0,5.0,12.0,3.0,2.0,2.0,4.0,1.0,,,1.0,1.0,4.0,17.0,,,,,,,,
2020-2021,Bundesliga,dtuwn06lnvxugaj637i553r2t,M. Nastasić,Schalke 04,5,Defender,15,14,1,2,1280,674.0,578.0,578.0,54.0,267.0,872.0,524.0,94.0,55.0,,51.0,26.0,,206.0,7.0,11.0,28.0,50.0,,,,40.0,40.0,3.0,39.0,21.0,,11.0,4.0,18.0,18.0,1.0,1.0,15.0,16.0,2.0,7.0,,4.0,6.0,4.0,,,2.0,,,,,,19.0,,,,,,,,
2020-2021,Bundesliga,6ie5meimavc8kwohr6lrdyket,Raphaël Guerreiro,Borussia Dortmund,13,Defender,27,25,2,6,2318,2151.0,1811.0,1811.0,84.0,674.0,2638.0,1757.0,258.0,47.0,,31.0,28.0,,800.0,45.0,80.0,51.0,103.0,,,,174.0,260.0,12.0,23.0,6.0,,30.0,17.0,801.0,17.0,49.0,34.0,254.0,10.0,1.0,13.0,19.0,17.0,32.0,17.0,18.0,47.0,15.0,5.0,5.0,30.0,15.0,32.0,9.0,,10.0,30.0,,8.0,,,
2020-2021,Bundesliga,almf0gtdjmsdm5zhyot1hvydx,M. Akanji,Borussia Dortmund,16,Defender,28,26,2,3,2466,2137.0,1961.0,1961.0,132.0,958.0,2612.0,1829.0,169.0,60.0,,70.0,49.0,,612.0,31.0,51.0,77.0,127.0,,,,148.0,111.0,18.0,76.0,46.0,,41.0,19.0,122.0,30.0,2.0,2.0,49.0,22.0,4.0,22.0,9.0,13.0,11.0,7.0,1.0,2.0,4.0,2.0,2.0,,,9.0,18.0,1.0,,,,1.0,,,
2020-2021,Bundesliga,9iwptrplnmwst5nfimyuqekq2,Reinier,Borussia Dortmund,20,Forward,14,1,13,1,308,121.0,103.0,103.0,1.0,14.0,178.0,102.0,16.0,,,,2.0,,71.0,6.0,15.0,10.0,23.0,,,,14.0,18.0,4.0,8.0,4.0,,9.0,5.0,67.0,4.0,2.0,2.0,22.0,3.0,,4.0,2.0,3.0,2.0,1.0,4.0,3.0,1.0,1.0,1.0,,,2.0,2.0,,1.0,,,1.0,,,
2020-2021,Bundesliga,eh1ul4duphy1iz4odwx9tkjjd,N. González,Stuttgart,22,Forward,15,10,5,4,979,243.0,145.0,145.0,9.0,44.0,498.0,138.0,83.0,9.0,,6.0,4.0,,87.0,24.0,41.0,55.0,97.0,,,,24.0,84.0,33.0,56.0,31.0,,5.0,,228.0,25.0,10.0,10.0,106.0,13.0,5.0,5.0,13.0,7.0,40.0,27.0,17.0,11.0,13.0,6.0,3.0,2.0,1.0,19.0,12.0,1.0,2.0,1.0,3.0,2.0,,,
2020-2021,Bundesliga,51qjcxlrahdiutqipn5sce2y2,S. Müller,Arminia Bielefeld,13,Forward,2,0,2,0,12,,,,,,1.0,,,,,,,,,0.0,0.0,0.0,0.0,,,,,,,,,,,,1.0,,,,,,,,,,,,,,,,,,,,,,,,,,,,
2020-2021,Bundesliga,dbcos1m75e92poeg68sr823je,,Arminia Bielefeld,38,Forward,0,0,0,0,0,,,,,,,,,,,,,,,0.0,0.0,0.0,0.0,,,,,,,,,,,,,,,,,,,,,,,,,,,,,,,,,,,,,,,,
2020-2021,Bundesliga,eyc3sc46njsmmddsr5iwf7k6h,,Freiburg,39,Forward,0,0,0,0,0,,,,,,,,,,,,,,,0.0,0.0,0.0,0.0,,,,,,,,,,,,,,,,,,,,,,,,,,,,,,,,,,,,,,,,
2020-2021,Bundesliga,3saz8njlttx2i4ospcwmmaqga,,RB Leipzig,45,Forward,0,0,0,0,0,,,,,,,,,,,,,,,0.0,0.0,0.0,0.0,,,,,,,,,,,,,,,,,,,,,,,,,,,,,,,,,,,,,,,,
2020-2021,Bundesliga,ig3qth6mjoq5vz2l5zsqrvje,J. Wosz,RB Leipzig,47,Forward,2,0,2,0,41,15.0,11.0,11.0,1.0,2.0,22.0,10.0,4.0,,,,1.0,,6.0,1.0,2.0,1.0,2.0,,,,,4.0,,,,,1.0,,5.0,,,,,1.0,,1.0,1.0,1.0,,,1.0,,,,,,,,,,,,,,,,
2020-2021,Bundesliga,56akt1tmzo2adv8elthwfvt91,K. Möhwald,Werder Bremen,6,Midfielder,27,17,10,17,1622,986.0,815.0,815.0,40.0,249.0,1295.0,785.0,133.0,38.0,,19.0,32.0,,419.0,16.0,29.0,37.0,54.0,,,,106.0,119.0,33.0,25.0,21.0,,15.0,6.0,184.0,4.0,24.0,20.0,36.0,20.0,3.0,9.0,21.0,7.0,18.0,10.0,7.0,10.0,8.0,5.0,5.0,10.0,3.0,7.0,8.0,1.0,1.0,11.0,,1.0,,1.0,1.0
2020-2021,Bundesliga,6kge6vcoa9ocnh6tb8qznfzkl,M. Veljković,Werder Bremen,13,Defender,23,19,4,3,1824,864.0,640.0,640.0,88.0,322.0,1184.0,552.0,221.0,121.0,,94.0,29.0,,224.0,14.0,24.0,47.0,83.0,,,,66.0,102.0,8.0,59.0,33.0,,24.0,10.0,39.0,26.0,2.0,2.0,11.0,8.0,1.0,14.0,2.0,13.0,2.0,1.0,,1.0,1.0,,,,,,10.0,,,,,,,,
2020-2021,Bundesliga,bitixkzgt5p65rlo2bnllcf6x,J. Mbom,Werder Bremen,34,Forward,21,15,6,12,1198,365.0,240.0,240.0,18.0,71.0,613.0,227.0,104.0,23.0,,27.0,13.0,,124.0,17.0,33.0,48.0,82.0,,,,53.0,96.0,18.0,49.0,31.0,,19.0,6.0,135.0,18.0,15.0,15.0,41.0,32.0,7.0,13.0,11.0,11.0,5.0,4.0,10.0,6.0,1.0,,,5.0,5.0,4.0,8.0,,2.0,,,1.0,,,
2020-2021,Bundesliga,bgtnbojs8g884mbksh6o4wu6t,L. Alario,Bayer Leverkusen,13,Forward,25,12,13,9,1319,308.0,226.0,226.0,4.0,35.0,632.0,222.0,80.0,6.0,,10.0,2.0,,160.0,18.0,32.0,56.0,139.0,,,,29.0,74.0,17.0,107.0,38.0,,8.0,6.0,308.0,69.0,,,113.0,17.0,2.0,2.0,16.0,8.0,32.0,12.0,8.0,8.0,20.0,11.0,9.0,,,16.0,10.0,3.0,1.0,,2.0,,,,
2020-2021,Bundesliga,4dmozza23rf8nkn6pfn0f602d,I. Belfodil,Hoffenheim,19,Forward,14,7,7,6,630,149.0,103.0,103.0,1.0,19.0,262.0,103.0,42.0,1.0,,3.0,1.0,,69.0,16.0,30.0,21.0,44.0,,,,13.0,43.0,9.0,14.0,5.0,,3.0,1.0,139.0,9.0,2.0,2.0,58.0,12.0,,2.0,13.0,1.0,9.0,6.0,13.0,5.0,3.0,,,1.0,1.0,14.0,3.0,,1.0,,,2.0,,,
2020-2021,Bundesliga,2o3bka7gokfjkej1f600ovbo5,O. Alderete,Hertha BSC,14,Forward,17,14,3,1,1381,916.0,731.0,731.0,73.0,429.0,1203.0,659.0,177.0,80.0,,61.0,21.0,,176.0,25.0,34.0,57.0,95.0,,,,68.0,98.0,5.0,61.0,32.0,,16.0,6.0,32.0,29.0,1.0,1.0,20.0,22.0,2.0,10.0,3.0,4.0,5.0,3.0,3.0,3.0,2.0,,,1.0,1.0,15.0,11.0,,,,,,,,
2020-2021,Bundesliga,6mjm5cwe46jhi3wwpf1icf65l,D. Redan,Hertha BSC,33,Forward,7,0,7,0,131,29.0,20.0,20.0,,4.0,46.0,20.0,5.0,,,,,,14.0,2.0,4.0,2.0,6.0,,,,3.0,9.0,2.0,2.0,,,,,21.0,2.0,4.0,4.0,11.0,2.0,,,1.0,1.0,3.0,1.0,2.0,,2.0,,,,,2.0,,,,,,,,,
2020-2021,Bundesliga,8k5c8po5gx3vnxx36viq08xqt,N. Elvedi,Borussia M'gladbach,30,Defender,29,29,0,2,2667,1902.0,1734.0,1734.0,56.0,801.0,2535.0,1678.0,167.0,47.0,,123.0,65.0,,504.0,39.0,55.0,114.0,188.0,,,,179.0,120.0,14.0,133.0,75.0,,49.0,14.0,45.0,58.0,,,33.0,13.0,1.0,35.0,1.0,16.0,10.0,4.0,2.0,3.0,6.0,3.0,3.0,,,4.0,24.0,2.0,,,,,,,
2020-2021,Bundesliga,dwx1vmtmeiiokfqv18g7cb1lh,T. Jantschke,Borussia M'gladbach,24,Forward,8,3,5,1,302,262.0,240.0,240.0,7.0,104.0,316.0,233.0,22.0,10.0,,7.0,4.0,,79.0,2.0,2.0,5.0,9.0,,,,26.0,12.0,3.0,7.0,3.0,,2.0,,11.0,4.0,,,4.0,3.0,1.0,2.0,,2.0,2.0,1.0,,,1.0,,,,,,4.0,,,,,,,,
2020-2021,Bundesliga,2cdktjxd0zn70p0byrn02zqvp,,Borussia M'gladbach,31,Forward,0,0,0,0,0,,,,,,,,,,,,,,,0.0,0.0,0.0,0.0,,,,,,,,,,,,,,,,,,,,,,,,,,,,,,,,,,,,,,,,
2020-2021,Bundesliga,47z2phkn1i9z8p32zqlu53j6x,I. Abass,Mainz 05,22,Forward,2,0,2,0,28,15.0,12.0,12.0,,5.0,19.0,12.0,3.0,1.0,,,,,7.0,1.0,2.0,1.0,2.0,,,,2.0,2.0,,,,,,,8.0,,,,2.0,1.0,,,,,,,1.0,,,,,,,1.0,,,,,,,,,
2020-2021,Bundesliga,54ojuo12zxzasi4a6vpmhxfbp,Jorge Meré,Köln,22,Forward,16,14,2,2,1357,683.0,596.0,596.0,49.0,246.0,949.0,547.0,86.0,47.0,,63.0,15.0,,224.0,8.0,16.0,36.0,71.0,,,,89.0,40.0,6.0,55.0,28.0,,13.0,7.0,25.0,27.0,1.0,1.0,5.0,5.0,2.0,6.0,3.0,3.0,1.0,1.0,1.0,3.0,,,,,,2.0,12.0,,,,,,,,
2020-2021,Bundesliga,582uvj0i3dvm0zwbou9q68pgp,A. Davies,Bayern München,19,Defender,23,22,1,5,1934,1492.0,1314.0,1314.0,50.0,379.0,2092.0,1272.0,141.0,21.0,,33.0,28.0,,703.0,90.0,141.0,102.0,175.0,,,,201.0,148.0,37.0,34.0,12.0,,39.0,12.0,546.0,22.0,28.0,28.0,144.0,14.0,2.0,27.0,28.0,20.0,4.0,1.0,39.0,19.0,3.0,1.0,1.0,8.0,8.0,63.0,1.0,,1.0,,,,1.0,1.0,
2020-2021,Bundesliga,c80tzy7t4hoa8fpbek1od4lw5,L. Hernández,Bayern München,21,Defender,23,18,5,6,1682,1317.0,1084.0,1084.0,66.0,480.0,1703.0,1034.0,183.0,62.0,,38.0,19.0,,424.0,50.0,75.0,89.0,135.0,,,,104.0,152.0,31.0,60.0,39.0,,41.0,10.0,300.0,21.0,31.0,31.0,115.0,16.0,4.0,31.0,9.0,18.0,3.0,2.0,15.0,12.0,1.0,,,16.0,16.0,19.0,8.0,,2.0,,,1.0,,,
2020-2021,Bundesliga,d68byfvk16giaur32gqwpwded,C. Tolisso,Bayern München,24,Forward,16,7,9,5,852,558.0,474.0,474.0,54.0,199.0,740.0,426.0,69.0,12.0,,8.0,6.0,,191.0,22.0,27.0,36.0,57.0,,,,58.0,63.0,16.0,30.0,14.0,,19.0,,164.0,16.0,6.0,4.0,40.0,12.0,1.0,19.0,3.0,13.0,11.0,4.0,5.0,7.0,7.0,1.0,1.0,6.0,2.0,3.0,3.0,1.0,1.0,6.0,,,1.0,1.0,
2020-2021,Bundesliga,exyxi3ow2quw7zvtq4m0uq76d,C. Gentner,Union Berlin,34,Midfielder,22,13,9,11,1092,480.0,358.0,358.0,23.0,118.0,665.0,337.0,108.0,38.0,,16.0,17.0,,188.0,16.0,31.0,20.0,45.0,,,,53.0,78.0,15.0,14.0,4.0,,17.0,9.0,133.0,10.0,8.0,8.0,31.0,8.0,,8.0,5.0,12.0,5.0,5.0,6.0,6.0,,,,2.0,2.0,8.0,3.0,,,,,,,,
2020-2021,Bundesliga,a8gpqwlpota50wjqtpvjs2pcl,William,Schalke 04,13,Forward,10,7,3,4,490,238.0,133.0,133.0,20.0,55.0,378.0,115.0,89.0,14.0,,15.0,11.0,,60.0,15.0,25.0,23.0,42.0,,,,26.0,87.0,6.0,17.0,8.0,,14.0,4.0,74.0,9.0,12.0,11.0,29.0,6.0,2.0,10.0,5.0,11.0,2.0,1.0,6.0,1.0,1.0,,,2.0,1.0,5.0,7.0,,,2.0,,,,,
2020-2021,Bundesliga,2o570lgb5c364c395zp1ccqqy,T. Siersleben,Wolfsburg,39,Forward,1,0,1,0,37,25.0,21.0,21.0,3.0,8.0,33.0,18.0,4.0,2.0,,,,,6.0,2.0,2.0,3.0,4.0,,,,2.0,2.0,,2.0,1.0,,2.0,,1.0,1.0,,,1.0,,,2.0,,1.0,1.0,1.0,,,,,,,,,,,,,,,,,
2020-2021,Bundesliga,acogdkez105ccys9vfu90ztn9,Victor Sá,Wolfsburg,40,Forward,21,3,18,3,553,186.0,143.0,143.0,2.0,25.0,345.0,141.0,35.0,2.0,,2.0,8.0,,98.0,17.0,24.0,22.0,43.0,,,,37.0,39.0,6.0,19.0,5.0,,9.0,3.0,165.0,14.0,6.0,6.0,67.0,8.0,,6.0,11.0,11.0,4.0,2.0,4.0,11.0,2.0,1.0,1.0,,,11.0,6.0,,2.0,,,,,,
2020-2021,Bundesliga,7tcnz9r7dprteao47jjw9w0r9,S. Zuber,Eintracht Frankfurt,11,Forward,20,6,14,6,659,333.0,237.0,237.0,15.0,75.0,486.0,228.0,61.0,9.0,,1.0,4.0,,120.0,24.0,45.0,25.0,55.0,,,,49.0,77.0,11.0,10.0,1.0,,24.0,12.0,194.0,9.0,25.0,25.0,74.0,13.0,1.0,12.0,7.0,3.0,6.0,4.0,9.0,11.0,2.0,,,6.0,6.0,12.0,5.0,,3.0,,,,,,
2020-2021,Bundesliga,abuvjv3bhb402yf8p92kucez9,A. Touré,Eintracht Frankfurt,18,Forward,17,8,9,6,757,341.0,204.0,204.0,23.0,80.0,557.0,199.0,91.0,15.0,,22.0,8.0,,94.0,22.0,34.0,40.0,66.0,,,,57.0,103.0,1.0,32.0,18.0,,18.0,6.0,218.0,14.0,27.0,27.0,106.0,13.0,2.0,12.0,5.0,4.0,13.0,9.0,6.0,7.0,4.0,1.0,1.0,18.0,18.0,10.0,3.0,,1.0,,,,,,
2020-2021,Bundesliga,9uf4fsff2lpic3u0l7zpuqsid,A. Younes,Eintracht Frankfurt,32,Forward,26,16,10,15,1450,672.0,474.0,474.0,35.0,174.0,1046.0,458.0,145.0,23.0,,4.0,13.0,,248.0,65.0,113.0,66.0,129.0,,,,75.0,155.0,26.0,16.0,1.0,,25.0,11.0,458.0,15.0,33.0,21.0,161.0,38.0,5.0,14.0,32.0,18.0,22.0,9.0,37.0,21.0,13.0,3.0,3.0,19.0,7.0,51.0,12.0,,4.0,24.0,,2.0,,,
2020-2021,Bundesliga,bjhgmcai5irlexe7oa1g0e5sl,J. Guilavogui,Wolfsburg,23,Forward,20,7,13,1,828,435.0,362.0,362.0,28.0,152.0,656.0,334.0,68.0,20.0,,25.0,29.0,,122.0,16.0,24.0,38.0,59.0,,,,66.0,50.0,4.0,35.0,22.0,,17.0,8.0,68.0,13.0,2.0,2.0,12.0,16.0,3.0,9.0,2.0,7.0,3.0,3.0,,5.0,,,,,,7.0,7.0,,,,,1.0,,,
2020-2021,Bundesliga,5htxts9xs8fxaz78eb1er4edx,J. Edmundsson,Arminia Bielefeld,14,Forward,5,0,5,0,82,13.0,7.0,7.0,2.0,2.0,23.0,6.0,4.0,,,,1.0,,6.0,0.0,0.0,1.0,2.0,,,,1.0,5.0,2.0,2.0,1.0,,,,8.0,1.0,1.0,1.0,6.0,3.0,,,1.0,1.0,3.0,1.0,,,2.0,1.0,1.0,1.0,,,,,,1.0,,,,,
2020-2021,Bundesliga,963qasbzcgxyi3w8lrquob2p6,,Arminia Bielefeld,42,Forward,0,0,0,0,0,,,,,,,,,,,,,,,0.0,0.0,0.0,0.0,,,,,,,,,,,,,,,,,,,,,,,,,,,,,,,,,,,,,,,,
2020-2021,Bundesliga,xuk3qlmk4985hs8ocjjd49ka,M. Beier,Hoffenheim,35,Forward,3,0,3,0,26,,,,,,2.0,,,,,,,,,0.0,0.0,0.0,0.0,,,,,,1.0,,,,,,1.0,,,,,1.0,,,,,,,,,,,,,,,,,,,,,,,
2020-2021,Bundesliga,2cq6ocr7j487do4nrm3sreg9h,K. Demirbay,Bayer Leverkusen,10,Midfielder,29,20,9,10,1825,1217.0,901.0,901.0,93.0,332.0,1659.0,842.0,213.0,85.0,,6.0,8.0,,432.0,54.0,89.0,65.0,115.0,,,,137.0,187.0,26.0,26.0,11.0,,46.0,15.0,483.0,15.0,59.0,25.0,110.0,44.0,2.0,31.0,29.0,17.0,30.0,17.0,20.0,27.0,13.0,4.0,4.0,34.0,11.0,23.0,18.0,,3.0,57.0,,3.0,,,
2020-2021,Bundesliga,21vfv10e7fh6b2xtcu55ihn11,J. Hector,Köln,14,Midfielder,19,15,4,8,1346,580.0,425.0,425.0,33.0,148.0,944.0,405.0,117.0,26.0,,20.0,19.0,,212.0,28.0,44.0,82.0,137.0,,,,82.0,112.0,22.0,93.0,54.0,,34.0,12.0,253.0,39.0,21.0,11.0,87.0,11.0,2.0,22.0,11.0,19.0,20.0,12.0,4.0,15.0,8.0,3.0,3.0,13.0,4.0,6.0,12.0,1.0,2.0,19.0,,,,,
2020-2021,Bundesliga,1o2wuy2f2c5m9cr9mjcn4ignp,Kwon Chang-Hoon,Freiburg,28,Forward,12,1,11,1,267,67.0,51.0,51.0,3.0,12.0,129.0,49.0,9.0,2.0,,2.0,7.0,,34.0,7.0,13.0,10.0,22.0,,,,11.0,12.0,5.0,9.0,3.0,,3.0,2.0,61.0,6.0,5.0,5.0,24.0,4.0,2.0,1.0,5.0,2.0,1.0,1.0,4.0,3.0,,,,1.0,1.0,6.0,2.0,,,,,,,,
2020-2021,Bundesliga,7d5vo5ppoev5q1uf39x0afkrt,R. Matondo,Schalke 04,14,Forward,3,3,0,3,219,41.0,34.0,34.0,2.0,5.0,79.0,32.0,7.0,1.0,,1.0,1.0,,25.0,3.0,10.0,4.0,13.0,,,,10.0,6.0,1.0,3.0,1.0,,3.0,1.0,33.0,2.0,,,9.0,2.0,,2.0,4.0,1.0,,,6.0,3.0,,,,,,1.0,,,,,,,,,
2020-2021,Bundesliga,bt2h27b7sfmsa5w6tnfp7lw4p,A. Harit,Schalke 04,25,Midfielder,28,25,3,14,2157,869.0,612.0,612.0,42.0,193.0,1394.0,597.0,179.0,43.0,,7.0,17.0,,329.0,103.0,169.0,109.0,197.0,,,,99.0,184.0,79.0,28.0,6.0,,22.0,9.0,529.0,22.0,48.0,23.0,159.0,28.0,4.0,13.0,60.0,8.0,14.0,9.0,57.0,38.0,5.0,2.0,2.0,27.0,10.0,90.0,9.0,,5.0,42.0,,7.0,,,
2020-2021,Bundesliga,eikdf6bvfyzmb0ahxtyokd5gp,A. Kutucu,Schalke 04,15,Forward,7,0,7,0,131,35.0,23.0,23.0,1.0,3.0,58.0,22.0,9.0,2.0,,,,,18.0,3.0,6.0,5.0,13.0,,,,1.0,9.0,1.0,7.0,2.0,,1.0,1.0,21.0,5.0,2.0,2.0,3.0,2.0,1.0,,1.0,1.0,,,2.0,1.0,,,,,,3.0,1.0,,,,,,,,
2020-2021,Bundesliga,6sdv4s8oz558wfhx72vwlpvu2,,Union Berlin,35,Forward,0,0,0,0,0,,,,,,,,,,,,,,,0.0,0.0,0.0,0.0,,,,,,,,,,,,,,,,,,,,,,,,,,,,,,,,,,,,,,,,
2020-2021,Bundesliga,dibcadvug3vq8ylieog7oa9xx,D. Didavi,Stuttgart,10,Forward,23,10,13,9,1029,412.0,290.0,290.0,15.0,107.0,587.0,281.0,84.0,22.0,,8.0,3.0,,147.0,11.0,31.0,22.0,52.0,,,,37.0,92.0,13.0,21.0,11.0,,16.0,10.0,247.0,10.0,30.0,18.0,85.0,16.0,2.0,6.0,13.0,10.0,17.0,10.0,10.0,23.0,7.0,4.0,4.0,6.0,4.0,5.0,6.0,,3.0,14.0,,1.0,,,
2020-2021,Bundesliga,4gmknefwu0tt33z88tu75xmg9,Iago Borduchi,Augsburg,22,Defender,18,18,0,4,1630,829.0,581.0,581.0,53.0,203.0,1171.0,538.0,198.0,79.0,,55.0,22.0,,315.0,35.0,58.0,56.0,107.0,,,,80.0,157.0,11.0,49.0,21.0,,37.0,10.0,245.0,28.0,38.0,38.0,99.0,11.0,2.0,27.0,13.0,12.0,6.0,4.0,13.0,12.0,2.0,1.0,1.0,10.0,10.0,8.0,8.0,,1.0,,,,,,
2020-2021,Bundesliga,boehs62sf23wlas5wb4l5s2y,T. Arokodare,Köln,7,Forward,10,0,10,0,157,37.0,26.0,26.0,2.0,7.0,87.0,24.0,10.0,,,,1.0,,14.0,1.0,1.0,10.0,23.0,,,,9.0,11.0,1.0,22.0,9.0,,1.0,,49.0,13.0,1.0,1.0,26.0,1.0,,1.0,2.0,1.0,3.0,2.0,,3.0,1.0,,,,,,,,,,,,,,
2020-2021,Bundesliga,97nv3y9z2ajz6b4ynoo0jn3kl,J. Kimmich,Bayern München,6,Midfielder,27,25,2,5,2301,2131.0,1699.0,1699.0,224.0,761.0,2672.0,1554.0,224.0,116.0,,19.0,36.0,,695.0,57.0,79.0,76.0,112.0,,,,205.0,225.0,43.0,33.0,19.0,,40.0,12.0,748.0,14.0,117.0,39.0,219.0,19.0,4.0,28.0,20.0,20.0,25.0,11.0,10.0,48.0,14.0,4.0,4.0,79.0,17.0,29.0,17.0,1.0,13.0,140.0,,7.0,,,
2020-2021,Bundesliga,f3v95yyj6j7h7qpprxm4zlre1,D. Geiger,Hoffenheim,8,Midfielder,9,9,0,5,692,347.0,272.0,272.0,27.0,112.0,454.0,256.0,37.0,22.0,,,3.0,,125.0,13.0,20.0,14.0,28.0,,,,34.0,40.0,9.0,8.0,1.0,,13.0,3.0,121.0,7.0,25.0,12.0,39.0,15.0,4.0,10.0,3.0,10.0,3.0,,4.0,10.0,3.0,1.0,1.0,11.0,1.0,3.0,4.0,,1.0,23.0,,1.0,1.0,1.0,
2020-2021,Bundesliga,8mmecefcbz8wu4jcqqywps5p1,S. Adamyan,Hoffenheim,23,Forward,18,3,15,2,550,156.0,101.0,101.0,2.0,24.0,280.0,101.0,45.0,5.0,,1.0,6.0,,63.0,7.0,18.0,18.0,40.0,,,,20.0,48.0,8.0,22.0,11.0,,9.0,5.0,178.0,11.0,8.0,8.0,80.0,5.0,2.0,4.0,6.0,2.0,16.0,9.0,6.0,8.0,7.0,2.0,2.0,2.0,2.0,3.0,7.0,,3.0,,,,,,
2020-2021,Bundesliga,630sqbiu7utmkg8yw0h4ky8a2,E. Dinkçi,Werder Bremen,43,Forward,8,1,7,1,144,23.0,18.0,18.0,,7.0,72.0,18.0,5.0,,,1.0,2.0,,9.0,2.0,7.0,5.0,12.0,,,,8.0,5.0,,5.0,3.0,,1.0,,31.0,2.0,,,17.0,1.0,,1.0,3.0,4.0,3.0,1.0,5.0,3.0,2.0,1.0,1.0,,,1.0,,1.0,,,,,1.0,1.0,
2020-2021,Bundesliga,1psr9ra8k9j4r94p1xixagzbp,A. Pieper,Arminia Bielefeld,2,Defender,30,30,0,2,2815,1540.0,1268.0,1268.0,149.0,488.0,2185.0,1120.0,263.0,139.0,,160.0,66.0,,603.0,40.0,69.0,109.0,206.0,,,,138.0,129.0,24.0,137.0,69.0,,58.0,26.0,83.0,68.0,5.0,5.0,43.0,21.0,6.0,32.0,2.0,13.0,13.0,8.0,3.0,3.0,5.0,1.0,1.0,1.0,1.0,8.0,36.0,1.0,,,,,,,
2020-2021,Bundesliga,e7f0fbn4y7hljmwgt3xnaxsk5,F. Hübner,Union Berlin,19,Forward,6,6,0,1,552,251.0,186.0,186.0,9.0,105.0,378.0,178.0,63.0,23.0,,21.0,13.0,,58.0,6.0,11.0,25.0,41.0,,,,26.0,40.0,8.0,30.0,19.0,,10.0,5.0,26.0,11.0,,,10.0,10.0,3.0,5.0,1.0,4.0,2.0,1.0,,1.0,1.0,,,1.0,1.0,1.0,4.0,,,,,,,,
2020-2021,Bundesliga,bb6glt8n0ar47cmhmj6gnfiz9,T. Meunier,Borussia Dortmund,24,Defender,21,17,4,7,1533,1252.0,998.0,998.0,87.0,277.0,1573.0,920.0,204.0,57.0,,29.0,18.0,,561.0,36.0,52.0,50.0,82.0,,,,113.0,186.0,3.0,30.0,14.0,,30.0,9.0,419.0,16.0,39.0,39.0,134.0,17.0,3.0,21.0,9.0,10.0,9.0,6.0,7.0,9.0,3.0,1.0,1.0,9.0,9.0,15.0,9.0,,,,,,,,
2020-2021,Bundesliga,4gqnyyx3i92fayq6cxvekqwut,T. Delaney,Borussia Dortmund,6,Midfielder,20,14,6,7,1336,828.0,683.0,683.0,50.0,225.0,1106.0,634.0,133.0,47.0,,15.0,22.0,,321.0,32.0,46.0,61.0,86.0,,,,85.0,92.0,26.0,40.0,29.0,,40.0,10.0,149.0,11.0,6.0,6.0,27.0,36.0,6.0,30.0,5.0,18.0,7.0,4.0,4.0,3.0,3.0,1.0,1.0,1.0,1.0,2.0,11.0,1.0,,,,1.0,,,
2020-2021,Bundesliga,2fjlc6v3ucg5yogwac1ri7bo5,Y. Mallı,Wolfsburg,10,Forward,1,1,0,1,57,11.0,8.0,8.0,,2.0,20.0,8.0,3.0,,,,,,3.0,0.0,2.0,0.0,4.0,,,,1.0,3.0,2.0,2.0,,,1.0,1.0,6.0,2.0,,,2.0,,,,3.0,,,,1.0,2.0,,,,,,,,,,,,,,,
2020-2021,Bundesliga,a93cs6sqqb6hj95qayyq2ib1m,Tiago Dantas,Bayern München,28,Forward,2,1,1,1,70,34.0,24.0,24.0,2.0,4.0,39.0,24.0,7.0,,,,,,20.0,1.0,1.0,1.0,3.0,,,,2.0,8.0,1.0,2.0,,,1.0,,17.0,2.0,1.0,1.0,4.0,,,1.0,,,,,,,,,,2.0,,,,,,2.0,,1.0,,,
2020-2021,Bundesliga,7c8ms7bw3fva4xeubax4ep8et,P. Mwene,Mainz 05,23,Midfielder,20,19,1,3,1767,586.0,319.0,319.0,50.0,135.0,942.0,294.0,165.0,77.0,,33.0,24.0,,162.0,38.0,63.0,47.0,88.0,,,,105.0,161.0,14.0,25.0,9.0,,36.0,13.0,274.0,16.0,73.0,63.0,103.0,29.0,3.0,23.0,9.0,23.0,4.0,1.0,12.0,12.0,3.0,1.0,1.0,25.0,20.0,15.0,6.0,,2.0,15.0,,,,,
2020-2021,Bundesliga,cne8uwbnrwbwqjpj3pme1kbmx,,Mainz 05,13,Forward,0,0,0,0,0,,,,,,,,,,,,,,,0.0,0.0,0.0,0.0,,,,,,,,,,,,,,,,,,,,,,,,,,,,,,,,,,,,,,,,
2020-2021,Bundesliga,bvifdvoxv9e8nq8qe37c0gvrp,S. Bell,Mainz 05,16,Defender,16,16,0,7,1321,594.0,438.0,438.0,32.0,224.0,945.0,406.0,150.0,75.0,,76.0,27.0,,103.0,18.0,24.0,86.0,115.0,,,,94.0,77.0,7.0,91.0,68.0,,24.0,6.0,40.0,23.0,2.0,2.0,28.0,27.0,6.0,18.0,2.0,8.0,6.0,4.0,,2.0,2.0,1.0,1.0,,,,13.0,1.0,1.0,,,,,,
2020-2021,Bundesliga,3xw94e04brxehqocwsqfrgel1,Á. Szalai,Mainz 05,28,Forward,18,8,10,8,783,208.0,113.0,113.0,5.0,33.0,439.0,108.0,88.0,8.0,,4.0,2.0,,67.0,12.0,20.0,37.0,96.0,,,,29.0,86.0,13.0,76.0,25.0,,7.0,1.0,211.0,51.0,6.0,6.0,78.0,18.0,1.0,6.0,19.0,3.0,10.0,4.0,7.0,5.0,6.0,1.0,1.0,,,6.0,5.0,,,,,2.0,,,
2020-2021,Bundesliga,cu3v35kfvp0cbb2urpyfnwnah,,Mainz 05,41,Forward,0,0,0,0,0,,,,,,,,,,,,,,,0.0,0.0,0.0,0.0,,,,,,,,,,,,,,,,,,,,,,,,,,,,,,,,,,,,,,,,
2020-2021,Bundesliga,7kjhx78gpi6m3r4j1b4jdyh91,J. Hofmann,Borussia M'gladbach,23,Midfielder,24,21,3,10,1891,1035.0,705.0,705.0,85.0,192.0,1419.0,678.0,171.0,80.0,,9.0,27.0,,449.0,36.0,61.0,43.0,83.0,,,,121.0,185.0,19.0,22.0,7.0,,26.0,6.0,474.0,15.0,94.0,35.0,229.0,19.0,1.0,20.0,19.0,25.0,17.0,6.0,19.0,41.0,11.0,6.0,3.0,58.0,14.0,16.0,10.0,,11.0,103.0,3.0,2.0,,,
2020-2021,Bundesliga,dqrzogrwznyks6whhfhq748ut,R. Bensebaini,Borussia M'gladbach,25,Defender,25,20,5,7,1906,1237.0,992.0,992.0,73.0,416.0,1779.0,924.0,223.0,69.0,,66.0,47.0,,446.0,37.0,66.0,78.0,132.0,,,,148.0,167.0,30.0,66.0,41.0,,43.0,19.0,224.0,25.0,13.0,13.0,82.0,34.0,7.0,24.0,10.0,32.0,21.0,13.0,10.0,8.0,8.0,4.0,3.0,5.0,5.0,13.0,8.0,2.0,,,1.0,,,,
2020-2021,Bundesliga,cjq9g6zgcxk1ceo2xzpe1qnyt,N. Füllkrug,Werder Bremen,11,Forward,19,10,9,9,933,262.0,150.0,150.0,13.0,39.0,538.0,138.0,107.0,5.0,,13.0,3.0,,87.0,11.0,23.0,65.0,141.0,,,,20.0,105.0,13.0,118.0,54.0,,7.0,4.0,230.0,64.0,3.0,3.0,96.0,15.0,1.0,3.0,17.0,6.0,34.0,17.0,8.0,5.0,17.0,6.0,4.0,1.0,1.0,8.0,5.0,1.0,,,2.0,,,,
2020-2021,Bundesliga,atzboo800gv7gic2rgvgo0kq1,E. Haaland,Borussia Dortmund,9,Forward,28,27,1,4,2512,468.0,332.0,332.0,3.0,75.0,881.0,330.0,124.0,4.0,,16.0,4.0,,206.0,32.0,55.0,69.0,126.0,,,,55.0,125.0,22.0,71.0,37.0,,7.0,5.0,507.0,34.0,5.0,5.0,230.0,20.0,2.0,2.0,11.0,15.0,81.0,31.0,18.0,22.0,50.0,27.0,25.0,1.0,1.0,30.0,16.0,1.0,6.0,,2.0,2.0,,,
2020-2021,Bundesliga,8n4b6j21nxf1nf628ugg3xsdl,S. Tigges,Borussia Dortmund,27,Forward,6,0,6,0,89,18.0,8.0,8.0,,4.0,48.0,8.0,9.0,2.0,,1.0,,,4.0,4.0,4.0,10.0,12.0,,,,5.0,8.0,,8.0,6.0,,4.0,,17.0,2.0,1.0,1.0,9.0,4.0,,4.0,1.0,1.0,4.0,3.0,,,1.0,,,,,,,,,,,,,,
2020-2021,Bundesliga,a5468rav78plzus0bab71q47p,A. Mehmedi,Wolfsburg,14,Forward,18,8,10,8,871,440.0,333.0,333.0,15.0,118.0,624.0,325.0,81.0,8.0,,1.0,5.0,,172.0,16.0,25.0,21.0,49.0,,,,45.0,90.0,15.0,24.0,5.0,,17.0,8.0,273.0,19.0,17.0,14.0,97.0,19.0,,9.0,18.0,7.0,6.0,3.0,1.0,13.0,3.0,,,7.0,3.0,7.0,1.0,,1.0,7.0,,1.0,,,
2020-2021,Bundesliga,bgjfsi31jvukdc59nv1j0j33e,,Wolfsburg,35,Forward,0,0,0,0,0,,,,,,,,,,,,,,,0.0,0.0,0.0,0.0,,,,,,,,,,,,,,,,,,,,,,,,,,,,,,,,,,,,,,,,
2020-2021,Bundesliga,7446u69ki15qcyq2jtszacm3t,L. Grill,Bayer Leverkusen,21,Forward,4,4,0,0,377,161.0,141.0,141.0,13.0,126.0,170.0,128.0,20.0,16.0,1.0,2.0,,14.0,,0.0,0.0,0.0,0.0,7.0,1.0,4.0,4.0,4.0,,,,3.0,,,,,,,,1.0,,,,,,,,,,,,,,,,,,,,,,,
2020-2021,Bundesliga,2pin0r9yarmnxjzz8qbbcw0h6,,Bayer Leverkusen,32,Forward,0,0,0,0,0,,,,,,,,,,,,,,,0.0,0.0,0.0,0.0,,,,,,,,,,,,,,,,,,,,,,,,,,,,,,,,,,,,,,,,
2020-2021,Bundesliga,b4mjy8dua9w3zuaocw5j7z4k5,J. Córdoba,Hertha BSC,15,Forward,21,17,4,9,1617,304.0,221.0,221.0,13.0,33.0,672.0,213.0,67.0,3.0,,4.0,6.0,,162.0,19.0,29.0,59.0,130.0,,,,46.0,73.0,44.0,101.0,40.0,,9.0,5.0,320.0,61.0,9.0,9.0,145.0,37.0,3.0,4.0,29.0,11.0,39.0,21.0,5.0,20.0,18.0,7.0,7.0,5.0,5.0,15.0,11.0,2.0,1.0,,,1.0,,,
2020-2021,Bundesliga,22zaq3o78o5feeogqdsvig02y,L. Netz,Hertha BSC,32,Forward,11,2,9,1,355,165.0,124.0,124.0,7.0,29.0,258.0,119.0,33.0,13.0,,8.0,6.0,,83.0,16.0,28.0,21.0,38.0,,,,24.0,24.0,2.0,10.0,5.0,,14.0,6.0,77.0,5.0,4.0,4.0,32.0,2.0,,8.0,1.0,3.0,2.0,1.0,6.0,2.0,1.0,1.0,1.0,2.0,1.0,8.0,,,,1.0,,,,,
2020-2021,Bundesliga,8l1mv5qd9vwade754v3l8epjp,F. Rønnow,Schalke 04,23,Forward,11,10,1,0,979,380.0,287.0,287.0,66.0,219.0,413.0,221.0,88.0,85.0,8.0,9.0,1.0,42.0,8.0,0.0,0.0,3.0,3.0,23.0,1.0,10.0,14.0,3.0,1.0,3.0,3.0,3.0,,,,,,,,,,,,,1.0,,,,1.0,,,,,,3.0,,,,,,,,
2020-2021,Bundesliga,9dnrpl2c7n769i8nbfnboq2tx,J. Bruun Larsen,Hoffenheim,7,Forward,2,1,1,1,94,20.0,15.0,15.0,1.0,,40.0,14.0,3.0,,,,,,14.0,0.0,4.0,0.0,7.0,,,,5.0,5.0,,3.0,,,,,13.0,3.0,2.0,2.0,5.0,2.0,,,2.0,,,,4.0,1.0,,,,,,,,,,,,,,,
2020-2021,Bundesliga,2jk8zu0m0tf7if0pyrkbo82xh,L. Kübler,Freiburg,17,Forward,19,11,8,10,924,423.0,274.0,274.0,57.0,117.0,612.0,220.0,124.0,52.0,,31.0,21.0,,122.0,15.0,25.0,38.0,57.0,,,,48.0,92.0,10.0,32.0,23.0,,15.0,7.0,111.0,9.0,20.0,20.0,45.0,18.0,2.0,8.0,4.0,6.0,1.0,,3.0,4.0,1.0,,,3.0,3.0,7.0,4.0,,1.0,,,1.0,,,
2020-2021,Bundesliga,a5bkiy2acihib9s4gbj31og5x,R. Czichos,Köln,5,Defender,28,26,2,5,2378,1348.0,1101.0,1101.0,107.0,586.0,1913.0,996.0,241.0,115.0,,109.0,53.0,,354.0,29.0,59.0,93.0,172.0,,,,157.0,128.0,14.0,113.0,64.0,,48.0,24.0,44.0,49.0,2.0,2.0,31.0,26.0,7.0,24.0,2.0,16.0,9.0,7.0,6.0,3.0,2.0,1.0,1.0,2.0,2.0,5.0,10.0,1.0,,,,,,,
2020-2021,Bundesliga,egmcpa7j5clzga5m0zvg2f105,M. Pedersen,Augsburg,3,Forward,15,9,6,1,952,424.0,284.0,284.0,37.0,103.0,671.0,255.0,108.0,59.0,,32.0,15.0,,145.0,30.0,52.0,37.0,70.0,,,,67.0,69.0,14.0,18.0,7.0,,25.0,9.0,109.0,11.0,20.0,18.0,46.0,15.0,1.0,16.0,11.0,10.0,,,13.0,8.0,,,,8.0,2.0,14.0,4.0,,,8.0,,,,,
2020-2021,Bundesliga,yxuavigqlnnigve5ki4tfemt,A. Hahn,Augsburg,28,Forward,29,24,5,15,2106,457.0,243.0,243.0,21.0,59.0,1025.0,226.0,185.0,30.0,,24.0,14.0,,146.0,34.0,72.0,102.0,251.0,,,,65.0,179.0,27.0,179.0,68.0,,31.0,14.0,372.0,111.0,24.0,24.0,164.0,33.0,4.0,17.0,23.0,32.0,28.0,14.0,24.0,15.0,14.0,8.0,8.0,4.0,4.0,17.0,18.0,1.0,3.0,,,2.0,,,
2020-2021,Bundesliga,a4p1m3cqm6z2p1bw97s6k46ad,A. Karazor,Stuttgart,16,Forward,19,10,9,1,1118,703.0,605.0,605.0,16.0,272.0,995.0,589.0,97.0,24.0,,50.0,21.0,,175.0,19.0,29.0,48.0,88.0,,,,76.0,73.0,16.0,59.0,29.0,,20.0,8.0,46.0,30.0,,,8.0,15.0,3.0,12.0,4.0,10.0,1.0,,2.0,4.0,1.0,,,,,7.0,10.0,,2.0,,,,,,
2020-2021,Bundesliga,dl8x6fzdexn8r0sj65vgcgq8l,Hwang Hee-Chan,RB Leipzig,11,Forward,18,3,15,2,521,128.0,82.0,82.0,3.0,16.0,229.0,79.0,42.0,6.0,,1.0,1.0,,55.0,10.0,17.0,15.0,33.0,,,,15.0,40.0,11.0,16.0,5.0,,3.0,1.0,123.0,11.0,4.0,4.0,52.0,12.0,2.0,2.0,12.0,4.0,8.0,3.0,6.0,3.0,5.0,,,,,8.0,2.0,,1.0,,,,,,
2020-2021,Bundesliga,3igg6gfmomgh1t5ohwzbpb5cl,L. Klostermann,RB Leipzig,16,Defender,23,15,8,5,1513,1169.0,1013.0,1013.0,51.0,431.0,1482.0,964.0,147.0,61.0,,44.0,18.0,,445.0,25.0,34.0,40.0,71.0,,,,112.0,91.0,8.0,37.0,15.0,,23.0,4.0,179.0,22.0,5.0,5.0,57.0,7.0,2.0,19.0,4.0,10.0,10.0,8.0,5.0,5.0,2.0,1.0,1.0,2.0,2.0,6.0,8.0,1.0,,,,,,,
2020-2021,Bundesliga,3yiwkcfbwy0sfnecr9sy9695h,N. Sarenren Bazee,Augsburg,17,Forward,5,0,5,0,54,12.0,5.0,5.0,,1.0,36.0,5.0,7.0,1.0,,,1.0,,2.0,1.0,5.0,3.0,10.0,,,,4.0,6.0,1.0,5.0,2.0,,,,10.0,3.0,,,3.0,2.0,1.0,,3.0,,,,4.0,1.0,,,,,,1.0,,,1.0,,,,,,
2020-2021,Bundesliga,504qkt70jvof5yzffmwwo5c5x,J. Laursen,Arminia Bielefeld,5,Defender,16,13,3,4,1170,557.0,430.0,430.0,62.0,165.0,777.0,372.0,105.0,34.0,,37.0,24.0,,220.0,20.0,32.0,28.0,58.0,,,,50.0,88.0,12.0,26.0,8.0,,23.0,11.0,113.0,18.0,17.0,17.0,31.0,12.0,1.0,12.0,2.0,10.0,2.0,2.0,1.0,4.0,,,,4.0,4.0,8.0,4.0,,1.0,,,1.0,,,
2020-2021,Bundesliga,4ztde6imqmsn758mwh9zrgel1,L. Klünter,Hertha BSC,13,Defender,11,11,0,0,1046,542.0,412.0,412.0,36.0,164.0,717.0,378.0,115.0,46.0,,29.0,11.0,,185.0,12.0,20.0,22.0,39.0,,,,73.0,81.0,9.0,19.0,10.0,,10.0,5.0,52.0,9.0,12.0,12.0,16.0,4.0,,5.0,2.0,2.0,1.0,,3.0,2.0,1.0,,,2.0,2.0,7.0,1.0,,,,,,,,
2020-2021,Bundesliga,5m5qyz18o5hmta6mh4zk57sh5,S. Ascacíbar,Hertha BSC,18,Forward,13,8,5,5,799,358.0,291.0,291.0,22.0,102.0,575.0,269.0,62.0,14.0,,14.0,13.0,,129.0,17.0,39.0,26.0,56.0,,,,64.0,52.0,4.0,17.0,9.0,,30.0,15.0,73.0,8.0,4.0,4.0,18.0,10.0,2.0,15.0,3.0,21.0,5.0,2.0,7.0,4.0,3.0,1.0,1.0,,,2.0,4.0,,,,,,,,
2020-2021,Bundesliga,7at6knpizbafid4br861pi6zt,Y. Keitel,Freiburg,36,Forward,12,4,8,3,535,202.0,155.0,155.0,8.0,57.0,336.0,147.0,45.0,4.0,,8.0,10.0,,79.0,11.0,18.0,25.0,38.0,,,,33.0,41.0,6.0,20.0,14.0,,12.0,4.0,54.0,6.0,,,10.0,12.0,1.0,8.0,7.0,6.0,3.0,2.0,3.0,2.0,1.0,,,,,3.0,8.0,,,,,,,,
2020-2021,Bundesliga,3y3krzx5g6hxunvllkgn34b8p,,Borussia Dortmund,25,Forward,0,0,0,0,0,,,,,,,,,,,,,,,0.0,0.0,0.0,0.0,,,,,,,,,,,,,,,,,,,,,,,,,,,,,,,,,,,,,,,,
2020-2021,Bundesliga,e482cluaxyc6o2auawo9d7npx,L. Öztunalı,Mainz 05,8,Forward,17,7,10,5,823,270.0,161.0,161.0,19.0,81.0,471.0,148.0,86.0,30.0,,16.0,15.0,,62.0,29.0,49.0,35.0,58.0,,,,45.0,72.0,5.0,9.0,6.0,,24.0,6.0,131.0,3.0,16.0,16.0,53.0,7.0,,18.0,6.0,15.0,5.0,2.0,14.0,8.0,3.0,1.0,1.0,6.0,6.0,11.0,1.0,,2.0,,,,,,
2020-2021,Bundesliga,6p4fs5rivwt0e45twlsf6ajth,J. Brenet,Hoffenheim,2,Forward,1,0,1,0,6,2.0,,,,,5.0,,2.0,1.0,,,,,,1.0,1.0,1.0,1.0,,,,2.0,1.0,,,,,,,,,,,,,,,,,,,,,,,,,,1.0,,,,,,,,,
2020-2021,Bundesliga,735ufna8vlzsplqzb7les2pnu,,Hoffenheim,41,Forward,0,0,0,0,0,,,,,,,,,,,,,,,0.0,0.0,0.0,0.0,,,,,,,,,,,,,,,,,,,,,,,,,,,,,,,,,,,,,,,,
2020-2021,Bundesliga,8thfkx6q306ewh6mlba8ztqzt,,Hoffenheim,42,Forward,0,0,0,0,0,,,,,,,,,,,,,,,0.0,0.0,0.0,0.0,,,,,,,,,,,,,,,,,,,,,,,,,,,,,,,,,,,,,,,,
2020-2021,Bundesliga,9j742o5vdc7d54x1xdz4t9ck5,S. Kolašinac,Schalke 04,20,Defender,17,16,1,2,1475,738.0,577.0,577.0,29.0,202.0,1034.0,554.0,141.0,32.0,,17.0,20.0,,289.0,32.0,47.0,46.0,82.0,,,,104.0,122.0,13.0,35.0,14.0,,20.0,3.0,214.0,21.0,13.0,13.0,82.0,19.0,5.0,17.0,8.0,12.0,4.0,3.0,12.0,10.0,1.0,1.0,1.0,6.0,6.0,15.0,7.0,,1.0,,,,,,
2020-2021,Bundesliga,24vavcwn4hco5je9kdu9ciwgl,J. Haberer,Freiburg,19,Forward,14,5,9,5,529,214.0,162.0,162.0,9.0,47.0,359.0,155.0,45.0,6.0,,9.0,7.0,,95.0,10.0,16.0,16.0,37.0,,,,48.0,44.0,6.0,21.0,6.0,,7.0,3.0,96.0,15.0,5.0,5.0,36.0,16.0,1.0,4.0,3.0,3.0,7.0,4.0,3.0,2.0,3.0,,,2.0,2.0,6.0,4.0,,,,,,,,
2020-2021,Bundesliga,1c9edgqsq6j7jlzku2qamu8k5,M. Rashica,Werder Bremen,7,Forward,24,14,10,8,1544,423.0,272.0,272.0,21.0,62.0,802.0,264.0,99.0,16.0,,6.0,4.0,,181.0,47.0,96.0,53.0,121.0,,,,76.0,118.0,21.0,25.0,6.0,,24.0,12.0,325.0,19.0,35.0,35.0,115.0,15.0,,12.0,32.0,7.0,35.0,20.0,37.0,14.0,15.0,3.0,2.0,13.0,12.0,35.0,8.0,,1.0,1.0,1.0,2.0,,,
2020-2021,Bundesliga,24w7jq5qou30k8f76lmr20ju2,N. Tauer,Mainz 05,25,Forward,5,0,5,0,94,25.0,13.0,13.0,1.0,8.0,50.0,13.0,11.0,5.0,,1.0,3.0,,2.0,2.0,2.0,6.0,10.0,,,,4.0,6.0,1.0,8.0,4.0,,1.0,,8.0,4.0,,,2.0,,,1.0,,2.0,,,,1.0,,,,1.0,1.0,1.0,1.0,,,,,,,,
2020-2021,Bundesliga,ftm7a5ulllwzj3n6oqa6awru,P. Nebel,Mainz 05,26,Forward,4,0,4,0,60,27.0,22.0,22.0,3.0,7.0,40.0,19.0,5.0,1.0,,,2.0,,10.0,2.0,3.0,2.0,3.0,,,,6.0,4.0,1.0,,,,1.0,,5.0,,,,3.0,2.0,,1.0,1.0,,,,1.0,,,,,,,1.0,,,,,,,,,
2020-2021,Bundesliga,21pztrby95djexvw3m9hhzgt1,L. Jović,Eintracht Frankfurt,9,Forward,18,8,10,4,963,289.0,225.0,225.0,15.0,60.0,524.0,210.0,61.0,4.0,,7.0,1.0,,122.0,14.0,30.0,39.0,105.0,,,,29.0,59.0,8.0,75.0,25.0,,2.0,2.0,193.0,50.0,2.0,2.0,75.0,13.0,2.0,,19.0,3.0,20.0,14.0,14.0,4.0,6.0,4.0,4.0,,,14.0,5.0,,,,,2.0,,,
2020-2021,Bundesliga,8wlyh0e8178je0hylqjifbkr9,C. Aránguiz,Bayer Leverkusen,20,Midfielder,21,20,1,7,1734,1168.0,998.0,998.0,46.0,408.0,1533.0,952.0,164.0,49.0,,17.0,33.0,,409.0,32.0,56.0,42.0,82.0,,,,122.0,119.0,25.0,26.0,10.0,,41.0,18.0,175.0,16.0,4.0,4.0,18.0,31.0,4.0,23.0,9.0,28.0,2.0,,6.0,13.0,2.0,,,,,9.0,6.0,,,,,,,,
2020-2021,Bundesliga,d5mck7rf48chzersephpx29d5,N. Schlotterbeck,Union Berlin,4,Defender,16,15,1,3,1380,820.0,657.0,657.0,55.0,309.0,1185.0,602.0,153.0,89.0,,29.0,31.0,,275.0,30.0,51.0,73.0,125.0,,,,100.0,73.0,25.0,74.0,43.0,,34.0,15.0,99.0,31.0,9.0,9.0,53.0,23.0,3.0,19.0,5.0,7.0,20.0,12.0,6.0,3.0,8.0,1.0,1.0,,,11.0,9.0,1.0,1.0,,,,,1.0,1.0
2020-2021,Bundesliga,9bzlvn0twr2b5z30k30gugw5x,F. Jensen,Augsburg,24,Forward,13,1,12,1,442,103.0,66.0,66.0,4.0,24.0,205.0,63.0,32.0,10.0,,6.0,2.0,,33.0,8.0,14.0,11.0,31.0,,,,23.0,25.0,2.0,17.0,3.0,,3.0,1.0,80.0,14.0,3.0,2.0,32.0,7.0,,2.0,10.0,3.0,2.0,1.0,5.0,3.0,1.0,,,1.0,1.0,6.0,4.0,,1.0,1.0,,,,,
2020-2021,Bundesliga,8azoo2y8vawzd90sh1cqwz9w5,E. Thommy,Stuttgart,11,Forward,8,3,5,3,339,136.0,94.0,94.0,13.0,30.0,226.0,85.0,27.0,7.0,,4.0,3.0,,59.0,4.0,10.0,10.0,16.0,,,,20.0,30.0,7.0,6.0,6.0,,3.0,2.0,92.0,,10.0,7.0,32.0,5.0,,1.0,7.0,3.0,7.0,6.0,4.0,3.0,1.0,,,4.0,3.0,3.0,5.0,,2.0,4.0,,,,,
2020-2021,Bundesliga,d36na8jr6xcc8eronhy8mcz1m,,Freiburg,43,Forward,0,0,0,0,0,,,,,,,,,,,,,,,0.0,0.0,0.0,0.0,,,,,,,,,,,,,,,,,,,,,,,,,,,,,,,,,,,,,,,,
2020-2021,Bundesliga,7l06lc2jx29mj343206ptpdd5,N. Burkart,Freiburg,45,Forward,1,0,1,0,22,7.0,5.0,5.0,,2.0,12.0,5.0,2.0,,,,,,3.0,1.0,1.0,2.0,2.0,,,,2.0,2.0,,1.0,1.0,,,,2.0,,,,,,,,,,,,,,,,,,,1.0,,,,,,,,,
2020-2021,Bundesliga,9k2wyu8eigfg9o2pn5cs95kyy,L. Dajaku,Union Berlin,8,Forward,2,0,2,0,47,16.0,13.0,13.0,,4.0,27.0,13.0,3.0,,,,,,8.0,1.0,4.0,1.0,5.0,,,,2.0,3.0,1.0,1.0,,,,,7.0,1.0,,,3.0,,,,1.0,,,,3.0,,,,,,,1.0,,,,,,,,,
2020-2021,Bundesliga,3ojzrb5okc6i1jf1o7okovnjd,T. Fosu-Mensah,Bayer Leverkusen,24,Defender,6,5,1,3,423,357.0,299.0,299.0,15.0,113.0,435.0,287.0,49.0,18.0,,4.0,7.0,,141.0,5.0,9.0,13.0,19.0,,,,24.0,37.0,4.0,10.0,8.0,,4.0,2.0,71.0,2.0,6.0,6.0,14.0,5.0,2.0,2.0,3.0,4.0,2.0,1.0,2.0,2.0,1.0,,,3.0,3.0,3.0,3.0,,,,,,,,
2020-2021,Bundesliga,b2a5syitl1nb5ky04j7pdq09h,,Eintracht Frankfurt,30,Forward,0,0,0,0,0,,,,,,,,,,,,,,,0.0,0.0,0.0,0.0,,,,,,,,,,,,,,,,,,,,,,,,,,,,,,,,,,,,,,,,
2020-2021,Bundesliga,9dnne0ny6o6d5c6w3ayoo4vvu,N. Ahamada,Stuttgart,32,Forward,6,3,3,2,346,125.0,110.0,110.0,3.0,33.0,185.0,107.0,15.0,1.0,,1.0,1.0,,48.0,12.0,17.0,12.0,18.0,,,,16.0,14.0,9.0,1.0,,,4.0,3.0,27.0,1.0,,,2.0,6.0,2.0,1.0,5.0,2.0,5.0,4.0,2.0,1.0,1.0,,,,,11.0,,,,,,,1.0,1.0,
2020-2021,Bundesliga,5jj7ybunxj9w72lia5ftzfbvt,,Werder Bremen,38,Forward,0,0,0,0,0,,,,,,,,,,,,,,,0.0,0.0,0.0,0.0,,,,,,,,,,,,,,,,,,,,,,,,,,,,,,,,,,,,,,,,
2020-2021,Bundesliga,shbxc528h0udd6rdf3ax2itx,P. Kadeřábek,Hoffenheim,3,Midfielder,20,17,3,2,1672,971.0,688.0,688.0,39.0,237.0,1266.0,664.0,195.0,69.0,,31.0,18.0,,383.0,17.0,36.0,63.0,128.0,,,,53.0,196.0,13.0,92.0,46.0,,15.0,3.0,407.0,46.0,70.0,70.0,182.0,20.0,3.0,12.0,6.0,9.0,8.0,4.0,16.0,17.0,4.0,,,15.0,15.0,5.0,5.0,,3.0,,,,,,
2020-2021,Bundesliga,9hetrz3o0nx5vncgrsefuk549,,Bayern München,39,Forward,0,0,0,0,0,,,,,,,,,,,,,,,0.0,0.0,0.0,0.0,,,,,,,,,,,,,,,,,,,,,,,,,,,,,,,,,,,,,,,,
2020-2021,Bundesliga,54t6sj2m8fqyxvovx2cc420ut,K. Huntelaar,Schalke 04,21,Forward,9,7,2,5,604,137.0,105.0,105.0,4.0,22.0,226.0,102.0,30.0,,,3.0,2.0,,68.0,3.0,8.0,16.0,37.0,,,,10.0,31.0,11.0,29.0,13.0,,4.0,2.0,55.0,16.0,1.0,1.0,19.0,12.0,2.0,2.0,3.0,2.0,12.0,6.0,3.0,5.0,6.0,2.0,2.0,1.0,1.0,1.0,2.0,,2.0,,,,,,
2020-2021,Bundesliga,38fhsva1ntfv3rzpm9nbtevze,E. Bördner,Eintracht Frankfurt,40,Forward,1,1,0,0,95,43.0,29.0,29.0,4.0,25.0,50.0,25.0,14.0,14.0,1.0,1.0,2.0,5.0,1.0,0.0,1.0,0.0,1.0,1.0,0.0,1.0,2.0,,,,,1.0,1.0,1.0,,,,,,,,,,,,,,,,,,,,,,,,,,,,,
2020-2021,Bundesliga,3ztcz2dgfniqv141w7xsky7zd,E. Dennis,Köln,43,Forward,9,6,3,4,496,137.0,92.0,92.0,2.0,14.0,276.0,93.0,35.0,,,,,,65.0,18.0,35.0,25.0,57.0,,,,26.0,42.0,5.0,22.0,7.0,,13.0,6.0,123.0,15.0,7.0,7.0,45.0,15.0,,7.0,4.0,6.0,4.0,4.0,11.0,2.0,,,,3.0,3.0,11.0,1.0,,,,,,,,
2020-2021,Bundesliga,4x7mafrcf54xnwfpdry7fcs7p,M. Meyer,Köln,13,Forward,10,3,7,0,394,254.0,216.0,216.0,8.0,75.0,338.0,208.0,31.0,7.0,,1.0,3.0,,93.0,6.0,9.0,6.0,12.0,,,,34.0,31.0,4.0,3.0,,,7.0,3.0,102.0,3.0,7.0,6.0,19.0,2.0,,4.0,4.0,3.0,7.0,2.0,,2.0,5.0,,,,,2.0,4.0,,,1.0,,,,,
2020-2021,Bundesliga,8zmj7mo9zxsoo5trhmmgmgb56,,RB Leipzig,38,Forward,0,0,0,0,0,,,,,,,,,,,,,,,0.0,0.0,0.0,0.0,,,,,,,,,,,,,,,,,,,,,,,,,,,,,,,,,,,,,,,,
2020-2021,Bundesliga,6rg37ej1x7pwi7r4aq1107pih,E. Palacios,Bayer Leverkusen,25,Forward,9,7,2,3,593,419.0,361.0,361.0,17.0,128.0,594.0,345.0,55.0,9.0,,7.0,12.0,,166.0,23.0,37.0,25.0,45.0,,,,59.0,46.0,16.0,8.0,2.0,,31.0,14.0,73.0,6.0,,,12.0,7.0,1.0,17.0,11.0,13.0,2.0,2.0,,5.0,,,,1.0,1.0,6.0,,,,,,,,,
2020-2021,Bundesliga,c9u6h5uhnk1e4ukc3eq0zqcid,J. Pohjanpalo,Union Berlin,9,Forward,20,10,10,9,904,190.0,129.0,129.0,5.0,43.0,390.0,125.0,58.0,4.0,,12.0,1.0,,66.0,6.0,14.0,38.0,85.0,,,,24.0,56.0,8.0,71.0,32.0,,5.0,4.0,149.0,39.0,2.0,2.0,66.0,7.0,,1.0,3.0,1.0,23.0,8.0,4.0,6.0,15.0,6.0,6.0,1.0,1.0,5.0,8.0,,,,,2.0,,,
2020-2021,Bundesliga,5x35ltizfb0zge0x0nn9iy4q2,,Union Berlin,37,Forward,0,0,0,0,0,,,,,,,,,,,,,,,0.0,0.0,0.0,0.0,,,,,,,,,,,,,,,,,,,,,,,,,,,,,,,,,,,,,,,,
2020-2021,Bundesliga,6ynchgp6o4tajwvnfdnoo11at,N. Bentaleb,Schalke 04,10,Midfielder,9,6,3,2,569,285.0,231.0,231.0,12.0,77.0,395.0,219.0,49.0,8.0,,8.0,6.0,,122.0,12.0,19.0,18.0,31.0,,,,30.0,44.0,3.0,12.0,6.0,,14.0,6.0,56.0,6.0,3.0,3.0,10.0,11.0,2.0,8.0,8.0,3.0,1.0,,1.0,1.0,1.0,,,,,4.0,2.0,,,,,1.0,,,
2020-2021,Bundesliga,2aumz6rtq4ufba7z7zn5v8frp,Gonçalo Paciência,Schalke 04,18,Forward,15,9,6,6,791,170.0,96.0,96.0,8.0,20.0,394.0,90.0,64.0,7.0,,3.0,1.0,,55.0,14.0,35.0,33.0,95.0,,,,30.0,64.0,14.0,60.0,19.0,,8.0,5.0,161.0,41.0,7.0,7.0,64.0,17.0,2.0,3.0,16.0,3.0,17.0,9.0,16.0,3.0,8.0,1.0,1.0,2.0,2.0,11.0,6.0,1.0,1.0,,,2.0,,,
2020-2021,Bundesliga,7grw5xt5bl87i7p9qhy9fty39,V. Ibišević,Schalke 04,11,Forward,4,1,3,1,170,32.0,23.0,23.0,1.0,3.0,59.0,22.0,9.0,1.0,,1.0,1.0,,16.0,0.0,0.0,7.0,14.0,,,,,8.0,,14.0,7.0,,,,22.0,7.0,,,7.0,3.0,1.0,,2.0,1.0,1.0,1.0,,1.0,,,,,,,1.0,,,,,,,,
2020-2021,Bundesliga,rktyecx75c47pgwyt4vm3i7d,M. Cuisance,Bayern München,11,Forward,1,0,1,0,20,10.0,9.0,9.0,,1.0,15.0,9.0,1.0,1.0,,,,,8.0,0.0,0.0,0.0,0.0,,,,2.0,,,,,,,,6.0,,,,1.0,,,,2.0,1.0,,,,,,,,,,,,,,,,,,,
2020-2021,Bundesliga,56bidwsegakrtx3z1qbbpnc6i,J. Zirkzee,Bayern München,14,Forward,3,1,2,1,99,27.0,21.0,21.0,,2.0,48.0,21.0,6.0,,,,,,16.0,0.0,1.0,3.0,7.0,,,,3.0,6.0,1.0,6.0,3.0,,1.0,1.0,26.0,3.0,,,12.0,2.0,,,1.0,,3.0,2.0,,1.0,1.0,,,,,,1.0,,,,,,,,
2020-2021,Bundesliga,br2uswvdgoj7ndkx7mnbwgyd,,Bayern München,26,Forward,0,0,0,0,0,,,,,,,,,,,,,,,0.0,0.0,0.0,0.0,,,,,,,,,,,,,,,,,,,,,,,,,,,,,,,,,,,,,,,,
2020-2021,Bundesliga,baakmd4ndnulbl9npvmq90mvp,D. Klaassen,Werder Bremen,30,Midfielder,3,3,0,3,222,61.0,40.0,40.0,,20.0,110.0,40.0,19.0,4.0,,4.0,3.0,,14.0,2.0,6.0,3.0,10.0,,,,13.0,16.0,4.0,4.0,1.0,,3.0,2.0,34.0,3.0,1.0,1.0,10.0,6.0,1.0,1.0,3.0,4.0,4.0,4.0,2.0,1.0,,,,,,1.0,1.0,,1.0,,,,,,
2020-2021,Bundesliga,45bv6x1iz3hj6dofzcwadxv55,J. Eggestein,Werder Bremen,24,Forward,2,0,2,0,44,16.0,11.0,11.0,,4.0,21.0,11.0,4.0,1.0,,2.0,1.0,,5.0,0.0,0.0,0.0,0.0,,,,2.0,4.0,,,,,,,4.0,,1.0,1.0,2.0,1.0,,,,,,,,1.0,,,,,,,,,,,,,,,
2020-2021,Bundesliga,b25dws1pbgbxuwt09of8xpe51,,Hertha BSC,4,Forward,0,0,0,0,0,,,,,,,,,,,,,,,0.0,0.0,0.0,0.0,,,,,,,,,,,,,,,,,,,,,,,,,,,,,,,,,,,,,,,,
2020-2021,Bundesliga,8ph29uixl5q80zj74jo339be1,,Borussia M'gladbach,26,Forward,0,0,0,0,0,,,,,,,,,,,,,,,0.0,0.0,0.0,0.0,,,,,,,,,,,,,,,,,,,,,,,,,,,,,,,,,,,,,,,,
2020-2021,Bundesliga,bc5vmdnoyshdi5hcgu8dgqxyi,R. Reitz,Borussia M'gladbach,43,Forward,2,1,1,1,67,46.0,38.0,38.0,2.0,12.0,69.0,36.0,7.0,2.0,,1.0,1.0,,16.0,4.0,5.0,4.0,5.0,,,,9.0,5.0,1.0,,,,3.0,1.0,10.0,,,,,2.0,1.0,2.0,1.0,2.0,,,,1.0,,,,,,2.0,1.0,,,,,,,,
2020-2021,Bundesliga,elg48pp31idnm3tuykhyxa8yd,M. Höger,Köln,6,Forward,3,1,2,1,62,33.0,21.0,21.0,,11.0,55.0,21.0,10.0,3.0,,1.0,2.0,,8.0,2.0,3.0,6.0,12.0,,,,1.0,9.0,1.0,9.0,4.0,,1.0,1.0,10.0,5.0,2.0,2.0,7.0,,,,,2.0,,,,,,,,,,2.0,,,,,,1.0,,,
2020-2021,Bundesliga,pjbuqt8wiwm2ql2tfvvcn59m,,Köln,25,Forward,0,0,0,0,0,,,,,,,,,,,,,,,0.0,0.0,0.0,0.0,,,,,,,,,,,,,,,,,,,,,,,,,,,,,,,,,,,,,,,,
2020-2021,Bundesliga,4rrnad6qnutl60z8e1quup6tx,E. Bičakčić,Hoffenheim,4,Defender,2,2,0,1,138,61.0,53.0,53.0,1.0,21.0,94.0,52.0,8.0,3.0,,9.0,3.0,,23.0,1.0,1.0,8.0,13.0,,,,4.0,5.0,2.0,12.0,7.0,,1.0,,8.0,5.0,,,4.0,2.0,1.0,1.0,,,2.0,1.0,,,1.0,1.0,1.0,,,,1.0,1.0,,,,,,,
2020-2021,Bundesliga,4qjkz66msqvnfevqxgza5ivp,,RB Leipzig,13,Forward,0,0,0,0,0,,,,,,,,,,,,,,,0.0,0.0,0.0,0.0,,,,,,,,,,,,,,,,,,,,,,,,,,,,,,,,,,,,,,,,
2020-2021,Bundesliga,8d04q3yp2kouwog0lj0s7ew2x,,RB Leipzig,17,Forward,0,0,0,0,0,,,,,,,,,,,,,,,0.0,0.0,0.0,0.0,,,,,,,,,,,,,,,,,,,,,,,,,,,,,,,,,,,,,,,,
2020-2021,Bundesliga,3isbv9egu9vzxnna4ix8gcudx,B. Henrichs,RB Leipzig,39,Forward,13,5,8,2,578,344.0,254.0,254.0,13.0,97.0,470.0,245.0,76.0,20.0,,8.0,8.0,,117.0,8.0,17.0,10.0,23.0,,,,43.0,65.0,12.0,6.0,2.0,,12.0,5.0,129.0,4.0,9.0,9.0,36.0,8.0,3.0,7.0,2.0,8.0,4.0,2.0,4.0,3.0,2.0,,,4.0,4.0,1.0,2.0,,1.0,,,,,,
2020-2021,Bundesliga,d4ab3y7zu5uym0gqql6h0znbp,H. Al Ghaddioui,Stuttgart,18,Forward,6,0,6,0,73,15.0,10.0,10.0,1.0,2.0,29.0,9.0,5.0,1.0,,,,,4.0,0.0,0.0,1.0,2.0,,,,5.0,4.0,3.0,2.0,1.0,,,,13.0,1.0,,,4.0,1.0,,,,,1.0,1.0,,,,,,,,,,,,,,1.0,,,
2020-2021,Bundesliga,czvrz4blo8temt45rplqomu7e,M. Cissé,Stuttgart,29,Forward,5,0,5,0,66,16.0,12.0,12.0,1.0,3.0,28.0,11.0,3.0,,,,,,7.0,1.0,2.0,2.0,5.0,,,,1.0,4.0,,3.0,1.0,,1.0,,10.0,2.0,1.0,1.0,4.0,2.0,1.0,1.0,,1.0,,,1.0,1.0,,,,,,,,,,,,,,,
2020-2021,Bundesliga,cjks4v7acb94q4v0idm0colwp,,Freiburg,24,Forward,0,0,0,0,0,,,,,,,,,,,,,,,0.0,0.0,0.0,0.0,,,,,,,,,,,,,,,,,,,,,,,,,,,,,,,,,,,,,,,,
2020-2021,Bundesliga,7zi1ayoo5wxc7dph6prqug251,J. Mees,Union Berlin,8,Forward,1,0,1,0,12,3.0,2.0,2.0,,,7.0,2.0,1.0,,,,,,2.0,0.0,0.0,2.0,2.0,,,,,1.0,,2.0,2.0,,,,7.0,,,,4.0,,,,,,2.0,2.0,,,,,,,,,,,,,,,,,
2020-2021,Bundesliga,1t3ye17day755v0y3k2er9kut,M. Okugawa,Arminia Bielefeld,11,Midfielder,13,11,2,9,934,150.0,86.0,86.0,2.0,34.0,321.0,86.0,53.0,13.0,,5.0,8.0,,41.0,16.0,29.0,26.0,58.0,,,,30.0,49.0,9.0,29.0,10.0,,17.0,9.0,113.0,19.0,9.0,4.0,44.0,3.0,,8.0,5.0,15.0,9.0,5.0,4.0,2.0,4.0,1.0,1.0,2.0,1.0,8.0,2.0,,,6.0,,,,,
2020-2021,Bundesliga,ad9kukqx4xulbvelacgwgqvah,M. Vlap,Arminia Bielefeld,28,Forward,7,5,2,5,380,116.0,75.0,75.0,6.0,26.0,201.0,75.0,25.0,6.0,,3.0,5.0,,44.0,2.0,2.0,7.0,19.0,,,,22.0,29.0,6.0,17.0,5.0,,1.0,,73.0,12.0,10.0,6.0,27.0,3.0,,1.0,6.0,4.0,3.0,1.0,,4.0,2.0,1.0,1.0,6.0,1.0,1.0,,,1.0,9.0,,,,,
2020-2021,Bundesliga,1tztnrv51q99ewl193qk526z9,N. Radonjić,Hertha BSC,24,Forward,12,5,7,3,659,252.0,149.0,149.0,5.0,53.0,396.0,152.0,72.0,6.0,,1.0,2.0,,73.0,24.0,46.0,27.0,52.0,,,,23.0,88.0,5.0,6.0,3.0,,5.0,2.0,191.0,3.0,22.0,20.0,89.0,6.0,1.0,3.0,10.0,1.0,10.0,4.0,20.0,8.0,6.0,1.0,1.0,8.0,5.0,21.0,5.0,,2.0,5.0,,,,,
2020-2021,Bundesliga,3fr4vctblddis91mi7rztum6t,S. Khedira,Hertha BSC,28,Forward,9,4,5,4,428,222.0,181.0,181.0,9.0,52.0,298.0,173.0,37.0,13.0,,7.0,9.0,,100.0,8.0,13.0,13.0,19.0,,,,26.0,24.0,4.0,6.0,5.0,,11.0,5.0,29.0,1.0,,,7.0,7.0,1.0,6.0,2.0,4.0,1.0,1.0,,4.0,,,,1.0,1.0,2.0,,,2.0,,,,,,
2020-2021,Bundesliga,4n782p6eaok71ai7ecj1jo1jp,D. Gray,Bayer Leverkusen,28,Forward,10,5,5,3,467,176.0,111.0,111.0,9.0,20.0,269.0,109.0,32.0,13.0,,3.0,4.0,,82.0,11.0,21.0,11.0,26.0,,,,14.0,44.0,5.0,5.0,,,3.0,1.0,149.0,5.0,25.0,18.0,78.0,4.0,,2.0,11.0,3.0,9.0,2.0,9.0,8.0,7.0,1.0,1.0,7.0,1.0,9.0,6.0,,2.0,13.0,,,,,
2020-2021,Bundesliga,9qo448ueot8pfc5oqo378wag9,J. Frimpong,Bayer Leverkusen,30,Forward,10,4,6,3,463,283.0,228.0,228.0,11.0,56.0,413.0,221.0,33.0,12.0,,7.0,1.0,,137.0,19.0,39.0,24.0,56.0,,,,14.0,38.0,12.0,17.0,5.0,,7.0,3.0,149.0,12.0,17.0,17.0,70.0,8.0,1.0,4.0,16.0,4.0,3.0,3.0,17.0,5.0,,,,4.0,4.0,15.0,,,1.0,,,,,,
2020-2021,Bundesliga,e7if3ma2jblaurrokcxadk0k5,R. Glatzel,Mainz 05,9,Forward,13,3,10,3,415,133.0,89.0,89.0,2.0,21.0,274.0,88.0,42.0,2.0,,2.0,,,58.0,8.0,17.0,24.0,65.0,,,,23.0,40.0,7.0,48.0,16.0,,1.0,1.0,131.0,32.0,,,58.0,15.0,,,5.0,2.0,11.0,4.0,8.0,3.0,7.0,2.0,2.0,1.0,1.0,8.0,2.0,,2.0,,,,,,
2020-2021,Bundesliga,bxcpii8qeyw2duignml45sc15,P. Musa,Union Berlin,24,Forward,14,8,6,8,752,217.0,114.0,114.0,2.0,19.0,437.0,114.0,95.0,5.0,,5.0,4.0,,72.0,10.0,19.0,52.0,102.0,,,,30.0,92.0,14.0,83.0,42.0,,12.0,4.0,179.0,41.0,2.0,2.0,62.0,23.0,2.0,8.0,7.0,10.0,15.0,10.0,5.0,9.0,5.0,1.0,1.0,2.0,2.0,2.0,2.0,,2.0,,,,,,
2020-2021,Bundesliga,7c3ue1a0utnvk7986i3cwk7v9,S. Mustafi,Schalke 04,30,Defender,13,11,2,0,1085,577.0,449.0,449.0,52.0,231.0,872.0,397.0,124.0,57.0,,76.0,32.0,,127.0,7.0,21.0,57.0,99.0,,,,48.0,67.0,12.0,78.0,50.0,,16.0,11.0,38.0,28.0,,,31.0,8.0,1.0,5.0,,5.0,10.0,7.0,3.0,1.0,3.0,1.0,1.0,,,2.0,15.0,1.0,,,,,,,
2020-2021,Bundesliga,8h7u0a26g2yckx955e1g2kdbe,,Bayern München,47,Forward,0,0,0,0,0,,,,,,,,,,,,,,,0.0,0.0,0.0,0.0,,,,,,,,,,,,,,,,,,,,,,,,,,,,,,,,,,,,,,,,
2020-2021,Bundesliga,64bvmk3m58s8g7rut7zac85bd,,Bayern München,49,Forward,0,0,0,0,0,,,,,,,,,,,,,,,0.0,0.0,0.0,0.0,,,,,,,,,,,,,,,,,,,,,,,,,,,,,,,,,,,,,,,,
2020-2021,Bundesliga,7llxni56g8q0yt33vhp1pt3o5,,Werder Bremen,30,Forward,0,0,0,0,0,,,,,,,,,,,,,,,0.0,0.0,0.0,0.0,,,,,,,,,,,,,,,,,,,,,,,,,,,,,,,,,,,,,,,,
2020-2021,Bundesliga,d5cofm3hdy3vxtvd9bp0s8dzp,J. Morávek,Augsburg,14,Forward,5,3,2,3,279,145.0,96.0,96.0,9.0,32.0,201.0,87.0,49.0,11.0,,2.0,7.0,,46.0,4.0,6.0,7.0,13.0,,,,22.0,38.0,1.0,7.0,3.0,,5.0,2.0,39.0,4.0,,,9.0,9.0,,3.0,1.0,3.0,,,,1.0,,,,,,1.0,1.0,,,,,,,,
2020-2021,Bundesliga,c7gwbtdqptxjtu3tn3xctvit,,Union Berlin,12,Forward,0,0,0,0,0,,,,,,,,,,,,,,,0.0,0.0,0.0,0.0,,,,,,,,,,,,,,,,,,,,,,,,,,,,,,,,,,,,,,,,
2020-2021,Bundesliga,10fuwkejg59w68jmx1ae0cfe1,R. Ache,Eintracht Frankfurt,21,Forward,7,0,7,0,143,32.0,19.0,19.0,,5.0,74.0,19.0,12.0,,,1.0,1.0,,11.0,0.0,2.0,9.0,18.0,,,,3.0,13.0,1.0,16.0,9.0,,2.0,2.0,32.0,7.0,1.0,1.0,15.0,5.0,1.0,,2.0,1.0,2.0,1.0,,,1.0,1.0,1.0,,,,,,,,,,,,
2020-2021,Bundesliga,e8ekkg0yayhhmmhinl0v9une,G. Rutter,Hoffenheim,33,Forward,9,2,7,1,274,61.0,44.0,44.0,3.0,15.0,141.0,42.0,14.0,1.0,,2.0,,,24.0,9.0,19.0,19.0,40.0,,,,7.0,15.0,8.0,21.0,10.0,,4.0,,69.0,11.0,2.0,2.0,29.0,3.0,,4.0,4.0,2.0,6.0,3.0,10.0,2.0,3.0,1.0,1.0,1.0,1.0,5.0,,,,,,,,,
2020-2021,Bundesliga,9sid8vt0mz1ypq4pn8vj6pas5,J. Bruma,Wolfsburg,5,Forward,0,0,0,0,0,,,,,,,,,,,,,,,0.0,0.0,0.0,0.0,,,,,,,,,,,,,,,,,,,,,,,,,,,,,,,,,,,,,,,,
2020-2021,Bundesliga,6k3daudjhieulsgywbt9uoep6,,Hoffenheim,37,Forward,0,0,0,0,0,,,,,,,,,,,,,,,0.0,0.0,0.0,0.0,,,,,,,,,,,,,,,,,,,,,,,,,,,,,,,,,,,,,,,,
2020-2021,Bundesliga,2x3i75h3zy8dtmbca4dsl0v3e,,Bayer Leverkusen,33,Forward,0,0,0,0,0,,,,,,,,,,,,,,,0.0,0.0,0.0,0.0,,,,,,,,,,,,,,,,,,,,,,,,,,,,,,,,,,,,,,,,
2020-2021,Bundesliga,2fyzcj9o6zz1ujwt2sbtwbhpm,L. Schuler,Schalke 04,27,Forward,2,0,2,0,47,16.0,8.0,8.0,,,35.0,8.0,8.0,,,,,,7.0,2.0,2.0,4.0,12.0,,,,1.0,8.0,,10.0,2.0,,2.0,,7.0,8.0,,,3.0,1.0,,2.0,2.0,1.0,1.0,1.0,,,,,,,,,,,,,,,,,
2020-2021,Bundesliga,58jjd14yvf4d6tvqcz4xo3a7e,F. Flick,Schalke 04,41,Midfielder,4,4,0,0,382,95.0,73.0,73.0,7.0,21.0,170.0,66.0,21.0,6.0,,5.0,7.0,,38.0,7.0,13.0,9.0,22.0,,,,26.0,16.0,2.0,9.0,2.0,,10.0,3.0,9.0,7.0,1.0,1.0,2.0,4.0,1.0,7.0,1.0,1.0,1.0,,3.0,,1.0,1.0,1.0,,,,3.0,,,,,,,,
2020-2021,Bundesliga,a6wptn718q278ehn6hbamr8mi,J. Michelbrink,Hertha BSC,40,Forward,2,0,2,0,49,14.0,10.0,10.0,,3.0,22.0,10.0,4.0,,,,,,4.0,0.0,0.0,0.0,0.0,,,,3.0,4.0,3.0,,,,,,9.0,,,,5.0,,1.0,,,,,,,,,,,,,,,,,,,,,,
2020-2021,Bundesliga,2rsdnuf5kuu8kxybsjq7ogbje,M. Aydın,Schalke 04,38,Midfielder,6,6,0,2,515,204.0,135.0,135.0,5.0,46.0,334.0,131.0,59.0,15.0,,16.0,6.0,,70.0,9.0,21.0,22.0,47.0,,,,22.0,53.0,6.0,26.0,13.0,,15.0,8.0,49.0,13.0,9.0,9.0,14.0,9.0,,7.0,4.0,5.0,1.0,1.0,4.0,1.0,,,,1.0,1.0,2.0,1.0,,,,,,,,
2020-2021,Bundesliga,15yli690oxmbr4dl1ksti2p9m,M. Maden,Schalke 04,47,Forward,1,0,1,0,6,2.0,2.0,2.0,,,6.0,2.0,,,,,,,2.0,0.0,1.0,0.0,1.0,,,,1.0,,,,,,,,1.0,,,,,,,,,,,,1.0,,,,,,,,,,,,,,,,
2020-2021,Bundesliga,8dokj6azl918sltf7u4562lbe,,Köln,47,Forward,0,0,0,0,0,,,,,,,,,,,,,,,0.0,0.0,0.0,0.0,,,,,,,,,,,,,,,,,,,,,,,,,,,,,,,,,,,,,,,,
2020-2021,Bundesliga,byn8dfwg5zdefrca7wgn32qne,A. Knauff,Borussia Dortmund,36,Forward,4,0,4,0,95,27.0,15.0,15.0,1.0,3.0,49.0,17.0,8.0,2.0,,,,,7.0,6.0,9.0,7.0,11.0,,,,1.0,7.0,2.0,2.0,1.0,,,,26.0,1.0,1.0,1.0,14.0,3.0,,,1.0,2.0,2.0,1.0,3.0,4.0,1.0,1.0,1.0,3.0,3.0,6.0,1.0,,1.0,,,,,,
2020-2021,Bundesliga,9098xyr1l21e32i0g70me9w4p,,Borussia Dortmund,37,Forward,0,0,0,0,0,,,,,,,,,,,,,,,0.0,0.0,0.0,0.0,,,,,,,,,,,,,,,,,,,,,,,,,,,,,,,,,,,,,,,,
2020-2021,Bundesliga,2tsn78gg5xyw81srfdn05hw8a,C. Scott,Bayern München,32,Forward,2,0,2,0,40,9.0,7.0,7.0,,1.0,20.0,7.0,2.0,1.0,,1.0,,,5.0,2.0,3.0,2.0,4.0,,,,2.0,1.0,,1.0,,,2.0,1.0,7.0,1.0,,,3.0,,,1.0,2.0,,,,,,,,,,,1.0,1.0,,,,,,,,
2020-2021,Bundesliga,9nrajqcpld6bcowgarf1zr0iy,V. Pavlidis,Schalke 04,49,Forward,1,0,1,0,7,1.0,1.0,1.0,,,2.0,1.0,,,,,,,1.0,0.0,0.0,0.0,0.0,,,,1.0,,,,,,,,,,,,,,,,,,,,,,,,,,,,,,,,,,,,
2020-2021,Bundesliga,13flfe4bjr0xh60qnf83pb8id,,Hertha BSC,12,Forward,0,0,0,0,0,,,,,,,,,,,,,,,0.0,0.0,0.0,0.0,,,,,,,,,,,,,,,,,,,,,,,,,,,,,,,,,,,,,,,,
2020-2021,Bundesliga,55z0yap5tml66nes2cchg7ahh,F. Kainz,Köln,11,Midfielder,8,6,2,5,469,196.0,123.0,123.0,16.0,49.0,299.0,115.0,49.0,17.0,,3.0,3.0,,67.0,7.0,16.0,10.0,24.0,,,,33.0,47.0,14.0,8.0,3.0,,4.0,2.0,104.0,5.0,15.0,13.0,39.0,6.0,1.0,2.0,6.0,7.0,7.0,4.0,7.0,7.0,3.0,1.0,1.0,8.0,6.0,5.0,2.0,,,4.0,,,,,
2020-2021,Bundesliga,4skrm2y64va3y5jk70gz4ylpm,J. Stanišić,Bayern München,44,Forward,1,1,0,0,94,63.0,57.0,57.0,2.0,13.0,88.0,55.0,5.0,,,2.0,2.0,,36.0,2.0,2.0,7.0,9.0,,,,5.0,6.0,,7.0,5.0,,2.0,,19.0,2.0,1.0,1.0,6.0,1.0,,2.0,,3.0,2.0,2.0,,,,,,,,,,,,,,,,,
2020-2021,Bundesliga,6o2tffdjtdueojbhahe3w66i2,,Bayern München,26,Forward,0,0,0,0,0,,,,,,,,,,,,,,,0.0,0.0,0.0,0.0,,,,,,,,,,,,,,,,,,,,,,,,,,,,,,,,,,,,,,,,
2020-2021,Bundesliga,cptpzp6gfuba1cbvj2uq6bd1x,,Bayern München,30,Forward,0,0,0,0,0,,,,,,,,,,,,,,,0.0,0.0,0.0,0.0,,,,,,,,,,,,,,,,,,,,,,,,,,,,,,,,,,,,,,,,
2020-2021,Bundesliga,a4vyqaxylrz38vtrekqpzh711,P. Bargfrede,Werder Bremen,44,Forward,1,0,1,0,33,16.0,15.0,15.0,,7.0,23.0,15.0,1.0,,,3.0,,,6.0,0.0,0.0,0.0,0.0,,,,3.0,1.0,1.0,,,,,,2.0,,,,1.0,,,,1.0,,,,,,,,,,,,,,,,,,,,
2020-2021,Bundesliga,5gkgh0ohjshsm52adokapy5ex,,Stuttgart,6,Forward,0,0,0,0,0,,,,,,,,,,,,,,,0.0,0.0,0.0,0.0,,,,,,,,,,,,,,,,,,,,,,,,,,,,,,,,,,,,,,,,
2020-2021,Bundesliga,1qthvf5krys0pzk24h8wtr9at,K. Laimer,RB Leipzig,27,Forward,3,1,2,1,92,49.0,35.0,35.0,1.0,10.0,74.0,34.0,13.0,1.0,,,1.0,,14.0,0.0,6.0,2.0,9.0,,,,4.0,13.0,2.0,3.0,2.0,,2.0,2.0,25.0,1.0,1.0,1.0,8.0,2.0,,,1.0,2.0,3.0,1.0,4.0,,2.0,,,,,,,,,,,,,,
2020-2021,Bundesliga,b2uznyb9b8fxsy57450mbmwru,M. Sankoh,Stuttgart,44,Forward,1,0,1,0,20,2.0,2.0,2.0,,,6.0,2.0,,,,,,,2.0,0.0,0.0,0.0,2.0,,,,,,,2.0,,,,,1.0,2.0,,,1.0,,,,1.0,1.0,,,,,,,,,,,,,,,,,,,
2020-2021,Bundesliga,7fv52qdq7np9jcxuic7j6cwoa,,Eintracht Frankfurt,38,Forward,0,0,0,0,0,,,,,,,,,,,,,,,0.0,0.0,0.0,0.0,,,,,,,,,,,,,,,,,,,,,,,,,,,,,,,,,,,,,,,,
2020-2021,Bundesliga,aaliwosv6hzy43nujwkeuucix,B. Idrizi,Schalke 04,36,Midfielder,3,3,0,3,238,72.0,50.0,50.0,4.0,20.0,152.0,46.0,20.0,2.0,,1.0,3.0,,22.0,8.0,14.0,12.0,28.0,,,,25.0,19.0,1.0,14.0,4.0,,8.0,4.0,30.0,10.0,1.0,1.0,7.0,3.0,1.0,4.0,4.0,4.0,3.0,2.0,2.0,1.0,1.0,1.0,1.0,,,4.0,3.0,,,,,,,,
2020-2021,Bundesliga,cdcpop7ov6ag9w1q9gb36wkmi,,Schalke 04,19,Forward,0,0,0,0,0,,,,,,,,,,,,,,,0.0,0.0,0.0,0.0,,,,,,,,,,,,,,,,,,,,,,,,,,,,,,,,,,,,,,,,
2020-2021,Bundesliga,e6jkldz6za7ln3jqxaw50i2qy,J. Kaparos,Schalke 04,45,Forward,1,0,1,0,22,2.0,2.0,2.0,,1.0,2.0,2.0,,,,,,,1.0,0.0,0.0,0.0,0.0,,,,,,,,,,,,,,,,,,,,,,,,,,,,,,,,,,,,,,,,
2020-2021,Bundesliga,920yurg08gqayxwc80q9f8ixh,M. Flekken,Freiburg,26,Goalkeeper,3,3,0,0,285,123.0,92.0,92.0,37.0,81.0,133.0,55.0,31.0,31.0,,1.0,,12.0,,0.0,0.0,0.0,0.0,6.0,0.0,3.0,5.0,,,,,2.0,,,,,,,,,,,,,,,,,,,,,,,,,,,,,,,
2020-2021,Bundesliga,6rz47c6i1e4umc7kbh961x5ud,,Stuttgart,13,Forward,0,0,0,0,0,,,,,,,,,,,,,,,0.0,0.0,0.0,0.0,,,,,,,,,,,,,,,,,,,,,,,,,,,,,,,,,,,,,,,,
2020-2021,Bundesliga,dw90qk4bc9j0xya290pv42go9,L. Mack,Stuttgart,36,Forward,1,0,1,0,13,4.0,2.0,2.0,,1.0,7.0,2.0,2.0,,,1.0,,,1.0,0.0,0.0,1.0,2.0,,,,,2.0,,2.0,1.0,,,,,1.0,,,,,,,,,,,,,,,,,,,,,,,,,,,
2020-2021,Bundesliga,a79w3ps3dbr20r5316v72y9gq,,Hoffenheim,34,Forward,0,0,0,0,0,,,,,,,,,,,,,,,0.0,0.0,0.0,0.0,,,,,,,,,,,,,,,,,,,,,,,,,,,,,,,,,,,,,,,,
2020-2021,Bundesliga,2n3hi9p88xwnfuuybojrdb42y,M. Winkler,Hertha BSC,35,Forward,1,0,1,0,4,,,,,,3.0,,,,,,,,,0.0,1.0,0.0,2.0,,,,,,,1.0,,,,,3.0,1.0,,,2.0,,,,,,,,1.0,,,,,,,,,,,,,,,,
2020-2021,Bundesliga,ahhrztdc7vpqwcs2nsor224q2,,RB Leipzig,37,Forward,0,0,0,0,0,,,,,,,,,,,,,,,0.0,0.0,0.0,0.0,,,,,,,,,,,,,,,,,,,,,,,,,,,,,,,,,,,,,,,,
2020-2021,Bundesliga,9c9v6wjh3fufmds8nm5aqfmcp,Paulinho,Bayer Leverkusen,7,Forward,1,1,0,1,65,29.0,24.0,24.0,,2.0,42.0,24.0,5.0,,,,,,20.0,1.0,2.0,1.0,2.0,,,,2.0,5.0,,,,,,,19.0,,,,5.0,,,,2.0,,2.0,1.0,1.0,,1.0,,,,,1.0,1.0,,,,,,,,
2020-2021,Bundesliga,w2jovd0ta6to004lvlri5gtm,H. Matriciani,Schalke 04,15,Forward,1,0,1,0,30,5.0,3.0,3.0,1.0,3.0,11.0,2.0,2.0,,,1.0,,,,1.0,1.0,1.0,1.0,,,,2.0,2.0,,,,,1.0,,1.0,,,,,,,1.0,,1.0,,,,,,,,,,,,,,,,,,,
2020-2021,Bundesliga,3abavmbqh6vt0xgcx6zo4mgru,L. Petkov,Augsburg,45,Forward,1,0,1,0,4,1.0,1.0,1.0,,,6.0,1.0,,,,,,,1.0,0.0,0.0,0.0,1.0,,,,2.0,,,1.0,,,,,,1.0,,,,,,,,,,,,,,,,,,,,,,,,,,,
2020-2021,Bundesliga,cuyxfn9e3wl88o04sjjv812i,,Hoffenheim,36,Forward,0,0,0,0,0,,,,,,,,,,,,,,,0.0,0.0,0.0,0.0,,,,,,,,,,,,,,,,,,,,,,,,,,,,,,,,,,,,,,,,
2020-2021,Bundesliga,dpi67h3ttaewfsj4lloruosx6,,Hertha BSC,36,Forward,0,0,0,0,0,,,,,,,,,,,,,,,0.0,0.0,0.0,0.0,,,,,,,,,,,,,,,,,,,,,,,,,,,,,,,,,,,,,,,,
2020-2021,Bundesliga,4u4lkw0zq671i7p9agoa57x7t,,Hertha BSC,37,Forward,0,0,0,0,0,,,,,,,,,,,,,,,0.0,0.0,0.0,0.0,,,,,,,,,,,,,,,,,,,,,,,,,,,,,,,,,,,,,,,,
2020-2021,Bundesliga,1sjqj5n98n7gih0ns5ecjqf6y,J. Dirkner,Hertha BSC,41,Forward,1,0,1,0,18,3.0,1.0,1.0,1.0,1.0,6.0,,2.0,2.0,,,,,,0.0,0.0,0.0,0.0,,,,2.0,,,,,,,,,,,,,,,,1.0,,,,,,,,,,,,,,,,,,,,
2020-2021,Bundesliga,5tpy0imb08p2mqeiwrx52532t,,Wolfsburg,30,Forward,0,0,0,0,0,,,,,,,,,,,,,,,0.0,0.0,0.0,0.0,,,,,,,,,,,,,,,,,,,,,,,,,,,,,,,,,,,,,,,,
2020-2021,Bundesliga,7f1v2yvt7rq9ipf48zfl4covd,,Mainz 05,33,Forward,0,0,0,0,0,,,,,,,,,,,,,,,0.0,0.0,0.0,0.0,,,,,,,,,,,,,,,,,,,,,,,,,,,,,,,,,,,,,,,,
2020-2021,Bundesliga,1wf757j0e3v3bdpbc9z2tav3d,,Bayern München,30,Forward,0,0,0,0,0,,,,,,,,,,,,,,,0.0,0.0,0.0,0.0,,,,,,,,,,,,,,,,,,,,,,,,,,,,,,,,,,,,,,,,
2020-2021,Bundesliga,533btwosj21s36n9w4wy3urmy,,Hertha BSC,39,Forward,0,0,0,0,0,,,,,,,,,,,,,,,0.0,0.0,0.0,0.0,,,,,,,,,,,,,,,,,,,,,,,,,,,,,,,,,,,,,,,,
2020-2021,Bundesliga,3q0ny42hnuve53ky1mkgq25zp,,Eintracht Frankfurt,6,Forward,0,0,0,0,0,,,,,,,,,,,,,,,0.0,0.0,0.0,0.0,,,,,,,,,,,,,,,,,,,,,,,,,,,,,,,,,,,,,,,,
2020-2021,Bundesliga,5nz0s9c3qorn5z6wzy1dr1fpx,S. Arias,Bayer Leverkusen,2,Defender,1,1,0,0,98,57.0,47.0,47.0,1.0,16.0,77.0,46.0,8.0,3.0,,4.0,1.0,,26.0,1.0,2.0,1.0,5.0,,,,6.0,7.0,,3.0,,,2.0,1.0,14.0,3.0,2.0,2.0,5.0,1.0,,1.0,,,,,,,,,,,,,,,,,,,,,
2020-2021,Bundesliga,8xuitwlu60yijigmq43wuy6s5,B. Behrendt,Arminia Bielefeld,3,Forward,3,0,3,0,91,58.0,38.0,38.0,7.0,15.0,73.0,31.0,19.0,6.0,,1.0,,,16.0,0.0,0.0,2.0,5.0,,,,6.0,14.0,,5.0,2.0,,,,9.0,3.0,1.0,1.0,2.0,1.0,,,,,2.0,2.0,,,,,,,,,,,,,,,,,
2020-2021,Bundesliga,drilzqlcwryze12o4c9zpma96,,Stuttgart,26,Forward,0,0,0,0,0,,,,,,,,,,,,,,,0.0,0.0,0.0,0.0,,,,,,,,,,,,,,,,,,,,,,,,,,,,,,,,,,,,,,,,
2020-2021,Bundesliga,7noop6iqxjfshyz496y5lxihh,,Arminia Bielefeld,33,Forward,0,0,0,0,0,,,,,,,,,,,,,,,0.0,0.0,0.0,0.0,,,,,,,,,,,,,,,,,,,,,,,,,,,,,,,,,,,,,,,,
2021-2022,Bundesliga,62gct49oglcdzxafhrfucrb2t,F. Bredlow,Stuttgart,33,Forward,4,4,0,0,378,129.0,116.0,116.0,15.0,92.0,139.0,101.0,13.0,13.0,2.0,1.0,,18.0,2.0,0.0,0.0,1.0,2.0,7.0,0.0,4.0,5.0,,2.0,2.0,1.0,,,,,1.0,,,,,,,,,,,,,,,,,,,,,,,,,,,
2021-2022,Bundesliga,3havaatbnk8p6gc9srgajc25l,C. Führich,Stuttgart,22,Midfielder,25,21,4,16,1755,698.0,530.0,530.0,30.0,148.0,1083.0,523.0,101.0,30.0,,9.0,8.0,,310.0,56.0,98.0,59.0,113.0,,,,107.0,111.0,19.0,15.0,3.0,,28.0,12.0,456.0,12.0,40.0,26.0,132.0,9.0,3.0,16.0,23.0,29.0,25.0,13.0,30.0,25.0,12.0,3.0,3.0,23.0,14.0,40.0,7.0,1.0,2.0,23.0,,4.0,,,
2021-2022,Bundesliga,e9u7cmvaem5p7x9px3yq9f179,B. Sosa,Stuttgart,24,Midfielder,28,28,0,2,2646,1779.0,1222.0,1222.0,124.0,442.0,2285.0,1170.0,309.0,118.0,,61.0,26.0,,650.0,47.0,75.0,67.0,114.0,,,,149.0,361.0,26.0,39.0,20.0,,22.0,10.0,779.0,19.0,170.0,129.0,265.0,13.0,4.0,12.0,15.0,27.0,18.0,12.0,18.0,42.0,6.0,1.0,1.0,72.0,46.0,35.0,10.0,,10.0,67.0,,3.0,,,
2021-2022,Bundesliga,8p2yagsx6ujdbmeonkd3u4c89,H. Ito,Stuttgart,37,Defender,29,26,3,3,2504,1834.0,1481.0,1481.0,168.0,730.0,2356.0,1318.0,325.0,205.0,,95.0,53.0,,501.0,36.0,52.0,76.0,129.0,,,,170.0,136.0,9.0,77.0,40.0,,43.0,12.0,114.0,37.0,16.0,16.0,28.0,21.0,2.0,31.0,2.0,21.0,11.0,8.0,4.0,11.0,3.0,1.0,1.0,5.0,4.0,5.0,20.0,,1.0,1.0,,2.0,,,
2021-2022,Bundesliga,3uqn1adw8rarez1gpen9vng7p,W. Anton,Stuttgart,2,Defender,29,29,0,1,2760,1826.0,1540.0,1540.0,126.0,786.0,2500.0,1415.0,273.0,137.0,,116.0,32.0,,415.0,43.0,63.0,105.0,177.0,,,,208.0,146.0,16.0,114.0,62.0,,40.0,14.0,119.0,52.0,10.0,10.0,58.0,29.0,6.0,26.0,13.0,11.0,19.0,13.0,6.0,5.0,6.0,2.0,2.0,1.0,1.0,17.0,21.0,1.0,1.0,,,1.0,1.0,1.0,
2021-2022,Bundesliga,djpsc1fvcnrh61c071t00gmad,M. Kempf,Stuttgart,4,Defender,24,22,2,3,2030,1022.0,793.0,793.0,49.0,414.0,1491.0,744.0,222.0,93.0,,75.0,41.0,,230.0,28.0,36.0,93.0,141.0,,,,118.0,133.0,20.0,105.0,65.0,,23.0,6.0,113.0,40.0,4.0,4.0,60.0,28.0,3.0,17.0,5.0,9.0,17.0,10.0,2.0,6.0,7.0,3.0,3.0,,,11.0,25.0,3.0,1.0,,,2.0,1.0,1.0,
2021-2022,Bundesliga,dibcadvug3vq8ylieog7oa9xx,D. Didavi,Stuttgart,10,Forward,10,2,8,1,314,110.0,72.0,72.0,3.0,19.0,178.0,69.0,29.0,6.0,,1.0,1.0,,44.0,7.0,13.0,11.0,19.0,,,,15.0,32.0,7.0,6.0,4.0,,6.0,4.0,81.0,2.0,9.0,8.0,18.0,3.0,1.0,2.0,6.0,3.0,3.0,,2.0,5.0,3.0,,,,,5.0,5.0,,1.0,1.0,,,,,
2021-2022,Bundesliga,3kti58d195gmtzwrjh5nprx05,W. Endō,Stuttgart,3,Midfielder,33,33,0,4,3064,1579.0,1262.0,1262.0,60.0,476.0,2394.0,1204.0,301.0,57.0,,64.0,30.0,,565.0,75.0,129.0,150.0,242.0,,,,226.0,249.0,61.0,113.0,75.0,,73.0,32.0,422.0,38.0,5.0,5.0,89.0,30.0,4.0,41.0,42.0,31.0,32.0,16.0,22.0,15.0,16.0,4.0,4.0,2.0,2.0,34.0,25.0,1.0,2.0,,,8.0,,,
2021-2022,Bundesliga,d4ab3y7zu5uym0gqql6h0znbp,H. Al Ghaddioui,Stuttgart,18,Forward,10,7,3,5,527,112.0,76.0,76.0,1.0,9.0,221.0,75.0,35.0,1.0,,4.0,,,57.0,5.0,12.0,21.0,47.0,,,,10.0,35.0,6.0,35.0,16.0,,5.0,1.0,99.0,19.0,1.0,1.0,35.0,13.0,2.0,4.0,6.0,2.0,8.0,4.0,6.0,7.0,4.0,2.0,2.0,,,1.0,5.0,2.0,2.0,,,,,,
2021-2022,Bundesliga,eqg3xn8mplfpc9ys8kb6dch6,M. Klimowicz,Stuttgart,31,Forward,15,7,8,6,658,193.0,139.0,139.0,10.0,49.0,313.0,130.0,50.0,5.0,,3.0,4.0,,68.0,16.0,37.0,18.0,43.0,,,,21.0,47.0,9.0,6.0,2.0,,13.0,7.0,119.0,4.0,2.0,2.0,23.0,9.0,2.0,6.0,7.0,2.0,8.0,5.0,14.0,4.0,3.0,,,1.0,,10.0,3.0,,1.0,1.0,,2.0,,,
2021-2022,Bundesliga,95uxoznu15m2xywirv43rcmol,O. Mangala,Stuttgart,23,Midfielder,28,22,6,14,1931,793.0,654.0,654.0,22.0,179.0,1218.0,633.0,128.0,13.0,,19.0,12.0,,354.0,53.0,94.0,63.0,123.0,,,,110.0,123.0,27.0,29.0,10.0,,17.0,7.0,335.0,19.0,8.0,8.0,83.0,26.0,4.0,10.0,35.0,7.0,14.0,6.0,34.0,25.0,8.0,1.0,1.0,1.0,1.0,43.0,7.0,,5.0,,,3.0,,,
2021-2022,Bundesliga,5gkgh0ohjshsm52adokapy5ex,C. Mola,Stuttgart,6,Forward,3,1,2,1,121,124.0,110.0,110.0,6.0,47.0,154.0,104.0,13.0,3.0,,2.0,3.0,,49.0,3.0,6.0,8.0,15.0,,,,4.0,11.0,,9.0,5.0,,3.0,2.0,2.0,4.0,1.0,1.0,,,,1.0,,,,,1.0,,,,,,,2.0,5.0,,,,,,,,
2021-2022,Bundesliga,5eym30brgmujovaeyb6dhhgfe,T. Coulibaly,Stuttgart,7,Forward,21,11,10,11,1148,326.0,237.0,237.0,8.0,51.0,617.0,231.0,74.0,11.0,,10.0,4.0,,160.0,37.0,76.0,45.0,98.0,,,,57.0,75.0,14.0,22.0,8.0,,27.0,12.0,228.0,14.0,12.0,12.0,82.0,24.0,8.0,15.0,15.0,12.0,8.0,5.0,27.0,6.0,3.0,,,2.0,2.0,22.0,7.0,,1.0,,,2.0,,,
2021-2022,Bundesliga,7gzdg0j9usc3yq0dd1ad57sgl,P. Stenzel,Stuttgart,15,Forward,16,9,7,3,969,690.0,559.0,559.0,103.0,262.0,912.0,461.0,113.0,61.0,,25.0,11.0,,231.0,12.0,32.0,25.0,57.0,,,,84.0,65.0,4.0,25.0,13.0,,24.0,13.0,109.0,12.0,13.0,12.0,19.0,13.0,1.0,11.0,2.0,10.0,7.0,4.0,7.0,4.0,3.0,,,5.0,4.0,1.0,3.0,,,2.0,,,,,
2021-2022,Bundesliga,e9kq60f4sugjddbxnc0pqo60a,W. Faghir,Stuttgart,19,Forward,6,0,6,0,148,32.0,21.0,21.0,,6.0,61.0,21.0,11.0,,,,,,13.0,5.0,7.0,9.0,15.0,,,,2.0,11.0,3.0,8.0,4.0,,,,40.0,4.0,,,11.0,,,,1.0,2.0,3.0,2.0,2.0,,1.0,1.0,1.0,,,5.0,2.0,,,,,,,,
2021-2022,Bundesliga,98e7uohj6lcvf59sfssff2y8l,P. Förster,Stuttgart,20,Forward,20,11,9,9,1033,444.0,371.0,371.0,8.0,95.0,667.0,369.0,60.0,3.0,,2.0,3.0,,207.0,22.0,41.0,32.0,62.0,,,,58.0,62.0,9.0,21.0,10.0,,20.0,7.0,256.0,11.0,5.0,5.0,59.0,15.0,4.0,13.0,10.0,11.0,15.0,8.0,12.0,7.0,7.0,2.0,2.0,6.0,3.0,9.0,15.0,,1.0,3.0,,1.0,,,
2021-2022,Bundesliga,1en0bgq0u842snszevlkscxk9,N. Nartey,Stuttgart,28,Forward,8,4,4,2,431,197.0,143.0,143.0,5.0,42.0,279.0,139.0,48.0,13.0,,5.0,7.0,,72.0,5.0,11.0,15.0,23.0,,,,23.0,40.0,5.0,12.0,10.0,,6.0,3.0,70.0,2.0,5.0,5.0,13.0,11.0,1.0,3.0,3.0,2.0,1.0,1.0,3.0,3.0,,,,1.0,1.0,2.0,2.0,,,,,2.0,,,
2021-2022,Bundesliga,9dnne0ny6o6d5c6w3ayoo4vvu,N. Ahamada,Stuttgart,32,Forward,3,0,3,0,76,32.0,28.0,28.0,1.0,4.0,46.0,27.0,4.0,2.0,,,,,18.0,0.0,1.0,1.0,5.0,,,,4.0,2.0,1.0,4.0,1.0,,1.0,1.0,6.0,3.0,,,,2.0,,,,,,,,,,,,,,,,,,,,,,,
2021-2022,Bundesliga,4v5yc98ju05bn7q0xn7vjc1nu,Ö. Beyaz,Stuttgart,34,Forward,4,0,4,0,92,36.0,27.0,27.0,,7.0,61.0,27.0,7.0,2.0,,,2.0,,13.0,3.0,6.0,3.0,7.0,,,,5.0,7.0,,1.0,,,4.0,1.0,27.0,1.0,2.0,2.0,7.0,,,3.0,1.0,,2.0,1.0,2.0,,1.0,,,,,,1.0,,,,,,,,
2021-2022,Bundesliga,1mlirke8dhis35l40nbqfz6ga,,Stuttgart,42,Forward,0,0,0,0,0,,,,,,,,,,,,,,,0.0,0.0,0.0,0.0,,,,,,,,,,,,,,,,,,,,,,,,,,,,,,,,,,,,,,,,
2021-2022,Bundesliga,61xxo4zsk6hby0swa756l3wlx,R. Gikiewicz,Augsburg,1,Goalkeeper,34,34,0,0,3226,1245.0,831.0,831.0,302.0,702.0,1352.0,529.0,407.0,394.0,24.0,11.0,3.0,104.0,9.0,0.0,2.0,11.0,13.0,56.0,9.0,34.0,46.0,13.0,6.0,11.0,11.0,16.0,2.0,2.0,,,,,,,,,,,,,,2.0,,,,,,,,,,,,1.0,,,
2021-2022,Bundesliga,5arng6g4ietx2jwgcd2kpqdpl,R. Gumny,Augsburg,2,Defender,28,27,1,7,2374,965.0,719.0,719.0,77.0,310.0,1417.0,643.0,215.0,78.0,,57.0,28.0,,293.0,41.0,71.0,77.0,131.0,,,,130.0,164.0,27.0,60.0,36.0,,48.0,19.0,249.0,24.0,27.0,27.0,94.0,27.0,3.0,29.0,17.0,17.0,5.0,5.0,11.0,8.0,,,,1.0,1.0,12.0,9.0,,,,,,,,
2021-2022,Bundesliga,egmcpa7j5clzga5m0zvg2f105,M. Pedersen,Augsburg,3,Forward,29,15,14,13,1468,460.0,281.0,281.0,40.0,113.0,773.0,252.0,129.0,62.0,,30.0,15.0,,122.0,37.0,62.0,43.0,81.0,,,,87.0,105.0,30.0,19.0,6.0,,28.0,7.0,233.0,13.0,38.0,27.0,115.0,24.0,5.0,21.0,15.0,9.0,15.0,9.0,18.0,11.0,6.0,2.0,2.0,11.0,6.0,16.0,8.0,,,16.0,,2.0,,,
2021-2022,Bundesliga,3er9krmf0k6dhv6f9ltztfend,A. Maier,Augsburg,10,Midfielder,29,21,8,13,1928,849.0,577.0,577.0,87.0,226.0,1229.0,522.0,171.0,66.0,,13.0,15.0,,281.0,29.0,53.0,45.0,94.0,,,,127.0,171.0,14.0,41.0,16.0,,20.0,7.0,365.0,25.0,66.0,24.0,149.0,11.0,,13.0,18.0,17.0,13.0,5.0,17.0,22.0,8.0,1.0,1.0,32.0,10.0,16.0,5.0,,5.0,64.0,,3.0,,,
2021-2022,Bundesliga,tedxo29s8xx0a71z6sidw7v9,J. Gouweleeuw,Augsburg,6,Defender,29,29,0,2,2706,1210.0,860.0,860.0,129.0,478.0,1830.0,732.0,329.0,192.0,,116.0,49.0,,217.0,41.0,71.0,84.0,161.0,,,,189.0,142.0,8.0,90.0,43.0,,50.0,23.0,93.0,47.0,5.0,5.0,44.0,32.0,9.0,27.0,6.0,17.0,9.0,4.0,7.0,8.0,5.0,2.0,1.0,1.0,1.0,14.0,21.0,1.0,,,1.0,2.0,,,
2021-2022,Bundesliga,afn30dmio6sn1h8l4imwwd711,R. Oxford,Augsburg,4,Defender,30,30,0,1,2823,1173.0,931.0,931.0,99.0,441.0,1829.0,832.0,237.0,101.0,,172.0,72.0,,311.0,18.0,32.0,104.0,169.0,,,,167.0,136.0,21.0,137.0,86.0,,27.0,13.0,108.0,51.0,,,72.0,28.0,9.0,14.0,1.0,9.0,13.0,9.0,1.0,1.0,4.0,2.0,2.0,,,4.0,34.0,2.0,,,,2.0,,,
2021-2022,Bundesliga,d8h5ge9ust20o7us968acnsnp,D. Caligiuri,Augsburg,20,Midfielder,28,24,4,16,2058,931.0,602.0,602.0,70.0,233.0,1557.0,559.0,209.0,82.0,,33.0,18.0,,275.0,70.0,113.0,100.0,169.0,,,,173.0,210.0,43.0,56.0,30.0,,46.0,16.0,483.0,26.0,83.0,61.0,168.0,32.0,4.0,30.0,37.0,31.0,26.0,13.0,27.0,21.0,13.0,4.0,1.0,27.0,8.0,40.0,15.0,,3.0,41.0,3.0,1.0,,,
2021-2022,Bundesliga,73z7h8f8muef6eqlnfpqaaq51,T. Strobl,Augsburg,5,Midfielder,5,4,1,2,334,94.0,65.0,65.0,7.0,28.0,174.0,58.0,27.0,13.0,,3.0,7.0,,23.0,4.0,9.0,11.0,20.0,,,,24.0,16.0,2.0,11.0,7.0,,8.0,5.0,12.0,4.0,2.0,2.0,4.0,6.0,1.0,3.0,3.0,5.0,2.0,1.0,,1.0,1.0,,,,,1.0,2.0,,,,,,,,
2021-2022,Bundesliga,5phv874rxdk8ues3ef6hnd80l,A. Finnbogason,Augsburg,27,Forward,10,3,7,2,336,68.0,41.0,41.0,4.0,19.0,135.0,38.0,25.0,4.0,,8.0,2.0,,13.0,3.0,11.0,7.0,19.0,,,,9.0,22.0,1.0,8.0,4.0,,3.0,2.0,60.0,4.0,1.0,1.0,21.0,3.0,,1.0,5.0,4.0,5.0,1.0,6.0,3.0,4.0,2.0,2.0,1.0,1.0,2.0,2.0,,1.0,,,1.0,,,
2021-2022,Bundesliga,aayoay8x24gev2vhrut6xcmad,A. Zeqiri,Augsburg,21,Forward,22,11,11,9,1082,173.0,111.0,111.0,5.0,32.0,433.0,109.0,54.0,10.0,,12.0,2.0,,61.0,16.0,39.0,27.0,86.0,,,,37.0,49.0,15.0,47.0,11.0,,14.0,7.0,188.0,36.0,5.0,5.0,80.0,20.0,2.0,7.0,20.0,9.0,20.0,12.0,16.0,9.0,8.0,2.0,2.0,3.0,2.0,9.0,11.0,,1.0,1.0,,,,,
2021-2022,Bundesliga,4zrut521fzw9fddqt74pnl756,R. Vargas,Augsburg,16,Midfielder,29,26,3,23,2012,583.0,388.0,388.0,35.0,113.0,1139.0,364.0,149.0,32.0,,13.0,16.0,,226.0,65.0,131.0,76.0,176.0,,,,141.0,148.0,27.0,45.0,11.0,,28.0,7.0,448.0,34.0,31.0,30.0,180.0,33.0,4.0,21.0,38.0,8.0,27.0,19.0,59.0,15.0,8.0,1.0,1.0,11.0,11.0,44.0,14.0,,1.0,1.0,,3.0,,,
2021-2022,Bundesliga,48xfkorlx0hu677np4669wbth,F. Niederlechner,Augsburg,7,Forward,26,13,13,13,1221,217.0,152.0,152.0,8.0,37.0,469.0,145.0,59.0,5.0,,7.0,4.0,,91.0,13.0,34.0,34.0,100.0,,,,34.0,58.0,25.0,66.0,21.0,,6.0,1.0,199.0,45.0,4.0,4.0,89.0,14.0,1.0,5.0,16.0,9.0,24.0,11.0,20.0,15.0,13.0,5.0,5.0,1.0,1.0,8.0,5.0,,3.0,,,3.0,,,
2021-2022,Bundesliga,8ls8npa774mbrxje10ff46sb9,C. Gruezo,Augsburg,8,Forward,17,9,8,7,1020,319.0,243.0,243.0,27.0,116.0,523.0,217.0,71.0,22.0,,15.0,9.0,,71.0,14.0,25.0,24.0,49.0,,,,70.0,52.0,4.0,24.0,10.0,,22.0,11.0,68.0,14.0,3.0,3.0,10.0,28.0,7.0,11.0,8.0,9.0,6.0,6.0,,4.0,,,,1.0,1.0,3.0,6.0,,,,,1.0,,,
2021-2022,Bundesliga,7j0fg53og80v3mjuderenmuvp,S. Córdova,Augsburg,9,Forward,13,2,11,2,375,51.0,34.0,34.0,1.0,13.0,152.0,33.0,14.0,3.0,,4.0,,,17.0,5.0,12.0,19.0,48.0,,,,11.0,14.0,11.0,36.0,14.0,,4.0,1.0,75.0,22.0,3.0,3.0,27.0,5.0,2.0,3.0,9.0,4.0,5.0,4.0,6.0,2.0,1.0,,,,,2.0,2.0,,,,,,,,
2021-2022,Bundesliga,7c6034wb3zsuq9nhxxiahiuol,M. Gregoritsch,Augsburg,11,Forward,25,15,10,9,1485,415.0,241.0,241.0,10.0,78.0,815.0,234.0,162.0,15.0,,30.0,6.0,,120.0,13.0,40.0,92.0,167.0,,,,58.0,154.0,13.0,127.0,79.0,,19.0,11.0,295.0,48.0,7.0,7.0,104.0,17.0,3.0,8.0,14.0,16.0,39.0,21.0,16.0,6.0,18.0,9.0,8.0,3.0,3.0,5.0,5.0,3.0,,,1.0,2.0,,,
2021-2022,Bundesliga,3uj9aygyfvo2sm844e72oeesq,F. Winther,Augsburg,26,Forward,4,3,1,0,356,161.0,120.0,120.0,16.0,56.0,246.0,104.0,40.0,19.0,,21.0,8.0,,40.0,2.0,7.0,12.0,28.0,,,,17.0,22.0,,21.0,10.0,,7.0,5.0,4.0,11.0,1.0,1.0,1.0,1.0,1.0,2.0,,3.0,,,,,,,,,,,1.0,,,,,,,,
2021-2022,Bundesliga,yxuavigqlnnigve5ki4tfemt,A. Hahn,Augsburg,28,Forward,32,25,7,19,2179,448.0,218.0,218.0,19.0,60.0,1006.0,213.0,187.0,34.0,,43.0,15.0,,136.0,33.0,72.0,91.0,201.0,,,,73.0,180.0,18.0,129.0,58.0,,35.0,15.0,422.0,71.0,27.0,27.0,187.0,56.0,5.0,20.0,22.0,33.0,38.0,18.0,24.0,16.0,20.0,5.0,5.0,14.0,14.0,13.0,12.0,1.0,2.0,,,,,,
2021-2022,Bundesliga,5q3ft0wiy6lsy937j7nw6msq1,N. Dorsch,Augsburg,30,Midfielder,30,27,3,7,2440,1097.0,894.0,894.0,120.0,347.0,1700.0,785.0,178.0,80.0,,36.0,35.0,,412.0,81.0,124.0,97.0,157.0,,,,240.0,108.0,48.0,33.0,16.0,,76.0,29.0,144.0,17.0,10.0,1.0,20.0,53.0,8.0,47.0,24.0,22.0,9.0,8.0,14.0,13.0,1.0,1.0,1.0,11.0,3.0,34.0,15.0,,3.0,17.0,,2.0,,,
2021-2022,Bundesliga,89hc9e27swp796vy7yvylg3x1,R. Framberger,Augsburg,32,Forward,23,9,14,4,944,445.0,286.0,286.0,35.0,123.0,631.0,262.0,119.0,46.0,,25.0,9.0,,120.0,25.0,38.0,34.0,59.0,,,,44.0,98.0,8.0,21.0,9.0,,26.0,7.0,168.0,12.0,25.0,25.0,59.0,17.0,3.0,19.0,2.0,6.0,,,6.0,10.0,,,,11.0,11.0,6.0,3.0,,,,,1.0,,,
2021-2022,Bundesliga,840353qq4b6ufh0hhm9o0n45x,,Augsburg,40,Forward,0,0,0,0,0,,,,,,,,,,,,,,,0.0,0.0,0.0,0.0,,,,,,,,,,,,,,,,,,,,,,,,,,,,,,,,,,,,,,,,
2021-2022,Bundesliga,5d6d4oc2rpau0mbbbt2dmtzv9,S. Ortega,Arminia Bielefeld,1,Goalkeeper,33,33,0,0,3146,1768.0,1245.0,1245.0,514.0,1063.0,1859.0,731.0,520.0,513.0,11.0,5.0,,125.0,8.0,0.0,1.0,3.0,5.0,53.0,6.0,33.0,61.0,7.0,3.0,4.0,3.0,5.0,1.0,1.0,1.0,1.0,,,1.0,,1.0,,1.0,2.0,,,,5.0,,,,,,,,,,,,2.0,,,
2021-2022,Bundesliga,6uurhe88nry4hyelll8ifzd91,E. Fernandes,Arminia Bielefeld,22,Forward,7,2,5,2,304,128.0,89.0,89.0,7.0,23.0,195.0,88.0,23.0,11.0,,6.0,2.0,,57.0,3.0,6.0,8.0,14.0,,,,23.0,22.0,1.0,8.0,5.0,,2.0,2.0,75.0,3.0,10.0,9.0,27.0,3.0,,,6.0,,3.0,1.0,1.0,6.0,2.0,,,6.0,4.0,3.0,3.0,,,3.0,,,,,
2021-2022,Bundesliga,504qkt70jvof5yzffmwwo5c5x,J. Laursen,Arminia Bielefeld,5,Defender,24,20,4,12,1694,783.0,525.0,525.0,78.0,190.0,1113.0,463.0,196.0,79.0,,43.0,28.0,,277.0,24.0,40.0,42.0,84.0,,,,99.0,163.0,6.0,44.0,18.0,,16.0,4.0,227.0,26.0,46.0,39.0,103.0,12.0,1.0,12.0,5.0,12.0,7.0,2.0,12.0,5.0,5.0,2.0,2.0,16.0,6.0,12.0,9.0,,,17.0,,,,,
2021-2022,Bundesliga,1psr9ra8k9j4r94p1xixagzbp,A. Pieper,Arminia Bielefeld,2,Defender,27,27,0,3,2510,1158.0,900.0,900.0,73.0,395.0,1710.0,829.0,251.0,132.0,,132.0,50.0,,378.0,34.0,64.0,91.0,171.0,,,,131.0,120.0,15.0,107.0,57.0,,58.0,29.0,57.0,50.0,1.0,1.0,32.0,12.0,2.0,29.0,1.0,14.0,12.0,10.0,1.0,2.0,2.0,,,2.0,2.0,5.0,25.0,,,,,,,,
2021-2022,Bundesliga,894a0e4iha1qhbjejpfx7pihh,N. De Medina,Arminia Bielefeld,15,Forward,19,7,12,2,857,314.0,218.0,218.0,21.0,87.0,494.0,198.0,89.0,37.0,,28.0,10.0,,108.0,10.0,23.0,18.0,45.0,,,,43.0,56.0,9.0,22.0,8.0,,17.0,7.0,65.0,14.0,4.0,4.0,21.0,14.0,2.0,10.0,6.0,11.0,3.0,2.0,6.0,,1.0,,,1.0,1.0,,5.0,,,,,,,,
2021-2022,Bundesliga,dg2scgqi9fb7fa7bjhm8kq21,A. Andrade,Arminia Bielefeld,30,Forward,17,12,5,3,1126,535.0,349.0,349.0,40.0,184.0,835.0,310.0,164.0,49.0,,44.0,19.0,,108.0,25.0,46.0,53.0,101.0,,,,80.0,135.0,2.0,55.0,28.0,,27.0,11.0,128.0,27.0,20.0,20.0,50.0,14.0,4.0,16.0,7.0,9.0,6.0,3.0,10.0,4.0,3.0,,,1.0,1.0,9.0,8.0,,,,,1.0,,,
2021-2022,Bundesliga,asfp0raljd6unoqtw4fq1c6hh,A. Schöpf,Arminia Bielefeld,8,Midfielder,31,27,4,9,2542,1067.0,804.0,804.0,43.0,242.0,1720.0,778.0,202.0,42.0,,21.0,30.0,,442.0,52.0,98.0,73.0,152.0,,,,209.0,202.0,41.0,54.0,21.0,,40.0,18.0,515.0,33.0,42.0,26.0,127.0,27.0,2.0,22.0,31.0,26.0,21.0,12.0,28.0,31.0,9.0,1.0,1.0,17.0,8.0,30.0,19.0,,2.0,25.0,,1.0,,1.0,1.0
2021-2022,Bundesliga,4t2xl71pspvh82ffxy5vobf11,M. Prietl,Arminia Bielefeld,19,Midfielder,26,23,3,1,2256,665.0,518.0,518.0,32.0,187.0,1144.0,486.0,139.0,35.0,,33.0,39.0,,215.0,42.0,81.0,67.0,133.0,,,,142.0,111.0,10.0,52.0,25.0,,59.0,33.0,140.0,27.0,7.0,7.0,40.0,39.0,3.0,26.0,18.0,25.0,12.0,8.0,6.0,5.0,4.0,,,,,16.0,8.0,,1.0,,,1.0,,,
2021-2022,Bundesliga,623qxyf4t80qs4va2ely2nnjd,B. Lasme,Arminia Bielefeld,10,Forward,23,7,16,5,973,182.0,99.0,99.0,5.0,25.0,432.0,102.0,67.0,3.0,,9.0,1.0,,67.0,18.0,36.0,51.0,103.0,,,,34.0,72.0,12.0,67.0,33.0,,6.0,,242.0,34.0,8.0,8.0,121.0,15.0,2.0,6.0,15.0,7.0,12.0,4.0,18.0,6.0,8.0,2.0,2.0,8.0,8.0,12.0,1.0,,,,,,,,
2021-2022,Bundesliga,72nytjrxqj63mvd9w9228o639,F. Klos,Arminia Bielefeld,9,Forward,25,14,11,11,1522,467.0,231.0,231.0,18.0,78.0,920.0,214.0,219.0,14.0,,31.0,,,108.0,14.0,24.0,128.0,245.0,,,,38.0,215.0,18.0,221.0,114.0,,7.0,2.0,395.0,107.0,10.0,10.0,152.0,30.0,2.0,5.0,14.0,13.0,25.0,10.0,8.0,12.0,15.0,3.0,1.0,1.0,1.0,9.0,18.0,1.0,1.0,,2.0,,1.0,1.0,
2021-2022,Bundesliga,5nbk2xeyrs7pxdye1jtqudhpl,R. Hack,Arminia Bielefeld,21,Forward,30,13,17,7,1483,494.0,336.0,336.0,21.0,95.0,854.0,328.0,116.0,37.0,,4.0,5.0,,197.0,36.0,79.0,44.0,107.0,,,,73.0,104.0,21.0,28.0,8.0,,14.0,6.0,342.0,20.0,25.0,19.0,123.0,17.0,2.0,8.0,36.0,17.0,19.0,13.0,37.0,13.0,6.0,,,13.0,6.0,28.0,13.0,,2.0,13.0,,2.0,,,
2021-2022,Bundesliga,6s9jrt5xu2i7tqcfhqct64mhh,Guilherme Ramos,Arminia Bielefeld,3,Forward,13,9,4,0,981,458.0,305.0,305.0,37.0,123.0,714.0,268.0,146.0,62.0,,51.0,27.0,,148.0,19.0,31.0,50.0,79.0,,,,48.0,89.0,5.0,48.0,31.0,,25.0,10.0,60.0,17.0,5.0,5.0,28.0,16.0,1.0,15.0,6.0,13.0,6.0,3.0,2.0,1.0,3.0,,,,,4.0,9.0,,,,,1.0,,,
2021-2022,Bundesliga,4htc75tksrue5jgmr14dt9l91,J. Nilsson,Arminia Bielefeld,4,Defender,31,31,0,4,2881,1220.0,978.0,978.0,82.0,457.0,1824.0,896.0,237.0,103.0,,144.0,56.0,,390.0,21.0,40.0,100.0,182.0,,,,148.0,137.0,16.0,142.0,79.0,,37.0,18.0,36.0,63.0,3.0,3.0,19.0,32.0,5.0,19.0,1.0,13.0,5.0,2.0,1.0,3.0,3.0,2.0,2.0,,,2.0,23.0,2.0,,,,,,,
2021-2022,Bundesliga,8sv52e43pxnirvg2jcbsutrzd,L. Czyborra,Arminia Bielefeld,6,Forward,4,1,3,2,147,54.0,25.0,25.0,4.0,10.0,77.0,22.0,24.0,8.0,,3.0,3.0,,11.0,1.0,4.0,1.0,5.0,,,,5.0,20.0,,1.0,,,,,24.0,1.0,4.0,4.0,3.0,5.0,1.0,,3.0,,,,3.0,1.0,,,,1.0,1.0,1.0,,,,,,,,,
2021-2022,Bundesliga,1t3ye17day755v0y3k2er9kut,M. Okugawa,Arminia Bielefeld,11,Midfielder,33,30,3,17,2625,483.0,291.0,291.0,14.0,104.0,1026.0,278.0,173.0,16.0,,13.0,20.0,,141.0,45.0,104.0,67.0,182.0,,,,114.0,170.0,22.0,78.0,22.0,,46.0,21.0,416.0,56.0,13.0,13.0,163.0,24.0,,25.0,26.0,28.0,28.0,13.0,38.0,23.0,15.0,8.0,8.0,1.0,1.0,20.0,5.0,1.0,2.0,,,3.0,,,
2021-2022,Bundesliga,ctbga50jrrv0riauh2g3bu9xx,S. Kapino,Arminia Bielefeld,13,Forward,1,1,0,0,97,31.0,20.0,20.0,9.0,17.0,35.0,11.0,11.0,11.0,1.0,,,4.0,,0.0,0.0,0.0,1.0,0.0,1.0,1.0,3.0,,,1.0,,,,,,1.0,,,,,,,,,,,,,,,,,,,,,,,,,,,
2021-2022,Bundesliga,4k9shzwgauyy7w2911uev75yh,F. Krüger,Arminia Bielefeld,18,Forward,27,12,15,10,1211,299.0,196.0,196.0,9.0,46.0,500.0,190.0,81.0,14.0,,13.0,2.0,,120.0,8.0,24.0,19.0,53.0,,,,47.0,84.0,9.0,29.0,11.0,,3.0,2.0,234.0,18.0,17.0,17.0,84.0,8.0,,1.0,8.0,11.0,14.0,9.0,14.0,9.0,5.0,1.0,1.0,3.0,3.0,7.0,5.0,,2.0,,,1.0,,,
2021-2022,Bundesliga,aplc9mad75h1k90o3qla9c7l6,P. Wimmer,Arminia Bielefeld,20,Midfielder,31,27,4,20,2125,799.0,397.0,397.0,29.0,178.0,1566.0,398.0,287.0,58.0,,13.0,27.0,,184.0,102.0,209.0,142.0,300.0,,,,167.0,306.0,38.0,91.0,40.0,,53.0,22.0,625.0,51.0,77.0,35.0,213.0,49.0,7.0,31.0,47.0,29.0,26.0,11.0,85.0,33.0,15.0,3.0,3.0,30.0,8.0,71.0,31.0,,6.0,64.0,,9.0,,,
2021-2022,Bundesliga,esasiq4j83g377zb8zi0bgpnt,J. Serra,Arminia Bielefeld,23,Forward,26,15,11,14,1173,261.0,160.0,160.0,6.0,34.0,635.0,154.0,97.0,4.0,,19.0,5.0,,102.0,7.0,22.0,59.0,165.0,,,,36.0,94.0,14.0,143.0,52.0,,4.0,2.0,274.0,91.0,1.0,1.0,85.0,16.0,1.0,2.0,25.0,5.0,21.0,12.0,13.0,9.0,9.0,3.0,3.0,,,5.0,6.0,,1.0,,,,,,
2021-2022,Bundesliga,8twji6k3ii51ie8r2hryha86h,S. Vasiliadis,Arminia Bielefeld,39,Midfielder,19,16,3,12,1234,341.0,218.0,218.0,18.0,93.0,681.0,201.0,116.0,35.0,,31.0,25.0,,84.0,29.0,58.0,46.0,90.0,,,,84.0,85.0,5.0,32.0,17.0,,31.0,14.0,121.0,15.0,4.0,4.0,28.0,14.0,3.0,17.0,16.0,13.0,6.0,4.0,15.0,5.0,2.0,,,1.0,1.0,12.0,8.0,,,,,,,,
2021-2022,Bundesliga,ci1nu5z8aiiikco8af0zk1lud,R. Zentner,Mainz 05,27,Goalkeeper,32,32,0,0,3053,1008.0,698.0,698.0,172.0,522.0,1136.0,526.0,304.0,297.0,29.0,21.0,2.0,82.0,18.0,2.0,2.0,11.0,13.0,42.0,10.0,32.0,68.0,7.0,4.0,11.0,9.0,15.0,2.0,,2.0,2.0,,,2.0,1.0,1.0,2.0,,,,,,,,,,,,,,,,,,,,,
2021-2022,Bundesliga,4baqlwfu312pctopy1cx6s2c5,S. Widmer,Mainz 05,30,Midfielder,33,33,0,5,3081,1502.0,1051.0,1051.0,111.0,402.0,2098.0,949.0,386.0,165.0,,59.0,43.0,,478.0,47.0,104.0,81.0,176.0,,,,165.0,274.0,20.0,72.0,34.0,,60.0,32.0,546.0,38.0,53.0,52.0,216.0,36.0,1.0,28.0,13.0,28.0,16.0,8.0,25.0,19.0,8.0,4.0,4.0,9.0,9.0,19.0,22.0,1.0,4.0,1.0,,1.0,,,
2021-2022,Bundesliga,eh9sh9aa10zrp80l6e4l0c7h1,Aarón Martín,Mainz 05,3,Midfielder,28,25,3,5,2428,1126.0,716.0,716.0,94.0,260.0,1582.0,674.0,217.0,139.0,,35.0,20.0,,409.0,61.0,100.0,73.0,127.0,,,,161.0,214.0,18.0,27.0,12.0,,54.0,21.0,441.0,15.0,136.0,68.0,170.0,31.0,7.0,33.0,15.0,20.0,16.0,11.0,18.0,35.0,5.0,1.0,,52.0,24.0,28.0,6.0,,1.0,96.0,1.0,1.0,,,
2021-2022,Bundesliga,bvifdvoxv9e8nq8qe37c0gvrp,S. Bell,Mainz 05,16,Defender,33,33,0,6,3007,1545.0,1176.0,1176.0,80.0,624.0,2236.0,1100.0,348.0,150.0,,112.0,41.0,,308.0,30.0,64.0,137.0,229.0,,,,205.0,210.0,7.0,165.0,107.0,,54.0,31.0,164.0,58.0,12.0,12.0,99.0,52.0,9.0,23.0,4.0,11.0,18.0,12.0,3.0,8.0,6.0,2.0,2.0,4.0,4.0,7.0,20.0,1.0,,,,,,,
2021-2022,Bundesliga,8bllf54c5zh74je3guhk6u3ca,D. Nemeth,Mainz 05,34,Forward,6,2,4,1,332,174.0,146.0,146.0,5.0,64.0,242.0,141.0,28.0,16.0,,11.0,6.0,,56.0,3.0,4.0,13.0,21.0,,,,16.0,12.0,1.0,17.0,10.0,,3.0,1.0,8.0,7.0,,,2.0,1.0,,2.0,1.0,4.0,,,,,,,,,,1.0,1.0,,,,,,,,
2021-2022,Bundesliga,ernbjicg113inzsubzrfm8fyt,A. Hack,Mainz 05,42,Defender,28,24,4,6,2266,1135.0,894.0,894.0,98.0,526.0,1728.0,797.0,233.0,81.0,,95.0,51.0,,180.0,33.0,64.0,100.0,178.0,,,,172.0,156.0,34.0,114.0,67.0,,52.0,26.0,94.0,47.0,4.0,4.0,65.0,28.0,6.0,26.0,1.0,17.0,19.0,14.0,5.0,6.0,5.0,3.0,3.0,1.0,1.0,7.0,18.0,1.0,1.0,,,1.0,1.0,1.0,
2021-2022,Bundesliga,bwqqecmqm76v5b83v1cz891p1,Lee Jae-Sung,Mainz 05,7,Midfielder,27,19,8,19,1485,647.0,457.0,457.0,22.0,150.0,1064.0,444.0,157.0,25.0,,18.0,18.0,,248.0,24.0,54.0,59.0,124.0,,,,92.0,151.0,13.0,70.0,35.0,,30.0,18.0,357.0,35.0,19.0,15.0,89.0,19.0,3.0,12.0,26.0,18.0,18.0,8.0,12.0,21.0,10.0,4.0,4.0,9.0,9.0,12.0,10.0,1.0,3.0,4.0,,3.0,,,
2021-2022,Bundesliga,d608s0948uh3owqee7t0en7px,D. Kohr,Mainz 05,31,Midfielder,22,19,3,11,1711,840.0,620.0,620.0,30.0,249.0,1254.0,591.0,214.0,43.0,,22.0,35.0,,263.0,29.0,59.0,55.0,103.0,,,,149.0,172.0,20.0,44.0,26.0,,40.0,20.0,193.0,18.0,1.0,1.0,28.0,46.0,8.0,20.0,13.0,19.0,14.0,12.0,10.0,14.0,2.0,,,1.0,1.0,9.0,6.0,,6.0,,,2.0,,2.0,2.0
2021-2022,Bundesliga,dzolxp2oixtakcrqfyibpu76d,K. Onisiwo,Mainz 05,9,Forward,31,28,3,18,2439,567.0,321.0,321.0,10.0,84.0,1314.0,323.0,193.0,18.0,,8.0,7.0,,195.0,59.0,155.0,117.0,301.0,,,,82.0,213.0,32.0,146.0,58.0,,18.0,8.0,746.0,88.0,38.0,38.0,350.0,44.0,,10.0,45.0,25.0,52.0,33.0,88.0,36.0,19.0,5.0,5.0,12.0,12.0,49.0,15.0,2.0,9.0,,,1.0,,,
2021-2022,Bundesliga,d3tfdqfnab7bqxfdh3399y06i,J. Burkardt,Mainz 05,29,Forward,34,32,2,23,2679,602.0,395.0,395.0,14.0,100.0,1304.0,385.0,167.0,14.0,,16.0,8.0,,238.0,48.0,100.0,84.0,217.0,,,,106.0,184.0,42.0,117.0,36.0,,17.0,9.0,623.0,81.0,31.0,31.0,272.0,24.0,,8.0,62.0,26.0,59.0,25.0,43.0,24.0,34.0,11.0,10.0,4.0,4.0,40.0,25.0,1.0,3.0,,1.0,,,,
2021-2022,Bundesliga,b2oa5dzw40auj5cgxfrp4b4r9,J. Boëtius,Mainz 05,5,Midfielder,33,19,14,12,1918,937.0,680.0,680.0,71.0,284.0,1375.0,624.0,195.0,59.0,,11.0,25.0,,300.0,45.0,74.0,52.0,104.0,,,,126.0,172.0,40.0,30.0,7.0,,40.0,17.0,305.0,23.0,36.0,21.0,62.0,20.0,3.0,23.0,28.0,38.0,20.0,12.0,12.0,23.0,8.0,2.0,2.0,15.0,6.0,22.0,7.0,,2.0,24.0,,4.0,,,
2021-2022,Bundesliga,d2gbcc336c4zatpiif4cvm2fp,F. Dahmen,Mainz 05,1,Forward,2,2,0,0,194,79.0,66.0,66.0,6.0,41.0,84.0,60.0,13.0,13.0,2.0,2.0,,2.0,3.0,0.0,0.0,0.0,0.0,3.0,0.0,2.0,2.0,,,,,1.0,,,,,,,,,,,,,,,,,,,,,,,,,,,,,,,
2021-2022,Bundesliga,az7owi5t4bclkamjsjuyxzv1l,A. Stach,Mainz 05,6,Midfielder,29,20,9,11,1953,955.0,653.0,653.0,55.0,247.0,1559.0,616.0,244.0,56.0,,25.0,51.0,,281.0,48.0,75.0,100.0,147.0,,,,176.0,224.0,43.0,72.0,52.0,,28.0,9.0,364.0,20.0,36.0,21.0,86.0,35.0,6.0,19.0,21.0,19.0,29.0,17.0,18.0,21.0,12.0,1.0,1.0,18.0,7.0,29.0,25.0,,6.0,26.0,,3.0,,,
2021-2022,Bundesliga,l469vtpe0jbgg5sq1v2e67e1,L. Barreiro,Mainz 05,8,Midfielder,31,20,11,13,1884,536.0,374.0,374.0,12.0,139.0,989.0,363.0,149.0,29.0,,23.0,32.0,,168.0,37.0,79.0,62.0,131.0,,,,109.0,127.0,27.0,52.0,25.0,,63.0,31.0,268.0,27.0,7.0,7.0,79.0,41.0,3.0,32.0,13.0,17.0,24.0,14.0,11.0,11.0,10.0,1.0,1.0,1.0,1.0,5.0,14.0,,1.0,,,2.0,,,
2021-2022,Bundesliga,4rgz5z372h6sbwhpxl69cb6c5,M. Ingvartsen,Mainz 05,11,Forward,28,8,20,8,907,248.0,164.0,164.0,6.0,34.0,487.0,163.0,70.0,9.0,,8.0,8.0,,107.0,12.0,28.0,32.0,81.0,,,,36.0,70.0,15.0,53.0,20.0,,3.0,1.0,193.0,33.0,9.0,8.0,74.0,18.0,2.0,2.0,12.0,6.0,22.0,9.0,15.0,6.0,13.0,6.0,5.0,5.0,3.0,10.0,4.0,,,3.0,1.0,2.0,,,
2021-2022,Bundesliga,5ng5d6thlztqpw7w9lbb09ped,D. Brosinski,Mainz 05,18,Forward,11,4,7,2,430,243.0,152.0,152.0,23.0,75.0,318.0,137.0,67.0,38.0,,9.0,3.0,,59.0,1.0,4.0,7.0,13.0,,,,27.0,45.0,3.0,9.0,6.0,,2.0,1.0,92.0,3.0,16.0,13.0,44.0,1.0,,1.0,2.0,6.0,1.0,1.0,2.0,7.0,,,,8.0,5.0,,,,,6.0,,,,,
2021-2022,Bundesliga,f2o5hj0e2k3kw0fj1xzom0cet,K. Stöger,Mainz 05,22,Forward,23,1,22,0,549,329.0,232.0,232.0,13.0,104.0,467.0,231.0,65.0,20.0,,1.0,5.0,,101.0,13.0,22.0,15.0,26.0,,,,55.0,65.0,10.0,4.0,2.0,,10.0,5.0,158.0,2.0,20.0,10.0,53.0,9.0,3.0,5.0,4.0,6.0,12.0,6.0,4.0,10.0,6.0,1.0,1.0,12.0,7.0,8.0,4.0,,1.0,15.0,,1.0,,,
2021-2022,Bundesliga,cfysw0lrk92ogv72c0jh3p6mt,Anderson Lucoqui,Mainz 05,23,Forward,13,9,4,3,788,246.0,144.0,144.0,19.0,56.0,409.0,128.0,92.0,39.0,,10.0,11.0,,64.0,13.0,31.0,20.0,43.0,,,,41.0,60.0,16.0,12.0,7.0,,22.0,12.0,83.0,5.0,7.0,7.0,29.0,17.0,2.0,10.0,9.0,12.0,6.0,2.0,6.0,3.0,4.0,1.0,1.0,3.0,3.0,3.0,5.0,,,,,,,,
2021-2022,Bundesliga,24w7jq5qou30k8f76lmr20ju2,N. Tauer,Mainz 05,25,Forward,11,6,5,3,597,199.0,146.0,146.0,8.0,59.0,321.0,138.0,52.0,16.0,,14.0,9.0,,71.0,11.0,19.0,19.0,40.0,,,,34.0,37.0,4.0,21.0,8.0,,16.0,7.0,29.0,13.0,1.0,1.0,10.0,9.0,1.0,9.0,,4.0,2.0,,1.0,,2.0,,,,,2.0,2.0,,,,,,1.0,1.0,
2021-2022,Bundesliga,3xw94e04brxehqocwsqfrgel1,Á. Szalai,Mainz 05,28,Forward,12,2,10,2,319,77.0,40.0,40.0,,6.0,164.0,40.0,35.0,3.0,,,,,29.0,5.0,9.0,13.0,28.0,,,,11.0,32.0,4.0,19.0,8.0,,3.0,1.0,94.0,11.0,,,32.0,10.0,1.0,2.0,7.0,2.0,6.0,3.0,3.0,2.0,3.0,1.0,1.0,,,3.0,3.0,,,,,,,,
2021-2022,Bundesliga,9rjd95oqotnalxmv56v7p1r6d,G. Kobel,Borussia Dortmund,1,Goalkeeper,29,29,0,1,2720,1024.0,840.0,840.0,125.0,617.0,1139.0,715.0,181.0,178.0,17.0,20.0,1.0,75.0,13.0,0.0,0.0,3.0,3.0,40.0,7.0,29.0,71.0,3.0,6.0,3.0,3.0,11.0,,,,,,,,1.0,,,,,,,,,,,,,,,,,,,,,,,
2021-2022,Bundesliga,bb6glt8n0ar47cmhmj6gnfiz9,T. Meunier,Borussia Dortmund,24,Defender,17,17,0,5,1474,1155.0,881.0,881.0,72.0,326.0,1472.0,825.0,222.0,57.0,,25.0,12.0,,413.0,29.0,46.0,53.0,80.0,,,,121.0,194.0,7.0,34.0,24.0,,29.0,10.0,334.0,10.0,29.0,29.0,109.0,27.0,4.0,19.0,11.0,8.0,13.0,7.0,7.0,11.0,6.0,2.0,2.0,16.0,16.0,10.0,7.0,2.0,4.0,,,2.0,,,
2021-2022,Bundesliga,5irixhhyayq9yl7sb2kohjrv9,M. Wolf,Borussia Dortmund,39,Forward,27,15,12,13,1410,723.0,550.0,550.0,27.0,148.0,1002.0,527.0,143.0,29.0,,8.0,13.0,,315.0,23.0,63.0,30.0,84.0,,,,64.0,136.0,17.0,21.0,7.0,,26.0,16.0,296.0,14.0,22.0,22.0,115.0,17.0,4.0,10.0,21.0,13.0,14.0,4.0,24.0,7.0,10.0,3.0,3.0,4.0,3.0,13.0,7.0,,1.0,1.0,,1.0,,,
2021-2022,Bundesliga,8j498fkairlyk82v1qprc13op,M. Pongračić,Borussia Dortmund,34,Forward,17,9,8,4,898,635.0,545.0,545.0,34.0,254.0,828.0,511.0,89.0,40.0,,32.0,17.0,,168.0,17.0,26.0,27.0,47.0,,,,65.0,49.0,,21.0,10.0,,17.0,7.0,10.0,11.0,,,2.0,12.0,3.0,10.0,,6.0,,,2.0,1.0,,,,,,7.0,5.0,,,,,,,,
2021-2022,Bundesliga,cd6i7khi5wgsfsg19c9tcjydx,M. Hummels,Borussia Dortmund,15,Defender,23,20,3,5,1868,1530.0,1333.0,1333.0,95.0,672.0,1951.0,1238.0,193.0,66.0,,66.0,32.0,,346.0,28.0,42.0,92.0,140.0,,,,128.0,128.0,12.0,98.0,64.0,,34.0,12.0,63.0,34.0,1.0,1.0,26.0,16.0,4.0,22.0,2.0,5.0,9.0,6.0,2.0,3.0,3.0,1.0,1.0,,,6.0,16.0,,2.0,,,5.0,,,
2021-2022,Bundesliga,almf0gtdjmsdm5zhyot1hvydx,M. Akanji,Borussia Dortmund,16,Defender,26,25,1,2,2399,2013.0,1819.0,1819.0,147.0,976.0,2452.0,1672.0,188.0,86.0,,58.0,35.0,,436.0,31.0,42.0,82.0,128.0,,,,164.0,105.0,24.0,86.0,51.0,,33.0,10.0,87.0,35.0,3.0,3.0,42.0,19.0,3.0,23.0,1.0,11.0,13.0,9.0,1.0,4.0,4.0,1.0,1.0,,,8.0,16.0,,1.0,,,1.0,,,
2021-2022,Bundesliga,e83ula4wockmc2xid7185kcq2,J. Bellingham,Borussia Dortmund,22,Midfielder,32,32,0,5,2943,1517.0,1251.0,1251.0,65.0,369.0,2320.0,1191.0,242.0,50.0,,32.0,42.0,,624.0,89.0,153.0,117.0,223.0,,,,178.0,202.0,91.0,70.0,28.0,,52.0,18.0,620.0,42.0,10.0,10.0,181.0,39.0,9.0,34.0,62.0,46.0,24.0,12.0,46.0,32.0,12.0,3.0,3.0,5.0,4.0,55.0,24.0,1.0,8.0,1.0,,12.0,,,
2021-2022,Bundesliga,59234as8h70fejyfm7492np3p,A. Witsel,Borussia Dortmund,28,Midfielder,29,22,7,10,2045,1305.0,1217.0,1217.0,27.0,429.0,1713.0,1190.0,88.0,10.0,,38.0,27.0,,512.0,32.0,49.0,63.0,95.0,,,,152.0,78.0,30.0,46.0,31.0,,42.0,15.0,132.0,15.0,,,21.0,26.0,4.0,27.0,14.0,15.0,7.0,5.0,2.0,5.0,2.0,2.0,2.0,,,5.0,10.0,,,,,1.0,,,
2021-2022,Bundesliga,3y9nm18as1wxhizq3fyazb2t,T. Hazard,Borussia Dortmund,10,Midfielder,23,14,9,8,1420,835.0,598.0,598.0,41.0,131.0,1149.0,572.0,158.0,38.0,,4.0,6.0,,361.0,36.0,68.0,59.0,112.0,,,,77.0,180.0,19.0,44.0,23.0,,23.0,10.0,452.0,21.0,60.0,32.0,174.0,22.0,2.0,13.0,17.0,22.0,12.0,6.0,22.0,16.0,6.0,4.0,4.0,15.0,7.0,23.0,11.0,1.0,1.0,36.0,,1.0,,,
2021-2022,Bundesliga,f4qcgzveslklfi8601tep77x1,J. Brandt,Borussia Dortmund,19,Midfielder,31,22,9,14,2175,1324.0,974.0,974.0,53.0,253.0,1824.0,969.0,206.0,57.0,,14.0,24.0,,603.0,57.0,104.0,72.0,143.0,,,,129.0,240.0,16.0,39.0,15.0,,37.0,18.0,669.0,24.0,91.0,40.0,235.0,12.0,3.0,19.0,31.0,17.0,27.0,12.0,29.0,32.0,15.0,9.0,9.0,48.0,10.0,38.0,9.0,,10.0,89.0,,7.0,,,
2021-2022,Bundesliga,btzfq6521zl3q5uqus8ltov6d,M. Reus,Borussia Dortmund,11,Forward,29,29,0,11,2618,1242.0,986.0,986.0,39.0,272.0,1789.0,964.0,205.0,18.0,,41.0,12.0,,536.0,58.0,117.0,66.0,149.0,,,,112.0,213.0,44.0,32.0,8.0,,45.0,15.0,697.0,24.0,26.0,24.0,204.0,22.0,2.0,30.0,33.0,17.0,40.0,18.0,44.0,42.0,22.0,9.0,9.0,17.0,11.0,28.0,17.0,,12.0,8.0,,12.0,,,
2021-2022,Bundesliga,eguzzwxdm0fwocax6srpck48a,Y. Moukoko,Borussia Dortmund,18,Forward,16,1,15,1,305,34.0,30.0,30.0,,5.0,90.0,30.0,4.0,,,,3.0,,20.0,0.0,9.0,0.0,12.0,,,,6.0,4.0,5.0,3.0,,,1.0,1.0,43.0,3.0,,,14.0,5.0,1.0,,5.0,5.0,7.0,4.0,8.0,1.0,3.0,2.0,2.0,,,,1.0,,,,,,,,
2021-2022,Bundesliga,9iwptrplnmwst5nfimyuqekq2,Reinier,Borussia Dortmund,20,Forward,13,1,12,1,226,83.0,62.0,62.0,3.0,11.0,129.0,59.0,20.0,3.0,,,,,36.0,8.0,10.0,9.0,14.0,,,,14.0,17.0,2.0,4.0,1.0,,5.0,2.0,32.0,3.0,,,8.0,2.0,,3.0,7.0,3.0,,,,,,,,,,5.0,1.0,,,,,,,,
2021-2022,Bundesliga,7q96z3aaee5jyccb8pjthi8kp,D. Malen,Borussia Dortmund,21,Forward,27,20,7,17,1739,542.0,387.0,387.0,13.0,86.0,903.0,381.0,124.0,9.0,,11.0,10.0,,234.0,44.0,72.0,53.0,99.0,,,,62.0,137.0,31.0,27.0,9.0,,13.0,3.0,460.0,18.0,22.0,21.0,163.0,10.0,2.0,10.0,27.0,10.0,39.0,18.0,25.0,17.0,21.0,5.0,5.0,7.0,5.0,34.0,8.0,1.0,4.0,3.0,,2.0,,,
2021-2022,Bundesliga,8n4b6j21nxf1nf628ugg3xsdl,S. Tigges,Borussia Dortmund,27,Forward,9,0,9,0,164,40.0,21.0,21.0,1.0,7.0,78.0,21.0,18.0,1.0,,3.0,,,13.0,3.0,5.0,6.0,17.0,,,,2.0,17.0,1.0,12.0,3.0,,4.0,1.0,32.0,9.0,,,17.0,1.0,,3.0,,2.0,3.0,,1.0,1.0,3.0,3.0,3.0,1.0,1.0,,2.0,2.0,,,,,,,
2021-2022,Bundesliga,culbbgu1o5fdbl3gxz54rbn4l,F. Passlack,Borussia Dortmund,30,Forward,10,5,5,3,512,364.0,290.0,290.0,23.0,87.0,456.0,268.0,61.0,25.0,,7.0,4.0,,147.0,12.0,21.0,13.0,25.0,,,,27.0,48.0,8.0,4.0,1.0,,13.0,4.0,101.0,3.0,12.0,12.0,28.0,5.0,,9.0,2.0,4.0,3.0,1.0,5.0,1.0,2.0,1.0,1.0,1.0,1.0,3.0,2.0,,,,,,,,
2021-2022,Bundesliga,4h3aawt897usa7wkw4i4d8gyd,M. Hitz,Borussia Dortmund,35,Forward,5,4,1,0,432,177.0,155.0,155.0,32.0,138.0,193.0,123.0,22.0,18.0,3.0,2.0,,10.0,1.0,0.0,0.0,0.0,1.0,11.0,0.0,4.0,12.0,4.0,,1.0,,,,,,1.0,,,,,,,,,,,,,,,,,,,4.0,,,,,,,,
2021-2022,Bundesliga,byn8dfwg5zdefrca7wgn32qne,A. Knauff,Borussia Dortmund,36,Forward,17,8,9,5,941,377.0,224.0,224.0,23.0,72.0,617.0,208.0,127.0,23.0,,10.0,8.0,,123.0,37.0,69.0,47.0,98.0,,,,48.0,119.0,9.0,29.0,10.0,,21.0,6.0,231.0,19.0,15.0,15.0,99.0,15.0,,15.0,8.0,12.0,7.0,3.0,26.0,7.0,4.0,1.0,1.0,7.0,6.0,22.0,7.0,1.0,1.0,1.0,,1.0,,,
2021-2022,Bundesliga,ay6pvdyj5pjgwvjsqdfsrbw4q,L. Maloney,Borussia Dortmund,45,Forward,2,0,2,0,22,16.0,12.0,12.0,2.0,6.0,23.0,11.0,3.0,3.0,,,,,5.0,0.0,1.0,1.0,3.0,,,,1.0,,,2.0,1.0,,1.0,1.0,2.0,1.0,,,1.0,,,,,,,,,,,,,1.0,1.0,,,,,,,,,,
2021-2022,Bundesliga,8zl9wv46y5bchktqcwth3z3ai,A. Papadopoulos,Borussia Dortmund,47,Forward,2,0,2,0,28,11.0,9.0,9.0,2.0,2.0,13.0,7.0,2.0,2.0,,,,,5.0,0.0,0.0,0.0,0.0,,,,,,,,,,,,,,,,,1.0,1.0,,,1.0,,,,,,,,,,,,,,,,,,,
2021-2022,Bundesliga,224uan6ugjt7b2c1zsxrs2pcl,T. Horn,Köln,1,Goalkeeper,13,13,0,0,1247,519.0,408.0,408.0,104.0,331.0,555.0,304.0,111.0,110.0,4.0,5.0,,36.0,5.0,1.0,1.0,4.0,4.0,21.0,1.0,13.0,20.0,1.0,1.0,3.0,3.0,7.0,,,,,,,,,,,,,,,,,,,,,,1.0,,,,,,,,,
2021-2022,Bundesliga,38knnji3m4qg6pqohph35n74l,B. Schmitz,Köln,2,Defender,31,29,2,13,2524,1645.0,1102.0,1102.0,150.0,603.0,2124.0,976.0,443.0,168.0,,39.0,39.0,,369.0,39.0,71.0,68.0,143.0,,,,143.0,344.0,25.0,72.0,29.0,,57.0,20.0,502.0,43.0,69.0,69.0,167.0,30.0,5.0,37.0,4.0,36.0,7.0,4.0,12.0,32.0,3.0,,,24.0,24.0,2.0,13.0,,7.0,,,,,,
2021-2022,Bundesliga,21vfv10e7fh6b2xtcu55ihn11,J. Hector,Köln,14,Defender,30,30,0,3,2704,1632.0,1209.0,1209.0,180.0,476.0,2316.0,1045.0,348.0,151.0,,68.0,50.0,,580.0,55.0,109.0,104.0,185.0,,,,213.0,252.0,53.0,76.0,49.0,,76.0,37.0,474.0,27.0,55.0,55.0,184.0,28.0,3.0,39.0,12.0,51.0,14.0,9.0,17.0,29.0,5.0,,,16.0,16.0,16.0,12.0,,6.0,,,2.0,,,
2021-2022,Bundesliga,bkonv3y0vn24mpn6j8abjtux,D. Ljubičić,Köln,7,Midfielder,30,22,8,14,2062,717.0,483.0,483.0,31.0,188.0,1183.0,464.0,171.0,25.0,,11.0,15.0,,221.0,51.0,93.0,63.0,131.0,,,,148.0,193.0,21.0,38.0,12.0,,33.0,14.0,417.0,26.0,47.0,47.0,163.0,29.0,4.0,19.0,24.0,18.0,23.0,16.0,28.0,25.0,7.0,3.0,3.0,12.0,12.0,32.0,7.0,,1.0,,,1.0,,,
2021-2022,Bundesliga,4w8nqkhp6v62vs319a7qckfs9,L. Kilian,Köln,15,Defender,31,25,6,4,2419,1391.0,1165.0,1165.0,99.0,516.0,1883.0,1067.0,221.0,110.0,,109.0,46.0,,468.0,25.0,45.0,71.0,136.0,,,,135.0,114.0,11.0,91.0,46.0,,42.0,18.0,40.0,45.0,3.0,3.0,16.0,8.0,3.0,24.0,3.0,18.0,5.0,3.0,2.0,2.0,2.0,1.0,1.0,1.0,1.0,1.0,13.0,,,,,1.0,,,
2021-2022,Bundesliga,3tdsezcgdlm4laybvh4u49cr9,T. Hübers,Köln,4,Defender,20,20,0,3,1835,1259.0,1044.0,1044.0,77.0,506.0,1777.0,967.0,214.0,82.0,,95.0,52.0,,366.0,33.0,52.0,84.0,141.0,,,,153.0,132.0,24.0,89.0,51.0,,45.0,18.0,51.0,38.0,,,33.0,26.0,7.0,27.0,4.0,12.0,11.0,7.0,1.0,,4.0,1.0,1.0,,,6.0,19.0,,,,,,,,
2021-2022,Bundesliga,7rltyxkrvvfg7q1hppl631soa,J. Thielmann,Köln,29,Forward,29,10,19,8,1312,404.0,217.0,217.0,22.0,85.0,763.0,210.0,127.0,28.0,,11.0,10.0,,112.0,32.0,58.0,53.0,109.0,,,,86.0,141.0,12.0,51.0,21.0,,24.0,8.0,330.0,30.0,42.0,42.0,127.0,12.0,6.0,16.0,12.0,21.0,12.0,6.0,18.0,20.0,6.0,3.0,3.0,15.0,15.0,16.0,5.0,,3.0,,,2.0,,,
2021-2022,Bundesliga,g64b8x11ndowv2zj29r9i311,O. Duda,Köln,18,Midfielder,31,20,11,17,1693,678.0,478.0,478.0,40.0,164.0,1147.0,451.0,160.0,21.0,,9.0,17.0,,249.0,53.0,91.0,69.0,128.0,,,,129.0,158.0,34.0,37.0,16.0,,23.0,7.0,404.0,21.0,19.0,11.0,126.0,41.0,5.0,16.0,24.0,12.0,30.0,16.0,31.0,18.0,14.0,2.0,2.0,13.0,3.0,37.0,14.0,,1.0,18.0,,2.0,,,
2021-2022,Bundesliga,dcben7gqpal0986gn6n5ypsyd,M. Uth,Köln,13,Midfielder,30,24,6,22,2070,759.0,468.0,468.0,66.0,169.0,1305.0,454.0,152.0,45.0,,13.0,14.0,,277.0,45.0,102.0,67.0,155.0,,,,110.0,189.0,45.0,53.0,22.0,,32.0,12.0,624.0,31.0,82.0,34.0,266.0,34.0,3.0,20.0,30.0,26.0,49.0,29.0,45.0,45.0,20.0,5.0,5.0,52.0,24.0,25.0,22.0,,7.0,76.0,,7.0,,,
2021-2022,Bundesliga,4lcyjhvtwieshr4r3a6104qtx,A. Modeste,Köln,27,Forward,32,31,1,13,2726,450.0,287.0,287.0,13.0,54.0,987.0,276.0,151.0,8.0,,29.0,4.0,,200.0,11.0,26.0,104.0,204.0,,,,48.0,153.0,33.0,178.0,93.0,,10.0,4.0,435.0,85.0,10.0,10.0,231.0,38.0,4.0,6.0,23.0,9.0,98.0,54.0,11.0,12.0,44.0,20.0,19.0,2.0,2.0,5.0,11.0,10.0,1.0,,1.0,,,,
2021-2022,Bundesliga,emvi36y613e4lqlat3wfdih9l,S. Özcan,Köln,6,Midfielder,31,26,5,3,2465,1360.0,1122.0,1122.0,58.0,379.0,2029.0,1070.0,214.0,41.0,,35.0,51.0,,523.0,55.0,82.0,108.0,178.0,,,,225.0,185.0,53.0,96.0,53.0,,42.0,12.0,303.0,43.0,12.0,12.0,127.0,38.0,5.0,30.0,28.0,32.0,15.0,9.0,15.0,17.0,6.0,2.0,2.0,6.0,6.0,25.0,17.0,1.0,,,,3.0,,,
2021-2022,Bundesliga,a5bkiy2acihib9s4gbj31og5x,R. Czichos,Köln,5,Defender,17,16,1,2,1490,1080.0,879.0,879.0,96.0,479.0,1414.0,783.0,196.0,86.0,,53.0,19.0,,262.0,22.0,35.0,65.0,115.0,,,,103.0,113.0,11.0,80.0,43.0,,29.0,11.0,47.0,37.0,3.0,3.0,30.0,16.0,4.0,18.0,,10.0,3.0,2.0,2.0,2.0,1.0,,,,,4.0,13.0,,1.0,,,2.0,,,
2021-2022,Bundesliga,68dehpbkmgb0d9uzatpwftped,S. Andersson,Köln,9,Forward,26,13,13,10,1347,234.0,146.0,146.0,,20.0,566.0,147.0,79.0,3.0,,14.0,3.0,,99.0,13.0,26.0,66.0,139.0,,,,32.0,84.0,18.0,113.0,53.0,,11.0,4.0,293.0,60.0,8.0,8.0,139.0,23.0,3.0,7.0,19.0,8.0,31.0,19.0,9.0,8.0,12.0,3.0,3.0,1.0,1.0,6.0,4.0,1.0,1.0,,,,,,
2021-2022,Bundesliga,55z0yap5tml66nes2cchg7ahh,F. Kainz,Köln,11,Midfielder,32,31,1,28,2355,1075.0,576.0,576.0,75.0,286.0,1614.0,561.0,242.0,140.0,,24.0,32.0,,267.0,54.0,108.0,64.0,136.0,,,,181.0,287.0,45.0,28.0,10.0,,41.0,15.0,654.0,18.0,185.0,135.0,259.0,36.0,3.0,26.0,22.0,24.0,29.0,16.0,39.0,35.0,13.0,4.0,4.0,60.0,35.0,28.0,12.0,1.0,5.0,75.0,,4.0,,1.0,1.0
2021-2022,Bundesliga,6dzx3oyd42ql69tqxqvg8mpxx,K. Schindler,Köln,17,Forward,18,1,17,1,441,196.0,97.0,97.0,16.0,50.0,278.0,87.0,74.0,35.0,,5.0,5.0,,37.0,0.0,6.0,7.0,18.0,,,,27.0,57.0,5.0,12.0,7.0,,1.0,1.0,97.0,5.0,18.0,18.0,45.0,2.0,1.0,,4.0,4.0,2.0,1.0,5.0,5.0,1.0,1.0,1.0,6.0,6.0,,2.0,,2.0,,,,,,
2021-2022,Bundesliga,dfckk0xst90yjlep74tvups5x,K. Ehizibue,Köln,19,Forward,16,6,10,4,747,364.0,242.0,242.0,31.0,113.0,563.0,217.0,104.0,52.0,,26.0,9.0,,102.0,23.0,50.0,36.0,68.0,,,,45.0,63.0,16.0,18.0,13.0,,32.0,14.0,95.0,5.0,11.0,11.0,39.0,15.0,2.0,18.0,6.0,9.0,4.0,4.0,13.0,6.0,,,,6.0,6.0,5.0,6.0,,1.0,,,,,,
2021-2022,Bundesliga,4zfgh6wq7svx418tzwf0gfavp,M. Schwäbe,Köln,20,Goalkeeper,21,21,0,0,2004,1001.0,829.0,829.0,160.0,637.0,1055.0,669.0,169.0,162.0,9.0,8.0,,72.0,11.0,1.0,1.0,5.0,6.0,28.0,3.0,21.0,30.0,7.0,3.0,5.0,4.0,9.0,,,1.0,1.0,,,,,1.0,,,,,,,,,,,,,1.0,,,,,,,,,
2021-2022,Bundesliga,7dwwdch7ugzhwrnadvkih9dcl,L. Schaub,Köln,21,Forward,28,6,22,6,776,320.0,196.0,196.0,12.0,68.0,531.0,193.0,85.0,19.0,,3.0,3.0,,106.0,29.0,49.0,32.0,65.0,,,,56.0,93.0,8.0,16.0,3.0,,16.0,6.0,233.0,13.0,27.0,20.0,90.0,8.0,,10.0,14.0,14.0,10.0,8.0,14.0,10.0,2.0,1.0,1.0,9.0,5.0,19.0,7.0,,3.0,11.0,,,,,
2021-2022,Bundesliga,54ojuo12zxzasi4a6vpmhxfbp,Jorge Meré,Köln,22,Forward,8,5,3,2,528,305.0,255.0,255.0,20.0,118.0,422.0,235.0,48.0,25.0,,19.0,10.0,,96.0,7.0,13.0,21.0,38.0,,,,36.0,24.0,1.0,25.0,14.0,,9.0,3.0,5.0,11.0,1.0,1.0,2.0,4.0,2.0,6.0,1.0,2.0,,,3.0,1.0,,,,,,1.0,4.0,,,,,,,,
2021-2022,Bundesliga,am4iwfgrkg973ir01c6nllux,T. Ostrák,Köln,31,Forward,5,0,5,0,54,15.0,8.0,8.0,,5.0,30.0,10.0,4.0,,,,1.0,,5.0,2.0,4.0,2.0,4.0,,,,3.0,5.0,,,,,1.0,1.0,16.0,,1.0,,11.0,1.0,,,3.0,,2.0,2.0,1.0,2.0,,,,2.0,2.0,2.0,,,1.0,1.0,,,,,
2021-2022,Bundesliga,7obuhegyo1qcoikt23egcsr85,K. Trapp,Eintracht Frankfurt,1,Goalkeeper,32,32,0,0,3061,1257.0,823.0,823.0,224.0,675.0,1354.0,599.0,428.0,418.0,19.0,13.0,1.0,113.0,8.0,0.0,0.0,5.0,5.0,46.0,5.0,32.0,65.0,10.0,3.0,5.0,5.0,10.0,,,,,,,,,2.0,,,,,,,,,,,,,,,,,,,,,,
2021-2022,Bundesliga,abuvjv3bhb402yf8p92kucez9,A. Touré,Eintracht Frankfurt,18,Forward,10,5,5,5,534,229.0,162.0,162.0,6.0,58.0,383.0,156.0,55.0,18.0,,19.0,5.0,,73.0,11.0,18.0,24.0,46.0,,,,42.0,49.0,2.0,28.0,13.0,,12.0,3.0,87.0,15.0,12.0,12.0,39.0,8.0,2.0,9.0,6.0,7.0,6.0,4.0,4.0,,2.0,,,,,2.0,3.0,,,,,,,,
2021-2022,Bundesliga,33fgyncy5k2ohl053cy8twvkl,E. Durm,Eintracht Frankfurt,37,Forward,7,7,0,4,495,278.0,180.0,180.0,20.0,67.0,375.0,163.0,83.0,37.0,,7.0,10.0,,88.0,7.0,14.0,10.0,25.0,,,,25.0,57.0,7.0,11.0,3.0,,13.0,6.0,76.0,8.0,11.0,11.0,22.0,2.0,1.0,7.0,4.0,7.0,1.0,1.0,1.0,3.0,,,,3.0,3.0,,1.0,,1.0,,,,,,
2021-2022,Bundesliga,efzokrggje7s9wc6hg75yc6ax,E. Ndicka,Eintracht Frankfurt,2,Defender,32,32,0,1,3035,1892.0,1579.0,1579.0,70.0,755.0,2700.0,1511.0,295.0,133.0,,137.0,48.0,,564.0,47.0,76.0,159.0,254.0,,,,211.0,172.0,14.0,178.0,112.0,,60.0,26.0,175.0,66.0,10.0,10.0,77.0,42.0,3.0,34.0,6.0,26.0,22.0,16.0,3.0,10.0,6.0,4.0,4.0,2.0,2.0,13.0,25.0,2.0,3.0,,,1.0,,,
2021-2022,Bundesliga,530dyfwigmf1wpt11e1l2x6fp,M. Hinteregger,Eintracht Frankfurt,13,Defender,27,25,2,1,2381,1403.0,1079.0,1079.0,92.0,529.0,1996.0,987.0,323.0,159.0,,78.0,42.0,,328.0,31.0,53.0,91.0,168.0,,,,199.0,164.0,31.0,115.0,60.0,,45.0,17.0,65.0,55.0,,,36.0,28.0,6.0,28.0,4.0,20.0,11.0,7.0,5.0,6.0,4.0,1.0,1.0,,,3.0,21.0,1.0,,,,5.0,,,
2021-2022,Bundesliga,bd4p670s36cp1dh4fadv84qcq,Tuta,Eintracht Frankfurt,35,Defender,26,26,0,6,2320,1397.0,1088.0,1088.0,87.0,468.0,2018.0,1002.0,300.0,151.0,,76.0,41.0,,473.0,44.0,64.0,98.0,164.0,,,,213.0,153.0,12.0,100.0,54.0,,46.0,18.0,106.0,46.0,4.0,4.0,38.0,37.0,3.0,28.0,7.0,28.0,13.0,7.0,2.0,4.0,6.0,4.0,4.0,1.0,1.0,16.0,17.0,1.0,,,,2.0,,1.0,1.0
2021-2022,Bundesliga,7cdiijsvnfc7tafy0zkf4uz9,D. Sow,Eintracht Frankfurt,8,Midfielder,31,28,3,10,2529,1231.0,1009.0,1009.0,66.0,400.0,1797.0,946.0,209.0,58.0,,20.0,50.0,,448.0,45.0,79.0,72.0,137.0,,,,199.0,157.0,38.0,58.0,27.0,,57.0,24.0,296.0,31.0,6.0,6.0,28.0,42.0,5.0,33.0,14.0,27.0,12.0,9.0,10.0,19.0,3.0,2.0,2.0,3.0,3.0,12.0,12.0,,5.0,,,5.0,,,
2021-2022,Bundesliga,2zwe056wfzof0v5jv01dv9uc5,A. Hrustić,Eintracht Frankfurt,7,Forward,23,9,14,6,1060,606.0,473.0,473.0,41.0,182.0,856.0,441.0,105.0,33.0,,7.0,10.0,,231.0,23.0,43.0,30.0,53.0,,,,66.0,90.0,7.0,10.0,7.0,,16.0,5.0,184.0,3.0,18.0,12.0,43.0,14.0,2.0,11.0,19.0,17.0,18.0,10.0,15.0,7.0,8.0,2.0,2.0,9.0,4.0,12.0,12.0,,,11.0,,1.0,,,
2021-2022,Bundesliga,2x5f35hk2urqlgoito1vgb3yt,R. Borré,Eintracht Frankfurt,19,Forward,31,28,3,15,2470,694.0,486.0,486.0,17.0,87.0,1322.0,472.0,185.0,10.0,,9.0,5.0,,351.0,51.0,92.0,97.0,262.0,,,,89.0,193.0,26.0,170.0,46.0,,31.0,9.0,603.0,124.0,18.0,18.0,229.0,40.0,5.0,22.0,30.0,20.0,43.0,19.0,32.0,24.0,24.0,8.0,8.0,3.0,2.0,29.0,14.0,1.0,4.0,1.0,,4.0,,,
2021-2022,Bundesliga,az15xx7m923srf9gdbwmiyga1,D. Kamada,Eintracht Frankfurt,15,Forward,32,23,9,15,2236,869.0,665.0,665.0,31.0,223.0,1364.0,641.0,172.0,26.0,,10.0,8.0,,348.0,51.0,97.0,68.0,155.0,,,,130.0,167.0,25.0,58.0,17.0,,40.0,19.0,452.0,41.0,21.0,14.0,134.0,23.0,,21.0,21.0,18.0,23.0,15.0,27.0,30.0,8.0,4.0,4.0,7.0,2.0,30.0,13.0,,3.0,12.0,,4.0,,,
2021-2022,Bundesliga,555z9bynvux7oruirg67r8i51,F. Kostić,Eintracht Frankfurt,10,Midfielder,31,28,3,5,2666,1621.0,897.0,897.0,174.0,336.0,2212.0,833.0,343.0,156.0,,24.0,15.0,,543.0,43.0,129.0,53.0,152.0,,,,192.0,453.0,22.0,23.0,10.0,,44.0,27.0,927.0,13.0,266.0,191.0,496.0,16.0,2.0,17.0,33.0,23.0,29.0,11.0,59.0,70.0,18.0,4.0,3.0,110.0,66.0,26.0,23.0,,9.0,119.0,1.0,2.0,,,
2021-2022,Bundesliga,909b2udnbdu22pi87g8m92axh,S. Ilsanker,Eintracht Frankfurt,3,Forward,12,3,9,2,322,112.0,90.0,90.0,5.0,49.0,203.0,85.0,22.0,6.0,,15.0,6.0,,33.0,8.0,15.0,14.0,22.0,,,,28.0,16.0,1.0,7.0,6.0,,14.0,6.0,11.0,1.0,,,3.0,5.0,1.0,8.0,1.0,4.0,2.0,2.0,1.0,,,,,,,,4.0,,,,,,,,
2021-2022,Bundesliga,ewwo2c7kw1b1okrngjl4j4dm1,S. Lammers,Eintracht Frankfurt,9,Forward,15,5,10,5,566,135.0,83.0,83.0,1.0,22.0,277.0,82.0,50.0,,,4.0,2.0,,38.0,11.0,21.0,32.0,62.0,,,,17.0,50.0,1.0,41.0,21.0,,4.0,,119.0,20.0,,,44.0,7.0,1.0,4.0,6.0,7.0,10.0,6.0,10.0,2.0,4.0,1.0,1.0,,,7.0,4.0,,,,,,,,
2021-2022,Bundesliga,8kqmsuo668wpuzoyyxf4o2vo5,M. Hasebe,Eintracht Frankfurt,20,Forward,18,12,6,2,1268,939.0,810.0,810.0,59.0,340.0,1249.0,751.0,125.0,58.0,,36.0,22.0,,246.0,17.0,35.0,37.0,83.0,,,,125.0,69.0,13.0,48.0,20.0,,27.0,15.0,26.0,28.0,2.0,2.0,1.0,13.0,1.0,12.0,3.0,16.0,,,3.0,2.0,,,,,,5.0,8.0,,,,,1.0,,,
2021-2022,Bundesliga,10fuwkejg59w68jmx1ae0cfe1,R. Ache,Eintracht Frankfurt,21,Forward,13,1,12,1,324,64.0,35.0,35.0,2.0,8.0,162.0,35.0,22.0,1.0,,1.0,,,25.0,6.0,15.0,24.0,43.0,,,,7.0,25.0,8.0,28.0,18.0,,2.0,2.0,82.0,10.0,4.0,4.0,45.0,5.0,,,9.0,3.0,6.0,4.0,7.0,,2.0,,,2.0,2.0,6.0,4.0,,,,,,,,
2021-2022,Bundesliga,7gni45coa4swn1i66wzpzug9h,T. Chandler,Eintracht Frankfurt,22,Forward,17,15,2,7,1262,562.0,348.0,348.0,47.0,135.0,799.0,305.0,182.0,59.0,,28.0,19.0,,163.0,15.0,29.0,29.0,65.0,,,,56.0,149.0,7.0,36.0,14.0,,18.0,6.0,242.0,22.0,26.0,25.0,91.0,17.0,4.0,12.0,6.0,7.0,10.0,7.0,8.0,10.0,3.0,,,4.0,4.0,3.0,6.0,,1.0,1.0,,,,,
2021-2022,Bundesliga,7dnxkce4kn8qchaavv6e4tm21,J. Hauge,Eintracht Frankfurt,23,Forward,26,9,17,6,1151,426.0,302.0,302.0,13.0,75.0,702.0,292.0,117.0,21.0,,5.0,3.0,,187.0,32.0,63.0,42.0,91.0,,,,56.0,99.0,10.0,28.0,10.0,,14.0,9.0,252.0,18.0,3.0,3.0,80.0,16.0,4.0,5.0,24.0,7.0,17.0,7.0,22.0,10.0,10.0,2.0,2.0,3.0,2.0,27.0,2.0,,2.0,1.0,,6.0,,,
2021-2022,Bundesliga,2w76r8guf9sacoriu0ivytyax,A. Barkok,Eintracht Frankfurt,27,Forward,5,2,3,2,179,70.0,51.0,51.0,8.0,27.0,136.0,44.0,17.0,6.0,,6.0,5.0,,15.0,6.0,13.0,12.0,22.0,,,,11.0,12.0,1.0,9.0,6.0,,6.0,4.0,36.0,3.0,1.0,,6.0,4.0,,2.0,8.0,3.0,2.0,1.0,3.0,1.0,1.0,,,1.0,,4.0,1.0,,,2.0,,,,,
2021-2022,Bundesliga,5ph2ln91ycq1qlq03cnqqs9re,J. Lindstrøm,Eintracht Frankfurt,29,Forward,29,26,3,21,2038,587.0,390.0,390.0,17.0,93.0,1140.0,396.0,136.0,26.0,,11.0,24.0,,249.0,46.0,104.0,51.0,137.0,,,,111.0,148.0,16.0,33.0,5.0,,28.0,15.0,535.0,28.0,38.0,29.0,222.0,23.0,,13.0,32.0,30.0,38.0,20.0,43.0,34.0,18.0,5.0,5.0,23.0,8.0,33.0,16.0,,4.0,24.0,,1.0,,,
2021-2022,Bundesliga,f2ibn3ej2doay3b4u8ezeix62,D. Ramaj,Eintracht Frankfurt,40,Forward,1,1,0,0,98,41.0,30.0,30.0,6.0,22.0,50.0,24.0,11.0,11.0,3.0,3.0,,3.0,1.0,0.0,0.0,2.0,2.0,1.0,0.0,1.0,3.0,,,2.0,2.0,1.0,,,,,,,,,,,,,,,,,,,,,,,,,,,,,,,
2021-2022,Bundesliga,3tb27261f8mpzpq3prpv8ng0l,P. Gulácsi,RB Leipzig,1,Goalkeeper,33,33,0,1,3115,1176.0,950.0,950.0,184.0,689.0,1264.0,766.0,224.0,217.0,14.0,15.0,1.0,80.0,39.0,0.0,0.0,6.0,6.0,34.0,10.0,33.0,54.0,7.0,2.0,6.0,6.0,5.0,,,,,,,,,1.0,,1.0,,,,,,,,,,,,,,,,,,,,
2021-2022,Bundesliga,cfg0ocm0b2icpagbtnzkrihn9,N. Mukiele,RB Leipzig,22,Midfielder,28,21,7,9,1920,1147.0,844.0,844.0,77.0,297.0,1647.0,774.0,267.0,69.0,,44.0,31.0,,405.0,42.0,79.0,89.0,149.0,,,,125.0,225.0,25.0,70.0,47.0,,35.0,13.0,397.0,23.0,27.0,27.0,169.0,19.0,3.0,22.0,22.0,26.0,19.0,12.0,24.0,13.0,7.0,1.0,1.0,7.0,7.0,20.0,8.0,,4.0,,,,,,
2021-2022,Bundesliga,9uthj64y9f77y63tq7did539x,Angeliño,RB Leipzig,3,Midfielder,29,26,3,5,2418,1516.0,1008.0,1008.0,114.0,280.0,1939.0,968.0,293.0,190.0,,40.0,29.0,,642.0,35.0,48.0,46.0,80.0,,,,155.0,233.0,35.0,32.0,11.0,,28.0,7.0,652.0,21.0,130.0,108.0,262.0,15.0,3.0,21.0,19.0,21.0,10.0,4.0,6.0,38.0,6.0,2.0,2.0,74.0,44.0,14.0,5.0,,5.0,52.0,,,,,
2021-2022,Bundesliga,9prtaifv6stlujgywgq4wd08a,J. Gvardiol,RB Leipzig,32,Defender,29,28,1,5,2515,2121.0,1767.0,1767.0,124.0,868.0,2808.0,1645.0,335.0,107.0,,62.0,51.0,,591.0,68.0,98.0,121.0,186.0,,,,230.0,234.0,34.0,88.0,53.0,,47.0,16.0,220.0,35.0,6.0,6.0,63.0,41.0,7.0,31.0,20.0,19.0,19.0,11.0,14.0,9.0,8.0,2.0,2.0,2.0,2.0,37.0,16.0,1.0,3.0,,,10.0,,,
2021-2022,Bundesliga,eapihgte8ydc4g6hzygsx2e39,W. Orbán,RB Leipzig,4,Defender,30,30,0,4,2761,2045.0,1819.0,1819.0,66.0,793.0,2689.0,1754.0,219.0,83.0,,123.0,44.0,,414.0,26.0,39.0,126.0,202.0,,,,164.0,138.0,29.0,163.0,100.0,,32.0,10.0,115.0,63.0,2.0,2.0,77.0,12.0,1.0,22.0,2.0,16.0,17.0,9.0,3.0,7.0,8.0,2.0,2.0,1.0,1.0,4.0,28.0,2.0,3.0,,,1.0,,,
2021-2022,Bundesliga,95gjm3yk75rmwyneb350zoktm,M. Simakan,RB Leipzig,2,Defender,28,23,5,8,2102,1402.0,1204.0,1204.0,55.0,491.0,1902.0,1150.0,186.0,71.0,,46.0,40.0,,435.0,43.0,72.0,106.0,156.0,,,,159.0,120.0,34.0,84.0,63.0,,48.0,21.0,126.0,21.0,5.0,5.0,42.0,25.0,5.0,27.0,8.0,11.0,10.0,7.0,8.0,5.0,3.0,1.0,1.0,1.0,1.0,16.0,13.0,1.0,,,,,,,
2021-2022,Bundesliga,7o3fumeufgigw092b7i5n4f6x,A. Haidara,RB Leipzig,8,Midfielder,20,15,5,6,1393,788.0,654.0,654.0,33.0,255.0,1113.0,622.0,125.0,15.0,,8.0,16.0,,243.0,33.0,56.0,53.0,95.0,,,,102.0,115.0,13.0,39.0,20.0,,30.0,16.0,186.0,19.0,5.0,5.0,26.0,20.0,2.0,14.0,15.0,16.0,12.0,7.0,7.0,7.0,5.0,3.0,3.0,1.0,1.0,19.0,8.0,1.0,1.0,,,2.0,,,
2021-2022,Bundesliga,axj39lx25teh62rih6uv9qor9,K. Kampl,RB Leipzig,44,Midfielder,27,25,2,15,1959,1508.0,1370.0,1370.0,45.0,457.0,1880.0,1327.0,128.0,28.0,,17.0,24.0,,656.0,29.0,57.0,37.0,77.0,,,,155.0,106.0,12.0,20.0,8.0,,41.0,22.0,302.0,12.0,6.0,6.0,23.0,36.0,4.0,19.0,14.0,19.0,4.0,2.0,6.0,18.0,2.0,,,2.0,2.0,10.0,9.0,,4.0,,,3.0,,,
2021-2022,Bundesliga,8l0am8k4pg2s9g9qbkhwte6dx,Y. Poulsen,RB Leipzig,9,Forward,25,12,13,10,1144,324.0,211.0,211.0,9.0,48.0,636.0,203.0,104.0,5.0,,9.0,3.0,,132.0,16.0,36.0,44.0,96.0,,,,42.0,107.0,30.0,60.0,28.0,,13.0,9.0,253.0,32.0,8.0,8.0,110.0,22.0,2.0,4.0,32.0,13.0,23.0,10.0,11.0,5.0,13.0,6.0,6.0,1.0,1.0,12.0,5.0,,,,,5.0,,,
2021-2022,Bundesliga,1j0a3ml1zglc9s31yentfckb9,C. Nkunku,RB Leipzig,18,Forward,34,31,3,13,2826,1037.0,785.0,785.0,34.0,203.0,1680.0,779.0,177.0,26.0,,15.0,15.0,,482.0,76.0,133.0,102.0,187.0,,,,103.0,196.0,61.0,54.0,26.0,,23.0,13.0,908.0,28.0,45.0,31.0,343.0,31.0,2.0,10.0,50.0,21.0,58.0,18.0,44.0,50.0,40.0,20.0,17.0,28.0,13.0,66.0,26.0,,12.0,29.0,3.0,12.0,,,
2021-2022,Bundesliga,avh60ensgiwz1qalvn1bbqkfd,D. Szoboszlai,RB Leipzig,17,Forward,31,15,16,10,1649,965.0,696.0,696.0,54.0,184.0,1369.0,688.0,165.0,40.0,,15.0,10.0,,438.0,30.0,60.0,47.0,96.0,,,,101.0,179.0,23.0,36.0,17.0,,17.0,5.0,580.0,19.0,54.0,26.0,193.0,15.0,2.0,12.0,27.0,27.0,29.0,14.0,25.0,36.0,15.0,6.0,5.0,46.0,18.0,18.0,15.0,,9.0,56.0,1.0,4.0,,,
2021-2022,Bundesliga,ckox9w95duwhmt72xxk7lt2vp,E. Forsberg,RB Leipzig,10,Forward,31,20,11,15,1780,766.0,612.0,612.0,20.0,153.0,1088.0,604.0,113.0,22.0,,2.0,2.0,,360.0,35.0,54.0,44.0,81.0,,,,59.0,117.0,22.0,27.0,9.0,,21.0,9.0,453.0,18.0,26.0,12.0,119.0,11.0,2.0,12.0,26.0,18.0,32.0,17.0,10.0,17.0,15.0,6.0,2.0,12.0,6.0,23.0,10.0,,3.0,20.0,4.0,11.0,,,
2021-2022,Bundesliga,7dbzcwyph2xoljyhaogjo7mcp,T. Adams,RB Leipzig,14,Forward,24,12,12,4,1433,918.0,794.0,794.0,27.0,273.0,1202.0,767.0,118.0,29.0,,19.0,16.0,,358.0,20.0,46.0,40.0,76.0,,,,85.0,91.0,15.0,30.0,20.0,,23.0,16.0,170.0,10.0,2.0,2.0,17.0,19.0,5.0,7.0,9.0,23.0,,,10.0,5.0,,,,,,13.0,3.0,,1.0,,,1.0,,,
2021-2022,Bundesliga,4gq1u1mqg0qzekh1u5djleeax,Dani Olmo,RB Leipzig,25,Forward,19,7,12,6,805,353.0,269.0,269.0,11.0,103.0,590.0,262.0,74.0,15.0,,1.0,4.0,,120.0,30.0,66.0,33.0,79.0,,,,62.0,64.0,22.0,13.0,3.0,,14.0,8.0,209.0,10.0,5.0,3.0,61.0,4.0,2.0,6.0,16.0,4.0,18.0,6.0,28.0,12.0,12.0,3.0,3.0,4.0,3.0,24.0,5.0,,4.0,3.0,,6.0,,,
2021-2022,Bundesliga,64ctdbd0w5ikj0fkcuu9jdbhm,I. Moriba,RB Leipzig,26,Forward,2,0,2,0,39,21.0,17.0,17.0,1.0,4.0,36.0,16.0,4.0,,,,1.0,,7.0,0.0,2.0,0.0,4.0,,,,4.0,4.0,3.0,2.0,,,,,8.0,2.0,,,,1.0,,,1.0,2.0,1.0,,2.0,,1.0,,,,,,,,,,,,,,
2021-2022,Bundesliga,1qthvf5krys0pzk24h8wtr9at,K. Laimer,RB Leipzig,27,Midfielder,26,15,11,14,1294,714.0,561.0,561.0,25.0,161.0,1046.0,539.0,136.0,21.0,,9.0,4.0,,319.0,46.0,71.0,57.0,93.0,,,,96.0,126.0,8.0,22.0,11.0,,38.0,14.0,235.0,11.0,11.0,11.0,51.0,37.0,2.0,24.0,20.0,26.0,15.0,8.0,11.0,13.0,7.0,4.0,4.0,3.0,3.0,22.0,3.0,,2.0,,,6.0,,,
2021-2022,Bundesliga,3yqxkw0tqpoucur51ieh9xdrd,Josep Martínez,RB Leipzig,31,Forward,1,1,0,0,97,21.0,18.0,18.0,3.0,16.0,27.0,15.0,3.0,3.0,,,,1.0,,0.0,0.0,1.0,1.0,3.0,0.0,1.0,4.0,,,1.0,1.0,1.0,,,,,,,,,,,,,,,,,,,,,,,,,,,,,,,
2021-2022,Bundesliga,dhhmffih4gl51nlu92hfctqs5,André Silva,RB Leipzig,33,Forward,33,24,9,15,2166,568.0,409.0,409.0,4.0,81.0,1103.0,408.0,148.0,6.0,,15.0,2.0,,268.0,32.0,75.0,69.0,177.0,,,,66.0,146.0,28.0,102.0,37.0,,13.0,4.0,554.0,65.0,4.0,4.0,238.0,20.0,1.0,9.0,47.0,18.0,44.0,18.0,39.0,15.0,26.0,11.0,8.0,3.0,3.0,23.0,16.0,3.0,3.0,,3.0,4.0,,,
2021-2022,Bundesliga,8zmj7mo9zxsoo5trhmmgmgb56,Hugo Novoa,RB Leipzig,38,Forward,8,1,7,1,163,48.0,29.0,29.0,,3.0,93.0,29.0,16.0,1.0,,,1.0,,23.0,5.0,8.0,7.0,13.0,,,,5.0,17.0,4.0,5.0,2.0,,4.0,,52.0,3.0,2.0,2.0,17.0,1.0,,4.0,4.0,2.0,2.0,,3.0,2.0,2.0,1.0,1.0,,,1.0,,,,,,,,,
2021-2022,Bundesliga,3isbv9egu9vzxnna4ix8gcudx,B. Henrichs,RB Leipzig,39,Forward,22,12,10,5,1220,716.0,564.0,564.0,18.0,193.0,964.0,551.0,126.0,33.0,,14.0,19.0,,287.0,31.0,49.0,37.0,64.0,,,,78.0,112.0,14.0,15.0,6.0,,30.0,9.0,278.0,9.0,19.0,19.0,92.0,13.0,3.0,21.0,13.0,15.0,13.0,7.0,9.0,14.0,6.0,3.0,3.0,5.0,5.0,10.0,3.0,,3.0,,,2.0,,,
2021-2022,Bundesliga,ev73ja3lqg6g947fbb0ux79hx,M. Funk,Greuther Fürth,1,Forward,8,8,0,0,756,361.0,225.0,225.0,78.0,184.0,394.0,147.0,133.0,132.0,7.0,8.0,,26.0,4.0,0.0,0.0,3.0,3.0,30.0,0.0,8.0,19.0,1.0,1.0,3.0,3.0,,,,,,,,,1.0,,,,,,,,2.0,,,,,,,,,,,,,,,
2021-2022,Bundesliga,cx771rvpay5m6ltl3gk0u3g4q,S. Asta,Greuther Fürth,2,Forward,13,9,4,3,821,401.0,280.0,280.0,27.0,116.0,549.0,255.0,104.0,38.0,,16.0,8.0,,134.0,10.0,21.0,14.0,30.0,,,,50.0,80.0,9.0,9.0,4.0,,13.0,7.0,119.0,5.0,14.0,14.0,44.0,13.0,1.0,6.0,3.0,12.0,3.0,2.0,4.0,1.0,1.0,,,2.0,2.0,4.0,3.0,,,,,,,,
2021-2022,Bundesliga,b2a5syitl1nb5ky04j7pdq09h,J. Willems,Greuther Fürth,15,Defender,24,20,4,17,1624,887.0,619.0,619.0,81.0,275.0,1259.0,545.0,227.0,91.0,,42.0,14.0,,267.0,30.0,62.0,49.0,97.0,,,,119.0,169.0,11.0,35.0,19.0,,30.0,15.0,244.0,16.0,33.0,24.0,77.0,14.0,5.0,15.0,11.0,12.0,6.0,3.0,17.0,11.0,3.0,1.0,1.0,7.0,6.0,15.0,8.0,,,10.0,,1.0,,,
2021-2022,Bundesliga,94fjjy0oesuu30xgkpo7azmxh,S. Griesbeck,Greuther Fürth,22,Defender,30,28,2,3,2571,879.0,690.0,690.0,58.0,282.0,1437.0,632.0,186.0,94.0,,100.0,43.0,,264.0,36.0,68.0,92.0,167.0,,,,149.0,93.0,16.0,99.0,56.0,,61.0,29.0,68.0,43.0,1.0,1.0,36.0,32.0,7.0,32.0,8.0,25.0,7.0,3.0,3.0,2.0,4.0,1.0,1.0,,,4.0,15.0,1.0,,,,1.0,,,
2021-2022,Bundesliga,71y8ix489jjg545vf94e7glpl,H. Sarpei,Greuther Fürth,14,Forward,8,7,1,1,677,325.0,262.0,262.0,18.0,112.0,465.0,244.0,61.0,28.0,,21.0,14.0,,106.0,14.0,20.0,24.0,41.0,,,,43.0,33.0,16.0,21.0,10.0,,16.0,5.0,17.0,11.0,,,9.0,7.0,2.0,11.0,1.0,3.0,3.0,3.0,1.0,,,,,,,3.0,5.0,,,,,,,,
2021-2022,Bundesliga,c2an5ksdu6jbap3x3jp3z9c5x,N. Viergever,Greuther Fürth,24,Defender,24,24,0,1,2241,1091.0,874.0,874.0,59.0,483.0,1545.0,815.0,211.0,101.0,,119.0,37.0,,246.0,24.0,33.0,48.0,93.0,,,,133.0,111.0,6.0,60.0,24.0,,32.0,9.0,23.0,36.0,1.0,1.0,7.0,14.0,2.0,23.0,7.0,9.0,2.0,1.0,,1.0,1.0,,,,,1.0,22.0,,,,,,,,
2021-2022,Bundesliga,602fyni27c129xjs9ziyn5as5,P. Seguin,Greuther Fürth,33,Midfielder,27,23,4,5,2206,1124.0,845.0,845.0,57.0,326.0,1620.0,800.0,234.0,69.0,,30.0,19.0,,389.0,45.0,81.0,75.0,138.0,,,,170.0,194.0,26.0,57.0,30.0,,50.0,19.0,312.0,27.0,29.0,23.0,84.0,42.0,9.0,31.0,19.0,24.0,8.0,6.0,17.0,16.0,2.0,,,12.0,9.0,14.0,6.0,,4.0,9.0,,4.0,,,
2021-2022,Bundesliga,7shjpquxjrt16pxuuv6end42d,J. Green,Greuther Fürth,37,Forward,24,12,12,10,1122,433.0,312.0,312.0,19.0,105.0,636.0,303.0,62.0,37.0,,10.0,7.0,,175.0,13.0,28.0,18.0,51.0,,,,64.0,73.0,38.0,23.0,5.0,,9.0,4.0,210.0,18.0,48.0,24.0,59.0,13.0,2.0,5.0,5.0,8.0,16.0,11.0,11.0,9.0,5.0,,,10.0,5.0,8.0,5.0,,,29.0,,,,,
2021-2022,Bundesliga,dj7dvhoc6al5617f70paklk2d,C. Itten,Greuther Fürth,19,Forward,12,7,5,4,670,141.0,81.0,81.0,1.0,18.0,321.0,80.0,55.0,2.0,,4.0,2.0,,49.0,4.0,12.0,35.0,91.0,,,,10.0,58.0,6.0,79.0,31.0,,5.0,3.0,149.0,48.0,5.0,5.0,60.0,19.0,1.0,2.0,13.0,3.0,13.0,4.0,5.0,,9.0,2.0,2.0,,,2.0,2.0,1.0,,,,,,,
2021-2022,Bundesliga,bt35y17wl42b5t5tw6z68uwyy,J. Leweling,Greuther Fürth,40,Forward,33,22,11,11,2059,415.0,249.0,249.0,18.0,48.0,941.0,237.0,124.0,25.0,,5.0,13.0,,167.0,54.0,115.0,68.0,179.0,,,,77.0,133.0,49.0,64.0,14.0,,13.0,5.0,434.0,50.0,34.0,34.0,178.0,17.0,3.0,8.0,56.0,9.0,29.0,12.0,56.0,14.0,17.0,5.0,5.0,6.0,6.0,46.0,15.0,,1.0,,,,,,
2021-2022,Bundesliga,277xa3ka9se9p5nzga0sunavp,B. Hrgota,Greuther Fürth,10,Forward,34,33,1,15,2865,748.0,507.0,507.0,28.0,146.0,1434.0,496.0,169.0,22.0,,3.0,11.0,,294.0,62.0,133.0,78.0,215.0,,,,137.0,196.0,64.0,82.0,16.0,,46.0,17.0,652.0,66.0,49.0,39.0,213.0,56.0,4.0,29.0,54.0,26.0,43.0,18.0,54.0,24.0,25.0,9.0,3.0,17.0,12.0,33.0,23.0,,5.0,15.0,6.0,5.0,,,
2021-2022,Bundesliga,1wf757j0e3v3bdpbc9z2tav3d,A. Fein,Greuther Fürth,6,Forward,3,0,3,0,48,9.0,6.0,6.0,,2.0,16.0,6.0,3.0,2.0,,,2.0,,3.0,0.0,0.0,0.0,0.0,,,,2.0,1.0,,,,,,,2.0,,,,1.0,1.0,,,1.0,,,,,1.0,,,,,,,1.0,,,,,,,,
2021-2022,Bundesliga,3i4z8v4ezq43bj8ncg4k8gkph,M. Christiansen,Greuther Fürth,13,Midfielder,27,22,5,5,2153,935.0,737.0,737.0,44.0,248.0,1508.0,695.0,193.0,53.0,,56.0,68.0,,363.0,30.0,60.0,71.0,140.0,,,,179.0,141.0,19.0,80.0,41.0,,46.0,21.0,123.0,39.0,1.0,1.0,19.0,20.0,5.0,25.0,8.0,36.0,7.0,6.0,9.0,9.0,1.0,,,2.0,2.0,5.0,19.0,,,,,,,,
2021-2022,Bundesliga,62qm90k4d9lsuf4l176moad49,T. Tillman,Greuther Fürth,21,Midfielder,29,23,6,19,2053,713.0,491.0,491.0,23.0,165.0,1239.0,483.0,149.0,49.0,,26.0,12.0,,280.0,64.0,114.0,74.0,152.0,,,,136.0,153.0,42.0,38.0,10.0,,43.0,17.0,330.0,28.0,53.0,21.0,122.0,37.0,3.0,26.0,28.0,29.0,16.0,8.0,33.0,20.0,8.0,1.0,1.0,15.0,5.0,38.0,12.0,,3.0,42.0,,3.0,,,
2021-2022,Bundesliga,brnkbswvgwnyebg07goqyfnxl,,Greuther Fürth,25,Forward,0,0,0,0,0,,,,,,,,,,,,,,,0.0,0.0,0.0,0.0,,,,,,,,,,,,,,,,,,,,,,,,,,,,,,,,,,,,,,,,
2021-2022,Bundesliga,cjks4v7acb94q4v0idm0colwp,G. Itter,Greuther Fürth,27,Defender,24,16,8,5,1549,814.0,576.0,576.0,53.0,225.0,1143.0,535.0,183.0,80.0,,51.0,13.0,,276.0,40.0,65.0,57.0,103.0,,,,92.0,140.0,5.0,38.0,17.0,,44.0,18.0,212.0,21.0,37.0,26.0,80.0,18.0,3.0,26.0,6.0,15.0,4.0,3.0,7.0,8.0,1.0,,,12.0,7.0,14.0,10.0,,1.0,16.0,,,,,
2021-2022,Bundesliga,3errmylohso1zj8bgr9bjftka,A. Barry,Greuther Fürth,32,Forward,8,1,7,1,244,111.0,83.0,83.0,9.0,38.0,174.0,76.0,20.0,9.0,,1.0,4.0,,31.0,5.0,10.0,9.0,15.0,,,,18.0,16.0,3.0,5.0,4.0,,6.0,2.0,45.0,1.0,5.0,5.0,22.0,9.0,2.0,4.0,2.0,3.0,,,3.0,2.0,,,,2.0,2.0,1.0,3.0,,,,,,,,
2021-2022,Bundesliga,920yurg08gqayxwc80q9f8ixh,M. Flekken,Freiburg,26,Goalkeeper,32,32,0,0,3040,1333.0,915.0,915.0,331.0,790.0,1438.0,584.0,413.0,408.0,14.0,10.0,2.0,105.0,10.0,2.0,2.0,6.0,6.0,39.0,10.0,32.0,70.0,5.0,1.0,4.0,4.0,10.0,,,,,,,,,,,,1.0,,,,3.0,,,,,,2.0,,,,,,,,,
2021-2022,Bundesliga,2jk8zu0m0tf7if0pyrkbo82xh,L. Kübler,Freiburg,17,Defender,29,27,2,14,2398,1238.0,888.0,888.0,139.0,324.0,1762.0,759.0,296.0,133.0,,70.0,44.0,,459.0,45.0,82.0,84.0,163.0,,,,145.0,202.0,20.0,81.0,39.0,,62.0,27.0,368.0,42.0,39.0,39.0,114.0,24.0,2.0,35.0,6.0,16.0,10.0,4.0,10.0,12.0,6.0,2.0,2.0,10.0,10.0,10.0,11.0,,2.0,,,,,,
2021-2022,Bundesliga,b7ve7k983eaewnupejiow3jdh,C. Günter,Freiburg,30,Defender,34,34,0,0,3228,1667.0,1062.0,1062.0,125.0,408.0,2180.0,1017.0,373.0,163.0,,49.0,17.0,,539.0,40.0,84.0,51.0,117.0,,,,184.0,357.0,14.0,33.0,11.0,,34.0,14.0,751.0,22.0,147.0,93.0,321.0,37.0,2.0,20.0,7.0,17.0,19.0,13.0,30.0,50.0,6.0,2.0,2.0,80.0,43.0,20.0,11.0,,9.0,91.0,,,,,
2021-2022,Bundesliga,ejnh215cji6xou661kiwcc91x,N. Höfler,Freiburg,27,Midfielder,30,30,0,4,2737,1189.0,986.0,986.0,41.0,396.0,1851.0,945.0,192.0,36.0,,42.0,46.0,,399.0,65.0,105.0,129.0,217.0,,,,199.0,163.0,40.0,112.0,64.0,,73.0,31.0,269.0,48.0,7.0,7.0,60.0,47.0,5.0,42.0,12.0,29.0,26.0,15.0,9.0,17.0,11.0,2.0,2.0,,,23.0,28.0,2.0,3.0,,,2.0,,,
2021-2022,Bundesliga,6o2v57d92t1mejod24gmufcut,P. Lienhart,Freiburg,3,Defender,32,32,0,2,3025,1757.0,1489.0,1489.0,140.0,700.0,2419.0,1351.0,257.0,143.0,,158.0,50.0,,506.0,17.0,30.0,86.0,145.0,,,,216.0,120.0,27.0,115.0,69.0,,24.0,11.0,83.0,46.0,6.0,6.0,53.0,15.0,2.0,13.0,3.0,10.0,14.0,7.0,2.0,1.0,7.0,5.0,5.0,2.0,2.0,4.0,28.0,3.0,,,,1.0,,,
2021-2022,Bundesliga,d5mck7rf48chzersephpx29d5,N. Schlotterbeck,Freiburg,4,Defender,32,32,0,4,2926,1750.0,1402.0,1402.0,151.0,722.0,2603.0,1252.0,334.0,157.0,,154.0,56.0,,482.0,66.0,108.0,175.0,253.0,,,,238.0,185.0,35.0,145.0,109.0,,72.0,29.0,198.0,36.0,8.0,8.0,98.0,32.0,5.0,43.0,15.0,9.0,31.0,15.0,13.0,11.0,16.0,4.0,4.0,1.0,1.0,23.0,37.0,2.0,1.0,,,4.0,,,
2021-2022,Bundesliga,1h3mduwlaf89ebwtqxuegsodm,K. Schade,Freiburg,20,Forward,21,7,14,7,899,187.0,99.0,99.0,6.0,38.0,487.0,96.0,75.0,8.0,,16.0,3.0,,37.0,22.0,48.0,62.0,123.0,,,,41.0,77.0,26.0,75.0,40.0,,9.0,2.0,237.0,35.0,10.0,10.0,120.0,22.0,2.0,7.0,20.0,12.0,14.0,5.0,24.0,6.0,9.0,4.0,4.0,3.0,3.0,15.0,8.0,1.0,1.0,,,,,,
2021-2022,Bundesliga,f5ln82l8q7gvouj3zhsp5t4gl,M. Eggestein,Freiburg,8,Midfielder,31,26,5,16,2281,942.0,686.0,686.0,29.0,268.0,1483.0,661.0,238.0,36.0,,32.0,30.0,,270.0,35.0,67.0,81.0,164.0,,,,145.0,211.0,26.0,97.0,46.0,,48.0,20.0,356.0,51.0,9.0,9.0,63.0,32.0,2.0,28.0,22.0,24.0,17.0,11.0,12.0,19.0,6.0,1.0,1.0,4.0,2.0,7.0,17.0,,2.0,2.0,,4.0,,,
2021-2022,Bundesliga,bsyv3fmihshve4jcr11qmtmfp,L. Höler,Freiburg,9,Forward,34,30,4,17,2671,912.0,607.0,607.0,16.0,128.0,1696.0,598.0,279.0,14.0,,39.0,17.0,,403.0,46.0,93.0,172.0,326.0,,,,106.0,281.0,61.0,233.0,126.0,,41.0,16.0,799.0,107.0,16.0,16.0,272.0,36.0,2.0,25.0,44.0,21.0,53.0,27.0,31.0,36.0,26.0,7.0,7.0,7.0,7.0,21.0,11.0,2.0,3.0,,,7.0,,,
2021-2022,Bundesliga,arjwwth6yazptr851wu2u6e0a,Jeong Wooyeong,Freiburg,29,Forward,32,23,9,23,1833,632.0,447.0,447.0,10.0,150.0,967.0,444.0,153.0,16.0,,11.0,7.0,,221.0,25.0,51.0,41.0,103.0,,,,79.0,161.0,15.0,52.0,16.0,,15.0,6.0,404.0,36.0,24.0,24.0,132.0,10.0,1.0,9.0,10.0,7.0,42.0,23.0,20.0,20.0,19.0,5.0,5.0,7.0,7.0,16.0,10.0,3.0,3.0,,,4.0,,,
2021-2022,Bundesliga,2az0f39bhz2kvxhopalzi0h5h,V. Grifo,Freiburg,32,Midfielder,34,33,1,18,2861,1428.0,989.0,989.0,106.0,343.0,1963.0,937.0,259.0,105.0,,28.0,13.0,,533.0,52.0,91.0,69.0,127.0,,,,160.0,272.0,27.0,36.0,17.0,,27.0,12.0,792.0,19.0,118.0,63.0,285.0,11.0,,15.0,28.0,10.0,45.0,21.0,27.0,55.0,24.0,9.0,2.0,54.0,24.0,37.0,25.0,,11.0,85.0,7.0,7.0,,,
2021-2022,Bundesliga,3r2j2j3v6kgmauw5yv9j3x1hx,B. Uphoff,Freiburg,1,Forward,2,2,0,0,188,90.0,59.0,59.0,24.0,50.0,96.0,35.0,31.0,31.0,4.0,2.0,,5.0,,0.0,0.0,1.0,1.0,7.0,0.0,2.0,2.0,,,1.0,1.0,1.0,,,,,,,,,,,,,,,,,,,,,,,,,,,,,,,
2021-2022,Bundesliga,e8dpcth2x1y0zbaovljbgk5hx,M. Gulde,Freiburg,5,Forward,20,14,6,8,1281,585.0,482.0,482.0,36.0,220.0,798.0,447.0,97.0,40.0,,37.0,17.0,,183.0,12.0,22.0,37.0,62.0,,,,60.0,59.0,9.0,40.0,25.0,,18.0,8.0,21.0,15.0,2.0,2.0,8.0,17.0,2.0,10.0,1.0,8.0,,,2.0,1.0,,,,1.0,1.0,2.0,8.0,,,,,,,,
2021-2022,Bundesliga,avk9yje6h4nndg3cufnbu2imt,E. Demirović,Freiburg,11,Forward,31,9,22,9,970,171.0,102.0,102.0,3.0,21.0,423.0,101.0,61.0,5.0,,7.0,1.0,,63.0,16.0,32.0,33.0,94.0,,,,33.0,60.0,6.0,62.0,17.0,,12.0,6.0,239.0,45.0,4.0,4.0,99.0,27.0,4.0,6.0,14.0,13.0,19.0,10.0,10.0,7.0,9.0,2.0,2.0,2.0,2.0,10.0,7.0,,3.0,,,,,,
2021-2022,Bundesliga,7at6knpizbafid4br861pi6zt,Y. Keitel,Freiburg,14,Forward,12,5,7,3,532,186.0,126.0,126.0,7.0,45.0,294.0,119.0,55.0,16.0,,8.0,1.0,,63.0,6.0,14.0,16.0,33.0,,,,27.0,41.0,5.0,19.0,10.0,,11.0,7.0,57.0,9.0,2.0,2.0,17.0,13.0,1.0,4.0,5.0,6.0,9.0,6.0,1.0,1.0,3.0,,,,,2.0,3.0,,,,,1.0,,,
2021-2022,Bundesliga,24vavcwn4hco5je9kdu9ciwgl,J. Haberer,Freiburg,19,Forward,26,7,19,6,917,323.0,244.0,244.0,9.0,81.0,510.0,235.0,75.0,5.0,,11.0,16.0,,119.0,10.0,21.0,26.0,59.0,,,,51.0,74.0,10.0,38.0,16.0,,14.0,6.0,112.0,22.0,4.0,4.0,28.0,20.0,1.0,8.0,6.0,7.0,11.0,8.0,5.0,1.0,3.0,3.0,3.0,,,2.0,7.0,,,,,,,,
2021-2022,Bundesliga,d36na8jr6xcc8eronhy8mcz1m,K. Sildillia,Freiburg,25,Forward,7,1,6,0,207,96.0,58.0,58.0,7.0,23.0,145.0,52.0,33.0,13.0,,7.0,2.0,,30.0,5.0,10.0,6.0,15.0,,,,16.0,24.0,1.0,5.0,1.0,,7.0,4.0,24.0,4.0,4.0,4.0,5.0,1.0,1.0,3.0,1.0,1.0,,,1.0,2.0,,,,1.0,1.0,2.0,,,,,,,,,
2021-2022,Bundesliga,6qujoqysad60h70f3ac5n9ch6,K. Schlotterbeck,Freiburg,31,Forward,12,3,9,1,364,120.0,100.0,100.0,8.0,45.0,203.0,92.0,19.0,5.0,,24.0,11.0,,29.0,5.0,12.0,14.0,25.0,,,,13.0,14.0,2.0,13.0,9.0,,11.0,6.0,4.0,4.0,,,2.0,9.0,1.0,5.0,1.0,3.0,,,1.0,1.0,,,,,,,5.0,,,,,,,,
2021-2022,Bundesliga,2es4ydlcwwasm6mu7rmey5r3e,N. Weißhaupt,Freiburg,33,Forward,10,0,10,1,130,46.0,34.0,34.0,2.0,14.0,77.0,33.0,8.0,2.0,,1.0,1.0,,16.0,4.0,8.0,5.0,11.0,,,,6.0,9.0,2.0,3.0,1.0,,1.0,,42.0,2.0,3.0,3.0,16.0,3.0,,1.0,2.0,2.0,,,4.0,2.0,,,,1.0,1.0,3.0,,,,,,,,,
2021-2022,Bundesliga,7l06lc2jx29mj343206ptpdd5,,Freiburg,45,Forward,0,0,0,0,0,,,,,,,,,,,,,,,0.0,0.0,0.0,0.0,,,,,,,,,,,,,,,,,,,,,,,,,,,,,,,,,,,,,,,,
2021-2022,Bundesliga,cm8po8ez5w9ms01gid6w3kwk5,O. Baumann,Hoffenheim,1,Goalkeeper,33,33,0,0,3152,1523.0,1225.0,1225.0,203.0,906.0,1659.0,1022.0,293.0,287.0,27.0,19.0,,99.0,32.0,1.0,1.0,10.0,10.0,57.0,8.0,33.0,86.0,6.0,3.0,9.0,9.0,9.0,,,,,,,,,1.0,,,,,,,,,,,,,1.0,,,,,,,,,
2021-2022,Bundesliga,6yhylu5q0y924amgv7vlodkgl,K. Akpoguma,Hoffenheim,25,Defender,26,19,7,14,1596,917.0,688.0,688.0,55.0,288.0,1314.0,636.0,195.0,75.0,,29.0,20.0,,282.0,41.0,83.0,58.0,120.0,,,,100.0,148.0,23.0,37.0,17.0,,33.0,14.0,299.0,20.0,28.0,28.0,119.0,25.0,5.0,19.0,9.0,30.0,10.0,6.0,28.0,9.0,4.0,2.0,2.0,3.0,3.0,22.0,4.0,1.0,1.0,,,,,,
2021-2022,Bundesliga,arwidogdfccsjv8fxa1veezf9,R. Skov,Hoffenheim,29,Forward,12,3,9,2,411,165.0,114.0,114.0,14.0,29.0,247.0,106.0,30.0,18.0,,3.0,3.0,,72.0,4.0,12.0,7.0,20.0,,,,20.0,25.0,5.0,8.0,3.0,,3.0,1.0,102.0,5.0,13.0,8.0,43.0,6.0,1.0,2.0,1.0,2.0,7.0,5.0,7.0,8.0,2.0,,,6.0,3.0,2.0,5.0,,1.0,8.0,,1.0,,,
2021-2022,Bundesliga,elh8kttxq9xfpoqfmpxv9jr2t,K. Vogt,Hoffenheim,22,Defender,30,29,1,2,2724,2183.0,1919.0,1919.0,189.0,1018.0,2663.0,1731.0,257.0,128.0,,101.0,13.0,,544.0,16.0,27.0,40.0,74.0,,,,214.0,132.0,18.0,47.0,24.0,,21.0,9.0,60.0,23.0,3.0,3.0,2.0,27.0,7.0,12.0,4.0,11.0,3.0,3.0,2.0,7.0,,,,1.0,1.0,4.0,7.0,,2.0,,,1.0,,,
2021-2022,Bundesliga,1ekkj2b713kjnugsk4dz50q1h,F. Grillitsch,Hoffenheim,11,Defender,18,16,2,1,1589,1062.0,937.0,937.0,121.0,466.0,1404.0,819.0,111.0,44.0,,36.0,29.0,,292.0,24.0,45.0,47.0,94.0,,,,127.0,75.0,24.0,49.0,23.0,,37.0,18.0,90.0,26.0,8.0,8.0,12.0,12.0,7.0,19.0,5.0,11.0,6.0,4.0,3.0,10.0,2.0,,,3.0,3.0,5.0,9.0,,1.0,,,1.0,,,
2021-2022,Bundesliga,1po7tmdv73zfjentt0p20wdlh,S. Posch,Hoffenheim,38,Defender,28,26,2,6,2317,1416.0,1132.0,1132.0,79.0,526.0,1886.0,1055.0,263.0,124.0,,71.0,28.0,,436.0,33.0,56.0,73.0,155.0,,,,110.0,148.0,13.0,99.0,40.0,,48.0,18.0,155.0,59.0,9.0,9.0,57.0,36.0,5.0,30.0,5.0,25.0,12.0,5.0,5.0,3.0,7.0,2.0,2.0,2.0,2.0,3.0,20.0,2.0,,,,1.0,,,
2021-2022,Bundesliga,7hnmtyfmurizitwz1whecjnmy,A. Stiller,Hoffenheim,13,Midfielder,26,18,8,6,1806,968.0,793.0,793.0,26.0,283.0,1331.0,772.0,154.0,34.0,,16.0,9.0,,377.0,32.0,59.0,58.0,111.0,,,,116.0,133.0,13.0,52.0,26.0,,30.0,13.0,278.0,26.0,13.0,11.0,69.0,25.0,1.0,17.0,7.0,26.0,10.0,6.0,14.0,13.0,4.0,2.0,2.0,5.0,3.0,15.0,11.0,,2.0,4.0,,1.0,,,
2021-2022,Bundesliga,f3v95yyj6j7h7qpprxm4zlre1,D. Geiger,Hoffenheim,8,Midfielder,20,17,3,12,1424,785.0,616.0,616.0,54.0,230.0,1041.0,591.0,106.0,44.0,,7.0,14.0,,333.0,28.0,44.0,28.0,50.0,,,,103.0,89.0,19.0,6.0,,,34.0,11.0,223.0,6.0,27.0,9.0,75.0,39.0,6.0,23.0,9.0,14.0,6.0,4.0,5.0,14.0,2.0,2.0,2.0,29.0,2.0,5.0,9.0,,2.0,45.0,,4.0,,,
2021-2022,Bundesliga,3rj7x05qx17n925xfpcrl0jpx,S. Rudy,Hoffenheim,16,Forward,21,7,14,4,869,405.0,298.0,298.0,17.0,126.0,565.0,288.0,84.0,19.0,,8.0,11.0,,135.0,15.0,26.0,21.0,44.0,,,,46.0,77.0,6.0,18.0,6.0,,22.0,10.0,133.0,12.0,12.0,9.0,41.0,12.0,5.0,12.0,8.0,5.0,10.0,5.0,1.0,5.0,5.0,3.0,3.0,7.0,2.0,3.0,7.0,,1.0,8.0,,,,,
2021-2022,Bundesliga,bkbmygo5f1glcs6xssawl26z9,I. Bebou,Hoffenheim,9,Forward,28,25,3,18,2147,629.0,417.0,417.0,24.0,120.0,1147.0,407.0,160.0,17.0,,25.0,12.0,,263.0,32.0,74.0,69.0,188.0,,,,78.0,178.0,21.0,114.0,37.0,,22.0,8.0,555.0,77.0,35.0,35.0,254.0,26.0,,14.0,30.0,17.0,34.0,20.0,34.0,17.0,14.0,7.0,7.0,14.0,14.0,18.0,15.0,,2.0,,,,,,
2021-2022,Bundesliga,ew18qvvupaejxubhqmxmbd39x,A. Kramarić,Hoffenheim,27,Forward,32,30,2,5,2856,1064.0,803.0,803.0,38.0,250.0,1570.0,791.0,185.0,33.0,,7.0,9.0,,461.0,34.0,67.0,48.0,104.0,,,,125.0,196.0,29.0,37.0,14.0,,8.0,4.0,794.0,23.0,44.0,39.0,294.0,11.0,2.0,4.0,37.0,10.0,68.0,33.0,29.0,31.0,35.0,6.0,6.0,26.0,18.0,30.0,25.0,1.0,9.0,13.0,,8.0,,,
2021-2022,Bundesliga,6ojuz6k2i9vyy2wyc60owyytx,H. Nordtveit,Hoffenheim,6,Forward,11,1,10,1,356,258.0,206.0,206.0,28.0,97.0,340.0,178.0,50.0,24.0,,11.0,10.0,,72.0,8.0,9.0,13.0,21.0,,,,24.0,27.0,4.0,12.0,5.0,,7.0,1.0,24.0,7.0,1.0,1.0,5.0,2.0,1.0,6.0,1.0,1.0,1.0,1.0,,1.0,,,,,,2.0,1.0,,,,,1.0,,,
2021-2022,Bundesliga,9dnrpl2c7n769i8nbfnboq2tx,J. Bruun Larsen,Hoffenheim,7,Forward,25,9,16,8,903,286.0,206.0,206.0,6.0,52.0,460.0,201.0,69.0,9.0,,5.0,5.0,,135.0,10.0,31.0,19.0,56.0,,,,35.0,69.0,3.0,25.0,9.0,,2.0,1.0,212.0,16.0,9.0,8.0,84.0,6.0,1.0,1.0,6.0,11.0,16.0,9.0,20.0,12.0,7.0,4.0,4.0,1.0,1.0,9.0,5.0,1.0,,1.0,,2.0,,,
2021-2022,Bundesliga,e9c0v3ik308t91njildxzc6vp,M. Dabbur,Hoffenheim,10,Forward,27,17,10,15,1382,497.0,363.0,363.0,17.0,96.0,850.0,348.0,130.0,8.0,,4.0,5.0,,203.0,26.0,65.0,44.0,108.0,,,,65.0,124.0,19.0,43.0,18.0,,17.0,8.0,372.0,25.0,2.0,2.0,135.0,29.0,5.0,9.0,36.0,10.0,20.0,11.0,31.0,15.0,9.0,3.0,3.0,2.0,2.0,17.0,13.0,,3.0,,,8.0,,,
2021-2022,Bundesliga,dh15r2p7e0c5cwezilhq3fi6t,P. Pentke,Hoffenheim,12,Forward,1,1,0,0,95,39.0,31.0,31.0,6.0,19.0,41.0,25.0,8.0,8.0,1.0,,,4.0,2.0,0.0,0.0,0.0,0.0,3.0,0.0,1.0,2.0,,,,,,,,,,,,,,,,,,,,,,,,,,,,,,,,,,,,
2021-2022,Bundesliga,5pousbiuqbus68yekd0mhc5pl,C. Baumgartner,Hoffenheim,14,Midfielder,29,23,6,14,1980,729.0,505.0,505.0,39.0,170.0,1229.0,475.0,186.0,40.0,,16.0,8.0,,264.0,36.0,77.0,73.0,163.0,,,,103.0,173.0,32.0,86.0,37.0,,28.0,13.0,463.0,49.0,27.0,26.0,169.0,37.0,5.0,15.0,27.0,21.0,37.0,20.0,28.0,18.0,17.0,7.0,7.0,9.0,8.0,21.0,8.0,1.0,2.0,2.0,,4.0,,,
2021-2022,Bundesliga,c1nt67z429kirthuhkdxouor9,D. Samassékou,Hoffenheim,18,Midfielder,24,21,3,16,1694,720.0,571.0,571.0,34.0,178.0,1118.0,538.0,140.0,26.0,,26.0,28.0,,287.0,34.0,59.0,66.0,114.0,,,,121.0,120.0,25.0,55.0,32.0,,41.0,15.0,186.0,23.0,6.0,6.0,41.0,30.0,7.0,26.0,5.0,16.0,11.0,7.0,10.0,7.0,4.0,2.0,2.0,1.0,1.0,8.0,15.0,1.0,1.0,,,1.0,,,
2021-2022,Bundesliga,33vdvzbclcs4eh2dshydkc3it,M. Gaćinović,Hoffenheim,20,Forward,4,1,3,1,131,53.0,39.0,39.0,3.0,17.0,79.0,36.0,14.0,5.0,,2.0,1.0,,17.0,6.0,6.0,9.0,12.0,,,,3.0,9.0,1.0,6.0,3.0,,3.0,,21.0,3.0,,,6.0,4.0,1.0,3.0,2.0,1.0,1.0,1.0,,,,,,,,3.0,,,,,,,,,
2021-2022,Bundesliga,5nsag404623qznyyizl8yuwkq,C. Richards,Hoffenheim,28,Defender,20,13,7,1,1408,987.0,832.0,832.0,40.0,335.0,1315.0,792.0,155.0,59.0,,50.0,22.0,,356.0,19.0,30.0,75.0,124.0,,,,69.0,96.0,2.0,94.0,56.0,,26.0,11.0,65.0,38.0,,,30.0,8.0,1.0,15.0,2.0,13.0,6.0,5.0,,4.0,1.0,1.0,1.0,,,4.0,12.0,1.0,2.0,,,1.0,,,
2021-2022,Bundesliga,e8ekkg0yayhhmmhinl0v9une,G. Rutter,Hoffenheim,33,Forward,33,13,20,10,1745,319.0,194.0,194.0,13.0,61.0,821.0,185.0,103.0,11.0,,11.0,6.0,,105.0,50.0,102.0,90.0,188.0,,,,56.0,108.0,37.0,86.0,40.0,,18.0,5.0,461.0,46.0,16.0,16.0,222.0,37.0,2.0,13.0,24.0,28.0,45.0,24.0,47.0,9.0,21.0,8.0,8.0,4.0,4.0,37.0,8.0,2.0,2.0,,,1.0,,,
2021-2022,Bundesliga,dvo2f7d0yosn404wsrsgeprdh,A. Schwolow,Hertha BSC,1,Goalkeeper,25,25,0,1,2293,829.0,598.0,598.0,192.0,508.0,899.0,406.0,227.0,223.0,17.0,18.0,2.0,74.0,9.0,0.0,0.0,6.0,6.0,53.0,4.0,25.0,25.0,4.0,1.0,6.0,6.0,8.0,,,,,,,,2.0,1.0,,,,,,,,,,,,,,,,,,,,,,
2021-2022,Bundesliga,5uro3xukpb1lsnwepj06lgzit,D. Zeefuik,Hertha BSC,42,Forward,11,6,5,3,613,262.0,193.0,193.0,22.0,50.0,398.0,174.0,57.0,16.0,,21.0,11.0,,115.0,12.0,19.0,21.0,39.0,,,,37.0,49.0,8.0,20.0,9.0,,11.0,1.0,62.0,11.0,8.0,8.0,28.0,4.0,1.0,10.0,6.0,8.0,,,6.0,4.0,,,,3.0,3.0,2.0,4.0,,,,,,,,
2021-2022,Bundesliga,7wm8whndx19gcpqxtw9safljp,P. Pekarík,Hertha BSC,2,Defender,27,26,1,6,2345,1198.0,908.0,908.0,76.0,348.0,1616.0,845.0,223.0,107.0,,58.0,29.0,,429.0,35.0,60.0,63.0,108.0,,,,133.0,162.0,18.0,48.0,28.0,,45.0,16.0,299.0,20.0,46.0,46.0,118.0,25.0,1.0,29.0,5.0,18.0,8.0,5.0,9.0,9.0,3.0,,,13.0,13.0,6.0,12.0,,,,,,,,
2021-2022,Bundesliga,9j1fd0mz39tl1h5che3f357md,S. Serdar,Hertha BSC,8,Midfielder,30,27,3,14,2292,587.0,411.0,411.0,35.0,169.0,1231.0,377.0,165.0,29.0,,14.0,20.0,,171.0,91.0,168.0,110.0,211.0,,,,153.0,141.0,47.0,43.0,19.0,,64.0,34.0,301.0,24.0,5.0,4.0,85.0,37.0,6.0,30.0,49.0,29.0,25.0,15.0,43.0,20.0,10.0,3.0,3.0,1.0,1.0,61.0,11.0,,,1.0,,5.0,,,
2021-2022,Bundesliga,99jqn2osue4tyo1l7yb93s639,D. Boyata,Hertha BSC,4,Defender,23,22,1,2,2021,805.0,675.0,675.0,34.0,281.0,1194.0,641.0,128.0,61.0,,134.0,17.0,,248.0,16.0,19.0,68.0,103.0,,,,93.0,67.0,6.0,84.0,52.0,,15.0,2.0,54.0,32.0,,,44.0,11.0,1.0,13.0,,4.0,8.0,6.0,1.0,4.0,2.0,,,,,3.0,15.0,,,,,,1.0,1.0,
2021-2022,Bundesliga,2p48525x4ap9m81g6ode51cyd,N. Stark,Hertha BSC,5,Defender,26,22,4,1,2165,1009.0,829.0,829.0,60.0,467.0,1470.0,769.0,176.0,76.0,,122.0,36.0,,212.0,23.0,35.0,72.0,117.0,,,,115.0,100.0,20.0,82.0,49.0,,28.0,12.0,37.0,33.0,,,22.0,19.0,3.0,16.0,3.0,10.0,10.0,6.0,,3.0,4.0,1.0,1.0,,,7.0,18.0,1.0,,,,1.0,,,
2021-2022,Bundesliga,djggrnjp9s4p2mlbzhx6arbh1,M. Richter,Hertha BSC,23,Midfielder,30,19,11,17,1774,527.0,332.0,332.0,24.0,121.0,1018.0,321.0,135.0,31.0,,24.0,16.0,,164.0,32.0,85.0,41.0,127.0,,,,95.0,149.0,45.0,42.0,9.0,,30.0,14.0,390.0,33.0,45.0,39.0,141.0,30.0,6.0,16.0,35.0,26.0,39.0,22.0,39.0,14.0,17.0,5.0,5.0,13.0,7.0,16.0,9.0,1.0,1.0,12.0,,4.0,,,
2021-2022,Bundesliga,5m5qyz18o5hmta6mh4zk57sh5,S. Ascacíbar,Hertha BSC,18,Midfielder,28,27,1,7,2498,1168.0,959.0,959.0,47.0,354.0,1771.0,912.0,202.0,34.0,,42.0,41.0,,396.0,66.0,116.0,99.0,188.0,,,,192.0,170.0,31.0,72.0,33.0,,93.0,39.0,177.0,39.0,2.0,2.0,29.0,35.0,5.0,54.0,13.0,25.0,8.0,7.0,11.0,8.0,1.0,,,,,12.0,11.0,,1.0,,,1.0,,,
2021-2022,Bundesliga,240qnsj5nj6l6s3cc618691at,K. Piątek,Hertha BSC,9,Forward,9,4,5,4,364,82.0,50.0,50.0,3.0,8.0,179.0,47.0,27.0,4.0,,6.0,,,38.0,8.0,12.0,20.0,47.0,,,,5.0,26.0,6.0,35.0,12.0,,2.0,,81.0,23.0,3.0,3.0,27.0,10.0,,2.0,7.0,,12.0,7.0,4.0,,5.0,1.0,1.0,,,6.0,,,,,,,,,
2021-2022,Bundesliga,5ir834cntiq4qhlw8dqi6rowl,V. Darida,Hertha BSC,6,Midfielder,25,23,2,14,1842,946.0,662.0,662.0,63.0,238.0,1384.0,617.0,213.0,79.0,,17.0,20.0,,331.0,36.0,62.0,51.0,108.0,,,,137.0,182.0,33.0,46.0,15.0,,32.0,14.0,303.0,31.0,48.0,30.0,101.0,22.0,6.0,18.0,23.0,19.0,13.0,4.0,12.0,29.0,9.0,2.0,1.0,18.0,7.0,18.0,14.0,,5.0,29.0,1.0,2.0,,,
2021-2022,Bundesliga,6q2mf0qrkt51z28b46wltxal1,M. Mittelstädt,Hertha BSC,17,Forward,24,16,8,8,1579,780.0,505.0,505.0,42.0,221.0,1245.0,484.0,185.0,66.0,,37.0,46.0,,223.0,65.0,101.0,88.0,151.0,,,,112.0,183.0,36.0,50.0,23.0,,52.0,19.0,308.0,27.0,64.0,50.0,120.0,20.0,3.0,33.0,20.0,23.0,7.0,7.0,17.0,16.0,,,,21.0,15.0,32.0,8.0,,5.0,20.0,,,,,
2021-2022,Bundesliga,6yc09eth94qsachf595dyx6fp,D. Selke,Hertha BSC,7,Forward,25,10,15,8,1095,227.0,133.0,133.0,3.0,25.0,484.0,131.0,87.0,2.0,,11.0,1.0,,85.0,6.0,13.0,64.0,131.0,,,,22.0,90.0,21.0,118.0,58.0,,5.0,1.0,227.0,60.0,5.0,5.0,83.0,31.0,1.0,4.0,12.0,5.0,21.0,11.0,6.0,7.0,10.0,4.0,3.0,1.0,1.0,2.0,5.0,,,,1.0,1.0,,,
2021-2022,Bundesliga,d19yalwh3i2olvpwoi89feqjt,J. Ekkelenkamp,Hertha BSC,10,Forward,21,6,15,6,795,241.0,163.0,163.0,6.0,42.0,432.0,159.0,71.0,7.0,,5.0,4.0,,92.0,9.0,23.0,18.0,49.0,,,,48.0,67.0,5.0,26.0,9.0,,8.0,5.0,144.0,17.0,3.0,3.0,46.0,11.0,1.0,3.0,11.0,7.0,9.0,5.0,9.0,7.0,4.0,3.0,3.0,2.0,,6.0,7.0,1.0,,2.0,,1.0,,,
2021-2022,Bundesliga,18b0ti0bsq68842kgbczsbgmh,M. Maolida,Hertha BSC,11,Forward,14,9,5,9,801,229.0,153.0,153.0,4.0,41.0,416.0,151.0,69.0,4.0,,6.0,1.0,,84.0,16.0,42.0,24.0,62.0,,,,43.0,70.0,6.0,20.0,8.0,,7.0,3.0,142.0,12.0,5.0,5.0,39.0,10.0,,4.0,18.0,5.0,10.0,7.0,23.0,4.0,3.0,1.0,1.0,2.0,2.0,12.0,4.0,,2.0,,,1.0,,,
2021-2022,Bundesliga,4dmozza23rf8nkn6pfn0f602d,I. Belfodil,Hertha BSC,14,Forward,26,17,9,14,1700,471.0,325.0,325.0,5.0,62.0,814.0,322.0,131.0,9.0,,16.0,5.0,,215.0,24.0,54.0,62.0,135.0,,,,43.0,132.0,11.0,81.0,38.0,,9.0,3.0,358.0,43.0,10.0,10.0,166.0,19.0,1.0,6.0,29.0,8.0,31.0,13.0,27.0,17.0,18.0,5.0,4.0,2.0,2.0,18.0,2.0,1.0,2.0,,1.0,1.0,,,
2021-2022,Bundesliga,a7x5shoc3g4ne9has4hys20ut,S. Jovetić,Hertha BSC,19,Forward,18,13,5,8,1063,380.0,241.0,241.0,13.0,87.0,606.0,233.0,124.0,21.0,,6.0,1.0,,121.0,15.0,30.0,35.0,70.0,,,,38.0,108.0,17.0,40.0,20.0,,5.0,3.0,232.0,20.0,5.0,4.0,71.0,8.0,4.0,2.0,22.0,3.0,33.0,17.0,12.0,15.0,16.0,6.0,6.0,5.0,4.0,13.0,11.0,,1.0,2.0,,6.0,,,
2021-2022,Bundesliga,6hgj78mr8wy2i5izf8x10ij11,K. Boateng,Hertha BSC,27,Forward,18,8,10,8,745,335.0,255.0,255.0,26.0,96.0,508.0,230.0,73.0,16.0,,11.0,6.0,,117.0,11.0,16.0,37.0,59.0,,,,44.0,61.0,21.0,43.0,26.0,,6.0,1.0,114.0,17.0,4.0,4.0,21.0,21.0,8.0,5.0,13.0,5.0,9.0,7.0,4.0,5.0,2.0,,,1.0,1.0,6.0,3.0,,,,,2.0,,,
2021-2022,Bundesliga,eg9xhi6wfp1duf01pcsn8vfmd,L. Tousart,Hertha BSC,29,Midfielder,30,22,8,4,2102,725.0,511.0,511.0,47.0,231.0,1262.0,468.0,191.0,56.0,,55.0,35.0,,196.0,47.0,81.0,86.0,165.0,,,,132.0,147.0,24.0,84.0,39.0,,42.0,17.0,176.0,45.0,12.0,11.0,69.0,32.0,3.0,25.0,18.0,24.0,15.0,8.0,17.0,7.0,7.0,2.0,2.0,4.0,4.0,22.0,14.0,1.0,,1.0,,4.0,,,
2021-2022,Bundesliga,1sjt0nj0232gu88x50c3d16nd,,Hertha BSC,32,Forward,0,0,0,0,0,,,,,,,,,,,,,,,0.0,0.0,0.0,0.0,,,,,,,,,,,,,,,,,,,,,,,,,,,,,,,,,,,,,,,,
2021-2022,Bundesliga,7kfnh06p4vnunxpic52v3ul05,C. Röcker,Hertha BSC,34,Forward,1,0,1,0,25,16.0,11.0,11.0,,4.0,21.0,11.0,5.0,4.0,,,2.0,,3.0,0.0,0.0,0.0,2.0,,,,,1.0,,2.0,,,,,1.0,2.0,,,1.0,,,,,,,,,1.0,,,,,,,,,,,,,,,
2021-2022,Bundesliga,cg6h7oq0b5zpx1g4brhzyk1xx,L. Hrádecký,Bayer Leverkusen,1,Goalkeeper,32,32,0,0,3030,1260.0,969.0,969.0,225.0,815.0,1355.0,744.0,290.0,283.0,17.0,10.0,,113.0,11.0,1.0,1.0,9.0,9.0,44.0,8.0,32.0,55.0,7.0,2.0,8.0,8.0,11.0,1.0,,,,,,,,1.0,1.0,,,,,,1.0,,,,,,,,,,,,,,,
2021-2022,Bundesliga,9qo448ueot8pfc5oqo378wag9,J. Frimpong,Bayer Leverkusen,30,Defender,25,25,0,10,2123,1211.0,957.0,957.0,52.0,238.0,1712.0,918.0,192.0,62.0,,40.0,17.0,,550.0,65.0,120.0,84.0,157.0,,,,120.0,175.0,45.0,37.0,19.0,,32.0,14.0,420.0,18.0,45.0,45.0,168.0,17.0,6.0,18.0,26.0,18.0,11.0,6.0,41.0,25.0,5.0,1.0,1.0,13.0,13.0,47.0,7.0,,6.0,,,,,,
2021-2022,Bundesliga,a41r2ob5fhirgdwxwox6nr4yx,M. Bakker,Bayer Leverkusen,5,Defender,25,19,6,6,1908,1228.0,982.0,982.0,55.0,331.0,1675.0,939.0,208.0,66.0,,42.0,23.0,,474.0,50.0,83.0,63.0,109.0,,,,147.0,167.0,19.0,26.0,13.0,,33.0,11.0,317.0,13.0,25.0,25.0,116.0,15.0,6.0,22.0,14.0,11.0,7.0,4.0,22.0,10.0,3.0,1.0,1.0,12.0,12.0,28.0,4.0,,4.0,,,2.0,,,
2021-2022,Bundesliga,4foax2b7unlkev1eq6py86lii,P. Hincapié,Bayer Leverkusen,33,Defender,27,20,7,6,1865,1198.0,967.0,967.0,52.0,378.0,1691.0,919.0,210.0,85.0,,56.0,33.0,,410.0,38.0,64.0,94.0,160.0,,,,130.0,141.0,15.0,96.0,56.0,,33.0,10.0,134.0,40.0,16.0,16.0,48.0,23.0,5.0,23.0,13.0,19.0,7.0,6.0,16.0,8.0,1.0,1.0,1.0,4.0,4.0,15.0,17.0,,1.0,,,2.0,,,
2021-2022,Bundesliga,djha3ac2mfhyb7oia64hq2nd,E. Tapsoba,Bayer Leverkusen,12,Defender,22,19,3,0,1925,1433.0,1265.0,1265.0,79.0,633.0,1883.0,1186.0,165.0,75.0,,72.0,29.0,,375.0,29.0,48.0,71.0,106.0,,,,171.0,90.0,6.0,58.0,42.0,,35.0,18.0,42.0,16.0,,,23.0,19.0,1.0,17.0,3.0,12.0,4.0,3.0,1.0,1.0,1.0,1.0,1.0,,,12.0,17.0,1.0,,,,1.0,,,
2021-2022,Bundesliga,5ec2ede9uwbft3wby33mwowyd,J. Tah,Bayer Leverkusen,4,Defender,33,33,0,4,3025,1913.0,1684.0,1684.0,84.0,777.0,2573.0,1601.0,226.0,78.0,,156.0,43.0,,553.0,34.0,47.0,130.0,172.0,,,,184.0,149.0,10.0,125.0,96.0,,25.0,7.0,83.0,29.0,1.0,1.0,46.0,19.0,4.0,18.0,10.0,11.0,12.0,9.0,6.0,8.0,3.0,2.0,2.0,1.0,1.0,16.0,24.0,1.0,2.0,,,5.0,,,
2021-2022,Bundesliga,6rg37ej1x7pwi7r4aq1107pih,E. Palacios,Bayer Leverkusen,25,Forward,23,12,11,9,1172,796.0,673.0,673.0,47.0,276.0,1101.0,630.0,108.0,30.0,,11.0,28.0,,253.0,25.0,41.0,32.0,55.0,,,,131.0,83.0,17.0,14.0,7.0,,30.0,11.0,147.0,7.0,5.0,4.0,24.0,11.0,2.0,19.0,13.0,19.0,10.0,6.0,5.0,8.0,4.0,2.0,2.0,4.0,2.0,6.0,1.0,,2.0,3.0,,7.0,,,
2021-2022,Bundesliga,2cq6ocr7j487do4nrm3sreg9h,K. Demirbay,Bayer Leverkusen,10,Midfielder,29,23,6,11,2136,1413.0,1014.0,1014.0,149.0,452.0,1928.0,921.0,228.0,99.0,,21.0,33.0,,447.0,59.0,96.0,70.0,126.0,,,,158.0,239.0,29.0,30.0,11.0,,52.0,21.0,436.0,19.0,110.0,38.0,183.0,34.0,10.0,31.0,23.0,23.0,23.0,10.0,16.0,37.0,13.0,1.0,,56.0,12.0,28.0,24.0,,6.0,116.0,1.0,6.0,,,
2021-2022,Bundesliga,bgtnbojs8g884mbksh6o4wu6t,L. Alario,Bayer Leverkusen,13,Forward,27,5,22,2,767,171.0,115.0,115.0,2.0,17.0,340.0,113.0,55.0,1.0,,6.0,1.0,,81.0,17.0,22.0,36.0,64.0,,,,13.0,55.0,8.0,42.0,19.0,,6.0,1.0,167.0,23.0,1.0,1.0,69.0,8.0,2.0,5.0,13.0,5.0,19.0,5.0,4.0,6.0,14.0,6.0,6.0,,,12.0,4.0,,,,,1.0,,,
2021-2022,Bundesliga,8mcf8c8ht32as6xxrf1gb51m2,A. Adli,Bayer Leverkusen,31,Forward,25,13,12,10,1332,516.0,371.0,371.0,6.0,105.0,877.0,370.0,118.0,12.0,,12.0,11.0,,194.0,35.0,70.0,47.0,111.0,,,,62.0,123.0,28.0,41.0,12.0,,27.0,13.0,324.0,29.0,17.0,17.0,137.0,27.0,3.0,14.0,18.0,24.0,34.0,15.0,22.0,12.0,19.0,3.0,3.0,5.0,4.0,21.0,5.0,2.0,2.0,1.0,,6.0,,,
2021-2022,Bundesliga,2k5g68ywtr79lc45wozvifqlm,F. Wirtz,Bayer Leverkusen,27,Midfielder,24,22,2,14,1898,895.0,648.0,648.0,37.0,217.0,1360.0,627.0,175.0,30.0,,4.0,13.0,,338.0,65.0,113.0,72.0,143.0,,,,106.0,194.0,25.0,30.0,7.0,,25.0,15.0,562.0,23.0,49.0,24.0,185.0,15.0,2.0,10.0,34.0,11.0,26.0,13.0,33.0,53.0,13.0,7.0,7.0,16.0,6.0,55.0,11.0,,11.0,35.0,,16.0,,,
2021-2022,Bundesliga,cu7dqkhlo7kms52cdes451bdh,P. Retsos,Bayer Leverkusen,3,Forward,4,0,4,0,46,12.0,10.0,10.0,,6.0,19.0,10.0,2.0,,,,1.0,,3.0,1.0,1.0,2.0,2.0,,,,2.0,2.0,1.0,1.0,1.0,,,,2.0,,,,2.0,,,,,,1.0,1.0,,,,,,,,1.0,,,,,,,,,
2021-2022,Bundesliga,cis0z72hgahfnfjduk7hdnz3e,O. Kossounou,Bayer Leverkusen,6,Defender,27,20,7,4,1892,1182.0,975.0,975.0,80.0,454.0,1600.0,897.0,199.0,89.0,,66.0,26.0,,355.0,29.0,43.0,59.0,99.0,,,,140.0,113.0,7.0,56.0,30.0,,23.0,6.0,101.0,26.0,3.0,3.0,31.0,15.0,3.0,17.0,10.0,22.0,3.0,2.0,8.0,3.0,1.0,,,2.0,2.0,12.0,15.0,,,,,,,,
2021-2022,Bundesliga,9c9v6wjh3fufmds8nm5aqfmcp,Paulinho,Bayer Leverkusen,7,Forward,24,14,10,11,1278,505.0,391.0,391.0,7.0,86.0,806.0,394.0,87.0,9.0,,7.0,6.0,,253.0,40.0,81.0,48.0,101.0,,,,58.0,92.0,17.0,20.0,8.0,,22.0,9.0,350.0,12.0,14.0,11.0,117.0,10.0,1.0,13.0,19.0,13.0,20.0,6.0,32.0,18.0,14.0,4.0,4.0,10.0,2.0,27.0,8.0,1.0,1.0,11.0,,2.0,,,
2021-2022,Bundesliga,4tev0kk0om8cr1xbwpt8bozit,R. Andrich,Bayer Leverkusen,8,Midfielder,26,21,5,6,1982,1011.0,811.0,811.0,34.0,299.0,1421.0,777.0,188.0,52.0,,46.0,31.0,,372.0,30.0,48.0,60.0,102.0,,,,126.0,142.0,15.0,54.0,30.0,,33.0,16.0,191.0,24.0,6.0,6.0,50.0,40.0,5.0,17.0,9.0,12.0,22.0,15.0,2.0,8.0,7.0,4.0,3.0,,,13.0,15.0,1.0,1.0,,1.0,8.0,1.0,1.0,
2021-2022,Bundesliga,7w63iqek6hmnizlirurla1cr9,N. Amiri,Bayer Leverkusen,11,Forward,13,3,10,2,420,222.0,182.0,182.0,14.0,47.0,318.0,169.0,31.0,9.0,,,5.0,,110.0,7.0,21.0,8.0,25.0,,,,30.0,29.0,11.0,4.0,1.0,,8.0,4.0,84.0,3.0,7.0,2.0,21.0,2.0,,4.0,9.0,2.0,5.0,3.0,10.0,3.0,2.0,1.0,1.0,1.0,,3.0,5.0,,,6.0,,,,,
2021-2022,Bundesliga,aze5i6ssy55jrc8k9vhrs8o9h,D. Sinkgraven,Bayer Leverkusen,22,Forward,12,3,9,3,386,204.0,163.0,163.0,14.0,53.0,278.0,150.0,33.0,17.0,,6.0,3.0,,84.0,7.0,14.0,10.0,24.0,,,,22.0,22.0,3.0,10.0,3.0,,6.0,4.0,53.0,7.0,6.0,5.0,14.0,,,2.0,5.0,2.0,1.0,,3.0,,1.0,,,1.0,1.0,5.0,1.0,,,1.0,,,,,
2021-2022,Bundesliga,6ffcfr6a1l2p5crr71rb5szys,Iker Bravo,Bayer Leverkusen,28,Forward,1,0,1,0,17,,,,,,2.0,,,,,,,,,1.0,1.0,1.0,1.0,,,,,,,,,,1.0,,1.0,,,,,,,1.0,,,,,,,,,,,,,,,,,,,,,
2021-2022,Bundesliga,byk5vhf9l112i7hhy1clravp,,Bayer Leverkusen,36,Forward,0,0,0,0,0,,,,,,,,,,,,,,,0.0,0.0,0.0,0.0,,,,,,,,,,,,,,,,,,,,,,,,,,,,,,,,,,,,,,,,
2021-2022,Bundesliga,9z1hb45wjhq63ebn88b079k2d,A. Lunev,Bayer Leverkusen,40,Forward,1,1,0,0,98,49.0,43.0,43.0,6.0,36.0,51.0,37.0,6.0,6.0,,,,1.0,,0.0,0.0,0.0,0.0,1.0,0.0,1.0,1.0,,,,,1.0,,,,,,,,,,,,,,,,,,,,,,,,,,,,,,,
2021-2022,Bundesliga,bfpax581lm91ebz4xgz40a191,K. Casteels,Wolfsburg,1,Goalkeeper,28,28,0,0,2668,1079.0,843.0,843.0,253.0,644.0,1159.0,590.0,234.0,227.0,31.0,9.0,,79.0,17.0,2.0,2.0,11.0,11.0,40.0,10.0,28.0,41.0,7.0,2.0,9.0,9.0,11.0,,,,,,,,,1.0,,,,,,,,,,,,,2.0,,,,,,,,,
2021-2022,Bundesliga,23l48u4w5nj4036whjm3s49gp,R. Baku,Wolfsburg,20,Midfielder,34,28,6,10,2569,1338.0,988.0,988.0,83.0,323.0,2006.0,928.0,266.0,75.0,,52.0,21.0,,527.0,73.0,137.0,101.0,200.0,,,,166.0,245.0,37.0,63.0,28.0,,62.0,25.0,571.0,35.0,54.0,53.0,218.0,28.0,4.0,37.0,23.0,42.0,20.0,12.0,39.0,31.0,8.0,3.0,3.0,23.0,19.0,36.0,17.0,,5.0,5.0,,2.0,,,
2021-2022,Bundesliga,e659q6lc7hc6df14k7rxh6hud,R. Steffen,Wolfsburg,11,Forward,20,13,7,12,1015,429.0,308.0,308.0,23.0,90.0,655.0,294.0,89.0,19.0,,14.0,13.0,,171.0,26.0,34.0,43.0,70.0,,,,57.0,86.0,15.0,36.0,17.0,,20.0,4.0,187.0,19.0,16.0,14.0,53.0,19.0,6.0,16.0,6.0,7.0,6.0,4.0,4.0,11.0,2.0,,,9.0,9.0,10.0,7.0,,,2.0,,1.0,,,
2021-2022,Bundesliga,a5kkysp7c5f577ji17q5v2k0l,J. Brooks,Wolfsburg,25,Defender,31,29,2,5,2754,1736.0,1442.0,1442.0,134.0,713.0,2355.0,1309.0,285.0,128.0,,125.0,41.0,,464.0,34.0,61.0,101.0,165.0,,,,188.0,160.0,16.0,104.0,67.0,,47.0,22.0,103.0,37.0,3.0,3.0,48.0,9.0,2.0,25.0,5.0,14.0,10.0,9.0,5.0,7.0,1.0,1.0,1.0,1.0,1.0,9.0,20.0,1.0,,,,1.0,,,
2021-2022,Bundesliga,bjhgmcai5irlexe7oa1g0e5sl,J. Guilavogui,Wolfsburg,23,Forward,15,10,5,4,1002,517.0,424.0,424.0,24.0,184.0,835.0,400.0,92.0,17.0,,42.0,25.0,,115.0,21.0,31.0,62.0,86.0,,,,106.0,75.0,6.0,55.0,41.0,,23.0,9.0,86.0,14.0,,,20.0,20.0,4.0,14.0,9.0,5.0,7.0,5.0,1.0,1.0,2.0,,,,,7.0,7.0,,,,,,,,
2021-2022,Bundesliga,7e7w34imugzsufvytjxytupd5,M. Lacroix,Wolfsburg,4,Defender,29,29,0,3,2667,1538.0,1240.0,1240.0,108.0,597.0,2282.0,1132.0,284.0,126.0,,144.0,60.0,,460.0,64.0,98.0,139.0,218.0,,,,183.0,165.0,25.0,120.0,75.0,,59.0,26.0,111.0,45.0,7.0,7.0,64.0,36.0,4.0,33.0,11.0,19.0,15.0,11.0,8.0,5.0,4.0,,,,,31.0,19.0,,,,,2.0,2.0,3.0,1.0
2021-2022,Bundesliga,72vim7cq99zdjjwivwtr773vu,A. Vranckx,Wolfsburg,8,Forward,24,12,12,7,1219,441.0,330.0,330.0,14.0,122.0,749.0,321.0,84.0,37.0,,16.0,13.0,,158.0,30.0,60.0,41.0,85.0,,,,74.0,67.0,16.0,25.0,11.0,,34.0,21.0,170.0,14.0,20.0,12.0,60.0,40.0,2.0,13.0,17.0,12.0,20.0,12.0,9.0,11.0,8.0,2.0,2.0,5.0,4.0,17.0,12.0,,1.0,9.0,,3.0,,,
2021-2022,Bundesliga,acxwc7xxrtyssiy390t859kgl,M. Arnold,Wolfsburg,27,Midfielder,34,34,0,3,3158,1869.0,1389.0,1389.0,197.0,624.0,2499.0,1256.0,281.0,174.0,,55.0,37.0,,631.0,32.0,51.0,65.0,112.0,,,,243.0,230.0,57.0,61.0,33.0,,37.0,17.0,427.0,28.0,123.0,48.0,139.0,47.0,4.0,20.0,17.0,28.0,31.0,16.0,2.0,34.0,15.0,4.0,2.0,64.0,37.0,12.0,23.0,,2.0,102.0,2.0,5.0,,,
2021-2022,Bundesliga,embn1jhcly07i6pjcvcdiavo5,L. Nmecha,Wolfsburg,10,Forward,25,18,7,11,1702,395.0,254.0,254.0,10.0,52.0,781.0,248.0,118.0,15.0,,10.0,4.0,,161.0,27.0,54.0,60.0,119.0,,,,47.0,120.0,29.0,65.0,33.0,,12.0,7.0,344.0,32.0,17.0,17.0,156.0,31.0,5.0,5.0,27.0,8.0,44.0,22.0,20.0,12.0,22.0,8.0,8.0,4.0,4.0,22.0,9.0,2.0,,,,2.0,,,
2021-2022,Bundesliga,9i46dpapurzdzvd7nz3be7kl,M. Philipp,Wolfsburg,17,Forward,22,12,10,12,1002,332.0,240.0,240.0,9.0,63.0,543.0,239.0,54.0,22.0,,5.0,4.0,,150.0,25.0,43.0,34.0,75.0,,,,47.0,61.0,17.0,32.0,9.0,,15.0,4.0,195.0,23.0,29.0,9.0,67.0,9.0,2.0,11.0,16.0,11.0,9.0,8.0,14.0,13.0,1.0,1.0,1.0,8.0,4.0,14.0,7.0,,4.0,24.0,,2.0,,,
2021-2022,Bundesliga,d2ykrr75737c8bzlwhjj90vkl,Y. Gerhardt,Wolfsburg,31,Forward,27,17,10,9,1659,808.0,586.0,586.0,35.0,223.0,1220.0,557.0,187.0,35.0,,25.0,25.0,,283.0,34.0,64.0,60.0,115.0,,,,115.0,178.0,24.0,51.0,26.0,,42.0,22.0,284.0,25.0,26.0,24.0,97.0,18.0,2.0,20.0,15.0,23.0,8.0,5.0,8.0,13.0,3.0,1.0,1.0,6.0,5.0,14.0,7.0,,5.0,3.0,,4.0,,,
2021-2022,Bundesliga,fr9ac60188vlmtbrcddhxii1,S. Bornauw,Wolfsburg,3,Defender,27,23,4,5,2105,1177.0,1007.0,1007.0,59.0,490.0,1643.0,948.0,165.0,65.0,,97.0,42.0,,275.0,21.0,34.0,84.0,144.0,,,,107.0,100.0,5.0,110.0,63.0,,30.0,11.0,50.0,47.0,,,43.0,22.0,3.0,19.0,3.0,21.0,12.0,8.0,2.0,2.0,4.0,1.0,1.0,,,2.0,9.0,1.0,1.0,,,,,,
2021-2022,Bundesliga,dodddfi0l5i36vlgbaybhzeqy,M. van de Ven,Wolfsburg,5,Forward,5,2,3,2,205,82.0,64.0,64.0,4.0,25.0,129.0,61.0,15.0,7.0,,8.0,2.0,,32.0,4.0,5.0,10.0,12.0,,,,15.0,10.0,1.0,7.0,6.0,,4.0,,7.0,1.0,2.0,2.0,3.0,,,4.0,,3.0,,,1.0,1.0,,,,1.0,1.0,,1.0,,1.0,,,,,,
2021-2022,Bundesliga,76h7b6dhpyotolq68f84lqifp,Paulo Otávio,Wolfsburg,6,Forward,7,5,2,4,374,202.0,141.0,141.0,22.0,41.0,287.0,122.0,36.0,14.0,,9.0,4.0,,82.0,15.0,23.0,20.0,32.0,,,,12.0,44.0,4.0,9.0,5.0,,14.0,4.0,81.0,4.0,22.0,22.0,31.0,3.0,,10.0,2.0,5.0,3.0,3.0,4.0,1.0,,,,3.0,3.0,5.0,7.0,,,,,,,,
2021-2022,Bundesliga,53ozrqkupvt2iyi2xg0swf7px,P. Pervan,Wolfsburg,12,Forward,6,6,0,0,565,207.0,159.0,159.0,30.0,121.0,228.0,129.0,48.0,45.0,2.0,3.0,,25.0,2.0,0.0,0.0,3.0,4.0,14.0,1.0,6.0,8.0,3.0,,4.0,3.0,4.0,,,,1.0,,,,,,,,,,,,,,,,,,,,,,,,,,,
2021-2022,Bundesliga,fwu0bja02waqct7l682s5mfp,K. Mbabu,Wolfsburg,19,Forward,24,14,10,5,1483,883.0,587.0,587.0,102.0,237.0,1337.0,497.0,228.0,102.0,,35.0,35.0,,282.0,53.0,117.0,84.0,171.0,,,,109.0,181.0,21.0,54.0,31.0,,31.0,11.0,369.0,23.0,55.0,55.0,136.0,24.0,4.0,20.0,13.0,17.0,3.0,3.0,53.0,14.0,,,,12.0,12.0,33.0,10.0,,,,,,,,
2021-2022,Bundesliga,6384gzzxuxs6pvmrn8qx4d7u1,F. Nmecha,Wolfsburg,22,Forward,16,1,15,1,394,124.0,88.0,88.0,3.0,25.0,224.0,85.0,32.0,2.0,,6.0,7.0,,50.0,6.0,14.0,17.0,33.0,,,,12.0,33.0,9.0,19.0,11.0,,3.0,2.0,73.0,8.0,3.0,3.0,24.0,7.0,2.0,1.0,6.0,2.0,9.0,4.0,6.0,,5.0,,,,,5.0,,,,,,1.0,,,
2021-2022,Bundesliga,5cw4n6kdaa7imeyaiuo2pnq39,D. Lukébakio,Wolfsburg,28,Forward,22,9,13,4,1163,338.0,246.0,246.0,15.0,48.0,621.0,236.0,71.0,11.0,,4.0,15.0,,166.0,35.0,67.0,47.0,97.0,,,,53.0,74.0,18.0,30.0,12.0,,9.0,4.0,226.0,18.0,14.0,13.0,87.0,19.0,2.0,5.0,21.0,7.0,18.0,9.0,28.0,10.0,9.0,2.0,1.0,5.0,5.0,30.0,3.0,,2.0,1.0,1.0,1.0,,,
2021-2022,Bundesliga,2tdooyauz5ra1a35507rvdknp,D. Ginczek,Wolfsburg,33,Forward,2,0,2,0,23,4.0,1.0,1.0,,,8.0,1.0,3.0,,,,,,1.0,0.0,0.0,0.0,0.0,,,,1.0,3.0,,,,,,,3.0,,,,2.0,,,,,,1.0,,,,1.0,,,,,,,,,,,1.0,,,
2021-2022,Bundesliga,bagn0ce4xunsiz3mezrtqx1p1,Y. Sommer,Borussia M'gladbach,1,Goalkeeper,33,33,0,0,3135,1468.0,1112.0,1112.0,242.0,899.0,1582.0,870.0,351.0,342.0,19.0,8.0,3.0,123.0,19.0,0.0,0.0,8.0,8.0,60.0,5.0,33.0,76.0,9.0,7.0,8.0,8.0,12.0,,,,,,,,,2.0,,,,,,,1.0,,,,,,,,,1.0,,,,,,
2021-2022,Bundesliga,43eq31reskwn9veb3vickralm,J. Scally,Borussia M'gladbach,29,Forward,30,20,10,4,2036,1010.0,784.0,784.0,53.0,228.0,1453.0,742.0,190.0,49.0,,38.0,22.0,,442.0,51.0,90.0,69.0,126.0,,,,89.0,165.0,36.0,36.0,18.0,,40.0,10.0,323.0,18.0,24.0,24.0,87.0,27.0,4.0,30.0,13.0,23.0,14.0,8.0,29.0,15.0,6.0,1.0,1.0,11.0,11.0,21.0,8.0,,2.0,,,3.0,,,
2021-2022,Bundesliga,dqrzogrwznyks6whhfhq748ut,R. Bensebaini,Borussia M'gladbach,25,Defender,23,22,1,1,2119,1322.0,1057.0,1057.0,91.0,433.0,1914.0,972.0,241.0,83.0,,87.0,39.0,,468.0,45.0,76.0,103.0,167.0,,,,155.0,168.0,42.0,91.0,58.0,,44.0,15.0,232.0,33.0,10.0,10.0,81.0,34.0,6.0,29.0,13.0,26.0,23.0,14.0,16.0,12.0,9.0,4.0,2.0,6.0,5.0,16.0,14.0,1.0,1.0,1.0,2.0,2.0,,,
2021-2022,Bundesliga,au5tbnn48ve4kqnuu3dhmk296,M. Koné,Borussia M'gladbach,17,Midfielder,27,26,1,14,2245,1180.0,1006.0,1006.0,26.0,411.0,1845.0,981.0,171.0,41.0,,14.0,34.0,,378.0,104.0,165.0,126.0,207.0,,,,158.0,131.0,60.0,42.0,22.0,,68.0,33.0,278.0,20.0,1.0,1.0,63.0,39.0,10.0,35.0,49.0,23.0,19.0,9.0,28.0,10.0,10.0,2.0,2.0,1.0,1.0,69.0,15.0,1.0,,,,4.0,,,
2021-2022,Bundesliga,84mp3eqt1ckw107hwxpby9cd1,M. Ginter,Borussia M'gladbach,28,Defender,28,27,1,3,2474,1773.0,1453.0,1453.0,90.0,696.0,2288.0,1370.0,285.0,133.0,,79.0,34.0,,475.0,28.0,47.0,105.0,169.0,,,,138.0,165.0,29.0,122.0,77.0,,37.0,15.0,198.0,45.0,13.0,13.0,72.0,9.0,2.0,22.0,3.0,11.0,23.0,9.0,4.0,15.0,14.0,1.0,1.0,7.0,7.0,6.0,19.0,1.0,1.0,,,3.0,,,
2021-2022,Bundesliga,8k5c8po5gx3vnxx36viq08xqt,N. Elvedi,Borussia M'gladbach,30,Defender,28,28,0,1,2599,1754.0,1615.0,1615.0,61.0,756.0,2261.0,1554.0,138.0,39.0,,83.0,34.0,,490.0,30.0,47.0,102.0,157.0,,,,158.0,99.0,21.0,110.0,72.0,,40.0,16.0,60.0,38.0,,,39.0,21.0,3.0,24.0,6.0,11.0,12.0,11.0,1.0,2.0,1.0,1.0,1.0,,,6.0,23.0,,,,,,1.0,1.0,
2021-2022,Bundesliga,7kjhx78gpi6m3r4j1b4jdyh91,J. Hofmann,Borussia M'gladbach,23,Forward,26,24,2,6,2175,1265.0,902.0,902.0,77.0,249.0,1689.0,884.0,206.0,83.0,,10.0,12.0,,557.0,41.0,74.0,45.0,93.0,,,,112.0,213.0,20.0,19.0,4.0,,30.0,10.0,595.0,15.0,90.0,44.0,265.0,23.0,1.0,20.0,23.0,23.0,35.0,13.0,23.0,51.0,22.0,12.0,12.0,59.0,14.0,21.0,19.0,,5.0,91.0,,6.0,,,
2021-2022,Bundesliga,2jc6sdkse1kxjztsgystidot1,D. Zakaria,Borussia M'gladbach,8,Midfielder,16,15,1,0,1477,819.0,732.0,732.0,27.0,312.0,1191.0,705.0,80.0,11.0,,22.0,19.0,,271.0,43.0,67.0,57.0,94.0,,,,134.0,74.0,11.0,27.0,14.0,,23.0,9.0,135.0,13.0,5.0,5.0,23.0,19.0,4.0,14.0,11.0,20.0,12.0,8.0,15.0,5.0,4.0,2.0,2.0,,,29.0,11.0,,,,,,,,
2021-2022,Bundesliga,dkve6gf309h5tglwawqx8mlzp,B. Embolo,Borussia M'gladbach,36,Forward,29,24,5,6,2280,569.0,412.0,412.0,15.0,96.0,1133.0,397.0,152.0,7.0,,8.0,6.0,,241.0,53.0,104.0,89.0,205.0,,,,60.0,147.0,71.0,101.0,36.0,,17.0,6.0,480.0,65.0,2.0,2.0,174.0,41.0,3.0,11.0,63.0,12.0,38.0,15.0,45.0,28.0,23.0,9.0,9.0,,,42.0,12.0,1.0,2.0,,,11.0,,,
2021-2022,Bundesliga,9bdxi3mvkftmqts59jptqq76d,L. Stindl,Borussia M'gladbach,13,Forward,26,20,6,13,1689,817.0,659.0,659.0,30.0,174.0,1180.0,635.0,141.0,15.0,,14.0,10.0,,395.0,24.0,39.0,37.0,84.0,,,,104.0,135.0,16.0,45.0,13.0,,23.0,8.0,334.0,32.0,9.0,8.0,99.0,30.0,10.0,15.0,18.0,26.0,28.0,12.0,7.0,25.0,16.0,4.0,4.0,6.0,4.0,9.0,17.0,2.0,4.0,3.0,,7.0,,,
2021-2022,Bundesliga,7tj7eobo7kmk8egcbfrabe8d1,A. Pléa,Borussia M'gladbach,14,Forward,33,24,9,12,2178,791.0,566.0,566.0,44.0,215.0,1217.0,531.0,187.0,27.0,,10.0,4.0,,262.0,47.0,89.0,61.0,141.0,,,,93.0,183.0,25.0,52.0,14.0,,18.0,4.0,491.0,38.0,23.0,22.0,141.0,20.0,4.0,14.0,23.0,8.0,43.0,17.0,38.0,46.0,26.0,10.0,7.0,9.0,6.0,33.0,20.0,2.0,6.0,4.0,3.0,21.0,,,
2021-2022,Bundesliga,l8bphgwl3llcckvf9zr6ptqt,P. Herrmann,Borussia M'gladbach,7,Forward,23,5,18,3,854,370.0,238.0,238.0,28.0,65.0,522.0,226.0,67.0,20.0,,8.0,6.0,,155.0,16.0,29.0,20.0,40.0,,,,42.0,95.0,8.0,11.0,4.0,,15.0,8.0,234.0,7.0,48.0,32.0,107.0,7.0,1.0,7.0,8.0,9.0,11.0,7.0,5.0,18.0,4.0,,,16.0,10.0,9.0,3.0,,5.0,22.0,,2.0,,,
2021-2022,Bundesliga,66nvc8a4kd3cyeyj3i474cudx,M. Thuram,Borussia M'gladbach,10,Forward,21,9,12,6,1048,241.0,168.0,168.0,4.0,35.0,526.0,165.0,65.0,3.0,,7.0,5.0,,92.0,29.0,47.0,62.0,109.0,,,,30.0,68.0,25.0,62.0,33.0,,6.0,1.0,255.0,29.0,6.0,6.0,114.0,12.0,2.0,5.0,26.0,5.0,24.0,13.0,17.0,12.0,11.0,3.0,3.0,1.0,1.0,24.0,8.0,1.0,,,,2.0,,,
2021-2022,Bundesliga,cgzcn8oo03wda4e5o0jxgy4tl,H. Wolf,Borussia M'gladbach,11,Forward,7,2,5,2,331,112.0,82.0,82.0,,19.0,221.0,82.0,28.0,4.0,,1.0,2.0,,52.0,18.0,37.0,20.0,47.0,,,,21.0,26.0,5.0,10.0,2.0,,23.0,11.0,79.0,8.0,2.0,2.0,22.0,10.0,2.0,12.0,3.0,10.0,3.0,1.0,8.0,1.0,2.0,,,,,6.0,3.0,,,,,2.0,,,
2021-2022,Bundesliga,22zaq3o78o5feeogqdsvig02y,L. Netz,Borussia M'gladbach,20,Forward,24,17,7,12,1447,578.0,418.0,418.0,40.0,104.0,876.0,396.0,118.0,46.0,,36.0,13.0,,258.0,21.0,48.0,28.0,68.0,,,,78.0,94.0,11.0,20.0,7.0,,25.0,14.0,225.0,13.0,22.0,10.0,95.0,7.0,1.0,11.0,14.0,20.0,9.0,4.0,13.0,13.0,5.0,,,18.0,7.0,10.0,9.0,,4.0,23.0,,1.0,,,
2021-2022,Bundesliga,slsd8022q9s3uugsafaqt2ol,T. Sippel,Borussia M'gladbach,21,Forward,1,1,0,0,91,47.0,39.0,39.0,8.0,33.0,50.0,31.0,8.0,8.0,,,,2.0,,0.0,0.0,0.0,0.0,1.0,0.0,1.0,2.0,,,,,1.0,,,,,,,,,,,,,,,,,,,,,,,,,,,,,,,
2021-2022,Bundesliga,9pi6iv3v58tzwbnaojw7udr6d,L. Bénes,Borussia M'gladbach,22,Forward,13,2,11,3,296,187.0,131.0,131.0,11.0,46.0,249.0,127.0,36.0,16.0,,5.0,2.0,,70.0,4.0,8.0,9.0,14.0,,,,17.0,31.0,9.0,6.0,5.0,,5.0,2.0,48.0,1.0,11.0,6.0,16.0,1.0,,3.0,1.0,3.0,5.0,,2.0,3.0,5.0,,,7.0,2.0,1.0,4.0,,,10.0,,,,,
2021-2022,Bundesliga,8ph29uixl5q80zj74jo339be1,T. Müsel,Borussia M'gladbach,26,Forward,1,0,1,0,8,1.0,1.0,1.0,,,2.0,1.0,,,,,,,,0.0,0.0,0.0,0.0,,,,1.0,,,,,,,,,,,,,,,,,,,,,,,,,,,,,,,,,,,,
2021-2022,Bundesliga,514es9hzl2skv9dl5cofgkogl,F. Neuhaus,Borussia M'gladbach,32,Midfielder,29,24,5,11,2206,1134.0,896.0,896.0,62.0,405.0,1665.0,836.0,217.0,47.0,,25.0,31.0,,325.0,63.0,114.0,74.0,133.0,,,,138.0,182.0,32.0,19.0,11.0,,55.0,27.0,319.0,8.0,12.0,11.0,63.0,18.0,2.0,28.0,25.0,32.0,38.0,19.0,24.0,18.0,19.0,4.0,4.0,2.0,2.0,35.0,16.0,,4.0,1.0,,11.0,,,
2021-2022,Bundesliga,dur4laerqapgnh7jw8h6rdrs9,K. Bennetts,Borussia M'gladbach,37,Forward,4,0,4,0,71,25.0,16.0,16.0,1.0,2.0,49.0,16.0,7.0,1.0,,,,,13.0,3.0,10.0,5.0,12.0,,,,4.0,7.0,,2.0,2.0,,2.0,2.0,17.0,,1.0,1.0,7.0,2.0,1.0,,,1.0,,,5.0,,,,,1.0,1.0,3.0,1.0,,,,,,,,
2021-2022,Bundesliga,clmq1s26z0i3lqr1jqnd5wzit,M. Riemann,Bochum,1,Goalkeeper,31,31,0,0,2943,1653.0,1030.0,1030.0,615.0,966.0,1762.0,415.0,614.0,601.0,27.0,12.0,1.0,115.0,3.0,0.0,3.0,8.0,12.0,45.0,7.0,31.0,62.0,13.0,5.0,9.0,8.0,10.0,1.0,1.0,1.0,1.0,,,1.0,,2.0,,,,1.0,1.0,2.0,5.0,,,,,,,,,1.0,,,,,,
2021-2022,Bundesliga,2earc7j2kp3tveehpnxtv1exh,C. Gamboa,Bochum,2,Defender,23,20,3,7,1808,984.0,682.0,682.0,131.0,322.0,1398.0,563.0,263.0,144.0,,35.0,32.0,,292.0,50.0,83.0,70.0,112.0,,,,153.0,139.0,11.0,29.0,20.0,,59.0,23.0,173.0,9.0,20.0,20.0,49.0,21.0,6.0,36.0,7.0,15.0,3.0,2.0,10.0,12.0,1.0,1.0,1.0,12.0,12.0,14.0,9.0,,1.0,,,1.0,,,
2021-2022,Bundesliga,6sc9zsev9an853nop6pn6mxg5,Danilo Soares,Bochum,3,Defender,30,30,0,4,2698,1661.0,1226.0,1226.0,161.0,480.0,2538.0,1076.0,360.0,135.0,,65.0,62.0,,629.0,107.0,179.0,154.0,256.0,,,,287.0,281.0,42.0,77.0,47.0,,109.0,38.0,458.0,30.0,56.0,56.0,108.0,34.0,4.0,71.0,20.0,54.0,8.0,7.0,34.0,17.0,1.0,,,11.0,10.0,36.0,14.0,,2.0,1.0,,2.0,,,
2021-2022,Bundesliga,82r0liyptyapc8rfuo32qcqtx,A. Losilla,Bochum,8,Midfielder,33,33,0,2,3091,1291.0,981.0,981.0,95.0,368.0,2121.0,889.0,295.0,57.0,,54.0,70.0,,423.0,58.0,101.0,177.0,291.0,,,,246.0,245.0,19.0,190.0,119.0,,67.0,28.0,274.0,71.0,7.0,7.0,92.0,47.0,5.0,39.0,19.0,24.0,27.0,18.0,15.0,14.0,9.0,2.0,2.0,3.0,3.0,19.0,16.0,1.0,,,,,,,
2021-2022,Bundesliga,8ksi5s9he1uxai3lfcq46grf9,E. Mašović,Bochum,4,Defender,20,17,3,0,1649,676.0,522.0,522.0,46.0,162.0,1019.0,476.0,152.0,86.0,,65.0,34.0,,254.0,22.0,40.0,50.0,92.0,,,,104.0,66.0,7.0,52.0,28.0,,37.0,17.0,19.0,24.0,,,12.0,16.0,7.0,20.0,,11.0,5.0,4.0,1.0,,1.0,,,,,2.0,21.0,,,,,,,,
2021-2022,Bundesliga,b7fqivvacy7mmarlp180k276d,V. Lampropoulos,Bochum,24,Defender,13,13,0,1,1228,443.0,358.0,358.0,54.0,148.0,674.0,304.0,81.0,45.0,,56.0,17.0,,142.0,12.0,18.0,42.0,64.0,,,,52.0,38.0,4.0,46.0,30.0,,18.0,6.0,24.0,16.0,2.0,2.0,11.0,6.0,1.0,12.0,4.0,11.0,5.0,3.0,,1.0,2.0,,,,,,10.0,,,,,,,,
2021-2022,Bundesliga,8sb9g1r6x38psqbg0j1ce28d1,E. Löwen,Bochum,38,Midfielder,26,15,11,11,1497,684.0,400.0,400.0,64.0,183.0,1083.0,376.0,159.0,71.0,,15.0,9.0,,199.0,39.0,72.0,58.0,123.0,,,,97.0,165.0,11.0,51.0,19.0,,33.0,11.0,422.0,32.0,77.0,43.0,154.0,19.0,,22.0,21.0,15.0,27.0,13.0,22.0,28.0,14.0,2.0,1.0,40.0,18.0,17.0,13.0,,2.0,56.0,1.0,1.0,,,
2021-2022,Bundesliga,4kolmisdpprx0wrahisadl5n9,E. Rexhbeçaj,Bochum,20,Midfielder,32,30,2,17,2612,821.0,524.0,524.0,42.0,228.0,1410.0,495.0,243.0,74.0,,15.0,27.0,,234.0,37.0,82.0,65.0,150.0,,,,181.0,203.0,60.0,68.0,28.0,,43.0,23.0,333.0,40.0,34.0,26.0,86.0,34.0,5.0,20.0,31.0,35.0,23.0,17.0,22.0,19.0,6.0,,,13.0,6.0,17.0,17.0,,1.0,15.0,,4.0,,,
2021-2022,Bundesliga,8czesxhh2bedy0ukqb95rk82d,S. Polter,Bochum,40,Forward,33,27,6,14,2447,501.0,268.0,268.0,6.0,82.0,1060.0,263.0,223.0,13.0,,24.0,2.0,,148.0,7.0,24.0,119.0,236.0,,,,61.0,216.0,36.0,212.0,112.0,,9.0,6.0,500.0,100.0,6.0,6.0,219.0,75.0,2.0,3.0,34.0,10.0,47.0,24.0,11.0,22.0,23.0,10.0,9.0,1.0,1.0,4.0,14.0,5.0,,,1.0,3.0,,,
2021-2022,Bundesliga,2bzdn7cqqonejqmlq85w8z6qd,T. Asano,Bochum,10,Forward,27,20,7,17,1668,378.0,237.0,237.0,5.0,71.0,763.0,239.0,106.0,15.0,,7.0,7.0,,127.0,26.0,56.0,41.0,113.0,,,,86.0,118.0,27.0,57.0,15.0,,11.0,5.0,347.0,42.0,27.0,27.0,136.0,17.0,1.0,6.0,19.0,13.0,23.0,12.0,25.0,17.0,11.0,3.0,3.0,7.0,7.0,20.0,11.0,,5.0,,,4.0,,,
2021-2022,Bundesliga,3nins3wtqjz9vt8q06s087vth,G. Holtmann,Bochum,17,Forward,29,23,6,19,1887,356.0,225.0,225.0,13.0,68.0,824.0,225.0,68.0,19.0,,7.0,8.0,,123.0,53.0,120.0,58.0,158.0,,,,76.0,96.0,13.0,38.0,5.0,,15.0,6.0,447.0,33.0,47.0,47.0,189.0,22.0,,9.0,39.0,26.0,38.0,20.0,61.0,30.0,18.0,5.0,5.0,13.0,13.0,44.0,10.0,,4.0,,,4.0,,,
2021-2022,Bundesliga,4y167h8sn9cnyrvb097lf8lbd,P. Osterhage,Bochum,6,Forward,13,6,7,3,639,198.0,147.0,147.0,8.0,37.0,367.0,141.0,42.0,13.0,,8.0,11.0,,84.0,12.0,17.0,26.0,44.0,,,,48.0,36.0,7.0,27.0,14.0,,9.0,3.0,98.0,13.0,7.0,4.0,33.0,5.0,2.0,6.0,13.0,6.0,1.0,,2.0,3.0,1.0,,,2.0,1.0,6.0,4.0,,2.0,4.0,,,,,
2021-2022,Bundesliga,6vn561b5fh9h35603ntwu1cr9,D. Blum,Bochum,7,Forward,13,2,11,2,395,181.0,104.0,104.0,15.0,33.0,275.0,97.0,45.0,16.0,,1.0,2.0,,66.0,6.0,10.0,20.0,35.0,,,,23.0,52.0,3.0,25.0,14.0,,2.0,1.0,131.0,11.0,23.0,17.0,50.0,3.0,,1.0,3.0,4.0,11.0,6.0,3.0,8.0,5.0,2.0,1.0,8.0,3.0,5.0,,,,11.0,1.0,,,,
2021-2022,Bundesliga,8ylspvm8zqfxa0xxmsizblo7p,,Bochum,13,Forward,0,0,0,0,0,,,,,,,,,,,,,,,0.0,0.0,0.0,0.0,,,,,,,,,,,,,,,,,,,,,,,,,,,,,,,,,,,,,,,,
2021-2022,Bundesliga,4wcgyulqtbcixkdo7bzshtyhh,S. Novothny,Bochum,15,Forward,6,0,6,0,103,18.0,12.0,12.0,1.0,7.0,38.0,11.0,6.0,1.0,,2.0,,,2.0,1.0,1.0,3.0,10.0,,,,2.0,5.0,2.0,9.0,2.0,,1.0,,13.0,7.0,,,5.0,2.0,,1.0,,1.0,3.0,2.0,,,1.0,1.0,1.0,,,,,1.0,,,,,,,
2021-2022,Bundesliga,11dqnpwlb2clu2v7rnghsrlcl,K. Stafylidis,Bochum,16,Forward,24,15,9,7,1498,714.0,482.0,482.0,95.0,193.0,1070.0,405.0,167.0,81.0,,44.0,31.0,,250.0,32.0,54.0,57.0,104.0,,,,91.0,132.0,19.0,50.0,25.0,,39.0,12.0,218.0,25.0,46.0,38.0,66.0,12.0,3.0,27.0,10.0,13.0,9.0,4.0,10.0,11.0,5.0,,,18.0,14.0,5.0,13.0,,1.0,12.0,,1.0,1.0,1.0,
2021-2022,Bundesliga,de3mpa534obonqn4h2v10f6xh,M. Esser,Bochum,21,Forward,3,3,0,0,288,135.0,81.0,81.0,25.0,68.0,144.0,56.0,53.0,51.0,1.0,2.0,,14.0,,0.0,0.0,1.0,1.0,7.0,0.0,3.0,4.0,2.0,,1.0,1.0,1.0,,,,,,,,,,,,,,,,,,,,,,,,,,,,,,,
2021-2022,Bundesliga,ejww8hjcn4y4hlik863vaw3qh,C. Antwi-Adjei,Bochum,22,Forward,25,12,13,9,1210,264.0,158.0,158.0,12.0,48.0,596.0,149.0,75.0,22.0,,8.0,1.0,,95.0,31.0,64.0,43.0,118.0,,,,53.0,80.0,29.0,54.0,12.0,,24.0,6.0,323.0,42.0,27.0,27.0,154.0,15.0,2.0,18.0,18.0,13.0,24.0,14.0,27.0,7.0,10.0,1.0,1.0,3.0,2.0,13.0,5.0,,1.0,1.0,,3.0,,,
2021-2022,Bundesliga,dadiwuzf33969g3808sdd9brp,M. Pantović,Bochum,27,Forward,28,18,10,15,1598,510.0,301.0,301.0,28.0,101.0,824.0,296.0,141.0,39.0,,14.0,18.0,,173.0,16.0,35.0,27.0,73.0,,,,89.0,144.0,32.0,38.0,11.0,,19.0,9.0,282.0,27.0,42.0,29.0,121.0,25.0,2.0,10.0,12.0,22.0,20.0,9.0,10.0,25.0,11.0,4.0,3.0,23.0,7.0,6.0,7.0,1.0,3.0,29.0,1.0,2.0,,,
2021-2022,Bundesliga,7zkku0gboniozaks9yx0ous8a,A. Bella-Kotchap,Bochum,37,Defender,22,20,2,2,1860,765.0,584.0,584.0,65.0,222.0,1182.0,520.0,177.0,93.0,,88.0,43.0,,246.0,22.0,37.0,59.0,91.0,,,,128.0,85.0,27.0,54.0,37.0,,34.0,14.0,48.0,17.0,1.0,1.0,24.0,26.0,5.0,20.0,5.0,6.0,12.0,7.0,1.0,1.0,5.0,,,1.0,1.0,2.0,17.0,,,,,,,,
2021-2022,Bundesliga,dduj8a3ejx8nmozrlpsa3rj6d,A. Luthe,Union Berlin,1,Goalkeeper,27,27,0,0,2556,1005.0,660.0,660.0,212.0,532.0,1067.0,448.0,341.0,331.0,29.0,11.0,,71.0,17.0,0.0,0.0,7.0,7.0,39.0,6.0,27.0,33.0,10.0,3.0,7.0,7.0,9.0,,,,,,,,1.0,3.0,,,,,,,,,,,,,,,,,,,,,,
2021-2022,Bundesliga,52t6t7cdsr0fjs9ukmwo9y7rp,C. Trimmel,Union Berlin,28,Midfielder,25,23,2,9,2068,1142.0,721.0,721.0,91.0,262.0,1633.0,668.0,261.0,138.0,,75.0,34.0,,372.0,49.0,78.0,78.0,126.0,,,,145.0,233.0,6.0,48.0,29.0,,49.0,19.0,408.0,19.0,110.0,67.0,197.0,29.0,5.0,30.0,12.0,17.0,17.0,12.0,10.0,19.0,5.0,2.0,2.0,38.0,20.0,19.0,6.0,1.0,2.0,61.0,,3.0,,,
2021-2022,Bundesliga,emtrl7rrhp3ybsibf1f89kyj9,N. Gießelmann,Union Berlin,23,Midfielder,28,25,3,11,2165,1123.0,735.0,735.0,111.0,283.0,1471.0,659.0,274.0,142.0,,29.0,18.0,,384.0,21.0,44.0,45.0,97.0,,,,81.0,208.0,33.0,53.0,24.0,,24.0,7.0,452.0,29.0,76.0,58.0,211.0,23.0,3.0,17.0,9.0,22.0,22.0,10.0,16.0,21.0,12.0,3.0,3.0,35.0,17.0,4.0,9.0,1.0,5.0,36.0,,1.0,,,
2021-2022,Bundesliga,d3xe46be1ajvxzxzboiaoy385,T. Baumgartl,Union Berlin,25,Defender,25,25,0,3,2257,1205.0,944.0,944.0,87.0,500.0,1695.0,863.0,246.0,93.0,,58.0,37.0,,306.0,32.0,66.0,85.0,162.0,,,,127.0,157.0,13.0,96.0,53.0,,59.0,31.0,118.0,43.0,4.0,4.0,71.0,24.0,5.0,28.0,8.0,16.0,11.0,4.0,3.0,5.0,7.0,1.0,1.0,6.0,6.0,4.0,15.0,,1.0,,,,,,
2021-2022,Bundesliga,cab22ojcuhdzdwmbtl20n8i51,R. Knoche,Union Berlin,31,Defender,33,33,0,0,3124,1725.0,1353.0,1353.0,180.0,697.0,2455.0,1173.0,366.0,203.0,,151.0,49.0,,335.0,38.0,67.0,101.0,185.0,,,,247.0,163.0,13.0,118.0,63.0,,50.0,26.0,65.0,55.0,,,40.0,26.0,6.0,24.0,5.0,19.0,9.0,6.0,3.0,2.0,3.0,,,,,14.0,27.0,,,,,2.0,,,
2021-2022,Bundesliga,87jamhsc8ps9kh5432u36kjc9,P. Jaeckel,Union Berlin,3,Defender,24,22,2,0,2162,1142.0,905.0,905.0,94.0,396.0,1704.0,811.0,231.0,108.0,,81.0,57.0,,384.0,48.0,76.0,95.0,175.0,,,,150.0,127.0,13.0,99.0,47.0,,51.0,22.0,50.0,52.0,4.0,4.0,20.0,28.0,5.0,29.0,5.0,24.0,2.0,2.0,6.0,1.0,,,,,,19.0,11.0,,,,,,,,
2021-2022,Bundesliga,254i1zsifi2er9rvuxgi9katx,G. Haraguchi,Union Berlin,24,Midfielder,30,23,7,23,1787,546.0,392.0,392.0,22.0,141.0,928.0,373.0,139.0,31.0,,15.0,26.0,,175.0,33.0,58.0,48.0,97.0,,,,99.0,117.0,30.0,39.0,15.0,,37.0,17.0,231.0,24.0,9.0,9.0,53.0,27.0,2.0,20.0,14.0,22.0,22.0,16.0,8.0,22.0,6.0,2.0,2.0,3.0,3.0,13.0,10.0,1.0,5.0,,,1.0,,,
2021-2022,Bundesliga,57c808184l80uuuv7z3flcu6t,G. Prömel,Union Berlin,21,Midfielder,29,28,1,7,2527,949.0,712.0,712.0,47.0,213.0,1526.0,666.0,227.0,41.0,,22.0,23.0,,406.0,38.0,67.0,74.0,139.0,,,,187.0,191.0,57.0,72.0,36.0,,36.0,14.0,326.0,36.0,5.0,5.0,114.0,37.0,5.0,22.0,29.0,15.0,30.0,18.0,15.0,12.0,12.0,8.0,8.0,1.0,1.0,16.0,10.0,3.0,2.0,,,1.0,,,
2021-2022,Bundesliga,55eiicx10oqok1601fqyovt1x,T. Awoniyi,Union Berlin,14,Forward,31,29,2,28,2189,474.0,310.0,310.0,4.0,85.0,1135.0,309.0,150.0,10.0,,29.0,2.0,,176.0,42.0,79.0,96.0,234.0,,,,82.0,147.0,23.0,155.0,54.0,,11.0,4.0,512.0,101.0,7.0,7.0,206.0,25.0,1.0,7.0,41.0,9.0,61.0,28.0,33.0,22.0,33.0,15.0,13.0,3.0,3.0,35.0,9.0,,1.0,,2.0,5.0,,,
2021-2022,Bundesliga,cywgibmici8hwp1ad1nhk3ufp,S. Becker,Union Berlin,27,Forward,28,22,6,18,1811,605.0,342.0,342.0,26.0,108.0,960.0,348.0,137.0,33.0,,4.0,2.0,,201.0,30.0,54.0,41.0,104.0,,,,96.0,196.0,25.0,50.0,11.0,,9.0,3.0,498.0,39.0,92.0,92.0,209.0,26.0,4.0,6.0,19.0,11.0,28.0,10.0,21.0,33.0,18.0,4.0,4.0,32.0,31.0,24.0,9.0,1.0,6.0,1.0,,3.0,,,
2021-2022,Bundesliga,1vv29mash2uijx542ssjk666t,R. Khedira,Union Berlin,8,Midfielder,32,32,0,8,2872,947.0,679.0,679.0,42.0,233.0,1518.0,643.0,240.0,49.0,,27.0,50.0,,335.0,49.0,94.0,88.0,175.0,,,,193.0,208.0,35.0,81.0,39.0,,75.0,37.0,230.0,42.0,17.0,17.0,75.0,55.0,6.0,38.0,12.0,13.0,8.0,6.0,8.0,7.0,2.0,,,6.0,6.0,11.0,13.0,,1.0,,,1.0,,,
2021-2022,Bundesliga,ckjid5lfgbx8tdyoi32vbwn9x,M. Friedrich,Union Berlin,5,Defender,21,20,1,2,1864,1107.0,886.0,886.0,63.0,420.0,1547.0,825.0,214.0,112.0,,73.0,28.0,,295.0,18.0,41.0,76.0,139.0,,,,117.0,105.0,4.0,98.0,58.0,,31.0,18.0,94.0,40.0,3.0,3.0,58.0,16.0,4.0,13.0,5.0,8.0,16.0,10.0,5.0,2.0,6.0,,,2.0,2.0,5.0,14.0,,,,,,,1.0,1.0
2021-2022,Bundesliga,cl6720rdjeubt0bc3su0qg3qh,J. Ryerson,Union Berlin,6,Forward,28,13,15,2,1553,650.0,465.0,465.0,43.0,151.0,1018.0,439.0,131.0,50.0,,32.0,16.0,,265.0,34.0,66.0,52.0,113.0,,,,113.0,116.0,14.0,47.0,18.0,,27.0,12.0,275.0,29.0,35.0,35.0,108.0,12.0,3.0,15.0,16.0,8.0,13.0,7.0,20.0,15.0,6.0,2.0,2.0,17.0,16.0,19.0,8.0,,1.0,1.0,,,,,
2021-2022,Bundesliga,e482cluaxyc6o2auawo9d7npx,L. Öztunalı,Union Berlin,7,Forward,18,5,13,5,636,173.0,111.0,111.0,12.0,35.0,340.0,105.0,48.0,13.0,,12.0,4.0,,66.0,15.0,24.0,26.0,51.0,,,,40.0,41.0,8.0,27.0,11.0,,14.0,3.0,118.0,16.0,6.0,6.0,38.0,15.0,,11.0,9.0,3.0,6.0,4.0,6.0,5.0,2.0,,,6.0,6.0,4.0,1.0,,,,,1.0,,,
2021-2022,Bundesliga,jd6r9r6qks5t795uvt8x3g0l,A. Voglsammer,Union Berlin,9,Forward,32,5,27,5,998,245.0,139.0,139.0,12.0,44.0,490.0,133.0,83.0,13.0,,7.0,3.0,,75.0,20.0,36.0,55.0,118.0,,,,27.0,85.0,16.0,82.0,35.0,,14.0,5.0,231.0,47.0,15.0,15.0,102.0,16.0,1.0,9.0,8.0,7.0,29.0,14.0,11.0,10.0,15.0,2.0,2.0,6.0,6.0,11.0,6.0,2.0,1.0,,,2.0,,,
2021-2022,Bundesliga,7424gvk9hiq5up61dj181y66t,K. Behrens,Union Berlin,17,Forward,24,2,22,2,604,195.0,125.0,125.0,3.0,29.0,392.0,122.0,67.0,3.0,,7.0,3.0,,75.0,6.0,11.0,51.0,96.0,,,,25.0,66.0,5.0,85.0,45.0,,3.0,1.0,177.0,40.0,2.0,2.0,69.0,15.0,1.0,2.0,6.0,3.0,14.0,7.0,4.0,6.0,7.0,2.0,2.0,,,4.0,2.0,,1.0,,,,,,
2021-2022,Bundesliga,8l1mv5qd9vwade754v3l8epjp,F. Rønnow,Union Berlin,19,Forward,7,7,0,0,662,257.0,168.0,168.0,60.0,147.0,274.0,108.0,88.0,87.0,11.0,1.0,,14.0,,0.0,0.0,4.0,4.0,5.0,2.0,7.0,8.0,1.0,1.0,4.0,4.0,4.0,,,,,,,,,1.0,,,,,,,,,,,,,,,,,,,,,,
2021-2022,Bundesliga,6ip499j2lytqs88l3lc9yxcr9,B. Oczipka,Union Berlin,20,Forward,18,9,9,4,992,561.0,379.0,379.0,42.0,138.0,779.0,360.0,118.0,54.0,,21.0,12.0,,192.0,30.0,49.0,40.0,63.0,,,,77.0,104.0,13.0,14.0,10.0,,24.0,9.0,199.0,4.0,40.0,28.0,78.0,10.0,1.0,15.0,6.0,8.0,4.0,3.0,10.0,10.0,1.0,,,23.0,16.0,15.0,3.0,,1.0,19.0,,,,,
2021-2022,Bundesliga,56akt1tmzo2adv8elthwfvt91,K. Möhwald,Union Berlin,30,Forward,16,3,13,3,409,187.0,144.0,144.0,9.0,46.0,287.0,136.0,36.0,10.0,,6.0,3.0,,70.0,3.0,13.0,6.0,19.0,,,,30.0,32.0,4.0,6.0,3.0,,7.0,6.0,74.0,3.0,6.0,6.0,16.0,6.0,2.0,1.0,6.0,3.0,8.0,6.0,4.0,2.0,2.0,,,1.0,1.0,2.0,2.0,,,,,1.0,,,
2021-2022,Bundesliga,f1x94ackj7vsp7pnz56qxqhn9,C. Teuchert,Union Berlin,36,Forward,6,0,6,0,127,28.0,19.0,19.0,1.0,7.0,62.0,18.0,7.0,2.0,,,,,10.0,2.0,5.0,4.0,9.0,,,,9.0,6.0,1.0,4.0,2.0,,3.0,1.0,20.0,2.0,1.0,1.0,9.0,1.0,,2.0,2.0,1.0,2.0,1.0,2.0,2.0,1.0,,,,,,1.0,,,,,1.0,,,
2021-2022,Bundesliga,64pzn3jdqo6y2izlpm8n3tvpx,M. Neuer,Bayern München,1,Goalkeeper,28,28,0,1,2627,1255.0,1097.0,1097.0,226.0,942.0,1366.0,871.0,154.0,141.0,9.0,7.0,,64.0,12.0,1.0,2.0,6.0,9.0,26.0,10.0,28.0,85.0,13.0,1.0,7.0,5.0,7.0,2.0,1.0,,2.0,,,,,,1.0,,,,,,,,,,,,,,,,,,,,,
2021-2022,Bundesliga,4skrm2y64va3y5jk70gz4ylpm,J. Stanišić,Bayern München,44,Forward,13,6,7,4,682,587.0,505.0,505.0,28.0,157.0,754.0,480.0,72.0,19.0,,10.0,11.0,,291.0,15.0,31.0,22.0,44.0,,,,54.0,60.0,1.0,13.0,7.0,,21.0,11.0,142.0,6.0,7.0,7.0,46.0,4.0,1.0,10.0,6.0,7.0,4.0,1.0,5.0,1.0,3.0,1.0,1.0,3.0,2.0,5.0,,1.0,,1.0,,,,,
2021-2022,Bundesliga,582uvj0i3dvm0zwbou9q68pgp,A. Davies,Bayern München,19,Defender,22,20,2,6,1828,1322.0,1097.0,1097.0,45.0,264.0,1882.0,1061.0,184.0,37.0,,26.0,23.0,,671.0,97.0,170.0,108.0,198.0,,,,144.0,179.0,27.0,28.0,11.0,,34.0,17.0,669.0,17.0,32.0,32.0,202.0,15.0,3.0,17.0,24.0,26.0,15.0,9.0,56.0,32.0,6.0,,,9.0,9.0,80.0,4.0,,3.0,,,4.0,,,
2021-2022,Bundesliga,d68byfvk16giaur32gqwpwded,C. Tolisso,Bayern München,24,Forward,15,8,7,7,745,550.0,476.0,476.0,35.0,201.0,719.0,442.0,67.0,11.0,,10.0,9.0,,187.0,6.0,13.0,18.0,40.0,,,,59.0,61.0,6.0,27.0,12.0,,11.0,6.0,143.0,15.0,5.0,5.0,33.0,13.0,,5.0,3.0,4.0,13.0,10.0,1.0,14.0,3.0,2.0,2.0,1.0,1.0,1.0,5.0,1.0,1.0,,,7.0,,,
2021-2022,Bundesliga,4vy3j1o829f561jf4fqum7ob9,N. Süle,Bayern München,4,Defender,28,19,9,4,1951,1767.0,1583.0,1583.0,111.0,816.0,2149.0,1475.0,173.0,47.0,,49.0,28.0,,468.0,31.0,43.0,71.0,95.0,,,,158.0,130.0,1.0,52.0,40.0,,29.0,6.0,131.0,12.0,4.0,4.0,44.0,10.0,2.0,23.0,4.0,4.0,11.0,5.0,6.0,7.0,6.0,1.0,1.0,3.0,2.0,8.0,17.0,,1.0,1.0,,1.0,,,
2021-2022,Bundesliga,c80tzy7t4hoa8fpbek1od4lw5,L. Hernández,Bayern München,21,Defender,25,25,0,11,2088,1995.0,1780.0,1780.0,97.0,889.0,2467.0,1686.0,204.0,75.0,,54.0,28.0,,619.0,48.0,76.0,88.0,140.0,,,,179.0,135.0,36.0,64.0,40.0,,50.0,19.0,190.0,24.0,6.0,6.0,37.0,22.0,7.0,31.0,6.0,11.0,2.0,1.0,9.0,9.0,1.0,,,3.0,3.0,17.0,13.0,,2.0,,,,,,
2021-2022,Bundesliga,1u1u438ql6xrordkb65wsxo7p,K. Coman,Bayern München,11,Midfielder,21,16,5,12,1400,707.0,524.0,524.0,33.0,102.0,1104.0,514.0,98.0,18.0,,5.0,8.0,,367.0,56.0,103.0,65.0,126.0,,,,78.0,139.0,22.0,23.0,9.0,,14.0,6.0,618.0,14.0,59.0,57.0,244.0,9.0,1.0,8.0,29.0,14.0,33.0,13.0,41.0,18.0,20.0,6.0,6.0,23.0,18.0,48.0,13.0,,3.0,7.0,,4.0,1.0,1.0,
2021-2022,Bundesliga,97nv3y9z2ajz6b4ynoo0jn3kl,J. Kimmich,Bayern München,6,Midfielder,28,28,0,4,2596,2595.0,2096.0,2096.0,188.0,866.0,3187.0,1989.0,286.0,116.0,,29.0,52.0,,962.0,41.0,80.0,57.0,114.0,,,,218.0,285.0,46.0,34.0,16.0,,39.0,19.0,760.0,18.0,115.0,29.0,221.0,20.0,4.0,20.0,18.0,26.0,20.0,11.0,20.0,61.0,9.0,3.0,3.0,81.0,14.0,21.0,15.0,,13.0,153.0,,20.0,,,
2021-2022,Bundesliga,afxjicw89683nlpms9yy5x51x,R. Lewandowski,Bayern München,9,Forward,34,34,0,6,3077,767.0,570.0,570.0,16.0,135.0,1440.0,559.0,166.0,13.0,,8.0,6.0,,338.0,51.0,96.0,104.0,207.0,,,,72.0,174.0,37.0,111.0,53.0,,10.0,7.0,848.0,58.0,21.0,21.0,364.0,22.0,2.0,3.0,55.0,15.0,128.0,48.0,38.0,30.0,80.0,35.0,30.0,5.0,5.0,48.0,35.0,6.0,3.0,,5.0,10.0,,,
2021-2022,Bundesliga,4fq74wp7xzwm214veuxqpdz9x,T. Müller,Bayern München,25,Midfielder,32,32,0,20,2619,1516.0,1096.0,1096.0,39.0,298.0,2008.0,1078.0,319.0,62.0,,12.0,15.0,,638.0,33.0,60.0,64.0,147.0,,,,94.0,327.0,22.0,87.0,31.0,,35.0,15.0,992.0,56.0,70.0,62.0,319.0,11.0,,20.0,26.0,31.0,44.0,17.0,12.0,64.0,27.0,8.0,8.0,21.0,17.0,13.0,13.0,,17.0,12.0,,17.0,,,
2021-2022,Bundesliga,4603xrdk721lqhd1ejn62x5n9,L. Sané,Bayern München,10,Midfielder,32,22,10,14,2051,996.0,800.0,800.0,27.0,205.0,1520.0,794.0,151.0,11.0,,2.0,12.0,,500.0,77.0,149.0,79.0,158.0,,,,106.0,161.0,24.0,9.0,2.0,,28.0,12.0,741.0,7.0,21.0,15.0,198.0,25.0,3.0,16.0,43.0,18.0,68.0,36.0,60.0,41.0,32.0,7.0,6.0,21.0,11.0,61.0,21.0,,9.0,16.0,1.0,6.0,,,
2021-2022,Bundesliga,x4qyxhfr2vi007sazoqe5vit,D. Upamecano,Bayern München,2,Defender,28,25,3,2,2336,2277.0,2048.0,2048.0,150.0,1074.0,2902.0,1898.0,224.0,83.0,,71.0,32.0,,534.0,53.0,82.0,115.0,187.0,,,,249.0,143.0,11.0,105.0,62.0,,66.0,24.0,144.0,43.0,2.0,2.0,36.0,28.0,4.0,42.0,8.0,10.0,9.0,7.0,5.0,10.0,2.0,1.0,1.0,,,11.0,12.0,1.0,5.0,,,3.0,,,
2021-2022,Bundesliga,adanuzztvgemcbqa2xwupdcdl,O. Richards,Bayern München,3,Forward,12,5,7,4,450,361.0,311.0,311.0,11.0,80.0,471.0,301.0,42.0,8.0,,7.0,4.0,,183.0,23.0,34.0,25.0,41.0,,,,28.0,41.0,22.0,7.0,2.0,,19.0,7.0,143.0,5.0,7.0,7.0,35.0,15.0,1.0,12.0,5.0,6.0,3.0,3.0,4.0,3.0,,,,1.0,1.0,11.0,2.0,,,,,,,,
2021-2022,Bundesliga,yq0cm7vwr0tkv7nvt9vo77bp,B. Pavard,Bayern München,5,Defender,25,24,1,5,2216,2114.0,1828.0,1828.0,101.0,807.0,2512.0,1737.0,244.0,74.0,,50.0,36.0,,720.0,23.0,39.0,68.0,100.0,,,,139.0,199.0,10.0,61.0,45.0,,35.0,15.0,372.0,16.0,29.0,29.0,91.0,17.0,2.0,20.0,5.0,12.0,13.0,10.0,1.0,18.0,3.0,,,10.0,10.0,3.0,21.0,,1.0,,,2.0,1.0,1.0,
2021-2022,Bundesliga,4ysxvym6ww4f9d3hflkqsbf11,S. Gnabry,Bayern München,7,Midfielder,34,25,9,15,2275,1356.0,1043.0,1043.0,42.0,248.0,1941.0,1021.0,223.0,35.0,,3.0,14.0,,646.0,94.0,161.0,101.0,195.0,,,,146.0,251.0,21.0,34.0,7.0,,47.0,16.0,927.0,27.0,63.0,52.0,301.0,11.0,,31.0,21.0,26.0,48.0,22.0,51.0,48.0,26.0,14.0,14.0,20.0,11.0,63.0,20.0,,7.0,20.0,,15.0,,,
2021-2022,Bundesliga,8cho2d1nz18i5o0zt6aysd68l,M. Sabitzer,Bayern München,18,Forward,27,8,19,7,1039,761.0,614.0,614.0,34.0,194.0,980.0,582.0,126.0,19.0,,10.0,10.0,,328.0,13.0,29.0,24.0,50.0,,,,71.0,122.0,15.0,21.0,11.0,,20.0,12.0,272.0,10.0,15.0,15.0,53.0,17.0,1.0,8.0,13.0,7.0,15.0,9.0,4.0,11.0,6.0,1.0,1.0,2.0,2.0,5.0,7.0,,1.0,,,2.0,,,
2021-2022,Bundesliga,4r6jcuotjs6rz8iwu20996z85,Marc Roca,Bayern München,22,Forward,9,4,5,4,407,289.0,250.0,250.0,12.0,109.0,385.0,240.0,34.0,10.0,,4.0,6.0,,100.0,10.0,15.0,10.0,20.0,,,,31.0,27.0,4.0,5.0,,,9.0,2.0,83.0,5.0,3.0,1.0,9.0,10.0,,7.0,3.0,6.0,2.0,2.0,3.0,4.0,,,,2.0,,3.0,3.0,,,4.0,,4.0,,,
2021-2022,Bundesliga,2lwjtphx3bkjty9sds520l1ey,T. Nianzou,Bayern München,23,Forward,17,6,11,3,643,539.0,491.0,491.0,25.0,238.0,681.0,467.0,47.0,16.0,,17.0,7.0,,142.0,12.0,18.0,33.0,53.0,,,,32.0,31.0,8.0,35.0,21.0,,11.0,4.0,50.0,14.0,,,17.0,13.0,4.0,7.0,4.0,5.0,6.0,5.0,2.0,3.0,1.0,1.0,1.0,1.0,1.0,5.0,2.0,1.0,1.0,,,,,,
2021-2022,Bundesliga,f25vq95i4fayxcel0nr9uyl0p,C. Früchtl,Bayern München,36,Forward,1,0,1,0,14,4.0,4.0,4.0,1.0,4.0,5.0,3.0,,,,,,,,0.0,0.0,0.0,0.0,,,,1.0,,,,,,,,,,,,,,,,,,,,,,,,,,,,,,,,,,,,
2021-2022,Bundesliga,bhsdzppop8jwjsxwftizot1t6,J. Musiala,Bayern München,42,Forward,30,12,18,7,1571,710.0,594.0,594.0,13.0,177.0,1232.0,582.0,106.0,11.0,,2.0,19.0,,309.0,83.0,144.0,88.0,162.0,,,,115.0,99.0,20.0,18.0,5.0,,40.0,14.0,536.0,13.0,4.0,4.0,154.0,17.0,2.0,26.0,40.0,25.0,30.0,15.0,47.0,26.0,15.0,5.0,5.0,1.0,1.0,57.0,11.0,,5.0,,,4.0,,,
2021-2022,Bundesliga,ns0d3voludn8of98yc2e6ehh,D. Heintz,Freiburg,23,Forward,8,7,1,7,499,281.0,225.0,225.0,21.0,108.0,378.0,204.0,54.0,24.0,,14.0,8.0,,84.0,8.0,12.0,16.0,33.0,,,,26.0,31.0,2.0,21.0,8.0,,8.0,3.0,15.0,13.0,1.0,1.0,6.0,6.0,,5.0,,3.0,1.0,,1.0,1.0,1.0,,,,,3.0,4.0,,,,,,,,
2021-2022,Bundesliga,4w4ldzomkj7fhrc51iimz8no5,L. Goretzka,Bayern München,8,Midfielder,19,19,0,11,1434,854.0,704.0,704.0,29.0,262.0,1219.0,679.0,135.0,25.0,,23.0,17.0,,308.0,25.0,40.0,56.0,86.0,,,,108.0,116.0,10.0,46.0,31.0,,25.0,10.0,337.0,15.0,6.0,6.0,80.0,15.0,,15.0,13.0,10.0,35.0,23.0,5.0,26.0,12.0,3.0,3.0,4.0,3.0,10.0,11.0,1.0,4.0,1.0,,5.0,,,
2021-2022,Bundesliga,e5mjphb52suw89189nyca72z9,E. Choupo-Moting,Bayern München,13,Forward,20,1,19,1,469,139.0,102.0,102.0,2.0,27.0,260.0,100.0,34.0,2.0,,2.0,5.0,,58.0,23.0,31.0,31.0,51.0,,,,14.0,35.0,7.0,20.0,8.0,,10.0,1.0,119.0,12.0,3.0,3.0,50.0,7.0,,9.0,6.0,1.0,14.0,6.0,7.0,4.0,8.0,4.0,4.0,,,14.0,1.0,,1.0,,,2.0,,,
2021-2022,Bundesliga,2uz1cmslnjjzsgfcgji26kqg9,D. Raum,Hoffenheim,17,Midfielder,32,31,1,5,2909,2003.0,1348.0,1348.0,148.0,449.0,2634.0,1315.0,320.0,152.0,,39.0,27.0,,791.0,62.0,123.0,90.0,187.0,,,,201.0,383.0,32.0,64.0,28.0,,52.0,23.0,896.0,36.0,215.0,159.0,460.0,27.0,5.0,29.0,15.0,33.0,18.0,9.0,38.0,58.0,9.0,3.0,3.0,115.0,62.0,33.0,13.0,,13.0,109.0,,1.0,,,
2021-2022,Bundesliga,5b1lhnvze645m8ilnxavzqw9h,M. Meyerhöfer,Greuther Fürth,18,Defender,26,25,1,0,2400,1200.0,873.0,873.0,66.0,373.0,1710.0,812.0,279.0,101.0,,64.0,47.0,,368.0,54.0,89.0,77.0,136.0,,,,141.0,216.0,25.0,47.0,23.0,,53.0,18.0,367.0,24.0,38.0,38.0,136.0,16.0,,35.0,10.0,19.0,10.0,7.0,17.0,18.0,3.0,1.0,1.0,5.0,5.0,19.0,20.0,,1.0,,,,,,
2021-2022,Bundesliga,a3ib09ji7qsz6cgj3vmz5qort,K. Jakić,Eintracht Frankfurt,6,Midfielder,26,21,5,8,1983,834.0,616.0,616.0,36.0,264.0,1363.0,582.0,205.0,35.0,,25.0,21.0,,236.0,36.0,68.0,70.0,139.0,,,,165.0,176.0,19.0,71.0,34.0,,37.0,15.0,226.0,37.0,6.0,6.0,47.0,31.0,6.0,22.0,25.0,30.0,18.0,11.0,17.0,6.0,7.0,1.0,1.0,2.0,2.0,14.0,15.0,,1.0,,,9.0,,,
2021-2022,Bundesliga,78e1qvft3ser2tyayjlmemdp1,S. Rode,Eintracht Frankfurt,17,Forward,17,10,7,10,800,414.0,335.0,335.0,16.0,134.0,603.0,320.0,75.0,9.0,,8.0,13.0,,153.0,10.0,18.0,19.0,49.0,,,,68.0,68.0,9.0,31.0,9.0,,15.0,8.0,98.0,22.0,2.0,2.0,22.0,6.0,1.0,7.0,7.0,10.0,3.0,1.0,,10.0,2.0,1.0,1.0,1.0,1.0,3.0,4.0,,,,,1.0,,,
2021-2022,Bundesliga,2ebiw2w6d76sttjh8n8871kgl,M. Plattenhardt,Hertha BSC,21,Defender,21,19,2,3,1738,941.0,602.0,602.0,95.0,317.0,1254.0,555.0,212.0,143.0,,52.0,17.0,,250.0,19.0,37.0,35.0,67.0,,,,103.0,148.0,21.0,30.0,16.0,,25.0,14.0,262.0,14.0,79.0,40.0,130.0,14.0,3.0,11.0,6.0,15.0,4.0,3.0,4.0,21.0,1.0,,,48.0,25.0,8.0,6.0,,4.0,62.0,,,,,
2021-2022,Bundesliga,6mijfayg3juwbk0u95h9gd8x6,M. Dárdai,Hertha BSC,31,Forward,12,9,3,4,793,375.0,262.0,262.0,53.0,137.0,539.0,212.0,102.0,59.0,,33.0,20.0,,98.0,7.0,13.0,19.0,36.0,,,,33.0,48.0,6.0,23.0,12.0,,10.0,6.0,34.0,11.0,5.0,1.0,20.0,10.0,2.0,4.0,4.0,10.0,4.0,1.0,,1.0,3.0,,,3.0,,3.0,6.0,,1.0,7.0,,,,,
2021-2022,Bundesliga,c33oh82hdxlybi7htir8vrxex,D. Jastrzembski,Hertha BSC,30,Forward,8,1,7,1,263,111.0,63.0,63.0,8.0,22.0,162.0,57.0,39.0,9.0,,3.0,5.0,,32.0,4.0,12.0,8.0,17.0,,,,15.0,37.0,3.0,5.0,4.0,,2.0,1.0,56.0,1.0,7.0,4.0,25.0,3.0,1.0,1.0,1.0,1.0,,,7.0,4.0,,,,2.0,1.0,3.0,1.0,,,4.0,,,,,
2021-2022,Bundesliga,9ae74f9dlbqo92m4geu9v8c4q,L. Gechter,Hertha BSC,44,Forward,13,6,7,1,777,382.0,301.0,301.0,30.0,140.0,535.0,271.0,76.0,55.0,,29.0,11.0,,111.0,9.0,16.0,17.0,38.0,,,,44.0,23.0,,22.0,8.0,,15.0,7.0,24.0,14.0,2.0,2.0,13.0,6.0,,8.0,1.0,5.0,5.0,4.0,,2.0,1.0,1.0,1.0,,,1.0,7.0,1.0,,,,,,,
2021-2022,Bundesliga,9ydkbbygq6uocors9kcdnzbop,M. Diaby,Bayer Leverkusen,19,Midfielder,32,32,0,14,2853,1015.0,712.0,712.0,39.0,177.0,1552.0,699.0,211.0,41.0,,2.0,8.0,,447.0,67.0,161.0,73.0,187.0,,,,119.0,229.0,25.0,26.0,6.0,,20.0,9.0,709.0,20.0,59.0,54.0,249.0,38.0,9.0,11.0,30.0,11.0,44.0,18.0,85.0,59.0,26.0,13.0,13.0,26.0,17.0,56.0,10.0,,14.0,14.0,,12.0,,1.0,1.0
2021-2022,Bundesliga,6rd6a2f1k124dzp1p904yq3h0,Z. Sertdemir,Bayer Leverkusen,29,Forward,3,0,3,0,27,7.0,4.0,4.0,1.0,1.0,16.0,4.0,,,,,,,4.0,2.0,2.0,2.0,2.0,,,,1.0,2.0,,,,,2.0,,7.0,,2.0,,3.0,,,2.0,3.0,,,,,,,,,1.0,,,,,,3.0,,,,,
2021-2022,Bundesliga,b47n6vo9f60gsa14aq2zq37xl,K. Endo,Union Berlin,18,Forward,4,0,4,0,68,27.0,15.0,15.0,1.0,4.0,42.0,15.0,9.0,1.0,,,,,11.0,1.0,2.0,1.0,4.0,,,,4.0,10.0,2.0,2.0,,,1.0,,22.0,2.0,2.0,2.0,11.0,,,1.0,,1.0,2.0,1.0,1.0,1.0,1.0,,,1.0,1.0,,,,,,,,,,
2021-2022,Bundesliga,4xhnmoqgxoheel005ek6ckfs9,D. Zagadou,Borussia Dortmund,5,Defender,15,10,5,2,1019,912.0,802.0,802.0,40.0,388.0,1169.0,762.0,107.0,38.0,,38.0,15.0,,244.0,12.0,20.0,49.0,70.0,,,,84.0,70.0,4.0,50.0,37.0,,13.0,6.0,43.0,13.0,1.0,1.0,14.0,12.0,2.0,7.0,5.0,10.0,2.0,1.0,2.0,1.0,1.0,,,,,5.0,6.0,,1.0,,,,,,
2021-2022,Bundesliga,9c2i7ddl2uh7kuhwq62klkyui,B. Brobbey,RB Leipzig,21,Forward,9,1,8,1,173,32.0,28.0,28.0,1.0,6.0,67.0,27.0,3.0,,,,,,15.0,2.0,3.0,6.0,11.0,,,,7.0,4.0,2.0,8.0,4.0,,1.0,1.0,32.0,4.0,1.0,1.0,14.0,3.0,,,1.0,1.0,1.0,1.0,,2.0,,,,,,2.0,3.0,,1.0,,,,,,
2021-2022,Bundesliga,9rf5uk6c2wce30b9wkmu3iuad,M. Niakhaté,Mainz 05,19,Defender,30,29,1,1,2732,1611.0,1203.0,1203.0,111.0,622.0,2187.0,1095.0,390.0,206.0,,69.0,50.0,,377.0,34.0,53.0,90.0,136.0,,,,207.0,197.0,23.0,83.0,56.0,,40.0,17.0,225.0,27.0,13.0,13.0,85.0,30.0,1.0,23.0,12.0,26.0,11.0,6.0,2.0,8.0,5.0,4.0,2.0,3.0,3.0,11.0,12.0,,,,2.0,1.0,,,
2021-2022,Bundesliga,f3xm12deg7xf3g2n3yk11npat,C. Brunner,Arminia Bielefeld,27,Defender,27,26,1,7,2282,1126.0,709.0,709.0,110.0,344.0,1684.0,621.0,338.0,182.0,,84.0,43.0,,305.0,50.0,84.0,95.0,166.0,,,,157.0,209.0,24.0,82.0,45.0,,51.0,16.0,337.0,37.0,53.0,48.0,90.0,35.0,6.0,35.0,11.0,17.0,6.0,6.0,18.0,13.0,,,,22.0,16.0,15.0,14.0,,2.0,11.0,,1.0,,,
2021-2022,Bundesliga,o5vd32oa837a8vttimjoaw2d,F. Kunze,Arminia Bielefeld,16,Forward,22,13,9,5,1350,498.0,368.0,368.0,24.0,139.0,855.0,347.0,119.0,31.0,,27.0,19.0,,159.0,30.0,53.0,67.0,122.0,,,,106.0,95.0,21.0,69.0,37.0,,35.0,14.0,109.0,32.0,7.0,7.0,17.0,38.0,9.0,21.0,14.0,15.0,9.0,8.0,9.0,6.0,1.0,,,3.0,3.0,9.0,4.0,,,,,,,,
2021-2022,Bundesliga,a4p1m3cqm6z2p1bw97s6k46ad,A. Karazor,Stuttgart,16,Midfielder,24,23,1,7,2032,1016.0,829.0,829.0,38.0,315.0,1540.0,792.0,181.0,40.0,,47.0,34.0,,356.0,37.0,75.0,94.0,164.0,,,,142.0,143.0,39.0,89.0,57.0,,48.0,24.0,157.0,32.0,2.0,2.0,18.0,38.0,8.0,24.0,14.0,23.0,8.0,6.0,14.0,12.0,2.0,,,1.0,1.0,13.0,15.0,,1.0,,,1.0,,1.0,1.0
2021-2022,Bundesliga,avaeeu50bma89vc9yts0bc5m2,R. Massimo,Stuttgart,30,Forward,19,11,8,8,934,295.0,218.0,218.0,11.0,42.0,511.0,211.0,60.0,15.0,,6.0,3.0,,149.0,21.0,55.0,25.0,68.0,,,,44.0,58.0,4.0,13.0,4.0,,14.0,9.0,190.0,9.0,13.0,13.0,71.0,8.0,,5.0,10.0,9.0,15.0,4.0,25.0,9.0,11.0,2.0,2.0,4.0,4.0,16.0,5.0,,,,,,,,
2021-2022,Bundesliga,46m4igreax3tpbx65yqs7fvv8,M. Maglica,Stuttgart,48,Forward,1,0,1,0,12,1.0,,,,,2.0,,1.0,,,,,,,0.0,0.0,1.0,1.0,,,,,1.0,,1.0,1.0,,,,2.0,,,,,,,,,,,,,,,,,,,,,,,,,,,,
2021-2022,Bundesliga,5bzowvtg5vhntcx1w3roriehh,F. Müller,Stuttgart,1,Goalkeeper,30,30,0,0,2874,1014.0,853.0,853.0,156.0,639.0,1117.0,697.0,160.0,154.0,17.0,13.0,,90.0,25.0,0.0,0.0,7.0,7.0,52.0,4.0,30.0,60.0,6.0,3.0,7.0,7.0,13.0,,,,,,,,,,,,1.0,,,,,,,,,,,,,,,,,,,
2021-2022,Bundesliga,dma96yvkivjeq9uaxu7799kgl,P. Klement,Stuttgart,21,Forward,6,3,3,3,358,266.0,205.0,205.0,23.0,63.0,335.0,192.0,42.0,13.0,,,1.0,,119.0,7.0,13.0,8.0,20.0,,,,26.0,37.0,1.0,7.0,1.0,,7.0,4.0,92.0,6.0,8.0,2.0,33.0,2.0,,3.0,1.0,5.0,4.0,2.0,2.0,7.0,2.0,1.0,1.0,10.0,,4.0,3.0,,,16.0,,2.0,,,
2021-2022,Bundesliga,57btqxe5sy3ygzxpp55p4umdx,W. Weghorst,Wolfsburg,9,Forward,18,17,1,0,1651,432.0,303.0,303.0,11.0,60.0,764.0,292.0,125.0,3.0,,11.0,2.0,,185.0,14.0,22.0,59.0,110.0,,,,57.0,124.0,31.0,88.0,45.0,,13.0,6.0,284.0,43.0,2.0,2.0,110.0,17.0,2.0,7.0,18.0,7.0,31.0,10.0,2.0,15.0,21.0,6.0,5.0,,,7.0,10.0,,1.0,,1.0,2.0,,,
2021-2022,Bundesliga,a5468rav78plzus0bab71q47p,A. Mehmedi,Wolfsburg,14,Forward,1,0,1,0,10,5.0,3.0,3.0,,1.0,7.0,3.0,2.0,,,,,,1.0,0.0,0.0,0.0,0.0,,,,2.0,2.0,,,,,,,1.0,,,,,,,,,,,,,,,,,,,,,,,,,,,,
2021-2022,Bundesliga,40rzvcdss138e6futx3bht3o5,J. Roussillon,Wolfsburg,15,Forward,26,18,8,10,1855,918.0,664.0,664.0,61.0,223.0,1276.0,614.0,197.0,42.0,,34.0,14.0,,334.0,39.0,73.0,52.0,95.0,,,,97.0,194.0,24.0,22.0,13.0,,14.0,5.0,300.0,9.0,39.0,39.0,91.0,10.0,5.0,9.0,17.0,19.0,10.0,5.0,29.0,12.0,5.0,1.0,1.0,11.0,11.0,30.0,7.0,,1.0,,,,,,
2021-2022,Bundesliga,4gmknefwu0tt33z88tu75xmg9,Iago Borduchi,Augsburg,22,Defender,28,26,2,7,2283,1184.0,769.0,769.0,96.0,324.0,1685.0,699.0,315.0,129.0,,62.0,27.0,,355.0,41.0,84.0,65.0,132.0,,,,135.0,252.0,16.0,48.0,24.0,,49.0,20.0,421.0,24.0,66.0,66.0,169.0,18.0,3.0,29.0,20.0,22.0,10.0,4.0,23.0,26.0,6.0,2.0,2.0,26.0,26.0,12.0,9.0,,5.0,,,1.0,,,
2021-2022,Bundesliga,d5cofm3hdy3vxtvd9bp0s8dzp,J. Morávek,Augsburg,14,Forward,17,5,12,5,542,190.0,132.0,132.0,10.0,40.0,324.0,122.0,55.0,16.0,,8.0,6.0,,68.0,11.0,21.0,20.0,43.0,,,,32.0,41.0,2.0,22.0,9.0,,11.0,5.0,100.0,13.0,2.0,2.0,36.0,5.0,1.0,6.0,6.0,9.0,1.0,1.0,5.0,6.0,,,,,,5.0,3.0,,,,,1.0,,,
2021-2022,Bundesliga,9bzlvn0twr2b5z30k30gugw5x,F. Jensen,Augsburg,24,Forward,12,2,10,2,461,117.0,55.0,55.0,9.0,19.0,188.0,54.0,43.0,5.0,,4.0,2.0,,32.0,6.0,9.0,13.0,30.0,,,,10.0,49.0,3.0,21.0,7.0,,5.0,1.0,87.0,14.0,11.0,8.0,47.0,2.0,,4.0,1.0,4.0,4.0,3.0,2.0,4.0,1.0,,,8.0,6.0,2.0,3.0,,1.0,5.0,,1.0,,,
2021-2022,Bundesliga,3vc4cabxofay0sdv7e1ym663u,L. Günther,Augsburg,29,Forward,5,1,4,0,177,69.0,48.0,48.0,5.0,16.0,99.0,43.0,18.0,6.0,,2.0,2.0,,28.0,6.0,9.0,6.0,12.0,,,,8.0,15.0,1.0,3.0,,,8.0,3.0,19.0,3.0,3.0,3.0,5.0,3.0,1.0,5.0,1.0,,2.0,2.0,,,,,,,,1.0,,,,,,,,,
2021-2022,Bundesliga,rktyecx75c47pgwyt4vm3i7d,M. Cuisance,Bayern München,17,Forward,1,0,1,0,15,11.0,10.0,10.0,1.0,3.0,18.0,9.0,1.0,,,,,,6.0,2.0,2.0,2.0,2.0,,,,2.0,1.0,,,,,1.0,,4.0,,,,3.0,,,1.0,2.0,,,,,1.0,,,,,,1.0,,,,,,1.0,,,
2021-2022,Bundesliga,csnsu3jg12e3ridlmteuyrbp,B. Sarr,Bayern München,20,Forward,5,0,5,0,77,40.0,28.0,28.0,,7.0,70.0,28.0,9.0,2.0,,1.0,6.0,,18.0,8.0,11.0,8.0,13.0,,,,6.0,10.0,,2.0,,,4.0,,22.0,2.0,3.0,3.0,7.0,,,4.0,,1.0,,,3.0,,,,,,,4.0,2.0,,,,,,,,
2021-2022,Bundesliga,3es8fg7y59lckypu11i68q6s5,L. Waldschmidt,Wolfsburg,7,Forward,14,9,5,7,748,242.0,184.0,184.0,7.0,53.0,401.0,182.0,48.0,2.0,,3.0,8.0,,111.0,7.0,24.0,9.0,38.0,,,,37.0,50.0,8.0,14.0,2.0,,9.0,8.0,138.0,12.0,4.0,4.0,43.0,10.0,2.0,1.0,13.0,5.0,12.0,9.0,9.0,3.0,3.0,1.0,1.0,5.0,3.0,6.0,5.0,,,2.0,,,,,
2021-2022,Bundesliga,5l8wtw156meo2vrtrgasif6jt,K. Mavropanos,Stuttgart,5,Defender,31,31,0,5,2863,1859.0,1492.0,1492.0,216.0,775.0,2686.0,1277.0,352.0,147.0,,174.0,69.0,,468.0,57.0,96.0,148.0,214.0,,,,214.0,211.0,20.0,118.0,91.0,,57.0,18.0,196.0,27.0,6.0,6.0,80.0,22.0,3.0,39.0,10.0,23.0,24.0,13.0,21.0,6.0,11.0,4.0,4.0,1.0,1.0,18.0,32.0,,,,,1.0,,,
2021-2022,Bundesliga,e0cuitfnnziyrdtuu9j1u2kgk,A. Tibidi,Stuttgart,50,Forward,13,2,11,2,442,122.0,89.0,89.0,3.0,20.0,201.0,87.0,30.0,3.0,,2.0,3.0,,58.0,6.0,10.0,13.0,23.0,,,,16.0,29.0,12.0,13.0,7.0,,7.0,4.0,77.0,6.0,2.0,2.0,28.0,11.0,1.0,3.0,4.0,4.0,4.0,4.0,,4.0,,,,1.0,1.0,3.0,,,,,,1.0,,,
2021-2022,Bundesliga,6ie5meimavc8kwohr6lrdyket,Raphaël Guerreiro,Borussia Dortmund,13,Defender,23,21,2,11,1864,1525.0,1275.0,1275.0,35.0,499.0,1916.0,1258.0,202.0,39.0,,14.0,25.0,,531.0,45.0,85.0,50.0,96.0,,,,130.0,188.0,8.0,11.0,5.0,,35.0,16.0,473.0,6.0,25.0,16.0,108.0,12.0,1.0,19.0,13.0,16.0,27.0,16.0,24.0,22.0,11.0,4.0,2.0,18.0,10.0,26.0,8.0,,2.0,17.0,2.0,2.0,,,
2021-2022,Bundesliga,2nqhczrkd45rdu5fcmq1wjo45,Mahmoud Dahoud,Borussia Dortmund,8,Midfielder,22,20,2,7,1798,1063.0,819.0,819.0,48.0,312.0,1478.0,785.0,208.0,59.0,,16.0,17.0,,343.0,45.0,85.0,56.0,111.0,,,,142.0,167.0,13.0,26.0,11.0,,42.0,23.0,325.0,15.0,18.0,14.0,52.0,23.0,6.0,19.0,13.0,15.0,16.0,12.0,17.0,24.0,4.0,2.0,2.0,14.0,5.0,26.0,9.0,,4.0,13.0,,15.0,,1.0,1.0
2021-2022,Bundesliga,7lai6ovwsl01gonutejt4mms5,E. Can,Borussia Dortmund,23,Defender,24,19,5,5,1791,1436.0,1222.0,1222.0,80.0,502.0,1885.0,1143.0,203.0,82.0,,40.0,36.0,,485.0,40.0,64.0,71.0,110.0,,,,166.0,127.0,22.0,46.0,31.0,,36.0,14.0,182.0,15.0,6.0,6.0,39.0,32.0,5.0,22.0,9.0,16.0,8.0,2.0,10.0,4.0,6.0,5.0,1.0,1.0,1.0,18.0,13.0,,1.0,,4.0,1.0,,,
2021-2022,Bundesliga,dglkt5h4m18p1qcj2uhqymvv9,R. Sallai,Freiburg,22,Midfielder,31,18,13,18,1604,490.0,303.0,303.0,21.0,102.0,847.0,295.0,126.0,19.0,,12.0,11.0,,168.0,32.0,65.0,53.0,114.0,,,,74.0,152.0,42.0,49.0,21.0,,22.0,6.0,379.0,28.0,45.0,44.0,167.0,29.0,1.0,16.0,17.0,12.0,33.0,24.0,27.0,18.0,9.0,4.0,4.0,13.0,13.0,16.0,15.0,1.0,4.0,1.0,,3.0,,,
2021-2022,Bundesliga,3igg6gfmomgh1t5ohwzbpb5cl,L. Klostermann,RB Leipzig,16,Defender,23,17,6,5,1728,1100.0,944.0,944.0,55.0,380.0,1411.0,889.0,152.0,48.0,,58.0,26.0,,404.0,19.0,35.0,42.0,69.0,,,,101.0,107.0,4.0,34.0,23.0,,29.0,13.0,157.0,11.0,3.0,3.0,47.0,9.0,1.0,16.0,4.0,13.0,4.0,3.0,3.0,3.0,1.0,,,,,3.0,5.0,,1.0,,,3.0,,,
2021-2022,Bundesliga,ig3qth6mjoq5vz2l5zsqrvje,J. Wosz,RB Leipzig,47,Forward,1,0,1,0,11,4.0,3.0,3.0,,,6.0,3.0,1.0,,,,,,2.0,0.0,0.0,0.0,0.0,,,,,1.0,,,,,,,1.0,,,,,1.0,,,1.0,,,,,,,,,,,,,,,,,,,,
2021-2022,Bundesliga,dpqm3menp3xy0tq2gm76bo5hx,K. Adams,Hoffenheim,15,Forward,3,0,3,0,18,9.0,6.0,6.0,1.0,4.0,14.0,5.0,2.0,,,1.0,,,1.0,0.0,0.0,1.0,1.0,,,,2.0,2.0,,1.0,1.0,,,,4.0,,,,2.0,,,,,,1.0,,,,1.0,,,,,,,,,,,,,,
2021-2022,Bundesliga,2wzxb8hr8fr7coia3jm1p7lcl,B. Hübner,Hoffenheim,21,Forward,5,5,0,3,392,273.0,230.0,230.0,15.0,111.0,368.0,215.0,42.0,14.0,,7.0,9.0,,75.0,6.0,12.0,20.0,34.0,,,,18.0,28.0,2.0,22.0,14.0,,9.0,4.0,34.0,8.0,,,15.0,8.0,2.0,5.0,1.0,,8.0,5.0,2.0,,3.0,1.0,1.0,,,1.0,2.0,1.0,,,,,,,
2021-2022,Bundesliga,8mmecefcbz8wu4jcqqywps5p1,S. Adamyan,Hoffenheim,23,Forward,13,2,11,2,397,101.0,71.0,71.0,,21.0,197.0,73.0,24.0,2.0,,2.0,1.0,,46.0,12.0,22.0,15.0,39.0,,,,24.0,25.0,8.0,17.0,3.0,,8.0,2.0,79.0,14.0,3.0,3.0,32.0,5.0,,6.0,5.0,4.0,3.0,1.0,8.0,3.0,2.0,1.0,1.0,2.0,2.0,6.0,,,,,,,,,
2021-2022,Bundesliga,1yjv2fht4kuph088zlgwfwup6,F. Asllani,Hoffenheim,44,Forward,2,0,2,0,19,8.0,6.0,6.0,,1.0,9.0,6.0,2.0,1.0,,,,,4.0,0.0,1.0,0.0,1.0,,,,,1.0,,,,,,,5.0,,,,2.0,,,,,,,,1.0,,,,,,,,,,,,,,,,
2021-2022,Bundesliga,3mlkkejvytvm1ng7oo7nfinyt,H. Bockhorn,Bochum,11,Forward,18,7,11,1,933,374.0,256.0,256.0,31.0,72.0,624.0,230.0,89.0,28.0,,18.0,14.0,,153.0,29.0,48.0,40.0,74.0,,,,74.0,83.0,21.0,26.0,11.0,,24.0,10.0,146.0,15.0,22.0,22.0,40.0,7.0,1.0,14.0,9.0,9.0,5.0,3.0,9.0,3.0,2.0,,,5.0,5.0,15.0,3.0,,,,,,,,
2021-2022,Bundesliga,8dq8br5lty0ue2ndqxdpz3xsl,T. Bonga,Bochum,32,Forward,3,0,3,0,33,8.0,4.0,4.0,,1.0,23.0,4.0,3.0,,,,,,2.0,1.0,1.0,2.0,3.0,,,,3.0,4.0,,2.0,1.0,,,,11.0,1.0,1.0,1.0,6.0,,,,1.0,,3.0,2.0,,,1.0,,,,,1.0,,,,,,,,,
2021-2022,Bundesliga,ep1bhk6t6sudlhjjz20j199ed,S. Ganvoula,Bochum,35,Forward,9,0,9,0,190,59.0,34.0,34.0,2.0,8.0,120.0,32.0,25.0,1.0,,1.0,,,20.0,2.0,3.0,24.0,33.0,,,,5.0,24.0,1.0,30.0,22.0,,,,64.0,8.0,,,19.0,2.0,,,4.0,,3.0,2.0,1.0,,1.0,,,,,2.0,,,,,,,,,
2021-2022,Bundesliga,d8oaf6t7xda034381jipk2ycq,,Bayer Leverkusen,37,Forward,0,0,0,0,0,,,,,,,,,,,,,,,0.0,0.0,0.0,0.0,,,,,,,,,,,,,,,,,,,,,,,,,,,,,,,,,,,,,,,,
2021-2022,Bundesliga,dn3zu7kyql966v0fqi1sikpyi,C. Noß,Borussia M'gladbach,34,Forward,3,0,3,0,67,14.0,11.0,11.0,,2.0,25.0,11.0,3.0,1.0,,,,,6.0,0.0,1.0,0.0,3.0,,,,3.0,2.0,,2.0,,,1.0,1.0,10.0,2.0,,,1.0,,,,,,1.0,1.0,,1.0,,,,,,,1.0,,,,,,,,
2021-2022,Bundesliga,b5mloitecdcz7jfdgoclwrhed,H. Nielsen,Greuther Fürth,16,Forward,26,14,12,12,1424,342.0,223.0,223.0,,82.0,750.0,224.0,113.0,4.0,,22.0,7.0,,103.0,28.0,50.0,86.0,165.0,,,,50.0,111.0,24.0,115.0,58.0,,17.0,5.0,276.0,57.0,2.0,2.0,104.0,27.0,2.0,12.0,19.0,17.0,24.0,14.0,17.0,4.0,10.0,2.0,2.0,1.0,1.0,16.0,5.0,1.0,1.0,,,1.0,,,
2021-2022,Bundesliga,bs6f5ag1f47ropxefrybtaktl,M. Bauer,Greuther Fürth,4,Defender,26,18,8,2,1802,897.0,723.0,723.0,63.0,376.0,1275.0,660.0,170.0,78.0,,99.0,29.0,,224.0,16.0,30.0,65.0,115.0,,,,90.0,93.0,10.0,85.0,49.0,,28.0,13.0,33.0,36.0,1.0,1.0,23.0,26.0,5.0,15.0,2.0,10.0,5.0,3.0,1.0,,2.0,,,,,1.0,15.0,,,,,,,,
2021-2022,Bundesliga,8sf4e56h28v5lx03aw396o445,N. Seufert,Greuther Fürth,8,Forward,4,1,3,1,108,31.0,21.0,21.0,1.0,4.0,43.0,20.0,10.0,4.0,,,,,16.0,2.0,3.0,2.0,3.0,,,,9.0,6.0,1.0,,,,3.0,1.0,5.0,,,,1.0,,,2.0,,,,,,,,,,,,,,,,,,,,,
2021-2022,Bundesliga,1u8g2tnzcqmi4t0dpza7b146i,D. Abiama,Greuther Fürth,11,Forward,24,5,19,4,813,137.0,84.0,84.0,1.0,21.0,342.0,83.0,48.0,1.0,,8.0,4.0,,51.0,14.0,33.0,33.0,82.0,,,,28.0,50.0,11.0,49.0,19.0,,11.0,4.0,167.0,30.0,3.0,3.0,65.0,17.0,3.0,7.0,10.0,11.0,15.0,11.0,15.0,7.0,4.0,,,,,7.0,4.0,,1.0,,,2.0,,,
2021-2022,Bundesliga,4uygryazl6weqdy3tq4ltagut,J. Dudziak,Greuther Fürth,28,Midfielder,22,15,7,12,1177,341.0,213.0,213.0,9.0,70.0,589.0,213.0,89.0,19.0,,4.0,10.0,,116.0,20.0,53.0,29.0,81.0,,,,55.0,97.0,24.0,28.0,9.0,,17.0,11.0,226.0,19.0,27.0,14.0,94.0,11.0,1.0,6.0,23.0,8.0,10.0,6.0,22.0,8.0,4.0,2.0,2.0,9.0,5.0,14.0,6.0,,,17.0,,5.0,,,
2021-2022,Bundesliga,8nrqwprsc1ww9kxb4lj0cyzmd,S. Burchert,Greuther Fürth,30,Forward,14,14,0,0,1327,560.0,334.0,334.0,148.0,300.0,594.0,186.0,222.0,221.0,8.0,11.0,,46.0,4.0,1.0,1.0,3.0,3.0,28.0,3.0,14.0,13.0,1.0,2.0,2.0,2.0,6.0,1.0,,,,,,,,,1.0,,,,,,1.0,,,,,,,,,,,,,,,
2021-2022,Bundesliga,ojqb7kv87o0cidbckgtg1rdh,E. Skhiri,Köln,28,Midfielder,22,20,2,2,1942,958.0,804.0,804.0,49.0,332.0,1459.0,756.0,146.0,24.0,,35.0,37.0,,325.0,43.0,77.0,77.0,134.0,,,,157.0,127.0,21.0,57.0,34.0,,55.0,22.0,207.0,23.0,5.0,5.0,73.0,18.0,3.0,33.0,18.0,34.0,20.0,12.0,12.0,9.0,8.0,4.0,4.0,1.0,1.0,10.0,10.0,1.0,,,,2.0,,,
2021-2022,Bundesliga,ftm7a5ulllwzj3n6oqa6awru,P. Nebel,Mainz 05,26,Forward,10,2,8,2,260,97.0,57.0,57.0,4.0,16.0,169.0,56.0,30.0,6.0,,1.0,,,36.0,7.0,12.0,7.0,21.0,,,,18.0,31.0,3.0,9.0,,,5.0,2.0,70.0,9.0,7.0,5.0,25.0,8.0,3.0,3.0,5.0,,2.0,1.0,3.0,1.0,1.0,,,3.0,2.0,4.0,1.0,,1.0,3.0,,,,,
2021-2022,Bundesliga,fs5utga62tud5s06xj27qdat,J. Torunarigha,Hertha BSC,25,Forward,7,6,1,2,512,239.0,194.0,194.0,17.0,92.0,360.0,177.0,44.0,20.0,,30.0,17.0,,62.0,3.0,9.0,18.0,29.0,,,,27.0,25.0,4.0,20.0,15.0,,4.0,3.0,11.0,5.0,1.0,1.0,5.0,4.0,1.0,1.0,1.0,2.0,2.0,2.0,3.0,1.0,,,,,,2.0,2.0,,1.0,,,,,,
2021-2022,Bundesliga,c82gu4dg85nwgkp7quzwqvefp,M. Kruse,Union Berlin,10,Forward,30,30,0,22,2448,1002.0,686.0,686.0,71.0,187.0,1429.0,640.0,232.0,59.0,,6.0,6.0,,433.0,27.0,53.0,51.0,118.0,,,,102.0,228.0,18.0,65.0,24.0,,13.0,9.0,531.0,41.0,55.0,44.0,172.0,7.0,1.0,4.0,16.0,14.0,37.0,15.0,17.0,33.0,22.0,12.0,7.0,25.0,16.0,23.0,13.0,1.0,6.0,20.0,5.0,14.0,,,
2021-2022,Bundesliga,ahhjd38eki0yws3iw1si0082x,,Union Berlin,4,Forward,0,0,0,0,0,,,,,,,,,,,,,,,0.0,0.0,0.0,0.0,,,,,,,,,,,,,,,,,,,,,,,,,,,,,,,,,,,,,,,,
2021-2022,Bundesliga,239hyotk20srlmoa4wlcc3aol,A. Ujah,Union Berlin,11,Forward,3,0,3,0,45,10.0,5.0,5.0,,,19.0,5.0,4.0,,,,,,5.0,0.0,0.0,1.0,2.0,,,,1.0,5.0,1.0,2.0,1.0,,,,12.0,1.0,1.0,1.0,7.0,4.0,,,1.0,,3.0,2.0,,,1.0,,,,,,,,,,,,,,
2021-2022,Bundesliga,25vb30mtetefhp3ix26nlhx0q,M. Tillman,Bayern München,40,Forward,4,1,3,1,108,41.0,32.0,32.0,1.0,12.0,83.0,31.0,9.0,1.0,,1.0,2.0,,16.0,1.0,7.0,4.0,11.0,,,,11.0,8.0,1.0,4.0,3.0,,2.0,1.0,26.0,1.0,,,8.0,4.0,,1.0,2.0,4.0,1.0,,5.0,3.0,1.0,,,,,,1.0,,,,,1.0,,,
2021-2022,Bundesliga,cjok1odm3twxo7sqye3hua6eh,M. Leitsch,Bochum,29,Defender,19,17,2,0,1640,835.0,683.0,683.0,49.0,251.0,1227.0,636.0,143.0,69.0,,74.0,31.0,,335.0,13.0,25.0,44.0,80.0,,,,148.0,77.0,,55.0,31.0,,18.0,8.0,45.0,24.0,3.0,3.0,19.0,9.0,2.0,10.0,2.0,12.0,3.0,2.0,4.0,2.0,1.0,1.0,1.0,2.0,2.0,3.0,21.0,,,,,,,,
2021-2022,Bundesliga,amd4rodp6senk2c1mmlsqozpx,D. da Costa,Eintracht Frankfurt,24,Forward,11,7,4,3,774,319.0,210.0,210.0,29.0,101.0,487.0,184.0,86.0,31.0,,18.0,11.0,,84.0,9.0,29.0,23.0,49.0,,,,48.0,74.0,2.0,20.0,14.0,,15.0,11.0,133.0,6.0,19.0,19.0,60.0,8.0,2.0,4.0,2.0,13.0,1.0,1.0,9.0,1.0,,,,3.0,3.0,5.0,2.0,,,,,,,,
2021-2022,Bundesliga,2aumz6rtq4ufba7z7zn5v8frp,Gonçalo Paciência,Eintracht Frankfurt,39,Forward,18,4,14,2,611,152.0,99.0,99.0,12.0,25.0,319.0,87.0,46.0,11.0,,4.0,1.0,,58.0,15.0,26.0,33.0,61.0,,,,18.0,42.0,12.0,35.0,18.0,,4.0,2.0,137.0,17.0,7.0,7.0,57.0,9.0,3.0,2.0,15.0,2.0,23.0,14.0,9.0,4.0,9.0,3.0,2.0,,,13.0,6.0,,,,1.0,,,,
2021-2022,Bundesliga,6k3daudjhieulsgywbt9uoep6,,Hoffenheim,37,Forward,0,0,0,0,0,,,,,,,,,,,,,,,0.0,0.0,0.0,0.0,,,,,,,,,,,,,,,,,,,,,,,,,,,,,,,,,,,,,,,,
2021-2022,Bundesliga,19mma7u7oty2g7l0yyrgpr9m2,,Augsburg,39,Forward,0,0,0,0,0,,,,,,,,,,,,,,,0.0,0.0,0.0,0.0,,,,,,,,,,,,,,,,,,,,,,,,,,,,,,,,,,,,,,,,
2021-2022,Bundesliga,91n9wzn3qq2789zq8vdmfrd62,,Köln,40,Forward,0,0,0,0,0,,,,,,,,,,,,,,,0.0,0.0,0.0,0.0,,,,,,,,,,,,,,,,,,,,,,,,,,,,,,,,,,,,,,,,
2021-2022,Bundesliga,ao00a4lfe5vs9enjgkuu7vglx,S. Lainer,Borussia M'gladbach,18,Midfielder,21,19,2,12,1509,770.0,557.0,557.0,37.0,200.0,1060.0,527.0,181.0,41.0,,33.0,14.0,,261.0,16.0,40.0,30.0,64.0,,,,78.0,160.0,13.0,24.0,14.0,,20.0,9.0,280.0,10.0,20.0,20.0,111.0,8.0,2.0,11.0,9.0,19.0,8.0,6.0,15.0,11.0,2.0,1.0,1.0,7.0,7.0,5.0,9.0,1.0,3.0,,,,,,
2021-2022,Bundesliga,4qjkz66msqvnfevqxgza5ivp,P. Tschauner,RB Leipzig,13,Forward,1,0,1,0,5,5.0,4.0,4.0,2.0,4.0,5.0,2.0,1.0,1.0,,,,,,0.0,0.0,0.0,0.0,,,,,,,,,,,,,,,,,,,,,,,,,,,,,,,,,,,,,,,,
2021-2022,Bundesliga,1gfjtd840rp46yzqkv0dy5rvu,S. Bonnah,RB Leipzig,35,Forward,1,0,1,0,14,3.0,3.0,3.0,,1.0,5.0,3.0,,,,,1.0,,1.0,0.0,0.0,0.0,0.0,,,,,,,,,,,,1.0,,,,1.0,,,,,1.0,,,,,,,,,,,,,,,,,,,
2021-2022,Bundesliga,ahhrztdc7vpqwcs2nsor224q2,S. Raebiger,RB Leipzig,37,Forward,1,0,1,0,6,2.0,2.0,2.0,,,4.0,2.0,,,,,,,2.0,0.0,0.0,0.0,0.0,,,,1.0,,,,,,,,2.0,,,,,,,,1.0,,,,,,,,,,,,,,,,,,,,
2021-2022,Bundesliga,c0ewvrtk657uw4t5rlv87mq51,P. Schick,Bayer Leverkusen,14,Forward,27,26,1,21,2108,413.0,282.0,282.0,7.0,57.0,870.0,275.0,127.0,5.0,,28.0,3.0,,186.0,17.0,48.0,72.0,176.0,,,,34.0,125.0,22.0,128.0,55.0,,5.0,3.0,370.0,73.0,3.0,3.0,187.0,13.0,,2.0,21.0,5.0,80.0,35.0,28.0,15.0,45.0,24.0,23.0,,,15.0,11.0,4.0,3.0,,1.0,,,,
2021-2022,Bundesliga,8wlyh0e8178je0hylqjifbkr9,C. Aránguiz,Bayer Leverkusen,20,Midfielder,26,16,10,6,1674,1094.0,914.0,914.0,76.0,367.0,1465.0,840.0,165.0,60.0,,21.0,33.0,,376.0,32.0,55.0,39.0,78.0,,,,129.0,112.0,13.0,23.0,7.0,,45.0,20.0,164.0,16.0,7.0,6.0,25.0,26.0,2.0,25.0,8.0,20.0,8.0,5.0,3.0,11.0,3.0,1.0,1.0,2.0,2.0,7.0,6.0,1.0,3.0,1.0,,7.0,,,
2021-2022,Bundesliga,b8if5dg0k9prjik99aiutewh5,Omar Marmoush,Stuttgart,17,Forward,23,19,4,15,1649,460.0,291.0,291.0,19.0,75.0,1011.0,296.0,117.0,20.0,,6.0,7.0,,202.0,61.0,142.0,90.0,202.0,,,,82.0,122.0,57.0,60.0,29.0,,26.0,9.0,433.0,31.0,25.0,15.0,177.0,33.0,3.0,17.0,41.0,8.0,37.0,24.0,72.0,24.0,13.0,3.0,2.0,24.0,7.0,44.0,14.0,,3.0,27.0,1.0,3.0,,,
2021-2022,Bundesliga,9fd19beamnr8qmhqdvzr7fcyy,S. Katompa Mvumpa,Stuttgart,14,Forward,9,3,6,3,304,62.0,39.0,39.0,2.0,5.0,164.0,38.0,16.0,3.0,,1.0,2.0,,33.0,12.0,26.0,14.0,32.0,,,,20.0,19.0,7.0,6.0,2.0,,5.0,1.0,65.0,4.0,6.0,6.0,35.0,3.0,,4.0,9.0,5.0,,,13.0,,,,,1.0,1.0,8.0,1.0,,,,,1.0,,,
2021-2022,Bundesliga,dnv2j39cit2t0t650s3cysj8q,M. Papela,Mainz 05,24,Forward,5,0,5,0,103,24.0,17.0,17.0,1.0,3.0,50.0,16.0,7.0,,,,2.0,,10.0,2.0,3.0,2.0,5.0,,,,5.0,7.0,,2.0,,,3.0,1.0,8.0,2.0,,,4.0,1.0,,2.0,1.0,2.0,1.0,1.0,,,,,,,,,,,,,,,,,
2021-2022,Bundesliga,5tpy0imb08p2mqeiwrx52532t,,Wolfsburg,30,Forward,0,0,0,0,0,,,,,,,,,,,,,,,0.0,0.0,0.0,0.0,,,,,,,,,,,,,,,,,,,,,,,,,,,,,,,,,,,,,,,,
2021-2022,Bundesliga,dj85zn6tc073f7egxlfx7793p,N. Schulz,Borussia Dortmund,14,Forward,16,9,7,3,909,655.0,542.0,542.0,33.0,199.0,844.0,511.0,99.0,23.0,,8.0,11.0,,254.0,17.0,40.0,25.0,56.0,,,,58.0,87.0,5.0,16.0,8.0,,21.0,9.0,175.0,8.0,11.0,11.0,61.0,13.0,2.0,12.0,3.0,7.0,3.0,1.0,14.0,6.0,2.0,,,2.0,2.0,5.0,1.0,,2.0,,,,,,
2021-2022,Bundesliga,atzboo800gv7gic2rgvgo0kq1,E. Haaland,Borussia Dortmund,9,Forward,24,21,3,7,2006,476.0,330.0,330.0,1.0,71.0,835.0,330.0,133.0,2.0,,31.0,1.0,,211.0,14.0,27.0,52.0,92.0,,,,40.0,138.0,14.0,65.0,38.0,,2.0,1.0,434.0,27.0,7.0,7.0,194.0,17.0,3.0,1.0,16.0,7.0,68.0,31.0,12.0,20.0,37.0,22.0,16.0,1.0,1.0,13.0,13.0,3.0,7.0,,6.0,3.0,,,
2021-2022,Bundesliga,3spzxmms300isjmf03yses12i,,Augsburg,38,Forward,0,0,0,0,0,,,,,,,,,,,,,,,0.0,0.0,0.0,0.0,,,,,,,,,,,,,,,,,,,,,,,,,,,,,,,,,,,,,,,,
2021-2022,Bundesliga,14w2xsmskpmvnp8xvr8qjjpw5,R. Tesche,Bochum,23,Forward,11,5,6,3,480,179.0,150.0,150.0,13.0,51.0,246.0,137.0,25.0,8.0,,5.0,5.0,,66.0,4.0,7.0,7.0,16.0,,,,23.0,19.0,1.0,9.0,3.0,,6.0,2.0,33.0,6.0,2.0,2.0,5.0,5.0,2.0,4.0,3.0,4.0,1.0,1.0,1.0,,,,,,,,3.0,,,,,,1.0,1.0,
2021-2022,Bundesliga,cunhh2ef8sf48yn8bfsvjsmp5,,Bochum,34,Forward,0,0,0,0,0,,,,,,,,,,,,,,,0.0,0.0,0.0,0.0,,,,,,,,,,,,,,,,,,,,,,,,,,,,,,,,,,,,,,,,
2021-2022,Bundesliga,brs96wp9u2t10tsqfdwcyhnth,J. Horn,Köln,23,Forward,11,3,8,2,531,305.0,211.0,211.0,22.0,80.0,404.0,195.0,66.0,31.0,,9.0,3.0,,108.0,8.0,16.0,16.0,31.0,,,,33.0,57.0,8.0,15.0,8.0,,6.0,2.0,106.0,7.0,22.0,22.0,29.0,4.0,2.0,4.0,2.0,,2.0,1.0,6.0,3.0,1.0,,,6.0,6.0,4.0,2.0,,1.0,,,1.0,,,
2021-2022,Bundesliga,pjbuqt8wiwm2ql2tfvvcn59m,T. Lemperle,Köln,25,Forward,13,0,13,0,221,61.0,38.0,38.0,1.0,7.0,124.0,38.0,20.0,1.0,,2.0,2.0,,24.0,5.0,14.0,10.0,29.0,,,,7.0,19.0,3.0,15.0,5.0,,4.0,3.0,68.0,10.0,,,30.0,4.0,,1.0,5.0,1.0,6.0,3.0,6.0,5.0,3.0,2.0,2.0,1.0,1.0,4.0,1.0,1.0,,,,,,,
2021-2022,Bundesliga,3qy1qlzezgfkxeom5n1r9h13p,C. Lenz,Eintracht Frankfurt,25,Forward,15,6,9,2,736,521.0,361.0,361.0,44.0,136.0,720.0,330.0,114.0,47.0,,21.0,7.0,,178.0,19.0,37.0,33.0,64.0,,,,60.0,100.0,5.0,27.0,14.0,,29.0,14.0,179.0,13.0,33.0,22.0,64.0,15.0,6.0,15.0,4.0,5.0,3.0,3.0,4.0,7.0,,,,13.0,3.0,4.0,7.0,,1.0,21.0,,1.0,,,
2021-2022,Bundesliga,6m9kyt5astmqvzdq2ee81qcwl,K. Bellarabi,Bayer Leverkusen,38,Midfielder,16,9,7,10,708,268.0,193.0,193.0,16.0,48.0,438.0,184.0,49.0,18.0,,4.0,9.0,,126.0,21.0,44.0,21.0,45.0,,,,38.0,50.0,7.0,1.0,,,9.0,5.0,171.0,1.0,19.0,17.0,56.0,20.0,2.0,4.0,12.0,5.0,18.0,7.0,18.0,10.0,11.0,3.0,3.0,7.0,6.0,17.0,10.0,,2.0,3.0,,2.0,,,
2021-2022,Bundesliga,3w8uk04gxlm4tj4hmsc3msmvp,N. Petersen,Freiburg,18,Forward,22,3,19,3,678,137.0,82.0,82.0,2.0,18.0,333.0,81.0,51.0,2.0,,17.0,2.0,,50.0,8.0,10.0,31.0,89.0,,,,17.0,51.0,3.0,79.0,23.0,,5.0,2.0,174.0,56.0,2.0,2.0,58.0,2.0,,3.0,3.0,7.0,13.0,8.0,,5.0,5.0,5.0,5.0,1.0,1.0,5.0,1.0,2.0,,,,,,,
2021-2022,Bundesliga,1mkbxdrj3myvt6jm4tx8sywgl,C. Kramer,Borussia M'gladbach,6,Forward,18,7,11,3,825,473.0,370.0,370.0,14.0,139.0,691.0,358.0,98.0,14.0,,9.0,12.0,,152.0,20.0,42.0,31.0,63.0,,,,67.0,86.0,5.0,21.0,11.0,,28.0,17.0,89.0,10.0,2.0,2.0,20.0,11.0,1.0,11.0,10.0,13.0,1.0,,5.0,2.0,1.0,,,2.0,2.0,9.0,7.0,,,,,1.0,,,
2021-2022,Bundesliga,b2jlob4ib79yg3jy0ew8u5qay,,RB Leipzig,45,Forward,0,0,0,0,0,,,,,,,,,,,,,,,0.0,0.0,0.0,0.0,,,,,,,,,,,,,,,,,,,,,,,,,,,,,,,,,,,,,,,,
2021-2022,Bundesliga,br2uswvdgoj7ndkx7mnbwgyd,S. Ulreich,Bayern München,26,Forward,6,6,0,0,575,235.0,200.0,200.0,32.0,166.0,251.0,168.0,35.0,33.0,3.0,1.0,,14.0,1.0,0.0,0.0,1.0,1.0,11.0,1.0,6.0,13.0,2.0,1.0,1.0,1.0,1.0,,,,,,,,,,,,,,,,,,,,,,,,,,,,,,,
2021-2022,Bundesliga,6gjlcd7rzi3p74qwvj7ia6esq,,Freiburg,21,Forward,0,0,0,0,0,,,,,,,,,,,,,,,0.0,0.0,0.0,0.0,,,,,,,,,,,,,,,,,,,,,,,,,,,,,,,,,,,,,,,,
2021-2022,Bundesliga,shbxc528h0udd6rdf3ax2itx,P. Kadeřábek,Hoffenheim,3,Midfielder,19,14,5,9,1249,690.0,487.0,487.0,41.0,155.0,931.0,460.0,151.0,28.0,,22.0,13.0,,277.0,11.0,15.0,51.0,83.0,,,,58.0,156.0,8.0,68.0,40.0,,11.0,1.0,310.0,28.0,33.0,33.0,128.0,16.0,5.0,10.0,,12.0,5.0,3.0,3.0,21.0,2.0,1.0,1.0,14.0,14.0,1.0,12.0,,3.0,,,,,,
2021-2022,Bundesliga,bchw7bjhc4j8xvze1xpb4xzl6,,Arminia Bielefeld,37,Forward,0,0,0,0,0,,,,,,,,,,,,,,,0.0,0.0,0.0,0.0,,,,,,,,,,,,,,,,,,,,,,,,,,,,,,,,,,,,,,,,
2021-2022,Bundesliga,2hb1dyg1auzdfbi3lg9ysap9m,M. Olesen,Köln,47,Forward,3,0,3,0,34,14.0,10.0,10.0,,3.0,17.0,10.0,3.0,,,,1.0,,4.0,0.0,0.0,0.0,0.0,,,,1.0,3.0,,,,,,,5.0,,,,,,,,,,,,,1.0,,,,,,,,,,,,,,,
2021-2022,Bundesliga,3yiwkcfbwy0sfnecr9sy9695h,N. Sarenren Bazee,Augsburg,17,Forward,14,1,13,1,295,51.0,28.0,28.0,3.0,7.0,148.0,27.0,13.0,2.0,,4.0,1.0,,14.0,5.0,16.0,13.0,38.0,,,,12.0,19.0,3.0,22.0,8.0,,5.0,3.0,83.0,14.0,8.0,8.0,42.0,6.0,1.0,2.0,4.0,6.0,5.0,2.0,8.0,1.0,3.0,1.0,1.0,2.0,2.0,3.0,4.0,1.0,,,,,,,
2021-2022,Bundesliga,epp0e63d1glvgva25m32vbdyi,,Borussia M'gladbach,43,Forward,0,0,0,0,0,,,,,,,,,,,,,,,0.0,0.0,0.0,0.0,,,,,,,,,,,,,,,,,,,,,,,,,,,,,,,,,,,,,,,,
2021-2022,Bundesliga,9bzwr8qhl6547tjrsjsity4x6,B. Białek,Wolfsburg,21,Forward,12,1,11,1,228,42.0,23.0,23.0,2.0,4.0,87.0,21.0,19.0,3.0,,2.0,,,16.0,0.0,3.0,5.0,16.0,,,,4.0,16.0,2.0,13.0,5.0,,,,38.0,8.0,,,15.0,6.0,1.0,,5.0,1.0,6.0,4.0,3.0,2.0,2.0,,,,,,,,,,,,,,
2021-2022,Bundesliga,7jk331axrytalt2iihweuaiju,L. Hartwig,Bochum,28,Forward,1,0,1,0,8,2.0,1.0,1.0,,,4.0,1.0,1.0,,,,,,1.0,0.0,0.0,1.0,2.0,,,,,1.0,,2.0,1.0,,,,,1.0,,,,,,,,,,,,,,,,,,,,,,,,,,,
2021-2022,Bundesliga,4dy76ma50fapqoni7d8j012w9,,Borussia Dortmund,40,Forward,0,0,0,0,0,,,,,,,,,,,,,,,0.0,0.0,0.0,0.0,,,,,,,,,,,,,,,,,,,,,,,,,,,,,,,,,,,,,,,,
2021-2022,Bundesliga,dkiozmzu8akx2gt68jhl0iove,,Arminia Bielefeld,35,Forward,0,0,0,0,0,,,,,,,,,,,,,,,0.0,0.0,0.0,0.0,,,,,,,,,,,,,,,,,,,,,,,,,,,,,,,,,,,,,,,,
2021-2022,Bundesliga,dwx1vmtmeiiokfqv18g7cb1lh,T. Jantschke,Borussia M'gladbach,24,Forward,3,3,0,2,233,121.0,88.0,88.0,4.0,42.0,159.0,84.0,32.0,12.0,,8.0,5.0,,36.0,5.0,6.0,11.0,15.0,,,,5.0,21.0,3.0,9.0,6.0,,6.0,1.0,2.0,3.0,1.0,1.0,2.0,,,5.0,,1.0,,,,,,,,,,,3.0,,,,,,,,
2021-2022,Bundesliga,cjbvvgkjx0ume03o3mjgw3ox5,J. Beyer,Borussia M'gladbach,15,Defender,17,15,2,2,1466,955.0,831.0,831.0,31.0,309.0,1299.0,802.0,115.0,41.0,,55.0,15.0,,386.0,37.0,64.0,64.0,114.0,,,,96.0,80.0,21.0,50.0,27.0,,47.0,20.0,91.0,23.0,6.0,6.0,24.0,16.0,5.0,27.0,5.0,13.0,3.0,3.0,7.0,3.0,,,,2.0,2.0,10.0,11.0,,,,,,,,
2021-2022,Bundesliga,2yc1t7u26zctwjizi283g6q6s,P. Wanner,Bayern München,14,Forward,4,0,4,0,57,13.0,11.0,11.0,,5.0,28.0,11.0,1.0,,,,,,5.0,3.0,4.0,3.0,6.0,,,,3.0,2.0,1.0,2.0,,,2.0,,10.0,2.0,1.0,1.0,1.0,1.0,,2.0,2.0,,,,1.0,1.0,,,,,,1.0,,,,,,,,,
2021-2022,Bundesliga,5bnq6c53ofgo9msqn3vlobpm2,,Bayern München,15,Forward,0,0,0,0,0,,,,,,,,,,,,,,,0.0,0.0,0.0,0.0,,,,,,,,,,,,,,,,,,,,,,,,,,,,,,,,,,,,,,,,
2021-2022,Bundesliga,bdaip8d1ba3a90aov7d2yq7yt,,Bayern München,28,Forward,0,0,0,0,0,,,,,,,,,,,,,,,0.0,0.0,0.0,0.0,,,,,,,,,,,,,,,,,,,,,,,,,,,,,,,,,,,,,,,,
2021-2022,Bundesliga,c1b8uxumwqfnp2d9yqnjlsga2,,Köln,5,Forward,0,0,0,0,0,,,,,,,,,,,,,,,0.0,0.0,0.0,0.0,,,,,,,,,,,,,,,,,,,,,,,,,,,,,,,,,,,,,,,,
2021-2022,Bundesliga,dk8dkykpno2tl80wmurr05qp6,L. Copado,Bayern München,34,Forward,1,0,1,0,24,4.0,3.0,3.0,,,12.0,3.0,1.0,,,,,,2.0,1.0,2.0,1.0,2.0,,,,3.0,1.0,,,,,1.0,1.0,5.0,,,,3.0,,,,,,,,,,,,,,,1.0,1.0,,,,,,,,
2021-2022,Bundesliga,6rl0ongclowl3upgw09hbts2y,,Bayern München,39,Forward,0,0,0,0,0,,,,,,,,,,,,,,,0.0,0.0,0.0,0.0,,,,,,,,,,,,,,,,,,,,,,,,,,,,,,,,,,,,,,,,
2021-2022,Bundesliga,9x87effxe2mm7ridem58e4fdh,,Bayern München,46,Forward,0,0,0,0,0,,,,,,,,,,,,,,,0.0,0.0,0.0,0.0,,,,,,,,,,,,,,,,,,,,,,,,,,,,,,,,,,,,,,,,
2021-2022,Bundesliga,9aze6hfznc76bednr9658xb3e,,Bayern München,49,Forward,0,0,0,0,0,,,,,,,,,,,,,,,0.0,0.0,0.0,0.0,,,,,,,,,,,,,,,,,,,,,,,,,,,,,,,,,,,,,,,,
2021-2022,Bundesliga,bbgnf53iva9u2rzc6xz045j9x,J. Locadia,Bochum,19,Forward,11,4,7,4,482,123.0,93.0,93.0,5.0,27.0,230.0,88.0,29.0,4.0,,2.0,1.0,,52.0,2.0,6.0,9.0,25.0,,,,14.0,25.0,9.0,19.0,7.0,,4.0,2.0,97.0,12.0,,,40.0,10.0,,2.0,11.0,1.0,12.0,4.0,2.0,7.0,8.0,2.0,1.0,,,,6.0,,1.0,,1.0,1.0,,,
2021-2022,Bundesliga,95jkb0rm86t1sqkjn05xe2aqd,G. Castro,Arminia Bielefeld,7,Forward,12,4,8,3,484,169.0,108.0,108.0,10.0,36.0,253.0,102.0,38.0,15.0,,3.0,3.0,,56.0,5.0,14.0,8.0,19.0,,,,26.0,40.0,4.0,5.0,3.0,,8.0,5.0,81.0,2.0,17.0,7.0,27.0,7.0,,3.0,2.0,3.0,5.0,3.0,4.0,3.0,2.0,1.0,1.0,4.0,3.0,2.0,3.0,,1.0,11.0,,2.0,,,
2021-2022,Bundesliga,r4grdzsip637zvi2uu3nl979,J. Schmid,Freiburg,7,Forward,13,6,7,3,646,330.0,255.0,255.0,37.0,104.0,451.0,221.0,58.0,20.0,,15.0,6.0,,117.0,11.0,20.0,19.0,37.0,,,,36.0,51.0,3.0,17.0,8.0,,12.0,6.0,124.0,9.0,13.0,13.0,42.0,4.0,,6.0,2.0,6.0,2.0,1.0,3.0,5.0,1.0,,,3.0,1.0,5.0,4.0,,,2.0,,,,,
2021-2022,Bundesliga,3lv7coxi3at2j41csxb9x8r8p,Afimico Pululu,Greuther Fürth,9,Forward,8,0,8,0,115,22.0,15.0,15.0,1.0,4.0,62.0,14.0,6.0,,,,,,8.0,6.0,14.0,8.0,22.0,,,,2.0,7.0,8.0,8.0,2.0,,1.0,1.0,28.0,6.0,1.0,1.0,13.0,4.0,,,4.0,1.0,1.0,1.0,7.0,,,,,,,6.0,,,,,,,,,
2021-2022,Bundesliga,33hs47yxefec8e9ntgqgr49n9,S. Kalajdžić,Stuttgart,9,Forward,15,13,2,1,1303,370.0,256.0,256.0,12.0,56.0,681.0,244.0,112.0,8.0,,14.0,2.0,,163.0,16.0,27.0,78.0,126.0,,,,37.0,106.0,18.0,99.0,62.0,,10.0,4.0,274.0,37.0,2.0,2.0,111.0,11.0,2.0,6.0,14.0,5.0,31.0,16.0,7.0,18.0,15.0,6.0,5.0,,,10.0,7.0,3.0,1.0,,1.0,2.0,,,
2021-2022,Bundesliga,d1gc59ozyrrnl82rog6fbm0dm,E. Millot,Stuttgart,8,Forward,6,0,6,0,87,31.0,23.0,23.0,1.0,6.0,56.0,23.0,5.0,,,1.0,1.0,,14.0,1.0,4.0,5.0,9.0,,,,4.0,7.0,1.0,5.0,4.0,,2.0,2.0,17.0,1.0,2.0,2.0,5.0,2.0,,,3.0,,,,1.0,1.0,,,,1.0,1.0,1.0,,,1.0,,,,,,
2021-2022,Bundesliga,80nniieqtuwjhomwjcebnxyzu,L. Egloff,Stuttgart,25,Forward,4,0,4,0,44,9.0,6.0,6.0,,3.0,21.0,6.0,3.0,1.0,,,,,3.0,0.0,1.0,1.0,4.0,,,,2.0,2.0,,3.0,1.0,,1.0,1.0,9.0,2.0,,,1.0,2.0,,,,1.0,,,,1.0,,,,,,,,,,,,,,,
2021-2022,Bundesliga,4ztde6imqmsn758mwh9zrgel1,L. Klünter,Hertha BSC,13,Forward,5,2,3,1,214,96.0,65.0,65.0,6.0,27.0,133.0,61.0,26.0,9.0,,2.0,2.0,,31.0,4.0,7.0,6.0,11.0,,,,12.0,19.0,2.0,4.0,2.0,,1.0,,21.0,2.0,2.0,2.0,11.0,5.0,1.0,1.0,2.0,1.0,,,3.0,2.0,,,,2.0,2.0,3.0,,,,,,,,,
2021-2022,Bundesliga,8dokj6azl918sltf7u4562lbe,,Köln,30,Forward,0,0,0,0,0,,,,,,,,,,,,,,,0.0,0.0,0.0,0.0,,,,,,,,,,,,,,,,,,,,,,,,,,,,,,,,,,,,,,,,
2021-2022,Bundesliga,3j2pv0methgc8k8rtqbi079p1,F. Uduokhai,Augsburg,19,Defender,13,8,5,1,843,420.0,324.0,324.0,30.0,155.0,584.0,294.0,91.0,41.0,,33.0,9.0,,112.0,14.0,18.0,37.0,53.0,,,,42.0,54.0,7.0,35.0,23.0,,9.0,3.0,29.0,12.0,4.0,4.0,12.0,6.0,1.0,6.0,5.0,5.0,2.0,2.0,1.0,,,,,,,8.0,8.0,,,,,,,,
2021-2022,Bundesliga,emglxnqrlqskt8krglv7sziwa,R. Pepi,Augsburg,18,Forward,11,4,7,4,518,101.0,66.0,66.0,2.0,10.0,209.0,65.0,32.0,,,8.0,3.0,,48.0,4.0,8.0,12.0,36.0,,,,11.0,33.0,4.0,28.0,8.0,,4.0,2.0,93.0,20.0,1.0,1.0,38.0,1.0,,2.0,6.0,7.0,6.0,2.0,2.0,4.0,4.0,,,1.0,1.0,2.0,2.0,,,,,1.0,,,
2021-2022,Bundesliga,19i0qsgzkuzg3b19zogzh7o16,,Augsburg,25,Forward,0,0,0,0,0,,,,,,,,,,,,,,,0.0,0.0,0.0,0.0,,,,,,,,,,,,,,,,,,,,,,,,,,,,,,,,,,,,,,,,
2021-2022,Bundesliga,bvvooccs9ktzfofeajjraihux,,RB Leipzig,41,Forward,0,0,0,0,0,,,,,,,,,,,,,,,0.0,0.0,0.0,0.0,,,,,,,,,,,,,,,,,,,,,,,,,,,,,,,,,,,,,,,,
2021-2022,Bundesliga,74n6zo57y4h14zll0p5ncm3ca,,Mainz 05,38,Forward,0,0,0,0,0,,,,,,,,,,,,,,,0.0,0.0,0.0,0.0,,,,,,,,,,,,,,,,,,,,,,,,,,,,,,,,,,,,,,,,
2021-2022,Bundesliga,3ojzrb5okc6i1jf1o7okovnjd,T. Fosu-Mensah,Bayer Leverkusen,24,Forward,6,0,6,0,172,94.0,71.0,71.0,6.0,23.0,131.0,67.0,19.0,6.0,,2.0,2.0,,33.0,4.0,7.0,6.0,12.0,,,,14.0,15.0,,5.0,2.0,,5.0,2.0,30.0,3.0,2.0,2.0,10.0,1.0,,3.0,,1.0,,,1.0,2.0,,,,2.0,2.0,1.0,,,,,,,,,
2021-2022,Bundesliga,3ndwckior1wi6ba3rrw10a356,,Bayer Leverkusen,39,Forward,0,0,0,0,0,,,,,,,,,,,,,,,0.0,0.0,0.0,0.0,,,,,,,,,,,,,,,,,,,,,,,,,,,,,,,,,,,,,,,,
2021-2022,Bundesliga,6rz47c6i1e4umc7kbh961x5ud,J. Grahl,Eintracht Frankfurt,31,Forward,1,1,0,0,95,29.0,24.0,24.0,1.0,21.0,33.0,23.0,5.0,4.0,1.0,1.0,,2.0,,0.0,0.0,0.0,0.0,2.0,0.0,1.0,2.0,1.0,,,,,,,,,,,,,,,,,,,,,,,,,,,,,,,,,,,
2021-2022,Bundesliga,xtbkmjbqwop0n2jvmnovidp1,A. Linde,Greuther Fürth,26,Goalkeeper,12,12,0,0,1132,501.0,324.0,324.0,84.0,258.0,531.0,240.0,171.0,162.0,13.0,1.0,1.0,39.0,3.0,1.0,1.0,5.0,5.0,24.0,3.0,12.0,19.0,9.0,1.0,4.0,4.0,1.0,,,,,,,,,,,,,,,,,,,,,,1.0,,,,,,,,,
2021-2022,Bundesliga,84l7r4ud9ipuf9vc3ib5b4l0q,H. Siquet,Freiburg,2,Forward,1,0,1,0,30,16.0,12.0,12.0,1.0,7.0,17.0,12.0,3.0,1.0,,,,,4.0,0.0,0.0,0.0,0.0,,,,,2.0,,,,,,,6.0,,,,3.0,1.0,,,,,,,,,,,,1.0,1.0,,,,,,,,,,
2021-2022,Bundesliga,6hnzgiw8h1itz9l2j3sb6oeeh,J. St. Juste,Mainz 05,4,Defender,8,7,1,1,645,296.0,227.0,227.0,27.0,113.0,458.0,201.0,63.0,25.0,,14.0,14.0,,74.0,10.0,16.0,34.0,55.0,,,,41.0,43.0,8.0,39.0,24.0,,13.0,4.0,52.0,15.0,5.0,5.0,21.0,14.0,,9.0,2.0,4.0,10.0,7.0,2.0,2.0,3.0,1.0,1.0,1.0,1.0,1.0,5.0,,,,,,,,
2021-2022,Bundesliga,6sj31v61vtwwxe5hhwkj80g7o,T. Bischof,Hoffenheim,39,Forward,1,0,1,0,18,5.0,2.0,2.0,,1.0,8.0,2.0,2.0,,,1.0,,,1.0,0.0,0.0,0.0,0.0,,,,,3.0,,,,,,,5.0,,1.0,1.0,2.0,1.0,,,1.0,1.0,,,,,,,,,,,,,,,,,,,
2021-2022,Bundesliga,13flfe4bjr0xh60qnf83pb8id,,Hertha BSC,12,Forward,0,0,0,0,0,,,,,,,,,,,,,,,0.0,0.0,0.0,0.0,,,,,,,,,,,,,,,,,,,,,,,,,,,,,,,,,,,,,,,,
2021-2022,Bundesliga,8828sbg7wzgjbs1727j0rx84q,A. Kade,Hertha BSC,46,Forward,4,0,4,0,98,30.0,19.0,19.0,1.0,5.0,62.0,18.0,9.0,2.0,,1.0,3.0,,13.0,3.0,12.0,5.0,15.0,,,,4.0,9.0,2.0,3.0,2.0,,4.0,2.0,20.0,1.0,2.0,2.0,10.0,2.0,,2.0,,3.0,1.0,,7.0,,1.0,,,,,1.0,,,,,,,,,
2021-2022,Bundesliga,ep37yla2gowrtjuj9itcf1lka,M. John,Hoffenheim,30,Forward,2,0,2,0,52,16.0,15.0,15.0,,8.0,25.0,15.0,1.0,,,1.0,1.0,,6.0,1.0,1.0,1.0,2.0,,,,2.0,1.0,,1.0,,,,,9.0,1.0,,,2.0,,,,,1.0,,,,,,,,,,1.0,,,,,,,,,
2021-2022,Bundesliga,73wkaux439sdodxdjhn1152sq,,Hoffenheim,32,Forward,0,0,0,0,0,,,,,,,,,,,,,,,0.0,0.0,0.0,0.0,,,,,,,,,,,,,,,,,,,,,,,,,,,,,,,,,,,,,,,,
2021-2022,Bundesliga,4p44mfh9j94rf0yuncvj3x46i,,Hoffenheim,45,Forward,0,0,0,0,0,,,,,,,,,,,,,,,0.0,0.0,0.0,0.0,,,,,,,,,,,,,,,,,,,,,,,,,,,,,,,,,,,,,,,,
2021-2022,Bundesliga,aafz6q5ggn9e6m5hprc71lgph,M. van der Hoorn,Arminia Bielefeld,6,Forward,1,0,1,0,17,2.0,2.0,2.0,,,7.0,2.0,,,,2.0,1.0,,2.0,0.0,1.0,0.0,1.0,,,,1.0,,1.0,,,,1.0,1.0,,,,,,,,,,,,,,,,,,,,,,,,,,,,,
2021-2022,Bundesliga,1234whn3ltpy7x664xztflp05,,Arminia Bielefeld,7,Forward,0,0,0,0,0,,,,,,,,,,,,,,,0.0,0.0,0.0,0.0,,,,,,,,,,,,,,,,,,,,,,,,,,,,,,,,,,,,,,,,
2021-2022,Bundesliga,9br2z5cf6stmnidehwo5a8afp,B. Santamaría,Freiburg,8,Forward,1,0,1,0,24,3.0,1.0,1.0,,,7.0,1.0,2.0,,,1.0,1.0,,1.0,0.0,0.0,0.0,0.0,,,,,2.0,,,,,,,3.0,,,,3.0,,,,,,,,,,,,,,,,,,,,,,,,
2021-2022,Bundesliga,2we9yak4ipkr1ljigj20puv6y,G. Reyna,Borussia Dortmund,7,Midfielder,10,6,4,5,469,248.0,189.0,189.0,10.0,38.0,375.0,187.0,36.0,9.0,,3.0,1.0,,119.0,10.0,20.0,15.0,32.0,,,,27.0,41.0,11.0,12.0,5.0,,7.0,3.0,162.0,7.0,14.0,5.0,58.0,7.0,,4.0,13.0,6.0,10.0,4.0,7.0,13.0,6.0,2.0,2.0,8.0,3.0,6.0,1.0,,1.0,14.0,,,,,
2021-2022,Bundesliga,4gqnyyx3i92fayq6cxvekqwut,T. Delaney,Borussia Dortmund,6,Forward,1,0,1,0,23,11.0,8.0,8.0,,1.0,15.0,8.0,3.0,1.0,,,,,5.0,0.0,1.0,0.0,1.0,,,,1.0,2.0,,,,,,,2.0,,,,,,,,,,,,1.0,,,,,,,,,,,,,,,,
2021-2022,Bundesliga,6rcpz4u8c90mcfl6nec0rhc2y,,Borussia Dortmund,42,Forward,0,0,0,0,0,,,,,,,,,,,,,,,0.0,0.0,0.0,0.0,,,,,,,,,,,,,,,,,,,,,,,,,,,,,,,,,,,,,,,,
2021-2022,Bundesliga,9uf4fsff2lpic3u0l7zpuqsid,,Eintracht Frankfurt,32,Forward,0,0,0,0,0,,,,,,,,,,,,,,,0.0,0.0,0.0,0.0,,,,,,,,,,,,,,,,,,,,,,,,,,,,,,,,,,,,,,,,
2021-2022,Bundesliga,9rm3r46uzxlmuqnp0jo4danhm,Matheus Cunha,Hertha BSC,10,Forward,1,1,0,1,64,13.0,11.0,11.0,,3.0,25.0,11.0,2.0,,,,,,7.0,1.0,2.0,1.0,3.0,,,,1.0,2.0,3.0,1.0,,,,,10.0,1.0,,,4.0,1.0,,,2.0,,2.0,1.0,1.0,1.0,1.0,,,,,1.0,,,1.0,,,,,,
2021-2022,Bundesliga,dy8wa8cciiae72q2ynm80rlcl,J. Dilrosun,Hertha BSC,16,Forward,2,1,1,1,142,33.0,26.0,26.0,2.0,9.0,70.0,24.0,6.0,,,,,,14.0,3.0,10.0,3.0,12.0,,,,14.0,7.0,2.0,2.0,,,3.0,2.0,13.0,2.0,1.0,1.0,3.0,3.0,,1.0,3.0,1.0,,,5.0,,,,,,,2.0,1.0,,,,,,,,
2021-2022,Bundesliga,ejxgz2jbm2yxwalaffdg967kl,S. Fürstner,Mainz 05,35,Forward,1,0,1,0,14,4.0,1.0,1.0,,1.0,6.0,1.0,3.0,1.0,,1.0,,,,0.0,0.0,0.0,0.0,,,,1.0,2.0,,,,,,,,,,,,,,,,,,,,,,,,,,,,,,,,,,,
2021-2022,Bundesliga,blvsz17s5wjfnl2lg8xa60goa,,Mainz 05,36,Forward,0,0,0,0,0,,,,,,,,,,,,,,,0.0,0.0,0.0,0.0,,,,,,,,,,,,,,,,,,,,,,,,,,,,,,,,,,,,,,,,
2021-2022,Bundesliga,5lfm3xk5fru9pgvxllnqzwm0a,,Mainz 05,37,Forward,0,0,0,0,0,,,,,,,,,,,,,,,0.0,0.0,0.0,0.0,,,,,,,,,,,,,,,,,,,,,,,,,,,,,,,,,,,,,,,,
2021-2022,Bundesliga,9ve4bq2pqyde5pkfsg4txo161,R. Rösch,Mainz 05,43,Forward,1,0,1,0,10,,,,,,4.0,,,,,,,,,0.0,1.0,0.0,1.0,,,,1.0,,,,,,,,4.0,,,,,,,,,,,,1.0,,,,,,,,,,,,,,,,
2021-2022,Bundesliga,dl8x6fzdexn8r0sj65vgcgq8l,Hwang Hee-Chan,RB Leipzig,11,Forward,2,0,2,0,59,8.0,7.0,7.0,,,18.0,7.0,1.0,1.0,,,1.0,,7.0,2.0,3.0,3.0,5.0,,,,,,2.0,2.0,1.0,,,,9.0,1.0,,,5.0,,,,,,1.0,1.0,1.0,,,,,,,2.0,,,,,,,,,
2021-2022,Bundesliga,ip62fljz9ng6sil4krcq8dm1,J. Hoogma,Greuther Fürth,5,Defender,3,3,0,0,287,180.0,144.0,144.0,12.0,77.0,221.0,132.0,36.0,18.0,,4.0,4.0,,47.0,5.0,6.0,15.0,19.0,,,,11.0,18.0,,13.0,10.0,,6.0,1.0,6.0,3.0,,,3.0,4.0,1.0,5.0,,,,,,1.0,,,,,,,6.0,,,,,,,,
2021-2022,Bundesliga,48ut25gtrubzjh2pzdyp7xuqd,G. Jung,Greuther Fürth,23,Forward,5,1,4,0,169,63.0,49.0,49.0,1.0,22.0,89.0,48.0,14.0,8.0,,5.0,2.0,,19.0,2.0,5.0,2.0,9.0,,,,6.0,6.0,4.0,4.0,,,3.0,2.0,1.0,4.0,,,1.0,,,1.0,,,,,1.0,,,,,,,1.0,1.0,,,,,,,,
2021-2022,Bundesliga,8azoo2y8vawzd90sh1cqwz9w5,E. Thommy,Stuttgart,11,Forward,11,1,10,2,339,117.0,82.0,82.0,6.0,23.0,186.0,81.0,12.0,6.0,,,4.0,,54.0,4.0,12.0,6.0,18.0,,,,12.0,24.0,6.0,6.0,2.0,,2.0,2.0,85.0,4.0,18.0,14.0,41.0,2.0,,,2.0,3.0,6.0,2.0,6.0,8.0,4.0,,,5.0,2.0,4.0,4.0,,,7.0,,,,,
2021-2022,Bundesliga,dz70ci3ugpcsbat6ma2mcraax,,Stuttgart,19,Forward,0,0,0,0,0,,,,,,,,,,,,,,,0.0,0.0,0.0,0.0,,,,,,,,,,,,,,,,,,,,,,,,,,,,,,,,,,,,,,,,
2021-2022,Bundesliga,b2uznyb9b8fxsy57450mbmwru,M. Sankoh,Stuttgart,44,Forward,1,0,1,1,4,,,,,,2.0,,,,,,,,,0.0,0.0,0.0,0.0,,,,1.0,,,,,,,,1.0,,,,1.0,,,,,,1.0,,,,1.0,,,,,,,,,,,,,,
2021-2022,Bundesliga,aybzlrbkvnobkazjsmox975jp,J. Baumgartlinger,Bayer Leverkusen,15,Forward,6,1,5,1,105,70.0,62.0,62.0,4.0,15.0,90.0,58.0,7.0,2.0,,,2.0,,35.0,1.0,3.0,2.0,5.0,,,,8.0,6.0,,2.0,1.0,,3.0,2.0,5.0,1.0,1.0,1.0,,2.0,1.0,1.0,,1.0,,,,,,,,,,,,,,,,,,,
2021-2022,Bundesliga,c9u6h5uhnk1e4ukc3eq0zqcid,J. Pohjanpalo,Bayer Leverkusen,17,Forward,2,0,2,0,19,3.0,1.0,1.0,,,6.0,1.0,2.0,,,,,,1.0,0.0,0.0,1.0,3.0,,,,,2.0,,3.0,1.0,,,,,2.0,,,,1.0,,,,,,,,,,,,,,,,,,,,,,,
2021-2022,Bundesliga,av5ng2yhu8q1lqacekmxci0ut,,Bayer Leverkusen,18,Forward,0,0,0,0,0,,,,,,,,,,,,,,,0.0,0.0,0.0,0.0,,,,,,,,,,,,,,,,,,,,,,,,,,,,,,,,,,,,,,,,
2021-2022,Bundesliga,7k7whr0pdbw5wtk7g0cwozw0l,,Bayer Leverkusen,23,Forward,0,0,0,0,0,,,,,,,,,,,,,,,0.0,0.0,0.0,0.0,,,,,,,,,,,,,,,,,,,,,,,,,,,,,,,,,,,,,,,,
2021-2022,Bundesliga,3gq68k18hhnaazwonmkyjik15,,Union Berlin,26,Forward,0,0,0,0,0,,,,,,,,,,,,,,,0.0,0.0,0.0,0.0,,,,,,,,,,,,,,,,,,,,,,,,,,,,,,,,,,,,,,,,
2021-2022,Bundesliga,9xftmtdsxbuu2itzhi3v1xbdh,S. Zoller,Bochum,9,Forward,10,6,4,2,640,157.0,112.0,112.0,4.0,22.0,235.0,112.0,33.0,4.0,,2.0,4.0,,78.0,4.0,7.0,10.0,17.0,,,,22.0,35.0,5.0,10.0,6.0,,4.0,2.0,88.0,4.0,6.0,6.0,44.0,12.0,3.0,2.0,1.0,3.0,10.0,3.0,1.0,5.0,7.0,3.0,3.0,4.0,4.0,2.0,1.0,1.0,2.0,,,,,,
2021-2022,Bundesliga,1s1v1tweyx8wxc9hj2jrnaggl,X. Schlager,Wolfsburg,24,Midfielder,14,13,1,9,1069,422.0,318.0,318.0,16.0,132.0,706.0,303.0,97.0,16.0,,14.0,9.0,,126.0,31.0,62.0,43.0,82.0,,,,102.0,86.0,10.0,20.0,12.0,,43.0,23.0,130.0,8.0,5.0,5.0,28.0,23.0,2.0,20.0,10.0,23.0,6.0,5.0,8.0,3.0,1.0,,,1.0,1.0,11.0,6.0,,1.0,,,4.0,,,
2021-2022,Bundesliga,aq39ufdq3jipi8uwjuod5z97u,,Wolfsburg,48,Forward,0,0,0,0,0,,,,,,,,,,,,,,,0.0,0.0,0.0,0.0,,,,,,,,,,,,,,,,,,,,,,,,,,,,,,,,,,,,,,,,
2021-2022,Bundesliga,dnw3y6r7bk0aqbta2s7ttivhl,F. Bjørkan,Hertha BSC,3,Forward,9,2,7,1,392,166.0,131.0,131.0,9.0,61.0,258.0,124.0,30.0,12.0,,8.0,6.0,,48.0,14.0,22.0,15.0,28.0,,,,29.0,21.0,3.0,6.0,1.0,,12.0,2.0,42.0,5.0,3.0,3.0,13.0,3.0,1.0,10.0,3.0,4.0,,,6.0,2.0,,,,2.0,2.0,4.0,2.0,,,,,1.0,,,
2021-2022,Bundesliga,7446u69ki15qcyq2jtszacm3t,L. Grill,Bayer Leverkusen,21,Forward,1,1,0,0,95,47.0,34.0,34.0,7.0,18.0,48.0,27.0,13.0,13.0,,,,5.0,4.0,0.0,0.0,0.0,0.0,2.0,0.0,1.0,1.0,,,,,,,,,,,,,,,,,,,,,,,,,,,,,,,,,,,,
2021-2022,Bundesliga,dp43e5k7kldvqvn89h431t9zp,,Borussia M'gladbach,4,Forward,0,0,0,0,0,,,,,,,,,,,,,,,0.0,0.0,0.0,0.0,,,,,,,,,,,,,,,,,,,,,,,,,,,,,,,,,,,,,,,,
2021-2022,Bundesliga,5pnfmmq8b8jxmp1qnf82d8out,S. Michel,Union Berlin,10,Forward,13,2,11,3,386,115.0,64.0,64.0,3.0,9.0,240.0,63.0,43.0,2.0,,1.0,1.0,,45.0,7.0,21.0,20.0,55.0,,,,16.0,47.0,4.0,34.0,13.0,,10.0,4.0,127.0,21.0,6.0,6.0,51.0,12.0,2.0,6.0,9.0,3.0,7.0,4.0,10.0,4.0,3.0,3.0,3.0,2.0,2.0,1.0,2.0,1.0,1.0,,,1.0,,,
2021-2022,Bundesliga,9fmsuan0jb0yu4z68at97tmju,B. Ince,Arminia Bielefeld,17,Forward,5,1,4,1,162,36.0,31.0,31.0,1.0,4.0,60.0,30.0,2.0,1.0,,,,,21.0,4.0,4.0,4.0,5.0,,,,6.0,4.0,4.0,1.0,,,1.0,,30.0,1.0,3.0,2.0,12.0,2.0,,1.0,3.0,1.0,4.0,2.0,,1.0,2.0,,,,,3.0,,,,1.0,,,,,
2021-2022,Bundesliga,61zjhp2dn7uy819kdei4qqqga,G. Bello,Arminia Bielefeld,24,Forward,10,3,7,0,491,171.0,128.0,128.0,8.0,40.0,280.0,122.0,32.0,11.0,,11.0,6.0,,66.0,16.0,29.0,16.0,37.0,,,,26.0,30.0,6.0,8.0,,,7.0,,75.0,8.0,9.0,7.0,32.0,4.0,,7.0,4.0,1.0,2.0,1.0,13.0,2.0,1.0,,,2.0,2.0,9.0,6.0,,,2.0,,1.0,,,
2021-2022,Bundesliga,487v5lof1h2czoedlj0oyiind,Lee Dong-Jun,Hertha BSC,30,Forward,4,1,3,1,131,17.0,12.0,12.0,,3.0,58.0,12.0,3.0,,,1.0,2.0,,7.0,3.0,11.0,3.0,13.0,,,,3.0,5.0,3.0,2.0,,,2.0,1.0,24.0,2.0,2.0,2.0,15.0,3.0,,1.0,4.0,2.0,3.0,2.0,7.0,,1.0,,,,,2.0,,,,,,,,,
2021-2022,Bundesliga,4u4lkw0zq671i7p9agoa57x7t,M. Lotka,Hertha BSC,37,Goalkeeper,10,9,1,0,946,336.0,201.0,201.0,77.0,174.0,373.0,124.0,134.0,130.0,11.0,3.0,1.0,25.0,1.0,0.0,1.0,6.0,8.0,18.0,2.0,9.0,13.0,4.0,5.0,7.0,6.0,7.0,1.0,1.0,2.0,1.0,,,2.0,,1.0,,,,,,,,,,,,,,4.0,,,,,,,,
2021-2022,Bundesliga,mgwgcv336wb93xvv0pfr6dih,J. Chabot,Köln,24,Forward,4,2,2,1,224,158.0,124.0,124.0,10.0,56.0,221.0,114.0,34.0,14.0,,5.0,3.0,,48.0,4.0,10.0,13.0,29.0,,,,14.0,20.0,7.0,19.0,9.0,,8.0,5.0,8.0,10.0,,,5.0,5.0,1.0,3.0,,2.0,,,1.0,,,,,,,1.0,2.0,,,,,,,,
2021-2022,Bundesliga,3n2imac1yp8jppsf36a4qg76y,D. Burgzorg,Mainz 05,37,Forward,3,0,3,0,46,3.0,3.0,3.0,,1.0,15.0,3.0,,,,,,,1.0,2.0,5.0,2.0,7.0,,,,,,,2.0,,,1.0,,11.0,2.0,,,6.0,1.0,,1.0,,,1.0,,3.0,,1.0,1.0,1.0,,,1.0,1.0,,,,,,,,
2021-2022,Bundesliga,a79w3ps3dbr20r5316v72y9gq,,Hoffenheim,34,Forward,0,0,0,0,0,,,,,,,,,,,,,,,0.0,0.0,0.0,0.0,,,,,,,,,,,,,,,,,,,,,,,,,,,,,,,,,,,,,,,,
2021-2022,Bundesliga,9ic8hvnkzj9p0ikh6bwaeoqju,Tiago Tomás,Stuttgart,18,Forward,14,13,1,7,1129,223.0,143.0,143.0,3.0,32.0,479.0,143.0,60.0,13.0,,1.0,4.0,,87.0,20.0,59.0,26.0,85.0,,,,42.0,62.0,25.0,26.0,6.0,,8.0,4.0,228.0,20.0,15.0,15.0,93.0,6.0,2.0,4.0,11.0,3.0,24.0,9.0,35.0,7.0,15.0,4.0,4.0,3.0,3.0,16.0,4.0,,,,,1.0,,,
2021-2022,Bundesliga,9098xyr1l21e32i0g70me9w4p,T. Raschl,Borussia Dortmund,37,Forward,10,7,3,4,617,265.0,215.0,215.0,6.0,73.0,407.0,209.0,49.0,10.0,,1.0,3.0,,98.0,18.0,28.0,19.0,33.0,,,,47.0,40.0,8.0,5.0,1.0,,12.0,3.0,64.0,4.0,1.0,1.0,11.0,7.0,,9.0,13.0,9.0,4.0,3.0,7.0,3.0,1.0,,,,,9.0,2.0,,1.0,,,2.0,,,
2021-2022,Bundesliga,eswxx8pxqyuj7rnpvqawpej1l,J. Wind,Wolfsburg,23,Forward,14,14,0,7,1217,376.0,244.0,244.0,8.0,106.0,680.0,236.0,125.0,11.0,,13.0,6.0,,101.0,16.0,26.0,70.0,135.0,,,,45.0,119.0,31.0,109.0,54.0,,10.0,4.0,213.0,55.0,5.0,5.0,75.0,14.0,,6.0,20.0,5.0,28.0,12.0,6.0,12.0,16.0,5.0,5.0,,,10.0,11.0,,1.0,,,7.0,,,
2021-2022,Bundesliga,2dxsntw3djezptdjqzu0oxi7e,K. Paredes,Wolfsburg,40,Forward,2,0,2,0,22,8.0,6.0,6.0,,1.0,13.0,6.0,1.0,1.0,,,,,5.0,0.0,1.0,0.0,1.0,,,,2.0,1.0,,,,,1.0,1.0,8.0,,1.0,1.0,2.0,1.0,,,,1.0,,,,,,,,,,,,,,,,,,,
2021-2022,Bundesliga,88unrmh29io1zmqzxwjzuqtm2,,Bochum,31,Forward,0,0,0,0,0,,,,,,,,,,,,,,,0.0,0.0,0.0,0.0,,,,,,,,,,,,,,,,,,,,,,,,,,,,,,,,,,,,,,,,
2021-2022,Bundesliga,f0x3pa532agezdjdzcsp94l49,A. Schäfer,Union Berlin,13,Forward,8,1,7,1,271,88.0,66.0,66.0,1.0,19.0,163.0,65.0,20.0,4.0,,4.0,2.0,,37.0,5.0,10.0,6.0,16.0,,,,25.0,17.0,2.0,6.0,1.0,,4.0,3.0,43.0,5.0,1.0,1.0,15.0,6.0,2.0,1.0,1.0,6.0,6.0,3.0,2.0,3.0,3.0,1.0,1.0,,,4.0,2.0,,1.0,,,,,,
2021-2022,Bundesliga,tziy50pwp9tseb5ujuddlox6,,Union Berlin,29,Forward,0,0,0,0,0,,,,,,,,,,,,,,,0.0,0.0,0.0,0.0,,,,,,,,,,,,,,,,,,,,,,,,,,,,,,,,,,,,,,,,
2021-2022,Bundesliga,45rssbwxy4kmge5ff85dm7bop,,Union Berlin,39,Forward,0,0,0,0,0,,,,,,,,,,,,,,,0.0,0.0,0.0,0.0,,,,,,,,,,,,,,,,,,,,,,,,,,,,,,,,,,,,,,,,
2021-2022,Bundesliga,bf22is04tealb92h075c7u356,,Hertha BSC,49,Forward,0,0,0,0,0,,,,,,,,,,,,,,,0.0,0.0,0.0,0.0,,,,,,,,,,,,,,,,,,,,,,,,,,,,,,,,,,,,,,,,
2021-2022,Bundesliga,533btwosj21s36n9w4wy3urmy,,Hertha BSC,39,Forward,0,0,0,0,0,,,,,,,,,,,,,,,0.0,0.0,0.0,0.0,,,,,,,,,,,,,,,,,,,,,,,,,,,,,,,,,,,,,,,,
2021-2022,Bundesliga,3wsyacqj7ci0ga9bzb988v7qh,,Mainz 05,32,Forward,0,0,0,0,0,,,,,,,,,,,,,,,0.0,0.0,0.0,0.0,,,,,,,,,,,,,,,,,,,,,,,,,,,,,,,,,,,,,,,,
2021-2022,Bundesliga,64ux2tbb35i36qf6oij2263qi,J. Che,Hoffenheim,24,Forward,2,0,2,0,46,27.0,21.0,21.0,2.0,8.0,33.0,20.0,4.0,1.0,,,1.0,,10.0,0.0,2.0,0.0,3.0,,,,1.0,4.0,,1.0,,,2.0,2.0,8.0,1.0,1.0,1.0,2.0,,,,,,1.0,1.0,,,,,,1.0,1.0,,,,,,,,,,
2021-2022,Bundesliga,87ytopsesl3dy8wwdefnzlm5m,,Hoffenheim,31,Forward,0,0,0,0,0,,,,,,,,,,,,,,,0.0,0.0,0.0,0.0,,,,,,,,,,,,,,,,,,,,,,,,,,,,,,,,,,,,,,,,
2021-2022,Bundesliga,1ltc40nsr2fkx99i5hf7i3mga,,Borussia Dortmund,4,Forward,0,0,0,0,0,,,,,,,,,,,,,,,0.0,0.0,0.0,0.0,,,,,,,,,,,,,,,,,,,,,,,,,,,,,,,,,,,,,,,,
2021-2022,Bundesliga,4qkv71pjmzw66crfaktr6tihh,M. Halstenberg,RB Leipzig,23,Forward,8,5,3,2,533,414.0,356.0,356.0,20.0,133.0,522.0,341.0,51.0,18.0,,11.0,7.0,,173.0,14.0,18.0,22.0,28.0,,,,35.0,35.0,4.0,10.0,8.0,,10.0,3.0,53.0,2.0,2.0,2.0,15.0,4.0,,7.0,1.0,6.0,4.0,3.0,1.0,4.0,1.0,1.0,1.0,5.0,3.0,7.0,1.0,,,2.0,,,,,
2021-2022,Bundesliga,59pu8nnghyxvvt8r3zyndpfpx,S. Azmoun,Bayer Leverkusen,9,Forward,9,4,5,4,392,108.0,79.0,79.0,2.0,30.0,182.0,77.0,25.0,,,8.0,,,41.0,5.0,9.0,12.0,26.0,,,,9.0,27.0,4.0,17.0,7.0,,3.0,2.0,61.0,10.0,2.0,2.0,25.0,8.0,,1.0,2.0,2.0,10.0,6.0,2.0,6.0,4.0,1.0,1.0,,,4.0,1.0,,1.0,,,3.0,,,
2021-2022,Bundesliga,bh5gxk1kd65fnph0s6kgxt8q2,,Freiburg,61,Forward,0,0,0,0,0,,,,,,,,,,,,,,,0.0,0.0,0.0,0.0,,,,,,,,,,,,,,,,,,,,,,,,,,,,,,,,,,,,,,,,
2021-2022,Bundesliga,42kik8nrr738ipgk1lmmnhega,,Mainz 05,41,Forward,0,0,0,0,0,,,,,,,,,,,,,,,0.0,0.0,0.0,0.0,,,,,,,,,,,,,,,,,,,,,,,,,,,,,,,,,,,,,,,,
2021-2022,Bundesliga,963qasbzcgxyi3w8lrquob2p6,,Arminia Bielefeld,42,Forward,0,0,0,0,0,,,,,,,,,,,,,,,0.0,0.0,0.0,0.0,,,,,,,,,,,,,,,,,,,,,,,,,,,,,,,,,,,,,,,,
2021-2022,Bundesliga,93s2l3clcq9butabodi3fkui2,,Arminia Bielefeld,40,Forward,0,0,0,0,0,,,,,,,,,,,,,,,0.0,0.0,0.0,0.0,,,,,,,,,,,,,,,,,,,,,,,,,,,,,,,,,,,,,,,,
2021-2022,Bundesliga,beaw9i2t3fdvx0g4pjhyiqhp0,,Arminia Bielefeld,41,Forward,0,0,0,0,0,,,,,,,,,,,,,,,0.0,0.0,0.0,0.0,,,,,,,,,,,,,,,,,,,,,,,,,,,,,,,,,,,,,,,,
2021-2022,Bundesliga,vzbmf6lqvbw398clnt7jyiqy,,Freiburg,36,Forward,0,0,0,0,0,,,,,,,,,,,,,,,0.0,0.0,0.0,0.0,,,,,,,,,,,,,,,,,,,,,,,,,,,,,,,,,,,,,,,,
2021-2022,Bundesliga,btgtfolx9bhri1d7hol40gvrp,V. Vermeij,Freiburg,48,Forward,1,0,1,0,6,3.0,2.0,2.0,,,9.0,2.0,1.0,,,,,,2.0,1.0,2.0,2.0,4.0,,,,1.0,1.0,,2.0,1.0,,,,5.0,1.0,,,2.0,,,,,1.0,,,1.0,,,,,,,1.0,,,,,,,,,
2021-2022,Bundesliga,e8hf96xbntslqrlottv5yp016,,Freiburg,50,Forward,0,0,0,0,0,,,,,,,,,,,,,,,0.0,0.0,0.0,0.0,,,,,,,,,,,,,,,,,,,,,,,,,,,,,,,,,,,,,,,,
2021-2022,Bundesliga,c7gwbtdqptxjtu3tn3xctvit,,Union Berlin,12,Forward,0,0,0,0,0,,,,,,,,,,,,,,,0.0,0.0,0.0,0.0,,,,,,,,,,,,,,,,,,,,,,,,,,,,,,,,,,,,,,,,
2021-2022,Bundesliga,2xhjk8n6eamd7apff98n9hgfe,,Union Berlin,38,Forward,0,0,0,0,0,,,,,,,,,,,,,,,0.0,0.0,0.0,0.0,,,,,,,,,,,,,,,,,,,,,,,,,,,,,,,,,,,,,,,,
2021-2022,Bundesliga,9c9bcgsg10k7j2l8n0xh6laz9,S. Decarli,Bochum,5,Forward,1,0,1,0,16,6.0,6.0,6.0,,1.0,8.0,6.0,,,,,,,4.0,0.0,0.0,0.0,1.0,,,,,,,1.0,,,,,3.0,1.0,,,2.0,,,,,,1.0,,,,1.0,,,,,,,,,,,,,,
2021-2022,Bundesliga,73midbzog1lb0q6elv6i1oa5m,,Greuther Fürth,19,Forward,0,0,0,0,0,,,,,,,,,,,,,,,0.0,0.0,0.0,0.0,,,,,,,,,,,,,,,,,,,,,,,,,,,,,,,,,,,,,,,,
2021-2022,Bundesliga,2n3hi9p88xwnfuuybojrdb42y,M. Winkler,Hertha BSC,35,Forward,1,0,1,0,34,8.0,4.0,4.0,,1.0,9.0,4.0,3.0,1.0,,,,,3.0,0.0,0.0,0.0,0.0,,,,,3.0,1.0,,,,,,2.0,,1.0,1.0,1.0,,,,,,,,,,,,,,,,,,,,,,,,
2021-2022,Bundesliga,di0uw1d4sz4pa46nol4mb8yqd,,Köln,36,Forward,0,0,0,0,0,,,,,,,,,,,,,,,0.0,0.0,0.0,0.0,,,,,,,,,,,,,,,,,,,,,,,,,,,,,,,,,,,,,,,,
2021-2022,Bundesliga,5vgs10pyw2112mna9c9g91zv9,,Köln,44,Forward,0,0,0,0,0,,,,,,,,,,,,,,,0.0,0.0,0.0,0.0,,,,,,,,,,,,,,,,,,,,,,,,,,,,,,,,,,,,,,,,
2021-2022,Bundesliga,7zovpqen1bw4zw5w7emo9gdpm,,Stuttgart,43,Forward,0,0,0,0,0,,,,,,,,,,,,,,,0.0,0.0,0.0,0.0,,,,,,,,,,,,,,,,,,,,,,,,,,,,,,,,,,,,,,,,
2021-2022,Bundesliga,du9vq193cqx7gmve30eijws15,J. Ngankam,Greuther Fürth,17,Forward,6,4,2,4,349,45.0,25.0,25.0,,5.0,127.0,25.0,18.0,1.0,,1.0,,,16.0,5.0,13.0,12.0,30.0,,,,10.0,17.0,5.0,17.0,7.0,,3.0,2.0,54.0,10.0,,,27.0,12.0,,1.0,5.0,3.0,7.0,2.0,6.0,1.0,5.0,2.0,2.0,,,4.0,2.0,,1.0,,,,,,
2021-2022,Bundesliga,dagqmnyits33v1tnw02w3mk4q,J. Eitschberger,Hertha BSC,42,Defender,1,1,0,1,45,32.0,20.0,20.0,,6.0,42.0,20.0,12.0,3.0,,2.0,2.0,,11.0,0.0,0.0,0.0,1.0,,,,4.0,9.0,2.0,1.0,,,,,4.0,1.0,,,1.0,,,,,,,,,,,,,,,,1.0,,,,,,,,
2021-2022,Bundesliga,c2mwg1uhug0pbgl72uf9b927e,J. Gittens,Borussia Dortmund,43,Forward,4,1,3,1,149,43.0,29.0,29.0,,13.0,99.0,29.0,13.0,1.0,,1.0,1.0,,14.0,15.0,24.0,17.0,28.0,,,,5.0,12.0,6.0,4.0,2.0,,3.0,1.0,55.0,2.0,,,14.0,2.0,,2.0,5.0,3.0,1.0,,8.0,2.0,1.0,,,,,13.0,1.0,,,,,2.0,,,
2021-2022,Bundesliga,ec04djw7dspowrm7h7wr6e5ed,J. Brekalo,Wolfsburg,7,Forward,1,0,1,0,27,17.0,12.0,12.0,2.0,2.0,27.0,10.0,3.0,,,,,,6.0,1.0,1.0,1.0,1.0,,,,4.0,5.0,,,,,,,13.0,,2.0,2.0,2.0,,,,2.0,,,,,1.0,,,,,,1.0,,,1.0,,,,,,
2021-2022,Bundesliga,4212luiyivgvje1vm1ojieicq,G. Vidović,Bayern München,38,Forward,3,0,3,0,53,21.0,16.0,16.0,1.0,5.0,34.0,15.0,5.0,,,,,,10.0,3.0,4.0,3.0,5.0,,,,4.0,5.0,,1.0,,,,,18.0,1.0,,,6.0,,,,2.0,,,,1.0,2.0,,,,,,3.0,,,,,,,,,
2021-2022,Bundesliga,4rtps64cca8vrscv80bgyvjf8,T. Rothe,Borussia Dortmund,36,Forward,2,1,1,1,100,54.0,40.0,40.0,2.0,11.0,76.0,38.0,9.0,2.0,,3.0,2.0,,25.0,4.0,7.0,4.0,7.0,,,,5.0,12.0,1.0,,,,4.0,1.0,23.0,,5.0,5.0,10.0,3.0,1.0,3.0,,2.0,1.0,,2.0,1.0,1.0,1.0,1.0,,,1.0,1.0,1.0,,,,,,,
2021-2022,Bundesliga,7llha5t07wule8lukrckf6s16,L. Semić,Borussia Dortmund,37,Forward,1,0,1,0,3,,,,,,,,,,,,,,,0.0,0.0,0.0,0.0,,,,,,,,,,,,,,,,,,,,,,,,,,,,,,,,,,,,,,,,
2021-2022,Bundesliga,eifhzwq3j8e4v213su5fgqt7u,,Eintracht Frankfurt,43,Forward,0,0,0,0,0,,,,,,,,,,,,,,,0.0,0.0,0.0,0.0,,,,,,,,,,,,,,,,,,,,,,,,,,,,,,,,,,,,,,,,
2021-2022,Bundesliga,7y56q44sss2o7my2surg4kzit,R. Bürki,Borussia Dortmund,38,Forward,1,1,0,0,100,23.0,16.0,16.0,1.0,15.0,29.0,15.0,7.0,7.0,,,,,,0.0,0.0,0.0,0.0,1.0,0.0,1.0,6.0,,,,,,,,,,,,,,,,,,,,,,,,,,,,,,,,,,,,
2021-2022,Bundesliga,7bskvlj9sjmvlrvfn4036uq96,L. Wollschläger,Hertha BSC,24,Forward,2,0,2,0,31,6.0,5.0,5.0,,1.0,12.0,5.0,1.0,,,,,,3.0,1.0,2.0,1.0,3.0,,,,,1.0,,1.0,,,1.0,,7.0,1.0,,,3.0,1.0,,1.0,1.0,,1.0,1.0,1.0,1.0,,,,,,,,,,,,,,,
2021-2022,Bundesliga,3y3krzx5g6hxunvllkgn34b8p,,Borussia Dortmund,25,Forward,0,0,0,0,0,,,,,,,,,,,,,,,0.0,0.0,0.0,0.0,,,,,,,,,,,,,,,,,,,,,,,,,,,,,,,,,,,,,,,,
2021-2022,Bundesliga,3awoq36w443aauvv1xnffjlyh,I. Pherai,Borussia Dortmund,44,Forward,1,0,1,0,2,,,,,,,,,,,,,,,0.0,0.0,0.0,0.0,,,,,,,,,,,,,,,,,,,,,,,,,,,,,,,,,,,,,,,,
2021-2022,Bundesliga,68rs7juin2mmdok00hw6uvre2,,Borussia Dortmund,49,Forward,0,0,0,0,0,,,,,,,,,,,,,,,0.0,0.0,0.0,0.0,,,,,,,,,,,,,,,,,,,,,,,,,,,,,,,,,,,,,,,,
2021-2022,Bundesliga,1sjqj5n98n7gih0ns5ecjqf6y,,Hertha BSC,41,Forward,0,0,0,0,0,,,,,,,,,,,,,,,0.0,0.0,0.0,0.0,,,,,,,,,,,,,,,,,,,,,,,,,,,,,,,,,,,,,,,,
2021-2022,Bundesliga,4rrnad6qnutl60z8e1quup6tx,E. Bičakčić,Hoffenheim,4,Forward,1,0,1,0,6,3.0,3.0,3.0,,1.0,3.0,3.0,,,,,,,2.0,0.0,0.0,0.0,0.0,,,,,,,,,,,,,,,,,,,,,,,,,,,,,,,,,,,,,,,,
2021-2022,Bundesliga,6teffw7m19t1b3auxy22y4m0a,U. Tohumcu,Hoffenheim,40,Forward,1,0,1,0,6,,,,,,,,,,,,,,,0.0,0.0,0.0,0.0,,,,,,1.0,,,,,,,,,,,,,,,,,,,,,,,,,,,,,,,,,,
2021-2022,Bundesliga,457aw3v5uyxmfmi2tv8ale385,N. Proschwitz,Hoffenheim,45,Forward,1,0,1,0,28,4.0,3.0,3.0,,,10.0,3.0,1.0,,,,,,2.0,0.0,0.0,0.0,2.0,,,,,1.0,,2.0,,,,,6.0,2.0,,,5.0,,,,1.0,,1.0,1.0,,,,,,,,,,,,,,,,,
2021-2022,Bundesliga,42y28apj15eu4l35somvxq3qi,,Augsburg,41,Forward,0,0,0,0,0,,,,,,,,,,,,,,,0.0,0.0,0.0,0.0,,,,,,,,,,,,,,,,,,,,,,,,,,,,,,,,,,,,,,,,
2021-2022,Bundesliga,7nyenov8q8vb6keujrsbh1vfu,,Borussia M'gladbach,39,Forward,0,0,0,0,0,,,,,,,,,,,,,,,0.0,0.0,0.0,0.0,,,,,,,,,,,,,,,,,,,,,,,,,,,,,,,,,,,,,,,,
2021-2022,Bundesliga,9onmrqelh9c9aarob7y9aw991,,Union Berlin,15,Forward,0,0,0,0,0,,,,,,,,,,,,,,,0.0,0.0,0.0,0.0,,,,,,,,,,,,,,,,,,,,,,,,,,,,,,,,,,,,,,,,
2021-2022,Bundesliga,acc5i4b811l3v3ev70v2ezvxm,,Hertha BSC,45,Forward,0,0,0,0,0,,,,,,,,,,,,,,,0.0,0.0,0.0,0.0,,,,,,,,,,,,,,,,,,,,,,,,,,,,,,,,,,,,,,,,
2021-2022,Bundesliga,5obbjyu0duib9ogusbv9ljjhm,N. Katterbach,Köln,3,Forward,1,0,1,0,19,12.0,6.0,6.0,,,19.0,6.0,5.0,2.0,,1.0,,,,2.0,3.0,2.0,4.0,,,,2.0,4.0,1.0,1.0,,,1.0,,7.0,1.0,1.0,1.0,1.0,,,1.0,,,,,1.0,,,,,,,1.0,,,,,,,,,
2021-2022,Bundesliga,3mg61nkpj9nh62ubw58ctyyy2,,Wolfsburg,38,Forward,0,0,0,0,0,,,,,,,,,,,,,,,0.0,0.0,0.0,0.0,,,,,,,,,,,,,,,,,,,,,,,,,,,,,,,,,,,,,,,,
2022-2023,Bundesliga,br2uswvdgoj7ndkx7mnbwgyd,S. Ulreich,Bayern München,26,Forward,3,3,0,0,280,131.0,110.0,110.0,13.0,80.0,141.0,97.0,20.0,19.0,2.0,,,6.0,4.0,1.0,1.0,1.0,1.0,2.0,2.0,3.0,5.0,1.0,1.0,,,1.0,1.0,,,,,,,1.0,1.0,1.0,,,,,,,,,,,,,,,,,,,,,
2022-2023,Bundesliga,7vhnftizqlyu31st2vsmgh6tx,N. Mazraoui,Bayern München,40,Forward,19,11,8,6,1136,867.0,733.0,733.0,25.0,286.0,1089.0,712.0,109.0,23.0,,25.0,10.0,,331.0,39.0,57.0,56.0,90.0,,,,46.0,103.0,11.0,33.0,17.0,,29.0,8.0,303.0,16.0,17.0,17.0,78.0,16.0,,21.0,5.0,11.0,6.0,4.0,10.0,17.0,2.0,1.0,1.0,4.0,4.0,18.0,4.0,,3.0,,,2.0,,,
2022-2023,Bundesliga,582uvj0i3dvm0zwbou9q68pgp,A. Davies,Bayern München,19,Defender,26,24,2,7,2141,1567.0,1352.0,1352.0,86.0,410.0,2188.0,1275.0,182.0,37.0,,24.0,24.0,,744.0,98.0,192.0,104.0,204.0,,,,199.0,161.0,26.0,12.0,6.0,,45.0,17.0,610.0,6.0,16.0,16.0,188.0,9.0,,28.0,27.0,24.0,14.0,6.0,77.0,44.0,8.0,1.0,1.0,9.0,9.0,70.0,9.0,,6.0,,,2.0,,,
2022-2023,Bundesliga,4w4ldzomkj7fhrc51iimz8no5,L. Goretzka,Bayern München,8,Midfielder,27,22,5,16,1786,1012.0,826.0,826.0,29.0,313.0,1509.0,797.0,172.0,26.0,,32.0,30.0,,371.0,33.0,61.0,79.0,130.0,,,,140.0,156.0,19.0,69.0,46.0,,43.0,19.0,345.0,23.0,10.0,10.0,73.0,23.0,5.0,24.0,11.0,37.0,25.0,12.0,9.0,14.0,13.0,3.0,3.0,,,9.0,18.0,1.0,1.0,,,4.0,,,
2022-2023,Bundesliga,x4qyxhfr2vi007sazoqe5vit,D. Upamecano,Bayern München,2,Defender,29,27,2,1,2580,2318.0,2100.0,2100.0,141.0,1053.0,2911.0,1960.0,213.0,81.0,,71.0,27.0,,591.0,47.0,80.0,94.0,174.0,,,,212.0,133.0,14.0,94.0,47.0,,65.0,28.0,114.0,47.0,1.0,1.0,40.0,30.0,6.0,37.0,10.0,20.0,5.0,4.0,5.0,6.0,1.0,,,1.0,1.0,10.0,8.0,,1.0,,,,1.0,1.0,
2022-2023,Bundesliga,10zt8rbgbmyqxr1m13wm5gfs9,M. de Ligt,Bayern München,4,Defender,31,27,4,5,2544,2088.0,1901.0,1901.0,101.0,923.0,2647.0,1801.0,180.0,59.0,,85.0,23.0,,556.0,23.0,37.0,119.0,197.0,,,,165.0,122.0,17.0,160.0,96.0,,32.0,9.0,178.0,64.0,1.0,1.0,75.0,19.0,4.0,23.0,3.0,11.0,17.0,9.0,5.0,5.0,8.0,3.0,3.0,1.0,1.0,,26.0,1.0,,,,,,,
2022-2023,Bundesliga,4ysxvym6ww4f9d3hflkqsbf11,S. Gnabry,Bayern München,7,Midfielder,34,22,12,13,2047,873.0,683.0,683.0,28.0,172.0,1339.0,665.0,145.0,21.0,,5.0,11.0,,419.0,51.0,104.0,62.0,134.0,,,,91.0,153.0,10.0,30.0,11.0,,35.0,12.0,628.0,19.0,29.0,23.0,228.0,33.0,,23.0,26.0,23.0,63.0,22.0,41.0,31.0,41.0,14.0,13.0,10.0,7.0,28.0,20.0,2.0,6.0,9.0,1.0,4.0,,,
2022-2023,Bundesliga,97nv3y9z2ajz6b4ynoo0jn3kl,J. Kimmich,Bayern München,6,Midfielder,33,32,1,4,3000,2767.0,2241.0,2241.0,220.0,896.0,3443.0,2113.0,258.0,156.0,,39.0,41.0,,1017.0,62.0,104.0,78.0,152.0,,,,262.0,269.0,51.0,48.0,16.0,,78.0,29.0,867.0,32.0,167.0,45.0,277.0,22.0,5.0,49.0,26.0,29.0,22.0,10.0,13.0,57.0,12.0,5.0,3.0,92.0,10.0,13.0,13.0,,6.0,204.0,2.0,29.0,,1.0,1.0
2022-2023,Bundesliga,e5mjphb52suw89189nyca72z9,E. Choupo-Moting,Bayern München,13,Forward,19,14,5,10,1154,290.0,222.0,222.0,6.0,62.0,512.0,217.0,64.0,4.0,,5.0,,,128.0,27.0,40.0,45.0,79.0,,,,28.0,62.0,7.0,39.0,18.0,,10.0,3.0,268.0,21.0,2.0,2.0,109.0,4.0,,7.0,16.0,8.0,23.0,7.0,10.0,14.0,16.0,10.0,10.0,1.0,1.0,20.0,8.0,1.0,2.0,,,3.0,,,
2022-2023,Bundesliga,4603xrdk721lqhd1ejn62x5n9,L. Sané,Bayern München,10,Midfielder,32,20,12,9,2136,1078.0,875.0,875.0,29.0,256.0,1648.0,851.0,180.0,21.0,,1.0,3.0,,487.0,105.0,178.0,111.0,191.0,,,,115.0,172.0,23.0,13.0,6.0,,38.0,8.0,767.0,7.0,13.0,10.0,156.0,17.0,4.0,30.0,60.0,10.0,57.0,28.0,65.0,32.0,29.0,8.0,8.0,5.0,3.0,75.0,22.0,1.0,7.0,5.0,,9.0,,,
2022-2023,Bundesliga,cotiiu6mjkfx5xa63nhfbdf4l,S. Mané,Bayern München,17,Forward,25,18,7,14,1479,418.0,299.0,299.0,9.0,83.0,744.0,298.0,91.0,7.0,,4.0,,,181.0,29.0,74.0,51.0,114.0,,,,42.0,99.0,24.0,40.0,22.0,,11.0,6.0,427.0,18.0,15.0,15.0,212.0,16.0,2.0,5.0,14.0,13.0,47.0,25.0,39.0,20.0,22.0,7.0,6.0,8.0,7.0,24.0,10.0,2.0,6.0,1.0,1.0,3.0,,,
2022-2023,Bundesliga,yq0cm7vwr0tkv7nvt9vo77bp,B. Pavard,Bayern München,5,Defender,30,27,3,3,2573,2400.0,2108.0,2108.0,119.0,1000.0,2962.0,2001.0,241.0,71.0,,83.0,44.0,,739.0,41.0,77.0,105.0,174.0,,,,153.0,203.0,17.0,97.0,64.0,,70.0,29.0,370.0,33.0,33.0,33.0,129.0,28.0,6.0,41.0,2.0,19.0,27.0,15.0,7.0,13.0,12.0,4.0,4.0,12.0,12.0,,23.0,,2.0,,,2.0,,,
2022-2023,Bundesliga,2yc1t7u26zctwjizi283g6q6s,P. Wanner,Bayern München,14,Forward,2,0,2,0,36,9.0,7.0,7.0,,2.0,21.0,7.0,2.0,,,1.0,,,3.0,3.0,5.0,4.0,6.0,,,,1.0,2.0,,1.0,1.0,,3.0,2.0,7.0,,,,5.0,1.0,1.0,1.0,4.0,,,,,1.0,,,,,,2.0,,,,,,,,,
2022-2023,Bundesliga,8cho2d1nz18i5o0zt6aysd68l,M. Sabitzer,Bayern München,18,Forward,15,7,8,5,672,466.0,402.0,402.0,12.0,142.0,624.0,390.0,56.0,12.0,,9.0,10.0,,184.0,15.0,31.0,23.0,50.0,,,,47.0,49.0,1.0,19.0,8.0,,27.0,13.0,152.0,11.0,5.0,4.0,18.0,7.0,2.0,14.0,3.0,3.0,11.0,6.0,3.0,4.0,5.0,1.0,1.0,,,1.0,4.0,,1.0,1.0,,1.0,,,
2022-2023,Bundesliga,ky1gnkjil9pog0gg5b2pc4fe,,Bayern München,35,Forward,0,0,0,0,0,,,,,,,,,,,,,,,0.0,0.0,0.0,0.0,,,,,,,,,,,,,,,,,,,,,,,,,,,,,,,,,,,,,,,,
2022-2023,Bundesliga,5ga7g20wsa7oqjbh4ijoeknl6,R. Gravenberch,Bayern München,38,Forward,24,3,21,3,679,373.0,326.0,326.0,11.0,107.0,570.0,315.0,39.0,4.0,,10.0,9.0,,156.0,19.0,40.0,23.0,50.0,,,,57.0,41.0,7.0,10.0,4.0,,17.0,9.0,169.0,6.0,6.0,3.0,24.0,9.0,1.0,8.0,13.0,8.0,5.0,2.0,12.0,7.0,3.0,,,,,11.0,7.0,,,3.0,,,,,
2022-2023,Bundesliga,cv1d56d42wujfuc4kt6bn53x0,M. Tel,Bayern München,39,Forward,22,1,21,1,527,157.0,123.0,123.0,2.0,22.0,299.0,124.0,30.0,,,2.0,,,93.0,12.0,34.0,20.0,53.0,,,,16.0,31.0,6.0,19.0,8.0,,2.0,,161.0,11.0,1.0,1.0,58.0,9.0,2.0,2.0,11.0,4.0,13.0,3.0,22.0,5.0,10.0,5.0,5.0,3.0,3.0,10.0,7.0,,,,,,,,
2022-2023,Bundesliga,bhsdzppop8jwjsxwftizot1t6,J. Musiala,Bayern München,42,Midfielder,33,26,7,19,2278,1018.0,854.0,854.0,16.0,241.0,1723.0,841.0,146.0,15.0,,3.0,19.0,,485.0,100.0,190.0,112.0,214.0,,,,144.0,139.0,43.0,24.0,12.0,,34.0,11.0,717.0,12.0,8.0,8.0,222.0,23.0,1.0,23.0,70.0,27.0,41.0,16.0,79.0,49.0,25.0,12.0,12.0,3.0,3.0,77.0,27.0,,10.0,,,3.0,,,
2022-2023,Bundesliga,4skrm2y64va3y5jk70gz4ylpm,J. Stanišić,Bayern München,44,Forward,14,4,10,2,646,633.0,573.0,573.0,37.0,226.0,746.0,540.0,51.0,20.0,,11.0,7.0,,266.0,16.0,28.0,22.0,37.0,,,,33.0,36.0,3.0,9.0,6.0,,19.0,8.0,125.0,3.0,5.0,5.0,22.0,5.0,1.0,11.0,3.0,8.0,,,4.0,3.0,,,,4.0,3.0,5.0,1.0,,1.0,1.0,,,,,
2022-2023,Bundesliga,920yurg08gqayxwc80q9f8ixh,M. Flekken,Freiburg,26,Goalkeeper,34,34,0,0,3251,1468.0,1035.0,1035.0,355.0,893.0,1576.0,680.0,427.0,410.0,32.0,9.0,,111.0,22.0,3.0,3.0,10.0,10.0,44.0,13.0,34.0,69.0,17.0,3.0,7.0,7.0,13.0,,,,,,,,,,,,1.0,,,,5.0,,,,,,3.0,,,,,,,,,
2022-2023,Bundesliga,d36na8jr6xcc8eronhy8mcz1m,K. Sildillia,Freiburg,25,Defender,27,23,4,4,2167,1103.0,781.0,781.0,129.0,315.0,1527.0,658.0,293.0,96.0,,47.0,21.0,,365.0,32.0,61.0,74.0,146.0,,,,107.0,217.0,6.0,85.0,42.0,,33.0,13.0,312.0,43.0,20.0,20.0,78.0,38.0,3.0,20.0,15.0,15.0,6.0,6.0,16.0,11.0,,,,6.0,6.0,12.0,13.0,,3.0,,,1.0,,1.0,1.0
2022-2023,Bundesliga,b7ve7k983eaewnupejiow3jdh,C. Günter,Freiburg,30,Defender,33,31,2,3,2911,1400.0,931.0,931.0,142.0,321.0,1773.0,854.0,264.0,136.0,,41.0,16.0,,498.0,31.0,47.0,44.0,89.0,,,,121.0,266.0,14.0,42.0,13.0,,29.0,8.0,595.0,29.0,138.0,96.0,244.0,32.0,5.0,21.0,12.0,18.0,17.0,10.0,8.0,46.0,7.0,1.0,1.0,65.0,39.0,10.0,14.0,,6.0,68.0,,1.0,,,
2022-2023,Bundesliga,f5ln82l8q7gvouj3zhsp5t4gl,M. Eggestein,Freiburg,8,Midfielder,31,27,4,10,2573,864.0,658.0,658.0,22.0,272.0,1387.0,638.0,191.0,25.0,,27.0,36.0,,243.0,38.0,68.0,95.0,175.0,,,,142.0,176.0,21.0,107.0,57.0,,51.0,22.0,328.0,50.0,10.0,10.0,57.0,31.0,6.0,29.0,23.0,29.0,10.0,6.0,8.0,18.0,4.0,1.0,1.0,2.0,2.0,9.0,14.0,,2.0,,,2.0,,,
2022-2023,Bundesliga,84mp3eqt1ckw107hwxpby9cd1,M. Ginter,Freiburg,28,Defender,34,34,0,0,3251,1903.0,1565.0,1565.0,150.0,787.0,2599.0,1416.0,321.0,140.0,,153.0,35.0,,480.0,22.0,47.0,141.0,235.0,,,,184.0,188.0,28.0,188.0,119.0,,43.0,23.0,131.0,69.0,7.0,7.0,78.0,23.0,3.0,20.0,4.0,16.0,17.0,6.0,2.0,10.0,11.0,4.0,4.0,1.0,1.0,2.0,28.0,2.0,1.0,,,2.0,,,
2022-2023,Bundesliga,6o2v57d92t1mejod24gmufcut,P. Lienhart,Freiburg,3,Defender,29,27,2,2,2636,1612.0,1369.0,1369.0,128.0,600.0,2125.0,1241.0,239.0,114.0,,97.0,35.0,,490.0,22.0,37.0,86.0,141.0,,,,155.0,126.0,31.0,104.0,64.0,,29.0,11.0,84.0,40.0,1.0,1.0,41.0,17.0,3.0,18.0,1.0,14.0,14.0,11.0,4.0,2.0,3.0,1.0,1.0,,,4.0,18.0,1.0,,,,3.0,,,
2022-2023,Bundesliga,7o11dzx2cccrslutrjl16ik89,R. Doan,Freiburg,42,Midfielder,33,30,3,25,2484,625.0,427.0,427.0,22.0,142.0,1333.0,415.0,164.0,22.0,,12.0,14.0,,211.0,79.0,205.0,88.0,253.0,,,,127.0,162.0,52.0,48.0,9.0,,61.0,32.0,615.0,39.0,20.0,18.0,193.0,29.0,3.0,29.0,52.0,39.0,42.0,15.0,94.0,25.0,27.0,5.0,5.0,10.0,9.0,50.0,16.0,1.0,6.0,3.0,,4.0,,,
2022-2023,Bundesliga,ejnh215cji6xou661kiwcc91x,N. Höfler,Freiburg,27,Midfielder,32,32,0,5,2973,1386.0,1149.0,1149.0,49.0,438.0,2051.0,1100.0,231.0,41.0,,49.0,58.0,,436.0,52.0,95.0,121.0,217.0,,,,204.0,191.0,50.0,122.0,69.0,,66.0,31.0,238.0,53.0,1.0,1.0,50.0,66.0,9.0,35.0,13.0,27.0,15.0,11.0,12.0,4.0,4.0,,,,,17.0,19.0,,,,,1.0,1.0,1.0,
2022-2023,Bundesliga,1h3mduwlaf89ebwtqxuegsodm,K. Schade,Freiburg,20,Forward,8,1,7,1,215,55.0,26.0,26.0,1.0,8.0,140.0,25.0,26.0,,,2.0,,,13.0,7.0,18.0,24.0,47.0,,,,7.0,29.0,6.0,29.0,17.0,,6.0,2.0,74.0,12.0,3.0,3.0,30.0,4.0,,4.0,6.0,,2.0,1.0,9.0,,1.0,1.0,1.0,,,3.0,2.0,,,,,,,,
2022-2023,Bundesliga,7c6034wb3zsuq9nhxxiahiuol,M. Gregoritsch,Freiburg,38,Forward,30,27,3,25,2192,541.0,296.0,296.0,8.0,91.0,1189.0,289.0,227.0,14.0,,10.0,5.0,,136.0,23.0,60.0,164.0,351.0,,,,71.0,225.0,43.0,291.0,141.0,,19.0,7.0,644.0,150.0,12.0,12.0,221.0,25.0,6.0,12.0,22.0,19.0,57.0,19.0,30.0,21.0,38.0,10.0,10.0,1.0,1.0,11.0,14.0,4.0,4.0,,,1.0,,,
2022-2023,Bundesliga,2az0f39bhz2kvxhopalzi0h5h,V. Grifo,Freiburg,32,Midfielder,33,30,3,27,2440,1336.0,934.0,934.0,95.0,278.0,1865.0,882.0,251.0,107.0,,19.0,19.0,,553.0,58.0,110.0,74.0,144.0,,,,155.0,245.0,31.0,34.0,16.0,,29.0,13.0,683.0,18.0,101.0,62.0,230.0,7.0,2.0,16.0,28.0,17.0,46.0,13.0,39.0,45.0,33.0,15.0,5.0,43.0,15.0,42.0,21.0,1.0,5.0,67.0,10.0,5.0,,,
2022-2023,Bundesliga,bsyv3fmihshve4jcr11qmtmfp,L. Höler,Freiburg,9,Forward,26,16,10,12,1591,483.0,313.0,313.0,8.0,67.0,866.0,306.0,158.0,12.0,,17.0,10.0,,185.0,25.0,41.0,95.0,160.0,,,,60.0,156.0,37.0,119.0,70.0,,19.0,5.0,384.0,49.0,10.0,10.0,124.0,21.0,1.0,14.0,14.0,17.0,26.0,11.0,11.0,12.0,15.0,5.0,5.0,1.0,1.0,11.0,9.0,2.0,2.0,,,,,,
2022-2023,Bundesliga,7at6knpizbafid4br861pi6zt,Y. Keitel,Freiburg,14,Forward,22,8,14,6,757,245.0,189.0,189.0,13.0,64.0,393.0,176.0,52.0,8.0,,8.0,13.0,,104.0,11.0,21.0,25.0,56.0,,,,35.0,48.0,3.0,35.0,14.0,,11.0,4.0,85.0,21.0,4.0,4.0,23.0,21.0,4.0,7.0,5.0,3.0,3.0,,6.0,4.0,3.0,,,,,4.0,4.0,,3.0,,,,,,
2022-2023,Bundesliga,2jk8zu0m0tf7if0pyrkbo82xh,L. Kübler,Freiburg,17,Defender,22,19,3,9,1730,827.0,563.0,563.0,90.0,228.0,1164.0,479.0,228.0,90.0,,50.0,29.0,,266.0,30.0,46.0,55.0,88.0,,,,101.0,165.0,15.0,42.0,25.0,,37.0,12.0,202.0,17.0,27.0,27.0,49.0,18.0,1.0,25.0,2.0,14.0,7.0,3.0,4.0,6.0,4.0,2.0,2.0,6.0,6.0,5.0,13.0,,1.0,,,1.0,,,
2022-2023,Bundesliga,3w8uk04gxlm4tj4hmsc3msmvp,N. Petersen,Freiburg,18,Forward,27,0,27,0,407,74.0,33.0,33.0,1.0,6.0,186.0,32.0,41.0,4.0,,6.0,1.0,,24.0,4.0,12.0,18.0,49.0,,,,8.0,37.0,2.0,37.0,14.0,,6.0,2.0,98.0,23.0,,,33.0,5.0,1.0,4.0,4.0,9.0,7.0,5.0,6.0,1.0,2.0,1.0,1.0,,,,4.0,,,,,,,,
2022-2023,Bundesliga,6gjlcd7rzi3p74qwvj7ia6esq,,Freiburg,21,Forward,0,0,0,0,0,,,,,,,,,,,,,,,0.0,0.0,0.0,0.0,,,,,,,,,,,,,,,,,,,,,,,,,,,,,,,,,,,,,,,,
2022-2023,Bundesliga,bh5gxk1kd65fnph0s6kgxt8q2,R. Wagner,Freiburg,23,Forward,4,0,4,0,63,15.0,7.0,7.0,,2.0,34.0,7.0,8.0,1.0,,2.0,,,2.0,0.0,1.0,2.0,5.0,,,,3.0,7.0,1.0,4.0,2.0,,,,12.0,2.0,,,3.0,,1.0,,1.0,2.0,1.0,1.0,1.0,,,,,,,,1.0,,,,,,,,
2022-2023,Bundesliga,arjwwth6yazptr851wu2u6e0a,Jeong Wooyeong,Freiburg,29,Forward,26,4,22,4,768,244.0,189.0,189.0,7.0,58.0,383.0,185.0,45.0,4.0,,7.0,1.0,,104.0,11.0,31.0,14.0,50.0,,,,27.0,48.0,7.0,19.0,3.0,,7.0,4.0,166.0,16.0,7.0,7.0,55.0,12.0,2.0,3.0,7.0,6.0,9.0,5.0,16.0,5.0,4.0,1.0,1.0,3.0,3.0,8.0,5.0,,1.0,,,,,,
2022-2023,Bundesliga,6qujoqysad60h70f3ac5n9ch6,K. Schlotterbeck,Freiburg,31,Forward,15,8,7,1,840,321.0,214.0,214.0,21.0,83.0,563.0,193.0,101.0,47.0,,51.0,16.0,,99.0,9.0,18.0,45.0,80.0,,,,54.0,57.0,10.0,62.0,36.0,,17.0,8.0,45.0,26.0,3.0,3.0,31.0,11.0,3.0,9.0,3.0,6.0,7.0,3.0,1.0,3.0,4.0,2.0,2.0,,,,7.0,2.0,,,,1.0,,,
2022-2023,Bundesliga,2es4ydlcwwasm6mu7rmey5r3e,N. Weißhaupt,Freiburg,33,Forward,18,3,15,3,509,162.0,108.0,108.0,6.0,28.0,267.0,105.0,38.0,16.0,,8.0,6.0,,65.0,13.0,27.0,17.0,36.0,,,,30.0,34.0,20.0,9.0,4.0,,11.0,5.0,74.0,5.0,12.0,12.0,32.0,2.0,,6.0,3.0,4.0,2.0,1.0,9.0,7.0,1.0,,,3.0,3.0,7.0,,,1.0,,,1.0,,,
2022-2023,Bundesliga,expxslws50h0iw0logr02gs7p,J. Pavlenka,Werder Bremen,1,Goalkeeper,33,33,0,1,3117,1176.0,832.0,832.0,265.0,709.0,1285.0,567.0,340.0,328.0,22.0,21.0,3.0,111.0,6.0,0.0,2.0,8.0,11.0,62.0,4.0,33.0,50.0,12.0,7.0,9.0,8.0,15.0,1.0,1.0,,1.0,,,,,1.0,,,1.0,,,1.0,1.0,,,,,,,,,1.0,,,,,,
2022-2023,Bundesliga,7k7whr0pdbw5wtk7g0cwozw0l,M. Weiser,Werder Bremen,8,Midfielder,30,29,1,6,2680,1341.0,933.0,933.0,112.0,364.0,2126.0,848.0,330.0,90.0,,38.0,28.0,,423.0,86.0,200.0,111.0,254.0,,,,196.0,288.0,57.0,54.0,25.0,,71.0,28.0,648.0,29.0,48.0,48.0,191.0,36.0,7.0,43.0,41.0,43.0,23.0,15.0,86.0,37.0,8.0,2.0,2.0,27.0,27.0,43.0,12.0,,10.0,,,7.0,,,
2022-2023,Bundesliga,8nug6t1cmn9pwhnwdf6nyhrrp,A. Jung,Werder Bremen,3,Midfielder,34,32,2,21,2702,1422.0,1075.0,1075.0,86.0,333.0,1960.0,999.0,296.0,98.0,,63.0,22.0,,553.0,40.0,70.0,77.0,136.0,,,,174.0,234.0,24.0,66.0,37.0,,46.0,19.0,393.0,29.0,36.0,36.0,98.0,23.0,2.0,27.0,17.0,24.0,11.0,5.0,11.0,21.0,6.0,2.0,2.0,10.0,10.0,13.0,12.0,,6.0,,,,,,
2022-2023,Bundesliga,aaoycxwi9jny6flm4apz8a2uh,M. Friedl,Werder Bremen,32,Defender,30,30,0,2,2868,1731.0,1391.0,1391.0,193.0,660.0,2449.0,1214.0,301.0,167.0,,127.0,58.0,,519.0,56.0,78.0,102.0,171.0,,,,247.0,152.0,24.0,93.0,46.0,,62.0,16.0,112.0,47.0,18.0,16.0,40.0,24.0,8.0,46.0,9.0,29.0,6.0,3.0,6.0,8.0,3.0,,,16.0,8.0,10.0,19.0,,,10.0,,1.0,1.0,1.0,
2022-2023,Bundesliga,1psr9ra8k9j4r94p1xixagzbp,A. Pieper,Werder Bremen,5,Defender,29,22,7,7,2107,1206.0,937.0,937.0,83.0,422.0,1689.0,860.0,245.0,103.0,,94.0,30.0,,428.0,29.0,49.0,97.0,148.0,,,,131.0,153.0,15.0,99.0,68.0,,46.0,18.0,101.0,31.0,11.0,11.0,34.0,24.0,9.0,28.0,8.0,12.0,10.0,6.0,2.0,2.0,4.0,2.0,2.0,6.0,6.0,1.0,12.0,2.0,1.0,,,,,,
2022-2023,Bundesliga,2p48525x4ap9m81g6ode51cyd,N. Stark,Werder Bremen,4,Defender,27,23,4,5,2216,1244.0,1026.0,1026.0,103.0,507.0,1728.0,924.0,215.0,92.0,,110.0,37.0,,333.0,38.0,58.0,83.0,156.0,,,,113.0,124.0,18.0,98.0,45.0,,56.0,20.0,49.0,53.0,1.0,1.0,14.0,41.0,9.0,36.0,4.0,11.0,2.0,1.0,,3.0,1.0,,,1.0,1.0,2.0,14.0,,,,,1.0,,,
2022-2023,Bundesliga,b4q9q0qgmtz959rygieg9ln1l,R. Schmid,Werder Bremen,20,Forward,27,15,12,10,1630,750.0,558.0,558.0,29.0,205.0,1139.0,532.0,167.0,22.0,,12.0,7.0,,260.0,31.0,72.0,49.0,123.0,,,,97.0,162.0,23.0,51.0,18.0,,24.0,9.0,366.0,33.0,17.0,17.0,79.0,16.0,3.0,15.0,25.0,18.0,10.0,7.0,32.0,22.0,3.0,1.0,1.0,3.0,3.0,16.0,11.0,,3.0,,,5.0,,,
2022-2023,Bundesliga,dr0kn3srxtg7nuw99gjoim7e1,I. Gruev,Werder Bremen,28,Midfielder,31,18,13,14,1707,780.0,668.0,668.0,28.0,225.0,1122.0,645.0,100.0,33.0,,21.0,22.0,,326.0,32.0,55.0,48.0,92.0,,,,117.0,73.0,12.0,37.0,16.0,,44.0,17.0,123.0,21.0,6.0,6.0,23.0,27.0,2.0,27.0,12.0,17.0,4.0,3.0,6.0,4.0,1.0,,,5.0,3.0,5.0,8.0,,,2.0,,3.0,,,
2022-2023,Bundesliga,cjq9g6zgcxk1ceo2xzpe1qnyt,N. Füllkrug,Werder Bremen,11,Forward,28,28,0,2,2650,929.0,577.0,577.0,43.0,153.0,1674.0,538.0,328.0,28.0,,24.0,1.0,,333.0,35.0,71.0,188.0,354.0,,,,84.0,316.0,48.0,283.0,153.0,,9.0,5.0,718.0,130.0,16.0,16.0,213.0,33.0,4.0,4.0,51.0,9.0,67.0,30.0,31.0,27.0,37.0,16.0,11.0,4.0,4.0,31.0,16.0,4.0,5.0,,5.0,4.0,,,
2022-2023,Bundesliga,5ndmhtdu5jfgvzuddd7fu2fh1,M. Ducksch,Werder Bremen,7,Forward,34,34,0,15,2991,956.0,523.0,523.0,64.0,138.0,1439.0,519.0,242.0,81.0,,41.0,9.0,,348.0,18.0,48.0,43.0,107.0,,,,98.0,284.0,17.0,59.0,25.0,,8.0,5.0,735.0,34.0,123.0,74.0,324.0,3.0,4.0,3.0,16.0,11.0,78.0,34.0,25.0,42.0,44.0,12.0,11.0,60.0,18.0,15.0,19.0,1.0,7.0,91.0,1.0,8.0,,,
2022-2023,Bundesliga,ec5ng4j3rcjwsjz1v05e1z3dh,C. Groß,Werder Bremen,36,Midfielder,26,23,3,19,1932,860.0,692.0,692.0,33.0,247.0,1302.0,662.0,160.0,35.0,,38.0,23.0,,308.0,40.0,80.0,66.0,136.0,,,,155.0,128.0,14.0,56.0,26.0,,56.0,31.0,126.0,30.0,3.0,3.0,18.0,53.0,4.0,25.0,8.0,15.0,2.0,1.0,9.0,4.0,1.0,1.0,1.0,3.0,3.0,15.0,8.0,,1.0,,,1.0,,,
2022-2023,Bundesliga,14fw7p4fzaxprndgxnx0gxgbt,J. Stage,Werder Bremen,6,Midfielder,32,21,11,14,1964,622.0,409.0,409.0,18.0,159.0,1047.0,394.0,192.0,41.0,,37.0,16.0,,181.0,26.0,51.0,78.0,148.0,,,,95.0,161.0,19.0,97.0,52.0,,34.0,17.0,258.0,45.0,10.0,10.0,108.0,32.0,5.0,17.0,11.0,23.0,16.0,9.0,8.0,13.0,7.0,3.0,3.0,3.0,3.0,9.0,14.0,2.0,3.0,,,2.0,,,
2022-2023,Bundesliga,8kar47kxxc8f20vc9ul2ez3yt,O. Burke,Werder Bremen,9,Forward,15,1,14,1,362,81.0,53.0,53.0,,14.0,148.0,53.0,22.0,1.0,,,,,31.0,2.0,8.0,8.0,25.0,,,,7.0,27.0,4.0,17.0,6.0,,1.0,1.0,88.0,11.0,6.0,6.0,36.0,3.0,,,4.0,2.0,7.0,2.0,5.0,2.0,5.0,2.0,2.0,,,2.0,1.0,,,,,,,,
2022-2023,Bundesliga,630sqbiu7utmkg8yw0h4ky8a2,E. Dinkçi,Werder Bremen,21,Forward,17,0,17,0,335,77.0,49.0,49.0,2.0,10.0,165.0,48.0,22.0,1.0,,2.0,,,32.0,9.0,19.0,14.0,37.0,,,,7.0,24.0,2.0,18.0,5.0,,5.0,,93.0,13.0,3.0,3.0,41.0,5.0,,5.0,4.0,2.0,3.0,3.0,10.0,3.0,,,,1.0,1.0,4.0,3.0,,,,,,,,
2022-2023,Bundesliga,d95i3fwjrk3ti4co645mde76x,N. Schmidt,Werder Bremen,22,Forward,24,11,13,8,1189,601.0,435.0,435.0,72.0,174.0,893.0,374.0,132.0,40.0,,12.0,5.0,,210.0,43.0,71.0,56.0,97.0,,,,101.0,114.0,14.0,26.0,13.0,,25.0,15.0,203.0,13.0,22.0,21.0,42.0,20.0,3.0,10.0,13.0,10.0,16.0,7.0,13.0,13.0,9.0,3.0,3.0,11.0,7.0,33.0,5.0,1.0,,5.0,,2.0,,,
2022-2023,Bundesliga,9tz07waj55ig7rrlpboei8n3d,,Werder Bremen,24,Forward,0,0,0,0,0,,,,,,,,,,,,,,,0.0,0.0,0.0,0.0,,,,,,,,,,,,,,,,,,,,,,,,,,,,,,,,,,,,,,,,
2022-2023,Bundesliga,eayipmdtzbmjgjouq10nqhcrt,L. Buchanan,Werder Bremen,26,Forward,21,2,19,2,603,267.0,176.0,176.0,23.0,73.0,411.0,156.0,73.0,43.0,,21.0,12.0,,84.0,10.0,21.0,18.0,36.0,,,,42.0,45.0,6.0,15.0,8.0,,14.0,4.0,88.0,7.0,15.0,15.0,34.0,6.0,2.0,10.0,3.0,5.0,3.0,2.0,7.0,4.0,1.0,1.0,1.0,3.0,3.0,,2.0,,,,,1.0,,,
2022-2023,Bundesliga,f14n6d52p37nkvoo5n3i52x2h,F. Agu,Werder Bremen,27,Forward,3,0,3,0,67,25.0,16.0,16.0,3.0,4.0,39.0,13.0,8.0,3.0,,,,,6.0,0.0,4.0,1.0,6.0,,,,3.0,6.0,3.0,2.0,1.0,,1.0,1.0,16.0,1.0,1.0,1.0,6.0,3.0,,,2.0,,,,3.0,1.0,,,,,,,2.0,,,,,,,,
2022-2023,Bundesliga,7llxni56g8q0yt33vhp1pt3o5,M. Zetterer,Werder Bremen,30,Forward,2,1,1,0,169,61.0,43.0,43.0,22.0,39.0,64.0,21.0,18.0,18.0,,1.0,,6.0,,0.0,0.0,1.0,1.0,2.0,0.0,1.0,1.0,,,1.0,1.0,,,,,,,,,,,,,,,,,,,,,,,,5.0,,,,,,,,
2022-2023,Bundesliga,3h6q9lkwovcu4pynltgnzhy50,F. Chiarodia,Werder Bremen,39,Forward,3,1,2,1,76,22.0,15.0,15.0,2.0,7.0,33.0,13.0,7.0,2.0,,4.0,2.0,,5.0,0.0,0.0,1.0,2.0,,,,1.0,5.0,,2.0,1.0,,,,2.0,1.0,,,1.0,,,,,1.0,,,,,,,,,,,,,,,,,,,
2022-2023,Bundesliga,ci1nu5z8aiiikco8af0zk1lud,R. Zentner,Mainz 05,27,Goalkeeper,26,26,0,0,2509,868.0,532.0,532.0,205.0,460.0,963.0,327.0,334.0,331.0,43.0,17.0,,74.0,8.0,0.0,0.0,16.0,16.0,39.0,7.0,26.0,43.0,3.0,3.0,16.0,16.0,9.0,,,7.0,,,,6.0,,1.0,,,,,,,1.0,,,,,,,,,,,,,,,
2022-2023,Bundesliga,amd4rodp6senk2c1mmlsqozpx,D. da Costa,Mainz 05,21,Midfielder,23,14,9,9,1320,607.0,364.0,364.0,48.0,148.0,902.0,324.0,188.0,79.0,,26.0,9.0,,158.0,27.0,49.0,45.0,78.0,,,,81.0,153.0,3.0,29.0,18.0,,20.0,4.0,277.0,11.0,44.0,43.0,126.0,8.0,,16.0,11.0,19.0,5.0,4.0,18.0,12.0,1.0,,,8.0,8.0,11.0,5.0,,2.0,1.0,,,,,
2022-2023,Bundesliga,eh9sh9aa10zrp80l6e4l0c7h1,Aarón Martín,Mainz 05,3,Midfielder,28,20,8,6,2001,1028.0,723.0,723.0,63.0,278.0,1350.0,698.0,154.0,89.0,,31.0,15.0,,387.0,37.0,65.0,38.0,79.0,,,,104.0,173.0,12.0,14.0,1.0,,42.0,15.0,404.0,13.0,108.0,64.0,159.0,28.0,3.0,27.0,14.0,21.0,16.0,8.0,13.0,23.0,8.0,5.0,2.0,38.0,23.0,10.0,4.0,,3.0,59.0,3.0,,,,
2022-2023,Bundesliga,ernbjicg113inzsubzrfm8fyt,A. Hack,Mainz 05,42,Forward,19,14,5,3,1280,586.0,429.0,429.0,68.0,272.0,896.0,362.0,152.0,71.0,,45.0,24.0,,74.0,20.0,32.0,53.0,97.0,,,,87.0,82.0,12.0,65.0,33.0,,30.0,12.0,46.0,32.0,1.0,1.0,28.0,25.0,2.0,18.0,1.0,13.0,2.0,2.0,,4.0,,,,1.0,1.0,2.0,6.0,,,,,,1.0,1.0,
2022-2023,Bundesliga,d608s0948uh3owqee7t0en7px,D. Kohr,Mainz 05,31,Midfielder,30,27,3,6,2466,1183.0,865.0,865.0,61.0,356.0,1758.0,804.0,308.0,92.0,,26.0,34.0,,363.0,43.0,83.0,78.0,159.0,,,,205.0,221.0,35.0,76.0,35.0,,59.0,26.0,292.0,41.0,5.0,5.0,59.0,45.0,11.0,33.0,8.0,37.0,23.0,15.0,14.0,13.0,8.0,3.0,3.0,,,10.0,25.0,,,,,4.0,,,
2022-2023,Bundesliga,6uurhe88nry4hyelll8ifzd91,E. Fernandes,Mainz 05,20,Defender,32,28,4,11,2581,1190.0,811.0,811.0,129.0,342.0,1824.0,703.0,292.0,195.0,,87.0,54.0,,363.0,42.0,61.0,80.0,141.0,,,,228.0,157.0,14.0,80.0,38.0,,35.0,10.0,177.0,42.0,60.0,25.0,79.0,29.0,4.0,25.0,14.0,21.0,9.0,6.0,9.0,12.0,3.0,,,21.0,9.0,17.0,22.0,,4.0,47.0,,,,,
2022-2023,Bundesliga,l469vtpe0jbgg5sq1v2e67e1,L. Barreiro,Mainz 05,8,Midfielder,31,25,6,11,2288,557.0,378.0,378.0,12.0,148.0,1112.0,367.0,170.0,32.0,,39.0,41.0,,159.0,43.0,81.0,82.0,163.0,,,,142.0,143.0,33.0,82.0,39.0,,60.0,22.0,291.0,43.0,5.0,5.0,95.0,48.0,5.0,38.0,13.0,25.0,27.0,13.0,16.0,12.0,14.0,4.0,4.0,1.0,1.0,5.0,18.0,,4.0,,,2.0,,,
2022-2023,Bundesliga,az7owi5t4bclkamjsjuyxzv1l,A. Stach,Mainz 05,6,Midfielder,30,22,8,13,2197,897.0,598.0,598.0,41.0,245.0,1491.0,578.0,229.0,49.0,,25.0,41.0,,261.0,46.0,81.0,118.0,184.0,,,,167.0,224.0,40.0,103.0,72.0,,27.0,6.0,412.0,31.0,44.0,28.0,137.0,26.0,4.0,21.0,16.0,26.0,26.0,16.0,29.0,26.0,10.0,1.0,1.0,21.0,11.0,25.0,12.0,,5.0,26.0,,6.0,,,
2022-2023,Bundesliga,4rgz5z372h6sbwhpxl69cb6c5,M. Ingvartsen,Mainz 05,11,Forward,28,16,12,15,1417,350.0,230.0,230.0,4.0,56.0,700.0,227.0,112.0,7.0,,10.0,4.0,,154.0,13.0,46.0,43.0,131.0,,,,48.0,110.0,21.0,85.0,30.0,,4.0,3.0,287.0,55.0,5.0,5.0,103.0,33.0,2.0,1.0,19.0,8.0,27.0,10.0,30.0,5.0,17.0,10.0,6.0,1.0,1.0,12.0,10.0,1.0,1.0,,4.0,1.0,,,
2022-2023,Bundesliga,dzolxp2oixtakcrqfyibpu76d,K. Onisiwo,Mainz 05,9,Forward,31,28,3,11,2675,608.0,331.0,331.0,9.0,76.0,1267.0,334.0,217.0,17.0,,7.0,2.0,,224.0,49.0,129.0,105.0,252.0,,,,67.0,245.0,33.0,123.0,56.0,,19.0,7.0,715.0,67.0,45.0,45.0,320.0,49.0,4.0,12.0,50.0,19.0,57.0,25.0,73.0,26.0,32.0,10.0,10.0,12.0,12.0,37.0,11.0,4.0,3.0,,,2.0,,,
2022-2023,Bundesliga,bwqqecmqm76v5b83v1cz891p1,Lee Jae-Sung,Mainz 05,7,Forward,34,24,10,22,1963,785.0,556.0,556.0,27.0,158.0,1296.0,537.0,190.0,39.0,,21.0,17.0,,318.0,42.0,78.0,81.0,162.0,,,,133.0,175.0,25.0,84.0,39.0,,38.0,21.0,451.0,45.0,24.0,24.0,149.0,18.0,2.0,17.0,25.0,24.0,24.0,7.0,15.0,23.0,17.0,7.0,7.0,8.0,8.0,25.0,16.0,3.0,5.0,,,2.0,,,
2022-2023,Bundesliga,d2gbcc336c4zatpiif4cvm2fp,F. Dahmen,Mainz 05,1,Forward,8,8,0,0,783,280.0,185.0,185.0,58.0,141.0,310.0,127.0,95.0,95.0,17.0,3.0,,29.0,4.0,0.0,0.0,7.0,8.0,16.0,0.0,8.0,18.0,,,8.0,7.0,1.0,,,,1.0,,,,,,,,,,,,,,,,,,,,,,,,,,,
2022-2023,Bundesliga,2w76r8guf9sacoriu0ivytyax,A. Barkok,Mainz 05,4,Forward,23,3,20,3,723,264.0,178.0,178.0,8.0,72.0,464.0,173.0,70.0,11.0,,9.0,3.0,,86.0,17.0,41.0,32.0,70.0,,,,52.0,69.0,4.0,29.0,15.0,,18.0,10.0,187.0,14.0,10.0,9.0,58.0,17.0,1.0,8.0,9.0,7.0,10.0,8.0,14.0,8.0,2.0,,,3.0,1.0,9.0,1.0,,1.0,3.0,,2.0,,,
2022-2023,Bundesliga,d9q12xp4h8nhtjxl5il3vufh1,A. Fulgini,Mainz 05,10,Forward,16,5,11,5,582,238.0,185.0,185.0,4.0,55.0,383.0,184.0,44.0,8.0,,7.0,5.0,,101.0,13.0,35.0,17.0,51.0,,,,30.0,41.0,15.0,16.0,4.0,,6.0,1.0,130.0,12.0,5.0,5.0,28.0,7.0,1.0,5.0,7.0,5.0,6.0,2.0,21.0,6.0,4.0,,,3.0,2.0,8.0,2.0,,1.0,1.0,,1.0,,,
2022-2023,Bundesliga,24w7jq5qou30k8f76lmr20ju2,N. Tauer,Mainz 05,17,Forward,3,0,3,0,114,56.0,49.0,49.0,1.0,18.0,77.0,49.0,6.0,1.0,,4.0,2.0,,21.0,1.0,3.0,3.0,6.0,,,,3.0,5.0,,3.0,2.0,,2.0,1.0,12.0,1.0,,,4.0,1.0,,1.0,1.0,1.0,,,1.0,,,,,1.0,1.0,,2.0,,,,,,,,
2022-2023,Bundesliga,6u47fsriz3ejlf72hxtsew5bd,A. Caci,Mainz 05,19,Midfielder,31,23,8,9,2176,1140.0,788.0,788.0,136.0,410.0,1618.0,679.0,275.0,125.0,,40.0,54.0,,289.0,42.0,80.0,62.0,132.0,,,,154.0,196.0,9.0,52.0,20.0,,58.0,25.0,287.0,32.0,46.0,39.0,97.0,19.0,4.0,33.0,8.0,24.0,7.0,3.0,13.0,18.0,4.0,2.0,2.0,27.0,17.0,9.0,7.0,,1.0,17.0,,,,,
2022-2023,Bundesliga,d3tfdqfnab7bqxfdh3399y06i,J. Burkardt,Mainz 05,29,Forward,11,7,4,7,552,109.0,69.0,69.0,4.0,20.0,235.0,67.0,27.0,5.0,,1.0,1.0,,39.0,12.0,25.0,20.0,48.0,,,,13.0,31.0,11.0,23.0,8.0,,3.0,2.0,126.0,15.0,9.0,9.0,66.0,6.0,2.0,1.0,9.0,5.0,16.0,9.0,11.0,7.0,7.0,1.0,1.0,2.0,2.0,11.0,6.0,,2.0,,,2.0,,,
2022-2023,Bundesliga,3n2imac1yp8jppsf36a4qg76y,D. Burgzorg,Mainz 05,37,Forward,13,0,13,1,315,55.0,39.0,39.0,1.0,7.0,121.0,39.0,12.0,,,2.0,,,30.0,9.0,17.0,10.0,29.0,,,,4.0,13.0,4.0,12.0,1.0,,3.0,,79.0,11.0,1.0,1.0,32.0,4.0,2.0,3.0,6.0,2.0,3.0,1.0,8.0,1.0,2.0,,,1.0,,6.0,1.0,,1.0,1.0,,,,,
2022-2023,Bundesliga,74n6zo57y4h14zll0p5ncm3ca,,Mainz 05,38,Forward,0,0,0,0,0,,,,,,,,,,,,,,,0.0,0.0,0.0,0.0,,,,,,,,,,,,,,,,,,,,,,,,,,,,,,,,,,,,,,,,
2022-2023,Bundesliga,42kik8nrr738ipgk1lmmnhega,E. Shabani,Mainz 05,41,Forward,1,0,1,0,13,6.0,5.0,5.0,,3.0,8.0,5.0,1.0,,,,,,2.0,0.0,0.0,0.0,0.0,,,,1.0,1.0,,,,,,,2.0,,,,,1.0,1.0,,,,,,,,,,,,,,,,,,,,,,
2022-2023,Bundesliga,7obuhegyo1qcoikt23egcsr85,K. Trapp,Eintracht Frankfurt,1,Goalkeeper,33,33,0,0,3173,888.0,616.0,616.0,120.0,461.0,955.0,496.0,267.0,262.0,17.0,10.0,,81.0,12.0,1.0,1.0,5.0,5.0,51.0,6.0,33.0,37.0,5.0,4.0,4.0,4.0,11.0,1.0,,,,,,,,3.0,1.0,,2.0,,,,,,,,,,,,,,,,,,,
2022-2023,Bundesliga,f5lfo1hz7u5bk494w53arcacq,J. Dina Ebimbe,Eintracht Frankfurt,26,Forward,19,10,9,6,1148,505.0,364.0,364.0,24.0,127.0,843.0,342.0,129.0,34.0,,20.0,11.0,,177.0,36.0,81.0,59.0,124.0,,,,73.0,101.0,11.0,43.0,23.0,,30.0,11.0,201.0,20.0,6.0,6.0,71.0,15.0,4.0,19.0,15.0,13.0,22.0,12.0,34.0,8.0,10.0,3.0,3.0,2.0,2.0,17.0,9.0,1.0,1.0,,,2.0,,,
2022-2023,Bundesliga,3qy1qlzezgfkxeom5n1r9h13p,C. Lenz,Eintracht Frankfurt,25,Forward,24,13,11,5,1404,824.0,590.0,590.0,74.0,235.0,1122.0,547.0,129.0,73.0,,34.0,21.0,,294.0,32.0,44.0,46.0,80.0,,,,94.0,127.0,13.0,36.0,14.0,,29.0,8.0,313.0,22.0,71.0,44.0,130.0,19.0,1.0,21.0,5.0,13.0,7.0,5.0,4.0,15.0,2.0,,,31.0,15.0,11.0,8.0,,3.0,43.0,,,,,
2022-2023,Bundesliga,efzokrggje7s9wc6hg75yc6ax,E. Ndicka,Eintracht Frankfurt,2,Defender,30,30,0,1,2874,1815.0,1563.0,1563.0,77.0,796.0,2482.0,1486.0,246.0,110.0,,150.0,31.0,,481.0,24.0,35.0,101.0,160.0,,,,193.0,140.0,14.0,125.0,77.0,,25.0,7.0,129.0,48.0,4.0,4.0,56.0,31.0,4.0,18.0,5.0,28.0,15.0,11.0,4.0,2.0,4.0,1.0,1.0,,,6.0,22.0,,,,,1.0,,,
2022-2023,Bundesliga,a3ib09ji7qsz6cgj3vmz5qort,K. Jakić,Eintracht Frankfurt,6,Defender,24,17,7,5,1580,954.0,739.0,739.0,49.0,367.0,1344.0,692.0,202.0,77.0,,49.0,14.0,,207.0,29.0,48.0,58.0,107.0,,,,135.0,133.0,7.0,59.0,29.0,,33.0,12.0,142.0,30.0,8.0,8.0,46.0,18.0,4.0,21.0,6.0,22.0,7.0,3.0,7.0,5.0,4.0,1.0,1.0,2.0,2.0,8.0,11.0,1.0,,,,1.0,,,
2022-2023,Bundesliga,bd4p670s36cp1dh4fadv84qcq,Tuta,Eintracht Frankfurt,35,Defender,31,30,1,1,2901,1855.0,1484.0,1484.0,88.0,718.0,2618.0,1398.0,363.0,155.0,,134.0,49.0,,535.0,46.0,73.0,97.0,185.0,,,,240.0,213.0,18.0,112.0,51.0,,53.0,18.0,146.0,61.0,5.0,5.0,57.0,33.0,8.0,35.0,13.0,33.0,13.0,10.0,9.0,6.0,3.0,2.0,2.0,2.0,2.0,11.0,18.0,,1.0,,,2.0,,,
2022-2023,Bundesliga,az15xx7m923srf9gdbwmiyga1,D. Kamada,Eintracht Frankfurt,15,Midfielder,32,25,7,12,2394,1245.0,986.0,986.0,52.0,343.0,1741.0,953.0,198.0,52.0,,17.0,16.0,,513.0,46.0,90.0,64.0,142.0,,,,142.0,184.0,26.0,52.0,18.0,,51.0,20.0,446.0,34.0,38.0,18.0,147.0,40.0,3.0,31.0,24.0,29.0,31.0,17.0,24.0,28.0,14.0,9.0,4.0,19.0,8.0,15.0,15.0,1.0,8.0,31.0,5.0,5.0,,,
2022-2023,Bundesliga,7cdiijsvnfc7tafy0zkf4uz9,D. Sow,Eintracht Frankfurt,8,Midfielder,32,30,2,7,2791,1557.0,1323.0,1323.0,56.0,522.0,2092.0,1268.0,220.0,51.0,,23.0,28.0,,584.0,36.0,63.0,60.0,115.0,,,,210.0,173.0,49.0,52.0,24.0,,41.0,16.0,301.0,28.0,4.0,4.0,39.0,39.0,9.0,25.0,16.0,18.0,21.0,11.0,11.0,13.0,10.0,4.0,4.0,1.0,1.0,11.0,11.0,,,,,6.0,,,
2022-2023,Bundesliga,g3fgd752o63acmmuahdvppm1,R. Kolo Muani,Eintracht Frankfurt,9,Forward,32,31,1,16,2762,649.0,416.0,416.0,14.0,93.0,1422.0,405.0,204.0,15.0,,13.0,3.0,,259.0,81.0,184.0,141.0,323.0,,,,96.0,211.0,71.0,139.0,60.0,,14.0,4.0,772.0,79.0,22.0,22.0,377.0,50.0,5.0,10.0,65.0,17.0,62.0,30.0,99.0,37.0,32.0,15.0,13.0,3.0,3.0,71.0,17.0,3.0,12.0,,2.0,4.0,,1.0,1.0
2022-2023,Bundesliga,5ph2ln91ycq1qlq03cnqqs9re,J. Lindstrøm,Eintracht Frankfurt,29,Forward,27,22,5,20,1723,514.0,312.0,312.0,11.0,72.0,983.0,314.0,149.0,22.0,,9.0,9.0,,203.0,39.0,125.0,45.0,155.0,,,,94.0,164.0,19.0,30.0,6.0,,26.0,15.0,451.0,24.0,37.0,24.0,206.0,19.0,2.0,11.0,34.0,22.0,30.0,11.0,71.0,15.0,19.0,7.0,7.0,13.0,2.0,28.0,18.0,,2.0,24.0,,4.0,,,
2022-2023,Bundesliga,eqtsanns36za56h4pfqhbnh05,M. Götze,Eintracht Frankfurt,27,Forward,32,32,0,10,2877,1527.0,1099.0,1099.0,55.0,324.0,2083.0,1075.0,306.0,75.0,,12.0,13.0,,647.0,50.0,120.0,52.0,141.0,,,,167.0,311.0,44.0,21.0,2.0,,42.0,17.0,761.0,19.0,80.0,59.0,216.0,25.0,6.0,25.0,46.0,25.0,16.0,9.0,53.0,30.0,7.0,3.0,3.0,31.0,14.0,25.0,10.0,,2.0,38.0,,12.0,,,
2022-2023,Bundesliga,7iqt50eaixxatz08dh54p81gq,H. Smolčić,Eintracht Frankfurt,5,Forward,9,4,5,0,518,355.0,287.0,287.0,15.0,152.0,502.0,272.0,68.0,22.0,,38.0,6.0,,58.0,9.0,10.0,36.0,50.0,,,,31.0,46.0,5.0,40.0,27.0,,8.0,1.0,17.0,13.0,,,9.0,,,7.0,1.0,7.0,2.0,2.0,,,,,,,,2.0,5.0,,,,,,,,
2022-2023,Bundesliga,9ed74dfr9aeuedaf63l0i7aei,F. Alidou,Eintracht Frankfurt,11,Forward,15,0,15,0,271,101.0,71.0,71.0,4.0,24.0,170.0,70.0,23.0,10.0,,3.0,1.0,,45.0,7.0,20.0,9.0,29.0,,,,16.0,17.0,1.0,9.0,2.0,,8.0,3.0,60.0,7.0,4.0,4.0,28.0,8.0,,5.0,5.0,3.0,1.0,1.0,10.0,3.0,,,,3.0,3.0,2.0,1.0,,1.0,,,,,,
2022-2023,Bundesliga,78e1qvft3ser2tyayjlmemdp1,S. Rode,Eintracht Frankfurt,17,Midfielder,27,19,8,19,1464,857.0,710.0,710.0,29.0,264.0,1146.0,682.0,134.0,23.0,,12.0,16.0,,310.0,31.0,52.0,43.0,74.0,,,,108.0,118.0,18.0,22.0,12.0,,38.0,14.0,197.0,10.0,7.0,7.0,39.0,22.0,6.0,24.0,6.0,16.0,8.0,4.0,7.0,12.0,4.0,4.0,4.0,1.0,1.0,7.0,3.0,1.0,1.0,,,4.0,,,
2022-2023,Bundesliga,2x5f35hk2urqlgoito1vgb3yt,R. Borré,Eintracht Frankfurt,19,Forward,32,10,22,8,1229,422.0,289.0,289.0,14.0,64.0,716.0,280.0,106.0,9.0,,9.0,2.0,,187.0,31.0,58.0,56.0,124.0,,,,45.0,116.0,11.0,66.0,25.0,,25.0,10.0,318.0,41.0,19.0,19.0,159.0,23.0,5.0,15.0,14.0,8.0,17.0,9.0,17.0,8.0,8.0,2.0,1.0,5.0,3.0,16.0,10.0,,2.0,2.0,1.0,2.0,,,
2022-2023,Bundesliga,bgtnbojs8g884mbksh6o4wu6t,L. Alario,Eintracht Frankfurt,21,Forward,20,2,18,1,446,85.0,56.0,56.0,2.0,16.0,197.0,54.0,29.0,2.0,,13.0,2.0,,33.0,7.0,11.0,28.0,55.0,,,,10.0,27.0,2.0,44.0,21.0,,3.0,1.0,94.0,23.0,,,40.0,9.0,,2.0,8.0,,10.0,6.0,3.0,2.0,4.0,1.0,1.0,,,5.0,1.0,,1.0,,,,,,
2022-2023,Bundesliga,7gni45coa4swn1i66wzpzug9h,T. Chandler,Eintracht Frankfurt,22,Forward,6,0,6,0,114,61.0,36.0,36.0,13.0,19.0,79.0,23.0,21.0,3.0,,3.0,,,8.0,3.0,6.0,4.0,7.0,,,,5.0,21.0,,1.0,1.0,,2.0,,27.0,,3.0,3.0,10.0,,,2.0,,1.0,,,3.0,1.0,,,,,,1.0,,,,,,,,,
2022-2023,Bundesliga,86n8m70b8059d92vcv98nm0dm,M. Wenig,Eintracht Frankfurt,28,Forward,1,0,1,0,9,10.0,9.0,9.0,,2.0,13.0,9.0,1.0,,,,,,4.0,0.0,0.0,0.0,0.0,,,,,1.0,,,,,,,3.0,,,,1.0,,,,,,,,,,,,,,,,,,,,,,,,
2022-2023,Bundesliga,6rz47c6i1e4umc7kbh961x5ud,,Eintracht Frankfurt,31,Forward,0,0,0,0,0,,,,,,,,,,,,,,,0.0,0.0,0.0,0.0,,,,,,,,,,,,,,,,,,,,,,,,,,,,,,,,,,,,,,,,
2022-2023,Bundesliga,f2ibn3ej2doay3b4u8ezeix62,D. Ramaj,Eintracht Frankfurt,40,Forward,1,1,0,0,96,25.0,21.0,21.0,3.0,14.0,32.0,18.0,4.0,4.0,1.0,1.0,,5.0,2.0,0.0,0.0,1.0,1.0,1.0,0.0,1.0,3.0,,,1.0,1.0,1.0,,,,,,,,,,,,,,,,,,,,,,,,,,,,,,,
2022-2023,Bundesliga,cg6h7oq0b5zpx1g4brhzyk1xx,L. Hrádecký,Bayer Leverkusen,1,Goalkeeper,33,33,0,0,3154,1101.0,792.0,792.0,192.0,645.0,1168.0,600.0,309.0,294.0,27.0,3.0,,99.0,22.0,0.0,0.0,10.0,10.0,47.0,9.0,33.0,37.0,15.0,,10.0,10.0,11.0,,,,,,,,1.0,,,,,,,,,,,,,,,,,,,,,1.0,1.0,
2022-2023,Bundesliga,9qo448ueot8pfc5oqo378wag9,J. Frimpong,Bayer Leverkusen,30,Midfielder,34,32,2,16,2823,1232.0,964.0,964.0,37.0,206.0,1931.0,945.0,197.0,32.0,,40.0,16.0,,612.0,112.0,231.0,124.0,266.0,,,,118.0,217.0,58.0,35.0,12.0,,53.0,26.0,731.0,23.0,52.0,52.0,314.0,22.0,4.0,27.0,49.0,21.0,32.0,13.0,93.0,36.0,19.0,8.0,8.0,18.0,18.0,85.0,9.0,,6.0,,,,,,
2022-2023,Bundesliga,a41r2ob5fhirgdwxwox6nr4yx,M. Bakker,Bayer Leverkusen,5,Midfielder,28,19,9,7,1772,968.0,759.0,759.0,55.0,218.0,1317.0,709.0,181.0,53.0,,20.0,15.0,,424.0,19.0,62.0,31.0,87.0,,,,114.0,150.0,14.0,25.0,12.0,,16.0,8.0,273.0,13.0,22.0,22.0,91.0,18.0,5.0,8.0,15.0,18.0,15.0,7.0,35.0,16.0,8.0,3.0,3.0,5.0,4.0,11.0,4.0,,2.0,1.0,,1.0,,1.0,1.0
2022-2023,Bundesliga,4foax2b7unlkev1eq6py86lii,P. Hincapié,Bayer Leverkusen,3,Defender,30,27,3,8,2620,1798.0,1476.0,1476.0,77.0,555.0,2414.0,1403.0,296.0,108.0,,83.0,31.0,,672.0,48.0,85.0,107.0,192.0,,,,177.0,210.0,35.0,107.0,59.0,,51.0,17.0,219.0,48.0,22.0,22.0,60.0,40.0,11.0,34.0,9.0,21.0,15.0,9.0,20.0,9.0,6.0,1.0,1.0,4.0,4.0,14.0,22.0,1.0,1.0,,,2.0,1.0,3.0,2.0
2022-2023,Bundesliga,5ec2ede9uwbft3wby33mwowyd,J. Tah,Bayer Leverkusen,4,Defender,33,28,5,4,2652,1637.0,1455.0,1455.0,66.0,695.0,2172.0,1389.0,177.0,70.0,,118.0,40.0,,355.0,19.0,35.0,76.0,138.0,,,,167.0,110.0,3.0,103.0,57.0,,25.0,13.0,61.0,46.0,3.0,3.0,43.0,22.0,6.0,12.0,10.0,12.0,9.0,7.0,3.0,4.0,2.0,1.0,1.0,,,7.0,19.0,,,,,,,,
2022-2023,Bundesliga,djha3ac2mfhyb7oia64hq2nd,E. Tapsoba,Bayer Leverkusen,12,Defender,33,32,1,2,3058,2211.0,1891.0,1891.0,129.0,952.0,2928.0,1762.0,313.0,134.0,,109.0,36.0,,592.0,46.0,78.0,101.0,176.0,,,,270.0,182.0,17.0,98.0,55.0,,51.0,21.0,123.0,43.0,3.0,3.0,30.0,28.0,5.0,30.0,12.0,23.0,11.0,7.0,11.0,5.0,4.0,1.0,,,,16.0,22.0,,,,1.0,9.0,,,
2022-2023,Bundesliga,4tev0kk0om8cr1xbwpt8bozit,R. Andrich,Bayer Leverkusen,8,Midfielder,29,28,1,4,2545,1455.0,1216.0,1216.0,54.0,420.0,1994.0,1164.0,233.0,56.0,,55.0,42.0,,538.0,43.0,68.0,99.0,167.0,,,,153.0,179.0,20.0,99.0,56.0,,61.0,23.0,193.0,43.0,2.0,2.0,36.0,35.0,8.0,38.0,4.0,18.0,24.0,14.0,2.0,18.0,10.0,2.0,2.0,2.0,2.0,5.0,16.0,,3.0,,,,,,
2022-2023,Bundesliga,8wlyh0e8178je0hylqjifbkr9,C. Aránguiz,Bayer Leverkusen,20,Forward,10,4,6,4,530,311.0,248.0,248.0,10.0,90.0,419.0,238.0,50.0,24.0,,4.0,7.0,,109.0,11.0,24.0,13.0,33.0,,,,33.0,38.0,10.0,9.0,2.0,,17.0,10.0,67.0,7.0,12.0,5.0,21.0,7.0,1.0,7.0,2.0,4.0,3.0,1.0,3.0,1.0,2.0,1.0,1.0,,,4.0,2.0,,,7.0,,,,,
2022-2023,Bundesliga,c0ewvrtk657uw4t5rlv87mq51,P. Schick,Bayer Leverkusen,14,Forward,14,10,4,4,1015,253.0,175.0,175.0,3.0,35.0,463.0,173.0,73.0,3.0,,7.0,1.0,,111.0,7.0,18.0,37.0,86.0,,,,18.0,73.0,16.0,68.0,30.0,,,,217.0,38.0,3.0,3.0,71.0,5.0,,,13.0,3.0,25.0,11.0,11.0,7.0,14.0,3.0,3.0,1.0,1.0,7.0,10.0,1.0,1.0,,,1.0,,,
2022-2023,Bundesliga,9ydkbbygq6uocors9kcdnzbop,M. Diaby,Bayer Leverkusen,19,Forward,33,33,0,17,2806,1003.0,715.0,715.0,37.0,177.0,1481.0,704.0,181.0,28.0,,3.0,5.0,,455.0,59.0,129.0,61.0,151.0,,,,87.0,226.0,24.0,22.0,2.0,,14.0,6.0,731.0,20.0,73.0,68.0,253.0,18.0,4.0,8.0,42.0,8.0,60.0,26.0,64.0,46.0,34.0,9.0,9.0,26.0,18.0,51.0,20.0,,8.0,13.0,,12.0,,,
2022-2023,Bundesliga,9c9v6wjh3fufmds8nm5aqfmcp,Paulinho,Bayer Leverkusen,7,Forward,4,1,3,1,94,28.0,22.0,22.0,,7.0,51.0,23.0,5.0,,,2.0,,,10.0,2.0,4.0,3.0,9.0,,,,5.0,5.0,1.0,5.0,1.0,,,,19.0,4.0,,,4.0,,,,1.0,1.0,2.0,1.0,2.0,,1.0,1.0,1.0,1.0,,2.0,,,,1.0,,,,,
2022-2023,Bundesliga,cis0z72hgahfnfjduk7hdnz3e,O. Kossounou,Bayer Leverkusen,6,Defender,24,17,7,4,1636,973.0,807.0,807.0,35.0,378.0,1332.0,773.0,160.0,48.0,,58.0,24.0,,313.0,21.0,34.0,50.0,80.0,,,,123.0,115.0,4.0,46.0,29.0,,21.0,7.0,83.0,17.0,3.0,3.0,18.0,17.0,3.0,14.0,13.0,15.0,2.0,2.0,6.0,3.0,,,,1.0,1.0,7.0,12.0,,2.0,,,,,,
2022-2023,Bundesliga,2cq6ocr7j487do4nrm3sreg9h,K. Demirbay,Bayer Leverkusen,10,Midfielder,25,17,8,11,1625,1069.0,799.0,799.0,54.0,291.0,1410.0,773.0,169.0,77.0,,11.0,16.0,,378.0,26.0,61.0,35.0,81.0,,,,100.0,160.0,22.0,20.0,9.0,,36.0,18.0,332.0,11.0,68.0,31.0,90.0,31.0,5.0,18.0,21.0,20.0,21.0,15.0,17.0,24.0,6.0,4.0,3.0,28.0,10.0,8.0,16.0,1.0,3.0,55.0,1.0,3.0,,,
2022-2023,Bundesliga,7w63iqek6hmnizlirurla1cr9,N. Amiri,Bayer Leverkusen,11,Forward,25,9,16,7,1075,507.0,416.0,416.0,29.0,118.0,738.0,394.0,72.0,22.0,,10.0,6.0,,249.0,24.0,54.0,25.0,65.0,,,,75.0,59.0,25.0,11.0,1.0,,15.0,9.0,201.0,10.0,9.0,4.0,45.0,14.0,6.0,6.0,10.0,11.0,16.0,7.0,21.0,13.0,9.0,4.0,2.0,7.0,3.0,18.0,9.0,,2.0,9.0,2.0,4.0,,,
2022-2023,Bundesliga,8mcf8c8ht32as6xxrf1gb51m2,A. Adli,Bayer Leverkusen,21,Forward,26,16,10,13,1603,565.0,418.0,418.0,9.0,88.0,955.0,418.0,118.0,11.0,,7.0,6.0,,283.0,36.0,80.0,65.0,150.0,,,,61.0,120.0,47.0,70.0,29.0,,18.0,8.0,371.0,41.0,13.0,11.0,153.0,39.0,2.0,10.0,18.0,26.0,29.0,12.0,36.0,16.0,17.0,5.0,5.0,9.0,3.0,26.0,10.0,,4.0,8.0,,3.0,2.0,2.0,
2022-2023,Bundesliga,aze5i6ssy55jrc8k9vhrs8o9h,D. Sinkgraven,Bayer Leverkusen,22,Forward,12,4,8,4,386,209.0,158.0,158.0,12.0,43.0,293.0,147.0,48.0,19.0,,7.0,5.0,,87.0,10.0,17.0,13.0,25.0,,,,17.0,31.0,4.0,8.0,3.0,,10.0,3.0,66.0,5.0,2.0,2.0,21.0,6.0,1.0,7.0,7.0,4.0,3.0,2.0,4.0,3.0,1.0,,,1.0,1.0,3.0,5.0,,1.0,,,,,,
2022-2023,Bundesliga,e4vr28e9cbq3q5nux1jlpuuei,A. Hložek,Bayer Leverkusen,23,Forward,29,16,13,16,1366,332.0,234.0,234.0,14.0,67.0,631.0,227.0,81.0,8.0,,9.0,6.0,,140.0,13.0,32.0,37.0,99.0,,,,37.0,83.0,20.0,67.0,24.0,,9.0,5.0,251.0,43.0,10.0,5.0,78.0,19.0,2.0,4.0,22.0,7.0,19.0,8.0,14.0,15.0,11.0,5.0,5.0,7.0,1.0,9.0,13.0,1.0,3.0,11.0,,1.0,,,
2022-2023,Bundesliga,3ojzrb5okc6i1jf1o7okovnjd,T. Fosu-Mensah,Bayer Leverkusen,24,Forward,11,1,10,1,238,119.0,92.0,92.0,1.0,20.0,156.0,92.0,22.0,8.0,,1.0,,,58.0,5.0,8.0,7.0,12.0,,,,12.0,17.0,1.0,4.0,2.0,,7.0,2.0,40.0,2.0,3.0,3.0,12.0,3.0,1.0,5.0,1.0,2.0,2.0,,1.0,4.0,2.0,,,1.0,1.0,,1.0,,,,,,,,
2022-2023,Bundesliga,6rd6a2f1k124dzp1p904yq3h0,,Bayer Leverkusen,29,Forward,0,0,0,0,0,,,,,,,,,,,,,,,0.0,0.0,0.0,0.0,,,,,,,,,,,,,,,,,,,,,,,,,,,,,,,,,,,,,,,,
2022-2023,Bundesliga,9z1hb45wjhq63ebn88b079k2d,A. Lunev,Bayer Leverkusen,40,Forward,1,1,0,0,104,44.0,35.0,35.0,7.0,32.0,45.0,28.0,9.0,8.0,1.0,,,2.0,,0.0,0.0,0.0,0.0,2.0,0.0,1.0,1.0,1.0,,,,,,,,,,,,,,,,,,,,,,,,,,,,,,,,,,,
2022-2023,Bundesliga,840353qq4b6ufh0hhm9o0n45x,T. Koubek,Augsburg,40,Forward,11,11,0,0,1065,510.0,349.0,349.0,104.0,289.0,558.0,245.0,161.0,159.0,10.0,7.0,,46.0,4.0,0.0,0.0,8.0,8.0,22.0,1.0,11.0,27.0,2.0,1.0,8.0,8.0,4.0,,,,,,,,,,,,,,,,,,,,,,,,,,,,,,,
2022-2023,Bundesliga,89hc9e27swp796vy7yvylg3x1,R. Framberger,Augsburg,32,Forward,3,2,1,2,180,64.0,33.0,33.0,1.0,17.0,108.0,32.0,27.0,12.0,,5.0,2.0,,5.0,6.0,11.0,11.0,18.0,,,,8.0,19.0,,7.0,5.0,,10.0,4.0,26.0,2.0,4.0,4.0,13.0,4.0,,6.0,3.0,1.0,,,1.0,1.0,,,,,,,1.0,,,,,,,,
2022-2023,Bundesliga,4gmknefwu0tt33z88tu75xmg9,Iago Borduchi,Augsburg,22,Defender,22,19,3,7,1735,725.0,437.0,437.0,71.0,204.0,1115.0,378.0,242.0,95.0,,53.0,17.0,,155.0,31.0,75.0,44.0,113.0,,,,97.0,178.0,13.0,38.0,13.0,,34.0,18.0,280.0,25.0,31.0,30.0,122.0,13.0,5.0,16.0,10.0,13.0,5.0,5.0,26.0,7.0,,,,12.0,12.0,15.0,9.0,,2.0,1.0,,1.0,,1.0,1.0
2022-2023,Bundesliga,8ls8npa774mbrxje10ff46sb9,C. Gruezo,Augsburg,8,Midfielder,13,12,1,5,1021,276.0,199.0,199.0,30.0,85.0,460.0,169.0,74.0,35.0,,15.0,10.0,,71.0,17.0,28.0,26.0,50.0,,,,71.0,41.0,9.0,22.0,9.0,,21.0,9.0,42.0,13.0,2.0,2.0,2.0,12.0,5.0,12.0,3.0,9.0,2.0,2.0,2.0,7.0,,,,,,5.0,4.0,,1.0,,,1.0,,,
2022-2023,Bundesliga,5arng6g4ietx2jwgcd2kpqdpl,R. Gumny,Augsburg,2,Defender,29,23,6,5,2233,823.0,529.0,529.0,72.0,193.0,1260.0,461.0,264.0,103.0,,62.0,26.0,,251.0,31.0,58.0,76.0,147.0,,,,107.0,184.0,18.0,89.0,45.0,,34.0,10.0,262.0,44.0,23.0,23.0,100.0,32.0,5.0,24.0,13.0,14.0,6.0,3.0,17.0,8.0,3.0,1.0,1.0,4.0,4.0,7.0,10.0,,2.0,,,,1.0,1.0,
2022-2023,Bundesliga,3uj9aygyfvo2sm844e72oeesq,F. Winther,Augsburg,26,Forward,1,1,0,0,98,35.0,22.0,22.0,4.0,11.0,59.0,18.0,13.0,6.0,,7.0,,,8.0,2.0,2.0,8.0,11.0,,,,2.0,7.0,,9.0,6.0,,2.0,,3.0,3.0,,,1.0,,,2.0,,,,,,1.0,,,,,,,1.0,,1.0,,,,,,
2022-2023,Bundesliga,4zrut521fzw9fddqt74pnl756,R. Vargas,Augsburg,16,Forward,23,13,10,13,1183,372.0,208.0,208.0,16.0,71.0,659.0,199.0,115.0,26.0,,16.0,6.0,,113.0,28.0,64.0,42.0,101.0,,,,70.0,130.0,16.0,37.0,14.0,,15.0,8.0,273.0,23.0,41.0,39.0,109.0,16.0,4.0,7.0,10.0,6.0,14.0,8.0,28.0,12.0,6.0,3.0,3.0,7.0,6.0,21.0,9.0,,3.0,3.0,,2.0,,,
2022-2023,Bundesliga,4kolmisdpprx0wrahisadl5n9,E. Rexhbeçaj,Augsburg,13,Midfielder,31,30,1,13,2648,911.0,620.0,620.0,33.0,238.0,1416.0,589.0,268.0,77.0,,40.0,17.0,,285.0,36.0,72.0,71.0,140.0,,,,152.0,207.0,49.0,68.0,35.0,,51.0,21.0,224.0,33.0,16.0,13.0,30.0,27.0,6.0,30.0,13.0,27.0,12.0,6.0,15.0,11.0,6.0,,,2.0,1.0,6.0,17.0,,,4.0,,4.0,,,
2022-2023,Bundesliga,d9jj0525pm3nu9vqewtpo2rpx,M. Berisha,Augsburg,11,Forward,23,20,3,10,1804,342.0,142.0,142.0,10.0,53.0,739.0,151.0,121.0,31.0,,19.0,,,82.0,11.0,44.0,50.0,147.0,,,,47.0,148.0,31.0,103.0,39.0,,11.0,5.0,410.0,64.0,58.0,36.0,192.0,28.0,8.0,6.0,27.0,15.0,36.0,20.0,28.0,12.0,16.0,9.0,6.0,19.0,7.0,5.0,20.0,1.0,4.0,34.0,3.0,1.0,,1.0,1.0
2022-2023,Bundesliga,48xfkorlx0hu677np4669wbth,F. Niederlechner,Augsburg,7,Forward,30,21,9,17,1784,346.0,213.0,213.0,9.0,57.0,788.0,204.0,124.0,13.0,,19.0,4.0,,127.0,28.0,64.0,75.0,189.0,,,,53.0,119.0,28.0,125.0,47.0,,19.0,7.0,337.0,78.0,8.0,8.0,135.0,21.0,3.0,12.0,17.0,21.0,38.0,16.0,29.0,7.0,22.0,5.0,5.0,,,16.0,13.0,,2.0,,,2.0,,,
2022-2023,Bundesliga,avk9yje6h4nndg3cufnbu2imt,E. Demirović,Augsburg,9,Forward,30,30,0,14,2518,533.0,262.0,262.0,7.0,94.0,1170.0,261.0,247.0,17.0,,37.0,14.0,,122.0,33.0,90.0,99.0,262.0,,,,83.0,243.0,31.0,172.0,66.0,,31.0,17.0,553.0,106.0,13.0,13.0,206.0,49.0,7.0,14.0,32.0,27.0,53.0,29.0,40.0,24.0,24.0,8.0,7.0,6.0,6.0,19.0,15.0,1.0,4.0,,1.0,2.0,1.0,1.0,
2022-2023,Bundesliga,egmcpa7j5clzga5m0zvg2f105,M. Pedersen,Augsburg,3,Defender,28,20,8,8,1973,696.0,462.0,462.0,62.0,176.0,1122.0,411.0,183.0,81.0,,41.0,20.0,,224.0,40.0,92.0,47.0,122.0,,,,122.0,139.0,23.0,30.0,7.0,,44.0,21.0,289.0,23.0,37.0,33.0,102.0,23.0,6.0,23.0,14.0,23.0,2.0,2.0,31.0,8.0,,,,11.0,6.0,17.0,16.0,,,9.0,,,,,
2022-2023,Bundesliga,aybzlrbkvnobkazjsmox975jp,J. Baumgartlinger,Augsburg,14,Forward,16,3,13,1,658,228.0,188.0,188.0,15.0,63.0,351.0,174.0,38.0,8.0,,15.0,4.0,,81.0,5.0,19.0,12.0,35.0,,,,39.0,31.0,9.0,16.0,7.0,,15.0,11.0,54.0,9.0,1.0,1.0,11.0,5.0,1.0,4.0,3.0,2.0,1.0,1.0,3.0,2.0,,,,1.0,1.0,1.0,4.0,,,,,,,,
2022-2023,Bundesliga,d8h5ge9ust20o7us968acnsnp,D. Caligiuri,Augsburg,20,Forward,13,2,11,1,369,166.0,104.0,104.0,17.0,45.0,254.0,90.0,51.0,23.0,,2.0,3.0,,43.0,10.0,20.0,15.0,30.0,,,,33.0,36.0,4.0,10.0,5.0,,8.0,3.0,57.0,5.0,8.0,4.0,21.0,5.0,1.0,5.0,4.0,1.0,4.0,2.0,7.0,3.0,2.0,1.0,1.0,3.0,1.0,5.0,4.0,,,6.0,,,,,
2022-2023,Bundesliga,3abavmbqh6vt0xgcx6zo4mgru,L. Petkov,Augsburg,21,Forward,7,0,7,1,184,34.0,18.0,18.0,1.0,8.0,91.0,17.0,16.0,4.0,,,1.0,,5.0,2.0,9.0,7.0,29.0,,,,6.0,12.0,1.0,20.0,5.0,,5.0,4.0,31.0,15.0,,,12.0,4.0,1.0,1.0,3.0,3.0,2.0,2.0,3.0,,,,,,,1.0,1.0,,,,,,,,
2022-2023,Bundesliga,19i0qsgzkuzg3b19zogzh7o16,,Augsburg,25,Forward,0,0,0,0,0,,,,,,,,,,,,,,,0.0,0.0,0.0,0.0,,,,,,,,,,,,,,,,,,,,,,,,,,,,,,,,,,,,,,,,
2022-2023,Bundesliga,1obtsawtd9yqeuinc4gw9k8ru,,Augsburg,41,Forward,0,0,0,0,0,,,,,,,,,,,,,,,0.0,0.0,0.0,0.0,,,,,,,,,,,,,,,,,,,,,,,,,,,,,,,,,,,,,,,,
2022-2023,Bundesliga,diyzb2gwf1zkvqyjc63085eui,A. Zehnter,Augsburg,42,Forward,1,0,1,0,7,2.0,,,,,3.0,,2.0,2.0,,,1.0,,,0.0,0.0,0.0,0.0,,,,,,,,,,,,,,,,,,,,,,,,,,,,,,,,,,,,,,,,
2022-2023,Bundesliga,c4xs11ejari9h013y51jrzfmx,,Augsburg,47,Forward,0,0,0,0,0,,,,,,,,,,,,,,,0.0,0.0,0.0,0.0,,,,,,,,,,,,,,,,,,,,,,,,,,,,,,,,,,,,,,,,
2022-2023,Bundesliga,4zfgh6wq7svx418tzwf0gfavp,M. Schwäbe,Köln,20,Goalkeeper,34,34,0,0,3261,1390.0,1091.0,1091.0,215.0,840.0,1454.0,876.0,297.0,286.0,19.0,8.0,2.0,79.0,28.0,0.0,1.0,6.0,8.0,54.0,6.0,34.0,33.0,11.0,2.0,7.0,6.0,6.0,1.0,1.0,,1.0,,,,,1.0,,,,,,,,,,,,,,,,,,,,,,
2022-2023,Bundesliga,38knnji3m4qg6pqohph35n74l,B. Schmitz,Köln,2,Defender,31,30,1,12,2521,1499.0,916.0,916.0,130.0,472.0,1994.0,808.0,478.0,205.0,,57.0,26.0,,347.0,45.0,75.0,75.0,135.0,,,,152.0,347.0,18.0,60.0,30.0,,64.0,22.0,504.0,30.0,74.0,74.0,152.0,32.0,6.0,42.0,8.0,30.0,7.0,3.0,8.0,13.0,4.0,1.0,1.0,22.0,22.0,3.0,9.0,,,,,1.0,,,
2022-2023,Bundesliga,21vfv10e7fh6b2xtcu55ihn11,J. Hector,Köln,14,Defender,32,32,0,2,3009,1830.0,1354.0,1354.0,177.0,449.0,2633.0,1201.0,349.0,186.0,,74.0,39.0,,728.0,99.0,173.0,155.0,262.0,,,,221.0,260.0,77.0,89.0,56.0,,112.0,46.0,611.0,33.0,97.0,87.0,249.0,23.0,3.0,66.0,19.0,52.0,18.0,13.0,28.0,25.0,5.0,,,24.0,11.0,33.0,16.0,,4.0,23.0,,1.0,,,
2022-2023,Bundesliga,ojqb7kv87o0cidbckgtg1rdh,E. Skhiri,Köln,28,Midfielder,32,32,0,1,3043,1717.0,1502.0,1502.0,69.0,651.0,2437.0,1436.0,197.0,31.0,,48.0,56.0,,561.0,68.0,112.0,108.0,174.0,,,,250.0,176.0,11.0,62.0,40.0,,79.0,35.0,338.0,22.0,10.0,10.0,100.0,34.0,5.0,44.0,20.0,40.0,22.0,11.0,9.0,20.0,11.0,7.0,7.0,3.0,3.0,24.0,22.0,1.0,1.0,,,1.0,,,
2022-2023,Bundesliga,4w8nqkhp6v62vs319a7qckfs9,L. Kilian,Köln,15,Defender,16,13,3,0,1306,685.0,585.0,585.0,32.0,261.0,909.0,553.0,96.0,54.0,,48.0,11.0,,213.0,18.0,27.0,41.0,69.0,,,,62.0,43.0,2.0,42.0,23.0,,22.0,6.0,44.0,19.0,1.0,1.0,15.0,7.0,3.0,16.0,3.0,8.0,3.0,2.0,3.0,4.0,1.0,1.0,1.0,,,2.0,9.0,,1.0,,,,,2.0,2.0
2022-2023,Bundesliga,3tdsezcgdlm4laybvh4u49cr9,T. Hübers,Köln,4,Defender,29,28,1,0,2734,1702.0,1400.0,1400.0,96.0,651.0,2428.0,1304.0,298.0,135.0,,153.0,58.0,,506.0,34.0,49.0,128.0,208.0,,,,232.0,165.0,23.0,159.0,94.0,,43.0,15.0,89.0,65.0,2.0,2.0,51.0,31.0,8.0,28.0,2.0,14.0,16.0,8.0,,2.0,8.0,3.0,3.0,,,6.0,13.0,2.0,,,,1.0,,,
2022-2023,Bundesliga,89s9fm31pcfq7l28kc2kad4kq,D. Huseinbašić,Köln,8,Forward,24,7,17,5,902,282.0,214.0,214.0,7.0,73.0,507.0,209.0,55.0,9.0,,5.0,4.0,,114.0,15.0,43.0,22.0,62.0,,,,55.0,57.0,7.0,19.0,7.0,,23.0,14.0,187.0,12.0,11.0,11.0,67.0,14.0,3.0,9.0,18.0,14.0,6.0,2.0,14.0,5.0,4.0,4.0,4.0,2.0,,6.0,12.0,,1.0,2.0,,,,,
2022-2023,Bundesliga,g64b8x11ndowv2zj29r9i311,O. Duda,Köln,18,Midfielder,13,9,4,9,717,279.0,206.0,206.0,14.0,75.0,435.0,194.0,60.0,15.0,,3.0,2.0,,110.0,17.0,30.0,22.0,46.0,,,,43.0,55.0,18.0,16.0,5.0,,9.0,1.0,140.0,11.0,10.0,9.0,27.0,16.0,4.0,8.0,13.0,6.0,6.0,3.0,12.0,8.0,3.0,,,2.0,2.0,9.0,7.0,,1.0,1.0,,,,,
2022-2023,Bundesliga,cnf7quyillyf560nh14taliw9,L. Maina,Köln,37,Midfielder,33,27,6,26,2281,684.0,457.0,457.0,12.0,115.0,1108.0,462.0,136.0,23.0,,9.0,5.0,,300.0,34.0,95.0,35.0,122.0,,,,104.0,186.0,21.0,27.0,1.0,,18.0,6.0,570.0,26.0,73.0,61.0,292.0,17.0,1.0,12.0,26.0,19.0,25.0,12.0,55.0,28.0,13.0,3.0,3.0,17.0,11.0,22.0,10.0,,6.0,18.0,,1.0,,,
2022-2023,Bundesliga,8n4b6j21nxf1nf628ugg3xsdl,S. Tigges,Köln,21,Forward,30,17,13,14,1690,348.0,197.0,197.0,11.0,56.0,761.0,189.0,135.0,8.0,,17.0,8.0,,109.0,17.0,39.0,84.0,196.0,,,,42.0,139.0,11.0,157.0,67.0,,12.0,5.0,307.0,90.0,12.0,12.0,147.0,11.0,1.0,7.0,21.0,11.0,29.0,18.0,17.0,11.0,11.0,6.0,6.0,3.0,3.0,10.0,8.0,2.0,1.0,,,,,,
2022-2023,Bundesliga,3saz8njlttx2i4ospcwmmaqga,E. Martel,Köln,6,Midfielder,29,23,6,9,2127,888.0,689.0,689.0,26.0,220.0,1479.0,669.0,177.0,38.0,,49.0,33.0,,354.0,48.0,80.0,105.0,188.0,,,,154.0,153.0,27.0,108.0,57.0,,66.0,25.0,258.0,51.0,14.0,14.0,85.0,40.0,6.0,41.0,25.0,20.0,18.0,10.0,7.0,7.0,8.0,1.0,1.0,6.0,6.0,7.0,19.0,,1.0,,,1.0,,,
2022-2023,Bundesliga,224uan6ugjt7b2c1zsxrs2pcl,,Köln,1,Forward,0,0,0,0,0,,,,,,,,,,,,,,,0.0,0.0,0.0,0.0,,,,,,,,,,,,,,,,,,,,,,,,,,,,,,,,,,,,,,,,
2022-2023,Bundesliga,f239q43hdwrm7u7mu5jqyk91x,K. Pedersen,Köln,3,Forward,6,3,3,1,302,173.0,121.0,121.0,9.0,64.0,255.0,112.0,48.0,18.0,,17.0,6.0,,42.0,6.0,13.0,16.0,27.0,,,,19.0,34.0,1.0,14.0,10.0,,5.0,1.0,36.0,4.0,4.0,4.0,12.0,5.0,1.0,4.0,1.0,3.0,1.0,1.0,6.0,1.0,,,,,,2.0,,,,,,,,,
2022-2023,Bundesliga,8w5vjfl9ntyyxzyn2lo8k4dpm,N. Soldo,Köln,5,Forward,7,6,1,0,624,348.0,270.0,270.0,21.0,98.0,477.0,249.0,74.0,45.0,,28.0,7.0,,136.0,9.0,18.0,16.0,34.0,,,,44.0,30.0,2.0,16.0,7.0,,15.0,6.0,17.0,9.0,1.0,1.0,12.0,5.0,1.0,9.0,,1.0,3.0,3.0,3.0,1.0,,,,,,,9.0,,,,,,,,
2022-2023,Bundesliga,dcben7gqpal0986gn6n5ypsyd,M. Uth,Köln,13,Forward,3,0,3,0,67,15.0,11.0,11.0,1.0,4.0,22.0,10.0,2.0,1.0,,,,,6.0,1.0,2.0,2.0,3.0,,,,,3.0,1.0,1.0,1.0,,,,9.0,,2.0,1.0,6.0,2.0,2.0,,,,1.0,,1.0,,1.0,,,,,1.0,,,,1.0,,,,,
2022-2023,Bundesliga,6dzx3oyd42ql69tqxqvg8mpxx,K. Schindler,Köln,17,Forward,29,8,21,6,1223,546.0,346.0,346.0,50.0,135.0,827.0,302.0,152.0,63.0,,24.0,15.0,,177.0,20.0,46.0,44.0,81.0,,,,66.0,129.0,12.0,35.0,24.0,,23.0,11.0,255.0,11.0,40.0,38.0,115.0,11.0,4.0,12.0,15.0,12.0,7.0,3.0,15.0,8.0,4.0,,,6.0,5.0,8.0,6.0,,1.0,3.0,,,,,
2022-2023,Bundesliga,8mmecefcbz8wu4jcqqywps5p1,S. Adamyan,Köln,23,Forward,24,4,20,4,765,179.0,119.0,119.0,6.0,35.0,413.0,117.0,46.0,7.0,,5.0,4.0,,72.0,13.0,44.0,25.0,81.0,,,,40.0,48.0,6.0,37.0,12.0,,14.0,7.0,174.0,25.0,9.0,9.0,82.0,17.0,3.0,7.0,16.0,12.0,17.0,6.0,24.0,4.0,11.0,1.0,1.0,4.0,4.0,6.0,4.0,,1.0,,,1.0,,,
2022-2023,Bundesliga,es3b9j6925m7m9x7cr72mn0mh,F. Dietz,Köln,33,Forward,11,4,7,5,434,76.0,39.0,39.0,1.0,10.0,191.0,38.0,32.0,4.0,,2.0,,,24.0,2.0,10.0,26.0,46.0,,,,8.0,32.0,1.0,36.0,24.0,,2.0,1.0,99.0,12.0,4.0,4.0,49.0,11.0,1.0,1.0,9.0,3.0,11.0,5.0,7.0,4.0,6.0,1.0,1.0,,,1.0,7.0,,,,,,,,
2022-2023,Bundesliga,7pwu957t5p1saqhmyn1jv8k16,,Köln,45,Forward,0,0,0,0,0,,,,,,,,,,,,,,,0.0,0.0,0.0,0.0,,,,,,,,,,,,,,,,,,,,,,,,,,,,,,,,,,,,,,,,
2022-2023,Bundesliga,8i40hzajfhm1wl1gh0p14no8a,,Köln,46,Forward,0,0,0,0,0,,,,,,,,,,,,,,,0.0,0.0,0.0,0.0,,,,,,,,,,,,,,,,,,,,,,,,,,,,,,,,,,,,,,,,
2022-2023,Bundesliga,axcrcuv22693vn0a887samsph,J. Blaswich,RB Leipzig,21,Goalkeeper,26,26,0,0,2500,1142.0,988.0,988.0,96.0,585.0,1230.0,892.0,153.0,146.0,20.0,10.0,,46.0,78.0,1.0,1.0,12.0,12.0,29.0,7.0,26.0,46.0,7.0,3.0,11.0,11.0,18.0,,,,,,,,1.0,,,,,,,,,,,,,,1.0,,,,,,,,,
2022-2023,Bundesliga,95gjm3yk75rmwyneb350zoktm,M. Simakan,RB Leipzig,2,Defender,24,18,6,10,1547,1108.0,896.0,896.0,55.0,364.0,1474.0,846.0,195.0,59.0,,55.0,16.0,,397.0,26.0,54.0,64.0,117.0,,,,92.0,145.0,25.0,63.0,38.0,,21.0,7.0,236.0,25.0,9.0,9.0,82.0,24.0,2.0,14.0,6.0,17.0,10.0,7.0,21.0,11.0,3.0,1.0,1.0,5.0,5.0,12.0,6.0,,1.0,,,3.0,,,
2022-2023,Bundesliga,2uz1cmslnjjzsgfcgji26kqg9,D. Raum,RB Leipzig,22,Forward,28,19,9,10,1786,1189.0,854.0,854.0,90.0,240.0,1537.0,808.0,181.0,80.0,,26.0,16.0,,542.0,33.0,76.0,49.0,104.0,,,,113.0,207.0,14.0,28.0,16.0,,39.0,14.0,494.0,12.0,106.0,75.0,230.0,21.0,5.0,25.0,9.0,18.0,9.0,4.0,29.0,22.0,5.0,,,44.0,19.0,8.0,11.0,,2.0,56.0,,3.0,,,
2022-2023,Bundesliga,7o3fumeufgigw092b7i5n4f6x,A. Haidara,RB Leipzig,8,Forward,31,15,16,12,1529,824.0,684.0,684.0,35.0,276.0,1159.0,649.0,133.0,21.0,,20.0,26.0,,258.0,20.0,37.0,44.0,92.0,,,,103.0,115.0,11.0,55.0,24.0,,25.0,14.0,200.0,31.0,3.0,3.0,13.0,29.0,7.0,11.0,13.0,20.0,12.0,6.0,3.0,13.0,6.0,2.0,2.0,,,9.0,13.0,,2.0,,,4.0,,,
2022-2023,Bundesliga,eapihgte8ydc4g6hzygsx2e39,W. Orbán,RB Leipzig,4,Defender,33,33,0,1,3127,2638.0,2345.0,2345.0,143.0,1134.0,3384.0,2202.0,286.0,117.0,,129.0,39.0,,674.0,38.0,68.0,149.0,254.0,,,,194.0,172.0,34.0,186.0,111.0,,51.0,21.0,137.0,75.0,3.0,3.0,92.0,17.0,3.0,30.0,8.0,18.0,23.0,12.0,9.0,5.0,11.0,4.0,4.0,,,8.0,29.0,3.0,1.0,,,1.0,,,
2022-2023,Bundesliga,dyigvzjpa74cw4urhh7fwzs2d,A. Diallo,RB Leipzig,37,Forward,8,5,3,1,520,381.0,323.0,323.0,27.0,178.0,512.0,296.0,56.0,22.0,,22.0,8.0,,89.0,8.0,11.0,20.0,34.0,,,,40.0,35.0,2.0,23.0,12.0,,6.0,1.0,36.0,11.0,1.0,1.0,15.0,3.0,2.0,5.0,6.0,3.0,4.0,3.0,2.0,2.0,1.0,1.0,1.0,,,3.0,5.0,1.0,,,,1.0,,,
2022-2023,Bundesliga,avh60ensgiwz1qalvn1bbqkfd,D. Szoboszlai,RB Leipzig,17,Midfielder,31,28,3,9,2624,1580.0,1198.0,1198.0,118.0,338.0,2184.0,1144.0,241.0,50.0,,27.0,17.0,,726.0,81.0,150.0,88.0,175.0,,,,151.0,261.0,39.0,25.0,7.0,,45.0,17.0,813.0,18.0,70.0,45.0,203.0,25.0,4.0,28.0,33.0,41.0,47.0,18.0,52.0,61.0,29.0,6.0,4.0,64.0,21.0,53.0,14.0,,8.0,68.0,2.0,16.0,1.0,2.0,1.0
2022-2023,Bundesliga,1s1v1tweyx8wxc9hj2jrnaggl,X. Schlager,RB Leipzig,24,Midfielder,22,16,6,4,1616,928.0,770.0,770.0,57.0,283.0,1284.0,714.0,149.0,36.0,,23.0,17.0,,339.0,37.0,66.0,50.0,99.0,,,,132.0,114.0,24.0,33.0,13.0,,41.0,17.0,174.0,20.0,1.0,1.0,15.0,27.0,2.0,24.0,14.0,17.0,3.0,2.0,12.0,6.0,1.0,1.0,1.0,1.0,1.0,13.0,4.0,,1.0,,,4.0,,,
2022-2023,Bundesliga,1j0a3ml1zglc9s31yentfckb9,C. Nkunku,RB Leipzig,18,Forward,25,20,5,5,2006,620.0,489.0,489.0,33.0,117.0,1033.0,464.0,109.0,17.0,,11.0,8.0,,296.0,42.0,86.0,59.0,129.0,,,,59.0,103.0,37.0,43.0,17.0,,6.0,2.0,531.0,26.0,11.0,8.0,219.0,18.0,4.0,4.0,38.0,5.0,54.0,26.0,42.0,33.0,28.0,16.0,11.0,8.0,5.0,38.0,23.0,2.0,4.0,6.0,5.0,11.0,,,
2022-2023,Bundesliga,dhhmffih4gl51nlu92hfctqs5,André Silva,RB Leipzig,19,Forward,31,20,11,14,1814,477.0,349.0,349.0,8.0,75.0,887.0,341.0,123.0,5.0,,3.0,3.0,,222.0,27.0,77.0,47.0,132.0,,,,48.0,122.0,44.0,55.0,20.0,,12.0,6.0,477.0,35.0,4.0,4.0,192.0,32.0,3.0,6.0,43.0,10.0,46.0,24.0,44.0,24.0,22.0,4.0,4.0,,,21.0,15.0,,4.0,,,5.0,,,
2022-2023,Bundesliga,ckox9w95duwhmt72xxk7lt2vp,E. Forsberg,RB Leipzig,10,Forward,30,16,14,14,1578,520.0,416.0,416.0,19.0,121.0,785.0,403.0,83.0,12.0,,7.0,3.0,,219.0,26.0,48.0,38.0,77.0,,,,59.0,83.0,25.0,29.0,12.0,,16.0,5.0,338.0,17.0,12.0,9.0,67.0,22.0,2.0,11.0,12.0,23.0,19.0,8.0,17.0,17.0,11.0,6.0,4.0,6.0,1.0,15.0,6.0,,4.0,8.0,2.0,3.0,,,
2022-2023,Bundesliga,8l0am8k4pg2s9g9qbkhwte6dx,Y. Poulsen,RB Leipzig,9,Forward,19,3,16,3,515,126.0,67.0,67.0,3.0,15.0,272.0,66.0,54.0,4.0,,5.0,,,37.0,10.0,15.0,37.0,54.0,,,,21.0,52.0,9.0,39.0,27.0,,6.0,2.0,111.0,12.0,2.0,2.0,50.0,10.0,1.0,4.0,10.0,2.0,11.0,5.0,3.0,7.0,6.0,2.0,2.0,2.0,2.0,6.0,3.0,,1.0,,,3.0,,,
2022-2023,Bundesliga,cfc7fqq748bz3nklfam2a2fp,Ø. Nyland,RB Leipzig,13,Forward,2,2,0,0,191,99.0,75.0,75.0,17.0,52.0,107.0,58.0,23.0,22.0,,,,4.0,2.0,0.0,0.0,0.0,1.0,2.0,1.0,2.0,5.0,1.0,,1.0,,,,,,1.0,,,,,,,,,,,,2.0,,,,,,,,,2.0,,,,,,
2022-2023,Bundesliga,4qkv71pjmzw66crfaktr6tihh,M. Halstenberg,RB Leipzig,23,Forward,31,17,14,13,1664,1171.0,900.0,900.0,56.0,302.0,1502.0,862.0,218.0,61.0,,29.0,21.0,,481.0,31.0,58.0,57.0,100.0,,,,102.0,187.0,7.0,42.0,26.0,,40.0,19.0,305.0,16.0,30.0,23.0,85.0,19.0,2.0,21.0,7.0,21.0,8.0,5.0,8.0,14.0,3.0,1.0,1.0,18.0,8.0,10.0,2.0,,1.0,17.0,,,,,
2022-2023,Bundesliga,c0rzlb9gffcwfrcpzd40ob7fu,S. Ba,RB Leipzig,25,Forward,1,0,1,0,6,,,,,,,,,,,,,,,0.0,0.0,0.0,0.0,,,,,,,,,,,,,,,,,,,,,,,,,,,,,,,,,,,,,,,,
2022-2023,Bundesliga,9prtaifv6stlujgywgq4wd08a,J. Gvardiol,RB Leipzig,32,Defender,30,24,6,5,2308,2149.0,1912.0,1912.0,146.0,911.0,2636.0,1768.0,229.0,98.0,,76.0,34.0,,656.0,33.0,42.0,76.0,119.0,,,,167.0,133.0,13.0,77.0,43.0,,23.0,6.0,88.0,34.0,2.0,2.0,34.0,20.0,2.0,17.0,6.0,17.0,14.0,9.0,3.0,8.0,5.0,1.0,1.0,2.0,2.0,16.0,18.0,,,,,1.0,,,
2022-2023,Bundesliga,8zmj7mo9zxsoo5trhmmgmgb56,Hugo Novoa,RB Leipzig,38,Forward,7,2,5,2,209,108.0,77.0,77.0,5.0,15.0,159.0,72.0,21.0,7.0,,,1.0,,48.0,7.0,19.0,10.0,26.0,,,,4.0,24.0,2.0,7.0,3.0,,8.0,6.0,69.0,4.0,10.0,10.0,27.0,6.0,,2.0,7.0,4.0,2.0,,6.0,2.0,2.0,1.0,1.0,,,5.0,1.0,,,,,,,,
2022-2023,Bundesliga,3isbv9egu9vzxnna4ix8gcudx,B. Henrichs,RB Leipzig,39,Defender,30,23,7,6,2319,1538.0,1184.0,1184.0,82.0,360.0,2111.0,1116.0,298.0,96.0,,46.0,35.0,,713.0,66.0,113.0,88.0,149.0,,,,169.0,235.0,28.0,36.0,22.0,,73.0,27.0,524.0,14.0,33.0,33.0,128.0,37.0,8.0,46.0,17.0,44.0,15.0,11.0,20.0,21.0,4.0,2.0,2.0,14.0,13.0,20.0,20.0,,5.0,1.0,,4.0,,,
2022-2023,Bundesliga,axj39lx25teh62rih6uv9qor9,K. Kampl,RB Leipzig,44,Forward,30,16,14,11,1475,898.0,790.0,790.0,32.0,259.0,1181.0,759.0,102.0,17.0,,11.0,22.0,,356.0,20.0,33.0,27.0,59.0,,,,117.0,88.0,7.0,26.0,7.0,,21.0,10.0,176.0,19.0,3.0,3.0,23.0,22.0,8.0,11.0,10.0,17.0,5.0,3.0,3.0,8.0,2.0,2.0,2.0,1.0,1.0,9.0,11.0,,2.0,,,6.0,,,
2022-2023,Bundesliga,1sjt0nj0232gu88x50c3d16nd,O. Christensen,Hertha BSC,1,Goalkeeper,33,33,0,0,3187,1218.0,777.0,777.0,256.0,691.0,1314.0,521.0,435.0,422.0,33.0,22.0,,98.0,4.0,1.0,3.0,7.0,12.0,68.0,3.0,33.0,51.0,13.0,7.0,9.0,6.0,6.0,1.0,1.0,,3.0,,,,,2.0,,1.0,,,,1.0,1.0,,,,,,1.0,,,1.0,,,,,,
2022-2023,Bundesliga,drv9wksjusdgp1np315rokzit,J. Kenny,Hertha BSC,16,Defender,29,25,4,3,2408,1207.0,867.0,867.0,98.0,426.0,1702.0,781.0,278.0,102.0,,74.0,46.0,,332.0,46.0,70.0,71.0,116.0,,,,146.0,219.0,6.0,46.0,25.0,,46.0,12.0,289.0,21.0,43.0,43.0,94.0,29.0,3.0,34.0,8.0,29.0,6.0,5.0,12.0,13.0,1.0,,,12.0,11.0,12.0,9.0,,1.0,1.0,,,,,
2022-2023,Bundesliga,2ebiw2w6d76sttjh8n8871kgl,M. Plattenhardt,Hertha BSC,21,Defender,31,29,2,7,2562,1208.0,754.0,754.0,106.0,387.0,1613.0,688.0,286.0,199.0,,82.0,15.0,,304.0,36.0,62.0,55.0,98.0,,,,117.0,211.0,31.0,36.0,19.0,,43.0,10.0,369.0,17.0,124.0,82.0,150.0,21.0,3.0,33.0,6.0,14.0,7.0,6.0,16.0,19.0,1.0,,,40.0,22.0,3.0,12.0,,2.0,60.0,,,,,
2022-2023,Bundesliga,ce2pidh4dpd1ccozn2lm3qtw5,I. Šunjić,Hertha BSC,34,Forward,18,12,6,6,1069,361.0,270.0,270.0,18.0,111.0,573.0,252.0,90.0,27.0,,19.0,13.0,,96.0,20.0,45.0,27.0,66.0,,,,67.0,64.0,9.0,21.0,7.0,,38.0,18.0,62.0,14.0,1.0,1.0,11.0,17.0,4.0,20.0,6.0,12.0,4.0,1.0,7.0,3.0,3.0,,,,,,7.0,,,,,2.0,,,
2022-2023,Bundesliga,c2bhdypnqifsl8eiovtfdmyg9,A. Rogel,Hertha BSC,3,Defender,20,14,6,1,1551,572.0,426.0,426.0,38.0,212.0,868.0,388.0,143.0,57.0,,74.0,11.0,,126.0,9.0,19.0,58.0,103.0,,,,62.0,86.0,6.0,84.0,49.0,,18.0,9.0,36.0,35.0,,,25.0,21.0,7.0,9.0,,7.0,4.0,4.0,1.0,1.0,,,,,,,9.0,,1.0,,,,,,
2022-2023,Bundesliga,djpsc1fvcnrh61c071t00gmad,M. Kempf,Hertha BSC,20,Defender,31,31,0,4,2894,1302.0,1011.0,1011.0,68.0,517.0,2051.0,943.0,285.0,96.0,,143.0,51.0,,312.0,38.0,61.0,167.0,273.0,,,,190.0,191.0,24.0,212.0,129.0,,44.0,17.0,100.0,83.0,2.0,2.0,74.0,27.0,5.0,27.0,7.0,10.0,13.0,8.0,6.0,8.0,5.0,1.0,1.0,,,11.0,35.0,1.0,,,,2.0,,,
2022-2023,Bundesliga,eg9xhi6wfp1duf01pcsn8vfmd,L. Tousart,Hertha BSC,29,Midfielder,33,33,0,4,3145,886.0,528.0,528.0,28.0,234.0,1756.0,503.0,326.0,65.0,,75.0,48.0,,194.0,61.0,128.0,152.0,313.0,,,,168.0,286.0,42.0,185.0,91.0,,73.0,35.0,376.0,94.0,25.0,25.0,172.0,36.0,1.0,38.0,26.0,36.0,30.0,14.0,32.0,16.0,16.0,5.0,5.0,3.0,3.0,23.0,19.0,2.0,3.0,,,1.0,,,
2022-2023,Bundesliga,9j1fd0mz39tl1h5che3f357md,S. Serdar,Hertha BSC,8,Midfielder,32,24,8,19,2111,615.0,428.0,428.0,33.0,147.0,1206.0,398.0,179.0,29.0,,24.0,29.0,,206.0,59.0,126.0,89.0,187.0,,,,139.0,153.0,31.0,61.0,30.0,,51.0,28.0,276.0,31.0,3.0,2.0,63.0,33.0,7.0,23.0,32.0,36.0,11.0,4.0,39.0,14.0,7.0,4.0,4.0,3.0,,36.0,24.0,1.0,2.0,4.0,,3.0,,,
2022-2023,Bundesliga,a7x5shoc3g4ne9has4hys20ut,S. Jovetić,Hertha BSC,19,Forward,17,8,9,3,987,316.0,197.0,197.0,21.0,85.0,514.0,179.0,108.0,9.0,,10.0,2.0,,75.0,12.0,25.0,26.0,67.0,,,,35.0,105.0,19.0,42.0,14.0,,3.0,1.0,194.0,28.0,6.0,6.0,56.0,8.0,,2.0,9.0,1.0,20.0,14.0,12.0,14.0,6.0,4.0,4.0,3.0,2.0,10.0,8.0,,5.0,1.0,,3.0,,,
2022-2023,Bundesliga,5cw4n6kdaa7imeyaiuo2pnq39,D. Lukébakio,Hertha BSC,14,Forward,32,27,5,13,2530,613.0,401.0,401.0,37.0,99.0,1257.0,385.0,142.0,20.0,,17.0,13.0,,267.0,78.0,173.0,94.0,221.0,,,,121.0,170.0,59.0,48.0,16.0,,18.0,7.0,587.0,32.0,48.0,33.0,252.0,33.0,8.0,11.0,48.0,18.0,50.0,23.0,88.0,24.0,27.0,11.0,6.0,21.0,11.0,67.0,19.0,1.0,4.0,25.0,5.0,4.0,,,
2022-2023,Bundesliga,djggrnjp9s4p2mlbzhx6arbh1,M. Richter,Hertha BSC,23,Midfielder,29,21,8,14,1941,747.0,444.0,444.0,57.0,169.0,1347.0,404.0,214.0,89.0,,25.0,24.0,,218.0,59.0,135.0,71.0,178.0,,,,161.0,193.0,33.0,43.0,12.0,,43.0,20.0,473.0,31.0,68.0,49.0,184.0,36.0,8.0,23.0,34.0,27.0,41.0,26.0,56.0,15.0,15.0,6.0,6.0,17.0,8.0,36.0,10.0,,5.0,28.0,,1.0,,,
2022-2023,Bundesliga,7wm8whndx19gcpqxtw9safljp,P. Pekarík,Hertha BSC,2,Forward,5,2,3,1,235,115.0,88.0,88.0,4.0,39.0,159.0,85.0,23.0,9.0,,7.0,4.0,,36.0,3.0,4.0,7.0,13.0,,,,14.0,17.0,,9.0,4.0,,4.0,1.0,15.0,5.0,3.0,3.0,5.0,,,3.0,1.0,4.0,,,,,,,,1.0,1.0,,2.0,,,,,,,,
2022-2023,Bundesliga,5ir834cntiq4qhlw8dqi6rowl,V. Darida,Hertha BSC,6,Forward,3,0,3,0,44,12.0,7.0,7.0,,,24.0,8.0,4.0,1.0,,,,,6.0,2.0,3.0,2.0,4.0,,,,1.0,3.0,1.0,1.0,,,1.0,,11.0,1.0,,,4.0,1.0,,1.0,1.0,1.0,,,1.0,,,,,1.0,,1.0,,,,1.0,,,,,
2022-2023,Bundesliga,6yc09eth94qsachf595dyx6fp,D. Selke,Hertha BSC,7,Forward,30,15,15,15,1227,280.0,159.0,159.0,,42.0,599.0,159.0,109.0,4.0,,16.0,1.0,,87.0,6.0,20.0,93.0,179.0,,,,22.0,114.0,18.0,159.0,87.0,,2.0,1.0,250.0,72.0,9.0,9.0,123.0,22.0,3.0,1.0,13.0,5.0,28.0,9.0,13.0,12.0,19.0,6.0,5.0,,,5.0,8.0,3.0,1.0,,1.0,,,,
2022-2023,Bundesliga,88unrmh29io1zmqzxwjzuqtm2,T. Ernst,Hertha BSC,12,Forward,1,1,0,0,100,35.0,26.0,26.0,7.0,21.0,38.0,19.0,9.0,9.0,,1.0,,7.0,,0.0,0.0,0.0,0.0,1.0,0.0,1.0,,,,,,1.0,,,,,,,,,,,,,,,,,,,,,,,,,,,,,,,
2022-2023,Bundesliga,6q2mf0qrkt51z28b46wltxal1,M. Mittelstädt,Hertha BSC,17,Forward,17,7,10,3,937,472.0,317.0,317.0,18.0,140.0,767.0,308.0,113.0,57.0,,27.0,26.0,,126.0,39.0,72.0,49.0,98.0,,,,84.0,87.0,9.0,26.0,10.0,,39.0,19.0,141.0,16.0,31.0,22.0,52.0,13.0,5.0,20.0,9.0,11.0,3.0,1.0,14.0,8.0,2.0,,,9.0,5.0,19.0,5.0,,,13.0,,1.0,,,
2022-2023,Bundesliga,cfdgq8thcoghlh5d0s0pzb1sl,W. Kanga,Hertha BSC,18,Forward,23,15,8,11,1502,251.0,152.0,152.0,2.0,23.0,563.0,152.0,90.0,1.0,,13.0,2.0,,105.0,12.0,29.0,65.0,143.0,,,,25.0,95.0,12.0,114.0,53.0,,5.0,1.0,290.0,61.0,6.0,6.0,133.0,18.0,3.0,4.0,18.0,11.0,22.0,13.0,16.0,16.0,9.0,2.0,2.0,2.0,2.0,8.0,6.0,1.0,,,,1.0,,,
2022-2023,Bundesliga,6hgj78mr8wy2i5izf8x10ij11,K. Boateng,Hertha BSC,27,Forward,16,5,11,5,534,252.0,184.0,184.0,13.0,65.0,386.0,172.0,60.0,11.0,,5.0,3.0,,94.0,7.0,12.0,26.0,47.0,,,,27.0,55.0,8.0,35.0,19.0,,8.0,2.0,103.0,16.0,6.0,6.0,33.0,23.0,3.0,6.0,8.0,8.0,3.0,3.0,3.0,3.0,,,,1.0,1.0,1.0,6.0,,,,,1.0,,,
2022-2023,Bundesliga,6mijfayg3juwbk0u95h9gd8x6,M. Dárdai,Hertha BSC,31,Forward,17,11,6,5,1030,378.0,224.0,224.0,39.0,120.0,574.0,186.0,151.0,80.0,,45.0,11.0,,70.0,11.0,21.0,28.0,55.0,,,,52.0,71.0,9.0,34.0,17.0,,17.0,9.0,25.0,17.0,,,12.0,11.0,2.0,8.0,4.0,5.0,2.0,1.0,1.0,4.0,1.0,1.0,1.0,1.0,,3.0,9.0,,,1.0,,1.0,,,
2022-2023,Bundesliga,6ufkq71qh9wrfyaez5yi94e09,C. Ejuke,Hertha BSC,40,Forward,20,9,11,8,971,292.0,223.0,223.0,13.0,59.0,582.0,214.0,50.0,8.0,,1.0,4.0,,129.0,51.0,108.0,56.0,116.0,,,,66.0,55.0,10.0,8.0,5.0,,5.0,1.0,236.0,3.0,13.0,12.0,77.0,2.0,,4.0,20.0,4.0,18.0,13.0,56.0,8.0,5.0,,,4.0,2.0,47.0,6.0,,3.0,3.0,,3.0,,,
2022-2023,Bundesliga,dvo2f7d0yosn404wsrsgeprdh,A. Schwolow,Schalke 04,13,Goalkeeper,23,22,1,0,2204,853.0,567.0,567.0,226.0,502.0,902.0,341.0,283.0,278.0,7.0,6.0,1.0,79.0,3.0,0.0,0.0,3.0,4.0,56.0,2.0,22.0,30.0,5.0,4.0,4.0,3.0,4.0,,,1.0,1.0,,,1.0,,1.0,,,,,,,2.0,,,,,,,3.0,,,,,,,,
2022-2023,Bundesliga,f3xm12deg7xf3g2n3yk11npat,C. Brunner,Schalke 04,27,Defender,28,28,0,10,2431,1158.0,761.0,761.0,109.0,335.0,1646.0,670.0,333.0,158.0,,79.0,43.0,,352.0,36.0,55.0,73.0,132.0,,,,136.0,218.0,38.0,77.0,37.0,,39.0,12.0,299.0,40.0,43.0,43.0,103.0,33.0,5.0,27.0,13.0,17.0,5.0,5.0,7.0,9.0,,,,18.0,18.0,9.0,12.0,,,,,1.0,,,
2022-2023,Bundesliga,8kydif03gk6apce8xwl9w3ht5,T. Ouwejan,Schalke 04,2,Forward,17,10,7,5,979,503.0,268.0,268.0,53.0,140.0,695.0,242.0,131.0,81.0,,27.0,13.0,,125.0,9.0,26.0,13.0,43.0,,,,61.0,120.0,6.0,17.0,4.0,,20.0,12.0,202.0,13.0,70.0,41.0,100.0,6.0,1.0,8.0,4.0,13.0,4.0,3.0,5.0,10.0,1.0,,,27.0,15.0,1.0,5.0,,1.0,41.0,,,,,
2022-2023,Bundesliga,9taxidttdt94nmvc3mqhqq0ut,A. Král,Schalke 04,30,Midfielder,29,26,3,3,2542,847.0,579.0,579.0,42.0,242.0,1414.0,544.0,235.0,57.0,,53.0,17.0,,228.0,47.0,89.0,95.0,187.0,,,,158.0,198.0,18.0,98.0,48.0,,34.0,10.0,294.0,50.0,20.0,20.0,121.0,21.0,3.0,24.0,21.0,25.0,22.0,19.0,32.0,9.0,3.0,,,7.0,7.0,23.0,17.0,,1.0,,,2.0,,,
2022-2023,Bundesliga,64x38pccgfsuz4ywoveh2ksbu,L. Greiml,Schalke 04,3,Forward,7,3,4,0,394,197.0,160.0,160.0,11.0,68.0,276.0,149.0,34.0,22.0,,16.0,3.0,,65.0,6.0,11.0,16.0,26.0,,,,21.0,15.0,2.0,15.0,10.0,,10.0,5.0,7.0,5.0,3.0,3.0,2.0,12.0,2.0,5.0,,4.0,1.0,,,1.0,1.0,,,,,1.0,3.0,,,,,1.0,,,
2022-2023,Bundesliga,4fvtwbl1hrxgs9lg957rxladx,M. Yoshida,Schalke 04,4,Defender,29,28,1,1,2750,1407.0,1069.0,1069.0,123.0,510.0,2002.0,948.0,324.0,176.0,,132.0,46.0,,351.0,28.0,43.0,111.0,168.0,,,,168.0,154.0,18.0,125.0,83.0,,34.0,12.0,77.0,42.0,6.0,6.0,39.0,20.0,4.0,22.0,2.0,11.0,10.0,8.0,3.0,1.0,2.0,,,2.0,2.0,6.0,31.0,,,,,2.0,,,
2022-2023,Bundesliga,7lohomjw8xbl5eymcqhrtytw5,D. Drexler,Schalke 04,24,Midfielder,27,16,11,12,1540,498.0,311.0,311.0,21.0,111.0,796.0,304.0,135.0,27.0,,12.0,8.0,,175.0,27.0,46.0,49.0,96.0,,,,89.0,144.0,24.0,50.0,22.0,,25.0,8.0,258.0,28.0,36.0,29.0,106.0,26.0,3.0,17.0,18.0,16.0,14.0,8.0,11.0,10.0,6.0,4.0,4.0,14.0,9.0,10.0,4.0,1.0,3.0,12.0,,2.0,1.0,1.0,
2022-2023,Bundesliga,dgysidzshgxqm3jegaihwi5wq,T. Krauß,Schalke 04,6,Midfielder,32,31,1,16,2633,804.0,574.0,574.0,29.0,238.0,1487.0,549.0,210.0,45.0,,35.0,36.0,,240.0,88.0,147.0,115.0,208.0,,,,223.0,177.0,32.0,61.0,27.0,,112.0,44.0,297.0,34.0,12.0,12.0,49.0,46.0,8.0,68.0,31.0,33.0,20.0,11.0,15.0,11.0,9.0,2.0,2.0,4.0,4.0,20.0,11.0,,,,,2.0,,,
2022-2023,Bundesliga,9xl238e13utd2ondzqi51ka1h,S. Terodde,Schalke 04,9,Forward,32,21,11,13,1955,316.0,212.0,212.0,5.0,38.0,747.0,207.0,102.0,5.0,,9.0,6.0,,143.0,10.0,28.0,81.0,218.0,,,,40.0,99.0,36.0,190.0,71.0,,15.0,7.0,338.0,119.0,2.0,2.0,148.0,37.0,5.0,8.0,16.0,4.0,38.0,18.0,11.0,19.0,20.0,5.0,5.0,,,2.0,8.0,1.0,1.0,,,1.0,,,
2022-2023,Bundesliga,1n0y675l767w55pipq5lgj1zp,F. Mollet,Schalke 04,20,Forward,9,4,5,3,448,152.0,111.0,111.0,3.0,33.0,250.0,110.0,32.0,9.0,,1.0,1.0,,61.0,3.0,9.0,4.0,21.0,,,,25.0,30.0,7.0,12.0,1.0,,4.0,3.0,86.0,11.0,7.0,3.0,34.0,4.0,1.0,1.0,8.0,6.0,7.0,6.0,3.0,4.0,1.0,1.0,1.0,2.0,2.0,2.0,5.0,,,4.0,,,,,
2022-2023,Bundesliga,6b7p3ncup75mpop91n0u1mw2d,M. Bülter,Schalke 04,11,Midfielder,33,30,3,10,2766,762.0,412.0,412.0,33.0,151.0,1423.0,406.0,226.0,54.0,,20.0,10.0,,217.0,43.0,121.0,86.0,220.0,,,,134.0,263.0,50.0,99.0,43.0,,22.0,11.0,696.0,56.0,91.0,91.0,311.0,26.0,5.0,11.0,28.0,33.0,48.0,21.0,67.0,31.0,27.0,11.0,7.0,27.0,27.0,32.0,21.0,2.0,1.0,,4.0,5.0,,,
2022-2023,Bundesliga,8td0ccul6gf7r5benk1pxqrx1,R. Fährmann,Schalke 04,1,Forward,12,12,0,1,1101,442.0,304.0,304.0,119.0,263.0,487.0,185.0,137.0,131.0,11.0,10.0,,43.0,,0.0,1.0,2.0,3.0,15.0,5.0,12.0,21.0,6.0,1.0,2.0,2.0,6.0,1.0,1.0,,,,,,,,,,,,,,,,,,,,,,,,,,,,,
2022-2023,Bundesliga,aahyom322jdc6f21960ycuzth,J. Larsson,Schalke 04,7,Forward,11,5,6,5,495,117.0,86.0,86.0,5.0,20.0,226.0,82.0,29.0,5.0,,3.0,4.0,,51.0,9.0,22.0,15.0,39.0,,,,23.0,25.0,6.0,17.0,6.0,,8.0,3.0,81.0,11.0,1.0,,25.0,7.0,,5.0,7.0,9.0,7.0,7.0,10.0,3.0,,,,1.0,,4.0,3.0,,,2.0,,,,,
2022-2023,Bundesliga,8n0dskalmx94ofiq6jewa22tx,D. Latza,Schalke 04,8,Forward,20,8,12,3,976,394.0,304.0,304.0,15.0,93.0,616.0,295.0,68.0,15.0,,15.0,5.0,,165.0,17.0,30.0,31.0,65.0,,,,60.0,68.0,12.0,35.0,14.0,,17.0,4.0,137.0,21.0,15.0,9.0,49.0,13.0,2.0,13.0,8.0,15.0,7.0,5.0,9.0,3.0,2.0,,,6.0,2.0,4.0,10.0,,,10.0,,2.0,,,
2022-2023,Bundesliga,58jjd14yvf4d6tvqcz4xo3a7e,F. Flick,Schalke 04,17,Forward,8,5,3,1,567,185.0,129.0,129.0,9.0,51.0,299.0,120.0,53.0,16.0,,18.0,4.0,,55.0,4.0,14.0,18.0,35.0,,,,32.0,38.0,4.0,21.0,14.0,,12.0,9.0,31.0,7.0,1.0,1.0,3.0,6.0,1.0,3.0,2.0,6.0,1.0,,1.0,1.0,1.0,,,,,1.0,4.0,,,,,,,,
2022-2023,Bundesliga,at2rbigl1d8bsjw2u6lhfcatx,K. Karaman,Schalke 04,19,Forward,21,10,11,6,1081,209.0,126.0,126.0,5.0,37.0,463.0,124.0,60.0,4.0,,9.0,3.0,,72.0,19.0,51.0,51.0,106.0,,,,34.0,75.0,24.0,55.0,32.0,,11.0,3.0,215.0,23.0,19.0,19.0,96.0,12.0,2.0,8.0,18.0,8.0,15.0,7.0,29.0,7.0,8.0,1.0,1.0,3.0,3.0,11.0,8.0,1.0,2.0,,,,,,
2022-2023,Bundesliga,2rsdnuf5kuu8kxybsjq7ogbje,M. Aydın,Schalke 04,23,Forward,16,3,13,2,659,280.0,171.0,171.0,18.0,71.0,475.0,160.0,81.0,26.0,,15.0,10.0,,81.0,22.0,42.0,35.0,72.0,,,,49.0,72.0,6.0,30.0,13.0,,25.0,7.0,103.0,17.0,17.0,17.0,29.0,6.0,,18.0,3.0,11.0,3.0,3.0,13.0,2.0,,,,7.0,6.0,4.0,2.0,,,1.0,,1.0,,,
2022-2023,Bundesliga,5qc0owkwmgk74qy13ft3kpg5,T. Mohr,Schalke 04,29,Forward,18,8,10,4,938,506.0,288.0,288.0,47.0,121.0,680.0,261.0,129.0,80.0,,19.0,8.0,,150.0,9.0,18.0,17.0,38.0,,,,51.0,117.0,4.0,20.0,8.0,,8.0,3.0,197.0,12.0,68.0,52.0,85.0,5.0,,5.0,8.0,9.0,8.0,7.0,6.0,15.0,1.0,,,20.0,12.0,4.0,9.0,,3.0,24.0,,1.0,,,
2022-2023,Bundesliga,8czesxhh2bedy0ukqb95rk82d,S. Polter,Schalke 04,40,Forward,19,5,14,3,756,160.0,83.0,83.0,1.0,26.0,341.0,83.0,70.0,2.0,,6.0,1.0,,44.0,5.0,8.0,44.0,82.0,,,,24.0,69.0,11.0,74.0,39.0,,4.0,1.0,165.0,35.0,1.0,1.0,81.0,23.0,3.0,3.0,11.0,4.0,10.0,3.0,2.0,7.0,7.0,2.0,2.0,1.0,1.0,2.0,2.0,1.0,2.0,,,,,,
2022-2023,Bundesliga,w2jovd0ta6to004lvlri5gtm,H. Matriciani,Schalke 04,41,Defender,22,22,0,5,1989,883.0,633.0,633.0,86.0,277.0,1282.0,552.0,229.0,101.0,,57.0,23.0,,248.0,29.0,58.0,61.0,114.0,,,,120.0,143.0,11.0,56.0,32.0,,43.0,20.0,155.0,24.0,15.0,15.0,52.0,19.0,1.0,23.0,10.0,17.0,,,9.0,1.0,,,,5.0,5.0,6.0,14.0,,,,,,,,
2022-2023,Bundesliga,cm8po8ez5w9ms01gid6w3kwk5,O. Baumann,Hoffenheim,1,Goalkeeper,34,34,0,0,3305,1417.0,1068.0,1068.0,270.0,861.0,1546.0,798.0,345.0,339.0,43.0,15.0,,106.0,15.0,0.0,0.0,16.0,16.0,57.0,5.0,34.0,71.0,6.0,,16.0,16.0,17.0,,,,,,,,,2.0,,,,,,,,,,,,,,,,,,,,,,
2022-2023,Bundesliga,arwidogdfccsjv8fxa1veezf9,R. Skov,Hoffenheim,29,Midfielder,23,16,7,12,1426,728.0,481.0,481.0,71.0,150.0,1033.0,438.0,162.0,56.0,,20.0,8.0,,290.0,18.0,50.0,33.0,82.0,,,,74.0,163.0,21.0,32.0,15.0,,22.0,11.0,361.0,17.0,57.0,39.0,144.0,17.0,1.0,11.0,11.0,14.0,28.0,14.0,21.0,18.0,14.0,3.0,1.0,28.0,15.0,7.0,21.0,,2.0,31.0,2.0,2.0,,,
2022-2023,Bundesliga,9uthj64y9f77y63tq7did539x,Angeliño,Hoffenheim,11,Midfielder,33,30,3,7,2811,1544.0,951.0,951.0,165.0,397.0,2023.0,847.0,389.0,214.0,,67.0,25.0,,501.0,37.0,72.0,52.0,114.0,,,,148.0,300.0,29.0,42.0,15.0,,40.0,16.0,565.0,27.0,125.0,98.0,200.0,12.0,2.0,24.0,15.0,26.0,10.0,6.0,19.0,37.0,4.0,,,61.0,40.0,13.0,17.0,,7.0,48.0,,1.0,,,
2022-2023,Bundesliga,980t379w5cp7umv1eltwlfca1,S. Nsoki,Hoffenheim,34,Defender,19,14,5,4,1438,796.0,652.0,652.0,44.0,337.0,1109.0,608.0,142.0,51.0,,34.0,24.0,,229.0,25.0,43.0,47.0,77.0,,,,117.0,92.0,8.0,34.0,22.0,,22.0,9.0,49.0,12.0,1.0,1.0,18.0,13.0,2.0,13.0,4.0,17.0,5.0,3.0,9.0,3.0,2.0,1.0,1.0,,,12.0,6.0,,,,,1.0,1.0,1.0,
2022-2023,Bundesliga,elh8kttxq9xfpoqfmpxv9jr2t,K. Vogt,Hoffenheim,22,Defender,22,22,0,6,1880,1201.0,1031.0,1031.0,106.0,587.0,1516.0,927.0,163.0,68.0,,67.0,26.0,,263.0,12.0,17.0,23.0,42.0,,,,134.0,96.0,11.0,25.0,11.0,,15.0,5.0,30.0,14.0,1.0,1.0,2.0,22.0,8.0,10.0,3.0,7.0,,,,1.0,,,,2.0,2.0,2.0,11.0,,,,,,,,
2022-2023,Bundesliga,6ki6rv564ybctrajr2xtgyeax,O. Kabak,Hoffenheim,5,Defender,30,28,2,5,2568,1277.0,1056.0,1056.0,63.0,413.0,1875.0,993.0,209.0,66.0,,83.0,45.0,,487.0,49.0,83.0,129.0,215.0,,,,144.0,149.0,16.0,132.0,80.0,,51.0,17.0,129.0,52.0,6.0,6.0,54.0,55.0,10.0,34.0,7.0,12.0,23.0,16.0,17.0,3.0,7.0,2.0,2.0,,,15.0,25.0,1.0,1.0,,,,,2.0,2.0
2022-2023,Bundesliga,57c808184l80uuuv7z3flcu6t,G. Prömel,Hoffenheim,6,Midfielder,18,17,1,5,1547,473.0,361.0,361.0,19.0,108.0,805.0,344.0,101.0,24.0,,23.0,8.0,,203.0,24.0,41.0,45.0,91.0,,,,83.0,81.0,36.0,50.0,21.0,,27.0,8.0,200.0,29.0,4.0,4.0,70.0,32.0,4.0,19.0,13.0,18.0,18.0,13.0,9.0,8.0,5.0,1.0,1.0,2.0,2.0,5.0,10.0,,1.0,,,,,,
2022-2023,Bundesliga,5pousbiuqbus68yekd0mhc5pl,C. Baumgartner,Hoffenheim,14,Forward,33,33,0,19,2679,915.0,601.0,601.0,45.0,218.0,1721.0,565.0,275.0,38.0,,19.0,15.0,,310.0,73.0,158.0,145.0,305.0,,,,142.0,258.0,49.0,147.0,72.0,,36.0,17.0,657.0,75.0,21.0,21.0,239.0,66.0,7.0,19.0,36.0,52.0,51.0,32.0,68.0,20.0,19.0,7.0,7.0,9.0,8.0,54.0,20.0,4.0,3.0,1.0,,4.0,,,
2022-2023,Bundesliga,e9c0v3ik308t91njildxzc6vp,M. Dabbur,Hoffenheim,10,Forward,21,8,13,6,1070,287.0,203.0,203.0,4.0,56.0,516.0,200.0,77.0,5.0,,,5.0,,106.0,21.0,41.0,28.0,70.0,,,,44.0,77.0,17.0,29.0,7.0,,11.0,3.0,229.0,22.0,5.0,5.0,79.0,12.0,3.0,8.0,21.0,8.0,20.0,6.0,17.0,14.0,14.0,6.0,6.0,1.0,1.0,13.0,2.0,1.0,2.0,,,1.0,1.0,1.0,
2022-2023,Bundesliga,e8ekkg0yayhhmmhinl0v9une,G. Rutter,Hoffenheim,33,Forward,15,11,4,7,1061,158.0,94.0,94.0,7.0,32.0,451.0,88.0,53.0,1.0,,6.0,5.0,,49.0,38.0,87.0,47.0,119.0,,,,25.0,62.0,19.0,32.0,9.0,,7.0,3.0,277.0,23.0,10.0,10.0,125.0,17.0,2.0,4.0,25.0,8.0,23.0,9.0,46.0,9.0,14.0,2.0,2.0,1.0,1.0,34.0,6.0,1.0,2.0,,,1.0,,,
2022-2023,Bundesliga,f3v95yyj6j7h7qpprxm4zlre1,D. Geiger,Hoffenheim,8,Midfielder,27,27,0,21,1999,852.0,670.0,670.0,65.0,275.0,1195.0,632.0,121.0,44.0,,18.0,24.0,,305.0,34.0,61.0,42.0,87.0,,,,115.0,107.0,21.0,26.0,8.0,,45.0,20.0,209.0,18.0,30.0,10.0,61.0,42.0,9.0,25.0,8.0,24.0,3.0,,7.0,22.0,3.0,1.0,1.0,27.0,5.0,9.0,5.0,,3.0,42.0,,2.0,,,
2022-2023,Bundesliga,shbxc528h0udd6rdf3ax2itx,P. Kadeřábek,Hoffenheim,3,Midfielder,26,17,9,5,1820,883.0,591.0,591.0,51.0,228.0,1206.0,564.0,216.0,63.0,,37.0,14.0,,268.0,23.0,40.0,69.0,134.0,,,,72.0,203.0,18.0,94.0,46.0,,26.0,6.0,425.0,48.0,50.0,50.0,165.0,24.0,1.0,20.0,7.0,10.0,7.0,6.0,11.0,15.0,1.0,1.0,1.0,24.0,24.0,3.0,3.0,,2.0,,,1.0,,,
2022-2023,Bundesliga,9dnrpl2c7n769i8nbfnboq2tx,J. Bruun Larsen,Hoffenheim,7,Forward,12,3,9,3,381,88.0,60.0,60.0,1.0,16.0,146.0,61.0,23.0,3.0,,,1.0,,38.0,5.0,13.0,8.0,21.0,,,,7.0,22.0,1.0,8.0,3.0,,4.0,1.0,75.0,5.0,2.0,2.0,26.0,1.0,,3.0,6.0,2.0,5.0,3.0,7.0,6.0,2.0,1.0,1.0,2.0,2.0,2.0,3.0,,,,,,,,
2022-2023,Bundesliga,7hnmtyfmurizitwz1whecjnmy,A. Stiller,Hoffenheim,13,Forward,20,6,14,4,819,363.0,278.0,278.0,17.0,94.0,562.0,262.0,77.0,9.0,,14.0,10.0,,130.0,15.0,33.0,31.0,59.0,,,,51.0,73.0,3.0,26.0,16.0,,26.0,14.0,140.0,10.0,5.0,4.0,35.0,11.0,1.0,12.0,11.0,10.0,5.0,2.0,4.0,3.0,3.0,1.0,1.0,1.0,1.0,3.0,4.0,,2.0,1.0,,2.0,,,
2022-2023,Bundesliga,3rj7x05qx17n925xfpcrl0jpx,S. Rudy,Hoffenheim,16,Forward,22,6,16,5,904,442.0,307.0,307.0,28.0,133.0,627.0,302.0,84.0,33.0,,13.0,11.0,,156.0,12.0,29.0,19.0,46.0,,,,54.0,77.0,9.0,17.0,7.0,,26.0,14.0,120.0,10.0,26.0,10.0,47.0,22.0,3.0,12.0,8.0,20.0,4.0,2.0,3.0,8.0,2.0,,,23.0,9.0,,8.0,,1.0,30.0,,,,,
2022-2023,Bundesliga,8um4xh0ekvr4q6uti3ksld8q2,F. Becker,Hoffenheim,20,Forward,13,6,7,5,576,210.0,148.0,148.0,14.0,54.0,328.0,134.0,58.0,16.0,,8.0,5.0,,64.0,6.0,19.0,9.0,33.0,,,,43.0,45.0,5.0,14.0,3.0,,10.0,8.0,101.0,11.0,3.0,3.0,26.0,4.0,,2.0,5.0,4.0,5.0,3.0,5.0,2.0,2.0,,,,,4.0,1.0,,,,,,,,
2022-2023,Bundesliga,6yhylu5q0y924amgv7vlodkgl,K. Akpoguma,Hoffenheim,25,Defender,28,21,7,7,2080,1024.0,811.0,811.0,61.0,401.0,1560.0,753.0,203.0,94.0,,70.0,24.0,,294.0,51.0,98.0,108.0,200.0,,,,131.0,114.0,19.0,102.0,57.0,,75.0,31.0,118.0,45.0,5.0,5.0,45.0,33.0,11.0,44.0,7.0,29.0,6.0,5.0,16.0,4.0,1.0,,,3.0,3.0,7.0,18.0,,,,,1.0,,,
2022-2023,Bundesliga,5neiwdz7rtkhzj0cneic4xcoa,Eduardo Quaresma,Hoffenheim,26,Forward,4,1,3,1,104,68.0,60.0,60.0,1.0,23.0,92.0,59.0,8.0,3.0,,3.0,,,26.0,4.0,7.0,5.0,9.0,,,,10.0,5.0,1.0,2.0,1.0,,5.0,2.0,4.0,1.0,,,3.0,1.0,,3.0,,1.0,,,1.0,,,,,,,1.0,2.0,,,,,,,,
2022-2023,Bundesliga,6k3daudjhieulsgywbt9uoep6,,Hoffenheim,37,Forward,0,0,0,0,0,,,,,,,,,,,,,,,0.0,0.0,0.0,0.0,,,,,,,,,,,,,,,,,,,,,,,,,,,,,,,,,,,,,,,,
2022-2023,Bundesliga,6sj31v61vtwwxe5hhwkj80g7o,T. Bischof,Hoffenheim,39,Forward,11,3,8,3,372,121.0,83.0,83.0,4.0,28.0,212.0,80.0,31.0,6.0,,1.0,1.0,,44.0,11.0,25.0,13.0,32.0,,,,16.0,31.0,5.0,7.0,2.0,,15.0,5.0,83.0,5.0,6.0,4.0,30.0,9.0,,10.0,6.0,4.0,6.0,4.0,9.0,2.0,2.0,,,1.0,1.0,1.0,2.0,,,2.0,,1.0,,,
2022-2023,Bundesliga,5bzowvtg5vhntcx1w3roriehh,F. Müller,Stuttgart,1,Goalkeeper,19,19,0,0,1846,733.0,597.0,597.0,133.0,459.0,790.0,464.0,135.0,132.0,6.0,7.0,,53.0,14.0,0.0,0.0,3.0,3.0,34.0,1.0,19.0,39.0,3.0,2.0,3.0,3.0,7.0,,,,,,,,,,,,,,,,,,,,,,,,,,,,,,,
2022-2023,Bundesliga,5l8wtw156meo2vrtrgasif6jt,K. Mavropanos,Stuttgart,5,Defender,28,26,2,2,2530,1512.0,1253.0,1253.0,190.0,647.0,2218.0,1065.0,246.0,84.0,,99.0,63.0,,423.0,43.0,93.0,124.0,208.0,,,,183.0,166.0,23.0,115.0,81.0,,50.0,23.0,202.0,34.0,4.0,4.0,94.0,24.0,8.0,27.0,5.0,21.0,40.0,28.0,27.0,11.0,12.0,2.0,2.0,2.0,2.0,16.0,26.0,2.0,1.0,,,2.0,,1.0,1.0
2022-2023,Bundesliga,e9u7cmvaem5p7x9px3yq9f179,B. Sosa,Stuttgart,24,Midfielder,25,22,3,6,2094,1458.0,990.0,990.0,117.0,401.0,1815.0,959.0,205.0,117.0,,37.0,19.0,,527.0,38.0,62.0,53.0,90.0,,,,113.0,263.0,12.0,28.0,15.0,,27.0,6.0,659.0,13.0,175.0,128.0,222.0,12.0,5.0,21.0,16.0,15.0,12.0,6.0,18.0,40.0,6.0,2.0,1.0,86.0,54.0,17.0,8.0,,7.0,79.0,1.0,1.0,,,
2022-2023,Bundesliga,3kti58d195gmtzwrjh5nprx05,W. Endō,Stuttgart,3,Midfielder,33,33,0,3,3139,1477.0,1168.0,1168.0,84.0,442.0,2315.0,1086.0,297.0,60.0,,63.0,26.0,,524.0,65.0,126.0,139.0,254.0,,,,231.0,242.0,55.0,128.0,74.0,,70.0,33.0,445.0,54.0,5.0,5.0,92.0,40.0,3.0,37.0,52.0,38.0,36.0,21.0,28.0,33.0,15.0,5.0,5.0,2.0,2.0,28.0,15.0,,4.0,,,7.0,,,
2022-2023,Bundesliga,3uqn1adw8rarez1gpen9vng7p,W. Anton,Stuttgart,2,Defender,34,34,0,7,3136,2059.0,1623.0,1623.0,137.0,749.0,2817.0,1492.0,401.0,173.0,,123.0,38.0,,614.0,46.0,93.0,101.0,198.0,,,,231.0,253.0,31.0,105.0,55.0,,49.0,22.0,286.0,50.0,25.0,25.0,118.0,31.0,4.0,27.0,17.0,28.0,14.0,9.0,25.0,9.0,5.0,1.0,1.0,6.0,6.0,19.0,26.0,,2.0,,,4.0,,,
2022-2023,Bundesliga,4xhnmoqgxoheel005ek6ckfs9,D. Zagadou,Stuttgart,23,Defender,17,14,3,3,1365,985.0,841.0,841.0,67.0,418.0,1306.0,774.0,140.0,50.0,,81.0,21.0,,209.0,10.0,15.0,63.0,88.0,,,,83.0,90.0,2.0,73.0,53.0,,14.0,5.0,42.0,20.0,,,32.0,12.0,3.0,9.0,3.0,3.0,10.0,7.0,,7.0,3.0,,,,,1.0,19.0,,,,,,,,
2022-2023,Bundesliga,9fd19beamnr8qmhqdvzr7fcyy,S. Katompa Mvumpa,Stuttgart,14,Forward,30,23,7,17,2086,399.0,288.0,288.0,12.0,71.0,883.0,283.0,75.0,9.0,,1.0,8.0,,189.0,65.0,146.0,83.0,182.0,,,,77.0,92.0,22.0,36.0,18.0,,25.0,8.0,454.0,18.0,26.0,26.0,199.0,38.0,4.0,17.0,44.0,15.0,27.0,10.0,73.0,19.0,17.0,5.0,4.0,7.0,7.0,48.0,18.0,,2.0,,1.0,1.0,,,
2022-2023,Bundesliga,9dnne0ny6o6d5c6w3ayoo4vvu,N. Ahamada,Stuttgart,32,Midfielder,17,17,0,10,1472,529.0,447.0,447.0,9.0,140.0,818.0,440.0,74.0,20.0,,7.0,8.0,,230.0,31.0,65.0,38.0,88.0,,,,88.0,58.0,17.0,23.0,7.0,,17.0,6.0,188.0,16.0,4.0,4.0,46.0,16.0,3.0,11.0,11.0,11.0,10.0,5.0,28.0,12.0,5.0,2.0,2.0,2.0,2.0,20.0,11.0,,2.0,,,2.0,,1.0,1.0
2022-2023,Bundesliga,4nn6rxyzy97wl4ppqqnhhxyax,L. Pfeiffer,Stuttgart,20,Forward,19,6,13,5,835,201.0,128.0,128.0,8.0,38.0,337.0,121.0,71.0,5.0,,5.0,1.0,,75.0,3.0,7.0,33.0,65.0,,,,16.0,66.0,9.0,58.0,30.0,,1.0,,110.0,28.0,,,49.0,14.0,1.0,1.0,6.0,4.0,10.0,9.0,4.0,9.0,1.0,,,1.0,1.0,2.0,2.0,,,,,1.0,1.0,1.0,
2022-2023,Bundesliga,9ic8hvnkzj9p0ikh6bwaeoqju,Tiago Tomás,Stuttgart,10,Forward,27,16,11,14,1388,326.0,182.0,182.0,11.0,51.0,622.0,186.0,107.0,23.0,,5.0,1.0,,115.0,23.0,70.0,29.0,96.0,,,,48.0,105.0,49.0,26.0,6.0,,10.0,6.0,295.0,20.0,21.0,17.0,111.0,13.0,2.0,4.0,25.0,7.0,24.0,11.0,41.0,17.0,13.0,3.0,3.0,15.0,8.0,19.0,12.0,,4.0,11.0,,4.0,,,
2022-2023,Bundesliga,d1gc59ozyrrnl82rog6fbm0dm,E. Millot,Stuttgart,8,Forward,23,9,14,7,999,396.0,306.0,306.0,7.0,72.0,656.0,304.0,65.0,8.0,,7.0,12.0,,198.0,37.0,72.0,45.0,95.0,,,,46.0,75.0,19.0,23.0,8.0,,23.0,7.0,226.0,15.0,18.0,13.0,85.0,16.0,3.0,16.0,13.0,17.0,13.0,6.0,28.0,7.0,7.0,,,5.0,4.0,21.0,7.0,,1.0,6.0,,2.0,,,
2022-2023,Bundesliga,5eym30brgmujovaeyb6dhhgfe,T. Coulibaly,Stuttgart,7,Forward,14,0,14,0,419,141.0,96.0,96.0,5.0,22.0,264.0,93.0,34.0,7.0,,,3.0,,51.0,20.0,37.0,20.0,42.0,,,,26.0,35.0,5.0,5.0,,,12.0,3.0,119.0,5.0,8.0,8.0,39.0,8.0,3.0,9.0,9.0,10.0,10.0,3.0,14.0,5.0,7.0,4.0,3.0,2.0,1.0,11.0,2.0,,,1.0,1.0,,,,
2022-2023,Bundesliga,49epln99aa2797cs2zq3al1t6,J. Perea,Stuttgart,11,Forward,16,3,13,3,511,79.0,49.0,49.0,4.0,12.0,195.0,46.0,24.0,2.0,,3.0,1.0,,30.0,8.0,22.0,14.0,46.0,,,,16.0,27.0,12.0,24.0,6.0,,5.0,1.0,90.0,18.0,5.0,5.0,41.0,12.0,,4.0,10.0,1.0,2.0,1.0,13.0,,1.0,1.0,1.0,1.0,1.0,4.0,1.0,1.0,,,,,,,
2022-2023,Bundesliga,7gzdg0j9usc3yq0dd1ad57sgl,P. Stenzel,Stuttgart,15,Forward,12,3,9,2,402,223.0,166.0,166.0,37.0,69.0,298.0,137.0,36.0,25.0,,6.0,5.0,,82.0,8.0,16.0,9.0,19.0,,,,29.0,24.0,2.0,3.0,1.0,,12.0,4.0,60.0,2.0,13.0,8.0,23.0,3.0,,8.0,,7.0,2.0,2.0,4.0,6.0,,,,8.0,4.0,,2.0,,1.0,9.0,,,,,
2022-2023,Bundesliga,8p2yagsx6ujdbmeonkd3u4c89,H. Ito,Stuttgart,21,Defender,30,29,1,2,2763,2100.0,1694.0,1694.0,211.0,799.0,2680.0,1497.0,345.0,202.0,,94.0,40.0,,669.0,34.0,54.0,72.0,122.0,,,,219.0,182.0,19.0,68.0,38.0,,40.0,11.0,168.0,30.0,39.0,28.0,51.0,16.0,5.0,29.0,6.0,21.0,16.0,9.0,9.0,15.0,7.0,1.0,1.0,14.0,8.0,5.0,22.0,,1.0,17.0,,1.0,,,
2022-2023,Bundesliga,3havaatbnk8p6gc9srgajc25l,C. Führich,Stuttgart,22,Forward,33,21,12,20,1972,704.0,533.0,533.0,34.0,148.0,1155.0,518.0,112.0,27.0,,13.0,7.0,,317.0,64.0,147.0,67.0,160.0,,,,104.0,123.0,10.0,13.0,3.0,,36.0,22.0,526.0,10.0,38.0,22.0,181.0,6.0,2.0,14.0,29.0,27.0,22.0,8.0,61.0,19.0,14.0,5.0,4.0,19.0,4.0,50.0,24.0,,3.0,31.0,1.0,2.0,,,
2022-2023,Bundesliga,80nniieqtuwjhomwjcebnxyzu,L. Egloff,Stuttgart,25,Forward,10,2,8,2,298,73.0,42.0,42.0,2.0,13.0,144.0,40.0,26.0,4.0,,1.0,1.0,,22.0,13.0,18.0,16.0,25.0,,,,13.0,24.0,5.0,7.0,3.0,,12.0,2.0,64.0,4.0,2.0,2.0,25.0,3.0,1.0,10.0,5.0,2.0,5.0,5.0,3.0,3.0,,,,,,3.0,3.0,,,,,2.0,,,
2022-2023,Bundesliga,1en0bgq0u842snszevlkscxk9,N. Nartey,Stuttgart,28,Forward,9,5,4,4,503,282.0,224.0,224.0,11.0,80.0,407.0,214.0,48.0,11.0,,12.0,4.0,,116.0,10.0,19.0,19.0,34.0,,,,34.0,45.0,7.0,15.0,9.0,,11.0,5.0,77.0,6.0,8.0,8.0,18.0,5.0,1.0,6.0,9.0,9.0,3.0,3.0,4.0,3.0,,,,1.0,1.0,4.0,1.0,,,,,,,,
2022-2023,Bundesliga,62gct49oglcdzxafhrfucrb2t,F. Bredlow,Stuttgart,33,Forward,15,15,0,0,1457,595.0,510.0,510.0,81.0,374.0,636.0,429.0,84.0,83.0,12.0,4.0,,39.0,19.0,1.0,1.0,1.0,1.0,23.0,1.0,15.0,29.0,1.0,,,,6.0,1.0,,,,,,,1.0,2.0,1.0,,,,,,,,,,,,,,,,,,,,,
2022-2023,Bundesliga,b5mpbec03n9qatneviazigfvu,T. Kastanaras,Stuttgart,39,Forward,4,1,3,1,87,17.0,13.0,13.0,1.0,4.0,34.0,13.0,3.0,,,,,,8.0,0.0,1.0,0.0,3.0,,,,3.0,3.0,,2.0,,,,,12.0,2.0,,,4.0,,,,,1.0,2.0,1.0,1.0,,1.0,,,1.0,1.0,,,,,,,,,,
2022-2023,Bundesliga,clmq1s26z0i3lqr1jqnd5wzit,M. Riemann,Bochum,1,Goalkeeper,34,34,0,0,3264,1761.0,1064.0,1064.0,642.0,1014.0,1941.0,423.0,685.0,671.0,31.0,23.0,5.0,132.0,3.0,2.0,3.0,13.0,17.0,72.0,5.0,34.0,105.0,14.0,4.0,14.0,11.0,16.0,3.0,1.0,2.0,3.0,,,2.0,1.0,3.0,2.0,,1.0,1.0,,,3.0,1.0,,,1.0,1.0,,1.0,,,,,,,,
2022-2023,Bundesliga,2earc7j2kp3tveehpnxtv1exh,C. Gamboa,Bochum,2,Defender,19,17,2,9,1526,684.0,447.0,447.0,91.0,184.0,956.0,367.0,191.0,99.0,,34.0,16.0,,207.0,30.0,57.0,42.0,78.0,,,,91.0,124.0,5.0,21.0,12.0,,42.0,18.0,157.0,9.0,32.0,32.0,32.0,14.0,2.0,24.0,4.0,13.0,8.0,6.0,9.0,5.0,2.0,,,11.0,11.0,6.0,8.0,,,,,1.0,,,
2022-2023,Bundesliga,6sc9zsev9an853nop6pn6mxg5,Danilo Soares,Bochum,3,Defender,23,23,0,10,1841,1004.0,745.0,745.0,101.0,314.0,1501.0,650.0,235.0,91.0,,56.0,30.0,,330.0,54.0,96.0,78.0,138.0,,,,175.0,155.0,24.0,42.0,24.0,,72.0,26.0,168.0,18.0,11.0,10.0,22.0,28.0,6.0,46.0,13.0,23.0,1.0,1.0,16.0,10.0,,,,6.0,6.0,8.0,7.0,,1.0,1.0,,1.0,,,
2022-2023,Bundesliga,82r0liyptyapc8rfuo32qcqtx,A. Losilla,Bochum,8,Midfielder,31,31,0,4,2904,962.0,648.0,648.0,39.0,286.0,1687.0,611.0,301.0,61.0,,67.0,37.0,,226.0,58.0,96.0,150.0,264.0,,,,203.0,248.0,17.0,168.0,92.0,,76.0,27.0,303.0,76.0,8.0,8.0,81.0,47.0,6.0,49.0,10.0,27.0,23.0,15.0,11.0,10.0,8.0,2.0,2.0,2.0,2.0,9.0,16.0,,2.0,,,4.0,1.0,1.0,
2022-2023,Bundesliga,8ksi5s9he1uxai3lfcq46grf9,E. Mašović,Bochum,4,Defender,29,23,6,2,2339,821.0,662.0,662.0,47.0,258.0,1322.0,615.0,155.0,81.0,,79.0,27.0,,276.0,33.0,55.0,79.0,155.0,,,,146.0,76.0,5.0,100.0,46.0,,50.0,19.0,78.0,54.0,2.0,2.0,39.0,24.0,3.0,31.0,3.0,16.0,13.0,2.0,3.0,7.0,11.0,4.0,4.0,,,2.0,19.0,2.0,,,,,,,
2022-2023,Bundesliga,8gnpf9kwx2n2rqwf1gixc4bth,I. Ordets,Bochum,20,Defender,30,28,2,4,2611,1005.0,731.0,731.0,68.0,308.0,1691.0,663.0,271.0,89.0,,139.0,57.0,,292.0,21.0,35.0,159.0,243.0,,,,150.0,183.0,23.0,208.0,138.0,,31.0,12.0,184.0,70.0,1.0,1.0,131.0,32.0,4.0,19.0,4.0,17.0,14.0,13.0,2.0,9.0,1.0,,,,,2.0,20.0,,,,,1.0,,,
2022-2023,Bundesliga,f2o5hj0e2k3kw0fj1xzom0cet,K. Stöger,Bochum,7,Midfielder,32,29,3,11,2729,1607.0,1062.0,1062.0,122.0,475.0,2236.0,992.0,365.0,150.0,,21.0,26.0,,466.0,67.0,140.0,78.0,193.0,,,,181.0,329.0,54.0,53.0,11.0,,84.0,39.0,634.0,42.0,114.0,63.0,199.0,41.0,3.0,45.0,35.0,23.0,33.0,19.0,34.0,57.0,14.0,5.0,2.0,52.0,18.0,22.0,19.0,,3.0,85.0,3.0,9.0,,,
2022-2023,Bundesliga,98e7uohj6lcvf59sfssff2y8l,P. Förster,Bochum,10,Forward,25,15,10,13,1386,546.0,366.0,366.0,33.0,143.0,828.0,361.0,96.0,36.0,,6.0,6.0,,192.0,25.0,57.0,32.0,74.0,,,,90.0,112.0,13.0,17.0,7.0,,31.0,12.0,300.0,10.0,52.0,25.0,94.0,28.0,4.0,19.0,15.0,22.0,11.0,5.0,20.0,20.0,6.0,3.0,3.0,28.0,14.0,6.0,6.0,,7.0,41.0,,2.0,,,
2022-2023,Bundesliga,d2pco79bmi3f9x3zahtf9q2mt,P. Hofmann,Bochum,33,Forward,34,31,3,15,2752,743.0,433.0,433.0,9.0,123.0,1501.0,424.0,302.0,7.0,,48.0,6.0,,247.0,20.0,39.0,234.0,424.0,,,,82.0,299.0,41.0,385.0,214.0,,18.0,7.0,657.0,171.0,4.0,4.0,216.0,46.0,5.0,11.0,37.0,12.0,38.0,17.0,12.0,26.0,21.0,8.0,8.0,,,9.0,22.0,3.0,4.0,,,1.0,,,
2022-2023,Bundesliga,9xftmtdsxbuu2itzhi3v1xbdh,S. Zoller,Bochum,9,Forward,27,19,8,15,1530,332.0,207.0,207.0,14.0,47.0,563.0,194.0,108.0,6.0,,21.0,6.0,,141.0,6.0,18.0,21.0,53.0,,,,57.0,117.0,8.0,35.0,15.0,,11.0,7.0,210.0,20.0,15.0,15.0,95.0,21.0,5.0,4.0,6.0,13.0,25.0,16.0,5.0,6.0,9.0,3.0,3.0,1.0,1.0,2.0,6.0,,2.0,,,2.0,,,
2022-2023,Bundesliga,3nins3wtqjz9vt8q06s087vth,G. Holtmann,Bochum,17,Forward,23,8,15,6,1033,270.0,149.0,149.0,5.0,32.0,538.0,150.0,67.0,13.0,,4.0,2.0,,97.0,23.0,60.0,37.0,93.0,,,,57.0,101.0,7.0,33.0,14.0,,14.0,7.0,286.0,19.0,47.0,47.0,115.0,7.0,,7.0,16.0,14.0,21.0,7.0,30.0,9.0,14.0,1.0,1.0,6.0,5.0,16.0,10.0,,1.0,1.0,,1.0,,,
2022-2023,Bundesliga,4y167h8sn9cnyrvb097lf8lbd,P. Osterhage,Bochum,6,Forward,23,11,12,7,1126,340.0,234.0,234.0,6.0,78.0,581.0,232.0,93.0,15.0,,25.0,12.0,,116.0,22.0,35.0,33.0,69.0,,,,55.0,86.0,9.0,34.0,11.0,,20.0,3.0,120.0,23.0,8.0,8.0,35.0,19.0,3.0,17.0,12.0,11.0,3.0,3.0,10.0,3.0,,,,4.0,4.0,5.0,9.0,,,,,2.0,,,
2022-2023,Bundesliga,f577akgydk4t6ui45iyab2a22,T. Oermann,Bochum,14,Forward,4,2,2,1,201,51.0,39.0,39.0,5.0,16.0,82.0,34.0,12.0,8.0,,8.0,1.0,,18.0,1.0,2.0,5.0,11.0,,,,5.0,4.0,,9.0,4.0,,2.0,1.0,,5.0,,,,3.0,,1.0,,1.0,,,,,,,,,,,2.0,,,,,,,,
2022-2023,Bundesliga,4oic5vu1qv89061hflasl3r3d,J. Osei-Tutu,Bochum,18,Forward,20,8,12,7,834,217.0,144.0,144.0,10.0,45.0,429.0,140.0,53.0,17.0,,8.0,10.0,,80.0,28.0,50.0,34.0,68.0,,,,48.0,48.0,23.0,18.0,6.0,,23.0,5.0,157.0,12.0,12.0,12.0,60.0,8.0,3.0,18.0,11.0,7.0,11.0,6.0,17.0,4.0,5.0,,,6.0,3.0,10.0,6.0,,,3.0,,,,,
2022-2023,Bundesliga,ejww8hjcn4y4hlik863vaw3qh,C. Antwi-Adjei,Bochum,22,Forward,29,22,7,12,2085,712.0,413.0,413.0,60.0,101.0,1230.0,372.0,228.0,113.0,,16.0,5.0,,272.0,46.0,109.0,62.0,170.0,,,,109.0,163.0,40.0,61.0,16.0,,23.0,8.0,690.0,45.0,48.0,47.0,279.0,24.0,2.0,15.0,32.0,17.0,21.0,13.0,55.0,30.0,8.0,3.0,3.0,19.0,16.0,31.0,8.0,,7.0,4.0,,2.0,,,
2022-2023,Bundesliga,b7fqivvacy7mmarlp180k276d,V. Lampropoulos,Bochum,24,Forward,15,7,8,1,716,240.0,163.0,163.0,12.0,85.0,397.0,151.0,77.0,38.0,,41.0,13.0,,64.0,8.0,11.0,26.0,45.0,,,,33.0,39.0,6.0,34.0,18.0,,10.0,2.0,28.0,16.0,,,21.0,8.0,2.0,8.0,1.0,2.0,2.0,2.0,1.0,1.0,,,,,,,7.0,,,,,,,,
2022-2023,Bundesliga,4tufo2e9tsw24l2cx7m5b6xh,,Bochum,26,Forward,0,0,0,0,0,,,,,,,,,,,,,,,0.0,0.0,0.0,0.0,,,,,,,,,,,,,,,,,,,,,,,,,,,,,,,,,,,,,,,,
2022-2023,Bundesliga,ns0d3voludn8of98yc2e6ehh,D. Heintz,Bochum,30,Forward,11,8,3,5,818,326.0,266.0,266.0,34.0,105.0,495.0,235.0,52.0,23.0,,34.0,12.0,,110.0,13.0,17.0,31.0,47.0,,,,54.0,34.0,4.0,30.0,18.0,,13.0,4.0,27.0,12.0,5.0,5.0,6.0,11.0,1.0,9.0,4.0,4.0,3.0,2.0,,2.0,1.0,,,3.0,3.0,4.0,8.0,,1.0,,,,,,
2022-2023,Bundesliga,ep1bhk6t6sudlhjjz20j199ed,S. Ganvoula,Bochum,35,Forward,16,0,16,0,346,87.0,49.0,49.0,,16.0,168.0,49.0,37.0,2.0,,3.0,,,26.0,5.0,9.0,29.0,50.0,,,,4.0,36.0,,41.0,24.0,,2.0,,101.0,17.0,1.0,1.0,35.0,2.0,1.0,2.0,1.0,,6.0,3.0,4.0,5.0,3.0,,,,,3.0,3.0,,,,,,,,
2022-2023,Bundesliga,brs96wp9u2t10tsqfdwcyhnth,J. Horn,Bochum,38,Forward,2,1,1,1,66,19.0,15.0,15.0,1.0,7.0,29.0,14.0,4.0,,,2.0,3.0,,4.0,1.0,2.0,1.0,2.0,,,,2.0,4.0,,,,,2.0,1.0,2.0,,,,,1.0,1.0,1.0,,1.0,,,,,,,,,,,,,,,,,,,
2022-2023,Bundesliga,8l1mv5qd9vwade754v3l8epjp,F. Rønnow,Union Berlin,1,Goalkeeper,29,29,0,0,2804,1280.0,888.0,888.0,275.0,736.0,1360.0,613.0,390.0,388.0,43.0,9.0,,94.0,14.0,0.0,0.0,10.0,12.0,27.0,11.0,29.0,42.0,2.0,4.0,12.0,10.0,16.0,,,,2.0,,,,,2.0,,,,,,,1.0,,,,,,,,,,,,,,,
2022-2023,Bundesliga,52t6t7cdsr0fjs9ukmwo9y7rp,C. Trimmel,Union Berlin,28,Midfielder,25,20,5,3,1938,1040.0,600.0,600.0,92.0,227.0,1377.0,557.0,243.0,176.0,,48.0,25.0,,342.0,24.0,47.0,47.0,89.0,,,,107.0,205.0,7.0,42.0,23.0,,31.0,15.0,427.0,19.0,138.0,82.0,223.0,17.0,1.0,16.0,8.0,13.0,12.0,9.0,8.0,24.0,3.0,,,49.0,25.0,8.0,3.0,,6.0,80.0,,,,,
2022-2023,Bundesliga,cl6720rdjeubt0bc3su0qg3qh,J. Ryerson,Union Berlin,6,Defender,30,29,1,12,2561,1499.0,1148.0,1148.0,84.0,357.0,2095.0,1083.0,258.0,113.0,,47.0,20.0,,663.0,67.0,144.0,85.0,182.0,,,,173.0,217.0,31.0,38.0,18.0,,55.0,23.0,585.0,20.0,72.0,70.0,207.0,31.0,4.0,32.0,32.0,23.0,20.0,12.0,54.0,13.0,8.0,1.0,1.0,19.0,19.0,35.0,11.0,,,2.0,,3.0,,,
2022-2023,Bundesliga,3g9riero16s160evc28u3q3u1,Diogo Leite,Union Berlin,4,Defender,28,26,2,1,2482,1366.0,1069.0,1069.0,114.0,488.0,1893.0,957.0,289.0,127.0,,99.0,26.0,,446.0,21.0,40.0,91.0,160.0,,,,144.0,164.0,32.0,120.0,70.0,,35.0,15.0,145.0,50.0,2.0,2.0,48.0,44.0,6.0,20.0,10.0,9.0,7.0,7.0,4.0,4.0,,,,2.0,2.0,1.0,19.0,,1.0,,,,1.0,1.0,
2022-2023,Bundesliga,cab22ojcuhdzdwmbtl20n8i51,R. Knoche,Union Berlin,31,Defender,32,32,0,1,3060,1643.0,1327.0,1327.0,154.0,633.0,2341.0,1178.0,305.0,160.0,,140.0,38.0,,468.0,40.0,58.0,95.0,169.0,,,,246.0,145.0,23.0,111.0,55.0,,45.0,16.0,61.0,56.0,,,40.0,14.0,4.0,29.0,7.0,17.0,8.0,6.0,2.0,5.0,2.0,2.0,1.0,5.0,5.0,11.0,20.0,1.0,3.0,,1.0,1.0,,,
2022-2023,Bundesliga,d3xe46be1ajvxzxzboiaoy385,T. Baumgartl,Union Berlin,25,Forward,8,6,2,3,599,316.0,255.0,255.0,17.0,115.0,439.0,240.0,55.0,36.0,,14.0,2.0,,93.0,6.0,11.0,25.0,40.0,,,,41.0,23.0,6.0,29.0,19.0,,11.0,5.0,37.0,10.0,4.0,4.0,24.0,11.0,2.0,6.0,,8.0,4.0,2.0,,3.0,2.0,,,2.0,2.0,,4.0,,1.0,,,,,,
2022-2023,Bundesliga,f0x3pa532agezdjdzcsp94l49,A. Schäfer,Union Berlin,13,Midfielder,16,10,6,9,897,274.0,204.0,204.0,4.0,67.0,514.0,201.0,62.0,15.0,,11.0,4.0,,108.0,18.0,57.0,29.0,82.0,,,,65.0,54.0,15.0,25.0,11.0,,21.0,12.0,162.0,14.0,7.0,7.0,50.0,14.0,,9.0,13.0,10.0,5.0,4.0,27.0,3.0,1.0,,,1.0,1.0,9.0,4.0,,,,,1.0,,,
2022-2023,Bundesliga,24vavcwn4hco5je9kdu9ciwgl,J. Haberer,Union Berlin,19,Midfielder,32,30,2,30,2197,677.0,485.0,485.0,27.0,143.0,1188.0,462.0,171.0,26.0,,25.0,14.0,,287.0,28.0,63.0,66.0,152.0,,,,144.0,155.0,38.0,89.0,38.0,,29.0,12.0,377.0,51.0,10.0,10.0,122.0,34.0,1.0,17.0,19.0,33.0,25.0,11.0,23.0,20.0,14.0,5.0,5.0,4.0,4.0,11.0,9.0,,1.0,,,4.0,,,
2022-2023,Bundesliga,5xhjvappzv6swoof5qpi0yj9,J. Siebatcheu,Union Berlin,45,Forward,31,16,15,15,1484,300.0,165.0,165.0,2.0,46.0,759.0,163.0,132.0,5.0,,15.0,4.0,,91.0,16.0,32.0,122.0,230.0,,,,41.0,129.0,13.0,198.0,106.0,,15.0,8.0,377.0,92.0,2.0,2.0,139.0,37.0,3.0,7.0,26.0,12.0,29.0,22.0,8.0,16.0,7.0,4.0,4.0,,,9.0,10.0,2.0,3.0,,,1.0,,,
2022-2023,Bundesliga,cywgibmici8hwp1ad1nhk3ufp,S. Becker,Union Berlin,27,Forward,34,33,1,29,2597,652.0,350.0,350.0,31.0,83.0,1119.0,356.0,157.0,28.0,,7.0,3.0,,226.0,31.0,76.0,47.0,141.0,,,,86.0,233.0,26.0,65.0,16.0,,15.0,10.0,686.0,49.0,104.0,104.0,331.0,29.0,4.0,5.0,35.0,12.0,46.0,20.0,35.0,35.0,26.0,11.0,11.0,37.0,35.0,26.0,22.0,,7.0,2.0,,1.0,,,
2022-2023,Bundesliga,1vv29mash2uijx542ssjk666t,R. Khedira,Union Berlin,8,Midfielder,33,33,0,5,3075,1039.0,773.0,773.0,46.0,234.0,1607.0,732.0,253.0,88.0,,33.0,40.0,,402.0,43.0,80.0,87.0,154.0,,,,194.0,171.0,14.0,74.0,44.0,,60.0,27.0,241.0,30.0,6.0,5.0,37.0,52.0,8.0,33.0,17.0,23.0,16.0,13.0,10.0,8.0,3.0,2.0,2.0,5.0,5.0,10.0,18.0,,2.0,1.0,,1.0,,,
2022-2023,Bundesliga,9qzxygb9hyzag1szans0k2jth,M. Thorsby,Union Berlin,2,Forward,24,8,16,7,941,191.0,117.0,117.0,5.0,34.0,393.0,114.0,69.0,10.0,,20.0,3.0,,54.0,10.0,24.0,31.0,70.0,,,,37.0,60.0,6.0,46.0,21.0,,22.0,12.0,122.0,25.0,1.0,1.0,51.0,21.0,3.0,10.0,15.0,6.0,7.0,4.0,2.0,5.0,3.0,1.0,1.0,2.0,2.0,,7.0,1.0,1.0,,,,,,
2022-2023,Bundesliga,1ywfkwrcysdlvkt859q00kt7t,D. Doekhi,Union Berlin,5,Defender,25,25,0,2,2381,955.0,755.0,755.0,51.0,317.0,1421.0,705.0,190.0,71.0,,93.0,29.0,,305.0,26.0,47.0,87.0,157.0,,,,103.0,128.0,14.0,110.0,61.0,,38.0,15.0,137.0,49.0,9.0,9.0,55.0,20.0,,23.0,3.0,15.0,15.0,6.0,6.0,6.0,9.0,5.0,5.0,1.0,1.0,3.0,14.0,5.0,1.0,,,,,,
2022-2023,Bundesliga,5pnfmmq8b8jxmp1qnf82d8out,S. Michel,Union Berlin,11,Forward,21,2,19,1,605,181.0,97.0,97.0,6.0,21.0,371.0,94.0,64.0,10.0,,4.0,,,67.0,8.0,22.0,33.0,93.0,,,,29.0,69.0,4.0,71.0,25.0,,9.0,4.0,199.0,46.0,15.0,15.0,82.0,13.0,2.0,5.0,7.0,4.0,11.0,8.0,10.0,6.0,3.0,3.0,2.0,3.0,2.0,3.0,6.0,,2.0,1.0,1.0,2.0,,,
2022-2023,Bundesliga,602fyni27c129xjs9ziyn5as5,P. Seguin,Union Berlin,14,Forward,20,4,16,2,796,326.0,209.0,209.0,13.0,88.0,507.0,210.0,91.0,24.0,,7.0,6.0,,107.0,15.0,32.0,28.0,56.0,,,,54.0,77.0,3.0,24.0,13.0,,17.0,9.0,167.0,11.0,10.0,10.0,44.0,13.0,4.0,8.0,6.0,6.0,11.0,7.0,8.0,9.0,4.0,1.0,1.0,14.0,8.0,7.0,4.0,,3.0,6.0,,4.0,,,
2022-2023,Bundesliga,7424gvk9hiq5up61dj181y66t,K. Behrens,Union Berlin,17,Forward,33,17,16,16,1637,483.0,281.0,281.0,10.0,93.0,1079.0,273.0,190.0,7.0,,25.0,5.0,,153.0,19.0,36.0,195.0,357.0,,,,43.0,189.0,26.0,321.0,176.0,,11.0,4.0,516.0,145.0,6.0,6.0,163.0,35.0,6.0,7.0,20.0,15.0,32.0,18.0,13.0,19.0,14.0,8.0,8.0,2.0,2.0,12.0,6.0,3.0,1.0,,,2.0,,,
2022-2023,Bundesliga,emtrl7rrhp3ybsibf1f89kyj9,N. Gießelmann,Union Berlin,23,Forward,26,14,12,7,1415,744.0,464.0,464.0,99.0,176.0,1001.0,397.0,184.0,84.0,,28.0,9.0,,270.0,15.0,37.0,36.0,76.0,,,,60.0,162.0,21.0,39.0,21.0,,21.0,10.0,344.0,18.0,62.0,44.0,160.0,16.0,4.0,11.0,6.0,12.0,15.0,12.0,12.0,14.0,3.0,,,32.0,17.0,4.0,10.0,,2.0,33.0,,,,,
2022-2023,Bundesliga,dadiwuzf33969g3808sdd9brp,M. Pantović,Union Berlin,32,Forward,13,0,13,0,274,75.0,45.0,45.0,3.0,13.0,141.0,43.0,25.0,6.0,,5.0,,,23.0,2.0,5.0,8.0,20.0,,,,15.0,21.0,5.0,15.0,6.0,,4.0,2.0,37.0,9.0,2.0,2.0,18.0,4.0,1.0,2.0,2.0,3.0,6.0,3.0,1.0,,3.0,1.0,1.0,1.0,1.0,,,,,,,,,,
2022-2023,Bundesliga,7446u69ki15qcyq2jtszacm3t,L. Grill,Union Berlin,37,Forward,5,5,0,0,472,214.0,147.0,147.0,54.0,117.0,227.0,93.0,67.0,65.0,8.0,1.0,,14.0,1.0,0.0,0.0,3.0,3.0,11.0,2.0,5.0,5.0,2.0,,3.0,3.0,3.0,,,,,,,,,,,,,,,,1.0,,,,,,,,,,,,,,,
2022-2023,Bundesliga,bt35y17wl42b5t5tw6z68uwyy,J. Leweling,Union Berlin,40,Forward,16,0,16,0,377,57.0,37.0,37.0,1.0,7.0,163.0,38.0,10.0,2.0,,,1.0,,25.0,8.0,32.0,9.0,41.0,,,,19.0,16.0,9.0,9.0,1.0,,5.0,2.0,98.0,8.0,8.0,8.0,47.0,6.0,1.0,3.0,8.0,3.0,7.0,2.0,22.0,2.0,5.0,1.0,1.0,2.0,2.0,5.0,2.0,,1.0,,,,,,
2022-2023,Bundesliga,9rjd95oqotnalxmv56v7p1r6d,G. Kobel,Borussia Dortmund,1,Goalkeeper,27,27,0,0,2597,1049.0,871.0,871.0,174.0,680.0,1116.0,697.0,176.0,171.0,15.0,7.0,,89.0,21.0,1.0,1.0,5.0,5.0,32.0,11.0,27.0,43.0,5.0,4.0,4.0,4.0,6.0,,,,,,,,,,,,1.0,1.0,,,,1.0,,,,,1.0,,,,,,,,,
2022-2023,Bundesliga,bb6glt8n0ar47cmhmj6gnfiz9,T. Meunier,Borussia Dortmund,24,Forward,10,7,3,2,626,435.0,315.0,315.0,39.0,121.0,570.0,283.0,104.0,23.0,,16.0,9.0,,159.0,11.0,26.0,18.0,36.0,,,,44.0,90.0,4.0,10.0,7.0,,16.0,9.0,171.0,3.0,9.0,9.0,61.0,12.0,2.0,7.0,5.0,5.0,3.0,3.0,6.0,4.0,,,,7.0,7.0,4.0,3.0,,,,,1.0,,,
2022-2023,Bundesliga,6ie5meimavc8kwohr6lrdyket,Raphaël Guerreiro,Borussia Dortmund,13,Defender,27,26,1,7,2413,1811.0,1455.0,1455.0,64.0,540.0,2284.0,1431.0,232.0,77.0,,23.0,36.0,,656.0,47.0,84.0,52.0,101.0,,,,177.0,238.0,10.0,17.0,5.0,,36.0,16.0,701.0,12.0,83.0,55.0,220.0,8.0,4.0,20.0,18.0,19.0,24.0,10.0,21.0,53.0,14.0,4.0,4.0,40.0,20.0,27.0,11.0,,13.0,48.0,,5.0,,,
2022-2023,Bundesliga,d5mck7rf48chzersephpx29d5,N. Schlotterbeck,Borussia Dortmund,4,Defender,28,27,1,4,2395,1910.0,1647.0,1647.0,151.0,798.0,2480.0,1497.0,250.0,120.0,,71.0,32.0,,535.0,45.0,79.0,105.0,172.0,,,,194.0,140.0,17.0,93.0,60.0,,59.0,25.0,136.0,33.0,10.0,10.0,48.0,16.0,3.0,34.0,8.0,17.0,13.0,7.0,9.0,10.0,6.0,4.0,4.0,1.0,1.0,11.0,26.0,1.0,4.0,,,2.0,,,
2022-2023,Bundesliga,cd6i7khi5wgsfsg19c9tcjydx,M. Hummels,Borussia Dortmund,15,Defender,30,24,6,8,2156,1677.0,1463.0,1463.0,152.0,732.0,2214.0,1316.0,204.0,85.0,,100.0,33.0,,395.0,40.0,73.0,111.0,184.0,,,,137.0,120.0,19.0,111.0,71.0,,62.0,28.0,113.0,40.0,1.0,1.0,57.0,18.0,4.0,34.0,8.0,14.0,14.0,11.0,5.0,9.0,3.0,1.0,1.0,5.0,5.0,6.0,19.0,1.0,,,,2.0,,,
2022-2023,Bundesliga,4vy3j1o829f561jf4fqum7ob9,N. Süle,Borussia Dortmund,25,Defender,29,23,6,3,2271,1851.0,1675.0,1675.0,136.0,753.0,2243.0,1541.0,159.0,49.0,,53.0,17.0,,584.0,28.0,37.0,60.0,86.0,,,,150.0,124.0,5.0,49.0,32.0,,25.0,6.0,239.0,17.0,14.0,14.0,76.0,8.0,2.0,19.0,8.0,9.0,25.0,18.0,3.0,14.0,7.0,2.0,2.0,2.0,2.0,9.0,27.0,,3.0,,,1.0,,,
2022-2023,Bundesliga,e83ula4wockmc2xid7185kcq2,J. Bellingham,Borussia Dortmund,22,Midfielder,31,30,1,2,2862,1643.0,1334.0,1334.0,117.0,587.0,2516.0,1225.0,270.0,56.0,,30.0,35.0,,503.0,128.0,233.0,162.0,300.0,,,,198.0,240.0,73.0,67.0,34.0,,76.0,34.0,735.0,33.0,26.0,26.0,212.0,41.0,8.0,42.0,58.0,47.0,53.0,29.0,71.0,30.0,24.0,8.0,7.0,8.0,7.0,86.0,18.0,,6.0,1.0,1.0,9.0,,,
2022-2023,Bundesliga,emvi36y613e4lqlat3wfdih9l,S. Özcan,Borussia Dortmund,6,Midfielder,26,17,9,7,1686,999.0,881.0,881.0,45.0,299.0,1371.0,837.0,114.0,20.0,,19.0,28.0,,365.0,24.0,44.0,44.0,83.0,,,,126.0,96.0,24.0,39.0,20.0,,31.0,13.0,132.0,19.0,2.0,2.0,34.0,26.0,6.0,18.0,21.0,22.0,3.0,2.0,7.0,7.0,1.0,,,1.0,1.0,6.0,2.0,,1.0,,,1.0,,,
2022-2023,Bundesliga,eguzzwxdm0fwocax6srpck48a,Y. Moukoko,Borussia Dortmund,18,Forward,26,11,15,7,1240,202.0,140.0,140.0,4.0,27.0,430.0,138.0,56.0,6.0,,1.0,2.0,,95.0,24.0,58.0,29.0,67.0,,,,36.0,53.0,8.0,9.0,5.0,,13.0,6.0,236.0,4.0,3.0,3.0,85.0,8.0,,7.0,20.0,9.0,31.0,12.0,28.0,10.0,19.0,7.0,7.0,2.0,2.0,17.0,4.0,1.0,3.0,,,1.0,,,
2022-2023,Bundesliga,ebj6t5jqzixrnww1z7qofznu2,K. Adeyemi,Borussia Dortmund,27,Midfielder,24,20,4,18,1418,457.0,334.0,334.0,14.0,81.0,818.0,321.0,95.0,12.0,,3.0,7.0,,208.0,45.0,115.0,55.0,129.0,,,,66.0,107.0,30.0,14.0,10.0,,16.0,5.0,440.0,4.0,24.0,17.0,184.0,21.0,9.0,11.0,26.0,17.0,30.0,16.0,65.0,25.0,14.0,6.0,6.0,1.0,,34.0,9.0,1.0,5.0,8.0,,2.0,,,
2022-2023,Bundesliga,7lai6ovwsl01gonutejt4mms5,E. Can,Borussia Dortmund,23,Midfielder,27,20,7,3,2051,1288.0,1152.0,1152.0,73.0,462.0,1751.0,1080.0,131.0,35.0,,39.0,25.0,,398.0,41.0,83.0,72.0,129.0,,,,167.0,99.0,26.0,46.0,31.0,,57.0,29.0,227.0,15.0,3.0,3.0,31.0,30.0,8.0,28.0,11.0,10.0,12.0,9.0,13.0,18.0,3.0,2.0,1.0,1.0,1.0,13.0,10.0,,2.0,,1.0,2.0,,,
2022-2023,Bundesliga,2we9yak4ipkr1ljigj20puv6y,G. Reyna,Borussia Dortmund,7,Forward,22,4,18,5,717,314.0,242.0,242.0,17.0,57.0,488.0,231.0,54.0,7.0,,5.0,3.0,,149.0,15.0,39.0,22.0,60.0,,,,23.0,58.0,17.0,21.0,7.0,,14.0,7.0,248.0,14.0,11.0,8.0,94.0,8.0,2.0,7.0,15.0,6.0,17.0,5.0,17.0,10.0,12.0,7.0,6.0,6.0,3.0,8.0,10.0,,1.0,6.0,1.0,,,,
2022-2023,Bundesliga,3y9nm18as1wxhizq3fyazb2t,T. Hazard,Borussia Dortmund,10,Forward,14,2,12,1,540,324.0,228.0,228.0,16.0,77.0,458.0,219.0,57.0,15.0,,5.0,5.0,,120.0,9.0,33.0,13.0,45.0,,,,44.0,73.0,5.0,12.0,4.0,,17.0,11.0,182.0,8.0,31.0,20.0,71.0,14.0,1.0,6.0,,6.0,7.0,4.0,13.0,8.0,3.0,,,7.0,1.0,3.0,1.0,,,17.0,,,,,
2022-2023,Bundesliga,btzfq6521zl3q5uqus8ltov6d,M. Reus,Borussia Dortmund,11,Midfielder,25,14,11,9,1450,568.0,440.0,440.0,3.0,121.0,842.0,447.0,103.0,11.0,,8.0,8.0,,247.0,26.0,56.0,38.0,89.0,,,,52.0,106.0,18.0,33.0,12.0,,30.0,13.0,334.0,21.0,14.0,14.0,103.0,18.0,4.0,17.0,16.0,8.0,23.0,12.0,17.0,16.0,11.0,6.0,4.0,10.0,4.0,9.0,18.0,,3.0,6.0,2.0,,,,
2022-2023,Bundesliga,f4qcgzveslklfi8601tep77x1,J. Brandt,Borussia Dortmund,19,Midfielder,32,29,3,17,2485,1368.0,986.0,986.0,92.0,236.0,1895.0,961.0,194.0,49.0,,9.0,15.0,,652.0,61.0,117.0,70.0,150.0,,,,138.0,261.0,21.0,33.0,9.0,,29.0,9.0,880.0,24.0,116.0,56.0,334.0,9.0,2.0,20.0,35.0,23.0,35.0,9.0,47.0,51.0,26.0,9.0,9.0,67.0,13.0,41.0,7.0,,11.0,114.0,,6.0,,,
2022-2023,Bundesliga,7q96z3aaee5jyccb8pjthi8kp,D. Malen,Borussia Dortmund,21,Midfielder,26,22,4,21,1736,625.0,440.0,440.0,23.0,118.0,1034.0,440.0,108.0,23.0,,11.0,4.0,,269.0,56.0,135.0,62.0,152.0,,,,51.0,135.0,39.0,17.0,6.0,,13.0,8.0,579.0,11.0,50.0,38.0,232.0,12.0,,5.0,40.0,13.0,48.0,18.0,71.0,23.0,30.0,9.0,9.0,23.0,12.0,51.0,17.0,,5.0,23.0,,1.0,,,
2022-2023,Bundesliga,culbbgu1o5fdbl3gxz54rbn4l,F. Passlack,Borussia Dortmund,30,Forward,3,0,3,0,71,40.0,29.0,29.0,6.0,14.0,57.0,24.0,9.0,5.0,,1.0,,,12.0,4.0,5.0,5.0,7.0,,,,5.0,5.0,1.0,2.0,1.0,,4.0,1.0,11.0,1.0,1.0,1.0,3.0,,,3.0,1.0,,,,,2.0,,,,1.0,1.0,1.0,1.0,,,,,1.0,,,
2022-2023,Bundesliga,2jrntrq2x714pviioh3jnkted,A. Meyer,Borussia Dortmund,33,Forward,7,7,0,0,665,323.0,280.0,280.0,57.0,222.0,342.0,223.0,42.0,41.0,8.0,1.0,,20.0,5.0,0.0,0.0,1.0,1.0,12.0,1.0,7.0,14.0,1.0,,1.0,1.0,2.0,,,1.0,,,,1.0,,,,,,,,,,,,,,,,,,,,,,,,
2022-2023,Bundesliga,4rtps64cca8vrscv80bgyvjf8,T. Rothe,Borussia Dortmund,36,Forward,2,0,2,0,34,18.0,15.0,15.0,1.0,4.0,28.0,14.0,1.0,1.0,,2.0,1.0,,10.0,2.0,2.0,2.0,2.0,,,,4.0,2.0,,,,,1.0,,7.0,,2.0,2.0,4.0,2.0,,1.0,,,1.0,1.0,,,,,,,,1.0,,,,,,,,,
2022-2023,Bundesliga,8zl9wv46y5bchktqcwth3z3ai,A. Papadopoulos,Borussia Dortmund,47,Forward,1,0,1,0,18,19.0,17.0,17.0,2.0,8.0,24.0,15.0,2.0,,,,1.0,,4.0,0.0,0.0,1.0,1.0,,,,2.0,2.0,,1.0,1.0,,,,2.0,,,,2.0,2.0,,,,,1.0,1.0,,,,,,,,,,,,,,,,,
2022-2023,Bundesliga,bagn0ce4xunsiz3mezrtqx1p1,Y. Sommer,Borussia M'gladbach,1,Goalkeeper,29,29,0,0,2780,1358.0,1149.0,1149.0,160.0,892.0,1451.0,989.0,207.0,185.0,17.0,13.0,1.0,78.0,28.0,2.0,3.0,8.0,12.0,39.0,8.0,29.0,53.0,22.0,2.0,9.0,6.0,11.0,1.0,1.0,,3.0,,,,1.0,1.0,,1.0,,,,,,,,,,,2.0,,,,,,,,,
2022-2023,Bundesliga,43eq31reskwn9veb3vickralm,J. Scally,Borussia M'gladbach,29,Defender,28,25,3,10,2321,1173.0,904.0,904.0,55.0,256.0,1525.0,866.0,226.0,76.0,,61.0,8.0,,527.0,31.0,62.0,49.0,95.0,,,,94.0,174.0,51.0,33.0,18.0,,31.0,11.0,275.0,15.0,24.0,24.0,91.0,13.0,2.0,20.0,14.0,11.0,6.0,5.0,20.0,12.0,1.0,,,17.0,17.0,11.0,7.0,,1.0,,,,,,
2022-2023,Bundesliga,dqrzogrwznyks6whhfhq748ut,R. Bensebaini,Borussia M'gladbach,25,Defender,28,28,0,5,2634,1525.0,1187.0,1187.0,102.0,461.0,2203.0,1090.0,298.0,114.0,,98.0,36.0,,566.0,33.0,67.0,101.0,176.0,,,,174.0,210.0,44.0,109.0,68.0,,34.0,13.0,386.0,41.0,26.0,26.0,156.0,25.0,6.0,21.0,18.0,30.0,33.0,18.0,21.0,10.0,15.0,6.0,4.0,5.0,5.0,12.0,23.0,1.0,1.0,,2.0,10.0,,1.0,1.0
2022-2023,Bundesliga,au5tbnn48ve4kqnuu3dhmk296,M. Koné,Borussia M'gladbach,17,Midfielder,30,30,0,12,2727,1377.0,1187.0,1187.0,28.0,487.0,2171.0,1159.0,173.0,31.0,,21.0,32.0,,487.0,96.0,194.0,112.0,235.0,,,,221.0,148.0,74.0,41.0,16.0,,74.0,35.0,342.0,25.0,6.0,6.0,59.0,52.0,12.0,39.0,50.0,32.0,21.0,7.0,63.0,17.0,14.0,1.0,1.0,,,57.0,17.0,,1.0,,,2.0,,,
2022-2023,Bundesliga,ckjid5lfgbx8tdyoi32vbwn9x,M. Friedrich,Borussia M'gladbach,5,Forward,23,13,10,0,1389,965.0,830.0,830.0,38.0,355.0,1241.0,792.0,130.0,65.0,,52.0,11.0,,313.0,13.0,19.0,54.0,90.0,,,,67.0,66.0,3.0,71.0,41.0,,17.0,6.0,57.0,30.0,1.0,1.0,39.0,3.0,2.0,11.0,2.0,8.0,8.0,4.0,,3.0,4.0,1.0,1.0,,,2.0,7.0,,,,,1.0,,,
2022-2023,Bundesliga,8k5c8po5gx3vnxx36viq08xqt,N. Elvedi,Borussia M'gladbach,30,Defender,32,32,0,2,3023,2149.0,1967.0,1967.0,77.0,839.0,2756.0,1890.0,179.0,73.0,,149.0,35.0,,716.0,25.0,49.0,96.0,168.0,,,,149.0,106.0,11.0,119.0,71.0,,46.0,22.0,82.0,48.0,,,44.0,24.0,2.0,24.0,3.0,15.0,17.0,8.0,2.0,3.0,9.0,3.0,3.0,,,1.0,17.0,2.0,,,,2.0,,,
2022-2023,Bundesliga,7kjhx78gpi6m3r4j1b4jdyh91,J. Hofmann,Borussia M'gladbach,23,Midfielder,31,30,1,14,2802,1542.0,1062.0,1062.0,101.0,305.0,2024.0,1048.0,251.0,119.0,,21.0,16.0,,645.0,30.0,64.0,40.0,95.0,,,,141.0,262.0,39.0,31.0,10.0,,31.0,15.0,787.0,21.0,130.0,59.0,357.0,17.0,2.0,16.0,34.0,34.0,31.0,8.0,19.0,70.0,23.0,12.0,12.0,87.0,26.0,14.0,16.0,,9.0,132.0,,12.0,,,
2022-2023,Bundesliga,5i8dbjuewybsfgyym63clfw0l,J. Weigl,Borussia M'gladbach,8,Midfielder,23,21,2,4,2028,1203.0,1072.0,1072.0,45.0,402.0,1511.0,1027.0,128.0,39.0,,32.0,18.0,,454.0,25.0,57.0,43.0,88.0,,,,116.0,89.0,29.0,31.0,18.0,,43.0,27.0,103.0,13.0,,,18.0,21.0,6.0,16.0,2.0,21.0,6.0,5.0,5.0,6.0,1.0,1.0,,,,9.0,4.0,,,,1.0,3.0,,,
2022-2023,Bundesliga,66nvc8a4kd3cyeyj3i474cudx,M. Thuram,Borussia M'gladbach,10,Forward,30,28,2,7,2660,561.0,412.0,412.0,5.0,76.0,1219.0,410.0,136.0,6.0,,22.0,6.0,,287.0,48.0,115.0,89.0,214.0,,,,73.0,138.0,44.0,99.0,41.0,,14.0,7.0,570.0,58.0,8.0,8.0,258.0,34.0,3.0,7.0,50.0,17.0,78.0,34.0,60.0,24.0,44.0,13.0,13.0,3.0,3.0,41.0,17.0,1.0,6.0,,,1.0,,,
2022-2023,Bundesliga,9bdxi3mvkftmqts59jptqq76d,L. Stindl,Borussia M'gladbach,13,Midfielder,29,20,9,19,1798,777.0,616.0,616.0,36.0,178.0,1124.0,589.0,139.0,16.0,,19.0,11.0,,354.0,22.0,46.0,31.0,83.0,,,,72.0,133.0,39.0,37.0,9.0,,24.0,10.0,331.0,28.0,10.0,6.0,87.0,30.0,9.0,14.0,27.0,19.0,39.0,17.0,14.0,33.0,22.0,8.0,8.0,9.0,2.0,8.0,16.0,1.0,7.0,11.0,,7.0,,,
2022-2023,Bundesliga,7tj7eobo7kmk8egcbfrabe8d1,A. Pléa,Borussia M'gladbach,14,Midfielder,29,20,9,14,1888,763.0,519.0,519.0,39.0,184.0,1114.0,490.0,193.0,33.0,,14.0,12.0,,253.0,24.0,47.0,38.0,90.0,,,,88.0,198.0,32.0,43.0,14.0,,16.0,8.0,434.0,29.0,38.0,37.0,107.0,24.0,5.0,8.0,22.0,20.0,20.0,7.0,15.0,31.0,13.0,2.0,1.0,10.0,9.0,16.0,12.0,,9.0,2.0,1.0,14.0,,,
2022-2023,Bundesliga,l8bphgwl3llcckvf9zr6ptqt,P. Herrmann,Borussia M'gladbach,7,Forward,21,0,21,0,291,122.0,80.0,80.0,5.0,22.0,179.0,80.0,27.0,10.0,,1.0,2.0,,46.0,2.0,11.0,4.0,18.0,,,,16.0,26.0,4.0,7.0,2.0,,6.0,4.0,73.0,5.0,9.0,9.0,34.0,4.0,2.0,2.0,4.0,2.0,5.0,3.0,5.0,3.0,2.0,1.0,1.0,5.0,3.0,,1.0,,,2.0,,1.0,,,
2022-2023,Bundesliga,ao00a4lfe5vs9enjgkuu7vglx,S. Lainer,Borussia M'gladbach,18,Forward,17,9,8,7,873,618.0,493.0,493.0,30.0,165.0,795.0,471.0,105.0,31.0,,34.0,14.0,,256.0,10.0,27.0,18.0,43.0,,,,45.0,84.0,7.0,16.0,8.0,,16.0,8.0,143.0,8.0,10.0,10.0,48.0,10.0,2.0,8.0,4.0,7.0,6.0,2.0,9.0,8.0,4.0,,,8.0,8.0,2.0,1.0,,,,,2.0,,,
2022-2023,Bundesliga,d0qyia80j5079xq5olbttqfl6,N. Ngoumou,Borussia M'gladbach,19,Forward,20,7,13,7,776,226.0,161.0,161.0,8.0,34.0,368.0,158.0,44.0,5.0,,4.0,1.0,,105.0,12.0,39.0,20.0,51.0,,,,28.0,54.0,6.0,12.0,8.0,,11.0,6.0,177.0,4.0,15.0,15.0,78.0,7.0,,5.0,4.0,9.0,7.0,3.0,21.0,1.0,4.0,1.0,1.0,5.0,5.0,7.0,6.0,,,,,,,,
2022-2023,Bundesliga,22zaq3o78o5feeogqdsvig02y,L. Netz,Borussia M'gladbach,20,Forward,20,7,13,4,795,348.0,277.0,277.0,12.0,70.0,533.0,267.0,63.0,28.0,,27.0,6.0,,169.0,23.0,39.0,31.0,59.0,,,,43.0,40.0,2.0,20.0,8.0,,25.0,12.0,123.0,12.0,5.0,3.0,29.0,5.0,,13.0,6.0,4.0,3.0,1.0,4.0,5.0,2.0,1.0,1.0,2.0,,10.0,2.0,,3.0,4.0,,1.0,,,
2022-2023,Bundesliga,slsd8022q9s3uugsafaqt2ol,T. Sippel,Borussia M'gladbach,21,Forward,6,5,1,0,551,260.0,174.0,174.0,34.0,144.0,276.0,140.0,86.0,84.0,2.0,1.0,,17.0,3.0,0.0,0.0,2.0,3.0,9.0,1.0,5.0,7.0,2.0,,3.0,2.0,5.0,,,,1.0,,,,,1.0,,,,,,,,,,,,,,4.0,,,,,,,,
2022-2023,Bundesliga,dwx1vmtmeiiokfqv18g7cb1lh,T. Jantschke,Borussia M'gladbach,24,Forward,8,1,7,1,144,86.0,78.0,78.0,1.0,32.0,102.0,78.0,7.0,5.0,,5.0,,,23.0,1.0,2.0,5.0,7.0,,,,1.0,2.0,,5.0,4.0,,2.0,1.0,3.0,1.0,,,,2.0,,1.0,,2.0,,,,,,,,1.0,1.0,,3.0,,,,,,,,
2022-2023,Bundesliga,bc5vmdnoyshdi5hcgu8dgqxyi,R. Reitz,Borussia M'gladbach,27,Forward,1,0,1,0,3,2.0,2.0,2.0,,,2.0,2.0,,,,,,,2.0,0.0,0.0,0.0,0.0,,,,,,,,,,,,,,,,,,,,,,,,,,,,,,,,,,,,,,,,
2022-2023,Bundesliga,dn3zu7kyql966v0fqi1sikpyi,,Borussia M'gladbach,34,Forward,0,0,0,0,0,,,,,,,,,,,,,,,0.0,0.0,0.0,0.0,,,,,,,,,,,,,,,,,,,,,,,,,,,,,,,,,,,,,,,,
2022-2023,Bundesliga,2fadtqb0v2zreactvdosbxy50,Y. Borges Sanches,Borussia M'gladbach,38,Forward,3,0,3,0,48,9.0,7.0,7.0,,,25.0,8.0,,,,,,,6.0,4.0,5.0,4.0,5.0,,,,3.0,1.0,,,,,2.0,,8.0,,1.0,1.0,3.0,1.0,,2.0,4.0,,1.0,1.0,1.0,,,,,1.0,1.0,2.0,,,,,,,,,
2022-2023,Bundesliga,bfpax581lm91ebz4xgz40a191,K. Casteels,Wolfsburg,1,Goalkeeper,34,34,0,0,3273,1585.0,1220.0,1220.0,395.0,1054.0,1680.0,825.0,364.0,351.0,29.0,10.0,1.0,103.0,16.0,0.0,0.0,4.0,5.0,48.0,12.0,34.0,63.0,13.0,3.0,5.0,4.0,11.0,,,1.0,1.0,,,1.0,,,,,,1.0,1.0,,1.0,,,,,,,,,1.0,,,,,,
2022-2023,Bundesliga,23l48u4w5nj4036whjm3s49gp,R. Baku,Wolfsburg,20,Defender,33,29,4,6,2762,1551.0,1197.0,1197.0,121.0,387.0,2152.0,1095.0,277.0,80.0,,59.0,21.0,,653.0,49.0,113.0,71.0,166.0,,,,156.0,248.0,32.0,53.0,22.0,,50.0,24.0,548.0,31.0,51.0,50.0,179.0,27.0,6.0,26.0,20.0,38.0,22.0,10.0,40.0,23.0,12.0,5.0,5.0,19.0,18.0,23.0,12.0,,4.0,2.0,,2.0,,,
2022-2023,Bundesliga,76h7b6dhpyotolq68f84lqifp,Paulo Otávio,Wolfsburg,6,Defender,25,25,0,10,2142,1182.0,854.0,854.0,89.0,348.0,1719.0,784.0,256.0,97.0,,70.0,30.0,,429.0,68.0,125.0,95.0,188.0,,,,110.0,208.0,40.0,63.0,27.0,,72.0,26.0,359.0,36.0,49.0,49.0,122.0,25.0,7.0,46.0,7.0,36.0,14.0,12.0,31.0,17.0,2.0,,,19.0,19.0,22.0,12.0,,5.0,,,2.0,,,
2022-2023,Bundesliga,4sd2zs6d5cd4d9n3oo54lglat,M. Svanberg,Wolfsburg,32,Midfielder,32,21,11,14,1948,567.0,381.0,381.0,27.0,136.0,1003.0,367.0,148.0,42.0,,25.0,21.0,,202.0,33.0,71.0,53.0,125.0,,,,97.0,130.0,28.0,54.0,20.0,,25.0,9.0,347.0,34.0,24.0,15.0,114.0,27.0,4.0,16.0,19.0,22.0,21.0,11.0,29.0,21.0,10.0,4.0,4.0,13.0,9.0,17.0,14.0,1.0,6.0,13.0,,3.0,,,
2022-2023,Bundesliga,7e7w34imugzsufvytjxytupd5,M. Lacroix,Wolfsburg,4,Defender,24,18,6,5,1747,1095.0,952.0,952.0,78.0,502.0,1474.0,874.0,138.0,60.0,,85.0,26.0,,276.0,20.0,31.0,70.0,114.0,,,,85.0,81.0,11.0,83.0,50.0,,22.0,9.0,44.0,33.0,3.0,3.0,20.0,19.0,1.0,13.0,6.0,11.0,4.0,3.0,2.0,3.0,1.0,1.0,1.0,,,7.0,11.0,1.0,,,,1.0,,,
2022-2023,Bundesliga,dodddfi0l5i36vlgbaybhzeqy,M. van de Ven,Wolfsburg,5,Defender,33,33,0,0,3177,1758.0,1538.0,1538.0,83.0,656.0,2329.0,1458.0,207.0,100.0,,108.0,26.0,,587.0,49.0,77.0,84.0,144.0,,,,195.0,116.0,27.0,67.0,35.0,,45.0,15.0,163.0,32.0,9.0,9.0,56.0,23.0,5.0,30.0,11.0,18.0,11.0,10.0,13.0,4.0,1.0,1.0,1.0,3.0,3.0,19.0,29.0,1.0,,,,,,,
2022-2023,Bundesliga,aplc9mad75h1k90o3qla9c7l6,P. Wimmer,Wolfsburg,39,Forward,26,23,3,22,1665,549.0,312.0,312.0,21.0,110.0,1030.0,313.0,163.0,41.0,,15.0,15.0,,165.0,52.0,111.0,74.0,164.0,,,,91.0,170.0,32.0,53.0,22.0,,39.0,13.0,497.0,31.0,48.0,27.0,190.0,42.0,7.0,26.0,30.0,25.0,26.0,12.0,46.0,30.0,14.0,4.0,4.0,22.0,12.0,26.0,7.0,,8.0,31.0,,4.0,,,
2022-2023,Bundesliga,d2ykrr75737c8bzlwhjj90vkl,Y. Gerhardt,Wolfsburg,31,Midfielder,29,22,7,10,1969,674.0,496.0,496.0,22.0,190.0,1016.0,481.0,155.0,37.0,,24.0,7.0,,247.0,19.0,46.0,41.0,108.0,,,,87.0,129.0,21.0,62.0,22.0,,29.0,14.0,284.0,40.0,11.0,9.0,122.0,18.0,3.0,15.0,10.0,21.0,23.0,10.0,13.0,14.0,13.0,6.0,6.0,7.0,6.0,4.0,9.0,1.0,3.0,3.0,,2.0,,,
2022-2023,Bundesliga,embn1jhcly07i6pjcvcdiavo5,L. Nmecha,Wolfsburg,10,Forward,16,10,6,5,975,201.0,132.0,132.0,6.0,31.0,389.0,127.0,66.0,2.0,,4.0,3.0,,86.0,13.0,33.0,30.0,69.0,,,,19.0,65.0,27.0,36.0,17.0,,5.0,2.0,207.0,19.0,1.0,1.0,66.0,6.0,3.0,3.0,11.0,4.0,17.0,10.0,18.0,6.0,7.0,4.0,4.0,1.0,1.0,10.0,6.0,,,,,1.0,,,
2022-2023,Bundesliga,acxwc7xxrtyssiy390t859kgl,M. Arnold,Wolfsburg,27,Midfielder,32,32,0,8,2917,1642.0,1228.0,1228.0,189.0,486.0,2254.0,1080.0,247.0,188.0,,65.0,26.0,,588.0,39.0,79.0,69.0,139.0,,,,225.0,174.0,64.0,60.0,30.0,,62.0,31.0,390.0,30.0,115.0,51.0,122.0,33.0,5.0,31.0,22.0,23.0,27.0,11.0,9.0,32.0,16.0,5.0,1.0,41.0,18.0,8.0,19.0,,3.0,87.0,4.0,6.0,,,
2022-2023,Bundesliga,b7cso5zljdvzfila9zd4fz4ve,J. Kamiński,Wolfsburg,16,Midfielder,31,25,6,20,2134,667.0,487.0,487.0,31.0,139.0,1145.0,464.0,143.0,24.0,,15.0,8.0,,285.0,53.0,104.0,66.0,144.0,,,,98.0,146.0,13.0,40.0,13.0,,36.0,11.0,532.0,27.0,27.0,27.0,179.0,9.0,,25.0,32.0,35.0,28.0,14.0,40.0,28.0,14.0,4.0,4.0,8.0,8.0,28.0,13.0,1.0,5.0,,,4.0,,,
2022-2023,Bundesliga,2mwe6l0eu1tisri3eu26fx8x6,K. Fischer,Wolfsburg,2,Forward,10,5,5,3,525,273.0,218.0,218.0,20.0,84.0,367.0,203.0,43.0,11.0,,18.0,5.0,,103.0,9.0,17.0,11.0,25.0,,,,24.0,39.0,5.0,8.0,2.0,,9.0,3.0,80.0,6.0,7.0,7.0,30.0,8.0,2.0,6.0,1.0,6.0,2.0,1.0,5.0,4.0,1.0,,,5.0,5.0,3.0,1.0,,,,,,,,
2022-2023,Bundesliga,fr9ac60188vlmtbrcddhxii1,S. Bornauw,Wolfsburg,3,Defender,26,23,3,5,2060,1234.0,1062.0,1062.0,55.0,482.0,1636.0,1007.0,169.0,70.0,,83.0,31.0,,397.0,19.0,33.0,70.0,121.0,,,,112.0,102.0,9.0,88.0,51.0,,29.0,12.0,74.0,37.0,3.0,3.0,31.0,24.0,8.0,17.0,3.0,15.0,4.0,1.0,2.0,1.0,3.0,1.0,1.0,,,2.0,12.0,1.0,,,,,,,
2022-2023,Bundesliga,3es8fg7y59lckypu11i68q6s5,L. Waldschmidt,Wolfsburg,7,Forward,18,4,14,4,619,153.0,117.0,117.0,1.0,24.0,238.0,116.0,33.0,8.0,,5.0,3.0,,78.0,3.0,8.0,4.0,18.0,,,,21.0,28.0,4.0,10.0,1.0,,5.0,3.0,75.0,9.0,3.0,2.0,22.0,14.0,,2.0,3.0,6.0,8.0,2.0,2.0,1.0,6.0,4.0,3.0,,,1.0,3.0,1.0,,1.0,1.0,1.0,,,
2022-2023,Bundesliga,53ozrqkupvt2iyi2xg0swf7px,,Wolfsburg,12,Forward,0,0,0,0,0,,,,,,,,,,,,,,,0.0,0.0,0.0,0.0,,,,,,,,,,,,,,,,,,,,,,,,,,,,,,,,,,,,,,,,
2022-2023,Bundesliga,6384gzzxuxs6pvmrn8qx4d7u1,F. Nmecha,Wolfsburg,22,Midfielder,30,19,11,8,1972,706.0,533.0,533.0,37.0,199.0,1191.0,497.0,161.0,32.0,,31.0,25.0,,253.0,50.0,89.0,94.0,163.0,,,,117.0,135.0,38.0,74.0,44.0,,41.0,17.0,306.0,30.0,6.0,6.0,72.0,29.0,3.0,24.0,13.0,16.0,26.0,17.0,22.0,15.0,9.0,3.0,3.0,1.0,1.0,26.0,21.0,3.0,4.0,,,8.0,,,
2022-2023,Bundesliga,eswxx8pxqyuj7rnpvqawpej1l,J. Wind,Wolfsburg,23,Forward,24,15,9,12,1353,371.0,246.0,246.0,2.0,83.0,713.0,245.0,120.0,4.0,,10.0,1.0,,107.0,13.0,36.0,74.0,152.0,,,,43.0,117.0,22.0,116.0,61.0,,14.0,8.0,289.0,55.0,1.0,1.0,90.0,17.0,1.0,6.0,18.0,10.0,22.0,12.0,15.0,11.0,10.0,6.0,6.0,1.0,1.0,7.0,12.0,1.0,,,,2.0,,,
2022-2023,Bundesliga,bjhgmcai5irlexe7oa1g0e5sl,J. Guilavogui,Wolfsburg,29,Forward,23,11,12,2,1317,805.0,678.0,678.0,47.0,331.0,1121.0,631.0,124.0,35.0,,52.0,23.0,,189.0,14.0,23.0,57.0,98.0,,,,95.0,91.0,8.0,75.0,43.0,,18.0,7.0,66.0,32.0,2.0,2.0,19.0,29.0,4.0,11.0,6.0,6.0,6.0,4.0,2.0,4.0,2.0,1.0,1.0,,,3.0,14.0,,,,,,,,
2022-2023,Bundesliga,b8if5dg0k9prjik99aiutewh5,Omar Marmoush,Wolfsburg,33,Forward,33,15,18,15,1584,458.0,296.0,296.0,15.0,82.0,992.0,284.0,136.0,11.0,,4.0,7.0,,172.0,48.0,121.0,91.0,209.0,,,,74.0,147.0,32.0,88.0,43.0,,16.0,6.0,487.0,45.0,22.0,18.0,184.0,29.0,2.0,10.0,42.0,20.0,34.0,18.0,67.0,6.0,16.0,5.0,5.0,3.0,2.0,38.0,15.0,,1.0,5.0,,1.0,,,
2022-2023,Bundesliga,2dxsntw3djezptdjqzu0oxi7e,K. Paredes,Wolfsburg,40,Forward,22,1,21,2,665,211.0,152.0,152.0,12.0,53.0,340.0,147.0,36.0,14.0,,8.0,6.0,,80.0,13.0,30.0,16.0,38.0,,,,38.0,37.0,18.0,8.0,3.0,,13.0,4.0,144.0,5.0,15.0,15.0,53.0,4.0,2.0,9.0,4.0,7.0,3.0,1.0,13.0,12.0,2.0,1.0,1.0,7.0,7.0,4.0,1.0,,4.0,,,,,,
2022-2023,Bundesliga,bs6f5ag1f47ropxefrybtaktl,M. Bauer,Augsburg,23,Defender,27,20,7,3,2003,758.0,551.0,551.0,57.0,265.0,1205.0,494.0,203.0,115.0,,79.0,23.0,,209.0,19.0,37.0,90.0,159.0,,,,105.0,90.0,23.0,122.0,71.0,,31.0,14.0,49.0,51.0,2.0,2.0,24.0,24.0,8.0,17.0,5.0,16.0,3.0,3.0,4.0,2.0,,,,,,2.0,14.0,,,,,,,,
2022-2023,Bundesliga,tedxo29s8xx0a71z6sidw7v9,J. Gouweleeuw,Augsburg,6,Defender,32,32,0,2,2998,1481.0,1034.0,1034.0,143.0,538.0,2212.0,893.0,428.0,227.0,,141.0,50.0,,332.0,40.0,63.0,121.0,209.0,,,,214.0,207.0,8.0,146.0,81.0,,42.0,15.0,122.0,65.0,6.0,6.0,43.0,36.0,12.0,27.0,7.0,18.0,14.0,9.0,8.0,10.0,5.0,,,2.0,2.0,13.0,25.0,,1.0,,,7.0,,,
2022-2023,Bundesliga,3er9krmf0k6dhv6f9ltztfend,A. Maier,Augsburg,10,Midfielder,30,24,6,17,2044,658.0,406.0,406.0,35.0,144.0,1062.0,386.0,184.0,56.0,,22.0,15.0,,219.0,38.0,68.0,50.0,97.0,,,,118.0,179.0,18.0,29.0,12.0,,31.0,9.0,367.0,17.0,51.0,31.0,145.0,12.0,3.0,22.0,26.0,21.0,17.0,7.0,21.0,14.0,10.0,5.0,5.0,15.0,3.0,16.0,11.0,,1.0,32.0,,6.0,,,
2022-2023,Bundesliga,4gq1u1mqg0qzekh1u5djleeax,Dani Olmo,RB Leipzig,7,Midfielder,23,15,8,11,1345,596.0,440.0,440.0,20.0,130.0,981.0,430.0,130.0,25.0,,6.0,6.0,,241.0,47.0,91.0,55.0,116.0,,,,84.0,114.0,40.0,25.0,8.0,,15.0,6.0,419.0,17.0,9.0,8.0,104.0,17.0,2.0,9.0,30.0,15.0,32.0,16.0,38.0,31.0,16.0,2.0,2.0,10.0,1.0,38.0,11.0,,5.0,10.0,,21.0,,,
2022-2023,Bundesliga,11dqnpwlb2clu2v7rnghsrlcl,K. Stafylidis,Bochum,16,Forward,19,11,8,6,1116,423.0,288.0,288.0,43.0,112.0,682.0,254.0,107.0,56.0,,31.0,20.0,,155.0,24.0,41.0,38.0,75.0,,,,73.0,68.0,16.0,34.0,14.0,,27.0,11.0,103.0,20.0,17.0,15.0,13.0,16.0,4.0,16.0,3.0,13.0,11.0,9.0,6.0,5.0,2.0,,,9.0,8.0,8.0,11.0,,2.0,3.0,,1.0,,,
2022-2023,Bundesliga,de3mpa534obonqn4h2v10f6xh,,Bochum,21,Forward,0,0,0,0,0,,,,,,,,,,,,,,,0.0,0.0,0.0,0.0,,,,,,,,,,,,,,,,,,,,,,,,,,,,,,,,,,,,,,,,
2022-2023,Bundesliga,87jamhsc8ps9kh5432u36kjc9,P. Jaeckel,Union Berlin,3,Forward,16,13,3,2,1306,622.0,506.0,506.0,47.0,227.0,869.0,460.0,112.0,59.0,,44.0,19.0,,202.0,25.0,33.0,44.0,74.0,,,,69.0,55.0,3.0,41.0,19.0,,24.0,6.0,49.0,22.0,2.0,2.0,8.0,16.0,3.0,18.0,2.0,6.0,2.0,,2.0,1.0,2.0,1.0,1.0,1.0,1.0,7.0,5.0,1.0,,,,1.0,,1.0,1.0
2022-2023,Bundesliga,8prrhz0d1i4vxkhgro8p42bxl,T. Skarke,Union Berlin,21,Forward,12,6,6,5,537,181.0,107.0,107.0,10.0,37.0,320.0,106.0,42.0,10.0,,4.0,,,58.0,11.0,27.0,15.0,44.0,,,,30.0,54.0,7.0,17.0,4.0,,14.0,6.0,161.0,13.0,22.0,16.0,61.0,7.0,1.0,8.0,9.0,6.0,12.0,6.0,10.0,7.0,6.0,1.0,1.0,9.0,4.0,3.0,3.0,,1.0,11.0,,,,,
2022-2023,Bundesliga,254i1zsifi2er9rvuxgi9katx,G. Haraguchi,Union Berlin,24,Forward,22,15,7,12,1314,460.0,360.0,360.0,19.0,115.0,707.0,343.0,86.0,13.0,,15.0,11.0,,178.0,29.0,52.0,43.0,85.0,,,,57.0,83.0,28.0,33.0,14.0,,28.0,13.0,188.0,19.0,10.0,10.0,47.0,8.0,1.0,15.0,8.0,17.0,7.0,4.0,10.0,15.0,3.0,,,2.0,2.0,14.0,8.0,,2.0,,,,,,
2022-2023,Bundesliga,5irixhhyayq9yl7sb2kohjrv9,M. Wolf,Borussia Dortmund,17,Defender,25,17,8,6,1685,1061.0,818.0,818.0,85.0,284.0,1420.0,749.0,182.0,48.0,,22.0,18.0,,452.0,52.0,89.0,58.0,101.0,,,,92.0,179.0,22.0,12.0,6.0,,25.0,7.0,447.0,6.0,45.0,43.0,171.0,12.0,2.0,18.0,12.0,30.0,16.0,10.0,30.0,19.0,6.0,1.0,1.0,16.0,16.0,34.0,17.0,,2.0,2.0,,4.0,,,
2022-2023,Bundesliga,4lcyjhvtwieshr4r3a6104qtx,A. Modeste,Borussia Dortmund,20,Forward,19,7,12,4,897,127.0,72.0,72.0,,15.0,315.0,73.0,49.0,,,22.0,2.0,,44.0,4.0,9.0,37.0,79.0,,,,15.0,50.0,7.0,70.0,33.0,,4.0,,130.0,37.0,1.0,1.0,64.0,14.0,4.0,4.0,9.0,7.0,21.0,11.0,5.0,5.0,10.0,2.0,2.0,1.0,1.0,,2.0,2.0,1.0,,,,,,
2022-2023,Bundesliga,bmrdtenqr84jt4gmw6i7wez11,S. Guirassy,Stuttgart,9,Forward,22,20,2,8,1750,448.0,327.0,327.0,8.0,65.0,803.0,321.0,113.0,9.0,,14.0,,,229.0,15.0,41.0,57.0,122.0,,,,43.0,109.0,43.0,81.0,42.0,,4.0,3.0,333.0,39.0,5.0,5.0,127.0,17.0,3.0,1.0,20.0,5.0,38.0,18.0,23.0,10.0,20.0,11.0,9.0,2.0,1.0,14.0,13.0,2.0,,1.0,2.0,4.0,,1.0,1.0
2022-2023,Bundesliga,a4p1m3cqm6z2p1bw97s6k46ad,A. Karazor,Stuttgart,16,Midfielder,29,22,7,6,2120,1116.0,945.0,945.0,51.0,340.0,1638.0,894.0,167.0,38.0,,44.0,31.0,,410.0,44.0,73.0,93.0,155.0,,,,173.0,129.0,31.0,82.0,49.0,,49.0,19.0,171.0,33.0,,,12.0,24.0,10.0,30.0,17.0,28.0,5.0,5.0,10.0,11.0,,,,,,14.0,12.0,,1.0,,,2.0,,,
2022-2023,Bundesliga,7lra5r21vnl77tzrse3u7h84q,,Stuttgart,44,Forward,0,0,0,0,0,,,,,,,,,,,,,,,0.0,0.0,0.0,0.0,,,,,,,,,,,,,,,,,,,,,,,,,,,,,,,,,,,,,,,,
2022-2023,Bundesliga,mugwhiw6mwgjf5797wlnjzdh,D. Kyereh,Freiburg,11,Forward,12,7,5,7,587,182.0,137.0,137.0,3.0,25.0,316.0,136.0,40.0,6.0,,6.0,2.0,,86.0,7.0,19.0,14.0,33.0,,,,25.0,36.0,16.0,14.0,7.0,,6.0,2.0,132.0,7.0,2.0,1.0,27.0,12.0,2.0,4.0,12.0,4.0,10.0,5.0,10.0,1.0,5.0,2.0,2.0,2.0,1.0,3.0,1.0,1.0,,2.0,,,,,
2022-2023,Bundesliga,26nfmfc8p2doisd9p8vtd33dh,L. Bittencourt,Werder Bremen,10,Midfielder,25,22,3,18,1672,792.0,572.0,572.0,29.0,172.0,1222.0,550.0,170.0,47.0,,15.0,10.0,,324.0,54.0,121.0,65.0,153.0,,,,115.0,165.0,40.0,32.0,11.0,,53.0,25.0,331.0,21.0,42.0,41.0,95.0,43.0,10.0,28.0,10.0,13.0,17.0,8.0,42.0,13.0,9.0,3.0,3.0,7.0,7.0,26.0,8.0,2.0,2.0,1.0,,2.0,,,
2022-2023,Bundesliga,3spzxmms300isjmf03yses12i,D. Salifou,Werder Bremen,19,Forward,1,0,1,0,2,,,,,,,,,,,,,,,0.0,0.0,0.0,0.0,,,,,,,,,,,,,,,,,,,,,,,,,,,,,,,,,,,,,,,,
2022-2023,Bundesliga,dpybx98sqm09bqcsuah1zj7px,T. Kolodziejczak,Schalke 04,15,Forward,1,0,1,0,30,17.0,14.0,14.0,4.0,7.0,22.0,10.0,2.0,1.0,,1.0,1.0,,5.0,0.0,0.0,0.0,2.0,,,,,2.0,,2.0,,,,,4.0,2.0,1.0,1.0,2.0,,,,,,,,,,,,,,,,,,,,,,,,
2022-2023,Bundesliga,b2oa5dzw40auj5cgxfrp4b4r9,J. Boëtius,Hertha BSC,10,Forward,21,10,11,7,1150,421.0,301.0,301.0,29.0,140.0,680.0,274.0,110.0,28.0,,10.0,14.0,,112.0,23.0,47.0,28.0,68.0,,,,76.0,85.0,26.0,21.0,5.0,,30.0,14.0,123.0,16.0,3.0,3.0,16.0,14.0,3.0,16.0,12.0,20.0,5.0,2.0,10.0,9.0,3.0,,,2.0,2.0,7.0,5.0,,,,,4.0,,,
2022-2023,Bundesliga,18b0ti0bsq68842kgbczsbgmh,M. Maolida,Hertha BSC,11,Forward,3,1,2,1,107,15.0,7.0,7.0,,3.0,37.0,8.0,6.0,,,1.0,,,4.0,3.0,6.0,3.0,7.0,,,,3.0,6.0,,1.0,,,1.0,,13.0,1.0,,,3.0,1.0,,1.0,5.0,,,,3.0,,,,,1.0,1.0,2.0,,,,,,,,,
2022-2023,Bundesliga,dh15r2p7e0c5cwezilhq3fi6t,,Hoffenheim,12,Forward,0,0,0,0,0,,,,,,,,,,,,,,,0.0,0.0,0.0,0.0,,,,,,,,,,,,,,,,,,,,,,,,,,,,,,,,,,,,,,,,
2022-2023,Bundesliga,ew18qvvupaejxubhqmxmbd39x,A. Kramarić,Hoffenheim,27,Forward,32,26,6,11,2551,998.0,779.0,779.0,51.0,210.0,1445.0,739.0,161.0,25.0,,13.0,6.0,,442.0,30.0,68.0,38.0,92.0,,,,119.0,176.0,36.0,24.0,8.0,,5.0,3.0,545.0,16.0,40.0,38.0,191.0,9.0,3.0,2.0,33.0,12.0,48.0,22.0,35.0,32.0,26.0,12.0,7.0,11.0,7.0,28.0,17.0,2.0,5.0,6.0,5.0,,,,
2022-2023,Bundesliga,1u1u438ql6xrordkb65wsxo7p,K. Coman,Bayern München,11,Midfielder,24,16,8,14,1463,806.0,617.0,617.0,28.0,121.0,1174.0,612.0,111.0,26.0,,7.0,2.0,,447.0,55.0,109.0,66.0,130.0,,,,71.0,137.0,21.0,21.0,11.0,,11.0,3.0,688.0,10.0,52.0,52.0,246.0,9.0,1.0,8.0,20.0,18.0,39.0,22.0,51.0,33.0,17.0,8.0,8.0,23.0,21.0,47.0,11.0,,4.0,2.0,,4.0,,1.0,1.0
2022-2023,Bundesliga,5bnq6c53ofgo9msqn3vlobpm2,A. Ibrahimović,Bayern München,46,Forward,1,0,1,0,17,8.0,7.0,7.0,1.0,2.0,17.0,6.0,1.0,,,,,,4.0,1.0,3.0,3.0,5.0,,,,1.0,1.0,1.0,2.0,2.0,,1.0,,5.0,,,,3.0,,,1.0,,,2.0,,2.0,1.0,2.0,,,,,,,,,,,,,,
2022-2023,Bundesliga,7y6f63pj7horkzhdzbge02rqh,C. Hudson-Odoi,Bayer Leverkusen,17,Forward,14,7,7,7,642,248.0,201.0,201.0,16.0,59.0,347.0,190.0,31.0,7.0,,4.0,2.0,,119.0,17.0,33.0,17.0,38.0,,,,26.0,32.0,20.0,5.0,,,5.0,2.0,126.0,5.0,8.0,6.0,20.0,2.0,,3.0,14.0,,1.0,,14.0,11.0,1.0,,,5.0,3.0,14.0,3.0,,1.0,4.0,,1.0,,,
2022-2023,Bundesliga,czpaltuhh1gskg7zh7k7qyqui,A. Azhil,Bayer Leverkusen,32,Forward,1,0,1,0,0,,,,,,,,,,,,,,,0.0,0.0,0.0,0.0,,,,,,,,,,,,,,,,,,,,,,,,,,,,,,,,,,,,,,,,
2022-2023,Bundesliga,byk5vhf9l112i7hhy1clravp,,Bayer Leverkusen,36,Forward,0,0,0,0,0,,,,,,,,,,,,,,,0.0,0.0,0.0,0.0,,,,,,,,,,,,,,,,,,,,,,,,,,,,,,,,,,,,,,,,
2022-2023,Bundesliga,ec04djw7dspowrm7h7wr6e5ed,J. Brekalo,Wolfsburg,14,Forward,6,3,3,3,287,148.0,100.0,100.0,8.0,25.0,195.0,95.0,35.0,5.0,,2.0,2.0,,61.0,6.0,10.0,6.0,12.0,,,,14.0,40.0,3.0,2.0,,,2.0,1.0,52.0,2.0,10.0,8.0,20.0,2.0,,1.0,6.0,,2.0,1.0,3.0,4.0,1.0,,,3.0,1.0,5.0,,,1.0,4.0,,,,,
2022-2023,Bundesliga,40rzvcdss138e6futx3bht3o5,J. Roussillon,Union Berlin,26,Midfielder,20,11,9,10,1060,445.0,304.0,304.0,27.0,111.0,660.0,283.0,101.0,39.0,,22.0,4.0,,147.0,20.0,47.0,27.0,66.0,,,,56.0,92.0,13.0,19.0,7.0,,16.0,7.0,224.0,12.0,30.0,30.0,71.0,13.0,2.0,9.0,10.0,5.0,8.0,6.0,20.0,5.0,2.0,,,6.0,6.0,11.0,3.0,,2.0,,,2.0,,,
2022-2023,Bundesliga,abuvjv3bhb402yf8p92kucez9,A. Touré,Eintracht Frankfurt,18,Forward,7,5,2,3,425,232.0,187.0,187.0,9.0,89.0,348.0,179.0,40.0,8.0,,8.0,10.0,,70.0,13.0,22.0,27.0,47.0,,,,32.0,36.0,1.0,25.0,14.0,,13.0,6.0,30.0,11.0,4.0,4.0,12.0,5.0,1.0,7.0,,7.0,3.0,2.0,3.0,1.0,1.0,,,1.0,1.0,6.0,2.0,,1.0,,,,,,
2022-2023,Bundesliga,d7xdtkzw3h749ngi4sobn6kmh,L. Pellegrini,Eintracht Frankfurt,33,Defender,9,7,2,5,580,431.0,280.0,280.0,37.0,97.0,600.0,255.0,90.0,52.0,,11.0,7.0,,146.0,19.0,44.0,24.0,52.0,,,,53.0,84.0,8.0,8.0,5.0,,13.0,5.0,181.0,3.0,46.0,35.0,72.0,8.0,1.0,8.0,5.0,6.0,12.0,10.0,20.0,7.0,2.0,,,12.0,4.0,11.0,4.0,,,19.0,,1.0,,,
2022-2023,Bundesliga,1mkbxdrj3myvt6jm4tx8sywgl,C. Kramer,Borussia M'gladbach,6,Midfielder,29,27,2,10,2339,1233.0,1018.0,1018.0,23.0,331.0,1697.0,997.0,199.0,28.0,,40.0,17.0,,484.0,54.0,95.0,78.0,147.0,,,,109.0,180.0,13.0,52.0,24.0,,44.0,11.0,314.0,28.0,9.0,9.0,103.0,37.0,4.0,33.0,30.0,32.0,2.0,1.0,30.0,16.0,1.0,,,2.0,2.0,21.0,6.0,,1.0,,,2.0,,,
2022-2023,Bundesliga,87kc5hjp3ry2z624wty5h7g4q,O. Fraulo,Borussia M'gladbach,22,Forward,2,0,2,0,20,16.0,10.0,10.0,,3.0,20.0,10.0,6.0,3.0,,,,,6.0,1.0,1.0,1.0,1.0,,,,3.0,3.0,,,,,,,5.0,,,,,,,,,,,,,,,,,,,1.0,,,,,,,,,
2022-2023,Bundesliga,8dq80nkl6nbdejj2ti0mb2w6i,J. Olschowsky,Borussia M'gladbach,41,Forward,4,4,0,0,383,159.0,131.0,131.0,18.0,94.0,172.0,113.0,28.0,28.0,6.0,1.0,,21.0,3.0,0.0,0.0,0.0,0.0,11.0,0.0,4.0,8.0,,,,,1.0,,,,,,,,,,,,1.0,,,,,,,,,,,,,,,,,,,
2022-2023,Bundesliga,bvifdvoxv9e8nq8qe37c0gvrp,S. Bell,Mainz 05,16,Defender,30,26,4,4,2578,1248.0,944.0,944.0,100.0,513.0,1934.0,845.0,282.0,144.0,,133.0,44.0,,226.0,34.0,50.0,137.0,218.0,,,,191.0,152.0,11.0,168.0,103.0,,43.0,15.0,84.0,65.0,14.0,14.0,43.0,47.0,9.0,28.0,4.0,27.0,5.0,3.0,1.0,4.0,2.0,,,1.0,1.0,6.0,17.0,,1.0,,,1.0,,,
2022-2023,Bundesliga,4baqlwfu312pctopy1cx6s2c5,S. Widmer,Mainz 05,30,Midfielder,26,19,7,9,1802,873.0,592.0,592.0,77.0,237.0,1206.0,520.0,244.0,114.0,,28.0,31.0,,269.0,25.0,41.0,42.0,83.0,,,,98.0,157.0,16.0,42.0,17.0,,26.0,9.0,321.0,25.0,27.0,27.0,180.0,11.0,,17.0,12.0,14.0,16.0,10.0,7.0,10.0,6.0,2.0,2.0,5.0,5.0,8.0,11.0,1.0,1.0,,,,,,
2022-2023,Bundesliga,55z0yap5tml66nes2cchg7ahh,F. Kainz,Köln,11,Midfielder,32,31,1,25,2437,1207.0,660.0,660.0,100.0,300.0,1768.0,659.0,258.0,162.0,,30.0,32.0,,375.0,43.0,107.0,52.0,147.0,,,,151.0,273.0,40.0,40.0,9.0,,21.0,11.0,743.0,31.0,177.0,95.0,354.0,30.0,5.0,10.0,36.0,21.0,42.0,20.0,53.0,52.0,22.0,6.0,3.0,99.0,29.0,33.0,18.0,,10.0,152.0,3.0,8.0,,1.0,1.0
2022-2023,Bundesliga,3s378qeykqznl2ozqskmzjywa,,Köln,48,Forward,0,0,0,0,0,,,,,,,,,,,,,,,0.0,0.0,0.0,0.0,,,,,,,,,,,,,,,,,,,,,,,,,,,,,,,,,,,,,,,,
2022-2023,Bundesliga,6kge6vcoa9ocnh6tb8qznfzkl,M. Veljković,Werder Bremen,13,Defender,29,25,4,2,2456,1411.0,1145.0,1145.0,146.0,605.0,1877.0,999.0,257.0,130.0,,103.0,33.0,,304.0,22.0,34.0,80.0,137.0,,,,131.0,130.0,9.0,103.0,58.0,,30.0,11.0,45.0,45.0,3.0,3.0,23.0,24.0,2.0,19.0,,16.0,4.0,2.0,1.0,7.0,2.0,1.0,1.0,,,3.0,16.0,,2.0,,,2.0,,,
2022-2023,Bundesliga,1zo6iikznwkd2vuhqykt7jw7p,F. Uremović,Hertha BSC,5,Defender,22,21,1,6,1847,658.0,513.0,513.0,23.0,197.0,1054.0,491.0,142.0,68.0,,88.0,36.0,,178.0,25.0,41.0,80.0,134.0,,,,83.0,74.0,10.0,93.0,55.0,,38.0,15.0,43.0,38.0,,,24.0,27.0,7.0,23.0,4.0,5.0,6.0,3.0,1.0,3.0,3.0,,,1.0,1.0,2.0,16.0,,,,,,,1.0,1.0
2022-2023,Bundesliga,bytrobr8rfp9zwbxzopr4vgno,D. Scherhant,Hertha BSC,39,Forward,10,2,8,2,342,50.0,33.0,33.0,,7.0,137.0,33.0,14.0,1.0,,5.0,,,25.0,12.0,25.0,14.0,34.0,,,,11.0,16.0,2.0,9.0,2.0,,7.0,1.0,45.0,7.0,3.0,3.0,18.0,2.0,,6.0,8.0,3.0,1.0,,12.0,,1.0,1.0,1.0,,,6.0,3.0,,,,,,,,
2022-2023,Bundesliga,1ltc40nsr2fkx99i5hf7i3mga,S. Coulibaly,Borussia Dortmund,44,Forward,1,0,1,0,54,46.0,45.0,45.0,,22.0,50.0,45.0,1.0,,,,,,11.0,0.0,0.0,1.0,1.0,,,,1.0,1.0,,1.0,1.0,,,,2.0,,,,,1.0,,,,,,,,,,,,,,,,,,,,,,,
2022-2023,Bundesliga,d0ir0lbmkzvkvgjvry5l9z2l1,,Eintracht Frankfurt,4,Forward,0,0,0,0,0,,,,,,,,,,,,,,,0.0,0.0,0.0,0.0,,,,,,,,,,,,,,,,,,,,,,,,,,,,,,,,,,,,,,,,
2022-2023,Bundesliga,65v1s740zfmpwkc0z1v3aisd0,M. Damar,Hoffenheim,35,Forward,6,1,5,1,188,65.0,52.0,52.0,,14.0,113.0,52.0,10.0,2.0,,,,,30.0,3.0,12.0,5.0,16.0,,,,12.0,10.0,1.0,4.0,2.0,,6.0,3.0,32.0,2.0,2.0,2.0,11.0,6.0,,3.0,2.0,3.0,,,6.0,4.0,,,,,,,1.0,,1.0,,,,,,
2022-2023,Bundesliga,cuyxfn9e3wl88o04sjjv812i,,Hoffenheim,36,Forward,0,0,0,0,0,,,,,,,,,,,,,,,0.0,0.0,0.0,0.0,,,,,,,,,,,,,,,,,,,,,,,,,,,,,,,,,,,,,,,,
2022-2023,Bundesliga,1pyg87b2dbhdf5dbv36j5o296,,Köln,43,Forward,0,0,0,0,0,,,,,,,,,,,,,,,0.0,0.0,0.0,0.0,,,,,,,,,,,,,,,,,,,,,,,,,,,,,,,,,,,,,,,,
2022-2023,Bundesliga,2pjr6yz65f4uqvwniy4vphn85,T. Werner,RB Leipzig,11,Forward,27,23,4,15,2011,685.0,500.0,500.0,18.0,93.0,1029.0,487.0,148.0,11.0,,5.0,7.0,,339.0,32.0,75.0,37.0,91.0,,,,55.0,162.0,13.0,16.0,5.0,,10.0,5.0,529.0,11.0,25.0,25.0,236.0,7.0,2.0,5.0,21.0,12.0,48.0,24.0,38.0,16.0,24.0,9.0,9.0,5.0,4.0,27.0,13.0,,4.0,1.0,,4.0,,,
2022-2023,Bundesliga,dg4xtfca5bvigpvhahsijl756,,RB Leipzig,34,Forward,0,0,0,0,0,,,,,,,,,,,,,,,0.0,0.0,0.0,0.0,,,,,,,,,,,,,,,,,,,,,,,,,,,,,,,,,,,,,,,,
2022-2023,Bundesliga,6rg37ej1x7pwi7r4aq1107pih,E. Palacios,Bayer Leverkusen,25,Midfielder,25,19,6,8,1746,1204.0,1020.0,1020.0,35.0,380.0,1679.0,987.0,173.0,31.0,,28.0,33.0,,447.0,46.0,75.0,59.0,102.0,,,,172.0,145.0,40.0,27.0,13.0,,59.0,23.0,241.0,14.0,3.0,3.0,24.0,23.0,4.0,36.0,24.0,27.0,15.0,8.0,6.0,11.0,7.0,4.0,1.0,2.0,2.0,10.0,7.0,,2.0,,3.0,4.0,,,
2022-2023,Bundesliga,3r2j2j3v6kgmauw5yv9j3x1hx,,Freiburg,1,Forward,0,0,0,0,0,,,,,,,,,,,,,,,0.0,0.0,0.0,0.0,,,,,,,,,,,,,,,,,,,,,,,,,,,,,,,,,,,,,,,,
2022-2023,Bundesliga,9e4xq8tojxnrntko58ni4s7sa,K. Çalhanoğlu,Schalke 04,42,Forward,3,0,3,0,86,42.0,29.0,29.0,7.0,20.0,64.0,23.0,11.0,4.0,,3.0,,,7.0,1.0,5.0,2.0,8.0,,,,3.0,8.0,1.0,3.0,1.0,,2.0,1.0,19.0,2.0,1.0,,5.0,3.0,,1.0,,1.0,1.0,1.0,3.0,1.0,,,,1.0,1.0,,,,,1.0,,,,,
2022-2023,Bundesliga,7ge5pob1kdmtw9kg3ki34uwyy,S. Sané,Schalke 04,44,Forward,1,0,1,0,29,7.0,7.0,7.0,1.0,,12.0,6.0,,,,,,,5.0,1.0,3.0,1.0,3.0,,,,1.0,,,,,,1.0,,5.0,,,,,,,1.0,,,,,2.0,,,,,,,,,,,,,,,,
2022-2023,Bundesliga,4mc1zpxqsnkm2vmuq0cq9ztre,,Schalke 04,49,Forward,0,0,0,0,0,,,,,,,,,,,,,,,0.0,0.0,0.0,0.0,,,,,,,,,,,,,,,,,,,,,,,,,,,,,,,,,,,,,,,,
2022-2023,Bundesliga,9bzlvn0twr2b5z30k30gugw5x,F. Jensen,Augsburg,24,Forward,20,8,12,7,1012,297.0,155.0,155.0,17.0,56.0,512.0,143.0,108.0,34.0,,12.0,4.0,,85.0,14.0,28.0,33.0,80.0,,,,29.0,100.0,7.0,52.0,19.0,,15.0,5.0,217.0,33.0,26.0,16.0,110.0,15.0,1.0,10.0,19.0,7.0,8.0,5.0,9.0,11.0,3.0,2.0,2.0,5.0,2.0,4.0,8.0,,1.0,13.0,,,,,
2022-2023,Bundesliga,3j2pv0methgc8k8rtqbi079p1,F. Uduokhai,Augsburg,19,Defender,19,16,3,1,1626,734.0,558.0,558.0,43.0,224.0,1110.0,515.0,172.0,81.0,,61.0,29.0,,241.0,26.0,44.0,69.0,133.0,,,,85.0,92.0,13.0,89.0,43.0,,30.0,10.0,47.0,46.0,1.0,1.0,31.0,21.0,3.0,20.0,5.0,13.0,2.0,1.0,8.0,3.0,1.0,,,,,6.0,16.0,,1.0,,,,1.0,1.0,
2022-2023,Bundesliga,3gq68k18hhnaazwonmkyjik15,T. Puchacz,Union Berlin,26,Forward,1,1,0,1,58,36.0,20.0,20.0,2.0,2.0,48.0,20.0,8.0,7.0,,1.0,,,18.0,0.0,4.0,0.0,5.0,,,,1.0,6.0,,1.0,,,1.0,1.0,21.0,1.0,5.0,4.0,10.0,,,,,,,,3.0,1.0,,,,2.0,,,,,,3.0,,,,,
2022-2023,Bundesliga,8ph29uixl5q80zj74jo339be1,,Borussia M'gladbach,26,Forward,0,0,0,0,0,,,,,,,,,,,,,,,0.0,0.0,0.0,0.0,,,,,,,,,,,,,,,,,,,,,,,,,,,,,,,,,,,,,,,,
2022-2023,Bundesliga,byn8dfwg5zdefrca7wgn32qne,A. Knauff,Eintracht Frankfurt,36,Forward,24,14,10,10,1373,683.0,447.0,447.0,32.0,154.0,1051.0,423.0,205.0,39.0,,26.0,15.0,,243.0,47.0,101.0,56.0,126.0,,,,97.0,187.0,17.0,25.0,9.0,,36.0,11.0,286.0,16.0,21.0,21.0,125.0,15.0,2.0,25.0,9.0,18.0,11.0,4.0,43.0,6.0,7.0,1.0,1.0,8.0,8.0,22.0,5.0,,2.0,,,1.0,,,
2022-2023,Bundesliga,61xxo4zsk6hby0swa756l3wlx,R. Gikiewicz,Augsburg,1,Goalkeeper,23,23,0,0,2230,1152.0,846.0,846.0,243.0,701.0,1255.0,603.0,304.0,292.0,21.0,15.0,,97.0,12.0,2.0,2.0,8.0,9.0,41.0,5.0,23.0,58.0,12.0,4.0,7.0,6.0,13.0,2.0,,,1.0,,,,,3.0,2.0,,,,,,2.0,,,,,,,,,1.0,,,,,,
2022-2023,Bundesliga,afn30dmio6sn1h8l4imwwd711,R. Oxford,Augsburg,4,Forward,3,1,2,1,105,52.0,28.0,28.0,4.0,12.0,85.0,24.0,23.0,13.0,,5.0,1.0,,10.0,1.0,1.0,8.0,15.0,,,,6.0,10.0,2.0,14.0,7.0,,1.0,,2.0,7.0,,,,,,1.0,,1.0,,,,1.0,,,,,,,3.0,,,,,,,,
2022-2023,Bundesliga,56e76dk2fd95o2n7e98tpjg0l,N. Rapp,Werder Bremen,23,Forward,7,0,7,0,110,59.0,47.0,47.0,4.0,19.0,78.0,43.0,11.0,3.0,,1.0,,,22.0,1.0,4.0,2.0,7.0,,,,6.0,9.0,,3.0,1.0,,3.0,2.0,8.0,2.0,1.0,1.0,4.0,2.0,,1.0,,,,,1.0,,,,,,,,1.0,,,,,,,,
2022-2023,Bundesliga,mvezin3jbq5rhf826228rkve,,Schalke 04,28,Forward,0,0,0,0,0,,,,,,,,,,,,,,,0.0,0.0,0.0,0.0,,,,,,,,,,,,,,,,,,,,,,,,,,,,,,,,,,,,,,,,
2022-2023,Bundesliga,719bo3u7wz5doaadx7k45trdh,S. Janko,Bochum,23,Forward,20,12,8,5,1234,451.0,311.0,311.0,36.0,86.0,715.0,276.0,118.0,35.0,,33.0,11.0,,180.0,29.0,46.0,39.0,78.0,,,,70.0,104.0,7.0,32.0,10.0,,23.0,8.0,111.0,22.0,21.0,21.0,30.0,20.0,1.0,15.0,10.0,14.0,1.0,1.0,9.0,1.0,,,,1.0,1.0,14.0,10.0,,,,,,,,
2022-2023,Bundesliga,mgwgcv336wb93xvv0pfr6dih,J. Chabot,Köln,24,Defender,21,21,0,3,1908,1184.0,975.0,975.0,46.0,426.0,1696.0,929.0,204.0,88.0,,105.0,41.0,,375.0,27.0,44.0,117.0,180.0,,,,124.0,119.0,20.0,136.0,90.0,,36.0,13.0,58.0,46.0,3.0,3.0,35.0,29.0,3.0,23.0,2.0,12.0,10.0,7.0,4.0,2.0,3.0,,,,,4.0,22.0,,1.0,,,1.0,,,
2022-2023,Bundesliga,7rltyxkrvvfg7q1hppl631soa,J. Thielmann,Köln,29,Forward,23,6,17,4,993,249.0,146.0,146.0,16.0,44.0,482.0,142.0,64.0,9.0,,7.0,9.0,,96.0,27.0,45.0,40.0,82.0,,,,39.0,80.0,19.0,37.0,13.0,,9.0,1.0,235.0,24.0,25.0,25.0,105.0,14.0,5.0,8.0,12.0,13.0,10.0,3.0,17.0,7.0,7.0,2.0,2.0,12.0,12.0,19.0,6.0,,2.0,,,,,,
2022-2023,Bundesliga,2hb1dyg1auzdfbi3lg9ysap9m,M. Olesen,Köln,47,Forward,14,6,8,5,523,157.0,122.0,122.0,9.0,33.0,242.0,114.0,32.0,8.0,,3.0,2.0,,65.0,7.0,14.0,10.0,23.0,,,,29.0,25.0,5.0,9.0,3.0,,10.0,5.0,48.0,6.0,1.0,1.0,11.0,6.0,1.0,5.0,9.0,5.0,,,2.0,2.0,,,,1.0,1.0,2.0,1.0,,,,,,,,
2022-2023,Bundesliga,dglkt5h4m18p1qcj2uhqymvv9,R. Sallai,Freiburg,22,Forward,19,10,9,8,1068,342.0,226.0,226.0,12.0,60.0,583.0,226.0,77.0,20.0,,11.0,2.0,,139.0,20.0,38.0,41.0,77.0,,,,58.0,80.0,30.0,39.0,21.0,,11.0,3.0,255.0,18.0,23.0,22.0,86.0,29.0,6.0,8.0,10.0,6.0,24.0,13.0,15.0,13.0,11.0,1.0,1.0,12.0,12.0,12.0,8.0,,3.0,1.0,,2.0,,,
2022-2023,Bundesliga,64pzn3jdqo6y2izlpm8n3tvpx,M. Neuer,Bayern München,1,Goalkeeper,12,12,0,0,1134,504.0,449.0,449.0,87.0,374.0,539.0,362.0,55.0,51.0,4.0,4.0,,33.0,4.0,0.0,0.0,3.0,3.0,11.0,4.0,12.0,21.0,4.0,1.0,3.0,3.0,4.0,,,4.0,,,,4.0,,,,,,2.0,1.0,,,1.0,,,,,,,,,,,,,,
2022-2023,Bundesliga,c80tzy7t4hoa8fpbek1od4lw5,L. Hernández,Bayern München,21,Defender,7,6,1,4,499,377.0,337.0,337.0,35.0,159.0,448.0,302.0,35.0,9.0,,7.0,5.0,,112.0,5.0,10.0,9.0,16.0,,,,33.0,28.0,4.0,6.0,4.0,,6.0,2.0,35.0,2.0,2.0,2.0,10.0,4.0,1.0,4.0,,1.0,,,3.0,,,,,,,1.0,1.0,,,,,,,,
2022-2023,Bundesliga,1yjv2fht4kuph088zlgwfwup6,F. Asllani,Hoffenheim,44,Forward,8,0,8,0,228,63.0,37.0,37.0,,7.0,114.0,37.0,23.0,,,3.0,3.0,,28.0,1.0,3.0,7.0,16.0,,,,4.0,26.0,3.0,13.0,6.0,,,,61.0,7.0,3.0,3.0,26.0,2.0,,,2.0,2.0,4.0,4.0,2.0,3.0,,,,,,1.0,5.0,,,,,,,,
2022-2023,Bundesliga,8eo408aiejtu89vvkjgwb52c4,J. Quarshie,Hoffenheim,48,Forward,1,0,1,0,9,2.0,,,,,3.0,,1.0,,,,,,,0.0,0.0,0.0,0.0,,,,,2.0,,,,,,,3.0,,1.0,1.0,2.0,,,,,,,,,,,,,,,,,,,,,,,,
2022-2023,Bundesliga,6m9kyt5astmqvzdq2ee81qcwl,K. Bellarabi,Bayer Leverkusen,38,Forward,8,1,7,1,124,57.0,37.0,37.0,,15.0,76.0,37.0,12.0,2.0,,,,,16.0,1.0,8.0,1.0,8.0,,,,4.0,18.0,,,,,2.0,2.0,37.0,,8.0,8.0,10.0,2.0,,,2.0,,,,5.0,,,,,,,1.0,,,,,,,,,
2022-2023,Bundesliga,c7gwbtdqptxjtu3tn3xctvit,,Union Berlin,12,Forward,0,0,0,0,0,,,,,,,,,,,,,,,0.0,0.0,0.0,0.0,,,,,,,,,,,,,,,,,,,,,,,,,,,,,,,,,,,,,,,,
2022-2023,Bundesliga,bibz1qxakmbflq73marmo4nop,J. Vagnoman,Stuttgart,4,Midfielder,23,16,7,4,1650,584.0,450.0,450.0,29.0,126.0,931.0,424.0,106.0,12.0,,29.0,8.0,,253.0,37.0,63.0,60.0,105.0,,,,74.0,118.0,9.0,42.0,23.0,,26.0,11.0,325.0,19.0,24.0,24.0,139.0,19.0,2.0,15.0,18.0,18.0,17.0,12.0,15.0,10.0,5.0,2.0,2.0,3.0,3.0,22.0,10.0,1.0,2.0,,,1.0,,1.0,1.0
2022-2023,Bundesliga,5dnqc168aap3j7562gxzpacfe,,Bayern München,37,Forward,0,0,0,0,0,,,,,,,,,,,,,,,0.0,0.0,0.0,0.0,,,,,,,,,,,,,,,,,,,,,,,,,,,,,,,,,,,,,,,,
2022-2023,Bundesliga,beg4syjd2b5rowhprsbuoax3o,,Borussia M'gladbach,49,Forward,0,0,0,0,0,,,,,,,,,,,,,,,0.0,0.0,0.0,0.0,,,,,,,,,,,,,,,,,,,,,,,,,,,,,,,,,,,,,,,,
2022-2023,Bundesliga,8dq8br5lty0ue2ndqxdpz3xsl,,Bochum,32,Forward,0,0,0,0,0,,,,,,,,,,,,,,,0.0,0.0,0.0,0.0,,,,,,,,,,,,,,,,,,,,,,,,,,,,,,,,,,,,,,,,
2022-2023,Bundesliga,3igg6gfmomgh1t5ohwzbpb5cl,L. Klostermann,RB Leipzig,16,Forward,15,10,5,2,995,784.0,686.0,686.0,30.0,273.0,983.0,657.0,91.0,35.0,,31.0,13.0,,298.0,9.0,18.0,24.0,51.0,,,,72.0,59.0,3.0,33.0,15.0,,16.0,8.0,57.0,18.0,3.0,3.0,19.0,6.0,,8.0,4.0,3.0,1.0,,1.0,1.0,1.0,,,1.0,1.0,1.0,8.0,,,,,2.0,,,
2022-2023,Bundesliga,71w4o1g2v04rp4l4j0dygnre2,M. Pašalić,Borussia Dortmund,46,Forward,1,0,1,0,18,7.0,6.0,6.0,,3.0,13.0,6.0,,,,,,,2.0,1.0,1.0,1.0,1.0,,,,2.0,1.0,,,,,,,5.0,,1.0,1.0,1.0,1.0,,,1.0,,,,,,,,,,,1.0,1.0,,,,,,,,
2022-2023,Bundesliga,64vve6gzn5mwodos6ynufwa5m,,Union Berlin,36,Forward,0,0,0,0,0,,,,,,,,,,,,,,,0.0,0.0,0.0,0.0,,,,,,,,,,,,,,,,,,,,,,,,,,,,,,,,,,,,,,,,
2022-2023,Bundesliga,9i46dpapurzdzvd7nz3be7kl,M. Philipp,Wolfsburg,17,Forward,18,4,14,4,654,180.0,136.0,136.0,4.0,27.0,313.0,132.0,35.0,6.0,,4.0,3.0,,87.0,11.0,20.0,19.0,53.0,,,,19.0,36.0,19.0,33.0,8.0,,8.0,2.0,112.0,25.0,7.0,2.0,33.0,7.0,1.0,6.0,9.0,7.0,8.0,4.0,7.0,4.0,4.0,1.0,1.0,,,5.0,5.0,,,5.0,,,,,
2022-2023,Bundesliga,8ri0md3tr27a1bn10xmfkgsus,D. Pejčinović,Wolfsburg,18,Forward,1,0,1,0,21,,,,,,6.0,,,,,,,,,0.0,0.0,1.0,5.0,,,,,,,5.0,1.0,,,,6.0,4.0,,,3.0,,,,,,,,,,,,,,,,,,,,,,,,
2022-2023,Bundesliga,6fwp35py11q0xy2k27hp7y6wa,,Wolfsburg,35,Forward,0,0,0,0,0,,,,,,,,,,,,,,,0.0,0.0,0.0,0.0,,,,,,,,,,,,,,,,,,,,,,,,,,,,,,,,,,,,,,,,
2022-2023,Bundesliga,15zmp06runzqxogas99bj5aay,L. Ulrich,Stuttgart,36,Forward,1,0,1,0,9,5.0,4.0,4.0,,1.0,8.0,4.0,,,,,,,3.0,1.0,1.0,1.0,1.0,,,,,1.0,,,,,1.0,,7.0,,1.0,,2.0,,,1.0,,,,,,,,,,,,,,,,1.0,,,,,
2022-2023,Bundesliga,drilzqlcwryze12o4c9zpma96,,Stuttgart,37,Forward,0,0,0,0,0,,,,,,,,,,,,,,,0.0,0.0,0.0,0.0,,,,,,,,,,,,,,,,,,,,,,,,,,,,,,,,,,,,,,,,
2022-2023,Bundesliga,2qjjed7xil2xo5u73e77v9ch6,,Stuttgart,34,Forward,0,0,0,0,0,,,,,,,,,,,,,,,0.0,0.0,0.0,0.0,,,,,,,,,,,,,,,,,,,,,,,,,,,,,,,,,,,,,,,,
2022-2023,Bundesliga,70tsvrcmklvp4ecdhxlugf8ix,K. Itakura,Borussia M'gladbach,3,Defender,24,22,2,0,2188,1568.0,1424.0,1424.0,47.0,650.0,1971.0,1377.0,140.0,56.0,,95.0,27.0,,500.0,25.0,41.0,67.0,112.0,,,,108.0,86.0,14.0,71.0,42.0,,29.0,12.0,64.0,29.0,2.0,2.0,26.0,11.0,1.0,17.0,2.0,16.0,8.0,4.0,4.0,4.0,4.0,,,,,8.0,28.0,,2.0,,,1.0,2.0,2.0,
2022-2023,Bundesliga,4he5y38wqjg4hcbk46m2wio2y,,Borussia M'gladbach,33,Forward,0,0,0,0,0,,,,,,,,,,,,,,,0.0,0.0,0.0,0.0,,,,,,,,,,,,,,,,,,,,,,,,,,,,,,,,,,,,,,,,
2022-2023,Bundesliga,2bzdn7cqqonejqmlq85w8z6qd,T. Asano,Bochum,11,Midfielder,25,21,4,17,1769,342.0,227.0,227.0,5.0,67.0,738.0,232.0,84.0,15.0,,8.0,8.0,,130.0,22.0,56.0,41.0,103.0,,,,82.0,88.0,24.0,47.0,19.0,,14.0,5.0,354.0,28.0,19.0,19.0,158.0,10.0,1.0,9.0,31.0,16.0,36.0,18.0,29.0,17.0,18.0,3.0,3.0,10.0,9.0,13.0,18.0,,2.0,1.0,,2.0,,,
2022-2023,Bundesliga,4f7gwrfeqm4x3k29jehes6od1,P. Kunde,Bochum,28,Forward,12,3,9,3,431,202.0,117.0,117.0,12.0,52.0,322.0,107.0,77.0,41.0,,9.0,7.0,,44.0,11.0,22.0,15.0,32.0,,,,42.0,42.0,10.0,10.0,4.0,,12.0,6.0,61.0,6.0,6.0,4.0,14.0,3.0,,6.0,2.0,6.0,3.0,2.0,5.0,2.0,1.0,1.0,1.0,2.0,2.0,5.0,2.0,,,2.0,,1.0,,,
2022-2023,Bundesliga,du9vq193cqx7gmve30eijws15,J. Ngankam,Hertha BSC,24,Forward,18,8,10,7,898,113.0,70.0,70.0,3.0,12.0,347.0,67.0,41.0,4.0,,4.0,1.0,,46.0,19.0,47.0,33.0,113.0,,,,24.0,39.0,13.0,66.0,14.0,,14.0,5.0,157.0,52.0,2.0,2.0,66.0,19.0,5.0,9.0,18.0,5.0,14.0,6.0,23.0,5.0,8.0,4.0,3.0,,,10.0,6.0,,,,1.0,,,,
2022-2023,Bundesliga,b6woton2db3w4rm67vu69buy2,A. Engels,Augsburg,27,Midfielder,18,18,0,7,1519,619.0,371.0,371.0,47.0,153.0,851.0,350.0,142.0,72.0,,12.0,15.0,,188.0,13.0,29.0,23.0,54.0,,,,74.0,146.0,20.0,25.0,10.0,,20.0,11.0,211.0,15.0,76.0,26.0,92.0,26.0,5.0,9.0,8.0,12.0,9.0,7.0,5.0,18.0,2.0,,,26.0,12.0,4.0,13.0,,3.0,64.0,,2.0,,,
2022-2023,Bundesliga,1ic5mnwhm510mptrxz04zmtm2,D. Beljo,Augsburg,7,Forward,18,16,2,14,1165,250.0,158.0,158.0,5.0,30.0,543.0,154.0,84.0,2.0,,14.0,1.0,,103.0,13.0,24.0,60.0,127.0,,,,38.0,86.0,10.0,103.0,47.0,,7.0,1.0,211.0,56.0,4.0,4.0,72.0,26.0,2.0,6.0,23.0,13.0,12.0,7.0,10.0,12.0,5.0,3.0,3.0,1.0,1.0,7.0,3.0,1.0,2.0,,,,,,
2022-2023,Bundesliga,6xjbcik3a56d0vqy4vrq5eokp,D. Čolina,Augsburg,38,Forward,7,0,7,0,220,71.0,39.0,39.0,6.0,18.0,142.0,35.0,26.0,8.0,,3.0,4.0,,17.0,5.0,17.0,6.0,22.0,,,,20.0,22.0,4.0,5.0,1.0,,4.0,3.0,39.0,4.0,4.0,4.0,18.0,1.0,,1.0,2.0,8.0,1.0,,9.0,2.0,1.0,1.0,1.0,2.0,2.0,4.0,,,,,,,,,
2022-2023,Bundesliga,8b40ap862z6ynvmgah0vjces5,I. Cardona,Augsburg,48,Forward,10,0,10,1,385,74.0,35.0,35.0,2.0,8.0,152.0,34.0,29.0,8.0,,8.0,4.0,,21.0,5.0,9.0,8.0,20.0,,,,9.0,29.0,5.0,11.0,3.0,,1.0,,74.0,8.0,8.0,8.0,35.0,2.0,2.0,1.0,4.0,3.0,8.0,4.0,4.0,3.0,4.0,1.0,1.0,1.0,1.0,4.0,1.0,,,,,1.0,,,
2022-2023,Bundesliga,1ie7ml2v6772ek2u8q7wl1awa,K. Yeboah,Augsburg,45,Forward,13,3,10,3,414,59.0,27.0,27.0,1.0,12.0,214.0,27.0,25.0,2.0,,2.0,1.0,,14.0,19.0,36.0,33.0,72.0,,,,19.0,28.0,11.0,36.0,14.0,,6.0,2.0,110.0,22.0,5.0,5.0,51.0,11.0,,4.0,10.0,7.0,7.0,5.0,15.0,4.0,2.0,1.0,1.0,1.0,1.0,15.0,6.0,,1.0,,,,,,
2022-2023,Bundesliga,5q3ft0wiy6lsy937j7nw6msq1,N. Dorsch,Augsburg,30,Forward,11,5,6,2,540,183.0,139.0,139.0,8.0,46.0,300.0,132.0,43.0,11.0,,9.0,6.0,,63.0,17.0,29.0,22.0,41.0,,,,38.0,32.0,6.0,12.0,5.0,,21.0,9.0,33.0,7.0,,,,10.0,1.0,12.0,5.0,6.0,,,3.0,,,,,1.0,1.0,5.0,3.0,,,,,1.0,,,
2022-2023,Bundesliga,2nqhczrkd45rdu5fcmq1wjo45,Mahmoud Dahoud,Borussia Dortmund,8,Forward,9,4,5,3,374,259.0,213.0,213.0,16.0,89.0,340.0,197.0,41.0,14.0,,3.0,7.0,,80.0,12.0,16.0,13.0,20.0,,,,24.0,30.0,2.0,4.0,1.0,,11.0,2.0,59.0,3.0,3.0,1.0,4.0,3.0,1.0,9.0,4.0,4.0,5.0,4.0,2.0,3.0,1.0,,,,,3.0,3.0,,,2.0,,1.0,,,
2022-2023,Bundesliga,cy0lv5u16obr2ne4xiins43x1,S. Haller,Borussia Dortmund,9,Forward,19,15,4,13,1274,309.0,216.0,216.0,4.0,44.0,562.0,212.0,90.0,4.0,,10.0,1.0,,140.0,13.0,22.0,55.0,104.0,,,,32.0,89.0,14.0,82.0,42.0,,5.0,1.0,268.0,40.0,3.0,3.0,115.0,13.0,1.0,4.0,15.0,8.0,27.0,7.0,8.0,13.0,20.0,9.0,9.0,,,9.0,7.0,1.0,3.0,,,1.0,,,
2022-2023,Bundesliga,c2mwg1uhug0pbgl72uf9b927e,J. Gittens,Borussia Dortmund,43,Forward,15,4,11,4,606,142.0,104.0,104.0,2.0,24.0,320.0,102.0,31.0,6.0,,2.0,1.0,,54.0,24.0,66.0,33.0,85.0,,,,23.0,31.0,18.0,19.0,9.0,,8.0,4.0,169.0,10.0,6.0,6.0,68.0,9.0,1.0,4.0,5.0,1.0,16.0,5.0,38.0,2.0,11.0,3.0,3.0,,,20.0,8.0,,1.0,,,2.0,,,
2022-2023,Bundesliga,8kqmsuo668wpuzoyyxf4o2vo5,M. Hasebe,Eintracht Frankfurt,20,Defender,18,15,3,5,1382,1013.0,887.0,887.0,65.0,396.0,1266.0,822.0,120.0,61.0,,45.0,17.0,,221.0,12.0,18.0,27.0,57.0,,,,98.0,61.0,15.0,39.0,15.0,,18.0,6.0,24.0,24.0,2.0,2.0,1.0,7.0,1.0,12.0,1.0,13.0,,,,2.0,,,,,,,9.0,,,,,1.0,,,
2022-2023,Bundesliga,e91s5lp3fvfaav8w8xi7wdx3p,Aurélio Buta,Eintracht Frankfurt,24,Midfielder,18,15,3,8,1377,764.0,563.0,563.0,45.0,151.0,1081.0,531.0,139.0,39.0,,34.0,9.0,,337.0,29.0,69.0,50.0,125.0,,,,66.0,149.0,17.0,56.0,21.0,,33.0,14.0,384.0,35.0,49.0,49.0,160.0,31.0,3.0,19.0,9.0,17.0,6.0,2.0,26.0,14.0,4.0,3.0,3.0,13.0,13.0,10.0,4.0,,2.0,,,,,,
2022-2023,Bundesliga,6oaqk4pdojnlefa3zubsysmvp,J. Uronen,Schalke 04,18,Defender,11,9,2,6,726,373.0,262.0,262.0,34.0,118.0,526.0,241.0,78.0,29.0,,13.0,8.0,,131.0,11.0,24.0,27.0,50.0,,,,45.0,66.0,13.0,26.0,16.0,,14.0,4.0,112.0,10.0,17.0,16.0,38.0,5.0,2.0,10.0,3.0,3.0,3.0,3.0,9.0,6.0,,,,13.0,10.0,1.0,3.0,,,4.0,,,,,
2022-2023,Bundesliga,e1wv1pujaj9nf92pgs7sm1wtm,S. Kozuki,Schalke 04,38,Midfielder,5,5,0,4,384,85.0,48.0,48.0,7.0,20.0,199.0,45.0,22.0,7.0,,3.0,3.0,,26.0,10.0,22.0,13.0,33.0,,,,18.0,26.0,5.0,11.0,3.0,,6.0,2.0,94.0,8.0,11.0,11.0,48.0,7.0,1.0,4.0,8.0,5.0,12.0,6.0,10.0,3.0,6.0,1.0,1.0,4.0,3.0,6.0,2.0,,,1.0,,,,,
2022-2023,Bundesliga,6crszhqnwr4gto77qbvqvvxii,,Schalke 04,39,Forward,0,0,0,0,0,,,,,,,,,,,,,,,0.0,0.0,0.0,0.0,,,,,,,,,,,,,,,,,,,,,,,,,,,,,,,,,,,,,,,,
2022-2023,Bundesliga,ex7y8oe78ewwmibz41qbmwhxx,M. Frey,Schalke 04,26,Forward,15,10,5,9,915,222.0,123.0,123.0,4.0,41.0,497.0,123.0,90.0,6.0,,1.0,2.0,,65.0,10.0,33.0,53.0,136.0,,,,26.0,88.0,10.0,103.0,43.0,,13.0,8.0,256.0,60.0,4.0,4.0,114.0,30.0,2.0,5.0,12.0,6.0,19.0,10.0,15.0,9.0,9.0,,,4.0,4.0,5.0,8.0,,3.0,,,2.0,,,
2022-2023,Bundesliga,58c19piq01hbllnokygtm5l91,A. Ivan,Schalke 04,37,Forward,1,0,1,0,51,11.0,9.0,9.0,,5.0,16.0,9.0,1.0,,,1.0,,,4.0,0.0,1.0,0.0,1.0,,,,1.0,1.0,,,,,,,3.0,,,,3.0,1.0,,,1.0,,1.0,1.0,1.0,,,,,,,,,,,,,,,,
2022-2023,Bundesliga,cmbd33qb8zs7wi7ryhy28yycq,K. Topp,Schalke 04,42,Forward,1,0,1,0,28,5.0,3.0,3.0,1.0,2.0,11.0,3.0,1.0,,,,1.0,,1.0,0.0,2.0,1.0,3.0,,,,,1.0,,1.0,1.0,,,,9.0,,,,5.0,1.0,,,,,,,2.0,,,,,1.0,1.0,,1.0,,,,,,,,
2022-2023,Bundesliga,bitixkzgt5p65rlo2bnllcf6x,J. Mbom,Werder Bremen,34,Forward,2,0,2,0,23,3.0,2.0,2.0,,2.0,5.0,2.0,1.0,,,,,,,0.0,0.0,0.0,2.0,,,,,1.0,1.0,2.0,,,,,2.0,2.0,,,2.0,1.0,,,,,,,,,,,,,,,,,,,,,,,
2022-2023,Bundesliga,bkonv3y0vn24mpn6j8abjtux,D. Ljubičić,Köln,7,Midfielder,27,20,7,16,1778,615.0,437.0,437.0,26.0,142.0,999.0,419.0,129.0,20.0,,8.0,8.0,,227.0,33.0,75.0,42.0,106.0,,,,117.0,143.0,12.0,31.0,9.0,,25.0,11.0,372.0,22.0,34.0,33.0,139.0,26.0,3.0,14.0,16.0,19.0,28.0,13.0,31.0,22.0,15.0,5.0,4.0,8.0,7.0,19.0,8.0,1.0,1.0,2.0,1.0,2.0,,,
2022-2023,Bundesliga,pjbuqt8wiwm2ql2tfvvcn59m,T. Lemperle,Köln,25,Forward,12,0,12,0,197,53.0,28.0,28.0,,7.0,124.0,28.0,23.0,3.0,,4.0,1.0,,16.0,7.0,14.0,11.0,26.0,,,,15.0,21.0,,12.0,4.0,,6.0,2.0,48.0,8.0,1.0,1.0,18.0,2.0,,4.0,6.0,5.0,1.0,1.0,5.0,3.0,,,,,,3.0,1.0,,,,,2.0,,,
2022-2023,Bundesliga,eamrfc3bnv1pm28o24t69tuui,J. Diehl,Köln,49,Forward,2,0,2,0,26,2.0,2.0,2.0,,,3.0,2.0,,,,,,,2.0,0.0,1.0,0.0,1.0,,,,,,1.0,,,,,,3.0,,,,,,,,,,,,1.0,,,,,,,,,,,,,,,,
2022-2023,Bundesliga,3kx4mltrob4yta5g6kr2u8ic5,D. Blind,Bayern München,23,Forward,4,1,3,0,156,100.0,86.0,86.0,6.0,49.0,126.0,81.0,12.0,4.0,,6.0,2.0,,32.0,0.0,2.0,2.0,5.0,,,,7.0,8.0,,3.0,2.0,,2.0,2.0,9.0,1.0,,,,1.0,,,,2.0,1.0,,,2.0,1.0,,,1.0,1.0,,2.0,,,,,,,,
2022-2023,Bundesliga,4fq74wp7xzwm214veuxqpdz9x,T. Müller,Bayern München,25,Midfielder,27,21,6,13,1743,830.0,613.0,613.0,18.0,176.0,1187.0,602.0,175.0,28.0,,16.0,4.0,,342.0,20.0,38.0,59.0,101.0,,,,70.0,174.0,11.0,63.0,39.0,,21.0,9.0,591.0,24.0,27.0,27.0,199.0,9.0,,12.0,20.0,16.0,37.0,14.0,9.0,39.0,23.0,7.0,7.0,7.0,4.0,8.0,13.0,1.0,9.0,3.0,,9.0,,,
2022-2023,Bundesliga,1qthvf5krys0pzk24h8wtr9at,K. Laimer,RB Leipzig,27,Midfielder,21,17,4,10,1530,751.0,594.0,594.0,26.0,210.0,1185.0,570.0,142.0,40.0,,8.0,18.0,,297.0,63.0,121.0,66.0,141.0,,,,121.0,112.0,22.0,20.0,3.0,,60.0,29.0,284.0,17.0,10.0,10.0,76.0,30.0,8.0,31.0,22.0,27.0,17.0,7.0,29.0,15.0,10.0,3.0,3.0,2.0,2.0,32.0,7.0,,1.0,,,7.0,,,
2022-2023,Bundesliga,3z6ekzop4y7cjuatzz9ua74k5,J. Omlin,Borussia M'gladbach,1,Goalkeeper,15,15,0,1,1391,738.0,595.0,595.0,103.0,467.0,792.0,492.0,143.0,135.0,15.0,9.0,,39.0,11.0,1.0,1.0,4.0,4.0,21.0,5.0,15.0,31.0,8.0,2.0,3.0,3.0,5.0,1.0,,,,,,,,,1.0,,1.0,,,,2.0,,,,,,,,,,,,,,,
2022-2023,Bundesliga,cgzcn8oo03wda4e5o0jxgy4tl,H. Wolf,Borussia M'gladbach,11,Forward,18,4,14,5,538,179.0,146.0,146.0,4.0,28.0,317.0,142.0,30.0,4.0,,9.0,3.0,,100.0,14.0,35.0,18.0,47.0,,,,31.0,28.0,12.0,12.0,4.0,,11.0,3.0,114.0,8.0,2.0,2.0,29.0,7.0,,8.0,13.0,3.0,6.0,3.0,18.0,5.0,3.0,1.0,1.0,,,6.0,2.0,,1.0,,,1.0,,,
2022-2023,Bundesliga,514es9hzl2skv9dl5cofgkogl,F. Neuhaus,Borussia M'gladbach,32,Midfielder,23,16,7,11,1488,644.0,508.0,508.0,22.0,191.0,925.0,488.0,124.0,27.0,,5.0,12.0,,219.0,21.0,56.0,24.0,69.0,,,,76.0,102.0,21.0,13.0,3.0,,19.0,10.0,261.0,10.0,5.0,5.0,49.0,10.0,2.0,9.0,14.0,17.0,20.0,14.0,25.0,14.0,6.0,1.0,1.0,2.0,2.0,12.0,11.0,,,,,5.0,,,
2022-2023,Bundesliga,59pu8nnghyxvvt8r3zyndpfpx,S. Azmoun,Bayer Leverkusen,9,Forward,23,8,15,5,1048,247.0,162.0,162.0,11.0,57.0,466.0,151.0,83.0,6.0,,14.0,2.0,,83.0,9.0,19.0,31.0,87.0,,,,33.0,77.0,1.0,68.0,22.0,,6.0,3.0,172.0,46.0,,,65.0,17.0,1.0,3.0,10.0,4.0,19.0,9.0,7.0,13.0,10.0,4.0,4.0,,,6.0,9.0,1.0,1.0,,,2.0,,,
2022-2023,Bundesliga,2k5g68ywtr79lc45wozvifqlm,F. Wirtz,Bayer Leverkusen,27,Forward,17,11,6,6,1155,634.0,460.0,460.0,31.0,151.0,955.0,442.0,124.0,30.0,,6.0,1.0,,241.0,58.0,106.0,60.0,120.0,,,,77.0,129.0,27.0,14.0,2.0,,18.0,8.0,381.0,12.0,35.0,13.0,111.0,13.0,4.0,10.0,28.0,14.0,5.0,1.0,40.0,32.0,4.0,1.0,1.0,13.0,5.0,48.0,3.0,,5.0,30.0,,15.0,,,
2022-2023,Bundesliga,dnt7ahwfj8endqngxwfll1tjp,A. Hanche-Olsen,Mainz 05,25,Defender,17,17,0,1,1620,754.0,536.0,536.0,52.0,256.0,1184.0,484.0,209.0,92.0,,77.0,33.0,,197.0,27.0,40.0,96.0,149.0,,,,117.0,123.0,9.0,109.0,69.0,,35.0,12.0,84.0,40.0,6.0,6.0,31.0,22.0,5.0,23.0,6.0,8.0,5.0,3.0,1.0,3.0,2.0,1.0,1.0,,,4.0,10.0,1.0,1.0,,,1.0,,,
2022-2023,Bundesliga,cjok1odm3twxo7sqye3hua6eh,M. Leitsch,Mainz 05,5,Forward,9,7,2,1,717,328.0,249.0,249.0,26.0,116.0,474.0,223.0,79.0,34.0,,26.0,18.0,,93.0,7.0,10.0,25.0,41.0,,,,35.0,45.0,3.0,31.0,18.0,,9.0,2.0,14.0,13.0,,,3.0,3.0,,7.0,1.0,3.0,1.0,,1.0,1.0,1.0,,,,,,5.0,,,,,,,,
2022-2023,Bundesliga,3wsyacqj7ci0ga9bzb988v7qh,,Mainz 05,32,Forward,0,0,0,0,0,,,,,,,,,,,,,,,0.0,0.0,0.0,0.0,,,,,,,,,,,,,,,,,,,,,,,,,,,,,,,,,,,,,,,,
2022-2023,Bundesliga,90wsjxdc3ibvah5gm9tnsjwbu,B. Gruda,Mainz 05,43,Forward,2,0,2,0,18,4.0,1.0,1.0,1.0,1.0,10.0,1.0,2.0,,,,,,1.0,0.0,2.0,0.0,2.0,,,,1.0,2.0,,,,,,,6.0,,,,2.0,1.0,,,1.0,,,,2.0,,,,,1.0,1.0,,,,,,,,,,
2022-2023,Bundesliga,bkbmygo5f1glcs6xssawl26z9,I. Bebou,Hoffenheim,9,Forward,19,17,2,11,1489,369.0,246.0,246.0,14.0,49.0,767.0,232.0,109.0,14.0,,15.0,7.0,,158.0,42.0,81.0,70.0,163.0,,,,65.0,106.0,9.0,82.0,28.0,,19.0,3.0,372.0,54.0,11.0,11.0,148.0,22.0,2.0,16.0,17.0,7.0,22.0,8.0,36.0,13.0,14.0,7.0,6.0,,,26.0,9.0,1.0,1.0,,1.0,,,,
2022-2023,Bundesliga,bpprd2haoafk6y0rjans4iytx,K. Dolberg,Hoffenheim,19,Forward,13,4,9,3,481,79.0,55.0,55.0,,9.0,178.0,55.0,21.0,1.0,,5.0,,,33.0,8.0,15.0,17.0,33.0,,,,6.0,21.0,6.0,18.0,9.0,,7.0,2.0,82.0,9.0,1.0,1.0,28.0,5.0,,5.0,6.0,4.0,4.0,1.0,5.0,3.0,3.0,1.0,1.0,,,3.0,5.0,,,,,,,,
2022-2023,Bundesliga,4rrnad6qnutl60z8e1quup6tx,E. Bičakčić,Hoffenheim,4,Forward,9,0,9,0,344,96.0,68.0,68.0,8.0,38.0,166.0,60.0,27.0,12.0,,14.0,5.0,,19.0,4.0,8.0,13.0,28.0,,,,10.0,16.0,1.0,20.0,9.0,,8.0,4.0,25.0,11.0,1.0,1.0,9.0,1.0,,4.0,,1.0,2.0,1.0,,,1.0,,,,,,3.0,,,,,,,,
2022-2023,Bundesliga,e482cluaxyc6o2auawo9d7npx,L. Öztunalı,Union Berlin,7,Forward,2,0,2,0,24,1.0,1.0,1.0,,1.0,4.0,1.0,,,,,,,,0.0,0.0,0.0,1.0,,,,1.0,,,1.0,,,,,1.0,1.0,,,,,,,,,,,,1.0,,,,,,,,,1.0,,,1.0,,,
2022-2023,Bundesliga,en0a6a574x1yvnk8kdxwub949,B. Franjić,Wolfsburg,38,Forward,5,3,2,3,235,79.0,61.0,61.0,3.0,22.0,135.0,58.0,17.0,3.0,,4.0,5.0,,28.0,3.0,6.0,8.0,14.0,,,,12.0,15.0,1.0,8.0,5.0,,4.0,2.0,20.0,3.0,1.0,1.0,8.0,1.0,,2.0,,3.0,2.0,,1.0,2.0,2.0,,,,,1.0,1.0,,1.0,,,,,,
2022-2023,Bundesliga,e8dpcth2x1y0zbaovljbgk5hx,M. Gulde,Freiburg,5,Forward,15,8,7,3,721,412.0,340.0,340.0,26.0,138.0,574.0,317.0,68.0,36.0,,25.0,19.0,,154.0,8.0,14.0,30.0,56.0,,,,37.0,33.0,2.0,42.0,22.0,,14.0,6.0,35.0,20.0,1.0,1.0,10.0,9.0,2.0,8.0,1.0,4.0,2.0,1.0,,1.0,1.0,1.0,1.0,3.0,3.0,,1.0,1.0,,,,,,,
2022-2023,Bundesliga,r4grdzsip637zvi2uu3nl979,J. Schmid,Freiburg,7,Forward,3,0,3,0,56,28.0,21.0,21.0,,5.0,39.0,23.0,3.0,1.0,,1.0,1.0,,11.0,2.0,2.0,2.0,2.0,,,,4.0,4.0,,,,,1.0,,12.0,,2.0,2.0,6.0,1.0,,1.0,,1.0,1.0,,,1.0,1.0,,,2.0,2.0,1.0,,,,,,,,,
2022-2023,Bundesliga,3yiwkcfbwy0sfnecr9sy9695h,N. Sarenren Bazee,Augsburg,17,Forward,2,0,2,0,34,2.0,1.0,1.0,,1.0,13.0,1.0,1.0,,,,,,,1.0,2.0,1.0,6.0,,,,1.0,1.0,1.0,4.0,,,,,7.0,4.0,,,1.0,1.0,,,,1.0,,,1.0,,,,,,,1.0,,,,,,,,,
2022-2023,Bundesliga,c3xzgcjooby28l0ntz5uy5rtg,S. Telalović,Borussia M'gladbach,48,Forward,3,0,3,0,27,2.0,1.0,1.0,,,10.0,1.0,1.0,,,,,,,0.0,0.0,1.0,5.0,,,,,1.0,,5.0,1.0,,,,7.0,4.0,,,1.0,1.0,,,1.0,,1.0,,,,1.0,,,,,,,,,,,,,,
2022-2023,Bundesliga,1zis1dq0xbudlh2iatvym2rkk,,Köln,38,Forward,0,0,0,0,0,,,,,,,,,,,,,,,0.0,0.0,0.0,0.0,,,,,,,,,,,,,,,,,,,,,,,,,,,,,,,,,,,,,,,,
2022-2023,Bundesliga,9kxuwgequrilkom3ru6sdxall,J. Juranović,Union Berlin,18,Midfielder,12,10,2,0,1026,492.0,292.0,292.0,60.0,120.0,644.0,258.0,121.0,76.0,,22.0,6.0,,158.0,14.0,21.0,17.0,31.0,,,,63.0,96.0,4.0,10.0,3.0,,9.0,2.0,205.0,7.0,51.0,29.0,100.0,2.0,,7.0,3.0,6.0,5.0,3.0,5.0,12.0,2.0,2.0,,26.0,11.0,7.0,5.0,,2.0,37.0,2.0,,,,
2022-2023,Bundesliga,5n7vp6g13q7sxkzbygfbz27oq,M. Röhl,Freiburg,34,Forward,3,0,3,0,71,18.0,13.0,13.0,,5.0,38.0,13.0,5.0,,,1.0,,,6.0,0.0,3.0,1.0,4.0,,,,6.0,5.0,4.0,1.0,1.0,,1.0,1.0,11.0,,,,7.0,1.0,,,4.0,,,,2.0,1.0,,,,,,,,,,,,,,,
2022-2023,Bundesliga,4xfqhlmr91ekmt75motqxetjo,L. Ambros,Wolfsburg,36,Forward,1,0,1,0,23,3.0,3.0,3.0,,,9.0,3.0,,,,2.0,,,1.0,0.0,2.0,0.0,2.0,,,,1.0,,1.0,,,,1.0,1.0,1.0,,,,,,,,,1.0,,,1.0,,,,,,,,,,,,,,,,
2022-2023,Bundesliga,64ux2tbb35i36qf6oij2263qi,,Hoffenheim,24,Forward,0,0,0,0,0,,,,,,,,,,,,,,,0.0,0.0,0.0,0.0,,,,,,,,,,,,,,,,,,,,,,,,,,,,,,,,,,,,,,,,
2022-2023,Bundesliga,am0pcyvtaws1i69jt09dgnsnp,L. Ajorque,Mainz 05,17,Forward,17,15,2,12,1252,415.0,242.0,242.0,15.0,51.0,801.0,228.0,166.0,5.0,,8.0,1.0,,161.0,12.0,19.0,103.0,195.0,,,,50.0,164.0,19.0,176.0,91.0,,6.0,1.0,339.0,85.0,3.0,3.0,141.0,23.0,5.0,5.0,13.0,6.0,23.0,9.0,6.0,10.0,14.0,6.0,6.0,1.0,1.0,7.0,11.0,1.0,1.0,,,1.0,,,
2022-2023,Bundesliga,bjjll8tgbxink1ly3gmw5w4ph,M. Kamiński,Schalke 04,35,Forward,8,7,1,0,700,314.0,253.0,253.0,28.0,122.0,462.0,226.0,56.0,30.0,,28.0,9.0,,80.0,5.0,7.0,34.0,53.0,,,,41.0,28.0,,46.0,29.0,,6.0,2.0,29.0,17.0,2.0,2.0,13.0,1.0,,4.0,1.0,1.0,3.0,1.0,,2.0,2.0,2.0,1.0,1.0,1.0,1.0,8.0,1.0,1.0,,1.0,,,,
2022-2023,Bundesliga,dagqmnyits33v1tnw02w3mk4q,J. Eitschberger,Hertha BSC,42,Forward,1,0,1,0,10,1.0,1.0,1.0,,,2.0,1.0,,,,,,,,0.0,0.0,0.0,0.0,,,,,,,,,,,,1.0,,,,,,,,,,,,,,,,,,,,,,,,,,,,
2022-2023,Bundesliga,a5kkysp7c5f577ji17q5v2k0l,J. Brooks,Hoffenheim,23,Defender,15,15,0,0,1464,773.0,624.0,624.0,56.0,313.0,1148.0,568.0,146.0,67.0,,105.0,10.0,,166.0,14.0,23.0,78.0,117.0,,,,106.0,79.0,14.0,94.0,64.0,,18.0,6.0,18.0,30.0,,,12.0,21.0,4.0,12.0,1.0,5.0,4.0,4.0,3.0,1.0,,,,,,2.0,15.0,,1.0,,,,,,
2022-2023,Bundesliga,6teffw7m19t1b3auxy22y4m0a,U. Tohumcu,Hoffenheim,40,Forward,8,2,6,1,319,78.0,56.0,56.0,4.0,21.0,142.0,52.0,22.0,5.0,,8.0,2.0,,28.0,6.0,16.0,8.0,18.0,,,,12.0,17.0,5.0,2.0,2.0,,10.0,5.0,36.0,,,,4.0,4.0,,5.0,2.0,4.0,1.0,1.0,5.0,1.0,,,,,,1.0,3.0,,,,,,,,
2022-2023,Bundesliga,4n3dnzwm51iog44sdao0z7t62,A. Kuol,Stuttgart,27,Forward,1,0,1,0,12,1.0,1.0,1.0,,,5.0,1.0,,,,,,,1.0,0.0,0.0,0.0,3.0,,,,,,,3.0,,,,,2.0,3.0,,,1.0,,,,1.0,,,,,,,,,,,,,,,,,,,,
2022-2023,Bundesliga,36445lq6wu8ufgq7i8me621ka,,Stuttgart,48,Forward,0,0,0,0,0,,,,,,,,,,,,,,,0.0,0.0,0.0,0.0,,,,,,,,,,,,,,,,,,,,,,,,,,,,,,,,,,,,,,,,
2022-2023,Bundesliga,8vfi7j34a5veeyswn5g5h4tbe,M. Broschinski,Bochum,29,Forward,11,0,11,0,282,50.0,28.0,28.0,1.0,7.0,127.0,28.0,19.0,1.0,,6.0,,,18.0,0.0,4.0,8.0,23.0,,,,16.0,20.0,1.0,19.0,8.0,,,,53.0,11.0,2.0,2.0,27.0,3.0,1.0,,5.0,1.0,4.0,,4.0,1.0,4.0,2.0,2.0,1.0,1.0,,1.0,,,,,,,,
2022-2023,Bundesliga,bm5w5xsbbflm26pdhmejwgvs9,M. Jenz,Schalke 04,25,Defender,11,11,0,1,1022,489.0,373.0,373.0,49.0,178.0,728.0,325.0,113.0,52.0,,53.0,8.0,,125.0,12.0,16.0,46.0,69.0,,,,62.0,61.0,5.0,53.0,34.0,,14.0,3.0,35.0,19.0,,,23.0,19.0,5.0,11.0,2.0,6.0,10.0,7.0,1.0,,3.0,,,1.0,1.0,1.0,10.0,,,,,,,,
2022-2023,Bundesliga,bax0ggbhejk7kpcezkyg3hai2,R. Zalazar,Schalke 04,10,Midfielder,22,15,7,13,1394,429.0,213.0,213.0,45.0,82.0,900.0,208.0,96.0,62.0,,13.0,7.0,,135.0,43.0,102.0,67.0,165.0,,,,97.0,110.0,36.0,63.0,24.0,,16.0,8.0,360.0,39.0,76.0,42.0,164.0,22.0,4.0,8.0,31.0,15.0,29.0,16.0,51.0,21.0,13.0,1.0,1.0,40.0,18.0,35.0,10.0,,6.0,56.0,,6.0,,,
2022-2023,Bundesliga,3jqxaa2l6gqwxl2mr8w0yiiy2,N. Mbuku,Augsburg,34,Forward,2,0,2,0,47,7.0,3.0,3.0,,1.0,14.0,3.0,3.0,,,,,,1.0,0.0,1.0,0.0,1.0,,,,2.0,4.0,,,,,1.0,1.0,4.0,,1.0,1.0,2.0,,,,1.0,,,,,,,,,,,,,,,,,,,,
2022-2023,Bundesliga,jw8lb54ua2iufebwnu8k68t0,N. Mbamba,Bayer Leverkusen,18,Forward,1,0,1,0,3,,,,,,,,,,,,,,,0.0,0.0,0.0,0.0,,,,,,,,,,,,,,,,,,,,,,,,,,,,,,,,,,,,,,,,
2022-2023,Bundesliga,4ilnnpfgjfz35lni9ppzd93v9,,Bayer Leverkusen,28,Forward,0,0,0,0,0,,,,,,,,,,,,,,,0.0,0.0,0.0,0.0,,,,,,,,,,,,,,,,,,,,,,,,,,,,,,,,,,,,,,,,
2022-2023,Bundesliga,4gqnyyx3i92fayq6cxvekqwut,T. Delaney,Hoffenheim,17,Forward,6,4,2,4,308,162.0,110.0,110.0,12.0,47.0,236.0,98.0,49.0,19.0,,4.0,1.0,,48.0,5.0,12.0,16.0,27.0,,,,25.0,33.0,6.0,15.0,11.0,,6.0,3.0,25.0,4.0,3.0,3.0,2.0,3.0,,3.0,2.0,5.0,1.0,1.0,4.0,1.0,,,,,,2.0,,,,,,,,,
2022-2023,Bundesliga,5mbkc1nqmirbtfml9aklqr5xx,P. Max,Eintracht Frankfurt,32,Midfielder,10,8,2,5,731,479.0,343.0,343.0,35.0,103.0,592.0,329.0,71.0,44.0,,11.0,3.0,,209.0,12.0,20.0,17.0,31.0,,,,31.0,70.0,2.0,11.0,5.0,,12.0,3.0,215.0,6.0,43.0,26.0,87.0,6.0,1.0,9.0,3.0,8.0,6.0,3.0,5.0,13.0,3.0,,,21.0,12.0,3.0,5.0,,1.0,26.0,,,,,
2022-2023,Bundesliga,b8i5atg67th49tfd1xeh6z9hx,T. Ciğerci,Hertha BSC,6,Midfielder,11,10,1,9,683,420.0,319.0,319.0,15.0,110.0,599.0,311.0,74.0,17.0,,5.0,8.0,,153.0,18.0,26.0,28.0,47.0,,,,71.0,74.0,3.0,21.0,10.0,,16.0,3.0,92.0,11.0,17.0,13.0,14.0,13.0,2.0,13.0,6.0,4.0,5.0,2.0,5.0,2.0,3.0,,,7.0,1.0,5.0,6.0,,1.0,10.0,,1.0,,,
2022-2023,Bundesliga,3qbl0ps3ms998s0apmpkre3md,É. Balanta,Schalke 04,33,Forward,6,3,3,3,253,91.0,63.0,63.0,5.0,27.0,144.0,59.0,24.0,9.0,,4.0,3.0,,31.0,7.0,9.0,11.0,14.0,,,,18.0,16.0,,5.0,4.0,,5.0,1.0,21.0,1.0,1.0,,5.0,5.0,3.0,4.0,2.0,,1.0,,1.0,3.0,1.0,,,1.0,,3.0,,,,2.0,,1.0,,,
2022-2023,Bundesliga,2tdxcr1wkubis5n81sg4pzyz9,Gil Dias,Stuttgart,31,Forward,7,6,1,6,402,174.0,118.0,118.0,6.0,33.0,311.0,114.0,50.0,6.0,,3.0,2.0,,72.0,16.0,29.0,23.0,44.0,,,,30.0,48.0,5.0,15.0,7.0,,8.0,2.0,115.0,8.0,4.0,4.0,26.0,6.0,,6.0,11.0,7.0,6.0,2.0,11.0,7.0,4.0,1.0,1.0,2.0,2.0,10.0,4.0,,,,,,,,
2022-2023,Bundesliga,e97o3wf8ul0g3lwlmdp80exre,,Werder Bremen,33,Forward,0,0,0,0,0,,,,,,,,,,,,,,,0.0,0.0,0.0,0.0,,,,,,,,,,,,,,,,,,,,,,,,,,,,,,,,,,,,,,,,
2022-2023,Bundesliga,a2l72iohmbq6rjr3rzrsvnwt1,A. Laïdouni,Union Berlin,20,Midfielder,14,11,3,10,908,320.0,233.0,233.0,22.0,95.0,547.0,214.0,74.0,21.0,,3.0,9.0,,106.0,21.0,44.0,28.0,61.0,,,,73.0,61.0,35.0,17.0,7.0,,14.0,7.0,152.0,10.0,8.0,8.0,37.0,12.0,4.0,7.0,8.0,18.0,5.0,3.0,16.0,4.0,2.0,2.0,2.0,3.0,3.0,14.0,5.0,,,,,4.0,,,
2022-2023,Bundesliga,84uzswqtdoq56g034rg0kk16,M. Mustapha,Mainz 05,36,Forward,6,0,6,1,105,23.0,13.0,13.0,,4.0,56.0,13.0,10.0,,,,,,5.0,4.0,5.0,5.0,8.0,,,,4.0,10.0,,3.0,1.0,,2.0,,26.0,2.0,,,11.0,3.0,1.0,2.0,2.0,4.0,2.0,2.0,1.0,1.0,,,,,,2.0,1.0,,,,,,,,
2022-2023,Bundesliga,azcv772qzdbz1exafx3od6lt5,N. Cozza,Wolfsburg,8,Forward,5,0,5,0,122,44.0,33.0,33.0,3.0,13.0,61.0,30.0,11.0,6.0,,,,,14.0,3.0,4.0,4.0,5.0,,,,6.0,5.0,1.0,1.0,1.0,,3.0,,4.0,,,,,,,3.0,2.0,2.0,,,1.0,,,,,,,,1.0,,,,,,,,
2022-2023,Bundesliga,29pq64smaxdwlraopnxoleqxh,João Cancelo,Bayern München,22,Defender,15,11,4,6,1068,861.0,706.0,706.0,47.0,221.0,1176.0,666.0,119.0,41.0,,22.0,15.0,,355.0,48.0,94.0,64.0,122.0,,,,84.0,106.0,15.0,28.0,16.0,,23.0,9.0,326.0,12.0,28.0,28.0,107.0,10.0,3.0,14.0,9.0,12.0,7.0,3.0,37.0,11.0,4.0,1.0,1.0,7.0,7.0,34.0,7.0,,4.0,,,3.0,,,
2022-2023,Bundesliga,csnsu3jg12e3ridlmteuyrbp,B. Sarr,Bayern München,20,Forward,1,0,1,0,9,2.0,1.0,1.0,,,2.0,1.0,1.0,,,,,,,0.0,0.0,0.0,0.0,,,,,1.0,,,,,,,,,,,,,,,,,,,,,,,,,,,,,,,,,,,
2022-2023,Bundesliga,84l7r4ud9ipuf9vc3ib5b4l0q,H. Siquet,Freiburg,2,Forward,2,0,2,0,28,7.0,5.0,5.0,,4.0,12.0,5.0,2.0,,,,,,1.0,2.0,2.0,2.0,2.0,,,,,2.0,1.0,,,,2.0,,1.0,,,,,,,2.0,1.0,1.0,,,,,,,,,,,,,,,,,,,
2022-2023,Bundesliga,yxuavigqlnnigve5ki4tfemt,A. Hahn,Augsburg,28,Forward,7,4,3,1,441,83.0,33.0,33.0,2.0,17.0,205.0,31.0,43.0,15.0,,14.0,4.0,,12.0,6.0,15.0,19.0,43.0,,,,19.0,34.0,3.0,28.0,13.0,,9.0,4.0,73.0,15.0,6.0,6.0,21.0,8.0,1.0,5.0,1.0,7.0,4.0,2.0,5.0,1.0,2.0,2.0,2.0,,,1.0,5.0,1.0,,,,,,,
2022-2023,Bundesliga,emglxnqrlqskt8krglv7sziwa,R. Pepi,Augsburg,18,Forward,4,1,3,1,113,27.0,18.0,18.0,,1.0,59.0,18.0,9.0,,,1.0,,,16.0,4.0,6.0,7.0,17.0,,,,5.0,9.0,,11.0,3.0,,1.0,,16.0,8.0,,,3.0,,,1.0,,1.0,1.0,1.0,2.0,1.0,,,,,,3.0,,,,,,,,,
2022-2023,Bundesliga,bkcsemz8a4gie4v9z1u4h6221,,Augsburg,37,Forward,0,0,0,0,0,,,,,,,,,,,,,,,0.0,0.0,0.0,0.0,,,,,,,,,,,,,,,,,,,,,,,,,,,,,,,,,,,,,,,,
2022-2023,Bundesliga,cfysw0lrk92ogv72c0jh3p6mt,,Mainz 05,23,Forward,0,0,0,0,0,,,,,,,,,,,,,,,0.0,0.0,0.0,0.0,,,,,,,,,,,,,,,,,,,,,,,,,,,,,,,,,,,,,,,,
2022-2023,Bundesliga,dnv2j39cit2t0t650s3cysj8q,,Mainz 05,24,Forward,0,0,0,0,0,,,,,,,,,,,,,,,0.0,0.0,0.0,0.0,,,,,,,,,,,,,,,,,,,,,,,,,,,,,,,,,,,,,,,,
2022-2023,Bundesliga,841ov85ua9qtxpygld607ujo4,,Bochum,25,Forward,0,0,0,0,0,,,,,,,,,,,,,,,0.0,0.0,0.0,0.0,,,,,,,,,,,,,,,,,,,,,,,,,,,,,,,,,,,,,,,,
2022-2023,Bundesliga,6bqx6mm3vesoc45r9mt5ygeay,,Borussia Dortmund,32,Forward,0,0,0,0,0,,,,,,,,,,,,,,,0.0,0.0,0.0,0.0,,,,,,,,,,,,,,,,,,,,,,,,,,,,,,,,,,,,,,,,
2022-2023,Bundesliga,c9u6h5uhnk1e4ukc3eq0zqcid,J. Pohjanpalo,Bayer Leverkusen,17,Forward,1,0,1,0,18,1.0,,,,,3.0,,1.0,1.0,,,,,,0.0,0.0,0.0,1.0,,,,1.0,,,1.0,,,,,1.0,1.0,,,1.0,,,,,,,,,,,,,,,,,,,,,1.0,,,
2022-2023,Bundesliga,2lwjtphx3bkjty9sds520l1ey,,Bayern München,23,Forward,0,0,0,0,0,,,,,,,,,,,,,,,0.0,0.0,0.0,0.0,,,,,,,,,,,,,,,,,,,,,,,,,,,,,,,,,,,,,,,,
2022-2023,Bundesliga,56bidwsegakrtx3z1qbbpnc6i,,Bayern München,32,Forward,0,0,0,0,0,,,,,,,,,,,,,,,0.0,0.0,0.0,0.0,,,,,,,,,,,,,,,,,,,,,,,,,,,,,,,,,,,,,,,,
2022-2023,Bundesliga,555z9bynvux7oruirg67r8i51,F. Kostić,Eintracht Frankfurt,10,Midfielder,1,1,0,1,73,40.0,22.0,22.0,2.0,10.0,51.0,21.0,10.0,8.0,,,1.0,,9.0,1.0,5.0,1.0,5.0,,,,3.0,8.0,1.0,,,,2.0,2.0,21.0,,6.0,2.0,15.0,1.0,1.0,,1.0,,,,2.0,,,,,1.0,,1.0,1.0,,,5.0,,,,,
2022-2023,Bundesliga,dfckk0xst90yjlep74tvups5x,K. Ehizibue,Köln,19,Forward,1,1,0,1,61,24.0,15.0,15.0,2.0,7.0,39.0,13.0,9.0,4.0,,1.0,2.0,,6.0,0.0,1.0,1.0,2.0,,,,5.0,5.0,2.0,1.0,1.0,,,,7.0,,,,4.0,2.0,,,,1.0,1.0,,1.0,,1.0,,,,,,,,,,,,,,
2022-2023,Bundesliga,cfpaejad8i9p2r1fj0wx0g222,M. Thiaw,Schalke 04,33,Defender,3,3,0,0,290,123.0,108.0,108.0,6.0,43.0,197.0,102.0,15.0,3.0,,24.0,9.0,,34.0,2.0,5.0,12.0,20.0,,,,11.0,12.0,,15.0,10.0,,3.0,2.0,6.0,5.0,,,5.0,3.0,2.0,1.0,,1.0,1.0,,1.0,,1.0,,,,,1.0,4.0,,,,,,,,
2022-2023,Bundesliga,cjbvvgkjx0ume03o3mjgw3ox5,,Borussia M'gladbach,15,Forward,0,0,0,0,0,,,,,,,,,,,,,,,0.0,0.0,0.0,0.0,,,,,,,,,,,,,,,,,,,,,,,,,,,,,,,,,,,,,,,,
2022-2023,Bundesliga,1po7tmdv73zfjentt0p20wdlh,S. Posch,Hoffenheim,38,Forward,1,1,0,0,94,12.0,8.0,8.0,,3.0,12.0,8.0,4.0,1.0,,,,,4.0,0.0,0.0,0.0,0.0,,,,,3.0,,,,,,,,,,,,2.0,1.0,,,,,,,,,,,,,,,,,,,,,1.0,1.0
2022-2023,Bundesliga,c1nt67z429kirthuhkdxouor9,D. Samassékou,Hoffenheim,18,Forward,2,1,1,1,40,20.0,17.0,17.0,,7.0,27.0,17.0,3.0,1.0,,,,,7.0,1.0,2.0,1.0,2.0,,,,3.0,2.0,,,,,1.0,1.0,3.0,,,,,3.0,1.0,,,,,,,,,,,,,1.0,,,,,,,,,
2022-2023,Bundesliga,33hs47yxefec8e9ntgqgr49n9,S. Kalajdžić,Stuttgart,9,Forward,3,3,0,2,242,63.0,40.0,40.0,4.0,11.0,109.0,36.0,23.0,1.0,,,,,26.0,2.0,4.0,11.0,22.0,,,,2.0,22.0,1.0,18.0,9.0,,3.0,1.0,50.0,9.0,,,26.0,6.0,1.0,2.0,3.0,1.0,4.0,3.0,1.0,6.0,1.0,,,,,,1.0,,3.0,,,1.0,,,
2022-2023,Bundesliga,5gkgh0ohjshsm52adokapy5ex,C. Mola,Stuttgart,6,Forward,1,0,1,0,25,6.0,3.0,3.0,1.0,1.0,16.0,2.0,2.0,1.0,,2.0,1.0,,1.0,1.0,3.0,2.0,5.0,,,,1.0,2.0,,2.0,1.0,,3.0,2.0,2.0,1.0,1.0,1.0,1.0,,1.0,1.0,,,,,,,,,,,,,1.0,,,,,,,,
2022-2023,Bundesliga,dz70ci3ugpcsbat6ma2mcraax,D. Churlinov,Stuttgart,17,Forward,1,0,1,0,37,,,,,,7.0,,,,,,,,,2.0,3.0,2.0,4.0,,,,,,1.0,1.0,,,3.0,1.0,,1.0,,,,,,2.0,1.0,1.0,,,,,,,,,,,,,,,,,,,
2022-2023,Bundesliga,3tb27261f8mpzpq3prpv8ng0l,P. Gulácsi,RB Leipzig,1,Goalkeeper,6,6,0,0,563,215.0,189.0,189.0,22.0,123.0,230.0,167.0,26.0,26.0,3.0,2.0,,17.0,15.0,0.0,0.0,0.0,0.0,10.0,2.0,6.0,12.0,,,,,,,,,,,,,,,,,,,,,,,,,,,,,,,,,,,,
2022-2023,Bundesliga,6akzpi6rd6qq0ke07ojnhpoet,A. Sørloth,RB Leipzig,35,Forward,1,0,1,0,16,2.0,2.0,2.0,,,3.0,2.0,,,,,,,2.0,0.0,1.0,0.0,1.0,,,,,,,,,,,,3.0,,,,3.0,1.0,1.0,,,,,,1.0,,,,,,,,,,,,,,,,
2022-2023,Bundesliga,jd6r9r6qks5t795uvt8x3g0l,,Union Berlin,9,Forward,0,0,0,0,0,,,,,,,,,,,,,,,0.0,0.0,0.0,0.0,,,,,,,,,,,,,,,,,,,,,,,,,,,,,,,,,,,,,,,,
2022-2023,Bundesliga,avp82zop4q55b2z62tww92311,,Hertha BSC,22,Forward,0,0,0,0,0,,,,,,,,,,,,,,,0.0,0.0,0.0,0.0,,,,,,,,,,,,,,,,,,,,,,,,,,,,,,,,,,,,,,,,
2022-2023,Bundesliga,5uro3xukpb1lsnwepj06lgzit,,Hertha BSC,36,Forward,0,0,0,0,0,,,,,,,,,,,,,,,0.0,0.0,0.0,0.0,,,,,,,,,,,,,,,,,,,,,,,,,,,,,,,,,,,,,,,,
2022-2023,Bundesliga,9ae74f9dlbqo92m4geu9v8c4q,,Hertha BSC,44,Forward,0,0,0,0,0,,,,,,,,,,,,,,,0.0,0.0,0.0,0.0,,,,,,,,,,,,,,,,,,,,,,,,,,,,,,,,,,,,,,,,
2022-2023,Bundesliga,72vim7cq99zdjjwivwtr773vu,A. Vranckx,Wolfsburg,8,Forward,1,0,1,0,16,3.0,2.0,2.0,,1.0,7.0,2.0,1.0,,,1.0,,,1.0,0.0,0.0,0.0,0.0,,,,3.0,1.0,1.0,,,,,,2.0,,,,,,,,,,,,,,,,,,,,,,,,,,,,
2022-2023,Bundesliga,c82gu4dg85nwgkp7quzwqvefp,M. Kruse,Wolfsburg,9,Forward,5,2,3,0,309,121.0,87.0,87.0,8.0,15.0,166.0,82.0,26.0,2.0,,1.0,,,68.0,3.0,5.0,9.0,12.0,,,,9.0,29.0,3.0,7.0,6.0,,1.0,,80.0,1.0,5.0,5.0,30.0,3.0,,1.0,3.0,1.0,7.0,5.0,2.0,2.0,2.0,,,3.0,1.0,2.0,3.0,,,2.0,,1.0,,,
2022-2023,Bundesliga,2kd2kqh0ykd5iuziic6590gve,,Werder Bremen,29,Forward,0,0,0,0,0,,,,,,,,,,,,,,,0.0,0.0,0.0,0.0,,,,,,,,,,,,,,,,,,,,,,,,,,,,,,,,,,,,,,,,
2022-2023,Bundesliga,4e9h02jqbfra01wym7epwl2xg,P. Klemens,Hertha BSC,41,Forward,1,1,0,0,100,33.0,28.0,28.0,3.0,21.0,51.0,25.0,5.0,2.0,,3.0,1.0,,5.0,0.0,0.0,1.0,2.0,,,,8.0,3.0,,2.0,1.0,,,,,1.0,,,,,,,,1.0,,,,,,,,,,,,,,,,,,,
2022-2023,Bundesliga,5vgs10pyw2112mna9c9g91zv9,,Köln,44,Forward,0,0,0,0,0,,,,,,,,,,,,,,,0.0,0.0,0.0,0.0,,,,,,,,,,,,,,,,,,,,,,,,,,,,,,,,,,,,,,,,
2022-2023,Bundesliga,alp8twr3g2rmfmnguffsfovtg,N. Weiper,Mainz 05,44,Forward,9,0,9,0,165,40.0,26.0,26.0,,1.0,82.0,27.0,12.0,,,1.0,,,19.0,0.0,10.0,7.0,24.0,,,,5.0,13.0,2.0,14.0,7.0,,2.0,2.0,58.0,7.0,1.0,1.0,26.0,2.0,,,1.0,2.0,5.0,1.0,8.0,1.0,4.0,2.0,2.0,1.0,1.0,,,1.0,,,,,,,
2022-2023,Bundesliga,bfdtduknquzhr2br7ahlgvvo4,Renato Veiga,Augsburg,8,Forward,13,7,6,4,705,318.0,208.0,208.0,35.0,68.0,511.0,175.0,103.0,64.0,,29.0,7.0,,114.0,16.0,24.0,28.0,50.0,,,,60.0,44.0,4.0,26.0,12.0,,9.0,3.0,57.0,14.0,5.0,5.0,31.0,9.0,3.0,6.0,4.0,14.0,7.0,7.0,5.0,2.0,,,,2.0,2.0,10.0,7.0,,,,,,,,
2022-2023,Bundesliga,5za1oqcgg6o78mth7jdcqs1uy,,Werder Bremen,31,Forward,0,0,0,0,0,,,,,,,,,,,,,,,0.0,0.0,0.0,0.0,,,,,,,,,,,,,,,,,,,,,,,,,,,,,,,,,,,,,,,,
2022-2023,Bundesliga,eliciww307c6fs2mg347z1iei,,RB Leipzig,28,Forward,0,0,0,0,0,,,,,,,,,,,,,,,0.0,0.0,0.0,0.0,,,,,,,,,,,,,,,,,,,,,,,,,,,,,,,,,,,,,,,,
2022-2023,Bundesliga,mwircq9nydmi192o497r9n85,J. Góralski,Bochum,5,Forward,4,2,2,2,153,39.0,31.0,31.0,4.0,12.0,68.0,27.0,8.0,2.0,,5.0,3.0,,14.0,3.0,6.0,3.0,8.0,,,,7.0,6.0,4.0,2.0,,,6.0,3.0,4.0,2.0,,,,1.0,,3.0,,4.0,,,,2.0,,,,,,,,,,,,,,,
2022-2023,Bundesliga,7smbk83rqjkkcqqduw4vyefx0,,Köln,42,Forward,0,0,0,0,0,,,,,,,,,,,,,,,0.0,0.0,0.0,0.0,,,,,,,,,,,,,,,,,,,,,,,,,,,,,,,,,,,,,,,,
2022-2023,Bundesliga,42eyoeidtcnf2l4eag73qp36y,P. Aaronson,Eintracht Frankfurt,30,Forward,7,0,7,0,218,71.0,50.0,50.0,,15.0,115.0,51.0,14.0,5.0,,2.0,,,26.0,8.0,12.0,9.0,14.0,,,,8.0,15.0,3.0,2.0,1.0,,6.0,1.0,58.0,1.0,6.0,5.0,24.0,5.0,1.0,5.0,2.0,1.0,1.0,,3.0,2.0,1.0,,,1.0,1.0,3.0,4.0,,1.0,1.0,,,,,
2022-2023,Bundesliga,e8hf96xbntslqrlottv5yp016,K. Schmidt,Freiburg,35,Forward,5,3,2,3,270,187.0,166.0,166.0,14.0,62.0,234.0,152.0,20.0,10.0,,2.0,,,75.0,5.0,9.0,9.0,17.0,,,,17.0,11.0,,8.0,4.0,,6.0,3.0,12.0,4.0,1.0,1.0,1.0,1.0,1.0,3.0,,2.0,,,1.0,,,,,,,2.0,2.0,,,,,,,,
2022-2023,Bundesliga,2ifp36vdm0d6rb3xc7muuvv11,D. Limnios,Köln,19,Forward,2,0,2,0,50,23.0,12.0,12.0,1.0,,34.0,12.0,5.0,1.0,,,1.0,,12.0,2.0,2.0,3.0,5.0,,,,1.0,9.0,1.0,3.0,1.0,,,,17.0,2.0,5.0,3.0,9.0,,,,1.0,,1.0,1.0,,1.0,,,,1.0,,2.0,,,,3.0,,,,,
2022-2023,Bundesliga,5tpy0imb08p2mqeiwrx52532t,,Wolfsburg,30,Forward,0,0,0,0,0,,,,,,,,,,,,,,,0.0,0.0,0.0,0.0,,,,,,,,,,,,,,,,,,,,,,,,,,,,,,,,,,,,,,,,
2022-2023,Bundesliga,4u4lkw0zq671i7p9agoa57x7t,,Borussia Dortmund,35,Forward,0,0,0,0,0,,,,,,,,,,,,,,,0.0,0.0,0.0,0.0,,,,,,,,,,,,,,,,,,,,,,,,,,,,,,,,,,,,,,,,
2022-2023,Bundesliga,68rs7juin2mmdok00hw6uvre2,J. Njinmah,Borussia Dortmund,49,Forward,1,0,1,0,23,2.0,,,,,6.0,,2.0,1.0,,,,,,0.0,1.0,0.0,1.0,,,,1.0,1.0,3.0,,,,,,5.0,,,,1.0,,,,2.0,,,,1.0,,,,,,,,,,,,,,,,
2022-2023,Bundesliga,8m16s3wr5bpmmx2776ow96has,,Werder Bremen,25,Forward,0,0,0,0,0,,,,,,,,,,,,,,,0.0,0.0,0.0,0.0,,,,,,,,,,,,,,,,,,,,,,,,,,,,,,,,,,,,,,,,
2022-2023,Bundesliga,5jj7ybunxj9w72lia5ftzfbvt,,Werder Bremen,38,Forward,0,0,0,0,0,,,,,,,,,,,,,,,0.0,0.0,0.0,0.0,,,,,,,,,,,,,,,,,,,,,,,,,,,,,,,,,,,,,,,,
2022-2023,Bundesliga,9x0s8mzjc9ey0q812sn3poums,I. Maza,Hertha BSC,30,Forward,2,0,2,0,87,15.0,11.0,11.0,,4.0,29.0,11.0,3.0,,,1.0,,,6.0,1.0,2.0,1.0,4.0,,,,2.0,3.0,2.0,2.0,,,1.0,,8.0,2.0,,,3.0,1.0,,1.0,,2.0,1.0,,1.0,,1.0,1.0,1.0,,,,,,,,,,,,
2022-2023,Bundesliga,61fzonbf9oh5aear9bdav1jze,K. Ezekwem,Freiburg,24,Forward,1,0,1,0,14,8.0,6.0,6.0,,2.0,11.0,6.0,2.0,1.0,,,,,4.0,0.0,0.0,0.0,1.0,,,,1.0,1.0,,1.0,,,,,,1.0,,,,,,,,1.0,,,,,,,,,,,,,,,,,,,
2022-2023,Bundesliga,9j74va6ftcr9g3nan4b86l1t6,D. Gebuhr,Eintracht Frankfurt,46,Forward,1,0,1,0,26,13.0,10.0,10.0,1.0,3.0,14.0,9.0,2.0,,,,,,5.0,0.0,0.0,0.0,0.0,,,,1.0,2.0,,,,,,,2.0,,,,1.0,,,,,,,,,,,,,,,,,,,,,,,,
2022-2023,Bundesliga,58ixsja4yf7pskmshzo7ohwfe,S. van den Berg,Schalke 04,5,Defender,9,8,1,1,769,334.0,277.0,277.0,23.0,121.0,494.0,254.0,56.0,28.0,,33.0,13.0,,107.0,5.0,9.0,19.0,38.0,,,,45.0,28.0,,29.0,14.0,,5.0,1.0,21.0,15.0,,,13.0,4.0,2.0,4.0,1.0,3.0,3.0,2.0,3.0,1.0,1.0,1.0,1.0,,,1.0,7.0,,,,,,,,
2022-2023,Bundesliga,cub8yovn04qjhs35k7wuwt7th,,Schalke 04,34,Forward,0,0,0,0,0,,,,,,,,,,,,,,,0.0,0.0,0.0,0.0,,,,,,,,,,,,,,,,,,,,,,,,,,,,,,,,,,,,,,,,
2022-2023,Bundesliga,bbgk4kk0eineku8xfgciw7op,,Augsburg,31,Forward,0,0,0,0,0,,,,,,,,,,,,,,,0.0,0.0,0.0,0.0,,,,,,,,,,,,,,,,,,,,,,,,,,,,,,,,,,,,,,,,
2022-2023,Bundesliga,bvnvrakc7k7sjcbmaav1rm2ok,,Hertha BSC,33,Forward,0,0,0,0,0,,,,,,,,,,,,,,,0.0,0.0,0.0,0.0,,,,,,,,,,,,,,,,,,,,,,,,,,,,,,,,,,,,,,,,
2022-2023,Bundesliga,es9yqd8s899zadkprwv2p2kno,V. Stange,Hertha BSC,35,Forward,1,0,1,0,14,,,,,,4.0,,,,,,,,,2.0,2.0,2.0,2.0,,,,,,,,,,1.0,,,,,,,,,1.0,,,,,,,,,,,,1.0,,,,,,,,,
2022-2023,Bundesliga,beey4bz2prklgyamlgha3d89g,,Wolfsburg,47,Forward,0,0,0,0,0,,,,,,,,,,,,,,,0.0,0.0,0.0,0.0,,,,,,,,,,,,,,,,,,,,,,,,,,,,,,,,,,,,,,,,
2022-2023,Bundesliga,1upa3dl43q5drx84meokflizu,,Bayern München,41,Forward,0,0,0,0,0,,,,,,,,,,,,,,,0.0,0.0,0.0,0.0,,,,,,,,,,,,,,,,,,,,,,,,,,,,,,,,,,,,,,,,
2022-2023,Bundesliga,9u0jnvttp25l5bp2pvx7pces,,Bayern München,45,Forward,0,0,0,0,0,,,,,,,,,,,,,,,0.0,0.0,0.0,0.0,,,,,,,,,,,,,,,,,,,,,,,,,,,,,,,,,,,,,,,,
2022-2023,Bundesliga,7zovpqen1bw4zw5w7emo9gdpm,,Stuttgart,29,Forward,0,0,0,0,0,,,,,,,,,,,,,,,0.0,0.0,0.0,0.0,,,,,,,,,,,,,,,,,,,,,,,,,,,,,,,,,,,,,,,,
2022-2023,Bundesliga,9oe9gr7xdyvfl9mfu24zxvt62,,Mainz 05,34,Forward,0,0,0,0,0,,,,,,,,,,,,,,,0.0,0.0,0.0,0.0,,,,,,,,,,,,,,,,,,,,,,,,,,,,,,,,,,,,,,,,
2022-2023,Bundesliga,a6ez4busstxq5vwgkxy9jnfo4,,Stuttgart,41,Forward,0,0,0,0,0,,,,,,,,,,,,,,,0.0,0.0,0.0,0.0,,,,,,,,,,,,,,,,,,,,,,,,,,,,,,,,,,,,,,,,
2022-2023,Bundesliga,e2w5cj66plnx3kuhnehgswsus,J. Duranville,Borussia Dortmund,16,Forward,1,0,1,0,39,17.0,8.0,8.0,,4.0,24.0,11.0,2.0,,,,,,4.0,4.0,4.0,4.0,4.0,,,,1.0,6.0,1.0,,,,1.0,,18.0,,4.0,4.0,9.0,1.0,,1.0,,,1.0,1.0,,,,,,3.0,3.0,3.0,,,,,,,,,
2022-2023,Bundesliga,9evbsuqr8fgbwjvfnfrlu2txw,,Bayer Leverkusen,31,Forward,0,0,0,0,0,,,,,,,,,,,,,,,0.0,0.0,0.0,0.0,,,,,,,,,,,,,,,,,,,,,,,,,,,,,,,,,,,,,,,,
2022-2023,Bundesliga,7alboqsloaf5dtorp830f9rhm,,Bayer Leverkusen,43,Forward,0,0,0,0,0,,,,,,,,,,,,,,,0.0,0.0,0.0,0.0,,,,,,,,,,,,,,,,,,,,,,,,,,,,,,,,,,,,,,,,
2022-2023,Bundesliga,8b3fc2pqr86ihawpknuk0qvl6,,Bayer Leverkusen,47,Forward,0,0,0,0,0,,,,,,,,,,,,,,,0.0,0.0,0.0,0.0,,,,,,,,,,,,,,,,,,,,,,,,,,,,,,,,,,,,,,,,
2022-2023,Bundesliga,4j8y1bwt6z8iu98077xqzmvx0,,Augsburg,43,Forward,0,0,0,0,0,,,,,,,,,,,,,,,0.0,0.0,0.0,0.0,,,,,,,,,,,,,,,,,,,,,,,,,,,,,,,,,,,,,,,,
2022-2023,Bundesliga,eovknjzeaa6hxx9u5fz8daaui,T. Rölke,Hertha BSC,44,Forward,1,0,1,0,30,8.0,5.0,5.0,,,13.0,5.0,3.0,,,1.0,,,4.0,0.0,0.0,0.0,2.0,,,,,3.0,,2.0,,,,,3.0,2.0,,,1.0,1.0,,,,1.0,,,,,,,,,,,,,,,,,,,
2022-2023,Bundesliga,8ohbyb592espy40bg1thl52qc,,Hertha BSC,49,Forward,0,0,0,0,0,,,,,,,,,,,,,,,0.0,0.0,0.0,0.0,,,,,,,,,,,,,,,,,,,,,,,,,,,,,,,,,,,,,,,,
2022-2023,Bundesliga,4212luiyivgvje1vm1ojieicq,G. Vidović,Bayern München,28,Forward,1,0,1,0,21,13.0,10.0,10.0,,3.0,18.0,10.0,3.0,,,,,,7.0,0.0,0.0,0.0,1.0,,,,3.0,3.0,,1.0,,,,,7.0,1.0,,,2.0,,,,,,,,,2.0,,,,,,,,,1.0,,,,,,
2022-2023,Bundesliga,9bzwr8qhl6547tjrsjsity4x6,,Wolfsburg,21,Forward,0,0,0,0,0,,,,,,,,,,,,,,,0.0,0.0,0.0,0.0,,,,,,,,,,,,,,,,,,,,,,,,,,,,,,,,,,,,,,,,
2022-2023,Bundesliga,eqg3xn8mplfpc9ys8kb6dch6,,Stuttgart,31,Forward,0,0,0,0,0,,,,,,,,,,,,,,,0.0,0.0,0.0,0.0,,,,,,,,,,,,,,,,,,,,,,,,,,,,,,,,,,,,,,,,
2022-2023,Bundesliga,5hep0bzxshhmn2ihx8a5f3p3p,,Bochum,39,Forward,0,0,0,0,0,,,,,,,,,,,,,,,0.0,0.0,0.0,0.0,,,,,,,,,,,,,,,,,,,,,,,,,,,,,,,,,,,,,,,,
2022-2023,Bundesliga,91n9wzn3qq2789zq8vdmfrd62,,Köln,40,Forward,0,0,0,0,0,,,,,,,,,,,,,,,0.0,0.0,0.0,0.0,,,,,,,,,,,,,,,,,,,,,,,,,,,,,,,,,,,,,,,,
2023-2024,Bundesliga,2o46ud3u97f7lc8bjkwor6dhx,M. Schuhen,Darmstadt 98,1,Goalkeeper,31,31,0,0,3076,1496.0,1064.0,1064.0,334.0,881.0,1592.0,730.0,429.0,419.0,24.0,11.0,2.0,126.0,22.0,1.0,2.0,9.0,12.0,76.0,3.0,31.0,53.0,10.0,8.0,10.0,8.0,13.0,1.0,1.0,,2.0,,,,,2.0,,,,,,,,,,,,,1.0,,,,,,,,,
2023-2024,Bundesliga,4in9eb4sw3h3k4ng5wn3q5vit,M. Bader,Darmstadt 98,26,Midfielder,24,21,3,9,1944,912.0,680.0,680.0,77.0,231.0,1332.0,610.0,195.0,77.0,,20.0,25.0,,354.0,43.0,99.0,54.0,127.0,,,,121.0,143.0,41.0,28.0,11.0,,51.0,26.0,295.0,17.0,25.0,25.0,100.0,17.0,1.0,25.0,14.0,18.0,7.0,6.0,30.0,16.0,1.0,1.0,1.0,7.0,7.0,18.0,14.0,,2.0,,,1.0,,,
2023-2024,Bundesliga,bqwy2zxpy11uas3l6fsbnrh4a,F. Nürnberger,Darmstadt 98,15,Midfielder,21,17,4,7,1674,895.0,694.0,694.0,44.0,213.0,1187.0,669.0,128.0,48.0,,26.0,17.0,,392.0,40.0,62.0,53.0,84.0,,,,78.0,127.0,16.0,22.0,13.0,,29.0,7.0,360.0,9.0,47.0,35.0,101.0,18.0,2.0,22.0,14.0,10.0,12.0,6.0,15.0,22.0,6.0,1.0,1.0,19.0,14.0,18.0,8.0,1.0,1.0,17.0,,2.0,,,
2023-2024,Bundesliga,5yo9doazzlnrrz27gtu27uqjt,C. Klarer,Darmstadt 98,14,Defender,30,28,2,6,2537,1200.0,1043.0,1043.0,78.0,457.0,1607.0,966.0,148.0,74.0,,94.0,21.0,,404.0,28.0,44.0,70.0,124.0,,,,87.0,81.0,13.0,80.0,42.0,,37.0,15.0,113.0,38.0,7.0,7.0,58.0,29.0,9.0,22.0,6.0,11.0,8.0,6.0,1.0,6.0,2.0,2.0,2.0,1.0,1.0,6.0,21.0,,1.0,,,,,,
2023-2024,Bundesliga,cyz34cdwlfy058918kk84s3it,J. Müller,Darmstadt 98,20,Forward,16,12,4,3,1258,549.0,421.0,421.0,46.0,163.0,799.0,378.0,121.0,45.0,,39.0,17.0,,186.0,18.0,37.0,39.0,75.0,,,,66.0,80.0,7.0,38.0,21.0,,33.0,17.0,57.0,17.0,4.0,4.0,16.0,19.0,5.0,16.0,3.0,12.0,3.0,3.0,2.0,2.0,,,,3.0,3.0,2.0,12.0,,,,,,,,
2023-2024,Bundesliga,cy8xr24x4d4jd5vsqs2d9jcut,C. Zimmermann,Darmstadt 98,4,Defender,19,12,7,4,1361,555.0,455.0,455.0,46.0,205.0,829.0,409.0,98.0,47.0,,66.0,21.0,,184.0,23.0,36.0,52.0,86.0,,,,53.0,51.0,10.0,50.0,29.0,,33.0,12.0,30.0,21.0,,,13.0,13.0,5.0,21.0,2.0,7.0,4.0,2.0,1.0,2.0,2.0,,,,,2.0,15.0,,,,,,,,
2023-2024,Bundesliga,a75o4ettpu6eutbhptgtk7phx,T. Kempe,Darmstadt 98,11,Forward,24,15,9,10,1464,557.0,380.0,380.0,36.0,128.0,816.0,377.0,89.0,47.0,,12.0,9.0,,226.0,21.0,39.0,34.0,72.0,,,,65.0,94.0,11.0,33.0,13.0,,20.0,7.0,271.0,20.0,52.0,18.0,123.0,14.0,1.0,13.0,11.0,12.0,10.0,6.0,11.0,21.0,4.0,3.0,,33.0,12.0,8.0,15.0,,4.0,55.0,3.0,1.0,,,
2023-2024,Bundesliga,4t39z0wjx4l8zntt7h4ygc0d1,F. Holland,Darmstadt 98,32,Midfielder,23,23,0,11,1999,919.0,712.0,712.0,67.0,286.0,1265.0,653.0,175.0,82.0,,29.0,24.0,,333.0,34.0,64.0,43.0,97.0,,,,103.0,112.0,33.0,33.0,9.0,,47.0,21.0,219.0,24.0,19.0,14.0,52.0,34.0,4.0,26.0,9.0,10.0,9.0,6.0,9.0,14.0,3.0,,,8.0,5.0,8.0,14.0,,2.0,8.0,,3.0,1.0,1.0,
2023-2024,Bundesliga,9aqzi05rzxjcberb53718z5xx,M. Mehlem,Darmstadt 98,6,Midfielder,20,19,1,13,1537,587.0,441.0,441.0,21.0,109.0,934.0,427.0,121.0,22.0,,15.0,33.0,,279.0,31.0,55.0,44.0,81.0,,,,82.0,112.0,34.0,26.0,13.0,,28.0,7.0,266.0,13.0,13.0,13.0,82.0,20.0,3.0,21.0,19.0,19.0,17.0,9.0,17.0,22.0,8.0,3.0,3.0,7.0,5.0,10.0,8.0,,3.0,2.0,,2.0,,,
2023-2024,Bundesliga,4nn6rxyzy97wl4ppqqnhhxyax,L. Pfeiffer,Darmstadt 98,24,Forward,24,20,4,11,1724,414.0,289.0,289.0,8.0,79.0,766.0,282.0,118.0,16.0,,21.0,2.0,,167.0,13.0,32.0,67.0,141.0,,,,67.0,106.0,27.0,109.0,54.0,,11.0,5.0,304.0,55.0,4.0,4.0,107.0,28.0,3.0,6.0,19.0,4.0,36.0,18.0,14.0,18.0,18.0,1.0,1.0,1.0,1.0,7.0,13.0,,4.0,,,1.0,,,
2023-2024,Bundesliga,8prrhz0d1i4vxkhgro8p42bxl,T. Skarke,Darmstadt 98,27,Forward,30,29,1,16,2529,855.0,598.0,598.0,51.0,168.0,1375.0,571.0,161.0,49.0,,20.0,6.0,,369.0,44.0,92.0,55.0,153.0,,,,125.0,183.0,40.0,61.0,11.0,,26.0,10.0,534.0,50.0,71.0,67.0,183.0,31.0,7.0,16.0,23.0,23.0,47.0,27.0,38.0,23.0,20.0,8.0,8.0,24.0,17.0,28.0,24.0,,,11.0,,1.0,,,
2023-2024,Bundesliga,eqfhoh81e8uj2as95ev3yfnx1,T. Isherwood,Darmstadt 98,3,Forward,12,8,4,6,674,268.0,223.0,223.0,17.0,88.0,374.0,206.0,44.0,22.0,,34.0,10.0,,97.0,6.0,12.0,14.0,26.0,,,,17.0,23.0,3.0,14.0,8.0,,11.0,6.0,12.0,6.0,1.0,1.0,3.0,8.0,1.0,5.0,,3.0,1.0,,,,1.0,,,,,1.0,7.0,,,,,,,,
2023-2024,Bundesliga,7mgipsmicxrsjyr1q8rubv00l,F. Schnellhardt,Darmstadt 98,8,Forward,10,2,8,2,321,172.0,147.0,147.0,7.0,41.0,229.0,142.0,21.0,3.0,,5.0,4.0,,82.0,2.0,6.0,3.0,10.0,,,,25.0,20.0,3.0,4.0,1.0,,4.0,3.0,49.0,3.0,2.0,,14.0,2.0,1.0,1.0,2.0,1.0,3.0,1.0,1.0,2.0,2.0,,,2.0,,1.0,2.0,,,4.0,,,,,
2023-2024,Bundesliga,b3y2ov2ju75fr5u5e2rerj1ex,F. Hornby,Darmstadt 98,9,Forward,7,1,6,1,269,63.0,34.0,34.0,2.0,3.0,127.0,33.0,23.0,,,4.0,,,25.0,1.0,4.0,12.0,28.0,,,,8.0,26.0,1.0,24.0,11.0,,,,70.0,13.0,3.0,3.0,31.0,5.0,1.0,,4.0,1.0,7.0,5.0,3.0,3.0,2.0,,,1.0,1.0,1.0,4.0,,,,,,,,
2023-2024,Bundesliga,3abpvbbkkzkceg1l94og1bobt,F. Stojilković,Darmstadt 98,10,Forward,6,0,6,0,207,21.0,10.0,10.0,1.0,3.0,43.0,9.0,8.0,,,1.0,,,7.0,2.0,4.0,2.0,6.0,,,,4.0,11.0,1.0,2.0,,,1.0,,24.0,2.0,3.0,3.0,15.0,3.0,1.0,1.0,,,3.0,2.0,2.0,,1.0,,,,,1.0,1.0,,,,,,,,
2023-2024,Bundesliga,858v4l57yp58pp6hzxds35cdl,E. Karić,Darmstadt 98,19,Midfielder,27,18,9,6,1962,1210.0,941.0,941.0,81.0,369.0,1556.0,872.0,213.0,78.0,,43.0,13.0,,444.0,45.0,74.0,66.0,111.0,,,,76.0,175.0,7.0,37.0,21.0,,45.0,18.0,376.0,16.0,40.0,40.0,113.0,17.0,4.0,27.0,10.0,31.0,9.0,6.0,11.0,20.0,3.0,,,12.0,12.0,18.0,14.0,,,,,,,,
2023-2024,Bundesliga,en0a6a574x1yvnk8kdxwub949,B. Franjić,Darmstadt 98,28,Midfielder,20,14,6,7,1329,556.0,461.0,461.0,20.0,153.0,814.0,442.0,90.0,18.0,,29.0,30.0,,211.0,19.0,28.0,36.0,64.0,,,,63.0,75.0,2.0,36.0,17.0,,15.0,3.0,78.0,19.0,3.0,3.0,17.0,20.0,5.0,12.0,8.0,8.0,1.0,1.0,6.0,1.0,,,,1.0,1.0,7.0,7.0,,1.0,,,,,,
2023-2024,Bundesliga,a055p7qff09t3fy81rwp9a1d6,O. Vilhelmsson,Darmstadt 98,29,Forward,26,16,10,11,1533,212.0,122.0,122.0,2.0,18.0,520.0,121.0,79.0,5.0,,19.0,3.0,,88.0,11.0,33.0,53.0,156.0,,,,22.0,83.0,27.0,123.0,42.0,,13.0,7.0,233.0,81.0,9.0,9.0,78.0,32.0,2.0,6.0,8.0,10.0,20.0,10.0,15.0,10.0,10.0,4.0,4.0,1.0,1.0,5.0,13.0,1.0,1.0,,,,,,
2023-2024,Bundesliga,e0jdg5vhg3l3vdgyecnwic4ph,A. Brunst,Darmstadt 98,30,Forward,3,3,0,0,291,150.0,103.0,103.0,42.0,94.0,161.0,61.0,47.0,46.0,3.0,2.0,,7.0,,0.0,0.0,0.0,0.0,10.0,0.0,3.0,7.0,1.0,2.0,,,1.0,,,,,,,,,2.0,,,,,,,1.0,,,,,,,,,,,,,,,
2023-2024,Bundesliga,53bjqee7oomr7czgfmm1mcy96,C. Riedel,Darmstadt 98,38,Forward,14,9,5,2,860,576.0,490.0,490.0,33.0,220.0,761.0,457.0,77.0,29.0,,26.0,11.0,,174.0,17.0,30.0,28.0,55.0,,,,57.0,56.0,4.0,25.0,11.0,,22.0,9.0,85.0,14.0,8.0,8.0,16.0,10.0,2.0,13.0,2.0,8.0,5.0,2.0,4.0,6.0,3.0,,,,,4.0,6.0,,1.0,,,,,,
2023-2024,Bundesliga,clmq1s26z0i3lqr1jqnd5wzit,M. Riemann,Bochum,1,Goalkeeper,33,33,0,0,3268,1715.0,1029.0,1029.0,531.0,962.0,1869.0,500.0,673.0,659.0,35.0,25.0,1.0,118.0,2.0,2.0,3.0,16.0,20.0,70.0,4.0,33.0,81.0,16.0,4.0,17.0,14.0,13.0,2.0,1.0,5.0,3.0,2.0,2.0,,2.0,5.0,1.0,,,,,,2.0,,,,2.0,2.0,1.0,,,,,,,,,
2023-2024,Bundesliga,2earc7j2kp3tveehpnxtv1exh,C. Gamboa,Bochum,2,Forward,22,12,10,6,1328,475.0,344.0,344.0,47.0,127.0,711.0,303.0,107.0,60.0,,34.0,15.0,,161.0,23.0,39.0,35.0,60.0,,,,74.0,64.0,6.0,21.0,12.0,,24.0,6.0,129.0,9.0,17.0,17.0,34.0,14.0,6.0,18.0,3.0,13.0,4.0,3.0,10.0,9.0,1.0,,,6.0,6.0,5.0,9.0,,1.0,,,,,,
2023-2024,Bundesliga,55la79k6l8zifz8o9vbp20991,Bernardo,Bochum,5,Defender,33,33,0,2,3209,1622.0,1156.0,1156.0,125.0,517.0,2563.0,1042.0,429.0,156.0,,120.0,55.0,,484.0,70.0,124.0,215.0,350.0,,,,197.0,292.0,28.0,226.0,145.0,,99.0,41.0,358.0,81.0,19.0,19.0,128.0,54.0,9.0,58.0,16.0,36.0,22.0,14.0,13.0,9.0,8.0,1.0,1.0,11.0,11.0,12.0,37.0,1.0,1.0,,,,,,
2023-2024,Bundesliga,4y167h8sn9cnyrvb097lf8lbd,P. Osterhage,Bochum,6,Midfielder,24,21,3,6,2001,835.0,652.0,652.0,31.0,201.0,1318.0,627.0,158.0,36.0,,32.0,27.0,,316.0,43.0,77.0,69.0,133.0,,,,142.0,138.0,24.0,56.0,26.0,,38.0,12.0,279.0,30.0,16.0,15.0,67.0,21.0,5.0,26.0,17.0,27.0,16.0,13.0,22.0,11.0,3.0,2.0,2.0,6.0,4.0,17.0,15.0,,1.0,3.0,,5.0,,,
2023-2024,Bundesliga,8ksi5s9he1uxai3lfcq46grf9,E. Mašović,Bochum,4,Defender,29,24,5,3,2452,732.0,570.0,570.0,47.0,215.0,1222.0,523.0,156.0,63.0,,75.0,25.0,,256.0,43.0,71.0,78.0,159.0,,,,117.0,98.0,15.0,88.0,35.0,,64.0,24.0,139.0,53.0,5.0,5.0,47.0,22.0,7.0,40.0,6.0,22.0,11.0,7.0,4.0,2.0,4.0,,,,,3.0,17.0,,,,,2.0,,,
2023-2024,Bundesliga,6qujoqysad60h70f3ac5n9ch6,K. Schlotterbeck,Bochum,31,Defender,27,24,3,1,2419,1027.0,799.0,799.0,47.0,415.0,1643.0,755.0,210.0,68.0,,104.0,33.0,,283.0,28.0,50.0,140.0,232.0,,,,144.0,151.0,32.0,182.0,112.0,,42.0,20.0,184.0,70.0,9.0,9.0,135.0,36.0,9.0,22.0,,10.0,22.0,8.0,2.0,9.0,14.0,5.0,5.0,3.0,3.0,6.0,30.0,4.0,1.0,,,,,,
2023-2024,Bundesliga,82r0liyptyapc8rfuo32qcqtx,A. Losilla,Bochum,8,Midfielder,31,31,0,12,2751,896.0,646.0,646.0,28.0,245.0,1490.0,621.0,242.0,51.0,,51.0,25.0,,262.0,47.0,86.0,129.0,222.0,,,,136.0,194.0,22.0,136.0,82.0,,63.0,26.0,292.0,54.0,3.0,3.0,115.0,38.0,10.0,37.0,12.0,29.0,23.0,17.0,13.0,15.0,6.0,1.0,1.0,3.0,3.0,10.0,13.0,,2.0,,,2.0,,,
2023-2024,Bundesliga,f2o5hj0e2k3kw0fj1xzom0cet,K. Stöger,Bochum,7,Midfielder,32,32,0,11,2855,2028.0,1263.0,1263.0,152.0,589.0,2724.0,1211.0,484.0,165.0,,18.0,19.0,,567.0,55.0,120.0,63.0,161.0,,,,210.0,484.0,63.0,41.0,8.0,,49.0,19.0,945.0,33.0,165.0,111.0,272.0,36.0,8.0,30.0,40.0,42.0,49.0,31.0,46.0,100.0,18.0,7.0,2.0,100.0,44.0,25.0,30.0,,10.0,110.0,5.0,16.0,,,
2023-2024,Bundesliga,d2pco79bmi3f9x3zahtf9q2mt,P. Hofmann,Bochum,33,Forward,29,18,11,14,1711,416.0,266.0,266.0,5.0,61.0,854.0,261.0,145.0,5.0,,17.0,4.0,,161.0,14.0,26.0,125.0,231.0,,,,44.0,143.0,26.0,205.0,111.0,,10.0,5.0,379.0,94.0,3.0,3.0,139.0,20.0,1.0,5.0,14.0,9.0,29.0,14.0,7.0,15.0,15.0,4.0,4.0,,,9.0,12.0,2.0,2.0,,,1.0,,,
2023-2024,Bundesliga,2bzdn7cqqonejqmlq85w8z6qd,T. Asano,Bochum,11,Forward,29,26,3,21,2067,397.0,258.0,258.0,10.0,68.0,819.0,252.0,99.0,17.0,,11.0,4.0,,160.0,22.0,60.0,37.0,127.0,,,,74.0,116.0,22.0,67.0,15.0,,17.0,11.0,447.0,52.0,34.0,34.0,201.0,15.0,2.0,6.0,33.0,14.0,48.0,25.0,27.0,17.0,23.0,6.0,6.0,4.0,3.0,16.0,20.0,,1.0,1.0,,1.0,,,
2023-2024,Bundesliga,8vfi7j34a5veeyswn5g5h4tbe,M. Broschinski,Bochum,29,Forward,26,14,12,11,1383,223.0,131.0,131.0,1.0,23.0,619.0,134.0,77.0,4.0,,6.0,,,95.0,18.0,45.0,52.0,181.0,,,,40.0,81.0,13.0,136.0,34.0,,11.0,4.0,347.0,102.0,8.0,8.0,107.0,32.0,4.0,7.0,35.0,9.0,17.0,10.0,23.0,13.0,7.0,2.0,2.0,4.0,4.0,11.0,11.0,,3.0,,,,,,
2023-2024,Bundesliga,6sc9zsev9an853nop6pn6mxg5,Danilo Soares,Bochum,3,Forward,5,3,2,1,383,179.0,123.0,123.0,10.0,57.0,286.0,114.0,52.0,22.0,,11.0,7.0,,49.0,12.0,18.0,16.0,29.0,,,,35.0,33.0,5.0,11.0,4.0,,10.0,4.0,55.0,7.0,3.0,3.0,15.0,5.0,,6.0,2.0,6.0,3.0,3.0,2.0,3.0,,,,1.0,,6.0,,,,1.0,,1.0,,,
2023-2024,Bundesliga,2aumz6rtq4ufba7z7zn5v8frp,Gonçalo Paciência,Bochum,9,Forward,19,6,13,6,778,176.0,108.0,108.0,9.0,41.0,418.0,102.0,55.0,8.0,,7.0,,,56.0,16.0,35.0,36.0,89.0,,,,29.0,54.0,22.0,54.0,20.0,,8.0,4.0,194.0,34.0,7.0,6.0,79.0,9.0,3.0,4.0,27.0,5.0,27.0,15.0,15.0,7.0,12.0,3.0,3.0,3.0,2.0,12.0,11.0,,,2.0,,1.0,,,
2023-2024,Bundesliga,98e7uohj6lcvf59sfssff2y8l,P. Förster,Bochum,10,Forward,13,3,10,3,491,208.0,146.0,146.0,9.0,50.0,300.0,147.0,32.0,4.0,,3.0,7.0,,77.0,6.0,14.0,8.0,23.0,,,,27.0,47.0,9.0,9.0,2.0,,9.0,4.0,129.0,7.0,19.0,13.0,27.0,6.0,1.0,5.0,7.0,3.0,2.0,1.0,4.0,6.0,1.0,,,10.0,5.0,1.0,4.0,,,11.0,,,,,
2023-2024,Bundesliga,281f7899ialr1z6l51mitpp7t,L. Daschner,Bochum,13,Forward,20,3,17,3,691,179.0,101.0,101.0,3.0,37.0,312.0,104.0,55.0,14.0,,2.0,2.0,,56.0,16.0,33.0,21.0,50.0,,,,24.0,57.0,9.0,17.0,5.0,,9.0,5.0,160.0,12.0,16.0,10.0,57.0,4.0,2.0,4.0,8.0,7.0,10.0,5.0,12.0,7.0,5.0,1.0,1.0,6.0,4.0,12.0,3.0,,1.0,8.0,,2.0,,,
2023-2024,Bundesliga,f577akgydk4t6ui45iyab2a22,T. Oermann,Bochum,14,Forward,16,8,8,5,807,262.0,178.0,178.0,21.0,81.0,409.0,160.0,73.0,18.0,,22.0,2.0,,61.0,16.0,30.0,23.0,49.0,,,,27.0,60.0,8.0,19.0,7.0,,19.0,8.0,76.0,12.0,5.0,5.0,10.0,8.0,2.0,11.0,5.0,9.0,2.0,2.0,6.0,3.0,,,,3.0,3.0,5.0,9.0,,,,,,,,
2023-2024,Bundesliga,culbbgu1o5fdbl3gxz54rbn4l,F. Passlack,Bochum,15,Forward,15,13,2,9,1088,414.0,254.0,254.0,39.0,86.0,593.0,223.0,115.0,53.0,,21.0,10.0,,139.0,20.0,30.0,26.0,44.0,,,,51.0,94.0,13.0,14.0,6.0,,21.0,7.0,185.0,8.0,32.0,31.0,65.0,14.0,2.0,14.0,4.0,11.0,9.0,6.0,3.0,12.0,3.0,2.0,2.0,8.0,8.0,6.0,7.0,,2.0,1.0,,2.0,1.0,1.0,
2023-2024,Bundesliga,9pbg6orr11c0cov61hithcpgp,,Bochum,23,Forward,0,0,0,0,0,,,,,,,,,,,,,,,0.0,0.0,0.0,0.0,,,,,,,,,,,,,,,,,,,,,,,,,,,,,,,,,,,,,,,,
2023-2024,Bundesliga,84qe6053b105nvafop1d60e09,M. Kwarteng,Bochum,27,Forward,11,2,9,2,379,94.0,66.0,66.0,2.0,15.0,192.0,65.0,22.0,5.0,,,2.0,,43.0,7.0,25.0,7.0,33.0,,,,18.0,22.0,5.0,8.0,,,3.0,3.0,88.0,8.0,5.0,4.0,29.0,5.0,1.0,,5.0,4.0,10.0,7.0,15.0,4.0,3.0,,,1.0,,7.0,4.0,,1.0,2.0,,,1.0,1.0,
2023-2024,Bundesliga,6f589mla2tu7udti1jxnw3it,N. Loosli,Bochum,41,Forward,10,2,8,0,440,127.0,81.0,81.0,7.0,36.0,220.0,74.0,43.0,19.0,,18.0,7.0,,32.0,8.0,13.0,13.0,25.0,,,,27.0,26.0,,12.0,5.0,,10.0,3.0,22.0,7.0,2.0,2.0,8.0,4.0,1.0,7.0,,6.0,,,2.0,,,,,,,1.0,1.0,,,,,,,,
2023-2024,Bundesliga,9rjd95oqotnalxmv56v7p1r6d,G. Kobel,Borussia Dortmund,1,Goalkeeper,27,27,0,1,2616,1175.0,974.0,974.0,167.0,744.0,1249.0,807.0,197.0,189.0,7.0,11.0,,88.0,22.0,1.0,1.0,6.0,6.0,35.0,7.0,27.0,41.0,8.0,3.0,5.0,5.0,14.0,,,,,,,,2.0,1.0,,,,,,,,,,,,,1.0,,,,,,,,,
2023-2024,Bundesliga,5irixhhyayq9yl7sb2kohjrv9,M. Wolf,Borussia Dortmund,17,Forward,22,12,10,3,1337,896.0,675.0,675.0,69.0,249.0,1132.0,618.0,173.0,64.0,,20.0,8.0,,363.0,23.0,46.0,29.0,60.0,,,,79.0,142.0,7.0,14.0,6.0,,20.0,8.0,288.0,8.0,33.0,33.0,92.0,12.0,2.0,12.0,5.0,10.0,6.0,5.0,15.0,8.0,1.0,,,12.0,12.0,11.0,5.0,,1.0,,,1.0,,,
2023-2024,Bundesliga,cl6720rdjeubt0bc3su0qg3qh,J. Ryerson,Borussia Dortmund,26,Defender,21,20,1,6,1915,1129.0,965.0,965.0,43.0,248.0,1533.0,931.0,121.0,39.0,,35.0,10.0,,595.0,39.0,83.0,47.0,103.0,,,,121.0,113.0,25.0,20.0,8.0,,41.0,18.0,364.0,12.0,31.0,31.0,112.0,18.0,3.0,23.0,26.0,24.0,14.0,6.0,26.0,13.0,8.0,4.0,4.0,9.0,9.0,16.0,11.0,,1.0,,,,,,
2023-2024,Bundesliga,8cho2d1nz18i5o0zt6aysd68l,M. Sabitzer,Borussia Dortmund,20,Midfielder,25,23,2,4,2203,1067.0,858.0,858.0,37.0,280.0,1446.0,831.0,175.0,45.0,,34.0,12.0,,439.0,35.0,71.0,41.0,97.0,,,,89.0,152.0,28.0,26.0,6.0,,39.0,15.0,375.0,20.0,22.0,13.0,99.0,15.0,3.0,24.0,14.0,19.0,32.0,12.0,21.0,19.0,20.0,4.0,3.0,10.0,2.0,11.0,27.0,,3.0,17.0,1.0,1.0,1.0,1.0,
2023-2024,Bundesliga,cd6i7khi5wgsfsg19c9tcjydx,M. Hummels,Borussia Dortmund,15,Defender,25,20,5,6,1829,1418.0,1262.0,1262.0,107.0,607.0,1830.0,1155.0,151.0,51.0,,82.0,33.0,,361.0,36.0,60.0,74.0,122.0,,,,99.0,103.0,9.0,62.0,38.0,,52.0,18.0,96.0,24.0,3.0,3.0,38.0,12.0,4.0,34.0,6.0,22.0,15.0,9.0,6.0,4.0,6.0,3.0,3.0,,,2.0,12.0,2.0,,,,3.0,1.0,1.0,
2023-2024,Bundesliga,d5mck7rf48chzersephpx29d5,N. Schlotterbeck,Borussia Dortmund,4,Defender,33,32,1,3,3147,2681.0,2380.0,2380.0,197.0,1150.0,3396.0,2184.0,288.0,128.0,,101.0,45.0,,773.0,58.0,88.0,116.0,187.0,,,,245.0,167.0,32.0,99.0,58.0,,70.0,20.0,183.0,41.0,7.0,7.0,62.0,17.0,4.0,50.0,3.0,27.0,21.0,14.0,10.0,12.0,7.0,2.0,2.0,1.0,1.0,8.0,32.0,1.0,3.0,,,4.0,,,
2023-2024,Bundesliga,btzfq6521zl3q5uqus8ltov6d,M. Reus,Borussia Dortmund,11,Midfielder,26,18,8,16,1698,707.0,576.0,576.0,19.0,159.0,1026.0,569.0,94.0,12.0,,18.0,5.0,,328.0,33.0,61.0,46.0,92.0,,,,58.0,104.0,21.0,31.0,13.0,,37.0,12.0,400.0,18.0,22.0,10.0,133.0,21.0,2.0,25.0,15.0,15.0,37.0,17.0,16.0,30.0,20.0,6.0,5.0,12.0,5.0,8.0,7.0,,6.0,19.0,1.0,6.0,,,
2023-2024,Bundesliga,emvi36y613e4lqlat3wfdih9l,S. Özcan,Borussia Dortmund,6,Forward,23,13,10,5,1361,794.0,680.0,680.0,25.0,176.0,1066.0,655.0,112.0,28.0,,18.0,17.0,,354.0,18.0,32.0,34.0,63.0,,,,86.0,85.0,22.0,31.0,16.0,,20.0,8.0,122.0,15.0,1.0,1.0,11.0,22.0,3.0,12.0,7.0,25.0,4.0,2.0,6.0,10.0,2.0,,,,,6.0,4.0,,,,,4.0,,,
2023-2024,Bundesliga,cjq9g6zgcxk1ceo2xzpe1qnyt,N. Füllkrug,Borussia Dortmund,14,Forward,31,29,2,17,2538,638.0,425.0,425.0,21.0,102.0,1131.0,405.0,207.0,12.0,,26.0,2.0,,251.0,8.0,30.0,87.0,224.0,,,,42.0,199.0,44.0,194.0,79.0,,8.0,5.0,511.0,115.0,4.0,4.0,170.0,28.0,1.0,3.0,24.0,14.0,49.0,22.0,17.0,36.0,27.0,12.0,9.0,1.0,1.0,5.0,14.0,3.0,8.0,,3.0,4.0,,,
2023-2024,Bundesliga,f4qcgzveslklfi8601tep77x1,J. Brandt,Borussia Dortmund,19,Midfielder,32,26,6,14,2391,1319.0,997.0,997.0,78.0,259.0,1772.0,976.0,145.0,62.0,,18.0,8.0,,629.0,41.0,87.0,50.0,124.0,,,,117.0,199.0,15.0,37.0,9.0,,17.0,3.0,740.0,28.0,116.0,43.0,264.0,8.0,2.0,14.0,42.0,17.0,27.0,11.0,43.0,67.0,16.0,7.0,6.0,57.0,14.0,27.0,9.0,,12.0,116.0,1.0,6.0,,,
2023-2024,Bundesliga,7q96z3aaee5jyccb8pjthi8kp,D. Malen,Borussia Dortmund,21,Midfielder,27,21,6,11,1930,546.0,399.0,399.0,11.0,111.0,973.0,399.0,101.0,11.0,,8.0,2.0,,243.0,49.0,113.0,56.0,139.0,,,,71.0,122.0,24.0,26.0,7.0,,11.0,4.0,540.0,19.0,32.0,32.0,209.0,11.0,5.0,7.0,39.0,7.0,51.0,15.0,60.0,20.0,36.0,13.0,13.0,11.0,7.0,42.0,25.0,1.0,1.0,4.0,,6.0,,,
2023-2024,Bundesliga,dqrzogrwznyks6whhfhq748ut,R. Bensebaini,Borussia Dortmund,5,Defender,17,11,6,3,1177,851.0,700.0,700.0,50.0,248.0,1143.0,652.0,130.0,36.0,,37.0,16.0,,359.0,37.0,52.0,55.0,83.0,,,,84.0,113.0,29.0,31.0,18.0,,34.0,13.0,219.0,13.0,19.0,19.0,50.0,15.0,3.0,21.0,3.0,15.0,14.0,13.0,2.0,3.0,1.0,,,2.0,2.0,16.0,10.0,,,,,1.0,,1.0,1.0
2023-2024,Bundesliga,2we9yak4ipkr1ljigj20puv6y,G. Reyna,Borussia Dortmund,7,Forward,11,1,10,1,375,193.0,164.0,164.0,4.0,52.0,281.0,162.0,25.0,2.0,,5.0,2.0,,79.0,11.0,18.0,15.0,27.0,,,,19.0,25.0,5.0,9.0,4.0,,9.0,3.0,118.0,5.0,2.0,2.0,27.0,2.0,1.0,6.0,7.0,4.0,4.0,2.0,4.0,7.0,2.0,,,2.0,2.0,5.0,5.0,,,,,,,,
2023-2024,Bundesliga,6384gzzxuxs6pvmrn8qx4d7u1,F. Nmecha,Borussia Dortmund,8,Forward,20,10,10,6,1143,457.0,382.0,382.0,18.0,118.0,696.0,364.0,72.0,9.0,,19.0,11.0,,205.0,22.0,41.0,42.0,69.0,,,,47.0,66.0,27.0,28.0,20.0,,19.0,6.0,174.0,8.0,3.0,3.0,47.0,9.0,3.0,13.0,13.0,13.0,13.0,10.0,13.0,11.0,3.0,1.0,1.0,,,9.0,15.0,,1.0,,,1.0,,,
2023-2024,Bundesliga,cy0lv5u16obr2ne4xiins43x1,S. Haller,Borussia Dortmund,9,Forward,14,5,9,5,474,115.0,78.0,78.0,2.0,22.0,217.0,76.0,37.0,,,7.0,,,45.0,4.0,8.0,23.0,48.0,,,,10.0,37.0,10.0,40.0,19.0,,1.0,1.0,91.0,21.0,,,36.0,8.0,2.0,,4.0,3.0,4.0,2.0,3.0,5.0,2.0,,,,,4.0,4.0,,1.0,,,1.0,,,
2023-2024,Bundesliga,eguzzwxdm0fwocax6srpck48a,Y. Moukoko,Borussia Dortmund,18,Forward,20,4,16,3,791,128.0,103.0,103.0,4.0,23.0,260.0,100.0,19.0,,,4.0,2.0,,59.0,12.0,28.0,18.0,44.0,,,,21.0,22.0,2.0,16.0,6.0,,4.0,3.0,120.0,10.0,3.0,3.0,43.0,8.0,1.0,1.0,10.0,3.0,11.0,4.0,13.0,6.0,7.0,5.0,5.0,1.0,1.0,11.0,4.0,,,,,1.0,,,
2023-2024,Bundesliga,4vy3j1o829f561jf4fqum7ob9,N. Süle,Borussia Dortmund,25,Forward,23,14,9,1,1729,1505.0,1400.0,1400.0,90.0,616.0,1781.0,1311.0,102.0,35.0,,58.0,25.0,,488.0,13.0,22.0,34.0,57.0,,,,83.0,68.0,1.0,35.0,21.0,,18.0,8.0,75.0,14.0,1.0,1.0,23.0,9.0,,10.0,6.0,11.0,3.0,2.0,1.0,4.0,1.0,1.0,1.0,1.0,1.0,3.0,18.0,,,,,,,,
2023-2024,Bundesliga,ebj6t5jqzixrnww1z7qofznu2,K. Adeyemi,Borussia Dortmund,27,Forward,21,10,11,8,1067,299.0,214.0,214.0,7.0,51.0,589.0,211.0,59.0,9.0,,5.0,3.0,,128.0,32.0,86.0,46.0,109.0,,,,60.0,72.0,19.0,23.0,14.0,,16.0,2.0,273.0,9.0,22.0,20.0,127.0,20.0,5.0,14.0,25.0,11.0,19.0,9.0,52.0,7.0,10.0,3.0,3.0,4.0,2.0,18.0,4.0,,1.0,4.0,,,,1.0,1.0
2023-2024,Bundesliga,2jrntrq2x714pviioh3jnkted,A. Meyer,Borussia Dortmund,33,Forward,8,7,1,0,761,366.0,302.0,302.0,53.0,245.0,384.0,249.0,63.0,60.0,6.0,2.0,,19.0,4.0,2.0,2.0,2.0,2.0,8.0,3.0,7.0,12.0,3.0,,,,1.0,1.0,,,,,,,,,1.0,,,,,,,,,,,,1.0,1.0,,,,,,,,
2023-2024,Bundesliga,c2mwg1uhug0pbgl72uf9b927e,J. Gittens,Borussia Dortmund,43,Forward,25,14,11,13,1167,363.0,281.0,281.0,6.0,54.0,706.0,278.0,68.0,10.0,,7.0,4.0,,183.0,49.0,119.0,53.0,133.0,,,,37.0,68.0,25.0,14.0,4.0,,14.0,7.0,366.0,10.0,10.0,10.0,121.0,12.0,1.0,7.0,31.0,9.0,24.0,13.0,63.0,16.0,11.0,1.0,1.0,3.0,3.0,42.0,21.0,,5.0,,,2.0,,,
2023-2024,Bundesliga,64pzn3jdqo6y2izlpm8n3tvpx,M. Neuer,Bayern München,1,Goalkeeper,23,23,0,1,2228,876.0,754.0,754.0,142.0,602.0,941.0,612.0,122.0,115.0,9.0,14.0,,60.0,25.0,2.0,2.0,8.0,11.0,33.0,7.0,23.0,31.0,7.0,2.0,9.0,6.0,5.0,1.0,,2.0,3.0,,,2.0,1.0,1.0,1.0,,,,,,,,,,,,1.0,,,,,,,,,
2023-2024,Bundesliga,7vhnftizqlyu31st2vsmgh6tx,N. Mazraoui,Bayern München,40,Defender,19,15,4,7,1278,980.0,862.0,862.0,27.0,331.0,1256.0,838.0,96.0,14.0,,27.0,20.0,,415.0,33.0,57.0,52.0,97.0,,,,63.0,98.0,11.0,40.0,19.0,,32.0,11.0,330.0,21.0,16.0,16.0,99.0,10.0,3.0,21.0,6.0,13.0,6.0,3.0,13.0,14.0,3.0,,,3.0,3.0,12.0,7.0,,3.0,,,,,,
2023-2024,Bundesliga,582uvj0i3dvm0zwbou9q68pgp,A. Davies,Bayern München,19,Defender,29,24,5,8,2219,1642.0,1430.0,1430.0,34.0,401.0,2253.0,1406.0,181.0,32.0,,49.0,26.0,,826.0,94.0,178.0,108.0,201.0,,,,179.0,170.0,20.0,23.0,14.0,,47.0,23.0,620.0,9.0,21.0,21.0,163.0,16.0,,24.0,24.0,26.0,9.0,5.0,61.0,34.0,4.0,2.0,2.0,10.0,10.0,70.0,8.0,,5.0,,,4.0,,,
2023-2024,Bundesliga,4w4ldzomkj7fhrc51iimz8no5,L. Goretzka,Bayern München,8,Midfielder,30,25,5,8,2424,1754.0,1556.0,1556.0,63.0,587.0,2292.0,1496.0,185.0,43.0,,42.0,31.0,,669.0,36.0,65.0,72.0,130.0,,,,171.0,149.0,14.0,65.0,36.0,,41.0,18.0,483.0,29.0,7.0,7.0,94.0,23.0,3.0,23.0,14.0,36.0,37.0,23.0,11.0,29.0,14.0,6.0,6.0,3.0,3.0,13.0,27.0,1.0,8.0,,,9.0,,,
2023-2024,Bundesliga,x4qyxhfr2vi007sazoqe5vit,D. Upamecano,Bayern München,2,Defender,25,19,6,5,1926,1813.0,1677.0,1677.0,68.0,770.0,2219.0,1610.0,131.0,32.0,,56.0,19.0,,533.0,27.0,45.0,69.0,112.0,,,,156.0,101.0,8.0,67.0,42.0,,34.0,13.0,120.0,25.0,2.0,2.0,29.0,22.0,2.0,21.0,4.0,12.0,10.0,6.0,5.0,4.0,4.0,1.0,1.0,1.0,1.0,6.0,8.0,1.0,,,,1.0,,1.0,1.0
2023-2024,Bundesliga,2p1pns6j6id4nx3nbi7fv0wrt,Kim Min-Jae,Bayern München,3,Defender,25,22,3,4,2131,2139.0,1986.0,1986.0,54.0,1055.0,2604.0,1932.0,149.0,46.0,,70.0,45.0,,468.0,26.0,39.0,101.0,143.0,,,,143.0,105.0,2.0,104.0,75.0,,37.0,13.0,84.0,29.0,2.0,2.0,34.0,19.0,3.0,24.0,5.0,10.0,8.0,5.0,,7.0,3.0,1.0,1.0,,,2.0,21.0,1.0,1.0,,,4.0,,,
2023-2024,Bundesliga,1u1u438ql6xrordkb65wsxo7p,K. Coman,Bayern München,11,Midfielder,17,15,2,13,1137,647.0,509.0,509.0,19.0,109.0,918.0,509.0,71.0,15.0,,5.0,2.0,,370.0,36.0,79.0,42.0,90.0,,,,50.0,100.0,19.0,11.0,6.0,,12.0,5.0,572.0,5.0,44.0,44.0,216.0,6.0,1.0,7.0,22.0,14.0,23.0,15.0,38.0,22.0,8.0,3.0,3.0,19.0,16.0,29.0,12.0,,3.0,3.0,,1.0,,,
2023-2024,Bundesliga,1qthvf5krys0pzk24h8wtr9at,K. Laimer,Bayern München,27,Forward,29,18,11,6,1929,1457.0,1281.0,1281.0,33.0,451.0,1874.0,1261.0,136.0,19.0,,13.0,18.0,,637.0,59.0,105.0,71.0,136.0,,,,114.0,139.0,15.0,31.0,12.0,,56.0,20.0,523.0,19.0,22.0,22.0,127.0,28.0,3.0,36.0,17.0,36.0,14.0,9.0,26.0,20.0,5.0,,,13.0,9.0,23.0,9.0,,3.0,4.0,,4.0,,,
2023-2024,Bundesliga,b9g4qurpll4wizajo95c406hh,H. Kane,Bayern München,9,Forward,32,32,0,5,3051,664.0,465.0,465.0,59.0,164.0,1176.0,415.0,164.0,36.0,,14.0,6.0,,255.0,33.0,74.0,63.0,138.0,,,,55.0,151.0,39.0,64.0,30.0,,13.0,4.0,638.0,34.0,23.0,22.0,277.0,10.0,2.0,9.0,45.0,8.0,108.0,42.0,37.0,26.0,66.0,36.0,30.0,9.0,8.0,24.0,42.0,8.0,8.0,2.0,6.0,13.0,,,
2023-2024,Bundesliga,bhsdzppop8jwjsxwftizot1t6,J. Musiala,Bayern München,42,Midfielder,24,20,4,16,1833,772.0,619.0,619.0,7.0,175.0,1351.0,614.0,135.0,7.0,,5.0,16.0,,356.0,112.0,200.0,119.0,218.0,,,,91.0,138.0,39.0,18.0,7.0,,40.0,15.0,744.0,11.0,10.0,10.0,219.0,26.0,2.0,25.0,51.0,24.0,36.0,15.0,73.0,38.0,21.0,10.0,10.0,2.0,1.0,87.0,23.0,1.0,5.0,1.0,,12.0,,,
2023-2024,Bundesliga,4603xrdk721lqhd1ejn62x5n9,L. Sané,Bayern München,10,Midfielder,27,25,2,9,2286,1098.0,843.0,843.0,32.0,205.0,1642.0,846.0,156.0,28.0,,3.0,7.0,,545.0,101.0,191.0,104.0,196.0,,,,97.0,187.0,21.0,5.0,3.0,,15.0,7.0,976.0,2.0,59.0,24.0,312.0,26.0,4.0,8.0,42.0,12.0,50.0,22.0,83.0,66.0,28.0,8.0,8.0,35.0,7.0,93.0,23.0,,11.0,63.0,,8.0,,,
2023-2024,Bundesliga,4ysxvym6ww4f9d3hflkqsbf11,S. Gnabry,Bayern München,7,Forward,10,5,5,6,470,214.0,178.0,178.0,6.0,31.0,318.0,174.0,25.0,3.0,,2.0,3.0,,126.0,11.0,21.0,14.0,26.0,,,,26.0,30.0,3.0,5.0,3.0,,8.0,3.0,151.0,2.0,8.0,7.0,60.0,6.0,,5.0,3.0,5.0,10.0,4.0,7.0,7.0,6.0,3.0,3.0,2.0,2.0,6.0,7.0,1.0,1.0,1.0,,3.0,,,
2023-2024,Bundesliga,e5mjphb52suw89189nyca72z9,E. Choupo-Moting,Bayern München,13,Forward,27,7,20,4,888,282.0,228.0,228.0,8.0,46.0,510.0,224.0,43.0,3.0,,7.0,7.0,,154.0,35.0,58.0,50.0,82.0,,,,41.0,47.0,7.0,24.0,15.0,,17.0,5.0,243.0,9.0,7.0,7.0,105.0,10.0,1.0,12.0,18.0,5.0,21.0,10.0,18.0,11.0,11.0,2.0,2.0,4.0,4.0,23.0,5.0,1.0,2.0,,,3.0,,,
2023-2024,Bundesliga,csnsu3jg12e3ridlmteuyrbp,B. Sarr,Bayern München,20,Forward,2,1,1,0,120,104.0,91.0,91.0,2.0,27.0,123.0,90.0,12.0,1.0,,1.0,,,56.0,1.0,6.0,2.0,8.0,,,,3.0,11.0,1.0,2.0,1.0,,2.0,2.0,17.0,1.0,,,3.0,,,,,3.0,1.0,,3.0,,1.0,,,1.0,1.0,1.0,,,,,,,,,
2023-2024,Bundesliga,4fq74wp7xzwm214veuxqpdz9x,T. Müller,Bayern München,25,Midfielder,31,20,11,16,1766,810.0,590.0,590.0,28.0,168.0,1116.0,574.0,163.0,27.0,,6.0,3.0,,348.0,27.0,49.0,57.0,104.0,,,,55.0,179.0,21.0,55.0,30.0,,26.0,10.0,615.0,25.0,43.0,43.0,234.0,12.0,,16.0,23.0,22.0,22.0,11.0,12.0,42.0,11.0,5.0,5.0,12.0,12.0,11.0,14.0,1.0,9.0,,,7.0,,,
2023-2024,Bundesliga,br2uswvdgoj7ndkx7mnbwgyd,S. Ulreich,Bayern München,26,Forward,11,11,0,0,1073,395.0,333.0,333.0,42.0,259.0,421.0,291.0,62.0,59.0,5.0,3.0,,19.0,7.0,0.0,1.0,1.0,2.0,12.0,4.0,11.0,17.0,3.0,,1.0,1.0,3.0,1.0,1.0,,,,,,,1.0,,,,,,,1.0,,,,,,,,,,,,,,,
2023-2024,Bundesliga,cv1d56d42wujfuc4kt6bn53x0,M. Tel,Bayern München,39,Forward,30,6,24,2,1271,410.0,330.0,330.0,9.0,65.0,727.0,331.0,57.0,4.0,,6.0,6.0,,232.0,39.0,86.0,53.0,113.0,,,,42.0,63.0,15.0,27.0,14.0,,12.0,10.0,401.0,13.0,10.0,10.0,148.0,18.0,2.0,2.0,33.0,11.0,30.0,12.0,37.0,11.0,18.0,7.0,7.0,10.0,8.0,37.0,13.0,2.0,6.0,2.0,,1.0,,,
2023-2024,Bundesliga,72gykk4phjme27eiribg0xwfe,F. Krätzig,Bayern München,41,Forward,4,0,4,0,80,50.0,45.0,45.0,3.0,11.0,64.0,42.0,5.0,1.0,,,,,26.0,0.0,4.0,0.0,4.0,,,,4.0,4.0,,,,,2.0,2.0,17.0,,,,1.0,,,,2.0,,2.0,,2.0,1.0,2.0,,,,,,,,,,,1.0,,,
2023-2024,Bundesliga,9u0jnvttp25l5bp2pvx7pces,A. Pavlović,Bayern München,45,Midfielder,19,14,5,7,1312,971.0,885.0,885.0,47.0,328.0,1208.0,850.0,61.0,10.0,,12.0,17.0,,379.0,21.0,39.0,31.0,62.0,,,,75.0,59.0,16.0,23.0,10.0,,28.0,12.0,196.0,13.0,8.0,2.0,41.0,20.0,6.0,16.0,14.0,10.0,4.0,2.0,6.0,8.0,2.0,2.0,2.0,12.0,4.0,5.0,7.0,,3.0,14.0,,,,,
2023-2024,Bundesliga,6gjlcd7rzi3p74qwvj7ia6esq,N. Atubolu,Freiburg,1,Goalkeeper,34,34,0,0,3379,1392.0,982.0,982.0,285.0,819.0,1487.0,697.0,407.0,398.0,31.0,8.0,,105.0,18.0,0.0,0.0,7.0,7.0,58.0,10.0,34.0,62.0,9.0,3.0,7.0,7.0,13.0,,,,,,,,,,,,,,,,1.0,,,,,,,,,,,,,,,
2023-2024,Bundesliga,d36na8jr6xcc8eronhy8mcz1m,K. Sildillia,Freiburg,25,Defender,27,20,7,2,2067,1167.0,835.0,835.0,119.0,348.0,1612.0,728.0,293.0,125.0,,64.0,22.0,,354.0,35.0,80.0,67.0,149.0,,,,107.0,193.0,10.0,69.0,32.0,,43.0,24.0,285.0,37.0,25.0,25.0,78.0,29.0,2.0,19.0,10.0,18.0,6.0,5.0,21.0,11.0,1.0,,,12.0,12.0,16.0,16.0,,2.0,,,1.0,1.0,1.0,
2023-2024,Bundesliga,2jk8zu0m0tf7if0pyrkbo82xh,L. Kübler,Freiburg,17,Defender,26,22,4,8,2021,1030.0,803.0,803.0,97.0,331.0,1442.0,708.0,204.0,94.0,,57.0,37.0,,375.0,27.0,61.0,62.0,121.0,,,,113.0,129.0,24.0,60.0,35.0,,50.0,26.0,213.0,25.0,19.0,19.0,61.0,19.0,7.0,24.0,6.0,22.0,7.0,4.0,8.0,3.0,3.0,1.0,1.0,2.0,2.0,3.0,16.0,1.0,,,,2.0,,,
2023-2024,Bundesliga,f5ln82l8q7gvouj3zhsp5t4gl,M. Eggestein,Freiburg,8,Midfielder,33,33,0,5,3201,1330.0,1079.0,1079.0,32.0,431.0,1932.0,1048.0,236.0,30.0,,40.0,28.0,,432.0,44.0,90.0,95.0,184.0,,,,167.0,214.0,24.0,94.0,51.0,,49.0,25.0,366.0,43.0,8.0,8.0,60.0,32.0,6.0,24.0,19.0,34.0,20.0,12.0,21.0,21.0,8.0,1.0,1.0,1.0,1.0,20.0,37.0,,1.0,,,4.0,,,
2023-2024,Bundesliga,84mp3eqt1ckw107hwxpby9cd1,M. Ginter,Freiburg,28,Defender,23,22,1,4,2079,1250.0,1036.0,1036.0,58.0,503.0,1629.0,981.0,196.0,90.0,,93.0,16.0,,331.0,17.0,34.0,67.0,113.0,,,,100.0,119.0,15.0,79.0,50.0,,29.0,14.0,97.0,29.0,13.0,13.0,34.0,8.0,3.0,15.0,2.0,14.0,7.0,2.0,3.0,4.0,5.0,,,3.0,3.0,2.0,27.0,,1.0,,,2.0,,,
2023-2024,Bundesliga,6o2v57d92t1mejod24gmufcut,P. Lienhart,Freiburg,3,Defender,15,14,1,1,1385,982.0,814.0,814.0,80.0,410.0,1230.0,734.0,161.0,89.0,,51.0,14.0,,226.0,13.0,24.0,46.0,71.0,,,,77.0,76.0,6.0,47.0,33.0,,20.0,7.0,44.0,14.0,4.0,4.0,17.0,12.0,3.0,13.0,,7.0,7.0,4.0,4.0,3.0,3.0,1.0,1.0,,,,11.0,1.0,,,,2.0,,,
2023-2024,Bundesliga,7o11dzx2cccrslutrjl16ik89,R. Doan,Freiburg,42,Midfielder,30,26,4,13,2405,713.0,489.0,489.0,20.0,192.0,1281.0,484.0,159.0,54.0,,29.0,9.0,,244.0,80.0,170.0,101.0,219.0,,,,97.0,151.0,35.0,49.0,21.0,,50.0,23.0,491.0,28.0,46.0,36.0,145.0,26.0,2.0,27.0,36.0,27.0,29.0,10.0,67.0,22.0,19.0,7.0,7.0,15.0,10.0,53.0,11.0,3.0,2.0,15.0,,5.0,,,
2023-2024,Bundesliga,ejnh215cji6xou661kiwcc91x,N. Höfler,Freiburg,27,Midfielder,28,26,2,3,2577,1153.0,984.0,984.0,32.0,371.0,1677.0,953.0,164.0,31.0,,45.0,31.0,,386.0,54.0,81.0,103.0,178.0,,,,152.0,134.0,31.0,97.0,49.0,,63.0,23.0,216.0,48.0,1.0,1.0,44.0,29.0,10.0,40.0,20.0,14.0,10.0,9.0,4.0,7.0,1.0,1.0,1.0,1.0,1.0,14.0,22.0,1.0,1.0,,,,1.0,1.0,
2023-2024,Bundesliga,5n7vp6g13q7sxkzbygfbz27oq,M. Röhl,Freiburg,34,Midfielder,24,17,7,13,1655,458.0,357.0,357.0,14.0,102.0,889.0,351.0,85.0,13.0,,22.0,9.0,,185.0,34.0,68.0,55.0,120.0,,,,103.0,80.0,28.0,52.0,21.0,,21.0,8.0,309.0,31.0,8.0,8.0,83.0,35.0,3.0,13.0,42.0,24.0,17.0,9.0,26.0,18.0,8.0,2.0,2.0,8.0,8.0,21.0,10.0,,3.0,,,1.0,1.0,1.0,
2023-2024,Bundesliga,bsyv3fmihshve4jcr11qmtmfp,L. Höler,Freiburg,9,Forward,33,26,7,16,2451,739.0,489.0,489.0,20.0,115.0,1318.0,474.0,232.0,18.0,,35.0,15.0,,293.0,37.0,62.0,117.0,244.0,,,,104.0,221.0,48.0,182.0,80.0,,32.0,8.0,520.0,102.0,7.0,7.0,178.0,25.0,7.0,24.0,19.0,15.0,28.0,11.0,17.0,29.0,17.0,7.0,6.0,5.0,5.0,13.0,10.0,1.0,3.0,,1.0,2.0,,,
2023-2024,Bundesliga,2az0f39bhz2kvxhopalzi0h5h,V. Grifo,Freiburg,32,Midfielder,32,29,3,23,2405,1335.0,921.0,921.0,89.0,287.0,1793.0,882.0,222.0,109.0,,20.0,15.0,,568.0,43.0,93.0,55.0,125.0,,,,130.0,244.0,16.0,32.0,12.0,,31.0,11.0,627.0,20.0,131.0,75.0,234.0,13.0,3.0,20.0,20.0,21.0,37.0,19.0,39.0,46.0,18.0,8.0,2.0,50.0,27.0,23.0,12.0,,8.0,79.0,6.0,7.0,,,
2023-2024,Bundesliga,e8hf96xbntslqrlottv5yp016,K. Schmidt,Freiburg,4,Forward,5,0,5,0,113,48.0,41.0,41.0,3.0,13.0,70.0,40.0,5.0,1.0,,2.0,1.0,,22.0,2.0,3.0,3.0,5.0,,,,11.0,4.0,,2.0,1.0,,2.0,,6.0,1.0,,,3.0,1.0,,2.0,1.0,1.0,1.0,1.0,1.0,2.0,,,,2.0,2.0,,,,,,,,,,
2023-2024,Bundesliga,e8dpcth2x1y0zbaovljbgk5hx,M. Gulde,Freiburg,5,Defender,27,23,4,4,2272,1095.0,941.0,941.0,48.0,415.0,1468.0,894.0,149.0,71.0,,82.0,25.0,,341.0,25.0,42.0,74.0,124.0,,,,78.0,80.0,15.0,82.0,49.0,,37.0,14.0,63.0,33.0,2.0,2.0,29.0,17.0,4.0,23.0,2.0,10.0,8.0,7.0,3.0,1.0,1.0,1.0,1.0,1.0,1.0,2.0,18.0,1.0,,,,,,1.0,1.0
2023-2024,Bundesliga,2es4ydlcwwasm6mu7rmey5r3e,N. Weißhaupt,Freiburg,7,Forward,24,6,18,3,973,392.0,269.0,269.0,21.0,74.0,557.0,263.0,69.0,36.0,,12.0,8.0,,172.0,12.0,52.0,15.0,65.0,,,,37.0,71.0,31.0,13.0,3.0,,9.0,5.0,203.0,10.0,38.0,37.0,68.0,8.0,1.0,4.0,4.0,7.0,2.0,1.0,35.0,10.0,1.0,1.0,1.0,15.0,14.0,8.0,2.0,,1.0,2.0,,1.0,,,
2023-2024,Bundesliga,7at6knpizbafid4br861pi6zt,Y. Keitel,Freiburg,14,Forward,15,11,4,4,1012,560.0,443.0,443.0,35.0,236.0,774.0,408.0,115.0,61.0,,44.0,12.0,,137.0,18.0,26.0,41.0,66.0,,,,52.0,56.0,6.0,40.0,23.0,,20.0,5.0,46.0,17.0,2.0,2.0,19.0,12.0,,15.0,3.0,9.0,5.0,3.0,3.0,1.0,2.0,1.0,1.0,,,3.0,9.0,,,,,,,,
2023-2024,Bundesliga,ejuw5de99fjgrxdn79aulbm96,J. Adamu,Freiburg,20,Forward,15,0,15,0,217,30.0,18.0,18.0,,3.0,81.0,18.0,11.0,1.0,,2.0,,,15.0,1.0,8.0,6.0,19.0,,,,10.0,11.0,4.0,11.0,5.0,,5.0,4.0,27.0,6.0,1.0,1.0,13.0,7.0,,1.0,5.0,1.0,2.0,1.0,3.0,1.0,1.0,,,,,,,,,,,,,,
2023-2024,Bundesliga,5bzowvtg5vhntcx1w3roriehh,,Freiburg,21,Forward,0,0,0,0,0,,,,,,,,,,,,,,,0.0,0.0,0.0,0.0,,,,,,,,,,,,,,,,,,,,,,,,,,,,,,,,,,,,,,,,
2023-2024,Bundesliga,cp5t077hogyhom0scrziguyju,J. Makengo,Freiburg,33,Forward,20,10,10,5,1145,545.0,444.0,444.0,24.0,178.0,764.0,425.0,78.0,30.0,,37.0,11.0,,209.0,23.0,43.0,40.0,75.0,,,,46.0,66.0,11.0,32.0,17.0,,17.0,6.0,160.0,15.0,18.0,18.0,52.0,14.0,1.0,11.0,5.0,12.0,3.0,3.0,14.0,1.0,,,,5.0,5.0,12.0,4.0,,,,,,,,
2023-2024,Bundesliga,7c6034wb3zsuq9nhxxiahiuol,M. Gregoritsch,Freiburg,38,Forward,32,19,13,13,1868,440.0,266.0,266.0,14.0,86.0,927.0,254.0,161.0,8.0,,27.0,9.0,,122.0,17.0,36.0,108.0,220.0,,,,62.0,162.0,19.0,184.0,91.0,,16.0,4.0,442.0,93.0,9.0,9.0,173.0,16.0,2.0,12.0,13.0,13.0,60.0,34.0,15.0,13.0,26.0,7.0,7.0,2.0,2.0,5.0,18.0,3.0,3.0,,,,,,
2023-2024,Bundesliga,1ljgis575ujto4361ed15w0r9,M. Nicolas,Borussia M'gladbach,33,Goalkeeper,27,27,0,0,2675,1055.0,818.0,818.0,160.0,597.0,1131.0,658.0,231.0,222.0,21.0,12.0,,115.0,32.0,0.0,1.0,10.0,11.0,49.0,4.0,27.0,35.0,9.0,2.0,10.0,10.0,16.0,1.0,1.0,,,,,,1.0,2.0,,,,,,,,,,,,,,,,,,,,,,
2023-2024,Bundesliga,43eq31reskwn9veb3vickralm,J. Scally,Borussia M'gladbach,29,Defender,31,25,6,6,2471,1312.0,1041.0,1041.0,59.0,372.0,1760.0,993.0,224.0,84.0,,78.0,18.0,,495.0,39.0,77.0,61.0,131.0,,,,92.0,175.0,46.0,54.0,22.0,,41.0,13.0,291.0,32.0,35.0,35.0,104.0,16.0,4.0,28.0,21.0,20.0,9.0,8.0,25.0,11.0,1.0,1.0,1.0,11.0,11.0,11.0,13.0,,4.0,,,,,,
2023-2024,Bundesliga,22zaq3o78o5feeogqdsvig02y,L. Netz,Borussia M'gladbach,20,Midfielder,30,25,5,11,2395,1220.0,925.0,925.0,62.0,321.0,1748.0,883.0,213.0,74.0,,76.0,22.0,,507.0,45.0,89.0,82.0,155.0,,,,130.0,196.0,16.0,66.0,37.0,,38.0,16.0,455.0,29.0,57.0,44.0,167.0,26.0,2.0,22.0,28.0,26.0,11.0,6.0,28.0,26.0,5.0,,,20.0,11.0,23.0,16.0,,4.0,22.0,,2.0,,,
2023-2024,Bundesliga,bc5vmdnoyshdi5hcgu8dgqxyi,R. Reitz,Borussia M'gladbach,27,Midfielder,34,24,10,17,2292,1043.0,780.0,780.0,40.0,308.0,1654.0,742.0,243.0,45.0,,31.0,44.0,,371.0,56.0,115.0,69.0,154.0,,,,171.0,211.0,45.0,39.0,13.0,,61.0,25.0,305.0,26.0,13.0,13.0,90.0,26.0,2.0,36.0,30.0,41.0,23.0,9.0,34.0,18.0,14.0,6.0,6.0,2.0,2.0,20.0,30.0,1.0,3.0,,,11.0,,,
2023-2024,Bundesliga,8k5c8po5gx3vnxx36viq08xqt,N. Elvedi,Borussia M'gladbach,30,Defender,30,28,2,4,2710,1690.0,1499.0,1499.0,45.0,599.0,2257.0,1455.0,186.0,75.0,,150.0,43.0,,543.0,24.0,42.0,96.0,160.0,,,,137.0,113.0,18.0,118.0,72.0,,33.0,15.0,101.0,46.0,2.0,2.0,45.0,13.0,5.0,18.0,4.0,15.0,15.0,9.0,3.0,3.0,6.0,2.0,2.0,1.0,1.0,6.0,28.0,1.0,1.0,,,2.0,,,
2023-2024,Bundesliga,9r20sl10trs6903jz83hmt6nd,M. Wöber,Borussia M'gladbach,39,Defender,25,24,1,6,2242,1485.0,1215.0,1215.0,72.0,573.0,2017.0,1152.0,245.0,110.0,,111.0,38.0,,432.0,33.0,71.0,80.0,150.0,,,,147.0,147.0,3.0,79.0,47.0,,66.0,35.0,164.0,32.0,12.0,12.0,51.0,27.0,3.0,31.0,2.0,21.0,16.0,13.0,3.0,9.0,3.0,2.0,2.0,9.0,9.0,2.0,29.0,2.0,1.0,,,,,1.0,1.0
2023-2024,Bundesliga,e0hk5aepnpo7cne006zwahfx1,F. Honorat,Borussia M'gladbach,9,Midfielder,32,28,4,18,2469,1207.0,705.0,705.0,69.0,215.0,1640.0,733.0,244.0,98.0,,35.0,9.0,,431.0,34.0,84.0,51.0,120.0,,,,138.0,297.0,14.0,36.0,17.0,,25.0,12.0,729.0,19.0,151.0,91.0,345.0,9.0,1.0,13.0,18.0,19.0,23.0,13.0,38.0,65.0,10.0,3.0,3.0,97.0,42.0,21.0,8.0,,10.0,115.0,,3.0,,,
2023-2024,Bundesliga,5i8dbjuewybsfgyym63clfw0l,J. Weigl,Borussia M'gladbach,8,Midfielder,31,31,0,2,3018,1473.0,1309.0,1309.0,84.0,469.0,2023.0,1227.0,156.0,51.0,,61.0,48.0,,553.0,54.0,91.0,79.0,135.0,,,,168.0,107.0,30.0,44.0,25.0,,66.0,26.0,198.0,19.0,2.0,2.0,24.0,33.0,10.0,40.0,9.0,33.0,13.0,7.0,11.0,18.0,6.0,2.0,,2.0,1.0,14.0,20.0,,3.0,1.0,2.0,2.0,,,
2023-2024,Bundesliga,5xhjvappzv6swoof5qpi0yj9,J. Siebatcheu,Borussia M'gladbach,13,Forward,26,18,8,13,1569,286.0,223.0,223.0,8.0,38.0,636.0,215.0,63.0,3.0,,28.0,5.0,,143.0,7.0,24.0,54.0,118.0,,,,35.0,60.0,30.0,94.0,47.0,,10.0,6.0,201.0,47.0,,,96.0,37.0,2.0,4.0,31.0,9.0,27.0,18.0,11.0,21.0,9.0,5.0,5.0,,,3.0,12.0,2.0,3.0,,,,,,
2023-2024,Bundesliga,7tj7eobo7kmk8egcbfrabe8d1,A. Pléa,Borussia M'gladbach,14,Forward,27,24,3,19,1982,774.0,531.0,531.0,39.0,203.0,1145.0,502.0,198.0,26.0,,6.0,2.0,,254.0,28.0,73.0,43.0,115.0,,,,72.0,207.0,29.0,42.0,15.0,,17.0,10.0,497.0,27.0,35.0,32.0,164.0,15.0,1.0,7.0,33.0,11.0,46.0,27.0,35.0,25.0,19.0,7.0,6.0,10.0,6.0,21.0,12.0,2.0,4.0,7.0,1.0,13.0,,,
2023-2024,Bundesliga,d0qyia80j5079xq5olbttqfl6,N. Ngoumou,Borussia M'gladbach,19,Forward,32,14,18,15,1531,445.0,319.0,319.0,10.0,74.0,809.0,319.0,93.0,8.0,,17.0,5.0,,205.0,42.0,103.0,51.0,146.0,,,,62.0,104.0,18.0,43.0,9.0,,37.0,15.0,349.0,34.0,19.0,19.0,136.0,13.0,1.0,22.0,14.0,22.0,24.0,13.0,46.0,12.0,11.0,5.0,5.0,10.0,9.0,20.0,7.0,1.0,2.0,1.0,,,,,
2023-2024,Bundesliga,3h6q9lkwovcu4pynltgnzhy50,F. Chiarodia,Borussia M'gladbach,2,Forward,7,1,6,1,196,87.0,77.0,77.0,2.0,28.0,123.0,76.0,9.0,5.0,,9.0,3.0,,37.0,5.0,8.0,10.0,16.0,,,,4.0,4.0,,8.0,5.0,,8.0,3.0,5.0,3.0,,,,1.0,,5.0,1.0,1.0,,,,,,,,1.0,1.0,,1.0,,,,,,,,
2023-2024,Bundesliga,ckjid5lfgbx8tdyoi32vbwn9x,M. Friedrich,Borussia M'gladbach,5,Defender,24,17,7,3,1758,905.0,755.0,755.0,33.0,367.0,1206.0,722.0,145.0,82.0,,87.0,17.0,,220.0,17.0,26.0,54.0,82.0,,,,68.0,65.0,10.0,56.0,37.0,,23.0,8.0,59.0,19.0,2.0,2.0,30.0,10.0,1.0,15.0,1.0,8.0,10.0,8.0,1.0,3.0,2.0,,,,,2.0,22.0,,,,,,,,
2023-2024,Bundesliga,l8bphgwl3llcckvf9zr6ptqt,P. Herrmann,Borussia M'gladbach,7,Forward,8,0,8,0,169,44.0,24.0,24.0,5.0,9.0,69.0,24.0,13.0,1.0,,2.0,1.0,,18.0,4.0,5.0,5.0,7.0,,,,6.0,14.0,2.0,2.0,1.0,,4.0,,35.0,1.0,2.0,1.0,18.0,3.0,1.0,4.0,1.0,1.0,3.0,3.0,1.0,3.0,,,,5.0,,,1.0,,,6.0,,,,,
2023-2024,Bundesliga,514es9hzl2skv9dl5cofgkogl,F. Neuhaus,Borussia M'gladbach,10,Forward,25,15,10,13,1321,567.0,463.0,463.0,37.0,172.0,803.0,433.0,91.0,24.0,,8.0,14.0,,204.0,23.0,37.0,30.0,51.0,,,,70.0,70.0,18.0,14.0,7.0,,15.0,3.0,193.0,7.0,3.0,3.0,43.0,9.0,4.0,12.0,16.0,2.0,26.0,12.0,11.0,19.0,14.0,4.0,3.0,7.0,7.0,11.0,19.0,1.0,2.0,,1.0,7.0,,,
2023-2024,Bundesliga,1mkbxdrj3myvt6jm4tx8sywgl,C. Kramer,Borussia M'gladbach,23,Forward,14,1,13,1,370,183.0,143.0,143.0,7.0,57.0,272.0,138.0,35.0,6.0,,6.0,4.0,,56.0,9.0,20.0,16.0,34.0,,,,20.0,31.0,3.0,14.0,7.0,,10.0,5.0,69.0,7.0,2.0,2.0,28.0,6.0,4.0,5.0,4.0,6.0,1.0,1.0,6.0,2.0,,,,2.0,1.0,4.0,1.0,,,1.0,,,,,
2023-2024,Bundesliga,5nbk2xeyrs7pxdye1jtqudhpl,R. Hack,Borussia M'gladbach,25,Forward,29,14,15,11,1507,525.0,371.0,371.0,25.0,91.0,936.0,364.0,107.0,31.0,,21.0,14.0,,244.0,34.0,78.0,50.0,116.0,,,,79.0,104.0,22.0,38.0,16.0,,15.0,7.0,351.0,22.0,28.0,17.0,147.0,17.0,2.0,8.0,36.0,16.0,37.0,15.0,37.0,21.0,22.0,10.0,10.0,18.0,9.0,26.0,6.0,2.0,2.0,20.0,,3.0,,,
2023-2024,Bundesliga,bxwa90x92eaokwxwylx7389re,G. Ranos,Borussia M'gladbach,28,Forward,9,0,9,0,132,25.0,20.0,20.0,,6.0,52.0,20.0,4.0,1.0,,,,,9.0,1.0,4.0,2.0,10.0,,,,5.0,4.0,,6.0,1.0,,1.0,1.0,26.0,5.0,1.0,1.0,6.0,,,,5.0,,1.0,1.0,2.0,1.0,,,,,,1.0,2.0,,1.0,,,,,,
2023-2024,Bundesliga,dp217lcujazwh6x67xxws4fai,T. Čvančara,Borussia M'gladbach,31,Forward,21,7,14,6,1028,216.0,135.0,135.0,3.0,31.0,414.0,134.0,77.0,1.0,,8.0,2.0,,79.0,8.0,21.0,31.0,74.0,,,,16.0,77.0,13.0,53.0,23.0,,4.0,1.0,165.0,30.0,1.0,1.0,75.0,9.0,4.0,3.0,11.0,4.0,26.0,13.0,12.0,6.0,13.0,4.0,3.0,2.0,2.0,5.0,11.0,,1.0,,1.0,,,,
2023-2024,Bundesliga,8dq80nkl6nbdejj2ti0mb2w6i,,Borussia M'gladbach,41,Forward,0,0,0,0,0,,,,,,,,,,,,,,,0.0,0.0,0.0,0.0,,,,,,,,,,,,,,,,,,,,,,,,,,,,,,,,,,,,,,,,
2023-2024,Bundesliga,ezsqr7bc70n69t97uvdsxvsut,K. Müller,Heidenheim,1,Goalkeeper,34,34,0,0,3331,1482.0,1104.0,1104.0,357.0,927.0,1548.0,747.0,376.0,373.0,24.0,6.0,,124.0,11.0,0.0,3.0,4.0,8.0,55.0,6.0,34.0,33.0,3.0,2.0,5.0,4.0,8.0,3.0,3.0,,1.0,,,,1.0,1.0,,,,,,,1.0,,,,,,,,,,,,,,,
2023-2024,Bundesliga,6dg2ztkkig9alktiq5zakbm5l,O. Traoré,Heidenheim,23,Defender,31,29,2,10,2647,1240.0,863.0,863.0,90.0,365.0,1769.0,791.0,301.0,131.0,,54.0,40.0,,371.0,53.0,114.0,68.0,148.0,,,,155.0,225.0,31.0,34.0,15.0,,60.0,27.0,442.0,19.0,55.0,55.0,141.0,30.0,5.0,33.0,17.0,25.0,6.0,5.0,34.0,16.0,1.0,,,18.0,18.0,20.0,12.0,,2.0,,,1.0,,,
2023-2024,Bundesliga,7p3wqcwzd2d6a2pc6e0o43il1,N. Theuerkauf,Heidenheim,30,Forward,25,14,11,10,1383,590.0,453.0,453.0,65.0,207.0,816.0,397.0,111.0,43.0,,21.0,14.0,,188.0,19.0,30.0,31.0,52.0,,,,77.0,82.0,16.0,22.0,12.0,,24.0,8.0,116.0,10.0,14.0,12.0,50.0,13.0,3.0,16.0,5.0,10.0,3.0,1.0,3.0,11.0,2.0,,,9.0,5.0,3.0,10.0,,1.0,6.0,,,,,
2023-2024,Bundesliga,bqjrib66m08p1qw8315ljc38q,J. Schöppner,Heidenheim,3,Midfielder,26,23,3,7,2153,668.0,443.0,443.0,33.0,188.0,1159.0,411.0,218.0,46.0,,57.0,26.0,,183.0,37.0,73.0,76.0,151.0,,,,108.0,178.0,12.0,78.0,39.0,,48.0,22.0,216.0,39.0,6.0,6.0,72.0,14.0,3.0,26.0,14.0,30.0,13.0,9.0,14.0,12.0,4.0,2.0,2.0,1.0,1.0,11.0,11.0,2.0,2.0,,,4.0,,,
2023-2024,Bundesliga,9heh3f6hvyp4sgbu0ft4xfh05,P. Mainka,Heidenheim,6,Defender,34,34,0,0,3331,1555.0,1289.0,1289.0,85.0,712.0,2391.0,1204.0,263.0,99.0,,158.0,49.0,,405.0,59.0,105.0,178.0,308.0,,,,183.0,164.0,16.0,203.0,119.0,,85.0,36.0,124.0,84.0,,,80.0,24.0,1.0,49.0,5.0,34.0,16.0,10.0,10.0,2.0,6.0,2.0,2.0,,,10.0,45.0,2.0,,,,,,,
2023-2024,Bundesliga,2hrvu72syd3vyic6ylygxbyl1,B. Gimber,Heidenheim,5,Defender,24,24,0,6,2145,846.0,681.0,681.0,51.0,271.0,1274.0,630.0,161.0,83.0,,101.0,16.0,,267.0,32.0,51.0,80.0,140.0,,,,87.0,81.0,27.0,89.0,48.0,,40.0,16.0,53.0,41.0,3.0,3.0,38.0,40.0,9.0,24.0,4.0,10.0,16.0,12.0,3.0,2.0,4.0,1.0,1.0,,,8.0,20.0,,1.0,,,1.0,,,
2023-2024,Bundesliga,630sqbiu7utmkg8yw0h4ky8a2,E. Dinkçi,Heidenheim,8,Midfielder,33,33,0,26,2711,819.0,488.0,488.0,35.0,197.0,1466.0,473.0,249.0,42.0,,21.0,12.0,,235.0,59.0,137.0,70.0,172.0,,,,155.0,266.0,22.0,35.0,11.0,,32.0,14.0,523.0,24.0,59.0,58.0,188.0,28.0,8.0,18.0,46.0,36.0,37.0,16.0,64.0,34.0,21.0,10.0,10.0,20.0,18.0,41.0,16.0,,5.0,3.0,,2.0,,,
2023-2024,Bundesliga,ay6pvdyj5pjgwvjsqdfsrbw4q,L. Maloney,Heidenheim,33,Midfielder,29,27,2,10,2436,942.0,698.0,698.0,64.0,226.0,1473.0,634.0,238.0,89.0,,88.0,25.0,,339.0,32.0,51.0,99.0,167.0,,,,132.0,153.0,15.0,116.0,67.0,,43.0,17.0,134.0,49.0,4.0,4.0,35.0,44.0,1.0,26.0,11.0,24.0,10.0,6.0,2.0,6.0,4.0,1.0,1.0,,,6.0,14.0,1.0,1.0,,,,,,
2023-2024,Bundesliga,aopmwx748flafzpj58w2afwlx,T. Kleindienst,Heidenheim,10,Forward,33,33,0,10,3070,874.0,514.0,514.0,22.0,140.0,1789.0,494.0,338.0,13.0,,58.0,12.0,,292.0,31.0,85.0,210.0,381.0,,,,100.0,342.0,13.0,296.0,179.0,,21.0,9.0,754.0,117.0,17.0,17.0,300.0,88.0,6.0,12.0,56.0,24.0,73.0,40.0,45.0,24.0,33.0,12.0,10.0,2.0,2.0,19.0,18.0,3.0,4.0,,2.0,2.0,,,
2023-2024,Bundesliga,6x4ywqmispidw0tznzpjwd1hx,A. Beck,Heidenheim,21,Forward,23,11,12,11,1067,431.0,311.0,311.0,15.0,94.0,725.0,296.0,112.0,16.0,,15.0,4.0,,165.0,34.0,57.0,52.0,101.0,,,,76.0,102.0,10.0,44.0,18.0,,22.0,9.0,211.0,26.0,6.0,6.0,76.0,14.0,1.0,13.0,18.0,17.0,9.0,6.0,14.0,10.0,3.0,1.0,1.0,,,21.0,3.0,,1.0,,,2.0,,,
2023-2024,Bundesliga,6a0w73agnkslcc6gea1jxxzvt,J. Beste,Heidenheim,37,Midfielder,31,31,0,26,2662,947.0,448.0,448.0,89.0,178.0,1560.0,454.0,208.0,102.0,,31.0,18.0,,295.0,79.0,166.0,87.0,194.0,,,,133.0,299.0,51.0,28.0,8.0,,77.0,28.0,717.0,20.0,193.0,110.0,374.0,28.0,4.0,49.0,32.0,47.0,33.0,14.0,59.0,56.0,19.0,8.0,6.0,95.0,33.0,30.0,17.0,,13.0,145.0,2.0,,,,
2023-2024,Bundesliga,98glpci54ztzmd3yn1kttlvpx,M. Busch,Heidenheim,2,Forward,16,5,11,3,693,411.0,280.0,280.0,43.0,100.0,532.0,239.0,104.0,59.0,,12.0,10.0,,152.0,12.0,16.0,20.0,39.0,,,,33.0,69.0,4.0,23.0,8.0,,11.0,2.0,125.0,15.0,24.0,24.0,39.0,9.0,1.0,9.0,1.0,7.0,5.0,4.0,2.0,3.0,1.0,,,2.0,2.0,3.0,2.0,,,,,1.0,,,
2023-2024,Bundesliga,2o570lgb5c364c395zp1ccqqy,T. Siersleben,Heidenheim,4,Forward,14,10,4,1,1024,559.0,456.0,456.0,52.0,261.0,753.0,404.0,101.0,60.0,,29.0,21.0,,117.0,11.0,29.0,24.0,53.0,,,,59.0,42.0,5.0,24.0,13.0,,27.0,16.0,18.0,11.0,1.0,1.0,12.0,16.0,1.0,11.0,2.0,6.0,3.0,3.0,2.0,1.0,,,,,,,10.0,,,,,,,,
2023-2024,Bundesliga,4v1bqelw9bk1gftvzwzk6w6w9,S. Schimmer,Heidenheim,9,Forward,16,0,16,0,279,45.0,21.0,21.0,,6.0,110.0,22.0,22.0,1.0,,6.0,1.0,,8.0,1.0,4.0,10.0,27.0,,,,4.0,22.0,1.0,23.0,9.0,,1.0,,53.0,14.0,1.0,1.0,21.0,1.0,,1.0,4.0,2.0,3.0,3.0,3.0,1.0,,,,1.0,1.0,,2.0,,1.0,,,,,,
2023-2024,Bundesliga,1ulkva22y6r9j9jdatyhr2bbp,D. Thomalla,Heidenheim,11,Forward,21,3,18,3,568,191.0,142.0,142.0,10.0,47.0,304.0,133.0,45.0,4.0,,13.0,4.0,,70.0,8.0,11.0,26.0,45.0,,,,29.0,42.0,2.0,34.0,18.0,,9.0,3.0,66.0,16.0,1.0,1.0,26.0,6.0,,6.0,4.0,1.0,,,,4.0,,,,1.0,1.0,2.0,5.0,,,,,,,,
2023-2024,Bundesliga,5nqi00ylwluros9d7dh18lw8a,K. Sessa,Heidenheim,16,Forward,30,7,23,7,1194,450.0,319.0,319.0,27.0,122.0,721.0,304.0,106.0,30.0,,17.0,4.0,,156.0,22.0,46.0,36.0,76.0,,,,75.0,88.0,20.0,30.0,14.0,,17.0,7.0,215.0,16.0,12.0,12.0,73.0,16.0,1.0,10.0,6.0,11.0,20.0,13.0,17.0,13.0,7.0,3.0,3.0,12.0,5.0,12.0,10.0,,,7.0,,2.0,,,
2023-2024,Bundesliga,2wt5rzeldnz8qdechenaifrv9,F. Pick,Heidenheim,17,Forward,22,1,21,0,485,183.0,107.0,107.0,11.0,39.0,295.0,107.0,41.0,14.0,,2.0,2.0,,66.0,15.0,30.0,20.0,40.0,,,,29.0,49.0,7.0,10.0,5.0,,4.0,,146.0,5.0,22.0,10.0,59.0,6.0,2.0,4.0,7.0,2.0,5.0,4.0,15.0,5.0,1.0,,,11.0,5.0,11.0,3.0,,1.0,18.0,,,,,
2023-2024,Bundesliga,5dcemmjwbguvnz7sz0m8uomad,J. Föhrenbach,Heidenheim,19,Defender,33,32,1,4,3017,1462.0,1031.0,1031.0,171.0,512.0,1944.0,875.0,354.0,176.0,,70.0,31.0,,436.0,32.0,72.0,69.0,131.0,,,,148.0,236.0,17.0,59.0,37.0,,44.0,20.0,373.0,22.0,58.0,58.0,124.0,15.0,2.0,24.0,11.0,15.0,7.0,6.0,20.0,11.0,1.0,,,15.0,14.0,8.0,25.0,,,1.0,,,,,
2023-2024,Bundesliga,7dlv4c3c2essk4gs38oymdqdx,N. Dovedan,Heidenheim,20,Forward,21,5,16,5,787,204.0,121.0,121.0,9.0,47.0,404.0,116.0,71.0,18.0,,3.0,1.0,,61.0,17.0,39.0,23.0,70.0,,,,43.0,60.0,24.0,31.0,6.0,,14.0,5.0,132.0,25.0,7.0,7.0,47.0,10.0,,9.0,15.0,9.0,7.0,2.0,17.0,5.0,5.0,3.0,3.0,4.0,1.0,8.0,7.0,1.0,1.0,3.0,,4.0,1.0,1.0,
2023-2024,Bundesliga,9zzkyqivbmsd015hcgfib6qd,,Heidenheim,22,Forward,0,0,0,0,0,,,,,,,,,,,,,,,0.0,0.0,0.0,0.0,,,,,,,,,,,,,,,,,,,,,,,,,,,,,,,,,,,,,,,,
2023-2024,Bundesliga,d3xdl3p9vd1c0m316oq2pblxx,A. Nübel,Stuttgart,33,Goalkeeper,30,30,0,0,2968,1218.0,998.0,998.0,207.0,870.0,1321.0,791.0,217.0,198.0,30.0,13.0,,76.0,12.0,2.0,2.0,10.0,11.0,36.0,11.0,30.0,65.0,19.0,4.0,9.0,8.0,11.0,2.0,,,1.0,,,,,1.0,2.0,,,1.0,,,,1.0,,,,,,,,,,,,,,
2023-2024,Bundesliga,4c4ghf9zlkof83n5mnmva61d6,A. Rouault,Stuttgart,29,Forward,22,11,11,6,1146,931.0,823.0,823.0,42.0,382.0,1136.0,782.0,104.0,37.0,,28.0,8.0,,256.0,14.0,27.0,33.0,73.0,,,,58.0,69.0,4.0,46.0,19.0,,21.0,9.0,92.0,27.0,2.0,2.0,23.0,9.0,3.0,12.0,3.0,6.0,1.0,,4.0,9.0,1.0,,,1.0,1.0,2.0,10.0,,3.0,,,2.0,,,
2023-2024,Bundesliga,8p2yagsx6ujdbmeonkd3u4c89,H. Ito,Stuttgart,21,Defender,26,25,1,5,2461,2066.0,1825.0,1825.0,95.0,765.0,2482.0,1738.0,213.0,108.0,,86.0,29.0,,693.0,25.0,30.0,55.0,98.0,,,,125.0,120.0,8.0,68.0,30.0,,19.0,1.0,213.0,38.0,15.0,15.0,42.0,17.0,1.0,18.0,5.0,12.0,9.0,5.0,4.0,15.0,4.0,,,8.0,8.0,7.0,26.0,,3.0,,,3.0,,,
2023-2024,Bundesliga,7hnmtyfmurizitwz1whecjnmy,A. Stiller,Stuttgart,6,Midfielder,32,31,1,5,3056,2680.0,2337.0,2337.0,95.0,889.0,3241.0,2287.0,236.0,101.0,,28.0,28.0,,1047.0,50.0,81.0,82.0,143.0,,,,197.0,195.0,34.0,62.0,32.0,,55.0,22.0,585.0,30.0,60.0,24.0,154.0,36.0,5.0,33.0,27.0,30.0,9.0,5.0,9.0,37.0,4.0,1.0,1.0,45.0,13.0,17.0,22.0,,4.0,68.0,,12.0,,,
2023-2024,Bundesliga,3uqn1adw8rarez1gpen9vng7p,W. Anton,Stuttgart,2,Defender,33,32,1,2,3198,2624.0,2328.0,2328.0,111.0,1053.0,3327.0,2219.0,278.0,122.0,,150.0,40.0,,754.0,40.0,62.0,119.0,183.0,,,,203.0,168.0,26.0,121.0,79.0,,39.0,14.0,163.0,42.0,12.0,12.0,59.0,25.0,7.0,25.0,12.0,13.0,24.0,17.0,8.0,10.0,7.0,,,2.0,2.0,15.0,25.0,,3.0,,,6.0,,,
2023-2024,Bundesliga,4xhnmoqgxoheel005ek6ckfs9,D. Zagadou,Stuttgart,23,Defender,19,16,3,2,1599,1361.0,1179.0,1179.0,64.0,546.0,1709.0,1115.0,181.0,78.0,,78.0,20.0,,314.0,17.0,25.0,77.0,98.0,,,,109.0,103.0,3.0,73.0,60.0,,21.0,7.0,54.0,13.0,,,30.0,17.0,1.0,14.0,1.0,5.0,9.0,6.0,1.0,3.0,3.0,1.0,1.0,,,3.0,21.0,1.0,,,,1.0,,,
2023-2024,Bundesliga,9fd19beamnr8qmhqdvzr7fcyy,S. Katompa Mvumpa,Stuttgart,14,Forward,27,8,19,8,1064,279.0,207.0,207.0,6.0,39.0,537.0,204.0,44.0,8.0,,4.0,,,154.0,41.0,88.0,46.0,104.0,,,,37.0,61.0,16.0,16.0,5.0,,5.0,2.0,292.0,11.0,25.0,25.0,130.0,13.0,,3.0,20.0,9.0,17.0,9.0,45.0,14.0,8.0,5.0,5.0,3.0,3.0,38.0,7.0,,2.0,,,5.0,,,
2023-2024,Bundesliga,a4p1m3cqm6z2p1bw97s6k46ad,A. Karazor,Stuttgart,16,Midfielder,33,31,2,10,2865,1900.0,1695.0,1695.0,30.0,533.0,2489.0,1668.0,196.0,21.0,,43.0,27.0,,780.0,49.0,100.0,93.0,182.0,,,,174.0,176.0,61.0,82.0,44.0,,72.0,28.0,431.0,38.0,1.0,1.0,35.0,28.0,9.0,44.0,19.0,29.0,12.0,10.0,23.0,25.0,2.0,,,3.0,3.0,5.0,15.0,,4.0,,,5.0,,,
2023-2024,Bundesliga,6rutvrgco8li4nyz7tfayxb6x,D. Undav,Stuttgart,26,Forward,30,23,7,15,2239,799.0,593.0,593.0,21.0,199.0,1297.0,574.0,190.0,17.0,,5.0,6.0,,312.0,40.0,83.0,57.0,133.0,,,,71.0,178.0,27.0,50.0,17.0,,28.0,15.0,642.0,33.0,5.0,5.0,242.0,29.0,5.0,13.0,51.0,17.0,88.0,36.0,28.0,37.0,52.0,18.0,18.0,2.0,2.0,27.0,19.0,4.0,12.0,,,18.0,,,
2023-2024,Bundesliga,arjwwth6yazptr851wu2u6e0a,Jeong Wooyeong,Stuttgart,10,Forward,26,5,21,4,846,326.0,268.0,268.0,8.0,55.0,474.0,267.0,46.0,3.0,,5.0,7.0,,176.0,13.0,35.0,16.0,49.0,,,,28.0,47.0,9.0,14.0,3.0,,15.0,6.0,170.0,11.0,4.0,4.0,52.0,4.0,1.0,9.0,7.0,5.0,14.0,6.0,16.0,7.0,8.0,2.0,2.0,7.0,3.0,4.0,4.0,1.0,3.0,4.0,,,,,
2023-2024,Bundesliga,3havaatbnk8p6gc9srgajc25l,C. Führich,Stuttgart,27,Midfielder,34,33,1,28,2619,1370.0,1066.0,1066.0,39.0,256.0,1931.0,1073.0,177.0,59.0,,7.0,7.0,,666.0,92.0,193.0,96.0,211.0,,,,119.0,195.0,10.0,18.0,4.0,,30.0,11.0,1058.0,14.0,77.0,46.0,338.0,6.0,2.0,19.0,27.0,31.0,41.0,16.0,90.0,48.0,25.0,8.0,8.0,46.0,16.0,73.0,13.0,,10.0,61.0,,7.0,,,
2023-2024,Bundesliga,62gct49oglcdzxafhrfucrb2t,F. Bredlow,Stuttgart,1,Forward,4,4,0,0,429,179.0,136.0,136.0,31.0,110.0,188.0,105.0,43.0,41.0,1.0,3.0,,19.0,4.0,0.0,0.0,0.0,0.0,3.0,1.0,4.0,3.0,2.0,1.0,,,2.0,,,,,,,,,,,,,,,,,,,,,,,,,,,,,,,
2023-2024,Bundesliga,6q2mf0qrkt51z28b46wltxal1,M. Mittelstädt,Stuttgart,7,Defender,31,23,8,7,2317,1708.0,1409.0,1409.0,68.0,453.0,2311.0,1379.0,185.0,51.0,,65.0,46.0,,755.0,87.0,156.0,117.0,206.0,,,,140.0,206.0,31.0,50.0,30.0,,91.0,40.0,501.0,20.0,72.0,66.0,161.0,28.0,5.0,51.0,21.0,30.0,16.0,10.0,29.0,23.0,6.0,2.0,2.0,38.0,30.0,36.0,11.0,,3.0,14.0,,3.0,,,
2023-2024,Bundesliga,254i1zsifi2er9rvuxgi9katx,G. Haraguchi,Stuttgart,17,Forward,2,0,2,0,41,18.0,14.0,14.0,,5.0,23.0,14.0,4.0,1.0,,1.0,,,8.0,1.0,1.0,1.0,1.0,,,,2.0,3.0,,,,,1.0,,2.0,,,,1.0,2.0,,1.0,,,,,,,,,,,,,,,,,,,,,
2023-2024,Bundesliga,bt35y17wl42b5t5tw6z68uwyy,J. Leweling,Stuttgart,18,Forward,34,17,17,16,1681,599.0,454.0,454.0,18.0,93.0,985.0,452.0,98.0,17.0,,13.0,5.0,,303.0,36.0,86.0,40.0,103.0,,,,74.0,112.0,23.0,17.0,4.0,,18.0,8.0,476.0,13.0,31.0,31.0,187.0,22.0,3.0,10.0,39.0,20.0,30.0,8.0,42.0,21.0,22.0,4.0,4.0,16.0,15.0,26.0,15.0,,4.0,1.0,,2.0,,,
2023-2024,Bundesliga,bno18pni4atsobrxawb31vdd6,L. Stergiou,Stuttgart,20,Forward,15,6,9,2,741,364.0,303.0,303.0,12.0,113.0,465.0,296.0,47.0,13.0,,13.0,5.0,,138.0,9.0,17.0,13.0,30.0,,,,27.0,41.0,1.0,13.0,4.0,,15.0,7.0,87.0,9.0,7.0,7.0,25.0,5.0,,8.0,2.0,7.0,3.0,2.0,1.0,3.0,1.0,1.0,1.0,5.0,5.0,1.0,1.0,,,,,,,,
2023-2024,Bundesliga,b5mpbec03n9qatneviazigfvu,,Stuttgart,22,Forward,0,0,0,0,0,,,,,,,,,,,,,,,0.0,0.0,0.0,0.0,,,,,,,,,,,,,,,,,,,,,,,,,,,,,,,,,,,,,,,,
2023-2024,Bundesliga,80nniieqtuwjhomwjcebnxyzu,L. Egloff,Stuttgart,25,Forward,5,1,4,1,138,41.0,32.0,32.0,2.0,9.0,64.0,30.0,9.0,2.0,,,1.0,,17.0,1.0,7.0,1.0,7.0,,,,8.0,7.0,2.0,,,,4.0,3.0,14.0,,,,5.0,2.0,1.0,1.0,1.0,2.0,2.0,2.0,3.0,,,,,,,,2.0,,,,,,,,
2023-2024,Bundesliga,avaeeu50bma89vc9yts0bc5m2,R. Massimo,Stuttgart,32,Forward,5,0,5,0,126,39.0,30.0,30.0,2.0,7.0,63.0,28.0,9.0,2.0,,1.0,,,19.0,0.0,3.0,1.0,7.0,,,,8.0,7.0,1.0,4.0,1.0,,1.0,1.0,12.0,3.0,,,3.0,2.0,1.0,,,,,,2.0,,,,,,,,,,,,,,,,
2023-2024,Bundesliga,8xnczh8dvfwfo43qbshqvn9ck,L. Raimund,Stuttgart,40,Forward,3,0,3,0,51,23.0,16.0,16.0,,,40.0,16.0,6.0,,,,,,13.0,1.0,3.0,2.0,5.0,,,,1.0,7.0,,2.0,1.0,,3.0,2.0,21.0,1.0,1.0,1.0,7.0,2.0,1.0,1.0,2.0,2.0,2.0,2.0,,,,,,,,,,,,,,,,,
2023-2024,Bundesliga,cm8po8ez5w9ms01gid6w3kwk5,O. Baumann,Hoffenheim,1,Goalkeeper,34,34,0,0,3367,1411.0,1054.0,1054.0,269.0,890.0,1559.0,785.0,353.0,346.0,31.0,19.0,,147.0,10.0,1.0,1.0,5.0,6.0,66.0,2.0,34.0,102.0,7.0,6.0,5.0,4.0,12.0,1.0,,,1.0,,,,1.0,1.0,1.0,,,,,,2.0,,,,,,,,,1.0,,,,,,
2023-2024,Bundesliga,arwidogdfccsjv8fxa1veezf9,R. Skov,Hoffenheim,29,Forward,25,14,11,12,1387,736.0,524.0,524.0,60.0,173.0,1034.0,482.0,136.0,51.0,,23.0,10.0,,298.0,25.0,53.0,38.0,75.0,,,,71.0,141.0,20.0,22.0,13.0,,24.0,8.0,345.0,9.0,56.0,42.0,127.0,15.0,2.0,16.0,6.0,13.0,20.0,13.0,20.0,17.0,7.0,3.0,3.0,18.0,7.0,9.0,16.0,,3.0,25.0,,4.0,,,
2023-2024,Bundesliga,6b7p3ncup75mpop91n0u1mw2d,M. Bülter,Hoffenheim,21,Forward,30,15,15,9,1560,695.0,483.0,483.0,49.0,162.0,1038.0,451.0,137.0,52.0,,20.0,10.0,,270.0,29.0,66.0,53.0,121.0,,,,85.0,143.0,17.0,55.0,24.0,,18.0,7.0,374.0,31.0,58.0,57.0,146.0,13.0,2.0,11.0,19.0,14.0,15.0,9.0,30.0,21.0,6.0,1.0,1.0,17.0,15.0,18.0,9.0,,5.0,3.0,,2.0,,1.0,1.0
2023-2024,Bundesliga,6yhylu5q0y924amgv7vlodkgl,K. Akpoguma,Hoffenheim,25,Forward,17,11,6,2,1237,711.0,610.0,610.0,33.0,290.0,981.0,578.0,96.0,37.0,,32.0,18.0,,230.0,27.0,50.0,52.0,96.0,,,,60.0,62.0,14.0,46.0,25.0,,35.0,17.0,71.0,21.0,3.0,3.0,21.0,15.0,7.0,18.0,1.0,20.0,1.0,1.0,6.0,6.0,,,,1.0,1.0,9.0,9.0,,1.0,,,,,,
2023-2024,Bundesliga,elh8kttxq9xfpoqfmpxv9jr2t,K. Vogt,Hoffenheim,22,Defender,32,30,2,4,2914,1674.0,1464.0,1464.0,197.0,818.0,2122.0,1267.0,203.0,104.0,,126.0,16.0,,427.0,25.0,31.0,47.0,69.0,,,,173.0,102.0,17.0,38.0,22.0,,24.0,5.0,57.0,16.0,3.0,3.0,10.0,28.0,7.0,19.0,2.0,10.0,1.0,,1.0,4.0,1.0,,,,,6.0,30.0,,1.0,,,1.0,,,
2023-2024,Bundesliga,6ki6rv564ybctrajr2xtgyeax,O. Kabak,Hoffenheim,5,Defender,28,28,0,10,2457,1358.0,1157.0,1157.0,57.0,521.0,1882.0,1102.0,196.0,82.0,,106.0,46.0,,481.0,44.0,64.0,112.0,178.0,,,,96.0,115.0,9.0,114.0,68.0,,48.0,13.0,150.0,46.0,1.0,1.0,51.0,31.0,10.0,35.0,5.0,22.0,15.0,8.0,7.0,6.0,7.0,4.0,4.0,2.0,2.0,9.0,25.0,2.0,1.0,,,4.0,,1.0,1.0
2023-2024,Bundesliga,8um4xh0ekvr4q6uti3ksld8q2,F. Becker,Hoffenheim,20,Forward,22,5,17,5,753,315.0,244.0,244.0,18.0,79.0,472.0,229.0,61.0,15.0,,10.0,1.0,,133.0,14.0,29.0,19.0,43.0,,,,49.0,51.0,7.0,14.0,5.0,,10.0,1.0,122.0,9.0,5.0,3.0,29.0,6.0,1.0,9.0,12.0,8.0,5.0,4.0,14.0,6.0,1.0,,,3.0,,5.0,2.0,,,5.0,,1.0,,,
2023-2024,Bundesliga,57c808184l80uuuv7z3flcu6t,G. Prömel,Hoffenheim,6,Midfielder,28,27,1,11,2317,983.0,800.0,800.0,30.0,226.0,1408.0,772.0,170.0,45.0,,36.0,22.0,,464.0,30.0,63.0,46.0,102.0,,,,127.0,133.0,29.0,39.0,16.0,,32.0,14.0,339.0,23.0,8.0,8.0,81.0,33.0,9.0,18.0,25.0,16.0,20.0,12.0,19.0,19.0,8.0,4.0,4.0,2.0,2.0,12.0,12.0,,4.0,,,6.0,,1.0,1.0
2023-2024,Bundesliga,xuk3qlmk4985hs8ocjjd49ka,M. Beier,Hoffenheim,14,Forward,33,29,4,20,2542,550.0,375.0,375.0,6.0,51.0,1074.0,378.0,135.0,6.0,,12.0,9.0,,282.0,45.0,111.0,65.0,171.0,,,,62.0,158.0,32.0,60.0,20.0,,20.0,8.0,601.0,40.0,29.0,28.0,268.0,21.0,,12.0,32.0,20.0,65.0,26.0,58.0,23.0,39.0,16.0,16.0,9.0,9.0,33.0,18.0,,1.0,1.0,,4.0,,,
2023-2024,Bundesliga,57btqxe5sy3ygzxpp55p4umdx,W. Weghorst,Hoffenheim,10,Forward,28,24,4,12,2123,571.0,413.0,413.0,10.0,94.0,993.0,404.0,153.0,7.0,,24.0,6.0,,267.0,9.0,33.0,74.0,173.0,,,,47.0,149.0,34.0,140.0,65.0,,13.0,7.0,432.0,75.0,3.0,3.0,161.0,23.0,4.0,6.0,19.0,17.0,26.0,11.0,17.0,29.0,15.0,7.0,6.0,1.0,1.0,3.0,21.0,2.0,2.0,,1.0,9.0,,,
2023-2024,Bundesliga,az7owi5t4bclkamjsjuyxzv1l,A. Stach,Hoffenheim,16,Midfielder,33,28,5,11,2692,1377.0,1060.0,1060.0,64.0,383.0,2195.0,1010.0,254.0,78.0,,72.0,74.0,,511.0,70.0,147.0,134.0,247.0,,,,222.0,222.0,45.0,100.0,64.0,,76.0,34.0,442.0,36.0,46.0,25.0,94.0,32.0,4.0,42.0,15.0,31.0,26.0,16.0,43.0,18.0,10.0,2.0,2.0,14.0,4.0,28.0,26.0,,4.0,31.0,,8.0,,,
2023-2024,Bundesliga,d9jj0525pm3nu9vqewtpo2rpx,M. Berisha,Hoffenheim,7,Forward,8,2,6,2,327,47.0,31.0,31.0,2.0,11.0,117.0,30.0,12.0,1.0,,3.0,,,16.0,2.0,5.0,6.0,19.0,,,,9.0,13.0,5.0,14.0,4.0,,,,63.0,10.0,2.0,2.0,24.0,5.0,,,9.0,2.0,8.0,7.0,3.0,3.0,1.0,,,1.0,1.0,2.0,4.0,,,,,1.0,,,
2023-2024,Bundesliga,bkbmygo5f1glcs6xssawl26z9,I. Bebou,Hoffenheim,9,Forward,32,16,16,10,1832,514.0,354.0,354.0,22.0,94.0,945.0,338.0,122.0,20.0,,15.0,14.0,,216.0,38.0,90.0,70.0,167.0,,,,60.0,131.0,21.0,77.0,32.0,,22.0,10.0,470.0,45.0,29.0,29.0,178.0,24.0,3.0,12.0,25.0,11.0,28.0,14.0,42.0,14.0,14.0,7.0,7.0,6.0,6.0,26.0,12.0,1.0,5.0,,,2.0,,,
2023-2024,Bundesliga,c1nt67z429kirthuhkdxouor9,D. Samassékou,Hoffenheim,18,Forward,1,0,1,0,9,2.0,2.0,2.0,,,4.0,2.0,,,,,1.0,,2.0,0.0,0.0,0.0,0.0,,,,,,1.0,,,,,,,,,,,,,,,,,,,,,,,,,,,,,,,,,,
2023-2024,Bundesliga,a5kkysp7c5f577ji17q5v2k0l,J. Brooks,Hoffenheim,23,Defender,21,18,3,3,1773,892.0,738.0,738.0,74.0,397.0,1280.0,666.0,151.0,74.0,,109.0,27.0,,190.0,18.0,32.0,63.0,98.0,,,,95.0,78.0,13.0,66.0,45.0,,28.0,13.0,34.0,21.0,1.0,1.0,18.0,16.0,6.0,15.0,4.0,12.0,10.0,6.0,1.0,3.0,4.0,2.0,2.0,2.0,2.0,3.0,18.0,1.0,,,,,1.0,1.0,
2023-2024,Bundesliga,ew18qvvupaejxubhqmxmbd39x,A. Kramarić,Hoffenheim,27,Midfielder,30,25,5,13,2355,1139.0,845.0,845.0,51.0,267.0,1552.0,853.0,159.0,44.0,,12.0,10.0,,498.0,27.0,65.0,36.0,87.0,,,,113.0,187.0,35.0,22.0,9.0,,11.0,9.0,696.0,13.0,72.0,40.0,254.0,8.0,4.0,2.0,27.0,12.0,56.0,22.0,29.0,59.0,34.0,15.0,10.0,59.0,18.0,25.0,15.0,1.0,5.0,73.0,5.0,9.0,,,
2023-2024,Bundesliga,87ytopsesl3dy8wwdefnzlm5m,B. Conté,Hoffenheim,31,Forward,7,0,7,0,114,24.0,19.0,19.0,,3.0,53.0,19.0,4.0,1.0,,,,,11.0,5.0,9.0,6.0,11.0,,,,7.0,4.0,6.0,2.0,1.0,,3.0,,23.0,1.0,1.0,1.0,9.0,3.0,,3.0,2.0,,1.0,1.0,4.0,1.0,,,,,,2.0,2.0,,,,,,,,
2023-2024,Bundesliga,6k3daudjhieulsgywbt9uoep6,L. Philipp,Hoffenheim,37,Forward,0,0,0,0,0,,,,,,,,,,,,,,,0.0,0.0,0.0,0.0,,,,,,,,,,,,,,,,,,1.0,,,,,,,,,,,,,,,,,,,,,,
2023-2024,Bundesliga,6teffw7m19t1b3auxy22y4m0a,U. Tohumcu,Hoffenheim,40,Forward,20,12,8,10,1083,419.0,363.0,363.0,18.0,111.0,613.0,348.0,46.0,12.0,,12.0,6.0,,177.0,15.0,37.0,17.0,49.0,,,,62.0,37.0,24.0,12.0,2.0,,16.0,4.0,124.0,10.0,3.0,3.0,20.0,10.0,5.0,12.0,11.0,10.0,7.0,4.0,18.0,8.0,3.0,,,3.0,3.0,3.0,9.0,,2.0,,,2.0,,,
2023-2024,Bundesliga,3kanomgapsyp3iorzq4ujp905,A. Szalai,Hoffenheim,41,Forward,7,4,3,2,446,250.0,188.0,188.0,9.0,104.0,322.0,180.0,55.0,25.0,,18.0,2.0,,54.0,2.0,5.0,9.0,19.0,,,,15.0,34.0,,14.0,7.0,,4.0,2.0,24.0,7.0,4.0,4.0,5.0,7.0,1.0,2.0,2.0,7.0,2.0,,1.0,3.0,2.0,,,1.0,1.0,,4.0,,,,,3.0,,,
2023-2024,Bundesliga,cg6h7oq0b5zpx1g4brhzyk1xx,L. Hrádecký,Bayer Leverkusen,1,Goalkeeper,33,33,0,0,3198,886.0,706.0,706.0,119.0,594.0,967.0,587.0,175.0,167.0,27.0,10.0,,80.0,14.0,0.0,0.0,8.0,9.0,24.0,15.0,33.0,51.0,8.0,1.0,9.0,8.0,8.0,,,,1.0,,,,,2.0,,,1.0,,,,,,,,,,,,,,,,,,,
2023-2024,Bundesliga,9qo448ueot8pfc5oqo378wag9,J. Frimpong,Bayer Leverkusen,30,Midfielder,31,27,4,20,2334,1026.0,770.0,770.0,22.0,119.0,1547.0,775.0,159.0,23.0,,17.0,7.0,,564.0,65.0,139.0,78.0,165.0,,,,94.0,202.0,34.0,26.0,13.0,,26.0,9.0,878.0,13.0,66.0,66.0,440.0,21.0,6.0,17.0,37.0,26.0,42.0,21.0,65.0,39.0,21.0,9.0,9.0,27.0,27.0,48.0,13.0,,6.0,,,4.0,,,
2023-2024,Bundesliga,12f4mz064elnxecq2srl7r6j9,Álex Grimaldo,Bayer Leverkusen,20,Midfielder,33,31,2,5,2977,2148.0,1675.0,1675.0,80.0,394.0,2716.0,1682.0,229.0,88.0,,41.0,22.0,,1129.0,44.0,97.0,56.0,128.0,,,,168.0,289.0,26.0,31.0,12.0,,45.0,21.0,1169.0,19.0,148.0,94.0,453.0,14.0,1.0,24.0,18.0,25.0,51.0,28.0,32.0,58.0,23.0,10.0,8.0,87.0,30.0,20.0,27.0,,13.0,111.0,2.0,5.0,,,
2023-2024,Bundesliga,djha3ac2mfhyb7oia64hq2nd,E. Tapsoba,Bayer Leverkusen,12,Defender,28,23,5,3,2253,1973.0,1795.0,1795.0,71.0,984.0,2434.0,1724.0,168.0,52.0,,52.0,24.0,,412.0,38.0,52.0,78.0,130.0,,,,175.0,121.0,4.0,78.0,40.0,,34.0,9.0,205.0,38.0,5.0,5.0,43.0,25.0,4.0,25.0,7.0,11.0,7.0,6.0,5.0,7.0,1.0,,,,,13.0,15.0,,2.0,,,5.0,,,
2023-2024,Bundesliga,5ec2ede9uwbft3wby33mwowyd,J. Tah,Bayer Leverkusen,4,Defender,31,30,1,3,2825,2193.0,2070.0,2070.0,53.0,1094.0,2669.0,2017.0,116.0,35.0,,97.0,23.0,,367.0,14.0,29.0,76.0,113.0,,,,161.0,84.0,4.0,84.0,62.0,,19.0,10.0,160.0,22.0,3.0,3.0,61.0,33.0,6.0,9.0,5.0,5.0,21.0,11.0,5.0,5.0,10.0,4.0,4.0,,,5.0,28.0,2.0,1.0,,,1.0,,,
2023-2024,Bundesliga,cis0z72hgahfnfjduk7hdnz3e,O. Kossounou,Bayer Leverkusen,6,Defender,22,21,1,3,1945,1428.0,1274.0,1274.0,41.0,511.0,1827.0,1233.0,151.0,33.0,,43.0,27.0,,508.0,43.0,72.0,66.0,112.0,,,,132.0,120.0,7.0,40.0,23.0,,30.0,10.0,265.0,17.0,2.0,2.0,31.0,17.0,3.0,20.0,15.0,24.0,5.0,4.0,19.0,11.0,1.0,1.0,1.0,,,23.0,3.0,1.0,2.0,,,4.0,,,
2023-2024,Bundesliga,6rg37ej1x7pwi7r4aq1107pih,E. Palacios,Bayer Leverkusen,25,Midfielder,24,21,3,11,1919,2023.0,1852.0,1852.0,56.0,629.0,2457.0,1800.0,158.0,27.0,,20.0,29.0,,781.0,57.0,86.0,65.0,102.0,,,,163.0,135.0,55.0,16.0,8.0,,60.0,26.0,478.0,8.0,4.0,4.0,46.0,16.0,6.0,34.0,13.0,24.0,18.0,12.0,3.0,23.0,6.0,4.0,2.0,4.0,2.0,23.0,3.0,,4.0,2.0,2.0,7.0,,,
2023-2024,Bundesliga,6264xjr1y00yu7b9j2pknalzp,G. Xhaka,Bayer Leverkusen,34,Midfielder,33,32,1,8,3000,3292.0,3020.0,3020.0,136.0,1136.0,3874.0,2884.0,256.0,36.0,,42.0,19.0,,1272.0,37.0,57.0,63.0,105.0,,,,226.0,230.0,43.0,48.0,26.0,,29.0,8.0,840.0,22.0,10.0,10.0,34.0,30.0,5.0,21.0,30.0,21.0,29.0,15.0,12.0,36.0,14.0,3.0,3.0,,,16.0,24.0,,,,,12.0,,,
2023-2024,Bundesliga,a6cke0ad2pvuyahweuch772ay,V. Boniface,Bayer Leverkusen,22,Forward,23,18,5,14,1626,385.0,278.0,278.0,10.0,62.0,798.0,268.0,101.0,7.0,,13.0,,,182.0,50.0,110.0,77.0,155.0,,,,31.0,97.0,17.0,45.0,27.0,,6.0,2.0,480.0,18.0,3.0,3.0,201.0,16.0,2.0,4.0,30.0,5.0,63.0,29.0,58.0,19.0,34.0,14.0,10.0,,,46.0,18.0,1.0,8.0,,4.0,4.0,,,
2023-2024,Bundesliga,7kjhx78gpi6m3r4j1b4jdyh91,J. Hofmann,Bayer Leverkusen,7,Forward,32,26,6,19,2287,1530.0,1160.0,1160.0,86.0,250.0,1854.0,1128.0,212.0,49.0,,6.0,8.0,,827.0,32.0,57.0,34.0,67.0,,,,77.0,261.0,19.0,10.0,2.0,,20.0,6.0,992.0,8.0,98.0,47.0,355.0,14.0,3.0,14.0,17.0,18.0,36.0,11.0,19.0,63.0,25.0,5.0,5.0,54.0,8.0,18.0,24.0,,9.0,97.0,,7.0,,,
2023-2024,Bundesliga,2k5g68ywtr79lc45wozvifqlm,F. Wirtz,Bayer Leverkusen,10,Forward,32,26,6,17,2495,1855.0,1516.0,1516.0,41.0,409.0,2579.0,1499.0,274.0,30.0,,3.0,9.0,,879.0,97.0,198.0,106.0,222.0,,,,143.0,271.0,27.0,24.0,9.0,,27.0,9.0,1377.0,15.0,27.0,22.0,389.0,23.0,3.0,18.0,79.0,34.0,54.0,20.0,92.0,69.0,34.0,11.0,10.0,24.0,7.0,79.0,19.0,,13.0,22.0,1.0,23.0,,,
2023-2024,Bundesliga,4skrm2y64va3y5jk70gz4ylpm,J. Stanišić,Bayer Leverkusen,2,Forward,20,13,7,1,1390,1077.0,955.0,955.0,48.0,310.0,1353.0,913.0,101.0,32.0,,26.0,9.0,,484.0,32.0,58.0,44.0,84.0,,,,87.0,79.0,7.0,26.0,12.0,,38.0,18.0,302.0,14.0,10.0,10.0,67.0,5.0,3.0,20.0,5.0,15.0,7.0,2.0,8.0,5.0,5.0,3.0,3.0,6.0,6.0,12.0,6.0,1.0,1.0,,,1.0,,,
2023-2024,Bundesliga,4foax2b7unlkev1eq6py86lii,P. Hincapié,Bayer Leverkusen,3,Forward,26,16,10,6,1615,1435.0,1307.0,1307.0,41.0,532.0,1746.0,1266.0,118.0,40.0,,43.0,13.0,,490.0,23.0,42.0,59.0,105.0,,,,78.0,86.0,11.0,63.0,36.0,,35.0,13.0,253.0,27.0,8.0,8.0,74.0,16.0,2.0,22.0,4.0,11.0,13.0,7.0,6.0,4.0,6.0,1.0,1.0,,,1.0,12.0,,1.0,,,2.0,,,
2023-2024,Bundesliga,4tev0kk0om8cr1xbwpt8bozit,R. Andrich,Bayer Leverkusen,8,Forward,28,18,10,2,1864,1494.0,1342.0,1342.0,41.0,517.0,1819.0,1305.0,136.0,30.0,,17.0,20.0,,509.0,25.0,42.0,45.0,84.0,,,,122.0,116.0,14.0,42.0,20.0,,30.0,12.0,295.0,22.0,10.0,10.0,33.0,23.0,4.0,18.0,7.0,11.0,17.0,8.0,5.0,21.0,9.0,4.0,4.0,4.0,4.0,7.0,10.0,,3.0,,,5.0,,,
2023-2024,Bundesliga,7w63iqek6hmnizlirurla1cr9,N. Amiri,Bayer Leverkusen,11,Forward,23,16,7,5,1568,898.0,603.0,603.0,72.0,264.0,1265.0,587.0,150.0,85.0,,19.0,14.0,,283.0,42.0,88.0,52.0,103.0,,,,101.0,149.0,35.0,15.0,10.0,,26.0,10.0,423.0,5.0,84.0,35.0,153.0,12.0,5.0,16.0,19.0,14.0,25.0,15.0,36.0,38.0,10.0,1.0,,56.0,16.0,26.0,16.0,,6.0,89.0,1.0,2.0,,,
2023-2024,Bundesliga,cs4aca71qkt1ru20ppmi6djl6,M. Kovář,Bayer Leverkusen,17,Forward,1,1,0,0,95,17.0,17.0,17.0,1.0,16.0,18.0,16.0,,,1.0,,,3.0,,0.0,0.0,0.0,0.0,0.0,1.0,1.0,1.0,,,,,,,,,,,,,,,,,,,,,,,,,,,,,,,,,,,,
2023-2024,Bundesliga,dt8k9pwcj3zktd8xk3ai98vyt,N. Tella,Bayer Leverkusen,19,Forward,24,8,16,7,927,351.0,271.0,271.0,13.0,55.0,547.0,266.0,52.0,10.0,,8.0,3.0,,179.0,15.0,56.0,20.0,70.0,,,,30.0,62.0,18.0,14.0,5.0,,13.0,5.0,301.0,9.0,20.0,20.0,143.0,11.0,2.0,8.0,15.0,10.0,15.0,4.0,36.0,12.0,11.0,5.0,5.0,8.0,7.0,7.0,6.0,2.0,2.0,1.0,,1.0,,,
2023-2024,Bundesliga,8mcf8c8ht32as6xxrf1gb51m2,A. Adli,Bayer Leverkusen,21,Forward,23,8,15,7,1006,459.0,362.0,362.0,4.0,75.0,674.0,363.0,73.0,9.0,,5.0,6.0,,242.0,20.0,43.0,41.0,86.0,,,,36.0,82.0,28.0,43.0,21.0,,16.0,9.0,335.0,22.0,18.0,18.0,153.0,14.0,5.0,7.0,10.0,8.0,23.0,8.0,14.0,20.0,15.0,4.0,4.0,5.0,5.0,13.0,6.0,1.0,5.0,,,2.0,,,
2023-2024,Bundesliga,e4vr28e9cbq3q5nux1jlpuuei,A. Hložek,Bayer Leverkusen,23,Forward,23,5,18,4,580,152.0,123.0,123.0,6.0,18.0,279.0,117.0,29.0,2.0,,1.0,2.0,,80.0,8.0,24.0,16.0,42.0,,,,20.0,27.0,7.0,18.0,8.0,,10.0,6.0,128.0,10.0,,,47.0,8.0,1.0,4.0,13.0,3.0,11.0,5.0,10.0,7.0,6.0,2.0,2.0,,,4.0,8.0,,2.0,,,,,,
2023-2024,Bundesliga,aoi0mip1qm4hcmu30ig7t3l04,G. Puerta,Bayer Leverkusen,32,Forward,7,0,7,0,90,42.0,39.0,39.0,3.0,15.0,60.0,36.0,2.0,,,,,,16.0,4.0,6.0,5.0,8.0,,,,4.0,3.0,1.0,2.0,1.0,,5.0,2.0,11.0,1.0,1.0,,3.0,2.0,,3.0,,2.0,2.0,2.0,,1.0,,,,,,1.0,,,,1.0,,,,,
2023-2024,Bundesliga,d2gbcc336c4zatpiif4cvm2fp,F. Dahmen,Augsburg,1,Goalkeeper,31,31,0,0,3069,1345.0,1025.0,1025.0,223.0,782.0,1459.0,802.0,313.0,304.0,28.0,17.0,,110.0,22.0,0.0,1.0,6.0,10.0,52.0,3.0,31.0,64.0,9.0,4.0,9.0,6.0,13.0,1.0,1.0,,3.0,,,,2.0,4.0,,,,1.0,,,,1.0,,,,,,,,,,,,,,
2023-2024,Bundesliga,5arng6g4ietx2jwgcd2kpqdpl,R. Gumny,Augsburg,2,Forward,13,6,7,4,561,195.0,136.0,136.0,30.0,70.0,295.0,108.0,51.0,17.0,,15.0,7.0,,59.0,10.0,19.0,13.0,24.0,,,,22.0,40.0,5.0,5.0,3.0,,6.0,1.0,85.0,2.0,6.0,6.0,37.0,7.0,3.0,5.0,1.0,8.0,2.0,1.0,8.0,4.0,1.0,,,2.0,2.0,5.0,6.0,,2.0,,,,,,
2023-2024,Bundesliga,egmcpa7j5clzga5m0zvg2f105,M. Pedersen,Augsburg,3,Defender,27,19,8,5,1988,853.0,622.0,622.0,71.0,211.0,1265.0,566.0,173.0,69.0,,46.0,19.0,,322.0,62.0,106.0,72.0,139.0,,,,100.0,142.0,26.0,33.0,10.0,,64.0,25.0,338.0,23.0,38.0,38.0,130.0,34.0,5.0,39.0,13.0,17.0,11.0,10.0,19.0,10.0,1.0,1.0,1.0,15.0,14.0,23.0,5.0,,2.0,1.0,,3.0,1.0,1.0,
2023-2024,Bundesliga,5q3ft0wiy6lsy937j7nw6msq1,N. Dorsch,Augsburg,30,Midfielder,21,16,5,7,1491,628.0,544.0,544.0,31.0,176.0,951.0,514.0,78.0,29.0,,27.0,16.0,,271.0,31.0,46.0,40.0,73.0,,,,113.0,51.0,27.0,27.0,9.0,,35.0,11.0,95.0,18.0,2.0,1.0,5.0,19.0,5.0,24.0,10.0,6.0,10.0,10.0,4.0,3.0,,,,1.0,1.0,7.0,13.0,,,1.0,,2.0,,,
2023-2024,Bundesliga,tedxo29s8xx0a71z6sidw7v9,J. Gouweleeuw,Augsburg,6,Defender,30,29,1,2,2841,1490.0,1144.0,1144.0,138.0,607.0,2043.0,1009.0,316.0,192.0,,108.0,35.0,,350.0,38.0,59.0,90.0,150.0,,,,156.0,139.0,9.0,91.0,52.0,,35.0,12.0,177.0,39.0,15.0,15.0,82.0,25.0,7.0,23.0,7.0,20.0,9.0,6.0,9.0,12.0,3.0,1.0,1.0,3.0,3.0,15.0,38.0,,,,,3.0,,,
2023-2024,Bundesliga,bs6f5ag1f47ropxefrybtaktl,M. Bauer,Augsburg,23,Forward,14,9,5,3,904,491.0,423.0,423.0,24.0,188.0,645.0,399.0,67.0,29.0,,30.0,11.0,,169.0,14.0,22.0,31.0,56.0,,,,27.0,39.0,11.0,34.0,17.0,,19.0,7.0,45.0,17.0,1.0,1.0,14.0,13.0,3.0,12.0,,6.0,2.0,1.0,1.0,,1.0,1.0,1.0,,,2.0,10.0,,,,,,,,
2023-2024,Bundesliga,9bzlvn0twr2b5z30k30gugw5x,F. Jensen,Augsburg,24,Midfielder,22,18,4,18,1379,476.0,259.0,259.0,26.0,108.0,780.0,263.0,117.0,46.0,,21.0,12.0,,144.0,16.0,54.0,40.0,99.0,,,,60.0,134.0,2.0,45.0,24.0,,23.0,12.0,343.0,21.0,63.0,41.0,160.0,14.0,1.0,11.0,10.0,29.0,9.0,4.0,26.0,16.0,5.0,2.0,2.0,30.0,11.0,5.0,6.0,,4.0,41.0,,1.0,,,
2023-2024,Bundesliga,4kolmisdpprx0wrahisadl5n9,E. Rexhbeçaj,Augsburg,8,Midfielder,25,24,1,10,2130,709.0,515.0,515.0,29.0,189.0,1137.0,494.0,170.0,38.0,,20.0,20.0,,250.0,27.0,53.0,54.0,106.0,,,,125.0,146.0,42.0,53.0,27.0,,30.0,11.0,251.0,26.0,14.0,13.0,52.0,20.0,4.0,19.0,18.0,25.0,19.0,15.0,15.0,8.0,4.0,2.0,1.0,8.0,6.0,8.0,17.0,,,3.0,1.0,3.0,,,
2023-2024,Bundesliga,dg6vrx8k026l7f8ytbu1xxj9x,P. Tietz,Augsburg,21,Forward,34,31,3,27,2445,534.0,331.0,331.0,8.0,93.0,1169.0,324.0,191.0,11.0,,35.0,6.0,,183.0,27.0,65.0,132.0,295.0,,,,88.0,185.0,17.0,230.0,105.0,,23.0,9.0,545.0,125.0,5.0,5.0,218.0,42.0,1.0,14.0,21.0,14.0,42.0,24.0,29.0,25.0,18.0,8.0,8.0,1.0,1.0,13.0,13.0,1.0,4.0,,,4.0,,,
2023-2024,Bundesliga,5pnfmmq8b8jxmp1qnf82d8out,S. Michel,Augsburg,20,Forward,22,5,17,5,732,173.0,93.0,93.0,6.0,26.0,342.0,91.0,67.0,3.0,,4.0,,,51.0,15.0,29.0,33.0,77.0,,,,22.0,70.0,4.0,48.0,18.0,,7.0,2.0,187.0,30.0,6.0,6.0,78.0,12.0,2.0,5.0,11.0,1.0,11.0,4.0,12.0,9.0,7.0,2.0,1.0,4.0,4.0,10.0,3.0,,2.0,,1.0,2.0,,,
2023-2024,Bundesliga,avk9yje6h4nndg3cufnbu2imt,E. Demirović,Augsburg,9,Forward,33,33,0,10,3075,574.0,369.0,369.0,10.0,107.0,1248.0,361.0,187.0,10.0,,26.0,11.0,,216.0,43.0,95.0,94.0,235.0,,,,107.0,186.0,35.0,140.0,51.0,,24.0,10.0,605.0,89.0,9.0,9.0,267.0,60.0,7.0,14.0,39.0,26.0,66.0,30.0,42.0,27.0,36.0,15.0,12.0,2.0,1.0,29.0,17.0,1.0,8.0,1.0,3.0,3.0,,,
2023-2024,Bundesliga,1ic5mnwhm510mptrxz04zmtm2,D. Beljo,Augsburg,7,Forward,26,3,23,2,777,160.0,114.0,114.0,2.0,28.0,303.0,113.0,42.0,1.0,,4.0,1.0,,71.0,11.0,25.0,29.0,58.0,,,,12.0,43.0,7.0,33.0,18.0,,,,160.0,15.0,2.0,2.0,80.0,9.0,2.0,,5.0,7.0,13.0,6.0,14.0,7.0,7.0,2.0,2.0,1.0,1.0,11.0,7.0,,,,,2.0,,,
2023-2024,Bundesliga,1t3ye17day755v0y3k2er9kut,M. Okugawa,Augsburg,14,Forward,2,0,2,0,49,11.0,7.0,7.0,,3.0,17.0,7.0,4.0,2.0,,2.0,,,3.0,0.0,1.0,1.0,2.0,,,,1.0,2.0,,1.0,1.0,,,,7.0,,,,4.0,,,,,,,,1.0,,,,,,,,,,,,,,,,
2023-2024,Bundesliga,4zrut521fzw9fddqt74pnl756,R. Vargas,Augsburg,16,Midfielder,31,25,6,22,2057,684.0,459.0,459.0,27.0,138.0,1125.0,447.0,158.0,49.0,,17.0,7.0,,265.0,32.0,91.0,53.0,144.0,,,,84.0,159.0,28.0,53.0,21.0,,23.0,13.0,556.0,32.0,50.0,45.0,206.0,33.0,3.0,10.0,18.0,15.0,34.0,17.0,46.0,18.0,17.0,4.0,4.0,15.0,9.0,22.0,19.0,,4.0,11.0,,5.0,,,
2023-2024,Bundesliga,55lki5a7uvc67wkfgfdtjeq22,T. Breithaupt,Augsburg,18,Forward,16,6,10,5,725,281.0,232.0,232.0,6.0,98.0,429.0,226.0,46.0,9.0,,10.0,8.0,,88.0,12.0,21.0,23.0,39.0,,,,48.0,39.0,4.0,18.0,11.0,,20.0,9.0,48.0,7.0,2.0,2.0,5.0,12.0,3.0,11.0,5.0,12.0,1.0,1.0,,2.0,,,,,,1.0,5.0,,,,,,,,
2023-2024,Bundesliga,4gmknefwu0tt33z88tu75xmg9,Iago Borduchi,Augsburg,22,Defender,23,18,5,6,1770,735.0,516.0,516.0,71.0,210.0,1149.0,465.0,170.0,65.0,,43.0,18.0,,237.0,36.0,79.0,56.0,117.0,,,,117.0,129.0,23.0,38.0,20.0,,36.0,19.0,268.0,18.0,24.0,24.0,100.0,14.0,4.0,17.0,10.0,31.0,13.0,6.0,24.0,15.0,7.0,1.0,1.0,20.0,20.0,19.0,13.0,,1.0,,,1.0,,,
2023-2024,Bundesliga,b6woton2db3w4rm67vu69buy2,A. Engels,Augsburg,27,Forward,32,13,19,10,1612,587.0,375.0,375.0,47.0,139.0,842.0,347.0,125.0,59.0,,21.0,15.0,,199.0,24.0,44.0,36.0,75.0,,,,61.0,130.0,15.0,31.0,12.0,,33.0,15.0,270.0,19.0,64.0,37.0,102.0,24.0,1.0,18.0,7.0,22.0,14.0,7.0,5.0,17.0,7.0,3.0,3.0,19.0,10.0,6.0,7.0,1.0,2.0,36.0,,3.0,1.0,1.0,
2023-2024,Bundesliga,5gb7v3m0qisn24c7h49xn250p,,Augsburg,39,Forward,0,0,0,0,0,,,,,,,,,,,,,,,0.0,0.0,0.0,0.0,,,,,,,,,,,,,,,,,,,,,,,,,,,,,,,,,,,,,,,,
2023-2024,Bundesliga,840353qq4b6ufh0hhm9o0n45x,T. Koubek,Augsburg,40,Forward,3,3,0,0,286,98.0,69.0,69.0,24.0,58.0,106.0,45.0,29.0,27.0,2.0,1.0,,17.0,,0.0,0.0,0.0,0.0,8.0,0.0,3.0,5.0,2.0,,,,,,,,,,,,,,,,,,,,,,,,,,,,,,,,,,,
2023-2024,Bundesliga,fwu0bja02waqct7l682s5mfp,K. Mbabu,Augsburg,43,Defender,25,22,3,4,2222,1020.0,618.0,618.0,106.0,280.0,1535.0,538.0,297.0,141.0,,48.0,24.0,,261.0,68.0,139.0,94.0,180.0,,,,119.0,231.0,26.0,41.0,26.0,,51.0,12.0,499.0,15.0,75.0,75.0,219.0,45.0,5.0,39.0,25.0,20.0,2.0,1.0,59.0,16.0,1.0,,,26.0,26.0,29.0,11.0,,2.0,,,1.0,,,
2023-2024,Bundesliga,4zfgh6wq7svx418tzwf0gfavp,M. Schwäbe,Köln,1,Goalkeeper,34,34,0,0,3344,1305.0,1014.0,1014.0,207.0,841.0,1377.0,807.0,283.0,269.0,14.0,10.0,,109.0,13.0,0.0,1.0,5.0,9.0,60.0,4.0,34.0,35.0,14.0,1.0,8.0,5.0,14.0,1.0,1.0,,3.0,,,,,,,,,,,,1.0,,,,,,,,,,,,,,,
2023-2024,Bundesliga,an7okg1fciccqu6300k8phisq,R. Carstensen,Köln,18,Defender,23,18,5,6,1796,827.0,583.0,583.0,43.0,205.0,1244.0,551.0,185.0,51.0,,50.0,20.0,,295.0,35.0,80.0,51.0,115.0,,,,95.0,181.0,13.0,35.0,16.0,,47.0,25.0,337.0,19.0,47.0,47.0,149.0,22.0,1.0,22.0,22.0,29.0,7.0,3.0,20.0,13.0,4.0,,,11.0,11.0,13.0,12.0,,1.0,,,1.0,,1.0,1.0
2023-2024,Bundesliga,ns0d3voludn8of98yc2e6ehh,D. Heintz,Köln,3,Forward,12,6,6,3,634,423.0,343.0,343.0,33.0,138.0,548.0,316.0,57.0,30.0,,28.0,3.0,,162.0,8.0,17.0,19.0,39.0,,,,30.0,44.0,4.0,22.0,11.0,,12.0,7.0,67.0,11.0,17.0,17.0,19.0,7.0,,5.0,3.0,5.0,,,2.0,5.0,,,,6.0,6.0,3.0,1.0,,,,,,,,
2023-2024,Bundesliga,3saz8njlttx2i4ospcwmmaqga,E. Martel,Köln,6,Midfielder,30,29,1,9,2635,1126.0,910.0,910.0,31.0,297.0,1805.0,882.0,194.0,45.0,,80.0,43.0,,458.0,50.0,88.0,120.0,212.0,,,,152.0,165.0,41.0,124.0,70.0,,70.0,27.0,266.0,54.0,16.0,16.0,94.0,52.0,6.0,43.0,24.0,46.0,21.0,12.0,11.0,9.0,9.0,1.0,1.0,3.0,3.0,7.0,25.0,,,,,,,,
2023-2024,Bundesliga,3tdsezcgdlm4laybvh4u49cr9,T. Hübers,Köln,4,Defender,31,31,0,1,3028,1743.0,1472.0,1472.0,83.0,718.0,2521.0,1390.0,263.0,130.0,,168.0,63.0,,523.0,51.0,74.0,150.0,222.0,,,,211.0,135.0,25.0,148.0,99.0,,68.0,21.0,94.0,49.0,2.0,2.0,57.0,44.0,6.0,47.0,7.0,26.0,19.0,14.0,2.0,3.0,5.0,,,1.0,1.0,4.0,31.0,,,,,1.0,,,
2023-2024,Bundesliga,mgwgcv336wb93xvv0pfr6dih,J. Chabot,Köln,24,Defender,32,32,0,4,2977,1616.0,1360.0,1360.0,91.0,649.0,2280.0,1270.0,249.0,127.0,,145.0,45.0,,459.0,51.0,79.0,152.0,218.0,,,,149.0,125.0,42.0,139.0,101.0,,59.0,17.0,99.0,38.0,3.0,3.0,72.0,28.0,8.0,42.0,2.0,23.0,12.0,9.0,11.0,7.0,3.0,,,1.0,1.0,9.0,50.0,,,,,,,1.0,1.0
2023-2024,Bundesliga,3es8fg7y59lckypu11i68q6s5,L. Waldschmidt,Köln,9,Midfielder,22,14,8,12,1226,448.0,304.0,304.0,22.0,95.0,715.0,298.0,91.0,23.0,,8.0,6.0,,174.0,30.0,60.0,37.0,76.0,,,,64.0,98.0,15.0,16.0,7.0,,19.0,7.0,266.0,9.0,30.0,14.0,86.0,20.0,,12.0,14.0,15.0,30.0,15.0,23.0,11.0,15.0,3.0,3.0,16.0,6.0,18.0,16.0,1.0,,26.0,,4.0,,,
2023-2024,Bundesliga,55z0yap5tml66nes2cchg7ahh,F. Kainz,Köln,11,Midfielder,33,29,4,22,2282,1119.0,707.0,707.0,78.0,284.0,1532.0,692.0,226.0,125.0,,23.0,13.0,,382.0,43.0,72.0,55.0,109.0,,,,126.0,220.0,33.0,37.0,12.0,,28.0,8.0,525.0,25.0,119.0,71.0,196.0,19.0,4.0,20.0,25.0,14.0,19.0,10.0,21.0,38.0,9.0,5.0,,63.0,31.0,23.0,15.0,,4.0,80.0,5.0,3.0,,,
2023-2024,Bundesliga,8n4b6j21nxf1nf628ugg3xsdl,S. Tigges,Köln,21,Forward,25,6,19,5,874,203.0,118.0,118.0,2.0,25.0,415.0,116.0,77.0,4.0,,12.0,1.0,,67.0,10.0,20.0,48.0,99.0,,,,25.0,80.0,8.0,79.0,38.0,,10.0,4.0,142.0,41.0,7.0,7.0,71.0,7.0,,6.0,9.0,2.0,18.0,9.0,6.0,7.0,9.0,3.0,3.0,,,4.0,6.0,2.0,,,,,,,
2023-2024,Bundesliga,dcben7gqpal0986gn6n5ypsyd,M. Uth,Köln,13,Forward,11,3,8,3,444,168.0,102.0,102.0,13.0,33.0,277.0,98.0,33.0,15.0,,2.0,1.0,,64.0,8.0,24.0,11.0,30.0,,,,24.0,42.0,12.0,6.0,3.0,,8.0,4.0,115.0,3.0,24.0,11.0,54.0,9.0,2.0,4.0,8.0,6.0,7.0,2.0,12.0,4.0,5.0,,,9.0,4.0,4.0,5.0,,,18.0,,1.0,,,
2023-2024,Bundesliga,cnf7quyillyf560nh14taliw9,L. Maina,Köln,37,Midfielder,31,21,10,16,2039,661.0,472.0,472.0,17.0,120.0,1007.0,467.0,113.0,20.0,,12.0,6.0,,291.0,37.0,81.0,37.0,95.0,,,,92.0,156.0,17.0,14.0,,,18.0,3.0,469.0,14.0,63.0,61.0,194.0,10.0,4.0,15.0,27.0,11.0,24.0,13.0,41.0,19.0,11.0,1.0,1.0,12.0,11.0,22.0,10.0,,3.0,3.0,,,,,
2023-2024,Bundesliga,38knnji3m4qg6pqohph35n74l,B. Schmitz,Köln,2,Forward,22,13,9,6,1295,709.0,495.0,495.0,50.0,223.0,931.0,452.0,170.0,54.0,,29.0,7.0,,206.0,20.0,42.0,34.0,78.0,,,,59.0,149.0,10.0,36.0,14.0,,27.0,12.0,253.0,22.0,33.0,33.0,86.0,9.0,5.0,15.0,,15.0,8.0,3.0,10.0,8.0,5.0,,,7.0,7.0,5.0,4.0,,3.0,,,,,,
2023-2024,Bundesliga,bkonv3y0vn24mpn6j8abjtux,D. Ljubičić,Köln,7,Midfielder,26,24,2,9,2182,843.0,664.0,664.0,34.0,220.0,1218.0,636.0,146.0,28.0,,11.0,18.0,,327.0,42.0,76.0,50.0,95.0,,,,112.0,143.0,13.0,19.0,8.0,,43.0,16.0,346.0,11.0,25.0,25.0,92.0,32.0,6.0,27.0,18.0,20.0,26.0,17.0,18.0,22.0,9.0,,,6.0,6.0,15.0,14.0,,1.0,,,5.0,,,
2023-2024,Bundesliga,89s9fm31pcfq7l28kc2kad4kq,D. Huseinbašić,Köln,8,Midfielder,26,18,8,8,1786,791.0,672.0,672.0,29.0,219.0,1117.0,645.0,102.0,27.0,,14.0,13.0,,343.0,28.0,62.0,36.0,78.0,,,,114.0,88.0,14.0,16.0,8.0,,38.0,20.0,220.0,8.0,13.0,13.0,44.0,28.0,5.0,18.0,19.0,25.0,7.0,4.0,14.0,15.0,3.0,,,2.0,2.0,10.0,6.0,,3.0,,,1.0,,,
2023-2024,Bundesliga,4w8nqkhp6v62vs319a7qckfs9,L. Kilian,Köln,15,Forward,13,6,7,2,722,317.0,241.0,241.0,15.0,85.0,439.0,226.0,75.0,39.0,,28.0,7.0,,123.0,9.0,17.0,19.0,34.0,,,,24.0,37.0,,17.0,10.0,,16.0,7.0,28.0,7.0,1.0,1.0,9.0,4.0,1.0,9.0,,7.0,,,1.0,,,,,,,,5.0,,,,,,,,
2023-2024,Bundesliga,97u083i6ktyeu7xf6aqfotzp,L. Paqarada,Köln,17,Forward,17,11,6,2,1188,717.0,463.0,463.0,52.0,214.0,935.0,438.0,153.0,74.0,,30.0,10.0,,215.0,18.0,32.0,27.0,62.0,,,,56.0,148.0,8.0,30.0,9.0,,21.0,10.0,248.0,21.0,69.0,44.0,112.0,7.0,,11.0,6.0,12.0,7.0,3.0,4.0,10.0,4.0,,,27.0,12.0,7.0,8.0,,1.0,40.0,,,,,
2023-2024,Bundesliga,6yc09eth94qsachf595dyx6fp,D. Selke,Köln,27,Forward,19,16,3,11,1335,234.0,144.0,144.0,,28.0,488.0,144.0,85.0,2.0,,20.0,,,89.0,8.0,17.0,75.0,139.0,,,,9.0,87.0,18.0,122.0,67.0,,4.0,2.0,204.0,55.0,4.0,4.0,104.0,24.0,3.0,2.0,12.0,2.0,24.0,13.0,7.0,9.0,11.0,6.0,6.0,,,6.0,12.0,1.0,,,,,,,
2023-2024,Bundesliga,7rltyxkrvvfg7q1hppl631soa,J. Thielmann,Köln,29,Forward,22,20,2,12,1729,551.0,355.0,355.0,37.0,139.0,923.0,327.0,151.0,46.0,,28.0,8.0,,166.0,36.0,56.0,56.0,103.0,,,,75.0,138.0,27.0,47.0,20.0,,28.0,10.0,304.0,27.0,33.0,33.0,93.0,27.0,4.0,18.0,24.0,25.0,27.0,15.0,10.0,12.0,12.0,1.0,1.0,9.0,9.0,18.0,16.0,,,,,2.0,1.0,1.0,
2023-2024,Bundesliga,44i5i1fr0mw3mymdbepzkj9ck,M. Finkgräfe,Köln,35,Defender,24,18,6,5,1927,859.0,585.0,585.0,61.0,229.0,1347.0,537.0,211.0,86.0,,39.0,22.0,,283.0,75.0,127.0,98.0,177.0,,,,104.0,174.0,21.0,50.0,23.0,,65.0,26.0,337.0,27.0,49.0,45.0,111.0,19.0,4.0,39.0,24.0,25.0,8.0,4.0,26.0,18.0,4.0,1.0,,13.0,10.0,36.0,14.0,,,7.0,1.0,1.0,,,
2023-2024,Bundesliga,5vgs10pyw2112mna9c9g91zv9,,Köln,44,Forward,0,0,0,0,0,,,,,,,,,,,,,,,0.0,0.0,0.0,0.0,,,,,,,,,,,,,,,,,,,,,,,,,,,,,,,,,,,,,,,,
2023-2024,Bundesliga,axcrcuv22693vn0a887samsph,J. Blaswich,RB Leipzig,21,Goalkeeper,21,21,0,0,2077,957.0,836.0,836.0,108.0,550.0,1031.0,728.0,120.0,112.0,16.0,7.0,,47.0,52.0,1.0,1.0,8.0,10.0,30.0,5.0,21.0,42.0,8.0,2.0,9.0,7.0,13.0,1.0,,,2.0,,,,,,1.0,,,,,,2.0,,,,,,,,,,,,,,,
2023-2024,Bundesliga,3isbv9egu9vzxnna4ix8gcudx,B. Henrichs,RB Leipzig,39,Defender,33,28,5,10,2723,1669.0,1294.0,1294.0,90.0,447.0,2244.0,1223.0,298.0,86.0,,37.0,33.0,,678.0,72.0,122.0,95.0,167.0,,,,163.0,260.0,35.0,45.0,23.0,,68.0,29.0,660.0,22.0,48.0,48.0,197.0,27.0,5.0,39.0,20.0,45.0,21.0,12.0,21.0,37.0,9.0,1.0,1.0,19.0,19.0,33.0,18.0,,4.0,,,15.0,,,
2023-2024,Bundesliga,2uz1cmslnjjzsgfcgji26kqg9,D. Raum,RB Leipzig,22,Defender,31,31,0,6,2966,2154.0,1459.0,1459.0,165.0,500.0,2721.0,1401.0,352.0,195.0,,82.0,27.0,,895.0,53.0,90.0,80.0,137.0,,,,169.0,383.0,12.0,47.0,27.0,,58.0,23.0,857.0,20.0,226.0,157.0,412.0,29.0,6.0,35.0,15.0,42.0,8.0,4.0,14.0,51.0,4.0,2.0,2.0,107.0,47.0,18.0,15.0,1.0,9.0,129.0,,2.0,,,
2023-2024,Bundesliga,aaaskdins76bd0368sbpt7wq2,C. Lukeba,RB Leipzig,23,Defender,32,24,8,2,2457,1885.0,1724.0,1724.0,54.0,851.0,2355.0,1672.0,155.0,67.0,,94.0,12.0,,484.0,29.0,51.0,61.0,110.0,,,,158.0,91.0,23.0,59.0,32.0,,19.0,7.0,78.0,27.0,3.0,3.0,25.0,8.0,3.0,12.0,9.0,22.0,6.0,3.0,15.0,4.0,3.0,1.0,1.0,2.0,2.0,17.0,14.0,,,,,1.0,,,
2023-2024,Bundesliga,3igg6gfmomgh1t5ohwzbpb5cl,L. Klostermann,RB Leipzig,16,Defender,25,16,9,3,1640,1155.0,1034.0,1034.0,50.0,447.0,1427.0,985.0,112.0,46.0,,64.0,13.0,,380.0,10.0,17.0,26.0,65.0,,,,81.0,73.0,5.0,48.0,16.0,,15.0,5.0,79.0,32.0,7.0,7.0,19.0,11.0,3.0,10.0,,13.0,5.0,3.0,2.0,4.0,2.0,1.0,1.0,1.0,1.0,,13.0,,,,,3.0,,,
2023-2024,Bundesliga,95gjm3yk75rmwyneb350zoktm,M. Simakan,RB Leipzig,2,Defender,32,23,9,10,2330,1573.0,1345.0,1345.0,60.0,572.0,2090.0,1287.0,208.0,77.0,,69.0,29.0,,536.0,41.0,72.0,101.0,168.0,,,,113.0,147.0,25.0,96.0,60.0,,48.0,19.0,264.0,36.0,16.0,16.0,115.0,35.0,8.0,29.0,9.0,22.0,25.0,14.0,12.0,12.0,11.0,2.0,2.0,2.0,2.0,12.0,19.0,,3.0,,,3.0,,,
2023-2024,Bundesliga,axj39lx25teh62rih6uv9qor9,K. Kampl,RB Leipzig,44,Forward,26,14,12,7,1531,1019.0,928.0,928.0,30.0,291.0,1265.0,901.0,80.0,21.0,,14.0,11.0,,428.0,18.0,33.0,21.0,46.0,,,,102.0,67.0,3.0,13.0,3.0,,19.0,11.0,220.0,10.0,8.0,8.0,30.0,16.0,3.0,8.0,14.0,12.0,4.0,3.0,4.0,14.0,1.0,1.0,1.0,3.0,3.0,10.0,9.0,,1.0,,,3.0,,,
2023-2024,Bundesliga,1s1v1tweyx8wxc9hj2jrnaggl,X. Schlager,RB Leipzig,24,Midfielder,29,29,0,7,2671,1798.0,1583.0,1583.0,66.0,604.0,2369.0,1521.0,197.0,45.0,,27.0,19.0,,714.0,69.0,116.0,92.0,157.0,,,,203.0,162.0,25.0,41.0,23.0,,81.0,31.0,347.0,18.0,10.0,10.0,38.0,34.0,7.0,50.0,27.0,33.0,10.0,7.0,16.0,23.0,3.0,,,4.0,4.0,19.0,19.0,,5.0,,,10.0,,,
2023-2024,Bundesliga,64ubq0xra74xaunooi8knyajt,L. Openda,RB Leipzig,17,Forward,34,33,1,20,2837,524.0,341.0,341.0,12.0,68.0,1028.0,336.0,150.0,15.0,,14.0,5.0,,216.0,23.0,74.0,45.0,127.0,,,,59.0,160.0,64.0,53.0,22.0,,3.0,,610.0,31.0,25.0,25.0,303.0,38.0,4.0,3.0,38.0,16.0,96.0,34.0,51.0,31.0,62.0,24.0,22.0,7.0,7.0,20.0,28.0,4.0,6.0,,2.0,5.0,,,
2023-2024,Bundesliga,5pousbiuqbus68yekd0mhc5pl,C. Baumgartner,RB Leipzig,14,Forward,32,11,21,11,1341,455.0,338.0,338.0,13.0,106.0,804.0,326.0,104.0,14.0,,14.0,5.0,,188.0,31.0,65.0,51.0,114.0,,,,40.0,97.0,27.0,49.0,20.0,,26.0,13.0,314.0,29.0,7.0,7.0,105.0,27.0,3.0,13.0,28.0,19.0,23.0,12.0,21.0,12.0,11.0,5.0,5.0,1.0,1.0,18.0,9.0,,1.0,,,4.0,,,
2023-2024,Bundesliga,exhxdmdq49xj4dnguq03qnlgq,X. Simons,RB Leipzig,20,Midfielder,32,32,0,21,2773,1434.0,1093.0,1093.0,67.0,347.0,2155.0,1070.0,239.0,46.0,,4.0,16.0,,605.0,101.0,194.0,120.0,230.0,,,,167.0,240.0,70.0,36.0,19.0,,30.0,13.0,929.0,17.0,47.0,24.0,249.0,32.0,10.0,17.0,49.0,23.0,55.0,22.0,80.0,68.0,33.0,8.0,7.0,44.0,8.0,84.0,26.0,1.0,12.0,59.0,1.0,19.0,,1.0,1.0
2023-2024,Bundesliga,3tb27261f8mpzpq3prpv8ng0l,P. Gulácsi,RB Leipzig,1,Forward,13,13,0,0,1286,470.0,406.0,406.0,51.0,263.0,504.0,355.0,64.0,64.0,7.0,8.0,,33.0,26.0,0.0,0.0,6.0,6.0,9.0,5.0,13.0,12.0,,,6.0,6.0,8.0,,,,,,,,,,,,,,,,1.0,,,,,,,,,1.0,,,,,,
2023-2024,Bundesliga,3qy1qlzezgfkxeom5n1r9h13p,C. Lenz,RB Leipzig,3,Forward,6,0,6,0,109,58.0,42.0,42.0,3.0,14.0,77.0,40.0,10.0,8.0,,3.0,2.0,,23.0,2.0,3.0,4.0,6.0,,,,4.0,7.0,1.0,3.0,2.0,,3.0,1.0,19.0,1.0,5.0,4.0,8.0,2.0,,2.0,1.0,,,,,1.0,,,,1.0,,,,,,2.0,,,,,
2023-2024,Bundesliga,7o3fumeufgigw092b7i5n4f6x,A. Haidara,RB Leipzig,8,Midfielder,21,19,2,15,1574,825.0,693.0,693.0,31.0,284.0,1173.0,663.0,127.0,25.0,,37.0,21.0,,252.0,36.0,53.0,70.0,105.0,,,,96.0,105.0,15.0,52.0,34.0,,42.0,15.0,181.0,18.0,3.0,3.0,22.0,14.0,5.0,27.0,9.0,22.0,16.0,7.0,2.0,14.0,9.0,2.0,2.0,1.0,1.0,9.0,11.0,,2.0,,,2.0,,,
2023-2024,Bundesliga,8l0am8k4pg2s9g9qbkhwte6dx,Y. Poulsen,RB Leipzig,9,Forward,28,12,16,11,1358,289.0,204.0,204.0,4.0,44.0,551.0,203.0,78.0,4.0,,15.0,4.0,,128.0,20.0,36.0,39.0,89.0,,,,42.0,75.0,29.0,53.0,19.0,,13.0,5.0,219.0,34.0,1.0,1.0,91.0,22.0,,8.0,20.0,10.0,25.0,9.0,11.0,10.0,16.0,5.0,5.0,3.0,3.0,12.0,7.0,,2.0,,,3.0,,,
2023-2024,Bundesliga,ckox9w95duwhmt72xxk7lt2vp,E. Forsberg,RB Leipzig,10,Forward,14,5,9,5,545,199.0,161.0,161.0,5.0,36.0,295.0,158.0,28.0,4.0,,5.0,,,111.0,6.0,16.0,8.0,21.0,,,,19.0,30.0,9.0,5.0,2.0,,7.0,4.0,116.0,3.0,6.0,3.0,33.0,4.0,,3.0,7.0,7.0,9.0,4.0,6.0,5.0,5.0,2.0,1.0,2.0,,3.0,3.0,,2.0,5.0,1.0,,,,
2023-2024,Bundesliga,2pjr6yz65f4uqvwniy4vphn85,T. Werner,RB Leipzig,11,Forward,8,2,6,2,258,88.0,58.0,58.0,6.0,12.0,131.0,55.0,24.0,3.0,,,1.0,,42.0,6.0,12.0,6.0,14.0,,,,7.0,23.0,,2.0,,,2.0,1.0,66.0,2.0,2.0,2.0,26.0,2.0,,1.0,5.0,1.0,7.0,1.0,5.0,3.0,6.0,2.0,1.0,3.0,2.0,5.0,2.0,,,1.0,1.0,,,,
2023-2024,Bundesliga,307whzq643o50rd4g8niobyay,N. Seiwald,RB Leipzig,13,Forward,21,6,15,4,879,390.0,318.0,318.0,25.0,109.0,552.0,295.0,64.0,19.0,,15.0,8.0,,149.0,22.0,40.0,28.0,54.0,,,,50.0,48.0,1.0,14.0,6.0,,33.0,15.0,44.0,8.0,3.0,1.0,11.0,5.0,1.0,18.0,8.0,10.0,1.0,,3.0,4.0,1.0,,,2.0,1.0,4.0,2.0,,2.0,3.0,,2.0,,,
2023-2024,Bundesliga,6z1du1o69dgamvu2m8yi97dre,Fábio Carvalho,RB Leipzig,18,Forward,9,1,8,1,230,92.0,70.0,70.0,,16.0,141.0,72.0,15.0,4.0,,1.0,,,47.0,4.0,11.0,6.0,16.0,,,,12.0,16.0,3.0,5.0,2.0,,3.0,2.0,67.0,3.0,5.0,5.0,27.0,,,1.0,2.0,8.0,2.0,,5.0,,2.0,,,2.0,1.0,3.0,1.0,,,1.0,,1.0,,,
2023-2024,Bundesliga,4ynekiqwgd0l8h7cuyvdl28ve,B. Šeško,RB Leipzig,30,Forward,31,17,14,15,1685,330.0,215.0,215.0,3.0,44.0,678.0,212.0,109.0,5.0,,27.0,3.0,,141.0,22.0,51.0,60.0,118.0,,,,28.0,108.0,10.0,67.0,38.0,,13.0,8.0,315.0,29.0,4.0,4.0,143.0,14.0,,5.0,38.0,21.0,42.0,17.0,21.0,12.0,25.0,14.0,14.0,,,17.0,7.0,5.0,2.0,,,4.0,,,
2023-2024,Bundesliga,ci1nu5z8aiiikco8af0zk1lud,R. Zentner,Mainz 05,27,Goalkeeper,30,30,0,0,2975,1045.0,663.0,663.0,240.0,557.0,1139.0,423.0,376.0,370.0,42.0,19.0,1.0,82.0,17.0,3.0,3.0,12.0,13.0,48.0,7.0,30.0,36.0,6.0,4.0,10.0,9.0,16.0,2.0,,4.0,1.0,,,4.0,1.0,3.0,2.0,,1.0,,,,1.0,,,,,,1.0,1.0,,,,,,,,
2023-2024,Bundesliga,6uurhe88nry4hyelll8ifzd91,E. Fernandes,Mainz 05,20,Forward,21,13,8,3,1451,801.0,599.0,599.0,79.0,283.0,1095.0,536.0,140.0,100.0,,52.0,22.0,,247.0,22.0,33.0,41.0,71.0,,,,88.0,80.0,8.0,38.0,19.0,,25.0,9.0,147.0,19.0,40.0,20.0,43.0,10.0,4.0,16.0,5.0,8.0,7.0,7.0,2.0,10.0,,,,16.0,8.0,6.0,14.0,,2.0,28.0,,2.0,,,
2023-2024,Bundesliga,6u47fsriz3ejlf72hxtsew5bd,A. Caci,Mainz 05,19,Midfielder,31,29,2,9,2704,1523.0,1098.0,1098.0,159.0,533.0,2075.0,959.0,348.0,143.0,,45.0,32.0,,394.0,46.0,97.0,75.0,155.0,,,,173.0,259.0,15.0,58.0,29.0,,56.0,33.0,397.0,29.0,54.0,45.0,142.0,34.0,8.0,23.0,10.0,36.0,18.0,13.0,18.0,19.0,5.0,2.0,2.0,20.0,18.0,23.0,20.0,,3.0,11.0,,1.0,,,
2023-2024,Bundesliga,cjok1odm3twxo7sqye3hua6eh,M. Leitsch,Mainz 05,5,Defender,7,4,3,1,425,171.0,133.0,133.0,13.0,55.0,254.0,120.0,38.0,16.0,,13.0,4.0,,56.0,3.0,8.0,16.0,27.0,,,,28.0,22.0,2.0,19.0,13.0,,6.0,3.0,7.0,6.0,,,,2.0,,3.0,,2.0,,,2.0,,,,,,,,,,,,,,,,
2023-2024,Bundesliga,bjhgmcai5irlexe7oa1g0e5sl,J. Guilavogui,Mainz 05,23,Forward,11,5,6,3,487,180.0,155.0,155.0,9.0,72.0,289.0,146.0,25.0,11.0,,21.0,13.0,,41.0,10.0,15.0,17.0,28.0,,,,29.0,14.0,2.0,13.0,7.0,,15.0,5.0,12.0,6.0,,,6.0,5.0,1.0,10.0,1.0,6.0,,,,1.0,,,,,,,7.0,,1.0,,,,,,
2023-2024,Bundesliga,58ixsja4yf7pskmshzo7ohwfe,S. van den Berg,Mainz 05,3,Defender,33,31,2,1,3124,1469.0,1190.0,1190.0,58.0,512.0,2277.0,1132.0,273.0,86.0,,159.0,43.0,,419.0,27.0,43.0,198.0,292.0,,,,176.0,189.0,18.0,249.0,171.0,,38.0,15.0,113.0,78.0,2.0,2.0,70.0,31.0,9.0,23.0,4.0,30.0,20.0,8.0,1.0,7.0,12.0,3.0,3.0,,,4.0,42.0,2.0,,,,,,,
2023-2024,Bundesliga,l469vtpe0jbgg5sq1v2e67e1,L. Barreiro,Mainz 05,8,Midfielder,31,29,2,3,2862,925.0,677.0,677.0,31.0,234.0,1567.0,648.0,238.0,51.0,,53.0,36.0,,339.0,55.0,104.0,94.0,206.0,,,,144.0,190.0,52.0,102.0,39.0,,65.0,25.0,314.0,63.0,3.0,3.0,109.0,58.0,8.0,40.0,14.0,29.0,23.0,10.0,24.0,16.0,13.0,4.0,4.0,2.0,2.0,15.0,31.0,1.0,2.0,,,,,,
2023-2024,Bundesliga,d608s0948uh3owqee7t0en7px,D. Kohr,Mainz 05,31,Defender,31,27,4,10,2372,1159.0,871.0,871.0,76.0,367.0,1652.0,800.0,262.0,124.0,,58.0,43.0,,362.0,47.0,76.0,89.0,159.0,,,,134.0,155.0,26.0,83.0,42.0,,65.0,23.0,182.0,41.0,17.0,17.0,55.0,48.0,14.0,42.0,4.0,21.0,19.0,12.0,6.0,11.0,7.0,1.0,1.0,5.0,5.0,5.0,12.0,1.0,,,,,,1.0,1.0
2023-2024,Bundesliga,dzolxp2oixtakcrqfyibpu76d,K. Onisiwo,Mainz 05,9,Forward,24,17,7,11,1598,338.0,197.0,197.0,11.0,54.0,718.0,194.0,116.0,8.0,,7.0,2.0,,122.0,27.0,65.0,60.0,163.0,,,,40.0,121.0,44.0,98.0,33.0,,17.0,9.0,383.0,65.0,13.0,13.0,166.0,32.0,1.0,8.0,28.0,14.0,24.0,17.0,29.0,13.0,7.0,1.0,1.0,8.0,8.0,19.0,13.0,,2.0,,,3.0,,,
2023-2024,Bundesliga,djggrnjp9s4p2mlbzhx6arbh1,M. Richter,Mainz 05,10,Forward,20,7,13,6,831,291.0,176.0,176.0,18.0,71.0,516.0,166.0,78.0,27.0,,1.0,2.0,,91.0,20.0,50.0,23.0,72.0,,,,37.0,79.0,17.0,22.0,3.0,,10.0,6.0,237.0,19.0,28.0,23.0,87.0,10.0,3.0,4.0,12.0,9.0,25.0,16.0,24.0,7.0,9.0,1.0,1.0,8.0,3.0,16.0,13.0,,,10.0,,4.0,,,
2023-2024,Bundesliga,bwqqecmqm76v5b83v1cz891p1,Lee Jae-Sung,Mainz 05,7,Forward,29,24,5,18,2220,777.0,603.0,603.0,19.0,176.0,1273.0,586.0,154.0,21.0,,23.0,27.0,,326.0,35.0,71.0,68.0,168.0,,,,95.0,148.0,27.0,97.0,33.0,,33.0,13.0,430.0,64.0,15.0,15.0,147.0,19.0,6.0,20.0,22.0,20.0,29.0,16.0,23.0,27.0,13.0,6.0,6.0,2.0,2.0,15.0,11.0,2.0,3.0,,,4.0,,,
2023-2024,Bundesliga,7c8ms7bw3fva4xeubax4ep8et,P. Mwene,Mainz 05,2,Midfielder,23,23,0,6,2151,934.0,622.0,622.0,77.0,241.0,1311.0,575.0,215.0,105.0,,47.0,17.0,,331.0,30.0,67.0,48.0,103.0,,,,88.0,171.0,13.0,36.0,18.0,,34.0,19.0,413.0,18.0,61.0,48.0,159.0,34.0,4.0,15.0,14.0,24.0,14.0,5.0,18.0,15.0,9.0,1.0,1.0,30.0,17.0,15.0,13.0,,2.0,26.0,,,1.0,1.0,
2023-2024,Bundesliga,2w76r8guf9sacoriu0ivytyax,A. Barkok,Mainz 05,4,Forward,13,1,12,1,419,184.0,115.0,115.0,8.0,36.0,290.0,110.0,56.0,9.0,,1.0,2.0,,55.0,7.0,18.0,18.0,43.0,,,,18.0,57.0,3.0,25.0,11.0,,9.0,4.0,119.0,14.0,10.0,8.0,43.0,15.0,2.0,5.0,5.0,7.0,10.0,3.0,7.0,4.0,7.0,1.0,1.0,3.0,1.0,2.0,2.0,,,4.0,,1.0,,,
2023-2024,Bundesliga,dgysidzshgxqm3jegaihwi5wq,T. Krauß,Mainz 05,14,Forward,29,13,16,10,1497,651.0,483.0,483.0,24.0,183.0,1069.0,462.0,158.0,39.0,,28.0,17.0,,226.0,36.0,70.0,51.0,96.0,,,,148.0,123.0,16.0,26.0,15.0,,57.0,24.0,200.0,11.0,4.0,4.0,28.0,31.0,5.0,33.0,13.0,29.0,11.0,9.0,10.0,7.0,2.0,1.0,1.0,3.0,3.0,3.0,12.0,,2.0,,,2.0,,,
2023-2024,Bundesliga,am0pcyvtaws1i69jt09dgnsnp,L. Ajorque,Mainz 05,17,Forward,26,15,11,6,1550,453.0,318.0,318.0,9.0,48.0,828.0,309.0,130.0,7.0,,11.0,4.0,,236.0,4.0,15.0,82.0,184.0,,,,49.0,126.0,15.0,169.0,78.0,,3.0,1.0,333.0,91.0,3.0,3.0,145.0,28.0,4.0,2.0,10.0,4.0,21.0,13.0,10.0,13.0,8.0,2.0,2.0,,,2.0,10.0,2.0,,,,2.0,,,
2023-2024,Bundesliga,amd4rodp6senk2c1mmlsqozpx,D. da Costa,Mainz 05,21,Forward,19,9,10,5,933,470.0,307.0,307.0,40.0,147.0,695.0,277.0,123.0,44.0,,24.0,16.0,,131.0,16.0,32.0,26.0,62.0,,,,60.0,109.0,4.0,30.0,10.0,,18.0,9.0,192.0,20.0,30.0,30.0,76.0,7.0,1.0,9.0,7.0,13.0,4.0,3.0,7.0,9.0,1.0,,,10.0,10.0,7.0,6.0,,1.0,,,,,,
2023-2024,Bundesliga,dnv2j39cit2t0t650s3cysj8q,M. Papela,Mainz 05,24,Forward,11,3,8,3,312,91.0,64.0,64.0,6.0,29.0,161.0,58.0,24.0,8.0,,2.0,4.0,,29.0,7.0,8.0,11.0,19.0,,,,16.0,18.0,1.0,11.0,4.0,,5.0,1.0,46.0,7.0,2.0,2.0,22.0,6.0,1.0,4.0,10.0,1.0,3.0,2.0,,3.0,1.0,,,,,3.0,1.0,,,,,1.0,,,
2023-2024,Bundesliga,4l3qk2g87pa3bevo2nlwkf3rp,D. Batz,Mainz 05,33,Forward,4,4,0,0,390,153.0,104.0,104.0,27.0,88.0,163.0,77.0,49.0,48.0,4.0,3.0,,14.0,2.0,0.0,0.0,1.0,1.0,3.0,1.0,4.0,5.0,1.0,,1.0,1.0,,,,,,,,,,,,,,,,,,,,,,,,,,,,,,,,
2023-2024,Bundesliga,70q0qmmf5t62dnqrortv5b8tm,D. Mamutovic,Mainz 05,45,Forward,2,0,2,0,27,10.0,7.0,7.0,1.0,3.0,15.0,6.0,2.0,2.0,,,,,2.0,1.0,1.0,1.0,2.0,,,,2.0,1.0,2.0,1.0,,,1.0,,3.0,1.0,1.0,1.0,,,,1.0,,,,,,,,,,,,,,,,,,,,,
2023-2024,Bundesliga,7obuhegyo1qcoikt23egcsr85,K. Trapp,Eintracht Frankfurt,1,Goalkeeper,32,32,0,0,3160,1166.0,867.0,867.0,153.0,650.0,1254.0,714.0,294.0,287.0,16.0,9.0,1.0,91.0,20.0,0.0,0.0,8.0,9.0,48.0,7.0,32.0,58.0,7.0,6.0,9.0,8.0,10.0,,,,1.0,,,,,2.0,,,,,,,,,,,,,,,,,,,,,,
2023-2024,Bundesliga,f5lfo1hz7u5bk494w53arcacq,J. Dina Ebimbe,Eintracht Frankfurt,26,Midfielder,31,25,6,21,2076,935.0,712.0,712.0,40.0,177.0,1517.0,675.0,199.0,30.0,,39.0,9.0,,432.0,71.0,143.0,112.0,216.0,,,,112.0,187.0,15.0,73.0,41.0,,44.0,15.0,510.0,32.0,18.0,18.0,203.0,49.0,5.0,29.0,30.0,21.0,39.0,24.0,57.0,19.0,15.0,5.0,5.0,3.0,3.0,42.0,20.0,1.0,3.0,,,7.0,,,
2023-2024,Bundesliga,5mbkc1nqmirbtfml9aklqr5xx,P. Max,Eintracht Frankfurt,31,Forward,23,17,6,14,1417,898.0,721.0,721.0,43.0,237.0,1116.0,699.0,114.0,45.0,,18.0,7.0,,396.0,23.0,37.0,35.0,65.0,,,,65.0,109.0,9.0,28.0,12.0,,26.0,9.0,234.0,16.0,40.0,33.0,74.0,7.0,2.0,17.0,3.0,17.0,7.0,5.0,5.0,17.0,2.0,1.0,1.0,21.0,15.0,6.0,2.0,,2.0,13.0,,1.0,,,
2023-2024,Bundesliga,ecwzzrkn1snbua5yu4gehxm2,W. Pacho,Eintracht Frankfurt,3,Defender,33,33,0,0,3260,2286.0,1928.0,1928.0,89.0,942.0,3009.0,1841.0,342.0,172.0,,152.0,47.0,,581.0,49.0,76.0,103.0,178.0,,,,216.0,175.0,14.0,102.0,54.0,,62.0,25.0,74.0,48.0,5.0,5.0,24.0,22.0,7.0,37.0,7.0,29.0,7.0,5.0,2.0,4.0,2.0,,,2.0,2.0,12.0,25.0,,2.0,,,3.0,,,
2023-2024,Bundesliga,1zumt9vkrqd8d3p3eqtwezi6t,R. Koch,Eintracht Frankfurt,4,Defender,31,31,0,2,2982,2161.0,1901.0,1901.0,87.0,863.0,2734.0,1815.0,255.0,129.0,,136.0,32.0,,565.0,25.0,42.0,105.0,172.0,,,,138.0,129.0,13.0,130.0,80.0,,38.0,15.0,94.0,50.0,3.0,3.0,53.0,20.0,10.0,23.0,2.0,9.0,18.0,13.0,2.0,2.0,5.0,2.0,2.0,1.0,1.0,2.0,30.0,,1.0,,,2.0,,,
2023-2024,Bundesliga,bd4p670s36cp1dh4fadv84qcq,Tuta,Eintracht Frankfurt,35,Defender,30,30,0,6,2827,1906.0,1612.0,1612.0,96.0,703.0,2530.0,1518.0,281.0,128.0,,99.0,36.0,,686.0,44.0,92.0,96.0,187.0,,,,171.0,162.0,17.0,95.0,52.0,,63.0,30.0,249.0,43.0,9.0,9.0,68.0,29.0,2.0,33.0,15.0,17.0,14.0,7.0,18.0,9.0,7.0,1.0,1.0,2.0,2.0,11.0,16.0,1.0,2.0,,,2.0,1.0,2.0,1.0
2023-2024,Bundesliga,elwm97xvha0y0t8yqx5sur9ck,H. Larsson,Eintracht Frankfurt,16,Midfielder,29,21,8,8,2064,965.0,831.0,831.0,30.0,246.0,1334.0,805.0,124.0,25.0,,30.0,29.0,,459.0,25.0,53.0,34.0,81.0,,,,116.0,103.0,2.0,28.0,9.0,,32.0,14.0,227.0,19.0,4.0,4.0,39.0,16.0,1.0,18.0,7.0,27.0,7.0,3.0,14.0,9.0,4.0,2.0,2.0,4.0,4.0,7.0,10.0,,1.0,,,1.0,,,
2023-2024,Bundesliga,ojqb7kv87o0cidbckgtg1rdh,E. Skhiri,Eintracht Frankfurt,15,Midfielder,27,24,3,6,2344,1287.0,1082.0,1082.0,51.0,351.0,1817.0,1031.0,199.0,59.0,,47.0,39.0,,505.0,36.0,63.0,67.0,119.0,,,,160.0,144.0,18.0,56.0,31.0,,44.0,20.0,235.0,25.0,4.0,4.0,43.0,14.0,1.0,24.0,25.0,29.0,13.0,5.0,7.0,16.0,8.0,2.0,2.0,,,12.0,9.0,,1.0,,,4.0,,,
2023-2024,Bundesliga,b8if5dg0k9prjik99aiutewh5,Omar Marmoush,Eintracht Frankfurt,7,Forward,29,27,2,12,2461,574.0,394.0,394.0,24.0,106.0,1190.0,383.0,144.0,22.0,,7.0,11.0,,241.0,50.0,145.0,77.0,201.0,,,,90.0,143.0,74.0,56.0,27.0,,21.0,10.0,607.0,29.0,21.0,13.0,285.0,28.0,7.0,11.0,58.0,13.0,56.0,23.0,85.0,32.0,33.0,12.0,10.0,13.0,5.0,39.0,23.0,,5.0,16.0,2.0,7.0,,,
2023-2024,Bundesliga,684cguhktvth28ql6qgvvmcyc,F. Chaïbi,Eintracht Frankfurt,8,Forward,28,21,7,15,2035,922.0,541.0,541.0,57.0,166.0,1296.0,535.0,196.0,86.0,,19.0,5.0,,363.0,24.0,49.0,34.0,115.0,,,,66.0,238.0,11.0,66.0,10.0,,27.0,10.0,588.0,56.0,128.0,67.0,262.0,14.0,2.0,17.0,16.0,36.0,28.0,14.0,15.0,38.0,14.0,2.0,2.0,51.0,18.0,7.0,13.0,,5.0,94.0,,3.0,,,
2023-2024,Bundesliga,byn8dfwg5zdefrca7wgn32qne,A. Knauff,Eintracht Frankfurt,36,Midfielder,31,24,7,18,2259,747.0,464.0,464.0,23.0,140.0,1263.0,452.0,231.0,34.0,,15.0,20.0,,267.0,51.0,113.0,74.0,179.0,,,,92.0,232.0,24.0,66.0,23.0,,43.0,17.0,499.0,43.0,35.0,35.0,199.0,32.0,6.0,26.0,26.0,37.0,27.0,14.0,45.0,16.0,13.0,7.0,7.0,11.0,11.0,25.0,13.0,,3.0,,,3.0,,1.0,1.0
2023-2024,Bundesliga,7iqt50eaixxatz08dh54p81gq,H. Smolčić,Eintracht Frankfurt,5,Forward,11,3,8,1,416,321.0,285.0,285.0,15.0,126.0,422.0,270.0,36.0,13.0,,23.0,6.0,,80.0,5.0,9.0,19.0,35.0,,,,20.0,23.0,2.0,26.0,14.0,,7.0,4.0,9.0,12.0,,,5.0,3.0,,3.0,2.0,2.0,3.0,2.0,,1.0,1.0,1.0,1.0,,,2.0,1.0,1.0,,,,,,,
2023-2024,Bundesliga,du9vq193cqx7gmve30eijws15,J. Ngankam,Eintracht Frankfurt,18,Forward,22,4,18,4,645,69.0,46.0,46.0,,4.0,207.0,46.0,22.0,,,1.0,3.0,,36.0,11.0,23.0,16.0,49.0,,,,18.0,23.0,10.0,26.0,5.0,,4.0,1.0,101.0,21.0,1.0,1.0,34.0,19.0,2.0,3.0,16.0,2.0,9.0,4.0,11.0,5.0,5.0,,,,,8.0,7.0,,,,,,1.0,1.0,
2023-2024,Bundesliga,8kqmsuo668wpuzoyyxf4o2vo5,M. Hasebe,Eintracht Frankfurt,20,Forward,8,2,6,1,277,189.0,166.0,166.0,8.0,70.0,227.0,158.0,22.0,11.0,,5.0,2.0,,55.0,2.0,4.0,6.0,11.0,,,,13.0,12.0,3.0,7.0,4.0,,4.0,2.0,15.0,3.0,1.0,1.0,,4.0,1.0,2.0,1.0,1.0,,,,,,,,,,,1.0,,,,,1.0,,,
2023-2024,Bundesliga,e91s5lp3fvfaav8w8xi7wdx3p,Aurélio Buta,Eintracht Frankfurt,24,Forward,30,20,10,13,1882,1112.0,864.0,864.0,47.0,268.0,1490.0,828.0,201.0,59.0,,36.0,15.0,,440.0,36.0,77.0,65.0,126.0,,,,94.0,177.0,23.0,49.0,29.0,,40.0,15.0,379.0,20.0,35.0,35.0,131.0,23.0,5.0,25.0,20.0,19.0,7.0,3.0,26.0,6.0,4.0,1.0,1.0,11.0,11.0,11.0,11.0,1.0,2.0,,,1.0,,,
2023-2024,Bundesliga,eqtsanns36za56h4pfqhbnh05,M. Götze,Eintracht Frankfurt,27,Midfielder,30,23,7,15,2236,1325.0,1030.0,1030.0,49.0,302.0,1760.0,1001.0,231.0,52.0,,10.0,14.0,,593.0,52.0,93.0,60.0,114.0,,,,152.0,218.0,35.0,21.0,8.0,,51.0,17.0,482.0,13.0,39.0,24.0,140.0,14.0,4.0,34.0,26.0,16.0,8.0,2.0,24.0,25.0,6.0,3.0,3.0,20.0,8.0,18.0,8.0,1.0,3.0,27.0,,6.0,,1.0,1.0
2023-2024,Bundesliga,3r1zsjvt43kg7aoudhh7o3rl6,N. Nkounkou,Eintracht Frankfurt,29,Forward,29,13,16,6,1539,868.0,614.0,614.0,66.0,239.0,1332.0,559.0,198.0,78.0,,30.0,16.0,,263.0,76.0,142.0,93.0,186.0,,,,102.0,165.0,2.0,44.0,17.0,,54.0,24.0,302.0,27.0,45.0,43.0,91.0,27.0,4.0,30.0,10.0,28.0,17.0,10.0,42.0,11.0,7.0,3.0,3.0,11.0,8.0,46.0,7.0,,3.0,5.0,,8.0,,1.0,1.0
2023-2024,Bundesliga,42eyoeidtcnf2l4eag73qp36y,P. Aaronson,Eintracht Frankfurt,30,Forward,7,1,6,1,149,50.0,41.0,41.0,1.0,9.0,88.0,40.0,9.0,1.0,,,,,28.0,4.0,9.0,7.0,12.0,,,,5.0,8.0,4.0,3.0,3.0,,2.0,,34.0,,,,13.0,6.0,,2.0,4.0,2.0,2.0,,5.0,1.0,2.0,,,,,2.0,,,1.0,,,,,,
2023-2024,Bundesliga,6rz47c6i1e4umc7kbh961x5ud,J. Grahl,Eintracht Frankfurt,33,Forward,2,2,0,0,195,92.0,61.0,61.0,8.0,53.0,98.0,53.0,31.0,30.0,4.0,3.0,,7.0,,0.0,0.0,1.0,1.0,2.0,0.0,2.0,1.0,1.0,,1.0,1.0,1.0,,,,,,,,,,,,,,,,1.0,,,,,,,,,1.0,,,,,,
2023-2024,Bundesliga,707kby5jn6898bqzdt0z5w8wk,Nacho Ferri,Eintracht Frankfurt,48,Forward,8,0,8,0,132,26.0,13.0,13.0,,4.0,69.0,13.0,12.0,1.0,,2.0,,,8.0,3.0,4.0,12.0,22.0,,,,2.0,11.0,2.0,18.0,9.0,,3.0,,29.0,9.0,,,12.0,1.0,,3.0,2.0,,2.0,,1.0,,2.0,1.0,1.0,,,,3.0,,,,,,,,
2023-2024,Bundesliga,8l1mv5qd9vwade754v3l8epjp,F. Rønnow,Union Berlin,1,Goalkeeper,33,33,0,0,3287,1316.0,951.0,951.0,257.0,788.0,1413.0,694.0,363.0,356.0,54.0,20.0,1.0,110.0,14.0,1.0,1.0,11.0,12.0,56.0,7.0,33.0,46.0,7.0,4.0,11.0,10.0,10.0,1.0,,6.0,1.0,,,6.0,,2.0,1.0,,,2.0,2.0,,1.0,,,,,,,1.0,,,,,,,,
2023-2024,Bundesliga,52t6t7cdsr0fjs9ukmwo9y7rp,C. Trimmel,Union Berlin,28,Midfielder,26,19,7,10,1796,951.0,586.0,586.0,93.0,253.0,1240.0,538.0,191.0,121.0,,57.0,13.0,,295.0,21.0,33.0,47.0,79.0,,,,78.0,195.0,4.0,46.0,26.0,,23.0,8.0,377.0,20.0,125.0,88.0,162.0,13.0,2.0,15.0,5.0,13.0,5.0,1.0,4.0,17.0,4.0,,,45.0,21.0,6.0,4.0,,2.0,61.0,,1.0,1.0,1.0,
2023-2024,Bundesliga,9qow77e16pvlb3860yjpydryt,R. Gosens,Union Berlin,6,Midfielder,30,27,3,16,2443,1184.0,837.0,837.0,75.0,350.0,1729.0,783.0,280.0,68.0,,75.0,36.0,,364.0,49.0,79.0,109.0,183.0,,,,100.0,255.0,24.0,104.0,60.0,,63.0,19.0,514.0,44.0,43.0,42.0,195.0,29.0,8.0,44.0,8.0,43.0,27.0,17.0,11.0,26.0,10.0,6.0,6.0,21.0,20.0,5.0,14.0,3.0,4.0,2.0,,3.0,,1.0,1.0
2023-2024,Bundesliga,3g9riero16s160evc28u3q3u1,Diogo Leite,Union Berlin,4,Defender,32,31,1,6,2962,1581.0,1262.0,1262.0,93.0,623.0,2254.0,1170.0,303.0,155.0,,155.0,47.0,,431.0,42.0,64.0,113.0,179.0,,,,145.0,151.0,31.0,115.0,71.0,,52.0,16.0,163.0,44.0,3.0,3.0,53.0,40.0,6.0,36.0,7.0,26.0,9.0,5.0,6.0,5.0,4.0,,,1.0,1.0,6.0,26.0,,,,,1.0,,,
2023-2024,Bundesliga,cab22ojcuhdzdwmbtl20n8i51,R. Knoche,Union Berlin,31,Defender,24,20,4,2,2124,1153.0,931.0,931.0,76.0,438.0,1577.0,855.0,217.0,110.0,,73.0,13.0,,319.0,25.0,39.0,71.0,126.0,,,,152.0,110.0,10.0,87.0,46.0,,34.0,12.0,41.0,41.0,3.0,3.0,22.0,10.0,1.0,22.0,,8.0,7.0,2.0,2.0,2.0,5.0,1.0,1.0,,,3.0,21.0,1.0,,,,,,,
2023-2024,Bundesliga,3nnjep6bxxb6xwhanvqvjt39x,L. Bonucci,Union Berlin,23,Defender,7,6,1,4,487,248.0,189.0,189.0,24.0,114.0,336.0,166.0,52.0,36.0,,16.0,7.0,,43.0,6.0,8.0,11.0,20.0,,,,32.0,21.0,1.0,12.0,5.0,,6.0,1.0,17.0,7.0,5.0,5.0,2.0,2.0,,5.0,,2.0,1.0,,1.0,1.0,1.0,1.0,,1.0,1.0,1.0,3.0,,,,1.0,,,,
2023-2024,Bundesliga,cywgibmici8hwp1ad1nhk3ufp,S. Becker,Union Berlin,27,Forward,11,7,4,7,680,280.0,172.0,172.0,16.0,44.0,413.0,167.0,50.0,14.0,,2.0,,,119.0,9.0,19.0,9.0,27.0,,,,48.0,82.0,5.0,8.0,,,3.0,,226.0,8.0,46.0,46.0,100.0,6.0,,3.0,4.0,2.0,11.0,7.0,10.0,10.0,4.0,,,11.0,10.0,6.0,5.0,,1.0,1.0,,,,,
2023-2024,Bundesliga,9taxidttdt94nmvc3mqhqq0ut,A. Král,Union Berlin,33,Forward,24,13,11,4,1551,487.0,337.0,337.0,17.0,112.0,756.0,323.0,130.0,31.0,,30.0,11.0,,178.0,19.0,32.0,35.0,65.0,,,,85.0,113.0,13.0,33.0,16.0,,19.0,5.0,184.0,17.0,14.0,14.0,46.0,16.0,2.0,14.0,12.0,11.0,14.0,9.0,8.0,3.0,5.0,,,3.0,3.0,5.0,8.0,,,,,3.0,,,
2023-2024,Bundesliga,6ita8t40qk3b85mrqpq71gjys,D. Fofana,Union Berlin,11,Forward,12,8,4,7,723,152.0,103.0,103.0,8.0,28.0,386.0,98.0,37.0,1.0,,5.0,,,62.0,26.0,62.0,36.0,89.0,,,,25.0,44.0,12.0,27.0,10.0,,10.0,3.0,226.0,17.0,8.0,8.0,102.0,8.0,,7.0,26.0,4.0,20.0,8.0,33.0,4.0,12.0,1.0,1.0,3.0,3.0,19.0,6.0,,,,,,,,
2023-2024,Bundesliga,a2l72iohmbq6rjr3rzrsvnwt1,A. Laïdouni,Union Berlin,20,Forward,23,10,13,6,1244,512.0,396.0,396.0,22.0,142.0,802.0,382.0,91.0,18.0,,14.0,12.0,,197.0,22.0,51.0,34.0,77.0,,,,80.0,88.0,27.0,26.0,12.0,,21.0,9.0,227.0,14.0,15.0,15.0,53.0,20.0,2.0,12.0,20.0,24.0,10.0,5.0,20.0,11.0,5.0,,,8.0,7.0,10.0,5.0,,3.0,1.0,,2.0,,,
2023-2024,Bundesliga,280u0x6o94auqt5e8ff89xune,B. Hollerbach,Union Berlin,16,Forward,28,15,13,14,1406,397.0,244.0,244.0,15.0,70.0,863.0,238.0,107.0,15.0,,3.0,4.0,,154.0,41.0,97.0,59.0,153.0,,,,59.0,127.0,20.0,56.0,18.0,,17.0,6.0,402.0,38.0,35.0,35.0,183.0,29.0,2.0,11.0,52.0,28.0,18.0,8.0,50.0,14.0,10.0,5.0,5.0,9.0,9.0,30.0,16.0,,,,,,,,
2023-2024,Bundesliga,87jamhsc8ps9kh5432u36kjc9,P. Jaeckel,Union Berlin,3,Forward,6,2,4,0,305,136.0,121.0,121.0,17.0,56.0,185.0,104.0,15.0,9.0,,7.0,4.0,,46.0,2.0,8.0,7.0,15.0,,,,14.0,6.0,2.0,7.0,5.0,,7.0,5.0,4.0,2.0,,,,,,2.0,1.0,1.0,,,1.0,1.0,,,,,,,2.0,,,,,,,,
2023-2024,Bundesliga,8rrcscn29rs1gk8mi1pwpu92i,B. Aaronson,Union Berlin,7,Forward,30,14,16,11,1528,472.0,359.0,359.0,10.0,106.0,867.0,355.0,86.0,7.0,,4.0,2.0,,195.0,52.0,111.0,65.0,140.0,,,,88.0,96.0,25.0,29.0,13.0,,32.0,14.0,346.0,16.0,17.0,13.0,136.0,15.0,2.0,18.0,38.0,25.0,13.0,6.0,45.0,20.0,7.0,2.0,2.0,6.0,4.0,34.0,6.0,,3.0,6.0,,5.0,,1.0,1.0
2023-2024,Bundesliga,etfmz143p0d2yowiiijd8g6sq,M. Kaufmann,Union Berlin,9,Forward,18,4,14,4,629,126.0,66.0,66.0,4.0,18.0,309.0,63.0,55.0,2.0,,4.0,1.0,,34.0,6.0,16.0,32.0,76.0,,,,19.0,57.0,10.0,60.0,26.0,,6.0,3.0,135.0,34.0,4.0,4.0,50.0,7.0,,3.0,10.0,12.0,13.0,7.0,7.0,3.0,6.0,1.0,1.0,1.0,1.0,3.0,2.0,,,,,,,,
2023-2024,Bundesliga,2xmc0gsdslrnsu6ua40kbh32t,K. Volland,Union Berlin,10,Forward,26,17,9,12,1550,420.0,240.0,240.0,26.0,83.0,725.0,232.0,121.0,33.0,,12.0,6.0,,133.0,15.0,40.0,38.0,104.0,,,,56.0,127.0,13.0,64.0,23.0,,22.0,13.0,304.0,41.0,39.0,26.0,135.0,28.0,2.0,9.0,22.0,8.0,24.0,11.0,12.0,14.0,13.0,3.0,1.0,18.0,11.0,6.0,12.0,,4.0,20.0,2.0,3.0,1.0,2.0,1.0
2023-2024,Bundesliga,c7gwbtdqptxjtu3tn3xctvit,,Union Berlin,12,Forward,0,0,0,0,0,,,,,,,,,,,,,,,0.0,0.0,0.0,0.0,,,,,,,,,,,,,,,,,,,,,,,,,,,,,,,,,,,,,,,,
2023-2024,Bundesliga,7424gvk9hiq5up61dj181y66t,K. Behrens,Union Berlin,17,Forward,31,21,10,14,2032,511.0,326.0,326.0,17.0,94.0,1051.0,310.0,172.0,12.0,,25.0,9.0,,196.0,18.0,31.0,142.0,262.0,,,,51.0,169.0,25.0,231.0,124.0,,15.0,4.0,506.0,107.0,9.0,9.0,209.0,30.0,4.0,11.0,22.0,14.0,45.0,26.0,9.0,19.0,19.0,5.0,5.0,1.0,1.0,7.0,9.0,5.0,1.0,,,3.0,,,
2023-2024,Bundesliga,24vavcwn4hco5je9kdu9ciwgl,J. Haberer,Union Berlin,19,Forward,21,14,7,8,1339,553.0,407.0,407.0,23.0,116.0,856.0,389.0,129.0,35.0,,18.0,12.0,,242.0,32.0,55.0,52.0,94.0,,,,95.0,104.0,16.0,39.0,20.0,,36.0,12.0,192.0,19.0,10.0,10.0,50.0,22.0,7.0,24.0,5.0,17.0,9.0,6.0,11.0,7.0,3.0,1.0,1.0,5.0,5.0,8.0,10.0,,1.0,,,,,,
2023-2024,Bundesliga,40rzvcdss138e6futx3bht3o5,J. Roussillon,Union Berlin,26,Forward,23,8,15,6,941,355.0,258.0,258.0,21.0,116.0,544.0,242.0,74.0,25.0,,26.0,5.0,,104.0,14.0,30.0,23.0,47.0,,,,52.0,65.0,10.0,17.0,9.0,,16.0,7.0,128.0,8.0,16.0,16.0,53.0,4.0,2.0,9.0,8.0,9.0,4.0,,9.0,6.0,4.0,,,5.0,5.0,5.0,7.0,,1.0,,,,,,
2023-2024,Bundesliga,eg9xhi6wfp1duf01pcsn8vfmd,L. Tousart,Union Berlin,29,Midfielder,23,18,5,8,1730,523.0,388.0,388.0,18.0,141.0,969.0,371.0,123.0,21.0,,41.0,25.0,,190.0,30.0,57.0,68.0,133.0,,,,93.0,110.0,8.0,76.0,38.0,,35.0,15.0,200.0,38.0,8.0,8.0,81.0,31.0,5.0,20.0,13.0,23.0,19.0,13.0,12.0,6.0,6.0,,,1.0,1.0,10.0,15.0,,,,,3.0,,,
2023-2024,Bundesliga,53ozrqkupvt2iyi2xg0swf7px,P. Pervan,Wolfsburg,12,Forward,9,9,0,0,906,300.0,229.0,229.0,58.0,185.0,314.0,171.0,71.0,66.0,1.0,4.0,,20.0,5.0,0.0,0.0,1.0,1.0,17.0,2.0,9.0,7.0,5.0,1.0,1.0,1.0,1.0,,,,,,,,,1.0,,,,,,,,,,,,,,,,,,,,,,
2023-2024,Bundesliga,6lfje6glfgycun47flgmc9jvt,J. Mæhle,Wolfsburg,21,Defender,30,27,3,5,2694,1555.0,1251.0,1251.0,69.0,436.0,2099.0,1194.0,238.0,67.0,,65.0,29.0,,604.0,61.0,123.0,83.0,169.0,,,,134.0,219.0,15.0,46.0,22.0,,62.0,23.0,584.0,24.0,48.0,48.0,203.0,19.0,5.0,39.0,15.0,38.0,14.0,8.0,39.0,22.0,6.0,2.0,2.0,12.0,12.0,22.0,11.0,,5.0,,,,,,
2023-2024,Bundesliga,2dxsntw3djezptdjqzu0oxi7e,K. Paredes,Wolfsburg,40,Forward,28,15,13,9,1622,592.0,446.0,446.0,26.0,136.0,936.0,429.0,112.0,34.0,,26.0,23.0,,253.0,35.0,86.0,45.0,110.0,,,,62.0,102.0,53.0,24.0,10.0,,42.0,21.0,339.0,14.0,24.0,23.0,111.0,11.0,4.0,21.0,17.0,25.0,17.0,10.0,30.0,14.0,7.0,3.0,3.0,9.0,9.0,14.0,4.0,,2.0,1.0,,,,,
2023-2024,Bundesliga,afk5qdami9yzapywig6ds4quh,C. Zesiger,Wolfsburg,5,Defender,23,18,5,4,1813,1118.0,941.0,941.0,50.0,467.0,1431.0,893.0,171.0,86.0,,88.0,15.0,,286.0,12.0,23.0,51.0,78.0,,,,66.0,88.0,10.0,55.0,39.0,,19.0,10.0,66.0,16.0,3.0,3.0,17.0,24.0,5.0,9.0,6.0,11.0,12.0,10.0,1.0,,2.0,,,2.0,2.0,3.0,25.0,,,,,,,,
2023-2024,Bundesliga,fr9ac60188vlmtbrcddhxii1,S. Bornauw,Wolfsburg,3,Defender,20,16,4,4,1555,842.0,737.0,737.0,30.0,336.0,1137.0,707.0,104.0,51.0,,81.0,18.0,,211.0,16.0,31.0,45.0,84.0,,,,66.0,54.0,5.0,53.0,29.0,,26.0,14.0,39.0,24.0,1.0,1.0,25.0,27.0,5.0,12.0,1.0,9.0,11.0,5.0,1.0,1.0,6.0,,,,,4.0,13.0,,,,,,,,
2023-2024,Bundesliga,7e7w34imugzsufvytjxytupd5,M. Lacroix,Wolfsburg,4,Defender,28,27,1,1,2719,1449.0,1225.0,1225.0,99.0,624.0,1988.0,1129.0,214.0,75.0,,121.0,24.0,,376.0,36.0,63.0,100.0,177.0,,,,126.0,141.0,19.0,114.0,64.0,,48.0,19.0,80.0,50.0,2.0,2.0,43.0,27.0,4.0,29.0,1.0,23.0,11.0,3.0,8.0,6.0,8.0,4.0,4.0,3.0,3.0,7.0,13.0,1.0,1.0,,,,2.0,3.0,1.0
2023-2024,Bundesliga,4sd2zs6d5cd4d9n3oo54lglat,M. Svanberg,Wolfsburg,32,Midfielder,25,20,5,15,1826,807.0,563.0,563.0,29.0,213.0,1203.0,545.0,186.0,59.0,,28.0,21.0,,267.0,32.0,71.0,52.0,102.0,,,,98.0,171.0,32.0,31.0,20.0,,37.0,20.0,316.0,11.0,44.0,27.0,88.0,42.0,8.0,17.0,11.0,20.0,27.0,16.0,19.0,22.0,11.0,1.0,1.0,11.0,5.0,15.0,20.0,,5.0,23.0,,2.0,,,
2023-2024,Bundesliga,72vim7cq99zdjjwivwtr773vu,A. Vranckx,Wolfsburg,6,Forward,24,12,12,3,1329,585.0,497.0,497.0,31.0,151.0,862.0,468.0,78.0,30.0,,29.0,14.0,,275.0,31.0,60.0,46.0,81.0,,,,72.0,56.0,24.0,21.0,15.0,,32.0,17.0,121.0,6.0,8.0,8.0,16.0,29.0,6.0,15.0,11.0,11.0,3.0,1.0,12.0,4.0,2.0,,,2.0,2.0,16.0,7.0,,,,,1.0,,,
2023-2024,Bundesliga,eswxx8pxqyuj7rnpvqawpej1l,J. Wind,Wolfsburg,23,Forward,34,31,3,15,2835,673.0,471.0,471.0,18.0,161.0,1203.0,455.0,190.0,11.0,,21.0,3.0,,239.0,23.0,45.0,113.0,220.0,,,,60.0,185.0,45.0,175.0,90.0,,13.0,3.0,511.0,85.0,6.0,6.0,166.0,28.0,3.0,10.0,35.0,9.0,60.0,25.0,19.0,36.0,35.0,11.0,11.0,2.0,2.0,13.0,17.0,1.0,7.0,,,11.0,,,
2023-2024,Bundesliga,c1yctqdku2vzho2azsgcy5dcl,V. Černý,Wolfsburg,7,Forward,22,12,10,12,1024,364.0,247.0,247.0,18.0,78.0,569.0,237.0,82.0,21.0,,6.0,8.0,,143.0,17.0,43.0,18.0,50.0,,,,58.0,87.0,,7.0,1.0,,8.0,5.0,266.0,6.0,26.0,19.0,96.0,9.0,2.0,3.0,15.0,13.0,13.0,8.0,21.0,12.0,5.0,4.0,4.0,8.0,7.0,14.0,7.0,,,8.0,,3.0,,,
2023-2024,Bundesliga,3hd9nxdb54zn4fhbf7qa7x0q1,L. Majer,Wolfsburg,19,Midfielder,32,25,7,21,2200,1039.0,736.0,736.0,34.0,258.0,1517.0,726.0,207.0,60.0,,13.0,12.0,,362.0,43.0,95.0,54.0,124.0,,,,143.0,216.0,37.0,29.0,11.0,,39.0,21.0,578.0,18.0,69.0,40.0,189.0,37.0,5.0,18.0,27.0,19.0,24.0,12.0,31.0,29.0,12.0,5.0,3.0,24.0,11.0,25.0,14.0,,5.0,42.0,2.0,1.0,,,
2023-2024,Bundesliga,azcv772qzdbz1exafx3od6lt5,N. Cozza,Wolfsburg,8,Forward,6,3,3,3,297,192.0,144.0,144.0,11.0,59.0,257.0,136.0,44.0,17.0,,6.0,4.0,,73.0,10.0,15.0,13.0,27.0,,,,12.0,28.0,,12.0,3.0,,8.0,2.0,26.0,9.0,1.0,1.0,7.0,1.0,1.0,6.0,,3.0,1.0,1.0,3.0,1.0,,,,3.0,3.0,4.0,,,,,,,,,
2023-2024,Bundesliga,amvonu36at4dg7ksi1ioczi3u,A. Sarr,Wolfsburg,9,Forward,14,2,12,2,516,130.0,94.0,94.0,,18.0,234.0,95.0,33.0,,,1.0,2.0,,50.0,4.0,14.0,17.0,38.0,,,,14.0,34.0,3.0,24.0,13.0,,3.0,1.0,99.0,11.0,1.0,1.0,24.0,3.0,,2.0,9.0,5.0,5.0,3.0,9.0,1.0,2.0,,,1.0,,2.0,2.0,,,1.0,,,,,
2023-2024,Bundesliga,9ic8hvnkzj9p0ikh6bwaeoqju,Tiago Tomás,Wolfsburg,11,Forward,26,11,15,11,1165,278.0,177.0,177.0,4.0,31.0,559.0,177.0,72.0,13.0,,9.0,3.0,,113.0,23.0,63.0,38.0,92.0,,,,37.0,83.0,26.0,29.0,15.0,,5.0,3.0,253.0,14.0,24.0,23.0,120.0,12.0,3.0,2.0,23.0,13.0,18.0,8.0,37.0,8.0,10.0,1.0,1.0,4.0,3.0,21.0,9.0,,1.0,2.0,,,,,
2023-2024,Bundesliga,4vis4wltntxil2m9z16mi6j8p,Rogério,Wolfsburg,13,Defender,13,10,3,3,999,552.0,445.0,445.0,26.0,188.0,751.0,429.0,80.0,26.0,,23.0,5.0,,198.0,10.0,33.0,17.0,54.0,,,,55.0,71.0,12.0,21.0,7.0,,14.0,8.0,168.0,14.0,17.0,17.0,55.0,7.0,,6.0,8.0,11.0,4.0,2.0,15.0,6.0,2.0,1.0,1.0,10.0,10.0,4.0,5.0,,,,,,,,
2023-2024,Bundesliga,b7cso5zljdvzfila9zd4fz4ve,J. Kamiński,Wolfsburg,16,Forward,17,4,13,3,584,195.0,148.0,148.0,12.0,36.0,319.0,140.0,31.0,14.0,,5.0,2.0,,89.0,6.0,26.0,10.0,42.0,,,,24.0,29.0,5.0,16.0,4.0,,14.0,9.0,131.0,12.0,12.0,10.0,55.0,3.0,,5.0,14.0,3.0,6.0,3.0,11.0,4.0,3.0,,,4.0,4.0,1.0,4.0,,2.0,2.0,,,,,
2023-2024,Bundesliga,23l48u4w5nj4036whjm3s49gp,R. Baku,Wolfsburg,20,Midfielder,33,22,11,12,2241,1048.0,776.0,776.0,57.0,234.0,1542.0,732.0,215.0,63.0,,45.0,21.0,,442.0,37.0,78.0,58.0,126.0,,,,124.0,194.0,35.0,48.0,21.0,,37.0,17.0,491.0,27.0,42.0,33.0,167.0,24.0,4.0,20.0,20.0,26.0,19.0,10.0,24.0,21.0,9.0,1.0,1.0,13.0,12.0,17.0,9.0,,,10.0,,5.0,,,
2023-2024,Bundesliga,acxwc7xxrtyssiy390t859kgl,M. Arnold,Wolfsburg,27,Midfielder,30,27,3,1,2776,1582.0,1248.0,1248.0,127.0,491.0,2077.0,1158.0,213.0,143.0,,60.0,24.0,,601.0,38.0,63.0,52.0,107.0,,,,174.0,147.0,46.0,44.0,14.0,,51.0,20.0,349.0,30.0,77.0,40.0,77.0,37.0,9.0,31.0,17.0,19.0,23.0,11.0,5.0,32.0,12.0,2.0,1.0,37.0,16.0,7.0,13.0,,1.0,58.0,1.0,4.0,,,
2023-2024,Bundesliga,d2ykrr75737c8bzlwhjj90vkl,Y. Gerhardt,Wolfsburg,31,Midfielder,25,18,7,10,1814,756.0,581.0,581.0,24.0,176.0,1050.0,561.0,147.0,36.0,,35.0,7.0,,312.0,20.0,35.0,48.0,90.0,,,,78.0,134.0,16.0,55.0,28.0,,31.0,11.0,280.0,27.0,23.0,23.0,82.0,18.0,5.0,20.0,9.0,13.0,14.0,5.0,4.0,11.0,9.0,2.0,2.0,4.0,4.0,,7.0,1.0,1.0,,,2.0,,,
2023-2024,Bundesliga,6fwp35py11q0xy2k27hp7y6wa,,Wolfsburg,35,Forward,0,0,0,0,0,,,,,,,,,,,,,,,0.0,0.0,0.0,0.0,,,,,,,,,,,,,,,,,,,,,,,,,,,,,,,,,,,,,,,,
2023-2024,Bundesliga,7llxni56g8q0yt33vhp1pt3o5,M. Zetterer,Werder Bremen,30,Goalkeeper,27,27,0,0,2654,1127.0,891.0,891.0,248.0,723.0,1191.0,643.0,230.0,217.0,34.0,7.0,,94.0,19.0,1.0,3.0,14.0,19.0,37.0,6.0,27.0,20.0,13.0,7.0,16.0,13.0,10.0,3.0,2.0,1.0,3.0,,,1.0,,2.0,1.0,,,1.0,1.0,,2.0,,,,,,,,,,,,,,,
2023-2024,Bundesliga,7k7whr0pdbw5wtk7g0cwozw0l,M. Weiser,Werder Bremen,8,Midfielder,30,30,0,4,2848,1443.0,1046.0,1046.0,88.0,399.0,2148.0,986.0,311.0,76.0,,43.0,20.0,,499.0,88.0,175.0,111.0,238.0,,,,171.0,290.0,39.0,63.0,23.0,,64.0,26.0,631.0,40.0,55.0,55.0,225.0,29.0,5.0,38.0,34.0,30.0,29.0,16.0,61.0,32.0,13.0,3.0,3.0,28.0,27.0,50.0,21.0,2.0,9.0,1.0,,6.0,,,
2023-2024,Bundesliga,5wn1xudozb4s78x0m8ch7vn8q,O. Deman,Werder Bremen,2,Forward,29,14,15,7,1548,730.0,529.0,529.0,68.0,181.0,1055.0,475.0,153.0,53.0,,49.0,14.0,,289.0,25.0,48.0,41.0,82.0,,,,80.0,132.0,13.0,34.0,16.0,,28.0,13.0,223.0,18.0,32.0,31.0,91.0,27.0,5.0,15.0,6.0,16.0,13.0,5.0,10.0,12.0,8.0,2.0,2.0,14.0,11.0,10.0,13.0,2.0,1.0,4.0,,,,,
2023-2024,Bundesliga,8nug6t1cmn9pwhnwdf6nyhrrp,A. Jung,Werder Bremen,3,Defender,31,30,1,5,2858,1795.0,1549.0,1549.0,93.0,688.0,2250.0,1460.0,220.0,88.0,,102.0,24.0,,581.0,28.0,43.0,72.0,113.0,,,,142.0,151.0,15.0,70.0,44.0,,37.0,14.0,85.0,26.0,19.0,17.0,26.0,15.0,4.0,23.0,2.0,22.0,4.0,3.0,1.0,6.0,1.0,1.0,1.0,4.0,4.0,5.0,18.0,1.0,,2.0,,1.0,1.0,1.0,
2023-2024,Bundesliga,aaoycxwi9jny6flm4apz8a2uh,M. Friedl,Werder Bremen,32,Defender,25,25,0,2,2390,1081.0,929.0,929.0,90.0,417.0,1602.0,840.0,143.0,79.0,,129.0,35.0,,305.0,37.0,60.0,77.0,141.0,,,,138.0,67.0,17.0,81.0,40.0,,53.0,21.0,41.0,41.0,3.0,3.0,8.0,31.0,6.0,32.0,5.0,16.0,6.0,5.0,2.0,2.0,1.0,1.0,1.0,1.0,1.0,5.0,29.0,,1.0,,,,,,
2023-2024,Bundesliga,6kge6vcoa9ocnh6tb8qznfzkl,M. Veljković,Werder Bremen,13,Defender,23,21,2,2,2087,1295.0,1058.0,1058.0,118.0,485.0,1639.0,948.0,207.0,115.0,,57.0,17.0,,432.0,18.0,35.0,56.0,117.0,,,,95.0,105.0,5.0,82.0,38.0,,31.0,16.0,98.0,44.0,13.0,13.0,23.0,9.0,2.0,15.0,2.0,11.0,5.0,2.0,1.0,3.0,3.0,2.0,2.0,8.0,7.0,3.0,21.0,,1.0,1.0,,2.0,,,
2023-2024,Bundesliga,b4q9q0qgmtz959rygieg9ln1l,R. Schmid,Werder Bremen,20,Midfielder,33,30,3,17,2745,1211.0,915.0,915.0,50.0,321.0,1928.0,891.0,227.0,42.0,,17.0,11.0,,457.0,61.0,153.0,85.0,227.0,,,,189.0,222.0,53.0,74.0,24.0,,35.0,15.0,643.0,50.0,37.0,32.0,173.0,33.0,5.0,20.0,58.0,29.0,33.0,23.0,77.0,49.0,10.0,4.0,4.0,26.0,22.0,41.0,12.0,1.0,7.0,9.0,,12.0,,,
2023-2024,Bundesliga,26nfmfc8p2doisd9p8vtd33dh,L. Bittencourt,Werder Bremen,10,Midfielder,29,19,10,18,1681,829.0,654.0,654.0,32.0,192.0,1202.0,633.0,129.0,39.0,,6.0,13.0,,356.0,35.0,89.0,41.0,111.0,,,,110.0,120.0,31.0,22.0,6.0,,42.0,24.0,322.0,16.0,30.0,26.0,68.0,34.0,9.0,18.0,11.0,17.0,21.0,16.0,30.0,22.0,5.0,1.0,1.0,11.0,10.0,17.0,11.0,,2.0,5.0,,7.0,,,
2023-2024,Bundesliga,5ndmhtdu5jfgvzuddd7fu2fh1,M. Ducksch,Werder Bremen,7,Forward,33,32,1,17,2836,950.0,509.0,509.0,56.0,163.0,1352.0,510.0,262.0,84.0,,25.0,4.0,,327.0,15.0,36.0,36.0,99.0,,,,83.0,293.0,18.0,63.0,21.0,,8.0,5.0,616.0,42.0,115.0,60.0,283.0,6.0,9.0,3.0,17.0,2.0,63.0,25.0,16.0,42.0,38.0,12.0,6.0,57.0,15.0,12.0,17.0,2.0,8.0,97.0,6.0,11.0,,,
2023-2024,Bundesliga,2x5f35hk2urqlgoito1vgb3yt,R. Borré,Werder Bremen,19,Forward,19,11,8,9,1089,301.0,219.0,219.0,10.0,51.0,536.0,213.0,68.0,2.0,,10.0,2.0,,141.0,14.0,32.0,40.0,89.0,,,,34.0,74.0,8.0,57.0,26.0,,10.0,3.0,230.0,31.0,8.0,8.0,81.0,17.0,,7.0,16.0,6.0,11.0,4.0,15.0,10.0,7.0,4.0,4.0,4.0,4.0,7.0,11.0,2.0,,,,2.0,,,
2023-2024,Bundesliga,14fw7p4fzaxprndgxnx0gxgbt,J. Stage,Werder Bremen,6,Midfielder,30,26,4,10,2511,1042.0,771.0,771.0,38.0,288.0,1577.0,737.0,255.0,60.0,,55.0,23.0,,359.0,29.0,67.0,92.0,164.0,,,,165.0,201.0,39.0,97.0,63.0,,52.0,30.0,278.0,34.0,6.0,6.0,89.0,49.0,5.0,22.0,14.0,19.0,28.0,17.0,8.0,22.0,11.0,3.0,3.0,4.0,4.0,7.0,35.0,2.0,1.0,,,2.0,1.0,1.0,
2023-2024,Bundesliga,2p48525x4ap9m81g6ode51cyd,N. Stark,Werder Bremen,4,Defender,17,12,5,2,1206,595.0,475.0,475.0,48.0,279.0,834.0,427.0,119.0,64.0,,61.0,19.0,,112.0,16.0,27.0,45.0,79.0,,,,54.0,55.0,16.0,52.0,29.0,,26.0,11.0,13.0,23.0,,,5.0,20.0,4.0,15.0,1.0,7.0,3.0,1.0,,,2.0,2.0,2.0,,,1.0,8.0,1.0,,,,,,,
2023-2024,Bundesliga,1psr9ra8k9j4r94p1xixagzbp,A. Pieper,Werder Bremen,5,Defender,7,7,0,1,637,312.0,229.0,229.0,21.0,115.0,472.0,208.0,78.0,26.0,,36.0,9.0,,88.0,11.0,14.0,37.0,54.0,,,,39.0,54.0,5.0,40.0,26.0,,14.0,3.0,37.0,14.0,2.0,2.0,17.0,5.0,,11.0,,5.0,3.0,2.0,,2.0,1.0,,,,,,8.0,,,,,1.0,,,
2023-2024,Bundesliga,39tod1iad3ztq17qveh8pwp9l,S. Lynen,Werder Bremen,14,Midfielder,32,20,12,10,1979,903.0,745.0,745.0,49.0,266.0,1352.0,697.0,153.0,39.0,,56.0,41.0,,352.0,46.0,85.0,58.0,126.0,,,,118.0,117.0,17.0,41.0,12.0,,64.0,26.0,144.0,29.0,3.0,3.0,12.0,35.0,6.0,38.0,9.0,33.0,6.0,4.0,13.0,11.0,2.0,,,1.0,1.0,8.0,14.0,,2.0,,,2.0,,,
2023-2024,Bundesliga,68rs7juin2mmdok00hw6uvre2,J. Njinmah,Werder Bremen,17,Forward,24,10,14,9,1125,215.0,142.0,142.0,6.0,25.0,470.0,140.0,61.0,4.0,,6.0,2.0,,90.0,27.0,77.0,35.0,100.0,,,,34.0,63.0,20.0,23.0,8.0,,5.0,4.0,240.0,15.0,6.0,6.0,118.0,6.0,1.0,1.0,7.0,8.0,28.0,14.0,46.0,10.0,14.0,6.0,6.0,4.0,4.0,26.0,6.0,,1.0,,,1.0,,,
2023-2024,Bundesliga,f14n6d52p37nkvoo5n3i52x2h,F. Agu,Werder Bremen,27,Midfielder,24,19,5,15,1691,669.0,477.0,477.0,30.0,165.0,1021.0,458.0,142.0,47.0,,41.0,13.0,,238.0,43.0,83.0,58.0,122.0,,,,71.0,131.0,44.0,39.0,15.0,,45.0,16.0,253.0,24.0,36.0,36.0,102.0,15.0,2.0,29.0,10.0,20.0,9.0,9.0,24.0,7.0,,,,11.0,10.0,14.0,9.0,,1.0,1.0,,,,,
2023-2024,Bundesliga,2kd2kqh0ykd5iuziic6590gve,N. Woltemade,Werder Bremen,29,Forward,30,12,18,11,1345,412.0,315.0,315.0,17.0,90.0,845.0,299.0,92.0,10.0,,17.0,5.0,,174.0,52.0,86.0,80.0,157.0,,,,69.0,84.0,23.0,71.0,28.0,,34.0,11.0,335.0,43.0,2.0,2.0,99.0,22.0,1.0,23.0,53.0,12.0,14.0,8.0,23.0,23.0,6.0,2.0,2.0,1.0,1.0,29.0,8.0,1.0,1.0,,,2.0,,,
2023-2024,Bundesliga,8m16s3wr5bpmmx2776ow96has,L. Opitz,Werder Bremen,35,Forward,3,0,3,0,43,13.0,6.0,6.0,1.0,2.0,21.0,5.0,5.0,1.0,,,,,3.0,3.0,4.0,3.0,4.0,,,,2.0,6.0,,,,,2.0,,4.0,,2.0,2.0,3.0,,,2.0,,,,,1.0,,,,,,,1.0,,,,,,,,,
2023-2024,Bundesliga,5jj7ybunxj9w72lia5ftzfbvt,,Werder Bremen,38,Forward,0,0,0,0,0,,,,,,,,,,,,,,,0.0,0.0,0.0,0.0,,,,,,,,,,,,,,,,,,,,,,,,,,,,,,,,,,,,,,,,
2023-2024,Bundesliga,7kfnh06p4vnunxpic52v3ul05,,Werder Bremen,40,Forward,0,0,0,0,0,,,,,,,,,,,,,,,0.0,0.0,0.0,0.0,,,,,,,,,,,,,,,,,,,,,,,,,,,,,,,,,,,,,,,,
2023-2024,Bundesliga,2pkpc9z2xk2bnkqtop5plgq21,J. Justvan,Hoffenheim,17,Forward,18,11,7,4,1220,463.0,318.0,318.0,32.0,134.0,681.0,297.0,94.0,29.0,,6.0,11.0,,153.0,20.0,51.0,21.0,67.0,,,,55.0,104.0,5.0,16.0,1.0,,11.0,7.0,247.0,15.0,39.0,26.0,77.0,2.0,1.0,4.0,11.0,11.0,11.0,7.0,24.0,22.0,4.0,2.0,2.0,11.0,6.0,16.0,9.0,,2.0,18.0,,5.0,,,
2023-2024,Bundesliga,6sj31v61vtwwxe5hhwkj80g7o,T. Bischof,Hoffenheim,39,Forward,13,1,12,1,289,112.0,84.0,84.0,6.0,32.0,160.0,84.0,16.0,4.0,,2.0,1.0,,46.0,6.0,11.0,7.0,13.0,,,,11.0,18.0,1.0,2.0,1.0,,8.0,4.0,61.0,1.0,6.0,5.0,17.0,1.0,,4.0,3.0,3.0,3.0,2.0,1.0,4.0,1.0,,,6.0,2.0,2.0,2.0,,2.0,5.0,,,,,
2023-2024,Bundesliga,3j2pv0methgc8k8rtqbi079p1,F. Uduokhai,Augsburg,19,Defender,33,33,0,1,3204,1658.0,1349.0,1349.0,103.0,610.0,2359.0,1246.0,301.0,144.0,,178.0,46.0,,493.0,27.0,45.0,138.0,224.0,,,,150.0,160.0,23.0,179.0,111.0,,37.0,16.0,167.0,68.0,3.0,3.0,104.0,29.0,4.0,21.0,7.0,10.0,12.0,8.0,2.0,5.0,4.0,2.0,2.0,,,6.0,37.0,,,,,,,1.0,1.0
2023-2024,Bundesliga,6ie5meimavc8kwohr6lrdyket,Raphaël Guerreiro,Bayern München,22,Forward,20,13,7,8,1284,1017.0,862.0,862.0,32.0,288.0,1212.0,848.0,109.0,17.0,,5.0,15.0,,432.0,29.0,39.0,31.0,46.0,,,,59.0,119.0,7.0,7.0,2.0,,19.0,3.0,427.0,5.0,27.0,20.0,117.0,3.0,2.0,16.0,11.0,6.0,13.0,7.0,7.0,19.0,6.0,3.0,3.0,18.0,10.0,13.0,6.0,,1.0,15.0,,,,,
2023-2024,Bundesliga,ejww8hjcn4y4hlik863vaw3qh,C. Antwi-Adjei,Bochum,22,Forward,25,11,14,10,1338,454.0,264.0,264.0,38.0,64.0,736.0,236.0,132.0,70.0,,11.0,2.0,,172.0,19.0,61.0,30.0,94.0,,,,53.0,107.0,17.0,33.0,11.0,,21.0,9.0,413.0,22.0,45.0,45.0,196.0,13.0,5.0,12.0,24.0,11.0,20.0,11.0,33.0,18.0,9.0,2.0,2.0,10.0,10.0,7.0,11.0,,3.0,,,1.0,,,
2023-2024,Bundesliga,5gyjq8tsjxk396qt4hqlwn3dh,M. Wittek,Bochum,32,Forward,21,13,8,7,1191,499.0,291.0,291.0,38.0,126.0,775.0,274.0,148.0,64.0,,23.0,18.0,,137.0,27.0,49.0,42.0,90.0,,,,69.0,117.0,26.0,41.0,15.0,,23.0,6.0,251.0,26.0,33.0,29.0,77.0,20.0,4.0,17.0,5.0,11.0,19.0,11.0,16.0,17.0,8.0,3.0,2.0,21.0,10.0,10.0,8.0,,1.0,15.0,1.0,1.0,,,
2023-2024,Bundesliga,9ed74dfr9aeuedaf63l0i7aei,F. Alidou,Köln,40,Forward,26,14,12,14,1378,305.0,190.0,190.0,15.0,61.0,677.0,181.0,76.0,18.0,,15.0,8.0,,105.0,28.0,90.0,46.0,136.0,,,,57.0,91.0,23.0,46.0,18.0,,10.0,6.0,299.0,28.0,33.0,32.0,140.0,21.0,4.0,4.0,27.0,21.0,21.0,10.0,56.0,12.0,11.0,4.0,4.0,6.0,6.0,24.0,14.0,2.0,,1.0,,,,,
2023-2024,Bundesliga,2hb1dyg1auzdfbi3lg9ysap9m,M. Olesen,Köln,47,Forward,6,0,6,0,170,53.0,41.0,41.0,1.0,14.0,82.0,41.0,10.0,3.0,,2.0,2.0,,19.0,1.0,1.0,2.0,5.0,,,,14.0,7.0,2.0,4.0,1.0,,,,24.0,3.0,,,10.0,3.0,1.0,,2.0,,1.0,1.0,,1.0,,,,1.0,1.0,1.0,,,,,,,,1.0,1.0
2023-2024,Bundesliga,1wffj4rfb9u9nlf64n40nbu8l,D. Kownacki,Werder Bremen,9,Forward,22,3,19,3,536,109.0,69.0,69.0,,16.0,232.0,69.0,36.0,2.0,,1.0,,,39.0,3.0,4.0,32.0,62.0,,,,8.0,37.0,9.0,58.0,29.0,,1.0,,119.0,29.0,3.0,3.0,51.0,9.0,,1.0,5.0,2.0,13.0,9.0,1.0,5.0,4.0,,,,,2.0,7.0,,1.0,,,,,,
2023-2024,Bundesliga,56e76dk2fd95o2n7e98tpjg0l,N. Rapp,Werder Bremen,23,Forward,2,1,1,1,82,40.0,32.0,32.0,2.0,15.0,69.0,30.0,8.0,3.0,,8.0,2.0,,13.0,2.0,3.0,3.0,4.0,,,,10.0,5.0,,1.0,1.0,,3.0,1.0,2.0,,,,,2.0,1.0,2.0,1.0,2.0,,,,,,,,,,,,,,,,,,,
2023-2024,Bundesliga,7gni45coa4swn1i66wzpzug9h,T. Chandler,Eintracht Frankfurt,22,Forward,6,0,6,0,73,26.0,18.0,18.0,2.0,7.0,34.0,16.0,3.0,2.0,,,,,8.0,0.0,0.0,2.0,3.0,,,,,5.0,,3.0,2.0,,,,25.0,1.0,4.0,4.0,9.0,,,,1.0,,2.0,1.0,,2.0,1.0,,,,,,,,,,,,,,
2023-2024,Bundesliga,7dnxkce4kn8qchaavv6e4tm21,J. Hauge,Eintracht Frankfurt,23,Forward,10,0,10,0,228,85.0,67.0,67.0,3.0,17.0,118.0,66.0,15.0,2.0,,1.0,,,45.0,3.0,8.0,4.0,12.0,,,,10.0,14.0,2.0,4.0,1.0,,2.0,1.0,48.0,3.0,1.0,1.0,21.0,1.0,,1.0,,4.0,,,4.0,1.0,,,,2.0,,2.0,2.0,,,2.0,,1.0,,,
2023-2024,Bundesliga,3wsyacqj7ci0ga9bzb988v7qh,,Mainz 05,1,Forward,0,0,0,0,0,,,,,,,,,,,,,,,0.0,0.0,0.0,0.0,,,,,,,,,,,,,,,,,,,,,,,,,,,,,,,,,,,,,,,,
2023-2024,Bundesliga,4baqlwfu312pctopy1cx6s2c5,S. Widmer,Mainz 05,30,Forward,20,13,7,9,1348,677.0,481.0,481.0,81.0,208.0,961.0,409.0,160.0,62.0,,37.0,16.0,,203.0,12.0,41.0,31.0,92.0,,,,61.0,124.0,3.0,51.0,19.0,,23.0,13.0,244.0,32.0,26.0,26.0,103.0,10.0,4.0,10.0,8.0,13.0,9.0,6.0,16.0,16.0,3.0,1.0,1.0,9.0,9.0,2.0,10.0,,3.0,,,,,,
2023-2024,Bundesliga,90wsjxdc3ibvah5gm9tnsjwbu,B. Gruda,Mainz 05,43,Forward,28,19,9,17,1756,658.0,411.0,411.0,40.0,134.0,1205.0,385.0,189.0,78.0,,4.0,5.0,,208.0,83.0,181.0,98.0,227.0,,,,97.0,154.0,47.0,46.0,15.0,,22.0,8.0,644.0,31.0,43.0,36.0,254.0,28.0,5.0,14.0,49.0,15.0,22.0,10.0,90.0,37.0,12.0,4.0,4.0,14.0,9.0,69.0,8.0,1.0,3.0,12.0,,5.0,,,
2023-2024,Bundesliga,2fk687j6n3bps54kj9k92xs2y,A. Müller,Darmstadt 98,16,Forward,11,2,9,2,430,168.0,129.0,129.0,2.0,35.0,237.0,127.0,37.0,9.0,,5.0,4.0,,72.0,9.0,16.0,12.0,20.0,,,,20.0,30.0,4.0,4.0,3.0,,14.0,5.0,34.0,1.0,2.0,2.0,4.0,5.0,3.0,9.0,2.0,3.0,3.0,2.0,2.0,2.0,1.0,,,,,,2.0,,,,,,,,
2023-2024,Bundesliga,euywniqwcq40dqoo55xni961h,M. Honsak,Darmstadt 98,18,Forward,23,10,13,8,1131,285.0,207.0,207.0,11.0,53.0,572.0,199.0,65.0,12.0,,25.0,8.0,,127.0,16.0,47.0,31.0,86.0,,,,32.0,61.0,12.0,39.0,15.0,,14.0,7.0,230.0,24.0,8.0,8.0,75.0,14.0,1.0,7.0,14.0,12.0,15.0,9.0,24.0,10.0,6.0,1.0,1.0,3.0,3.0,9.0,10.0,,1.0,,,1.0,,,
2023-2024,Bundesliga,20g27z0cklenjg7k0ox73wyc5,A. Seydel,Darmstadt 98,22,Forward,16,5,11,3,748,190.0,110.0,110.0,2.0,26.0,389.0,108.0,77.0,1.0,,9.0,1.0,,65.0,5.0,14.0,50.0,90.0,,,,14.0,77.0,7.0,76.0,45.0,,3.0,1.0,175.0,31.0,1.0,1.0,49.0,9.0,1.0,2.0,12.0,6.0,12.0,6.0,8.0,3.0,6.0,1.0,1.0,,,3.0,4.0,,,,,,,,
2023-2024,Bundesliga,6zt9bsyq5pvk25efl379p0b11,,RB Leipzig,25,Forward,0,0,0,0,0,,,,,,,,,,,,,,,0.0,0.0,0.0,0.0,,,,,,,,,,,,,,,,,,,,,,,,,,,,,,,,,,,,,,,,
2023-2024,Bundesliga,6451i5ppgw9en6k1zsm3u58lx,F. Rüdlin,Freiburg,35,Forward,1,0,1,0,13,5.0,4.0,4.0,,2.0,7.0,4.0,1.0,,,,,,1.0,0.0,1.0,0.0,1.0,,,,,1.0,,,,,1.0,1.0,5.0,,,,,,,,,,,,,,,,,,,,,,,,,,,,
2023-2024,Bundesliga,jko3tgda9h65vcc014uof42y,,Freiburg,54,Forward,0,0,0,0,0,,,,,,,,,,,,,,,0.0,0.0,0.0,0.0,,,,,,,,,,,,,,,,,,,,,,,,,,,,,,,,,,,,,,,,
2023-2024,Bundesliga,jw8lb54ua2iufebwnu8k68t0,N. Mbamba,Bayer Leverkusen,18,Forward,3,0,3,0,30,20.0,18.0,18.0,,6.0,32.0,19.0,1.0,,,,1.0,,11.0,1.0,4.0,1.0,4.0,,,,1.0,1.0,,,,,,,19.0,,,,3.0,1.0,,,2.0,,,,3.0,1.0,,,,1.0,1.0,1.0,1.0,,1.0,,,,,,
2023-2024,Bundesliga,9kxuwgequrilkom3ru6sdxall,J. Juranović,Union Berlin,18,Forward,21,14,7,6,1435,725.0,469.0,469.0,107.0,223.0,968.0,406.0,143.0,99.0,,27.0,12.0,,227.0,24.0,45.0,27.0,52.0,,,,87.0,110.0,10.0,7.0,3.0,,20.0,6.0,259.0,4.0,66.0,39.0,127.0,4.0,4.0,14.0,6.0,14.0,8.0,5.0,15.0,19.0,3.0,,,44.0,10.0,10.0,7.0,,3.0,61.0,,1.0,,,
2023-2024,Bundesliga,64vve6gzn5mwodos6ynufwa5m,A. Kemlein,Union Berlin,36,Forward,2,0,2,0,48,9.0,7.0,7.0,1.0,2.0,18.0,6.0,1.0,,,,,,5.0,1.0,1.0,1.0,3.0,,,,2.0,1.0,,2.0,,,,,3.0,2.0,,,,2.0,,,,1.0,1.0,1.0,,,,,,,,1.0,,,,,,,,,
2023-2024,Bundesliga,au5tbnn48ve4kqnuu3dhmk296,M. Koné,Borussia M'gladbach,17,Midfielder,22,18,4,10,1698,688.0,583.0,583.0,22.0,182.0,1164.0,561.0,100.0,13.0,,16.0,15.0,,295.0,63.0,118.0,84.0,163.0,,,,111.0,90.0,35.0,45.0,21.0,,45.0,19.0,279.0,24.0,3.0,3.0,70.0,28.0,4.0,26.0,41.0,21.0,17.0,9.0,36.0,21.0,8.0,1.0,1.0,,,37.0,8.0,,,,,,1.0,1.0,
2023-2024,Bundesliga,bfpax581lm91ebz4xgz40a191,K. Casteels,Wolfsburg,1,Goalkeeper,25,25,0,0,2482,949.0,688.0,688.0,229.0,599.0,1020.0,459.0,259.0,249.0,25.0,16.0,,79.0,4.0,1.0,2.0,9.0,10.0,39.0,4.0,25.0,33.0,10.0,3.0,8.0,8.0,10.0,2.0,1.0,,,,,,1.0,2.0,1.0,,,,,,,,,,,,,,,,,,,,,
2023-2024,Bundesliga,2mwe6l0eu1tisri3eu26fx8x6,K. Fischer,Wolfsburg,2,Forward,6,4,2,3,327,148.0,103.0,103.0,10.0,32.0,205.0,94.0,34.0,15.0,,12.0,1.0,,55.0,7.0,10.0,7.0,15.0,,,,10.0,29.0,3.0,5.0,,,8.0,2.0,59.0,5.0,10.0,10.0,22.0,4.0,1.0,6.0,1.0,7.0,2.0,2.0,1.0,3.0,,,,1.0,1.0,1.0,3.0,,,,,,,,
2023-2024,Bundesliga,d1gc59ozyrrnl82rog6fbm0dm,E. Millot,Stuttgart,8,Midfielder,31,27,4,19,2371,1456.0,1225.0,1225.0,33.0,319.0,2002.0,1205.0,187.0,33.0,,7.0,16.0,,712.0,68.0,132.0,75.0,169.0,,,,135.0,184.0,35.0,37.0,7.0,,40.0,18.0,642.0,30.0,30.0,24.0,168.0,36.0,5.0,22.0,34.0,22.0,32.0,14.0,46.0,34.0,18.0,5.0,4.0,13.0,6.0,46.0,9.0,,6.0,13.0,1.0,12.0,,,
2023-2024,Bundesliga,bibz1qxakmbflq73marmo4nop,J. Vagnoman,Stuttgart,4,Forward,18,12,6,5,1335,615.0,513.0,513.0,22.0,114.0,841.0,494.0,78.0,17.0,,16.0,2.0,,309.0,28.0,45.0,36.0,68.0,,,,58.0,80.0,8.0,23.0,8.0,,28.0,10.0,256.0,15.0,19.0,19.0,86.0,11.0,2.0,18.0,10.0,6.0,14.0,8.0,7.0,7.0,6.0,2.0,2.0,3.0,3.0,10.0,8.0,,2.0,,,,,,
2023-2024,Bundesliga,bmrdtenqr84jt4gmw6i7wez11,S. Guirassy,Stuttgart,9,Forward,28,25,3,10,2386,777.0,629.0,629.0,12.0,93.0,1279.0,617.0,143.0,4.0,,29.0,6.0,,461.0,19.0,48.0,84.0,168.0,,,,39.0,140.0,55.0,120.0,65.0,,6.0,3.0,543.0,55.0,1.0,1.0,226.0,18.0,,3.0,38.0,7.0,74.0,30.0,26.0,48.0,44.0,28.0,24.0,,,16.0,19.0,5.0,1.0,,4.0,9.0,,,
2023-2024,Bundesliga,7gzdg0j9usc3yq0dd1ad57sgl,P. Stenzel,Stuttgart,15,Forward,23,14,9,12,1248,824.0,704.0,704.0,106.0,255.0,1040.0,609.0,92.0,31.0,,26.0,15.0,,353.0,14.0,26.0,23.0,52.0,,,,49.0,76.0,11.0,26.0,9.0,,18.0,10.0,255.0,17.0,15.0,15.0,38.0,16.0,2.0,8.0,6.0,14.0,13.0,9.0,2.0,13.0,4.0,,,11.0,9.0,6.0,9.0,,5.0,2.0,,2.0,,1.0,1.0
2023-2024,Bundesliga,expxslws50h0iw0logr02gs7p,J. Pavlenka,Werder Bremen,1,Forward,7,7,0,0,691,246.0,187.0,187.0,42.0,148.0,268.0,145.0,59.0,59.0,7.0,2.0,,22.0,1.0,0.0,0.0,3.0,3.0,17.0,1.0,7.0,9.0,,,3.0,3.0,4.0,,,,,,,,,,,,,,,,,,,,,,,,,,,,,,,
2023-2024,Bundesliga,ec5ng4j3rcjwsjz1v05e1z3dh,C. Groß,Werder Bremen,36,Forward,20,8,12,6,928,499.0,426.0,426.0,12.0,213.0,718.0,415.0,64.0,20.0,,28.0,13.0,,125.0,18.0,24.0,34.0,68.0,,,,54.0,51.0,5.0,44.0,16.0,,21.0,5.0,67.0,28.0,7.0,7.0,19.0,15.0,1.0,16.0,4.0,11.0,3.0,2.0,1.0,4.0,1.0,,,1.0,1.0,2.0,7.0,,1.0,,,,,,
2023-2024,Bundesliga,7lai6ovwsl01gonutejt4mms5,E. Can,Borussia Dortmund,23,Midfielder,25,22,3,6,2123,1471.0,1286.0,1286.0,73.0,542.0,1964.0,1213.0,182.0,50.0,,41.0,22.0,,439.0,60.0,94.0,89.0,144.0,,,,156.0,134.0,23.0,50.0,29.0,,63.0,18.0,201.0,21.0,2.0,2.0,24.0,27.0,5.0,45.0,21.0,23.0,12.0,9.0,16.0,15.0,3.0,2.0,,,,15.0,12.0,,2.0,,2.0,4.0,,,
2023-2024,Bundesliga,5tsp2m5z3xie07ax0wq1qqsix,Mateu Morey,Borussia Dortmund,2,Forward,3,2,1,2,127,87.0,74.0,74.0,3.0,26.0,113.0,71.0,12.0,2.0,,3.0,1.0,,41.0,3.0,3.0,5.0,7.0,,,,7.0,11.0,5.0,4.0,2.0,,2.0,,15.0,2.0,1.0,1.0,4.0,3.0,,2.0,1.0,2.0,1.0,,,,1.0,,,,,1.0,1.0,,,,,,,,
2023-2024,Bundesliga,bb6glt8n0ar47cmhmj6gnfiz9,T. Meunier,Borussia Dortmund,24,Defender,8,7,1,3,632,495.0,397.0,397.0,30.0,164.0,628.0,369.0,80.0,20.0,,22.0,4.0,,180.0,3.0,14.0,10.0,27.0,,,,43.0,75.0,,13.0,7.0,,5.0,4.0,111.0,6.0,15.0,15.0,37.0,10.0,,1.0,4.0,6.0,4.0,3.0,7.0,2.0,1.0,,,2.0,2.0,2.0,6.0,,,,,,,,
2023-2024,Bundesliga,a3ib09ji7qsz6cgj3vmz5qort,K. Jakić,Eintracht Frankfurt,6,Midfielder,18,14,4,6,1369,614.0,489.0,489.0,32.0,212.0,901.0,457.0,115.0,28.0,,17.0,22.0,,166.0,23.0,44.0,41.0,77.0,,,,91.0,94.0,20.0,33.0,18.0,,31.0,14.0,147.0,15.0,7.0,6.0,23.0,23.0,5.0,17.0,16.0,13.0,10.0,5.0,7.0,7.0,5.0,2.0,2.0,,,6.0,5.0,,1.0,1.0,,,,,
2023-2024,Bundesliga,46m4igreax3tpbx65yqs7fvv8,M. Maglica,Darmstadt 98,5,Defender,26,21,5,6,1960,999.0,759.0,759.0,73.0,357.0,1388.0,686.0,230.0,130.0,,92.0,22.0,,301.0,22.0,39.0,73.0,114.0,,,,85.0,107.0,7.0,75.0,51.0,,35.0,14.0,85.0,24.0,7.0,7.0,27.0,31.0,7.0,21.0,6.0,18.0,6.0,4.0,3.0,7.0,2.0,1.0,1.0,,,1.0,15.0,1.0,,,,1.0,2.0,2.0,
2023-2024,Bundesliga,bipli1dq0ksccyra1fqs1gset,,Darmstadt 98,13,Forward,0,0,0,0,0,,,,,,,,,,,,,,,0.0,0.0,0.0,0.0,,,,,,,,,,,,,,,,,,,,,,,,,,,,,,,,,,,,,,,,
2023-2024,Bundesliga,9u30xoqj9hu7fa1avdycptnf9,K. Gjasula,Darmstadt 98,23,Defender,22,17,5,6,1577,746.0,612.0,612.0,67.0,316.0,1052.0,548.0,124.0,47.0,,42.0,19.0,,188.0,25.0,49.0,59.0,110.0,,,,69.0,81.0,11.0,61.0,34.0,,44.0,22.0,86.0,27.0,4.0,4.0,22.0,23.0,7.0,22.0,6.0,12.0,9.0,8.0,2.0,6.0,1.0,,,3.0,3.0,3.0,14.0,,,,,1.0,1.0,1.0,
2023-2024,Bundesliga,4o93stwysmo6vw0qr1z9pf4dl,,Freiburg,43,Forward,0,0,0,0,0,,,,,,,,,,,,,,,0.0,0.0,0.0,0.0,,,,,,,,,,,,,,,,,,,,,,,,,,,,,,,,,,,,,,,,
2023-2024,Bundesliga,dgubl900t52nssngev6atayju,M. Pieringer,Heidenheim,18,Forward,31,18,13,17,1628,431.0,298.0,298.0,14.0,75.0,872.0,284.0,125.0,13.0,,21.0,12.0,,173.0,22.0,48.0,82.0,164.0,,,,80.0,119.0,30.0,116.0,60.0,,19.0,7.0,307.0,56.0,7.0,7.0,130.0,38.0,5.0,12.0,21.0,24.0,19.0,11.0,19.0,12.0,8.0,3.0,3.0,,,10.0,12.0,1.0,3.0,,,3.0,,,
2023-2024,Bundesliga,bvifdvoxv9e8nq8qe37c0gvrp,S. Bell,Mainz 05,16,Defender,10,8,2,4,713,370.0,296.0,296.0,20.0,166.0,520.0,277.0,73.0,33.0,,30.0,6.0,,57.0,10.0,10.0,34.0,57.0,,,,38.0,40.0,8.0,47.0,24.0,,8.0,,34.0,23.0,,,18.0,10.0,3.0,8.0,1.0,2.0,4.0,2.0,,1.0,2.0,,,1.0,1.0,2.0,5.0,,,,,,,,
2023-2024,Bundesliga,d3tfdqfnab7bqxfdh3399y06i,J. Burkardt,Mainz 05,29,Forward,21,18,3,8,1663,394.0,258.0,258.0,12.0,70.0,801.0,254.0,101.0,16.0,,2.0,3.0,,166.0,31.0,73.0,44.0,159.0,,,,65.0,110.0,36.0,86.0,13.0,,12.0,4.0,373.0,73.0,25.0,25.0,139.0,19.0,2.0,8.0,37.0,13.0,32.0,15.0,38.0,11.0,17.0,8.0,7.0,8.0,8.0,23.0,12.0,3.0,1.0,,1.0,2.0,,,
2023-2024,Bundesliga,901kbo6txt2dn9wo07goomyy2,,Mainz 05,47,Forward,0,0,0,0,0,,,,,,,,,,,,,,,0.0,0.0,0.0,0.0,,,,,,,,,,,,,,,,,,,,,,,,,,,,,,,,,,,,,,,,
2023-2024,Bundesliga,6fqnff2jnjxnsmf6t9o0wc7sa,M. Müller,Mainz 05,48,Forward,1,0,1,0,26,5.0,3.0,3.0,,1.0,12.0,3.0,2.0,1.0,,,,,1.0,0.0,0.0,3.0,4.0,,,,,1.0,,4.0,3.0,,,,9.0,1.0,,,5.0,1.0,,,,,,,,,,,,,,,1.0,,,,,,,,
2023-2024,Bundesliga,shbxc528h0udd6rdf3ax2itx,P. Kadeřábek,Hoffenheim,3,Midfielder,29,28,1,10,2579,1273.0,863.0,863.0,68.0,267.0,1705.0,820.0,302.0,95.0,,68.0,23.0,,473.0,22.0,46.0,84.0,172.0,,,,65.0,283.0,12.0,126.0,62.0,,31.0,12.0,601.0,64.0,76.0,76.0,228.0,17.0,7.0,19.0,11.0,14.0,15.0,9.0,12.0,29.0,6.0,3.0,3.0,25.0,25.0,3.0,12.0,1.0,5.0,,,1.0,,,
2023-2024,Bundesliga,1ekkj2b713kjnugsk4dz50q1h,F. Grillitsch,Hoffenheim,11,Defender,30,25,5,5,2508,1753.0,1491.0,1491.0,109.0,727.0,2324.0,1387.0,242.0,100.0,,90.0,52.0,,469.0,41.0,79.0,75.0,144.0,,,,171.0,154.0,24.0,65.0,34.0,,54.0,26.0,196.0,31.0,12.0,9.0,23.0,27.0,8.0,28.0,12.0,21.0,13.0,7.0,12.0,18.0,6.0,1.0,1.0,5.0,3.0,13.0,28.0,,6.0,5.0,,7.0,,,
2023-2024,Bundesliga,97nv3y9z2ajz6b4ynoo0jn3kl,J. Kimmich,Bayern München,6,Midfielder,28,27,1,9,2400,2267.0,1865.0,1865.0,138.0,665.0,2663.0,1813.0,175.0,103.0,,28.0,14.0,,951.0,43.0,70.0,48.0,89.0,,,,140.0,202.0,24.0,19.0,5.0,,45.0,12.0,792.0,14.0,130.0,67.0,230.0,11.0,1.0,33.0,16.0,28.0,17.0,10.0,15.0,45.0,7.0,1.0,1.0,86.0,28.0,10.0,12.0,,7.0,121.0,,11.0,1.0,1.0,
2023-2024,Bundesliga,f0x3pa532agezdjdzcsp94l49,A. Schäfer,Union Berlin,13,Midfielder,20,14,6,9,1326,557.0,410.0,410.0,15.0,150.0,939.0,403.0,123.0,24.0,,25.0,20.0,,208.0,37.0,84.0,59.0,130.0,,,,74.0,113.0,17.0,46.0,22.0,,29.0,13.0,312.0,24.0,14.0,13.0,111.0,22.0,1.0,16.0,20.0,21.0,13.0,8.0,34.0,14.0,5.0,1.0,1.0,8.0,4.0,21.0,12.0,,2.0,5.0,,2.0,1.0,1.0,
2023-2024,Bundesliga,dvo2f7d0yosn404wsrsgeprdh,A. Schwolow,Union Berlin,37,Forward,1,1,0,0,99,36.0,29.0,29.0,7.0,26.0,38.0,22.0,7.0,7.0,,2.0,,4.0,,0.0,0.0,0.0,0.0,2.0,0.0,1.0,,,,,,,,,,,,,,,,,,,,,,,,,,,,,,,,,,,,,
2023-2024,Bundesliga,7glsd12xyvht6rnti9j7egx78,,Union Berlin,41,Forward,0,0,0,0,0,,,,,,,,,,,,,,,0.0,0.0,0.0,0.0,,,,,,,,,,,,,,,,,,,,,,,,,,,,,,,,,,,,,,,,
2023-2024,Bundesliga,f1ta475tq6ie1xbx8jrzau9d5,P. Pfeiffer,Augsburg,5,Forward,11,4,7,2,572,267.0,192.0,192.0,23.0,90.0,400.0,170.0,73.0,34.0,,21.0,11.0,,81.0,7.0,12.0,27.0,44.0,,,,27.0,39.0,4.0,32.0,20.0,,11.0,4.0,48.0,12.0,,,36.0,7.0,,7.0,1.0,4.0,5.0,5.0,1.0,3.0,,,,1.0,1.0,,12.0,,1.0,,,,,,
2023-2024,Bundesliga,3jqxaa2l6gqwxl2mr8w0yiiy2,N. Mbuku,Augsburg,34,Forward,1,0,1,0,10,7.0,6.0,6.0,,1.0,10.0,6.0,1.0,,,,,,4.0,0.0,1.0,0.0,1.0,,,,,1.0,,,,,,,6.0,,,,1.0,,,,,1.0,1.0,1.0,1.0,,,,,,,,,,,,,,,,
2023-2024,Bundesliga,64ctdbd0w5ikj0fkcuu9jdbhm,,RB Leipzig,26,Forward,0,0,0,0,0,,,,,,,,,,,,,,,0.0,0.0,0.0,0.0,,,,,,,,,,,,,,,,,,,,,,,,,,,,,,,,,,,,,,,,
2023-2024,Bundesliga,bm5w5xsbbflm26pdhmejwgvs9,M. Jenz,Wolfsburg,25,Defender,22,21,1,4,1969,1068.0,941.0,941.0,35.0,479.0,1423.0,906.0,125.0,61.0,,94.0,26.0,,236.0,25.0,36.0,73.0,106.0,,,,81.0,64.0,3.0,70.0,48.0,,34.0,10.0,30.0,22.0,,,14.0,26.0,6.0,24.0,2.0,12.0,8.0,7.0,1.0,3.0,1.0,,,,,1.0,17.0,,1.0,,,,,1.0,1.0
2023-2024,Bundesliga,10zt8rbgbmyqxr1m13wm5gfs9,M. de Ligt,Bayern München,4,Defender,22,16,6,4,1546,1193.0,1119.0,1119.0,41.0,589.0,1471.0,1079.0,71.0,25.0,,52.0,19.0,,311.0,14.0,17.0,55.0,86.0,,,,73.0,47.0,8.0,69.0,41.0,,15.0,3.0,96.0,28.0,1.0,1.0,42.0,12.0,5.0,12.0,2.0,4.0,10.0,4.0,,3.0,6.0,2.0,2.0,1.0,1.0,2.0,14.0,2.0,,,,,,,
2023-2024,Bundesliga,az7wa6km1zhvsb8y4mndlogyd,E. Dier,Bayern München,15,Defender,15,13,2,2,1280,1143.0,1041.0,1041.0,59.0,583.0,1360.0,983.0,92.0,34.0,,48.0,10.0,,203.0,9.0,12.0,43.0,61.0,,,,66.0,64.0,9.0,49.0,34.0,,11.0,3.0,58.0,15.0,6.0,6.0,22.0,12.0,1.0,8.0,,8.0,5.0,2.0,,,3.0,,,1.0,1.0,1.0,16.0,,,,,,,,
2023-2024,Bundesliga,9ycla34wygru1jgq34wlcysr8,L. Zvonarek,Bayern München,34,Forward,5,1,4,1,190,60.0,50.0,50.0,,11.0,88.0,50.0,9.0,,,2.0,,,31.0,1.0,3.0,3.0,10.0,,,,6.0,10.0,,7.0,2.0,,,,32.0,5.0,1.0,1.0,14.0,3.0,,,1.0,3.0,1.0,,2.0,2.0,1.0,1.0,1.0,,,1.0,,,,,,1.0,,,
2023-2024,Bundesliga,4ek6tobfa25ecm5gltuoiqsid,C. Bedia,Union Berlin,11,Forward,7,0,7,0,207,20.0,14.0,14.0,,1.0,54.0,14.0,6.0,,,2.0,,,10.0,3.0,4.0,6.0,14.0,,,,2.0,6.0,2.0,10.0,3.0,,2.0,1.0,28.0,7.0,,,10.0,7.0,,1.0,1.0,3.0,1.0,,,3.0,1.0,1.0,1.0,,,2.0,2.0,,,,,,,,
2023-2024,Bundesliga,1ywfkwrcysdlvkt859q00kt7t,D. Doekhi,Union Berlin,5,Defender,24,24,0,0,2407,919.0,737.0,737.0,69.0,329.0,1371.0,669.0,176.0,90.0,,111.0,38.0,,309.0,25.0,38.0,78.0,133.0,,,,68.0,89.0,20.0,95.0,53.0,,34.0,11.0,87.0,42.0,3.0,3.0,50.0,13.0,2.0,23.0,2.0,21.0,11.0,9.0,2.0,3.0,2.0,2.0,2.0,1.0,1.0,2.0,30.0,2.0,,,,,,,
2023-2024,Bundesliga,4tuubw2ne8qlx4d2sd5xnhpg4,K. Amoako,Wolfsburg,41,Forward,2,0,2,0,14,1.0,,,,,1.0,,1.0,1.0,,,,,,0.0,0.0,0.0,0.0,,,,,,,,,,,,,,,,,,,,,,,,,,,,,,,,,,,,,,,,
2023-2024,Bundesliga,4idru0svqcqjpi03b4jhqyd3p,M. Bero,Bochum,19,Midfielder,24,20,4,12,1764,535.0,352.0,352.0,23.0,114.0,907.0,332.0,162.0,36.0,,26.0,12.0,,175.0,26.0,51.0,38.0,100.0,,,,97.0,139.0,20.0,49.0,12.0,,32.0,10.0,291.0,37.0,13.0,13.0,77.0,38.0,6.0,22.0,17.0,21.0,22.0,16.0,15.0,10.0,6.0,1.0,1.0,3.0,3.0,4.0,11.0,,1.0,,,7.0,,,
2023-2024,Bundesliga,es3b9j6925m7m9x7cr72mn0mh,F. Dietz,Köln,33,Forward,5,0,5,0,115,19.0,13.0,13.0,,1.0,44.0,13.0,6.0,,,,,,8.0,0.0,0.0,2.0,10.0,,,,2.0,6.0,,10.0,2.0,,,,16.0,8.0,,,8.0,1.0,,,,1.0,2.0,1.0,,1.0,1.0,,,,,,1.0,,,,,,,,
2023-2024,Bundesliga,8zl9wv46y5bchktqcwth3z3ai,A. Papadopoulos,Borussia Dortmund,47,Forward,2,1,1,0,129,74.0,59.0,59.0,2.0,18.0,107.0,57.0,15.0,6.0,,7.0,2.0,,26.0,3.0,7.0,8.0,16.0,,,,7.0,9.0,1.0,9.0,5.0,,6.0,3.0,4.0,4.0,,,2.0,1.0,,3.0,,1.0,,,1.0,,,,,,,,2.0,,,,,,,,
2023-2024,Bundesliga,c0ewvrtk657uw4t5rlv87mq51,P. Schick,Bayer Leverkusen,14,Forward,20,12,8,9,1141,231.0,184.0,184.0,2.0,33.0,445.0,182.0,46.0,1.0,,7.0,1.0,,127.0,12.0,32.0,36.0,77.0,,,,24.0,46.0,13.0,45.0,24.0,,6.0,2.0,250.0,21.0,1.0,1.0,112.0,11.0,1.0,4.0,17.0,2.0,29.0,16.0,18.0,5.0,13.0,7.0,6.0,,,8.0,11.0,2.0,,,1.0,1.0,,,
2023-2024,Bundesliga,dglkt5h4m18p1qcj2uhqymvv9,R. Sallai,Freiburg,22,Midfielder,27,22,5,17,1948,588.0,398.0,398.0,19.0,85.0,1011.0,397.0,112.0,36.0,,23.0,6.0,,263.0,31.0,77.0,60.0,152.0,,,,71.0,132.0,42.0,75.0,29.0,,17.0,7.0,431.0,46.0,56.0,48.0,150.0,41.0,6.0,10.0,15.0,20.0,36.0,17.0,39.0,19.0,19.0,3.0,3.0,18.0,17.0,21.0,21.0,1.0,2.0,9.0,,5.0,,,
2023-2024,Bundesliga,slsd8022q9s3uugsafaqt2ol,,Borussia M'gladbach,21,Forward,0,0,0,0,0,,,,,,,,,,,,,,,0.0,0.0,0.0,0.0,,,,,,,,,,,,,,,,,,,,,,,,,,,,,,,,,,,,,,,,
2023-2024,Bundesliga,2fadtqb0v2zreactvdosbxy50,Y. Borges Sanches,Borussia M'gladbach,38,Forward,3,0,3,0,52,11.0,6.0,6.0,1.0,1.0,17.0,6.0,2.0,,,,,,4.0,0.0,0.0,0.0,1.0,,,,2.0,4.0,2.0,1.0,,,,,9.0,1.0,2.0,2.0,3.0,2.0,,,,,,,,,,,,1.0,1.0,,,,,,,,,,
2023-2024,Bundesliga,4qnyitffo55449jevkyjk42l0,,Borussia M'gladbach,45,Forward,0,0,0,0,0,,,,,,,,,,,,,,,0.0,0.0,0.0,0.0,,,,,,,,,,,,,,,,,,,,,,,,,,,,,,,,,,,,,,,,
2023-2024,Bundesliga,cuyxfn9e3wl88o04sjjv812i,,Hoffenheim,36,Forward,0,0,0,0,0,,,,,,,,,,,,,,,0.0,0.0,0.0,0.0,,,,,,,,,,,,,,,,,,,,,,,,,,,,,,,,,,,,,,,,
2023-2024,Bundesliga,6onkmsi77t7bvk9tpha472vv9,N. Keïta,Werder Bremen,18,Forward,5,1,4,1,140,67.0,52.0,52.0,2.0,26.0,103.0,50.0,15.0,4.0,,1.0,2.0,,15.0,5.0,7.0,5.0,10.0,,,,14.0,11.0,1.0,3.0,,,1.0,,12.0,3.0,,,2.0,2.0,2.0,1.0,1.0,2.0,2.0,2.0,2.0,,,,,,,4.0,,,,,,1.0,,,
2023-2024,Bundesliga,atlhc604ri3rr4w012otutyj8,E. Bitshiabu,RB Leipzig,5,Forward,6,0,6,0,91,59.0,48.0,48.0,2.0,25.0,77.0,46.0,9.0,3.0,,4.0,1.0,,13.0,0.0,1.0,0.0,4.0,,,,6.0,8.0,,3.0,,,1.0,1.0,11.0,3.0,2.0,2.0,4.0,,,,,,,,,,,,,,,,,,,,,,,,
2023-2024,Bundesliga,4dkerrlcqxybg52pose3qxas,,Borussia Dortmund,29,Forward,0,0,0,0,0,,,,,,,,,,,,,,,0.0,0.0,0.0,0.0,,,,,,,,,,,,,,,,,,,,,,,,,,,,,,,,,,,,,,,,
2023-2024,Bundesliga,55pc853d0ih6jszhlcgx311qs,H. Blank,Borussia Dortmund,42,Forward,1,0,1,0,57,59.0,58.0,58.0,3.0,23.0,71.0,55.0,1.0,1.0,,4.0,,,27.0,0.0,1.0,2.0,5.0,,,,,,,4.0,2.0,,1.0,1.0,1.0,2.0,,,1.0,,,,1.0,1.0,,,,,,,,,,,,,,,,,,,
2023-2024,Bundesliga,d1e8em0pe47h68uq73h8aq1w4,E. Baum,Eintracht Frankfurt,47,Forward,4,0,4,0,61,17.0,13.0,13.0,,5.0,25.0,13.0,4.0,1.0,,1.0,,,5.0,0.0,3.0,0.0,3.0,,,,,3.0,,,,,1.0,1.0,2.0,,,,,1.0,,,1.0,1.0,,,2.0,,,,,,,,2.0,,,,,,,,
2023-2024,Bundesliga,8idp52cquy2ibety7babi1m8l,F. Ronstadt,Darmstadt 98,17,Forward,4,0,4,0,111,42.0,34.0,34.0,1.0,11.0,63.0,34.0,6.0,1.0,,3.0,1.0,,19.0,0.0,4.0,1.0,5.0,,,,2.0,6.0,2.0,1.0,1.0,,1.0,1.0,18.0,,1.0,1.0,3.0,,,,2.0,1.0,1.0,1.0,3.0,2.0,,,,1.0,1.0,,2.0,,,,,,,,
2023-2024,Bundesliga,6bhh72om26zkcyobvftfdlo2c,F. Torsiello,Darmstadt 98,42,Forward,10,1,9,1,242,27.0,20.0,20.0,4.0,11.0,59.0,17.0,5.0,5.0,,1.0,1.0,,9.0,1.0,4.0,1.0,7.0,,,,4.0,1.0,,3.0,,,1.0,1.0,25.0,3.0,1.0,1.0,7.0,4.0,,,3.0,1.0,1.0,1.0,2.0,,,,,1.0,1.0,1.0,3.0,,,,,,,,
2023-2024,Bundesliga,980t379w5cp7umv1eltwlfca1,S. Nsoki,Hoffenheim,34,Forward,11,7,4,2,763,399.0,318.0,318.0,21.0,144.0,583.0,297.0,73.0,22.0,,33.0,8.0,,127.0,19.0,37.0,31.0,58.0,,,,46.0,58.0,2.0,21.0,12.0,,21.0,11.0,63.0,9.0,7.0,7.0,17.0,12.0,2.0,10.0,1.0,11.0,,,7.0,2.0,,,,,,9.0,2.0,,,,,,,1.0,1.0
2023-2024,Bundesliga,acrwmucmu5zajj159f30of384,J. Milošević,Stuttgart,19,Forward,5,0,5,0,67,13.0,8.0,8.0,,2.0,23.0,8.0,5.0,1.0,,,,,4.0,2.0,2.0,2.0,5.0,,,,1.0,4.0,1.0,3.0,,,,,7.0,3.0,,,1.0,1.0,,,,,,,,,,,,,,2.0,,,,,,,,,
2023-2024,Bundesliga,1vv29mash2uijx542ssjk666t,R. Khedira,Union Berlin,8,Midfielder,20,18,2,9,1495,450.0,328.0,328.0,14.0,108.0,724.0,315.0,114.0,36.0,,38.0,22.0,,163.0,26.0,43.0,45.0,80.0,,,,74.0,83.0,14.0,37.0,19.0,,35.0,13.0,79.0,18.0,5.0,5.0,16.0,25.0,5.0,22.0,9.0,7.0,1.0,,4.0,4.0,1.0,,,1.0,1.0,4.0,7.0,,,,,,1.0,1.0,
2023-2024,Bundesliga,8ri0md3tr27a1bn10xmfkgsus,D. Pejčinović,Wolfsburg,18,Forward,4,0,4,0,79,10.0,6.0,6.0,,,21.0,6.0,4.0,,,,,,5.0,0.0,0.0,1.0,3.0,,,,2.0,4.0,,3.0,1.0,,,,11.0,2.0,,,5.0,2.0,1.0,,,1.0,1.0,1.0,,1.0,,,,,,,1.0,,,,,1.0,,,
2023-2024,Bundesliga,3er9krmf0k6dhv6f9ltztfend,A. Maier,Augsburg,10,Forward,22,10,12,7,1147,593.0,413.0,413.0,54.0,137.0,793.0,395.0,82.0,44.0,,11.0,6.0,,260.0,21.0,36.0,27.0,46.0,,,,58.0,97.0,4.0,10.0,6.0,,14.0,5.0,318.0,4.0,59.0,24.0,141.0,4.0,,9.0,11.0,17.0,13.0,8.0,10.0,20.0,5.0,2.0,1.0,36.0,10.0,12.0,11.0,,5.0,61.0,1.0,,,,
2023-2024,Bundesliga,2h0wbb6m7g5p805n11uw26l4a,S. Bamba,Borussia Dortmund,48,Forward,2,0,2,0,64,20.0,13.0,13.0,1.0,4.0,32.0,13.0,3.0,2.0,,1.0,,,9.0,2.0,2.0,2.0,2.0,,,,1.0,4.0,1.0,,,,1.0,,22.0,,3.0,3.0,13.0,1.0,,1.0,,,2.0,2.0,,1.0,,,,1.0,1.0,1.0,,,,,,,,,
2023-2024,Bundesliga,5y4i3tmhz8p24vfhccjzg5n8p,D. Peretz,Bayern München,18,Forward,1,0,1,0,21,17.0,12.0,12.0,1.0,7.0,17.0,11.0,5.0,5.0,,,,,1.0,0.0,0.0,0.0,0.0,,,,,,,,,,,,,,,,,,,,,,,,,,,,,,,,,,,,,,,,
2023-2024,Bundesliga,da2wmmi5duts7u6tdys624t1w,,Bayern München,36,Forward,0,0,0,0,0,,,,,,,,,,,,,,,0.0,0.0,0.0,0.0,,,,,,,,,,,,,,,,,,,,,,,,,,,,,,,,,,,,,,,,
2023-2024,Bundesliga,13za9epvzsczbjs3jtqgf4il0,S. Di Benedetto,Stuttgart,46,Forward,1,0,1,0,17,11.0,10.0,10.0,,,15.0,10.0,1.0,,,,1.0,,7.0,0.0,1.0,0.0,1.0,,,,1.0,1.0,2.0,,,,,,2.0,,,,1.0,,,,1.0,,,,1.0,1.0,,,,,,,,,,,,,,,
2023-2024,Bundesliga,5tqlqebd1hmve0e1tvn1yeu50,,Heidenheim,36,Forward,0,0,0,0,0,,,,,,,,,,,,,,,0.0,0.0,0.0,0.0,,,,,,,,,,,,,,,,,,,,,,,,,,,,,,,,,,,,,,,,
2023-2024,Bundesliga,46ek6sms58czsnbzq4o7jb0gk,,Werder Bremen,24,Forward,0,0,0,0,0,,,,,,,,,,,,,,,0.0,0.0,0.0,0.0,,,,,,,,,,,,,,,,,,,,,,,,,,,,,,,,,,,,,,,,
2023-2024,Bundesliga,3ac08ahkz9wjagrevq33yj2p6,,Werder Bremen,31,Forward,0,0,0,0,0,,,,,,,,,,,,,,,0.0,0.0,0.0,0.0,,,,,,,,,,,,,,,,,,,,,,,,,,,,,,,,,,,,,,,,
2023-2024,Bundesliga,3uj9aygyfvo2sm844e72oeesq,,Augsburg,26,Forward,0,0,0,0,0,,,,,,,,,,,,,,,0.0,0.0,0.0,0.0,,,,,,,,,,,,,,,,,,,,,,,,,,,,,,,,,,,,,,,,
2023-2024,Bundesliga,3ojzrb5okc6i1jf1o7okovnjd,,Bayer Leverkusen,24,Forward,0,0,0,0,0,,,,,,,,,,,,,,,0.0,0.0,0.0,0.0,,,,,,,,,,,,,,,,,,,,,,,,,,,,,,,,,,,,,,,,
2023-2024,Bundesliga,aukfviev3jufl7zdophhttyqc,,Bayer Leverkusen,40,Forward,0,0,0,0,0,,,,,,,,,,,,,,,0.0,0.0,0.0,0.0,,,,,,,,,,,,,,,,,,,,,,,,,,,,,,,,,,,,,,,,
2023-2024,Bundesliga,9ysvzu336d2ahptkv7eoscl7u,I. Maatsen,Borussia Dortmund,22,Defender,16,15,1,7,1342,1060.0,921.0,921.0,65.0,288.0,1342.0,863.0,110.0,33.0,,26.0,13.0,,477.0,35.0,56.0,37.0,67.0,,,,79.0,96.0,9.0,11.0,2.0,,30.0,8.0,282.0,9.0,19.0,18.0,75.0,19.0,5.0,22.0,9.0,18.0,10.0,6.0,13.0,8.0,4.0,2.0,2.0,7.0,7.0,13.0,5.0,,2.0,1.0,,3.0,,,
2023-2024,Bundesliga,cv8egyrq9dlfgeamk6b7fdgq1,J. Sancho,Borussia Dortmund,10,Midfielder,14,11,3,9,998,512.0,403.0,403.0,11.0,106.0,717.0,403.0,76.0,7.0,,6.0,4.0,,245.0,40.0,78.0,41.0,80.0,,,,40.0,88.0,10.0,2.0,1.0,,5.0,1.0,381.0,1.0,19.0,13.0,159.0,3.0,1.0,4.0,9.0,11.0,7.0,3.0,37.0,19.0,4.0,2.0,2.0,11.0,4.0,36.0,2.0,,2.0,13.0,,3.0,,,
2023-2024,Bundesliga,9i46dpapurzdzvd7nz3be7kl,M. Philipp,Freiburg,26,Forward,17,1,16,1,482,109.0,79.0,79.0,,13.0,194.0,81.0,25.0,3.0,,3.0,1.0,,56.0,5.0,10.0,12.0,31.0,,,,11.0,25.0,3.0,21.0,7.0,,8.0,3.0,72.0,14.0,3.0,3.0,29.0,10.0,2.0,5.0,7.0,7.0,7.0,4.0,2.0,2.0,3.0,1.0,1.0,2.0,1.0,,2.0,,,1.0,,,,,
2023-2024,Bundesliga,dh15r2p7e0c5cwezilhq3fi6t,P. Pentke,Köln,20,Forward,0,0,0,0,0,,,,,,,,,,,,,,,0.0,0.0,0.0,0.0,,,,,,,,,,,,,,,,,,1.0,,,,,,,,,,,,,,,,,,,,,,
2023-2024,Bundesliga,26lyiy5yb1jbhfmrdjcikl0mi,J. Christensen,Köln,22,Forward,7,2,5,1,277,85.0,66.0,66.0,6.0,35.0,148.0,60.0,14.0,7.0,,4.0,4.0,,24.0,7.0,12.0,7.0,17.0,,,,18.0,12.0,,5.0,,,10.0,4.0,15.0,5.0,5.0,5.0,1.0,4.0,1.0,6.0,,6.0,,,1.0,2.0,,,,,,1.0,3.0,,,,,,,,
2023-2024,Bundesliga,8mmecefcbz8wu4jcqqywps5p1,S. Adamyan,Köln,23,Forward,20,8,12,7,919,189.0,132.0,132.0,3.0,38.0,423.0,129.0,52.0,4.0,,7.0,5.0,,69.0,16.0,35.0,30.0,86.0,,,,30.0,52.0,13.0,51.0,14.0,,14.0,5.0,173.0,37.0,4.0,4.0,88.0,18.0,2.0,9.0,17.0,15.0,22.0,9.0,14.0,9.0,13.0,1.0,1.0,,,7.0,10.0,,1.0,,,,,,
2023-2024,Bundesliga,eamrfc3bnv1pm28o24t69tuui,J. Diehl,Köln,45,Forward,7,1,6,2,217,64.0,37.0,37.0,4.0,5.0,112.0,37.0,9.0,5.0,,,,,30.0,8.0,17.0,8.0,19.0,,,,8.0,18.0,4.0,2.0,,,,,62.0,2.0,14.0,4.0,29.0,2.0,,,1.0,,4.0,2.0,9.0,3.0,2.0,,,4.0,1.0,8.0,4.0,,,13.0,,,,,
2023-2024,Bundesliga,72im0m7d8rqpsclo4f5crqmsp,E. Elmas,RB Leipzig,6,Forward,14,2,12,2,377,120.0,100.0,100.0,1.0,27.0,184.0,99.0,18.0,3.0,,2.0,1.0,,57.0,11.0,18.0,11.0,20.0,,,,9.0,15.0,4.0,2.0,,,8.0,2.0,75.0,2.0,,,24.0,4.0,,6.0,6.0,5.0,8.0,4.0,5.0,2.0,4.0,,,,,5.0,2.0,,,,,,,,
2023-2024,Bundesliga,4gq1u1mqg0qzekh1u5djleeax,Dani Olmo,RB Leipzig,7,Midfielder,21,17,4,11,1528,657.0,503.0,503.0,38.0,169.0,1025.0,473.0,128.0,20.0,,12.0,13.0,,240.0,49.0,101.0,60.0,131.0,,,,75.0,121.0,17.0,30.0,11.0,,26.0,8.0,375.0,19.0,13.0,13.0,108.0,15.0,,18.0,26.0,7.0,33.0,20.0,44.0,29.0,13.0,4.0,4.0,8.0,8.0,31.0,12.0,1.0,5.0,,,9.0,,,
2023-2024,Bundesliga,cgnl3msfddxlw37gu1jtiu42c,,RB Leipzig,46,Forward,0,0,0,0,0,,,,,,,,,,,,,,,0.0,0.0,0.0,0.0,,,,,,,,,,,,,,,,,,,,,,,,,,,,,,,,,,,,,,,,
2023-2024,Bundesliga,33hs47yxefec8e9ntgqgr49n9,S. Kalajdžić,Eintracht Frankfurt,9,Forward,5,5,0,4,331,79.0,60.0,60.0,4.0,13.0,141.0,57.0,17.0,1.0,,6.0,2.0,,39.0,3.0,5.0,12.0,25.0,,,,10.0,16.0,10.0,20.0,9.0,,2.0,,30.0,11.0,,,10.0,3.0,,2.0,2.0,,2.0,1.0,2.0,2.0,1.0,,,1.0,1.0,1.0,2.0,,,,,2.0,,,
2023-2024,Bundesliga,6gruusc463fdln5uz1uzhne8l,D. van de Beek,Eintracht Frankfurt,25,Forward,8,4,4,5,383,139.0,107.0,107.0,3.0,26.0,204.0,106.0,25.0,3.0,,1.0,3.0,,67.0,6.0,15.0,10.0,24.0,,,,15.0,27.0,1.0,9.0,4.0,,8.0,5.0,51.0,5.0,5.0,2.0,28.0,7.0,1.0,3.0,3.0,4.0,,,4.0,2.0,,,,2.0,1.0,3.0,2.0,,,4.0,,1.0,,,
2023-2024,Bundesliga,dwx1vmtmeiiokfqv18g7cb1lh,T. Jantschke,Borussia M'gladbach,24,Forward,4,0,4,0,74,12.0,12.0,12.0,,8.0,25.0,12.0,,,,4.0,1.0,,1.0,1.0,1.0,3.0,5.0,,,,1.0,,2.0,4.0,2.0,,1.0,,,2.0,,,,1.0,,1.0,,,,,,,,,,,,,2.0,,,,,,,,
2023-2024,Bundesliga,7bqajkmno3ox004kdbusxv9ey,,Stuttgart,43,Forward,0,0,0,0,0,,,,,,,,,,,,,,,0.0,0.0,0.0,0.0,,,,,,,,,,,,,,,,,,,,,,,,,,,,,,,,,,,,,,,,
2023-2024,Bundesliga,9acznrpww7ch2gqxvcst5d2c4,,Stuttgart,49,Forward,0,0,0,0,0,,,,,,,,,,,,,,,0.0,0.0,0.0,0.0,,,,,,,,,,,,,,,,,,,,,,,,,,,,,,,,,,,,,,,,
2023-2024,Bundesliga,3tpfqju821lze7myekb40kefo,J. Malatini,Werder Bremen,22,Forward,11,6,5,2,673,364.0,293.0,293.0,16.0,124.0,517.0,279.0,63.0,24.0,,26.0,13.0,,136.0,19.0,25.0,28.0,44.0,,,,31.0,43.0,1.0,19.0,9.0,,18.0,5.0,43.0,10.0,4.0,4.0,15.0,10.0,1.0,13.0,3.0,7.0,1.0,,1.0,2.0,1.0,1.0,1.0,2.0,2.0,6.0,3.0,,,,,,,,
2023-2024,Bundesliga,8gnpf9kwx2n2rqwf1gixc4bth,I. Ordets,Bochum,20,Defender,24,21,3,1,2093,653.0,473.0,473.0,26.0,193.0,1190.0,447.0,176.0,52.0,,130.0,31.0,,206.0,14.0,20.0,147.0,208.0,,,,89.0,125.0,20.0,188.0,133.0,,19.0,5.0,154.0,55.0,1.0,1.0,113.0,29.0,4.0,14.0,,12.0,14.0,7.0,1.0,4.0,7.0,1.0,1.0,,,,32.0,1.0,,,,,,,
2023-2024,Bundesliga,78e1qvft3ser2tyayjlmemdp1,S. Rode,Eintracht Frankfurt,17,Forward,8,1,7,1,114,57.0,44.0,44.0,2.0,16.0,84.0,42.0,12.0,2.0,,1.0,1.0,,22.0,4.0,6.0,6.0,11.0,,,,10.0,11.0,1.0,5.0,2.0,,6.0,2.0,21.0,3.0,1.0,1.0,4.0,,,4.0,,,,,,1.0,,,,,,,,,,,,,,,
2023-2024,Bundesliga,vgvhxmqjvf4g34bd2ebja44q,O. Pohlmann,Borussia Dortmund,30,Forward,2,0,2,0,64,20.0,13.0,13.0,,,37.0,13.0,4.0,2.0,,1.0,,,12.0,1.0,3.0,2.0,4.0,,,,3.0,5.0,,1.0,1.0,,1.0,1.0,17.0,,3.0,1.0,5.0,,,,1.0,,1.0,1.0,1.0,,,,,,,1.0,,,,2.0,,,,,
2023-2024,Bundesliga,569k37zn6or7iyocc5pwoek9g,,Bayer Leverkusen,38,Forward,0,0,0,0,0,,,,,,,,,,,,,,,0.0,0.0,0.0,0.0,,,,,,,,,,,,,,,,,,,,,,,,,,,,,,,,,,,,,,,,
2023-2024,Bundesliga,81sfrpdzz1nymxg1b5noo67ai,Y. Vertessen,Union Berlin,14,Forward,13,7,6,7,656,138.0,98.0,98.0,1.0,28.0,309.0,97.0,36.0,1.0,,3.0,1.0,,50.0,16.0,38.0,20.0,61.0,,,,20.0,38.0,11.0,23.0,4.0,,3.0,1.0,161.0,19.0,3.0,3.0,61.0,8.0,1.0,2.0,10.0,8.0,21.0,12.0,21.0,6.0,9.0,3.0,3.0,,,14.0,3.0,,2.0,,,1.0,,,
2023-2024,Bundesliga,dnt7ahwfj8endqngxwfll1tjp,A. Hanche-Olsen,Mainz 05,25,Defender,15,12,3,6,1077,439.0,342.0,342.0,28.0,161.0,622.0,314.0,95.0,45.0,,41.0,11.0,,135.0,12.0,20.0,41.0,64.0,,,,38.0,50.0,8.0,44.0,29.0,,20.0,8.0,18.0,15.0,,,9.0,13.0,5.0,12.0,2.0,6.0,4.0,3.0,,1.0,1.0,1.0,1.0,,,,4.0,,,,,,,,
2023-2024,Bundesliga,ao00a4lfe5vs9enjgkuu7vglx,S. Lainer,Borussia M'gladbach,18,Forward,15,8,7,6,815,483.0,370.0,370.0,30.0,129.0,638.0,345.0,92.0,35.0,,28.0,5.0,,189.0,18.0,31.0,25.0,50.0,,,,33.0,72.0,7.0,19.0,7.0,,23.0,7.0,132.0,12.0,15.0,15.0,40.0,8.0,2.0,16.0,4.0,7.0,3.0,3.0,6.0,7.0,,,,5.0,4.0,2.0,6.0,,1.0,1.0,,1.0,,,
2023-2024,Bundesliga,4j8y1bwt6z8iu98077xqzmvx0,M. Kömür,Augsburg,36,Forward,4,1,3,1,134,34.0,29.0,29.0,1.0,9.0,57.0,29.0,4.0,,,1.0,,,14.0,3.0,7.0,3.0,8.0,,,,3.0,4.0,2.0,1.0,,,3.0,,27.0,1.0,,,7.0,2.0,,3.0,2.0,,1.0,,4.0,,1.0,1.0,1.0,1.0,1.0,,1.0,,,,,1.0,,,
2023-2024,Bundesliga,b0l4lfplx1we1xo5usm0h2ec4,,Bayern München,44,Forward,0,0,0,0,0,,,,,,,,,,,,,,,0.0,0.0,0.0,0.0,,,,,,,,,,,,,,,,,,,,,,,,,,,,,,,,,,,,,,,,
2023-2024,Bundesliga,7xj9q4ayhsel257y8hal0r755,F. Muslija,Freiburg,23,Forward,10,0,10,0,204,83.0,54.0,54.0,3.0,22.0,111.0,54.0,20.0,7.0,,2.0,,,32.0,5.0,7.0,6.0,9.0,,,,7.0,19.0,2.0,2.0,1.0,,5.0,1.0,37.0,1.0,6.0,3.0,14.0,1.0,,4.0,2.0,1.0,1.0,,1.0,4.0,1.0,,,3.0,,1.0,1.0,,,6.0,,1.0,,,
2023-2024,Bundesliga,4u4lkw0zq671i7p9agoa57x7t,,Borussia Dortmund,35,Forward,0,0,0,0,0,,,,,,,,,,,,,,,0.0,0.0,0.0,0.0,,,,,,,,,,,,,,,,,,,,,,,,,,,,,,,,,,,,,,,,
2023-2024,Bundesliga,dpqm3menp3xy0tq2gm76bo5hx,K. Adams,Hoffenheim,15,Forward,1,0,1,0,12,3.0,1.0,1.0,,,3.0,1.0,,,,,,,1.0,0.0,0.0,0.0,0.0,,,,,,,,,,,,1.0,,,,,1.0,,,,,,,,,,,,,,,,,,,,,,,
2023-2024,Bundesliga,1jgi1rhbubqxs5yy3tecs4fai,D. Jurásek,Hoffenheim,19,Forward,13,4,9,2,585,256.0,161.0,161.0,16.0,62.0,381.0,150.0,68.0,29.0,,22.0,3.0,,80.0,14.0,28.0,19.0,36.0,,,,29.0,58.0,1.0,8.0,5.0,,14.0,3.0,107.0,3.0,19.0,19.0,42.0,3.0,1.0,11.0,1.0,5.0,4.0,2.0,11.0,5.0,2.0,,,5.0,5.0,3.0,3.0,,,,,,,,
2023-2024,Bundesliga,scyuls03i93lg30e1v9d7xg4,,Bayer Leverkusen,48,Forward,0,0,0,0,0,,,,,,,,,,,,,,,0.0,0.0,0.0,0.0,,,,,,,,,,,,,,,,,,,,,,,,,,,,,,,,,,,,,,,,
2023-2024,Bundesliga,61tl76nxelzp9mn608h9gji1g,S. Fukuda,Borussia M'gladbach,49,Forward,5,0,5,0,66,6.0,3.0,3.0,,,27.0,3.0,3.0,,,,1.0,,2.0,1.0,3.0,4.0,10.0,,,,2.0,3.0,,7.0,3.0,,2.0,2.0,15.0,4.0,,,9.0,1.0,,,3.0,,2.0,2.0,,1.0,,,,,,1.0,,,,,,,,,
2023-2024,Bundesliga,eapihgte8ydc4g6hzygsx2e39,W. Orbán,RB Leipzig,4,Defender,19,18,1,2,1738,1396.0,1250.0,1250.0,51.0,632.0,1731.0,1200.0,143.0,56.0,,76.0,16.0,,341.0,14.0,23.0,68.0,105.0,,,,87.0,87.0,10.0,82.0,54.0,,20.0,8.0,73.0,28.0,,,46.0,16.0,2.0,12.0,2.0,9.0,6.0,4.0,1.0,5.0,2.0,,,1.0,1.0,2.0,14.0,,,,,,,,
2023-2024,Bundesliga,4vbbsur550d9vskpxhi6zet5g,N. Jatta,RB Leipzig,38,Forward,1,0,1,0,5,,,,,,,,,,,,,,,0.0,0.0,0.0,0.0,,,,,,,,,,,,,,,,,,,,,,,,,,,,,,,,,,,,,,,,
2023-2024,Bundesliga,3nins3wtqjz9vt8q06s087vth,G. Holtmann,Darmstadt 98,25,Forward,10,2,8,2,449,155.0,113.0,113.0,7.0,38.0,288.0,106.0,30.0,8.0,,4.0,2.0,,55.0,12.0,24.0,17.0,36.0,,,,31.0,34.0,2.0,12.0,5.0,,8.0,3.0,116.0,7.0,12.0,12.0,28.0,8.0,1.0,5.0,13.0,7.0,10.0,5.0,9.0,5.0,5.0,,,,,7.0,4.0,,,,,,,,
2023-2024,Bundesliga,6xjbcik3a56d0vqy4vrq5eokp,,Augsburg,38,Forward,0,0,0,0,0,,,,,,,,,,,,,,,0.0,0.0,0.0,0.0,,,,,,,,,,,,,,,,,,,,,,,,,,,,,,,,,,,,,,,,
2023-2024,Bundesliga,3z6ekzop4y7cjuatzz9ua74k5,J. Omlin,Borussia M'gladbach,1,Goalkeeper,7,7,0,0,688,276.0,208.0,208.0,51.0,164.0,306.0,157.0,68.0,67.0,7.0,3.0,,29.0,1.0,2.0,3.0,5.0,6.0,18.0,0.0,7.0,16.0,1.0,2.0,3.0,3.0,2.0,1.0,1.0,,,,,,,1.0,,,,,,,1.0,,,,,,2.0,,,1.0,,,,,,
2023-2024,Bundesliga,70tsvrcmklvp4ecdhxlugf8ix,K. Itakura,Borussia M'gladbach,3,Defender,20,18,2,5,1726,910.0,797.0,797.0,33.0,344.0,1257.0,765.0,108.0,44.0,,62.0,22.0,,250.0,26.0,41.0,64.0,109.0,,,,78.0,68.0,4.0,68.0,38.0,,34.0,13.0,86.0,30.0,4.0,4.0,41.0,28.0,9.0,21.0,5.0,14.0,17.0,10.0,2.0,5.0,7.0,3.0,3.0,1.0,1.0,5.0,22.0,2.0,2.0,,,1.0,,,
2023-2024,Bundesliga,yq0cm7vwr0tkv7nvt9vo77bp,,Bayern München,5,Forward,0,0,0,0,0,,,,,,,,,,,,,,,0.0,0.0,0.0,0.0,,,,,,,,,,,,,,,,,,,,,,,,,,,,,,,,,,,,,,,,
2023-2024,Bundesliga,5ga7g20wsa7oqjbh4ijoeknl6,R. Gravenberch,Bayern München,38,Forward,1,0,1,0,17,7.0,5.0,5.0,,2.0,8.0,5.0,2.0,,,,,,3.0,1.0,1.0,1.0,1.0,,,,,2.0,,,,,,,5.0,,,,2.0,1.0,1.0,,,,,,,2.0,,,,,,1.0,,,,,,,,,
2023-2024,Bundesliga,lzn0grkrdiuq1ik3xaoug38q,,Bayern München,43,Forward,0,0,0,0,0,,,,,,,,,,,,,,,0.0,0.0,0.0,0.0,,,,,,,,,,,,,,,,,,,,,,,,,,,,,,,,,,,,,,,,
2023-2024,Bundesliga,8kar47kxxc8f20vc9ul2ez3yt,O. Burke,Werder Bremen,24,Forward,1,0,1,0,40,12.0,6.0,6.0,1.0,,16.0,5.0,4.0,2.0,,,,,4.0,1.0,1.0,1.0,1.0,,,,2.0,4.0,,,,,,,3.0,,2.0,2.0,2.0,,,,,,,,,,,,,,,1.0,,,,,,,,,
2023-2024,Bundesliga,dr0kn3srxtg7nuw99gjoim7e1,I. Gruev,Werder Bremen,28,Forward,1,0,1,0,13,1.0,1.0,1.0,,1.0,3.0,1.0,,,,,,,,0.0,0.0,0.0,0.0,,,,,,,,,,,,,,,,,,,,,,,,,,,,,,,,,,,,,,,,
2023-2024,Bundesliga,f239q43hdwrm7u7mu5jqyk91x,,Köln,3,Forward,0,0,0,0,0,,,,,,,,,,,,,,,0.0,0.0,0.0,0.0,,,,,,,,,,,,,,,,,,,,,,,,,,,,,,,,,,,,,,,,
2023-2024,Bundesliga,2ifp36vdm0d6rb3xc7muuvv11,,Köln,19,Forward,0,0,0,0,0,,,,,,,,,,,,,,,0.0,0.0,0.0,0.0,,,,,,,,,,,,,,,,,,,,,,,,,,,,,,,,,,,,,,,,
2023-2024,Bundesliga,3y9nm18as1wxhizq3fyazb2t,T. Hazard,Borussia Dortmund,10,Forward,1,0,1,0,15,9.0,7.0,7.0,1.0,4.0,10.0,6.0,2.0,,,,,,2.0,0.0,0.0,0.0,1.0,,,,,2.0,,1.0,,,,,2.0,1.0,,,,,,,,,,,,,,,,,,,,,,,,,,,
2023-2024,Bundesliga,9eqeq79rycd6na2cw2yk8ikmh,B. Manu,Darmstadt 98,7,Midfielder,4,3,1,3,180,33.0,24.0,24.0,1.0,7.0,71.0,23.0,4.0,1.0,,,,,12.0,4.0,13.0,4.0,16.0,,,,7.0,7.0,1.0,3.0,,,2.0,2.0,26.0,3.0,4.0,4.0,10.0,4.0,1.0,,1.0,1.0,5.0,4.0,7.0,3.0,1.0,,,,,4.0,,,,,,,,,
2023-2024,Bundesliga,g3fgd752o63acmmuahdvppm1,R. Kolo Muani,Eintracht Frankfurt,9,Forward,2,2,0,2,152,26.0,17.0,17.0,2.0,5.0,78.0,15.0,9.0,2.0,,1.0,,,7.0,4.0,16.0,8.0,25.0,,,,3.0,7.0,5.0,9.0,4.0,,,,39.0,5.0,,,17.0,4.0,,,8.0,,3.0,2.0,12.0,,1.0,1.0,1.0,,,4.0,2.0,,,,,,,,
2023-2024,Bundesliga,5ph2ln91ycq1qlq03cnqqs9re,J. Lindstrøm,Eintracht Frankfurt,29,Forward,1,1,0,1,83,32.0,24.0,24.0,,3.0,52.0,24.0,7.0,,,,,,18.0,2.0,5.0,2.0,6.0,,,,2.0,8.0,,1.0,,,1.0,,28.0,1.0,1.0,1.0,8.0,1.0,,1.0,2.0,,1.0,1.0,3.0,,,,,,,1.0,,,,,,,,,
2023-2024,Bundesliga,b7ve7k983eaewnupejiow3jdh,C. Günter,Freiburg,30,Midfielder,15,13,2,9,1135,505.0,366.0,366.0,42.0,117.0,647.0,345.0,75.0,39.0,,16.0,2.0,,211.0,16.0,29.0,21.0,44.0,,,,32.0,79.0,3.0,15.0,5.0,,20.0,8.0,208.0,10.0,43.0,34.0,73.0,8.0,1.0,12.0,7.0,6.0,3.0,1.0,5.0,12.0,2.0,1.0,1.0,21.0,14.0,4.0,6.0,,2.0,16.0,,,,,
2023-2024,Bundesliga,2vlbsywrnnckg1zu93hej5e96,M. Breunig,Freiburg,44,Forward,2,0,2,0,24,2.0,1.0,1.0,,,10.0,1.0,1.0,,,,,,1.0,0.0,0.0,1.0,4.0,,,,,1.0,,4.0,1.0,,,,3.0,3.0,,,,1.0,,,,1.0,,,,,,,,,,,,,,,,,,,
2023-2024,Bundesliga,8zmj7mo9zxsoo5trhmmgmgb56,,RB Leipzig,38,Forward,0,0,0,0,0,,,,,,,,,,,,,,,0.0,0.0,0.0,0.0,,,,,,,,,,,,,,,,,,,,,,,,,,,,,,,,,,,,,,,,
2023-2024,Bundesliga,9rglo47kroo6ob6gy7i4poqok,Arthur,Bayer Leverkusen,13,Forward,4,2,2,1,207,109.0,82.0,82.0,5.0,25.0,151.0,83.0,19.0,5.0,,7.0,,,57.0,5.0,11.0,7.0,16.0,,,,10.0,16.0,,5.0,2.0,,4.0,1.0,59.0,3.0,2.0,2.0,22.0,2.0,,3.0,3.0,,2.0,1.0,5.0,5.0,1.0,,,6.0,5.0,2.0,1.0,,2.0,1.0,,,,,
2023-2024,Bundesliga,e9u7cmvaem5p7x9px3yq9f179,B. Sosa,Stuttgart,24,Forward,2,0,2,0,63,43.0,26.0,26.0,3.0,8.0,48.0,24.0,5.0,5.0,,,,,16.0,0.0,0.0,0.0,0.0,,,,,11.0,,,,,,,26.0,,11.0,9.0,12.0,,,,,,,,,2.0,,,,1.0,,,1.0,,,3.0,,,,,
2023-2024,Bundesliga,a6ez4busstxq5vwgkxy9jnfo4,,Stuttgart,41,Forward,0,0,0,0,0,,,,,,,,,,,,,,,0.0,0.0,0.0,0.0,,,,,,,,,,,,,,,,,,,,,,,,,,,,,,,,,,,,,,,,
2023-2024,Bundesliga,b2uznyb9b8fxsy57450mbmwru,,Stuttgart,44,Forward,0,0,0,0,0,,,,,,,,,,,,,,,0.0,0.0,0.0,0.0,,,,,,,,,,,,,,,,,,,,,,,,,,,,,,,,,,,,,,,,
2023-2024,Bundesliga,9xftmtdsxbuu2itzhi3v1xbdh,S. Zoller,Bochum,9,Forward,1,0,1,0,51,8.0,5.0,5.0,1.0,,12.0,4.0,3.0,,,,,,5.0,0.0,0.0,1.0,1.0,,,,1.0,3.0,,1.0,1.0,,,,1.0,,,,,1.0,,,,1.0,,,,,,,,,,,,,,,,,,,
2023-2024,Bundesliga,4oic5vu1qv89061hflasl3r3d,,Bochum,18,Forward,0,0,0,0,0,,,,,,,,,,,,,,,0.0,0.0,0.0,0.0,,,,,,,,,,,,,,,,,,,,,,,,,,,,,,,,,,,,,,,,
2023-2024,Bundesliga,de3mpa534obonqn4h2v10f6xh,,Bochum,21,Forward,0,0,0,0,0,,,,,,,,,,,,,,,0.0,0.0,0.0,0.0,,,,,,,,,,,,,,,,,,,,,,,,,,,,,,,,,,,,,,,,
2023-2024,Bundesliga,dadiwuzf33969g3808sdd9brp,M. Pantović,Union Berlin,32,Forward,1,0,1,0,26,7.0,4.0,4.0,1.0,1.0,11.0,3.0,3.0,1.0,,,,,2.0,1.0,1.0,1.0,1.0,,,,1.0,2.0,2.0,,,,,,3.0,,,,2.0,,,,,,1.0,,,,1.0,1.0,1.0,,,1.0,,,,,,,,,
2023-2024,Bundesliga,alp8twr3g2rmfmnguffsfovtg,N. Weiper,Mainz 05,44,Forward,5,1,4,1,152,40.0,24.0,24.0,,3.0,88.0,24.0,16.0,,,,1.0,,15.0,3.0,10.0,6.0,25.0,,,,6.0,16.0,,15.0,3.0,,2.0,1.0,50.0,12.0,,,22.0,,,1.0,1.0,1.0,1.0,1.0,6.0,2.0,,,,,,2.0,1.0,,,,,,,,
2023-2024,Bundesliga,aplc9mad75h1k90o3qla9c7l6,P. Wimmer,Wolfsburg,39,Forward,14,8,6,8,688,200.0,128.0,128.0,6.0,36.0,355.0,122.0,60.0,9.0,,7.0,3.0,,55.0,13.0,37.0,26.0,59.0,,,,27.0,63.0,11.0,22.0,13.0,,14.0,9.0,129.0,9.0,12.0,11.0,46.0,14.0,3.0,5.0,6.0,14.0,8.0,4.0,15.0,3.0,4.0,2.0,2.0,,,8.0,2.0,,,1.0,,,1.0,1.0,
2023-2024,Bundesliga,bzv32rpgvs111w8e2gch452xg,Bryan Zaragoza,Bayern München,17,Forward,7,1,6,1,241,82.0,57.0,57.0,4.0,14.0,133.0,56.0,14.0,5.0,,,2.0,,40.0,12.0,24.0,13.0,25.0,,,,4.0,17.0,1.0,1.0,1.0,,4.0,,74.0,,8.0,7.0,35.0,2.0,1.0,4.0,4.0,,5.0,1.0,12.0,3.0,4.0,,,3.0,2.0,8.0,2.0,,,2.0,,,,,
2023-2024,Bundesliga,70esd7csbds20h5uazwktcbje,S. Boey,Bayern München,23,Forward,2,1,1,1,116,69.0,58.0,58.0,,17.0,97.0,58.0,11.0,2.0,,2.0,1.0,,28.0,2.0,8.0,3.0,11.0,,,,6.0,9.0,3.0,3.0,1.0,,2.0,2.0,26.0,2.0,,,7.0,6.0,1.0,,,1.0,1.0,1.0,4.0,,,,,,,2.0,,,,,,,,,
2023-2024,Bundesliga,240d7z6v0gx52zf59ntaa2aqd,Pep Biel,Augsburg,11,Forward,11,0,11,0,374,123.0,94.0,94.0,9.0,38.0,187.0,90.0,14.0,4.0,,2.0,2.0,,48.0,9.0,12.0,12.0,18.0,,,,19.0,20.0,,6.0,3.0,,4.0,1.0,73.0,3.0,10.0,7.0,25.0,8.0,1.0,3.0,1.0,1.0,3.0,2.0,2.0,3.0,1.0,,,5.0,2.0,6.0,4.0,,,6.0,,,,,
2023-2024,Bundesliga,8czesxhh2bedy0ukqb95rk82d,S. Polter,Darmstadt 98,40,Forward,9,4,5,3,514,112.0,64.0,64.0,1.0,18.0,210.0,64.0,42.0,,,4.0,,,39.0,2.0,8.0,22.0,42.0,,,,7.0,45.0,10.0,34.0,20.0,,1.0,1.0,95.0,14.0,3.0,3.0,39.0,9.0,,,7.0,4.0,9.0,6.0,5.0,3.0,3.0,,,1.0,1.0,2.0,2.0,,1.0,,,,,,
2023-2024,Bundesliga,d12m2oz1lomkc1qxmpht38lat,Borja Iglesias,Bayer Leverkusen,9,Forward,7,2,5,1,290,75.0,58.0,58.0,,10.0,117.0,58.0,15.0,,,1.0,1.0,,36.0,0.0,2.0,4.0,12.0,,,,5.0,16.0,3.0,10.0,4.0,,1.0,1.0,75.0,6.0,1.0,1.0,27.0,2.0,,,6.0,2.0,5.0,2.0,1.0,3.0,3.0,,,,,,3.0,,,,,,,,
2023-2024,Bundesliga,2nqhczrkd45rdu5fcmq1wjo45,Mahmoud Dahoud,Stuttgart,5,Forward,13,1,12,1,378,235.0,203.0,203.0,10.0,59.0,297.0,195.0,25.0,7.0,,1.0,,,103.0,1.0,8.0,3.0,15.0,,,,23.0,22.0,2.0,7.0,2.0,,5.0,4.0,62.0,5.0,4.0,2.0,11.0,,,1.0,3.0,4.0,2.0,1.0,3.0,4.0,1.0,1.0,1.0,2.0,2.0,,1.0,,,2.0,,1.0,,,
2023-2024,Bundesliga,762ewwjz8735hlyud60cvidxw,,Stuttgart,45,Forward,0,0,0,0,0,,,,,,,,,,,,,,,0.0,0.0,0.0,0.0,,,,,,,,,,,,,,,,,,,,,,,,,,,,,,,,,,,,,,,,
2023-2024,Bundesliga,2ddhjp7d5sagi9cnwaszy8178,K. Wätjen,Borussia Dortmund,38,Forward,2,1,1,0,113,53.0,46.0,46.0,5.0,17.0,75.0,41.0,7.0,,,3.0,,,20.0,4.0,7.0,4.0,8.0,,,,9.0,7.0,1.0,1.0,,,3.0,1.0,9.0,1.0,,,,1.0,,2.0,,,,,2.0,3.0,,,,,,2.0,1.0,,1.0,,,1.0,,,
2023-2024,Bundesliga,3vx94h32ahujciraspdayj9t6,H. Ekitiké,Eintracht Frankfurt,11,Forward,14,7,7,7,782,193.0,130.0,130.0,8.0,27.0,411.0,123.0,53.0,2.0,,4.0,2.0,,79.0,25.0,52.0,39.0,93.0,,,,21.0,59.0,12.0,41.0,14.0,,11.0,4.0,200.0,27.0,8.0,8.0,91.0,12.0,3.0,7.0,13.0,10.0,23.0,14.0,23.0,9.0,9.0,4.0,4.0,1.0,1.0,18.0,7.0,2.0,2.0,,,1.0,,,
2023-2024,Bundesliga,4lg41m643jf18dgax298bufpw,J. Bahoya,Eintracht Frankfurt,19,Forward,8,1,7,1,237,82.0,61.0,61.0,3.0,8.0,131.0,59.0,15.0,1.0,,1.0,1.0,,46.0,7.0,14.0,8.0,19.0,,,,15.0,19.0,1.0,5.0,1.0,,3.0,2.0,50.0,4.0,5.0,5.0,21.0,1.0,,1.0,1.0,2.0,,,5.0,1.0,,,,1.0,1.0,6.0,,,,,,,,,
2023-2024,Bundesliga,1e2hez2ipfx9aqg6h18aao222,S. Alvero,Werder Bremen,28,Forward,6,1,5,1,165,76.0,59.0,59.0,6.0,26.0,118.0,53.0,17.0,2.0,,1.0,1.0,,22.0,6.0,8.0,12.0,15.0,,,,9.0,15.0,3.0,7.0,6.0,,6.0,2.0,26.0,1.0,,,10.0,2.0,1.0,4.0,1.0,2.0,4.0,1.0,,,3.0,1.0,1.0,,,2.0,2.0,,,,,,,,
2023-2024,Bundesliga,2k8bmlxzt0qi7divtxye0a5ii,I. Hansen-Aarøen,Werder Bremen,21,Forward,3,0,3,0,47,14.0,11.0,11.0,1.0,3.0,26.0,10.0,3.0,1.0,,,1.0,,8.0,0.0,2.0,0.0,2.0,,,,4.0,2.0,,,,,,,11.0,,,,2.0,1.0,1.0,,2.0,1.0,,,2.0,1.0,,,,,,,,,,,,,,,
2023-2024,Bundesliga,bshaq55zg7q3n7v6aysx95ec5,C. Kühlwetter,Heidenheim,24,Forward,1,0,1,0,14,2.0,1.0,1.0,,,6.0,1.0,1.0,,,,,,,0.0,0.0,0.0,2.0,,,,1.0,1.0,,2.0,,,,,3.0,2.0,,,2.0,,,,,,,,,1.0,,,,,,,,,1.0,,,,,,
2023-2024,Bundesliga,dchp4ud6043gahy06jrm7q6i2,N. Collins,Eintracht Frankfurt,34,Forward,2,1,1,1,99,75.0,60.0,60.0,3.0,25.0,97.0,58.0,12.0,7.0,,4.0,2.0,,32.0,1.0,2.0,1.0,4.0,,,,7.0,6.0,1.0,2.0,,,,,13.0,2.0,1.0,1.0,5.0,,,,1.0,,,,1.0,,,,,1.0,1.0,1.0,,,,,,,,,
2023-2024,Bundesliga,bf9d6dvv8ybgurv6o6r6ty4x6,,Eintracht Frankfurt,41,Forward,0,0,0,0,0,,,,,,,,,,,,,,,0.0,0.0,0.0,0.0,,,,,,,,,,,,,,,,,,,,,,,,,,,,,,,,,,,,,,,,
2023-2024,Bundesliga,1zis1dq0xbudlh2iatvym2rkk,,Köln,38,Forward,0,0,0,0,0,,,,,,,,,,,,,,,0.0,0.0,0.0,0.0,,,,,,,,,,,,,,,,,,,,,,,,,,,,,,,,,,,,,,,,
2023-2024,Bundesliga,7kw8xj5lpcxd79hk5hzklhatw,,Union Berlin,43,Forward,0,0,0,0,0,,,,,,,,,,,,,,,0.0,0.0,0.0,0.0,,,,,,,,,,,,,,,,,,,,,,,,,,,,,,,,,,,,,,,,
2023-2024,Bundesliga,5tpy0imb08p2mqeiwrx52532t,,Wolfsburg,30,Forward,0,0,0,0,0,,,,,,,,,,,,,,,0.0,0.0,0.0,0.0,,,,,,,,,,,,,,,,,,,,,,,,,,,,,,,,,,,,,,,,
2023-2024,Bundesliga,dduj8a3ejx8nmozrlpsa3rj6d,A. Luthe,Bochum,16,Forward,1,1,0,0,99,49.0,25.0,25.0,20.0,24.0,52.0,5.0,24.0,23.0,,1.0,,1.0,,0.0,0.0,0.0,0.0,4.0,0.0,1.0,2.0,1.0,,,,,,,,,,,,,,,,,,,,,,,,,,,,,,,,,,,
2023-2024,Bundesliga,embn1jhcly07i6pjcvcdiavo5,L. Nmecha,Wolfsburg,10,Forward,3,0,3,0,85,12.0,6.0,6.0,1.0,1.0,30.0,5.0,6.0,,,,,,5.0,1.0,1.0,4.0,7.0,,,,,6.0,1.0,6.0,3.0,,1.0,,17.0,3.0,,,6.0,1.0,,1.0,2.0,1.0,1.0,,,1.0,1.0,1.0,1.0,,,,,,,,,,,,
2023-2024,Bundesliga,f3v95yyj6j7h7qpprxm4zlre1,D. Geiger,Hoffenheim,8,Forward,3,0,3,1,81,12.0,8.0,8.0,,3.0,19.0,8.0,4.0,1.0,,,,,5.0,0.0,1.0,1.0,3.0,,,,1.0,3.0,,2.0,1.0,,1.0,1.0,3.0,1.0,,,1.0,2.0,1.0,,,,,,,1.0,,,,,,,1.0,,,,,,,,
2023-2024,Bundesliga,spjwukiya1mdmpbk7f4baolw,M. Moerstedt,Hoffenheim,33,Forward,1,0,1,0,19,3.0,2.0,2.0,,,5.0,2.0,1.0,,,,,,2.0,0.0,0.0,0.0,0.0,,,,1.0,1.0,,,,,,,4.0,,,,,,,,,,,,,,,,,,,,,,,,,,,,
2023-2024,Bundesliga,9kd9xpv9glq7whrmztrixu9sk,T. Drexler,Hoffenheim,35,Defender,8,6,2,1,626,349.0,315.0,315.0,8.0,119.0,456.0,307.0,33.0,11.0,,14.0,8.0,,127.0,10.0,21.0,13.0,38.0,,,,24.0,22.0,5.0,17.0,3.0,,16.0,7.0,16.0,14.0,,,5.0,4.0,1.0,9.0,1.0,4.0,,,4.0,1.0,,,,,,1.0,8.0,,,,,,,,
2023-2024,Bundesliga,e2w5cj66plnx3kuhnehgswsus,J. Duranville,Borussia Dortmund,16,Forward,2,0,2,0,31,4.0,,,,,21.0,,4.0,,,,,,,3.0,6.0,4.0,7.0,,,,,4.0,,1.0,1.0,,1.0,1.0,12.0,,,,4.0,3.0,,,4.0,,,,2.0,,,,,,,3.0,,,,,,,,,
2023-2024,Bundesliga,sexnfkjiiqta8bfmm4h7owlw,,Mainz 05,34,Forward,0,0,0,0,0,,,,,,,,,,,,,,,0.0,0.0,0.0,0.0,,,,,,,,,,,,,,,,,,,,,,,,,,,,,,,,,,,,,,,,
2023-2024,Bundesliga,bbl68smbnf7l4yosgnlfi13is,,Mainz 05,39,Forward,0,0,0,0,0,,,,,,,,,,,,,,,0.0,0.0,0.0,0.0,,,,,,,,,,,,,,,,,,,,,,,,,,,,,,,,,,,,,,,,
2023-2024,Bundesliga,69h3ptp3ncyrhsgf5hsy935rd,,Bochum,17,Forward,0,0,0,0,0,,,,,,,,,,,,,,,0.0,0.0,0.0,0.0,,,,,,,,,,,,,,,,,,,,,,,,,,,,,,,,,,,,,,,,
2023-2024,Bundesliga,1si77ro8hvk5qzmqmftf54kmi,,Bochum,30,Forward,0,0,0,0,0,,,,,,,,,,,,,,,0.0,0.0,0.0,0.0,,,,,,,,,,,,,,,,,,,,,,,,,,,,,,,,,,,,,,,,
2023-2024,Bundesliga,6i2sfyols6sqhkgw6t0ammvbo,,Bochum,38,Forward,0,0,0,0,0,,,,,,,,,,,,,,,0.0,0.0,0.0,0.0,,,,,,,,,,,,,,,,,,,,,,,,,,,,,,,,,,,,,,,,
2023-2024,Bundesliga,ijttr9nlo90ugxg03kyv7pxw,,Heidenheim,40,Forward,0,0,0,0,0,,,,,,,,,,,,,,,0.0,0.0,0.0,0.0,,,,,,,,,,,,,,,,,,,,,,,,,,,,,,,,,,,,,,,,
2023-2024,Bundesliga,byk5vhf9l112i7hhy1clravp,,Bayer Leverkusen,36,Forward,0,0,0,0,0,,,,,,,,,,,,,,,0.0,0.0,0.0,0.0,,,,,,,,,,,,,,,,,,,,,,,,,,,,,,,,,,,,,,,,
2023-2024,Bundesliga,7smbk83rqjkkcqqduw4vyefx0,D. Downs,Köln,42,Forward,10,0,10,0,265,36.0,23.0,23.0,3.0,3.0,65.0,21.0,12.0,1.0,,1.0,,,16.0,2.0,6.0,3.0,13.0,,,,4.0,11.0,,7.0,1.0,,1.0,,36.0,6.0,,,14.0,1.0,,1.0,1.0,1.0,3.0,1.0,4.0,,2.0,2.0,2.0,1.0,1.0,1.0,2.0,1.0,,,,,,,
2023-2024,Bundesliga,9980p2e2njmvsshf651wxwljo,J. Imasuen,Werder Bremen,26,Forward,1,0,1,0,10,1.0,1.0,1.0,,,1.0,1.0,,,,,,,1.0,0.0,0.0,0.0,0.0,,,,,,,,,,,,1.0,,,,1.0,,,,,,,,,,,,,,,,,,,,,,,,
2023-2024,Bundesliga,55ehpn2az4a8uxrbbm9li9gmi,,Augsburg,46,Forward,0,0,0,0,0,,,,,,,,,,,,,,,0.0,0.0,0.0,0.0,,,,,,,,,,,,,,,,,,,,,,,,,,,,,,,,,,,,,,,,
2023-2024,Bundesliga,a3y723h6clyiykxd818393bah,,Augsburg,47,Forward,0,0,0,0,0,,,,,,,,,,,,,,,0.0,0.0,0.0,0.0,,,,,,,,,,,,,,,,,,,,,,,,,,,,,,,,,,,,,,,,
2023-2024,Bundesliga,dd3ah4cgxgm59h0z400a2s8wk,M. Mladenović,Eintracht Frankfurt,32,Forward,1,0,1,0,16,3.0,2.0,2.0,,,5.0,2.0,1.0,,,,,,1.0,0.0,0.0,0.0,0.0,,,,2.0,1.0,,,,,,,2.0,,,,,,,,,,,,,,,,,,,,,,,,,,,,
2023-2024,Bundesliga,8b40ap862z6ynvmgah0vjces5,I. Cardona,Augsburg,48,Forward,3,0,3,0,79,15.0,7.0,7.0,,3.0,28.0,8.0,2.0,1.0,,1.0,,,5.0,1.0,2.0,2.0,5.0,,,,1.0,6.0,,3.0,1.0,,1.0,,20.0,2.0,5.0,3.0,14.0,1.0,1.0,1.0,,1.0,2.0,2.0,1.0,,,,,1.0,,,1.0,,,3.0,,,,,
2023-2024,Bundesliga,b5ovydnz8s9gf0nkwofutr7ys,L. Ullrich,Borussia M'gladbach,26,Forward,4,0,4,0,74,23.0,10.0,10.0,,1.0,37.0,10.0,8.0,5.0,,1.0,,,8.0,0.0,2.0,0.0,4.0,,,,3.0,8.0,1.0,2.0,,,1.0,1.0,17.0,2.0,5.0,5.0,3.0,,,,3.0,,,,1.0,,,,,,,,,,,,,,,,
2023-2024,Bundesliga,5kf1zpn0folerjrrt40etrhg4,A. Arania,Darmstadt 98,49,Forward,1,0,1,0,14,4.0,4.0,4.0,1.0,,5.0,3.0,,,,,,,4.0,0.0,1.0,0.0,1.0,,,,,,,,,,,,3.0,,,,,,,,,,,,1.0,,,,,,,,,,,,,,,,
2023-2024,Bundesliga,2lzpwy1i7qfe6kcc7ry22oduc,,Heidenheim,29,Forward,0,0,0,0,0,,,,,,,,,,,,,,,0.0,0.0,0.0,0.0,,,,,,,,,,,,,,,,,,,,,,,,,,,,,,,,,,,,,,,,
2023-2024,Bundesliga,2o03jfbkmnkxjefe3wn5yone2,,Augsburg,33,Forward,0,0,0,0,0,,,,,,,,,,,,,,,0.0,0.0,0.0,0.0,,,,,,,,,,,,,,,,,,,,,,,,,,,,,,,,,,,,,,,,
2023-2024,Bundesliga,br127bsi0f5esaofj8qwiwro4,M. Vinlöf,Bayern München,41,Forward,1,0,1,0,20,13.0,11.0,11.0,,1.0,19.0,11.0,1.0,1.0,,,1.0,,9.0,0.0,1.0,0.0,1.0,,,,1.0,1.0,1.0,,,,,,4.0,,1.0,1.0,1.0,1.0,,,,,,,1.0,,,,,,,,,,,,,,,,
2023-2024,Bundesliga,1r8teron8q7t2fvbdqsnq20pg,J. Asp Jensen,Bayern München,46,Forward,1,0,1,0,5,,,,,,1.0,,,,,1.0,,,,0.0,0.0,0.0,0.0,,,,,,,,,,,,,,,,,,,,,,,,,,,,,,,,,,,,,,,,
2023-2024,Bundesliga,81gjqu07fy68yiizinq81uej8,J. Norbye,RB Leipzig,45,Forward,1,0,1,0,5,1.0,1.0,1.0,,,1.0,1.0,,,,,,,1.0,0.0,0.0,0.0,0.0,,,,,,,,,,,,,,,,,,,,,,,,,,,,,,,,,,,,,,,,
2023-2024,Bundesliga,ciks4dkw33w5f4n3juleggr9w,,Bayern München,38,Forward,0,0,0,0,0,,,,,,,,,,,,,,,0.0,0.0,0.0,0.0,,,,,,,,,,,,,,,,,,,,,,,,,,,,,,,,,,,,,,,,
2023-2024,Bundesliga,altc15ozwmzub05s5vkfvu5ii,M. Kücüksahin,Augsburg,42,Forward,1,0,1,0,6,4.0,4.0,4.0,,2.0,4.0,4.0,,,,,,,2.0,0.0,0.0,0.0,0.0,,,,,,,,,,,,,,,,,,,,,,,,,,,,,,,,,,,,,,,,
2023-2024,Bundesliga,1mlirke8dhis35l40nbqfz6ga,,Stuttgart,42,Forward,0,0,0,0,0,,,,,,,,,,,,,,,0.0,0.0,0.0,0.0,,,,,,,,,,,,,,,,,,,,,,,,,,,,,,,,,,,,,,,,
2023-2024,Bundesliga,f2f68n13t1nd3cjwair6jrip6,,Freiburg,37,Forward,0,0,0,0,0,,,,,,,,,,,,,,,0.0,0.0,0.0,0.0,,,,,,,,,,,,,,,,,,,,,,,,,,,,,,,,,,,,,,,,
2023-2024,Bundesliga,8w60p45qe3q9i65omcs1i4avo,B. Bröger,Wolfsburg,38,Forward,1,0,1,0,20,4.0,2.0,2.0,,,13.0,2.0,2.0,,,,,,2.0,0.0,2.0,0.0,4.0,,,,2.0,2.0,2.0,2.0,,,,,4.0,2.0,,,2.0,1.0,,,1.0,,,,2.0,,,,,,,,,,,,,,,,
2023-2024,Bundesliga,h3tn3ockhhf2yoategq9ckyc,,Wolfsburg,49,Forward,0,0,0,0,0,,,,,,,,,,,,,,,0.0,0.0,0.0,0.0,,,,,,,,,,,,,,,,,,,,,,,,,,,,,,,,,,,,,,,,
2023-2024,Bundesliga,1675dd1p91lb20f9b3w5v067e,T. Keller,Heidenheim,27,Forward,2,0,2,0,16,7.0,5.0,5.0,1.0,2.0,9.0,4.0,2.0,2.0,,,,,1.0,0.0,0.0,0.0,0.0,,,,1.0,,,,,,,,,,,,,1.0,,,,,,,,,,,,,,,,,,,,,,,
2023-2024,Bundesliga,8eo408aiejtu89vvkjgwb52c4,,Hoffenheim,48,Forward,0,0,0,0,0,,,,,,,,,,,,,,,0.0,0.0,0.0,0.0,,,,,,,,,,,,,,,,,,,,,,,,,,,,,,,,,,,,,,,,
2023-2024,Bundesliga,37l1sqw1z7gqwd6gfw7nt7j84,,Bayern München,46,Forward,0,0,0,0,0,,,,,,,,,,,,,,,0.0,0.0,0.0,0.0,,,,,,,,,,,,,,,,,,,,,,,,,,,,,,,,,,,,,,,,
2023-2024,Bundesliga,5rnmjho9ntzolo7ogkhyaey38,,Eintracht Frankfurt,40,Forward,0,0,0,0,0,,,,,,,,,,,,,,,0.0,0.0,0.0,0.0,,,,,,,,,,,,,,,,,,,,,,,,,,,,,,,,,,,,,,,,
2023-2024,Bundesliga,7qul2vnov7ax55lvkinr41fro,,RB Leipzig,31,Forward,0,0,0,0,0,,,,,,,,,,,,,,,0.0,0.0,0.0,0.0,,,,,,,,,,,,,,,,,,,,,,,,,,,,,,,,,,,,,,,,
2023-2024,Bundesliga,c8j50o9oqu2okdpjsr3nvnhsl,A. El Ghazi,Mainz 05,34,Forward,3,0,3,0,77,22.0,15.0,15.0,,6.0,34.0,15.0,6.0,1.0,,,,,8.0,2.0,4.0,2.0,4.0,,,,2.0,6.0,,,,,,,21.0,,1.0,1.0,7.0,1.0,,,,,2.0,2.0,2.0,2.0,,,,,,2.0,,,1.0,,,,,,
2023-2024,Bundesliga,47euqju4w50lh2ubrushp5hqs,,Borussia Dortmund,45,Forward,0,0,0,0,0,,,,,,,,,,,,,,,0.0,0.0,0.0,0.0,,,,,,,,,,,,,,,,,,,,,,,,,,,,,,,,,,,,,,,,
2023-2024,Bundesliga,2bw7zobj8s0o4zjwvuoa205jo,,Werder Bremen,37,Forward,0,0,0,0,0,,,,,,,,,,,,,,,0.0,0.0,0.0,0.0,,,,,,,,,,,,,,,,,,,,,,,,,,,,,,,,,,,,,,,,
2024-2025,Bundesliga,cm8po8ez5w9ms01gid6w3kwk5,O. Baumann,Hoffenheim,1,Goalkeeper,28,28,0,0,2727,1062.0,734.0,734.0,206.0,605.0,1161.0,528.0,325.0,322.0,18.0,15.0,,95.0,4.0,3.0,3.0,11.0,11.0,53.0,4.0,28.0,53.0,3.0,6.0,8.0,8.0,15.0,2.0,,,,,,,,1.0,2.0,,,,,,4.0,,,,,,1.0,,,1.0,,,3.0,,,
2024-2025,Bundesliga,shbxc528h0udd6rdf3ax2itx,P. Kadeřábek,Hoffenheim,3,Midfielder,24,18,6,6,1711,869.0,592.0,592.0,55.0,178.0,1152.0,554.0,197.0,67.0,,54.0,20.0,,335.0,19.0,34.0,76.0,135.0,,,,25.0,187.0,8.0,101.0,57.0,,25.0,11.0,394.0,44.0,57.0,57.0,153.0,21.0,6.0,14.0,3.0,10.0,11.0,8.0,4.0,16.0,3.0,2.0,2.0,17.0,17.0,5.0,6.0,1.0,,,,1.0,,,
2024-2025,Bundesliga,1jgi1rhbubqxs5yy3tecs4fai,D. Jurásek,Hoffenheim,19,Forward,14,6,8,4,698,439.0,296.0,296.0,33.0,97.0,557.0,274.0,85.0,46.0,,17.0,6.0,,167.0,6.0,19.0,9.0,24.0,,,,40.0,83.0,2.0,5.0,3.0,,6.0,3.0,186.0,2.0,44.0,44.0,68.0,1.0,,3.0,5.0,5.0,5.0,3.0,10.0,7.0,2.0,,,11.0,11.0,3.0,,,1.0,,,1.0,,,
2024-2025,Bundesliga,6yhylu5q0y924amgv7vlodkgl,K. Akpoguma,Hoffenheim,25,Defender,32,23,9,2,2434,1369.0,1192.0,1192.0,68.0,530.0,1898.0,1125.0,161.0,84.0,,115.0,29.0,,382.0,35.0,69.0,83.0,164.0,,,,107.0,88.0,23.0,95.0,48.0,,54.0,27.0,128.0,47.0,11.0,11.0,26.0,25.0,3.0,27.0,9.0,28.0,3.0,2.0,7.0,5.0,1.0,,,1.0,1.0,8.0,39.0,,,,,1.0,,,
2024-2025,Bundesliga,az7owi5t4bclkamjsjuyxzv1l,A. Stach,Hoffenheim,16,Midfielder,30,29,1,5,2775,1537.0,1259.0,1259.0,83.0,526.0,2223.0,1187.0,250.0,92.0,,101.0,46.0,,495.0,61.0,104.0,114.0,198.0,,,,171.0,171.0,34.0,94.0,53.0,,66.0,20.0,328.0,41.0,13.0,13.0,74.0,38.0,8.0,46.0,10.0,34.0,23.0,13.0,23.0,22.0,10.0,1.0,1.0,11.0,10.0,15.0,25.0,,3.0,1.0,,4.0,,,
2024-2025,Bundesliga,d2djen6mte9953h6n4y79by1g,Arthur Chaves,Hoffenheim,35,Defender,26,24,2,4,2349,1177.0,966.0,966.0,41.0,403.0,1753.0,925.0,200.0,98.0,,136.0,37.0,,360.0,39.0,63.0,106.0,192.0,,,,93.0,110.0,19.0,129.0,67.0,,51.0,15.0,139.0,62.0,8.0,8.0,45.0,38.0,8.0,36.0,11.0,27.0,7.0,5.0,9.0,4.0,2.0,1.0,1.0,,,3.0,23.0,,,,,,,,
2024-2025,Bundesliga,1ekkj2b713kjnugsk4dz50q1h,F. Grillitsch,Hoffenheim,11,Midfielder,8,8,0,4,630,417.0,359.0,359.0,40.0,148.0,564.0,321.0,54.0,23.0,,18.0,8.0,,153.0,14.0,28.0,21.0,50.0,,,,31.0,33.0,11.0,22.0,7.0,,15.0,6.0,100.0,15.0,2.0,2.0,10.0,4.0,1.0,9.0,10.0,4.0,4.0,3.0,8.0,3.0,1.0,,,2.0,2.0,5.0,4.0,,1.0,,,3.0,,,
2024-2025,Bundesliga,6sj31v61vtwwxe5hhwkj80g7o,T. Bischof,Hoffenheim,7,Midfielder,31,30,1,11,2692,1537.0,1144.0,1144.0,95.0,343.0,2232.0,1115.0,224.0,84.0,,53.0,30.0,,679.0,82.0,162.0,96.0,195.0,,,,156.0,236.0,33.0,33.0,14.0,,95.0,42.0,685.0,19.0,96.0,46.0,237.0,45.0,5.0,53.0,38.0,55.0,33.0,15.0,38.0,41.0,18.0,5.0,4.0,66.0,19.0,29.0,29.0,,4.0,97.0,1.0,3.0,,,
2024-2025,Bundesliga,6teffw7m19t1b3auxy22y4m0a,U. Tohumcu,Hoffenheim,17,Forward,12,3,9,2,457,133.0,108.0,108.0,3.0,30.0,194.0,107.0,16.0,4.0,,6.0,3.0,,60.0,9.0,16.0,9.0,17.0,,,,13.0,18.0,6.0,1.0,,,9.0,4.0,40.0,1.0,6.0,3.0,12.0,6.0,3.0,5.0,7.0,5.0,2.0,1.0,3.0,2.0,1.0,,,2.0,1.0,4.0,1.0,,1.0,4.0,,,,,
2024-2025,Bundesliga,6b7p3ncup75mpop91n0u1mw2d,M. Bülter,Hoffenheim,21,Forward,25,22,3,15,1799,586.0,377.0,377.0,32.0,92.0,918.0,362.0,124.0,44.0,,14.0,4.0,,237.0,34.0,61.0,52.0,107.0,,,,63.0,147.0,36.0,46.0,18.0,,13.0,3.0,427.0,28.0,67.0,67.0,184.0,11.0,4.0,10.0,21.0,7.0,27.0,12.0,24.0,15.0,15.0,7.0,7.0,17.0,17.0,24.0,13.0,,2.0,,,3.0,,,
2024-2025,Bundesliga,ew18qvvupaejxubhqmxmbd39x,A. Kramarić,Hoffenheim,27,Midfielder,32,32,0,14,2908,1314.0,977.0,977.0,56.0,301.0,1778.0,965.0,195.0,50.0,,11.0,7.0,,552.0,28.0,65.0,36.0,96.0,,,,136.0,233.0,28.0,31.0,8.0,,15.0,7.0,735.0,23.0,88.0,68.0,292.0,12.0,4.0,8.0,38.0,13.0,55.0,29.0,30.0,39.0,26.0,11.0,8.0,44.0,20.0,20.0,17.0,1.0,9.0,44.0,3.0,5.0,,,
2024-2025,Bundesliga,6k3daudjhieulsgywbt9uoep6,L. Philipp,Hoffenheim,37,Forward,6,6,0,0,583,194.0,123.0,123.0,40.0,97.0,206.0,83.0,70.0,70.0,3.0,1.0,,21.0,,0.0,1.0,0.0,1.0,15.0,0.0,6.0,7.0,,,,,3.0,1.0,1.0,,,,,,,,,,,,,,,,,,,,,,,,,,,,,
2024-2025,Bundesliga,9kd9xpv9glq7whrmztrixu9sk,T. Drexler,Hoffenheim,4,Forward,8,5,3,4,387,180.0,153.0,153.0,11.0,68.0,252.0,142.0,26.0,11.0,,9.0,1.0,,61.0,7.0,17.0,9.0,31.0,,,,10.0,16.0,2.0,14.0,2.0,,17.0,10.0,13.0,12.0,1.0,1.0,,8.0,2.0,7.0,5.0,2.0,2.0,,,1.0,2.0,,,,,,4.0,,,,,1.0,,,
2024-2025,Bundesliga,a9jc36ub52lh0jgq2ya56wyui,V. Gendrey,Hoffenheim,15,Forward,22,14,8,6,1532,690.0,469.0,469.0,58.0,216.0,991.0,424.0,166.0,71.0,,53.0,15.0,,210.0,15.0,43.0,41.0,93.0,,,,52.0,133.0,27.0,50.0,26.0,,30.0,18.0,326.0,24.0,38.0,38.0,124.0,12.0,1.0,12.0,11.0,14.0,9.0,4.0,10.0,12.0,5.0,1.0,1.0,13.0,13.0,3.0,6.0,,1.0,,,,,,
2024-2025,Bundesliga,f3v95yyj6j7h7qpprxm4zlre1,D. Geiger,Hoffenheim,8,Forward,20,7,13,5,844,362.0,313.0,313.0,10.0,105.0,502.0,306.0,41.0,7.0,,6.0,7.0,,146.0,15.0,33.0,17.0,39.0,,,,35.0,36.0,10.0,6.0,2.0,,24.0,13.0,105.0,4.0,2.0,1.0,20.0,26.0,4.0,11.0,8.0,13.0,4.0,3.0,5.0,11.0,1.0,,,3.0,2.0,4.0,3.0,,,2.0,,2.0,,,
2024-2025,Bundesliga,d9jj0525pm3nu9vqewtpo2rpx,M. Berisha,Hoffenheim,10,Forward,13,3,10,3,436,65.0,45.0,45.0,1.0,15.0,151.0,44.0,15.0,1.0,,3.0,,,24.0,6.0,12.0,9.0,30.0,,,,11.0,18.0,5.0,18.0,3.0,,4.0,1.0,73.0,15.0,4.0,4.0,28.0,7.0,2.0,3.0,6.0,2.0,8.0,4.0,5.0,2.0,4.0,1.0,1.0,,,3.0,8.0,,1.0,,,3.0,,,
2024-2025,Bundesliga,e4vr28e9cbq3q5nux1jlpuuei,A. Hložek,Hoffenheim,23,Forward,27,22,5,9,1999,508.0,344.0,344.0,17.0,109.0,981.0,331.0,141.0,18.0,,20.0,4.0,,200.0,43.0,90.0,83.0,169.0,,,,66.0,139.0,30.0,79.0,40.0,,22.0,12.0,457.0,39.0,16.0,16.0,195.0,15.0,2.0,10.0,37.0,12.0,47.0,23.0,35.0,20.0,24.0,8.0,8.0,4.0,4.0,33.0,13.0,,5.0,,,1.0,,,
2024-2025,Bundesliga,24vsicnsc44o2mr9jk0qjvb2t,H. Tabaković,Hoffenheim,26,Forward,22,6,16,5,941,213.0,133.0,133.0,2.0,27.0,440.0,132.0,73.0,,,16.0,1.0,,81.0,5.0,16.0,50.0,98.0,,,,13.0,76.0,8.0,82.0,45.0,,3.0,2.0,203.0,37.0,3.0,3.0,101.0,15.0,,1.0,10.0,2.0,21.0,11.0,9.0,6.0,10.0,3.0,3.0,1.0,1.0,4.0,11.0,2.0,1.0,,,,,,
2024-2025,Bundesliga,9dnrpl2c7n769i8nbfnboq2tx,J. Bruun Larsen,Hoffenheim,29,Forward,27,6,21,6,966,326.0,224.0,224.0,15.0,64.0,518.0,221.0,63.0,12.0,,6.0,2.0,,145.0,21.0,52.0,29.0,69.0,,,,27.0,77.0,4.0,17.0,8.0,,5.0,1.0,278.0,9.0,26.0,19.0,125.0,4.0,1.0,4.0,12.0,11.0,16.0,7.0,30.0,14.0,9.0,3.0,3.0,12.0,9.0,17.0,5.0,2.0,2.0,10.0,,4.0,,,
2024-2025,Bundesliga,spjwukiya1mdmpbk7f4baolw,M. Moerstedt,Hoffenheim,33,Forward,12,5,7,5,514,103.0,69.0,69.0,1.0,18.0,222.0,68.0,32.0,4.0,,5.0,,,40.0,6.0,9.0,22.0,47.0,,,,11.0,29.0,10.0,38.0,16.0,,5.0,,116.0,22.0,1.0,1.0,55.0,6.0,2.0,5.0,11.0,4.0,6.0,2.0,3.0,5.0,4.0,,,,,1.0,6.0,,,,,1.0,,,
2024-2025,Bundesliga,9xbl325job7p6u215tb79kcq2,N. Labrović,Augsburg,22,Forward,15,15,0,0,1469,504.0,354.0,354.0,101.0,290.0,550.0,253.0,148.0,145.0,12.0,12.0,,42.0,4.0,0.0,0.0,6.0,7.0,32.0,2.0,15.0,14.0,3.0,2.0,7.0,6.0,8.0,,,,1.0,,,,,,,,,,,,,,,,,,,,,,,,,,,
2024-2025,Bundesliga,5irixhhyayq9yl7sb2kohjrv9,M. Wolf,Augsburg,11,Midfielder,32,28,4,23,2207,1205.0,785.0,785.0,113.0,317.0,1580.0,713.0,286.0,92.0,,51.0,24.0,,395.0,35.0,74.0,43.0,90.0,,,,82.0,275.0,14.0,16.0,8.0,,27.0,11.0,577.0,8.0,81.0,60.0,235.0,19.0,2.0,16.0,16.0,24.0,7.0,5.0,28.0,36.0,2.0,1.0,1.0,41.0,24.0,19.0,10.0,,3.0,38.0,,3.0,,,
2024-2025,Bundesliga,8sms9gmdoqxv60nckpyqxflqt,D. Giannoulis,Augsburg,13,Midfielder,31,31,0,6,2834,1440.0,1036.0,1036.0,107.0,387.0,2024.0,969.0,274.0,98.0,,75.0,47.0,,512.0,61.0,133.0,70.0,165.0,,,,136.0,262.0,20.0,32.0,9.0,,47.0,15.0,658.0,23.0,86.0,82.0,267.0,17.0,8.0,32.0,13.0,38.0,9.0,5.0,57.0,35.0,4.0,1.0,1.0,40.0,31.0,29.0,15.0,,4.0,13.0,,2.0,,,
2024-2025,Bundesliga,6qujoqysad60h70f3ac5n9ch6,K. Schlotterbeck,Augsburg,31,Defender,18,15,3,3,1428,683.0,576.0,576.0,44.0,310.0,962.0,533.0,101.0,54.0,,73.0,15.0,,172.0,20.0,22.0,60.0,80.0,,,,55.0,49.0,11.0,58.0,40.0,,19.0,2.0,72.0,18.0,2.0,2.0,30.0,10.0,3.0,17.0,,7.0,10.0,6.0,,7.0,4.0,3.0,3.0,1.0,1.0,3.0,8.0,1.0,1.0,,,2.0,,1.0,1.0
2024-2025,Bundesliga,tedxo29s8xx0a71z6sidw7v9,J. Gouweleeuw,Augsburg,6,Defender,33,33,0,1,3183,1694.0,1397.0,1397.0,142.0,748.0,2326.0,1258.0,274.0,135.0,,183.0,35.0,,392.0,35.0,63.0,97.0,160.0,,,,141.0,153.0,13.0,97.0,62.0,,50.0,22.0,169.0,35.0,14.0,14.0,64.0,22.0,9.0,28.0,6.0,19.0,16.0,11.0,6.0,9.0,5.0,1.0,1.0,3.0,3.0,7.0,17.0,1.0,4.0,,,3.0,,,
2024-2025,Bundesliga,cyz9jisw86vjjf85xxgbae0yy,C. Matsima,Augsburg,5,Defender,30,28,2,2,2750,1324.0,1138.0,1138.0,46.0,513.0,1931.0,1093.0,177.0,49.0,,163.0,52.0,,429.0,27.0,43.0,95.0,139.0,,,,143.0,130.0,10.0,96.0,68.0,,31.0,11.0,171.0,28.0,2.0,2.0,48.0,10.0,4.0,20.0,9.0,19.0,15.0,12.0,5.0,5.0,3.0,1.0,1.0,1.0,1.0,7.0,29.0,,1.0,,,2.0,,,
2024-2025,Bundesliga,34b0oqo4725okjxxngin9piw9,F. Onyeka,Augsburg,19,Midfielder,31,30,1,12,2721,1019.0,845.0,845.0,37.0,269.0,1583.0,815.0,149.0,36.0,,36.0,36.0,,413.0,63.0,114.0,79.0,151.0,,,,147.0,127.0,74.0,37.0,16.0,,58.0,13.0,387.0,21.0,14.0,13.0,88.0,47.0,8.0,45.0,34.0,27.0,16.0,10.0,38.0,16.0,6.0,,,7.0,6.0,18.0,17.0,,1.0,2.0,,2.0,,,
2024-2025,Bundesliga,3er9krmf0k6dhv6f9ltztfend,A. Maier,Augsburg,10,Forward,28,7,21,7,1122,588.0,423.0,423.0,39.0,131.0,805.0,411.0,88.0,34.0,,14.0,6.0,,241.0,14.0,30.0,18.0,41.0,,,,72.0,102.0,7.0,11.0,4.0,,13.0,6.0,297.0,7.0,48.0,21.0,114.0,9.0,,7.0,9.0,14.0,12.0,6.0,10.0,18.0,6.0,,,27.0,8.0,7.0,7.0,,1.0,46.0,,2.0,1.0,1.0,
2024-2025,Bundesliga,dg6vrx8k026l7f8ytbu1xxj9x,P. Tietz,Augsburg,21,Forward,34,19,15,15,1827,481.0,298.0,298.0,4.0,64.0,927.0,296.0,180.0,11.0,,26.0,5.0,,181.0,21.0,43.0,99.0,206.0,,,,48.0,169.0,12.0,163.0,78.0,,11.0,5.0,405.0,85.0,,,136.0,36.0,4.0,6.0,17.0,9.0,44.0,24.0,17.0,19.0,20.0,7.0,6.0,2.0,1.0,15.0,9.0,,2.0,1.0,1.0,1.0,,,
2024-2025,Bundesliga,eolso19u03zxw2pca2i95v4dl,A. Claude-Maurice,Augsburg,20,Forward,28,25,3,18,2180,655.0,537.0,537.0,19.0,126.0,1207.0,524.0,97.0,14.0,,8.0,15.0,,342.0,68.0,133.0,82.0,170.0,,,,72.0,98.0,42.0,37.0,14.0,,41.0,15.0,490.0,23.0,15.0,15.0,127.0,26.0,4.0,26.0,50.0,16.0,45.0,23.0,50.0,18.0,22.0,9.0,9.0,6.0,6.0,42.0,14.0,,2.0,,,3.0,,,
2024-2025,Bundesliga,a3ib09ji7qsz6cgj3vmz5qort,K. Jakić,Augsburg,17,Midfielder,31,27,4,7,2477,1085.0,899.0,899.0,61.0,361.0,1602.0,839.0,172.0,38.0,,50.0,28.0,,328.0,37.0,76.0,72.0,141.0,,,,133.0,146.0,28.0,65.0,35.0,,46.0,23.0,313.0,30.0,12.0,12.0,93.0,23.0,2.0,23.0,21.0,33.0,12.0,8.0,16.0,16.0,4.0,,,1.0,1.0,14.0,15.0,,3.0,,,4.0,,,
2024-2025,Bundesliga,d2gbcc336c4zatpiif4cvm2fp,F. Dahmen,Augsburg,1,Goalkeeper,19,19,0,0,1847,761.0,528.0,528.0,165.0,406.0,824.0,363.0,231.0,229.0,9.0,9.0,,65.0,25.0,0.0,1.0,5.0,6.0,19.0,9.0,19.0,33.0,2.0,1.0,5.0,5.0,13.0,1.0,1.0,,,,,,,,,,,,,,,,,,,,,,,,,,,,,
2024-2025,Bundesliga,egmcpa7j5clzga5m0zvg2f105,M. Pedersen,Augsburg,3,Forward,7,2,5,1,279,90.0,69.0,69.0,11.0,31.0,143.0,59.0,16.0,7.0,,6.0,2.0,,32.0,9.0,16.0,10.0,19.0,,,,11.0,13.0,1.0,3.0,1.0,,8.0,1.0,52.0,2.0,4.0,4.0,20.0,5.0,,7.0,1.0,4.0,1.0,1.0,6.0,,,,,1.0,1.0,2.0,1.0,,,,,,,,
2024-2025,Bundesliga,bs6f5ag1f47ropxefrybtaktl,M. Bauer,Augsburg,23,Forward,11,8,3,2,731,340.0,273.0,273.0,16.0,143.0,473.0,259.0,62.0,34.0,,35.0,6.0,,91.0,8.0,14.0,27.0,45.0,,,,20.0,30.0,13.0,31.0,19.0,,14.0,6.0,27.0,12.0,2.0,2.0,7.0,7.0,1.0,8.0,2.0,6.0,1.0,,,2.0,1.0,,,2.0,2.0,,4.0,,,,,,,,
2024-2025,Bundesliga,8q92da2e1knj12sqfmg08ibfu,Y. Kabadayı,Augsburg,7,Forward,5,0,5,0,115,25.0,16.0,16.0,,6.0,53.0,16.0,8.0,,,,,,7.0,2.0,8.0,2.0,10.0,,,,6.0,9.0,1.0,2.0,,,1.0,1.0,29.0,2.0,1.0,1.0,11.0,1.0,,,,1.0,3.0,2.0,5.0,1.0,1.0,1.0,1.0,,,2.0,1.0,,,,,,,,
2024-2025,Bundesliga,4j8y1bwt6z8iu98077xqzmvx0,M. Kömür,Augsburg,36,Forward,20,5,15,5,762,221.0,143.0,143.0,13.0,33.0,407.0,146.0,47.0,7.0,,7.0,3.0,,98.0,14.0,27.0,25.0,56.0,,,,32.0,53.0,12.0,29.0,11.0,,3.0,1.0,184.0,18.0,13.0,4.0,72.0,7.0,1.0,2.0,23.0,6.0,10.0,3.0,12.0,10.0,7.0,2.0,2.0,16.0,4.0,12.0,6.0,,1.0,21.0,,,,,
2024-2025,Bundesliga,altc15ozwmzub05s5vkfvu5ii,,Augsburg,42,Forward,0,0,0,0,0,,,,,,,,,,,,,,,0.0,0.0,0.0,0.0,,,,,,,,,,,,,,,,,,,,,,,,,,,,,,,,,,,,,,,,
2024-2025,Bundesliga,8bu0qcj7offuotc82kr2vhafo,H. Koudossou,Augsburg,44,Forward,21,4,17,3,876,359.0,276.0,276.0,17.0,93.0,543.0,266.0,58.0,14.0,,37.0,15.0,,151.0,18.0,35.0,26.0,50.0,,,,39.0,61.0,5.0,15.0,8.0,,18.0,8.0,162.0,7.0,17.0,17.0,58.0,7.0,1.0,10.0,2.0,6.0,,,9.0,6.0,,,,7.0,7.0,8.0,4.0,,,,,,,,
2024-2025,Bundesliga,bf6s84lavpij33riqec7y8445,S. Essende,Augsburg,9,Forward,30,21,9,16,1860,301.0,193.0,193.0,4.0,34.0,789.0,191.0,99.0,1.0,,11.0,,,136.0,20.0,66.0,77.0,196.0,,,,42.0,101.0,34.0,130.0,57.0,,7.0,1.0,354.0,73.0,3.0,3.0,161.0,45.0,4.0,6.0,37.0,11.0,35.0,22.0,45.0,8.0,13.0,7.0,7.0,2.0,2.0,14.0,11.0,3.0,1.0,,,,2.0,2.0,
2024-2025,Bundesliga,5yg9ljo5pf1lo2xk74d0k240l,S. Mounié,Augsburg,15,Forward,16,1,15,1,455,110.0,69.0,69.0,1.0,20.0,230.0,68.0,38.0,5.0,,5.0,1.0,,40.0,5.0,8.0,31.0,59.0,,,,8.0,36.0,5.0,51.0,26.0,,4.0,,133.0,25.0,3.0,3.0,62.0,9.0,2.0,4.0,5.0,,17.0,10.0,3.0,1.0,7.0,1.0,1.0,,,1.0,6.0,,,,,,,,
2024-2025,Bundesliga,5ysw8ditixnietm3lejwmw4id,P. Drewes,Bochum,27,Goalkeeper,21,21,0,0,2040,860.0,565.0,565.0,244.0,495.0,920.0,321.0,293.0,290.0,12.0,11.0,,55.0,3.0,0.0,0.0,3.0,3.0,46.0,2.0,21.0,36.0,3.0,3.0,3.0,3.0,7.0,,,,,,,,1.0,2.0,,,1.0,,,,,,,,,,,,,,,,,,,
2024-2025,Bundesliga,culbbgu1o5fdbl3gxz54rbn4l,F. Passlack,Bochum,15,Midfielder,31,30,1,16,2452,997.0,642.0,642.0,81.0,212.0,1458.0,579.0,239.0,117.0,,63.0,18.0,,339.0,35.0,85.0,45.0,117.0,,,,114.0,217.0,21.0,32.0,10.0,,53.0,30.0,463.0,22.0,95.0,84.0,153.0,29.0,4.0,23.0,12.0,31.0,16.0,10.0,20.0,18.0,6.0,1.0,1.0,18.0,16.0,12.0,21.0,,6.0,13.0,,3.0,,,
2024-2025,Bundesliga,3nins3wtqjz9vt8q06s087vth,G. Holtmann,Bochum,21,Forward,23,12,11,11,1242,411.0,249.0,249.0,28.0,92.0,672.0,242.0,71.0,25.0,,15.0,16.0,,134.0,25.0,44.0,37.0,72.0,,,,49.0,116.0,7.0,28.0,12.0,,24.0,5.0,310.0,16.0,70.0,70.0,121.0,26.0,2.0,19.0,10.0,13.0,22.0,14.0,14.0,18.0,8.0,2.0,2.0,21.0,21.0,6.0,14.0,,1.0,,,,,,
2024-2025,Bundesliga,5gyjq8tsjxk396qt4hqlwn3dh,M. Wittek,Bochum,32,Defender,33,32,1,11,2862,1525.0,1020.0,1020.0,142.0,481.0,2089.0,935.0,332.0,176.0,,89.0,27.0,,462.0,54.0,98.0,77.0,144.0,,,,115.0,267.0,34.0,46.0,23.0,,65.0,23.0,536.0,23.0,111.0,69.0,164.0,34.0,8.0,42.0,12.0,46.0,28.0,21.0,21.0,32.0,7.0,,,57.0,27.0,12.0,21.0,,,72.0,,8.0,,,
2024-2025,Bundesliga,i2nzkd9jxs9mxaati81gcmi1,J. Medić,Bochum,13,Defender,23,17,6,4,1745,763.0,666.0,666.0,44.0,279.0,1100.0,623.0,93.0,39.0,,111.0,22.0,,230.0,13.0,16.0,43.0,73.0,,,,73.0,54.0,7.0,57.0,30.0,,13.0,2.0,52.0,27.0,,,31.0,10.0,2.0,11.0,3.0,11.0,11.0,8.0,1.0,,3.0,1.0,1.0,1.0,1.0,2.0,24.0,,,,,2.0,,,
2024-2025,Bundesliga,f577akgydk4t6ui45iyab2a22,T. Oermann,Bochum,14,Defender,29,26,3,7,2373,936.0,767.0,767.0,53.0,262.0,1349.0,718.0,150.0,73.0,,64.0,22.0,,402.0,37.0,64.0,64.0,128.0,,,,99.0,87.0,8.0,64.0,27.0,,50.0,19.0,122.0,37.0,10.0,10.0,14.0,16.0,,31.0,9.0,16.0,7.0,7.0,8.0,5.0,,,,4.0,4.0,6.0,18.0,,2.0,,,1.0,,,
2024-2025,Bundesliga,4idru0svqcqjpi03b4jhqyd3p,M. Bero,Bochum,19,Midfielder,30,29,1,7,2743,1317.0,855.0,855.0,113.0,338.0,1903.0,781.0,328.0,144.0,,35.0,17.0,,430.0,54.0,120.0,76.0,185.0,,,,164.0,271.0,34.0,65.0,22.0,,65.0,30.0,694.0,43.0,87.0,45.0,272.0,50.0,11.0,35.0,23.0,28.0,20.0,7.0,36.0,42.0,13.0,5.0,5.0,39.0,13.0,19.0,21.0,,2.0,68.0,,7.0,,,
2024-2025,Bundesliga,82r0liyptyapc8rfuo32qcqtx,A. Losilla,Bochum,8,Forward,21,13,8,8,1219,419.0,318.0,318.0,16.0,140.0,654.0,305.0,96.0,33.0,,27.0,18.0,,117.0,17.0,35.0,46.0,87.0,,,,45.0,64.0,9.0,52.0,29.0,,30.0,14.0,105.0,23.0,1.0,1.0,13.0,18.0,1.0,16.0,7.0,15.0,4.0,4.0,4.0,7.0,,,,3.0,3.0,1.0,8.0,,1.0,,,,,,
2024-2025,Bundesliga,d2pco79bmi3f9x3zahtf9q2mt,P. Hofmann,Bochum,33,Forward,32,27,5,14,2410,694.0,440.0,440.0,17.0,108.0,1324.0,424.0,239.0,14.0,,33.0,4.0,,260.0,22.0,37.0,186.0,327.0,,,,52.0,234.0,31.0,290.0,164.0,,17.0,5.0,449.0,126.0,9.0,9.0,169.0,36.0,4.0,12.0,32.0,13.0,33.0,14.0,10.0,20.0,19.0,3.0,3.0,1.0,1.0,10.0,22.0,1.0,2.0,,,2.0,,,
2024-2025,Bundesliga,cb6w7n7n1eh9huwzyzvgmdxih,I. Sissoko,Bochum,6,Midfielder,32,30,2,14,2772,1072.0,798.0,798.0,48.0,297.0,1788.0,756.0,251.0,66.0,,61.0,36.0,,369.0,76.0,133.0,152.0,263.0,,,,154.0,200.0,29.0,130.0,76.0,,66.0,22.0,381.0,54.0,15.0,15.0,120.0,75.0,10.0,44.0,32.0,28.0,21.0,13.0,35.0,20.0,8.0,2.0,2.0,6.0,6.0,32.0,15.0,2.0,1.0,,,4.0,,1.0,1.0
2024-2025,Bundesliga,8vfi7j34a5veeyswn5g5h4tbe,M. Broschinski,Bochum,29,Forward,33,15,18,15,1523,295.0,183.0,183.0,5.0,32.0,739.0,182.0,82.0,10.0,,18.0,1.0,,125.0,28.0,73.0,59.0,146.0,,,,64.0,96.0,18.0,73.0,31.0,,19.0,5.0,364.0,42.0,24.0,24.0,147.0,27.0,1.0,14.0,33.0,18.0,24.0,13.0,40.0,12.0,11.0,1.0,1.0,4.0,4.0,14.0,14.0,,2.0,,,,,,
2024-2025,Bundesliga,224uan6ugjt7b2c1zsxrs2pcl,T. Horn,Bochum,1,Forward,13,13,0,0,1269,499.0,284.0,284.0,149.0,276.0,547.0,135.0,214.0,213.0,6.0,9.0,,33.0,1.0,0.0,0.0,3.0,3.0,22.0,3.0,13.0,25.0,1.0,2.0,3.0,3.0,5.0,,,,,,,,,2.0,,,,,,,1.0,,,,,,,,,,,,,,,
2024-2025,Bundesliga,2earc7j2kp3tveehpnxtv1exh,C. Gamboa,Bochum,2,Forward,12,1,11,1,294,124.0,73.0,73.0,11.0,28.0,167.0,64.0,44.0,24.0,,8.0,2.0,,36.0,3.0,10.0,3.0,11.0,,,,11.0,25.0,3.0,1.0,,,8.0,5.0,34.0,1.0,5.0,5.0,17.0,1.0,1.0,3.0,,2.0,3.0,2.0,2.0,3.0,1.0,1.0,1.0,2.0,2.0,,1.0,,,,,1.0,,,
2024-2025,Bundesliga,8ksi5s9he1uxai3lfcq46grf9,E. Mašović,Bochum,4,Forward,16,10,6,1,1017,422.0,349.0,349.0,31.0,186.0,610.0,318.0,70.0,28.0,,55.0,12.0,,113.0,10.0,15.0,32.0,52.0,,,,32.0,42.0,4.0,37.0,22.0,,14.0,4.0,31.0,15.0,,,18.0,12.0,2.0,10.0,3.0,6.0,7.0,3.0,1.0,3.0,4.0,1.0,1.0,,,,11.0,1.0,1.0,,,1.0,,,
2024-2025,Bundesliga,8gnpf9kwx2n2rqwf1gixc4bth,I. Ordets,Bochum,20,Defender,22,21,1,4,1987,885.0,708.0,708.0,62.0,339.0,1362.0,646.0,173.0,64.0,,139.0,41.0,,240.0,9.0,19.0,104.0,159.0,,,,77.0,109.0,19.0,140.0,95.0,,18.0,10.0,101.0,45.0,,,84.0,22.0,6.0,8.0,,13.0,5.0,5.0,,6.0,,,,,,1.0,22.0,,1.0,,,,,,
2024-2025,Bundesliga,281f7899ialr1z6l51mitpp7t,L. Daschner,Bochum,7,Forward,14,3,11,3,481,144.0,88.0,88.0,12.0,34.0,251.0,81.0,37.0,12.0,,5.0,,,37.0,7.0,21.0,11.0,33.0,,,,17.0,39.0,2.0,12.0,4.0,,4.0,2.0,99.0,8.0,14.0,9.0,32.0,4.0,,2.0,2.0,5.0,8.0,3.0,12.0,5.0,5.0,1.0,1.0,5.0,3.0,5.0,1.0,,1.0,7.0,,3.0,,,
2024-2025,Bundesliga,8ymqihdfqc7esda7y407lebx1,D. de Wit,Bochum,10,Forward,28,11,17,6,1302,411.0,293.0,293.0,10.0,86.0,685.0,286.0,106.0,11.0,,23.0,12.0,,160.0,18.0,37.0,59.0,126.0,,,,36.0,100.0,12.0,89.0,41.0,,29.0,12.0,187.0,48.0,5.0,5.0,76.0,24.0,1.0,17.0,3.0,13.0,15.0,8.0,7.0,7.0,7.0,2.0,2.0,3.0,3.0,1.0,9.0,,,,,1.0,,,
2024-2025,Bundesliga,69h3ptp3ncyrhsgf5hsy935rd,,Bochum,17,Forward,0,0,0,0,0,,,,,,,,,,,,,,,0.0,0.0,0.0,0.0,,,,,,,,,,,,,,,,,,,,,,,,,,,,,,,,,,,,,,,,
2024-2025,Bundesliga,5tsrmx2p5f3mrpwt8gpx4x979,K. Miyoshi,Bochum,23,Forward,15,6,9,5,601,130.0,77.0,77.0,3.0,27.0,248.0,74.0,44.0,10.0,,2.0,2.0,,33.0,10.0,24.0,12.0,39.0,,,,22.0,43.0,4.0,15.0,2.0,,8.0,3.0,102.0,13.0,9.0,7.0,38.0,10.0,,5.0,5.0,9.0,8.0,3.0,11.0,4.0,5.0,1.0,1.0,,,5.0,5.0,,,2.0,,4.0,1.0,1.0,
2024-2025,Bundesliga,8gyn2cp2fm1afyh9olhem2bro,M. Pannewig,Bochum,24,Forward,14,2,12,2,342,121.0,91.0,91.0,3.0,32.0,230.0,88.0,26.0,5.0,,8.0,2.0,,38.0,7.0,13.0,12.0,28.0,,,,24.0,24.0,1.0,15.0,5.0,,10.0,4.0,59.0,10.0,3.0,2.0,22.0,5.0,1.0,6.0,8.0,7.0,7.0,4.0,2.0,,3.0,,,,,1.0,3.0,,,1.0,,1.0,,,
2024-2025,Bundesliga,cg6h7oq0b5zpx1g4brhzyk1xx,L. Hrádecký,Bayer Leverkusen,1,Goalkeeper,29,29,0,0,2845,912.0,687.0,687.0,188.0,591.0,996.0,499.0,222.0,213.0,12.0,8.0,,85.0,12.0,0.0,0.0,1.0,2.0,38.0,6.0,29.0,70.0,9.0,2.0,2.0,1.0,2.0,,,,1.0,,,,,1.0,,,,,,,,,,,,,,,,,,,,,,
2024-2025,Bundesliga,9qo448ueot8pfc5oqo378wag9,J. Frimpong,Bayer Leverkusen,30,Midfielder,33,25,8,15,2464,940.0,693.0,693.0,34.0,115.0,1390.0,681.0,129.0,45.0,,22.0,8.0,,518.0,50.0,115.0,63.0,154.0,,,,84.0,178.0,31.0,39.0,13.0,,33.0,8.0,744.0,26.0,94.0,94.0,338.0,20.0,4.0,25.0,26.0,25.0,28.0,12.0,57.0,26.0,16.0,5.0,5.0,22.0,22.0,25.0,6.0,,5.0,,,,,,
2024-2025,Bundesliga,12f4mz064elnxecq2srl7r6j9,Álex Grimaldo,Bayer Leverkusen,20,Midfielder,32,31,1,10,2851,2094.0,1613.0,1613.0,101.0,416.0,2586.0,1599.0,242.0,108.0,,43.0,16.0,,1068.0,34.0,81.0,50.0,114.0,,,,142.0,281.0,25.0,33.0,16.0,,24.0,10.0,1160.0,17.0,147.0,98.0,420.0,15.0,5.0,14.0,13.0,19.0,29.0,16.0,37.0,53.0,13.0,2.0,1.0,87.0,31.0,20.0,18.0,,7.0,105.0,1.0,4.0,,1.0,1.0
2024-2025,Bundesliga,4foax2b7unlkev1eq6py86lii,P. Hincapié,Bayer Leverkusen,3,Defender,32,28,4,3,2903,2110.0,1846.0,1846.0,89.0,803.0,2665.0,1766.0,220.0,94.0,,114.0,32.0,,689.0,45.0,69.0,110.0,177.0,,,,105.0,154.0,43.0,108.0,65.0,,52.0,12.0,382.0,43.0,28.0,28.0,130.0,26.0,8.0,40.0,5.0,20.0,13.0,9.0,12.0,11.0,4.0,2.0,2.0,9.0,9.0,5.0,30.0,1.0,2.0,,,2.0,,,
2024-2025,Bundesliga,5ec2ede9uwbft3wby33mwowyd,J. Tah,Bayer Leverkusen,4,Defender,33,33,0,0,3237,2309.0,2142.0,2142.0,79.0,1123.0,2898.0,2066.0,158.0,65.0,,157.0,36.0,,494.0,15.0,24.0,92.0,124.0,,,,165.0,96.0,5.0,100.0,77.0,,19.0,7.0,170.0,23.0,3.0,3.0,74.0,16.0,3.0,12.0,10.0,6.0,16.0,9.0,2.0,4.0,7.0,3.0,3.0,3.0,3.0,3.0,24.0,2.0,,,,2.0,,,
2024-2025,Bundesliga,djha3ac2mfhyb7oia64hq2nd,E. Tapsoba,Bayer Leverkusen,12,Defender,29,29,0,5,2702,1972.0,1701.0,1701.0,115.0,775.0,2439.0,1588.0,262.0,116.0,,89.0,24.0,,609.0,35.0,60.0,89.0,146.0,,,,124.0,152.0,6.0,86.0,54.0,,39.0,15.0,276.0,32.0,6.0,6.0,53.0,34.0,4.0,24.0,5.0,7.0,16.0,13.0,10.0,4.0,3.0,,,2.0,2.0,11.0,20.0,,,,,1.0,,,
2024-2025,Bundesliga,4tev0kk0om8cr1xbwpt8bozit,R. Andrich,Bayer Leverkusen,8,Midfielder,23,19,4,10,1698,978.0,865.0,865.0,35.0,260.0,1226.0,830.0,99.0,34.0,,23.0,29.0,,409.0,14.0,29.0,35.0,62.0,,,,73.0,77.0,17.0,33.0,21.0,,24.0,12.0,231.0,12.0,12.0,12.0,33.0,29.0,7.0,12.0,1.0,8.0,13.0,8.0,3.0,10.0,5.0,2.0,2.0,,,2.0,16.0,,2.0,,,2.0,,,
2024-2025,Bundesliga,6264xjr1y00yu7b9j2pknalzp,G. Xhaka,Bayer Leverkusen,34,Midfielder,33,33,0,4,3116,2818.0,2523.0,2523.0,156.0,949.0,3323.0,2373.0,255.0,65.0,,52.0,12.0,,1109.0,33.0,64.0,74.0,131.0,,,,179.0,214.0,34.0,67.0,41.0,,48.0,22.0,744.0,26.0,24.0,23.0,47.0,33.0,3.0,26.0,14.0,23.0,16.0,12.0,9.0,46.0,4.0,2.0,2.0,6.0,6.0,7.0,13.0,,7.0,1.0,,8.0,,,
2024-2025,Bundesliga,c0ewvrtk657uw4t5rlv87mq51,P. Schick,Bayer Leverkusen,14,Forward,31,19,12,11,1853,368.0,287.0,287.0,1.0,42.0,746.0,286.0,79.0,1.0,,17.0,4.0,,210.0,15.0,34.0,60.0,134.0,,,,29.0,79.0,23.0,100.0,45.0,,6.0,1.0,355.0,55.0,1.0,1.0,171.0,24.0,4.0,5.0,30.0,8.0,57.0,24.0,18.0,10.0,33.0,21.0,20.0,,,10.0,13.0,6.0,,,1.0,,,,
2024-2025,Bundesliga,7kjhx78gpi6m3r4j1b4jdyh91,J. Hofmann,Bayer Leverkusen,7,Forward,11,4,7,4,399,191.0,164.0,164.0,7.0,30.0,237.0,160.0,18.0,3.0,,3.0,,,117.0,2.0,6.0,2.0,10.0,,,,11.0,20.0,9.0,4.0,,,2.0,2.0,114.0,4.0,5.0,4.0,30.0,1.0,1.0,,2.0,2.0,6.0,1.0,2.0,7.0,5.0,2.0,2.0,3.0,,2.0,3.0,1.0,1.0,4.0,,1.0,,,
2024-2025,Bundesliga,2k5g68ywtr79lc45wozvifqlm,F. Wirtz,Bayer Leverkusen,10,Forward,31,25,6,9,2544,1749.0,1335.0,1335.0,45.0,345.0,2395.0,1325.0,282.0,35.0,,6.0,9.0,,798.0,102.0,202.0,111.0,247.0,,,,113.0,334.0,39.0,45.0,9.0,,32.0,12.0,1318.0,36.0,87.0,70.0,403.0,22.0,3.0,20.0,47.0,29.0,54.0,15.0,88.0,53.0,39.0,10.0,8.0,35.0,10.0,82.0,27.0,,13.0,42.0,2.0,26.0,,,
2024-2025,Bundesliga,cs4aca71qkt1ru20ppmi6djl6,M. Kovář,Bayer Leverkusen,17,Forward,5,5,0,0,487,147.0,123.0,123.0,21.0,91.0,157.0,102.0,23.0,23.0,2.0,,,12.0,4.0,0.0,0.0,1.0,2.0,5.0,3.0,5.0,6.0,,1.0,2.0,1.0,2.0,,,,1.0,,,,,,,,,,,,,,,,,,,,,,,,,,,
2024-2025,Bundesliga,byk5vhf9l112i7hhy1clravp,,Bayer Leverkusen,36,Forward,0,0,0,0,0,,,,,,,,,,,,,,,0.0,0.0,0.0,0.0,,,,,,,,,,,,,,,,,,,,,,,,,,,,,,,,,,,,,,,,
2024-2025,Bundesliga,9rglo47kroo6ob6gy7i4poqok,Arthur,Bayer Leverkusen,13,Forward,20,7,13,5,868,388.0,304.0,304.0,12.0,81.0,575.0,294.0,67.0,18.0,,29.0,9.0,,175.0,16.0,42.0,26.0,64.0,,,,31.0,63.0,6.0,22.0,10.0,,14.0,3.0,177.0,12.0,14.0,14.0,59.0,20.0,1.0,11.0,6.0,8.0,,,23.0,2.0,,,,2.0,2.0,5.0,1.0,,1.0,,,,,,
2024-2025,Bundesliga,2udtmz4lvh4vil16mxvo0j4l,Aleix García,Bayer Leverkusen,24,Forward,28,17,11,8,1618,1390.0,1170.0,1170.0,104.0,449.0,1597.0,1108.0,115.0,51.0,,24.0,11.0,,532.0,11.0,19.0,14.0,30.0,,,,69.0,125.0,9.0,11.0,3.0,,13.0,6.0,463.0,8.0,61.0,32.0,101.0,8.0,3.0,7.0,5.0,10.0,8.0,3.0,2.0,23.0,5.0,3.0,3.0,42.0,13.0,4.0,9.0,,5.0,58.0,,2.0,,,
2024-2025,Bundesliga,6rg37ej1x7pwi7r4aq1107pih,E. Palacios,Bayer Leverkusen,25,Forward,24,11,13,5,1295,1023.0,918.0,918.0,19.0,307.0,1271.0,903.0,99.0,13.0,,15.0,13.0,,422.0,23.0,34.0,24.0,43.0,,,,76.0,87.0,18.0,9.0,1.0,,22.0,7.0,376.0,8.0,1.0,1.0,31.0,9.0,2.0,15.0,20.0,13.0,10.0,2.0,4.0,26.0,8.0,1.0,1.0,4.0,3.0,8.0,4.0,,7.0,1.0,,9.0,,,
2024-2025,Bundesliga,dt8k9pwcj3zktd8xk3ai98vyt,N. Tella,Bayer Leverkusen,19,Forward,27,17,10,16,1443,343.0,254.0,254.0,5.0,39.0,638.0,251.0,61.0,9.0,,10.0,4.0,,187.0,30.0,70.0,41.0,106.0,,,,37.0,75.0,32.0,36.0,11.0,,16.0,5.0,345.0,25.0,23.0,23.0,155.0,22.0,1.0,11.0,16.0,14.0,17.0,7.0,35.0,13.0,10.0,2.0,2.0,2.0,2.0,19.0,12.0,,4.0,,,2.0,,,
2024-2025,Bundesliga,a6cke0ad2pvuyahweuch772ay,V. Boniface,Bayer Leverkusen,22,Forward,19,12,7,12,1054,245.0,170.0,170.0,10.0,35.0,527.0,162.0,67.0,3.0,,5.0,,,114.0,19.0,44.0,51.0,98.0,,,,28.0,68.0,8.0,54.0,32.0,,5.0,1.0,269.0,22.0,4.0,4.0,122.0,14.0,2.0,4.0,28.0,1.0,39.0,21.0,24.0,9.0,18.0,8.0,8.0,2.0,2.0,15.0,12.0,1.0,1.0,,,1.0,,,
2024-2025,Bundesliga,aukfviev3jufl7zdophhttyqc,,Bayer Leverkusen,40,Forward,0,0,0,0,0,,,,,,,,,,,,,,,0.0,0.0,0.0,0.0,,,,,,,,,,,,,,,,,,,,,,,,,,,,,,,,,,,,,,,,
2024-2025,Bundesliga,3u86fbw1xj6g51hlm20iruok,,Bayer Leverkusen,47,Forward,0,0,0,0,0,,,,,,,,,,,,,,,0.0,0.0,0.0,0.0,,,,,,,,,,,,,,,,,,,,,,,,,,,,,,,,,,,,,,,,
2024-2025,Bundesliga,7llxni56g8q0yt33vhp1pt3o5,M. Zetterer,Werder Bremen,1,Goalkeeper,34,34,0,0,3323,1315.0,1028.0,1028.0,242.0,800.0,1396.0,786.0,283.0,272.0,35.0,10.0,1.0,104.0,21.0,1.0,1.0,9.0,10.0,57.0,10.0,34.0,42.0,11.0,6.0,9.0,8.0,14.0,,,,1.0,,,,,2.0,,,1.0,,,,,,,,,,1.0,,,,,,,,,
2024-2025,Bundesliga,f14n6d52p37nkvoo5n3i52x2h,F. Agu,Werder Bremen,27,Midfielder,22,21,1,12,1831,822.0,641.0,641.0,56.0,185.0,1188.0,599.0,130.0,28.0,,48.0,21.0,,368.0,23.0,67.0,44.0,118.0,,,,67.0,137.0,43.0,51.0,21.0,,30.0,16.0,296.0,30.0,35.0,35.0,116.0,11.0,1.0,14.0,12.0,18.0,8.0,3.0,28.0,14.0,5.0,3.0,3.0,14.0,14.0,9.0,11.0,,,,,,,,
2024-2025,Bundesliga,2znc8bmjc183pmz1xe1j8z0fd,D. Köhn,Werder Bremen,19,Forward,27,14,13,13,1450,733.0,575.0,575.0,27.0,122.0,1013.0,554.0,99.0,29.0,,26.0,10.0,,381.0,25.0,70.0,33.0,91.0,,,,57.0,122.0,19.0,21.0,8.0,,20.0,10.0,344.0,13.0,52.0,47.0,144.0,14.0,2.0,10.0,12.0,17.0,7.0,3.0,35.0,15.0,4.0,2.0,2.0,6.0,6.0,15.0,10.0,,3.0,5.0,,1.0,,,
2024-2025,Bundesliga,8nug6t1cmn9pwhnwdf6nyhrrp,A. Jung,Werder Bremen,3,Defender,28,20,8,5,2068,1512.0,1352.0,1352.0,62.0,638.0,1840.0,1292.0,153.0,55.0,,77.0,25.0,,461.0,29.0,43.0,63.0,97.0,,,,81.0,100.0,15.0,54.0,34.0,,34.0,12.0,81.0,20.0,2.0,2.0,7.0,9.0,1.0,22.0,2.0,9.0,1.0,1.0,2.0,1.0,,,,2.0,2.0,7.0,14.0,,,,,,,,
2024-2025,Bundesliga,aaoycxwi9jny6flm4apz8a2uh,M. Friedl,Werder Bremen,32,Defender,26,25,1,3,2374,1468.0,1323.0,1323.0,95.0,604.0,2010.0,1229.0,140.0,71.0,,130.0,34.0,,355.0,48.0,71.0,94.0,160.0,,,,141.0,70.0,16.0,89.0,46.0,,62.0,20.0,49.0,43.0,1.0,1.0,14.0,26.0,9.0,42.0,7.0,17.0,5.0,,3.0,3.0,5.0,,,1.0,1.0,6.0,25.0,,,,,,1.0,2.0,1.0
2024-2025,Bundesliga,6kge6vcoa9ocnh6tb8qznfzkl,M. Veljković,Werder Bremen,13,Defender,14,11,3,2,1127,648.0,559.0,559.0,58.0,264.0,807.0,504.0,77.0,44.0,,47.0,2.0,,214.0,5.0,10.0,29.0,52.0,,,,32.0,39.0,3.0,42.0,24.0,,10.0,5.0,50.0,18.0,6.0,6.0,9.0,5.0,1.0,5.0,2.0,5.0,1.0,,,2.0,1.0,,,3.0,3.0,,10.0,,1.0,,,,,,
2024-2025,Bundesliga,14fw7p4fzaxprndgxnx0gxgbt,J. Stage,Werder Bremen,6,Midfielder,28,26,2,9,2358,998.0,763.0,763.0,50.0,264.0,1465.0,718.0,208.0,60.0,,42.0,18.0,,392.0,38.0,68.0,72.0,128.0,,,,114.0,166.0,30.0,60.0,34.0,,49.0,19.0,361.0,26.0,18.0,18.0,129.0,38.0,10.0,30.0,10.0,34.0,33.0,18.0,11.0,19.0,15.0,10.0,10.0,5.0,5.0,8.0,21.0,4.0,7.0,,,7.0,,,
2024-2025,Bundesliga,39tod1iad3ztq17qveh8pwp9l,S. Lynen,Werder Bremen,14,Midfielder,32,32,0,15,2862,1326.0,1098.0,1098.0,41.0,371.0,2003.0,1058.0,218.0,59.0,,75.0,65.0,,507.0,51.0,100.0,76.0,153.0,,,,191.0,163.0,25.0,53.0,25.0,,72.0,33.0,248.0,28.0,4.0,4.0,17.0,38.0,9.0,39.0,15.0,43.0,12.0,9.0,16.0,7.0,3.0,,,1.0,1.0,12.0,25.0,,2.0,,,2.0,,,
2024-2025,Bundesliga,5ndmhtdu5jfgvzuddd7fu2fh1,M. Ducksch,Werder Bremen,7,Forward,32,30,2,21,2510,908.0,500.0,500.0,67.0,162.0,1245.0,493.0,217.0,71.0,,26.0,8.0,,325.0,14.0,30.0,33.0,78.0,,,,65.0,269.0,17.0,48.0,19.0,,10.0,3.0,614.0,29.0,123.0,57.0,307.0,6.0,3.0,7.0,11.0,8.0,52.0,23.0,13.0,51.0,29.0,8.0,6.0,60.0,21.0,7.0,22.0,1.0,10.0,105.0,2.0,8.0,,,
2024-2025,Bundesliga,68rs7juin2mmdok00hw6uvre2,J. Njinmah,Werder Bremen,11,Forward,26,10,16,9,1086,243.0,146.0,146.0,10.0,37.0,422.0,140.0,77.0,6.0,,1.0,3.0,,84.0,13.0,37.0,28.0,72.0,,,,20.0,86.0,17.0,35.0,15.0,,6.0,4.0,248.0,20.0,15.0,15.0,111.0,7.0,1.0,2.0,7.0,5.0,24.0,16.0,20.0,13.0,8.0,3.0,3.0,4.0,4.0,11.0,7.0,2.0,2.0,,,1.0,,,
2024-2025,Bundesliga,b4q9q0qgmtz959rygieg9ln1l,R. Schmid,Werder Bremen,20,Midfielder,32,32,0,12,3000,1663.0,1183.0,1183.0,75.0,494.0,2316.0,1164.0,314.0,74.0,,9.0,11.0,,558.0,70.0,143.0,93.0,194.0,,,,167.0,333.0,42.0,51.0,23.0,,43.0,18.0,928.0,28.0,93.0,74.0,266.0,28.0,4.0,25.0,55.0,39.0,26.0,12.0,55.0,54.0,14.0,5.0,3.0,56.0,35.0,45.0,25.0,,4.0,40.0,2.0,20.0,,,
2024-2025,Bundesliga,39yc76urwnda0ze6qb9h00ine,,Werder Bremen,30,Forward,0,0,0,0,0,,,,,,,,,,,,,,,0.0,0.0,0.0,0.0,,,,,,,,,,,,,,,,,,,,,,,,,,,,,,,,,,,,,,,,
2024-2025,Bundesliga,5wn1xudozb4s78x0m8ch7vn8q,O. Deman,Werder Bremen,2,Forward,9,0,9,0,136,58.0,37.0,37.0,4.0,18.0,84.0,34.0,15.0,12.0,,4.0,3.0,,15.0,3.0,7.0,7.0,11.0,,,,5.0,8.0,2.0,4.0,4.0,,6.0,3.0,19.0,,5.0,3.0,9.0,1.0,1.0,3.0,,2.0,,,1.0,,,,,1.0,,,1.0,,,3.0,,,,,
2024-2025,Bundesliga,2p48525x4ap9m81g6ode51cyd,N. Stark,Werder Bremen,4,Defender,26,25,1,7,2245,1283.0,1098.0,1098.0,70.0,555.0,1698.0,1028.0,181.0,69.0,,129.0,36.0,,367.0,22.0,34.0,70.0,113.0,,,,73.0,115.0,28.0,79.0,48.0,,33.0,12.0,59.0,31.0,3.0,3.0,21.0,30.0,5.0,21.0,,14.0,12.0,9.0,,,3.0,,,,,1.0,27.0,,,,,,,1.0,1.0
2024-2025,Bundesliga,1psr9ra8k9j4r94p1xixagzbp,A. Pieper,Werder Bremen,5,Forward,23,16,7,8,1622,932.0,789.0,789.0,74.0,331.0,1268.0,716.0,136.0,64.0,,98.0,24.0,,336.0,19.0,35.0,59.0,115.0,,,,56.0,75.0,11.0,80.0,40.0,,32.0,15.0,77.0,40.0,3.0,3.0,21.0,11.0,3.0,17.0,3.0,11.0,5.0,4.0,1.0,4.0,1.0,,,1.0,1.0,2.0,19.0,,,,,2.0,,,
2024-2025,Bundesliga,3tpfqju821lze7myekb40kefo,J. Malatini,Werder Bremen,22,Forward,10,5,5,3,507,302.0,260.0,260.0,8.0,109.0,399.0,253.0,39.0,20.0,,17.0,7.0,,113.0,11.0,14.0,21.0,29.0,,,,19.0,21.0,5.0,15.0,10.0,,11.0,2.0,53.0,5.0,2.0,2.0,14.0,9.0,1.0,9.0,1.0,5.0,2.0,1.0,1.0,2.0,1.0,1.0,1.0,1.0,1.0,2.0,4.0,,1.0,,,1.0,,,
2024-2025,Bundesliga,26nfmfc8p2doisd9p8vtd33dh,L. Bittencourt,Werder Bremen,10,Forward,27,10,17,8,1127,680.0,566.0,566.0,27.0,151.0,875.0,544.0,90.0,26.0,,11.0,15.0,,321.0,10.0,31.0,15.0,51.0,,,,44.0,81.0,19.0,20.0,5.0,,25.0,16.0,213.0,15.0,17.0,12.0,49.0,15.0,3.0,9.0,2.0,8.0,23.0,14.0,5.0,13.0,9.0,2.0,2.0,5.0,3.0,1.0,4.0,,1.0,7.0,,2.0,,,
2024-2025,Bundesliga,1e2hez2ipfx9aqg6h18aao222,S. Alvero,Werder Bremen,28,Forward,12,1,11,1,318,91.0,68.0,68.0,1.0,20.0,163.0,67.0,22.0,2.0,,10.0,2.0,,40.0,8.0,14.0,13.0,22.0,,,,13.0,20.0,5.0,8.0,5.0,,11.0,5.0,25.0,3.0,,,3.0,7.0,1.0,6.0,4.0,4.0,1.0,1.0,1.0,,,,,,,2.0,,,,,,,,,
2024-2025,Bundesliga,8kar47kxxc8f20vc9ul2ez3yt,O. Burke,Werder Bremen,15,Forward,25,9,16,6,1052,299.0,176.0,176.0,4.0,26.0,549.0,175.0,101.0,7.0,,6.0,2.0,,124.0,11.0,25.0,51.0,86.0,,,,26.0,111.0,2.0,61.0,40.0,,11.0,7.0,289.0,21.0,17.0,17.0,129.0,12.0,4.0,4.0,13.0,20.0,24.0,12.0,7.0,12.0,12.0,5.0,5.0,3.0,3.0,7.0,11.0,2.0,,,,,,,
2024-2025,Bundesliga,cmbd33qb8zs7wi7ryhy28yycq,K. Topp,Werder Bremen,42,Forward,19,1,18,1,378,88.0,46.0,46.0,,14.0,191.0,48.0,33.0,1.0,,4.0,1.0,,23.0,4.0,12.0,14.0,37.0,,,,15.0,36.0,6.0,25.0,10.0,,3.0,2.0,113.0,15.0,4.0,4.0,54.0,8.0,1.0,1.0,14.0,,5.0,1.0,6.0,7.0,4.0,2.0,2.0,2.0,2.0,3.0,2.0,,2.0,,,,,,
2024-2025,Bundesliga,e780cuuryoan93kdblrmbvy09,T. Weiner,Holstein Kiel,1,Goalkeeper,25,25,0,0,2447,991.0,682.0,682.0,203.0,517.0,1078.0,479.0,305.0,302.0,27.0,18.0,,85.0,21.0,0.0,0.0,11.0,12.0,61.0,2.0,25.0,43.0,3.0,3.0,12.0,11.0,11.0,,,,1.0,,,,1.0,4.0,,,,,,,,,,,,,,,,,,,,,,
2024-2025,Bundesliga,4xybfmps23nlo5trvgstoftux,T. Becker,Holstein Kiel,17,Defender,30,28,2,5,2649,1025.0,790.0,790.0,114.0,331.0,1515.0,680.0,213.0,103.0,,110.0,17.0,,353.0,45.0,80.0,76.0,149.0,,,,98.0,128.0,9.0,69.0,31.0,,53.0,20.0,164.0,38.0,18.0,18.0,54.0,9.0,2.0,33.0,10.0,13.0,11.0,7.0,15.0,7.0,4.0,,,4.0,4.0,12.0,23.0,,3.0,,,1.0,,,
2024-2025,Bundesliga,3gq68k18hhnaazwonmkyjik15,T. Puchacz,Holstein Kiel,27,Forward,10,5,5,5,432,195.0,126.0,126.0,13.0,37.0,302.0,124.0,31.0,22.0,,11.0,3.0,,75.0,13.0,29.0,17.0,37.0,,,,32.0,36.0,7.0,8.0,4.0,,9.0,5.0,93.0,4.0,27.0,19.0,39.0,2.0,,4.0,5.0,3.0,3.0,2.0,11.0,6.0,1.0,,,11.0,6.0,9.0,2.0,,1.0,13.0,,,,,
2024-2025,Bundesliga,735ufna8vlzsplqzb7les2pnu,M. Geschwill,Holstein Kiel,14,Forward,19,13,6,5,1395,669.0,494.0,494.0,47.0,249.0,921.0,449.0,165.0,76.0,,53.0,30.0,,178.0,23.0,31.0,37.0,66.0,,,,53.0,97.0,8.0,35.0,14.0,,26.0,5.0,76.0,21.0,8.0,8.0,38.0,13.0,2.0,21.0,2.0,5.0,8.0,5.0,3.0,6.0,3.0,1.0,1.0,2.0,2.0,2.0,11.0,,1.0,,,,,,
2024-2025,Bundesliga,4y2eukisdu4njcm1g8jup2h91,P. Erras,Holstein Kiel,4,Defender,10,10,0,2,900,510.0,469.0,469.0,22.0,202.0,682.0,447.0,41.0,14.0,,64.0,9.0,,143.0,5.0,8.0,32.0,51.0,,,,24.0,27.0,,43.0,27.0,,8.0,3.0,36.0,16.0,,,25.0,11.0,2.0,5.0,,2.0,5.0,4.0,,2.0,1.0,1.0,1.0,,,,14.0,1.0,,,,,,,
2024-2025,Bundesliga,6b2ojtcw9m2oefhkb8edieec4,M. Ivezić,Holstein Kiel,6,Defender,23,18,5,3,1819,934.0,803.0,803.0,39.0,363.0,1320.0,764.0,129.0,59.0,,103.0,27.0,,264.0,23.0,36.0,57.0,100.0,,,,71.0,71.0,5.0,64.0,34.0,,29.0,10.0,54.0,30.0,1.0,1.0,34.0,27.0,5.0,19.0,7.0,12.0,4.0,4.0,3.0,3.0,,,,,,4.0,16.0,,1.0,,,1.0,,,
2024-2025,Bundesliga,9km5yidmp0mbjrqqxlapdztre,A. Gigović,Holstein Kiel,37,Midfielder,31,23,8,20,1993,674.0,523.0,523.0,19.0,149.0,1136.0,505.0,133.0,35.0,,33.0,21.0,,296.0,33.0,83.0,51.0,120.0,,,,117.0,111.0,28.0,37.0,18.0,,25.0,12.0,231.0,19.0,13.0,13.0,54.0,22.0,5.0,13.0,23.0,19.0,21.0,11.0,38.0,14.0,10.0,5.0,5.0,1.0,,20.0,6.0,1.0,2.0,1.0,,5.0,,,
2024-2025,Bundesliga,849wrp9wm8cjyrbshlaukyz56,N. Remberg,Holstein Kiel,22,Midfielder,32,26,6,1,2662,970.0,753.0,753.0,67.0,234.0,1564.0,689.0,207.0,58.0,,100.0,29.0,,401.0,32.0,73.0,118.0,211.0,,,,101.0,154.0,46.0,138.0,86.0,,45.0,20.0,168.0,52.0,5.0,5.0,48.0,43.0,11.0,25.0,18.0,26.0,13.0,9.0,21.0,8.0,4.0,,,3.0,3.0,7.0,33.0,,1.0,,,2.0,,,
2024-2025,Bundesliga,cie2ku1rvbvkuemyi4j68b00l,S. Skrzybski,Holstein Kiel,7,Forward,24,15,9,12,1419,446.0,301.0,301.0,25.0,110.0,741.0,287.0,111.0,30.0,,11.0,11.0,,157.0,19.0,46.0,25.0,71.0,,,,58.0,103.0,22.0,25.0,6.0,,19.0,13.0,257.0,19.0,22.0,18.0,93.0,16.0,,6.0,22.0,16.0,21.0,8.0,14.0,20.0,13.0,6.0,5.0,11.0,8.0,13.0,12.0,,3.0,7.0,1.0,5.0,,,
2024-2025,Bundesliga,oy3mdkrur6xfcjrcw2dyghgq,P. Harres,Holstein Kiel,19,Forward,26,17,9,10,1671,265.0,147.0,147.0,10.0,34.0,666.0,140.0,112.0,10.0,,20.0,5.0,,92.0,15.0,37.0,69.0,156.0,,,,40.0,105.0,20.0,119.0,54.0,,10.0,,237.0,65.0,3.0,3.0,104.0,35.0,3.0,10.0,24.0,14.0,30.0,13.0,22.0,8.0,17.0,8.0,8.0,3.0,3.0,5.0,10.0,2.0,1.0,,,,,,
2024-2025,Bundesliga,7m68sk6x5j4izvmi83h2e6kbu,M. Knudsen,Holstein Kiel,24,Midfielder,31,22,9,12,2008,781.0,655.0,655.0,32.0,223.0,1127.0,625.0,116.0,29.0,,45.0,12.0,,326.0,38.0,65.0,48.0,103.0,,,,79.0,93.0,10.0,38.0,10.0,,48.0,19.0,134.0,28.0,6.0,5.0,23.0,28.0,7.0,29.0,10.0,14.0,9.0,5.0,8.0,6.0,4.0,,,2.0,2.0,9.0,7.0,,1.0,1.0,,,,,
2024-2025,Bundesliga,1wc5njhtvcy48rb0mzwyp0wd1,T. Dähne,Holstein Kiel,21,Forward,9,9,0,0,886,395.0,304.0,304.0,63.0,216.0,434.0,241.0,91.0,91.0,15.0,7.0,,37.0,11.0,0.0,0.0,6.0,6.0,19.0,0.0,9.0,15.0,,1.0,6.0,6.0,9.0,,,,,,,,1.0,,,,,,,,,,,,,,,,,,,,,,,
2024-2025,Bundesliga,4xsbyxa01464uqqr8gwg9fff9,M. Komenda,Holstein Kiel,3,Defender,19,17,2,8,1387,751.0,585.0,585.0,57.0,332.0,979.0,535.0,147.0,79.0,,68.0,6.0,,193.0,18.0,27.0,33.0,73.0,,,,37.0,77.0,13.0,46.0,15.0,,26.0,9.0,65.0,31.0,9.0,9.0,25.0,16.0,3.0,17.0,,12.0,2.0,2.0,,7.0,,,,7.0,7.0,1.0,12.0,,,,,1.0,,,
2024-2025,Bundesliga,7yph3v260tw9rfidhtblf59ii,L. Rosenboom,Holstein Kiel,23,Midfielder,26,21,5,9,1854,505.0,322.0,322.0,47.0,116.0,928.0,282.0,162.0,47.0,,71.0,19.0,,173.0,42.0,68.0,72.0,137.0,,,,57.0,126.0,12.0,69.0,30.0,,47.0,12.0,204.0,39.0,11.0,11.0,96.0,19.0,3.0,35.0,13.0,19.0,8.0,3.0,14.0,11.0,5.0,2.0,2.0,7.0,7.0,7.0,13.0,,2.0,,,1.0,,,
2024-2025,Bundesliga,9ixkbogcqd6mpwu74jz7su99m,D. Javorček,Holstein Kiel,33,Forward,13,4,9,4,470,163.0,110.0,110.0,21.0,39.0,241.0,94.0,31.0,21.0,,26.0,5.0,,62.0,4.0,8.0,7.0,18.0,,,,7.0,25.0,6.0,10.0,3.0,,3.0,3.0,58.0,7.0,15.0,9.0,25.0,7.0,2.0,,1.0,4.0,,,1.0,4.0,,,,5.0,2.0,4.0,4.0,,2.0,9.0,,1.0,,,
2024-2025,Bundesliga,5sxkrfms9rya4lpzwdo2aoonp,F. Porath,Holstein Kiel,8,Midfielder,31,20,11,11,2118,731.0,469.0,469.0,77.0,187.0,1155.0,412.0,170.0,94.0,,68.0,20.0,,256.0,42.0,81.0,68.0,132.0,,,,79.0,143.0,37.0,51.0,26.0,,45.0,19.0,315.0,25.0,67.0,62.0,90.0,31.0,3.0,26.0,15.0,18.0,23.0,11.0,20.0,19.0,12.0,2.0,2.0,20.0,16.0,16.0,15.0,,4.0,9.0,,,,,
2024-2025,Bundesliga,3c2wqlde0kovi9hii52egaimt,L. Holtby,Holstein Kiel,10,Forward,25,13,12,10,1361,707.0,529.0,529.0,33.0,177.0,968.0,507.0,125.0,58.0,,26.0,21.0,,279.0,27.0,50.0,35.0,70.0,,,,72.0,105.0,23.0,20.0,8.0,,34.0,14.0,180.0,12.0,38.0,19.0,56.0,13.0,1.0,20.0,8.0,12.0,4.0,4.0,9.0,13.0,,,,11.0,4.0,7.0,5.0,,1.0,26.0,,1.0,1.0,1.0,
2024-2025,Bundesliga,9oiafsom1m94f275ln8zmsmvp,M. Schulz,Holstein Kiel,15,Forward,12,3,9,3,379,165.0,120.0,120.0,9.0,43.0,240.0,119.0,29.0,14.0,,16.0,,,72.0,6.0,10.0,8.0,16.0,,,,18.0,22.0,1.0,6.0,2.0,,6.0,1.0,33.0,4.0,7.0,3.0,13.0,6.0,3.0,5.0,2.0,4.0,2.0,1.0,3.0,1.0,1.0,,,8.0,2.0,1.0,9.0,,,10.0,,,,,
2024-2025,Bundesliga,4o71xxq6qdkhug58a073fxega,S. Machino,Holstein Kiel,18,Forward,32,23,9,15,2101,707.0,443.0,443.0,53.0,142.0,1050.0,401.0,225.0,93.0,,28.0,7.0,,262.0,15.0,30.0,42.0,99.0,,,,50.0,157.0,25.0,69.0,27.0,,8.0,3.0,415.0,42.0,25.0,20.0,162.0,19.0,2.0,5.0,20.0,9.0,41.0,18.0,12.0,27.0,23.0,11.0,8.0,11.0,9.0,10.0,13.0,1.0,2.0,7.0,3.0,3.0,,,
2024-2025,Bundesliga,2mhcqwpftx46hwl2r7smhog6h,F. Arp,Holstein Kiel,20,Forward,23,3,20,1,898,173.0,95.0,95.0,16.0,39.0,369.0,86.0,49.0,15.0,,8.0,3.0,,50.0,24.0,47.0,26.0,62.0,,,,21.0,51.0,18.0,15.0,2.0,,13.0,3.0,172.0,13.0,17.0,14.0,71.0,20.0,7.0,10.0,16.0,6.0,19.0,8.0,20.0,7.0,11.0,2.0,1.0,7.0,3.0,14.0,3.0,,,7.0,1.0,1.0,,1.0,1.0
2024-2025,Bundesliga,ezsqr7bc70n69t97uvdsxvsut,K. Müller,Heidenheim,1,Goalkeeper,33,33,0,1,3143,1306.0,987.0,987.0,234.0,764.0,1396.0,753.0,315.0,309.0,21.0,13.0,,106.0,20.0,2.0,3.0,10.0,12.0,64.0,8.0,33.0,50.0,6.0,3.0,9.0,8.0,9.0,3.0,1.0,,1.0,,,,,,2.0,,,,,,,,,,,,,,,,,,,,,
2024-2025,Bundesliga,6dg2ztkkig9alktiq5zakbm5l,O. Traoré,Heidenheim,23,Defender,30,30,0,6,2778,1399.0,966.0,966.0,109.0,399.0,1936.0,880.0,324.0,126.0,,66.0,21.0,,434.0,51.0,117.0,66.0,156.0,,,,136.0,283.0,37.0,39.0,15.0,,50.0,24.0,479.0,24.0,85.0,85.0,176.0,23.0,6.0,26.0,22.0,29.0,9.0,6.0,42.0,18.0,3.0,,,23.0,22.0,25.0,13.0,,1.0,1.0,,,,,
2024-2025,Bundesliga,5dcemmjwbguvnz7sz0m8uomad,J. Föhrenbach,Heidenheim,19,Defender,27,22,5,5,1967,909.0,641.0,641.0,94.0,291.0,1226.0,565.0,208.0,107.0,,57.0,16.0,,295.0,31.0,62.0,45.0,93.0,,,,67.0,142.0,4.0,31.0,14.0,,45.0,21.0,237.0,17.0,41.0,41.0,81.0,14.0,3.0,24.0,3.0,26.0,5.0,4.0,10.0,14.0,1.0,,,18.0,18.0,7.0,6.0,,3.0,,,,,,
2024-2025,Bundesliga,bqjrib66m08p1qw8315ljc38q,J. Schöppner,Heidenheim,3,Midfielder,33,32,1,10,2841,1042.0,774.0,774.0,56.0,286.0,1732.0,722.0,253.0,71.0,,95.0,43.0,,363.0,44.0,90.0,101.0,207.0,,,,130.0,190.0,20.0,117.0,57.0,,56.0,26.0,392.0,60.0,8.0,8.0,137.0,32.0,8.0,30.0,24.0,32.0,32.0,19.0,20.0,17.0,13.0,4.0,4.0,4.0,4.0,14.0,15.0,1.0,2.0,,,3.0,,,
2024-2025,Bundesliga,9heh3f6hvyp4sgbu0ft4xfh05,P. Mainka,Heidenheim,6,Defender,34,34,0,0,3285,1669.0,1424.0,1424.0,78.0,812.0,2466.0,1347.0,236.0,108.0,,206.0,68.0,,392.0,36.0,69.0,145.0,240.0,,,,152.0,131.0,21.0,171.0,109.0,,58.0,28.0,159.0,62.0,3.0,3.0,69.0,17.0,4.0,30.0,8.0,25.0,17.0,9.0,5.0,5.0,8.0,1.0,1.0,1.0,1.0,6.0,44.0,,,,,1.0,,,
2024-2025,Bundesliga,2hrvu72syd3vyic6ylygxbyl1,B. Gimber,Heidenheim,5,Defender,32,32,0,9,2835,1282.0,1058.0,1058.0,63.0,461.0,1882.0,995.0,215.0,109.0,,131.0,31.0,,403.0,54.0,88.0,120.0,206.0,,,,98.0,109.0,50.0,118.0,66.0,,72.0,26.0,78.0,52.0,3.0,3.0,39.0,61.0,9.0,46.0,7.0,34.0,10.0,9.0,8.0,2.0,1.0,,,,,8.0,23.0,,,,,,,,
2024-2025,Bundesliga,f46s4bfeipn0k33s0brsu4yl0,Léo Scienza,Heidenheim,8,Forward,25,13,12,11,1225,395.0,232.0,232.0,33.0,98.0,707.0,229.0,78.0,30.0,,9.0,5.0,,121.0,49.0,102.0,52.0,118.0,,,,53.0,102.0,63.0,16.0,3.0,,17.0,5.0,327.0,13.0,54.0,37.0,131.0,16.0,1.0,12.0,13.0,12.0,28.0,13.0,48.0,28.0,15.0,3.0,2.0,30.0,16.0,37.0,11.0,,3.0,31.0,1.0,1.0,,,
2024-2025,Bundesliga,5q3ft0wiy6lsy937j7nw6msq1,N. Dorsch,Heidenheim,39,Midfielder,23,19,4,17,1419,713.0,576.0,576.0,51.0,198.0,955.0,544.0,89.0,51.0,,17.0,17.0,,288.0,23.0,42.0,30.0,58.0,,,,76.0,65.0,22.0,16.0,7.0,,27.0,11.0,167.0,9.0,27.0,10.0,57.0,15.0,5.0,16.0,13.0,14.0,6.0,3.0,8.0,8.0,3.0,2.0,2.0,19.0,8.0,7.0,4.0,,2.0,28.0,,1.0,1.0,1.0,
2024-2025,Bundesliga,dgubl900t52nssngev6atayju,M. Pieringer,Heidenheim,18,Forward,31,26,5,19,2281,552.0,362.0,362.0,9.0,97.0,1152.0,354.0,177.0,17.0,,32.0,8.0,,212.0,29.0,61.0,102.0,258.0,,,,63.0,170.0,46.0,197.0,73.0,,23.0,10.0,438.0,124.0,10.0,10.0,180.0,50.0,7.0,13.0,24.0,19.0,47.0,27.0,22.0,25.0,20.0,7.0,4.0,1.0,1.0,16.0,15.0,2.0,3.0,,3.0,5.0,,,
2024-2025,Bundesliga,2yc1t7u26zctwjizi283g6q6s,P. Wanner,Heidenheim,10,Midfielder,29,20,9,17,1845,709.0,503.0,503.0,30.0,152.0,1131.0,488.0,147.0,48.0,,20.0,4.0,,264.0,52.0,99.0,64.0,129.0,,,,90.0,139.0,18.0,30.0,12.0,,40.0,13.0,372.0,18.0,40.0,23.0,120.0,23.0,2.0,27.0,37.0,15.0,14.0,8.0,34.0,13.0,6.0,3.0,2.0,15.0,7.0,25.0,11.0,,2.0,25.0,1.0,4.0,,,
2024-2025,Bundesliga,euywniqwcq40dqoo55xni961h,M. Honsak,Heidenheim,17,Forward,22,12,10,5,1300,462.0,304.0,304.0,29.0,94.0,762.0,295.0,106.0,27.0,,31.0,10.0,,194.0,17.0,41.0,39.0,84.0,,,,55.0,110.0,13.0,43.0,22.0,,15.0,7.0,228.0,21.0,31.0,24.0,90.0,14.0,1.0,8.0,12.0,15.0,26.0,16.0,17.0,9.0,10.0,5.0,5.0,20.0,14.0,9.0,7.0,,1.0,13.0,,,,,
2024-2025,Bundesliga,9zzkyqivbmsd015hcgfib6qd,,Heidenheim,22,Forward,0,0,0,0,0,,,,,,,,,,,,,,,0.0,0.0,0.0,0.0,,,,,,,,,,,,,,,,,,,,,,,,,,,,,,,,,,,,,,,,
2024-2025,Bundesliga,2o570lgb5c364c395zp1ccqqy,T. Siersleben,Heidenheim,4,Forward,16,14,2,4,1267,719.0,579.0,579.0,67.0,331.0,957.0,514.0,126.0,70.0,,66.0,20.0,,177.0,17.0,27.0,37.0,68.0,,,,37.0,64.0,7.0,41.0,20.0,,21.0,7.0,69.0,21.0,8.0,8.0,25.0,16.0,4.0,14.0,4.0,13.0,4.0,2.0,3.0,5.0,2.0,,,2.0,2.0,3.0,6.0,,,,,,,,
2024-2025,Bundesliga,7p3wqcwzd2d6a2pc6e0o43il1,N. Theuerkauf,Heidenheim,30,Forward,1,0,1,0,30,20.0,17.0,17.0,1.0,4.0,21.0,16.0,3.0,,,,,,11.0,0.0,0.0,0.0,0.0,,,,,3.0,,,,,,,3.0,,,,1.0,1.0,,,,,1.0,1.0,,,,,,,,,,,,,,,,,
2024-2025,Bundesliga,1ulkva22y6r9j9jdatyhr2bbp,D. Thomalla,Heidenheim,11,Forward,1,0,1,0,12,1.0,1.0,1.0,,,2.0,1.0,,,,,,,1.0,0.0,0.0,0.0,0.0,,,,1.0,,,,,,,,,,,,,,,,,,,,,,,,,,,,,,,,,,,,
2024-2025,Bundesliga,6wpahdttyk7458xipbx7lk1lg,L. Kerber,Heidenheim,20,Forward,23,7,16,7,889,247.0,181.0,181.0,13.0,51.0,424.0,169.0,60.0,24.0,,25.0,5.0,,99.0,17.0,31.0,28.0,59.0,,,,27.0,38.0,8.0,28.0,11.0,,26.0,10.0,73.0,17.0,2.0,2.0,27.0,22.0,4.0,16.0,4.0,10.0,6.0,1.0,4.0,6.0,5.0,2.0,2.0,1.0,1.0,1.0,5.0,1.0,,,,1.0,,,
2024-2025,Bundesliga,6x4ywqmispidw0tznzpjwd1hx,A. Beck,Heidenheim,21,Forward,32,18,14,14,1717,725.0,569.0,569.0,45.0,165.0,1222.0,536.0,122.0,25.0,,17.0,9.0,,310.0,57.0,113.0,86.0,162.0,,,,131.0,118.0,14.0,49.0,29.0,,36.0,19.0,346.0,20.0,21.0,11.0,142.0,16.0,1.0,17.0,26.0,29.0,28.0,15.0,37.0,16.0,13.0,4.0,4.0,12.0,5.0,40.0,13.0,,1.0,17.0,,,,,
2024-2025,Bundesliga,4v1bqelw9bk1gftvzwzk6w6w9,S. Schimmer,Heidenheim,9,Forward,13,0,13,0,327,53.0,31.0,31.0,2.0,7.0,111.0,30.0,19.0,,,4.0,,,21.0,0.0,3.0,3.0,21.0,,,,9.0,21.0,1.0,18.0,3.0,,2.0,2.0,57.0,15.0,2.0,2.0,23.0,2.0,1.0,,,1.0,7.0,5.0,1.0,3.0,2.0,,,1.0,1.0,,3.0,,,,,,,,
2024-2025,Bundesliga,2vlbsywrnnckg1zu93hej5e96,M. Breunig,Heidenheim,14,Forward,13,2,11,2,420,81.0,47.0,47.0,4.0,12.0,200.0,43.0,33.0,2.0,,3.0,1.0,,31.0,6.0,11.0,15.0,51.0,,,,13.0,32.0,5.0,40.0,9.0,,4.0,1.0,73.0,31.0,1.0,1.0,29.0,8.0,,3.0,6.0,7.0,7.0,4.0,4.0,3.0,3.0,2.0,1.0,,,3.0,6.0,,,,1.0,,,,
2024-2025,Bundesliga,1sun9nitagc7ikkpwzrdkj179,S. Conteh,Heidenheim,31,Forward,29,4,25,5,1042,224.0,155.0,155.0,11.0,38.0,368.0,147.0,47.0,3.0,,8.0,1.0,,91.0,11.0,22.0,27.0,58.0,,,,17.0,61.0,11.0,36.0,16.0,,9.0,4.0,173.0,20.0,17.0,17.0,79.0,8.0,2.0,5.0,8.0,,11.0,6.0,7.0,15.0,5.0,1.0,1.0,3.0,3.0,6.0,3.0,,2.0,,,,,,
2024-2025,Bundesliga,a79ojcztkvgui9sw4zbkmvr3d,K. Grabara,Wolfsburg,1,Goalkeeper,29,29,0,1,2811,1139.0,791.0,791.0,245.0,601.0,1232.0,546.0,342.0,339.0,15.0,16.0,,94.0,29.0,2.0,2.0,10.0,10.0,50.0,5.0,29.0,43.0,3.0,3.0,8.0,8.0,17.0,,,,,,,,,2.0,,,1.0,,,,1.0,,,,,,2.0,,,,,,1.0,,,
2024-2025,Bundesliga,2mwe6l0eu1tisri3eu26fx8x6,K. Fischer,Wolfsburg,2,Defender,32,29,3,17,2432,1241.0,971.0,971.0,114.0,387.0,1708.0,862.0,229.0,81.0,,98.0,19.0,,481.0,54.0,89.0,75.0,146.0,,,,84.0,182.0,7.0,57.0,21.0,,64.0,20.0,365.0,36.0,34.0,34.0,108.0,34.0,7.0,44.0,9.0,33.0,3.0,2.0,15.0,11.0,1.0,1.0,1.0,5.0,5.0,10.0,11.0,,,,,,,,
2024-2025,Bundesliga,6lfje6glfgycun47flgmc9jvt,J. Mæhle,Wolfsburg,21,Defender,28,25,3,4,2364,1205.0,970.0,970.0,67.0,360.0,1654.0,908.0,207.0,59.0,,57.0,25.0,,467.0,34.0,96.0,51.0,125.0,,,,122.0,169.0,16.0,29.0,17.0,,34.0,19.0,421.0,12.0,21.0,21.0,133.0,9.0,6.0,15.0,8.0,21.0,15.0,8.0,43.0,18.0,7.0,3.0,3.0,5.0,4.0,19.0,6.0,1.0,5.0,1.0,,2.0,,,
2024-2025,Bundesliga,6mxpnfdozs8iqod835jw9jwus,B. Dárdai,Wolfsburg,24,Forward,21,16,5,13,1366,445.0,355.0,355.0,10.0,116.0,688.0,347.0,79.0,26.0,,28.0,12.0,,178.0,17.0,36.0,27.0,61.0,,,,52.0,61.0,16.0,25.0,10.0,,24.0,10.0,156.0,15.0,8.0,7.0,39.0,9.0,,14.0,11.0,16.0,6.0,5.0,9.0,10.0,1.0,1.0,1.0,2.0,2.0,3.0,9.0,,1.0,1.0,,1.0,,,
2024-2025,Bundesliga,w0wt7gjkdddn63a4258j8frp,D. Vavro,Wolfsburg,18,Defender,29,27,2,2,2675,1493.0,1297.0,1297.0,155.0,620.0,2089.0,1142.0,183.0,108.0,,234.0,37.0,,412.0,16.0,27.0,96.0,141.0,,,,89.0,83.0,5.0,114.0,80.0,,21.0,8.0,87.0,34.0,8.0,8.0,31.0,7.0,4.0,13.0,1.0,16.0,18.0,12.0,3.0,8.0,6.0,2.0,2.0,,,3.0,39.0,2.0,1.0,,,,,,
2024-2025,Bundesliga,5d3stmq3pgka4qhdfoff35t9m,K. Koulierakis,Wolfsburg,4,Defender,30,28,2,4,2675,1557.0,1287.0,1287.0,120.0,579.0,2084.0,1172.0,252.0,147.0,,147.0,33.0,,466.0,27.0,52.0,86.0,150.0,,,,93.0,113.0,13.0,98.0,59.0,,40.0,20.0,118.0,39.0,8.0,8.0,58.0,24.0,4.0,20.0,2.0,20.0,20.0,17.0,5.0,5.0,3.0,,,5.0,5.0,7.0,16.0,,1.0,,,1.0,,,
2024-2025,Bundesliga,23l48u4w5nj4036whjm3s49gp,R. Baku,Wolfsburg,20,Midfielder,34,29,5,14,2601,1152.0,851.0,851.0,64.0,251.0,1671.0,797.0,226.0,45.0,,60.0,24.0,,494.0,59.0,93.0,74.0,141.0,,,,113.0,242.0,24.0,48.0,15.0,,47.0,13.0,563.0,33.0,61.0,61.0,177.0,26.0,3.0,34.0,24.0,37.0,24.0,13.0,21.0,23.0,11.0,4.0,4.0,10.0,10.0,25.0,14.0,,4.0,,,8.0,,,
2024-2025,Bundesliga,d2ykrr75737c8bzlwhjj90vkl,Y. Gerhardt,Wolfsburg,31,Forward,29,15,14,4,1724,667.0,508.0,508.0,22.0,199.0,960.0,491.0,134.0,36.0,,47.0,17.0,,226.0,17.0,37.0,38.0,87.0,,,,49.0,117.0,13.0,50.0,21.0,,28.0,12.0,255.0,29.0,19.0,18.0,70.0,20.0,5.0,16.0,3.0,24.0,10.0,6.0,8.0,4.0,4.0,1.0,1.0,5.0,5.0,1.0,13.0,,1.0,1.0,,1.0,1.0,1.0,
2024-2025,Bundesliga,aplc9mad75h1k90o3qla9c7l6,P. Wimmer,Wolfsburg,39,Midfielder,29,22,7,18,1891,650.0,414.0,414.0,36.0,192.0,1181.0,391.0,192.0,35.0,,15.0,32.0,,160.0,72.0,118.0,108.0,203.0,,,,92.0,186.0,40.0,85.0,36.0,,47.0,12.0,443.0,49.0,29.0,17.0,153.0,36.0,5.0,35.0,27.0,27.0,25.0,15.0,34.0,25.0,10.0,3.0,3.0,13.0,4.0,37.0,20.0,,6.0,21.0,,7.0,1.0,1.0,
2024-2025,Bundesliga,acxwc7xxrtyssiy390t859kgl,M. Arnold,Wolfsburg,27,Midfielder,28,27,1,2,2635,1358.0,1011.0,1011.0,125.0,448.0,1789.0,924.0,190.0,134.0,,70.0,24.0,,439.0,21.0,41.0,35.0,78.0,,,,154.0,170.0,52.0,37.0,14.0,,34.0,14.0,323.0,23.0,114.0,49.0,110.0,30.0,7.0,20.0,11.0,10.0,20.0,8.0,6.0,31.0,12.0,3.0,2.0,38.0,19.0,1.0,18.0,,6.0,84.0,1.0,3.0,1.0,1.0,
2024-2025,Bundesliga,8855nyl8htw15u4y4apom7fxm,M. Amoura,Wolfsburg,9,Forward,31,29,2,20,2558,757.0,525.0,525.0,37.0,104.0,1335.0,495.0,192.0,18.0,,24.0,9.0,,363.0,59.0,128.0,78.0,192.0,,,,92.0,202.0,20.0,64.0,19.0,,29.0,7.0,717.0,45.0,28.0,28.0,247.0,30.0,6.0,22.0,18.0,40.0,51.0,24.0,62.0,33.0,27.0,10.0,8.0,7.0,7.0,37.0,26.0,1.0,10.0,,2.0,9.0,,,
2024-2025,Bundesliga,8avzr6g3ia2hxlxux4ikecus5,M. Müller,Wolfsburg,29,Forward,6,5,1,0,524,218.0,154.0,154.0,52.0,126.0,232.0,102.0,64.0,64.0,8.0,,,17.0,2.0,0.0,0.0,4.0,4.0,4.0,1.0,5.0,7.0,,,4.0,4.0,3.0,,,,,,,,,,,,,,,,,,,,,,,1.0,,,,,,,,
2024-2025,Bundesliga,fr9ac60188vlmtbrcddhxii1,S. Bornauw,Wolfsburg,3,Forward,15,8,7,0,917,330.0,270.0,270.0,15.0,98.0,504.0,255.0,59.0,24.0,,36.0,12.0,,103.0,6.0,10.0,42.0,67.0,,,,28.0,36.0,2.0,57.0,36.0,,9.0,3.0,38.0,21.0,1.0,1.0,28.0,12.0,2.0,6.0,1.0,2.0,8.0,5.0,1.0,,3.0,2.0,2.0,,,,12.0,2.0,,,,,,,
2024-2025,Bundesliga,afk5qdami9yzapywig6ds4quh,C. Zesiger,Wolfsburg,5,Defender,22,20,2,4,1913,816.0,637.0,637.0,47.0,312.0,1207.0,597.0,160.0,84.0,,124.0,24.0,,241.0,19.0,33.0,49.0,92.0,,,,73.0,85.0,12.0,59.0,30.0,,26.0,11.0,95.0,29.0,9.0,9.0,26.0,29.0,10.0,15.0,4.0,8.0,9.0,6.0,3.0,7.0,3.0,,,7.0,7.0,4.0,18.0,,2.0,,,2.0,,1.0,1.0
2024-2025,Bundesliga,emvi36y613e4lqlat3wfdih9l,S. Özcan,Wolfsburg,8,Forward,22,6,16,3,906,466.0,355.0,355.0,15.0,151.0,666.0,343.0,98.0,30.0,,15.0,18.0,,149.0,15.0,21.0,35.0,53.0,,,,60.0,76.0,13.0,32.0,20.0,,13.0,4.0,125.0,12.0,8.0,5.0,21.0,16.0,,9.0,2.0,11.0,3.0,3.0,2.0,7.0,,,,3.0,2.0,6.0,4.0,,,4.0,,4.0,,,
2024-2025,Bundesliga,b7cso5zljdvzfila9zd4fz4ve,J. Kamiński,Wolfsburg,16,Forward,22,12,10,4,1291,466.0,315.0,315.0,33.0,87.0,706.0,295.0,99.0,33.0,,23.0,13.0,,196.0,16.0,39.0,23.0,65.0,,,,52.0,104.0,3.0,26.0,7.0,,17.0,9.0,291.0,19.0,38.0,25.0,135.0,10.0,2.0,8.0,11.0,10.0,12.0,8.0,14.0,15.0,4.0,,,13.0,6.0,8.0,11.0,,3.0,20.0,,,,,
2024-2025,Bundesliga,embn1jhcly07i6pjcvcdiavo5,L. Nmecha,Wolfsburg,10,Forward,19,3,16,3,587,119.0,75.0,75.0,1.0,13.0,230.0,75.0,38.0,,,4.0,2.0,,53.0,4.0,10.0,20.0,38.0,,,,15.0,43.0,17.0,28.0,16.0,,2.0,2.0,112.0,12.0,5.0,5.0,50.0,7.0,1.0,,3.0,3.0,15.0,6.0,4.0,3.0,9.0,3.0,3.0,1.0,1.0,4.0,5.0,,,,,2.0,,,
2024-2025,Bundesliga,9ic8hvnkzj9p0ikh6bwaeoqju,Tiago Tomás,Wolfsburg,11,Midfielder,32,23,9,19,1987,475.0,325.0,325.0,16.0,94.0,957.0,313.0,126.0,23.0,,19.0,9.0,,176.0,48.0,122.0,57.0,161.0,,,,74.0,121.0,48.0,39.0,9.0,,33.0,14.0,398.0,30.0,18.0,18.0,144.0,30.0,7.0,19.0,35.0,13.0,28.0,8.0,60.0,16.0,20.0,6.0,6.0,4.0,4.0,29.0,18.0,,1.0,,,5.0,,,
2024-2025,Bundesliga,7424gvk9hiq5up61dj181y66t,K. Behrens,Wolfsburg,17,Forward,18,0,18,0,313,79.0,48.0,48.0,4.0,10.0,147.0,44.0,31.0,1.0,,2.0,1.0,,29.0,1.0,2.0,15.0,32.0,,,,9.0,30.0,1.0,30.0,14.0,,1.0,,73.0,16.0,,,27.0,4.0,2.0,1.0,1.0,,7.0,4.0,1.0,2.0,3.0,1.0,1.0,,,,2.0,,,,,,,,
2024-2025,Bundesliga,eswxx8pxqyuj7rnpvqawpej1l,J. Wind,Wolfsburg,23,Forward,31,21,10,12,2123,612.0,430.0,430.0,21.0,172.0,1100.0,411.0,171.0,10.0,,15.0,6.0,,179.0,12.0,30.0,110.0,228.0,,,,59.0,166.0,40.0,198.0,98.0,,10.0,4.0,439.0,100.0,5.0,5.0,154.0,15.0,2.0,6.0,28.0,14.0,30.0,17.0,14.0,32.0,13.0,9.0,8.0,2.0,2.0,6.0,13.0,3.0,4.0,,1.0,7.0,,,
2024-2025,Bundesliga,3tb27261f8mpzpq3prpv8ng0l,P. Gulácsi,RB Leipzig,1,Goalkeeper,30,30,0,2,2818,904.0,742.0,742.0,134.0,525.0,992.0,608.0,159.0,149.0,23.0,16.0,,101.0,29.0,1.0,1.0,12.0,13.0,39.0,14.0,30.0,41.0,10.0,1.0,12.0,11.0,13.0,1.0,,,1.0,,,,,,1.0,,,,,,,,,,,,,,,,,,,,,
2024-2025,Bundesliga,3isbv9egu9vzxnna4ix8gcudx,B. Henrichs,RB Leipzig,39,Midfielder,15,10,5,4,993,476.0,356.0,356.0,28.0,124.0,706.0,332.0,100.0,31.0,,33.0,15.0,,192.0,25.0,45.0,33.0,58.0,,,,60.0,84.0,9.0,13.0,8.0,,32.0,16.0,170.0,5.0,15.0,15.0,44.0,13.0,3.0,16.0,6.0,19.0,6.0,5.0,4.0,9.0,1.0,,,4.0,4.0,9.0,8.0,,2.0,,,1.0,,,
2024-2025,Bundesliga,8mkkchf0ysdf78r0lncd73klw,A. Nusa,RB Leipzig,7,Midfielder,25,16,9,6,1683,566.0,413.0,413.0,15.0,118.0,980.0,405.0,114.0,26.0,,11.0,8.0,,235.0,56.0,129.0,62.0,150.0,,,,78.0,116.0,28.0,21.0,6.0,,30.0,13.0,413.0,15.0,28.0,28.0,140.0,14.0,,17.0,31.0,20.0,18.0,11.0,60.0,18.0,7.0,3.0,3.0,7.0,6.0,39.0,8.0,,4.0,1.0,,8.0,,,
2024-2025,Bundesliga,atlhc604ri3rr4w012otutyj8,E. Bitshiabu,RB Leipzig,5,Forward,21,13,8,4,1297,866.0,731.0,731.0,43.0,446.0,1155.0,688.0,127.0,58.0,,97.0,13.0,,149.0,20.0,30.0,42.0,70.0,,,,55.0,73.0,2.0,40.0,22.0,,27.0,9.0,60.0,18.0,4.0,4.0,27.0,8.0,2.0,18.0,1.0,11.0,5.0,2.0,1.0,4.0,3.0,,,,,2.0,14.0,,,,,1.0,1.0,1.0,
2024-2025,Bundesliga,eapihgte8ydc4g6hzygsx2e39,W. Orbán,RB Leipzig,4,Defender,25,25,0,0,2408,1750.0,1529.0,1529.0,68.0,744.0,2362.0,1462.0,207.0,82.0,,169.0,21.0,,312.0,24.0,42.0,128.0,192.0,,,,122.0,129.0,14.0,150.0,104.0,,38.0,17.0,125.0,46.0,4.0,4.0,75.0,23.0,4.0,21.0,4.0,14.0,19.0,12.0,1.0,6.0,7.0,5.0,5.0,1.0,1.0,3.0,34.0,,1.0,,,,2.0,2.0,
2024-2025,Bundesliga,3igg6gfmomgh1t5ohwzbpb5cl,L. Klostermann,RB Leipzig,16,Defender,28,20,8,5,1990,1211.0,1070.0,1070.0,43.0,445.0,1594.0,1028.0,127.0,51.0,,143.0,24.0,,413.0,18.0,32.0,38.0,82.0,,,,74.0,86.0,7.0,50.0,20.0,,27.0,13.0,126.0,30.0,10.0,10.0,34.0,13.0,5.0,14.0,,14.0,3.0,1.0,1.0,1.0,2.0,1.0,1.0,1.0,1.0,4.0,18.0,1.0,,,,,,,
2024-2025,Bundesliga,a7ip51ik4rkqcvgdsh64ln09g,A. Vermeeren,RB Leipzig,18,Midfielder,28,18,10,15,1667,953.0,821.0,821.0,23.0,275.0,1259.0,798.0,128.0,24.0,,25.0,23.0,,366.0,25.0,48.0,33.0,76.0,,,,94.0,107.0,1.0,28.0,8.0,,32.0,13.0,212.0,20.0,3.0,3.0,15.0,22.0,7.0,19.0,12.0,22.0,3.0,2.0,10.0,9.0,1.0,,,,,6.0,13.0,,2.0,,,2.0,,,
2024-2025,Bundesliga,axj39lx25teh62rih6uv9qor9,K. Kampl,RB Leipzig,44,Midfielder,26,18,8,12,1693,1175.0,1033.0,1033.0,27.0,373.0,1465.0,1019.0,101.0,28.0,,25.0,24.0,,455.0,31.0,46.0,34.0,62.0,,,,100.0,94.0,7.0,16.0,3.0,,27.0,9.0,299.0,13.0,21.0,9.0,56.0,20.0,5.0,18.0,12.0,19.0,5.0,3.0,6.0,15.0,2.0,1.0,1.0,13.0,8.0,13.0,8.0,1.0,,17.0,,4.0,,,
2024-2025,Bundesliga,64ubq0xra74xaunooi8knyajt,L. Openda,RB Leipzig,11,Forward,33,28,5,15,2564,591.0,375.0,375.0,11.0,76.0,1058.0,366.0,186.0,13.0,,12.0,5.0,,246.0,26.0,86.0,45.0,136.0,,,,54.0,198.0,77.0,50.0,19.0,,9.0,5.0,556.0,31.0,25.0,25.0,261.0,29.0,4.0,4.0,27.0,18.0,57.0,25.0,55.0,24.0,32.0,9.0,9.0,2.0,2.0,22.0,22.0,,5.0,,,2.0,,1.0,1.0
2024-2025,Bundesliga,8l0am8k4pg2s9g9qbkhwte6dx,Y. Poulsen,RB Leipzig,9,Forward,22,2,20,3,511,141.0,84.0,84.0,1.0,23.0,283.0,83.0,54.0,3.0,,14.0,,,48.0,6.0,16.0,33.0,54.0,,,,16.0,53.0,14.0,38.0,27.0,,10.0,5.0,115.0,11.0,2.0,2.0,53.0,8.0,1.0,5.0,10.0,5.0,14.0,6.0,5.0,7.0,8.0,2.0,2.0,,,1.0,3.0,,,,,,,,
2024-2025,Bundesliga,5pousbiuqbus68yekd0mhc5pl,C. Baumgartner,RB Leipzig,14,Forward,31,18,13,11,1745,617.0,418.0,418.0,27.0,118.0,1125.0,394.0,175.0,24.0,,24.0,12.0,,230.0,45.0,89.0,86.0,169.0,,,,86.0,163.0,29.0,80.0,41.0,,44.0,16.0,370.0,39.0,12.0,12.0,129.0,44.0,5.0,28.0,31.0,36.0,29.0,14.0,28.0,14.0,15.0,2.0,2.0,3.0,2.0,17.0,19.0,,2.0,1.0,,10.0,,,
2024-2025,Bundesliga,6zt9bsyq5pvk25efl379p0b11,,RB Leipzig,25,Forward,0,0,0,0,0,,,,,,,,,,,,,,,0.0,0.0,0.0,0.0,,,,,,,,,,,,,,,,,,,,,,,,,,,,,,,,,,,,,,,,
2024-2025,Bundesliga,jflu7a5n4f3ezoj20z0kje5m,M. Vandevoordt,RB Leipzig,26,Forward,6,4,2,0,470,175.0,138.0,138.0,27.0,96.0,197.0,111.0,36.0,36.0,4.0,4.0,,9.0,5.0,0.0,1.0,1.0,2.0,9.0,0.0,4.0,13.0,,,1.0,1.0,3.0,1.0,1.0,,,,,,,,,,,,,,,,,,,,,4.0,,,,,,,,
2024-2025,Bundesliga,72im0m7d8rqpsclo4f5crqmsp,E. Elmas,RB Leipzig,6,Forward,2,0,2,0,61,16.0,13.0,13.0,,5.0,36.0,13.0,3.0,,,2.0,,,6.0,2.0,4.0,2.0,5.0,,,,3.0,3.0,,1.0,,,3.0,2.0,9.0,1.0,,,2.0,2.0,1.0,1.0,2.0,2.0,,,,,,,,,,1.0,2.0,,,,,1.0,,,
2024-2025,Bundesliga,7o3fumeufgigw092b7i5n4f6x,A. Haidara,RB Leipzig,8,Midfielder,28,16,12,14,1408,902.0,721.0,721.0,27.0,246.0,1261.0,696.0,167.0,42.0,,56.0,18.0,,327.0,24.0,43.0,54.0,101.0,,,,88.0,135.0,8.0,58.0,30.0,,30.0,13.0,175.0,28.0,10.0,10.0,30.0,23.0,7.0,17.0,7.0,30.0,9.0,8.0,6.0,5.0,1.0,,,2.0,2.0,7.0,21.0,,1.0,,,8.0,,,
2024-2025,Bundesliga,307whzq643o50rd4g8niobyay,N. Seiwald,RB Leipzig,13,Midfielder,30,20,10,5,2251,1348.0,1098.0,1098.0,56.0,485.0,1807.0,1059.0,195.0,70.0,,76.0,31.0,,454.0,35.0,63.0,59.0,121.0,,,,125.0,157.0,2.0,58.0,24.0,,53.0,22.0,250.0,34.0,32.0,16.0,50.0,27.0,2.0,31.0,8.0,33.0,2.0,2.0,6.0,18.0,,,,17.0,7.0,4.0,13.0,,,26.0,,8.0,,,
2024-2025,Bundesliga,4rhyl8q31wceeq2dnaep9t3x0,A. Ouédraogo,RB Leipzig,20,Forward,3,0,3,0,72,20.0,15.0,15.0,,3.0,40.0,15.0,3.0,1.0,,,,,10.0,0.0,3.0,0.0,3.0,,,,6.0,3.0,3.0,,,,,,16.0,,1.0,1.0,6.0,1.0,,,6.0,1.0,,,3.0,,,,,,,,1.0,,,,,,,,
2024-2025,Bundesliga,8al7asr6m28felivfqlt206c4,V. Gebel,RB Leipzig,47,Forward,1,0,1,0,19,4.0,3.0,3.0,,1.0,7.0,3.0,1.0,,,,,,1.0,0.0,1.0,1.0,2.0,,,,,1.0,1.0,1.0,1.0,,,,3.0,,,,1.0,,,,,,,,1.0,,,,,,,,,,,,,,,,
2024-2025,Bundesliga,dhhmffih4gl51nlu92hfctqs5,André Silva,RB Leipzig,19,Forward,15,4,11,4,568,158.0,110.0,110.0,3.0,22.0,300.0,109.0,40.0,1.0,,5.0,1.0,,70.0,4.0,22.0,17.0,52.0,,,,17.0,41.0,9.0,30.0,13.0,,3.0,,139.0,17.0,2.0,2.0,49.0,4.0,1.0,3.0,10.0,3.0,18.0,8.0,18.0,7.0,10.0,2.0,,2.0,2.0,1.0,5.0,,2.0,,2.0,2.0,,,
2024-2025,Bundesliga,4ynekiqwgd0l8h7cuyvdl28ve,B. Šeško,RB Leipzig,30,Forward,33,30,3,20,2484,614.0,413.0,413.0,8.0,87.0,1174.0,407.0,191.0,9.0,,20.0,5.0,,244.0,42.0,86.0,112.0,205.0,,,,62.0,187.0,20.0,119.0,70.0,,7.0,4.0,453.0,49.0,5.0,5.0,159.0,26.0,1.0,3.0,55.0,11.0,50.0,19.0,40.0,12.0,31.0,13.0,11.0,2.0,2.0,39.0,22.0,3.0,3.0,,2.0,3.0,,1.0,1.0
2024-2025,Bundesliga,1ljgis575ujto4361ed15w0r9,M. Nicolas,Borussia M'gladbach,33,Goalkeeper,19,19,0,1,1756,794.0,669.0,669.0,134.0,502.0,842.0,535.0,125.0,119.0,18.0,8.0,1.0,72.0,26.0,0.0,0.0,7.0,8.0,26.0,4.0,19.0,23.0,6.0,,8.0,7.0,7.0,,,,1.0,,,,,,,,1.0,,,,,,,,,,,,,,,,,,,
2024-2025,Bundesliga,43eq31reskwn9veb3vickralm,J. Scally,Borussia M'gladbach,29,Defender,32,30,2,11,2734,1559.0,1291.0,1291.0,89.0,427.0,2064.0,1211.0,215.0,85.0,,86.0,16.0,,658.0,63.0,105.0,87.0,157.0,,,,97.0,171.0,48.0,52.0,24.0,,45.0,13.0,332.0,28.0,41.0,41.0,127.0,23.0,6.0,32.0,23.0,24.0,3.0,2.0,29.0,7.0,1.0,,,9.0,9.0,31.0,14.0,,1.0,,,5.0,,,
2024-2025,Bundesliga,b5ovydnz8s9gf0nkwofutr7ys,L. Ullrich,Borussia M'gladbach,26,Defender,26,24,2,19,1959,850.0,640.0,640.0,44.0,210.0,1201.0,603.0,160.0,73.0,,74.0,23.0,,349.0,24.0,51.0,38.0,84.0,,,,73.0,127.0,17.0,33.0,14.0,,25.0,9.0,232.0,19.0,40.0,40.0,86.0,22.0,4.0,16.0,12.0,17.0,6.0,4.0,18.0,8.0,2.0,1.0,1.0,7.0,7.0,8.0,11.0,,3.0,,,1.0,,,
2024-2025,Bundesliga,5i8dbjuewybsfgyym63clfw0l,J. Weigl,Borussia M'gladbach,8,Midfielder,33,33,0,7,3060,1763.0,1555.0,1555.0,85.0,603.0,2273.0,1472.0,191.0,50.0,,86.0,48.0,,626.0,32.0,63.0,71.0,121.0,,,,133.0,151.0,24.0,58.0,39.0,,53.0,28.0,208.0,19.0,10.0,10.0,30.0,23.0,8.0,25.0,10.0,27.0,16.0,10.0,3.0,9.0,6.0,,,2.0,1.0,7.0,30.0,,2.0,1.0,,5.0,,,
2024-2025,Bundesliga,ckjid5lfgbx8tdyoi32vbwn9x,M. Friedrich,Borussia M'gladbach,5,Forward,22,9,13,0,1135,706.0,624.0,624.0,24.0,267.0,914.0,600.0,81.0,46.0,,57.0,5.0,,201.0,11.0,17.0,45.0,70.0,,,,42.0,35.0,4.0,53.0,34.0,,15.0,6.0,46.0,19.0,,,33.0,5.0,,9.0,3.0,4.0,7.0,5.0,,2.0,2.0,,,,,2.0,12.0,,,,,,,,
2024-2025,Bundesliga,70tsvrcmklvp4ecdhxlugf8ix,K. Itakura,Borussia M'gladbach,3,Defender,31,31,0,0,3014,1817.0,1613.0,1613.0,54.0,667.0,2378.0,1563.0,190.0,115.0,,171.0,28.0,,522.0,41.0,65.0,106.0,165.0,,,,95.0,80.0,12.0,100.0,65.0,,40.0,11.0,100.0,35.0,5.0,5.0,55.0,28.0,5.0,29.0,8.0,19.0,15.0,8.0,13.0,5.0,7.0,3.0,3.0,4.0,4.0,12.0,28.0,1.0,,,,1.0,,,
2024-2025,Bundesliga,e0hk5aepnpo7cne006zwahfx1,F. Honorat,Borussia M'gladbach,9,Midfielder,19,18,1,17,1464,606.0,360.0,360.0,37.0,98.0,884.0,372.0,113.0,35.0,,28.0,5.0,,249.0,19.0,51.0,28.0,72.0,,,,72.0,160.0,5.0,21.0,9.0,,17.0,10.0,413.0,12.0,82.0,53.0,213.0,7.0,,7.0,12.0,8.0,20.0,11.0,22.0,45.0,9.0,4.0,4.0,49.0,19.0,12.0,12.0,,8.0,59.0,,,,,
2024-2025,Bundesliga,bc5vmdnoyshdi5hcgu8dgqxyi,R. Reitz,Borussia M'gladbach,27,Midfielder,27,21,6,16,1910,878.0,678.0,678.0,51.0,276.0,1372.0,633.0,174.0,53.0,,59.0,53.0,,290.0,41.0,92.0,59.0,126.0,,,,94.0,137.0,38.0,34.0,18.0,,52.0,28.0,203.0,16.0,16.0,16.0,68.0,20.0,1.0,24.0,23.0,23.0,15.0,8.0,23.0,15.0,7.0,2.0,2.0,6.0,6.0,17.0,24.0,,2.0,,,10.0,,,
2024-2025,Bundesliga,aopmwx748flafzpj58w2afwlx,T. Kleindienst,Borussia M'gladbach,11,Forward,31,31,0,7,2905,765.0,464.0,464.0,19.0,112.0,1554.0,447.0,279.0,16.0,,66.0,12.0,,283.0,29.0,68.0,178.0,340.0,,,,74.0,277.0,25.0,272.0,149.0,,30.0,15.0,537.0,123.0,14.0,14.0,244.0,75.0,4.0,15.0,42.0,36.0,57.0,19.0,24.0,27.0,38.0,16.0,15.0,2.0,2.0,14.0,27.0,6.0,7.0,,1.0,7.0,,1.0,1.0
2024-2025,Bundesliga,7tj7eobo7kmk8egcbfrabe8d1,A. Pléa,Borussia M'gladbach,14,Midfielder,30,24,6,18,1990,795.0,562.0,562.0,38.0,218.0,1132.0,535.0,179.0,24.0,,7.0,2.0,,256.0,20.0,51.0,35.0,98.0,,,,66.0,190.0,33.0,47.0,15.0,,7.0,4.0,454.0,32.0,35.0,35.0,158.0,17.0,3.0,3.0,22.0,11.0,25.0,12.0,27.0,23.0,13.0,11.0,10.0,11.0,10.0,17.0,17.0,3.0,5.0,1.0,1.0,15.0,,,
2024-2025,Bundesliga,5nbk2xeyrs7pxdye1jtqudhpl,R. Hack,Borussia M'gladbach,25,Midfielder,33,27,6,23,2247,898.0,665.0,665.0,44.0,210.0,1436.0,640.0,165.0,51.0,,28.0,9.0,,371.0,42.0,88.0,61.0,134.0,,,,123.0,158.0,21.0,46.0,19.0,,22.0,5.0,493.0,27.0,44.0,26.0,191.0,19.0,4.0,17.0,44.0,28.0,46.0,22.0,41.0,24.0,24.0,4.0,4.0,19.0,14.0,25.0,15.0,,7.0,23.0,,12.0,,,
2024-2025,Bundesliga,slsd8022q9s3uugsafaqt2ol,T. Sippel,Borussia M'gladbach,21,Forward,1,0,1,0,69,34.0,20.0,20.0,10.0,18.0,35.0,10.0,14.0,14.0,,,,,,0.0,0.0,0.0,0.0,,,,,,,,,1.0,,,,,,,,,,,,,,,,,,,,,,,1.0,,,,,,,,
2024-2025,Bundesliga,3h6q9lkwovcu4pynltgnzhy50,F. Chiarodia,Borussia M'gladbach,2,Forward,16,3,13,2,464,206.0,173.0,173.0,9.0,58.0,316.0,164.0,33.0,14.0,,53.0,9.0,,74.0,4.0,11.0,11.0,20.0,,,,9.0,19.0,,9.0,7.0,,10.0,6.0,12.0,2.0,,,8.0,7.0,,4.0,,5.0,4.0,3.0,1.0,1.0,1.0,1.0,1.0,,,,3.0,1.0,,,,1.0,,,
2024-2025,Bundesliga,ao00a4lfe5vs9enjgkuu7vglx,S. Lainer,Borussia M'gladbach,22,Forward,21,6,15,1,888,460.0,350.0,350.0,35.0,117.0,615.0,321.0,80.0,29.0,,30.0,12.0,,198.0,18.0,32.0,23.0,46.0,,,,24.0,74.0,6.0,14.0,5.0,,22.0,9.0,141.0,9.0,23.0,23.0,33.0,11.0,2.0,13.0,7.0,6.0,4.0,2.0,5.0,8.0,2.0,1.0,1.0,6.0,6.0,5.0,7.0,,,,,2.0,,,
2024-2025,Bundesliga,f2o5hj0e2k3kw0fj1xzom0cet,K. Stöger,Borussia M'gladbach,7,Forward,31,16,15,9,1698,1117.0,803.0,803.0,82.0,276.0,1464.0,765.0,178.0,79.0,,26.0,16.0,,432.0,38.0,74.0,43.0,94.0,,,,75.0,181.0,40.0,20.0,5.0,,37.0,16.0,501.0,15.0,82.0,43.0,167.0,22.0,3.0,21.0,25.0,21.0,20.0,9.0,20.0,42.0,11.0,3.0,1.0,44.0,16.0,17.0,9.0,,3.0,67.0,2.0,13.0,,,
2024-2025,Bundesliga,514es9hzl2skv9dl5cofgkogl,F. Neuhaus,Borussia M'gladbach,10,Forward,18,2,16,1,500,233.0,190.0,190.0,20.0,84.0,325.0,174.0,32.0,19.0,,5.0,6.0,,81.0,8.0,20.0,8.0,22.0,,,,24.0,18.0,7.0,2.0,,,10.0,7.0,53.0,2.0,5.0,5.0,10.0,4.0,1.0,3.0,1.0,7.0,6.0,3.0,5.0,6.0,3.0,,,4.0,4.0,5.0,5.0,,1.0,,,,,,
2024-2025,Bundesliga,7zbu2y3nlj4dyhe1qdj15g3xl,P. Sander,Borussia M'gladbach,16,Midfielder,27,16,11,11,1515,754.0,601.0,601.0,24.0,178.0,1085.0,586.0,130.0,56.0,,44.0,23.0,,336.0,28.0,51.0,60.0,102.0,,,,82.0,87.0,7.0,51.0,32.0,,33.0,16.0,161.0,19.0,13.0,9.0,43.0,16.0,2.0,17.0,7.0,9.0,12.0,5.0,7.0,11.0,7.0,1.0,1.0,9.0,6.0,11.0,13.0,,,7.0,,4.0,,,
2024-2025,Bundesliga,d0qyia80j5079xq5olbttqfl6,N. Ngoumou,Borussia M'gladbach,19,Forward,19,9,10,9,894,265.0,190.0,190.0,5.0,38.0,452.0,190.0,52.0,6.0,,16.0,4.0,,127.0,20.0,48.0,29.0,74.0,,,,21.0,63.0,12.0,26.0,9.0,,17.0,6.0,217.0,17.0,17.0,17.0,118.0,7.0,,11.0,11.0,6.0,18.0,5.0,22.0,5.0,13.0,2.0,2.0,5.0,5.0,9.0,8.0,,1.0,,,1.0,,,
2024-2025,Bundesliga,bxwa90x92eaokwxwylx7389re,G. Ranos,Borussia M'gladbach,28,Forward,2,0,2,0,30,12.0,8.0,8.0,,1.0,19.0,8.0,4.0,,,,,,7.0,0.0,1.0,0.0,2.0,,,,,4.0,,1.0,,,1.0,1.0,9.0,1.0,,,2.0,1.0,1.0,,1.0,2.0,,,,,,,,,,,,,,,,,,,
2024-2025,Bundesliga,dp217lcujazwh6x67xxws4fai,T. Čvančara,Borussia M'gladbach,31,Forward,28,7,21,5,1003,239.0,169.0,169.0,7.0,38.0,399.0,164.0,54.0,4.0,,17.0,5.0,,106.0,7.0,21.0,20.0,50.0,,,,23.0,63.0,6.0,29.0,13.0,,4.0,3.0,158.0,16.0,13.0,13.0,68.0,11.0,4.0,1.0,6.0,3.0,19.0,10.0,11.0,6.0,9.0,2.0,2.0,2.0,2.0,6.0,8.0,2.0,,,,,,1.0,1.0
2024-2025,Bundesliga,ci1nu5z8aiiikco8af0zk1lud,R. Zentner,Mainz 05,27,Goalkeeper,32,32,0,0,3147,1164.0,733.0,733.0,229.0,574.0,1302.0,504.0,423.0,419.0,45.0,31.0,,103.0,25.0,1.0,2.0,9.0,10.0,41.0,9.0,32.0,56.0,4.0,2.0,8.0,8.0,30.0,2.0,1.0,2.0,,,,2.0,1.0,3.0,1.0,,,,,,3.0,,,,,,,1.0,,,,,,,,
2024-2025,Bundesliga,6u47fsriz3ejlf72hxtsew5bd,A. Caci,Mainz 05,19,Midfielder,33,33,0,22,2766,1655.0,1146.0,1146.0,119.0,475.0,2243.0,1069.0,364.0,134.0,,47.0,27.0,,541.0,69.0,127.0,104.0,195.0,,,,131.0,325.0,11.0,68.0,35.0,,60.0,20.0,763.0,33.0,95.0,88.0,304.0,37.0,6.0,40.0,24.0,25.0,22.0,10.0,38.0,39.0,12.0,1.0,1.0,42.0,29.0,29.0,18.0,,9.0,20.0,,6.0,,,
2024-2025,Bundesliga,7c8ms7bw3fva4xeubax4ep8et,P. Mwene,Mainz 05,2,Midfielder,32,32,0,15,2750,1272.0,925.0,925.0,101.0,318.0,1783.0,853.0,252.0,90.0,,51.0,24.0,,516.0,51.0,106.0,71.0,160.0,,,,110.0,221.0,24.0,54.0,20.0,,51.0,22.0,634.0,34.0,59.0,53.0,221.0,24.0,7.0,29.0,26.0,20.0,10.0,6.0,33.0,22.0,4.0,1.0,1.0,29.0,23.0,22.0,17.0,,4.0,12.0,,2.0,,,
2024-2025,Bundesliga,d608s0948uh3owqee7t0en7px,D. Kohr,Mainz 05,31,Defender,28,28,0,9,2504,1368.0,1106.0,1106.0,115.0,489.0,1878.0,994.0,241.0,127.0,,127.0,42.0,,432.0,51.0,73.0,89.0,145.0,,,,99.0,127.0,36.0,72.0,38.0,,62.0,16.0,165.0,34.0,13.0,13.0,46.0,46.0,11.0,46.0,7.0,19.0,12.0,7.0,6.0,6.0,5.0,2.0,2.0,3.0,3.0,5.0,25.0,,,,,5.0,1.0,1.0,
2024-2025,Bundesliga,bvifdvoxv9e8nq8qe37c0gvrp,S. Bell,Mainz 05,16,Defender,18,15,3,6,1537,719.0,565.0,565.0,54.0,288.0,1140.0,511.0,149.0,82.0,,107.0,28.0,,140.0,14.0,28.0,97.0,148.0,,,,65.0,67.0,10.0,120.0,83.0,,22.0,10.0,67.0,37.0,,,54.0,24.0,4.0,12.0,4.0,2.0,8.0,5.0,4.0,5.0,3.0,,,,,2.0,18.0,,2.0,,,,,,
2024-2025,Bundesliga,amd4rodp6senk2c1mmlsqozpx,D. da Costa,Mainz 05,21,Defender,25,25,0,6,2157,1201.0,935.0,935.0,79.0,461.0,1636.0,863.0,239.0,139.0,,95.0,27.0,,349.0,31.0,60.0,64.0,131.0,,,,98.0,115.0,4.0,71.0,33.0,,42.0,19.0,129.0,38.0,15.0,15.0,21.0,19.0,,23.0,7.0,9.0,3.0,2.0,10.0,9.0,1.0,,,7.0,7.0,8.0,12.0,,2.0,,,,,,
2024-2025,Bundesliga,6dtp194pewnyuhwkxcn2xpf8q,K. Sano,Mainz 05,6,Midfielder,34,34,0,2,3308,1439.0,1152.0,1152.0,53.0,470.0,2236.0,1100.0,271.0,74.0,,56.0,65.0,,487.0,67.0,114.0,150.0,271.0,,,,190.0,207.0,33.0,157.0,83.0,,61.0,26.0,415.0,74.0,10.0,10.0,73.0,16.0,3.0,35.0,31.0,52.0,11.0,9.0,21.0,18.0,2.0,,,1.0,1.0,32.0,23.0,,1.0,,,,,,
2024-2025,Bundesliga,7w63iqek6hmnizlirurla1cr9,N. Amiri,Mainz 05,18,Midfielder,30,30,0,10,2773,1781.0,1304.0,1304.0,131.0,578.0,2409.0,1240.0,280.0,159.0,,30.0,16.0,,595.0,55.0,122.0,71.0,155.0,,,,207.0,237.0,51.0,33.0,16.0,,50.0,27.0,650.0,17.0,116.0,50.0,219.0,44.0,8.0,23.0,27.0,15.0,44.0,18.0,40.0,50.0,26.0,7.0,3.0,67.0,20.0,32.0,22.0,,6.0,113.0,4.0,10.0,1.0,2.0,1.0
2024-2025,Bundesliga,d3tfdqfnab7bqxfdh3399y06i,J. Burkardt,Mainz 05,29,Forward,29,28,1,19,2211,523.0,371.0,371.0,25.0,69.0,1009.0,354.0,124.0,14.0,,14.0,1.0,,269.0,24.0,58.0,44.0,163.0,,,,73.0,129.0,24.0,105.0,20.0,,15.0,7.0,473.0,85.0,19.0,19.0,184.0,23.0,,8.0,33.0,10.0,59.0,29.0,27.0,15.0,30.0,18.0,16.0,8.0,8.0,16.0,14.0,3.0,1.0,,2.0,2.0,,,
2024-2025,Bundesliga,ftm7a5ulllwzj3n6oqa6awru,P. Nebel,Mainz 05,8,Forward,31,26,5,8,2544,1167.0,820.0,820.0,45.0,185.0,1794.0,808.0,230.0,41.0,,30.0,13.0,,554.0,49.0,105.0,66.0,180.0,,,,124.0,270.0,36.0,75.0,17.0,,38.0,14.0,810.0,58.0,81.0,74.0,311.0,37.0,4.0,24.0,43.0,50.0,26.0,8.0,42.0,24.0,18.0,10.0,10.0,33.0,23.0,25.0,22.0,,3.0,17.0,,12.0,,1.0,1.0
2024-2025,Bundesliga,bwqqecmqm76v5b83v1cz891p1,Lee Jae-Sung,Mainz 05,7,Forward,33,31,2,18,2770,1049.0,808.0,808.0,20.0,244.0,1680.0,793.0,201.0,23.0,,38.0,35.0,,440.0,32.0,73.0,82.0,195.0,,,,119.0,204.0,40.0,122.0,50.0,,42.0,21.0,612.0,72.0,26.0,26.0,215.0,23.0,4.0,21.0,27.0,36.0,31.0,16.0,20.0,30.0,15.0,7.0,7.0,5.0,5.0,11.0,12.0,2.0,8.0,,,4.0,,,
2024-2025,Bundesliga,3wsyacqj7ci0ga9bzb988v7qh,L. Rieß,Mainz 05,1,Forward,2,2,0,0,198,84.0,53.0,53.0,20.0,45.0,94.0,33.0,31.0,31.0,2.0,5.0,,6.0,1.0,0.0,0.0,0.0,0.0,2.0,0.0,2.0,4.0,,,,,1.0,,,,,,,,,1.0,,,,,,,,,,,,,,,,,,,,,,
2024-2025,Bundesliga,4baqlwfu312pctopy1cx6s2c5,S. Widmer,Mainz 05,30,Forward,27,3,24,3,704,281.0,206.0,206.0,24.0,71.0,409.0,184.0,62.0,27.0,,27.0,5.0,,110.0,5.0,16.0,17.0,42.0,,,,16.0,45.0,4.0,26.0,12.0,,11.0,6.0,133.0,14.0,10.0,10.0,52.0,5.0,3.0,5.0,3.0,6.0,1.0,,5.0,2.0,1.0,,,2.0,2.0,,3.0,,1.0,,,,,,
2024-2025,Bundesliga,2w76r8guf9sacoriu0ivytyax,A. Barkok,Mainz 05,4,Forward,4,0,4,0,116,37.0,22.0,22.0,4.0,13.0,59.0,22.0,10.0,1.0,,,2.0,,8.0,1.0,5.0,3.0,12.0,,,,4.0,10.0,1.0,7.0,2.0,,2.0,1.0,21.0,5.0,1.0,1.0,7.0,2.0,,1.0,,,,,3.0,1.0,,,,4.0,3.0,,1.0,,,1.0,,,,,
2024-2025,Bundesliga,8fs5klbsyx06c5ds9s1i3xu96,Hong Hyun-Seok,Mainz 05,14,Forward,23,4,19,4,684,231.0,179.0,179.0,4.0,51.0,349.0,176.0,45.0,5.0,,9.0,7.0,,105.0,7.0,18.0,10.0,30.0,,,,25.0,44.0,8.0,12.0,3.0,,8.0,5.0,129.0,9.0,4.0,3.0,36.0,3.0,,3.0,12.0,6.0,4.0,2.0,6.0,9.0,2.0,,,1.0,1.0,4.0,2.0,,2.0,1.0,,,,,
2024-2025,Bundesliga,dvqog8r05iw9zqr68l4fcnre2,N. Veratschnig,Mainz 05,22,Forward,15,2,13,3,457,146.0,105.0,105.0,7.0,29.0,233.0,99.0,34.0,10.0,,8.0,5.0,,65.0,8.0,22.0,10.0,34.0,,,,12.0,30.0,6.0,12.0,2.0,,9.0,3.0,109.0,10.0,6.0,6.0,49.0,9.0,1.0,6.0,3.0,4.0,3.0,2.0,11.0,3.0,1.0,,,1.0,1.0,2.0,4.0,,,,,,,,
2024-2025,Bundesliga,6f3j6ttjfskkronj6hir3pl3o,,Mainz 05,42,Forward,0,0,0,0,0,,,,,,,,,,,,,,,0.0,0.0,0.0,0.0,,,,,,,,,,,,,,,,,,,,,,,,,,,,,,,,,,,,,,,,
2024-2025,Bundesliga,dzolxp2oixtakcrqfyibpu76d,K. Onisiwo,Mainz 05,9,Forward,6,1,5,1,155,24.0,14.0,14.0,1.0,2.0,60.0,14.0,8.0,,,,,,11.0,2.0,5.0,5.0,14.0,,,,4.0,9.0,2.0,9.0,3.0,,1.0,,29.0,6.0,1.0,1.0,10.0,3.0,,1.0,2.0,,3.0,3.0,3.0,1.0,,,,1.0,1.0,1.0,,,,,,,,,
2024-2025,Bundesliga,8h7u0a26g2yckx955e1g2kdbe,A. Sieb,Mainz 05,11,Forward,27,5,22,8,914,195.0,134.0,134.0,,34.0,437.0,136.0,53.0,3.0,,7.0,1.0,,73.0,15.0,48.0,30.0,88.0,,,,29.0,54.0,13.0,40.0,15.0,,10.0,6.0,199.0,25.0,4.0,4.0,85.0,13.0,2.0,4.0,25.0,4.0,23.0,16.0,27.0,5.0,7.0,2.0,2.0,2.0,2.0,11.0,6.0,1.0,1.0,,,1.0,,,
2024-2025,Bundesliga,alp8twr3g2rmfmnguffsfovtg,N. Weiper,Mainz 05,44,Forward,23,7,16,6,843,173.0,115.0,115.0,3.0,25.0,431.0,113.0,51.0,2.0,,5.0,2.0,,73.0,14.0,34.0,48.0,112.0,,,,20.0,54.0,1.0,78.0,34.0,,5.0,1.0,221.0,44.0,5.0,5.0,76.0,19.0,2.0,4.0,11.0,5.0,17.0,5.0,19.0,8.0,12.0,3.0,3.0,1.0,1.0,10.0,5.0,1.0,2.0,,,,,,
2024-2025,Bundesliga,2jrntrq2x714pviioh3jnkted,A. Meyer,Borussia Dortmund,33,Forward,2,2,0,0,197,83.0,54.0,54.0,13.0,46.0,90.0,41.0,29.0,28.0,1.0,,,7.0,,0.0,0.0,0.0,0.0,4.0,0.0,2.0,5.0,1.0,,,,1.0,,,,,,,,,,,,,,,,1.0,,,,,,,,,,,,,,,
2024-2025,Bundesliga,3k6znit6fd9mbfcnphlwyvj6d,P. Groß,Borussia Dortmund,13,Midfielder,30,28,2,12,2483,1970.0,1522.0,1522.0,127.0,550.0,2356.0,1462.0,249.0,147.0,,30.0,9.0,,792.0,31.0,53.0,55.0,109.0,,,,96.0,228.0,12.0,56.0,24.0,,44.0,16.0,656.0,32.0,126.0,70.0,232.0,18.0,5.0,28.0,9.0,33.0,13.0,6.0,6.0,42.0,7.0,,,67.0,25.0,3.0,27.0,,10.0,98.0,,3.0,1.0,1.0,
2024-2025,Bundesliga,cl6720rdjeubt0bc3su0qg3qh,J. Ryerson,Borussia Dortmund,26,Defender,29,27,2,14,2374,1447.0,1200.0,1200.0,79.0,353.0,1908.0,1155.0,134.0,68.0,,26.0,22.0,,718.0,66.0,112.0,76.0,145.0,,,,120.0,142.0,23.0,33.0,10.0,,46.0,16.0,555.0,23.0,76.0,62.0,186.0,31.0,5.0,30.0,20.0,27.0,11.0,6.0,30.0,27.0,5.0,2.0,2.0,34.0,26.0,36.0,9.0,,3.0,22.0,,1.0,,1.0,1.0
2024-2025,Bundesliga,6384gzzxuxs6pvmrn8qx4d7u1,F. Nmecha,Borussia Dortmund,8,Midfielder,26,19,7,10,1635,903.0,794.0,794.0,56.0,234.0,1247.0,738.0,101.0,19.0,,30.0,23.0,,425.0,39.0,61.0,62.0,104.0,,,,85.0,88.0,26.0,43.0,23.0,,34.0,12.0,257.0,20.0,6.0,6.0,35.0,22.0,3.0,22.0,14.0,15.0,11.0,5.0,10.0,13.0,6.0,4.0,4.0,,,17.0,12.0,,1.0,,,4.0,,,
2024-2025,Bundesliga,7lai6ovwsl01gonutejt4mms5,E. Can,Borussia Dortmund,23,Defender,31,23,8,3,2383,1905.0,1705.0,1705.0,92.0,728.0,2363.0,1613.0,186.0,85.0,,89.0,20.0,,514.0,43.0,77.0,88.0,147.0,,,,113.0,112.0,19.0,70.0,45.0,,50.0,22.0,198.0,25.0,11.0,11.0,23.0,25.0,4.0,28.0,10.0,14.0,7.0,4.0,12.0,5.0,3.0,3.0,1.0,,,15.0,19.0,1.0,,,2.0,3.0,1.0,1.0,
2024-2025,Bundesliga,d5mck7rf48chzersephpx29d5,N. Schlotterbeck,Borussia Dortmund,4,Defender,23,23,0,0,2244,2080.0,1850.0,1850.0,152.0,902.0,2559.0,1704.0,213.0,89.0,,79.0,22.0,,630.0,38.0,60.0,90.0,139.0,,,,157.0,132.0,19.0,79.0,52.0,,38.0,14.0,174.0,27.0,8.0,7.0,45.0,18.0,6.0,24.0,10.0,16.0,12.0,8.0,8.0,15.0,4.0,,,6.0,2.0,14.0,20.0,,4.0,5.0,,3.0,1.0,2.0,1.0
2024-2025,Bundesliga,xuk3qlmk4985hs8ocjjd49ka,M. Beier,Borussia Dortmund,14,Forward,29,17,12,11,1733,413.0,288.0,288.0,4.0,57.0,764.0,287.0,105.0,5.0,,14.0,7.0,,191.0,38.0,78.0,61.0,121.0,,,,49.0,113.0,16.0,43.0,23.0,,25.0,9.0,366.0,20.0,13.0,13.0,165.0,17.0,2.0,16.0,26.0,14.0,31.0,18.0,31.0,22.0,13.0,8.0,8.0,3.0,3.0,22.0,12.0,3.0,4.0,,,1.0,,,
2024-2025,Bundesliga,8cho2d1nz18i5o0zt6aysd68l,M. Sabitzer,Borussia Dortmund,20,Midfielder,26,18,8,9,1742,858.0,725.0,725.0,27.0,246.0,1135.0,701.0,108.0,31.0,,29.0,10.0,,371.0,25.0,45.0,42.0,75.0,,,,58.0,97.0,9.0,30.0,17.0,,29.0,10.0,346.0,13.0,20.0,20.0,56.0,12.0,3.0,19.0,12.0,13.0,16.0,8.0,10.0,7.0,8.0,1.0,1.0,3.0,3.0,6.0,11.0,,,,,4.0,,,
2024-2025,Bundesliga,bmrdtenqr84jt4gmw6i7wez11,S. Guirassy,Borussia Dortmund,9,Forward,30,29,1,5,2811,627.0,456.0,456.0,10.0,76.0,1255.0,446.0,169.0,7.0,,38.0,4.0,,324.0,17.0,50.0,126.0,256.0,,,,45.0,163.0,53.0,206.0,109.0,,7.0,1.0,526.0,97.0,1.0,1.0,241.0,16.0,4.0,6.0,30.0,7.0,68.0,31.0,32.0,22.0,37.0,21.0,18.0,,,11.0,25.0,5.0,3.0,,3.0,9.0,,,
2024-2025,Bundesliga,f4qcgzveslklfi8601tep77x1,J. Brandt,Borussia Dortmund,10,Midfielder,30,28,2,18,2416,1209.0,937.0,937.0,46.0,278.0,1679.0,907.0,194.0,35.0,,13.0,14.0,,530.0,30.0,84.0,41.0,124.0,,,,119.0,217.0,9.0,40.0,11.0,,26.0,15.0,714.0,29.0,58.0,45.0,222.0,8.0,1.0,11.0,36.0,17.0,34.0,19.0,39.0,51.0,15.0,5.0,4.0,16.0,9.0,19.0,11.0,,10.0,20.0,1.0,18.0,,,
2024-2025,Bundesliga,c2mwg1uhug0pbgl72uf9b927e,J. Gittens,Borussia Dortmund,43,Midfielder,32,21,11,17,1889,558.0,417.0,417.0,11.0,72.0,1071.0,416.0,88.0,11.0,,4.0,10.0,,300.0,96.0,213.0,101.0,225.0,,,,63.0,118.0,44.0,12.0,5.0,,31.0,12.0,621.0,7.0,41.0,41.0,247.0,25.0,4.0,19.0,35.0,16.0,34.0,10.0,105.0,20.0,24.0,8.0,8.0,10.0,8.0,77.0,18.0,1.0,3.0,2.0,,4.0,,,
2024-2025,Bundesliga,4u4lkw0zq671i7p9agoa57x7t,,Borussia Dortmund,35,Forward,0,0,0,0,0,,,,,,,,,,,,,,,0.0,0.0,0.0,0.0,,,,,,,,,,,,,,,,,,,,,,,,,,,,,,,,,,,,,,,,
2024-2025,Bundesliga,ay89se5rytzay8md0yeadykq2,Yan Couto,Borussia Dortmund,2,Forward,21,8,13,5,1014,723.0,573.0,573.0,39.0,186.0,951.0,547.0,96.0,32.0,,32.0,10.0,,333.0,29.0,61.0,30.0,69.0,,,,55.0,104.0,7.0,8.0,1.0,,24.0,8.0,263.0,7.0,40.0,38.0,67.0,12.0,5.0,16.0,7.0,11.0,5.0,3.0,24.0,10.0,2.0,,,13.0,13.0,13.0,2.0,,,2.0,,,,,
2024-2025,Bundesliga,ec6zx0pyq0bggng1m3k6iq51w,,Borussia Dortmund,39,Forward,0,0,0,0,0,,,,,,,,,,,,,,,0.0,0.0,0.0,0.0,,,,,,,,,,,,,,,,,,,,,,,,,,,,,,,,,,,,,,,,
2024-2025,Bundesliga,brr1dv5rqwqmy0rqmvstmgnpw,A. Kabar,Borussia Dortmund,42,Forward,5,1,4,1,167,98.0,88.0,88.0,4.0,20.0,127.0,85.0,9.0,3.0,,4.0,1.0,,57.0,4.0,7.0,6.0,12.0,,,,4.0,6.0,2.0,5.0,2.0,,5.0,2.0,21.0,3.0,,,5.0,2.0,1.0,3.0,3.0,1.0,,,1.0,1.0,,,,1.0,1.0,1.0,,,,,,,,1.0,1.0
2024-2025,Bundesliga,8lqpjau7qoetlw19tmw5j43my,Y. Lührs,Borussia Dortmund,49,Forward,3,1,2,0,148,166.0,152.0,152.0,1.0,54.0,187.0,151.0,13.0,3.0,,4.0,2.0,,57.0,1.0,1.0,5.0,6.0,,,,5.0,10.0,,5.0,4.0,,1.0,,4.0,1.0,,,,2.0,,1.0,1.0,,,,,1.0,,,,,,,,,,,,,,,
2024-2025,Bundesliga,5y55y7drtgyugbxta0jwpmzh0,,Borussia Dortmund,32,Forward,0,0,0,0,0,,,,,,,,,,,,,,,0.0,0.0,0.0,0.0,,,,,,,,,,,,,,,,,,,,,,,,,,,,,,,,,,,,,,,,
2024-2025,Bundesliga,3inva12wuqo70czviv1b0us5w,C. Campbell,Borussia Dortmund,37,Forward,4,0,4,0,57,15.0,12.0,12.0,1.0,3.0,26.0,12.0,2.0,1.0,,1.0,,,8.0,0.0,1.0,0.0,3.0,,,,3.0,1.0,1.0,2.0,,,,,9.0,2.0,,,2.0,1.0,,,,,,,1.0,,,,,1.0,1.0,,,,,,,,,,
2024-2025,Bundesliga,czpaltuhh1gskg7zh7k7qyqui,A. Azhil,Borussia Dortmund,46,Forward,1,0,1,0,35,4.0,3.0,3.0,,2.0,11.0,3.0,1.0,,,,,,1.0,1.0,2.0,1.0,2.0,,,,2.0,1.0,,,,,1.0,,3.0,,,,,2.0,1.0,1.0,1.0,,,,1.0,,,,,,,,,,,,,,,,
2024-2025,Bundesliga,7q96z3aaee5jyccb8pjthi8kp,D. Malen,Borussia Dortmund,21,Forward,14,6,8,5,683,190.0,133.0,133.0,1.0,27.0,318.0,135.0,42.0,5.0,,6.0,3.0,,91.0,11.0,35.0,12.0,39.0,,,,15.0,48.0,7.0,4.0,1.0,,,,193.0,3.0,11.0,11.0,85.0,2.0,1.0,,9.0,2.0,10.0,4.0,24.0,1.0,6.0,3.0,3.0,3.0,2.0,11.0,9.0,,,1.0,,1.0,,,
2024-2025,Bundesliga,6govmi3dn4cxa3m0lyeqc1uj9,N. Vasilj,St. Pauli,22,Goalkeeper,33,33,0,0,3186,1404.0,1033.0,1033.0,219.0,803.0,1511.0,814.0,368.0,360.0,24.0,22.0,,97.0,20.0,1.0,1.0,10.0,10.0,39.0,9.0,33.0,54.0,8.0,1.0,9.0,9.0,18.0,,,1.0,,,,1.0,1.0,1.0,,,,,,,,,,,,,1.0,,,,,,,,1.0,1.0
2024-2025,Bundesliga,curznlsytjm07efqlmyp3br2t,M. Saliakas,St. Pauli,2,Midfielder,30,26,4,12,2436,1333.0,940.0,940.0,130.0,367.0,1684.0,827.0,308.0,167.0,,62.0,20.0,,456.0,25.0,56.0,39.0,81.0,,,,84.0,206.0,15.0,25.0,14.0,,46.0,24.0,450.0,11.0,65.0,60.0,136.0,17.0,4.0,22.0,6.0,30.0,13.0,7.0,7.0,22.0,6.0,2.0,2.0,17.0,15.0,3.0,24.0,,3.0,7.0,,2.0,,,
2024-2025,Bundesliga,943lx505f9ple1gtxx9m178q1,L. Ritzka,St. Pauli,21,Forward,21,11,10,10,992,425.0,301.0,301.0,28.0,110.0,639.0,276.0,103.0,44.0,,41.0,11.0,,162.0,29.0,51.0,36.0,80.0,,,,35.0,76.0,6.0,29.0,7.0,,49.0,20.0,123.0,22.0,17.0,17.0,29.0,10.0,1.0,29.0,4.0,14.0,7.0,6.0,2.0,5.0,1.0,1.0,1.0,3.0,2.0,,3.0,,,1.0,,,,,
2024-2025,Bundesliga,d3ikbsb9xrytwlf4ls34cvqol,K. Mets,St. Pauli,3,Defender,10,10,0,0,963,631.0,525.0,525.0,38.0,239.0,811.0,488.0,102.0,50.0,,60.0,12.0,,232.0,8.0,14.0,32.0,48.0,,,,35.0,54.0,5.0,34.0,24.0,,13.0,5.0,34.0,10.0,2.0,2.0,11.0,7.0,1.0,8.0,,6.0,2.0,2.0,1.0,,,,,1.0,1.0,,4.0,,,,,,,,
2024-2025,Bundesliga,8yiq2pl6mno23dgg2h7p2fcut,E. Smith,St. Pauli,8,Defender,32,32,0,2,3029,1677.0,1307.0,1307.0,124.0,559.0,2185.0,1231.0,246.0,153.0,,104.0,37.0,,526.0,32.0,52.0,62.0,119.0,,,,139.0,162.0,24.0,67.0,30.0,,46.0,17.0,335.0,37.0,69.0,43.0,101.0,27.0,7.0,29.0,7.0,27.0,17.0,8.0,3.0,19.0,9.0,1.0,1.0,48.0,15.0,3.0,17.0,,1.0,59.0,,4.0,,,
2024-2025,Bundesliga,effmy99qczj7w9kb28u5y7mqd,H. Wahl,St. Pauli,5,Defender,33,33,0,0,3187,1754.0,1518.0,1518.0,58.0,641.0,2330.0,1461.0,224.0,100.0,,171.0,31.0,,552.0,35.0,48.0,82.0,145.0,,,,129.0,131.0,15.0,97.0,47.0,,36.0,9.0,114.0,50.0,7.0,7.0,40.0,13.0,1.0,27.0,9.0,19.0,8.0,4.0,4.0,6.0,4.0,,,1.0,1.0,8.0,28.0,,,,,,,,
2024-2025,Bundesliga,b8uy2lt0w26m7p3qzzt54iu3t,M. Guilavogui,St. Pauli,29,Forward,25,21,4,14,1893,549.0,358.0,358.0,7.0,99.0,1093.0,355.0,172.0,18.0,,33.0,13.0,,205.0,38.0,84.0,104.0,225.0,,,,71.0,163.0,34.0,141.0,66.0,,32.0,15.0,471.0,75.0,9.0,9.0,185.0,48.0,6.0,17.0,24.0,28.0,30.0,15.0,31.0,24.0,15.0,6.0,6.0,4.0,4.0,21.0,11.0,,2.0,,,1.0,,,
2024-2025,Bundesliga,2ciak27414tln8ac4t4xj38id,J. Irvine,St. Pauli,7,Midfielder,29,29,0,0,2802,968.0,679.0,679.0,30.0,309.0,1595.0,654.0,266.0,44.0,,64.0,36.0,,242.0,37.0,79.0,122.0,229.0,,,,125.0,235.0,16.0,150.0,85.0,,56.0,28.0,356.0,65.0,13.0,13.0,142.0,38.0,2.0,28.0,13.0,22.0,36.0,24.0,14.0,26.0,12.0,,,5.0,5.0,9.0,10.0,,3.0,,,6.0,,,
2024-2025,Bundesliga,45bv6x1iz3hj6dofzcwadxv55,J. Eggestein,St. Pauli,11,Forward,27,22,5,19,1898,547.0,399.0,399.0,15.0,84.0,921.0,389.0,110.0,10.0,,8.0,,,257.0,10.0,23.0,38.0,137.0,,,,58.0,130.0,12.0,114.0,28.0,,5.0,2.0,358.0,86.0,30.0,30.0,152.0,11.0,3.0,3.0,30.0,5.0,19.0,7.0,11.0,19.0,12.0,3.0,2.0,5.0,5.0,7.0,17.0,,3.0,,1.0,3.0,,,
2024-2025,Bundesliga,eyc3sc46njsmmddsr5iwf7k6h,C. Boukhalfa,St. Pauli,16,Midfielder,25,19,6,14,1715,467.0,331.0,331.0,11.0,114.0,811.0,322.0,123.0,22.0,,25.0,12.0,,134.0,23.0,55.0,46.0,120.0,,,,60.0,109.0,17.0,65.0,23.0,,26.0,15.0,268.0,42.0,8.0,8.0,67.0,18.0,1.0,11.0,20.0,19.0,12.0,8.0,17.0,7.0,4.0,2.0,2.0,2.0,2.0,12.0,12.0,1.0,,,,2.0,,,
2024-2025,Bundesliga,16rur8pbshrs9xypsq7mnxzhl,O. Afolayan,St. Pauli,17,Forward,32,17,15,15,1748,461.0,308.0,308.0,24.0,71.0,960.0,296.0,96.0,18.0,,20.0,8.0,,187.0,56.0,127.0,75.0,191.0,,,,72.0,118.0,42.0,64.0,19.0,,17.0,9.0,461.0,45.0,40.0,40.0,155.0,21.0,3.0,8.0,45.0,16.0,26.0,13.0,62.0,18.0,13.0,3.0,3.0,12.0,12.0,48.0,13.0,,2.0,,,1.0,,,
2024-2025,Bundesliga,3kt58x082lj8650en2mt60xqt,,St. Pauli,32,Forward,0,0,0,0,0,,,,,,,,,,,,,,,0.0,0.0,0.0,0.0,,,,,,,,,,,,,,,,,,,,,,,,,,,,,,,,,,,,,,,,
2024-2025,Bundesliga,8k5rritl3k05hubghapadgx61,D. Sinani,St. Pauli,10,Forward,26,14,12,13,1350,546.0,361.0,361.0,31.0,114.0,818.0,359.0,107.0,42.0,,13.0,1.0,,234.0,21.0,38.0,31.0,80.0,,,,52.0,110.0,14.0,42.0,10.0,,14.0,3.0,333.0,32.0,45.0,15.0,118.0,25.0,3.0,11.0,16.0,11.0,20.0,8.0,14.0,20.0,12.0,2.0,2.0,29.0,5.0,10.0,16.0,,1.0,54.0,,5.0,,,
2024-2025,Bundesliga,4utwau93up0mtsh7g45x0vis5,A. Albers,St. Pauli,19,Forward,14,0,14,0,154,29.0,15.0,15.0,,6.0,78.0,15.0,14.0,1.0,,1.0,,,8.0,3.0,5.0,13.0,27.0,,,,3.0,13.0,2.0,22.0,10.0,,1.0,,46.0,12.0,,,20.0,3.0,,1.0,6.0,,2.0,1.0,2.0,1.0,1.0,1.0,1.0,,,2.0,1.0,,,,,,,,
2024-2025,Bundesliga,9y3cnx4ymvbndjyu6sk936k4q,F. Stevens,St. Pauli,14,Forward,1,0,1,0,4,2.0,1.0,1.0,,,2.0,1.0,1.0,,,,,,,0.0,0.0,0.0,0.0,,,,,1.0,,,,,,,1.0,,,,1.0,,,,,,,,,,,,,,,,,,,,,,,,
2024-2025,Bundesliga,8bllf54c5zh74je3guhk6u3ca,D. Nemeth,St. Pauli,4,Defender,24,24,0,5,2263,1107.0,956.0,956.0,56.0,383.0,1501.0,901.0,141.0,67.0,,94.0,18.0,,382.0,33.0,53.0,70.0,121.0,,,,87.0,80.0,14.0,68.0,37.0,,43.0,14.0,71.0,31.0,6.0,6.0,21.0,21.0,3.0,29.0,3.0,18.0,5.0,4.0,6.0,2.0,1.0,,,1.0,1.0,4.0,11.0,,1.0,,,,,,
2024-2025,Bundesliga,1xsy3m0bzicto5ogxsd026bmy,E. Ahlstrand,St. Pauli,20,Forward,5,0,5,0,76,13.0,10.0,10.0,,2.0,25.0,10.0,3.0,,,1.0,1.0,,6.0,0.0,0.0,0.0,3.0,,,,,3.0,,3.0,,,,,12.0,3.0,,,6.0,,,,,1.0,,,,,,,,,,,,,,,,,,,
2024-2025,Bundesliga,bh5gxk1kd65fnph0s6kgxt8q2,R. Wagner,St. Pauli,39,Forward,12,5,7,4,461,130.0,98.0,98.0,8.0,36.0,225.0,90.0,29.0,5.0,,12.0,2.0,,48.0,4.0,10.0,9.0,22.0,,,,22.0,26.0,5.0,12.0,5.0,,8.0,5.0,44.0,7.0,2.0,2.0,7.0,6.0,1.0,3.0,6.0,8.0,,,1.0,,,,,,,1.0,2.0,,,,,,,,
2024-2025,Bundesliga,aw10uq1kb2kgr79s8zbipts5x,A. Dźwigała,St. Pauli,25,Forward,16,2,14,2,466,212.0,173.0,173.0,14.0,83.0,315.0,159.0,35.0,21.0,,28.0,4.0,,65.0,11.0,22.0,24.0,39.0,,,,13.0,17.0,3.0,17.0,13.0,,20.0,10.0,42.0,4.0,3.0,3.0,20.0,5.0,2.0,10.0,2.0,5.0,6.0,6.0,1.0,,,,,,,1.0,1.0,,,,,1.0,1.0,1.0,
2024-2025,Bundesliga,c3euxdjumo01xoaylkqxkn2tw,,St. Pauli,42,Forward,0,0,0,0,0,,,,,,,,,,,,,,,0.0,0.0,0.0,0.0,,,,,,,,,,,,,,,,,,,,,,,,,,,,,,,,,,,,,,,,
2024-2025,Bundesliga,64pzn3jdqo6y2izlpm8n3tvpx,M. Neuer,Bayern München,1,Goalkeeper,22,22,0,0,2129,924.0,795.0,795.0,169.0,674.0,1001.0,626.0,128.0,117.0,6.0,9.0,,32.0,11.0,1.0,2.0,5.0,6.0,15.0,13.0,22.0,54.0,11.0,1.0,4.0,4.0,5.0,1.0,1.0,,,,,,,,,,,,,,1.0,,,,,,1.0,,,,,,1.0,,,
2024-2025,Bundesliga,6ie5meimavc8kwohr6lrdyket,Raphaël Guerreiro,Bayern München,22,Defender,23,19,4,14,1629,1359.0,1199.0,1199.0,32.0,303.0,1636.0,1174.0,126.0,10.0,,19.0,10.0,,716.0,22.0,40.0,30.0,61.0,,,,94.0,137.0,7.0,21.0,8.0,,19.0,7.0,581.0,13.0,21.0,20.0,134.0,9.0,2.0,12.0,15.0,9.0,17.0,6.0,11.0,24.0,11.0,4.0,4.0,7.0,3.0,10.0,4.0,1.0,4.0,5.0,,8.0,,,
2024-2025,Bundesliga,582uvj0i3dvm0zwbou9q68pgp,A. Davies,Bayern München,19,Defender,19,17,2,4,1656,1272.0,1139.0,1139.0,26.0,332.0,1656.0,1115.0,109.0,13.0,,22.0,13.0,,659.0,48.0,99.0,57.0,116.0,,,,115.0,116.0,26.0,17.0,9.0,,30.0,13.0,525.0,8.0,20.0,20.0,139.0,8.0,,17.0,19.0,13.0,9.0,6.0,38.0,27.0,3.0,1.0,1.0,2.0,2.0,31.0,9.0,1.0,4.0,,,6.0,,,
2024-2025,Bundesliga,4w4ldzomkj7fhrc51iimz8no5,L. Goretzka,Bayern München,8,Forward,26,13,13,4,1470,1225.0,1101.0,1101.0,28.0,418.0,1522.0,1073.0,114.0,22.0,,25.0,20.0,,445.0,18.0,31.0,49.0,88.0,,,,77.0,97.0,11.0,57.0,31.0,,21.0,10.0,320.0,26.0,5.0,5.0,39.0,12.0,2.0,11.0,4.0,20.0,22.0,11.0,3.0,8.0,11.0,4.0,4.0,,,7.0,17.0,1.0,1.0,,,5.0,,,
2024-2025,Bundesliga,x4qyxhfr2vi007sazoqe5vit,D. Upamecano,Bayern München,2,Defender,20,20,0,4,1857,1923.0,1803.0,1803.0,77.0,871.0,2333.0,1728.0,113.0,28.0,,45.0,34.0,,471.0,25.0,43.0,84.0,144.0,,,,115.0,89.0,11.0,101.0,59.0,,36.0,14.0,140.0,42.0,4.0,4.0,37.0,20.0,6.0,22.0,4.0,10.0,11.0,5.0,4.0,4.0,6.0,2.0,2.0,2.0,2.0,3.0,9.0,1.0,,,,,,,
2024-2025,Bundesliga,2p1pns6j6id4nx3nbi7fv0wrt,Kim Min-Jae,Bayern München,3,Defender,27,27,0,7,2419,2530.0,2340.0,2340.0,73.0,1235.0,3056.0,2267.0,187.0,54.0,,91.0,37.0,,633.0,23.0,40.0,105.0,165.0,,,,153.0,133.0,4.0,125.0,82.0,,35.0,15.0,118.0,43.0,,,27.0,25.0,2.0,20.0,5.0,13.0,6.0,1.0,2.0,3.0,5.0,2.0,2.0,,,3.0,11.0,1.0,,,,1.0,,,
2024-2025,Bundesliga,4603xrdk721lqhd1ejn62x5n9,L. Sané,Bayern München,10,Midfielder,30,17,13,10,1756,909.0,732.0,732.0,14.0,117.0,1349.0,736.0,115.0,11.0,,3.0,7.0,,509.0,54.0,132.0,61.0,145.0,,,,82.0,146.0,25.0,13.0,7.0,,23.0,8.0,799.0,6.0,42.0,36.0,256.0,16.0,2.0,15.0,27.0,8.0,49.0,20.0,70.0,33.0,29.0,11.0,11.0,18.0,9.0,39.0,18.0,,6.0,15.0,,5.0,,,
2024-2025,Bundesliga,97nv3y9z2ajz6b4ynoo0jn3kl,J. Kimmich,Bayern München,6,Midfielder,33,32,1,1,3045,3652.0,3206.0,3206.0,232.0,1312.0,4115.0,3037.0,241.0,112.0,,34.0,25.0,,1345.0,41.0,70.0,53.0,91.0,,,,190.0,264.0,27.0,21.0,12.0,,47.0,18.0,1037.0,9.0,135.0,66.0,223.0,15.0,4.0,29.0,7.0,20.0,21.0,11.0,11.0,62.0,10.0,3.0,3.0,63.0,15.0,12.0,16.0,,9.0,117.0,,21.0,,,
2024-2025,Bundesliga,b9g4qurpll4wizajo95c406hh,H. Kane,Bayern München,9,Forward,31,28,3,13,2511,645.0,504.0,504.0,47.0,168.0,1073.0,462.0,121.0,21.0,,16.0,2.0,,278.0,34.0,69.0,63.0,118.0,,,,61.0,109.0,21.0,49.0,29.0,,13.0,2.0,588.0,20.0,9.0,9.0,220.0,9.0,5.0,11.0,22.0,14.0,90.0,36.0,33.0,35.0,54.0,26.0,17.0,5.0,4.0,23.0,26.0,5.0,9.0,1.0,9.0,17.0,,,
2024-2025,Bundesliga,bhsdzppop8jwjsxwftizot1t6,J. Musiala,Bayern München,42,Midfielder,25,21,4,12,1882,942.0,770.0,770.0,14.0,227.0,1485.0,764.0,152.0,7.0,,5.0,8.0,,434.0,93.0,181.0,100.0,202.0,,,,75.0,152.0,55.0,21.0,7.0,,36.0,15.0,723.0,14.0,7.0,7.0,256.0,20.0,3.0,21.0,33.0,30.0,50.0,19.0,73.0,38.0,31.0,12.0,12.0,8.0,1.0,72.0,18.0,2.0,2.0,7.0,,14.0,,,
2024-2025,Bundesliga,1u1u438ql6xrordkb65wsxo7p,K. Coman,Bayern München,11,Midfielder,28,14,14,13,1395,740.0,614.0,614.0,15.0,89.0,1080.0,609.0,79.0,16.0,,15.0,8.0,,459.0,51.0,101.0,62.0,128.0,,,,59.0,98.0,12.0,27.0,11.0,,17.0,5.0,597.0,16.0,35.0,35.0,221.0,9.0,,12.0,18.0,12.0,33.0,16.0,45.0,30.0,17.0,5.0,5.0,10.0,10.0,39.0,11.0,,4.0,,,,,,
2024-2025,Bundesliga,4ysxvym6ww4f9d3hflkqsbf11,S. Gnabry,Bayern München,7,Forward,27,13,14,9,1358,597.0,493.0,493.0,18.0,106.0,853.0,480.0,79.0,10.0,,9.0,6.0,,339.0,29.0,62.0,33.0,76.0,,,,47.0,87.0,6.0,14.0,4.0,,20.0,9.0,444.0,10.0,18.0,18.0,178.0,19.0,,11.0,7.0,11.0,37.0,20.0,24.0,19.0,17.0,7.0,7.0,5.0,4.0,18.0,12.0,,3.0,1.0,,5.0,,,
2024-2025,Bundesliga,az7wa6km1zhvsb8y4mndlogyd,E. Dier,Bayern München,15,Forward,21,16,5,2,1590,1412.0,1324.0,1324.0,48.0,616.0,1768.0,1276.0,84.0,30.0,,77.0,20.0,,369.0,13.0,22.0,65.0,117.0,,,,80.0,56.0,4.0,95.0,52.0,,19.0,8.0,79.0,43.0,2.0,2.0,30.0,16.0,1.0,11.0,2.0,11.0,7.0,2.0,1.0,3.0,5.0,2.0,2.0,,,2.0,10.0,2.0,1.0,,,2.0,,,
2024-2025,Bundesliga,ecp0v1dxqfjbgy3urnkz5d3o5,João Palhinha,Bayern München,16,Forward,17,6,11,2,819,552.0,510.0,510.0,21.0,148.0,689.0,489.0,39.0,11.0,,9.0,4.0,,286.0,16.0,24.0,36.0,55.0,,,,17.0,30.0,10.0,31.0,20.0,,20.0,6.0,130.0,11.0,2.0,2.0,18.0,13.0,2.0,14.0,7.0,12.0,7.0,4.0,2.0,2.0,3.0,,,,,2.0,4.0,,,,,,1.0,1.0,
2024-2025,Bundesliga,m2c4lckkcr7yilnqxrrsgh2i,M. Olise,Bayern München,17,Midfielder,34,28,6,18,2435,1585.0,1230.0,1230.0,49.0,325.0,2198.0,1241.0,194.0,54.0,,16.0,8.0,,776.0,95.0,197.0,106.0,220.0,,,,105.0,235.0,65.0,23.0,11.0,,36.0,13.0,1322.0,12.0,95.0,63.0,431.0,22.0,3.0,23.0,29.0,22.0,58.0,22.0,89.0,64.0,36.0,12.0,10.0,60.0,20.0,72.0,29.0,,13.0,72.0,2.0,25.0,,,
2024-2025,Bundesliga,5y4i3tmhz8p24vfhccjzg5n8p,D. Peretz,Bayern München,18,Forward,3,3,0,0,283,103.0,79.0,79.0,11.0,62.0,116.0,68.0,24.0,23.0,,2.0,,2.0,2.0,0.0,0.0,0.0,0.0,5.0,0.0,3.0,10.0,1.0,2.0,,,,,,,,,,,,1.0,,,,,,,,,,,,,,,,,,,1.0,,,
2024-2025,Bundesliga,4fq74wp7xzwm214veuxqpdz9x,T. Müller,Bayern München,25,Forward,30,12,18,9,1364,631.0,457.0,457.0,20.0,115.0,865.0,453.0,126.0,9.0,,14.0,2.0,,298.0,13.0,29.0,32.0,77.0,,,,24.0,147.0,12.0,48.0,19.0,,8.0,3.0,501.0,29.0,30.0,30.0,187.0,14.0,3.0,5.0,20.0,10.0,24.0,13.0,13.0,30.0,11.0,1.0,1.0,16.0,16.0,8.0,6.0,,3.0,,,8.0,,,
2024-2025,Bundesliga,1qthvf5krys0pzk24h8wtr9at,K. Laimer,Bayern München,27,Defender,29,19,10,7,1841,1225.0,1071.0,1071.0,31.0,366.0,1589.0,1044.0,132.0,13.0,,24.0,8.0,,552.0,44.0,82.0,59.0,110.0,,,,81.0,136.0,12.0,28.0,15.0,,49.0,22.0,538.0,13.0,17.0,17.0,131.0,35.0,8.0,27.0,23.0,23.0,14.0,8.0,16.0,22.0,6.0,2.0,2.0,4.0,4.0,17.0,5.0,,4.0,,,3.0,,,
2024-2025,Bundesliga,cv1d56d42wujfuc4kt6bn53x0,M. Tel,Bayern München,39,Forward,8,2,6,2,294,128.0,105.0,105.0,6.0,23.0,181.0,102.0,16.0,5.0,,1.0,1.0,,72.0,8.0,15.0,9.0,16.0,,,,10.0,15.0,6.0,1.0,1.0,,2.0,,94.0,,4.0,4.0,25.0,5.0,,2.0,6.0,,5.0,2.0,7.0,1.0,3.0,,,3.0,1.0,6.0,5.0,,1.0,2.0,,,,,
2024-2025,Bundesliga,b0l4lfplx1we1xo5usm0h2ec4,A. Aznou,Bayern München,49,Forward,2,0,2,0,29,17.0,13.0,13.0,1.0,5.0,20.0,12.0,2.0,,,1.0,,,7.0,0.0,0.0,0.0,1.0,,,,1.0,3.0,,1.0,,,,,11.0,1.0,1.0,1.0,1.0,,,,,,,,,,,,,,,,,,,,,,,,
2024-2025,Bundesliga,d3xdl3p9vd1c0m316oq2pblxx,A. Nübel,Stuttgart,33,Goalkeeper,34,34,0,0,3319,1311.0,1009.0,1009.0,223.0,835.0,1418.0,786.0,296.0,286.0,21.0,18.0,,88.0,13.0,1.0,1.0,5.0,6.0,53.0,7.0,34.0,72.0,10.0,4.0,5.0,4.0,8.0,,,,1.0,,,,,,,,,,,,3.0,,,,,,1.0,,,1.0,,,,,,
2024-2025,Bundesliga,bibz1qxakmbflq73marmo4nop,J. Vagnoman,Stuttgart,4,Defender,26,19,7,7,1989,902.0,715.0,715.0,49.0,202.0,1275.0,676.0,144.0,34.0,,57.0,14.0,,423.0,22.0,57.0,44.0,99.0,,,,92.0,143.0,20.0,42.0,22.0,,26.0,12.0,335.0,20.0,33.0,33.0,115.0,18.0,4.0,14.0,19.0,14.0,12.0,6.0,23.0,17.0,6.0,1.0,1.0,10.0,10.0,8.0,5.0,,1.0,,,1.0,,,
2024-2025,Bundesliga,6q2mf0qrkt51z28b46wltxal1,M. Mittelstädt,Stuttgart,7,Defender,31,28,3,10,2633,2035.0,1649.0,1649.0,105.0,595.0,2599.0,1593.0,215.0,101.0,,96.0,47.0,,837.0,75.0,120.0,99.0,163.0,,,,119.0,230.0,38.0,43.0,24.0,,79.0,25.0,667.0,19.0,116.0,108.0,181.0,24.0,5.0,54.0,8.0,36.0,16.0,12.0,20.0,34.0,4.0,1.0,1.0,49.0,41.0,21.0,16.0,,7.0,16.0,,2.0,,,
2024-2025,Bundesliga,7hnmtyfmurizitwz1whecjnmy,A. Stiller,Stuttgart,6,Midfielder,32,31,1,3,2969,2540.0,2175.0,2175.0,112.0,927.0,3018.0,2107.0,245.0,100.0,,50.0,26.0,,827.0,47.0,79.0,65.0,125.0,,,,140.0,210.0,48.0,46.0,18.0,,49.0,22.0,596.0,28.0,65.0,42.0,145.0,21.0,6.0,27.0,25.0,20.0,11.0,6.0,10.0,48.0,5.0,1.0,1.0,44.0,19.0,20.0,20.0,,8.0,48.0,,15.0,,,
2024-2025,Bundesliga,4c4ghf9zlkof83n5mnmva61d6,A. Rouault,Stuttgart,29,Defender,18,14,4,5,1300,874.0,787.0,787.0,43.0,379.0,1133.0,744.0,85.0,38.0,,63.0,19.0,,236.0,13.0,21.0,46.0,75.0,,,,63.0,48.0,8.0,54.0,33.0,,15.0,4.0,45.0,21.0,1.0,1.0,22.0,18.0,1.0,11.0,4.0,9.0,4.0,3.0,4.0,5.0,1.0,1.0,1.0,,,2.0,10.0,1.0,,,,1.0,,,
2024-2025,Bundesliga,mgwgcv336wb93xvv0pfr6dih,J. Chabot,Stuttgart,24,Defender,31,27,4,8,2471,1946.0,1749.0,1749.0,98.0,763.0,2459.0,1651.0,193.0,99.0,,135.0,38.0,,523.0,27.0,42.0,105.0,162.0,,,,98.0,96.0,28.0,120.0,78.0,,37.0,13.0,110.0,42.0,2.0,2.0,56.0,35.0,10.0,24.0,3.0,10.0,15.0,12.0,2.0,4.0,3.0,3.0,3.0,,,3.0,23.0,1.0,1.0,,,,,1.0,1.0
2024-2025,Bundesliga,83usrrx99pkiihnkz44dt2gru,F. Rieder,Stuttgart,32,Forward,21,8,13,8,968,398.0,266.0,266.0,21.0,75.0,592.0,260.0,86.0,26.0,,7.0,10.0,,166.0,23.0,36.0,27.0,53.0,,,,45.0,89.0,11.0,17.0,4.0,,17.0,3.0,252.0,13.0,29.0,14.0,85.0,14.0,1.0,14.0,13.0,9.0,15.0,8.0,10.0,10.0,7.0,1.0,,15.0,2.0,9.0,6.0,,3.0,28.0,1.0,2.0,,,
2024-2025,Bundesliga,a4p1m3cqm6z2p1bw97s6k46ad,A. Karazor,Stuttgart,16,Midfielder,32,31,1,9,2804,1857.0,1608.0,1608.0,57.0,559.0,2454.0,1551.0,239.0,45.0,,51.0,32.0,,705.0,41.0,81.0,98.0,182.0,,,,171.0,198.0,59.0,101.0,57.0,,59.0,30.0,403.0,44.0,4.0,4.0,48.0,38.0,9.0,29.0,16.0,32.0,10.0,3.0,10.0,16.0,7.0,2.0,2.0,,,12.0,11.0,,5.0,,,6.0,,1.0,1.0
2024-2025,Bundesliga,avk9yje6h4nndg3cufnbu2imt,E. Demirović,Stuttgart,9,Forward,34,20,14,14,2019,367.0,258.0,258.0,2.0,57.0,729.0,256.0,103.0,2.0,,12.0,3.0,,160.0,12.0,38.0,46.0,119.0,,,,33.0,104.0,27.0,81.0,34.0,,12.0,5.0,365.0,47.0,3.0,3.0,181.0,24.0,2.0,7.0,27.0,11.0,51.0,22.0,21.0,13.0,29.0,15.0,15.0,,,5.0,18.0,4.0,1.0,,,3.0,,,
2024-2025,Bundesliga,d1gc59ozyrrnl82rog6fbm0dm,E. Millot,Stuttgart,8,Midfielder,29,22,7,15,1963,1140.0,954.0,954.0,29.0,268.0,1598.0,938.0,138.0,31.0,,6.0,13.0,,546.0,44.0,98.0,52.0,125.0,,,,99.0,141.0,37.0,27.0,8.0,,30.0,17.0,528.0,19.0,34.0,24.0,181.0,25.0,9.0,13.0,36.0,27.0,32.0,14.0,37.0,21.0,18.0,6.0,6.0,13.0,3.0,31.0,12.0,1.0,6.0,20.0,,5.0,,,
2024-2025,Bundesliga,3havaatbnk8p6gc9srgajc25l,C. Führich,Stuttgart,27,Midfielder,33,23,10,18,2096,1003.0,759.0,759.0,28.0,186.0,1366.0,779.0,131.0,29.0,,19.0,6.0,,508.0,50.0,108.0,55.0,121.0,,,,64.0,163.0,6.0,13.0,5.0,,15.0,5.0,740.0,8.0,61.0,49.0,304.0,9.0,1.0,10.0,26.0,21.0,23.0,11.0,53.0,29.0,12.0,2.0,2.0,48.0,15.0,40.0,15.0,,4.0,45.0,,8.0,,,
2024-2025,Bundesliga,62gct49oglcdzxafhrfucrb2t,,Stuttgart,1,Forward,0,0,0,0,0,,,,,,,,,,,,,,,0.0,0.0,0.0,0.0,,,,,,,,,,,,,,,,,,,,,,,,,,,,,,,,,,,,,,,,
2024-2025,Bundesliga,3krglbuxncb1fvl3p1sezhoq2,A. Al Dakhil,Stuttgart,2,Forward,7,6,1,4,488,339.0,311.0,311.0,11.0,114.0,437.0,300.0,26.0,12.0,,30.0,9.0,,114.0,6.0,6.0,14.0,23.0,,,,17.0,14.0,5.0,17.0,8.0,,6.0,,6.0,9.0,,,,4.0,,6.0,,4.0,1.0,1.0,,1.0,,,,,,,8.0,,,,,,1.0,1.0,
2024-2025,Bundesliga,c3mpk7pjhma4lwkjl8v5mhox6,R. Hendriks,Stuttgart,3,Forward,25,10,15,1,1338,688.0,573.0,573.0,40.0,241.0,934.0,536.0,103.0,51.0,,63.0,19.0,,222.0,14.0,29.0,43.0,77.0,,,,40.0,61.0,14.0,48.0,29.0,,20.0,11.0,100.0,19.0,9.0,9.0,49.0,12.0,3.0,9.0,4.0,8.0,2.0,1.0,4.0,6.0,1.0,,,3.0,3.0,5.0,10.0,,1.0,,,,,,
2024-2025,Bundesliga,7at6knpizbafid4br861pi6zt,Y. Keitel,Stuttgart,5,Forward,11,2,9,3,323,190.0,156.0,156.0,10.0,52.0,243.0,146.0,32.0,9.0,,6.0,4.0,,71.0,7.0,10.0,11.0,18.0,,,,7.0,25.0,6.0,8.0,4.0,,9.0,3.0,38.0,4.0,2.0,2.0,6.0,2.0,1.0,6.0,1.0,3.0,4.0,2.0,,1.0,2.0,,,,,1.0,3.0,,,,,,,,
2024-2025,Bundesliga,e6ok0deqkoe80184iu509gzu2,E. Touré,Stuttgart,10,Forward,12,3,9,3,416,96.0,75.0,75.0,1.0,16.0,184.0,74.0,19.0,,,1.0,,,44.0,4.0,10.0,23.0,43.0,,,,8.0,19.0,3.0,33.0,19.0,,4.0,3.0,106.0,14.0,,,31.0,9.0,,1.0,2.0,1.0,12.0,8.0,3.0,6.0,4.0,2.0,2.0,,,3.0,2.0,,1.0,,,1.0,,,
2024-2025,Bundesliga,2kd2kqh0ykd5iuziic6590gve,N. Woltemade,Stuttgart,11,Forward,28,17,11,7,1825,489.0,344.0,344.0,7.0,93.0,1033.0,338.0,136.0,9.0,,15.0,1.0,,198.0,38.0,86.0,85.0,195.0,,,,53.0,132.0,35.0,109.0,47.0,,10.0,3.0,518.0,62.0,5.0,5.0,238.0,24.0,4.0,7.0,50.0,21.0,36.0,10.0,45.0,35.0,26.0,12.0,10.0,1.0,1.0,31.0,15.0,1.0,3.0,,2.0,5.0,,1.0,1.0
2024-2025,Bundesliga,7gzdg0j9usc3yq0dd1ad57sgl,P. Stenzel,Stuttgart,15,Forward,10,4,6,4,326,218.0,172.0,172.0,22.0,46.0,266.0,159.0,18.0,16.0,,6.0,2.0,,116.0,2.0,3.0,5.0,12.0,,,,11.0,21.0,2.0,9.0,3.0,,3.0,1.0,80.0,6.0,19.0,11.0,32.0,4.0,,2.0,,4.0,4.0,2.0,,3.0,2.0,,,9.0,2.0,,5.0,,,15.0,,,,,
2024-2025,Bundesliga,eamrfc3bnv1pm28o24t69tuui,J. Diehl,Stuttgart,17,Forward,6,0,6,0,155,59.0,41.0,41.0,1.0,7.0,99.0,41.0,7.0,1.0,,,,,31.0,3.0,15.0,3.0,16.0,,,,8.0,16.0,,1.0,,,1.0,1.0,59.0,1.0,10.0,8.0,21.0,2.0,,,3.0,2.0,2.0,1.0,11.0,2.0,1.0,1.0,1.0,1.0,,3.0,5.0,,,3.0,,,,,
2024-2025,Bundesliga,762ewwjz8735hlyud60cvidxw,A. Chase,Stuttgart,45,Forward,12,7,5,0,822,541.0,495.0,495.0,20.0,200.0,674.0,477.0,43.0,20.0,,35.0,9.0,,187.0,6.0,15.0,23.0,44.0,,,,21.0,24.0,2.0,29.0,17.0,,10.0,6.0,44.0,12.0,1.0,1.0,8.0,12.0,1.0,4.0,1.0,4.0,4.0,4.0,3.0,,,,,2.0,2.0,2.0,7.0,,,,,,,,
2024-2025,Bundesliga,7obuhegyo1qcoikt23egcsr85,K. Trapp,Eintracht Frankfurt,1,Goalkeeper,26,26,0,1,2499,947.0,693.0,693.0,122.0,512.0,1030.0,571.0,250.0,244.0,24.0,13.0,,84.0,15.0,0.0,0.0,4.0,7.0,35.0,6.0,26.0,52.0,6.0,1.0,7.0,4.0,9.0,,,,3.0,,,,,,,,,,,,,,,,,,,,,,,,,,,
2024-2025,Bundesliga,dchp4ud6043gahy06jrm7q6i2,N. Collins,Eintracht Frankfurt,34,Forward,24,15,9,4,1634,888.0,763.0,763.0,40.0,267.0,1231.0,726.0,108.0,50.0,,74.0,16.0,,355.0,36.0,69.0,49.0,95.0,,,,78.0,72.0,22.0,26.0,13.0,,33.0,9.0,183.0,13.0,14.0,14.0,62.0,26.0,4.0,24.0,11.0,11.0,5.0,3.0,24.0,2.0,2.0,1.0,1.0,3.0,3.0,12.0,11.0,,1.0,,,,,,
2024-2025,Bundesliga,8qlz4omhgfnzyb2cgeou7xn56,A. Theate,Eintracht Frankfurt,3,Defender,31,31,0,4,2941,1863.0,1533.0,1533.0,131.0,716.0,2470.0,1408.0,299.0,152.0,,170.0,39.0,,563.0,35.0,51.0,89.0,149.0,,,,123.0,167.0,23.0,98.0,54.0,,36.0,11.0,230.0,44.0,20.0,20.0,64.0,14.0,4.0,25.0,7.0,23.0,30.0,21.0,5.0,11.0,9.0,,,6.0,6.0,10.0,25.0,,2.0,,,7.0,,1.0,1.0
2024-2025,Bundesliga,ojqb7kv87o0cidbckgtg1rdh,E. Skhiri,Eintracht Frankfurt,15,Midfielder,30,26,4,8,2393,1303.0,1153.0,1153.0,43.0,373.0,1712.0,1110.0,143.0,37.0,,45.0,31.0,,523.0,33.0,55.0,52.0,93.0,,,,105.0,109.0,19.0,38.0,19.0,,40.0,18.0,216.0,19.0,3.0,3.0,36.0,22.0,6.0,22.0,7.0,23.0,7.0,5.0,4.0,22.0,2.0,1.0,1.0,,,11.0,13.0,,1.0,,,2.0,,,
2024-2025,Bundesliga,bd4p670s36cp1dh4fadv84qcq,Tuta,Eintracht Frankfurt,35,Defender,30,26,4,7,2458,1442.0,1265.0,1265.0,62.0,553.0,1999.0,1203.0,170.0,79.0,,135.0,40.0,,447.0,40.0,61.0,85.0,150.0,,,,120.0,94.0,9.0,89.0,45.0,,44.0,17.0,131.0,44.0,3.0,3.0,46.0,30.0,8.0,27.0,7.0,21.0,9.0,3.0,4.0,3.0,6.0,2.0,2.0,,,13.0,26.0,,1.0,,,4.0,,,
2024-2025,Bundesliga,1zumt9vkrqd8d3p3eqtwezi6t,R. Koch,Eintracht Frankfurt,4,Defender,30,30,0,3,2804,1799.0,1631.0,1631.0,80.0,719.0,2400.0,1551.0,165.0,77.0,,197.0,25.0,,492.0,12.0,27.0,114.0,177.0,,,,112.0,89.0,13.0,150.0,102.0,,24.0,13.0,84.0,48.0,1.0,1.0,52.0,24.0,3.0,11.0,3.0,14.0,10.0,4.0,2.0,7.0,6.0,3.0,3.0,,,1.0,30.0,2.0,2.0,,,,,,
2024-2025,Bundesliga,f5lfo1hz7u5bk494w53arcacq,J. Dina Ebimbe,Eintracht Frankfurt,26,Forward,7,3,4,3,322,112.0,70.0,70.0,5.0,15.0,195.0,66.0,34.0,5.0,,6.0,7.0,,46.0,7.0,14.0,15.0,26.0,,,,11.0,36.0,4.0,12.0,8.0,,3.0,1.0,71.0,4.0,7.0,7.0,32.0,10.0,,2.0,4.0,4.0,4.0,4.0,6.0,2.0,,,,1.0,1.0,5.0,4.0,,1.0,,,,,,
2024-2025,Bundesliga,elwm97xvha0y0t8yqx5sur9ck,H. Larsson,Eintracht Frankfurt,16,Midfielder,33,28,5,15,2542,1243.0,1077.0,1077.0,45.0,375.0,1653.0,1035.0,154.0,53.0,,35.0,30.0,,483.0,39.0,66.0,52.0,93.0,,,,121.0,106.0,5.0,27.0,13.0,,47.0,20.0,294.0,14.0,5.0,5.0,54.0,21.0,2.0,27.0,11.0,31.0,15.0,5.0,7.0,16.0,10.0,3.0,3.0,3.0,3.0,12.0,17.0,,1.0,,,2.0,,,
2024-2025,Bundesliga,b8if5dg0k9prjik99aiutewh5,Omar Marmoush,Eintracht Frankfurt,7,Forward,17,17,0,7,1530,430.0,274.0,274.0,24.0,94.0,838.0,276.0,71.0,29.0,,2.0,2.0,,144.0,54.0,118.0,61.0,139.0,,,,51.0,98.0,55.0,21.0,7.0,,12.0,4.0,496.0,14.0,56.0,28.0,235.0,8.0,2.0,8.0,37.0,6.0,64.0,28.0,60.0,30.0,36.0,15.0,11.0,26.0,4.0,46.0,14.0,,9.0,50.0,4.0,5.0,,,
2024-2025,Bundesliga,3vx94h32ahujciraspdayj9t6,H. Ekitiké,Eintracht Frankfurt,11,Forward,33,31,2,22,2645,644.0,478.0,478.0,16.0,94.0,1341.0,470.0,147.0,9.0,,24.0,7.0,,327.0,64.0,148.0,116.0,259.0,,,,87.0,147.0,17.0,111.0,52.0,,16.0,4.0,692.0,59.0,9.0,9.0,297.0,39.0,1.0,12.0,34.0,12.0,86.0,39.0,80.0,37.0,47.0,15.0,14.0,8.0,8.0,52.0,32.0,2.0,6.0,,1.0,6.0,,,
2024-2025,Bundesliga,cr4e64yry1ttwcjxh2klb4ui2,N. Brown,Eintracht Frankfurt,21,Midfielder,26,22,4,10,2070,901.0,695.0,695.0,51.0,183.0,1319.0,676.0,103.0,46.0,,55.0,15.0,,446.0,53.0,106.0,58.0,129.0,,,,81.0,121.0,22.0,23.0,5.0,,71.0,29.0,416.0,18.0,64.0,37.0,182.0,15.0,2.0,42.0,12.0,30.0,9.0,4.0,24.0,32.0,5.0,3.0,3.0,32.0,11.0,11.0,4.0,,8.0,48.0,,2.0,,,
2024-2025,Bundesliga,5rnmjho9ntzolo7ogkhyaey38,Kauã Santos,Eintracht Frankfurt,40,Forward,9,8,1,0,830,295.0,205.0,205.0,52.0,151.0,337.0,153.0,87.0,86.0,13.0,10.0,,36.0,4.0,0.0,0.0,7.0,7.0,11.0,3.0,8.0,19.0,1.0,2.0,7.0,7.0,4.0,,,,,,,,,,,,,1.0,,,1.0,1.0,,,,,,1.0,,,,,,,,
2024-2025,Bundesliga,ekl9e2t93vow1buusgdcs3giy,A. Amenda,Eintracht Frankfurt,5,Forward,8,1,7,1,162,69.0,58.0,58.0,6.0,29.0,101.0,52.0,11.0,4.0,,11.0,2.0,,17.0,1.0,2.0,9.0,13.0,,,,2.0,7.0,2.0,11.0,8.0,,1.0,1.0,8.0,3.0,,,2.0,3.0,1.0,,,,,,,1.0,,,,,,1.0,2.0,,,,,,,,
2024-2025,Bundesliga,684cguhktvth28ql6qgvvmcyc,F. Chaïbi,Eintracht Frankfurt,8,Forward,26,10,16,9,1149,462.0,285.0,285.0,22.0,104.0,683.0,282.0,97.0,51.0,,32.0,10.0,,173.0,16.0,25.0,32.0,62.0,,,,30.0,102.0,7.0,37.0,16.0,,13.0,4.0,276.0,21.0,56.0,28.0,120.0,5.0,2.0,9.0,7.0,10.0,18.0,12.0,5.0,17.0,6.0,1.0,1.0,19.0,9.0,7.0,7.0,,4.0,38.0,,4.0,,,
2024-2025,Bundesliga,dvhjw2ieemakzw9o56r6y4foq,I. Matanović,Eintracht Frankfurt,9,Forward,16,2,14,2,429,75.0,57.0,57.0,2.0,14.0,179.0,55.0,18.0,1.0,,9.0,1.0,,31.0,3.0,7.0,13.0,32.0,,,,8.0,17.0,11.0,25.0,10.0,,2.0,2.0,63.0,15.0,,,29.0,6.0,,,9.0,3.0,9.0,5.0,2.0,1.0,4.0,1.0,1.0,,,3.0,3.0,1.0,,,,1.0,,,
2024-2025,Bundesliga,2nqhczrkd45rdu5fcmq1wjo45,Mahmoud Dahoud,Eintracht Frankfurt,18,Forward,9,3,6,2,415,225.0,191.0,191.0,5.0,67.0,290.0,186.0,29.0,6.0,,5.0,2.0,,93.0,5.0,12.0,6.0,15.0,,,,20.0,27.0,2.0,3.0,1.0,,9.0,5.0,50.0,2.0,4.0,3.0,8.0,10.0,2.0,4.0,2.0,4.0,3.0,1.0,2.0,8.0,2.0,1.0,1.0,,,1.0,5.0,,2.0,1.0,,2.0,,,
2024-2025,Bundesliga,4lg41m643jf18dgax298bufpw,J. Bahoya,Eintracht Frankfurt,19,Forward,24,10,14,10,1030,350.0,247.0,247.0,10.0,72.0,582.0,250.0,69.0,12.0,,10.0,4.0,,158.0,35.0,63.0,48.0,83.0,,,,51.0,78.0,7.0,20.0,13.0,,29.0,11.0,221.0,7.0,21.0,18.0,87.0,9.0,3.0,18.0,17.0,12.0,4.0,1.0,17.0,16.0,3.0,2.0,2.0,13.0,8.0,17.0,8.0,,3.0,8.0,,1.0,,,
2024-2025,Bundesliga,4a59itr8bwm9auhz9f2dno104,C. Uzun,Eintracht Frankfurt,20,Forward,20,6,14,6,793,299.0,231.0,231.0,10.0,74.0,461.0,229.0,48.0,10.0,,3.0,1.0,,119.0,15.0,37.0,20.0,45.0,,,,31.0,50.0,16.0,8.0,5.0,,10.0,6.0,200.0,3.0,12.0,9.0,59.0,8.0,1.0,4.0,14.0,9.0,23.0,12.0,16.0,11.0,11.0,4.0,4.0,8.0,5.0,11.0,4.0,1.0,1.0,6.0,,2.0,,,
2024-2025,Bundesliga,eqtsanns36za56h4pfqhbnh05,M. Götze,Eintracht Frankfurt,27,Midfielder,24,18,6,14,1617,846.0,650.0,650.0,23.0,198.0,1148.0,633.0,151.0,33.0,,8.0,7.0,,357.0,37.0,66.0,40.0,79.0,,,,104.0,154.0,15.0,13.0,3.0,,41.0,13.0,374.0,10.0,36.0,23.0,115.0,15.0,1.0,28.0,27.0,14.0,7.0,2.0,16.0,30.0,5.0,3.0,3.0,6.0,2.0,9.0,2.0,,2.0,17.0,,3.0,,,
2024-2025,Bundesliga,byn8dfwg5zdefrca7wgn32qne,A. Knauff,Eintracht Frankfurt,36,Forward,30,18,12,17,1694,544.0,354.0,354.0,13.0,105.0,943.0,350.0,157.0,26.0,,24.0,12.0,,202.0,48.0,102.0,67.0,148.0,,,,76.0,154.0,28.0,46.0,19.0,,41.0,19.0,387.0,27.0,23.0,23.0,174.0,27.0,3.0,22.0,17.0,19.0,20.0,11.0,35.0,23.0,9.0,4.0,4.0,9.0,9.0,26.0,14.0,,4.0,,,4.0,,,
2024-2025,Bundesliga,8l1mv5qd9vwade754v3l8epjp,F. Rønnow,Union Berlin,1,Goalkeeper,28,28,0,0,2731,902.0,619.0,619.0,187.0,503.0,996.0,432.0,276.0,271.0,40.0,22.0,,77.0,10.0,1.0,1.0,16.0,16.0,37.0,8.0,28.0,32.0,5.0,4.0,15.0,15.0,17.0,,,2.0,,,,2.0,,2.0,,,,1.0,1.0,,,,,,,,1.0,,,,,,,,,
2024-2025,Bundesliga,52t6t7cdsr0fjs9ukmwo9y7rp,C. Trimmel,Union Berlin,28,Midfielder,26,20,6,9,1875,783.0,439.0,439.0,96.0,220.0,1090.0,378.0,230.0,142.0,,92.0,18.0,,198.0,27.0,47.0,50.0,83.0,,,,63.0,164.0,5.0,36.0,23.0,,38.0,13.0,269.0,13.0,76.0,43.0,127.0,14.0,5.0,25.0,8.0,8.0,7.0,4.0,7.0,17.0,3.0,,,35.0,18.0,2.0,8.0,,4.0,50.0,,1.0,,,
2024-2025,Bundesliga,arwidogdfccsjv8fxa1veezf9,R. Skov,Union Berlin,24,Forward,15,11,4,9,896,463.0,285.0,285.0,37.0,113.0,641.0,268.0,114.0,51.0,,9.0,8.0,,147.0,16.0,32.0,25.0,50.0,,,,43.0,104.0,10.0,18.0,9.0,,15.0,4.0,214.0,9.0,41.0,26.0,77.0,14.0,1.0,11.0,3.0,7.0,13.0,7.0,12.0,12.0,6.0,2.0,1.0,20.0,10.0,5.0,5.0,,2.0,25.0,1.0,2.0,,,
2024-2025,Bundesliga,3g9riero16s160evc28u3q3u1,Diogo Leite,Union Berlin,4,Defender,30,29,1,2,2760,1398.0,1095.0,1095.0,112.0,540.0,2073.0,987.0,285.0,128.0,,162.0,57.0,,353.0,42.0,80.0,120.0,221.0,,,,104.0,163.0,37.0,141.0,78.0,,64.0,32.0,230.0,63.0,6.0,6.0,77.0,25.0,3.0,32.0,7.0,36.0,16.0,7.0,6.0,11.0,9.0,1.0,1.0,4.0,4.0,10.0,28.0,1.0,2.0,,,,,,
2024-2025,Bundesliga,elh8kttxq9xfpoqfmpxv9jr2t,K. Vogt,Union Berlin,2,Defender,18,16,2,6,1458,897.0,790.0,790.0,74.0,460.0,1157.0,716.0,105.0,57.0,,75.0,9.0,,194.0,12.0,17.0,26.0,44.0,,,,90.0,48.0,7.0,27.0,14.0,,12.0,4.0,10.0,13.0,,,2.0,10.0,6.0,8.0,2.0,8.0,1.0,,1.0,2.0,1.0,1.0,,,,4.0,8.0,,,,1.0,,,,
2024-2025,Bundesliga,1ywfkwrcysdlvkt859q00kt7t,D. Doekhi,Union Berlin,5,Defender,34,34,0,0,3313,1270.0,992.0,992.0,59.0,395.0,1919.0,936.0,263.0,136.0,,169.0,44.0,,411.0,27.0,42.0,120.0,210.0,,,,97.0,134.0,14.0,168.0,93.0,,37.0,13.0,208.0,75.0,7.0,7.0,132.0,36.0,4.0,24.0,6.0,19.0,23.0,19.0,2.0,9.0,4.0,1.0,1.0,3.0,3.0,3.0,25.0,1.0,,,,1.0,,,
2024-2025,Bundesliga,64vve6gzn5mwodos6ynufwa5m,A. Kemlein,Union Berlin,36,Midfielder,15,11,4,7,979,465.0,348.0,348.0,25.0,114.0,649.0,326.0,108.0,34.0,,15.0,6.0,,168.0,10.0,19.0,29.0,52.0,,,,58.0,76.0,2.0,33.0,19.0,,10.0,6.0,117.0,14.0,2.0,1.0,29.0,15.0,3.0,4.0,1.0,11.0,10.0,7.0,3.0,10.0,3.0,1.0,1.0,3.0,1.0,6.0,4.0,1.0,1.0,3.0,,,,,
2024-2025,Bundesliga,1vv29mash2uijx542ssjk666t,R. Khedira,Union Berlin,8,Midfielder,32,31,1,5,2931,950.0,697.0,697.0,31.0,249.0,1463.0,669.0,220.0,65.0,,55.0,44.0,,311.0,45.0,79.0,87.0,163.0,,,,108.0,174.0,18.0,84.0,42.0,,68.0,28.0,234.0,42.0,19.0,19.0,77.0,45.0,7.0,40.0,10.0,22.0,9.0,8.0,6.0,11.0,1.0,1.0,1.0,3.0,3.0,5.0,16.0,,1.0,,,1.0,,,
2024-2025,Bundesliga,280u0x6o94auqt5e8ff89xune,B. Hollerbach,Union Berlin,16,Forward,34,30,4,19,2643,674.0,435.0,435.0,22.0,112.0,1455.0,419.0,165.0,25.0,,13.0,2.0,,258.0,64.0,166.0,93.0,260.0,,,,111.0,207.0,45.0,94.0,29.0,,43.0,21.0,710.0,65.0,67.0,67.0,289.0,42.0,3.0,22.0,94.0,35.0,50.0,26.0,81.0,21.0,24.0,9.0,9.0,6.0,6.0,42.0,26.0,,,,,3.0,,,
2024-2025,Bundesliga,arjwwth6yazptr851wu2u6e0a,Jeong Wooyeong,Union Berlin,11,Forward,23,17,6,16,1307,506.0,371.0,371.0,8.0,110.0,765.0,373.0,95.0,12.0,,11.0,11.0,,196.0,19.0,32.0,33.0,73.0,,,,68.0,112.0,15.0,41.0,14.0,,10.0,3.0,335.0,27.0,29.0,25.0,91.0,16.0,2.0,7.0,16.0,9.0,14.0,8.0,10.0,15.0,6.0,3.0,3.0,10.0,6.0,12.0,12.0,,2.0,8.0,,2.0,,,
2024-2025,Bundesliga,81sfrpdzz1nymxg1b5noo67ai,Y. Vertessen,Union Berlin,7,Forward,17,7,10,7,790,201.0,121.0,121.0,7.0,26.0,427.0,126.0,52.0,12.0,,6.0,3.0,,77.0,22.0,61.0,28.0,78.0,,,,32.0,56.0,17.0,17.0,6.0,,6.0,3.0,206.0,11.0,16.0,11.0,55.0,14.0,2.0,3.0,17.0,6.0,19.0,14.0,36.0,11.0,5.0,1.0,1.0,12.0,3.0,19.0,8.0,,,14.0,,1.0,,,
2024-2025,Bundesliga,5xhjvappzv6swoof5qpi0yj9,J. Siebatcheu,Union Berlin,17,Forward,18,10,8,8,986,191.0,132.0,132.0,3.0,27.0,459.0,129.0,58.0,3.0,,18.0,4.0,,80.0,13.0,28.0,57.0,107.0,,,,31.0,55.0,15.0,79.0,44.0,,11.0,5.0,167.0,35.0,,,67.0,22.0,2.0,6.0,17.0,7.0,18.0,11.0,10.0,12.0,7.0,,,,,7.0,7.0,,1.0,,,,,,
2024-2025,Bundesliga,2xmc0gsdslrnsu6ua40kbh32t,K. Volland,Union Berlin,10,Forward,4,0,4,0,86,14.0,10.0,10.0,,2.0,28.0,10.0,4.0,,,1.0,,,8.0,0.0,0.0,3.0,4.0,,,,2.0,4.0,,4.0,3.0,,,,13.0,1.0,,,8.0,3.0,1.0,,2.0,1.0,,,,1.0,,,,,,,,,,,,,,,
2024-2025,Bundesliga,8prrhz0d1i4vxkhgro8p42bxl,T. Skarke,Union Berlin,21,Forward,33,11,22,12,1321,347.0,233.0,233.0,8.0,52.0,630.0,235.0,84.0,8.0,,17.0,5.0,,150.0,21.0,39.0,31.0,89.0,,,,56.0,95.0,15.0,50.0,10.0,,14.0,3.0,254.0,40.0,19.0,19.0,87.0,10.0,1.0,11.0,21.0,7.0,16.0,7.0,15.0,10.0,9.0,,,10.0,10.0,10.0,4.0,,2.0,,,,,,
2024-2025,Bundesliga,9pi6iv3v58tzwbnaojw7udr6d,L. Bénes,Union Berlin,20,Forward,23,3,20,2,752,330.0,203.0,203.0,33.0,75.0,453.0,190.0,77.0,34.0,,9.0,3.0,,125.0,3.0,9.0,10.0,25.0,,,,32.0,72.0,4.0,16.0,7.0,,2.0,,165.0,9.0,29.0,14.0,58.0,9.0,4.0,2.0,5.0,4.0,13.0,6.0,6.0,16.0,7.0,2.0,2.0,20.0,13.0,1.0,7.0,,1.0,22.0,,1.0,,,
2024-2025,Bundesliga,24vavcwn4hco5je9kdu9ciwgl,J. Haberer,Union Berlin,19,Midfielder,28,21,7,16,1773,740.0,567.0,567.0,43.0,156.0,1065.0,527.0,156.0,45.0,,37.0,17.0,,308.0,31.0,45.0,46.0,89.0,,,,83.0,123.0,15.0,44.0,15.0,,39.0,10.0,189.0,29.0,12.0,12.0,53.0,22.0,1.0,29.0,11.0,16.0,9.0,6.0,4.0,5.0,3.0,,,3.0,3.0,2.0,6.0,,,,,1.0,,,
2024-2025,Bundesliga,f0x3pa532agezdjdzcsp94l49,A. Schäfer,Union Berlin,13,Forward,26,17,9,13,1637,563.0,411.0,411.0,14.0,129.0,948.0,400.0,131.0,23.0,,36.0,22.0,,209.0,39.0,84.0,67.0,131.0,,,,72.0,123.0,33.0,47.0,28.0,,52.0,26.0,241.0,19.0,15.0,13.0,73.0,27.0,3.0,26.0,9.0,27.0,9.0,8.0,19.0,9.0,1.0,1.0,1.0,3.0,2.0,13.0,9.0,,2.0,3.0,,,,,
2024-2025,Bundesliga,40rzvcdss138e6futx3bht3o5,J. Roussillon,Union Berlin,26,Forward,7,1,6,1,181,71.0,45.0,45.0,6.0,21.0,104.0,39.0,16.0,7.0,,7.0,2.0,,16.0,1.0,3.0,3.0,7.0,,,,2.0,19.0,3.0,4.0,2.0,,,,35.0,2.0,10.0,10.0,17.0,1.0,,,1.0,,1.0,1.0,2.0,,,,,,,1.0,1.0,,,,,,,,
2024-2025,Bundesliga,92wxhgs6ts4tl5bv3heso90fe,L. Querfeld,Union Berlin,14,Defender,27,17,10,3,1931,802.0,648.0,648.0,87.0,320.0,1260.0,561.0,149.0,85.0,,144.0,19.0,,193.0,15.0,34.0,80.0,153.0,,,,66.0,64.0,13.0,119.0,65.0,,25.0,13.0,95.0,54.0,,,68.0,20.0,8.0,12.0,2.0,15.0,11.0,7.0,6.0,6.0,4.0,2.0,2.0,,,3.0,15.0,1.0,2.0,,,1.0,,,
2024-2025,Bundesliga,dvo2f7d0yosn404wsrsgeprdh,A. Schwolow,Union Berlin,37,Forward,6,6,0,0,582,207.0,148.0,148.0,34.0,114.0,222.0,114.0,58.0,57.0,,2.0,,15.0,3.0,0.0,0.0,1.0,1.0,13.0,0.0,6.0,10.0,1.0,,1.0,1.0,2.0,,,,,,,,,,,,,,,,,,,,,,,,,,,,,,,
2024-2025,Bundesliga,6gjlcd7rzi3p74qwvj7ia6esq,N. Atubolu,Freiburg,1,Goalkeeper,26,26,0,1,2473,1140.0,849.0,849.0,222.0,725.0,1228.0,627.0,289.0,283.0,34.0,13.0,,85.0,6.0,0.0,0.0,10.0,11.0,37.0,10.0,26.0,53.0,6.0,,11.0,10.0,8.0,,,,1.0,,,,,2.0,,,,,,,,,,,,,,,,,,,,,,
2024-2025,Bundesliga,2jk8zu0m0tf7if0pyrkbo82xh,L. Kübler,Freiburg,17,Defender,28,22,6,14,1947,1037.0,793.0,793.0,79.0,307.0,1422.0,721.0,207.0,88.0,,61.0,53.0,,373.0,21.0,50.0,63.0,114.0,,,,73.0,142.0,23.0,64.0,42.0,,40.0,19.0,279.0,22.0,23.0,23.0,77.0,25.0,5.0,21.0,7.0,19.0,15.0,5.0,10.0,10.0,10.0,5.0,5.0,7.0,7.0,,16.0,2.0,1.0,,,,,,
2024-2025,Bundesliga,b7ve7k983eaewnupejiow3jdh,C. Günter,Freiburg,30,Defender,29,27,2,12,2436,1143.0,816.0,816.0,95.0,225.0,1397.0,756.0,198.0,105.0,,50.0,8.0,,506.0,24.0,34.0,31.0,56.0,,,,61.0,185.0,4.0,22.0,7.0,,23.0,2.0,438.0,15.0,92.0,69.0,149.0,14.0,,21.0,4.0,14.0,16.0,9.0,8.0,20.0,7.0,2.0,1.0,35.0,23.0,3.0,16.0,,2.0,35.0,1.0,2.0,,,
2024-2025,Bundesliga,4y167h8sn9cnyrvb097lf8lbd,P. Osterhage,Freiburg,6,Midfielder,30,27,3,9,2430,1025.0,856.0,856.0,26.0,231.0,1473.0,832.0,147.0,33.0,,37.0,18.0,,461.0,40.0,72.0,71.0,139.0,,,,106.0,132.0,22.0,67.0,31.0,,45.0,16.0,294.0,36.0,18.0,18.0,67.0,25.0,5.0,29.0,20.0,24.0,11.0,8.0,16.0,13.0,3.0,1.0,1.0,2.0,2.0,11.0,13.0,1.0,,,,,,1.0,1.0
2024-2025,Bundesliga,84mp3eqt1ckw107hwxpby9cd1,M. Ginter,Freiburg,28,Defender,32,28,4,1,2774,1521.0,1252.0,1252.0,91.0,619.0,2058.0,1165.0,247.0,129.0,,146.0,19.0,,357.0,21.0,37.0,119.0,196.0,,,,93.0,127.0,26.0,159.0,98.0,,30.0,13.0,166.0,61.0,9.0,9.0,106.0,13.0,5.0,17.0,,12.0,20.0,16.0,3.0,6.0,4.0,2.0,2.0,4.0,4.0,4.0,27.0,1.0,1.0,,,2.0,,,
2024-2025,Bundesliga,6o2v57d92t1mejod24gmufcut,P. Lienhart,Freiburg,3,Defender,32,31,1,3,2975,2253.0,1942.0,1942.0,141.0,961.0,2724.0,1802.0,294.0,166.0,,124.0,36.0,,622.0,17.0,34.0,74.0,127.0,,,,113.0,136.0,19.0,93.0,57.0,,22.0,9.0,146.0,36.0,8.0,8.0,59.0,22.0,5.0,13.0,2.0,11.0,7.0,6.0,8.0,3.0,1.0,1.0,1.0,1.0,1.0,4.0,21.0,1.0,,,,,,,
2024-2025,Bundesliga,7o11dzx2cccrslutrjl16ik89,R. Doan,Freiburg,42,Midfielder,34,33,1,15,2997,1089.0,760.0,760.0,39.0,281.0,1841.0,743.0,246.0,51.0,,47.0,14.0,,360.0,98.0,199.0,114.0,251.0,,,,133.0,253.0,56.0,52.0,16.0,,66.0,24.0,779.0,36.0,58.0,53.0,223.0,27.0,2.0,42.0,62.0,55.0,38.0,17.0,77.0,24.0,21.0,10.0,10.0,22.0,18.0,56.0,25.0,1.0,9.0,9.0,,12.0,,,
2024-2025,Bundesliga,f5ln82l8q7gvouj3zhsp5t4gl,M. Eggestein,Freiburg,8,Midfielder,33,33,0,10,3008,1452.0,1210.0,1210.0,29.0,454.0,2058.0,1185.0,229.0,37.0,,54.0,39.0,,507.0,43.0,82.0,103.0,198.0,,,,154.0,197.0,24.0,116.0,60.0,,57.0,25.0,350.0,56.0,5.0,5.0,86.0,22.0,4.0,32.0,19.0,27.0,19.0,9.0,14.0,19.0,10.0,2.0,2.0,4.0,4.0,11.0,27.0,,1.0,,,2.0,,,
2024-2025,Bundesliga,ejuw5de99fjgrxdn79aulbm96,J. Adamu,Freiburg,20,Forward,25,19,6,15,1617,312.0,198.0,198.0,3.0,26.0,786.0,195.0,107.0,2.0,,20.0,12.0,,141.0,13.0,40.0,66.0,201.0,,,,52.0,110.0,22.0,161.0,53.0,,9.0,6.0,349.0,108.0,5.0,5.0,124.0,38.0,5.0,3.0,24.0,14.0,29.0,18.0,21.0,12.0,11.0,2.0,2.0,,,10.0,7.0,,2.0,,,2.0,1.0,1.0,
2024-2025,Bundesliga,630sqbiu7utmkg8yw0h4ky8a2,E. Dinkçi,Freiburg,18,Midfielder,23,13,10,10,1281,394.0,293.0,293.0,6.0,86.0,656.0,291.0,83.0,15.0,,7.0,7.0,,151.0,29.0,63.0,35.0,83.0,,,,55.0,80.0,6.0,20.0,6.0,,21.0,8.0,265.0,14.0,12.0,12.0,75.0,9.0,1.0,13.0,11.0,20.0,9.0,6.0,26.0,18.0,3.0,,,4.0,3.0,16.0,7.0,,3.0,1.0,,1.0,,,
2024-2025,Bundesliga,2az0f39bhz2kvxhopalzi0h5h,V. Grifo,Freiburg,32,Midfielder,34,31,3,25,2504,1529.0,1119.0,1119.0,82.0,287.0,1986.0,1091.0,245.0,111.0,,23.0,9.0,,723.0,47.0,79.0,62.0,110.0,,,,134.0,239.0,12.0,31.0,15.0,,30.0,8.0,663.0,16.0,105.0,62.0,204.0,15.0,2.0,22.0,17.0,22.0,44.0,15.0,24.0,51.0,29.0,8.0,7.0,54.0,25.0,25.0,24.0,1.0,13.0,72.0,1.0,10.0,,,
2024-2025,Bundesliga,5bzowvtg5vhntcx1w3roriehh,F. Müller,Freiburg,21,Forward,9,8,1,0,821,326.0,206.0,206.0,62.0,182.0,347.0,144.0,118.0,115.0,5.0,3.0,,14.0,,0.0,0.0,0.0,0.0,16.0,1.0,8.0,14.0,3.0,1.0,,,4.0,,,,,,,,,,,,,,,,,,,,,,,1.0,,,,,,,,
2024-2025,Bundesliga,d36na8jr6xcc8eronhy8mcz1m,K. Sildillia,Freiburg,25,Forward,21,8,13,2,917,459.0,329.0,329.0,51.0,127.0,661.0,285.0,109.0,43.0,,38.0,11.0,,163.0,16.0,28.0,37.0,71.0,,,,33.0,78.0,9.0,43.0,21.0,,17.0,7.0,130.0,22.0,12.0,12.0,44.0,10.0,2.0,10.0,6.0,11.0,5.0,3.0,5.0,3.0,2.0,2.0,2.0,7.0,7.0,6.0,7.0,1.0,,,,,,,
2024-2025,Bundesliga,f2f68n13t1nd3cjwair6jrip6,M. Rosenfelder,Freiburg,37,Forward,25,13,12,6,1369,675.0,576.0,576.0,22.0,205.0,936.0,554.0,88.0,30.0,,65.0,7.0,,260.0,31.0,55.0,43.0,89.0,,,,60.0,67.0,14.0,34.0,12.0,,27.0,10.0,89.0,22.0,9.0,9.0,29.0,9.0,2.0,17.0,2.0,8.0,3.0,2.0,14.0,4.0,1.0,1.0,1.0,,,14.0,11.0,,,,,,,,
2024-2025,Bundesliga,2es4ydlcwwasm6mu7rmey5r3e,N. Weißhaupt,Freiburg,7,Forward,22,13,9,12,1306,413.0,237.0,237.0,28.0,66.0,671.0,235.0,92.0,30.0,,9.0,2.0,,166.0,18.0,53.0,33.0,87.0,,,,54.0,117.0,48.0,34.0,15.0,,6.0,2.0,332.0,19.0,55.0,42.0,152.0,11.0,,4.0,11.0,7.0,11.0,7.0,33.0,12.0,4.0,1.0,1.0,26.0,13.0,14.0,8.0,,,26.0,,1.0,,,
2024-2025,Bundesliga,7xj9q4ayhsel257y8hal0r755,F. Muslija,Freiburg,23,Forward,9,0,9,0,223,98.0,69.0,69.0,2.0,18.0,139.0,69.0,14.0,8.0,,1.0,1.0,,42.0,8.0,12.0,8.0,13.0,,,,12.0,19.0,2.0,1.0,,,5.0,1.0,66.0,1.0,13.0,9.0,17.0,,,4.0,1.0,,3.0,1.0,3.0,3.0,2.0,,,2.0,,4.0,,,,6.0,,1.0,,,
2024-2025,Bundesliga,ejnh215cji6xou661kiwcc91x,N. Höfler,Freiburg,27,Forward,20,7,13,1,914,376.0,325.0,325.0,5.0,115.0,569.0,320.0,48.0,4.0,,28.0,14.0,,146.0,27.0,37.0,55.0,80.0,,,,27.0,45.0,5.0,43.0,28.0,,33.0,10.0,76.0,15.0,1.0,1.0,9.0,12.0,3.0,23.0,10.0,6.0,1.0,1.0,,3.0,,,,,,4.0,4.0,,,,,,,,
2024-2025,Bundesliga,bsyv3fmihshve4jcr11qmtmfp,L. Höler,Freiburg,9,Forward,31,21,10,13,2003,595.0,388.0,388.0,6.0,90.0,1105.0,384.0,191.0,9.0,,36.0,7.0,,231.0,42.0,70.0,122.0,211.0,,,,68.0,194.0,30.0,141.0,80.0,,37.0,13.0,443.0,61.0,12.0,12.0,163.0,30.0,3.0,24.0,24.0,22.0,29.0,12.0,15.0,16.0,17.0,6.0,6.0,2.0,2.0,18.0,13.0,1.0,1.0,,,1.0,,,
2024-2025,Bundesliga,9i46dpapurzdzvd7nz3be7kl,M. Philipp,Freiburg,26,Forward,2,0,2,0,30,7.0,3.0,3.0,,,11.0,3.0,4.0,,,,,,3.0,0.0,0.0,0.0,2.0,,,,,4.0,,2.0,,,,,5.0,2.0,,,,,,,,,,,,,,,,,,,1.0,,,,,,,,
2024-2025,Bundesliga,7c6034wb3zsuq9nhxxiahiuol,M. Gregoritsch,Freiburg,38,Forward,20,5,15,4,749,158.0,100.0,100.0,3.0,31.0,312.0,97.0,56.0,3.0,,10.0,1.0,,42.0,6.0,11.0,37.0,76.0,,,,18.0,54.0,5.0,65.0,31.0,,4.0,2.0,134.0,34.0,1.0,1.0,49.0,7.0,2.0,2.0,9.0,1.0,12.0,6.0,3.0,5.0,6.0,2.0,2.0,,,4.0,5.0,2.0,2.0,,,,,,
2024-2025,Bundesliga,70esd7csbds20h5uazwktcbje,S. Boey,Bayern München,23,Forward,13,6,7,5,633,500.0,460.0,460.0,15.0,137.0,648.0,447.0,29.0,4.0,,14.0,2.0,,255.0,11.0,39.0,17.0,54.0,,,,38.0,34.0,7.0,15.0,6.0,,20.0,15.0,243.0,9.0,9.0,9.0,67.0,7.0,1.0,5.0,7.0,6.0,1.0,,13.0,3.0,1.0,,,2.0,2.0,6.0,2.0,,2.0,,,,,,
2024-2025,Bundesliga,5bnq6c53ofgo9msqn3vlobpm2,A. Ibrahimović,Bayern München,20,Forward,1,0,1,0,1,3.0,3.0,3.0,,,4.0,3.0,,,,,,,3.0,1.0,1.0,1.0,1.0,,,,,,,,,,,,,,,,,,,,,,,,,,,,,,,1.0,,,,,,,,,
2024-2025,Bundesliga,4kolmisdpprx0wrahisadl5n9,E. Rexhbeçaj,Augsburg,8,Midfielder,27,22,5,12,1907,670.0,458.0,458.0,29.0,175.0,1038.0,440.0,135.0,43.0,,22.0,16.0,,229.0,29.0,60.0,39.0,89.0,,,,85.0,155.0,42.0,29.0,10.0,,27.0,8.0,387.0,19.0,63.0,43.0,136.0,13.0,8.0,19.0,25.0,31.0,16.0,11.0,23.0,13.0,5.0,1.0,1.0,11.0,2.0,10.0,22.0,,1.0,29.0,,5.0,,,
2024-2025,Bundesliga,4zrut521fzw9fddqt74pnl756,R. Vargas,Augsburg,16,Forward,8,3,5,3,350,141.0,110.0,110.0,13.0,26.0,213.0,105.0,16.0,3.0,,1.0,2.0,,79.0,7.0,14.0,10.0,22.0,,,,14.0,19.0,3.0,8.0,3.0,,2.0,1.0,104.0,5.0,6.0,6.0,45.0,5.0,3.0,1.0,7.0,1.0,8.0,7.0,6.0,6.0,1.0,,,8.0,6.0,6.0,1.0,,,2.0,,,,,
2024-2025,Bundesliga,9rjd95oqotnalxmv56v7p1r6d,G. Kobel,Borussia Dortmund,1,Goalkeeper,32,32,0,0,3124,1241.0,993.0,993.0,167.0,790.0,1348.0,826.0,245.0,241.0,22.0,23.0,1.0,85.0,14.0,2.0,2.0,7.0,7.0,47.0,7.0,32.0,61.0,4.0,2.0,5.0,5.0,9.0,,,,,,,,,1.0,,1.0,,,,,,,,,,,2.0,,,,,,,,,
2024-2025,Bundesliga,dqrzogrwznyks6whhfhq748ut,R. Bensebaini,Borussia Dortmund,5,Defender,31,23,8,9,2199,1478.0,1265.0,1265.0,86.0,480.0,1955.0,1187.0,175.0,66.0,,86.0,33.0,,614.0,30.0,73.0,71.0,139.0,,,,100.0,138.0,24.0,66.0,41.0,,51.0,26.0,382.0,25.0,29.0,18.0,109.0,28.0,6.0,25.0,6.0,33.0,9.0,7.0,17.0,13.0,2.0,1.0,1.0,8.0,5.0,5.0,20.0,1.0,7.0,14.0,,4.0,,,
2024-2025,Bundesliga,3uqn1adw8rarez1gpen9vng7p,W. Anton,Borussia Dortmund,3,Defender,26,22,4,3,2126,1841.0,1659.0,1659.0,81.0,721.0,2352.0,1583.0,158.0,72.0,,112.0,30.0,,575.0,41.0,58.0,87.0,131.0,,,,122.0,105.0,20.0,73.0,46.0,,34.0,13.0,205.0,27.0,19.0,19.0,71.0,20.0,4.0,21.0,9.0,17.0,12.0,8.0,4.0,7.0,4.0,2.0,2.0,5.0,5.0,20.0,24.0,,2.0,,,2.0,,,
2024-2025,Bundesliga,e2w5cj66plnx3kuhnehgswsus,J. Duranville,Borussia Dortmund,16,Forward,12,2,10,2,351,84.0,58.0,58.0,2.0,13.0,167.0,57.0,13.0,3.0,,3.0,,,37.0,12.0,36.0,12.0,37.0,,,,5.0,22.0,7.0,1.0,,,3.0,3.0,115.0,1.0,12.0,12.0,49.0,10.0,3.0,,15.0,1.0,3.0,1.0,21.0,1.0,2.0,,,1.0,1.0,12.0,2.0,,,,,1.0,,,
2024-2025,Bundesliga,2we9yak4ipkr1ljigj20puv6y,G. Reyna,Borussia Dortmund,7,Forward,16,3,13,3,457,212.0,163.0,163.0,4.0,49.0,304.0,163.0,33.0,8.0,,9.0,,,90.0,4.0,15.0,11.0,28.0,,,,19.0,37.0,3.0,13.0,7.0,,7.0,7.0,128.0,6.0,12.0,8.0,29.0,8.0,3.0,,7.0,2.0,2.0,,4.0,1.0,2.0,2.0,2.0,4.0,3.0,4.0,2.0,,,5.0,,2.0,,,
2024-2025,Bundesliga,cp5t077hogyhom0scrziguyju,J. Makengo,Freiburg,33,Forward,19,7,12,2,860,306.0,236.0,236.0,16.0,67.0,438.0,226.0,43.0,19.0,,29.0,7.0,,151.0,13.0,29.0,18.0,40.0,,,,26.0,43.0,6.0,11.0,5.0,,16.0,7.0,113.0,6.0,19.0,19.0,31.0,5.0,1.0,9.0,5.0,5.0,,,9.0,1.0,,,,6.0,6.0,4.0,3.0,,,,,,,,
2024-2025,Bundesliga,3r1zsjvt43kg7aoudhh7o3rl6,N. Nkounkou,Eintracht Frankfurt,29,Forward,12,4,8,4,442,235.0,158.0,158.0,18.0,52.0,347.0,144.0,52.0,22.0,,15.0,7.0,,83.0,17.0,32.0,20.0,40.0,,,,24.0,49.0,2.0,8.0,3.0,,13.0,3.0,86.0,5.0,19.0,19.0,27.0,5.0,1.0,10.0,4.0,3.0,3.0,3.0,12.0,8.0,,,,4.0,4.0,7.0,3.0,,,,,1.0,,,
2024-2025,Bundesliga,7gni45coa4swn1i66wzpzug9h,T. Chandler,Eintracht Frankfurt,22,Forward,3,0,3,0,47,24.0,17.0,17.0,1.0,7.0,38.0,16.0,6.0,1.0,,2.0,3.0,,8.0,0.0,1.0,4.0,6.0,,,,1.0,6.0,2.0,5.0,4.0,,,,11.0,1.0,1.0,1.0,4.0,,,,,,,,1.0,,,,,,,,,,,,,,,,
2024-2025,Bundesliga,7k7whr0pdbw5wtk7g0cwozw0l,M. Weiser,Werder Bremen,8,Midfielder,32,32,0,1,3116,1558.0,1134.0,1134.0,78.0,378.0,2269.0,1073.0,341.0,66.0,,61.0,22.0,,559.0,75.0,149.0,106.0,230.0,,,,152.0,336.0,45.0,81.0,31.0,,61.0,21.0,708.0,50.0,61.0,61.0,258.0,30.0,8.0,40.0,36.0,30.0,34.0,19.0,53.0,40.0,15.0,5.0,5.0,17.0,17.0,35.0,12.0,,9.0,,,10.0,,1.0,1.0
2024-2025,Bundesliga,6qj9kdcrum9mqla72ytoojje1,M. Grüll,Werder Bremen,17,Forward,30,13,17,13,1313,327.0,245.0,245.0,9.0,74.0,616.0,242.0,60.0,7.0,,10.0,3.0,,142.0,22.0,54.0,27.0,78.0,,,,43.0,68.0,31.0,24.0,5.0,,12.0,3.0,287.0,19.0,15.0,14.0,123.0,22.0,1.0,9.0,39.0,12.0,15.0,5.0,29.0,11.0,10.0,6.0,6.0,6.0,6.0,13.0,12.0,1.0,2.0,1.0,,2.0,,,
2024-2025,Bundesliga,1rm3t48auz1wqya7tanmjyjje,,Werder Bremen,33,Forward,0,0,0,0,0,,,,,,,,,,,,,,,0.0,0.0,0.0,0.0,,,,,,,,,,,,,,,,,,,,,,,,,,,,,,,,,,,,,,,,
2024-2025,Bundesliga,33rjtcl9kkwdlp34oqn4dkx9m,A. Prass,Hoffenheim,22,Midfielder,23,19,4,12,1647,969.0,692.0,692.0,59.0,224.0,1357.0,645.0,218.0,94.0,,53.0,9.0,,386.0,43.0,86.0,58.0,120.0,,,,92.0,166.0,25.0,34.0,15.0,,42.0,19.0,348.0,19.0,42.0,42.0,115.0,17.0,1.0,23.0,10.0,27.0,7.0,6.0,24.0,18.0,1.0,,,12.0,11.0,20.0,11.0,,2.0,1.0,,3.0,,,
2024-2025,Bundesliga,980t379w5cp7umv1eltwlfca1,S. Nsoki,Hoffenheim,34,Defender,22,16,6,5,1508,838.0,718.0,718.0,55.0,347.0,1147.0,664.0,116.0,37.0,,58.0,26.0,,245.0,27.0,38.0,49.0,74.0,,,,79.0,79.0,6.0,36.0,22.0,,22.0,6.0,55.0,14.0,,,12.0,12.0,3.0,16.0,5.0,15.0,5.0,2.0,5.0,5.0,3.0,,,1.0,1.0,11.0,7.0,,,,,,1.0,1.0,
2024-2025,Bundesliga,c1nt67z429kirthuhkdxouor9,D. Samassékou,Hoffenheim,18,Forward,8,6,2,6,300,156.0,144.0,144.0,4.0,41.0,221.0,140.0,12.0,4.0,,5.0,5.0,,69.0,9.0,11.0,12.0,20.0,,,,18.0,8.0,4.0,9.0,3.0,,5.0,,49.0,6.0,,,5.0,5.0,,5.0,3.0,2.0,2.0,1.0,2.0,,1.0,,,,,4.0,3.0,,,,,,,,
2024-2025,Bundesliga,aaaskdins76bd0368sbpt7wq2,C. Lukeba,RB Leipzig,23,Defender,23,18,5,6,1697,1238.0,1053.0,1053.0,43.0,507.0,1594.0,1011.0,173.0,54.0,,74.0,17.0,,328.0,37.0,64.0,63.0,103.0,,,,74.0,129.0,15.0,39.0,26.0,,31.0,14.0,144.0,13.0,10.0,10.0,33.0,12.0,2.0,17.0,11.0,17.0,4.0,3.0,13.0,4.0,1.0,,,1.0,1.0,20.0,12.0,,,,,,,,
2024-2025,Bundesliga,4yyekuopwb7otz18rqfgwjht5,L. Geertruida,RB Leipzig,3,Defender,24,17,7,6,1672,1109.0,956.0,956.0,69.0,409.0,1394.0,892.0,137.0,52.0,,59.0,16.0,,396.0,31.0,50.0,43.0,68.0,,,,83.0,93.0,6.0,18.0,12.0,,35.0,11.0,160.0,6.0,8.0,8.0,44.0,17.0,3.0,24.0,4.0,11.0,5.0,4.0,8.0,7.0,1.0,1.0,1.0,5.0,5.0,7.0,7.0,,,,,1.0,,,
2024-2025,Bundesliga,esdfxhm45wepgjjczsduid4a1,B. Pichler,Holstein Kiel,9,Forward,18,7,11,2,915,212.0,132.0,132.0,4.0,24.0,414.0,131.0,69.0,1.0,,11.0,2.0,,95.0,10.0,26.0,51.0,98.0,,,,15.0,76.0,16.0,72.0,41.0,,5.0,3.0,174.0,31.0,8.0,8.0,87.0,14.0,1.0,2.0,12.0,2.0,15.0,6.0,13.0,12.0,9.0,1.0,1.0,3.0,3.0,8.0,7.0,,2.0,,,2.0,,,
2024-2025,Bundesliga,bm5w5xsbbflm26pdhmejwgvs9,M. Jenz,Mainz 05,3,Defender,19,18,1,2,1741,845.0,712.0,712.0,30.0,302.0,1279.0,682.0,132.0,65.0,,128.0,30.0,,230.0,22.0,41.0,96.0,156.0,,,,73.0,67.0,6.0,115.0,74.0,,36.0,16.0,53.0,41.0,,,37.0,27.0,4.0,20.0,,9.0,9.0,5.0,3.0,3.0,4.0,,,,,2.0,15.0,,,,,,,,
2024-2025,Bundesliga,cjok1odm3twxo7sqye3hua6eh,M. Leitsch,Mainz 05,5,Forward,14,6,8,2,783,370.0,289.0,289.0,12.0,127.0,560.0,277.0,78.0,37.0,,42.0,10.0,,111.0,4.0,13.0,23.0,62.0,,,,36.0,44.0,4.0,49.0,19.0,,12.0,8.0,48.0,30.0,3.0,3.0,26.0,10.0,2.0,4.0,3.0,8.0,5.0,4.0,1.0,1.0,1.0,1.0,1.0,,,,5.0,1.0,,,,,,,
2024-2025,Bundesliga,dnt7ahwfj8endqngxwfll1tjp,A. Hanche-Olsen,Mainz 05,25,Forward,22,12,10,1,1524,642.0,530.0,530.0,32.0,233.0,930.0,498.0,110.0,59.0,,85.0,12.0,,188.0,14.0,22.0,63.0,99.0,,,,44.0,52.0,9.0,77.0,49.0,,21.0,8.0,58.0,28.0,1.0,1.0,41.0,20.0,3.0,13.0,3.0,7.0,8.0,6.0,,2.0,2.0,1.0,1.0,,,1.0,22.0,1.0,1.0,,,,,1.0,1.0
2024-2025,Bundesliga,9b7iei751ersl6ny0o0k8gn3d,M. Terrier,Bayer Leverkusen,11,Forward,15,7,8,7,659,199.0,159.0,159.0,3.0,23.0,292.0,160.0,30.0,3.0,,1.0,1.0,,118.0,4.0,11.0,15.0,35.0,,,,8.0,29.0,9.0,24.0,11.0,,4.0,2.0,148.0,13.0,2.0,2.0,55.0,2.0,1.0,2.0,6.0,3.0,12.0,6.0,5.0,6.0,6.0,2.0,2.0,4.0,2.0,2.0,4.0,,1.0,2.0,,2.0,,,
2024-2025,Bundesliga,6narzhg4hjarzdm235jkcclxw,,Bayer Leverkusen,29,Forward,0,0,0,0,0,,,,,,,,,,,,,,,0.0,0.0,0.0,0.0,,,,,,,,,,,,,,,,,,,,,,,,,,,,,,,,,,,,,,,,
2024-2025,Bundesliga,ay6pvdyj5pjgwvjsqdfsrbw4q,L. Maloney,Heidenheim,33,Forward,16,10,6,6,851,285.0,202.0,202.0,17.0,75.0,485.0,185.0,81.0,38.0,,41.0,14.0,,91.0,13.0,26.0,31.0,56.0,,,,41.0,44.0,4.0,30.0,18.0,,22.0,10.0,32.0,12.0,1.0,1.0,12.0,13.0,2.0,12.0,2.0,9.0,2.0,2.0,3.0,1.0,,,,,,1.0,3.0,,,,,1.0,,,
2024-2025,Bundesliga,etfmz143p0d2yowiiijd8g6sq,M. Kaufmann,Heidenheim,29,Forward,9,3,6,3,416,91.0,45.0,45.0,4.0,17.0,193.0,41.0,44.0,5.0,,7.0,2.0,,23.0,6.0,16.0,23.0,52.0,,,,13.0,40.0,14.0,36.0,17.0,,6.0,2.0,77.0,19.0,1.0,1.0,22.0,5.0,2.0,4.0,2.0,3.0,3.0,,8.0,3.0,3.0,,,,,2.0,2.0,,,,,1.0,,,
2024-2025,Bundesliga,ijttr9nlo90ugxg03kyv7pxw,F. Feller,Heidenheim,40,Forward,2,1,1,0,142,65.0,41.0,41.0,15.0,36.0,70.0,26.0,24.0,24.0,,1.0,,1.0,,0.0,0.0,0.0,0.0,0.0,1.0,1.0,2.0,,,,,,,,,,,,,,,,,,,,,1.0,,,,,,,1.0,,1.0,,,,,,
2024-2025,Bundesliga,5a9y4yka5m1ft3f4e16f3ycfe,P. Treu,St. Pauli,23,Midfielder,33,33,0,4,3073,1532.0,1216.0,1216.0,91.0,374.0,2110.0,1134.0,250.0,108.0,,87.0,19.0,,684.0,55.0,103.0,76.0,160.0,,,,147.0,193.0,36.0,57.0,21.0,,61.0,19.0,570.0,36.0,51.0,51.0,169.0,20.0,2.0,42.0,12.0,41.0,13.0,8.0,29.0,18.0,5.0,,,9.0,9.0,13.0,19.0,,3.0,,,1.0,,,
2024-2025,Bundesliga,bcyluztjh4sjh7kgmn1s0fhg4,,St. Pauli,36,Forward,0,0,0,0,0,,,,,,,,,,,,,,,0.0,0.0,0.0,0.0,,,,,,,,,,,,,,,,,,,,,,,,,,,,,,,,,,,,,,,,
2024-2025,Bundesliga,2x9umpepyxc0tw6rhhgra2pzo,,St. Pauli,37,Forward,0,0,0,0,0,,,,,,,,,,,,,,,0.0,0.0,0.0,0.0,,,,,,,,,,,,,,,,,,,,,,,,,,,,,,,,,,,,,,,,
2024-2025,Bundesliga,3z6ekzop4y7cjuatzz9ua74k5,J. Omlin,Borussia M'gladbach,1,Forward,12,11,1,1,1135,513.0,375.0,375.0,96.0,277.0,547.0,279.0,135.0,133.0,3.0,5.0,,45.0,7.0,1.0,1.0,3.0,3.0,28.0,1.0,11.0,21.0,2.0,1.0,2.0,2.0,5.0,,,,,,,,1.0,,,,,,,,,,,,,,1.0,2.0,,,,,,1.0,1.0,
2024-2025,Bundesliga,8k5c8po5gx3vnxx36viq08xqt,N. Elvedi,Borussia M'gladbach,30,Defender,25,25,0,3,2295,1522.0,1400.0,1400.0,43.0,481.0,1990.0,1357.0,118.0,40.0,,163.0,30.0,,614.0,23.0,38.0,69.0,128.0,,,,89.0,79.0,14.0,90.0,46.0,,38.0,15.0,61.0,44.0,1.0,1.0,32.0,9.0,1.0,23.0,1.0,8.0,11.0,7.0,,6.0,4.0,1.0,1.0,,,,29.0,,3.0,,,3.0,,,
2024-2025,Bundesliga,55la79k6l8zifz8o9vbp20991,Bernardo,Bochum,5,Defender,21,19,2,0,1946,991.0,729.0,729.0,102.0,379.0,1478.0,628.0,245.0,115.0,,103.0,26.0,,259.0,31.0,52.0,121.0,185.0,,,,83.0,143.0,11.0,133.0,90.0,,46.0,18.0,136.0,43.0,13.0,13.0,69.0,24.0,5.0,28.0,8.0,21.0,6.0,4.0,3.0,3.0,2.0,,,1.0,1.0,3.0,19.0,,,,,,,,
2024-2025,Bundesliga,84qe6053b105nvafop1d60e09,M. Kwarteng,Bochum,11,Forward,7,0,7,0,215,78.0,62.0,62.0,3.0,15.0,121.0,59.0,15.0,1.0,,1.0,,,28.0,9.0,12.0,9.0,13.0,,,,8.0,15.0,1.0,1.0,,,4.0,1.0,50.0,1.0,1.0,1.0,5.0,3.0,1.0,3.0,2.0,,4.0,3.0,2.0,4.0,1.0,,,,,6.0,2.0,,,,,,,,
2024-2025,Bundesliga,bno18pni4atsobrxawb31vdd6,L. Stergiou,Stuttgart,20,Defender,12,11,1,5,929,534.0,437.0,437.0,32.0,157.0,704.0,408.0,81.0,27.0,,39.0,14.0,,224.0,17.0,32.0,23.0,46.0,,,,35.0,64.0,,14.0,6.0,,24.0,11.0,161.0,8.0,10.0,10.0,33.0,6.0,,13.0,4.0,11.0,1.0,,4.0,3.0,1.0,1.0,1.0,3.0,3.0,4.0,7.0,,2.0,,,1.0,1.0,1.0,
2024-2025,Bundesliga,esedgb7dixcwiy4es77g744d0,Jarzinho Malanga,Stuttgart,47,Forward,1,0,1,0,10,2.0,2.0,2.0,,,3.0,2.0,,,,,,,2.0,0.0,0.0,0.0,0.0,,,,,,,,,,,,3.0,,,,1.0,,,,,,,,,,,,,,,,,,,,,,,,
2024-2025,Bundesliga,4sd2zs6d5cd4d9n3oo54lglat,M. Svanberg,Wolfsburg,32,Midfielder,20,14,6,11,1282,377.0,249.0,249.0,12.0,102.0,618.0,247.0,88.0,29.0,,26.0,15.0,,97.0,20.0,46.0,32.0,78.0,,,,48.0,84.0,22.0,32.0,12.0,,20.0,10.0,173.0,20.0,25.0,17.0,57.0,16.0,4.0,10.0,10.0,7.0,16.0,9.0,16.0,7.0,7.0,3.0,3.0,10.0,4.0,10.0,9.0,1.0,1.0,14.0,,,,,
2024-2025,Bundesliga,4rtps64cca8vrscv80bgyvjf8,T. Rothe,Union Berlin,15,Midfielder,26,19,7,8,1860,803.0,538.0,538.0,57.0,195.0,1278.0,490.0,216.0,81.0,,57.0,18.0,,270.0,33.0,66.0,76.0,153.0,,,,77.0,172.0,11.0,87.0,43.0,,45.0,17.0,391.0,44.0,37.0,37.0,192.0,25.0,4.0,28.0,31.0,36.0,18.0,9.0,16.0,11.0,9.0,3.0,3.0,9.0,9.0,5.0,10.0,2.0,4.0,,,1.0,1.0,1.0,
2024-2025,Bundesliga,9kxuwgequrilkom3ru6sdxall,J. Juranović,Union Berlin,18,Midfielder,17,13,4,5,1244,588.0,351.0,351.0,81.0,159.0,803.0,298.0,154.0,86.0,,42.0,7.0,,176.0,24.0,47.0,28.0,56.0,,,,62.0,119.0,6.0,9.0,4.0,,21.0,8.0,236.0,5.0,51.0,35.0,88.0,8.0,4.0,13.0,3.0,7.0,6.0,4.0,15.0,16.0,2.0,,,28.0,17.0,11.0,6.0,,1.0,27.0,,,,,
2024-2025,Bundesliga,55lki5a7uvc67wkfgfdtjeq22,T. Breithaupt,Augsburg,18,Forward,2,2,0,2,120,67.0,57.0,57.0,1.0,26.0,97.0,57.0,9.0,1.0,,,2.0,,16.0,3.0,3.0,7.0,12.0,,,,9.0,8.0,3.0,9.0,4.0,,1.0,,9.0,5.0,,,1.0,2.0,,1.0,2.0,1.0,1.0,1.0,,1.0,,,,1.0,1.0,2.0,,,1.0,,,,,,
2024-2025,Bundesliga,3akb6xex1efr9ypj8yxr2uf4k,N. Banks,Augsburg,40,Forward,8,2,6,2,331,168.0,156.0,156.0,12.0,62.0,260.0,144.0,10.0,2.0,,28.0,5.0,,70.0,5.0,12.0,13.0,28.0,,,,13.0,10.0,1.0,16.0,8.0,,11.0,6.0,16.0,8.0,2.0,2.0,6.0,2.0,2.0,5.0,1.0,3.0,1.0,,1.0,,1.0,,,,,,2.0,,,,,,,,
2024-2025,Bundesliga,4vy3j1o829f561jf4fqum7ob9,N. Süle,Borussia Dortmund,25,Defender,15,12,3,7,1107,938.0,870.0,870.0,38.0,397.0,1109.0,832.0,65.0,23.0,,46.0,4.0,,288.0,15.0,21.0,27.0,39.0,,,,53.0,43.0,2.0,18.0,12.0,,14.0,2.0,82.0,6.0,1.0,1.0,16.0,5.0,1.0,12.0,,5.0,7.0,5.0,4.0,4.0,2.0,,,,,3.0,8.0,,1.0,,,,,,
2024-2025,Bundesliga,5n7vp6g13q7sxkzbygfbz27oq,M. Röhl,Freiburg,34,Midfielder,19,11,8,10,1032,250.0,185.0,185.0,7.0,44.0,534.0,183.0,52.0,3.0,,2.0,6.0,,107.0,22.0,60.0,36.0,108.0,,,,49.0,56.0,19.0,48.0,14.0,,16.0,6.0,212.0,34.0,7.0,7.0,70.0,21.0,2.0,10.0,22.0,8.0,9.0,6.0,32.0,10.0,3.0,,,5.0,5.0,12.0,4.0,,1.0,,,,,,
2024-2025,Bundesliga,xeybxsihh2ggg35oz4ws6jv8,B. Ogbus,Freiburg,43,Forward,2,0,2,0,38,10.0,6.0,6.0,1.0,,16.0,5.0,4.0,4.0,,2.0,1.0,,4.0,1.0,1.0,1.0,1.0,,,,1.0,,,,,,1.0,,4.0,,,,2.0,1.0,,1.0,,,,,,,,,,,,,,,,,,,,,
2024-2025,Bundesliga,61tl76nxelzp9mn608h9gji1g,S. Fukuda,Borussia M'gladbach,13,Forward,6,0,6,0,94,10.0,5.0,5.0,,1.0,27.0,5.0,4.0,1.0,,,,,3.0,1.0,3.0,4.0,9.0,,,,1.0,4.0,,6.0,3.0,,,,18.0,3.0,1.0,1.0,10.0,2.0,,,1.0,1.0,3.0,2.0,2.0,,1.0,1.0,1.0,,,1.0,,,,,,,,,
2024-2025,Bundesliga,98glpci54ztzmd3yn1kttlvpx,M. Busch,Heidenheim,2,Forward,23,15,8,7,1510,845.0,601.0,601.0,108.0,247.0,1122.0,506.0,187.0,96.0,,65.0,13.0,,304.0,20.0,34.0,33.0,62.0,,,,62.0,130.0,7.0,28.0,13.0,,26.0,9.0,193.0,15.0,39.0,39.0,56.0,8.0,1.0,17.0,1.0,13.0,8.0,5.0,5.0,8.0,3.0,,,13.0,12.0,3.0,15.0,,,1.0,,1.0,,,
2024-2025,Bundesliga,dn3llv8xjdbbndltfym5ar561,R. Kristensen,Eintracht Frankfurt,13,Defender,30,28,2,4,2729,1626.0,1250.0,1250.0,82.0,541.0,2206.0,1181.0,311.0,117.0,,97.0,20.0,,501.0,55.0,114.0,99.0,188.0,,,,121.0,240.0,12.0,74.0,44.0,,59.0,26.0,553.0,30.0,46.0,46.0,197.0,24.0,4.0,33.0,15.0,37.0,16.0,8.0,33.0,14.0,8.0,5.0,5.0,13.0,13.0,22.0,21.0,1.0,2.0,,,2.0,,,
2024-2025,Bundesliga,9cbp20wyy4ldod06myqbmkqok,O. Højlund,Eintracht Frankfurt,6,Forward,20,7,13,5,831,408.0,359.0,359.0,10.0,137.0,581.0,349.0,48.0,9.0,,11.0,5.0,,142.0,20.0,33.0,27.0,57.0,,,,40.0,40.0,3.0,24.0,7.0,,21.0,9.0,98.0,17.0,1.0,1.0,24.0,12.0,,12.0,11.0,8.0,3.0,1.0,4.0,5.0,2.0,1.0,1.0,,,8.0,10.0,,,,,,,,
2024-2025,Bundesliga,1s1v1tweyx8wxc9hj2jrnaggl,X. Schlager,RB Leipzig,24,Forward,4,2,2,2,190,98.0,84.0,84.0,2.0,34.0,137.0,83.0,12.0,5.0,,3.0,,,37.0,3.0,6.0,3.0,10.0,,,,8.0,7.0,3.0,4.0,,,4.0,2.0,16.0,4.0,,,4.0,4.0,1.0,2.0,2.0,7.0,1.0,1.0,1.0,1.0,,,,1.0,1.0,1.0,,,,,,1.0,,,
2024-2025,Bundesliga,4vbbsur550d9vskpxhi6zet5g,,RB Leipzig,38,Forward,0,0,0,0,0,,,,,,,,,,,,,,,0.0,0.0,0.0,0.0,,,,,,,,,,,,,,,,,,,,,,,,,,,,,,,,,,,,,,,,
2024-2025,Bundesliga,bwybewqjzubf5bs98fahtin10,F. Sakar,RB Leipzig,31,Forward,1,0,1,0,2,,,,,,,,,,,,,,,0.0,0.0,0.0,0.0,,,,,,,,,,,,,,,,,,,,,,,,,,,,,,,,,,,,,,,,
2024-2025,Bundesliga,725lp72qyqzvbul0aarhvi99m,R. Hranáč,Hoffenheim,2,Forward,4,2,2,2,235,147.0,127.0,127.0,4.0,56.0,196.0,123.0,20.0,9.0,,9.0,5.0,,28.0,0.0,0.0,5.0,14.0,,,,12.0,11.0,,14.0,5.0,,,,4.0,9.0,,,2.0,5.0,,,,1.0,,,,,,,,,,,2.0,,,,,,,,
2024-2025,Bundesliga,ern9zelaergw9er7s7xggt68l,C. Johansson,Holstein Kiel,5,Forward,10,7,3,2,715,305.0,268.0,268.0,12.0,108.0,456.0,256.0,36.0,8.0,,54.0,10.0,,90.0,2.0,4.0,31.0,54.0,,,,18.0,28.0,4.0,50.0,29.0,,4.0,2.0,28.0,21.0,,,24.0,5.0,,2.0,,4.0,1.0,,,5.0,1.0,,,,,,8.0,,,,,,1.0,1.0,
2024-2025,Bundesliga,bizt32yc3bs011hhdornygzbp,Maurides,St. Pauli,33,Forward,1,0,1,0,8,2.0,1.0,1.0,,,2.0,1.0,1.0,,,,,,1.0,0.0,0.0,0.0,0.0,,,,,1.0,,,,,,,2.0,,,,,,,,,,,,,,,,,,,,,,,,,,,,
2024-2025,Bundesliga,cfg0ocm0b2icpagbtnzkrihn9,N. Mukiele,Bayer Leverkusen,23,Forward,15,10,5,2,990,607.0,485.0,485.0,27.0,192.0,830.0,461.0,108.0,28.0,,37.0,16.0,,222.0,25.0,39.0,41.0,72.0,,,,46.0,90.0,14.0,33.0,16.0,,20.0,4.0,153.0,17.0,10.0,10.0,53.0,6.0,4.0,16.0,3.0,10.0,6.0,2.0,10.0,8.0,4.0,1.0,1.0,3.0,3.0,9.0,2.0,,,,,,,,
2024-2025,Bundesliga,9u0jnvttp25l5bp2pvx7pces,A. Pavlović,Bayern München,45,Midfielder,21,18,3,10,1514,1541.0,1436.0,1436.0,53.0,455.0,1755.0,1384.0,99.0,25.0,,14.0,5.0,,700.0,26.0,43.0,38.0,65.0,,,,72.0,78.0,9.0,22.0,12.0,,38.0,17.0,374.0,10.0,4.0,4.0,21.0,17.0,2.0,21.0,2.0,15.0,6.0,2.0,,7.0,4.0,1.0,1.0,1.0,1.0,5.0,6.0,,,,,5.0,,,
2024-2025,Bundesliga,br2uswvdgoj7ndkx7mnbwgyd,S. Ulreich,Bayern München,26,Forward,1,1,0,0,93,30.0,25.0,25.0,4.0,22.0,32.0,21.0,5.0,5.0,1.0,,,,,0.0,0.0,0.0,0.0,0.0,1.0,1.0,2.0,,,,,,,,,,,,,,,,,,,,,,,,,,,,,,,,,,,,
2024-2025,Bundesliga,2i8mia6uantvhtmpewgs1qz9w,J. Kusi-Asare,Bayern München,41,Forward,1,0,1,0,9,1.0,1.0,1.0,,1.0,5.0,1.0,,,,,,,,0.0,1.0,1.0,3.0,,,,,,,2.0,1.0,,1.0,1.0,2.0,1.0,,,1.0,,,,,,,,,,,,,,,,1.0,,,,,,,,
2024-2025,Bundesliga,5lz0zlszxh51oxohq4tjlop3o,,Bayern München,37,Forward,0,0,0,0,0,,,,,,,,,,,,,,,0.0,0.0,0.0,0.0,,,,,,,,,,,,,,,,,,,,,,,,,,,,,,,,,,,,,,,,
2024-2025,Bundesliga,1675dd1p91lb20f9b3w5v067e,T. Keller,Heidenheim,27,Forward,6,2,4,2,170,89.0,71.0,71.0,1.0,31.0,127.0,70.0,18.0,7.0,,11.0,4.0,,32.0,5.0,6.0,9.0,14.0,,,,3.0,11.0,4.0,8.0,4.0,,6.0,1.0,6.0,4.0,,,,6.0,2.0,5.0,,2.0,1.0,1.0,,,,,,,,,1.0,,,,,,,,
2024-2025,Bundesliga,2k8bmlxzt0qi7divtxye0a5ii,,Werder Bremen,21,Forward,0,0,0,0,0,,,,,,,,,,,,,,,0.0,0.0,0.0,0.0,,,,,,,,,,,,,,,,,,,,,,,,,,,,,,,,,,,,,,,,
2024-2025,Bundesliga,19i0qsgzkuzg3b19zogzh7o16,,Augsburg,25,Forward,0,0,0,0,0,,,,,,,,,,,,,,,0.0,0.0,0.0,0.0,,,,,,,,,,,,,,,,,,,,,,,,,,,,,,,,,,,,,,,,
2024-2025,Bundesliga,5arng6g4ietx2jwgcd2kpqdpl,R. Gumny,Augsburg,2,Forward,7,2,5,2,306,138.0,103.0,103.0,10.0,34.0,192.0,95.0,30.0,10.0,,6.0,1.0,,60.0,5.0,12.0,8.0,18.0,,,,11.0,23.0,4.0,6.0,3.0,,3.0,,74.0,3.0,3.0,3.0,28.0,4.0,2.0,3.0,1.0,2.0,4.0,2.0,7.0,2.0,2.0,,,2.0,2.0,2.0,,,,,,,,,
2024-2025,Bundesliga,8ljqtece9kp2l40o2qo1dml05,,Freiburg,24,Forward,0,0,0,0,0,,,,,,,,,,,,,,,0.0,0.0,0.0,0.0,,,,,,,,,,,,,,,,,,,,,,,,,,,,,,,,,,,,,,,,
2024-2025,Bundesliga,eazm8lkkubzkls3tpjuaao8dm,A. Kelati,Holstein Kiel,16,Forward,8,2,6,2,348,123.0,93.0,93.0,8.0,35.0,191.0,87.0,24.0,6.0,,3.0,3.0,,49.0,7.0,12.0,7.0,14.0,,,,19.0,22.0,5.0,2.0,,,7.0,3.0,46.0,2.0,4.0,4.0,14.0,4.0,1.0,4.0,4.0,3.0,5.0,2.0,2.0,4.0,3.0,1.0,1.0,2.0,2.0,3.0,2.0,,1.0,,,1.0,,1.0,1.0
2024-2025,Bundesliga,bb1x3kz4wsx5pjpymhw5mmve2,A. Bernhardsson,Holstein Kiel,11,Forward,19,15,4,11,1320,319.0,183.0,183.0,13.0,62.0,668.0,180.0,100.0,26.0,,25.0,5.0,,84.0,37.0,86.0,56.0,139.0,,,,45.0,98.0,15.0,53.0,19.0,,29.0,14.0,236.0,34.0,24.0,18.0,93.0,21.0,3.0,15.0,18.0,14.0,21.0,7.0,35.0,11.0,14.0,7.0,7.0,10.0,6.0,22.0,6.0,2.0,2.0,10.0,,2.0,,,
2024-2025,Bundesliga,47bjfjrtjv3uv5lnguc2ycg0k,J. Belocian,Bayer Leverkusen,44,Forward,5,1,4,1,89,40.0,34.0,34.0,1.0,14.0,51.0,33.0,6.0,1.0,,2.0,,,10.0,2.0,2.0,3.0,5.0,,,,2.0,5.0,4.0,3.0,1.0,,1.0,,15.0,2.0,,,1.0,1.0,1.0,1.0,,,,,,,,,,,,1.0,,,,,,,,,
2024-2025,Bundesliga,eg9xhi6wfp1duf01pcsn8vfmd,L. Tousart,Union Berlin,29,Forward,15,6,9,6,631,162.0,108.0,108.0,4.0,45.0,345.0,104.0,52.0,13.0,,27.0,7.0,,45.0,14.0,29.0,34.0,64.0,,,,32.0,41.0,6.0,35.0,20.0,,17.0,8.0,77.0,15.0,2.0,2.0,37.0,11.0,2.0,9.0,5.0,7.0,7.0,2.0,7.0,3.0,5.0,,,,,5.0,6.0,,1.0,,,,,,
2024-2025,Bundesliga,5qwarneaxnca33huiwv09mlt5,I. Prtajin,Union Berlin,9,Forward,5,2,3,2,194,48.0,17.0,17.0,,2.0,112.0,18.0,28.0,1.0,,3.0,,,14.0,3.0,5.0,13.0,32.0,,,,4.0,29.0,1.0,27.0,10.0,,3.0,1.0,61.0,17.0,2.0,2.0,24.0,1.0,,2.0,3.0,2.0,6.0,4.0,1.0,1.0,2.0,,,1.0,1.0,1.0,2.0,,,,,,,,
2024-2025,Bundesliga,2ddhjp7d5sagi9cnwaszy8178,K. Wätjen,Borussia Dortmund,38,Forward,2,0,2,0,26,8.0,3.0,3.0,,1.0,14.0,3.0,5.0,,,2.0,,,1.0,0.0,0.0,0.0,0.0,,,,2.0,5.0,1.0,,,,,,3.0,,,,,,,,,,,,,,,,,,,,,,,,,,,,
2024-2025,Bundesliga,ebj6t5jqzixrnww1z7qofznu2,K. Adeyemi,Borussia Dortmund,27,Midfielder,25,17,8,16,1494,401.0,294.0,294.0,12.0,66.0,780.0,286.0,79.0,5.0,,5.0,7.0,,197.0,54.0,126.0,63.0,148.0,,,,48.0,96.0,18.0,22.0,9.0,,20.0,6.0,436.0,13.0,22.0,21.0,161.0,27.0,4.0,14.0,31.0,13.0,33.0,15.0,66.0,20.0,18.0,7.0,7.0,4.0,3.0,40.0,14.0,,5.0,2.0,,3.0,,,
2024-2025,Bundesliga,8pltcm682goswg0qxi5d2llhw,P. Hennrich,Hoffenheim,39,Forward,1,0,1,0,18,3.0,2.0,2.0,,,9.0,2.0,,,,,,,2.0,0.0,2.0,0.0,3.0,,,,2.0,,,1.0,,,,,6.0,1.0,,,3.0,,,,,,,,2.0,,,,,,,,1.0,,,,,,,,
2024-2025,Bundesliga,2uz1cmslnjjzsgfcgji26kqg9,D. Raum,RB Leipzig,22,Midfielder,22,21,1,6,1898,1212.0,796.0,796.0,104.0,322.0,1556.0,737.0,215.0,117.0,,47.0,9.0,,408.0,39.0,67.0,52.0,100.0,,,,92.0,248.0,10.0,33.0,13.0,,38.0,10.0,536.0,20.0,150.0,116.0,250.0,23.0,5.0,28.0,9.0,17.0,6.0,2.0,18.0,34.0,4.0,1.0,,45.0,21.0,11.0,11.0,,5.0,58.0,1.0,1.0,,,
2024-2025,Bundesliga,9sn52dv1zqn6pi9gwdf9vhb84,,Bayern München,35,Forward,0,0,0,0,0,,,,,,,,,,,,,,,0.0,0.0,0.0,0.0,,,,,,,,,,,,,,,,,,,,,,,,,,,,,,,,,,,,,,,,
2024-2025,Bundesliga,22zaq3o78o5feeogqdsvig02y,L. Netz,Borussia M'gladbach,20,Forward,24,8,16,4,1109,528.0,420.0,420.0,11.0,124.0,759.0,417.0,91.0,30.0,,36.0,10.0,,239.0,20.0,48.0,31.0,73.0,,,,42.0,69.0,6.0,25.0,11.0,,24.0,10.0,184.0,14.0,8.0,8.0,67.0,8.0,2.0,14.0,10.0,13.0,1.0,1.0,18.0,16.0,,,,8.0,8.0,6.0,6.0,,2.0,,,,,,
2024-2025,Bundesliga,8no4oymjq0kqi7jdtb950wo44,,Borussia M'gladbach,39,Forward,0,0,0,0,0,,,,,,,,,,,,,,,0.0,0.0,0.0,0.0,,,,,,,,,,,,,,,,,,,,,,,,,,,,,,,,,,,,,,,,
2024-2025,Bundesliga,688mx3hzebiic7bunyxnuoga2,N. Pesch,Borussia M'gladbach,23,Forward,1,0,1,0,13,4.0,2.0,2.0,,1.0,6.0,2.0,2.0,,,,,,1.0,0.0,1.0,0.0,1.0,,,,1.0,2.0,,,,,1.0,1.0,4.0,,,,1.0,1.0,,,,,,,,,,,,,,,,,,,,,,,
2024-2025,Bundesliga,b74i8hq8210h8y2xk05anvqc4,,St. Pauli,38,Forward,0,0,0,0,0,,,,,,,,,,,,,,,0.0,0.0,0.0,0.0,,,,,,,,,,,,,,,,,,,,,,,,,,,,,,,,,,,,,,,,
2024-2025,Bundesliga,6f589mla2tu7udti1jxnw3it,,Bochum,41,Forward,0,0,0,0,0,,,,,,,,,,,,,,,0.0,0.0,0.0,0.0,,,,,,,,,,,,,,,,,,,,,,,,,,,,,,,,,,,,,,,,
2024-2025,Bundesliga,f4pqxviuwzd6a803jfx9bh4o9,M. Boadu,Bochum,9,Forward,19,11,8,9,1133,195.0,137.0,137.0,4.0,26.0,374.0,135.0,55.0,2.0,,4.0,1.0,,95.0,12.0,26.0,31.0,65.0,,,,20.0,54.0,6.0,39.0,19.0,,2.0,1.0,190.0,20.0,1.0,1.0,78.0,11.0,2.0,1.0,15.0,3.0,21.0,7.0,13.0,11.0,14.0,9.0,8.0,2.0,2.0,11.0,7.0,1.0,1.0,,1.0,,,,
2024-2025,Bundesliga,da2wmmi5duts7u6tdys624t1w,,Bayern München,36,Forward,0,0,0,0,0,,,,,,,,,,,,,,,0.0,0.0,0.0,0.0,,,,,,,,,,,,,,,,,,,,,,,,,,,,,,,,,,,,,,,,
2024-2025,Bundesliga,2h0wbb6m7g5p805n11uw26l4a,S. Bamba,Bochum,18,Forward,5,0,5,0,64,22.0,16.0,16.0,,7.0,37.0,17.0,1.0,3.0,,,,,6.0,2.0,5.0,3.0,8.0,,,,2.0,2.0,1.0,3.0,1.0,,1.0,,20.0,2.0,4.0,3.0,8.0,,,1.0,,,1.0,,3.0,1.0,1.0,,,1.0,1.0,1.0,1.0,,,1.0,,,,,
2024-2025,Bundesliga,1hpivlohlnwpw0hyr9gxv5gk4,,Werder Bremen,39,Forward,0,0,0,0,0,,,,,,,,,,,,,,,0.0,0.0,0.0,0.0,,,,,,,,,,,,,,,,,,,,,,,,,,,,,,,,,,,,,,,,
2024-2025,Bundesliga,5tgzf5zjpgsj1bk5nm2zakg5x,,Union Berlin,25,Forward,0,0,0,0,0,,,,,,,,,,,,,,,0.0,0.0,0.0,0.0,,,,,,,,,,,,,,,,,,,,,,,,,,,,,,,,,,,,,,,,
2024-2025,Bundesliga,dwg88sjhl569743je9ze6zy8k,,Eintracht Frankfurt,42,Forward,0,0,0,0,0,,,,,,,,,,,,,,,0.0,0.0,0.0,0.0,,,,,,,,,,,,,,,,,,,,,,,,,,,,,,,,,,,,,,,,
2024-2025,Bundesliga,1wnemsdjzdpyhmt2liu05mtxw,D. Mokwa,Hoffenheim,52,Forward,2,0,2,0,44,4.0,1.0,1.0,,,18.0,1.0,3.0,,,,,,1.0,1.0,2.0,3.0,6.0,,,,1.0,3.0,,4.0,2.0,,1.0,1.0,7.0,2.0,,,3.0,1.0,,,2.0,,2.0,,,,2.0,,,,,1.0,,,,,,,,,
2024-2025,Bundesliga,6g4cnzr3dh0veul5svzkhmxw4,J. Manzambi,Freiburg,44,Forward,11,4,7,4,380,143.0,108.0,108.0,3.0,28.0,248.0,105.0,30.0,8.0,,7.0,4.0,,57.0,8.0,19.0,17.0,33.0,,,,14.0,27.0,7.0,14.0,9.0,,8.0,6.0,84.0,5.0,5.0,5.0,25.0,7.0,2.0,2.0,9.0,6.0,8.0,5.0,5.0,3.0,3.0,2.0,2.0,,,6.0,3.0,1.0,1.0,,,1.0,,,
2024-2025,Bundesliga,72gykk4phjme27eiribg0xwfe,F. Krätzig,Stuttgart,13,Midfielder,17,16,1,11,1317,593.0,439.0,439.0,34.0,125.0,827.0,421.0,105.0,45.0,,16.0,17.0,,255.0,28.0,58.0,32.0,66.0,,,,63.0,90.0,4.0,8.0,4.0,,34.0,15.0,235.0,4.0,30.0,17.0,106.0,8.0,1.0,19.0,8.0,12.0,6.0,3.0,15.0,24.0,3.0,1.0,1.0,16.0,5.0,9.0,5.0,,2.0,24.0,,1.0,,,
2024-2025,Bundesliga,4qrs83a12dvxue8w115nga5m,S. Banks,St. Pauli,18,Forward,12,0,12,0,187,33.0,20.0,20.0,1.0,3.0,64.0,20.0,8.0,2.0,,2.0,2.0,,13.0,3.0,8.0,4.0,15.0,,,,4.0,10.0,4.0,7.0,1.0,,1.0,,30.0,6.0,4.0,4.0,15.0,2.0,1.0,1.0,2.0,,2.0,2.0,5.0,,,,,1.0,1.0,2.0,1.0,,,,,,,,
2024-2025,Bundesliga,9bzlvn0twr2b5z30k30gugw5x,F. Jensen,Augsburg,24,Forward,20,9,11,9,842,226.0,153.0,153.0,12.0,40.0,369.0,145.0,52.0,4.0,,17.0,4.0,,100.0,14.0,21.0,20.0,40.0,,,,15.0,64.0,5.0,19.0,6.0,,7.0,,172.0,13.0,16.0,14.0,70.0,5.0,,7.0,10.0,9.0,8.0,8.0,7.0,11.0,,,,4.0,4.0,7.0,4.0,,,2.0,,,,,
2024-2025,Bundesliga,bt35y17wl42b5t5tw6z68uwyy,J. Leweling,Stuttgart,18,Midfielder,27,22,5,20,1714,580.0,399.0,399.0,10.0,90.0,966.0,399.0,118.0,22.0,,17.0,11.0,,272.0,47.0,109.0,53.0,119.0,,,,73.0,144.0,29.0,10.0,6.0,,16.0,10.0,479.0,4.0,48.0,48.0,177.0,17.0,4.0,6.0,38.0,21.0,24.0,8.0,52.0,22.0,16.0,2.0,2.0,10.0,10.0,41.0,6.0,,1.0,,,2.0,,,
2024-2025,Bundesliga,6rutvrgco8li4nyz7tfayxb6x,D. Undav,Stuttgart,26,Forward,27,20,7,10,1864,589.0,428.0,428.0,17.0,127.0,941.0,414.0,146.0,12.0,,10.0,3.0,,242.0,20.0,35.0,41.0,87.0,,,,48.0,142.0,22.0,52.0,21.0,,11.0,1.0,430.0,31.0,8.0,8.0,180.0,25.0,4.0,10.0,28.0,13.0,55.0,24.0,14.0,23.0,31.0,9.0,9.0,3.0,3.0,10.0,22.0,1.0,3.0,,,6.0,,,
2024-2025,Bundesliga,209p5cmnr80zjfc1rqgl945m2,,Borussia Dortmund,48,Forward,0,0,0,0,0,,,,,,,,,,,,,,,0.0,0.0,0.0,0.0,,,,,,,,,,,,,,,,,,,,,,,,,,,,,,,,,,,,,,,,
2024-2025,Bundesliga,dgrjd4x2rn0jwsbl0n1p0i6ms,,Bayer Leverkusen,26,Forward,0,0,0,0,0,,,,,,,,,,,,,,,0.0,0.0,0.0,0.0,,,,,,,,,,,,,,,,,,,,,,,,,,,,,,,,,,,,,,,,
2024-2025,Bundesliga,4kabyphz0h9megt5r97o5rd9l,D. Zec,Holstein Kiel,26,Defender,18,18,0,4,1656,836.0,733.0,733.0,36.0,366.0,1211.0,697.0,102.0,30.0,,93.0,17.0,,221.0,15.0,32.0,50.0,114.0,,,,76.0,73.0,7.0,82.0,35.0,,23.0,13.0,65.0,47.0,1.0,1.0,46.0,21.0,5.0,10.0,5.0,14.0,11.0,6.0,4.0,7.0,5.0,2.0,2.0,,,5.0,18.0,2.0,,,,,,,
2024-2025,Bundesliga,6ivap35b2p5rwv8rzigaum6wa,A. Ilić,Union Berlin,23,Forward,16,11,5,10,976,191.0,110.0,110.0,,29.0,434.0,110.0,78.0,4.0,,6.0,5.0,,67.0,3.0,10.0,55.0,118.0,,,,16.0,77.0,8.0,108.0,52.0,,2.0,,183.0,56.0,3.0,3.0,76.0,14.0,1.0,2.0,9.0,4.0,24.0,12.0,7.0,5.0,12.0,7.0,6.0,,,1.0,7.0,2.0,,,1.0,1.0,,,
2024-2025,Bundesliga,6hotzhpidcjljm3u0ud1uqsid,B. Zivzivadze,Heidenheim,12,Forward,15,10,5,2,1058,205.0,140.0,140.0,5.0,35.0,481.0,137.0,61.0,2.0,,7.0,3.0,,88.0,20.0,47.0,43.0,133.0,,,,33.0,61.0,15.0,86.0,23.0,,17.0,6.0,214.0,63.0,2.0,2.0,94.0,9.0,,11.0,16.0,9.0,20.0,11.0,21.0,12.0,9.0,2.0,2.0,2.0,2.0,9.0,2.0,,3.0,,,1.0,,,
2024-2025,Bundesliga,adrn1x15rsehvnava8q9ofuvo,G. Orban,Hoffenheim,14,Forward,13,7,6,7,734,144.0,100.0,100.0,5.0,13.0,260.0,97.0,38.0,4.0,,3.0,,,75.0,5.0,16.0,15.0,43.0,,,,18.0,38.0,7.0,27.0,10.0,,3.0,2.0,115.0,17.0,4.0,4.0,40.0,15.0,2.0,1.0,5.0,7.0,8.0,4.0,9.0,2.0,4.0,4.0,4.0,2.0,1.0,4.0,3.0,1.0,,1.0,,1.0,,,
2024-2025,Bundesliga,8um4xh0ekvr4q6uti3ksld8q2,F. Becker,Hoffenheim,20,Forward,13,7,6,2,746,383.0,314.0,314.0,18.0,130.0,538.0,298.0,60.0,18.0,,20.0,10.0,,121.0,11.0,25.0,18.0,34.0,,,,50.0,49.0,7.0,9.0,7.0,,11.0,6.0,83.0,2.0,7.0,7.0,8.0,5.0,1.0,5.0,8.0,4.0,3.0,1.0,8.0,8.0,2.0,,,2.0,1.0,6.0,4.0,,1.0,1.0,,,,,
2024-2025,Bundesliga,554rczyb70s1i6vttlp8a1w16,E. Yardımcı,Hoffenheim,53,Forward,8,3,5,3,349,56.0,34.0,34.0,,5.0,153.0,34.0,21.0,2.0,,2.0,1.0,,27.0,3.0,4.0,20.0,50.0,,,,4.0,20.0,5.0,46.0,17.0,,4.0,1.0,60.0,29.0,1.0,1.0,27.0,8.0,2.0,3.0,3.0,2.0,4.0,3.0,,,1.0,,,,,,2.0,,,,,,,,
2024-2025,Bundesliga,72vim7cq99zdjjwivwtr773vu,A. Vranckx,Wolfsburg,6,Forward,14,6,8,4,640,202.0,166.0,166.0,11.0,51.0,331.0,155.0,32.0,6.0,,13.0,10.0,,85.0,11.0,17.0,18.0,38.0,,,,22.0,29.0,11.0,21.0,7.0,,11.0,5.0,40.0,14.0,3.0,3.0,13.0,12.0,1.0,6.0,5.0,11.0,,,1.0,1.0,,,,,,5.0,3.0,,,,,1.0,,,
2024-2025,Bundesliga,exhxdmdq49xj4dnguq03qnlgq,X. Simons,RB Leipzig,10,Midfielder,25,25,0,7,2280,1201.0,908.0,908.0,50.0,251.0,1825.0,894.0,189.0,47.0,,19.0,12.0,,555.0,54.0,140.0,73.0,185.0,,,,128.0,202.0,56.0,45.0,19.0,,28.0,7.0,749.0,26.0,60.0,32.0,214.0,24.0,5.0,21.0,55.0,16.0,33.0,10.0,79.0,44.0,23.0,10.0,10.0,36.0,6.0,33.0,20.0,,6.0,58.0,,23.0,,,
2024-2025,Bundesliga,6tgy3ikz62gg93j64j7dvcb2s,,RB Leipzig,48,Forward,0,0,0,0,0,,,,,,,,,,,,,,,0.0,0.0,0.0,0.0,,,,,,,,,,,,,,,,,,,,,,,,,,,,,,,,,,,,,,,,
2024-2025,Bundesliga,2p70qo9oxplufwnhlrl2b8v3e,I. Kaboré,Werder Bremen,29,Forward,9,3,6,3,354,180.0,138.0,138.0,11.0,43.0,289.0,131.0,23.0,12.0,,7.0,2.0,,75.0,11.0,31.0,17.0,40.0,,,,20.0,26.0,8.0,9.0,6.0,,8.0,4.0,118.0,3.0,15.0,15.0,54.0,4.0,,4.0,2.0,6.0,1.0,1.0,16.0,5.0,,,,4.0,4.0,7.0,8.0,,,,,,,,
2024-2025,Bundesliga,4l3qk2g87pa3bevo2nlwkf3rp,,Mainz 05,33,Forward,0,0,0,0,0,,,,,,,,,,,,,,,0.0,0.0,0.0,0.0,,,,,,,,,,,,,,,,,,,,,,,,,,,,,,,,,,,,,,,,
2024-2025,Bundesliga,r7sq96qtikh2wyng08vyunvu,B. Voll,St. Pauli,1,Forward,2,1,1,0,103,50.0,28.0,28.0,7.0,20.0,50.0,21.0,22.0,22.0,,,,4.0,1.0,0.0,0.0,0.0,0.0,2.0,0.0,1.0,,,,,,,,,,,,,,,1.0,,,,,,,,,,,,,,,,,,,,,,
2024-2025,Bundesliga,7ush9a10cc79gudlog12crt9l,J. Sands,St. Pauli,6,Midfielder,7,5,2,1,495,204.0,155.0,155.0,4.0,49.0,308.0,151.0,46.0,10.0,,8.0,5.0,,75.0,7.0,16.0,24.0,41.0,,,,21.0,38.0,5.0,25.0,17.0,,15.0,9.0,60.0,8.0,2.0,2.0,16.0,11.0,1.0,6.0,3.0,4.0,,,,,,,,,,1.0,2.0,,,,,,,,
2024-2025,Bundesliga,3pzwmymhpa20k8i6760xg5puc,A. Ceesay,St. Pauli,9,Forward,7,0,7,0,111,14.0,8.0,8.0,,,38.0,8.0,6.0,1.0,,1.0,,,6.0,3.0,3.0,3.0,9.0,,,,4.0,5.0,3.0,6.0,,,3.0,,15.0,6.0,,,3.0,2.0,1.0,3.0,3.0,2.0,,,,1.0,,,,,,,,,,,,1.0,,,
2024-2025,Bundesliga,4j2d8jsgq7g4zzyacqty48npw,,RB Leipzig,29,Forward,0,0,0,0,0,,,,,,,,,,,,,,,0.0,0.0,0.0,0.0,,,,,,,,,,,,,,,,,,,,,,,,,,,,,,,,,,,,,,,,
2024-2025,Bundesliga,eeam67v6h8omb3tt9run8k7bo,,Wolfsburg,22,Forward,0,0,0,0,0,,,,,,,,,,,,,,,0.0,0.0,0.0,0.0,,,,,,,,,,,,,,,,,,,,,,,,,,,,,,,,,,,,,,,,
2024-2025,Bundesliga,4skrm2y64va3y5jk70gz4ylpm,J. Stanišić,Bayern München,44,Defender,14,9,5,1,964,782.0,713.0,713.0,36.0,295.0,967.0,680.0,58.0,17.0,,29.0,6.0,,287.0,16.0,21.0,27.0,38.0,,,,64.0,49.0,4.0,17.0,11.0,,13.0,2.0,171.0,6.0,8.0,8.0,34.0,2.0,,11.0,6.0,4.0,2.0,2.0,3.0,11.0,,,,3.0,3.0,5.0,6.0,,2.0,,,1.0,,,
2024-2025,Bundesliga,5asv6uc3a4xxsr9u30kdfc0ve,A. Skov Olsen,Wolfsburg,7,Forward,12,4,8,3,597,270.0,210.0,210.0,15.0,51.0,365.0,202.0,31.0,12.0,,12.0,2.0,,138.0,10.0,23.0,13.0,29.0,,,,18.0,41.0,3.0,6.0,3.0,,8.0,2.0,160.0,3.0,22.0,17.0,66.0,2.0,,6.0,5.0,4.0,4.0,3.0,11.0,13.0,1.0,1.0,1.0,7.0,3.0,4.0,3.0,,1.0,9.0,,,,,
2024-2025,Bundesliga,5tqlqebd1hmve0e1tvn1yeu50,,Heidenheim,36,Forward,0,0,0,0,0,,,,,,,,,,,,,,,0.0,0.0,0.0,0.0,,,,,,,,,,,,,,,,,,,,,,,,,,,,,,,,,,,,,,,,
2024-2025,Bundesliga,75yqrbjdzv8z8o9ff90wr31ed,,Holstein Kiel,31,Forward,0,0,0,0,0,,,,,,,,,,,,,,,0.0,0.0,0.0,0.0,,,,,,,,,,,,,,,,,,,,,,,,,,,,,,,,,,,,,,,,
2024-2025,Bundesliga,4xs77e574mfyhel01usnjq7e,J. Tolkin,Holstein Kiel,47,Midfielder,11,9,2,4,789,368.0,239.0,239.0,31.0,103.0,530.0,219.0,88.0,57.0,,54.0,8.0,,125.0,16.0,29.0,24.0,43.0,,,,21.0,60.0,9.0,14.0,8.0,,18.0,7.0,101.0,6.0,29.0,16.0,41.0,2.0,,11.0,6.0,8.0,3.0,3.0,6.0,9.0,,,,11.0,4.0,5.0,2.0,,2.0,20.0,,1.0,,,
2024-2025,Bundesliga,3y9lwfyzttm91m67dfq2h3eok,,Hoffenheim,56,Forward,0,0,0,0,0,,,,,,,,,,,,,,,0.0,0.0,0.0,0.0,,,,,,,,,,,,,,,,,,,,,,,,,,,,,,,,,,,,,,,,
2024-2025,Bundesliga,4abei6n52mm77yk98jo5aba50,F. Micheler,Hoffenheim,28,Forward,1,0,1,0,41,12.0,11.0,11.0,,5.0,14.0,11.0,1.0,,,,,,6.0,1.0,1.0,1.0,1.0,,,,1.0,1.0,,,,,,,4.0,,,,,1.0,1.0,,,,,,,,,,,,,1.0,,,,,,,,,
2024-2025,Bundesliga,4pjixcphpm71ow48l0uz2o6qc,,Eintracht Frankfurt,38,Forward,0,0,0,0,0,,,,,,,,,,,,,,,0.0,0.0,0.0,0.0,,,,,,,,,,,,,,,,,,,,,,,,,,,,,,,,,,,,,,,,
2024-2025,Bundesliga,eg09wg0vofjk0hqg04d0m1kwk,E. Saad,St. Pauli,26,Forward,18,10,8,9,950,239.0,179.0,179.0,6.0,48.0,552.0,176.0,45.0,8.0,,1.0,3.0,,107.0,29.0,76.0,37.0,106.0,,,,43.0,48.0,24.0,30.0,8.0,,20.0,7.0,283.0,22.0,11.0,11.0,94.0,17.0,1.0,13.0,36.0,14.0,17.0,9.0,40.0,11.0,8.0,3.0,3.0,3.0,3.0,16.0,9.0,,1.0,,,2.0,,,
2024-2025,Bundesliga,b6woton2db3w4rm67vu69buy2,A. Engels,Augsburg,27,Midfielder,1,1,0,1,79,27.0,19.0,19.0,,5.0,32.0,19.0,4.0,2.0,,,,,12.0,0.0,1.0,1.0,2.0,,,,,6.0,1.0,1.0,1.0,,,,17.0,,4.0,2.0,6.0,3.0,1.0,,,,2.0,1.0,1.0,,1.0,,,,,,2.0,,,2.0,,,,,
2024-2025,Bundesliga,cy0lv5u16obr2ne4xiins43x1,,Borussia Dortmund,9,Forward,0,0,0,0,0,,,,,,,,,,,,,,,0.0,0.0,0.0,0.0,,,,,,,,,,,,,,,,,,,,,,,,,,,,,,,,,,,,,,,,
2024-2025,Bundesliga,dglkt5h4m18p1qcj2uhqymvv9,R. Sallai,Freiburg,22,Forward,2,0,2,0,65,17.0,10.0,10.0,2.0,5.0,27.0,9.0,3.0,3.0,,,1.0,,4.0,1.0,3.0,1.0,4.0,,,,,3.0,1.0,1.0,,,2.0,1.0,16.0,1.0,3.0,2.0,7.0,,,1.0,1.0,,2.0,1.0,1.0,1.0,1.0,,,1.0,,,1.0,,,2.0,,,,,
2024-2025,Bundesliga,9fd19beamnr8qmhqdvzr7fcyy,,Stuttgart,14,Forward,0,0,0,0,0,,,,,,,,,,,,,,,0.0,0.0,0.0,0.0,,,,,,,,,,,,,,,,,,,,,,,,,,,,,,,,,,,,,,,,
2024-2025,Bundesliga,57c808184l80uuuv7z3flcu6t,G. Prömel,Hoffenheim,6,Midfielder,2,2,0,1,184,95.0,80.0,80.0,2.0,18.0,121.0,78.0,13.0,4.0,,4.0,2.0,,42.0,0.0,1.0,1.0,5.0,,,,7.0,11.0,3.0,4.0,1.0,,,,20.0,3.0,2.0,2.0,3.0,,,,2.0,,,,1.0,,,,,,,,1.0,,,,,,,,
2024-2025,Bundesliga,9vcy093gzllgwqr5yo3tnvnys,,Hoffenheim,31,Forward,0,0,0,0,0,,,,,,,,,,,,,,,0.0,0.0,0.0,0.0,,,,,,,,,,,,,,,,,,,,,,,,,,,,,,,,,,,,,,,,
2024-2025,Bundesliga,3kanomgapsyp3iorzq4ujp905,,Hoffenheim,41,Forward,0,0,0,0,0,,,,,,,,,,,,,,,0.0,0.0,0.0,0.0,,,,,,,,,,,,,,,,,,,,,,,,,,,,,,,,,,,,,,,,
2024-2025,Bundesliga,95gjm3yk75rmwyneb350zoktm,M. Simakan,RB Leipzig,2,Defender,1,1,0,1,54,50.0,41.0,41.0,4.0,16.0,60.0,38.0,8.0,,,,2.0,,23.0,0.0,1.0,3.0,5.0,,,,3.0,8.0,1.0,4.0,3.0,,,,11.0,1.0,,,5.0,,,,,,,,1.0,1.0,,,,1.0,1.0,,,,,,,,,,
2024-2025,Bundesliga,1amx0jc0ey5w1z9g3f3nb9t2i,A. Baldé,Bochum,22,Forward,5,0,5,0,127,20.0,10.0,10.0,,4.0,55.0,11.0,5.0,,,,,,5.0,3.0,11.0,3.0,13.0,,,,3.0,8.0,,2.0,,,1.0,,30.0,2.0,3.0,3.0,10.0,1.0,1.0,1.0,3.0,2.0,2.0,1.0,8.0,1.0,1.0,,,1.0,1.0,2.0,2.0,,,,,1.0,,,
2024-2025,Bundesliga,djggrnjp9s4p2mlbzhx6arbh1,,Mainz 05,10,Forward,0,0,0,0,0,,,,,,,,,,,,,,,0.0,0.0,0.0,0.0,,,,,,,,,,,,,,,,,,,,,,,,,,,,,,,,,,,,,,,,
2024-2025,Bundesliga,9qow77e16pvlb3860yjpydryt,R. Gosens,Union Berlin,6,Midfielder,1,1,0,0,101,42.0,23.0,23.0,3.0,10.0,63.0,20.0,17.0,4.0,,2.0,1.0,,10.0,0.0,0.0,7.0,11.0,,,,1.0,14.0,,11.0,7.0,,,,22.0,4.0,1.0,1.0,7.0,5.0,1.0,,,1.0,1.0,1.0,,,,,,,,,,,,,,,,,
2024-2025,Bundesliga,87jamhsc8ps9kh5432u36kjc9,,Union Berlin,3,Forward,0,0,0,0,0,,,,,,,,,,,,,,,0.0,0.0,0.0,0.0,,,,,,,,,,,,,,,,,,,,,,,,,,,,,,,,,,,,,,,,
2024-2025,Bundesliga,cis0z72hgahfnfjduk7hdnz3e,,Bayer Leverkusen,6,Forward,0,0,0,0,0,,,,,,,,,,,,,,,0.0,0.0,0.0,0.0,,,,,,,,,,,,,,,,,,,,,,,,,,,,,,,,,,,,,,,,
2024-2025,Bundesliga,8mcf8c8ht32as6xxrf1gb51m2,A. Adli,Bayer Leverkusen,21,Forward,20,6,14,5,900,360.0,263.0,263.0,3.0,39.0,570.0,264.0,62.0,11.0,,4.0,,,189.0,24.0,51.0,45.0,98.0,,,,30.0,80.0,9.0,47.0,21.0,,15.0,6.0,322.0,26.0,29.0,26.0,132.0,15.0,3.0,9.0,6.0,11.0,13.0,6.0,21.0,10.0,7.0,2.0,2.0,4.0,4.0,15.0,7.0,,,3.0,,,,,
2024-2025,Bundesliga,1igjz2w9dr9mj5f4ade5plsve,C. Metcalfe,St. Pauli,24,Forward,10,3,7,2,415,118.0,72.0,72.0,3.0,32.0,195.0,73.0,37.0,13.0,,8.0,3.0,,32.0,3.0,8.0,16.0,32.0,,,,9.0,27.0,4.0,24.0,13.0,,2.0,2.0,61.0,11.0,3.0,3.0,13.0,5.0,1.0,,,4.0,5.0,2.0,3.0,2.0,3.0,,,4.0,1.0,3.0,1.0,,,3.0,,,,1.0,1.0
2024-2025,Bundesliga,3hd9nxdb54zn4fhbf7qa7x0q1,L. Majer,Wolfsburg,19,Forward,9,3,6,4,340,141.0,96.0,96.0,7.0,39.0,206.0,91.0,27.0,6.0,,2.0,1.0,,43.0,6.0,12.0,9.0,19.0,,,,12.0,36.0,6.0,7.0,3.0,,2.0,1.0,94.0,4.0,15.0,7.0,30.0,6.0,1.0,1.0,7.0,4.0,7.0,2.0,5.0,6.0,5.0,2.0,1.0,2.0,,5.0,1.0,,2.0,10.0,1.0,1.0,,,
2024-2025,Bundesliga,azcv772qzdbz1exafx3od6lt5,,Wolfsburg,8,Forward,0,0,0,0,0,,,,,,,,,,,,,,,0.0,0.0,0.0,0.0,,,,,,,,,,,,,,,,,,,,,,,,,,,,,,,,,,,,,,,,
2024-2025,Bundesliga,beey4bz2prklgyamlgha3d89g,D. Odogu,Wolfsburg,33,Forward,3,2,1,0,214,99.0,87.0,87.0,6.0,42.0,158.0,81.0,12.0,6.0,,25.0,2.0,,23.0,4.0,6.0,13.0,18.0,,,,4.0,6.0,,12.0,9.0,,6.0,2.0,6.0,3.0,,,6.0,2.0,,4.0,,,1.0,1.0,,,,,,,,,3.0,,,,,,,,
2024-2025,Bundesliga,8w60p45qe3q9i65omcs1i4avo,,Wolfsburg,38,Forward,0,0,0,0,0,,,,,,,,,,,,,,,0.0,0.0,0.0,0.0,,,,,,,,,,,,,,,,,,,,,,,,,,,,,,,,,,,,,,,,
2024-2025,Bundesliga,7fb4ysf41vob12sc15trk6sk4,,Wolfsburg,37,Forward,0,0,0,0,0,,,,,,,,,,,,,,,0.0,0.0,0.0,0.0,,,,,,,,,,,,,,,,,,,,,,,,,,,,,,,,,,,,,,,,
2024-2025,Bundesliga,91n9wzn3qq2789zq8vdmfrd62,J. Urbig,Bayern München,40,Goalkeeper,8,8,0,0,773,286.0,232.0,232.0,51.0,190.0,329.0,181.0,54.0,54.0,5.0,9.0,,17.0,7.0,0.0,0.0,2.0,2.0,12.0,2.0,8.0,25.0,,,2.0,2.0,4.0,,,1.0,,,,,,,,,,,,,,,,,,,,,,,,,,,,
2024-2025,Bundesliga,dgysidzshgxqm3jegaihwi5wq,T. Krauß,Bochum,17,Midfielder,14,13,1,6,1143,615.0,491.0,491.0,25.0,220.0,893.0,467.0,107.0,32.0,,19.0,11.0,,192.0,30.0,59.0,39.0,76.0,,,,78.0,84.0,16.0,17.0,9.0,,35.0,17.0,192.0,8.0,9.0,8.0,20.0,14.0,2.0,18.0,7.0,24.0,9.0,7.0,12.0,10.0,2.0,,,1.0,1.0,12.0,4.0,,,1.0,,1.0,,,
2024-2025,Bundesliga,cyvk6luj08lo8hpgimx518yl0,,Freiburg,58,Forward,0,0,0,0,0,,,,,,,,,,,,,,,0.0,0.0,0.0,0.0,,,,,,,,,,,,,,,,,,,,,,,,,,,,,,,,,,,,,,,,
2024-2025,Bundesliga,6ir1z8c3o7t4kqx04kw24i415,A. Nordin,Mainz 05,9,Forward,6,0,6,0,136,48.0,33.0,33.0,1.0,6.0,80.0,33.0,6.0,2.0,,2.0,,,24.0,1.0,7.0,2.0,11.0,,,,5.0,12.0,3.0,4.0,1.0,,2.0,2.0,45.0,3.0,8.0,8.0,23.0,1.0,,,3.0,1.0,,,4.0,2.0,,,,1.0,,1.0,2.0,,,1.0,,,,,
2024-2025,Bundesliga,68n1ydedtlw2s6toghw9qiprd,M. Roerslev,Wolfsburg,5,Forward,7,2,5,1,342,174.0,144.0,144.0,11.0,49.0,242.0,135.0,23.0,8.0,,16.0,5.0,,78.0,11.0,17.0,13.0,26.0,,,,8.0,20.0,3.0,9.0,2.0,,10.0,1.0,54.0,7.0,5.0,5.0,16.0,2.0,,9.0,6.0,,,,5.0,2.0,,,,2.0,2.0,2.0,2.0,,1.0,,,,,,
2024-2025,Bundesliga,am5gj5qg3gjtyhvwfnj8sjz6d,Hermoso,Bayer Leverkusen,5,Defender,4,3,1,0,328,249.0,213.0,213.0,10.0,90.0,323.0,203.0,30.0,14.0,,15.0,9.0,,90.0,3.0,5.0,12.0,21.0,,,,15.0,21.0,1.0,16.0,9.0,,,,43.0,7.0,5.0,5.0,11.0,2.0,,,1.0,2.0,2.0,2.0,2.0,,,,,,,3.0,3.0,,,,,,,,
2024-2025,Bundesliga,l0qqn9tlgov91p5d1zzdupcl,E. Buendía,Bayer Leverkusen,16,Forward,11,3,8,4,309,157.0,123.0,123.0,2.0,33.0,242.0,121.0,30.0,4.0,,,,,62.0,11.0,17.0,16.0,25.0,,,,20.0,29.0,7.0,8.0,5.0,,6.0,1.0,82.0,3.0,3.0,3.0,23.0,6.0,,5.0,8.0,6.0,5.0,1.0,5.0,2.0,4.0,2.0,2.0,,,6.0,2.0,,,,,3.0,,,
2024-2025,Bundesliga,e0ywbn79yd3cd9kfngcgffxg4,H. Behrens,Hoffenheim,40,Forward,1,0,1,0,38,22.0,16.0,16.0,3.0,3.0,34.0,13.0,6.0,1.0,,,2.0,,9.0,2.0,2.0,3.0,3.0,,,,3.0,5.0,1.0,1.0,1.0,,1.0,,15.0,,,,4.0,,,1.0,,1.0,,,,,,,,,,1.0,,,,,,,,,
2024-2025,Bundesliga,e1upyjqcroiwyvmt1m1ckjazu,,Hoffenheim,43,Forward,0,0,0,0,0,,,,,,,,,,,,,,,0.0,0.0,0.0,0.0,,,,,,,,,,,,,,,,,,,,,,,,,,,,,,,,,,,,,,,,
2024-2025,Bundesliga,9itdoft61idx19f23g7xzxpm,,Hoffenheim,57,Forward,0,0,0,0,0,,,,,,,,,,,,,,,0.0,0.0,0.0,0.0,,,,,,,,,,,,,,,,,,,,,,,,,,,,,,,,,,,,,,,,
2024-2025,Bundesliga,1i1xcco82x0ppbac6j5z59x49,S. Van der Heyden,St. Pauli,44,Defender,13,11,2,5,962,487.0,383.0,383.0,26.0,154.0,685.0,360.0,83.0,35.0,,43.0,17.0,,199.0,11.0,24.0,42.0,72.0,,,,32.0,63.0,9.0,48.0,31.0,,17.0,7.0,87.0,17.0,15.0,15.0,40.0,16.0,3.0,10.0,4.0,4.0,3.0,1.0,6.0,1.0,2.0,1.0,1.0,3.0,3.0,1.0,4.0,1.0,,,,,,1.0,1.0
2024-2025,Bundesliga,4dy76ma50fapqoni7d8j012w9,,Stuttgart,21,Forward,0,0,0,0,0,,,,,,,,,,,,,,,0.0,0.0,0.0,0.0,,,,,,,,,,,,,,,,,,,,,,,,,,,,,,,,,,,,,,,,
2024-2025,Bundesliga,6y8lrsak28me6wkxkfuw8yane,D. Preu,Union Berlin,45,Forward,5,1,4,1,145,37.0,20.0,20.0,3.0,6.0,72.0,17.0,13.0,4.0,,2.0,,,10.0,3.0,9.0,3.0,12.0,,,,4.0,13.0,1.0,3.0,,,1.0,,26.0,3.0,4.0,4.0,7.0,1.0,1.0,1.0,2.0,2.0,2.0,2.0,6.0,,,,,,,2.0,2.0,,,,,,,,
2024-2025,Bundesliga,4212luiyivgvje1vm1ojieicq,G. Vidović,Mainz 05,17,Forward,5,0,5,0,42,14.0,14.0,14.0,,1.0,23.0,14.0,,,,,,,12.0,0.0,1.0,0.0,2.0,,,,1.0,,2.0,1.0,,,,,12.0,1.0,,,8.0,,,,,2.0,,,1.0,,,,,,,,2.0,,,,,,,,
2024-2025,Bundesliga,clrnb4f1yk8z6fbcwyv9vmkus,,Bayern München,36,Forward,0,0,0,0,0,,,,,,,,,,,,,,,0.0,0.0,0.0,0.0,,,,,,,,,,,,,,,,,,,,,,,,,,,,,,,,,,,,,,,,
2024-2025,Bundesliga,m2nkidcdrspnmeq177yv7kk,,Werder Bremen,49,Forward,0,0,0,0,0,,,,,,,,,,,,,,,0.0,0.0,0.0,0.0,,,,,,,,,,,,,,,,,,,,,,,,,,,,,,,,,,,,,,,,
2024-2025,Bundesliga,c9e54hwefvwos94ri459uylbe,D. Svensson,Borussia Dortmund,24,Midfielder,12,8,4,1,859,497.0,380.0,380.0,27.0,123.0,644.0,367.0,77.0,31.0,,30.0,5.0,,223.0,12.0,20.0,18.0,41.0,,,,31.0,72.0,7.0,21.0,6.0,,15.0,4.0,235.0,15.0,26.0,14.0,90.0,4.0,,11.0,7.0,6.0,6.0,4.0,4.0,9.0,2.0,1.0,1.0,14.0,7.0,1.0,4.0,1.0,3.0,19.0,,,,,
2024-2025,Bundesliga,dedho18swt010xrsviuryauc4,L. Jaquez,Stuttgart,14,Forward,5,2,3,2,281,212.0,194.0,194.0,9.0,78.0,247.0,185.0,17.0,10.0,,4.0,3.0,,75.0,0.0,3.0,4.0,9.0,,,,11.0,8.0,,6.0,4.0,,3.0,3.0,14.0,2.0,1.0,1.0,3.0,4.0,,,,2.0,,,,,,,,,,,1.0,,,,,,,,
2024-2025,Bundesliga,4whvqapvco3c56audz34s6jv8,F. Jeltsch,Stuttgart,29,Defender,12,9,3,1,862,639.0,582.0,582.0,11.0,169.0,786.0,571.0,54.0,22.0,,27.0,13.0,,247.0,15.0,21.0,27.0,41.0,,,,34.0,35.0,5.0,20.0,12.0,,18.0,5.0,34.0,8.0,3.0,3.0,6.0,7.0,2.0,13.0,1.0,6.0,2.0,2.0,1.0,2.0,,,,,,2.0,6.0,,,,,3.0,,,
2024-2025,Bundesliga,25rjy5k2ogin7zcxqhwflls2y,J. Niehues,Heidenheim,16,Forward,8,0,8,0,207,84.0,66.0,66.0,3.0,21.0,121.0,63.0,18.0,7.0,,8.0,,,22.0,2.0,5.0,5.0,12.0,,,,4.0,11.0,2.0,7.0,3.0,,3.0,2.0,14.0,4.0,,,4.0,1.0,1.0,1.0,1.0,1.0,2.0,1.0,1.0,3.0,1.0,,,,,1.0,,,,,,1.0,,,
2024-2025,Bundesliga,6a0w73agnkslcc6gea1jxxzvt,J. Beste,Freiburg,19,Forward,12,0,12,0,293,94.0,62.0,62.0,7.0,18.0,163.0,63.0,10.0,9.0,,7.0,1.0,,44.0,3.0,11.0,4.0,16.0,,,,16.0,15.0,6.0,5.0,1.0,,2.0,1.0,73.0,4.0,14.0,12.0,32.0,3.0,,1.0,3.0,3.0,3.0,1.0,7.0,2.0,2.0,,,8.0,5.0,2.0,3.0,,1.0,5.0,,,,,
2024-2025,Bundesliga,40msbo4o5bwx0oeuz4743w161,L. Østigård,Hoffenheim,4,Defender,11,11,0,0,1065,577.0,483.0,483.0,29.0,260.0,881.0,455.0,91.0,46.0,,111.0,9.0,,131.0,9.0,12.0,69.0,104.0,,,,44.0,46.0,5.0,92.0,60.0,,9.0,2.0,28.0,32.0,1.0,1.0,20.0,19.0,,7.0,1.0,8.0,4.0,3.0,1.0,3.0,1.0,,,1.0,1.0,2.0,11.0,,,,,,1.0,1.0,
2024-2025,Bundesliga,c7gwbtdqptxjtu3tn3xctvit,,Hoffenheim,32,Forward,0,0,0,0,0,,,,,,,,,,,,,,,0.0,0.0,0.0,0.0,,,,,,,,,,,,,,,,,,,,,,,,,,,,,,,,,,,,,,,,
2024-2025,Bundesliga,c2p36c1bs0hddw58lf48iy68k,B. Touré,Hoffenheim,29,Forward,13,7,6,6,657,187.0,116.0,116.0,9.0,32.0,370.0,116.0,44.0,5.0,,2.0,3.0,,80.0,22.0,35.0,34.0,64.0,,,,27.0,55.0,3.0,29.0,12.0,,12.0,2.0,182.0,17.0,16.0,16.0,74.0,13.0,1.0,10.0,8.0,4.0,14.0,9.0,11.0,10.0,5.0,,,9.0,8.0,12.0,5.0,,3.0,1.0,,,,,
2024-2025,Bundesliga,avg54tzd7cxjld09569czfgus,M. Ljubičić,Union Berlin,27,Forward,13,1,12,1,360,60.0,34.0,34.0,,10.0,118.0,34.0,25.0,2.0,,7.0,,,18.0,2.0,6.0,5.0,20.0,,,,12.0,24.0,8.0,14.0,3.0,,2.0,1.0,50.0,11.0,1.0,1.0,18.0,9.0,1.0,1.0,1.0,2.0,2.0,1.0,3.0,2.0,1.0,1.0,1.0,,,1.0,,,1.0,,,,,,
2024-2025,Bundesliga,23jl9dv9dk0arb1jkasswri6t,G. Masouras,Bochum,11,Forward,14,12,2,10,1087,284.0,195.0,195.0,5.0,48.0,524.0,195.0,60.0,6.0,,3.0,4.0,,127.0,15.0,33.0,41.0,95.0,,,,44.0,75.0,10.0,62.0,26.0,,18.0,8.0,242.0,36.0,21.0,21.0,91.0,12.0,1.0,10.0,6.0,8.0,24.0,9.0,10.0,8.0,15.0,2.0,2.0,5.0,5.0,5.0,7.0,,,,,,,,
2024-2025,Bundesliga,eswroj7hvnu9po0ni9i6820vd,I. Nekić,Holstein Kiel,13,Forward,1,1,0,1,71,42.0,32.0,32.0,,17.0,53.0,32.0,10.0,3.0,,2.0,3.0,,12.0,1.0,2.0,1.0,2.0,,,,1.0,7.0,,,,,1.0,,,,,,,1.0,,1.0,1.0,1.0,,,1.0,,,,,,,,,,,,,,,,
2024-2025,Bundesliga,akw8xefrrg5q78q74h4kuj3f8,K. Nedeljković,RB Leipzig,21,Forward,10,6,4,5,517,238.0,191.0,191.0,17.0,63.0,299.0,177.0,28.0,18.0,,14.0,2.0,,100.0,9.0,15.0,9.0,18.0,,,,11.0,24.0,1.0,3.0,,,11.0,3.0,105.0,3.0,14.0,14.0,30.0,7.0,1.0,8.0,1.0,2.0,3.0,3.0,3.0,3.0,,,,3.0,3.0,1.0,5.0,,,,,,,,
2024-2025,Bundesliga,3e4s03gec7n4fe7llngv6hel0,T. Gomis,RB Leipzig,27,Forward,8,1,7,1,195,52.0,41.0,41.0,,10.0,86.0,42.0,7.0,1.0,,,1.0,,31.0,5.0,8.0,6.0,12.0,,,,5.0,9.0,2.0,4.0,1.0,,,,43.0,3.0,3.0,3.0,20.0,3.0,2.0,,3.0,2.0,3.0,2.0,3.0,3.0,1.0,,,1.0,1.0,5.0,2.0,,1.0,,,,,,
2024-2025,Bundesliga,eqhi765dtajivacuf134i1rai,,Augsburg,45,Forward,0,0,0,0,0,,,,,,,,,,,,,,,0.0,0.0,0.0,0.0,,,,,,,,,,,,,,,,,,,,,,,,,,,,,,,,,,,,,,,,
2024-2025,Bundesliga,a3y723h6clyiykxd818393bah,,Augsburg,47,Forward,0,0,0,0,0,,,,,,,,,,,,,,,0.0,0.0,0.0,0.0,,,,,,,,,,,,,,,,,,,,,,,,,,,,,,,,,,,,,,,,
2024-2025,Bundesliga,oel537m4mtjwwnyusz6efj6d,M. Batshuayi,Eintracht Frankfurt,30,Forward,10,3,7,3,362,66.0,53.0,53.0,4.0,15.0,125.0,49.0,11.0,,,,1.0,,34.0,3.0,8.0,6.0,19.0,,,,10.0,12.0,2.0,11.0,3.0,,1.0,,43.0,8.0,1.0,1.0,20.0,6.0,2.0,1.0,1.0,2.0,4.0,1.0,5.0,1.0,3.0,3.0,3.0,,,2.0,1.0,,,,,,,,
2024-2025,Bundesliga,16idj1wxzcbvuaov5duvpqhyi,E. Wahi,Eintracht Frankfurt,17,Forward,8,1,7,1,251,42.0,26.0,26.0,,5.0,95.0,27.0,11.0,3.0,,1.0,,,16.0,6.0,9.0,8.0,19.0,,,,8.0,12.0,3.0,10.0,2.0,,,,53.0,8.0,4.0,4.0,27.0,2.0,1.0,,5.0,1.0,5.0,3.0,3.0,1.0,2.0,,,1.0,1.0,6.0,4.0,,,,,,,,
2024-2025,Bundesliga,53ozrqkupvt2iyi2xg0swf7px,,Wolfsburg,12,Forward,0,0,0,0,0,,,,,,,,,,,,,,,0.0,0.0,0.0,0.0,,,,,,,,,,,,,,,,,,,,,,,,,,,,,,,,,,,,,,,,
2024-2025,Bundesliga,dzu2cf5wucxn64e13sxcpegwk,,Augsburg,41,Forward,0,0,0,0,0,,,,,,,,,,,,,,,0.0,0.0,0.0,0.0,,,,,,,,,,,,,,,,,,,,,,,,,,,,,,,,,,,,,,,,
2024-2025,Bundesliga,cunhh2ef8sf48yn8bfsvjsmp5,,Bochum,34,Forward,0,0,0,0,0,,,,,,,,,,,,,,,0.0,0.0,0.0,0.0,,,,,,,,,,,,,,,,,,,,,,,,,,,,,,,,,,,,,,,,
2024-2025,Bundesliga,8p2yagsx6ujdbmeonkd3u4c89,H. Ito,Bayern München,21,Defender,6,3,3,3,277,211.0,182.0,182.0,5.0,61.0,266.0,178.0,27.0,12.0,,15.0,6.0,,96.0,1.0,5.0,6.0,11.0,,,,13.0,16.0,3.0,6.0,5.0,,2.0,2.0,53.0,1.0,1.0,1.0,9.0,2.0,1.0,,1.0,1.0,1.0,,2.0,4.0,1.0,1.0,1.0,1.0,1.0,1.0,2.0,,1.0,,,1.0,,,
2024-2025,Bundesliga,5ql70wwevaoqpxabylew5f696,C. Chukwuemeka,Borussia Dortmund,17,Forward,10,1,9,1,315,122.0,95.0,95.0,1.0,27.0,213.0,95.0,25.0,,,1.0,1.0,,47.0,12.0,21.0,18.0,35.0,,,,12.0,26.0,5.0,14.0,6.0,,7.0,2.0,113.0,8.0,1.0,1.0,41.0,4.0,1.0,5.0,7.0,5.0,3.0,1.0,7.0,7.0,2.0,1.0,1.0,1.0,,7.0,5.0,,,1.0,,3.0,,,
2024-2025,Bundesliga,841ov85ua9qtxpygld607ujo4,,Bochum,25,Forward,0,0,0,0,0,,,,,,,,,,,,,,,0.0,0.0,0.0,0.0,,,,,,,,,,,,,,,,,,,,,,,,,,,,,,,,,,,,,,,,
2024-2025,Bundesliga,9cqnkjq8eq0hdfugvp2w2c4yc,,Werder Bremen,48,Forward,0,0,0,0,0,,,,,,,,,,,,,,,0.0,0.0,0.0,0.0,,,,,,,,,,,,,,,,,,,,,,,,,,,,,,,,,,,,,,,,
2024-2025,Bundesliga,8w9qk5a1mf1ecrm9pfncnafx0,,Werder Bremen,41,Forward,0,0,0,0,0,,,,,,,,,,,,,,,0.0,0.0,0.0,0.0,,,,,,,,,,,,,,,,,,,,,,,,,,,,,,,,,,,,,,,,
2024-2025,Bundesliga,3nrythrvuy6dpd3bx2gamih1x,,Werder Bremen,45,Forward,0,0,0,0,0,,,,,,,,,,,,,,,0.0,0.0,0.0,0.0,,,,,,,,,,,,,,,,,,,,,,,,,,,,,,,,,,,,,,,,
2024-2025,Bundesliga,asxjrv3xorpe30y78qqd5cw0k,,Bayer Leverkusen,18,Forward,0,0,0,0,0,,,,,,,,,,,,,,,0.0,0.0,0.0,0.0,,,,,,,,,,,,,,,,,,,,,,,,,,,,,,,,,,,,,,,,
2024-2025,Bundesliga,beo6lzzazgiwduva1xjrwnrbo,T. Pereira Cardoso,Borussia M'gladbach,42,Forward,5,4,1,0,408,179.0,134.0,134.0,28.0,90.0,194.0,106.0,45.0,44.0,14.0,2.0,,21.0,4.0,0.0,1.0,4.0,5.0,3.0,2.0,4.0,4.0,1.0,,4.0,4.0,4.0,1.0,1.0,,,,,,,,,,,,,,,,,,,,,,,,,,,,,
2024-2025,Bundesliga,b12cbpczphy5w06ckcx6gxfro,,Eintracht Frankfurt,47,Forward,0,0,0,0,0,,,,,,,,,,,,,,,0.0,0.0,0.0,0.0,,,,,,,,,,,,,,,,,,,,,,,,,,,,,,,,,,,,,,,,
2024-2025,Bundesliga,6rz47c6i1e4umc7kbh961x5ud,,Eintracht Frankfurt,33,Forward,0,0,0,0,0,,,,,,,,,,,,,,,0.0,0.0,0.0,0.0,,,,,,,,,,,,,,,,,,,,,,,,,,,,,,,,,,,,,,,,
2024-2025,Bundesliga,72m3gq1m8jqc8l51voat25rvu,,Borussia Dortmund,36,Forward,0,0,0,0,0,,,,,,,,,,,,,,,0.0,0.0,0.0,0.0,,,,,,,,,,,,,,,,,,,,,,,,,,,,,,,,,,,,,,,,
2024-2025,Bundesliga,2dxsntw3djezptdjqzu0oxi7e,K. Paredes,Wolfsburg,40,Forward,2,2,0,2,123,47.0,37.0,37.0,,14.0,72.0,37.0,9.0,4.0,,,1.0,,19.0,1.0,6.0,2.0,8.0,,,,7.0,6.0,4.0,2.0,1.0,,3.0,2.0,26.0,1.0,1.0,1.0,11.0,1.0,1.0,1.0,1.0,,3.0,3.0,3.0,2.0,,,,,,,3.0,,1.0,,,,,,
2024-2025,Bundesliga,b4x911h58r8i9b2vvsnydvfo4,,Bayern München,46,Forward,0,0,0,0,0,,,,,,,,,,,,,,,0.0,0.0,0.0,0.0,,,,,,,,,,,,,,,,,,,,,,,,,,,,,,,,,,,,,,,,
2024-2025,Bundesliga,embtfnmq0kiiutg1n7g8y7qxg,,Wolfsburg,44,Forward,0,0,0,0,0,,,,,,,,,,,,,,,0.0,0.0,0.0,0.0,,,,,,,,,,,,,,,,,,,,,,,,,,,,,,,,,,,,,,,,
2024-2025,Bundesliga,81gjqu07fy68yiizinq81uej8,,RB Leipzig,45,Forward,0,0,0,0,0,,,,,,,,,,,,,,,0.0,0.0,0.0,0.0,,,,,,,,,,,,,,,,,,,,,,,,,,,,,,,,,,,,,,,,
2024-2025,Bundesliga,9bzwr8qhl6547tjrsjsity4x6,,Wolfsburg,14,Forward,0,0,0,0,0,,,,,,,,,,,,,,,0.0,0.0,0.0,0.0,,,,,,,,,,,,,,,,,,,,,,,,,,,,,,,,,,,,,,,,
2024-2025,Bundesliga,7glsd12xyvht6rnti9j7egx78,,Union Berlin,41,Forward,0,0,0,0,0,,,,,,,,,,,,,,,0.0,0.0,0.0,0.0,,,,,,,,,,,,,,,,,,,,,,,,,,,,,,,,,,,,,,,,
2024-2025,Bundesliga,es9yqd8s899zadkprwv2p2kno,,Borussia M'gladbach,48,Forward,0,0,0,0,0,,,,,,,,,,,,,,,0.0,0.0,0.0,0.0,,,,,,,,,,,,,,,,,,,,,,,,,,,,,,,,,,,,,,,,
2024-2025,Bundesliga,9t5pmugcj12kr6kju47w4ehw4,,Borussia M'gladbach,34,Forward,0,0,0,0,0,,,,,,,,,,,,,,,0.0,0.0,0.0,0.0,,,,,,,,,,,,,,,,,,,,,,,,,,,,,,,,,,,,,,,,
2024-2025,Bundesliga,9ib28b4d9xqmj0xy9jfmnygb8,,RB Leipzig,38,Forward,0,0,0,0,0,,,,,,,,,,,,,,,0.0,0.0,0.0,0.0,,,,,,,,,,,,,,,,,,,,,,,,,,,,,,,,,,,,,,,,
2024-2025,Bundesliga,bkbmygo5f1glcs6xssawl26z9,I. Bebou,Hoffenheim,9,Forward,1,0,1,0,11,4.0,2.0,2.0,,,5.0,2.0,2.0,,,,,,1.0,0.0,0.0,0.0,0.0,,,,,2.0,,,,,,,3.0,,,,1.0,,,,,,,,,,,,,,,,,,,,,,,,
2024-2025,Bundesliga,4xhnmoqgxoheel005ek6ckfs9,D. Zagadou,Stuttgart,23,Forward,2,0,2,0,41,9.0,9.0,9.0,,2.0,12.0,9.0,,,,1.0,1.0,,4.0,0.0,0.0,0.0,0.0,,,,,,,,,,,,,,,,,1.0,1.0,,,,,,,,,,,,,,,,,,,,,,
2024-2025,Bundesliga,1en0bgq0u842snszevlkscxk9,N. Nartey,Stuttgart,28,Forward,1,0,1,0,30,5.0,4.0,4.0,,2.0,12.0,4.0,1.0,1.0,,4.0,,,2.0,0.0,0.0,1.0,1.0,,,,2.0,,,1.0,1.0,,,,3.0,,,,,,,,,,,,,,,,,,,,,,,,,,,,
2024-2025,Bundesliga,1wkfpvcwou7mrn72ifuq87o,,Bayer Leverkusen,41,Forward,0,0,0,0,0,,,,,,,,,,,,,,,0.0,0.0,0.0,0.0,,,,,,,,,,,,,,,,,,,,,,,,,,,,,,,,,,,,,,,,
2024-2025,Bundesliga,2bsmlmrjtknurmuzuckyr2h3o,,Wolfsburg,35,Forward,0,0,0,0,0,,,,,,,,,,,,,,,0.0,0.0,0.0,0.0,,,,,,,,,,,,,,,,,,,,,,,,,,,,,,,,,,,,,,,,
2024-2025,Bundesliga,cmlv1spd5dkh3uyzahcsrw3ro,K. Kościerski,Bochum,43,Forward,1,0,1,0,10,,,,,,,,,,,,,,,0.0,0.0,0.0,0.0,,,,,,,,,,,,,,,,,,,,,,,,,,,,,,,,,,,,,,,,
2024-2025,Bundesliga,e8hf96xbntslqrlottv5yp016,,Freiburg,4,Forward,0,0,0,0,0,,,,,,,,,,,,,,,0.0,0.0,0.0,0.0,,,,,,,,,,,,,,,,,,,,,,,,,,,,,,,,,,,,,,,,
2024-2025,Bundesliga,dx2pezbfmelz1zyn27bs56579,,Werder Bremen,25,Forward,0,0,0,0,0,,,,,,,,,,,,,,,0.0,0.0,0.0,0.0,,,,,,,,,,,,,,,,,,,,,,,,,,,,,,,,,,,,,,,,
2024-2025,Bundesliga,3qy1qlzezgfkxeom5n1r9h13p,,Hoffenheim,13,Forward,0,0,0,0,0,,,,,,,,,,,,,,,0.0,0.0,0.0,0.0,,,,,,,,,,,,,,,,,,,,,,,,,,,,,,,,,,,,,,,,
2024-2025,Bundesliga,ezlzkyzwdl2pcndhlsv93eaz8,,St. Pauli,35,Forward,0,0,0,0,0,,,,,,,,,,,,,,,0.0,0.0,0.0,0.0,,,,,,,,,,,,,,,,,,,,,,,,,,,,,,,,,,,,,,,,
2024-2025,Bundesliga,52s0uy7qmjwd98ppibzohvp7u,,Borussia Dortmund,40,Forward,0,0,0,0,0,,,,,,,,,,,,,,,0.0,0.0,0.0,0.0,,,,,,,,,,,,,,,,,,,,,,,,,,,,,,,,,,,,,,,,
