liga,temporada,equipo,id,nombre,posicion,dorsal,Aerial Duels,Aerial Duels lost,Aerial Duels won,Appearances,Backward Passes,Blocked Shots,Blocks,Carries,Clean Sheets,Corners Taken (incl short corners),Corners Won,Duels,Duels lost,Duels won,Final Third Touches,Forward Passes,Foul Attempted Tackle,Games Played,Goals,Goals Conceded,Goals Conceded Inside Box,Goals Conceded Outside Box,Goals from Inside Box,Ground Duels,Ground Duels lost,Ground Duels won,Handballs conceded,Interceptions,Key Passes (Attempt Assists),Leftside Passes,Offsides,Open Play Passes,Overruns,Penalties Taken,Penalty Goals,Penalty Goals Conceded,Progressive Carries,PutThrough/Blocked Distribution,PutThrough/Blocked Distribution Won,Recoveries,Right Foot Goals,Rightside Passes,Shots Created,Shots Off Target (inc woodwork),Shots On Target ( inc goals ),Starts,Substitute Off,Substitute On,Successful Corners into Box,Successful Crosses & Corners,Successful Dribbles,Successful Lay-offs,Successful Long Passes,Successful Open Play Passes,Successful Passes Opposition Half,Successful Passes Own Half,Successful Short Passes,Tackles Lost,Tackles Won,Through balls,Throw Ins to Own Player,Time Played,Times Tackled,Total Big Chances Scored,Total Clearances,Total Fouls Conceded,Total Fouls Won,Total Losses Of Possession,Total Passes,Total Shots,Total Successful Passes ( Excl Crosses & Corners ) ,Total Tackles,Total Touches In Opposition Box,Total Unsuccessful Passes ( Excl Crosses & Corners ),Touches,Unsuccessful Corners into Box,Unsuccessful Crosses & Corners,Unsuccessful Crosses open play,Unsuccessful Dribbles,Unsuccessful Launches,Unsuccessful Long Passes,Unsuccessful Passes Opposition Half,Unsuccessful Passes Own Half,Unsuccessful Short Passes,Yellow Cards,Home Goals,Away Goals,Winning Goal,Goals Openplay,Hit Woodwork,Left Foot Goals,Assists (Intentional),Goal Assists,Penalties Conceded,Successful Crosses open play,Successful Launches,Throw Ins to Opposition Player,Total Big Chances Created,Clearances Off the Line,Total Big Chances Saved,Foul Won Penalty,Unsuccessful lay-offs,Total Big Chances Missed,Last Player Tackle,GK Successful Distribution,Goal Kicks,Attempts from Set Pieces,Headed Goals,Catches,Drops,GK Unsuccessful Distribution,Goalkeeper Smother,Penalties Faced,Penalties Saved,Punches,Saves Made,Saves Made from Inside Box,Saves Made from Outside Box,Saves from Penalty,Saves made - caught,Saves made - parried,Second Goal Assists,Own Goal Scored,Straight Red Cards,Total Red Cards,Goals from Outside Box,Red Cards - 2nd Yellow,Penalties Off Target,Direct Setpiece Goals,Set Pieces Goals,Crosses not Claimed,Other Goals
France_Ligue_1,2025-2026,Angers Sporting Club de l'Ouest,310zaj8t3k4c8aj54ml0n0kx5,H. Abdelli,Midfielder,10,13,4,9,21,136,4,3,201,2,6,5,119,59,60,177,203,12,21,2,21,20,1,2,106,55,51,1,16,9,180,1,687,1,2,2,3,120,27,14,74,2,190,9,5,6,12,8,9,2,3,15,23,23,600,305,319,598,7,17,5,5,1079,30,2,12,19,12,143,709,11,621,24,13,88,916,3,7,3,18,5,18,69,26,70,2,1,1,0,,,,,,,,,,,,,,,,,,,,,,,,,,,,,,,,,,,,,,,,,,,,
France_Ligue_1,2025-2026,Angers Sporting Club de l'Ouest,bt2pm0it9f1o216uxo3abfpbd,J. Allevinah,Forward,18,1,,1,6,9,1,1,15,,,,15,8,7,21,8,,6,1,1,1,,1,14,8,6,,,1,15,1,38,1,,,,6,2,2,11,,6,1,3,1,,,6,,,1,,1,34,15,19,33,1,,,,127,7,1,1,,4,16,38,4,34,1,7,4,66,,1,1,6,,,4,1,4,,1,0,0,1,1,1,,,,,,,,,,,,,,,,,,,,,,,,,,,,,,,,,,,,,,,,,
France_Ligue_1,2025-2026,Angers Sporting Club de l'Ouest,d3qx3gwypipcl2azrj9ing9ud,C. Arcus,Defender,2,39,14,25,25,135,2,2,259,6,,5,147,68,79,254,374,21,25,,27,24,3,,108,54,54,1,31,13,507,,1067,2,,,1,142,31,18,91,,88,16,6,1,24,7,1,,11,2,2,42,933,387,591,925,9,27,,138,2019,9,,65,32,16,211,1104,7,967,36,12,137,1539,,27,27,3,16,44,121,43,93,7,,,0,,,,3,3,1,11,3,21,3,,,,,,,,,,,,,,,,,,,,,,,,,,,,,,,,,,
France_Ligue_1,2025-2026,Angers Sporting Club de l'Ouest,7rvgrqf0ktsepvwpj0osy5pzp,A. Bamba,Defender,25,8,2,6,5,5,,3,13,,,,16,5,11,7,23,,5,,5,5,,,8,3,5,,3,,13,,48,,,,,5,1,1,6,,10,,,1,2,1,3,,,,,,33,16,20,36,,3,,4,190,,,8,1,3,20,51,1,36,3,,15,83,,1,1,,4,5,9,7,10,,,,0,,,,,,,,,,,1,1,,,,,,,,,,,,,,,,,,,,,,,,,,,,,,,,
France_Ligue_1,2025-2026,Angers Sporting Club de l'Ouest,dom1dzrvk7y4sd8puf8iztn11,H. Belkebla,Midfielder,93,35,16,19,32,185,2,8,257,8,,1,262,101,161,179,303,13,32,,46,41,5,,227,85,142,3,30,16,386,,1198,,,,3,94,44,22,143,,355,16,3,,32,5,,,1,18,19,28,1044,448,627,1046,26,45,,6,2790,36,,42,23,54,249,1229,3,1074,71,11,155,1639,,3,3,15,30,38,97,61,117,7,,,0,,,,,,,1,1,,,,,1,1,,,,,,,,,,,,,,,,,,,,,,,,,,,,,,
France_Ligue_1,2025-2026,Angers Sporting Club de l'Ouest,5vvhwzxwq395q3welimok3uqy,Y. Belkhdim,Midfielder,14,26,15,11,27,209,9,6,147,3,1,12,191,88,103,276,180,23,27,2,32,28,4,2,165,73,92,1,36,13,189,2,717,,,,2,66,48,20,83,,146,15,10,14,26,15,1,,6,5,30,22,603,287,328,587,18,41,,4,2149,26,1,23,29,29,204,724,24,609,59,38,115,1075,,36,36,13,10,18,99,52,97,5,0,2,2,2,,2,1,2,,6,1,,4,,,,3,2,,,,,,,,,,,,,,,,,,,,,,,,,,,,,
France_Ligue_1,2025-2026,Angers Sporting Club de l'Ouest,eouwziiusxkpmhn5m1fj9vyms,E. Biumla,Midfielder,24,12,8,4,8,9,,2,29,,,,36,20,16,4,47,3,8,,9,9,,,24,12,12,1,3,,59,,161,,,,,20,7,4,18,,50,,2,,3,3,5,,,,,3,140,23,121,141,3,4,,2,371,2,,15,8,5,34,165,2,144,7,,21,224,,1,1,1,2,8,6,16,13,,,,0,,,,,,,,,4,,,,,,,1,,,,,,,,,,,,,,,,,,,,,,,,,,,,
France_Ligue_1,2025-2026,Angers Sporting Club de l'Ouest,99yx7t2j59cyia4bkpi59q1as,O. Camara,Defender,4,99,48,51,31,44,1,24,247,10,,1,183,77,106,27,351,9,31,1,37,32,5,1,84,29,55,,31,4,541,1,1297,,,,3,104,18,14,108,1,392,4,7,5,30,2,1,,,3,,41,1173,242,961,1162,16,30,2,3,2629,4,,169,21,7,149,1328,12,1203,46,17,125,1714,,3,3,2,38,59,82,46,66,3,0,1,0,,,,,,1,,8,,,,1,,,,3,5,5,,,,,,,,,,,,,,,,,,,,,,,,,,
France_Ligue_1,2025-2026,Angers Sporting Club de l'Ouest,dvtd4xsoihe7srn69irnng5w5,P. Capelle,Midfielder,15,12,7,5,15,33,3,1,54,,3,2,80,43,37,89,62,8,15,,9,9,,,68,36,32,,6,4,71,,188,,,,1,25,15,9,31,,27,5,4,1,5,5,10,1,3,3,2,11,152,87,71,144,6,13,1,2,570,12,,9,14,11,70,193,5,155,19,4,38,306,2,9,6,2,3,5,35,12,33,2,,,0,,,,1,1,,2,4,,1,,,,1,1,,,,2,,,,,,,,,,,,,,,,,,,,,,,,,
France_Ligue_1,2025-2026,Angers Sporting Club de l'Ouest,27u1slmp5wrly9oc6ju7ya87o,S. Cherif,Forward,11,51,34,17,19,63,10,,110,,,13,140,88,52,144,39,4,19,4,16,15,1,4,89,54,35,5,7,5,52,11,216,4,,,1,72,23,10,41,3,71,5,6,12,14,12,5,,1,11,17,1,159,78,91,167,5,3,1,,1164,42,2,2,15,16,150,225,18,168,8,44,57,428,,5,5,23,,1,45,17,56,3,3,1,1,4,,1,,,,1,,,1,,,,3,3,,,,,,,,,,,,,,,,,,,,,,,,,,,,,
France_Ligue_1,2025-2026,Angers Sporting Club de l'Ouest,2cw7so15i3i6bl3aqla0dnhn8,M. Courcoul,Defender,5,6,3,3,18,18,,2,40,,,1,43,21,22,31,48,4,18,,8,7,1,,37,18,19,,3,3,38,,157,,,,,16,5,3,17,,53,3,1,1,3,3,15,,,1,2,4,125,53,72,121,6,9,,,361,8,,8,6,3,50,157,2,125,15,3,32,220,,,,3,4,8,21,11,24,,,,0,,,,,,1,,,1,,,,,1,,,,,,,,,,,,,,,,,,,,,,,,,,,,,,
France_Ligue_1,2025-2026,Angers Sporting Club de l'Ouest,bpwjiomcefvhknhvx6k8tufbo,B. Diatta,Midfielder,46,,,,1,,,,,,,,1,,1,,,,1,,,,,,1,,1,,,,,,2,,,,,,,,,,2,,,,,,1,,,,,,2,1,1,2,,1,,,4,,,,,,,2,,2,1,,,3,,,,,,,,,,,,,0,,,,,,,,,,,,,,,,,,,,,,,,,,,,,,,,,,,,,,,,,,,,
France_Ligue_1,2025-2026,Angers Sporting Club de l'Ouest,dssrq717aixm0exkwkbf3q42c,H. Djibirin,Forward,31,14,5,9,15,24,2,,52,,,3,64,38,26,85,24,2,15,2,5,4,1,2,50,33,17,,4,3,20,,74,1,,,,41,11,4,22,,8,4,2,3,1,1,14,,3,3,1,1,51,39,17,52,3,4,,3,323,17,2,7,9,8,59,76,5,53,7,18,23,168,,6,6,10,,2,22,7,21,2,2,0,0,1,1,1,1,1,,3,,,1,,,,,,,,,,1,,,,,,,,,,,,,,,,,,,,,,,,
France_Ligue_1,2025-2026,Angers Sporting Club de l'Ouest,4hfq1ngrroah5xew91woxg07o,J. Ekomié,Defender,3,51,26,25,31,184,2,10,237,5,,12,241,111,130,341,247,17,31,,35,33,2,,190,85,105,2,31,12,50,6,727,2,,,3,166,68,40,106,,258,12,6,3,25,8,6,,8,14,2,13,586,275,331,585,26,34,1,128,2215,47,,49,30,31,324,739,9,598,60,37,141,1355,,54,54,21,15,23,141,54,118,3,,,0,,,,,,1,8,6,31,1,,1,,3,4,,,,,,,,,,,,,,,,,,,,,,,,,,,,,
France_Ligue_1,2025-2026,Angers Sporting Club de l'Ouest,3hfp5fr49ceahovfy5be86sk4,I. Garin,Midfielder,38,,,,,,,,,,,,,,,,,,,,,,,,,,,,,,,,,,,,,,,,,,,,,,,,,,,,,,,,,,,,,,,,,,,,,,,,,,,,,,,,,,,,,,,,,,,,,,,,,,,,,,,,,,,,,,,,,,,,,,,,,,,,,,,,,,,,
France_Ligue_1,2025-2026,Angers Sporting Club de l'Ouest,6k9p889p3xi228y0fr4smb8k4,M. Gernigon,Defender,42,,,,,,,,,,,,,,,,,,,,,,,,,,,,,,,,,,,,,,,,,,,,,,,,,,,,,,,,,,,,,,,,,,,,,,,,,,,,,,,,,,,,,,,,,,,,,,,,,,,,,,,,,,,,,,,,,,,,,,,,,,,,,,,,,,,,
France_Ligue_1,2025-2026,Angers Sporting Club de l'Ouest,au4gac1lz7xurxqjy6yoaq4t1,F. Hanin,Defender,26,22,13,9,24,64,2,4,69,1,1,3,70,37,33,122,135,2,24,,13,11,2,,48,24,24,1,10,8,14,,328,2,,,,46,16,8,44,,121,8,1,,8,7,16,,8,3,2,15,252,125,141,243,6,7,,58,796,8,,25,8,8,119,334,1,258,13,5,76,534,,15,14,6,5,15,62,29,61,,,,0,,,,,,,8,6,7,2,,,,,,,,,,,,,,,,,,,,,,,,,,,,,,,,,,
France_Ligue_1,2025-2026,Angers Sporting Club de l'Ouest,ewxw9bczz8ml3aifkanbc0c9g,Y. Jlidi,Forward,44,,,,,,,,,,,,,,,,,,,,,,,,,,,,,,,,,,,,,,,,,,,,,,,,,,,,,,,,,,,,,,,,,,,,,,,,,,,,,,,,,,,,,,,,,,,,,,,,,,,,,,,,,,,,,,,,,,,,,,,,,,,,,,,,,,,,
France_Ligue_1,2025-2026,Angers Sporting Club de l'Ouest,c3f7tpb57qho5z9agsxtcopas,J. Kalumba,Forward,17,9,8,1,4,18,1,,44,,11,3,39,25,14,72,25,1,4,,5,5,,,30,17,13,,1,4,28,,74,1,,,1,29,2,1,10,,4,4,,,3,2,1,4,7,4,3,1,56,45,19,56,3,3,,2,225,14,,3,3,3,52,75,,57,6,4,18,142,6,8,2,10,,1,23,3,17,,,,0,,,,,,,3,,,,,,,,,,,,,,,,,,,,,,,,,,,,,,,,,,,,,
France_Ligue_1,2025-2026,Angers Sporting Club de l'Ouest,btyk45f7gmz3ck2dafpp22yg9,H. Koffi,Goalkeeper,12,8,1,7,29,,,,78,10,,,20,2,18,,470,1,29,,36,34,2,,12,1,11,,,,226,,514,,,,3,34,2,,301,,145,,,,29,,,,,,1,138,398,51,538,451,,1,,,2610,,,27,1,11,262,841,,589,1,,252,1203,,,,,101,240,168,84,12,1,,,0,,,,,,1,,28,,,,20,,,,1,271,174,,,38,6,53,1,6,2,9,121,77,43,2,4,31,,,,,,,,,,,
France_Ligue_1,2025-2026,Angers Sporting Club de l'Ouest,5b9ycghp21qhv7qz6zuvblh49,G. Koyalipou,Forward,9,31,18,13,12,32,3,,35,,,3,67,41,26,92,21,,12,2,6,5,1,2,36,23,13,1,2,4,25,5,107,,1,1,1,21,8,5,21,2,31,4,8,8,6,6,6,,,5,14,3,77,39,40,76,1,2,,,592,20,1,4,4,5,73,109,16,79,3,35,30,205,,3,3,9,,2,25,8,28,,1,1,0,1,,,,,,,,,,,,,2,2,,,,,,,,,,,,,,,,,,,,,,,,,,,,,
France_Ligue_1,2025-2026,Angers Sporting Club de l'Ouest,ar3g1flq7vgbl90q9t1v4y02d,J. Lefort,Defender,21,58,22,36,33,95,2,15,441,10,,6,190,78,112,110,836,17,33,,47,42,5,,132,56,76,,47,6,252,2,1716,2,,,3,231,23,9,129,,696,8,7,1,33,,,,10,9,1,101,1477,397,1244,1530,22,27,1,55,2970,15,,175,21,19,316,1879,8,1631,49,16,248,2395,,14,13,6,54,135,171,91,113,2,,,0,,,,2,2,1,7,15,18,3,1,1,,,,1,73,74,1,,,,1,,,,,,,,,,,1,,,,,,,,,,
France_Ligue_1,2025-2026,Angers Sporting Club de l'Ouest,f12l40tkknok5cqitoacfdsve,E. Lepaul,Forward,19,94,53,41,33,161,18,,127,3,,18,181,110,71,320,96,7,33,20,36,32,4,20,87,57,30,2,2,17,110,9,465,1,4,3,3,66,16,3,53,16,135,22,26,38,32,21,1,,4,9,47,15,354,210,185,376,3,4,2,3,2612,31,17,16,24,16,210,502,64,391,7,105,111,779,,12,12,17,2,12,93,30,99,3,9,11,1,15,3,2,3,5,,4,2,,3,,,,6,9,,,,1,2,,,,,,,,,,,,,,,,,,,,,,,,
France_Ligue_1,2025-2026,Angers Sporting Club de l'Ouest,38krmbv6ro78ocg7ta93tg844,Y. Llahona,Goalkeeper,50,,,,,,,,,,,,,,,,,,,,,,,,,,,,,,,,,,,,,,,,,,,,,,,,,,,,,,,,,,,,,,,,,,,,,,,,,,,,,,,,,,,,,,,,,,,,,,,,,,,,,,,,,,,,,,,,,,,,,,,,,,,,,,,,,,,,
France_Ligue_1,2025-2026,Angers Sporting Club de l'Ouest,3wro301r42w3zvf8awh2erkes,M. Louër,Defender,20,12,7,5,9,30,,2,44,1,,,53,21,32,42,92,1,9,,13,12,1,,41,14,27,,3,3,70,,197,,,,1,33,5,4,29,,13,3,,,6,1,3,,3,4,,10,170,54,126,167,5,15,,32,541,2,,20,7,3,42,205,,177,20,,28,325,,6,6,1,2,10,22,12,18,1,,,0,,,,,,,3,4,2,,,,,1,,,,,,,,,,,,,,,,,,,,,1,,,,,,,,,
France_Ligue_1,2025-2026,Angers Sporting Club de l'Ouest,d4v9gld96o8b0dm8mo12dsg7o,L. Machine,Forward,36,30,20,10,21,34,3,,46,,,4,77,50,27,85,22,2,21,1,7,6,1,1,47,30,17,,,4,16,4,106,,,,,24,12,4,13,1,40,4,8,4,3,3,18,,1,5,7,3,84,56,35,87,3,4,1,,493,18,1,4,9,5,75,112,12,90,7,25,22,219,,4,4,7,,,20,6,22,1,0,1,0,1,1,,,,,1,,,,,,,4,3,,,,,,,,,,,,,,,,,,,,,,,,,,,,,
France_Ligue_1,2025-2026,Angers Sporting Club de l'Ouest,15xrj90m9ajck0zklb1o3t2qc,A. Moussaoui,Forward,34,,,,,,,,,,,,,,,,,,,,,,,,,,,,,,,,,,,,,,,,,,,,,,,,,,,,,,,,,,,,,,,,,,,,,,,,,,,,,,,,,,,,,,,,,,,,,,,,,,,,,,,,,,,,,,,,,,,,,,,,,,,,,,,,,,,,
France_Ligue_1,2025-2026,Angers Sporting Club de l'Ouest,avrytipllm79xl3g4lf6si5wq,L. Mouton,Midfielder,6,42,27,15,32,173,13,4,138,2,16,8,200,117,83,301,183,11,32,2,28,23,5,2,158,90,68,3,14,21,167,4,685,,,,2,58,41,16,71,2,184,22,15,8,24,21,8,5,9,12,46,27,512,304,239,507,17,23,7,4,1904,49,1,14,20,16,286,707,23,534,40,51,173,1029,10,22,12,22,6,27,130,65,146,2,1,1,1,2,,,1,1,,4,1,1,4,,,,5,1,,,,,,,,,,,,,,,,,,,,,1,1,,,,,,,
France_Ligue_1,2025-2026,Angers Sporting Club de l'Ouest,5hsayz8xx43z84ounubrnt91w,P. Peter,Forward,35,82,46,36,29,64,3,,81,,,3,208,129,79,182,40,8,29,5,28,25,3,5,126,83,43,4,4,11,44,15,166,1,,,2,51,17,12,34,3,48,11,6,14,14,9,15,,,6,10,1,109,85,54,138,4,3,1,,1266,58,5,9,30,30,178,196,20,139,7,68,57,446,,,,34,,1,43,14,56,,4,1,1,5,,1,,,,,,,1,,,1,2,8,,,,,1,,,,,,,,,,,,,,,,,,,,,,,,
France_Ligue_1,2025-2026,Angers Sporting Club de l'Ouest,2npgr2t9a1tdqvomg3khczl78,O. Pona,Goalkeeper,40,,,,2,,,,6,,,,2,,2,,20,,2,,7,5,2,,2,,2,,,,12,,26,,,,,3,,,12,,15,,,,2,,,,,,,10,20,6,31,27,,,,,180,,,3,,2,10,47,,37,,,10,69,,,,,4,10,4,6,,1,,,0,,,,,,,,6,,,,1,,,,,23,16,,,,,3,1,,,1,6,4,2,,,1,,,,,,,,,,,
France_Ligue_1,2025-2026,Angers Sporting Club de l'Ouest,4l4hmsih1jyb9jegs60cbn4oa,L. Raolisoa,Defender,27,53,23,30,31,120,7,3,207,2,19,13,212,102,110,317,217,11,31,2,30,28,2,1,159,79,80,1,14,17,205,1,617,4,,,2,131,43,18,80,2,79,21,4,6,20,13,11,3,17,15,10,23,453,268,206,434,20,29,2,29,1877,40,1,44,27,16,344,621,10,457,49,26,164,1062,15,77,56,21,13,35,177,64,129,3,2,0,1,2,,,4,4,,13,5,3,8,,,,4,,,,,1,,,,,,,,,,,,,,,,,,,1,,,,,,
France_Ligue_1,2025-2026,Angers Sporting Club de l'Ouest,4nzndhd2pnky4szpunvlyxs2y,A. Sbaï,Forward,7,15,12,3,24,94,11,,325,,27,16,218,139,79,440,191,11,24,2,25,21,4,2,203,127,76,1,7,24,55,3,547,7,1,,1,201,40,19,73,1,218,25,6,15,22,17,2,3,7,34,13,16,390,281,127,385,11,9,6,3,1742,100,2,2,15,22,388,558,21,401,20,96,157,974,18,50,28,59,2,15,176,31,142,1,1,1,1,1,1,1,1,1,,4,,2,4,,,,7,3,,,,,,,,,,,,,,,,,,,1,,,1,,1,,,,,
France_Ligue_1,2025-2026,Angers Sporting Club de l'Ouest,epqkr392cimvlfd0a8yldz578,D. Sinaté,Midfielder,23,1,1,,3,3,,,5,,,,5,3,2,10,3,,3,,2,1,1,,4,2,2,,,,3,,17,,,,,2,1,1,1,,8,,1,,,,3,,,2,,1,15,11,4,14,,,,1,31,1,,,,,5,17,1,15,,1,2,25,,1,1,1,,,2,1,2,,,,0,,,,,,,,,,,,,,,,,,,,,,,,,,,,,,,,,,,,,,,,,,,,
France_Ligue_1,2025-2026,Angers Sporting Club de l'Ouest,3vfe86wuzx2mr6ixpfngae42c,N. Sonnerat-Deschamps,Defender,0,,,,,,,,,,,,,,,,,,,,,,,,,,,,,,,,,,,,,,,,,,,,,,,,,,,,,,,,,,,,,,,,,,,,,,,,,,,,,,,,,,,,,,,,,,,,,,,,,,,,,,,,,,,,,,,,,,,,,,,,,,,,,,,,,,,,
France_Ligue_1,2025-2026,Angers Sporting Club de l'Ouest,3qapyusjivhr8pi16nc8i3otm,M. Zinga,Goalkeeper,16,,,,2,,,,6,,,,1,,1,,29,,2,,4,3,1,,1,,1,,,,11,,26,,,,,2,,,19,,9,,,,2,,,,,,,9,20,4,29,24,,1,,,180,,,1,,,18,49,,33,1,,16,73,,,,,8,16,12,4,,,,,0,,,,,,,,6,,,,2,,,,1,21,14,,,,1,7,,,,,7,6,1,,,1,,,,,,,,,,,
France_Ligue_1,2025-2026,Angers Sporting Club de l'Ouest,2rsqkarlkh6z8vrb0clfbz6xh,B. van den Boomen,Midfielder,8,17,10,7,14,97,3,4,171,3,35,4,94,52,42,195,225,9,14,,20,18,2,,77,42,35,1,7,25,192,,703,,1,,2,86,11,3,61,,212,26,5,5,13,5,1,10,19,3,25,64,627,353,315,585,12,12,1,1,1152,9,,13,18,8,150,726,10,649,24,6,77,909,24,47,15,4,4,22,98,26,55,3,,,0,,,,,1,,4,4,,2,,,,,1,,,,2,,,,,,,,,,,,,,,,,,,,,,,,,
France_Ligue_1,2025-2026,Association Jeunesse Auxerroise,4f85sbgrdxjtb02m8y5hideui,S. Agouzoul,Defender,6,,,,,,,,,,,,,,,,,,,,,,,,,,,,,,,,,,,,,,,,,,,,,,,,,,,,,,,,,,,,,,,,,,,,,,,,,,,,,,,,,,,,,,,,,,,,,,,,,,,,,,,,,,,,,,,,,,,,,,,,,,,,,,,,,,,,
France_Ligue_1,2025-2026,Association Jeunesse Auxerroise,9dnne0ny6o6d5c6w3ayoo4vvu,N. Ahamada,Midfielder,8,4,1,3,14,63,1,1,127,,1,,47,19,28,120,59,4,14,,7,6,1,,43,18,25,,4,5,73,1,243,,,,1,69,12,6,37,,56,6,3,1,7,6,7,,1,8,1,9,209,144,74,208,1,8,,1,589,11,,3,4,8,64,251,4,217,9,10,34,339,1,4,3,6,2,8,30,8,26,,,,0,,,,,1,,1,,,1,,,,,,,,,,,,,,,,,,,,,,,,,,,,,,,,,,
France_Ligue_1,2025-2026,Association Jeunesse Auxerroise,2173tp0hk6gsx2o46hx4h5mju,C. Akpa,Defender,92,67,31,36,26,77,3,9,282,4,11,8,163,56,107,92,481,8,26,,29,26,3,,96,25,71,1,21,9,117,1,1015,2,,,1,151,18,9,77,,398,9,3,,21,2,5,3,10,11,,75,819,296,578,789,12,19,1,15,1941,4,,93,12,30,258,1073,3,864,31,8,209,1387,7,20,9,2,62,131,172,57,78,2,,,0,,1,,,,1,4,10,1,1,1,,,1,,,11,11,1,,,,,,,,,,,,,,,,2,,1,,1,,,,,
France_Ligue_1,2025-2026,Association Jeunesse Auxerroise,2r6suw717hgzqsp8ogvwdfk6h,T. Bair,Forward,9,3,,3,2,,,,1,,,,5,2,3,5,1,,2,,,,,,2,2,,,,,2,,4,,,,,,,,,,1,,,,,,2,,,,,,3,3,,3,,,,,8,2,,1,,,5,4,,3,,,1,9,,,,,,,,1,1,,,,0,,,,,,,,,,,,,,,,,,,,,,,,,,,,,,,,,,,,,,,,,,,,
France_Ligue_1,2025-2026,Association Jeunesse Auxerroise,1i1kglybnprrm3qliag8citm2,J. Casimir,Forward,7,49,24,25,30,123,5,,141,,24,13,184,87,97,337,121,20,30,1,25,24,1,1,135,63,72,2,11,10,156,3,427,3,1,,1,80,28,13,65,1,51,10,5,12,16,11,14,3,9,9,10,13,330,235,128,341,13,18,1,23,1503,22,1,12,34,32,212,451,17,354,31,37,97,764,11,44,30,10,7,14,120,21,83,4,0,1,0,1,2,,,,,6,2,2,1,,,,4,3,,,,,,,,,,,,,,,,,,,,,,1,,1,1,,,,
France_Ligue_1,2025-2026,Association Jeunesse Auxerroise,6g95kayrpxatgdv4mg64xtm38,M. Cissokho,Forward,44,,,,2,,,,1,,,,1,,1,,,,2,,,,,,1,,1,,,,,,,,,,,1,,,,,,,,,,,2,,,,,,,,,,,,,,2,,,,,1,,,,,,,,2,,,,,,,,,,,,,0,,,,,,,,,,,,,,,,,,,,,,,,,,,,,,,,,,,,,,,,,,,,
France_Ligue_1,2025-2026,Association Jeunesse Auxerroise,ykp13dluyk1dwzunv5qj2yhg,L. Coulibaly,Midfielder,21,3,,3,17,27,2,1,70,,6,8,62,27,35,94,25,4,17,,5,4,1,,59,27,32,,5,4,34,2,106,1,,,,34,9,3,30,,22,4,1,1,1,1,16,2,4,15,1,4,83,60,28,80,1,5,1,9,308,13,,,10,11,66,108,2,84,6,10,24,213,4,14,9,8,2,4,29,9,20,1,,,0,,,,,,,1,,,,,,,,,,,,1,,,,,,,,,,,,,,,,,,,,,,,,,
France_Ligue_1,2025-2026,Association Jeunesse Auxerroise,4sjs5ktvkun9g96w6h5a39puc,K. Danois,Midfielder,5,39,25,14,32,288,6,2,432,8,91,9,314,165,149,585,443,17,32,3,39,33,6,,275,140,135,2,37,51,365,3,1403,2,,,3,196,46,24,184,2,389,52,10,8,31,10,1,31,43,35,28,89,1199,753,561,1182,30,45,8,5,2745,68,,15,31,25,431,1485,18,1271,75,30,214,2051,53,85,23,25,9,40,245,54,174,3,1,2,0,2,1,1,1,1,,3,1,1,10,,,,5,2,,,,,,,,,,,,,,,,,,,1,,,,3,,,,,,
France_Ligue_1,2025-2026,Association Jeunesse Auxerroise,2fvrc1kbl7k48il02ekwiqove,T. De Percin,Goalkeeper,40,3,,3,8,,,,8,,,,3,,3,,149,,8,,9,9,,,,,,,,,41,,115,,,,1,6,1,,40,,16,,,,5,,3,,,,,41,80,34,77,70,,,,,596,,,6,,1,96,206,,111,,,95,255,,,,,45,93,83,12,2,,,,0,,,,,,,,19,,,,3,,,,,38,50,,,6,,30,1,2,1,3,16,7,5,1,,4,,,,,,,,,,,
France_Ligue_1,2025-2026,Association Jeunesse Auxerroise,3apdng0z7tnntzvcwatrdp9n8,T. Devernois,Midfielder,36,,,,2,2,,,2,,2,1,,,,5,6,,2,,,,,,,,,,,2,1,,10,,,,,,,,2,,1,2,,,,,2,1,1,,,,6,6,1,6,,,,,8,,,,,,6,10,,6,,,4,13,1,2,1,,,,3,3,4,,,,0,,,,,,,,,,,,,,,,,,,,,,,,,,,,,,,,,,,,,,,,,,,,
France_Ligue_1,2025-2026,Association Jeunesse Auxerroise,c0xwftpmyy9mr86c013uw47bo,E. Diamalunda,Defender,43,,,,,,,,,,,,,,,,,,,,,,,,,,,,,,,,,,,,,,,,,,,,,,,,,,,,,,,,,,,,,,,,,,,,,,,,,,,,,,,,,,,,,,,,,,,,,,,,,,,,,,,,,,,,,,,,,,,,,,,,,,,,,,,,,,,,
France_Ligue_1,2025-2026,Association Jeunesse Auxerroise,e9mtpmkb4qj2gqyv966g9ulpm,S. Diomandé,Defender,20,62,24,38,23,62,2,14,184,6,,2,162,67,95,43,388,9,23,2,29,23,6,2,100,43,57,1,30,2,302,1,888,,,,3,101,10,7,79,1,183,4,3,4,23,2,,,,4,,58,771,251,557,750,13,18,,2,2044,7,2,108,30,25,150,935,7,808,31,13,127,1225,,,,4,31,71,84,43,56,2,0,2,0,,,,1,2,,,6,1,1,,,,,2,1,3,4,,1,,,1,,,,,,,,,,,,,,1,,1,,,,,
France_Ligue_1,2025-2026,Association Jeunesse Auxerroise,baxx0jl4weaymn7wj9692o1zo,L. Dioubaté,Midfielder,0,,,,,,,,,,,,,,,,,,,,,,,,,,,,,,,,,,,,,,,,,,,,,,,,,,,,,,,,,,,,,,,,,,,,,,,,,,,,,,,,,,,,,,,,,,,,,,,,,,,,,,,,,,,,,,,,,,,,,,,,,,,,,,,,,,,,
France_Ligue_1,2025-2026,Association Jeunesse Auxerroise,epm5q1bte6c7heozsr1fc10ix,A. Dioussé,Midfielder,18,7,5,2,15,20,2,2,37,,1,1,26,15,11,36,40,2,15,,10,8,2,,19,10,9,1,5,3,47,,142,,,,,17,3,2,20,,44,3,1,1,1,1,14,1,2,1,2,12,130,78,63,127,3,2,1,,208,3,,4,7,3,22,151,2,139,5,1,12,194,,4,3,1,2,4,13,3,8,3,,,0,,,,,,,1,1,1,,,,,,,,,,,,,,,,,,,,,,,,,,,,,,,,,,,
France_Ligue_1,2025-2026,Association Jeunesse Auxerroise,7a6hqi5iy91onh9u7l7t88tbe,O. El Azzouzi,Midfielder,17,15,4,11,11,75,1,3,84,,1,2,89,47,42,112,109,7,11,1,11,8,3,1,74,43,31,2,16,9,108,,375,,,,1,47,9,6,41,1,94,9,3,1,10,7,1,,,6,5,25,339,186,164,325,3,16,,1,813,19,1,13,18,7,63,386,4,350,19,11,36,513,,,,12,3,7,28,8,29,1,1,0,1,1,,,,,,,1,,1,,,,1,1,,,,,,,,,,,,,,,,,,,,,1,1,,,,,,,
France_Ligue_1,2025-2026,Association Jeunesse Auxerroise,7c5uk1ts8jlu88p1x6wubuz8p,R. Faivre,Midfielder,28,3,,3,10,35,3,1,66,,13,1,54,21,33,106,60,2,10,,7,6,1,,51,21,30,,5,8,58,2,165,5,,,1,36,12,5,27,,25,10,5,3,7,5,3,4,4,12,3,10,134,93,57,136,1,6,2,1,583,13,,5,5,11,79,178,8,146,7,11,32,297,7,10,2,10,,2,32,10,30,,,,0,,,,2,2,,,,1,2,,,,,,,,,,,,,,,,,,,,,,,,,,,,,,,,,,
France_Ligue_1,2025-2026,Association Jeunesse Auxerroise,8r9g7532n02dv537xj52cp4b8,E. Legros,Defender,35,,,,,,,,,,,,,,,,,,,,,,,,,,,,,,,,,,,,,,,,,,,,,,,,,,,,,,,,,,,,,,,,,,,,,,,,,,,,,,,,,,,,,,,,,,,,,,,,,,,,,,,,,,,,,,,,,,,,,,,,,,,,,,,,,,,,
France_Ligue_1,2025-2026,Association Jeunesse Auxerroise,cglp4k40r1t672m7j0eb5ktsl,D. Léon,Goalkeeper,16,8,1,7,28,,,,76,7,,,21,4,17,,539,3,28,,35,29,6,,13,3,10,,1,1,108,,422,,,,2,25,1,,216,,92,1,,,28,1,,,,1,,188,246,125,263,200,1,2,,,2373,,,21,3,7,355,739,,388,3,,351,990,,,,,194,350,315,36,1,,,,0,,,,,,1,,64,,,,23,,,,2,186,163,,,8,3,79,5,3,1,10,93,62,31,1,2,21,,,2,2,,,,,,,
France_Ligue_1,2025-2026,Association Jeunesse Auxerroise,1qcj2upaz0xa98zkc835djo8a,S. Mara,Forward,9,78,47,31,26,70,9,,76,,,6,192,109,83,205,41,11,26,3,17,14,3,3,114,62,52,3,3,6,64,2,214,5,,,2,27,18,9,24,2,53,8,11,12,13,12,13,,,15,17,9,152,115,51,157,6,6,2,2,1147,37,2,7,27,25,144,228,23,166,12,45,62,447,,,,16,,1,47,15,61,,3,0,1,3,,1,2,2,,,,,2,,,1,11,1,,,,1,,,,,,,,,,,,,,,,,,,,,,,,,
France_Ligue_1,2025-2026,Association Jeunesse Auxerroise,16x1h9hpemidk9a15q01kfj10,R. Matondo,Midfielder,34,24,16,8,26,96,6,3,121,1,3,3,138,72,66,123,119,17,26,2,16,14,2,2,114,56,58,2,11,5,145,1,476,2,,,2,35,24,13,58,2,121,5,2,5,13,6,13,1,4,14,9,10,416,200,224,410,6,19,,9,1276,21,2,18,25,20,118,481,7,420,25,22,61,702,2,9,7,7,6,13,45,25,48,4,2,0,0,,,,,,,3,,,,,1,,,,,,,,,,,,,,,,,,,,,,,,1,1,,,,,,,
France_Ligue_1,2025-2026,Association Jeunesse Auxerroise,512mx8ixg85cbefyan94g82y1,G. Mensah,Defender,14,27,15,12,29,215,,4,272,4,,7,214,107,107,333,457,29,29,,28,26,2,,187,92,95,,27,13,43,1,1031,1,,,3,141,50,19,122,,359,14,1,,25,10,4,,13,15,2,57,853,471,433,834,12,37,1,196,2243,32,,67,37,31,331,1074,1,891,49,7,183,1684,,46,43,13,34,79,172,57,104,8,,,0,,1,,,1,,13,10,35,1,1,1,,,,3,,,,,,,,,,,,,,,,,,,,,,,,,,,,
France_Ligue_1,2025-2026,Association Jeunesse Auxerroise,3zj8d6pm6m3e8v8lshu2scavo,L. Mezerette,Goalkeeper,37,,,,,,,,,,,,,,,,,,,,,,,,,,,,,,,,,,,,,,,,,,,,,,,,,,,,,,,,,,,,,,,,,,,,,,,,,,,,,,,,,,,,,,,,,,,,,,,,,,,,,,,,,,,,,,,,,,,,,,,,,,,,,,,,,,,,
France_Ligue_1,2025-2026,Association Jeunesse Auxerroise,f3zl8ymo5ttze20sffzk044q1,D. Namaso,Forward,19,109,64,45,29,207,22,2,287,4,2,21,395,236,159,570,161,21,29,3,36,31,5,2,286,172,114,7,10,29,139,4,667,2,,,3,138,35,23,113,3,180,32,23,17,28,11,1,,2,33,37,23,558,391,188,554,12,22,1,6,2453,108,2,21,61,47,338,687,40,577,34,115,110,1231,,27,27,52,2,12,121,16,98,8,2,1,1,3,2,,3,3,1,2,1,1,5,,,,4,8,,,,2,,,,,,,,,,,,,,,,,,,1,,,,,,
France_Ligue_1,2025-2026,Association Jeunesse Auxerroise,60uz2yyjpgu231ldfpouznl78,T. Negrel,Goalkeeper,30,,,,,,,,,,,,,,,,,,,,,,,,,,,,,,,,,,,,,,,,,,,,,,,,,,,,,,,,,,,,,,,,,,,,,,,,,,,,,,,,,,,,,,,,,,,,,,,,,,,,,,,,,,,,,,,,,,,,,,,,,,,,,,,,,,,,
France_Ligue_1,2025-2026,Association Jeunesse Auxerroise,bkwb8x91yhrr4nmfg1xgvg67e,B. Okoh,Defender,24,46,15,31,13,19,2,13,109,3,,1,82,30,52,17,165,5,13,3,15,13,2,2,36,15,21,3,27,4,133,,409,,,,2,59,7,5,48,,106,4,3,3,12,2,1,,,,,22,346,88,270,336,4,9,1,,1006,3,2,76,13,8,74,423,6,358,13,11,65,605,,,,2,13,31,45,20,34,2,2,1,1,1,1,1,,,1,,4,,,1,1,,,,1,2,2,,2,,,,,,,,,,,,,,,,,,1,,,,,,
France_Ligue_1,2025-2026,Association Jeunesse Auxerroise,ulqazti394q5bbzc4pblidat,A. Onaiwu,Forward,45,,,,,,,,,,,,,,,,,,,,,,,,,,,,,,,,,,,,,,,,,,,,,,,,,,,,,,,,,,,,,,,,,,,,,,,,,,,,,,,,,,,,,,,,,,,,,,,,,,,,,,,,,,,,,,,,,,,,,,,,,,,,,,,,,,,,
France_Ligue_1,2025-2026,Association Jeunesse Auxerroise,cm78w42nflwgvshpnok680mlm,F. Oppegård,Defender,22,10,10,,23,127,5,5,117,1,6,13,81,38,43,247,107,6,23,,19,16,3,,71,28,43,,13,11,18,2,385,3,,,,80,33,17,45,,141,11,3,2,15,7,8,3,14,9,4,7,307,205,122,306,8,18,1,50,1248,15,,24,8,8,162,393,5,313,26,20,80,672,3,34,29,8,12,19,92,22,61,1,,,0,,,,,,,9,2,11,1,,2,,,,,,,,,,,,,,,,,,,,,,,,1,1,,,,,,,
France_Ligue_1,2025-2026,Association Jeunesse Auxerroise,bty8qu3hdcfdb3mlr9i70qga1,G. Osho,Defender,3,5,3,2,2,13,,2,8,1,,,11,5,6,3,20,1,2,,2,2,,,6,2,4,,1,,27,,72,,,,,4,5,4,3,,14,,,,2,1,,,,,,1,67,18,51,68,1,2,,1,134,,,2,2,1,7,74,,69,3,,5,91,,2,2,,1,3,5,2,2,,,,0,,,,,,,,,,,,,,,,,,,,,,,,,,,,,,,,,,,,,,,,,,,,
France_Ligue_1,2025-2026,Association Jeunesse Auxerroise,3r9qvhedhr1o6zm6c5l4alkpg,I. Osman,Forward,23,16,10,6,14,54,3,,78,,,7,89,52,37,164,30,4,14,,11,10,1,,73,42,31,,4,5,33,3,162,3,,,,44,16,5,24,,47,7,9,6,7,5,7,,1,6,9,4,129,100,32,127,3,8,,,623,32,,2,7,14,104,164,15,131,11,24,33,309,,9,9,16,1,2,35,7,31,,,,0,,,,1,2,,1,,1,1,,,,3,5,,,,,,,,,,,,,,,,,,,,,,,,,,,,,
France_Ligue_1,2025-2026,Association Jeunesse Auxerroise,ebx4h86svfnvegspalqgxqfah,E. Owusu,Midfielder,42,34,22,12,28,122,3,8,142,6,,1,210,98,112,136,271,21,28,,31,28,3,,176,76,100,4,25,12,226,,844,2,,,2,53,47,27,149,,232,12,4,,26,8,2,,,10,9,31,686,361,332,662,25,43,2,6,2259,18,,44,45,22,208,851,4,693,68,,158,1159,,1,1,3,25,35,108,51,123,7,,,0,,,,,,,,4,,,,,,,,,,,,,,,,,,,,,,,,,,,,,,,,,,,,
France_Ligue_1,2025-2026,Association Jeunesse Auxerroise,ch536l45eujns5iip992z3qxg,A. Petit Dol,Defender,38,,,,,,,,,,,,,,,,,,,,,,,,,,,,,,,,,,,,,,,,,,,,,,,,,,,,,,,,,,,,,,,,,,,,,,,,,,,,,,,,,,,,,,,,,,,,,,,,,,,,,,,,,,,,,,,,,,,,,,,,,,,,,,,,,,,,
France_Ligue_1,2025-2026,Association Jeunesse Auxerroise,bxmvvm79asf30rpxgklotjg9g,R. Rodin,Forward,31,,,,3,1,,,,,,,3,3,,2,1,,3,,1,,1,,3,3,,,,,1,,3,,,,,,,,,,1,,,,,,3,,,,1,,3,3,1,4,,,,,23,3,,,,,4,4,,4,,,,9,,,,,,,,,,,,,0,,,,,,,,,,,,,,,,,,,,,,,,,,,,,,,,,,,,,,,,,,,,
France_Ligue_1,2025-2026,Association Jeunesse Auxerroise,1ho9nox6j8s5cxd1kxjspsrca,M. Senaya,Defender,29,66,22,44,24,97,7,13,157,3,2,9,216,83,133,211,284,8,24,1,28,25,3,1,150,61,89,1,34,6,200,1,591,,,,1,83,32,16,59,1,41,6,3,5,20,8,4,1,11,3,,33,450,202,284,442,24,32,1,76,1776,27,1,77,25,32,261,622,8,475,56,21,147,1107,1,31,29,18,18,55,136,42,92,5,0,1,0,,,,,,,10,3,32,,1,,,,2,1,,,,,,,,,,,,,,,,,,,,,,,,,,,,
France_Ligue_1,2025-2026,Association Jeunesse Auxerroise,a1oi2uvchhnwi4kqw9npdp0q1,F. Sierralta,Defender,4,45,13,32,10,34,3,5,73,2,,,77,24,53,26,95,2,10,1,15,15,,1,32,11,21,,8,2,151,,390,,,,,28,7,4,27,,125,2,2,2,9,2,1,,,2,,13,351,88,275,350,8,6,,1,862,,1,56,8,5,46,405,4,363,14,19,42,523,,,,,12,17,26,16,25,2,1,0,0,,,,,,,,4,,,,,,,,1,3,3,,1,,,,,,,,,,,,,,,,,,,,,,,,
France_Ligue_1,2025-2026,Association Jeunesse Auxerroise,aujgya83jg4eylvm7hjjbbasq,L. Sinayoko,Forward,10,134,97,37,31,199,24,,279,5,,30,371,211,160,664,163,12,31,10,37,32,5,9,237,114,123,,24,36,210,13,706,4,4,3,3,132,58,29,87,8,164,40,30,35,31,11,,,7,30,52,15,528,414,151,543,17,24,6,4,2690,81,5,24,28,52,375,736,65,558,41,156,178,1294,,25,25,32,2,8,176,27,170,7,6,4,2,5,1,1,3,4,,7,1,1,6,,,1,10,13,,,,,1,,,,,,,,,,,,,,,,,,1,,,,,,
France_Ligue_1,2025-2026,Association Jeunesse Auxerroise,896vowtghxnvbix85vckpyqz8,T. Siwe,Defender,13,5,4,1,3,3,,1,11,1,,1,16,10,6,7,28,1,3,,3,3,,,11,6,5,1,4,1,20,,63,,,,,6,4,4,5,,15,1,1,,3,1,,,,1,,3,53,23,33,53,1,3,,,225,5,,6,2,,17,66,1,56,4,1,10,100,,,,3,1,3,5,5,7,,,,0,,,,,,1,,,,,,,,,,,,,,,,,,,,,,,,,,,,,,,,,,,,,,
France_Ligue_1,2025-2026,Association Jeunesse Auxerroise,9t2dfjl5agcsblpq8dpqojofe,L. Sy,Defender,27,8,2,6,23,123,6,6,220,4,,18,135,64,71,314,169,6,23,,21,16,5,,127,62,65,3,20,13,191,3,495,4,,,2,130,42,16,77,,16,13,5,2,16,5,7,,5,11,2,16,413,239,183,401,14,27,,113,1443,36,,32,22,13,215,499,7,417,41,30,82,938,,40,40,25,16,22,83,39,60,1,,,0,,1,,,,,5,1,16,2,,,1,1,1,,,,,,,,,,,,,,,,,,,,,,,,,,,,,
France_Ligue_1,2025-2026,Association Jeunesse Auxerroise,1232jma15b5kj5j4gwvn6bp5g,Y. Zaddy,Forward,41,,,,1,1,,,1,,,,,,,,1,,1,,1,1,,,,,,,,,1,,3,,,,,1,,,,,,,,,,,1,,,,,,3,1,2,3,,,,,1,,,,,,,3,,3,,,,3,,,,,,,,,,,,,0,,,,,,,,,,,,,,,,,,,,,,,,,,,,,,,,,,,,,,,,,,,,
France_Ligue_1,2025-2026,AS Monaco FC,ai5p5wgft6c09bjbldz9sfeac,S. Adingra,Forward,24,12,8,4,13,85,8,,168,,3,11,131,86,45,287,63,2,13,3,11,10,1,2,119,78,41,1,6,11,26,2,308,4,,,,98,29,4,58,2,136,12,7,5,9,7,4,,7,23,8,3,236,159,86,235,1,10,1,19,785,59,2,5,7,7,183,310,12,238,11,63,72,538,1,21,20,44,2,6,78,15,66,,3,0,1,3,1,1,1,1,,7,1,5,2,,,,2,2,,,,,,,,,,,,,,,,,,,,,,,1,,,,,,
France_Ligue_1,2025-2026,AS Monaco FC,8vhjmcgjbzpzd4vv3zb945p1w,M. Akliouche,Midfielder,11,22,19,3,30,272,13,3,382,3,19,21,233,133,100,675,285,13,30,6,35,32,3,6,211,114,97,5,18,36,310,9,1056,4,,,3,200,50,23,139,2,209,42,16,19,27,11,3,4,12,24,43,41,895,661,266,874,16,22,9,14,2343,67,6,13,28,35,352,1076,35,915,38,107,161,1549,10,39,25,29,3,12,174,26,149,3,3,3,0,6,1,4,3,6,,6,4,,8,,,1,4,6,,,,,,,,,,,,,,,,,,,,,,,,,,,,,
France_Ligue_1,2025-2026,AS Monaco FC,edti8t30h7ukwi3wqlzaczje1,F. Balogun,Forward,9,72,47,25,29,150,15,2,135,2,,20,216,137,79,386,57,7,29,13,32,28,4,12,144,90,54,2,4,18,91,17,356,1,3,3,1,73,24,8,48,12,89,22,26,31,25,16,4,,3,14,41,3,251,190,95,279,,5,2,,2169,45,9,7,42,36,226,387,57,282,5,173,105,688,,11,11,19,,3,99,17,102,4,6,7,4,10,2,1,1,4,,3,,,8,,,3,10,11,,,,,,,,,,,,,,,,,,,,,1,1,1,,,,,,
France_Ligue_1,2025-2026,AS Monaco FC,srzdmbirhvpjuok4mf7lj5zo,A. Bamba,Midfielder,23,31,15,16,17,63,,,127,,,1,138,65,73,108,119,10,17,,12,10,2,,107,50,57,,7,9,149,,461,2,,,,45,23,14,42,,138,10,,1,10,9,7,,2,11,7,19,379,213,176,368,13,17,3,1,746,16,,15,22,16,119,469,1,387,30,8,82,624,,2,2,6,,2,56,28,80,2,,,0,,,,1,1,,2,1,,4,,,,1,,,,,,,,,,,,,,,,,,,,,,,,,,,,,,
France_Ligue_1,2025-2026,AS Monaco FC,rn17zrbsh1g9r1tj4xyvhgr8,E. Ben Seghir,Midfielder,7,,,,2,6,,,7,,,,7,3,4,10,9,,2,,2,2,,,7,3,4,,,,3,,24,,,,,3,1,1,2,,7,,1,,,,2,,,1,2,1,18,9,10,18,2,,,,43,1,,,1,1,9,25,1,19,2,1,6,34,,1,1,,,2,7,,4,,,,0,,,,,,,,,,,,,,,,,,,,,,,,,,,,,,,,,,,,,,,,,,,,
France_Ligue_1,2025-2026,AS Monaco FC,4oy0gt7r3bb6okvpgj1eww4d0,Y. Benchaouch,Goalkeeper,60,,,,,,,,,,,,,,,,,,,,,,,,,,,,,,,,,,,,,,,,,,,,,,,,,,,,,,,,,,,,,,,,,,,,,,,,,,,,,,,,,,,,,,,,,,,,,,,,,,,,,,,,,,,,,,,,,,,,,,,,,,,,,,,,,,,,
France_Ligue_1,2025-2026,AS Monaco FC,btfanvej91yogqzfml4vmsmei,M. Biereth,Forward,14,61,46,15,31,59,7,2,58,,,8,141,97,44,189,44,,31,2,22,21,1,2,80,51,29,3,,18,54,9,180,1,,,4,24,16,8,31,2,42,20,5,7,12,11,19,,2,4,11,1,100,78,43,118,4,7,5,2,1049,32,2,5,16,14,155,199,12,119,11,61,80,360,,5,5,9,,2,74,11,78,,1,1,0,2,,,2,2,,2,,,4,,,,4,4,,,,,,,,,,,,,,,,,,,1,,,,,,,,,,
France_Ligue_1,2025-2026,AS Monaco FC,4dkerrlcqxybg52pose3qxas,P. Brunner,Forward,29,2,,2,6,3,1,,14,,,1,22,16,6,19,9,6,6,,2,2,,,20,16,4,,1,,5,1,21,,,,,7,1,,4,,5,,1,,1,1,5,,,1,,1,13,12,2,13,,2,1,,113,5,,,8,1,21,22,1,14,2,7,8,46,,1,1,3,,1,7,2,7,1,,,0,,,,,,,,,,,,,,,,,,,,,,,,,,,,,,,,,,,,,,,,,,,,
France_Ligue_1,2025-2026,AS Monaco FC,e6zf0qj614z50i0bsd4l3xmac,P. Cabral,Midfielder,41,2,,2,4,8,,,11,,,,12,6,6,20,13,,4,,2,1,1,,10,6,4,,1,,14,,52,,,,,2,2,1,4,,17,,1,2,,,4,,,1,2,,45,24,21,45,1,1,,,73,3,,4,1,1,10,52,3,45,2,2,7,71,,,,1,,1,5,2,6,,,,0,,,,,,,,,,,,,,,1,,,,,,,,,,,,,,,,,,,,,,,,,,,,,
France_Ligue_1,2025-2026,AS Monaco FC,1o7se1aziz6fpes5hey7yijft,Caio Henrique,Defender,12,19,12,7,22,137,2,6,190,2,35,15,101,50,51,363,324,5,22,,24,22,2,,82,38,44,,11,19,41,1,746,1,,,1,117,36,14,61,,276,21,,,17,3,5,8,22,6,1,27,599,408,241,600,13,10,1,101,1533,18,,32,13,17,291,778,,627,23,14,151,1184,20,70,40,9,25,47,180,41,104,2,,,0,,,,2,2,1,12,4,26,7,,,,,,,,,2,,,,,,,,,,,,,,,,,,,,,,,,,
France_Ligue_1,2025-2026,AS Monaco FC,8eq4c5cotvem9ae9uzb2yezo4,L. Camara,Midfielder,15,40,24,16,23,215,7,6,307,6,67,9,230,99,131,386,318,13,23,1,22,22,,,190,75,115,2,37,28,286,,1098,3,,,3,128,41,24,153,1,325,32,12,2,21,7,2,20,26,15,18,55,939,574,430,923,23,30,1,2,1761,33,,16,26,47,323,1144,14,978,53,18,166,1604,41,69,16,13,10,37,192,43,129,5,0,1,0,1,,,3,4,,4,4,,8,,1,,1,1,,,,5,,,,,,,,,,,,,,,,,,,1,,,,,,
France_Ligue_1,2025-2026,AS Monaco FC,52bg33ueyjgfvlh0x4n4rks2c,M. Coulibaly,Midfielder,28,33,21,12,24,164,3,2,182,1,,6,179,101,78,242,147,19,24,3,28,27,1,2,146,80,66,1,19,9,219,3,654,2,,,2,81,35,22,87,,131,12,4,5,15,9,9,,3,15,37,33,553,294,269,527,16,19,5,5,1359,33,3,19,31,16,186,661,9,560,35,28,101,927,,11,11,19,5,17,91,21,84,7,2,1,0,3,,3,1,3,,3,4,,3,,,,1,1,,,,,,,,,,,,,,,,,,,,,1,1,1,,,,,,
France_Ligue_1,2025-2026,AS Monaco FC,f5j3vhj805xtkos7l538u0d7t,K. Diatta,Midfielder,27,38,11,27,18,112,2,3,107,1,,4,107,34,73,248,151,2,18,,17,14,3,,69,23,46,1,16,12,179,4,455,1,,,2,46,21,9,57,,16,13,4,1,10,4,8,,9,6,1,16,356,240,128,343,13,18,1,92,1011,8,,30,8,10,162,458,5,359,31,22,99,749,,28,28,3,7,21,104,23,78,2,,,0,,,,1,1,1,9,5,7,4,,,,,1,,,,,,,,,,,,,,,,,,,,,,,,,,,,,
France_Ligue_1,2025-2026,AS Monaco FC,az7wa6km1zhvsb8y4mndlogyd,E. Dier,Defender,3,28,14,14,9,29,1,10,127,,,,51,28,23,32,163,5,9,1,15,14,1,1,23,14,9,,10,2,237,,575,,,,3,77,5,4,19,,163,2,,2,7,1,2,,,,,29,539,277,278,526,3,4,,2,687,,1,29,9,4,42,592,2,555,7,4,37,673,,2,2,,4,14,25,14,23,,1,0,1,,,,,,,,3,,,,,,,,,2,2,,1,,,,,,,,,,,,,,,,,,,,,,,,
France_Ligue_1,2025-2026,AS Monaco FC,72d5uxwcmvhd6mzthxuvev1sl,W. Faes,Defender,25,39,16,23,13,39,1,9,172,2,,1,74,33,41,53,232,3,13,,18,16,2,,35,17,18,1,15,,172,,682,,,,,92,10,8,37,,261,,3,1,12,1,1,,,1,,13,628,287,363,637,3,11,,1,1051,1,,54,13,3,60,704,4,650,14,8,54,834,,1,1,1,9,17,36,19,37,3,,,0,,,,,,,,1,1,,,,,,1,,13,13,,,,,,,,,,,,,,,,,,,,,,,,,,
France_Ligue_1,2025-2026,AS Monaco FC,308krssmz6irpfntht1ka78tm,Ansu Fati,Forward,31,26,13,13,24,85,9,,107,,2,8,101,55,46,234,90,5,24,10,17,14,3,8,75,42,33,2,4,14,84,3,372,1,4,3,2,54,21,8,35,6,121,14,9,21,9,8,15,,2,13,12,14,306,216,100,300,5,9,4,5,996,27,9,8,9,6,131,380,30,314,14,55,66,566,,5,5,15,1,9,57,14,57,1,7,3,4,7,,3,,,,2,,,3,,,,2,9,,,,,1,,,,,,,,,,,,,,,,,,2,,,,,,
France_Ligue_1,2025-2026,AS Monaco FC,28x7i681wkjueanvkevew3bh1,A. Golovin,Midfielder,10,19,14,5,25,176,9,5,232,3,11,8,156,88,68,472,240,14,25,5,20,19,1,5,137,74,63,1,24,19,115,2,723,4,,,1,115,47,27,81,2,203,24,7,18,21,16,4,3,8,19,25,21,596,435,179,585,8,18,5,6,1661,27,5,11,30,18,235,734,25,606,26,55,128,1057,7,29,21,12,5,14,128,29,114,2,2,3,2,5,,3,3,5,,5,3,,2,,,,3,3,,,,1,,,,,,,,,,,,,,,,,,1,,1,,,,,
France_Ligue_1,2025-2026,AS Monaco FC,cg6h7oq0b5zpx1g4brhzyk1xx,L. Hrádecký,Goalkeeper,1,6,,6,16,,,,44,2,,,8,,8,,265,,16,,22,20,2,,2,,2,,,,74,,276,,,,2,15,,,103,,71,,,,16,2,,,,,,61,187,32,242,213,,1,,,1351,,,15,,,139,410,,274,1,,136,534,,,,,84,132,95,41,4,1,,,0,,,,,,,,18,,,,9,,,,1,124,100,,,8,,27,3,3,,5,43,29,14,,1,3,,,,,,,,,,,
France_Ligue_1,2025-2026,AS Monaco FC,370bp4zp3mxe27rtx3gwhcems,S. Idumbo,Midfielder,17,2,1,1,8,16,2,,19,,,1,16,9,7,35,12,,8,1,5,4,1,1,14,8,6,,,2,5,,49,,,,,7,2,1,6,1,18,3,2,2,,,8,,,1,1,,44,28,18,46,,3,,5,164,5,1,2,3,2,14,51,4,46,3,6,5,87,,1,1,3,,1,6,,4,,1,0,0,1,,,1,1,,,,,1,,,,,1,,,,,,,,,,,,,,,,,,,,,,,,,,,,,
France_Ligue_1,2025-2026,AS Monaco FC,47zfdb0zeb03nvtjpom42j2ms,G. Ilenikhena,Forward,19,19,11,8,15,22,2,1,20,,,4,48,32,16,84,6,1,15,2,8,8,,2,29,21,8,,,3,19,8,46,2,,,,7,2,1,4,,6,3,6,7,3,3,12,,,1,5,2,32,27,12,37,1,,,,376,16,1,2,2,6,45,53,13,39,1,29,14,125,,,,10,,1,12,2,13,,1,1,1,2,,1,,,,,,,,,,,2,3,,,,,1,,,,,,,,,,,,,,,,,,,,,,,,
France_Ligue_1,2025-2026,AS Monaco FC,cm0gwoyh5rdb216fx685a7l5h,T. Kehrer,Defender,5,110,43,67,27,86,3,23,382,6,,3,259,94,165,133,637,13,27,,35,33,2,,149,51,98,1,30,5,557,2,1574,,,,2,216,33,18,92,,356,5,12,1,27,2,,,,4,1,60,1365,623,801,1364,23,42,5,13,2337,5,,104,27,29,252,1636,13,1424,65,27,212,2042,,5,5,3,29,82,149,68,130,6,,,0,,1,,,,,,9,15,1,2,1,,,2,1,5,5,,,,,,,,,,,,,,,,1,,1,2,,1,,,,,
France_Ligue_1,2025-2026,AS Monaco FC,5bas57doihudlqao4yzax2pec,B. Kiwa,Defender,43,,,,,,,,,,,,,,,,,,,,,,,,,,,,,,,,,,,,,,,,,,,,,,,,,,,,,,,,,,,,,,,,,,,,,,,,,,,,,,,,,,,,,,,,,,,,,,,,,,,,,,,,,,,,,,,,,,,,,,,,,,,,,,,,,,,,
France_Ligue_1,2025-2026,AS Monaco FC,a1q3mystvi6gkv7tjrn75kw6h,P. Köhn,Goalkeeper,16,6,,6,19,,,,66,5,,,11,1,10,,259,,19,,27,25,2,,5,1,4,,1,,123,,314,,,,2,30,,,170,,82,,,,17,,2,,,,,81,247,31,320,270,,,,,1619,1,,9,,3,116,464,,351,,,113,631,,,,,54,106,80,33,7,1,,,0,,,,,,,,18,,,,8,,,,,153,103,,,14,3,31,3,2,,3,49,28,21,,1,6,,,,,,,,,,,
France_Ligue_1,2025-2026,AS Monaco FC,4pmycbnp280icyighs4tyzwno,Y. Lienard,Goalkeeper,50,,,,,,,,,,,,,,,,,,,,,,,,,,,,,,,,,,,,,,,,,,,,,,,,,,,,,,,,,,,,,,,,,,,,,,,,,,,,,,,,,,,,,,,,,,,,,,,,,,,,,,,,,,,,,,,,,,,,,,,,,,,,,,,,,,,,
France_Ligue_1,2025-2026,AS Monaco FC,4r5mejvmxk423kx5j3w4u3n6c,C. Mawissa,Defender,13,32,12,20,17,93,,6,213,1,,4,133,56,77,128,245,3,17,,17,14,3,,101,44,57,,18,3,134,,751,1,,,1,117,20,5,71,,305,3,,1,12,4,5,,,16,1,10,670,303,393,686,5,24,,40,1101,26,,46,9,12,131,777,1,696,29,12,81,1030,,5,5,10,15,22,58,28,59,3,,,0,,,,,,1,,3,7,,,,,,1,1,12,12,,,,,,,,,,,,,,,,,,,,,,,,,,
France_Ligue_1,2025-2026,AS Monaco FC,6tezw22m241iukjha6vyz0rh0,L. Michal,Forward,21,13,8,5,11,33,1,,35,,,1,36,25,11,66,15,1,11,,8,7,1,,23,17,6,,,2,30,1,90,1,,,,13,10,6,12,,13,2,5,2,2,2,9,,,3,3,,77,48,30,78,,,,2,265,12,,2,5,3,41,91,7,78,,10,13,154,,4,4,3,,,15,2,13,1,,,0,,,,,,,,,,,,,,,1,,,,,,,,,,,,,,,,,,,,,,,,,,,,,
France_Ligue_1,2025-2026,AS Monaco FC,csvqjyuk06gzvjm408513nydx,T. Minamino,Midfielder,18,14,8,6,15,67,6,2,84,1,,5,67,46,21,191,99,7,15,3,14,14,,3,53,38,15,,4,7,67,3,302,,,,3,48,20,10,39,1,75,9,8,7,11,10,4,,,4,17,7,220,148,78,219,1,2,7,,949,16,2,5,10,8,134,308,15,226,3,50,82,446,,8,8,8,5,9,71,19,73,4,2,1,2,3,,1,2,2,1,,1,1,3,,,,3,4,,,,,1,,,,,,,,,,,,,,,,,,,,,,,,
France_Ligue_1,2025-2026,AS Monaco FC,6j5giieogscravfi7ov556az8,S. Nibombé,Midfielder,44,,,,1,,,,,,,,,,,,,,1,,,,,,,,,,,,,,,,,,,,,,,,,,,,,,1,,,,,,,,,,,,,,1,,,,,,,,,,,,,,,,,,,,,,,,,,0,,,,,,,,,,,,,,,,,,,,,,,,,,,,,,,,,,,,,,,,,,,,
France_Ligue_1,2025-2026,AS Monaco FC,7zru7o3jrzx66f5aa6kggyplg,K. Ouattara,Defender,20,26,10,16,15,99,6,,125,2,,8,141,79,62,278,129,13,15,,20,19,1,,115,69,46,,16,14,46,1,373,,,,3,87,45,21,52,,103,17,6,,12,7,3,,12,9,3,10,276,165,127,270,10,17,1,98,970,38,,21,22,10,220,377,6,280,27,37,97,751,,38,38,25,9,17,109,26,80,3,,,0,,2,,3,3,1,12,,15,5,,,,,1,,,,,,,,,,,,,,,,,,,,,,,,,,,,,
France_Ligue_1,2025-2026,AS Monaco FC,f482w50k80zbyb2ykh84yijf9,P. Pogba,Midfielder,8,6,1,5,6,14,1,,32,,,,15,5,10,28,32,1,6,,3,2,1,,9,4,5,,1,,37,,105,2,,,,20,1,1,18,,23,,1,,1,1,5,,1,,4,7,87,55,34,81,,4,,1,115,2,,5,2,1,28,106,1,88,4,3,18,134,,,,1,,5,16,2,13,,,,0,,,,,,,1,,,,,,,1,,1,,,,,,,,,,,,,,,,,,,,,,,,,,,,
France_Ligue_1,2025-2026,AS Monaco FC,2r1u01vlym0nwcwx86bwbuusq,M. Salisu,Defender,22,57,19,38,12,29,2,21,206,2,,,118,50,68,31,314,6,12,1,21,20,1,1,61,31,30,,17,2,180,4,778,,,,2,108,10,2,52,,293,2,4,2,12,,,,,2,1,25,679,254,460,689,15,10,,,1080,2,1,84,17,3,111,816,6,714,25,11,102,1009,,,,,15,44,66,36,58,3,1,0,1,,1,,,,,,6,1,,2,1,,,1,2,24,25,,1,,,1,,,,,,,,,,,,1,,,,,,,,,
France_Ligue_1,2025-2026,AS Monaco FC,f065kc6qn2cpxjxcm6i08rz3e,W. Singo,Defender,17,,,,,,,,,,,,,,,,,,,,,,,,,,,,,,,,,,,,,,,,,,,,,,,,,,,,,,,,,,,,,,,,,,,,,,,,,,,,,,,,,,,,,,,,,,,,,,,,,,,,,,,,,,,,,,,,,,,,,,,,,,,,,,,,,,,,
France_Ligue_1,2025-2026,AS Monaco FC,9dkmxorhimxd3inf0oy6g82dw,J. Stawiecki,Goalkeeper,40,,,,,,,,,,,,,,,,,,,,,,,,,,,,,,,,,,,,,,,,,,,,,,,,,,,,,,,,,,,,,,,,,,,,,,,,,,,,,,,,,,,,,,,,,,,,,,,,,,,,,,,,,,,,,,,,,,,,,,,,,,,,,,,,,,,,
France_Ligue_1,2025-2026,AS Monaco FC,2e0o5pwinz3zhg9pqg5vej9ih,J. Teze,Defender,4,49,21,28,32,259,3,10,198,4,29,12,215,102,113,432,442,16,32,1,41,38,3,1,166,81,85,,28,32,423,3,1274,1,,,4,107,61,25,131,,184,34,6,5,27,9,5,9,14,3,37,57,1061,605,499,1033,16,43,12,72,2427,22,1,58,32,24,336,1308,11,1090,59,21,218,1789,16,48,26,7,31,71,205,61,147,8,0,1,0,,,,2,2,,4,10,12,6,2,2,,1,,,,,,1,,,,,,,,,,,,,,,,,,,,,,,,
France_Ligue_1,2025-2026,AS Monaco FC,3hsh863l2s8rhwu8tpjo7lus4,I. Touré,Midfielder,49,,,,1,,,,2,,,,1,1,,6,2,,1,,,,,,1,1,,,,,5,,8,,,,,,,,,,1,,,,,,1,,,,,,7,5,2,7,,,,1,10,1,,,,,3,8,,7,,,1,12,,,,1,,,1,,1,,,,0,,,,,,,,,,,,,,,,,,,,,,,,,,,,,,,,,,,,,,,,,,,,
France_Ligue_1,2025-2026,AS Monaco FC,adb8skc3qbvgunhzd9651lij8,Vanderson,Defender,2,12,2,10,14,57,,1,75,,,7,79,35,44,183,145,6,14,,11,11,,,67,33,34,1,23,9,148,,358,3,,,1,44,20,6,34,,14,11,3,,7,5,7,,8,8,1,23,286,193,106,268,10,14,2,42,613,14,,30,15,2,143,364,3,291,24,7,73,593,,25,25,9,14,29,78,20,44,4,,,0,,,,2,2,,8,6,18,3,1,,,,,,,,,,,,,,,,,,,,,,,,,,,,,,,,,
France_Ligue_1,2025-2026,AS Monaco FC,dkz1ffqe2zcg1ywmh38h7il1w,M. Wamu Oyatambwe,Midfielder,33,,,,,,,,,,,,,,,,,,,,,,,,,,,,,,,,,,,,,,,,,,,,,,,,,,,,,,,,,,,,,,,,,,,,,,,,,,,,,,,,,,,,,,,,,,,,,,,,,,,,,,,,,,,,,,,,,,,,,,,,,,,,,,,,,,,,
France_Ligue_1,2025-2026,AS Monaco FC,2jc6sdkse1kxjztsgystidot1,D. Zakaria,Midfielder,6,29,14,15,23,118,6,14,292,3,,9,133,66,67,179,269,12,23,2,27,25,2,2,104,52,52,1,35,5,364,,1038,,,,1,162,21,13,95,1,319,6,8,3,22,3,1,,1,8,5,18,971,472,531,984,13,24,1,4,1943,18,1,63,25,7,121,1070,11,1002,37,33,68,1358,,10,10,7,9,17,56,22,51,4,1,1,0,1,1,,1,1,,1,2,,1,,,,,3,1,3,3,,1,,,,,,,,,,,,,,,1,1,1,,,,,,,
France_Ligue_1,2025-2026,FC Lorient,3hiehiu25aufrc0q9890haqc5,L. Abergel,Midfielder,6,26,10,16,27,170,9,4,341,5,,6,167,83,84,215,493,17,27,1,39,34,5,,141,73,68,3,27,15,428,1,1496,,,,3,177,24,10,124,,515,15,8,5,26,7,1,,3,8,24,99,1306,581,834,1313,14,21,4,2,2258,24,,42,24,25,245,1606,13,1412,35,9,194,1871,,5,5,14,19,64,130,69,130,6,1,0,0,1,,1,,,1,3,6,1,2,,,,2,1,,33,33,,,,,,,,,,,,,,,,,,,,1,,,,,,
France_Ligue_1,2025-2026,FC Lorient,csye3q50ciculdiggvcefx8x6,N. Adjei,Defender,32,19,11,8,14,36,,2,98,2,,,48,22,26,20,112,,14,,11,10,1,,29,11,18,,5,1,138,1,359,,,,,56,5,5,19,,82,1,2,2,8,,6,,,1,,22,331,114,226,318,4,7,,9,760,3,,48,7,6,37,368,4,340,11,5,28,487,,,,1,8,12,17,11,16,,,,0,,,,,,,,2,,,,,,,1,,1,1,,,,,,,,,,,,,,,,,1,,,,,,,,,
France_Ligue_1,2025-2026,FC Lorient,en4vlkb6rw4oykdto6xi83pxw,I. Akakpo,Defender,33,,,,,,,,,,,,,,,,,,,,,,,,,,,,,,,,,,,,,,,,,,,,,,,,,,,,,,,,,,,,,,,,,,,,,,,,,,,,,,,,,,,,,,,,,,,,,,,,,,,,,,,,,,,,,,,,,,,,,,,,,,,,,,,,,,,,
France_Ligue_1,2025-2026,FC Lorient,5wsz3usdkj01snq28pzpiwb2s,A. Avom,Midfielder,62,24,15,9,30,221,6,3,377,4,10,8,223,103,120,340,387,14,30,2,31,28,3,,199,88,111,1,30,30,293,,1187,3,,,2,191,42,18,123,2,347,31,9,6,22,5,8,3,15,21,23,76,990,516,546,971,24,31,5,6,2091,40,,25,23,38,325,1248,15,1047,55,36,201,1638,3,29,20,18,11,52,171,59,149,3,0,2,0,1,,,1,1,1,9,5,,4,,,1,1,,,7,7,1,,,,,,,,,,,,,,,,1,,,2,,,,,,
France_Ligue_1,2025-2026,FC Lorient,4sgtetnp6ikt5i5h91wwtcc9g,S. Baldoni,Forward,33,,,,,,,,,,,,,,,,,,,,,,,,,,,,,,,,,,,,,,,,,,,,,,,,,,,,,,,,,,,,,,,,,,,,,,,,,,,,,,,,,,,,,,,,,,,,,,,,,,,,,,,,,,,,,,,,,,,,,,,,,,,,,,,,,,,,
France_Ligue_1,2025-2026,FC Lorient,drvxsxvv0g03fw69sf8xvyp6,M. Bamba,Forward,9,43,27,16,18,45,2,,28,,,3,80,49,31,81,22,9,18,1,16,13,3,1,37,22,15,1,2,4,29,12,113,1,1,,,11,10,4,19,1,33,6,5,6,7,7,11,,1,4,9,4,81,47,51,93,2,2,3,,678,6,1,6,17,8,66,129,11,97,4,26,32,225,,2,2,2,,1,30,4,31,3,1,0,0,,1,,2,2,,1,,,2,,,,,3,,,,,,,,,,,,,,,,,,,,,,,,,1,,,,
France_Ligue_1,2025-2026,FC Lorient,3j5szw0d6ee3094y99kpaz2ms,M. Bley,Midfielder,34,,,,1,,,,,,,,1,1,,1,,,1,,,,,,1,1,,,,,,,,,,,,,,,,,,,,,,,1,,,,,,,,,,,,,,1,1,,,,,1,,,,,,,1,,,,1,,,,,,,,,0,,,,,,,,,,,,,,,,,,,,,,,,,,,,,,,,,,,,,,,,,,,,
France_Ligue_1,2025-2026,FC Lorient,ax69g2ukn2tsaz71n0waf58q2,N. Cadiou,Midfielder,8,34,16,18,27,188,2,13,350,4,,4,149,81,68,182,312,12,27,3,31,29,2,2,115,65,50,2,23,9,266,,1057,,,,3,194,23,7,105,3,329,10,6,9,19,3,8,,,13,18,53,924,387,572,906,9,15,4,,1782,28,1,38,25,13,194,1095,15,959,24,18,136,1333,,5,5,12,15,47,100,41,89,1,1,2,0,2,,,,1,,,3,,,,,1,,2,,18,20,,,,,2,,,,,,,,,,,,,,,1,,,,,,
France_Ligue_1,2025-2026,FC Lorient,3kofpagqyu4owm7dfgnllvuok,Daniel Semedo,Midfielder,35,1,1,,1,,,,,,,,3,3,,1,,1,1,,,,,,2,2,,,1,,1,,2,,,,,,,,1,,1,,,,,,1,,,,,,2,1,1,2,,,,,10,,,,2,,,2,,2,,,,3,,,,,,,,,,,,,0,,,,,,,,,,,,,,,,,,,,,,,,,,,,,,,,,,,,,,,,,,,,
France_Ligue_1,2025-2026,FC Lorient,8vlfwoquq3v68mb9ax1pk5fkk,B. Dieng,Forward,12,55,28,27,21,69,5,1,56,,,11,126,73,53,149,20,7,21,10,13,12,1,10,71,45,26,3,3,10,48,8,162,,1,1,1,31,6,3,29,6,43,11,16,23,14,14,7,,,6,28,1,117,61,74,134,5,2,,,1139,31,6,14,15,13,106,180,39,135,7,61,45,357,,2,2,10,1,1,31,16,44,3,7,3,0,6,1,3,,1,,,,,2,,,,10,9,,,,1,1,,,,,,,,,,,,,,,,,,,,,,,,
France_Ligue_1,2025-2026,FC Lorient,by7lpp94vucjp6li4s45jbh4a,B. Fadiga,Midfielder,7,,,,,,,,,,,,,,,,,,,,,,,,,,,,,,,,,,,,,,,,,,,,,,,,,,,,,,,,,,,,,,,,,,,,,,,,,,,,,,,,,,,,,,,,,,,,,,,,,,,,,,,,,,,,,,,,,,,,,,,,,,,,,,,,,,,,
France_Ligue_1,2025-2026,FC Lorient,8h4jv2n2b8w3hmn4oec3tvevo,A. Faye,Defender,25,57,25,32,16,78,1,6,164,1,,3,141,59,82,39,304,12,16,,29,25,4,,84,34,50,2,28,1,65,,723,,,,3,75,15,13,48,,336,1,5,2,15,2,1,,,7,2,37,627,203,480,646,9,21,,19,1356,8,,86,24,14,126,783,7,683,30,14,100,1044,,3,3,3,26,55,59,44,45,8,,,0,,,,,,1,,11,8,,,1,,,1,,43,44,,,,,1,,,,,,,,,,,,,,,,,,,,,
France_Ligue_1,2025-2026,FC Lorient,5emz2pmqmy4ksbmmt3krbtzze,F. Mendy,Defender,0,5,2,3,2,7,,,23,,,,15,6,9,2,30,2,2,,1,,1,,10,4,6,,3,,37,,83,,,,,13,3,2,6,,12,,,,2,1,,,,,,5,72,27,47,69,1,2,,4,135,,,15,2,3,16,86,,74,3,1,12,124,,1,1,,1,4,11,2,8,1,,,0,,,,,,,,,,,,,,,,,,,,,,,,,,,,,,,,,,,,,,,,,,,,
France_Ligue_1,2025-2026,FC Lorient,31ur1f7xmxndnnabhrxyov6xh,Igor Silva,Defender,2,26,12,14,17,78,2,7,144,2,1,2,92,36,56,140,189,3,17,1,24,22,2,,66,24,42,2,13,8,159,1,580,,,,1,79,14,7,47,1,177,8,5,1,13,2,4,,6,3,,19,502,207,323,505,8,13,,44,1212,8,,44,9,18,129,603,6,524,21,10,79,851,1,15,14,6,16,28,65,29,51,1,1,0,0,1,,,,,,3,2,8,,,,,1,,,6,6,1,,,,,,,,,,,,,,,,,,,1,,,,,,
France_Ligue_1,2025-2026,FC Lorient,a065rtv2lfh0rso33dfuah4ut,B. Kamara,Goalkeeper,21,,,,3,,,,10,1,,,1,,1,,42,,3,,8,6,2,,1,,1,,,,16,,48,,,,,3,2,,17,,9,,,,3,,,,,,,12,40,7,46,41,,,,,270,,,2,,1,14,67,,53,,,14,87,,,,,5,12,7,7,2,,,,0,,,,,,,,7,,,,1,,,,,14,9,,,,2,2,,1,,,8,5,2,,1,1,,,,,,,,,,,
France_Ligue_1,2025-2026,FC Lorient,6m85ntwegbkk9zkodmxka76dw,D. Karim,Midfielder,29,27,21,6,29,142,1,2,233,,5,3,187,98,89,286,132,12,29,1,25,23,2,1,160,77,83,2,11,14,90,,519,4,,,2,121,21,9,89,1,168,16,12,2,15,13,14,1,1,20,16,20,438,262,189,430,6,18,3,5,1340,46,,5,20,39,189,532,14,450,24,26,82,810,1,14,12,21,1,16,79,17,66,3,0,1,0,1,2,,2,2,,,1,1,1,,,1,2,,,,,,,,,,,,,,,,,,,,,,,,,,,,,,
France_Ligue_1,2025-2026,FC Lorient,avcz4wr4wem1s9vz3y5hl5fdg,P. Katseris,Defender,77,14,8,6,15,57,2,1,71,1,,5,85,48,37,168,54,4,15,1,7,6,1,1,71,40,31,,10,8,97,2,212,1,,,,37,8,3,37,1,4,10,1,4,7,6,8,,10,7,3,4,170,98,82,166,2,9,,28,655,18,1,18,12,13,102,212,5,170,11,27,42,406,,22,22,11,7,8,50,14,34,3,1,0,1,1,,,2,2,,10,,1,5,,,,,,,,,,,,,,,,,,,,,,,,,,,,,,,,,,
France_Ligue_1,2025-2026,FC Lorient,1cmhl6aqp9yml3peme245rb4k,M. Koné,Forward,0,,,,,,,,,,,,,,,,,,,,,,,,,,,,,,,,,,,,,,,,,,,,,,,,,,,,,,,,,,,,,,,,,,,,,,,,,,,,,,,,,,,,,,,,,,,,,,,,,,,,,,,,,,,,,,,,,,,,,,,,,,,,,,,,,,,,
France_Ligue_1,2025-2026,FC Lorient,5c2zuz7f53hvqn5be1k2nddsk,A. Kouassi,Defender,43,28,20,8,30,299,1,3,324,5,36,15,206,88,118,499,218,9,30,2,39,35,4,1,178,68,110,3,23,24,30,10,796,3,,,2,211,35,15,115,,270,30,2,5,29,9,1,7,20,36,9,15,686,379,347,691,6,18,,113,2522,48,,50,14,51,303,817,7,706,24,55,111,1410,17,95,69,32,18,29,164,42,82,4,2,0,1,1,1,1,5,6,,11,4,10,8,,,2,1,1,,,,3,1,,,,,,,,,,,,,,,,,,1,,,1,1,,
France_Ligue_1,2025-2026,FC Lorient,2zvbw080n4yro1phgv39ri3qi,T. Le Bris,Midfielder,11,19,12,7,28,229,2,2,139,1,1,12,117,52,65,460,151,8,28,2,26,24,2,2,98,40,58,,17,11,225,,622,2,,,,101,44,24,57,1,21,13,8,7,22,15,6,,14,11,2,11,536,339,215,529,14,26,,50,1898,16,2,42,9,7,204,626,15,540,40,37,86,1007,,67,67,12,7,7,121,32,79,,2,0,0,2,,,2,2,,14,4,6,2,2,2,,2,2,,,,,1,,,,,,,,,,,,,,,,,,,,,,,,
France_Ligue_1,2025-2026,FC Lorient,86c39t4pr5oopcfc6hry93d3o,N. Le Gal,Defender,0,,,,,,,,,,,,,,,,,,,,,,,,,,,,,,,,,,,,,,,,,,,,,,,,,,,,,,,,,,,,,,,,,,,,,,,,,,,,,,,,,,,,,,,,,,,,,,,,,,,,,,,,,,,,,,,,,,,,,,,,,,,,,,,,,,,,
France_Ligue_1,2025-2026,FC Lorient,9vp0040tjn4shypfps47emsyc,L. Leaudais,Defender,0,,,,,,,,,,,,,,,,,,,,,,,,,,,,,,,,,,,,,,,,,,,,,,,,,,,,,,,,,,,,,,,,,,,,,,,,,,,,,,,,,,,,,,,,,,,,,,,,,,,,,,,,,,,,,,,,,,,,,,,,,,,,,,,,,,,,
France_Ligue_1,2025-2026,FC Lorient,3xpo0nc3hysdi41gupi7adot1,B. Leroy,Goalkeeper,1,,,,,,,,,,,,,,,,,,,,,,,,,,,,,,,,,,,,,,,,,,,,,,,,,,,,,,,,,,,,,,,,,,,,,,,,,,,,,,,,,,,,,,,,,,,,,,,,,,,,,,,,,,,,,,,,,,,,,,,,,,,,,,,,,,,,
France_Ligue_1,2025-2026,FC Lorient,60no437awq8i5th7nlffh3dn9,J. Makengo,Midfielder,17,30,18,12,30,173,9,1,237,,1,5,166,68,98,315,139,8,30,4,24,23,1,3,136,50,86,,9,21,137,,537,1,,,2,127,33,13,68,1,90,23,13,14,22,20,8,,4,23,29,13,446,287,165,435,13,15,5,2,1746,32,2,23,10,35,175,539,27,448,28,50,91,834,,12,12,15,7,14,79,24,77,2,1,3,3,2,2,3,2,2,,3,,,1,,,,1,,,,,,,,,,,,,,,,,,,,,1,,,1,,,,,,
France_Ligue_1,2025-2026,FC Lorient,38cotevgsirv0csora7bar3vu,B. Meïté,Defender,5,109,44,65,24,92,,13,196,4,,1,220,96,124,98,364,7,24,,30,28,2,,111,52,59,1,13,4,313,2,839,,,,3,101,30,10,64,,85,7,7,1,22,4,2,,2,7,2,23,708,299,426,700,13,15,,86,1962,13,,114,30,24,188,854,8,723,28,15,131,1250,,10,10,6,20,35,82,59,96,5,,,0,,,,1,3,2,2,7,5,2,,,,,1,1,,,,,,,,,,,,,,,,,,,,,,,,,,,,
France_Ligue_1,2025-2026,FC Lorient,bqjffwpkkd29otk459nlz29zo,I. Monnier,Defender,19,,,,,,,,,,,,,,,,,,,,,,,,,,,,,,,,,,,,,,,,,,,,,,,,,,,,,,,,,,,,,,,,,,,,,,,,,,,,,,,,,,,,,,,,,,,,,,,,,,,,,,,,,,,,,,,,,,,,,,,,,,,,,,,,,,,,
France_Ligue_1,2025-2026,FC Lorient,6790uxmc1zs4emxtqf7vl6imt,Y. Mvogo,Goalkeeper,38,13,2,11,30,,,,120,6,,1,17,3,14,,547,,30,,41,38,3,,4,1,3,,1,,296,,870,,,,4,44,1,,203,,256,,,,30,,,,,1,,213,738,67,784,638,,1,,,2700,,,26,,4,255,1099,,851,1,,248,1358,,,,,125,235,172,76,13,,,,0,,,,,,,,41,,,,13,,,,1,177,117,,,29,3,48,2,5,,11,72,47,25,,2,19,,,,,,,,,,,
France_Ligue_1,2025-2026,FC Lorient,blsn3vd9ixyrtiiw3t023cuwa,J. Mvuka,Midfielder,93,9,8,1,15,49,2,,68,,,3,71,31,40,112,37,3,15,,18,15,3,,62,23,39,,7,4,57,1,148,,,,4,43,9,,26,,5,3,5,1,5,4,10,,1,6,3,2,117,68,50,115,10,12,,12,556,15,,13,4,11,65,148,6,117,22,14,31,273,,11,11,10,4,5,28,14,26,,,,0,,,,,,,1,,,2,,,,1,1,,,,,,,,,,,,,,,,,,,,,,,,,,,,,
France_Ligue_1,2025-2026,FC Lorient,5xswuoacpzuco82mmu00gjyms,P. Pagis,Forward,10,30,23,7,27,144,12,2,234,,60,15,188,107,81,428,166,13,27,10,27,25,2,8,158,84,74,,16,39,106,2,585,1,2,2,2,103,46,19,80,7,203,44,26,18,21,19,6,17,33,23,10,40,457,330,185,442,10,16,6,7,1703,46,7,18,20,25,297,619,44,482,26,74,137,1044,31,64,17,24,4,26,173,28,111,1,7,3,3,6,3,3,5,5,,9,,,8,,,,3,3,,,,8,,,,,,,,,,,,,,,1,,,,2,,,1,1,,
France_Ligue_1,2025-2026,FC Lorient,yr6fpizxlpwiskjxghbjt3is,T. Sanusi,Forward,14,,,,,,,,,,,,,,,,,,,,,,,,,,,,,,,,,,,,,,,,,,,,,,,,,,,,,,,,,,,,,,,,,,,,,,,,,,,,,,,,,,,,,,,,,,,,,,,,,,,,,,,,,,,,,,,,,,,,,,,,,,,,,,,,,,,,
France_Ligue_1,2025-2026,FC Lorient,10edq9qwgw8shfskx3nnlhrf8,S. Siba,Defender,97,,,,,,,,,,,,,,,,,,,,,,,,,,,,,,,,,,,,,,,,,,,,,,,,,,,,,,,,,,,,,,,,,,,,,,,,,,,,,,,,,,,,,,,,,,,,,,,,,,,,,,,,,,,,,,,,,,,,,,,,,,,,,,,,,,,,
France_Ligue_1,2025-2026,FC Lorient,a67xx4g0dvxgvnqn86taup9ii,S. Soumano,Forward,28,73,45,28,30,59,9,,58,,,4,147,91,56,129,34,3,30,4,17,16,1,4,74,46,28,1,4,8,38,10,160,1,1,,3,27,6,2,27,3,48,10,9,10,8,8,22,,,5,4,2,113,71,61,130,1,4,2,,918,31,4,13,16,18,107,179,19,132,5,52,47,331,,,,9,2,5,41,6,42,2,4,0,2,3,,1,,2,,,,,2,,,,3,5,,,,,,,,,,,,,,,,,,,,,,,,,,,,,
France_Ligue_1,2025-2026,FC Lorient,996i59930r3kd4xk48x9fsp2h,M. Talbi,Defender,3,121,46,75,28,92,4,24,438,6,,1,184,74,110,65,468,2,28,,42,37,5,,63,28,35,,26,6,512,,1332,,,,4,254,21,10,84,,323,7,7,2,28,,,,,2,,65,1182,349,892,1176,5,16,2,2,2520,5,,180,6,12,180,1395,9,1241,21,23,154,1744,,5,5,3,36,77,109,50,77,3,,,0,,,,,1,,,13,,1,1,1,,,1,2,10,10,,,,,,,,,,,,,,,,,,,,,,,,,,
France_Ligue_1,2025-2026,FC Lorient,92x4ssmd4sq2upjn0dyws5wq1,A. Tosin,Forward,15,16,10,6,26,56,5,,85,,,7,85,48,37,147,48,4,26,5,16,14,2,5,69,38,31,2,2,11,42,3,192,3,1,,2,53,11,4,19,5,48,11,13,12,11,10,15,,,12,10,7,149,105,46,144,,5,1,3,1045,28,5,7,11,14,93,194,25,151,5,46,43,336,,5,5,14,2,3,38,10,40,1,3,2,1,3,1,,,,,,,1,1,,,,3,6,,,,,,,,,,,,,,,,,,,,,,,,,,,,,
France_Ligue_1,2025-2026,FC Lorient,5rh9yiue1qnabbwoyweyus5t6,I. Touré,Defender,95,,,,1,5,,,4,,,,,,,1,8,,1,,,,,,,,,,,,1,,19,,,,,2,2,,2,,5,,,,,,1,,,,,1,15,7,8,14,,,,1,28,,,1,,,4,19,,15,,1,4,21,,,,,,,3,1,4,,,,0,,,,,,,,,,,,,,,,,,,,,,,,,,,,,,,,,,,,,,,,,,,,
France_Ligue_1,2025-2026,FC Lorient,e32urdrdkp44zmnt6ptg0k12i,D. Yongwa,Defender,44,45,27,18,23,109,5,2,205,3,,6,172,87,85,206,270,4,23,,20,19,1,,127,60,67,1,11,16,52,1,598,3,,,2,137,23,8,65,,207,17,3,2,14,1,9,,10,13,3,25,490,235,301,501,10,22,3,30,1305,34,,32,14,22,207,638,5,526,32,27,112,942,,27,26,15,14,34,107,32,78,4,,,0,,,,,1,1,9,9,5,4,,,1,1,1,,17,17,,,,,,,,,,,,,,,,,,1,1,,,,,,,
France_Ligue_1,2025-2026,FC Metz,8hn080610oqnixdmbxw2965ii,G. Abuashvili,Forward,9,11,8,3,22,102,5,1,103,,14,9,91,59,32,178,41,3,22,2,20,17,3,1,80,51,29,,4,5,25,1,226,,,,4,62,15,7,30,,63,5,5,7,5,5,17,3,5,7,8,9,202,128,84,198,5,7,2,7,612,31,1,7,6,10,98,231,12,207,12,20,24,398,7,27,19,17,4,9,45,6,15,1,1,1,1,2,,2,,,1,2,,,1,,,,,,,,,,,,,,,,,,,,,,,,,,,,1,,,,,,
France_Ligue_1,2025-2026,FC Metz,f3gxyvlnuwl9wglyroa6q2mll,J. Asoro,Forward,99,15,12,3,8,8,1,,10,,,1,24,19,5,26,13,,8,,6,5,1,,9,7,2,,,1,7,2,35,,,,1,4,4,1,3,,9,1,2,1,2,2,6,,1,1,2,1,19,15,7,20,,,,1,223,4,,1,2,1,25,37,3,21,,7,16,60,,,,3,3,4,11,5,12,,,,0,,,,,,,1,,,,,,,,1,,,,,,,,,,,,,,,,,,,,,,,,,,,,,
France_Ligue_1,2025-2026,FC Metz,62rlm2jpenorl8rs5vfg9e0dm,O. Ba,Goalkeeper,40,,,,,,,,,,,,,,,,,,,,,,,,,,,,,,,,,,,,,,,,,,,,,,,,,,,,,,,,,,,,,,,,,,,,,,,,,,,,,,,,,,,,,,,,,,,,,,,,,,,,,,,,,,,,,,,,,,,,,,,,,,,,,,,,,,,,
France_Ligue_1,2025-2026,FC Metz,dmrj53hcw8vcffxx0lfudbob9,F. Ballo-Touré,Defender,97,10,5,5,13,95,1,,95,1,,1,97,40,57,101,84,9,13,,22,18,4,,87,35,52,1,5,4,23,1,335,,,,3,55,14,3,30,,141,4,3,1,11,9,2,,3,13,1,6,302,125,188,304,7,14,,47,843,14,,19,13,18,87,343,4,310,21,11,33,550,,13,13,7,5,5,35,11,28,2,,,0,,,,,,1,3,2,11,2,,,,,,,,,,,,,,,,,,,,,,,,,,,,,,,,,,
France_Ligue_1,2025-2026,FC Metz,jdvggilk174usphqj0q7i7mc,M. Bokele Mputu,Forward,19,2,2,,10,21,2,1,41,,,2,33,17,16,55,25,1,10,,7,7,,,31,15,16,,1,2,27,,99,,,,1,27,2,2,10,,27,2,,1,1,1,9,,3,3,,3,78,48,34,76,1,4,,2,221,10,,2,2,8,41,100,1,79,5,8,21,152,,3,3,5,,2,19,5,19,,,,0,,,,,,,3,1,,,,,,,,,,,,,,,,,,,,,,,,,,,,,,,,,,,,
France_Ligue_1,2025-2026,FC Metz,539g0asa7szdo166anerfzvf9,M. Colin,Defender,2,19,9,10,21,133,2,10,201,3,,2,107,46,61,167,334,7,21,,39,29,10,,88,37,51,1,24,5,190,,853,1,,,2,102,30,19,64,,220,5,3,2,17,4,4,,4,6,2,26,759,290,497,757,11,27,,108,1602,14,,41,10,7,133,877,5,783,38,6,94,1207,,7,7,4,18,27,65,36,67,1,,,0,,,,,,,4,8,8,,,1,,,1,,,,,,,,,,,,,,,,,,,,,,,,,,,,,
France_Ligue_1,2025-2026,FC Metz,b3wpebwk3m3ax11ia7dkwcwrt,J. Deminguet,Midfielder,20,29,17,12,31,204,4,2,291,,,5,200,103,97,205,199,13,31,2,48,37,11,1,171,86,85,,22,4,262,,848,,,,3,92,37,20,72,,208,4,6,7,25,24,6,,2,10,30,55,754,343,437,723,21,23,3,5,2012,41,,17,28,32,179,873,13,778,44,25,95,1176,,17,17,11,8,28,85,27,67,4,2,0,0,1,,1,,,,2,3,,1,,,1,,1,,,,,1,,,,,,,,,,,,,,,,,,1,,,,,,
France_Ligue_1,2025-2026,FC Metz,bndkgzdolm2c3iteenkv8s3it,H. Diallo,Forward,30,146,74,72,25,87,10,4,82,5,,8,261,138,123,207,49,6,25,4,48,39,9,3,115,64,51,2,2,10,52,11,250,1,1,,3,36,17,4,39,4,79,11,16,12,21,5,4,,1,13,14,9,161,106,73,169,4,5,1,2,1910,39,4,29,27,29,198,267,28,178,9,70,89,545,,4,4,13,,1,75,18,88,,2,2,1,4,1,,,1,,1,,,,,,1,3,5,,,,,,,,,,,,,,,,,,,1,,,,1,,,,,,
France_Ligue_1,2025-2026,FC Metz,jjrxyt9wi9cxi8pggl7lcbh0,M. Diop,Defender,3,,,,,,,,,,,,,,,,,,,,,,,,,,,,,,,,,,,,,,,,,,,,,,,,,,,,,,,,,,,,,,,,,,,,,,,,,,,,,,,,,,,,,,,,,,,,,,,,,,,,,,,,,,,,,,,,,,,,,,,,,,,,,,,,,,,,
France_Ligue_1,2025-2026,FC Metz,b20lp3ufi88q4pckp39hsjbsa,J. Fischer,Goalkeeper,1,12,1,11,26,,,,131,4,,,14,2,12,,385,,26,,56,47,9,,2,1,1,,,1,208,,696,,,,6,56,,,183,,303,1,,,25,,1,,,,,142,583,72,642,572,,,,,2263,,,24,,4,187,896,,714,,,182,1142,,,,,99,180,134,48,2,,,,0,,,,,,,,39,,,,18,,,,,191,128,,,12,1,41,6,7,1,13,90,60,28,1,3,17,,,,,,,,,,,
France_Ligue_1,2025-2026,FC Metz,dr2upvki95vzd9pclkjpsjs2d,J. Gbamin,Midfielder,5,55,28,27,30,170,4,13,535,5,,1,213,101,112,118,556,9,30,1,63,54,9,1,158,73,85,,27,14,522,,1679,1,,,6,240,35,20,163,1,522,15,3,7,30,4,,,3,26,16,114,1480,462,1101,1446,26,25,1,6,2463,31,1,81,23,8,272,1770,10,1560,51,18,210,2121,,2,2,7,35,126,144,68,84,2,1,0,0,,1,,1,1,,3,11,,3,,,,1,1,2,33,39,,,,,6,,,,,,,,,,,,,1,1,,,,,,,
France_Ligue_1,2025-2026,FC Metz,4fubr17m88vjkkqx9i7vdrtas,I. Guerti,Midfielder,29,,,,3,5,,,10,,,,6,3,3,4,6,,3,,4,4,,,6,3,3,,1,,6,,19,,,,,6,,,2,,5,,,,,,3,,,1,1,2,16,14,5,17,1,1,,,25,3,,1,,,9,22,,19,2,1,3,35,,1,1,1,1,2,3,1,1,,,,0,,,,,,,,,,,,,,,,,,,,,,,,,,,,,,,,,,,,,,,,,,,,
France_Ligue_1,2025-2026,FC Metz,71u496icvidir8qgjqut39qms,I. Gueye,Forward,18,8,6,2,3,8,1,,3,,,2,17,11,6,11,3,,3,,5,5,,,9,5,4,1,,,1,,12,,,,1,1,,,,,4,,1,,1,1,2,,,,2,,4,2,6,8,,2,,,130,2,,5,3,2,15,16,1,8,2,4,8,37,,,,1,,,7,1,8,,,,0,,,,,,,,,,,,,,,,,,,,,,,,,,,,,,,,,,,,,,,,,,,,
France_Ligue_1,2025-2026,FC Metz,co59rv08x22hk5itwibbwq191,G. Hein,Midfielder,10,20,13,7,28,403,18,2,426,2,82,19,144,96,48,657,270,11,28,8,62,51,11,7,124,83,41,1,8,47,383,3,1267,5,5,5,7,209,28,8,95,,311,54,13,12,25,6,3,19,34,7,62,106,1142,713,553,1126,8,10,4,18,2264,48,7,4,15,16,340,1367,25,1232,18,68,135,1764,55,106,33,13,5,22,211,30,113,1,3,5,1,2,2,7,6,7,,12,,,7,,,,3,2,,,,6,1,,,,,,,,,,,,,,,,,1,1,1,,1,1,,
France_Ligue_1,2025-2026,FC Metz,bubiqvqopahio0kq32a7y2i38,I. Sané,Forward,23,8,3,5,16,40,1,,65,,2,3,57,28,29,78,26,3,16,1,11,8,3,1,49,25,24,,1,4,42,3,130,,,,1,27,9,6,15,1,23,5,2,3,5,5,11,,2,2,4,3,107,75,35,105,4,3,1,1,536,15,,4,8,15,67,131,5,108,7,11,23,228,2,11,9,8,1,4,27,7,19,2,0,1,0,1,,,1,1,,2,,,1,,,2,1,,,,,,,,,,,,,,,,,,,,,,,,,,,,,,
France_Ligue_1,2025-2026,FC Metz,10px20rgyvy9fszjostbtj7kk,R. Jean-Baptiste,Goalkeeper,16,,,,,,,,,,,,,,,,,,,,,,,,,,,,,,,,,,,,,,,,,,,,,,,,,,,,,,,,,,,,,,,,,,,,,,,,,,,,,,,,,,,,,,,,,,,,,,,,,,,,,,,,,,,,,,,,,,,,,,,,,,,,,,,,,,,,
France_Ligue_1,2025-2026,FC Metz,e758exi14ao5ebwdjxe8lh6nd,K. Kouao,Defender,39,23,14,9,27,161,4,13,337,6,,20,253,110,143,357,407,23,27,2,48,41,7,2,230,96,134,1,29,10,400,3,1058,5,,,4,187,47,17,129,1,116,11,9,10,27,9,,,8,30,2,59,911,428,517,878,29,43,1,148,2273,28,2,69,32,33,278,1084,19,937,72,28,147,1711,,51,51,12,29,57,142,56,90,10,2,0,0,2,1,,1,1,1,8,8,6,2,,1,1,,1,,,,,1,,,,,,,,,,,,,,,1,,,,,,,,,
France_Ligue_1,2025-2026,FC Metz,f5bvp357xwfostjz7kkqvzt1x,G. Kvilitaia,Forward,11,38,21,17,9,29,,1,26,,,3,66,36,30,70,28,1,9,2,14,13,1,2,28,15,13,2,,7,18,1,92,,,,1,10,7,4,9,1,22,7,2,7,4,4,5,,,3,6,,61,47,19,66,1,5,,,405,6,2,9,9,4,56,97,9,66,6,20,31,171,,,,2,2,2,25,6,29,1,1,1,0,1,,,,,,,,1,2,,,,7,1,,,,,1,,,,,,,,,,,,,,,,,,,,,,,,
France_Ligue_1,2025-2026,FC Metz,31rsrfhl2vl9e1g72nvem0e8k,Y. Lawson,Defender,27,,,,,,,,,,,,,,,,,,,,,,,,,,,,,,,,,,,,,,,,,,,,,,,,,,,,,,,,,,,,,,,,,,,,,,,,,,,,,,,,,,,,,,,,,,,,,,,,,,,,,,,,,,,,,,,,,,,,,,,,,,,,,,,,,,,,
France_Ligue_1,2025-2026,FC Metz,83nx6hlfsrnmwiwwdccjxiec4,B. Madjo,Forward,24,5,2,3,5,6,1,,6,,,1,15,9,6,11,4,,5,,3,2,1,,10,7,3,,,,6,3,16,,,,,3,4,1,4,,2,,1,1,2,2,3,,,,,,8,2,8,10,,,,,157,4,,2,3,3,19,18,2,10,,6,8,41,,,,1,,,3,5,8,,,,0,,,,,,,,,,,,,,,,,,,,,,,,,,,,,,,,,,,,,,,,,,,,
France_Ligue_1,2025-2026,FC Metz,65zu3gj5jr2nx1kaa5sgvjpck,J. Mangondo,Forward,17,,,,,,,,,,,,,,,,,,,,,,,,,,,,,,,,,,,,,,,,,,,,,,,,,,,,,,,,,,,,,,,,,,,,,,,,,,,,,,,,,,,,,,,,,,,,,,,,,,,,,,,,,,,,,,,,,,,,,,,,,,,,,,,,,,,,
France_Ligue_1,2025-2026,FC Metz,633lall32f9p10jucze2k37ro,N. Mbala,Forward,34,11,7,4,13,28,3,,47,,11,11,52,27,25,124,24,1,13,2,11,8,3,2,41,20,21,,1,11,22,,82,2,,,1,35,7,1,9,,10,13,8,4,4,4,9,3,11,6,,3,60,57,16,59,3,6,3,1,436,14,,3,3,6,80,84,12,62,9,15,22,202,6,26,20,10,,4,44,4,18,,2,0,0,2,,2,2,2,,8,,,2,,,,,,,,,1,,,,,,,,,,,,,,,,,,,,,,,,,
France_Ligue_1,2025-2026,FC Metz,alaq9p5yvl0hv3vp18apzct90,M. Mbaye,Forward,11,9,8,1,5,39,1,,41,,,2,38,21,17,54,23,,5,,7,4,3,,29,13,16,,3,2,31,,95,2,,,,26,6,3,14,,3,2,,1,3,2,2,,2,3,,5,78,48,33,74,5,5,,1,299,8,,9,3,3,39,96,1,79,10,5,17,160,,6,6,4,3,3,12,11,14,1,,,0,,,,,,,2,2,,,,,,,,,,,,,,,,,,,,,,,,,,,,,,,,,,,,
France_Ligue_1,2025-2026,FC Metz,aeg6qg6zhedy316adz12ibqqc,M. Mboula,Defender,4,4,2,2,13,41,,6,175,1,,,48,18,30,54,168,5,13,,14,11,3,,44,16,28,,14,,104,,538,,,,1,105,10,4,38,,237,,1,1,10,6,3,,3,7,,37,493,175,333,468,2,9,,14,741,6,,25,8,10,65,550,2,505,11,4,45,688,,5,5,5,5,21,40,10,24,2,,,0,,,,,,,3,5,2,,,,,,,,,,,,,,,,,,,,,,,,,,1,,,,,,,,,
France_Ligue_1,2025-2026,FC Metz,6tezw22m241iukjha6vyz0rh0,L. Michal,Forward,19,13,8,5,11,33,1,,35,,,1,36,25,11,66,15,1,11,,8,7,1,,23,17,6,,,2,30,1,90,1,,,,13,10,6,12,,13,2,5,2,2,2,9,,,3,3,,77,48,30,78,,,,2,265,12,,2,5,3,41,91,7,78,,10,13,154,,4,4,3,,,15,2,13,1,,,0,,,,,,,,,,,,,,,1,,,,,,,,,,,,,,,,,,,,,,,,,,,,,
France_Ligue_1,2025-2026,FC Metz,2k8jecll7vz9axgflbmv178yc,B. Munongo,Midfielder,33,11,3,8,10,24,1,1,37,,,,47,26,21,49,48,8,10,,12,9,3,,36,23,13,,6,2,52,,173,,,,1,15,14,8,19,,49,2,3,,4,3,6,,,3,5,3,146,71,75,143,5,3,,1,363,4,,7,13,2,36,173,3,146,8,,27,233,,2,2,2,1,2,25,4,25,1,,,0,,,,,,,,,,,,,,,,,,,,,,,,,,,,,,,,,,,,,,,,,,,,
France_Ligue_1,2025-2026,FC Metz,ca6vj1so4nfjc4wkmahhynsic,C. Mélières,Defender,25,,,,2,3,,,3,,,,1,1,,7,7,1,2,,3,3,,,1,1,,,,,2,,12,,,,,1,1,,1,,,,,,,,2,,1,,,,11,9,3,11,,,,2,30,,,2,1,,4,12,,11,,,1,20,,2,2,,,,2,1,1,1,,,0,,,,,,,1,,1,,,,,,,,,,,,,,,,,,,,,,,,,,,,,,,,,,,
France_Ligue_1,2025-2026,FC Metz,8r66a8r47loy7w44aqkz54utw,J. Nduquidi,Midfielder,6,,,,1,,,,2,,,,,,,2,1,,1,,1,1,,,,,,,,,2,,3,,,,,1,,,,,,,,,,,1,,,,,,2,1,1,2,,,,,6,,,,,,2,3,,2,,,1,4,,1,1,,,1,2,,,,,,0,,,,,,,,,,,,,,,,,,,,,,,,,,,,,,,,,,,,,,,,,,,,
France_Ligue_1,2025-2026,FC Metz,byp6hyuxpi2sn27unyzvlfh90,J. Pandore,Forward,35,1,1,,3,6,1,,14,,,,10,7,3,20,5,1,3,1,4,4,,1,9,6,3,,,,10,,29,,,,1,9,5,1,4,1,9,,,1,,,3,,,,3,,22,13,10,23,,2,,,70,4,1,,1,1,15,30,1,23,2,7,7,49,,2,2,2,,2,8,1,5,,0,1,0,1,,,,,,,,,,,,,1,,,,,,,,,,,,,,,,,,,,,,,,,,,,,,
France_Ligue_1,2025-2026,FC Metz,d6lslxdr4quw6bq1dug2pxt2i,C. Sabaly,Forward,14,19,17,2,14,65,1,3,111,2,,6,130,80,50,165,60,7,14,,24,22,2,,111,63,48,1,5,8,63,5,227,1,,,4,72,18,7,36,,41,10,3,4,12,6,2,,4,14,4,5,173,104,75,170,5,13,2,5,970,41,,5,14,16,130,229,7,175,18,39,54,416,,10,10,20,1,3,45,19,51,2,,,0,,,,2,2,,4,1,1,4,,,,1,4,,,,,,,,,,,,,,,,,,,,,,,,,,,,,
France_Ligue_1,2025-2026,FC Metz,bffc3dzdi9c6ix77k1yaepjpw,S. Sané,Defender,38,54,23,31,22,69,1,21,414,3,,,155,63,92,42,484,13,22,2,48,39,9,2,101,40,61,2,38,2,587,,1319,,,,4,219,24,14,100,,250,3,2,2,21,,1,,,3,1,87,1173,380,862,1155,11,33,2,7,1851,4,,120,22,14,171,1390,4,1242,44,9,148,1711,,2,2,3,46,73,79,71,75,5,0,2,0,,,1,1,1,2,,16,1,1,1,,,,,4,38,40,,1,,,2,,,,,,,,,,,,1,2,2,,,,,,,
France_Ligue_1,2025-2026,FC Metz,csnsu3jg12e3ridlmteuyrbp,B. Sarr,Defender,70,14,7,7,11,73,4,5,126,1,4,7,105,52,53,193,93,5,11,,22,17,5,,91,45,46,1,9,8,89,2,292,1,,,1,74,16,6,31,,44,8,6,3,9,4,2,1,7,10,5,11,259,145,128,255,9,9,3,42,807,30,,17,11,18,112,299,9,266,18,18,33,542,2,21,19,20,3,7,43,11,26,1,,,0,,1,,,,,6,,,1,,,,,3,,,,,,,,,,,,,,,,,,,,,,,,,,,,,
France_Ligue_1,2025-2026,FC Metz,17b6v5z6embi47fw7gsgj5jh1,B. Stambouli,Midfielder,21,11,6,5,18,65,1,4,95,,,3,83,37,46,52,170,10,18,,26,23,3,,72,31,41,2,8,8,97,,436,1,,,3,49,17,8,46,,120,8,4,1,9,4,9,,1,9,6,39,353,148,218,326,8,15,2,5,894,9,,23,14,9,123,452,5,365,23,11,87,602,,6,6,2,13,41,70,23,46,,,,0,,,,,,,1,5,,1,,,,,,1,,1,,,,,1,,,,,,,,,,,,,,,,,,,,,
France_Ligue_1,2025-2026,FC Metz,e8o145zyrt1h2l7ywh80lt8no,P. Sy,Goalkeeper,61,3,,3,8,,,,23,2,,1,6,,6,,138,,8,,20,16,4,,3,,3,,,,27,,110,,,,1,6,,,69,,39,,,,8,1,,,,,,46,83,35,101,90,1,,,,707,,,12,,4,72,204,,136,1,,68,305,,,,,36,66,54,14,2,,,,0,,,,,,,,17,,,,4,,,,1,76,61,,,9,1,25,3,1,,2,29,15,14,,,17,,,,,,,,,,,
France_Ligue_1,2025-2026,FC Metz,l50afz42k1kcl5gyrja3zvo4,A. Touré,Midfielder,12,38,21,17,29,175,7,4,205,3,1,3,179,89,90,191,146,12,29,,37,32,5,,141,68,73,1,9,8,176,1,668,2,,,3,82,33,19,63,,191,9,8,1,15,8,14,1,3,15,19,13,574,235,362,581,15,19,1,15,1515,25,,25,27,24,161,688,9,594,34,18,94,957,,9,9,9,8,14,71,32,80,5,,,0,,,,1,1,1,3,2,1,,,,,1,1,,,,,,,,,,,,,,,,,,,,,,,,,,,,,
France_Ligue_1,2025-2026,FC Metz,5v5jv44a8y2n7p1tb8jsxt2ei,B. Traoré,Midfielder,8,40,18,22,19,122,4,1,188,1,,4,172,80,92,133,128,19,19,1,31,27,4,1,132,62,70,1,14,4,168,,599,1,,,6,69,25,14,87,1,194,4,11,3,16,10,3,,1,18,32,28,517,199,332,502,23,24,,1,1366,21,1,16,29,5,135,612,14,530,47,12,82,835,,1,1,8,2,15,50,33,67,3,0,1,0,1,,,,,1,1,,,,,,,,1,1,,,,,,,,,,,,,,,,,,,,,,,,,,,,
France_Ligue_1,2025-2026,FC Metz,1sq7k81crma1kde80f06fufhl,G. Tsitaishvili,Forward,7,16,9,7,33,240,9,3,356,1,26,23,207,103,104,597,183,8,33,3,59,48,11,3,191,94,97,2,13,42,83,6,724,7,,,4,229,51,18,85,1,231,44,14,8,28,12,5,8,36,42,9,24,570,374,243,557,5,14,2,36,2457,57,1,33,23,36,397,737,22,581,19,74,156,1296,13,123,105,43,19,41,227,52,115,3,1,2,0,3,1,2,2,2,,26,7,1,4,,,,,,,,,,,,,,,,,,,,,,,,1,,,,,,,,,,
France_Ligue_1,2025-2026,FC Metz,dx5c8gytsnffmw7bk8lihslhx,K. Van Den Kerkhof,Defender,22,,,,,,,,,,,,,,,,,,,,,,,,,,,,,,,,,,,,,,,,,,,,,,,,,,,,,,,,,,,,,,,,,,,,,,,,,,,,,,,,,,,,,,,,,,,,,,,,,,,,,,,,,,,,,,,,,,,,,,,,,,,,,,,,,,,,
France_Ligue_1,2025-2026,FC Metz,agsollzstr45ee0z17tle8d1w,T. Yegbe,Defender,15,32,14,18,23,66,,17,245,4,,2,84,42,42,43,366,8,23,,51,43,8,,52,28,24,,22,3,210,,1060,,,,4,116,20,8,55,,455,4,4,2,21,4,2,,1,1,,59,931,214,750,904,6,9,2,14,1876,4,,118,19,8,179,1097,6,963,15,10,134,1374,,4,4,1,48,82,84,54,52,3,,,0,,,,1,1,1,1,6,23,1,,1,,,3,2,6,6,,,,,,,,,,,,,,,,,,,,,,,,,,
France_Ligue_1,2025-2026,FC Metz,646trwo52cp8iorxiruq0pz4k,T. Dos Santos,Defender,0,,,,,,,,,,,,,,,,,,,,,,,,,,,,,,,,,,,,,,,,,,,,,,,,,,,,,,,,,,,,,,,,,,,,,,,,,,,,,,,,,,,,,,,,,,,,,,,,,,,,,,,,,,,,,,,,,,,,,,,,,,,,,,,,,,,,
France_Ligue_1,2025-2026,FC Nantes,1py4bk2ik16w8lil31bghq99m,M. Abline,Forward,10,72,38,34,32,96,30,,267,3,8,17,338,192,146,542,115,14,32,6,49,43,6,5,266,154,112,2,8,26,69,5,396,5,1,,5,173,28,9,71,5,132,30,32,23,27,8,5,2,13,51,25,8,277,231,73,283,7,13,1,2,2497,111,5,10,32,42,372,412,55,291,20,143,121,971,5,46,28,65,3,12,140,27,109,6,3,3,1,5,5,,2,4,,6,,,7,,,2,3,8,,,,7,1,,,,,,,,,,,,,,,,,,1,,,,,,
France_Ligue_1,2025-2026,FC Nantes,67w182dhn27nmdrchqlw9w104,M. Acapandié,Defender,22,8,5,3,6,11,,,13,,,3,23,13,10,35,35,1,6,,7,6,1,,15,8,7,,3,4,15,,69,,,,1,8,6,2,7,,9,4,,,2,1,4,,2,2,1,1,48,29,21,47,4,1,,14,259,4,,11,3,,42,70,,48,5,2,22,139,,9,9,1,1,5,25,6,17,,,,0,,,,,,,2,,4,,,,,,,,,,,,,,,,,,,,,,,,,,,,,,,,,,,
France_Ligue_1,2025-2026,FC Nantes,3i2ozixaewtdlp67e8992fpqs,Ali Youssif,Defender,2,30,8,22,13,37,3,5,96,2,,2,67,21,46,19,148,5,13,,15,14,1,,37,13,24,1,20,3,130,,383,,,,2,49,5,3,35,,93,3,2,1,10,1,3,,,2,,30,316,88,251,309,4,7,,1,968,,,63,11,11,74,408,3,339,11,13,69,560,,1,1,,17,36,51,19,33,4,,,0,,,,,,1,,6,,,,,,,,3,12,12,,,,,,,,,,,,,,,,,,,,,,,,,,
France_Ligue_1,2025-2026,FC Nantes,2s9ko6yxyi95jybzguru8g3bp,K. Amian,Defender,98,42,13,29,23,110,1,10,184,3,,6,140,61,79,211,370,8,23,,40,33,7,,98,48,50,,7,7,244,2,752,,,,3,85,32,15,56,,62,8,7,2,22,1,1,,7,5,,28,603,288,355,608,12,16,,150,1962,21,,72,23,18,239,786,9,636,28,18,150,1251,,22,22,5,22,53,125,47,97,3,,,0,,,,1,1,1,7,11,27,4,1,1,,1,,,2,2,,,,,,,,,,,,,,,,,,,,,,,,,,
France_Ligue_1,2025-2026,FC Nantes,d3mss0i879krqrk1owzmj2c45,Anthony Lopes,Goalkeeper,1,12,1,11,31,,1,,111,6,,,23,3,20,2,500,1,31,,50,44,6,,11,2,9,,1,,205,,622,,,,5,63,1,,242,,257,,1,,31,1,,,,1,,194,493,127,578,511,,1,,1,2789,,,30,1,14,263,962,1,705,1,1,257,1280,,,,,151,256,202,55,1,4,,,0,,,,,,1,,81,,,,25,,,,1,241,147,,,19,1,43,9,5,,9,97,68,29,,1,25,,,,,,,,,,1,
France_Ligue_1,2025-2026,FC Nantes,c2wiaju4etayjlp12x9ba3kkp,C. Awaziem,Defender,6,64,20,44,26,78,4,17,281,5,,2,156,60,96,33,519,8,26,1,40,35,5,1,92,40,52,,20,8,526,1,1217,,,,3,160,22,9,95,,245,10,3,4,25,2,1,,,4,,125,1027,319,839,1033,10,18,4,8,2232,7,,182,23,21,232,1368,7,1158,28,16,210,1724,,2,2,4,46,131,166,46,79,7,1,0,0,1,,,2,2,,,16,2,2,,1,,,,1,69,77,1,1,,,8,,,,,,,,,,,,1,,,,,,,,,
France_Ligue_1,2025-2026,FC Nantes,dxi8h8zie3czo1gq1teh5iu7e,Y. Benhattab,Midfielder,90,5,4,1,10,36,2,,74,,5,7,42,20,22,107,44,3,10,,9,7,2,,37,16,21,,,6,54,1,141,5,,,2,41,10,2,28,,7,6,1,1,5,5,5,1,4,8,3,5,102,56,50,97,4,6,1,1,477,11,,3,3,3,102,141,2,102,10,16,39,248,4,21,16,7,2,4,53,7,35,,,,0,,,,,,,3,1,,1,,,,,,1,,,,,,,,,,,,,,,,,,1,,,,,,,,,,
France_Ligue_1,2025-2026,FC Nantes,4mj8yudyo9s1ox6zrofnlry1g,M. Bodiang,Defender,42,,,,,,,,,,,,,,,,,,,,,,,,,,,,,,,,,,,,,,,,,,,,,,,,,,,,,,,,,,,,,,,,,,,,,,,,,,,,,,,,,,,,,,,,,,,,,,,,,,,,,,,,,,,,,,,,,,,,,,,,,,,,,,,,,,,,
France_Ligue_1,2025-2026,FC Nantes,46a3dmmhryhhn2cobv0do7l2i,L. Bonelli,Goalkeeper,40,,,,,,,,,,,,,,,,,,,,,,,,,,,,,,,,,,,,,,,,,,,,,,,,,,,,,,,,,,,,,,,,,,,,,,,,,,,,,,,,,,,,,,,,,,,,,,,,,,,,,,,,,,,,,,,,,,,,,,,,,,,,,,,,,,,,
France_Ligue_1,2025-2026,FC Nantes,3pz4ro9b1u6u45gs7d6apmo5x,R. Cabella,Midfielder,20,11,5,6,11,94,2,,106,,15,3,70,34,36,160,121,3,11,2,14,10,4,2,59,29,30,1,6,15,89,2,341,,1,1,,52,15,6,37,2,58,15,2,5,6,2,5,9,16,4,8,11,287,191,129,293,9,7,,9,569,16,2,1,7,11,110,362,7,304,16,18,58,501,5,24,16,5,5,11,66,16,47,1,1,1,0,1,,,,,,4,2,,1,,,,2,3,,,,1,,,,,,,,,,,,,,,1,,,,,,,,,,
France_Ligue_1,2025-2026,FC Nantes,13pfqhu8a5nq7b0tx1iajjq50,A. Camara,Forward,14,5,4,1,10,14,3,,31,,1,3,25,17,8,48,11,1,10,,5,5,,,20,13,7,2,1,2,20,,49,,,,,18,3,,10,,5,2,3,,1,1,9,,1,1,,2,37,21,18,36,1,3,,6,163,9,,,4,2,47,50,3,38,4,8,12,109,1,16,15,3,2,2,24,4,10,,,,0,,,,,,,1,,,,,,,,1,,,,,,,,,,,,,,,,,,,,,,,,,,,,,
France_Ligue_1,2025-2026,FC Nantes,6k51ka2qv5ge2ibrb4o5bin6d,P. Carlgren,Goalkeeper,30,1,,1,3,,,,9,1,,,2,,2,,44,,3,,2,1,1,,1,,1,,,,11,,26,,,,,2,,,26,,6,,,,2,,1,,,,,10,14,7,21,18,,,,,181,,,6,,1,33,61,,28,,,33,95,,,,,11,33,29,4,,,,,0,,,,,,,,2,,,,3,,,,,20,18,,,3,,10,1,,,4,11,9,2,,1,2,,,,,,,,,,,
France_Ligue_1,2025-2026,FC Nantes,bf2yxiyhdyipaxxxobt9i1gq1,F. Centonze,Defender,18,21,11,10,15,31,2,2,56,1,2,4,96,43,53,137,88,5,15,3,13,13,,3,75,32,43,3,23,4,73,1,198,,,,1,40,18,11,25,2,7,4,3,3,9,4,6,1,11,4,,7,150,103,59,144,14,17,,37,733,14,1,32,13,8,116,199,6,151,31,13,48,451,1,19,17,11,2,6,51,16,42,4,0,3,1,3,,1,,,,10,3,17,1,,,,1,,,,,,,,,,,,,,,,,,,,,,,,,,,,,,
France_Ligue_1,2025-2026,FC Nantes,a7bs2dkwmy1cjryql6z3n9kut,F. Coquelin,Midfielder,13,19,8,11,16,64,2,5,42,,,2,78,38,40,51,61,10,16,,6,4,2,,59,30,29,,6,3,70,,281,,,,,13,9,6,27,,96,4,3,1,8,9,8,,1,5,13,10,246,106,151,246,4,13,,,655,10,,11,15,7,58,291,4,256,17,7,35,390,,,,5,2,4,20,15,31,2,,,0,,,,,1,,1,1,,,,,,,,,,,,,,,,,,,,,,,,,,,,,,,,,,,,
France_Ligue_1,2025-2026,FC Nantes,azcv772qzdbz1exafx3od6lt5,N. Cozza,Defender,3,50,29,21,29,112,5,11,249,6,,4,193,91,102,184,396,9,29,,35,29,6,,143,62,81,1,17,9,71,,766,,,,3,152,32,10,90,,231,10,4,3,25,5,4,,4,8,,44,580,238,389,579,16,28,1,107,2303,17,,95,23,31,274,810,7,623,44,24,187,1284,,18,18,10,39,91,143,62,96,2,,,0,,,,,1,,4,7,26,,,1,,,2,1,1,1,,,,,,,,,,,,,,,,,,,,,,,,,,
France_Ligue_1,2025-2026,FC Nantes,1p2pdaek0xjlk5fgrirl7hvro,B. Deuff,Midfielder,52,14,7,7,11,24,,3,28,,,1,40,23,17,37,10,1,11,,12,9,3,,26,16,10,,2,1,18,,66,,,,,17,2,2,12,,15,1,4,3,1,1,10,,1,2,3,2,55,33,24,54,2,3,,,241,9,,6,6,3,29,67,7,56,5,6,11,131,,,,4,1,3,9,2,8,1,,,0,,,,,,,1,,,,,,,,,,,,,,,,,,,,,,,,,,,,,,,,,,,,,
France_Ligue_1,2025-2026,FC Nantes,h8ufkiot3dwdllf5dzz05hxw,S. Doucouré,Defender,72,1,,1,1,1,,1,7,,,,2,1,1,,13,,1,,,,,,1,1,,,3,,14,,28,,,,,2,1,,1,,2,,,,,,1,,,,,,24,2,24,26,,,,,45,,,5,1,,4,30,,26,,,4,39,,,,,1,1,,4,3,,,,0,,,,,,,,,,,,,,,,,1,1,,,,,,,,,,,,,,,,,,,,,,,,,,
France_Ligue_1,2025-2026,FC Nantes,bl4lretp33t0jj3icujkf45p1,J. Duverne,Defender,93,,,,,,,,,,,,,,,,,,,,,,,,,,,,,,,,,,,,,,,,,,,,,,,,,,,,,,,,,,,,,,,,,,,,,,,,,,,,,,,,,,,,,,,,,,,,,,,,,,,,,,,,,,,,,,,,,,,,,,,,,,,,,,,,,,,,
France_Ligue_1,2025-2026,FC Nantes,7g28h82kt29y8zrg44xytw1jp,Y. El-Arabi,Forward,19,70,45,25,25,66,2,1,72,1,,3,155,90,65,137,79,8,25,3,14,11,3,2,85,45,40,2,3,9,53,10,242,1,1,,,30,16,6,43,3,66,9,4,9,11,10,14,,,6,10,11,146,91,76,156,4,8,2,,938,20,2,11,22,23,164,264,13,167,12,42,97,432,,2,2,14,3,11,79,20,86,,2,1,0,1,2,,,,,,1,,1,,,2,3,7,,,,,,,,,,,,,,,,,,,,,,,1,,,,,,
France_Ligue_1,2025-2026,FC Nantes,adswn2xpomwsi7zh022787mne,I. Ganago,Forward,37,68,32,36,13,54,6,1,59,2,,6,113,54,59,160,47,3,13,3,7,7,,2,45,22,23,,2,5,22,3,142,1,1,1,1,36,7,1,21,3,26,6,9,7,10,7,3,,1,7,13,,91,63,35,97,2,3,2,,841,12,1,8,11,13,100,149,16,97,5,54,52,286,,9,9,5,1,2,56,5,50,1,2,1,1,2,2,,1,1,,1,,,1,,,,5,4,,,,,,,,,,,,,,,,,,,,,,,1,,,,,,
France_Ligue_1,2025-2026,FC Nantes,7atxpldexe9adg8ft1wbjndud,F. Guilbert,Defender,24,18,10,8,8,17,1,5,39,1,,3,72,30,42,77,100,5,8,,6,6,,,54,20,34,,21,7,47,,173,,,,2,18,17,8,33,,15,7,4,2,7,4,1,,3,5,1,8,134,53,87,129,4,12,,33,610,6,,31,7,13,96,179,6,137,16,8,42,388,,14,12,4,5,13,43,13,29,1,,,0,,,,,,,3,1,26,2,,,,,1,,,,,,,,,,,,,,,,,,,,,,,,,,,,,
France_Ligue_1,2025-2026,FC Nantes,ahof39nb4cz6xbqgqon20pd04,H. Guirassy,Forward,11,35,22,13,20,46,4,1,108,,1,6,135,83,52,180,59,5,20,2,11,11,,2,100,61,39,3,5,6,52,3,200,3,,,,69,21,8,46,2,44,7,4,7,9,9,11,,5,9,8,3,133,82,57,131,7,14,,6,817,43,1,12,15,9,157,201,11,134,21,48,67,408,1,18,17,29,2,3,62,23,64,2,2,0,0,2,2,,1,1,,5,,,2,,,,4,2,,,,,,,,,,,,,,,,,,,,,,,,,,,,,
France_Ligue_1,2025-2026,FC Nantes,8fs5klbsyx06c5ds9s1i3xu96,Hong Hyun-Seok,Midfielder,7,4,3,1,6,20,1,1,19,,8,2,21,8,13,43,22,,6,,3,2,1,,17,5,12,,3,1,18,1,72,,,,,9,7,4,13,,14,1,1,2,3,3,3,2,2,2,5,1,55,31,28,56,3,6,2,,284,3,,3,,1,36,74,3,57,9,6,17,127,6,12,5,,1,3,22,7,14,,,,0,,,,,,,,,,,,,,1,1,,,,1,,,,,,,,,,,,,,,,,,,,,,,,,
France_Ligue_1,2025-2026,FC Nantes,3g14bqou9coim6fit9c2cyr8q,M. Kaba,Midfielder,21,28,13,15,12,42,,3,84,2,,3,131,57,74,106,117,4,12,,10,9,1,,103,44,59,,14,10,71,,288,1,,,1,38,17,9,54,,62,12,5,6,11,8,1,,,6,9,10,227,135,96,221,13,15,6,,924,21,,3,13,27,104,292,11,231,28,22,61,457,,2,2,7,1,7,45,18,54,2,,,0,,1,,1,2,,,1,,4,,,,1,3,,,,,,,,,,,,,,,,,,,,,,,,,,,,,
France_Ligue_1,2025-2026,FC Nantes,i43agdfspflw2xua8yyd9edw,D. Koné,Forward,49,,,,,,,,,,,,,,,,,,,,,,,,,,,,,,,,,,,,,,,,,,,,,,,,,,,,,,,,,,,,,,,,,,,,,,,,,,,,,,,,,,,,,,,,,,,,,,,,,,,,,,,,,,,,,,,,,,,,,,,,,,,,,,,,,,,,
France_Ligue_1,2025-2026,FC Nantes,1ykx4qqmrnqanq3a6gepfh7ca,Kwon Hyeok-Kyu,Midfielder,5,15,6,9,12,41,2,8,53,1,,,64,31,33,30,49,8,12,,14,13,1,,49,25,24,,7,,65,,214,,,,,11,8,7,21,,66,,1,,9,7,3,,,,5,10,186,57,135,182,10,5,,,757,5,,28,11,10,42,221,1,192,15,,29,321,,1,1,1,7,8,21,9,21,2,,,0,,,,,,,,2,,,,,,,,1,,,,,,,,,,,,,,,,,,,,,,,,,,,,
France_Ligue_1,2025-2026,FC Nantes,4cegvsj3s6t0o1l5xap6jypuy,M. Lahdo,Forward,15,8,7,1,8,31,1,,47,,,,44,26,18,71,15,1,8,1,9,9,,1,36,19,17,,,4,38,1,99,,,,2,16,11,5,11,1,16,5,1,1,5,5,3,,,6,3,3,85,51,35,83,3,2,,1,418,13,1,2,5,6,46,100,2,86,5,12,14,172,,1,1,6,1,2,11,4,12,,0,1,0,1,,,1,1,,,1,,,,,,,,,,,,,,,,,,,,,,,,,,,,,,,,,,,,
France_Ligue_1,2025-2026,FC Nantes,6ovea0xzg9yflmlbjdf1xcmlm,J. Lepenant,Midfielder,8,31,16,15,27,135,6,3,208,5,33,9,285,135,150,330,273,22,27,,33,30,3,,254,119,135,,27,32,198,,797,1,,,5,102,70,34,141,,217,33,8,7,23,6,4,14,24,10,27,43,640,373,311,617,29,50,2,5,2175,41,,21,30,48,303,823,15,660,79,28,163,1293,19,51,22,19,7,43,168,46,120,4,,,0,,,,1,1,,10,5,,4,,,,2,,,,,,,,,,,,,,,,,,,,,,,,,,,,,,
France_Ligue_1,2025-2026,FC Nantes,c333e52685djkf7awslz6muj8,L. Leroux,Midfielder,66,20,10,10,23,76,9,2,99,1,10,6,134,63,71,172,213,4,23,1,24,21,3,1,114,53,61,,4,15,53,1,440,,,,4,54,38,20,52,,115,16,3,3,16,9,7,3,10,11,8,17,327,188,162,323,14,23,1,48,1443,28,1,36,12,14,197,457,6,340,37,28,117,758,3,20,12,18,11,32,95,42,85,2,0,1,0,,,,,1,,6,2,17,,,,,1,1,,,,,1,,,,,,,,,,,,,,,,,,,,,,,,
France_Ligue_1,2025-2026,FC Nantes,1ad3itgiwcnyw3o9wplhah2hh,D. Machado,Defender,27,26,17,9,19,84,5,1,102,2,,6,138,73,65,178,129,9,19,,16,15,1,,112,56,56,1,10,6,18,4,361,1,,,3,60,26,14,60,,134,7,6,2,16,9,3,,5,7,4,11,298,163,144,291,5,16,,74,1186,28,,30,25,28,153,365,8,302,21,35,63,685,,21,21,14,8,22,59,25,41,3,,,0,,,,1,1,,5,3,21,3,,,,,1,,,,,,,,,,,,,,,,,,,,,,,,,,,,,
France_Ligue_1,2025-2026,FC Nantes,1la351maj1qxw054j1t7kndw4,A. Mirbach,Goalkeeper,50,,,,,,,,,,,,,,,,,,,,,,,,,,,,,,,,,,,,,,,,,,,,,,,,,,,,,,,,,,,,,,,,,,,,,,,,,,,,,,,,,,,,,,,,,,,,,,,,,,,,,,,,,,,,,,,,,,,,,,,,,,,,,,,,,,,,
France_Ligue_1,2025-2026,FC Nantes,d3y4csfpvhzcowlusw9xe32eh,Mostafa Mohamed,Forward,31,105,53,52,24,66,7,3,45,,,2,200,111,89,157,47,9,24,4,24,19,5,3,95,58,37,2,8,9,27,4,162,,,,3,22,10,4,30,2,50,9,20,8,13,11,11,,2,3,12,1,89,57,62,116,2,8,2,3,1151,37,3,13,18,27,161,190,28,117,10,55,73,415,,7,7,16,1,4,62,18,69,1,4,0,1,3,1,1,,,,2,,2,2,,,,10,2,,,,,1,,,,,,,,,,,,,,,,,,1,,,,,,
France_Ligue_1,2025-2026,FC Nantes,4y1je8y7jioje2r96vf8zutxw,J. Mwanga,Midfielder,80,38,22,16,20,81,2,7,252,3,,1,173,84,89,154,218,16,20,1,33,28,5,1,135,62,73,,13,17,284,,762,3,,,4,136,26,13,80,1,204,18,5,3,20,4,,,1,18,12,36,656,290,390,643,18,21,4,20,1642,19,1,27,25,16,160,787,8,679,39,18,108,1036,,8,8,10,2,39,91,25,69,2,1,0,0,,,,1,1,1,1,3,,2,,,,3,1,1,8,9,,,,,1,,,,,,,,,,,,,1,1,,,,,,,
France_Ligue_1,2025-2026,FC Nantes,1l6w8m9upv3l6svmdhw7lb651,U. Radaković,Defender,26,7,4,3,6,2,,2,,,,,12,7,5,7,11,1,6,,2,1,1,,5,3,2,,3,1,5,1,22,,,,,,1,1,1,,6,1,,,1,1,5,,,,,,13,4,11,15,1,1,,,98,,,8,2,,11,24,,15,2,1,9,42,,,,,4,4,7,2,5,,,,0,,,,,,,,,,,,,,,,,1,1,,,,,,,,,,,,,,,,,,,,,,,,,,
France_Ligue_1,2025-2026,FC Nantes,cb6w7n7n1eh9huwzyzvgmdxih,I. Sissoko,Midfielder,28,26,9,17,13,40,3,5,84,,,2,95,51,44,96,123,11,13,,16,14,2,,69,42,27,1,17,4,79,2,309,1,,,2,45,18,8,51,,78,4,3,,9,5,4,,1,7,9,13,246,128,130,244,6,7,2,1,804,16,,13,25,8,107,320,3,257,13,12,63,462,,5,5,4,5,15,50,18,48,4,,,0,,,,,,,1,1,,2,,,,,,,2,2,,,,,,,,,,,,,,,,,,,,,,,,,,
France_Ligue_1,2025-2026,FC Nantes,cn6uwymow3ewbnr6niqumao0k,A. Sylla,Defender,4,6,1,5,3,3,,,12,,,,10,5,5,9,19,,3,,3,3,,,4,4,,,,,11,,45,,,,,9,1,,2,,15,,2,,1,1,2,,,,,,39,16,25,41,,,,,65,2,,2,2,,11,48,2,41,,2,7,59,,,,,,1,4,3,6,,,,0,,,,,,,,,1,,,,,,1,,,,,,,,,,,,,,,,,,,,,,,,,,,,,
France_Ligue_1,2025-2026,FC Nantes,4cz4axu6ab1o04nizrfu8xhck,D. Tabibou,Midfielder,17,21,11,10,27,81,10,,141,,39,21,160,80,80,269,142,10,27,1,18,17,1,1,139,69,70,2,17,20,99,,391,,,,1,71,20,11,69,,79,20,12,7,14,12,13,12,21,20,12,19,290,169,148,277,13,17,1,25,1251,37,,19,23,20,249,401,19,296,30,32,105,772,26,69,28,17,20,38,145,29,67,4,1,0,0,1,2,1,,,,8,3,6,3,,,,4,1,,,,3,,,,,,,,,,,,,,,,,,,,,,,,,
France_Ligue_1,2025-2026,FC Nantes,b42it8et6s9w615cde2iobz10,T. Tati,Defender,78,27,14,13,20,72,3,15,260,2,,,96,42,54,25,244,5,20,,37,31,6,,69,28,41,2,17,1,185,,901,1,,,3,155,17,9,58,,449,1,,,20,2,,,1,8,,31,789,177,660,805,7,12,,,1724,5,,79,23,15,126,950,,836,19,6,114,1157,,,,3,29,62,78,36,52,5,,,0,,,,,,2,1,3,,,,,,1,1,2,10,10,,,,,,,,,,,,,,,,,,1,1,,,,,,,
France_Ligue_1,2025-2026,FC Nantes,eanmlfx5frwu1pwommfk96txw,S. Ziani,Midfielder,69,,,,,,,,,,,,,,,,,,,,,,,,,,,,,,,,,,,,,,,,,,,,,,,,,,,,,,,,,,,,,,,,,,,,,,,,,,,,,,,,,,,,,,,,,,,,,,,,,,,,,,,,,,,,,,,,,,,,,,,,,,,,,,,,,,,,
France_Ligue_1,2025-2026,Le Havre AC,dfj6h4z1n57r3zbb196qcp7h0,P. Argney,Goalkeeper,50,,,,1,,,,4,,,,,,,,9,,1,,1,1,,,,,,,,,11,,20,,,,,2,,,6,,10,,,,1,,,,,,,3,19,1,23,21,,,,,90,,,1,,,6,30,,24,,,6,37,,,,,2,6,6,,,,,,0,,,,,,,,,,,,,,,,,6,5,,,1,,2,,,,1,2,1,1,,,,,,,,,,,,,,
France_Ligue_1,2025-2026,Le Havre AC,5jb4wobgnotbot6o3x1hks2z8,T. Bah,Midfielder,38,,,,,,,,,,,,,,,,,,,,,,,,,,,,,,,,,,,,,,,,,,,,,,,,,,,,,,,,,,,,,,,,,,,,,,,,,,,,,,,,,,,,,,,,,,,,,,,,,,,,,,,,,,,,,,,,,,,,,,,,,,,,,,,,,,,,
France_Ligue_1,2025-2026,Le Havre AC,8fkhorovs9ulk7n53p3qm16ok,Y. Djellel,Forward,34,,,,,,,,,,,,,,,,,,,,,,,,,,,,,,,,,,,,,,,,,,,,,,,,,,,,,,,,,,,,,,,,,,,,,,,,,,,,,,,,,,,,,,,,,,,,,,,,,,,,,,,,,,,,,,,,,,,,,,,,,,,,,,,,,,,,
France_Ligue_1,2025-2026,Le Havre AC,9fcg5wz6no3f9mn7ch45g06hh,S. Boufal,Midfielder,17,6,2,4,16,83,6,,162,,26,8,163,88,75,260,98,5,16,1,16,15,1,1,157,86,71,2,3,22,66,6,301,4,1,,2,85,18,8,58,1,73,25,7,3,12,12,4,4,14,20,9,11,229,165,94,234,8,13,2,,943,53,,4,23,30,216,320,10,245,21,28,75,611,20,44,16,32,3,17,99,20,58,2,0,1,0,1,2,,3,3,,4,1,,5,,,1,,1,,,,1,,,,,,,,,,,,,,,,,,,,,1,,,,
France_Ligue_1,2025-2026,Le Havre AC,645hnxvl62yb39el1u0nmc844,I. Bouneb,Midfielder,44,,,,,,,,,,,,,,,,,,,,,,,,,,,,,,,,,,,,,,,,,,,,,,,,,,,,,,,,,,,,,,,,,,,,,,,,,,,,,,,,,,,,,,,,,,,,,,,,,,,,,,,,,,,,,,,,,,,,,,,,,,,,,,,,,,,,
France_Ligue_1,2025-2026,Le Havre AC,17acodpsoxkhha2iem2465ivp,T. Delaine,Defender,23,1,1,,5,22,2,,37,,,2,10,5,5,48,48,2,5,,1,1,,,9,4,5,,3,3,2,,119,1,,,,23,4,1,9,,50,3,1,,2,2,3,,4,2,,2,88,36,58,88,2,,,23,200,,,7,2,1,49,122,1,90,2,4,32,188,,15,14,,3,16,41,6,16,1,,,0,,,,,,,3,,,,,,,,,,,,,,,,,,,,,,,,,,,,,,,,,,,,,
France_Ligue_1,2025-2026,Le Havre AC,eocy72dydgob8w0rtrtzb6uc4,A. Diabaté,Midfielder,39,,,,,,,,,,,,,,,,,,,,,,,,,,,,,,,,,,,,,,,,,,,,,,,,,,,,,,,,,,,,,,,,,,,,,,,,,,,,,,,,,,,,,,,,,,,,,,,,,,,,,,,,,,,,,,,,,,,,,,,,,,,,,,,,,,,,
France_Ligue_1,2025-2026,Le Havre AC,c6u4h9wy88ymj6whiz93jknv9,M. Diaw,Goalkeeper,99,5,,5,29,,,,105,6,,1,13,1,12,1,470,,29,,41,40,1,,8,1,7,,2,2,238,,555,,,,6,39,,,268,,230,3,,,29,1,,,,,,173,431,104,575,506,2,,,,2565,,,24,,6,269,938,,679,2,1,259,1244,,,,,118,247,189,70,12,1,,,0,,,,1,1,,,48,,1,,19,,,,1,284,204,,,37,11,55,,7,1,5,80,52,28,1,3,20,,,,,,,,,,1,
France_Ligue_1,2025-2026,Le Havre AC,2xpoljxhc1nnjveb06ipqvpt6,F. Doucouré,Defender,13,18,10,8,25,109,7,1,115,,3,9,105,56,49,279,128,10,25,3,19,18,1,3,87,46,41,1,8,16,148,2,406,,,,5,58,27,15,52,3,22,17,5,8,14,14,11,1,14,5,7,16,326,205,136,311,13,20,1,20,1169,22,2,19,14,4,193,407,13,327,33,35,80,683,2,58,55,12,10,20,119,19,60,2,3,0,0,2,,,1,1,,13,3,7,2,,,,,2,1,,,,,,,,,,,,,,,,,,,,,,,,,,,,
France_Ligue_1,2025-2026,Le Havre AC,aou0s44ekqc7vyp71mjf8n3mc,S. Ebonog,Midfielder,26,46,23,23,29,99,7,4,189,1,,9,221,109,112,220,142,12,29,1,31,30,1,1,175,86,89,,23,7,117,,458,1,,,3,109,39,24,109,1,107,7,11,4,21,14,8,,4,17,6,7,360,209,162,360,18,20,1,2,1744,53,1,21,29,34,208,465,15,367,38,36,98,817,,11,11,19,6,10,73,36,88,8,1,0,0,1,,,,,,4,1,,1,,,,2,,,,,,,,,,,,,,,,,,,,1,,,,,,,,,,
France_Ligue_1,2025-2026,Le Havre AC,bon37s0qxjto5aqeay3ujxlhw,G. Gomis,Defender,0,,,,,,,,,,,,,,,,,,,,,,,,,,,,,,,,,,,,,,,,,,,,,,,,,,,,,,,,,,,,,,,,,,,,,,,,,,,,,,,,,,,,,,,,,,,,,,,,,,,,,,,,,,,,,,,,,,,,,,,,,,,,,,,,,,,,
France_Ligue_1,2025-2026,Le Havre AC,j0zbfr4wa3dovkgo55o6xilm,L. Gourna-Douath,Midfielder,19,26,11,15,15,82,3,11,190,2,,1,149,65,84,113,154,10,15,,18,17,1,,123,54,69,2,14,6,172,2,537,2,,,2,88,27,16,90,,152,6,4,2,14,4,1,,2,8,8,29,465,232,257,458,12,14,2,3,1275,19,,16,24,35,114,560,6,487,26,11,73,781,,3,3,8,5,17,51,25,56,5,,,0,,,,,,3,2,3,,,,,,,,,,,,,,,,,,,,,,,,,,,,,,,,,,,,
France_Ligue_1,2025-2026,Le Havre AC,7095nvsxasc5kcwsl2q5vqc16,Y. Kechta,Midfielder,8,21,18,3,29,102,5,3,142,,7,4,164,109,55,210,118,14,29,2,23,23,,2,143,91,52,3,16,14,97,3,375,,,,4,82,22,13,63,1,82,15,7,8,13,12,16,2,9,7,15,12,294,186,141,306,12,18,3,1,1259,35,,18,33,15,176,399,15,318,30,35,81,655,4,19,15,18,4,16,82,18,65,4,1,1,0,1,,1,,1,,6,,,5,,,,4,4,,,,,,,,,,,,,,,,,,,,,,,,,,,,,
France_Ligue_1,2025-2026,Le Havre AC,9b9qmdmll7sse85ba7y39fm22,R. Khadra,Midfielder,30,3,1,2,8,17,2,,42,,7,3,34,19,15,81,15,,8,,5,5,,,31,18,13,,,6,12,,53,,,,1,26,8,1,10,,11,6,1,3,1,1,7,2,4,5,3,1,38,40,3,38,3,4,,,223,11,,1,4,1,52,55,4,39,7,7,16,124,5,14,7,8,,3,26,4,13,,,,0,,,,,,,2,,,1,,,,,,,,,2,,,,,,,,,,,,,,,1,,,,,,,,,,
France_Ligue_1,2025-2026,Le Havre AC,l0e40c7iatiq26mayw0ndw4,E. Koffi Vinette,Forward,27,10,4,6,13,31,,,60,,,2,74,37,37,87,56,6,13,,4,3,1,,64,33,31,,8,3,5,1,131,2,,,,46,8,4,23,,42,3,2,2,3,3,10,,3,8,,2,94,43,57,95,4,11,,31,335,19,,14,10,8,109,134,4,97,15,5,37,307,,20,20,10,2,8,49,8,29,1,,,0,,,,,,,3,,10,,,,,,,,,,,,,,,,,,,,,,,,,,,,,,,,,,,
France_Ligue_1,2025-2026,Le Havre AC,1uropw4e6htgs5btubtxsftd6,G. Kyeremeh,Forward,11,7,6,1,13,18,1,,35,1,,5,60,28,32,81,17,4,13,1,3,3,,1,53,22,31,,,4,16,5,64,2,,,,23,12,5,10,,16,5,3,2,3,2,10,,5,5,3,2,51,41,18,52,,7,,1,374,11,1,3,9,19,46,67,5,54,7,10,13,158,,10,10,8,1,2,19,4,11,,0,1,0,,,,1,1,,5,,,1,,,,,,,,,,1,,,,,,,,,,,,,,,,,,,,,,,,
France_Ligue_1,2025-2026,Le Havre AC,9vk8oyt5lma4ir9tbi3uvlrdh,G. Lloris,Defender,4,94,26,68,28,81,2,20,419,4,,1,189,62,127,47,362,5,28,1,31,31,,1,95,36,59,2,42,3,407,2,1430,,,,5,207,17,11,71,,636,4,5,4,27,2,1,,,1,,65,1305,356,1002,1293,18,23,,1,2310,6,,146,27,17,148,1486,9,1358,41,20,128,1837,,2,2,2,28,70,93,37,58,2,1,0,0,1,,,,1,1,,13,,1,,2,1,,3,2,5,5,,1,,,,,,,,,,,,,,,1,1,1,,,,,,,
France_Ligue_1,2025-2026,Le Havre AC,8jbjkt4wc1dmqaoxn76mct84q,F. Mambimbi,Forward,10,18,15,3,16,34,1,,41,,,2,72,48,24,81,38,8,16,1,8,8,,1,54,33,21,,3,7,25,5,115,,,,,24,8,4,27,,22,7,3,2,7,7,9,,,4,8,1,82,52,34,85,3,9,1,,524,13,,7,15,5,62,119,5,86,12,21,33,202,,5,5,6,1,4,34,4,29,1,0,1,0,1,,1,,,,,,,1,,,,1,1,,,,,,,,,,,,,,,,,,,,,,,,,,,,,
France_Ligue_1,2025-2026,Le Havre AC,65pt5vsqnh74s18fi6unfttlg,Y. Monkolot,Defender,0,,,,,,,,,,,,,,,,,,,,,,,,,,,,,,,,,,,,,,,,,,,,,,,,,,,,,,,,,,,,,,,,,,,,,,,,,,,,,,,,,,,,,,,,,,,,,,,,,,,,,,,,,,,,,,,,,,,,,,,,,,,,,,,,,,,,
France_Ligue_1,2025-2026,Le Havre AC,ccjhe1cnlhrlkqzcodcij7fo4,D. Mosengo,Midfielder,78,6,4,2,7,3,,3,13,,,,22,16,6,5,21,1,7,,,,,,16,12,4,,1,,7,,50,,,,,6,4,4,12,,21,,,,,,7,,,,,2,39,15,26,39,2,,,,103,3,,4,1,2,16,52,,41,2,,11,76,,,,2,3,4,10,1,7,,,,0,,,,,,,,,,,,,,,,,,,,,,,,,,,,,,,,,,,,,,,,,,,,
France_Ligue_1,2025-2026,Le Havre AC,9s90f4r3095h8mefzmpuut51x,L. Mpasi,Goalkeeper,77,2,,2,4,,,,23,1,,,2,,2,,86,,4,,2,2,,,,,,,,,23,,80,,,,,9,,,37,,40,,,,3,,1,,,,,31,60,21,82,72,,,,,315,,,5,,1,46,149,,103,,,46,195,,,,,30,46,40,6,,2,,,0,,,,,,,,16,,,,5,,,,,49,37,,,3,,9,,,,3,15,8,7,,,6,,,,,,,,,,,
France_Ligue_1,2025-2026,Le Havre AC,dficbkp6sp4kw7xihaxneozpx,Y. Namli,Forward,21,10,7,3,12,25,2,,52,,7,5,46,25,21,83,30,6,12,,7,7,,,36,18,18,1,6,2,45,2,112,2,,,,25,10,3,26,,13,3,2,,3,3,9,2,5,5,5,5,80,59,26,75,4,5,,1,321,6,,3,8,4,66,113,2,80,9,8,33,195,5,16,6,1,,1,41,8,32,2,,,0,,,,,1,,3,1,,1,,,,1,,,,,,,,,,,,,,,,,,,,,,,,,,,,,,
France_Ligue_1,2025-2026,Le Havre AC,duuan2ogcypv8ftmnypoed3sa,R. Ndiaye,Midfielder,14,42,26,16,32,173,12,2,285,2,23,19,258,118,140,416,268,16,32,4,32,31,1,4,216,92,124,1,15,24,173,6,808,1,,,5,149,76,42,136,3,217,28,13,9,29,15,3,5,19,22,33,31,677,430,286,666,35,31,1,7,2483,34,3,18,22,37,276,831,22,697,66,42,134,1280,17,72,48,17,4,17,163,43,117,2,2,2,1,4,2,,3,4,,10,7,,5,,,,,3,,,,,1,,,,,,,,,,,,,,,,,,,,,,,,
France_Ligue_1,2025-2026,Le Havre AC,3w9x0aoa6tu8gfwel7c5mabx1,L. Nego,Defender,7,31,12,19,29,150,3,7,238,6,,13,171,70,101,323,468,6,29,,34,33,1,,140,58,82,,33,14,325,4,958,2,,,5,147,33,12,120,,43,14,10,3,26,5,3,,19,13,,44,740,359,427,723,19,33,1,187,2323,21,,90,18,17,339,986,13,767,52,22,219,1592,,59,59,13,24,91,223,55,128,3,,,0,,1,,,,1,19,8,20,2,,,,,1,1,,,,,,,,,,,,,,,,,,,,,,,,,,,,
France_Ligue_1,2025-2026,Le Havre AC,5465uzr85yh44gzbxwrtgu8k,N. Obougou,Forward,20,10,5,5,5,3,1,,9,,,1,22,12,10,26,4,2,5,1,,,,1,12,7,5,,1,,,,13,,,,,6,2,,3,,6,,,3,,,5,,,2,,,6,5,1,6,,,,,99,2,,,5,3,21,13,3,6,,5,7,41,,2,2,1,,,7,2,7,,1,0,1,1,,1,,,,,,,,,,1,,,,,,,,,,,,,,,,,,,,,,,,,,,,,,,
France_Ligue_1,2025-2026,Le Havre AC,ausceoo438aoxbb6gl8tpes16,T. Pembélé,Defender,32,7,4,3,13,26,,1,49,,,1,40,20,20,55,40,2,13,,5,5,,,33,16,17,,2,2,31,1,131,1,,,1,28,3,1,13,,35,2,2,2,2,3,11,,2,5,,3,109,46,65,106,4,5,,18,328,7,,15,3,3,42,132,4,109,9,9,23,220,,4,4,2,1,5,21,6,18,1,,,0,,,,,,,2,2,,,,,,,1,,,,,,,,,,,,,,,,,,,,,,,,,,,,,
France_Ligue_1,2025-2026,Le Havre AC,afjbobbjlk2g5tbqstn68cxsk,D. Pizarro,Forward,9,2,2,,2,,,,1,,,,4,3,1,1,2,1,2,,,,,,2,1,1,,,,,1,3,,,,,1,,,3,,1,,,,,,2,,,,,,2,1,1,2,,,,,26,,,,1,1,2,3,,2,,,1,5,,,,,,,1,,1,,,,0,,,,,,,,,,,,,,,,,,,,,,,,,,,,,,,,,,,,,,,,,,,,
France_Ligue_1,2025-2026,Le Havre AC,7fv02187o38s5itzba1ezwmqc,K. Quetant,Forward,33,20,12,8,9,24,2,,11,,,2,37,24,13,39,10,2,9,1,2,2,,1,17,12,5,,1,1,14,4,60,,,,,1,8,2,8,1,15,1,4,2,4,4,5,,,2,3,,37,23,17,40,,,,,373,4,,3,6,3,40,63,6,40,,13,23,108,,,,1,,,14,9,23,1,1,0,0,1,,,,,,,,,,,,,1,1,,,,,,,,,,,,,,,,,,,,,,,,,,,,,
France_Ligue_1,2025-2026,Le Havre AC,5ehfn1jh0jutojspj5flefwus,T. Rousseau,Midfielder,37,,,,,,,,,,,,,,,,,,,,,,,,,,,,,,,,,,,,,,,,,,,,,,,,,,,,,,,,,,,,,,,,,,,,,,,,,,,,,,,,,,,,,,,,,,,,,,,,,,,,,,,,,,,,,,,,,,,,,,,,,,,,,,,,,,,,
France_Ligue_1,2025-2026,Le Havre AC,5qpyf80if6m1o5vkwf1yt034l,M. Samatta,Forward,25,88,52,36,26,74,7,,97,,1,12,209,130,79,240,59,12,26,2,21,21,,2,121,78,43,1,4,17,64,8,239,,,,5,42,16,4,31,1,56,18,19,16,16,13,10,,1,12,14,8,167,135,47,173,6,5,1,1,1454,38,2,7,33,20,165,253,35,181,11,73,72,481,1,6,5,14,2,5,66,12,67,4,1,1,0,2,3,1,,1,,1,,,2,,,1,3,8,,,,,,,,,,,,,,,,,,,,,,,,,,,,,
France_Ligue_1,2025-2026,Le Havre AC,c6zhg955v927x9vo39e8vunoq,A. Sangante,Defender,93,96,42,54,27,92,1,15,471,4,,1,238,103,135,88,530,15,27,1,34,33,1,1,142,61,81,2,37,9,475,,1319,,,,4,274,35,20,78,,295,10,3,5,27,8,,,1,4,,64,1130,447,746,1128,18,21,,34,2244,13,,118,40,39,241,1392,8,1192,39,23,200,1802,,5,5,5,46,96,143,62,104,4,1,0,1,,,,,1,1,1,9,7,,,,,,1,2,,1,,1,,,1,,,,,,,,,,,,,2,2,,,,,,,
France_Ligue_1,2025-2026,Le Havre AC,1anl1jfwm7l4p3y0tmyvueiuh,A. Seko,Defender,15,55,20,35,30,128,2,7,292,7,,2,164,65,99,122,359,15,30,,38,38,,,109,45,64,1,37,10,323,1,1107,,,,5,152,36,26,90,,337,10,9,6,29,1,1,,1,2,16,75,933,346,626,896,20,22,1,,2625,4,,116,28,20,202,1147,15,971,42,18,176,1485,,4,4,2,45,83,147,33,93,6,,,0,,,,,,,1,19,,1,,,,,1,2,3,3,,,,,,,,,,,,,,,,,1,,,,,,,,,
France_Ligue_1,2025-2026,Le Havre AC,d1p2ke2ry7g9zfjfh93xmjvxm,I. Soumaré,Forward,45,209,82,127,33,148,9,6,247,6,,25,477,222,255,586,149,20,33,7,43,42,1,6,268,140,128,3,11,24,117,13,608,5,3,1,6,126,41,22,90,3,201,29,39,26,32,1,1,,11,23,31,23,423,292,149,407,16,20,,5,2859,81,6,44,55,72,420,615,65,430,36,132,185,1228,,45,45,38,2,6,201,29,179,3,6,1,2,5,4,3,3,5,,11,2,1,9,1,,2,13,17,,,,1,1,,,,,,,,,,,,,,,,,,1,,1,,,,
France_Ligue_1,2025-2026,Le Havre AC,e4mi8lugy007csuxiunrizf9w,A. Teixeira,Goalkeeper,16,,,,,,,,,,,,,,,,,,,,,,,,,,,,,,,,,,,,,,,,,,,,,,,,,,,,,,,,,,,,,,,,,,,,,,,,,,,,,,,,,,,,,,,,,,,,,,,,,,,,,,,,,,,,,,,,,,,,,,,,,,,,,,,,,,,,
France_Ligue_1,2025-2026,Le Havre AC,29bu2pponl9ng2c53y2kqz3f8,A. Thiare,Defender,25,,,,,,,,,,,,,,,,,,,,,,,,,,,,,,,,,,,,,,,,,,,,,,,,,,,,,,,,,,,,,,,,,,,,,,,,,,,,,,,,,,,,,,,,,,,,,,,,,,,,,,,,,,,,,,,,,,,,,,,,,,,,,,,,,,,,
France_Ligue_1,2025-2026,Le Havre AC,1i2q9bpodks0d1m6yra8eyjf9,A. Touré,Midfielder,94,14,7,7,11,70,5,4,92,3,,1,72,33,39,120,76,8,11,2,8,8,,1,58,26,32,1,9,3,79,,296,,1,,,35,11,7,27,1,72,3,4,4,8,4,3,,1,3,22,21,258,143,117,238,6,6,1,2,741,13,1,16,13,17,84,297,8,259,12,13,38,439,,12,12,6,2,5,41,9,33,2,0,2,1,2,1,1,,,,1,2,,,,,,1,2,,,,,,,,,,,,,,,,,,,,,,,1,,1,,,,
France_Ligue_1,2025-2026,Le Havre AC,4of4uikysypmvfv1i7suv3b6y,É. Youté,Defender,6,6,3,3,8,11,,8,43,2,,,17,7,10,4,54,1,8,,8,8,,,11,4,7,,,1,59,,146,,,,,23,2,1,12,,31,1,,,3,1,5,,,,,15,122,34,95,114,3,3,,,326,,,28,3,1,27,155,,129,6,1,26,205,,,,,11,16,17,9,10,2,,,0,,,,,,,,4,,,,,,,,,,,,,,,,,,,,,,,,,,,,,,,,,,,,
France_Ligue_1,2025-2026,Le Havre AC,5zkzfpiirhsatgr5ktl8xiq6s,S. Zagadou,Defender,29,19,12,7,8,21,,8,69,,,,41,20,21,11,60,2,8,1,5,4,1,1,22,8,14,1,2,2,76,,194,,,,,30,5,2,8,,44,2,,1,6,4,2,,,2,,11,172,65,114,168,6,5,,3,497,2,,20,7,1,29,201,1,179,11,3,22,271,,,,1,3,12,16,6,10,,1,0,0,,,,,,,,,2,,,,,,,,,,,1,,,,,,,,,,,,,,,,1,1,,,,,,,
France_Ligue_1,2025-2026,Le Havre AC,4e4c7adlrs47ivsos121pjpqs,G. Zohouri,Midfielder,24,,,,,,,,,,,,,,,,,,,,,,,,,,,,,,,,,,,,,,,,,,,,,,,,,,,,,,,,,,,,,,,,,,,,,,,,,,,,,,,,,,,,,,,,,,,,,,,,,,,,,,,,,,,,,,,,,,,,,,,,,,,,,,,,,,,,
France_Ligue_1,2025-2026,Le Havre AC,87kn93oiqdrpr8ybyi4wxkgoa,Y. Zouaoui,Defender,18,37,19,18,30,229,6,13,312,2,70,15,215,104,111,439,416,5,30,1,37,37,,1,178,85,93,1,26,34,30,1,894,4,1,1,6,193,45,17,116,,279,35,5,5,28,14,2,16,44,20,1,52,688,330,455,689,18,30,,178,2348,48,1,59,22,26,479,954,10,741,48,7,213,1739,54,140,68,30,28,87,298,55,126,7,1,0,0,,,1,1,1,1,23,5,35,5,1,1,,,1,1,,,7,,,,,,,,,,,,,,,,1,,,,,,,,,
France_Ligue_1,2025-2026,Lille OSC,avk0vktquq3oum9w6dyodlz6y,Alexsandro Ribeiro,Defender,4,29,9,20,9,34,,3,116,2,,1,60,20,40,15,114,2,9,,5,4,1,,31,11,20,,11,,104,,433,,,,,44,4,1,30,,201,,5,2,7,1,2,,,2,,19,388,102,306,389,3,8,,,509,1,,34,9,8,55,453,7,408,11,11,45,547,,,,1,9,17,25,20,28,,,,0,,,,,,,,2,,,,,,,,2,6,6,,,,,,,,,,,,,,,,,,1,1,,,,,,,
France_Ligue_1,2025-2026,Lille OSC,31sljkjull0n7082fed26stzp,B. André,Midfielder,21,150,66,84,26,214,7,5,304,11,,6,345,148,197,475,415,19,26,2,18,15,3,2,195,82,113,4,33,21,318,2,1313,,,,2,141,62,28,140,,424,23,12,6,25,3,1,,3,12,59,63,1089,715,432,1081,29,35,6,2,2243,37,1,40,34,41,325,1371,18,1144,64,63,227,1792,,17,17,9,6,28,200,44,199,8,1,1,1,1,,,2,2,,3,3,,2,,,,4,1,1,,,,2,,,,,,,,,,,,,,,,,,,,,,,,
France_Ligue_1,2025-2026,Lille OSC,bfdco9clf3dwltaogfhv5v0et,André Gomes,Midfielder,26,,,,2,2,,,5,,,,7,4,3,4,3,2,2,,,,,,7,4,3,,,,2,,7,,,,,2,,,2,,,,,,,,2,,,3,,1,7,4,3,6,,,,,7,1,,,2,,1,7,,7,,,,11,,,,,,,,,,,,,0,,,,,,,,,,,,,,,,,,,,,,,,,,,,,,,,,,,,,,,,,,,,
France_Ligue_1,2025-2026,Lille OSC,1b04k9q3n17yyzf6n5kyn9vdg,L. Baret,Midfielder,33,,,,,,,,,,,,,,,,,,,,,,,,,,,,,,,,,,,,,,,,,,,,,,,,,,,,,,,,,,,,,,,,,,,,,,,,,,,,,,,,,,,,,,,,,,,,,,,,,,,,,,,,,,,,,,,,,,,,,,,,,,,,,,,,,,,,
France_Ligue_1,2025-2026,Lille OSC,6ynchgp6o4tajwvnfdnoo11at,N. Bentaleb,Midfielder,6,25,12,13,25,99,5,6,165,3,13,2,100,47,53,163,265,7,25,2,18,15,3,1,75,35,40,,15,9,271,,841,,1,1,1,74,18,9,76,,251,11,7,5,12,3,13,1,4,5,22,50,732,374,402,722,6,11,11,2,1233,14,1,38,14,18,160,886,12,772,17,5,114,1083,9,18,5,5,9,35,103,29,79,3,1,1,0,1,,2,2,2,,2,3,,4,,,,1,,,3,3,1,,,,,,,,,,,,,,,,,,,1,,,,,,
France_Ligue_1,2025-2026,Lille OSC,bxcwnf87pf8ijzbxy70ewcfe1,A. Bodart,Goalkeeper,16,,,,3,,,,20,,,,1,1,,,58,1,3,,3,3,,,1,1,,,,,18,,76,,,,1,9,,,14,,15,,,,2,,1,,,,,18,56,9,58,49,,,,,226,,,1,1,,24,91,,67,,,24,107,,,,,11,23,19,5,1,,,,0,,,,,,1,,4,,,,1,,,,,19,13,,,1,,4,,1,,1,4,1,3,,,1,,,,,,,,,,,
France_Ligue_1,2025-2026,Lille OSC,b8w8yita3r3unmolru3o95ous,A. Bouaddi,Midfielder,32,38,14,24,29,168,8,7,319,7,,12,237,104,133,386,246,18,29,,24,21,3,,199,90,109,4,25,18,299,,967,2,,,1,149,59,33,142,,268,19,3,5,27,11,2,,2,29,28,33,810,475,351,791,22,35,,18,2239,45,,27,37,23,269,981,8,824,57,53,157,1404,,14,14,21,6,11,137,34,146,7,,,0,,,,1,1,1,2,1,2,2,,,,2,2,,1,1,,,,,,,,,,,,,,,,,,1,1,,,,,,,
France_Ligue_1,2025-2026,Lille OSC,91tcrqhjznkthsj8skmb6kh78,S. Boussadia,Midfielder,42,,,,,,,,,,,,,,,,,,,,,,,,,,,,,,,,,,,,,,,,,,,,,,,,,,,,,,,,,,,,,,,,,,,,,,,,,,,,,,,,,,,,,,,,,,,,,,,,,,,,,,,,,,,,,,,,,,,,,,,,,,,,,,,,,,,,
France_Ligue_1,2025-2026,Lille OSC,8cjgce68a2vla1ebamgac4nx0,M. Broholm,Forward,14,1,1,,11,36,1,,56,,2,,43,22,21,114,32,,11,1,7,7,,1,42,21,21,1,2,7,39,,117,,1,1,,31,6,1,16,,10,8,,3,3,3,8,2,4,3,2,2,92,67,29,90,4,6,,5,272,14,1,2,4,8,57,117,3,92,10,15,25,198,,10,8,9,,1,33,2,24,,1,0,0,,,1,1,1,,2,,,,,,,,,,,,,,,,,,,,,,,,,,,,,,,,,,,,,
France_Ligue_1,2025-2026,Lille OSC,37fbext4j0oziatkx4n8paiok,V. Burlet,Defender,41,,,,1,1,,,5,,,,3,3,,7,4,,1,,1,1,,,3,3,,,,1,2,,14,,,,,3,,,,,7,1,,,,,1,,1,,,,13,10,4,13,,,,1,18,1,,,,,2,14,,13,,,1,18,,,,1,,,1,,1,,,,0,,,,,,,1,,,1,,,,,,,,,,,,,,,,,,,,,,,,,,,,,,,,,,
France_Ligue_1,2025-2026,Lille OSC,cemwhtlpcizu8en6ckkx2tuc5,M. Caillard,Goalkeeper,30,,,,,,,,,,,,,,,,,,,,,,,,,,,,,,,,,,,,,,,,,,,,,,,,,,,,,,,,,,,,,,,,,,,,,,,,,,,,,,,,,,,,,,,,,,,,,,,,,,,,,,,,,,,,,,,,,,,,,,,,,,,,,,,,,,,,
France_Ligue_1,2025-2026,Lille OSC,796gn0bbr4gw5rt9lnf0btqfo,I. Cossier,Defender,42,,,,,,,,,,,,,,,,,,,,,,,,,,,,,,,,,,,,,,,,,,,,,,,,,,,,,,,,,,,,,,,,,,,,,,,,,,,,,,,,,,,,,,,,,,,,,,,,,,,,,,,,,,,,,,,,,,,,,,,,,,,,,,,,,,,,
France_Ligue_1,2025-2026,Lille OSC,1y0a3f7erint69gz9anavkz6c,M. Costarelli,Defender,37,,,,,,,,,,,,,,,,,,,,,,,,,,,,,,,,,,,,,,,,,,,,,,,,,,,,,,,,,,,,,,,,,,,,,,,,,,,,,,,,,,,,,,,,,,,,,,,,,,,,,,,,,,,,,,,,,,,,,,,,,,,,,,,,,,,,
France_Ligue_1,2025-2026,Lille OSC,dh7yb6tr0977d0tlxlwzv0ums,S. Diaoune,Forward,35,5,4,1,10,21,2,1,28,,3,4,34,22,12,75,17,3,10,1,6,4,2,1,29,18,11,,1,4,13,,58,1,,,1,14,3,1,7,1,12,5,4,4,1,1,9,2,2,5,,1,45,36,16,49,1,2,,1,178,12,,2,5,3,36,63,8,50,3,26,13,123,,3,2,6,,,14,2,13,,0,1,0,1,1,,1,1,,,,,,,,,,1,,,,,,,,,,,,,,,,,,,,,,,,,,,,,
France_Ligue_1,2025-2026,Lille OSC,azuin8p3zlcnhew8e914dhvdg,N. Edjouma,Forward,20,7,4,3,15,24,4,,64,,3,8,71,41,30,116,22,1,15,,3,1,2,,64,37,27,,3,7,37,1,90,1,,,,39,5,2,22,,8,7,3,3,3,3,12,,4,10,2,2,63,47,21,62,5,6,1,2,339,24,,5,5,6,83,91,6,64,11,29,27,205,2,14,12,14,4,5,34,7,22,,,,0,,,,,,,4,1,,,,,,,,,,,,,,,,,,,,,,,,,,,,,,,,,,,,
France_Ligue_1,2025-2026,Lille OSC,2branork7cntloew47tif7das,M. Fernandez-Pardo,Forward,7,33,29,4,28,212,26,1,320,5,13,28,227,133,94,674,95,5,28,8,24,22,2,8,194,104,90,2,7,30,68,14,579,4,2,2,1,200,61,22,51,8,227,35,11,29,26,12,2,3,12,34,8,16,471,388,117,477,6,13,3,4,2289,74,6,3,15,37,279,602,40,493,19,173,109,1018,6,41,35,42,2,3,141,9,106,5,3,5,2,6,4,,5,5,,9,1,1,5,,,1,3,15,,,,,,,,,,,,,,,,,,,,,,,,,,,,,
France_Ligue_1,2025-2026,Lille OSC,5ikeslw81x2em97k79crmhh0q,Félix Correia,Forward,27,30,19,11,33,180,10,2,233,,24,24,175,93,82,638,246,4,33,4,21,19,2,3,145,74,71,2,21,32,174,3,826,6,,,2,117,61,18,81,4,241,37,15,9,25,23,8,8,25,16,24,35,646,502,183,625,15,13,8,21,2006,51,3,11,13,28,337,841,24,660,28,89,181,1246,11,58,41,31,6,21,210,29,160,2,4,0,2,4,2,,5,5,1,16,3,,9,1,,,5,6,,,,,,,,,,,,,,,,,,,,,,,1,,,,,,
France_Ligue_1,2025-2026,Lille OSC,5awkzgwwh48prwgvxwewuc5hx,O. Giroud,Forward,9,94,44,50,29,114,5,5,39,1,,3,178,86,92,219,61,13,29,7,24,22,2,7,84,42,42,1,4,18,99,8,318,,4,3,,18,18,3,27,,63,19,20,15,17,13,12,,,3,52,7,212,143,88,224,3,8,3,2,1565,10,6,14,27,29,154,337,35,231,11,80,106,523,,2,2,2,,4,83,25,102,2,3,4,3,4,1,6,1,1,,,,,2,,,,13,7,,,,,1,,,,,,,,,,,,,,,,,,,,1,,,,
France_Ligue_1,2025-2026,Lille OSC,1q3c0jq17fnvwfoqm9s3ovytw,M. Goffi,Defender,38,3,1,2,1,3,,,4,,,,6,2,4,2,11,,1,,1,1,,,3,1,2,,,,8,,21,,,,,1,1,,5,,,,,,,,1,,1,1,,2,18,8,12,17,,1,,2,38,,,1,1,,6,22,,19,1,,3,33,,,,,1,1,,3,2,,,,0,,,,,,,1,2,3,,,,,,,,,,,,,,,,,,,,,,,,,,,,,,,,,,,
France_Ligue_1,2025-2026,Lille OSC,9t0jh9kfw1225c8hoj0pu8cbu,H. Haraldsson,Midfielder,10,28,16,12,31,265,14,,378,3,43,23,216,120,96,671,237,15,31,8,25,22,3,8,188,104,84,,11,50,290,,1124,3,,,1,190,44,19,124,5,366,50,18,17,28,19,3,14,20,20,35,34,970,654,370,970,11,12,10,5,2393,56,6,9,26,41,309,1158,35,1004,23,112,154,1567,26,51,15,27,4,18,171,34,136,5,3,5,3,8,4,3,1,1,,2,1,2,5,,,1,3,8,,,,1,,,,,,,,,,,,,,,3,,,,,,,,,,
France_Ligue_1,2025-2026,Lille OSC,83evua9m8h632hbwsuysq88b8,H. Igamane,Forward,29,20,11,9,13,25,5,,55,,,4,68,36,32,135,36,5,13,5,3,3,,5,48,25,23,,2,3,31,5,124,1,,,1,35,7,4,15,3,35,4,9,9,4,4,9,,1,13,7,3,92,71,25,92,3,4,2,2,428,18,4,2,6,3,76,127,18,95,7,39,32,243,,4,4,9,,1,33,3,31,2,1,4,1,5,,1,,1,,1,,,2,,,,1,1,,,,,1,,,,,,,,,,,,,,,,,,,,,,,,
France_Ligue_1,2025-2026,Lille OSC,7pj3t455wyzij88p83bcdydjo,Y. Lachaab,Forward,43,,,,,,,,,,,,,,,,,,,,,,,,,,,,,,,,,,,,,,,,,,,,,,,,,,,,,,,,,,,,,,,,,,,,,,,,,,,,,,,,,,,,,,,,,,,,,,,,,,,,,,,,,,,,,,,,,,,,,,,,,,,,,,,,,,,,
France_Ligue_1,2025-2026,Lille OSC,60gdwt9m4lictasjkzaf5ym8k,Z. Lanssade,Goalkeeper,60,,,,,,,,,,,,,,,,,,,,,,,,,,,,,,,,,,,,,,,,,,,,,,,,,,,,,,,,,,,,,,,,,,,,,,,,,,,,,,,,,,,,,,,,,,,,,,,,,,,,,,,,,,,,,,,,,,,,,,,,,,,,,,,,,,,,
France_Ligue_1,2025-2026,Lille OSC,7c2qwyzh82a45s25zmdahrd91,A. Mandi,Defender,23,58,16,42,28,93,5,15,441,10,,5,141,46,95,122,615,13,28,1,26,23,3,1,83,30,53,1,43,9,433,1,1673,,,,2,243,14,9,125,,669,9,5,4,27,4,1,,1,4,3,142,1532,617,1044,1518,11,22,8,17,2337,5,1,104,17,17,183,1810,9,1660,33,27,150,2125,,8,8,2,20,72,113,45,78,8,1,0,1,,,,,,,1,6,2,1,1,,,,,1,61,65,,1,,,4,,,,,,,,,,,,,,,,,,,,,
France_Ligue_1,2025-2026,Lille OSC,27wum5rq0cw9g7g33cbvc6kno,E. Mbappé,Midfielder,8,3,3,,17,42,4,,87,,18,7,68,40,28,172,42,1,17,3,9,8,1,3,65,37,28,,2,11,98,1,194,1,,,1,48,15,7,22,,23,12,3,7,4,4,13,8,10,6,4,6,160,129,50,163,7,6,3,3,515,22,2,,6,9,92,205,10,169,13,39,36,338,6,20,11,13,,6,52,4,30,1,3,0,2,3,,3,1,1,,,,,2,,,,,2,,,,1,,,,,,,,,,,,,,,,,,,,,,,,,
France_Ligue_1,2025-2026,Lille OSC,bb5eekaj9i0dbckrkb629qg2d,C. Mbemba,Defender,18,28,8,20,13,35,2,4,144,4,,2,69,28,41,28,171,8,13,,15,14,1,,41,20,21,,14,4,226,,642,,,,1,85,9,3,38,,230,4,2,3,9,,4,,,1,,38,589,205,403,570,5,9,,2,953,6,,65,10,6,69,662,5,608,14,8,54,809,,,,2,17,30,43,11,24,3,,,0,,1,,,,,,7,,1,,,,,,1,5,5,,,,,,,,,,,,,,,,,1,,,,,,,,,
France_Ligue_1,2025-2026,Lille OSC,1b5gw6l77hhxye7ti11snwe1g,S. Merzouk,Goalkeeper,50,,,,,,,,,,,,,,,,,,,,,,,,,,,,,,,,,,,,,,,,,,,,,,,,,,,,,,,,,,,,,,,,,,,,,,,,,,,,,,,,,,,,,,,,,,,,,,,,,,,,,,,,,,,,,,,,,,,,,,,,,,,,,,,,,,,,
France_Ligue_1,2025-2026,Lille OSC,bb6glt8n0ar47cmhmj6gnfiz9,T. Meunier,Defender,12,29,12,17,25,223,6,2,278,9,,13,135,72,63,471,353,20,25,1,19,17,2,1,106,60,46,,16,16,375,2,1003,2,,,1,148,39,20,101,,76,18,8,4,21,5,4,,10,12,2,51,827,464,396,799,13,18,2,146,1910,19,1,52,29,3,287,1027,12,850,31,45,177,1497,,39,39,8,19,42,177,39,135,3,0,1,0,1,,1,2,2,,10,1,36,6,,,,,,1,,,,,,,,,,,,,,,,,,,,,,,,,,,,
France_Ligue_1,2025-2026,Lille OSC,9ov7tj31hixo7xp0tfffuhpn8,N. Mukau,Midfielder,17,37,25,12,29,127,9,1,169,1,,5,162,85,77,308,128,13,29,1,20,17,3,1,125,60,65,3,14,13,228,4,591,2,,,,74,23,14,66,1,114,13,6,5,18,15,11,,,13,24,17,519,349,176,508,10,19,3,6,1494,23,1,8,26,23,133,597,11,525,29,42,72,818,,2,2,10,3,9,58,16,63,3,0,1,0,,,,,,1,,,,,,,,2,3,,,,,,,,,,,,,,,,,,,,,,,,,,,,,
France_Ligue_1,2025-2026,Lille OSC,a5jrqzijth7e3uxl4phi83sdm,N. Ngoy,Defender,3,48,20,28,28,113,7,13,374,9,,4,129,53,76,89,418,8,28,1,29,26,3,1,81,33,48,,34,2,680,,1531,,,,1,222,15,7,108,1,353,4,8,6,26,,2,,1,7,,88,1393,405,1021,1337,12,19,3,2,2314,4,,97,19,10,158,1564,14,1425,31,24,139,1835,,4,4,2,43,78,98,45,61,9,1,0,1,,1,,2,2,,1,18,,3,,,,,2,2,1,1,,,,,,,,,,,,,,,,,,1,1,,,,,,,
France_Ligue_1,2025-2026,Lille OSC,7k841xzgvo3dmgwq0u25ww1zo,S. Noumbissie,Defender,0,,,,,,,,,,,,,,,,,,,,,,,,,,,,,,,,,,,,,,,,,,,,,,,,,,,,,,,,,,,,,,,,,,,,,,,,,,,,,,,,,,,,,,,,,,,,,,,,,,,,,,,,,,,,,,,,,,,,,,,,,,,,,,,,,,,,
France_Ligue_1,2025-2026,Lille OSC,67qku7vyvbw76086eu05nowd1,R. Perraud,Defender,15,54,35,19,29,263,11,6,296,5,44,22,223,107,116,652,443,9,29,3,25,21,4,2,169,72,97,2,23,33,63,2,1071,5,,,2,205,66,27,91,,338,37,10,12,26,11,3,13,30,13,4,19,911,626,351,928,15,27,2,174,2203,33,1,46,21,42,344,1107,22,947,42,60,160,1783,24,95,69,19,25,43,206,49,117,4,1,2,0,1,,3,4,4,,15,3,16,7,,,1,,,1,,,2,,,,,,,,,,,,,,,,,1,1,1,,,1,1,,
France_Ligue_1,2025-2026,Lille OSC,6gdoxudvl1rgcn7d19e89p9ed,G. Perrin,Forward,28,1,1,,11,25,1,,49,,18,6,49,27,22,135,39,3,11,1,,,,1,48,26,22,2,2,10,25,,117,1,,,,29,8,4,13,1,31,10,2,4,3,3,8,6,10,9,6,6,91,77,27,88,4,8,1,3,325,17,1,,7,1,81,120,6,94,12,22,26,231,12,25,10,8,,3,47,4,23,2,1,0,0,1,2,,,,,3,,,1,,,,,,,,,1,,,,,,,,,,,,,,,,,,,,,,,,,
France_Ligue_1,2025-2026,Lille OSC,dlxi9jrz36ge900qdsd9c0mlm,U. Raghouber,Midfielder,28,,,,1,,,,1,,,,1,1,,4,4,,1,,,,,,1,1,,,,,,,6,,,,,1,1,1,1,,2,,,,,,1,,,,,,4,4,,4,,,,,2,1,,,,,3,6,,4,,,2,9,,,,1,,,2,,2,,,,0,,,,,,,,,,,,,,,,,,,,,,,,,,,,,,,,,,,,,,,,,,,,
France_Ligue_1,2025-2026,Lille OSC,24daij2a9hj0luq5eaxeejzvu,O. Sahraoui,Forward,11,2,2,,17,54,4,1,103,,2,6,86,42,44,220,74,2,17,1,5,5,,,84,40,44,,3,7,27,1,245,3,,,,51,14,5,19,1,96,9,3,4,4,4,13,,,15,7,4,197,151,52,199,2,3,4,3,467,33,,2,3,24,101,251,7,203,5,26,48,392,,3,3,16,,1,42,9,47,,0,1,0,1,1,,1,2,,,,,2,,,,,1,,,,,,,,,,,,,,,,,,,1,,,,1,,,,,,
France_Ligue_1,2025-2026,Lille OSC,c8rs9kflnc7wf2p05x2l3gxsk,T. Sajous,Goalkeeper,40,,,,,,,,,,,,,,,,,,,,,,,,,,,,,,,,,,,,,,,,,,,,,,,,,,,,,,,,,,,,,,,,,,,,,,,,,,,,,,,,,,,,,,,,,,,,,,,,,,,,,,,,,,,,,,,,,,,,,,,,,,,,,,,,,,,,
France_Ligue_1,2025-2026,Lille OSC,3gelookco8f9ft0guaec03t3o,Tiago Santos,Defender,22,9,6,3,15,54,3,,134,1,,9,90,49,41,174,104,3,15,,8,7,1,,81,43,38,1,6,6,107,,284,7,,,1,90,13,2,25,,26,6,6,,8,7,7,,5,3,1,10,238,136,113,234,6,8,,45,708,28,,15,13,21,137,291,6,244,14,23,47,515,,28,28,14,6,15,66,9,32,,,,0,,1,,,,,5,1,3,1,,,1,1,1,,,,,,,,,,,,,,,,,,,,,,,,,,,,,
France_Ligue_1,2025-2026,Lille OSC,7vf9423uzzr1jtxzvse24cs9g,O. Touré,Defender,36,3,1,2,1,6,,,7,,,,7,4,3,3,5,,1,,2,2,,,4,3,1,,2,,7,,21,,,,,4,2,1,2,,3,,,,1,1,,,,,,1,18,6,12,17,1,,,5,52,3,,5,,,10,21,,18,1,,3,44,,,,2,,,1,2,3,,,,0,,,,,,,,,3,,,,,,,,,,,,,,,,,,,,,,,,,,,,,,,,,,,
France_Ligue_1,2025-2026,Lille OSC,6dd248q0adq6su677bw2kk2c5,C. Verdonk,Defender,24,19,7,12,17,76,1,1,74,2,8,3,53,24,29,159,211,9,17,,9,9,,,34,17,17,2,17,8,36,,486,,,,,42,28,15,42,,179,8,1,1,7,4,10,4,6,,2,11,399,203,217,403,5,9,,62,741,2,,23,14,3,127,502,2,414,14,5,88,697,3,21,14,2,11,27,84,25,61,3,,,0,,,,,,,2,,5,1,,,,,,,,,,,,,,,,,,,,,,,,,,1,1,,,,,,,
France_Ligue_1,2025-2026,Lille OSC,50ko0lrtx1vu0d1lnb9a0xses,A. Yondjio,Forward,41,,,,,,,,,,,,,,,,,,,,,,,,,,,,,,,,,,,,,,,,,,,,,,,,,,,,,,,,,,,,,,,,,,,,,,,,,,,,,,,,,,,,,,,,,,,,,,,,,,,,,,,,,,,,,,,,,,,,,,,,,,,,,,,,,,,,
France_Ligue_1,2025-2026,Lille OSC,4st4hurqbtyzw1tbkzuuk78fe,E. Zhegrova,Midfielder,23,,,,,,,,,,,,,,,,,,,,,,,,,,,,,,,,,,,,,,,,,,,,,,,,,,,,,,,,,,,,,,,,,,,,,,,,,,,,,,,,,,,,,,,,,,,,,,,,,,,,,,,,,,,,,,,,,,,,,,,,,,,,,,,,,,,,
France_Ligue_1,2025-2026,Lille OSC,eaf4b3le808xp7j4rejomxf55,B. Özer,Goalkeeper,1,11,2,9,31,,,,148,13,,,26,4,22,,465,,31,,32,28,4,,15,2,13,,,1,291,,819,,,,1,94,3,,218,,261,2,,,31,1,,,,,,139,673,94,712,667,1,2,,,2744,,,22,,13,215,1017,,806,3,,211,1275,,,,,127,206,178,33,5,4,,,0,,,,,1,,,56,,,,14,,,,2,213,117,,,15,4,23,3,3,1,8,70,46,23,1,2,17,,,,,,,,,,,
France_Ligue_1,2025-2026,OGC Nice Côte d'Azur,d4byfkr3jergb1v1nakrmgvdh,A. Abdi,Defender,2,47,24,23,21,71,4,4,111,1,4,8,157,79,78,174,170,9,21,3,16,14,2,3,110,55,55,1,10,13,20,,383,2,,,1,66,31,11,58,,136,13,4,3,12,5,9,,5,17,,10,283,133,167,285,12,9,,75,1075,26,2,26,21,17,193,397,7,295,21,30,102,715,2,28,25,20,21,36,98,32,66,2,3,0,0,,,2,,,,5,1,11,3,1,,,,2,,,,,1,,,,,,,,,,,,,,,,,1,,1,,,,,
France_Ligue_1,2025-2026,OGC Nice Côte d'Azur,5jrt4as7f9xt1i1enj2dxx65m,S. Abdul Samed,Midfielder,99,16,10,6,18,82,,1,109,1,,1,79,50,29,54,78,5,18,,17,15,2,,63,40,23,,10,1,144,,424,,,,1,40,10,5,33,,137,1,1,,12,10,6,,,2,14,6,388,155,250,399,5,6,2,1,913,14,,7,19,10,63,441,1,405,11,3,36,539,,2,2,6,3,4,23,15,32,3,,,0,,,,,,,,2,,,,,,,,,,,,,,,,,,,,,,,,,,,,,,,,,,,,
France_Ligue_1,2025-2026,OGC Nice Côte d'Azur,cllfrfpb0hr1m7lsclhc2x15g,K. Alabi,Defender,0,,,,,,,,,,,,,,,,,,,,,,,,,,,,,,,,,,,,,,,,,,,,,,,,,,,,,,,,,,,,,,,,,,,,,,,,,,,,,,,,,,,,,,,,,,,,,,,,,,,,,,,,,,,,,,,,,,,,,,,,,,,,,,,,,,,,
France_Ligue_1,2025-2026,OGC Nice Côte d'Azur,2qfyjslws8kv2p7ssjqqln85w,K. Ali,Forward,52,,,,,,,,,,,,,,,,,,,,,,,,,,,,,,,,,,,,,,,,,,,,,,,,,,,,,,,,,,,,,,,,,,,,,,,,,,,,,,,,,,,,,,,,,,,,,,,,,,,,,,,,,,,,,,,,,,,,,,,,,,,,,,,,,,,,
France_Ligue_1,2025-2026,OGC Nice Côte d'Azur,3ohckge5om916l32s2ys6ivis,J. Bah,Defender,28,86,37,49,26,64,1,29,261,4,,2,183,84,99,47,308,10,26,,42,36,6,,97,47,50,1,29,6,445,3,1117,,,,3,129,12,9,104,,342,6,4,2,22,2,4,,,9,,31,1021,258,803,1030,19,16,,5,1954,9,,143,27,6,122,1159,6,1061,35,21,98,1484,,,,3,15,36,53,45,62,7,,,0,,,,,,1,,3,2,2,2,2,,,3,1,8,9,,,,,1,,,,,,,,,,,,,,,,,,,,,
France_Ligue_1,2025-2026,OGC Nice Côte d'Azur,7sep6mx2s67mh5fr3raxu7aei,M. Bard,Defender,26,61,30,31,29,186,2,14,327,4,,12,232,106,126,311,453,16,29,2,51,45,6,2,171,76,95,1,40,14,93,3,1112,3,,,7,203,63,26,133,,408,15,8,5,26,3,3,,15,16,3,42,890,428,505,876,24,28,4,120,2396,31,1,76,26,27,396,1140,13,918,52,19,222,1771,,64,63,11,38,89,221,65,133,4,1,1,1,1,,2,,1,1,15,3,37,5,1,,,,,1,4,4,,,,,,,,,,,,,,,,,,,,,,,,,,
France_Ligue_1,2025-2026,OGC Nice Côte d'Azur,3rzjr8wdopfb1xj0d7sq0vrpw,G. Bernardeau,Midfielder,23,3,1,2,4,7,1,,8,,3,2,18,9,9,24,15,1,4,,1,1,,,15,8,7,,,2,16,1,42,,,,,7,5,2,7,,5,2,1,1,1,1,3,1,1,,3,5,28,21,9,24,,4,,1,93,4,,3,1,3,24,43,2,29,4,8,14,72,1,3,2,2,,2,15,2,12,,,,0,,,,,,,,,,,,,,,,,,,,,,,,,,,,,,,,,,,,,,,,,,,,
France_Ligue_1,2025-2026,OGC Nice Côte d'Azur,2fqlri41xq6p924kine7pjr2t,J. Boga,Forward,7,3,3,,14,55,3,,102,,9,6,53,24,29,150,35,,14,2,14,13,1,2,50,21,29,,3,11,32,,188,,,,1,59,11,2,22,,76,13,7,5,7,6,7,2,4,13,10,4,155,124,45,161,,4,1,,645,18,2,2,2,12,69,198,12,165,4,19,33,296,4,8,4,13,,4,31,10,29,,2,0,1,2,,2,,2,,1,,1,2,,,,,2,,,,1,,,,,,,,,,,,,,,,,,,,,,,,,
France_Ligue_1,2025-2026,OGC Nice Côte d'Azur,1e9pmgwavcrxus1a8yommuolw,M. Bombito,Defender,64,9,3,6,2,1,,3,14,,,,15,6,9,2,25,,2,,2,2,,,6,3,3,1,2,,14,,60,,,,2,9,,,4,,24,,,,2,1,,,,,,2,50,12,42,52,,2,,,146,1,,6,3,1,11,64,,54,2,,10,81,,,,,1,3,8,2,7,1,,,0,,,,,,2,,,,,,,,,,1,3,3,,,,,,,,,,,,,,,,,,,,,,,,,,
France_Ligue_1,2025-2026,OGC Nice Côte d'Azur,c0dvcjq2rfqs3jj5g5v2m5zsa,B. Bouanani,Midfielder,19,2,2,,2,14,,,17,,,,9,6,3,33,10,,2,,,,,,7,4,3,,1,1,16,,47,1,,,,7,1,1,4,,7,1,1,,1,1,1,,1,1,2,,37,26,12,37,,,2,,93,3,,,,2,20,47,1,37,,8,10,65,,4,3,3,,1,13,1,9,,,,0,,,,,,,1,,,,,,,,,,,,,,,,,,,,,,,,,,,,,,,,,,,,,
France_Ligue_1,2025-2026,OGC Nice Côte d'Azur,dxooz2nlollmhuwsvc9ilvkes,E. Bouard,Forward,38,,,,,,,,,,,,,,,,,,,,,,,,,,,,,,,,,,,,,,,,,,,,,,,,,,,,,,,,,,,,,,,,,,,,,,,,,,,,,,,,,,,,,,,,,,,,,,,,,,,,,,,,,,,,,,,,,,,,,,,,,,,,,,,,,,,,
France_Ligue_1,2025-2026,OGC Nice Côte d'Azur,89wbevcfzkyq9qepocguaef4k,K. Boudache,Forward,32,24,18,6,12,28,2,,61,,1,1,82,53,29,92,37,2,12,1,9,7,2,1,58,35,23,,5,3,35,,109,4,,,1,37,9,5,19,,11,3,7,2,2,2,10,,2,6,3,2,81,55,30,81,4,9,2,,483,25,1,2,5,4,79,111,9,83,13,15,28,230,,5,5,14,,1,25,8,27,,1,0,0,1,1,1,,,,2,,,,,,,2,4,,,,,,,,,,,,,,,,,,,,,,,,,,,,,
France_Ligue_1,2025-2026,OGC Nice Côte d'Azur,e7e68wlpiqqohpg71oh4vrbl6,H. Boudaoui,Midfielder,6,22,11,11,24,114,5,9,217,1,,7,168,79,89,192,209,12,24,1,33,30,3,1,146,68,78,,17,14,182,2,652,1,,,5,112,20,7,96,1,160,16,6,8,18,7,6,,6,15,24,22,543,279,282,533,10,16,8,1,1649,36,,24,18,37,197,665,14,555,26,20,110,946,,13,13,15,11,31,97,26,79,6,1,0,1,1,,,2,2,,6,,,3,,,,,3,1,,,,,,,,,,,,,,,,,,,,,,,,,,,,
France_Ligue_1,2025-2026,OGC Nice Côte d'Azur,5ak9fwtqlr2pll0nsv5br7p7u,B. Brahimi,Forward,14,,,,1,,,,2,,,,,,,5,1,,1,,,,,,,,,,,1,1,,3,,,,,,,,,,1,1,,,,,1,,,,,,3,3,,3,,,,,1,,,,,,2,3,,3,,1,,5,,2,2,,,,2,,,,,,0,,,,,,,,,,,,,,,,,,,,,,,,,,,,,,,,,,,,,,,,,,,,
France_Ligue_1,2025-2026,OGC Nice Côte d'Azur,2erc6mralczwaek3qt5i9iadw,M. Brignone,Midfielder,45,,,,,,,,,,,,,,,,,,,,,,,,,,,,,,,,,,,,,,,,,,,,,,,,,,,,,,,,,,,,,,,,,,,,,,,,,,,,,,,,,,,,,,,,,,,,,,,,,,,,,,,,,,,,,,,,,,,,,,,,,,,,,,,,,,,,
France_Ligue_1,2025-2026,OGC Nice Côte d'Azur,76ontqyujuaeah579ly78dvro,T. Bruyère,Goalkeeper,50,,,,,,,,,,,,,,,,,,,,,,,,,,,,,,,,,,,,,,,,,,,,,,,,,,,,,,,,,,,,,,,,,,,,,,,,,,,,,,,,,,,,,,,,,,,,,,,,,,,,,,,,,,,,,,,,,,,,,,,,,,,,,,,,,,,,
France_Ligue_1,2025-2026,OGC Nice Côte d'Azur,5vznxxfbteooxk2dd2ws76xhw,M. Cho,Forward,25,69,54,15,23,131,7,2,241,,1,18,213,134,79,327,100,3,23,4,35,30,5,3,144,80,64,1,4,18,151,5,425,1,,,6,130,29,17,66,,58,21,8,14,20,16,3,,7,18,24,14,330,206,146,331,7,8,9,4,1636,59,2,6,14,31,248,440,22,345,15,72,95,771,,29,27,34,,8,108,16,87,1,1,3,1,4,,3,2,3,,7,,,7,,,,7,9,,,,,1,,,,,,,,,,,,,,,,,,1,,,,,,
France_Ligue_1,2025-2026,OGC Nice Côte d'Azur,c4w6l0ha9pvwljyh3aejqz3yt,J. Clauss,Defender,92,23,14,9,29,229,7,6,296,3,118,37,213,96,117,670,448,12,29,1,54,48,6,1,190,82,108,2,47,55,511,1,1187,4,,,8,194,56,24,141,1,49,61,10,6,27,2,2,28,62,27,5,53,951,593,462,940,30,34,7,166,2453,34,,63,21,17,486,1237,16,993,64,47,244,2023,70,154,66,17,20,61,343,55,183,,0,1,1,1,,,4,6,1,28,9,9,16,1,1,1,1,1,,,,4,,,,,,,,,,,,,,,1,,,,,,,,,,
France_Ligue_1,2025-2026,OGC Nice Côte d'Azur,3v4tbmgdwxn6h8h9grse37lzo,D. Coulibaly,Midfielder,39,1,,1,2,,,,1,,,,2,1,1,2,2,1,2,,,,,,1,1,,,1,,5,,9,,,,,,1,1,1,,2,,,,,,2,,,,,1,8,7,1,7,,,,,11,,,,1,,3,9,,8,,,1,13,,,,,,,1,,1,,,,0,,,,,,,,1,,,,,,,,,,,,,,,,,,,,,,,,,,,,,,,,,,,,
France_Ligue_1,2025-2026,OGC Nice Côte d'Azur,azuc3tma44xyrbgf5y279o1xx,Dante,Defender,4,19,6,13,11,41,1,4,90,1,,,45,20,25,18,130,6,11,,13,11,2,,26,14,12,1,9,,103,1,383,,,,3,39,5,4,35,,130,1,3,1,8,5,3,,,1,1,29,345,111,253,335,2,5,1,2,762,1,,34,8,4,46,404,4,364,7,6,40,485,,,,1,11,23,29,11,17,1,,,0,,,,,1,1,,2,,,,,,,,,6,6,,,,,,,,,,,,,,,,,,,,,,,,,,
France_Ligue_1,2025-2026,OGC Nice Côte d'Azur,z09ing18tkgqtubdfw4c43dg,Z. Diallo,Forward,44,,,,1,,,,2,,,,3,2,1,2,,1,1,,,,,,3,2,1,,,1,,,1,,,,,,1,,,,1,1,,,,,1,,,,,,,,,,,,,,9,,,1,2,1,1,1,,,,1,1,5,,,,,,,1,,1,,,,0,,,,,,,,,,,,,,,,,,,,,,,,,,,,,,,,,,,,,,,,,,,,
France_Ligue_1,2025-2026,OGC Nice Côte d'Azur,ct32113pfx5q9avf2c0x208ru,S. Diop,Midfielder,10,31,22,9,32,181,15,2,296,,15,13,230,126,104,422,265,10,32,8,43,37,6,7,199,104,95,1,19,28,144,7,803,3,2,2,7,140,41,17,104,8,254,30,19,16,25,21,7,3,7,30,35,47,622,406,258,610,10,12,14,10,2072,66,6,11,22,44,336,844,35,657,22,68,187,1257,6,24,18,31,7,25,173,38,162,5,3,5,1,6,2,,2,2,,5,,,6,,,,3,3,,,,3,,,,,,,,,,,,,,,,,,,1,,,,,,
France_Ligue_1,2025-2026,OGC Nice Côte d'Azur,89sv092huj2obzdazmft854a1,Y. Diouf,Goalkeeper,80,10,3,7,25,,,,48,4,,,16,5,11,,405,,25,,45,39,6,,6,2,4,,2,,134,,452,,,,5,21,1,,219,,125,,,,25,,,,,1,,126,358,55,405,334,,,,1,2250,1,,29,,4,212,664,,460,,,204,968,,,,,92,197,141,63,7,1,,,0,,,,,,,,26,,,,27,,,,,198,125,,,26,3,58,5,7,2,12,89,55,33,2,5,19,,,,,,,,,,,
France_Ligue_1,2025-2026,OGC Nice Côte d'Azur,3yk6n0wr6nc0dlm51gwvwi4t1,M. Dupé,Goalkeeper,31,2,,2,8,,,,30,1,,,3,,3,1,132,,8,,15,13,2,,1,,1,,,1,50,,164,,,,3,14,1,1,50,,65,1,,,8,,,,,,,34,134,12,151,129,,,,,720,,,7,,1,85,247,,163,,1,84,312,,,,,33,82,65,19,2,,,,0,,,,,,,,9,,,,3,,,,,49,61,,,,1,42,2,3,,4,20,12,7,,,4,,,,,,,,,,,
France_Ligue_1,2025-2026,OGC Nice Côte d'Azur,bukiej33alpx4e0t5cpwxhx0q,I. Jansson,Forward,21,22,18,4,21,32,3,,73,,,5,73,48,25,139,41,6,21,1,12,10,2,1,51,30,21,1,6,7,23,,144,,,,1,40,14,3,30,1,49,7,3,10,7,7,14,,6,4,4,1,102,80,29,102,3,8,,,616,13,1,2,10,6,80,145,13,103,11,31,42,253,,7,7,7,2,5,39,10,37,3,1,0,0,1,,,,,,6,,1,1,,,,1,2,,,,,,,,,,,,,,,,,,,,,,,,,,,,,
France_Ligue_1,2025-2026,OGC Nice Côte d'Azur,bby7fmthsys2h60mp0w93gqqy,Kevin Carlos,Forward,90,60,32,28,22,56,9,1,49,1,,6,127,81,46,103,38,9,22,,16,12,4,,67,49,18,2,1,3,32,5,147,,,,1,18,6,3,15,,35,3,6,7,9,7,13,,1,2,19,2,97,56,56,109,1,1,1,,862,21,,5,29,15,103,161,13,111,2,40,50,283,,2,2,6,,1,42,10,49,3,,,0,,,,,,,1,,,1,,,1,4,8,,,,,,,,,,,,,,,,,,,,,,,,,,,,,
France_Ligue_1,2025-2026,OGC Nice Côte d'Azur,evc54vbh4xjsa97r5jk8eywb8,H. Koutoune,Defender,36,,,,1,2,,,1,,,,,,,4,1,,1,,,,,,,,,,,,1,,5,,,,,,,,,,1,,,,,,1,,,,,,5,4,1,5,,,,,1,,,,,,1,5,,5,,,,6,,1,1,,,,1,,,,,,0,,,,,,,,,,,,,,,,,,,,,,,,,,,,,,,,,,,,,,,,,,,,
France_Ligue_1,2025-2026,OGC Nice Côte d'Azur,7lne09mf2putbltcoxorsw6sq,T. Louchet,Midfielder,20,18,10,8,26,150,9,4,142,,11,12,131,63,68,263,174,10,26,3,29,24,5,2,113,53,60,,10,18,116,,512,1,,,2,65,28,11,60,1,87,20,6,6,14,9,12,5,13,12,16,19,405,250,181,399,20,15,2,21,1361,26,2,27,16,13,208,527,12,418,35,39,109,824,5,38,30,14,4,18,121,26,91,1,2,1,0,3,1,2,2,2,,8,2,3,8,,,,,2,,,,,,,,,,,,,,,,,,,,,1,1,1,,,,,,
France_Ligue_1,2025-2026,OGC Nice Côte d'Azur,1673rt3fc2awp1gc3hh8f9p1w,B. Mantsounga,Defender,36,1,1,,1,3,,3,16,,,,9,1,8,2,14,,1,,5,4,1,,8,,8,,,,26,,85,,,,,8,,,1,,43,,,,1,,,,,,,1,84,27,58,84,3,3,,,90,,,5,,2,1,86,,85,6,1,1,103,,,,,1,1,1,,,,,,0,,,,,,,,,,,,,,,,,,,,,,,,,,,,,,,,,,,,,,,,,,,,
France_Ligue_1,2025-2026,OGC Nice Côte d'Azur,9yjtdz1toq241g6cgdty94lck,A. Mendy,Defender,33,92,33,59,24,108,5,17,306,3,,2,232,94,138,119,453,9,24,1,38,32,6,,140,61,79,1,17,1,360,1,1091,,,,5,195,41,25,108,1,217,1,4,7,23,3,1,,1,6,2,48,924,338,629,918,17,35,1,39,2008,15,,120,30,22,246,1138,11,966,52,15,172,1568,,17,17,9,22,71,123,66,101,5,0,1,0,1,,,,,1,1,12,26,,,,,,5,1,2,2,,,,,,,,,,,,,,,,,,,,1,,,,,,
France_Ligue_1,2025-2026,OGC Nice Côte d'Azur,33jtnv5kyzyw1it7y9czhn4a2,T. Moffi,Forward,9,14,8,6,10,27,3,,30,,,5,38,26,12,74,13,1,10,2,11,9,2,2,24,18,6,,,5,20,7,66,2,,,,10,6,3,10,,14,5,5,8,6,5,4,,,3,5,,45,34,19,53,,1,,,489,13,2,1,2,2,52,74,13,53,1,27,21,137,,,,6,,,16,5,21,,1,1,0,2,1,1,,,,,,,1,,,,5,5,,,,,1,,,,,,,,,,,,,,,,,,,,,,,,
France_Ligue_1,2025-2026,OGC Nice Côte d'Azur,eeye58v60p8uvt2noaj5u6rfu,Mohamed Abdelmonem,Defender,5,,,,,,,,,,,,,,,,,,,,,,,,,,,,,,,,,,,,,,,,,,,,,,,,,,,,,,,,,,,,,,,,,,,,,,,,,,,,,,,,,,,,,,,,,,,,,,,,,,,,,,,,,,,,,,,,,,,,,,,,,,,,,,,,,,,,
France_Ligue_1,2025-2026,OGC Nice Côte d'Azur,36vlijno7btph7zg9n6kp1kb8,L. Monteiro,Defender,48,,,,,,,,,,,,,,,,,,,,,,,,,,,,,,,,,,,,,,,,,,,,,,,,,,,,,,,,,,,,,,,,,,,,,,,,,,,,,,,,,,,,,,,,,,,,,,,,,,,,,,,,,,,,,,,,,,,,,,,,,,,,,,,,,,,,
France_Ligue_1,2025-2026,OGC Nice Côte d'Azur,7c0y2e3949kvohxadzfbmct7t,Y. Ndayishimiye,Midfielder,55,1,,1,2,5,,1,4,,,,4,3,1,,7,2,2,,2,2,,,3,3,,,2,,4,,19,,,,1,1,4,2,,,3,,,,1,,1,,,,1,1,14,7,7,13,,,,,72,1,,4,2,,6,19,,14,,,5,30,,,,,,,3,2,5,,,,0,,,,,,,,,,,,,,,,,,,,,,,,,,,,,,,,,,,,1,1,,,,,,,
France_Ligue_1,2025-2026,OGC Nice Côte d'Azur,bcqutyzafpahp2ni41u2xt4gl,T. Ndombélé,Midfielder,22,2,2,,8,14,2,,18,,,1,22,11,11,30,22,1,8,,3,3,,,20,9,11,,1,4,15,,76,,,,1,9,3,3,14,,26,5,2,1,3,3,5,,1,1,2,3,69,33,38,67,2,1,,,272,8,,3,1,7,24,77,3,70,3,4,7,123,,,,4,1,1,6,1,6,,,,0,,,,,1,,1,1,,1,,,,,1,,,,,,,,,,,,,,,,,,,,,,,,,,,,,
France_Ligue_1,2025-2026,OGC Nice Côte d'Azur,6gm82ak9kys9wd1hpk878xdec,B. Nguene,Forward,49,7,1,6,6,10,,,7,,,,23,10,13,28,6,1,6,,3,3,,,16,9,7,1,3,,8,1,32,1,,,,5,2,,5,,9,,3,,,,6,,,1,,,24,15,10,25,3,1,,,133,6,,2,3,2,23,33,3,25,4,7,8,71,,1,1,2,,,5,4,8,1,,,0,,,,,,,,,,,,,,,,,,,,,,,,,,,,,,,,,,,,,,,,,,,,
France_Ligue_1,2025-2026,OGC Nice Côte d'Azur,bfnqlxk0wiv1uy0ptwwqhk9hw,K. Peprah Oppong,Defender,37,85,34,51,28,112,5,17,305,4,,2,218,83,135,94,420,14,28,1,43,38,5,1,133,49,84,,25,6,356,1,1308,,,,7,179,17,10,98,,484,6,3,3,27,5,1,,2,12,,30,1207,403,868,1239,18,27,,6,2338,12,,140,30,28,129,1372,6,1269,45,15,103,1732,,3,3,4,24,41,67,39,62,3,0,1,0,,,1,,,1,2,3,,1,,,,,2,1,30,30,,,,,,,,,,,,,,,,,,,,,,,,,,
France_Ligue_1,2025-2026,OGC Nice Côte d'Azur,cv763bry7r833k7qg7ah5ek2c,E. Pereira da Silva,Midfielder,41,7,4,3,3,16,2,,7,,,1,13,10,3,13,22,1,3,,4,4,,,6,6,,,3,,14,,63,,,,1,2,4,2,4,,13,,,,2,2,1,,,,2,1,51,18,35,52,,,,,137,,,5,4,,16,65,,53,,4,12,82,,,,,,3,8,4,9,,,,0,,,,,,,,,,,,,,,,,,,,,,,,,,,,,,,,,,,,,,,,,,,,
France_Ligue_1,2025-2026,OGC Nice Côte d'Azur,vja0xo3xiuax8eh0b6q3y09,P. Rosario,Midfielder,8,1,1,,1,1,,,7,,,,5,2,3,7,6,,1,,,,,,4,1,3,,,1,2,,16,,,,,1,,,3,,7,1,1,1,,,1,,,2,,,15,11,4,15,1,,,,27,1,,,,,4,16,2,15,1,1,1,25,,,,1,,,,1,1,,,,0,,,,,,,,,,,,,,1,,,,,,,,,,,,,,,,,,,,,,,,,,,,,,
France_Ligue_1,2025-2026,OGC Nice Côte d'Azur,d394go61g90f1u6bddu1narit,M. Sanson,Midfielder,8,31,17,14,30,103,5,8,199,,,8,194,111,83,220,195,13,30,,39,34,5,,163,94,69,7,25,9,145,2,577,,,,5,103,31,19,85,,159,11,8,4,19,12,11,,3,23,12,48,477,267,230,446,6,20,5,2,1686,49,,15,34,20,225,602,12,494,26,32,108,915,,34,34,21,10,29,115,27,79,4,,,0,,,,2,2,1,3,2,,3,,,,3,5,,,,,,,,,,,,,,,,,,,,,,,,,,,,,
France_Ligue_1,2025-2026,OGC Nice Côte d'Azur,60tu47vsxtnhyypwedbmg0ydw,Y. Sofikitis,Defender,53,,,,,,,,,,,,,,,,,,,,,,,,,,,,,,,,,,,,,,,,,,,,,,,,,,,,,,,,,,,,,,,,,,,,,,,,,,,,,,,,,,,,,,,,,,,,,,,,,,,,,,,,,,,,,,,,,,,,,,,,,,,,,,,,,,,,
France_Ligue_1,2025-2026,OGC Nice Côte d'Azur,abmi7qgpdwmdkhmfjkmc95ous,J. Telusson,Forward,42,,,,,,,,,,,,,,,,,,,,,,,,,,,,,,,,,,,,,,,,,,,,,,,,,,,,,,,,,,,,,,,,,,,,,,,,,,,,,,,,,,,,,,,,,,,,,,,,,,,,,,,,,,,,,,,,,,,,,,,,,,,,,,,,,,,,
France_Ligue_1,2025-2026,OGC Nice Côte d'Azur,74hu9pcq0b1z36871v3inexyi,Tiago Gouveia,Forward,47,5,3,2,15,39,1,,58,1,,5,64,38,26,103,50,3,15,,13,10,3,,59,35,24,,9,2,42,,177,3,,,1,36,19,7,35,,48,2,7,4,5,3,10,,,7,4,5,135,62,75,132,5,3,,15,526,20,,6,6,9,85,179,11,137,8,22,42,311,,3,3,16,3,7,25,20,35,3,,,0,,,,,,,,,1,1,,,,,1,,,,,,,,,,,,,,,,,,,,,,,,,,,,,
France_Ligue_1,2025-2026,OGC Nice Côte d'Azur,8jc7tw0nw37trgyli0oyz1soa,C. Vanhoutte,Midfielder,24,57,21,36,25,143,2,10,166,1,1,3,186,90,96,206,309,19,25,,33,29,4,,129,69,60,2,19,13,217,,938,,,,6,91,30,20,100,,290,15,1,1,20,10,5,,1,7,31,51,790,418,393,759,18,27,1,4,1733,17,,44,34,8,214,959,2,810,45,15,149,1223,1,12,11,8,6,31,123,38,118,6,,,0,,,,1,2,1,1,5,,2,,,,,,,,,,,,,,,,,,,,,,,,,,,,,,,,,,
France_Ligue_1,2025-2026,OGC Nice Côte d'Azur,16idj1wxzcbvuaov5duvpqhyi,E. Wahi,Forward,11,33,27,6,13,38,5,,53,1,,6,82,61,21,136,22,11,13,5,15,13,2,4,49,34,15,1,2,6,34,19,123,1,1,1,2,41,12,2,12,5,35,7,3,15,10,9,3,,4,6,9,3,82,58,33,84,2,3,,1,836,14,3,1,18,4,86,129,18,87,5,45,42,234,,4,4,9,2,4,42,4,38,4,2,3,0,4,,,1,1,,4,,1,2,,,,2,6,,,,,,,,,,,,,,,,,,,,,,,1,,,,,,
France_Ligue_1,2025-2026,OGC Nice Côte d'Azur,9mix5yv6ibug5k3ikgu8pxs7o,M. Youssouf,Defender,43,,,,,,,,,,,,,,,,,,,,,,,,,,,,,,,,,,,,,,,,,,,,,,,,,,,,,,,,,,,,,,,,,,,,,,,,,,,,,,,,,,,,,,,,,,,,,,,,,,,,,,,,,,,,,,,,,,,,,,,,,,,,,,,,,,,,
France_Ligue_1,2025-2026,OGC Nice Côte d'Azur,3e36bbu65ulxoqvmugwwcja50,M. Youst,Goalkeeper,70,,,,,,,,,,,,,,,,,,,,,,,,,,,,,,,,,,,,,,,,,,,,,,,,,,,,,,,,,,,,,,,,,,,,,,,,,,,,,,,,,,,,,,,,,,,,,,,,,,,,,,,,,,,,,,,,,,,,,,,,,,,,,,,,,,,,
France_Ligue_1,2025-2026,OGC Nice Côte d'Azur,6tz2zo0lr4z0y1q2rghd0n0gk,B. Żelazowski,Goalkeeper,30,,,,,,,,,,,,,,,,,,,,,,,,,,,,,,,,,,,,,,,,,,,,,,,,,,,,,,,,,,,,,,,,,,,,,,,,,,,,,,,,,,,,,,,,,,,,,,,,,,,,,,,,,,,,,,,,,,,,,,,,,,,,,,,,,,,,
France_Ligue_1,2025-2026,Olympique de Marseille,57ssrnac8lqmbvn1ia1xmfs44,K. Abdallah,Forward,48,,,,,,,,,,,,,,,,,,,,,,,,,,,,,,,,,,,,,,,,,,,,,,,,,,,,,,,,,,,,,,,,,,,,,,,,,,,,,,,,,,,,,,,,,,,,,,,,,,,,,,,,,,,,,,,,,,,,,,,,,,,,,,,,,,,,
France_Ligue_1,2025-2026,Olympique de Marseille,310zaj8t3k4c8aj54ml0n0kx5,H. Abdelli,Midfielder,8,13,4,9,21,136,4,3,201,2,6,5,119,59,60,177,203,12,21,2,21,20,1,2,106,55,51,1,16,9,180,1,687,1,2,2,3,120,27,14,74,2,190,9,5,6,12,8,9,2,3,15,23,23,600,305,319,598,7,17,5,5,1079,30,2,12,19,12,143,709,11,621,24,13,88,916,3,7,3,18,5,18,69,26,70,2,1,1,0,,,,,,,,,,,,,,,,,,,,,,,,,,,,,,,,,,,,,,,,,,,,
France_Ligue_1,2025-2026,Olympique de Marseille,3o0zpl9cnmna2hyk595ja0xrd,N. Aguerd,Defender,21,60,22,38,16,58,4,9,319,4,,,118,51,67,47,400,5,16,1,17,16,1,,58,29,29,,21,3,322,,1254,,,,3,157,11,8,74,,523,3,5,1,16,3,,,,1,,28,1166,463,747,1182,6,16,2,4,1399,5,,75,21,6,112,1303,6,1210,22,11,93,1501,,2,2,2,21,48,58,37,45,4,1,0,0,1,,1,,,,,6,1,1,1,2,,,,2,19,21,,,,,2,,,,,,,,,,,,,,,1,,,,,,
France_Ligue_1,2025-2026,Olympique de Marseille,actvnm36s31zf8wh8hjikzlqt,P. Aubameyang,Forward,17,33,20,13,29,167,5,,124,,1,13,117,70,47,329,83,11,29,9,25,24,1,9,84,50,34,,5,21,65,9,393,3,,,1,72,20,9,38,8,110,26,19,28,22,15,7,,2,10,56,7,316,206,144,341,3,5,5,4,1956,21,9,10,19,16,171,425,47,348,8,104,77,669,,26,26,9,2,7,85,18,70,1,6,3,2,6,1,1,5,5,,2,1,,8,,,1,8,16,,,,,,,,,,,,,,,,,,,,,,,,,,,,,
France_Ligue_1,2025-2026,Olympique de Marseille,exqldi3zpsfhvhhvphmpw1ez8,D. Bakola,Midfielder,50,4,3,1,8,8,1,,20,,,,19,11,8,20,11,2,8,,4,3,1,,15,8,7,1,,1,12,,44,1,,,,7,3,1,6,,13,1,1,1,,,8,,,1,2,2,37,20,17,35,2,,,,68,4,,,4,4,18,44,2,37,2,3,7,69,,1,1,1,,2,6,2,5,,,,0,,,,,,,,,,,,,,,,,,,,,,,,,,,,,,,,,,,,,,,,,,,,
France_Ligue_1,2025-2026,Olympique de Marseille,74edqcuzfzy7nswqzn0v3pe22,L. Balerdi,Defender,5,71,32,39,25,89,3,9,318,3,,4,201,85,116,79,439,15,25,,32,31,1,,130,53,77,,24,4,508,,1402,1,,,2,153,23,14,113,,425,5,11,5,20,2,5,,1,9,2,64,1297,442,906,1283,21,26,2,6,1908,10,,93,23,21,138,1461,16,1347,47,20,114,1767,,1,1,6,29,62,71,44,52,5,,,0,,1,,,1,,1,9,,,1,1,,1,4,2,13,18,,,,,5,,,,,,,,,,,,,,,,,,,,,
France_Ligue_1,2025-2026,Olympique de Marseille,c4105m0vjb4q2sw4ci02ul8us,K. Bezahaf,Defender,35,,,,,,,,,,,,,,,,,,,,,,,,,,,,,,,,,,,,,,,,,,,,,,,,,,,,,,,,,,,,,,,,,,,,,,,,,,,,,,,,,,,,,,,,,,,,,,,,,,,,,,,,,,,,,,,,,,,,,,,,,,,,,,,,,,,,
France_Ligue_1,2025-2026,Olympique de Marseille,40rj40jkn3uwh1o58zt3ls7is,F. Camara,Defender,0,,,,,,,,,,,,,,,,,,,,,,,,,,,,,,,,,,,,,,,,,,,,,,,,,,,,,,,,,,,,,,,,,,,,,,,,,,,,,,,,,,,,,,,,,,,,,,,,,,,,,,,,,,,,,,,,,,,,,,,,,,,,,,,,,,,,
France_Ligue_1,2025-2026,Olympique de Marseille,6m12ad9jlgpz2inhr3xl41e6s,M. Clement,Defender,68,,,,,,,,,,,,,,,,,,,,,,,,,,,,,,,,,,,,,,,,,,,,,,,,,,,,,,,,,,,,,,,,,,,,,,,,,,,,,,,,,,,,,,,,,,,,,,,,,,,,,,,,,,,,,,,,,,,,,,,,,,,,,,,,,,,,
France_Ligue_1,2025-2026,Olympique de Marseille,7ujr3n286xjhtwsrckvkbldxx,D. Cornelius,Defender,13,1,1,,2,1,,2,2,,,,3,1,2,,5,,2,,1,1,,,2,,2,,1,,2,,14,,,,,,1,1,,,6,,,,,,2,,,,,,12,2,10,12,,,,,57,,,4,,2,2,14,,12,,,2,24,,,,,,,1,1,2,,,,0,,,,,,,,,,,,,,,,,,,,,,,,,,,,,,,,,,,,,,,,,,,,
France_Ligue_1,2025-2026,Olympique de Marseille,4c1onqj1f25s6mz182etjf9qs,A. Doubal,Defender,0,,,,,,,,,,,,,,,,,,,,,,,,,,,,,,,,,,,,,,,,,,,,,,,,,,,,,,,,,,,,,,,,,,,,,,,,,,,,,,,,,,,,,,,,,,,,,,,,,,,,,,,,,,,,,,,,,,,,,,,,,,,,,,,,,,,,
France_Ligue_1,2025-2026,Olympique de Marseille,1xofhzib5lyqx285j8x36xg8a,C. Egan-Riley,Defender,4,18,8,10,11,27,,4,147,1,,,45,19,26,20,160,2,11,,9,9,,,27,11,16,,1,2,213,,514,,,,,81,5,3,29,,123,2,,,8,3,3,,,1,,15,476,160,325,470,3,7,2,6,626,3,,34,5,5,49,523,,485,10,3,38,608,,1,1,2,10,19,28,11,19,1,,,0,,,,,,,,4,,1,,,,,,1,1,1,,,,,,,,,,,,,,,,,,1,1,,,,,,,
France_Ligue_1,2025-2026,Olympique de Marseille,1bm5qirblnmi4axuz2upq2uqc,U. El Kadmiri,Forward,70,3,1,2,3,,,,2,,,,5,3,2,7,1,,3,,,,,,2,2,,,1,,4,,5,,,,,1,,,1,,,,1,,,,3,,,,,,3,3,,3,,,,,16,1,,,1,,4,5,1,3,,1,2,11,,,,1,,,1,1,2,,,,0,,,,,,,,,,,,,,,1,,,,,,,,,,,,,,,,,,,,,,,,,,,,,
France_Ligue_1,2025-2026,Olympique de Marseille,8qezzr83ofw7htqufohg2fwlx,Emerson,Defender,33,37,16,21,27,228,6,8,313,6,52,11,154,64,90,557,395,14,27,,29,29,,,117,48,69,,34,38,101,2,1198,2,,,3,188,45,15,78,,502,41,6,2,22,4,5,15,31,8,6,24,1063,679,441,1065,15,29,3,112,2021,23,,48,16,17,281,1226,8,1089,44,26,137,1755,32,84,42,13,19,38,182,39,99,3,,,0,,,,2,3,1,6,5,13,7,,,,,,,,,2,,,,,,,,,,,,,,,,,,,,,,,,,
France_Ligue_1,2025-2026,Olympique de Marseille,f414ed8b0apdfxxa56mq04q1h,U. Garcia,Defender,6,4,3,1,4,23,,2,24,,,,17,10,7,29,19,1,4,,4,4,,,13,7,6,,,1,2,,80,,,,,10,1,1,1,,40,1,1,1,2,1,2,,,1,,,73,32,45,77,1,2,,13,211,2,,6,4,2,14,84,2,77,3,2,7,125,,1,1,2,,1,7,1,6,1,,,0,,,,,,,,,2,,,,,,,,,,,,,,,,,,,,,,,,,,,1,1,,,,,,,
France_Ligue_1,2025-2026,Olympique de Marseille,7nivkfkngr374fx5totgektm1,A. Gomes,Midfielder,8,14,9,5,14,134,2,,114,1,4,3,73,40,33,213,109,11,14,3,9,9,,1,59,31,28,1,4,18,158,,576,,,,,32,12,6,24,3,181,18,4,5,12,8,2,2,2,6,37,18,523,336,195,511,4,6,2,2,892,8,1,2,19,12,77,582,9,529,10,11,53,681,2,5,3,3,2,8,50,8,45,4,2,1,2,1,,,,,,,,,1,,,,,3,,,,1,,,,,,,,,,,,,,,,,,,2,,,1,1,,
France_Ligue_1,2025-2026,Olympique de Marseille,6u2ob6fv950r1qve8uejkq2uh,A. Gouiri,Forward,9,18,11,7,21,126,9,1,114,,28,11,126,78,48,318,63,4,21,7,21,21,,7,108,67,41,,3,27,75,4,344,3,,,2,54,15,6,39,7,104,30,10,16,14,11,7,11,13,17,39,7,281,230,88,298,4,7,6,1,1238,48,5,3,14,13,175,368,26,305,11,61,63,594,12,24,8,27,1,4,77,10,59,,4,3,1,7,1,,3,3,,1,,,6,,,,6,5,,,,1,,,,,,,,,,,,,,,,,,,,,,,,,
France_Ligue_1,2025-2026,Olympique de Marseille,6kicom9a3lzp49urle78bevl6,M. Greenwood,Forward,10,9,7,2,31,275,29,1,525,3,46,30,219,122,97,881,301,8,31,16,35,35,,13,210,115,95,,4,49,475,,1171,9,8,6,4,231,30,3,76,11,160,55,36,47,28,13,3,12,28,49,55,74,956,746,275,919,1,13,15,18,2379,76,9,2,22,32,445,1211,83,993,14,151,218,1739,22,78,50,50,4,39,256,40,179,4,9,7,6,10,3,5,6,6,,15,2,,12,,,1,4,4,,,,7,,,,,,,,,,,,,,,2,,,,3,,1,,,,
France_Ligue_1,2025-2026,Olympique de Marseille,bt2h27b7sfmsa5w6tnfp7lw4p,A. Harit,Midfielder,11,,,,,,,,,,,,,,,,,,,,,,,,,,,,,,,,,,,,,,,,,,,,,,,,,,,,,,,,,,,,,,,,,,,,,,,,,,,,,,,,,,,,,,,,,,,,,,,,,,,,,,,,,,,,,,,,,,,,,,,,,,,,,,,,,,,,
France_Ligue_1,2025-2026,Olympique de Marseille,4zxrdmwphkxvkvo6bt30uanrp,P. Højbjerg,Midfielder,23,49,19,30,31,246,10,6,560,7,,6,237,111,126,439,649,20,31,3,40,39,1,2,188,92,96,1,26,33,581,,2114,1,,,4,262,37,21,153,1,698,37,20,13,29,4,2,,,17,46,72,1905,1133,824,1885,12,25,7,10,2633,31,2,41,34,43,293,2174,33,1957,37,50,217,2553,,8,8,14,14,64,184,41,153,3,3,0,0,3,1,,2,4,,,3,,5,1,,,,4,,,,3,2,,,,,,,,,,,,,,,,,,1,,,,,,
France_Ligue_1,2025-2026,Olympique de Marseille,e0cy0gwf04lohf0xjef0af8fe,Igor Paixão,Forward,14,52,34,18,29,213,10,2,303,3,19,24,246,143,103,608,134,9,29,6,28,28,,4,194,109,85,,14,22,29,9,653,8,,,2,153,25,14,87,5,295,27,21,21,21,14,8,3,7,26,13,28,534,422,136,523,15,11,2,15,1909,73,4,22,20,34,293,671,42,551,26,96,120,1093,9,49,40,54,9,17,151,18,103,3,3,3,2,6,,1,3,5,,5,4,1,4,,,1,,5,,,,2,,,,,,,,,,,,,,,,,,,2,,,,,,
France_Ligue_1,2025-2026,Olympique de Marseille,9m3gd12xou3mobxdk3jbxjpqs,N. Kamissoko,Midfielder,71,1,,1,2,3,,1,4,,,,1,,1,2,3,,2,,1,1,,,,,,,,2,6,,15,,,,1,1,1,,3,,3,2,1,,,,2,,,,,,12,9,3,12,,,,1,13,,,,,,4,15,1,12,,1,3,21,,,,,,,,3,3,,,,0,,,,,,,,,,1,,,,,,,,,,,,,,,,,,,,,,,,,,,,,,,,,,
France_Ligue_1,2025-2026,Olympique de Marseille,58qeglyxdi7y8ttg8sddv8set,G. Kondogbia,Midfielder,19,16,7,9,10,73,1,5,96,,,,64,27,37,50,115,8,10,,6,6,,,48,20,28,,10,2,144,,426,,,,,46,10,8,51,,100,2,2,1,9,9,1,,,6,7,9,371,161,216,368,6,8,1,,593,6,,17,12,8,69,432,3,377,14,5,55,528,,1,1,,2,14,43,13,41,3,,,0,,,,,,,,,,,,,,,1,,1,1,,,,,,,,,,,,,,,,,,,,,,,,,,
France_Ligue_1,2025-2026,Olympique de Marseille,66jen2gao5xg7idfmhb0p9zpw,A. Lago,Forward,78,5,4,1,2,4,,,3,,,1,14,7,7,13,3,1,2,,3,3,,,9,3,6,,,1,3,,7,,,,,,,,1,,,1,,2,,,2,,1,,1,2,5,4,5,6,2,3,,1,48,1,,2,2,1,8,10,2,8,5,6,2,31,,,,,,,1,1,2,1,,,0,,,,,,,1,,1,,,,,,1,,,,,,,,,,,,,,,,,,,,,,,,,,,,,
France_Ligue_1,2025-2026,Olympique de Marseille,agmcwbzoertg4l8njpdai7kl,Pol Lirola,Defender,29,7,4,3,3,4,,,3,,,1,12,7,5,12,5,,3,,2,2,,,5,3,2,,1,1,3,,12,,,,,1,4,2,2,,,1,,,,,3,,,,,,10,7,3,10,,,,1,31,2,,,1,2,10,12,,10,,,2,28,,2,2,2,,,3,1,2,,,,0,,,,,,,,,2,,,,,,,,,,,,,,,,,,,,,,,,,,,,,,,,,,,
France_Ligue_1,2025-2026,Olympique de Marseille,xu7mykgl15kaib3olilmsez9,N. Maupay,Forward,7,,,,1,,,,,,,,,,,,,,1,,,,,,,,,,,,,,1,,,,,,,,,,1,,,,,,1,,,,,,1,,1,1,,,,,1,,,,,,,1,,1,,,,1,,,,,,,,,,,,,0,,,,,,,,,,,,,,,,,,,,,,,,,,,,,,,,,,,,,,,,,,,,
France_Ligue_1,2025-2026,Olympique de Marseille,br7zigajqee6fms35zhm1sb8p,F. Medina,Defender,32,18,8,10,16,103,,10,226,3,,3,81,42,39,124,370,15,16,,22,22,,,63,34,29,2,20,5,143,,970,,,,3,129,24,11,70,,384,6,3,1,15,3,1,,1,4,1,38,888,448,468,877,3,13,,44,1276,4,,42,24,9,127,1000,4,915,16,10,85,1222,,13,13,2,6,36,71,27,49,7,,,0,,,,1,1,1,1,5,7,2,1,2,,,1,,11,11,,,,,,,,,,,,,,,,,1,,,,,,,,,
France_Ligue_1,2025-2026,Olympique de Marseille,6ma3oewkllhcu66tbb6d8shzo,T. Mmadi,Midfielder,76,2,1,1,3,10,1,,12,,,1,10,7,3,19,4,2,3,,1,1,,,8,6,2,,2,1,2,,23,,,,1,5,2,,1,,7,1,1,,,,3,,,1,,,19,12,7,19,,1,,2,42,3,,1,2,,11,23,1,19,1,6,4,40,,2,2,2,,,6,,4,,,,0,,,,,,1,,,1,,,,,,,,,,,,,,,,,,,,,,,,,,,,,,,,,,,
France_Ligue_1,2025-2026,Olympique de Marseille,b3vvxolwxcukqk76hb4scvh79,A. Murillo,Defender,62,22,12,10,16,113,2,2,107,3,,11,112,57,55,246,144,11,16,2,13,12,1,2,90,45,45,,6,10,179,2,480,,,,3,68,20,8,43,,50,11,5,2,11,4,5,,5,8,11,10,412,227,196,408,7,14,3,67,988,18,1,19,22,16,135,486,7,418,21,31,68,730,,22,22,11,7,14,78,12,54,4,1,1,1,2,1,1,1,1,,5,3,8,3,,,1,,,,,,1,1,,,,,,,,,,,,,,,,,,,,,,,,
France_Ligue_1,2025-2026,Olympique de Marseille,b20jm17ij9neyskc6n4fkanmc,P. N'Zinga Pambani,Defender,0,,,,,,,,,,,,,,,,,,,,,,,,,,,,,,,,,,,,,,,,,,,,,,,,,,,,,,,,,,,,,,,,,,,,,,,,,,,,,,,,,,,,,,,,,,,,,,,,,,,,,,,,,,,,,,,,,,,,,,,,,,,,,,,,,,,,
France_Ligue_1,2025-2026,Olympique de Marseille,bsdr4bp6qt4qpy303u7l11250,B. Nadir,Midfielder,26,8,6,2,20,104,3,1,106,1,3,7,77,50,27,161,59,13,20,,5,4,1,,69,44,25,1,7,7,128,1,366,2,,,1,55,6,1,34,,80,11,3,1,5,5,15,,4,4,15,7,330,216,123,328,9,8,3,5,590,11,,5,24,4,67,371,4,335,17,19,36,471,1,6,5,2,,6,32,10,30,4,,,0,,,,2,4,,4,,,3,,,,,,,,,,,,,,,,,,,,,,,,1,,,1,,1,,,,,
France_Ligue_1,2025-2026,Olympique de Marseille,2zfl3uasstx4eknstbzcsg7is,T. Nnadi,Midfielder,6,6,3,3,7,33,1,,27,,,1,32,18,14,46,37,4,7,,3,3,,,26,15,11,,2,1,41,,131,,,,,15,4,2,11,,21,2,2,1,3,2,4,,1,2,4,2,115,77,40,114,4,2,,6,270,5,,2,9,3,37,132,3,116,6,7,16,186,,4,4,1,1,3,16,4,13,1,,,0,,,,1,1,,1,,1,1,,,,,,,,,,,,,,,,,,,,,,,,1,,,,,,,,,,
France_Ligue_1,2025-2026,Olympique de Marseille,2lt2tw1qypl9hmlz529bo0sus,E. Nwaneri,Midfielder,11,4,3,1,9,25,4,,63,,5,,39,29,10,93,30,1,9,2,5,5,,1,35,26,9,,4,4,51,,128,3,,,,30,6,5,13,,25,5,2,3,3,4,6,3,4,5,5,5,112,90,29,110,2,1,2,2,322,21,1,1,4,1,58,131,5,115,3,12,16,213,2,5,2,11,,,17,4,16,1,2,0,1,2,,2,1,1,,,,,1,,,,1,,,,,,,,,,,,,,,,,,,,,,,,1,,,,,,
France_Ligue_1,2025-2026,Olympique de Marseille,cm7l7qimy4iysm1khmpc7u961,M. O'Riley,Midfielder,17,8,6,2,15,119,1,3,68,2,4,4,63,40,23,171,113,7,15,1,9,9,,,55,34,21,,6,10,136,1,426,2,,,2,28,10,5,44,,76,12,3,3,6,4,9,,,2,25,12,374,222,170,380,11,7,,1,739,12,,10,15,1,84,444,6,392,18,25,52,543,1,7,6,5,7,13,54,5,39,2,0,1,0,1,,1,2,2,,,,1,5,,,,2,1,,,,,,,,,,,,,,,,,,,1,,,,1,,,,,,
France_Ligue_1,2025-2026,Olympique de Marseille,3s0nu5fetxm8toam4qa3j845w,R. Ouro Bang Na,Defender,77,,,,,,,,,,,,,,,,,,,,,,,,,,,,,,,,,,,,,,,,,,,,,,,,,,,,,,,,,,,,,,,,,,,,,,,,,,,,,,,,,,,,,,,,,,,,,,,,,,,,,,,,,,,,,,,,,,,,,,,,,,,,,,,,,,,,
France_Ligue_1,2025-2026,Olympique de Marseille,yq0cm7vwr0tkv7nvt9vo77bp,B. Pavard,Defender,28,69,26,43,26,91,3,12,284,7,,3,139,54,85,161,482,13,26,1,24,23,1,1,70,28,42,,25,9,540,4,1315,,,,4,145,13,9,65,,225,11,5,3,22,5,4,,2,,4,32,1198,556,667,1189,18,10,1,29,1927,2,1,74,21,15,147,1338,8,1221,28,19,117,1597,,13,13,2,17,38,87,43,79,5,1,0,0,,,,1,2,2,2,6,6,3,,,,,,,,,,1,,,,,,,,,,,,,,,1,,,,,,,,,
France_Ligue_1,2025-2026,Olympique de Marseille,2nddcty9qris2mmeldon0ogd1,A. Rabiot,Midfielder,25,1,1,,1,12,,,9,,,4,5,4,1,40,14,1,1,,1,1,,,4,3,1,,,4,7,,40,,,,,2,1,,2,,8,4,1,,1,,,,3,,1,,38,32,10,39,,,,,90,1,,1,2,1,9,41,1,39,,6,2,59,,6,6,1,,,8,,2,1,,,0,,1,,,,,3,,,,,,,,,,,,,,,,,,,,,,,,,,,,,,,,,,,,,
France_Ligue_1,2025-2026,Olympique de Marseille,2bmeynv0dhsc8sjfuaprkexre,J. Rowe,Forward,17,2,2,,1,3,1,,7,,1,2,7,5,2,34,6,,1,,,,,,5,3,2,1,1,,1,,24,,,,,4,4,2,,,14,,4,,1,1,,,,,,,19,17,2,19,,,,1,63,1,,,2,2,14,24,4,19,,4,5,46,1,4,3,1,,1,8,1,4,,,,0,,,,,,,,,,,,,,,1,,,,,,,,,,,,,,,,,,,,,,,,,,,,,
France_Ligue_1,2025-2026,Olympique de Marseille,1lgrnaje6y7un5dzzll84p91,G. Rulli,Goalkeeper,1,15,1,14,28,,,,91,8,,,28,3,25,1,434,,28,,33,33,,,13,2,11,,,1,225,,622,,,,5,50,3,1,247,,205,1,1,,28,,,,,1,,124,542,59,642,577,2,,,1,2520,,,25,1,13,168,864,1,701,2,1,163,1170,,,,,72,154,123,40,9,3,,,0,,,,,,1,,31,,,,19,,,,1,215,135,,,47,7,44,5,6,,8,72,49,22,,4,15,,,,,,,,,,,
France_Ligue_1,2025-2026,Olympique de Marseille,hr4looxajd9c1ysnhs88ncb8,Y. Sellami,Midfielder,45,,,,,,,,,,,,,,,,,,,,,,,,,,,,,,,,,,,,,,,,,,,,,,,,,,,,,,,,,,,,,,,,,,,,,,,,,,,,,,,,,,,,,,,,,,,,,,,,,,,,,,,,,,,,,,,,,,,,,,,,,,,,,,,,,,,,
France_Ligue_1,2025-2026,Olympique de Marseille,6oqlqwl4fqk1xtr2gypg3uaz8,H. Slimani,Defender,72,2,1,1,1,,,,2,,,,4,1,3,2,2,,1,,,,,,2,,2,,,,4,,7,,,,,2,1,1,1,,1,,,,,,1,,,,,1,7,2,5,6,1,1,,,2,,,2,,,,7,,7,2,1,,13,,,,,,,,,,,,,0,,,,,,,,,,,,,,,,,,,,,,,,,,,,,,,,,,,,,,,,,,,,
France_Ligue_1,2025-2026,Olympique de Marseille,e5xuwwa4qs6zxjd7y52tslih,Q. Timber,Midfielder,27,4,2,2,14,102,3,,149,1,2,5,132,63,69,256,145,6,14,,15,15,,,128,61,67,,8,8,112,1,474,3,,,1,74,23,13,44,,125,8,5,2,14,10,,,1,16,18,7,406,262,155,409,15,16,5,11,1103,35,,4,13,20,143,484,7,416,31,21,68,702,1,6,5,17,1,7,66,8,61,5,,,0,,,,,,,1,,1,,,,,,1,,,,,,,,,,,,,,,,,,,1,,,,,,,,,,
France_Ligue_1,2025-2026,Olympique de Marseille,ctq9si3nbc6n8cznhlcvtixd6,H. Traoré,Midfielder,20,16,7,9,13,64,2,2,107,,4,9,75,36,39,177,52,5,13,2,12,12,,2,59,29,30,,4,9,47,2,223,2,,,2,51,13,3,29,2,61,10,5,6,7,6,6,,5,10,13,4,185,128,63,182,3,6,1,14,619,20,2,3,8,11,101,224,11,186,9,31,38,371,4,28,24,11,2,4,57,9,34,1,1,1,1,2,,,1,1,,5,,2,1,,,,2,3,,,,,,,,,,,,,,,,,,,,,,,,,,,,,
France_Ligue_1,2025-2026,Olympique de Marseille,chq23u915xbwf80xli03uwzkk,J. Van Neck,Goalkeeper,40,,,,,,,,,,,,,,,,,,,,,,,,,,,,,,,,,,,,,,,,,,,,,,,,,,,,,,,,,,,,,,,,,,,,,,,,,,,,,,,,,,,,,,,,,,,,,,,,,,,,,,,,,,,,,,,,,,,,,,,,,,,,,,,,,,,,
France_Ligue_1,2025-2026,Olympique de Marseille,32avhormhc1dbawwzztesqac,R. Vaz,Forward,34,14,9,5,14,29,,,26,,,2,50,30,20,85,9,4,14,4,6,5,1,4,36,21,15,,2,4,12,3,68,,,,1,14,8,5,8,4,20,6,2,6,3,3,11,,,1,5,1,52,37,17,53,1,4,,,373,8,2,3,8,9,46,70,8,54,5,27,16,146,,4,4,2,,,17,3,16,2,4,0,0,4,1,,2,2,,,,,2,,,1,3,2,,,,,,,,,,,,,,,,,,,,,,,,,,,,,
France_Ligue_1,2025-2026,Olympique de Marseille,a7ip51ik4rkqcvgdsh64ln09g,A. Vermeeren,Midfielder,18,8,4,4,19,120,1,1,92,1,1,2,78,41,37,147,134,7,19,,13,13,,,70,37,33,,12,10,175,,562,1,,,2,32,22,11,58,,141,11,1,1,10,5,9,,,5,45,10,496,273,231,494,17,10,2,3,805,7,,9,14,1,90,570,2,504,27,6,66,691,,3,3,3,3,5,47,22,61,1,,,0,,,,,1,,,1,,1,,,,,1,,,,,,,,,,,,,,,,,,,,,1,1,,,,,,,
France_Ligue_1,2025-2026,Olympique de Marseille,ccok617lo0x93aa9w5k5grzl5,T. Vermot,Goalkeeper,92,,,,,,,,,,,,,,,,,,,,,,,,,,,,,,,,,,,,,,,,,,,,,,,,,,,,,,,,,,,,,,,,,,,,,,,,,,,,,,,,,,,,,,,,,,,,,,,,,,,,,,,,,,,,,,,,,,,,,,,,,,,,,,,,,,,,
France_Ligue_1,2025-2026,Olympique de Marseille,e5xxqwz0sdlwkkmp8bgs1k6w9,T. Weah,Forward,22,28,11,17,28,240,8,3,348,3,1,15,186,92,94,530,271,18,28,2,33,32,1,2,158,81,77,1,16,27,329,1,970,4,,,4,168,49,18,97,1,142,29,9,10,25,10,3,,13,14,10,31,831,519,337,812,14,33,4,105,2175,34,2,21,32,18,254,982,19,843,47,46,139,1421,,45,45,23,14,34,144,40,105,5,0,2,0,2,,,2,2,,13,6,12,7,,,,1,3,,,,,1,,,,,,,,,,,,,,,,,,,,,,,,
France_Ligue_1,2025-2026,Olympique de Marseille,4odeml6s5vm38m9u7tnh6n8id,J. de Lange,Goalkeeper,12,,,,5,,,,11,1,,,1,1,,,84,,5,,11,10,1,,1,1,,,,1,27,,108,,,,,5,,,31,,26,1,,,5,,,,,,,15,87,6,106,97,,,,,450,,,1,,,26,137,,112,,,25,166,,,,,14,23,17,8,2,,,,0,,,,,,,,7,,,,6,,,,,31,22,,,,,5,1,,,1,13,11,2,,,6,,,,,,,,,,,
France_Ligue_1,2025-2026,Olympique Lyonnais,yhfujfdzpt7tymqdmt7i0mzu,Abner Vinícius,Defender,16,35,22,13,25,135,7,4,206,9,12,15,140,81,59,410,373,6,25,3,21,17,4,2,105,59,46,,7,19,110,1,939,3,,,1,140,39,12,60,2,339,21,3,7,24,7,1,4,19,9,13,44,787,517,307,761,11,20,4,97,2064,24,1,39,22,6,257,957,10,805,31,62,152,1344,5,45,38,13,9,32,149,48,120,4,2,1,2,3,,1,2,2,,16,3,8,5,,1,,,2,,,,,,,,,,,,,,,,,,,2,,1,1,1,,,,,,
France_Ligue_1,2025-2026,Olympique Lyonnais,4hhwub45239nculr9sowalr10,Afonso Moreira,Forward,17,37,29,8,26,198,8,,284,6,41,26,260,144,116,581,95,8,26,4,19,16,3,4,223,115,108,1,12,24,31,4,511,7,,,1,174,43,19,80,4,195,31,16,13,17,5,9,16,30,23,14,12,417,335,119,412,11,20,3,13,1627,79,3,12,27,55,318,519,29,424,31,98,95,1004,22,79,56,45,2,16,160,14,79,3,3,1,3,4,,,5,7,,14,,,10,,,1,1,1,,,,1,,,,,,,,,,,,,,,,,,,,,,,,,
France_Ligue_1,2025-2026,Olympique Lyonnais,e2n3pp8jg0ombvpomovd42sr8,T. Barišić,Defender,41,,,,,,,,,,,,,,,,,,,,,,,,,,,,,,,,,,,,,,,,,,,,,,,,,,,,,,,,,,,,,,,,,,,,,,,,,,,,,,,,,,,,,,,,,,,,,,,,,,,,,,,,,,,,,,,,,,,,,,,,,,,,,,,,,,,,
France_Ligue_1,2025-2026,Olympique Lyonnais,6tvnsmtj9mma96e8famksevv9,Clinton Mata,Defender,22,70,31,39,31,101,1,27,439,11,,2,204,86,118,85,563,8,31,,36,29,7,,134,55,79,,29,2,717,,1699,,,,2,212,24,10,106,,405,2,4,,31,3,,,4,8,,61,1541,499,1126,1560,21,18,5,16,2746,11,,143,34,36,211,1786,4,1621,39,4,165,2205,,12,7,7,44,85,120,57,80,5,,,0,,,,,,1,2,11,,,1,2,,,,3,24,24,1,,,,,,,,,,,,,,,,1,,,,,,,,,
France_Ligue_1,2025-2026,Olympique Lyonnais,ctygavkrblcxra880nwej0bf9,R. Descamps,Goalkeeper,40,,,,5,,,,20,4,,,2,1,1,,77,,5,,3,3,,,2,1,1,,,,27,,104,,,,,8,1,,35,,31,,,,5,,,,,1,,16,83,4,96,84,,,,,450,,,3,,,37,135,,100,,,35,178,,,,,19,31,21,14,4,,,,0,,,,,,,,3,,,,3,,,,,28,15,,,3,,7,1,,,2,14,10,4,,,7,,1,,,,,,,,,
France_Ligue_1,2025-2026,Olympique Lyonnais,9782pj1w56h53n402h67pb5lg,L. Diarra,Goalkeeper,50,,,,,,,,,,,,,,,,,,,,,,,,,,,,,,,,,,,,,,,,,,,,,,,,,,,,,,,,,,,,,,,,,,,,,,,,,,,,,,,,,,,,,,,,,,,,,,,,,,,,,,,,,,,,,,,,,,,,,,,,,,,,,,,,,,,,
France_Ligue_1,2025-2026,Olympique Lyonnais,14qv8npo5alwnb5dud8x82ln8,Endrick,Forward,9,11,9,2,15,60,9,,150,,19,19,159,88,71,352,76,11,15,5,16,14,2,5,148,79,69,2,3,20,133,4,273,8,1,1,2,82,13,2,43,1,14,26,14,25,13,8,2,5,10,36,8,26,203,170,53,187,5,8,8,9,1151,59,5,4,18,20,213,283,39,213,13,81,70,596,11,35,20,36,1,13,94,11,57,3,1,4,0,4,1,4,5,7,,5,,1,9,,,1,2,9,,,,,,,,,,,,,,,,,,,,,,1,,1,,,,,
France_Ligue_1,2025-2026,Olympique Lyonnais,1nhmbwxx7yclmtvlgavt9o0lw,F. Fall,Midfielder,0,,,,,,,,,,,,,,,,,,,,,,,,,,,,,,,,,,,,,,,,,,,,,,,,,,,,,,,,,,,,,,,,,,,,,,,,,,,,,,,,,,,,,,,,,,,,,,,,,,,,,,,,,,,,,,,,,,,,,,,,,,,,,,,,,,,,
France_Ligue_1,2025-2026,Olympique Lyonnais,2igz499o21aihmkugktp3nyms,M. Fofana,Forward,11,4,4,,11,79,8,,105,,,13,72,33,39,193,34,5,11,2,7,7,,2,68,29,39,1,3,8,20,3,210,,,,,62,20,2,19,2,78,9,2,9,9,8,2,,8,7,2,4,168,130,47,165,6,5,2,5,732,17,2,2,11,21,95,211,11,169,11,48,42,359,,18,18,13,3,6,49,11,36,1,2,0,1,2,,,1,1,,8,,,3,,,,,4,,,,,,,,,,,,,,,,,,,,,,,,,,,,,
France_Ligue_1,2025-2026,Olympique Lyonnais,9mixpb7pw9wtwcxq9g6xa9yhh,R. Ghezzal,Forward,18,10,6,4,10,42,3,,32,,7,4,33,20,13,70,23,3,10,,5,5,,,23,14,9,1,1,1,38,1,102,,,,,8,2,1,6,,4,1,,1,2,2,8,1,3,1,6,1,83,49,41,86,2,5,1,1,219,4,,5,9,2,45,107,1,87,7,9,20,162,5,12,6,1,1,5,26,6,15,,,,0,,,,,,,1,,,,,,,1,1,,,,,,,,,,,,,,,,,,,,,,,,,,,,,
France_Ligue_1,2025-2026,Olympique Lyonnais,4sz26vstr6b7b110eri7f42jt,D. Greif,Goalkeeper,1,7,1,6,28,,,,142,11,,,14,1,13,,449,,28,,33,26,7,,7,,7,,,,286,,709,,,,2,68,1,1,193,,158,1,,,28,,,,,,,129,577,63,638,572,1,1,,,2520,,,35,,5,197,893,,701,2,,192,1147,,,,,117,189,139,53,3,1,,,0,,,,,1,,,40,,,,20,,,,1,188,117,,,17,,34,,5,3,12,79,56,22,3,,22,,,,,,,,,,,
France_Ligue_1,2025-2026,Olympique Lyonnais,aswtzb4p3ee0w2qkplnjxfod0,A. Hamdani,Forward,84,1,1,,4,1,1,1,11,,,,5,3,2,22,1,,4,,,,,,4,2,2,,,,3,,13,,,,,2,1,,,,8,,1,,,,4,,,1,,3,11,10,1,8,1,,,,24,1,,,1,,9,13,1,11,1,3,2,27,,5,5,1,,,7,,2,,,,0,,,,,,,,,,,,,,,,,,,,,,,,,,,,,,,,,,,,,,,,,,,,
France_Ligue_1,2025-2026,Olympique Lyonnais,1oflzbi4gq8wdjlmpa865jj6d,H. Hateboer,Defender,33,15,7,8,15,67,1,2,57,1,1,2,48,25,23,122,110,5,15,,9,6,3,,33,18,15,,8,1,125,1,337,,,,1,31,11,4,20,,42,1,4,1,8,4,7,,4,,4,10,292,157,146,289,3,9,,45,718,2,,22,10,3,87,344,5,299,12,9,45,499,,16,16,1,11,16,44,17,29,,,,0,,,,,,1,4,,11,,,,,,1,,,,,,,,,,,,,,,,,,,,,1,1,,,,,,,
France_Ligue_1,2025-2026,Olympique Lyonnais,atpvj8pkmlqq7b6fp4qo5hqms,R. Himbert,Forward,45,8,5,3,6,6,3,,12,,,,30,16,14,34,8,1,6,1,4,4,,1,22,11,11,,,,3,,22,1,,,1,7,4,1,5,,6,,6,1,1,1,5,,,4,1,,13,11,3,14,1,2,,,129,9,,,2,4,26,23,7,14,3,9,9,64,,3,3,4,,,9,3,9,,0,1,0,1,,1,,,,,,,,,,,,2,,,,,,,,,,,,,,,,,,,,,,,,,,,,,
France_Ligue_1,2025-2026,Olympique Lyonnais,2qwodplzwxgjmyzso63gqpyqc,N. Kamara,Defender,85,,,,2,,,,1,,,,,,,1,1,,2,,1,,1,,,,,,,,2,,4,,,,,,,,,,1,,,,,,2,,,,,1,4,1,3,3,,,,,6,,,1,,,,4,,4,,,,5,,,,,,,,,,,,,0,,,,,,,,1,,,,,,,,,,,,,,,,,,,,,,,,,,,,,,,,,,,,
France_Ligue_1,2025-2026,Olympique Lyonnais,9h8360hvhlnf1vs3grz3vg1ec,S. Kango,Defender,34,4,4,,4,11,,1,17,,,1,10,6,4,28,18,,4,,,,,,6,2,4,,,,22,,54,1,,,,13,2,,5,,4,,,,1,1,3,,,1,,1,50,31,20,50,1,1,,4,77,1,,2,1,1,16,55,,51,2,2,4,80,,7,7,1,2,3,11,,1,,,,0,,,,,,,,,2,,,,,,,,,,,,,,,,,,,,,,,,,,,,,,,,,,,
France_Ligue_1,2025-2026,Olympique Lyonnais,8m5qqvo8ubfywp7esr9agf5nu,A. Karabec,Midfielder,7,14,7,7,21,98,3,1,91,,31,11,86,43,43,264,72,5,21,1,8,7,1,1,72,36,36,,1,21,81,3,267,2,,,,48,15,5,19,,24,21,1,5,11,11,10,10,19,11,14,6,214,164,77,216,1,3,2,4,923,16,1,2,14,21,155,275,6,222,4,29,53,467,19,61,30,9,4,11,106,8,42,3,1,0,0,,,1,,,,6,1,1,2,,,,2,1,,,,,,,,,,,,,,,,,,,1,,,,,,,,,,
France_Ligue_1,2025-2026,Olympique Lyonnais,9wo8twcbs1jnqzdy0c6y8adey,R. Kluivert,Defender,21,29,11,18,15,32,,4,68,1,,1,66,27,39,35,132,4,15,1,16,13,3,1,37,16,21,,9,,84,,369,,,,1,40,12,7,40,,143,2,,1,8,2,7,,,3,1,8,308,79,251,322,5,10,1,29,723,2,1,46,10,3,74,391,1,330,15,13,61,532,,1,1,1,8,15,35,27,46,4,0,1,0,,,1,2,2,,,1,4,2,,,,,,,7,7,,,,,,,,,,,,,,,,,,,,,,,,,,
France_Ligue_1,2025-2026,Olympique Lyonnais,dhhvdyi1dmhpxc7zsl5gy27tg,Y. Konan,Goalkeeper,62,,,,,,,,,,,,,,,,,,,,,,,,,,,,,,,,,,,,,,,,,,,,,,,,,,,,,,,,,,,,,,,,,,,,,,,,,,,,,,,,,,,,,,,,,,,,,,,,,,,,,,,,,,,,,,,,,,,,,,,,,,,,,,,,,,,,
France_Ligue_1,2025-2026,Olympique Lyonnais,al6dgtinz0ki8uj8wrvc7fg2c,S. Kumbedi,Defender,20,1,,1,1,,,,5,,,,11,7,4,7,7,2,1,,,,,,10,7,3,,1,,6,,13,1,,,,4,,,,,,,1,,1,1,,,,,,,7,3,4,7,1,,,2,66,2,,2,4,2,11,13,1,7,1,1,6,28,,1,1,1,,1,3,4,5,1,,,0,,,,,,,,,1,,,,,,,,,,,,,,,,,,,,,,,,,,,,,,,,,,,
France_Ligue_1,2025-2026,Olympique Lyonnais,dzsd79k6345s9105mb2r4fqol,A. Maitland-Niles,Midfielder,98,38,20,18,29,197,1,4,214,9,,11,204,103,101,398,372,14,29,1,32,25,7,,166,83,83,2,33,17,466,1,1068,6,1,,1,133,39,18,102,1,58,21,6,7,27,4,2,,6,14,9,44,904,414,521,885,27,30,3,150,2440,34,,72,36,12,284,1093,13,929,57,39,164,1658,,37,37,17,25,50,144,57,114,5,1,0,0,1,,,3,4,1,6,9,14,5,1,1,,,3,1,,,,,,,,,,,,,,,,,,,,,1,1,1,,,,,
France_Ligue_1,2025-2026,Olympique Lyonnais,95uxoznu15m2xywirv43rcmol,O. Mangala,Midfielder,5,5,3,2,8,38,1,2,40,,1,,32,16,16,52,52,1,8,,3,3,,,27,13,14,,6,4,53,,191,,,,1,18,5,1,17,,55,4,2,1,4,4,4,,,5,4,5,172,110,69,174,1,4,,,345,4,,5,6,4,32,198,3,179,5,9,19,254,,3,3,3,1,3,16,6,16,,,,0,,,,,,,,1,,,,,,,,,,,,,,,,,,,,,,,,,,,,,,,,,,,,
France_Ligue_1,2025-2026,Olympique Lyonnais,a0et3p3yqtebdkyxql6fxnkt0,Mathys de Carvalho,Midfielder,39,10,6,4,11,33,1,1,62,,,1,32,14,18,46,44,1,11,,4,2,2,,22,8,14,,5,1,54,,187,,,,,41,9,8,14,,61,1,4,2,3,2,8,,,1,7,12,175,81,99,168,3,5,,,290,4,,8,2,5,25,192,6,180,8,6,12,252,,2,2,,3,3,9,5,9,1,,,0,,,,,,,,1,,,,,,,,,1,1,,,,,,,,,,,,,,,,,,,,,,,,,,
France_Ligue_1,2025-2026,Olympique Lyonnais,7upfhqfdm231ux49xr77ynhg4,Matthias da Silva,Goalkeeper,35,,,,,,,,,,,,,,,,,,,,,,,,,,,,,,,,,,,,,,,,,,,,,,,,,,,,,,,,,,,,,,,,,,,,,,,,,,,,,,,,,,,,,,,,,,,,,,,,,,,,,,,,,,,,,,,,,,,,,,,,,,,,,,,,,,,,
France_Ligue_1,2025-2026,Olympique Lyonnais,anwhtx4ov0mjts9qisb1zwx04,P. Mbatshi Mukuba,Defender,67,,,,,,,,,,,,,,,,,,,,,,,,,,,,,,,,,,,,,,,,,,,,,,,,,,,,,,,,,,,,,,,,,,,,,,,,,,,,,,,,,,,,,,,,,,,,,,,,,,,,,,,,,,,,,,,,,,,,,,,,,,,,,,,,,,,,
France_Ligue_1,2025-2026,Olympique Lyonnais,aqht6kkszdz780zccbazy99g4,K. Merah,Midfielder,44,15,11,4,22,156,,,152,,1,5,118,57,61,226,80,7,22,,11,10,1,,103,46,57,,7,11,119,,480,,,,,77,29,7,50,,139,12,3,3,15,15,7,,1,10,31,10,408,244,179,412,7,20,,,1139,19,,3,11,20,130,494,6,422,27,36,72,657,,12,10,5,3,10,61,23,62,2,,,0,,,,1,1,,1,,,3,,,,2,4,,,,,,,,,,,,,,,,,,,,,,,,,,,,,
France_Ligue_1,2025-2026,Olympique Lyonnais,8bvn7mn5tjfj3l2bnpvm75gmi,G. Mikautadze,Forward,69,2,2,,2,8,2,,17,1,,4,14,8,6,25,6,,2,1,,,,1,12,6,6,,1,,12,1,32,,,,,11,,,7,1,6,,4,4,2,1,,,,5,1,1,27,17,10,26,,,,,179,5,1,,,1,13,32,8,27,,10,5,60,,,,2,,,4,1,5,,0,1,1,1,,,,,,,,,,,,,,,,,,,,,,,,,,,,,,,,,,,,,,,,,,,
France_Ligue_1,2025-2026,Olympique Lyonnais,9tgwyvago2lpzjd273u30setw,E. Molébé,Forward,29,1,1,,1,3,,,2,,,,1,1,,2,1,,1,,,,,,,,,,,,1,,5,,,,,1,,,,,,,,,,,1,,,,,,3,1,2,3,,,,,9,,,,,,2,5,,3,,,2,5,,,,,,,2,,2,,,,0,,,,,,,,,,,,,,,,,,,,,,,,,,,,,,,,,,,,,,,,,,,,
France_Ligue_1,2025-2026,Olympique Lyonnais,j0b21u0klyu8taaxmooycdpm,T. Morton,Midfielder,23,40,23,17,29,229,14,13,415,10,52,13,180,82,98,448,385,14,29,2,30,24,6,1,140,59,81,2,22,26,473,,1452,,,,1,201,35,11,128,1,429,28,6,8,29,6,,11,18,14,40,101,1275,715,634,1230,16,32,9,7,2524,20,1,42,29,19,310,1516,14,1331,48,25,185,1921,37,65,13,7,14,53,205,45,132,6,0,2,2,2,2,,1,2,1,4,6,,3,,,,1,1,1,1,1,7,1,,,,,,,,,,,,,,1,,1,1,1,,,,,,
France_Ligue_1,2025-2026,Olympique Lyonnais,2xp7fbcl6a4nua9jpm7b4k1sk,N. Nartey,Midfielder,99,8,7,1,11,55,2,,80,3,2,2,73,40,33,107,47,1,11,2,7,5,2,2,65,33,32,2,2,3,71,1,227,1,,,2,36,12,3,33,1,55,3,1,2,5,1,6,,,14,8,6,198,119,80,193,4,7,,,540,20,2,3,6,7,74,228,3,199,11,11,29,328,2,5,2,9,1,2,30,4,27,,2,0,1,2,,1,,,,,,,,,,,,,,,,,,,,,,,,,,,,,,,,,,,,,,,,,
France_Ligue_1,2025-2026,Olympique Lyonnais,9rf5uk6c2wce30b9wkmu3iuad,M. Niakhaté,Defender,19,131,40,91,31,76,2,21,499,15,,1,247,84,163,78,754,8,31,,30,24,6,,116,44,72,2,29,12,458,,1875,,,,2,276,33,19,131,,735,14,2,,29,,2,,2,5,5,82,1678,653,1170,1739,14,22,10,15,2668,4,,178,37,32,238,2023,2,1821,36,21,202,2437,,4,4,2,46,100,144,62,102,3,,,0,,,,1,2,1,2,11,8,3,,1,,,,3,61,62,,,,,1,,,,,,,,,,,,,,,,,,,,,
France_Ligue_1,2025-2026,Olympique Lyonnais,dom2gtnelp3yqgtnchnli0ftg,E. Nuamah,Forward,37,,,,2,1,1,,7,,,,5,4,1,12,,,2,,,,,,5,4,1,,,,4,,6,,,,,4,,,2,,1,,,,,,2,,1,,,,5,5,1,5,1,,,,13,3,,,,,6,6,,5,1,4,1,16,,,,2,,,1,,1,,,,0,,,,,,,1,,,,,,,,,,,,,,,,,,,,,,,,,,,,,,,,,,,,,
France_Ligue_1,2025-2026,Olympique Lyonnais,baco6bgi0j62n647ics2qr8k4,A. Rodríguez,Forward,32,,,,,,,,,,,,,,,,,,,,,,,,,,,,,,,,,,,,,,,,,,,,,,,,,,,,,,,,,,,,,,,,,,,,,,,,,,,,,,,,,,,,,,,,,,,,,,,,,,,,,,,,,,,,,,,,,,,,,,,,,,,,,,,,,,,,
France_Ligue_1,2025-2026,Olympique Lyonnais,c68syh6axbkqmcmvrpumqb8mi,M. Satriano,Forward,20,35,22,13,11,51,3,,47,1,,7,84,49,35,125,27,2,11,2,6,6,,2,49,27,22,1,6,8,44,3,144,,,,,24,7,3,17,2,35,9,6,7,8,4,3,,2,5,17,4,118,80,53,127,2,3,,2,694,16,1,3,11,13,59,157,13,131,5,34,26,258,,3,3,10,1,2,25,4,24,1,2,0,0,2,2,,1,1,,2,,,2,,,,,3,,,,,,,,,,,,,,,,,,,,,,,,,,,,,
France_Ligue_1,2025-2026,Olympique Lyonnais,58vrddf0ws30ev8rrkjpkkrxm,P. Šulc,Midfielder,10,58,43,15,26,107,12,,107,2,,7,183,115,68,269,98,10,26,11,18,14,4,10,125,72,53,1,7,16,86,6,342,5,,,1,62,25,16,39,7,57,19,13,17,16,10,10,,3,15,29,6,253,160,102,253,12,12,3,2,1478,28,7,11,28,14,186,348,30,259,24,88,89,601,,11,11,15,3,8,80,20,81,2,4,7,4,7,,1,2,3,,3,2,,5,,,,8,5,,,,,3,,,,,,,,,,,,,,,,,,1,,,,,,
France_Ligue_1,2025-2026,Olympique Lyonnais,40hu79d2a4k94nc52z7dblpsl,N. Tagliafico,Defender,3,49,27,22,20,96,4,5,143,4,1,4,164,77,87,191,206,17,20,,15,10,5,,115,50,65,1,20,10,40,2,658,2,,,1,74,26,8,58,,332,13,10,1,14,4,6,,5,3,4,14,560,275,306,562,15,14,,89,1310,11,,35,36,33,148,674,11,576,29,24,98,1005,,14,14,4,11,23,72,40,75,4,,,0,,2,,2,3,,5,1,6,3,,,,,3,,,,,,,,,,,,,,,,,,,,,1,2,,1,,,,,
France_Ligue_1,2025-2026,Olympique Lyonnais,cv6hc8tikw5u6l56j02rfqaga,T. Tessmann,Midfielder,6,45,20,25,29,179,4,13,283,10,,11,159,77,82,248,272,6,29,1,21,15,6,1,114,57,57,1,14,13,384,3,1055,2,,,,136,30,16,118,,256,13,14,8,22,8,7,,3,9,29,50,903,432,509,888,7,22,3,13,1951,24,1,54,21,19,221,1091,22,938,29,43,153,1398,,13,13,9,9,43,116,50,110,2,1,0,1,,1,1,,,,3,3,,3,,,,,3,1,8,9,,,,,1,,,,,,,,,,,,,,,,,,,,,
France_Ligue_1,2025-2026,Olympique Lyonnais,2jh8xde5h7rmtknxxxjnn8mc4,Tiago Gonçalves,Midfielder,46,,,,,,,,,,,,,,,,,,,,,,,,,,,,,,,,,,,,,,,,,,,,,,,,,,,,,,,,,,,,,,,,,,,,,,,,,,,,,,,,,,,,,,,,,,,,,,,,,,,,,,,,,,,,,,,,,,,,,,,,,,,,,,,,,,,,
France_Ligue_1,2025-2026,Olympique Lyonnais,d68byfvk16giaur32gqwpwded,C. Tolisso,Midfielder,8,98,46,52,29,271,11,10,299,7,12,18,289,148,141,477,306,18,29,11,27,23,4,11,191,102,89,2,17,29,234,3,1208,1,3,2,1,114,52,22,105,5,446,33,12,26,25,9,4,3,11,4,74,85,1011,600,470,974,15,17,8,18,2216,34,9,35,41,54,315,1257,38,1059,32,91,198,1671,6,37,30,10,12,31,182,53,167,5,6,5,1,8,1,3,4,4,1,8,1,1,9,1,1,1,4,7,,,,,3,,,,,,,,,,,,,,1,,,,,,,,,,
France_Ligue_1,2025-2026,Olympique Lyonnais,32eyq4xvy8s1ng11jnavvh32t,R. Yaremchuk,Forward,77,18,6,12,10,33,4,,23,,,3,49,29,20,72,18,3,10,4,8,7,1,4,31,23,8,,,5,23,5,95,,,,1,15,1,1,13,2,25,6,5,6,5,5,5,,1,2,8,1,71,44,32,74,1,3,,,516,15,4,1,7,3,50,99,11,75,4,34,24,161,,,,8,,2,19,5,22,1,4,0,2,4,,,1,1,,1,,,2,,,,2,3,,,,,2,,,,,,,,,,,,,,,,,,,,,,,,
France_Ligue_1,2025-2026,Paris FC,5avri1fd707aperborwd50rv8,M. Dao,Forward,37,,,,1,1,,,2,,,,,,,1,,,1,,,,,,,,,,,,,,2,,,,,1,,,,,1,,,,,,1,,,,,,2,,2,2,,,,,1,,,,,,1,2,,2,,,,3,,1,1,,,,1,,,,,,0,,,,,,,,,,,,,,,,,,,,,,,,,,,,,,,,,,,,,,,,,,,,
France_Ligue_1,2025-2026,Paris FC,fe4b3ric67hz0hhih3tjf2eh,M. Cafaro,Midfielder,13,1,,1,10,20,1,,16,,4,,9,4,5,53,6,,10,,3,3,,,8,4,4,,,3,5,2,51,,,,,10,5,3,4,,22,3,5,1,1,1,9,1,2,1,2,1,41,33,12,42,,,,2,146,2,,1,2,4,19,53,6,43,,10,10,85,2,5,3,1,1,1,12,3,9,,,,0,,,,,,,1,,,,,,,1,,,,,1,,,,,,,,,,,,,,,,,,,,,,,,,
France_Ligue_1,2025-2026,Paris FC,7l1uizt2vz2a70aarov383xm1,A. Camara,Midfielder,17,58,34,24,28,180,4,12,195,3,,6,202,98,104,222,235,17,28,1,33,33,,1,144,64,80,,36,15,232,,867,,,,7,64,34,21,78,1,230,14,9,4,25,17,3,,5,9,49,36,742,361,396,716,25,28,1,36,2081,25,1,60,26,18,201,877,13,752,53,31,125,1270,,8,8,10,20,32,81,52,93,8,1,0,0,,,,,,,5,7,4,4,,,,2,1,1,,,,,,,,,,,,,,,,,,,,,,,,,,,,
France_Ligue_1,2025-2026,Paris FC,6ivohe6bn57t1z3ptqxlhs2jt,S. Chergui,Defender,31,39,19,20,14,72,6,5,62,1,,2,81,36,45,103,156,3,14,1,22,19,3,1,42,17,25,,7,2,223,1,518,,,,2,34,15,9,39,1,73,2,2,4,12,2,2,,2,3,1,11,464,153,319,459,9,9,,40,1065,4,1,30,13,4,79,524,6,470,18,26,54,704,,4,4,2,7,13,37,21,41,1,1,0,0,,1,,,,,2,3,4,,1,,,,1,,1,1,,,,,,,,,,,,,,,,,,,,,,,,,,
France_Ligue_1,2025-2026,Paris FC,8o8o4rxbdhv002pj0q21l0f84,D. Coppola,Defender,42,50,24,26,12,38,,10,115,3,,1,79,39,40,23,236,5,12,,15,15,,,29,15,14,,6,2,163,,556,1,,,3,45,15,10,38,,137,4,2,2,12,,,,,1,1,34,474,167,324,457,6,6,,1,1080,1,,103,6,3,88,574,4,491,12,8,83,751,,,,,22,49,49,34,34,1,,,0,,,,2,2,,,7,,2,,,,,,1,1,1,,,,,,,,,,,,,,,,,1,,,,,,,,,
France_Ligue_1,2025-2026,Paris FC,e1gq9zfwrm446r2tzmeiw6jmx,T. De Smet,Defender,28,18,6,12,17,118,1,2,115,2,,6,89,38,51,146,189,4,17,,22,20,2,,71,32,39,,8,4,20,1,533,1,,,3,65,16,5,46,,224,5,3,,13,6,4,,4,3,2,17,448,204,266,449,12,11,,90,1147,7,,52,11,13,129,551,3,466,23,10,85,820,,22,22,3,18,33,65,42,52,3,,,0,,1,,1,1,,4,5,5,1,,,,,,,,,,,,,,,,,,,,,,,,,,,2,,2,,,,,
France_Ligue_1,2025-2026,Paris FC,dm4u3h6tscetb22aye7h08iqd,N. Dicko,Forward,12,8,5,3,8,4,,,2,,,,16,9,7,17,3,,8,1,2,2,,1,8,4,4,,,,4,2,12,,,,,2,1,,1,,2,1,2,2,,,8,,,,1,1,9,7,3,9,1,,1,,66,1,1,,4,3,7,13,4,10,1,4,3,28,,2,2,,1,1,4,1,2,,1,0,0,1,,,,1,,,,,1,,,,,,,,,,1,,,,,,,,,,,,,,,,,,,,,,,,
France_Ligue_1,2025-2026,Paris FC,1otm8rmlwrddxqeqelo6vhtec,L. Doucet,Midfielder,8,1,1,,5,14,,1,10,,,,13,9,4,18,8,1,5,1,5,4,1,1,12,8,4,,,3,12,,56,,,,1,6,,,5,1,22,3,1,1,1,1,4,,,2,6,5,51,25,26,46,1,,,,119,3,1,3,4,1,10,56,2,51,1,2,5,72,,,,1,,1,2,3,4,2,0,1,0,1,,,,,,,,,,,,,1,,,,,,,,,,,,,,,,,,,,,,,,,,,,,,
France_Ligue_1,2025-2026,Paris FC,ckt75xb064etqh7aep6k5pfqh,W. Geubbels,Forward,9,70,40,30,23,82,4,3,56,,,8,114,77,37,147,35,5,23,5,16,16,,5,44,37,7,3,6,6,43,8,173,,1,1,2,29,15,6,24,5,37,6,17,8,11,11,12,,,1,13,2,111,78,57,133,1,2,1,,944,18,4,13,18,3,113,197,25,135,3,49,62,334,,7,7,6,,,52,17,62,,1,4,0,4,2,,,,,,,,,,,,2,8,,,,,,,,,,,,,,,,,,,,,,,,,,,,,
France_Ligue_1,2025-2026,Paris FC,df5no35i3gkh7mfv2x4j96eol,A. Gory,Forward,7,19,11,8,23,67,5,1,80,1,,4,96,49,47,154,53,4,23,3,20,19,1,3,77,38,39,2,8,3,60,8,213,,,,4,41,20,11,39,2,35,4,8,3,9,8,14,,2,4,9,6,175,106,73,171,7,12,2,17,954,20,3,14,11,16,97,215,11,177,19,39,38,405,,8,8,9,3,7,35,11,31,2,2,1,1,3,,1,1,1,1,2,1,,1,,,1,1,2,,,,,,,,,,,,,,,,,,,1,,,,,,,,,,
France_Ligue_1,2025-2026,Paris FC,ciev75oem5bhvy2ypn3elvjoq,L. Gueye,Forward,26,,,,,,,,,,,,,,,,,,,,,,,,,,,,,,,,,,,,,,,,,,,,,,,,,,,,,,,,,,,,,,,,,,,,,,,,,,,,,,,,,,,,,,,,,,,,,,,,,,,,,,,,,,,,,,,,,,,,,,,,,,,,,,,,,,,,
France_Ligue_1,2025-2026,Paris FC,3q4xhyf92kywoizwegaidn9hx,P. Hamel,Forward,29,5,3,2,2,3,,1,,,,,8,6,2,6,2,2,2,,2,2,,,3,3,,,1,,1,,7,,,,,,,,2,,3,,,,1,1,1,,,,,,4,3,3,6,,,,,78,,,,2,,3,9,,6,,2,3,12,,,,,,,3,,3,,,,0,,,,,,,,,,,,,,1,,,,,,,,,,,,,,,,,,,,,,,,,,,,,,
France_Ligue_1,2025-2026,Paris FC,b5cqy1xamdj38bh87gvz4iac5,J. Ikoné,Forward,93,15,10,5,22,127,9,1,156,,1,12,116,61,55,216,68,2,22,3,10,10,,3,101,51,50,2,4,11,150,2,364,1,,,1,64,20,5,46,1,26,12,8,6,12,11,10,,1,17,15,7,306,178,136,306,4,12,3,3,1035,29,3,7,12,17,115,371,14,313,16,45,58,546,,5,5,13,1,3,42,21,55,2,3,0,0,2,,1,1,1,,1,,,5,,,,3,4,,,,,1,,,,,,,,,,,,,,,,,,,,,,,,
France_Ligue_1,2025-2026,Paris FC,5o80hrbyw554cetm1rbbns0k5,C. Immobile,Forward,36,27,18,9,12,42,3,2,47,,,7,54,36,18,107,36,1,12,2,10,10,,2,27,18,9,1,1,7,37,8,145,,,,3,20,13,4,21,2,41,9,7,5,9,9,3,,,3,9,3,99,69,39,105,,,3,1,711,9,1,6,8,6,89,156,12,108,,34,48,250,,3,3,2,2,5,40,11,43,2,2,0,1,1,1,,2,2,,,,,5,,,,2,2,,,,,,,,,,,,,,,,,,,,,,,,,,,,,
France_Ligue_1,2025-2026,Paris FC,5x18rt9vahpunydc7ly9z3umt,J. Lopez,Forward,20,,,,5,3,,,5,,,,3,3,,10,5,,5,,1,1,,,3,3,,,1,,3,,15,,,,,3,,,2,,4,,,,,,5,,,,,,13,11,2,13,,,,,41,3,,,,,6,15,,13,,1,2,21,,1,1,2,,,3,,2,,,,0,,,,,,,,,,,,,,,,,,,,,,,,,,,,,,,,,,,,,,,,,,,,
France_Ligue_1,2025-2026,Paris FC,5l02insq2xjtf3dhna970modl,I. Kebbal,Midfielder,10,15,13,2,28,307,9,,496,1,60,20,255,129,126,717,363,4,28,9,38,35,3,7,240,116,124,1,8,54,554,3,1365,4,4,3,6,249,43,11,129,2,191,58,21,19,26,12,2,9,21,32,32,79,1172,769,472,1141,15,17,14,17,2206,84,5,7,15,61,420,1415,40,1220,32,86,195,1927,32,88,46,39,1,30,241,42,165,7,6,3,1,5,1,7,4,4,,10,2,,7,,,1,3,4,1,,,,,,,,,,,,,,,,,,,,,,2,,1,,,,
France_Ligue_1,2025-2026,Paris FC,4ho3e7wi6z5tq8g87l8tjtwtm,L. Koleosho,Forward,24,11,9,2,15,36,2,1,101,,3,7,83,48,35,142,64,4,15,3,9,9,,2,72,39,33,,4,7,14,1,181,,,,2,66,16,4,35,3,68,7,4,10,3,2,12,,2,7,4,5,136,93,46,132,9,13,3,1,521,26,2,6,10,4,96,182,14,137,22,20,45,319,2,13,11,16,,3,50,8,42,,2,1,1,3,2,,,,,1,1,,1,,,,,3,,,,1,,,,,,,,,,,,,,,2,,,,1,,,,,,
France_Ligue_1,2025-2026,Paris FC,dpybx98sqm09bqcsuah1zj7px,T. Kolodziejczak,Defender,15,26,16,10,11,30,,3,121,2,,,45,24,21,12,181,3,11,,14,14,,,19,8,11,1,8,2,115,,483,,,,4,59,5,1,30,,170,2,,1,7,1,4,,,1,1,18,435,115,333,430,4,5,,,660,,,37,8,1,49,496,1,448,9,4,48,574,,,,,11,22,34,14,26,2,,,0,,,,,,1,,1,,,,,,,,,5,5,,,,,,,,,,,,,,,,,,,,,,,,,,
France_Ligue_1,2025-2026,Paris FC,28c3df5gqd8wvi47px3zdxces,Y. Koré,Defender,25,,,,,,,,,,,,,,,,,,,,,,,,,,,,,,,,,,,,,,,,,,,,,,,,,,,,,,,,,,,,,,,,,,,,,,,,,,,,,,,,,,,,,,,,,,,,,,,,,,,,,,,,,,,,,,,,,,,,,,,,,,,,,,,,,,,,
France_Ligue_1,2025-2026,Paris FC,16y1xq863thdd4bxyoe7u2221,J. Krasso,Forward,11,85,53,32,25,76,3,1,74,,,7,203,125,78,216,64,11,25,2,17,14,3,2,118,72,46,,1,21,58,11,232,2,1,1,3,37,17,12,23,,58,23,14,10,12,11,13,,1,18,25,8,159,113,71,175,5,8,4,,1090,43,2,7,20,19,176,256,24,183,13,67,73,499,,3,3,30,,5,66,10,68,,1,1,0,1,2,2,2,2,,1,1,,4,,,,4,6,,,,,,,,,,,,,,,,,,,1,,,,,,,,,,
France_Ligue_1,2025-2026,Paris FC,dl4e5ojyhccj6w0vgksfzvmxh,P. Lees-Melou,Midfielder,33,21,10,11,23,121,11,8,199,4,,8,211,98,113,248,303,22,23,1,30,28,2,1,190,88,102,2,23,14,256,,935,1,,,3,71,38,20,121,1,290,16,13,6,21,5,2,,4,10,32,75,782,421,382,724,25,38,4,2,1876,23,,36,29,29,231,970,19,799,63,33,171,1305,,12,12,13,45,75,121,62,96,5,0,1,0,1,,,1,2,2,4,2,,3,,,,2,1,1,1,1,1,,,,,,,,,,,,,,,,,,1,,1,,,,,
France_Ligue_1,2025-2026,Paris FC,d3d1qks236pztzcqp3wdcc0l,V. Marchetti,Midfielder,4,22,10,12,22,85,8,2,94,,,2,84,42,42,101,103,9,22,2,19,16,3,1,62,32,30,,4,3,102,1,390,,,,3,45,9,6,32,2,103,4,9,7,9,8,13,,1,10,17,11,341,146,199,333,2,14,2,1,805,13,1,22,12,4,80,393,16,344,16,15,49,529,,,,2,7,17,41,8,32,1,1,1,1,2,1,,1,1,1,1,,,1,,,,,1,,,,,,,,,,,,,,,,,,,,,,,1,,,,,,
France_Ligue_1,2025-2026,Paris FC,16x1h9hpemidk9a15q01kfj10,R. Matondo,Midfielder,23,24,16,8,26,96,6,3,121,1,3,3,138,72,66,123,119,17,26,2,16,14,2,2,114,56,58,2,11,5,145,1,476,2,,,2,35,24,13,58,2,121,5,2,5,13,6,13,1,4,14,9,10,416,200,224,410,6,19,,9,1276,21,2,18,25,20,118,481,7,420,25,22,61,702,2,9,7,7,6,13,45,25,48,4,2,0,1,,,,,,,3,,,,,1,,,,,,,,,,,,,,,,,,,,,,,,1,1,,,,,,,
France_Ligue_1,2025-2026,Paris FC,ef4thhub6bsd2gtmltknkz8b9,M. Lopez,Midfielder,21,7,5,2,25,257,4,3,393,4,34,10,114,72,42,424,475,16,25,,36,33,3,,107,67,40,2,11,40,418,3,1648,1,,,5,184,33,9,97,,545,43,2,6,22,5,3,7,19,9,60,72,1478,804,730,1443,6,17,4,10,1937,30,,10,26,8,301,1695,8,1515,23,28,180,1965,23,61,27,16,11,56,200,41,124,10,,,0,,,,3,3,,11,3,,12,,,,1,1,,,,,,,,,,,,,,,,,,,,,,,,,,,,,
France_Ligue_1,2025-2026,Paris FC,a52575bcqr3acuweauiyzsb56,M. Mbow,Defender,5,96,34,62,31,126,1,29,369,8,,2,216,81,135,45,465,23,31,,43,40,3,,120,47,73,1,39,3,580,1,1538,,,,7,203,23,13,135,,420,4,6,3,30,,1,,2,6,,103,1408,375,1086,1356,22,30,1,8,2716,9,,160,28,16,163,1591,9,1459,52,22,132,1990,,,,1,29,63,82,50,69,5,,,0,,,,1,1,3,2,12,,1,,,,,1,1,6,6,,,,,,,,,,,,,,,,,,,,,,,,,,
France_Ligue_1,2025-2026,Paris FC,8qmm84tue6kuz8e5nhhdhmz8p,M. Munetsi,Midfielder,18,59,30,29,14,34,3,2,37,2,,2,115,63,52,92,80,4,14,4,9,9,,4,56,33,23,,3,5,51,,217,1,,,2,17,16,9,32,2,55,6,5,8,10,5,4,,,4,6,4,158,82,78,156,6,6,1,,909,16,4,25,11,8,95,220,13,160,12,37,60,358,,,,8,2,6,46,14,54,,1,3,1,2,,1,1,1,1,,,,,,,1,,4,,,,,,,,,,,,,,,,,,,,,,,,,,,,,1
France_Ligue_1,2025-2026,Paris FC,ewac2m2xz0f48zotr0wv8565m,O. Nkambadio,Goalkeeper,16,2,,2,12,,,,63,1,,,4,1,3,,234,,12,,21,18,3,,2,1,1,,,1,138,,359,,,,2,29,,,97,,103,1,,,12,,,,,,,53,295,26,352,325,,,,,1080,,,12,,,99,475,,378,,,97,579,,,,,70,97,70,27,,,,,0,,,,,,,,22,,,,5,,,,,117,77,,,4,2,13,4,4,1,5,27,18,9,1,1,11,,,,,,,,,,,
France_Ligue_1,2025-2026,Paris FC,mwnt0b9a1jftct5ti3honwmh,T. Ollila,Defender,2,12,5,7,10,33,1,,30,,,2,30,12,18,54,40,1,10,,4,4,,,18,7,11,,3,1,11,1,122,,,,1,22,4,,12,,41,1,2,1,3,3,7,,3,2,,4,88,38,56,87,1,1,,24,304,5,,10,3,7,52,125,3,91,2,2,34,206,,6,6,2,5,9,24,16,25,,,,0,,2,,,,,3,1,1,,,,,,,,,,,,,,,,,,,,,,,,,,,,,,,,,,,
France_Ligue_1,2025-2026,Paris FC,17e9rercxaanx9ltwmoph9n56,Otávio,Defender,6,45,23,22,22,109,4,17,348,5,,3,170,69,101,68,471,14,22,1,30,29,1,1,125,46,79,1,27,3,230,1,1301,1,,,4,203,22,10,74,1,530,3,5,3,20,2,2,,2,6,,68,1145,301,883,1114,18,24,,2,1820,11,1,130,23,31,195,1340,8,1182,42,9,158,1688,,3,3,4,25,75,106,55,83,6,0,1,1,,,,,,2,2,10,2,,1,1,,,,2,7,7,,,,,,,,,,,,,,,,,,1,1,,,,,,,
France_Ligue_1,2025-2026,Paris FC,3lwbo9oxdrf523p4n0l0b6dqs,K. Prouchet,Defender,0,,,,,,,,,,,,,,,,,,,,,,,,,,,,,,,,,,,,,,,,,,,,,,,,,,,,,,,,,,,,,,,,,,,,,,,,,,,,,,,,,,,,,,,,,,,,,,,,,,,,,,,,,,,,,,,,,,,,,,,,,,,,,,,,,,,,
France_Ligue_1,2025-2026,Paris FC,7to9ns7mkuji0ciwh1ufkq3md,R. Riou,Goalkeeper,1,,,,,,,,,,,,,,,,,,,,,,,,,,,,,,,,,,,,,,,,,,,,,,,,,,,,,,,,,,,,,,,,,,,,,,,,,,,,,,,,,,,,,,,,,,,,,,,,,,,,,,,,,,,,,,,,,,,,,,,,,,,,,,,,,,,,
France_Ligue_1,2025-2026,Paris FC,az310aeai2z9okj1ifvknnlzo,N. Sangui,Defender,19,16,9,7,26,171,1,5,178,4,,8,102,42,60,243,259,3,26,,29,28,1,,86,33,53,1,17,17,78,3,746,2,,,5,113,29,12,85,,256,17,2,1,18,2,8,,12,10,6,20,644,334,338,640,12,14,,136,1733,25,,56,5,17,188,764,3,660,26,12,104,1178,,25,25,15,15,33,95,34,71,,,,0,,,,,,,12,8,7,2,,,,1,1,,,,,,,,,,,,,,,,,,,,,,,,,,,,,
France_Ligue_1,2025-2026,Paris FC,6tedvat245ajkir9c4035i0np,M. Simon,Forward,27,35,27,8,28,181,9,1,264,1,41,29,189,123,66,484,98,5,28,3,29,27,2,3,154,96,58,,9,28,38,8,443,5,,,6,182,42,12,64,2,143,31,14,10,24,23,4,15,35,28,15,10,373,282,142,379,4,9,2,13,1950,76,3,15,15,18,305,460,24,389,13,72,71,902,18,100,77,34,6,13,150,21,58,,1,2,2,3,,1,3,3,,21,2,1,7,,,,2,2,,,,,,,,,,,,,,,,,,,,,,,,,,,,,
France_Ligue_1,2025-2026,Paris FC,xrh2szvp5808no7zm1et2zf9,H. Traoré,Defender,14,29,12,17,17,101,3,1,92,2,,1,97,43,54,184,221,11,17,,17,15,2,,68,31,37,2,17,8,231,1,591,2,,,2,48,31,7,51,,47,9,1,,14,8,3,,4,1,1,23,490,234,269,476,10,20,1,95,1147,4,,44,21,6,160,600,1,499,30,14,101,892,,22,22,2,18,27,80,43,74,4,,,0,,,,1,1,1,4,7,15,1,,,,1,1,,,,,,,,,,,,,,,,,,,,,,,,,,,,,
France_Ligue_1,2025-2026,Paris FC,7obuhegyo1qcoikt23egcsr85,K. Trapp,Goalkeeper,35,4,,4,21,,,,73,7,,,7,,7,,432,,21,,28,28,,,3,,3,,1,,181,,489,,,,6,29,1,1,177,,159,,,,21,,,,,,,118,378,68,468,418,,,,,1890,,,15,,5,241,772,,536,,,236,977,,,,,113,234,195,41,2,2,,,0,,,,,,,,41,,,,15,,,,,207,186,,,13,1,76,2,8,1,5,58,39,16,1,3,10,,,,,,,,,,,
France_Ligue_1,2025-2026,Paris Saint-Germain FC,a71n80h977h7fu99ftnri5zsa,B. Barcola,Forward,29,21,11,10,28,173,17,1,276,4,1,21,196,111,85,701,124,8,28,10,15,14,1,7,175,100,75,1,12,37,94,6,701,9,,,,145,38,17,56,6,314,38,19,29,20,14,8,,5,35,26,12,585,476,118,577,13,17,6,3,1692,70,7,6,19,10,258,705,48,589,30,165,116,1070,,20,20,48,,2,119,17,114,2,7,3,3,9,1,2,,1,,5,,,11,,,1,4,15,,,,,2,,,,,,,,,,,,,,,,,,3,,,,,,
France_Ligue_1,2025-2026,Paris Saint-Germain FC,39qaf8nu4uz9g5dgymulxtrmc,Lucas Beraldo,Defender,4,63,30,33,19,86,3,8,204,8,,3,125,60,65,158,429,6,19,2,13,11,2,2,62,30,32,,21,13,393,,1344,,,,,91,20,12,78,,467,14,7,4,17,4,2,,,,14,42,1255,503,782,1243,12,14,4,1,1480,5,2,64,15,6,105,1375,11,1285,26,18,90,1566,,1,1,3,6,29,57,34,61,2,1,1,0,,,,1,1,,,1,,3,,,,,,1,17,17,,2,,,,,,,,,,,,,,,,,,,,,,,,
France_Ligue_1,2025-2026,Paris Saint-Germain FC,a90v1nmpvfkkzwk0ypqklqms,D. Boly,Defender,42,,,,,,,,,,,,,,,,,,,,,,,,,,,,,,,,,,,,,,,,,,,,,,,,,,,,,,,,,,,,,,,,,,,,,,,,,,,,,,,,,,,,,,,,,,,,,,,,,,,,,,,,,,,,,,,,,,,,,,,,,,,,,,,,,,,,
France_Ligue_1,2025-2026,Paris Saint-Germain FC,8h5jl1u3p8sr2pwdmyxl14416,L. Chevalier,Goalkeeper,30,2,,2,17,,,,52,9,,,3,,3,,133,,17,,13,10,3,,1,,1,,,,151,,324,,,,1,24,1,,108,,115,,,,17,,,,,,,30,295,7,343,320,,,,,1530,,,8,,1,51,399,,350,,,49,512,,,,,23,46,31,18,3,,,,0,,,,,,,,5,,,,10,,,,,98,56,,,7,,18,2,3,1,4,33,23,10,1,,6,,,,,,,,,,,
France_Ligue_1,2025-2026,Paris Saint-Germain FC,3ucy773lu8crl3jx76q73376c,T. Cordier,Defender,53,,,,,,,,,,,,,,,,,,,,,,,,,,,,,,,,,,,,,,,,,,,,,,,,,,,,,,,,,,,,,,,,,,,,,,,,,,,,,,,,,,,,,,,,,,,,,,,,,,,,,,,,,,,,,,,,,,,,,,,,,,,,,,,,,,,,
France_Ligue_1,2025-2026,Paris Saint-Germain FC,d7p2b6kz8emy8c0b2vb2v6ej8,S. Coulibaly,Defender,55,,,,,,,,,,,,,,,,,,,,,,,,,,,,,,,,,,,,,,,,,,,,,,,,,,,,,,,,,,,,,,,,,,,,,,,,,,,,,,,,,,,,,,,,,,,,,,,,,,,,,,,,,,,,,,,,,,,,,,,,,,,,,,,,,,,,
France_Ligue_1,2025-2026,Paris Saint-Germain FC,ckaqxlw257qzj8vjdumvwbaad,O. Dembélé,Forward,10,6,4,2,21,127,7,,228,,54,15,72,36,36,539,187,1,21,10,8,5,3,9,66,32,34,,,34,292,8,685,2,3,2,1,123,27,4,24,5,129,41,20,18,10,9,11,7,12,24,22,30,561,515,108,581,3,3,17,1,1035,27,6,3,3,4,203,735,38,611,6,76,124,928,8,37,29,15,,8,152,9,116,,7,3,5,7,1,4,4,7,,6,,,9,,,,2,4,,,,1,1,,,,,,,,,,,,,,,,,,1,,1,,,,
France_Ligue_1,2025-2026,Paris Saint-Germain FC,dzv5f93w5fsnfzohaev6e3rx0,D. Doué,Forward,14,6,5,1,23,245,16,2,338,2,24,20,200,107,93,676,163,13,23,7,14,12,2,5,194,102,92,,12,25,229,,828,7,1,,1,164,44,24,65,6,212,29,20,19,16,14,7,4,13,32,28,19,714,513,229,710,13,19,4,15,1356,66,5,5,24,28,276,849,39,729,32,122,120,1264,10,45,35,40,7,17,146,19,103,,4,3,3,7,4,1,2,4,,9,,,5,,,3,3,8,,,,4,,,,,,,,,,,,,,,,,,,2,,,,,,
France_Ligue_1,2025-2026,Paris Saint-Germain FC,et72bvivn2sh4gq9lb2fbsm50,Dro Fernández,Midfielder,27,7,3,4,11,110,2,3,72,3,1,2,66,32,34,158,65,5,11,1,5,5,,1,59,29,30,1,8,6,96,,355,,,,,36,8,3,32,1,92,6,4,3,7,3,4,,,6,19,3,322,195,135,327,7,5,1,1,637,16,1,6,8,12,73,363,7,330,12,20,33,476,,4,4,7,1,2,27,10,31,,0,1,0,1,,,,,,,1,,,,,,2,1,,,,,,,,,,,,,,,,,,,,,,,,,,,,,
France_Ligue_1,2025-2026,Paris Saint-Germain FC,9v4l7ic3ve6d22c0gs9p1oe3u,Gonçalo Ramos,Forward,9,45,25,20,29,125,12,,69,3,,11,154,82,72,289,49,7,29,6,11,9,2,4,109,57,52,3,4,15,60,6,317,2,2,1,,33,15,7,29,2,88,16,20,25,13,7,16,,1,17,41,2,262,171,97,265,1,12,1,2,1246,31,2,9,21,22,120,322,45,267,13,106,55,543,,,,18,1,1,44,11,54,2,5,1,1,3,1,2,1,1,,1,,,2,,,,6,14,,,,,2,,,,,,,,,,,,,,,,,1,2,1,,,,,
France_Ligue_1,2025-2026,Paris Saint-Germain FC,1vr896w03yky9kmu8x5tjkicp,A. Hakimi,Defender,2,9,5,4,18,307,7,1,251,6,2,14,114,67,47,714,287,5,18,2,15,12,3,2,105,62,43,,11,19,554,4,1256,2,,,,149,33,12,70,2,126,21,11,9,15,2,3,,10,8,23,28,1142,822,348,1132,5,13,,91,1374,40,2,12,9,17,216,1274,20,1160,18,44,114,1600,,33,32,25,9,16,106,41,98,3,0,2,1,2,2,,2,2,,9,2,2,2,,,,2,4,,,,3,,,,,,,,,,,,,,,,,1,1,,,,,,,
France_Ligue_1,2025-2026,Paris Saint-Germain FC,c80tzy7t4hoa8fpbek1od4lw5,L. Hernández,Defender,21,42,14,28,25,130,3,7,284,9,,8,127,54,73,245,618,10,25,,13,11,2,,85,40,45,1,19,12,167,,1611,,,,,151,27,9,82,,721,15,5,3,20,5,5,,2,3,1,34,1478,726,778,1468,11,14,,146,1746,11,,44,22,19,173,1636,8,1502,25,20,134,1986,,13,13,5,19,43,103,44,91,4,,,0,,2,,,3,,2,2,6,1,,,1,,1,1,,,,,,,,,,,,,,,,,,,,,,,,,,,,
France_Ligue_1,2025-2026,Paris Saint-Germain FC,659wmcw5yhw8wa17iwulpauj8,M. James,Goalkeeper,60,,,,,,,,,,,,,,,,,,,,,,,,,,,,,,,,,,,,,,,,,,,,,,,,,,,,,,,,,,,,,,,,,,,,,,,,,,,,,,,,,,,,,,,,,,,,,,,,,,,,,,,,,,,,,,,,,,,,,,,,,,,,,,,,,,,,
France_Ligue_1,2025-2026,Paris Saint-Germain FC,9dvy2o59ttbz7qtkrqq5z91ck,M. Jangéal,Midfielder,41,,,,1,2,,,3,,,,2,2,,3,2,,1,,,,,,2,2,,,,,3,,9,,,,,1,2,2,1,,2,,,,,,1,,,,1,,9,5,4,9,,,,,10,1,,1,1,,1,9,,9,,,,13,,,,,,,,,,,,,0,,,,,,,,,,,,,,,,,,,,,,,,,,,,,,,,,,,,,,,,,,,,
France_Ligue_1,2025-2026,Paris Saint-Germain FC,929ho421g2zacylfc97m23uac,João Neves,Midfielder,87,23,9,14,20,216,8,5,218,2,,2,107,46,61,372,200,10,20,5,12,8,4,4,84,37,47,1,7,13,301,,1009,4,,,1,94,23,11,72,3,305,14,12,6,13,6,7,,2,8,21,36,924,515,422,899,12,15,3,33,1265,12,2,6,13,13,136,1022,18,935,27,52,87,1234,,1,1,6,5,18,66,22,69,,1,4,1,2,,1,1,1,,2,1,9,4,,,1,1,1,,,,2,1,,,,,,,,,,,,,,,,,,1,,,,,,
France_Ligue_1,2025-2026,Paris Saint-Germain FC,2qwodplzwxgjmyzso63gqpyqc,N. Kamara,Defender,43,,,,2,,,,1,,,,,,,1,1,,2,,1,,1,,,,,,,,2,,4,,,,,,,,,,1,,,,,,2,,,,,1,4,1,3,3,,,,,6,,,1,,,,4,,4,,,,5,,,,,,,,,,,,,0,,,,,,,,1,,,,,,,,,,,,,,,,,,,,,,,,,,,,,,,,,,,,
France_Ligue_1,2025-2026,Paris Saint-Germain FC,qo9kd8ydkkpntul6et9goro4,Y. Khafi,Midfielder,46,,,,,,,,,,,,,,,,,,,,,,,,,,,,,,,,,,,,,,,,,,,,,,,,,,,,,,,,,,,,,,,,,,,,,,,,,,,,,,,,,,,,,,,,,,,,,,,,,,,,,,,,,,,,,,,,,,,,,,,,,,,,,,,,,,,,
France_Ligue_1,2025-2026,Paris Saint-Germain FC,4zy4d60v2qmaplm9xbe51y1gp,K. Kvaratskhelia,Forward,7,23,16,7,27,314,17,3,352,2,22,26,197,97,100,680,158,8,27,8,11,8,3,7,174,81,93,,10,30,108,4,853,6,1,1,,180,27,11,53,8,287,34,19,29,17,14,10,3,10,43,15,25,747,572,198,735,12,12,7,6,1425,52,5,4,17,26,244,867,48,760,24,161,107,1244,8,30,22,31,3,18,117,20,89,1,6,2,3,7,2,,3,4,,7,,,9,,1,,2,7,,,,1,,,,,,,,,,,,,,,,,,,1,,,,,,
France_Ligue_1,2025-2026,Paris Saint-Germain FC,b07yre2hveyz1nes4idmn2o7o,B. Laurendon,Goalkeeper,80,,,,,,,,,,,,,,,,,,,,,,,,,,,,,,,,,,,,,,,,,,,,,,,,,,,,,,,,,,,,,,,,,,,,,,,,,,,,,,,,,,,,,,,,,,,,,,,,,,,,,,,,,,,,,,,,,,,,,,,,,,,,,,,,,,,,
France_Ligue_1,2025-2026,Paris Saint-Germain FC,8b3igmuipfhfzm39ack89de96,Lee Kang-In,Midfielder,19,13,7,6,26,257,10,1,366,1,81,15,141,75,66,660,202,7,26,3,14,11,3,3,128,68,60,1,3,52,399,3,973,1,,,,115,14,5,62,1,164,55,12,15,18,12,8,23,44,26,22,56,885,707,268,875,8,8,7,9,1490,41,2,6,18,19,236,1022,27,931,16,58,91,1367,25,67,37,22,10,31,135,23,60,3,2,1,2,3,1,2,4,4,1,18,,,12,,,,1,1,,,,2,,,,,,,,,,,,,,,2,,,,,,,,,,
France_Ligue_1,2025-2026,Paris Saint-Germain FC,e13ru8qfvgco7bufkiajb97o4,D. Lucea,Defender,54,1,1,,1,2,,,2,,,,2,2,,1,3,,1,,,,,,1,1,,,,,2,,14,,,,,2,,,1,,7,,,,,,1,,,,,,13,1,12,13,,,,,14,,,3,,,2,14,,13,,,1,18,,,,,,,,1,1,,,,0,,,,,,,,,1,,,,,,,,,,,,,,,,,,,,,,,,,,,,,,,,,,,
France_Ligue_1,2025-2026,Paris Saint-Germain FC,wumjn7yf33t74gyzbqd7qc4,R. Marin,Goalkeeper,89,,,,2,,,,3,1,,,1,,1,,20,,2,,2,2,,,1,,1,,,,5,,27,,,,,2,,,12,,12,,,,2,,,,,,,4,22,3,27,26,,,,,180,,,2,,1,7,37,,30,,,7,48,,,,,2,6,3,4,1,,,,0,,,,,,,,2,,,,1,,,,,10,6,,,,,1,,,,,3,2,1,,,2,,,,,,,,,,,
France_Ligue_1,2025-2026,Paris Saint-Germain FC,8z0395s37qe2lqi9qsvyskgk5,Marquinhos,Defender,5,37,16,21,13,38,1,3,193,6,,3,66,26,40,51,256,4,13,,4,3,1,,29,10,19,1,7,2,387,,840,,,,,104,3,3,41,,173,2,1,,10,,3,,,2,,50,798,378,434,762,3,12,3,13,959,2,,35,8,2,48,854,1,812,15,8,42,952,,2,2,,10,23,30,14,19,,,,0,,,,,,1,,4,,,,,,,,,,,,,,,,,,,,,,,,,,,1,,,,,,,,,
France_Ligue_1,2025-2026,Paris Saint-Germain FC,54mv7lufwxcy2gih8owyr00lw,S. Mayulu,Midfielder,24,22,15,7,25,187,6,,233,4,4,11,186,96,90,499,157,9,25,4,13,10,3,4,164,81,83,1,11,35,254,1,742,1,,,1,92,36,17,80,1,157,38,18,11,21,15,4,1,8,16,32,21,660,451,230,652,18,29,2,29,1649,49,4,5,25,20,209,755,29,673,47,83,82,1111,1,20,18,24,4,9,85,17,73,2,2,2,0,4,3,2,3,4,,7,3,3,7,,,,1,6,,,,,1,,,,,,,,,,,,,,,,,,,,,,,,
France_Ligue_1,2025-2026,Paris Saint-Germain FC,20eqyvyrgtafzssdh0zaehdsk,I. Mbaye,Forward,49,14,9,5,23,193,5,,212,2,,10,123,72,51,431,73,6,23,3,9,7,2,2,109,63,46,,5,18,172,2,542,4,,,,109,20,8,40,2,109,20,8,10,10,7,13,,2,20,12,5,470,359,118,470,6,8,1,1,965,49,1,4,10,12,178,547,18,475,14,64,72,771,,13,13,32,,2,72,13,70,,2,1,0,3,1,,2,2,,2,1,,2,,,,2,4,,,,,,,,,,,,,,,,,,,,,,,1,,,,,,1
France_Ligue_1,2025-2026,Paris Saint-Germain FC,7dz73e1v4rqarl38nj587v9w,P. Mounguengue,Forward,57,,,,1,2,1,,1,,,,,,,6,,,1,,1,1,,,,,,,,,1,,4,,,,,,,,,,1,,,1,,,1,,,,,,2,2,,2,,,,,15,,,,,,2,4,1,2,,3,2,7,,,,,,,1,1,2,,,,0,,,,,,,,,,,,,,,1,,,,,,,,,,,,,,,,,,,,,,,,,,,,,
France_Ligue_1,2025-2026,Paris Saint-Germain FC,d3wwlyd3dy9ius9b2hza9o9as,Q. Ndjantou,Forward,47,6,6,,10,60,2,1,68,,,3,32,22,10,106,35,4,10,1,3,2,1,1,26,16,10,,2,4,45,,198,1,,,,28,9,5,13,1,58,5,4,3,3,2,7,,,6,4,4,167,108,59,163,1,1,,3,354,5,1,2,7,2,46,198,7,167,2,15,31,252,,4,4,4,,,26,9,31,1,0,1,0,1,1,,,1,,,,,,1,,,,2,,,,,,,,,,,,,,,,,,,,,,,,,,,,,
France_Ligue_1,2025-2026,Paris Saint-Germain FC,95env4hlvfr0tp4gfazlokf84,N. Nsoki,Midfielder,45,,,,1,5,,,1,,,,1,,1,2,,,1,,,,,,1,,1,,,,2,,8,,,,,,1,,1,,1,,,,,,1,,,,,,6,3,3,6,,1,,,7,,,,,,2,8,,6,1,,2,9,,,,,,,1,1,2,,,,0,,,,,,,,,,,,,,,,,,,,,,,,,,,,,,,,,,,,,,,,,,,,
France_Ligue_1,2025-2026,Paris Saint-Germain FC,d3dv3vc71981v5oems59892sq,Nuno Mendes,Defender,25,16,8,8,20,162,7,4,237,5,21,13,148,65,83,411,286,7,20,4,12,9,3,3,132,57,75,1,13,25,92,3,938,3,1,1,1,159,31,18,82,1,417,30,8,15,13,3,7,7,15,25,8,51,837,516,355,805,6,19,8,82,1251,39,3,18,12,25,219,957,23,856,25,53,101,1353,8,30,20,26,6,28,107,24,73,1,0,4,2,2,1,2,3,5,1,8,1,7,11,,,,,3,,,,5,1,,,,,,,,,,,,,,,,,,1,,,1,1,,
France_Ligue_1,2025-2026,Paris Saint-Germain FC,ecwzzrkn1snbua5yu4gehxm2,W. Pacho,Defender,51,64,28,36,23,54,2,10,264,8,,1,131,48,83,44,323,1,23,,22,17,5,,67,20,47,,24,2,637,2,1653,,,,1,120,20,13,110,,679,2,5,1,21,2,2,,,1,,34,1569,444,1165,1575,14,26,2,4,1915,6,,66,6,7,101,1693,6,1609,40,13,84,1923,,,,1,17,29,46,38,55,,,,0,,,,,,,,6,,,,,,,1,2,26,26,,,,,,,,,,,,,,,,,,,,,,,,,,
France_Ligue_1,2025-2026,Paris Saint-Germain FC,f3v58fkymhrprt5gs0ccm29xx,Fabián Ruiz,Midfielder,8,3,1,2,19,156,6,,253,2,1,10,41,22,19,360,318,,19,1,10,7,3,1,38,21,17,1,10,15,283,1,1112,,,,1,116,23,15,46,1,377,18,8,4,12,7,7,,1,2,21,56,1032,689,366,998,5,9,5,16,1039,13,,7,1,1,134,1134,12,1054,14,34,80,1281,,19,19,8,2,19,89,10,61,2,1,0,1,1,2,,2,3,,1,2,,2,,,,,3,,,,,,,,,,,,,,,,,,,,,,,,,,,,,
France_Ligue_1,2025-2026,Paris Saint-Germain FC,drmudc3n93faawruj8ct3bwmh,M. Safonov,Goalkeeper,39,4,,4,14,,,,33,8,,,5,,5,,133,,14,,12,9,3,,1,,1,,,2,103,,257,,,,,17,,,82,,96,2,,,14,,,,,,,46,227,13,260,227,,,,,1260,,,14,,1,63,332,,273,,,59,445,,,,,24,56,41,18,3,,,,0,,,,,,,,7,,,,7,,,,,80,55,,,9,2,23,,1,1,6,34,19,15,1,,8,,,,,,,,,,,
France_Ligue_1,2025-2026,Paris Saint-Germain FC,1c0xez9qvvi0imtzxlu7af9xw,W. Slama,Midfielder,48,,,,,,,,,,,,,,,,,,,,,,,,,,,,,,,,,,,,,,,,,,,,,,,,,,,,,,,,,,,,,,,,,,,,,,,,,,,,,,,,,,,,,,,,,,,,,,,,,,,,,,,,,,,,,,,,,,,,,,,,,,,,,,,,,,,,
France_Ligue_1,2025-2026,Paris Saint-Germain FC,731ev0p30g3oxmzqq0ot1bbx0,A. Vignaud,Goalkeeper,70,,,,,,,,,,,,,,,,,,,,,,,,,,,,,,,,,,,,,,,,,,,,,,,,,,,,,,,,,,,,,,,,,,,,,,,,,,,,,,,,,,,,,,,,,,,,,,,,,,,,,,,,,,,,,,,,,,,,,,,,,,,,,,,,,,,,
France_Ligue_1,2025-2026,Paris Saint-Germain FC,cionsifzpx5rhc8es29wv6i95,Vitinha,Midfielder,17,5,2,3,28,268,10,5,817,10,2,12,100,40,60,545,601,9,28,1,19,14,5,,95,38,57,3,26,27,827,,2560,1,,,1,384,31,11,132,1,972,34,12,10,23,5,5,1,7,12,17,170,2419,1485,1026,2334,6,18,17,5,2053,14,,22,13,21,219,2668,22,2504,24,8,164,2917,1,15,5,5,22,55,148,31,109,2,0,1,1,,,,3,7,,2,,,8,,,,,,,,,2,,,,,,,,,,,,,,,,,,,1,,,,,,
France_Ligue_1,2025-2026,Paris Saint-Germain FC,2u6hj8z2g0r7b5roxpluy4sbu,I. Zabarnyi,Defender,6,60,27,33,27,101,1,12,473,14,,3,127,54,73,77,687,4,27,1,23,17,6,1,67,27,40,,18,4,852,,2085,,,,1,255,14,6,114,,474,4,,3,25,1,2,,,3,,73,1969,804,1194,1925,10,19,,13,2297,5,1,88,18,8,137,2114,3,1998,29,12,116,2364,,1,1,3,19,41,57,60,75,6,1,0,1,,,1,,,1,,2,1,,2,2,,,1,2,6,6,,,,,,,,,,,,,,,,,,,,,,,,,,
France_Ligue_1,2025-2026,Paris Saint-Germain FC,2s2fzli5c7h9dfcertq2dwxec,W. Zaïre-Emery,Midfielder,33,22,6,16,31,351,7,7,617,9,,11,215,105,110,686,408,24,31,3,23,17,6,2,193,99,94,1,12,37,697,,1990,2,,,1,285,63,31,145,3,552,41,5,7,26,8,5,,2,30,48,39,1867,1163,724,1846,18,29,6,77,2395,48,2,21,33,17,227,2008,12,1885,47,56,123,2424,,13,13,17,8,19,105,31,104,3,1,2,0,2,,,3,4,,2,3,,8,1,,,1,1,,,,,,,,,,,,,,,,,,,,,,,1,,,,,,
France_Ligue_1,2025-2026,Racing Club de Lens,4rlw04tze791jwt623h5ikg5x,R. Aguilar,Defender,2,25,10,15,25,170,3,10,193,3,,13,130,58,72,486,293,15,25,2,21,16,5,2,105,48,57,2,28,23,341,5,839,2,,,2,123,51,26,79,1,43,25,7,3,20,14,5,,17,7,5,19,706,446,285,695,15,23,1,143,1685,12,2,27,24,12,252,847,10,714,38,43,133,1324,,69,69,7,11,28,173,29,105,3,2,0,2,2,,,2,2,,17,3,6,8,,2,,1,,,,,,1,,,,,,,,,,,,,,,,,1,,1,,,,,
France_Ligue_1,2025-2026,Racing Club de Lens,5fuphn1nsmp0e3i3qshhdeyac,K. Antonio,Defender,32,5,3,2,3,5,,,19,1,,,19,6,13,14,36,,3,,1,1,,,14,3,11,,5,,17,,64,,,,,15,3,2,11,,6,,1,,1,,2,,,2,,1,54,29,25,53,1,4,,1,150,1,,12,1,4,13,64,1,54,5,3,10,105,,2,2,1,,2,11,1,8,1,,,0,,,,,,,,,,,,,,,,,,,,,,,,,,,,,,,,,,,,,,,,,,,,
France_Ligue_1,2025-2026,Racing Club de Lens,d8im490g35d2npfjym1kbvalm,S. Baidoo,Defender,6,91,47,44,23,50,4,25,214,8,,1,169,79,90,39,234,4,23,2,14,11,3,2,78,32,46,1,23,2,417,1,1010,1,,,2,92,17,15,105,,357,3,9,4,20,2,3,,,7,,56,934,303,677,924,13,21,,2,1827,1,2,83,19,5,88,1058,13,980,34,22,78,1315,,,,,19,28,42,36,50,2,2,0,1,,,,,1,,,8,,1,,,,,3,,22,22,,2,,,,,,,,,,,,,,1,,,,,,,,,,
France_Ligue_1,2025-2026,Racing Club de Lens,4383t6giufw6n3xq8sgrofzmc,A. Bermont,Midfielder,26,5,2,3,10,20,,,37,,,5,14,8,6,64,28,2,10,,,,,,9,6,3,,3,1,13,,87,,,,,26,4,1,11,,26,1,2,2,,,10,,4,2,1,2,75,59,20,73,,1,,5,95,3,,,2,,24,87,4,75,1,14,12,121,,7,7,2,,,17,2,12,,,,0,,,,,,,4,,,,,,,,1,,,,,,,,,,,,,,,,,,,,,,,,,,,,,
France_Ligue_1,2025-2026,Racing Club de Lens,1fua3j2pq3ftsfwykefvs6u50,A. Bulatović,Midfielder,5,7,5,2,18,69,2,2,62,2,33,11,110,54,56,163,78,5,18,,8,7,1,,103,49,54,2,8,9,79,,294,1,,,,28,24,13,37,,78,12,3,5,5,2,13,9,13,5,13,11,242,135,129,240,12,17,1,3,662,21,,10,17,20,130,304,8,251,29,8,53,511,23,40,11,15,8,13,79,14,40,2,,,0,,,,3,3,1,,2,,4,,,,2,1,,,,3,,,,,,,,,,,,,,,,,,,,,,,,,
France_Ligue_1,2025-2026,Racing Club de Lens,398pgjommmwwvvcwyy35uxqfo,N. Čelik,Defender,4,8,3,5,7,35,,4,66,1,,,44,19,25,19,92,6,7,,9,7,2,,36,16,20,,8,,108,,261,,,,,30,8,7,21,,35,,,1,7,3,,,,1,1,13,239,94,154,235,8,10,,1,528,4,,12,10,1,36,270,1,248,18,4,22,345,,,,3,5,11,13,9,11,1,,,0,,,,,,,,6,,,,,,,,,,,,,,,,,,,,,,,,,,,,,,,,,,,,
France_Ligue_1,2025-2026,Racing Club de Lens,568hpargr8lz9gudu52g7vo16,J. Chávez,Defender,13,,,,,,,,,,,,,,,,,,,,,,,,,,,,,,,,,,,,,,,,,,,,,,,,,,,,,,,,,,,,,,,,,,,,,,,,,,,,,,,,,,,,,,,,,,,,,,,,,,,,,,,,,,,,,,,,,,,,,,,,,,,,,,,,,,,,
France_Ligue_1,2025-2026,Racing Club de Lens,agt4mn479kriq3fvcc6u3y4gk,A. Delplace,Goalkeeper,30,,,,,,,,,,,,,,,,,,,,,,,,,,,,,,,,,,,,,,,,,,,,,,,,,,,,,,,,,,,,,,,,,,,,,,,,,,,,,,,,,,,,,,,,,,,,,,,,,,,,,,,,,,,,,,,,,,,,,,,,,,,,,,,,,,,,
France_Ligue_1,2025-2026,Racing Club de Lens,3hpaoy4qzn5xp7qnzdrj1yvsa,A. Diouf,Midfielder,18,,,,1,3,1,,7,,1,2,9,4,5,25,9,,1,,1,1,,,9,4,5,,,,15,,37,,,,,7,2,1,7,,13,,1,1,1,,,,,3,1,1,31,22,11,32,1,,,,90,4,,,,1,14,40,2,33,1,5,7,58,,,,2,1,1,7,,6,,,,0,,,,,,,,,,,,,,,,,,,,,,,,,,,,,,,,,,,,,,,,,,,,
France_Ligue_1,2025-2026,Racing Club de Lens,1dump3yzfngv69uva351fexw4,R. Fofana,Forward,38,38,23,15,25,46,8,2,84,,,9,145,73,72,166,15,4,25,5,8,7,1,5,107,50,57,,2,5,29,7,132,2,,,,42,14,8,17,3,55,5,16,12,7,7,18,,,13,14,2,97,59,51,108,5,6,,1,786,31,4,5,15,34,101,145,28,110,11,60,35,351,,6,6,16,,1,30,11,34,,1,4,1,5,,2,,,,,,,,,,1,6,8,,,,,,,,,,,,,,,,,,,,,,,,,,,,,
France_Ligue_1,2025-2026,Racing Club de Lens,8ijrlhafx325b0bd78jc8duz8,I. Ganiou,Defender,25,83,35,48,22,84,5,12,295,8,,6,194,77,117,146,553,11,22,3,25,20,5,3,111,42,69,2,28,9,385,,1253,,,,1,155,21,13,115,1,258,9,11,4,22,,,,4,10,,41,1087,456,661,1072,9,29,1,7,1963,12,1,105,25,22,218,1280,15,1113,38,18,167,1629,,13,13,4,33,75,123,57,92,2,2,1,2,1,,1,,,2,4,5,,1,,,,,2,1,5,5,,1,,,,,,,,,,,,,,,,,1,,1,,,,,
France_Ligue_1,2025-2026,Racing Club de Lens,bwnaihvz3scyiint5xagoetqs,E. Garnier,Forward,34,,,,1,1,,,5,,,,1,,1,7,4,,1,,,,,,1,,1,,,,4,,9,,,,,3,,,1,,,,,,,,1,,1,,,,8,8,1,8,,1,,1,6,,,,,,2,9,,8,1,,1,13,,1,1,,,,2,,1,,,,0,,,,,,,1,,,,,,,,,,,,,,,,,,,,,,,,,,,,,,,,,,,,,
France_Ligue_1,2025-2026,Racing Club de Lens,3msg5zxzgtntyunmdtb3s0lhx,M. Gorgelin,Goalkeeper,16,,,,,,,,,,,,,,,,,,,,,,,,,,,,,,,,,,,,,,,,,,,,,,,,,,,,,,,,,,,,,,,,,,,,,,,,,,,,,,,,,,,,,,,,,,,,,,,,,,,,,,,,,,,,,,,,,,,,,,,,,,,,,,,,,,,,
France_Ligue_1,2025-2026,Racing Club de Lens,4t4u4725escxjm2gwz5e7lpsl,J. Gradit,Defender,24,27,13,14,10,32,1,9,99,2,,,76,33,43,27,172,8,10,,8,5,3,,49,20,29,,16,2,171,,452,,,,2,65,2,2,32,,98,2,1,,10,1,,,1,3,,14,414,186,248,419,5,12,,2,809,3,,51,15,9,48,473,1,433,17,4,40,604,,2,2,2,12,19,30,12,21,2,,,0,,,,,,1,1,2,,,1,,,,,1,1,1,,,,,,,,,,,,,,,,,,1,1,,,,,,,
France_Ligue_1,2025-2026,Racing Club de Lens,b8uy2lt0w26m7p3qzzt54iu3t,M. Guilavogui,Forward,29,16,6,10,16,52,3,,43,,,4,79,35,44,122,56,8,16,1,5,4,1,1,63,29,34,,1,10,48,4,204,1,,,1,22,13,7,33,,52,10,5,2,3,2,13,,1,8,15,11,161,108,58,154,6,8,2,1,480,8,1,5,15,12,70,208,7,165,14,31,43,308,,2,2,7,,3,32,13,40,3,1,0,1,,,1,,,,1,1,,2,,,1,1,3,,,,,,,,,,,,,,,,,,,,,1,1,,,,,,,
France_Ligue_1,2025-2026,Racing Club de Lens,71wr74as8y1zynycj68qull91,R. Gurtner,Goalkeeper,1,,,,,,,,,,,,,,,,,,,,,,,,,,,,,,,,,,,,,,,,,,,,,,,,,,,,,,,,,,,,,,,,,,,,,,,,,,,,,,,,,,,,,,,,,,,,,,,,,,,,,,,,,,,,,,,,,,,,,,,,,,,,,,,,,,,,
France_Ligue_1,2025-2026,Racing Club de Lens,7o3fumeufgigw092b7i5n4f6x,A. Haidara,Midfielder,21,5,2,3,6,13,,1,13,,,,13,8,5,35,41,3,6,1,1,1,,1,8,6,2,,2,1,24,,111,,,,1,6,4,3,7,,35,1,,2,1,1,5,,,,1,3,99,60,41,98,,,,,196,1,1,3,4,2,15,113,2,101,,3,12,130,,,,,1,2,10,2,10,,1,0,0,1,,1,,,,,,,,,,,,,,,,,,,,,,,,,,,,,,,,,,,,,,,,,
France_Ligue_1,2025-2026,Racing Club de Lens,bojy1sqtjbjo7pxrjms4vkbh0,I. Jourdren,Goalkeeper,60,,,,,,,,,,,,,,,,,,,,,,,,,,,,,,,,,,,,,,,,,,,,,,,,,,,,,,,,,,,,,,,,,,,,,,,,,,,,,,,,,,,,,,,,,,,,,,,,,,,,,,,,,,,,,,,,,,,,,,,,,,,,,,,,,,,,
France_Ligue_1,2025-2026,Racing Club de Lens,ez1h8nnqrchg0qfjuwhh0f76c,O. Lenne,Defender,39,,,,,,,,,,,,,,,,,,,,,,,,,,,,,,,,,,,,,,,,,,,,,,,,,,,,,,,,,,,,,,,,,,,,,,,,,,,,,,,,,,,,,,,,,,,,,,,,,,,,,,,,,,,,,,,,,,,,,,,,,,,,,,,,,,,,
France_Ligue_1,2025-2026,Racing Club de Lens,1ad3itgiwcnyw3o9wplhah2hh,D. Machado,Defender,3,26,17,9,19,84,5,1,102,2,,6,138,73,65,178,129,9,19,,16,15,1,,112,56,56,1,10,6,18,4,361,1,,,3,60,26,14,60,,134,7,6,2,16,9,3,,5,7,4,11,298,163,144,291,5,16,,74,1186,28,,30,25,28,153,365,8,302,21,35,63,685,,21,21,14,8,22,59,25,41,3,,,0,,,,1,1,,5,3,21,3,,,,,1,,,,,,,,,,,,,,,,,,,,,,,,,,,,,
France_Ligue_1,2025-2026,Racing Club de Lens,55bgi895g03zhc7vdh7e7yvv9,A. Masuaku,Defender,27,6,6,,3,4,,,28,,,,15,9,6,49,45,1,3,,5,3,2,,9,3,6,,1,2,25,,127,,,,,16,3,1,14,,56,2,,1,2,2,1,,,1,,3,111,76,38,111,1,3,,1,139,1,,1,2,1,22,130,1,114,4,3,16,149,,4,4,,4,7,17,3,9,1,,,0,,,,,,,,,,,,,,,,,,,,,,,,,,,,,,,,,,,,,,,,,,,,
France_Ligue_1,2025-2026,Racing Club de Lens,5eibxcpkkytuil2h3zfh1amms,Mezian Soares,Midfielder,41,,,,1,3,,,2,,,,,,,3,1,,1,1,,,,1,,,,,,1,,1,4,1,,,,1,,,1,,,1,,1,,,1,,,,,1,3,1,2,2,,,,,11,,1,,,,3,4,1,3,,1,1,7,,,,,,,,1,1,,1,0,1,,,1,,,,,,,1,,,,,,,,,,,,,,,,,,,,,,,,,,,,,,,,,,
France_Ligue_1,2025-2026,Racing Club de Lens,1jt9zx6hy4e2dj55kdtexqe0a,H. Ojediran,Midfielder,15,,,,,,,,,,,,,,,,,,,,,,,,,,,,,,,,,,,,,,,,,,,,,,,,,,,,,,,,,,,,,,,,,,,,,,,,,,,,,,,,,,,,,,,,,,,,,,,,,,,,,,,,,,,,,,,,,,,,,,,,,,,,,,,,,,,,
France_Ligue_1,2025-2026,Racing Club de Lens,3zkkrq8sph1lo23bt8d1nz10,R. Risser,Goalkeeper,40,4,,4,33,,,,119,11,,,10,2,8,,418,,33,,35,27,8,,6,2,4,,,1,241,,615,,,,3,42,,,238,,210,2,,,33,,,,,,,141,505,59,615,533,,,,,2970,,,15,,5,196,869,,674,,,195,1122,,,,,98,186,127,68,9,2,,,0,,,,1,1,,,39,,,,25,,,,,244,149,,,12,5,36,3,6,2,5,78,51,27,2,1,15,,,,,,,,,,,
France_Ligue_1,2025-2026,Racing Club de Lens,doctoq9o6be1yap6je75w0vrp,A. Saint-Maximin,Forward,9,5,3,2,10,26,10,,114,,1,5,60,34,26,152,47,1,10,3,6,5,1,,55,31,24,,1,15,24,1,164,1,,,1,73,3,,21,2,70,18,8,3,2,1,8,,7,14,3,10,142,128,24,135,3,,1,1,403,28,1,,3,7,82,167,11,145,3,29,22,293,1,16,15,12,,3,35,3,19,,1,2,0,3,1,1,3,3,,7,1,,2,,,,,1,,,,,,,,,,,,,,,,,,,,,,,3,,,,,,
France_Ligue_1,2025-2026,Racing Club de Lens,cngitl9unybpxpdle1nlc5qms,M. Sangaré,Midfielder,8,55,24,31,29,225,17,5,335,4,,11,336,146,190,471,356,26,29,3,29,22,7,1,281,122,159,2,40,34,457,3,1411,,,,3,147,41,27,207,,414,38,20,14,27,7,2,,1,32,44,83,1213,708,545,1169,34,52,6,4,2327,51,,29,35,43,317,1452,34,1252,86,40,200,1955,,6,6,25,8,42,153,53,158,5,1,2,0,2,1,3,1,4,1,1,4,,3,,,,3,2,,,,1,,,,,,,,,,,,,,,,,,,2,,,,,,
France_Ligue_1,2025-2026,Racing Club de Lens,2axi9gr1lhuewlt06emrk44q1,M. Sarr,Defender,20,84,33,51,32,139,4,25,454,11,,6,218,78,140,177,712,11,32,,33,25,8,,134,45,89,,76,5,408,,1891,,,,2,251,44,16,174,,712,6,13,5,32,,,,5,6,1,149,1672,747,1002,1595,23,40,1,17,2880,11,,129,20,21,267,1971,18,1744,63,17,227,2444,,5,5,5,45,103,153,79,124,3,,,0,,2,,1,1,,5,6,,1,,1,,,2,5,17,18,1,,,,1,,,,,,,,,,,,,,,,,,,,,
France_Ligue_1,2025-2026,Racing Club de Lens,aq8pym2fuweqbkxbbu7hqn0x6,Saud Abdulhamid,Defender,23,21,14,7,24,136,2,2,108,2,,7,126,67,59,373,159,12,24,2,17,13,4,2,105,53,52,1,11,19,266,1,582,,,,2,56,31,21,68,1,24,23,3,3,13,4,11,,14,4,4,11,520,345,192,512,12,22,,102,1300,18,,18,24,14,141,585,6,523,34,42,62,917,,30,30,11,11,14,74,18,48,3,2,0,1,2,,,4,4,1,14,3,10,5,,,1,,1,,,,,1,,,,,,,,,,,,,,1,,1,1,,,,,,,
France_Ligue_1,2025-2026,Racing Club de Lens,7h28voyog9dhvitn6hj1omhh,W. Saïd,Forward,22,40,25,15,28,186,10,,182,1,1,13,177,103,74,351,172,19,28,10,21,16,5,10,137,78,59,2,10,24,108,13,664,1,1,1,2,96,43,25,57,7,205,26,20,25,25,24,3,,6,25,43,26,550,328,235,531,7,14,6,2,1920,35,8,19,37,13,206,671,45,557,21,85,114,969,,15,15,16,2,17,101,28,97,2,3,7,6,7,1,2,2,2,,6,1,,10,,,,2,13,,,,,1,,,,,,,,,,,,,,,,,,,,,,,,
France_Ligue_1,2025-2026,Racing Club de Lens,36ylt0kjn7t0vajmelu4mbazu,A. Sima,Forward,19,39,19,20,20,72,7,,101,,,6,97,53,44,186,43,8,20,2,11,8,3,2,58,34,24,1,2,8,52,3,224,,,,,54,16,5,34,1,62,10,13,9,6,6,14,,7,4,7,8,169,111,70,166,2,5,1,8,682,19,1,12,14,13,106,229,22,174,7,58,55,392,,6,6,7,1,3,48,13,52,3,0,2,1,1,3,,2,2,,7,,1,,,,,2,3,,,,,1,,,,,,,,,,,,,,,,,,,,,,,,
France_Ligue_1,2025-2026,Racing Club de Lens,7izciy79i6d6h7usfr8mcmh91,F. Sotoca,Forward,7,22,11,11,25,53,2,,54,,1,3,61,35,26,154,61,2,25,,8,6,2,,39,24,15,1,5,7,57,2,218,,,,,33,15,5,19,,55,7,10,,3,3,22,,,1,11,6,168,125,51,170,2,4,3,1,404,11,,4,9,8,83,226,10,176,6,24,50,321,,11,11,5,1,4,53,8,46,2,,,0,,1,,,,,,,,1,,,,,,,,,,,,,,,,,,,,,,,,1,,,,,,,,,,
France_Ligue_1,2025-2026,Racing Club de Lens,1op4tks39vwt6djhzfesy15w4,F. Sylla,Midfielder,18,3,1,2,4,9,,,16,,,,17,6,11,5,20,2,4,,1,1,,,14,5,9,,3,1,13,,55,,,,,4,,,11,,14,1,,,1,1,3,,,,,1,46,16,31,46,2,7,,,97,2,,3,3,,11,56,,47,9,,9,78,,,,1,,,4,5,9,,,,0,,,,,,,,,,,,,,,,,,,,,,,,,,,,,,,,,,,,,,,,,,,,
France_Ligue_1,2025-2026,Racing Club de Lens,8shwa0k28rt5duyrhuqza1hhx,F. Thauvin,Forward,10,30,19,11,32,212,16,2,480,1,79,46,290,171,119,893,349,8,32,10,27,21,6,9,260,152,108,2,10,72,419,8,1077,7,3,2,3,264,58,18,110,1,131,77,29,26,28,22,4,29,56,49,54,41,850,633,301,837,9,16,9,12,2399,118,6,7,18,34,589,1111,55,878,25,167,233,1810,40,138,79,63,4,35,340,31,198,6,5,5,1,7,1,8,5,5,,23,,,16,,,,2,10,,,,1,1,,,,,,,,,,,,,,1,,,,1,,,,,,
France_Ligue_1,2025-2026,Racing Club de Lens,c8u45gxriyq1rup5fpr30xrdh,A. Thomasson,Midfielder,28,44,24,20,31,284,11,4,223,8,86,17,385,205,180,683,339,40,31,3,33,25,8,3,341,181,160,5,18,72,264,4,1275,1,,,3,87,95,48,189,1,447,81,19,13,31,9,,34,41,19,79,36,1055,640,510,1073,48,51,4,6,2661,70,2,26,54,43,433,1334,32,1109,99,143,225,1983,43,79,27,25,12,31,240,64,194,11,2,1,0,3,2,2,7,9,,3,5,1,11,,,,4,10,,,,2,,,,,,,,,,,,,,,,,,,,,,,,,
France_Ligue_1,2025-2026,Racing Club de Lens,d7xmdbhg68ygcowv6pdofgvyt,M. Udol,Defender,14,72,37,35,33,282,8,8,335,10,1,34,266,140,126,682,412,12,33,1,35,27,8,1,194,103,91,,50,47,38,2,1272,3,,,3,195,88,44,131,,556,54,21,17,33,3,,,42,15,7,42,1062,599,519,1034,26,23,3,179,2958,52,,62,30,27,408,1288,38,1076,49,90,212,2061,,70,70,26,32,73,221,61,139,2,1,0,0,1,,1,7,7,,42,9,28,22,,,,,7,,,,,,,,,,,,,,,,,,,1,,,,,,,,,,
France_Ligue_1,2025-2026,Racing Club de Lens,c9pmcoyzgtgcnlc63cl4283bp,O. Édouard,Forward,11,52,25,27,29,86,11,4,105,,,4,191,122,69,293,56,6,29,12,19,14,5,12,139,97,42,2,3,17,62,12,263,,1,1,2,66,14,8,36,7,84,20,18,31,26,26,3,,,16,28,4,206,155,76,227,5,5,2,,1818,64,7,22,21,17,166,288,49,231,10,100,57,580,,1,1,24,,2,46,12,55,2,9,3,3,9,2,2,2,3,,,,,3,,,1,7,18,,,,2,3,,,,,,,,,,,,,,,,,,,,,,,,
France_Ligue_1,2025-2026,RC Strasbourg Alsace,3e703hmiskmwqd4f3hvx326tw,S. Amo-Ameyaw,Forward,27,3,3,,25,135,6,,266,1,4,10,149,74,75,328,59,6,25,2,18,18,,2,146,71,75,2,3,11,199,2,408,7,,,2,156,18,8,48,1,21,13,6,5,9,5,16,1,11,28,12,11,362,217,162,357,10,11,3,27,1042,46,1,1,15,26,169,414,11,368,21,44,46,706,2,40,38,27,,4,76,10,42,2,2,0,0,1,,1,1,2,1,10,,1,2,,,,1,1,,,,,,,,,,,,,,,,,,,,,,,,,,,,,
France_Ligue_1,2025-2026,RC Strasbourg Alsace,1mpj1a78az7a7heu8ovab6c5w,M. Amougou,Midfielder,17,,,,12,40,,1,66,,,,46,21,25,61,64,3,12,,8,8,,,46,21,25,,2,5,67,,222,,,,,36,9,4,21,,58,5,1,2,4,4,8,,,4,6,,197,103,101,204,6,11,1,6,406,8,,2,4,4,42,229,3,204,17,6,25,300,,2,2,5,,3,17,10,22,1,,,0,,,,,,,,,1,,,,,,1,,,,,,,,,,,,,,,,,,,,,,,,,,,,,
France_Ligue_1,2025-2026,RC Strasbourg Alsace,ay8tikc1j1r2luqovxrmuf9xw,A. Anselmino,Defender,5,2,,2,3,,,,1,,,,2,,2,1,3,,3,,1,,1,,,,,,1,,3,,7,,,,,,,,,,2,,,,,,3,,,,,,7,,8,8,,,,,15,,,7,,,,8,,8,,,,16,,,,,,,,,,,,,0,,,,,,,,,,,,,,,,,,,,,,,,,,,,,,,,,,,,,,,,,,,,
France_Ligue_1,2025-2026,RC Strasbourg Alsace,8c44ama4w8abj70rkgciwlawa,S. Bajić,Goalkeeper,50,,,,,,,,,,,,,,,,,,,,,,,,,,,,,,,,,,,,,,,,,,,,,,,,,,,,,,,,,,,,,,,,,,,,,,,,,,,,,,,,,,,,,,,,,,,,,,,,,,,,,,,,,,,,,,,,,,,,,,,,,,,,,,,,,,,,
France_Ligue_1,2025-2026,RC Strasbourg Alsace,jvtea24o3s6ze8etqk0rqgru,D. Bakwa,Forward,26,,,,3,9,1,,37,,4,2,16,6,10,47,8,,3,1,2,2,,1,16,6,10,,1,1,22,,42,,,,,21,3,2,6,,3,3,,1,,,3,1,2,5,1,2,37,30,9,35,,1,2,1,105,5,,1,,4,19,42,1,37,1,5,5,77,3,5,2,4,1,1,10,,4,,0,1,0,1,,1,2,2,,1,,,2,,,1,,,,,,,,,,,,,,,,,,,,,,,,,,,,,,,
France_Ligue_1,2025-2026,RC Strasbourg Alsace,1au9xpmimbyr1jceidcy6v7kk,V. Barco,Midfielder,32,19,10,9,26,198,9,1,389,5,51,21,255,107,148,476,485,11,26,2,29,27,2,2,236,97,139,2,13,32,446,2,1444,1,,,2,207,36,18,127,,388,36,8,10,23,4,3,15,27,24,54,66,1249,625,711,1243,25,29,39,24,2111,63,1,11,23,61,387,1517,18,1309,54,37,208,2015,32,75,33,34,4,49,244,39,159,5,1,1,0,2,,2,4,4,1,6,,,13,,,,1,3,1,,,4,,,,,,,,,,,,,,,2,,1,1,,,,,,,
France_Ligue_1,2025-2026,RC Strasbourg Alsace,e0dldtpu60vugoetjip2mc2l0,Y. Becker,Defender,43,,,,,,,,,,,,,,,,,,,,,,,,,,,,,,,,,,,,,,,,,,,,,,,,,,,,,,,,,,,,,,,,,,,,,,,,,,,,,,,,,,,,,,,,,,,,,,,,,,,,,,,,,,,,,,,,,,,,,,,,,,,,,,,,,,,,
France_Ligue_1,2025-2026,RC Strasbourg Alsace,e5yvwtxe13n8tsojrq1leqmfo,J. Bosey,Forward,38,,,,1,,,,1,,,,1,1,,1,,1,1,,,,,,1,1,,,,,,,,1,,,,1,,,,,,,,,,,1,,,,,,,,,,,,,,1,,,,1,,1,,,,,,,1,,,,,,,,,,,,,0,,,,,,,,,,,,,,,,,,,,,,,,,,,,,,,,,,,,,,,,,,,,
France_Ligue_1,2025-2026,RC Strasbourg Alsace,7usl4495egoptlrd762f0arbp,B. Chilwell,Defender,3,19,9,10,20,126,1,4,168,2,7,3,122,55,67,171,306,2,20,,24,24,,,103,46,57,,22,5,65,4,757,2,,,3,94,22,13,73,,295,7,1,3,19,6,1,2,11,10,3,21,664,252,454,674,8,17,,86,1602,17,,53,14,22,192,792,4,695,25,11,97,1166,5,19,13,7,11,38,91,25,59,4,,,0,,,,2,2,,8,4,19,4,,,,,1,,,,,,,,,,,,,,,,,,,,,,,,,,,,,
France_Ligue_1,2025-2026,RC Strasbourg Alsace,3rv3k4dfulc5u1zcxdjlfx1w,O. Chizurum,Forward,0,,,,,,,,,,,,,,,,,,,,,,,,,,,,,,,,,,,,,,,,,,,,,,,,,,,,,,,,,,,,,,,,,,,,,,,,,,,,,,,,,,,,,,,,,,,,,,,,,,,,,,,,,,,,,,,,,,,,,,,,,,,,,,,,,,,,
France_Ligue_1,2025-2026,RC Strasbourg Alsace,cgz69hvek2s4pmrngu9ubdg5w,A. Cissé,Defender,33,1,,1,1,8,,1,4,,,,9,4,5,11,23,2,1,,3,3,,,8,4,4,,,1,15,,50,,,,,1,3,3,3,,7,1,,,1,,,,,1,,1,43,18,27,44,1,2,,5,90,1,,8,3,,13,53,,45,3,1,8,84,,,,,2,3,6,2,5,,,,0,,,,,,,,,2,,,,,,,,,,,,,,,,,,,,,,,,,,,,,,,,,,,
France_Ligue_1,2025-2026,RC Strasbourg Alsace,1ltc40nsr2fkx99i5hf7i3mga,S. Coulibaly,Defender,44,40,13,27,16,64,1,9,185,3,,,99,36,63,24,201,7,16,,28,21,7,,59,23,36,1,14,1,151,1,725,,,,1,106,7,3,73,,329,1,3,2,15,2,1,,,3,,39,652,173,499,633,3,11,,1,1339,,,75,26,20,82,745,5,672,14,12,73,923,,1,1,,16,37,55,19,36,3,,,0,,,,,,,,4,,,,,,1,,,6,6,,,,,,,,,,,,,,,,1,1,,,,,,,,,
France_Ligue_1,2025-2026,RC Strasbourg Alsace,6ita8t40qk3b85mrqpq71gjys,D. Fofana,Forward,15,5,4,1,5,13,,,14,,,1,19,13,6,24,1,,5,,2,2,,,14,9,5,,1,1,9,3,31,,,,,4,1,,3,,10,1,2,1,3,3,2,,,2,3,,26,19,9,28,1,1,,,170,6,,2,3,1,16,33,3,28,2,7,5,59,,,,2,,,4,1,5,,,,0,,,,,,,,,,,,,,,3,,,,,,,,,,,,,,,,,,,,,,,,,,,,,
France_Ligue_1,2025-2026,RC Strasbourg Alsace,9t0e3nk3d4ho198p1n0ldbsic,Y. Diémé,Forward,34,4,4,,3,8,1,,6,,,1,11,10,1,17,4,2,3,,2,2,,,7,6,1,1,,,3,1,14,,,,,3,3,2,1,,2,,,1,2,2,1,,,,2,,11,8,6,14,,,,,155,3,,1,4,1,9,17,1,14,,4,3,30,,1,1,,,,3,1,3,2,,,0,,,,,,,,,,,,,1,,,,,,,,,,,,,,,,,,,,,,,,,,,,,,,
France_Ligue_1,2025-2026,RC Strasbourg Alsace,7bba28af7hqhh7ruo91x2mk9g,I. Doukouré,Defender,6,51,22,29,24,133,,11,352,5,,2,129,54,75,77,409,4,24,,27,24,3,,78,32,46,1,22,4,388,,1380,1,,,4,185,18,8,92,,512,6,4,3,24,4,,,1,10,11,36,1265,378,945,1286,7,12,7,12,1986,11,,68,20,17,158,1442,7,1322,19,14,120,1690,,2,2,3,14,44,84,38,76,4,,,0,,,,,2,,1,2,2,2,,1,,1,2,1,21,21,,,,,,,,,,,,,,,,1,1,2,2,,,,,,,
France_Ligue_1,2025-2026,RC Strasbourg Alsace,446lrhzh79xugyt2pgnrwypnu,G. Doué,Defender,22,87,32,55,23,169,3,8,304,5,,3,271,130,141,267,443,16,23,2,28,25,3,2,184,98,86,,27,13,432,,1189,2,,,3,174,38,19,95,2,177,19,4,5,22,4,1,,16,18,10,21,1033,470,609,1042,10,37,4,107,1973,39,2,96,41,21,287,1221,9,1063,47,29,158,1769,,34,34,15,12,31,143,49,127,3,1,1,0,2,1,,5,6,,16,6,17,6,,,,1,3,,3,3,,,,,,,,,,,,,,,,,,,,,,,,,,
France_Ligue_1,2025-2026,RC Strasbourg Alsace,26yt4f0i77i9fvaujwg0dnbbo,S. El Mourabet,Midfielder,29,26,17,9,32,211,6,11,353,2,3,3,213,88,125,239,326,16,32,1,24,22,2,,187,71,116,,25,25,410,3,1363,,,,4,139,34,24,125,,444,27,4,1,24,15,8,1,4,17,28,50,1227,530,729,1205,37,37,8,7,2045,29,,21,23,25,215,1391,5,1255,74,13,136,1742,2,11,9,11,5,26,117,30,110,4,1,0,0,,,1,1,2,,3,2,,5,,,1,1,,,,,,,,,,,,,,,,,,,,,,,,1,,,,,,
France_Ligue_1,2025-2026,RC Strasbourg Alsace,d89utbh576jnm3r5sh108ikx6,E. Emegha,Forward,10,5,,5,10,23,4,,21,1,,3,34,17,17,51,7,,10,4,6,4,2,4,29,17,12,,,1,15,4,48,,,,,10,2,,9,2,7,3,5,8,4,2,6,,,3,8,1,39,22,21,42,,,,,440,5,4,5,12,9,24,52,13,43,,23,9,106,,,,4,,,6,3,9,3,3,1,3,3,,1,2,2,,,,,2,,,,2,3,,,,1,1,,,,,,,,,,,,,,,,,,,,,,,,
France_Ligue_1,2025-2026,RC Strasbourg Alsace,1mf7tr17fqnddm23nx1z1tsh6,J. Enciso,Midfielder,19,32,20,12,26,162,17,1,284,1,26,14,233,121,112,448,147,10,26,3,26,23,3,3,201,101,100,2,6,21,124,3,568,4,1,1,4,171,35,21,67,2,180,24,20,22,21,15,5,12,21,50,39,12,471,339,197,503,11,9,2,7,1802,78,3,8,19,30,266,613,42,515,20,77,98,1039,11,35,20,40,,6,115,18,92,2,1,2,2,2,1,1,3,3,,7,,,6,,,,2,8,,,,4,,,,,,,,,,,,,,,1,,,,,,,,,,
France_Ligue_1,2025-2026,RC Strasbourg Alsace,1ky09avsu2ndb4onl10pyo1zo,M. Godo,Forward,20,8,4,4,27,168,10,1,223,1,1,14,150,80,70,342,59,2,27,8,20,18,2,7,142,76,66,4,13,20,45,10,412,4,,,1,118,30,17,71,5,143,21,13,15,17,11,10,1,10,21,13,7,345,212,146,341,4,12,2,5,1497,56,6,8,15,29,190,415,28,348,16,87,67,720,,20,20,26,2,7,70,17,60,2,5,3,1,8,3,,1,1,1,9,,,1,,,1,1,8,,,,,2,,,,,,,,,,,,,,1,,,,1,,,,,,1
France_Ligue_1,2025-2026,RC Strasbourg Alsace,2rvx2wlfj2rxzcgye6wiw0v84,L. Høgsberg,Defender,24,36,18,18,23,65,1,20,214,4,,2,95,44,51,28,453,6,23,,32,31,1,,59,26,33,1,13,1,449,1,1258,,,,3,115,13,3,89,,356,1,2,1,21,8,2,,,1,,48,1165,359,869,1180,11,10,1,18,1795,2,,65,16,13,111,1323,3,1228,21,7,95,1515,,,,,16,36,55,40,59,2,,,0,,,,,,,,5,3,,,1,,,,,40,40,,,,,,,,,,,,,,,,,,,1,,1,,,,,
France_Ligue_1,2025-2026,RC Strasbourg Alsace,9ldz2updrruze1tkw0erfr3dh,K. Johnsson,Goalkeeper,1,1,,1,1,,,,2,1,,,1,,1,,16,,1,,,,,,,,,,,,7,,26,,,,,,,,9,,9,,,,1,,,,,,,4,23,2,23,21,,,,,90,,,3,,,7,32,,25,,,7,40,,,,,4,7,6,1,,,,,0,,,,,,,,2,,,,,,,,,3,2,,,1,,1,,,,1,2,2,,,,,,,,,,,,,,,
France_Ligue_1,2025-2026,RC Strasbourg Alsace,6k8ctiupbaicfaow5bm57gx04,G. Kerckaert,Goalkeeper,60,,,,,,,,,,,,,,,,,,,,,,,,,,,,,,,,,,,,,,,,,,,,,,,,,,,,,,,,,,,,,,,,,,,,,,,,,,,,,,,,,,,,,,,,,,,,,,,,,,,,,,,,,,,,,,,,,,,,,,,,,,,,,,,,,,,,
France_Ligue_1,2025-2026,RC Strasbourg Alsace,7mjc5a2k7wz4flem6upj5u1w4,F. Lemaréchal,Midfielder,80,7,3,4,11,67,3,,80,1,6,2,81,42,39,148,59,4,11,,6,6,,,74,39,35,,3,5,56,,225,1,,,,37,24,14,25,,52,7,5,2,7,6,4,3,5,12,12,3,173,106,80,178,11,6,3,,554,21,,7,8,6,106,234,7,181,17,16,53,377,3,10,5,10,3,3,52,11,50,1,,,0,,,,1,2,,2,,,2,,,,,1,,,,2,,,,,,,,,,,,,,,,,,,,,,,,,
France_Ligue_1,2025-2026,RC Strasbourg Alsace,1qcj2upaz0xa98zkc835djo8a,S. Mara,Forward,14,78,47,31,26,70,9,,76,,,6,192,109,83,205,41,11,26,3,17,14,3,3,114,62,52,3,3,6,64,2,214,5,,,2,27,18,9,24,2,53,8,11,12,13,12,13,,,15,17,9,152,115,51,157,6,6,2,2,1147,37,2,7,27,25,144,228,23,166,12,45,62,447,,,,16,,1,47,15,61,,3,0,0,3,,1,2,2,,,,,2,,,1,11,1,,,,1,,,,,,,,,,,,,,,,,,,,,,,,,
France_Ligue_1,2025-2026,RC Strasbourg Alsace,8hg7sqlb5o3duhbhm31oifjhm,D. Moreira,Forward,7,30,15,15,26,217,8,4,301,2,2,21,251,133,118,511,230,5,26,3,27,25,2,1,221,118,103,,19,29,184,8,899,4,,,2,173,36,16,87,,283,33,7,9,22,15,4,1,19,35,34,32,729,423,340,712,20,24,2,53,1951,74,1,26,18,25,369,914,16,744,44,64,170,1424,1,67,65,49,7,28,196,41,142,4,2,1,1,2,,3,3,4,,18,1,4,11,,,,5,1,,,,2,,,,,,,,,,,,,,,2,,,,2,,,,,,
France_Ligue_1,2025-2026,RC Strasbourg Alsace,4y1je8y7jioje2r96vf8zutxw,J. Mwanga,Midfielder,18,38,22,16,20,81,2,7,252,3,,1,173,84,89,154,218,16,20,1,33,28,5,1,135,62,73,,13,17,284,,762,3,,,4,136,26,13,80,1,204,18,5,3,20,4,,,1,18,12,36,656,290,390,643,18,21,4,20,1642,19,1,27,25,16,160,787,8,679,39,18,108,1036,,8,8,10,2,39,91,25,69,2,1,0,0,,,,1,1,1,1,3,,2,,,,3,1,1,8,9,,,,,1,,,,,,,,,,,,,1,1,,,,,,,
France_Ligue_1,2025-2026,RC Strasbourg Alsace,144jdrezcfwd4uh3sk7zhtizu,S. Nanasi,Midfielder,11,9,7,2,18,94,2,3,84,1,26,4,61,39,22,223,95,6,18,5,13,12,1,5,52,32,20,,6,14,81,1,364,,,,1,47,12,4,22,2,107,16,5,9,10,5,8,2,3,5,20,8,300,196,120,305,8,4,5,12,957,14,4,13,8,3,115,377,14,313,12,47,64,520,16,21,4,9,1,8,73,12,56,,1,4,1,4,1,2,1,2,,1,,,3,,,,2,6,,,,,1,,,,,,,,,,,,,,,,,,,,,,,,
France_Ligue_1,2025-2026,RC Strasbourg Alsace,d9otg45whw325kvhvrdfv05ck,T. Noubissie,Midfielder,28,1,,1,3,5,,,10,,,,2,,2,4,5,,3,,,,,,1,,1,,1,,11,,31,,,,,5,,,4,,10,,,,,,3,,,,,1,30,14,16,29,,,,,24,,,,,1,1,31,,30,,,1,34,,,,,,,,1,1,,,,0,,,,,,,,,,,,,,,,,,,,,,,,,,,,,,,,,,,,,,,,,,,,
France_Ligue_1,2025-2026,RC Strasbourg Alsace,dm57w3nxih25gl3hwzimyen10,R. Nzingoula,Midfielder,41,,,,4,3,1,,8,,,2,13,8,5,12,2,1,4,,1,1,,,13,8,5,,1,1,11,,20,,,,,5,3,1,,,4,1,,,,,4,,,1,1,,16,6,10,16,1,1,,1,49,4,,1,3,2,12,20,,16,2,3,4,39,,1,1,2,,,5,,4,,,,0,,,,,,,,,,,,,,,,,,,,,,,,,,,,,,,,,,,,1,1,,,,,,,
France_Ligue_1,2025-2026,RC Strasbourg Alsace,70hdfmna3nvwjlufm9rs92uzu,A. Omobamidele,Defender,2,34,9,25,24,43,,8,255,3,,1,67,25,42,15,270,2,24,1,17,15,2,1,33,16,17,,16,,467,,1095,,,,1,144,8,4,57,,362,,1,2,12,5,12,,,,,12,1053,199,901,1088,3,4,,2,1261,2,1,69,13,10,50,1142,3,1100,7,7,42,1288,,,,1,3,6,24,18,36,4,0,1,1,,,1,,,,,3,,,,,,,1,1,30,30,,,,,,,,,,,,,,,,,,,,,,,,,,
France_Ligue_1,2025-2026,RC Strasbourg Alsace,1gfomo3mo11cttdhprm1jtp0,A. Ouattara,Midfielder,42,9,6,3,27,227,7,1,191,4,,6,85,44,41,245,171,5,27,2,23,22,1,2,76,38,38,2,20,5,218,1,807,,,,1,89,20,12,99,2,207,5,9,11,18,6,9,,4,7,26,10,726,300,446,732,10,11,1,57,1675,23,2,31,11,10,155,823,20,742,21,44,81,1128,,12,12,14,6,9,61,32,72,2,2,0,0,1,,,,,,4,,10,4,,,1,,2,,,,,,,,,,,,,,,,,,,,,,,,,,,,,
France_Ligue_1,2025-2026,RC Strasbourg Alsace,da8g61fdeuuqqeldh3rgba2hg,M. Oyedele,Midfielder,8,12,8,4,8,41,,,69,,,,49,23,26,48,80,6,8,1,10,9,1,1,37,15,22,1,5,1,83,,285,1,,,1,27,4,2,22,1,88,1,1,1,6,3,2,,,4,8,10,255,111,151,252,5,8,1,9,447,3,,11,9,5,44,292,2,262,13,2,30,365,,,,3,2,8,22,8,22,3,0,1,0,1,,,,,,,1,,,,,,,,,,,,,,,,,,,,,,,,,,,,,,,,,,,,
France_Ligue_1,2025-2026,RC Strasbourg Alsace,1m5ng39pgvlwgo6dci8gtwphw,J. Panichelli,Forward,9,139,79,60,27,146,8,8,95,5,,11,307,169,138,363,78,11,27,16,29,27,2,15,168,90,78,1,12,21,130,14,449,2,6,5,3,55,34,15,71,11,112,22,20,31,24,5,3,,,11,63,3,321,197,141,335,18,8,5,,2195,45,14,32,43,44,249,466,51,338,26,122,128,838,,,,19,3,8,112,16,120,3,6,10,5,10,3,2,1,1,,,,,5,,,,7,13,,,,,3,,,,,,,,,,,,,,,,,,1,,,,,,
France_Ligue_1,2025-2026,RC Strasbourg Alsace,47vs05b8xlhvx5sqo2t5kys4,M. Penders,Goalkeeper,39,5,,5,32,,,,198,8,,,7,1,6,,521,1,32,,43,40,3,,2,1,1,,,,312,,1173,,,,4,89,1,,236,,537,,,,32,,,,,,,142,1044,72,1113,1043,,,,,2880,,,19,1,2,191,1370,,1185,,,185,1620,,,,,101,170,126,59,15,3,,,0,,,,,,1,,33,,,,17,,,,,184,116,,,22,5,25,,5,1,9,102,71,31,1,4,24,,,,,,,,,,,
France_Ligue_1,2025-2026,RC Strasbourg Alsace,15bgz7ulf86mvr3m35ys0u590,K. Páez,Midfielder,16,6,4,2,15,38,2,,68,,5,4,65,48,17,109,39,3,15,1,3,3,,1,59,44,15,,3,6,53,1,158,1,,,1,30,15,10,11,,29,6,4,4,4,4,11,1,2,6,9,2,122,80,45,121,2,4,4,,420,22,1,6,7,3,82,159,8,123,6,22,36,267,4,15,11,13,,7,45,6,29,,0,1,0,1,,,,,,1,,,1,,,,1,1,,,,2,1,,,,,,,,,,,,,,,,,,,,,,,,
France_Ligue_1,2025-2026,RC Strasbourg Alsace,a4kctqqujbovz5sb65mgk39ck,Rafael Luís,Midfielder,83,2,1,1,12,71,2,,100,,,2,56,31,25,70,88,3,12,,13,13,,,54,30,24,,4,5,111,,381,,,,1,35,10,5,20,,115,6,,3,6,2,6,,,4,12,19,335,146,193,320,9,9,3,5,585,12,,6,7,2,72,385,3,339,18,7,46,480,,4,4,8,2,17,41,9,29,,,,0,,,,1,1,,,2,,1,,,,,,,,,,,,,,,,,,,,,,,,,,,,,,,,,,
France_Ligue_1,2025-2026,RC Strasbourg Alsace,7fa3c2wgio5w75kvkgk4dcc9g,I. Sabaly,Midfielder,34,,,,1,8,,,4,,,1,3,1,2,10,8,1,1,,3,3,,,3,1,2,,1,,5,,24,,,,,2,1,1,2,,3,,1,,1,1,,,,1,1,,16,6,10,16,,1,,,57,,,,1,,12,24,1,16,1,2,8,33,,2,2,,,1,8,2,7,,,,0,,,,,,,,,,,,,,,,,,,,,,,,,,,,,,,,,,,,,,,,,,,,
France_Ligue_1,2025-2026,RC Strasbourg Alsace,433fwn94e2najnmvvg9u47oyc,I. Samuels-Smith,Defender,3,,,,,,,,,,,,,,,,,,,,,,,,,,,,,,,,,,,,,,,,,,,,,,,,,,,,,,,,,,,,,,,,,,,,,,,,,,,,,,,,,,,,,,,,,,,,,,,,,,,,,,,,,,,,,,,,,,,,,,,,,,,,,,,,,,,,
France_Ligue_1,2025-2026,RC Strasbourg Alsace,2bfs1dfmyao4e3gzha29t1lw4,M. Sarr,Defender,23,42,22,20,15,56,,3,209,5,,1,98,47,51,23,257,7,15,,16,15,1,,56,25,31,,9,1,319,,921,,,,1,92,7,6,72,,350,1,1,,15,1,,,,5,,30,873,208,725,903,3,12,,6,1305,6,,65,16,11,67,982,1,933,15,4,49,1139,,,,2,13,20,25,24,29,3,,,0,,,,,,,,5,2,,,,,,,,28,28,,,,,,,,,,,,,,,,,,,,,,,,,,
France_Ligue_1,2025-2026,RC Strasbourg Alsace,1hlvnmu8we38d44sdexhhxcyd,E. Sobol,Defender,77,,,,,,,,,,,,,,,,,,,,,,,,,,,,,,,,,,,,,,,,,,,,,,,,,,,,,,,,,,,,,,,,,,,,,,,,,,,,,,,,,,,,,,,,,,,,,,,,,,,,,,,,,,,,,,,,,,,,,,,,,,,,,,,,,,,,
France_Ligue_1,2025-2026,RC Strasbourg Alsace,cn6uwymow3ewbnr6niqumao0k,A. Sylla,Defender,5,6,1,5,3,3,,,12,,,,10,5,5,9,19,,3,,3,3,,,4,4,,,,,11,,45,,,,,9,1,,2,,15,,2,,1,1,2,,,,,,39,16,25,41,,,,,65,2,,2,2,,11,48,2,41,,2,7,59,,,,,,1,4,3,6,,,,0,,,,,,,,,1,,,,,,1,,,,,,,,,,,,,,,,,,,,,,,,,,,,,
France_Ligue_1,2025-2026,RC Strasbourg Alsace,15nu0pkl5nko4fpoyf1j9e87o,G. Yassine,Forward,80,,,,12,65,3,,97,,5,5,97,45,52,167,46,6,12,,9,8,1,,97,45,52,1,2,7,49,1,176,1,,,1,48,13,9,25,,19,8,4,1,6,5,6,1,4,10,3,1,145,105,47,147,13,10,2,3,509,31,,1,9,19,96,179,5,148,23,29,31,336,2,15,13,19,1,3,42,4,28,,,,0,,,,1,1,,3,,,3,,,1,,1,,,,,,,,,,,,,,,,,,,,,,,,,,,,,
France_Ligue_1,2025-2026,Stade Brestois 29,am0pcyvtaws1i69jt09dgnsnp,L. Ajorque,Forward,19,290,121,169,31,246,12,6,136,7,,16,486,227,259,454,94,29,31,8,48,41,7,8,196,106,90,2,13,31,216,14,744,1,,,4,52,23,13,74,2,198,40,25,17,31,3,,,2,11,80,30,514,300,226,494,7,20,1,,2733,34,5,42,63,54,361,754,42,524,27,134,230,1158,,7,7,6,6,16,195,42,214,9,7,1,3,7,3,3,6,9,,2,3,,4,,,1,23,11,,,,,3,,,,,,,,,,,,,,,,1,1,,,,,,,
France_Ligue_1,2025-2026,Stade Brestois 29,dtq60oy7uyxjs7hob25ldpr10,J. Bourgault,Defender,18,3,2,1,1,3,,,,,,,4,2,2,3,1,,1,,2,2,,,1,,1,,1,,,,4,,,,,,,,,,,,1,,,,1,,,1,,1,4,2,2,3,,,,3,15,,,1,,,,4,1,4,,,,11,,,,,,,,,,,,,0,,,,,,,,,,,,,,,,,,,,,,,,,,,,,,,,,,,,,,,,,,,,
France_Ligue_1,2025-2026,Stade Brestois 29,e6se9kft2lf9hs92rof2pnn6c,A. Camblan,Midfielder,11,1,1,,1,,,,,,,,1,1,,5,,,1,,,,,,,,,,,1,1,,3,,,,,,,,,,2,1,,,,,1,,,,,,3,3,,3,,,,,11,,,,,,1,3,,3,,,,5,,,,,,,,,,,,,0,,,,,,,,,,,,,,,,,,,,,,,,,,,,,,,,,,,,,,,,,,,,
France_Ligue_1,2025-2026,Stade Brestois 29,7xd54eb65lg7zldvnyd58bq39,B. Chardonnet,Defender,5,133,55,78,28,78,,40,253,9,,3,218,91,127,67,379,8,28,1,42,36,6,1,85,36,49,2,31,9,452,,1140,,,,3,155,21,14,69,,284,12,5,6,28,2,,,3,1,2,89,958,229,774,911,14,19,4,1,2457,2,1,180,27,20,211,1193,11,1000,33,31,193,1579,,4,4,1,70,120,151,46,73,5,0,1,0,,,,2,3,,3,28,,6,,,1,,1,1,16,16,,1,,,,,,,,,,,,,,,,,,,,,,,,
France_Ligue_1,2025-2026,Stade Brestois 29,7za8h1pgec0y2s1ihmkkfvpm2,J. Chotard,Midfielder,13,43,17,26,32,193,7,14,207,8,24,5,194,87,107,231,413,17,32,2,47,39,8,,151,70,81,,47,10,278,,1142,,,,4,103,47,32,128,2,296,11,10,8,31,6,1,7,12,4,16,80,922,451,516,875,30,36,4,1,2761,12,,89,28,12,302,1180,18,955,66,8,225,1610,14,39,22,8,33,77,206,58,148,2,2,0,0,2,,,,1,,1,8,,,,,,1,2,,,,,,,,,,,,,,,,,,,,,,,2,,,,,,
France_Ligue_1,2025-2026,Stade Brestois 29,btm657ozudwbxx16twjs0vp49,G. Coudert,Goalkeeper,30,11,,11,24,1,,,107,6,,1,19,2,17,,540,1,24,,39,32,7,,8,2,6,,,,89,,432,,,,3,38,1,,164,,100,,,,23,,1,,,1,,196,260,151,273,228,,,,,2101,,,22,1,8,311,730,,424,,,306,943,,,,,198,303,280,26,3,2,,,0,,,,,,1,,93,,,,11,,,,,183,178,,,14,9,72,,4,1,9,76,46,30,1,2,21,,,,,,,,,,,
France_Ligue_1,2025-2026,Stade Brestois 29,1ltc40nsr2fkx99i5hf7i3mga,S. Coulibaly,Defender,44,40,13,27,16,64,1,9,185,3,,,99,36,63,24,201,7,16,,28,21,7,,59,23,36,1,14,1,151,1,725,,,,1,106,7,3,73,,329,1,3,2,15,2,1,,,3,,39,652,173,499,633,3,11,,1,1339,,,75,26,20,82,745,5,672,14,12,73,923,,1,1,,16,37,55,19,36,3,,,0,,,,,,,,4,,,,,,1,,,6,6,,,,,,,,,,,,,,,,1,1,,,,,,,,,
France_Ligue_1,2025-2026,Stade Brestois 29,32bc16sg6h58ajxigp7nl1ryt,R. Del Castillo,Midfielder,10,60,30,30,31,246,7,1,311,2,74,23,346,186,160,740,297,17,31,8,43,39,4,8,286,156,130,1,29,50,327,5,920,11,8,6,3,151,57,24,158,,124,53,12,12,31,19,,15,44,29,39,31,689,518,269,712,22,37,13,19,2579,93,7,23,28,42,580,994,24,743,59,55,251,1684,52,149,74,56,9,38,347,53,213,2,4,4,3,1,,8,3,3,,20,3,1,11,,,,5,4,,,,3,,,,,,,,,,,,,,,,,1,1,,,1,,,,
France_Ligue_1,2025-2026,Stade Brestois 29,eja2nphte2kxb19bz108zk7is,J. Diaz,Defender,4,60,27,33,20,38,2,24,180,6,,1,115,41,74,38,225,3,20,,24,21,3,,55,14,41,,24,1,119,,627,1,,,3,106,13,5,61,,260,1,4,1,17,1,3,,1,3,,50,537,163,389,501,8,19,1,4,1560,2,,100,8,11,104,642,5,551,27,17,91,883,,,,1,22,37,58,33,54,4,,,0,,1,,,,,1,4,,,1,2,1,,2,,,,,,,,,,,,,,,,,,,,,,,,,,,,,
France_Ligue_1,2025-2026,Stade Brestois 29,f5lfo1hz7u5bk494w53arcacq,J. Dina Ebimbe,Midfielder,7,31,22,9,27,89,10,,72,,,6,134,82,52,187,63,12,27,5,21,19,2,5,103,60,43,2,6,8,50,3,275,1,,,2,38,18,8,44,3,74,8,8,9,15,14,12,,1,3,10,7,211,121,92,205,9,16,2,4,1167,28,4,13,22,15,131,276,17,212,25,56,64,463,,4,4,14,,2,53,15,62,3,3,2,0,3,,1,,,,1,,2,2,,,,4,6,,,,,1,,,,,,,,,,,,,,,,,,,,,,,,
France_Ligue_1,2025-2026,Stade Brestois 29,8gma3ufrjv0hj0k2nulcbodn8,S. Diop,Forward,29,2,,2,2,1,1,,,,1,,4,1,3,3,,,2,,1,1,,,2,1,1,,,,,,2,,,,,,1,,1,,1,,,,,,2,1,1,1,,,1,1,1,1,,,,,10,1,,,,,2,2,,1,,1,1,7,,,,,,,1,,1,,,,0,,,,,,,,,,,,,,,,,,,,,,,,,,,,,,,,,,,,,,,,,,,,
France_Ligue_1,2025-2026,Stade Brestois 29,8gkexxgf3pypshhqwg6ibp7o4,K. Doumbia,Midfielder,23,38,27,11,23,188,16,,196,1,14,10,255,147,108,335,185,15,23,5,24,22,2,5,217,120,97,3,20,23,127,2,610,2,,,1,90,48,31,107,3,142,26,11,13,21,17,2,2,4,16,31,27,499,299,234,502,30,31,11,4,1692,69,3,6,28,20,268,642,24,529,61,59,113,1044,11,16,5,37,3,14,102,27,99,6,4,1,1,3,2,,3,3,,2,1,,10,,,,3,3,,,,,2,,,,,,,,,,,,,,,,,,,,,,,,
France_Ligue_1,2025-2026,Stade Brestois 29,9gc8fzvdf9jrpy377c6rshjpw,D. Guindo,Defender,27,18,6,12,24,122,5,8,132,4,,7,118,53,65,214,236,21,24,1,26,21,5,,100,47,53,,28,7,11,4,618,1,,,1,66,30,13,52,,261,8,10,5,18,5,6,,8,3,4,23,482,211,289,469,9,26,,122,1605,8,,44,26,15,195,630,15,492,35,10,138,1005,,27,27,5,10,34,118,47,104,4,1,0,0,1,1,1,1,1,1,7,2,10,1,,,,1,1,,,,5,,,,,,,,,,,,,,,,,1,1,1,,,,,,
France_Ligue_1,2025-2026,Stade Brestois 29,vx70cbnvqmuix7jwgpvhgdn8,N. Jauny,Goalkeeper,50,,,,,,,,,,,,,,,,,,,,,,,,,,,,,,,,,,,,,,,,,,,,,,,,,,,,,,,,,,,,,,,,,,,,,,,,,,,,,,,,,,,,,,,,,,,,,,,,,,,,,,,,,,,,,,,,,,,,,,,,,,,,,,,,,,,,
France_Ligue_1,2025-2026,Stade Brestois 29,54h52jq11egiqg7oal6v76v4k,I. Kanté,Forward,21,,,,,,,,,,,,,,,,,,,,,,,,,,,,,,,,,,,,,,,,,,,,,,,,,,,,,,,,,,,,,,,,,,,,,,,,,,,,,,,,,,,,,,,,,,,,,,,,,,,,,,,,,,,,,,,,,,,,,,,,,,,,,,,,,,,,
France_Ligue_1,2025-2026,Stade Brestois 29,4yxo8gwnou3m7jh6ph8lkuw44,R. Labeau Lascary,Forward,14,40,29,11,26,86,6,2,137,,2,11,178,114,64,234,40,15,26,5,21,15,6,4,138,85,53,1,6,12,25,9,222,2,,,2,90,26,17,44,4,75,13,10,14,12,9,14,,4,20,6,8,177,114,71,173,6,10,,1,1169,42,3,2,28,17,148,226,24,181,16,63,45,477,,7,7,31,2,7,39,13,38,2,3,2,2,4,,1,1,1,,4,,,4,,,,2,6,,,,,,,,,,,,,,,,,,,,,,,1,,,,,,
France_Ligue_1,2025-2026,Stade Brestois 29,ef2n7d6rysar49toiz2k3obth,K. Lala,Defender,77,35,21,14,31,203,3,10,308,8,3,16,164,82,82,368,487,10,31,,51,45,6,,129,61,68,,31,20,442,,1141,2,,,4,172,59,17,125,,51,23,5,1,30,2,1,2,30,8,1,131,887,403,543,785,13,25,2,176,2702,20,,81,17,23,443,1183,6,916,38,9,267,1834,1,69,57,11,39,113,259,77,154,4,,,0,,,,3,3,2,24,9,59,8,,,,,,,,,1,,,,,,,,,,,,,,,,,,,,,,,,,
France_Ligue_1,2025-2026,Stade Brestois 29,4c1k5ro1tpdlnyxotatu7kufo,A. Lassus,Midfielder,39,,,,,,,,,,,,,,,,,,,,,,,,,,,,,,,,,,,,,,,,,,,,,,,,,,,,,,,,,,,,,,,,,,,,,,,,,,,,,,,,,,,,,,,,,,,,,,,,,,,,,,,,,,,,,,,,,,,,,,,,,,,,,,,,,,,,
France_Ligue_1,2025-2026,Stade Brestois 29,boeam163ur1t3ifq01px99xwp,J. Le Cardinal,Defender,26,25,11,14,5,11,,5,35,,,,40,17,23,11,56,1,5,1,9,9,,1,15,6,9,,3,1,34,,141,1,,,1,12,7,7,7,1,43,1,3,2,3,,2,,,,,7,116,24,94,111,1,4,,,327,1,1,23,2,4,30,144,5,118,5,7,26,208,,,,1,11,14,14,12,12,1,1,0,0,,,,,,,,2,1,,,,,,,1,,,,,,,,,,,,,,,,,,,,,,,,,,,,
France_Ligue_1,2025-2026,Stade Brestois 29,65b7kc7djr4vmbk55wumup72s,R. Le Guen,Defender,71,11,2,9,5,20,1,5,44,,,,22,8,14,5,46,2,5,,8,7,1,,11,6,5,1,10,,29,,122,,,,,22,3,2,16,,29,,2,1,3,,2,,,1,,6,104,21,85,100,3,1,,1,283,1,,28,4,,20,124,3,106,4,4,18,184,,,,,6,8,13,5,10,,,,0,,,,,,,,,1,,,1,,,,,,,,,,,,,,,,,,,,,,,,,,,,,,,,
France_Ligue_1,2025-2026,Stade Brestois 29,dl4e5ojyhccj6w0vgksfzvmxh,P. Lees-Melou,Midfielder,20,21,10,11,23,121,11,8,199,4,,8,211,98,113,248,303,22,23,1,30,28,2,1,190,88,102,2,23,14,256,,935,1,,,3,71,38,20,121,1,290,16,13,6,21,5,2,,4,10,32,75,782,421,382,724,25,38,4,2,1876,23,,36,29,29,231,970,19,799,63,33,171,1305,,12,12,13,45,75,121,62,96,5,0,1,0,1,,,1,2,2,4,2,,3,,,,2,1,1,1,1,1,,,,,,,,,,,,,,,,,,1,,1,,,,,
France_Ligue_1,2025-2026,Stade Brestois 29,2ds26ub6ho0baamsjcmh7mmfo,B. Locko,Defender,2,26,19,7,20,72,,,128,3,,3,163,73,90,169,210,7,20,,22,20,2,,137,54,83,1,11,6,30,2,440,,,,3,84,27,11,62,,142,8,1,1,14,6,6,,10,12,1,28,340,171,192,325,24,29,1,95,1276,22,,30,11,18,198,454,2,353,53,9,101,826,,24,24,12,12,21,85,40,80,,,,0,,,,2,2,,10,5,19,3,,,,,,,,,,,,,,,,,,,,,,,,,,,,,,,,,,
France_Ligue_1,2025-2026,Stade Brestois 29,5lfki1zoxd4l96hjbr2rw3d2h,H. Magnetti,Midfielder,8,24,11,13,32,196,8,3,255,8,,6,225,92,133,214,359,22,32,1,47,39,8,,201,81,120,4,45,16,275,,1091,1,,,4,125,40,22,162,1,284,17,8,5,31,10,1,,7,17,19,49,916,443,502,889,28,42,4,13,2680,23,,55,30,33,257,1114,13,938,70,8,176,1526,,17,17,9,32,60,139,54,116,5,0,1,1,1,,,1,1,,7,9,,2,,,,2,,,,,,,,,,,,,,,,,,,,1,,,,1,,,,,,
France_Ligue_1,2025-2026,Stade Brestois 29,d5ecnjd6h89iepxrvrlfn97ft,R. Majecki,Goalkeeper,1,2,,2,10,,,,42,3,,,5,2,3,,196,1,10,,15,14,1,,3,2,1,,,,56,,190,,,,1,12,,,75,,46,,,,10,,,,,,,83,134,63,139,119,,,,,865,,,5,1,1,98,298,,202,,,96,386,,,,,64,94,72,24,2,,,,0,,,,,,1,,35,,,,7,,,,,86,61,,,7,2,17,2,1,,3,26,16,10,,1,8,,,1,1,,,,,,,
France_Ligue_1,2025-2026,Stade Brestois 29,bph8i3bg9nouvmb5mv4bytzbo,H. Makalou,Midfielder,33,1,1,,16,23,1,1,50,,6,3,23,10,13,66,45,1,16,,8,8,,,22,9,13,,5,6,28,,135,,,,,25,6,2,22,,42,6,2,,1,1,15,2,2,4,3,3,111,71,45,111,1,5,1,,239,7,,2,1,3,43,138,2,114,6,4,24,196,4,6,2,3,1,5,29,1,19,,,,0,,,,,,,,,,,,,,,,,,,,,,,,,,,,,,,,,,,,,,,,,,,,
France_Ligue_1,2025-2026,Stade Brestois 29,bj37ny1s1gbbe4wrgyz1wag9h,Mama Baldé,Forward,17,40,20,20,18,41,12,,77,,,4,108,55,53,167,28,8,18,2,18,15,3,2,68,35,33,2,6,5,38,,161,2,,,2,45,5,3,35,,55,7,14,5,8,8,10,,1,10,3,3,115,88,29,113,6,7,2,1,711,23,2,5,12,11,98,162,19,116,13,44,46,313,,3,3,12,,8,40,9,38,,0,2,0,2,1,2,1,2,,1,,,,,,,2,2,,,,,,,,,,,,,,,,,,,,,,,,,,,,,
France_Ligue_1,2025-2026,Stade Brestois 29,9txq841gqsyu9i9ckjr7rrso9,H. Mbock,Midfielder,28,,,,,,,,,,,,,,,,,,,,,,,,,,,,,,,,,,,,,,,,,,,,,,,,,,,,,,,,,,,,,,,,,,,,,,,,,,,,,,,,,,,,,,,,,,,,,,,,,,,,,,,,,,,,,,,,,,,,,,,,,,,,,,,,,,,,
France_Ligue_1,2025-2026,Stade Brestois 29,8ipqhvaekpinqwwgb4eo0g6qc,P. Mboup,Forward,99,32,22,10,27,61,3,1,140,,1,5,203,132,71,238,56,10,27,1,17,14,3,1,171,110,61,4,11,9,24,5,217,2,,,1,73,22,16,67,1,77,9,8,10,8,8,19,,2,26,13,4,169,112,60,166,4,15,2,2,966,67,1,5,33,16,182,218,18,170,19,45,48,503,,7,7,37,,4,44,11,44,6,1,0,0,1,,,,,,2,,1,2,,,,1,6,,,,,,,,,,,,,,,,,,,,,,,,,,,,,
France_Ligue_1,2025-2026,Stade Brestois 29,eg9xhi6wfp1duf01pcsn8vfmd,L. Tousart,Midfielder,24,37,20,17,23,34,1,2,44,,,,105,56,49,70,74,16,23,1,16,12,4,1,68,36,32,,8,4,48,,213,,,,,18,14,10,30,,59,3,4,3,8,8,15,,2,2,3,9,167,71,100,160,14,11,,,753,10,,18,20,5,74,215,7,169,25,14,46,352,,1,1,1,5,10,33,14,36,,1,0,0,1,,,,,,2,1,,2,,,1,5,,,,,,1,,,,,,,,,,,,,,,,,,,,,,,,
France_Ligue_1,2025-2026,Stade Brestois 29,a1jnkdabgpvq7bdrebyec3cic,L. Zogbé,Defender,12,17,11,6,9,19,1,2,30,1,,2,50,32,18,39,32,5,9,,7,5,2,,33,21,12,,3,1,34,,114,,,,,14,7,3,15,,30,1,2,,3,,6,,2,2,,12,87,27,63,76,,5,,27,285,10,,21,7,5,54,115,2,88,5,2,27,219,,9,9,5,6,9,30,6,18,,,,0,,,,,,,2,3,3,,,,,,,,,,,,,,,,,,,,,,,,,,,,,,,,,,,
France_Ligue_1,2025-2026,Stade Rennais FC,e8lpwc217b0xxh4mytrn0l7o4,A. Akabou,Goalkeeper,80,,,,,,,,,,,,,,,,,,,,,,,,,,,,,,,,,,,,,,,,,,,,,,,,,,,,,,,,,,,,,,,,,,,,,,,,,,,,,,,,,,,,,,,,,,,,,,,,,,,,,,,,,,,,,,,,,,,,,,,,,,,,,,,,,,,,
France_Ligue_1,2025-2026,Stade Rennais FC,ebw1wzpx7og0de5xzu3hq3ztg,J. Ake,Defender,75,,,,,,,,,,,,,,,,,,,,,,,,,,,,,,,,,,,,,,,,,,,,,,,,,,,,,,,,,,,,,,,,,,,,,,,,,,,,,,,,,,,,,,,,,,,,,,,,,,,,,,,,,,,,,,,,,,,,,,,,,,,,,,,,,,,,
France_Ligue_1,2025-2026,Stade Rennais FC,3o70kdbjt6w1aw7rkq3a4fecq,D. Alemdar,Goalkeeper,16,,,,,,,,,,,,,,,,,,,,,,,,,,,,,,,,,,,,,,,,,,,,,,,,,,,,,,,,,,,,,,,,,,,,,,,,,,,,,,,,,,,,,,,,,,,,,,,,,,,,,,,,,,,,,,,,,,,,,,,,,,,,,,,,,,,,
France_Ligue_1,2025-2026,Stade Rennais FC,85n9nt673fj0927h3lwthtus4,A. Aït Boudlal,Defender,48,64,29,35,19,49,1,14,191,2,,2,132,58,74,53,279,3,19,2,25,22,3,2,68,29,39,,18,,327,,731,,,,2,112,13,6,58,1,120,1,6,4,16,2,3,,1,8,,38,646,151,536,648,8,14,,1,1312,11,2,79,12,9,122,775,10,686,22,17,89,1006,,1,1,7,17,34,52,38,55,3,2,0,0,1,,,1,1,,1,5,,1,1,1,,,2,1,14,14,,1,,,,,,,,,,,,,,,,1,1,,,,,,,
France_Ligue_1,2025-2026,Stade Rennais FC,86n1t4jri701yny2if44djpqs,K. Belazzoug,Goalkeeper,60,,,,,,,,,,,,,,,,,,,,,,,,,,,,,,,,,,,,,,,,,,,,,,,,,,,,,,,,,,,,,,,,,,,,,,,,,,,,,,,,,,,,,,,,,,,,,,,,,,,,,,,,,,,,,,,,,,,,,,,,,,,,,,,,,,,,
France_Ligue_1,2025-2026,Stade Rennais FC,9yfnfwqog4y572aoe2iztnbv9,L. Blas,Forward,10,21,15,6,31,189,16,2,249,1,45,25,183,108,75,497,150,19,31,5,27,22,5,5,162,93,69,,16,40,181,5,603,3,2,2,1,132,35,17,80,,96,44,15,13,14,12,17,14,26,24,24,19,498,365,172,492,9,10,1,5,1462,49,3,8,24,26,257,616,28,511,19,77,105,993,26,65,34,24,3,17,143,27,88,,2,3,1,3,1,5,4,4,,8,1,,10,,,,1,2,,,,1,,,,,,,,,,,,,,,,,,,,,,,,,
France_Ligue_1,2025-2026,Stade Rennais FC,7mn6lue4zatldcxp0gd7kt8mh,L. Brassier,Defender,3,62,24,38,27,130,2,23,419,7,,3,166,71,95,193,704,8,27,,35,29,6,,104,47,57,,38,12,195,,1533,1,,,3,238,27,10,126,,545,13,6,2,25,3,2,,6,7,,50,1314,536,823,1303,18,12,2,52,2252,19,,78,27,21,305,1574,8,1353,30,22,221,1968,,18,18,8,46,106,162,77,115,2,,,0,,,,1,1,,6,5,24,3,,2,,,1,2,9,9,,,,,,,,,,,,,,,,,,,,,,,,,,
France_Ligue_1,2025-2026,Stade Rennais FC,36yupk7p1vks4dbguw53xhucp,M. Camara,Midfielder,45,43,19,24,31,283,6,8,312,6,,10,258,127,131,475,290,18,31,3,38,34,4,2,215,108,107,3,32,20,252,4,1093,2,,,4,183,66,33,91,2,306,21,10,11,30,7,1,,4,24,47,18,963,574,431,983,26,30,4,4,2570,59,2,41,36,28,262,1131,21,1001,56,73,130,1576,,24,24,37,8,12,112,42,118,4,1,2,2,3,1,,1,1,,4,3,,3,,,1,1,3,,,,,1,,,,,,,,,,,,,,,,1,1,1,,,,,,
France_Ligue_1,2025-2026,Stade Rennais FC,nv4ec1g4kokm1cetnt05mkgk,D. Cissé,Midfielder,6,14,9,5,24,109,9,5,150,,21,5,119,63,56,242,161,12,24,,14,13,1,,105,54,51,,6,13,110,,499,2,,,1,76,26,11,54,,133,13,9,6,12,12,12,3,4,9,14,20,400,245,173,394,16,17,,5,982,28,,6,18,9,189,513,15,414,33,22,99,742,12,23,10,15,5,18,94,28,81,3,,,0,,,,,,,2,1,,,,,,1,,,,,1,,,,,,,,,,,,,,,,,,,,,,,,,
France_Ligue_1,2025-2026,Stade Rennais FC,3zphe9ua3wsruu3j5vurwm39w,H. Do Marcolino,Forward,20,1,,1,1,1,,,,,,,2,,2,1,2,,1,,,,,,1,,1,,2,,,,3,,,,,,,,,,,,,,,,1,,,,,,1,,1,1,,1,,,2,,,,,,2,3,,1,1,,2,6,,,,,,,2,,2,,,,0,,,,,,,,,,,,,,,,,,,,,,,,,,,,,,,,,,,,,,,,,,,,
France_Ligue_1,2025-2026,Stade Rennais FC,dkve6gf309h5tglwawqx8mlzp,B. Embolo,Forward,7,65,39,26,30,90,5,4,118,2,,10,264,148,116,301,80,16,30,8,33,29,4,8,199,109,90,4,4,12,89,14,344,5,,,4,55,33,12,56,3,90,15,15,16,20,11,10,,1,14,25,5,239,159,86,239,6,13,3,,1827,57,8,19,47,57,231,349,31,244,19,104,105,680,,6,6,27,3,7,96,15,98,3,4,4,1,5,,,2,3,,1,,,2,,,,5,6,,,,,3,,,,,,,,,,,,,,,,,,,,,,,,2
France_Ligue_1,2025-2026,Stade Rennais FC,5y65alckrn3nmcjifxoaor52i,M. Faye,Defender,15,1,,1,1,1,,,,,,,1,,1,1,6,,1,,,,,,,,,,,,,,9,,,,,,1,1,,,2,,,,,,1,,,,,1,7,6,1,6,,,,,7,,,,,,2,9,,7,,,2,10,,,,,,,2,,2,,,,0,,,,,,,,1,,,,,,,,,,,,,,,,,,,,,,,,,,,,,,,,,,,,
France_Ligue_1,2025-2026,Stade Rennais FC,3h62hv3ksrnl7n7di2b080y51,S. Fofana,Midfielder,8,10,2,8,12,96,1,1,138,1,,2,60,24,36,160,84,1,12,1,12,11,1,1,50,22,28,,4,11,52,,357,1,,,1,69,5,3,42,,128,11,5,3,7,3,5,,1,12,8,8,325,206,123,320,1,2,1,,654,15,1,7,3,13,63,360,8,328,3,14,32,458,,6,6,8,2,5,34,4,27,,1,0,0,1,1,1,,,,1,,,,,,,,,,,,,,,,,,,,,,,,,,,,,,,,,,,,,
France_Ligue_1,2025-2026,Stade Rennais FC,bt4yy465bb33u7phdhnlr6pcl,P. Frankowski,Midfielder,95,12,5,7,19,172,3,1,133,1,24,13,105,44,61,401,198,6,19,1,16,13,3,1,93,39,54,1,8,27,258,1,641,,,,1,61,46,11,52,,24,29,3,3,15,10,4,5,20,4,4,24,525,343,212,511,18,22,,95,1215,10,,35,13,10,221,652,6,535,40,24,117,1005,17,66,44,3,14,30,143,40,87,5,0,1,1,1,,,2,2,1,13,1,9,2,,,,,,,,,1,1,,,,,,,,,,,,,,2,,,,,,,,,,
France_Ligue_1,2025-2026,Stade Rennais FC,1oflzbi4gq8wdjlmpa865jj6d,H. Hateboer,Midfielder,33,15,7,8,15,67,1,2,57,1,1,2,48,25,23,122,110,5,15,,9,6,3,,33,18,15,,8,1,125,1,337,,,,1,31,11,4,20,,42,1,4,1,8,4,7,,4,,4,10,292,157,146,289,3,9,,45,718,2,,22,10,3,87,344,5,299,12,9,45,499,,16,16,1,11,16,44,17,29,,,,0,,,,,,1,4,,11,,,,,,1,,,,,,,,,,,,,,,,,,,,,1,1,,,,,,,
France_Ligue_1,2025-2026,Stade Rennais FC,cg0yobsmbeqqdzpiynwt6m0ic,J. Jacquet,Defender,97,49,12,37,19,46,3,16,270,5,,1,120,39,81,49,372,11,19,,29,27,2,,71,27,44,,19,9,386,1,999,1,,,3,155,13,10,77,,272,9,5,3,19,1,,,,4,,57,903,359,614,916,11,16,1,5,1673,5,,91,20,17,119,1076,8,973,27,12,103,1321,,,,4,18,45,70,33,58,4,,,0,,,,,,1,,7,,,,1,,,,1,25,29,,,,,4,,,,,,,,,,,,,,1,,1,,,,,
France_Ligue_1,2025-2026,Stade Rennais FC,42qiblnxr02ku269z7urh0844,J. James,Midfielder,17,,,,,,,,,,,,,,,,,,,,,,,,,,,,,,,,,,,,,,,,,,,,,,,,,,,,,,,,,,,,,,,,,,,,,,,,,,,,,,,,,,,,,,,,,,,,,,,,,,,,,,,,,,,,,,,,,,,,,,,,,,,,,,,,,,,,
France_Ligue_1,2025-2026,Stade Rennais FC,90ibgoec1k1npb1odsqwpfx1,G. Kamara,Midfielder,4,2,,2,4,16,,,9,,,,5,1,4,6,18,,4,,3,3,,,3,1,2,,,,13,,55,1,,,1,3,2,1,6,,10,,,,,,4,,,,5,2,50,19,33,50,,,,,57,,,,,2,6,57,,52,,1,5,63,,,,,,,2,3,5,,,,0,,,,,,,,,,,,,,,,,,,,,,,,,,,,,,,,,,,,,,,,,,,,
France_Ligue_1,2025-2026,Stade Rennais FC,3ke8ubxoyw3r3awhc5okmbris,E. Legendre,Forward,35,2,1,1,6,2,,,5,,,2,14,9,5,19,1,,6,,3,1,2,,12,8,4,,1,2,2,,18,,,,,4,1,1,1,,13,2,1,,,,6,,,1,1,,15,11,4,15,2,,,1,41,5,,,1,1,13,18,1,15,2,6,3,37,,2,2,5,,,4,1,3,,,,0,,,,,,,,,,,,,,,1,,,,,,,,,,,,,,,,,,,,,,,,,,,,,
France_Ligue_1,2025-2026,Stade Rennais FC,f12l40tkknok5cqitoacfdsve,E. Lepaul,Forward,9,94,53,41,33,161,18,,127,3,,18,181,110,71,320,96,7,33,20,36,32,4,20,87,57,30,2,2,17,110,9,465,1,4,3,3,66,16,3,53,16,135,22,26,38,32,21,1,,4,9,47,15,354,210,185,376,3,4,2,3,2612,31,17,16,24,16,210,502,64,391,7,105,111,779,,12,12,17,2,12,93,30,99,3,9,11,4,15,3,2,3,5,,4,2,,3,,,,6,9,,,,1,2,,,,,,,,,,,,,,,,,,,,,,,,
France_Ligue_1,2025-2026,Stade Rennais FC,3ml9rew2g64y491iulys58vf8,P. Limon,Midfielder,74,,,,,,,,,,,,,,,,,,,,,,,,,,,,,,,,,,,,,,,,,,,,,,,,,,,,,,,,,,,,,,,,,,,,,,,,,,,,,,,,,,,,,,,,,,,,,,,,,,,,,,,,,,,,,,,,,,,,,,,,,,,,,,,,,,,,
France_Ligue_1,2025-2026,Stade Rennais FC,4a7x84pflda40oka94y36gwk,Q. Merlin,Defender,26,31,18,13,32,230,11,12,326,7,41,21,212,99,113,672,513,11,32,1,40,34,6,1,181,81,100,1,33,35,92,5,1251,5,,,3,179,101,39,127,,466,40,7,7,26,4,6,7,27,16,14,50,972,614,429,966,17,38,3,209,2442,36,1,54,21,30,520,1301,14,1016,55,40,285,2096,26,120,88,16,33,93,311,94,192,2,0,1,0,1,,1,5,5,,17,1,32,5,1,,,1,1,,,,2,,,,,,,,,,,,,,,,,,,,,,,,,
France_Ligue_1,2025-2026,Stade Rennais FC,ezypzfpdtmxt3e32bq4qesvtg,M. Meïté,Forward,39,26,6,20,17,24,8,1,32,,,7,66,33,33,107,20,5,17,3,5,3,2,3,40,27,13,,1,3,14,8,81,,,,,22,9,2,12,,25,5,7,7,6,6,11,,,6,8,,52,42,12,54,1,2,,,530,14,3,10,12,4,64,83,14,54,3,39,29,183,,3,3,5,,,31,1,29,,3,0,1,2,1,2,1,2,,,,,2,,,,3,4,,,,,1,,,,,,,,,,,,,,,,,,,,,,,,
France_Ligue_1,2025-2026,Stade Rennais FC,a8pgjuz5yrbxyf1t905gj327d,Mousa Tamari,Forward,11,8,6,2,32,247,17,2,318,1,15,47,220,137,83,634,100,9,32,6,29,27,2,5,212,131,81,,11,27,129,25,605,6,,,2,187,51,14,115,,143,32,20,22,24,20,8,2,14,30,16,13,490,351,166,490,8,17,2,31,2157,101,2,6,17,27,363,619,42,503,25,124,116,1134,5,69,61,58,5,10,159,26,106,4,3,3,2,6,,6,6,6,,12,1,1,7,,,4,2,2,,,,,,,,,,,,,,,,,,,,,,,1,,,,,,
France_Ligue_1,2025-2026,Stade Rennais FC,er894mn7e72hvgr516cdsevbo,N. Mukiele,Forward,65,3,2,1,7,15,2,,21,,,3,18,13,5,34,5,1,7,1,,,,,15,11,4,1,,1,6,,41,1,,,,12,3,1,7,1,15,1,,1,,,7,,,2,2,,34,22,12,34,1,,,,79,6,,1,4,1,19,41,1,34,1,7,7,65,,1,1,1,,1,8,,6,,0,1,0,1,,,,,,,,,,,,,1,,,,,,,,,,,,,,,,,,,,,,,,1,,,,,,
France_Ligue_1,2025-2026,Stade Rennais FC,7y2h0upi10c3mp7u2oqn9kq38,A. Nagida,Defender,18,20,6,14,18,73,4,3,127,2,2,2,98,47,51,141,183,8,18,,11,10,1,,78,41,37,,17,5,156,,438,1,,,1,69,16,7,42,,43,5,5,3,6,4,12,1,6,12,,27,360,190,193,350,8,10,,65,708,16,,35,13,8,122,455,8,377,18,5,78,692,,10,10,6,8,21,61,27,57,2,,,0,,,,,,1,5,4,5,,,,,,1,,,,,,,,,,,,,,,,,,,,,,,,,,,,,
France_Ligue_1,2025-2026,Stade Rennais FC,6ir1z8c3o7t4kqx04kw24i415,A. Nordin,Forward,70,14,11,3,9,59,5,,60,,1,2,70,38,32,124,24,6,9,1,4,4,,1,56,27,29,,,2,11,1,138,1,,,,34,10,8,19,,45,3,10,4,7,7,2,,4,5,6,4,110,71,44,107,2,6,1,1,550,12,1,6,8,16,69,139,14,111,8,24,28,263,,11,11,7,3,4,35,4,24,1,1,0,1,1,,,1,1,,4,1,,2,,,,,2,,,,,1,,,,,,,,,,,,,,,,,,,,,,,,
France_Ligue_1,2025-2026,Stade Rennais FC,83usrrx99pkiihnkz44dt2gru,F. Rieder,Midfielder,32,4,3,1,3,9,,1,9,,1,,18,13,5,20,9,2,3,,2,2,,,14,10,4,,2,2,10,,33,,,,,5,6,4,6,,6,2,1,,2,2,1,,,,3,,27,16,12,28,1,2,,1,134,3,,2,2,1,14,34,1,28,3,2,6,60,1,1,,1,1,1,5,2,5,,,,0,,,,,,,,,,1,,,,,,,,,,,,,,,,,,,,,,,,,,,,,,,,,,
France_Ligue_1,2025-2026,Stade Rennais FC,8s259ktv9j6ei0f8rh2msqfh1,V. Rongier,Midfielder,21,53,24,29,30,343,5,9,387,8,3,4,276,131,145,478,579,19,30,2,41,35,6,1,223,107,116,2,39,36,572,,1905,2,,,4,196,50,27,161,1,465,41,6,10,30,1,,,3,19,82,53,1692,929,818,1691,23,49,13,3,2655,35,,58,47,25,309,1959,16,1744,72,25,215,2394,1,17,16,15,6,45,172,60,170,6,1,1,2,1,1,1,4,5,,3,3,,8,,,,4,,1,,,,,,,,,,,,,,,,,,,,,,1,,,,,,
France_Ligue_1,2025-2026,Stade Rennais FC,33jn8zke286skxubctmabi0ic,L. Rosier,Forward,71,,,,2,,,,,,,,1,1,,,,,2,,1,1,,,1,1,,,,,,,,,,,,,,,,,,,,,,,2,,,,,,,,,,,,,,2,1,,,,,1,,,,,,,1,,,,,,,,,,,,,0,,,,,,,,,,,,,,,,,,,,,,,,,,,,,,,,,,,,,,,,,,,,
France_Ligue_1,2025-2026,Stade Rennais FC,4c4ghf9zlkof83n5mnmva61d6,A. Rouault,Defender,24,76,32,44,20,55,3,18,241,7,,1,154,74,80,54,477,11,20,1,20,18,2,1,78,42,36,,17,6,354,,1114,,,,1,139,16,10,57,1,277,6,3,3,18,2,2,,,3,1,42,985,362,670,990,12,13,1,11,1634,6,1,107,25,8,155,1163,6,1032,25,12,131,1429,,,,1,21,51,66,65,80,5,1,0,0,,,,,,1,,8,7,,,1,,,4,1,21,21,,,,,,,,,,,,,,,,,,,,,,,,,,
France_Ligue_1,2025-2026,Stade Rennais FC,cxa3j4u8eh5w947p1iba47yfo,I. Salah,Forward,34,2,1,1,2,12,1,,3,,,,7,3,4,11,1,,2,,2,2,,,5,2,3,,,,5,1,20,,,,,2,,,1,,4,,,,,,2,,,,1,,20,15,7,22,,1,,,33,2,,1,,2,2,22,,22,1,2,,30,,,,,,,,,,,,,0,,,,,,,,,,,,,,,,,,,,,,,,,,,,,,,,,,,,,,,,,,,,
France_Ligue_1,2025-2026,Stade Rennais FC,25cggz2egeqce47yijxadsslx,B. Samba,Goalkeeper,30,8,1,7,32,,,,157,10,,,16,3,13,,562,1,32,,44,39,5,,8,2,6,,,2,288,,870,,,,4,65,,,255,,334,2,,,32,,,,,,,166,695,80,837,751,1,1,1,,2880,,,20,1,7,274,1184,,917,2,,267,1471,,,,,118,252,187,80,15,5,,,0,,,,,,1,,45,,,,26,,,,1,286,177,,,19,,32,3,6,2,5,87,61,25,2,4,25,,,,,,,,,,,
France_Ligue_1,2025-2026,Stade Rennais FC,7j0fv43b1dkuiqk71ym4mmw6i,A. Seidu,Defender,36,27,13,14,21,108,,2,204,2,,5,139,52,87,168,249,9,21,,24,20,4,,112,39,73,2,17,7,332,3,739,1,,,4,122,12,7,89,,68,8,4,1,13,7,8,,4,7,,34,677,342,357,661,14,21,1,58,1185,17,,36,16,31,118,757,5,695,35,5,62,1041,,7,7,7,5,15,48,21,47,1,,,0,,1,,1,1,,4,1,14,3,,,,,,1,,,,,,,,,,,,,,,,,,,,,,,,,,,,
France_Ligue_1,2025-2026,Stade Rennais FC,8zqi2djo2ip5s90mgpg8q7384,M. Silistrie,Goalkeeper,50,,,,1,,,,3,,,,,,,,9,,1,,3,2,1,,,,,,,,8,,21,,,,,1,,,12,,15,,,,1,,,,,,,5,21,1,27,23,,,,,90,,,,,,4,32,,28,,,4,39,,,,,1,2,1,3,2,,,,0,,,,,,,,1,,,,,,,,,12,9,,,1,,3,,,,,,,,,,,,,,,,,,,,,
France_Ligue_1,2025-2026,Stade Rennais FC,ekjwfwtninji4e2n5b3w2l6hg,I. Soukouna,Defender,67,,,,,,,,,,,,,,,,,,,,,,,,,,,,,,,,,,,,,,,,,,,,,,,,,,,,,,,,,,,,,,,,,,,,,,,,,,,,,,,,,,,,,,,,,,,,,,,,,,,,,,,,,,,,,,,,,,,,,,,,,,,,,,,,,,,,
France_Ligue_1,2025-2026,Stade Rennais FC,504o2odlvra056ouwcgreopgp,S. Szymański,Midfielder,17,14,11,3,15,83,3,3,79,,40,8,79,41,38,193,91,7,15,1,10,10,,1,65,30,35,1,3,15,77,4,312,,,,1,36,11,1,31,,71,18,4,5,9,9,6,6,9,3,12,9,247,148,117,247,14,8,4,3,733,14,,4,13,10,135,322,9,256,22,13,66,475,30,44,10,6,4,10,95,15,56,2,0,1,0,1,,1,3,3,,2,1,,5,,,,,,,,,3,,,,,,,,,,,,,,,1,,,,,,,,,,
France_Ligue_1,2025-2026,Stade Rennais FC,dh1p6b9pzewlt0cr66hmmh91w,C. Ugochukwu,Midfielder,79,,,,,,,,,,,,,,,,,,,,,,,,,,,,,,,,,,,,,,,,,,,,,,,,,,,,,,,,,,,,,,,,,,,,,,,,,,,,,,,,,,,,,,,,,,,,,,,,,,,,,,,,,,,,,,,,,,,,,,,,,,,,,,,,,,,,
France_Ligue_1,2025-2026,Stade Rennais FC,ayx2iydekv69471d92zmpbbze,C. Wooh,Defender,4,,,,2,3,,,2,,,,2,1,1,,7,1,2,,,,,,2,1,1,,,,8,,19,,,,,1,,,,,1,,,,1,,1,,,1,,,18,7,11,18,,,,,64,,,6,1,,2,19,,18,,,1,28,,,,,,,,1,1,,,,0,,,,,,,,,,,,,,,,,,,,,,,,,,,,,,,,,,,,1,1,,,,,,,
France_Ligue_1,2025-2026,Stade Rennais FC,k23exoxg1u76w0qaxc9gdpm,B. Yıldırım,Forward,99,,,,1,1,,,,,,,,,,4,2,,1,,,,,,,,,,,1,1,,4,,,,,,,,,,,1,,,,,1,,,,1,,2,2,,2,,,1,,2,,,,,,2,4,,2,,,2,4,,,,,,,2,,2,,,,0,,,,,,,,,,,,,,,,,,,,,,,,,,,,,,,,,,,,,,,,,,,,
France_Ligue_1,2025-2026,Stade Rennais FC,3pop9gdilkfcaoqyzj9g3d3is,Y. Zabiri,Forward,77,3,2,1,6,4,,1,9,,,2,16,10,6,17,2,2,6,,,,,,13,8,5,,,,4,,13,,,,,5,4,3,2,,3,,2,2,,,6,,,2,1,1,12,8,4,11,2,1,,,42,2,,,6,,8,13,4,12,3,9,1,37,,1,1,,,,2,,1,,,,0,,,,,,,,,,,,,,,1,,,,,,,,,,,,,,,,,,,,,,,,,,,,,
France_Ligue_1,2025-2026,Toulouse FC,hqovjub7s0u4vxreo51loqok,I. Azizi,Forward,37,2,2,,3,4,,,10,,,,4,2,2,15,4,,3,,1,,1,,2,,2,,,1,2,,13,,,,,6,2,,4,,3,1,1,,,,3,,,1,1,1,13,10,3,12,,1,,,26,,,,,,3,13,1,13,1,1,,23,,2,2,,,,2,,,,,,0,,,,,,,,,,,,,,,,,,,,,,,,,,,,,,,,,,,,,,,,,,,,
France_Ligue_1,2025-2026,Toulouse FC,2sj2hrvimch632plylfclt2c4,G. Bakhouche,Defender,44,,,,,,,,,,,,,,,,,,,,,,,,,,,,,,,,,,,,,,,,,,,,,,,,,,,,,,,,,,,,,,,,,,,,,,,,,,,,,,,,,,,,,,,,,,,,,,,,,,,,,,,,,,,,,,,,,,,,,,,,,,,,,,,,,,,,
France_Ligue_1,2025-2026,Toulouse FC,9t1ikyd85kvlhv9r0u938836c,J. Canvot,Defender,29,5,2,3,2,16,,2,27,2,,,12,5,7,14,27,1,2,,,,,,7,3,4,,,,41,,106,,,,,14,3,3,10,,22,,2,,2,,,,,2,3,1,97,35,62,96,1,1,,,180,1,,8,1,,10,106,2,97,2,1,9,132,,,,1,3,4,7,2,5,1,,,0,,,,,,,,,,,,,,,,,,,,,,,,,,,,,,,,,,,,,,,,,,,,
France_Ligue_1,2025-2026,Toulouse FC,aarmpoi343teu4medudpl49ka,C. Cresswell,Defender,4,200,70,130,29,45,6,30,311,8,,2,296,125,171,103,470,5,29,3,35,31,4,3,96,55,41,,28,9,478,4,1325,,,,5,141,11,6,74,2,416,11,19,12,28,1,1,,,1,1,80,1131,326,881,1127,12,14,,5,2533,8,2,173,31,15,219,1409,31,1207,26,70,202,1787,,2,2,,50,105,166,38,97,8,3,0,0,1,2,,1,2,,,24,,1,2,2,,,5,1,48,50,,1,,,2,,,,,,,,,,,,,,,,,,,,,
France_Ligue_1,2025-2026,Toulouse FC,6vjoq2kgaq2igxoh8cvq0ieax,C. Cásseres,Midfielder,23,31,17,14,30,225,8,9,334,8,54,9,265,117,148,368,423,21,30,2,38,33,5,1,234,100,134,3,35,35,383,1,1278,4,1,,5,150,38,12,181,2,346,38,12,6,28,6,2,17,29,16,19,81,1084,647,555,1092,36,42,7,12,2499,38,,37,39,42,359,1377,18,1173,78,20,204,1884,32,69,22,19,16,53,226,47,151,7,1,1,0,2,,,2,3,1,8,4,4,6,,,1,,1,,,,2,,,,,,,,,,,,,,,1,,,,1,,,,,,
France_Ligue_1,2025-2026,Toulouse FC,7midzsc4xu11dxhw22s9b5e6s,P. Diop,Midfielder,18,16,7,9,15,113,7,7,151,2,15,4,127,65,62,196,168,9,15,1,21,17,4,,111,58,53,,30,17,138,,595,1,,,,56,23,15,89,1,210,19,11,11,13,7,2,4,3,4,9,28,515,270,282,521,14,18,1,3,1185,23,,13,15,17,142,629,22,549,32,14,80,861,8,11,1,7,4,18,73,18,62,2,0,1,1,,,,1,2,,,1,,2,,,,,2,1,1,1,2,,,,,,,,,,,,,,,,,,,1,,,,,,
France_Ligue_1,2025-2026,Toulouse FC,6xfxmldhhbrcm4ibrg3gmtx0q,Álex Domínguez,Goalkeeper,30,,,,,,,,,,,,,,,,,,,,,,,,,,,,,,,,,,,,,,,,,,,,,,,,,,,,,,,,,,,,,,,,,,,,,,,,,,,,,,,,,,,,,,,,,,,,,,,,,,,,,,,,,,,,,,,,,,,,,,,,,,,,,,,,,,,,
France_Ligue_1,2025-2026,Toulouse FC,93hp5gm29ke90ugdimd9xf949,A. Dønnum,Midfielder,15,7,4,3,28,168,11,3,401,7,68,20,256,144,112,625,316,15,28,4,37,32,5,3,249,140,109,4,27,58,375,,978,4,3,3,3,200,54,23,137,,148,62,15,14,28,4,,26,48,25,18,79,769,531,312,716,18,28,6,49,2424,77,3,16,41,38,448,1007,29,795,46,76,212,1608,36,93,48,30,5,40,268,37,172,8,3,1,0,1,3,4,4,4,,18,,8,10,,,2,1,1,,,,2,,,,,,,,,,,,,,,,,,1,1,1,,,,,
France_Ligue_1,2025-2026,Toulouse FC,azuin8p3zlcnhew8e914dhvdg,N. Edjouma,Forward,31,7,4,3,15,24,4,,64,,3,8,71,41,30,116,22,1,15,,3,1,2,,64,37,27,,3,7,37,1,90,1,,,,39,5,2,22,,8,7,3,3,3,3,12,,4,10,2,2,63,47,21,62,5,6,1,2,339,24,,5,5,6,83,91,6,64,11,29,27,205,2,14,12,14,4,5,34,7,22,,,,0,,,,,,,4,1,,,,,,,,,,,,,,,,,,,,,,,,,,,,,,,,,,,,
France_Ligue_1,2025-2026,Toulouse FC,8u4ypaymek3mkcjxgzjr7e8lw,F. Efuele Ngoyala,Defender,25,,,,,,,,,,,,,,,,,,,,,,,,,,,,,,,,,,,,,,,,,,,,,,,,,,,,,,,,,,,,,,,,,,,,,,,,,,,,,,,,,,,,,,,,,,,,,,,,,,,,,,,,,,,,,,,,,,,,,,,,,,,,,,,,,,,,
France_Ligue_1,2025-2026,Toulouse FC,c6mqn7044rpyjj89khseryvbo,A. El Ouali,Midfielder,33,,,,,,,,,,,,,,,,,,,,,,,,,,,,,,,,,,,,,,,,,,,,,,,,,,,,,,,,,,,,,,,,,,,,,,,,,,,,,,,,,,,,,,,,,,,,,,,,,,,,,,,,,,,,,,,,,,,,,,,,,,,,,,,,,,,,
France_Ligue_1,2025-2026,Toulouse FC,9yr3pfa15sb0lljanpcer15p0,Emersonn,Forward,20,141,79,62,27,77,10,1,102,1,,10,264,162,102,276,36,15,27,6,18,16,2,6,123,83,40,4,7,16,72,5,241,1,,,1,53,22,8,34,2,61,18,23,19,18,14,9,,,10,36,4,180,139,46,181,11,9,,,1504,41,6,19,40,10,175,246,42,185,20,87,61,540,,9,9,25,1,1,55,15,60,5,3,3,4,5,1,2,2,2,,,,,1,,,,9,9,,,,,2,,,,,,,,,,,,,,,,1,1,,,,,,,
France_Ligue_1,2025-2026,Toulouse FC,1cmxgt40o3mjef4pbroenv11w,E. Faty,Forward,21,,,,,,,,,,,,,,,,,,,,,,,,,,,,,,,,,,,,,,,,,,,,,,,,,,,,,,,,,,,,,,,,,,,,,,,,,,,,,,,,,,,,,,,,,,,,,,,,,,,,,,,,,,,,,,,,,,,,,,,,,,,,,,,,,,,,
France_Ligue_1,2025-2026,Toulouse FC,3l1v52usaf9mmi9dwowdwv3e,A. Francis,Midfielder,17,9,2,7,8,39,4,3,31,1,,,49,16,33,42,71,4,8,,7,7,,,40,14,26,,8,1,56,,234,,,,1,10,8,5,33,,72,1,2,,7,6,1,,,3,6,1,193,80,117,196,5,14,,,532,5,,10,5,4,48,238,2,197,19,6,41,314,,,,1,7,10,28,13,31,2,,,0,,,,,,,,1,,,,,,,,,,,,,,,,,,,,,,,,,,,,,,,,,,,,
France_Ligue_1,2025-2026,Toulouse FC,69fmp0f3mkajd63c8f97vaiac,T. Garondo,Defender,42,,,,,,,,,,,,,,,,,,,,,,,,,,,,,,,,,,,,,,,,,,,,,,,,,,,,,,,,,,,,,,,,,,,,,,,,,,,,,,,,,,,,,,,,,,,,,,,,,,,,,,,,,,,,,,,,,,,,,,,,,,,,,,,,,,,,
France_Ligue_1,2025-2026,Toulouse FC,ez9zc94k1nj4qxjf2hrvj5dgq,Y. Gboho,Forward,10,16,14,2,31,195,23,1,482,6,,20,365,191,174,706,243,4,31,8,37,32,5,6,349,177,172,1,14,53,92,5,793,9,,,4,290,50,16,147,7,268,56,18,16,30,8,1,,8,77,13,17,650,508,155,638,9,17,6,,2608,145,4,3,16,69,399,798,34,655,26,135,143,1396,,25,25,78,6,14,153,15,129,1,3,5,0,7,2,1,3,3,,8,,,3,,,,,3,,,,,,,,,,,,,,,,,,,1,,1,1,2,,,,,,
France_Ligue_1,2025-2026,Toulouse FC,3je152n5s5fjtbrxs9v8dn1lh,K. Haug,Goalkeeper,16,,,,1,,,,,,,,,,,,6,,1,,1,1,,,,,,,,,1,,6,,,,,,,,5,,4,,,,,,1,,,,,1,4,1,5,5,,,,,30,,,,,,5,11,,6,,,5,15,,,,,3,5,4,1,,,,,0,,,,,,,,,,,,,,,,,5,4,,,,,2,,,,,1,,1,,,,,,,,,,,,,,
France_Ligue_1,2025-2026,Toulouse FC,1cc4xhk65qvo9h3t7glirqm8k,S. Hidalgo,Forward,11,58,43,15,28,75,8,1,124,1,,13,254,161,93,305,55,16,28,4,15,12,3,4,196,118,78,1,6,6,109,8,280,4,,,1,67,31,20,66,1,44,12,12,12,14,11,14,,2,11,10,8,209,142,72,204,17,21,,2,1303,59,3,11,41,30,198,283,24,212,38,80,71,616,,10,10,31,2,3,64,17,68,4,2,2,1,3,1,2,3,6,,2,,,5,,,,8,1,,,,,1,,,,,,,,,,,,,,,,,,,,,,,,
France_Ligue_1,2025-2026,Toulouse FC,187ytd6guq9q9ruo3thez7ey2,W. Kamanzi,Defender,12,11,9,2,24,57,6,2,116,,,5,77,35,42,150,79,2,24,1,20,18,2,1,66,26,40,,8,7,71,1,291,,,,2,52,21,12,29,1,85,8,4,2,7,5,17,,1,13,1,3,254,149,107,252,8,11,2,15,858,13,1,19,8,8,69,292,6,255,19,29,37,450,,10,10,7,3,6,38,9,31,1,1,0,1,1,,,,1,,1,1,1,,,2,1,1,,,,,,,,,,,,,,,,,,,,,,,,,,,,,,
France_Ligue_1,2025-2026,Toulouse FC,8n143iu92sawgz5v8al0gyz2s,S. Koumbassa,Defender,35,5,2,3,9,12,,2,44,1,,,17,5,12,4,59,,9,1,12,10,2,1,12,3,9,,3,,43,,158,1,,,1,19,6,4,18,,47,,2,1,4,1,5,,,,,1,134,38,99,136,5,4,,2,441,,1,31,1,,29,161,3,137,9,2,24,225,,,,,7,15,15,9,9,,0,1,0,,,,,,,,1,2,,,,,,,1,2,2,,1,,,,,,,,,,,,,,,,,,,,,,,,
France_Ligue_1,2025-2026,Toulouse FC,6frbqhfwialrlwwemdliv5vkk,N. Lahmadi,Midfielder,34,,,,,,,,,,,,,,,,,,,,,,,,,,,,,,,,,,,,,,,,,,,,,,,,,,,,,,,,,,,,,,,,,,,,,,,,,,,,,,,,,,,,,,,,,,,,,,,,,,,,,,,,,,,,,,,,,,,,,,,,,,,,,,,,,,,,
France_Ligue_1,2025-2026,Toulouse FC,3z78ekfyusr4tss72cax4904p,F. Magri,Forward,9,90,50,40,17,63,8,1,68,,,11,191,113,78,193,45,8,17,5,17,17,,5,101,63,38,,3,13,53,3,195,2,1,,3,37,20,9,28,2,42,14,13,12,16,13,1,,2,10,7,2,142,98,54,148,6,2,2,,1264,31,3,13,28,22,136,203,25,150,8,68,53,422,,13,13,12,,,56,10,53,3,4,1,3,5,,2,1,1,,2,,,1,,,,2,2,,,,,1,,,,,,,,,,,,,,,,,,,,,,,,
France_Ligue_1,2025-2026,Toulouse FC,5enjhxrx2jrjqtgb9wwq0baax,M. McKenzie,Defender,3,73,34,39,29,68,2,13,194,7,,6,180,80,100,162,507,9,29,,38,33,5,,107,46,61,2,24,17,389,1,1134,,,,4,116,25,17,96,,196,19,3,1,27,2,2,,,6,,46,977,408,594,956,16,28,2,100,2405,2,,98,35,12,249,1160,4,1002,44,13,158,1599,,4,4,1,25,54,118,44,104,7,,,0,,,,1,2,,,8,70,3,,,,,,2,4,4,,,,,,,,,,,,,,,,,,1,1,,,,,,,
France_Ligue_1,2025-2026,Toulouse FC,4aooo9gmqd70fj330jxb3s4r8,R. Messali,Midfielder,22,13,7,6,12,36,,2,49,1,,,56,27,29,87,62,3,12,,2,2,,,43,20,23,1,12,3,65,,175,,,,,28,19,7,29,,14,3,,,5,4,7,,1,4,1,5,132,83,52,129,4,6,1,6,500,8,,19,11,9,72,177,,134,10,13,43,287,,10,10,7,4,5,37,16,38,2,,,0,,,,,,,1,,,1,,,,,,,,,,,,,,,,,,,,,,,,,,,,,,,,,,
France_Ligue_1,2025-2026,Toulouse FC,8vxsh0medm4i4uu95lfhsz8k4,D. Methalie,Defender,24,25,12,13,27,119,3,3,193,1,,18,262,157,105,335,132,16,27,2,29,25,4,2,237,145,92,4,25,8,31,1,458,7,,,4,122,28,16,85,,185,9,5,7,22,16,5,,9,28,,11,362,203,176,359,24,30,,80,1882,85,2,31,57,11,296,467,12,370,54,57,97,991,,33,33,50,8,17,103,27,80,9,1,1,0,2,,2,1,1,1,9,2,15,3,,,1,,1,,,,,,,,,,,,,,,,,,,,,,,,,,,,,
France_Ligue_1,2025-2026,Toulouse FC,2o5wwfsh5xhyatdfelh9dzqax,R. Nicolaisen,Defender,2,111,37,74,32,93,2,21,275,7,,1,195,73,122,87,452,8,32,1,41,36,5,1,84,36,48,1,43,2,159,1,1176,1,,,5,126,27,21,92,,511,2,8,5,30,6,2,,,3,1,61,1012,358,692,989,7,18,,34,2568,,,150,28,21,205,1215,13,1050,25,31,165,1621,,2,2,,37,67,114,53,98,4,0,1,0,,1,,,,1,,10,20,,,,,1,,1,5,5,,1,,,,,,,,,,,,,,,1,,,,,,,,,
France_Ligue_1,2025-2026,Toulouse FC,13nrptzjshlqnkuf92vumefx0,G. Restes,Goalkeeper,1,6,,6,33,1,,,115,9,,2,14,2,12,,502,,33,,45,39,6,,8,2,6,,1,1,108,,543,,,,5,47,,,191,,213,1,,,33,1,,,,,,161,398,131,413,383,,,,,2940,,,41,,8,288,824,,544,,,280,1112,,,,,158,270,230,50,10,3,,,0,,,,,,,,65,,,,20,,,,,203,161,,,24,4,74,3,5,,17,84,56,27,,2,29,,,,,,,,,,,
France_Ligue_1,2025-2026,Toulouse FC,3uvo0a7wmhsywd6505l5lf66s,L. Reynaud,Defender,0,,,,,,,,,,,,,,,,,,,,,,,,,,,,,,,,,,,,,,,,,,,,,,,,,,,,,,,,,,,,,,,,,,,,,,,,,,,,,,,,,,,,,,,,,,,,,,,,,,,,,,,,,,,,,,,,,,,,,,,,,,,,,,,,,,,,
France_Ligue_1,2025-2026,Toulouse FC,3nu7bqtarr9yo5abdj3len04q,J. Russell-Rowe,Forward,13,24,17,7,13,25,1,2,33,,,5,52,37,15,73,21,4,13,1,10,7,3,1,28,20,8,2,1,6,24,1,94,,,,1,19,6,2,9,1,30,6,6,4,5,5,8,,,2,5,2,66,53,19,70,2,3,,,469,9,1,4,9,1,58,100,10,72,5,27,28,164,,3,3,3,,1,25,6,27,,1,0,0,1,,,,,,,,,,,,,,4,,,,,,,,,,,,,,,,,,,,,,,,,,,,,
France_Ligue_1,2025-2026,Toulouse FC,a6bj9y28pzb9ejn7av2nyxel0,M. Saka,Midfielder,39,,,,1,,,,,,,,1,1,,,3,,1,,,,,,1,1,,,,,,,5,,,,,,,,,,2,,,,,,1,,,,,,2,2,,2,,,,,7,,,,1,,3,5,,2,,,3,6,,,,,,,3,,3,,,,0,,,,,,,,,,,,,,1,,,,,,,,,,,,,,,,,,,,,,,,,,,,,,
France_Ligue_1,2025-2026,Toulouse FC,dgkk1v0my1dy8wk18uamcuwwk,M. Sauer,Midfielder,77,12,5,7,25,38,6,2,49,,3,5,53,29,24,106,73,4,25,1,16,14,2,1,41,24,17,,10,3,70,,229,,,,3,21,15,10,46,1,59,3,5,3,6,5,19,2,3,3,6,7,177,113,77,180,5,6,,,637,6,1,12,12,3,75,240,8,187,11,19,53,339,,4,4,4,6,9,39,18,44,4,0,1,1,1,,,,,,1,3,,,,,,1,1,,,,,,,,,,,,,,,,,,,,,,,,,,,,,
France_Ligue_1,2025-2026,Toulouse FC,86r6mi5b5ibg38t8v86s3lvkk,N. Saïd Mchindra,Goalkeeper,40,,,,,,,,,,,,,,,,,,,,,,,,,,,,,,,,,,,,,,,,,,,,,,,,,,,,,,,,,,,,,,,,,,,,,,,,,,,,,,,,,,,,,,,,,,,,,,,,,,,,,,,,,,,,,,,,,,,,,,,,,,,,,,,,,,,,
France_Ligue_1,2025-2026,Toulouse FC,d95i3fwjrk3ti4co645mde76x,N. Schmidt,Midfielder,8,,,,,,,,,,,,,,,,,,,,,,,,,,,,,,,,,,,,,,,,,,,,,,,,,,,,,,,,,,,,,,,,,,,,,,,,,,,,,,,,,,,,,,,,,,,,,,,,,,,,,,,,,,,,,,,,,,,,,,,,,,,,,,,,,,,,
France_Ligue_1,2025-2026,Toulouse FC,2liyw2r4k4gwdkdz51ohws9ud,D. Sidibé,Defender,19,42,21,21,32,125,1,4,198,4,2,8,167,76,91,319,384,19,32,3,34,31,3,3,125,55,70,2,17,11,285,5,880,1,2,1,4,131,29,12,92,2,109,15,2,5,25,13,7,1,11,9,4,31,699,402,330,690,18,30,3,89,2147,17,2,48,30,14,282,903,7,721,48,26,182,1306,1,45,41,10,15,45,189,38,137,1,0,3,1,1,,1,3,4,2,10,9,11,4,,,,,2,,3,3,,,,,,,,,,,,,,,,,,,,,,,,,,
France_Ligue_1,2025-2026,Toulouse FC,bnvxzhxn1vv2pt76q43bu55p0,J. Vignolo,Forward,7,1,1,,13,11,1,,23,,,3,20,13,7,55,8,3,13,2,4,3,1,1,19,12,7,,,7,10,,41,,,,,17,5,2,8,1,12,7,,7,1,1,12,,6,3,1,,25,22,9,25,,3,,2,184,6,1,,3,1,36,41,7,25,3,17,16,92,,4,4,3,2,2,18,2,14,,2,0,0,1,,1,,,,6,,,,,,,1,1,,,,,,,,,,,,,,,,,,,,,,,1,,,,,,
France_Ligue_1,2025-2026,Toulouse FC,9mf9yl7utp4pv5zczlz7t3o5w,A. Vossah,Midfielder,45,23,7,16,23,81,3,2,63,2,4,,85,44,41,106,95,9,23,1,15,13,2,,62,37,25,1,8,6,109,,359,,,,1,17,18,11,38,1,89,7,4,2,12,10,11,1,3,4,13,5,287,138,167,297,5,6,1,3,1093,13,,21,18,10,107,374,6,302,11,12,72,511,3,4,1,2,8,16,49,27,56,5,1,0,0,1,,,1,1,,2,1,,1,,,,2,,,1,1,,,,,,,,,,,,,,,,,,1,1,1,,,,,,
France_Ligue_1,2025-2026,Toulouse FC,ac673a4sa7q44zymcl5sdjx0,N. Wasbauer,Defender,27,,,,,,,,,,,,,,,,,,,,,,,,,,,,,,,,,,,,,,,,,,,,,,,,,,,,,,,,,,,,,,,,,,,,,,,,,,,,,,,,,,,,,,,,,,,,,,,,,,,,,,,,,,,,,,,,,,,,,,,,,,,,,,,,,,,,
France_Ligue_1,2025-2026,Toulouse FC,5jpic2v8p3ogva2g3b3pjrwus,D. Zema,Midfielder,28,,,,,,,,,,,,,,,,,,,,,,,,,,,,,,,,,,,,,,,,,,,,,,,,,,,,,,,,,,,,,,,,,,,,,,,,,,,,,,,,,,,,,,,,,,,,,,,,,,,,,,,,,,,,,,,,,,,,,,,,,,,,,,,,,,,,
