liga,temporada,equipo,id,nombre,posicion,dorsal,Aerial Duels,Aerial Duels lost,Aerial Duels won,Appearances,Assists (Intentional),Backward Passes,Blocked Shots,Blocks,Carries,Clean Sheets,Corners Won,Duels,Duels lost,Duels won,Final Third Touches,Forward Passes,Foul Attempted Tackle,Games Played,Goal Assists,Goals,Goals Conceded,Goals Conceded Inside Box,Goals Conceded Outside Box,Goals Openplay,Goals from Inside Box,Goals from Outside Box,Ground Duels,Ground Duels lost,Ground Duels won,Interceptions,Key Passes (Attempt Assists),Leftside Passes,Offsides,Open Play Passes,Penalty Goals Conceded,Progressive Carries,PutThrough/Blocked Distribution,PutThrough/Blocked Distribution Won,Recoveries,Right Foot Goals,Rightside Passes,Shots Created,Shots Off Target (inc woodwork),Shots On Target ( inc goals ),Starts,Substitute Off,Substitute On,Successful Crosses & Corners,Successful Crosses open play,Successful Dribbles,Successful Launches,Successful Lay-offs,Successful Long Passes,Successful Open Play Passes,Successful Passes Opposition Half,Successful Passes Own Half,Successful Short Passes,Tackles Lost,Tackles Won,Through balls,Throw Ins to Own Player,Time Played,Times Tackled,Total Big Chances Created,Total Big Chances Scored,Total Clearances,Total Fouls Conceded,Total Fouls Won,Total Losses Of Possession,Total Passes,Total Shots,Total Successful Passes ( Excl Crosses & Corners ) ,Total Tackles,Total Touches In Opposition Box,Total Unsuccessful Passes ( Excl Crosses & Corners ),Touches,Unsuccessful Crosses & Corners,Unsuccessful Crosses open play,Unsuccessful Dribbles,Unsuccessful Launches,Unsuccessful Long Passes,Unsuccessful Passes Opposition Half,Unsuccessful Passes Own Half,Unsuccessful Short Passes,Yellow Cards,Home Goals,Away Goals,Winning Goal,Attempts from Set Pieces,Corners Taken (incl short corners),Foul Won Penalty,Handballs conceded,Headed Goals,Hit Woodwork,Left Foot Goals,Successful Corners into Box,Total Big Chances Missed,Unsuccessful Corners into Box,Unsuccessful lay-offs,Overruns,Throw Ins to Opposition Player,Penalties Conceded,Straight Red Cards,Total Red Cards,GK Successful Distribution,Goal Kicks,Last Player Tackle,Clearances Off the Line,Own Goal Scored,Total Big Chances Saved,Penalties Taken,Penalty Goals,Catches,Crosses not Claimed,Drops,GK Unsuccessful Distribution,Goalkeeper Smother,Penalties Faced,Punches,Saves Made,Saves Made from Inside Box,Saves Made from Outside Box,Saves made - caught,Saves made - parried,Second Goal Assists,Direct Setpiece Goals,Set Pieces Goals,Direct Corner Goals,Penalties Saved,Saves from Penalty,Penalties Off Target,Red Cards - 2nd Yellow,Other Goals
England_Premier_League,2025-2026,AFC Bournemouth,7dbzcwyph2xoljyhaogjo7mcp,T. Adams,Midfielder,12,45,22,23,23,1,118,2,9,191,4,2,166,85,81,163,250,22,23,2,2,26,22,4,1,1,1,121,63,58,30,5,273,1,884,2,81,38,21,83,2,269,7,1,6,19,11,4,2,2,6,5,13,29,766,404,390,763,24,19,2,4,1598,16,2,1,39,31,12,159,910,7,792,43,10,118,1178,1,1,6,19,32,79,40,86,7,0,2,0,,,,,,,,,,,,,,,,,,,,,,,,,,,,,,,,,,,,,,,,,,,,,
England_Premier_League,2025-2026,AFC Bournemouth,8mcf8c8ht32as6xxrf1gb51m2,A. Adli,Forward,21,56,26,30,30,1,120,6,2,114,,9,176,82,94,298,98,15,30,1,3,17,16,1,1,3,,120,56,64,6,15,94,5,400,4,58,30,17,61,,95,16,5,9,10,8,20,2,2,8,,17,2,308,198,118,312,19,15,3,8,1065,22,1,3,17,29,22,176,407,14,314,34,46,93,662,38,23,13,3,8,112,19,85,2,1,2,2,1,15,1,2,1,1,2,1,4,11,2,,,,,,,,,,,,,,,,,,,,,,,,,,,,,,,,,,
England_Premier_League,2025-2026,AFC Bournemouth,5rslwexx17p7hqwp9p3vgcxuy,J. Araujo,Defender,2,,,,,,,,,,,,,,,,,,,,,,,,,,,,,,,,,,,,,,,,,,,,,,,,,,,,,,,,,,,,,,,,,,,,,,,,,,,,,,,,,,,,,,,,,,,,,,,,,,,,,,,,,,,,,,,,,,,,,,,,,,,,,,,,,,,,,
England_Premier_League,2025-2026,AFC Bournemouth,33cny48k38nlo8pcx3i24ldqt,P. Billing,Midfielder,29,,,,,,,,,,,,,,,,,,,,,,,,,,,,,,,,,,,,,,,,,,,,,,,,,,,,,,,,,,,,,,,,,,,,,,,,,,,,,,,,,,,,,,,,,,,,,,,,,,,,,,,,,,,,,,,,,,,,,,,,,,,,,,,,,,,,,
England_Premier_League,2025-2026,AFC Bournemouth,96ou7x51dxymv16l0ocsuhbyt,D. Brooks,Midfielder,7,18,12,6,30,2,104,17,,174,,18,131,77,54,396,128,6,30,3,1,19,17,2,,1,,113,65,48,4,22,125,2,432,1,85,26,8,56,,84,25,17,12,13,13,17,11,7,17,2,13,12,335,268,84,329,6,12,5,11,1193,34,8,1,15,11,13,220,441,29,341,18,72,100,725,48,28,24,8,14,127,21,86,7,0,1,0,2,22,,,,1,1,2,9,17,2,2,1,,,,,,,,,,,,,,,,,,,,,,,,,,,,,,,,
England_Premier_League,2025-2026,AFC Bournemouth,cr4c6htcw2jewsvboj6s8p045,R. Christie,Midfielder,10,28,15,13,26,,104,10,4,180,,7,160,80,80,226,187,9,26,,2,14,13,1,2,2,,132,65,67,12,11,136,1,536,4,91,18,4,62,1,120,11,7,8,9,8,17,3,2,19,3,16,25,419,269,162,403,10,17,5,2,986,35,2,1,18,17,22,191,547,15,428,27,27,119,782,14,10,20,12,37,106,27,82,3,1,1,0,,4,,1,,,1,1,1,2,1,2,,1,1,1,,,,,,,,,,,,,,,,,,,,,,,,,,,,,
England_Premier_League,2025-2026,AFC Bournemouth,djelmk2oafas355n2u0d1bumt,L. Cook,Midfielder,4,25,16,9,16,,92,1,6,120,1,4,76,34,42,150,143,5,16,1,,18,16,2,,,,51,18,33,24,10,143,,477,1,68,11,8,62,,112,11,2,,8,,8,10,5,3,5,1,25,413,254,179,398,9,16,,14,870,4,,,26,8,5,118,490,2,423,25,4,67,674,34,9,1,15,29,90,11,38,1,,,0,,26,,,,,,4,,18,,,1,,1,1,,,,,,,,,,,,,,,,,,,,,,,,,,,,,
England_Premier_League,2025-2026,AFC Bournemouth,3ya23ba6ob3upcwrk8u20vrpw,Malcom Dacosta,Midfielder,51,,,,,,,,,,,,,,,,,,,,,,,,,,,,,,,,,,,,,,,,,,,,,,,,,,,,,,,,,,,,,,,,,,,,,,,,,,,,,,,,,,,,,,,,,,,,,,,,,,,,,,,,,,,,,,,,,,,,,,,,,,,,,,,,,,,,,
England_Premier_League,2025-2026,AFC Bournemouth,b1y7pnmjciimn2ntaf8o5m73e,W. Dennis,Goalkeeper,40,,,,,,,,,,,,,,,,,,,,,,,,,,,,,,,,,,,,,,,,,,,,,,,,,,,,,,,,,,,,,,,,,,,,,,,,,,,,,,,,,,,,,,,,,,,,,,,,,,,,,,,,,,,,,,,,,,,,,,,,,,,,,,,,,,,,,
England_Premier_League,2025-2026,AFC Bournemouth,7c0b5fz3m1uw0fwpm051e6rfu,B. Diakité,Defender,18,71,36,35,18,,49,,5,155,4,1,111,51,60,40,250,2,18,,,27,24,3,,,,40,15,25,12,3,253,2,727,2,102,14,10,48,,197,3,1,,15,2,3,,,,13,2,34,640,244,415,625,5,15,1,,1275,4,,,83,8,5,100,749,1,659,20,10,90,922,1,1,3,25,38,65,26,52,1,,,0,,,,,,,,,,,,,1,1,,,2,2,3,,,,,,,,,,,,,,,,,,,,,,,,,,
England_Premier_League,2025-2026,AFC Bournemouth,2wl0uylmkzi2ls7v4amgaa1yi,Evanilson,Forward,9,129,85,44,34,1,147,12,4,134,2,12,268,167,101,383,68,7,34,1,6,39,32,7,5,6,,139,82,57,6,29,108,29,422,5,58,43,15,73,2,113,30,32,22,30,22,4,,,14,,30,4,316,217,113,326,6,5,3,2,2597,53,3,4,27,24,32,235,436,54,330,11,135,106,785,4,4,15,2,4,88,22,102,2,4,2,1,,,2,1,2,2,2,,9,,6,2,,,,,,,,,,,,,,,,,,,,,,,,,,,,,,,,,
England_Premier_League,2025-2026,AFC Bournemouth,7c5uk1ts8jlu88p1x6wubuz8p,R. Faivre,Midfielder,0,,,,,,,,,,,,,,,,,,,,,,,,,,,,,,,,,,,,,,,,,,,,,,,,,,,,,,,,,,,,,,,,,,,,,,,,,,,,,,,,,,,,,,,,,,,,,,,,,,,,,,,,,,,,,,,,,,,,,,,,,,,,,,,,,,,,,
England_Premier_League,2025-2026,AFC Bournemouth,8wz5pdydepr5kzcichz17pv4l,F. Forster,Goalkeeper,17,,,,,,,,,,,,,,,,,,,,,,,,,,,,,,,,,,,,,,,,,,,,,,,,,,,,,,,,,,,,,,,,,,,,,,,,,,,,,,,,,,,,,,,,,,,,,,,,,,,,,,,,,,,,,,,,,,,,,,,,,,,,,,,,,,,,,
England_Premier_League,2025-2026,AFC Bournemouth,5fn9m086q3b5kdgt055bol638,B. Gannon-Doak,Forward,11,3,2,1,7,1,15,1,,20,,2,21,13,8,36,3,2,7,1,,1,1,,,,,18,11,7,1,,15,,38,1,13,2,2,4,,5,1,,,,,7,,,1,,1,,30,22,8,30,4,1,,1,72,6,1,,,3,1,19,38,,30,5,7,8,64,2,2,6,1,1,9,1,7,,,,0,,,,,,,,,,,,,,,,,,,,,,,,,,,,,,,,,,,,,,,,,,,,,
England_Premier_League,2025-2026,AFC Bournemouth,9ea8t509bssf2bhp1n5xxvrl6,J. Hill,Defender,23,162,54,108,27,2,58,1,14,182,6,8,241,83,158,126,412,4,27,3,,22,20,2,,,,79,29,50,36,9,334,2,914,5,96,22,8,69,,125,12,8,2,20,2,7,2,2,2,14,,49,702,233,485,667,18,20,2,26,1924,5,2,,156,13,12,303,929,10,716,38,21,213,1359,9,9,,61,112,176,46,101,3,,,0,,,,,,1,,,1,,,,61,,,,5,5,2,1,2,1,,,,,,,,,,,,,,,,,,,,,,,
England_Premier_League,2025-2026,AFC Bournemouth,clbsrtzkf61e6vx28ou5lbx90,Álex Jiménez,Defender,20,35,22,13,31,,152,9,11,347,3,14,277,136,141,365,338,14,31,,1,39,33,6,1,1,,242,114,128,27,14,295,,847,4,235,57,24,135,1,83,14,8,4,26,15,5,11,11,39,3,1,41,679,398,309,655,21,48,6,121,2323,56,2,1,41,35,20,334,868,12,696,69,41,172,1468,40,40,36,24,47,161,51,125,10,1,0,0,,,,,,,,,,,,3,21,1,,,,,1,1,,2,,,,,,,,,,,,,,,,,,,,,,,
England_Premier_League,2025-2026,AFC Bournemouth,5qgc6zjc38a5xjl35gs7h3vu1,J. Kluivert,Forward,19,28,22,6,18,,93,5,1,101,,9,110,74,36,250,83,3,18,,2,18,14,4,1,1,1,82,52,30,4,21,59,2,302,1,49,14,6,44,2,97,21,7,4,10,10,8,8,5,11,,12,12,242,201,78,259,4,6,4,1,920,29,3,1,2,15,9,148,332,11,271,10,29,61,510,34,16,14,3,4,80,15,57,4,1,1,1,3,20,,,,1,,2,1,14,1,,,,,,,,,,,,,,,,,,,,,,,,,,,,,,,,,,
England_Premier_League,2025-2026,AFC Bournemouth,3f2e9orrwiljklmmzwh2m7uvo,J. Kroupi,Forward,22,29,21,8,31,,106,15,,98,,7,136,94,42,268,92,15,31,,12,20,19,1,6,10,2,107,73,34,8,21,86,5,374,1,42,23,10,57,9,115,21,9,20,19,19,12,1,1,14,1,29,13,274,182,118,286,3,6,3,2,1534,39,3,9,32,26,11,189,399,29,299,9,76,100,654,9,9,20,4,7,86,23,93,5,6,6,1,,1,,,1,1,2,,3,,2,2,,,,,,,,,,,2,2,,,,,,,,,,,,,,,,,,,,,
England_Premier_League,2025-2026,AFC Bournemouth,1jv2z06bjokvswjhuo1xsxdgq,C. Mandas,Goalkeeper,29,,,,,,,,,,,,,,,,,,,,,,,,,,,,,,,,,,,,,,,,,,,,,,,,,,,,,,,,,,,,,,,,,,,,,,,,,,,,,,,,,,,,,,,,,,,,,,,,,,,,,,,,,,,,,,,,,,,,,,,,,,,,,,,,,,,,,
England_Premier_League,2025-2026,AFC Bournemouth,aje7rfhp2kmdys3ht82xbx4wk,V. Milosavljević,Defender,44,27,15,12,7,,11,,5,74,1,,36,18,18,11,65,,7,,,6,3,3,,,,9,3,6,4,1,73,,188,,40,4,3,13,,41,1,1,,4,,3,,,1,3,,8,158,47,113,152,1,4,,1,367,1,,,25,,,34,190,1,160,5,4,30,248,,,,5,18,23,7,12,,,,0,,,,,,,,,1,,,,,,,,,,,,,,,,,,,,,,,,,,,,,,,,,,,,
England_Premier_League,2025-2026,AFC Bournemouth,bcfzovs0pj9urgv9r0ykjnlrd,Đ. Petrović,Goalkeeper,1,20,,20,36,,,,,74,11,1,26,3,23,,487,,36,,,52,45,7,,,,6,3,3,,,231,,566,6,35,1,,267,,136,,,,36,,,,,,40,,142,395,92,455,405,,,,,3240,,,,60,,2,315,854,,547,,,307,1248,,,,167,303,272,35,4,3,,,0,,,,,,,,,,,,,,,,,288,200,,,1,19,,,31,2,8,83,4,6,33,103,64,36,2,30,,,,,,,,,
England_Premier_League,2025-2026,AFC Bournemouth,db59xs6wi27mder57ocnlidjo,Rayan,Forward,37,52,29,23,13,2,81,9,,123,1,11,119,70,49,259,59,4,13,2,5,9,9,,4,4,1,67,41,26,6,11,105,1,274,3,78,21,14,39,3,29,13,8,8,11,9,2,3,3,11,1,13,9,214,153,64,205,3,7,2,1,962,28,3,3,13,7,5,135,274,16,214,10,45,60,464,18,17,18,4,6,73,5,54,1,3,2,1,,1,,1,1,2,1,,,1,,1,,1,,,,,,,,,,,,,,,,,,,,,,,,,,,,,,,
England_Premier_League,2025-2026,AFC Bournemouth,bch2qxtejv4kj2h1zyfpl05qs,R. Rees-Dottin,Forward,50,,,,,,,,,,,,,,,,,,,,,,,,,,,,,,,,,,,,,,,,,,,,,,,,,,,,,,,,,,,,,,,,,,,,,,,,,,,,,,,,,,,,,,,,,,,,,,,,,,,,,,,,,,,,,,,,,,,,,,,,,,,,,,,,,,,,,
England_Premier_League,2025-2026,AFC Bournemouth,1n1iqt63gkt8nly9lia2wbkt0,D. Sadi,Forward,49,,,,,,,,,,,,,,,,,,,,,,,,,,,,,,,,,,,,,,,,,,,,,,,,,,,,,,,,,,,,,,,,,,,,,,,,,,,,,,,,,,,,,,,,,,,,,,,,,,,,,,,,,,,,,,,,,,,,,,,,,,,,,,,,,,,,,
England_Premier_League,2025-2026,AFC Bournemouth,mfsus6ryni5b1hjn0y70sbo4,A. Scott,Midfielder,8,64,29,35,36,1,295,14,15,428,6,17,325,145,180,469,339,20,36,1,3,40,33,7,3,2,1,261,116,145,36,25,367,1,1294,5,212,48,29,184,1,345,26,17,13,33,15,3,14,7,28,8,38,53,1097,597,558,1088,21,37,10,5,2769,49,4,2,75,45,60,373,1346,30,1141,58,49,205,1941,69,19,23,28,72,230,44,133,5,1,2,1,2,52,,,,1,2,6,2,42,2,1,,1,,,,,,1,,2,,,,,,,,,,,,,,,1,,,,,,,,
England_Premier_League,2025-2026,AFC Bournemouth,7tnuxlg9l4rjhc7j3ko36hduy,A. Semenyo,Forward,24,117,58,59,34,2,293,14,7,429,9,26,435,255,180,865,200,33,34,4,15,50,42,8,13,11,4,318,197,121,12,33,197,18,874,3,228,83,53,139,9,184,36,28,38,34,8,,7,7,56,5,52,26,696,512,191,670,12,32,5,32,2996,126,8,8,29,54,21,492,874,66,696,44,159,178,1599,40,40,68,14,26,187,31,152,7,8,7,2,2,,,3,,3,6,,7,,7,11,38,1,,,,,,,,,2,1,,,,,,,,,,,,,,1,1,,,,,,
England_Premier_League,2025-2026,AFC Bournemouth,95pzsjfh0wf6isp6qpf9lddyh,M. Senesi,Defender,5,185,97,88,35,5,63,4,45,548,10,11,359,171,188,187,1115,18,35,5,,51,45,6,,,,174,74,100,54,19,321,1,2020,6,360,51,26,146,,673,24,8,5,35,2,,8,8,6,33,2,173,1554,739,955,1513,27,32,14,11,3110,16,7,,243,34,36,565,2172,13,1686,59,52,486,2814,17,17,3,136,278,384,119,208,8,,,0,,,1,,,1,,,2,,,1,,,,,72,76,4,,,,,,,,,4,,,,,,,,,,,,,,,,,
England_Premier_League,2025-2026,AFC Bournemouth,80bmtj7l07ohb2h475w955n9,A. Smith,Defender,15,27,14,13,20,,59,,6,33,3,3,74,40,34,77,132,4,20,2,,15,13,2,,,,47,26,21,6,3,93,,286,1,18,9,4,25,,10,5,,,12,7,8,1,1,1,1,1,9,220,115,111,216,2,11,,43,898,2,1,,34,15,8,102,294,,225,13,9,69,461,10,10,,28,40,64,15,29,3,,,0,,,,2,,,,,,,,1,10,,,,,,,,,,,,,,,,,,,,,,,,,,,,,,,,
England_Premier_League,2025-2026,AFC Bournemouth,erge77vege2a3zor041ert5w4,J. Soler,Defender,6,,,,3,,11,,,11,,,6,3,3,12,5,,3,,,2,1,1,,,,6,3,3,,,1,,23,,2,,,4,,6,,,,,,3,,,,,,,20,15,5,20,1,,,1,34,,,,,2,2,6,23,,20,1,1,3,31,2,2,,1,2,3,2,1,,,,0,,,,,,,,,,,,1,,,,,,,,,,,,,,,,,,,,,,,,,,,,,,,,,
England_Premier_League,2025-2026,AFC Bournemouth,btc6n4v3xo5ed3drm3vvkx7v8,C. Stevens,Midfielder,53,,,,,,,,,,,,,,,,,,,,,,,,,,,,,,,,,,,,,,,,,,,,,,,,,,,,,,,,,,,,,,,,,,,,,,,,,,,,,,,,,,,,,,,,,,,,,,,,,,,,,,,,,,,,,,,,,,,,,,,,,,,,,,,,,,,,,
England_Premier_League,2025-2026,AFC Bournemouth,b3gobhr43y8oxpafvp4f8rgmh,M. Tavernier,Midfielder,16,62,38,24,32,4,275,18,5,377,3,33,303,172,131,755,294,17,32,4,6,42,36,6,2,4,2,241,134,107,15,41,250,4,981,4,184,53,20,142,1,206,45,26,23,29,16,3,17,8,36,,31,27,813,630,241,827,16,21,10,17,2558,90,6,3,38,29,34,432,1025,49,854,37,105,171,1646,87,54,48,21,43,225,33,128,6,3,3,2,6,58,,2,,4,5,8,8,30,2,5,2,,,,,,,,,,2,2,,,,,,,,,,,,,1,2,1,1,,,,,
England_Premier_League,2025-2026,AFC Bournemouth,ctq9si3nbc6n8cznhlcvtixd6,H. Traoré,Midfielder,25,2,2,,1,,,,,1,,,4,3,1,1,1,,1,1,,2,2,,,,,2,1,1,,,1,,2,,1,,,2,,,1,,,,,1,,,,,,,2,,2,2,1,,,,16,1,,,1,,,2,2,,2,1,,,7,1,,1,,,1,,,,,,0,,1,,,,,,,,1,,,,,,,,,,,,,,,,,,,,,,,,,,,,,,,,,,,
England_Premier_League,2025-2026,AFC Bournemouth,92qqdiryqd8juqdjq8585476y,A. Truffert,Defender,3,98,54,44,36,2,311,5,10,414,11,17,378,181,197,641,573,9,36,3,1,49,42,7,1,1,,280,127,153,47,24,73,,1443,6,261,85,33,180,,515,27,5,6,36,2,,32,30,30,15,2,36,1202,684,575,1191,42,50,,212,3200,62,4,1,140,37,31,485,1472,11,1227,92,45,245,2461,106,106,38,60,80,270,81,165,4,0,1,1,,1,,,,,1,,1,,,2,28,,,,,,,,,,,,,,,,,,,,,,,,,,,,,,,,
England_Premier_League,2025-2026,AFC Bournemouth,9s97wjlj2f6cihmrgvymof1n8,A. Tóth,Midfielder,27,1,1,,8,,10,,,8,,,11,8,3,24,7,,8,,,2,2,,,,,10,7,3,2,4,8,,30,1,4,,,6,,8,4,1,,1,1,7,,,,,1,,25,21,7,28,1,,,,80,3,,,3,1,2,14,33,1,28,1,6,5,55,3,2,3,,,7,1,5,1,,,0,,1,,,,,,,,,,,,,,,,,,,,,,,,,,,,,,,,,,,,,,,,,,,
England_Premier_League,2025-2026,AFC Bournemouth,a27jmusots4qlgmc8yrecv02c,B. Winterburn,Midfielder,47,1,1,,1,,,,,,,,1,1,,,1,,1,,,2,2,,,,,,,,,,,,1,,,,,,,,,,,,,1,,,,,,,,,,,,,,,6,,,,,,,1,1,,,,,1,2,,,,,,1,,1,,,,0,,,,,,,,,,,,,,,,,,,,,,,,,,,,,,,,,,,,,,,,,,,,,
England_Premier_League,2025-2026,AFC Bournemouth,b64p21hmhsqgrn6n04mk00zpx,E. Ünal,Forward,26,37,29,8,21,,19,5,,13,,,62,45,17,61,10,2,21,,1,2,2,,1,1,,25,16,9,,,10,2,48,,6,5,1,5,,9,,7,2,,,21,,,1,,6,,32,21,11,32,,1,1,,196,10,,1,12,6,8,38,48,9,32,1,18,16,116,2,2,3,,,18,,16,1,1,0,0,4,,,,,,1,,2,,1,,,,,,,,,,,,,,,,,,,,,,,,,,,,,,,,,,
England_Premier_League,2025-2026,Arsenal FC,6j3wbk9xlq4om4m8ih6b3tyvp,Kepa Arrizabalaga,Goalkeeper,13,,,,,,,,,,,,,,,,,,,,,,,,,,,,,,,,,,,,,,,,,,,,,,,,,,,,,,,,,,,,,,,,,,,,,,,,,,,,,,,,,,,,,,,,,,,,,,,,,,,,,,,,,,,,,,,,,,,,,,,,,,,,,,,,,,,,,
England_Premier_League,2025-2026,Arsenal FC,asy2ytqb8svtkaqlxwkmaigic,B. Bailey-Joseph,Forward,81,,,,,,,,,,,,,,,,,,,,,,,,,,,,,,,,,,,,,,,,,,,,,,,,,,,,,,,,,,,,,,,,,,,,,,,,,,,,,,,,,,,,,,,,,,,,,,,,,,,,,,,,,,,,,,,,,,,,,,,,,,,,,,,,,,,,,
England_Premier_League,2025-2026,Arsenal FC,dhs8pujk55ewcis7y5alchu22,R. Calafiori,Defender,33,74,29,45,24,,179,10,4,175,4,12,179,79,100,330,206,15,24,2,1,8,6,2,,1,,105,50,55,15,4,72,4,688,,93,36,9,70,,241,6,14,8,20,13,4,3,3,15,5,15,19,585,314,284,576,13,19,,105,1590,17,,1,50,26,9,192,698,22,595,32,51,103,1091,18,18,7,14,20,76,45,83,5,0,1,1,,,,,1,2,,,3,,,1,39,,,,,,,,,1,,,,,,,,,,,,,,,,,,,,,,,
England_Premier_League,2025-2026,Arsenal FC,19uc99zbj5s0fk0cwcxq9eln8,J. Dixon,Defender,52,,,,,,,,,,,,,,,,,,,,,,,,,,,,,,,,,,,,,,,,,,,,,,,,,,,,,,,,,,,,,,,,,,,,,,,,,,,,,,,,,,,,,,,,,,,,,,,,,,,,,,,,,,,,,,,,,,,,,,,,,,,,,,,,,,,,,
England_Premier_League,2025-2026,Arsenal FC,61psw0tgtithfb7knevi50xec,M. Dowman,Midfielder,56,2,2,,5,,9,1,,31,,,31,18,13,52,2,,5,,1,1,1,,1,1,,29,16,13,1,3,16,,27,,19,3,2,8,,1,3,4,1,,,5,1,1,5,,,,24,22,4,25,,2,,,91,13,,1,,1,6,25,28,5,25,2,17,3,79,5,4,10,,,8,,3,,1,0,0,,2,1,,,,1,,,1,,1,,,,,,,,,,,,,,,,,,,,,,,,,,,,,,,,,
England_Premier_League,2025-2026,Arsenal FC,clrt0jkji5noabgnbeiauyxw4,H. Dudziak,Midfielder,39,,,,,,,,,,,,,,,,,,,,,,,,,,,,,,,,,,,,,,,,,,,,,,,,,,,,,,,,,,,,,,,,,,,,,,,,,,,,,,,,,,,,,,,,,,,,,,,,,,,,,,,,,,,,,,,,,,,,,,,,,,,,,,,,,,,,,
England_Premier_League,2025-2026,Arsenal FC,4wic6z72nwmhkheme209fcmp5,E. Eze,Midfielder,10,32,23,9,31,2,132,24,1,217,2,7,178,87,91,391,162,5,31,2,7,13,10,3,5,6,1,146,64,82,10,13,132,1,603,,92,14,5,74,6,197,15,18,17,21,16,10,2,2,28,,28,16,507,361,167,510,5,13,18,1,1812,43,4,2,10,16,36,180,623,35,526,18,61,97,913,10,5,20,8,21,88,19,76,1,5,2,3,1,3,,2,,1,1,,1,3,1,2,,,,,,,,,,,,,,,,,,,,,,,,,,,,,,,,,
England_Premier_League,2025-2026,Arsenal FC,d66tmyj9pt69gub8pcjgo3bh1,Gabriel Jesus,Forward,9,26,17,9,13,,23,3,,31,,4,63,42,21,102,27,3,13,,2,6,4,2,2,1,1,37,25,12,3,2,22,7,92,,21,9,8,18,2,21,2,2,10,2,2,11,,,7,,7,,69,54,16,70,4,,1,,346,18,,,3,6,1,63,93,12,70,4,34,23,188,,,8,1,1,16,7,22,2,1,1,0,,,,,,,,,3,,1,1,1,,,,,,,,,,,,,,,,,,,,,,,,,,,,,,,,
England_Premier_League,2025-2026,Arsenal FC,8libvn3hxypz8x7gm4mr7kj55,Gabriel Magalhães,Defender,6,153,58,95,30,3,94,10,34,294,16,3,249,85,164,189,510,7,30,4,3,19,14,5,,3,,96,27,69,23,3,292,,1570,,179,22,12,62,,755,7,9,7,29,1,1,1,1,1,19,1,73,1381,571,886,1383,17,20,4,2,2616,5,5,3,174,18,31,224,1651,16,1456,37,45,195,2061,4,4,1,51,92,137,62,103,4,1,2,1,,,,,1,2,2,,4,,,,,,,,46,46,4,1,,2,,,,,,,,,,,,,,,,,,,,,,,
England_Premier_League,2025-2026,Arsenal FC,7ocm7nugzwos59il1pm4eub8q,Gabriel Martinelli,Forward,11,26,18,8,28,2,73,7,1,114,,8,123,73,50,279,52,3,28,3,1,7,6,1,1,1,,97,55,42,1,8,32,5,226,,69,33,13,47,1,74,11,9,12,10,9,18,7,6,18,,1,3,159,130,40,160,4,8,2,4,982,41,3,1,10,10,13,177,231,21,163,12,62,68,467,24,23,16,8,11,81,11,57,3,1,0,0,,3,,1,,,,,7,1,1,2,,,,,,,,,,,,,,,,,,,,,,,,,,,,,,,,,
England_Premier_League,2025-2026,Arsenal FC,73xu8dfkmgivh8l71hkqfe6sp,V. Gyökeres,Forward,14,97,67,30,34,1,91,14,3,113,4,22,231,159,72,371,57,11,34,1,14,13,10,3,8,13,1,134,92,42,1,18,71,4,313,,58,24,8,52,10,94,19,18,22,26,16,8,2,2,6,,26,1,194,161,35,193,1,5,3,,2206,54,3,11,19,35,31,264,313,40,194,6,138,119,634,5,5,29,,2,107,17,117,5,9,5,5,,,,1,2,1,2,,12,,19,4,,,,,,,,,,,3,3,,,,,,,,,,,,,,,,,,,,,
England_Premier_League,2025-2026,Arsenal FC,nn4nw9jga8f9a3dpq7wz4o44,A. Harriman-Annous,Forward,71,,,,,,,,,,,,,,,,,,,,,,,,,,,,,,,,,,,,,,,,,,,,,,,,,,,,,,,,,,,,,,,,,,,,,,,,,,,,,,,,,,,,,,,,,,,,,,,,,,,,,,,,,,,,,,,,,,,,,,,,,,,,,,,,,,,,,
England_Premier_League,2025-2026,Arsenal FC,ed20ebhqi5c32vbbsze8r6yuh,K. Havertz,Forward,29,41,25,16,10,2,25,3,1,35,,5,78,44,34,95,41,2,10,2,1,3,3,,1,1,,37,19,18,,3,24,2,119,,19,11,3,12,1,30,5,6,3,6,5,4,,,3,,2,1,81,60,22,81,2,5,,,465,9,,1,7,6,8,72,120,9,82,7,26,38,205,4,4,2,2,2,37,5,36,,0,1,0,,,,2,,,,,5,,4,,,,,,,,,1,,1,,,,,,,,,,,,,,,,,,,,,,,
England_Premier_League,2025-2026,Arsenal FC,4foax2b7unlkev1eq6py86lii,P. Hincapié,Defender,5,61,30,31,23,1,102,1,9,185,4,5,167,69,98,234,256,9,23,2,1,18,14,4,1,1,,106,39,67,24,11,134,1,770,,103,26,12,59,,288,13,,1,19,5,4,4,4,7,7,2,22,681,347,348,669,21,26,2,81,1684,12,2,1,85,18,14,163,780,1,691,47,24,89,1179,27,27,7,28,39,86,30,50,2,0,1,0,,,,1,,,1,,,,1,3,8,,,,4,4,1,,1,,,,,,,,,,,,,,,,,,,,,,,,
England_Premier_League,2025-2026,Arsenal FC,7dpac4vuxwmu25eh9u9cqx91w,I. Ibrahim,Midfielder,72,,,,,,,,,,,,,,,,,,,,,,,,,,,,,,,,,,,,,,,,,,,,,,,,,,,,,,,,,,,,,,,,,,,,,,,,,,,,,,,,,,,,,,,,,,,,,,,,,,,,,,,,,,,,,,,,,,,,,,,,,,,,,,,,,,,,,
England_Premier_League,2025-2026,Arsenal FC,8585juruxxi6z8ih6kfqvrj6x,J. Kiwior,Defender,15,,,,,,,,,,,,,,,,,,,,,,,,,,,,,,,,,,,,,,,,,,,,,,,,,,,,,,,,,,,,,,,,,,,,,,,,,,,,,,,,,,,,,,,,,,,,,,,,,,,,,,,,,,,,,,,,,,,,,,,,,,,,,,,,,,,,,
England_Premier_League,2025-2026,Arsenal FC,azt1lhru9cgyb64h4h4fffrx0,M. Lewis-Skelly,Defender,49,15,10,5,18,,62,1,1,74,2,1,63,31,32,96,80,4,18,,,7,7,,,,,48,21,27,4,4,57,1,304,,44,15,8,24,,122,4,1,,4,1,14,,,8,3,8,8,276,131,162,285,3,5,,28,591,9,,,11,8,11,54,321,1,293,8,13,28,437,,,2,5,6,17,11,22,3,,,0,,,,,,,,,,,,1,9,,,,,,1,,,,,,,,,,,,,,,,,,,,,,,,,,
England_Premier_League,2025-2026,Arsenal FC,e3il1t1s5lrn4g8t85fcm40oa,N. Madueke,Forward,20,22,12,10,25,1,124,8,1,186,,33,164,92,72,454,82,4,25,1,2,9,6,3,,1,1,142,80,62,5,18,121,4,371,,112,34,12,32,,48,19,6,8,15,15,10,15,6,26,4,5,10,279,236,62,273,11,10,1,2,1134,46,5,,7,15,15,244,375,14,283,21,102,92,680,62,40,30,5,9,143,11,83,,0,2,0,,36,,1,1,,1,9,2,22,1,5,,,,,,,,,,,,,,,,,,,,,,,,,,1,,1,,,,,
England_Premier_League,2025-2026,Arsenal FC,atigcsq78g14w82lwvay26aj9,Mikel Merino,Midfielder,23,71,43,28,21,3,60,6,2,63,2,8,171,92,79,180,127,10,21,3,4,9,7,2,2,4,,100,49,51,10,9,103,3,353,,27,17,8,55,1,65,12,7,8,10,5,11,,,5,1,10,7,268,164,105,262,13,13,11,1,999,24,4,3,19,21,20,133,355,15,269,26,33,86,539,4,4,7,5,14,77,13,72,1,2,2,1,,,,,3,,,,4,,,,,,,,,,,,,,,,,,,,,,,,,,,,,,,,,,,,
England_Premier_League,2025-2026,Arsenal FC,6o76owze8y78ue9sb49g8kyz8,Cristhian Mosquera,Defender,3,35,21,14,18,,47,,6,125,1,1,89,43,46,77,154,7,18,,,7,6,1,,,,54,22,32,8,4,217,1,489,,77,8,4,30,,83,4,1,,7,4,11,,,,1,,9,446,186,271,448,10,17,1,21,809,2,,,38,15,5,61,501,1,457,27,7,44,638,1,1,1,9,12,22,23,32,4,,,0,,,,,,,,,,,,,9,,,,2,2,3,1,,1,,,,,,,,,,,,,,,,,,,,,,,
England_Premier_League,2025-2026,Arsenal FC,1d9hcpjkkkbxqgsvdh435ec5w,J. Nichols,Defender,48,,,,,,,,,,,,,,,,,,,,,,,,,,,,,,,,,,,,,,,,,,,,,,,,,,,,,,,,,,,,,,,,,,,,,,,,,,,,,,,,,,,,,,,,,,,,,,,,,,,,,,,,,,,,,,,,,,,,,,,,,,,,,,,,,,,,,
England_Premier_League,2025-2026,Arsenal FC,2lt2tw1qypl9hmlz529bo0sus,E. Nwaneri,Midfielder,22,4,3,1,6,,14,2,,38,,2,19,14,5,43,24,1,6,,,,,,,,,15,11,4,,1,30,,83,,20,5,4,10,,19,1,4,,,,6,,,3,,2,5,75,42,37,74,1,,1,,165,7,,,1,2,,20,87,4,79,1,6,8,121,2,1,5,2,4,8,2,4,,,,0,,,,1,,,,,,,,1,,,,,,,,,,,,,,,,,,,,,,,,,,,,,,,,,
England_Premier_League,2025-2026,Arsenal FC,8ju1opnca42o8i00wq3onzmqd,C. Nørgaard,Midfielder,16,4,2,2,6,,5,,1,3,,1,8,6,2,3,8,,6,,,1,1,,,,,4,4,,,,4,,22,,2,1,1,4,,6,,,1,,,6,,,,,,,19,3,16,19,,,,,56,1,,,6,1,,8,23,1,19,,,4,41,,,,,1,3,1,3,,,,0,,,,,,,,,,,,,2,,,,,,,,,,,,,,,,,,,,,,,,,,,,,,,,
England_Premier_League,2025-2026,Arsenal FC,ahe8l6e1xi1yref8w14ikwjdg,C. O'Neill,Forward,76,,,,,,,,,,,,,,,,,,,,,,,,,,,,,,,,,,,,,,,,,,,,,,,,,,,,,,,,,,,,,,,,,,,,,,,,,,,,,,,,,,,,,,,,,,,,,,,,,,,,,,,,,,,,,,,,,,,,,,,,,,,,,,,,,,,,,
England_Premier_League,2025-2026,Arsenal FC,m83pclxncibgnpto85y82bdg,J. Porter,Goalkeeper,78,,,,,,,,,,,,,,,,,,,,,,,,,,,,,,,,,,,,,,,,,,,,,,,,,,,,,,,,,,,,,,,,,,,,,,,,,,,,,,,,,,,,,,,,,,,,,,,,,,,,,,,,,,,,,,,,,,,,,,,,,,,,,,,,,,,,,
England_Premier_League,2025-2026,Arsenal FC,6uk8zyvdc9k8jd7dyzygjatck,K. Ranson,Goalkeeper,79,,,,,,,,,,,,,,,,,,,,,,,,,,,,,,,,,,,,,,,,,,,,,,,,,,,,,,,,,,,,,,,,,,,,,,,,,,,,,,,,,,,,,,,,,,,,,,,,,,,,,,,,,,,,,,,,,,,,,,,,,,,,,,,,,,,,,
England_Premier_League,2025-2026,Arsenal FC,4iijb6llnz28unsz4rirr3umt,David Raya,Goalkeeper,1,10,1,9,36,,,,,116,18,,25,1,24,,723,,36,,,26,20,6,,,,15,,15,1,3,164,,821,,56,1,1,300,,188,3,,,36,,,,,1,94,,193,579,157,538,502,,1,1,,3240,,,,37,,13,391,1075,,695,1,,380,1416,,,,256,373,341,39,7,1,,,0,,,,,,,,,,,,,,,,,237,128,,,,12,,,33,1,6,70,5,,10,60,44,15,2,11,,,,,,,,,
England_Premier_League,2025-2026,Arsenal FC,6jgocc12bori2wygyu07c082x,D. Rice,Midfielder,41,73,24,49,35,4,298,13,12,605,12,20,234,96,138,759,557,22,35,5,4,25,19,6,4,3,1,161,72,89,36,58,468,1,1933,,313,41,18,173,3,730,62,14,13,34,6,1,47,15,14,14,43,81,1681,1060,779,1711,32,33,12,27,3009,32,17,3,75,26,10,483,2053,27,1792,65,54,261,2668,127,32,14,52,89,320,68,172,3,1,3,2,5,95,,,1,,,21,3,66,2,2,21,,,,,,,,,,,,,,,,,,,,,,,,1,,,,,,,,
England_Premier_League,2025-2026,Arsenal FC,dzlx1qxp90itwzij40j2zio7o,A. Rojas,Goalkeeper,51,,,,,,,,,,,,,,,,,,,,,,,,,,,,,,,,,,,,,,,,,,,,,,,,,,,,,,,,,,,,,,,,,,,,,,,,,,,,,,,,,,,,,,,,,,,,,,,,,,,,,,,,,,,,,,,,,,,,,,,,,,,,,,,,,,,,,
England_Premier_League,2025-2026,Arsenal FC,8tc7dcuwdeqbjgt7vw5p38xgq,B. Saka,Forward,7,52,30,22,30,3,209,23,1,392,7,30,312,153,159,859,168,20,30,4,7,16,11,5,6,7,,260,123,137,15,56,328,14,730,,202,56,22,111,2,36,60,18,27,24,10,6,39,21,50,3,13,14,558,495,113,555,19,17,3,12,2135,79,11,4,10,31,51,391,741,45,569,36,176,172,1325,80,44,49,16,25,226,26,147,2,4,3,1,2,62,,2,1,1,4,18,8,36,3,8,,,,,,,,,,,1,1,,,,,,,,,,,,,2,,,,,,,,
England_Premier_League,2025-2026,Arsenal FC,65rqu55qbzswixgqw2efna06i,W. Saliba,Defender,2,123,56,67,30,,81,1,7,385,14,,221,96,125,179,565,5,30,,1,20,15,5,,1,,98,40,58,17,10,912,1,1992,,221,13,3,111,,483,10,3,1,29,2,1,4,4,7,17,,57,1847,684,1216,1839,13,22,7,6,2525,12,1,1,126,22,16,179,2041,4,1896,35,22,145,2340,5,5,3,34,55,102,48,90,2,1,0,0,,,,,1,,,,2,,,,,,,,23,23,1,,,,,,,,,,,,,,,,,,,,,,,,,,
England_Premier_League,2025-2026,Arsenal FC,5zqauqk9fkct60qdhh2xfi0ic,M. Salmon,Defender,89,,,,,,,,,,,,,,,,,,,,,,,,,,,,,,,,,,,,,,,,,,,,,,,,,,,,,,,,,,,,,,,,,,,,,,,,,,,,,,,,,,,,,,,,,,,,,,,,,,,,,,,,,,,,,,,,,,,,,,,,,,,,,,,,,,,,,
England_Premier_League,2025-2026,Arsenal FC,3icc5dv989p7ay2mif3fixkwk,T. Setford,Goalkeeper,35,,,,,,,,,,,,,,,,,,,,,,,,,,,,,,,,,,,,,,,,,,,,,,,,,,,,,,,,,,,,,,,,,,,,,,,,,,,,,,,,,,,,,,,,,,,,,,,,,,,,,,,,,,,,,,,,,,,,,,,,,,,,,,,,,,,,,
England_Premier_League,2025-2026,Arsenal FC,aqlakf0mo95rlktf6xdbaegh5,J. Timber,Defender,12,60,20,40,30,3,189,3,6,242,11,21,257,110,147,528,394,20,30,5,3,20,14,6,,3,,197,90,107,24,22,399,,1063,,150,40,19,97,1,103,26,15,7,28,5,2,6,6,13,2,2,20,903,579,352,905,29,37,9,136,2457,45,4,1,53,38,29,302,1085,22,925,66,91,160,1656,40,40,20,19,32,162,38,128,5,3,0,2,,1,1,,2,,,,7,,1,3,17,,,,,,2,,,1,,,,,,,,,,,,,,,,,,,,,,,
England_Premier_League,2025-2026,Arsenal FC,8qwpdf5jof7o6yy47v6iv11hx,L. Trossard,Forward,19,18,12,6,30,6,190,18,3,281,3,15,204,110,94,650,181,6,30,6,6,15,12,3,5,4,2,186,98,88,9,29,53,5,723,,137,58,24,76,5,302,35,18,15,20,17,10,14,12,23,4,9,31,552,434,135,524,10,17,13,9,1917,68,8,3,14,13,39,335,726,33,555,27,112,171,1150,43,41,30,20,43,190,24,128,2,2,4,2,,4,,1,,4,1,2,8,2,3,2,1,,,,,,,,,,,,,,,,,,,,,,,,,,,,,,,,
England_Premier_League,2025-2026,Arsenal FC,cnmlhoum9aahwqruxgmz2gcfd,B. White,Defender,4,27,15,12,12,1,53,1,4,54,3,2,67,31,36,179,142,4,12,1,,6,5,1,,,,40,16,24,9,7,132,3,350,,31,18,14,28,,27,8,3,1,9,5,3,3,3,3,1,3,10,285,175,117,279,6,9,3,58,704,3,3,,25,5,6,100,354,4,289,15,16,65,546,13,13,1,11,21,65,13,44,,,,0,,,,,,,,,,,,,7,,,,,,,,,,,,,,,,,,,,,,,,,,,,,,,,
England_Premier_League,2025-2026,Arsenal FC,80aqmv4ht6rs1812qrr5j8kix,Martín Zubimendi,Midfielder,36,98,33,65,36,,238,8,5,407,10,3,253,102,151,433,511,19,36,1,5,24,19,5,2,3,2,155,69,86,39,17,601,1,1838,,203,43,24,113,3,509,18,10,9,33,13,3,2,2,7,18,27,51,1612,900,731,1578,29,38,9,4,2910,18,1,1,75,32,14,295,1859,19,1629,67,51,230,2244,9,9,8,28,57,181,58,173,4,4,1,4,,,,,2,2,,,2,,1,1,,,,,,,,,,,,,,,,,,,,,,,,,,,,,,,,,
England_Premier_League,2025-2026,Arsenal FC,b1lcxeihx8z6pfv1jef4j5jh1,M. Ødegaard,Midfielder,8,8,5,3,23,6,121,4,,300,3,7,90,52,38,375,236,5,23,6,1,13,10,3,1,,1,82,47,35,7,32,267,2,731,,131,9,,67,,130,38,9,8,15,8,8,6,3,9,2,18,36,614,442,200,600,11,8,20,3,1281,27,6,,6,9,7,185,754,17,636,19,36,118,913,16,9,15,17,31,116,18,87,,1,0,0,,5,,,,,1,2,,2,,1,,,,,,,,,,,,,,,,,,,,,,,,,1,,,,,,,,
England_Premier_League,2025-2026,Aston Villa FC,363nsa82dww242zeo09wpcslx,T. Abraham,Forward,18,11,6,5,12,,13,3,,7,,3,21,11,10,40,9,1,12,,2,8,7,1,1,2,,10,5,5,,4,11,,41,,,3,,6,2,11,3,3,3,2,1,10,,,1,,6,,22,16,9,25,2,2,,,279,1,1,1,3,2,,25,44,6,25,4,22,19,75,1,1,,,2,15,5,17,,2,0,1,,,,,,1,,,3,,3,1,,,,,,,,,,,,,,,,,,,,,,,,,,,,,,,,,
England_Premier_League,2025-2026,Aston Villa FC,7x5very8ubtscmpfk4ghfpwyc,Alysson,Forward,47,,,,3,,8,,,5,,,3,,3,23,3,,3,,,2,2,,,,,3,,3,1,,4,,17,,4,2,1,3,,2,,1,,,,3,,,2,,1,,14,10,4,14,,,,,47,,,,,,1,9,17,1,14,,4,3,30,2,2,,1,1,5,,2,,,,0,,,,,,,,,,,,1,,,,,,,,,,,,,,,,,,,,,,,,,,,,,,,,,
England_Premier_League,2025-2026,Aston Villa FC,4jyrztlaueae7eg18kuvxa489,L. Bailey,Forward,31,8,4,4,12,1,39,3,,62,,9,60,39,21,119,28,1,12,1,,8,7,1,,,,52,35,17,1,11,46,1,117,,37,12,5,27,,8,12,2,1,2,2,10,5,2,5,,,2,89,75,23,91,4,4,1,1,362,26,1,,2,5,4,83,121,3,93,8,20,28,219,12,7,19,,2,35,5,26,1,,,0,,12,,,,,,3,,5,,,,,,,,,,,,,,,,,,,,,,,,,,,,,,,,,,,
England_Premier_League,2025-2026,Aston Villa FC,dxeju5zcb6j8etdgwq0kweor9,R. Barkley,Midfielder,6,28,14,14,20,,79,4,3,111,,3,100,52,48,136,86,2,20,,3,14,12,2,,3,,72,38,34,2,9,99,,368,,54,6,3,44,,117,9,6,8,6,7,14,,,13,,16,11,323,196,138,323,3,9,3,,766,21,3,1,10,9,9,84,381,14,334,12,18,47,507,,,5,,5,31,16,42,1,1,2,0,,1,,,2,,1,,2,,1,,,,,,,,,,,,,,,,,,,,,,,,,,,,,,,,,,
England_Premier_League,2025-2026,Aston Villa FC,7h2icfuwy00ilm14dw5xyl5g5,M. Bizot,Goalkeeper,40,1,,1,6,,,,,25,1,,3,1,2,,76,1,6,,,9,8,1,,,,2,1,1,,,62,,160,1,6,,,50,,60,,,,5,,1,,,,10,,26,137,14,140,128,,,,,495,,,,7,1,1,45,198,,154,,,44,262,,,,23,44,33,11,,2,,,0,,,,,,,,,,,,,,1,,,42,25,,,,4,,,7,,,13,,1,3,17,9,7,,7,,,,,,,,,
England_Premier_League,2025-2026,Aston Villa FC,9jj7t00bb5zflz78nlz3bvllg,L. Bogarde,Midfielder,26,24,15,9,27,,77,,6,108,1,,106,51,55,107,146,12,27,,,16,13,3,,,,82,36,46,4,2,170,,473,,46,13,7,39,,90,2,,,10,6,17,1,1,2,2,3,6,423,208,226,427,8,18,,15,974,14,,,21,17,18,82,483,,433,26,7,50,638,1,1,5,6,11,32,19,39,5,,,0,,,,,,,,,,,,,2,,,,,,,,,,,,,,,,,,,,,,,,,,,,,,,,
England_Premier_League,2025-2026,Aston Villa FC,7kbz6hqt79vasxqc2gvz2o3kk,B. Broggio,Midfielder,62,,,,,,,,,,,,,,,,,,,,,,,,,,,,,,,,,,,,,,,,,,,,,,,,,,,,,,,,,,,,,,,,,,,,,,,,,,,,,,,,,,,,,,,,,,,,,,,,,,,,,,,,,,,,,,,,,,,,,,,,,,,,,,,,,,,,,
England_Premier_League,2025-2026,Aston Villa FC,l0qqn9tlgov91p5d1zzdupcl,E. Buendía,Midfielder,10,57,36,21,35,1,146,13,4,171,,7,261,148,113,370,182,23,35,2,6,23,22,1,4,3,3,204,112,92,12,25,116,1,612,,91,47,24,105,4,183,27,22,12,20,20,15,,,9,3,24,23,493,313,195,485,19,22,5,5,1669,54,4,1,20,40,42,216,627,34,508,41,70,119,993,9,8,20,2,15,101,27,104,6,4,2,4,5,4,,,1,2,1,,2,1,3,2,,,,,,,,,,,,,,,,,,,,,,,,,,1,1,,,,,,
England_Premier_League,2025-2026,Aston Villa FC,7t9sy750fvi5vmto3uf4dzyfo,B. Burrowes,Midfielder,83,,,,1,,2,,,2,,,3,2,1,6,,,1,,,1,1,,,,,3,2,1,,,3,,5,,2,2,1,1,,,,,,,,1,,,,,,,3,1,2,3,,,,,16,1,,,,,1,6,5,,3,,,2,12,3,3,1,,,4,1,2,,,,0,,,,,,,,,,,,,,,,,,,,,,,,,,,,,,,,,,,,,,,,,,,,,
England_Premier_League,2025-2026,Aston Villa FC,f5jsne6dq3di1b0khfy0m9x5g,T. Carroll,Defender,71,,,,,,,,,,,,,,,,,,,,,,,,,,,,,,,,,,,,,,,,,,,,,,,,,,,,,,,,,,,,,,,,,,,,,,,,,,,,,,,,,,,,,,,,,,,,,,,,,,,,,,,,,,,,,,,,,,,,,,,,,,,,,,,,,,,,,
England_Premier_League,2025-2026,Aston Villa FC,1e9txzr9hqz94xtun6byo0vs9,M. Cash,Defender,2,59,27,32,34,3,334,8,13,341,8,26,266,129,137,634,508,25,34,3,3,38,34,4,1,1,2,207,102,105,22,26,472,4,1323,1,138,61,24,86,2,62,29,12,10,34,8,,26,14,11,7,,55,1131,636,570,1125,34,32,2,158,2975,26,4,1,84,41,30,433,1376,22,1180,66,40,196,2143,103,67,9,24,74,238,61,122,9,2,1,1,,47,,,,1,1,11,,31,,,79,,,,,,,,,,,,,,,,,,,,,,,,1,,,,,,,,
England_Premier_League,2025-2026,Aston Villa FC,e8gz0tmmdh1ql8qrn1ncrvnpx,L. Digne,Defender,12,61,26,35,31,5,169,6,4,118,5,12,157,70,87,427,257,8,31,6,,23,19,4,,,,96,44,52,15,20,13,3,701,,73,44,9,63,,292,26,3,5,21,11,10,33,18,4,2,1,12,564,356,268,579,8,28,1,125,1852,18,4,,61,14,12,292,731,8,591,36,27,140,1226,73,55,7,26,44,157,56,96,3,,,0,5,38,,,,1,,16,,15,1,,41,,,,,,,,,1,,,,,,,,,,,,,,,,,,,,,,,
England_Premier_League,2025-2026,Aston Villa FC,7j84ozqdpgupzxevbxemi5tyh,Douglas Luiz,Midfielder,21,19,10,9,20,,120,3,2,136,,3,88,38,50,200,156,8,20,,1,14,10,4,1,1,,69,28,41,14,19,137,,561,1,69,18,10,49,1,194,19,3,5,11,10,9,11,3,6,1,18,26,501,294,261,518,10,12,,3,850,10,3,,10,13,14,126,607,8,544,22,16,63,798,32,13,7,3,20,82,13,43,3,1,0,0,,33,,,,,,8,2,15,,1,,1,,,,,,,,,,,,,,,,,,,,,,,,,,,,,,,
England_Premier_League,2025-2026,Aston Villa FC,dz2rfsmhib89jwilpuub10qcq,H. Elliott,Midfielder,9,2,1,1,5,,23,4,1,27,,3,5,2,3,60,27,,5,,,2,2,,,,,3,1,2,,1,19,,81,,10,3,3,4,,13,1,1,,1,1,4,1,1,,,3,1,68,60,10,68,,,1,2,110,1,,,1,,2,18,82,1,69,,9,13,103,2,2,1,2,4,12,3,9,,,,0,,,,,,,,,,,,,,,,,,,,,,,,,,,,,,,,,,,,,,,,,,,,,
England_Premier_League,2025-2026,Aston Villa FC,awifojlj7tvikhdfqftwhco44,Andrés García,Defender,16,,,,5,,12,,,14,,1,4,3,1,15,5,,5,,,2,,2,,,,4,3,1,,,6,,24,,6,1,1,2,,2,,,,,,5,,,,,,,24,15,10,25,,1,,4,38,2,,,,,,8,25,,25,1,,,39,4,4,1,,,4,,,,,,0,,,,,,,,,,,,,,,,,,,,,,,,,,,,,,,,,,,,,,,,,,,,,
England_Premier_League,2025-2026,Aston Villa FC,7k0r5crdh9blj3edt31zwy0dm,E. Guessand,Forward,29,23,13,10,19,1,54,1,3,83,1,4,153,86,67,160,45,8,19,2,1,15,14,1,1,1,,130,73,57,5,3,38,,172,1,47,25,12,42,1,40,5,4,6,9,8,10,,,13,,5,1,140,99,46,144,11,13,,,887,53,2,1,9,15,20,124,177,10,145,24,38,32,397,11,11,25,1,1,36,7,31,,1,0,0,,,,,,1,,,3,,1,2,,,,,,,,,,,,,,,,,,,,,,,,,,,,,,,,,
England_Premier_League,2025-2026,Aston Villa FC,ak6mqx5tyz1duwg1u3v4fwfmc,G. Hemmings,Midfielder,53,,,,2,,2,1,,5,,,1,1,,5,1,1,2,,,,,,,,,1,1,,,,5,,17,,1,,,1,,9,,,,,,2,,,,,,1,17,12,5,16,,,,,25,,,,,1,,,17,,17,,,,20,,,,,,,,,,,,0,,,,,,,,,,,,,,,,,,,,,,,,,,,,,,,,,,,,,,,,,,,,,
England_Premier_League,2025-2026,Aston Villa FC,4d80fgvni9ehxsurp8tz7juvo,R. Hollingshead,Goalkeeper,60,,,,,,,,,,,,,,,,,,,,,,,,,,,,,,,,,,,,,,,,,,,,,,,,,,,,,,,,,,,,,,,,,,,,,,,,,,,,,,,,,,,,,,,,,,,,,,,,,,,,,,,,,,,,,,,,,,,,,,,,,,,,,,,,,,,,,
England_Premier_League,2025-2026,Aston Villa FC,9p621hq50jdkujzy4309sagkq,S. Iling-Junior,Forward,19,,,,,,,,,,,,,,,,,,,,,,,,,,,,,,,,,,,,,,,,,,,,,,,,,,,,,,,,,,,,,,,,,,,,,,,,,,,,,,,,,,,,,,,,,,,,,,,,,,,,,,,,,,,,,,,,,,,,,,,,,,,,,,,,,,,,,
England_Premier_League,2025-2026,Aston Villa FC,ebiqfsdzd3xnycfgzsjd8bo4,J. Jimoh-Aloba,Midfielder,20,,,,1,,2,,,3,,,2,1,1,3,,,1,,,,,,,,,2,1,1,,,1,,7,,,,,1,,4,,,,,,1,,,,,,,6,2,4,6,,,,,8,1,,,,,1,2,7,,6,,,1,11,,,1,,,,1,1,,,,0,,,,,,,,,,,,,,,,,,,,,,,,,,,,,,,,,,,,,,,,,,,,,
England_Premier_League,2025-2026,Aston Villa FC,blth4klpu88kgh73abpjlgusp,B. Kamara,Midfielder,44,56,20,36,18,1,132,3,8,182,2,1,204,88,116,189,244,15,18,3,1,15,14,1,1,,1,148,68,80,18,12,232,,799,,83,25,13,65,,210,15,,4,17,8,1,,,14,3,30,31,705,392,330,691,20,17,4,,1418,32,,,20,17,30,145,818,4,722,37,11,96,1048,2,1,17,1,15,71,27,81,5,1,0,1,,2,,,,,1,,2,1,,1,,,,,,,,1,,,,,,,,,,,,,,,,,,,,,,,,,
England_Premier_League,2025-2026,Aston Villa FC,8qys6qtdwgsycxducl062zld5,E. Konsa,Defender,4,56,24,32,34,,122,4,29,510,8,4,149,49,100,108,581,4,34,,,44,40,4,,,,93,25,68,23,5,919,,1960,1,285,19,12,108,,476,5,5,2,34,,,1,1,8,5,,61,1867,667,1337,1942,14,8,1,1,3036,10,1,,122,11,40,127,2098,7,2003,22,26,95,2439,4,4,4,7,39,63,36,56,,,,0,,,,,,1,,,1,,,,1,,1,1,26,26,2,3,,4,,,,,,,,,,,,,,,,,,,,,,,
England_Premier_League,2025-2026,Aston Villa FC,a3ms8havadt1y9x381l325txx,V. Lindelöf,Defender,3,17,6,11,16,,36,,5,145,1,,30,12,18,33,154,2,16,1,,14,10,4,,,,13,6,7,7,1,150,,533,,76,6,5,16,,244,2,3,,10,2,6,,,,2,1,12,499,143,406,537,3,3,,,871,2,1,,31,2,1,39,584,3,549,6,5,35,657,,,,6,12,15,20,23,,,,0,,,,,,,,,1,,,,,,,,36,36,,,,,,,,,,,,,,,,,,,,,,,,,,,
England_Premier_League,2025-2026,Aston Villa FC,9ysvzu336d2ahptkv7eoscl7u,I. Maatsen,Defender,22,30,12,18,29,1,174,5,1,221,2,11,198,102,96,412,205,8,29,1,,26,24,2,,,,168,90,78,17,23,43,1,668,1,137,47,15,79,,260,24,9,5,16,9,13,11,9,20,7,4,25,572,322,274,560,9,30,,99,1509,52,4,,56,16,19,267,682,14,585,39,63,97,1206,42,39,29,5,12,105,34,85,2,,,0,,7,,,,,,2,1,3,,7,25,,,,,,,,,,,,,,,,,,,,,,,,,,,,,,,,
England_Premier_League,2025-2026,Aston Villa FC,7q96z3aaee5jyccb8pjthi8kp,D. Malen,Forward,17,10,7,3,21,1,31,6,,45,,3,57,36,21,129,17,,21,1,4,10,8,2,2,4,,47,29,18,,6,28,1,83,1,31,9,4,10,4,18,7,12,9,5,5,16,2,2,8,,6,1,62,60,15,72,1,3,1,,645,25,,2,2,2,6,65,94,21,73,4,48,21,206,5,5,12,2,4,21,5,17,,3,1,2,,3,,,,1,,,5,,3,1,,,,,,,,,,,,,,,,,,,,,,,,,,,,,,,,,
England_Premier_League,2025-2026,Aston Villa FC,3zl1q2gk6tdmzirsyfgm38no5,E. Martínez,Goalkeeper,23,17,1,16,32,1,,,,157,7,2,29,1,28,,586,,32,1,,39,34,5,,,,12,,12,,1,318,,967,,88,2,,272,,307,2,,,32,1,,,,,55,,175,766,133,760,718,,,1,,2835,,2,,27,,17,326,1211,,893,,,318,1539,,,,159,311,251,67,7,2,,,0,,,,,,,,,,,,,,,,,185,105,,,,21,,,43,1,5,44,5,1,10,95,54,40,4,23,,,,,1,1,,,
England_Premier_League,2025-2026,Aston Villa FC,btvuam6p4391am219taqtcted,J. McGinn,Midfielder,7,32,21,11,29,3,142,7,5,217,2,18,238,132,106,456,203,12,29,4,5,28,24,4,4,1,4,206,111,95,12,37,316,,724,1,98,28,15,88,,87,41,9,11,28,22,1,21,13,19,1,26,41,595,421,216,575,12,16,5,1,2153,66,7,1,15,31,48,307,748,20,616,28,55,132,1165,62,37,20,,28,164,30,104,5,5,0,3,,28,,,,,5,4,4,19,1,3,1,,,,,,,,,,,,,,,,,,,,,,,,,,,,,,,,
England_Premier_League,2025-2026,Aston Villa FC,2smmv9hdoiet7necaf00ol51x,T. Mings,Defender,5,67,27,40,16,,51,4,8,207,3,,96,43,53,65,293,3,16,,,22,20,2,,,,29,16,13,10,5,177,,774,1,101,6,3,46,,339,5,4,1,14,1,2,1,1,2,6,,35,686,275,495,734,2,2,1,3,1233,7,1,,75,10,9,107,860,5,769,4,21,91,1022,3,3,4,23,48,62,32,43,1,,,0,,,,1,,,,,2,,,,,,,,43,43,,,,,,,,,,,,,,,,,,,,,,,,,,,
England_Premier_League,2025-2026,Aston Villa FC,do3duah478rhz9cg2icde4h9m,A. Onana,Midfielder,24,68,23,45,24,,163,4,17,185,3,5,190,69,121,177,243,9,24,,2,26,23,3,1,1,1,122,46,76,25,7,221,,829,,75,18,12,72,1,214,7,8,7,21,10,3,,,7,2,22,42,723,349,385,692,18,29,3,1,1747,16,,1,58,20,25,145,841,15,734,47,25,107,1138,,,6,3,23,78,29,84,3,1,1,0,,,,1,1,1,,,4,,,1,,,,,,,,,,,,,,,,,,,,,,,,,,,,,,,,,
England_Premier_League,2025-2026,Aston Villa FC,4m0bughfoyenolwza4i3araxg,T. Patterson,Defender,55,,,,,,,,,,,,,,,,,,,,,,,,,,,,,,,,,,,,,,,,,,,,,,,,,,,,,,,,,,,,,,,,,,,,,,,,,,,,,,,,,,,,,,,,,,,,,,,,,,,,,,,,,,,,,,,,,,,,,,,,,,,,,,,,,,,,,
England_Premier_League,2025-2026,Aston Villa FC,3d34u92oy9jsmdj4pfu7p5jbo,S. Proctor,Goalkeeper,52,,,,,,,,,,,,,,,,,,,,,,,,,,,,,,,,,,,,,,,,,,,,,,,,,,,,,,,,,,,,,,,,,,,,,,,,,,,,,,,,,,,,,,,,,,,,,,,,,,,,,,,,,,,,,,,,,,,,,,,,,,,,,,,,,,,,,
England_Premier_League,2025-2026,Aston Villa FC,2eayhzdix8knmn810sbngsdt5,M. Rogers,Forward,27,88,62,26,37,4,225,26,3,415,7,40,442,284,158,874,288,9,37,6,10,48,42,6,8,7,3,354,222,132,13,41,231,3,1031,1,223,78,26,139,8,324,47,26,32,37,5,,3,3,42,,59,37,761,537,263,760,19,23,20,13,3285,156,13,3,32,46,49,619,1068,58,797,42,181,271,1805,47,46,76,5,23,254,64,248,7,4,6,3,4,1,,2,,3,2,,4,,13,5,1,1,,,,,,1,,1,,,,,,,,,,,,,,,,1,1,,,,,,
England_Premier_League,2025-2026,Aston Villa FC,6lim3mfuekflkht5atuuf47is,L. Routh,Defender,56,,,,,,,,,,,,,,,,,,,,,,,,,,,,,,,,,,,,,,,,,,,,,,,,,,,,,,,,,,,,,,,,,,,,,,,,,,,,,,,,,,,,,,,,,,,,,,,,,,,,,,,,,,,,,,,,,,,,,,,,,,,,,,,,,,,,,
England_Premier_League,2025-2026,Aston Villa FC,7e0vt9fl5ual2iwiesugzj5lg,T. Rowe,Defender,45,,,,,,,,,,,,,,,,,,,,,,,,,,,,,,,,,,,,,,,,,,,,,,,,,,,,,,,,,,,,,,,,,,,,,,,,,,,,,,,,,,,,,,,,,,,,,,,,,,,,,,,,,,,,,,,,,,,,,,,,,,,,,,,,,,,,,
England_Premier_League,2025-2026,Aston Villa FC,cv8egyrq9dlfgeamk6b7fdgq1,J. Sancho,Forward,19,9,6,3,23,2,126,6,,119,,8,66,38,28,313,92,1,23,2,,10,9,1,,,,57,32,25,2,19,78,3,374,,62,25,6,26,,82,21,1,3,9,10,14,3,2,16,,15,2,312,240,79,314,4,3,,8,873,22,3,,9,3,2,128,378,4,316,7,56,62,527,20,17,13,1,1,69,13,61,,,,0,,5,,,,,,1,1,1,2,4,1,,,,,,,,,,,,,,,,,,,,,,,,,,,,,,,,
England_Premier_League,2025-2026,Aston Villa FC,eo4uva2gnx08xdazfaqzyz2dx,Y. Tielemans,Midfielder,8,39,17,22,24,2,149,7,14,199,2,7,212,85,127,351,347,17,24,4,,27,23,4,,,,173,68,105,18,26,220,1,1044,1,108,44,23,93,,396,30,10,6,21,7,3,12,7,9,5,24,60,882,578,376,882,22,34,13,3,1845,21,5,,18,25,41,254,1112,16,942,56,34,170,1460,32,17,8,9,35,158,44,135,,,,0,,23,,,,,,5,2,8,2,,,,,,,,,,,,,,,,,,,,,,,,,,,,,,,,,,
England_Premier_League,2025-2026,Aston Villa FC,57s7gfvt5btbfzm600wn7df55,Pau Torres,Defender,14,48,23,25,20,,68,1,18,357,4,3,106,47,59,78,446,5,20,,,19,17,2,,,,58,24,34,11,1,153,,1027,,229,13,2,80,,486,1,6,1,18,3,2,,,7,3,,53,902,390,635,972,8,14,1,,1659,8,,,58,7,5,154,1153,7,1025,22,15,128,1331,4,4,4,21,71,98,34,57,1,,,0,,,,,,,,,1,,,2,,,,,63,63,1,2,1,1,,,,,,,,,,,,,,,,,,,,,,,
England_Premier_League,2025-2026,Aston Villa FC,5m0j33eoa5c8pqlr0tdf7undh,O. Watkins,Forward,11,90,57,33,36,1,164,22,1,181,3,22,274,165,109,475,74,13,36,3,14,37,32,5,11,13,1,184,108,76,6,20,110,23,451,1,107,25,10,49,8,113,23,21,36,32,20,4,2,2,24,,30,3,322,239,95,329,8,13,3,2,2762,72,4,13,15,35,31,278,461,57,332,21,170,129,859,5,5,29,,4,105,29,125,4,7,7,2,,,,1,4,2,2,,19,,12,2,,,,,,,,,,,,,,,,,,,,,,,,,,,,,,,,,
England_Premier_League,2025-2026,Aston Villa FC,d2oz9hkrhstz5jo2bpqqynecq,J. Wright,Goalkeeper,64,,,,,,,,,,,,,,,,,,,,,,,,,,,,,,,,,,,,,,,,,,,,,,,,,,,,,,,,,,,,,,,,,,,,,,,,,,,,,,,,,,,,,,,,,,,,,,,,,,,,,,,,,,,,,,,,,,,,,,,,,,,,,,,,,,,,,
England_Premier_League,2025-2026,Brentford FC,32bvxwhceid2xdcfx6cd8a8d1,K. Ajer,Defender,20,98,42,56,26,1,67,2,16,148,4,7,185,85,100,108,244,11,26,1,,30,29,1,,,,87,43,44,16,3,197,,652,2,85,19,9,54,,148,4,5,3,19,6,7,1,1,3,9,,24,518,149,373,497,15,21,,26,1725,14,1,,110,23,5,174,656,8,521,36,47,135,964,6,6,8,28,59,112,29,76,4,,,0,,,,1,,,,,1,,,,2,1,,,,,,,,,,,,,,,,,,,,,,,,,,,,,,,
England_Premier_League,2025-2026,Brentford FC,8gm7yexdkebkw32rabbh2o55g,B. Arthur,Defender,43,,,,,,,,,,,,,,,,,,,,,,,,,,,,,,,,,,,,,,,,,,,,,,,,,,,,,,,,,,,,,,,,,,,,,,,,,,,,,,,,,,,,,,,,,,,,,,,,,,,,,,,,,,,,,,,,,,,,,,,,,,,,,,,,,,,,,
England_Premier_League,2025-2026,Brentford FC,6axta520v9f4z56hctbq3a4mh,E. Balcombe,Goalkeeper,31,,,,,,,,,,,,,,,,,,,,,,,,,,,,,,,,,,,,,,,,,,,,,,,,,,,,,,,,,,,,,,,,,,,,,,,,,,,,,,,,,,,,,,,,,,,,,,,,,,,,,,,,,,,,,,,,,,,,,,,,,,,,,,,,,,,,,
England_Premier_League,2025-2026,Brentford FC,37nsr1aii2gwjursfklcwueqc,L. Bentt,Midfielder,48,,,,,,,,,,,,,,,,,,,,,,,,,,,,,,,,,,,,,,,,,,,,,,,,,,,,,,,,,,,,,,,,,,,,,,,,,,,,,,,,,,,,,,,,,,,,,,,,,,,,,,,,,,,,,,,,,,,,,,,,,,,,,,,,,,,,,
England_Premier_League,2025-2026,Brentford FC,csinkvzxcphggdjeflmo173zd,N. Collins,Defender,22,149,70,79,33,1,124,3,37,359,9,4,238,109,129,138,604,3,33,2,1,41,38,3,,1,,89,39,50,34,8,490,2,1552,3,207,18,14,124,,428,10,10,6,30,,3,1,1,5,20,,86,1292,384,986,1283,15,13,,3,2792,13,4,1,191,19,17,312,1646,16,1369,28,76,277,2094,,,3,84,147,202,75,130,6,0,1,0,,,1,,1,1,,,4,,,1,,1,,,51,62,1,1,1,,,,,,,11,,,,,,,,,,,,,,,,,
England_Premier_League,2025-2026,Brentford FC,ek0k9s7axizns3vtzyy3z5nu,M. Damsgaard,Midfielder,24,44,27,17,31,4,147,5,3,239,3,15,260,151,109,508,348,11,31,4,4,30,29,1,3,4,,216,124,92,25,34,173,4,847,3,143,44,22,130,3,220,38,12,11,23,15,8,25,10,15,6,30,32,644,497,212,652,22,34,14,5,1960,64,12,3,16,19,22,397,888,23,684,56,76,204,1338,65,32,33,21,50,231,38,154,,1,3,1,1,41,,1,1,1,,12,3,24,1,3,1,,,,,,,,,,,,,,,,,,,,,,,,,,,,,,,,
England_Premier_League,2025-2026,Brentford FC,bs7iyv9ys61m88qh4rvb0tpzp,J. Dasilva,Midfielder,10,,,,1,,1,,,2,,,1,1,,2,1,,1,,,,,,,,,1,1,,,,,,2,,1,1,1,,,,,,,,,1,,,,,1,,2,,2,2,,,,,1,1,,,,,,1,2,,2,,,,4,,,1,,,,,,,,,0,,,,,,,,,,,,,,,,,,,,,,,,,,,,,,,,,,,,,,,,,,,,,
England_Premier_League,2025-2026,Brentford FC,4csqktt1i4u9zu8fy4u8aok5w,R. Donovan,Midfielder,45,1,1,,4,,4,2,,12,,1,15,7,8,20,4,2,4,,,,,,,,,14,6,8,,1,5,,16,,7,1,,5,,3,1,,1,,,4,,,5,,,1,9,8,1,8,,,,,38,3,,,,2,3,14,16,1,9,,5,7,34,2,2,1,1,1,6,3,6,,,,0,,,,,,,,,,,,,,,,,,,,,,,,,,,,,,,,,,,,,,,,,,,,,
England_Premier_League,2025-2026,Brentford FC,351ujd3nfpktc0km8sq400tn8,J. Eyestone,Goalkeeper,41,,,,,,,,,,,,,,,,,,,,,,,,,,,,,,,,,,,,,,,,,,,,,,,,,,,,,,,,,,,,,,,,,,,,,,,,,,,,,,,,,,,,,,,,,,,,,,,,,,,,,,,,,,,,,,,,,,,,,,,,,,,,,,,,,,,,,
England_Premier_League,2025-2026,Brentford FC,9z6gig2dmhz738cfm9l23nxuc,K. Furo,Forward,47,1,1,,1,,,,,2,,,1,1,,1,,,1,,,,,,,,,,,,,,,,,,1,,,,,,,,,,,1,,,,,,,,,,,,,,,1,,,,,1,,3,,,,,,,3,,,,,,,,,,,,0,,,,1,,,,,,,,,,,,,,,,,,,,,,,,,,,,,,,,,,,,,,,,,
England_Premier_League,2025-2026,Brentford FC,6z1du1o69dgamvu2m8yi97dre,Fábio Carvalho,Midfielder,14,4,3,1,6,,5,,,6,,1,11,6,5,18,7,,6,,1,4,4,,,1,,7,3,4,,,7,,22,,4,1,1,5,1,6,,1,1,1,,5,1,,1,,1,2,17,11,10,18,1,2,,,100,3,,1,,,,14,25,2,20,3,2,5,45,4,3,2,,,9,,5,,1,0,0,,3,,,,,,1,,1,,,,,,,,,,,,,,,,,,,,,,,,,,,,,,,,,,,
England_Premier_League,2025-2026,Brentford FC,b0wq0gn8dl6bwonrvhu847190,Gustavo Nunes,Forward,39,,,,,,,,,,,,,,,,,,,,,,,,,,,,,,,,,,,,,,,,,,,,,,,,,,,,,,,,,,,,,,,,,,,,,,,,,,,,,,,,,,,,,,,,,,,,,,,,,,,,,,,,,,,,,,,,,,,,,,,,,,,,,,,,,,,,,
England_Premier_League,2025-2026,Brentford FC,25yu90pekqr1lhs098f3uxy39,J. Henderson,Midfielder,6,29,18,11,30,3,159,2,7,199,2,5,95,50,45,189,404,11,30,3,1,27,24,3,1,1,,66,32,34,17,15,282,1,1061,1,87,18,9,94,1,252,18,3,1,21,11,9,16,11,3,13,29,69,821,410,457,782,14,12,6,2,1835,11,8,1,34,13,7,306,1097,4,851,26,12,246,1316,30,25,5,50,117,227,49,129,5,1,0,0,,1,,,,,,1,,,,1,,,,,,,1,,,,,,,,,,,,,,,,,,,,,,,,,,
England_Premier_League,2025-2026,Brentford FC,2nzefp5pwvldt2ttmxfeakamt,R. Henry,Defender,3,40,21,19,25,1,144,1,5,125,3,7,134,68,66,175,180,5,25,1,,22,21,1,,,,94,47,47,8,3,39,2,480,4,75,21,1,72,,118,4,4,,14,8,11,3,3,15,5,1,23,369,174,199,347,4,11,,79,1328,24,1,,41,15,17,218,481,4,370,15,14,111,817,22,22,15,20,36,90,43,75,2,,,0,,,,,,,,,,,,2,26,1,,,,,1,,,1,,,,,,,,,,,,,,,,,,,,,,,
England_Premier_League,2025-2026,Brentford FC,9xfrrmf19uv4i69ge0kg1hh7u,A. Hickey,Defender,2,18,9,9,20,,64,1,6,59,,1,64,32,32,75,74,3,20,,,9,7,2,,,,46,23,23,7,,26,,269,,20,14,6,34,,112,,4,1,8,7,12,,,,3,2,11,222,97,132,218,7,7,,39,655,12,,,23,6,9,81,276,5,229,14,10,47,435,4,4,7,9,13,32,19,34,1,,,0,,,,,,,,,1,,,1,9,,,,,,,,,,,,,,,,,,,,,,,,,,,,,,,,
England_Premier_League,2025-2026,Brentford FC,9jrya38msibxt1c7rx1et4acq,Igor Thiago,Forward,9,278,170,108,36,1,189,16,6,166,9,16,499,304,195,451,138,14,36,1,22,47,45,2,14,22,,221,134,87,12,22,141,22,575,4,82,34,22,90,14,126,22,22,43,35,7,1,7,7,29,1,53,12,395,254,166,401,15,21,4,,3104,61,6,21,59,69,24,359,594,65,413,36,160,181,1142,8,8,21,3,10,150,39,171,7,13,9,7,,,,4,2,3,6,,20,,18,8,,,,,,,,1,,,9,8,,,,,,,,,,,,,,,,,,,,,
England_Premier_League,2025-2026,Brentford FC,9k8gysrsy1a261nhcszo4aoyx,V. Janelt,Midfielder,27,36,13,23,23,4,119,3,8,141,4,6,121,60,61,219,257,7,23,4,1,18,17,1,1,1,,85,47,38,29,15,165,,706,2,73,14,5,77,,198,19,6,3,13,3,10,16,4,4,5,13,41,609,325,330,598,9,15,2,4,1284,11,6,1,31,19,12,164,739,9,639,24,19,100,987,38,10,6,18,42,111,27,58,7,0,1,0,,33,,,1,1,,9,1,20,1,1,,,,,,,,1,,1,,,,,,,,,,,,,,,,,,,,,,,
England_Premier_League,2025-2026,Brentford FC,dtol82tjlq48bs0s70sisguz9,M. Jensen,Midfielder,8,27,20,7,34,1,162,10,4,222,4,11,185,108,77,441,370,10,34,1,3,30,28,2,2,1,2,158,88,70,21,28,223,2,1011,3,99,31,16,108,3,304,29,10,8,24,11,10,37,13,18,13,34,93,815,553,341,764,17,23,11,23,2106,37,11,,36,19,12,380,1059,18,857,40,36,202,1519,83,34,16,35,76,242,43,126,3,1,2,0,2,62,,,,1,,16,2,41,,2,5,,,,,,,,,,,,,,,,,,,,,,,,2,,,,,,,,
England_Premier_League,2025-2026,Brentford FC,471t4engadct4su6thk5r5qtw,M. Kayode,Defender,33,67,26,41,35,,283,4,12,338,8,22,349,147,202,554,310,10,35,1,1,46,44,2,1,1,,282,121,161,38,32,416,1,1069,4,173,45,19,155,,75,33,2,3,35,6,,14,14,50,10,2,36,907,401,535,886,21,42,1,208,3084,78,4,1,97,24,48,493,1084,5,922,63,35,162,2073,39,39,47,27,47,140,61,115,7,1,0,0,,,,1,1,,,,1,,1,3,169,2,,,,,,2,1,,,,,,,,,,,,,,,,1,,,,,,,,
England_Premier_League,2025-2026,Brentford FC,dpw4s6nbkfcrjlqxxgf9j5yhh,C. Kelleher,Goalkeeper,1,8,2,6,35,,,,,160,10,,20,5,15,,751,2,35,,,46,43,3,,,,12,3,9,1,2,260,,896,4,60,,,274,,213,2,,,35,,,,,3,117,,238,662,167,633,562,1,,1,,3150,,,,43,2,6,434,1224,,800,1,,424,1575,,,,262,422,367,57,2,1,,,0,,,,,,,,,,,,,,2,,,228,180,,,,25,,,22,,4,104,10,7,28,100,62,35,1,24,1,,,,3,3,,,
England_Premier_League,2025-2026,Brentford FC,9ambq7ttdc01voflh5qcd1gd0,Y. Konak,Midfielder,26,,,,,,,,,,,,,,,,,,,,,,,,,,,,,,,,,,,,,,,,,,,,,,,,,,,,,,,,,,,,,,,,,,,,,,,,,,,,,,,,,,,,,,,,,,,,,,,,,,,,,,,,,,,,,,,,,,,,,,,,,,,,,,,,,,,,,
England_Premier_League,2025-2026,Brentford FC,7j36oy8n0tu8ps0haqb4es48a,K. Lewis-Potter,Forward,23,38,27,11,34,3,128,10,1,163,5,12,174,93,81,323,200,5,34,3,3,29,26,3,2,3,,136,66,70,9,15,50,3,498,1,97,29,10,85,1,125,18,9,9,20,11,14,21,20,15,4,8,18,386,240,172,373,8,13,,40,1789,42,6,3,33,15,34,242,503,18,391,21,72,112,894,43,42,27,29,49,125,30,63,1,1,2,1,6,2,,,1,2,1,1,2,1,,2,13,,,,,,,,,,,,,,,,,,,,,,,,,,,,,,,,
England_Premier_League,2025-2026,Brentford FC,6z5pejhpzmtm686r1jrbrvc44,C. McManus,Defender,51,,,,,,,,,,,,,,,,,,,,,,,,,,,,,,,,,,,,,,,,,,,,,,,,,,,,,,,,,,,,,,,,,,,,,,,,,,,,,,,,,,,,,,,,,,,,,,,,,,,,,,,,,,,,,,,,,,,,,,,,,,,,,,,,,,,,,
England_Premier_League,2025-2026,Brentford FC,cec6shf8ln2n1dibq00ez84yc,A. Milambo,Midfielder,17,3,1,2,1,,2,,,2,,,6,1,5,4,5,,1,,,3,3,,,,,3,,3,,,4,,11,,2,2,2,2,,,,,,1,1,,,,,,1,,8,5,3,8,2,1,,,45,,,,,,,4,11,,8,3,,3,19,,,,,,2,1,3,,,,0,,,,,,,,,,,,,,,,,,,,,,,,,,,,,,,,,,,,,,,,,,,,,
England_Premier_League,2025-2026,Brentford FC,bzummkjt2ya27kvolzmqn91wp,R. Nelson,Forward,11,,,,9,,20,,1,33,,1,24,13,11,54,13,,9,1,,2,2,,,,,24,13,11,,1,14,,70,1,16,3,2,16,,24,2,4,1,,,9,,,5,,2,2,65,50,16,64,1,3,,,117,11,,,2,,2,23,71,5,66,4,8,5,112,2,2,7,,1,7,,4,,,,0,,,,,,1,,,2,,,1,,,,,,,,,,,,,,,,,,,,,,,,,,,,,,,,,
England_Premier_League,2025-2026,Brentford FC,34b0oqo4725okjxxngin9piw9,F. Onyeka,Midfielder,15,2,1,1,6,1,2,,,11,,,16,8,8,11,13,3,6,1,,2,2,,,,,14,7,7,,,13,,36,1,4,,,5,,8,1,,,,,6,,,2,1,1,1,28,19,9,27,2,,,,88,2,1,,3,3,3,13,36,,28,2,2,8,55,,,2,,1,6,2,7,,,,0,,,,,,,,,,,,,,,,,,,,,,,,,,,,,,,,,,,,,,,,,,,,,
England_Premier_League,2025-2026,Brentford FC,dg4782hj9xdqg46w225kzph5g,D. Ouattara,Forward,19,96,50,46,30,3,117,14,,214,1,27,304,175,129,519,141,17,30,3,5,32,30,2,4,5,,208,125,83,23,23,155,8,444,3,137,55,29,83,,43,26,17,17,23,13,7,19,11,23,4,16,18,276,224,83,270,11,12,4,2,2099,82,12,4,47,27,37,409,456,34,288,23,109,168,1000,84,66,55,12,20,219,33,148,5,3,2,3,,28,5,,,1,5,7,12,18,2,9,1,,,,,,,,,,,,,,,,,,,,,,,,,,,,,,,,
England_Premier_League,2025-2026,Brentford FC,f1drfsmvwbck0ur6hr3gi4l5g,R. Owen,Midfielder,52,,,,,,,,,,,,,,,,,,,,,,,,,,,,,,,,,,,,,,,,,,,,,,,,,,,,,,,,,,,,,,,,,,,,,,,,,,,,,,,,,,,,,,,,,,,,,,,,,,,,,,,,,,,,,,,,,,,,,,,,,,,,,,,,,,,,,
England_Premier_League,2025-2026,Brentford FC,43knl3z17afypz27sz4qzkxnu,M. Peart-Harris,Midfielder,25,,,,1,,,,,1,,,1,1,,,,,1,,,,,,,,,1,1,,,,,,,,,,,,,,,,,,,1,,,,,,,,,,,,,,,1,,,,,1,,,,,,,,,1,,,,,,,,,,,,0,,,,,,,,,,,,,,,,,,,,,,,,,,,,,,,,,,,,,,,,,,,,,
England_Premier_League,2025-2026,Brentford FC,d9a62lhx21b0ym73rxd6mw8h5,E. Pinnock,Defender,5,23,10,13,4,,16,,5,26,1,1,34,14,20,12,55,,4,,,5,5,,,,,11,4,7,5,,33,,132,,8,3,2,11,,29,,,1,4,3,,,,1,4,,9,109,23,87,101,1,4,,,321,1,,,27,,2,27,133,1,110,5,9,23,196,,,,4,9,17,6,14,1,,,0,,,,,,,,,,,,,2,,,,1,1,1,,1,,,,,,,,,,,,,,,,,,,,,,,,
England_Premier_League,2025-2026,Brentford FC,68n1ydedtlw2s6toghw9qiprd,M. Roerslev,Defender,30,,,,,,,,,,,,,,,,,,,,,,,,,,,,,,,,,,,,,,,,,,,,,,,,,,,,,,,,,,,,,,,,,,,,,,,,,,,,,,,,,,,,,,,,,,,,,,,,,,,,,,,,,,,,,,,,,,,,,,,,,,,,,,,,,,,,,
England_Premier_League,2025-2026,Brentford FC,1h3mduwlaf89ebwtqxuegsodm,K. Schade,Midfielder,7,164,81,83,33,2,120,10,3,209,5,23,409,226,183,432,170,18,33,3,7,33,30,3,5,7,,245,145,100,18,25,63,10,504,2,138,44,22,90,4,157,28,19,22,31,13,2,5,4,20,1,20,6,342,248,105,342,16,23,4,9,2640,93,7,6,30,46,42,368,510,41,348,39,131,162,1036,17,17,48,5,10,146,33,152,6,6,1,0,,1,2,,2,4,1,1,14,,3,10,2,,1,1,,,,,,,1,,,,,,,,,,,,,,1,,,,,,,,
England_Premier_League,2025-2026,Brentford FC,9p3kpxn3fv3s9tiwpsbh4yo0k,O. Shield,Defender,49,,,,,,,,,,,,,,,,,,,,,,,,,,,,,,,,,,,,,,,,,,,,,,,,,,,,,,,,,,,,,,,,,,,,,,,,,,,,,,,,,,,,,,,,,,,,,,,,,,,,,,,,,,,,,,,,,,,,,,,,,,,,,,,,,,,,,
England_Premier_League,2025-2026,Brentford FC,527eb62iroza8sd84ai3q893o,J. Stephenson,Defender,50,,,,,,,,,,,,,,,,,,,,,,,,,,,,,,,,,,,,,,,,,,,,,,,,,,,,,,,,,,,,,,,,,,,,,,,,,,,,,,,,,,,,,,,,,,,,,,,,,,,,,,,,,,,,,,,,,,,,,,,,,,,,,,,,,,,,,
England_Premier_League,2025-2026,Brentford FC,9hl2v867qfg6nzsdadb8wu7e1,H. Valdimarsson,Goalkeeper,12,,,,1,,,,,4,,,,,,,21,,1,,,3,3,,,,,,,,,,10,,31,,1,,,7,,10,,,,1,,,,,,4,,12,26,7,23,18,,,,,90,,,,,,,11,41,,30,,,11,48,,,,8,11,8,3,,,,,0,,,,,,,,,,,,,,,,,9,6,,,,,,,,,,3,,,,1,1,,,,,,,,,,,,
England_Premier_League,2025-2026,Brentford FC,9mrmzuytv82k3u2nco9tq9y0a,Y. Yarmoliuk,Midfielder,18,55,26,29,36,1,281,4,12,285,6,7,274,150,124,321,352,12,36,2,1,40,39,1,,1,,219,124,95,28,12,301,1,1262,3,126,61,41,178,1,341,14,8,4,29,14,7,8,8,15,7,20,61,1061,504,577,1012,24,44,2,6,2576,48,1,1,36,37,12,314,1275,12,1073,68,17,202,1692,21,21,26,33,70,175,48,132,7,1,0,0,,,,,,1,,,,,,2,,,,,,,,,,,,,,,,,,,,,,,,,1,,,,,,,,
England_Premier_League,2025-2026,Brentford FC,58ixsja4yf7pskmshzo7ohwfe,S. van den Berg,Defender,4,199,64,135,30,1,118,3,22,262,8,4,253,87,166,91,429,3,30,1,,40,37,3,,,,54,23,31,29,5,395,,1341,3,158,16,9,106,,442,6,12,7,29,,1,,,1,6,,53,1181,319,905,1171,11,8,1,3,2663,4,4,,185,14,11,179,1384,19,1224,19,51,160,1754,,,,32,49,108,52,111,2,,,0,,,,1,,,,,4,,,,1,,,,29,29,1,1,,1,,,,,,,,,,,,,,,,,,,,,,,
England_Premier_League,2025-2026,Brighton & Hove Albion FC,192qpmicfd10d7mutv5y762qy,Y. Ayari,Midfielder,26,26,17,9,28,1,204,11,4,230,5,4,215,113,102,278,208,20,28,3,3,23,16,7,3,2,1,189,96,93,25,12,202,,937,4,88,25,11,123,3,343,15,20,10,20,5,8,5,1,18,6,26,40,804,360,469,784,23,24,1,3,1916,49,2,,24,24,28,237,957,30,824,47,37,133,1312,18,8,30,17,28,104,47,105,1,2,1,0,2,16,,1,,1,,2,,8,,1,,,,,,,,,,,,,,,,,,,,,,,,,1,,,,,,,,
England_Premier_League,2025-2026,Brighton & Hove Albion FC,bt40tdni85hiz1gtkw0b6qmfo,C. Baleba,Midfielder,17,40,18,22,29,,183,7,4,166,2,4,179,91,88,157,141,19,29,,,19,17,2,,,,139,73,66,28,6,209,,685,1,83,24,14,95,,159,6,10,1,22,19,7,,,12,1,22,33,591,240,358,565,16,19,2,,1549,26,1,,28,30,19,153,692,11,598,35,4,94,959,,,10,13,26,72,22,68,5,,,0,,,,,,1,,,1,,1,,1,1,,,,,,,,,,,,,,,,,,,,,,,,,,,,,,,
England_Premier_League,2025-2026,Brighton & Hove Albion FC,d92v6n4pf20eepvli92lqau39,O. Boscagli,Defender,21,30,13,17,12,,56,,2,147,3,,72,26,46,66,263,5,12,1,,10,9,1,,,,42,13,29,18,3,129,,703,1,85,10,4,54,,306,4,1,,9,2,3,5,5,2,4,2,32,601,252,405,620,7,9,,11,800,1,,,42,7,11,121,754,1,652,16,5,102,902,10,7,,24,46,79,33,56,2,,,0,,4,,,,,,,,3,,,3,,,,29,29,1,,,,,,,,,,,,,,,,,,,,,,,,,,
England_Premier_League,2025-2026,Brighton & Hove Albion FC,8o8o4rxbdhv002pj0q21l0f84,D. Coppola,Defender,42,18,8,10,5,,9,,2,27,1,,27,14,13,8,42,4,5,,,3,2,1,,,,9,6,3,1,,45,,110,,14,5,4,6,,18,,,,2,1,3,,,1,1,,2,98,37,64,99,,2,,,194,,,,13,4,,15,114,,101,2,1,13,142,,,,2,6,5,8,7,2,,,0,,,,,,,,,,,,,1,,,,,,,,,,,,,,,,,,,,,,,,,,,,,,,,
England_Premier_League,2025-2026,Brighton & Hove Albion FC,bjhjz96omjukrg6tj3mny39t6,M. De Cuyper,Defender,29,26,17,9,28,3,142,3,2,115,,11,116,59,57,268,191,3,28,3,2,20,13,7,1,2,,90,42,48,10,24,28,1,608,2,67,30,18,62,1,258,27,2,6,15,11,13,27,11,6,,4,12,514,264,285,510,10,12,1,41,1279,13,9,2,25,16,20,181,619,8,522,22,24,97,907,43,21,9,5,23,113,27,74,2,0,2,2,3,31,,,1,1,,14,1,17,2,1,14,1,,,,,,,,,,,,,,,,,,,,,,,1,,,,,,,,
England_Premier_League,2025-2026,Brighton & Hove Albion FC,jagvvzc7329tf2c64mnc251,L. Dunk,Defender,5,122,49,73,31,,183,5,26,441,7,2,204,85,119,96,673,4,31,,1,36,29,7,,1,,82,36,46,29,6,440,1,2101,4,192,18,10,126,,1023,6,15,3,29,,2,1,1,4,13,1,78,1926,569,1570,2060,12,21,1,7,2657,4,1,1,134,14,9,205,2319,18,2138,33,41,181,2665,4,4,,35,83,118,67,98,10,1,0,0,3,,1,1,1,,,,,,,,,1,,,140,141,2,1,,,,,,,,1,,,,,,,,,,,,,,,,,
England_Premier_League,2025-2026,Brighton & Hove Albion FC,3k6znit6fd9mbfcnphlwyvj6d,P. Groß,Midfielder,30,28,15,13,17,2,195,5,4,215,5,13,124,64,60,412,266,9,17,3,1,13,11,2,1,1,,96,49,47,11,32,208,4,897,2,119,22,9,68,1,278,35,3,6,16,2,1,37,20,7,2,32,33,768,453,396,779,11,17,2,16,1456,17,4,,22,16,12,243,947,9,812,28,37,135,1237,69,29,9,17,35,176,28,100,2,1,0,0,,53,,,,,,14,1,34,1,,,,,,,,,,,,,,,,,,,,,,,,,,,,,,,,,,
England_Premier_League,2025-2026,Brighton & Hove Albion FC,90wsjxdc3ibvah5gm9tnsjwbu,B. Gruda,Midfielder,8,11,3,8,18,1,73,4,,124,,6,125,69,56,241,57,4,18,1,1,11,10,1,1,1,,114,66,48,2,15,92,2,238,1,74,9,5,40,1,26,16,6,6,8,8,10,3,2,20,,8,7,187,157,40,187,9,5,2,2,715,50,1,1,2,11,14,148,248,12,194,14,28,54,442,11,5,33,2,6,55,10,48,2,1,0,1,1,7,,,,,,1,2,4,1,3,,,,,,,,,,,,,,,,,,,,,,,,,,,,,,,,,
England_Premier_League,2025-2026,Brighton & Hove Albion FC,bqbt9eix8zlp6rxzxofl6rjmc,D. Gómez,Midfielder,25,89,37,52,30,1,202,9,3,180,,7,314,158,156,382,165,29,30,1,5,25,23,2,5,5,,225,121,104,16,20,202,1,701,4,90,65,46,104,4,147,20,13,14,25,23,5,6,6,18,1,21,17,545,325,241,543,28,49,2,4,2052,46,4,3,27,48,10,282,716,27,560,77,68,156,1142,14,13,20,6,22,134,36,134,9,3,2,1,2,1,,1,,1,1,,6,1,6,7,,1,,,,,,,,,,,,,,,,,,,,,,,,,,,,,,,
England_Premier_League,2025-2026,Brighton & Hove Albion FC,eikpw8bl1se3sj6hnsndi7zmc,J. Hinshelwood,Midfielder,13,35,23,12,25,3,99,8,5,144,1,8,123,80,43,231,161,18,25,3,4,20,17,3,4,3,1,88,57,31,5,9,173,2,579,2,75,19,4,57,2,158,12,12,14,18,14,7,,,3,1,17,9,477,263,226,480,5,12,4,9,1594,15,2,3,23,33,11,153,591,26,489,17,57,102,789,7,7,6,5,15,83,26,87,,3,1,2,,1,,2,1,2,1,,6,,1,,3,,,,,,,1,1,1,,,,,,,,,,,,,,,,,,,,,,,
England_Premier_League,2025-2026,Brighton & Hove Albion FC,6et9hjqnyz4dp4zngp6mfhq8k,H. Howell,Midfielder,53,6,4,2,3,,10,,,14,,1,14,9,5,29,6,,3,,,2,2,,,,,8,5,3,,,12,1,34,,3,3,3,3,,6,,,,1,1,2,,,2,,1,2,29,18,11,27,1,,,,93,3,,,3,,,14,34,,29,1,1,5,56,4,4,1,2,2,7,2,3,,,,0,,,,,,,,,,,,,,,,,,,,,,,,,,,,,,,,,,,,,,,,,,,,,
England_Premier_League,2025-2026,Brighton & Hove Albion FC,acg898oezqn7590ue8x8aik89,Igor Julio,Defender,3,1,1,,4,,2,,2,6,,,2,2,,1,10,1,4,,,3,3,,,,,1,1,,1,1,4,,21,1,4,,,3,,6,1,,,1,,3,,,,1,,2,15,5,11,14,,,,,103,,,,10,1,,9,22,,16,,,6,43,,,,4,4,5,1,2,,,,0,,,,,,,,,,,,,,,,,,,,,,,,,,,,,,,,,,,,,,,,,,,,,
England_Premier_League,2025-2026,Brighton & Hove Albion FC,1lbbxbar7u6t3rl463zd7jp49,F. Kadıoğlu,Defender,24,61,31,30,35,,277,6,7,350,10,16,245,113,132,616,407,9,35,,1,37,31,6,,1,,184,82,102,25,18,230,6,1280,5,204,39,16,126,1,379,18,8,12,32,4,3,22,16,12,15,16,44,1092,646,480,1060,18,38,2,135,2954,27,,1,76,21,35,378,1293,20,1104,56,51,189,1953,82,61,10,30,48,208,63,141,6,1,0,1,,25,,2,,2,,5,3,19,2,3,27,,,,,,,2,,,,,,,,,,,,,,,,,1,,,,,,,,
England_Premier_League,2025-2026,Brighton & Hove Albion FC,b4e02balad41f9vqo7hqaz504,J. Knight,Midfielder,49,,,,1,,,,,,,,,,,,,,1,,,,,,,,,,,,,,,,,,,,,,,,,,,,,1,,,,,,,,,,,,,,,1,,,,,,,,,,,,,,,,,,,,,,,,,,0,,,,,,,,,,,,,,,,,,,,,,,,,,,,,,,,,,,,,,,,,,,,,
England_Premier_League,2025-2026,Brighton & Hove Albion FC,f23e0mo62rmrrjso771t54jro,C. Kostoulas,Forward,19,39,22,17,19,,31,3,,47,,7,101,57,44,120,26,4,19,1,2,8,7,1,1,2,,62,35,27,1,6,13,4,107,,28,13,7,22,1,39,7,7,7,2,2,17,,,9,,10,1,79,58,23,80,4,7,,1,314,25,3,1,4,7,7,78,109,14,81,11,34,28,234,5,5,15,,3,24,9,25,2,1,1,0,,1,,,1,,,,2,,1,1,,,,,,,,,,,,,,,,,,,,,,,,,,,,,,,,,
England_Premier_League,2025-2026,Brighton & Hove Albion FC,2wwo7wcxz4gfy0ubkzynvrsnp,S. March,Midfielder,7,1,1,,2,,,,,,,,2,1,1,1,1,,2,,,,,,,,,1,,1,,,,,1,,,,,,,,,,,,,2,,,,,,,,,,,,,,,6,,,,,,1,1,1,,,,,1,3,,,,,,1,,1,,,,0,,,,,,,,,,,,,,,,,,,,,,,,,,,,,,,,,,,,,,,,,,,,,
England_Premier_League,2025-2026,Brighton & Hove Albion FC,e23f2mp5xqkwgcfnhmaknh9ex,T. McGill,Goalkeeper,38,,,,,,,,,,,,,,,,,,,,,,,,,,,,,,,,,,,,,,,,,,,,,,,,,,,,,,,,,,,,,,,,,,,,,,,,,,,,,,,,,,,,,,,,,,,,,,,,,,,,,,,,,,,,,,,,,,,,,,,,,,,,,,,,,,,,,
England_Premier_League,2025-2026,Brighton & Hove Albion FC,3xqbru6q5dvtrhv6coe7retp1,J. Milner,Midfielder,20,16,10,6,19,1,87,2,1,66,1,2,56,32,24,100,143,8,19,1,1,14,11,3,,1,,40,22,18,6,7,103,1,422,2,36,9,5,38,1,109,8,4,2,6,5,13,6,3,1,1,15,18,363,210,178,364,5,9,1,7,719,4,1,1,18,11,3,80,442,6,382,14,8,60,543,8,6,1,11,27,57,11,33,2,1,0,0,,4,,,,,,2,,2,,,,,,,,,,,,,1,1,,,,,,,,,,,,,,,,,,,,,
England_Premier_League,2025-2026,Brighton & Hove Albion FC,50lnmkk33eoivv4ksly77hkpg,Y. Minteh,Forward,11,48,29,19,32,3,166,15,,379,2,37,319,163,156,747,127,17,32,4,3,32,26,6,2,3,,271,134,137,16,38,220,10,588,3,238,56,26,92,1,87,42,15,11,25,14,7,33,27,62,,25,14,394,337,102,392,18,35,2,15,2264,86,11,2,14,30,22,487,600,26,406,53,183,194,1236,109,90,54,10,16,271,32,178,3,2,1,1,,32,1,1,,,2,5,4,18,8,14,2,,,,,,,,,,,,,,,,,,,,,,,,2,,,,,,,,
England_Premier_League,2025-2026,Brighton & Hove Albion FC,aititrd343hal6ount0dp5zze,K. Mitoma,Midfielder,22,36,21,15,25,1,176,8,1,261,1,20,205,123,82,510,122,14,25,1,3,20,16,4,3,2,1,169,102,67,9,29,38,4,573,3,167,42,16,62,1,238,30,11,13,19,10,6,8,8,28,1,17,12,472,362,119,461,6,12,,6,1721,58,4,1,17,31,21,249,574,24,473,18,91,101,925,38,38,35,5,7,114,25,94,5,0,3,0,,,,4,1,2,1,,8,,3,5,,,,,,,,,,,,,,,,,,,,,,,,,1,,,,,,,,
England_Premier_League,2025-2026,Brighton & Hove Albion FC,cm7l7qimy4iysm1khmpc7u961,M. O'Riley,Midfielder,33,7,5,2,6,,23,,1,13,,,20,12,8,38,16,,6,,1,3,1,2,,1,,13,7,6,,4,20,1,66,,10,5,3,2,,11,4,2,2,2,1,4,4,2,,,6,1,57,34,31,60,3,2,,,203,2,,1,2,2,1,22,70,4,61,5,7,9,108,3,2,1,2,2,8,4,7,,1,0,0,,2,,,,,1,2,1,,,,,,,,,,,,,,1,1,,,,,,,,,,,,,,,,,,,,,
England_Premier_League,2025-2026,Brighton & Hove Albion FC,eofrc8ta50kpgax1wzuwfpl3o,N. Oriola,Forward,58,,,,1,,,,,,,,,,,,,,1,,,,,,,,,,,,,,,,,,,,,,,,,,,,,1,,,,,,,,,,,,,,,1,,,,,,,,,,,,,,,,,,,,,,,,,,0,,,,,,,,,,,,,,,,,,,,,,,,,,,,,,,,,,,,,,,,,,,,,
England_Premier_League,2025-2026,Brighton & Hove Albion FC,7181a7pbvr76nktp4bajqp3x0,N. Ramming,Goalkeeper,62,,,,,,,,,,,,,,,,,,,,,,,,,,,,,,,,,,,,,,,,,,,,,,,,,,,,,,,,,,,,,,,,,,,,,,,,,,,,,,,,,,,,,,,,,,,,,,,,,,,,,,,,,,,,,,,,,,,,,,,,,,,,,,,,,,,,,
England_Premier_League,2025-2026,Brighton & Hove Albion FC,e8ekkg0yayhhmmhinl0v9une,G. Rutter,Forward,10,49,30,19,30,3,77,13,1,209,1,20,276,166,110,413,159,18,30,3,3,19,13,6,2,3,,227,136,91,10,21,103,10,405,3,131,39,16,58,1,86,24,13,13,20,16,10,3,3,27,1,26,16,277,215,85,281,12,19,7,1,1749,93,8,2,26,29,33,344,425,26,297,31,96,128,900,18,18,34,,11,118,28,117,2,2,1,1,,,1,,,,2,,2,,6,7,,,,,,,,,1,,,,,,,,,,,,,,,,,,,,,,,,
England_Premier_League,2025-2026,Brighton & Hove Albion FC,38yuann9trg77mrnj74ygkyz8,F. Simmonds,Defender,71,,,,,,,,,,,,,,,,,,,,,,,,,,,,,,,,,,,,,,,,,,,,,,,,,,,,,,,,,,,,,,,,,,,,,,,,,,,,,,,,,,,,,,,,,,,,,,,,,,,,,,,,,,,,,,,,,,,,,,,,,,,,,,,,,,,,,
England_Premier_League,2025-2026,Brighton & Hove Albion FC,31xsuz1icsj7zt1462swjpk2d,J. Steele,Goalkeeper,23,,,,,,,,,,,,,,,,,,,,,,,,,,,,,,,,,,,,,,,,,,,,,,,,,,,,,,,,,,,,,,,,,,,,,,,,,,,,,,,,,,,,,,,,,,,,,,,,,,,,,,,,,,,,,,,,,,,,,,,,,,,,,,,,,,,,,
England_Premier_League,2025-2026,Brighton & Hove Albion FC,34spdpyb3k4jhiojqpwpffk0k,C. Tasker,Defender,51,,,,,,,,,,,,,,,,,,,,,,,,,,,,,,,,,,,,,,,,,,,,,,,,,,,,,,,,,,,,,,,,,,,,,,,,,,,,,,,,,,,,,,,,,,,,,,,,,,,,,,,,,,,,,,,,,,,,,,,,,,,,,,,,,,,,,
England_Premier_League,2025-2026,Brighton & Hove Albion FC,clnqh13cxucxja1cymcyu9no4,S. Tzimas,Forward,9,2,2,,9,,9,1,1,13,,1,23,18,5,31,5,3,9,1,1,2,2,,1,1,,21,16,5,,5,4,1,22,,4,2,1,10,1,6,6,2,1,1,1,8,,,1,,1,,15,10,7,17,1,2,1,,133,10,,1,1,4,1,23,24,3,17,3,11,7,58,1,1,1,2,2,8,,5,,0,1,0,,,,,,,,,1,,,1,,,,,,,,,,,,,,,,,,,,,,,,,,,,,,,,,
England_Premier_League,2025-2026,Brighton & Hove Albion FC,bh20puvz2w21mnag7ul1g3c9h,J. Veltman,Defender,34,30,11,19,23,,67,1,6,94,1,2,104,32,72,174,181,5,23,,1,13,12,1,,1,,74,21,53,18,4,127,2,393,3,53,28,13,39,,30,4,1,1,8,2,15,2,2,2,4,1,13,318,166,164,315,12,17,1,79,985,5,,1,42,9,22,139,405,2,328,29,12,77,704,16,16,3,18,27,70,23,50,5,0,1,0,,,,,,,1,,,,,1,27,,,,,,1,,,,,,,,,,,,,,,,,,,,,,,,,,
England_Premier_League,2025-2026,Brighton & Hove Albion FC,3wwi5vf2l1qbz7e5zdjoy8yga,B. Verbruggen,Goalkeeper,1,11,1,10,36,,,,,178,10,,19,4,15,,736,2,36,,,42,34,8,,,,8,3,5,,1,391,,1306,5,79,4,,311,,352,1,,,36,,,,,1,66,,189,1042,99,1027,937,,1,,,3240,,,,30,2,3,360,1479,,1126,1,,353,1778,,,,223,348,303,50,5,3,,,0,,,,,,,,,,,,,,1,,,180,101,,,1,19,,,22,,,45,6,6,14,100,73,23,2,31,,,,,1,1,,,
England_Premier_League,2025-2026,Brighton & Hove Albion FC,36uqz2z07xk8jhwyg5g159gr8,T. Watson,Forward,14,1,1,,6,,5,,,9,,,6,5,1,15,7,2,6,,,2,2,,,,,5,4,1,,,1,,18,,6,3,2,4,,6,,,1,,,6,,,,,,2,13,11,3,12,,1,,1,57,1,,,,3,,11,19,1,14,1,,5,31,,,1,1,1,3,2,4,1,,,0,,,,,,,,,,,1,,,,,,,,,,,,,,,,,,,,,,,,,,,,,,,,,,
England_Premier_League,2025-2026,Brighton & Hove Albion FC,6o9mxqdmxip6ik6w6zgd7k8ut,A. Webster,Defender,4,,,,,,,,,,,,,,,,,,,,,,,,,,,,,,,,,,,,,,,,,,,,,,,,,,,,,,,,,,,,,,,,,,,,,,,,,,,,,,,,,,,,,,,,,,,,,,,,,,,,,,,,,,,,,,,,,,,,,,,,,,,,,,,,,,,,,
England_Premier_League,2025-2026,Brighton & Hove Albion FC,c0yxqwkxqx1sty7abj1qwh9zp,D. Welbeck,Forward,18,53,36,17,35,1,141,9,,114,1,6,167,107,60,356,70,17,35,1,13,25,20,5,10,11,2,114,71,43,9,19,131,4,455,4,45,27,14,48,8,118,20,18,27,24,17,11,,,11,1,46,5,358,216,147,358,9,14,5,,2139,34,4,10,28,27,9,182,460,45,363,23,109,97,741,2,2,15,1,4,85,14,93,5,8,5,4,3,,,1,2,1,3,,11,,3,1,,,,,,,,,,,3,1,,,,,,,,,,,,,,1,1,,,,1,,
England_Premier_League,2025-2026,Brighton & Hove Albion FC,672cwl9zj2d6lce6jda350vvu,M. Wieffer,Midfielder,27,86,45,41,25,2,165,5,6,206,5,7,277,142,135,346,270,19,25,3,2,23,18,5,2,1,1,191,97,94,25,17,367,2,813,1,104,33,17,101,1,42,20,7,6,22,9,3,3,3,9,4,7,40,679,367,342,666,24,40,3,156,1818,33,4,,71,29,22,235,844,13,706,64,52,138,1380,12,12,11,17,34,104,46,104,8,0,2,1,,,,,,1,1,,2,,,,23,,,,,,,,,,,,,,,,,,,,,,,,,,,,,,,,
England_Premier_League,2025-2026,Brighton & Hove Albion FC,2gj7h5fxuh4y0tbp6j308yk4q,J. van Hecke,Defender,6,179,74,105,34,3,167,7,28,844,9,3,323,126,197,195,890,13,34,3,3,40,32,8,1,3,,144,52,92,44,9,960,4,2279,5,542,37,22,111,2,335,12,5,10,34,1,,10,10,3,6,,123,1981,794,1266,1927,23,29,1,3,3031,7,2,1,177,27,41,339,2352,15,2050,52,46,302,2843,11,11,2,49,137,242,71,165,9,2,1,0,,,,2,1,1,,,2,,1,,1,1,,,11,11,2,,1,2,,,,,,,,,,,,,,,,,,,,,,,
England_Premier_League,2025-2026,Burnley FC,6es2qusg5h5q9ricqm51j1xck,E. Agyei,Forward,48,,,,,,,,,,,,,,,,,,,,,,,,,,,,,,,,,,,,,,,,,,,,,,,,,,,,,,,,,,,,,,,,,,,,,,,,,,,,,,,,,,,,,,,,,,,,,,,,,,,,,,,,,,,,,,,,,,,,,,,,,,,,,,,,,,,,,
England_Premier_League,2025-2026,Burnley FC,5wqrzi7ar39jpu6mn8a67ngiy,Z. Amdouni,Forward,25,1,,1,2,,4,1,,8,,,4,2,2,5,1,,2,,,,,,,,,3,2,1,,,3,,10,,6,1,1,1,,2,,1,1,,,2,,,1,,1,,10,7,3,10,,,,,25,2,,,,,,3,10,2,10,,2,,18,,,1,,,,,,,,,0,,,,,,,,,,,,,,,,,,,,,,,,,,,,,,,,,,,,,,,,,,,,,
England_Premier_League,2025-2026,Burnley FC,8cmkqkrjme3wb0gegzn1e6xre,J. Anthony,Forward,11,36,24,12,35,2,289,13,7,336,2,16,296,171,125,568,194,11,35,2,8,57,53,4,7,8,,260,147,113,15,33,115,9,757,4,182,54,23,133,3,220,35,17,22,30,18,5,13,9,32,1,31,25,590,394,269,625,19,22,4,18,2560,95,6,4,25,23,43,424,818,39,650,41,103,168,1416,58,38,56,10,29,173,53,139,4,5,3,0,,23,1,,,2,5,4,3,16,4,6,7,1,,,,,,,,,,,,,,,,,,,,,,,,,,,,,,,
England_Premier_League,2025-2026,Burnley FC,31v89l4k38v1wpisz7xhkq38,J. Banel,Forward,34,1,1,,1,,1,,,2,,,4,3,1,3,1,1,1,,,,,,,,,3,2,1,,,,,4,,,,,,,2,,,,,,1,,,,,,,4,3,1,4,,,,,9,1,,,,1,1,2,4,,4,,,,7,,,1,,,,,,,,,0,,,,,,,,,,,,,,,,,,,,,,,,,,,,,,,,,,,,,,,,,,,,,
England_Premier_League,2025-2026,Burnley FC,bwgjvtqtuflgq4ov3xis75vbp,A. Barnes,Forward,35,14,7,7,6,,2,1,,,,1,18,10,8,10,7,,6,,,3,2,1,,,,4,3,1,,,1,2,11,1,,,,2,,1,,,,,,6,,,1,,,,2,2,,2,,,,,35,2,,,,2,,17,11,,2,,3,9,22,,,,,1,9,,8,1,,,0,,,,1,,,,,,,,,,,,,,,,,,,,,,,,,,,,,,,,,,,,,,,,,
England_Premier_League,2025-2026,Burnley FC,cjbvvgkjx0ume03o3mjgw3ox5,J. Beyer,Defender,36,,,,,,,,,,,,,,,,,,,,,,,,,,,,,,,,,,,,,,,,,,,,,,,,,,,,,,,,,,,,,,,,,,,,,,,,,,,,,,,,,,,,,,,,,,,,,,,,,,,,,,,,,,,,,,,,,,,,,,,,,,,,,,,,,,,,,
England_Premier_League,2025-2026,Burnley FC,2lhn6jnv4s2n2qwzzei2e036c,G. Brierley,Midfielder,41,,,,,,,,,,,,,,,,,,,,,,,,,,,,,,,,,,,,,,,,,,,,,,,,,,,,,,,,,,,,,,,,,,,,,,,,,,,,,,,,,,,,,,,,,,,,,,,,,,,,,,,,,,,,,,,,,,,,,,,,,,,,,,,,,,,,,
England_Premier_League,2025-2026,Burnley FC,6e6ttu4unqctb2addbnp5cyga,A. Broja,Forward,27,111,76,35,24,1,49,8,,76,,4,195,130,65,158,31,3,24,1,1,27,22,5,,1,,84,54,30,3,4,36,6,149,2,40,12,7,26,,35,5,2,6,8,6,16,1,1,8,,8,1,103,82,24,104,3,3,,1,849,36,1,1,9,14,16,119,151,8,105,6,42,46,324,2,2,16,,,39,9,46,,0,1,0,,,,1,1,,,,3,,5,6,,,,,,,,,,,,,,,,,,,,,,,,,,,,,,,,,
England_Premier_League,2025-2026,Burnley FC,9dnrpl2c7n769i8nbfnboq2tx,J. Bruun Larsen,Forward,7,27,17,10,26,1,85,6,1,101,,15,91,59,32,268,65,,26,1,,29,26,3,,,,64,42,22,6,11,77,4,279,3,53,22,7,31,,58,12,6,4,10,10,16,8,4,10,,14,3,227,174,66,229,8,4,2,16,1010,36,2,,13,1,,146,285,10,232,12,33,53,493,33,19,25,5,7,78,8,46,,,,0,5,17,,,,1,,4,2,11,,4,,,,,,,,,,,,,,,,,,,,,,,,,,,,,,,,,
England_Premier_League,2025-2026,Burnley FC,53zbvc98xhv7gqweozv6hyhhw,M. Campbell,Defender,43,,,,,,,,,,,,,,,,,,,,,,,,,,,,,,,,,,,,,,,,,,,,,,,,,,,,,,,,,,,,,,,,,,,,,,,,,,,,,,,,,,,,,,,,,,,,,,,,,,,,,,,,,,,,,,,,,,,,,,,,,,,,,,,,,,,,,
England_Premier_League,2025-2026,Burnley FC,7jd1bzx0o2v0ot7wiwxe8t3bo,E. Clark,Midfielder,47,,,,,,,,,,,,,,,,,,,,,,,,,,,,,,,,,,,,,,,,,,,,,,,,,,,,,,,,,,,,,,,,,,,,,,,,,,,,,,,,,,,,,,,,,,,,,,,,,,,,,,,,,,,,,,,,,,,,,,,,,,,,,,,,,,,,,
England_Premier_League,2025-2026,Burnley FC,5wmda9gxa0vtnacgb6nq13gtl,J. Cullen,Midfielder,24,33,16,17,18,2,155,4,11,104,2,5,121,55,66,160,245,11,18,2,2,29,27,2,2,2,,88,39,49,22,11,246,,823,4,47,16,11,73,2,220,13,1,6,18,6,,1,,2,5,23,42,696,351,378,686,13,18,6,4,1519,14,4,1,35,16,18,183,866,7,728,31,7,138,1084,11,8,4,20,54,126,23,84,2,1,1,1,,5,,1,,,,1,,3,,1,,1,,,,,,,1,,,,,,,,,,,,,,,,,,,,,,,,
England_Premier_League,2025-2026,Burnley FC,7w4l5mrrrg66wvdd8ndb5zb9x,M. Dúbravka,Goalkeeper,1,26,4,22,35,,,,,86,4,,34,5,29,,811,,35,,,71,65,6,,,,8,1,7,,,191,,689,6,27,,,291,,202,,,,35,,,,,,94,,252,495,200,501,449,,1,,,3150,,,,59,,8,510,1204,,701,1,,503,1584,,,,217,494,449,54,9,1,,,0,,,,,,,,,,,,,,,,,295,357,,,,23,,,24,,1,209,7,7,42,127,85,40,3,34,,,,,,,,,
England_Premier_League,2025-2026,Burnley FC,6x3qvqsp90kjsps3e4wx0oxqt,M. Edwards,Forward,10,10,8,2,22,2,79,9,,181,,11,126,82,44,253,80,2,22,3,1,18,17,1,1,1,,116,74,42,2,15,110,1,310,1,96,11,1,49,,53,18,7,6,11,9,11,4,4,13,2,13,6,252,197,71,258,6,5,3,3,1049,52,5,,4,7,18,169,322,13,264,11,51,58,529,15,14,24,2,6,62,11,52,,0,1,0,4,5,,2,,1,1,,2,1,2,1,,,,,,,,,,,,,,,,,,,,,,,,,,,,,,,,,
England_Premier_League,2025-2026,Burnley FC,d42wfpzen6mx8db93itndix2h,H. Ekdal,Defender,18,84,32,52,19,,60,2,13,171,2,1,130,47,83,43,227,3,19,,,34,29,5,,,,46,15,31,12,4,247,2,673,2,84,18,11,49,,147,4,3,1,17,2,2,,,2,7,1,30,571,157,422,549,8,16,1,2,1539,6,,,125,5,7,116,681,4,579,24,21,102,925,1,1,2,24,48,65,38,54,,,,0,,,,,,,,,1,,,,,,,,,,,1,,,,,,,,,,,,,,,,,,,,,,,,,
England_Premier_League,2025-2026,Burnley FC,3izhfm7i4afomephw07mp4nsa,M. Estève,Defender,5,117,37,80,33,,114,1,31,200,1,2,205,70,135,78,451,7,33,,,69,65,4,,,,88,33,55,37,7,333,,1291,6,121,23,14,110,,421,7,8,1,33,5,,2,2,3,12,,49,1119,320,826,1095,17,23,,3,2855,5,1,,218,13,12,196,1319,9,1144,40,30,175,1747,4,4,2,47,85,118,61,90,1,,,0,,,,,,,,,,,1,,1,,,,9,9,,1,2,1,,,,,,,,,,,,,,,,,,,,,,,
England_Premier_League,2025-2026,Burnley FC,7s79un28qujnx64qwl49wy4tl,Z. Flemming,Forward,19,135,76,59,27,,63,14,5,51,,8,250,148,102,230,61,20,27,,10,33,30,3,7,9,1,115,72,43,7,9,58,3,246,3,24,17,8,31,5,65,9,17,20,19,14,8,1,1,4,1,22,9,160,112,50,152,7,8,3,3,1601,23,,8,32,46,25,178,247,37,161,15,66,86,540,5,5,7,5,7,75,16,79,4,2,8,0,1,,,1,3,,2,,10,,5,2,3,,,,,,,,,,2,2,,,,,,,,,,,,,,,,,,,,,
England_Premier_League,2025-2026,Burnley FC,5t952swvuoed4pdwgbi4yjhex,Florentino,Midfielder,16,47,25,22,29,1,147,3,12,148,1,1,247,127,120,202,245,26,29,2,,43,42,1,,,,200,102,98,36,10,251,1,955,3,64,52,37,103,,321,12,7,1,23,15,6,1,1,7,1,36,38,815,387,437,785,40,43,3,,1944,29,,,51,38,8,204,964,8,823,83,8,141,1321,8,8,14,7,22,105,44,119,6,,,0,,,,,,,,,2,,,,,1,,,,,,,,,,,,,,,,,,,,,,,,,,,,,,,
England_Premier_League,2025-2026,Burnley FC,21545vwheo9a30u5hgnsrecmi,L. Foster,Forward,9,98,70,28,26,1,86,7,3,84,,8,208,142,66,253,47,5,26,2,3,30,29,1,3,3,,110,72,38,4,8,79,11,278,2,41,23,7,42,2,68,10,7,6,15,12,11,1,1,10,,12,7,194,143,54,189,4,12,1,4,1372,44,2,3,20,22,13,190,280,13,196,16,55,84,523,5,5,12,1,7,74,15,77,4,1,2,1,,,,2,,,1,,3,,3,1,,,,,,,,,,,,,,,,,,,,,,,,,,,,,,,,,
England_Premier_League,2025-2026,Burnley FC,4fcjml5xkrwp4jykruzrzub1m,Q. Hartman,Defender,3,28,18,10,21,5,137,2,4,105,2,11,127,57,70,258,254,7,21,5,,40,39,1,,,,99,39,60,31,15,33,1,718,5,59,63,21,69,,312,19,4,3,21,5,,11,8,5,6,6,35,544,258,310,522,20,32,,83,1830,13,6,,66,13,3,313,736,7,557,52,26,179,1198,65,42,7,34,69,192,52,110,1,,,0,,21,,,,,,3,1,17,,,37,,,,,,,,,1,,,,,,,,,,,,,,,,,,,,,,,
England_Premier_League,2025-2026,Burnley FC,coupcn8k43jf15nqge220qo5x,V. Hladký,Goalkeeper,32,,,,,,,,,,,,,,,,,,,,,,,,,,,,,,,,,,,,,,,,,,,,,,,,,,,,,,,,,,,,,,,,,,,,,,,,,,,,,,,,,,,,,,,,,,,,,,,,,,,,,,,,,,,,,,,,,,,,,,,,,,,,,,,,,,,,,
England_Premier_League,2025-2026,Burnley FC,7rs22vzcyiy7txf7tlcbwd7ca,B. Humphreys,Defender,12,53,29,24,18,,86,4,17,212,2,5,135,69,66,131,344,4,18,,,32,29,3,,,,82,40,42,10,9,156,2,765,1,95,24,10,64,,189,9,2,3,16,4,2,3,3,6,13,1,48,618,251,379,579,9,18,,36,1480,11,1,,82,14,9,201,775,5,627,27,23,148,1074,14,14,5,42,72,104,58,76,6,,,0,,,,,,,,,1,,1,,10,,,,,,1,5,,2,,,,,,,,,,,,,,,,,,,,,,,
England_Premier_League,2025-2026,Burnley FC,50nv5gr7dsp0amdt59ous8vdh,J. Laurent,Midfielder,29,50,24,26,32,,92,4,8,137,1,4,189,98,91,189,237,18,32,,1,40,36,4,,1,,139,74,65,27,12,220,2,637,3,81,36,19,64,1,92,12,6,4,18,8,14,4,4,9,5,14,16,497,246,258,484,20,25,1,3,1740,24,,,38,29,11,204,641,10,500,45,23,141,917,11,11,9,20,42,107,45,99,7,1,0,0,,,,,,1,,,1,,,3,,1,1,1,,,1,,,,,,,,,,,,,,,,,,,,,,,,,,
England_Premier_League,2025-2026,Burnley FC,7vzbp0q4j4wucnzynmah15st0,Lucas Pires,Defender,23,12,9,3,18,,79,4,6,143,1,6,104,58,46,256,134,11,18,,,27,22,5,,,,92,49,43,16,18,38,6,473,,73,33,21,77,,232,18,6,1,13,,5,7,4,15,2,6,12,394,227,182,390,6,19,2,73,1226,17,1,,35,13,3,186,483,7,402,25,16,81,818,43,29,8,17,26,98,26,55,,,,0,,18,,,,1,,3,,13,,2,20,,1,1,,,1,1,,,,,,,,,,,,,,,,,,,,,,,,,
England_Premier_League,2025-2026,Burnley FC,72zn6ugujcii1l59o98mz2p04,K. McMahon-Brown,Forward,52,,,,,,,,,,,,,,,,,,,,,,,,,,,,,,,,,,,,,,,,,,,,,,,,,,,,,,,,,,,,,,,,,,,,,,,,,,,,,,,,,,,,,,,,,,,,,,,,,,,,,,,,,,,,,,,,,,,,,,,,,,,,,,,,,,,,,
England_Premier_League,2025-2026,Burnley FC,artzh7xur73vi2kaso97fl756,H. Mejbri,Midfielder,28,30,25,5,25,4,87,8,3,164,1,2,188,95,93,249,155,9,25,4,1,25,25,,1,1,,158,70,88,8,14,119,3,428,1,97,26,11,61,1,91,18,4,4,13,10,12,9,7,18,,13,16,328,250,108,333,12,15,5,8,1095,42,5,,6,21,43,201,452,8,349,27,17,103,734,19,15,12,6,25,96,26,78,8,0,1,0,1,1,,2,,,,,,1,3,4,,1,,,1,1,,,,,,,,,,,,,,,,,,,,,,,,,,,
England_Premier_League,2025-2026,Burnley FC,aozjz0habtxoyc18uru3uk650,O. Pimlott,Midfielder,54,,,,,,,,,,,,,,,,,,,,,,,,,,,,,,,,,,,,,,,,,,,,,,,,,,,,,,,,,,,,,,,,,,,,,,,,,,,,,,,,,,,,,,,,,,,,,,,,,,,,,,,,,,,,,,,,,,,,,,,,,,,,,,,,,,,,,
England_Premier_League,2025-2026,Burnley FC,d6n277pkk5eq2th56odvr0650,B. Pouani,Forward,45,,,,,,,,,,,,,,,,,,,,,,,,,,,,,,,,,,,,,,,,,,,,,,,,,,,,,,,,,,,,,,,,,,,,,,,,,,,,,,,,,,,,,,,,,,,,,,,,,,,,,,,,,,,,,,,,,,,,,,,,,,,,,,,,,,,,,
England_Premier_League,2025-2026,Burnley FC,20uzxhlbdk0tkehbz43gwb90q,A. Ramsey,Midfielder,21,,,,,,,,,,,,,,,,,,,,,,,,,,,,,,,,,,,,,,,,,,,,,,,,,,,,,,,,,,,,,,,,,,,,,,,,,,,,,,,,,,,,,,,,,,,,,,,,,,,,,,,,,,,,,,,,,,,,,,,,,,,,,,,,,,,,,
England_Premier_League,2025-2026,Burnley FC,9k0kubwlwu9axyiuwjp3zg2qx,C. Roberts,Defender,14,,,,,,,,,,,,,,,,,,,,,,,,,,,,,,,,,,,,,,,,,,,,,,,,,,,,,,,,,,,,,,,,,,,,,,,,,,,,,,,,,,,,,,,,,,,,,,,,,,,,,,,,,,,,,,,,,,,,,,,,,,,,,,,,,,,,,
England_Premier_League,2025-2026,Burnley FC,55u45p7vwom7civ3xy3hdf71m,O. Sonne,Defender,22,7,2,5,7,,9,,,13,,3,18,10,8,32,25,1,7,,1,4,4,,1,1,,11,8,3,1,1,20,,59,1,8,4,1,4,,5,1,2,1,1,1,6,1,1,1,1,,3,39,24,16,36,1,1,,9,165,3,,1,4,4,,31,59,3,39,2,4,20,98,4,4,2,3,4,19,5,16,,1,0,0,,,,,,,1,,,,,,3,,,,,,,,,,,,,,,,,,,,,,,,,,,,,,,,
England_Premier_League,2025-2026,Burnley FC,97nqu0mjr4ulkoiqn3y6nsmzu,L. Tchaouna,Forward,17,37,23,14,27,,95,7,1,83,,6,126,73,53,235,64,5,27,,2,22,19,3,2,1,1,89,50,39,2,10,97,1,296,2,52,24,12,32,1,45,10,5,9,12,10,15,9,9,7,1,24,12,220,152,82,213,9,9,1,2,1113,28,1,,10,9,15,157,301,14,225,18,23,76,512,18,18,13,2,6,74,20,70,2,1,1,0,2,1,,,,3,1,,1,,2,3,,,,,,,,,,,,,,,,,,,,,,,,,,,,,,,,,
England_Premier_League,2025-2026,Burnley FC,9pvc7e65cfgtuipfen5zt463t,M. Trésor,Forward,31,3,3,,6,,9,,,9,,1,8,7,1,12,9,,6,,,2,,2,,,,5,4,1,,1,4,,26,,3,,,4,,5,1,,,,,6,1,1,,,,1,22,12,12,22,,1,,,37,4,,,,,,13,27,,23,1,1,4,42,2,,2,,,5,1,4,,,,0,,2,,,,,,,,2,,1,,,,,,,,,,,,,,,,,,,,,,,,,,,,,,,,,
England_Premier_League,2025-2026,Burnley FC,cr74l0rwvkf4yck0go4esw44p,A. Tuanzebe,Defender,6,42,21,21,12,,35,,9,80,1,,74,38,36,19,156,1,12,,1,24,24,,,1,,32,17,15,9,,168,1,462,2,41,8,3,31,1,110,,1,1,12,2,,,,,6,,17,389,116,279,378,6,7,,3,1022,,,1,75,12,2,78,469,2,395,13,2,74,606,1,1,,17,37,47,28,37,1,1,0,0,,,,,,,,,,,,,,1,,,1,1,,1,1,,,,,,,,,,,,,,,,,,,,,,,,
England_Premier_League,2025-2026,Burnley FC,49vfeofafswzu1f6rekqjbjhm,L. Ugochukwu,Midfielder,8,55,31,24,33,,127,8,20,207,1,7,233,120,113,238,232,17,33,1,3,48,45,3,1,3,,178,89,89,18,8,166,1,727,4,102,48,32,92,,204,9,6,8,25,19,8,1,1,14,6,19,23,602,336,269,581,24,25,,,2204,46,,3,22,27,27,206,729,14,604,49,38,125,1074,5,5,16,12,18,93,37,107,1,2,1,1,,,,3,2,,1,,1,,2,2,,1,,1,,,,,,,,,,,,,,,,,,,,,,,,,,,,1,
England_Premier_League,2025-2026,Burnley FC,e9wu8dcamrtj3ftbx3nmhusid,K. Walker,Defender,2,89,44,45,34,2,185,3,10,239,4,9,252,119,133,428,487,19,34,2,,64,58,6,,,,163,75,88,43,10,572,1,1275,5,127,75,33,145,,82,12,1,,33,3,1,7,6,13,8,2,85,980,500,521,929,21,32,3,189,2917,27,3,,100,31,22,544,1326,1,1014,53,9,312,2098,29,25,13,59,137,255,86,175,9,,,0,,,,,,,,,,,1,1,124,,,,,,1,1,,1,,,,,,,,,,,,,,,,,,,,,,,
England_Premier_League,2025-2026,Burnley FC,7r6vds5j65fohi1k28cnqjqvp,J. Ward-Prowse,Midfielder,20,22,12,10,16,1,78,3,7,101,1,3,79,39,40,147,167,6,16,1,,27,25,2,,,,57,27,30,20,21,142,,547,,41,14,9,46,,188,22,,2,12,6,4,26,2,2,2,10,26,487,283,252,483,9,6,1,2,1069,9,7,,17,8,13,133,575,2,509,15,1,66,783,44,8,5,11,24,97,13,42,1,,,0,2,49,,,,,,19,,28,1,,,,,,,,,,,,,,,,,,,,,,,,,,,,,,,,,,
England_Premier_League,2025-2026,Burnley FC,1b70inwbybewkz0b07gzughec,M. Weiß,Goalkeeper,13,,,,1,,,,,1,,,,,,,21,,1,,,2,2,,,,,,,,,,1,,8,,1,,,7,,2,,,,1,,,,,,3,,5,7,3,6,4,,,,,90,,,,2,,,17,24,,9,,,15,39,,,,3,15,14,1,,,,,0,,,,,,,,,,,,,,,,,5,12,,,,,,,1,,,13,,,1,5,2,3,,1,,,,,,,,,
England_Premier_League,2025-2026,Burnley FC,1tuivl8zdnsaz8vbed2z582qx,J. Worrall,Defender,4,42,21,21,11,,13,,7,12,,,52,27,25,12,56,1,11,,,11,10,1,,,,10,6,4,5,,49,,150,2,2,5,4,10,,37,,1,,5,1,6,,,,2,,5,122,19,106,120,1,3,,1,497,,,,60,4,1,37,155,1,125,4,7,30,253,,,,10,14,24,6,16,,,,0,,,,,,,,,,,,,1,,,,,,1,,,,,,,,,,,,,,,,,,,,,,,,,,
England_Premier_League,2025-2026,Chelsea FC,ek4oa7zejocbbgu1l2vdebitw,J. Acheampong,Defender,34,17,7,10,15,,49,1,2,128,1,1,57,22,35,49,90,,15,,1,12,12,,,1,,40,15,25,10,2,184,2,436,1,50,9,6,23,,127,2,,2,7,6,8,1,1,10,1,,4,404,137,281,413,3,7,,8,584,9,,1,19,2,5,52,450,2,417,10,7,33,553,,,3,5,11,16,17,22,1,0,1,1,,,,,1,,,,,,,,4,,,,4,4,,,,,,,,,,,,,,,,,,,,,,,,,,,
England_Premier_League,2025-2026,Chelsea FC,661b6x35l9b9uieqbcq7el1hx,T. Adarabioyo,Defender,4,58,17,41,16,,26,1,5,123,2,,83,25,58,14,213,1,16,,,14,12,2,,,,25,8,17,9,1,259,1,732,1,80,6,1,22,,259,1,1,,8,2,8,,,,2,,20,660,203,482,665,9,8,4,3,789,1,1,,66,6,,78,757,1,685,17,4,72,874,,,,12,28,41,31,44,2,,,0,,,,1,,,,,,,,,,,,,14,14,,,,,,,,,,,,,,,,,,,,,,,,,,,
England_Premier_League,2025-2026,Chelsea FC,39ccv9t7ydrrcwd1es1xu2e50,Andrey Santos,Midfielder,17,31,17,14,26,,81,2,6,116,1,1,113,44,69,127,192,6,26,,,17,15,2,,,,82,27,55,19,8,233,1,740,1,59,23,15,45,,253,8,7,1,12,9,14,,,2,3,22,14,661,334,346,666,18,14,3,,1165,5,1,,18,12,21,100,759,8,680,32,19,79,933,2,2,3,8,14,44,37,65,4,,,0,,,,,,1,,,3,,,1,,,,,,,,,,,,,,,,,,,,,,,,,,,,,,,,,
England_Premier_League,2025-2026,Chelsea FC,5g5wwp5luxo1rz1kp6chvz0x6,B. Badiashile,Defender,5,17,9,8,8,,39,,4,58,,,32,15,17,13,119,,8,,,10,8,2,,,,15,6,9,10,,76,,414,,27,4,2,16,,205,,,,6,3,2,,,,4,,19,383,100,308,389,3,4,,,471,,,,27,6,2,35,439,,408,7,1,31,499,,,,7,15,16,15,16,2,,,0,,,,1,,,,,,,,,,,,,17,17,,,,1,,,,,,,,,,,,,,,,,,,,,,,
England_Premier_League,2025-2026,Chelsea FC,9drh3w3emxjf6aah8pstsdgr8,F. Buonanotte,Midfielder,40,1,,1,3,,6,1,,12,,1,7,5,2,24,5,,3,,,2,2,,,,,6,5,1,1,2,11,,30,,5,2,2,3,,8,2,,,1,1,2,,,,,2,1,24,20,4,23,1,,,,69,2,,,,1,,12,30,,24,1,8,6,46,,,2,,1,5,1,5,1,,,0,,,,,,,,,,,,,,,,,,,,,,,,,,,,,,,,,,,,,,,,,,,,,
England_Premier_League,2025-2026,Chelsea FC,3uc9z96xvain84leorf4ls962,M. Caicedo,Midfielder,25,42,28,14,31,1,287,12,14,369,5,9,294,130,164,376,434,35,31,1,3,43,40,3,2,1,2,252,102,150,56,15,637,,1900,2,175,29,17,168,3,582,16,7,7,30,4,1,2,2,14,2,50,58,1745,931,854,1725,41,46,12,6,2627,29,4,1,28,51,49,221,1940,14,1783,87,14,157,2360,5,5,11,9,32,118,44,125,11,1,2,0,,,,1,,,,,1,,1,1,,1,1,1,,,1,,,,,,,,,,,,,,,,,,1,,,,,,,,
England_Premier_League,2025-2026,Chelsea FC,5e2zgfe3ltc6qbnoqdfshqsph,T. Chalobah,Defender,23,133,60,73,32,,130,3,16,341,9,3,227,95,132,120,497,10,32,,3,37,34,3,,3,,94,35,59,35,5,784,2,2184,2,175,19,9,118,,848,5,8,5,31,1,1,1,1,7,5,,49,2031,619,1484,2053,12,23,4,15,2741,7,1,2,173,20,18,184,2259,13,2102,35,17,157,2654,4,4,2,34,74,100,61,83,3,1,2,0,,,,,2,,1,,2,,,,1,,1,1,27,27,2,1,,1,,,,,,,,,,,,,,,,,,,,,,,
England_Premier_League,2025-2026,Chelsea FC,573hlc6devy50gjotyav9ql4a,L. Colwill,Defender,6,6,2,4,2,,3,,1,27,,,9,2,7,9,57,,2,,,2,1,1,,,,3,,3,3,,23,,119,,12,1,,4,,44,,,,1,,1,,,,1,,2,107,41,73,112,1,1,1,1,135,,,,6,,1,15,127,,114,2,1,13,144,1,1,,4,8,14,,5,,,,0,,,,,,,,,,,,,,,,,3,3,,,,,,,,,,,,,,,,,,,,,,,,,,,
England_Premier_League,2025-2026,Chelsea FC,7c2wnewpcf1idj6ghj6gu0wyd,Marc Cucurella,Defender,3,67,31,36,32,4,279,6,8,213,9,18,213,101,112,493,452,23,32,4,1,34,31,3,1,1,,146,70,76,31,35,150,4,1374,1,151,64,35,108,,513,39,8,6,29,4,3,13,13,1,13,27,42,1211,638,606,1189,13,37,2,142,2530,8,6,1,86,44,26,244,1394,14,1231,50,83,163,1937,27,27,2,21,43,136,54,120,7,1,0,0,,1,,1,1,,,,1,,,,19,,1,1,,,,,,,,,,,,,,,,,,,,,,,,,,,,,
England_Premier_League,2025-2026,Chelsea FC,5jk0wq14a8emikh2vh53aw0ve,L. Delap,Forward,9,55,32,23,26,,57,10,,80,,9,138,83,55,190,33,8,26,,1,17,14,3,,1,,83,51,32,1,3,49,4,169,,46,11,5,23,,31,3,14,11,11,8,15,,,10,,18,1,117,90,28,117,1,3,2,1,1008,23,,1,11,22,18,122,170,25,118,4,63,52,347,6,6,3,,1,49,9,51,3,0,1,0,,,1,,,2,1,,4,,7,,,,,,,,,,,,,,,,,,,,,,,,,,,,,,,,,,
England_Premier_League,2025-2026,Chelsea FC,2dmhzg79cuif9az1vfnz4rllg,J. Derry,Forward,55,2,1,1,1,,7,,,8,,1,6,4,2,20,3,,1,,,2,2,,,,,4,3,1,,,,,13,1,4,1,,2,,3,,1,1,1,1,,1,1,,,,,12,11,2,12,,1,,1,44,3,,,,,1,6,13,2,12,1,4,1,25,1,1,2,,,2,,1,,,,0,,,1,,,,,,,,,1,,,,,,,,,,,,,,,,,,,,,,,,,,,,,,,,,
England_Premier_League,2025-2026,Chelsea FC,1g8xr073jl9jwmh5yrco855d6,Dário Essugo,Midfielder,14,1,,1,2,,3,,,5,,,12,4,8,4,7,1,2,,,1,1,,,,,11,4,7,,,6,,23,,3,,,,,7,,,,,,2,,,2,,1,,19,12,7,19,2,2,,,25,1,,,1,2,1,6,23,,19,4,1,4,33,,,,,,3,1,4,1,,,0,,,,,,,,,,,,,,,,,,,,,,,,,,,,,,,,,,,,,,,,,,,,,
England_Premier_League,2025-2026,Chelsea FC,rc5s92vvhlk3eki4vk5dhes4,M. Eboué,Midfielder,72,,,,,,,,,,,,,,,,,,,,,,,,,,,,,,,,,,,,,,,,,,,,,,,,,,,,,,,,,,,,,,,,,,,,,,,,,,,,,,,,,,,,,,,,,,,,,,,,,,,,,,,,,,,,,,,,,,,,,,,,,,,,,,,,,,,,,
England_Premier_League,2025-2026,Chelsea FC,1uafbcsmi3tjrkau2tp7awkk4,L. Emenalo,Midfielder,56,,,,,,,,,,,,,,,,,,,,,,,,,,,,,,,,,,,,,,,,,,,,,,,,,,,,,,,,,,,,,,,,,,,,,,,,,,,,,,,,,,,,,,,,,,,,,,,,,,,,,,,,,,,,,,,,,,,,,,,,,,,,,,,,,,,,,
England_Premier_League,2025-2026,Chelsea FC,8ezfdv6lgv4gz8kogxvvn1rtg,Estêvão,Forward,41,17,14,3,22,2,75,11,,145,,16,149,97,52,268,48,4,22,2,2,11,9,2,2,2,,132,83,49,4,14,117,6,260,,87,15,5,36,1,30,16,9,8,12,12,10,5,4,29,,14,5,208,165,58,213,6,5,1,3,845,61,4,2,5,12,9,153,270,17,218,11,74,52,492,11,3,41,,4,52,11,48,4,1,1,1,,14,1,,,2,1,1,2,7,2,5,,,,,,,,,,,,,,,,,,,,,,,,,,,,,,,,,
England_Premier_League,2025-2026,Chelsea FC,1zxwich342p8fholev7ddkwh6,E. Fernández,Midfielder,8,50,26,24,34,2,360,20,1,501,5,22,294,166,128,789,525,22,34,3,9,43,39,4,6,8,1,244,140,104,20,61,388,1,1850,2,241,66,33,129,8,663,64,20,30,33,7,1,16,6,11,5,76,90,1596,1032,662,1588,30,21,24,8,2941,74,10,6,27,32,42,460,1936,50,1678,51,100,258,2474,67,37,34,17,55,269,56,203,9,4,5,1,7,53,,1,1,4,,9,9,29,3,1,,,,,,,,,,,2,2,,,,,,,,,,,,,1,1,1,,,,,,
England_Premier_League,2025-2026,Chelsea FC,7yirx71oya71zjsgldj5ucqcq,W. Fofana,Defender,29,99,33,66,23,1,84,3,19,269,3,1,176,67,109,60,361,14,23,1,,21,20,1,,,,77,34,43,33,2,518,1,1147,,120,11,7,73,,206,3,4,1,18,7,5,1,1,10,9,,28,1056,392,686,1049,9,10,,13,1583,9,1,,119,21,15,115,1169,5,1077,19,16,92,1464,1,1,4,15,28,55,38,64,5,,,0,,,,,,1,,,,,1,,,,,1,2,2,,,,,,,,,,,,,,,,,,,,,,,,,,1,
England_Premier_League,2025-2026,Chelsea FC,e5eiuko5p1yms97xndrvcr0bu,A. Garnacho,Forward,49,16,13,3,23,4,220,10,,288,1,20,121,67,54,480,28,6,23,4,1,20,19,1,1,1,,105,54,51,4,25,22,2,467,,167,30,5,44,,200,29,16,7,14,10,9,8,8,14,,15,13,408,303,116,398,3,11,,5,1267,36,6,1,6,9,23,191,470,23,411,14,112,59,738,51,51,25,,,101,9,59,2,1,0,0,,,,,,2,1,,7,,,5,,,,,,,,,,,,,,,,,,,,,,,,,,,,,,,,,
England_Premier_League,2025-2026,Chelsea FC,es8orzwchom47yjt6nwwuc5qs,T. George,Forward,32,3,2,1,13,,25,1,,47,,6,40,26,14,81,29,5,13,,,7,7,,,,,37,24,13,2,2,5,4,90,,20,5,4,13,,34,2,4,4,1,2,12,3,3,6,,2,,72,54,24,75,2,4,,,308,15,2,,,8,1,50,93,8,75,6,18,18,161,4,4,7,2,4,17,5,14,2,,,0,,,,,,,,,1,,1,,,,,,,,,,,,,,,,,,,,,,,,,,,,,,,,,,
England_Premier_League,2025-2026,Chelsea FC,c2mwg1uhug0pbgl72uf9b927e,J. Gittens,Forward,11,10,7,3,16,2,54,6,1,78,1,8,59,27,32,137,22,1,16,2,,7,5,2,,,,49,20,29,2,7,15,2,149,,40,17,6,15,,58,9,2,2,5,4,11,3,3,13,,2,3,118,90,31,115,5,3,2,,490,12,2,,3,6,8,68,149,4,118,8,28,31,255,10,10,8,,1,35,6,30,,,,0,,,,1,,,,,1,,1,1,,,,,,,,,,,,,,,,,,,,,,,,,,,,,,,,,
England_Premier_League,2025-2026,Chelsea FC,9vk04uj215dfan7wak7j25hjo,Marc Guiu,Forward,38,17,12,5,10,1,13,2,,8,,3,36,28,8,39,7,3,10,1,,3,3,,,,,19,16,3,,2,8,2,31,,6,1,1,4,,4,3,9,2,1,1,9,,,1,,7,,21,17,5,22,,,,,266,4,1,,4,10,2,23,32,11,22,,16,10,70,,,3,,,8,2,10,1,,,0,,,,,,1,,,3,,2,,,,,,,,,,,,,,,,,,,,,,,,,,,,,,,,,,
England_Premier_League,2025-2026,Chelsea FC,8jt4vsixxoqp4uvskyfl7k222,M. Gusto,Defender,27,31,18,13,33,2,301,3,4,298,3,11,178,84,94,496,336,10,33,3,2,34,31,3,2,2,,147,66,81,30,23,437,1,1195,2,156,49,18,120,,150,26,3,6,25,14,8,12,12,11,6,16,39,1036,561,515,1025,27,24,9,140,2182,26,3,2,36,20,19,304,1224,9,1064,51,46,160,1744,46,46,12,23,38,149,57,122,3,2,0,1,,,,1,1,,1,,1,,2,1,19,1,,1,,,,3,,1,,,,,,,,,,,,,,,1,,,,,,,1,
England_Premier_League,2025-2026,Chelsea FC,bgydmtsi0ngn9k56apo29v0no,J. Hato,Defender,21,29,15,14,20,,84,,5,115,,2,109,51,58,110,170,13,20,,,24,22,2,,,,80,36,44,14,7,114,,642,1,53,19,15,46,,295,7,4,,10,4,10,4,4,7,2,2,7,589,229,385,603,14,21,1,30,1000,10,1,,36,15,2,86,663,4,610,35,12,53,876,3,3,6,8,17,33,23,36,6,,,0,,,,,,,,,,,,1,5,,,,14,14,1,,,,,,,,,,,,,,,,,,,,,,,,,,
England_Premier_League,2025-2026,Chelsea FC,dczrgxyolp7lcz413wkz7ap61,R. James,Defender,24,47,16,31,28,4,244,9,6,274,4,16,187,76,111,473,341,20,28,4,2,20,20,,,1,1,140,60,80,33,23,463,1,1251,,129,36,16,100,2,252,27,6,6,20,5,8,30,12,11,9,28,56,1108,619,567,1100,15,33,6,104,1923,23,8,1,41,27,21,292,1300,12,1156,48,16,144,1814,95,41,10,11,45,191,48,99,4,0,2,0,7,80,,,,2,,17,,45,2,1,5,,,,,,2,,,,,,,,,,,,,,,,,,,1,1,,,,,,
England_Premier_League,2025-2026,Chelsea FC,eaqqezw2ed1u0tt3zc128mr1m,João Pedro,Forward,20,148,77,71,34,2,192,21,5,271,3,16,387,200,187,547,168,13,34,5,15,34,31,3,12,15,,239,123,116,5,24,149,16,663,2,127,33,11,69,7,168,29,22,28,30,17,4,1,1,37,,71,11,501,343,173,504,9,17,14,4,2584,88,6,14,27,36,54,373,677,50,515,26,143,162,1207,17,17,35,3,10,144,35,152,4,8,7,5,,,3,1,3,,5,,11,,9,8,,,,,,,,1,,1,,,,,,,,,,,,,,,,,,,,,,,
England_Premier_League,2025-2026,Chelsea FC,eiqcjlj9kmitoj8g50vaglawa,F. Jörgensen,Goalkeeper,12,2,,2,5,,,,,31,,,4,1,3,,81,,5,,,5,4,1,,,,2,1,1,1,,50,,140,,12,1,,34,,40,,,,3,,2,,,1,9,,18,115,8,122,112,,,,,378,1,,,2,,,42,171,,130,,,41,212,,,,22,39,35,6,2,,,,0,,,,,,,,,,,,,,,,,28,15,,,,2,,,4,,,10,1,,1,8,6,2,,4,,,,,,,,,
England_Premier_League,2025-2026,Chelsea FC,7qy8by5ysig5af425m7tl4aac,R. Kavuma-McQueen,Forward,76,,,,,,,,,,,,,,,,,,,,,,,,,,,,,,,,,,,,,,,,,,,,,,,,,,,,,,,,,,,,,,,,,,,,,,,,,,,,,,,,,,,,,,,,,,,,,,,,,,,,,,,,,,,,,,,,,,,,,,,,,,,,,,,,,,,,,
England_Premier_League,2025-2026,Chelsea FC,dgjl6ks0r7lbh09fe8cuwj7ro,R. Lavia,Midfielder,45,4,1,3,12,,45,1,,59,,1,38,16,22,68,66,2,12,,,10,10,,,,,34,15,19,5,1,81,,277,1,18,8,5,20,,92,1,2,,4,4,8,,,3,1,12,12,256,142,121,251,1,7,2,,377,8,1,,4,8,8,39,284,2,263,8,3,21,347,1,1,2,,2,14,8,19,,,,0,,,,1,,,,,,,1,,,,,,,,,,,,,,,,,,,,,,,,,,,,,,,,,,
England_Premier_League,2025-2026,Chelsea FC,c5dl4ijc192leqtjd8a2g14pg,M. Merrick,Goalkeeper,50,,,,,,,,,,,,,,,,,,,,,,,,,,,,,,,,,,,,,,,,,,,,,,,,,,,,,,,,,,,,,,,,,,,,,,,,,,,,,,,,,,,,,,,,,,,,,,,,,,,,,,,,,,,,,,,,,,,,,,,,,,,,,,,,,,,,,
England_Premier_League,2025-2026,Chelsea FC,dl10343h8yopcgerzur5samwa,C. Palmer,Midfielder,10,3,3,,24,1,184,20,,296,2,18,177,98,79,541,192,7,24,1,9,30,28,2,4,9,,174,95,79,15,22,234,2,714,2,170,30,8,78,,153,23,16,22,22,11,2,5,5,22,,22,34,603,441,215,617,13,11,7,10,1786,73,3,8,12,13,33,265,763,38,651,24,90,112,1133,29,28,40,3,17,118,23,95,4,4,5,2,5,3,,1,,,9,1,5,1,1,2,,,,,,,,,,,6,5,,,,,,,,,,,,,1,,,,,,,,
England_Premier_League,2025-2026,Chelsea FC,6psklvi66inwws7buzf16yjft,Pedro Neto,Forward,7,32,24,8,32,3,274,21,,468,5,43,231,140,91,864,153,8,32,4,5,30,29,1,4,4,1,199,116,83,6,45,316,6,866,1,257,41,14,80,1,150,49,11,12,28,11,4,36,20,44,4,27,29,751,617,196,748,6,10,3,22,2489,78,11,4,13,15,23,407,893,23,777,16,102,116,1446,144,87,54,5,15,236,24,101,2,1,4,2,1,70,,,1,2,3,13,3,43,2,4,,,,1,,,,,,,,,,,,,,,,,,,,,1,1,1,,,,,1,
England_Premier_League,2025-2026,Chelsea FC,2bfs1dfmyao4e3gzha29t1lw4,M. Sarr,Defender,19,1,1,,2,,5,,1,6,,,3,2,1,1,15,,2,,,3,3,,,,,2,1,1,1,,5,,40,,2,,,2,,24,,1,,1,1,1,,,,,,,36,3,42,45,1,,,,91,1,,,5,,,5,49,1,45,1,1,4,59,,,1,1,3,2,2,1,,,,0,,,,,,,,,1,,,,,,,,9,9,,,,,,,,,,,,,,,,,,,,,,,,,,,
England_Premier_League,2025-2026,Chelsea FC,dgthbtwjv3s2sbeq32844eqne,T. Sharman-Lowe,Goalkeeper,28,,,,,,,,,,,,,,,,,,,,,,,,,,,,,,,,,,,,,,,,,,,,,,,,,,,,,,,,,,,,,,,,,,,,,,,,,,,,,,,,,,,,,,,,,,,,,,,,,,,,,,,,,,,,,,,,,,,,,,,,,,,,,,,,,,,,,
England_Premier_League,2025-2026,Chelsea FC,ax29zmnwn0agsspjjqs0as50q,G. Słonina,Goalkeeper,44,,,,,,,,,,,,,,,,,,,,,,,,,,,,,,,,,,,,,,,,,,,,,,,,,,,,,,,,,,,,,,,,,,,,,,,,,,,,,,,,,,,,,,,,,,,,,,,,,,,,,,,,,,,,,,,,,,,,,,,,,,,,,,,,,,,,,
England_Premier_League,2025-2026,Chelsea FC,d9yxninyn4bac8f0ufxsnlqll,Robert Sánchez,Goalkeeper,1,14,1,13,33,1,,,,208,9,,27,3,24,,711,1,33,1,,44,41,3,,,,13,2,11,1,4,278,,997,2,89,,,280,,241,5,,,33,1,,,,,74,,188,713,124,704,640,2,,,,2861,1,2,,26,2,13,413,1230,,828,2,,402,1574,,,,220,390,321,81,12,3,,,0,,,,1,,,,,,,1,,,,1,1,221,123,2,,,19,,,36,,2,61,,2,7,91,65,23,3,31,,,,,,,,,
England_Premier_League,2025-2026,Crystal Palace FC,2al1nsz8c0qwvu81wdusghrmc,D. Benamar,Defender,72,,,,,,,,,,,,,,,,,,,,,,,,,,,,,,,,,,,,,,,,,,,,,,,,,,,,,,,,,,,,,,,,,,,,,,,,,,,,,,,,,,,,,,,,,,,,,,,,,,,,,,,,,,,,,,,,,,,,,,,,,,,,,,,,,,,,,
England_Premier_League,2025-2026,Crystal Palace FC,a56woizbe4g6jpl3fg4tlgno5,W. Benítez,Goalkeeper,44,,,,1,,,,,1,1,,,,,,20,,1,,,,,,,,,,,,,,4,,12,,,,,9,,3,,,,1,,,,,,2,,5,8,4,14,13,,,,,90,,,,1,,,9,27,,18,,,9,36,,,,4,9,6,3,,,,,0,,,,,,,,,,,,,,,,,13,11,,,,,,,1,,,2,,1,1,3,2,1,,,,,,,,,,,
England_Premier_League,2025-2026,Crystal Palace FC,9t1ikyd85kvlhv9r0u938836c,J. Canvot,Defender,23,55,19,36,19,,49,,13,150,4,2,136,55,81,84,281,4,19,,,21,20,1,,,,81,36,45,9,3,172,,711,3,98,20,15,50,,238,3,6,1,13,2,6,,,2,7,,37,627,260,395,618,15,22,1,3,1244,7,,,96,12,6,114,740,7,655,37,11,85,989,4,4,2,17,37,53,36,48,3,,,0,,,,1,,,,,3,,,,2,1,,,10,10,3,,,,,,,,,,,,,,,,,,,,,,,,,,
England_Premier_League,2025-2026,Crystal Palace FC,2rkdzc5ecbbj67m4dr4go915g,R. Cardines,Midfielder,59,,,,,,,,,,,,,,,,,,,,,,,,,,,,,,,,,,,,,,,,,,,,,,,,,,,,,,,,,,,,,,,,,,,,,,,,,,,,,,,,,,,,,,,,,,,,,,,,,,,,,,,,,,,,,,,,,,,,,,,,,,,,,,,,,,,,,
England_Premier_League,2025-2026,Crystal Palace FC,sa1syk7919nj718qqcghq3o4,B. Casey,Forward,73,,,,,,,,,,,,,,,,,,,,,,,,,,,,,,,,,,,,,,,,,,,,,,,,,,,,,,,,,,,,,,,,,,,,,,,,,,,,,,,,,,,,,,,,,,,,,,,,,,,,,,,,,,,,,,,,,,,,,,,,,,,,,,,,,,,,,
England_Premier_League,2025-2026,Crystal Palace FC,ezrn62nekq3wpw1qs1yu1ezmd,N. Clyne,Defender,17,8,6,2,9,1,57,1,1,36,,2,39,17,22,94,44,4,9,1,,10,8,2,,,,31,11,20,5,2,53,,155,,20,16,5,16,,2,3,2,,6,6,3,2,2,4,3,,3,120,74,49,118,6,9,,20,506,4,2,,20,4,1,63,156,2,121,15,12,35,265,13,13,3,5,8,36,12,27,1,,,0,,,,,,,,,,,,,3,,,,,,,,,,,,,,,,,,,,,,,,,,,,,,,,
England_Premier_League,2025-2026,Crystal Palace FC,6784eycsmgf7ac6xujgccvq7e,J. Devenny,Midfielder,55,26,20,6,20,,60,4,,78,,3,109,69,40,156,68,4,20,,1,13,11,2,,1,,83,49,34,1,7,73,1,224,1,47,21,11,32,,27,7,5,4,6,4,14,,,2,1,5,8,161,99,66,157,12,11,2,23,698,22,,1,11,10,9,132,228,9,165,23,32,63,414,13,12,11,6,18,61,15,45,,0,1,0,1,1,,,,1,1,,4,1,3,,3,,,,,,,,,,1,1,,,,,,,,,,,,,,,,,,,,,
England_Premier_League,2025-2026,Crystal Palace FC,8hrd92b0cov6womls0eazrd3o,J. Drakes-Thomas,Forward,86,,,,2,,2,,,4,,,3,2,1,3,3,1,2,,,1,,1,,,,3,2,1,,,2,,11,,3,,,2,,4,,,,,,2,,,,,,,8,6,2,8,,1,,,7,1,,,,1,,4,11,,8,1,,3,13,,,1,,,1,2,3,,,,0,,,,,,,,,,,,,,,,,,,,,,,,,,,,,,,,,,,,,,,,,,,,,
England_Premier_League,2025-2026,Crystal Palace FC,7s4pr23iwuyfj5xg4m9le92c4,R. Esse,Midfielder,21,4,3,1,4,,3,,,11,,1,15,9,6,16,7,2,4,,,,,,,,,11,6,5,,,7,,20,,6,2,,2,,3,,,,,,4,,,1,,1,1,13,8,5,12,1,1,,,40,3,,,,2,2,16,20,,13,2,3,7,37,2,2,1,,,7,2,7,,,,0,,,,,,,,,,,,,,,,,,,,,,,,,,,,,,,,,,,,,,,,,,,,,
England_Premier_League,2025-2026,Crystal Palace FC,4wic6z72nwmhkheme209fcmp5,E. Eze,Midfielder,10,32,23,9,31,2,132,24,1,218,2,7,178,87,91,391,162,5,31,2,7,13,10,3,5,6,1,146,64,82,10,13,132,1,603,,92,14,5,74,6,197,15,18,17,21,16,10,2,2,28,,28,16,507,361,167,510,5,13,18,1,1812,43,4,2,10,16,36,180,623,35,526,18,61,97,913,10,5,20,8,21,88,19,76,1,5,2,1,1,3,,2,,1,1,,1,3,1,2,,,,,,,,,,,,,,,,,,,,,,,,,,,,,,,,,
England_Premier_League,2025-2026,Crystal Palace FC,7k0r5crdh9blj3edt31zwy0dm,E. Guessand,Forward,29,23,13,10,19,1,54,1,3,83,1,4,153,86,67,160,45,8,19,2,1,15,14,1,1,1,,130,73,57,5,3,38,,172,1,47,25,12,42,1,40,5,4,6,9,8,10,,,13,,5,1,140,99,46,144,11,13,,,887,53,2,1,9,15,20,124,177,10,145,24,38,32,397,11,11,25,1,1,36,7,31,,1,0,1,,,,,,1,,,3,,1,2,,,,,,,,,,,,,,,,,,,,,,,,,,,,,,,,,
England_Premier_League,2025-2026,Crystal Palace FC,9ipux4xiejibplsbbhqz8d5gp,M. Guéhi,Defender,6,153,50,103,34,2,112,8,22,576,14,3,295,104,191,287,822,12,34,3,3,34,27,7,1,3,,142,54,88,49,15,386,,2158,2,320,22,13,134,2,937,18,15,9,34,,,3,3,7,9,3,75,1931,947,1079,1948,15,30,3,8,3060,21,5,2,163,23,36,292,2257,24,2023,45,60,234,2745,14,14,4,33,109,171,77,125,6,0,3,1,,2,1,,1,2,,,6,,,2,,,,,36,37,2,1,,1,,,,,,1,,,,,,,,,,,,,,,,,
England_Premier_League,2025-2026,Crystal Palace FC,5z8ycnd0smdkumi5fgtzf7c9h,D. Henderson,Goalkeeper,1,19,2,17,35,,,,,122,11,1,25,4,21,,678,2,35,,,47,43,4,,,,6,2,4,2,1,148,,684,5,31,,,278,,226,1,,,35,,,,,1,85,,164,406,125,458,419,1,,,,3150,,,,51,2,5,475,1052,,583,1,,469,1375,,,,317,468,412,57,1,4,,,0,,,,,,,,,,,,,,2,,,255,226,,,,24,,,21,,1,106,2,6,31,100,71,27,3,20,,,,,1,1,,,
England_Premier_League,2025-2026,Crystal Palace FC,dbebh5mvzowjrp7h4qvzxvaol,W. Hughes,Midfielder,19,40,23,17,30,,81,7,7,110,2,3,151,77,74,232,248,14,30,,,16,15,1,,,,111,54,57,15,20,172,,627,1,64,28,11,65,,146,20,10,,18,11,12,12,2,10,7,17,23,508,328,209,502,11,14,,1,1478,21,1,,27,22,23,185,647,10,525,25,27,122,903,29,14,7,18,30,117,34,92,7,,,0,,21,,2,,,,10,1,9,,1,,1,,,1,1,,,,,,,,,,,,,,,,,,,,,,,,,,,
England_Premier_League,2025-2026,Crystal Palace FC,6kcz7wxabmd0c0se921y5tm5m,D. Imray,Defender,30,,,,,,,,,,,,,,,,,,,,,,,,,,,,,,,,,,,,,,,,,,,,,,,,,,,,,,,,,,,,,,,,,,,,,,,,,,,,,,,,,,,,,,,,,,,,,,,,,,,,,,,,,,,,,,,,,,,,,,,,,,,,,,,,,,,,,
England_Premier_League,2025-2026,Crystal Palace FC,1l228p52d8wdf8qhfxqu8rca,B. Johnson,Forward,11,31,15,16,33,1,101,7,1,128,1,18,144,78,66,321,111,14,33,1,2,23,23,,2,2,,113,63,50,4,18,76,14,349,3,76,41,22,52,2,82,19,11,5,19,14,14,18,8,9,1,9,9,227,172,91,236,10,18,2,8,1677,32,1,2,31,19,15,245,370,16,245,28,57,125,685,51,37,20,16,32,146,30,93,6,1,1,0,1,23,,,,,,8,2,12,,4,1,,,,,,2,,,,,,,,,,,,,,,,,,,,,,,,,,
England_Premier_League,2025-2026,Crystal Palace FC,az15xx7m923srf9gdbwmiyga1,D. Kamada,Midfielder,18,28,14,14,26,,165,6,1,222,1,8,200,91,109,275,239,20,26,,,25,24,1,,,,172,77,95,10,19,148,1,747,3,120,26,17,100,,213,19,8,4,20,13,6,11,6,12,2,26,30,627,343,311,613,23,34,9,1,1773,27,5,,22,30,27,220,765,12,643,57,35,122,1074,29,8,11,12,25,121,30,97,3,,,0,,21,1,1,,,,3,1,15,,1,,,,,,,,,,,,,,,,,,,,,,,,,,,,,,,,,
England_Premier_League,2025-2026,Crystal Palace FC,ejm3n25gqgw0d1go88ux5sydw,G. King,Defender,60,,,,,,,,,,,,,,,,,,,,,,,,,,,,,,,,,,,,,,,,,,,,,,,,,,,,,,,,,,,,,,,,,,,,,,,,,,,,,,,,,,,,,,,,,,,,,,,,,,,,,,,,,,,,,,,,,,,,,,,,,,,,,,,,,,,,,
England_Premier_League,2025-2026,Crystal Palace FC,7e7w34imugzsufvytjxytupd5,M. Lacroix,Defender,5,191,75,116,34,1,61,6,17,408,11,5,328,128,200,113,410,14,34,2,1,44,40,4,,1,,137,53,84,43,5,629,,1602,4,214,32,25,91,,534,7,10,7,34,,,2,2,7,9,,83,1411,423,1021,1359,21,38,1,2,3026,10,3,,248,33,19,228,1634,17,1442,59,72,192,2192,3,3,4,43,86,137,58,106,4,0,1,0,,,,,1,2,,,2,,,,,2,1,1,2,2,3,1,,1,,,,,,,,,,,,,,,,,,,,,,,
England_Premier_League,2025-2026,Crystal Palace FC,6gxyeuqjnyj9bl4n8kz14sv6d,J. Lerma,Midfielder,8,106,45,61,29,2,114,5,3,132,6,10,211,97,114,230,285,14,29,2,,22,20,2,,,,105,52,53,21,10,234,,821,2,61,16,3,98,,196,12,7,7,17,3,12,4,4,3,3,12,43,651,315,348,616,11,16,2,25,1618,13,3,,53,24,23,240,829,14,659,27,48,170,1126,7,7,4,25,50,129,48,120,6,,,0,,,1,,,1,,,3,,3,1,34,,,,,,,,2,,,,,,,,,,,,,,,,1,,,,,,,,
England_Premier_League,2025-2026,Crystal Palace FC,810kaek3qok2hyikh6ek051ck,Z. Marsh,Forward,63,,,,,,,,,,,,,,,,,,,,,,,,,,,,,,,,,,,,,,,,,,,,,,,,,,,,,,,,,,,,,,,,,,,,,,,,,,,,,,,,,,,,,,,,,,,,,,,,,,,,,,,,,,,,,,,,,,,,,,,,,,,,,,,,,,,,,
England_Premier_League,2025-2026,Crystal Palace FC,djgqihf08sxqh0zt2xe2xzv1l,J. Mateta,Forward,14,159,95,64,30,,71,7,6,110,4,10,283,176,107,278,100,3,30,,11,28,26,2,5,11,,124,81,43,6,9,72,18,300,1,64,31,10,57,4,68,9,24,31,25,13,5,4,4,14,1,18,11,185,132,68,185,5,5,4,,2180,56,2,10,46,20,19,247,311,55,196,10,86,115,673,6,6,17,1,7,108,13,108,2,9,2,3,,,1,4,4,1,3,,20,,7,1,,,,,,,,1,,,4,4,,,,,,,,,,,,,,,,,,,,,
England_Premier_League,2025-2026,Crystal Palace FC,3vt38r8n9081i3a4dj89lx905,R. Matthews,Goalkeeper,31,,,,,,,,,,,,,,,,,,,,,,,,,,,,,,,,,,,,,,,,,,,,,,,,,,,,,,,,,,,,,,,,,,,,,,,,,,,,,,,,,,,,,,,,,,,,,,,,,,,,,,,,,,,,,,,,,,,,,,,,,,,,,,,,,,,,,
England_Premier_League,2025-2026,Crystal Palace FC,6dqnwhx0eglxhelidxg0dphm2,T. Mitchell,Defender,3,64,41,23,36,2,305,3,11,314,12,30,297,136,161,530,327,11,36,2,1,44,40,4,1,1,,233,95,138,33,27,36,5,1051,4,202,141,61,178,1,391,29,7,7,35,5,1,21,21,15,18,1,36,767,425,371,739,37,60,2,199,3118,54,4,1,95,23,26,505,1059,14,775,97,54,284,1952,82,82,28,65,103,260,106,181,6,0,1,1,,,,3,,1,,,3,,,4,25,,,,,,,,,,,,,,,,,,,,,,,,,,,,,,,,
England_Premier_League,2025-2026,Crystal Palace FC,3yb66hal4fvr04bawz0y3efhl,D. Muñoz,Defender,2,90,49,41,27,2,195,7,1,133,10,7,254,122,132,392,226,20,27,2,4,30,29,1,3,3,1,164,73,91,25,22,333,7,775,4,69,49,25,94,3,28,24,6,11,27,6,,14,14,2,6,2,24,609,348,282,592,24,47,1,118,2268,20,8,3,90,34,18,280,782,17,616,71,70,166,1337,46,46,13,24,42,165,47,124,7,0,4,2,,,,1,1,,,,,,,1,10,,,,,,,,,,,,,,,,,,,,,,,,1,,,,,,,,
England_Premier_League,2025-2026,Crystal Palace FC,2im16cd31tgg3yac3c8c18jbp,E. Nketiah,Forward,9,30,22,8,12,,31,6,1,53,,3,81,53,28,80,17,6,12,,2,12,10,2,1,2,,51,31,20,2,7,16,3,86,2,35,10,10,17,1,23,7,3,6,2,2,10,,,5,,4,1,69,35,35,69,2,6,1,,416,22,1,2,10,7,7,68,87,9,70,8,26,17,216,1,1,11,,1,12,6,16,2,1,1,1,,,,1,,,1,,1,,1,3,,,,,,,,,,,,,,,,,,,,,,,,,,,,,,,,,
England_Premier_League,2025-2026,Crystal Palace FC,4eezya3lwcwur6c8s6rl0rzvu,Yeremy Pino,Midfielder,10,59,38,21,32,1,204,19,1,197,1,16,249,154,95,502,238,19,32,1,2,26,23,3,1,1,1,190,116,74,8,43,108,10,721,3,104,53,28,97,2,243,44,12,11,25,21,7,15,3,17,3,47,36,533,371,239,559,16,19,18,2,2001,59,13,,20,30,22,369,793,23,595,35,77,198,1204,60,26,25,5,33,219,39,165,4,0,2,0,4,40,,2,,2,,10,5,29,2,1,,,,,,,,,,,,,,,,,,,,,,,,,,,,,,,,,
England_Premier_League,2025-2026,Crystal Palace FC,ald5oocxwh4pip8fw6v3ym8h6,J. Rak-Sakyi,Forward,49,,,,,,,,,,,,,,,,,,,,,,,,,,,,,,,,,,,,,,,,,,,,,,,,,,,,,,,,,,,,,,,,,,,,,,,,,,,,,,,,,,,,,,,,,,,,,,,,,,,,,,,,,,,,,,,,,,,,,,,,,,,,,,,,,,,,,
England_Premier_League,2025-2026,Crystal Palace FC,31hruvmsmvb0f8cvr63le2kgk,C. Riad,Defender,34,22,10,12,7,,26,,2,81,,,45,23,22,34,103,1,7,1,,5,5,,,,,23,13,10,1,,33,,293,1,50,8,5,18,,143,1,1,1,4,3,3,,,1,3,,15,256,102,165,252,4,2,,1,390,3,1,,18,4,3,49,305,2,267,6,6,38,367,6,6,,12,17,30,14,21,2,,,0,,,,,,,,,1,,,,,,,,3,3,,,,,,,,,,,,,,,,,,,,,,,,,,,
England_Premier_League,2025-2026,Crystal Palace FC,5nsag404623qznyyizl8yuwkq,C. Richards,Defender,26,185,80,105,32,,104,7,19,289,10,10,296,128,168,244,512,7,32,,1,41,38,3,,1,,111,48,63,43,9,610,,1445,4,112,32,24,64,,248,9,6,2,31,1,1,5,5,4,17,,66,1212,420,823,1172,20,35,3,48,2797,13,1,1,194,17,4,357,1474,8,1238,55,44,236,2069,8,8,2,51,107,162,82,129,3,1,0,0,,,,,1,,,,1,,,,76,,,,,,3,1,,1,,,,,,,,,,,,,,,,,,,,,,,
England_Premier_League,2025-2026,Crystal Palace FC,cby4bs6g9c27z6qr6v16hrac4,K. Rodney,Midfielder,42,1,1,,1,,,,,,,,2,2,,,2,1,1,,,,,,,,,1,1,,,,1,,5,,,,,,,2,,,,,,1,,,,,,,3,1,2,3,,,,,3,,,,,1,,2,5,,3,,,2,5,,,,1,1,2,,1,,,,0,,,,,,,,,,,,,,,,,,,,,,,,,,,,,,,,,,,,,,,,,,,,,
England_Premier_League,2025-2026,Crystal Palace FC,44s112hd02w1i2ucvai9jy7e1,I. Sarr,Forward,7,83,61,22,26,1,100,11,3,177,7,13,228,138,90,362,118,2,26,1,8,26,25,1,4,8,,145,77,68,8,17,151,14,441,4,127,44,21,75,5,73,18,15,20,22,4,4,3,3,10,1,18,7,316,225,95,310,9,9,2,5,2042,61,3,7,26,12,40,253,442,35,317,18,92,125,812,19,19,19,4,11,115,29,114,2,3,5,1,,,1,3,1,3,2,,10,,1,4,,,,,,,,1,,,2,2,,,,,,,,,,,,,,,,,,,,,
England_Premier_League,2025-2026,Crystal Palace FC,e9u7cmvaem5p7x9px3yq9f179,B. Sosa,Defender,24,4,1,3,7,,6,,,7,,1,12,6,6,23,18,4,7,,,2,1,1,,,,8,5,3,2,2,7,,41,,5,1,1,3,,10,2,1,,,,7,,,,2,1,2,26,15,11,24,3,,1,8,99,1,,,4,4,,26,41,1,26,3,3,15,73,6,3,1,4,6,20,1,9,1,,,0,,3,,,,,,,,3,1,,1,,,,,,,,,,,,,,,,,,,,,,,,,,,,,,,,
England_Premier_League,2025-2026,Crystal Palace FC,2ge9oa66xgsefhhpvuboua76x,J. Strand Larsen,Forward,22,186,111,75,34,1,140,9,7,80,2,14,325,212,113,298,125,23,34,1,4,38,32,6,3,4,,139,101,38,4,9,84,10,443,2,37,32,16,35,3,108,10,18,13,24,14,10,,,9,,46,7,279,191,102,286,6,3,4,1,2178,41,1,4,35,48,20,286,457,31,293,9,89,164,768,3,3,15,4,10,131,36,154,4,3,1,1,,,,1,1,2,,,5,,9,1,,,,,,,,,,,2,1,,,,,,,,,,,,,,,,,,,,,
England_Premier_League,2025-2026,Crystal Palace FC,7kser55g81n3lqj9rjd2mwftg,C. Uche,Midfielder,12,21,13,8,14,,14,2,,19,,2,48,32,16,60,20,2,14,,,4,3,1,,,,27,19,8,,,9,3,58,1,11,4,1,9,,16,,2,2,,,14,,,,,2,1,34,25,10,34,,1,,,159,11,,,3,4,7,52,59,4,35,1,16,24,113,6,6,4,1,2,29,1,22,,,,0,,,1,,,,,,1,,,,,,,,,,,,,,,,,,,,,,,,,,,,,,,,,,,,
England_Premier_League,2025-2026,Crystal Palace FC,asq9gj1a93bltsfd61i6xvqsq,A. Wharton,Midfielder,20,54,31,23,32,5,126,14,3,257,4,5,280,145,135,375,436,24,32,5,,40,36,4,,,,226,114,112,25,35,405,,1152,4,143,36,21,156,,218,40,10,4,28,13,4,26,11,15,7,33,66,911,558,407,873,32,36,21,,2455,40,14,,41,34,29,383,1185,14,939,68,28,246,1631,59,22,14,27,70,246,59,176,4,,,0,,40,,2,,2,,15,,25,2,1,,1,,1,,,,,,,,,,,,,,,,,,,,,,,,,,,,1,
England_Premier_League,2025-2026,Crystal Palace FC,c9pmcoyzgtgcnlc63cl4283bp,O. Édouard,Forward,22,2,2,,1,,,,,,,,4,2,2,3,,,1,,,,,,,,,2,,2,,,,,,,,,,,,,,,,,,1,,,,,,,,,,,,1,,,2,,,,,,1,1,,,,1,,,5,,,,,,,,,,,,0,,,,,,,,,,,,,,,,,,,,,,,,,,,,,,,,,,,,,,,,,,,,,
England_Premier_League,2025-2026,Everton FC,18qxb54ol1s4mtgl7n3224ciy,C. Alcaraz,Midfielder,24,29,16,13,19,,74,8,3,91,,6,96,54,42,155,60,4,19,1,,10,9,1,,,,67,38,29,3,8,71,1,287,2,48,16,8,42,,91,9,6,5,6,6,13,2,1,6,,18,12,233,147,96,229,5,8,2,,679,17,2,,7,9,11,105,296,11,241,13,27,55,434,3,3,8,3,6,45,13,49,4,,,0,,3,,,,1,,1,1,,,,,,,,,,,,,,,,,,,,,,,,,,,,,,,,,,,,
England_Premier_League,2025-2026,Everton FC,d84upyw8b3umj864lyffolyj8,H. Armstrong,Midfielder,45,13,7,6,12,,46,1,1,53,1,1,63,29,34,110,49,3,12,,,11,9,2,,,,50,22,28,4,4,38,2,184,,24,6,3,25,,51,4,2,2,6,5,6,,,1,,5,5,145,99,46,140,3,10,1,,500,14,,,8,6,14,67,184,4,145,13,11,39,267,1,1,6,2,3,35,5,36,,,,0,,,,,,,,,1,,,2,,,,,,,,,,,,,,,,,,,,,,,,,,,,,,,,,
England_Premier_League,2025-2026,Everton FC,b0l4lfplx1we1xo5usm0h2ec4,A. Aznou,Defender,39,,,,,,,,,,,,,,,,,,,,,,,,,,,,,,,,,,,,,,,,,,,,,,,,,,,,,,,,,,,,,,,,,,,,,,,,,,,,,,,,,,,,,,,,,,,,,,,,,,,,,,,,,,,,,,,,,,,,,,,,,,,,,,,,,,,,,
England_Premier_League,2025-2026,Everton FC,1wileoy8mxtd2t1b106uhwzro,T. Barry,Forward,11,269,144,125,36,,102,7,3,86,,11,379,231,148,306,75,14,36,,8,31,28,3,7,8,,110,87,23,5,11,83,12,343,1,53,14,9,33,3,85,11,16,14,20,17,16,1,1,9,,46,1,206,144,64,206,2,4,2,,1814,42,2,8,23,42,8,268,345,30,207,6,91,138,649,3,3,20,1,2,112,29,136,3,5,3,2,,,,1,1,2,3,,10,,14,1,,,,,,,,,,,,,,,,,,,,,,,,,,,,,,,,,1
England_Premier_League,2025-2026,Everton FC,evgeryrls7mh6ng0jefuelic4,C. Bates,Midfielder,92,,,,,,,,,,,,,,,,,,,,,,,,,,,,,,,,,,,,,,,,,,,,,,,,,,,,,,,,,,,,,,,,,,,,,,,,,,,,,,,,,,,,,,,,,,,,,,,,,,,,,,,,,,,,,,,,,,,,,,,,,,,,,,,,,,,,,
England_Premier_League,2025-2026,Everton FC,6z3a27dxffwacyxof0imvcfvu,Beto,Forward,9,199,110,89,35,,70,11,5,67,,8,326,197,129,250,38,13,35,1,9,18,17,1,7,9,,127,87,40,1,11,40,9,202,2,34,23,20,26,5,54,12,14,17,16,15,19,,,13,,22,1,125,77,48,124,11,4,,,1486,56,1,7,39,32,12,217,202,31,125,15,93,77,546,2,2,26,,,61,18,77,3,4,5,1,,,,,3,1,1,,9,,12,3,,,,,,,,1,,1,,,,,,,,,,,,,,,,,,,,,,,
England_Premier_League,2025-2026,Everton FC,1ph4g125dfsijfjzjpcvpcmlm,J. Branthwaite,Defender,32,38,8,30,10,,30,1,2,88,,3,64,20,44,50,156,1,10,,1,9,8,1,,1,,26,12,14,11,3,64,1,346,1,56,6,1,29,,101,3,3,2,7,3,3,,,,1,,21,290,147,147,273,8,5,,11,681,6,1,,41,3,1,76,351,5,294,13,9,57,464,3,3,4,6,18,42,18,39,1,0,1,0,,,1,,1,,,,,,,,5,,,,,,,,,1,,,,,,,,,,,,,,,,,,,,,,,
England_Premier_League,2025-2026,Everton FC,3ugtm0sad0swalypypy63sqy2,E. Campbell,Defender,73,,,,,,,,,,,,,,,,,,,,,,,,,,,,,,,,,,,,,,,,,,,,,,,,,,,,,,,,,,,,,,,,,,,,,,,,,,,,,,,,,,,,,,,,,,,,,,,,,,,,,,,,,,,,,,,,,,,,,,,,,,,,,,,,,,,,,
England_Premier_League,2025-2026,Everton FC,9nq9bocnqq6bu8ho4m26qmkt1,S. Coleman,Defender,23,1,,1,3,,,,,,,,3,1,2,1,2,,3,,,,,,,,,2,1,1,,,2,,4,,,,,1,,,,,,1,1,2,,,,,,,4,2,2,4,,,,,12,,,,,,1,1,4,,4,,,,7,1,1,,,,1,,,,,,0,,,,,,,,,,,,,,,,,,,,,,,,,,,,,,,,,,,,,,,,,,,,,
England_Premier_League,2025-2026,Everton FC,2bkp1lcaxmvwoanxwo0775cdl,K. Dewsbury-Hall,Midfielder,22,43,23,20,29,4,213,10,3,278,5,15,272,135,137,636,233,13,29,4,8,35,33,2,7,8,,229,112,117,12,30,282,2,927,2,155,51,29,124,2,230,34,12,15,28,11,1,17,7,25,2,37,23,764,566,240,766,26,24,9,7,2461,69,9,2,26,30,43,376,958,27,789,50,82,169,1476,88,40,22,21,38,220,37,131,6,3,5,2,,41,,4,,1,6,7,3,32,,2,,1,,,,,,,,,,,,,,,,,,,,,,,,,,,,,,,
England_Premier_League,2025-2026,Everton FC,3qov7l9cw4fu5xwh0lmxmsc2c,T. Dibling,Midfielder,20,7,5,2,14,,41,3,1,40,1,1,79,46,33,86,14,6,14,,,2,2,,,,,72,41,31,6,4,41,,102,,23,6,5,22,,6,4,1,,4,3,10,1,1,13,2,6,3,88,51,38,85,4,3,,,350,24,,,4,11,11,59,102,1,88,7,11,14,207,6,6,14,1,1,17,3,13,2,,,0,,,,,,,,,,,,1,,,,,,,,,,,,,,,,,,,,,,,,,,,,,,,,,
England_Premier_League,2025-2026,Everton FC,15948izygnu32cu1pw6h5wp9l,J. Garner,Midfielder,37,43,17,26,36,6,277,11,9,438,11,23,320,125,195,720,540,26,36,7,2,46,42,4,2,1,1,277,108,169,56,45,422,,1546,3,181,94,50,175,2,427,51,19,13,36,1,,49,17,17,4,19,55,1337,881,615,1392,47,68,10,59,3234,29,12,1,82,36,37,456,1666,32,1447,115,26,219,2482,144,53,15,35,62,285,78,157,11,1,1,1,11,103,,1,,1,,21,,71,,3,20,,,,,,,,,,,,,,,,,,,,,,,,,,,,,,,,
England_Premier_League,2025-2026,Everton FC,es8orzwchom47yjt6nwwuc5qs,T. George,Forward,19,3,2,1,13,,25,1,,47,,6,40,26,14,81,29,5,13,,,7,7,,,,,37,24,13,2,2,5,4,90,,20,5,4,13,,34,2,4,4,1,2,12,3,3,6,,2,,72,54,24,75,2,4,,,308,15,2,,,8,1,50,93,8,75,6,18,18,161,4,4,7,2,4,17,5,14,2,,,0,,,,,,,,,1,,1,,,,,,,,,,,,,,,,,,,,,,,,,,,,,,,,,,
England_Premier_League,2025-2026,Everton FC,2p6xsp5dg5ngxcnn48qk3vj84,B. Graham,Forward,58,,,,,,,,,,,,,,,,,,,,,,,,,,,,,,,,,,,,,,,,,,,,,,,,,,,,,,,,,,,,,,,,,,,,,,,,,,,,,,,,,,,,,,,,,,,,,,,,,,,,,,,,,,,,,,,,,,,,,,,,,,,,,,,,,,,,,
England_Premier_League,2025-2026,Everton FC,72nph557ee2a9tdky8rvk12vp,J. Grealish,Midfielder,18,23,19,4,20,6,159,12,6,326,4,14,210,104,106,476,138,9,20,6,2,23,21,2,2,1,1,187,85,102,12,32,41,,566,2,178,39,11,87,1,235,38,6,8,18,6,2,10,10,23,,13,18,475,357,135,464,6,15,6,8,1631,64,5,1,11,13,58,227,573,14,482,21,105,91,932,29,29,34,6,14,98,22,77,3,1,1,2,,2,,2,,1,1,,4,,,2,2,,,1,,,,,,,,,,,,,,,,,,,,,2,,,,,,,1,
England_Premier_League,2025-2026,Everton FC,ceerfv28fygp7m2euv5n5uu39,I. Gueye,Midfielder,27,25,12,13,25,3,153,11,7,218,4,6,168,74,94,339,339,13,25,3,2,26,24,2,1,2,,143,62,81,28,10,313,,1053,2,105,43,23,114,2,260,13,11,7,25,8,,4,4,7,1,23,20,918,545,389,910,23,20,4,4,2101,23,2,1,24,21,31,205,1065,18,930,43,34,135,1364,15,15,14,10,24,105,45,111,1,1,1,1,,,,1,,2,,,,,1,,,,1,1,,,,,,,,,,,,,,,,,,,,,,,,,,,,,
England_Premier_League,2025-2026,Everton FC,axj86ms31y5wju5431l5j2lwq,T. Iroegbunam,Midfielder,42,35,15,20,27,,55,4,9,137,3,1,206,90,116,165,115,16,27,2,,16,15,1,,,,171,75,96,20,5,159,,438,1,68,20,14,71,,109,7,7,1,15,9,12,,,14,1,4,9,351,209,142,342,21,41,1,,1328,46,3,,7,24,20,161,438,8,351,62,24,87,711,3,3,22,2,7,68,22,80,8,,,0,,,1,,,,,,,,,2,,,,,,,,,,,,,,,,,,,,,,,,,,,,,,,,,
England_Premier_League,2025-2026,Everton FC,6og6s61vrg51rfqxk9cipylzp,M. Keane,Defender,5,168,62,106,31,,78,8,27,168,7,5,246,94,152,95,331,5,31,,3,38,35,3,,3,,78,32,46,34,1,252,,996,2,90,16,13,82,1,349,1,9,7,27,1,4,,,6,10,1,57,850,276,586,805,11,23,1,2,2410,8,,2,190,16,6,173,1010,16,862,34,58,148,1419,1,1,5,32,61,104,45,87,1,3,0,0,,,,2,1,2,,,3,,,2,,,1,1,3,3,3,1,,,,,,,,,,,,,,,,,,,,,,,,,1
England_Premier_League,2025-2026,Everton FC,5tj6pv6iyp7gcyne3787xvh05,T. King,Goalkeeper,31,,,,,,,,,,,,,,,,,,,,,,,,,,,,,,,,,,,,,,,,,,,,,,,,,,,,,,,,,,,,,,,,,,,,,,,,,,,,,,,,,,,,,,,,,,,,,,,,,,,,,,,,,,,,,,,,,,,,,,,,,,,,,,,,,,,,,
England_Premier_League,2025-2026,Everton FC,7qgt7sht6py670pt6t4wjhqay,D. McNeil,Forward,7,18,11,7,21,1,97,12,3,117,3,5,103,59,44,215,80,7,21,1,,8,6,2,,,,85,48,37,10,14,111,2,317,2,44,37,20,62,,32,15,7,5,14,11,7,10,5,7,,9,7,258,158,113,254,6,17,4,1,1166,25,1,,13,11,7,148,320,12,261,23,23,59,551,32,23,6,7,13,74,17,46,1,,,0,,9,,,,1,,3,1,5,3,,,,,,,,,,,,,,,,,,,,,,,,,,,,,,,,,,
England_Premier_League,2025-2026,Everton FC,9o1vesnpfiucpoq35ihhpstex,V. Mykolenko,Defender,16,84,35,49,31,1,180,3,9,218,9,11,248,116,132,489,519,12,31,1,,43,39,4,,,,164,81,83,29,19,110,,1102,2,129,56,21,102,,304,20,4,2,31,3,,20,19,9,9,2,48,872,533,369,834,21,27,2,173,2780,28,1,,138,28,26,456,1113,6,882,48,22,231,1894,68,68,17,64,105,228,71,126,6,,,0,,,,3,,,,,,,,,91,,,,,,2,,1,,,,,,,,,,,,,,,,1,,,,,,,,
England_Premier_League,2025-2026,Everton FC,3dm2bfuoyips4rbj0vhvbp9be,I. Ndiaye,Forward,10,45,35,10,30,3,318,11,2,452,4,23,389,207,182,723,173,18,30,3,6,40,37,3,4,6,,344,172,172,16,26,221,12,887,2,232,53,22,173,4,180,29,8,22,30,11,,7,7,69,,31,6,744,496,260,743,26,41,3,11,2606,117,7,4,17,29,36,386,892,30,749,67,99,143,1494,44,44,58,7,13,163,24,130,2,4,2,1,,,,,,2,2,,3,,2,2,,,,,,,1,,,,2,2,,,,,,,,,,,,,,,,,,,,,
England_Premier_League,2025-2026,Everton FC,8u5vfczmsnklqp9bpilrbvy8k,J. O'Brien,Defender,15,166,55,111,35,1,145,3,16,159,9,11,302,116,186,391,450,6,35,1,1,43,39,4,,1,,136,61,75,14,15,346,4,1025,3,89,60,12,109,,94,16,3,5,33,3,2,13,13,6,10,,40,755,368,409,724,25,30,2,189,2974,35,,1,139,20,15,460,1035,8,764,55,35,271,1741,34,34,14,58,88,212,93,183,4,1,0,0,,,,1,1,1,,,,,1,5,87,1,1,1,6,6,1,1,,2,,,,,,,,,,,,,,,,,,,,,,,
England_Premier_League,2025-2026,Everton FC,2phw8mm7ohgq70m21rvchovf8,M. Olayiwola,Midfielder,76,,,,,,,,,,,,,,,,,,,,,,,,,,,,,,,,,,,,,,,,,,,,,,,,,,,,,,,,,,,,,,,,,,,,,,,,,,,,,,,,,,,,,,,,,,,,,,,,,,,,,,,,,,,,,,,,,,,,,,,,,,,,,,,,,,,,,
England_Premier_League,2025-2026,Everton FC,d41ua67591gafg6gb9iwg3p7u,T. Onyango,Midfielder,62,,,,,,,,,,,,,,,,,,,,,,,,,,,,,,,,,,,,,,,,,,,,,,,,,,,,,,,,,,,,,,,,,,,,,,,,,,,,,,,,,,,,,,,,,,,,,,,,,,,,,,,,,,,,,,,,,,,,,,,,,,,,,,,,,,,,,
England_Premier_League,2025-2026,Everton FC,a559ewan4122b6orx6d0f6s16,N. Patterson,Defender,2,9,2,7,7,,19,,2,12,1,,33,13,20,25,31,1,7,,,2,1,1,,,,24,11,13,2,,33,1,84,,5,4,3,14,,1,,,1,3,2,4,,,1,,2,4,64,28,36,60,6,4,,5,240,5,,,17,2,2,39,84,1,64,10,1,20,148,6,6,4,6,9,20,6,11,,,,0,,,,,,,,,,,,,7,,,,,,,,,,,,,,,,,,,,,,,,,,,,,,,,
England_Premier_League,2025-2026,Everton FC,e8dina16u5kt5ho4u5igtmimt,J. Pickford,Goalkeeper,1,6,2,4,36,,,,,243,11,1,16,4,12,1,913,1,36,,,46,42,4,,,,10,2,8,,2,201,,908,3,110,,,292,,240,2,,,36,,,,,,125,,349,605,260,573,484,1,1,,,3240,,1,,46,1,6,529,1354,,833,2,1,521,1663,,,,291,517,470,51,4,4,,,0,,,,,,,,,,,,,,1,,,224,189,1,,,28,,,14,,2,93,2,4,16,99,69,30,,27,,,,,1,1,,,
England_Premier_League,2025-2026,Everton FC,5n7vp6g13q7sxkzbygfbz27oq,M. Röhl,Midfielder,34,31,18,13,14,,38,3,2,44,2,2,101,61,40,99,31,7,14,,,10,10,,,,,70,43,27,3,6,46,2,143,,27,10,4,26,,28,6,5,,4,2,10,2,2,3,,4,3,110,64,48,107,11,9,,1,527,22,,,7,15,4,73,143,5,110,20,18,33,262,2,2,8,3,3,25,10,30,,,,0,,,,,,1,,,1,,2,,1,,,,,,,,,,,,,,,,,,,,,,,,,,,,,,,,
England_Premier_League,2025-2026,Everton FC,35jaxclh329duzefna708jk5x,J. Tarkowski,Defender,6,204,62,142,35,3,95,5,50,289,11,7,327,104,223,146,559,11,35,3,2,44,40,4,,2,,123,42,81,29,14,603,2,1342,3,156,27,17,83,1,221,17,4,9,35,,,2,2,4,8,2,96,1061,409,783,1094,18,28,9,1,3150,4,2,2,231,28,34,317,1478,13,1190,46,78,288,1984,5,5,3,47,137,230,63,151,7,1,1,1,,,,1,1,,,,4,,,,1,1,,,96,96,3,6,,1,,,,,,,,,,,,,,,1,,,,,,,,
England_Premier_League,2025-2026,Everton FC,12l99v9rpet6ug6n121tg6ay1,M. Travers,Goalkeeper,12,,,,,,,,,,,,,,,,,,,,,,,,,,,,,,,,,,,,,,,,,,,,,,,,,,,,,,,,,,,,,,,,,,,,,,,,,,,,,,,,,,,,,,,,,,,,,,,,,,,,,,,,,,,,,,,,,,,,,,,,,,,,,,,,,,,,,
England_Premier_League,2025-2026,Everton FC,ahbzrw21ft3ljkg16vodmmp2i,H. Tyrer,Goalkeeper,38,,,,,,,,,,,,,,,,,,,,,,,,,,,,,,,,,,,,,,,,,,,,,,,,,,,,,,,,,,,,,,,,,,,,,,,,,,,,,,,,,,,,,,,,,,,,,,,,,,,,,,,,,,,,,,,,,,,,,,,,,,,,,,,,,,,,,
England_Premier_League,2025-2026,Everton FC,b0a2w14w1tb395mnwkhykbg4q,R. Welch,Defender,64,,,,,,,,,,,,,,,,,,,,,,,,,,,,,,,,,,,,,,,,,,,,,,,,,,,,,,,,,,,,,,,,,,,,,,,,,,,,,,,,,,,,,,,,,,,,,,,,,,,,,,,,,,,,,,,,,,,,,,,,,,,,,,,,,,,,,
England_Premier_League,2025-2026,Everton FC,2m5jzeksbet8ltn3shk2exox6,Youssef Chermiti,Forward,17,,,,,,,,,,,,,,,,,,,,,,,,,,,,,,,,,,,,,,,,,,,,,,,,,,,,,,,,,,,,,,,,,,,,,,,,,,,,,,,,,,,,,,,,,,,,,,,,,,,,,,,,,,,,,,,,,,,,,,,,,,,,,,,,,,,,,
England_Premier_League,2025-2026,Fulham FC,by69yfssih7p5h9tbslh5pvro,S. Amissah,Defender,35,,,,,,,,,,,,,,,,,,,,,,,,,,,,,,,,,,,,,,,,,,,,,,,,,,,,,,,,,,,,,,,,,,,,,,,,,,,,,,,,,,,,,,,,,,,,,,,,,,,,,,,,,,,,,,,,,,,,,,,,,,,,,,,,,,,,,
England_Premier_League,2025-2026,Fulham FC,5wkso3mls5ulkilr0xzfix1p1,J. Andersen,Defender,5,110,31,79,33,1,135,3,19,556,8,6,223,82,141,111,783,11,33,1,,44,40,4,,,,113,51,62,36,6,906,,2162,3,335,17,5,114,,451,7,9,4,33,1,,4,4,6,23,1,166,1860,641,1321,1792,18,27,,20,2877,4,3,,229,31,13,352,2275,13,1958,45,35,317,2749,11,11,1,90,196,245,83,121,7,,,0,,,,,,1,,,2,,,,,,1,1,11,13,1,,,1,,,,,,2,,,,,,,,,,,,,,,,,
England_Premier_League,2025-2026,Fulham FC,ah7iqgru0htz9lh1bff94cjbp,Andreas Pereira,Midfielder,18,,,,,,,,,,,,,,,,,,,,,,,,,,,,,,,,,,,,,,,,,,,,,,,,,,,,,,,,,,,,,,,,,,,,,,,,,,,,,,,,,,,,,,,,,,,,,,,,,,,,,,,,,,,,,,,,,,,,,,,,,,,,,,,,,,,,,
England_Premier_League,2025-2026,Fulham FC,4jqgl7x5ewke1u0sy2cbkqfhl,C. Bassey,Defender,3,70,32,38,28,,108,6,21,470,6,3,231,90,141,97,546,10,28,,1,39,34,5,,1,,161,58,103,19,9,300,,1478,3,275,38,18,108,,639,9,5,2,26,,2,3,3,9,7,1,52,1290,438,966,1349,26,32,,23,2352,25,,1,93,27,36,259,1593,7,1401,58,19,192,1989,11,11,10,36,89,138,65,103,5,0,1,0,,,1,,1,,,,,,,,2,1,,,63,63,1,,,2,,,,,,,,,,,,,,,,,,,,,,,
England_Premier_League,2025-2026,Fulham FC,6k66e9gxbu8s7zoxb7mrtwcmh,S. Berge,Midfielder,16,76,29,47,33,1,294,7,16,462,4,6,226,102,124,255,379,11,33,1,,44,40,4,,,,150,73,77,24,17,468,1,1606,3,221,42,21,126,,494,18,3,3,32,8,1,3,3,8,4,40,52,1441,693,780,1418,16,39,3,5,2776,30,3,,49,32,14,234,1635,6,1470,55,24,165,1969,9,9,12,20,30,114,60,135,5,,,0,,,,,,,,,2,,,1,,1,,,,,,1,1,2,,,,,,,,,,,,,,,,,,,,,,,
England_Premier_League,2025-2026,Fulham FC,58de7rbubnxjraen49dxpaqne,O. Bobb,Midfielder,14,13,7,6,21,1,129,4,,106,1,8,122,58,64,293,61,4,21,1,,12,11,1,,,,109,51,58,7,17,114,,350,2,59,30,17,37,,51,18,5,3,9,7,12,4,3,24,,20,2,298,230,77,301,8,10,1,7,886,36,1,,3,9,16,116,355,8,303,18,62,52,556,6,5,16,5,6,45,13,46,1,,,0,,3,,1,,,,1,1,1,3,5,1,,,,,,,,,,,,,,,,,,,,,,,,,,,,,,,,
England_Premier_League,2025-2026,Fulham FC,cgvp2cli2gi4cnyl62kt80r11,T. Cairney,Midfielder,10,13,3,10,23,,133,7,1,193,,5,58,27,31,165,159,7,23,,1,10,8,2,1,,1,45,24,21,2,9,181,,637,,97,7,4,41,,188,9,6,1,6,6,17,2,1,4,1,15,23,591,308,308,591,3,3,3,,733,8,,,7,9,11,71,661,7,614,6,11,47,748,4,2,4,2,11,39,12,36,3,0,1,0,,4,,,,,1,1,,1,1,,,,,,,,,,,,,,,,,,,,,,,,,,,,,,,,,,
England_Premier_League,2025-2026,Fulham FC,p87gxg8kc9ta6iipqt5fxmtx,T. Castagne,Defender,21,57,31,26,28,,139,4,10,129,2,7,127,58,69,262,222,8,28,,,30,27,3,,,,70,27,43,29,15,289,,701,1,76,32,12,51,,58,15,2,6,18,4,10,13,13,1,7,2,31,601,268,353,577,13,21,,112,1662,4,3,,61,18,8,163,708,8,608,34,31,100,1088,30,30,3,16,23,84,46,77,4,,,0,,,,,,,,,1,,,1,7,,,,,,2,1,,2,,,,,,,,,,,,,,,,,,,,,,,
England_Premier_League,2025-2026,Fulham FC,3bm08rp9rgzh6cjhk0picxs6h,S. Chukwueze,Forward,19,18,11,7,22,3,111,8,1,191,,8,100,57,43,337,80,2,22,4,3,20,17,3,2,3,,82,46,36,7,19,89,3,402,,98,31,8,55,,123,23,10,7,10,8,12,8,8,18,1,20,15,298,189,118,284,2,4,4,6,1064,36,4,1,10,5,12,202,403,17,299,6,56,104,624,36,35,21,2,6,116,24,98,,3,0,0,,1,,,,3,3,,2,1,,2,1,,,,,,,,,,,,,,,,,,,,,,,,,,,,,,,,
England_Premier_League,2025-2026,Fulham FC,aza9jho12wrfa3oczxoj670mh,Jorge Cuenca,Defender,15,31,14,17,14,,55,,9,134,2,,66,30,36,16,225,3,14,,,11,11,,,,,35,16,19,15,3,112,1,580,1,85,11,5,40,,232,3,1,,11,4,3,1,1,2,5,,26,507,150,402,525,7,9,1,1,934,3,1,,74,9,1,81,624,1,551,16,6,73,769,1,1,3,27,48,51,23,25,5,,,0,,,,,,,,,,,,,,,,,33,33,2,,,,,,,,,,,,,,,,,,,,,,,,,,
England_Premier_League,2025-2026,Fulham FC,chn2v9j6dqmuz2haoiuulbd91,I. Diop,Defender,31,23,8,15,11,,29,,6,94,,,43,18,25,13,131,1,11,,,12,10,2,,,,20,10,10,4,,129,,372,,45,7,3,15,,90,,1,,6,1,5,,,1,6,,12,326,96,237,321,2,4,,,638,,,,33,8,3,57,379,1,333,6,6,46,459,1,1,,11,24,30,17,22,2,,,0,,,,1,,,,,,,,,,,,,,,,,,,,,,,,,,,,,,,,,,,,,,,,,
England_Premier_League,2025-2026,Fulham FC,8kb5h8df97ju107n9ibigo1cl,A. Iwobi,Forward,17,15,8,7,27,3,248,13,3,401,1,11,127,70,57,507,312,2,27,3,4,39,35,4,4,2,2,112,62,50,13,38,308,1,1272,3,208,44,13,116,3,458,41,6,12,27,16,,29,15,15,3,32,67,1078,633,526,1063,8,18,10,14,2277,46,4,2,18,7,10,347,1326,18,1130,26,48,196,1683,56,33,25,11,40,191,61,156,3,3,1,1,,38,,,,,1,12,,22,2,2,,,,,,,,,,,,,,,,,,,,,,,,,,,,,,,,,
England_Premier_League,2025-2026,Fulham FC,5wa8lzp50ccfhxg3j4f65gt79,R. Jiménez,Forward,7,203,120,83,34,3,122,20,3,127,2,12,376,217,159,320,150,13,34,3,9,28,26,2,3,9,,173,97,76,8,22,113,19,506,1,54,41,12,54,5,126,25,32,19,27,17,7,2,2,10,1,36,15,322,197,132,312,14,20,1,5,2158,44,2,7,30,45,33,295,511,51,327,34,105,184,905,5,5,17,6,10,141,48,174,5,4,5,4,5,,2,5,4,2,,,9,,15,2,1,,,,,,,1,,,4,4,,,,,,,,,,,,,,,,,,,,,
England_Premier_League,2025-2026,Fulham FC,8bj0welrf2r362hzigb86704q,Kevin,Forward,22,21,14,7,24,,97,5,,177,,9,190,106,84,335,75,5,24,1,1,15,14,1,1,,1,169,92,77,9,12,25,2,303,,136,22,12,41,1,109,13,8,10,8,8,16,12,11,40,,15,17,234,184,65,220,10,11,1,5,932,62,1,,7,12,16,196,306,18,237,21,55,69,611,30,20,41,3,5,85,14,64,1,0,1,0,,10,1,,,,,1,1,9,1,6,,,,,,,,,,,,,,,,,,,,,,,,,,,,,,,,,
England_Premier_League,2025-2026,Fulham FC,4oh051knl4dkgju4yvj7xlwr8,J. King,Midfielder,24,21,18,3,30,,75,5,5,181,,13,144,72,72,234,92,3,30,2,1,18,17,1,1,1,,123,54,69,3,11,90,2,318,2,106,28,14,55,1,68,13,10,10,15,15,15,,,16,,8,3,250,165,92,254,13,13,1,1,1263,37,,1,14,12,27,161,325,20,257,26,66,68,567,11,11,19,3,5,62,17,63,4,1,0,0,,,,1,,1,,,3,,1,6,,,,,,,,1,,1,,,,,,,,,,,,,,,,,,,,,,,
England_Premier_League,2025-2026,Fulham FC,2i8mia6uantvhtmpewgs1qz9w,J. Kusi-Asare,Forward,18,7,6,1,7,,5,,,5,,,16,12,4,15,5,1,7,,,2,2,,,,,9,6,3,,1,3,,16,,2,2,2,4,,3,1,,,,,7,,,,,,,11,11,,11,,1,,,49,,,,,4,2,8,16,,11,1,4,5,25,,,,1,1,5,,4,1,,,0,,,,,,,,,,,,,,,,,,,,,,,,,,,,,,,,,,,,,,,,,,,,,
England_Premier_League,2025-2026,Fulham FC,6wfwy94p5bm0zv3aku0urfq39,B. Lecomte,Goalkeeper,23,,,,,,,,,,,,,,,,,,,,,,,,,,,,,,,,,,,,,,,,,,,,,,,,,,,,,,,,,,,,,,,,,,,,,,,,,,,,,,,,,,,,,,,,,,,,,,,,,,,,,,,,,,,,,,,,,,,,,,,,,,,,,,,,,,,,,
England_Premier_League,2025-2026,Fulham FC,2f79rc4i712sxstahjkq6pxp1,B. Leno,Goalkeeper,1,22,1,21,36,,,,,134,8,1,29,1,28,,661,,36,,,50,45,5,,,,7,,7,1,,324,,1033,3,45,2,1,298,,334,,,,36,,,,,,57,,160,857,91,924,855,3,1,,,3240,,,,44,,6,317,1319,,1015,4,,304,1681,,,,171,301,253,51,3,3,,,0,,,,,,,,,,,,,,,,,269,192,2,,1,22,,,25,1,2,90,5,4,30,94,60,33,2,24,,,,,,,,,
England_Premier_League,2025-2026,Fulham FC,cdrzpuj49ploquvdolgh5c3bp,S. Lukić,Midfielder,20,56,33,23,25,2,159,5,9,174,4,7,199,104,95,269,148,31,25,2,1,21,18,3,1,1,,143,71,72,16,25,211,2,628,2,97,35,15,67,,157,27,7,6,19,8,6,18,4,5,2,19,9,529,331,261,565,20,24,2,1,1644,14,2,1,32,50,23,181,675,13,574,44,33,101,980,47,12,5,5,8,113,35,93,9,0,1,0,,47,,1,1,,,12,3,30,2,,,,,,,,,,,,,,,,,,,,,,,,,,,,,,,,,,
England_Premier_League,2025-2026,Fulham FC,8heid0l4po9wbs5atgdl2gx9m,A. McNally,Goalkeeper,40,,,,,,,,,,,,,,,,,,,,,,,,,,,,,,,,,,,,,,,,,,,,,,,,,,,,,,,,,,,,,,,,,,,,,,,,,,,,,,,,,,,,,,,,,,,,,,,,,,,,,,,,,,,,,,,,,,,,,,,,,,,,,,,,,,,,,
England_Premier_League,2025-2026,Fulham FC,a9k2946gt4hcqw8jpi6ow3jdh,H. Reed,Midfielder,6,3,2,1,7,,10,1,,10,,,9,7,2,13,11,1,7,,1,4,4,,,,1,6,5,1,,3,11,,37,,3,1,1,5,1,11,3,,1,1,1,6,3,1,,,,3,35,21,22,37,,,,,90,,,,1,2,1,6,43,1,40,,1,3,54,1,,,,1,4,,2,,1,0,0,,3,,,,,,2,,1,,,,,,,,,,,,,,,,,,,,,,,,,,,,,,,,,,,
England_Premier_League,2025-2026,Fulham FC,8bb4dcgarub91hlteyqlh0phw,S. Ridgeon,Midfielder,38,,,,,,,,,,,,,,,,,,,,,,,,,,,,,,,,,,,,,,,,,,,,,,,,,,,,,,,,,,,,,,,,,,,,,,,,,,,,,,,,,,,,,,,,,,,,,,,,,,,,,,,,,,,,,,,,,,,,,,,,,,,,,,,,,,,,,
England_Premier_League,2025-2026,Fulham FC,bgc1psqiv7vagmphfl920nbah,A. Robinson,Defender,33,22,9,13,20,,127,3,3,202,3,12,127,54,73,347,244,11,20,,,18,17,1,,,,105,45,60,23,20,31,2,684,,122,43,16,84,,290,20,1,,15,5,5,14,14,10,3,,31,539,284,277,516,17,26,,103,1312,15,1,,48,14,7,279,692,1,547,43,25,145,1132,57,57,9,22,39,142,60,106,4,,,0,,,,1,,,,,,,,1,34,,,,,,,,,,,,,,,,,,,,,,,,,,,,,,,,
England_Premier_League,2025-2026,Fulham FC,9wqqm1lr6y75yl27asdcygf3e,Rodrigo Muniz,Forward,9,132,63,69,19,,14,9,3,21,,6,193,99,94,114,39,4,19,1,1,12,11,1,,1,,61,36,25,2,7,27,5,111,2,13,8,4,14,,31,8,15,4,8,8,11,,,4,,5,2,46,36,10,44,4,3,,,858,16,1,1,22,17,15,125,111,19,46,7,51,65,289,2,2,7,,5,58,9,60,2,0,1,0,,,,,,,1,,6,,2,,,,,,,,,,1,,,,,,,,,,,,,,,,,,,,,,,,
England_Premier_League,2025-2026,Fulham FC,cag3gzjcv8erx3zpp2lidzcvd,R. Sessegnon,Midfielder,30,45,26,19,27,1,140,6,8,178,3,15,181,102,79,340,264,15,27,1,3,29,25,4,3,3,,136,76,60,25,13,63,4,672,2,114,56,18,74,,212,14,6,4,20,6,7,6,6,9,10,7,21,512,275,250,498,19,29,4,129,1822,34,3,3,64,33,3,339,679,10,519,48,69,160,1247,50,50,16,22,37,137,73,123,,2,1,2,,1,,3,,,3,,1,,,,52,2,,,,,1,,,,,,,,,,,,,,,,,,,,,,,,,,
England_Premier_League,2025-2026,Fulham FC,4ali7e2nk26rfzr0660xdrx0p,E. Smith Rowe,Midfielder,32,19,13,6,35,,263,11,1,236,,14,133,70,63,420,175,2,35,,3,26,24,2,1,3,,114,57,57,22,18,203,3,846,1,120,23,15,65,2,212,18,14,9,20,19,15,1,1,13,2,50,8,772,479,301,771,13,18,,3,1777,44,1,2,17,9,13,172,853,23,779,31,71,74,1138,10,10,15,3,5,59,25,69,1,2,1,0,,,,1,1,1,,,5,,2,,,,,,,,,,,,,,,,,,,,,,,,,,,,,,,,,,
England_Premier_League,2025-2026,Fulham FC,2qy2d8xkwkbeyw5v8ljlzb845,K. Tete,Defender,2,45,18,27,22,,163,6,6,167,5,7,218,87,131,272,353,8,22,,1,25,23,2,1,,1,173,69,104,27,11,293,1,870,3,84,37,14,82,1,77,11,7,3,21,6,1,13,13,8,6,1,36,732,341,420,712,27,38,1,128,1794,30,1,,68,27,31,237,886,10,748,65,24,138,1407,21,21,14,20,41,95,64,97,2,0,1,0,,,,,,,,,,,,2,26,,,,,,1,,,,,,,,,,,,,,,,,,,,,,,,,,
England_Premier_League,2025-2026,Fulham FC,e83zd56y74k8uecxqyo5xw7v9,Adama Traoré,Forward,11,14,13,1,24,,36,3,,63,,6,64,41,23,118,14,1,24,,,12,11,1,,,,50,28,22,,3,42,5,104,,48,6,3,14,,12,3,3,1,1,1,23,5,5,12,,8,1,81,64,22,80,,2,1,2,377,22,1,,2,7,8,84,104,4,81,2,20,23,217,22,22,8,1,2,42,3,21,1,,,0,,,,1,,,,,1,,1,1,,,,,,,,,,,,,,,,,,,,,,,,,,,,,,,,,
England_Premier_League,2025-2026,Fulham FC,dlpk0a4jgiswcm2r75uh1czpx,H. Wilson,Forward,8,25,20,5,34,5,251,26,3,262,3,26,181,94,87,607,184,8,34,6,10,38,34,4,9,7,3,156,74,82,15,32,244,13,731,2,113,43,11,82,1,82,38,24,24,32,24,2,32,11,18,3,24,37,590,453,197,581,10,18,10,11,2662,37,8,3,48,13,36,303,761,48,618,28,103,143,1239,82,30,15,12,27,190,35,116,7,8,2,6,6,68,,,,1,9,16,1,40,,2,1,,,,,,,,,,,,,,,,,,,,,,,,,1,1,,,,,,
England_Premier_League,2025-2026,Leeds United FC,8rrcscn29rs1gk8mi1pwpu92i,B. Aaronson,Midfielder,11,70,47,23,35,4,221,16,4,244,,14,374,224,150,532,143,5,35,5,4,30,25,5,4,3,1,304,177,127,15,27,147,5,599,4,132,60,30,124,3,119,32,11,16,28,26,7,10,10,28,,18,7,477,332,186,501,25,24,5,6,2316,120,9,2,16,19,50,350,630,27,508,49,94,122,1211,26,26,50,7,16,120,28,106,2,2,2,0,,,,2,,2,1,,4,,2,7,,1,,,,,,,,,,,,,,,,,,,,,,,,,,,,,,,
England_Premier_League,2025-2026,Leeds United FC,f1ma05bi3t1hfbflylx5d9tyh,E. Ampadu,Defender,4,83,30,53,33,1,265,11,16,335,5,9,278,103,175,417,452,21,33,1,1,46,40,6,,1,,195,73,122,50,17,447,,1573,4,146,51,29,172,1,465,18,9,6,33,4,,9,9,11,16,49,79,1335,659,740,1311,33,45,6,37,2943,17,1,1,78,46,35,416,1629,15,1390,78,24,239,2238,16,16,5,39,73,187,68,166,9,1,0,0,,,1,4,,,,,3,,,,106,1,,,,,,,,,,,,,,,,,,,,,,,1,,,,,,,,
England_Premier_League,2025-2026,Leeds United FC,ah0f7tonnst92d8q91j1wll62,J. Bijol,Defender,15,120,57,63,23,1,85,4,11,232,4,3,178,78,100,63,321,5,23,2,1,25,24,1,,1,,58,21,37,24,5,301,,911,3,146,11,6,61,,242,7,5,6,19,4,4,,,2,13,,63,773,224,583,744,11,14,,1,1733,,3,,141,16,10,154,949,11,807,25,44,142,1229,1,1,,26,62,107,36,80,3,1,0,0,,,,1,1,1,,,1,,,,,1,,,17,17,2,,,,,,,,,,,,,,,,,,,,,,,,,,
England_Premier_League,2025-2026,Leeds United FC,dwumn5qew7ae53givnx2p892h,J. Bogle,Defender,2,53,29,24,33,2,214,7,5,257,4,14,293,162,131,433,311,17,33,2,1,43,38,5,1,1,,240,133,107,33,18,299,10,848,3,137,75,29,132,,37,20,6,4,31,13,2,15,15,17,8,6,30,645,353,320,628,22,40,1,93,2724,72,7,1,70,38,28,400,861,10,658,62,68,203,1502,49,49,38,33,56,200,52,147,6,1,0,0,,,1,,,,1,,3,,,4,25,,,,,,,,,,,,,,,,,,,,,,,,,,,,,,,,
England_Premier_League,2025-2026,Leeds United FC,fr9ac60188vlmtbrcddhxii1,S. Bornauw,Defender,23,22,13,9,10,,19,,5,17,,1,39,22,17,11,50,2,10,,,4,4,,,,,17,9,8,5,,36,,120,,4,6,1,10,,18,,,,4,4,6,1,1,1,4,,8,98,28,74,93,4,3,,8,342,1,,,26,5,,28,123,,101,7,5,22,192,,,,6,9,13,9,13,1,,,0,,,,,,,,,,,,,2,,,,1,1,,,,,,,,,,,,,,,,,,,,,,,,,,,
England_Premier_League,2025-2026,Leeds United FC,9drh3w3emxjf6aah8pstsdgr8,F. Buonanotte,Midfielder,40,1,,1,3,,6,1,,12,,1,7,5,2,24,5,,3,,,2,2,,,,,6,5,1,1,2,11,,30,,5,2,2,3,,8,2,,,1,1,2,,,,,2,1,24,20,4,23,1,,,,69,2,,,,1,,12,30,,24,1,8,6,46,,,2,,1,5,1,5,1,,,0,,,,,,,,,,,,,,,,,,,,,,,,,,,,,,,,,,,,,,,,,,,,,
England_Premier_League,2025-2026,Leeds United FC,9kvp5ddeay1cmfwoao8eo1vbp,S. Byram,Defender,25,,,,1,,,,,,,,1,1,,,,1,1,,,1,1,,,,,1,1,,,,1,,1,1,,,,,,,,,,,,1,,,,,,,1,,1,1,,,,,7,,,,,1,,,1,,1,,,,1,,,,,,,,,,,,0,,,,,,,,,,,,,,,,,,,,,,,,,,,,,,,,,,,,,,,,,,,,,
England_Premier_League,2025-2026,Leeds United FC,374kcix9j7e1cob4uxmfncwyd,D. Calvert-Lewin,Forward,9,303,181,122,33,1,120,7,9,99,3,8,446,271,175,410,116,6,33,1,13,33,27,6,6,13,,143,90,53,2,17,98,24,427,2,48,26,7,43,8,93,18,32,32,28,12,5,1,1,6,1,60,4,246,181,66,242,6,4,1,,2567,50,2,12,35,43,37,341,427,64,246,10,129,181,839,9,9,22,2,5,168,22,176,2,7,6,1,,,2,2,3,3,1,,19,,18,4,,,,,,,,3,,,5,4,,,,,,,,,,,,,,,,,,,1,,1
England_Premier_League,2025-2026,Leeds United FC,5nj9rtcnjjsmypc18b2rjt0d0,R. Chadwick,Midfielder,47,,,,,,,,,,,,,,,,,,,,,,,,,,,,,,,,,,,,,,,,,,,,,,,,,,,,,,,,,,,,,,,,,,,,,,,,,,,,,,,,,,,,,,,,,,,,,,,,,,,,,,,,,,,,,,,,,,,,,,,,,,,,,,,,,,,,,
England_Premier_League,2025-2026,Leeds United FC,6rb8a1xskgyxli8ljn7555yc4,S. Chambers,Midfielder,42,,,,,,,,,,,,,,,,,,,,,,,,,,,,,,,,,,,,,,,,,,,,,,,,,,,,,,,,,,,,,,,,,,,,,,,,,,,,,,,,,,,,,,,,,,,,,,,,,,,,,,,,,,,,,,,,,,,,,,,,,,,,,,,,,,,,,
England_Premier_League,2025-2026,Leeds United FC,cnoomjxp6tna0mx2ycuptgixh,K. Darlow,Goalkeeper,26,5,,5,20,,,,,80,4,,12,,12,,514,,20,,,24,19,5,,,,7,,7,,,159,,527,2,41,,,184,,98,,,,20,,,,,1,74,,157,373,111,342,296,1,,,,1800,,,,27,,6,321,771,,453,1,,318,972,,,,165,310,283,35,8,1,,,0,,,,,,,,,,,,,,,,,128,109,,,,8,,,13,,3,71,5,2,15,51,35,16,1,13,,,,,,,,,
England_Premier_League,2025-2026,Leeds United FC,9z2j13bl5yh4i1vyofautc9yi,W. Gnonto,Forward,29,14,13,1,21,1,62,4,,78,,7,74,41,33,158,41,5,21,1,,12,12,,,,,60,28,32,3,8,30,,194,1,38,13,4,24,,63,9,5,,4,4,17,2,2,5,1,8,6,152,104,52,148,3,13,,,473,18,1,,10,7,11,93,196,5,154,16,18,42,330,17,17,9,2,2,49,10,40,3,,,0,,1,1,,,,,,,,1,1,,,,,,,,,,,,,,,,,,,,,,,,,,,,,,,,,
England_Premier_League,2025-2026,Leeds United FC,7g5k9i20e02b2og1ucmdakrh0,H. Gray,Forward,45,,,,,,,,,,,,,,,,,,,,,,,,,,,,,,,,,,,,,,,,,,,,,,,,,,,,,,,,,,,,,,,,,,,,,,,,,,,,,,,,,,,,,,,,,,,,,,,,,,,,,,,,,,,,,,,,,,,,,,,,,,,,,,,,,,,,,
England_Premier_League,2025-2026,Leeds United FC,dr0kn3srxtg7nuw99gjoim7e1,I. Gruev,Midfielder,44,34,20,14,23,1,108,1,6,71,1,1,113,61,52,110,145,10,23,3,,23,22,1,,,,79,41,38,15,8,142,,547,4,24,14,7,51,,189,11,5,1,15,9,8,4,,6,1,15,19,486,205,322,504,12,12,1,4,1322,6,2,,19,16,9,95,584,6,523,24,12,61,748,11,4,1,4,9,50,22,52,3,,,0,,4,,,,,,,1,4,,,,,,,,,,,,,,,,,,,,,,,,,,,,,,,,,,,
England_Premier_League,2025-2026,Leeds United FC,fij46jr9fq43444gr1y8tl9l,G. Gudmundsson,Defender,3,50,32,18,32,,219,5,7,302,3,15,332,154,178,446,405,19,32,,,45,40,5,,,,282,122,160,27,21,45,3,949,5,203,76,28,112,,288,21,10,3,31,9,1,24,23,39,15,,30,722,366,388,700,21,44,1,122,2637,61,4,,83,31,56,475,957,13,730,65,51,227,1730,67,64,35,49,75,217,77,152,4,,,0,,3,,,,,,1,,2,,5,68,,,1,,,,,1,,,,,,,,,,,,,,,,,,,,,,,1,
England_Premier_League,2025-2026,Leeds United FC,6kih58n0fzlod6c792xpey57t,J. Harrison,Forward,20,4,3,1,11,,34,1,,46,,3,24,11,13,77,38,1,11,,,5,5,,,,,20,8,12,4,2,11,,114,1,26,10,3,13,,34,2,3,2,1,1,10,2,1,3,,10,3,90,59,36,90,3,2,,3,263,4,1,,2,1,4,53,117,5,93,5,7,24,182,15,12,4,4,8,32,7,16,,,,0,,3,,,,,,1,1,2,,,,1,,,,,,,,,,,,,,,,,,,,,,,,,,,,,,,
England_Premier_League,2025-2026,Leeds United FC,dkwkmrmpb7rq4e660efcu5hat,D. James,Midfielder,7,8,6,2,17,,12,5,,68,,9,43,24,19,132,47,1,17,,,14,11,3,,,,35,18,17,1,9,26,1,101,1,41,13,4,18,,17,9,4,3,5,6,12,6,6,5,,1,1,65,60,12,65,1,4,1,1,473,12,1,,6,1,7,99,102,7,66,5,24,36,220,39,39,9,1,3,67,8,33,,,,0,,1,,,,,,,2,,,2,,,,,,,,,,,,,,,,,,,,,,,,,,,,,,,,,
England_Premier_League,2025-2026,Leeds United FC,6icypdqtfk2k81ax0i49j5xpl,J. Justin,Defender,24,68,31,37,27,1,134,7,11,112,5,10,187,74,113,235,262,7,27,1,2,23,21,2,1,2,,119,43,76,26,10,153,2,625,4,59,39,20,64,1,93,11,9,6,19,4,8,6,2,2,8,6,31,474,213,284,460,17,34,1,78,1716,22,4,2,83,11,24,256,642,15,491,51,37,151,1113,27,21,13,24,44,135,43,107,4,1,1,1,,9,,,,1,1,4,2,5,,1,33,,,,,,2,1,,2,,,,,,,,,,,,,,,,,,,,,,,
England_Premier_League,2025-2026,Leeds United FC,2fhsxbo5o987lpy0esmczyp04,J. Lienou,Defender,65,,,,,,,,,,,,,,,,,,,,,,,,,,,,,,,,,,,,,,,,,,,,,,,,,,,,,,,,,,,,,,,,,,,,,,,,,,,,,,,,,,,,,,,,,,,,,,,,,,,,,,,,,,,,,,,,,,,,,,,,,,,,,,,,,,,,,
England_Premier_League,2025-2026,Leeds United FC,9pv566tidfz21e00y4t0mbap5,S. Longstaff,Midfielder,8,19,10,9,22,2,82,3,6,82,1,4,125,60,65,170,111,5,22,2,2,20,16,4,,2,,106,50,56,12,23,143,1,405,1,36,20,12,41,2,97,25,9,4,10,3,12,27,2,2,1,16,15,343,205,191,354,15,22,1,2,976,16,6,,11,13,17,116,433,13,369,37,19,64,649,27,5,5,6,18,72,19,46,2,1,1,0,1,31,,1,,2,,18,1,13,1,,,,,,,,,,,,,,,,,,,,,,,,,,,,,,,,,,
England_Premier_League,2025-2026,Leeds United FC,dve7yj8usejn9x7pmdjvozje1,Lucas Perri,Goalkeeper,1,7,2,5,16,,,,,51,3,1,10,3,7,,392,1,16,,,29,28,1,,,,3,1,2,,,97,,405,4,22,,,100,,69,,,,16,,,,,,53,,93,248,67,232,206,,,,,1440,,,,16,1,3,274,558,,299,,,259,700,,,,182,258,226,33,1,2,,,0,,,,,,,,,,,,,,1,,,92,84,,,,5,,,9,,,66,,4,6,38,29,8,,10,,,,,,,,,
England_Premier_League,2025-2026,Leeds United FC,8szyip8c62bier901hmpqc7vt,I. Meslier,Goalkeeper,16,,,,,,,,,,,,,,,,,,,,,,,,,,,,,,,,,,,,,,,,,,,,,,,,,,,,,,,,,,,,,,,,,,,,,,,,,,,,,,,,,,,,,,,,,,,,,,,,,,,,,,,,,,,,,,,,,,,,,,,,,,,,,,,,,,,,,
England_Premier_League,2025-2026,Leeds United FC,embn1jhcly07i6pjcvcdiavo5,L. Nmecha,Forward,14,79,48,31,29,1,58,5,1,60,,3,146,87,59,172,34,8,29,1,6,20,19,1,2,6,,67,39,28,3,6,32,3,182,4,34,23,12,24,5,62,7,8,16,9,9,20,,,3,2,21,5,114,76,42,113,4,7,,1,953,22,1,5,11,16,16,131,186,24,118,11,56,68,362,8,8,6,1,1,66,10,67,,3,3,2,,,,,,1,1,,6,,5,1,,,,,,,,,,,3,2,,,,,,,,,,,,,,,,,,,,,
England_Premier_League,2025-2026,Leeds United FC,aqlu9i7yzmnmyzwuw6u93j6y1,N. Okafor,Forward,19,32,20,12,28,,94,10,1,224,,15,222,134,88,340,84,7,28,1,8,26,23,3,8,7,1,190,114,76,12,19,28,,332,4,138,19,8,61,6,126,20,10,15,19,18,9,7,7,39,1,7,22,253,181,79,231,8,15,2,,1568,84,4,6,16,18,14,263,332,25,253,23,77,79,708,30,30,53,1,6,89,20,73,3,4,4,3,,,,1,,1,2,,4,,2,9,,,,,,,,,,,,,,,,,,,,,,,,,,,,,,,,,
England_Premier_League,2025-2026,Leeds United FC,6ka58mn83rknx80e4y2jk3949,J. Piroe,Forward,10,18,14,4,14,,28,5,,17,,3,30,24,6,64,20,1,14,,,7,7,,,,,12,10,2,1,1,34,1,87,2,6,5,1,8,,10,1,4,2,2,2,12,1,1,1,,16,6,71,43,34,70,,1,,3,218,7,,,,3,,31,92,6,76,1,15,16,134,3,3,2,,1,15,4,15,,,,0,,,,1,,,,,1,,1,,,,,,,,,,,,,,,,,,,,,,,,,,,,,,,,,,
England_Premier_League,2025-2026,Leeds United FC,blvf8qsi6iy6ejyer58okyxka,L. Ramazani,Forward,17,,,,,,,,,,,,,,,,,,,,,,,,,,,,,,,,,,,,,,,,,,,,,,,,,,,,,,,,,,,,,,,,,,,,,,,,,,,,,,,,,,,,,,,,,,,,,,,,,,,,,,,,,,,,,,,,,,,,,,,,,,,,,,,,,,,,,
England_Premier_League,2025-2026,Leeds United FC,otan631zzfnq2sektkl3ywo9,J. Rodon,Defender,6,160,78,82,33,,112,4,20,250,5,6,239,105,134,112,452,7,33,,2,50,44,6,,2,,79,27,52,28,7,588,1,1377,6,130,24,13,77,,246,7,7,7,31,3,2,3,3,1,9,1,37,1205,406,823,1189,16,19,,34,2773,5,1,1,175,16,18,222,1398,14,1226,35,44,172,1835,3,3,,24,55,118,57,117,3,2,0,1,,,,,2,2,,,1,,,,27,,,,,,,,,1,,,,,,,,,,,,,,,,,,,,,,,
England_Premier_League,2025-2026,Leeds United FC,az7owi5t4bclkamjsjuyxzv1l,A. Stach,Midfielder,18,72,26,46,28,3,186,24,9,230,5,21,282,133,149,552,294,24,28,3,5,36,31,5,2,1,4,210,107,103,20,59,196,,885,4,122,60,30,116,4,242,61,16,14,27,8,1,43,12,20,2,44,40,687,476,281,674,27,35,2,,2304,48,9,,51,35,23,394,918,30,714,62,55,204,1482,102,20,22,14,36,257,49,168,3,3,2,1,8,95,,,,,1,29,1,61,3,4,,1,,,,,1,,,,,,,,,,,,,,,,,,,3,3,,,,,,
England_Premier_League,2025-2026,Leeds United FC,b275i2lg3anqae5lv9gmrzmqx,P. Struijk,Defender,5,192,84,108,33,,121,8,19,308,6,6,301,132,169,133,615,9,33,1,,45,39,6,,,,109,48,61,29,11,380,5,1658,5,166,34,15,116,,659,12,18,5,32,2,1,,,4,13,,67,1454,497,1070,1500,14,23,1,6,2847,10,2,,205,24,21,244,1775,23,1567,37,58,208,2218,2,2,2,35,81,137,73,127,5,,,0,,,,1,,,,,4,,1,,,,,,66,66,1,2,,,,,,,,,,,,,,,,,,,,,,,,,
England_Premier_League,2025-2026,Leeds United FC,28ucbvor6b0yxreoieehudfc9,A. Tanaka,Midfielder,22,25,13,12,26,,117,2,2,130,,3,104,57,47,177,167,7,26,,2,21,20,1,1,1,1,79,44,35,19,18,143,,583,1,60,28,15,72,1,190,18,10,5,12,13,14,13,3,2,2,20,20,495,255,284,506,11,13,3,2,1176,14,1,1,14,13,9,145,617,15,526,24,14,91,811,19,11,7,9,19,79,31,72,1,2,0,1,,10,,1,,,1,6,1,4,2,2,,,,,,,,,,,,,,,,,,,,,,,,,,,,,,,,,
England_Premier_League,2025-2026,Liverpool FC,53d0pvr7ylvfhp6p749iniqc5,Alisson Becker,Goalkeeper,1,7,1,6,25,,,,,102,8,,14,3,11,1,382,1,25,,,30,26,4,,,,7,2,5,,,257,,647,2,58,,,221,,146,,,,25,,,,,,31,,103,545,56,569,522,,,,1,2250,,,,37,1,7,167,785,,625,,,160,1029,,,,73,155,116,44,5,1,,,0,,,,,,,,,,,,,,1,,,153,56,,,,13,,,16,,3,19,5,2,21,56,33,20,,11,,,,,,,,,
England_Premier_League,2025-2026,Liverpool FC,5tbz2hexz7vind39ot6govqzu,C. Bradley,Defender,12,31,16,15,15,1,95,4,4,156,1,8,136,75,61,253,168,11,15,1,,13,9,4,,,,105,59,46,13,3,190,1,480,1,85,33,22,43,,39,4,2,,12,9,3,4,4,7,,,10,401,255,162,403,4,15,3,91,932,26,3,,29,18,20,150,492,2,413,19,28,79,808,20,20,15,24,30,79,20,49,5,,,0,,1,,,,1,,,,,,2,6,,,,,,2,,,,,,,,,,,,,,,,,,,,,,,,,,
England_Premier_League,2025-2026,Liverpool FC,c6nl81c1q4unq5js94s6s942x,F. Chiesa,Forward,14,8,5,3,26,,25,6,2,47,,3,54,34,20,120,44,3,26,1,2,9,6,3,2,2,,46,29,17,4,2,25,2,106,,32,12,4,9,2,19,3,6,5,1,1,25,,,2,,3,1,74,60,21,80,2,6,1,7,318,13,2,1,7,11,7,79,113,11,81,8,36,32,223,17,17,9,,3,44,5,29,3,1,1,1,,,,,,,,,1,,,,,,,,,,,1,,1,,,,,,,,,,,,,,,,,,,,,,,
England_Premier_League,2025-2026,Liverpool FC,3vx94h32ahujciraspdayj9t6,H. Ekitiké,Forward,22,82,51,31,28,3,134,17,2,176,2,12,239,147,92,455,73,8,28,4,11,25,23,2,9,11,,157,96,61,3,17,76,10,391,3,93,24,9,42,8,117,21,29,19,21,15,7,1,1,38,,35,3,298,242,66,304,4,7,2,,1810,60,3,8,27,35,12,216,400,48,307,11,136,93,745,7,7,34,,2,87,13,91,,7,4,4,,,,,2,1,1,,11,,8,2,,,,,,,,,,,,,,,,,,,,,,,,,,,,,,,,,
England_Premier_League,2025-2026,Liverpool FC,dz2rfsmhib89jwilpuub10qcq,H. Elliott,Midfielder,19,2,1,1,5,,23,4,1,27,,3,5,2,3,60,27,,5,,,2,2,,,,,3,1,2,,1,19,,81,,10,3,3,4,,13,1,1,,1,1,4,1,1,,,3,1,68,60,10,68,,,1,2,110,1,,,1,,2,18,82,1,69,,9,13,103,2,2,1,2,4,12,3,9,,,,0,,,,,,,,,,,,,,,,,,,,,,,,,,,,,,,,,,,,,,,,,,,,,
England_Premier_League,2025-2026,Liverpool FC,3kti58d195gmtzwrjh5nprx05,W. Endo,Midfielder,3,12,4,8,8,,14,1,,17,,,28,10,18,25,30,,8,1,,5,4,1,,,,16,6,10,,,37,,91,,12,6,3,3,,13,1,,,1,1,7,,,,1,,5,77,38,42,75,4,3,1,2,171,2,,,13,2,3,27,94,,80,7,2,14,140,3,3,1,1,1,11,6,13,1,,,0,,,,,,,,,,,,,1,,,,,,,,,,,,,,,,,,,,,,,,,,,,,,,,
England_Premier_League,2025-2026,Liverpool FC,9qo448ueot8pfc5oqo378wag9,J. Frimpong,Defender,30,16,9,7,20,1,143,4,,152,1,17,115,58,57,355,79,4,20,1,,13,10,3,,,,99,49,50,6,13,167,4,424,,111,37,17,50,,38,13,4,2,12,9,8,10,10,18,1,3,7,357,255,115,353,1,10,,52,1023,31,4,,13,8,21,170,427,6,360,11,67,67,715,40,40,14,15,18,82,25,49,1,,,0,,,,1,,,,,,,,2,1,,,,,,,,,,,,,,,,,,,,,,,,,,,,,,,,
England_Premier_League,2025-2026,Liverpool FC,9psfk94nduz6icnuwty5v9all,C. Gakpo,Forward,18,104,49,55,35,4,194,31,4,387,6,33,323,163,160,771,192,17,35,5,7,38,32,6,7,7,,219,114,105,13,46,57,29,722,2,209,48,20,84,5,288,51,33,21,31,16,4,11,7,34,1,23,14,565,481,104,560,14,14,5,8,2657,60,10,5,20,42,43,381,731,54,574,28,182,157,1286,76,49,34,1,11,198,35,146,3,3,4,0,,33,1,1,,4,2,4,7,27,3,5,1,,,,,,,,,,,,,,,,,,,,,,,,,,,,,,,,
England_Premier_League,2025-2026,Liverpool FC,29dp5gmu5xbd04mozwxq5tjh1,J. Gomez,Defender,2,25,12,13,20,2,52,,2,71,1,2,65,39,26,110,117,8,20,2,,14,11,3,,,,40,27,13,9,3,118,,317,1,37,19,5,20,,32,5,4,1,7,5,13,3,3,3,3,,10,252,118,139,244,3,7,,34,598,9,3,,25,14,,116,319,5,254,10,11,65,481,13,13,3,2,16,51,27,49,4,,,0,,,,,,,,,,,,,20,,,,,,,,,,,,,,,,,,,,,,,,1,,,,,,,,
England_Premier_League,2025-2026,Liverpool FC,5ga7g20wsa7oqjbh4ijoeknl6,R. Gravenberch,Midfielder,38,48,21,27,35,3,254,13,12,558,9,9,275,120,155,557,483,25,35,3,5,41,34,7,4,2,3,227,99,128,47,25,595,,1808,2,270,38,19,126,4,495,28,11,12,33,5,2,,,31,5,37,23,1606,958,667,1602,21,35,8,6,2913,48,4,,52,36,41,320,1827,23,1625,56,28,202,2320,7,7,23,21,49,150,59,153,5,4,1,0,,,,1,,1,1,,,,3,3,,,,,,,,1,,2,,,,,,,,,,,,,,,,,,,,,,,
England_Premier_League,2025-2026,Liverpool FC,7x6mnev1ob4u5ffmdsvusb4rt,A. Isak,Forward,9,27,19,8,14,,20,2,1,30,,4,58,41,17,106,20,1,14,1,3,9,6,3,2,3,,31,22,9,,1,24,,86,,18,8,2,13,1,24,2,9,6,8,9,6,,,1,1,7,3,53,44,11,52,1,6,1,3,703,16,1,2,9,5,1,68,88,15,55,7,30,33,180,2,2,9,,2,31,4,31,,1,2,1,,,,,,,2,,5,,,2,,,,,,,,,,,,,,,,,,,,,,,,,,,,,,,,,
England_Premier_League,2025-2026,Liverpool FC,3kdl679ra6mlobdg09xqf7fft,C. Jones,Midfielder,17,38,27,11,33,2,230,6,5,460,1,5,196,96,100,474,529,9,33,2,,36,29,7,,,,158,69,89,18,18,469,,1551,3,196,25,13,139,,355,20,10,6,17,9,16,1,1,21,2,22,57,1420,903,549,1394,16,23,13,48,1839,34,4,,25,16,29,223,1583,16,1451,39,48,132,1926,12,12,11,4,28,109,35,104,2,,,0,,2,,1,,2,,,3,,,2,2,,,,,,,,,,,,,,,,,,,,,,,,,,,,,,,,
England_Premier_League,2025-2026,Liverpool FC,a2zavv31d2aadyddk0kjttdgq,M. Kerkez,Defender,6,65,32,33,33,1,228,1,8,237,3,14,192,78,114,480,378,6,33,1,2,37,31,6,2,2,,127,46,81,14,25,59,4,1048,3,146,40,11,87,1,401,26,5,2,27,12,6,15,15,12,5,8,27,891,541,383,882,15,26,2,138,2253,17,3,2,69,22,30,303,1066,7,909,41,43,157,1606,63,63,10,30,54,175,45,103,4,0,2,0,,,,1,,,1,,,,,1,30,,,,,,2,,,,,,,,,,,,,,,,,,,,,,,,,,
England_Premier_League,2025-2026,Liverpool FC,2zfjgh5747ge9r9q0thbk123t,I. Konaté,Defender,5,169,50,119,35,,127,3,24,476,8,1,311,98,213,110,729,8,35,,1,44,34,10,,1,,142,48,94,29,7,803,,2038,3,276,25,14,110,1,449,7,4,3,35,9,,1,1,5,7,,63,1822,773,1117,1826,24,28,4,4,3011,7,2,1,187,32,40,254,2108,7,1889,52,17,219,2568,2,2,2,20,74,141,80,145,6,1,0,0,,,,,,,,,2,,,1,,1,,,22,22,2,1,,,,,,,,,,,,,,,,,,,,,,,,,
England_Premier_League,2025-2026,Liverpool FC,9ejageyf74hgdw1n0uvnbc74k,G. Leoni,Defender,15,,,,,,,,,,,,,,,,,,,,,,,,,,,,,,,,,,,,,,,,,,,,,,,,,,,,,,,,,,,,,,,,,,,,,,,,,,,,,,,,,,,,,,,,,,,,,,,,,,,,,,,,,,,,,,,,,,,,,,,,,,,,,,,,,,,,,
England_Premier_League,2025-2026,Liverpool FC,4zn2anbtu5u4aioi65gp0olck,Wellity Lucky,Defender,92,,,,,,,,,,,,,,,,,,,,,,,,,,,,,,,,,,,,,,,,,,,,,,,,,,,,,,,,,,,,,,,,,,,,,,,,,,,,,,,,,,,,,,,,,,,,,,,,,,,,,,,,,,,,,,,,,,,,,,,,,,,,,,,,,,,,,
England_Premier_League,2025-2026,Liverpool FC,am6ppbdrbz4ml3xsbty53o73d,A. Mac Allister,Midfielder,10,36,20,16,36,1,211,18,9,274,6,11,239,132,107,490,400,19,36,4,2,40,30,10,,2,,203,112,91,21,28,304,,1347,2,134,70,38,112,2,484,32,19,11,30,11,6,9,2,10,7,43,48,1160,774,447,1164,25,25,5,5,2572,43,4,1,34,33,31,281,1399,30,1212,50,61,187,1807,10,8,15,19,46,148,49,141,6,1,1,2,,11,,2,,2,,8,2,1,1,1,1,,,,,,,,,,,,,,,,,,,,,,,,1,,,,,,,,
England_Premier_League,2025-2026,Liverpool FC,20o2dr1mdk18xhxmkujzgak89,G. Mamardashvili,Goalkeeper,25,3,1,2,10,,,,,43,2,,8,3,5,,146,1,10,,,18,13,5,,,,5,2,3,1,,46,,233,1,15,,,76,,95,,,,10,1,,,,,14,,36,164,16,186,166,,1,,,868,,,,9,1,2,93,287,,202,1,,85,397,,,,51,83,64,21,2,,,,0,,,,,,,,,,,,,,1,,,78,38,,,,9,,,3,,,14,2,2,3,34,22,12,2,13,,,,,1,1,,,
England_Premier_League,2025-2026,Liverpool FC,7wz2sc3d07aaduyhmihffa2hg,J. McConnell,Midfielder,53,,,,,,,,,,,,,,,,,,,,,,,,,,,,,,,,,,,,,,,,,,,,,,,,,,,,,,,,,,,,,,,,,,,,,,,,,,,,,,,,,,,,,,,,,,,,,,,,,,,,,,,,,,,,,,,,,,,,,,,,,,,,,,,,,,,,,
England_Premier_League,2025-2026,Liverpool FC,5ilkkfbsss0bxd6ttdlqg0uz9,Mohamed Salah,Forward,11,27,19,8,26,6,194,22,1,284,4,33,191,135,56,857,166,7,26,6,7,34,27,7,6,7,,164,116,48,4,42,366,14,745,2,163,41,5,74,3,29,47,25,17,22,6,4,19,8,16,1,27,19,568,483,114,559,4,12,15,19,2074,97,10,4,7,10,16,446,755,42,578,16,172,177,1254,93,50,50,6,20,250,20,157,1,3,4,2,2,51,,,,,4,10,11,38,,7,,,,,,,,,,,1,1,,,,,,,,,,,,,,,,,,,,,
England_Premier_League,2025-2026,Liverpool FC,dk4cv6sr3gt3h7rijcr1zd91w,K. Morrison,Midfielder,68,,,,,,,,,,,,,,,,,,,,,,,,,,,,,,,,,,,,,,,,,,,,,,,,,,,,,,,,,,,,,,,,,,,,,,,,,,,,,,,,,,,,,,,,,,,,,,,,,,,,,,,,,,,,,,,,,,,,,,,,,,,,,,,,,,,,,
England_Premier_League,2025-2026,Liverpool FC,9jmh0pjjecyisiovvqfr1zoyc,A. Nallo,Defender,65,,,,,,,,,,,,,,,,,,,,,,,,,,,,,,,,,,,,,,,,,,,,,,,,,,,,,,,,,,,,,,,,,,,,,,,,,,,,,,,,,,,,,,,,,,,,,,,,,,,,,,,,,,,,,,,,,,,,,,,,,,,,,,,,,,,,,
England_Premier_League,2025-2026,Liverpool FC,154gonr6x9vuraxmzd9zi5xck,R. Ngumoha,Forward,73,5,5,,18,1,60,3,1,140,,3,76,33,43,218,14,,18,1,2,11,7,4,2,2,,71,28,43,3,14,10,,176,,77,13,8,18,2,92,15,5,6,4,3,14,7,7,30,,3,3,152,133,26,149,1,2,,3,478,22,3,1,3,3,10,78,176,11,152,3,49,24,321,10,10,13,1,3,28,6,21,,1,1,2,,,,,,2,,,,,,2,,,,,,,,,,,,,,,,,,,,,,,,,,,,,,,,,
England_Premier_League,2025-2026,Liverpool FC,e51jmlxup2pdr8ikl98etxgd0,T. Nyoni,Midfielder,42,,,,5,,4,,,1,,,2,2,,8,3,,5,,,1,1,,,,,2,2,,,1,2,1,12,,,2,2,2,,3,1,1,,,,5,,,,,1,,11,6,5,11,,,,,14,2,,,,,,3,12,1,11,,1,1,18,,,1,,,1,,1,,,,0,,,,,,,,,1,,1,,,,,,,,,,,,,,,,,,,,,,,,,,,,,,,,,,
England_Premier_League,2025-2026,Liverpool FC,dcr9nrqmqf688hfr77sgl15as,Á. Pécsi,Goalkeeper,41,,,,,,,,,,,,,,,,,,,,,,,,,,,,,,,,,,,,,,,,,,,,,,,,,,,,,,,,,,,,,,,,,,,,,,,,,,,,,,,,,,,,,,,,,,,,,,,,,,,,,,,,,,,,,,,,,,,,,,,,,,,,,,,,,,,,,
England_Premier_League,2025-2026,Liverpool FC,eqgmk5554mq4x7ckotb7ztox6,C. Ramsay,Defender,47,,,,,,,,,,,,,,,,,,,,,,,,,,,,,,,,,,,,,,,,,,,,,,,,,,,,,,,,,,,,,,,,,,,,,,,,,,,,,,,,,,,,,,,,,,,,,,,,,,,,,,,,,,,,,,,,,,,,,,,,,,,,,,,,,,,,,
England_Premier_League,2025-2026,Liverpool FC,eziqega9e25bg939pfh4vjp3p,A. Robertson,Defender,26,28,15,13,23,,98,5,3,111,3,5,56,27,29,282,268,,23,,1,15,10,5,1,1,,28,12,16,7,18,28,5,653,,69,23,12,38,,273,18,1,3,10,6,13,11,10,3,5,2,25,542,349,218,531,3,9,2,62,1089,4,3,1,29,4,1,179,667,4,556,12,28,111,902,39,32,3,17,38,114,36,73,,1,0,1,,3,,,,,1,,,3,,1,8,,,,,,,,,,,,,,,,,,,,,,,,,,,,,,,,
England_Premier_League,2025-2026,Liverpool FC,avh60ensgiwz1qalvn1bbqkfd,D. Szoboszlai,Midfielder,8,43,24,19,35,7,453,24,8,515,8,35,279,152,127,1012,535,17,35,7,6,51,40,11,2,2,4,236,128,108,29,67,757,2,2034,3,262,68,25,182,5,382,74,23,22,35,1,,67,19,25,10,52,127,1785,1175,756,1737,21,32,6,130,3143,49,12,1,58,40,30,507,2127,45,1864,53,66,263,2918,132,55,23,43,79,304,91,184,8,3,3,1,14,97,,,,2,1,32,3,56,2,2,8,,1,1,,,1,,,,1,,,,,,,,,,,,,,,4,4,,,,1,,
England_Premier_League,2025-2026,Liverpool FC,365x48htupkxw359knwkvnh90,T. Ndiaye,Defender,75,,,,,,,,,,,,,,,,,,,,,,,,,,,,,,,,,,,,,,,,,,,,,,,,,,,,,,,,,,,,,,,,,,,,,,,,,,,,,,,,,,,,,,,,,,,,,,,,,,,,,,,,,,,,,,,,,,,,,,,,,,,,,,,,,,,,,
England_Premier_League,2025-2026,Liverpool FC,2k5g68ywtr79lc45wozvifqlm,F. Wirtz,Midfielder,7,46,39,7,32,2,346,19,2,351,2,20,242,145,97,930,339,9,32,3,5,32,25,7,4,5,,196,106,90,10,57,313,2,1385,2,152,60,28,111,4,410,60,13,17,27,18,5,5,,38,1,80,40,1168,919,275,1149,8,25,12,22,2371,69,5,4,13,22,19,375,1408,30,1189,33,158,219,1853,27,18,33,12,29,207,39,190,1,4,1,1,1,20,,2,,1,1,4,7,9,1,3,3,,,,,,,,,1,,,,,,,,,,,,,,,1,,,,,,,,
England_Premier_League,2025-2026,Liverpool FC,7rnd1uiknmho0s7a0objtnlcl,F. Woodman,Goalkeeper,28,,,,3,,,,,3,,,,,,,54,,3,,,4,2,2,,,,,,,1,,8,,62,,1,,,22,,17,,,,2,,1,,,,3,,15,36,12,33,30,,,,,212,,,,3,,,35,79,,45,,,34,106,,,,16,34,26,8,,,,,0,,,,,,,,,,,,,,,,,19,10,,,,5,,,1,,,4,,,,9,9,,,2,,,,,,,,,
England_Premier_League,2025-2026,Liverpool FC,nae3trzo8x484y3ow3bbzzmc,W. Wright,Forward,79,,,,,,,,,,,,,,,,,,,,,,,,,,,,,,,,,,,,,,,,,,,,,,,,,,,,,,,,,,,,,,,,,,,,,,,,,,,,,,,,,,,,,,,,,,,,,,,,,,,,,,,,,,,,,,,,,,,,,,,,,,,,,,,,,,,,,
England_Premier_League,2025-2026,Liverpool FC,dxze3b3fsfl814bjcs7q6wcet,V. van Dijk,Defender,4,225,58,167,37,,94,4,24,487,10,2,283,76,207,196,990,10,37,,6,52,41,11,,6,,58,18,40,26,11,633,1,2511,3,283,16,12,85,,1012,11,11,14,37,,,,,2,13,2,133,2235,1124,1307,2298,9,13,2,4,3330,1,,4,273,19,16,318,2729,25,2431,22,71,298,3189,1,1,,67,156,241,58,142,4,1,5,2,,,,1,5,1,,,8,,1,,,1,,,118,135,1,,,,,,,,,17,,,,,,,,,,,,,,,,,1
England_Premier_League,2025-2026,Manchester City FC,almf0gtdjmsdm5zhyot1hvydx,M. Akanji,Defender,25,,,,,,,,,,,,,,,,,,,,,,,,,,,,,,,,,,,,,,,,,,,,,,,,,,,,,,,,,,,,,,,,,,,,,,,,,,,,,,,,,,,,,,,,,,,,,,,,,,,,,,,,,,,,,,,,,,,,,,,,,,,,,,,,,,,,,
England_Premier_League,2025-2026,Manchester City FC,7jn9kl5wq29d41ekc2fz2rs2d,N. Aké,Defender,6,28,11,17,17,,39,1,,112,3,1,49,16,33,90,158,1,17,,,7,6,1,,,,21,5,16,5,7,88,1,439,,69,4,3,14,,178,7,3,1,5,1,12,3,3,,,,7,388,209,205,404,3,5,,12,611,1,2,,31,2,8,63,463,4,411,8,14,52,565,1,1,1,10,18,37,16,34,1,,,0,,,,,,,,,1,,,,3,,,,14,14,2,,,,,,,,,,,,,,,,,,,,,,,,,,
England_Premier_League,2025-2026,Manchester City FC,43n6lws8fguddvg3e4ukfrpw,M. Alleyne,Defender,68,3,,3,2,,12,,,37,,,11,2,9,11,32,,2,,,1,,1,,,,8,2,6,4,1,36,,121,,21,1,1,4,,48,1,1,1,2,1,,,,3,3,,8,113,57,63,112,,3,,,135,2,,,4,,,11,128,2,120,3,3,8,148,,,1,1,2,6,2,6,,,,0,,,,,,,,,1,,,,,,,,6,6,,,,,,,,,,,,,,,,,,,,,,,,,,,
England_Premier_League,2025-2026,Manchester City FC,9jxhgh1vhc531ho0ez5alfazu,R. Aït-Nouri,Defender,21,23,9,14,16,2,155,2,1,165,4,8,140,61,79,321,113,9,16,2,,8,5,3,,,,117,52,65,13,10,34,,577,1,97,27,9,48,,285,12,6,2,12,5,4,6,3,22,1,5,7,520,349,187,523,12,21,1,53,963,30,2,,17,17,10,128,587,8,530,33,26,57,862,16,13,19,11,13,52,21,44,2,,,0,,7,,1,,,,3,1,3,1,2,7,,,,,,,,,,,,,,,,,,,,,,,,,,,,,,,,
England_Premier_League,2025-2026,Manchester City FC,b3974hgsmyff5xtq7qf1onhlh,Bernardo Silva,Midfielder,20,25,21,4,36,4,423,12,6,632,5,15,240,143,97,813,461,23,36,4,2,28,21,7,2,2,,215,122,93,21,42,714,5,2006,1,348,48,17,141,,534,46,10,6,32,18,4,18,6,21,3,36,65,1802,1104,838,1859,25,25,10,23,2771,62,7,1,33,36,22,358,2132,16,1924,50,90,208,2573,50,27,28,32,47,204,54,161,10,0,2,0,,44,,2,,1,2,9,1,18,1,,2,,,,5,5,,,,,,,,,,,,,,,,,,,,,,,,,,,
England_Premier_League,2025-2026,Manchester City FC,9l3cvbbgw484v7la0bjv43mj9,M. Bettinelli,Goalkeeper,13,,,,,,,,,,,,,,,,,,,,,,,,,,,,,,,,,,,,,,,,,,,,,,,,,,,,,,,,,,,,,,,,,,,,,,,,,,,,,,,,,,,,,,,,,,,,,,,,,,,,,,,,,,,,,,,,,,,,,,,,,,,,,,,,,,,,,
England_Premier_League,2025-2026,Manchester City FC,58de7rbubnxjraen49dxpaqne,O. Bobb,Midfielder,52,13,7,6,21,1,129,4,,106,1,8,122,58,64,293,61,4,21,1,,12,11,1,,,,109,51,58,7,17,114,,350,2,59,30,17,37,,51,18,5,3,9,7,12,4,3,24,,20,2,298,230,77,301,8,10,1,7,886,36,1,,3,9,16,116,355,8,303,18,62,52,556,6,5,16,5,6,45,13,46,1,,,0,,3,,1,,,,1,1,1,3,5,1,,,,,,,,,,,,,,,,,,,,,,,,,,,,,,,,
England_Premier_League,2025-2026,Manchester City FC,1ehcji0j9s8b0qsj8v5zinjvu,R. Cherki,Midfielder,10,8,7,1,31,10,365,22,1,456,3,26,240,129,111,868,289,12,31,12,4,17,14,3,3,3,1,232,122,110,7,48,367,1,1200,,236,30,8,89,4,225,60,18,13,19,14,12,23,10,50,,52,31,1035,822,279,1047,8,18,27,24,1720,87,19,1,7,16,34,360,1246,31,1078,26,144,168,1712,52,19,53,6,33,194,26,135,1,1,3,1,4,51,,,,3,,12,2,29,4,5,,,,,,,,,,,,,,,,,,,,,,,,,1,,,,,,,,
England_Premier_League,2025-2026,Manchester City FC,85gmjxvy1g5aj1lcizegwuaui,J. Doku,Forward,11,12,8,4,28,5,261,14,,551,2,37,316,149,167,807,111,11,28,5,5,17,14,3,3,3,2,304,141,163,13,52,49,3,742,,374,32,8,87,3,323,57,8,14,18,13,10,16,16,82,,12,13,618,529,107,607,8,15,17,5,1695,109,13,1,2,23,59,358,744,22,620,23,180,124,1270,40,39,61,2,8,153,11,116,,2,3,1,,1,2,1,,1,2,,4,1,2,12,,,,,,,,,,,,,,,,,,,,,,,,,1,,,,,,,,
England_Premier_League,2025-2026,Manchester City FC,4cetkl0w2uq40ccti5ka6a4t1,G. Donnarumma,Goalkeeper,25,17,1,16,33,,,,,101,15,,23,2,21,1,423,,33,,,28,21,7,,,,6,1,5,1,1,261,,694,,41,2,,229,,173,1,,,33,,,,,2,35,,125,581,56,632,563,,,,,2970,,,,41,,3,175,857,,688,,1,169,1129,,,,86,163,112,57,6,7,,,0,,,,,,,,,,,,,,,,,184,98,,,,19,,,14,3,5,29,7,1,27,76,55,19,1,24,,,,,1,1,,,
England_Premier_League,2025-2026,Manchester City FC,23637o19ff0sw18pqv8g96ndh,Ederson,Goalkeeper,31,,,,,,,,,,,,,,,,,,,,,,,,,,,,,,,,,,,,,,,,,,,,,,,,,,,,,,,,,,,,,,,,,,,,,,,,,,,,,,,,,,,,,,,,,,,,,,,,,,,,,,,,,,,,,,,,,,,,,,,,,,,,,,,,,,,,,
England_Premier_League,2025-2026,Manchester City FC,693z0rzfh3m0h0wsma9v8c9ux,P. Foden,Midfielder,47,22,16,6,31,3,325,19,3,280,7,21,189,96,93,693,198,6,31,5,7,17,12,5,6,5,2,167,80,87,9,46,340,2,1132,,127,39,13,97,1,283,51,17,19,22,10,9,39,4,22,3,73,45,1002,696,355,967,18,16,13,4,1960,49,10,3,12,18,31,301,1146,36,1012,34,88,134,1580,76,19,20,13,26,181,29,108,4,4,3,2,2,89,,1,2,1,4,35,6,51,3,1,,,,,,,,,,,,,,,,,,,,,,,,,1,,,,,,,,
England_Premier_League,2025-2026,Manchester City FC,1bnn3tokzwvl4vvw34yxsq9gq,Nico González,Midfielder,14,58,28,30,24,,125,8,6,258,4,3,181,82,99,280,312,14,24,,1,16,13,3,,,1,123,54,69,22,10,349,,1188,,134,22,11,83,1,458,10,3,2,16,7,8,1,1,12,1,15,31,1066,691,431,1090,10,29,1,5,1477,19,1,,42,29,18,165,1244,5,1121,39,15,123,1489,1,1,5,14,26,81,43,97,6,1,0,0,,,,1,,,,,,,1,2,,,,,2,3,,,,,,,,,,1,,,,,,,,,,,,,,,,,
England_Premier_League,2025-2026,Manchester City FC,pu6jd00e1w019d8akh1b8n4k,C. Gray,Midfielder,59,,,,,,,,,,,,,,,,,,,,,,,,,,,,,,,,,,,,,,,,,,,,,,,,,,,,,,,,,,,,,,,,,,,,,,,,,,,,,,,,,,,,,,,,,,,,,,,,,,,,,,,,,,,,,,,,,,,,,,,,,,,,,,,,,,,,,
England_Premier_League,2025-2026,Manchester City FC,9ipux4xiejibplsbbhqz8d5gp,M. Guéhi,Defender,15,153,50,103,34,2,112,8,22,576,14,3,295,104,191,287,822,12,34,3,3,34,27,7,1,3,,142,54,88,49,15,386,,2158,2,320,22,13,134,2,937,18,15,9,34,,,3,3,7,9,3,75,1931,947,1079,1948,15,30,3,8,3060,21,5,2,163,23,36,292,2257,24,2023,45,60,234,2745,14,14,4,33,109,171,77,125,6,0,3,0,,2,1,,1,2,,,6,,,2,,,,,36,37,2,1,,1,,,,,,1,,,,,,,,,,,,,,,,,
England_Premier_League,2025-2026,Manchester City FC,9prtaifv6stlujgywgq4wd08a,J. Gvardiol,Defender,24,51,23,28,17,2,73,4,10,304,5,2,102,47,55,174,357,7,17,2,2,13,10,3,,2,,51,24,27,15,2,189,,995,,174,20,8,49,1,413,4,7,6,16,4,1,1,1,2,7,1,38,887,488,435,884,5,13,3,14,1362,8,1,1,60,16,7,134,1032,13,922,18,32,110,1233,1,1,4,20,39,71,40,71,2,2,0,0,,,,1,1,1,,,2,,,2,1,1,,,23,23,1,1,,1,,,,,,,,,,,,,,,2,,,,,,,,
England_Premier_League,2025-2026,Manchester City FC,9wbf00lybk9fqablaqwg5cn2t,İ. Gündoğan,Midfielder,19,,,,,,,,,,,,,,,,,,,,,,,,,,,,,,,,,,,,,,,,,,,,,,,,,,,,,,,,,,,,,,,,,,,,,,,,,,,,,,,,,,,,,,,,,,,,,,,,,,,,,,,,,,,,,,,,,,,,,,,,,,,,,,,,,,,,,
England_Premier_League,2025-2026,Manchester City FC,atzboo800gv7gic2rgvgo0kq1,E. Haaland,Forward,9,116,44,72,34,6,85,23,1,120,8,22,235,108,127,384,74,2,34,8,26,31,24,7,23,25,1,119,64,55,5,16,118,4,354,1,73,13,3,39,3,92,24,43,58,33,8,1,1,1,15,1,33,4,225,154,87,236,6,9,5,1,2868,37,8,21,39,23,25,219,369,101,240,15,206,129,752,2,2,15,4,10,104,27,119,2,15,11,10,,,,,3,6,20,,30,,10,2,,,,,,,,,,,4,3,,,,,,,,,,,,,,,,,,,,,
England_Premier_League,2025-2026,Manchester City FC,d7ofv9d9sbp263uo76cm2qxhw,A. Khusanov,Defender,45,30,15,15,20,,64,,9,220,5,,89,35,54,122,273,5,20,,,12,11,1,,,,59,20,39,31,6,438,,983,1,110,22,9,70,,223,6,5,1,14,3,6,1,1,7,11,,39,903,410,508,878,7,19,,25,1339,4,,,54,13,6,108,998,6,917,26,6,81,1214,2,2,2,20,34,45,38,47,2,,,0,,,,,,,,,1,,,,10,,,,3,3,2,,,2,,,,,,,,,,,,,,,,,,,,,,,
England_Premier_League,2025-2026,Manchester City FC,ehopba709zukxj4vgcync942d,M. Kovačić,Midfielder,8,,,,4,1,9,,,22,,,8,3,5,18,27,,4,1,,1,1,,,,,8,3,5,,2,20,,84,,14,1,,3,,28,3,1,,,,4,,,1,,1,1,80,52,28,79,1,1,1,,39,3,1,,,,2,8,84,1,80,2,,4,97,,,,,1,3,1,3,,,,0,,,,,,,,,,,,,,,,,,,,,,,,,,,,,,,,,,,,,,,,,,,,,
England_Premier_League,2025-2026,Manchester City FC,d0azo0spzov2hg6ul40l58e3u,R. Lewis,Defender,82,2,1,1,10,1,42,,1,61,,1,30,15,15,97,62,3,10,1,,5,5,,,,,28,14,14,7,5,82,,230,,37,11,3,10,,48,6,2,,3,1,7,,,2,1,7,8,199,114,89,195,2,3,4,26,312,7,2,,6,4,7,46,234,2,203,5,20,31,319,2,2,2,1,5,30,3,26,1,,,0,,,,,,,,,,,,,1,,,,,,,,,,,,,,,,,,,,,,,,,,,,,,,,
England_Premier_League,2025-2026,Manchester City FC,3trkre1c81pzretsjsi8jk6sq,Matheus Nunes,Midfielder,27,67,27,40,33,4,355,1,8,495,12,17,254,105,149,767,602,7,33,5,1,27,20,7,1,1,,187,78,109,29,23,811,4,2056,1,256,62,32,164,1,333,28,4,2,31,4,2,16,16,24,11,7,59,1825,1143,743,1811,16,40,5,181,2775,44,6,1,98,17,29,395,2101,6,1870,56,39,231,2808,49,49,27,32,57,197,83,174,5,1,0,1,,1,1,1,,,,,,,,3,26,1,,,,,1,,,,,,,,,,,,,,,,,,,,,,,,,,
England_Premier_League,2025-2026,Manchester City FC,aqvs12aqh0uczvrdi9cn02v4k,R. McAidoo,Forward,56,,,,,,,,,,,,,,,,,,,,,,,,,,,,,,,,,,,,,,,,,,,,,,,,,,,,,,,,,,,,,,,,,,,,,,,,,,,,,,,,,,,,,,,,,,,,,,,,,,,,,,,,,,,,,,,,,,,,,,,,,,,,,,,,,,,,,
England_Premier_League,2025-2026,Manchester City FC,24fu5x2ajquvxns2ujamskn4k,S. Mfuni,Defender,91,,,,,,,,,,,,,,,,,,,,,,,,,,,,,,,,,,,,,,,,,,,,,,,,,,,,,,,,,,,,,,,,,,,,,,,,,,,,,,,,,,,,,,,,,,,,,,,,,,,,,,,,,,,,,,,,,,,,,,,,,,,,,,,,,,,,,
England_Premier_League,2025-2026,Manchester City FC,40zl8kgb2t0glvixqhe6fk6qc,D. Mukasa,Midfielder,63,2,2,,2,,5,,,4,,1,6,6,,16,6,,2,,,,,,,,,4,4,,,2,6,,19,,1,,,1,,2,2,,,,,2,,,,,2,,18,15,3,18,,,1,,25,2,,,,1,,4,19,,18,,2,1,23,,,,,,1,,1,,,,0,,,,,,,,,,,,,,,,,,,,,,,,,,,,,,,,,,,,,,,,,,,,,
England_Premier_League,2025-2026,Manchester City FC,drh7wx5zz8c4dwa9o8mrigjro,N. O'Reilly,Midfielder,33,88,42,46,33,1,336,12,11,358,9,16,331,176,155,590,326,22,33,3,5,24,20,4,5,5,,243,134,109,20,20,168,1,1270,,207,74,37,103,,476,23,13,14,28,7,5,9,9,23,4,25,13,1095,697,440,1115,32,36,1,146,2558,68,6,3,68,44,18,354,1306,27,1128,68,97,178,1997,28,28,35,23,36,142,64,142,5,4,1,2,,,,,2,,3,,6,,,3,23,,,,,,,1,,1,,,,,,,,,,,,,,,,,,,,,,,
England_Premier_League,2025-2026,Manchester City FC,b8if5dg0k9prjik99aiutewh5,Omar Marmoush,Forward,7,9,6,3,20,2,72,8,2,70,,7,90,46,44,177,24,2,20,3,3,5,4,1,3,3,,81,40,41,2,9,22,6,158,1,44,12,4,20,3,43,12,12,9,8,8,12,,,10,,17,1,137,106,34,139,6,7,4,1,685,27,3,2,2,10,19,75,161,21,140,13,53,21,317,11,4,12,,,30,2,21,3,3,0,1,2,8,,1,,1,,,2,7,,,,,,,,,,,,,,,,,,,,,,,,,,,,,,,,,,,
England_Premier_League,2025-2026,Manchester City FC,5d6d4oc2rpau0mbbbt2dmtzv9,S. Ortega,Goalkeeper,18,1,,1,3,,,,,11,1,,1,,1,,44,,3,,,4,4,,,,,,,,,,18,,51,,5,,,8,,6,,,,3,,,,,,8,,23,34,10,37,24,,,,,270,,,,1,,,21,68,,47,,,21,81,,,,14,21,19,2,,,,,0,,,,,,,,,,,,,,,,,14,14,,,,4,,,,,,4,,,1,8,7,1,,,,,,,,,,,
England_Premier_League,2025-2026,Manchester City FC,3bxaxaw6l2s6nzukgtfup3pqs,R. Heskey,Forward,92,,,,,,,,,,,,,,,,,,,,,,,,,,,,,,,,,,,,,,,,,,,,,,,,,,,,,,,,,,,,,,,,,,,,,,,,,,,,,,,,,,,,,,,,,,,,,,,,,,,,,,,,,,,,,,,,,,,,,,,,,,,,,,,,,,,,,
England_Premier_League,2025-2026,Manchester City FC,2w7xspkzg7b9ghl20me202ove,T. Reijnders,Midfielder,4,8,5,3,27,2,154,13,1,237,2,15,115,68,47,454,166,7,27,2,5,16,13,3,5,5,,107,63,44,10,15,209,4,745,1,131,28,11,58,2,241,17,17,15,18,12,9,10,2,19,3,31,12,661,470,225,673,6,4,7,3,1559,40,4,3,20,18,15,187,770,32,685,10,66,85,1052,28,13,24,4,12,98,15,73,2,2,3,0,2,23,,1,,1,3,8,4,11,,4,,,,,,,,1,,,,,,,,,,,,,,,,,1,,,,,,,,
England_Premier_League,2025-2026,Manchester City FC,dqfk7czrayirrvonirtk2mk15,Rodri,Midfielder,16,45,11,34,20,,197,5,3,295,3,3,161,55,106,326,375,8,20,,1,14,11,3,,1,,116,44,72,13,23,468,,1481,1,147,22,12,99,,490,23,5,2,16,5,4,1,1,6,1,34,86,1336,818,564,1295,19,20,6,3,1423,17,2,1,40,13,27,184,1530,7,1381,39,19,149,1757,4,4,7,13,37,110,43,112,2,1,0,0,,,,,1,,,,,,,1,,,,,1,1,,,,,,,,,,,,,,,,,,,,,,,,,,,
England_Premier_League,2025-2026,Manchester City FC,2t5s4f41jefzuzth0bhcixtcl,Rúben Dias,Defender,3,89,31,58,25,,50,3,17,452,11,2,135,53,82,121,519,3,25,,2,20,14,6,1,1,1,46,22,24,22,6,635,,1641,,246,16,8,70,2,484,6,3,4,23,2,2,3,3,3,7,,47,1524,725,848,1523,7,6,1,5,2050,6,,,115,14,9,134,1688,7,1570,13,8,118,1945,6,6,3,16,47,81,43,71,3,1,1,1,,,,,,,,,1,,,,,,,,15,15,3,,,1,,,,,,,,,,,,,,,,,,,,,,,
England_Premier_League,2025-2026,Manchester City FC,6nwn2522yescgrx57wkcxjhwq,Savinho,Forward,26,4,4,,22,1,121,2,,174,2,18,85,52,33,328,46,6,22,1,1,5,4,1,1,1,,81,48,33,5,5,88,4,333,,123,25,7,35,,80,6,4,11,6,4,16,7,6,14,,12,5,276,228,57,273,4,5,4,7,697,38,,1,6,8,10,149,335,15,278,9,66,57,528,28,27,31,4,11,78,7,46,2,1,0,0,,4,1,,,,1,1,6,1,,4,,,,,,,,,,,,,,,,,,,,,,,,,,,,,,,,,
England_Premier_League,2025-2026,Manchester City FC,7tnuxlg9l4rjhc7j3ko36hduy,A. Semenyo,Forward,42,120,61,59,35,2,299,14,7,436,10,26,443,262,181,887,203,33,35,4,16,50,42,8,14,12,4,323,201,122,12,33,202,18,893,3,230,86,55,140,10,189,36,28,39,35,8,,8,8,56,5,55,26,712,524,196,686,13,32,5,32,3086,129,8,9,29,55,21,502,893,67,712,45,168,181,1634,40,40,68,14,26,190,31,155,7,9,7,3,2,,,3,,3,6,,7,,7,11,38,1,,,,,,,,,2,1,,,,,,,,,,,,,,1,1,,,,,,
England_Premier_League,2025-2026,Manchester City FC,3gem1jrrkgye0omb88fk1lsk5,J. Stones,Defender,5,10,1,9,8,,22,,5,69,,1,15,4,11,25,86,,8,,,8,7,1,,,,5,3,2,2,1,100,,262,1,30,4,2,17,,59,1,,,4,2,4,,,2,,1,5,244,97,151,243,,,,,361,1,,,14,,,27,267,,248,,1,19,305,4,4,,3,5,16,7,14,,,,0,,,,,,,,,,,,1,,,,,1,1,,,,,,,,,,,,,,,,,,,,,,,,,,,
England_Premier_League,2025-2026,Manchester City FC,1c4nu9s3t3p83pufjf3n3xqay,J. Trafford,Goalkeeper,1,1,,1,3,,,,,15,1,,5,,5,,57,,3,,,4,4,,,,,4,,4,,,30,,85,1,3,1,,33,,20,,,,3,,,,,1,7,,13,65,3,74,64,1,1,,,270,,,,6,,1,30,107,,77,2,,30,142,,,,18,27,23,7,3,,,,0,,,,,,,,,,,,,,,,,20,15,,,,2,,,2,,,6,1,1,1,11,9,2,,4,,,,,,,,,
England_Premier_League,2025-2026,Manchester United FC,5cs6o0g04558bdb1gehmc3ht5,A. Bayındır,Goalkeeper,1,1,,1,6,,,,,26,,,6,1,5,,124,,6,,,11,10,1,,,,5,1,4,,1,25,,144,,12,,,39,,28,1,,,6,,,,,1,17,,31,89,25,82,76,,,,,540,,1,,7,,3,72,177,,107,,,70,225,,,,61,69,61,9,1,,,,0,,,,,,,,,,,,,,,,,24,16,,,,5,,,4,1,2,7,1,,1,13,11,2,,2,,,,,,,,,
England_Premier_League,2025-2026,Manchester United FC,3vtjjrqof5z2tjj84ehadqc45,Bruno Fernandes,Midfielder,8,53,32,21,34,19,332,30,5,359,5,27,268,146,122,947,636,24,34,20,8,46,40,6,3,7,1,215,114,101,19,112,410,4,1803,4,199,68,20,161,8,561,132,31,23,34,6,,54,23,15,6,70,135,1474,1114,532,1457,21,31,38,16,2976,51,32,7,42,25,35,583,1939,54,1592,52,89,347,2583,125,52,21,24,89,398,74,258,5,5,3,1,5,87,,,,5,,24,8,52,4,,1,1,,,,,,,,,6,4,,,,,,,,,,,,,1,1,1,,,,1,,
England_Premier_League,2025-2026,Manchester United FC,6nb8hub5usi3iasywa2fjf1lh,Casemiro,Midfielder,18,111,54,57,34,1,207,16,27,250,2,9,357,169,188,370,564,36,34,2,9,31,28,3,1,8,1,246,115,131,32,34,468,5,1569,3,132,94,60,138,1,360,36,18,18,33,19,1,4,4,6,7,37,86,1273,697,608,1215,45,45,13,1,2588,23,4,5,73,46,36,368,1599,36,1301,90,67,298,2127,13,13,10,28,73,216,95,225,9,7,2,1,,,,2,8,1,,,6,,2,,,,,1,,,,,,,,,,,,,,,,,,,,,,,,,,,,1,
England_Premier_League,2025-2026,Manchester United FC,didsdryngjutw2x6tpwnnju5m,A. Diallo,Forward,16,32,19,13,31,2,308,14,3,362,3,15,249,123,126,666,154,11,31,2,2,33,30,3,1,1,1,217,104,113,15,38,329,12,862,3,205,39,20,106,,78,40,16,21,26,10,5,11,9,38,2,19,23,757,513,262,741,13,24,3,52,2254,63,6,1,29,22,38,263,869,37,764,37,131,105,1368,34,24,39,5,10,114,25,95,2,1,1,0,,15,1,,1,1,1,2,6,10,1,8,4,,,,,,,,,,,,,,,,,,,,,,,,,,,,,,,,
England_Premier_League,2025-2026,Manchester United FC,3f3jcsa7gk6in9fskp9w5a5t5,Diogo Dalot,Defender,2,73,21,52,34,3,213,3,9,235,5,10,227,92,135,542,355,10,34,3,1,40,36,4,1,1,,154,71,83,27,26,404,4,1120,3,131,36,9,135,1,159,29,15,6,29,7,5,17,17,18,7,3,41,950,523,455,920,23,30,3,169,2616,25,5,1,92,25,14,342,1131,21,961,53,47,170,1783,40,40,9,13,26,158,52,144,5,1,0,0,,,,,,1,,,3,,1,3,64,,,,,,,,,,,,,,,,,,,,,,,,,,,,,,,,
England_Premier_League,2025-2026,Manchester United FC,cr5wtg3ulqjts3lu3xpnmlmac,P. Dorgu,Defender,13,77,35,42,25,2,160,5,3,169,2,15,264,120,144,390,113,12,25,3,3,20,19,1,2,2,1,187,85,102,15,22,26,7,485,,108,44,18,76,,188,25,9,9,14,4,11,15,15,11,1,8,6,368,224,161,364,16,31,2,52,1383,48,5,1,32,23,45,263,487,18,370,47,65,117,949,41,41,26,3,12,128,30,105,5,2,1,1,,,,2,,1,3,,2,,,1,15,,,,,,1,,,,,,,,,,,,,,,,,,,,,,,,,,
England_Premier_League,2025-2026,Manchester United FC,bn5iwjd1avm2zrxp8qy5vrbis,T. Fredricson,Defender,33,,,,1,,,,,,,,,,,,1,,1,,,,,,,,,,,,,,,,1,,,,,,,,,,,,,1,,,,,,,,,,,,,,,2,,,,2,,,1,1,,,,,1,3,,,,1,1,1,,,,,,0,,,,,,,,,,,,,,,,,,,,,,,,,,,,,,,,,,,,,,,,,,,,,
England_Premier_League,2025-2026,Manchester United FC,84hisj17nuwx4scnizuxap239,T. Heaton,Goalkeeper,22,,,,,,,,,,,,,,,,,,,,,,,,,,,,,,,,,,,,,,,,,,,,,,,,,,,,,,,,,,,,,,,,,,,,,,,,,,,,,,,,,,,,,,,,,,,,,,,,,,,,,,,,,,,,,,,,,,,,,,,,,,,,,,,,,,,,,
England_Premier_League,2025-2026,Manchester United FC,4tb2hobv1dwon0e8djvuohxxw,A. Heaven,Defender,26,28,10,18,17,,37,1,11,130,2,,80,25,55,19,136,3,17,1,,15,12,3,,,,52,15,37,1,1,168,,460,,58,3,,40,,153,2,2,,11,4,6,,,6,1,,17,413,111,336,430,9,13,1,,923,3,1,,60,7,9,54,494,2,447,22,8,47,631,1,1,2,8,13,32,16,34,2,,,0,,,,,,,,,1,,,,,,,,19,19,3,,1,1,,,,,,,,,,,,,,,,,,,,,,,
England_Premier_League,2025-2026,Manchester United FC,407kah9emo9q5aefwuwo4ptlg,J. Fletcher,Midfielder,38,5,4,1,3,,11,,1,10,,,18,11,7,10,8,2,3,,,,,,,,,13,7,6,1,2,18,,45,,1,1,,4,,8,2,1,,,,3,,,,,2,2,37,23,14,35,3,2,,,107,5,,,,2,1,16,45,1,37,5,2,8,63,,,1,1,1,4,4,7,,,,0,,,,,,,,,,,,,,,,,,,,,,,,,,,,,,,,,,,,,,,,,,,,,
England_Premier_League,2025-2026,Manchester United FC,e7k1ssaocz0c79tna04v9l2qc,G. Kukonki,Defender,72,,,,,,,,,,,,,,,,,,,,,,,,,,,,,,,,,,,,,,,,,,,,,,,,,,,,,,,,,,,,,,,,,,,,,,,,,,,,,,,,,,,,,,,,,,,,,,,,,,,,,,,,,,,,,,,,,,,,,,,,,,,,,,,,,,,,,
England_Premier_League,2025-2026,Manchester United FC,759tgxt9xusnioh2clkiau4us,S. Lacey,Forward,61,,,,2,,2,,,3,,,3,1,2,9,,,2,,,,,,,,,3,1,2,,,1,,3,,1,1,1,,,,,2,1,,,2,,,1,,1,,3,2,1,3,,1,,,12,1,,,,,,3,3,3,3,1,1,,12,,,,,,,,,,,,0,,,,,,1,,,,,,,,,,,,,,,,,,,,,,,,,,,,,,,,,,,,,,,
England_Premier_League,2025-2026,Manchester United FC,398isvyux7zpjiwa2hzsxyc16,S. Lammens,Goalkeeper,31,7,,7,31,,,,,138,7,,12,1,11,2,643,,31,,,39,34,5,,,,5,1,4,,,154,,644,4,47,,,220,,116,,,,31,,,,,,90,,186,424,147,396,357,,1,,,2790,,,,26,,4,379,913,,543,1,1,370,1145,,,,206,364,310,60,6,,,,0,,,,,,,,,,,,,,,,,149,141,,,,18,,,28,,3,73,3,4,14,77,51,24,1,15,,,,,,,,,
England_Premier_League,2025-2026,Manchester United FC,abp3ye14bkcde3t7yxx9g3p5g,D. León,Defender,35,,,,,,,,,,,,,,,,,,,,,,,,,,,,,,,,,,,,,,,,,,,,,,,,,,,,,,,,,,,,,,,,,,,,,,,,,,,,,,,,,,,,,,,,,,,,,,,,,,,,,,,,,,,,,,,,,,,,,,,,,,,,,,,,,,,,,
England_Premier_League,2025-2026,Manchester United FC,1vz038uyzmq8saskeeo0qhm8l,H. Maguire,Defender,5,76,19,57,22,1,42,3,10,224,4,3,134,39,95,53,272,5,22,2,1,19,17,2,,1,,58,20,38,11,1,228,,761,2,124,10,4,60,,254,3,7,4,18,5,4,1,1,1,5,,43,655,249,439,644,5,16,,,1565,3,2,1,101,14,16,118,796,11,687,21,25,109,1001,2,2,1,25,59,75,36,50,3,0,1,1,,,,,1,1,,,1,,,,,2,1,1,16,16,1,,,,,,,,,,,,,,,,,,,,,,,,,,
England_Premier_League,2025-2026,Manchester United FC,cgm6zre07l5qauif32jtfqsk4,K. Mainoo,Midfielder,37,38,24,14,27,1,176,4,9,229,4,5,171,88,83,287,236,5,27,2,1,22,18,4,1,,1,133,64,69,20,19,231,1,959,3,124,27,11,92,1,344,21,4,3,15,2,12,4,4,16,3,31,21,860,522,370,867,16,18,3,4,1563,43,1,,24,11,19,179,987,7,888,34,22,99,1272,9,9,14,5,16,75,33,83,1,1,0,1,,1,,1,,,,,,,2,3,,,,,,,,,,,,,,,,,,,,,,,,,,,,,,,,,
England_Premier_League,2025-2026,Manchester United FC,bl8667xvrhy0tft8x3lgopomh,T. Malacia,Defender,12,,,,2,,1,,,,,,1,,1,4,5,,2,,,1,1,,,,,1,,1,,,,,7,,,,,2,,1,,,,,,2,,,,,,,5,3,2,5,1,,,3,7,,,,1,,,2,7,,5,1,,2,12,,,,,2,2,,,,,,0,,,,,,,,,,,,,,,,,,,,,,,,,,,,,,,,,,,,,,,,,,,,,
England_Premier_League,2025-2026,Manchester United FC,3wgqz1w42vny9fo4uh3iw0ydw,B. Mantato,Forward,70,,,,1,,1,,,2,,,1,1,,5,,,1,,,,,,,,,1,1,,,1,4,,5,,2,,,,,,1,,,,,1,,,,,1,,5,4,1,5,,,,,15,1,,,,,,2,5,,5,,,,8,1,1,1,,,1,,,,,,0,,,,,,,,,,,,,,,,,,,,,,,,,,,,,,,,,,,,,,,,,,,,,
England_Premier_League,2025-2026,Manchester United FC,b17tkj4ea4jld8yupekcolall,L. Martínez,Defender,6,19,7,12,17,,42,3,12,250,3,1,68,23,45,54,338,2,17,,,15,13,2,,,,49,16,33,12,5,170,,839,1,163,11,5,64,,337,5,2,,12,1,5,1,1,14,7,2,42,752,349,450,756,7,10,3,4,1141,4,1,,59,9,2,101,887,2,798,17,5,89,1050,1,1,2,21,48,70,20,41,,,,0,,,,,,,,,,,,,,,1,1,30,30,,1,1,1,,,,,,,,,,,,,,,,,,,,,,,
England_Premier_League,2025-2026,Manchester United FC,9rm3r46uzxlmuqnp0jo4danhm,Matheus Cunha,Forward,10,74,46,28,33,2,234,32,3,391,2,30,353,189,164,645,209,12,33,2,10,35,31,4,9,8,2,279,143,136,21,32,160,2,863,2,229,58,33,127,9,277,34,23,35,29,13,4,11,11,44,,50,22,692,481,238,686,16,23,8,9,2503,100,4,5,22,27,54,410,880,58,708,39,137,172,1515,39,32,47,6,20,166,45,152,4,6,4,3,,5,2,,,3,1,,4,5,7,11,,,,,,,,,,,,,,,,,,,,,,,,,1,,,,,,,,
England_Premier_League,2025-2026,Manchester United FC,7vhnftizqlyu31st2vsmgh6tx,N. Mazraoui,Defender,3,32,14,18,19,,70,3,2,128,2,3,103,38,65,141,212,7,19,,,10,7,3,,,,71,24,47,13,5,162,,499,1,85,24,17,42,,62,5,2,,10,7,9,4,4,7,5,3,19,436,251,196,424,11,16,2,45,910,9,,,51,12,13,92,506,2,443,27,13,63,744,8,8,6,4,17,44,27,46,3,,,0,,,,,,,,,,,,1,5,,,,1,1,,1,,,,,,,,,,,,,,,,,1,,,,,,,,
England_Premier_League,2025-2026,Manchester United FC,v78uhwxgzojcec8lsdvucusp,B. Mbeumo,Forward,19,90,75,15,32,3,279,14,1,264,,27,260,175,85,721,167,16,32,3,10,37,33,4,9,10,,170,100,70,8,43,249,7,737,3,139,55,16,88,3,87,46,27,31,30,17,2,35,15,17,,61,15,574,467,186,603,14,11,13,8,2547,63,5,8,14,23,28,398,782,58,618,25,146,164,1306,70,40,35,3,13,204,30,151,4,6,4,5,,49,1,,1,3,6,19,13,25,10,7,,,,,,,,,,,,,,,,,,,,,,,,,,,,,,,,,
England_Premier_League,2025-2026,Manchester United FC,p5am5r20uzamakh8168vj02c,J. Moorhouse,Midfielder,48,,,,,,,,,,,,,,,,,,,,,,,,,,,,,,,,,,,,,,,,,,,,,,,,,,,,,,,,,,,,,,,,,,,,,,,,,,,,,,,,,,,,,,,,,,,,,,,,,,,,,,,,,,,,,,,,,,,,,,,,,,,,,,,,,,,,,
England_Premier_League,2025-2026,Manchester United FC,8nh6qf9i1d0qw7nx4wk25qzth,M. Mount,Midfielder,7,21,14,7,22,,83,6,1,76,1,3,107,64,43,212,112,11,22,,3,15,12,3,2,2,1,86,50,36,8,13,87,,382,1,38,21,8,53,3,103,13,8,5,11,8,11,1,,7,,16,22,310,225,88,290,9,11,7,3,944,24,1,1,8,16,9,133,385,13,312,20,35,73,548,18,10,10,4,13,68,23,60,2,1,2,2,1,10,1,1,,1,,2,1,8,,1,,,,,,,,,,,,,,,,,,,,,,,,,,,,,,,,,
England_Premier_League,2025-2026,Manchester United FC,3gopac4dos6qyacp4akms8vmc,C. Obi,Forward,32,,,,,,,,,,,,,,,,,,,,,,,,,,,,,,,,,,,,,,,,,,,,,,,,,,,,,,,,,,,,,,,,,,,,,,,,,,,,,,,,,,,,,,,,,,,,,,,,,,,,,,,,,,,,,,,,,,,,,,,,,,,,,,,,,,,,,
England_Premier_League,2025-2026,Manchester United FC,8kttsnok9bbh7kpy3zz3j2xg5,A. Onana,Goalkeeper,24,,,,,,,,,,,,,,,,,,,,,,,,,,,,,,,,,,,,,,,,,,,,,,,,,,,,,,,,,,,,,,,,,,,,,,,,,,,,,,,,,,,,,,,,,,,,,,,,,,,,,,,,,,,,,,,,,,,,,,,,,,,,,,,,,,,,,
England_Premier_League,2025-2026,Manchester United FC,4ynekiqwgd0l8h7cuyvdl28ve,B. Šeško,Forward,30,121,57,64,30,1,90,10,2,71,1,8,209,124,85,240,59,7,30,1,11,29,24,5,10,11,,88,67,21,3,8,62,7,302,3,33,15,11,38,8,95,9,17,34,17,9,13,,,10,,38,4,207,132,79,207,2,3,2,,1635,50,,8,15,17,6,190,306,51,211,5,95,95,556,2,2,20,1,2,79,18,93,2,6,5,4,,,,2,1,3,1,,12,,10,2,,,,,,,,,,,,,,,,,,,,,,,,,,,,,,,,,1
England_Premier_League,2025-2026,Manchester United FC,7uxt9a7t22ij4reg1uire5uqd,L. Shaw,Defender,23,115,51,64,37,,244,4,9,350,4,12,295,130,165,401,640,24,37,1,1,45,42,3,1,1,,180,79,101,43,15,142,,1620,4,207,55,20,105,,657,16,2,3,37,14,,9,6,9,7,4,57,1399,701,767,1402,29,43,4,127,3149,15,1,,94,49,20,343,1683,5,1459,72,29,224,2284,44,36,10,26,60,172,96,164,9,1,0,0,,11,,1,,,1,3,,8,,,31,,,,32,32,,,,,,,,,,,,,,,,,,,,,,,,,,,
England_Premier_League,2025-2026,Manchester United FC,eb59xatjxndxba0prvo122a6s,J. Thwaites,Midfielder,77,,,,,,,,,,,,,,,,,,,,,,,,,,,,,,,,,,,,,,,,,,,,,,,,,,,,,,,,,,,,,,,,,,,,,,,,,,,,,,,,,,,,,,,,,,,,,,,,,,,,,,,,,,,,,,,,,,,,,,,,,,,,,,,,,,,,,
England_Premier_League,2025-2026,Manchester United FC,ot85dcabdrz0p8rsxk2angno,T. Fletcher,Midfielder,39,,,,1,,3,,,1,,,,,,4,,,1,,,,,,,,,,,,,,1,,7,,,,,,,3,,,,,,1,,,,,,,7,5,2,7,,,,,1,,,,,,,,7,,7,,,,7,,,,,,,,,,,,0,,,,,,,,,,,,,,,,,,,,,,,,,,,,,,,,,,,,,,,,,,,,,
England_Premier_League,2025-2026,Manchester United FC,8jfjglichcg0py57hhri5v0fd,M. Ugarte,Midfielder,25,26,15,11,22,,89,5,5,123,1,2,148,69,79,120,127,20,22,,,23,21,2,,,,122,54,68,20,3,145,,497,1,52,20,9,51,,141,3,7,1,8,5,14,,,7,1,17,13,422,229,198,414,17,29,1,5,881,14,,,20,24,15,104,502,8,427,46,9,75,699,1,1,3,4,14,55,21,61,1,,,0,,,,,,,,,1,,1,,,,,,,,,,,,,,,,,,,,,,,,,,,,,,,,,,
England_Premier_League,2025-2026,Manchester United FC,6q793p9lurdevqmetgoke54wk,L. Yoro,Defender,15,78,34,44,31,,93,1,10,235,1,1,146,64,82,111,358,7,31,,,33,28,5,,,,68,30,38,30,4,352,2,957,3,136,17,9,73,,182,4,5,3,18,9,13,1,1,2,6,1,36,844,343,529,835,11,20,1,11,1723,6,,,84,16,5,143,985,8,871,31,22,114,1232,2,2,1,20,39,70,46,75,1,,,0,,,,,,,,,2,,,1,5,1,,,5,5,3,,,1,,,,,,,,,,,,,,,,,,,,,,,
England_Premier_League,2025-2026,Manchester United FC,56bidwsegakrtx3z1qbbpnc6i,J. Zirkzee,Forward,11,52,32,20,23,1,76,6,2,38,,6,100,60,40,149,44,4,23,1,2,8,7,1,1,1,1,48,28,20,1,10,62,1,239,1,16,10,3,19,,59,11,10,9,5,3,18,2,2,5,,35,3,178,111,70,176,3,6,2,1,592,16,2,,11,9,6,115,241,19,179,9,47,62,383,3,3,4,,4,48,17,58,3,1,1,0,,,,,,,2,,4,,2,,,,,,,,,,,,,,,,,,,,,,,,,,,,,,,,,,
England_Premier_League,2025-2026,Manchester United FC,10zt8rbgbmyqxr1m13wm5gfs9,M. de Ligt,Defender,4,81,31,50,13,,40,3,7,110,1,1,118,44,74,40,181,1,13,,1,20,18,2,,1,,37,13,24,15,3,207,,601,1,47,9,7,40,,184,3,5,3,13,,,4,4,1,5,2,21,526,145,396,516,6,13,2,4,1170,2,2,,68,6,5,89,612,8,537,19,18,75,791,1,1,1,8,23,47,29,52,,0,1,0,,,,1,1,,,,1,,,,3,,,,2,2,,1,,,,,,,,,,,,,,,,,,,,,,,,,
England_Premier_League,2025-2026,Newcastle United FC,3vy07in2g4tx04vyqlc8bni1g,Adam Harrison,Goalkeeper,59,,,,,,,,,,,,,,,,,,,,,,,,,,,,,,,,,,,,,,,,,,,,,,,,,,,,,,,,,,,,,,,,,,,,,,,,,,,,,,,,,,,,,,,,,,,,,,,,,,,,,,,,,,,,,,,,,,,,,,,,,,,,,,,,,,,,,
England_Premier_League,2025-2026,Newcastle United FC,d8saak6mtu2gipcatzzwsyqdw,S. Alabi,Midfielder,85,,,,,,,,,,,,,,,,,,,,,,,,,,,,,,,,,,,,,,,,,,,,,,,,,,,,,,,,,,,,,,,,,,,,,,,,,,,,,,,,,,,,,,,,,,,,,,,,,,,,,,,,,,,,,,,,,,,,,,,,,,,,,,,,,,,,,
England_Premier_League,2025-2026,Newcastle United FC,en2qiiaubgikr1aeklrzkku8k,A. Murphy,Defender,37,,,,1,,,,,,,,,,,,,,1,,,1,1,,,,,,,,,,1,,1,,,,,,,,,,,,,1,,,,,,,1,,1,1,,,,,1,,,,1,,,,1,,1,,,,2,,,,,,,,,,,,0,,,,,,,,,,,,,,,,,,,,,,,,,,,,,,,,,,,,,,,,,,,,,
England_Premier_League,2025-2026,Newcastle United FC,18paf5a7rfe4kutxjl4cwd695,H. Barnes,Midfielder,11,20,14,6,35,,150,17,1,267,2,22,150,96,54,535,127,6,35,,7,29,25,4,5,6,1,130,82,48,3,20,88,3,541,3,151,31,8,65,4,178,20,17,20,18,11,17,15,15,12,1,17,7,433,347,103,428,8,5,2,4,1841,55,3,4,16,17,23,271,543,37,435,13,129,108,888,59,58,32,4,8,151,16,100,1,5,2,2,,1,,2,,1,3,,9,1,4,6,,,,,,,,,,,,,,,,,,,,,,,,,1,,,,,,,,
England_Premier_League,2025-2026,Newcastle United FC,4jwkz8almo2997hvp09zl0p9l,S. Botman,Defender,4,119,43,76,23,,40,3,23,223,4,1,175,59,116,68,406,4,23,1,1,24,20,4,,1,,56,16,40,22,7,231,,1029,3,100,16,8,86,,385,8,7,4,19,4,4,,,4,10,,44,896,239,687,882,7,12,,2,1658,4,3,,128,11,18,156,1062,11,926,19,41,136,1361,2,2,,33,57,78,60,79,2,1,0,0,,,,1,1,1,,,1,,,,,1,,,5,6,1,,1,,,,,,,1,,,,,,,,,,,,,,,,,
England_Premier_League,2025-2026,Newcastle United FC,72m84nwa6dshu3ibmy13dz5rd,Bruno Guimarães,Midfielder,39,34,22,12,27,4,195,6,2,402,6,17,302,150,152,611,421,22,27,5,9,35,29,6,4,6,3,268,128,140,15,40,332,1,1281,4,195,48,23,125,6,388,44,12,21,25,7,2,21,8,16,1,40,73,1101,734,439,1079,17,40,20,7,2299,68,7,5,35,38,67,371,1336,33,1152,57,51,184,1876,53,25,26,14,48,203,34,136,5,8,1,3,2,38,2,,2,2,1,13,4,22,2,2,,,,,,,,,,,2,2,,,,,,,,,,,,,1,1,,1,,,,,
England_Premier_League,2025-2026,Newcastle United FC,6f1ljb0an6d0g4nbap6xgxsyd,D. Burn,Defender,33,159,63,96,27,,91,3,12,170,5,5,269,124,145,188,413,16,27,2,1,32,28,4,,1,,110,61,49,20,4,161,3,969,,88,35,11,72,,327,6,4,3,24,2,3,1,1,2,11,1,28,758,263,519,753,12,25,1,61,2100,7,,,150,36,12,283,992,7,781,37,45,211,1428,11,11,1,46,73,158,64,138,9,1,0,1,,,1,,1,,,,1,,1,1,31,1,,1,3,3,,1,,,,,,,,,,,,,,,,,,,,,,,,1,
England_Premier_League,2025-2026,Newcastle United FC,5wengf05apke7rv3kms186j56,A. Elanga,Forward,20,35,22,13,30,1,122,5,,164,,23,149,86,63,397,112,3,30,1,,27,26,1,,,,114,64,50,3,14,141,2,411,2,107,22,5,31,,38,15,7,4,14,12,16,12,11,13,,10,7,333,256,91,328,3,11,3,7,1284,45,2,,6,8,23,240,413,11,335,14,57,78,707,67,56,29,1,4,127,18,74,,,,0,,13,,,,,,1,1,11,1,9,1,,,,,,,,,,,,,,,,,,,,,,,,,,,,,,,,
England_Premier_League,2025-2026,Newcastle United FC,2uffjxmtrrp2pjzvwebzy19lh,M. Gillespie,Goalkeeper,29,,,,,,,,,,,,,,,,,,,,,,,,,,,,,,,,,,,,,,,,,,,,,,,,,,,,,,,,,,,,,,,,,,,,,,,,,,,,,,,,,,,,,,,,,,,,,,,,,,,,,,,,,,,,,,,,,,,,,,,,,,,,,,,,,,,,,
England_Premier_League,2025-2026,Newcastle United FC,8mjj0wgufggpc1ai2dk21h90p,A. Gordon,Forward,10,34,26,8,26,2,137,11,,271,2,19,213,113,100,496,135,6,26,2,6,28,23,5,3,6,,179,87,92,3,24,68,5,506,1,156,33,23,57,6,177,26,17,20,24,19,2,15,14,33,3,12,17,412,322,116,406,6,13,4,15,1814,63,5,5,13,13,40,260,517,37,423,19,84,94,937,55,53,37,3,9,133,16,85,3,4,2,2,,4,1,,,2,,,9,2,3,6,,,1,1,,,,,,,3,3,,,,,,,,,,,,,,,,,,,,,
England_Premier_League,2025-2026,Newcastle United FC,8i46yzejeiwdmz0tywmy42o2y,L. Hall,Defender,3,55,29,26,28,1,218,10,14,314,3,20,273,119,154,496,432,10,28,1,1,36,33,3,,,1,218,90,128,26,22,152,,1124,5,185,50,21,125,,357,23,7,5,22,5,6,18,10,36,3,3,44,957,584,423,945,23,28,3,154,1999,60,5,,72,16,41,367,1159,12,989,51,40,170,1864,77,46,27,24,61,194,53,109,3,0,1,0,4,40,,1,,2,1,5,1,28,,3,19,,,,,,,,,,,,,,,,,,,,,,,,,,,,,,,,
England_Premier_League,2025-2026,Newcastle United FC,dspbnuonqosvs6o5c6w10lyj8,A. Harris,Goalkeeper,58,,,,,,,,,,,,,,,,,,,,,,,,,,,,,,,,,,,,,,,,,,,,,,,,,,,,,,,,,,,,,,,,,,,,,,,,,,,,,,,,,,,,,,,,,,,,,,,,,,,,,,,,,,,,,,,,,,,,,,,,,,,,,,,,,,,,,
England_Premier_League,2025-2026,Newcastle United FC,37d7oej48pb143o5eilue1hhx,J. Murphy,Midfielder,23,17,11,6,31,2,102,13,3,186,,29,128,76,52,474,138,3,31,2,3,19,15,4,3,2,1,111,65,46,4,20,196,5,473,2,96,67,28,46,3,38,22,15,12,18,17,13,23,23,19,2,6,19,345,285,84,327,4,11,4,17,1558,37,10,,16,9,12,301,474,27,346,15,54,128,857,97,90,20,6,16,195,30,112,2,2,1,0,,5,,2,,1,,,3,5,,1,3,1,,,,,,,,,,,,,,,,,,,,,,,,,,,,,,,
England_Premier_League,2025-2026,Newcastle United FC,c589fk8pfqvbukvtdqu1yhjv9,Joelinton,Midfielder,7,110,47,63,27,1,176,9,3,195,2,5,296,147,149,331,190,25,27,1,2,27,23,4,2,2,,186,100,86,30,16,171,1,825,2,98,32,13,120,,302,17,12,11,23,10,4,2,2,16,2,48,22,680,398,298,672,19,24,2,5,1953,40,3,,40,47,27,225,839,23,694,43,55,145,1198,8,8,14,3,12,105,48,133,10,1,1,0,,,,4,1,1,1,,1,,7,3,,,,,,,,,,,,,,,,,,,,,,,,,,,,,,,,,
England_Premier_League,2025-2026,Newcastle United FC,7w8raplugv51unjcao6cq22tx,E. Krafth,Defender,17,,,,1,,3,,,,,,3,3,,10,11,1,1,,,2,1,1,,,,3,3,,,,5,,19,,,1,,,,,,,,1,1,,,,,,,,14,7,7,14,,,,8,45,2,,,1,1,,8,19,,14,,,5,33,1,1,1,,,6,,5,,,,0,,,,,,,,,,,,,,,,,,,,,,,,,,,,,,,,,,,,,,,,,,,,,
England_Premier_League,2025-2026,Newcastle United FC,7z5ugeh3ejhwa3c8tg7idkpud,J. Lascelles,Defender,6,1,,1,2,,2,1,1,2,,,1,,1,2,2,,2,,,2,2,,,,,,,,,,1,,8,,,,,,,3,,,,,,2,,,,,,,6,,6,6,,,,,19,,,,4,,,2,8,,6,,2,2,14,,,,1,1,2,,1,,,,0,,,,,,,,,,,,,,,,,,,,,,,,,,,,,,,,,,,,,,,,,,,,,
England_Premier_League,2025-2026,Newcastle United FC,bdmomasg7lrn5pwihecvgpuga,T. Livramento,Defender,21,18,9,9,17,1,147,2,2,176,5,11,111,50,61,314,200,6,17,1,,14,13,1,,,,93,41,52,6,9,206,2,645,2,95,24,8,81,,100,10,1,,14,2,3,9,9,14,1,4,20,572,340,249,560,7,15,2,97,1328,27,1,,39,7,16,188,653,1,580,22,18,73,1007,27,27,18,12,14,77,23,59,1,,,0,,,,1,,,,,,,1,1,28,,,,,,,,,,,,,,,,,,,,,,,,1,,,,,,,,
England_Premier_League,2025-2026,Newcastle United FC,552xyc766gp97a5zu8tcx4xzo,L. Miley,Midfielder,67,62,17,45,23,4,172,4,3,195,2,4,134,45,89,275,220,4,23,4,1,22,17,5,1,1,,72,28,44,20,11,276,2,822,3,81,32,14,69,,172,15,4,4,15,2,8,6,3,12,2,16,21,736,405,355,733,11,18,,33,1493,11,3,,34,5,4,158,840,8,754,29,25,86,1121,36,19,2,4,13,97,25,73,,0,1,1,,19,,,,1,1,3,2,16,1,,1,,,,,,,,,,,,,,,,,,,,,,,,,,,,,,,,
England_Premier_League,2025-2026,Newcastle United FC,5chuil758xa9c7096hbjp6xw4,S. Neave,Forward,62,,,,,,,,,,,,,,,,,,,,,,,,,,,,,,,,,,,,,,,,,,,,,,,,,,,,,,,,,,,,,,,,,,,,,,,,,,,,,,,,,,,,,,,,,,,,,,,,,,,,,,,,,,,,,,,,,,,,,,,,,,,,,,,,,,,,,
England_Premier_League,2025-2026,Newcastle United FC,bf7ph89zhr5y6rtct5k9bvqc4,W. Osula,Forward,18,33,24,9,22,,35,6,1,49,1,5,99,68,31,102,12,4,22,,5,12,11,1,4,5,,66,44,22,1,6,12,1,62,,27,6,3,20,1,12,6,4,10,6,4,16,2,2,5,,6,,48,34,25,57,1,3,,1,660,21,,4,,23,13,63,71,14,57,4,33,14,197,1,1,8,,1,12,3,13,,4,1,1,1,,,1,1,1,3,,4,,,,,,,,,,,,,,,,,,,,,,,,,,,,,,,,,,,,
England_Premier_League,2025-2026,Newcastle United FC,be6q9hopo64lmpfhctnt07qj8,Park Seung-Soo,Forward,64,,,,,,,,,,,,,,,,,,,,,,,,,,,,,,,,,,,,,,,,,,,,,,,,,,,,,,,,,,,,,,,,,,,,,,,,,,,,,,,,,,,,,,,,,,,,,,,,,,,,,,,,,,,,,,,,,,,,,,,,,,,,,,,,,,,,,
England_Premier_League,2025-2026,Newcastle United FC,9s9i1a7hdq5bud8ma2dqi295h,N. Pope,Goalkeeper,1,14,,14,25,,,,,38,7,,17,1,16,2,345,1,25,,,35,29,6,,,,3,1,2,,,118,,300,2,9,1,,231,,92,,,1,25,1,,,,,28,,93,206,62,270,239,,1,,,2237,,,,34,1,2,234,555,1,332,1,2,223,895,,,,129,222,187,36,1,2,,,0,,,,,,,,,,,,,,,,,269,175,1,,,14,,,26,,6,87,5,2,11,78,54,23,2,32,,,,,,,,,
England_Premier_League,2025-2026,Newcastle United FC,6yovfcug6e9hykfauqy0fq67d,A. Ramsdale,Goalkeeper,32,7,2,5,12,,,,,47,1,,8,2,6,,210,,12,,,17,16,1,,,,1,,1,,1,108,,269,3,20,1,,89,,82,1,,,11,,1,,,,18,,55,211,44,223,212,,,,,1003,,,,10,,1,135,400,,267,,,133,507,,,,67,130,120,13,3,2,,,0,,,,,,,,,,,,,,,,,96,84,,,,4,,,11,,1,46,1,3,6,25,16,9,1,12,,,,,,,,,
England_Premier_League,2025-2026,Newcastle United FC,bhsh1n3qfg8awmctxlh8k7yzt,J. Ramsey,Midfielder,41,19,10,9,26,2,127,6,3,197,1,6,125,57,68,255,135,6,26,2,2,27,24,3,2,1,1,106,47,59,9,18,136,2,592,3,90,18,11,72,1,200,20,6,4,13,7,13,4,4,15,,17,9,535,331,213,531,18,13,3,1,1264,25,1,,8,15,13,106,598,10,540,31,43,58,782,5,5,13,4,6,49,14,52,3,1,1,1,,,,3,,,1,,1,,,1,,1,,1,,,,,,,,,,,,,,,,,,,,,,,,,,,,1,
England_Premier_League,2025-2026,Newcastle United FC,cpkhrnagjt43vjzf058psq0gl,J. Ruddy,Goalkeeper,26,,,,,,,,,,,,,,,,,,,,,,,,,,,,,,,,,,,,,,,,,,,,,,,,,,,,,,,,,,,,,,,,,,,,,,,,,,,,,,,,,,,,,,,,,,,,,,,,,,,,,,,,,,,,,,,,,,,,,,,,,,,,,,,,,,,,,
England_Premier_League,2025-2026,Newcastle United FC,dxxc4dioaioidmvamkzqr4b85,F. Schär,Defender,5,73,27,46,16,,40,4,12,155,4,6,114,48,66,63,327,4,16,,,13,10,3,,,,41,21,20,18,4,231,1,772,2,73,8,5,43,,198,4,9,4,11,2,5,1,1,,8,,71,651,241,432,601,4,10,1,4,1091,2,,,71,15,6,138,796,13,672,14,19,124,975,3,3,1,35,83,99,28,41,1,,,0,2,,,1,,1,,,2,,,,,,,,4,4,,1,,,,,,,,,,,,,,,,,,,,,,,,,
England_Premier_League,2025-2026,Newcastle United FC,5huvpvvrccp5qq5a11vz8v384,L. Shahar,Defender,61,,,,,,,,,,,,,,,,,,,,,,,,,,,,,,,,,,,,,,,,,,,,,,,,,,,,,,,,,,,,,,,,,,,,,,,,,,,,,,,,,,,,,,,,,,,,,,,,,,,,,,,,,,,,,,,,,,,,,,,,,,,,,,,,,,,,,
England_Premier_League,2025-2026,Newcastle United FC,cfpaejad8i9p2r1fj0wx0g222,M. Thiaw,Defender,12,168,56,112,33,,88,8,31,384,4,4,260,91,169,138,567,8,33,,4,49,43,6,,4,,92,35,57,27,6,577,2,1557,5,224,17,8,110,1,346,6,6,14,31,2,2,1,1,8,11,,81,1392,538,876,1332,11,29,1,5,2784,3,1,4,179,23,10,186,1578,20,1413,40,50,165,1975,7,7,,25,56,115,57,109,4,1,3,0,,,,2,2,,1,,6,,,,,1,,,2,2,7,,,,,,,,,,,,,,,,,,,,,,,,,,
England_Premier_League,2025-2026,Newcastle United FC,9sxg58hszjq17avxgumftdu22,S. Tonali,Midfielder,8,25,13,12,34,1,199,18,7,383,5,13,193,88,105,473,467,8,34,2,,38,32,6,,,,168,75,93,31,29,378,1,1440,3,169,53,31,143,,477,31,11,8,30,14,4,20,8,19,6,21,71,1220,734,568,1211,9,25,3,8,2490,29,6,,37,24,42,389,1521,19,1282,34,23,239,1984,74,28,12,42,77,259,54,162,4,,,0,2,49,,1,,2,,10,1,35,,2,1,,,,,,,,,,,,,,,,,,,,,,,,,,,,,,,,
England_Premier_League,2025-2026,Newcastle United FC,65z99j774kjnbf7vm0u2q0jit,K. Trippier,Defender,2,46,23,23,20,,142,,1,129,4,11,152,83,69,367,440,16,20,1,,26,23,3,,,,106,60,46,10,26,387,1,964,2,82,28,15,69,,46,27,2,,17,6,3,32,9,4,8,3,48,800,486,377,783,12,13,2,124,1507,12,1,,46,22,18,285,1015,2,831,25,6,184,1420,64,34,6,24,67,210,38,117,3,,,0,2,45,,,,1,,19,,22,,1,14,,,,,,,,,,,,,,,,,,,,,,,,,,,,,,,,
England_Premier_League,2025-2026,Newcastle United FC,5tbabvk43ljv3z3wd9mh0y8r9,J. Willock,Midfielder,28,19,10,9,22,1,75,2,1,114,,7,102,59,43,182,64,8,22,1,,15,14,1,,,,83,49,34,7,10,77,2,278,2,70,24,14,51,,73,10,7,5,9,9,13,2,2,7,1,6,8,226,155,84,229,4,14,3,3,853,20,3,,6,15,9,111,289,12,237,18,36,52,462,11,11,9,1,10,54,9,42,3,,,0,,,,,,1,,,1,,1,4,,,,,,,,,,,,,,,,,,,,,,,,,,,,,,,,,
England_Premier_League,2025-2026,Newcastle United FC,bxjc2heo4ve54cyvw98qcck45,Y. Wissa,Forward,9,33,20,13,17,,36,,1,12,,2,63,44,19,79,20,1,17,1,1,10,9,1,1,1,,30,24,6,,2,15,4,74,2,7,6,2,13,1,12,3,8,5,4,4,13,,,1,,5,3,47,37,19,53,,4,1,1,492,17,1,1,2,6,1,54,83,13,56,4,36,27,146,1,1,11,,1,22,6,26,2,0,1,1,,1,,,,,,,6,,2,,,,,,,,,,,,,,,,,,,,,,,,,,,,,,,,,,
England_Premier_League,2025-2026,Newcastle United FC,2kd2kqh0ykd5iuziic6590gve,N. Woltemade,Forward,27,90,55,35,31,2,70,8,2,97,,6,229,140,89,247,68,11,31,3,7,27,23,4,4,7,,139,85,54,4,14,71,8,323,3,40,20,7,49,5,116,17,11,12,22,19,9,,,13,,39,7,240,160,82,235,11,11,2,,1760,57,5,5,21,20,19,195,325,23,242,22,79,83,600,3,3,19,3,6,73,13,77,,5,2,1,,,,1,2,2,,,6,,5,3,,,,,,,,,1,,1,1,,,,,,,,,,,,,,,,,,,,,
England_Premier_League,2025-2026,Nottingham Forest FC,8fpslckj732nwuqwnyk9bljpw,Z. Abbott,Defender,44,8,2,6,3,,6,,1,13,,,20,8,12,27,33,,3,,,4,4,,,,,12,6,6,1,,19,,60,,7,2,1,10,,4,,,,2,2,1,1,1,1,,,1,43,17,28,43,,4,,8,165,4,,,7,3,1,34,62,,44,4,,18,107,2,2,2,3,7,16,4,11,,,,0,,,,,,,,,,,,,8,1,,,,,,,,1,,,,,,,,,,,,,,,,,,,,,,,
England_Premier_League,2025-2026,Nottingham Forest FC,7zokstl625tj96c64ow4uvjyt,O. Aina,Defender,34,39,14,25,18,,87,3,3,136,6,13,158,73,85,259,281,8,18,,,19,17,2,,,,119,59,60,25,9,210,,614,3,73,38,13,81,,51,9,8,1,18,3,,7,7,15,8,3,36,519,286,254,497,10,21,,90,1590,34,,,71,13,15,229,629,9,533,31,10,96,1093,31,31,19,15,31,96,31,65,3,,,0,,1,,1,,1,,,,,,2,45,,,,,,,,,,,,,,,,,,,,,,,,1,,,,,,,,
England_Premier_League,2025-2026,Nottingham Forest FC,exzca2akgjl00jfd2hzh33h7t,E. Anderson,Midfielder,8,112,46,66,37,4,403,18,16,599,7,21,534,241,293,787,798,36,37,4,4,49,40,9,3,3,1,422,195,227,39,48,539,2,2203,5,282,81,48,302,3,596,52,15,10,36,3,1,49,22,50,11,40,119,1873,1142,903,1877,39,62,9,11,3269,101,7,3,48,56,79,647,2336,25,1996,101,63,340,3236,125,50,41,33,102,378,87,238,8,2,2,0,2,87,,,,,1,23,1,53,,3,,1,,,,,,1,,1,1,1,,,,,,,,,,,,,1,,,,,,,,
England_Premier_League,2025-2026,Nottingham Forest FC,55eiicx10oqok1601fqyovt1x,T. Awoniyi,Forward,9,48,39,9,16,,24,1,1,22,,4,77,59,18,68,15,2,16,1,4,4,3,1,4,4,,29,20,9,1,5,13,5,72,,17,5,2,18,2,21,6,5,8,3,2,13,,,2,,8,,57,34,24,58,,1,1,,453,7,2,4,4,9,6,53,73,13,58,1,24,15,153,1,1,2,,,15,1,15,1,0,4,0,,,1,,1,,1,,2,,1,2,,,,,,,,,,,,,,,,,,,,,,,,,,,,,,,,,
England_Premier_League,2025-2026,Nottingham Forest FC,jvtea24o3s6ze8etqk0rqgru,D. Bakwa,Forward,29,5,4,1,14,1,65,2,1,92,,6,64,37,27,177,48,4,14,2,,10,9,1,,,,59,33,26,,9,68,,190,1,52,10,1,28,,15,11,4,3,6,7,8,8,6,8,,9,2,149,111,52,153,1,3,2,5,552,18,2,,2,9,14,107,196,7,155,4,22,41,333,30,22,13,3,6,60,11,35,1,,,0,,12,,,,,,2,1,7,3,,2,,,,,,,,,,,,,,,,,,,,,,,,,,,,,,,,
England_Premier_League,2025-2026,Nottingham Forest FC,cfpqqzqrpzv6dq89yw7nfd1p1,W. Boly,Defender,30,,,,,,,,,,,,,,,,,,,,,,,,,,,,,,,,,,,,,,,,,,,,,,,,,,,,,,,,,,,,,,,,,,,,,,,,,,,,,,,,,,,,,,,,,,,,,,,,,,,,,,,,,,,,,,,,,,,,,,,,,,,,,,,,,,,,,
England_Premier_League,2025-2026,Nottingham Forest FC,38de1wbyp2ruksgffna791n8p,N. Domínguez,Midfielder,16,33,20,13,26,,100,7,5,102,,3,151,67,84,154,183,8,26,1,1,20,18,2,,1,,118,47,71,7,10,117,,485,1,44,23,13,57,,114,11,5,5,17,16,9,6,4,6,1,18,15,409,232,211,422,26,28,2,2,1150,10,2,,17,16,11,109,514,10,437,54,16,77,707,8,7,6,4,9,56,29,68,3,0,1,0,,4,,,1,,,2,1,1,1,2,,,,,,,,,,,,,,,,,,,,,,,,,1,,,,,,,,
England_Premier_League,2025-2026,Nottingham Forest FC,7j84ozqdpgupzxevbxemi5tyh,Douglas Luiz,Midfielder,12,19,10,9,20,,120,3,2,136,,3,88,38,50,200,156,8,20,,1,14,10,4,1,1,,69,28,41,14,19,137,,561,1,69,18,10,49,1,194,19,3,5,11,10,9,11,3,6,1,18,26,501,294,261,518,10,12,,3,850,10,3,,10,13,14,126,607,8,544,22,16,63,798,32,13,7,3,20,82,13,43,3,1,0,0,,33,,,,,,8,2,15,,1,,1,,,,,,,,,,,,,,,,,,,,,,,,,,,,,,,
England_Premier_League,2025-2026,Nottingham Forest FC,55yy0p6johtu9nxk90zsfctt5,M. Gibbs-White,Midfielder,10,117,76,41,36,3,282,23,3,315,6,20,315,188,127,744,334,13,36,4,14,44,35,9,10,13,1,198,112,86,13,43,278,5,1145,5,178,61,23,107,9,279,47,26,31,34,16,2,9,9,28,2,61,40,926,696,267,914,5,15,9,5,3020,68,5,7,32,25,40,422,1173,57,954,20,122,219,1697,32,32,31,7,30,209,42,189,1,6,8,3,4,1,1,2,3,,2,,9,,6,6,2,,,,,,,,,,1,1,,,,,,,,,,,,,,,,,,,,,
England_Premier_League,2025-2026,Nottingham Forest FC,3rtuz9v8j72g7582pqbuaijf9,A. Gunn,Goalkeeper,18,,,,1,,,,,,,,,,,,19,,1,,,,,,,,,,,,,,,,6,,,,,4,,,,,,,,1,,,,2,,6,2,6,,,,,,,45,,,,1,,,13,19,,6,,,13,21,,,,7,13,12,1,,,,,0,,,,,,,,,,,,,,,,,4,8,,,,,,,1,,,4,,,1,,,,,,,,,,,,,,
England_Premier_League,2025-2026,Nottingham Forest FC,7y6f63pj7horkzhdzbge02rqh,C. Hudson-Odoi,Forward,7,12,9,3,30,2,230,10,2,349,1,21,137,78,59,613,109,4,30,4,3,26,21,5,3,2,1,125,69,56,8,40,72,3,650,5,199,27,8,68,3,246,44,10,10,21,17,9,13,12,30,,17,24,579,484,115,562,7,7,1,8,1844,50,5,2,14,12,12,248,657,20,586,14,66,71,1005,78,75,28,5,13,134,15,58,,2,1,1,1,7,,2,,1,,1,1,3,1,8,1,,,,,,,,,,,,,,,,,,,,,,,,,,,,,,,,
England_Premier_League,2025-2026,Nottingham Forest FC,71bbzkvxtah61qhi34m9n79ck,O. Hutchinson,Forward,21,29,24,5,30,4,194,8,,291,3,17,212,124,88,559,101,10,30,4,1,23,21,2,1,1,,183,100,83,12,26,175,7,497,2,160,45,24,84,,38,30,6,11,16,8,14,26,21,41,1,9,10,411,321,127,412,9,10,2,14,1606,62,7,1,8,21,24,298,508,17,422,19,81,86,958,104,70,34,6,15,168,22,71,1,1,0,0,,42,1,1,,,1,5,2,30,,8,,,,,,,,,,,,,,,,,,,,,,,,,,,,,,,,,
England_Premier_League,2025-2026,Nottingham Forest FC,as2byx2nymkahqyzw88gxictm,Igor Jesus,Forward,19,205,125,80,36,3,132,29,5,111,1,19,384,234,150,356,110,16,36,4,6,36,30,6,3,6,,179,109,70,3,11,76,11,423,4,58,28,6,56,4,108,15,18,20,27,23,9,3,3,11,1,34,12,304,219,91,295,8,15,,,2224,66,5,4,30,42,37,285,426,38,307,23,122,119,834,7,7,25,1,3,107,19,116,2,1,5,4,,,,6,2,2,,,3,,7,4,,,,,,,,,,,1,1,,,,,,,,,,,,,,,,,,,,,
England_Premier_League,2025-2026,Nottingham Forest FC,1hwkpsnmh04e9jakw26e584k4,Jair Cunha,Defender,23,9,4,5,8,,16,2,2,29,,1,31,10,21,19,86,,8,,,6,5,1,,,,22,6,16,4,1,54,,190,1,15,4,2,10,,42,1,,1,5,2,3,,,1,3,,5,153,53,107,155,4,5,,7,453,3,,,29,,6,46,198,1,160,9,4,38,274,2,2,2,10,15,25,15,23,,,,0,,,,,,,,,1,,,,,,,,3,4,1,,,,,,,,,1,,,,,,,,,,,,,,,,,
England_Premier_League,2025-2026,Nottingham Forest FC,465ote63ku4expl5kfdck5plh,John Victor,Goalkeeper,13,,,,5,,,,,8,1,,,,,,80,,5,,,8,6,2,,,,,,,,,32,,89,1,3,,,26,,18,,,,5,1,,,,,20,,30,61,24,59,53,,,,,438,,,,4,,,50,130,,83,,,47,151,,,,31,47,42,5,,1,,,0,,,,,,,,,,,,,,,,,25,31,,,,1,,,1,,,13,,1,3,6,6,,,2,,,,,,,,,
England_Premier_League,2025-2026,Nottingham Forest FC,1ziaf8ivlizetjhinr9ua6uax,Jota Silva,Forward,20,1,1,,1,,1,,,1,,,4,1,3,4,,,1,,,,,,,,,3,,3,,,1,,2,,1,,,,,,,,,,,1,,,,,,,2,2,,2,1,1,,,11,,,,1,,1,2,2,,2,2,2,,8,1,1,,,,1,,,,,,0,,,,,,,,,,,,,,,,,,,,,,,,,,,,,,,,,,,,,,,,,,,,,
England_Premier_League,2025-2026,Nottingham Forest FC,dw9fzixumboknmucqgqffurmy,A. Kalimuendo,Forward,15,7,3,4,9,,16,3,,11,,2,12,7,5,31,3,,9,,,3,3,,,,,5,4,1,,1,7,1,28,,7,1,1,4,,3,1,,1,,,9,,,,,2,,23,20,4,24,,1,,,89,2,,,1,2,,12,29,1,24,1,8,5,46,2,2,1,,,6,1,5,,,,0,,,,,,,,,1,,,,,,,,,,,,,,,,,,,,,,,,,,,,,,,,,,,,
England_Premier_League,2025-2026,Nottingham Forest FC,6w6ewzxircqxk6dsrs1rvc8ru,L. Lucca,Forward,20,9,4,5,4,,4,,,3,,,16,9,7,19,3,,4,,1,1,1,,1,1,,7,5,2,1,1,8,2,15,,1,1,,3,,1,1,3,1,1,1,3,,,,,2,,8,6,3,9,,,,,127,4,,1,3,1,2,15,16,4,9,,9,7,37,,,1,,,6,1,7,,0,1,0,,,,,1,,,,1,,,,,,,,,,,,,,,,,,,,,,,,,,,,,,,,,,,,
England_Premier_League,2025-2026,Nottingham Forest FC,6zjzpbshmem98ecmuc852di0a,J. McAtee,Midfielder,24,6,5,1,13,1,38,2,1,43,,1,42,26,16,70,19,3,13,1,,9,7,2,,,,36,21,15,3,5,23,1,111,1,20,13,7,15,,35,6,2,,2,1,11,,,3,,3,3,95,70,29,96,3,4,1,,277,13,1,,3,4,5,44,115,2,99,7,14,16,183,9,7,4,,2,20,5,14,1,,,0,,2,,,,,,,,2,,,,,,,,,,,,,,,,,,,,,,,,,,,,,,,,,,,
England_Premier_League,2025-2026,Nottingham Forest FC,bhi4ivjgojkot4d7za72gu2nd,N. Milenković,Defender,31,125,39,86,37,,107,2,34,230,9,2,209,70,139,80,484,9,37,,,50,41,9,,,,84,31,53,29,1,546,1,1449,5,117,24,12,104,,352,1,13,1,36,,1,,,3,26,4,81,1258,383,909,1211,13,17,1,4,3285,2,1,,211,20,20,215,1489,14,1292,30,33,197,1918,2,2,,71,114,142,57,83,6,,,0,,,,,,,,,2,,1,,,,,,4,4,1,,1,,,,,,,,,,,,,,,,,,,,,,,,
England_Premier_League,2025-2026,Nottingham Forest FC,bocgbpxctelmsucqoba2dujca,Morato,Defender,4,33,13,20,20,,34,,13,131,2,1,95,34,61,41,329,6,20,,1,22,19,3,,1,,62,21,41,10,2,155,1,694,,69,18,13,52,,209,2,3,2,13,1,7,,,5,8,,45,596,199,424,578,13,16,,3,1252,,,1,79,15,7,117,727,5,623,29,11,104,938,2,2,,17,50,65,41,54,5,0,1,0,,,,,1,,,,2,,,,1,,,,15,17,2,2,,3,,,,,,2,,,,,,,,,,,,,,,,,
England_Premier_League,2025-2026,Nottingham Forest FC,4txq9os03xwnktfi0n2qdmok,Murillo,Defender,5,46,22,24,25,,75,5,24,201,6,2,138,64,74,78,494,11,25,,1,29,21,8,,1,,92,42,50,34,8,164,,1065,4,110,28,22,102,,399,8,2,4,25,3,,,,9,7,1,82,890,335,611,864,13,22,3,4,2133,14,1,,130,23,7,223,1132,6,946,35,10,186,1483,3,2,5,33,86,134,55,100,5,0,1,1,2,,,,,,1,,,,,,,,,,26,28,2,2,2,1,,,,,,2,,,,,,,,,,,,,,,,,
England_Premier_League,2025-2026,Nottingham Forest FC,ex10o77wnk1exp9tj1t1rqj56,D. Ndoye,Forward,14,25,14,11,24,1,101,4,2,170,,13,149,80,69,284,60,3,24,1,1,17,12,5,1,1,,124,66,58,10,13,46,9,280,1,103,29,14,50,,75,14,7,4,14,11,10,9,8,13,,6,7,219,169,61,214,10,13,1,4,1176,39,2,1,12,16,22,179,282,11,221,23,52,61,555,33,30,20,1,6,75,19,55,1,1,0,1,,5,,1,1,,,1,1,3,3,4,1,,,,,,,,,,,,,,,,,,,,,,,,,,,,,,,,
England_Premier_League,2025-2026,Nottingham Forest FC,22zaq3o78o5feeogqdsvig02y,L. Netz,Defender,25,10,9,1,6,,24,,3,27,,,35,18,17,26,25,4,6,,,5,5,,,,,25,9,16,2,2,8,,90,,15,4,1,15,,33,2,,,3,2,3,,,2,2,4,4,76,31,45,72,5,7,,12,328,2,,,8,5,2,23,90,,76,12,5,14,148,2,2,2,4,5,7,9,9,,,,0,,,,,,,,,,,,,2,,,,,,,,,,,,,,,,,,,,,,,,,,,,,,,,
England_Premier_League,2025-2026,Nottingham Forest FC,5d6d4oc2rpau0mbbbt2dmtzv9,S. Ortega,Goalkeeper,27,1,,1,3,,,,,11,1,,1,,1,,44,,3,,,4,4,,,,,,,,,,18,,51,,5,,,8,,6,,,,3,,,,,,8,,23,34,10,37,24,,,,,270,,,,1,,,21,68,,47,,,21,81,,,,14,21,19,2,,,,,0,,,,,,,,,,,,,,,,,14,14,,,,4,,,,,,4,,,1,8,7,1,,,,,,,,,,,
England_Premier_League,2025-2026,Nottingham Forest FC,1abb1gcw7arw1nkbuxnccjca1,I. Sangaré,Midfielder,6,50,27,23,27,1,143,2,16,198,7,5,222,112,110,187,278,27,27,2,2,25,22,3,2,1,1,172,85,87,20,10,274,,887,3,85,32,21,106,2,225,12,9,5,24,8,3,,,11,5,25,37,766,418,381,762,29,30,3,6,2015,25,2,1,49,39,18,184,920,14,799,59,18,121,1240,8,8,11,17,30,94,35,91,5,2,0,0,,,,1,,1,,,1,,1,2,,2,,,1,1,,,,,,,,,,,,,,,,,,,,,,,,,,,
England_Premier_League,2025-2026,Nottingham Forest FC,979xx3uzyuwalkho856m0b14a,N. Savona,Defender,37,12,5,7,14,,75,1,3,69,3,7,70,36,34,154,153,4,14,,2,18,13,5,2,2,,58,31,27,4,7,148,1,390,2,29,19,9,27,1,23,7,1,3,11,2,3,8,8,2,2,,13,306,149,173,301,8,12,,76,1026,5,1,2,29,12,5,147,399,4,314,20,15,85,637,19,19,3,17,34,78,26,51,2,1,1,0,,,,,,,1,,,,,1,28,,,,,,,,,,,,,,,,,,,,,,,,,,,,,,,,
England_Premier_League,2025-2026,Nottingham Forest FC,2vgr8c97x4b2e51tyvvixusid,M. Sels,Goalkeeper,26,6,1,5,30,,,,,94,7,,14,3,11,,501,,30,,,38,31,7,,,,8,2,6,,1,145,,476,4,32,,,194,,108,1,,,29,1,1,,,,78,,144,274,113,315,284,,1,,,2577,,,,25,,5,330,754,,428,1,,326,1000,,,,194,322,274,52,4,2,,,0,,,,,,,,,,,,,,,,,212,189,,,,19,,,14,,1,79,3,5,12,92,61,31,1,28,,,,,1,1,,,
England_Premier_League,2025-2026,Nottingham Forest FC,zkyk0grumr5uyofybmuqpe6s,J. Sinclair,Midfielder,61,,,,,,,,,,,,,,,,,,,,,,,,,,,,,,,,,,,,,,,,,,,,,,,,,,,,,,,,,,,,,,,,,,,,,,,,,,,,,,,,,,,,,,,,,,,,,,,,,,,,,,,,,,,,,,,,,,,,,,,,,,,,,,,,,,,,,
England_Premier_League,2025-2026,Nottingham Forest FC,5jghfiqvm0da8h24wi0od6mtw,A. Whitehall,Midfielder,51,,,,,,,,,,,,,,,,,,,,,,,,,,,,,,,,,,,,,,,,,,,,,,,,,,,,,,,,,,,,,,,,,,,,,,,,,,,,,,,,,,,,,,,,,,,,,,,,,,,,,,,,,,,,,,,,,,,,,,,,,,,,,,,,,,,,,
England_Premier_League,2025-2026,Nottingham Forest FC,3mgjcyaseuexxlssgatjgsand,N. Williams,Defender,3,76,39,37,36,3,269,17,17,368,9,28,377,166,211,699,483,17,36,3,2,46,37,9,1,1,1,301,127,174,45,33,162,4,1266,4,209,83,31,158,2,374,36,8,18,35,2,1,27,22,30,18,5,47,1041,551,536,1013,32,62,,217,3116,66,5,,84,29,52,527,1288,26,1060,94,64,228,2322,107,94,39,55,97,264,71,131,6,1,1,0,2,20,,3,,,,5,2,13,,,68,1,1,1,,,2,,,,,,,,,,,,,,,,,,1,,,,,,,,
England_Premier_League,2025-2026,Nottingham Forest FC,cjdycctu96jilvbvnl7ndh9sl,C. Wood,Forward,11,56,32,24,14,,39,,4,6,,2,76,45,31,82,38,2,14,,3,13,11,2,2,3,,20,13,7,1,4,33,4,141,1,2,4,,12,1,32,4,13,8,10,10,4,,,1,,21,2,96,59,38,95,,1,1,,844,3,,2,8,6,5,69,142,21,97,1,33,45,216,1,1,1,,1,37,9,44,,2,1,0,,,,,,1,2,,3,,4,,,,,,,,,,,,,,,,,,,,,,,,,,,,,,,,,,
England_Premier_League,2025-2026,Nottingham Forest FC,ece7xph4emgawvh7mr56319ex,R. Yates,Midfielder,22,28,10,18,21,2,47,4,3,21,,2,80,34,46,87,88,6,21,2,,7,5,2,,,,52,24,28,9,3,55,,226,,7,6,3,16,,56,5,3,1,2,2,19,2,2,1,,5,4,174,95,100,189,5,9,,,579,7,,,21,13,13,71,246,4,193,14,9,53,358,2,2,1,3,8,40,15,45,3,,,0,,,,1,,,,,1,,,,,,,,,,,,,,,,,,,,,,,,,,,,,,,,,,,,
England_Premier_League,2025-2026,Nottingham Forest FC,3l7amac6wdv9yztupg7ur3kl,O. Zinchenko,Defender,35,10,6,4,5,,34,2,1,63,,3,34,18,16,110,74,1,5,,,6,5,1,,,,24,12,12,2,5,36,1,247,,35,12,5,17,,111,5,,2,4,1,1,1,1,1,1,,8,223,150,82,223,4,6,2,35,353,2,1,,11,1,2,48,255,2,231,10,2,24,359,17,14,1,3,7,35,6,17,,,,0,1,2,,,,,,,,1,,,1,,,,,,,,,,,,,,,,,,,,,,,,,,,,,,,,
England_Premier_League,2025-2026,Nottingham Forest FC,d7usri5fwyn96j26nyuwr2p04,E. da Silva Moreira,Forward,17,,,,,,,,,,,,,,,,,,,,,,,,,,,,,,,,,,,,,,,,,,,,,,,,,,,,,,,,,,,,,,,,,,,,,,,,,,,,,,,,,,,,,,,,,,,,,,,,,,,,,,,,,,,,,,,,,,,,,,,,,,,,,,,,,,,,,
England_Premier_League,2025-2026,Sunderland AFC,ai5p5wgft6c09bjbldz9sfeac,S. Adingra,Forward,24,23,14,9,14,,61,2,,80,,9,98,68,30,156,29,11,14,,1,8,7,1,,1,,75,54,21,2,7,7,4,161,,46,24,11,20,1,64,7,2,2,9,9,5,5,5,7,,7,2,122,82,45,120,3,8,1,3,658,31,2,,11,17,3,109,161,4,122,11,16,39,309,22,22,19,3,4,51,10,35,2,1,0,0,,,,3,,,,,1,,,4,,,,,,,,,,,,,,,,,,,,,,,,,,,,,,,,,
England_Premier_League,2025-2026,Sunderland AFC,2o3bka7gokfjkej1f600ovbo5,O. Alderete,Defender,15,152,64,88,32,1,90,7,29,402,9,5,268,122,146,118,546,8,32,1,1,40,35,5,,1,,116,58,58,36,8,213,5,1266,2,266,23,10,103,,443,9,8,9,31,4,1,3,3,17,12,2,78,1022,354,695,968,14,18,3,2,2779,16,1,1,216,34,10,297,1292,17,1046,32,47,246,1768,8,8,4,42,117,189,65,129,6,0,1,1,,,,,1,3,,,2,,,3,,,,,8,8,,,,1,,,,,,,,,,,,,,,,,,,,,,,
England_Premier_League,2025-2026,Sunderland AFC,a7uy4gpcruteqevpmmgf8nd3o,M. Aleksić,Midfielder,30,,,,,,,,,,,,,,,,,,,,,,,,,,,,,,,,,,,,,,,,,,,,,,,,,,,,,,,,,,,,,,,,,,,,,,,,,,,,,,,,,,,,,,,,,,,,,,,,,,,,,,,,,,,,,,,,,,,,,,,,,,,,,,,,,,,,,
England_Premier_League,2025-2026,Sunderland AFC,drjbms71w0kt1pidq8q17h05w,N. Angulo,Forward,10,8,5,3,6,,12,,,24,,5,44,27,17,59,14,6,6,,,4,4,,,,,36,22,14,2,3,10,1,46,1,17,4,1,6,,10,3,1,2,3,3,3,1,,5,,,,32,26,7,32,2,5,,,268,11,,,8,7,2,45,46,3,32,7,12,14,115,5,4,7,1,1,19,,13,,,,0,,,,,,,,,2,,,2,,,,,,,,,,,,,,,,,,,,,,,,,,,,,,,,,
England_Premier_League,2025-2026,Sunderland AFC,bnjdkz5d7st9gtn2srjs8ozc9,D. Ballard,Defender,5,183,77,106,29,,76,5,24,332,6,3,285,117,168,111,413,8,29,,2,34,28,6,,2,,102,40,62,20,15,400,3,1025,2,195,9,5,69,1,214,15,12,9,24,3,5,,,3,10,1,58,829,270,636,848,15,18,3,2,2148,8,3,1,185,29,30,221,1103,21,906,33,72,197,1493,1,1,2,51,98,152,46,99,4,2,0,0,,,1,1,1,,,,7,,,,,,1,1,66,66,,1,,2,,,,,,,,,,,,,,,,,,,,,,,
England_Premier_League,2025-2026,Sunderland AFC,3pqbfpqicht6vll0fosml3tp0,J. Bi,Forward,37,2,2,,1,,,,,2,,1,8,4,4,8,1,,1,,,,,,,,,6,2,4,,,1,,2,,1,2,1,2,,,,,,1,1,,1,,2,,,,2,3,,2,1,,,,39,2,,,,,1,9,2,,2,1,1,,18,4,2,1,,,4,,,,,,0,,3,,,,,,1,,2,,1,,,,,,,,,,,,,,,,,,,,,,,,,,,,,,,,,
England_Premier_League,2025-2026,Sunderland AFC,9c2i7ddl2uh7kuhwq62klkyui,B. Brobbey,Forward,9,136,72,64,29,1,78,6,5,78,1,9,249,143,106,244,42,13,29,1,6,28,25,3,5,6,,113,71,42,,14,57,8,252,2,31,23,13,42,3,77,15,9,16,20,14,9,,,2,,24,4,180,128,54,178,6,2,,,1793,40,2,3,13,29,33,167,254,25,182,8,83,72,490,2,2,13,,3,61,13,69,6,3,3,3,,,1,1,2,1,1,,10,,7,,,1,,,,,,,,,,,,,,,,,,,,,,,,,,,,,,,
England_Premier_League,2025-2026,Sunderland AFC,b4llr08d8tnltvsnv7agrxnxm,D. Cirkins,Defender,3,10,5,5,8,,28,,1,26,1,,35,17,18,29,44,1,8,,,2,2,,,,,25,12,13,5,,9,,98,,15,7,2,8,,18,,1,,3,1,5,1,1,3,,,1,76,38,40,76,3,5,,17,320,6,,,14,4,2,39,99,1,77,8,4,22,177,2,2,1,2,3,17,7,19,2,,,0,,,,,,,,,,,,,3,,,,,,,,,,,,,,,,,,,,,,,,,,,,,,,,
England_Premier_League,2025-2026,Sunderland AFC,egtyl4noukbjkm1va1i11e87o,H. Diarra,Midfielder,19,23,13,10,18,,127,3,,142,4,7,124,68,56,241,98,8,18,1,2,19,18,1,1,2,,101,55,46,4,4,104,1,408,1,76,31,8,46,2,97,5,13,8,15,7,3,2,2,6,,19,4,331,206,145,345,7,7,3,3,1365,29,,2,13,19,26,145,426,21,349,14,42,77,625,25,25,16,5,11,84,18,66,5,1,1,1,,,1,,,,,,2,,1,,,,,,,,1,,,,1,1,,,,,,,,,,,,,,,,,,,,,
England_Premier_League,2025-2026,Sunderland AFC,7iv79dtpsplpjl1jxod3swmlm,M. Ellborg,Goalkeeper,31,,,,3,,,,,13,1,,2,,2,,70,,3,,,2,2,,,,,2,,2,,,15,,67,,4,1,,33,,13,,,,3,,,,,1,4,,13,40,7,39,33,,,,,270,,,,6,,1,52,98,,46,,,52,131,,,,32,51,47,5,1,,,,0,,,,,,,,,,,,,,,,,17,15,,,,1,,,,,,12,1,,3,10,5,5,,3,,,,,,,,,
England_Premier_League,2025-2026,Sunderland AFC,4yyekuopwb7otz18rqfgwjht5,L. Geertruida,Defender,6,21,11,10,26,,109,4,9,141,3,2,101,45,56,138,233,9,26,,,21,19,2,,,,80,34,46,18,8,172,1,653,1,66,20,10,62,,148,8,3,3,15,3,11,2,2,7,3,6,23,555,254,312,541,15,19,1,36,1505,7,1,,44,15,5,141,662,6,564,34,14,98,901,5,5,4,18,28,65,38,70,1,,,0,,,,,,1,,,1,,,,14,,,,1,1,2,1,,1,,,,,,,,,,,,,,,,,,,,,,,
England_Premier_League,2025-2026,Sunderland AFC,9vk04uj215dfan7wak7j25hjo,Marc Guiu,Forward,9,17,12,5,10,1,13,2,,8,,3,36,28,8,39,7,3,10,1,,3,3,,,,,19,16,3,,2,8,2,31,,6,1,1,4,,4,3,9,2,1,1,9,,,1,,7,,21,17,5,22,,,,,266,4,1,,4,10,2,23,32,11,22,,16,10,70,,,3,,,8,2,10,1,,,0,,,,,,1,,,3,,2,,,,,,,,,,,,,,,,,,,,,,,,,,,,,,,,,,
England_Premier_League,2025-2026,Sunderland AFC,1ukdytu9hkkivba4ttz0t1jis,H. Jones,Midfielder,50,,,,,,,,,,,,,,,,,,,,,,,,,,,,,,,,,,,,,,,,,,,,,,,,,,,,,,,,,,,,,,,,,,,,,,,,,,,,,,,,,,,,,,,,,,,,,,,,,,,,,,,,,,,,,,,,,,,,,,,,,,,,,,,,,,,,,
England_Premier_League,2025-2026,Sunderland AFC,dvks9tdtrt7orsbravvxpz59m,L. Hjelde,Defender,33,,,,,,,,,,,,,,,,,,,,,,,,,,,,,,,,,,,,,,,,,,,,,,,,,,,,,,,,,,,,,,,,,,,,,,,,,,,,,,,,,,,,,,,,,,,,,,,,,,,,,,,,,,,,,,,,,,,,,,,,,,,,,,,,,,,,,
England_Premier_League,2025-2026,Sunderland AFC,31foqyshubo5nkh8kdmbjw8kq,T. Hume,Defender,32,131,67,64,36,1,157,12,12,153,8,13,321,150,171,406,403,18,36,1,1,40,35,5,1,1,,190,83,107,25,22,261,1,966,2,76,76,38,97,1,168,23,14,6,32,7,4,13,7,5,8,13,41,727,417,338,701,18,46,3,95,2887,22,1,1,98,31,39,425,989,20,742,64,44,247,1645,70,42,14,31,58,252,65,189,9,0,1,0,,22,,,,3,,5,4,15,1,1,46,1,,,,,2,1,1,1,,,,,,,,,,,,,,,,,,,,,,,
England_Premier_League,2025-2026,Sunderland AFC,1yev88jhwy9w7c4v3m4yyul7t,W. Isidor,Forward,18,90,65,25,30,,30,11,1,50,,6,158,112,46,142,37,7,30,,5,17,14,3,4,5,,68,47,21,,,29,11,127,,32,13,6,21,4,31,,13,16,11,11,19,,,6,,13,1,74,52,22,73,3,6,2,,1116,30,,4,15,14,6,106,127,29,74,9,63,53,280,,,16,,6,45,8,47,1,3,2,1,,,,1,1,,,,2,,2,1,,,,,,,,,,,,,,,,,,,,,,,,,,,,,,,,,
England_Premier_League,2025-2026,Sunderland AFC,bux7m074bz5yw6jfea3f1qh3o,Jaydon Jones,Midfielder,52,,,,,,,,,,,,,,,,,,,,,,,,,,,,,,,,,,,,,,,,,,,,,,,,,,,,,,,,,,,,,,,,,,,,,,,,,,,,,,,,,,,,,,,,,,,,,,,,,,,,,,,,,,,,,,,,,,,,,,,,,,,,,,,,,,,,,
England_Premier_League,2025-2026,Sunderland AFC,552qj0u8t6v6masaldu08ewwk,Jenson Jones,Defender,51,,,,,,,,,,,,,,,,,,,,,,,,,,,,,,,,,,,,,,,,,,,,,,,,,,,,,,,,,,,,,,,,,,,,,,,,,,,,,,,,,,,,,,,,,,,,,,,,,,,,,,,,,,,,,,,,,,,,,,,,,,,,,,,,,,,,,
England_Premier_League,2025-2026,Sunderland AFC,44o5mjglkzqxctz07ust9bcru,E. Le Fée,Midfielder,28,69,51,18,34,4,261,12,11,291,8,16,325,177,148,579,292,19,34,5,4,41,36,5,1,4,,256,126,130,27,43,205,4,1003,2,129,62,32,143,4,282,48,11,9,31,7,3,24,9,13,1,39,30,813,528,343,817,29,54,13,16,2755,62,10,4,36,28,34,403,1040,20,847,83,56,193,1638,70,32,32,8,25,220,43,168,5,4,0,0,4,49,,,,1,,14,1,29,1,7,,,,,,,,,,,4,3,,,,,,,,,,,,,,,,,,,,,
England_Premier_League,2025-2026,Sunderland AFC,55bgi895g03zhc7vdh7e7yvv9,A. Masuaku,Defender,26,1,,1,3,,12,1,,17,,,16,9,7,19,15,3,3,,,2,2,,,,,15,9,6,2,1,2,,47,,10,3,1,3,,19,1,,,2,2,1,2,2,2,,,1,38,16,25,38,2,2,,4,127,3,,,4,3,,22,48,,39,4,2,9,88,6,6,2,1,5,13,2,4,1,,,0,,,,,,,,,,,,,2,,,,,,,,,,,,,,,,,,,,,,,,,,,,,,,,
England_Premier_League,2025-2026,Sunderland AFC,c88btdvycx8d59x4yn1yrfqc4,Eliezer Mayenda,Forward,12,44,29,15,20,,18,5,1,58,1,4,122,80,42,99,28,2,20,,2,9,8,1,2,2,,78,51,27,1,4,31,3,85,1,40,13,7,14,,8,4,2,6,8,7,12,,,11,,6,1,56,43,13,55,4,1,,,756,42,2,1,5,6,11,100,85,8,56,5,31,29,228,1,1,21,,2,30,,27,,1,1,1,,,,,1,,1,,1,,1,6,,,,,,,,,,,,,,,,,,,,,,,,,,,,,,,,,
England_Premier_League,2025-2026,Sunderland AFC,8c3m2noq6elutwhvn3nuvs2xh,S. Moore,Goalkeeper,21,,,,,,,,,,,,,,,,,,,,,,,,,,,,,,,,,,,,,,,,,,,,,,,,,,,,,,,,,,,,,,,,,,,,,,,,,,,,,,,,,,,,,,,,,,,,,,,,,,,,,,,,,,,,,,,,,,,,,,,,,,,,,,,,,,,,,
England_Premier_League,2025-2026,Sunderland AFC,cfg0ocm0b2icpagbtnzkrihn9,N. Mukiele,Defender,20,124,49,75,30,4,125,8,9,297,8,14,291,118,173,476,469,15,30,4,3,38,32,6,2,2,1,167,69,98,36,18,369,3,1034,1,172,61,16,121,1,120,21,10,4,30,3,,14,14,11,5,3,43,798,404,456,803,23,44,3,120,2607,28,7,2,146,29,23,487,1083,14,846,67,48,237,1866,66,66,14,40,67,225,78,170,5,2,1,2,,,,,1,,1,,3,,,2,108,,,,33,33,2,,1,1,,,,,,,,,,,,,,,,,,,,,,,
England_Premier_League,2025-2026,Sunderland AFC,7jpzrq4bpes3uc1pkh56sc0oa,R. Mundle,Forward,14,8,3,5,14,,31,2,,60,,2,63,39,24,96,16,4,14,,,11,10,1,,,,55,36,19,1,1,7,,103,2,22,10,4,22,,50,1,3,2,2,2,12,2,2,7,,4,2,88,61,30,87,,5,,,400,22,,,6,7,8,64,104,5,89,5,18,15,208,9,9,8,1,2,17,7,13,1,,,0,,1,,,,,,,1,,2,3,,,,,,,,,,,,,,,,,,,,,,,,,,,,,,,,,
England_Premier_League,2025-2026,Sunderland AFC,e3h1tvkjrapl7usr04np8759m,D. Neil,Midfielder,4,2,2,,3,,1,,,1,,,3,2,1,1,3,,3,,,,,,,,,1,,1,1,,5,,9,,,,,,,,,,,,,3,,,,,1,1,8,4,4,7,,,,,13,,,,1,,1,1,9,,8,,,1,14,,,,,,1,,1,,,,0,,,,,,,,,,,,,,,,,,,,,,,,,,,,,,,,,,,,,,,,,,,,,
England_Premier_League,2025-2026,Sunderland AFC,4o48qpaaxvvvbjuxjeshj85hx,L. O'Nien,Midfielder,13,16,10,6,10,,13,,1,47,2,1,32,15,17,48,85,1,10,,,5,5,,,,,16,5,11,5,,60,,183,,26,6,3,9,,36,,1,,4,,6,,,1,5,,12,147,71,86,145,1,3,,12,407,1,,,18,4,6,72,194,1,157,4,5,37,286,7,7,,10,20,35,9,17,1,,,0,,,,,,1,,,,,,,19,,1,1,6,6,,,,,,,,,,,,,,,,,,,,,,,,,,,
England_Premier_League,2025-2026,Sunderland AFC,baw54pmabo8eu711u84zidmg9,A. Patterson,Goalkeeper,1,,,,,,,,,,,,,,,,,,,,,,,,,,,,,,,,,,,,,,,,,,,,,,,,,,,,,,,,,,,,,,,,,,,,,,,,,,,,,,,,,,,,,,,,,,,,,,,,,,,,,,,,,,,,,,,,,,,,,,,,,,,,,,,,,,,,,
England_Premier_League,2025-2026,Sunderland AFC,cj3dik1dqyo2nf1jgmyn471sl,Reinildo Mandava,Defender,17,56,25,31,23,,197,2,14,165,6,3,202,91,111,177,277,16,23,1,,24,20,4,,,,146,66,80,30,5,65,1,734,1,95,26,11,82,,199,6,2,,21,3,2,4,4,15,5,8,21,627,302,333,610,14,20,,77,1789,24,,,73,31,33,193,738,2,631,34,15,107,1152,17,17,11,19,39,85,39,68,7,,,0,,,1,1,,,,,,,,,21,1,1,1,,,,,,,,,,,,,,,,,,,,,,,,,,,,,
England_Premier_League,2025-2026,Sunderland AFC,b5ff5jpe5loaqmlxwsqine9ec,C. Rigg,Midfielder,11,13,9,4,16,,65,3,1,53,,3,63,31,32,127,74,4,16,,1,11,11,,1,1,,50,22,28,3,8,49,2,205,,21,10,4,29,,17,8,6,3,11,9,5,4,4,7,1,11,9,146,99,51,137,5,8,2,2,752,10,2,,10,8,8,91,205,9,146,13,19,59,311,6,6,5,8,11,43,22,48,1,0,1,0,,,,,,,1,,,,1,3,,,,,,,,,,,,,,,,,,,,,,,,,,,,,,,,,
England_Premier_League,2025-2026,Sunderland AFC,dua66xdc42wx57vmgh5t4ttxx,P. Roberts,Midfielder,10,1,1,,1,,3,1,,6,,,2,1,1,10,6,,1,,,1,1,,,,,1,,1,,,9,,20,,3,3,,1,,2,,,,,,1,,,1,,2,1,16,14,2,15,,,1,1,27,,,,,,,4,20,,16,,1,4,23,,,,,,4,,4,,,,0,,,,,,,,,,,,,,,,,,,,,,,,,,,,,,,,,,,,,,,,,,,,,
England_Premier_League,2025-2026,Sunderland AFC,6h0fuh0aamz86pf25qebm0fvu,R. Roefs,Goalkeeper,22,23,,23,33,,1,,,231,10,,35,2,33,,805,,33,,,44,38,6,,,,12,2,10,,4,179,,926,2,92,,,321,,269,4,,,33,,,,,1,88,,192,682,150,649,607,,,,,2970,,1,,34,,13,465,1254,,799,,,455,1605,,,,275,451,400,55,4,4,,,0,,,,,,,,,,,,,,,,,178,156,,,,18,,,44,,5,115,4,3,22,104,69,34,2,29,,,,,1,1,,,
England_Premier_League,2025-2026,Sunderland AFC,dwnd8j9ok6ncbp69gmchw953o,N. Sadiki,Midfielder,27,30,19,11,31,1,235,9,11,317,7,8,218,99,119,343,288,10,31,1,,40,34,6,,,,188,80,108,34,16,221,1,1014,2,167,56,38,105,,299,17,4,5,31,6,,4,4,26,5,34,37,860,469,424,852,22,24,4,11,2727,38,,,42,30,37,255,1043,9,889,46,36,154,1468,14,14,17,26,43,124,44,111,8,,,0,,,,3,,,,,1,,2,5,,,,,,,,1,,,,,,,,,,,,,,,,,,,,,,,,,
England_Premier_League,2025-2026,Sunderland AFC,e1islmeew98wa2ge0dicloay2,J. Seelt,Defender,23,6,1,5,2,,2,,1,35,,,14,4,10,7,41,1,2,,,2,2,,,,,8,3,5,,,47,,103,,26,4,3,6,,19,,,,1,1,1,,,,1,,2,90,41,55,94,4,,,,134,1,,,7,1,1,15,109,,96,4,,13,128,1,1,,1,6,11,3,7,,,,0,,,,,,,,,,,,,,,,,5,5,,,,,,,,,,,,,,,,,,,,,,,,,,,
England_Premier_League,2025-2026,Sunderland AFC,5606cqx2mlkrp81oe6uh6ghec,C. Talbi,Forward,7,14,13,1,27,,147,5,1,168,1,11,91,62,29,299,62,1,27,1,4,14,10,4,3,2,2,77,49,28,2,11,89,2,395,,91,32,9,59,4,97,12,10,10,16,14,11,7,6,16,1,18,13,324,205,126,311,5,6,,8,1531,31,,1,17,5,1,187,395,20,324,11,48,71,629,42,42,20,6,10,95,18,61,,1,3,1,,1,,,,,,1,2,,1,9,,,,,,,,,,,,,,,,,,,,,,,,,,,,,,,,,
England_Premier_League,2025-2026,Sunderland AFC,9uo88sreasbyj41lg34hxy28l,B. Traoré,Forward,25,18,12,6,12,,52,4,3,73,,2,86,44,42,146,37,4,12,,1,9,7,2,,1,,68,32,36,2,8,76,1,180,,34,11,5,18,,15,8,3,6,9,10,3,1,1,14,1,5,3,143,97,47,140,7,4,,,638,17,2,,6,11,11,91,180,9,143,11,23,37,318,12,12,8,2,5,40,9,32,1,1,0,0,,,,1,,,1,,,,2,1,,,,,,,,,,,,,,,,,,,,,,,,,,,,,,,,,
England_Premier_League,2025-2026,Sunderland AFC,cox2j1dmxp4p4yoe4xogwx7v8,T. Tutierov,Forward,57,,,,,,,,,,,,,,,,,,,,,,,,,,,,,,,,,,,,,,,,,,,,,,,,,,,,,,,,,,,,,,,,,,,,,,,,,,,,,,,,,,,,,,,,,,,,,,,,,,,,,,,,,,,,,,,,,,,,,,,,,,,,,,,,,,,,,
England_Premier_League,2025-2026,Sunderland AFC,peywxc5e8o4wje7l5w6r572s,J. Whittaker,Midfielder,53,,,,,,,,,,,,,,,,,,,,,,,,,,,,,,,,,,,,,,,,,,,,,,,,,,,,,,,,,,,,,,,,,,,,,,,,,,,,,,,,,,,,,,,,,,,,,,,,,,,,,,,,,,,,,,,,,,,,,,,,,,,,,,,,,,,,,
England_Premier_League,2025-2026,Sunderland AFC,6264xjr1y00yu7b9j2pknalzp,G. Xhaka,Midfielder,34,88,33,55,32,5,264,6,20,328,9,8,248,98,150,395,607,8,32,6,1,37,33,4,1,,1,160,65,95,29,28,473,,1538,,170,31,14,167,,340,34,10,5,30,2,2,23,7,11,10,29,130,1289,816,612,1275,17,32,7,4,2723,30,9,,81,21,38,402,1684,15,1405,49,15,279,2149,66,17,13,43,106,287,58,173,7,1,0,0,3,54,,2,,1,1,10,,35,,,,,,,,,1,,,,,,,,,,,,,,,,,,,,,,,,,,
England_Premier_League,2025-2026,Tottenham Hotspur FC,d5mm2bt54zdtg5kcxvwicp7h0,Y. Akhamrich,Forward,70,,,,,,,,,,,,,,,,,,,,,,,,,,,,,,,,,,,,,,,,,,,,,,,,,,,,,,,,,,,,,,,,,,,,,,,,,,,,,,,,,,,,,,,,,,,,,,,,,,,,,,,,,,,,,,,,,,,,,,,,,,,,,,,,,,,,,
England_Premier_League,2025-2026,Tottenham Hotspur FC,8y8d2dd469x9q0lc7qfyxypyh,B. Austin,Goalkeeper,40,,,,,,,,,,,,,,,,,,,,,,,,,,,,,,,,,,,,,,,,,,,,,,,,,,,,,,,,,,,,,,,,,,,,,,,,,,,,,,,,,,,,,,,,,,,,,,,,,,,,,,,,,,,,,,,,,,,,,,,,,,,,,,,,,,,,,
England_Premier_League,2025-2026,Tottenham Hotspur FC,3wp8fuk07m1ph1fpmbqe7tf55,R. Bentancur,Midfielder,30,71,42,29,24,,157,4,7,198,5,,184,84,100,195,228,11,24,1,1,23,19,4,,1,,113,42,71,32,9,245,1,898,2,77,34,21,118,1,277,10,6,3,21,11,3,1,1,16,6,23,17,765,359,416,757,18,33,2,1,1720,17,1,1,46,17,4,184,907,9,774,51,28,133,1200,6,6,10,13,23,97,42,110,7,1,0,0,,,,,,,,,1,,,2,,1,,,,,,,,,,,,,,,,,,,,,,,,,,,,,,,
England_Premier_League,2025-2026,Tottenham Hotspur FC,7pk2vyumro8ku45aar5dw7dw4,L. Bergvall,Midfielder,15,19,14,5,23,1,80,1,2,119,,4,112,63,49,191,85,15,23,3,1,18,13,5,1,1,,93,49,44,2,2,57,3,293,,54,12,7,39,,83,5,6,5,11,11,12,3,3,15,3,14,10,237,146,106,239,8,14,3,9,966,16,,1,13,24,7,132,305,11,249,22,30,56,494,17,17,9,2,8,61,12,48,2,0,1,0,,,,,1,,,,1,,,,23,,,,,,,,,,,,,,,,,,,,,,,,,,,,,,,,
England_Premier_League,2025-2026,Tottenham Hotspur FC,1g15ehziupxnsy1kvl3pqmbc9,Y. Bissouma,Midfielder,8,8,3,5,11,,61,1,3,70,,3,51,19,32,57,83,6,11,,,17,15,2,,,,43,16,27,9,,71,,310,,24,9,6,31,,101,,2,2,7,6,4,,,3,,7,1,272,141,137,277,7,11,,4,605,6,,,14,8,6,51,316,4,278,18,2,38,408,1,1,2,3,6,30,9,32,4,,,0,,,,,,,,,,,,,,,,,,,,,,,,,,,,,,,,,,,,,,,,,,,,,
England_Premier_League,2025-2026,Tottenham Hotspur FC,aulvxmbiie751rx4lfrfpmhas,J. Byfield,Defender,67,1,,1,1,,1,,,1,,,1,,1,3,1,,1,,,,,,,,,,,,,,2,,5,,,1,,,,1,,,,,,1,,,,,,,4,4,,4,,,,1,1,,,,,,,1,5,,4,,,1,7,,,,,,1,,1,,,,0,,,,,,,,,,,,,,,,,,,,,,,,,,,,,,,,,,,,,,,,,,,,,
England_Premier_League,2025-2026,Tottenham Hotspur FC,4ezld812zytvbokz97jwycgkp,K. Danso,Defender,4,111,38,73,22,,52,3,11,225,3,2,182,72,110,103,291,12,22,,,23,18,5,,,,71,34,37,18,3,265,,813,3,124,15,6,43,,226,2,2,2,15,3,7,,,1,4,,32,703,209,510,687,14,12,,13,1311,4,1,,121,21,11,183,834,4,719,26,16,115,1144,7,7,1,28,56,81,41,59,8,,,0,,,,,,1,,,,,,,45,,,,5,5,1,1,,,,,,,,,,,,,,,,,,,,,,,,,
England_Premier_League,2025-2026,Tottenham Hotspur FC,7qy1hiitksyuaa9l0irxg240l,B. Davies,Defender,33,7,3,4,3,,6,,1,14,,,15,6,9,30,29,2,3,,1,3,2,1,,1,,8,3,5,1,1,1,,64,,5,,,5,,29,1,,2,2,2,1,2,2,,,,5,55,28,30,51,1,4,,11,138,1,,1,8,2,,16,65,2,56,5,3,9,105,1,1,,3,3,6,4,6,1,1,0,0,,,,,,,1,,,,,,5,,,,,,,,,,,,,,,,,,,,,,,,,,,,,,,,
England_Premier_League,2025-2026,Tottenham Hotspur FC,4gbk8ka3fv401f8zyslo38fai,R. Drăgușin,Defender,3,28,11,17,9,,19,1,8,50,,1,48,24,24,30,86,3,9,,,13,10,3,,,,20,13,7,16,,58,,217,,22,6,1,14,,75,,3,,5,1,4,,,1,3,,6,165,45,141,180,3,2,,,514,2,,,43,9,1,69,238,3,186,5,9,52,343,3,3,,16,25,37,18,27,,,,0,,,,,,,,,,,,,9,,,,20,20,,1,,,,,,,,,,,,,,,,,,,,,,,,,
England_Premier_League,2025-2026,Tottenham Hotspur FC,c83h08n0vnjvfgglyefy03h0p,C. Gallagher,Midfielder,22,21,13,8,14,1,109,2,4,105,,6,113,57,56,178,123,10,14,1,1,21,18,3,,,1,92,44,48,16,10,113,1,424,1,45,32,18,63,1,95,11,4,3,12,8,2,6,6,11,5,7,19,351,206,164,345,5,14,,6,1018,13,1,,4,21,19,129,440,7,364,19,29,76,627,15,15,5,5,11,69,22,65,2,0,1,0,,,,1,,,,,2,,,1,,,,,,,,,,,,,,,,,,,,,,,,,,,,,,,,,
England_Premier_League,2025-2026,Tottenham Hotspur FC,4stnvxbf7enogqej29n3ll0d0,A. Gray,Midfielder,14,25,16,9,23,2,85,3,4,147,2,4,83,54,29,155,176,8,23,2,2,28,20,8,,2,,58,38,20,17,6,153,,524,1,73,24,12,57,1,123,8,3,5,18,9,5,4,4,7,1,4,21,433,229,221,425,3,8,2,27,1471,25,3,2,43,12,2,149,537,8,446,11,26,91,761,8,8,8,17,31,70,29,60,5,1,1,1,,,,,1,,,,,,,1,8,,,,,,,,,,,,,,,,,,,,,,,,,,,,,,,,
England_Premier_League,2025-2026,Tottenham Hotspur FC,1l228p52d8wdf8qhfxqu8rca,B. Johnson,Forward,22,31,15,16,33,1,101,7,1,128,1,18,144,78,66,321,111,14,33,1,2,23,23,,2,2,,113,63,50,4,18,76,14,349,3,76,41,22,52,2,82,19,11,5,19,14,14,18,8,9,1,9,9,227,172,91,236,10,18,2,8,1677,32,1,2,31,19,15,245,370,16,245,28,57,125,685,51,37,20,16,32,146,30,93,6,1,1,1,1,23,,,,,,8,2,12,,4,1,,,,,,2,,,,,,,,,,,,,,,,,,,,,,,,,,
England_Premier_League,2025-2026,Tottenham Hotspur FC,ecp0v1dxqfjbgy3urnkz5d3o5,João Palhinha,Midfielder,6,59,24,35,31,1,140,12,11,145,2,8,289,110,179,180,285,17,31,2,4,35,26,9,2,3,1,230,86,144,27,4,251,,919,2,68,48,31,80,4,270,6,8,8,21,7,10,,,9,2,20,37,743,338,429,730,43,61,1,3,2039,39,1,2,51,24,31,254,946,16,767,104,41,179,1377,4,4,12,23,56,119,64,123,7,1,3,1,,,,,,1,,,,,,1,,,,,,,1,,,,,,,,,,,,,,,,,,,,,,,,,,
England_Premier_League,2025-2026,Tottenham Hotspur FC,5qc2hwkixcdpfbq6qmfpxvey2,A. Kinský,Goalkeeper,31,3,,3,5,,,,,42,1,1,4,,4,,111,,5,,,5,4,1,,,,1,,1,,,26,,137,1,17,,,24,,32,,,,5,,,,,,15,,32,90,22,82,72,,,,,450,,,,9,,1,65,169,,104,,,65,198,,,,41,65,60,5,,,,,0,,,,,,,,,,,,,,,,,14,10,,,,2,,,1,,1,6,,1,3,7,6,1,,3,,,,,,,,,
England_Premier_League,2025-2026,Tottenham Hotspur FC,g3fgd752o63acmmuahdvppm1,R. Kolo Muani,Forward,39,75,48,27,28,1,75,5,1,141,,12,269,172,97,308,63,16,28,1,1,29,22,7,1,1,,194,124,70,3,18,96,3,301,2,88,21,9,63,1,70,19,10,4,20,16,8,7,7,25,1,13,4,214,165,59,213,11,17,1,2,1584,73,2,,18,39,17,245,304,14,217,28,73,87,636,7,7,38,3,5,75,19,82,3,1,0,0,,,,1,,1,,,7,,2,11,,,,,,,,,,,,,,,,,,,,,,,,,1,,,,,,,,
England_Premier_League,2025-2026,Tottenham Hotspur FC,p7vw4thx5wzo49h6hfabcq5m,M. Kudus,Midfielder,20,29,18,11,19,3,168,10,,264,2,20,263,156,107,492,75,13,19,5,2,20,13,7,2,1,1,234,138,96,3,18,156,10,436,1,133,30,9,95,,45,22,7,9,19,11,,28,18,52,,15,19,372,294,114,361,10,19,,7,1545,104,3,,6,23,15,331,444,16,380,29,57,64,931,94,56,50,3,8,141,17,56,3,1,1,1,2,49,,1,,1,2,9,3,35,,4,2,,,,,,,,,,,,,,,,,,,,,,,,2,,,,,,,,
England_Premier_League,2025-2026,Tottenham Hotspur FC,452iau45neg25sijaadssp5w4,R. Kyerematen,Midfielder,57,,,,,,,,,,,,,,,,,,,,,,,,,,,,,,,,,,,,,,,,,,,,,,,,,,,,,,,,,,,,,,,,,,,,,,,,,,,,,,,,,,,,,,,,,,,,,,,,,,,,,,,,,,,,,,,,,,,,,,,,,,,,,,,,,,,,,
England_Premier_League,2025-2026,Tottenham Hotspur FC,a1yoz8f4985o166nzcyigpj2t,J. Maddison,Midfielder,10,,,,1,,,,,7,,2,3,2,1,11,4,,1,,,,,,,,,3,2,1,,,5,,12,,2,1,1,1,,3,,,,,,1,1,,,,,,11,10,2,11,,,,,5,2,,,,,1,8,12,,11,,2,1,22,4,1,1,1,1,5,,,,,,0,,4,,,,,,1,,3,,,,,,,,,,,,,,,,,,,,,,,,,,,,,,,,,,,
England_Premier_League,2025-2026,Tottenham Hotspur FC,9bkzl4dx3mci3w86rjpfkwowk,W. Odobert,Forward,28,17,12,5,24,1,100,4,,164,,8,104,55,49,282,77,1,24,2,,13,9,4,,,,87,43,44,1,18,66,2,324,,101,22,8,54,,82,20,10,8,10,9,14,8,8,24,,6,6,275,228,56,270,1,9,1,1,980,38,2,,13,2,10,141,325,18,276,10,41,49,539,20,20,17,2,3,54,15,46,,,,0,,,,,,1,,,4,,2,1,,,,,,,,,,,,,,,,,,,,,,,,,,,,,,,,,
England_Premier_League,2025-2026,Tottenham Hotspur FC,235o0gowb68vw5utyes1a51qs,C. Olusesi,Midfielder,52,,,,1,,3,,,2,,,,,,2,2,,1,,,,,,,,,,,,,,3,,8,,,,,2,,,,,,,,1,,,,,1,1,8,7,1,7,,,,,14,,,,,,,,8,,8,,,,9,,,,,,,,,,,,0,,,,,,,,,,,,,,,,,,,,,,,,,,,,,,,,,,,,,,,,,,,,,
England_Premier_League,2025-2026,Tottenham Hotspur FC,77yaqzy45dxtzicao00jxrlgq,Pedro Porro,Defender,23,43,24,19,32,2,186,7,10,323,8,34,253,123,130,622,676,16,32,2,1,38,27,11,1,1,,210,99,111,29,45,409,1,1314,3,194,100,34,128,,107,46,15,8,30,6,2,53,32,17,11,6,126,968,635,443,899,25,45,3,207,2618,32,6,1,97,29,24,619,1378,23,1025,70,37,353,2280,169,117,24,60,153,417,105,200,9,1,0,0,6,66,,,1,,,18,,41,,6,21,,,,,,,,,2,,,,,,,,,,,,,,,2,,,,,,,,
England_Premier_League,2025-2026,Tottenham Hotspur FC,c5zmr0m17riujelm4up44etih,Richarlison,Forward,9,158,96,62,30,2,56,14,2,90,3,13,299,174,125,304,79,9,30,4,10,25,16,9,7,9,1,141,78,63,5,14,73,9,289,2,49,30,10,56,6,84,18,18,24,18,7,12,,,10,,14,10,178,131,50,171,10,15,2,2,1794,46,4,7,48,21,30,242,292,42,181,25,116,111,673,17,17,18,2,6,101,27,105,5,5,5,3,,,,,3,1,1,,8,,8,3,,,,,,,,,,,,,,,,,,,,,,,,,,,,,,,,,
England_Premier_League,2025-2026,Tottenham Hotspur FC,2w7i4jfw5wgh3j2wuworoumeh,C. Romero,Defender,17,102,29,73,23,1,77,2,14,241,4,2,234,79,155,92,400,19,23,1,4,31,26,5,3,4,,132,50,82,30,10,383,1,1053,1,137,23,21,88,1,268,11,9,6,22,5,1,,,8,1,1,47,917,316,669,938,29,29,,1,1872,8,4,2,94,32,16,170,1128,15,985,58,43,143,1446,1,1,2,19,49,97,47,94,9,1,3,0,,,,,3,,,,1,,,,1,,1,2,16,16,5,,,,,,,,,,,,,,,,,,1,,,,,,,1,
England_Premier_League,2025-2026,Tottenham Hotspur FC,1d3da6oy5qbv09fra1z4pqrdg,J. Rowswell,Defender,76,,,,1,,,,,,,,,,,,,,1,,,,,,,,,,,,,,,,,,,,,,,,,,,,,1,,,,,,,,,,,,,,,1,,,,,,,,,,,,,,,,,,,,,,,,,,0,,,,,,,,,,,,,,,,,,,,,,,,,,,,,,,,,,,,,,,,,,,,,
England_Premier_League,2025-2026,Tottenham Hotspur FC,btf0dch35aww78bzillh2jgx6,P. Sarr,Midfielder,29,65,38,27,24,3,126,7,10,183,3,2,183,98,85,188,160,17,24,3,2,23,21,2,1,2,,118,60,58,17,5,142,3,598,2,85,25,12,76,,192,8,3,6,13,2,11,1,1,12,2,16,20,505,288,240,507,12,21,3,4,1352,25,2,1,46,27,13,147,620,9,527,33,26,93,885,6,6,8,10,13,68,31,80,2,0,2,1,,,,,2,,,,1,,,,1,,,,,,,,,,,,,,,,,,,,,,,,,,,,,,,,
England_Premier_League,2025-2026,Tottenham Hotspur FC,33h8s55zcj0j535g2dyz9tnqi,D. Scarlett,Forward,44,2,2,,2,,2,,,1,,,4,4,,3,1,1,2,,,,,,,,,2,2,,,,,,4,,,,,1,,1,,,,,,2,1,1,,,,,2,1,2,2,,,,,7,1,,,,1,,5,4,,2,,1,2,9,,,,,,1,1,2,,,,0,,,,,,,,,,,1,,,,,,,,,,,,,,,,,,,,,,,,,,,,,,,,,,
England_Premier_League,2025-2026,Tottenham Hotspur FC,exhxdmdq49xj4dnguq03qnlgq,X. Simons,Midfielder,7,37,25,12,28,4,215,17,1,272,1,14,245,127,118,524,229,14,28,5,2,34,27,7,2,1,1,208,102,106,15,29,131,,729,1,145,38,22,87,2,227,34,15,10,19,9,9,14,4,28,1,32,36,597,438,241,629,13,21,8,9,1757,68,7,,12,21,44,310,802,25,665,34,51,137,1255,38,15,38,7,22,142,33,115,5,2,0,0,3,33,,4,,2,,8,3,20,4,4,1,,1,1,,,,,,,,,,,,,,,,,,,,,1,,,,,,,,
England_Premier_League,2025-2026,Tottenham Hotspur FC,dvj6rdi2k0td95oxldbj6e28l,D. Solanke,Forward,19,61,41,20,15,,42,6,2,76,,6,147,83,64,149,35,4,15,,3,21,18,3,2,3,,86,42,44,3,6,38,3,158,1,36,13,6,34,2,43,6,3,11,11,4,4,,,13,,8,2,117,75,42,115,6,16,,,1000,26,1,2,11,12,9,111,158,14,117,22,55,41,341,2,2,13,2,4,34,9,37,1,3,0,0,,,,,,,1,,3,,2,2,,,,,,,,,,,,,,,,,,,,,,,,,,,,,,,,,
England_Premier_League,2025-2026,Tottenham Hotspur FC,f0drogjsrwqv3hyjxuqcnk8vd,M. Solomon,Forward,27,,,,,,,,,,,,,,,,,,,,,,,,,,,,,,,,,,,,,,,,,,,,,,,,,,,,,,,,,,,,,,,,,,,,,,,,,,,,,,,,,,,,,,,,,,,,,,,,,,,,,,,,,,,,,,,,,,,,,,,,,,,,,,,,,,,,,
England_Premier_League,2025-2026,Tottenham Hotspur FC,3ejs2v072imy9uf3nmg43i0ic,Souza,Defender,38,1,1,,4,,6,,,8,,2,12,10,2,12,11,2,4,,,3,2,1,,,,11,9,2,2,3,2,,24,1,6,1,,3,,8,3,,1,2,2,2,,,,,,,22,13,12,25,,,,2,144,3,,,4,3,2,8,27,1,25,,5,2,49,3,3,2,,,5,,2,1,,,0,,1,,,,,,,,,,,,,,,,,,,,,,,,,,,,,,,,,,,,,,,,,,,
England_Premier_League,2025-2026,Tottenham Hotspur FC,9irgn82qm11logbhup51rg5wp,D. Spence,Defender,24,45,24,21,28,,192,3,3,307,7,16,235,124,111,384,285,11,28,,,31,25,6,,,,190,100,90,17,10,86,4,834,,165,60,24,105,,282,10,2,7,22,7,6,10,10,30,2,7,33,678,383,316,656,16,26,,135,1944,67,4,,52,25,18,339,845,9,689,42,34,156,1418,37,37,41,21,47,140,53,109,4,,,0,,,,2,,,,,2,,,5,26,,,,,,,,,,,,,,,,,,,,,,,,,,,,,,,,
England_Premier_League,2025-2026,Tottenham Hotspur FC,dvic19ojqq6erwene0ijta61g,K. Takai,Defender,25,,,,,,,,,,,,,,,,,,,,,,,,,,,,,,,,,,,,,,,,,,,,,,,,,,,,,,,,,,,,,,,,,,,,,,,,,,,,,,,,,,,,,,,,,,,,,,,,,,,,,,,,,,,,,,,,,,,,,,,,,,,,,,,,,,,,,
England_Premier_League,2025-2026,Tottenham Hotspur FC,cv1d56d42wujfuc4kt6bn53x0,M. Tel,Forward,11,45,31,14,29,1,83,9,1,222,,20,217,127,90,365,74,6,29,1,4,21,18,3,3,3,1,172,96,76,5,24,37,3,295,3,125,22,8,66,4,103,25,14,8,11,9,18,25,11,37,1,3,11,227,172,82,218,8,10,,15,1179,71,3,,10,16,21,252,297,22,229,18,57,68,682,60,28,38,2,11,115,13,57,1,2,2,0,,45,,,,1,,14,3,29,2,4,1,1,,,,,,,,,,,,,,,,,,,,,,,,,,,,,,,
England_Premier_League,2025-2026,Tottenham Hotspur FC,c33x61zuxixolkkalsigc3q0a,D. Udogie,Defender,13,20,12,8,18,1,109,1,4,157,,10,116,59,57,211,186,7,18,1,,23,19,4,,,,96,47,49,7,11,54,3,513,2,108,37,12,62,,177,12,1,1,12,5,6,5,5,5,1,3,4,436,261,193,445,10,16,,74,1183,23,2,,24,14,19,150,526,2,449,26,36,77,803,18,18,11,11,16,63,32,61,3,,,0,,,,,,,,,,,,4,7,,,,,,,,,,,,,,,,,,,,,,,,,,,,,,,,
England_Premier_League,2025-2026,Tottenham Hotspur FC,h12c7ocq35slzrop3ltnrsnp,G. Vicario,Goalkeeper,1,13,1,12,31,,,,,159,7,1,18,2,16,,588,,31,,,50,39,11,,,,5,1,4,,1,247,,838,2,59,1,1,247,,236,1,,,31,,,,,,64,,157,601,97,621,561,,1,,,2790,,,,37,,3,361,1071,,718,1,,353,1365,,,,244,346,285,68,7,1,,,0,,,,,,,,,,,,,,,,,208,130,1,,,15,,,21,,1,57,7,2,19,83,62,21,2,28,,,,,,,,,
England_Premier_League,2025-2026,Tottenham Hotspur FC,81qmlg0ttijhkywm55ejdr40k,L. Vušković,Defender,16,,,,,,,,,,,,,,,,,,,,,,,,,,,,,,,,,,,,,,,,,,,,,,,,,,,,,,,,,,,,,,,,,,,,,,,,,,,,,,,,,,,,,,,,,,,,,,,,,,,,,,,,,,,,,,,,,,,,,,,,,,,,,,,,,,,,,
England_Premier_League,2025-2026,Tottenham Hotspur FC,2wi1g2fjcgxsm2gqkyj6jh9n8,L. Williams-Barnett,Midfielder,68,,,,,,,,,,,,,,,,,,,,,,,,,,,,,,,,,,,,,,,,,,,,,,,,,,,,,,,,,,,,,,,,,,,,,,,,,,,,,,,,,,,,,,,,,,,,,,,,,,,,,,,,,,,,,,,,,,,,,,,,,,,,,,,,,,,,,
England_Premier_League,2025-2026,Tottenham Hotspur FC,bk1nh2axh3i5jamodh8kvf1uc,J. Wilson,Forward,79,,,,,,,,,,,,,,,,,,,,,,,,,,,,,,,,,,,,,,,,,,,,,,,,,,,,,,,,,,,,,,,,,,,,,,,,,,,,,,,,,,,,,,,,,,,,,,,,,,,,,,,,,,,,,,,,,,,,,,,,,,,,,,,,,,,,,
England_Premier_League,2025-2026,Tottenham Hotspur FC,dodddfi0l5i36vlgbaybhzeqy,M. van de Ven,Defender,37,92,50,42,33,,130,3,21,329,7,,202,90,112,93,503,12,33,1,4,45,34,11,,4,,110,40,70,21,5,344,2,1495,1,172,23,19,113,1,668,6,6,6,33,2,,,,11,4,2,65,1343,406,1074,1415,20,18,,10,2863,9,1,2,124,24,21,199,1645,12,1480,38,31,165,2005,3,3,4,38,82,101,67,83,8,0,4,1,,,,1,2,,1,,1,,,1,1,1,1,1,102,114,3,,,,,,,,,12,,,,,,,,,,,,,,,,,
England_Premier_League,2025-2026,West Ham United FC,3o0zpl9cnmna2hyk595ja0xrd,N. Aguerd,Defender,5,7,3,4,2,,10,,2,29,,1,10,3,7,10,44,,2,,,8,8,,,,,3,,3,1,,9,,111,,14,3,2,8,,52,,2,,2,,,,,1,1,,6,100,42,62,98,1,,,2,180,,,,11,,1,14,115,2,104,1,2,11,145,2,2,,4,7,12,1,4,,,,0,,,,,,,,,,,,,,,,,2,2,,,,,,,,,,,,,,,,,,,,,,,,,,,
England_Premier_League,2025-2026,West Ham United FC,9eaevg9okpy4gcm6yofg7vbv9,A. Areola,Goalkeeper,23,7,2,5,20,,,,,32,,1,9,3,6,,425,1,20,1,,37,34,3,,,,2,1,1,1,,57,,293,5,14,,,142,,58,1,,,20,,,,,,64,,127,156,95,157,125,,,,,1800,,,,29,1,1,294,540,,252,,,288,762,,,,170,287,254,34,1,,,,0,,,,,,,,,,,,,,1,,,156,164,,,,15,,,15,,,99,3,6,21,77,51,21,,25,,,,,,,,,
England_Premier_League,2025-2026,West Ham United FC,d542ijpf3j9hdrtt1mfe6vwlx,J. Bowen,Forward,20,85,55,30,36,9,195,28,7,378,5,48,402,227,175,774,206,9,36,10,8,60,56,4,6,6,2,317,172,145,27,33,286,17,726,6,260,76,22,148,1,68,43,22,26,36,6,,26,13,52,3,41,15,525,430,150,539,19,28,6,5,3225,131,14,3,37,19,46,542,755,48,554,47,159,201,1533,113,71,60,10,28,277,37,173,5,4,4,2,1,54,,,1,2,6,13,5,40,4,7,1,,,,,,,1,,,1,1,,,,,,,,,,,,,,,,,,,,,
England_Premier_League,2025-2026,West Ham United FC,27hwtukeqxh91ch1f3qr1it49,V. Castellanos,Forward,11,55,34,21,16,,58,6,2,33,1,7,131,86,45,183,59,16,16,,4,15,14,1,3,4,,76,52,24,4,12,45,7,223,2,14,17,7,26,2,63,12,16,16,16,13,,2,2,2,,18,1,146,105,45,147,3,7,2,3,1243,19,1,3,20,26,12,130,225,32,148,10,59,77,397,4,4,10,2,5,65,16,72,6,2,2,0,,,,,2,2,,,7,,6,1,2,,,,,,,,,,,,,,,,,,,,,,,,,,,,,,,,
England_Premier_League,2025-2026,West Ham United FC,18ibccymsaxom7wdnfz0tevx0,E. Diouf,Defender,12,80,36,44,30,4,200,5,12,225,5,17,242,112,130,384,430,11,30,5,,44,41,3,,,,162,76,86,30,20,25,2,933,3,135,57,18,115,,288,25,9,3,28,6,2,24,20,21,19,1,54,687,364,355,641,22,20,4,170,2531,41,5,,112,26,23,456,943,12,695,42,26,248,1672,69,62,23,72,120,233,84,128,5,,,0,,7,,3,,,,2,,5,,1,42,2,,,,,,1,,,,,,,,,,,,,,,,,1,,,,,,,,
England_Premier_League,2025-2026,West Ham United FC,3djmsd2atvq16ysmocq7twsfd,A. Disasi,Defender,4,27,11,16,12,,38,1,11,91,5,,52,18,34,21,161,1,12,,,14,13,1,,,,25,7,18,10,1,115,1,444,1,42,7,6,24,,178,1,1,3,12,1,,,,2,3,1,27,379,95,331,399,4,9,,,1075,2,,,46,5,3,77,492,4,426,13,10,66,616,,,,14,35,52,14,31,1,,,0,,,,,,,,,1,,,,,,,,42,42,1,,1,,,,,,,,,,,,,,,,,,,,,,,,
England_Premier_League,2025-2026,West Ham United FC,8azqsh9x69noyyxe508disyz8,G. Earthy,Midfielder,40,,,,1,,2,,,1,,,,,,2,,,1,,,1,1,,,,,,,,,,1,,3,,1,,,,,,,,,,,1,,,,,1,,3,1,2,3,,,,,8,,,,,,,,3,,3,,1,,3,,,,,,,,,,,,0,,,,,,,,,,,,,,,,,,,,,,,,,,,,,,,,,,,,,,,,,,,,,
England_Premier_League,2025-2026,West Ham United FC,eagrmpe9ft8daly57l1ja8lhx,Ł. Fabiański,Goalkeeper,22,,,,,,,,,,,,,,,,,,,,,,,,,,,,,,,,,,,,,,,,,,,,,,,,,,,,,,,,,,,,,,,,,,,,,,,,,,,,,,,,,,,,,,,,,,,,,,,,,,,,,,,,,,,,,,,,,,,,,,,,,,,,,,,,,,,,,
England_Premier_League,2025-2026,West Ham United FC,cjq9g6zgcxk1ceo2xzpe1qnyt,N. Füllkrug,Forward,11,50,32,18,8,,28,2,1,7,,,69,48,21,61,18,2,8,,,11,11,,,,,19,16,3,2,7,24,3,93,,3,7,2,10,,23,7,4,3,5,4,3,,,,,8,1,57,38,19,56,1,1,,1,408,6,,,4,11,1,51,93,7,57,2,23,36,144,,,,,1,34,2,35,,,,0,,,,,,,,,1,,3,,,,,,,,,,,,,,,,,,,,,,,,,,,,,,,,,,
England_Premier_League,2025-2026,West Ham United FC,76h9zbckc2a2dais5jggfprf8,A. Golambeckis,Defender,58,,,,,,,,,,,,,,,,,,,,,,,,,,,,,,,,,,,,,,,,,,,,,,,,,,,,,,,,,,,,,,,,,,,,,,,,,,,,,,,,,,,,,,,,,,,,,,,,,,,,,,,,,,,,,,,,,,,,,,,,,,,,,,,,,,,,,
England_Premier_League,2025-2026,West Ham United FC,eobf6cct1dpm7bdqyatg6ejmx,M. Hermansen,Goalkeeper,1,10,,10,16,,,,,83,6,1,11,,11,,309,,16,,,25,24,1,,,,1,,1,,1,136,,397,1,23,,,148,,89,1,,,16,,,,,,33,,76,282,57,264,245,,,,,1440,,,,19,,2,216,534,,321,,,213,721,,,,129,209,184,29,4,,,,0,,,,,,,,,,,,,,,,,113,73,,,,8,,,17,,2,53,1,1,12,48,29,17,4,10,,,,,,,,,
England_Premier_League,2025-2026,West Ham United FC,3morom2ghzwon6c0io97t0opg,F. Herrick,Goalkeeper,49,,,,,,,,,,,,,,,,,,,,,,,,,,,,,,,,,,,,,,,,,,,,,,,,,,,,,,,,,,,,,,,,,,,,,,,,,,,,,,,,,,,,,,,,,,,,,,,,,,,,,,,,,,,,,,,,,,,,,,,,,,,,,,,,,,,,,
England_Premier_League,2025-2026,West Ham United FC,acg898oezqn7590ue8x8aik89,Igor Julio,Defender,5,1,1,,4,,2,,2,6,,,2,2,,1,10,1,4,,,3,3,,,,,1,1,,1,1,4,,21,1,4,,,3,,6,1,,,1,,3,,,,1,,2,15,5,11,14,,,,,103,,,,10,1,,9,22,,16,,,6,43,,,,4,4,5,1,2,,,,0,,,,,,,,,,,,,,,,,,,,,,,,,,,,,,,,,,,,,,,,,,,,,
England_Premier_League,2025-2026,West Ham United FC,jykf7m9lffcn8ezf8fcouv3d,A. Irving,Midfielder,39,4,4,,7,,17,,1,21,,1,15,9,6,36,28,1,7,,,4,4,,,,,11,5,6,1,3,22,,85,,6,2,1,14,,26,3,,,2,2,5,3,1,,1,2,5,77,54,32,78,3,3,,2,157,3,,,,1,,24,93,,83,6,1,10,130,9,2,1,1,1,18,1,9,,,,0,,12,,,,,,2,,6,,,,,,,,,,,,,,,,,,,,,,,,,,,,,,,,,,,
England_Premier_League,2025-2026,West Ham United FC,6xzgcexqk70l1ps75vs22c9p0,M. Kanté,Midfielder,55,2,,2,9,,5,,,11,,,17,8,9,18,7,,9,,,,,,,,,15,8,7,,1,7,,23,,7,2,1,7,,4,1,2,,,,9,,,1,,,,15,14,1,15,2,4,,,38,4,,,1,1,,13,23,2,15,6,4,8,45,,,,,1,8,,7,1,,,0,,,,,,,,,,,,,,,,,,,,,,,,,,,,,,,,,,,,,,,,,,,,,
England_Premier_League,2025-2026,West Ham United FC,2nz313c0ot91untg011l3pc6h,M. Kilman,Defender,3,82,35,47,21,,32,2,24,156,1,4,132,63,69,28,213,3,21,,,37,35,2,,,,50,28,22,9,4,181,,658,4,81,8,7,43,,261,4,4,1,17,,4,1,1,4,9,,27,577,187,418,577,8,8,,,1559,6,,,111,16,2,98,687,5,604,16,13,83,916,2,2,1,18,49,65,20,34,4,,,0,,,,1,,,,,2,,,,,2,,,16,16,1,,,1,,,,,,,,,,,,,,,,,,,,,,,
England_Premier_League,2025-2026,West Ham United FC,d8rhd5703un70m58h7nwgs4k4,K. Lamadrid,Midfielder,21,,,,,,,,,,,,,,,,,,,,,,,,,,,,,,,,,,,,,,,,,,,,,,,,,,,,,,,,,,,,,,,,,,,,,,,,,,,,,,,,,,,,,,,,,,,,,,,,,,,,,,,,,,,,,,,,,,,,,,,,,,,,,,,,,,,,,
England_Premier_League,2025-2026,West Ham United FC,at7mm2zrj2hjhu4bnq1f9noix,Lucas Paquetá,Midfielder,10,89,51,38,18,1,147,6,6,161,1,14,265,142,123,350,295,13,18,1,4,32,30,2,2,2,2,176,91,85,8,22,176,5,760,2,70,37,15,76,,171,23,6,11,18,9,,7,3,16,2,49,25,584,394,221,583,17,22,10,14,1521,53,6,2,17,28,30,314,789,17,608,39,25,181,1141,28,17,26,6,24,182,27,157,5,3,1,0,2,11,,,,,4,3,1,8,6,4,1,1,,1,,,,,,,2,2,,,,,,,,,,,,,,,,,,,,1,
England_Premier_League,2025-2026,West Ham United FC,8wcpxluqhub8yqrgi1jcvzbx0,Luis Guilherme,Forward,17,1,1,,5,,9,,,16,,1,14,11,3,18,10,,5,,,2,2,,,,,13,10,3,,1,4,,30,,8,,,8,,7,1,1,,1,1,4,,,2,,2,1,27,11,16,26,,1,,,121,9,,,2,,,15,30,1,27,1,2,3,50,,,4,,,2,1,3,,,,0,,,,,,,,,,,,,,,,,,,,,,,,,,,,,,,,,,,,,,,,,,,,,
England_Premier_League,2025-2026,West Ham United FC,d3pb7ybk0yv0hrjbr80vyx1xw,S. Magassa,Midfielder,27,27,16,11,22,,58,2,4,78,,1,129,56,73,89,116,11,22,,1,23,21,2,,1,,102,40,62,16,5,132,,398,2,32,29,16,54,1,99,5,3,2,11,9,11,1,1,5,1,9,19,320,169,159,308,19,21,,4,979,9,1,1,14,17,17,109,405,5,327,40,7,78,594,8,8,3,8,17,56,30,61,4,0,1,0,,,,1,,,,,,,,,,1,,,,,,,,,,,,,,,,,,,,,,,,,,,,,,,
England_Premier_League,2025-2026,West Ham United FC,2enbc2twlit6p88fivho2aal0,C. Marshall,Forward,50,4,3,1,2,,3,,,3,,,8,6,2,5,1,,2,,,2,2,,,,,4,3,1,2,,,1,3,1,1,2,1,1,,,,1,,,,2,,,1,,,,1,1,1,2,,,,,58,3,,,,,,8,4,1,2,,1,2,17,,,1,,,2,,2,,,,0,,,,,,,,,1,,,,,,,,,,,,,,,,,,,,,,,,,,,,,,,,,,,,
England_Premier_League,2025-2026,West Ham United FC,d6tc895jr5kkxotydz2jcjx1w,Mateus Fernandes,Midfielder,18,36,18,18,34,1,319,10,11,333,3,13,342,151,191,388,384,28,34,3,3,47,43,4,3,2,1,306,133,173,33,31,339,,1332,5,148,57,38,171,2,405,34,9,6,33,12,1,12,6,28,1,56,104,1167,653,623,1160,36,61,11,3,2844,48,3,1,32,47,48,312,1447,15,1264,97,19,183,1973,38,21,18,10,63,173,48,120,7,2,1,0,,13,,2,1,1,,4,1,8,1,2,2,,,,,,,,,,,,,,,,,,,,,,,,,,,,,,,,
England_Premier_League,2025-2026,West Ham United FC,5l8wtw156meo2vrtrgasif6jt,K. Mavropanos,Defender,15,114,38,76,29,,62,3,26,248,5,1,185,63,122,72,410,5,29,,3,40,37,3,,3,,71,25,46,45,4,413,2,1047,4,127,13,9,92,1,196,4,11,8,25,,4,1,1,2,12,,80,862,318,572,809,15,21,,3,2348,2,,3,180,12,9,216,1081,19,889,36,39,192,1477,2,2,,45,103,144,50,89,2,3,0,1,,,,,2,,,,3,,,,2,,,,,,,3,2,2,,,,,,,,,,,,,,,,,,,,,,,
England_Premier_League,2025-2026,West Ham United FC,9p0o4y4dpb8xioba6ogpu2nmc,E. Mayers,Defender,63,4,1,3,6,,7,1,,11,,,6,2,4,22,36,,6,,,3,3,,,,,2,1,1,1,2,6,,81,1,7,5,3,6,,32,2,,,,,6,2,2,1,1,1,4,68,46,24,64,,,,3,113,1,,,4,,,17,81,,68,,3,13,101,1,1,,3,6,10,4,7,,,,0,,,,,,,,,,,,,1,,,,,,,,,,,,,,,,,,,,,,,,,,,,,,,,
England_Premier_League,2025-2026,West Ham United FC,bvlwv6fwawqnv446zj516y4no,Pablo,Forward,19,60,39,21,12,1,63,3,2,43,,4,144,88,56,126,42,12,12,1,,11,10,1,,,,84,49,35,4,10,34,,182,2,15,19,8,26,,43,11,5,2,9,7,3,,,7,,13,2,134,88,46,132,11,12,3,,754,21,2,,10,21,6,92,182,7,134,23,23,48,324,2,2,4,,3,38,12,45,,,,0,,,,,,,,,1,,3,1,,,,,,,,,,,,,,,,,,,,,,,,,,,,,,,,,
England_Premier_League,2025-2026,West Ham United FC,7tq0nbv4r6h0xubf1yugetp4a,F. Potts,Midfielder,32,33,13,20,22,,57,2,3,85,,1,111,46,65,111,175,8,22,1,,25,21,4,,,,78,33,45,17,7,149,,502,5,42,19,12,38,,151,8,,1,12,8,10,6,,2,3,7,27,420,256,195,418,12,17,,3,1167,11,2,,31,15,14,137,532,1,445,29,8,87,728,28,6,6,14,30,85,30,57,1,,,0,,25,,1,,,,5,,18,,,,,,,,,,,,,,,,,,,,,,,,,,,,,,,,,,,
England_Premier_League,2025-2026,West Ham United FC,73efpm314q2paeacsvp4e8q8l,G. Rodríguez,Midfielder,24,3,1,2,6,,11,1,,12,,,14,7,7,15,17,1,6,,,2,2,,,,,11,6,5,2,,21,,74,,5,6,3,10,,27,,,,2,2,4,,,,,1,,66,37,31,68,1,,,,177,,,,2,2,4,11,76,,68,1,,8,100,2,2,,,3,5,5,5,1,,,0,,,,,,,,,,,,,,,,,,,,,,,,,,,,,,,,,,,,,,,,,,,,,
England_Premier_League,2025-2026,West Ham United FC,cewu4eas8t4vqw2ade2o5apsk,O. Scarles,Defender,30,14,7,7,13,,59,,1,63,,4,75,29,46,109,122,5,13,,,16,15,1,,,,61,22,39,13,5,14,1,271,2,34,14,8,35,,80,5,3,,9,5,4,3,2,2,8,,18,217,110,114,203,8,22,1,46,659,7,3,,30,7,7,117,275,3,221,30,7,54,500,31,10,7,13,25,69,16,29,2,,,0,,18,1,1,,,,,,18,,,9,,,,,,,,,,,,,,,,,,,,,,,,,,,,,,,,
England_Premier_League,2025-2026,West Ham United FC,6wwagkprtmcadu8p6klcu2uhh,T. Souček,Midfielder,28,115,49,66,33,,140,5,13,106,5,10,246,119,127,248,281,14,33,,5,39,38,1,3,5,,131,70,61,16,10,201,5,806,3,42,34,14,61,2,204,10,6,12,22,7,11,,,3,3,25,30,616,307,329,606,16,23,1,2,2045,14,1,4,79,36,20,249,826,18,636,39,51,190,1133,13,13,7,19,39,154,49,151,2,4,1,0,,,,2,1,1,1,,4,,2,1,,,1,1,,,,1,,1,,,,,,,,,,,,,,,,,,,,,,,1
England_Premier_League,2025-2026,West Ham United FC,7sdbx7mzjxhvofvke9mp26kbu,C. Summerville,Forward,7,21,14,7,29,1,181,19,4,342,3,23,308,156,152,507,144,31,29,1,5,39,36,3,5,5,,287,142,145,15,24,65,6,567,4,182,35,12,111,3,186,25,18,15,27,15,2,12,6,42,1,35,8,468,313,176,469,18,22,4,4,2300,83,3,3,30,49,63,306,576,33,477,40,105,99,1112,42,22,49,3,6,114,27,93,6,1,4,2,,26,1,2,1,1,1,6,7,18,3,12,,,,,,,,,,,,,,,,,,,,,,,,,,,,,,,,,
England_Premier_League,2025-2026,West Ham United FC,7cp51c8zn7y08iyk0hc9ix5nt,J. Todibo,Defender,25,50,25,25,22,1,55,1,13,180,,,114,45,69,40,272,5,22,1,,35,33,2,,,,64,20,44,17,4,220,1,742,3,96,16,13,88,,226,5,1,,21,4,1,,,4,4,,25,643,207,467,649,14,24,,2,1791,6,,,96,8,3,123,773,1,674,38,9,99,1020,3,3,5,20,40,64,38,59,5,,,0,,,,,,1,,,1,,,1,,,1,1,15,15,2,,,,,,,,,,,,,,,,,,,,,,,,,,
England_Premier_League,2025-2026,West Ham United FC,e83zd56y74k8uecxqyo5xw7v9,Adama Traoré,Forward,17,14,13,1,24,,36,3,,63,,6,64,41,23,118,14,1,24,,,12,11,1,,,,50,28,22,,3,42,5,104,,48,6,3,14,,12,3,3,1,1,1,23,5,5,12,,8,1,81,64,22,80,,2,1,2,377,22,1,,2,7,8,84,104,4,81,2,20,23,217,22,22,8,1,2,42,3,21,1,,,0,,,,1,,,,,1,,1,1,,,,,,,,,,,,,,,,,,,,,,,,,,,,,,,,,
England_Premier_League,2025-2026,West Ham United FC,2uiza5b6fbum38chxtvmnkzqh,K. Walker-Peters,Defender,2,31,19,12,22,,125,,4,134,3,3,158,62,96,234,207,6,22,,1,25,24,1,1,1,,127,43,84,9,7,208,1,567,5,86,33,18,55,1,35,7,2,3,14,3,8,1,1,16,3,1,14,485,287,207,479,14,30,1,99,1290,24,1,1,33,11,24,151,575,5,493,44,19,82,933,18,18,8,11,24,73,27,58,2,1,0,1,,,,1,,,,,,,,2,9,,,,,,,,,,,,,,,,,,,,,,,,,,,,,,,,
England_Premier_League,2025-2026,West Ham United FC,e1t5rgvs2hwnldts6vn8agzc9,A. Wan-Bissaka,Defender,29,46,24,22,24,1,121,,7,176,3,6,161,80,81,342,312,11,24,2,,41,38,3,,,,115,56,59,39,16,229,1,712,2,99,47,20,72,,54,18,,,22,3,2,16,16,16,13,1,23,541,346,215,522,10,21,2,161,2021,30,2,,93,23,12,312,716,,545,31,15,171,1314,24,24,16,39,47,149,46,124,4,,,0,,,,2,,,,,,,,2,54,,,,,,,2,,2,,,,,,,,,,,,,,,,,,,,,,,
England_Premier_League,2025-2026,West Ham United FC,7r6vds5j65fohi1k28cnqjqvp,J. Ward-Prowse,Midfielder,8,22,12,10,16,1,78,3,7,101,1,3,79,39,40,147,167,6,16,1,,27,25,2,,,,57,27,30,20,21,142,,547,,41,14,9,46,,188,22,,2,12,6,4,26,2,2,2,10,26,487,283,252,483,9,6,1,2,1069,9,7,,17,8,13,133,575,2,509,15,1,66,783,44,8,5,11,24,97,13,42,1,,,0,2,49,,,,,,19,,28,1,,,,,,,,,,,,,,,,,,,,,,,,,,,,,,,,,,
England_Premier_League,2025-2026,West Ham United FC,66r7rq9kcoyow46ovmhzrtec5,C. Wilson,Forward,9,60,43,17,30,1,37,9,2,52,,15,129,84,45,171,31,3,30,1,6,21,19,2,2,5,1,69,41,28,3,6,30,9,140,2,33,11,2,27,2,42,7,12,13,10,9,20,1,1,12,,11,1,89,67,23,88,2,1,,2,1108,25,,4,4,11,13,132,140,25,89,3,74,51,327,4,4,9,,3,44,11,48,1,2,4,2,,,,,2,,2,,6,,1,1,,,,,,,,,,,,,,,,,,,,,,,,,,,,,,,,,
England_Premier_League,2025-2026,West Ham United FC,bp3apdb2ahzacq45k4mzj5jhl,E. Álvarez,Midfielder,4,,,,,,,,,,,,,,,,,,,,,,,,,,,,,,,,,,,,,,,,,,,,,,,,,,,,,,,,,,,,,,,,,,,,,,,,,,,,,,,,,,,,,,,,,,,,,,,,,,,,,,,,,,,,,,,,,,,,,,,,,,,,,,,,,,,,,
England_Premier_League,2025-2026,Wolverhampton Wanderers FC,6tw17svpbzdkijz41qssno1sk,J. Abbey,Midfielder,50,,,,,,,,,,,,,,,,,,,,,,,,,,,,,,,,,,,,,,,,,,,,,,,,,,,,,,,,,,,,,,,,,,,,,,,,,,,,,,,,,,,,,,,,,,,,,,,,,,,,,,,,,,,,,,,,,,,,,,,,,,,,,,,,,,,,,
England_Premier_League,2025-2026,Wolverhampton Wanderers FC,36h87ecgmpjdltk1epsbvmiju,E. Agbadou,Defender,12,41,15,26,14,,49,3,15,159,,2,105,38,67,58,244,6,14,,,27,22,5,,,,64,23,41,13,4,230,,637,1,72,10,4,66,,136,4,4,3,12,,2,4,4,4,6,1,50,525,201,350,497,12,20,2,7,1101,6,,,65,10,5,147,659,7,547,32,12,112,872,10,10,1,19,67,96,26,45,1,,,0,1,,,,,,,,,,,2,4,,1,1,1,1,4,,,,,,,,,,,,,,,,,,,,,,,,,,
England_Premier_League,2025-2026,Wolverhampton Wanderers FC,bgsz3d0fmlaw8003dn66i4m0a,André,Midfielder,7,18,14,4,33,,217,9,12,272,1,1,272,133,139,190,324,31,33,,1,51,46,5,1,,1,254,119,135,28,18,373,,1221,2,125,41,23,196,,341,18,4,1,28,6,5,10,3,19,3,34,56,1119,530,626,1090,35,41,1,2,2586,44,1,,48,41,40,213,1255,5,1146,76,5,109,1683,30,10,15,7,27,101,38,82,11,1,0,1,1,19,,1,,,1,4,,14,,,,,,,,,1,,,,,,,,,,,,,,,,,,,,,,,,,,
England_Premier_League,2025-2026,Wolverhampton Wanderers FC,4x28fz3umkky3c6488mza2961,J. Arias,Midfielder,10,28,18,10,23,,136,6,2,118,1,8,165,95,70,242,72,18,23,,1,21,17,4,1,1,,137,77,60,8,11,115,3,381,,63,43,30,58,1,76,11,7,3,14,12,9,9,3,8,,17,8,339,214,152,349,16,27,,4,1121,38,,1,15,25,9,126,399,10,357,43,39,42,666,22,12,12,1,2,52,12,40,1,1,0,1,3,16,,,,1,,5,4,9,2,1,,,,,,,,,,,,,,,,,,,,,,,,,,,,,,,,,
England_Premier_League,2025-2026,Wolverhampton Wanderers FC,dusjrdiyxfadenwx4pjr7catx,A. Armstrong,Forward,9,22,14,8,12,1,33,6,1,37,1,4,71,44,27,116,28,7,12,2,1,18,18,,1,,1,49,30,19,2,4,35,5,132,3,10,9,4,13,1,45,6,5,5,12,5,,1,1,9,,4,,92,69,33,101,4,3,1,,1000,16,3,,11,12,3,85,141,10,101,7,34,40,255,3,3,8,3,3,33,10,37,3,0,1,0,,,,1,,1,,,2,,3,,1,,,,,,,,,,,,,,,,,,,,,,,,,,,,,,,,
England_Premier_League,2025-2026,Wolverhampton Wanderers FC,boehs62sf23wlas5wb4l5s2y,T. Arokodare,Forward,14,187,92,95,31,1,80,8,1,72,1,8,279,144,135,265,47,3,31,1,3,28,24,4,1,3,,92,52,40,5,11,71,6,262,3,41,19,9,24,1,64,12,22,15,13,6,18,,,18,,33,1,161,112,49,160,2,4,,,1365,36,1,2,40,17,16,216,262,37,161,6,98,101,577,,,14,1,6,75,26,95,1,1,2,0,1,,,,2,1,,,10,,22,1,,,,,,,,,,,1,,,,,,,,,,,,,,,,,,,,,,
England_Premier_League,2025-2026,Wolverhampton Wanderers FC,wg9qybhs3qeq9awhux331uqx,J. Bellegarde,Midfielder,27,30,21,9,25,1,96,6,3,170,,5,169,74,95,236,139,10,25,1,1,30,24,6,1,1,,139,53,86,10,12,82,,403,,96,24,14,41,1,107,13,8,7,15,14,10,5,4,18,,11,26,318,226,116,311,13,15,4,1,1240,31,2,1,20,19,41,173,424,15,337,28,25,87,706,20,13,11,6,20,83,24,67,5,1,0,0,2,5,,,,,,1,,4,,,,,,,,,,,,,,,,,,,,,,,,,,,1,,,,,,,,
England_Premier_League,2025-2026,Wolverhampton Wanderers FC,5pbnl8ssfcrxf9lfg1pl3vxzp,D. Bentley,Goalkeeper,25,1,,1,3,,,,,11,,,3,,3,,62,,3,,,7,7,,,,,2,,2,,,16,,60,1,3,1,,26,,10,,,,3,,,,,,6,,14,31,10,34,30,,,,,270,,,,5,,2,44,88,,44,,,44,122,,,,28,44,36,8,,,,,0,,,,,,,,,,,,,,,,,26,21,,,,3,,,3,,,12,,1,3,7,7,,,,,,,,,,,,
England_Premier_League,2025-2026,Wolverhampton Wanderers FC,2x8nx4vnp5c8dwo2elx3pykq2,A. Brooks,Goalkeeper,40,,,,,,,,,,,,,,,,,,,,,,,,,,,,,,,,,,,,,,,,,,,,,,,,,,,,,,,,,,,,,,,,,,,,,,,,,,,,,,,,,,,,,,,,,,,,,,,,,,,,,,,,,,,,,,,,,,,,,,,,,,,,,,,,,,,,,
England_Premier_League,2025-2026,Wolverhampton Wanderers FC,f1d2kd0gd4a3jlerhixmi7uy2,T. Chirewa,Forward,23,1,1,,2,,,,,,,,8,4,4,1,,1,2,,,,,,,,,7,3,4,,,3,,3,,,,,2,,,,,,,,2,,,,,,,3,2,1,3,3,,,,25,,,,1,3,1,2,3,,3,3,,,10,,,,,,,,,,,,0,,,,,,,,,,,,1,,,,,,,,,,,,,,,,,,,,,,,,,,,,,,,,,
England_Premier_League,2025-2026,Wolverhampton Wanderers FC,31wf775s975qy3il33oora8k5,M. Doherty,Defender,2,31,10,21,11,,45,2,6,53,,,83,38,45,54,121,9,11,,,15,13,2,,,,52,28,24,7,3,104,,288,2,25,5,3,28,,28,3,1,,11,8,,2,2,2,1,,15,231,98,144,225,8,8,,15,791,3,1,,37,16,6,76,298,1,240,16,7,58,427,5,5,,7,21,43,20,37,4,,,0,,,1,1,,1,,,,,,,2,1,,,,,,,,,,,,,,,,,,,,,,,,,,,,,,,
England_Premier_League,2025-2026,Wolverhampton Wanderers FC,85a377j24ljbzjwmtza22f95g,T. Edozie,Forward,74,,,,3,,2,,,6,,,6,3,3,7,2,,3,,1,,,,1,1,,6,3,3,,,2,,7,,2,,,1,1,1,,1,1,,,3,,,2,,,1,5,3,2,4,1,,,,12,3,,1,,,,5,7,2,5,1,3,2,16,,,1,,,2,,2,,1,0,0,,,,,,,,,,,,,,,,,,,,,,,,,,,,,,,,,,,,,,,,,,,,,
England_Premier_League,2025-2026,Wolverhampton Wanderers FC,7nivkfkngr374fx5totgektm1,A. Gomes,Midfielder,47,2,2,,11,,48,,2,35,,,35,16,19,67,46,6,11,,,7,7,,,,,33,14,19,,4,30,,157,2,16,6,3,15,,43,4,4,2,6,6,5,2,1,3,,7,10,136,76,70,134,4,4,1,,398,6,,,3,6,8,50,167,6,144,8,5,23,237,9,2,2,1,5,22,10,18,1,,,0,2,3,,,,1,,1,,2,,,,,,,,,,,,,,,,,,,,,,,,,,,,,,,,,,,
England_Premier_League,2025-2026,Wolverhampton Wanderers FC,apl8d6ei0nymbajtoj149vxuc,E. González,Forward,30,,,,,,,,,,,,,,,,,,,,,,,,,,,,,,,,,,,,,,,,,,,,,,,,,,,,,,,,,,,,,,,,,,,,,,,,,,,,,,,,,,,,,,,,,,,,,,,,,,,,,,,,,,,,,,,,,,,,,,,,,,,,,,,,,,,,,
England_Premier_League,2025-2026,Wolverhampton Wanderers FC,54zcdwwbnjv7d1zd6jd90u4gk,J. Gracey,Goalkeeper,70,,,,,,,,,,,,,,,,,,,,,,,,,,,,,,,,,,,,,,,,,,,,,,,,,,,,,,,,,,,,,,,,,,,,,,,,,,,,,,,,,,,,,,,,,,,,,,,,,,,,,,,,,,,,,,,,,,,,,,,,,,,,,,,,,,,,,
England_Premier_League,2025-2026,Wolverhampton Wanderers FC,6w1s9fojh50ecti3rz8jv6jca,K. Hoever,Defender,26,12,6,6,8,,37,,1,30,,,45,18,27,91,50,2,8,,,13,11,2,,,,33,12,21,6,5,60,1,153,1,17,9,2,16,,7,4,,1,6,6,2,7,7,5,1,,9,105,71,42,97,2,11,,27,428,6,2,,20,3,3,78,154,1,106,13,3,48,283,15,15,3,9,19,55,8,29,,,,0,,,,,,,,,,,,,5,,,,,,,,,,,,,,,,,,,,,,,,,,,,,,,,
England_Premier_League,2025-2026,Wolverhampton Wanderers FC,f1lellpt59ka10kyngi7vsqy2,Hugo Bueno,Defender,3,42,23,19,33,1,273,3,4,349,3,18,293,152,141,497,277,13,33,2,1,44,38,6,,,1,251,129,122,38,35,68,3,803,4,230,66,24,115,,226,37,6,6,26,9,7,57,40,31,8,3,25,652,379,358,655,28,39,,186,2343,78,6,,67,18,24,424,844,12,680,67,46,164,1681,108,71,46,30,48,197,75,116,3,1,0,0,1,45,,,,,1,12,,29,,3,28,1,,,,,,,,,,,,,,,,,,,,,,,,,,,,,,,
England_Premier_League,2025-2026,Wolverhampton Wanderers FC,dl8x6fzdexn8r0sj65vgcgq8l,Hwang Hee-Chan,Forward,11,19,13,6,24,1,89,3,,119,,7,105,67,38,196,105,17,24,1,2,27,25,2,1,2,,86,54,32,9,9,55,9,327,3,63,17,7,43,1,90,10,8,6,16,16,8,3,2,8,,9,11,242,157,99,242,5,4,2,8,1283,23,1,2,15,27,15,162,339,14,253,9,25,86,538,15,9,14,2,7,73,28,79,4,2,0,0,1,6,,,,,1,1,2,5,3,,,,,,,,,,,,1,1,,,,,,,,,,,,,,,,,,,,,
England_Premier_League,2025-2026,Wolverhampton Wanderers FC,5frs9u0spep2j3gszu06awo9h,S. Johnstone,Goalkeeper,31,4,1,3,12,,,,,59,,,6,1,5,,322,,12,,,24,18,6,,,,2,,2,,,77,,271,1,27,,,108,,39,,,,12,,,,,,54,,127,166,99,146,118,1,1,,,1080,,,,24,,,195,438,,245,2,,193,576,,,,93,193,171,22,,,,,0,,,,,,,,,,,,,,,,,112,100,2,,1,7,,,7,4,3,45,1,1,14,39,26,13,,17,,,,,,,,,
England_Premier_League,2025-2026,Wolverhampton Wanderers FC,71rob1lsnmdviy1siakkzpqdx,José Sá,Goalkeeper,1,18,1,17,21,,,,,94,4,1,22,1,21,,431,,21,,,35,32,3,,,,4,,4,,1,122,,371,2,38,,,191,,92,1,,,21,,,,,,52,,133,263,104,289,260,,,,,1890,,,,44,,6,255,645,,393,,,252,878,,,,113,246,215,37,6,2,,,0,,,,,,,,,,,,,,,,,166,158,,,,11,,,26,,5,81,1,2,28,54,39,15,,14,,,,,,,,,
England_Premier_League,2025-2026,Wolverhampton Wanderers FC,5hu4oy1jz8k1c3ajuiueoo2ga,João Gomes,Midfielder,8,53,27,26,34,1,309,6,6,438,2,6,435,211,224,387,351,47,34,1,1,55,49,6,1,1,,382,184,198,34,15,342,1,1378,3,209,59,30,190,1,417,16,6,7,31,9,3,11,11,43,4,44,37,1176,639,588,1179,39,68,4,13,2743,76,2,1,41,66,48,354,1419,13,1216,107,34,203,1997,21,21,23,15,33,161,63,170,10,1,0,1,3,,,1,,,,,,,2,3,,,,,,,,,,,,,,,,,,,,,,,,,,,,,,,,,
England_Premier_League,2025-2026,Wolverhampton Wanderers FC,33hs47yxefec8e9ntgqgr49n9,S. Kalajdžić,Forward,18,3,1,2,1,,3,,,1,,,5,3,2,4,1,,1,,,,,,,,,2,2,,1,,,,5,,,,,1,,1,,,,,,1,,,,,4,,4,2,2,4,,,,,14,2,,,,,,4,5,,4,,1,1,11,,,1,,,1,,1,,,,0,,,,,,,,,,,,,,,,,,,,,,,,,,,,,,,,,,,,,,,,,,,,,
England_Premier_League,2025-2026,Wolverhampton Wanderers FC,3vp8awfs73xgrh2krs24w6up5,L. Krejčí,Defender,37,105,46,59,26,1,101,4,14,259,3,2,190,96,94,147,487,13,26,1,2,43,36,7,1,2,,85,50,35,31,7,221,,1209,1,142,24,15,73,,447,8,5,10,25,4,1,3,3,2,17,5,86,1007,363,690,964,11,16,1,13,2205,8,1,1,108,32,7,250,1256,15,1050,27,44,206,1573,10,10,1,53,104,156,60,102,3,1,1,0,,,,1,1,,1,,3,,1,,5,,,1,17,18,1,,1,,,,,,,1,,,,,,,,,,,,,,,,1,
England_Premier_League,2025-2026,Wolverhampton Wanderers FC,9g4ojrys88awchyj6zgmd6oes,Fer López,Forward,28,6,4,2,9,1,21,3,,42,,1,32,22,10,59,31,3,9,1,,9,6,3,,,,26,18,8,,2,37,,99,1,18,3,1,10,,14,3,1,1,2,2,7,1,,3,,5,1,71,59,17,74,,1,4,1,229,10,1,,1,6,4,56,103,2,75,1,7,28,156,3,1,4,,3,25,6,25,1,,,0,,3,,,,,,,,2,1,2,,,,,,,,,,,,,,,,,,,,,,,,,,,,,,,,,
England_Premier_League,2025-2026,Wolverhampton Wanderers FC,970owquiv1ukwfm4fn89gc7pw,Mateus Mané,Forward,36,39,31,8,25,1,75,5,1,200,3,10,251,148,103,345,124,11,25,1,2,28,27,1,2,,2,212,117,95,5,20,53,1,328,4,136,39,20,63,2,95,21,17,14,17,4,8,24,10,28,,9,8,250,200,90,258,12,12,4,5,1610,83,4,1,23,23,43,288,347,31,266,24,38,81,809,50,32,48,8,20,108,23,61,,1,1,0,3,19,2,3,,1,,8,,10,3,5,,,,,,,,,,,,,,,,,,,,,,,,,1,,,,,,,,
England_Premier_League,2025-2026,Wolverhampton Wanderers FC,8i3y6fo1y3gizq05j2im17c6i,Y. Mosquera,Defender,15,94,50,44,25,,81,7,14,140,4,2,256,108,148,187,320,10,25,,,38,34,4,,,,162,58,104,27,11,268,1,739,3,68,39,19,87,,91,11,13,6,22,7,3,2,2,9,6,,22,598,222,398,596,22,35,,67,1962,18,1,,107,28,40,274,760,19,618,57,47,142,1311,17,17,13,37,52,98,61,90,10,,,0,,,,2,,4,,,3,,,,77,2,,,,,1,2,2,1,,,,,,,,,,,,,,,,,,,,,,,
England_Premier_League,2025-2026,Wolverhampton Wanderers FC,8qmm84tue6kuz8e5nhhdhmz8p,M. Munetsi,Midfielder,5,64,34,30,13,1,25,2,2,38,,2,142,77,65,129,56,12,13,1,1,19,14,5,1,1,,78,43,35,7,2,36,4,168,,27,20,10,20,,52,3,6,6,9,3,4,3,3,5,3,6,6,106,84,26,101,9,12,,,873,15,1,1,30,19,10,112,169,12,107,21,37,62,342,11,11,4,5,6,61,12,56,2,1,0,0,,,,,1,1,,,,,,1,,,,,,,,,,,,,,,,,,,,,,,,,,,,,,,,,
England_Premier_League,2025-2026,Wolverhampton Wanderers FC,31bs2qi2aa9in77z0iftbkk8a,D. Møller Wolfe,Defender,6,19,8,11,20,2,46,2,2,66,,4,52,23,29,120,88,1,20,2,,21,19,2,,,,33,15,18,6,6,10,,226,1,40,20,4,21,,84,8,1,,9,5,11,7,7,5,3,1,10,168,115,62,160,4,5,,44,890,5,3,,27,7,4,113,228,1,170,9,19,58,414,21,18,3,6,11,61,18,47,1,,,0,,3,,,,,,,,3,,1,15,,,,,,1,,,,,,,,,,,,,,,,,,,,,,,,,,
England_Premier_League,2025-2026,Wolverhampton Wanderers FC,bhidwbq7duvfkqc3d21dbz2fo,T. Ojinnaka,Midfielder,57,,,,,,,,,,,,,,,,,,,,,,,,,,,,,,,,,,,,,,,,,,,,,,,,,,,,,,,,,,,,,,,,,,,,,,,,,,,,,,,,,,,,,,,,,,,,,,,,,,,,,,,,,,,,,,,,,,,,,,,,,,,,,,,,,,,,,
England_Premier_League,2025-2026,Wolverhampton Wanderers FC,6y57a9ywu6ezfvzku2l4d4iz8,S. Olagunju,Defender,59,,,,,,,,,,,,,,,,,,,,,,,,,,,,,,,,,,,,,,,,,,,,,,,,,,,,,,,,,,,,,,,,,,,,,,,,,,,,,,,,,,,,,,,,,,,,,,,,,,,,,,,,,,,,,,,,,,,,,,,,,,,,,,,,,,,,,
England_Premier_League,2025-2026,Wolverhampton Wanderers FC,6hoqv4bzsul26mtvkvo1x8lxw,Pedro Lima,Defender,17,5,3,2,7,,7,1,,18,,2,27,17,10,32,20,2,7,,,6,6,,,,,22,14,8,5,3,23,,51,1,11,8,6,10,,1,3,1,,3,3,4,4,4,,,,2,31,16,19,29,2,5,,16,246,6,,,5,4,1,40,51,1,31,7,6,20,122,5,4,2,5,8,19,6,12,,,,0,,,,,,,,,,,,,5,,,,,,,,,,,,,,,,,,,,,,,,,,,,,,,,
England_Premier_League,2025-2026,Wolverhampton Wanderers FC,51bws6hnns294m9ath48uy3v8,A. Pond,Defender,46,,,,,,,,,,,,,,,,,,,,,,,,,,,,,,,,,,,,,,,,,,,,,,,,,,,,,,,,,,,,,,,,,,,,,,,,,,,,,,,,,,,,,,,,,,,,,,,,,,,,,,,,,,,,,,,,,,,,,,,,,,,,,,,,,,,,,
England_Premier_League,2025-2026,Wolverhampton Wanderers FC,askrrf9zec8p5atbyxhwxfqqc,L. Rawlings,Midfielder,62,,,,,,,,,,,,,,,,,,,,,,,,,,,,,,,,,,,,,,,,,,,,,,,,,,,,,,,,,,,,,,,,,,,,,,,,,,,,,,,,,,,,,,,,,,,,,,,,,,,,,,,,,,,,,,,,,,,,,,,,,,,,,,,,,,,,,
England_Premier_League,2025-2026,Wolverhampton Wanderers FC,2apqk2zobhs8ypnaw0bzkch9m,Rodrigo Gomes,Defender,21,24,18,6,20,,67,2,2,89,,9,90,52,38,198,58,1,20,,3,16,13,3,3,3,,66,34,32,7,3,54,3,224,1,46,22,8,26,3,48,3,8,6,7,6,13,2,2,5,1,6,2,164,121,48,165,4,15,,13,793,21,,3,12,5,8,134,227,14,167,19,44,60,414,20,20,15,8,8,62,18,52,,3,0,0,,,,,,,,,1,,,2,9,,,,,,,,,,,,,,,,,,,,,,,,,,,,,,,,
England_Premier_League,2025-2026,Wolverhampton Wanderers FC,39dgr8s91agremy3nvp4q2221,S. Bueno,Defender,4,89,42,47,27,1,74,2,18,221,4,1,192,84,108,80,321,9,27,1,3,45,41,4,,3,,103,42,61,22,8,378,1,1010,3,113,25,19,64,2,265,9,1,6,26,1,1,2,2,,17,,53,870,279,620,844,22,28,2,7,2373,7,1,2,107,26,11,166,1038,7,897,50,39,141,1362,3,3,2,31,62,95,49,79,4,1,2,0,,,1,,1,,,,,,,1,1,,,,2,2,1,1,,1,,,,,,,,,,,,,,,,,,,,,,,
England_Premier_League,2025-2026,Wolverhampton Wanderers FC,2ge9oa66xgsefhhpvuboua76x,J. Strand Larsen,Forward,9,173,102,71,32,1,134,9,7,75,2,14,305,198,107,285,118,23,32,1,4,35,29,6,3,4,,132,96,36,4,9,78,10,421,2,32,31,16,35,3,104,10,16,13,23,13,9,,,9,,45,5,267,181,99,275,6,3,3,1,2083,38,1,4,34,48,18,268,434,29,280,9,84,154,728,3,3,13,4,10,124,33,144,4,3,1,0,,,,1,1,2,,,5,,8,1,,,,,,,,,,,2,1,,,,,,,,,,,,,,,,,,,,,
England_Premier_League,2025-2026,Wolverhampton Wanderers FC,1asrjd8va8ipow0ull5s0sh78,E. Sutherland,Midfielder,60,,,,,,,,,,,,,,,,,,,,,,,,,,,,,,,,,,,,,,,,,,,,,,,,,,,,,,,,,,,,,,,,,,,,,,,,,,,,,,,,,,,,,,,,,,,,,,,,,,,,,,,,,,,,,,,,,,,,,,,,,,,,,,,,,,,,,
England_Premier_League,2025-2026,Wolverhampton Wanderers FC,39bcswfqnpa07b4afevezejo4,J. Tchatchoua,Defender,38,54,31,23,31,,151,,8,137,3,16,134,68,66,300,149,7,31,1,,37,30,7,,,,80,37,43,15,20,224,2,542,,89,38,10,62,,18,21,1,1,19,5,12,22,22,5,5,6,14,413,252,183,399,14,15,,64,1837,16,3,,57,8,9,261,542,2,413,29,25,129,941,69,69,9,10,21,161,37,108,3,,,0,,,,,,,,,,,1,2,11,,,,,,,,,,,,,,,,,,,,,,,,,,,,,,,,
England_Premier_League,2025-2026,Wolverhampton Wanderers FC,29f3jvukalzylzr19t9phgxgq,Toti Gomes,Defender,24,43,20,23,18,,87,1,12,176,1,,109,42,67,60,297,3,18,,,33,28,5,,,,66,22,44,14,6,131,,781,1,89,6,1,52,,292,6,2,2,17,4,1,3,3,10,10,,39,669,227,469,654,10,13,,10,1403,7,,,94,11,11,143,807,4,693,23,8,114,1047,8,8,2,31,57,86,36,57,2,,,0,,,,,,,,,1,,,2,6,,1,1,3,3,1,1,,1,,,,,,,,,,,,,,,,,,,,,,,
