liga,temporada,equipo,id,nombre,posicion,dorsal,Aerial Duels,Aerial Duels lost,Aerial Duels won,Appearances,Backward Passes,Blocked Shots,Blocks,Carries,Clean Sheets,Corners Won,Duels,Duels lost,Duels won,Final Third Touches,Forward Passes,Foul Attempted Tackle,GK Successful Distribution,Games Played,Goal Kicks,Goals Conceded,Goals Conceded Inside Box,Goals Conceded Outside Box,Ground Duels,Ground Duels lost,Ground Duels won,Interceptions,Key Passes (Attempt Assists),Last Player Tackle,Leftside Passes,Offsides,Open Play Passes,Penalty Goals Conceded,Progressive Carries,PutThrough/Blocked Distribution,PutThrough/Blocked Distribution Won,Recoveries,Rightside Passes,Shots Created,Shots Off Target (inc woodwork),Shots On Target ( inc goals ),Starts,Substitute Off,Substitute On,Successful Crosses & Corners,Successful Crosses open play,Successful Dribbles,Successful Launches,Successful Long Passes,Successful Open Play Passes,Successful Passes Opposition Half,Successful Passes Own Half,Successful Short Passes,Tackles Lost,Tackles Won,Throw Ins to Own Player,Time Played,Total Big Chances Missed,Total Clearances,Total Fouls Conceded,Total Fouls Won,Total Losses Of Possession,Total Passes,Total Shots,Total Successful Passes ( Excl Crosses & Corners ) ,Total Tackles,Total Touches In Opposition Box,Total Unsuccessful Passes ( Excl Crosses & Corners ),Touches,Unsuccessful Launches,Unsuccessful Long Passes,Unsuccessful Passes Opposition Half,Unsuccessful Passes Own Half,Unsuccessful Short Passes,Yellow Cards,Winning Goal,Catches,Crosses not Claimed,GK Unsuccessful Distribution,Goalkeeper Smother,Punches,Saves Made,Saves Made from Inside Box,Saves Made from Outside Box,Saves made - parried,Total Big Chances Saved,Assists (Intentional),Corners Taken (incl short corners),Goal Assists,Goals,Goals Openplay,Goals from Outside Box,Handballs conceded,Left Foot Goals,Overruns,Successful Corners into Box,Successful Lay-offs,Through balls,Times Tackled,Total Big Chances Created,Unsuccessful Corners into Box,Unsuccessful Crosses & Corners,Unsuccessful Crosses open play,Unsuccessful Dribbles,Unsuccessful lay-offs,Home Goals,Away Goals,Foul Won Penalty,Goals from Inside Box,Right Foot Goals,Throw Ins to Opposition Player,Total Big Chances Scored,Penalties Conceded,Clearances Off the Line,Straight Red Cards,Total Red Cards,Attempts from Set Pieces,Red Cards - 2nd Yellow,Penalties Faced,Saves made - caught,Second Goal Assists,Hit Woodwork,Penalties Taken,Penalty Goals,Penalties Off Target,Drops,Own Goal Scored,Headed Goals,Direct Setpiece Goals,Set Pieces Goals,Penalties Saved,Saves from Penalty,Other Goals
Portugal_Primeira_Liga,2025-2026,AVS Futebol,75znincjirp1z8bcw9nhztxat,Aderllan Santos,Defender,33,61,16,45,16,18,3,8,71,2,2,100,27,73,27,144,5,3,16,3,17,14,3,39,11,28,12,1,2,138,1,382,2,31,5,4,41,103,1,8,1,12,3,4,1,1,2,3,27,301,73,243,288,11,12,2,1018,1,105,8,3,94,403,9,315,23,17,88,590,29,61,70,18,27,2,0,,,,,,,,,,,,,,,,,,,,,,,,,,,,,,,,,,,,,,,,,,,,,,,,,,,,,,,,,
Portugal_Primeira_Liga,2025-2026,AVS Futebol,6ychdeky58nj22ykambacsp62,Adriel,Goalkeeper,1,4,1,3,11,,1,,26,4,1,6,2,4,1,225,,94,11,112,18,17,1,2,1,1,,1,,79,,185,,5,,,96,61,1,,,11,,,,,,29,87,141,63,161,137,,,,990,,15,,1,143,365,,224,,1,141,464,60,139,120,21,2,,0,8,1,54,1,7,35,21,13,4,11,,,,,,,,,,,,,,,,,,,,,,,,,,,,,,,,,,,,,,,,,,,,,,,
Portugal_Primeira_Liga,2025-2026,AVS Futebol,4wtzkgtuu5ty0hsc8jd9vi6tw,T. Akinsola,Forward,11,37,25,12,28,90,12,1,257,1,15,219,135,84,423,112,8,,28,,50,46,4,182,110,72,12,21,,118,7,354,4,152,36,15,90,36,23,17,10,22,9,6,16,10,30,1,17,253,189,81,237,2,12,6,1911,2,19,17,28,329,356,27,254,14,41,102,810,6,14,130,24,88,1,0,,,,,,,,,,,1,11,2,1,1,1,1,1,9,4,14,3,81,4,7,52,44,39,2,1,0,,,,,,,,,,,,,,,,,,,,,,,,,,
Portugal_Primeira_Liga,2025-2026,AVS Futebol,aso41hpuq5oh825n83boc5x0q,Ángel Algobia,Midfielder,27,10,4,6,18,56,4,6,50,1,4,74,30,44,116,88,8,,18,,27,25,2,64,26,38,2,6,,88,,305,2,22,16,9,47,79,6,3,2,14,10,4,1,1,5,1,15,234,115,126,225,14,15,2,995,,20,12,4,106,311,5,240,29,15,71,457,3,15,66,15,56,,0,,,,,,,,,,,,,,1,1,,,,,,10,1,7,1,,10,10,1,1,1,0,1,1,1,1,1,,,,,,,,,,,,,,,,,,,,,
Portugal_Primeira_Liga,2025-2026,AVS Futebol,7b44u9pw2ea548shywksv2xp0,Antonio Machado,Forward,77,,,,,,,,,,,,,,,,,,,,,,,,,,,,,,,,,,,,,,,,,,,,,,,,,,,,,,,,,,,,,,,,,,,,,,,,,,,,,,,,,,,,,,,,,,,,,,,,,,,,,,,,,,,,,,,,,,,,,,,,,,,,,,,,,,,,
Portugal_Primeira_Liga,2025-2026,AVS Futebol,3db08lzpilp3av7onvfyekd90,S. Bane,Defender,4,17,6,11,9,23,1,3,44,,,47,19,28,38,84,,,9,,16,15,1,30,13,17,2,2,1,91,,224,4,25,6,2,17,33,2,3,2,6,1,3,1,1,3,2,15,186,70,123,177,4,2,21,587,1,21,13,8,58,231,5,192,6,7,39,329,7,11,26,16,28,1,0,,,,,,,,,,,,,,1,1,,3,,,,,,3,,,3,3,1,,1,0,,1,1,10,,4,,,,,,,,,,,,,,,,,,,,
Portugal_Primeira_Liga,2025-2026,AVS Futebol,92y6rk11347z7lz82p1skgnvt,A. Baroan,Forward,17,,,,,,,,,,,,,,,,,,,,,,,,,,,,,,,,,,,,,,,,,,,,,,,,,,,,,,,,,,,,,,,,,,,,,,,,,,,,,,,,,,,,,,,,,,,,,,,,,,,,,,,,,,,,,,,,,,,,,,,,,,,,,,,,,,,,
Portugal_Primeira_Liga,2025-2026,AVS Futebol,aissbbcnwyr06fhgfamxo9j2t,Bruno Lourenço,Forward,17,9,6,3,7,21,1,,19,,1,33,17,16,61,24,1,,7,,9,9,,24,11,13,,4,,25,,80,2,8,4,2,13,18,4,3,1,2,2,5,2,2,2,,1,58,41,27,65,1,4,,233,2,,4,6,52,88,4,66,5,12,22,148,,1,29,7,21,,0,,,,,,,,,,,,7,,,,,1,,1,,5,,5,,7,14,5,3,1,,,,,,,,1,,,,,,,,,,,,,,,,,,,,
Portugal_Primeira_Liga,2025-2026,AVS Futebol,8hyaww1d0p9871u8o8zk8f9at,Carlos Ponck,Defender,26,28,10,18,14,22,3,8,62,1,1,68,34,34,22,124,5,,14,,26,22,4,40,24,16,8,2,1,92,,285,2,24,17,9,43,63,2,1,,9,1,5,,,3,4,10,227,60,180,230,4,8,4,894,,67,15,2,74,301,1,240,12,12,61,440,16,30,44,17,31,3,0,,,,,,,,,,,,,,,,,,,,,1,,3,,,,,2,,,,,,,4,,1,,,,,,,,,,,,,,,,,,,,
Portugal_Primeira_Liga,2025-2026,AVS Futebol,7snj7sr1st43ehs0azitra0yy,C. Devenish,Defender,42,39,20,19,20,43,,10,188,1,2,107,50,57,32,263,3,7,20,8,46,42,4,68,30,38,28,5,2,172,,692,6,85,12,9,69,252,5,2,1,20,2,,1,1,6,10,53,583,142,476,564,8,8,4,1625,,149,17,16,130,730,3,617,16,6,113,1014,33,65,79,35,48,5,0,,,1,,,,,,,1,,,,,,,,,,,,,4,,,1,1,2,,,,,,,,,,1,1,1,,,,,,,,,,,,,,,,,
Portugal_Primeira_Liga,2025-2026,AVS Futebol,d9n7upffcwdbmonxya4xbxnv8,Diogo Spencer,Defender,2,10,6,4,15,77,3,3,140,,7,113,53,60,233,181,5,,15,,25,23,2,103,47,56,10,12,,107,,388,4,75,37,9,48,33,14,2,2,13,5,2,8,6,31,7,18,267,193,90,257,7,11,80,1077,,23,15,7,203,398,4,275,18,18,123,707,11,38,117,33,85,2,0,,,,,,,,,,,1,1,2,1,1,,,,3,,3,2,23,1,1,27,25,11,2,0,1,,1,1,6,,,,,,,,,,,,,,,,,,,,,,
Portugal_Primeira_Liga,2025-2026,AVS Futebol,970cxhz7ebu5icmotbqo0f78q,D. Duarte,Forward,20,50,32,18,21,38,9,1,42,,3,110,59,51,147,31,5,,21,,14,14,,60,27,33,2,6,,28,5,122,2,23,21,11,23,36,6,5,8,9,8,12,3,3,3,1,1,73,55,32,83,2,15,2,945,3,9,12,13,106,133,13,84,17,41,49,298,2,7,50,8,42,,1,,,,,,,,,,,,,,3,2,,1,1,2,,5,1,11,,,9,9,3,1,1,2,,3,2,1,3,,,,,1,,,,,,,,,,,,,,,,
Portugal_Primeira_Liga,2025-2026,AVS Futebol,586z52c4hoj8jseo8rk4ydt04,Edson Mucuana,Forward,50,,,,1,6,,1,6,,,7,4,3,13,13,,,1,,3,2,1,7,4,3,3,1,,14,,34,,3,3,1,7,1,1,,,1,1,,2,2,2,,2,28,9,21,26,,1,6,81,,1,,,11,34,,28,1,,6,60,1,2,3,4,4,,0,,,,,,,,,,,,,,,,,,,,,,,3,1,,1,1,2,,,,,,,,,,,,,,,,,,,,,,,,,,,,,
Portugal_Primeira_Liga,2025-2026,AVS Futebol,dljo5sklq5dzqgwupe8w5ustm,Jordi Escobar,Forward,9,7,4,3,5,6,1,,8,,,17,10,7,26,3,1,,5,,3,3,,10,6,4,1,1,,6,,21,,4,2,1,2,8,1,1,1,2,2,3,,,,,,11,7,6,13,,1,,152,1,,5,4,17,23,2,13,1,7,10,44,,1,9,2,9,,0,,,,,,,,,,,,,,,,,,,2,,3,,,,,1,1,,2,,,,,,,,,,,,,,,,,,,,,,,,,,,,
Portugal_Primeira_Liga,2025-2026,AVS Futebol,b843lai7z6y934x69t19ajyay,T. Galletto,Midfielder,19,22,11,11,12,16,,1,29,,,59,23,36,16,37,2,,12,,8,7,1,37,12,25,2,1,,32,,115,1,10,4,2,11,36,1,2,,2,1,10,,,,,7,89,27,68,88,6,11,4,423,,17,7,10,38,121,2,95,17,2,26,194,5,9,20,7,17,3,0,,,,,,,,,,,,,,,,,1,,,,2,,5,,,1,1,,1,,,,,,,,,,,,,,,,,,,,,,,,,,,,
Portugal_Primeira_Liga,2025-2026,AVS Futebol,dh32vnfk1e51z4wetpam5gjpx,Jaume Grau,Midfielder,15,33,20,13,18,53,2,3,131,,3,137,81,56,80,172,25,,18,,35,32,3,104,61,43,14,3,,124,,467,3,64,18,9,59,126,3,4,1,16,5,2,,,1,1,26,371,174,203,351,9,20,1,1326,,27,36,13,137,475,5,377,29,12,98,644,18,37,74,33,61,5,0,,,,,,,,,,,,,,,,,,,,,8,,13,,,9,9,8,,,,,,,,,,,,1,,1,,,,,,,,,,,,,,,
Portugal_Primeira_Liga,2025-2026,AVS Futebol,a6aaqfuxb2j4ipa7hs3g0y2g9,A. Green,Forward,25,5,3,2,3,11,1,,6,,,10,5,5,15,5,,,3,,2,2,,5,2,3,,2,,8,,27,,3,3,2,2,3,2,,1,2,2,1,1,1,,,2,23,15,9,21,1,,,143,,1,,2,12,27,1,23,1,2,4,49,1,2,5,,2,,0,,,,,,,,,,,,,,,,,,,,,3,1,1,,,1,1,,,,,,,,,,,,,,,,,,,,,,,,,,,,,,
Portugal_Primeira_Liga,2025-2026,AVS Futebol,3whbdxv00iqk4cfe40473phxw,Guilherme Neiva,Forward,21,21,11,10,18,37,3,,74,,5,116,58,58,133,40,6,,18,,13,9,4,95,47,48,7,2,,30,,123,1,34,21,10,29,22,3,3,5,5,5,13,3,3,10,2,7,87,51,43,84,10,13,10,595,1,14,13,16,112,129,8,91,23,22,38,324,4,12,44,12,26,2,0,,,,,,,,,,,1,6,1,1,,,,,4,,2,1,24,2,4,18,14,16,,0,1,1,1,1,1,1,,,,,1,,,,,,,,,,,,,,,,
Portugal_Primeira_Liga,2025-2026,AVS Futebol,48li2iey0m9b8h8cvs6py2iy2,Gustavo Assunção,Midfielder,6,11,7,4,10,52,2,3,70,,1,73,40,33,56,107,8,,10,,20,17,3,62,33,29,9,2,,70,,300,4,32,13,9,29,80,2,1,1,7,1,3,1,1,6,2,21,248,106,152,236,9,8,1,689,,14,12,6,73,309,2,257,17,4,52,416,7,17,42,14,35,4,0,,,,,,,,,,,,,,,,,,,1,,9,1,9,1,,4,4,6,,,,,,,,,,,,,,,,,,,,,,,,,,,,,
Portugal_Primeira_Liga,2025-2026,AVS Futebol,db4tif44awujo30rwmvshu7hm,Gustavo Mendonça,Midfielder,23,33,15,18,16,69,,3,73,3,2,124,59,65,121,130,13,,16,,17,17,,91,44,47,8,8,,108,1,355,,34,18,10,62,54,8,3,2,11,6,5,5,4,6,4,29,267,147,129,242,8,22,21,986,1,36,19,11,141,361,5,271,30,8,90,576,9,18,78,28,72,3,0,,,,,,,,,,,,3,,,,,,,2,1,11,,16,,2,16,11,6,,,,,,,2,,,,,,,,,,,,,,,,,,,,,,
Portugal_Primeira_Liga,2025-2026,AVS Futebol,8lv60zbly3xz43g9hm2s7oqcq,João Gonçalves,Goalkeeper,99,,,,6,,,,9,,,1,1,,,90,,50,6,49,17,15,2,1,1,,,,,33,,93,3,4,,,37,47,,,,6,,,,,,9,33,68,17,98,82,,,,540,,10,,,58,170,,115,,,55,227,30,55,41,14,,,0,1,,20,,4,23,14,8,9,1,,,,,,,,,,,,,,,,,,,,,,,,,,,,,,,,,4,2,,,,,,,,,,,,,
Portugal_Primeira_Liga,2025-2026,AVS Futebol,chy52wzncc8ulmer9z2rebit,Kiki,Defender,24,46,18,28,24,76,5,8,106,1,9,159,70,89,259,273,21,,24,,41,37,4,113,52,61,22,16,,16,,480,3,68,39,16,73,140,16,6,,17,9,7,15,8,6,12,35,333,199,169,318,16,23,160,1478,,66,33,16,277,505,6,353,39,13,152,1011,24,59,171,46,93,2,0,,,,,,,,,,,,17,,,,,1,,,4,,1,6,2,12,65,50,4,,,,,,,34,,,,,,,,,,1,,,,,,,,,,,,
Portugal_Primeira_Liga,2025-2026,AVS Futebol,2isngoircmiogkzdp9xs7mj1l,K. Kodisang,Forward,16,1,1,,4,5,,1,13,,,14,9,5,18,8,1,,4,,2,2,,13,8,5,1,3,,3,,24,,2,3,2,7,8,3,,,1,1,3,3,2,1,,,21,17,7,21,1,,,114,,,2,3,12,24,,21,1,2,3,46,1,1,5,1,2,,0,,,,,,,,,,,,1,,,,,,,1,1,,,3,,,3,3,1,,,,,,,,,,,,,,,,,,,,,,,,,,,,,
Portugal_Primeira_Liga,2025-2026,AVS Futebol,44ohfnfgzkpc1jkya0gcky54a,Mateus Pivô,Defender,97,10,6,4,8,13,2,2,39,3,3,58,30,28,57,104,3,,8,,10,9,1,48,24,24,8,1,,66,,189,,22,10,3,31,7,1,1,,8,3,,2,2,4,1,8,150,71,82,143,7,9,32,650,,31,13,4,98,190,1,151,16,3,39,372,8,15,28,15,24,2,0,,,,,,,,,,,,,,,,,,,3,,,,5,,,4,4,3,,,,,,,36,,,,,,,,,,,,,,,,,,,,,,
Portugal_Primeira_Liga,2025-2026,AVS Futebol,3u0hj0m497upyc0hikuj45mqy,Guillem Molina,Defender,5,7,4,3,5,12,,1,13,,,29,14,15,41,46,3,,5,,5,5,,22,10,12,2,1,,19,,76,1,8,11,5,9,5,1,,,3,1,2,2,2,1,3,5,48,28,28,49,4,5,23,318,,20,7,2,50,82,,54,9,,28,187,9,10,21,14,18,,0,,,,,,,,,,,,,,,,,,,,,,,,,,7,7,,,,,,,,7,,,,,,,,,,,,,,,,,,,,,,
Portugal_Primeira_Liga,2025-2026,AVS Futebol,eyt02qg2flk4l25alyy0iw8gl,Nenê,Forward,18,32,17,15,19,20,3,,20,,2,64,37,27,70,20,7,,19,,8,7,1,32,20,12,3,5,,17,2,79,,10,8,4,6,25,6,7,10,1,1,18,,,3,,4,50,35,18,49,2,2,,344,3,,13,5,50,82,17,53,4,20,29,158,1,3,24,7,26,2,0,,,,,,,,,,,1,,1,4,2,,1,,,,8,,7,2,,2,2,1,4,1,3,2,4,4,,4,,,,,4,,,,,1,3,2,,,,,,,,,
Portugal_Primeira_Liga,2025-2026,AVS Futebol,6bjtb82121qhdhtxml3ecw1zo,Paulo Vitor,Defender,3,27,9,18,12,22,,7,87,3,,76,32,44,17,163,4,8,12,8,17,17,,49,23,26,7,3,1,42,1,359,1,54,5,2,23,159,3,1,,10,1,2,,,1,6,33,281,77,229,273,8,16,,885,,56,12,1,94,386,1,306,24,3,80,509,23,47,62,22,33,,0,,,,,,,,,,1,,,,,,,,,,,,,3,,,4,4,3,,,,,,,,,,,1,2,,1,,,,,,,,,,,,,,,
Portugal_Primeira_Liga,2025-2026,AVS Futebol,aeq5j9up9xf65v3nktsbzc8pg,Pedro Lima,Midfielder,8,28,11,17,21,54,13,5,151,1,9,179,90,89,203,181,12,,21,,43,37,6,151,79,72,9,22,,74,2,383,4,88,40,15,69,85,24,12,6,16,10,5,7,5,11,1,13,251,157,111,248,13,28,2,1460,,15,25,22,228,394,18,261,41,38,133,684,6,34,123,29,99,3,0,,,,,,,,,,,2,9,2,1,1,,2,1,,1,2,1,44,3,7,19,8,22,,1,0,,1,,,,,,,,3,,,,,1,,,,,,,,,,,
Portugal_Primeira_Liga,2025-2026,AVS Futebol,bftdu4ku64qiwknok31dmdxhx,Pedro Trigueira,Goalkeeper,88,,,,,,,,,,,,,,,,,,,,,,,,,,,,,,,,,,,,,,,,,,,,,,,,,,,,,,,,,,,,,,,,,,,,,,,,,,,,,,,,,,,,,,,,,,,,,,,,,,,,,,,,,,,,,,,,,,,,,,,,,,,,,,,,,,,,
Portugal_Primeira_Liga,2025-2026,AVS Futebol,7w4qf9ndzyzyo5etldya2owt0,Ó. Perea,Forward,14,20,14,6,22,51,14,1,145,,9,164,106,58,237,46,3,,22,,31,28,3,144,92,52,10,9,,10,9,156,3,105,28,15,49,68,9,11,10,13,12,9,8,4,24,,4,107,85,47,120,8,3,1,1133,3,4,10,17,191,175,21,124,11,56,51,476,2,6,71,10,45,,0,,,,,,,,,,,,13,,2,2,,1,2,8,2,3,,68,1,11,30,16,46,,2,0,,2,,1,2,,,,,,,,,,1,,,,,,,,,,,
Portugal_Primeira_Liga,2025-2026,AVS Futebol,8p8cip6nl1vae1j9f0gmpwez9,Rafael Barbosa,Midfielder,10,7,6,1,13,66,2,1,59,,5,56,34,22,157,63,7,,13,,16,14,2,49,28,21,5,12,,32,1,203,1,22,10,2,23,70,14,9,3,7,7,6,17,9,5,,14,162,118,83,170,3,7,5,649,2,4,12,6,96,231,12,184,10,17,47,358,,9,63,12,38,3,0,,,,,,,,,,,2,24,2,1,1,,,,1,4,13,,13,3,16,28,8,5,2,0,1,,1,1,,1,,,,,,,,,,,1,,1,,,,,,,,
Portugal_Primeira_Liga,2025-2026,AVS Futebol,534johzh2zffl5bjra5jmhwtm,D. Rivas,Defender,12,28,13,15,20,33,,9,71,,6,86,35,51,112,153,5,,20,,21,19,2,58,22,36,13,10,,17,,282,3,49,12,6,50,91,11,4,1,11,8,9,11,7,5,3,16,187,111,97,181,10,15,67,1034,,40,11,7,174,294,5,197,25,8,97,581,25,47,79,33,50,5,0,,,,,,,,,,,1,7,1,,,,1,,1,3,1,,4,2,4,15,10,1,,,,,,,43,,1,,,,,,,,,,,,,,,,,,,,
Portugal_Primeira_Liga,2025-2026,AVS Futebol,3qc4wwvesd2oyagxqjnrixduy,Roni,Midfielder,70,7,4,3,10,40,3,2,55,3,1,70,36,34,74,113,11,,10,,13,12,1,63,32,31,12,7,,54,,270,,19,17,10,41,64,7,4,2,10,4,,,,7,4,11,222,100,123,212,8,10,1,782,,26,13,6,77,271,6,223,18,4,48,412,15,22,34,19,26,1,0,,,,,,,,,,,,,,,,,,,2,,3,,7,,,5,5,4,,,,,,,,,,,,,,,,,,1,,,,,,,,,,,
Portugal_Primeira_Liga,2025-2026,AVS Futebol,5dn7h5mrr6w3zk921cd2j2llh,Rúben Semedo,Defender,35,43,22,21,9,28,1,1,90,,,78,41,37,26,144,3,,9,,24,22,2,35,19,16,8,5,,141,,360,2,41,5,1,32,75,5,,2,9,2,,1,1,1,5,28,298,62,256,289,3,5,,782,1,53,13,7,80,388,2,317,8,13,71,487,19,42,57,15,29,3,0,,,,,,,,,,,,,,,,,,,,,,1,1,,,1,1,,,,,,,,,,,,1,1,,,,,,,,,,,,,,,,,
Portugal_Primeira_Liga,2025-2026,AVS Futebol,azygs4m332liu58yzvu5zwdsl,Simão,Goalkeeper,93,2,,2,11,1,,,29,,,2,,2,,198,,104,11,100,26,23,3,,,,,1,,69,,186,3,12,1,,106,67,1,,,11,,,,,,17,71,134,48,172,149,,,,990,,10,,1,120,335,,220,,,115,425,56,113,97,18,2,1,0,6,,34,1,4,28,16,12,4,9,,,,,,,,,,,,,,1,,,,,,,,,,,,,,,,,,,3,,,,,,,2,,,,,,,
Portugal_Primeira_Liga,2025-2026,AVS Futebol,ej45944282kra8v2lkyopge6t,Tomané,Forward,7,270,138,132,24,73,9,4,100,,8,398,201,197,253,170,5,,24,,45,40,5,128,63,65,4,15,,56,8,366,4,53,22,5,58,99,16,10,8,22,17,2,1,1,6,,9,187,139,80,209,1,7,1,1796,1,34,24,56,301,398,18,218,8,63,180,710,2,14,168,25,166,4,0,,,,,,,,,,,1,,1,2,2,1,1,1,3,,18,4,36,2,,13,13,16,5,2,0,,1,1,,1,,,,,,,,,1,2,,,,,,,,,,,
Portugal_Primeira_Liga,2025-2026,Casa Pia AC,e0tmfkagd1lmf2hw7gctbaqqd,Abdu Conté,Defender,5,8,4,4,18,86,1,2,86,2,6,98,48,50,203,191,13,,18,,18,17,1,90,44,46,6,13,1,11,1,383,4,53,36,9,64,115,15,5,,16,7,2,20,11,11,1,17,293,172,157,292,6,15,83,1297,,40,29,14,201,403,5,309,21,7,94,748,19,37,110,38,57,1,0,,,,,,,,,,,2,25,2,,,,2,,1,8,,,11,5,13,54,32,4,,,,,,,26,,3,,,,,,,,,2,,,,,1,,,,,,
Portugal_Primeira_Liga,2025-2026,Casa Pia AC,euppsdvqh99yl91ucgt3fsxzo,Afonso Vieira,Defender,55,,,,,,,,,,,,,,,,,,,,,,,,,,,,,,,,,,,,,,,,,,,,,,,,,,,,,,,,,,,,,,,,,,,,,,,,,,,,,,,,,,,,,,,,,,,,,,,,,,,,,,,,,,,,,,,,,,,,,,,,,,,,,,,,,,,,
Portugal_Primeira_Liga,2025-2026,Casa Pia AC,3k32vv3elrydevgh61aose3f9,André Geraldes,Defender,18,26,16,10,21,76,,11,109,4,3,96,53,43,89,235,8,9,21,12,31,27,4,70,37,33,12,3,,124,1,518,6,47,21,6,43,120,3,,1,17,1,4,1,1,4,9,34,420,169,279,413,16,5,56,1645,,79,21,8,166,555,1,447,21,10,108,834,33,53,79,40,55,6,0,,,3,,,,,,,1,,,,,,,,,,,,,10,,,11,11,5,,,,,,,22,,,1,,,,,,,,,,,,,,,,,,,
Portugal_Primeira_Liga,2025-2026,Casa Pia AC,6kzv8xhxorlcfxc7h8scc51ey,F. Benaïssa-Yahia,Defender,12,15,4,11,10,34,,,53,1,2,64,25,39,87,52,4,,10,,12,11,1,49,21,28,4,6,,4,,147,,31,9,4,40,62,6,2,,6,4,4,7,1,5,1,1,111,49,73,114,7,13,32,550,,21,11,3,82,152,2,115,20,8,37,308,6,6,37,16,31,2,0,,,,,,,,,,,,10,,,,,,,2,4,,1,9,2,3,16,9,5,,,,,,,5,,,,,,,,,,,1,,,,,,,,,,,
Portugal_Primeira_Liga,2025-2026,Casa Pia AC,31i957f27zym4aj6xdjxu7nit,Cassiano,Forward,90,159,99,60,26,47,3,3,56,1,3,291,170,121,185,86,13,,26,,30,27,3,132,71,61,3,8,,47,7,219,7,28,27,17,38,54,8,11,10,19,13,7,1,1,4,,5,116,86,46,126,9,8,,1577,8,18,44,46,172,234,21,131,17,44,103,477,2,8,94,12,95,5,2,,,,,,,,,,,,,,5,4,,1,1,2,,12,3,24,1,,3,3,8,6,4,1,1,5,4,,5,,,,,1,,,,,,3,1,,,,,,,,,
Portugal_Primeira_Liga,2025-2026,Casa Pia AC,627sappym1qnqqpvm9wwppf8q,Clau Mendes,Forward,99,9,7,2,8,7,,1,11,,1,37,26,11,20,5,2,,8,,3,3,,28,19,9,1,,,9,5,22,,4,,,8,4,,1,3,1,1,7,,,,,,10,8,5,13,,1,,150,1,3,10,8,30,25,4,13,1,4,12,65,1,1,8,5,11,,0,,,,,,,,,,,,,,1,,,,1,,,2,,9,,,1,1,5,1,0,1,,1,,,1,,,1,1,,,,,,,,,,,,,,,,,
Portugal_Primeira_Liga,2025-2026,Casa Pia AC,29sgwjxwtxqwywoqyj4bzvwno,Abdu Dafe,Midfielder,59,,,,,,,,,,,,,,,,,,,,,,,,,,,,,,,,,,,,,,,,,,,,,,,,,,,,,,,,,,,,,,,,,,,,,,,,,,,,,,,,,,,,,,,,,,,,,,,,,,,,,,,,,,,,,,,,,,,,,,,,,,,,,,,,,,,,
Portugal_Primeira_Liga,2025-2026,Casa Pia AC,1dljhkcvmodqq9u1w8iv145m2,Dailon Livramento,Forward,10,59,34,25,17,28,4,,36,,6,99,57,42,103,25,4,,17,,15,13,2,40,23,17,1,8,,18,4,96,3,29,10,3,18,30,8,7,4,7,6,10,1,1,9,,1,57,42,21,61,2,,,664,2,8,12,6,80,101,11,62,2,21,39,209,1,2,37,7,37,2,0,,,,,,,,,,,,,,,,,1,,,,8,,12,,,5,5,5,5,,,,,,,,,,,,,,,,,,,,,,,,,,,,
Portugal_Primeira_Liga,2025-2026,Casa Pia AC,bfm9vh630pkwniqogdrwbiqcp,Daniel Azevedo,Goalkeeper,22,1,,1,3,,,,9,,,1,,1,,51,,18,3,13,7,6,1,,,,,,,20,,74,1,2,,,15,21,,,,2,,1,,,,5,21,58,8,58,45,,,,217,,7,,,27,92,,66,,,26,118,16,26,19,7,,1,0,,,6,,3,7,4,3,,,,,,,,,,,,,,,,,,,,,,,,,,,,,,,,,,,1,,,,,,,,,,,,,,
Portugal_Primeira_Liga,2025-2026,Casa Pia AC,4v5t4x6emwd5wl7cuxl02xd2i,David Sousa,Midfielder,43,82,28,54,19,60,4,11,159,2,,165,71,94,50,324,14,5,19,6,33,29,4,83,43,40,30,4,,70,,653,8,93,18,9,65,240,4,4,4,18,1,1,1,1,3,17,61,500,133,408,479,9,19,5,1643,,134,30,9,179,694,8,540,28,20,154,1002,47,89,108,49,65,12,0,,,1,,,,,,,,,,,2,,,,,,,1,1,3,,,3,3,3,,1,1,,2,,6,2,,,,,,,,,,,,,,,,2,,,,,
Portugal_Primeira_Liga,2025-2026,Casa Pia AC,e211nih87ou9t8crzjbbzhexh,José Fonte,Defender,6,72,19,53,17,30,2,17,119,3,,102,36,66,43,254,6,18,17,19,28,24,4,30,17,13,13,3,2,210,,596,4,56,7,4,36,151,3,4,3,16,2,1,,,2,12,40,491,124,412,496,3,6,,1437,,110,14,5,124,645,7,536,9,24,109,850,29,48,81,30,61,3,0,,,1,,,,,,,1,,,,1,,,,,,,2,,1,1,,2,2,1,,1,0,,1,,,1,,1,,,,,,,,,,,,,,1,,,,,
Portugal_Primeira_Liga,2025-2026,Casa Pia AC,cbbxxcaz7n6dpkdm38vxt7dre,João Goulart,Defender,4,65,26,39,18,19,1,13,63,3,1,112,53,59,38,218,5,,18,,28,26,2,47,27,20,21,1,,133,,383,5,24,14,3,29,33,1,2,1,15,2,3,,,1,10,28,283,77,218,267,8,7,11,1284,,101,18,4,128,403,3,295,15,19,108,627,35,58,70,40,50,3,0,,,,,,,,,,,,,,,,,,,1,,,,4,,,2,2,3,1,,,1,,,6,,2,,,,,,,,,,,,,,,,,,,,
Portugal_Primeira_Liga,2025-2026,Casa Pia AC,f57x0lswad64sg1mpry8xiadw,João Marques,Midfielder,11,10,5,5,7,11,,1,20,,,40,16,24,23,21,3,,7,,1,1,,30,11,19,2,,,7,,52,,11,2,1,11,13,,,,,,7,,,3,,1,35,18,17,34,4,1,1,134,,1,7,11,25,52,,35,5,1,17,88,,3,14,3,14,1,0,,,,,,,,,,,,,,,,,1,,,,,1,5,,,,,2,2,,,,,,,,,,,,,,,,,,,,,,,,,,,,
Portugal_Primeira_Liga,2025-2026,Casa Pia AC,aaqajoowondvk09sioz6jj3ai,Kaique Rocha,Defender,27,15,4,11,6,20,2,5,30,,1,30,10,20,12,90,1,1,6,2,15,13,2,15,6,9,7,,,82,1,219,4,10,4,3,17,41,,4,1,6,5,,,,1,,16,186,40,159,183,2,3,1,497,,29,6,3,39,233,5,199,5,8,34,305,11,17,19,15,17,,0,,,1,,,,,,,,,,,1,,,1,,,,1,,,,,,,,,1,0,,1,,,,,,,,,,,,,,,,,,,1,,,,,
Portugal_Primeira_Liga,2025-2026,Casa Pia AC,2c3nnlt3hdxqlosxx6sk5hnh0,Khaly,Defender,3,35,15,20,9,17,,10,49,2,1,79,33,46,9,63,5,,9,,14,14,,44,18,26,9,,,42,,159,4,15,8,5,31,45,,1,,8,1,1,,,3,3,19,113,27,89,97,2,7,,722,,45,9,14,65,167,1,116,9,4,51,291,17,27,33,19,24,5,0,,,,,,,,,,,,,,,,,,,,,,1,7,,,1,1,4,,,,,,,,,,,,,,,,,,,,,,,,,,,,,
Portugal_Primeira_Liga,2025-2026,Casa Pia AC,2ys97q3e9xsfgzpovshkjoxgq,Kiki,Forward,32,,,,,,,,,,,,,,,,,,,,,,,,,,,,,,,,,,,,,,,,,,,,,,,,,,,,,,,,,,,,,,,,,,,,,,,,,,,,,,,,,,,,,,,,,,,,,,,,,,,,,,,,,,,,,,,,,,,,,,,,,,,,,,,,,,,,
Portugal_Primeira_Liga,2025-2026,Casa Pia AC,28d418ajrp2wn77h3nqwee295,Gaizka Larrazabal,Defender,72,40,19,21,26,141,8,6,192,2,15,205,108,97,358,238,17,,26,,45,40,5,165,89,76,22,13,,245,,648,9,97,42,19,112,35,17,10,10,26,10,,15,14,22,7,29,477,244,258,458,18,27,106,2229,1,67,27,10,355,659,20,487,45,27,172,1248,30,55,163,55,117,5,0,,,,,,,,,,,4,3,4,3,3,,1,,1,,6,1,47,5,2,46,38,28,,2,1,,3,2,41,1,1,,,,4,,,,,1,,,,,,1,,,,,
Portugal_Primeira_Liga,2025-2026,Casa Pia AC,cn5jsr7wuibyseqti5x5r5w4p,J. Livolant,Forward,29,100,45,55,27,143,11,4,197,2,33,309,140,169,510,225,7,,27,,47,42,5,209,95,114,12,28,,144,8,599,9,106,62,26,98,130,35,14,15,27,12,,42,19,25,4,19,415,321,175,435,10,18,6,2325,7,27,17,63,404,642,29,454,28,59,188,1178,8,28,244,41,160,2,0,,,,,,,,,,,7,48,7,3,2,1,,,4,18,33,3,54,7,23,97,62,31,3,2,1,1,2,3,,2,,,,,8,,,,,,1,1,,,,,,,,,
Portugal_Primeira_Liga,2025-2026,Casa Pia AC,1z3q114cjupzcbscph3psovmc,I. Mandić,Goalkeeper,95,,,,,,,,,,,,,,,,,,,,,,,,,,,,,,,,,,,,,,,,,,,,,,,,,,,,,,,,,,,,,,,,,,,,,,,,,,,,,,,,,,,,,,,,,,,,,,,,,,,,,,,,,,,,,,,,,,,,,,,,,,,,,,,,,,,,
Portugal_Primeira_Liga,2025-2026,Casa Pia AC,74ubjqkrcfrs0mjg18hxhgopg,Miguel Neves,Forward,58,,,,,,,,,,,,,,,,,,,,,,,,,,,,,,,,,,,,,,,,,,,,,,,,,,,,,,,,,,,,,,,,,,,,,,,,,,,,,,,,,,,,,,,,,,,,,,,,,,,,,,,,,,,,,,,,,,,,,,,,,,,,,,,,,,,,
Portugal_Primeira_Liga,2025-2026,Casa Pia AC,2uqu22zy54pgog64fk993fyay,Miguel Sousa,Midfielder,14,4,3,1,12,19,,,46,,2,58,27,31,45,42,5,,12,,7,7,,54,24,30,2,4,,20,,112,,16,5,3,13,33,6,,,3,3,9,2,1,5,,4,80,44,40,78,5,5,4,322,,5,12,15,54,114,,82,10,3,32,191,2,8,32,5,24,3,0,,,,,,,,,,,2,,2,,,,,,,,3,3,6,3,,5,4,3,,,,,,,,,,,,,,,,,,,,,,,,,,,,,
Portugal_Primeira_Liga,2025-2026,Casa Pia AC,bgkidpss00awbvykk4kwv39m2,Iyad Mohamed,Midfielder,24,17,6,11,16,37,,1,34,,,83,44,39,44,87,11,,16,,15,13,2,66,38,28,14,4,1,61,,221,2,13,11,7,33,56,4,1,1,5,3,11,2,2,6,1,13,166,90,93,168,9,10,1,613,,23,24,3,88,241,2,181,19,1,60,366,6,16,58,13,44,4,0,,,,,,,,,,,,4,,1,1,1,,1,,,6,2,6,1,4,11,4,2,,1,0,,,,,,1,,,,,,,,,,,,,,,,,,,,
Portugal_Primeira_Liga,2025-2026,Casa Pia AC,4yy4fl3wvjrmybopyua8invqi,K. Nsona,Forward,7,14,8,6,10,40,,1,62,,4,62,35,27,99,17,3,,10,,15,12,3,48,27,21,1,1,,7,1,91,4,40,9,3,16,28,2,3,2,6,5,4,2,2,9,,4,72,44,31,69,4,4,1,479,,4,6,4,73,92,5,73,8,17,19,201,,,30,5,19,,0,,,,,,,,,,,1,,1,1,,,1,1,2,,9,,18,1,,16,16,9,1,1,0,,1,,,1,,,,,,,,,,,,,,,,,,,,,
Portugal_Primeira_Liga,2025-2026,Casa Pia AC,26t2dvwvx2wqzf5hj59ws5all,L. Ofori,Midfielder,80,3,3,,9,17,2,2,40,1,,38,17,21,42,39,3,,9,,8,8,,35,14,21,2,6,,44,,142,2,16,7,5,25,42,7,1,,7,4,2,,,5,1,6,119,65,54,113,4,6,,533,1,4,6,6,47,142,1,119,10,5,23,215,5,9,17,9,14,1,0,,,,,,,,,,,1,,1,,,,,,1,,2,,6,1,,3,3,1,,,,,,,,,,,,,,,,,,,,,,,,,,,,,
Portugal_Primeira_Liga,2025-2026,Casa Pia AC,dwu5macjd0b6xzukitk40st4a,K. Osundina,Forward,13,15,10,5,14,30,2,,38,,2,80,49,31,76,21,7,,14,,13,12,1,65,39,26,3,5,,11,2,91,3,18,11,7,22,29,5,2,2,7,7,7,2,2,8,,5,68,36,34,63,7,4,3,614,1,8,11,7,69,91,4,68,11,17,23,213,2,3,19,7,20,1,1,,,,,,,,,,,,,,2,2,,,1,,,10,,25,2,,3,3,13,,1,1,,2,1,,1,1,,,,,,,,,,,,,,,,,,,,
Portugal_Primeira_Liga,2025-2026,Casa Pia AC,b23be312oxcbusvpjnnriukq2,Y. Oukili,Midfielder,20,15,7,8,8,21,3,,29,,,58,30,28,39,32,11,,8,,6,4,2,43,23,20,4,1,,21,,103,1,12,2,2,15,30,1,3,1,6,5,2,,,1,,1,87,46,42,87,2,8,,462,,11,15,9,30,104,4,88,10,10,16,178,3,3,9,7,13,2,0,,,,,,,,,,,,,,,,,1,,1,,1,,7,,,,,1,,,,,,,,,,,,,,,,,,,,,,,,,,,,,
Portugal_Primeira_Liga,2025-2026,Casa Pia AC,1jqqawhipf80rrgz79hyu5ct0,Pedro Rosas,Defender,75,6,1,5,3,,1,,1,,,13,5,8,15,6,,,3,,1,1,,7,4,3,2,,,2,,10,,1,2,2,1,2,,1,1,1,1,2,,,,,2,7,5,2,5,1,1,4,115,1,5,2,1,12,10,2,7,2,4,3,44,,,3,1,3,,0,,,,,,,,,,,,,,,,,,,,,,,1,,,1,1,1,,,,,,,6,,,,,,,,,,,,,,,,,,,,,,
Portugal_Primeira_Liga,2025-2026,Casa Pia AC,77myfyov250z91bzocv0tyjv8,K. Prieto,Forward,19,5,4,1,8,11,,1,21,,,36,18,18,35,22,,,8,,6,5,1,31,14,17,3,1,,14,,56,1,10,4,1,16,9,1,1,,1,,7,1,1,3,,3,46,29,18,43,2,7,15,186,,6,1,5,30,56,1,46,9,1,10,128,2,4,10,2,6,,0,,,,,,,,,,,,,,,,,,,,,,,5,,,2,2,3,,,,,,,6,,,,,,,,,,,,,,,,,,,,,,
Portugal_Primeira_Liga,2025-2026,Casa Pia AC,47wasen155qbiu6pmyp3dowr9,S. Pérez,Midfielder,42,18,11,7,21,87,2,5,88,,3,106,44,62,63,136,10,,21,,30,27,3,88,33,55,13,4,,174,1,535,5,34,9,6,45,173,4,3,,15,8,6,1,,1,3,40,457,182,309,450,9,19,2,1309,,24,20,27,97,570,3,490,28,6,80,720,7,24,65,19,56,5,0,,,,,,,,,,,,1,,,,,,,,1,18,1,2,,,4,4,1,1,,,,,,,,1,,,,,,,,,,,,,,,,,,,,
Portugal_Primeira_Liga,2025-2026,Casa Pia AC,1c8ki3i0dz0axlnd0vauzw9d6,Rafael Brito,Midfielder,8,35,15,20,19,55,1,7,50,1,1,109,59,50,84,145,13,,19,,15,15,,74,44,30,16,2,,77,,325,4,22,20,14,43,67,3,3,3,14,12,5,2,2,1,7,22,234,113,142,231,7,11,,1160,,31,24,11,123,344,6,253,18,11,91,509,9,13,58,39,78,3,0,,,,,,,,,,,1,,1,2,2,,,,2,,8,1,10,2,,6,6,3,,2,0,,2,1,,2,,,,,,,,,,,,,,,,1,,,,,
Portugal_Primeira_Liga,2025-2026,Casa Pia AC,971kypall9qayknky7tcgiwpg,Renato Nhaga,Midfielder,74,31,24,7,18,81,1,2,127,1,4,187,90,97,117,113,19,,18,,30,26,4,156,66,90,2,8,,107,,387,6,60,23,11,64,107,8,6,3,13,9,5,1,1,16,2,23,295,151,166,293,7,24,3,1170,1,19,30,44,156,408,9,316,31,8,92,641,12,26,72,29,66,4,1,,,,,,,,,,,,1,,2,2,,,2,,,6,,22,1,,9,9,4,1,0,2,,2,,,2,,,,,,,,,,,,,,,,,,,,,
Portugal_Primeira_Liga,2025-2026,Casa Pia AC,4k2wic25asdlmuqr17e3s6nkl,Ricardo Batista,Goalkeeper,33,1,,1,4,,,,7,,,2,,2,,71,,27,4,29,5,4,1,1,,1,,,,29,,68,1,1,,,32,19,,,,3,,1,,,,11,18,52,10,71,63,,,,316,,7,,1,39,119,,81,,,38,152,18,38,29,9,,,0,3,,12,,2,9,7,2,4,3,,,,,,,,,,,,,,,,,,,,,,,,,,,,,,,,,1,,,,,,,1,,,,,,,
Portugal_Primeira_Liga,2025-2026,Casa Pia AC,chwv6iayowufvu6hb1fg6ydwp,Rodrigo Moura,Goalkeeper,31,,,,,,,,,,,,,,,,,,,,,,,,,,,,,,,,,,,,,,,,,,,,,,,,,,,,,,,,,,,,,,,,,,,,,,,,,,,,,,,,,,,,,,,,,,,,,,,,,,,,,,,,,,,,,,,,,,,,,,,,,,,,,,,,,,,,
Portugal_Primeira_Liga,2025-2026,Casa Pia AC,f16314ea0rlqw9nnpu8qewmp5,P. Sequeira,Goalkeeper,1,12,1,11,22,,,,42,5,,18,3,15,,409,1,183,22,160,37,34,3,6,2,4,,1,1,82,,299,7,15,,,189,102,1,,,22,1,,,,,51,125,191,81,260,216,1,,,1898,,27,2,8,262,593,,341,1,,252,805,136,247,193,59,5,3,0,12,1,64,2,14,62,39,23,27,11,,,,,,,,,,,,1,,,,,,,,,,,,,,,1,,1,1,,,8,2,,,,,,4,,,,,,,
Portugal_Primeira_Liga,2025-2026,Casa Pia AC,4nz928h6p0nl8p161dxg55pn8,X. Severina,Forward,17,1,,1,5,6,,,6,,1,18,13,5,19,6,3,,5,,2,2,,17,13,4,,,,6,,23,,4,1,1,2,5,,,,,,5,,,1,,,17,10,7,17,1,1,1,98,,,5,1,18,23,,17,2,3,6,43,2,2,6,1,4,1,0,,,,,,,,,,,,,,,,,,,,,3,,5,,,1,1,4,,,,,,,,,,,,,,,,,,,,,,,,,,,,,
Portugal_Primeira_Liga,2025-2026,Casa Pia AC,65u4tcjhkpbk2tx5qtarjdk44,Max Svensson,Forward,9,8,4,4,6,15,2,,16,,1,30,23,7,41,13,4,,6,,3,3,,22,19,3,,4,,7,,44,,12,6,2,4,10,4,3,3,1,1,5,1,1,,,,25,14,13,26,,1,4,176,2,,9,2,37,45,6,26,1,8,19,81,1,2,17,3,17,1,0,,,,,,,,,,,,,,,,,,,,,2,,6,1,,1,1,3,1,,,,,,1,,,,,,,,,,,,,,,,,,,,,,
Portugal_Primeira_Liga,2025-2026,Casa Pia AC,c9mr6s9gur4jxrinhj5blu0vd,D. Tchamba,Defender,2,17,7,10,5,12,1,9,49,1,2,36,14,22,22,111,1,16,5,16,9,8,1,19,7,12,11,1,,27,,213,,23,8,3,18,91,1,3,1,5,1,,,,2,3,17,151,50,127,160,1,4,4,416,1,31,2,5,70,241,4,177,5,10,64,328,17,41,43,23,23,2,0,,,,,,,,,,1,,,,1,,,,1,,,,1,2,,,2,2,,,0,1,,1,,,1,,2,,,,,,,,,,,,,,,,,,,
Portugal_Primeira_Liga,2025-2026,Casa Pia AC,2lf9z8t0gt5mwi46w7esxg3dg,Tiago Morais,Forward,21,12,10,2,18,27,6,1,54,,3,70,41,29,120,57,8,,18,,10,10,,58,31,27,3,5,,31,5,158,,26,14,6,33,50,5,3,4,7,7,11,1,,6,,10,105,71,40,100,3,7,5,654,1,1,10,11,99,165,7,110,10,11,55,279,3,9,62,7,46,1,0,,,,,,,,,,,,3,,,,,,,,,8,4,14,2,2,14,7,7,,,,,,,,,,,,,,,,,,1,,,,,,,,,,,
Portugal_Primeira_Liga,2025-2026,CD Nacional,16xwxuz2wuz2yjo8x605xhgwl,André Sousa,Midfielder,18,4,2,2,10,11,,,5,,2,15,6,9,34,16,,,10,,3,2,1,11,4,7,,1,,18,,51,,1,2,1,4,12,3,1,,1,1,9,2,,,,2,43,30,19,45,2,1,,112,,2,,4,23,57,1,47,3,1,10,90,1,4,14,1,6,1,0,,,,,,,,,,,1,4,2,,,,,,,1,1,,4,2,3,5,2,1,,,,,,,,,,,,,1,,,,,1,,,,,,,,,,,
Portugal_Primeira_Liga,2025-2026,CD Nacional,c38u6t2mr5f441tcuxlwpulpm,Miguel Baeza,Midfielder,8,14,8,6,14,49,5,1,50,,4,47,30,17,111,64,5,,14,,9,8,1,33,22,11,5,7,,72,1,226,,27,12,4,21,46,7,6,2,11,11,3,3,3,1,,10,177,115,70,172,2,3,,810,2,6,13,5,78,231,8,182,5,10,49,313,4,8,50,12,41,1,0,,,,,,,,,,,,7,,1,1,1,,1,,,17,1,5,,5,13,7,3,2,0,1,,,,,,,,,,,,,,,,,,,,,,,,,,
Portugal_Primeira_Liga,2025-2026,CD Nacional,757f9x11lzcug3d6sn39d85wp,J. Ramírez,Forward,9,257,139,118,27,140,18,5,106,2,16,405,230,175,396,130,9,,27,,31,29,2,148,91,57,3,24,,97,10,436,4,59,31,10,65,120,24,31,36,27,10,,,,20,,6,286,211,125,330,2,8,2,2353,11,37,41,30,275,487,67,336,10,137,151,884,2,10,135,22,141,5,3,,,,,,,,,,,,,,14,8,2,5,2,2,,42,1,53,,,6,6,16,9,10,4,2,12,10,,10,,,,,1,,,,,1,6,5,,,,2,1,1,,,
Portugal_Primeira_Liga,2025-2026,CD Nacional,6vqxkwgcx3qa1ke5oeutrp250,Daniel Júnior,Midfielder,10,6,6,,12,35,4,,49,,4,61,37,24,75,22,6,,12,,5,5,,55,31,24,9,6,,41,,106,,22,3,2,20,8,6,2,5,3,2,9,1,,7,,3,89,59,31,86,,8,1,357,,1,8,9,51,106,7,89,8,12,17,198,,1,12,8,16,3,0,,,,,,,,,,,,1,,,,,,,1,1,4,1,18,2,,3,3,9,,,,,,,,,,,,,,,,,,,,,,,,,,,,,
Portugal_Primeira_Liga,2025-2026,CD Nacional,2rhrgp9vcxmuh2tbjfye9o9as,Deivison,Midfielder,88,5,3,2,4,5,,,7,,,17,8,9,7,10,1,,4,,4,4,,12,5,7,,,,9,,26,,5,,,5,2,,,,1,,3,,,2,,1,22,9,13,21,1,2,3,113,,7,2,2,10,26,,22,3,,4,53,1,1,3,1,3,1,0,,,,,,,,,,,,,,,,,,,,,,,2,,,,,1,,,,,,,2,,,,1,1,,,,,,,,,,,,,,,,,
Portugal_Primeira_Liga,2025-2026,CD Nacional,12oo0syi7lvkf1ydzhjd607op,Filipe Soares,Midfielder,22,8,2,6,12,16,2,2,51,,1,45,26,19,58,39,5,,12,,8,6,2,37,24,13,3,4,,32,,123,,26,2,1,30,40,4,1,,2,2,10,5,1,4,,9,99,70,38,94,3,2,,338,,1,8,4,59,127,1,103,5,3,24,198,2,3,30,6,21,2,0,,,,,,,,,,,,11,,,,,,,,3,1,1,13,,7,12,3,6,,,,,,,1,,,,,,,,,,,,,,,,,,,,,,
Portugal_Primeira_Liga,2025-2026,CD Nacional,4999lbu9bu5be1su52d37o2l0,Francisco Gonçalves,Defender,33,14,6,8,7,15,,3,34,,,32,15,17,8,61,2,,7,,8,6,2,18,9,9,4,,,68,,182,2,18,5,4,9,47,,1,,4,1,3,,,,2,12,159,50,118,156,3,2,,382,,26,6,4,28,191,1,168,5,5,23,255,4,6,15,8,17,2,0,,,,,,,,,,,,,,,,,,,,,,,,,,,,,,,,,,,,,,,,,,,,,,,,,,,,,,,,,
Portugal_Primeira_Liga,2025-2026,CD Nacional,8ut3v3ezaj8th41g2kqhhhd9m,Gabriel Veron,Forward,27,16,10,6,9,30,1,,45,,2,77,46,31,115,33,5,,9,,7,6,1,61,36,25,4,4,,58,,139,,25,18,9,24,21,4,4,3,8,8,1,,,4,,1,105,77,31,107,4,9,2,640,2,4,9,8,84,142,7,108,13,15,34,253,,1,33,7,33,,1,,,,,,,,,,,,1,,1,,,,,4,,2,,18,,,6,6,9,1,1,0,,1,1,2,,,,,,,,,,,,,,,,,,,,,,
Portugal_Primeira_Liga,2025-2026,CD Nacional,10mmhviatbpx75fslh68s25lh,Ivanildo Fernandes,Defender,14,,,,,,,,,,,,,,,,,,,,,,,,,,,,,,,,,,,,,,,,,,,,,,,,,,,,,,,,,,,,,,,,,,,,,,,,,,,,,,,,,,,,,,,,,,,,,,,,,,,,,,,,,,,,,,,,,,,,,,,,,,,,,,,,,,,,
Portugal_Primeira_Liga,2025-2026,CD Nacional,1a1cur7ima2n6hxas3fqlplhw,Joel Silva,Midfielder,26,10,4,6,16,24,1,1,22,,1,54,28,26,58,41,5,,16,,9,7,2,44,24,20,5,6,,33,,119,1,10,5,2,20,24,6,1,1,4,4,12,3,2,2,,3,98,66,38,98,8,9,4,373,,8,8,1,39,122,2,101,17,2,21,200,3,4,20,5,17,,0,,,,,,,,,,,,3,,,,,,,,1,3,,6,,2,4,1,3,,,,,,,,,,,,,,,,,,,,,,,,,,,,,
Portugal_Primeira_Liga,2025-2026,CD Nacional,1es4nynrpc8sz3enj46i9zeok,Josué Souza,Midfielder,48,,,,,,,,,,,,,,,,,,,,,,,,,,,,,,,,,,,,,,,,,,,,,,,,,,,,,,,,,,,,,,,,,,,,,,,,,,,,,,,,,,,,,,,,,,,,,,,,,,,,,,,,,,,,,,,,,,,,,,,,,,,,,,,,,,,,
Portugal_Primeira_Liga,2025-2026,CD Nacional,845l2xhro63owvjs4d2mnqms5,José Gomes,Defender,5,42,18,24,21,67,3,9,124,3,19,154,72,82,281,148,7,,21,,26,24,2,112,54,58,15,17,,22,2,381,3,94,47,13,70,149,21,6,4,20,5,1,15,15,18,5,17,266,159,127,254,13,15,114,1783,2,65,16,12,284,386,10,271,28,30,115,909,22,35,137,34,80,2,0,,,,,,,,,,,2,,4,1,,,,1,3,,,1,27,6,,56,56,22,1,0,1,,1,,46,,1,,,,,,,,,1,,,,,,,,,,,
Portugal_Primeira_Liga,2025-2026,CD Nacional,5ypf6k6h2xuay2pa0aojhxr6d,Jota,Midfielder,20,,,,,,,,,,,,,,,,,,,,,,,,,,,,,,,,,,,,,,,,,,,,,,,,,,,,,,,,,,,,,,,,,,,,,,,,,,,,,,,,,,,,,,,,,,,,,,,,,,,,,,,,,,,,,,,,,,,,,,,,,,,,,,,,,,,,
Portugal_Primeira_Liga,2025-2026,CD Nacional,613ebmvzg9shbpf5imq3pju8l,João Aurélio,Defender,2,29,9,20,15,77,2,5,83,2,5,130,52,78,150,174,9,,15,,22,19,3,101,43,58,22,7,,100,,365,3,59,35,20,58,20,7,3,1,14,3,1,6,6,7,8,19,256,147,121,243,12,21,105,1253,,51,17,19,179,371,4,262,33,10,109,757,26,42,88,33,67,2,0,,,,,,,,,,,,,,,,,3,,2,,4,1,17,,,12,12,8,,,,,,,28,,1,,,,,,,,,,,,,,,,,,,,
Portugal_Primeira_Liga,2025-2026,CD Nacional,59j04iaaq4ncqjtej3pks1gk4,Kaique,Goalkeeper,1,9,1,8,22,,,,112,4,,18,1,17,,517,,169,22,203,29,27,2,9,,9,,,,122,,423,3,43,,,217,121,,,,22,,,,,1,53,147,309,109,325,287,,,,1980,,35,,10,332,760,,434,,,326,998,148,323,299,27,3,4,0,16,1,129,2,10,67,46,21,19,8,,,,,,,,,,,,,,,,,,,,,,,,,,,,,,,,,6,2,,,,,,6,,,,,2,2,
Portugal_Primeira_Liga,2025-2026,CD Nacional,3l06pytz34q007tzhx8dwamtw,Kevyn,Goalkeeper,50,,,,,,,,,,,,,,,,,,,,,,,,,,,,,,,,,,,,,,,,,,,,,,,,,,,,,,,,,,,,,,,,,,,,,,,,,,,,,,,,,,,,,,,,,,,,,,,,,,,,,,,,,,,,,,,,,,,,,,,,,,,,,,,,,,,,
Portugal_Primeira_Liga,2025-2026,CD Nacional,5x9288grt1u7a1m2mh2qlk4tm,C. Labidi,Midfielder,15,53,36,17,23,71,8,10,99,1,4,198,118,80,174,118,19,,23,,17,17,,145,82,63,10,10,,98,,381,3,42,35,24,69,100,11,6,7,14,11,9,2,2,9,3,17,297,172,133,286,18,23,,1243,1,26,33,13,161,387,13,303,41,24,84,668,11,18,65,24,66,4,0,,,,,,,,,,,,2,1,1,1,,1,1,1,,7,1,33,,2,5,3,12,,0,1,,1,,1,,1,,,1,1,1,,,,1,,,,,,,,,,,
Portugal_Primeira_Liga,2025-2026,CD Nacional,9umchhzzczfkymvx52hhni7d,Liziero,Midfielder,28,38,22,16,25,163,7,10,174,2,7,226,111,115,347,302,28,,25,,28,26,2,188,89,99,22,38,,251,1,894,4,77,31,23,108,214,42,10,5,25,17,,40,1,10,2,49,732,418,378,707,22,35,3,2116,,28,37,33,333,930,15,756,57,10,174,1381,12,49,213,37,125,6,0,,,,,,,,,,,4,63,4,,,,1,,5,27,29,6,33,7,33,76,15,17,,,,,,,1,,1,,,,6,,,,1,,,,,,,,,,,,
Portugal_Primeira_Liga,2025-2026,CD Nacional,9cb30ii6vuythtugob7ub64tl,Lucas França,Goalkeeper,37,3,1,2,6,,,,7,1,,5,2,3,,121,,37,6,45,10,8,2,2,1,1,,,,16,,56,1,2,,,55,12,,,,6,,,,,,13,42,32,32,39,29,,,,540,,10,,1,80,149,,71,,,78,200,30,78,69,9,,1,0,3,1,25,,1,18,6,12,3,1,,,,,,,,,,,,,,,,,,,,,,,,,,,,,,,,,1,,,,,,,,,,,,,,
Portugal_Primeira_Liga,2025-2026,CD Nacional,vvy2kg1gd713af4yoooyj5jp,Lucas João,Forward,19,33,17,16,17,23,,1,12,,3,53,27,26,52,20,1,,17,,8,6,2,20,10,10,2,1,,10,,64,,3,3,2,12,15,2,3,4,1,,16,,,1,,4,44,29,19,44,2,4,,213,1,4,6,3,40,68,7,48,6,15,20,127,,2,20,,18,1,0,,,,,,,,,,,1,,1,,,,,,,,6,,4,,,,,,1,,,,,,,,,,,,,,,,,,,,,,,,,,,,
Portugal_Primeira_Liga,2025-2026,CD Nacional,9i1n0wl49q3swmwb582a6vg15,Léo Santos,Defender,34,103,47,56,26,89,5,22,239,5,2,197,93,104,95,367,9,1,26,1,32,29,3,94,46,48,25,9,,395,6,994,4,121,20,7,87,184,11,10,6,25,2,1,2,2,11,22,66,826,244,616,792,6,14,1,2269,3,143,33,18,206,1035,16,858,20,47,177,1383,54,98,132,50,79,11,0,,,,,,,,,,3,,,2,3,,,1,,,,3,,9,1,,5,5,4,,3,0,,3,,,2,,1,,,,,,,,1,,,,,,3,,,,,
Portugal_Primeira_Liga,2025-2026,CD Nacional,eu4xzg9in80yh0hg9kjtsg0es,Martim Watts,Midfielder,30,5,5,,6,2,,,3,,,16,14,2,8,2,,,6,,1,,1,11,9,2,,,,3,,9,,2,1,,2,2,,,,,,6,,,1,,,8,5,3,8,,1,,52,,,4,,9,9,,8,1,5,1,20,,,1,1,1,1,0,,,,,,,,,,,,,,,,,1,,,,,,4,,,1,1,,,,,,,,,,,,,,,,,,,,,,,,,,,,,,
Portugal_Primeira_Liga,2025-2026,CD Nacional,5igsj45agcp6j6yh0abxrmuei,Matheus Dias,Midfielder,6,62,25,37,26,100,2,11,201,3,1,201,95,106,115,262,22,,26,,36,33,3,139,70,69,44,10,,239,2,870,4,103,28,17,94,312,11,13,2,26,9,,1,1,6,10,52,732,328,447,722,19,21,3,2151,3,117,42,25,187,913,15,774,40,16,139,1285,14,37,104,38,102,5,0,,,,,,,,,,1,,,1,,,,3,,1,,6,1,10,1,,3,3,5,,,,,,,,,2,1,1,1,,,,,,,,,,,,,,,,,
Portugal_Primeira_Liga,2025-2026,CD Nacional,9wpaydzkcf1h1256gkuu948pg,M. Nourani,Forward,17,2,2,,6,15,1,,16,,,24,12,12,26,5,1,,6,,,,,22,10,12,2,,,11,1,36,,10,4,3,6,5,,1,,2,2,4,1,1,,,,28,19,10,28,2,3,,159,1,1,3,7,17,36,1,28,5,2,8,72,,,9,1,8,1,0,,,,,,,,,,,,,,,,,,,,,,,4,,,2,2,3,,,,,,,,,,,,,,,,,,,,,,,,,,,,,
Portugal_Primeira_Liga,2025-2026,CD Nacional,ambws5k0oeseygxbdgh4pzpqs,A. Núñez,Defender,16,11,7,4,15,63,,2,83,3,5,88,50,38,173,139,7,,15,,16,15,1,77,43,34,11,12,,143,,363,1,60,22,11,43,18,14,2,1,13,1,2,14,14,9,8,16,279,179,114,263,6,15,63,1197,,32,22,5,154,363,3,279,21,10,84,630,23,41,92,21,43,2,0,,,,,,,,,,,1,,2,1,1,,,,,,2,1,3,4,,29,29,2,,0,1,,1,1,21,1,,,,,,,,,1,,,,,,,,,,,,
Portugal_Primeira_Liga,2025-2026,CD Nacional,dpuj6vhkxhoujjxlqq3uw11jo,Pablo Ruan,Forward,99,48,27,21,18,31,4,2,35,,8,94,54,40,199,40,4,,18,,12,11,1,46,27,19,3,12,,47,3,129,2,21,25,13,17,12,12,4,5,8,7,10,7,6,5,,4,80,63,25,77,2,4,17,716,1,8,7,8,132,130,9,81,6,26,49,317,,5,69,4,44,2,0,,,,,,,,,,,,1,,,,,,,1,1,,1,15,1,,24,24,6,,,,,,,29,,,,,1,2,1,,,,,,,,,,,,,,,
Portugal_Primeira_Liga,2025-2026,CD Nacional,c4gfngqz8qeae1xayhyiwg7l6,Paulinho Bóia,Forward,11,51,37,14,28,115,12,1,317,1,18,323,169,154,538,151,17,,28,,31,29,2,272,132,140,7,33,1,69,10,527,4,181,55,34,114,209,35,21,22,28,16,,20,6,38,,33,375,305,102,354,22,21,6,2376,2,17,32,59,380,544,43,387,43,75,157,1095,8,40,189,28,117,5,2,,,,,,,,,,,2,26,2,4,4,,2,1,7,14,12,8,71,7,9,60,44,42,4,3,1,,4,3,3,3,,,,,1,,,,,1,,,,,,,,,,,
Portugal_Primeira_Liga,2025-2026,CD Nacional,vkkqa7plhc8qczi7pols2gyy,Ulisses,Defender,4,9,3,6,5,13,,2,15,,,26,14,12,5,40,4,,5,,4,4,,17,11,6,5,,1,44,,108,,8,3,2,11,17,,,1,3,1,2,,,1,2,16,92,35,63,82,1,2,,224,,12,9,2,19,114,1,98,3,4,16,153,5,8,12,4,8,2,0,,,,,,,,,,,,,,,,,,,,,,,2,,,,,,,,,,,,,,,,,1,,1,,,,,,,,,,,,,,,
Portugal_Primeira_Liga,2025-2026,CD Nacional,a4w6rw1ojd6o5tbwky9kqhiax,L. Vallier,Defender,24,16,9,7,13,52,,4,85,,7,66,28,38,136,76,5,,13,,13,11,2,50,19,31,9,14,,14,2,234,1,53,17,5,44,96,13,2,,8,3,5,9,9,8,,9,193,103,103,188,5,6,62,743,,17,6,12,98,238,2,197,11,10,41,454,7,11,46,13,30,4,0,,,,,,,,,,,,,,,,,,,1,,3,,10,3,,18,18,4,,,,,,,19,,,,,,,,,,,,,,,,,,,,,,
Portugal_Primeira_Liga,2025-2026,CD Nacional,2grd1zjq1s8hbzmp0eb9ke9rd,Witi,Forward,7,16,10,6,22,44,2,1,99,,10,85,51,34,194,49,7,,22,,18,16,2,69,41,28,4,11,,61,3,179,2,65,27,8,42,26,11,8,4,7,6,15,5,4,7,1,7,116,93,29,110,3,7,9,756,4,9,10,12,135,180,12,117,10,23,63,352,4,13,72,11,50,2,0,,,,,,,,,,1,,2,,1,1,1,,1,4,1,7,3,24,1,,20,20,16,1,1,0,,,,,,1,,,,,,,,,1,,,,,,,,,,,
Portugal_Primeira_Liga,2025-2026,CD Nacional,4xx1a0gslcsf2zartt5nbonx0,Zé Vitor,Defender,38,99,30,69,25,67,8,20,306,5,2,233,95,138,88,439,25,,25,,34,31,3,134,65,69,37,8,3,177,1,1043,2,198,37,19,106,401,9,15,8,25,,,,,5,16,87,838,307,569,789,15,33,2,2223,1,165,46,16,239,1084,23,876,48,41,208,1506,39,112,155,58,96,6,0,,,,,,,,,,,1,,1,4,,,,4,,,,1,9,,,5,5,6,,1,3,,4,,,3,,,,1,1,1,,,,,,,,,,,,,,,
Portugal_Primeira_Liga,2025-2026,CD Santa Clara,5k74ofoqel095frhszvdmxbhm,Adriano Firmino,Midfielder,6,17,6,11,18,128,3,,190,3,1,111,53,58,138,207,9,,18,,17,15,2,94,47,47,12,9,,205,,704,,92,20,10,69,221,9,9,2,16,4,2,,,16,4,35,611,323,345,633,7,3,3,1447,,19,20,21,139,761,11,668,10,10,93,934,7,26,70,28,67,4,0,,,,,,,,,,,,,,,,,,,2,,10,2,20,,,5,5,12,1,,,,,,,,,,,1,,1,,,,,,,,,,,,,,,
Portugal_Primeira_Liga,2025-2026,CD Santa Clara,bzfmea4d3ql97fpb22cx54jro,Adriel,Forward,20,,,,,,,,,,,,,,,,,,,,,,,,,,,,,,,,,,,,,,,,,,,,,,,,,,,,,,,,,,,,,,,,,,,,,,,,,,,,,,,,,,,,,,,,,,,,,,,,,,,,,,,,,,,,,,,,,,,,,,,,,,,,,,,,,,,,
Portugal_Primeira_Liga,2025-2026,CD Santa Clara,4a2u9pfhcuzt0vwkzemke0e8k,Andrey,Midfielder,78,,,,,,,,,,,,,,,,,,,,,,,,,,,,,,,,,,,,,,,,,,,,,,,,,,,,,,,,,,,,,,,,,,,,,,,,,,,,,,,,,,,,,,,,,,,,,,,,,,,,,,,,,,,,,,,,,,,,,,,,,,,,,,,,,,,,
Portugal_Primeira_Liga,2025-2026,CD Santa Clara,3ce6k0jldiwe7hv790vhgfac4,Brenner,Forward,11,19,12,7,24,66,4,2,141,1,18,132,74,58,270,30,5,,24,,12,11,1,113,62,51,7,20,,63,7,179,1,101,28,12,46,23,21,13,7,10,8,14,10,9,17,1,3,137,101,49,137,1,2,5,999,2,5,16,31,159,182,20,140,3,64,42,434,3,6,64,11,36,2,0,,,,,,,,,,,,2,1,,,,1,,2,1,4,,44,5,,33,33,28,4,,,1,,,,,,,,,,,,,,,,,,,,,,,,,
Portugal_Primeira_Liga,2025-2026,CD Santa Clara,cz6tcx6dqmlj45s9d9wxvcnh1,A. Carter,Forward,9,23,10,13,5,10,,,4,,1,37,20,17,20,9,2,,5,,,,,14,10,4,,2,,6,1,37,,2,,,4,13,3,,1,1,1,4,,,1,,,21,15,7,22,,1,,129,,,5,2,28,38,1,22,1,5,16,60,,,12,4,16,1,0,,,,,,,,,,,1,,1,,,,,,1,,1,,4,1,,,,1,,,,,,,,,,,,,,,,,,,,,,,,,,,,,
Portugal_Primeira_Liga,2025-2026,CD Santa Clara,80qg05ue1gsf1ot70rky91l62,Darlan,Midfielder,37,2,2,,4,2,,,4,,,6,3,3,6,1,1,,4,,1,1,,4,1,3,,,,2,,10,,1,1,,1,5,,,,,,4,,,,,,7,5,2,7,,3,,26,,,2,,4,10,,7,3,,3,14,,,3,,3,,0,,,,,,,,,,,,,,,,,1,,,,,,,,,,,,,,,,,,,,,,,,,,,,,,,,,,,,,,,,
Portugal_Primeira_Liga,2025-2026,CD Santa Clara,3776gjrdiqfvch2wk5kde2w2x,Diogo Calila,Defender,2,22,10,12,17,44,,3,68,,2,69,39,30,120,64,2,,17,,8,7,1,47,29,18,7,7,,65,,191,3,48,9,4,13,26,7,2,2,5,4,12,7,6,3,1,6,161,87,88,162,2,4,37,602,,21,9,10,80,199,4,168,6,11,31,360,3,9,43,4,22,4,0,,,,,,,,,,,,1,,1,,,,,1,1,,,14,,,16,12,11,,1,0,,1,,4,1,1,,,,,,,,,,,,,,,1,,,,,
Portugal_Primeira_Liga,2025-2026,CD Santa Clara,1680dkj4qn7gdk5ubajwjvspg,Edgar Costa,Forward,69,,,,,,,,,,,,,,,,,,,,,,,,,,,,,,,,,,,,,,,,,,,,,,,,,,,,,,,,,,,,,,,,,,,,,,,,,,,,,,,,,,,,,,,,,,,,,,,,,,,,,,,,,,,,,,,,,,,,,,,,,,,,,,,,,,,,
Portugal_Primeira_Liga,2025-2026,CD Santa Clara,2vw5u0j2q84f75b9xwbbmv6s4,Edney,Defender,22,1,,1,1,7,,,2,,1,5,,5,2,5,,,1,,2,2,,4,,4,,,,2,,13,,,3,1,1,,,,,1,1,,,,,,,8,3,6,9,,,,45,,,,4,6,14,,9,,,5,22,,1,1,5,4,,0,,,,,,,,,,,,,,,,,,,,,,,,,,1,1,,,,,,,,,,,,,,,,,,,,,,,,,,,,,,
Portugal_Primeira_Liga,2025-2026,CD Santa Clara,agtn08txrd68h8gz1i99fhkpg,Elias Manoel,Forward,7,9,6,3,11,12,1,,13,,3,25,16,9,52,11,1,,11,,2,2,,16,10,6,1,2,,8,,40,,6,3,1,2,11,2,3,3,,,11,,,1,,1,26,18,10,27,,1,3,165,2,,4,4,34,42,6,28,1,19,14,83,,,10,4,14,1,0,,,,,,,,,,,,,,1,,,,,,,3,,6,,,,,3,1,0,1,,1,1,,1,,,,,,,,,,,,,,,,,,,,,
Portugal_Primeira_Liga,2025-2026,CD Santa Clara,9qzpbge6jicw2tiyb67csq1hw,Fernando,Forward,26,18,14,4,7,29,2,,49,,3,68,40,28,78,20,1,,7,,5,5,,50,26,24,1,3,,14,2,71,2,27,7,2,17,18,4,4,1,5,5,2,,,8,,3,55,42,23,62,1,5,2,440,,,5,10,52,81,5,65,6,16,16,166,1,1,17,3,15,,0,,,,,,,,,,,,,1,1,1,,1,,1,,6,,19,1,,4,4,12,,0,1,,1,1,,,,,,,,,,,,,,,,,,,,,,,
Portugal_Primeira_Liga,2025-2026,CD Santa Clara,5jz3uh1mnrbfvlgph5mnpyuol,Frederico Venâncio,Defender,21,56,20,36,20,41,,5,172,3,,119,48,71,30,276,8,3,20,3,23,22,1,63,28,35,33,3,1,221,1,845,3,83,13,7,58,332,3,4,3,18,2,2,,,,10,73,759,222,559,708,20,12,5,1551,1,109,16,3,101,870,7,781,32,10,89,1111,21,46,63,27,43,5,1,,,,,,,,,,,,,,1,,,,,,,,,3,,,1,1,2,,1,0,,1,,,1,1,,,,,,,,,,,,,,,1,,,,,
Portugal_Primeira_Liga,2025-2026,CD Santa Clara,byk4cll4gdgp2n5ocxrb5j1t5,Gabriel Batista,Goalkeeper,1,12,1,11,28,,,,74,8,,16,3,13,1,484,,224,28,206,35,32,3,4,2,2,,3,,174,,432,6,35,,,233,115,4,1,,28,,,,,,53,173,314,114,370,311,,,,2520,,25,,5,292,773,1,484,,1,289,1007,143,285,248,41,4,,0,25,2,86,2,15,67,34,32,26,9,,,1,,,,,,,,,,,1,,,,,,,,,,,,,,,,,,,8,1,,,,,,,,,,,2,2,
Portugal_Primeira_Liga,2025-2026,CD Santa Clara,2r6ma23qtyq2l18m21eksjp7u,Gabriel Silva,Forward,10,69,38,31,23,80,11,2,141,1,16,231,120,111,367,84,20,,23,,27,24,3,162,82,80,,22,,72,12,319,6,61,31,13,40,107,22,26,18,20,11,3,2,1,17,2,8,219,162,81,233,8,12,13,1718,10,9,32,44,268,343,44,241,20,67,102,716,3,10,133,15,92,2,2,,,,,,,,,,,,12,,4,1,3,,1,6,1,15,1,43,2,10,46,22,24,3,1,3,1,1,3,23,1,,,,,3,,,,,3,1,1,,,,,1,1,,,
Portugal_Primeira_Liga,2025-2026,CD Santa Clara,2aumz6rtq4ufba7z7zn5v8frp,Gonçalo Paciência,Forward,39,13,9,4,7,8,3,2,11,,3,34,24,10,48,17,3,,7,,5,5,,21,15,6,,1,,14,1,43,2,7,2,,5,10,1,1,5,2,2,5,1,1,2,,2,26,21,12,30,,2,,213,1,1,3,2,40,49,6,32,2,14,17,96,2,6,18,1,11,3,0,,,,,,,,,,,,,,2,1,,,,,,,,12,,,2,2,2,,1,1,,2,1,,1,,,,,,,,,,,,,,,,1,,,,,
Portugal_Primeira_Liga,2025-2026,CD Santa Clara,mlxww3jvhdzq13ecybrtw9gp,Guilherme Romão,Defender,5,17,4,13,8,21,2,2,53,3,3,57,25,32,103,134,3,,8,,7,7,,40,21,19,6,5,,10,,217,3,28,6,3,23,55,6,,1,6,,2,4,3,2,3,9,169,108,68,163,2,8,46,598,1,28,5,7,114,220,1,172,10,8,48,408,6,18,59,14,30,,0,,,,,,,,,,,1,12,1,,,,1,,,,,,10,1,12,25,8,3,,,,,,,22,,1,,,,,,,,,,,,,,,,,,,,
Portugal_Primeira_Liga,2025-2026,CD Santa Clara,3q1nhus52rnkt6nwvqmpb1ct0,Gustavo Klismahn,Midfielder,77,12,2,10,11,47,2,1,83,,5,85,38,47,153,83,11,,11,,13,13,,73,36,37,7,13,,62,,223,4,60,15,11,33,37,14,4,1,10,9,1,14,7,9,1,12,152,112,58,144,6,9,1,761,,9,18,13,132,229,5,156,15,16,73,394,5,18,84,12,55,1,0,,,,,,,,,,,1,16,1,1,,,,,,7,10,2,14,5,7,23,14,9,,0,1,,1,1,,1,,,,,1,,,,,,,,,,,,,,,,
Portugal_Primeira_Liga,2025-2026,CD Santa Clara,88xuzw9qx0wokrldxlp3gcbqi,Henrique Pereira,Forward,77,,,,,,,,,,,,,,,,,,,,,,,,,,,,,,,,,,,,,,,,,,,,,,,,,,,,,,,,,,,,,,,,,,,,,,,,,,,,,,,,,,,,,,,,,,,,,,,,,,,,,,,,,,,,,,,,,,,,,,,,,,,,,,,,,,,,
Portugal_Primeira_Liga,2025-2026,CD Santa Clara,490c7lsh869s31t00ibh3ds0k,Henrique Silva,Defender,94,52,26,26,11,51,4,5,117,3,2,111,49,62,17,161,6,,11,,13,12,1,59,23,36,9,2,1,112,1,444,4,46,7,6,35,145,2,2,,10,4,1,,,4,12,29,363,83,302,356,9,11,2,851,,67,18,13,94,469,2,385,20,9,84,619,31,50,65,21,34,3,0,,,,,,,,,,,,,,,,,1,,,,,,2,,,2,2,1,,,,,,,,,1,,,,,,,,,,,,,,,,,,,,
Portugal_Primeira_Liga,2025-2026,CD Santa Clara,45guacl45ns0j70h4temobvv8,Italo Cabelinho,Defender,93,,,,,,,,,,,,,,,,,,,,,,,,,,,,,,,,,,,,,,,,,,,,,,,,,,,,,,,,,,,,,,,,,,,,,,,,,,,,,,,,,,,,,,,,,,,,,,,,,,,,,,,,,,,,,,,,,,,,,,,,,,,,,,,,,,,,
Portugal_Primeira_Liga,2025-2026,CD Santa Clara,ypxvtpkdxe31t7ztqnuy4no,José Franco,Defender,85,,,,,,,,,,,,,,,,,,,,,,,,,,,,,,,,,,,,,,,,,,,,,,,,,,,,,,,,,,,,,,,,,,,,,,,,,,,,,,,,,,,,,,,,,,,,,,,,,,,,,,,,,,,,,,,,,,,,,,,,,,,,,,,,,,,,
Portugal_Primeira_Liga,2025-2026,CD Santa Clara,4dwkdr1ctq1vxtbyforskrhn8,José Tavares,Midfielder,65,32,13,19,19,66,4,1,69,,,130,60,70,87,77,11,,19,,10,8,2,98,47,51,4,6,,61,,253,3,24,10,7,34,51,7,1,2,4,3,15,,,8,1,11,205,117,90,196,6,16,2,603,,11,29,21,74,255,3,207,22,5,48,381,1,7,32,18,41,6,0,,,,,,,,,,,,,1,,,,1,,,,11,,12,,,2,2,6,,,,,,,,,,,,,,,,,,,,,,,,,,,,,
Portugal_Primeira_Liga,2025-2026,CD Santa Clara,13v6oehv7fd26bkz81qthlyc4,João Afonso,Goalkeeper,50,,,,,,,,,,,,,,,,,,,,,,,,,,,,,,,,,,,,,,,,,,,,,,,,,,,,,,,,,,,,,,,,,,,,,,,,,,,,,,,,,,,,,,,,,,,,,,,,,,,,,,,,,,,,,,,,,,,,,,,,,,,,,,,,,,,,
Portugal_Primeira_Liga,2025-2026,CD Santa Clara,6va6k5y9vlsphmysjufjxzoyc,João Costa,Forward,17,9,3,6,7,6,1,,4,,,17,7,10,13,3,,,7,,1,1,,8,4,4,,1,,7,,16,,1,1,1,2,1,2,,1,,,7,,,,,1,11,8,4,11,1,2,,64,,,2,2,11,17,1,12,3,6,5,32,,,3,2,5,,0,,,,,,,,,,,1,,1,,,,,,,,1,,2,1,,,,,2,,,,,,,,,,,,,,,,,,,,,,,,,,,,
Portugal_Primeira_Liga,2025-2026,CD Santa Clara,28lucwbes9q95s1j4mgy2s50q,Lucas Soares,Defender,42,35,21,14,24,132,4,1,219,3,14,222,104,118,324,236,22,,24,,26,24,2,187,83,104,17,14,,212,4,620,4,104,52,20,69,56,14,10,4,23,8,1,12,8,32,5,25,493,274,245,482,18,27,166,1926,,65,44,27,275,636,14,507,45,19,129,1214,21,37,131,53,92,3,0,,,,,,,,,,,,9,,,,,2,,5,4,2,2,27,4,4,55,50,20,,,,,,,18,,1,,,1,1,1,,,1,,,,,,,,,,,,
Portugal_Primeira_Liga,2025-2026,CD Santa Clara,9p5rbvef4mox0vlc41pindzx0,Luiz Otávio,Midfielder,82,,,,,,,,,,,,,,,,,,,,,,,,,,,,,,,,,,,,,,,,,,,,,,,,,,,,,,,,,,,,,,,,,,,,,,,,,,,,,,,,,,,,,,,,,,,,,,,,,,,,,,,,,,,,,,,,,,,,,,,,,,,,,,,,,,,,
Portugal_Primeira_Liga,2025-2026,CD Santa Clara,8xyk2ee5mlrd3v597h1vlfw15,Luquinhas,Forward,28,9,7,2,9,22,,,19,,,32,17,15,24,13,3,,9,,,,,23,10,13,2,,,12,,60,,9,1,1,8,13,,1,1,2,2,7,,,1,1,2,50,25,25,48,2,4,,209,1,3,4,6,24,60,2,50,6,5,10,100,,,5,6,10,1,0,,,,,,,,,,,,,,,,,,,1,,4,,2,,,1,1,,3,,,,,,,,,,,,,,,,,,,,,,,,,,,,
Portugal_Primeira_Liga,2025-2026,CD Santa Clara,6830rde1otsphznge6rvck34l,Luís Rocha,Defender,13,36,18,18,13,42,1,1,152,3,3,93,51,42,13,238,9,2,13,2,15,12,3,57,33,24,11,1,,290,2,689,1,67,7,4,36,143,1,2,,13,,,1,1,1,5,40,594,160,456,575,10,7,,1170,,55,20,6,109,713,2,615,17,5,98,844,26,56,75,23,42,5,0,,,,,,,,,,,,,,,,,,,,,1,,1,,,,,1,,,,,,,,,1,,,,,,,,,,,,,,,,,,,,
Portugal_Primeira_Liga,2025-2026,CD Santa Clara,fkx4v1ux771bqn2g9bn3340k,MT,Defender,32,29,11,18,12,53,1,,116,2,,62,25,37,45,180,6,1,12,1,7,6,1,33,14,19,8,5,,74,,454,,79,10,7,30,161,5,4,5,7,1,5,1,1,4,9,31,379,138,254,360,2,7,20,751,,45,6,7,97,468,9,391,9,10,77,610,21,42,60,20,35,2,1,,,,,,,,,,,,,,1,,,,,,,,1,4,1,,3,3,2,,1,0,,1,,7,1,,,,,2,,,,,,,,,,,1,,,,,
Portugal_Primeira_Liga,2025-2026,CD Santa Clara,380ejwyblelr0ef3um2cwv3ai,Matheus Pereira,Defender,3,20,5,15,10,42,4,,78,2,9,102,47,55,152,98,4,,10,,11,10,1,82,42,40,10,7,,17,4,235,,41,17,5,31,82,8,2,2,8,2,2,6,4,7,,4,165,110,65,165,5,13,30,720,2,16,19,16,147,239,4,169,18,8,70,445,14,24,79,20,46,3,0,,,,,,,,,,,1,8,1,,,,3,,,2,6,,23,2,5,29,18,12,1,,,1,,,7,,,,,,,,,,,1,,,,,,,,,,,
Portugal_Primeira_Liga,2025-2026,CD Santa Clara,8l21njr4kx8h1wjypznq9bm6s,Neneca,Goalkeeper,12,,,,,,,,,,,,,,,,,,,,,,,,,,,,,,,,,,,,,,,,,,,,,,,,,,,,,,,,,,,,,,,,,,,,,,,,,,,,,,,,,,,,,,,,,,,,,,,,,,,,,,,,,,,,,,,,,,,,,,,,,,,,,,,,,,,,
Portugal_Primeira_Liga,2025-2026,CD Santa Clara,e3m0d26ckavr38z1b0qptrnu2,Paulo Victor,Defender,64,21,8,13,18,88,2,2,109,1,5,139,54,85,220,194,10,,18,,15,14,1,118,46,72,17,8,,11,,424,2,73,30,19,50,142,7,1,2,14,11,4,7,4,18,5,16,313,182,149,308,14,18,85,1113,,38,13,22,211,435,3,324,32,11,111,807,26,38,116,31,73,4,0,,,,,,,,,,,,13,,1,1,,,1,3,3,1,,17,1,9,36,25,7,,0,1,,1,,23,,,,1,1,1,,,,,,,,,,1,,,,,,
Portugal_Primeira_Liga,2025-2026,CD Santa Clara,6fno1nklmlp93liytohma0mol,Pedro Ferreira,Midfielder,8,64,25,39,28,110,8,7,123,4,8,207,87,120,208,232,11,,28,,23,20,3,143,62,81,27,9,,153,,611,4,47,56,36,88,127,9,10,2,21,11,7,5,5,5,10,32,444,254,206,423,24,35,6,1795,1,49,31,17,231,622,12,455,59,19,167,961,21,38,147,38,129,4,0,,,,,,,,,,1,,,,,,,1,,1,,9,1,16,2,,18,18,10,,,,,,,,,,1,,,,,,,,,,,,,,,,,,,
Portugal_Primeira_Liga,2025-2026,CD Santa Clara,1i7lxt3ijmk984rn2ioys94ut,Pedro Pacheco,Defender,4,,,,1,2,,,1,,,2,1,1,,1,,,1,,,,,2,1,1,,,,2,,3,,,,,1,,,,,,,1,,,1,,,2,,4,4,,,,7,,1,,,1,5,,4,,,1,7,,,1,,1,,0,,,,,,,,,,,,,,,,,,,,,,,,,,,,,,,,,,,,,,,,,,,,,,,,,,,,,,,,,
Portugal_Primeira_Liga,2025-2026,CD Santa Clara,cswczed1esho0zxyaj6tit5as,Serginho,Midfielder,35,42,22,20,27,190,15,2,266,4,10,231,113,118,390,243,19,,27,,31,30,1,189,91,98,15,31,,217,3,867,6,123,34,21,138,246,33,12,10,26,14,1,21,4,17,3,43,730,444,334,714,16,24,1,2130,1,18,41,41,275,896,22,757,40,37,139,1290,11,37,156,43,102,8,1,,,,,,,,,,,2,53,2,4,,,2,,2,11,17,2,35,3,38,60,15,15,,2,2,1,4,4,,4,,,,,1,,,,,,4,4,,,,,,,,,
Portugal_Primeira_Liga,2025-2026,CD Santa Clara,ca1yl6rf2gz4cs5omm9clf2sp,Sidney Lima,Defender,23,91,41,50,27,108,2,22,260,8,3,187,83,104,108,374,11,3,27,3,34,31,3,96,42,54,32,15,,485,1,1156,6,144,20,9,74,251,15,11,2,27,2,,6,6,2,5,76,984,289,756,963,7,26,47,2393,,139,26,21,231,1218,13,1039,33,24,179,1643,44,105,147,44,74,6,1,,,,,,,,,,1,,,,1,,,,,1,,,,10,1,,12,12,5,,1,0,,1,1,13,1,2,1,,1,4,1,,,,1,,,,,,,,,,,
Portugal_Primeira_Liga,2025-2026,CD Santa Clara,d2q8cps3kahzy9rifrw5q978,Tiago Duarte,Forward,80,1,,1,1,,,,2,,,2,1,1,3,6,,,1,,,,,1,1,,,1,,1,,11,,1,,,2,4,1,,,,,1,,,,,,9,4,5,9,,,1,15,,1,,,3,11,,9,,,2,16,,,1,1,2,,0,,,,,,,,,,,,,,,,,,,,,,1,,,,,,,,,,,,,1,,,,,,,,,,,,,,,,,,,,,,
Portugal_Primeira_Liga,2025-2026,CD Santa Clara,735gto2oh2t6g0dpuu3qzogt0,Tiago Queiroz,Midfielder,76,,,,,,,,,,,,,,,,,,,,,,,,,,,,,,,,,,,,,,,,,,,,,,,,,,,,,,,,,,,,,,,,,,,,,,,,,,,,,,,,,,,,,,,,,,,,,,,,,,,,,,,,,,,,,,,,,,,,,,,,,,,,,,,,,,,,
Portugal_Primeira_Liga,2025-2026,CD Santa Clara,54ufz1uj4hkihp7ghf9u4x1m2,Vinícius Lopes,Forward,70,49,28,21,23,77,13,1,170,,13,231,131,100,339,87,22,,23,,20,18,2,182,103,79,7,20,,62,5,313,3,87,30,20,61,90,21,18,13,16,12,7,4,4,32,1,4,250,194,63,249,9,14,,1372,5,13,33,24,176,316,31,253,23,49,63,651,4,5,72,11,58,8,1,,,,,,,,,,,,,1,6,5,1,3,1,4,,10,3,59,1,,20,20,35,1,3,3,,5,5,1,5,,,,,,,,,,1,,,,,,,,,,,
Portugal_Primeira_Liga,2025-2026,CD Santa Clara,f1xweqreohszai1sp5z0cyjca,Welinton Torrão,Forward,49,20,14,6,12,26,1,1,42,,2,50,28,22,83,27,3,,12,,7,6,1,30,14,16,2,4,,15,1,103,2,20,4,1,13,35,5,2,1,4,4,8,1,,4,,2,71,43,29,69,,9,2,418,1,8,5,3,77,103,3,71,9,13,32,194,2,5,38,8,27,1,0,,,,,,,,,,,,3,1,,,,,,1,1,6,,9,1,2,14,12,6,1,,,,,,,,,,,,,,,,1,1,,,,,,,,,,,
Portugal_Primeira_Liga,2025-2026,CD Santa Clara,1emve5gjbelv22ce6fu4acrxm,Wendel,Forward,29,37,20,17,13,61,3,,48,,5,78,48,30,106,41,1,,13,,14,13,1,41,28,13,1,6,,29,2,138,1,19,10,3,15,32,8,3,6,11,10,2,1,1,1,,1,91,62,55,115,1,1,2,917,3,9,7,10,102,163,9,116,2,30,47,273,1,4,41,7,43,2,0,,,,,,,,,,,1,,2,1,,,1,,,,16,,21,2,,1,1,8,1,1,0,,1,1,,1,,,,,,,,,,,1,1,,,,,,,,,
Portugal_Primeira_Liga,2025-2026,CD Tondela,1lb9n598k4fo56ehkdw4uqtjo,Afonso Rodrigues,Forward,19,10,5,5,7,7,1,,15,,4,25,13,12,30,14,,,7,,6,5,1,15,8,7,1,,,4,,27,2,9,4,3,8,2,,2,1,,,7,1,1,2,,,20,13,8,20,1,2,,117,,1,2,2,28,27,3,20,3,8,7,69,3,3,13,1,4,1,0,,,,,,,,,,,,,,,,,1,,1,,1,,5,,,7,7,2,,,,,,,3,,,,,,,,,,,,,,,,,,,,,,
Portugal_Primeira_Liga,2025-2026,CD Tondela,4jauu6ue076rbeq56exa4bcyy,M. Aïko,Forward,90,4,3,1,11,37,2,1,97,1,4,84,39,45,149,46,6,,11,,10,10,,80,36,44,2,10,,18,4,175,3,57,25,12,30,74,11,6,3,8,3,3,6,6,18,2,4,126,75,57,122,5,8,3,714,,5,10,13,124,175,9,126,13,21,49,356,1,9,62,13,40,1,0,,,,,,,,,,,1,,1,,,,1,,2,,5,,24,3,,26,26,16,,,,,,,,,,,,,,,,,,1,,,,,,,,,,,
Portugal_Primeira_Liga,2025-2026,CD Tondela,2hap44i3j488f2tdolqk3ty39,André Ceitil,Midfielder,6,9,5,4,4,2,,3,3,,,14,8,6,6,9,,,4,,4,4,,5,3,2,1,1,,12,,25,1,1,,,1,7,1,,,,,4,,,,,1,20,8,16,23,,2,,95,,9,3,,8,30,,24,2,2,6,48,1,2,5,2,4,,0,,,,,,,,,,,,,,,,,,,,,,,1,,,1,1,1,,,,,,,,,,1,,,,,,,,,,,,,,,,,,,
Portugal_Primeira_Liga,2025-2026,CD Tondela,6myi0mpkesaedzqro83zreh1x,Bebeto,Defender,2,50,26,24,21,98,1,13,128,1,2,199,93,106,206,280,16,,21,,27,22,5,149,67,82,22,12,,211,4,598,5,80,28,12,75,33,12,2,2,20,12,1,12,11,7,3,37,468,221,278,450,28,33,114,1708,,76,29,14,246,622,4,487,61,3,135,1100,42,69,134,50,66,4,1,,,,,,,,,,1,,,,2,,,,,1,,2,1,10,1,,49,48,5,,1,1,,2,2,32,2,1,,,,1,,,,,,2,2,,,,,,,,,
Portugal_Primeira_Liga,2025-2026,CD Tondela,9pryazv5qz8bml8o0wh320goa,Bernardo Fontes,Goalkeeper,31,8,1,7,27,,,,103,5,,19,2,17,2,493,,232,27,209,44,38,6,11,1,10,,1,1,92,,437,8,47,,,227,186,1,1,,27,,,,,,51,166,294,111,362,307,1,1,1,2430,,39,,8,304,771,1,473,2,2,298,1058,172,294,253,45,4,1,0,25,2,83,5,18,89,59,25,23,20,,,,,,,,,,,,,1,,,,,1,,,,,,,,,,,,,,,9,1,,,,,,1,,,,,,,
Portugal_Primeira_Liga,2025-2026,CD Tondela,4jxlkq0x33agt01vjlou0yk4q,Lucas Cañizares,Goalkeeper,30,,,,,,,,,,,,,,,,,,,,,,,,,,,,,,,,,,,,,,,,,,,,,,,,,,,,,,,,,,,,,,,,,,,,,,,,,,1,0,,,,,,,,,,,,,,,,,,,,,,,,,,,,,,,,,,,,,,,,,,,,,,,,,,,,,,,,,
Portugal_Primeira_Liga,2025-2026,CD Tondela,dv9gm9ueox7uah9yt3fstc8dm,Christian Marques,Defender,4,47,27,20,25,62,,19,188,5,1,123,63,60,29,294,10,15,25,15,36,30,6,76,36,40,30,7,,372,2,893,6,89,20,13,52,206,7,2,1,25,3,,,,5,10,67,788,222,605,760,8,17,1,2175,1,117,19,10,123,934,3,827,25,16,107,1210,38,64,74,33,43,3,0,,,,,,,,,,,,,,,,,1,,,,,,1,1,,,,1,,,,1,,,,,,,,,,,,,,,,,,,,,,,,,
Portugal_Primeira_Liga,2025-2026,CD Tondela,2sm1nalj8c68e8j95ne15wzit,Cícero,Midfielder,97,49,23,26,14,36,1,4,53,1,2,99,46,53,64,155,9,,14,,17,16,1,50,23,27,19,2,,88,1,366,3,26,15,11,46,103,3,1,2,12,5,2,1,1,1,1,13,283,163,136,285,8,10,5,990,1,50,14,8,100,382,3,298,18,13,84,538,5,21,59,27,63,5,0,,,,,,,,,,,1,,1,,,,,,,,4,1,,1,,2,2,,,,,,,,3,,1,,,,,,,,,,,,,,,,,,,,
Portugal_Primeira_Liga,2025-2026,CD Tondela,8uaiw1nxu6veo2kykk7s3yfis,Diego Tavares,Defender,3,,,,,,,,,,,,,,,,,,,,,,,,,,,,,,,,,,,,,,,,,,,,,,,,,,,,,,,,,,,,,,,,,,,,,,,,,,,,,,,,,,,,,,,,,,,,,,,,,,,,,,,,,,,,,,,,,,,,,,,,,,,,,,,,,,,,
Portugal_Primeira_Liga,2025-2026,CD Tondela,7i38jog0i18iaujxfuu5svlyh,Gabriel Souza,Goalkeeper,1,,,,,,,,,,,,,,,,,,,,,,,,,,,,,,,,,,,,,,,,,,,,,,,,,,,,,,,,,,,,,,,,,,,,,,,,,,,,,,,,,,,,,,,,,,,,,,,,,,,,,,,,,,,,,,,,,,,,,,,,,,,,,,,,,,,,
Portugal_Primeira_Liga,2025-2026,CD Tondela,5he3j18ix8tre84r8uls8ytm2,J. Hodge,Midfielder,10,11,9,2,20,80,1,,101,1,4,87,51,36,160,163,6,,20,,24,20,4,76,42,34,14,14,,104,1,422,7,47,17,10,70,97,15,9,1,15,13,5,4,,5,5,25,341,205,160,336,10,15,7,1135,,15,19,4,154,444,10,361,25,13,83,641,2,17,88,27,66,2,0,,,,,,,,,,,,24,1,,,,1,,,2,7,2,20,1,20,32,6,4,1,,,,,,,,1,,,,,,,,1,1,,,,,,,,,,,
Portugal_Primeira_Liga,2025-2026,CD Tondela,79izrssq50jjzhapj4ekmv95g,Hugo Félix,Midfielder,79,11,8,3,19,102,7,2,111,,7,77,38,39,252,83,4,,19,,12,11,1,66,30,36,4,16,,88,1,322,1,48,18,8,42,75,16,7,5,8,7,11,15,1,6,1,21,267,194,111,269,2,2,1,941,2,6,10,27,142,348,12,290,4,27,58,537,2,10,95,10,48,1,0,,,,,,,,,,,,39,,,,,1,,,11,9,1,13,2,23,47,10,7,,,,1,,,,,,,,,1,,,,,1,1,,,,,,,,,,
Portugal_Primeira_Liga,2025-2026,CD Tondela,7jmewoh9jen8q6e2n3u942sid,Hélder Tavares,Midfielder,8,22,10,12,16,15,1,2,17,,,63,29,34,35,61,8,,16,,10,9,1,41,19,22,5,2,,40,,149,2,7,8,6,25,34,2,,,5,5,11,2,2,,2,12,116,59,60,105,5,10,1,451,,21,12,8,45,150,,117,15,1,33,241,7,10,27,7,23,1,0,,,,,,,,,,,,,,,,,,,,,2,,4,,,1,1,1,,,,,,,,,,,1,1,,,,,,,,,,,,,,,,,
Portugal_Primeira_Liga,2025-2026,CD Tondela,2bu8vn8fr7u3kt65nzj37vsgl,Ivan Cavaleiro,Forward,17,29,16,13,13,52,5,,100,1,8,98,63,35,221,65,7,,13,,12,9,3,69,47,22,4,17,,25,1,228,1,58,20,5,43,92,17,10,4,9,6,4,12,7,9,,7,178,145,49,175,1,3,7,851,2,10,11,9,140,234,14,182,4,25,52,413,4,7,85,8,45,1,0,,,,,,,,,,,,14,,2,1,,,,2,4,6,,22,5,6,41,32,13,3,2,0,,2,2,,2,,,,,2,,,,,2,1,1,,,,,,,,,
Portugal_Primeira_Liga,2025-2026,CD Tondela,15cgd8ntybnsp3og07nxe02d,João Afonso,Defender,5,34,13,21,10,13,1,7,50,,1,59,22,37,7,88,2,2,10,2,14,13,1,25,9,16,20,,,79,1,233,1,27,7,4,16,71,,1,,6,,4,,,1,6,22,196,54,160,192,5,7,,579,,47,5,4,42,251,1,214,12,5,37,358,10,20,24,13,17,3,0,,,,,,,,,,,,,,,,,1,,,,,,,,,,,,,,,,,,,,,,,,,,,,,,,,,,,,,,,,
Portugal_Primeira_Liga,2025-2026,CD Tondela,5n522jpifzyf9qu0z41kuf7my,João Silva,Defender,44,19,8,11,5,8,2,,34,1,,38,20,18,11,52,6,,5,,3,2,1,19,12,7,2,1,1,58,,144,1,25,1,,8,28,1,1,1,4,1,1,,,,1,13,122,43,80,110,2,3,,366,1,20,10,2,27,146,2,123,5,7,23,187,4,10,14,10,13,,0,,,,,,,,,,,,,,1,,,,,,,,,,,,1,1,,,1,0,,1,,,1,1,,,,,,,,,,,,,,,1,,,,,
Portugal_Primeira_Liga,2025-2026,CD Tondela,987m2cpi9k8ssjy3jrkfjjytw,J. Rodríguez,Midfielder,32,28,13,15,22,58,6,6,114,1,2,124,55,69,103,161,11,,22,,24,19,5,96,42,54,14,8,,132,1,503,4,63,20,14,71,162,8,3,1,15,9,7,4,4,8,4,30,428,234,208,408,11,19,2,1350,,19,15,16,113,513,4,438,30,12,75,705,8,23,57,19,52,3,0,,,,,,,,,,1,,,,,,,1,,,,4,,14,1,,1,1,6,,,,,,,2,,,1,,,,,,,,,,,,,,,,,,,
Portugal_Primeira_Liga,2025-2026,CD Tondela,80s8hyser75f5sldrj3reeynd,B. Kimpioka,Forward,23,26,18,8,6,32,3,1,33,2,2,80,47,33,85,10,,,6,,4,3,1,54,29,25,1,1,,20,2,84,1,9,4,3,9,23,1,2,2,5,,1,,,8,,2,64,48,17,63,,6,,475,1,4,18,11,58,85,4,65,6,17,20,180,1,2,13,8,18,2,0,,,,,,,,,,,,,,,,,5,,,,7,,15,,,1,1,6,4,,,,,,,,1,,,,,,,,,,,,,,,,,,,,
Portugal_Primeira_Liga,2025-2026,CD Tondela,5w18cjh97e3hcgtdrlzo2lrvu,E. Maviram,Defender,60,28,15,13,20,62,2,3,90,1,8,112,62,50,212,233,9,,20,,29,25,4,84,47,37,27,12,,23,2,437,4,56,50,18,58,134,14,6,4,17,5,3,13,9,10,8,27,303,165,162,287,3,13,90,1458,,66,16,12,262,452,10,314,16,8,138,873,35,53,141,48,85,4,0,,,,,,,,,,,1,5,2,2,1,1,,2,3,3,,1,16,3,2,51,45,8,,1,1,,1,,34,,,,,,2,,,,,,,,,,1,,1,1,,,
Portugal_Primeira_Liga,2025-2026,CD Tondela,47q4q1oooi1851xm5z68bc36c,B. Medina,Defender,20,93,37,56,23,64,3,14,171,5,6,211,81,130,77,309,10,2,23,2,34,29,5,118,44,74,22,5,2,110,1,728,7,98,18,13,79,279,6,6,3,23,1,,1,1,7,12,29,612,191,455,616,22,35,6,2039,3,140,26,10,150,762,9,645,57,43,117,1129,32,58,87,31,59,8,0,,,,,,,,,,,1,,1,,,,,,,,,,9,1,,1,1,7,,,,2,,,2,,3,,1,2,,1,,,,,,,,,,,,,,,
Portugal_Primeira_Liga,2025-2026,CD Tondela,30achymdcr7u4no7p8c5015hw,Miro,Forward,9,22,12,10,4,11,3,2,18,,2,47,28,19,26,13,1,,4,,6,5,1,25,16,9,,1,,9,7,32,,13,3,1,5,10,1,2,2,4,3,,,,3,,3,20,16,14,27,,,,282,4,4,9,6,33,43,4,30,,5,13,91,,4,12,3,9,1,0,,,,,,,,,,,,,,,,,,,,,,1,6,1,,2,2,2,,,,,,,,,,,,,,,,,,1,,,,,,,,,,,
Portugal_Primeira_Liga,2025-2026,CD Tondela,ena6eo8k01ry7sfyonykdovhm,M. Ouattara,Forward,70,9,5,4,12,28,2,,34,,2,49,26,23,61,12,,,12,,6,5,1,40,21,19,3,3,,25,4,71,2,20,6,2,15,9,3,2,,3,3,9,2,2,4,,2,55,33,27,56,2,,1,287,,3,9,13,44,74,2,58,2,9,16,149,4,5,20,5,11,,0,,,,,,,,,,,,2,,,,,1,,,,4,,10,,,9,9,3,1,,,,,,1,,,,,,,,,,,1,,,,,,,,,,,
Portugal_Primeira_Liga,2025-2026,CD Tondela,67j4ibotfua9hnjsydi8o75rd,Pedro Maranhão,Forward,7,37,26,11,27,143,10,3,183,2,21,245,120,125,477,146,17,,27,,35,30,5,208,94,114,20,25,,125,7,476,4,115,51,22,84,74,26,24,24,24,15,3,19,16,24,1,13,358,278,109,355,17,21,13,2009,10,13,34,53,291,488,48,368,38,66,120,964,4,17,147,25,103,4,1,,,,,,,,,,,1,10,1,6,4,1,1,,2,2,15,3,40,3,7,52,42,23,3,0,6,2,5,6,3,5,,,,,1,,,,,5,4,2,,,,,,,,,
Portugal_Primeira_Liga,2025-2026,CD Tondela,5m1fht9uevn186asz8awhxjah,Rodrigo Conceição,Defender,27,28,21,7,13,54,1,2,112,2,2,151,89,62,167,111,5,,13,,11,10,1,123,68,55,12,11,,27,,271,3,88,24,15,45,88,11,,5,9,2,4,6,6,7,2,13,215,126,104,211,12,23,54,862,,15,18,13,141,280,5,224,35,20,56,557,4,9,58,18,47,2,0,,,,,,,,,,,,1,,1,1,,,,3,,4,1,24,,,20,19,18,,1,0,,1,1,6,,,,,,,,,,,,,,,,,,,,,,
Portugal_Primeira_Liga,2025-2026,CD Tondela,3a8iogub2cwuedxyu03gsvx90,Y. Rodríguez,Forward,11,31,25,6,14,15,,,21,,3,77,54,23,72,6,2,,14,,10,8,2,46,29,17,,3,,14,6,38,2,7,5,3,11,8,3,3,5,1,,13,1,1,2,,1,32,25,13,36,4,4,,407,4,2,11,7,50,43,8,37,8,21,6,130,,1,10,,5,1,0,,,,,,,,,,,,,,1,,,2,,1,,2,,18,,,4,4,7,,1,0,,1,,,,,,,,,,,,,1,,,,,,1,,,,,
Portugal_Primeira_Liga,2025-2026,CD Tondela,demp53kye0ium76t240vo8cet,Rony Lopes,Forward,16,,,,9,47,2,1,48,,3,40,26,14,76,47,5,,9,,12,10,2,40,26,14,,8,,41,,153,3,25,8,2,20,32,10,6,5,7,8,2,5,,2,1,10,113,80,51,116,2,6,2,475,,1,8,4,70,167,11,126,8,6,41,242,1,6,41,8,35,2,0,,,,,,,,,,,2,7,2,1,,,,1,,4,8,1,14,4,3,8,2,2,1,0,1,,1,,,,,,,,1,,,,,,,,,,,,,,,,
Portugal_Primeira_Liga,2025-2026,CD Tondela,5xhjvappzv6swoof5qpi0yj9,J. Siebatcheu,Forward,29,75,38,37,20,62,7,1,40,1,6,142,84,58,147,43,5,,20,,26,23,3,67,46,21,3,8,,47,12,190,5,16,10,7,26,53,8,12,9,14,7,6,,,3,,5,138,84,69,148,1,4,1,1213,6,22,22,13,101,205,21,153,5,54,52,372,,3,42,13,49,2,1,,,,,,,,,,,,,,1,,,,1,1,,18,,19,,,3,3,5,4,1,0,1,1,,,1,,,,,,,,,,2,1,,,,,,,,,,
Portugal_Primeira_Liga,2025-2026,CD Tondela,7qcwyfa4ucuvxo1k2cd9oijt,Y. Sithole,Midfielder,15,48,28,20,21,103,,6,101,2,,143,83,60,120,180,17,,21,,23,22,1,95,55,40,8,4,,145,,557,3,37,16,13,73,134,4,2,2,15,9,6,,,3,4,23,443,234,214,425,12,17,1,1376,,32,33,8,158,562,4,448,29,10,114,746,9,23,84,34,91,5,1,,,,,,,,,,,,1,,1,,,1,,,,8,,15,,1,4,3,10,1,0,1,,1,,,1,,,,,,,,,,,,,,,,,,,,,1
Portugal_Primeira_Liga,2025-2026,CD Tondela,210xmaquqj9ouxnxm0bwbiwyy,Tiago Manso,Defender,48,21,11,10,21,60,5,6,105,,7,126,63,63,176,162,13,,21,,23,20,3,105,52,53,12,6,,74,,325,4,66,29,14,44,39,6,3,4,12,7,9,5,5,12,5,24,241,141,112,224,8,20,49,1044,1,35,19,14,186,335,7,248,28,15,87,648,21,37,88,35,50,5,0,,,,,,,,,,2,,,,1,,,,,1,,1,,14,2,,36,36,9,,1,0,2,1,1,26,1,1,4,,,,,,,,,2,1,,,,,,,,,
Portugal_Primeira_Liga,2025-2026,CD Tondela,6o2tffdjtdueojbhahe3w66i2,R. Vita,Defender,21,4,2,2,4,10,,1,19,,1,22,13,9,36,39,4,,4,,3,3,,18,11,7,1,,,5,,93,,10,,,15,41,,3,,2,1,2,,,,,1,77,42,37,78,2,2,13,227,,5,8,3,34,95,3,79,4,1,16,148,4,9,22,,7,2,0,,,,,,,,,,,,,,,,,,,,,,1,,,,6,6,,,,,,,,9,,,,,,,,,,,,,,,,,,,,,,
Portugal_Primeira_Liga,2025-2026,CD Tondela,e6dt8ubzcjgmvgduirzvh5qi2,Xabi Huarte,Midfielder,14,4,3,1,5,2,,,13,,,18,11,7,26,14,2,,5,,3,2,1,14,8,6,,1,,9,,33,1,9,4,3,4,8,1,2,2,1,1,4,,,,,1,29,24,5,28,2,3,,134,1,1,2,1,20,33,4,29,5,6,4,63,,,4,1,4,,0,,,,,,,,,,,,1,,,,,,,,,2,,4,,1,1,,3,,,,,,,,,,,,,,,,,,1,,,,,,,,,,,
Portugal_Primeira_Liga,2025-2026,CD Tondela,a1eds451v0v1k6qmknigleo0k,Yarlen,Forward,67,4,3,1,11,15,2,,46,,6,55,29,26,105,27,4,,11,,11,11,,51,26,25,7,5,,12,3,77,2,35,13,6,16,23,4,2,3,5,4,6,1,1,11,,1,43,31,13,42,1,6,3,452,1,4,4,7,83,77,5,43,7,16,34,194,2,4,46,7,30,,0,,,,,,,,,,,,1,,,,,,,1,,2,1,16,2,1,19,18,14,,,,,,,,,,,,,,,,,,,,,,,,,,,,,
Portugal_Primeira_Liga,2025-2026,CD Tondela,3epda2hg43s8uxvf9xno74d4a,A. van der Heide,Forward,26,6,2,4,4,2,,,11,,1,11,4,7,13,10,1,,4,,4,3,1,5,2,3,1,,,8,2,21,1,5,2,1,5,1,,1,,1,1,3,,,1,,2,14,10,4,12,1,,,88,,,1,1,14,21,1,14,1,3,7,34,,,7,2,7,,0,,,,,,,,,,,,,,,,,,,,,,,1,,,2,2,1,,,,,,,,,,,,,,,,,,,,,,,,,,,,,
Portugal_Primeira_Liga,2025-2026,Club Foot Estrela,dzloubt7sgfwbg2vdwl84ce1g,Alexandre Sola,Midfielder,63,13,6,7,14,46,1,3,66,,,59,30,29,19,47,3,,14,,14,13,1,46,24,22,18,1,,49,,189,4,24,13,6,25,58,1,1,,8,7,6,,,2,,1,158,52,116,167,3,3,,545,1,6,9,14,57,200,1,168,6,2,32,302,,4,19,13,28,2,0,,,,,,,,,,,,,,,,,2,,,,6,1,15,,,,,6,,,,,,,,,,,,,,,,,,,,,,,,,,,,,
Portugal_Primeira_Liga,2025-2026,Club Foot Estrela,3lkglwuklpf2aaptuk2lm1wr8,Alisson Souza,Forward,80,2,1,1,4,4,,,12,,1,14,9,5,25,4,2,,4,,2,2,,12,8,4,,,,4,1,16,,8,5,3,4,4,,2,1,,,4,,,2,,,11,9,2,11,,,,67,1,1,2,2,16,16,3,11,,6,5,40,,,5,1,5,1,0,,,,,,,,,,,,,,,,,,,,,,1,6,,,1,1,5,,,,,,,1,,,,,,,,,,,,,,,,,,,,,,
Portugal_Primeira_Liga,2025-2026,Club Foot Estrela,b9bz5r34tmt9ji5306z5a7koa,L. Antonetti,Forward,7,13,8,5,10,12,,1,15,,2,41,24,17,35,9,,,10,,5,5,,28,16,12,1,,,8,,33,1,5,3,2,7,6,,,3,3,3,7,,,4,,1,22,14,10,23,2,2,,266,1,5,7,5,33,35,3,24,4,9,11,93,,3,12,2,8,,0,,,,,,,,,,,,,,,,,1,,,,7,,9,,,3,3,4,,,,,,,,,,,,,,,,,,,,,,,,,,,,,
Portugal_Primeira_Liga,2025-2026,Club Foot Estrela,172ffv5hxcfkze13jwr1mln56,Bernardo Schappo,Defender,14,129,34,95,23,55,1,19,259,6,1,239,84,155,51,496,17,15,23,16,31,29,2,110,50,60,24,4,2,230,1,1002,5,141,23,16,88,285,4,7,1,22,4,1,,,3,11,81,802,266,593,778,16,27,1,1939,1,151,27,15,235,1066,8,859,43,30,207,1420,31,111,148,59,96,6,0,,,1,,,,,,,,,,,,,,1,,,,1,1,10,,,,,3,1,,,,,,,,1,1,,,,,,,,,,,,,,,,,,,
Portugal_Primeira_Liga,2025-2026,Club Foot Estrela,5ak9fwtqlr2pll0nsv5br7p7u,B. Brahimi,Forward,26,,,,4,10,,,12,,,4,3,1,30,10,,,4,,1,,1,4,3,1,1,2,,10,2,38,,8,5,,4,10,2,,,,,4,6,5,1,,,32,24,16,34,,,1,89,,,1,,20,40,,34,,1,6,64,1,2,14,4,4,,0,,,,,,,,,,,,2,,,,,,,,1,3,,1,1,1,12,11,,,,,,,,,,,,,,,,,,,,,,,,,,,,,,
Portugal_Primeira_Liga,2025-2026,Club Foot Estrela,cmxmyld8l4gjy03zxskyxf5gq,Bruno Langa,Defender,24,3,2,1,5,29,,1,40,1,3,23,6,17,42,46,,,5,,6,5,1,20,4,16,3,1,,4,,127,1,23,6,2,12,58,1,,,5,3,,3,1,6,,6,100,55,57,103,2,2,29,389,,8,1,6,45,137,,109,4,1,28,222,5,10,25,8,18,,0,,,,,,,,,,,,3,,,,,,,,1,,1,3,,2,5,3,1,,,,,,,3,,,,,,,,,,,,,,,,,,,,,,
Portugal_Primeira_Liga,2025-2026,Club Foot Estrela,4leei260o34vba3r47wnbis5w,Caica,Defender,41,,,,,,,,,,,,,,,,,,,,,,,,,,,,,,,,,,,,,,,,,,,,,,,,,,,,,,,,,,,,,,,,,,,,,,,,,,,,,,,,,,,,,,,,,,,,,,,,,,,,,,,,,,,,,,,,,,,,,,,,,,,,,,,,,,,,
Portugal_Primeira_Liga,2025-2026,Club Foot Estrela,a0ph9oziooelfbfm8p0uinuvo,Gonzalo Calçada,Forward,28,1,1,,1,,,,1,,,3,3,,,,1,,1,,,,,2,2,,,,,,,,,1,,,,,,,,,,1,,,,,,,,,,,,,12,,1,1,,1,,,,,,,2,,,,,,,0,,,,,,,,,,,,,,,,,,,,,,,1,,,,,,,,,,,,,,,,,,,,,,,,,,,,,,,,,,
Portugal_Primeira_Liga,2025-2026,Club Foot Estrela,bvmwd6h6tfrbmx5ws6402eu7e,A. Chernev,Defender,79,37,14,23,15,25,1,3,84,2,1,86,39,47,18,161,1,9,15,9,17,16,1,49,25,24,2,2,,73,,410,2,36,7,3,29,177,2,5,,12,3,3,1,1,1,5,31,346,65,307,340,12,7,,1018,2,46,13,4,76,436,5,371,19,9,65,552,12,25,35,31,40,4,0,,,,,,,,,,,,,,,,,,,,,1,,7,,,1,1,4,,,,,,,,,2,,,,,,,,,,,,,,,,,,,,
Portugal_Primeira_Liga,2025-2026,Club Foot Estrela,21tehhu2uupm1rktj9r0gdq8k,S. Commey,Defender,4,,,,,,,,,,,,,,,,,,,,,,,,,,,,,,,,,,,,,,,,,,,,,,,,,,,,,,,,,,,,,,,,,,,,,,,,,,,,,,,,,,,,,,,,,,,,,,,,,,,,,,,,,,,,,,,,,,,,,,,,,,,,,,,,,,,,
Portugal_Primeira_Liga,2025-2026,Club Foot Estrela,5p6vqpchuts1foxujoyhiy7l5,David Grilo,Goalkeeper,22,,,,,,,,,,,,,,,,,,,,,,,,,,,,,,,,,,,,,,,,,,,,,,,,,,,,,,,,,,,,,,,,,,,,,,,,,,,,,,,,,,,,,,,,,,,,,,,,,,,,,,,,,,,,,,,,,,,,,,,,,,,,,,,,,,,,
Portugal_Primeira_Liga,2025-2026,Club Foot Estrela,4mp7ydk6ngfxzjrwpbh8whkkq,Diogo Pinto,Goalkeeper,1,,,,,,,,,,,,,,,,,,,,,,,,,,,,,,,,,,,,,,,,,,,,,,,,,,,,,,,,,,,,,,,,,,,,,,,,,,,,,,,,,,,,,,,,,,,,,,,,,,,,,,,,,,,,,,,,,,,,,,,,,,,,,,,,,,,,
Portugal_Primeira_Liga,2025-2026,Club Foot Estrela,c7ssypokoa0z3mts1d6bpwu8k,E. Doué,Midfielder,39,12,6,6,10,40,,1,81,,1,76,41,35,61,59,9,,10,,9,8,1,64,35,29,5,5,,80,,243,1,30,17,5,33,65,5,,2,5,5,5,1,1,12,1,14,201,113,90,188,4,8,,541,,16,13,5,80,244,2,202,12,6,42,354,6,13,25,19,29,4,0,,,,,,,,,,,,,,1,1,,,,1,,11,3,17,,,2,2,5,1,1,0,,1,1,,1,,,,,,,,,,,,,,,,,,,,,
Portugal_Primeira_Liga,2025-2026,Club Foot Estrela,5jj7ybunxj9w72lia5ftzfbvt,Dudu,Goalkeeper,13,,,,,,,,,,,,,,,,,,,,,,,,,,,,,,,,,,,,,,,,,,,,,,,,,,,,,,,,,,,,,,,,,,,,,,,,,,,,,,,,,,,,,,,,,,,,,,,,,,,,,,,,,,,,,,,,,,,,,,,,,,,,,,,,,,,,
Portugal_Primeira_Liga,2025-2026,Club Foot Estrela,7zrksvjdvw9nvl8ykfsajciz8,P. Fuhrer,Midfielder,27,,,,,,,,,,,,,,,,,,,,,,,,,,,,,,,,,,,,,,,,,,,,,,,,,,,,,,,,,,,,,,,,,,,,,,,,,,,,,,,,,,,,,,,,,,,,,,,,,,,,,,,,,,,,,,,,,,,,,,,,,,,,,,,,,,,,
Portugal_Primeira_Liga,2025-2026,Club Foot Estrela,djqbki8jap3rp8l0izzly9tzo,Fábio Ronaldo,Forward,7,4,2,2,2,8,,,8,,,16,7,9,17,10,1,,2,,3,3,,12,5,7,,2,,1,,25,1,3,2,1,5,7,2,,1,2,2,,,,2,1,3,16,10,7,14,,2,10,128,,3,1,4,18,26,1,17,2,1,9,61,,2,4,5,7,,0,,,,,,,,,,,,,,1,1,,,,2,,,,4,,,,,2,,1,0,,1,1,2,1,,,,,,,,,,,,,,,,,,,,,
Portugal_Primeira_Liga,2025-2026,Club Foot Estrela,bpfy0as935rys6xvhknl0ji1g,João Gastão,Forward,89,24,14,10,8,9,,1,8,,1,40,24,16,43,6,3,,8,,5,5,,16,10,6,3,3,,12,2,34,1,6,2,2,6,7,4,2,1,4,4,4,,,,,2,24,19,5,22,1,1,1,282,,2,5,4,22,34,3,24,2,14,10,78,,,12,,10,2,0,,,,,,,,,,,,,1,,,,,,,,2,,6,1,,2,2,2,,,,,,,,,,,,,,,,,,1,,,,,,,,,,,
Portugal_Primeira_Liga,2025-2026,Club Foot Estrela,7u6qn93r2uv54g032t7avbhuc,M. Gbomadu,Forward,15,,,,,,,,,,,,,,,,,,,,,,,,,,,,,,,,,,,,,,,,,,,,,,,,,,,,,,,,,,,,,,,,,,,,,,,,,,,,,,,,,,,,,,,,,,,,,,,,,,,,,,,,,,,,,,,,,,,,,,,,,,,,,,,,,,,,
Portugal_Primeira_Liga,2025-2026,Club Foot Estrela,8rit3sy7us8njpry3b8sqwcq2,Alan Godoy,Forward,13,19,12,7,6,18,3,,14,,2,45,28,17,44,11,3,,6,,3,3,,26,16,10,3,1,,7,1,45,1,9,11,4,10,14,1,4,1,3,3,3,,,1,,,27,15,17,32,1,3,,300,1,1,10,6,34,50,5,32,4,11,18,100,2,2,14,5,16,,0,,,,,,,,,,,,,,,,,1,,1,,2,,5,,,1,1,2,1,,,,,,,,,,,,1,,,,,,,,,,,,,,,,
Portugal_Primeira_Liga,2025-2026,Club Foot Estrela,1lvm6o9yzcuqhfbw2wpk6en3e,Guilherme Montóia,Defender,21,13,8,5,11,29,1,,75,1,2,76,44,32,79,90,3,,11,,13,13,,63,36,27,6,3,,12,1,215,2,47,15,4,37,92,3,,1,4,3,7,3,2,3,2,7,159,69,100,159,4,13,38,524,,9,13,7,105,223,1,166,17,5,57,376,2,9,53,19,48,2,0,,,,,,,,,,,,2,,,,,,,,1,,,17,1,,15,15,9,,,,,,,,,,,,,,,,,,,,,,,,,,,,,
Portugal_Primeira_Liga,2025-2026,Club Foot Estrela,440x44utqxoe1yslxbpsi0aac,Henrique Poniewas,Forward,86,,,,,,,,,,,,,,,,,,,,,,,,,,,,,,,,,,,,,,,,,,,,,,,,,,,,,,,,,,,,,,,,,,,,,,,,,,,,,,,,,,,,,,,,,,,,,,,,,,,,,,,,,,,,,,,,,,,,,,,,,,,,,,,,,,,,
Portugal_Primeira_Liga,2025-2026,Club Foot Estrela,34e59kt77fthmmbc8sp9mya96,K. Höög Jansson,Midfielder,6,25,7,18,7,20,1,6,46,1,,61,24,37,34,82,6,,7,,10,9,1,36,17,19,9,3,,52,,235,3,16,10,7,18,91,3,3,,7,3,,,,3,2,17,192,82,118,183,6,6,2,565,1,22,10,4,59,245,3,200,12,4,45,335,8,25,35,12,20,1,0,,,,,,,,,,,,,,,,,,,,,3,,3,,,2,2,1,,,,,,,,,1,,,,1,,,,,,,,,,,,,,,,
Portugal_Primeira_Liga,2025-2026,Club Foot Estrela,ak2fcc8ar26rth586bc2pjxex,I. Dramé,Defender,5,,,,1,,,,4,,,,,,,2,,,1,,,,,,,,,,,,,5,,3,,,,3,,,,,,1,,,,,,5,2,3,5,,,,3,,,,,,5,,5,,,,5,,,,,,,0,,,,,,,,,,,,,,,,,,,,,,,,,,,,,,,,,,,,,,,,,,,,,,,,,,,,,,,,,
Portugal_Primeira_Liga,2025-2026,Club Foot Estrela,cf78y2z7i9uw5eekbsj5jwstl,Jefferson Encada,Defender,17,22,14,8,21,133,,8,153,1,7,113,55,58,206,178,7,,21,,27,26,1,91,41,50,15,11,,167,,491,4,101,26,4,71,28,13,,1,15,7,6,11,11,18,2,10,412,190,248,417,8,13,88,1288,,34,20,11,178,506,1,427,21,12,79,847,8,18,77,38,61,4,0,,,,,,,,,,,2,2,2,,,,,,3,,1,1,16,4,,36,36,11,,,,,,,16,,2,,,,,,,,,,,,,,,,,,,,
Portugal_Primeira_Liga,2025-2026,Club Foot Estrela,5ylr8boyq9fylcl1l72lendhw,Jorge Meireles,Forward,18,11,6,5,18,53,4,1,68,1,3,97,41,56,128,66,4,,18,,15,14,1,86,35,51,8,8,,48,1,222,3,36,14,7,56,71,10,3,2,7,5,11,4,3,12,,16,175,113,80,173,1,6,4,689,,6,11,33,114,238,5,189,7,8,49,418,,10,59,10,39,,0,,,,,,,,,,,2,11,2,,,,,,,,4,1,19,1,9,20,10,8,1,,,1,,,,,,,,,,,,,,,,,,,,,,,,,
Portugal_Primeira_Liga,2025-2026,Club Foot Estrela,tkhdcvew2hyrrztin61sfw89,Jovane Cabral,Forward,11,28,16,12,21,120,10,1,193,,11,220,97,123,222,150,22,,21,,29,28,1,192,81,111,6,14,,96,3,508,5,83,26,15,87,169,14,18,20,15,12,6,5,2,28,,31,392,223,200,387,7,24,6,1413,2,7,38,52,250,535,38,418,31,35,117,913,3,26,112,25,91,5,2,,,,,,,,,,,,13,,5,4,,1,1,4,1,21,6,39,2,10,20,5,15,2,3,2,1,5,3,,3,,,,,13,,,,,3,,,,,,1,,,,,
Portugal_Primeira_Liga,2025-2026,Club Foot Estrela,754ho66ss67pjrlqf3fwth27e,João Resende,Forward,26,1,,1,2,1,,,1,,,1,,1,1,3,,,2,,,,,,,,,,,1,,7,,1,,,3,2,,,,,,2,,,,,,7,1,6,7,,,,9,,,,,1,7,,7,,,,10,,,,,,,0,,,,,,,,,,,,,,,,,,,,,,,,,,,,,,,,,,,,,,,,,,,,,,,,,,,,,,,,,
Portugal_Primeira_Liga,2025-2026,Club Foot Estrela,3hn1o03lxsjzju3uorl6rnpxw,Y. Kalley,Defender,2,,,,3,4,,,6,,,6,4,2,2,4,1,,3,,1,1,,6,4,2,,,,3,,15,,3,,,7,5,,,,,,3,,,,,2,12,4,9,11,1,,1,39,,1,4,1,6,16,,13,1,,3,25,,1,2,2,2,1,0,,,,,,,,,,,,,,,,,,,,,,,,,,1,1,,,,,,,,,,,,,,,,,,,,,,,,,,,,,,
Portugal_Primeira_Liga,2025-2026,Club Foot Estrela,a1uu2n2uyvrcxxc2l8i2e1wtm,Kikas,Forward,98,29,20,9,17,73,5,,46,1,9,78,54,24,118,19,4,,17,,24,22,2,49,34,15,2,8,,22,9,123,4,25,7,2,16,43,9,9,16,14,10,3,1,1,1,,3,86,55,65,116,2,1,,1212,8,18,16,11,73,157,25,119,3,42,38,274,2,6,29,14,32,,1,,,,,,,,,,,,,1,6,6,1,2,1,,,16,,12,1,,5,5,6,1,4,2,,5,3,,4,,,,,,,,,,2,1,,1,,,2,,,,,
Portugal_Primeira_Liga,2025-2026,Club Foot Estrela,d29kspi5hcnnl38om4ikn1xck,S. Leković,Defender,4,16,8,8,4,12,2,2,60,1,,28,13,15,11,63,,,4,,5,4,1,12,5,7,9,2,,62,1,211,2,47,2,1,14,79,2,2,1,4,1,,,,1,2,12,179,60,124,172,3,2,1,336,2,22,4,1,34,216,3,184,5,8,32,272,8,19,18,14,13,,0,,,,,,,,,,,,,,,,,,,,,1,1,1,,,,,1,,,,,,,,,,,,,,,,,,,,,,,,,,,,,
Portugal_Primeira_Liga,2025-2026,Club Foot Estrela,6hknd2raz8p9o3s6i7j683vje,Luan Patrick,Defender,30,45,19,26,27,77,1,29,323,6,4,129,51,78,37,558,13,15,27,15,46,42,4,84,32,52,27,3,4,532,2,1293,8,199,28,11,111,204,3,1,,27,3,,2,2,12,18,135,1115,335,855,1053,8,26,11,2348,,152,21,7,209,1371,1,1188,34,6,183,1721,54,98,108,78,85,4,0,,,,,,,,,,1,,,,,,,1,,,,,,3,,,3,3,3,,,,,,,,,,,1,1,,,,,,,,,,,1,,,,,,
Portugal_Primeira_Liga,2025-2026,Club Foot Estrela,362zqy0y3mlvlg76s8nz8mb6c,A. Marcus,Forward,99,75,40,35,25,168,9,3,263,6,7,296,153,143,400,164,13,,25,,33,29,4,221,113,108,10,33,,201,5,567,5,119,26,16,107,43,38,17,11,24,12,1,13,9,37,,36,456,285,193,429,15,18,22,2043,1,22,23,39,323,576,28,465,33,44,111,1077,,24,137,19,87,,1,,,,,,,,,,,5,10,5,5,3,,5,4,7,2,33,12,86,12,5,45,38,36,6,4,1,,5,,3,4,,,1,1,,,,,,1,,,,,,1,,,,,
Portugal_Primeira_Liga,2025-2026,Club Foot Estrela,b229okcdelkic4y5py3pyoufo,T. Moustier,Midfielder,28,6,4,2,8,13,1,1,16,,2,26,15,11,35,12,2,,8,,5,4,1,20,11,9,,5,,11,2,45,1,8,2,,5,12,5,2,1,2,2,6,4,1,,,,37,20,24,40,3,3,5,225,,7,4,3,33,48,3,40,6,2,8,106,,,15,2,8,,0,,,,,,,,,,,,6,,,,,,,,3,2,,5,,3,9,4,1,,,,,,,5,,,,,,,,,,,,,,,,,,,,,,
Portugal_Primeira_Liga,2025-2026,Club Foot Estrela,5p1msun922194u08sfrjw6smi,Assane Ndiaye,Midfielder,6,,,,,,,,,,,,,,,,,,,,,,,,,,,,,,,,,,,,,,,,,,,,,,,,,,,,,,,,,,,,,,,,,,,,,,,,,,,,,,,,,,,,,,,,,,,,,,,,,,,,,,,,,,,,,,,,,,,,,,,,,,,,,,,,,,,,
Portugal_Primeira_Liga,2025-2026,Club Foot Estrela,eorgs50x6dss1dzy86fvb97o4,O. Ngom,Midfielder,6,34,14,20,11,82,5,3,101,1,2,111,41,70,60,112,7,,11,,19,17,2,77,27,50,14,4,,123,,408,2,48,9,5,64,110,5,8,1,9,1,2,,,6,,14,335,109,244,339,11,17,,832,2,10,10,16,104,427,9,353,28,15,74,583,4,19,57,20,55,3,0,,,,,,,,,,,,,1,,,,,,,,16,2,13,1,,3,3,6,,,,,,,,,1,,,1,,1,,,,1,,,,,,,,,,,
Portugal_Primeira_Liga,2025-2026,Club Foot Estrela,7rghn9r1hnpyu31y8dul573f8,Ni,Defender,3,,,,,,,,,,,,,,,,,,,,,,,,,,,,,,,,,,,,,,,,,,,,,,,,,,,,,,,,,,,,,,,,,,,,,,,,,,,,,,,,,,,,,,,,,,,,,,,,,,,,,,,,,,,,,,,,,,,,,,,,,,,,,,,,,,,,
Portugal_Primeira_Liga,2025-2026,Club Foot Estrela,85nq1g7zogccdqs55ie8er2ay,Nilton Varela,Defender,25,,,,1,,,,1,,,9,5,4,4,4,1,,1,,1,1,,9,5,4,1,,,,,5,,1,,,1,1,,,,1,1,,1,1,,,1,3,3,1,2,1,1,4,58,,3,2,2,4,5,,3,2,,2,21,1,1,1,1,1,,0,,,,,,,,,,,,,,,,,,,,,,,,,,,,,,,,,,,1,,,,,,,,,,,,,,,,,,,,,,
Portugal_Primeira_Liga,2025-2026,Club Foot Estrela,ehqyitm28tdv1orik3ylzenmc,C. Onuoha,Forward,70,,,,,,,,,,,,,,,,,,,,,,,,,,,,,,,,,,,,,,,,,,,,,,,,,,,,,,,,,,,,,,,,,,,,,,,,,,,,,,,,,,,,,,,,,,,,,,,,,,,,,,,,,,,,,,,,,,,,,,,,,,,,,,,,,,,,
Portugal_Primeira_Liga,2025-2026,Club Foot Estrela,dfchyl3kd7id8j3w0ff4obuac,Otávio,Defender,83,36,15,21,18,49,2,7,151,2,1,143,68,75,59,219,14,3,18,3,26,24,2,107,53,54,32,4,1,27,,449,5,91,24,13,66,178,5,,,14,9,4,,,13,1,18,352,122,254,358,8,22,41,1072,,56,25,12,155,473,,376,30,5,97,771,12,34,62,40,63,4,0,,,,,,,,,,,1,,1,,,,,,4,,,2,17,1,,5,5,11,,,,,,,12,,1,,,,,,,,,,,,,,,,,,,,
Portugal_Primeira_Liga,2025-2026,Club Foot Estrela,8ml3rhaollovb4dirz3irtu5l,Paulo Moreira,Midfielder,19,38,26,12,24,153,2,8,211,2,6,248,129,119,186,203,17,,24,,45,42,3,210,103,107,11,11,,226,1,744,8,88,24,11,94,186,13,6,6,24,5,,2,2,16,11,45,634,293,366,612,20,20,13,2067,,36,34,51,225,768,12,657,40,20,111,1121,12,30,77,43,81,7,1,,,,,,,,,,,1,1,2,3,3,1,1,1,3,,36,2,51,1,,9,9,17,4,1,2,,2,2,1,1,,,1,1,,,,,,2,,,,,,,,,,,
Portugal_Primeira_Liga,2025-2026,Club Foot Estrela,d0d0xs40nmzpow78nvmg9cfyt,Renan Ribeiro,Goalkeeper,40,10,1,9,28,,,,83,7,,17,2,15,,444,1,250,28,188,47,43,4,7,1,6,,1,,161,,454,8,22,1,,192,146,1,,,28,,,,,1,48,149,310,61,425,337,,,,2520,,35,1,6,269,751,,486,,,265,1029,145,260,190,75,5,3,0,14,,62,,19,86,62,23,23,17,,,,,,,,,,,,,,,,,,,,,,,,,,,1,,,,,,9,,,,,,,6,,,,,1,1,
Portugal_Primeira_Liga,2025-2026,Club Foot Estrela,92r5p6w571agrdqn5ue10awb8,Robinho,Midfielder,8,17,11,6,19,70,2,5,97,1,1,83,45,38,88,86,10,,19,,8,8,,66,34,32,16,10,,80,4,324,,42,16,9,37,96,11,3,,6,5,13,2,2,7,1,20,271,136,145,259,3,9,,664,,7,15,13,86,332,3,279,12,10,53,465,7,15,43,13,38,5,0,,,,,,,,,,,1,1,1,,,,,,,,12,,12,2,,3,2,7,,,,1,,,,,,,,,,,,,,,,,,,,,,,,,
Portugal_Primeira_Liga,2025-2026,Club Foot Estrela,1dbqn5cjyvqlpylc1jazos3it,Rodrigo Pinho,Forward,9,35,15,20,24,34,7,3,30,,3,89,42,47,88,41,4,,24,,12,10,2,54,27,27,3,6,,29,5,106,1,15,6,1,20,18,7,12,12,7,6,17,2,2,4,,3,64,42,40,77,4,4,,819,1,21,16,16,71,122,24,80,8,35,42,255,2,7,35,7,35,3,1,,,,,,,,,,,1,,1,4,2,,2,2,1,,5,1,14,2,,,,7,,3,1,,4,2,,4,,,,,5,,,,,,1,1,,,,,,,,,
Portugal_Primeira_Liga,2025-2026,Club Foot Estrela,b9ofdmhysssna1gtz0r3n9es4,Ryan Carlos,Defender,66,2,2,,4,17,,,16,,1,9,6,3,25,23,1,,4,,,,,7,4,3,3,2,,3,,66,,10,7,,8,24,2,,,1,1,3,3,3,,,6,52,25,31,47,,2,11,152,,4,2,1,25,67,,53,2,,14,105,4,5,12,6,9,,0,,,,,,,,,,,,1,,,,,,,1,,,,1,,,4,4,1,,,,,,,3,,,,,,,,,,,,,,,,,,,,,,
Portugal_Primeira_Liga,2025-2026,Club Foot Estrela,ciks4dkw33w5f4n3juleggr9w,M. Scholze,Defender,21,6,1,5,6,47,1,2,66,1,1,54,20,34,57,32,2,,6,,8,6,2,48,19,29,1,2,,51,,155,1,33,6,5,30,28,2,1,,4,2,2,,,5,,1,141,55,89,143,5,11,29,412,,8,5,8,42,158,1,144,16,3,14,276,1,2,16,6,12,1,0,,,,,,,,,,,,,,,,,,,,,1,1,8,,,8,8,3,,,,,,,3,,,,,,,,,,,,,,,,,,,,,,
Portugal_Primeira_Liga,2025-2026,Club Foot Estrela,d078o2hgm2fkdjz5vagzx9oq2,Sidny Cabral,Defender,55,20,12,8,23,158,16,3,261,3,21,202,112,90,496,116,9,,23,,23,21,2,182,100,82,11,34,,127,2,448,3,172,39,16,64,75,39,17,16,18,5,5,44,28,22,,16,366,237,199,376,11,15,123,1680,1,18,30,34,337,476,33,392,26,49,84,1119,7,16,175,30,68,4,0,,,,,,,,,,,5,55,5,6,2,1,3,3,3,16,8,1,62,9,27,121,81,42,3,3,3,3,5,3,28,4,,,,,11,,,,,2,3,3,,,,,1,1,,,
Portugal_Primeira_Liga,2025-2026,Club Foot Estrela,b2kqtbv8qbr8fvv5wxmv1yn10,Simão Pedro,Forward,87,,,,,,,,,,,,,,,,,,,,,,,,,,,,,,,,,,,,,,,,,,,,,,,,,,,,,,,,,,,,,,,,,,,,,,,,,,,,,,,,,,,,,,,,,,,,,,,,,,,,,,,,,,,,,,,,,,,,,,,,,,,,,,,,,,,,
Portugal_Primeira_Liga,2025-2026,Club Foot Estrela,qnsnqdqm51676zz6cn4ypjsa,Ianis Stoica,Forward,10,17,13,4,27,103,7,1,138,,11,114,59,55,225,75,5,,27,,18,15,3,97,46,51,10,14,,36,11,302,4,82,19,12,48,105,16,12,7,14,14,13,10,7,5,1,17,231,150,106,229,6,11,16,1221,2,12,16,29,153,319,19,246,17,41,73,553,9,20,78,21,53,4,0,,,,,,,,,,,2,10,2,2,2,,,1,1,4,9,2,22,3,4,26,20,12,1,1,1,1,2,1,1,2,,,,,2,,,,,1,,,,,,,,,,,
Portugal_Primeira_Liga,2025-2026,Club Foot Estrela,8yspmnpqlikdijcao6crkaqs4,G. Tunguliadi,Defender,23,,,,,,,,,,,,,,,,,,,,,,,,,,,,,,,,,,,,,,,,,,,,,,,,,,,,,,,,,,,,,,,,,,,,,,,,,,,,,,,,,,,,,,,,,,,,,,,,,,,,,,,,,,,,,,,,,,,,,,,,,,,,,,,,,,,,
Portugal_Primeira_Liga,2025-2026,Club Foot Estrela,dc4n5ylytswddlvd82snkb90q,S. van Hooijdonk,Forward,20,8,3,5,5,11,2,,3,,2,19,11,8,27,3,1,,5,,3,2,1,11,8,3,,2,,5,2,19,1,1,4,2,4,5,2,1,2,2,1,3,,,,,,9,7,7,14,,,,221,1,1,5,3,22,24,3,14,,10,10,49,,,10,2,10,,0,,,,,,,,,,,,,,1,,,1,,,,1,,3,,,2,2,1,,0,1,,1,1,,1,,,,,1,,,,,,1,1,,,,,,,,,
Portugal_Primeira_Liga,2025-2026,FC Alverca,d4s7wbt0n6kemnxdlat9ipizu,S. Abdulai,Midfielder,21,17,6,11,17,80,3,4,124,,2,110,58,52,88,108,13,,17,,24,20,4,93,52,41,11,4,,123,,441,2,43,15,8,66,131,5,5,3,16,12,1,,,12,1,20,367,169,199,348,9,14,1,1174,,24,19,6,114,442,8,368,23,15,74,605,5,19,45,31,55,3,0,,,,,,,,,,1,,,1,,,,1,,1,,7,,17,,,2,2,6,,,,,,,,,,,,1,,1,,,,,,,,,,,,,,,
Portugal_Primeira_Liga,2025-2026,FC Alverca,2bgqwwop0ppczzaigcu3j5no4,Alex Amorim,Midfielder,8,13,7,6,19,136,4,4,194,3,8,194,88,106,170,201,16,,19,,31,25,6,181,81,100,13,14,,144,,653,3,101,31,13,99,198,14,7,6,19,10,,3,3,17,2,33,540,276,292,532,16,31,,1630,,16,25,36,178,679,13,565,47,11,114,943,7,30,84,42,84,3,0,,,,,,,,,,,,,,2,1,2,1,,,,20,7,30,4,,12,12,9,1,0,2,1,,2,,,,,,,,,,,,,,,,,,,,,,,
Portugal_Primeira_Liga,2025-2026,FC Alverca,b3p7a0bhdbcpi5e77hogntnca,André Gomes,Goalkeeper,13,8,1,7,25,,,,60,6,1,12,2,10,,357,1,183,25,158,41,32,9,4,1,3,,,,76,,282,4,19,1,,179,101,,,,25,,,,,,35,100,175,63,234,197,,,,2250,,22,1,3,243,534,,297,,,237,754,125,235,192,45,2,4,0,18,,69,4,10,71,48,22,17,15,,,,,,,,,,,,,,,,,,,,,,,,,,,1,,,,,,6,3,,,,,,4,,,,,1,1,
Portugal_Primeira_Liga,2025-2026,FC Alverca,d2rpdm4aukj5tgmefs0jffkkp,André Paulo,Goalkeeper,23,,,,,,,,,,,,,,,,,,,,,,,,,,,,,,,,,,,,,,,,,,,,,,,,,,,,,,,,,,,,,,,,,,,,,,,,,,,,,,,,,,,,,,,,,,,,,,,,,,,,,,,,,,,,,,,,,,,,,,,,,,,,,,,,,,,,
Portugal_Primeira_Liga,2025-2026,FC Alverca,awyyzv4dkzojyd9zg363i4s9g,S. Baseya,Defender,14,12,5,7,9,19,1,4,59,,,24,9,15,13,92,1,4,9,4,6,5,1,12,4,8,1,,,85,,225,,32,2,2,14,44,,1,,4,2,5,,,2,5,17,198,53,159,195,,3,,400,,22,3,3,33,240,1,212,3,1,28,290,12,15,12,18,13,1,0,,,,,,,,,,,,,,,,,,,,,,,,,,2,2,,,,,,,,,,,,,,,,,,,,,,,,,,,,,,
Portugal_Primeira_Liga,2025-2026,FC Alverca,aubc0zrltl1yzo3361k0zr21g,G. Cabezas,Midfielder,28,2,1,1,5,4,,,2,,,8,5,3,9,2,3,,5,,1,1,,6,4,2,,,,3,,17,,1,1,1,7,9,,1,,,,5,,,,,2,16,10,7,15,,2,,36,,1,4,,7,18,1,17,2,,1,29,,,,1,1,1,0,,,,,,,,,,,,,,,,,,,1,,,,,,,,,,,,,,,,,,,,,,,,,,,,,,,,,,,,,,
Portugal_Primeira_Liga,2025-2026,FC Alverca,2lazx19wotf1b8jqx9mqeg4tm,Chiquinho,Forward,10,21,15,6,15,53,7,3,130,,12,208,102,106,253,70,12,,15,,16,13,3,187,87,100,7,15,,11,1,157,1,85,14,8,45,47,17,7,4,13,13,2,11,2,24,1,7,113,100,43,125,9,12,1,1059,2,,24,55,204,181,11,132,21,43,49,511,1,6,82,6,43,4,1,,,,,,,,,,,2,26,2,1,,,2,,4,7,10,5,60,6,18,39,12,32,2,1,0,2,1,1,,1,1,,,,6,,,,,1,1,1,,,,,,,,,
Portugal_Primeira_Liga,2025-2026,FC Alverca,dp2mdj859047mb8pgefz1vaxg,M. Clairicia,Forward,19,7,6,1,8,5,1,,11,,1,24,19,5,28,4,,,8,,5,4,1,17,13,4,,,,7,,21,1,4,4,1,7,5,,1,2,,,8,,,1,,,14,11,3,14,,2,1,104,,1,2,1,23,21,3,14,2,10,7,52,,,4,3,7,,0,,,,,,,,,,,,,,,,,,,,,2,,10,,,,,3,,,,,,,,,,,,,,,,,,,,,,,,,,,,,
Portugal_Primeira_Liga,2025-2026,FC Alverca,2abpo4w3jcxp1wzp50yypxsrt,S. Diarra,Forward,25,3,2,1,2,4,,,4,,,9,6,3,5,2,,,2,,1,1,,6,4,2,,1,,3,,13,,2,1,,4,5,1,,,,,2,1,,1,,,10,4,8,11,,,,17,,,,1,8,14,,11,,,3,23,,,3,,3,,0,,,,,,,,,,,,1,,,,,,,,1,2,,4,,,,,1,,,,,,,,,,,,,,,,,,,,,,,,,,,,,
Portugal_Primeira_Liga,2025-2026,FC Alverca,66r9qs7g8eggg1c1rueczxgid,Diogo Martins,Midfielder,88,,,,1,1,,,2,,1,,,,3,2,,,1,,,,,,,,,,,2,,5,,1,1,,1,,,,1,,,1,,,,,,4,3,1,4,,,,7,,,,,2,5,1,4,,1,1,8,,,1,1,1,,0,,,,,,,,,,,,1,,,,,,,,,1,,,,1,1,,,,,,,,,,,,,,,,,,,,,,,,,,,,,,,
Portugal_Primeira_Liga,2025-2026,FC Alverca,d9n7upffcwdbmonxya4xbxnv8,Diogo Spencer,Defender,82,11,6,5,16,77,3,3,141,,7,115,54,61,236,183,6,,16,,25,23,2,104,48,56,10,12,,108,,392,4,75,38,9,48,34,14,2,2,13,5,3,9,7,31,7,18,267,194,90,257,7,11,80,1081,,23,16,7,207,402,4,275,18,20,127,712,11,38,121,33,89,2,0,,,,,,,,,,,1,1,2,1,1,,,,3,,3,2,23,1,1,27,25,11,2,0,1,,1,1,6,,,,,,,,,,,,,,,,,,,,,,
Portugal_Primeira_Liga,2025-2026,FC Alverca,cmk1bhtuo2zgpkklzn8ea7eac,Fabrício Garcia,Forward,98,8,4,4,12,21,1,1,36,,5,36,17,19,69,11,,,12,,3,3,,28,13,15,,3,,18,1,66,,22,7,3,15,18,3,3,3,,,12,1,,5,,2,48,30,21,48,,3,16,235,1,4,1,7,43,68,6,50,3,15,18,146,2,3,19,5,15,1,0,,,,,,,,,,,,3,,1,,,,,,1,1,,10,,1,6,4,5,,1,0,,1,,,1,,,,,,,,,,,,,,,,,,,,,1
Portugal_Primeira_Liga,2025-2026,FC Alverca,3efavuz7m09wncq8a1n1prpck,Felipe Lima,Forward,77,4,3,1,4,1,,,2,,,12,9,3,5,3,,,4,,,,,8,6,2,,,,,,4,,1,2,1,2,,,1,,,,4,,,1,,,1,,1,1,,1,,28,,1,3,,8,4,1,1,1,1,3,16,,1,2,1,2,,0,,,,,,,,,,,,,,,,,,,,,,,3,,,,,2,,,,,,,,,,,,,,,,,,,,,,,,,,,,,
Portugal_Primeira_Liga,2025-2026,FC Alverca,44wb3y75edln1avlcmdjrvc44,Figueiredo,Forward,20,44,21,23,21,124,9,2,177,1,11,217,113,104,305,92,8,1,21,1,21,17,4,173,92,81,11,20,,96,2,368,3,118,28,9,50,81,22,11,13,18,15,3,14,12,27,1,6,263,186,116,282,8,10,2,1387,5,14,18,36,247,393,24,288,18,52,105,729,2,10,113,23,95,2,1,,,,,,,,,,,2,11,2,4,3,1,1,,2,1,24,,57,5,7,31,19,32,1,0,4,,3,4,3,2,,,,,,,,,,1,,,,,,,,,,,
Portugal_Primeira_Liga,2025-2026,FC Alverca,7ttgds8qa0z6ngoj6o1l5flzo,Francisco Chissumba,Defender,55,30,16,14,19,128,2,4,165,5,5,177,90,87,260,208,12,,19,,22,19,3,147,74,73,18,6,,33,2,555,2,90,34,9,93,194,6,4,1,17,2,2,5,5,18,3,22,463,221,255,449,13,22,123,1510,1,46,26,20,191,563,5,471,35,24,92,986,20,27,77,40,65,3,0,,,,,,,,,,,,,,,,,1,,4,,2,2,37,1,,25,25,25,,,,,,,11,,,,,,,,,,,,,,,,,,,,,,
Portugal_Primeira_Liga,2025-2026,FC Alverca,89mr3li2k2f01r75sz0sn1zsa,Gonçalo Esteves,Defender,22,1,,1,5,23,,,25,,,17,8,9,43,22,,,5,,4,3,1,16,8,8,2,1,,10,,53,1,11,5,3,8,,1,1,1,2,2,3,2,2,2,1,3,41,19,26,40,1,2,21,163,,9,,3,27,55,2,43,3,2,12,123,3,4,12,3,8,1,0,,,,,,,,,,,,1,,1,,,,,,,,1,7,,,3,3,4,,0,1,,1,1,2,,,,,,,,,,,,,,,,,,,,,,
Portugal_Primeira_Liga,2025-2026,FC Alverca,6hqvayy5szer7oyxdsrfj6cyc,D. Gui,Midfielder,6,12,7,5,22,41,4,2,61,,2,67,34,33,86,44,9,,22,,8,5,3,55,27,28,8,4,,51,,206,,26,10,6,21,73,4,6,3,1,1,21,,,3,,7,176,88,91,172,4,13,,430,1,7,15,8,65,209,9,179,17,6,30,316,4,7,28,11,23,3,0,,,,,,,,,,,1,,1,1,1,,,,1,,3,,6,2,,9,9,2,,1,0,,1,1,,,,,,,,,,,,,,,,,,,,,,,
Portugal_Primeira_Liga,2025-2026,FC Alverca,eyhvr45vc1n690dxobcthmndh,Sergi Gómez,Defender,5,40,19,21,24,37,1,8,139,4,1,78,31,47,17,195,2,7,24,7,35,27,8,38,12,26,17,3,,278,,838,4,59,5,4,36,363,3,1,,23,2,1,,,,25,50,751,126,656,732,8,16,,2056,1,121,10,3,97,873,1,782,24,10,91,1081,51,68,74,17,23,1,0,,,,,,,,,,,,,,,,,,,,,,,,,,,,,,,,,,,,,1,,,,,,,,,,,,,,,,,,,,
Portugal_Primeira_Liga,2025-2026,FC Alverca,4p2kx0e559rhalafn5xbao1zo,I. James,Defender,12,19,11,8,15,75,3,5,68,,6,90,41,49,144,124,6,,15,,23,17,6,71,30,41,12,8,1,4,1,296,2,44,34,9,50,100,10,5,1,11,6,4,9,9,6,4,15,208,107,117,200,11,15,80,945,,29,14,9,159,303,6,215,26,15,88,591,17,30,75,35,58,3,0,,,,,,,,,,1,2,,2,,,,1,,2,,,,11,3,,22,22,6,,,,,,,14,,,1,,,,,,,,,,,,,,,,,,,
Portugal_Primeira_Liga,2025-2026,FC Alverca,87jsv3xp7k88wbkzp2gm2p6ac,I. Julian,Defender,15,,,,,,,,,,,,,,,,,,,,,,,,,,,,,,,,,,,,,,,,,,,,,,,,,,,,,,,,,,,,,,,,,,,,,,,,,,,,,,,,,,,,,,,,,,,,,,,,,,,,,,,,,,,,,,,,,,,,,,,,,,,,,,,,,,,,
Portugal_Primeira_Liga,2025-2026,FC Alverca,1aqa3uuf7b14yl9gl71qzsi6s,Kaiky Naves,Defender,4,76,36,40,26,71,5,30,271,5,2,191,75,116,60,600,13,14,26,14,43,35,8,115,39,76,39,6,,507,,1289,4,165,27,13,91,182,6,7,2,26,1,,3,3,3,16,160,1070,391,748,976,29,39,4,2296,1,146,22,5,248,1360,9,1136,68,20,224,1753,56,130,160,69,94,5,0,,,,,,,,,,1,,,,1,,,2,,,,1,1,4,1,,5,5,3,,0,1,,1,,,,1,,,1,,1,,,,,,,,,,1,,,,,
Portugal_Primeira_Liga,2025-2026,FC Alverca,6o941bvnfqssgpuzye5lcjlzo,Kauan Gomes,Defender,37,1,1,,3,3,,,4,,,7,5,2,8,6,1,,3,,1,1,,6,4,2,1,1,,5,,14,,2,1,1,3,,1,1,,,,3,,,1,,1,10,4,6,9,,1,2,35,,,2,,6,14,1,10,1,1,4,23,,,3,1,4,,0,,,,,,,,,,,,,,,,,,,,,,,1,,,,,,,,,,,,,,,,,,,,,,,,,,,,,,,,,,
Portugal_Primeira_Liga,2025-2026,FC Alverca,e23sqhqlkck35e0v7obg1ld04,Z. Kessary,Midfielder,35,,,,,,,,,,,,,,,,,,,,,,,,,,,,,,,,,,,,,,,,,,,,,,,,,,,,,,,,,,,,,,,,,,,,,,,,,,,,,,,,,,,,,,,,,,,,,,,,,,,,,,,,,,,,,,,,,,,,,,,,,,,,,,,,,,,,
Portugal_Primeira_Liga,2025-2026,FC Alverca,dvxjgnjc5ri9nx1fzodq9ameh,Lincoln,Midfielder,18,27,14,13,24,187,9,9,167,1,16,181,75,106,396,224,11,,24,,30,26,4,154,61,93,12,29,,214,4,695,3,83,25,18,93,130,33,11,12,23,17,1,28,12,10,3,40,585,408,258,598,16,24,22,1851,5,33,23,45,255,755,23,638,40,25,117,1179,9,39,168,16,78,5,1,,,,,,,,,,,5,57,5,2,2,,1,1,,10,13,9,29,7,42,67,14,12,2,0,2,,2,,13,2,,,,,7,,,,,1,2,,1,,,1,,,,,
Portugal_Primeira_Liga,2025-2026,FC Alverca,aj68ohnw0hxqnfxzjhpcwsavo,Marezi,Forward,9,110,60,50,27,83,5,4,103,,6,218,127,91,211,60,7,,27,,24,18,6,108,67,41,,5,,49,5,240,2,44,10,6,35,54,6,10,20,18,18,9,1,1,8,,3,157,96,68,160,3,4,2,1470,9,19,31,26,173,246,30,163,7,52,83,476,,1,63,20,82,3,2,,,,,,,,,,,1,,1,8,4,,2,,1,,20,,34,1,,,,17,8,4,4,,8,6,,6,,,,,,,,,,,3,3,,,,2,,,,,
Portugal_Primeira_Liga,2025-2026,FC Alverca,49vj1ltry5x6ov1c0k3wkpzx0,J. Martínez,Defender,3,13,7,6,11,25,,6,66,1,1,52,20,32,21,105,4,5,11,5,14,14,,39,13,26,4,,1,54,,273,1,33,9,4,23,114,,2,,6,,5,,,,3,10,240,69,195,254,5,8,10,664,,26,9,13,42,298,2,264,13,3,34,394,5,11,22,13,23,1,0,,,,,,,,,,,,,,,,,,,,,,,2,,,1,1,,,,,,,,2,,,,,,,,,,,,,,,,,,,,,,
Portugal_Primeira_Liga,2025-2026,FC Alverca,debwdd7evo1d86v5hdpqnyw44,Mateus,Goalkeeper,1,,,,,,,,,,,,,,,,,,,,,,,,,,,,,,,,,,,,,,,,,,,,,,,,,,,,,,,,,,,,,,,,,,,,,,,,,,,,,,,,,,,,,,,,,,,,,,,,,,,,,,,,,,,,,,,,,,,,,,,,,,,,,,,,,,,,
Portugal_Primeira_Liga,2025-2026,FC Alverca,95dg0qwoxixqy438i1ftlevze,Matheus Mendes,Goalkeeper,31,3,,3,3,,,,5,,,4,,4,,51,,33,3,29,5,5,,1,,1,,,,20,,41,,2,,,29,12,,,,3,,,,,,4,19,27,10,40,31,,,,270,,5,,2,34,83,,50,,,33,121,15,32,18,15,1,1,0,1,,11,1,2,12,7,5,4,1,,,,,,,,,,,,,,,,,,,,,,,,,,,,,,,,,,,,,,,,1,,,,,,,
Portugal_Primeira_Liga,2025-2026,FC Alverca,8poaxfdmx8m9z40934bowyj9w,Tomás Mendes,Midfielder,16,9,2,7,5,17,,1,21,,,23,7,16,12,43,2,,5,,6,4,2,14,5,9,2,,,15,,102,1,6,4,2,17,28,1,1,,3,2,2,,,,,4,67,27,41,64,3,3,,312,,10,4,3,40,103,1,68,6,1,35,140,2,9,25,10,26,1,0,,,,,,,,,,,1,,1,,,,,,,,2,1,1,1,,,,1,,,,,,,,,,,,,,,,,,,,,,,,,,,,,
Portugal_Primeira_Liga,2025-2026,FC Alverca,eg3mx23k0j077ep5aqfmbfwno,B. Meupiyou,Defender,33,49,20,29,25,52,,11,286,5,1,176,78,98,63,455,14,14,25,14,40,31,9,127,58,69,25,2,,138,1,1049,3,156,34,15,99,473,2,3,2,25,5,,1,1,15,10,55,884,272,677,893,17,26,1,2171,2,99,24,11,216,1118,5,948,43,16,170,1436,34,74,96,77,96,3,0,,,,,,,,,,,,,,,,,1,,,,,,23,,,3,3,11,,,,,,,,,2,1,,1,,1,,,,,,,,,2,,,,,,
Portugal_Primeira_Liga,2025-2026,FC Alverca,42j509dix66bom2wsjdtzj4t0,L. Ndiaye,Defender,78,,,,,,,,,,,,,,,,,,,,,,,,,,,,,,,,,,,,,,,,,,,,,,,,,,,,,,,,,,,,,,,,,,,,,,,,,,,,,,,,,,,,,,,,,,,,,,,,,,,,,,,,,,,,,,,,,,,,,,,,,,,,,,,,,,,,
Portugal_Primeira_Liga,2025-2026,FC Alverca,de4x27curp1n4bg1rfjcn2d5g,C. Nuozzi,Forward,11,19,12,7,22,65,4,2,114,,7,115,65,50,175,51,2,,22,,20,16,4,96,53,43,2,9,,38,5,189,2,74,11,7,32,48,9,4,6,10,10,12,4,2,14,1,6,148,110,55,155,3,8,4,866,3,5,4,19,137,202,10,161,11,21,41,400,2,7,56,7,34,,0,,,,,,,,,,,,10,,1,1,,,,3,,8,,42,1,6,22,13,25,2,0,1,,1,1,,1,,,,,,,,,,,,,,,,,,,,,
Portugal_Primeira_Liga,2025-2026,FC Alverca,bnuhd77idgslb5a3s2pdjil4a,Rhaldney,Midfielder,26,13,6,7,8,51,3,,67,,,57,27,30,58,46,2,,8,,11,8,3,44,21,23,5,2,,75,,242,,31,9,8,24,76,2,2,,6,5,2,,,3,,11,224,109,121,219,3,10,,528,,8,9,7,32,248,2,230,13,3,18,321,,4,10,8,14,2,0,,,,,,,,,,,,,,,,,,,,,6,,6,,,,,,,,,,,,,,,,,,,,,,,,,,,,,,,,,,
Portugal_Primeira_Liga,2025-2026,FC Alverca,7v3gbz56454fadpqntuay5l91,Sandro Lima,Forward,91,64,37,27,23,67,2,2,50,,2,126,69,57,147,45,9,,23,,20,17,3,62,32,30,1,9,,37,5,217,1,22,9,6,28,72,11,5,12,10,9,13,,,2,,6,164,117,51,162,3,6,,957,3,13,20,19,101,221,17,168,9,41,53,361,2,5,45,8,48,1,2,,,,,,,,,,,1,,2,5,4,,1,,1,,18,,12,2,,,,3,1,3,2,1,5,4,,5,,,1,1,,,,,,1,1,,,,,1,,,,,
Portugal_Primeira_Liga,2025-2026,FC Alverca,364cv87k50bfiwqtseghda4gk,Talisca,Defender,34,,,,,,,,,,,,,,,,,,,,,,,,,,,,,,,,,,,,,,,,,,,,,,,,,,,,,,,,,,,,,,,,,,,,,,,,,,,,,,,,,,,,,,,,,,,,,,,,,,,,,,,,,,,,,,,,,,,,,,,,,,,,,,,,,,,,
Portugal_Primeira_Liga,2025-2026,FC Alverca,8mj0v8wam5q4lhmcyl591m7tg,Tiago Leite,Forward,19,18,12,6,9,15,2,,8,,2,25,17,8,30,6,,,9,,3,3,,7,5,2,1,1,,6,,35,,5,2,1,5,9,1,4,4,,,9,,,,,2,25,14,12,24,,1,,124,3,2,3,1,19,36,8,26,1,11,10,63,,1,7,4,9,,0,,,,,,,,,,,,,,,,,,,,,1,,2,,,1,1,1,1,,,,,,,,,,,,,,,,,1,,,,,,,,,,,
Portugal_Primeira_Liga,2025-2026,FC Alverca,apq8vqgkq347yr6iqc1riqjca,N. Touaizi,Forward,2,43,23,20,27,191,2,8,311,6,22,217,122,95,487,298,5,,27,,41,33,8,174,99,75,24,23,1,270,3,761,3,210,41,11,108,16,26,6,6,25,1,2,21,21,31,16,42,590,357,268,562,10,14,202,2277,2,63,22,20,409,775,12,604,24,50,171,1481,19,44,209,48,127,6,0,,,,,,,,,,1,3,1,3,1,,,1,,6,,,,64,7,1,86,85,46,,1,0,,1,1,32,1,,,,,,,,,,,1,1,,,,,,,,,
Portugal_Primeira_Liga,2025-2026,FC Alverca,w7rdwm7x9w919jogzatcmuxg,Vasco Moreira,Midfielder,17,14,9,5,11,22,,,38,,1,52,21,31,59,57,3,,11,,6,4,2,38,12,26,6,7,,39,,160,1,10,6,3,28,44,7,,1,3,1,8,2,1,5,3,8,137,88,53,131,7,7,,395,,9,7,7,38,162,1,139,14,2,23,232,4,8,23,4,15,1,0,,,,,,,,,,,,2,,,,,1,,,,3,,3,1,2,4,1,3,,,,,,,,,,,,,,,,,,,,,,,,,,,,,
Portugal_Primeira_Liga,2025-2026,FC Arouca,ejn0jmj376teq42orjvxzkuzt,Alex Pinto,Defender,78,10,6,4,7,30,,1,18,,,33,16,17,56,40,3,,7,,13,13,,23,10,13,,1,,36,,113,1,9,5,2,13,10,1,,,5,3,2,1,1,3,3,7,89,39,54,85,2,3,27,337,,12,5,5,54,116,,92,5,2,24,207,5,7,21,8,17,2,0,,,,,,,,,,,,,,,,,,,,,2,1,4,,,5,5,2,,,,,,,11,,1,,1,1,,,,,,,,,,,1,,,,,,
Portugal_Primeira_Liga,2025-2026,FC Arouca,71lya4jkyu0uqacr0pvl0cjmy,Barbero,Forward,17,93,62,31,25,68,9,2,60,,5,191,125,66,165,43,11,,25,,30,28,2,98,63,35,8,9,,59,4,230,3,27,19,11,37,75,11,15,15,18,16,7,,,1,,9,161,84,92,167,8,10,,1429,6,8,35,17,137,245,30,176,18,63,69,463,,3,56,15,66,5,1,,,,,,,,,,,2,,2,7,4,,1,2,,,17,3,25,2,,2,2,12,9,4,3,,7,1,,5,,,,,,,,,,,1,1,,,,3,,,,,1
Portugal_Primeira_Liga,2025-2026,FC Arouca,8zyjgymp23oc73jo0dibs9gyc,Bruno Duarte,Forward,87,,,,,,,,,,,,,,,,,,,,,,,,,,,,,,,,,,,,,,,,,,,,,,,,,,,,,,,,,,,,,,,,,,,,,,,,,,,,,,,,,,,,,,,,,,,,,,,,,,,,,,,,,,,,,,,,,,,,,,,,,,,,,,,,,,,,
Portugal_Primeira_Liga,2025-2026,FC Arouca,vncfk6axwmcp7u1i75qrjhii,A. Dante,Defender,44,17,9,8,15,54,2,8,90,1,9,82,43,39,138,107,3,,15,,21,20,1,65,34,31,6,8,,21,,290,3,59,12,6,29,118,8,5,2,7,2,8,4,4,6,6,14,242,130,123,235,5,16,69,781,,34,12,4,108,300,7,249,21,8,51,541,13,22,64,13,29,,0,,,,,,,,,,,,2,,,,,3,,,,2,,12,1,1,26,24,7,,,,,,,13,,3,,,,1,,,,,,,,,,,,,,,,
Portugal_Primeira_Liga,2025-2026,FC Arouca,7nrjutc015x9nupdcl4hj3l5h,David Simão,Midfielder,8,17,9,8,12,71,,5,81,,4,78,41,37,74,148,8,,12,,20,20,,61,32,29,11,7,,103,,400,4,41,8,1,31,103,7,2,1,8,6,4,8,,4,2,35,339,172,198,327,3,11,,660,,8,15,12,104,425,3,362,14,1,63,546,9,26,69,17,37,4,0,,,,,,,,,,,,16,,,,,1,,,7,7,1,9,1,8,23,3,2,,,,,,,,,,,,,1,,,,,,,,,,,,,,,,
Portugal_Primeira_Liga,2025-2026,FC Arouca,3k04wdlmjvnoib8q2zc806y5m,Diogo Monteiro,Defender,6,11,3,8,6,16,,1,21,,,32,13,19,24,39,3,,6,,5,4,1,21,10,11,6,2,,32,,90,1,13,3,2,7,5,2,,,3,2,3,1,1,3,2,3,64,29,38,63,1,5,27,260,,9,4,2,39,92,,66,6,,26,168,2,3,17,11,23,1,0,,,,,,,,,,,,,,,,,,,,,,1,4,1,,2,2,4,,,,,,,6,,,,,,,,,,,,,,,,,,,,,,
Portugal_Primeira_Liga,2025-2026,FC Arouca,56rmdrb8cf96r2e6c8bt5fug9,N. Djouahra,Forward,7,11,7,4,28,160,11,2,268,2,11,152,91,61,499,208,8,,28,,47,44,3,141,84,57,22,22,,74,3,648,5,134,29,14,67,224,25,13,18,27,16,1,21,10,30,,19,524,360,199,519,14,12,3,2260,3,17,9,1,346,666,31,538,26,33,128,1100,4,21,204,31,107,2,1,,,,,,,,,,,3,59,3,6,5,2,,,10,7,22,5,59,5,48,107,42,37,,2,4,,4,5,,1,,1,,,,,,,1,,,,,,,1,,,,,
Portugal_Primeira_Liga,2025-2026,FC Arouca,7x4eg9m0ikbokn9x4nzyt2jv8,Mateo Flores,Midfielder,46,4,2,2,6,16,,,14,,,15,5,10,12,16,1,,6,,5,5,,11,3,8,1,1,,19,,66,,6,2,,7,16,1,,,,,6,,,1,,3,56,32,25,54,,3,,108,,4,2,4,14,67,,57,3,2,10,86,,1,7,4,9,1,0,,,,,,,,,,,,,,,,,,,,,1,,1,,,1,1,,,,,,,,,,,,,,,,,,,,,,,,,,,,,,
Portugal_Primeira_Liga,2025-2026,FC Arouca,32pfghvfogjnpbgsj5mk2jhpm,José Fontán,Defender,3,88,35,53,25,118,2,8,352,4,6,177,77,100,87,520,15,35,25,35,45,42,3,89,42,47,30,10,2,240,2,1392,7,195,32,12,90,603,13,9,4,24,,1,3,3,6,19,77,1209,345,952,1217,10,18,19,2095,1,136,30,14,231,1481,13,1294,28,21,187,1823,60,104,134,68,83,2,0,,,,,,,,,,,2,,3,2,,,,1,,,,3,5,5,,15,15,3,,2,0,,2,,4,2,1,,,3,,3,,,,,,,,,,1,,,,,
Portugal_Primeira_Liga,2025-2026,FC Arouca,37l1sqw1z7gqwd6gfw7nt7j84,T. Fukui,Midfielder,21,28,14,14,27,174,4,4,209,2,7,197,88,109,210,282,12,,27,,46,43,3,169,74,95,23,9,,233,,961,5,92,22,15,119,297,11,13,4,23,8,4,2,2,17,2,53,832,392,467,804,11,34,4,2018,,37,17,33,196,986,17,857,45,9,129,1289,8,40,97,41,89,2,0,,,,,,,,,,,1,,2,2,1,2,1,1,1,,30,2,31,1,,9,9,13,,0,2,,,1,,,,,1,1,,,,,2,1,,,,,1,,,,,,
Portugal_Primeira_Liga,2025-2026,FC Arouca,34jzatjdr2imcmhojirjfvzvu,Pablo Gozálbez,Midfielder,10,26,19,7,22,46,5,3,46,,8,110,57,53,119,65,13,,22,,15,13,2,84,38,46,4,7,,39,4,177,3,26,15,7,28,36,8,6,6,7,7,15,5,5,7,,5,129,84,59,133,8,12,,693,2,7,20,19,93,186,12,138,20,23,48,340,6,11,46,17,37,4,1,,,,,,,,,,,1,,1,1,,,1,,1,,7,,12,2,,15,14,9,1,1,0,,1,,,1,,,,,,,,,,,,,,,,1,,,,,
Portugal_Primeira_Liga,2025-2026,FC Arouca,al53b3l1a69e73rx7kya8pkwk,R. Jansonas,Forward,77,3,1,2,2,2,,,4,,,9,6,3,8,2,2,,2,,2,1,1,6,5,1,,,,1,,7,,2,1,,1,4,,1,,,,2,,,,,,4,2,4,6,,,,46,,1,2,1,13,9,1,6,,,3,23,,,3,1,3,,0,,,,,,,,,,,,,,,,,,,,,2,,3,,,1,1,,,,,,,,,,,,,,,,,,,,,,,,,,,,,,
Portugal_Primeira_Liga,2025-2026,FC Arouca,8ogufwaetzkk1p0rpbevxu904,José Silva,Defender,2,3,3,,3,2,,,1,,,5,5,,4,8,,,3,,3,3,,2,2,,,1,,2,,11,1,1,,,1,,1,,,,,3,,,,,1,7,4,3,6,,,1,34,,2,1,,8,12,,7,,,5,19,1,2,3,2,3,,0,,,,,,,,,,,,,,,,,,,,,,,,,,,,,,,,,,,1,,,,,,,,,,,,,,,,,,,,,,
Portugal_Primeira_Liga,2025-2026,FC Arouca,3mp7wghcalu9g3wxbqb9eqga,João Valido,Goalkeeper,1,4,,4,9,,,,16,,,8,,8,,169,,115,9,84,24,23,1,4,,4,,,,74,,169,5,6,,,88,53,,,,9,,,,,,12,39,128,15,186,162,3,,,810,,9,1,5,96,296,,201,3,,95,406,43,94,75,20,1,,0,2,1,27,3,,25,16,8,9,6,,,,,,,,,,,,,,,,,,,,,,,,,,,,,,,,,6,,,,,,,2,,,,,1,1,
Portugal_Primeira_Liga,2025-2026,FC Arouca,6ydojoa3581jgszpjqj7i8zpx,B. Kuipers,Defender,25,12,6,6,11,74,1,3,49,2,3,42,20,22,130,88,4,,11,,13,11,2,30,14,16,5,4,,15,2,254,2,17,8,3,20,90,5,4,1,10,4,1,4,3,2,2,9,213,108,121,216,2,1,52,863,1,11,6,11,87,267,5,225,3,12,42,423,10,14,41,14,28,1,0,,,,,,,,,,,1,2,1,,,,,,,1,1,1,6,1,1,13,11,2,,,,,,,10,,,,,,,,,,,,,,,,,,,,,,
Portugal_Primeira_Liga,2025-2026,FC Arouca,7cd65zsn4cnrilrablg47svmc,Lee Hyun-Ju,Midfielder,14,25,18,7,25,223,10,3,234,,11,208,112,96,268,98,16,,25,,34,31,3,183,94,89,7,6,,133,4,516,3,123,32,9,63,98,9,11,9,20,15,5,4,4,21,,9,460,269,231,487,5,6,1,1701,3,9,34,57,166,552,20,496,11,47,56,841,7,10,43,22,46,4,2,,,,,,,,,,,2,1,3,5,5,,2,1,2,,32,3,43,3,1,9,8,18,1,4,1,,5,2,,5,,,,1,,1,,,,,,,,,,2,,,,,
Portugal_Primeira_Liga,2025-2026,FC Arouca,c875t5ohurb9tkbfgvuiog2jt,M. Loum,Midfielder,6,,,,,,,,,,,,,,,,,,,,,,,,,,,,,,,,,,,,,,,,,,,,,,,,,,,,,,,,,,,,,,,,,,,,,,,,,,,,,,,,,,,,,,,,,,,,,,,,,,,,,,,,,,,,,,,,,,,,,,,,,,,,,,,,,,,,
Portugal_Primeira_Liga,2025-2026,FC Arouca,armnekxbjj9zm9o0qzfga3alm,B. Mansilla,Forward,24,13,7,6,18,19,1,,60,,,85,55,30,90,32,3,,18,,8,7,1,72,48,24,3,6,,30,1,82,1,33,10,7,19,2,6,4,1,1,1,17,7,5,8,,1,57,44,20,56,6,5,3,308,,2,3,5,96,83,5,57,11,3,26,215,1,7,38,3,19,1,0,,,,,,,,,,,,4,,,,,,,1,1,,,34,1,3,15,12,26,,,,,,,,,,,,,1,,,,,,,,,,,,,,,,
Portugal_Primeira_Liga,2025-2026,FC Arouca,dz789stcx4dsr9tqt4fjdshuy,N. Mantl,Goalkeeper,58,,,,8,,,,24,2,,2,1,1,,142,,64,8,53,18,17,1,2,1,1,,,,41,,147,,8,,,71,45,,,,8,,,,,,14,48,112,37,121,110,,,,720,,8,1,1,71,228,,158,,,70,300,39,68,49,21,2,,0,5,,19,,3,26,11,14,7,5,,,,,,,,,,,,,,,,,,,,,,,,,,,,,,,,,1,,,,,,,,1,,,,,,
Portugal_Primeira_Liga,2025-2026,FC Arouca,3j16x0f8y78d2838wr2vy2bro,F. Mayulu,Forward,9,1,,1,1,1,,,,,,2,,2,4,,,,1,,,,,1,,1,,,,1,1,3,,,,,,1,,,,,,1,,,1,,,1,1,,1,,,,1,,1,,,2,3,,1,,,2,5,,,2,,2,,0,,,,,,,,,,,,,,,,,,,,,,,,,,,,,,,,,,,,,,,,,,,,,,,,,,,,,,,,,
Portugal_Primeira_Liga,2025-2026,FC Arouca,eh5vcpzxaze0ru5xdi1wbhoq2,V. Morozov,Forward,9,,,,,,,,,,,,,,,,,,,,,,,,,,,,,,,,,,,,,,,,,,,,,,,,,,,,,,,,,,,,,,,,,,,,,,,,,,,,,,,,,,,,,,,,,,,,,,,,,,,,,,,,,,,,,,,,,,,,,,,,,,,,,,,,,,,,
Portugal_Primeira_Liga,2025-2026,FC Arouca,7dg1194v22qjor6wufljuvuhg,D. Nandín,Forward,23,69,45,24,19,47,2,1,41,,2,152,92,60,120,24,10,,19,,18,17,1,83,47,36,1,10,,31,1,117,2,23,11,7,17,29,10,8,7,10,7,9,,,5,,,82,52,44,96,2,12,,886,4,9,21,18,100,131,15,96,14,31,35,293,,1,29,10,34,2,0,,,,,,,,,,,,,,1,1,,,,2,,5,1,24,3,,4,4,12,4,1,0,,1,1,,1,1,,1,1,,,,,,1,,,,,,,,,,,
Portugal_Primeira_Liga,2025-2026,FC Arouca,ctr1vyseb2ret4st095legsgk,Omar Fayed,Defender,66,12,6,6,7,21,1,5,87,1,,54,20,34,17,100,7,,7,,17,17,,42,14,28,11,,1,123,1,298,3,34,7,4,27,70,,,,5,2,2,,,6,,17,262,88,187,258,7,11,1,494,,25,11,4,43,314,,275,18,2,39,400,7,24,30,10,15,3,0,,,,,,,,,,,,,,,,,,,,,,,2,,,1,1,2,,,,,,,,,,,,,,,,,,,,,,,,,,,,,
Portugal_Primeira_Liga,2025-2026,FC Arouca,60jyy87x7db7wjur76irnisyc,Pedro Santos,Midfielder,89,8,4,4,12,77,,,111,2,3,71,35,36,67,161,12,,12,,15,14,1,63,31,32,10,8,,129,,515,1,34,8,5,49,166,8,2,,8,5,4,2,2,2,1,34,466,233,251,448,4,13,1,707,,7,17,13,73,533,2,482,17,,51,625,12,28,49,10,23,2,0,,,,,,,,,,,,1,,,,,,,,,3,1,4,,1,8,5,3,,,,,,,,,,,,,,,,,,,,,,,,,,,,,
Portugal_Primeira_Liga,2025-2026,FC Arouca,bmbn4q2uorkgosgaig6migpux,B. Popović,Defender,5,45,23,22,17,36,1,14,156,,,73,36,37,12,201,5,5,17,5,34,31,3,28,13,15,11,1,,221,,602,3,64,10,3,19,163,1,2,2,13,3,4,,,1,8,42,532,142,408,508,4,5,,1158,,81,13,6,73,621,4,550,9,8,71,771,25,42,44,27,29,3,0,,,,,,,,,,,,,,1,,,,,,,,,1,,,,,1,,0,1,,1,,,1,,1,,,,,,,,,,,,,,1,,,,,
Portugal_Primeira_Liga,2025-2026,FC Arouca,8508cu2jps76u6esioydgl5d6,Miguel Puche,Forward,11,33,21,12,26,59,,1,81,1,6,109,64,45,146,71,4,,26,,19,18,1,76,43,33,3,11,,69,4,216,4,41,13,3,28,23,12,7,7,5,2,21,9,4,9,,12,177,121,69,169,5,7,11,695,1,16,20,12,115,222,14,181,12,12,41,406,7,14,51,13,27,4,1,,,,,,,,,,,1,13,1,1,1,,3,,1,4,9,,18,,9,23,11,9,1,0,1,,1,,4,1,,,,,1,,,,,,,,,,,1,,,,,
Portugal_Primeira_Liga,2025-2026,FC Arouca,8lboyg16852lqm9gswempml90,M. Rocha,Defender,4,28,10,18,8,23,,6,100,2,,47,19,28,21,122,3,5,8,5,13,12,1,19,9,10,6,4,,190,,424,,61,4,3,23,113,4,3,,8,1,,,,,3,14,385,133,271,390,2,5,,700,,42,7,3,46,448,3,404,7,6,44,535,10,22,32,13,22,2,0,,,,,,,,,,,,,,,,,,,,,,,,,,1,1,,1,,,,,,,,,,1,1,,,,,,,,,,,,,,,,,
Portugal_Primeira_Liga,2025-2026,FC Arouca,6o2xd34n2xu96bqbkq4zj21d6,Arnau Solà,Defender,16,14,7,7,10,58,3,7,73,,6,39,15,24,116,97,,,10,,14,14,,25,8,17,5,6,,9,1,227,2,43,14,6,25,71,7,2,,7,5,3,3,3,2,3,13,175,101,85,170,3,4,49,589,,21,3,9,108,235,2,183,7,10,52,418,11,24,57,19,28,1,0,,,,,,,,,,,,1,1,,,,,,,,2,,4,1,1,24,23,3,,,,,,,7,,,,,,,,,,,,,,,,,,,,,,
Portugal_Primeira_Liga,2025-2026,FC Arouca,9f83clp1v95kvlxdb376tgbth,Javi Sánchez,Defender,15,20,9,11,10,29,1,14,109,3,1,43,19,24,12,182,2,10,10,10,11,10,1,23,10,13,8,4,,274,,565,1,40,4,3,35,111,4,1,1,10,3,,,,,3,36,510,133,408,505,5,3,,822,,48,8,5,64,596,2,541,8,5,55,708,16,29,37,19,26,4,0,,,,,,,,,,,,1,,,,,,,,,1,,,,1,1,,,,,,,,,,,,,,,,,,,,,,,,,,,,,,,
Portugal_Primeira_Liga,2025-2026,FC Arouca,djb8j3hb7mnnghg9jmd15w0r9,Tiago Esgaio,Defender,28,107,45,62,23,149,1,15,99,4,7,190,88,102,306,378,10,,23,,42,39,3,83,43,40,21,21,,252,4,798,5,64,39,13,70,40,24,7,2,21,5,2,14,14,4,5,34,547,270,310,532,10,12,168,1923,3,88,33,16,354,819,9,566,22,26,253,1327,43,83,206,74,170,9,1,,,,,,,,,,1,3,,3,1,,,1,,,,2,2,4,4,,27,27,1,,0,1,,1,,52,1,,2,,,,,,,,,,,,,,1,,,,,
Portugal_Primeira_Liga,2025-2026,FC Arouca,4fjr74igamnglla1q6njvcley,A. Trezza,Forward,19,45,38,7,26,95,8,1,117,3,12,197,132,65,271,110,18,,26,,40,38,2,152,94,58,9,14,,95,7,319,5,67,56,24,67,29,16,11,16,24,14,2,11,11,8,2,7,219,146,94,222,12,15,1,1989,4,29,26,23,227,329,27,229,27,49,100,666,12,16,110,32,84,1,1,,,,,,,,,,,2,2,2,8,7,2,,2,2,,6,,38,3,1,42,41,16,1,7,1,,6,5,,6,1,,1,1,,,,,1,,,,,,,1,,,,,
Portugal_Primeira_Liga,2025-2026,FC Arouca,6mtx7jztxk73fd6tv7fvjbml0,J. Vinarčík,Goalkeeper,30,,,,,,,,,,,,,,,,,,,,,,,,,,,,,,,,,,,,,,,,,,,,,,,,,,,,,,,,,,,,,,,,,,,,,,,,,,,,,,,,,,,,,,,,,,,,,,,,,,,,,,,,,,,,,,,,,,,,,,,,,,,,,,,,,,,,
Portugal_Primeira_Liga,2025-2026,FC Arouca,e5er1rgo8lluy6qjk4mcew6c4,Yellu Santiago,Midfielder,20,2,,2,5,4,,,4,,,9,4,5,1,5,2,,5,,2,2,,7,4,3,,,,6,,16,1,2,1,,1,2,,,,,,5,,,,,,11,2,10,12,,2,,23,,1,3,1,5,17,,12,2,,5,22,,,2,3,5,,0,,,,,,,,,,,,,,,,,,,,,,,,,,,,,,,,,,,,,1,,,,,,,,,,,,,,,,,,,,
Portugal_Primeira_Liga,2025-2026,FC Arouca,25n2vrjnz5qsm5pigyn3ps8vd,I. de Arruabarrena,Goalkeeper,12,4,2,2,11,,,,46,4,,7,4,3,,226,,94,11,55,15,13,2,3,2,1,,,,84,,274,2,14,1,,108,62,,,,11,,,,,,25,60,214,24,246,210,,,1,990,,10,,1,104,372,,270,,,102,483,52,96,58,44,6,5,0,7,,21,,7,29,17,12,10,2,,,,,,,,,,,,,,,,,,,,,,,,,,,,,,,,,2,,,,,,,,,,,,,,
Portugal_Primeira_Liga,2025-2026,FC Arouca,drutqywn51qzby01rhveqk1ec,E. van Ee,Midfielder,22,33,16,17,20,126,1,5,194,2,1,177,83,94,135,205,11,,20,,24,20,4,144,67,77,23,7,,235,,705,3,77,31,13,93,160,8,4,3,16,9,4,1,1,7,1,24,603,273,351,599,16,22,4,1383,,27,28,33,165,726,7,623,38,6,103,988,13,27,78,33,76,5,1,,,,,,,,,,,1,,1,1,1,,2,,,,21,1,22,3,,8,8,11,,0,1,,1,1,,1,1,,,,,,,,,,,,,,,,,,,,
Portugal_Primeira_Liga,2025-2026,FC Famalicão,9nhq3xbf4ayb1e7woaox4h0r8,U. Abubakar,Forward,9,34,16,18,16,14,1,,17,,1,60,36,24,70,12,3,,16,,4,4,,26,20,6,,4,,10,4,43,,10,8,5,6,14,4,4,6,3,3,13,,,1,,1,19,14,12,25,1,,,342,2,12,10,4,69,50,10,26,1,22,24,136,,1,23,5,23,1,0,,,,,,,,,,,,,,1,1,,1,1,,,1,,11,,,4,4,4,2,1,0,,1,,,1,,,,,,,,,,,,,,,,,,,,,
Portugal_Primeira_Liga,2025-2026,FC Famalicão,snr263or5soc0m0lho7jznu2,Óscar Aranda,Forward,11,,,,,,,,,,,,,,,,,,,,,,,,,,,,,,,,,,,,,,,,,,,,,,,,,,,,,,,,,,,,,,,,,,,,,,,,,,,,,,,,,,,,,,,,,,,,,,,,,,,,,,,,,,,,,,,,,,,,,,,,,,,,,,,,,,,,
Portugal_Primeira_Liga,2025-2026,FC Famalicão,a79rjcskizfbnop2i35luoff8,I. Ba,Defender,55,73,35,38,18,52,2,15,188,7,3,122,54,68,31,294,3,12,18,13,15,14,1,49,19,30,28,4,1,341,1,791,1,112,14,4,61,155,5,4,2,15,,3,,,4,9,85,650,175,524,614,7,10,,1385,,77,16,9,155,842,6,699,17,18,143,1046,22,74,90,54,69,2,1,,,1,,,,,,,,,,1,1,,,,,,,,,4,,,1,1,1,,1,0,,1,1,,1,,,,,,,,,,,,,,,,,,,,,
Portugal_Primeira_Liga,2025-2026,FC Famalicão,dvr8ipdtmtb0yl78tklq5vtw4,R. Beney,Forward,18,4,3,1,10,12,1,,31,,6,40,27,13,61,17,7,,10,,2,2,,36,24,12,1,2,,17,,51,1,19,2,,7,5,2,1,4,,,10,3,3,5,,2,35,28,10,33,1,3,1,144,1,1,10,3,35,51,5,35,4,10,16,100,1,2,16,4,14,1,0,,,,,,,,,,,,,,,,,,,,,,,11,,,4,4,7,,,,,,,,,,,,,,,,,,1,,,,,,,,,,,
Portugal_Primeira_Liga,2025-2026,FC Famalicão,6ru9fpoabzc9xtb1fvaq5dhck,L. Beye,Midfielder,54,,,,,,,,,,,,,,,,,,,,,,,,,,,,,,,,,,,,,,,,,,,,,,,,,,,,,,,,,,,,,,,,,,,,,,,,,,,,,,,,,,,,,,,,,,,,,,,,,,,,,,,,,,,,,,,,,,,,,,,,,,,,,,,,,,,,
Portugal_Primeira_Liga,2025-2026,FC Famalicão,6eidlv9qagadx0luxb2uclfbp,L. Carević,Goalkeeper,25,8,,8,28,,,,119,14,2,14,,14,,347,,204,28,147,24,23,1,6,,6,,,,369,,735,4,52,1,,195,259,,,,28,,,,,,27,104,648,36,774,706,,,,2520,,22,,8,168,975,,810,,,165,1199,91,161,122,43,4,4,0,9,,31,2,10,89,54,34,28,17,,,,,,,,,,,,,,,,,,,,,,,,,,,,,,,,,5,1,,,,,,,,,,,1,1,
Portugal_Primeira_Liga,2025-2026,FC Famalicão,7xfg1orfd9uq3rqzzf6vvxu96,S. Elisor,Forward,12,88,56,32,27,89,5,2,80,1,12,201,119,82,221,35,8,,27,,10,9,1,113,63,50,1,19,,80,8,233,3,37,14,3,34,48,21,17,16,18,16,9,2,2,10,1,14,183,139,65,188,3,6,,1568,8,15,27,33,131,252,33,202,9,83,50,478,1,2,44,13,48,2,1,,,,,,,,,,,1,,2,1,1,1,3,1,,,19,1,35,5,,7,7,15,9,0,1,,,,,,,,,,2,,,,,,,,,,,,,,,,
Portugal_Primeira_Liga,2025-2026,FC Famalicão,b032nr0hqpd0uckirkg6tdm38,Gabriel,Goalkeeper,22,,,,,,,,,,,,,,,,,,,,,,,,,,,,,,,,,,,,,,,,,,,,,,,,,,,,,,,,,,,,,,,,,,,,,,,,,,,,,,,,,,,,,,,,,,,,,,,,,,,,,,,,,,,,,,,,,,,,,,,,,,,,,,,,,,,,
Portugal_Primeira_Liga,2025-2026,FC Famalicão,2tdxcr1wkubis5n81sg4pzyz9,Gil Dias,Forward,23,28,13,15,27,112,13,2,316,6,16,272,134,138,547,230,20,,27,,18,17,1,244,121,123,14,25,,291,,651,2,141,51,15,120,46,31,18,10,24,11,3,32,23,28,1,16,449,368,140,460,15,39,23,2017,6,18,35,41,375,679,28,476,54,83,203,1177,10,28,229,42,175,6,0,,,,,,,,,,,6,48,6,3,2,1,,2,,6,8,5,52,13,25,68,37,22,5,3,0,,2,1,3,1,,,,,,,,,1,,,,,,,,,,,,
Portugal_Primeira_Liga,2025-2026,FC Famalicão,dwf1cxneplou6ek9ftt1nk8dm,Gustavo Garcia,Defender,2,9,3,6,9,35,,,33,1,2,51,19,32,57,120,3,,9,,7,7,,42,16,26,12,3,,48,,205,1,21,14,5,17,9,3,1,,4,,5,5,5,1,,16,167,99,80,158,10,7,26,467,,16,5,8,80,212,1,174,17,2,38,357,4,9,35,19,29,1,0,,,,,,,,,,,,,,,,,,,,,,1,6,,,16,16,1,,,,,,,14,,,,,,,,,,,,,,,,,,,,,,
Portugal_Primeira_Liga,2025-2026,FC Famalicão,76w964mdux2s3max2nlih6az8,Gustavo Sá,Midfielder,20,82,36,46,27,178,11,3,244,8,17,329,167,162,513,274,45,,27,,19,18,1,247,131,116,12,31,,205,3,855,4,108,51,24,107,217,33,15,13,27,11,,11,11,14,2,65,644,439,235,598,12,26,10,2298,4,36,68,65,333,874,28,663,38,96,211,1298,8,35,201,39,176,6,0,,,,,,,,,,,2,1,2,4,1,,3,,1,,36,6,40,7,,29,29,21,4,3,1,,4,2,2,3,,,,,,,,,1,1,,,,,,2,,,,,
Portugal_Primeira_Liga,2025-2026,FC Famalicão,6we9p6sqaptlr1adqjmcadl3o,A. Joujou,Forward,77,17,8,9,22,53,4,,99,,5,92,54,38,154,32,2,,22,,6,6,,75,46,29,6,6,,25,4,182,1,45,22,11,34,72,7,5,9,4,4,18,3,3,8,,6,143,84,62,137,5,10,1,570,4,3,6,6,109,182,14,143,15,44,39,334,1,2,47,11,37,,2,,,,,,,,,,,1,2,1,3,3,,,2,2,,6,,32,1,2,19,17,24,1,2,1,,3,1,,1,,,,,,,,,1,,,,,,,,,,,,
Portugal_Primeira_Liga,2025-2026,FC Famalicão,bhn8je2hwadidyov5w033ukiy,O. Mamageishvili,Midfielder,15,9,7,2,8,8,,,10,,,19,13,6,22,9,1,,8,,4,4,,10,6,4,1,1,,5,,36,,5,4,2,3,14,1,1,,1,1,7,,,1,1,4,26,11,15,22,,1,,120,1,3,2,2,21,36,1,26,1,5,10,63,,2,10,3,8,,0,,,,,,,,,,,,,,,,,,,,,4,,4,,,3,3,4,,,,,,,,,,,,,,,,,,,,,,,,,,,,,
Portugal_Primeira_Liga,2025-2026,FC Famalicão,crengl85lz663mjq1ml5b5e6s,Matheus Mattara,Defender,36,,,,,,,,,,,,,,,,,,,,,,,,,,,,,,,,,,,,,,,,,,,,,,,,,,,,,,,,,,,,,,,,,,,,,,,,,,,,,,,,,,,,,,,,,,,,,,,,,,,,,,,,,,,,,,,,,,,,,,,,,,,,,,,,,,,,
Portugal_Primeira_Liga,2025-2026,FC Famalicão,2p9rec142i26zn4jpjcjpk74k,Mathias de Amorim,Midfielder,14,32,21,11,24,172,8,4,187,3,4,315,151,164,390,179,27,,24,,14,14,,283,130,153,22,20,,123,2,670,3,80,34,16,109,208,21,15,7,24,17,,5,5,33,2,33,542,333,226,521,26,35,1,1936,2,12,55,59,250,682,22,554,61,47,128,1100,1,11,114,30,117,6,3,,,,,,,,,,,1,,1,3,3,,1,,3,,81,2,48,3,,16,16,26,4,3,0,,3,3,,1,1,,1,1,,,,,,,,,,,,,,,,,
Portugal_Primeira_Liga,2025-2026,FC Famalicão,bmdxwlk0d88jka77k7pex3uhg,Gonzalo Pastor,Midfielder,47,,,,2,5,,,4,,,4,2,2,6,4,1,,2,,1,1,,4,2,2,,,,4,1,13,,3,1,1,1,,,,,,,2,,,1,,1,11,6,5,10,,,,35,,,2,1,8,13,,11,,2,2,22,1,1,2,1,1,1,0,,,,,,,,,,,,1,,,,,,,,,1,,1,,1,1,,1,,,,,,,,,,,,,,,,,,,,,,,,,,,,,
Portugal_Primeira_Liga,2025-2026,FC Famalicão,9swvyuy90djyox6ezfmposums,Pedro Bondo,Defender,28,23,15,8,17,73,,7,88,2,6,119,52,67,182,226,5,,17,,15,15,,96,37,59,6,6,1,21,1,381,3,55,20,8,44,94,6,7,1,14,9,3,5,5,9,3,22,280,150,165,288,8,15,78,1179,,43,15,27,207,414,8,310,23,12,104,757,26,51,103,29,53,6,0,,,,,,,,,,1,,2,,,,,2,,,,,1,19,1,1,28,27,11,,,,,,,44,,,1,,,,,,,,,,,,,,,,,,,
Portugal_Primeira_Liga,2025-2026,FC Famalicão,et6guovyhypg06lgr08a5rpck,Pedro Santos,Forward,80,16,13,3,18,40,3,,45,1,2,86,47,39,119,30,5,,18,,7,6,1,70,34,36,3,5,,52,2,141,,15,10,6,21,23,7,3,1,5,4,13,5,1,6,,1,118,80,47,121,8,12,,579,2,3,14,11,68,145,4,122,20,17,23,270,2,6,32,10,17,2,0,,,,,,,,,,,1,14,2,1,1,,1,1,1,4,4,,14,1,9,19,7,8,,1,0,,1,,,1,,,,,,,,,,1,,,,,,,,,,,
Portugal_Primeira_Liga,2025-2026,FC Famalicão,6ns9njr6qbtvailkesrl1ti50,Marcos Peña,Midfielder,8,11,4,7,14,34,,1,27,,2,45,13,32,44,39,2,,14,,6,6,,34,9,25,7,1,,59,,172,,10,3,3,14,47,1,2,,3,3,11,,,1,,12,152,67,92,147,3,10,,343,,7,4,11,31,179,2,159,13,2,20,241,1,2,17,5,18,3,0,,,,,,,,,,,,,,,,,,,1,,11,,2,,,2,2,1,,,,,,,,,,,,,,,,,,,,,,,,,,,,,
Portugal_Primeira_Liga,2025-2026,FC Famalicão,dd7eh3o62jbq1qw4smmf5tvbp,Rafa Soares,Defender,5,20,15,5,18,90,1,4,82,5,7,75,47,28,203,293,8,,18,,8,7,1,55,32,23,11,14,,35,,509,1,55,19,6,37,117,15,2,1,14,6,4,16,13,2,8,44,406,248,198,386,8,11,94,1168,,45,18,2,178,535,3,430,19,14,105,828,20,51,110,35,54,4,0,,,,,,,,,,,,5,1,,,,,,,1,,,3,,4,40,32,2,1,,,,,,24,,,,,,,,,,,1,,,,,,,,,,,
Portugal_Primeira_Liga,2025-2026,FC Famalicão,ej6iyww9qjf1fdyhal2k3yp04,Rafael Venâncio,Defender,48,,,,,,,,,,,,,,,,,,,,,,,,,,,,,,,,,,,,,,,,,,,,,,,,,,,,,,,,,,,,,,,,,,,,,,,,,,,,,,,,,,,,,,,,,,,,,,,,,,,,,,,,,,,,,,,,,,,,,,,,,,,,,,,,,,,,
Portugal_Primeira_Liga,2025-2026,FC Famalicão,13kt8nywmdunqt6k815iqmnhm,L. Realpe,Defender,3,60,26,34,19,36,2,9,185,8,1,127,56,71,29,287,14,13,19,14,10,10,,67,30,37,30,3,,302,,761,3,119,9,7,70,187,3,2,2,16,,3,,,5,3,43,642,204,488,649,9,13,3,1410,,90,18,10,133,812,4,692,22,17,120,1037,23,64,89,31,56,2,0,,,1,,,,,,,,,,,1,,,1,,1,,1,2,2,,,,,1,,0,1,,1,,,1,1,,,1,,1,,,,1,,,,,,1,,,,,
Portugal_Primeira_Liga,2025-2026,FC Famalicão,74gadeywo809m89bzzhvr2z9w,Renan,Defender,13,,,,,,,,,,,,,,,,,,,,,,,,,,,,,,,,,,,,,,,,,,,,,,,,,,,,,,,,,,,,,,,,,,,,,,,,,,,,,,,,,,,,,,,,,,,,,,,,,,,,,,,,,,,,,,,,,,,,,,,,,,,,,,,,,,,,
Portugal_Primeira_Liga,2025-2026,FC Famalicão,a7twqgp3fp43y1aoybfe2i8d1,Rochinha,Forward,10,,,,1,,,,2,,1,3,1,2,6,3,,,1,,,,,3,1,2,,3,,,,4,,2,,,1,1,3,,,,,1,4,,,,1,3,7,,2,,,,3,,,,2,2,4,,3,,,1,11,,1,2,,,,0,,,,,,,,,,,,3,,,,,,,,2,,,,,1,1,,,,,,,,,,,,,,,,,,,,,,,,,,,,,,,
Portugal_Primeira_Liga,2025-2026,FC Famalicão,5a7h31ukgi0uza80oskg64msq,Rodrigo Pinheiro,Defender,17,41,20,21,24,85,2,5,203,12,17,223,106,117,347,418,19,,24,,17,16,1,182,86,96,20,24,1,267,2,784,3,130,43,11,96,55,26,3,4,24,2,,18,18,11,5,26,616,370,304,630,24,30,153,2121,,74,49,35,326,825,7,656,54,44,169,1424,13,40,157,56,129,3,2,,,,,,,,,,,2,,2,3,2,1,1,1,2,,2,3,16,7,,44,43,9,,2,1,,2,2,67,1,,,,,,,,,,,,,,,1,,,,,,
Portugal_Primeira_Liga,2025-2026,FC Famalicão,8q8t7fy7yhva02zbgtoeqm238,Rodrigo Ribeiro,Midfielder,19,,,,,,,,,,,,,,,,,,,,,,,,,,,,,,,,,,,,,,,,,,,,,,,,,,,,,,,,,,,,,,,,,,,,,,,,,,,,,,,,,,,,,,,,,,,,,,,,,,,,,,,,,,,,,,,,,,,,,,,,,,,,,,,,,,,,
Portugal_Primeira_Liga,2025-2026,FC Famalicão,7ytf3c5ynruyvxwr3r5kof6dw,Rudi Almeida,Forward,91,1,,1,2,2,,,3,,,2,1,1,3,,,,2,,1,1,,1,1,,,,,,,3,,1,,,1,2,,,,,,2,,,,,,3,2,2,4,,,,14,,,,,3,4,,4,,,,7,,,,,,,0,,,,,,,,,,,,,,,,,,,,,,,1,,,,,1,,,,,,,,,,,,,,,,,,,,,,,,,,,,,
Portugal_Primeira_Liga,2025-2026,FC Famalicão,axxpxxrn6f0r8d5999mz06n10,V. Serafimović,Defender,30,,,,,,,,,,,,,,,,,,,,,,,,,,,,,,,,,,,,,,,,,,,,,,,,,,,,,,,,,,,,,,,,,,,,,,,,,,,,,,,,,,,,,,,,,,,,,,,,,,,,,,,,,,,,,,,,,,,,,,,,,,,,,,,,,,,,
Portugal_Primeira_Liga,2025-2026,FC Famalicão,482oia33ewkfi8iwtz6m3nevo,Sorriso,Forward,7,88,46,42,27,192,23,,292,6,25,330,160,170,665,193,13,,27,,20,19,1,242,114,128,14,27,,47,1,639,4,154,49,21,112,244,31,15,18,27,17,,28,8,20,2,28,497,420,141,505,14,22,7,2286,9,27,28,75,408,676,33,533,36,97,143,1286,8,21,226,27,122,6,2,,,,,,,,,,,4,69,4,5,5,,3,,8,15,13,1,72,8,37,110,59,34,2,2,3,,5,3,2,5,,,,,,,,,,1,,,,,,2,,,,,
Portugal_Primeira_Liga,2025-2026,FC Famalicão,3pop9gdilkfcaoqyzj9g3d3is,Y. Zabiri,Forward,21,25,18,7,12,25,2,2,34,1,8,67,40,27,108,17,4,,12,,9,9,,42,22,20,2,9,,32,3,89,1,17,7,2,14,24,9,8,15,7,4,5,,,4,1,9,62,52,19,62,4,6,,661,4,6,16,7,65,98,23,71,10,39,27,212,,3,27,1,24,2,1,,,,,,,,,,,,,,4,4,,1,2,4,,6,,7,3,,1,1,1,,3,1,,4,1,,4,,,,,,,,,,3,,,,,,1,,,,,
Portugal_Primeira_Liga,2025-2026,FC Famalicão,9hqhder3adhjjovepuv4yst79,I. Zlobin,Goalkeeper,1,,,,,,,,,,,,,,,,,,,,,,,,,,,,,,,,,,,,,,,,,,,,,,,,,,,,,,,,,,,,,,,,,,,,,,,,,,,,,,,,,,,,,,,,,,,,,,,,,,,,,,,,,,,,,,,,,,,,,,,,,,,,,,,,,,,,
Portugal_Primeira_Liga,2025-2026,FC Famalicão,1hpdh3zi8zwjmsajy592mukfd,J. de Haas,Defender,16,72,35,37,25,68,5,17,380,12,3,169,74,95,54,577,14,38,25,39,23,22,1,97,39,58,25,4,1,275,1,1456,4,243,26,9,85,667,4,5,7,25,,,1,1,5,16,99,1289,409,1005,1314,14,18,3,2250,1,133,23,22,198,1587,12,1413,32,18,174,1907,53,103,118,59,71,6,1,,,1,,,,,,,,,,,4,1,1,,1,,,,2,6,,,3,3,,,1,3,,3,1,,3,3,,,,5,,,,,1,,,,,,2,1,1,,,
Portugal_Primeira_Liga,2025-2026,FC Famalicão,c6aimwjdxhprw9yq0eab1w5ih,T. van de Looi,Midfielder,6,75,39,36,26,197,11,4,180,8,5,210,101,109,217,309,16,,26,,19,18,1,135,62,73,18,11,,341,,1023,4,70,25,13,116,251,11,9,4,25,5,1,2,2,3,7,62,869,426,519,881,9,41,1,2222,,61,39,20,184,1098,13,943,50,7,155,1362,13,36,120,38,119,6,0,,,,,,,,,,,,,,,,,2,,,,28,4,10,5,,3,3,,,,,,,,,,,,,,,,,,,,,,,,,,,,,,
Portugal_Primeira_Liga,2025-2026,FC Porto,73uqxd3ivtysqre39dw95oqok,Samu Aghehowa,Forward,9,47,24,23,20,68,12,,98,3,16,163,94,69,267,49,4,,20,,5,5,,116,70,46,3,9,,55,7,240,,45,17,6,34,72,10,11,33,19,15,1,1,1,19,,4,174,133,46,174,1,1,1,1414,7,1,18,27,180,244,44,178,2,106,66,508,,3,58,12,63,3,6,,,,,,,,,,,,2,1,13,5,1,4,2,,,33,,48,1,,4,4,24,6,8,5,1,12,9,1,12,,,,,,,,,,1,6,5,1,,,2,,,,,
Portugal_Primeira_Liga,2025-2026,FC Porto,c3j7m8kaoius8i6jihubgy6p6,Ángel Alarcón,Forward,47,4,3,1,3,7,1,1,13,,1,6,5,1,17,5,,,3,,,,,2,2,,,,,7,,30,,5,2,1,4,11,,1,,,,3,,,,,1,23,14,9,22,,,,57,,,,,11,30,1,23,,3,7,41,,1,5,2,6,,0,,,,,,,,,,,,,,,,,,,,,,,1,,,,,1,,,,,,,,,,,,,,,,,,,,,,,,,,,,,
Portugal_Primeira_Liga,2025-2026,FC Porto,bsvlql13pj2qf2z45r7no9hqs,Alberto Costa,Defender,20,40,16,24,23,143,4,9,221,4,8,222,110,112,365,227,20,,23,,10,9,1,182,94,88,25,12,,268,1,644,,126,40,21,74,32,18,7,4,19,8,4,10,10,16,3,21,511,240,304,513,17,30,128,1707,2,46,44,25,297,670,11,534,47,37,136,1221,16,31,134,36,105,6,0,,,,,,,,,,1,4,1,6,1,1,,,,4,,4,1,41,7,,34,34,24,1,1,0,2,1,1,43,,,,,,,,,,,,,,,,,,,,,,
Portugal_Primeira_Liga,2025-2026,FC Porto,4165geonwbrqgaj5k2zncumms,André Miranda,Forward,72,1,1,,1,3,,,,,,2,1,1,5,,,,1,,,,,1,,1,,,,,,4,,,1,1,,1,,,,,,1,,,,,,3,3,,3,,,,6,,,,1,1,4,,3,,,1,7,,,,1,1,,0,,,,,,,,,,,,,,,,,,,,,,,,,,,,,,,,,,,,,,,,,,,,,,,,,,,,,,,,,
Portugal_Primeira_Liga,2025-2026,FC Porto,e01silx456xfnol1xlev2omj8,André Oliveira,Midfielder,68,,,,,,,,,,,,,,,,,,,,,,,,,,,,,,,,,,,,,,,,,,,,,,,,,,,,,,,,,,,,,,,,,,,,,,,,,,,,,,,,,,,,,,,,,,,,,,,,,,,,,,,,,,,,,,,,,,,,,,,,,,,,,,,,,,,,
Portugal_Primeira_Liga,2025-2026,FC Porto,1tbc8iokapjgu8zjrc1knq28l,J. Bednarek,Defender,5,154,46,108,27,131,,22,542,13,3,216,81,135,67,546,12,7,27,9,13,12,1,62,35,27,37,6,2,822,,2002,1,355,11,5,130,545,6,5,3,26,3,1,1,1,,9,62,1859,677,1222,1836,4,10,4,2230,,126,33,15,165,2044,8,1898,14,23,146,2333,17,46,105,41,100,8,1,,,2,,,,,,,,,,,1,,,1,,,,,2,4,,,,,1,,0,1,,1,,1,,,,,,,,,,,,,,,,,1,,,,,
Portugal_Primeira_Liga,2025-2026,FC Porto,9q4got6x1w29qa2u3hv4naqc,B. Caicedo,Forward,87,,,,,,,,,,,,,,,,,,,,,,,,,,,,,,,,,,,,,,,,,,,,,,,,,,,,,,,,,,,,,,,,,,,,,,,,,,,,,,,,,,,,,,,,,,,,,,,,,,,,,,,,,,,,,,,,,,,,,,,,,,,,,,,,,,,,
Portugal_Primeira_Liga,2025-2026,FC Porto,xbk4zraauvq1cj1w5yz08kb9,Cláudio Ramos,Goalkeeper,14,,,,1,,,,2,,,,,,,8,,6,1,4,,,,,,,,,,3,,9,,1,,,3,2,,,,,,1,,,,,2,8,1,11,10,,,,45,,,,,1,13,,12,,,1,16,,1,,1,,,0,,,,,,1,,1,,,,,,,,,,,,,,,,,,,,,,,,,,,,,,,,,,,,,,,,,,,,,,,,,
Portugal_Primeira_Liga,2025-2026,FC Porto,d79vlrccz170hzdh35nhsf1ed,Diogo Costa,Goalkeeper,99,7,,7,28,,,,132,17,1,10,,10,,455,,188,28,125,13,12,1,3,,3,,,,225,,682,1,69,,,185,204,,,,28,1,,,,,49,146,554,70,619,543,,,,2475,,31,,4,203,884,,689,,,195,1087,108,188,155,40,7,2,0,10,,34,1,16,49,29,19,16,7,,,,,,,,,,,,,,,,,,,,,,,,,,,,,,,,,2,3,,,,,,4,,,,,1,1,
Portugal_Primeira_Liga,2025-2026,FC Porto,chd7tmnix7h9ebwglqvzn7nkk,Diogo Fernandes,Goalkeeper,51,,,,,,,,,,,,,,,,,,,,,,,,,,,,,,,,,,,,,,,,,,,,,,,,,,,,,,,,,,,,,,,,,,,,,,,,,,,,,,,,,,,,,,,,,,,,,,,,,,,,,,,,,,,,,,,,,,,,,,,,,,,,,,,,,,,,
Portugal_Primeira_Liga,2025-2026,FC Porto,cpmfjroqtibaahb1dr66pl2i1,S. Eustaquio,Midfielder,6,8,4,4,8,24,,1,21,,1,27,13,14,25,31,3,,8,,,,,19,9,10,,2,,30,,118,,6,3,3,7,33,2,1,1,,,8,,,1,,4,102,36,66,98,4,3,,182,,3,4,2,27,118,2,102,7,2,16,155,,3,13,4,13,,0,,,,,,,,,,,,,,,,,,,,,5,,5,,,1,1,4,,,,,,,,,,,,,,,,,,,,,,,,,,,,,
Portugal_Primeira_Liga,2025-2026,FC Porto,3h62hv3ksrnl7n7di2b080y51,S. Fofana,Midfielder,42,2,1,1,7,25,3,2,27,,1,27,10,17,43,15,1,,7,,5,5,,25,9,16,,1,,12,,68,,15,4,1,6,19,1,2,3,,,7,,,7,,1,61,42,22,63,3,3,,186,,4,1,3,19,71,5,64,6,9,7,116,1,1,8,2,6,1,1,,,,,,,,,,,,,,3,1,,,,,,3,,4,,,3,3,2,,2,1,1,3,3,,,,,,,,,,,,,,,,,,,,,,,
Portugal_Primeira_Liga,2025-2026,FC Porto,d98j4asio4xrxcwmfg1ak95yi,Francisco Moura,Defender,74,22,9,13,18,133,4,1,123,4,10,85,40,45,228,187,7,,18,,8,8,,63,31,32,16,7,,31,1,533,,77,27,16,53,200,9,4,3,14,8,4,6,6,9,,12,461,251,234,467,10,8,93,1129,1,24,18,5,129,551,7,479,18,24,72,837,9,17,61,34,55,5,1,,,,,,,,,,,2,2,2,2,1,,1,2,,,5,,10,2,2,23,20,2,,1,1,,2,,12,1,1,,,,,,,,,1,,,,,,,,,,,
Portugal_Primeira_Liga,2025-2026,FC Porto,c9u2w9ikckbrra8vln2ucbf9w,V. Froholdt,Midfielder,8,62,33,29,28,185,12,10,260,14,15,276,147,129,388,168,10,,28,,11,10,1,214,114,100,23,20,,158,,635,1,138,49,25,109,129,25,10,8,27,4,1,3,3,24,1,4,541,316,233,542,19,22,3,2402,3,29,32,36,245,640,18,546,41,76,94,1088,6,11,84,30,83,2,3,,,,,,,,,,,4,1,6,4,3,,2,1,4,,51,2,55,6,,20,20,23,3,1,3,1,4,2,1,4,,1,,,,,,,,2,,,,,,1,,,,,
Portugal_Primeira_Liga,2025-2026,FC Porto,ckn76jf7zi89hab6ht7vbbdyi,Gabriel Brás,Defender,73,,,,,,,,,,,,,,,,,,,,,,,,,,,,,,,,,,,,,,,,,,,,,,,,,,,,,,,,,,,,,,,,,,,,,,,,,,,,,,,,,,,,,,,,,,,,,,,,,,,,,,,,,,,,,,,,,,,,,,,,,,,,,,,,,,,,
Portugal_Primeira_Liga,2025-2026,FC Porto,cp0ur2l1dgofzdftzhki7y6tw,Gonçalo Ribeiro,Goalkeeper,91,,,,,,,,,,,,,,,,,,,,,,,,,,,,,,,,,,,,,,,,,,,,,,,,,,,,,,,,,,,,,,,,,,,,,,,,,,,,,,,,,,,,,,,,,,,,,,,,,,,,,,,,,,,,,,,,,,,,,,,,,,,,,,,,,,,,
Portugal_Primeira_Liga,2025-2026,FC Porto,5i4g5n26blzm43qfhyu39un84,Gonçalo Sousa,Forward,49,,,,,,,,,,,,,,,,,,,,,,,,,,,,,,,,,,,,,,,,,,,,,,,,,,,,,,,,,,,,,,,,,,,,,,,,,,,,,,,,,,,,,,,,,,,,,,,,,,,,,,,,,,,,,,,,,,,,,,,,,,,,,,,,,,,,
Portugal_Primeira_Liga,2025-2026,FC Porto,1bcq4ix63ss3i9gj3mwlvipsk,D. Gül,Forward,27,41,21,20,23,34,3,1,43,,1,112,73,39,118,20,9,,23,,5,5,,71,52,19,1,6,,23,1,101,1,25,8,3,20,25,6,4,8,6,6,17,,,4,,1,71,52,20,71,2,6,,715,3,1,24,7,82,102,12,72,8,29,30,212,,,25,7,30,2,1,,,,,,,,,,,,,,2,1,,1,,1,,8,,22,1,,2,2,9,7,0,2,,2,1,,2,,,,,,,,,,,,,,,,1,,,,,
Portugal_Primeira_Liga,2025-2026,FC Porto,8juldxfdikazdmet0rmrh3wlx,João Costa,Goalkeeper,24,,,,,,,,,,,,,,,,,,,,,,,,,,,,,,,,,,,,,,,,,,,,,,,,,,,,,,,,,,,,,,,,,,,,,,,,,,,,,,,,,,,,,,,,,,,,,,,,,,,,,,,,,,,,,,,,,,,,,,,,,,,,,,,,,,,,
Portugal_Primeira_Liga,2025-2026,FC Porto,brt8vr16avkv9ynoe7f49i2hg,João Teixeira,Midfielder,92,,,,,,,,,,,,,,,,,,,,,,,,,,,,,,,,,,,,,,,,,,,,,,,,,,,,,,,,,,,,,,,,,,,,,,,,,,,,,,,,,,,,,,,,,,,,,,,,,,,,,,,,,,,,,,,,,,,,,,,,,,,,,,,,,,,,
Portugal_Primeira_Liga,2025-2026,FC Porto,ez8vzwaf7iuiv2ceetiwg6ymt,Y. Karamoh,Forward,75,,,,1,1,,,6,,,1,1,,5,2,,,1,,,,,1,1,,,,,,,5,,5,,,2,2,,,,,,1,,,,,,3,2,1,3,,,,7,,,,,6,5,,3,,,2,9,1,1,3,1,1,,0,,,,,,,,,,,,,,,,,,,,,,,1,,,2,2,1,,,,,,,,,,,,,,,,,,,,,,,,,,,,,
Portugal_Primeira_Liga,2025-2026,FC Porto,8585juruxxi6z8ih6kfqvrj6x,J. Kiwior,Defender,4,64,26,38,21,96,2,15,508,13,2,135,51,84,81,627,4,14,21,14,9,8,1,71,25,46,32,9,,247,,1668,1,295,18,7,89,762,10,6,2,21,1,,1,1,2,8,60,1489,535,1017,1491,12,25,17,1863,1,71,17,7,203,1732,8,1551,37,13,181,1979,21,78,138,44,103,1,0,,,,,,,,,,,,,1,,,,,,1,,,2,5,2,,1,1,3,,,,,,,5,,,,,,1,,,,1,,,,,,,,,,,,
Portugal_Primeira_Liga,2025-2026,FC Porto,deaqwqxiyros99d5zn9b58t1w,Martim Fernandes,Defender,52,18,9,9,18,81,2,1,121,5,6,117,46,71,186,149,6,,18,,5,5,,99,37,62,11,8,,116,1,430,1,69,29,15,55,95,9,,2,12,5,6,6,6,7,2,20,353,157,213,344,17,23,65,1054,,33,14,15,152,441,2,364,40,8,77,733,14,26,79,23,51,2,0,,,,,,,,,,,,,1,1,,1,,,2,,6,,15,1,,25,25,9,,1,0,,,1,15,,,,,1,,1,,,,,,,,,,,,,,,
Portugal_Primeira_Liga,2025-2026,FC Porto,33jtnv5kyzyw1it7y9czhn4a2,T. Moffi,Forward,29,6,3,3,7,5,2,,8,,1,16,11,5,30,4,2,,7,,3,2,1,10,8,2,,4,,3,2,18,,3,5,2,3,7,5,,3,1,1,6,,,1,,,10,8,3,11,,1,,192,1,1,3,,20,19,3,11,1,10,8,47,,,5,3,8,1,0,,,,,,,,,,,,,1,1,1,,,1,,,1,,5,1,,,,,,1,0,,1,,,1,,,,,,,,,,,,,,,,,,,,,
Portugal_Primeira_Liga,2025-2026,FC Porto,4h1jj93i0v1pfemnjydnoc0dl,N. Pérez,Defender,18,14,4,10,5,20,1,3,87,3,,24,8,16,14,72,2,2,5,2,1,1,,10,4,6,6,1,1,178,,315,,54,1,1,17,52,1,,1,4,1,1,,,,2,11,297,78,226,293,2,4,,364,,15,3,,20,322,1,304,6,4,18,362,4,11,15,3,7,,0,,,,,,,,,,,,,,1,,,,1,,,,,1,,,,,1,,1,0,,1,,,1,,,,,,,,,,,,,,,1,,,,,,
Portugal_Primeira_Liga,2025-2026,FC Porto,6hoqv4bzsul26mtvkvo1x8lxw,Pedro Lima,Defender,46,,,,,,,,,,,,,,,,,,,,,,,,,,,,,,,,,,,,,,,,,,,,,,,,,,,,,,,,,,,,,,,,,,,,,,,,,,,,,,,,,,,,,,,,,,,,,,,,,,,,,,,,,,,,,,,,,,,,,,,,,,,,,,,,,,,,
Portugal_Primeira_Liga,2025-2026,FC Porto,a6r2hqalh9ydoy2a8uv9rztux,Pepê,Forward,11,42,25,17,25,150,4,1,250,4,16,235,123,112,549,205,10,,25,,9,8,1,193,98,95,11,33,,142,7,585,1,115,60,24,88,99,36,12,6,25,20,,22,18,23,1,18,427,356,104,420,10,15,26,1853,2,14,18,48,336,596,18,438,25,49,158,1031,1,18,198,24,140,2,1,,,,,,,,,,,2,20,4,2,2,,1,1,3,4,5,4,62,10,10,64,53,36,2,1,1,,2,1,5,2,,,,,,,,,,,,,,,,,,,,,
Portugal_Primeira_Liga,2025-2026,FC Porto,mbtaq4px5avojnwljtu9ogk,O. Pietuszewski,Forward,77,9,6,3,10,27,1,,86,,5,93,49,44,137,28,8,,10,,1,1,,84,43,41,1,5,,10,5,105,1,55,8,1,18,40,7,5,7,7,7,3,3,3,14,,2,72,57,18,70,2,9,3,480,3,1,12,16,96,105,12,72,11,31,33,245,1,5,38,5,28,1,0,,,,,,,,,,,2,,2,3,3,,,2,4,,3,,26,2,,10,10,15,1,2,1,1,3,1,,2,,,,,,,,,,,,,,,,,,,,,
Portugal_Primeira_Liga,2025-2026,FC Porto,8f9u7fu8gti4bjyrgapo9c6qc,D. Prpić,Defender,21,3,1,2,5,4,,1,13,,,6,3,3,2,24,1,,5,,,,,3,2,1,4,,,9,,64,,10,2,,5,29,,,,,,5,,,,,,47,21,27,48,,1,,89,,9,1,,18,66,,48,1,,18,83,6,12,13,5,6,,0,,,,,,,,,,,,,,,,,,,,,,,,,,,,,,,,,,,,,,,,,,,,,,,,,,,,,,,,,
Portugal_Primeira_Liga,2025-2026,FC Porto,8hebxu2r9uw6thv94bj5mum8k,Rodrigo Mora,Midfielder,86,9,4,5,22,105,6,1,114,,3,111,61,50,277,84,5,,22,,4,3,1,102,57,45,5,26,,60,4,321,,58,22,8,49,85,27,14,6,11,11,11,10,1,20,,15,253,155,121,251,6,12,2,919,2,12,6,7,162,334,20,266,18,61,68,560,1,7,90,13,61,,0,,,,,,,,,,,1,30,1,1,1,1,,,3,7,39,6,39,6,17,35,10,23,1,1,0,,,1,,,,,,,,,,,,4,,,,,,,,,,,
Portugal_Primeira_Liga,2025-2026,FC Porto,vja0xo3xiuax8eh0b6q3y09,P. Rosario,Midfielder,13,37,14,23,19,85,3,5,160,7,2,116,52,64,156,248,14,1,19,1,4,3,1,79,38,41,13,6,,221,1,670,,86,28,14,57,145,7,5,3,10,2,9,1,1,4,3,22,571,283,318,578,8,13,17,1140,2,30,21,16,130,699,8,600,21,21,99,879,6,24,77,27,75,6,1,,,,,,,,,,,,,1,2,1,,,,3,,11,3,6,1,,5,5,4,,0,2,,2,1,2,1,,,,,,,,,,,,,,,,,,,,,1
Portugal_Primeira_Liga,2025-2026,FC Porto,1pidd2jxufcwuiww16rooxld6,Borja Sainz,Forward,17,10,4,6,26,107,15,,195,4,10,179,103,76,373,83,18,,26,,8,8,,169,99,70,8,11,,28,21,366,,97,46,27,79,150,13,14,15,16,11,10,2,2,22,,4,280,194,89,277,6,13,9,1431,7,4,29,29,196,368,29,281,19,73,87,682,1,5,86,12,82,5,3,,,,,,,,,,,1,2,2,5,4,,1,,2,,10,,45,1,,11,11,26,1,3,2,1,5,4,,4,,,,,,,,,,3,,,,,,1,,,,,
Portugal_Primeira_Liga,2025-2026,FC Porto,19s3ei718jouszy30uxli8xd5,Z. Sanusi,Defender,12,15,4,11,14,69,,3,79,3,3,74,32,42,143,134,6,,14,,3,2,1,59,28,31,9,12,,25,,337,1,57,12,3,39,120,13,3,1,8,3,6,5,5,6,1,6,286,152,150,291,7,7,68,818,1,15,7,11,112,348,4,297,14,14,51,557,6,9,50,17,42,2,0,,,,,,,,,,,1,5,1,1,1,,,,,,3,,16,2,2,16,14,7,,0,1,,1,1,17,1,,,,,,,,,,,,,,,,,,,,,
Portugal_Primeira_Liga,2025-2026,FC Porto,c6pqhaqusk8s1c2m21i5wtrkl,Thiago Silva,Defender,3,13,1,12,5,9,,1,86,3,4,20,4,16,16,98,1,,5,,3,3,,7,3,4,3,,,169,,332,,60,1,,15,61,,,2,4,1,1,,,,2,6,305,139,170,303,1,,,368,,19,2,4,30,337,2,309,1,6,28,373,4,9,22,6,19,,0,,,,,,,,,,,,,,,,,,,,,,,,,,,,,,,,,,,,,,,,,,,,,,,,,,,1,,,,,,
Portugal_Primeira_Liga,2025-2026,FC Porto,c9hxmljzu0x7fl4a8313y0x78,Tiago Andrade,Forward,59,,,,,,,,,,,,,,,,,,,,,,,,,,,,,,,,,,,,,,,,,,,,,,,,,,,,,,,,,,,,,,,,,,,,,,,,,,,,,,,,,,,,,,,,,,,,,,,,,,,,,,,,,,,,,,,,,,,,,,,,,,,,,,,,,,,,
Portugal_Primeira_Liga,2025-2026,FC Porto,18heb65l2cvbr2jmmjo6l22hg,A. Varela,Midfielder,22,29,12,17,25,182,4,12,200,10,2,142,67,75,220,342,13,,25,,12,12,,113,55,58,19,18,,273,,995,1,92,21,10,96,256,18,8,7,23,7,2,6,2,11,7,38,855,490,426,872,13,11,,1937,,31,26,23,182,1053,15,910,24,12,143,1274,16,28,118,37,115,8,1,,,,,,,,,,,,5,,2,1,,,1,,2,31,7,12,4,2,12,9,5,3,0,2,,2,1,,2,,,,,1,,,,,2,1,1,,,,,,,,,
Portugal_Primeira_Liga,2025-2026,FC Porto,96kibwvvzzkwi13pmo0j7jnu2,Vasco Sousa,Midfielder,15,6,4,2,9,44,2,3,38,,,57,29,28,48,48,10,,9,,9,8,1,51,25,26,7,6,,45,1,184,2,15,7,2,42,53,6,3,3,6,5,3,1,1,3,,5,164,79,92,165,3,4,1,462,,5,15,16,46,190,6,170,7,9,20,274,2,2,16,5,18,2,0,,,,,,,,,,,,,,1,1,,1,1,,,6,2,8,,,1,1,5,1,0,1,,1,,,1,1,,1,1,,,,,,,,,,,,,,,,,
Portugal_Primeira_Liga,2025-2026,FC Porto,37b6tzaexinmfadvi4you5wmi,Gabri Veiga,Midfielder,10,13,11,2,25,150,11,1,107,1,22,143,84,59,338,146,9,,25,,4,4,,130,73,57,13,22,,70,3,485,1,55,24,15,56,152,28,16,12,17,15,8,21,,8,1,12,398,274,173,414,6,26,1,1321,4,3,23,17,223,518,28,426,32,54,92,831,3,9,142,17,83,5,1,,,,,,,,,,,6,67,6,2,2,,1,1,3,18,50,5,27,7,39,67,16,17,,1,1,1,2,1,,2,1,,,,9,,,,,2,,,,,,,,,,,
Portugal_Primeira_Liga,2025-2026,FC Porto,4t3melft6fc2ams9zcyxnqqz8,William,Forward,7,21,16,5,24,53,10,1,160,1,16,170,106,64,341,85,17,,24,,6,5,1,149,90,59,4,10,,94,1,242,,89,41,21,39,15,11,12,16,8,7,16,4,4,20,3,12,168,139,37,160,8,12,7,998,1,4,29,19,200,247,28,172,20,61,75,534,3,8,107,11,67,5,3,,,,,,,,,,,1,15,1,8,7,2,2,6,6,,9,4,46,4,11,43,30,31,2,5,3,,6,2,1,5,,,1,1,,,,,,1,1,1,,,,,,,,,
Portugal_Primeira_Liga,2025-2026,FC Porto,1blngn7afc8verjkysdegb0tl,Zé Pedro,Defender,3,,,,2,4,,,1,,,2,2,,5,2,,,2,,,,,2,2,,,,,8,,15,,1,1,,,2,,,,,,2,,,,,1,12,1,12,12,,,4,28,,2,1,,6,16,,13,,1,3,25,1,1,3,1,2,,0,,,,,,,,,,,,,,,,,,,,,,,,,,1,1,,,,,,,,1,,,,,,,,,,,,,,,,,,,,,,
Portugal_Primeira_Liga,2025-2026,FC Porto,4drquvq035kmr2smvzph82bx1,L. de Jong,Forward,26,18,9,9,5,21,1,1,3,1,2,28,13,15,35,13,,,5,,1,1,,10,4,6,2,5,,10,4,59,,2,5,4,4,17,5,2,3,2,1,3,,,1,,,42,25,19,44,1,2,,257,1,1,3,2,28,61,5,44,3,12,17,95,,,13,4,17,1,0,,,,,,,,,,,,,,1,1,,,,,,7,1,,1,,,,,1,0,1,,1,1,,1,,,,,,,,,,,,,,,,,,,,,
Portugal_Primeira_Liga,2025-2026,GD Estoril Praia,8esvhatpiwl4amussu6wmamfo,André Lacximicant,Forward,19,60,39,21,18,68,5,1,67,1,7,130,79,51,204,36,3,,18,,20,19,1,70,40,30,2,8,,43,3,167,2,43,15,6,25,24,10,15,12,10,7,8,3,3,5,,1,121,94,34,124,5,4,,992,7,6,21,16,124,171,27,125,9,61,46,349,1,4,51,9,42,3,1,,,,,,,,,,,2,,2,2,2,,3,2,1,,7,1,23,1,,14,14,8,2,1,1,,2,,,1,,,,,,,,,,2,,,,,,,,,,,
Portugal_Primeira_Liga,2025-2026,GD Estoril Praia,bx16v7vdlpv2av8v7576ua2qy,F. Bacher,Defender,25,131,58,73,28,60,6,15,277,5,3,248,105,143,56,539,5,3,28,3,47,40,7,117,47,70,38,6,2,377,,1400,7,132,22,13,112,464,6,4,2,28,,,,,8,10,92,1247,321,961,1190,12,22,1,2520,1,162,31,29,181,1440,6,1282,34,28,158,1824,45,75,104,54,83,3,1,,,,,,,,,,,,,,2,,,,,,,2,,5,,,,,1,,1,1,,2,,,2,,,,,,,,,,,,,,,,2,,,,,
Portugal_Primeira_Liga,2025-2026,GD Estoril Praia,en42iersp8me42z7r4lzhwiga,Y. Begraoui,Forward,14,57,39,18,28,180,14,2,145,3,20,193,120,73,405,101,7,,28,,39,33,6,136,81,55,5,16,,114,18,439,6,68,40,11,58,100,17,24,31,25,8,3,2,2,18,,17,321,220,159,360,5,6,1,2196,7,29,19,26,262,495,55,377,11,127,118,857,2,7,127,18,111,1,3,,,,,,,,,,,1,,1,18,11,1,2,4,3,,29,4,59,2,,27,27,28,7,8,10,,17,14,1,12,1,,,,,,,,,2,5,5,,,,,,,,,
Portugal_Primeira_Liga,2025-2026,GD Estoril Praia,63mkm8ugwezc2em1yf9qy3ehg,Bernardo Lourenço,Midfielder,79,,,,,,,,,,,,,,,,,,,,,,,,,,,,,,,,,,,,,,,,,,,,,,,,,,,,,,,,,,,,,,,,,,,,,,,,,,,,,,,,,,,,,,,,,,,,,,,,,,,,,,,,,,,,,,,,,,,,,,,,,,,,,,,,,,,,
Portugal_Primeira_Liga,2025-2026,GD Estoril Praia,6lcb1onmcl4vghxsg7im3xlhw,L. Bimai,Defender,57,,,,,,,,,,,,,,,,,,,,,,,,,,,,,,,,,,,,,,,,,,,,,,,,,,,,,,,,,,,,,,,,,,,,,,,,,,,,,,,,,,,,,,,,,,,,,,,,,,,,,,,,,,,,,,,,,,,,,,,,,,,,,,,,,,,,
Portugal_Primeira_Liga,2025-2026,GD Estoril Praia,8s1ggifut0xesv052i43m742y,K. Boma,Defender,44,65,21,44,19,29,,14,141,2,2,141,48,93,24,349,6,,19,1,31,25,6,76,27,49,22,3,1,307,,794,4,93,18,9,59,130,3,5,4,19,2,,,,6,1,19,686,208,497,686,12,13,1,1659,1,103,19,18,128,815,9,705,25,18,110,1071,23,40,74,36,70,5,0,,,1,,,,,,,,,,,1,,,1,,,,1,,5,1,,,,2,,1,0,,1,,,1,1,,,,,,,,,,,,,,,1,,,,,
Portugal_Primeira_Liga,2025-2026,GD Estoril Praia,e96iqfmnpzfcef4xsqnu8yj9w,Diogo Brasido,Defender,5,,,,,,,,,,,,,,,,,,,,,,,,,,,,,,,,,,,,,,,,,,,,,,,,,,,,,,,,,,,,,,,,,,,,,,,,,,,,,,,,,,,,,,,,,,,,,,,,,,,,,,,,,,,,,,,,,,,,,,,,,,,,,,,,,,,,
Portugal_Primeira_Liga,2025-2026,GD Estoril Praia,jefrlk6k6gsj55rk0jhq63o4,Diogo Dias,Goalkeeper,31,,,,,,,,,,,,,,,,,,,,,,,,,,,,,,,,,,,,,,,,,,,,,,,,,,,,,,,,,,,,,,,,,,,,,,,,,,,,,,,,,,,,,,,,,,,,,,,,,,,,,,,,,,,,,,,,,,,,,,,,,,,,,,,,,,,,
Portugal_Primeira_Liga,2025-2026,GD Estoril Praia,4lllgif0zz0rnacpia0sqqdt6,K. Edwards,Forward,11,,,,2,,,,1,,,1,1,,1,1,1,,2,,1,1,,1,1,,,,,,,2,,1,,,,1,,,,,,2,,,,,,2,2,,2,,,,11,,1,1,,,2,,2,,,,3,,,,,,,0,,,,,,,,,,,,,,,,,,,,,,,,,,,,,,,,,,,,,,,,,,,,,,,,,,,,,,,,,
Portugal_Primeira_Liga,2025-2026,GD Estoril Praia,cmk1bhtuo2zgpkklzn8ea7eac,Fabrício Garcia,Forward,17,8,4,4,12,21,1,1,36,,5,36,17,19,69,11,,,12,,3,3,,28,13,15,,3,,18,1,66,,22,7,3,15,18,3,3,3,,,12,1,,5,,2,48,30,21,48,,3,16,235,1,4,1,7,43,68,6,50,3,15,18,146,2,3,19,5,15,1,0,,,,,,,,,,,,3,,1,,,,,,1,1,,10,,1,6,4,5,,1,0,,1,,,1,,,,,,,,,,,,,,,,,,,,,1
Portugal_Primeira_Liga,2025-2026,GD Estoril Praia,e65zqndnze1xzef4qlkhd1v4l,Ferro,Defender,4,69,25,44,22,36,2,8,89,2,1,140,62,78,25,317,7,1,22,1,23,19,4,71,37,34,29,5,2,196,,682,5,50,12,7,67,148,5,2,3,12,3,10,1,1,3,8,34,572,174,414,553,7,20,1,1312,,134,14,4,115,697,5,587,27,10,110,943,32,53,72,38,57,2,0,,,,,,,,,,,,,,2,,,,,,,,,2,,,,,1,,2,0,,2,,,1,,,,,,,,,,,,,,,,2,,,,,
Portugal_Primeira_Liga,2025-2026,GD Estoril Praia,2kvb94ocyvs7x1sbq73rr22nd,Gonçalo Costa,Defender,20,15,9,6,11,27,3,1,47,,6,51,28,23,116,70,4,,11,,9,6,3,36,19,17,6,5,,5,1,163,1,33,13,2,23,61,5,2,1,5,5,6,7,7,5,1,2,117,75,49,115,7,4,45,426,,9,5,1,97,163,3,117,11,10,46,320,3,8,54,16,38,1,0,,,,,,,,,,,,,,,,,,,,,,,11,1,,24,24,6,,,,,,,7,,,,,,,,,,,,,,,,,,,,,,
Portugal_Primeira_Liga,2025-2026,GD Estoril Praia,513jimgihzk9w1kuad57jrnxl,R. Guitane,Midfielder,99,8,7,1,24,152,5,,329,2,10,257,141,116,519,124,3,,24,,22,18,4,249,134,115,4,28,,252,1,587,3,182,33,12,58,66,33,7,11,18,10,6,1,1,69,,9,485,346,147,483,3,7,3,1490,2,7,8,36,306,594,18,492,10,93,102,1008,,3,103,17,99,2,1,,,,,,,,,,,5,4,5,3,2,1,1,3,14,,19,4,117,6,1,18,17,76,3,0,3,,2,,,1,1,,,,,,,,,1,,,,,,,,,,,
Portugal_Primeira_Liga,2025-2026,GD Estoril Praia,egf4oc47whxf2hmrjjddvtxbd,J. Holsgrove,Midfielder,10,45,22,23,27,242,10,6,385,3,15,236,110,126,452,676,18,,27,,43,36,7,191,88,103,31,45,,429,,1820,7,163,30,8,118,601,52,13,6,27,5,,37,8,11,4,110,1570,897,807,1557,18,34,,2360,,25,31,40,431,1948,19,1667,52,12,281,2384,19,102,308,51,179,7,0,,,,,,,,,,1,7,72,7,1,,,1,1,3,23,29,6,31,12,44,78,18,16,2,1,0,,1,,,,,1,,,9,,,,,,,,,,,,,,,,
Portugal_Primeira_Liga,2025-2026,GD Estoril Praia,12zb7k23gszgqwzo5tld7504,O. Israelov,Defender,18,1,1,,1,,,,,,,3,2,1,,4,,,1,,,,,2,1,1,,,,,,10,,,,,,6,,,,,,1,,,,1,1,9,3,6,8,1,,,17,,,1,,1,10,,9,1,,1,12,1,1,1,,,,0,,,,,,,,,,,,,,,,,,,,,,,,,,,,,,,,,,,,,,,,,,,,,,,,,,,,,,,,,
Portugal_Primeira_Liga,2025-2026,GD Estoril Praia,dyeuxixz75ematbmtiwzcvhzp,João Carvalho,Midfielder,12,17,9,8,27,209,8,2,289,2,19,261,151,110,511,350,20,,27,,46,39,7,244,142,102,13,36,,156,3,1050,7,134,48,21,145,373,46,18,19,27,7,,17,8,29,1,74,807,512,347,768,15,23,12,2303,2,7,30,35,431,1088,37,842,38,64,246,1544,7,51,235,46,195,7,3,,,,,,,,,,,7,29,11,6,5,,1,1,5,9,29,12,82,13,15,35,16,52,1,3,3,1,6,5,2,3,1,,,,,,,,,3,,,,,,,,,,,
Portugal_Primeira_Liga,2025-2026,GD Estoril Praia,59mkmeufdio6mn8ly8pvdeal0,P. Lanquetin,Defender,0,,,,,,,,,,,,,,,,,,,,,,,,,,,,,,,,,,,,,,,,,,,,,,,,,,,,,,,,,,,,,,,,,,,,,,,,,,,,,,,,,,,,,,,,,,,,,,,,,,,,,,,,,,,,,,,,,,,,,,,,,,,,,,,,,,,,
Portugal_Primeira_Liga,2025-2026,GD Estoril Praia,9e09bylcbek0w1chwv4fbbasq,N. Lominadze,Midfielder,7,47,22,25,14,39,1,,58,,,115,56,59,68,80,6,,14,,12,9,3,68,34,34,16,5,,73,,229,2,27,14,5,32,38,5,4,2,8,8,6,1,1,7,,5,162,84,80,158,8,12,4,620,,13,8,8,110,230,6,163,20,13,67,384,4,10,48,23,57,4,0,,,,,,,,,,,,,,2,1,,,1,1,,2,2,17,1,,4,4,10,,1,1,,2,1,,2,,,,,,,,,,,,,,,,,,,,,
Portugal_Primeira_Liga,2025-2026,GD Estoril Praia,3wpq91pkvm97ul1wr4ucr8r2s,Luís Gomes,Midfielder,97,,,,,,,,,,,,,,,,,,,,,,,,,,,,,,,,,,,,,,,,,,,,,,,,,,,,,,,,,,,,,,,,,,,,,,,,,,,,,,,,,,,,,,,,,,,,,,,,,,,,,,,,,,,,,,,,,,,,,,,,,,,,,,,,,,,,
Portugal_Primeira_Liga,2025-2026,GD Estoril Praia,1jvpqpf5rak11gh8gilldpgtm,A. Marqués,Forward,9,85,48,37,22,66,8,,74,1,6,185,118,67,174,40,6,,22,,22,17,5,100,70,30,4,5,,30,1,194,3,34,8,5,32,61,5,7,10,13,10,9,,,14,,,131,84,50,134,1,4,,1097,10,12,32,11,149,197,17,134,5,51,63,398,,1,56,12,62,1,1,,,,,,,,,,,,,,4,2,,2,,3,,12,,38,,,5,5,20,6,2,2,1,4,2,,3,1,,,,,,,,,,,,,,,2,,,,,
Portugal_Primeira_Liga,2025-2026,GD Estoril Praia,6vqbgkehq2l2tef2ar10kllw4,Jan Montes,Defender,91,,,,,,,,,,,,,,,,,,,,,,,,,,,,,,,,,,,,,,,,,,,,,,,,,,,,,,,,,,,,,,,,,,,,,,,,,,,,,,,,,,,,,,,,,,,,,,,,,,,,,,,,,,,,,,,,,,,,,,,,,,,,,,,,,,,,
Portugal_Primeira_Liga,2025-2026,GD Estoril Praia,cwphr9u6412e2bl3dd6jnnc9,Jandro Orellana,Midfielder,6,19,9,10,17,118,3,1,103,1,5,104,61,43,187,205,8,,17,,19,18,1,85,52,33,23,11,,187,,650,3,50,19,10,50,153,12,2,2,15,12,2,,,3,1,12,560,293,280,561,9,11,,1185,,16,16,10,134,663,4,573,20,13,90,819,6,11,78,18,79,2,0,,,,,,,,,,,1,4,1,,,,,,,,22,6,18,2,3,6,3,6,2,,,,,,,,,,,,,,,,,,,,,,,,,,,,
Portugal_Primeira_Liga,2025-2026,GD Estoril Praia,8xtufjj1bygq57kef82qqu44q,Patrick de Paula,Midfielder,45,9,4,5,9,30,4,2,39,,2,55,25,30,53,64,8,,9,,10,9,1,46,21,25,4,2,,56,,188,2,19,7,4,18,39,2,3,2,3,3,6,1,1,3,3,11,147,72,77,137,5,6,1,407,,4,11,11,61,189,5,148,11,1,41,269,9,16,40,6,25,4,0,,,,,,,,,,,,4,,1,1,1,,,,,1,,5,,3,5,2,2,,1,0,,,1,,,1,,,,1,,,,,,,,,,,,,,,,
Portugal_Primeira_Liga,2025-2026,GD Estoril Praia,dy434rgboexxvq6tgr8gwef9x,Pedro Amaral,Defender,24,22,11,11,21,99,1,2,141,1,5,91,49,42,236,238,6,,21,,29,26,3,69,38,31,9,5,,34,,661,5,72,20,3,80,296,7,8,3,19,14,2,5,5,3,2,25,547,256,302,528,4,9,90,1456,1,38,17,16,196,667,11,553,13,10,114,955,15,41,110,37,73,3,0,,,,,,,,,,,,3,2,,,,,,,,2,,15,2,2,33,30,9,,,,,,,13,,,,,,,,,,,,,,,,,,,,,,
Portugal_Primeira_Liga,2025-2026,GD Estoril Praia,bysebwa36rolhki4bsethhqms,Pedro Carvalho,Defender,22,12,6,6,22,109,2,,111,1,9,99,58,41,278,107,8,,22,,18,15,3,87,52,35,11,7,,205,1,430,2,76,30,17,48,13,8,7,,12,9,10,7,7,6,3,13,352,198,165,343,6,15,84,1131,2,30,18,9,202,434,7,356,21,25,78,774,18,26,96,17,52,4,0,,,,,,,,,,,1,,1,,,,,,3,,2,,24,1,,35,35,14,,,,,,,41,,1,,,,,,,,,,,,,,,,,,,,
Portugal_Primeira_Liga,2025-2026,GD Estoril Praia,h3h0dgbjkgt6ru9u2etwxa8k,Peixinho,Forward,70,1,1,,7,20,1,,33,,1,29,20,9,47,9,3,,7,,2,1,1,28,19,9,1,1,,16,,55,,16,3,1,3,10,1,2,1,,1,7,,,4,,,48,31,17,48,1,,1,114,2,1,5,4,26,55,3,48,1,13,7,97,,2,8,1,5,1,0,,,,,,,,,,,,,,,,,1,,,,,,10,,,2,2,6,,,,,,,,,,,,,,,,,,,,,,,,,,,,,
Portugal_Primeira_Liga,2025-2026,GD Estoril Praia,elgb3y6p91z049awc7u549785,Pizzi,Midfielder,21,9,5,4,20,90,,2,58,,2,39,27,12,119,98,3,,20,,12,11,1,30,22,8,1,7,,93,,366,1,32,6,1,21,97,11,1,,3,3,17,7,1,1,,12,320,190,147,318,,2,3,525,,3,6,6,75,378,1,330,2,4,48,443,2,8,55,7,40,,0,,,,,,,,,,,3,12,4,,,,1,,,5,20,2,7,1,5,14,5,6,1,,,,,,,,,,,,,,,,,,,,,,,,,,,,
Portugal_Primeira_Liga,2025-2026,GD Estoril Praia,ax5fuknlz3zc3fcesya61iod1,Joel Robles,Goalkeeper,1,5,,5,28,,,,31,5,,9,1,8,,526,,236,28,227,47,40,7,4,1,3,,,1,85,,319,7,6,1,1,224,72,,,,28,,,,,1,49,157,215,104,286,233,1,,,2520,,35,,2,297,683,,390,1,,293,920,158,290,239,54,3,3,0,10,,94,2,12,75,57,18,19,23,,,,,,,,,,,,1,,,,,,,1,,,,,,,,,,,,,,7,1,,,,,,2,,,,,,,
Portugal_Primeira_Liga,2025-2026,GD Estoril Praia,3khjldonug93pcmztu04ytobu,Ricard Sánchez,Defender,2,24,11,13,21,85,2,2,158,2,10,150,67,83,317,201,11,,21,,30,28,2,126,56,70,12,11,,156,4,527,6,97,29,9,67,94,14,7,5,20,12,1,8,8,13,5,20,431,262,186,420,9,21,143,1551,1,36,26,27,211,536,12,440,30,30,96,970,11,22,103,28,74,8,0,,,,,,,,,,1,3,,3,2,1,,1,,1,,3,1,21,4,,35,35,15,2,2,0,1,2,2,20,2,,1,,,,,,,,,,,,,,,,,,,
Portugal_Primeira_Liga,2025-2026,GD Estoril Praia,a3b3bwtqfx22nmw8toxb430no,Tiago Brito,Midfielder,90,13,7,6,4,6,1,,10,,,22,10,12,20,22,,,4,,2,1,1,9,3,6,1,1,,24,,64,,5,1,,6,12,1,,,,,4,,,,,1,53,29,24,52,2,4,,64,,1,2,1,16,64,,53,6,3,11,82,,,7,5,11,1,0,,,,,,,,,,,,,,,,,,,,,,,1,,,1,1,,,,,,,,,,,,,,,,,,,,,,,,,,,,,,
Portugal_Primeira_Liga,2025-2026,GD Estoril Praia,ezct8ekplzxar9mhnf69h4hec,Tiago Parente,Defender,55,15,9,6,14,43,1,1,26,,3,59,33,26,97,44,5,,14,,10,9,1,44,24,20,5,2,,4,1,146,2,16,10,6,16,57,2,2,1,4,3,10,,,5,2,4,117,61,58,115,2,9,45,488,,15,13,4,60,148,3,119,11,10,29,286,4,9,32,8,20,3,0,,,,,,,,,,,,,,1,1,,1,,,,1,,4,1,,11,11,4,1,1,0,1,1,1,10,1,,,,,,,,,,,,,,,,,,,,,
Portugal_Primeira_Liga,2025-2026,GD Estoril Praia,2imz9ikcnqdhrbdwmb8un53ze,A. Tsoungui,Defender,5,14,6,8,18,84,3,7,73,2,1,97,45,52,95,139,13,1,18,1,17,14,3,83,39,44,12,4,2,167,1,451,2,32,13,3,45,75,4,3,1,10,5,8,,,5,5,22,383,163,233,374,9,15,37,922,,30,23,15,104,465,4,396,24,2,69,661,16,22,52,20,47,7,0,,,,,,,,,,1,,,,,,,,,1,,7,,8,2,,3,3,4,1,,,,,,11,,,,,,,,,,,,,,,,,,,,,,
Portugal_Primeira_Liga,2025-2026,GD Estoril Praia,34fm990bf5wm1xkdig1pjon6y,M. Turk,Goalkeeper,16,,,,,,,,,,,,,,,,,,,,,,,,,,,,,,,,,,,,,,,,,,,,,,,,,,,,,,,,,,,,,,,,,,,,,,,,,,,,,,,,,,,,,,,,,,,,,,,,,,,,,,,,,,,,,,,,,,,,,,,,,,,,,,,,,,,,
Portugal_Primeira_Liga,2025-2026,GD Estoril Praia,c7xltzkcj4u5qmw4j1e9gxmmt,Xeka,Midfielder,8,12,5,7,6,22,,1,11,,,36,19,17,25,28,4,,6,,4,4,,24,14,10,2,,,26,,104,,2,8,4,12,31,,1,1,2,2,4,,,2,,2,82,32,53,83,,5,,188,,6,6,3,35,107,2,85,5,6,22,151,1,4,17,6,18,,0,,,,,,,,,,,,,,1,1,1,,,,,2,,5,,,1,1,1,,0,1,,,1,,,,,,,,,,,,,,,,,,,,,,,
Portugal_Primeira_Liga,2025-2026,Gil Vicente FC,664x98r3mbynnh19u1cx984q,Andrew,Goalkeeper,42,8,,8,17,,,,47,8,1,10,,10,,301,,133,17,106,12,12,,2,,2,,,1,109,,334,2,17,,,142,98,,,,17,,,,,,33,95,264,44,302,251,,1,,1496,,13,1,1,165,508,,346,1,,162,668,80,160,136,26,2,2,0,20,,47,1,7,43,30,13,9,8,,,,,,,1,,,,,,,,,,,,,,,,,,,,,,1,1,,,4,3,,,,,,3,,,,,2,2,
Portugal_Primeira_Liga,2025-2026,Gil Vicente FC,a7880ub846f5o23rndrsian84,M. Bamba,Midfielder,8,9,4,5,4,8,,1,2,,,19,9,10,7,10,2,,4,,2,1,1,10,5,5,,1,,4,,29,,1,3,2,2,7,1,,,1,1,3,,,,2,3,19,7,12,16,2,1,,86,,3,3,2,13,29,,19,3,3,10,47,,,5,5,10,2,0,,,,,,,,,,,,,,,,,,,,,,,2,,,,,,,,,,,,,,,,,,,,,,,,,,,,,,,,,,
Portugal_Primeira_Liga,2025-2026,Gil Vicente FC,53f75v7ioczl7d9e54tuvwjc9,Sergio Bermejo,Forward,17,7,4,3,13,23,3,1,23,,1,51,31,20,74,25,4,,13,,2,2,,44,27,17,1,1,,34,,85,,14,11,4,18,9,1,3,2,4,3,9,4,1,5,,3,60,45,23,61,,3,2,370,1,3,14,9,69,91,5,64,3,9,27,185,2,4,40,7,23,,0,,,,,,,,,,,,17,,,,,2,,1,3,2,,10,,12,20,2,8,,,,,,,,,,,,,2,,,,,,,,,,,,,,,,
Portugal_Primeira_Liga,2025-2026,Gil Vicente FC,6ys90hkocv68glss19acsvgq2,Carlos Eduardo,Forward,29,21,10,11,11,9,,,9,,1,45,28,17,27,4,7,,11,,4,3,1,24,18,6,1,2,,9,4,22,,5,2,2,7,1,2,2,2,3,3,8,,,1,,,16,11,6,17,3,2,,243,1,4,11,3,25,23,4,17,5,6,6,68,,,6,1,6,,0,,,,,,,,,,,,,,1,1,,,,,,,,9,,,1,1,3,,1,0,,1,,,1,,,,,,,,,,,,,,,,1,,,,,
Portugal_Primeira_Liga,2025-2026,Gil Vicente FC,1xruon30s04okjq684c3v4s4q,F. Cáseres,Midfielder,5,25,16,9,25,137,,7,138,7,1,172,77,95,112,230,29,,25,,18,16,2,147,61,86,25,11,,271,,833,2,44,31,22,94,235,11,3,1,24,14,1,2,2,2,7,44,737,334,445,733,17,29,2,1909,,32,47,38,115,873,4,777,46,10,96,1101,17,30,62,35,66,8,0,,,,,,,,,,,,,,,,,1,,,,23,,5,,,1,1,1,,,,,,,,,,,,,,,,,,,,,,,,,,,,,
Portugal_Primeira_Liga,2025-2026,Gil Vicente FC,1ocxh5s9uo0s8ag79j7iv6acp,Daniel Figueira,Goalkeeper,99,1,,1,4,,,,5,1,,2,,2,,72,,24,4,28,4,3,1,1,,1,,1,,27,,61,1,,,,23,17,1,,,3,,1,,,,5,16,45,10,55,49,,,,300,,2,,2,53,116,,65,,,51,147,26,51,42,9,,1,0,,,15,,1,14,5,9,5,2,,,,,,,,,,,,,,1,,,,,,,,,,,,,,,,,,,1,1,,,,,,,,,,,,,
Portugal_Primeira_Liga,2025-2026,Gil Vicente FC,1fyngntxddw0r7tpovq1o3qqc,Diogo Costa,Midfielder,28,,,,,,,,,,,,,,,,,,,,,,,,,,,,,,,,,,,,,,,,,,,,,,,,,,,,,,,,,,,,,,,,,,,,,,,,,,,,,,,,,,,,,,,,,,,,,,,,,,,,,,,,,,,,,,,,,,,,,,,,,,,,,,,,,,,,
Portugal_Primeira_Liga,2025-2026,Gil Vicente FC,3ca3uctce3rk29scnh57clbmc,M. Elimbi,Defender,4,90,53,37,24,75,4,14,232,8,5,156,87,69,53,374,7,,24,,23,21,2,66,34,32,16,6,1,425,1,989,3,144,19,10,64,148,6,4,2,24,2,,1,1,2,14,80,835,242,625,786,8,14,1,2072,1,136,27,8,179,1022,6,866,22,32,156,1298,39,92,131,31,64,6,0,,,,,,,,,,2,,,,,,,1,,1,,,1,3,,,6,6,1,,,,,,,,,1,,,,,,,,,,,,,,,,,,,,
Portugal_Primeira_Liga,2025-2026,Gil Vicente FC,ainfqtp7r2yhe2k4esfegrthw,Espigares,Defender,48,61,25,36,16,16,2,4,127,2,3,79,34,45,24,146,3,,16,,11,10,1,18,9,9,4,,,159,,421,,70,2,,23,112,,4,1,7,,9,,,2,3,40,345,95,259,314,1,5,,790,,64,11,1,86,433,5,354,6,16,79,546,15,42,64,15,37,1,0,,,,,,,,,,,,,,1,,1,,,,,,1,,,,,,,,0,1,,,1,,,,,,,3,,,,,1,,,,,1,,1,1,,,
Portugal_Primeira_Liga,2025-2026,Gil Vicente FC,elozzhro6ct959x1z9zbpual0,M. Fernández,Midfielder,32,16,13,3,21,40,2,,36,,7,64,41,23,92,37,7,,21,,6,5,1,48,28,20,3,9,,15,2,122,,20,15,5,20,30,10,6,1,4,4,17,2,2,3,,1,90,63,29,89,2,2,,519,,5,12,13,66,122,7,90,4,20,32,212,1,2,27,14,30,2,0,,,,,,,,,,,1,,1,1,1,,1,1,,,2,,13,2,,9,9,5,1,0,1,,1,,,1,,,1,1,,,,,,1,,,,,,,,,,,
Portugal_Primeira_Liga,2025-2026,Gil Vicente FC,3p3i8f3iz2t0tqui5uihqt2zu,Santi García,Midfielder,95,116,66,50,27,138,16,3,193,5,16,363,192,171,570,184,22,,27,,24,22,2,247,126,121,7,33,,232,2,678,3,93,27,12,89,140,36,21,19,25,10,2,4,4,38,,32,537,359,198,521,8,26,46,2145,1,24,43,51,371,694,40,553,34,82,141,1263,2,10,135,27,131,5,2,,,,,,,,,,,2,,3,6,3,1,2,4,1,,31,6,64,4,,21,21,24,5,3,3,2,5,1,73,4,,,,,,,,,,2,,,,,,1,,,,,
Portugal_Primeira_Liga,2025-2026,Gil Vicente FC,ajzwef2am5u4bzfdlkr33bml0,Gil Martins,Midfielder,19,,,,1,,,,1,,,,,,2,,,,1,,,,,,,,,,,,,2,,,,,,2,,,,,,1,,,,,,2,2,,2,,,,2,,1,,,,2,,2,,,,3,,,,,,,0,,,,,,,,,,,,,,,,,,,,,,,,,,,,,,,,,,,,,,,,,,,,,,,,,,,,,,,,,
Portugal_Primeira_Liga,2025-2026,Gil Vicente FC,bxr7h7lg9c1zgjvxyaipn9d78,Gonçalo Maia,Midfielder,82,2,1,1,2,,,,,,,4,3,1,,,1,,2,,,,,2,2,,,,,,,1,,,,,,1,,,,,,2,,,,,,1,,1,1,,,,4,,1,2,,,1,,1,,,,3,,,,,,1,0,,,,,,,,,,,,,,,,,,,,,,,,,,,,,,,,,,,,,,,,,,,,,,,,,,,,,,,,,
Portugal_Primeira_Liga,2025-2026,Gil Vicente FC,azz41n9ufsp9w1ldsczwvc2dw,Gui Beleza,Midfielder,16,,,,,,,,,,,,,,,,,,,,,,,,,,,,,,,,,,,,,,,,,,,,,,,,,,,,,,,,,,,,,,,,,,,,,,,,,,,,,,,,,,,,,,,,,,,,,,,,,,,,,,,,,,,,,,,,,,,,,,,,,,,,,,,,,,,,
Portugal_Primeira_Liga,2025-2026,Gil Vicente FC,1knap4bdxaeeff47av49qgdg4,Guilherme Freitas,Midfielder,0,,,,,,,,,,,,,,,,,,,,,,,,,,,,,,,,,,,,,,,,,,,,,,,,,,,,,,,,,,,,,,,,,,,,,,,,,,,,,,,,,,,,,,,,,,,,,,,,,,,,,,,,,,,,,,,,,,,,,,,,,,,,,,,,,,,,
Portugal_Primeira_Liga,2025-2026,Gil Vicente FC,8smzjuaqx9238kylng11dgphw,Gustavo Varela,Forward,89,59,37,22,26,39,9,1,60,1,4,163,95,68,178,19,4,,26,,10,9,1,104,58,46,,7,,36,5,156,2,36,14,8,33,63,9,12,18,11,9,15,1,1,8,,3,111,73,40,109,2,5,1,1159,8,13,14,33,122,157,30,112,7,64,45,379,1,4,36,11,41,2,1,,,,,,,,,,,2,,2,6,5,,,2,3,,15,,40,1,,2,2,18,4,6,0,1,6,3,,5,,,,,,,,,,2,1,,,,,1,,,,,
Portugal_Primeira_Liga,2025-2026,Gil Vicente FC,1bpopqr7cuikh6s6sk4ij31ed,Héctor Hernández,Forward,23,12,8,4,4,10,,,4,,1,23,14,9,29,11,2,,4,,5,5,,11,6,5,2,,,12,,39,,3,4,3,4,8,1,1,4,2,2,2,,,2,,2,30,21,11,30,,1,,178,,,3,2,17,41,5,32,1,8,9,71,,,8,1,9,,1,,,,,,,,,,,1,,1,2,,,,,,,4,,1,1,,,,1,1,1,1,1,2,1,,2,,,,,,,,,,,,,,,,1,,,,,
Portugal_Primeira_Liga,2025-2026,Gil Vicente FC,6tiupunx2lj56mxvew3280duc,Hevertton Santos,Defender,20,34,22,12,22,28,3,3,63,,4,100,52,48,118,147,5,,22,,15,14,1,66,30,36,12,5,,66,1,267,,46,18,9,31,40,6,2,,8,4,14,5,5,5,4,10,197,100,114,199,6,21,68,839,,38,10,5,144,281,2,209,27,3,72,555,11,17,58,29,55,2,0,,,,,,,,,,,,,1,,,,,,1,,,,14,,,15,15,11,,,,,,,29,,,,,1,,1,,,,,,,,,,,,,,,
Portugal_Primeira_Liga,2025-2026,Gil Vicente FC,cuhq4744nzue53ay6piahgzu2,Joelson Fernandes,Forward,11,14,11,3,20,95,9,,106,,6,124,61,63,234,30,11,,20,,9,8,1,110,50,60,4,16,,11,3,182,1,58,21,9,35,50,18,4,3,10,10,10,10,8,13,1,6,152,124,42,150,9,9,6,890,1,4,18,29,121,186,7,156,18,24,30,411,3,5,61,8,25,3,0,,,,,,,,,,,2,13,2,1,1,,,1,3,2,7,,24,5,7,39,32,17,1,1,0,,1,,,1,,,,,,,,,,1,,,,,,,,,,,
Portugal_Primeira_Liga,2025-2026,Gil Vicente FC,aa43uokg23dh0ls3pgzu4b74l,Jonathan Buatu,Defender,39,112,50,62,25,39,3,10,211,10,2,178,77,101,53,384,8,3,25,3,23,20,3,66,27,39,15,3,1,267,4,1174,3,94,11,9,61,515,4,10,2,25,1,,,,1,10,52,1063,192,897,1037,10,20,,2205,3,115,21,8,124,1205,12,1089,30,37,116,1445,37,56,77,39,60,3,0,,,,,,,,,,,1,,1,1,,,2,,,,,,,3,,,,,,1,0,1,1,,,1,1,,,,,,,,,,,,,,,1,,,,,
Portugal_Primeira_Liga,2025-2026,Gil Vicente FC,19djqex4nu3lz6vw08f3fwv6x,G. Konan,Defender,3,42,20,22,25,163,3,4,308,9,11,232,107,125,380,499,10,,25,,23,20,3,190,87,103,20,14,,48,,994,3,223,38,13,150,318,14,6,6,25,2,,10,10,44,9,41,798,430,410,789,12,23,167,2218,1,68,19,24,375,1028,12,830,35,25,198,1649,34,68,170,71,130,4,0,,,,,,,,,,1,,,,,,,,,6,,,1,61,2,,43,43,49,,,,,,,28,,1,,,,,,,,,,,,,,,,,,,,
Portugal_Primeira_Liga,2025-2026,Gil Vicente FC,4xnor5gc2lnpk1siip7yj4lih,Lucão,Goalkeeper,30,3,,3,8,,,,29,1,1,4,,4,,112,,69,8,45,12,10,2,1,,1,1,,,49,,147,,11,,,58,52,,,,8,,,,,,14,32,115,20,136,124,,,,720,,4,,2,58,213,,156,,,57,283,26,54,38,19,3,,0,7,,13,,3,15,11,4,2,6,,,,,,,,,,,,,,,,,,,,,,,,,,,,,,,,,,,,,,,,1,,,,,,,
Portugal_Primeira_Liga,2025-2026,Gil Vicente FC,7owkwjtjvrehlmlic3spg47e2,Luís Esteves,Midfielder,10,44,30,14,27,270,21,,257,4,24,230,122,108,525,335,22,,27,,24,23,1,186,92,94,22,42,,193,1,1034,3,122,30,12,137,343,50,25,17,27,14,,25,6,11,2,73,845,551,413,866,23,24,4,2247,1,16,30,36,370,1141,42,939,47,37,202,1589,14,63,240,42,139,3,1,,,,,,,,,,,6,52,8,3,1,2,1,,,16,57,6,33,8,30,80,33,14,2,0,3,1,1,3,,,,,1,1,6,,,,1,3,,,,,,,1,1,,,
Portugal_Primeira_Liga,2025-2026,Gil Vicente FC,9gmf1j7ntsbe4ybmbjbxrwlxw,A. Moreira,Forward,27,13,8,5,15,60,7,1,84,,9,95,51,44,182,38,6,,15,,7,7,,82,43,39,5,10,,19,2,151,1,57,16,8,38,40,11,8,5,8,9,7,6,6,10,1,2,118,92,38,122,4,13,1,730,2,6,10,13,105,157,13,124,17,41,33,336,3,3,41,8,30,2,0,,,,,,,,,,,1,5,1,2,2,,,2,3,,4,2,30,3,,16,16,22,,2,0,,2,,,,,,,,,,,,,,,,,,,,,,,,
Portugal_Primeira_Liga,2025-2026,Gil Vicente FC,ebaganzllbxfacvobgmsu1045,Murilo de Souza,Forward,77,29,18,11,26,139,14,,283,2,27,190,110,80,595,174,3,,26,,25,22,3,161,92,69,6,26,,224,8,562,3,143,38,18,90,50,30,17,25,24,14,2,35,13,28,,21,434,350,141,435,9,13,6,2068,6,10,10,19,356,587,42,456,22,79,131,1064,5,17,193,35,114,2,1,,,,,,,,,,,4,67,4,8,1,,,7,7,18,11,2,70,2,32,97,52,33,,4,4,,8,1,,6,1,,,,4,,,,,2,4,4,,,,,,,,,
Portugal_Primeira_Liga,2025-2026,Gil Vicente FC,1s9t1oyy2k2jbhs9xueaqycq,J. Mutombo,Defender,45,,,,2,1,,,4,,,4,3,1,4,5,,,2,,,,,4,3,1,,,,1,,10,,1,2,2,3,3,,,,,,2,,,,,,6,4,2,6,,1,,38,,1,,,7,10,,6,1,1,4,17,1,2,4,,2,,0,,,,,,,,,,,,,,,,,,,,,,,1,,,,,1,,,,,,,,,,,,,,,,,,,,,,,,,,,,,
Portugal_Primeira_Liga,2025-2026,Gil Vicente FC,bvlwv6fwawqnv446zj516y4no,Pablo,Forward,9,76,43,33,13,52,6,1,42,1,7,181,95,86,154,30,9,,13,,7,7,,105,52,53,4,13,,39,5,159,1,21,13,9,23,41,14,4,13,12,10,1,,,11,,2,111,76,38,112,6,7,,955,1,12,24,31,92,162,17,114,13,41,48,335,,,34,14,48,4,6,,,,,,,,,,,1,,1,10,5,,,3,,,17,1,18,1,,,,4,9,6,4,,10,5,,6,,,,,,,,,,,3,2,1,,,2,,,,,
Portugal_Primeira_Liga,2025-2026,Gil Vicente FC,5xkkb1l7y84mwfjsytlqoep04,A. Picornell,Goalkeeper,1,,,,,,,,,,,,,,,,,,,,,,,,,,,,,,,,,,,,,,,,,,,,,,,,,,,,,,,,,,,,,,,,,,,,,,,,,,,,,,,,,,,,,,,,,,,,,,,,,,,,,,,,,,,,,,,,,,,,,,,,,,,,,,,,,,,,
Portugal_Primeira_Liga,2025-2026,Gil Vicente FC,6slgx4cq2lvj7bchhcazwq4no,Rodrigo Rodrigues,Midfielder,80,1,,1,4,,,,4,,1,11,6,5,14,6,,,4,,,,,10,6,4,1,,,3,,11,,3,1,1,1,2,,,1,,,4,,,,,,8,8,,8,,1,2,33,,1,3,3,10,11,1,8,1,2,3,28,,,3,,3,2,0,,,,,,,,,,,,,,,,,,,,,,,3,,,,,2,,,,,,,,,,,,,,,,,,,,,,,,,,,,,
Portugal_Primeira_Liga,2025-2026,Gil Vicente FC,bvfw96dg2x8xhgugho6sicu8k,B. Soyer,Forward,88,,,,,,,,,,,,,,,,,,,,,,,,,,,,,,,,,,,,,,,,,,,,,,,,,,,,,,,,,,,,,,,,,,,,,,,,,,,,,,,,,,,,,,,,,,,,,,,,,,,,,,,,,,,,,,,,,,,,,,,,,,,,,,,,,,,,
Portugal_Primeira_Liga,2025-2026,Gil Vicente FC,15bmquazuo9w1qfzwib65lwr8,A. Tchaptchet,Defender,59,,,,,,,,,,,,,,,,,,,,,,,,,,,,,,,,,,,,,,,,,,,,,,,,,,,,,,,,,,,,,,,,,,,,,,,,,,,,,,,,,,,,,,,,,,,,,,,,,,,,,,,,,,,,,,,,,,,,,,,,,,,,,,,,,,,,
Portugal_Primeira_Liga,2025-2026,Gil Vicente FC,pd5ksvrqxmxsuvfeenz0fqzu,T. Touré,Forward,7,16,12,4,11,48,6,,81,,7,79,37,42,133,23,3,,11,,8,6,2,63,25,38,,5,,8,1,133,1,49,15,11,14,56,5,6,6,6,6,5,,,14,,,110,68,44,112,4,5,6,504,3,5,7,15,65,135,12,112,9,31,23,273,,1,31,3,22,,0,,,,,,,,,,,,2,,,,,,,4,,3,,16,,1,11,10,10,1,,,,,,,,,,,,,,,,,,,,,,,,,,,,
Portugal_Primeira_Liga,2025-2026,Gil Vicente FC,avrafbh1kctz4io6h1fthedih,Weverson,Defender,26,1,1,,1,3,,,2,,,2,1,1,2,7,,,1,,,,,1,,1,,,,,,14,,1,,,1,4,,,,,,1,,,,,3,12,3,9,9,1,,1,26,,2,,,2,14,,12,1,,2,18,2,2,,2,,,0,,,,,,,,,,,,,,,,,,,,,,,,,,,,,,,,,,,,,,,,,,,,,,,,,,,,,,,,,
Portugal_Primeira_Liga,2025-2026,Gil Vicente FC,5drwrn9zmqeyo7h5zhy28mb8q,Zé Carlos I,Defender,2,57,19,38,26,93,3,5,140,5,18,193,79,114,283,357,10,,26,,19,17,2,136,60,76,28,22,,222,2,674,3,91,41,15,65,32,22,11,1,23,14,3,16,16,8,15,50,497,288,253,475,18,24,120,1943,,79,28,28,300,704,12,525,42,20,179,1222,37,70,165,48,109,5,0,,,,,,,,,,,,,,,,,2,,2,,,1,17,2,,34,34,12,,,,,,,44,,1,,,,,,,,,1,,,,,,,,,,,
Portugal_Primeira_Liga,2025-2026,Gil Vicente FC,exasml2zx1pe8runrm6oh5dsk,Zé Carlos II,Midfielder,6,30,20,10,25,90,3,1,60,,,104,52,52,105,174,10,,25,,13,11,2,74,32,42,23,5,,114,,464,1,24,14,5,67,118,5,1,,7,5,18,,,2,2,23,359,173,216,366,10,18,,960,,20,17,12,139,496,1,389,28,11,107,663,12,31,76,35,76,5,0,,,,,,,,,,,,,,,,,1,,,,10,1,8,,,4,4,2,,,,1,,,,,,,,,,,,,,,,,,,,,,,,,
Portugal_Primeira_Liga,2025-2026,Moreirense FC,4d3j3e5xrapdz0h0oj71u8jdg,Afonso Assis,Midfielder,25,21,11,10,14,62,1,1,70,,2,71,38,33,56,100,5,,14,,13,12,1,50,27,23,10,3,,129,1,359,4,23,7,2,36,88,3,,2,6,4,8,,,2,,15,307,137,190,312,4,6,,642,2,10,11,11,74,379,2,327,10,9,52,464,1,10,32,20,42,3,0,,,,,,,,,,,,,,1,,,,,,,10,,7,,,,,3,1,0,1,,1,,,1,,,,,,,,,,,,,,,,1,,,,,
Portugal_Primeira_Liga,2025-2026,Moreirense FC,2bdwdmbf1ty0nwmu6hjysupk9,Alan,Midfielder,11,19,18,1,27,188,9,3,261,4,14,192,109,83,454,251,27,,27,,32,28,4,173,91,82,4,27,,209,3,849,9,125,27,16,80,269,32,12,13,27,11,,30,6,16,,39,751,519,328,778,9,13,9,2300,1,14,35,44,293,917,25,817,22,36,100,1353,2,20,177,20,80,6,0,,,,,,,,,,,5,75,5,3,2,,,,2,18,15,4,43,7,53,97,22,17,1,2,1,,3,3,,1,,,,,6,,,,1,1,1,1,,,,,,,,,
Portugal_Primeira_Liga,2025-2026,Moreirense FC,a4rbrzom0u87sk3uc15sxndg5,André Ferreira,Goalkeeper,13,9,2,7,19,,,,32,3,,18,4,14,,321,,149,19,119,32,27,5,9,2,7,1,,,125,,407,7,5,,,148,168,,,,19,,,,,,39,89,313,42,373,326,,,,1710,,24,,9,202,614,,415,,,199,814,111,195,131,68,4,1,0,10,,50,8,7,64,45,19,15,16,,,,,,,,,,,,,,,,,,,,,,,,,,,,,,,,,8,,,,,,,2,,,,,1,1,
Portugal_Primeira_Liga,2025-2026,Moreirense FC,ah47n5k05k6kaw8812l2tu02x,Benny,Midfielder,20,15,9,6,14,49,2,,87,1,3,106,58,48,127,79,9,,14,,12,12,,91,49,42,3,4,,62,,238,4,39,26,8,45,57,5,6,8,6,4,8,2,,7,,11,177,106,82,175,5,12,7,608,,8,17,18,115,247,14,186,17,15,61,403,3,9,53,21,52,1,1,,,,,,,,,,,1,6,1,1,,,2,,2,,7,3,18,1,6,13,4,10,,1,0,,1,1,,,,,,,1,,,,,,,,,,,,,,,,
Portugal_Primeira_Liga,2025-2026,Moreirense FC,eubzxwokg6nzftjd3myxsyfv9,Caio Secco,Goalkeeper,22,2,,2,9,,,,11,4,1,5,,5,,129,,90,9,66,8,8,,3,,3,,1,,69,,134,3,1,,,79,46,1,,,9,,,,,,8,29,99,17,144,132,,1,,810,,5,,2,87,244,,161,1,,83,339,50,82,68,15,1,2,0,11,,17,2,2,26,9,16,3,1,,,,,,,,,,,,,,1,,,,,,,,,,,,,,,,,,,3,,,,,,,4,,,,,,,
Portugal_Primeira_Liga,2025-2026,Moreirense FC,3cgw9le7p3c1jiayb7m8frxpm,Dinis Pinto,Defender,76,59,29,30,23,134,3,14,189,5,7,256,113,143,283,362,7,,23,,31,27,4,197,84,113,21,11,,247,,779,9,106,40,23,60,75,16,6,6,23,6,,8,8,15,4,28,632,290,387,641,21,32,174,2013,1,93,33,46,255,818,12,669,53,39,149,1441,19,48,120,53,101,8,0,,,,,,,,,,2,6,,6,1,,,,,,,5,,32,6,,24,24,21,,1,0,,1,,24,,1,,,,,,,,,,,,,,,1,,,,,
Portugal_Primeira_Liga,2025-2026,Moreirense FC,4dhwhmlxv8j4ye08lpvfggqhg,Diogo Travassos,Defender,2,27,16,11,23,144,13,5,271,3,18,255,123,132,367,199,13,,23,,32,28,4,228,107,121,21,14,,220,5,645,7,146,53,18,89,94,17,10,9,21,6,2,11,10,32,1,25,496,266,253,483,13,34,51,1897,2,35,38,43,328,657,19,508,47,52,149,1186,13,30,153,53,119,2,1,,,,,,,,,,,3,2,3,4,3,2,2,1,3,1,15,2,54,6,,57,55,33,2,2,2,,2,3,2,1,1,,,,2,,,,1,,,,,,,,,,,,
Portugal_Primeira_Liga,2025-2026,Moreirense FC,dq41kziilg4jki9erxel9d3ze,Fabiano Souza,Defender,70,,,,1,3,,,4,,,1,,1,6,3,,,1,,,,,1,,1,,,,5,,12,,2,,,,2,,,,,,1,1,1,,,,11,9,4,12,,,5,18,,2,,1,2,13,,12,,,1,23,,,1,1,1,,0,,,,,,,,,,,,,,,,,,,,,,,,,,1,1,,,,,,,,,,,,,,,,,,,,,,,,,,,,,,
Portugal_Primeira_Liga,2025-2026,Moreirense FC,78v0oip5so79klfocih87htec,Gilberto Batista,Defender,66,47,24,23,23,60,1,17,230,3,,93,36,57,16,330,1,5,23,5,28,23,5,46,12,34,17,1,,394,1,1001,6,113,9,4,68,242,1,1,2,16,2,7,,,10,11,42,888,127,783,868,5,11,3,1483,,104,6,8,133,1026,3,910,16,7,116,1245,29,60,70,47,56,3,0,,,,,,,,,,1,,,,,,,,,,,,,5,,,1,1,3,,,,,,,2,,,1,,,,,,,,,,,,,,,,,,,
Portugal_Primeira_Liga,2025-2026,Moreirense FC,2ddu8qwrbebwt3d93xg3f4g7o,J. Gower,Midfielder,30,6,5,1,7,12,,,18,,,17,12,5,18,6,1,,7,,3,3,,11,7,4,1,,,9,2,38,,8,3,3,7,12,,,,,,7,,,1,,,30,19,12,31,1,,1,98,,,2,2,13,39,,31,1,,8,57,,2,5,3,6,,0,,,,,,,,,,,,,,,,,,,,,1,,4,,,,,2,1,,,,,,,,,,,,,,,,,,,,,,,,,,,,
Portugal_Primeira_Liga,2025-2026,Moreirense FC,aeepk6s3tnzk15rckc3nus8np,Guilherme Schettine,Forward,95,54,28,26,15,57,4,,59,,5,145,88,57,129,56,7,,15,,12,11,1,91,60,31,2,6,,51,5,206,2,24,14,7,25,54,6,7,17,14,13,1,1,1,8,,9,142,81,74,145,4,2,1,994,4,7,22,19,134,218,24,154,6,42,64,396,,5,38,29,59,1,3,,,,,,,,,,,,,1,9,9,,,2,,,24,2,32,1,,3,3,9,6,5,4,,9,5,,8,,,,,,,,,,,,,,,,2,,,,,
Portugal_Primeira_Liga,2025-2026,Moreirense FC,5v5n8dvhqf1995r4ayrjo76ui,N. John,Midfielder,23,7,7,,9,19,3,,20,,,37,25,12,29,19,6,,9,,6,5,1,30,18,12,3,1,,20,,69,,9,7,5,8,18,1,1,3,2,1,7,1,,,,1,58,27,39,64,3,2,,311,,4,9,7,24,76,4,65,5,5,11,133,,2,12,1,9,2,0,,,,,,,,,,,,1,,,,,,,,,5,,6,1,,2,2,3,,,,,,,,,,,,,,,,,,1,,,,,,,,,,,
Portugal_Primeira_Liga,2025-2026,Moreirense FC,a2v2k0ujg0d6tl9b37mskqlbe,Joel Jorquera,Forward,19,2,2,,4,5,,,6,,,11,8,3,14,2,1,,4,,,,,9,6,3,,,,1,,9,,3,,,1,2,,1,,,,4,,,,,,8,6,3,9,1,,,28,,1,1,2,8,10,1,9,1,1,1,24,,1,1,,,,0,,,,,,,,,,,,,,,,,,,,,,,5,,,,,1,,,,,,,,,,,,,,,,,,,,,,,,,,,,,
Portugal_Primeira_Liga,2025-2026,Moreirense FC,ar0fef65re8lnth2zfgutdfro,Kevyn Monteiro,Defender,4,10,2,8,6,3,,1,4,,,14,4,10,4,19,1,,6,,1,1,,4,2,2,2,,,22,,54,,1,1,1,2,11,,,,,,6,,,,,,50,10,41,51,,2,,63,,10,2,,4,55,,51,2,1,4,74,3,3,3,1,1,,0,,,,,,,,,,1,,,,,,,,,,,,,,,,,,,,,,,,,,,,,,,,,,,,,,,,,,,,,,,
Portugal_Primeira_Liga,2025-2026,Moreirense FC,7qyi7q5gfunxb6vsm35g5fw9g,Kiko,Defender,27,38,22,16,22,103,3,3,111,3,9,167,86,81,189,322,11,,22,,25,21,4,129,64,65,19,15,,31,1,649,6,61,41,23,50,239,15,4,2,19,10,3,8,8,11,5,30,510,209,350,521,11,26,123,1581,,68,27,17,234,695,6,551,37,22,144,1157,38,73,100,67,71,4,0,,,,,,,,,,,,3,,1,1,,1,,3,,4,1,20,,,23,21,17,,0,1,,1,,31,1,,,,,,,,,,,,,,,,1,,,,,
Portugal_Primeira_Liga,2025-2026,Moreirense FC,hrr3761wvgn1ayhsrrz4rf11,Kiko Bondoso,Forward,10,25,18,7,25,105,2,,174,,11,143,81,62,295,130,4,,25,,23,19,4,118,63,55,6,17,,88,5,515,4,102,19,6,72,194,20,3,1,19,15,6,7,7,6,1,10,421,279,151,413,11,10,6,1605,,12,8,28,181,517,4,423,21,35,94,724,3,6,93,23,88,,0,,,,,,,,,,,2,,3,,,,,,2,,21,1,36,4,,22,22,23,,,,,,,1,,,,,,,,,,1,,,,,,,,,,,,
Portugal_Primeira_Liga,2025-2026,Moreirense FC,5r77c92sjgkfvx5h4vdcqpixg,Landerson,Forward,78,13,9,4,24,97,6,1,156,,10,159,97,62,212,60,6,,24,,22,20,2,146,88,58,6,10,,36,3,279,5,83,16,8,63,90,12,3,,10,7,14,2,2,11,,7,236,141,101,233,7,8,2,1035,1,7,13,32,157,283,3,240,15,34,43,507,4,7,40,12,36,2,0,,,,,,,,,,,2,,2,,,,3,,1,,5,,66,2,,9,9,40,1,,,,,,,,1,,,,,,,,,2,,,,,,,,,,,
Portugal_Primeira_Liga,2025-2026,Moreirense FC,1orxuwwmw6m5647h08t6ym3o4,Leandro Santos,Defender,71,4,3,1,5,20,,7,36,,2,30,13,17,25,28,1,,5,,2,1,1,26,10,16,3,1,1,21,,71,,23,4,2,7,3,1,,,2,2,3,1,1,8,1,1,55,22,35,55,1,5,14,199,,7,2,2,32,72,,56,6,4,16,143,4,5,15,5,11,1,0,,,,,,,,,,,,,,,,,,,,,,1,3,,,4,4,2,,,,,,,6,,,,,,,,,,,,,,,,,,,,,,
Portugal_Primeira_Liga,2025-2026,Moreirense FC,c5j4fqwnf17uljbw8gp81kb2s,Luís Semedo,Forward,9,63,37,26,17,64,3,1,41,,,129,74,55,105,27,4,,17,,12,10,2,66,37,29,2,7,,39,3,169,2,15,6,3,19,43,7,10,5,8,2,9,,,6,,2,128,77,55,130,,4,,897,2,9,12,19,87,173,15,132,4,21,41,297,2,3,24,17,38,,0,,,,,,,,,,,,,,2,2,,,,1,,26,,21,1,,,,6,6,1,1,,2,2,,2,,,,,,,,,,,,,,,,,,,,,
Portugal_Primeira_Liga,2025-2026,Moreirense FC,19mq6gsvnfvnzugpbfwniqj1l,Maracás,Defender,26,109,42,67,25,75,,17,199,6,,195,81,114,26,390,16,29,25,34,33,29,4,86,39,47,20,2,3,387,2,1402,7,83,17,10,94,613,2,2,3,25,2,,,,2,4,61,1262,150,1164,1253,10,24,,2234,1,168,27,12,167,1465,5,1314,34,15,151,1784,50,88,90,62,63,8,2,,,5,,,,,,,1,,,,3,,1,,,,,1,,6,,,1,1,1,1,2,1,,2,1,,1,1,,,1,,1,,,,,,,,,,2,,,,,
Portugal_Primeira_Liga,2025-2026,Moreirense FC,24kvkxawmb3qmrkr0jpd710yc,Maranhão,Forward,99,50,31,19,15,33,1,5,29,,1,107,64,43,70,18,6,,15,,12,10,2,57,33,24,,3,,38,1,104,5,10,3,1,12,21,4,6,5,5,4,10,,,2,1,4,76,41,41,78,1,1,,548,8,5,22,20,67,110,11,82,2,24,28,203,,1,25,6,27,4,1,,,,,,,,,,,1,,1,1,1,,4,,,,9,,13,1,,3,3,5,3,1,0,,1,1,,1,1,,,,,,,,,2,,,,,,,,,,,
Portugal_Primeira_Liga,2025-2026,Moreirense FC,9g6ffgppmbem1n83z64vsj7it,Marcelo,Defender,44,46,15,31,12,26,3,13,94,3,2,94,37,57,21,192,7,10,12,10,14,14,,48,22,26,14,,1,253,,532,6,44,9,4,22,98,,2,2,11,1,1,,,,4,27,443,82,397,452,5,6,,959,2,102,16,15,94,569,4,479,11,16,90,752,29,54,58,32,36,5,1,,,,,,,,,,1,,,,1,,,1,,,,1,,,,,,,,,1,0,,1,,,1,2,1,,,,,,,,1,,,,,,1,,,,,
Portugal_Primeira_Liga,2025-2026,Moreirense FC,djossd2t3ztlhxg6qt5rzw650,Álvaro Martínez,Defender,17,11,8,3,14,75,,,77,2,7,59,30,29,112,183,3,,14,,11,10,1,48,22,26,6,7,,29,,458,3,32,13,5,36,196,7,,,9,5,5,9,7,4,4,18,388,127,294,394,5,7,64,785,,28,15,10,121,483,,412,12,4,71,684,20,35,65,34,36,1,0,,,,,,,,,,,,10,,,,,1,,1,1,3,,7,1,6,28,20,5,,,,,,,9,,1,,1,1,,,,,,,,,,,,,,,,,
Portugal_Primeira_Liga,2025-2026,Moreirense FC,f5eogtrmxxs4dkltfuki4mfx0,Michel,Defender,3,9,3,6,4,13,,3,54,,,20,9,11,4,67,2,3,4,3,6,5,1,11,6,5,4,,,95,,214,1,34,4,3,10,49,,,,3,1,1,,,,1,6,201,49,161,204,1,1,,301,,20,2,3,19,224,,210,2,3,14,267,4,9,10,4,5,1,0,,,,,,,,,,,,,,,,,,,,,,,3,,,,,1,,,,,,,,,1,,,,,,,,,,,,,,,,,,,,
Portugal_Primeira_Liga,2025-2026,Moreirense FC,b81msnt7v6yy09wbzy6m5dkic,Miguel Silva,Midfielder,6,,,,1,1,,1,2,,,1,1,,1,,,,1,,,,,1,1,,,,,2,,6,,1,,,2,3,,,,,,1,,,,,,6,1,5,6,,,,3,,,1,,,6,,6,,,,8,,,,,,1,0,,,,,,,,,,,,,,,,,,,,,,,,,,,,,,,,,,,,,,,,,,,,,,,,,,,,,,,,,
Portugal_Primeira_Liga,2025-2026,Moreirense FC,1wfv3kr6x72sqza67pn5ogq8l,Mika,Goalkeeper,16,,,,,,,,,,,,,,,,,,,,,,,,,,,,,,,,,,,,,,,,,,,,,,,,,,,,,,,,,,,,,,,,,,,,,,,,,,,,,,,,,,,,,,,,,,,,,,,,,,,,,,,,,,,,,,,,,,,,,,,,,,,,,,,,,,,,
Portugal_Primeira_Liga,2025-2026,Moreirense FC,26t2dvwvx2wqzf5hj59ws5all,L. Ofori,Midfielder,80,3,3,,9,17,2,2,40,1,,38,17,21,42,39,3,,9,,8,8,,35,14,21,2,6,,44,,142,2,16,7,5,25,42,7,1,,7,4,2,,,5,1,6,119,65,54,113,4,6,,533,1,4,6,6,47,142,1,119,10,5,23,215,5,9,17,9,14,1,0,,,,,,,,,,,1,,1,,,,,,1,,2,,6,1,,3,3,1,,,,,,,,,,,,,,,,,,,,,,,,,,,,,
Portugal_Primeira_Liga,2025-2026,Moreirense FC,fwjwegjstc3k5oj7ywlm702c,Rodri Alonso,Midfielder,21,16,8,8,21,102,3,2,96,1,4,108,63,45,128,126,9,,21,,16,13,3,92,55,37,5,7,,110,,435,3,38,27,12,53,109,9,1,3,12,11,9,1,1,4,1,13,369,185,197,368,12,6,3,1053,,13,24,16,112,447,4,381,18,20,66,592,4,8,58,16,58,3,0,,,,,,,,,,,2,,2,2,2,1,1,,,,18,1,21,2,,8,8,10,5,0,2,,1,2,,1,,,,,,,,,,,,,,,,,,,,,
Portugal_Primeira_Liga,2025-2026,Moreirense FC,5vbc6uabic0rs1q02sgx9e0b8,M. Stjepanović,Midfielder,8,45,32,13,27,195,3,5,181,6,2,117,74,43,116,331,12,,27,,31,27,4,72,42,30,17,6,,294,,1037,8,51,20,4,82,274,5,7,4,24,6,3,1,1,2,9,66,873,341,586,860,8,13,2,2063,,52,22,8,203,1094,11,926,21,10,168,1287,41,63,104,69,105,6,1,,,,,,,,,,,,,,1,1,1,,,,,33,1,7,2,,5,5,3,2,0,1,,,1,5,,1,,,,,,,,,1,,,,,,,,,,,
Portugal_Primeira_Liga,2025-2026,Moreirense FC,2fyd00wttr75lctw5vej1v3vu,Cedric Teguia,Forward,7,22,13,9,16,55,4,,61,1,6,77,40,37,124,62,5,,16,,9,8,1,55,27,28,10,10,,81,,212,4,29,19,9,32,23,10,3,2,9,6,7,3,2,7,1,9,162,99,75,162,6,6,,732,2,18,10,9,100,221,5,171,12,12,50,358,5,9,59,14,41,1,0,,,,,,,,,,,,6,,,,,1,,2,,5,2,8,1,2,23,20,5,1,,,,,,,,,,,,,,,,,,,,,,,,,,,,
Portugal_Primeira_Liga,2025-2026,Moreirense FC,96kibwvvzzkwi13pmo0j7jnu2,Vasco Sousa,Midfielder,15,6,4,2,9,44,2,3,38,,,57,29,28,48,48,10,,9,,9,8,1,51,25,26,7,6,,45,1,184,2,15,7,2,42,53,6,3,3,6,5,3,1,1,3,,5,164,79,92,165,3,4,1,462,,5,15,16,46,190,6,170,7,9,20,274,2,2,16,5,18,2,0,,,,,,,,,,,,,,1,1,,1,1,,,6,2,8,,,1,1,5,1,0,1,,1,,,1,1,,1,1,,,,,,,,,,,,,,,,,
Portugal_Primeira_Liga,2025-2026,Rio Ave FC,3t5uimhk4o7nwccz03ioxyicq,N. Abbey,Defender,6,30,16,14,21,145,3,9,243,,4,97,43,54,97,297,4,,21,,37,35,2,67,27,40,20,6,1,130,,860,1,112,26,9,90,324,7,,,19,6,2,3,3,4,2,15,737,228,547,757,8,21,35,1679,,80,9,7,175,896,,772,29,7,124,1180,30,58,93,38,66,4,0,,,,,,,,,,1,1,,1,,,,1,,,,,,14,2,,7,7,4,,,,,,,15,,1,1,,,,,,,,,,,,,,,,,,,
Portugal_Primeira_Liga,2025-2026,Rio Ave FC,dszuj3a23wso9ffm3w6mp4qy2,B. Aguilera,Midfielder,10,18,10,8,19,111,3,,164,,9,147,68,79,161,179,12,,19,,24,24,,129,58,71,14,15,,174,,592,2,75,21,9,78,170,15,6,5,17,12,2,9,,14,2,24,496,264,277,508,5,10,,1377,,21,18,42,192,634,11,532,15,10,102,883,13,35,106,28,67,4,1,,,,,,,,,,,,32,,1,,1,,1,1,6,15,2,28,2,20,32,8,13,,1,0,,,,,,,,,,5,,,,,,,,,,,,1,1,,,
Portugal_Primeira_Liga,2025-2026,Rio Ave FC,1qva22ouiudjynfrfoeduq9sk,André Luiz,Forward,11,32,23,9,19,84,9,3,234,1,17,236,122,114,329,52,3,1,19,1,28,28,,204,99,105,2,16,,91,4,261,2,154,33,17,60,42,20,15,20,17,11,2,2,2,31,,2,203,132,80,208,14,12,4,1500,9,11,11,49,240,269,35,210,26,91,59,692,3,5,64,16,54,3,0,,,,,,,,,,,5,,5,7,7,1,2,5,12,,10,3,79,5,,21,21,51,,3,4,2,6,2,,6,,,,,,,,,,2,,,,,,,,,,,
Portugal_Primeira_Liga,2025-2026,Rio Ave FC,czxjhy0u4qilxxjp472rqk0lw,N. Athanasiou,Defender,3,17,7,10,17,117,3,1,130,1,6,109,44,65,177,178,8,,17,,27,27,,92,37,55,10,16,,16,1,480,2,87,36,13,52,201,17,3,,15,7,2,15,11,10,7,37,371,172,239,359,10,14,82,1313,,30,13,23,188,512,3,396,24,7,116,825,33,47,105,54,69,1,0,,,,,,,,,,,1,13,1,,,,,,1,4,,1,10,4,6,43,36,10,,,,,,,7,,,,,,,,,,,,,,,,,,,,,,
Portugal_Primeira_Liga,2025-2026,Rio Ave FC,m873bnxdygeujjam2tv4pel0,T. Bakoulas,Midfielder,8,5,3,2,3,14,,1,11,,1,25,15,10,17,12,3,,3,,3,2,1,20,12,8,,2,,18,,52,,3,2,1,9,14,2,,,2,1,1,,,1,,1,48,23,31,53,1,3,,158,,3,6,3,15,58,,54,4,3,4,85,,1,3,2,3,,0,,,,,,,,,,,,,,,,,,,,,,1,5,,,1,1,1,,,,,,,,,,,,,,,,,,,,,,,,,,,,,
Portugal_Primeira_Liga,2025-2026,Rio Ave FC,846tbctevdy65ylth8k0o915g,Jalen Blesa,Forward,11,36,16,20,8,37,1,1,40,,,80,40,40,112,30,2,,8,,9,6,3,44,24,20,4,4,,32,2,124,,21,9,5,20,40,4,3,8,7,4,1,,,6,,1,84,63,35,97,3,6,3,627,3,4,8,7,84,139,11,98,9,29,41,249,,1,33,11,40,1,3,,,,,,,,,,,,,,6,5,1,,1,2,,1,,14,1,,3,3,7,2,4,2,,5,4,,5,,,,,,,,,,2,1,1,,,,1,,,,,
Portugal_Primeira_Liga,2025-2026,Rio Ave FC,b1ocx3l7d0ksd590093b88yj9,J. Brabec,Defender,32,49,25,24,20,42,1,26,202,3,,94,44,50,15,259,9,3,20,3,33,29,4,45,19,26,22,3,1,374,1,906,1,80,12,7,49,267,3,3,1,19,,1,,,1,6,36,828,165,699,828,8,14,,1755,,116,11,3,88,942,4,864,22,10,78,1174,22,42,44,36,36,3,0,,,,,,,,,,1,,,,1,,,,,,,,,,1,,2,2,,,0,1,,1,,,1,,1,,,,,,,,,,,,,,1,,,,,
Portugal_Primeira_Liga,2025-2026,Rio Ave FC,cb8o8l688w6ozwhklub9ftxbd,K. Chamorro,Goalkeeper,22,3,,3,3,,,,4,,,3,,3,,38,,31,3,21,8,7,1,,,,,,,18,,47,,2,,,26,23,,,,3,,,,,,4,8,33,4,51,47,,,,270,,2,,,24,79,,55,,,24,111,15,24,17,7,,,0,4,,6,1,1,9,4,5,3,2,,,,,,,,,,,,,,,,,,,,,,,,,,,,,,,,,,,,,,,,,,,,,,,
Portugal_Primeira_Liga,2025-2026,Rio Ave FC,edk9jemtelz51uoob4quyd4kq,Clayton,Forward,9,59,36,23,19,82,11,5,93,,7,220,131,89,189,40,12,,19,,32,30,2,161,95,66,2,7,,42,23,171,2,55,10,4,35,55,11,9,23,18,7,1,1,1,6,,7,125,97,77,166,1,2,1,1600,7,20,43,58,152,219,32,173,3,62,46,508,2,4,43,7,42,6,1,,,,,,,,,,,4,,4,10,7,,2,,4,,17,4,50,6,,4,4,22,2,5,5,1,10,8,1,8,,,,1,,1,,,,1,3,2,,,,2,,,,,
Portugal_Primeira_Liga,2025-2026,Rio Ave FC,69dpsk0py5jd6hai3vm27z2fo,Diogo Bezerra,Forward,7,6,5,1,11,46,5,2,119,2,14,109,61,48,270,40,4,,11,,11,7,4,103,56,47,6,13,,42,2,166,,63,12,5,32,51,14,5,5,8,3,3,18,4,19,,6,124,125,28,129,4,4,19,760,3,2,7,20,182,179,10,135,8,13,44,457,2,12,94,7,32,1,0,,,,,,,,,,,1,43,1,,,,,,6,9,2,2,43,3,27,57,22,25,,,,,,,1,,,,,,3,,,,,1,1,,1,,,,,,,,
Portugal_Primeira_Liga,2025-2026,Rio Ave FC,86vljyutefh7yr3r9awcghh49,Marc Gual,Forward,28,9,8,1,10,15,3,,13,,2,26,15,11,20,9,1,,10,,3,2,1,17,7,10,,1,,11,1,53,,9,6,4,4,19,1,1,,1,1,9,,,2,,,40,27,14,41,3,1,,153,,3,4,4,26,54,1,41,4,6,13,90,2,3,9,6,10,,0,,,,,,,,,,,,,,,,,,,,,3,,3,,,2,2,2,,,,,,,1,,,,,,,,,,,,,,,,,,,,,,
Portugal_Primeira_Liga,2025-2026,Rio Ave FC,9tg2ugyo8h1tsuy5974rf7310,Gustavo Mancha,Defender,39,9,4,5,8,34,1,1,131,2,,31,14,17,8,173,5,8,8,8,10,7,3,22,10,12,9,2,,87,,466,,63,9,6,37,193,2,,,8,,,,,,8,36,393,112,301,377,5,3,2,720,,45,8,5,80,487,,413,8,4,74,586,18,49,52,23,25,2,0,,,,,,,,,,,,,,,,,,,,,,1,1,,,1,1,1,,,,,,,,,,,,,,,,,,,,,,,,,,,,,
Portugal_Primeira_Liga,2025-2026,Rio Ave FC,9kvoxdbnb5kt2dzy7kr0s7v11,João Graça,Midfielder,21,1,,1,8,14,,,20,,,8,3,5,15,11,,,8,,1,1,,7,3,4,1,3,,17,,53,,9,2,2,5,11,3,,,,,8,,,3,,1,49,25,24,48,,,1,59,,,,1,13,53,,49,,1,4,70,,1,5,,3,1,0,,,,,,,,,,,,,,,,,,,,,,2,3,,,1,1,1,,,,,,,,,,,,,,,,,,,,,,,,,,,,,
Portugal_Primeira_Liga,2025-2026,Rio Ave FC,vtr68ap636b06t0b8d37oxxx,João Novais,Midfielder,7,3,2,1,2,2,1,,7,,1,11,8,3,11,4,1,,2,,2,1,1,8,6,2,,1,,8,,21,,4,,,2,8,1,,2,,,2,1,,1,1,1,19,16,5,19,,1,,44,,2,2,,7,22,2,20,1,,2,35,,,5,,2,1,0,,,,,,,,,,,,3,,,,,,,,1,,1,2,,2,3,,1,,,,,,,,,,,,,2,,,,,,,,,,,,,,,,
Portugal_Primeira_Liga,2025-2026,Rio Ave FC,crevpzzdavm7thf4a3ifw5kdm,João Tomé,Defender,20,25,12,13,14,50,,3,62,,6,79,45,34,85,85,6,,14,,11,11,,54,33,21,8,3,,66,,203,,43,19,9,22,6,3,1,2,5,2,9,3,3,7,2,12,154,68,93,146,2,7,38,522,1,27,12,5,97,207,3,158,9,5,49,392,10,17,50,18,32,2,0,,,,,,,,,,1,,,,,,,,,,,,,10,1,,19,19,7,,,,,,,8,,,,,,,,,,,,,,,,,,,,,,
Portugal_Primeira_Liga,2025-2026,Rio Ave FC,ar0g6o07dm7nwcf2dyzux8ay2,Leonardo Buta,Defender,24,1,1,,2,,,,,,,4,2,2,1,2,,,2,,1,1,,3,1,2,,,,1,,3,,,1,,,,,,,,,2,,,,,,1,1,,1,,1,,7,,1,,1,2,3,,1,1,,2,9,,1,2,,1,,0,,,,,,,,,,,,,,,,,,,,,,,,,,,,,,,,,,,,,,,,,,,,,,,,,,,,,,,,,
Portugal_Primeira_Liga,2025-2026,Rio Ave FC,761rlv533gduv62g6ai82lv1m,G. Liavas,Midfielder,54,15,10,5,22,62,,5,74,,,78,39,39,57,107,8,,22,,25,23,2,63,29,34,8,3,,122,,383,1,30,10,8,35,103,4,2,1,6,5,16,1,,5,,12,329,145,196,328,14,12,6,775,,17,12,3,80,394,3,340,26,,54,523,13,18,37,26,36,2,0,,,,,,,,,,,,4,1,,,,,,,,5,,8,1,3,9,3,3,,,,,,,1,,,,,,,,,,,,,,,,,,,,,,
Portugal_Primeira_Liga,2025-2026,Rio Ave FC,54dlh5wx66prdzamwbojtpfys,J. Lomboto,Defender,63,7,3,4,6,6,,2,14,,,18,8,10,1,31,2,3,6,3,7,7,,11,5,6,3,1,,54,,116,1,8,2,1,7,36,1,,,3,3,3,,,,1,3,109,21,98,116,,2,,219,,21,4,4,10,127,,119,2,,8,163,2,5,5,3,3,1,0,,,,,,,,,,,,,,,,,,,,,,,1,,,,,1,,,,,,,,,,,,,,,,,,,,,,,,,,,,,
Portugal_Primeira_Liga,2025-2026,Rio Ave FC,5f548hq6qpgk5mxvecxdv9o9g,T. Medina,Midfielder,27,,,,1,2,,,,,,4,1,3,3,1,,,1,,,,,4,1,3,,,,,,6,,,1,1,3,3,,,,,,1,,,,,,5,3,2,5,,1,,11,,1,,2,1,6,,5,1,1,1,11,,,1,,1,,0,,,,,,,,,,,,,,,,,,,,,,,,,,,,,,,,,,,,,,,,,,,,,,,,,,,,,,,,,
Portugal_Primeira_Liga,2025-2026,Rio Ave FC,cd6l176fmei1qgylqbf0btg8a,T. Nikitscher,Midfielder,44,28,6,22,21,77,2,4,94,1,2,128,56,72,88,96,8,,21,,16,12,4,100,50,50,25,3,1,133,1,429,,29,16,8,59,139,4,4,1,10,5,11,1,1,5,,11,381,160,238,386,18,10,1,933,1,29,23,17,81,445,5,397,28,10,48,621,4,10,36,15,38,2,0,,,,,,,,,,,,,1,,,,1,,,,9,,16,,,3,3,5,,,,,,,,,,,,1,,1,,,,,,,,,,,,,,,
Portugal_Primeira_Liga,2025-2026,Rio Ave FC,15dfrmbjnn30n6bjpfdhy117u,A. Ntoi,Defender,5,68,27,41,25,105,9,14,137,3,6,221,116,105,150,264,21,1,25,1,36,32,4,153,89,64,17,8,,219,,743,2,65,34,24,85,190,10,5,2,23,10,2,,,14,5,35,592,263,363,591,11,19,,1969,1,55,38,21,218,778,7,626,30,25,152,1077,20,54,113,40,98,7,0,,,,,,,,,,,,,2,,,,1,,6,,9,2,35,,,1,1,15,1,,,,,,,,,,,,,,,,,1,,,,,1,,,,,,
Portugal_Primeira_Liga,2025-2026,Rio Ave FC,26gkn2dugfu5ae008tjjv51bd,J. Panzo,Defender,4,34,10,24,14,51,2,15,188,2,2,82,34,48,18,165,4,5,14,5,15,14,1,48,24,24,16,1,,176,,607,1,91,9,9,37,236,1,2,1,13,1,1,,,1,3,23,559,95,485,557,8,12,1,1095,1,101,18,3,59,628,3,580,20,7,48,828,11,18,25,24,30,3,0,,,,,,,,,,,,,,,,,,,,,,,3,,,1,1,1,,,,,,,,,,,1,1,,,,,,,,,,,,,,,,,
Portugal_Primeira_Liga,2025-2026,Rio Ave FC,1vmwai6smmrb1hvur7ses3sb8,A. Papakanellos,Midfielder,19,7,5,2,16,34,4,1,54,,4,67,42,25,87,40,3,,16,,10,8,2,60,37,23,2,1,,29,,140,,25,9,5,17,39,1,1,,2,2,14,2,2,8,,2,106,71,39,106,4,6,2,355,,5,9,5,81,142,1,108,10,16,34,250,,3,34,7,31,1,0,,,,,,,,,,,,1,,,,,1,,3,,2,2,24,,,7,7,12,,,,,,,,,,,,,,,,,,,,,,,,,,,,,
Portugal_Primeira_Liga,2025-2026,Rio Ave FC,66hmc4980m6tyeqvzc6w8ulm1,Alfonso Pastor,Goalkeeper,29,,,,,,,,,,,,,,,,,,,,,,,,,,,,,,,,,,,,,,,,,,,,,,,,,,,,,,,,,,,,,,,,,,,,,,,,,,,,,,,,,,,,,,,,,,,,,,,,,,,,,,,,,,,,,,,,,,,,,,,,,,,,,,,,,,,,
Portugal_Primeira_Liga,2025-2026,Rio Ave FC,5mkvjxxs4ij4ppkmzqblqkh9m,C. Miszta,Goalkeeper,1,3,,3,17,,,,52,2,,9,3,6,,319,1,197,17,172,30,29,1,6,3,3,,,,105,,325,2,11,,,142,134,,,,17,,,,,,38,118,217,59,315,256,,,,1530,,24,1,4,191,558,,374,,,184,754,114,180,127,57,4,6,0,10,1,51,7,14,67,48,19,17,14,,,,,,,,,,,,,,,,,,,1,,,,,,,,1,,,,,,2,2,,,,,,1,,,,,,,
Portugal_Primeira_Liga,2025-2026,Rio Ave FC,1ikn6ky7wi06swbwfegv7w1gq,F. Petrasso,Defender,23,22,7,15,20,42,1,9,120,1,1,76,29,47,18,261,7,,20,,26,25,1,54,22,32,5,2,,275,2,627,1,66,11,4,34,81,2,1,1,16,6,4,,,7,9,38,535,98,463,523,7,12,1,1294,,77,16,6,107,659,2,561,19,6,98,821,33,63,67,32,35,5,0,,,,,,,,,,3,,,,,,,,,,,,2,4,1,,1,1,1,,,,,,,1,,,3,,,,,,,,,,,,,,,,,,,
Portugal_Primeira_Liga,2025-2026,Rio Ave FC,vgvhxmqjvf4g34bd2ebja44q,O. Pohlmann,Midfielder,80,23,12,11,26,147,7,,129,,8,157,85,72,239,86,8,,26,,25,23,2,134,73,61,9,14,,81,1,411,1,70,20,8,56,112,15,9,5,17,15,9,6,,16,,11,359,205,175,363,7,14,5,1466,1,14,15,25,154,426,14,374,21,35,52,683,4,8,60,15,44,2,0,,,,,,,,,,,1,20,1,,,,1,,2,4,32,,45,3,15,23,5,26,3,,,1,,,1,,,,,,3,,,,,3,,,,,,,,,,,
Portugal_Primeira_Liga,2025-2026,Rio Ave FC,2619ynjrn33i0zb7f1ldssh78,Rafael Lobato,Forward,25,,,,,,,,,,,,,,,,,,,,,,,,,,,,,,,,,,,,,,,,,,,,,,,,,,,,,,,,,,,,,,,,,,,,,,,,,,,,,,,,,,,,,,,,,,,,,,,,,,,,,,,,,,,,,,,,,,,,,,,,,,,,,,,,,,,,
Portugal_Primeira_Liga,2025-2026,Rio Ave FC,adanuzztvgemcbqa2xwupdcdl,O. Richards,Defender,77,11,6,5,10,50,,1,55,,1,44,18,26,62,83,2,,10,,8,5,3,33,12,21,11,4,,12,,202,,29,13,5,27,66,4,1,1,7,6,3,1,1,2,,6,162,75,96,164,2,7,38,573,,15,6,10,65,211,2,170,9,2,41,344,15,21,31,19,20,2,0,,,,,,,,,,,,,,,,,,,1,,,1,6,,,9,9,4,1,,,,,,3,,,,,,,,,,,,,,,,,,,,,,
Portugal_Primeira_Liga,2025-2026,Rio Ave FC,aryyav1yjf2u0s1tbky9nyas4,Ryan Guilherme,Midfielder,8,9,,9,7,20,1,1,37,,2,36,14,22,41,26,1,,7,,1,1,,27,14,13,3,5,,25,,98,,17,3,1,11,31,5,2,1,,,7,,,6,,1,82,49,37,85,1,2,,146,1,2,2,4,27,102,3,86,3,2,16,143,1,1,15,2,15,1,0,,,,,,,,,,,,,,,,,,,,,,,8,,,1,1,4,,,,,,,,,,,,,,,,,,,,,,,,,,,,,
Portugal_Primeira_Liga,2025-2026,Rio Ave FC,2wbvg562g7b0n0qs0olc1mk89,D. Špikić,Forward,18,28,19,9,24,97,7,,141,,8,183,112,71,240,80,15,,24,,30,27,3,155,93,62,12,17,,63,1,324,,91,22,13,55,85,20,6,7,18,18,6,3,3,15,2,11,252,167,89,242,7,18,10,1370,1,10,31,22,182,325,13,253,25,44,72,602,5,15,68,19,57,1,1,,,,,,,,,,,3,,3,2,2,,1,,1,,10,1,46,5,,15,15,23,,1,1,,2,2,,2,,,,,,,,,,1,,,,,,,,,,,
Portugal_Primeira_Liga,2025-2026,Rio Ave FC,74borurvg4wjm2mut03ryyzh0,L. Talla,Midfielder,71,,,,,,,,,,,,,,,,,,,,,,,,,,,,,,,,,,,,,,,,,,,,,,,,,,,,,,,,,,,,,,,,,,,,,,,,,,,,,,,,,,,,,,,,,,,,,,,,,,,,,,,,,,,,,,,,,,,,,,,,,,,,,,,,,,,,
Portugal_Primeira_Liga,2025-2026,Rio Ave FC,6wz9pjhkwz4iprotyn6gyb9ck,Tamble Monteiro,Forward,9,27,14,13,7,18,2,1,28,1,2,53,29,24,56,15,6,,7,,3,1,2,26,15,11,1,,,13,,62,,12,2,1,10,20,,2,3,3,1,4,,,1,,2,43,30,17,45,,,,312,1,4,7,10,45,66,5,47,,15,19,126,,,20,2,19,2,0,,,,,,,,,,,,,,,,,,,,,8,,7,,,3,3,3,1,,,,,,,,,,,,,,,,,,,,,,,,,,,,
Portugal_Primeira_Liga,2025-2026,Rio Ave FC,c86oxcau076lijy7b1nglalm1,M. Vrousai,Forward,17,51,24,27,26,178,15,9,264,2,16,286,126,160,399,364,24,,26,,37,32,5,235,102,133,47,23,,319,,920,1,150,40,18,138,90,23,9,18,25,7,1,8,6,31,7,40,699,330,404,686,24,46,171,2115,1,72,32,32,364,951,27,726,70,54,225,1639,29,70,202,62,155,3,1,,,,,,,,,,1,1,3,1,1,1,,,,3,1,4,6,42,4,1,39,35,24,1,0,1,,1,1,15,,,1,,1,3,1,,,,1,,,,,,,,,,,
Portugal_Primeira_Liga,2025-2026,Rio Ave FC,49s1v16s1d6jcesw3j26dtbtg,K. Zoabi,Forward,14,2,1,1,5,7,,,3,,,16,11,5,6,4,1,,5,,1,1,,14,10,4,,2,,4,,18,,1,,,3,4,2,1,,1,1,4,,,,,1,14,10,5,14,,2,,92,,1,6,2,10,19,1,15,2,1,4,33,,,2,2,4,2,0,,,,,,,,,,,,,,,,,1,,,,1,,4,,,,,1,1,,,,,,,,,,,,,,,,,,,,,,,,,,,,
Portugal_Primeira_Liga,2025-2026,Rio Ave FC,d7usri5fwyn96j26nyuwr2p04,E. da Silva Moreira,Forward,2,4,3,1,3,6,,,5,,,15,8,7,14,7,,,3,,2,2,,11,5,6,4,,,19,,31,1,4,1,,4,1,,,1,,,3,,,,1,2,25,14,13,25,1,2,9,70,,5,1,3,12,33,1,27,3,1,6,64,,,5,1,6,,0,,,,,,,,,,,,,,,,,,,1,,,,4,,,,,4,,,,,,,,,,,,,,,,,,,,,,,,,,,,,
Portugal_Primeira_Liga,2025-2026,Rio Ave FC,1du03mqsc0o6i4e64n7pzr6ui,E. van der Gouw,Goalkeeper,99,3,,3,8,,,,50,2,,3,,3,,126,,70,8,45,10,7,3,,,,,,,74,,210,,29,1,,67,81,,,,8,,,,,,10,37,169,24,185,172,,,,720,,10,,,73,281,,209,,,72,366,39,72,56,16,,1,0,7,,17,2,6,21,9,11,7,2,,,,,,,,,,,,,,,,,,,,,,,,,,,,,,,,,,,,,,,,1,,,,,,,
Portugal_Primeira_Liga,2025-2026,SL Benfica,2z9h8lozjzxk4ah6ysho9hotl,K. Aktürkoğlu,Forward,7,,,,1,,,,8,,,1,,1,8,5,,,1,,,,,1,,1,,1,,,,7,,5,,,1,2,1,,1,,,1,1,,,,,6,6,1,6,,,,23,,,,1,5,7,1,6,,2,1,14,,,2,1,1,,0,,,,,,,,,,,,2,,,,,,,,1,,,,,1,2,1,,,,,,,,,,,,,,,,,,,,,,,,,,,,,,
Portugal_Primeira_Liga,2025-2026,SL Benfica,2p86mzr8qnu9iy01fusvovf56,António Silva,Defender,4,88,38,50,20,37,4,7,306,6,2,159,66,93,113,404,5,1,20,1,12,11,1,71,28,43,18,9,1,453,,1034,1,191,15,9,52,180,9,2,3,16,1,4,3,3,3,8,75,914,438,515,875,10,14,7,1486,1,74,21,16,139,1074,5,950,24,23,124,1289,19,60,86,40,64,5,0,,,,,,,,,,1,,,,1,,,3,,,,,1,5,,,2,2,2,,0,1,,1,,,,2,1,,,,,,,,,,,,,,1,,,,,
Portugal_Primeira_Liga,2025-2026,SL Benfica,86xoyt0tmxshbypquf8tgkwlw,Anísio Cabral,Forward,72,4,1,3,6,4,,,4,,,12,6,6,29,3,,,6,,,,,8,5,3,,1,,6,,21,,3,,,1,8,1,2,4,,,6,1,1,1,,,17,16,2,17,,,,43,,,1,2,10,21,6,17,,11,4,40,,,4,,4,,1,,,,,,,,,,,,,,2,2,,,,,,3,,4,,,,,1,,2,0,,2,,,,,,,,,,,,,,,,,,,2,,,,,
Portugal_Primeira_Liga,2025-2026,SL Benfica,4dh4ws8ehn6uywozt6ygczs2d,F. Aursnes,Midfielder,8,48,25,23,22,180,7,2,243,9,10,177,88,89,534,304,13,,22,,11,10,1,129,63,66,20,36,,320,2,1020,1,125,35,15,99,237,39,12,7,21,3,1,21,12,11,2,36,881,615,303,861,18,25,46,1842,3,18,20,12,242,1041,19,897,43,50,144,1395,15,39,171,24,105,1,0,,,,,,,,,,,3,29,3,3,3,2,,,2,7,18,4,22,5,19,51,26,9,1,1,2,,1,3,1,1,,,,,,,,,,,,,,,,,,,,,
Portugal_Primeira_Liga,2025-2026,SL Benfica,9j0v9bomstpbku7nnmqp8n7c9,A. Bah,Defender,6,9,5,4,6,41,2,1,33,1,2,40,21,19,96,58,4,,6,,2,2,,31,16,15,6,7,,70,,165,1,18,11,4,14,3,7,2,1,4,3,2,,,2,2,6,128,65,70,129,5,3,26,330,1,4,6,5,70,172,3,135,8,9,37,277,4,9,36,8,28,1,1,,,,,,,,,,,,,,1,1,,1,1,2,,,1,11,4,,7,7,6,,1,0,,1,,5,1,,,,,,,,,,,,,,,,,,,,,
Portugal_Primeira_Liga,2025-2026,SL Benfica,l469vtpe0jbgg5sq1v2e67e1,L. Barreiro,Midfielder,18,38,17,21,25,94,6,3,115,2,6,157,71,86,232,122,12,,25,,12,12,,119,54,65,12,10,,168,3,524,2,51,17,8,49,157,13,4,7,13,7,12,,,8,,4,450,277,190,463,11,11,3,1291,3,16,22,35,127,541,11,467,22,55,74,754,5,8,56,22,66,1,1,,,,,,,,,,,1,,3,2,1,,,,,,9,1,16,1,,4,4,6,1,1,1,,2,1,,2,,,,,,,,,,,,,,,,1,,,,,
Portugal_Primeira_Liga,2025-2026,SL Benfica,5f5e6wufz0x041bvqzor10k16,E. Barrenechea,Midfielder,5,56,26,30,23,142,2,6,271,6,6,196,89,107,270,358,10,,23,,12,12,,140,63,77,33,7,,401,,1371,1,114,31,16,108,523,7,7,5,21,10,2,2,2,3,8,90,1235,725,564,1197,15,29,4,1753,,30,35,30,163,1424,12,1287,44,17,137,1669,25,43,97,42,94,7,0,,,,,,,,,,,,,,1,,,1,1,1,,12,1,10,1,,2,2,4,,1,0,,1,,,,,,,,1,,,,,2,,,,,,,,,,,
Portugal_Primeira_Liga,2025-2026,SL Benfica,y6esn24vphnrw3y50poje21h,Bruma,Forward,7,,,,2,1,1,,6,,1,6,3,3,13,2,1,,2,,,,,6,3,3,,,,,1,8,,3,1,,3,5,,1,,,,2,,,2,,,7,6,1,7,1,,,13,,1,1,,5,8,1,7,1,2,1,19,,,3,,1,,0,,,,,,,,,,,,,,,,,,,,,,,2,,,2,2,2,,,,,,,,,,,,,1,,,,,,,,,,,,,,,,
Portugal_Primeira_Liga,2025-2026,SL Benfica,aadexgcwrplrwzi61bvsrlh3p,Cristiano Roland,Defender,0,,,,,,,,,,,,,,,,,,,,,,,,,,,,,,,,,,,,,,,,,,,,,,,,,,,,,,,,,,,,,,,,,,,,,,,,,,,,,,,,,,,,,,,,,,,,,,,,,,,,,,,,,,,,,,,,,,,,,,,,,,,,,,,,,,,,
Portugal_Primeira_Liga,2025-2026,SL Benfica,5i2tc06romjqx7a7wlu1iye7e,S. Dahl,Defender,26,41,26,15,27,238,5,4,317,9,12,220,93,127,586,468,3,,27,,17,16,1,179,67,112,15,33,,79,3,1283,2,178,45,19,120,551,34,5,5,26,4,1,14,11,17,4,43,1101,693,474,1110,28,44,211,2322,,39,18,23,293,1336,10,1153,72,50,183,1920,32,57,172,51,126,2,0,,,,,,,,,,,1,3,1,1,1,,1,1,3,1,4,,24,2,2,40,36,16,1,0,1,,1,,21,,1,,,,,,,,,,,,,,,,,,,,
Portugal_Primeira_Liga,2025-2026,SL Benfica,2p0nimg288oxorjbnj1hqow0k,Daniel Banjaqui,Defender,58,3,1,2,2,16,,,21,1,4,24,10,14,61,24,1,,2,,,,,21,9,12,1,2,,34,,75,,11,4,2,7,3,2,3,1,2,1,,,,4,,1,59,41,20,60,3,3,12,153,,2,2,2,31,77,4,61,6,10,16,131,3,4,18,4,12,,0,,,,,,,,,,,,,,,,,,,,,,,5,,,6,6,2,,,,,,,2,,,,,,,,,,,,,,,,,,,,,,
Portugal_Primeira_Liga,2025-2026,SL Benfica,a536nk8ps5vrgextz3k3hcl0q,A. Dedić,Defender,17,20,10,10,18,222,3,3,272,5,7,163,81,82,430,222,5,,18,,12,11,1,143,71,72,13,17,,275,,748,1,170,18,3,64,47,20,7,1,17,3,1,7,7,28,4,19,629,387,267,628,12,17,121,1489,,27,14,16,222,766,8,647,29,52,119,1162,16,25,111,33,94,2,1,,,,,,,,,,1,2,,3,1,1,,,,2,,1,4,44,4,,25,25,25,,0,1,,1,1,7,,,,1,2,,1,,,,,,,,,,,,,,,
Portugal_Primeira_Liga,2025-2026,SL Benfica,55hcqeulfhkiwpgutzcpwa0pg,Diogo Ferreira,Goalkeeper,50,,,,,,,,,,,,,,,,,,,,,,,,,,,,,,,,,,,,,,,,,,,,,,,,,,,,,,,,,,,,,,,,,,,,,,,,,,,,,,,,,,,,,,,,,,,,,,,,,,,,,,,,,,,,,,,,,,,,,,,,,,,,,,,,,,,,
Portugal_Primeira_Liga,2025-2026,SL Benfica,7qn3h79plsslojw5d2w347wx6,Diogo Prioste,Midfielder,86,1,,1,2,3,,,4,,,2,,2,2,3,,,2,,,,,1,,1,,,,6,,22,,,1,1,1,10,,,,,,2,,,,,2,22,9,13,20,,,,21,,,,1,,22,,22,,,,25,,,,,,,0,,,,,,,,,,,,,,,,,,,,,1,,,,,,,,,,,,,,,,,,,,,,,,,,,,,,,,,,,,
Portugal_Primeira_Liga,2025-2026,SL Benfica,5t952swvuoed4pdwgbi4yjhex,Florentino,Midfielder,61,2,1,1,3,2,,,1,,,8,4,4,,4,1,,3,,1,1,,6,3,3,1,,,,,12,,1,1,1,3,6,,,,,,3,,,,,2,9,1,8,7,2,1,,35,,2,2,,5,12,,9,3,,3,22,1,1,1,2,2,,0,,,,,,,,,,,,,,,,,,,,,,,,,,,,,,,,,,,,,,,,,,,,,,,,,,,,,,,,,
Portugal_Primeira_Liga,2025-2026,SL Benfica,cp4736m2k714qabxzok4q3nys,Gonçalo Moreira,Midfielder,77,,,,,,,,,,,,,,,,,,,,,,,,,,,,,,,,,,,,,,,,,,,,,,,,,,,,,,,,,,,,,,,,,,,,,,,,,,,,,,,,,,,,,,,,,,,,,,,,,,,,,,,,,,,,,,,,,,,,,,,,,,,,,,,,,,,,
Portugal_Primeira_Liga,2025-2026,SL Benfica,8s0ugzuzofncv2mq490dmwt90,Gonçalo Oliveira,Defender,64,,,,,,,,,,,,,,,,,,,,,,,,,,,,,,,,,,,,,,,,,,,,,,,,,,,,,,,,,,,,,,,,,,,,,,,,,,,,,,,,,,,,,,,,,,,,,,,,,,,,,,,,,,,,,,,,,,,,,,,,,,,,,,,,,,,,
Portugal_Primeira_Liga,2025-2026,SL Benfica,8uj1pf52hctbd2uxjz4s4tnxm,Henrique Araújo,Forward,39,2,1,1,5,2,1,,1,,,4,2,2,6,2,,,5,,1,1,,2,1,1,,,,,,3,,,,,1,,,,1,,,5,,,,,,2,1,2,3,,,,22,,,1,1,2,4,1,3,,3,1,8,,,1,,1,,0,,,,,,,,,,,,,,,,,,,,,,,,,,,,,,,,,,,,,,,,,,,,,,,,,,,,,,,,,
Portugal_Primeira_Liga,2025-2026,SL Benfica,2rojpqo6eyw2d5t677ifmhhqs,Ivan Lima,Forward,90,,,,1,,,,3,,2,2,1,1,5,1,,,1,,,,,2,1,1,,,,1,,3,,2,2,,1,1,,,,,,1,,,1,,,2,2,,2,,,,13,,,,,4,3,,2,,1,1,8,,,3,,1,,0,,,,,,,,,,,,,,,,,,,,,,,1,,,2,2,1,,,,,,,,,,,,,,,,,,,,,,,,,,,,,
Portugal_Primeira_Liga,2025-2026,SL Benfica,amuqk3xvo87ppk7fz39cg0pre,F. Ivanović,Forward,9,22,13,9,20,47,3,1,98,,12,112,63,49,199,35,4,,20,,1,1,,90,50,40,3,4,,38,1,168,,45,17,10,26,50,5,6,14,6,6,14,2,2,16,1,2,120,95,29,120,3,4,2,617,3,2,14,17,120,170,20,122,7,54,48,344,3,5,41,17,43,1,2,,,,,,,,,,,1,,1,4,3,,1,,1,,9,1,32,2,,10,10,13,2,2,2,1,4,4,,4,,,,,,,,,,,1,1,,,,,,,,,
Portugal_Primeira_Liga,2025-2026,SL Benfica,9sei2qd6wd0rdif10mlkkq32s,José Neto,Defender,62,2,,2,2,10,1,1,13,1,1,8,2,6,26,23,,,2,,,,,6,2,4,1,,,2,1,59,,8,2,1,5,27,,1,,1,,1,,,,1,2,49,30,22,50,,1,5,94,,5,1,3,15,62,1,52,1,3,10,88,,1,9,3,9,,0,,,,,,,,,,,,,,,,,,,,,,,1,,,2,2,1,,,,,,,,,,,,,,,,,,,,,,,,,,,,,
Portugal_Primeira_Liga,2025-2026,SL Benfica,9migcxzjl6fcm1fysblwsq4no,João Fonseca,Defender,55,,,,,,,,,,,,,,,,,,,,,,,,,,,,,,,,,,,,,,,,,,,,,,,,,,,,,,,,,,,,,,,,,,,,,,,,,,,,,,,,,,,,,,,,,,,,,,,,,,,,,,,,,,,,,,,,,,,,,,,,,,,,,,,,,,,,
Portugal_Primeira_Liga,2025-2026,SL Benfica,82o91md3nn11eckmgy749ewpg,João Rego,Midfielder,84,2,,2,8,7,,,12,,3,22,12,10,23,4,,,8,,1,1,,20,12,8,,,,4,2,21,,7,2,1,5,6,,,2,,,8,,,2,,,16,12,4,16,,1,,59,,1,2,5,16,21,2,16,1,6,5,45,,,3,2,5,,0,,,,,,,,,,,,,,1,1,,1,,1,,1,,8,,,,,3,,0,1,1,1,1,,1,,,,,,,,,,,,,,,,,,,,,
Portugal_Primeira_Liga,2025-2026,SL Benfica,21iut50h3c5sstozse2z9cqhg,João Veloso,Midfielder,68,,,,2,1,,,,,,,,,2,,,,2,,,,,,,,,,,2,,4,,,,,,1,,,,,,2,,,,,,4,3,1,4,,,,2,,,,,,4,,4,,,,4,,,,,,,0,,,,,,,,,,,,,,,,,,,,,,,,,,,,,,,,,,,,,,,,,,,,,,,,,,,,,,,,,
Portugal_Primeira_Liga,2025-2026,SL Benfica,16bwa8v8avfakbihamcu58nis,Kevin Pinto,Defender,79,,,,,,,,,,,,,,,,,,,,,,,,,,,,,,,,,,,,,,,,,,,,,,,,,,,,,,,,,,,,,,,,,,,,,,,,,,,,,,,,,,,,,,,,,,,,,,,,,,,,,,,,,,,,,,,,,,,,,,,,,,,,,,,,,,,,
Portugal_Primeira_Liga,2025-2026,SL Benfica,1orxuwwmw6m5647h08t6ym3o4,Leandro Santos,Defender,71,4,3,1,5,20,,7,36,,2,30,13,17,25,28,1,,5,,2,1,1,26,10,16,3,1,1,21,,71,,23,4,2,7,3,1,,,2,2,3,1,1,8,1,1,55,22,35,55,1,5,14,199,,7,2,2,32,72,,56,6,4,16,143,4,5,15,5,11,1,0,,,,,,,,,,,,,,,,,,,,,,1,3,,,4,4,2,,,,,,,6,,,,,,,,,,,,,,,,,,,,,,
Portugal_Primeira_Liga,2025-2026,SL Benfica,5cw4n6kdaa7imeyaiuo2pnq39,D. Lukébakio,Forward,11,6,2,4,12,64,7,,131,,13,71,32,39,258,46,3,,12,,4,3,1,65,30,35,3,14,,94,2,226,1,88,16,5,28,25,17,11,8,7,7,5,13,5,19,,15,181,148,48,168,2,4,6,627,4,6,7,10,130,229,19,183,6,41,46,417,2,8,81,12,38,1,0,,,,,,,,,,,3,25,3,,,,,,2,8,4,1,21,7,15,47,27,13,1,,,1,,,,,,,,,2,,,,,2,,,,,,,,,,,
Portugal_Primeira_Liga,2025-2026,SL Benfica,3x1y10rgm8bbu3zgef74b05ck,Manu Silva,Midfielder,16,5,4,1,7,9,,,6,,1,19,15,4,11,19,2,,7,,1,1,,14,11,3,3,2,,15,,60,,1,1,,7,19,2,2,,1,,6,,,1,,3,48,22,28,47,1,1,,110,1,2,8,,16,62,2,50,2,2,12,79,,2,7,5,10,,0,,,,,,,,,,,,,,,,,,,,,1,,2,,,,,2,,,,,,,,,,,,,,,,,,,,,,,,,,,,,
Portugal_Primeira_Liga,2025-2026,SL Benfica,9bnm68d85uffvaatuemvxtwd0,Miguel Figueiredo,Midfielder,73,,,,,,,,,,,,,,,,,,,,,,,,,,,,,,,,,,,,,,,,,,,,,,,,,,,,,,,,,,,,,,,,,,,,,,,,,,,,,,,,,,,,,,,,,,,,,,,,,,,,,,,,,,,,,,,,,,,,,,,,,,,,,,,,,,,,
Portugal_Primeira_Liga,2025-2026,SL Benfica,1n84autgk6ilhgv5jnlu2sf84,Nuno Félix,Midfielder,60,,,,,,,,,,,,,,,,,,,,,,,,,,,,,,,,,,,,,,,,,,,,,,,,,,,,,,,,,,,,,,,,,,,,,,,,,,,,,,,,,,,,,,,,,,,,,,,,,,,,,,,,,,,,,,,,,,,,,,,,,,,,,,,,,,,,
Portugal_Primeira_Liga,2025-2026,SL Benfica,4vdmmwetnlmvrc4erlhjbcvoq,Rafa Obrador,Defender,3,,,,1,10,,,7,,2,6,3,3,24,6,1,,1,,,,,6,3,3,2,3,,,,25,,2,,,2,10,3,,,1,1,,4,1,3,,,22,16,11,23,,,3,68,,,1,,11,26,,23,,,3,46,,,6,1,3,,0,,,,,,,,,,,,7,,,,,,,,3,,,1,1,3,4,1,,,,,,,,,,,,,,,,,,,,,,,,,,,,,,
Portugal_Primeira_Liga,2025-2026,SL Benfica,x32fbvwwxkda9ruezw67b3dh,N. Otamendi,Defender,30,144,35,109,25,62,7,18,517,11,1,261,72,189,120,496,11,13,25,13,15,14,1,117,37,80,32,8,,458,,1591,1,287,18,14,95,635,8,8,4,25,2,,,,10,11,103,1438,582,911,1390,13,24,4,2190,,114,19,38,188,1651,12,1493,37,40,158,2007,30,70,120,42,88,7,0,,,,,,,,,,,,,,2,,,,,,,1,5,7,,,4,4,1,,1,1,2,2,,,2,,,,,,,,,,,,,,,,2,,,,,
Portugal_Primeira_Liga,2025-2026,SL Benfica,7sd87ylfbtgwgpb70hf68cel1,V. Pavlidis,Forward,14,139,78,61,28,163,15,1,153,5,32,298,173,125,498,115,8,,28,,17,16,1,159,95,64,1,31,,161,18,523,2,80,40,10,72,124,35,25,43,27,13,1,2,2,14,1,15,356,252,146,381,8,8,2,2383,17,14,13,36,299,563,68,396,16,185,167,931,1,8,146,29,159,3,8,,,,,,,,,,,2,,4,21,9,,1,4,2,,34,8,74,7,,8,8,28,6,14,7,,21,14,,16,,,,,,,,,,3,9,9,,,,3,,,,,
Portugal_Primeira_Liga,2025-2026,SL Benfica,6pavdf2072176dag5nt8qni8k,G. Prestianni,Forward,25,20,12,8,23,86,9,,214,,18,189,92,97,512,118,9,,23,,12,12,,169,80,89,5,26,,134,1,421,,135,34,20,65,89,28,15,13,12,12,11,12,7,41,,8,330,293,54,327,5,11,9,1141,1,3,14,33,228,427,28,335,16,74,92,778,3,7,122,12,85,7,1,,,,,,,,,,,2,19,2,3,3,,1,,6,5,6,2,51,2,12,42,29,39,1,2,1,1,3,3,,2,,,1,1,,,,,1,,,,,,,,,,,,
Portugal_Primeira_Liga,2025-2026,SL Benfica,37ao6cj3w5pd5v5ap79fqlxw5,Rafa,Midfielder,27,10,6,4,10,39,2,,44,,4,68,27,41,178,61,2,,10,,6,6,,58,21,37,,6,,42,1,194,1,27,13,5,17,53,6,7,7,7,6,3,1,1,10,,3,153,122,33,151,1,7,3,608,4,,2,19,75,195,14,154,8,52,41,305,,1,41,2,40,,0,,,,,,,,,,,,,,1,1,,,,,,10,2,15,,,2,2,5,2,1,0,,1,1,,,,,,,,,,,,1,,,,,,,,,,,
Portugal_Primeira_Liga,2025-2026,SL Benfica,863y1lnf6rxq7xc478ld6y7tg,Rodrigo Rêgo,Forward,67,3,3,,3,10,4,,23,,2,33,18,15,44,11,5,,3,,,,,30,15,15,,2,,11,,36,,12,2,1,7,4,2,2,,1,1,2,2,2,9,,,30,19,13,30,2,2,,112,,,5,2,22,36,2,30,4,7,6,83,1,1,10,1,5,,0,,,,,,,,,,,,,,,,,,,,,,,6,,,5,5,3,,,,,,,,,,,,,,,,,,,,,,,,,,,,,
Portugal_Primeira_Liga,2025-2026,SL Benfica,1kmvf5y1wi6jysfkoqet28xnu,R. Ríos,Midfielder,20,61,29,32,22,171,13,4,286,7,10,263,116,147,353,248,26,,22,,12,11,1,202,87,115,16,14,,260,1,974,2,135,44,28,82,312,17,27,10,21,7,1,3,2,22,1,37,832,504,348,812,17,24,4,1841,4,24,40,53,230,991,37,849,41,44,142,1369,12,39,129,29,103,7,0,,,,,,,,,,,3,,3,2,1,,1,,3,,21,,29,4,,16,14,9,3,0,2,,2,,,2,,,,,5,,,,,,,,,,,2,,,,,
Portugal_Primeira_Liga,2025-2026,SL Benfica,chfqy504a1mnfs67pbdbk0jfu,Samuel Soares,Goalkeeper,24,1,,1,2,,,,7,1,,2,,2,,18,,17,2,8,1,1,,1,,1,,,,10,,25,,3,,,15,9,,,,2,,,,,1,1,7,19,3,24,20,,,,180,,,,,10,37,,27,,,10,61,6,10,8,2,,1,0,1,,2,,,10,8,2,1,1,,,,,,,,,,,,,,,,,,,,,,,,,,,,,,,,,,1,,,,,,1,,,,,,,
Portugal_Primeira_Liga,2025-2026,SL Benfica,f4p22zbcs9l5dwhvqg6wstmcq,A. Schjelderup,Forward,21,15,11,4,22,127,15,,215,,16,163,87,76,549,108,7,,22,,9,8,1,148,76,72,3,30,,36,4,485,1,134,26,6,53,223,34,7,9,15,13,7,12,7,23,,3,392,336,75,396,13,10,9,1288,3,5,17,26,232,494,16,399,23,129,95,797,6,13,135,12,82,2,1,,,,,,,,,,,4,18,4,4,4,,1,1,3,4,9,7,47,8,11,52,38,34,2,2,2,,4,3,,3,,,,,2,,,,,3,,,,,,,,,,,
Portugal_Primeira_Liga,2025-2026,SL Benfica,d078o2hgm2fkdjz5vagzx9oq2,Sidny Cabral,Defender,15,20,12,8,23,158,16,3,261,3,21,202,112,90,496,116,9,,23,,23,21,2,182,100,82,11,34,,127,2,448,3,172,39,16,64,75,39,17,16,18,5,5,44,28,22,,16,366,237,199,376,11,15,123,1680,1,18,30,34,337,476,33,392,26,49,84,1119,7,16,175,30,68,4,0,,,,,,,,,,,5,55,5,6,2,1,3,3,3,16,8,1,62,9,27,121,81,42,3,3,3,3,5,3,28,4,,,,,11,,,,,2,3,3,,,,,1,1,,,
Portugal_Primeira_Liga,2025-2026,SL Benfica,f2dutxek3uf0yi1ee32a3u2cq,H. Sudakov,Midfielder,10,26,17,9,22,158,13,2,219,,15,150,69,81,513,180,9,,22,,9,8,1,124,52,72,5,37,,114,1,672,1,82,31,10,52,241,37,10,12,17,16,5,34,8,27,,18,556,449,156,553,7,6,5,1421,1,9,14,33,264,693,22,571,13,37,122,1032,1,19,178,21,103,2,1,,,,,,,,,,,1,70,1,4,4,,,3,1,22,23,5,32,3,40,77,21,8,,3,1,,4,1,,4,,,,,5,,,,,,,,,,,,,,,,
Portugal_Primeira_Liga,2025-2026,SL Benfica,d652q1oyfibkdhwj27w9qryms,Tiago Freitas,Midfielder,88,,,,,,,,,,,,,,,,,,,,,,,,,,,,,,,,,,,,,,,,,,,,,,,,,,,,,,,,,,,,,,,,,,,,,,,,,,,,,,,,,,,,,,,,,,,,,,,,,,,,,,,,,,,,,,,,,,,,,,,,,,,,,,,,,,,,
Portugal_Primeira_Liga,2025-2026,SL Benfica,74hu9pcq0b1z36871v3inexyi,Tiago Gouveia,Forward,47,,,,1,,,,,,,,,,,,,,1,,,,,,,,,,,1,,1,,,,,,,,,,,,1,,,,,,,,,,,,,1,,,,,1,1,,,,,1,1,1,1,1,,,,0,,,,,,,,,,,,,,,,,,,,,,,,,,,,,,,,,,,,,,,,,,,,,,,,,,,,,,,,,
Portugal_Primeira_Liga,2025-2026,SL Benfica,as0t8xi6k6nl4l06g23u3jcru,Tomás Araújo,Defender,44,48,25,23,20,49,4,11,272,6,3,102,46,56,120,371,2,1,20,1,11,11,,54,21,33,18,10,,413,,973,2,160,18,3,61,175,11,5,4,16,2,4,3,3,3,4,68,870,389,518,836,10,19,21,1426,1,35,6,1,136,1008,9,904,29,24,104,1202,17,41,77,31,63,4,1,,,,,,,,,,,1,,1,1,,,,,1,,,2,6,2,,4,4,3,,0,1,,1,,6,1,,,,,,,,,,,,,,,1,1,,,,,
Portugal_Primeira_Liga,2025-2026,SL Benfica,3i53phcjc5vwe7i0m9pqjo3fu,A. Trubin,Goalkeeper,1,5,,5,26,,,,31,12,,8,,8,,266,,188,26,133,17,16,1,3,,3,,,,113,,301,2,11,,,153,113,,,,26,,,,,,24,66,243,41,326,301,,,,2340,,14,,4,128,492,,367,,,125,672,67,123,103,22,2,1,0,10,,37,,9,53,26,26,16,8,,,,,,,,,,,,,,,,,,,,,,,,,,,,,,,,,3,2,,,,,,2,,,,,1,1,
Portugal_Primeira_Liga,2025-2026,SL Benfica,b9alvh8fe5os5vqc1plpr340k,A. Voitinovičius,Goalkeeper,51,,,,,,,,,,,,,,,,,,,,,,,,,,,,,,,,,,,,,,,,,,,,,,,,,,,,,,,,,,,,,,,,,,,,,,,,,,,,,,,,,,,,,,,,,,,,,,,,,,,,,,,,,,,,,,,,,,,,,,,,,,,,,,,,,,,,
Portugal_Primeira_Liga,2025-2026,SL Benfica,5qr3k3rpsl14qf62lpa1txqms,J. Wynder,Defender,66,,,,,,,,,,,,,,,,,,,,,,,,,,,,,,,,,,,,,,,,,,,,,,,,,,,,,,,,,,,,,,,,,,,,,,,,,,,,,,,,,,,,,,,,,,,,,,,,,,,,,,,,,,,,,,,,,,,,,,,,,,,,,,,,,,,,
Portugal_Primeira_Liga,2025-2026,Sporting Braga,20wmpu236gf8b6ukaq26awbv8,Afonso Patrão,Forward,67,,,,,,,,,,,,,,,,,,,,,,,,,,,,,,,,,,,,,,,,,,,,,,,,,,,,,,,,,,,,,,,,,,,,,,,,,,,,,,,,,,,,,,,,,,,,,,,,,,,,,,,,,,,,,,,,,,,,,,,,,,,,,,,,,,,,
Portugal_Primeira_Liga,2025-2026,Sporting Braga,3fyx9d04j493e7n5tlwbowufo,António Gil,Midfielder,92,,,,,,,,,,,,,,,,,,,,,,,,,,,,,,,,,,,,,,,,,,,,,,,,,,,,,,,,,,,,,,,,,,,,,,,,,,,,,,,,,,,,,,,,,,,,,,,,,,,,,,,,,,,,,,,,,,,,,,,,,,,,,,,,,,,,
Portugal_Primeira_Liga,2025-2026,Sporting Braga,c1b8uxumwqfnp2d9yqnjlsga2,B. Arrey-Mbi,Defender,26,36,18,18,22,123,1,12,158,7,2,107,45,62,68,393,3,,22,,20,17,3,71,27,44,18,2,,135,,1099,1,65,15,7,76,458,2,,,20,3,2,,,7,4,24,991,357,644,977,13,20,8,1739,,70,18,4,124,1109,,1001,33,1,108,1303,27,47,63,47,61,3,0,,,,,,,,,,1,,,,,,,2,,,,1,1,4,1,,2,2,1,,,,,,,,,1,,,,,,,,,,,,,,,,,,,,
Portugal_Primeira_Liga,2025-2026,Sporting Braga,8h0jf6z98xcg6fdkzp3anlfu2,A. Barišić,Defender,37,17,4,13,6,29,,3,40,2,,35,12,23,12,98,1,,6,,3,3,,18,8,10,5,1,,129,,286,,17,4,2,12,34,1,,1,6,3,,,,1,2,9,252,80,176,247,2,6,,452,1,17,4,1,37,290,1,256,8,3,34,339,8,16,19,15,18,,0,,,,,,,,,,,,,,,,,,,1,,,1,1,,,,,1,,,,,,,,,,,,,,,,,,,,,,,1,,,,,,
Portugal_Primeira_Liga,2025-2026,Sporting Braga,715vryzmby6vggjpdm9pgu3qi,A. Bellaarouch,Goalkeeper,36,,,,,,,,,,,,,,,,,,,,,,,,,,,,,,,,,,,,,,,,,,,,,,,,,,,,,,,,,,,,,,,,,,,,,,,,,,,,,,,,,,,,,,,,,,,,,,,,,,,,,,,,,,,,,,,,,,,,,,,,,,,,,,,,,,,,
Portugal_Primeira_Liga,2025-2026,Sporting Braga,ye3b5ik6y01xa4mktr16iuqc,Diego Rodrigues,Midfielder,50,7,1,6,20,109,3,2,144,3,4,84,42,42,215,113,9,,20,,8,8,,77,41,36,9,17,,103,,474,1,75,15,8,39,165,19,2,3,8,5,12,13,1,7,2,18,427,250,205,424,8,10,11,848,,5,15,11,107,490,5,442,18,13,48,662,1,11,63,13,37,2,1,,,,,,,,,,,2,30,2,1,1,1,,,,11,11,2,18,2,17,28,9,9,,0,1,1,,1,1,,,,,,,,,,,,,,,,,,,,,,
Portugal_Primeira_Liga,2025-2026,Sporting Braga,4cubrfqgrc5ivbd6fdj3k3zf8,M. Dorgeles,Midfielder,20,8,4,4,15,159,3,,88,2,3,56,31,25,283,71,4,,15,,5,2,3,48,27,21,5,10,,162,4,450,,44,20,9,22,64,10,4,1,7,4,8,6,2,7,1,6,403,289,125,402,,8,21,680,,4,7,6,92,456,5,408,8,26,48,591,4,9,47,14,39,,0,,,,,,,,,,,,7,,1,1,1,,1,,2,6,,15,2,5,13,5,13,,1,0,,,,4,1,,,,,,,,,,,,,,,,,,,,,
Portugal_Primeira_Liga,2025-2026,Sporting Braga,5dgkxz69k6jmim0ryl5fgiqga,A. El Ouazzani,Forward,9,24,16,8,10,35,3,,31,4,3,58,36,22,84,10,,,10,,3,3,,34,20,14,2,8,,30,,91,,12,2,,18,19,8,7,5,6,1,4,,,3,,3,74,53,24,74,1,1,,570,3,1,9,9,40,94,12,77,2,23,17,158,,,15,4,17,,0,,,,,,,,,,,,,,2,1,,1,1,,,13,,10,,,2,2,2,3,0,2,,2,1,,2,,,,,,,,,,2,1,1,,,,,,,,,
Portugal_Primeira_Liga,2025-2026,Sporting Braga,ae9xt3rmdo278sevre9oagx78,Gabriel Moscardo,Midfielder,17,25,8,17,16,38,2,1,38,,1,68,32,36,77,58,3,,16,,4,3,1,43,24,19,1,3,,82,,237,,19,4,3,15,61,3,3,1,2,1,14,,,2,,4,202,111,93,200,6,8,1,393,,9,11,3,54,239,4,204,14,15,35,304,1,7,26,9,28,3,0,,,,,,,,,,,,,,,,,,,,,4,1,8,1,,,,4,2,,,,,,,,,,,,,,,,,,,,,,,,,,,,
Portugal_Primeira_Liga,2025-2026,Sporting Braga,1d2dfrdr3jmbm6t5op33qe4us,Fodé Pascoal,Defender,81,,,,1,1,,,,,,,,,1,4,,,1,,,,,,,,1,,,,,12,,,1,,,7,,,,,,1,,,,,1,11,3,8,10,,,,10,,1,,,1,12,,11,,,1,15,,,,1,1,,0,,,,,,,,,,,,,,,,,,,,,,,,,,,,,,,,,,,,,,,,,,,,,,,,,,,,,,,,,
Portugal_Primeira_Liga,2025-2026,Sporting Braga,34z1r2585ifo6zdcfuu6xumfo,I. Gharbi,Forward,11,,,,1,14,,,5,,2,13,8,5,11,5,1,,1,,,,,13,8,5,,,,1,,29,,3,6,3,1,9,,,,1,1,,,,,,1,22,10,12,21,3,,,69,,,4,2,14,29,,22,3,3,7,47,,1,6,2,6,,0,,,,,,,,,,,,,,,,,1,,,,,,4,,,1,1,1,,,,,,,,,,,,,,,,,,,,,,,,,,,,,
Portugal_Primeira_Liga,2025-2026,Sporting Braga,5p4q1zolt4e4h07jzknksyzv8,J. Gorby,Midfielder,29,18,13,5,22,184,6,4,258,1,3,99,51,48,260,240,8,,22,,16,12,4,81,38,43,16,5,,349,,1116,1,103,20,12,85,362,5,2,3,17,11,5,2,2,9,5,26,1035,602,454,1028,8,14,,1444,,9,13,12,120,1135,5,1054,22,14,81,1307,16,23,63,24,58,4,0,,,,,,,,,,,,,,,,,,,1,,17,,10,1,,6,5,7,,,,,,,,,1,,,,,,,,,,,,,,,,,,,,
Portugal_Primeira_Liga,2025-2026,Sporting Braga,1ekkj2b713kjnugsk4dz50q1h,F. Grillitsch,Midfielder,27,28,11,17,18,155,2,4,165,1,5,105,41,64,189,192,10,5,18,5,12,11,1,77,30,47,16,7,2,246,1,850,1,74,18,9,49,284,8,3,2,11,6,7,,,2,2,35,750,421,354,740,6,13,2,1017,,16,12,26,132,877,5,775,19,22,102,1031,8,24,81,27,78,3,1,,,,,,,,,,,1,,1,1,1,,,,,,33,,10,1,,6,6,5,,1,0,1,1,1,,1,,,,,,,,,,,,,,,,,,,,,
Portugal_Primeira_Liga,2025-2026,Sporting Braga,1wtikted5kmtz3bpu17enlvc9,Víctor Gómez,Defender,2,29,16,13,27,290,4,4,256,3,12,151,64,87,658,384,8,,27,,27,23,4,122,48,74,22,26,,491,1,1240,2,140,61,22,88,95,29,3,8,22,8,5,19,18,4,2,30,1028,677,388,1016,16,21,174,2029,,36,12,34,331,1260,11,1046,37,51,214,1781,37,68,218,41,146,1,0,,,,,,,,,,1,2,3,3,1,,,1,,,2,9,1,12,6,1,45,42,5,1,0,1,,1,,25,1,,,,,,,,,,1,,,,,,1,,,,,
Portugal_Primeira_Liga,2025-2026,Sporting Braga,6zc6cs596hufgbhu6jv3g2o2y,L. Horníček,Goalkeeper,1,10,1,9,27,,,,88,10,,15,2,13,,517,,184,27,111,27,23,4,5,1,4,,,,205,,800,2,34,,,202,241,,,,27,,,,,,34,101,642,44,696,639,,,,2430,,40,,5,227,963,,740,,,223,1202,143,216,164,59,7,2,0,13,,40,2,11,61,40,21,16,17,,,,,,,,,,,,,,,,,,,,,,,,,,,,,,,,,4,1,,,,,,2,,,,,2,2,
Portugal_Primeira_Liga,2025-2026,Sporting Braga,ch52hmk9bwod4uqj89xdxsmj8,João Aragão,Forward,72,,,,,,,,,,,,,,,,,,,,,,,,,,,,,,,,,,,,,,,,,,,,,,,,,,,,,,,,,,,,,,,,,,,,,,,,,,,,,,,,,,,,,,,,,,,,,,,,,,,,,,,,,,,,,,,,,,,,,,,,,,,,,,,,,,,,
Portugal_Primeira_Liga,2025-2026,Sporting Braga,4a7hhg491ad5uigot8tvjih3o,João Carvalho,Goalkeeper,78,,,,,,,,,,,,,,,,,,,,,,,,,,,,,,,,,,,,,,,,,,,,,,,,,,,,,,,,,,,,,,,,,,,,,,,,,,,,,,,,,,,,,,,,,,,,,,,,,,,,,,,,,,,,,,,,,,,,,,,,,,,,,,,,,,,,
Portugal_Primeira_Liga,2025-2026,Sporting Braga,dqnw688lab4f1surogmw10dn8,João Matos,Defender,40,,,,,,,,,,,,,,,,,,,,,,,,,,,,,,,,,,,,,,,,,,,,,,,,,,,,,,,,,,,,,,,,,,,,,,,,,,,,,,,,,,,,,,,,,,,,,,,,,,,,,,,,,,,,,,,,,,,,,,,,,,,,,,,,,,,,
Portugal_Primeira_Liga,2025-2026,Sporting Braga,9l7ph5603tbb7xwyxpvjg22fp,João Moutinho,Midfielder,8,41,21,20,25,277,4,8,283,4,2,169,89,80,399,478,17,,25,,22,19,3,128,68,60,16,11,,410,,1592,2,147,38,22,126,523,12,8,8,21,13,4,3,2,5,4,45,1456,929,625,1506,19,21,4,1724,4,12,27,15,176,1688,16,1551,40,33,137,1902,11,26,114,32,111,3,0,,,,,,,,,,,1,1,1,1,,,2,,,,38,7,15,3,1,9,6,6,3,0,1,,1,1,,1,,,,,,,,,1,2,1,1,,,,,,,,,
Portugal_Primeira_Liga,2025-2026,Sporting Braga,94e7xh7d38gbt8zw2u4clb4ve,G. Lagerbielke,Defender,14,110,33,77,23,121,6,6,365,6,2,212,86,126,151,610,11,7,23,7,21,19,2,102,53,49,18,8,1,628,1,1665,2,196,15,8,66,338,8,6,3,21,1,2,,,6,6,67,1485,611,904,1448,9,13,13,1941,2,95,40,23,199,1697,9,1515,22,33,182,1955,35,88,132,52,94,5,0,,,,,,,,,,1,,,,2,,,1,,,,,1,5,,,2,2,2,,1,1,2,2,,,2,1,,,1,,1,,,,1,,,,,,2,,,,,
Portugal_Primeira_Liga,2025-2026,Sporting Braga,58r7rr6rqtji5m0bkdxmwqqui,Leonardo Lelo,Defender,5,27,17,10,22,191,1,2,166,3,9,110,48,62,428,237,4,,22,,15,11,4,83,31,52,13,32,,45,1,761,1,88,45,21,65,303,36,1,1,15,5,7,25,7,13,2,22,643,412,268,633,8,11,136,1351,2,25,8,23,228,776,2,655,19,18,121,1188,14,33,141,38,88,1,0,,,,,,,,,,,4,43,4,,,,,,1,13,2,1,17,9,24,58,29,11,,,,,,,14,,,,,,,,,,,,,,,,,,,,,,
Portugal_Primeira_Liga,2025-2026,Sporting Braga,cbhq02wsov8h2byu6uov22bro,Gabri Martínez,Forward,77,14,8,6,24,165,9,,223,1,28,186,105,81,487,113,9,,24,,12,11,1,172,97,75,8,9,,60,3,495,,142,42,9,73,161,11,8,8,11,8,13,1,1,25,1,6,394,284,115,392,10,17,56,1127,5,8,21,25,247,499,16,398,27,96,101,871,4,8,122,16,93,2,0,,,,,,,,,,,2,1,2,,,,1,,3,,9,2,61,2,,37,37,38,1,,,2,,,3,,1,,,,,,,,,1,,,,,,,,,,,
Portugal_Primeira_Liga,2025-2026,Sporting Braga,7mu3ugv8m726qpvcmuzu7kbh0,Samy Merheg,Forward,11,,,,,,,,,,,,,,,,,,,,,,,,,,,,,,,,,,,,,,,,,,,,,,,,,,,,,,,,,,,,,,,,,,,,,,,,,,,,,,,,,,,,,,,,,,,,,,,,,,,,,,,,,,,,,,,,,,,,,,,,,,,,,,,,,,,,
Portugal_Primeira_Liga,2025-2026,Sporting Braga,1zf9egrh7cjofd7td62oc5tk9,Fran Navarro,Forward,39,29,22,7,22,46,3,,40,,2,93,64,29,115,16,6,,22,,10,8,2,64,42,22,2,2,,33,2,126,1,21,6,4,17,37,2,2,11,9,9,13,,,5,,2,102,74,34,106,7,1,,806,7,1,16,9,69,132,13,108,8,33,24,244,,,20,5,24,2,1,,,,,,,,,,,,,,5,3,,1,2,,,12,,24,,,1,1,8,1,2,3,,5,2,,5,,,,,,,,,,1,,,,,,1,,,,,
Portugal_Primeira_Liga,2025-2026,Sporting Braga,2psarhoauswcdof4nb22sw7ah,S. Niakaté,Defender,4,52,16,36,11,43,2,5,152,3,4,85,29,56,44,237,4,11,11,11,6,5,1,33,13,20,7,5,,153,1,707,,64,3,2,35,298,5,8,1,11,3,,1,1,6,5,17,636,201,459,642,4,6,1,938,2,60,10,4,78,731,9,659,10,16,72,864,28,46,55,19,26,2,0,,,,,,,,,,,,,,,,,,,,,,1,1,2,,2,2,,,,,1,,,,,,,,,,,,,,1,,,,,,,,,,,
Portugal_Primeira_Liga,2025-2026,Sporting Braga,dprq3veihxkf2tfqlaef1e9sk,Nuno Matos,Defender,62,,,,,,,,,,,,,,,,,,,,,,,,,,,,,,,,,,,,,,,,,,,,,,,,,,,,,,,,,,,,,,,,,,,,,,,,,,,,,,,,,,,,,,,,,,,,,,,,,,,,,,,,,,,,,,,,,,,,,,,,,,,,,,,,,,,,
Portugal_Primeira_Liga,2025-2026,Sporting Braga,51rs6ozeux61yyjfk9ci86311,Paulo Oliveira,Defender,15,19,13,6,12,17,,4,74,,,37,22,15,8,118,6,3,12,3,9,9,,18,9,9,14,,1,165,,464,2,32,2,2,21,183,,1,,6,4,6,,,,2,14,431,112,337,435,1,5,1,537,,30,8,3,37,483,1,449,6,1,34,553,7,22,23,11,12,2,0,,,,,,,,,,1,,,,,,,,,,,,,1,,,,,1,,,,,,,,,,1,,,,,,,,,,,,,,,,,,,
Portugal_Primeira_Liga,2025-2026,Sporting Braga,5l9ilx0kwbny81lykqksoz9w5,Ricardo Horta,Forward,21,11,6,5,24,208,7,2,168,3,17,117,63,54,647,219,21,,24,,18,15,3,106,57,49,10,40,,164,2,903,1,83,26,9,48,338,44,15,29,21,8,3,33,5,6,3,31,793,617,233,786,10,18,20,1838,4,16,25,15,256,929,44,817,28,89,112,1294,8,17,169,21,95,3,4,,,,,,,,,,,4,63,4,13,11,,1,3,,20,37,3,26,6,37,78,23,12,4,9,4,1,13,10,2,11,,,,1,3,1,,,1,5,3,2,1,,,,,,,,
Portugal_Primeira_Liga,2025-2026,Sporting Braga,bsql6q3cmgcqgalgwfdx6lhjo,Roger Fernandes,Forward,7,5,1,4,4,49,2,,75,1,7,32,15,17,125,28,2,,4,,4,4,,27,14,13,,2,,75,2,154,1,37,6,4,14,3,3,3,8,4,2,,,,6,1,10,126,93,34,117,1,3,4,327,,2,3,3,55,155,11,127,4,20,28,226,1,1,30,7,27,1,0,,,,,,,,,,,,,1,1,1,,,1,,,1,,10,,,9,8,6,,0,1,1,1,,,1,,,,,,,,,,,,,,,,,,,,,
Portugal_Primeira_Liga,2025-2026,Sporting Braga,dss5i9cr374f2butj85ggcums,Sandro Vidigal,Forward,95,4,1,3,4,4,1,,14,,,15,6,9,16,3,,,4,,,,,11,5,6,,,,1,1,14,,8,1,,2,6,,1,,,,4,,,2,,1,11,6,5,10,,,1,50,,4,2,4,9,14,1,11,,2,3,36,,,3,1,3,1,0,,,,,,,,,,,,,,,,,,,1,,,,2,,,1,1,2,,,,,,,,,,,,,,,,,,,,,,,,,,,,,
Portugal_Primeira_Liga,2025-2026,Sporting Braga,c3pxiexbciif7uu845ivx5hhx,Tiago Sá,Goalkeeper,12,,,,,,,,,,,,,,,,,,,,,,,,,,,,,,,,,,,,,,,,,,,,,,,,,,,,,,,,,,,,,,,,,,,,,,,,,,,,,,,,,,,,,,,,,,,,,,,,,,,,,,,,,,,,,,,,,,,,,,,,,,,,,,,,,,,,
Portugal_Primeira_Liga,2025-2026,Sporting Braga,e7208jmwhf0b4rxlqr7mvthqs,E. Tıknaz,Midfielder,34,5,1,4,4,10,,,5,,,8,2,6,13,10,1,,4,,1,1,,3,1,2,,,,18,,45,,1,1,1,,7,,,,,,4,,,,1,1,44,26,18,43,1,1,,37,,2,1,,3,45,,44,2,1,1,53,,1,2,,,,0,,,,,,,,,,,,,,,,,,,,,1,,,,,1,1,,,,,,,,,,,,,,,,,,,,,,,,,,,,,,
Portugal_Primeira_Liga,2025-2026,Sporting Braga,9f0jk3wgmlnnmnqrdkh4gnpt6,Pau Víctor,Forward,18,37,21,16,26,252,8,1,163,3,19,189,100,89,464,97,14,,26,,23,20,3,152,79,73,5,13,,158,8,671,2,91,37,21,59,172,17,12,18,22,16,4,3,3,28,,15,572,384,199,565,10,10,4,1820,7,16,25,26,208,679,30,580,20,102,99,987,3,10,95,17,89,4,1,,,,,,,,,,,4,,4,6,5,,3,1,5,,62,4,42,7,,13,13,24,2,3,3,,6,4,,6,,,,,,,,,,1,,,,,,1,,,,,
Portugal_Primeira_Liga,2025-2026,Sporting Braga,c01muomxuk015zrf9n21ztq7d,Vítor Carvalho,Midfielder,6,33,13,20,10,35,2,4,119,1,1,57,23,34,29,156,5,10,10,10,7,5,2,24,10,14,4,3,,188,,544,,58,7,5,26,186,3,4,3,9,5,1,,,,3,20,499,168,350,498,2,4,8,717,,36,13,8,52,565,7,518,6,12,47,661,11,19,28,19,28,4,2,,,,,,,,,,,,,,2,,1,,1,,,2,1,,,,,,,,2,0,1,1,,2,1,,,,,,,,,,,,,,,,1,,,,,
Portugal_Primeira_Liga,2025-2026,Sporting Braga,6pljtr33dez7n69ctiddc3ms4,Yanis da Rocha,Midfielder,41,,,,2,1,,,,,,,,,5,1,,,2,,,,,,,,,,,8,,10,,,,,,,,,,,,2,,,,,,9,3,6,9,,,1,21,,,,,1,10,,9,,,1,11,,1,1,,,,0,,,,,,,,,,,,,,,,,,,,,,,,,,,,,,,,,,,,,,,,,,,,,,,,,,,,,,,,,
Portugal_Primeira_Liga,2025-2026,Sporting Braga,bax0ggbhejk7kpcezkyg3hai2,R. Zalazar,Midfielder,10,71,37,34,24,225,17,,346,2,24,308,163,145,810,203,6,,24,,24,21,3,237,126,111,5,32,,267,6,912,2,167,61,23,78,224,36,22,26,20,8,4,16,16,47,,23,749,594,176,731,7,12,28,1807,3,11,18,45,379,919,48,754,19,91,165,1455,3,16,199,18,149,6,3,,,,,,,,,,,4,1,4,15,4,1,2,,6,,30,7,96,8,1,52,51,49,5,9,6,,14,15,1,12,,,,,4,,,,,1,10,10,,,,,,,,,
Portugal_Primeira_Liga,2025-2026,Sporting Clube de Portugal,7ax7vrumfwlxb8a4tchkho650,Alisson Santos,Forward,27,6,2,4,18,30,4,,75,,3,52,17,35,101,10,1,,18,,2,2,,46,15,31,,3,,7,1,88,1,42,4,1,17,43,5,9,3,,,18,2,2,21,,1,75,54,25,76,1,2,6,180,,2,2,7,37,90,12,77,3,23,13,177,,,16,2,13,,0,,,,,,,,,,,2,2,2,,,,,,1,,3,,9,1,1,5,4,3,,,,,,,1,,,,,,,,,,,,,,,,,,,,,,
Portugal_Primeira_Liga,2025-2026,Sporting Clube de Portugal,1wzbok5h048nfbmusztsc3joq,M. Araújo,Midfielder,20,40,22,18,22,185,6,2,202,5,19,243,118,125,461,163,18,,22,,11,10,1,203,96,107,25,22,,53,3,666,2,113,42,20,84,290,25,14,12,19,6,3,18,13,17,1,24,554,341,256,555,12,28,112,1659,4,29,37,52,250,691,26,579,40,80,112,1216,7,23,147,22,89,9,0,,,,,,,,,,,3,17,3,4,4,,,4,5,4,8,2,38,2,12,57,42,20,2,3,1,,4,,9,4,,,1,1,1,,,,1,1,,,,,,,,,,,
Portugal_Primeira_Liga,2025-2026,Sporting Clube de Portugal,bnqyw6h7kthq2kl8zovj7blsk,Bruno Ramos,Defender,54,,,,,,,,,,,,,,,,,,,,,,,,,,,,,,,,,,,,,,,,,,,,,,,,,,,,,,,,,,,,,,,,,,,,,,,,,,,,,,,,,,,,,,,,,,,,,,,,,,,,,,,,,,,,,,,,,,,,,,,,,,,,,,,,,,,,
Portugal_Primeira_Liga,2025-2026,Sporting Clube de Portugal,ehbhpv43ealtggnkc4z2dtka1,Daniel Bragança,Midfielder,23,4,2,2,7,9,2,,25,,,21,9,12,40,26,,,7,,2,2,,17,7,10,,4,,32,1,101,,17,2,1,7,37,4,1,5,1,1,6,,,1,,4,98,67,34,97,2,3,1,155,,2,4,4,7,104,6,101,5,11,3,132,,,4,,3,,1,,,,,,,,,,,,,,4,3,,,1,,,4,,2,,,1,1,1,,4,0,,4,2,,3,,,,,,,,,,,,,,,,1,,,,,
Portugal_Primeira_Liga,2025-2026,Sporting Clube de Portugal,bvn34t9jzqax7hqs7p19u9las,David Moreira,Defender,45,,,,,,,,,,,,,,,,,,,,,,,,,,,,,,,,,,,,,,,,,,,,,,,,,,,,,,,,,,,,,,,,,,,,,,,,,,,,,,,,,,,,,,,,,,,,,,,,,,,,,,,,,,,,,,,,,,,,,,,,,,,,,,,,,,,,
Portugal_Primeira_Liga,2025-2026,Sporting Clube de Portugal,88nmn961vtb3bnt9v9rye1h0q,Z. Debast,Defender,6,23,14,9,12,44,2,4,188,3,2,49,27,22,34,222,5,6,12,8,8,7,1,26,13,13,3,3,,270,,680,1,102,3,1,39,172,3,4,1,8,,4,,,2,4,61,625,252,399,590,2,8,1,787,,28,10,1,68,708,5,651,10,3,57,785,3,31,40,20,26,2,0,,,2,,,,,,,,,1,,,,,,,,,,,2,1,,3,2,,,,,,,,,,,,,,1,,,,,,,,,,,,,,,,
Portugal_Primeira_Liga,2025-2026,Sporting Clube de Portugal,8h1edwgjgvj5v671y7uyhvuok,Diego Callai,Goalkeeper,41,,,,,,,,,,,,,,,,,,,,,,,,,,,,,,,,,,,,,,,,,,,,,,,,,,,,,,,,,,,,,,,,,,,,,,,,,,,,,,,,,,,,,,,,,,,,,,,,,,,,,,,,,,,,,,,,,,,,,,,,,,,,,,,,,,,,
Portugal_Primeira_Liga,2025-2026,Sporting Clube de Portugal,4dhwhmlxv8j4ye08lpvfggqhg,Diogo Travassos,Defender,19,27,16,11,22,129,11,5,258,3,17,237,121,116,341,185,13,,22,,31,27,4,210,105,105,21,14,,210,5,603,7,139,48,16,86,89,17,10,9,20,6,2,11,10,27,1,25,467,252,236,452,10,30,42,1807,2,31,38,39,307,613,19,477,40,47,136,1097,11,27,141,47,109,2,0,,,,,,,,,,,3,1,3,4,3,2,2,1,3,1,14,2,53,6,,52,50,32,2,2,2,,2,3,2,1,1,,,,2,,,,1,,,,,,,,,,,,
Portugal_Primeira_Liga,2025-2026,Sporting Clube de Portugal,38339rg6eqprxc0w976gozjmc,O. Diomande,Defender,26,52,22,30,12,43,4,5,221,6,2,93,48,45,34,235,4,9,12,9,6,6,,41,26,15,12,2,1,379,,852,1,117,9,3,63,215,2,5,1,12,1,,,,,2,43,796,280,536,773,1,8,,1048,,48,24,6,61,872,6,816,9,19,56,986,5,19,34,24,37,4,0,,,,,,,,,,,,,,,,,,,,,,2,,,,2,2,,,,,,,,,,,,,,,,,,,,,,,,,,,,,,
Portugal_Primeira_Liga,2025-2026,Sporting Clube de Portugal,cal8i98dir3on6t60fljlr5lg,Eduardo Felicíssimo,Midfielder,73,,,,,,,,,,,,,,,,,,,,,,,,,,,,,,,,,,,,,,,,,,,,,,,,,,,,,,,,,,,,,,,,,,,,,,,,,,,,,,,,,,,,,,,,,,,,,,,,,,,,,,,,,,,,,,,,,,,,,,,,,,,,,,,,,,,,
Portugal_Primeira_Liga,2025-2026,Sporting Clube de Portugal,5neiwdz7rtkhzj0cneic4xcoa,Eduardo Quaresma,Defender,72,32,17,15,10,24,2,3,193,2,1,84,32,52,30,209,3,1,10,1,7,6,1,52,15,37,8,1,2,263,,637,1,107,7,3,36,165,3,1,1,7,,3,,,5,2,19,606,258,371,610,10,16,,675,,25,8,6,42,661,2,629,26,7,32,757,2,6,19,13,26,1,1,,,,,,,,,,,2,,2,1,,,,,,,,2,6,2,,,,5,,1,0,,1,,,,,,,,,,,,,,,,,,,1,,,,,
Portugal_Primeira_Liga,2025-2026,Sporting Clube de Portugal,9ocaoc4rmct3neemzpth5c6qc,S. Faye,Forward,15,3,2,1,5,10,,,12,,,17,10,7,19,7,,,5,,2,2,,14,8,6,,1,,4,,31,,9,1,1,5,10,1,2,1,,,5,,,,,,26,17,9,26,,3,,84,1,,1,3,15,31,3,26,3,5,5,53,1,1,6,1,4,,0,,,,,,,,,,,,,,,,,,,1,,1,1,4,1,,2,2,3,,,,,,,,,,,,,,,,,,,,,,,,,,,,,
Portugal_Primeira_Liga,2025-2026,Sporting Clube de Portugal,dth6ucthavpw8lux9pm3f6qdw,Flávio Gonçalves,Forward,58,,,,3,1,,,2,,,4,2,2,4,4,1,,3,,1,1,,4,2,2,,,,2,,7,,,,,1,1,,,,,,3,,,1,,,5,4,2,6,,,,15,,,1,1,2,8,,6,,,2,10,,,2,,2,,0,,,,,,,,,,,,,,,,,,,,,,,,,,,,,,,,,,,,,,,,,,,,,,,,,,,,,,,,,
Portugal_Primeira_Liga,2025-2026,Sporting Clube de Portugal,68obui97r4hepek7p57qbiz9w,Francisco Silva,Goalkeeper,99,,,,,,,,,,,,,,,,,,,,,,,,,,,,,,,,,,,,,,,,,,,,,,,,,,,,,,,,,,,,,,,,,,,,,,,,,,,,,,,,,,,,,,,,,,,,,,,,,,,,,,,,,,,,,,,,,,,,,,,,,,,,,,,,,,,,
Portugal_Primeira_Liga,2025-2026,Sporting Clube de Portugal,dka9aakcyyvh98m2uhkvs6qz8,Iván Fresneda,Defender,22,30,8,22,22,183,2,4,256,3,10,143,66,77,341,238,1,,22,,12,11,1,113,58,55,14,12,,271,,773,2,151,41,18,53,101,12,4,3,20,11,2,10,10,6,3,21,674,342,362,673,13,18,111,1559,1,52,18,18,203,793,7,694,31,33,99,1210,9,19,112,25,80,6,0,,,,,,,,,,,,,,1,,,,,,,6,1,32,1,,38,38,21,,1,0,,1,,11,1,,,,,,,,,,,,,,,,1,,,,,
Portugal_Primeira_Liga,2025-2026,Sporting Clube de Portugal,8fzbg2qdd8d00nwn1kinqr71m,Geny Catamo,Midfielder,10,13,9,4,22,176,7,1,297,1,17,192,100,92,532,142,5,,22,,11,11,,179,91,88,8,19,,238,7,588,1,176,28,7,66,40,21,9,18,19,15,3,9,9,34,1,17,491,370,138,482,4,13,25,1486,1,11,15,37,241,596,27,499,17,81,97,957,1,11,108,20,86,1,1,,,,,,,,,,1,2,4,2,6,5,3,4,5,4,,6,10,67,5,3,31,28,50,2,4,2,1,3,1,,1,,1,,,,,,,,2,,,,,,,,,,,
Portugal_Primeira_Liga,2025-2026,Sporting Clube de Portugal,9c82id3h8v3cahh5fpwtzqlg4,Geovany Quenda,Midfielder,7,14,12,2,13,76,4,,120,2,12,91,51,40,229,88,2,,13,,2,1,1,77,39,38,4,11,,101,4,291,,64,8,2,46,34,15,4,5,5,2,8,3,1,12,,14,221,154,78,215,4,8,7,661,2,8,4,14,139,299,9,229,12,23,70,458,6,15,72,19,55,,0,,,,,,,,,,,4,15,4,1,1,,,,,2,4,7,31,3,8,21,13,17,1,0,1,,1,,,1,,,,,,,,,,1,,,,,,1,,,,,
Portugal_Primeira_Liga,2025-2026,Sporting Clube de Portugal,cayu6id8xmj67n29s2x3bsbxm,Gonçalo Inácio,Defender,25,94,51,43,25,51,4,12,550,11,2,204,89,115,91,898,13,18,25,18,12,10,2,110,38,72,23,13,,377,,2085,2,354,18,8,129,839,16,3,2,25,3,,1,1,8,11,125,1868,871,1078,1823,16,26,1,2154,,76,19,22,242,2165,5,1948,42,14,217,2422,25,94,147,73,123,4,0,,,,,,,,,,1,2,,3,1,,,1,,,,1,13,7,3,,3,3,1,,0,1,1,1,,,,1,1,1,1,,,,,,,,,,,,1,,,,,
Portugal_Primeira_Liga,2025-2026,Sporting Clube de Portugal,3nok8qxxj2zl831wgvc7abxuc,C. Harder,Forward,9,4,3,1,4,6,2,,4,,2,10,5,5,14,1,,,4,,,,,6,2,4,1,,,2,,10,,3,,,1,1,,,4,,,4,,,,,,8,6,2,8,2,,,59,1,,,2,5,10,4,8,2,7,2,26,,,2,1,2,,0,,,,,,,,,,,,,,1,1,,,1,,,2,,1,,,1,1,,1,0,1,,1,,1,1,,,,,,,,,,,,,,,,,,,,,
Portugal_Primeira_Liga,2025-2026,Sporting Clube de Portugal,4x1tm440b5cshi5gxkx5k9m95,M. Hjulmand,Midfielder,42,47,14,33,24,270,9,9,246,9,5,182,60,122,340,367,6,,24,,15,13,2,135,46,89,20,22,,472,2,1433,2,116,24,14,146,396,26,11,5,23,2,1,,,8,2,51,1294,764,601,1314,15,35,,2055,2,24,20,33,188,1505,16,1365,50,32,140,1774,12,26,94,49,114,7,1,,,,,,,,,,,2,,4,2,,,2,,,,46,5,14,2,,3,3,2,,0,2,,2,1,,1,1,,,,,,,,,1,,,,,,1,,,,,
Portugal_Primeira_Liga,2025-2026,Sporting Clube de Portugal,5xk3t1pi394ojwyrhm00com7e,F. Ioannidis,Forward,89,18,9,9,13,15,,1,45,,5,65,28,37,105,18,2,,13,,2,1,1,47,19,28,,10,,31,1,90,1,21,9,4,7,27,10,4,6,3,3,10,1,1,9,,1,77,62,17,77,5,4,,456,4,5,5,10,44,91,10,78,9,21,13,184,,,14,,13,,2,,,,,,,,,,,,,,3,2,,1,,2,,3,,14,2,,1,1,6,,2,1,,3,1,,2,,,,,,,,,,,,,,,,2,,,,,
Portugal_Primeira_Liga,2025-2026,Sporting Clube de Portugal,brieczdouukytfc5jl4klsg7o,João Muniz,Defender,43,,,,,,,,,,,,,,,,,,,,,,,,,,,,,,,,,,,,,,,,,,,,,,,,,,,,,,,,,,,,,,,,,,,,,,,,,,,,,,,,,,,,,,,,,,,,,,,,,,,,,,,,,,,,,,,,,,,,,,,,,,,,,,,,,,,,
Portugal_Primeira_Liga,2025-2026,Sporting Clube de Portugal,1e7d2d9kcstlfayi0wlg2b66s,João Simões,Midfielder,52,30,18,12,18,101,3,1,132,,9,118,73,45,149,99,9,,18,,5,4,1,88,55,33,3,5,,89,1,403,1,59,18,9,46,114,6,4,2,9,9,9,1,1,10,,10,356,192,165,346,7,8,2,754,1,3,25,9,95,403,6,356,15,29,47,532,4,7,44,13,40,3,0,,,,,,,,,,,,,1,,,,1,,2,,13,1,23,2,,10,10,9,,,,,,,,,,,,,,,,,,,,,,,,,,,,,
Portugal_Primeira_Liga,2025-2026,Sporting Clube de Portugal,7rvlba00jv66w7wtdmk178a95,João Virgínia,Goalkeeper,12,,,,2,,,,7,1,,1,,1,,15,,12,2,4,1,1,,1,,1,,,,19,,36,,1,,,12,11,,,,2,,,,,,1,4,34,2,38,36,,,,180,,2,,1,5,45,,40,,,5,64,4,5,5,,,,0,3,,1,1,1,3,2,1,,,,,,,,,,,,,,,,,,,,,,,,,,,,,,,,,,,,,,,,,,,,,,,,,
Portugal_Primeira_Liga,2025-2026,Sporting Clube de Portugal,6disrpsqjrkg0ye06a5y6box5,G. Kochorashvili,Midfielder,14,8,4,4,14,71,4,1,74,1,3,50,23,27,116,97,3,,14,,4,3,1,42,19,23,10,3,,96,1,399,1,30,11,9,26,144,4,3,2,4,3,10,,,1,,17,363,225,147,355,3,6,3,485,1,7,8,14,61,408,5,372,9,13,36,508,2,9,43,7,27,,0,,,,,,,,,,,1,13,1,,,,,,,1,9,2,7,,8,14,4,3,1,,,,,,,,,,,,1,,,,,,,,,,,,,,,,
Portugal_Primeira_Liga,2025-2026,Sporting Clube de Portugal,2c15hc5crazagifexj0kwfaei,Lucas Anjos,Forward,67,,,,,,,,,,,,,,,,,,,,,,,,,,,,,,,,,,,,,,,,,,,,,,,,,,,,,,,,,,,,,,,,,,,,,,,,,,,,,,,,,,,,,,,,,,,,,,,,,,,,,,,,,,,,,,,,,,,,,,,,,,,,,,,,,,,,
Portugal_Primeira_Liga,2025-2026,Sporting Clube de Portugal,8wcpxluqhub8yqrgi1jcvzbx0,Luis Guilherme,Forward,31,2,,2,8,54,3,,101,,11,46,19,27,169,33,,,8,,2,2,,44,19,25,2,12,,48,1,184,1,51,6,3,14,55,12,5,1,6,6,2,13,7,12,1,4,163,138,43,164,2,1,3,477,1,1,3,10,70,190,6,168,3,27,22,300,,1,37,3,21,,0,,,,,,,,,,,,12,,,,,1,,2,5,5,1,13,1,4,18,13,6,1,,,,,,,,,,,,,,,,,,,,,,,,,,,,
Portugal_Primeira_Liga,2025-2026,Sporting Clube de Portugal,3fo37mb4cp6lb0e86hhiyvu8l,Matheus Reis,Defender,2,20,14,6,9,31,1,3,85,,1,39,20,19,53,99,2,2,9,2,1,1,,19,6,13,2,3,,39,,267,,52,7,4,19,109,5,2,,3,3,6,2,2,2,1,8,234,111,136,237,5,4,14,360,,12,5,3,45,278,2,245,9,4,33,352,3,10,30,9,23,,0,,,,,,,,,,,1,,2,,,,,,,,,1,1,2,,6,6,1,,,,,,,1,,,,1,1,,,,,,,,,,,,,,,,,
Portugal_Primeira_Liga,2025-2026,Sporting Clube de Portugal,dc5mkjm8cfhhsq4nbbbk8vlec,Mauro Couto,Forward,78,,,,,,,,,,,,,,,,,,,,,,,,,,,,,,,,,,,,,,,,,,,,,,,,,,,,,,,,,,,,,,,,,,,,,,,,,,,,,,,,,,,,,,,,,,,,,,,,,,,,,,,,,,,,,,,,,,,,,,,,,,,,,,,,,,,,
Portugal_Primeira_Liga,2025-2026,Sporting Clube de Portugal,d9i8y5vlymc2yggwxrax8wcbu,H. Morita,Midfielder,5,32,13,19,24,121,4,5,180,2,4,138,68,70,226,305,16,,24,,7,7,,106,55,51,14,11,,164,1,870,,89,29,17,89,302,14,5,2,17,14,7,2,2,8,,39,754,476,302,737,16,20,3,1360,,24,28,7,163,892,7,776,36,20,116,1103,10,24,100,21,92,3,0,,,,,,,,,,,2,,3,,,,1,,,,18,6,14,1,,5,5,9,,,,,,,,,,,,,,,,,,,,,,,,,,,,,
Portugal_Primeira_Liga,2025-2026,Sporting Clube de Portugal,a9ozu4hjaylfr4299ceryskid,Nuno Santos,Defender,11,,,,2,12,,,5,,1,2,2,,21,4,,,2,,,,,2,2,,,1,,,,22,,4,,,3,6,2,,,1,1,1,1,,,,1,22,16,7,21,,,3,34,,,,,3,22,,22,,,,30,,,2,,,,0,,,,,,,,,,,1,1,1,,,,,,,1,,,1,1,,2,2,1,,,,,,,,,,,,,,,,,,,,,,,,,,,,,
Portugal_Primeira_Liga,2025-2026,Sporting Clube de Portugal,eee0bq4dkdn91l81e8cf1zxpm,Pote,Midfielder,8,13,7,6,20,169,15,2,171,,22,118,66,52,528,166,5,,20,,12,11,1,105,59,46,5,38,,95,3,646,1,93,29,6,54,238,44,19,30,18,15,2,24,6,20,,22,520,408,155,517,2,8,11,1477,6,7,8,16,248,668,49,539,10,82,129,988,2,12,148,23,117,5,1,,,,,,,,,,,5,51,6,13,10,4,,1,,13,33,13,40,10,28,42,8,23,2,4,9,,9,11,,7,,,,,2,,,,,1,2,2,,,,1,1,1,,,
Portugal_Primeira_Liga,2025-2026,Sporting Clube de Portugal,ej3r3h5sda64akl1oh2n853pw,Rafael Nel,Forward,90,5,3,2,3,8,,,3,,,20,10,10,21,6,,,3,,3,3,,15,7,8,,1,,2,,17,,2,1,1,,5,2,2,3,1,,2,,,,,,14,10,8,18,,2,,112,3,,4,6,10,21,5,18,2,8,3,42,,,3,,3,,0,,,,,,,,,,,1,,1,1,1,,,,,,3,1,3,1,,,,1,,1,0,,1,1,,1,,,,,,,,,,,,,,,,,,,,,
Portugal_Primeira_Liga,2025-2026,Sporting Clube de Portugal,1cqli1u7ft8pdckg8bzulso44,Rayan Lucas,Midfielder,60,,,,,,,,,,,,,,,,,,,,,,,,,,,,,,,,,,,,,,,,,,,,,,,,,,,,,,,,,,,,,,,,,,,,,,,,,,,,,,,,,,,,,,,,,,,,,,,,,,,,,,,,,,,,,,,,,,,,,,,,,,,,,,,,,,,,
Portugal_Primeira_Liga,2025-2026,Sporting Clube de Portugal,4ax49niuix9tiqdv05y3vbdn9,Ricardo Mangas,Defender,91,25,11,14,13,101,1,4,96,2,11,96,44,52,226,83,6,,13,,7,5,2,71,33,38,10,9,,10,1,317,,60,15,1,45,136,10,8,5,10,6,3,8,8,4,,4,256,166,110,264,1,18,66,800,3,16,16,15,117,330,13,268,19,34,62,555,3,9,75,17,53,3,1,,,,,,,,,,,1,,1,2,2,,1,2,,,,,11,4,,30,30,5,,2,0,,2,,2,2,,,,,,,,,,2,,,,,,,,,,,
Portugal_Primeira_Liga,2025-2026,Sporting Clube de Portugal,3ddndtvkd6vomq5hfcw6po650,Rodrigo Dias,Defender,50,,,,,,,,,,,,,,,,,,,,,,,,,,,,,,,,,,,,,,,,,,,,,,,,,,,,,,,,,,,,,,,,,,,,,,,,,,,,,,,,,,,,,,,,,,,,,,,,,,,,,,,,,,,,,,,,,,,,,,,,,,,,,,,,,,,,
Portugal_Primeira_Liga,2025-2026,Sporting Clube de Portugal,edgnkgpt7a6rzffcd012sqfpw,Rodrigo Ribeiro,Forward,28,,,,,,,,,,,,,,,,,,,,,,,,,,,,,,,,,,,,,,,,,,,,,,,,,,,,,,,,,,,,,,,,,,,,,,,,,,,,,,,,,,,,,,,,,,,,,,,,,,,,,,,,,,,,,,,,,,,,,,,,,,,,,,,,,,,,
Portugal_Primeira_Liga,2025-2026,Sporting Clube de Portugal,s96k2x2cts0vo6y6aaeui5zp,Rui Silva,Goalkeeper,1,2,,2,25,,,,48,12,,3,,3,,227,,174,25,80,16,14,2,1,,1,,,,181,,455,2,23,,,188,168,,,,25,,,,,,13,58,398,17,474,433,,,,2250,,19,,1,85,576,,491,,,85,775,49,83,47,38,2,2,0,12,,11,1,8,57,31,26,12,7,,,,,,,,,,,,,,,,,,,,,,,,,,,,,,,,,2,2,,,,,,,,,,,,,
Portugal_Primeira_Liga,2025-2026,Sporting Clube de Portugal,7zdkcuf61cs1try79oki79990,Rômulo,Defender,49,1,,1,1,,,,,,,1,,1,,1,,,1,,1,1,,,,,,,,,,1,,,,,,,,,,,,1,,,,,,,,,,,,,6,,,,1,1,1,,,,,1,2,1,1,1,,,1,0,,,,,,,,,,,,,,,,,,,,,,,,,,,,,,,,,,,,,,,,,,,,,,,,,,,,,,,,,
Portugal_Primeira_Liga,2025-2026,Sporting Clube de Portugal,bcrlwj3yqeuqkhg7ta31dtvkk,Salvador Blopa,Defender,70,,,,1,,,,1,,,1,1,,,1,,,1,,,,,1,1,,,,,2,,3,,,,,,,,,,,,1,,,,,,3,2,1,3,,,,6,,2,1,,2,3,,3,,,,8,,,,,,1,0,,,,,,,,,,,,,,,,,,,,,,,1,,,,,,,,,,,,,,,,,,,,,,,,,,,,,,,,,,
Portugal_Primeira_Liga,2025-2026,Sporting Clube de Portugal,718mlndw4d6eewyspsc4e54wk,Samuel Justo,Midfielder,96,,,,,,,,,,,,,,,,,,,,,,,,,,,,,,,,,,,,,,,,,,,,,,,,,,,,,,,,,,,,,,,,,,,,,,,,,,,,,,,,,,,,,,,,,,,,,,,,,,,,,,,,,,,,,,,,,,,,,,,,,,,,,,,,,,,,
Portugal_Primeira_Liga,2025-2026,Sporting Clube de Portugal,d1d3v27d4r6vme6n2w5umaacp,L. Suárez,Forward,97,58,33,25,25,147,16,2,159,5,21,228,124,104,489,71,12,,25,,13,11,2,170,91,79,2,33,,100,4,426,1,81,36,20,39,144,37,40,52,25,11,,1,1,26,1,8,304,226,115,332,10,5,1,2126,21,12,36,41,243,462,92,340,15,189,122,855,,10,100,24,112,6,10,,,,,,,,,,,3,,4,24,16,2,2,6,3,,55,3,55,9,,2,2,24,15,14,10,,22,15,,16,,,,,2,,,,,1,4,3,,,,2,,,,,1
Portugal_Primeira_Liga,2025-2026,Sporting Clube de Portugal,83ekq1r2omnsazmp41pio8s89,Trincão,Forward,17,12,3,9,27,231,23,1,370,10,23,201,109,92,801,320,5,,27,,16,14,2,189,106,83,10,61,,340,1,1035,1,167,30,11,99,166,71,17,22,26,9,1,25,8,35,,29,888,715,217,878,11,18,8,2292,7,12,18,19,367,1057,39,907,29,89,150,1537,1,15,204,31,135,1,3,,,,,,,,,,,7,74,10,6,5,,3,5,9,14,46,10,80,14,48,85,33,55,,3,3,2,6,1,,2,,,,,2,,,,,,,,,,,,,,,,
Portugal_Primeira_Liga,2025-2026,Sporting Clube de Portugal,59e0uusbhyz9wo8c3rtqlcve,G. Vagiannidis,Defender,13,15,2,13,17,118,2,1,147,3,5,102,37,65,251,165,6,,17,,5,4,1,87,35,52,7,10,,195,4,520,,87,19,13,35,61,13,2,4,8,3,9,7,7,18,3,9,469,295,200,479,11,16,59,967,1,24,16,7,96,539,6,488,27,26,51,773,6,13,51,17,38,4,0,,,,,,,,,,,3,,3,,,,,,,,3,2,13,4,,17,17,5,,,,,,,5,,,,,,,,,,,,,,,,,,,,,,
Portugal_Primeira_Liga,2025-2026,Vitória SC Guimarães,c406oul95r3jvmbebcge5oz4l,R. Abascal,Defender,26,57,16,41,24,40,2,20,251,7,3,130,50,80,146,598,11,15,24,15,33,32,1,73,34,39,31,11,,176,4,1179,2,152,25,13,77,443,13,7,2,24,1,,7,7,3,26,114,965,353,690,922,15,18,29,2086,1,102,27,3,309,1257,9,1036,33,15,221,1624,64,135,197,55,86,5,1,,,,,,,,,,1,2,,2,1,1,,,1,1,,,1,3,2,,31,31,1,,1,0,,1,,36,,,2,,,,,,,,,,,,,1,,,,,,
Portugal_Primeira_Liga,2025-2026,Vitória SC Guimarães,2cod10wx83fi815a0omg66590,André Oliveira,Defender,75,,,,,,,,,,,,,,,,,,,,,,,,,,,,,,,,,,,,,,,,,,,,,,,,,,,,,,,,,,,,,,,,,,,,,,,,,,,,,,,,,,,,,,,,,,,,,,,,,,,,,,,,,,,,,,,,,,,,,,,,,,,,,,,,,,,,
Portugal_Primeira_Liga,2025-2026,Vitória SC Guimarães,5vdaexx0jnv7shichfmowutt6,Beni,Midfielder,16,38,18,20,24,174,3,3,268,5,2,204,73,131,154,263,11,,24,,26,26,,166,55,111,28,10,,271,,891,3,107,20,10,115,232,10,2,2,22,10,2,3,3,25,3,22,796,388,460,823,17,24,1,1796,,23,25,45,155,940,4,845,41,8,95,1229,9,20,72,29,75,6,0,,,,,,,,,,,,,,1,,,3,,2,,29,1,26,,,6,6,13,,1,0,,1,1,,1,1,,,,,,,,,,,,,,1,,,,,,
Portugal_Primeira_Liga,2025-2026,Vitória SC Guimarães,c902ebwkabcw24v6lginmqiju,Fabio Blanco,Forward,22,5,5,,14,23,3,,50,,6,62,37,25,129,32,5,,14,,6,5,1,57,32,25,,5,,15,1,102,,26,9,4,14,34,5,4,3,3,1,11,1,1,12,,4,78,71,10,76,,5,3,377,,4,11,8,71,104,7,80,5,16,24,211,,2,34,5,22,3,0,,,,,,,,,,,,1,,,,,,,3,,4,1,13,1,,15,15,8,,,,,,,,,,,1,1,,,,,,1,,,,,,,,,,,
Portugal_Primeira_Liga,2025-2026,Vitória SC Guimarães,3bnphjt458z3h73qi2wwno73d,T. Borevković,Defender,24,1,,1,1,5,,1,13,,,2,,2,1,17,,1,1,1,3,3,,1,,1,,1,,18,1,48,,6,,,1,11,1,,,1,,,,,,,2,40,9,34,41,,,,90,,4,,1,11,51,,43,,1,8,61,3,6,5,3,2,,0,,,,,,,,,,,,,,,,,,,,,,,,,,,,,,,,,,,,,,,,,,,,,,,,,,,,,,,,,
Portugal_Primeira_Liga,2025-2026,Vitória SC Guimarães,cyoz8jv8z5z2tvc2czhr2ya6s,O. Camara,Forward,19,24,9,15,24,101,5,1,106,3,10,106,60,46,248,50,6,,24,,18,17,1,82,51,31,1,11,,49,2,274,,55,22,12,47,81,13,7,10,15,12,9,4,4,9,,7,212,142,81,212,3,6,11,1243,2,6,15,13,136,281,17,219,9,46,62,466,2,2,65,15,60,2,3,,,,,,,,,,,2,3,2,5,4,1,1,,2,,17,1,27,1,,18,18,19,2,2,3,,4,4,1,4,,,,,,,,,,,1,1,,,,1,,,,,
Portugal_Primeira_Liga,2025-2026,Vitória SC Guimarães,bphvc5tdx15teivstsdfrxy7e,J. Castillo,Goalkeeper,25,4,,4,15,,,,41,6,,7,1,6,,198,,101,15,92,19,18,1,3,1,2,,,,86,,224,2,23,,,90,83,,,,15,,,,,1,22,82,182,52,212,182,1,,,1350,,4,,1,107,367,,264,1,,103,477,43,99,73,30,4,1,0,6,1,36,1,2,44,23,21,13,4,,,,,,,,,,,,,1,,,,,,,,,,,,,,,,,,,,3,1,,,,,,2,1,,,,,,
Portugal_Primeira_Liga,2025-2026,Vitória SC Guimarães,8pd7rkac98cx4xgnz2u12c3x1,Charles,Goalkeeper,27,1,,1,13,,,,32,2,,5,,5,,212,,89,13,64,23,23,,4,,4,,,,106,,277,1,12,,,88,74,,,,13,,,,,,18,43,216,24,260,241,,,,1170,,11,,4,111,392,,284,,,108,504,66,104,84,24,4,1,0,8,,18,2,7,39,28,11,8,11,,,,,,,,,,,,,,,,,,,,,,,,,,,,,,,,,1,1,,,,,,3,1,,,,,,
Portugal_Primeira_Liga,2025-2026,Vitória SC Guimarães,5jklag2n51cx568jfucefo1sk,Diogo Sousa,Midfielder,23,18,9,9,18,86,6,2,146,,6,129,62,67,171,190,13,,18,,21,20,1,111,53,58,12,4,,109,,498,2,79,31,17,55,133,5,8,7,9,5,9,3,2,19,4,32,391,221,190,376,11,14,7,962,1,11,30,14,155,518,15,408,25,26,110,721,9,17,92,30,93,4,1,,,,,,,,,,,,2,1,1,1,,2,1,,1,12,2,15,,,12,12,6,,1,0,,1,,,1,,,,,,,,,,1,,,,,,,,,,,
Portugal_Primeira_Liga,2025-2026,Vitória SC Guimarães,bh21wk9na6i3q8d39qvs3n6z8,Francisco Dias,Defender,82,,,,,,,,,,,,,,,,,,,,,,,,,,,,,,,,,,,,,,,,,,,,,,,,,,,,,,,,,,,,,,,,,,,,,,,,,,,,,,,,,,,,,,,,,,,,,,,,,,,,,,,,,,,,,,,,,,,,,,,,,,,,,,,,,,,,
Portugal_Primeira_Liga,2025-2026,Vitória SC Guimarães,dbwqkrelivlfmvk4t8aa1beac,Gonçalo Nogueira,Midfielder,30,44,23,21,17,83,1,1,124,3,1,172,77,95,131,117,16,,17,,12,12,,128,54,74,10,13,,91,,379,1,56,15,8,51,94,16,4,1,12,8,5,,,10,1,5,327,200,133,328,16,19,,1035,1,13,26,32,103,385,5,333,35,15,52,578,4,10,38,15,42,2,0,,,,,,,,,,,1,,3,,,,,,1,,13,2,23,2,,1,1,9,2,,,,,,,,,,,,,,,,,,,,,,,,,,,,
Portugal_Primeira_Liga,2025-2026,Vitória SC Guimarães,dcejrf3ndequgwvw89sz1uihg,Gui,Goalkeeper,91,,,,,,,,,,,,,,,,,,,,,,,,,,,,,,,,,,,,,,,,,,,,,,,,,,,,,,,,,,,,,,,,,,,,,,,,,,,,,,,,,,,,,,,,,,,,,,,,,,,,,,,,,,,,,,,,,,,,,,,,,,,,,,,,,,,,
Portugal_Primeira_Liga,2025-2026,Vitória SC Guimarães,7akmntx7n4c2s0qsf6p7kdjx0,Guilherme Paula,Forward,32,,,,,,,,,,,,,,,,,,,,,,,,,,,,,,,,,,,,,,,,,,,,,,,,,,,,,,,,,,,,,,,,,,,,,,,,,,,,,,,,,,,,,,,,,,,,,,,,,,,,,,,,,,,,,,,,,,,,,,,,,,,,,,,,,,,,
Portugal_Primeira_Liga,2025-2026,Vitória SC Guimarães,bwspu6tx4l27e605fmtym3ztg,Gustavo Silva,Forward,11,76,47,29,17,58,5,,75,1,2,176,106,70,255,58,11,,17,,20,19,1,100,59,41,14,14,,42,12,205,2,40,34,18,33,53,15,18,9,12,8,5,1,1,9,,4,139,106,40,141,6,10,15,1029,4,15,23,17,159,211,27,145,16,66,66,467,2,6,68,12,60,2,0,,,,,,,,,,,,,1,3,2,,1,,1,,17,,24,1,,14,14,15,2,2,1,1,3,3,15,1,1,,,,,,,,,1,,,,,,,,,,,
Portugal_Primeira_Liga,2025-2026,Vitória SC Guimarães,bz0wspuepgtymiddqy0v67n1m,João Mendes,Defender,13,39,21,18,25,131,10,5,179,4,9,171,83,88,338,379,16,,25,,37,37,,132,62,70,21,18,,43,,838,2,124,36,12,78,318,19,11,4,25,10,,16,13,11,11,56,656,369,335,632,16,28,138,2081,,68,30,15,315,871,15,688,44,18,183,1390,27,71,183,56,112,7,0,,,,,,,,,,,1,4,1,1,,,,1,1,1,,2,16,4,2,56,50,11,,1,0,,1,,29,1,,,,,,,,,,1,1,1,,,,,,,,,
Portugal_Primeira_Liga,2025-2026,Vitória SC Guimarães,28di7m86rlpzjuq6m4kg9vhbe,O. Lebedenko,Defender,17,16,7,9,14,38,1,,51,1,2,44,25,19,79,78,6,,14,,5,4,1,28,18,10,3,4,,5,,180,1,30,11,5,24,62,4,4,1,3,,11,5,5,,2,6,142,83,66,138,1,8,32,439,1,14,9,1,65,183,5,144,9,13,39,299,8,12,33,14,27,1,0,,,,,,,,,,,,,,,,,,,1,,1,,7,,,8,8,6,,,,,,,3,,1,,,,,,,,,,,,,,,,,,,,
Portugal_Primeira_Liga,2025-2026,Vitória SC Guimarães,7ck1sbg1nuhfscfktxns6n02c,Lucas Furtado,Goalkeeper,12,,,,,,,,,,,,,,,,,,,,,,,,,,,,,,,,,,,,,,,,,,,,,,,,,,,,,,,,,,,,,,,,,,,,,,,,,,,,,,,,,,,,,,,,,,,,,,,,,,,,,,,,,,,,,,,,,,,,,,,,,,,,,,,,,,,,
Portugal_Primeira_Liga,2025-2026,Vitória SC Guimarães,d30uqfrs7mqb6jnj99qgyr28k,Miguel Maga,Defender,2,28,13,15,19,97,1,6,95,3,4,107,55,52,179,228,8,,19,,17,17,,79,42,37,15,13,,165,1,506,1,43,25,11,62,32,13,1,,17,8,2,7,7,1,3,16,406,219,209,405,13,12,95,1344,,31,17,12,155,522,1,421,25,14,101,807,11,22,83,39,79,5,0,,,,,,,,,,2,,1,,,,,,,,,,1,10,2,,21,20,8,,,,,,,10,,,1,,,,,,,,,,,,,,,,,,,
Portugal_Primeira_Liga,2025-2026,Vitória SC Guimarães,79oq0uhoimgb2mbme5i08y87o,Miguel Nogueira,Midfielder,88,15,5,10,10,34,1,,29,,4,54,22,32,76,34,1,,10,,6,6,,39,17,22,2,3,,29,1,111,1,16,9,4,14,17,3,3,3,7,7,3,,,2,,2,84,63,24,85,5,6,,498,1,6,4,9,52,114,6,87,11,14,27,194,1,1,23,9,26,,0,,,,,,,,,,,,,,1,1,,,1,1,,4,,8,,,5,5,3,,1,0,1,1,,1,,,,,,,,,,,,,,,,,,,,,,
Portugal_Primeira_Liga,2025-2026,Vitória SC Guimarães,36bi849x9anyfayunuudgcdbe,Miguel Nóbrega,Defender,3,35,19,16,13,32,6,4,73,2,,66,33,33,33,219,3,4,13,5,21,20,1,31,14,17,9,,,148,1,482,2,23,7,4,36,102,,2,1,10,1,3,1,1,2,7,25,393,114,295,383,2,3,5,1000,,64,13,10,105,501,3,408,5,17,93,647,34,51,60,35,42,1,0,,,1,,,,,,,1,,,,1,,,,,1,,,,,,,2,2,,,1,0,,1,,1,1,,1,,,,,,,,,,,,,,1,,,,,
Portugal_Primeira_Liga,2025-2026,Vitória SC Guimarães,5fmbgbuw2j2onvumz5wed79t6,M. Mitrović,Midfielder,6,8,3,5,18,60,6,,94,,4,58,27,31,102,121,5,,18,,14,13,1,50,24,26,10,14,,111,,356,1,39,6,4,46,79,14,6,4,6,4,12,3,,1,2,18,289,158,149,286,3,5,1,703,,11,7,17,99,371,10,304,8,4,67,491,12,28,73,11,39,2,0,,,,,,,,,,,,9,,2,1,2,,,,2,5,1,6,1,5,17,8,3,,1,1,,,2,,,,,,,6,,,,,1,,,,,,,1,1,,,
Portugal_Primeira_Liga,2025-2026,Vitória SC Guimarães,bwbkfosv9xvhd2m0adp9h3ims,A. Ndoye,Forward,90,81,34,47,22,40,11,1,38,,5,141,69,72,136,28,3,,22,,15,14,1,60,35,25,2,6,,38,9,125,,15,11,7,17,31,7,17,10,7,4,15,2,2,8,,,76,54,36,88,3,4,,916,9,8,19,10,105,137,27,88,7,45,49,294,,,38,12,49,2,0,,,,,,,,,,,,,1,2,,,1,,2,,17,,17,1,,1,1,7,3,1,1,1,2,1,,1,,,,,1,,,,,,,,,,,1,,,,,
Portugal_Primeira_Liga,2025-2026,Vitória SC Guimarães,efbuucn9anvzy2n7dq7kxsctl,Nuno Santos,Midfielder,77,6,5,1,5,23,1,,16,,2,16,11,5,53,17,2,,5,,6,6,,10,6,4,,2,,25,,81,,7,2,,8,17,3,3,,3,3,2,1,,1,,1,71,54,19,71,1,1,3,223,,3,3,1,24,82,3,72,2,4,10,114,,1,17,2,9,,0,,,,,,,,,,,,1,1,,,,,,,,5,3,2,1,,9,9,,,,,,,,,,,,,,,,,,,,,,,,,,,,,,
Portugal_Primeira_Liga,2025-2026,Vitória SC Guimarães,a9a5fpe130f0ndqiknyls6ymt,Nélson Oliveira,Forward,7,47,31,16,23,73,7,2,61,1,7,146,85,61,179,50,11,,23,,23,23,,99,54,45,1,8,,59,5,195,2,19,9,3,26,44,8,12,11,16,14,7,,,7,1,8,159,116,74,182,4,1,,1269,3,3,19,34,122,226,23,190,5,45,36,426,1,6,39,5,30,3,2,,,,,,,,,,,,,,3,2,,,,,,9,,33,,,8,8,10,,2,1,,3,1,,1,,,1,1,3,,,,,,1,,,,,2,,,,,
Portugal_Primeira_Liga,2025-2026,Vitória SC Guimarães,5b7kdtvh7jvnd3b5w4v2o7o5w,E. Opara,Forward,33,,,,1,1,,,1,,1,4,2,2,2,,,,1,,,,,4,2,2,,,,,,2,,,,,,1,,,,,,1,,,,,,2,2,,2,2,,,8,,,,,1,2,,2,2,,,7,,,,,,,0,,,,,,,,,,,,,,,,,,,,,,,1,,,,,,,,,,,,,,,,,,,,,,,,,,,,,,,,,,
Portugal_Primeira_Liga,2025-2026,Vitória SC Guimarães,6bjtb82121qhdhtxml3ecw1zo,Paulo Vitor,Defender,5,27,9,18,12,22,,7,87,3,,76,32,44,17,163,4,8,12,8,17,17,,49,23,26,7,3,1,42,1,359,1,54,5,2,23,159,3,1,,10,1,2,,,1,6,33,281,77,229,273,8,16,,885,,56,12,1,94,386,1,306,24,3,80,509,23,47,62,22,33,,0,,,,,,,,,,1,,,,,,,,,,,,,3,,,4,4,3,,,,,,,,,,,1,2,,1,,,,,,,,,,,,,,,
Portugal_Primeira_Liga,2025-2026,Vitória SC Guimarães,5qyvo8bo39inx7gupf8aljjf8,Rica Rocha,Midfielder,80,,,,1,1,,,1,,,,,,1,2,,,1,,,,,,,,,,,1,,5,,,,,,1,,,,,,1,,,,,,4,3,1,4,,,,5,,,,,1,5,,4,,,1,5,,,,1,1,,0,,,,,,,,,,,,,,,,,,,,,,,,,,,,,,,,,,,,,,,,,,,,,,,,,,,,,,,,,
Portugal_Primeira_Liga,2025-2026,Vitória SC Guimarães,5z3eofvko1ngmwb05nrrc7fje,Óscar Rivas,Defender,4,49,24,25,13,42,1,10,173,6,2,84,42,42,38,282,4,11,13,11,13,13,,35,18,17,20,4,,311,1,707,1,90,9,6,37,101,4,8,3,13,,,,,1,5,48,638,194,471,617,4,5,,1170,2,71,14,7,88,736,11,665,9,17,71,905,11,34,53,20,37,1,0,,,,,,,,,,,,,,1,1,,,1,1,,,,4,,,2,2,2,,1,0,,1,,,,,,,,2,,,,,,,,,,,,,,,,
Portugal_Primeira_Liga,2025-2026,Vitória SC Guimarães,59vqd5shmxo3a0fecr41z76z8,Rodrigo Duarte,Midfielder,14,,,,,,,,,,,,,,,,,,,,,,,,,,,,,,,,,,,,,,,,,,,,,,,,,,,,,,,,,,,,,,,,,,,,,,,,,,,,,,,,,,,,,,,,,,,,,,,,,,,,,,,,,,,,,,,,,,,,,,,,,,,,,,,,,,,,
Portugal_Primeira_Liga,2025-2026,Vitória SC Guimarães,575pl0igxsevhmf6nfmjwwyxh,Samu,Midfielder,20,42,29,13,23,120,7,5,132,1,12,201,123,78,392,182,21,,23,,24,24,,159,94,65,9,21,,142,4,524,1,67,51,25,64,124,23,15,13,18,12,5,19,7,9,,18,408,309,156,428,12,24,3,1528,2,19,40,21,264,568,28,446,36,45,122,934,6,16,163,24,106,3,2,,,,,,,,,,,2,42,2,6,3,1,,5,,7,32,4,40,3,27,65,25,10,1,5,1,,5,1,,4,,,,,2,,,,,,2,2,,,,,,,,,
Portugal_Primeira_Liga,2025-2026,Vitória SC Guimarães,4k9jwayiqvax29xjsr2dq8qhg,Noah Saviolo,Forward,48,28,17,11,24,117,8,1,228,3,13,222,117,105,404,64,6,,24,,24,24,,194,100,94,1,16,,40,7,308,3,132,27,14,56,95,20,10,11,18,11,6,14,9,31,,5,255,216,61,258,4,9,5,1570,,2,27,50,219,316,21,263,13,67,53,681,4,7,87,12,46,2,0,,,,,,,,,,,3,18,4,2,1,,1,,4,4,8,1,67,3,10,46,32,47,,1,1,1,2,1,,1,,,,,,,,,,1,,,,,,1,,,,,
Portugal_Primeira_Liga,2025-2026,Vitória SC Guimarães,ce6z3bhvhmoplnisz3a1bcf10,T. Strata,Defender,66,23,12,11,16,116,6,2,147,1,7,131,62,69,237,146,9,,16,,22,21,1,108,50,58,19,11,,163,,441,2,81,18,5,67,37,12,3,1,11,2,5,12,11,10,4,22,371,208,195,369,8,15,90,1096,,23,20,25,173,462,4,391,23,15,71,800,6,13,83,27,58,2,0,,,,,,,,,,,,9,1,,,,1,,,1,6,,24,2,7,39,31,11,,,,,,,16,,,,,,,,,,,,,,,,,,,,,,
Portugal_Primeira_Liga,2025-2026,Vitória SC Guimarães,aau5kivfmoy2psovquxdg6hka,Telmo Arcanjo,Midfielder,18,21,12,9,24,106,5,,152,,8,125,51,74,300,73,7,,24,,12,12,,104,39,65,7,25,,129,,309,2,88,23,10,47,19,25,8,9,11,11,13,19,10,17,,16,251,203,82,250,3,13,19,1080,,5,11,33,174,327,17,266,16,17,61,609,,14,102,13,47,,0,,,,,,,,,,,,19,,1,1,1,,1,6,6,20,,23,3,10,54,33,14,2,1,0,,,,1,,1,,,1,,1,,,,,,,,,,,,,,,
Portugal_Primeira_Liga,2025-2026,Vitória SC Guimarães,1d78n2z8g4jkcejuk3otoup04,Thiago Balieiro,Defender,28,48,23,25,8,24,2,5,73,1,2,87,43,44,24,166,7,4,8,5,16,16,,39,20,19,9,1,1,151,,410,1,47,10,4,29,80,1,4,4,8,,,,,,,9,359,113,255,359,7,10,1,720,1,30,12,2,63,421,8,368,17,17,53,519,12,22,27,26,31,1,0,,,1,,,,,,,,,,,1,,,1,,,,,,2,,,,,2,,1,0,,1,1,,,,,,,,,,,,,,,,,,,,,,,
Portugal_Primeira_Liga,2025-2026,Vitória SC Guimarães,7bizatqq8lesywgb68x9cizmd,Tiago Silva,Midfielder,10,2,1,1,4,28,2,,39,,5,23,13,10,58,53,7,,4,,7,7,,21,12,9,3,8,,61,,182,,16,4,2,16,55,8,3,2,3,1,1,5,1,,,20,160,100,78,153,2,1,,287,,6,8,6,46,197,5,173,3,5,24,257,,7,34,4,17,3,1,,,,,,,,,,,,13,,1,,,,,,3,6,,2,,9,14,2,1,,1,0,1,1,1,,1,,,,,2,,,,1,,1,1,,,,,,,,,
Portugal_Primeira_Liga,2025-2026,Vitória SC Guimarães,2456sb5oj15equsuu5npj43my,Tomás Händel,Midfielder,8,1,1,,3,24,2,1,16,,1,19,9,10,37,22,3,,3,,7,7,,18,8,10,5,1,,31,,104,,7,2,1,13,30,2,2,,3,,,,,,,4,86,51,38,85,5,1,,270,,3,4,4,28,107,2,89,6,2,18,145,,2,16,6,16,,0,,,,,,,,,,,1,,1,,,,,,,,5,,2,1,,4,4,,,,,,,,,,,,,,,,,,,,,,,,,,,,,,
Portugal_Primeira_Liga,2025-2026,Vitória SC Guimarães,e5qxgyemm1sj955y5liqp71uc,Vando Félix,Forward,21,9,6,3,8,39,,,49,,6,63,32,31,99,26,5,,8,,10,10,,54,26,28,1,1,,31,1,107,,34,7,3,11,12,1,1,,3,1,5,,,2,,1,88,58,31,88,5,6,19,334,,4,11,15,61,108,1,89,11,12,19,215,,,21,6,19,3,0,,,,,,,,,,,,,,,,,,,1,,1,,10,,,8,8,5,,,,,,,2,,,,,,,,,,,,,,,,,,,,,,
Portugal_Primeira_Liga,2025-2026,Vitória SC Guimarães,5xzxhlgrh1rk4nrno4lzeil90,Zeega,Midfielder,50,,,,,,,,,,,,,,,,,,,,,,,,,,,,,,,,,,,,,,,,,,,,,,,,,,,,,,,,,,,,,,,,,,,,,,,,,,,,,,,,,,,,,,,,,,,,,,,,,,,,,,,,,,,,,,,,,,,,,,,,,,,,,,,,,,,,
