liga,temporada,equipo,id,nombre,posicion,dorsal,Aerial Duels,Aerial Duels lost,Aerial Duels won,Appearances,Backward Passes,Blocks,Carries,Corners Won,Duels,Duels lost,Duels won,Final Third Touches,Forward Passes,Foul Attempted Tackle,Games Played,Goals Conceded,Goals Conceded Inside Box,Goals Conceded Outside Box,Ground Duels,Ground Duels lost,Ground Duels won,Interceptions,Key Passes (Attempt Assists),Leftside Passes,Offsides,Open Play Passes,Progressive Carries,PutThrough/Blocked Distribution,PutThrough/Blocked Distribution Won,Recoveries,Rightside Passes,Shots Created,Shots Off Target (inc woodwork),Starts,Substitute Off,Substitute On,Successful Crosses & Corners,Successful Crosses open play,Successful Dribbles,Successful Lay-offs,Successful Long Passes,Successful Open Play Passes,Successful Passes Opposition Half,Successful Passes Own Half,Successful Short Passes,Tackles Lost,Tackles Won,Throw Ins to Own Player,Time Played,Times Tackled,Total Big Chances Created,Total Clearances,Total Fouls Conceded,Total Fouls Won,Total Losses Of Possession,Total Passes,Total Shots,Total Successful Passes ( Excl Crosses & Corners ) ,Total Tackles,Total Touches In Opposition Box,Total Unsuccessful Passes ( Excl Crosses & Corners ),Touches,Unsuccessful Crosses & Corners,Unsuccessful Crosses open play,Unsuccessful Dribbles,Unsuccessful Launches,Unsuccessful Long Passes,Unsuccessful Passes Opposition Half,Unsuccessful Passes Own Half,Unsuccessful Short Passes,Winning Goal,Assists (Intentional),Blocked Shots,Clean Sheets,Clearances Off the Line,GK Successful Distribution,Goal Assists,Goal Kicks,Goals,Goals from Inside Box,Handballs conceded,Headed Goals,Own Goal Scored,Penalties Conceded,Penalty Goals Conceded,Red Cards - 2nd Yellow,Second Goal Assists,Shots On Target ( inc goals ),Successful Launches,Through balls,Throw Ins to Opposition Player,Total Big Chances Missed,Total Big Chances Saved,Total Big Chances Scored,Total Red Cards,Yellow Cards,Home Goals,Away Goals,Attempts from Set Pieces,Corners Taken (incl short corners),Goals Openplay,Hit Woodwork,Left Foot Goals,Overruns,Right Foot Goals,Successful Corners into Box,Unsuccessful Corners into Box,Unsuccessful lay-offs,Foul Won Penalty,Goals from Outside Box,Last Player Tackle,Catches,Drops,GK Unsuccessful Distribution,Penalties Faced,Punches,Saves Made,Saves Made from Inside Box,Saves Made from Outside Box,Saves made - caught,Saves made - parried,Goalkeeper Smother,Penalties Taken,Penalty Goals,Straight Red Cards,Direct Setpiece Goals,Set Pieces Goals,Direct Corner Goals,Penalties Off Target,Penalties Saved,Saves from Penalty,Other Goals,Crosses not Claimed
Eredivisie,2025-2026,AFC Ajax,qbianttmr932drta2agkunf8,M. Abdalla,Midfielder,67,,,,,,,,,,,,,,,,,,,,,,,,,,,,,,,,,,,,,,,,,,,,,,,,,,,,,,,,,,,,,,,,,,,,,,,,,,,,,,,,,,,,,,,,,,,,,,,,,,,,,,,,,,,,,,,,,,,,,,,,,,,,,,,,,,,,,
Eredivisie,2025-2026,AFC Ajax,4fu2agdclsyxx1boxxibauzo4,G. Alders,Defender,41,15.0,13.0,2.0,9.0,56.0,3.0,56.0,3.0,67.0,30.0,37.0,90.0,77.0,4.0,9.0,9.0,7.0,2.0,52.0,17.0,35.0,6.0,4.0,53.0,1.0,230.0,37.0,13.0,1.0,24.0,49.0,4.0,1.0,7.0,6.0,2.0,4.0,4.0,1.0,2.0,7.0,187.0,106.0,90.0,185.0,11.0,9.0,28.0,529.0,9.0,2.0,19.0,6.0,14.0,73.0,235.0,1.0,192.0,20.0,11.0,43.0,377.0,9.0,9.0,3.0,5.0,6.0,36.0,16.0,37.0,0.0,,,,,,,,,,,,,,,,,,,,,,,,,,,,,,,,,,,,,,,,,,,,,,,,,,,,,,,,,,,,,,
Eredivisie,2025-2026,AFC Ajax,3ctkqknm19hnv3oliuzgizuac,A. Appiah,Defender,0,,,,,,,,,,,,,,,,,,,,,,,,,,,,,,,,,,,,,,,,,,,,,,,,,,,,,,,,,,,,,,,,,,,,,,,,,,,,,,,,,,,,,,,,,,,,,,,,,,,,,,,,,,,,,,,,,,,,,,,,,,,,,,,,,,,,,
Eredivisie,2025-2026,AFC Ajax,47l204bkq2qqjhtazusr0019m,Y. Baas,Defender,15,91.0,47.0,44.0,30.0,153.0,31.0,592.0,1.0,246.0,102.0,144.0,147.0,631.0,11.0,30.0,38.0,34.0,4.0,155.0,55.0,100.0,34.0,7.0,483.0,1.0,2123.0,324.0,27.0,17.0,133.0,979.0,8.0,6.0,30.0,,,1.0,1.0,10.0,1.0,75.0,1958.0,759.0,1318.0,2001.0,21.0,32.0,12.0,2670.0,17.0,3.0,133.0,25.0,37.0,222.0,2246.0,13.0,2076.0,53.0,25.0,170.0,2702.0,1.0,1.0,8.0,36.0,76.0,93.0,78.0,94.0,2.0,1.0,1.0,8.0,2.0,59.0,1.0,59.0,4.0,4.0,1.0,4.0,1.0,1.0,4.0,1.0,1.0,7.0,15.0,2.0,3.0,1.0,4.0,3.0,1.0,2.0,2.0,2.0,,,,,,,,,,,,,,,,,,,,,,,,,,,,,,,,,,,
Eredivisie,2025-2026,AFC Ajax,7joybllup4h9oe6zfhcepjy6t,S. Berghuis,Forward,23,8.0,4.0,4.0,18.0,148.0,2.0,173.0,11.0,66.0,36.0,30.0,389.0,176.0,3.0,18.0,8.0,6.0,2.0,58.0,32.0,26.0,8.0,31.0,272.0,2.0,658.0,68.0,18.0,2.0,54.0,80.0,33.0,14.0,13.0,10.0,5.0,21.0,5.0,5.0,26.0,48.0,553.0,415.0,175.0,521.0,4.0,8.0,10.0,1071.0,25.0,6.0,5.0,7.0,10.0,196.0,676.0,30.0,569.0,12.0,52.0,107.0,897.0,42.0,25.0,12.0,10.0,34.0,128.0,21.0,73.0,1.0,2.0,9.0,1.0,,,2.0,,4.0,4.0,2.0,,,,,,1.0,16.0,1.0,4.0,1.0,2.0,,2.0,,3.0,2.0,2.0,3.0,37.0,4.0,1.0,3.0,2.0,1.0,13.0,13.0,,,,,,,,,,,,,,,,,,,,,,,,,,
Eredivisie,2025-2026,AFC Ajax,264gu641hrd38wqf28xolwhlg,R. Bounida,Forward,43,21.0,15.0,6.0,21.0,95.0,2.0,177.0,14.0,125.0,66.0,59.0,305.0,97.0,3.0,21.0,12.0,12.0,,104.0,51.0,53.0,2.0,24.0,147.0,,378.0,67.0,19.0,7.0,36.0,48.0,29.0,8.0,9.0,8.0,12.0,11.0,3.0,17.0,17.0,17.0,316.0,238.0,97.0,307.0,9.0,5.0,12.0,807.0,28.0,5.0,16.0,12.0,22.0,166.0,387.0,18.0,324.0,14.0,62.0,63.0,650.0,45.0,17.0,14.0,7.0,12.0,91.0,17.0,51.0,1.0,5.0,18.0,,,,5.0,,1.0,1.0,2.0,,,,1.0,,1.0,10.0,,5.0,,3.0,,,,4.0,1.0,0.0,3.0,36.0,1.0,1.0,1.0,2.0,,8.0,23.0,2.0,,,,,,,,,,,,,,,,,,,,,,,,,
Eredivisie,2025-2026,AFC Ajax,2wesmq2wuhnuwh2yhgkuaxqfo,A. Bouwman,Defender,30,12.0,9.0,3.0,8.0,28.0,5.0,105.0,,30.0,19.0,11.0,12.0,105.0,2.0,8.0,3.0,3.0,,18.0,10.0,8.0,4.0,1.0,201.0,,394.0,48.0,3.0,2.0,23.0,76.0,1.0,,6.0,,2.0,,,1.0,,10.0,369.0,120.0,265.0,375.0,3.0,4.0,,553.0,1.0,1.0,33.0,7.0,,29.0,410.0,2.0,385.0,7.0,3.0,25.0,482.0,,,,5.0,10.0,12.0,13.0,15.0,0.0,,,4.0,,3.0,,3.0,1.0,1.0,,,,,,,,2.0,4.0,1.0,,,1.0,1.0,,2.0,1.0,0.0,,,,,,,1.0,,,,,,,,,,,,,,,,,,,,,,,,,,,,
Eredivisie,2025-2026,AFC Ajax,9c2i7ddl2uh7kuhwq62klkyui,B. Brobbey,Forward,9,,,,,,,,,,,,,,,,,,,,,,,,,,,,,,,,,,,,,,,,,,,,,,,,,,,,,,,,,,,,,,,,,,,,,,,,,,,,,,,,,,,,,,,,,,,,,,,,,,,,,,,,,,,,,,,,,,,,,,,,,,,,,,,,,,,,,
Eredivisie,2025-2026,AFC Ajax,e3mwjkfs86jtko5qiqecqy7tg,E. Butera,Defender,0,,,,,,,,,,,,,,,,,,,,,,,,,,,,,,,,,,,,,,,,,,,,,,,,,,,,,,,,,,,,,,,,,,,,,,,,,,,,,,,,,,,,,,,,,,,,,,,,,,,,,,,,,,,,,,,,,,,,,,,,,,,,,,,,,,,,,
Eredivisie,2025-2026,AFC Ajax,ctp8zu9j5xq6ra8f2n3ybfn6c,M. Carrizo,Forward,7,2.0,,2.0,3.0,5.0,,5.0,,5.0,1.0,4.0,12.0,1.0,,3.0,1.0,1.0,,3.0,1.0,2.0,,,3.0,,9.0,,3.0,2.0,1.0,,,,,,3.0,,,1.0,,1.0,8.0,5.0,3.0,7.0,1.0,,2.0,27.0,1.0,,1.0,,,6.0,9.0,,8.0,1.0,1.0,1.0,24.0,2.0,1.0,1.0,,,3.0,,1.0,0.0,,,,,,,,,,,,,,,,,,,,,,,,,,,,,1.0,,,,,,,1.0,,,,,,,,,,,,,,,,,,,,,,,,,,
Eredivisie,2025-2026,AFC Ajax,bpprd2haoafk6y0rjans4iytx,K. Dolberg,Forward,9,54.0,36.0,18.0,21.0,72.0,1.0,64.0,4.0,139.0,80.0,59.0,162.0,42.0,9.0,21.0,12.0,12.0,,85.0,44.0,41.0,4.0,7.0,49.0,6.0,206.0,37.0,19.0,6.0,16.0,54.0,10.0,10.0,12.0,10.0,9.0,,,7.0,18.0,3.0,136.0,91.0,56.0,144.0,1.0,5.0,1.0,1083.0,23.0,4.0,5.0,22.0,28.0,131.0,217.0,21.0,147.0,6.0,54.0,70.0,392.0,1.0,1.0,14.0,2.0,3.0,50.0,21.0,67.0,0.0,2.0,5.0,,,,3.0,,3.0,3.0,2.0,,,,1.0,,,11.0,,2.0,,8.0,,3.0,,1.0,2.0,1.0,,,3.0,1.0,1.0,,2.0,,,6.0,,,,,,,,,,,,,,,,,,,,,,,,,
Eredivisie,2025-2026,AFC Ajax,7dkhv2l8y6jq20l1dc2ye17je,O. Edvardsen,Forward,17,24.0,11.0,13.0,18.0,73.0,,61.0,3.0,93.0,49.0,44.0,160.0,63.0,4.0,18.0,14.0,12.0,2.0,69.0,38.0,31.0,4.0,8.0,74.0,,239.0,31.0,18.0,7.0,30.0,30.0,9.0,1.0,6.0,6.0,12.0,5.0,5.0,5.0,7.0,6.0,196.0,127.0,75.0,191.0,2.0,7.0,12.0,635.0,19.0,3.0,9.0,12.0,18.0,89.0,240.0,2.0,197.0,9.0,20.0,43.0,374.0,15.0,15.0,5.0,1.0,1.0,46.0,12.0,42.0,0.0,1.0,2.0,,,,1.0,,,,1.0,,,,2.0,,,1.0,2.0,,,2.0,,,,3.0,,,,,,,,,,,,1.0,1.0,,,,,,,,,,,,,,,,,,,,,,,,
Eredivisie,2025-2026,AFC Ajax,7dbxbajs67qezr9rk2vjtnrx0,A. El Hani,Goalkeeper,62,,,,,,,,,,,,,,,,,,,,,,,,,,,,,,,,,,,,,,,,,,,,,,,,,,,,,,,,,,,,,,,,,,,,,,,,,,,,,,,,,,,,,,,,,,,,,,,,,,,,,,,,,,,,,,,,,,,,,,,,,,,,,,,,,,,,,
Eredivisie,2025-2026,AFC Ajax,b8ixf31bdyfqqcwoy4ulai73e,K. Fitz-Jim,Midfielder,28,2.0,1.0,1.0,17.0,50.0,,108.0,5.0,70.0,35.0,35.0,101.0,108.0,8.0,17.0,9.0,7.0,2.0,68.0,34.0,34.0,16.0,4.0,78.0,,335.0,46.0,12.0,3.0,37.0,106.0,4.0,4.0,4.0,4.0,13.0,,,7.0,13.0,9.0,293.0,185.0,115.0,291.0,8.0,12.0,1.0,516.0,14.0,2.0,8.0,11.0,7.0,68.0,342.0,8.0,300.0,20.0,23.0,42.0,455.0,3.0,3.0,9.0,7.0,12.0,31.0,14.0,30.0,0.0,,5.0,,,,,,1.0,1.0,,1.0,,1.0,2.0,,,4.0,,1.0,,,,1.0,,2.0,0.0,1.0,,1.0,1.0,1.0,,,,,,1.0,,,,,,,,,,,,,,,,,,,,,,,,,
Eredivisie,2025-2026,AFC Ajax,4n18t6bixl6ba3bx76hym51qs,A. Gaaei,Defender,3,41.0,19.0,22.0,25.0,182.0,4.0,207.0,15.0,136.0,72.0,64.0,409.0,266.0,9.0,25.0,27.0,24.0,3.0,95.0,53.0,42.0,19.0,24.0,340.0,,804.0,123.0,20.0,7.0,63.0,38.0,26.0,10.0,18.0,6.0,7.0,15.0,15.0,12.0,2.0,40.0,657.0,371.0,322.0,638.0,8.0,17.0,106.0,1703.0,24.0,10.0,50.0,20.0,5.0,273.0,826.0,18.0,678.0,25.0,44.0,148.0,1251.0,68.0,66.0,16.0,20.0,50.0,184.0,32.0,98.0,0.0,4.0,6.0,3.0,,,4.0,,1.0,,,,,,2.0,,,8.0,10.0,2.0,8.0,,,,,3.0,1.0,0.0,3.0,3.0,,,,,1.0,,1.0,,,1.0,,,,,,,,,,,,,,,,,,,,,,,
Eredivisie,2025-2026,AFC Ajax,8hgpvnzy2mra3ps209tniq7f8,O. Gloukh,Midfielder,10,6.0,6.0,,29.0,155.0,,353.0,10.0,173.0,101.0,72.0,515.0,217.0,2.0,29.0,18.0,16.0,2.0,167.0,95.0,72.0,2.0,23.0,198.0,,778.0,181.0,29.0,5.0,79.0,234.0,29.0,9.0,16.0,13.0,13.0,12.0,2.0,32.0,27.0,23.0,659.0,498.0,194.0,657.0,11.0,12.0,9.0,1560.0,79.0,4.0,4.0,4.0,17.0,275.0,804.0,31.0,680.0,23.0,84.0,124.0,1150.0,28.0,13.0,44.0,1.0,16.0,127.0,25.0,108.0,1.0,2.0,18.0,,,,6.0,,6.0,5.0,,,,,3.0,,,22.0,,10.0,,1.0,,2.0,,3.0,1.0,5.0,3.0,27.0,6.0,,,6.0,6.0,9.0,12.0,2.0,,1.0,,,,,,,,,,,,,,,,,,,,,,,
Eredivisie,2025-2026,AFC Ajax,cx6fxszjvjam6zb3c3p0dd1jo,M. Godts,Forward,11,32.0,21.0,11.0,31.0,263.0,3.0,613.0,21.0,362.0,200.0,162.0,918.0,266.0,8.0,31.0,38.0,35.0,3.0,330.0,179.0,151.0,12.0,63.0,97.0,8.0,1078.0,317.0,67.0,23.0,115.0,479.0,75.0,27.0,29.0,11.0,2.0,15.0,11.0,83.0,25.0,52.0,857.0,631.0,268.0,832.0,9.0,18.0,19.0,2601.0,141.0,14.0,7.0,18.0,41.0,520.0,1105.0,66.0,884.0,27.0,196.0,221.0,1776.0,65.0,47.0,90.0,3.0,24.0,239.0,47.0,197.0,4.0,9.0,13.0,4.0,,,12.0,,17.0,13.0,1.0,,,,5.0,,,39.0,,13.0,,8.0,,12.0,,2.0,9.0,8.0,2.0,27.0,17.0,4.0,5.0,7.0,12.0,4.0,12.0,2.0,,4.0,,,,,,,,,,,,,,,,,,,,,,,
Eredivisie,2025-2026,AFC Ajax,cu1mrhhanp9ee4hbnwg7v1444,J. Heerkens,Goalkeeper,12,,,,,,,,,,,,,,,,,,,,,,,,,,,,,,,,,,,,,,,,,,,,,,,,,,,,,,,,,,,,,,,,,,,,,,,,,,,,,,,,,,,,,,,,,,,,,,,,,,,,,,,,,,,,,,,,,,,,,,,,,,,,,,,,,,,,,
Eredivisie,2025-2026,AFC Ajax,c2v9hevxbzzamy7wkrvysq9ec,M. Ibrahimović,Forward,0,,,,,,,,,,,,,,,,,,,,,,,,,,,,,,,,,,,,,,,,,,,,,,,,,,,,,,,,,,,,,,,,,,,,,,,,,,,,,,,,,,,,,,,,,,,,,,,,,,,,,,,,,,,,,,,,,,,,,,,,,,,,,,,,,,,,,
Eredivisie,2025-2026,AFC Ajax,70tsvrcmklvp4ecdhxlugf8ix,K. Itakura,Defender,4,42.0,13.0,29.0,17.0,82.0,13.0,193.0,2.0,96.0,40.0,56.0,66.0,245.0,3.0,17.0,17.0,16.0,1.0,54.0,27.0,27.0,13.0,2.0,266.0,,824.0,111.0,14.0,9.0,40.0,260.0,2.0,3.0,15.0,6.0,2.0,,,3.0,6.0,27.0,764.0,271.0,522.0,766.0,6.0,9.0,,1254.0,11.0,1.0,93.0,13.0,9.0,87.0,853.0,6.0,793.0,15.0,12.0,60.0,1071.0,4.0,4.0,4.0,14.0,25.0,42.0,22.0,35.0,0.0,,1.0,2.0,,16.0,,16.0,1.0,1.0,,,,,1.0,,,3.0,6.0,1.0,1.0,,,1.0,,2.0,0.0,1.0,,,,,,,1.0,,,,,,,,,,,,,,,,,,,,,,,,,,,,
Eredivisie,2025-2026,AFC Ajax,1c4fzmrwmlwaqmqomge14rqc4,D. Janse,Defender,36,92.0,41.0,51.0,30.0,136.0,23.0,363.0,2.0,210.0,86.0,124.0,107.0,536.0,14.0,30.0,35.0,29.0,6.0,118.0,45.0,73.0,29.0,15.0,321.0,,1515.0,197.0,25.0,14.0,91.0,642.0,17.0,5.0,29.0,,1.0,4.0,4.0,8.0,,92.0,1298.0,548.0,872.0,1324.0,15.0,21.0,4.0,2634.0,4.0,5.0,142.0,35.0,30.0,250.0,1635.0,10.0,1416.0,36.0,30.0,219.0,2010.0,1.0,1.0,1.0,52.0,100.0,171.0,49.0,119.0,0.0,2.0,4.0,10.0,2.0,67.0,2.0,67.0,2.0,2.0,,1.0,,,2.0,,,5.0,13.0,2.0,1.0,2.0,2.0,2.0,,6.0,1.0,1.0,,,,,1.0,1.0,,,,,,,2.0,,,,,,,,,,,,,,,,,,,,,,
Eredivisie,2025-2026,AFC Ajax,3mctpepmqunc1a8zro2nq1wtm,V. Jaroš,Goalkeeper,1,4.0,,4.0,19.0,,,118.0,,6.0,,6.0,,434.0,,19.0,23.0,21.0,2.0,2.0,,2.0,2.0,,172.0,,628.0,41.0,,,174.0,153.0,,,19.0,,,,,,,116.0,472.0,53.0,497.0,434.0,,,,1710.0,,,15.0,,3.0,215.0,759.0,,550.0,,,209.0,960.0,,,,113.0,201.0,147.0,62.0,8.0,0.0,,,5.0,,144.0,,72.0,,,,,1.0,,3.0,,,,38.0,,,,13.0,,,1.0,,,,,,,,,,,,,,,,15.0,2.0,24.0,3.0,5.0,62.0,38.0,23.0,1.0,10.0,,,,,,,,,,,,
Eredivisie,2025-2026,AFC Ajax,3srqm69qud5sfy14rgveaeuxg,L. Jetten,Defender,46,,,,,,,,,,,,,,,,,,,,,,,,,,,,,,,,,,,,,,,,,,,,,,,,,,,,,,,,,,,,,,,,,,,,,,,,,,,,,,,,,,,,,,,,,,,,,,,,,,,,,,,,,,,,,,,,,,,,,,,,,,,,,,,,,,,,,
Eredivisie,2025-2026,AFC Ajax,94y5a0g4qvxgv00qy5l51u13o,J. Johnson,Midfielder,57,,,,1.0,1.0,,1.0,,1.0,1.0,,2.0,2.0,,1.0,,,,1.0,1.0,,,,1.0,,4.0,1.0,,,1.0,,,,,,1.0,,,,,,4.0,1.0,3.0,4.0,,,,10.0,1.0,,,,,3.0,4.0,,4.0,,,,7.0,,,,,,,,,0.0,,,,,,,,,,,,,,,,,,,,,,,,,,,,,,,,,,,,,,,,,,,,,,,,,,,,,,,,,,,,,,
Eredivisie,2025-2026,AFC Ajax,1asrguqxyo7rmoyamggwd9oq2,A. Kaplan,Defender,13,129.0,55.0,74.0,25.0,171.0,14.0,317.0,8.0,307.0,123.0,184.0,193.0,398.0,8.0,25.0,42.0,35.0,7.0,178.0,68.0,110.0,23.0,11.0,178.0,2.0,1080.0,179.0,37.0,20.0,117.0,401.0,11.0,6.0,23.0,4.0,2.0,2.0,2.0,20.0,,45.0,936.0,412.0,588.0,953.0,17.0,31.0,67.0,2046.0,17.0,,128.0,36.0,43.0,213.0,1148.0,14.0,998.0,48.0,28.0,150.0,1649.0,10.0,10.0,7.0,21.0,50.0,118.0,42.0,100.0,0.0,,6.0,1.0,1.0,20.0,,20.0,1.0,1.0,1.0,,,1.0,3.0,,,8.0,7.0,2.0,17.0,2.0,1.0,,,10.0,0.0,1.0,,,1.0,,1.0,1.0,,,,,,,1.0,,,,,,,,,,,,,,,,,,,,,,
Eredivisie,2025-2026,AFC Ajax,d7z8183bumzsh0qnvurc3b95g,K. Kasanwirjo,Defender,0,,,,,,,,,,,,,,,,,,,,,,,,,,,,,,,,,,,,,,,,,,,,,,,,,,,,,,,,,,,,,,,,,,,,,,,,,,,,,,,,,,,,,,,,,,,,,,,,,,,,,,,,,,,,,,,,,,,,,,,,,,,,,,,,,,,,,
Eredivisie,2025-2026,AFC Ajax,baakmd4ndnulbl9npvmq90mvp,D. Klaassen,Midfielder,18,52.0,30.0,22.0,28.0,139.0,7.0,100.0,4.0,167.0,84.0,83.0,253.0,208.0,7.0,28.0,25.0,24.0,1.0,115.0,54.0,61.0,12.0,16.0,159.0,2.0,643.0,38.0,39.0,16.0,75.0,168.0,18.0,8.0,20.0,13.0,8.0,2.0,2.0,2.0,37.0,19.0,509.0,310.0,231.0,520.0,14.0,30.0,9.0,1718.0,21.0,2.0,18.0,24.0,15.0,188.0,674.0,19.0,539.0,44.0,55.0,135.0,921.0,3.0,3.0,12.0,6.0,16.0,85.0,53.0,119.0,1.0,1.0,7.0,1.0,,,2.0,,6.0,4.0,1.0,2.0,,,3.0,,,11.0,1.0,1.0,1.0,3.0,,4.0,,1.0,4.0,2.0,,1.0,6.0,,,,4.0,,,1.0,,2.0,,,,,,,,,,,,,,,,,,,,,,,
Eredivisie,2025-2026,AFC Ajax,3rve12v22lh39aaqgjlwlmhas,D. Konadu,Forward,19,15.0,7.0,8.0,9.0,16.0,,10.0,,30.0,15.0,15.0,32.0,5.0,1.0,9.0,4.0,4.0,,15.0,8.0,7.0,1.0,3.0,13.0,1.0,36.0,6.0,2.0,1.0,3.0,6.0,3.0,4.0,2.0,2.0,7.0,,,1.0,4.0,1.0,25.0,19.0,10.0,28.0,,2.0,,176.0,4.0,1.0,4.0,4.0,4.0,24.0,40.0,6.0,29.0,2.0,12.0,11.0,79.0,,,1.0,,,6.0,5.0,11.0,0.0,,1.0,,,,,,,,,,,,1.0,,,2.0,,1.0,,1.0,,,,,,,,,,,,1.0,,,,3.0,,,,,,,,,,,,,,,,,,,,,,,,,
Eredivisie,2025-2026,AFC Ajax,9tp35qqu1heburu0g5wa6jv56,Lucas Rosa,Defender,2,43.0,25.0,18.0,26.0,229.0,14.0,330.0,12.0,218.0,88.0,130.0,279.0,387.0,18.0,26.0,26.0,24.0,2.0,175.0,63.0,112.0,37.0,8.0,285.0,,1163.0,162.0,32.0,17.0,110.0,296.0,8.0,7.0,23.0,4.0,3.0,3.0,3.0,19.0,2.0,33.0,1026.0,439.0,623.0,1026.0,26.0,40.0,131.0,2054.0,23.0,,78.0,30.0,27.0,216.0,1197.0,12.0,1059.0,66.0,31.0,138.0,1724.0,21.0,21.0,18.0,24.0,39.0,103.0,56.0,99.0,0.0,,3.0,7.0,1.0,,,,,,2.0,,,2.0,4.0,,,5.0,7.0,,11.0,1.0,1.0,,,3.0,,,,,,1.0,,2.0,,,,,,,,,,,,,,,,,,,,,,,,,,,,,
Eredivisie,2025-2026,AFC Ajax,7wz2sc3d07aaduyhmihffa2hg,J. McConnell,Midfielder,16,1.0,,1.0,4.0,11.0,2.0,20.0,,11.0,3.0,8.0,11.0,14.0,1.0,4.0,2.0,2.0,,10.0,3.0,7.0,1.0,,21.0,,58.0,11.0,3.0,1.0,3.0,13.0,,,1.0,1.0,3.0,,,1.0,,3.0,50.0,31.0,20.0,48.0,3.0,2.0,,101.0,2.0,,4.0,1.0,1.0,11.0,59.0,,51.0,5.0,,8.0,84.0,,,,2.0,3.0,6.0,2.0,5.0,0.0,,,,,,,,,,,,,,,,,,,,,,,,,,,,,,,,,,,,,,,,1.0,,,,,,,,,,,,,,,,,,,,,,
Eredivisie,2025-2026,AFC Ajax,brfa9yhy2llgt9l75unddogk,J. Mokio,Defender,24,43.0,21.0,22.0,25.0,109.0,6.0,177.0,3.0,185.0,87.0,98.0,167.0,161.0,7.0,25.0,21.0,19.0,2.0,142.0,66.0,76.0,19.0,9.0,184.0,1.0,634.0,85.0,33.0,22.0,80.0,192.0,11.0,8.0,12.0,7.0,13.0,1.0,1.0,11.0,21.0,15.0,538.0,264.0,287.0,535.0,24.0,29.0,23.0,1233.0,31.0,1.0,26.0,14.0,12.0,158.0,646.0,14.0,550.0,53.0,17.0,96.0,940.0,5.0,5.0,16.0,5.0,14.0,63.0,38.0,82.0,0.0,2.0,2.0,2.0,1.0,,2.0,,2.0,2.0,1.0,,,,3.0,,,6.0,2.0,4.0,3.0,3.0,1.0,1.0,,,2.0,0.0,,,1.0,,2.0,1.0,,,,3.0,,,1.0,,,,,,,,,,,,,,,,,,,,,,
Eredivisie,2025-2026,AFC Ajax,6km3r9cspyz7g6343o9mri63u,Raúl Moro,Forward,7,3.0,2.0,1.0,14.0,38.0,,102.0,15.0,41.0,27.0,14.0,175.0,44.0,1.0,14.0,9.0,7.0,2.0,38.0,25.0,13.0,4.0,15.0,72.0,3.0,172.0,75.0,14.0,2.0,21.0,22.0,16.0,3.0,7.0,7.0,7.0,5.0,5.0,5.0,2.0,4.0,139.0,115.0,33.0,139.0,4.0,2.0,3.0,562.0,15.0,4.0,1.0,3.0,2.0,105.0,176.0,8.0,143.0,6.0,37.0,33.0,293.0,35.0,29.0,15.0,,1.0,59.0,9.0,32.0,0.0,1.0,1.0,,,,1.0,,,,,,,,2.0,,,5.0,1.0,,1.0,1.0,,,,1.0,,,,10.0,,,,8.0,,,6.0,2.0,,,,,,,,,,,,,,,,,,,,,,,,,
Eredivisie,2025-2026,AFC Ajax,dqdu0arww7z83y4of1nvi42z8,P. Nash,Forward,66,1.0,,1.0,1.0,,,1.0,,1.0,,1.0,2.0,1.0,,1.0,,,,,,,,,1.0,,3.0,1.0,,,,1.0,,,,,1.0,,,,,,2.0,2.0,,2.0,,,,3.0,,,,,,2.0,3.0,,2.0,,,1.0,4.0,1.0,1.0,,,,1.0,1.0,1.0,0.0,,,,,,,,,,,,,,,,,,,,,,,,,,,,,,,,,,,,,,,,,,,,,,,,,,,,,,,,,,,,,,
Eredivisie,2025-2026,AFC Ajax,1skswa4kpj45huc0rcf43ptsk,D. O'Niel,Midfielder,0,,,,,,,,,,,,,,,,,,,,,,,,,,,,,,,,,,,,,,,,,,,,,,,,,,,,,,,,,,,,,,,,,,,,,,,,,,,,,,,,,,,,,,,,,,,,,,,,,,,,,,,,,,,,,,,,,,,,,,,,,,,,,,,,,,,,,
Eredivisie,2025-2026,AFC Ajax,dyurvoycbhux9rm1mpaaegf10,A. Ouazane,Midfielder,68,,,,,,,,,,,,,,,,,,,,,,,,,,,,,,,,,,,,,,,,,,,,,,,,,,,,,,,,,,,,,,,,,,,,,,,,,,,,,,,,,,,,,,,,,,,,,,,,,,,,,,,,,,,,,,,,,,,,,,,,,,,,,,,,,,,,,
Eredivisie,2025-2026,AFC Ajax,dunp2ilud32z4lf3f8vvwjca1,M. Paes,Goalkeeper,26,3.0,,3.0,10.0,,,62.0,,5.0,,5.0,,259.0,,10.0,11.0,10.0,1.0,2.0,,2.0,,,85.0,,316.0,21.0,1.0,,101.0,63.0,,,10.0,,,,,,,82.0,206.0,50.0,206.0,174.0,1.0,,,900.0,,,5.0,,1.0,155.0,407.0,,256.0,1.0,,151.0,509.0,,,,82.0,144.0,105.0,46.0,7.0,0.0,,,4.0,,83.0,,52.0,,,,,,,1.0,,,,39.0,,,,3.0,,,,,,,,,,,,,,,,,,,8.0,1.0,22.0,1.0,3.0,29.0,15.0,14.0,2.0,7.0,,,,,,,,,,,,
Eredivisie,2025-2026,AFC Ajax,7w5ivtmbqzi4hfte330r1a505,R. Pasveer,Goalkeeper,22,2.0,,2.0,15.0,,,106.0,,6.0,2.0,4.0,,438.0,,15.0,34.0,30.0,4.0,4.0,2.0,2.0,,1.0,79.0,,417.0,43.0,1.0,,135.0,60.0,1.0,,15.0,,,,,,,168.0,280.0,131.0,233.0,196.0,1.0,,,1350.0,,,10.0,,2.0,216.0,577.0,,364.0,1.0,,213.0,731.0,,,,120.0,208.0,177.0,36.0,5.0,0.0,,,1.0,,91.0,,70.0,,,,,1.0,,5.0,,,,80.0,,,,12.0,,,,,,,,,,,,,,,,,,,17.0,1.0,28.0,5.0,3.0,69.0,42.0,26.0,,12.0,2.0,,,,,,,,,,,
Eredivisie,2025-2026,AFC Ajax,788q4wkdn9jn6j4jdlta66d5g,T. Peters,Midfielder,55,,,,,,,,,,,,,,,,,,,,,,,,,,,,,,,,,,,,,,,,,,,,,,,,,,,,,,,,,,,,,,,,,,,,,,,,,,,,,,,,,,,,,,,,,,,,,,,,,,,,,,,,,,,,,,,,,,,,,,,,,,,,,,,,,,,,,
Eredivisie,2025-2026,AFC Ajax,2zkaf848fjcdhuii8783pkm7e,Y. Regeer,Midfielder,6,49.0,20.0,29.0,24.0,168.0,10.0,204.0,8.0,168.0,65.0,103.0,223.0,233.0,15.0,24.0,17.0,16.0,1.0,119.0,45.0,74.0,23.0,6.0,311.0,,946.0,90.0,34.0,23.0,101.0,275.0,8.0,4.0,21.0,12.0,3.0,2.0,2.0,4.0,42.0,28.0,862.0,441.0,464.0,875.0,22.0,31.0,20.0,1676.0,20.0,1.0,62.0,17.0,17.0,134.0,987.0,6.0,903.0,53.0,20.0,84.0,1302.0,12.0,12.0,6.0,10.0,20.0,68.0,28.0,64.0,0.0,1.0,4.0,3.0,1.0,,2.0,,,,,,,,1.0,,,2.0,3.0,,1.0,2.0,1.0,,,5.0,,,,,,,,,,,,1.0,,,,,,,,,,,,,,,,,,,,,,,,,
Eredivisie,2025-2026,AFC Ajax,2vp8f9x46i2ptaf08xv7a85xw,P. Reverson,Goalkeeper,52,,,,,,,,,,,,,,,,,,,,,,,,,,,,,,,,,,,,,,,,,,,,,,,,,,,,,,,,,,,,,,,,,,,,,,,,,,,,,,,,,,,,,,,,,,,,,,,,,,,,,,,,,,,,,,,,,,,,,,,,,,,,,,,,,,,,,
Eredivisie,2025-2026,AFC Ajax,56nbghr9snc79dt8h99wleej8,S. Steur,Midfielder,48,9.0,4.0,5.0,18.0,92.0,1.0,216.0,2.0,77.0,34.0,43.0,160.0,146.0,2.0,18.0,16.0,15.0,1.0,68.0,30.0,38.0,7.0,13.0,147.0,,566.0,97.0,18.0,14.0,47.0,191.0,14.0,3.0,13.0,11.0,5.0,,,9.0,22.0,23.0,504.0,296.0,217.0,490.0,11.0,8.0,1.0,1056.0,13.0,1.0,4.0,6.0,10.0,87.0,576.0,9.0,513.0,19.0,18.0,63.0,692.0,2.0,1.0,7.0,1.0,7.0,45.0,20.0,56.0,0.0,1.0,2.0,,,,1.0,,1.0,,,,,,,,,6.0,3.0,1.0,,2.0,,,,2.0,0.0,1.0,,2.0,1.0,,,2.0,1.0,,1.0,1.0,,1.0,,,,,,,,,,,,,,,,,,,,,,,
Eredivisie,2025-2026,AFC Ajax,1wse4b1hxu37e7t5ty5ykn7c9,J. Šutalo,Defender,37,75.0,27.0,48.0,24.0,108.0,12.0,356.0,3.0,131.0,46.0,85.0,46.0,459.0,2.0,24.0,29.0,26.0,3.0,56.0,19.0,37.0,37.0,1.0,547.0,,1413.0,207.0,13.0,8.0,93.0,331.0,1.0,2.0,19.0,2.0,5.0,,,17.0,,52.0,1286.0,493.0,823.0,1264.0,5.0,7.0,4.0,1797.0,6.0,,102.0,8.0,8.0,158.0,1445.0,2.0,1316.0,12.0,13.0,129.0,1713.0,2.0,2.0,3.0,29.0,59.0,83.0,48.0,70.0,0.0,,1.0,4.0,,7.0,,7.0,,,,,1.0,,5.0,,,,10.0,,,,,,,1.0,,,,,,,,1.0,,,,,,,1.0,,,,,,,,,,,,,,,,,,,,,,
Eredivisie,2025-2026,AFC Ajax,35qg0rrwtl00pycx468s62m3u,K. Taylor,Midfielder,8,20.0,13.0,7.0,15.0,160.0,2.0,179.0,6.0,106.0,56.0,50.0,268.0,170.0,11.0,15.0,19.0,16.0,3.0,86.0,43.0,43.0,16.0,19.0,125.0,2.0,586.0,90.0,16.0,5.0,54.0,176.0,23.0,5.0,14.0,3.0,1.0,7.0,1.0,10.0,26.0,19.0,501.0,332.0,220.0,526.0,6.0,10.0,1.0,1279.0,19.0,5.0,6.0,22.0,17.0,138.0,631.0,16.0,545.0,16.0,59.0,86.0,816.0,17.0,11.0,7.0,3.0,12.0,81.0,22.0,74.0,1.0,3.0,10.0,3.0,,,4.0,,2.0,2.0,3.0,,,,4.0,,,11.0,1.0,2.0,,7.0,,2.0,,3.0,1.0,1.0,1.0,12.0,1.0,,1.0,1.0,1.0,4.0,5.0,2.0,,,,,,,,,,,,,,,1.0,1.0,,,,,,,,,
Eredivisie,2025-2026,AFC Ajax,9cep3okmikxayokmo909i68es,S. Tilborg,Defender,0,,,,,,,,,,,,,,,,,,,,,,,,,,,,,,,,,,,,,,,,,,,,,,,,,,,,,,,,,,,,,,,,,,,,,,,,,,,,,,,,,,,,,,,,,,,,,,,,,,,,,,,,,,,,,,,,,,,,,,,,,,,,,,,,,,,,,
Eredivisie,2025-2026,AFC Ajax,2922aevmtpw4qvcwohmxmqtbd,T. Tomiyasu,Defender,32,10.0,1.0,9.0,7.0,22.0,,31.0,,27.0,10.0,17.0,21.0,42.0,,7.0,,,,17.0,9.0,8.0,7.0,,11.0,,115.0,15.0,5.0,1.0,13.0,42.0,,,2.0,2.0,5.0,,,2.0,4.0,3.0,91.0,42.0,51.0,90.0,3.0,1.0,15.0,205.0,6.0,,9.0,2.0,2.0,38.0,117.0,,93.0,4.0,6.0,24.0,179.0,,,3.0,6.0,8.0,14.0,10.0,16.0,0.0,,1.0,,,,,,,,,,,,,,,,,,5.0,,,,1.0,,,,,,,,,,,,,,,,,,,,,,,,,,,,,,1.0,,,,,,,,
Eredivisie,2025-2026,AFC Ajax,9uo88sreasbyj41lg34hxy28l,B. Traoré,Forward,20,1.0,1.0,,1.0,7.0,,8.0,1.0,8.0,3.0,5.0,16.0,4.0,,1.0,,,,7.0,2.0,5.0,1.0,,6.0,,19.0,3.0,2.0,,2.0,2.0,,,1.0,1.0,,,,,1.0,,17.0,14.0,3.0,17.0,,2.0,,63.0,2.0,,,,3.0,6.0,19.0,1.0,17.0,2.0,2.0,2.0,33.0,1.0,1.0,,,,3.0,,2.0,0.0,,,,,,,,,,,,,,,,,1.0,,,1.0,1.0,,,,,,,,,,,,,,,,,,,,,,,,,,,,,,,,,,,,,,,,,
Eredivisie,2025-2026,AFC Ajax,4xgkt8w934s3b4g573re84opg,M. Verkuijl,Midfielder,0,,,,,,,,,,,,,,,,,,,,,,,,,,,,,,,,,,,,,,,,,,,,,,,,,,,,,,,,,,,,,,,,,,,,,,,,,,,,,,,,,,,,,,,,,,,,,,,,,,,,,,,,,,,,,,,,,,,,,,,,,,,,,,,,,,,,,
Eredivisie,2025-2026,AFC Ajax,4utx4h5jz14whtjawxn7ox0r8,N. Verschuren,Defender,42,111.0,50.0,61.0,30.0,146.0,53.0,274.0,,194.0,89.0,105.0,74.0,462.0,12.0,30.0,46.0,40.0,6.0,83.0,39.0,44.0,40.0,6.0,227.0,,1215.0,120.0,18.0,11.0,72.0,484.0,7.0,7.0,29.0,1.0,1.0,2.0,2.0,5.0,3.0,57.0,1080.0,336.0,849.0,1126.0,9.0,18.0,12.0,2595.0,4.0,,159.0,30.0,12.0,164.0,1319.0,10.0,1183.0,27.0,26.0,136.0,1727.0,,,1.0,34.0,54.0,85.0,51.0,82.0,0.0,,1.0,3.0,2.0,58.0,1.0,58.0,,,2.0,,1.0,1.0,2.0,,,3.0,8.0,,,1.0,2.0,,,6.0,,,,,,,,,,,,,,,3.0,,,,,,,,,,,,,,,,,,,,,,
Eredivisie,2025-2026,AFC Ajax,em7ie3i4w6bt476naq80umcd0,S. Vink,Forward,0,,,,,,,,,,,,,,,,,,,,,,,,,,,,,,,,,,,,,,,,,,,,,,,,,,,,,,,,,,,,,,,,,,,,,,,,,,,,,,,,,,,,,,,,,,,,,,,,,,,,,,,,,,,,,,,,,,,,,,,,,,,,,,,,,,,,,
Eredivisie,2025-2026,AFC Ajax,57btqxe5sy3ygzxpp55p4umdx,W. Weghorst,Forward,25,120.0,47.0,73.0,26.0,139.0,3.0,85.0,8.0,216.0,97.0,119.0,332.0,103.0,7.0,26.0,25.0,21.0,4.0,96.0,50.0,46.0,2.0,35.0,102.0,17.0,463.0,29.0,24.0,8.0,28.0,131.0,39.0,21.0,19.0,5.0,7.0,,,5.0,57.0,9.0,336.0,255.0,93.0,339.0,6.0,5.0,,1692.0,25.0,6.0,22.0,29.0,31.0,206.0,475.0,38.0,348.0,11.0,118.0,127.0,719.0,4.0,4.0,7.0,,1.0,106.0,25.0,126.0,1.0,2.0,10.0,4.0,,,4.0,,8.0,8.0,2.0,2.0,,,3.0,,,17.0,,1.0,,8.0,1.0,5.0,,6.0,5.0,3.0,,,5.0,2.0,1.0,2.0,5.0,,,16.0,,,,,,,,,,,,,,,,,,,,,,,,,
Eredivisie,2025-2026,AFC Ajax,dafbvyorudvujxw7zswicykmh,O. Wijndal,Defender,5,23.0,11.0,12.0,19.0,144.0,4.0,135.0,11.0,117.0,52.0,65.0,256.0,193.0,11.0,19.0,16.0,15.0,1.0,94.0,41.0,53.0,16.0,15.0,50.0,,642.0,71.0,16.0,3.0,54.0,267.0,15.0,1.0,15.0,9.0,4.0,8.0,7.0,5.0,3.0,11.0,556.0,287.0,289.0,557.0,6.0,17.0,98.0,1356.0,17.0,3.0,34.0,18.0,25.0,149.0,654.0,6.0,568.0,23.0,36.0,86.0,971.0,24.0,24.0,8.0,19.0,31.0,81.0,29.0,55.0,0.0,,4.0,2.0,,,,,1.0,,1.0,,,1.0,3.0,,1.0,5.0,5.0,,6.0,1.0,,,,3.0,0.0,1.0,,1.0,1.0,,1.0,2.0,,1.0,,,,1.0,1.0,,,,,,,,,,,,,,,,,,,,,,
Eredivisie,2025-2026,AFC Ajax,3l7amac6wdv9yztupg7ur3kl,O. Zinchenko,Defender,47,,,,2.0,1.0,,5.0,,3.0,2.0,1.0,13.0,9.0,,2.0,,,,3.0,2.0,1.0,,,3.0,,20.0,3.0,,,,9.0,,,1.0,1.0,1.0,,,,,3.0,18.0,15.0,5.0,17.0,,,2.0,20.0,1.0,,1.0,1.0,1.0,5.0,22.0,,20.0,,,2.0,29.0,1.0,1.0,1.0,,,3.0,,2.0,0.0,,,,,1.0,,1.0,,,,,,,,,,,,,,,,,,,,,,,,,,,,,,,,,,,,,,,,,,,,,,,,,,,,,,,
Eredivisie,2025-2026,AFC Ajax,80ci9vub479wdpimkabf02rys,R. van de Pavert,Defender,45,,,,,,,,,,,,,,,,,,,,,,,,,,,,,,,,,,,,,,,,,,,,,,,,,,,,,,,,,,,,,,,,,,,,,,,,,,,,,,,,,,,,,,,,,,,,,,,,,,,,,,,,,,,,,,,,,,,,,,,,,,,,,,,,,,,,,
Eredivisie,2025-2026,AFC Ajax,2rsqkarlkh6z8vrb0clfbz6xh,B. van den Boomen,Midfielder,21,,,,,,,,,,,,,,,,,,,,,,,,,,,,,,,,,,,,,,,,,,,,,,,,,,,,,,,,,,,,,,,,,,,,,,,,,,,,,,,,,,,,,,,,,,,,,,,,,,,,,,,,,,,,,,,,,,,,,,,,,,,,,,,,,,,,,
Eredivisie,2025-2026,AFC Ajax,31k1qh5h0hpxisei42mto34lw,M. van der Lans,Defender,53,,,,,,,,,,,,,,,,,,,,,,,,,,,,,,,,,,,,,,,,,,,,,,,,,,,,,,,,,,,,,,,,,,,,,,,,,,,,,,,,,,,,,,,,,,,,,,,,,,,,,,,,,,,,,,,,,,,,,,,,,,,,,,,,,,,,,
Eredivisie,2025-2026,AFC Ajax,e3hefycb3rd22bu83gp1ieec4,D. van der Vaart,Midfielder,0,,,,,,,,,,,,,,,,,,,,,,,,,,,,,,,,,,,,,,,,,,,,,,,,,,,,,,,,,,,,,,,,,,,,,,,,,,,,,,,,,,,,,,,,,,,,,,,,,,,,,,,,,,,,,,,,,,,,,,,,,,,,,,,,,,,,,
Eredivisie,2025-2026,AFC Ajax,f39palhb11oqo5ichnhudhnh0,E. Ünüvar,Forward,59,,,,,,,,,,,,,,,,,,,,,,,,,,,,,,,,,,,,,,,,,,,,,,,,,,,,,,,,,,,,,,,,,,,,,,,,,,,,,,,,,,,,,,,,,,,,,,,,,,,,,,,,,,,,,,,,,,,,,,,,,,,,,,,,,,,,,
Eredivisie,2025-2026,Alkmaar Zaanstreek,ck3l6a262hves3v6nywarx9pm,Alexandre Penetra,Defender,5,107.0,59.0,48.0,32.0,82.0,26.0,420.0,5.0,209.0,96.0,113.0,110.0,546.0,8.0,32.0,45.0,38.0,7.0,102.0,37.0,65.0,27.0,7.0,531.0,2.0,1735.0,242.0,18.0,11.0,115.0,684.0,8.0,9.0,32.0,5.0,,3.0,3.0,1.0,,104.0,1555.0,584.0,1071.0,1548.0,13.0,28.0,12.0,2755.0,3.0,1.0,180.0,19.0,23.0,239.0,1843.0,11.0,1652.0,41.0,25.0,191.0,2287.0,4.0,4.0,1.0,43.0,90.0,126.0,69.0,101.0,1.0,1.0,4.0,8.0,1.0,52.0,1.0,53.0,2.0,2.0,,1.0,,1.0,3.0,,,2.0,20.0,1.0,30.0,1.0,,2.0,,5.0,0.0,2.0,,,,,1.0,,,,,,,,2.0,,,1.0,,,,,,,,,,,,,,,,,,,
Eredivisie,2025-2026,Alkmaar Zaanstreek,22alh32lu88yabxd4pl0opg5w,K. Boogaard,Midfielder,20,19.0,12.0,7.0,10.0,52.0,2.0,86.0,,69.0,39.0,30.0,68.0,112.0,6.0,10.0,11.0,7.0,4.0,50.0,27.0,23.0,11.0,8.0,88.0,1.0,325.0,40.0,23.0,12.0,37.0,79.0,10.0,4.0,8.0,4.0,2.0,3.0,2.0,5.0,4.0,14.0,253.0,137.0,124.0,244.0,6.0,5.0,2.0,691.0,9.0,4.0,11.0,11.0,7.0,98.0,331.0,5.0,258.0,11.0,6.0,73.0,443.0,6.0,3.0,3.0,14.0,19.0,59.0,20.0,54.0,0.0,1.0,1.0,1.0,,,2.0,,,,1.0,,,,1.0,,,1.0,6.0,4.0,,,,,,1.0,,,,3.0,,,,,,1.0,2.0,,,,,,,,,,,,,,,,,,,,,,,,,,
Eredivisie,2025-2026,Alkmaar Zaanstreek,7am931rjcv69rqmdcgxvp2zo4,W. Bouziane,Forward,75,1.0,1.0,,4.0,5.0,,12.0,1.0,17.0,9.0,8.0,25.0,7.0,,4.0,3.0,2.0,1.0,16.0,8.0,8.0,,2.0,2.0,1.0,26.0,5.0,,,7.0,13.0,3.0,,,,4.0,1.0,1.0,2.0,,,20.0,16.0,6.0,21.0,2.0,,1.0,71.0,6.0,,1.0,1.0,4.0,20.0,27.0,1.0,21.0,2.0,6.0,6.0,56.0,1.0,1.0,3.0,,1.0,6.0,1.0,5.0,0.0,1.0,,,,,1.0,,,,,,,,,,,1.0,,,,,,,,,,,,,,,,1.0,,,,,,,,,,,,,,,,,,,,,,,,,,,,,
Eredivisie,2025-2026,Alkmaar Zaanstreek,d29ahwtvs7ls75wdtkf7xr8tm,Z. Buurmeester,Midfielder,28,33.0,22.0,11.0,22.0,104.0,7.0,113.0,5.0,133.0,67.0,66.0,235.0,167.0,6.0,22.0,34.0,27.0,7.0,100.0,45.0,55.0,15.0,17.0,114.0,3.0,514.0,55.0,20.0,15.0,64.0,138.0,17.0,3.0,14.0,3.0,8.0,8.0,,9.0,7.0,18.0,412.0,252.0,176.0,402.0,23.0,15.0,,1441.0,22.0,2.0,31.0,14.0,9.0,173.0,523.0,9.0,420.0,38.0,32.0,103.0,780.0,21.0,5.0,12.0,13.0,24.0,99.0,25.0,79.0,0.0,,6.0,2.0,,,,,2.0,1.0,,1.0,,,,,,6.0,1.0,1.0,,2.0,,1.0,,2.0,0.0,2.0,,18.0,1.0,,1.0,2.0,,6.0,12.0,2.0,,1.0,,,,,,,,,,,,,,,,,,,,,,,
Eredivisie,2025-2026,Alkmaar Zaanstreek,es363spp9pgd4hralx6ni2xw4,M. Chávez,Defender,15,18.0,6.0,12.0,19.0,33.0,1.0,117.0,9.0,141.0,52.0,89.0,154.0,186.0,7.0,19.0,13.0,10.0,3.0,123.0,46.0,77.0,13.0,7.0,27.0,1.0,381.0,73.0,24.0,7.0,36.0,148.0,9.0,5.0,8.0,7.0,11.0,2.0,2.0,9.0,,16.0,279.0,159.0,134.0,275.0,21.0,33.0,65.0,767.0,14.0,2.0,24.0,12.0,15.0,144.0,394.0,9.0,291.0,54.0,29.0,103.0,662.0,15.0,13.0,7.0,14.0,22.0,77.0,41.0,81.0,0.0,2.0,5.0,,,,2.0,,,,,,,,,,,4.0,3.0,1.0,1.0,,,,,5.0,,,,2.0,,,,1.0,,,2.0,,,,,,,,,,,,,,,,,,,,,,,,,,
Eredivisie,2025-2026,Alkmaar Zaanstreek,7jgtmmk4b2bgn0syidj6ve7kl,J. Clasie,Midfielder,8,6.0,2.0,4.0,11.0,83.0,2.0,90.0,,49.0,23.0,26.0,123.0,173.0,3.0,11.0,12.0,11.0,1.0,43.0,21.0,22.0,9.0,11.0,139.0,,520.0,38.0,8.0,3.0,45.0,149.0,12.0,1.0,9.0,4.0,2.0,,,4.0,15.0,27.0,462.0,268.0,217.0,458.0,4.0,11.0,,745.0,7.0,2.0,18.0,8.0,3.0,72.0,544.0,4.0,485.0,15.0,5.0,59.0,633.0,1.0,1.0,2.0,8.0,17.0,38.0,22.0,42.0,0.0,1.0,3.0,1.0,,,1.0,,1.0,,1.0,,,,1.0,1.0,,3.0,6.0,2.0,,,,,1.0,2.0,1.0,0.0,,,1.0,,,,1.0,,,,,1.0,,,,,,,,,,,,,,,,,,,,,,,
Eredivisie,2025-2026,Alkmaar Zaanstreek,wuh8s4gfo9ro3nel3rormg44,R. Daal,Forward,27,9.0,6.0,3.0,23.0,102.0,,298.0,12.0,167.0,76.0,91.0,354.0,86.0,1.0,23.0,23.0,17.0,6.0,158.0,70.0,88.0,9.0,27.0,15.0,,416.0,161.0,21.0,8.0,58.0,218.0,27.0,6.0,17.0,16.0,6.0,6.0,6.0,28.0,2.0,18.0,333.0,241.0,103.0,320.0,9.0,20.0,6.0,1287.0,52.0,6.0,10.0,8.0,31.0,187.0,421.0,14.0,338.0,29.0,83.0,83.0,702.0,19.0,19.0,35.0,2.0,9.0,85.0,17.0,74.0,0.0,,10.0,,,,,,1.0,,1.0,,,,2.0,,,8.0,,3.0,,,,,,1.0,1.0,0.0,,,1.0,1.0,,1.0,1.0,,,,,1.0,,,,,,,,,,,,,,,,,,,,,,,
Eredivisie,2025-2026,Alkmaar Zaanstreek,7ug3a0z74dj7qlq4jbtn1kutw,D. Deen,Goalkeeper,31,,,,,,,,,,,,,,,,,,,,,,,,,,,,,,,,,,,,,,,,,,,,,,,,,,,,,,,,,,,,,,,,,,,,,,,,,,,,,,,,,,,,,,,,,,,,,,,,,,,,,,,,,,,,,,,,,,,,,,,,,,,,,,,,,,,,,
Eredivisie,2025-2026,Alkmaar Zaanstreek,6zzcoo9k4ebqtlux49rbb5fro,M. Dekker,Defender,4,11.0,6.0,5.0,6.0,16.0,1.0,25.0,1.0,16.0,7.0,9.0,12.0,33.0,,6.0,6.0,4.0,2.0,5.0,1.0,4.0,,,21.0,,102.0,11.0,5.0,2.0,14.0,38.0,,,2.0,2.0,4.0,,,1.0,,6.0,92.0,28.0,70.0,92.0,1.0,2.0,,192.0,,,9.0,,,14.0,108.0,,98.0,3.0,1.0,10.0,131.0,1.0,1.0,,2.0,4.0,8.0,3.0,6.0,0.0,,1.0,,,4.0,,4.0,,,,,,,,,,,2.0,,,,,,,,,,,,,,,1.0,,,,,,,,,,,,,,,,,,,,,,,,,,,,,
Eredivisie,2025-2026,Alkmaar Zaanstreek,5ylwgfqvaobru2lxqvlhpxul0,E. Dijkstra,Defender,22,22.0,11.0,11.0,19.0,181.0,2.0,206.0,8.0,127.0,62.0,65.0,238.0,135.0,6.0,19.0,19.0,16.0,3.0,105.0,51.0,54.0,20.0,14.0,221.0,,581.0,110.0,23.0,15.0,90.0,50.0,14.0,3.0,12.0,7.0,7.0,4.0,4.0,10.0,2.0,20.0,509.0,252.0,267.0,495.0,12.0,17.0,66.0,1183.0,25.0,1.0,24.0,8.0,15.0,137.0,587.0,3.0,515.0,29.0,20.0,72.0,888.0,5.0,5.0,16.0,7.0,13.0,42.0,35.0,59.0,0.0,,3.0,2.0,,,,,,,,,,,,,,,1.0,1.0,10.0,,,,,1.0,,,,,,,,1.0,,,,1.0,,,1.0,,,,,,,,,,,,,,,,,,,,,,
Eredivisie,2025-2026,Alkmaar Zaanstreek,9lixevzo8exxiia17altfw8ic,W. Goes,Defender,3,62.0,26.0,36.0,32.0,123.0,27.0,584.0,1.0,182.0,66.0,116.0,130.0,664.0,3.0,32.0,41.0,35.0,6.0,120.0,40.0,80.0,36.0,10.0,787.0,,1785.0,378.0,27.0,17.0,132.0,278.0,10.0,1.0,31.0,7.0,1.0,,,7.0,1.0,100.0,1588.0,662.0,983.0,1545.0,17.0,20.0,14.0,2661.0,6.0,,123.0,23.0,38.0,236.0,1852.0,4.0,1645.0,37.0,16.0,207.0,2234.0,3.0,3.0,2.0,55.0,113.0,161.0,49.0,94.0,0.0,,1.0,8.0,,2.0,,2.0,1.0,1.0,1.0,,,1.0,3.0,,,3.0,16.0,1.0,1.0,,1.0,1.0,,9.0,1.0,0.0,,,,1.0,1.0,1.0,,,,,,,3.0,,,,,,,,,,,,,,,,,,,,,,
Eredivisie,2025-2026,Alkmaar Zaanstreek,90zhj6yyva7sxwn4k6c8oa9ec,J. Hartog,Forward,63,,,,,,,,,,,,,,,,,,,,,,,,,,,,,,,,,,,,,,,,,,,,,,,,,,,,,,,,,,,,,,,,,,,,,,,,,,,,,,,,,,,,,,,,,,,,,,,,,,,,,,,,,,,,,,,,,,,,,,,,,,,,,,,,,,,,,
Eredivisie,2025-2026,Alkmaar Zaanstreek,5i0e7e59vav8ynqzt7qrvitt6,J. Hornkamp,Forward,19,113.0,45.0,68.0,22.0,70.0,1.0,63.0,10.0,211.0,95.0,116.0,198.0,70.0,8.0,22.0,32.0,27.0,5.0,98.0,50.0,48.0,4.0,16.0,57.0,4.0,267.0,25.0,18.0,11.0,29.0,86.0,17.0,13.0,16.0,7.0,6.0,3.0,3.0,9.0,21.0,7.0,160.0,121.0,58.0,169.0,6.0,10.0,,1345.0,20.0,1.0,16.0,29.0,23.0,172.0,283.0,37.0,176.0,16.0,70.0,107.0,503.0,,,9.0,2.0,8.0,89.0,18.0,99.0,0.0,,6.0,,,,1.0,,10.0,10.0,2.0,,,,2.0,,,24.0,,1.0,1.0,10.0,,8.0,1.0,2.0,7.0,3.0,,,8.0,1.0,2.0,,8.0,,,4.0,,,,,,,,,,,,,,,1.0,1.0,1.0,,,,,,,,
Eredivisie,2025-2026,Alkmaar Zaanstreek,f3saw9c9wzs4qda0rtkv9gidw,R. Ichihara,Defender,18,9.0,4.0,5.0,2.0,6.0,2.0,14.0,,14.0,7.0,7.0,8.0,15.0,,2.0,,,,5.0,3.0,2.0,2.0,,23.0,,50.0,5.0,3.0,2.0,1.0,8.0,,,1.0,1.0,1.0,,,,,2.0,41.0,13.0,30.0,41.0,,,,94.0,,,1.0,1.0,2.0,12.0,52.0,1.0,43.0,,4.0,9.0,68.0,,,,1.0,1.0,4.0,5.0,8.0,0.0,,1.0,,,,,,,,,,,,,,,1.0,1.0,,,,,,,,,,,,,,,,,,,,,,,,,,,,,,,,,,,,,,,,,,,,
Eredivisie,2025-2026,Alkmaar Zaanstreek,73lwz4he5erpp25zi8crjvztg,I. Jensen,Forward,17,67.0,42.0,25.0,32.0,227.0,,360.0,10.0,273.0,140.0,133.0,548.0,156.0,3.0,32.0,28.0,25.0,3.0,206.0,98.0,108.0,9.0,35.0,83.0,4.0,677.0,179.0,53.0,25.0,106.0,220.0,39.0,10.0,22.0,17.0,10.0,25.0,20.0,58.0,15.0,16.0,556.0,394.0,195.0,548.0,9.0,16.0,12.0,1987.0,69.0,8.0,21.0,14.0,27.0,296.0,686.0,19.0,564.0,25.0,88.0,122.0,1166.0,51.0,41.0,32.0,10.0,23.0,145.0,28.0,99.0,1.0,3.0,16.0,3.0,,,4.0,,2.0,1.0,,,,,2.0,,,9.0,4.0,2.0,,4.0,,1.0,,,1.0,1.0,3.0,18.0,1.0,,,5.0,2.0,5.0,9.0,1.0,1.0,1.0,,,,,,,,,,,,,,,,1.0,1.0,,,,,,
Eredivisie,2025-2026,Alkmaar Zaanstreek,b94d67jluhh4076wp2se5fqsq,D. Kasius,Defender,30,6.0,4.0,2.0,16.0,125.0,6.0,208.0,15.0,75.0,35.0,40.0,300.0,134.0,6.0,16.0,15.0,14.0,1.0,69.0,31.0,38.0,7.0,19.0,230.0,,500.0,118.0,28.0,10.0,68.0,20.0,21.0,9.0,13.0,5.0,3.0,12.0,12.0,13.0,5.0,46.0,392.0,216.0,196.0,354.0,7.0,9.0,84.0,1185.0,16.0,5.0,26.0,9.0,9.0,198.0,509.0,17.0,400.0,16.0,52.0,109.0,840.0,39.0,37.0,8.0,18.0,32.0,109.0,39.0,77.0,0.0,1.0,8.0,2.0,,,2.0,,2.0,2.0,,,,,2.0,,,8.0,5.0,,7.0,2.0,,,,3.0,2.0,0.0,,2.0,2.0,,1.0,3.0,1.0,,2.0,,,,,,,,,,,,,,,,,,,,,,,,,,
Eredivisie,2025-2026,Alkmaar Zaanstreek,3dx91sb6ktg8z1xmoti25kru,P. Koopmeiners,Midfielder,6,99.0,52.0,47.0,28.0,153.0,12.0,180.0,13.0,273.0,137.0,136.0,326.0,343.0,17.0,28.0,33.0,28.0,5.0,174.0,85.0,89.0,25.0,24.0,249.0,,964.0,83.0,33.0,22.0,102.0,236.0,24.0,13.0,23.0,6.0,5.0,12.0,4.0,7.0,24.0,51.0,796.0,459.0,362.0,758.0,30.0,46.0,5.0,2044.0,24.0,4.0,76.0,36.0,6.0,279.0,981.0,22.0,809.0,76.0,40.0,172.0,1409.0,47.0,16.0,14.0,17.0,36.0,173.0,46.0,136.0,0.0,,8.0,5.0,,,,,2.0,,,,,,2.0,,1.0,9.0,11.0,3.0,,2.0,,,,5.0,1.0,1.0,3.0,33.0,1.0,2.0,,,2.0,8.0,22.0,2.0,,2.0,,,,,,,,,,,,,,,,1.0,,1.0,,,,,
Eredivisie,2025-2026,Alkmaar Zaanstreek,cdkcv67vij1d10ur7fma5qtqs,B. Kovács,Forward,45,4.0,3.0,1.0,3.0,2.0,,2.0,,9.0,7.0,2.0,10.0,3.0,,3.0,,,,5.0,4.0,1.0,,1.0,2.0,,8.0,1.0,,,1.0,1.0,1.0,1.0,,,3.0,,,1.0,1.0,,4.0,4.0,,4.0,,,,27.0,2.0,,1.0,2.0,,8.0,8.0,1.0,4.0,,3.0,4.0,21.0,,,,,1.0,3.0,1.0,3.0,0.0,,1.0,,,,,,,,,,,,,,,,,,,,,,,,,,,,,,,,,,,,,,,,,,,,,,,,,,,,,,,,,,,,
Eredivisie,2025-2026,Alkmaar Zaanstreek,9bgq1tfyfzc3wg9pfr8q510k4,D. Kwakman,Midfielder,21,23.0,14.0,9.0,15.0,71.0,6.0,110.0,4.0,133.0,57.0,76.0,72.0,114.0,10.0,15.0,15.0,12.0,3.0,110.0,43.0,67.0,11.0,3.0,108.0,,358.0,46.0,15.0,10.0,39.0,80.0,7.0,3.0,9.0,3.0,6.0,1.0,1.0,7.0,14.0,16.0,305.0,133.0,187.0,303.0,16.0,20.0,,820.0,18.0,3.0,36.0,15.0,24.0,83.0,373.0,4.0,319.0,36.0,6.0,54.0,569.0,2.0,2.0,9.0,9.0,19.0,41.0,15.0,35.0,0.0,3.0,6.0,,,,4.0,,,,1.0,,,,,,,1.0,4.0,1.0,,1.0,,,,1.0,,,1.0,,,1.0,,,,,,,,,,,,,,,,,,,,,,,,,,,,,,,
Eredivisie,2025-2026,Alkmaar Zaanstreek,a48j66n8bzz6ffcsyiodbfwq2,S. Maikuma,Defender,2,7.0,2.0,5.0,7.0,9.0,,9.0,1.0,26.0,12.0,14.0,23.0,24.0,2.0,7.0,,,,19.0,10.0,9.0,2.0,3.0,23.0,,60.0,5.0,4.0,4.0,5.0,5.0,3.0,,1.0,1.0,6.0,,,1.0,,1.0,40.0,23.0,18.0,40.0,2.0,3.0,7.0,143.0,1.0,1.0,4.0,6.0,3.0,23.0,61.0,,41.0,5.0,5.0,20.0,95.0,,,,1.0,3.0,15.0,5.0,17.0,0.0,,,,,,,,,,,,,,,,,,1.0,,,,,,,,,,,,,,,1.0,,,,1.0,,,,,,,,,,,,,,,,,,,,,,,,,
Eredivisie,2025-2026,Alkmaar Zaanstreek,ab17bik4y8ilv3ahe50a81ixg,M. Meerdink,Forward,35,72.0,42.0,30.0,18.0,43.0,,48.0,13.0,123.0,71.0,52.0,153.0,40.0,4.0,18.0,12.0,10.0,2.0,51.0,29.0,22.0,,6.0,56.0,5.0,171.0,15.0,16.0,3.0,22.0,41.0,7.0,18.0,9.0,6.0,9.0,,,5.0,15.0,4.0,114.0,81.0,42.0,119.0,2.0,3.0,,828.0,17.0,2.0,7.0,13.0,12.0,98.0,180.0,29.0,123.0,5.0,57.0,57.0,312.0,1.0,1.0,3.0,,1.0,45.0,13.0,56.0,2.0,,4.0,1.0,,,1.0,,4.0,4.0,2.0,,,,2.0,,,11.0,,1.0,,7.0,,4.0,,1.0,3.0,1.0,,1.0,2.0,,3.0,2.0,1.0,,,3.0,,,,,,,,,,,,,,,2.0,2.0,,,,,,,,,
Eredivisie,2025-2026,Alkmaar Zaanstreek,811sxc0224hde7smvjnu2l82c,M. Menu,Defender,46,,,,,,,,,,,,,,,,,,,,,,,,,,,,,,,,,,,,,,,,,,,,,,,,,,,,,,,,,,,,,,,,,,,,,,,,,,,,,,,,,,,,,,,,,,,,,,,,,,,,,,,,,,,,,,,,,,,,,,,,,,,,,,,,,,,,,
Eredivisie,2025-2026,Alkmaar Zaanstreek,7jpreaads35pnnfqbn7hmrmy,S. Mijnans,Midfielder,10,37.0,24.0,13.0,29.0,284.0,5.0,208.0,26.0,203.0,116.0,87.0,646.0,275.0,8.0,29.0,39.0,34.0,5.0,166.0,92.0,74.0,16.0,45.0,257.0,6.0,978.0,88.0,51.0,29.0,99.0,238.0,50.0,23.0,26.0,7.0,3.0,19.0,1.0,17.0,63.0,33.0,787.0,546.0,333.0,827.0,17.0,15.0,9.0,2260.0,59.0,10.0,28.0,15.0,25.0,366.0,1054.0,57.0,860.0,32.0,109.0,194.0,1539.0,59.0,22.0,26.0,9.0,30.0,210.0,43.0,164.0,3.0,2.0,23.0,7.0,,,5.0,,10.0,7.0,1.0,1.0,,,3.0,,1.0,34.0,1.0,14.0,2.0,11.0,,6.0,,1.0,8.0,2.0,4.0,68.0,9.0,,7.0,2.0,2.0,14.0,34.0,6.0,,3.0,,,,,,,,,,,,,1.0,,,,,,,,,,
Eredivisie,2025-2026,Alkmaar Zaanstreek,dgrjd4x2rn0jwsbl0n1p0i6ms,A. Natali,Defender,14,,,,,,,,,,,,,,,,,,,,,,,,,,,,,,,,,,,,,,,,,,,,,,,,,,,,,,,,,,,,,,,,,,,,,,,,,,,,,,,,,,,,,,,,,,,,,,,,,,,,,,,,,,,,,,,,,,,,,,,,,,,,,,,,,,,,,
Eredivisie,2025-2026,Alkmaar Zaanstreek,c0os20ujhb2hujvtp21093l04,A. Oufkir,Forward,24,9.0,6.0,3.0,23.0,65.0,2.0,156.0,14.0,126.0,76.0,50.0,264.0,57.0,8.0,23.0,11.0,10.0,1.0,117.0,70.0,47.0,5.0,6.0,80.0,1.0,236.0,93.0,18.0,6.0,43.0,37.0,8.0,13.0,7.0,7.0,16.0,3.0,1.0,18.0,4.0,9.0,182.0,136.0,52.0,176.0,5.0,10.0,7.0,898.0,41.0,3.0,16.0,16.0,14.0,175.0,239.0,25.0,185.0,15.0,52.0,54.0,498.0,34.0,28.0,31.0,1.0,5.0,75.0,13.0,49.0,0.0,1.0,4.0,,,,2.0,,1.0,1.0,,,,,1.0,,,12.0,2.0,2.0,,5.0,,1.0,,3.0,0.0,1.0,,9.0,,2.0,1.0,3.0,,2.0,6.0,1.0,,,,,,,,,,,,,,,,,,,,,,,,,
Eredivisie,2025-2026,Alkmaar Zaanstreek,7wrulbqqdeecd5vegsbb1905w,R. Owusu-Oduro,Goalkeeper,1,5.0,2.0,3.0,22.0,1.0,,48.0,,11.0,4.0,7.0,2.0,429.0,1.0,22.0,33.0,30.0,3.0,6.0,2.0,4.0,,1.0,119.0,,478.0,16.0,,,194.0,92.0,2.0,,22.0,1.0,,,,2.0,,123.0,303.0,92.0,294.0,263.0,,,,1962.0,1.0,,24.0,1.0,3.0,259.0,641.0,,386.0,,1.0,255.0,852.0,,,,179.0,249.0,233.0,22.0,6.0,0.0,1.0,,6.0,,138.0,1.0,97.0,,,,,1.0,1.0,2.0,,,,58.0,,,,11.0,,,1.0,,,,,,,,,,,,,,,,21.0,4.0,42.0,3.0,11.0,64.0,43.0,17.0,2.0,17.0,2.0,,,,,,,,,,,
Eredivisie,2025-2026,Alkmaar Zaanstreek,59ynmlwky3h6m9g2r7a8igi96,T. Parrott,Forward,9,118.0,76.0,42.0,27.0,161.0,2.0,148.0,20.0,258.0,148.0,110.0,437.0,84.0,4.0,27.0,37.0,30.0,7.0,140.0,72.0,68.0,5.0,20.0,122.0,8.0,487.0,75.0,32.0,15.0,60.0,146.0,22.0,28.0,24.0,7.0,3.0,1.0,1.0,14.0,44.0,10.0,361.0,260.0,128.0,377.0,12.0,12.0,1.0,2169.0,39.0,6.0,18.0,18.0,30.0,242.0,513.0,71.0,387.0,24.0,151.0,126.0,869.0,7.0,7.0,14.0,1.0,4.0,103.0,30.0,122.0,3.0,3.0,17.0,1.0,,,3.0,,16.0,15.0,,1.0,1.0,,1.0,,,43.0,,4.0,,25.0,,13.0,,3.0,10.0,6.0,,,14.0,1.0,6.0,1.0,9.0,,,12.0,4.0,1.0,,,,,,,,,,,,,5.0,2.0,,,,,1.0,,,,
Eredivisie,2025-2026,Alkmaar Zaanstreek,cdlnfuy9piyga0wud4nrucvtg,E. Poku,Forward,7,1.0,,1.0,1.0,8.0,,11.0,,9.0,3.0,6.0,17.0,4.0,,1.0,1.0,1.0,,8.0,3.0,5.0,2.0,,2.0,1.0,18.0,8.0,,,6.0,4.0,1.0,,1.0,1.0,,1.0,1.0,5.0,2.0,,14.0,12.0,3.0,14.0,,,,77.0,3.0,,,,,10.0,18.0,,14.0,,2.0,4.0,33.0,,,1.0,,,2.0,2.0,4.0,0.0,,,,,,1.0,,,,,,,,,,,,,,,,,,,,,,,,,,,,,,,,,,,,,,,,,,,,,,,,,,,,,,,,
Eredivisie,2025-2026,Alkmaar Zaanstreek,e8ppjprlbi0yiofmb7mj72wwk,R. Robbemond,Midfielder,56,1.0,1.0,,1.0,5.0,,9.0,,11.0,9.0,2.0,7.0,6.0,1.0,1.0,1.0,,1.0,10.0,8.0,2.0,2.0,1.0,6.0,,28.0,4.0,1.0,,3.0,11.0,1.0,,1.0,1.0,,,,1.0,1.0,1.0,25.0,10.0,15.0,24.0,1.0,,,70.0,2.0,,,2.0,,6.0,28.0,,25.0,1.0,1.0,3.0,38.0,,,2.0,,1.0,1.0,2.0,2.0,0.0,,,,,,,,,,,,,,,,,,,,,,,,,1.0,,,,,,,,,,,,,,,,,,,,,,,,,,,,,,,,,,,,,
Eredivisie,2025-2026,Alkmaar Zaanstreek,619vlbweueymdkq1vu3jm2mwa,I. Sadiq,Forward,11,22.0,13.0,9.0,20.0,75.0,1.0,63.0,11.0,85.0,53.0,32.0,165.0,45.0,4.0,20.0,11.0,9.0,2.0,63.0,40.0,23.0,3.0,8.0,58.0,3.0,223.0,34.0,14.0,7.0,29.0,47.0,8.0,7.0,5.0,4.0,15.0,3.0,3.0,5.0,7.0,13.0,174.0,126.0,53.0,163.0,2.0,6.0,5.0,626.0,24.0,1.0,11.0,8.0,10.0,98.0,225.0,17.0,176.0,8.0,36.0,49.0,363.0,9.0,9.0,12.0,4.0,8.0,48.0,10.0,41.0,0.0,,4.0,,,,,,2.0,2.0,,1.0,,1.0,1.0,,,10.0,,,1.0,2.0,,2.0,,3.0,0.0,2.0,,1.0,2.0,,,2.0,1.0,,,,,,,,,,,,,,,,,,,,,,,,,,,,
Eredivisie,2025-2026,Alkmaar Zaanstreek,ah0m8krxjvx80c3txwjrzvaj8,J. Schipper,Goalkeeper,71,,,,,,,,,,,,,,,,,,,,,,,,,,,,,,,,,,,,,,,,,,,,,,,,,,,,,,,,,,,,,,,,,,,,,,,,,,,,,,,,,,,,,,,,,,,,,,,,,,,,,,,,,,,,,,,,,,,,,,,,,,,,,,,,,,,,,
Eredivisie,2025-2026,Alkmaar Zaanstreek,8u19xeh9ugvh8f1mh7jnbbhuc,K. Smit,Midfielder,26,30.0,21.0,9.0,26.0,201.0,6.0,452.0,11.0,233.0,132.0,101.0,509.0,363.0,20.0,26.0,36.0,31.0,5.0,203.0,111.0,92.0,15.0,34.0,298.0,,1177.0,196.0,38.0,17.0,132.0,347.0,37.0,14.0,23.0,7.0,3.0,5.0,,21.0,29.0,41.0,1034.0,668.0,402.0,1024.0,13.0,25.0,5.0,2138.0,65.0,6.0,18.0,34.0,33.0,275.0,1209.0,24.0,1065.0,38.0,56.0,144.0,1601.0,18.0,7.0,28.0,10.0,28.0,119.0,43.0,116.0,2.0,3.0,14.0,4.0,,,3.0,,3.0,1.0,1.0,,,,2.0,,,10.0,6.0,6.0,,1.0,,,,5.0,2.0,1.0,,24.0,3.0,2.0,,2.0,3.0,5.0,11.0,1.0,,2.0,,,,,,,,,,,,,,,,,,,,,,,
Eredivisie,2025-2026,Alkmaar Zaanstreek,4fsu74aeogf53l2g1tx89vuok,M. Šín,Midfielder,33,8.0,7.0,1.0,18.0,48.0,3.0,62.0,4.0,51.0,36.0,15.0,113.0,51.0,4.0,18.0,8.0,5.0,3.0,43.0,29.0,14.0,5.0,11.0,39.0,1.0,180.0,34.0,8.0,3.0,35.0,50.0,12.0,2.0,6.0,6.0,12.0,1.0,,2.0,11.0,6.0,139.0,93.0,55.0,141.0,2.0,6.0,2.0,542.0,15.0,2.0,9.0,7.0,4.0,74.0,188.0,5.0,147.0,8.0,19.0,41.0,277.0,4.0,2.0,4.0,3.0,4.0,35.0,10.0,37.0,1.0,1.0,4.0,,,,1.0,,1.0,1.0,,,,,,,,3.0,2.0,2.0,,1.0,,1.0,,1.0,1.0,0.0,,5.0,1.0,1.0,1.0,,,1.0,2.0,,,,,,,,,,,,,,,,,,,,,,,,,,
Eredivisie,2025-2026,Alkmaar Zaanstreek,cwu5itv65s8p6zsalk3np4ic,N. Twisk,Midfielder,81,,,,,,,,,,,,,,,,,,,,,,,,,,,,,,,,,,,,,,,,,,,,,,,,,,,,,,,,,,,,,,,,,,,,,,,,,,,,,,,,,,,,,,,,,,,,,,,,,,,,,,,,,,,,,,,,,,,,,,,,,,,,,,,,,,,,,
Eredivisie,2025-2026,Alkmaar Zaanstreek,2p6h6ivyzp1fzsayw7r2xn2dx,H. Verhulst,Goalkeeper,12,,,,1.0,,,1.0,1.0,,,,,13.0,,1.0,,,,,,,,,,,7.0,,,,4.0,,,,1.0,,,,,,,2.0,1.0,2.0,1.0,1.0,,,,90.0,,,,,,10.0,13.0,,3.0,,,10.0,18.0,,,,6.0,10.0,9.0,1.0,,0.0,,,1.0,,2.0,,2.0,,,,,,,,,,,1.0,,,,1.0,,,,,,,,,,,,,,,,,,,,,2.0,,,2.0,1.0,1.0,,,,,,,,,,,,,,
Eredivisie,2025-2026,Alkmaar Zaanstreek,czlf1kiqdfepc61hwfutoydqs,Weslley Patati,Forward,7,30.0,21.0,9.0,26.0,165.0,1.0,275.0,15.0,250.0,135.0,115.0,428.0,89.0,13.0,26.0,21.0,18.0,3.0,220.0,114.0,106.0,1.0,21.0,185.0,2.0,483.0,151.0,29.0,14.0,77.0,50.0,23.0,18.0,18.0,17.0,8.0,4.0,3.0,30.0,19.0,16.0,393.0,265.0,137.0,382.0,13.0,28.0,7.0,1415.0,71.0,7.0,16.0,26.0,35.0,249.0,489.0,33.0,398.0,41.0,94.0,91.0,879.0,20.0,19.0,39.0,4.0,7.0,90.0,21.0,84.0,1.0,2.0,12.0,,,,2.0,,2.0,2.0,2.0,1.0,,,,,1.0,15.0,2.0,5.0,,9.0,,2.0,,,1.0,1.0,1.0,4.0,1.0,1.0,1.0,11.0,,1.0,1.0,1.0,3.0,,,,,,,,,,,,,,,,,,,,,,,,
Eredivisie,2025-2026,Alkmaar Zaanstreek,792zq4joba1qgt0lusvrjantg,L. Zeefuik,Forward,25,100.0,54.0,46.0,23.0,53.0,3.0,110.0,9.0,240.0,143.0,97.0,244.0,61.0,6.0,23.0,34.0,30.0,4.0,140.0,89.0,51.0,2.0,7.0,33.0,1.0,202.0,72.0,5.0,1.0,33.0,64.0,7.0,21.0,12.0,2.0,11.0,,,14.0,18.0,5.0,119.0,93.0,35.0,123.0,2.0,8.0,,1168.0,56.0,,11.0,37.0,28.0,215.0,211.0,31.0,128.0,10.0,74.0,83.0,497.0,5.0,5.0,16.0,2.0,4.0,77.0,11.0,79.0,0.0,,5.0,1.0,,,,,2.0,1.0,3.0,,,,4.0,,,10.0,1.0,2.0,,6.0,,1.0,,6.0,1.0,1.0,1.0,,2.0,2.0,,2.0,2.0,,,9.0,1.0,1.0,,,,,,,,,,,,,,,,,,,,,,,
Eredivisie,2025-2026,Alkmaar Zaanstreek,bmqg7owjivu1f3grdigkid0b9,J. Zoet,Goalkeeper,41,1.0,,1.0,11.0,,,32.0,,3.0,,3.0,,206.0,,11.0,15.0,10.0,5.0,2.0,,2.0,,1.0,54.0,,198.0,10.0,,,75.0,38.0,2.0,,10.0,,1.0,,,,,66.0,115.0,44.0,125.0,103.0,,,,918.0,,1.0,2.0,,2.0,129.0,298.0,,169.0,,,129.0,372.0,,,,87.0,124.0,98.0,31.0,5.0,0.0,1.0,,2.0,,69.0,1.0,68.0,,,,,,,1.0,,,,33.0,,,,6.0,,,,,,,,,,,,,,,,,,,3.0,1.0,30.0,1.0,1.0,31.0,17.0,14.0,,9.0,1.0,,,,,,,,,,,
Eredivisie,2025-2026,Alkmaar Zaanstreek,7grv254bm9482mr347qp2zaj8,J. Zwart,Defender,48,,,,,,,,,,,,,,,,,,,,,,,,,,,,,,,,,,,,,,,,,,,,,,,,,,,,,,,,,,,,,,,,,,,,,,,,,,,,,,,,,,,,,,,,,,,,,,,,,,,,,,,,,,,,,,,,,,,,,,,,,,,,,,,,,,,,,
Eredivisie,2025-2026,Alkmaar Zaanstreek,3uq3lrjyj4mnvq6162b0jyhnt,M. de Wit,Defender,34,68.0,34.0,34.0,31.0,247.0,9.0,385.0,7.0,245.0,119.0,126.0,444.0,469.0,17.0,31.0,45.0,38.0,7.0,177.0,85.0,92.0,28.0,25.0,209.0,1.0,1259.0,193.0,61.0,27.0,106.0,390.0,30.0,5.0,29.0,9.0,2.0,9.0,6.0,17.0,8.0,76.0,1041.0,597.0,502.0,1014.0,30.0,34.0,175.0,2486.0,24.0,7.0,82.0,31.0,12.0,321.0,1315.0,16.0,1090.0,64.0,87.0,225.0,1900.0,29.0,17.0,9.0,41.0,74.0,167.0,87.0,151.0,0.0,4.0,4.0,4.0,1.0,,5.0,,3.0,3.0,2.0,,,,3.0,,,11.0,15.0,2.0,8.0,3.0,1.0,2.0,,9.0,2.0,1.0,,27.0,3.0,,1.0,2.0,2.0,4.0,11.0,,,,,,,,,,,,,,,,,,,,,,,,,,
Eredivisie,2025-2026,Alkmaar Zaanstreek,nw48ayorxrpxwcxbdhxy44k4,B. van Duijl,Defender,23,13.0,10.0,3.0,7.0,20.0,6.0,126.0,1.0,50.0,21.0,29.0,26.0,134.0,2.0,7.0,7.0,6.0,1.0,37.0,11.0,26.0,5.0,2.0,44.0,,313.0,71.0,12.0,6.0,30.0,142.0,2.0,,6.0,,1.0,1.0,1.0,6.0,,42.0,252.0,105.0,173.0,235.0,8.0,10.0,6.0,585.0,3.0,,30.0,3.0,2.0,72.0,340.0,1.0,277.0,18.0,5.0,63.0,446.0,3.0,3.0,1.0,16.0,37.0,47.0,19.0,26.0,0.0,,2.0,3.0,1.0,14.0,,14.0,1.0,1.0,,,,,1.0,,,1.0,8.0,1.0,1.0,,1.0,1.0,,,0.0,1.0,,,,,1.0,,,,,,,,,,,,,,,,,,,,,,,,,,,,,,
Eredivisie,2025-2026,Alkmaar Zaanstreek,dk7zyk16nsnh0czeky7vi0x78,S. van Duijn,Forward,60,54.0,27.0,27.0,13.0,44.0,1.0,57.0,8.0,120.0,71.0,49.0,212.0,73.0,6.0,13.0,16.0,14.0,2.0,66.0,44.0,22.0,5.0,13.0,57.0,,221.0,24.0,18.0,3.0,27.0,48.0,15.0,8.0,11.0,8.0,2.0,3.0,3.0,9.0,13.0,5.0,150.0,109.0,45.0,146.0,4.0,8.0,20.0,947.0,16.0,2.0,33.0,13.0,1.0,137.0,222.0,17.0,151.0,12.0,46.0,71.0,427.0,6.0,6.0,9.0,4.0,5.0,59.0,18.0,66.0,0.0,1.0,5.0,1.0,,,2.0,,5.0,4.0,,,,,,,1.0,9.0,3.0,2.0,20.0,5.0,,3.0,,1.0,4.0,1.0,,,5.0,,,,5.0,,,,,1.0,,,,,,,,,,,,,,,,,,,,,,,
Eredivisie,2025-2026,FC Groningen,bb1srepzkbfdfslea12os90d0,D. Baron,Goalkeeper,24,,,,,,,,,,,,,,,,,,,,,,,,,,,,,,,,,,,,,,,,,,,,,,,,,,,,,,,,,,,,,,,,,,,,,,,,,,,,,,,,,,,,,,,,,,,,,,,,,,,,,,,,,,,,,,,,,,,,,,,,,,,,,,,,,,,,,
Eredivisie,2025-2026,FC Groningen,9wwud2tglhtdocmjgl2u5ib6c,T. Blokzijl,Defender,3,164.0,91.0,73.0,33.0,188.0,30.0,510.0,3.0,257.0,132.0,125.0,88.0,726.0,12.0,33.0,43.0,37.0,6.0,93.0,41.0,52.0,31.0,7.0,785.0,,1865.0,258.0,18.0,10.0,159.0,213.0,8.0,3.0,33.0,1.0,,3.0,3.0,3.0,2.0,77.0,1652.0,659.0,1039.0,1618.0,18.0,19.0,1.0,2957.0,7.0,3.0,169.0,23.0,13.0,247.0,1912.0,4.0,1695.0,37.0,6.0,217.0,2303.0,5.0,5.0,4.0,35.0,67.0,157.0,65.0,150.0,0.0,1.0,7.0,10.0,2.0,3.0,1.0,3.0,1.0,,,,,,3.0,,,1.0,7.0,2.0,,,1.0,,,4.0,0.0,1.0,,,1.0,,,,1.0,,,,,1.0,,,,,,,,,,,,,,,,,,,,,,,
Eredivisie,2025-2026,FC Groningen,58pm13l1cae5x7v5wjl9dukus,S. Bouland,Defender,22,,,,,,,,,,,,,,,,,,,,,,,,,,,,,,,,,,,,,,,,,,,,,,,,,,,,,,,,,,,,,,,,,,,,,,,,,,,,,,,,,,,,,,,,,,,,,,,,,,,,,,,,,,,,,,,,,,,,,,,,,,,,,,,,,,,,,
Eredivisie,2025-2026,FC Groningen,5a3wim0yteedteaarmma5lk44,J. Dillema,Midfielder,44,,,,,,,,,,,,,,,,,,,,,,,,,,,,,,,,,,,,,,,,,,,,,,,,,,,,,,,,,,,,,,,,,,,,,,,,,,,,,,,,,,,,,,,,,,,,,,,,,,,,,,,,,,,,,,,,,,,,,,,,,,,,,,,,,,,,,
Eredivisie,2025-2026,FC Groningen,51amjiu7y5foxpshlwy7dz3mc,N. Eggens,Forward,57,2.0,1.0,1.0,3.0,1.0,,3.0,,4.0,2.0,2.0,5.0,1.0,,3.0,1.0,1.0,,2.0,1.0,1.0,,,2.0,,7.0,1.0,,,,3.0,,,,,3.0,,,,1.0,1.0,5.0,2.0,3.0,4.0,,,,15.0,1.0,,,,1.0,4.0,7.0,,5.0,,2.0,2.0,11.0,,,,,,1.0,1.0,2.0,0.0,,1.0,,,,,,,,,,,,,,,,,,,,,,,,,,,,,,,,,,,,1.0,,,,,,,,,,,,,,,,,,,,,,,,
Eredivisie,2025-2026,FC Groningen,8ledzu9tb7knxqbj7izpk6b6c,N. Emeran,Forward,11,1.0,1.0,,4.0,8.0,,10.0,1.0,8.0,4.0,4.0,29.0,5.0,,4.0,2.0,2.0,,7.0,3.0,4.0,1.0,,6.0,,22.0,6.0,4.0,1.0,3.0,3.0,,,,,4.0,,,1.0,,1.0,16.0,11.0,5.0,15.0,1.0,1.0,2.0,33.0,3.0,,,,1.0,19.0,22.0,,16.0,2.0,3.0,6.0,47.0,6.0,4.0,1.0,1.0,1.0,10.0,2.0,5.0,0.0,,1.0,,,,,,,,,,,,,,,,,,2.0,,,,,,,,1.0,2.0,,,,,,,2.0,,,,,,,,,,,,,,,,,,,,,,,,,,
Eredivisie,2025-2026,FC Groningen,bm3k1knugkwa8z319dscr2yhg,T. Hernes,Midfielder,7,11.0,3.0,8.0,9.0,25.0,,40.0,2.0,34.0,15.0,19.0,70.0,17.0,,9.0,3.0,3.0,,23.0,12.0,11.0,5.0,3.0,17.0,,78.0,17.0,7.0,3.0,6.0,20.0,3.0,2.0,2.0,2.0,7.0,,,5.0,2.0,,59.0,46.0,14.0,60.0,1.0,2.0,,243.0,9.0,1.0,1.0,2.0,3.0,38.0,79.0,4.0,60.0,3.0,12.0,19.0,133.0,5.0,5.0,8.0,1.0,2.0,22.0,2.0,17.0,0.0,,1.0,,,,,,,,,,,,,,,2.0,,,,1.0,,,,,,,,,,,,,,,,,,,,,,,,,,,,,,,,,,,,,,,,,
Eredivisie,2025-2026,FC Groningen,2t8l6omztxur8rgk1kzkl7thw,M. Hoekstra,Forward,69,5.0,4.0,1.0,4.0,2.0,,10.0,,15.0,10.0,5.0,10.0,5.0,2.0,4.0,1.0,1.0,,10.0,6.0,4.0,,,5.0,,17.0,5.0,,,3.0,5.0,,,,,4.0,,,3.0,,1.0,13.0,9.0,4.0,12.0,,,,34.0,2.0,,,2.0,1.0,11.0,17.0,,13.0,,2.0,4.0,30.0,,,1.0,,2.0,4.0,,2.0,0.0,,,,,,,,,,,,,,,,,,,,,,,,,1.0,,,,,,,,,,,,,,,,,,,,,,,,,,,,,,,,,,,,,
Eredivisie,2025-2026,FC Groningen,dxmwgv8o7ykaaxzmenin196hg,Y. Holder,Midfielder,55,,,,,,,,,,,,,,,,,,,,,,,,,,,,,,,,,,,,,,,,,,,,,,,,,,,,,,,,,,,,,,,,,,,,,,,,,,,,,,,,,,,,,,,,,,,,,,,,,,,,,,,,,,,,,,,,,,,,,,,,,,,,,,,,,,,,,
Eredivisie,2025-2026,FC Groningen,1c4fzmrwmlwaqmqomge14rqc4,D. Janse,Defender,4,92.0,41.0,51.0,30.0,136.0,23.0,363.0,2.0,210.0,86.0,124.0,107.0,536.0,14.0,30.0,35.0,29.0,6.0,118.0,45.0,73.0,29.0,15.0,321.0,,1515.0,197.0,25.0,14.0,91.0,642.0,17.0,5.0,29.0,,1.0,4.0,4.0,8.0,,92.0,1298.0,548.0,872.0,1324.0,15.0,21.0,4.0,2634.0,4.0,5.0,142.0,35.0,30.0,250.0,1635.0,10.0,1416.0,36.0,30.0,219.0,2010.0,1.0,1.0,1.0,52.0,100.0,171.0,49.0,119.0,1.0,2.0,4.0,10.0,2.0,67.0,2.0,67.0,2.0,2.0,,1.0,,,2.0,,,5.0,13.0,2.0,1.0,2.0,2.0,2.0,,6.0,1.0,1.0,,,,,1.0,1.0,,,,,,,2.0,,,,,,,,,,,,,,,,,,,,,,
Eredivisie,2025-2026,FC Groningen,cf70r39m2wgbijtw0co5t6yfp,H. Jurjus,Goalkeeper,21,1.0,,1.0,7.0,,,29.0,,1.0,,1.0,,186.0,,7.0,10.0,9.0,1.0,,,,1.0,,25.0,,186.0,11.0,,,60.0,35.0,,,5.0,,2.0,,,,,58.0,107.0,40.0,94.0,76.0,,,,547.0,,,8.0,,,113.0,246.0,,134.0,,,112.0,308.0,,,,70.0,107.0,91.0,21.0,5.0,0.0,,,1.0,,37.0,,30.0,,,,,,,1.0,,,,29.0,,,,8.0,,,,,,,,,,,,,,,,,,,5.0,1.0,13.0,1.0,5.0,25.0,17.0,8.0,,7.0,,,,,,,,,,,,
Eredivisie,2025-2026,FC Groningen,a4q9eq1wketz74lufeym3h3bo,R. Kelder,Defender,48,,,,,,,,,,,,,,,,,,,,,,,,,,,,,,,,,,,,,,,,,,,,,,,,,,,,,,,,,,,,,,,,,,,,,,,,,,,,,,,,,,,,,,,,,,,,,,,,,,,,,,,,,,,,,,,,,,,,,,,,,,,,,,,,,,,,,
Eredivisie,2025-2026,FC Groningen,e6x3hs6v8cq74ojgluyny72fo,T. Land,Midfielder,18,12.0,9.0,3.0,28.0,134.0,5.0,259.0,1.0,110.0,55.0,55.0,249.0,247.0,7.0,28.0,20.0,16.0,4.0,98.0,46.0,52.0,15.0,22.0,271.0,,819.0,116.0,18.0,13.0,66.0,183.0,23.0,4.0,15.0,11.0,13.0,1.0,1.0,6.0,20.0,15.0,748.0,464.0,301.0,749.0,15.0,20.0,,1452.0,16.0,4.0,12.0,13.0,11.0,118.0,835.0,8.0,764.0,35.0,22.0,71.0,1027.0,5.0,5.0,8.0,7.0,15.0,62.0,14.0,56.0,1.0,1.0,3.0,1.0,,1.0,1.0,1.0,2.0,1.0,,,,1.0,2.0,1.0,,4.0,,3.0,,,,1.0,1.0,3.0,2.0,0.0,,2.0,2.0,,1.0,2.0,1.0,,,,,1.0,,,,,,,,,,,,,,,,,,,,,,,
Eredivisie,2025-2026,FC Groningen,679ax4aocvzlvj4i7a1bb8rv8,T. Mercera,Defender,16,62.0,38.0,24.0,22.0,100.0,6.0,50.0,4.0,124.0,67.0,57.0,162.0,57.0,5.0,22.0,17.0,16.0,1.0,62.0,29.0,33.0,5.0,4.0,95.0,,262.0,23.0,5.0,1.0,29.0,16.0,5.0,2.0,7.0,4.0,15.0,5.0,5.0,2.0,1.0,10.0,205.0,110.0,106.0,201.0,13.0,12.0,59.0,854.0,8.0,1.0,29.0,18.0,6.0,119.0,268.0,2.0,211.0,25.0,20.0,57.0,507.0,12.0,12.0,4.0,2.0,3.0,55.0,14.0,54.0,0.0,1.0,1.0,1.0,,,1.0,,,,,,,,1.0,,,,,,23.0,,,,,3.0,,,,,,,,1.0,,,,,,,,,,,,,,,,,,,,,,,,,,,,,
Eredivisie,2025-2026,FC Groningen,bjr31p4bny8vtlm8dc237boyc,R. Metu,Forward,34,2.0,1.0,1.0,7.0,7.0,,20.0,1.0,13.0,8.0,5.0,25.0,5.0,1.0,7.0,4.0,4.0,,11.0,7.0,4.0,,1.0,2.0,,25.0,16.0,6.0,3.0,5.0,11.0,1.0,1.0,,,7.0,,,2.0,2.0,,17.0,12.0,5.0,17.0,,2.0,1.0,91.0,5.0,1.0,2.0,1.0,,23.0,25.0,2.0,17.0,2.0,4.0,8.0,57.0,5.0,5.0,3.0,,1.0,9.0,4.0,7.0,0.0,,,,,,,,,,,,,,,,,1.0,,,,1.0,,,,,,,,,,,,2.0,,,,,,,,,,,,,,,,,,,,,,,,,,,,,
Eredivisie,2025-2026,FC Groningen,98qi4clazqen9kimkxt3jb6j9,M. Peersman,Defender,43,66.0,35.0,31.0,32.0,217.0,7.0,269.0,14.0,237.0,118.0,119.0,448.0,523.0,13.0,32.0,37.0,32.0,5.0,171.0,83.0,88.0,27.0,24.0,87.0,11.0,1207.0,150.0,41.0,14.0,182.0,419.0,25.0,10.0,32.0,13.0,,9.0,9.0,10.0,2.0,69.0,955.0,535.0,462.0,919.0,14.0,23.0,160.0,2738.0,30.0,1.0,96.0,38.0,41.0,466.0,1246.0,16.0,988.0,37.0,48.0,258.0,1962.0,36.0,36.0,22.0,27.0,90.0,233.0,61.0,168.0,2.0,,4.0,5.0,,4.0,1.0,5.0,3.0,2.0,2.0,1.0,,,3.0,,,6.0,11.0,5.0,82.0,5.0,,3.0,,5.0,1.0,2.0,,,1.0,1.0,2.0,5.0,,,,,,1.0,1.0,,,1.0,,,,,,,,,1.0,1.0,,,,,,,,,
Eredivisie,2025-2026,FC Groningen,7qvvw6e61pq8nz3qimzn29yqc,S. Petiet,Goalkeeper,41,,,,,,,,,,,,,,,,,,,,,,,,,,,,,,,,,,,,,,,,,,,,,,,,,,,,,,,,,,,,,,,,,,,,,,,,,,,,,,,,,,,,,,,,,,,,,,,,,,,,,,,,,,,,,,,,,,,,,,,,,,,,,,,,,,,,,
Eredivisie,2025-2026,FC Groningen,7xovmwq2h4rcr9nuou4gi3g2c,W. Prins,Defender,2,22.0,14.0,8.0,20.0,29.0,2.0,41.0,3.0,67.0,34.0,33.0,88.0,84.0,1.0,20.0,15.0,14.0,1.0,45.0,20.0,25.0,4.0,2.0,12.0,,165.0,19.0,13.0,6.0,24.0,45.0,4.0,3.0,4.0,4.0,16.0,2.0,2.0,1.0,,8.0,119.0,66.0,60.0,116.0,9.0,13.0,30.0,473.0,6.0,2.0,28.0,7.0,2.0,109.0,170.0,3.0,124.0,22.0,6.0,46.0,354.0,9.0,9.0,3.0,12.0,20.0,46.0,9.0,26.0,0.0,2.0,,,,,2.0,,,,,,,,1.0,,,,2.0,,28.0,,,,,,,,,,,1.0,,1.0,,,,,,,,,,,,,,,,,,,,,,,,,,,,,
Eredivisie,2025-2026,FC Groningen,4dk7h575fifmw2lhslevhmhux,M. Rente,Defender,5,134.0,44.0,90.0,28.0,198.0,9.0,158.0,11.0,249.0,92.0,157.0,390.0,299.0,9.0,28.0,28.0,23.0,5.0,115.0,48.0,67.0,28.0,29.0,300.0,,807.0,83.0,38.0,19.0,79.0,21.0,32.0,7.0,27.0,13.0,1.0,16.0,16.0,14.0,9.0,42.0,593.0,364.0,256.0,562.0,14.0,29.0,151.0,2188.0,13.0,2.0,95.0,17.0,10.0,330.0,818.0,15.0,604.0,43.0,59.0,214.0,1386.0,45.0,45.0,9.0,31.0,58.0,210.0,49.0,156.0,1.0,2.0,5.0,6.0,1.0,,3.0,,3.0,3.0,,3.0,,,2.0,1.0,1.0,8.0,9.0,1.0,34.0,2.0,1.0,3.0,1.0,2.0,1.0,2.0,,,2.0,2.0,,,,,,,,,2.0,,,,,,,,,,,,,,,,,,,,,,
Eredivisie,2025-2026,FC Groningen,d1dq7upxtawnps3wljz6wf9jo,S. Resink,Midfielder,6,52.0,15.0,37.0,24.0,177.0,9.0,344.0,11.0,286.0,122.0,164.0,365.0,347.0,13.0,24.0,31.0,28.0,3.0,234.0,107.0,127.0,22.0,15.0,236.0,,1128.0,167.0,58.0,33.0,141.0,396.0,20.0,25.0,24.0,2.0,,5.0,5.0,36.0,25.0,48.0,941.0,560.0,409.0,916.0,23.0,37.0,2.0,2090.0,59.0,2.0,41.0,24.0,31.0,304.0,1156.0,37.0,964.0,60.0,45.0,192.0,1618.0,16.0,16.0,33.0,15.0,42.0,155.0,53.0,150.0,1.0,2.0,18.0,7.0,1.0,,5.0,,5.0,4.0,,1.0,1.0,1.0,2.0,,,12.0,2.0,4.0,,2.0,1.0,4.0,,5.0,3.0,2.0,6.0,,1.0,1.0,1.0,4.0,3.0,,,1.0,,1.0,,,,,,,,,,,,,3.0,3.0,,,,,,,,,
Eredivisie,2025-2026,FC Groningen,ewbakrn2dqmy062scjnz0pecp,Rui Mendes,Forward,27,3.0,2.0,1.0,4.0,,,3.0,1.0,5.0,4.0,1.0,8.0,2.0,,4.0,,,,2.0,2.0,,,,1.0,,3.0,2.0,1.0,1.0,1.0,,,,,,4.0,,,,,,1.0,,1.0,1.0,,,,29.0,1.0,,1.0,,,4.0,3.0,1.0,1.0,,3.0,2.0,10.0,,,1.0,,,2.0,,2.0,0.0,,,,,,,,,,,,,,,,,1.0,,,,1.0,,,,,,,,,,,,,,,,,,,,,,,,,,,,,,,,,,,,,,,,,
Eredivisie,2025-2026,FC Groningen,3aly8eihwfvtwde7dg0k18w7o,J. Schreuders,Midfielder,14,30.0,16.0,14.0,33.0,308.0,4.0,430.0,17.0,247.0,122.0,125.0,613.0,249.0,7.0,33.0,39.0,34.0,5.0,217.0,106.0,111.0,10.0,34.0,217.0,7.0,1028.0,213.0,54.0,25.0,147.0,273.0,36.0,10.0,31.0,10.0,2.0,9.0,7.0,26.0,21.0,32.0,882.0,601.0,309.0,869.0,15.0,31.0,35.0,2738.0,60.0,4.0,14.0,24.0,39.0,306.0,1047.0,28.0,901.0,46.0,66.0,146.0,1519.0,34.0,30.0,25.0,6.0,16.0,137.0,43.0,130.0,0.0,2.0,8.0,6.0,,,2.0,,1.0,1.0,4.0,,,,1.0,,,18.0,5.0,3.0,,7.0,,1.0,,3.0,0.0,1.0,,10.0,1.0,,1.0,7.0,,2.0,4.0,1.0,1.0,,,,,,,,,,,,,,,,,,,,,,,,
Eredivisie,2025-2026,FC Groningen,atbvv2os8m7nfs0p128w5a6l1,M. Seuntjens,Midfielder,20,4.0,1.0,3.0,16.0,16.0,,25.0,1.0,22.0,16.0,6.0,87.0,39.0,3.0,16.0,4.0,3.0,1.0,18.0,15.0,3.0,,9.0,17.0,1.0,92.0,7.0,4.0,1.0,8.0,22.0,9.0,2.0,,,16.0,5.0,1.0,,5.0,6.0,59.0,50.0,16.0,55.0,2.0,,5.0,172.0,5.0,1.0,2.0,4.0,1.0,64.0,94.0,6.0,61.0,2.0,11.0,33.0,154.0,22.0,14.0,2.0,5.0,7.0,50.0,5.0,26.0,0.0,,3.0,,,,,,1.0,,,,,,,,,4.0,,1.0,,1.0,,,,,0.0,1.0,2.0,8.0,,,,,1.0,4.0,4.0,1.0,,1.0,,,,,,,,,,,,,,,,1.0,1.0,,,,,,
Eredivisie,2025-2026,FC Groningen,8git2dsc2u9h5ullcu50a6a22,L. Štubljar,Goalkeeper,13,,,,,,,,,,,,,,,,,,,,,,,,,,,,,,,,,,,,,,,,,,,,,,,,,,,,,,,,,,,,,,,,,,,,,,,,,,,,,,,,,,,,,,,,,,,,,,,,,,,,,,,,,,,,,,,,,,,,,,,,,,,,,,,,,,,,,
Eredivisie,2025-2026,FC Groningen,by85t8ssyumcjcks1jx3v96vo,Y. Taha,Forward,10,46.0,37.0,9.0,32.0,166.0,,332.0,54.0,308.0,209.0,99.0,858.0,200.0,15.0,32.0,40.0,34.0,6.0,262.0,172.0,90.0,11.0,63.0,156.0,6.0,614.0,205.0,74.0,31.0,78.0,133.0,72.0,28.0,32.0,20.0,,60.0,24.0,29.0,27.0,36.0,441.0,409.0,127.0,440.0,18.0,25.0,18.0,2609.0,107.0,19.0,8.0,30.0,18.0,555.0,655.0,66.0,476.0,43.0,96.0,179.0,1409.0,163.0,94.0,53.0,5.0,22.0,318.0,24.0,157.0,1.0,8.0,25.0,1.0,,,9.0,,5.0,3.0,1.0,,,,3.0,,,38.0,1.0,3.0,2.0,11.0,,2.0,,6.0,5.0,0.0,16.0,105.0,4.0,5.0,4.0,6.0,1.0,31.0,53.0,6.0,,2.0,,,,,,,,,,,,,,,,1.0,1.0,,,,,,
Eredivisie,2025-2026,FC Groningen,7wo4627xo1mx5k0vpwhe8hqll,E. Vaessen,Goalkeeper,1,12.0,2.0,10.0,28.0,,,273.0,,27.0,5.0,22.0,,914.0,1.0,28.0,34.0,29.0,5.0,15.0,3.0,12.0,,1.0,156.0,,943.0,165.0,3.0,1.0,307.0,114.0,2.0,,28.0,2.0,,,,1.0,,271.0,643.0,194.0,585.0,508.0,1.0,1.0,2.0,2423.0,,1.0,33.0,1.0,11.0,412.0,1184.0,,779.0,2.0,,405.0,1443.0,,,,247.0,391.0,326.0,79.0,14.0,0.0,1.0,,8.0,,169.0,1.0,114.0,,,,,,1.0,2.0,,,,104.0,,,,18.0,,,3.0,,,,,,,,,,,,,,,1.0,16.0,5.0,49.0,2.0,7.0,68.0,41.0,27.0,3.0,12.0,5.0,,,,,,,,,,,
Eredivisie,2025-2026,FC Groningen,5q8rvam8iv65g4wjb8rarw15,B. Willumsson,Forward,9,93.0,66.0,27.0,27.0,59.0,3.0,68.0,10.0,180.0,123.0,57.0,240.0,49.0,9.0,27.0,20.0,17.0,3.0,87.0,57.0,30.0,2.0,16.0,60.0,5.0,231.0,37.0,14.0,5.0,35.0,78.0,16.0,12.0,12.0,8.0,15.0,1.0,1.0,1.0,16.0,3.0,165.0,131.0,49.0,176.0,7.0,5.0,2.0,1208.0,24.0,1.0,4.0,27.0,17.0,133.0,246.0,31.0,179.0,12.0,83.0,67.0,435.0,1.0,1.0,5.0,,4.0,65.0,3.0,63.0,2.0,,11.0,,,,,,6.0,5.0,,,,,2.0,,,19.0,,,,8.0,,2.0,,2.0,5.0,1.0,,,6.0,,,,6.0,,,5.0,,1.0,,,,,,,,,,,,,,,,,,,,,,,
Eredivisie,2025-2026,FC Groningen,ekjy3o3ymld0zkjdaynb4itat,O. Zawada,Forward,19,49.0,26.0,23.0,16.0,21.0,,9.0,2.0,64.0,39.0,25.0,76.0,23.0,,16.0,4.0,3.0,1.0,15.0,13.0,2.0,,3.0,22.0,3.0,83.0,3.0,3.0,2.0,9.0,20.0,3.0,11.0,,1.0,16.0,,,1.0,8.0,1.0,48.0,29.0,22.0,50.0,,,,301.0,5.0,1.0,5.0,10.0,2.0,51.0,86.0,17.0,51.0,,32.0,35.0,145.0,,,,1.0,2.0,33.0,2.0,33.0,1.0,,3.0,,,,,,3.0,3.0,1.0,1.0,,,,,,6.0,,1.0,,2.0,,2.0,,1.0,3.0,0.0,,,3.0,1.0,1.0,1.0,1.0,,,3.0,,,,,,,,,,,,,,,,,,,,,,,,,
Eredivisie,2025-2026,FC Groningen,f4liap69r76gyc8pnxsergbqi,T. de Jonge,Midfielder,8,32.0,20.0,12.0,27.0,126.0,3.0,156.0,6.0,181.0,98.0,83.0,242.0,231.0,12.0,27.0,28.0,24.0,4.0,149.0,78.0,71.0,21.0,20.0,232.0,1.0,749.0,69.0,34.0,18.0,60.0,180.0,21.0,12.0,24.0,14.0,3.0,10.0,6.0,16.0,22.0,37.0,581.0,336.0,274.0,563.0,28.0,21.0,6.0,1961.0,32.0,4.0,42.0,18.0,6.0,254.0,769.0,20.0,600.0,49.0,32.0,169.0,1114.0,23.0,12.0,18.0,28.0,44.0,146.0,46.0,125.0,0.0,1.0,8.0,4.0,,,1.0,,3.0,1.0,1.0,1.0,,,2.0,,,8.0,6.0,3.0,1.0,1.0,,1.0,,3.0,1.0,2.0,,15.0,2.0,,1.0,,1.0,4.0,10.0,2.0,,2.0,1.0,,,,,,,,,,,,,,,,,,,,,,
Eredivisie,2025-2026,FC Groningen,ei9h1loyggj8fnf1q4jfdm710,T. van Bergen,Forward,26,196.0,123.0,73.0,33.0,221.0,1.0,310.0,37.0,519.0,310.0,209.0,723.0,176.0,16.0,33.0,41.0,36.0,5.0,323.0,187.0,136.0,6.0,25.0,179.0,21.0,678.0,170.0,62.0,30.0,108.0,156.0,29.0,35.0,33.0,10.0,,1.0,1.0,28.0,40.0,11.0,488.0,376.0,167.0,531.0,17.0,25.0,8.0,2888.0,113.0,8.0,20.0,51.0,68.0,423.0,732.0,71.0,542.0,42.0,203.0,190.0,1368.0,14.0,14.0,47.0,6.0,7.0,170.0,34.0,183.0,2.0,2.0,26.0,8.0,,,4.0,,9.0,8.0,3.0,2.0,,,3.0,,,36.0,1.0,1.0,,17.0,,7.0,,4.0,4.0,5.0,,1.0,7.0,2.0,2.0,2.0,5.0,,,11.0,1.0,1.0,,,,,,,,,,,,,,,,,,,,,,,
Eredivisie,2025-2026,FC Groningen,642iajthdnr0zophv7ys35q1g,E. van der Laan,Defender,15,,,,,,,,,,,,,,,,,,,,,,,,,,,,,,,,,,,,,,,,,,,,,,,,,,,,,,,,,,,,,,,,,,,,,,,,,,,,,,,,,,,,,,,,,,,,,,,,,,,,,,,,,,,,,,,,,,,,,,,,,,,,,,,,,,,,,
Eredivisie,2025-2026,FC Groningen,1nk0hcaa9o4jnyxc9ndz1lams,D. van der Werff,Midfielder,17,40.0,23.0,17.0,33.0,169.0,,214.0,26.0,175.0,88.0,87.0,518.0,214.0,7.0,33.0,27.0,23.0,4.0,135.0,65.0,70.0,12.0,41.0,166.0,1.0,682.0,127.0,46.0,12.0,68.0,163.0,43.0,13.0,25.0,21.0,8.0,25.0,7.0,16.0,20.0,26.0,501.0,410.0,143.0,502.0,22.0,23.0,14.0,1999.0,36.0,12.0,23.0,14.0,9.0,328.0,712.0,36.0,528.0,45.0,74.0,184.0,1112.0,66.0,36.0,28.0,17.0,27.0,209.0,41.0,157.0,0.0,2.0,18.0,2.0,,,2.0,,2.0,2.0,,,,,3.0,,,23.0,2.0,2.0,2.0,7.0,,1.0,,2.0,1.0,1.0,1.0,64.0,2.0,1.0,1.0,1.0,1.0,18.0,23.0,3.0,,,,,,,,,,,,,,,,,,,,,,,,,
Eredivisie,2025-2026,FC Twente,8ijea6poqnpomi075fowev7kk,G. Besselink,Midfielder,41,,,,,,,,,,,,,,,,,,,,,,,,,,,,,,,,,,,,,,,,,,,,,,,,,,,,,,,,,,,,,,,,,,,,,,,,,,,,,,,,,,,,,,,,,,,,,,,,,,,,,,,,,,,,,,,,,,,,,,,,,,,,,,,,,,,,,
Eredivisie,2025-2026,FC Twente,28o7vv0jud22hmg4h649yozqh,T. Booth,Forward,8,15.0,11.0,4.0,10.0,38.0,1.0,57.0,2.0,61.0,38.0,23.0,114.0,33.0,3.0,10.0,5.0,4.0,1.0,46.0,27.0,19.0,1.0,5.0,16.0,,114.0,29.0,12.0,8.0,14.0,31.0,5.0,2.0,4.0,3.0,6.0,10.0,8.0,3.0,4.0,5.0,91.0,82.0,23.0,90.0,4.0,8.0,3.0,361.0,14.0,3.0,3.0,10.0,4.0,64.0,118.0,4.0,95.0,12.0,13.0,23.0,226.0,15.0,9.0,9.0,4.0,5.0,34.0,4.0,18.0,0.0,,5.0,,,,,,,,,,,,,,,2.0,,,,,,,,2.0,,,,9.0,,,,1.0,,2.0,5.0,1.0,,,,,,,,,,,,,,,,,,,,,,,,,
Eredivisie,2025-2026,FC Twente,bner5siqnwn1fqusfrgujt0fe,M. Bruns,Defender,38,42.0,22.0,20.0,13.0,34.0,9.0,119.0,3.0,72.0,33.0,39.0,61.0,179.0,1.0,13.0,11.0,10.0,1.0,30.0,11.0,19.0,9.0,3.0,156.0,,498.0,66.0,13.0,7.0,45.0,143.0,3.0,1.0,8.0,,5.0,,,3.0,1.0,33.0,426.0,202.0,235.0,404.0,3.0,9.0,16.0,797.0,4.0,,40.0,5.0,4.0,96.0,512.0,2.0,437.0,12.0,7.0,75.0,651.0,5.0,5.0,2.0,23.0,32.0,48.0,32.0,43.0,0.0,,1.0,1.0,,,,,1.0,1.0,,1.0,1.0,,,,,1.0,8.0,1.0,1.0,,,1.0,,,1.0,0.0,,,,,,,,,,,,,,,,,,,,,,,,,,,,,,,,,,,
Eredivisie,2025-2026,FC Twente,5m8pflpgynidzk7d9507oujje,D. Rots,Forward,11,85.0,55.0,30.0,32.0,170.0,2.0,323.0,22.0,365.0,218.0,147.0,789.0,250.0,21.0,32.0,23.0,21.0,2.0,280.0,163.0,117.0,10.0,47.0,380.0,5.0,828.0,145.0,72.0,27.0,95.0,43.0,50.0,18.0,27.0,16.0,5.0,20.0,11.0,27.0,9.0,29.0,609.0,510.0,133.0,594.0,21.0,25.0,16.0,2278.0,99.0,11.0,23.0,27.0,45.0,470.0,843.0,48.0,623.0,46.0,138.0,220.0,1441.0,77.0,49.0,50.0,6.0,33.0,263.0,34.0,187.0,1.0,3.0,16.0,3.0,1.0,,4.0,,9.0,8.0,,1.0,,,1.0,,,30.0,2.0,5.0,2.0,5.0,,8.0,,5.0,5.0,4.0,,43.0,9.0,,5.0,1.0,3.0,9.0,23.0,1.0,,1.0,,,,,,,,,,,,,,,,,,,,,,,
Eredivisie,2025-2026,FC Twente,e33libhll66jj5ksl319uh17u,I. El Maach,Goalkeeper,16,,,,,,,,,,,,,,,,,,,,,,,,,,,,,,,,,,,,,,,,,,,,,,,,,,,,,,,,,,,,,,,,,,,,,,,,,,,,,,,,,,,,,,,,,,,,,,,,,,,,,,,,,,,,,,,,,,,,,,,,,,,,,,,,,,,,,
Eredivisie,2025-2026,FC Twente,202swdgfhf1j8olusoevij9qs,Y. Gerritsen,Goalkeeper,31,,,,,,,,,,,,,,,,,,,,,,,,,,,,,,,,,,,,,,,,,,,,,,,,,,,,,,,,,,,,,,,,,,,,,,,,,,,,,,,,,,,,,,,,,,,,,,,,,,,,,,,,,,,,,,,,,,,,,,,,,,,,,,,,,,,,,
Eredivisie,2025-2026,FC Twente,cxbmtzimrfxl6m972cn7bdyc4,N. Groenewald,Forward,36,1.0,,1.0,1.0,,,,,2.0,1.0,1.0,4.0,,1.0,1.0,,,,1.0,1.0,,,,4.0,,4.0,,1.0,,1.0,,,,,,1.0,,,,,,3.0,2.0,1.0,3.0,,,,8.0,,,1.0,1.0,,2.0,4.0,,3.0,,,1.0,6.0,,,,,,1.0,,1.0,0.0,,,,,,,,,,,,,,,,,,,,,,,,,,,,,,,,,,,,,,,,,,,,,,,,,,,,,,,,,,,,,,
Eredivisie,2025-2026,FC Twente,athunjrtaem9tn76hf10dw07o,Guilherme Peixoto,Defender,12,,,,1.0,,,,,3.0,2.0,1.0,2.0,2.0,,1.0,,,,3.0,2.0,1.0,,,1.0,,4.0,,,,,1.0,,,,,1.0,,,1.0,,1.0,4.0,3.0,1.0,3.0,,,1.0,7.0,,,1.0,1.0,,,4.0,,4.0,,,,7.0,,,,,,,,,0.0,,,,,,,,,,,,,,,,,,,,,,,,,1.0,,,,,,,,,,,,,,,,,,,,,,,,,,,,,,,,,,,,,
Eredivisie,2025-2026,FC Twente,69cvlhfo7ulmz4o5ztlj1wlm2,M. Hilgers,Defender,2,,,,,,,,,,,,,,,,,,,,,,,,,,,,,,,,,,,,,,,,,,,,,,,,,,,,,,,,,,,,,,,,,,,,,,,,,,,,,,,,,,,,,,,,,,,,,,,,,,,,,,,,,,,,,,,,,,,,,,,,,,,,,,,,,,,,,
Eredivisie,2025-2026,FC Twente,9nix5y8xcj34ps62r34udtqwa,K. Hlynsson,Midfielder,14,45.0,29.0,16.0,32.0,271.0,4.0,255.0,15.0,230.0,130.0,100.0,575.0,232.0,9.0,32.0,28.0,26.0,2.0,185.0,101.0,84.0,16.0,31.0,209.0,3.0,926.0,126.0,42.0,12.0,116.0,232.0,35.0,21.0,30.0,24.0,2.0,4.0,4.0,15.0,23.0,21.0,751.0,499.0,273.0,747.0,11.0,21.0,5.0,2481.0,49.0,6.0,20.0,28.0,37.0,309.0,944.0,55.0,768.0,32.0,127.0,176.0,1365.0,23.0,23.0,29.0,12.0,26.0,145.0,54.0,150.0,5.0,2.0,31.0,1.0,,,4.0,,10.0,8.0,,3.0,,,1.0,1.0,,34.0,4.0,5.0,1.0,6.0,,8.0,1.0,,6.0,4.0,3.0,2.0,9.0,,2.0,3.0,5.0,,,3.0,,2.0,,,,,,,,,,,,,,,,,,,,,,,
Eredivisie,2025-2026,FC Twente,1rb3nj8hn58ynsadzive0h36y,S. Karssies,Goalkeeper,21,,,,,,,,,,,,,,,,,,,,,,,,,,,,,,,,,,,,,,,,,,,,,,,,,,,,,,,,,,,,,,,,,,,,,,,,,,,,,,,,,,,,,,,,,,,,,,,,,,,,,,,,,,,,,,,,,,,,,,,,,,,,,,,,,,,,,
Eredivisie,2025-2026,FC Twente,c7n2b2gq381k0o0jizqueii5m,M. Kjølø,Midfielder,4,13.0,9.0,4.0,18.0,36.0,1.0,31.0,1.0,42.0,27.0,15.0,97.0,81.0,4.0,18.0,9.0,8.0,1.0,29.0,18.0,11.0,4.0,5.0,67.0,,249.0,13.0,8.0,5.0,28.0,68.0,5.0,1.0,3.0,,15.0,3.0,2.0,1.0,8.0,8.0,202.0,144.0,64.0,197.0,2.0,6.0,1.0,490.0,9.0,1.0,22.0,6.0,2.0,65.0,252.0,3.0,205.0,8.0,8.0,47.0,337.0,2.0,2.0,7.0,11.0,13.0,36.0,13.0,34.0,0.0,,1.0,,,,,,,,,,,,,,,2.0,,,,,,,,,,,,1.0,,,,,,1.0,,,,,,,,,,,,,,,,,,,,,,,,,,,
Eredivisie,2025-2026,FC Twente,6ydojoa3581jgszpjqj7i8zpx,B. Kuipers,Defender,5,8.0,4.0,4.0,7.0,13.0,2.0,13.0,1.0,16.0,6.0,10.0,34.0,23.0,,7.0,4.0,3.0,1.0,8.0,2.0,6.0,2.0,1.0,4.0,,56.0,8.0,4.0,1.0,5.0,17.0,1.0,1.0,,,7.0,2.0,1.0,,1.0,3.0,44.0,28.0,19.0,42.0,1.0,3.0,12.0,115.0,2.0,,5.0,,2.0,22.0,57.0,3.0,45.0,4.0,4.0,12.0,102.0,3.0,1.0,1.0,1.0,2.0,10.0,5.0,10.0,0.0,,1.0,,,,,,,,,,,,,,,2.0,1.0,,3.0,1.0,,,,,,,,2.0,,,,,,1.0,1.0,,,,,,,,,,,,,,,,,,,,,,,,,,
Eredivisie,2025-2026,FC Twente,ewwo2c7kw1b1okrngjl4j4dm1,S. Lammers,Forward,10,92.0,43.0,49.0,24.0,99.0,1.0,106.0,9.0,178.0,85.0,93.0,348.0,90.0,4.0,24.0,14.0,13.0,1.0,86.0,42.0,44.0,1.0,22.0,132.0,3.0,410.0,42.0,16.0,8.0,25.0,94.0,29.0,20.0,16.0,9.0,8.0,1.0,1.0,11.0,30.0,7.0,292.0,226.0,72.0,290.0,7.0,6.0,1.0,1455.0,24.0,10.0,11.0,17.0,21.0,200.0,415.0,45.0,297.0,13.0,128.0,118.0,659.0,3.0,3.0,15.0,2.0,4.0,105.0,16.0,114.0,2.0,6.0,9.0,2.0,,,7.0,,6.0,6.0,3.0,1.0,,,,,,25.0,1.0,,,12.0,,6.0,,,3.0,3.0,,,4.0,2.0,5.0,4.0,,,,5.0,2.0,,,,,,,,,,,,,,2.0,2.0,,,,,,,,,
Eredivisie,2025-2026,FC Twente,cocgd3hh74fq9c30x9bps4idw,S. Lemkin,Defender,23,69.0,30.0,39.0,24.0,88.0,16.0,308.0,,128.0,60.0,68.0,91.0,347.0,5.0,24.0,18.0,15.0,3.0,59.0,30.0,29.0,15.0,5.0,413.0,,1223.0,172.0,12.0,8.0,88.0,400.0,6.0,4.0,22.0,2.0,2.0,2.0,2.0,2.0,1.0,52.0,1110.0,418.0,712.0,1076.0,8.0,11.0,1.0,1950.0,8.0,1.0,140.0,18.0,9.0,147.0,1248.0,4.0,1128.0,19.0,10.0,120.0,1531.0,1.0,1.0,1.0,50.0,68.0,86.0,35.0,52.0,0.0,1.0,2.0,7.0,,2.0,1.0,2.0,,,,,,1.0,,,,,13.0,2.0,,,,,,2.0,,,,,,,,,,,,,,,3.0,,,,,,,,,,,,,,,,,,,,,,
Eredivisie,2025-2026,FC Twente,5r47vtvu418kae5j2rpv6w2dw,M. Rots,Defender,39,38.0,22.0,16.0,33.0,246.0,7.0,438.0,22.0,330.0,179.0,151.0,706.0,502.0,15.0,33.0,31.0,27.0,4.0,292.0,157.0,135.0,36.0,44.0,127.0,3.0,1358.0,247.0,70.0,31.0,189.0,522.0,48.0,12.0,33.0,6.0,,15.0,13.0,34.0,8.0,72.0,1076.0,681.0,445.0,1039.0,31.0,42.0,169.0,2864.0,90.0,8.0,64.0,27.0,28.0,559.0,1397.0,24.0,1111.0,73.0,95.0,286.0,2236.0,66.0,43.0,59.0,85.0,110.0,258.0,94.0,176.0,0.0,3.0,13.0,7.0,4.0,,4.0,,4.0,4.0,,,,,1.0,,,12.0,21.0,4.0,41.0,2.0,2.0,2.0,,4.0,1.0,3.0,2.0,16.0,4.0,2.0,4.0,6.0,,1.0,10.0,1.0,,,1.0,,,,,,,,,,,,,,,,,,,,,,
Eredivisie,2025-2026,FC Twente,53cj8eo7e6ur7dska2m1xx0k4,B. Nagel,Midfielder,26,,,,,,,,,,,,,,,,,,,,,,,,,,,,,,,,,,,,,,,,,,,,,,,,,,,,,,,,,,,,,,,,,,,,,,,,,,,,,,,,,,,,,,,,,,,,,,,,,,,,,,,,,,,,,,,,,,,,,,,,,,,,,,,,,,,,,
Eredivisie,2025-2026,FC Twente,3xlkchrk28u0cb620cajre1hw,R. Nijstad,Defender,43,52.0,29.0,23.0,20.0,105.0,10.0,236.0,3.0,78.0,37.0,41.0,58.0,352.0,,20.0,20.0,17.0,3.0,26.0,8.0,18.0,11.0,4.0,159.0,,980.0,141.0,16.0,11.0,67.0,388.0,5.0,3.0,17.0,6.0,3.0,,,,,76.0,853.0,340.0,535.0,799.0,2.0,13.0,1.0,1587.0,3.0,1.0,88.0,4.0,3.0,140.0,1004.0,8.0,875.0,15.0,10.0,129.0,1180.0,1.0,1.0,,48.0,81.0,86.0,44.0,48.0,0.0,,1.0,3.0,,14.0,1.0,14.0,1.0,1.0,,,,,1.0,,,5.0,21.0,,,1.0,,1.0,,,1.0,0.0,,,,,,,1.0,,,,,,2.0,,,,,,,,,,,,,,,,,,,,,,
Eredivisie,2025-2026,FC Twente,co8sltzakji78h85xhvkgyplg,O. Panneflek,Forward,30,,,,,,,,,,,,,,,,,,,,,,,,,,,,,,,,,,,,,,,,,,,,,,,,,,,,,,,,,,,,,,,,,,,,,,,,,,,,,,,,,,,,,,,,,,,,,,,,,,,,,,,,,,,,,,,,,,,,,,,,,,,,,,,,,,,,,
Eredivisie,2025-2026,FC Twente,2hbduprkyabq8g1nhe6b4g3bp,M. Pjaca,Forward,7,31.0,16.0,15.0,26.0,105.0,1.0,184.0,11.0,134.0,71.0,63.0,308.0,92.0,2.0,26.0,11.0,9.0,2.0,103.0,55.0,48.0,11.0,13.0,97.0,,377.0,100.0,16.0,3.0,45.0,83.0,14.0,8.0,7.0,7.0,19.0,10.0,10.0,23.0,3.0,14.0,311.0,241.0,80.0,297.0,5.0,7.0,,910.0,47.0,3.0,21.0,7.0,14.0,165.0,377.0,20.0,311.0,12.0,75.0,66.0,623.0,18.0,15.0,27.0,2.0,7.0,74.0,10.0,59.0,0.0,1.0,5.0,,,,1.0,,2.0,2.0,,1.0,,,,,,12.0,3.0,1.0,,4.0,,2.0,,1.0,1.0,1.0,,3.0,1.0,2.0,1.0,1.0,,,3.0,,,,,,,,,,,,,,,,,,,,,,,,,,
Eredivisie,2025-2026,FC Twente,lduqoe45t2fnbn9s9rbvlnf9,R. Pröpper,Defender,3,103.0,44.0,59.0,27.0,67.0,18.0,281.0,5.0,192.0,81.0,111.0,121.0,494.0,12.0,27.0,23.0,19.0,4.0,89.0,37.0,52.0,17.0,9.0,317.0,,1200.0,149.0,20.0,7.0,88.0,400.0,9.0,12.0,20.0,3.0,7.0,2.0,2.0,3.0,2.0,95.0,1020.0,490.0,600.0,993.0,18.0,15.0,8.0,1715.0,4.0,,108.0,26.0,16.0,211.0,1278.0,17.0,1088.0,33.0,22.0,190.0,1565.0,4.0,4.0,2.0,61.0,106.0,140.0,54.0,84.0,0.0,,5.0,4.0,1.0,22.0,,25.0,,,2.0,,,1.0,1.0,,,5.0,25.0,1.0,,3.0,3.0,,,6.0,,,1.0,3.0,,,,1.0,,,,,,,1.0,,,3.0,,,,,,,,,,,,,,,,,,,
Eredivisie,2025-2026,FC Twente,3cb5f5obutnm3oo4jivmpn7dg,B. Titulaer,Defender,33,,,,,,,,,,,,,,,,,,,,,,,,,,,,,,,,,,,,,,,,,,,,,,,,,,,,,,,,,,,,,,,,,,,,,,,,,,,,,,,,,,,,,,,,,,,,,,,,,,,,,,,,,,,,,,,,,,,,,,,,,,,,,,,,,,,,,
Eredivisie,2025-2026,FC Twente,5g0q7azk54eryl8vcgyb2oj4l,P. Tytoń,Goalkeeper,22,,,,2.0,,,6.0,,,,,,25.0,,2.0,,,,,,,,,13.0,,43.0,,,,14.0,11.0,,,2.0,,,,,,,9.0,33.0,5.0,32.0,28.0,,,,180.0,,,1.0,,,12.0,49.0,,37.0,,,12.0,64.0,,,,7.0,11.0,6.0,6.0,1.0,0.0,,,2.0,,14.0,,6.0,,,,,,,,,,,4.0,,,,1.0,,,,,,,,,,,,,,,,,,,2.0,,2.0,,,2.0,2.0,,,,,,,,,,,,,,,
Eredivisie,2025-2026,FC Twente,bzanwdo4ihqd6d7vr06bd3845,L. Unnerstall,Goalkeeper,1,4.0,,4.0,31.0,1.0,,96.0,,7.0,,7.0,,572.0,,31.0,35.0,30.0,5.0,3.0,,3.0,,2.0,173.0,,615.0,34.0,1.0,,264.0,153.0,2.0,,31.0,,,,,,,180.0,431.0,130.0,475.0,425.0,,,,2790.0,,,22.0,,4.0,295.0,899.0,,605.0,,,294.0,1162.0,,,,178.0,291.0,215.0,79.0,3.0,0.0,,,6.0,,261.0,,183.0,,,,,,,1.0,,,,87.0,1.0,,,18.0,,,,,,,,,,,,,,,,,,,12.0,2.0,55.0,2.0,3.0,76.0,48.0,27.0,4.0,16.0,6.0,,,,,,,,,,,
Eredivisie,2025-2026,FC Twente,mlqit2c8my1ewqy6avrfhf8q,A. Van Hoorenbeeck,Defender,17,94.0,38.0,56.0,24.0,76.0,24.0,331.0,1.0,170.0,71.0,99.0,64.0,409.0,7.0,24.0,55.0,48.0,7.0,76.0,33.0,43.0,28.0,7.0,201.0,,1070.0,146.0,26.0,16.0,89.0,474.0,7.0,9.0,24.0,1.0,,3.0,3.0,5.0,1.0,59.0,911.0,316.0,684.0,938.0,7.0,17.0,4.0,2156.0,5.0,,154.0,19.0,14.0,185.0,1160.0,13.0,997.0,24.0,25.0,163.0,1504.0,3.0,3.0,4.0,60.0,83.0,111.0,55.0,80.0,0.0,,4.0,2.0,,55.0,,55.0,2.0,2.0,2.0,,,1.0,6.0,,,4.0,28.0,,1.0,2.0,,2.0,,5.0,2.0,0.0,,,,,,1.0,2.0,,,,,,1.0,,,,,,,,,,,,,,,,,,,,,,
Eredivisie,2025-2026,FC Twente,ax1f2gncrjm3q6wixxdr4chzo,L. Vennegoor of Hesselink,Forward,25,5.0,2.0,3.0,5.0,5.0,,6.0,1.0,10.0,7.0,3.0,26.0,3.0,3.0,5.0,1.0,1.0,,5.0,5.0,,,2.0,8.0,,22.0,2.0,1.0,,1.0,6.0,2.0,3.0,,,5.0,1.0,1.0,,,,10.0,10.0,1.0,10.0,,,,60.0,1.0,,,3.0,,16.0,22.0,3.0,10.0,,18.0,12.0,35.0,1.0,1.0,,,,11.0,2.0,12.0,0.0,,3.0,,,,,,,,,,,,,,,,,,,1.0,,,,,,,,,,,,,,,,,,,,,,,,,,,,,,,,,,,,,,,,,
Eredivisie,2025-2026,FC Twente,723av2redj2ej6livx0g81wwl,A. Verschueren,Midfielder,32,38.0,21.0,17.0,29.0,39.0,1.0,62.0,4.0,95.0,55.0,40.0,180.0,88.0,10.0,29.0,10.0,7.0,3.0,57.0,34.0,23.0,5.0,14.0,59.0,2.0,251.0,34.0,16.0,10.0,30.0,69.0,16.0,4.0,3.0,3.0,26.0,5.0,5.0,6.0,11.0,7.0,163.0,124.0,48.0,160.0,7.0,7.0,2.0,544.0,9.0,6.0,15.0,19.0,3.0,123.0,255.0,11.0,167.0,14.0,42.0,88.0,395.0,5.0,5.0,4.0,11.0,15.0,69.0,24.0,73.0,0.0,2.0,4.0,,,,2.0,,,,,,1.0,,,,,7.0,1.0,1.0,1.0,1.0,,,,1.0,,,,,,,,,,,,1.0,,,,,,,,,,,,,,,,,,,,,,,,,
Eredivisie,2025-2026,FC Twente,bvwaamcj0bpdrcuoffl6b9rf8,D. Weidmann,Midfielder,42,6.0,2.0,4.0,15.0,62.0,1.0,78.0,3.0,48.0,23.0,25.0,113.0,60.0,2.0,15.0,5.0,5.0,,42.0,21.0,21.0,7.0,8.0,32.0,1.0,236.0,46.0,11.0,5.0,28.0,88.0,8.0,3.0,4.0,4.0,11.0,6.0,3.0,5.0,6.0,7.0,196.0,132.0,76.0,195.0,1.0,11.0,7.0,388.0,14.0,,7.0,3.0,4.0,79.0,242.0,6.0,202.0,12.0,16.0,40.0,362.0,7.0,3.0,7.0,4.0,14.0,35.0,12.0,26.0,0.0,,3.0,,,1.0,,1.0,,,,,,,,,,3.0,,1.0,1.0,,,,,1.0,,,1.0,6.0,,,,3.0,,2.0,3.0,,1.0,,,,,,,,,,,,,,,,,,,,,,,,
Eredivisie,2025-2026,FC Twente,dc119ejc7lls2rd3ywigl2smi,R. Zerrouki,Midfielder,6,88.0,42.0,46.0,31.0,188.0,9.0,369.0,10.0,271.0,128.0,143.0,530.0,537.0,17.0,31.0,30.0,25.0,5.0,183.0,86.0,97.0,39.0,42.0,473.0,,1535.0,171.0,44.0,25.0,147.0,440.0,43.0,13.0,31.0,10.0,,24.0,8.0,15.0,22.0,137.0,1286.0,929.0,467.0,1235.0,26.0,36.0,6.0,2594.0,22.0,4.0,68.0,41.0,21.0,384.0,1638.0,21.0,1372.0,62.0,24.0,266.0,2105.0,59.0,14.0,6.0,31.0,83.0,262.0,63.0,183.0,1.0,1.0,10.0,5.0,,,1.0,,3.0,,1.0,,,,1.0,,1.0,8.0,19.0,1.0,1.0,1.0,,,1.0,2.0,1.0,2.0,4.0,55.0,3.0,,1.0,,2.0,14.0,36.0,,,3.0,2.0,,,,,,,,,,,,,,1.0,,,,,,,,
Eredivisie,2025-2026,FC Twente,7ty1wdxxnusgkl34k5raipbl5,M. van Bergen,Forward,7,8.0,6.0,2.0,30.0,238.0,2.0,415.0,34.0,165.0,101.0,64.0,710.0,133.0,3.0,30.0,39.0,30.0,9.0,157.0,95.0,62.0,7.0,36.0,214.0,7.0,640.0,241.0,55.0,18.0,80.0,63.0,39.0,21.0,30.0,15.0,,38.0,37.0,36.0,5.0,13.0,505.0,373.0,178.0,500.0,8.0,6.0,13.0,2400.0,75.0,11.0,19.0,6.0,12.0,427.0,648.0,42.0,513.0,14.0,93.0,135.0,1207.0,152.0,150.0,52.0,4.0,10.0,261.0,26.0,125.0,0.0,4.0,23.0,6.0,,,4.0,,3.0,2.0,,,,,1.0,,,21.0,1.0,4.0,2.0,6.0,,2.0,,1.0,1.0,2.0,,3.0,3.0,1.0,,10.0,3.0,1.0,,,,1.0,,,,,,,,,,,,,,,,,,,,,,,
Eredivisie,2025-2026,FC Twente,qobf1v5kwuz6hj2ooixfw4mi,B. van Rooij,Defender,28,63.0,25.0,38.0,32.0,228.0,18.0,330.0,16.0,300.0,106.0,194.0,651.0,646.0,11.0,32.0,34.0,29.0,5.0,237.0,81.0,156.0,18.0,35.0,689.0,2.0,1636.0,185.0,67.0,30.0,170.0,102.0,39.0,16.0,32.0,4.0,,13.0,12.0,17.0,6.0,117.0,1357.0,746.0,652.0,1268.0,42.0,63.0,236.0,2838.0,25.0,5.0,90.0,28.0,34.0,510.0,1665.0,25.0,1385.0,105.0,82.0,280.0,2573.0,60.0,55.0,15.0,54.0,92.0,249.0,91.0,188.0,1.0,3.0,10.0,6.0,,,4.0,,3.0,2.0,,,,,1.0,,1.0,9.0,20.0,5.0,101.0,1.0,,1.0,1.0,5.0,1.0,2.0,,8.0,3.0,,2.0,3.0,1.0,2.0,5.0,,,1.0,,,,,,,,,,,,,,,1.0,,,,,,,,
Eredivisie,2025-2026,FC Twente,36veg0wk1z3om89daf0clbl5h,R. van Wolfswinkel,Forward,9,113.0,66.0,47.0,30.0,104.0,3.0,91.0,10.0,242.0,137.0,105.0,283.0,98.0,19.0,30.0,25.0,21.0,4.0,129.0,71.0,58.0,10.0,22.0,96.0,5.0,369.0,43.0,38.0,10.0,50.0,90.0,22.0,10.0,18.0,7.0,12.0,,,8.0,29.0,10.0,256.0,183.0,92.0,265.0,6.0,17.0,5.0,1709.0,17.0,2.0,24.0,41.0,28.0,178.0,388.0,30.0,275.0,23.0,101.0,113.0,650.0,8.0,8.0,10.0,2.0,4.0,100.0,21.0,109.0,0.0,,13.0,1.0,,,,,8.0,8.0,3.0,,,,1.0,,,20.0,,2.0,2.0,6.0,,7.0,,4.0,3.0,5.0,,,2.0,2.0,,1.0,8.0,,,4.0,2.0,,,,,,,,,,,,,,6.0,6.0,,,,,,,,,
Eredivisie,2025-2026,FC Twente,a339o11ut8s1o9odm6ybc4pka,T. van den Belt,Midfielder,20,76.0,37.0,39.0,32.0,218.0,6.0,195.0,13.0,216.0,109.0,107.0,460.0,317.0,17.0,32.0,22.0,18.0,4.0,140.0,72.0,68.0,30.0,31.0,190.0,2.0,1029.0,106.0,49.0,24.0,124.0,333.0,32.0,20.0,27.0,21.0,5.0,1.0,1.0,10.0,32.0,38.0,819.0,517.0,332.0,810.0,13.0,31.0,33.0,2191.0,27.0,1.0,46.0,26.0,14.0,294.0,1058.0,38.0,848.0,44.0,77.0,210.0,1450.0,8.0,8.0,11.0,27.0,35.0,157.0,61.0,175.0,4.0,,18.0,2.0,,,1.0,,5.0,3.0,,1.0,,,1.0,,1.0,18.0,6.0,2.0,4.0,7.0,,3.0,,5.0,4.0,1.0,,1.0,4.0,2.0,1.0,1.0,3.0,,,,,2.0,,,,,,,,,,,,,,,,,,,,,,,
Eredivisie,2025-2026,FC Twente,6wwk8y9mklkh8x606ynhe1lp0,S. Ørjasæter,Midfielder,27,39.0,26.0,13.0,29.0,223.0,2.0,422.0,19.0,239.0,136.0,103.0,757.0,144.0,4.0,29.0,22.0,20.0,2.0,200.0,110.0,90.0,6.0,53.0,66.0,4.0,678.0,281.0,45.0,15.0,89.0,255.0,59.0,19.0,27.0,24.0,2.0,14.0,10.0,56.0,10.0,20.0,539.0,469.0,92.0,527.0,6.0,12.0,10.0,2081.0,81.0,7.0,5.0,11.0,16.0,346.0,688.0,37.0,547.0,18.0,187.0,141.0,1155.0,55.0,42.0,46.0,3.0,8.0,169.0,27.0,133.0,0.0,3.0,22.0,,,,6.0,,2.0,2.0,,,,,1.0,,1.0,18.0,1.0,3.0,1.0,3.0,,1.0,,2.0,2.0,0.0,,22.0,2.0,3.0,1.0,6.0,1.0,3.0,11.0,2.0,,,,,,,,,,,,,,,,,,,,,,,,,
Eredivisie,2025-2026,FC Twente,a185wef6iz1nun1wry40jcgoa,N. Ünüvar,Forward,37,7.0,3.0,4.0,18.0,49.0,1.0,125.0,6.0,107.0,57.0,50.0,174.0,68.0,13.0,18.0,21.0,18.0,3.0,100.0,54.0,46.0,3.0,12.0,26.0,2.0,218.0,65.0,14.0,8.0,59.0,76.0,12.0,4.0,9.0,8.0,9.0,7.0,7.0,15.0,3.0,8.0,176.0,141.0,42.0,168.0,10.0,11.0,5.0,838.0,32.0,2.0,3.0,16.0,10.0,111.0,219.0,9.0,176.0,21.0,25.0,43.0,394.0,15.0,12.0,15.0,1.0,10.0,51.0,7.0,33.0,1.0,,8.0,,,,1.0,,2.0,2.0,1.0,,,,3.0,,,5.0,,2.0,,4.0,,2.0,,3.0,0.0,2.0,,3.0,1.0,1.0,,1.0,2.0,,3.0,2.0,,,,,,,,,,,,,,,,,,,,,,,,,
Eredivisie,2025-2026,FC Utrecht,bw2pkqwfuxonrsgdpxr5f3384,E. Adiele,Defender,5,,,,2.0,2.0,,5.0,,7.0,4.0,3.0,6.0,9.0,,2.0,3.0,3.0,,7.0,4.0,3.0,2.0,,1.0,,16.0,,1.0,1.0,3.0,5.0,,,,,2.0,,,1.0,,1.0,15.0,4.0,12.0,15.0,,,2.0,46.0,2.0,,,1.0,2.0,4.0,17.0,,16.0,,,1.0,30.0,,,2.0,,,,1.0,1.0,0.0,,,,,,,,,,,,,,,,,,1.0,,1.0,,,,,,,,,,,,,,,,,,,,,,,,,,,,,,,,,,,,,,,,,,
Eredivisie,2025-2026,FC Utrecht,9v212zfspaz9cmswudro21ous,O. Agougil,Defender,38,4.0,2.0,2.0,6.0,9.0,,21.0,,14.0,9.0,5.0,18.0,26.0,2.0,6.0,1.0,1.0,,10.0,7.0,3.0,,3.0,22.0,,70.0,11.0,2.0,,6.0,18.0,3.0,,,,6.0,,,1.0,,3.0,60.0,39.0,26.0,62.0,,1.0,1.0,101.0,4.0,,3.0,3.0,1.0,15.0,75.0,,65.0,1.0,,10.0,89.0,,,,,2.0,6.0,4.0,8.0,0.0,,,,,,,,,,,,,,,,,,,1.0,,,,,,1.0,,,,,,,,,,,,,,,,,,,,,,,,,,,,,,,,,,,,,
Eredivisie,2025-2026,FC Utrecht,c3j7m8kaoius8i6jihubgy6p6,Ángel Alarcón,Forward,77,19.0,10.0,9.0,13.0,64.0,,141.0,6.0,115.0,62.0,53.0,237.0,71.0,1.0,13.0,13.0,10.0,3.0,96.0,52.0,44.0,3.0,17.0,87.0,,230.0,79.0,23.0,8.0,43.0,16.0,20.0,10.0,13.0,12.0,,11.0,8.0,23.0,6.0,10.0,154.0,115.0,58.0,152.0,5.0,5.0,2.0,972.0,36.0,5.0,1.0,3.0,11.0,194.0,238.0,24.0,162.0,10.0,43.0,76.0,480.0,41.0,27.0,20.0,3.0,12.0,100.0,17.0,64.0,0.0,3.0,8.0,,,,3.0,,3.0,2.0,,,,,,,,14.0,,,1.0,8.0,,2.0,,,1.0,2.0,,20.0,3.0,2.0,1.0,4.0,2.0,4.0,13.0,1.0,,1.0,,,,,,,,,,,,,,,,,,,,,,,
Eredivisie,2025-2026,FC Utrecht,9q90ls3k1i2739wd6a20fku6t,V. Barkas,Goalkeeper,1,10.0,,10.0,32.0,,,141.0,1.0,18.0,1.0,17.0,1.0,673.0,,32.0,39.0,32.0,7.0,8.0,1.0,7.0,,,180.0,,710.0,33.0,4.0,1.0,332.0,226.0,,,32.0,1.0,,,,1.0,,262.0,498.0,182.0,519.0,439.0,,1.0,,2835.0,,,27.0,,4.0,381.0,1079.0,,701.0,1.0,1.0,378.0,1406.0,,,,203.0,368.0,295.0,83.0,10.0,0.0,,,8.0,,282.0,,231.0,,,,,,,,,,,111.0,,,,22.0,,,1.0,,,,,,,,,,,,,,,,32.0,4.0,84.0,2.0,8.0,108.0,73.0,34.0,5.0,18.0,6.0,,,,,,,,1.0,1.0,,
Eredivisie,2025-2026,FC Utrecht,2t2mq9pun2hrdvadnpixxvlzo,A. Blake,Forward,15,11.0,10.0,1.0,22.0,70.0,,144.0,10.0,89.0,59.0,30.0,246.0,66.0,2.0,22.0,16.0,15.0,1.0,78.0,49.0,29.0,2.0,11.0,54.0,2.0,277.0,82.0,12.0,2.0,46.0,88.0,13.0,11.0,10.0,8.0,12.0,4.0,4.0,14.0,3.0,9.0,215.0,143.0,77.0,207.0,1.0,2.0,4.0,945.0,38.0,3.0,5.0,6.0,12.0,141.0,278.0,24.0,216.0,3.0,56.0,62.0,464.0,18.0,18.0,23.0,7.0,10.0,63.0,17.0,52.0,0.0,2.0,11.0,,,,2.0,,2.0,2.0,,,,,,,,13.0,2.0,1.0,,2.0,,1.0,,2.0,2.0,0.0,,1.0,2.0,2.0,,1.0,2.0,,,,,,,,,,,,,,,,,,,,,,,,,,,,
Eredivisie,2025-2026,FC Utrecht,b33sm106xc7g3h4bcqtawja7e,C. Bozdoğan,Midfielder,8,18.0,9.0,9.0,18.0,46.0,1.0,76.0,1.0,55.0,22.0,33.0,73.0,68.0,1.0,18.0,7.0,6.0,1.0,37.0,13.0,24.0,5.0,4.0,51.0,1.0,220.0,39.0,11.0,5.0,20.0,65.0,4.0,6.0,4.0,3.0,14.0,3.0,3.0,1.0,4.0,8.0,185.0,109.0,89.0,187.0,6.0,6.0,4.0,414.0,5.0,,5.0,6.0,11.0,59.0,230.0,12.0,195.0,12.0,10.0,35.0,322.0,7.0,5.0,,2.0,7.0,32.0,10.0,28.0,0.0,,1.0,,,,,,1.0,,,,,,1.0,,,6.0,1.0,2.0,,2.0,,,,,0.0,1.0,,,1.0,,1.0,,,,,1.0,,1.0,,,,,,,,,,,,,,,,,,,,,,,
Eredivisie,2025-2026,FC Utrecht,dmsmbn9a1qucwf100o3v77nbp,M. Brouwer,Goalkeeper,25,,,,2.0,,,9.0,,1.0,1.0,,,35.0,,2.0,3.0,3.0,,1.0,1.0,,,,5.0,,36.0,7.0,,,17.0,9.0,,,1.0,,1.0,,,,,17.0,23.0,11.0,21.0,15.0,,,,135.0,,,1.0,,,18.0,49.0,,32.0,,,17.0,65.0,,,,14.0,17.0,15.0,2.0,,0.0,,,,,16.0,,8.0,,,,,,,1.0,,,,11.0,,,,,,,,,,,,,,,,,,,,,,,,,2.0,1.0,,4.0,1.0,3.0,,3.0,,,,,,,,,,,,
Eredivisie,2025-2026,FC Utrecht,2tc8y9du64tjno62zll2jhy7e,Y. Cathline,Forward,10,22.0,16.0,6.0,25.0,89.0,,307.0,29.0,245.0,137.0,108.0,448.0,140.0,8.0,25.0,21.0,16.0,5.0,223.0,121.0,102.0,11.0,29.0,74.0,2.0,437.0,183.0,36.0,9.0,93.0,135.0,33.0,17.0,20.0,13.0,5.0,18.0,18.0,36.0,10.0,16.0,321.0,255.0,85.0,306.0,10.0,16.0,3.0,1800.0,95.0,9.0,13.0,18.0,40.0,312.0,438.0,33.0,322.0,26.0,98.0,116.0,899.0,41.0,41.0,47.0,6.0,13.0,130.0,27.0,103.0,1.0,3.0,24.0,1.0,,,4.0,,3.0,3.0,1.0,,,,,,1.0,16.0,2.0,6.0,1.0,3.0,,,,4.0,1.0,2.0,,,2.0,1.0,,3.0,3.0,,,2.0,,,,,,,,,,,,,,,,,,,,,,,,,
Eredivisie,2025-2026,FC Utrecht,3gczyjwrkpu7ht35di1g09s0k,E. Demircan,Forward,17,3.0,1.0,2.0,6.0,9.0,,20.0,,22.0,11.0,11.0,31.0,10.0,1.0,6.0,,,,19.0,10.0,9.0,1.0,3.0,5.0,,31.0,9.0,1.0,1.0,7.0,7.0,3.0,1.0,,,6.0,,,3.0,,,27.0,23.0,4.0,27.0,,2.0,,93.0,9.0,,,1.0,4.0,16.0,31.0,1.0,27.0,2.0,3.0,4.0,61.0,1.0,1.0,4.0,2.0,3.0,4.0,1.0,1.0,0.0,,2.0,,,,,,,,,,,,,,,,,,,,,,,,,,,,,,,,,,,,,,,,,,,,,,,,,,,,,,,,,,,,
Eredivisie,2025-2026,FC Utrecht,3ypxn1nvgv8e321sq5394w3my,M. Didden,Defender,40,91.0,31.0,60.0,24.0,86.0,20.0,251.0,,173.0,74.0,99.0,41.0,382.0,8.0,24.0,24.0,17.0,7.0,82.0,43.0,39.0,26.0,7.0,413.0,1.0,1072.0,114.0,26.0,14.0,75.0,225.0,7.0,6.0,21.0,1.0,3.0,1.0,1.0,4.0,,85.0,873.0,254.0,651.0,819.0,14.0,13.0,10.0,1887.0,4.0,,124.0,26.0,8.0,235.0,1106.0,11.0,904.0,27.0,19.0,202.0,1425.0,2.0,2.0,1.0,51.0,94.0,128.0,76.0,108.0,0.0,,1.0,5.0,1.0,10.0,,10.0,2.0,2.0,1.0,1.0,,1.0,,1.0,,5.0,15.0,,3.0,1.0,1.0,1.0,1.0,3.0,2.0,0.0,,,,,,1.0,1.0,,,,,,2.0,,,,,,,,,,,,,,,,,,,,,,
Eredivisie,2025-2026,FC Utrecht,ubuh5wgnl0o5bn3wirdmectm,M. Eerdhuijzen,Defender,44,11.0,3.0,8.0,8.0,16.0,3.0,34.0,,21.0,7.0,14.0,4.0,39.0,1.0,8.0,6.0,6.0,,10.0,4.0,6.0,2.0,1.0,30.0,,149.0,13.0,,,10.0,69.0,1.0,,5.0,4.0,3.0,,,1.0,,14.0,137.0,40.0,101.0,127.0,2.0,3.0,2.0,269.0,1.0,,16.0,1.0,,16.0,154.0,1.0,141.0,5.0,2.0,13.0,193.0,,,,6.0,10.0,11.0,2.0,3.0,0.0,,,,,,,,,,,,,,,,,1.0,4.0,,,,,,,1.0,,,,,,,,,,,,,,,,,,,,,,,,,,,,,,,,,,,,,
Eredivisie,2025-2026,FC Utrecht,1s1c0w7we8oouklrwshie0iz8,R. El Arguioui,Midfielder,43,,,,,,,,,,,,,,,,,,,,,,,,,,,,,,,,,,,,,,,,,,,,,,,,,,,,,,,,,,,,,,,,,,,,,,,,,,,,,,,,,,,,,,,,,,,,,,,,,,,,,,,,,,,,,,,,,,,,,,,,,,,,,,,,,,,,,
Eredivisie,2025-2026,FC Utrecht,enimk3ibb10vk3f8vrmmhq7oq,S. El Karouani,Defender,16,42.0,23.0,19.0,31.0,219.0,8.0,331.0,41.0,295.0,134.0,161.0,779.0,466.0,13.0,31.0,36.0,29.0,7.0,253.0,111.0,142.0,28.0,83.0,72.0,2.0,1040.0,207.0,76.0,31.0,139.0,344.0,94.0,19.0,31.0,3.0,,100.0,32.0,12.0,4.0,72.0,808.0,542.0,414.0,784.0,28.0,59.0,227.0,2743.0,50.0,16.0,61.0,43.0,43.0,617.0,1101.0,35.0,856.0,87.0,55.0,245.0,2170.0,211.0,101.0,31.0,51.0,97.0,368.0,88.0,148.0,1.0,10.0,11.0,8.0,1.0,,11.0,,2.0,1.0,3.0,,,,1.0,,,16.0,16.0,5.0,65.0,2.0,1.0,,,3.0,2.0,0.0,12.0,137.0,1.0,2.0,,5.0,2.0,51.0,80.0,,,1.0,,,,,,,,,,,,,,,,,,,,,,,
Eredivisie,2025-2026,FC Utrecht,8lt54ei6pcu25u8uerigmx5yi,A. Engwanda,Midfielder,27,62.0,24.0,38.0,33.0,172.0,9.0,245.0,3.0,273.0,108.0,165.0,216.0,357.0,17.0,33.0,40.0,33.0,7.0,211.0,84.0,127.0,52.0,6.0,358.0,,1110.0,108.0,48.0,28.0,119.0,252.0,7.0,3.0,33.0,8.0,,2.0,2.0,19.0,26.0,44.0,956.0,500.0,487.0,941.0,38.0,55.0,3.0,2834.0,40.0,,66.0,28.0,15.0,226.0,1139.0,4.0,985.0,93.0,11.0,154.0,1585.0,9.0,9.0,20.0,17.0,28.0,102.0,61.0,126.0,0.0,,5.0,7.0,1.0,,1.0,,,,1.0,,,,1.0,,,1.0,11.0,1.0,,,,,,4.0,,,,,,,,,,,,,,,,,,,,,,,,,,,,,,,,,,,,,
Eredivisie,2025-2026,FC Utrecht,d2jjigs2ovi8jbogk8klnoqac,M. Eppink,Goalkeeper,51,,,,,,,,,,,,,,,,,,,,,,,,,,,,,,,,,,,,,,,,,,,,,,,,,,,,,,,,,,,,,,,,,,,,,,,,,,,,,,,,,,,,,,,,,,,,,,,,,,,,,,,,,,,,,,,,,,,,,,,,,,,,,,,,,,,,,
Eredivisie,2025-2026,FC Utrecht,nstvq6jrkhskxt7p9se9fnkk,J. Eversen,Goalkeeper,0,,,,,,,,,,,,,,,,,,,,,,,,,,,,,,,,,,,,,,,,,,,,,,,,,,,,,,,,,,,,,,,,,,,,,,,,,,,,,,,,,,,,,,,,,,,,,,,,,,,,,,,,,,,,,,,,,,,,,,,,,,,,,,,,,,,,,
Eredivisie,2025-2026,FC Utrecht,2sgey1g99rmupumezjo9rkxcl,K. Finnsson,Defender,5,,,,,,,,,,,,,,,,,,,,,,,,,,,,,,,,,,,,,,,,,,,,,,,,,,,,,,,,,,,,,,,,,,,,,,,,,,,,,,,,,,,,,,,,,,,,,,,,,,,,,,,,,,,,,,,,,,,,,,,,,,,,,,,,,,,,,
Eredivisie,2025-2026,FC Utrecht,deb7ysp5fwiouttlarstuxgyc,K. Gadellaa,Goalkeeper,33,,,,,,,,,,,,,,,,,,,,,,,,,,,,,,,,,,,,,,,,,,,,,,,,,,,,,,,,,,,,,,,,,,,,,,,,,,,,,,,,,,,,,,,,,,,,,,,,,,,,,,,,,,,,,,,,,,,,,,,,,,,,,,,,,,,,,
Eredivisie,2025-2026,FC Utrecht,cy0lv5u16obr2ne4xiins43x1,S. Haller,Forward,91,105.0,40.0,65.0,20.0,84.0,1.0,70.0,7.0,175.0,80.0,95.0,173.0,52.0,8.0,20.0,13.0,9.0,4.0,70.0,40.0,30.0,6.0,14.0,59.0,3.0,271.0,30.0,9.0,4.0,31.0,83.0,17.0,10.0,9.0,8.0,11.0,,,3.0,32.0,3.0,190.0,117.0,80.0,194.0,4.0,3.0,1.0,893.0,21.0,2.0,5.0,14.0,22.0,135.0,278.0,19.0,197.0,7.0,66.0,81.0,436.0,,,6.0,,,67.0,14.0,81.0,1.0,2.0,3.0,,,,3.0,,1.0,1.0,,1.0,,,,,,9.0,1.0,1.0,,2.0,,1.0,,1.0,1.0,0.0,,,,1.0,,,,,,3.0,,,,,,,,,,,,,,,,,,,,,,,,,
Eredivisie,2025-2026,FC Utrecht,3r6elcuru7no13hrfczmwbmy1,S. Horemans,Defender,2,42.0,19.0,23.0,26.0,100.0,5.0,116.0,9.0,125.0,59.0,66.0,219.0,358.0,4.0,26.0,29.0,26.0,3.0,83.0,40.0,43.0,24.0,18.0,281.0,,758.0,50.0,27.0,12.0,88.0,46.0,19.0,5.0,19.0,3.0,7.0,19.0,19.0,5.0,2.0,48.0,615.0,266.0,392.0,591.0,19.0,15.0,145.0,1706.0,9.0,4.0,62.0,11.0,4.0,215.0,785.0,7.0,639.0,34.0,17.0,146.0,1219.0,35.0,35.0,6.0,27.0,51.0,127.0,54.0,95.0,0.0,1.0,6.0,3.0,,,1.0,,,,,,,,1.0,,,2.0,10.0,1.0,16.0,,,,,1.0,,,,,,1.0,,,,,,,,,,,,,,,,,,,,,,,,,,,,,,,
Eredivisie,2025-2026,FC Utrecht,egcs7b6ixb62ep08t7jznf9ih,V. Jensen,Midfielder,7,18.0,9.0,9.0,8.0,34.0,,29.0,,58.0,22.0,36.0,76.0,24.0,4.0,8.0,7.0,6.0,1.0,40.0,13.0,27.0,4.0,7.0,50.0,1.0,148.0,16.0,11.0,3.0,17.0,42.0,7.0,4.0,7.0,4.0,1.0,,,3.0,11.0,7.0,123.0,69.0,55.0,117.0,6.0,8.0,,540.0,2.0,,2.0,6.0,10.0,43.0,150.0,12.0,124.0,14.0,21.0,26.0,232.0,1.0,1.0,1.0,2.0,2.0,18.0,9.0,24.0,0.0,,2.0,,,,,,5.0,5.0,,,,,,,,8.0,,3.0,,1.0,,3.0,,1.0,4.0,1.0,,,5.0,,4.0,,1.0,,,,,,,,,,,,,,,,,,,,,,,,,,,,
Eredivisie,2025-2026,FC Utrecht,dotvgi9g50m2axfw4isamd1ck,M. Jonathans,Forward,26,13.0,7.0,6.0,16.0,52.0,1.0,77.0,4.0,65.0,37.0,28.0,129.0,44.0,3.0,16.0,12.0,11.0,1.0,52.0,30.0,22.0,,8.0,55.0,,164.0,46.0,7.0,3.0,24.0,13.0,9.0,4.0,3.0,4.0,13.0,7.0,5.0,7.0,4.0,9.0,123.0,88.0,42.0,114.0,2.0,3.0,,493.0,20.0,2.0,6.0,6.0,11.0,91.0,164.0,9.0,123.0,5.0,21.0,41.0,286.0,9.0,8.0,11.0,3.0,7.0,37.0,13.0,34.0,0.0,,6.0,,,,1.0,,2.0,2.0,,1.0,,,1.0,,,5.0,1.0,,1.0,1.0,,2.0,,1.0,1.0,1.0,,3.0,2.0,1.0,,1.0,1.0,2.0,1.0,3.0,,,,,,,,,,,,,,,,,,,,,,,,,
Eredivisie,2025-2026,FC Utrecht,33yauarx84sam5u05vgyqxfxl,J. Karlsson,Forward,11,16.0,9.0,7.0,15.0,46.0,1.0,69.0,7.0,62.0,33.0,29.0,140.0,44.0,1.0,15.0,7.0,4.0,3.0,46.0,24.0,22.0,2.0,6.0,20.0,3.0,134.0,34.0,8.0,5.0,31.0,25.0,7.0,5.0,4.0,4.0,11.0,7.0,5.0,6.0,4.0,5.0,99.0,75.0,32.0,95.0,8.0,1.0,1.0,468.0,18.0,4.0,8.0,4.0,7.0,88.0,135.0,13.0,100.0,9.0,25.0,35.0,267.0,22.0,14.0,7.0,2.0,2.0,51.0,6.0,33.0,1.0,1.0,6.0,,,,1.0,,4.0,3.0,1.0,1.0,,,,,,8.0,2.0,1.0,,1.0,,1.0,,2.0,1.0,3.0,1.0,10.0,3.0,,,3.0,3.0,2.0,7.0,,,1.0,,,,,,,,,,,,,,,,1.0,1.0,,,,,,
Eredivisie,2025-2026,FC Utrecht,76u4hfy71m21n78a3gs5wrnys,P. Kloosterboer,Defender,57,,,,,,,,,,,,,,,,,,,,,,,,,,,,,,,,,,,,,,,,,,,,,,,,,,,,,,,,,,,,,,,,,,,,,,,,,,,,,,,,,,,,,,,,,,,,,,,,,,,,,,,,,,,,,,,,,,,,,,,,,,,,,,,,,,,,,
Eredivisie,2025-2026,FC Utrecht,9xz9a9gy76rndl19q2ctb5no4,B. Menzo,Forward,49,,,,,,,,,,,,,,,,,,,,,,,,,,,,,,,,,,,,,,,,,,,,,,,,,,,,,,,,,,,,,,,,,,,,,,,,,,,,,,,,,,,,,,,,,,,,,,,,,,,,,,,,,,,,,,,,,,,,,,,,,,,,,,,,,,,,,
Eredivisie,2025-2026,FC Utrecht,7o8auo4uu5mzh7f4a44ucdf8q,D. Min,Forward,9,67.0,39.0,28.0,22.0,61.0,2.0,68.0,2.0,140.0,86.0,54.0,144.0,41.0,6.0,22.0,16.0,15.0,1.0,73.0,47.0,26.0,4.0,12.0,51.0,,191.0,34.0,12.0,10.0,31.0,40.0,13.0,14.0,7.0,4.0,15.0,,,10.0,16.0,6.0,139.0,92.0,49.0,135.0,3.0,2.0,2.0,856.0,29.0,1.0,8.0,16.0,11.0,114.0,193.0,20.0,141.0,5.0,40.0,52.0,354.0,,,9.0,,2.0,45.0,7.0,50.0,1.0,,3.0,,,,1.0,,3.0,3.0,1.0,,,,,,,6.0,,2.0,,6.0,,3.0,,1.0,3.0,0.0,,,1.0,,1.0,,2.0,,,3.0,,,,,,,,,,,,,,,,,,,,,,,,,
Eredivisie,2025-2026,FC Utrecht,a02jtmvlc1tlstvt96pa1hisq,D. Murkin,Defender,55,10.0,4.0,6.0,9.0,28.0,2.0,31.0,4.0,31.0,16.0,15.0,57.0,54.0,3.0,9.0,6.0,6.0,,21.0,12.0,9.0,2.0,4.0,14.0,,116.0,17.0,8.0,1.0,17.0,22.0,7.0,,4.0,2.0,5.0,4.0,2.0,1.0,1.0,7.0,83.0,53.0,34.0,76.0,5.0,,14.0,349.0,3.0,2.0,12.0,8.0,3.0,57.0,118.0,2.0,83.0,5.0,8.0,35.0,194.0,6.0,2.0,2.0,7.0,9.0,30.0,11.0,26.0,0.0,3.0,,,,,3.0,,2.0,1.0,,,,,1.0,,,2.0,3.0,,3.0,,,1.0,,1.0,0.0,2.0,,5.0,2.0,,2.0,,,2.0,3.0,1.0,,1.0,,,,,,,,,,,,,,,,,,,,,,,
Eredivisie,2025-2026,FC Utrecht,2bz8ey1mxuv6uo8duu7if6k4q,N. Ohio,Forward,11,,,,2.0,4.0,,2.0,,,,,4.0,2.0,,2.0,1.0,1.0,,,,,,,3.0,,11.0,1.0,,,2.0,2.0,,,,,2.0,,,,1.0,,10.0,4.0,6.0,10.0,,,,39.0,,,,,,4.0,11.0,,10.0,,,1.0,15.0,,,,,,1.0,,1.0,0.0,,,,,,,,,,,,,,,,,,,,,,,,,,,,,,,,,,,,,,,,,,,,,,,,,,,,,,,,,,,,,,
Eredivisie,2025-2026,FC Utrecht,eyf1gegzw3kyrb8phfexk680k,V. Plantinga,Defender,50,,,,,,,,,,,,,,,,,,,,,,,,,,,,,,,,,,,,,,,,,,,,,,,,,,,,,,,,,,,,,,,,,,,,,,,,,,,,,,,,,,,,,,,,,,,,,,,,,,,,,,,,,,,,,,,,,,,,,,,,,,,,,,,,,,,,,
Eredivisie,2025-2026,FC Utrecht,9ano8w4jrlk6zq92rxchzaru2,Miguel Rodríguez,Forward,22,31.0,19.0,12.0,24.0,99.0,2.0,200.0,10.0,213.0,120.0,93.0,341.0,90.0,12.0,24.0,15.0,12.0,3.0,182.0,101.0,81.0,16.0,18.0,161.0,1.0,388.0,85.0,44.0,23.0,69.0,40.0,18.0,16.0,15.0,10.0,9.0,12.0,12.0,21.0,15.0,12.0,281.0,187.0,108.0,271.0,9.0,14.0,6.0,1349.0,60.0,3.0,8.0,19.0,37.0,237.0,390.0,31.0,283.0,23.0,64.0,107.0,767.0,23.0,22.0,29.0,6.0,18.0,100.0,30.0,89.0,1.0,,14.0,1.0,,,,,3.0,3.0,,1.0,,,,1.0,,15.0,1.0,2.0,,4.0,,2.0,1.0,2.0,3.0,0.0,,1.0,2.0,1.0,,3.0,2.0,,1.0,2.0,,,,,,,,,,,,,,,,,,,,,,,,,
Eredivisie,2025-2026,FC Utrecht,6narzhg4hjarzdm235jkcclxw,A. Stepanov,Forward,18,45.0,22.0,23.0,13.0,41.0,,57.0,10.0,117.0,74.0,43.0,145.0,31.0,1.0,13.0,7.0,6.0,1.0,72.0,52.0,20.0,1.0,5.0,29.0,6.0,149.0,37.0,15.0,9.0,32.0,49.0,6.0,12.0,11.0,11.0,2.0,1.0,1.0,7.0,11.0,5.0,102.0,69.0,35.0,98.0,4.0,4.0,,816.0,29.0,2.0,7.0,18.0,5.0,124.0,150.0,21.0,103.0,8.0,61.0,47.0,319.0,5.0,5.0,16.0,,2.0,45.0,7.0,45.0,1.0,1.0,6.0,,,,1.0,,4.0,4.0,1.0,,,,,,,9.0,,2.0,,4.0,,3.0,,,2.0,2.0,,,3.0,,,1.0,4.0,,,2.0,,,,,,,,,,,,,,,1.0,1.0,,,,,,,,,
Eredivisie,2025-2026,FC Utrecht,8tqsvu5sw6kn014hdv88zppm1,N. Vesterlund,Defender,23,32.0,9.0,23.0,17.0,84.0,3.0,67.0,6.0,64.0,21.0,43.0,114.0,136.0,,17.0,18.0,14.0,4.0,32.0,12.0,20.0,5.0,4.0,122.0,,360.0,22.0,24.0,10.0,27.0,25.0,5.0,2.0,14.0,6.0,3.0,1.0,1.0,,2.0,20.0,277.0,105.0,180.0,264.0,2.0,13.0,83.0,1181.0,3.0,,52.0,5.0,6.0,115.0,367.0,6.0,284.0,15.0,16.0,83.0,604.0,9.0,9.0,1.0,24.0,29.0,53.0,39.0,54.0,0.0,1.0,3.0,2.0,,,1.0,,1.0,1.0,,1.0,,,,,,4.0,5.0,,13.0,1.0,,1.0,,2.0,0.0,1.0,,,,,,1.0,,,,,,,,,,,,,,,,,,,,,,,,,,,,,
Eredivisie,2025-2026,FC Utrecht,c3wnyafe1scw1wdy7lw7rwe1g,N. Viereck,Defender,0,,,,,,,,,,,,,,,,,,,,,,,,,,,,,,,,,,,,,,,,,,,,,,,,,,,,,,,,,,,,,,,,,,,,,,,,,,,,,,,,,,,,,,,,,,,,,,,,,,,,,,,,,,,,,,,,,,,,,,,,,,,,,,,,,,,,,
Eredivisie,2025-2026,FC Utrecht,c2an5ksdu6jbap3x3jp3z9c5x,N. Viergever,Defender,24,67.0,29.0,38.0,24.0,60.0,16.0,196.0,2.0,115.0,54.0,61.0,60.0,373.0,6.0,24.0,22.0,18.0,4.0,48.0,25.0,23.0,22.0,2.0,185.0,,858.0,112.0,19.0,11.0,56.0,274.0,2.0,7.0,17.0,6.0,7.0,1.0,1.0,2.0,,36.0,738.0,294.0,479.0,736.0,6.0,13.0,3.0,1724.0,3.0,,99.0,16.0,2.0,137.0,892.0,8.0,772.0,19.0,16.0,120.0,1132.0,4.0,4.0,,30.0,44.0,72.0,52.0,76.0,0.0,,1.0,4.0,,2.0,,2.0,,,,,,,1.0,,,1.0,14.0,1.0,,3.0,,,,3.0,,,,,,,,,,,,,,,,,,,,,,,,,,,,,,,,,,,,,
Eredivisie,2025-2026,FC Utrecht,4ej8uchqe3rt1s5h6phjo3310,G. Zechiël,Midfielder,21,26.0,10.0,16.0,33.0,261.0,6.0,374.0,16.0,240.0,117.0,123.0,435.0,358.0,15.0,33.0,35.0,28.0,7.0,214.0,107.0,107.0,39.0,39.0,259.0,6.0,1211.0,183.0,45.0,20.0,150.0,386.0,44.0,13.0,31.0,15.0,2.0,8.0,7.0,23.0,38.0,61.0,1020.0,583.0,495.0,1009.0,27.0,24.0,4.0,2718.0,59.0,8.0,34.0,21.0,33.0,319.0,1264.0,38.0,1070.0,51.0,72.0,194.0,1731.0,14.0,13.0,32.0,12.0,40.0,156.0,52.0,154.0,4.0,4.0,17.0,4.0,,,5.0,,8.0,6.0,,3.0,,,,,,25.0,6.0,10.0,,8.0,,5.0,,4.0,3.0,5.0,1.0,,8.0,1.0,,6.0,5.0,,,6.0,1.0,2.0,,,,,,,,,,,,,,,,,,,,,,,
Eredivisie,2025-2026,FC Utrecht,dmnk8dz6w8n4fcso88fuvusfe,Zidane Iqbal,Midfielder,14,3.0,2.0,1.0,5.0,30.0,1.0,44.0,,29.0,11.0,18.0,36.0,44.0,2.0,5.0,6.0,6.0,,26.0,9.0,17.0,4.0,1.0,55.0,,168.0,23.0,1.0,1.0,15.0,54.0,1.0,,3.0,3.0,2.0,,,4.0,2.0,11.0,150.0,98.0,67.0,154.0,6.0,3.0,,255.0,5.0,,1.0,2.0,4.0,28.0,183.0,,165.0,9.0,1.0,18.0,223.0,,,3.0,1.0,5.0,10.0,8.0,13.0,0.0,,,,1.0,,,,,,,,,,,,,,,,,,,,,1.0,,,,,,,,1.0,,,,,,,,,,,,,,,,,,,,,,,,,,,,,
Eredivisie,2025-2026,FC Utrecht,8ymqihdfqc7esda7y407lebx1,D. de Wit,Midfielder,20,171.0,68.0,103.0,26.0,160.0,7.0,79.0,4.0,340.0,156.0,184.0,265.0,230.0,22.0,26.0,26.0,21.0,5.0,169.0,88.0,81.0,17.0,18.0,215.0,6.0,730.0,33.0,39.0,25.0,71.0,136.0,21.0,13.0,23.0,6.0,3.0,1.0,1.0,4.0,29.0,11.0,522.0,322.0,211.0,521.0,22.0,27.0,4.0,2069.0,22.0,3.0,42.0,48.0,29.0,273.0,741.0,27.0,532.0,49.0,65.0,209.0,1072.0,3.0,3.0,7.0,13.0,19.0,157.0,55.0,190.0,1.0,2.0,3.0,5.0,,,3.0,,6.0,6.0,2.0,3.0,,1.0,1.0,,,14.0,4.0,2.0,,6.0,,4.0,,7.0,3.0,3.0,,,3.0,,1.0,1.0,1.0,,,6.0,,,,,,,,,,,,,,,,,,,,,,,,1.0,
Eredivisie,2025-2026,FC Utrecht,af5u44a3vud8ac2vjd8lcjp5g,J. van Ommeren,Midfielder,46,2.0,,2.0,2.0,6.0,,5.0,1.0,5.0,,5.0,10.0,7.0,,2.0,1.0,1.0,,3.0,,3.0,,,10.0,,27.0,,,,2.0,5.0,,,,,2.0,,,1.0,,,24.0,14.0,11.0,25.0,,1.0,,39.0,,,2.0,,1.0,6.0,28.0,,25.0,1.0,,3.0,38.0,,,,1.0,1.0,,3.0,2.0,0.0,,1.0,,,,,,,,,,,,,,,,,,,,,,,,,,,,,,,,,,,1.0,,,,,,,,,,,,,,,,,,,,,,,,,
Eredivisie,2025-2026,FC Utrecht,95138z7cunha28l5ptzjnnggk,J. van de Haar,Forward,19,,,,,,,,,,,,,,,,,,,,,,,,,,,,,,,,,,,,,,,,,,,,,,,,,,,,,,,,,,,,,,,,,,,,,,,,,,,,,,,,,,,,,,,,,,,,,,,,,,,,,,,,,,,,,,,,,,,,,,,,,,,,,,,,,,,,,
Eredivisie,2025-2026,FC Utrecht,29s8wk0a2m66rebsfx1jfuuh,D. van den Berg,Midfielder,6,1.0,,1.0,5.0,10.0,,10.0,,11.0,3.0,8.0,15.0,19.0,,5.0,2.0,2.0,,10.0,3.0,7.0,2.0,2.0,18.0,,56.0,7.0,3.0,2.0,10.0,9.0,2.0,,2.0,2.0,3.0,,,1.0,3.0,2.0,48.0,25.0,23.0,46.0,2.0,1.0,,141.0,2.0,,2.0,,3.0,14.0,56.0,1.0,48.0,3.0,3.0,8.0,77.0,1.0,1.0,1.0,,,6.0,3.0,8.0,1.0,,,,,,,,1.0,1.0,,,,,1.0,,,1.0,1.0,,,,,1.0,,,0.0,1.0,,,1.0,,1.0,,,,,,,,,,,,,,,,,,,,,,,,,,,,,,
Eredivisie,2025-2026,FC Utrecht,aafz6q5ggn9e6m5hprc71lgph,M. van der Hoorn,Defender,3,126.0,50.0,76.0,28.0,68.0,18.0,242.0,2.0,216.0,92.0,124.0,74.0,509.0,8.0,28.0,28.0,25.0,3.0,90.0,42.0,48.0,25.0,11.0,382.0,1.0,1261.0,125.0,18.0,7.0,73.0,351.0,11.0,5.0,25.0,6.0,3.0,,,2.0,3.0,125.0,1070.0,401.0,712.0,988.0,13.0,14.0,7.0,2111.0,6.0,1.0,150.0,30.0,19.0,215.0,1310.0,10.0,1113.0,27.0,35.0,197.0,1645.0,1.0,1.0,2.0,48.0,96.0,146.0,52.0,101.0,1.0,,2.0,5.0,,11.0,,11.0,2.0,2.0,2.0,2.0,,1.0,1.0,,,5.0,32.0,1.0,,,,2.0,,1.0,1.0,1.0,,,1.0,,,,,,,,,,2.0,,,,,,,,,,,,,,,,,,,,,,
Eredivisie,2025-2026,FC Volendam,eu901b75l2ly5p48jdw6kwmad,M. Amevor,Defender,3,113.0,48.0,65.0,31.0,103.0,38.0,280.0,1.0,193.0,91.0,102.0,57.0,428.0,8.0,31.0,44.0,39.0,5.0,80.0,43.0,37.0,35.0,7.0,417.0,1.0,1172.0,136.0,26.0,16.0,93.0,262.0,8.0,8.0,31.0,2.0,,,,2.0,2.0,68.0,1011.0,311.0,735.0,978.0,14.0,12.0,2.0,2669.0,3.0,1.0,160.0,33.0,9.0,183.0,1210.0,10.0,1046.0,26.0,22.0,164.0,1570.0,3.0,3.0,,45.0,77.0,105.0,62.0,87.0,0.0,,1.0,3.0,2.0,7.0,1.0,8.0,1.0,1.0,,1.0,,,1.0,,,2.0,12.0,,1.0,,1.0,1.0,1.0,3.0,1.0,0.0,,,,,,,,,,,,,2.0,,,1.0,,,,,,,,,,,1.0,,,,,,,,
Eredivisie,2025-2026,FC Volendam,6svx5u21jrcch3ewpqqbxukmh,J. Bacuna,Midfielder,4,54.0,24.0,30.0,12.0,42.0,5.0,71.0,5.0,116.0,53.0,63.0,128.0,111.0,7.0,12.0,10.0,9.0,1.0,62.0,29.0,33.0,9.0,6.0,49.0,,251.0,37.0,21.0,9.0,40.0,69.0,7.0,7.0,7.0,5.0,5.0,2.0,2.0,9.0,7.0,22.0,172.0,110.0,80.0,166.0,6.0,9.0,7.0,619.0,11.0,,11.0,14.0,9.0,144.0,271.0,8.0,188.0,15.0,12.0,83.0,446.0,26.0,10.0,7.0,10.0,27.0,84.0,25.0,56.0,0.0,,8.0,1.0,,,1.0,,,,,,,,,,,1.0,2.0,3.0,,,,,,1.0,,,2.0,16.0,,,,3.0,,,14.0,,,,,,,,,,,,,,,,,,,,,,,,,,
Eredivisie,2025-2026,FC Volendam,9m3115fhbxgjwfr9stchwvytw,L. Blondeau,Defender,25,,,,2.0,6.0,,14.0,,2.0,,2.0,,13.0,,2.0,2.0,2.0,,2.0,,2.0,1.0,,12.0,,48.0,9.0,1.0,1.0,4.0,18.0,,,1.0,,1.0,,,,,1.0,40.0,6.0,35.0,40.0,,2.0,,91.0,,,5.0,,,8.0,49.0,,41.0,2.0,,8.0,61.0,,,,4.0,6.0,4.0,4.0,2.0,0.0,,,,,,,,,,,,,,,,,,1.0,,,,,,,,,,,,,,,,,,,,,,,,,,,,,,,,,,,,,,,,,,,,
Eredivisie,2025-2026,FC Volendam,7k2f0ny66qu7qzey9p6hdml90,A. Bouziane,Midfielder,15,,,,,,,,,,,,,,,,,,,,,,,,,,,,,,,,,,,,,,,,,,,,,,,,,,,,,,,,,,,,,,,,,,,,,,,,,,,,,,,,,,,,,,,,,,,,,,,,,,,,,,,,,,,,,,,,,,,,,,,,,,,,,,,,,,,,,
Eredivisie,2025-2026,FC Volendam,xvher4f1mb6otoui5k5gs3ro,N. Bukala,Midfielder,18,25.0,14.0,11.0,24.0,97.0,8.0,129.0,2.0,186.0,81.0,105.0,172.0,125.0,18.0,24.0,31.0,28.0,3.0,161.0,67.0,94.0,30.0,6.0,129.0,,484.0,53.0,54.0,41.0,71.0,137.0,7.0,5.0,20.0,11.0,4.0,1.0,1.0,14.0,29.0,22.0,399.0,202.0,202.0,381.0,26.0,33.0,,1681.0,24.0,,25.0,24.0,22.0,139.0,488.0,10.0,403.0,59.0,15.0,85.0,792.0,7.0,7.0,10.0,9.0,21.0,60.0,32.0,64.0,1.0,,2.0,1.0,,,1.0,,2.0,2.0,,,,,,,,5.0,2.0,1.0,,2.0,,2.0,,5.0,1.0,1.0,,,1.0,,1.0,,1.0,,,1.0,,,,,,,,,,,,,,,,,,,,,,,,,
Eredivisie,2025-2026,FC Volendam,8q43q98due672rcbps12ih0d0,T. Codinha,Midfielder,38,,,,2.0,2.0,,2.0,,3.0,2.0,1.0,2.0,,1.0,2.0,,,,3.0,2.0,1.0,1.0,,1.0,,3.0,1.0,,,1.0,,,,,,2.0,,,,,,3.0,,3.0,3.0,,1.0,,14.0,1.0,,1.0,1.0,,5.0,3.0,,3.0,1.0,,,12.0,,,,,,,,,0.0,,,,,,,,,,,,,,,,,,,,,,,,,,,,,,,,,1.0,,,,,,,,,,,,,,,,,,,,,,,,,,,,,
Eredivisie,2025-2026,FC Volendam,d7ml58kwwpetvnw46qja9ru5m,A. Descotte,Forward,99,37.0,25.0,12.0,13.0,55.0,,74.0,6.0,93.0,60.0,33.0,140.0,44.0,5.0,13.0,12.0,11.0,1.0,56.0,35.0,21.0,,7.0,30.0,1.0,177.0,37.0,10.0,2.0,25.0,50.0,8.0,5.0,8.0,4.0,5.0,,,6.0,9.0,7.0,124.0,92.0,34.0,119.0,3.0,4.0,1.0,791.0,23.0,2.0,4.0,10.0,8.0,98.0,179.0,17.0,126.0,7.0,47.0,53.0,292.0,3.0,3.0,9.0,1.0,3.0,42.0,14.0,50.0,1.0,1.0,4.0,1.0,,,1.0,,3.0,3.0,,,,,,,,12.0,1.0,1.0,,2.0,,1.0,,2.0,0.0,3.0,,,3.0,,1.0,,2.0,,,3.0,,,,,,,,,,,,,,,,,,,,,,,,,
Eredivisie,2025-2026,FC Volendam,5qtvvfzhprrxgy206t5hbsnpw,K. Dyer,Midfielder,33,,,,3.0,1.0,,4.0,,3.0,1.0,2.0,4.0,1.0,,3.0,1.0,1.0,,3.0,1.0,2.0,,,3.0,,11.0,,,,,6.0,,,,,3.0,,,,,,9.0,4.0,5.0,9.0,1.0,1.0,1.0,25.0,1.0,,,,,3.0,11.0,,9.0,2.0,,2.0,18.0,,,1.0,,,2.0,,2.0,0.0,,,,,,,,,,,,,,,,,,,,,,,,,,,,,,,,,,,,,,,,,,,,,,,,,,,,,,,,,,,,,,
Eredivisie,2025-2026,FC Volendam,7a1f6wedz8jtcvn58d5pomm8k,S. Esajas,Defender,28,2.0,2.0,,3.0,7.0,2.0,3.0,,4.0,4.0,,5.0,5.0,,3.0,4.0,4.0,,2.0,2.0,,,,8.0,,26.0,2.0,,,3.0,7.0,,1.0,1.0,1.0,2.0,,,,2.0,1.0,25.0,7.0,19.0,25.0,,,,72.0,,,3.0,1.0,,3.0,27.0,2.0,26.0,,1.0,1.0,36.0,,,,,,1.0,,1.0,0.0,,,,,,,,,,,,,,1.0,,,1.0,,,,,,,,,,,,,,1.0,,,,,,,,,,,,,,,,,,,,,,,,,,,,,,,
Eredivisie,2025-2026,FC Volendam,2rluvlh7acweh63haqga3cm50,J. Haanstra,Defender,0,,,,,,,,,,,,,,,,,,,,,,,,,,,,,,,,,,,,,,,,,,,,,,,,,,,,,,,,,,,,,,,,,,,,,,,,,,,,,,,,,,,,,,,,,,,,,,,,,,,,,,,,,,,,,,,,,,,,,,,,,,,,,,,,,,,,,
Eredivisie,2025-2026,FC Volendam,4ezldqmn62ggasx6pniqbfwno,J. Ideho,Forward,17,15.0,11.0,4.0,25.0,65.0,1.0,225.0,6.0,184.0,86.0,98.0,320.0,85.0,8.0,25.0,24.0,22.0,2.0,169.0,75.0,94.0,7.0,9.0,37.0,3.0,321.0,126.0,24.0,14.0,75.0,136.0,10.0,9.0,10.0,8.0,15.0,6.0,5.0,33.0,6.0,21.0,235.0,168.0,75.0,216.0,14.0,10.0,14.0,1132.0,51.0,1.0,11.0,15.0,37.0,229.0,323.0,16.0,237.0,24.0,44.0,86.0,671.0,38.0,37.0,33.0,4.0,17.0,103.0,21.0,69.0,0.0,1.0,7.0,,,,1.0,,1.0,,1.0,,,,2.0,,,7.0,4.0,1.0,1.0,4.0,,,,4.0,1.0,0.0,1.0,3.0,1.0,,,6.0,1.0,1.0,1.0,1.0,,1.0,,,,,,,,,,,,,,,,,,,,,,,
Eredivisie,2025-2026,FC Volendam,6km9jg1di3kjwknzs1m43c7x0,A. Kabba,Goalkeeper,0,,,,,,,,,,,,,,,,,,,,,,,,,,,,,,,,,,,,,,,,,,,,,,,,,,,,,,,,,,,,,,,,,,,,,,,,,,,,,,,,,,,,,,,,,,,,,,,,,,,,,,,,,,,,,,,,,,,,,,,,,,,,,,,,,,,,,
Eredivisie,2025-2026,FC Volendam,7053nqhl9wu2u1kegzo9aopg5,B. Kuwas,Forward,10,51.0,38.0,13.0,31.0,111.0,5.0,253.0,11.0,259.0,162.0,97.0,406.0,151.0,6.0,31.0,31.0,27.0,4.0,208.0,124.0,84.0,3.0,31.0,171.0,8.0,485.0,116.0,24.0,12.0,79.0,82.0,35.0,16.0,23.0,15.0,8.0,10.0,1.0,22.0,20.0,21.0,384.0,313.0,107.0,389.0,7.0,11.0,4.0,2004.0,97.0,4.0,13.0,16.0,44.0,306.0,515.0,30.0,410.0,18.0,48.0,105.0,953.0,30.0,8.0,32.0,1.0,13.0,114.0,21.0,92.0,3.0,3.0,9.0,,,,4.0,,5.0,5.0,1.0,,,,,,,14.0,,1.0,,2.0,,5.0,,4.0,4.0,1.0,8.0,18.0,3.0,2.0,4.0,6.0,1.0,8.0,10.0,8.0,,,,,,,,,,,,,,,2.0,2.0,,,,,,,,,
Eredivisie,2025-2026,FC Volendam,9bgq1tfyfzc3wg9pfr8q510k4,D. Kwakman,Midfielder,23,23.0,14.0,9.0,15.0,71.0,6.0,110.0,4.0,133.0,57.0,76.0,72.0,114.0,10.0,15.0,15.0,12.0,3.0,110.0,43.0,67.0,11.0,3.0,108.0,,358.0,46.0,15.0,10.0,39.0,80.0,7.0,3.0,9.0,3.0,6.0,1.0,1.0,7.0,14.0,16.0,305.0,133.0,187.0,303.0,16.0,20.0,,820.0,18.0,3.0,36.0,15.0,24.0,83.0,373.0,4.0,319.0,36.0,6.0,54.0,569.0,2.0,2.0,9.0,9.0,19.0,41.0,15.0,35.0,0.0,3.0,6.0,,,,4.0,,,,1.0,,,,,,,1.0,4.0,1.0,,1.0,,,,1.0,,,1.0,,,1.0,,,,,,,,,,,,,,,,,,,,,,,,,,,,,,,
Eredivisie,2025-2026,FC Volendam,dej8tywq0npvbm25sfgtqur1m,O. Kökçü,Forward,7,18.0,9.0,9.0,28.0,136.0,3.0,176.0,5.0,100.0,49.0,51.0,309.0,125.0,4.0,28.0,26.0,21.0,5.0,82.0,40.0,42.0,13.0,29.0,85.0,2.0,508.0,73.0,21.0,4.0,68.0,176.0,31.0,7.0,18.0,16.0,10.0,14.0,5.0,9.0,30.0,20.0,438.0,283.0,181.0,430.0,6.0,8.0,4.0,1578.0,24.0,3.0,19.0,13.0,19.0,170.0,522.0,10.0,450.0,14.0,30.0,72.0,772.0,48.0,21.0,14.0,5.0,10.0,98.0,22.0,62.0,0.0,2.0,9.0,,,,2.0,,1.0,,1.0,,,,1.0,,,3.0,4.0,,,1.0,,,,2.0,0.0,1.0,3.0,28.0,1.0,2.0,,1.0,1.0,6.0,20.0,1.0,,1.0,,,,,,,,,,,,,,,,,,,,,,,
Eredivisie,2025-2026,FC Volendam,ealh7n21gctxxw5ol3l3yxzze,Y. Leliendal,Defender,32,46.0,21.0,25.0,31.0,249.0,12.0,418.0,13.0,323.0,136.0,187.0,375.0,430.0,16.0,31.0,50.0,45.0,5.0,277.0,115.0,162.0,40.0,25.0,140.0,1.0,1140.0,224.0,77.0,38.0,157.0,357.0,26.0,9.0,30.0,4.0,1.0,9.0,6.0,28.0,7.0,59.0,930.0,459.0,511.0,902.0,33.0,47.0,170.0,2656.0,60.0,3.0,109.0,18.0,54.0,403.0,1176.0,17.0,961.0,80.0,33.0,215.0,1994.0,40.0,37.0,20.0,34.0,73.0,167.0,88.0,142.0,0.0,1.0,7.0,1.0,,,1.0,,1.0,,,,,,2.0,,,8.0,14.0,,20.0,,,,,5.0,1.0,0.0,1.0,2.0,1.0,,1.0,1.0,,1.0,,1.0,1.0,1.0,,,,,,,,,,,,,,,,,,,,,,,
Eredivisie,2025-2026,FC Volendam,dnyy30xb9biyituq11td12gpg,M. Mau-Asam,Midfielder,27,,,,1.0,,,,,2.0,2.0,,1.0,,,1.0,,,,2.0,2.0,,,,1.0,,2.0,,1.0,1.0,,1.0,,,,,1.0,,,,,,2.0,1.0,1.0,2.0,,,,6.0,1.0,,,1.0,,1.0,2.0,,2.0,,,,4.0,,,,,,,,,0.0,,,,,,,,,,,,,,,,,,,,,,,,,,,,,,,,,,,,,,,,,,,,,,,,,,,,,,,,,,,,,,
Eredivisie,2025-2026,FC Volendam,c9epkro6fot3km9zak1kswfhm,X. Mbuyamba,Defender,4,40.0,16.0,24.0,16.0,35.0,11.0,88.0,1.0,88.0,38.0,50.0,48.0,179.0,5.0,16.0,18.0,17.0,1.0,48.0,22.0,26.0,7.0,3.0,120.0,,400.0,45.0,9.0,7.0,27.0,79.0,3.0,7.0,6.0,2.0,10.0,,,2.0,4.0,26.0,328.0,144.0,195.0,313.0,9.0,9.0,2.0,739.0,3.0,1.0,49.0,10.0,6.0,89.0,413.0,10.0,339.0,18.0,18.0,74.0,558.0,1.0,1.0,1.0,5.0,21.0,63.0,12.0,53.0,0.0,,,,,2.0,,2.0,1.0,1.0,,1.0,,,2.0,,,3.0,1.0,,,1.0,,,,2.0,1.0,0.0,,,,,,,,,,,,,1.0,,,,,,,,,,,,,,,,,,,,,,
Eredivisie,2025-2026,FC Volendam,aklhi0hr28nidjlkw1sokp785,A. Meijers,Defender,14,9.0,5.0,4.0,12.0,34.0,1.0,25.0,3.0,47.0,22.0,25.0,58.0,66.0,1.0,12.0,8.0,7.0,1.0,38.0,17.0,21.0,,1.0,19.0,,185.0,11.0,9.0,4.0,19.0,68.0,1.0,,5.0,2.0,7.0,1.0,1.0,2.0,1.0,8.0,148.0,59.0,92.0,142.0,7.0,5.0,29.0,495.0,4.0,1.0,16.0,5.0,7.0,60.0,187.0,1.0,150.0,12.0,2.0,37.0,300.0,9.0,7.0,1.0,9.0,19.0,34.0,12.0,18.0,0.0,,2.0,1.0,,,,,,,1.0,,,,,,,1.0,2.0,,3.0,,,,,,,,,1.0,,,,2.0,,,1.0,1.0,,,,,,,,,,,,,,,,,,,,,,,,,
Eredivisie,2025-2026,FC Volendam,6jqn5grsuhuo5at81pzahr6xh,R. Mühren,Forward,21,36.0,25.0,11.0,30.0,32.0,4.0,27.0,3.0,76.0,50.0,26.0,113.0,49.0,3.0,30.0,17.0,16.0,1.0,40.0,25.0,15.0,2.0,13.0,25.0,8.0,122.0,18.0,14.0,6.0,22.0,28.0,14.0,10.0,5.0,5.0,25.0,2.0,2.0,2.0,4.0,8.0,76.0,56.0,34.0,80.0,2.0,6.0,2.0,814.0,10.0,4.0,12.0,8.0,6.0,71.0,134.0,21.0,88.0,8.0,45.0,46.0,242.0,3.0,3.0,4.0,5.0,9.0,41.0,8.0,37.0,2.0,1.0,,,,,1.0,,6.0,6.0,,1.0,,,,,,11.0,2.0,1.0,,7.0,,6.0,,,5.0,1.0,,,6.0,,3.0,1.0,2.0,,,1.0,,,,,,,,,,,,,,,,,,,,,,,,,
Eredivisie,2025-2026,FC Volendam,8r3k1iuul274c0ha0vy90jys,A. Oehlers,Forward,11,32.0,24.0,8.0,32.0,122.0,,224.0,10.0,149.0,88.0,61.0,327.0,66.0,2.0,32.0,33.0,30.0,3.0,117.0,64.0,53.0,5.0,13.0,51.0,4.0,316.0,165.0,27.0,9.0,52.0,81.0,14.0,4.0,18.0,16.0,14.0,17.0,17.0,14.0,9.0,4.0,243.0,182.0,82.0,243.0,9.0,12.0,4.0,1529.0,54.0,4.0,16.0,6.0,18.0,219.0,320.0,14.0,247.0,21.0,53.0,73.0,621.0,55.0,55.0,26.0,5.0,6.0,108.0,20.0,67.0,1.0,1.0,4.0,,,,1.0,,4.0,4.0,1.0,,,,1.0,,,10.0,,1.0,,3.0,,2.0,,1.0,4.0,0.0,,1.0,4.0,,,3.0,4.0,,,2.0,,,,,,,,,,,,,,,,,,,,,,,,,
Eredivisie,2025-2026,FC Volendam,3dc82sro077by40u3qdmhw0r9,B. Ould-Chikh,Forward,77,10.0,9.0,1.0,11.0,55.0,,130.0,7.0,78.0,43.0,35.0,221.0,60.0,2.0,11.0,11.0,10.0,1.0,68.0,34.0,34.0,3.0,16.0,70.0,1.0,192.0,80.0,16.0,7.0,23.0,16.0,17.0,2.0,10.0,7.0,1.0,14.0,10.0,9.0,6.0,6.0,148.0,115.0,54.0,149.0,4.0,3.0,19.0,823.0,17.0,5.0,2.0,6.0,18.0,131.0,201.0,6.0,155.0,7.0,28.0,46.0,396.0,50.0,24.0,9.0,2.0,5.0,88.0,8.0,41.0,0.0,1.0,7.0,,,,1.0,,,,1.0,,,,,,,4.0,1.0,,,,,,,,,,,21.0,,,,,,3.0,14.0,,,,,,,,,,,,,,,,,,,,,,,,,,
Eredivisie,2025-2026,FC Volendam,qx44xpf889ysyh0yh20uketw,B. Pauwels,Forward,29,4.0,3.0,1.0,7.0,30.0,,70.0,6.0,48.0,24.0,24.0,97.0,18.0,1.0,7.0,2.0,2.0,,44.0,21.0,23.0,1.0,6.0,4.0,,82.0,48.0,5.0,2.0,19.0,30.0,6.0,4.0,4.0,4.0,3.0,2.0,2.0,12.0,3.0,1.0,68.0,48.0,22.0,67.0,2.0,3.0,3.0,336.0,15.0,1.0,1.0,2.0,6.0,53.0,82.0,10.0,68.0,5.0,20.0,14.0,174.0,11.0,9.0,11.0,1.0,1.0,16.0,9.0,13.0,0.0,,5.0,,,,,,1.0,,,,,,,,,6.0,,1.0,,1.0,,,,,0.0,1.0,,2.0,1.0,,,1.0,1.0,,2.0,1.0,,1.0,,,,,,,,,,,,,,,,,,,,,,,
Eredivisie,2025-2026,FC Volendam,6bklt91zc5vietmdc8r31zl2i,D. Payne,Defender,2,14.0,6.0,8.0,15.0,66.0,7.0,81.0,9.0,86.0,35.0,51.0,148.0,111.0,6.0,15.0,20.0,17.0,3.0,72.0,29.0,43.0,9.0,3.0,140.0,1.0,313.0,44.0,25.0,10.0,44.0,9.0,3.0,2.0,11.0,6.0,4.0,1.0,1.0,6.0,1.0,9.0,258.0,131.0,139.0,260.0,10.0,21.0,58.0,931.0,14.0,,22.0,11.0,6.0,112.0,326.0,2.0,269.0,31.0,10.0,57.0,563.0,17.0,17.0,8.0,4.0,8.0,53.0,21.0,49.0,0.0,,1.0,,,,,,,,,,,,1.0,,,,2.0,,13.0,,,,,1.0,,,,,,,,,,,,,,,,,,,,,,,,,,,,,,,,,,,,,
Eredivisie,2025-2026,FC Volendam,89plvrt8pzppcclh4axvii0ru,A. Plat,Midfielder,6,16.0,9.0,7.0,17.0,47.0,3.0,42.0,,61.0,29.0,32.0,67.0,95.0,5.0,17.0,14.0,12.0,2.0,45.0,20.0,25.0,14.0,5.0,50.0,,242.0,19.0,16.0,6.0,43.0,60.0,5.0,1.0,6.0,6.0,11.0,,,5.0,9.0,17.0,187.0,100.0,96.0,179.0,5.0,5.0,2.0,584.0,6.0,,12.0,7.0,10.0,82.0,252.0,2.0,196.0,10.0,8.0,56.0,364.0,4.0,3.0,1.0,5.0,9.0,48.0,12.0,47.0,0.0,,1.0,,,,,,,,,,,,1.0,,,1.0,3.0,,,1.0,,,,2.0,,,,1.0,,,,1.0,,,1.0,,,,,,,,,,,,,,,,,,,,,,,,,,
Eredivisie,2025-2026,FC Volendam,ei158xlj84aundy779vetllp0,Y. Samson,Goalkeeper,30,,,,,,,,,,,,,,,,,,,,,,,,,,,,,,,,,,,,,,,,,,,,,,,,,,,,,,,,,,,,,,,,,,,,,,,,,,,,,,,,,,,,,,,,,,,,,,,,,,,,,,,,,,,,,,,,,,,,,,,,,,,,,,,,,,,,,
Eredivisie,2025-2026,FC Volendam,vrkanoideipif70wo4adb5lg,R. Steur,Goalkeeper,16,,,,2.0,,,17.0,,,,,,65.0,,2.0,2.0,2.0,,,,,,,2.0,,44.0,11.0,,,12.0,,,,1.0,,1.0,,,,,20.0,16.0,17.0,8.0,5.0,,,,119.0,,,2.0,,,42.0,67.0,,25.0,,,42.0,77.0,,,,29.0,42.0,40.0,2.0,,0.0,,,,,10.0,,14.0,,,,,,,,,,,11.0,,,,,,,,,,,,,,,,,,,,,,,1.0,,8.0,,1.0,3.0,2.0,1.0,,2.0,,,,,,,,,,,,
Eredivisie,2025-2026,FC Volendam,2yveo95okwv1aicn7pxtnww7o,J. Tielemans,Forward,39,,,,1.0,1.0,,,,,,,2.0,,,1.0,,,,,,,,,1.0,,2.0,,,,,,,,,,1.0,,,,,,2.0,2.0,,2.0,,,,6.0,,,,,,1.0,2.0,1.0,2.0,,1.0,,4.0,,,,,,,,,0.0,,,,,,,,,,,,,,,,,1.0,,,,,,,,,,,,,,,,,,,,,,,,,,,,,,,,,,,,,,,,,,,,,
Eredivisie,2025-2026,FC Volendam,28rtnolu3a2au3on0jtwzhu6s,P. Ugwu,Defender,5,43.0,20.0,23.0,28.0,110.0,8.0,210.0,7.0,214.0,109.0,105.0,240.0,242.0,8.0,28.0,34.0,31.0,3.0,171.0,89.0,82.0,10.0,8.0,269.0,,678.0,86.0,35.0,11.0,85.0,65.0,8.0,4.0,23.0,5.0,5.0,2.0,2.0,8.0,,25.0,572.0,262.0,320.0,555.0,17.0,41.0,136.0,2081.0,35.0,2.0,69.0,29.0,16.0,218.0,686.0,6.0,580.0,58.0,20.0,106.0,1170.0,19.0,19.0,16.0,24.0,37.0,85.0,40.0,69.0,0.0,,6.0,2.0,,,,,,,,,,,2.0,,,2.0,6.0,1.0,33.0,,1.0,,,2.0,,,,,,2.0,,5.0,,,,,,,,,,,,,,,,,,,,,,,,,,,,,
Eredivisie,2025-2026,FC Volendam,c5jk0pvcvqddy0xiqv6qkesph,H. Veerman,Forward,9,82.0,44.0,38.0,23.0,74.0,2.0,39.0,10.0,118.0,67.0,51.0,171.0,58.0,2.0,23.0,32.0,29.0,3.0,36.0,23.0,13.0,1.0,7.0,54.0,14.0,193.0,16.0,11.0,5.0,19.0,50.0,8.0,20.0,20.0,8.0,3.0,,,6.0,11.0,10.0,110.0,84.0,69.0,143.0,1.0,3.0,,1667.0,10.0,2.0,25.0,12.0,3.0,125.0,236.0,33.0,153.0,4.0,72.0,83.0,390.0,3.0,3.0,4.0,1.0,6.0,76.0,10.0,77.0,0.0,1.0,8.0,1.0,1.0,,1.0,,4.0,3.0,,,,,2.0,,,13.0,,5.0,,9.0,1.0,3.0,,1.0,3.0,1.0,,,4.0,1.0,2.0,1.0,2.0,,,4.0,,1.0,,,,,,,,,,,,,,,,,,,,,,,
Eredivisie,2025-2026,FC Volendam,4utx4h5jz14whtjawxn7ox0r8,N. Verschuren,Defender,20,111.0,50.0,61.0,30.0,146.0,53.0,274.0,,194.0,89.0,105.0,74.0,462.0,12.0,30.0,46.0,40.0,6.0,83.0,39.0,44.0,40.0,6.0,227.0,,1215.0,120.0,18.0,11.0,72.0,484.0,7.0,7.0,29.0,1.0,1.0,2.0,2.0,5.0,3.0,57.0,1080.0,336.0,849.0,1126.0,9.0,18.0,12.0,2595.0,4.0,,159.0,30.0,12.0,164.0,1319.0,10.0,1183.0,27.0,26.0,136.0,1727.0,,,1.0,34.0,54.0,85.0,51.0,82.0,0.0,,1.0,3.0,2.0,58.0,1.0,58.0,,,2.0,,1.0,1.0,2.0,,,3.0,8.0,,,1.0,2.0,,,6.0,,,,,,,,,,,,,,,3.0,,,,,,,,,,,,,,,,,,,,,,
Eredivisie,2025-2026,FC Volendam,b08t7x3ms3630jl8naib86u7e,D. Vlak,Goalkeeper,22,,,,,,,,,,,,,,,,,,,,,,,,,,,,,,,,,,,,,,,,,,,,,,,,,,,,,,,,,,,,,,,,,,,,,,,,,,,,,,,,,,,,,,,,,,,,,,,,,,,,,,,,,,,,,,,,,,,,,,,,,,,,,,,,,,,,,
Eredivisie,2025-2026,FC Volendam,8wbhtkawasrqa542ehabd0y6s,K. Wong-A-Soij,Forward,24,,,,3.0,2.0,,4.0,,4.0,3.0,1.0,4.0,2.0,1.0,3.0,1.0,1.0,,4.0,3.0,1.0,,,,,6.0,3.0,1.0,1.0,1.0,2.0,,1.0,,,3.0,,,,,,4.0,2.0,2.0,4.0,,1.0,1.0,15.0,2.0,,,1.0,,5.0,6.0,1.0,4.0,1.0,1.0,2.0,14.0,,,1.0,,,2.0,,2.0,0.0,,,,,,,,,,,,,,,,,,,,,,,,,,,,,,,,,,,,,,,,,,,,,,,,,,,,,,,,,,,,,,
Eredivisie,2025-2026,FC Volendam,btrg844mxkl6kbn89s7aecj8q,G. Yah,Midfielder,8,46.0,17.0,29.0,23.0,167.0,17.0,216.0,8.0,206.0,77.0,129.0,146.0,241.0,15.0,23.0,26.0,23.0,3.0,160.0,60.0,100.0,30.0,6.0,197.0,,795.0,77.0,29.0,20.0,102.0,212.0,9.0,3.0,19.0,14.0,4.0,,,11.0,18.0,41.0,655.0,276.0,401.0,636.0,23.0,42.0,7.0,1584.0,27.0,3.0,58.0,20.0,24.0,210.0,817.0,7.0,677.0,65.0,18.0,140.0,1187.0,5.0,5.0,14.0,17.0,36.0,96.0,49.0,104.0,0.0,1.0,4.0,1.0,,,3.0,,,,1.0,,1.0,1.0,1.0,,,4.0,5.0,6.0,,,,,,2.0,,,,,,,,,,,,1.0,,,1.0,,,,,,,,,,,,,,,,,,,,,,
Eredivisie,2025-2026,FC Volendam,euu83sxlc9mjq2kmweaoy6vbo,M. Zijlstra,Forward,19,,,,,,,,,,,,,,,,,,,,,,,,,,,,,,,,,,,,,,,,,,,,,,,,,,,,,,,,,,,,,,,,,,,,,,,,,,,,,,,,,,,,,,,,,,,,,,,,,,,,,,,,,,,,,,,,,,,,,,,,,,,,,,,,,,,,,
Eredivisie,2025-2026,FC Volendam,6ta1z3xjdmq81gwglcm9ghno4,M. de Haan,Midfielder,36,,,,2.0,4.0,,2.0,,1.0,1.0,,6.0,3.0,,2.0,,,,1.0,1.0,,1.0,,4.0,,12.0,,,,1.0,2.0,,,,,2.0,,,,1.0,,10.0,8.0,2.0,10.0,,,,28.0,,,1.0,,,3.0,13.0,,10.0,,,3.0,16.0,,,,,2.0,3.0,,1.0,0.0,,,,,,,,,,,,,,,,,,,,,,,,,,,,,,,,,,,,,,,,,,,,,,,,,,,,,,,,,,,,,,
Eredivisie,2025-2026,FC Volendam,566a6hk9jty3lf9dqnxyq9las,L. de Wit,Defender,0,,,,,,,,,,,,,,,,,,,,,,,,,,,,,,,,,,,,,,,,,,,,,,,,,,,,,,,,,,,,,,,,,,,,,,,,,,,,,,,,,,,,,,,,,,,,,,,,,,,,,,,,,,,,,,,,,,,,,,,,,,,,,,,,,,,,,
Eredivisie,2025-2026,FC Volendam,64kb0lmkr24rmh59hb01m268k,R. van Cruijsen,Midfielder,40,20.0,16.0,4.0,24.0,100.0,3.0,110.0,4.0,95.0,68.0,27.0,244.0,110.0,8.0,24.0,17.0,14.0,3.0,75.0,52.0,23.0,11.0,33.0,123.0,,397.0,53.0,21.0,8.0,44.0,75.0,36.0,1.0,16.0,14.0,8.0,15.0,2.0,6.0,11.0,17.0,312.0,205.0,131.0,304.0,4.0,11.0,1.0,1355.0,24.0,5.0,32.0,12.0,2.0,199.0,408.0,10.0,321.0,15.0,34.0,87.0,670.0,43.0,16.0,12.0,7.0,15.0,107.0,23.0,72.0,0.0,3.0,6.0,1.0,,,3.0,,4.0,3.0,1.0,,,,,,1.0,9.0,1.0,2.0,,,,2.0,,5.0,2.0,2.0,,27.0,4.0,,4.0,3.0,,7.0,19.0,1.0,,1.0,1.0,,,,,,,,,,,,,,,,,,,,,,
Eredivisie,2025-2026,FC Volendam,7qzban9gm72aznhn11qyxwtg4,K. van Oevelen,Goalkeeper,1,16.0,1.0,15.0,32.0,,,185.0,,34.0,1.0,33.0,1.0,1061.0,,32.0,51.0,45.0,6.0,18.0,,18.0,,3.0,187.0,,996.0,75.0,1.0,,334.0,136.0,3.0,1.0,32.0,1.0,,,,2.0,,250.0,587.0,169.0,572.0,491.0,,,,2851.0,,1.0,41.0,,17.0,656.0,1384.0,1.0,741.0,,1.0,643.0,1804.0,,,,412.0,633.0,560.0,83.0,10.0,0.0,,,3.0,,270.0,,245.0,,,,,,,2.0,,,,114.0,,,,26.0,,,1.0,,,,,,,,,,,,,,,,32.0,3.0,132.0,2.0,25.0,149.0,89.0,55.0,2.0,51.0,3.0,,,,,,,,,,,
Eredivisie,2025-2026,FC Volendam,95q8qzd44maw7usczq9z2iaz8,M. van der Horst,Midfielder,36,,,,,,,,,,,,,,,,,,,,,,,,,,,,,,,,,,,,,,,,,,,,,,,,,,,,,,,,,,,,,,,,,,,,,,,,,,,,,,,,,,,,,,,,,,,,,,,,,,,,,,,,,,,,,,,,,,,,,,,,,,,,,,,,,,,,,
Eredivisie,2025-2026,Feyenoord Rotterdam,9oxlenxa5z4yy8vbd71wzn3tg,S. 't Zand,Midfielder,25,,,,,,,,,,,,,,,,,,,,,,,,,,,,,,,,,,,,,,,,,,,,,,,,,,,,,,,,,,,,,,,,,,,,,,,,,,,,,,,,,,,,,,,,,,,,,,,,,,,,,,,,,,,,,,,,,,,,,,,,,,,,,,,,,,,,,
Eredivisie,2025-2026,Feyenoord Rotterdam,4g4zw5n08u74g4nkwyzcmeu50,H. Agboluaje,Midfielder,72,,,,,,,,,,,,,,,,,,,,,,,,,,,,,,,,,,,,,,,,,,,,,,,,,,,,,,,,,,,,,,,,,,,,,,,,,,,,,,,,,,,,,,,,,,,,,,,,,,,,,,,,,,,,,,,,,,,,,,,,,,,,,,,,,,,,,
Eredivisie,2025-2026,Feyenoord Rotterdam,447abno2j0ux8fsxzs6fel7th,A. Ahmedhodžić,Defender,21,104.0,39.0,65.0,26.0,135.0,15.0,498.0,2.0,188.0,78.0,110.0,174.0,425.0,12.0,26.0,35.0,26.0,9.0,84.0,39.0,45.0,36.0,12.0,545.0,,1407.0,299.0,28.0,11.0,104.0,353.0,13.0,8.0,26.0,5.0,,,,2.0,2.0,33.0,1278.0,628.0,699.0,1294.0,11.0,15.0,5.0,2210.0,9.0,,124.0,30.0,17.0,156.0,1458.0,9.0,1327.0,26.0,31.0,131.0,1775.0,1.0,1.0,5.0,26.0,44.0,94.0,38.0,87.0,0.0,1.0,6.0,6.0,,12.0,1.0,12.0,,,,,,,2.0,1.0,,1.0,4.0,4.0,,2.0,,,1.0,5.0,,,,,,,,,,,,,,,1.0,,,,,,,,,,,,,,,,,,,,,,
Eredivisie,2025-2026,Feyenoord Rotterdam,dmrznrol8qp7yk53r6ajhnkt0,T. Beelen,Defender,3,,,,,,,,,,,,,,,,,,,,,,,,,,,,,,,,,,,,,,,,,,,,,,,,,,,,,,,,,,,,,,,,,,,,,,,,,,,,,,,,,,,,,,,,,,,,,,,,,,,,,,,,,,,,,,,,,,,,,,,,,,,,,,,,,,,,,
Eredivisie,2025-2026,Feyenoord Rotterdam,doldjju9tkhyzz6mj9deenobt,S. Benda,Goalkeeper,13,,,,1.0,,,6.0,,,,,,10.0,,1.0,,,,,,,,,7.0,,15.0,2.0,,,8.0,3.0,,,1.0,,,,,,,2.0,13.0,2.0,16.0,16.0,,,,90.0,,,1.0,,,2.0,20.0,,18.0,,,2.0,25.0,,,,2.0,2.0,2.0,,,0.0,,,1.0,,9.0,,5.0,,,,,,,,,,,,,,,,,,,,,,,,,,,,,,,,,,,,,,,,,,,,,,,,,,,,,,,
Eredivisie,2025-2026,Feyenoord Rotterdam,8yzkg8fy3471d3nz5prck7tp0,M. Berger,Goalkeeper,37,,,,,,,,,,,,,,,,,,,,,,,,,,,,,,,,,,,,,,,,,,,,,,,,,,,,,,,,,,,,,,,,,,,,,,,,,,,,,,,,,,,,,,,,,,,,,,,,,,,,,,,,,,,,,,,,,,,,,,,,,,,,,,,,,,,,,
Eredivisie,2025-2026,Feyenoord Rotterdam,9pgr69ub37hmr76gwbfw7lhw5,J. Bijlow,Goalkeeper,1,,,,,,,,,,,,,,,,,,,,,,,,,,,,,,,,,,,,,,,,,,,,,,,,,,,,,,,,,,,,,,,,,,,,,,,,,,,,,,,,,,,,,,,,,,,,,,,,,,,,,,,,,,,,,,,,,,,,,,,,,,,,,,,,,,,,,
Eredivisie,2025-2026,Feyenoord Rotterdam,bwxn7o8ved1xo5bmfkfgzekiy,J. Bos,Defender,15,79.0,28.0,51.0,27.0,194.0,7.0,337.0,21.0,295.0,127.0,168.0,552.0,360.0,9.0,27.0,32.0,24.0,8.0,216.0,99.0,117.0,23.0,28.0,87.0,2.0,940.0,192.0,50.0,29.0,109.0,312.0,35.0,12.0,23.0,8.0,4.0,21.0,21.0,36.0,4.0,16.0,801.0,478.0,357.0,798.0,21.0,47.0,135.0,1968.0,66.0,9.0,65.0,17.0,16.0,344.0,953.0,25.0,814.0,68.0,85.0,139.0,1646.0,56.0,56.0,35.0,11.0,20.0,156.0,39.0,119.0,1.0,7.0,11.0,4.0,,,7.0,,4.0,1.0,,,,1.0,2.0,,,13.0,2.0,2.0,23.0,2.0,,1.0,,,2.0,2.0,,,2.0,,3.0,2.0,1.0,,,2.0,1.0,3.0,,,,,,,,,,,,,,,,,,,,,,,
Eredivisie,2025-2026,Feyenoord Rotterdam,7j7stqaomy8pnmzangrsyfahh,L. Bossin,Goalkeeper,39,,,,,,,,,,,,,,,,,,,,,,,,,,,,,,,,,,,,,,,,,,,,,,,,,,,,,,,,,,,,,,,,,,,,,,,,,,,,,,,,,,,,,,,,,,,,,,,,,,,,,,,,,,,,,,,,,,,,,,,,,,,,,,,,,,,,,
Eredivisie,2025-2026,Feyenoord Rotterdam,ciguyr553yqapqfudim9af46h,M. Deijl,Defender,20,82.0,34.0,48.0,32.0,249.0,18.0,201.0,15.0,240.0,80.0,160.0,466.0,438.0,14.0,32.0,49.0,42.0,7.0,158.0,46.0,112.0,17.0,20.0,367.0,4.0,1149.0,90.0,38.0,13.0,110.0,121.0,25.0,6.0,32.0,3.0,,12.0,12.0,10.0,7.0,67.0,941.0,520.0,455.0,896.0,12.0,33.0,228.0,2782.0,13.0,5.0,79.0,29.0,59.0,326.0,1175.0,16.0,963.0,45.0,67.0,212.0,1841.0,32.0,32.0,7.0,54.0,94.0,194.0,50.0,118.0,0.0,3.0,1.0,6.0,,,5.0,,1.0,1.0,2.0,,1.0,,2.0,,1.0,10.0,8.0,1.0,41.0,3.0,1.0,1.0,,5.0,1.0,0.0,,,,,,,1.0,,,,1.0,,,,,,,,,,,,,,2.0,1.0,,,,,,,,,
Eredivisie,2025-2026,Feyenoord Rotterdam,5qvkwsnygz3zekwsdd1r994wk,G. Diarra,Forward,27,6.0,4.0,2.0,5.0,24.0,,35.0,2.0,26.0,12.0,14.0,55.0,11.0,2.0,5.0,,,,20.0,8.0,12.0,1.0,1.0,3.0,,58.0,18.0,4.0,3.0,11.0,20.0,1.0,2.0,2.0,2.0,3.0,,,7.0,3.0,2.0,41.0,28.0,13.0,39.0,,3.0,1.0,187.0,6.0,1.0,2.0,2.0,2.0,34.0,58.0,5.0,41.0,3.0,11.0,17.0,105.0,2.0,2.0,5.0,1.0,3.0,17.0,2.0,14.0,0.0,,2.0,,,,,,,,,,,,,,,3.0,1.0,,,1.0,,,,,,,,,,,,,,,,1.0,,,,,,,,,,,,,,,,,,,,,,,,,
Eredivisie,2025-2026,Feyenoord Rotterdam,3ddsq8pfylh5newffgzn1tt78,L. Gardenier,Defender,51,,,,,,,,,,,,,,,,,,,,,,,,,,,,,,,,,,,,,,,,,,,,,,,,,,,,,,,,,,,,,,,,,,,,,,,,,,,,,,,,,,,,,,,,,,,,,,,,,,,,,,,,,,,,,,,,,,,,,,,,,,,,,,,,,,,,,
Eredivisie,2025-2026,Feyenoord Rotterdam,cdir3jevzi4o8edgtfwu6jfca,Gonçalo Borges,Forward,11,3.0,1.0,2.0,11.0,39.0,1.0,67.0,6.0,55.0,34.0,21.0,141.0,21.0,3.0,11.0,5.0,5.0,,52.0,33.0,19.0,1.0,9.0,27.0,4.0,100.0,41.0,10.0,2.0,22.0,14.0,10.0,6.0,4.0,2.0,7.0,6.0,6.0,5.0,3.0,2.0,76.0,64.0,19.0,75.0,3.0,6.0,1.0,453.0,17.0,3.0,4.0,5.0,5.0,84.0,101.0,10.0,77.0,9.0,41.0,24.0,216.0,19.0,19.0,7.0,,3.0,39.0,4.0,21.0,0.0,1.0,4.0,,,,1.0,,2.0,2.0,,,,,,,,4.0,,,,1.0,,1.0,1.0,,1.0,1.0,,1.0,2.0,,1.0,3.0,1.0,,,,,,,,,,,,,,,,,,,,1.0,,,,,,,,
Eredivisie,2025-2026,Feyenoord Rotterdam,ccwgq414zav0ago263wp64jkk,I. Grootfaam,Midfielder,79,,,,1.0,1.0,,,,2.0,,2.0,1.0,,,1.0,1.0,1.0,,2.0,,2.0,,,1.0,,2.0,,1.0,1.0,,,,,,,1.0,,,,,,2.0,1.0,1.0,2.0,1.0,1.0,,7.0,,,,,,,2.0,,2.0,2.0,1.0,,5.0,,,,,,,,,0.0,,,,,,,,,,,,,,,,,,,,,,,,,,,,,,,,,,,,,,,,,,,,,,,,,,,,,,,,,,,,,,
Eredivisie,2025-2026,Feyenoord Rotterdam,dwyl0yii553i57u7azfa7d15g,A. Hadj Moussa,Forward,23,26.0,19.0,7.0,29.0,203.0,,442.0,36.0,307.0,167.0,140.0,980.0,241.0,9.0,29.0,37.0,28.0,9.0,281.0,148.0,133.0,8.0,58.0,294.0,3.0,740.0,245.0,55.0,20.0,129.0,41.0,64.0,20.0,29.0,9.0,,49.0,19.0,74.0,20.0,27.0,543.0,500.0,123.0,547.0,13.0,11.0,15.0,2463.0,107.0,14.0,10.0,15.0,35.0,561.0,779.0,50.0,574.0,24.0,188.0,205.0,1500.0,151.0,68.0,73.0,9.0,33.0,326.0,30.0,172.0,4.0,6.0,23.0,4.0,,,6.0,,9.0,9.0,1.0,,,,2.0,,1.0,30.0,2.0,8.0,3.0,4.0,,2.0,1.0,4.0,5.0,4.0,1.0,108.0,8.0,3.0,9.0,18.0,,22.0,69.0,3.0,,,,,,,,,,,,,,,,,1.0,,,,,,,,
Eredivisie,2025-2026,Feyenoord Rotterdam,43ib46nh45n9oajf5rmaz4f6x,Hwang In-Beom,Midfielder,6,35.0,15.0,20.0,17.0,115.0,3.0,136.0,8.0,107.0,47.0,60.0,252.0,158.0,7.0,17.0,22.0,19.0,3.0,72.0,32.0,40.0,12.0,21.0,157.0,1.0,533.0,62.0,25.0,12.0,59.0,131.0,24.0,5.0,12.0,9.0,5.0,15.0,3.0,10.0,20.0,12.0,434.0,313.0,162.0,448.0,9.0,10.0,1.0,983.0,12.0,5.0,19.0,11.0,11.0,148.0,561.0,10.0,460.0,19.0,19.0,101.0,742.0,25.0,7.0,4.0,4.0,19.0,97.0,29.0,82.0,0.0,3.0,6.0,1.0,,,3.0,,1.0,,,,,,1.0,,,5.0,1.0,3.0,,3.0,,,,2.0,1.0,0.0,,31.0,1.0,,,,1.0,11.0,14.0,1.0,,1.0,,,,,,,,,,,,,,,,,,,,,,,
Eredivisie,2025-2026,Feyenoord Rotterdam,7ckkvggtampx9s3nklr1u62vo,M. Jeng,Defender,31,,,,1.0,4.0,,16.0,,1.0,,1.0,1.0,12.0,,1.0,,,,1.0,,1.0,2.0,,11.0,,47.0,8.0,1.0,1.0,2.0,22.0,,,1.0,1.0,,,,,,,41.0,11.0,32.0,43.0,1.0,,,45.0,,,2.0,,,6.0,49.0,,43.0,1.0,,6.0,56.0,,,,3.0,3.0,4.0,2.0,3.0,0.0,,,,,2.0,,2.0,,,,,,,,,,,,,,,,,,,,,,,,,,,,,,,,,,,,,,,,,,,,,,,,,,,,,,,
Eredivisie,2025-2026,Feyenoord Rotterdam,bc8ey28b39bbvl0pbg6afdfdg,I. Ka,Goalkeeper,64,,,,,,,,,,,,,,,,,,,,,,,,,,,,,,,,,,,,,,,,,,,,,,,,,,,,,,,,,,,,,,,,,,,,,,,,,,,,,,,,,,,,,,,,,,,,,,,,,,,,,,,,,,,,,,,,,,,,,,,,,,,,,,,,,,,,,
Eredivisie,2025-2026,Feyenoord Rotterdam,eoodvdqfvhql03i8kv9l14qvo,T. Kraaijeveld,Midfielder,24,22.0,7.0,15.0,14.0,31.0,4.0,111.0,,66.0,33.0,33.0,57.0,123.0,1.0,14.0,6.0,5.0,1.0,44.0,26.0,18.0,10.0,3.0,75.0,,288.0,68.0,6.0,6.0,22.0,85.0,3.0,4.0,7.0,6.0,7.0,,,,6.0,12.0,248.0,123.0,148.0,259.0,6.0,9.0,4.0,655.0,12.0,,28.0,7.0,3.0,66.0,314.0,4.0,271.0,15.0,3.0,43.0,427.0,1.0,1.0,9.0,5.0,19.0,40.0,4.0,24.0,0.0,,2.0,1.0,,12.0,,12.0,,,1.0,,,,,,,,2.0,,,,,,,2.0,,,,,,,,1.0,,,,,,,,,,,,,,,,,,,,,,,,,,,,,
Eredivisie,2025-2026,Feyenoord Rotterdam,3rrges782prcprsn207dk4zit,C. Larin,Forward,10,11.0,9.0,2.0,8.0,11.0,1.0,9.0,2.0,22.0,11.0,11.0,35.0,12.0,,8.0,3.0,3.0,,11.0,2.0,9.0,,2.0,10.0,2.0,42.0,4.0,1.0,,7.0,12.0,3.0,4.0,1.0,1.0,7.0,,,1.0,2.0,,30.0,22.0,11.0,33.0,2.0,3.0,,152.0,,1.0,1.0,4.0,3.0,20.0,45.0,7.0,33.0,5.0,13.0,12.0,76.0,,,,,2.0,9.0,3.0,10.0,0.0,1.0,2.0,,,,1.0,,,,2.0,,,,1.0,,,3.0,,1.0,,1.0,,,,1.0,,,,,,,,1.0,,,,1.0,,,,,,,,,,,,,,,,,,,,,,,,,
Eredivisie,2025-2026,Feyenoord Rotterdam,8f3bhiy6r5eei1n25exhbwr8p,J. Lotomba,Defender,30,26.0,10.0,16.0,20.0,63.0,7.0,106.0,2.0,80.0,35.0,45.0,135.0,125.0,5.0,20.0,19.0,14.0,5.0,54.0,25.0,29.0,8.0,3.0,116.0,,357.0,44.0,17.0,7.0,33.0,62.0,4.0,,8.0,5.0,12.0,2.0,2.0,5.0,4.0,,316.0,180.0,147.0,325.0,8.0,9.0,73.0,921.0,13.0,2.0,36.0,8.0,7.0,87.0,366.0,2.0,325.0,17.0,13.0,41.0,590.0,8.0,8.0,6.0,8.0,10.0,29.0,20.0,31.0,0.0,1.0,2.0,,1.0,2.0,1.0,2.0,,,,,,,,,,2.0,,,14.0,,1.0,,,,,,,,,,,,,,,,1.0,,,,,,,,,,,,,,,,,,,,,,,,
Eredivisie,2025-2026,Feyenoord Rotterdam,4qr07cfbwquppkww057mb9tk9,J. Moder,Midfielder,7,30.0,10.0,20.0,10.0,71.0,3.0,94.0,11.0,97.0,43.0,54.0,218.0,135.0,4.0,10.0,9.0,6.0,3.0,67.0,33.0,34.0,8.0,10.0,104.0,,353.0,40.0,33.0,11.0,23.0,61.0,11.0,5.0,9.0,1.0,1.0,4.0,3.0,5.0,11.0,10.0,261.0,182.0,101.0,269.0,11.0,8.0,5.0,803.0,12.0,1.0,17.0,12.0,10.0,134.0,371.0,12.0,279.0,19.0,35.0,92.0,543.0,7.0,7.0,7.0,4.0,13.0,84.0,15.0,79.0,0.0,1.0,9.0,2.0,,1.0,1.0,1.0,1.0,1.0,,,,,,,,7.0,1.0,2.0,,2.0,1.0,1.0,,3.0,1.0,0.0,1.0,2.0,,1.0,,,1.0,1.0,,1.0,,,,,,,,,,,,,,,1.0,1.0,,,,,,,,,
Eredivisie,2025-2026,Feyenoord Rotterdam,d594s9r77e2lf8bg31y9b9fkk,A. Nahany,Midfielder,75,,,,,,,,,,,,,,,,,,,,,,,,,,,,,,,,,,,,,,,,,,,,,,,,,,,,,,,,,,,,,,,,,,,,,,,,,,,,,,,,,,,,,,,,,,,,,,,,,,,,,,,,,,,,,,,,,,,,,,,,,,,,,,,,,,,,,
Eredivisie,2025-2026,Feyenoord Rotterdam,aajft01g5yggw0is5fbfh3105,B. Nieuwkoop,Defender,2,31.0,12.0,19.0,17.0,32.0,1.0,39.0,5.0,76.0,32.0,44.0,127.0,86.0,8.0,17.0,4.0,3.0,1.0,45.0,20.0,25.0,9.0,7.0,91.0,,229.0,23.0,13.0,6.0,22.0,21.0,7.0,2.0,5.0,7.0,12.0,,,1.0,2.0,4.0,176.0,122.0,54.0,172.0,6.0,14.0,39.0,541.0,2.0,,28.0,13.0,4.0,93.0,230.0,4.0,176.0,20.0,24.0,54.0,397.0,10.0,10.0,2.0,6.0,12.0,52.0,12.0,42.0,0.0,,1.0,,,,,,1.0,1.0,,,,,1.0,,,2.0,2.0,1.0,15.0,,,1.0,,3.0,1.0,0.0,,,1.0,,,,1.0,,,1.0,,,,,,,,,,,,,,,,,,,,,,,,,
Eredivisie,2025-2026,Feyenoord Rotterdam,dn3pllv1di24gu2utx1nu2m1g,A. Ouarghi,Midfielder,46,,,,1.0,1.0,,,,2.0,2.0,,1.0,1.0,1.0,1.0,1.0,1.0,,2.0,2.0,,,,,,2.0,,,,2.0,,,,,,1.0,,,,,1.0,2.0,1.0,1.0,1.0,,,,7.0,1.0,,1.0,1.0,,2.0,2.0,,2.0,,,,5.0,,,,,,,,,0.0,,,,,,,,,,,,,,,,,,,,,,,,,,,,,,,,,,,,,,,,,,,,,,,,,,,,,,,,,,,,,,
Eredivisie,2025-2026,Feyenoord Rotterdam,2tox45zgi16bvmn2xzdlvblsk,J. Plug,Defender,43,6.0,5.0,1.0,5.0,6.0,,13.0,,15.0,11.0,4.0,10.0,37.0,1.0,5.0,3.0,3.0,,9.0,6.0,3.0,4.0,,10.0,,72.0,11.0,3.0,3.0,5.0,20.0,,,1.0,1.0,4.0,,,,,,59.0,28.0,32.0,60.0,,3.0,3.0,119.0,,,3.0,3.0,,18.0,73.0,,60.0,3.0,,13.0,94.0,2.0,2.0,,1.0,2.0,10.0,5.0,11.0,0.0,,,,,1.0,,1.0,,,,,,,1.0,,,,,,2.0,,,,,,,,,,,,,,,,,,,,,,,,,,,,,,,,,,,,,,,,,,
Eredivisie,2025-2026,Feyenoord Rotterdam,ecqjg6wtntf1guejvm10redck,G. Read,Defender,26,6.0,3.0,3.0,15.0,83.0,1.0,127.0,8.0,68.0,27.0,41.0,223.0,92.0,4.0,15.0,12.0,9.0,3.0,62.0,24.0,38.0,11.0,8.0,183.0,,382.0,69.0,25.0,12.0,39.0,33.0,11.0,5.0,10.0,8.0,5.0,6.0,6.0,9.0,1.0,9.0,332.0,175.0,172.0,332.0,9.0,9.0,55.0,879.0,11.0,3.0,22.0,6.0,11.0,135.0,391.0,8.0,341.0,18.0,41.0,50.0,655.0,23.0,23.0,4.0,6.0,8.0,54.0,19.0,42.0,1.0,2.0,6.0,,,,3.0,,1.0,,,,,,2.0,,,3.0,4.0,3.0,33.0,1.0,,,,2.0,0.0,1.0,,,1.0,,,1.0,1.0,,,,,1.0,,,,,,,,,,,,,,,,,,,,,,,
Eredivisie,2025-2026,Feyenoord Rotterdam,1pezvbb0n8z7hu5063jysg2s4,L. Sauer,Forward,16,36.0,19.0,17.0,20.0,114.0,,235.0,22.0,170.0,92.0,78.0,385.0,71.0,4.0,20.0,24.0,18.0,6.0,134.0,73.0,61.0,5.0,19.0,7.0,9.0,375.0,151.0,34.0,13.0,50.0,183.0,21.0,9.0,17.0,11.0,3.0,5.0,5.0,26.0,5.0,3.0,284.0,234.0,55.0,281.0,8.0,7.0,2.0,1419.0,47.0,5.0,14.0,15.0,20.0,196.0,375.0,23.0,284.0,15.0,113.0,91.0,638.0,25.0,22.0,31.0,1.0,3.0,98.0,18.0,88.0,0.0,2.0,10.0,2.0,,,2.0,,3.0,3.0,2.0,2.0,,1.0,2.0,,,14.0,,2.0,,,,3.0,,1.0,2.0,1.0,,3.0,3.0,1.0,,7.0,1.0,,3.0,,,,,,,,,,,,,,,,,,,,,,,,,,
Eredivisie,2025-2026,Feyenoord Rotterdam,a2rg2kpm7mrd1lapgoowtq1as,J. Schaken,Forward,70,,,,,,,,,,,,,,,,,,,,,,,,,,,,,,,,,,,,,,,,,,,,,,,,,,,,,,,,,,,,,,,,,,,,,,,,,,,,,,,,,,,,,,,,,,,,,,,,,,,,,,,,,,,,,,,,,,,,,,,,,,,,,,,,,,,,,
Eredivisie,2025-2026,Feyenoord Rotterdam,987w8p2dsxd9tm1phv18g6pec,A. Sliti,Forward,32,17.0,8.0,9.0,19.0,47.0,,82.0,16.0,58.0,32.0,26.0,196.0,52.0,1.0,19.0,9.0,7.0,2.0,41.0,24.0,17.0,2.0,9.0,27.0,1.0,180.0,50.0,18.0,4.0,19.0,58.0,9.0,3.0,3.0,3.0,16.0,10.0,7.0,6.0,4.0,8.0,135.0,110.0,39.0,131.0,3.0,1.0,5.0,472.0,13.0,3.0,7.0,6.0,7.0,116.0,184.0,6.0,139.0,4.0,24.0,45.0,324.0,40.0,31.0,9.0,1.0,5.0,80.0,5.0,40.0,0.0,,5.0,,,,,,1.0,1.0,,,,,,,,3.0,,,,1.0,,,,,1.0,0.0,,13.0,1.0,,1.0,1.0,,3.0,8.0,,,,,,,,,,,,,,,,,,,,,,,,,,
Eredivisie,2025-2026,Feyenoord Rotterdam,891zjrm0zjc2e3ebjx11p2y38,J. Slory,Forward,36,19.0,16.0,3.0,19.0,56.0,2.0,150.0,13.0,114.0,68.0,46.0,213.0,38.0,7.0,19.0,10.0,8.0,2.0,95.0,52.0,43.0,7.0,11.0,58.0,1.0,176.0,93.0,19.0,7.0,47.0,26.0,12.0,3.0,9.0,9.0,10.0,11.0,10.0,15.0,2.0,3.0,138.0,108.0,43.0,137.0,3.0,8.0,2.0,837.0,39.0,2.0,6.0,9.0,17.0,137.0,178.0,5.0,140.0,11.0,43.0,38.0,392.0,31.0,30.0,19.0,6.0,8.0,63.0,6.0,30.0,0.0,1.0,7.0,,,,1.0,,,,1.0,,,1.0,2.0,,,2.0,,,1.0,,,,,1.0,,,,2.0,,,,2.0,,1.0,1.0,1.0,,,,,,,,,,,,,,,,,,,,,,,,,
Eredivisie,2025-2026,Feyenoord Rotterdam,dtcvzfse83ztj96kiizwp6jqi,G. Smal,Defender,5,27.0,12.0,15.0,16.0,75.0,4.0,141.0,7.0,75.0,24.0,51.0,194.0,193.0,1.0,16.0,9.0,6.0,3.0,48.0,12.0,36.0,11.0,14.0,43.0,,471.0,82.0,11.0,2.0,35.0,180.0,15.0,5.0,10.0,6.0,6.0,5.0,5.0,5.0,3.0,16.0,399.0,257.0,164.0,400.0,4.0,16.0,57.0,847.0,6.0,,18.0,3.0,11.0,130.0,491.0,7.0,416.0,20.0,19.0,75.0,713.0,25.0,23.0,4.0,9.0,26.0,81.0,19.0,49.0,0.0,1.0,4.0,2.0,,1.0,1.0,1.0,,,,,,,2.0,,,2.0,3.0,2.0,11.0,3.0,,,,,,,,1.0,,,,,,,1.0,,,,,,,,,,,,,,,,,,,,,,,,,,
Eredivisie,2025-2026,Feyenoord Rotterdam,6hnzgiw8h1itz9l2j3sb6oeeh,J. St. Juste,Defender,8,9.0,2.0,7.0,6.0,11.0,,34.0,,15.0,5.0,10.0,4.0,26.0,1.0,6.0,5.0,5.0,,6.0,3.0,3.0,4.0,1.0,22.0,,74.0,11.0,,,11.0,18.0,1.0,,1.0,2.0,5.0,,,1.0,,3.0,67.0,27.0,43.0,67.0,1.0,,,149.0,1.0,,14.0,1.0,1.0,9.0,77.0,,70.0,1.0,1.0,7.0,103.0,,,,1.0,1.0,6.0,1.0,6.0,0.0,,,,,,,,,,,,,,,,,,,,,,,,,,,,,,,,,,,,,,,,,,,,,,,,,,,,,,,,,,,,,,
Eredivisie,2025-2026,Feyenoord Rotterdam,ahwtdhrerarmljk9bh0tcpk6i,S. Steijn,Midfielder,14,16.0,9.0,7.0,20.0,83.0,,61.0,10.0,58.0,35.0,23.0,238.0,98.0,4.0,20.0,13.0,10.0,3.0,42.0,26.0,16.0,1.0,30.0,60.0,1.0,296.0,27.0,12.0,4.0,34.0,77.0,32.0,9.0,12.0,10.0,8.0,17.0,2.0,3.0,15.0,7.0,243.0,184.0,98.0,258.0,3.0,5.0,3.0,1088.0,8.0,8.0,6.0,8.0,5.0,106.0,318.0,26.0,265.0,8.0,58.0,53.0,478.0,25.0,1.0,1.0,2.0,5.0,61.0,17.0,48.0,3.0,2.0,12.0,3.0,,,2.0,,7.0,6.0,1.0,1.0,,,,,,17.0,2.0,2.0,,6.0,,5.0,,,3.0,4.0,4.0,38.0,5.0,2.0,3.0,1.0,3.0,14.0,23.0,3.0,,1.0,,,,,,,,,,,,,1.0,1.0,,1.0,1.0,,,,,,
Eredivisie,2025-2026,Feyenoord Rotterdam,9tgbdheyuooa8cfz06l577end,C. Stengs,Midfielder,10,,,,,,,,,,,,,,,,,,,,,,,,,,,,,,,,,,,,,,,,,,,,,,,,,,,,,,,,,,,,,,,,,,,,,,,,,,,,,,,,,,,,,,,,,,,,,,,,,,,,,,,,,,,,,,,,,,,,,,,,,,,,,,,,,,,,,
Eredivisie,2025-2026,Feyenoord Rotterdam,e9l5r0txzrjbenli05rn3k4wl,R. Sterling,Forward,19,2.0,2.0,,7.0,42.0,,53.0,4.0,49.0,29.0,20.0,114.0,30.0,2.0,7.0,7.0,6.0,1.0,47.0,27.0,20.0,2.0,2.0,13.0,2.0,108.0,33.0,6.0,,9.0,26.0,3.0,1.0,4.0,4.0,3.0,1.0,1.0,3.0,8.0,3.0,86.0,77.0,13.0,86.0,2.0,2.0,1.0,349.0,21.0,1.0,,6.0,13.0,67.0,111.0,3.0,89.0,4.0,16.0,22.0,195.0,4.0,4.0,10.0,,1.0,24.0,2.0,21.0,0.0,1.0,4.0,,,,1.0,,,,,,,,,,,2.0,,1.0,,1.0,,,,1.0,,,,1.0,,,,,,,,,,,,,,,,,,,,,,,,,,,,,,,,,
Eredivisie,2025-2026,Feyenoord Rotterdam,9d4ald4f0m2imaastzen4j8mi,O. Targhalline,Midfielder,28,57.0,29.0,28.0,24.0,118.0,4.0,281.0,9.0,224.0,88.0,136.0,259.0,354.0,14.0,24.0,23.0,17.0,6.0,167.0,59.0,108.0,39.0,15.0,241.0,,1005.0,104.0,31.0,13.0,121.0,314.0,19.0,4.0,20.0,8.0,4.0,,,18.0,27.0,25.0,865.0,556.0,331.0,862.0,23.0,39.0,2.0,1821.0,20.0,4.0,30.0,26.0,28.0,190.0,1027.0,7.0,887.0,62.0,12.0,140.0,1330.0,2.0,2.0,8.0,6.0,14.0,103.0,39.0,126.0,1.0,1.0,2.0,4.0,,,4.0,,2.0,1.0,2.0,,,,2.0,,,3.0,2.0,8.0,,,,,,4.0,1.0,1.0,,,2.0,,,2.0,2.0,,,2.0,,1.0,2.0,,,,,,,,,,,,,,,,,,,,,,
Eredivisie,2025-2026,Feyenoord Rotterdam,3o4tq8qooplx2izq9rucgu7d,C. Tengstedt,Forward,17,15.0,11.0,4.0,17.0,11.0,,21.0,6.0,36.0,23.0,13.0,66.0,9.0,2.0,17.0,8.0,6.0,2.0,21.0,12.0,9.0,2.0,5.0,10.0,1.0,56.0,15.0,4.0,,6.0,28.0,5.0,6.0,1.0,1.0,16.0,1.0,1.0,2.0,2.0,4.0,34.0,26.0,11.0,32.0,,1.0,,302.0,6.0,2.0,6.0,5.0,6.0,39.0,58.0,13.0,36.0,1.0,34.0,22.0,115.0,2.0,2.0,6.0,,,18.0,6.0,22.0,1.0,,3.0,,,,,,3.0,3.0,,,,,,,,7.0,1.0,1.0,,4.0,,3.0,,,3.0,0.0,,,2.0,,,1.0,3.0,,,3.0,1.0,,,,,,,,,,,,,,1.0,1.0,,,,,,,,,
Eredivisie,2025-2026,Feyenoord Rotterdam,e5xuwwa4qs6zxjd7y52tslih,Q. Timber,Midfielder,8,11.0,8.0,3.0,17.0,88.0,4.0,183.0,5.0,121.0,55.0,66.0,315.0,178.0,6.0,17.0,19.0,15.0,4.0,110.0,47.0,63.0,17.0,25.0,133.0,2.0,542.0,101.0,29.0,17.0,69.0,160.0,29.0,12.0,14.0,2.0,3.0,1.0,1.0,15.0,19.0,17.0,450.0,343.0,124.0,449.0,17.0,16.0,3.0,1316.0,25.0,7.0,13.0,15.0,15.0,155.0,559.0,20.0,466.0,33.0,59.0,93.0,799.0,2.0,1.0,11.0,2.0,5.0,76.0,19.0,88.0,0.0,4.0,3.0,4.0,,,4.0,,2.0,2.0,,,,,1.0,,,8.0,1.0,6.0,,3.0,1.0,1.0,,1.0,1.0,1.0,2.0,1.0,1.0,1.0,,2.0,2.0,,1.0,1.0,,,,,,,,,,,,,,,1.0,1.0,,,,,,,,,
Eredivisie,2025-2026,Feyenoord Rotterdam,5bjdj7hrhuxjbsa8wc1kw42c5,G. Trauner,Defender,18,16.0,5.0,11.0,4.0,8.0,3.0,27.0,1.0,31.0,13.0,18.0,6.0,55.0,5.0,4.0,3.0,3.0,,15.0,8.0,7.0,3.0,,28.0,,106.0,21.0,3.0,2.0,8.0,21.0,,,3.0,2.0,1.0,,,1.0,,3.0,88.0,52.0,42.0,91.0,2.0,2.0,,221.0,,,14.0,6.0,3.0,21.0,112.0,,94.0,4.0,,18.0,149.0,,,,3.0,8.0,11.0,7.0,10.0,0.0,,,,,,,,,,,,,,,,,,1.0,,,,,,,,,,,,,,,,,,,,,,,,,,,,,,,,,,,,,,,,,,,,
Eredivisie,2025-2026,Feyenoord Rotterdam,8d0ffyx2qnnp0limf5aou92ei,A. Ueda,Forward,9,186.0,86.0,100.0,31.0,121.0,1.0,119.0,16.0,334.0,160.0,174.0,434.0,65.0,10.0,31.0,35.0,26.0,9.0,148.0,74.0,74.0,3.0,20.0,130.0,8.0,401.0,50.0,23.0,14.0,41.0,105.0,21.0,39.0,31.0,17.0,,3.0,3.0,6.0,54.0,6.0,282.0,217.0,88.0,296.0,6.0,6.0,,2533.0,53.0,2.0,25.0,24.0,60.0,273.0,421.0,85.0,302.0,12.0,192.0,119.0,846.0,3.0,3.0,18.0,3.0,10.0,99.0,23.0,109.0,7.0,1.0,17.0,2.0,,,1.0,,25.0,23.0,6.0,9.0,,,3.0,,,46.0,,1.0,,21.0,,19.0,,2.0,14.0,11.0,,,18.0,2.0,2.0,2.0,14.0,,,13.0,1.0,2.0,,,,,,,,,,,,,1.0,1.0,,,,,,,,,
Eredivisie,2025-2026,Feyenoord Rotterdam,29fr98or3mqippn84z3p9ihhw,L. Valente,Midfielder,10,27.0,15.0,12.0,31.0,269.0,3.0,492.0,22.0,270.0,145.0,125.0,654.0,387.0,13.0,31.0,35.0,25.0,10.0,243.0,130.0,113.0,31.0,39.0,268.0,3.0,1305.0,213.0,57.0,24.0,177.0,412.0,45.0,10.0,29.0,11.0,2.0,11.0,4.0,44.0,42.0,48.0,1096.0,790.0,347.0,1078.0,21.0,23.0,12.0,2459.0,80.0,7.0,15.0,25.0,25.0,409.0,1336.0,23.0,1126.0,44.0,66.0,210.0,1859.0,41.0,19.0,45.0,6.0,37.0,212.0,39.0,173.0,0.0,4.0,17.0,4.0,,,6.0,,2.0,,3.0,,,,2.0,1.0,,13.0,3.0,17.0,,4.0,,,1.0,8.0,1.0,1.0,,32.0,2.0,1.0,1.0,7.0,1.0,6.0,18.0,1.0,,2.0,,,,,,,,,,,,,,,,,,,,,,,
Eredivisie,2025-2026,Feyenoord Rotterdam,6fdwd71dx2qu7uzzs3ozm9x7u,T. Watanabe,Defender,4,161.0,67.0,94.0,30.0,139.0,22.0,499.0,4.0,251.0,99.0,152.0,153.0,576.0,7.0,30.0,37.0,27.0,10.0,90.0,32.0,58.0,27.0,13.0,540.0,,1704.0,274.0,22.0,11.0,120.0,554.0,13.0,9.0,30.0,3.0,,1.0,1.0,10.0,,76.0,1513.0,743.0,869.0,1535.0,13.0,20.0,6.0,2637.0,3.0,2.0,148.0,22.0,15.0,230.0,1809.0,19.0,1611.0,33.0,42.0,198.0,2185.0,3.0,3.0,2.0,37.0,75.0,153.0,48.0,123.0,0.0,,4.0,7.0,1.0,46.0,,46.0,2.0,2.0,3.0,1.0,,,3.0,,,10.0,13.0,2.0,,2.0,,2.0,,1.0,0.0,2.0,,,1.0,1.0,,,1.0,,,,,,3.0,,,,,,,,,,,,,,,,,,,,,,
Eredivisie,2025-2026,Feyenoord Rotterdam,11ceernyer8po8soj8dmygatx,T. Wellenreuther,Goalkeeper,22,13.0,1.0,12.0,32.0,,,217.0,,25.0,1.0,24.0,,765.0,,32.0,44.0,34.0,10.0,12.0,,12.0,,1.0,258.0,,928.0,104.0,3.0,,325.0,179.0,1.0,,32.0,,,,,1.0,,237.0,676.0,153.0,676.0,592.0,,,1.0,2880.0,,,36.0,1.0,14.0,384.0,1202.0,,829.0,,,373.0,1537.0,,,,233.0,361.0,311.0,62.0,12.0,0.0,,,8.0,,242.0,,138.0,,,,,,,3.0,,,,100.0,,,,16.0,,,6.0,,,,,,,,1.0,,,,,,,,23.0,1.0,47.0,3.0,15.0,88.0,58.0,29.0,3.0,17.0,5.0,,,,,,,,,,,
Eredivisie,2025-2026,Feyenoord Rotterdam,cowh2h7fw3pcykf3v1awg4opg,J. Zinhagel,Midfielder,68,1.0,1.0,,1.0,,,2.0,,1.0,1.0,,4.0,,,1.0,,,,,,,,,3.0,,5.0,1.0,1.0,,,2.0,,,,,1.0,,,,,,4.0,4.0,,4.0,,,,13.0,,,,,,3.0,5.0,,4.0,,2.0,1.0,7.0,1.0,1.0,,,,2.0,,1.0,0.0,,,,,,,,,,,,,,,,,,,,,,,,,,,,,,,,,,,,,,,,,,,,,,,,,,,,,,,,,,,,,,
Eredivisie,2025-2026,Feyenoord Rotterdam,55jzj7tzvnfytfq92sbcpvuok,S. van Persie,Forward,49,5.0,3.0,2.0,2.0,6.0,,,,9.0,5.0,4.0,13.0,7.0,,2.0,3.0,3.0,,4.0,2.0,2.0,,,2.0,,14.0,,,,,2.0,,,,,2.0,,,1.0,2.0,,8.0,6.0,5.0,11.0,,1.0,,36.0,2.0,,2.0,,,10.0,17.0,2.0,11.0,1.0,6.0,6.0,29.0,,,,1.0,1.0,5.0,1.0,5.0,0.0,,,,,,,,2.0,2.0,,,,,,,,2.0,,,,,,1.0,,1.0,2.0,0.0,,,2.0,,1.0,,1.0,,,,,,,,,,,,,,,,,,,,,,,,,,,,
Eredivisie,2025-2026,Feyenoord Rotterdam,434aulbxf50clnx57fxsqge8k,T. van den Elshout,Midfielder,44,9.0,6.0,3.0,10.0,17.0,,16.0,2.0,35.0,17.0,18.0,50.0,24.0,,10.0,2.0,2.0,,26.0,11.0,15.0,1.0,2.0,10.0,,68.0,6.0,8.0,4.0,9.0,18.0,3.0,2.0,3.0,3.0,7.0,2.0,2.0,1.0,3.0,4.0,44.0,32.0,15.0,41.0,4.0,4.0,,294.0,6.0,1.0,4.0,3.0,6.0,41.0,69.0,4.0,45.0,8.0,12.0,24.0,129.0,3.0,3.0,6.0,2.0,3.0,21.0,6.0,21.0,0.0,1.0,2.0,,,,1.0,,,,,,,,,,,2.0,,3.0,,1.0,,,,,,,,1.0,,,,,,,,,,,,,,,,,,,,,,,,,,,,,,,,,
Eredivisie,2025-2026,Fortuna Sittard,8przxwwothu3crflys7ahl4dm,S. Adewoye,Defender,4,88.0,32.0,56.0,28.0,86.0,23.0,179.0,1.0,208.0,85.0,123.0,49.0,257.0,18.0,28.0,42.0,38.0,4.0,120.0,53.0,67.0,36.0,3.0,292.0,,820.0,77.0,24.0,13.0,91.0,222.0,3.0,1.0,24.0,8.0,4.0,,,3.0,1.0,50.0,698.0,232.0,500.0,682.0,14.0,30.0,9.0,2022.0,9.0,,116.0,36.0,20.0,161.0,857.0,3.0,732.0,44.0,12.0,125.0,1216.0,1.0,1.0,2.0,35.0,60.0,82.0,44.0,65.0,0.0,,1.0,2.0,1.0,1.0,,1.0,,,,,1.0,1.0,1.0,,,2.0,9.0,,1.0,,1.0,,,6.0,,,,,,,,1.0,,,,,,,1.0,,,,,,,,,,,,,,,,,,,,,,
Eredivisie,2025-2026,Fortuna Sittard,4jauu6ue076rbeq56exa4bcyy,M. Aïko,Forward,11,16.0,13.0,3.0,13.0,29.0,,64.0,4.0,56.0,34.0,22.0,123.0,12.0,2.0,13.0,6.0,5.0,1.0,40.0,21.0,19.0,3.0,3.0,8.0,2.0,93.0,47.0,15.0,6.0,16.0,45.0,5.0,6.0,3.0,3.0,10.0,5.0,5.0,4.0,5.0,,68.0,55.0,19.0,69.0,1.0,4.0,1.0,454.0,13.0,2.0,3.0,7.0,10.0,73.0,94.0,9.0,69.0,5.0,21.0,25.0,204.0,19.0,17.0,4.0,2.0,2.0,38.0,6.0,23.0,1.0,2.0,3.0,,,,2.0,,2.0,2.0,,,,,,,,3.0,,,,1.0,,2.0,,2.0,0.0,2.0,,2.0,2.0,,,2.0,2.0,,2.0,,,,,,,,,,,,,,,,,,,,,,,,,,
Eredivisie,2025-2026,Fortuna Sittard,3xciongidwqy5urn8tn6kufis,A. Bah,Defender,43,,,,,,,,,,,,,,,,,,,,,,,,,,,,,,,,,,,,,,,,,,,,,,,,,,,,,,,,,,,,,,,,,,,,,,,,,,,,,,,,,,,,,,,,,,,,,,,,,,,,,,,,,,,,,,,,,,,,,,,,,,,,,,,,,,,,,
Eredivisie,2025-2026,Fortuna Sittard,afww998w4zov3quy71r4jn3kl,S. Bastien,Midfielder,22,1.0,,1.0,6.0,3.0,,2.0,,4.0,1.0,3.0,9.0,3.0,,6.0,1.0,1.0,,3.0,1.0,2.0,,,3.0,,14.0,1.0,,,1.0,5.0,,,,,6.0,,,1.0,1.0,,11.0,8.0,3.0,11.0,,1.0,,40.0,1.0,,2.0,,,5.0,14.0,,11.0,1.0,1.0,3.0,22.0,,,,,1.0,3.0,,2.0,0.0,,,,,,,,,,,,,,,,,,,,,,,,,,,,,,,,,,,,,,,,,,,,,,,,,,,,,,,,,,,,,,
Eredivisie,2025-2026,Fortuna Sittard,98yc7hbq3kbt0uatiwz4y3pjo,R. Bayram,Goalkeeper,40,,,,,,,,,,,,,,,,,,,,,,,,,,,,,,,,,,,,,,,,,,,,,,,,,,,,,,,,,,,,,,,,,,,,,,,,,,,,,,,,,,,,,,,,,,,,,,,,,,,,,,,,,,,,,,,,,,,,,,,,,,,,,,,,,,,,,
Eredivisie,2025-2026,Fortuna Sittard,djekc2mhsntvqyvsq26ru115g,D. Bisschops,Defender,42,3.0,1.0,2.0,1.0,6.0,,4.0,2.0,8.0,3.0,5.0,9.0,13.0,,1.0,2.0,2.0,,5.0,2.0,3.0,2.0,1.0,1.0,,27.0,3.0,1.0,,2.0,8.0,1.0,,1.0,1.0,,,,,,2.0,22.0,11.0,12.0,21.0,2.0,,6.0,89.0,1.0,1.0,2.0,1.0,1.0,9.0,28.0,,23.0,2.0,2.0,5.0,48.0,1.0,1.0,,,2.0,6.0,,3.0,0.0,,,,,,,,,,,,,,,,,,,,2.0,,,,,,,,,,,,,,,,,,,,,,,,,,,,,,,,,,,,,,,,,,
Eredivisie,2025-2026,Fortuna Sittard,16mtjri8tz6vmxtxwr34y2tp1,M. Branderhorst,Goalkeeper,31,12.0,2.0,10.0,23.0,,,93.0,,17.0,4.0,13.0,,707.0,1.0,23.0,40.0,35.0,5.0,5.0,2.0,3.0,1.0,2.0,42.0,,403.0,37.0,,,266.0,42.0,2.0,,23.0,,,,,1.0,,200.0,175.0,173.0,168.0,141.0,1.0,1.0,,2070.0,,,18.0,1.0,,458.0,791.0,,341.0,2.0,,450.0,1005.0,,,,256.0,450.0,409.0,41.0,,0.0,,,3.0,,140.0,,173.0,,,,,,,1.0,,,,94.0,,,,21.0,,,3.0,,,,,,,,,,,,,,,2.0,33.0,4.0,89.0,2.0,9.0,91.0,60.0,30.0,3.0,26.0,1.0,,,,,,,,1.0,1.0,,2.0
Eredivisie,2025-2026,Fortuna Sittard,7b4jmfu1ejoeci2zmvwuejnys,P. Brittijn,Midfielder,23,65.0,35.0,30.0,31.0,146.0,14.0,132.0,1.0,242.0,119.0,123.0,157.0,271.0,16.0,31.0,44.0,38.0,6.0,177.0,84.0,93.0,43.0,12.0,209.0,2.0,809.0,54.0,52.0,32.0,108.0,194.0,13.0,3.0,27.0,11.0,4.0,1.0,1.0,6.0,11.0,33.0,643.0,308.0,347.0,621.0,26.0,44.0,8.0,2329.0,18.0,,52.0,41.0,17.0,216.0,820.0,9.0,654.0,70.0,20.0,166.0,1195.0,3.0,3.0,7.0,24.0,48.0,102.0,67.0,118.0,1.0,1.0,7.0,2.0,1.0,,1.0,,4.0,3.0,1.0,1.0,,,1.0,,,6.0,2.0,1.0,,1.0,2.0,3.0,,10.0,2.0,2.0,,,1.0,,,3.0,3.0,,,1.0,,1.0,1.0,,,,,,,,,,,,,,,,,,,,,,
Eredivisie,2025-2026,Fortuna Sittard,1bzrc169lsg8khaqy7a89oqok,G. Büyükhan,Midfielder,40,1.0,1.0,,1.0,1.0,,,,3.0,2.0,1.0,,,,1.0,,,,2.0,1.0,1.0,1.0,,,,,,,,,,,,,,1.0,,,,,,,,1.0,1.0,,1.0,,1.0,1.0,,,,,1.0,1.0,,1.0,1.0,,,5.0,,,1.0,,,,,,0.0,,,,,,,,,,,,,,,,,,,,,,,,,,,,,,,,,,,,,,,,,,,,,,,,,,,,,,,,,,,,,,
Eredivisie,2025-2026,Fortuna Sittard,bnkzwpd607re6s01oa77wcodm,J. Dahlhaus,Defender,8,60.0,32.0,28.0,25.0,168.0,7.0,216.0,11.0,208.0,104.0,104.0,267.0,318.0,15.0,25.0,39.0,33.0,6.0,148.0,72.0,76.0,48.0,13.0,75.0,,711.0,135.0,56.0,26.0,116.0,176.0,14.0,7.0,24.0,6.0,1.0,8.0,8.0,16.0,,28.0,556.0,301.0,286.0,551.0,25.0,21.0,126.0,2027.0,29.0,3.0,79.0,25.0,14.0,293.0,737.0,10.0,579.0,46.0,18.0,158.0,1323.0,35.0,35.0,18.0,56.0,73.0,139.0,54.0,85.0,0.0,1.0,2.0,3.0,1.0,,1.0,,,,1.0,,,,1.0,,,3.0,10.0,2.0,36.0,,,,,5.0,,,,,,,,2.0,,,,,,,1.0,,,,,,,,,,,,,,,,,,,,,,
Eredivisie,2025-2026,Fortuna Sittard,ccmmsnrfn58gwi1petlp08f3e,L. Duijvestijn,Midfielder,70,25.0,13.0,12.0,27.0,176.0,2.0,181.0,10.0,195.0,98.0,97.0,396.0,216.0,5.0,27.0,35.0,31.0,4.0,170.0,85.0,85.0,14.0,28.0,149.0,2.0,697.0,77.0,29.0,15.0,112.0,177.0,30.0,22.0,20.0,13.0,7.0,11.0,3.0,15.0,18.0,37.0,539.0,378.0,192.0,522.0,17.0,28.0,2.0,1860.0,43.0,7.0,29.0,17.0,25.0,269.0,718.0,38.0,559.0,45.0,53.0,159.0,1082.0,24.0,10.0,19.0,4.0,22.0,144.0,39.0,137.0,1.0,2.0,5.0,,,,2.0,,3.0,2.0,5.0,1.0,,,1.0,,,16.0,4.0,5.0,1.0,7.0,,2.0,,3.0,2.0,1.0,1.0,17.0,3.0,2.0,1.0,1.0,1.0,5.0,10.0,4.0,,1.0,,,,,,,,,,,,,,,,,,,,,,,
Eredivisie,2025-2026,Fortuna Sittard,b5p350vi5s92iey8co85it5as,W. Elasri,Midfielder,0,,,,,,,,,,,,,,,,,,,,,,,,,,,,,,,,,,,,,,,,,,,,,,,,,,,,,,,,,,,,,,,,,,,,,,,,,,,,,,,,,,,,,,,,,,,,,,,,,,,,,,,,,,,,,,,,,,,,,,,,,,,,,,,,,,,,,
Eredivisie,2025-2026,Fortuna Sittard,44m4s9f1ckgdavmqjo0icx016,R. Fosso,Midfielder,80,21.0,11.0,10.0,17.0,115.0,6.0,165.0,1.0,142.0,66.0,76.0,122.0,188.0,13.0,17.0,29.0,25.0,4.0,121.0,55.0,66.0,26.0,9.0,189.0,,674.0,56.0,19.0,15.0,117.0,198.0,10.0,7.0,17.0,2.0,,1.0,1.0,5.0,3.0,22.0,594.0,273.0,337.0,587.0,15.0,23.0,3.0,1512.0,20.0,1.0,25.0,22.0,23.0,126.0,690.0,8.0,609.0,38.0,5.0,81.0,922.0,,,8.0,16.0,26.0,51.0,30.0,55.0,0.0,1.0,3.0,3.0,,,1.0,,,,,,1.0,,1.0,,,1.0,1.0,,1.0,,1.0,,,4.0,,,,,,,,,,,,,,,,,,,,,,,,,,,,,,,,,,,,,
Eredivisie,2025-2026,Fortuna Sittard,a9mx5ndwvtlowjv43716ufswk,M. Gbemou,Midfielder,46,1.0,1.0,,2.0,1.0,1.0,1.0,,4.0,2.0,2.0,1.0,1.0,,2.0,1.0,1.0,,3.0,1.0,2.0,,,4.0,,8.0,1.0,2.0,1.0,,2.0,,,,,2.0,,,,,,6.0,1.0,5.0,6.0,1.0,1.0,,20.0,1.0,,2.0,,,3.0,8.0,,6.0,2.0,,2.0,17.0,,,,,,1.0,1.0,2.0,0.0,,,,,,,,,,,,,,,,,,,,,,,,,,,,,,,,,,,,,,,,,,,,,,,,,,,,,,,,,,,,,,
Eredivisie,2025-2026,Fortuna Sittard,3jkzywsfc2vjq3h1kqdhhl2hh,P. Gladon,Forward,19,157.0,76.0,81.0,31.0,42.0,1.0,21.0,7.0,231.0,128.0,103.0,180.0,88.0,12.0,31.0,21.0,18.0,3.0,74.0,52.0,22.0,,11.0,46.0,8.0,219.0,10.0,11.0,6.0,14.0,53.0,12.0,11.0,5.0,1.0,26.0,,,2.0,14.0,2.0,109.0,89.0,30.0,117.0,1.0,6.0,,967.0,17.0,,15.0,35.0,13.0,151.0,229.0,22.0,119.0,7.0,58.0,110.0,395.0,4.0,4.0,3.0,,5.0,104.0,10.0,105.0,2.0,,10.0,,,,1.0,,5.0,5.0,5.0,3.0,,,,,,11.0,,,,8.0,,3.0,1.0,2.0,3.0,2.0,,,4.0,1.0,1.0,,1.0,,,2.0,,,,,,,,,,,,,,,,,1.0,,,,,,,,
Eredivisie,2025-2026,Fortuna Sittard,66kplyn4wfzukepup1ws0f1ed,A. Halilović,Midfielder,10,,,,4.0,1.0,,8.0,2.0,6.0,1.0,5.0,11.0,4.0,,4.0,1.0,1.0,,6.0,1.0,5.0,,1.0,8.0,,12.0,3.0,1.0,,1.0,,2.0,,,,4.0,3.0,2.0,,1.0,1.0,11.0,11.0,4.0,11.0,,1.0,,19.0,,1.0,1.0,1.0,4.0,4.0,13.0,,12.0,1.0,,1.0,25.0,3.0,1.0,,,1.0,4.0,,,0.0,1.0,,,,,1.0,,,,,,,,,,,,1.0,,,,,,,,,,,2.0,,,,,,1.0,1.0,,,,,,,,,,,,,,,,,,,,,,,,,,
Eredivisie,2025-2026,Fortuna Sittard,9bbu1yne0l9j862yodiuldw4p,Houboulang Mendes,Defender,26,,,,6.0,4.0,,10.0,,9.0,5.0,4.0,19.0,7.0,1.0,6.0,1.0,1.0,,9.0,5.0,4.0,,,6.0,1.0,18.0,6.0,2.0,,2.0,1.0,,,,,6.0,1.0,1.0,,1.0,1.0,12.0,8.0,5.0,11.0,1.0,2.0,5.0,85.0,2.0,,6.0,2.0,1.0,17.0,18.0,,12.0,3.0,1.0,6.0,46.0,5.0,5.0,1.0,,,9.0,2.0,6.0,0.0,,1.0,,,,,,,,,,,,,,,,1.0,,1.0,,,,,,,,,,,,,,,,,1.0,,,,,,,,,,,,,,,,,,,,,,,,,
Eredivisie,2025-2026,Fortuna Sittard,dsh8ta4q6v5ews2e19p9xh6y2,J. Hubner,Defender,28,75.0,24.0,51.0,24.0,101.0,12.0,153.0,3.0,150.0,58.0,92.0,99.0,262.0,12.0,24.0,33.0,27.0,6.0,75.0,34.0,41.0,26.0,8.0,78.0,1.0,657.0,91.0,18.0,14.0,59.0,235.0,9.0,6.0,14.0,1.0,10.0,3.0,3.0,2.0,,54.0,525.0,224.0,320.0,487.0,11.0,18.0,31.0,1446.0,3.0,2.0,112.0,24.0,10.0,168.0,676.0,10.0,541.0,29.0,16.0,135.0,1010.0,4.0,4.0,2.0,42.0,78.0,104.0,35.0,57.0,1.0,,2.0,,,3.0,1.0,3.0,2.0,2.0,1.0,1.0,,,,,,4.0,15.0,,11.0,,,2.0,1.0,7.0,0.0,2.0,,,1.0,1.0,1.0,,,,,,,,,,,,,,,,,,,,,,1.0,,,,,,,,
Eredivisie,2025-2026,Fortuna Sittard,9zryne6aa951ltubvjo0gk12i,M. Ihattaren,Midfielder,52,24.0,17.0,7.0,27.0,171.0,1.0,250.0,21.0,165.0,95.0,70.0,593.0,227.0,5.0,27.0,40.0,34.0,6.0,141.0,78.0,63.0,10.0,37.0,274.0,4.0,716.0,133.0,50.0,14.0,85.0,129.0,47.0,10.0,23.0,18.0,4.0,35.0,10.0,30.0,26.0,44.0,548.0,460.0,201.0,582.0,8.0,6.0,24.0,1901.0,58.0,11.0,9.0,10.0,19.0,374.0,801.0,43.0,626.0,14.0,64.0,175.0,1262.0,86.0,37.0,29.0,6.0,25.0,228.0,33.0,150.0,1.0,9.0,25.0,,,,10.0,,6.0,5.0,,,,,1.0,,1.0,33.0,,4.0,1.0,1.0,,4.0,,4.0,5.0,1.0,4.0,59.0,3.0,2.0,5.0,3.0,1.0,20.0,30.0,3.0,,1.0,,,,,,,,,,,,,3.0,3.0,,,,,,,,,
Eredivisie,2025-2026,Fortuna Sittard,dp0q4f4gbj2buhcu1lb5dzxed,Ivo Pinto,Defender,12,26.0,13.0,13.0,27.0,107.0,5.0,186.0,12.0,168.0,79.0,89.0,338.0,345.0,10.0,27.0,43.0,38.0,5.0,142.0,66.0,76.0,13.0,17.0,225.0,1.0,707.0,116.0,48.0,16.0,110.0,44.0,22.0,3.0,24.0,14.0,3.0,17.0,17.0,15.0,2.0,33.0,525.0,361.0,191.0,502.0,14.0,32.0,122.0,2002.0,29.0,4.0,68.0,18.0,15.0,332.0,721.0,3.0,535.0,46.0,18.0,186.0,1231.0,44.0,44.0,12.0,55.0,85.0,168.0,62.0,101.0,0.0,4.0,,1.0,,,5.0,,,,,,,,,,,,11.0,,45.0,,,,1.0,3.0,,,,1.0,,,,,,,,,,,,,,,,,,,,,,,,,1.0,,,,,,,,
Eredivisie,2025-2026,Fortuna Sittard,7lq72necawfl67dfee8m8ndw4,O. Johnson,Forward,45,4.0,2.0,2.0,4.0,1.0,,4.0,,9.0,6.0,3.0,4.0,,,4.0,2.0,,2.0,5.0,4.0,1.0,,,2.0,,5.0,2.0,1.0,1.0,,3.0,,,,,4.0,,,,1.0,,3.0,2.0,2.0,4.0,,,,14.0,2.0,,1.0,1.0,1.0,5.0,6.0,,4.0,,1.0,2.0,14.0,,,,,,2.0,,2.0,0.0,,,,,,,,,,,,,,,,,,,,,,,,,,,,,,,,,,,,,,,,,,,,,,,,,,,,,,,,,,,,,,
Eredivisie,2025-2026,Fortuna Sittard,2fbolmn7pyvn5oto4zoeqguwa,N. Kasanwirjo,Defender,21,28.0,13.0,15.0,15.0,63.0,6.0,141.0,4.0,100.0,41.0,59.0,89.0,268.0,4.0,15.0,27.0,23.0,4.0,72.0,28.0,44.0,20.0,5.0,172.0,,587.0,57.0,20.0,7.0,63.0,110.0,7.0,4.0,13.0,1.0,2.0,2.0,2.0,11.0,1.0,31.0,471.0,201.0,297.0,465.0,3.0,13.0,30.0,1230.0,10.0,1.0,58.0,9.0,17.0,159.0,613.0,5.0,496.0,16.0,8.0,117.0,862.0,8.0,8.0,3.0,30.0,50.0,93.0,32.0,67.0,0.0,2.0,1.0,,,1.0,2.0,1.0,,,,,,,,,,1.0,7.0,1.0,3.0,2.0,,,,1.0,,,,,,1.0,,,,,,,,,,,,,,,,,,,,,,,,,,,,,,,
Eredivisie,2025-2026,Fortuna Sittard,8yv45yg18w6cujbgt9265905w,M. Kerkez,Midfielder,21,3.0,3.0,,3.0,1.0,1.0,2.0,,5.0,4.0,1.0,2.0,,,3.0,,,,2.0,1.0,1.0,,,,,4.0,2.0,,,1.0,3.0,,,,,3.0,,,,,,1.0,,1.0,1.0,1.0,,,4.0,,,2.0,,,3.0,4.0,,1.0,1.0,1.0,3.0,10.0,,,,,,3.0,,3.0,0.0,,,,,,,,,,,,,,,,,,,,,,,,,,,,,,,,,,,,,,,,,,,,,,,,,,,,,,,,,,,,,,
Eredivisie,2025-2026,Fortuna Sittard,axhjtqfa2xxud2tdle8zfxrkl,L. Koopmans,Goalkeeper,1,4.0,1.0,3.0,10.0,,,29.0,,7.0,1.0,6.0,,303.0,,10.0,21.0,18.0,3.0,3.0,,3.0,,1.0,18.0,,164.0,5.0,1.0,1.0,103.0,12.0,1.0,,10.0,,,,,,,107.0,73.0,97.0,55.0,45.0,,1.0,,900.0,,1.0,18.0,,2.0,183.0,333.0,,152.0,1.0,,181.0,419.0,,,,105.0,179.0,165.0,16.0,2.0,0.0,,,,,47.0,,65.0,,,,,,,,,,,58.0,,,,7.0,,,,,,,,,,,,,,,,,,,9.0,1.0,33.0,,4.0,32.0,19.0,12.0,,7.0,2.0,,,,,,,,,,,
Eredivisie,2025-2026,Fortuna Sittard,2pkvr178sqkj16uu1fdbab6c,H. Korkmazyürek,Midfielder,36,1.0,1.0,,1.0,,,,,1.0,1.0,,,,,1.0,,,,,,,,,,,,,,,,,,,,,1.0,,,,,,,,,,,,,1.0,,,1.0,,,,,,,,,,1.0,,,,,,,,,0.0,,,,,,,,,,,,,,,,,,,,,,,,,,,,,,,,,,,,,,,,,,,,,,,,,,,,,,,,,,,,,,
Eredivisie,2025-2026,Fortuna Sittard,181odb6ghlhjpyfm7fo3yh5w4,A. Laoukili,Midfielder,47,,,,1.0,,,,,,,,1.0,,,1.0,,,,,,,,,,,,,,,,,,,,,1.0,,,,,,,,,,,,,2.0,,,,,,,,1.0,,,1.0,,1.0,,,,,,,,,0.0,,,,,,,,,,,,,,,,,1.0,,,,,,,,,,,,,,,,,,,,,,,,,,,,,,,,,,,,,,,,,,,,,
Eredivisie,2025-2026,Fortuna Sittard,2ifp36vdm0d6rb3xc7muuvv11,D. Limnios,Midfielder,18,64.0,46.0,18.0,33.0,183.0,2.0,241.0,11.0,233.0,129.0,104.0,470.0,186.0,5.0,33.0,38.0,34.0,4.0,169.0,83.0,86.0,10.0,37.0,188.0,9.0,634.0,132.0,47.0,13.0,101.0,88.0,43.0,8.0,27.0,18.0,6.0,26.0,18.0,16.0,11.0,21.0,497.0,347.0,186.0,486.0,20.0,17.0,66.0,2132.0,48.0,9.0,25.0,16.0,34.0,287.0,645.0,19.0,507.0,37.0,59.0,138.0,1106.0,53.0,36.0,24.0,9.0,23.0,155.0,36.0,115.0,1.0,4.0,5.0,1.0,,,6.0,1.0,2.0,2.0,1.0,1.0,,,1.0,,,11.0,2.0,,3.0,3.0,,2.0,,1.0,1.0,1.0,,23.0,2.0,2.0,1.0,3.0,,8.0,10.0,,,,,,,1.0,,,,,,,,,,,,,,,,,,,
Eredivisie,2025-2026,Fortuna Sittard,9o10vhew3jar8tqnkabw0qoyx,J. Lonwijk,Midfielder,17,32.0,22.0,10.0,15.0,37.0,2.0,39.0,,126.0,77.0,49.0,139.0,83.0,10.0,15.0,17.0,15.0,2.0,94.0,55.0,39.0,11.0,10.0,44.0,4.0,204.0,22.0,20.0,16.0,27.0,43.0,10.0,8.0,12.0,10.0,3.0,1.0,1.0,4.0,8.0,6.0,128.0,90.0,42.0,125.0,6.0,15.0,,905.0,27.0,,17.0,16.0,14.0,125.0,207.0,13.0,131.0,21.0,32.0,76.0,401.0,5.0,5.0,9.0,5.0,10.0,62.0,19.0,66.0,1.0,,2.0,,,,,,4.0,4.0,,2.0,,,,,,5.0,1.0,,,2.0,2.0,2.0,,1.0,2.0,2.0,,,3.0,,1.0,1.0,1.0,,,4.0,,,,,,,,,,,,,,,,,,,,,,,,,
Eredivisie,2025-2026,Fortuna Sittard,7rb6l13x5slw5ue3c2n1ju0gl,N. Marsman,Goalkeeper,32,,,,,,,,,,,,,,,,,,,,,,,,,,,,,,,,,,,,,,,,,,,,,,,,,,,,,,,,,,,,,,,,,,,,,,,,,,,,,,,,,,,,,,,,,,,,,,,,,,,,,,,,,,,,,,,,,,,,,,,,,,,,,,,,,,,,,
Eredivisie,2025-2026,Fortuna Sittard,3w80829m50d7psepqbeqs2n84,N. Martens,Goalkeeper,25,,,,,,,,,,,,,,,,,,,,,,,,,,,,,,,,,,,,,,,,,,,,,,,,,,,,,,,,,,,,,,,,,,,,,,,,,,,,,,,,,,,,,,,,,,,,,,,,,,,,,,,,,,,,,,,,,,,,,,,,,,,,,,,,,,,,,
Eredivisie,2025-2026,Fortuna Sittard,eyzcfyn1crjcgmm98uk9u8oyy,É. Michut,Midfielder,20,27.0,13.0,14.0,20.0,148.0,5.0,248.0,8.0,223.0,104.0,119.0,267.0,138.0,15.0,20.0,33.0,29.0,4.0,196.0,91.0,105.0,31.0,15.0,217.0,,666.0,112.0,24.0,15.0,92.0,190.0,15.0,8.0,17.0,6.0,3.0,1.0,1.0,14.0,18.0,15.0,594.0,375.0,246.0,605.0,13.0,32.0,4.0,1592.0,42.0,1.0,28.0,36.0,47.0,162.0,693.0,10.0,620.0,45.0,29.0,73.0,1039.0,13.0,12.0,18.0,3.0,14.0,68.0,18.0,59.0,0.0,,7.0,,,,,,,,3.0,,,,1.0,,,2.0,,,,,,,,4.0,,,,,,,,1.0,,,,,,,,,,,,,,,,,,,,,,,,,,,,,
Eredivisie,2025-2026,Fortuna Sittard,570htztcvfsu947xw6fvtzmc5,Iván Márquez,Defender,44,134.0,42.0,92.0,32.0,72.0,28.0,135.0,2.0,220.0,80.0,140.0,36.0,280.0,10.0,32.0,53.0,47.0,6.0,86.0,38.0,48.0,28.0,4.0,309.0,1.0,953.0,42.0,10.0,10.0,60.0,322.0,4.0,9.0,28.0,6.0,4.0,,,1.0,3.0,41.0,820.0,177.0,668.0,804.0,14.0,22.0,1.0,2501.0,4.0,,240.0,32.0,12.0,156.0,983.0,12.0,845.0,36.0,22.0,138.0,1409.0,,,,39.0,66.0,96.0,42.0,72.0,0.0,,1.0,3.0,1.0,14.0,,16.0,1.0,1.0,1.0,,,,1.0,,,3.0,20.0,,,2.0,1.0,1.0,,4.0,0.0,1.0,,,,,,,1.0,,,,,,2.0,,,2.0,,,,,,,,,,,,,,,,,,,
Eredivisie,2025-2026,Fortuna Sittard,b23be312oxcbusvpjnnriukq2,Y. Oukili,Midfielder,5,13.0,8.0,5.0,12.0,25.0,1.0,20.0,,52.0,26.0,26.0,56.0,52.0,5.0,12.0,15.0,12.0,3.0,39.0,18.0,21.0,5.0,1.0,21.0,,132.0,7.0,10.0,4.0,23.0,34.0,1.0,,2.0,,10.0,,,,,5.0,98.0,57.0,41.0,93.0,9.0,9.0,1.0,389.0,7.0,1.0,3.0,8.0,3.0,53.0,132.0,4.0,98.0,18.0,13.0,34.0,202.0,1.0,1.0,4.0,4.0,7.0,29.0,6.0,27.0,0.0,,4.0,,,,,,2.0,2.0,,,,,,,,4.0,1.0,1.0,,,,1.0,,2.0,2.0,0.0,,,1.0,,1.0,,1.0,,,,,,,,,,,,,,,,,,,,,,,,,,,,
Eredivisie,2025-2026,Fortuna Sittard,60jptu288hf6gcljkbzcdie39,K. Peterson,Forward,7,34.0,14.0,20.0,33.0,150.0,5.0,256.0,31.0,194.0,104.0,90.0,466.0,111.0,6.0,33.0,33.0,30.0,3.0,160.0,90.0,70.0,6.0,22.0,27.0,3.0,393.0,176.0,41.0,14.0,61.0,127.0,24.0,15.0,19.0,17.0,14.0,14.0,10.0,22.0,11.0,6.0,280.0,227.0,88.0,295.0,13.0,4.0,23.0,1600.0,60.0,2.0,21.0,16.0,31.0,309.0,415.0,30.0,301.0,17.0,94.0,114.0,855.0,88.0,66.0,44.0,7.0,18.0,169.0,33.0,96.0,0.0,2.0,19.0,,,,2.0,,3.0,2.0,,,,,1.0,,,15.0,,1.0,1.0,5.0,,2.0,,2.0,2.0,1.0,,34.0,3.0,1.0,1.0,6.0,2.0,4.0,15.0,1.0,,1.0,,,,,,,,,,,,,,,,,,,,,,,
Eredivisie,2025-2026,Fortuna Sittard,6sya8p154c3vtvr0dk0etg8wk,T. Schenkhuizen,Midfielder,38,2.0,1.0,1.0,3.0,2.0,,4.0,1.0,10.0,5.0,5.0,11.0,7.0,1.0,3.0,2.0,2.0,,8.0,4.0,4.0,,,9.0,,30.0,2.0,4.0,4.0,5.0,14.0,,1.0,1.0,1.0,2.0,,,,1.0,2.0,26.0,9.0,19.0,26.0,,1.0,,92.0,3.0,,,1.0,3.0,10.0,32.0,1.0,28.0,1.0,2.0,4.0,51.0,1.0,1.0,2.0,2.0,2.0,5.0,,2.0,0.0,,,,,,,,,,,,,,,,,,,,,,,,,,,,,1.0,,,,,,,,,,,,,,,,,,,,,,,,,,,,,,,,,
Eredivisie,2025-2026,Fortuna Sittard,5ghvrbmlh0tqos9iohj8f7zzd,K. Sierhuis,Forward,9,145.0,73.0,72.0,29.0,104.0,6.0,127.0,11.0,276.0,152.0,124.0,379.0,130.0,5.0,29.0,37.0,33.0,4.0,131.0,79.0,52.0,5.0,24.0,106.0,13.0,453.0,77.0,28.0,9.0,58.0,132.0,25.0,30.0,24.0,19.0,5.0,3.0,3.0,16.0,27.0,10.0,319.0,254.0,86.0,327.0,4.0,7.0,4.0,1918.0,47.0,4.0,26.0,28.0,26.0,256.0,472.0,61.0,337.0,11.0,106.0,135.0,826.0,5.0,5.0,25.0,4.0,12.0,114.0,26.0,123.0,2.0,,16.0,,2.0,,1.0,,12.0,9.0,3.0,4.0,,,1.0,,,31.0,,4.0,,12.0,2.0,6.0,,4.0,8.0,4.0,3.0,2.0,9.0,3.0,,1.0,8.0,,,4.0,1.0,3.0,,,,,,,,,,,,,,,,,,,,,,,
Eredivisie,2025-2026,Fortuna Sittard,aze5i6ssy55jrc8k9vhrs8o9h,D. Sinkgraven,Defender,24,,,,,,,,,,,,,,,,,,,,,,,,,,,,,,,,,,,,,,,,,,,,,,,,,,,,,,,,,,,,,,,,,,,,,,,,,,,,,,,,,,,,,,,,,,,,,,,,,,,,,,,,,,,,,,,,,,,,,,,,,,,,,,,,,,,,,
Eredivisie,2025-2026,Fortuna Sittard,30oqkmhal9o3ktfnt06u17spg,L. Tunjić,Midfielder,77,15.0,8.0,7.0,16.0,27.0,1.0,49.0,2.0,71.0,32.0,39.0,104.0,30.0,1.0,16.0,7.0,6.0,1.0,56.0,24.0,32.0,1.0,3.0,30.0,,123.0,27.0,10.0,5.0,17.0,44.0,3.0,4.0,3.0,2.0,13.0,6.0,3.0,4.0,,4.0,91.0,67.0,38.0,95.0,9.0,8.0,3.0,380.0,12.0,1.0,5.0,2.0,11.0,79.0,131.0,6.0,99.0,17.0,15.0,32.0,256.0,13.0,8.0,5.0,2.0,4.0,39.0,6.0,28.0,0.0,,3.0,,,,,,2.0,1.0,,,,,,,,2.0,1.0,,,,,,,,1.0,1.0,1.0,8.0,2.0,,,,2.0,2.0,3.0,,,1.0,,,,,,,,,,,,,,,,,,,,,,,
Eredivisie,2025-2026,Fortuna Sittard,an80nq7e82uqyir99gfwni2vo,L. Van Parys,Goalkeeper,48,,,,,,,,,,,,,,,,,,,,,,,,,,,,,,,,,,,,,,,,,,,,,,,,,,,,,,,,,,,,,,,,,,,,,,,,,,,,,,,,,,,,,,,,,,,,,,,,,,,,,,,,,,,,,,,,,,,,,,,,,,,,,,,,,,,,,
Eredivisie,2025-2026,Fortuna Sittard,34258m1cvslz8r6d17nv4b90q,S. van Ottele,Defender,6,39.0,16.0,23.0,14.0,39.0,5.0,85.0,2.0,107.0,46.0,61.0,48.0,154.0,8.0,14.0,17.0,15.0,2.0,68.0,30.0,38.0,4.0,7.0,121.0,,373.0,49.0,16.0,7.0,38.0,81.0,7.0,3.0,8.0,3.0,6.0,1.0,1.0,2.0,2.0,33.0,290.0,135.0,174.0,275.0,9.0,18.0,1.0,811.0,10.0,,45.0,11.0,9.0,107.0,395.0,4.0,308.0,27.0,2.0,87.0,546.0,1.0,1.0,5.0,19.0,39.0,61.0,27.0,48.0,0.0,,,,1.0,,,,,,,,1.0,1.0,,,,1.0,5.0,1.0,3.0,,1.0,,,2.0,,,,,,,,1.0,,,,,,,2.0,,,,,,,,,,,,,,,,,,,,,,
Eredivisie,2025-2026,Go Ahead Eagles,1rmox6tf7r283dca2vi844kr8,A. Adelgaard,Defender,29,35.0,13.0,22.0,27.0,168.0,8.0,219.0,11.0,156.0,75.0,81.0,285.0,246.0,7.0,27.0,25.0,23.0,2.0,121.0,62.0,59.0,17.0,13.0,96.0,2.0,626.0,133.0,28.0,11.0,85.0,139.0,15.0,4.0,16.0,7.0,11.0,16.0,12.0,10.0,1.0,19.0,519.0,306.0,250.0,521.0,17.0,19.0,111.0,1561.0,16.0,3.0,50.0,24.0,14.0,212.0,649.0,8.0,540.0,36.0,15.0,109.0,1070.0,56.0,41.0,10.0,13.0,31.0,132.0,33.0,78.0,0.0,2.0,2.0,6.0,,,2.0,,1.0,,,,,,2.0,,,4.0,5.0,3.0,10.0,,,,,4.0,1.0,0.0,,17.0,1.0,,1.0,2.0,,2.0,11.0,2.0,,1.0,,,,,,,,,,,,,,,,,,,,,,,
Eredivisie,2025-2026,Go Ahead Eagles,b157xbo2jovsxkgr3wie3rip6,T. Baeten,Forward,23,19.0,17.0,2.0,19.0,51.0,1.0,148.0,17.0,132.0,83.0,49.0,216.0,31.0,12.0,19.0,15.0,14.0,1.0,113.0,66.0,47.0,3.0,9.0,31.0,4.0,126.0,99.0,27.0,12.0,24.0,16.0,11.0,5.0,5.0,1.0,14.0,7.0,7.0,13.0,1.0,4.0,102.0,80.0,32.0,101.0,10.0,7.0,16.0,752.0,31.0,2.0,11.0,28.0,17.0,159.0,129.0,12.0,105.0,17.0,23.0,24.0,404.0,48.0,48.0,15.0,,4.0,67.0,5.0,20.0,0.0,2.0,3.0,,,,2.0,,1.0,1.0,2.0,,,,2.0,,,7.0,,3.0,2.0,2.0,,1.0,1.0,2.0,0.0,1.0,,2.0,1.0,,1.0,6.0,,,,1.0,,,,,,,,,,,,,,,,,1.0,,,,,,,,
Eredivisie,2025-2026,Go Ahead Eagles,4qoddvxuknli8073d54hii2cq,X. Blomme,Midfielder,20,,,,,,,,,,,,,,,,,,,,,,,,,,,,,,,,,,,,,,,,,,,,,,,,,,,,,,,,,,,,,,,,,,,,,,,,,,,,,,,,,,,,,,,,,,,,,,,,,,,,,,,,,,,,,,,,,,,,,,,,,,,,,,,,,,,,,
Eredivisie,2025-2026,Go Ahead Eagles,ao1bp2r34qvimy3woglbk5dzo,O. Boakye,Forward,32,1.0,1.0,,1.0,,,,,3.0,3.0,,,,1.0,1.0,,,,2.0,2.0,,,,,,,,1.0,1.0,,,,,,,1.0,,,,,,,,,,,,,8.0,1.0,,,1.0,,2.0,,,,,,,4.0,,,1.0,,,,,,0.0,,,,,,,,,,,,,,,,,,,,,,,,,,,,,,,,,,,,,,,,,,,,,,,,,,,,,,,,,,,,,,
Eredivisie,2025-2026,Go Ahead Eagles,1q0v3qpciql8rkyz4qrlvbuju,J. Breum,Midfielder,7,18.0,9.0,9.0,27.0,214.0,10.0,303.0,13.0,134.0,58.0,76.0,451.0,289.0,3.0,27.0,33.0,29.0,4.0,116.0,49.0,67.0,8.0,47.0,184.0,1.0,850.0,116.0,33.0,10.0,104.0,218.0,52.0,5.0,23.0,13.0,4.0,28.0,3.0,28.0,28.0,52.0,710.0,475.0,312.0,707.0,4.0,13.0,8.0,1952.0,32.0,12.0,22.0,7.0,23.0,288.0,905.0,25.0,759.0,17.0,45.0,146.0,1285.0,61.0,11.0,17.0,8.0,35.0,176.0,31.0,111.0,1.0,4.0,8.0,4.0,,,5.0,,6.0,6.0,,1.0,,,2.0,,1.0,20.0,1.0,12.0,1.0,2.0,,3.0,,1.0,6.0,0.0,1.0,70.0,6.0,2.0,1.0,1.0,4.0,22.0,37.0,,1.0,,,,,,,,,,,,,,,,,,,,,,,,
Eredivisie,2025-2026,Go Ahead Eagles,lp9kyx4408kpoey40zv9mga1,J. De Busser,Goalkeeper,22,12.0,,12.0,33.0,,,154.0,,25.0,2.0,23.0,,891.0,,33.0,51.0,46.0,5.0,13.0,2.0,11.0,1.0,2.0,208.0,,980.0,81.0,1.0,1.0,310.0,184.0,2.0,,33.0,,,,,1.0,,223.0,626.0,134.0,632.0,543.0,,,,2970.0,,,34.0,,13.0,523.0,1283.0,,766.0,,,517.0,1661.0,,,,314.0,508.0,427.0,90.0,9.0,0.0,,,9.0,,236.0,,201.0,,,,,2.0,,3.0,,,,96.0,,,,24.0,,,,,,,,,,,,,,,,,,,28.0,3.0,104.0,3.0,18.0,139.0,98.0,41.0,4.0,36.0,4.0,,,,,,,,,,,
Eredivisie,2025-2026,Go Ahead Eagles,ciguyr553yqapqfudim9af46h,M. Deijl,Defender,2,82.0,34.0,48.0,32.0,249.0,18.0,199.0,15.0,239.0,80.0,159.0,465.0,438.0,14.0,32.0,49.0,42.0,7.0,157.0,46.0,111.0,17.0,20.0,367.0,4.0,1149.0,89.0,38.0,13.0,109.0,121.0,25.0,6.0,32.0,3.0,,12.0,12.0,10.0,7.0,67.0,941.0,520.0,455.0,896.0,12.0,32.0,228.0,2782.0,13.0,5.0,79.0,29.0,59.0,326.0,1175.0,16.0,963.0,44.0,67.0,212.0,1840.0,32.0,32.0,7.0,54.0,94.0,194.0,50.0,118.0,0.0,3.0,1.0,6.0,,,5.0,,1.0,1.0,2.0,,1.0,,2.0,,1.0,10.0,8.0,1.0,41.0,3.0,1.0,1.0,,5.0,1.0,0.0,,,,,,,1.0,,,,1.0,,,,,,,,,,,,,,2.0,1.0,,,,,,,,,
Eredivisie,2025-2026,Go Ahead Eagles,eytcfp4cu6qkar65kf0p5rm96,J. Dirksen,Defender,26,52.0,16.0,36.0,17.0,38.0,22.0,112.0,,96.0,33.0,63.0,36.0,180.0,2.0,17.0,15.0,15.0,,44.0,17.0,27.0,16.0,4.0,182.0,,504.0,41.0,7.0,4.0,35.0,128.0,4.0,3.0,13.0,8.0,4.0,1.0,1.0,9.0,1.0,39.0,426.0,144.0,304.0,408.0,5.0,8.0,4.0,1081.0,7.0,1.0,82.0,8.0,5.0,99.0,528.0,5.0,447.0,13.0,6.0,81.0,721.0,3.0,2.0,4.0,26.0,47.0,49.0,35.0,34.0,0.0,,,2.0,,2.0,,3.0,2.0,2.0,,1.0,,,1.0,,,2.0,8.0,,,,,1.0,,3.0,1.0,1.0,1.0,1.0,,,1.0,,,,1.0,,,,1.0,,,1.0,,,,,,,,,,,,,,,,,,,
Eredivisie,2025-2026,Go Ahead Eagles,1m0qpbce7dob7mdbo7titbqp5,V. Edvardsen,Forward,16,45.0,32.0,13.0,25.0,103.0,1.0,138.0,18.0,124.0,85.0,39.0,404.0,148.0,4.0,25.0,28.0,28.0,,79.0,53.0,26.0,1.0,29.0,132.0,6.0,488.0,86.0,28.0,3.0,47.0,123.0,35.0,8.0,21.0,8.0,4.0,7.0,7.0,7.0,21.0,20.0,329.0,233.0,119.0,325.0,6.0,9.0,9.0,1908.0,34.0,5.0,11.0,16.0,4.0,273.0,506.0,21.0,345.0,15.0,90.0,161.0,735.0,38.0,36.0,19.0,3.0,25.0,178.0,21.0,136.0,0.0,6.0,10.0,5.0,,,6.0,,4.0,4.0,1.0,,,,2.0,,,13.0,1.0,5.0,,3.0,,3.0,,3.0,2.0,2.0,1.0,1.0,3.0,1.0,,3.0,4.0,,1.0,5.0,,,,,,,,,,,,,,,,,,,,,,,,,
Eredivisie,2025-2026,Go Ahead Eagles,a46irqckxabod18j2c0qfixre,K. Goudmijn,Midfielder,24,14.0,6.0,8.0,16.0,66.0,1.0,104.0,6.0,83.0,51.0,32.0,195.0,132.0,2.0,16.0,11.0,8.0,3.0,69.0,45.0,24.0,3.0,10.0,89.0,,360.0,57.0,19.0,9.0,33.0,88.0,10.0,5.0,11.0,11.0,5.0,6.0,3.0,3.0,12.0,17.0,284.0,224.0,80.0,281.0,5.0,6.0,3.0,762.0,25.0,2.0,5.0,7.0,10.0,153.0,375.0,8.0,298.0,11.0,12.0,77.0,529.0,31.0,24.0,8.0,5.0,20.0,89.0,19.0,57.0,0.0,,4.0,,,,,,,,,,,,,,,3.0,2.0,4.0,,1.0,,,,1.0,,,,7.0,,1.0,,,,2.0,4.0,1.0,,,,,,,,,,,,,,,,,,,,,,,,,
Eredivisie,2025-2026,Go Ahead Eagles,bn8dwm2y9a8i9a10rba3dmm3u,D. James,Defender,5,21.0,8.0,13.0,26.0,192.0,2.0,134.0,18.0,111.0,48.0,63.0,381.0,156.0,14.0,26.0,29.0,26.0,3.0,90.0,40.0,50.0,18.0,25.0,41.0,1.0,542.0,80.0,23.0,3.0,69.0,178.0,26.0,3.0,18.0,10.0,8.0,32.0,12.0,6.0,2.0,29.0,442.0,269.0,229.0,437.0,14.0,21.0,104.0,1622.0,9.0,6.0,65.0,19.0,9.0,251.0,567.0,7.0,466.0,35.0,22.0,101.0,1024.0,112.0,63.0,4.0,16.0,40.0,170.0,43.0,61.0,1.0,1.0,,1.0,,1.0,1.0,1.0,1.0,1.0,,,,1.0,2.0,1.0,,4.0,5.0,1.0,8.0,2.0,,1.0,1.0,3.0,1.0,0.0,,60.0,1.0,,1.0,1.0,,17.0,37.0,,,,1.0,,,,,,,,,,,,,,,,,,,,,,
Eredivisie,2025-2026,Go Ahead Eagles,8qrsqp9qqvb0jdynpgsnifai1,S. Jansen,Goalkeeper,30,,,,,,,,,,,,,,,,,,,,,,,,,,,,,,,,,,,,,,,,,,,,,,,,,,,,,,,,,,,,,,,,,,,,,,,,,,,,,,,,,,,,,,,,,,,,,,,,,,,,,,,,,,,,,,,,,,,,,,,,,,,,,,,,,,,,,
Eredivisie,2025-2026,Go Ahead Eagles,61a5bh5xw947nv4mxx62gqaqx,J. Kramer,Defender,4,129.0,58.0,71.0,33.0,229.0,46.0,481.0,10.0,217.0,100.0,117.0,192.0,664.0,14.0,33.0,51.0,46.0,5.0,88.0,42.0,46.0,34.0,13.0,304.0,,1885.0,262.0,37.0,12.0,127.0,843.0,16.0,5.0,33.0,1.0,,7.0,7.0,8.0,1.0,127.0,1636.0,638.0,1157.0,1661.0,11.0,14.0,14.0,2925.0,11.0,4.0,213.0,22.0,13.0,302.0,2040.0,10.0,1788.0,25.0,40.0,252.0,2531.0,18.0,18.0,6.0,66.0,126.0,180.0,90.0,126.0,0.0,2.0,6.0,8.0,1.0,109.0,3.0,109.0,1.0,1.0,,,,,3.0,,,5.0,19.0,1.0,,1.0,,1.0,,2.0,1.0,0.0,,,1.0,1.0,1.0,1.0,,,,1.0,,,,,,,,,,,,,,,,,,,,,,,,,
Eredivisie,2025-2026,Go Ahead Eagles,9d4lofwg9ooaoldw2vpt4h36y,E. Linthorst,Midfielder,8,25.0,13.0,12.0,28.0,125.0,7.0,172.0,2.0,70.0,40.0,30.0,161.0,203.0,7.0,28.0,22.0,19.0,3.0,45.0,27.0,18.0,16.0,7.0,213.0,,750.0,78.0,22.0,11.0,87.0,212.0,9.0,1.0,16.0,11.0,12.0,3.0,3.0,1.0,28.0,48.0,634.0,339.0,301.0,589.0,7.0,8.0,1.0,1439.0,6.0,1.0,42.0,15.0,3.0,146.0,753.0,5.0,637.0,15.0,5.0,116.0,908.0,6.0,6.0,2.0,17.0,45.0,91.0,31.0,71.0,0.0,1.0,3.0,,,,2.0,,1.0,1.0,,,,1.0,1.0,,,4.0,2.0,4.0,,1.0,,,,3.0,1.0,0.0,,,1.0,,1.0,,,,,,,,,,,,,,,,,,,,,,,,,,,,,,
Eredivisie,2025-2026,Go Ahead Eagles,1mroid71v9bwpx0iaospei9gq,R. Margaret,Forward,18,20.0,15.0,5.0,21.0,79.0,,158.0,15.0,177.0,118.0,59.0,276.0,63.0,8.0,21.0,19.0,17.0,2.0,157.0,103.0,54.0,7.0,6.0,42.0,4.0,239.0,96.0,22.0,8.0,52.0,57.0,8.0,6.0,13.0,13.0,8.0,6.0,6.0,21.0,8.0,2.0,191.0,145.0,54.0,191.0,10.0,7.0,5.0,1021.0,77.0,,8.0,17.0,16.0,209.0,241.0,10.0,193.0,17.0,50.0,48.0,537.0,39.0,37.0,41.0,,2.0,81.0,6.0,46.0,0.0,2.0,6.0,,,,2.0,,1.0,1.0,1.0,,,,1.0,,,4.0,,2.0,,2.0,,,,3.0,1.0,0.0,,2.0,1.0,,,4.0,1.0,,2.0,3.0,,,,,,,,,,,,,,,,,,,,,,,,,
Eredivisie,2025-2026,Go Ahead Eagles,d8cxurdt9g5gezqlfwae7ooru,M. Meulensteen,Midfielder,21,119.0,60.0,59.0,33.0,204.0,21.0,451.0,6.0,291.0,128.0,163.0,344.0,495.0,9.0,33.0,47.0,42.0,5.0,172.0,68.0,104.0,53.0,13.0,489.0,2.0,1576.0,217.0,48.0,26.0,170.0,422.0,14.0,13.0,32.0,8.0,1.0,4.0,4.0,22.0,21.0,73.0,1356.0,723.0,669.0,1315.0,22.0,22.0,3.0,2742.0,28.0,3.0,105.0,14.0,41.0,314.0,1610.0,32.0,1388.0,44.0,49.0,222.0,2143.0,14.0,14.0,11.0,34.0,75.0,173.0,63.0,147.0,0.0,,8.0,8.0,,1.0,1.0,1.0,6.0,5.0,1.0,1.0,,,3.0,,,19.0,9.0,,,5.0,,3.0,,2.0,2.0,4.0,,,2.0,,1.0,1.0,4.0,,,2.0,,1.0,,,,,,,,,,,,,,,,,,,,,,,
Eredivisie,2025-2026,Go Ahead Eagles,2ekx0fvuf0dsat062oj430d05,G. Nauber,Defender,3,47.0,17.0,30.0,9.0,39.0,13.0,109.0,3.0,59.0,25.0,34.0,41.0,137.0,1.0,9.0,16.0,14.0,2.0,12.0,8.0,4.0,5.0,4.0,197.0,1.0,463.0,53.0,3.0,1.0,22.0,108.0,4.0,2.0,9.0,1.0,,,,,1.0,22.0,410.0,156.0,268.0,402.0,1.0,3.0,2.0,799.0,,2.0,51.0,7.0,,62.0,481.0,6.0,424.0,4.0,18.0,57.0,587.0,1.0,1.0,,14.0,34.0,42.0,16.0,23.0,0.0,,1.0,1.0,,5.0,,6.0,2.0,2.0,1.0,1.0,,,,,,4.0,4.0,,1.0,2.0,,2.0,,1.0,1.0,1.0,,,,,,,1.0,,,,,,1.0,,,1.0,,,,,,,,,,,,,,,,,,,
Eredivisie,2025-2026,Go Ahead Eagles,9vyizhfym4y8vc07xrvba7skq,O. Pettersson,Forward,14,1.0,1.0,,5.0,16.0,,5.0,3.0,7.0,7.0,,36.0,7.0,,5.0,2.0,2.0,,6.0,6.0,,2.0,2.0,6.0,1.0,30.0,2.0,1.0,1.0,4.0,1.0,3.0,2.0,1.0,2.0,4.0,1.0,1.0,,,,28.0,21.0,8.0,28.0,,,,157.0,2.0,,1.0,2.0,,12.0,30.0,4.0,28.0,,7.0,2.0,51.0,8.0,8.0,2.0,1.0,1.0,10.0,,1.0,0.0,1.0,,,,,1.0,,,,,,,,,,,2.0,,,,2.0,,,,,,,,,,1.0,,,,,,,,,,,,,,,,,,,,,,,,,,,,,,,
Eredivisie,2025-2026,Go Ahead Eagles,2f5hdor2uv8hfxnieyvivsesp,L. Plogmann,Goalkeeper,1,,,,,,,,,,,,,,,,,,,,,,,,,,,,,,,,,,,,,,,,,,,,,,,,,,,,,,,,,,,,,,,,,,,,,,,,,,,,,,,,,,,,,,,,,,,,,,,,,,,,,,,,,,,,,,,,,,,,,,,,,,,,,,,,,,,,,
Eredivisie,2025-2026,Go Ahead Eagles,a3qbyj57485msu70fggsk4kr8,P. Saathof,Defender,28,,,,,,,,,,,,,,,,,,,,,,,,,,,,,,,,,,,,,,,,,,,,,,,,,,,,,,,,,,,,,,,,,,,,,,,,,,,,,,,,,,,,,,,,,,,,,,,,,,,,,,,,,,,,,,,,,,,,,,,,,,,,,,,,,,,,,
Eredivisie,2025-2026,Go Ahead Eagles,badyafxn00m21tzbdff95o4k4,Y. Salah Rahmouni,Midfielder,34,24.0,16.0,8.0,20.0,61.0,5.0,88.0,,67.0,27.0,40.0,72.0,123.0,6.0,20.0,20.0,17.0,3.0,43.0,11.0,32.0,2.0,1.0,96.0,1.0,371.0,30.0,5.0,3.0,24.0,92.0,1.0,3.0,7.0,5.0,13.0,1.0,1.0,2.0,6.0,13.0,312.0,166.0,148.0,300.0,8.0,12.0,,777.0,1.0,1.0,23.0,8.0,10.0,72.0,372.0,3.0,313.0,20.0,1.0,59.0,475.0,4.0,4.0,1.0,10.0,18.0,45.0,18.0,41.0,0.0,,,1.0,,,,,,,,,,,2.0,,,,2.0,1.0,,,,,,2.0,,,,,,,,,,,,,,,,,,,,,,,,,,,,,,,,,,,,,
Eredivisie,2025-2026,Go Ahead Eagles,2teefpvijsbzag4yi7fm1pyol,A. Sampsted,Defender,2,28.0,17.0,11.0,11.0,70.0,4.0,54.0,2.0,78.0,34.0,44.0,96.0,132.0,3.0,11.0,9.0,9.0,,50.0,17.0,33.0,6.0,4.0,86.0,,295.0,31.0,12.0,4.0,30.0,12.0,6.0,,11.0,6.0,,3.0,3.0,1.0,1.0,13.0,233.0,87.0,154.0,225.0,12.0,16.0,76.0,807.0,4.0,,35.0,5.0,5.0,90.0,300.0,1.0,238.0,28.0,5.0,62.0,517.0,13.0,13.0,3.0,18.0,30.0,54.0,21.0,32.0,0.0,1.0,1.0,3.0,,,2.0,,,,,,,,1.0,1.0,,1.0,3.0,,5.0,,,,1.0,,,,,,,,,,,,,1.0,,,,,,,,,,,,,,,,,,,,,,,,,
Eredivisie,2025-2026,Go Ahead Eagles,3g0xd9rds9relghxanr1f5vc9,S. Sigurðarson,Forward,9,66.0,37.0,29.0,13.0,36.0,2.0,32.0,3.0,97.0,53.0,44.0,95.0,21.0,1.0,13.0,11.0,11.0,,31.0,16.0,15.0,2.0,4.0,37.0,4.0,122.0,14.0,15.0,8.0,13.0,34.0,4.0,5.0,7.0,7.0,6.0,,,2.0,15.0,3.0,72.0,51.0,27.0,75.0,,3.0,,592.0,13.0,,17.0,2.0,10.0,82.0,128.0,17.0,78.0,3.0,44.0,50.0,249.0,1.0,1.0,8.0,1.0,3.0,38.0,13.0,47.0,1.0,,7.0,,,,,,3.0,3.0,,2.0,,,1.0,,,12.0,,,,5.0,,3.0,,,3.0,0.0,,,3.0,,1.0,,,,,4.0,,,,,,,,,,,,,,,,,,,,,,,,,
Eredivisie,2025-2026,Go Ahead Eagles,16tmkyjtx7rr2rbb6ey9vasmi,O. Sivertsen,Forward,11,8.0,7.0,1.0,13.0,35.0,,48.0,2.0,38.0,21.0,17.0,86.0,26.0,2.0,13.0,8.0,8.0,,30.0,14.0,16.0,1.0,2.0,27.0,,96.0,35.0,10.0,4.0,15.0,8.0,3.0,2.0,2.0,2.0,11.0,9.0,9.0,6.0,2.0,3.0,84.0,64.0,29.0,81.0,1.0,3.0,,315.0,6.0,,5.0,4.0,6.0,46.0,96.0,6.0,84.0,4.0,13.0,12.0,183.0,20.0,20.0,2.0,2.0,2.0,25.0,7.0,10.0,0.0,,1.0,,,,1.0,,,,,,,,,1.0,1.0,4.0,,,1.0,1.0,,,1.0,,,,,,,,,,,,,,,,,,,,,,,,,,,,,,,,,,,,,,
Eredivisie,2025-2026,Go Ahead Eagles,891zjrm0zjc2e3ebjx11p2y38,J. Slory,Forward,19,19.0,16.0,3.0,19.0,56.0,2.0,150.0,13.0,114.0,68.0,46.0,213.0,38.0,7.0,19.0,10.0,8.0,2.0,95.0,52.0,43.0,7.0,11.0,58.0,1.0,176.0,93.0,19.0,7.0,47.0,26.0,12.0,3.0,9.0,9.0,10.0,11.0,10.0,15.0,2.0,3.0,138.0,108.0,43.0,137.0,3.0,8.0,2.0,837.0,39.0,2.0,6.0,9.0,17.0,137.0,178.0,5.0,140.0,11.0,43.0,38.0,392.0,31.0,30.0,19.0,6.0,8.0,63.0,6.0,30.0,0.0,1.0,7.0,,,,1.0,,,,1.0,,,1.0,2.0,,,2.0,,,1.0,,,,,1.0,,,,2.0,,,,2.0,,1.0,1.0,1.0,,,,,,,,,,,,,,,,,,,,,,,,,
Eredivisie,2025-2026,Go Ahead Eagles,c6ufljjgl050g9xn7e9ma7hg4,M. Smit,Forward,9,68.0,40.0,28.0,19.0,76.0,6.0,64.0,3.0,160.0,98.0,62.0,168.0,40.0,6.0,19.0,27.0,22.0,5.0,92.0,58.0,34.0,2.0,9.0,49.0,4.0,211.0,23.0,10.0,3.0,31.0,58.0,11.0,11.0,14.0,3.0,5.0,,,3.0,26.0,3.0,153.0,103.0,60.0,160.0,2.0,2.0,,1362.0,28.0,2.0,13.0,25.0,29.0,123.0,223.0,24.0,163.0,4.0,45.0,60.0,400.0,2.0,2.0,10.0,2.0,5.0,48.0,14.0,55.0,1.0,2.0,2.0,,,,2.0,,6.0,6.0,1.0,1.0,,,1.0,,,13.0,,2.0,,2.0,1.0,4.0,,5.0,0.0,6.0,,,6.0,,2.0,,3.0,,,5.0,,,,,,,,,,,,,,,,,,,,,,,,,
Eredivisie,2025-2026,Go Ahead Eagles,94b7i139jyk6hs6ioqlztg1jp,F. Stokkers,Forward,27,37.0,19.0,18.0,19.0,20.0,,24.0,8.0,51.0,29.0,22.0,64.0,17.0,1.0,19.0,4.0,3.0,1.0,14.0,10.0,4.0,1.0,5.0,14.0,1.0,76.0,7.0,6.0,4.0,15.0,27.0,5.0,4.0,,,19.0,1.0,1.0,1.0,8.0,1.0,45.0,32.0,16.0,46.0,,,,267.0,4.0,2.0,4.0,6.0,3.0,48.0,78.0,6.0,47.0,,27.0,31.0,135.0,2.0,2.0,1.0,,3.0,30.0,3.0,28.0,0.0,,7.0,,,,,,1.0,1.0,,,,,,,,2.0,,1.0,,1.0,,1.0,,1.0,0.0,1.0,,,,,1.0,,,,,1.0,,,,,,,,,,,,,,,,,,,,,,,,,
Eredivisie,2025-2026,Go Ahead Eagles,1tmihr54maqj0h7785cg9ez56,M. Suray,Midfielder,17,40.0,31.0,9.0,31.0,143.0,7.0,246.0,18.0,203.0,131.0,72.0,448.0,187.0,23.0,31.0,41.0,37.0,4.0,163.0,100.0,63.0,10.0,17.0,115.0,13.0,635.0,114.0,40.0,18.0,87.0,205.0,19.0,21.0,31.0,16.0,,7.0,6.0,17.0,18.0,15.0,497.0,358.0,161.0,497.0,4.0,23.0,9.0,2512.0,50.0,4.0,18.0,29.0,19.0,283.0,650.0,52.0,512.0,27.0,82.0,138.0,1041.0,44.0,41.0,16.0,7.0,24.0,151.0,31.0,114.0,2.0,,11.0,4.0,,,2.0,,12.0,12.0,1.0,2.0,,,2.0,,,31.0,,2.0,4.0,13.0,,9.0,,4.0,11.0,1.0,4.0,4.0,11.0,2.0,3.0,1.0,7.0,1.0,2.0,1.0,,,,,,,,,,,,,,,1.0,1.0,,,,,,,,,
Eredivisie,2025-2026,Go Ahead Eagles,a2psnkhu3h7m0ng8e7qdietey,S. Tengstedt,Midfielder,10,9.0,6.0,3.0,12.0,47.0,,86.0,4.0,62.0,36.0,26.0,148.0,34.0,2.0,12.0,12.0,12.0,,53.0,30.0,23.0,4.0,9.0,57.0,,150.0,33.0,15.0,6.0,23.0,14.0,9.0,6.0,8.0,7.0,4.0,3.0,,10.0,1.0,4.0,112.0,79.0,38.0,110.0,,4.0,1.0,620.0,22.0,,6.0,3.0,9.0,95.0,152.0,12.0,114.0,4.0,33.0,38.0,287.0,14.0,5.0,8.0,5.0,7.0,45.0,7.0,31.0,2.0,,6.0,,,,,,3.0,2.0,,,,,,,,6.0,,,1.0,1.0,,,,1.0,2.0,1.0,,12.0,3.0,,3.0,,,3.0,9.0,1.0,,1.0,,,,,,,,,,,,,,,,,,,,,,,
Eredivisie,2025-2026,Go Ahead Eagles,34301q9mjevlk69qcr5wwcrh0,D. Tijman,Forward,31,,,,,,,,,,,,,,,,,,,,,,,,,,,,,,,,,,,,,,,,,,,,,,,,,,,,,,,,,,,,,,,,,,,,,,,,,,,,,,,,,,,,,,,,,,,,,,,,,,,,,,,,,,,,,,,,,,,,,,,,,,,,,,,,,,,,,
Eredivisie,2025-2026,Go Ahead Eagles,5shfqpd5fj05qrp1jlzd08ftg,C. Twigt,Midfielder,6,11.0,6.0,5.0,12.0,47.0,5.0,60.0,1.0,48.0,26.0,22.0,57.0,86.0,4.0,12.0,9.0,9.0,,37.0,20.0,17.0,8.0,3.0,95.0,1.0,277.0,23.0,6.0,3.0,17.0,58.0,3.0,1.0,6.0,4.0,6.0,3.0,1.0,1.0,7.0,17.0,227.0,105.0,133.0,218.0,5.0,6.0,1.0,530.0,6.0,1.0,16.0,9.0,5.0,71.0,286.0,2.0,235.0,11.0,4.0,51.0,378.0,7.0,3.0,4.0,5.0,18.0,48.0,10.0,33.0,0.0,,,,,,,,,,,,,,,,,1.0,3.0,1.0,,,,,1.0,1.0,,,,5.0,,,,,,1.0,3.0,,,,,,,,,,,,,,,,,,1.0,,,,,,,,
Eredivisie,2025-2026,Go Ahead Eagles,5e9effl9dsd7jbe9nmcfqkges,N. Verdoni,Goalkeeper,33,,,,,,,,,,,,,,,,,,,,,,,,,,,,,,,,,,,,,,,,,,,,,,,,,,,,,,,,,,,,,,,,,,,,,,,,,,,,,,,,,,,,,,,,,,,,,,,,,,,,,,,,,,,,,,,,,,,,,,,,,,,,,,,,,,,,,
Eredivisie,2025-2026,Go Ahead Eagles,bhyyi1zzlmc1f7xo3wnh3etxw,E. Waayers,Defender,20,,,,3.0,6.0,1.0,5.0,,5.0,2.0,3.0,10.0,1.0,2.0,3.0,1.0,1.0,,5.0,2.0,3.0,1.0,1.0,9.0,,17.0,2.0,,,1.0,1.0,2.0,,,,3.0,,,,,,16.0,10.0,6.0,16.0,1.0,1.0,6.0,44.0,,1.0,3.0,2.0,1.0,1.0,17.0,1.0,16.0,2.0,1.0,1.0,33.0,,,,,,1.0,,1.0,0.0,1.0,,,,,1.0,,,,,,,,,,,1.0,,,,,,,,,,,,,,,,,,,,,,,,,,,,,,,,,,,,,,,,,,,,,
Eredivisie,2025-2026,Go Ahead Eagles,qjsic4vqv0awzdepn3pd6ivo,R. Weijenberg,Midfielder,15,2.0,1.0,1.0,2.0,7.0,,5.0,,7.0,4.0,3.0,14.0,3.0,,2.0,1.0,1.0,,5.0,3.0,2.0,,,2.0,,16.0,,2.0,2.0,2.0,4.0,,,,,2.0,,,1.0,1.0,,12.0,5.0,7.0,12.0,1.0,,5.0,46.0,2.0,,1.0,,,7.0,16.0,,12.0,1.0,2.0,4.0,33.0,1.0,1.0,1.0,1.0,1.0,2.0,3.0,3.0,0.0,,1.0,,,,,,,,,,,,,,,,,,,,,,,,,,,,,,,,,,,,,,,,,,,,,,,,,,,,,,,,,,,,
Eredivisie,2025-2026,Go Ahead Eagles,d4klz2gxqb1diw57z8c9ttixg,G. van Zwam,Defender,25,29.0,15.0,14.0,11.0,29.0,9.0,62.0,1.0,50.0,26.0,24.0,29.0,122.0,2.0,11.0,8.0,8.0,,21.0,11.0,10.0,5.0,2.0,108.0,,325.0,22.0,3.0,,11.0,73.0,2.0,1.0,6.0,2.0,5.0,1.0,1.0,,,20.0,271.0,89.0,190.0,258.0,2.0,4.0,10.0,617.0,1.0,1.0,39.0,8.0,4.0,68.0,332.0,2.0,278.0,6.0,10.0,54.0,433.0,1.0,1.0,,16.0,27.0,41.0,14.0,27.0,0.0,,3.0,,,2.0,,2.0,,,,,,1.0,1.0,,,1.0,4.0,,7.0,1.0,,,,,,,,,,,,,,,,,,,2.0,,,,,,,,,,,,,,,,,,,,,,
Eredivisie,2025-2026,Heracles Almelo,1xsy3m0bzicto5ogxsd026bmy,E. Ahlstrand,Midfielder,14,11.0,9.0,2.0,13.0,55.0,,78.0,9.0,71.0,45.0,26.0,178.0,57.0,4.0,13.0,22.0,20.0,2.0,60.0,36.0,24.0,7.0,10.0,69.0,1.0,203.0,42.0,16.0,4.0,31.0,23.0,11.0,5.0,7.0,4.0,6.0,8.0,7.0,4.0,3.0,6.0,152.0,123.0,38.0,147.0,4.0,13.0,7.0,733.0,17.0,,15.0,12.0,3.0,125.0,204.0,7.0,153.0,17.0,25.0,51.0,375.0,30.0,21.0,7.0,3.0,9.0,71.0,10.0,42.0,0.0,,1.0,,,,1.0,,,,,,,,4.0,,,2.0,4.0,,2.0,,,,,,,,,10.0,,,,,,1.0,8.0,2.0,,,,,,,,,,,,,,,,,,,,,,,,,
Eredivisie,2025-2026,Heracles Almelo,7d8qc47gy4mb9mo67e1ic448a,M. Benita,Defender,2,28.0,10.0,18.0,24.0,90.0,8.0,126.0,5.0,150.0,64.0,86.0,208.0,193.0,9.0,24.0,36.0,32.0,4.0,122.0,54.0,68.0,20.0,12.0,149.0,1.0,459.0,72.0,42.0,22.0,74.0,38.0,12.0,1.0,14.0,8.0,10.0,7.0,7.0,9.0,2.0,39.0,365.0,225.0,158.0,337.0,10.0,27.0,94.0,1363.0,22.0,1.0,52.0,16.0,22.0,198.0,470.0,5.0,376.0,37.0,9.0,94.0,895.0,26.0,26.0,13.0,19.0,35.0,99.0,21.0,59.0,0.0,,,,,,,,,,,,,1.0,3.0,,,4.0,12.0,,20.0,3.0,,,,6.0,,,,,,,,2.0,,,,,,,1.0,,,,,,,,,,,,,,,,,,,,,,
Eredivisie,2025-2026,Heracles Almelo,a7nh8z0jhxz60rbm2jn1m05jo,S. Blokhuis,Midfielder,39,,,,1.0,,,1.0,,,,,2.0,,,1.0,,,,,,,,1.0,2.0,,2.0,,,,,,1.0,,,,1.0,,,,,,2.0,2.0,,2.0,,,,6.0,,,,,,,2.0,,2.0,,1.0,,3.0,,,,,,,,,0.0,,,,,,,,,,,,,,,,,,,,,,,,,,,,,,,,,,,,,,,,,,,,,,,,,,,,,,,,,,,,,,
Eredivisie,2025-2026,Heracles Almelo,2fadtqb0v2zreactvdosbxy50,Y. Borges Sanches,Forward,21,4.0,4.0,,11.0,43.0,,71.0,2.0,57.0,33.0,24.0,93.0,13.0,,11.0,18.0,16.0,2.0,53.0,29.0,24.0,,1.0,15.0,,114.0,41.0,6.0,3.0,25.0,43.0,1.0,1.0,5.0,4.0,6.0,2.0,2.0,8.0,4.0,6.0,95.0,53.0,44.0,89.0,5.0,8.0,3.0,515.0,22.0,,5.0,2.0,3.0,71.0,114.0,5.0,95.0,13.0,14.0,19.0,233.0,7.0,7.0,13.0,,2.0,24.0,2.0,17.0,0.0,,1.0,,,,,,2.0,1.0,,,,,,,,4.0,,,,,,,,,1.0,1.0,,,2.0,1.0,1.0,2.0,1.0,,,2.0,,1.0,,,,,,,,,,,,,,,,,,,,,,,
Eredivisie,2025-2026,Heracles Almelo,d5wx8rvjfaw1arn69fdd64d90,R. Bozinovski,Midfielder,20,14.0,10.0,4.0,7.0,27.0,,34.0,,45.0,29.0,16.0,20.0,35.0,5.0,7.0,8.0,7.0,1.0,31.0,19.0,12.0,5.0,2.0,29.0,,120.0,8.0,2.0,1.0,13.0,31.0,2.0,,6.0,6.0,1.0,,,1.0,3.0,4.0,95.0,44.0,53.0,93.0,6.0,2.0,1.0,399.0,8.0,,9.0,9.0,3.0,41.0,122.0,,97.0,8.0,,25.0,174.0,2.0,2.0,6.0,4.0,9.0,23.0,4.0,16.0,0.0,,2.0,,,,,,,,,,,1.0,2.0,,,,2.0,1.0,,,,,,1.0,,,,,,,,,,,,,,,,,,,,,,,,,,,,,,,,,,,,,
Eredivisie,2025-2026,Heracles Almelo,brij3tiox17hyfm63ulhg5sr9,J. Bruijn,Midfielder,5,,,,,,,,,,,,,,,,,,,,,,,,,,,,,,,,,,,,,,,,,,,,,,,,,,,,,,,,,,,,,,,,,,,,,,,,,,,,,,,,,,,,,,,,,,,,,,,,,,,,,,,,,,,,,,,,,,,,,,,,,,,,,,,,,,,,,
Eredivisie,2025-2026,Heracles Almelo,f2snk84xy67ergwrwoblgt2ad,T. Bruns,Midfielder,10,28.0,18.0,10.0,26.0,104.0,2.0,114.0,7.0,137.0,77.0,60.0,153.0,134.0,19.0,26.0,39.0,36.0,3.0,109.0,59.0,50.0,8.0,8.0,85.0,4.0,405.0,63.0,33.0,14.0,47.0,101.0,8.0,10.0,11.0,10.0,15.0,6.0,3.0,3.0,13.0,31.0,301.0,173.0,152.0,288.0,17.0,15.0,15.0,1081.0,22.0,1.0,18.0,27.0,15.0,157.0,424.0,13.0,319.0,32.0,11.0,105.0,625.0,16.0,14.0,9.0,16.0,41.0,89.0,32.0,64.0,0.0,,4.0,,,,,,1.0,1.0,1.0,,,,3.0,,,3.0,5.0,1.0,1.0,,,,,3.0,1.0,0.0,1.0,4.0,1.0,,1.0,1.0,,3.0,1.0,3.0,,,,,,,,,,,,,,,,,,,,,,,,,
Eredivisie,2025-2026,Heracles Almelo,afdwdm1rkz1ir3c0tukfh3jhm,S. Čestić,Defender,6,13.0,7.0,6.0,7.0,16.0,5.0,43.0,1.0,32.0,17.0,15.0,14.0,52.0,2.0,7.0,10.0,9.0,1.0,19.0,10.0,9.0,4.0,1.0,48.0,,141.0,23.0,3.0,3.0,10.0,38.0,1.0,3.0,3.0,1.0,4.0,,,1.0,1.0,10.0,112.0,42.0,82.0,114.0,4.0,2.0,5.0,358.0,3.0,,21.0,3.0,2.0,36.0,154.0,5.0,124.0,6.0,4.0,30.0,216.0,,,1.0,7.0,20.0,20.0,10.0,10.0,0.0,,,,,10.0,,10.0,,,,,,,2.0,,,2.0,2.0,,,,,,,,,,,,,,,,,,,,,,,,,,,,,,,,,,,,,,,,,,,,
Eredivisie,2025-2026,Heracles Almelo,5bm516z74pbsyfemsathj3umt,M. Engels,Midfielder,8,12.0,9.0,3.0,23.0,72.0,1.0,101.0,11.0,99.0,68.0,31.0,189.0,50.0,5.0,23.0,28.0,23.0,5.0,87.0,59.0,28.0,2.0,10.0,19.0,7.0,170.0,69.0,12.0,5.0,29.0,38.0,12.0,4.0,10.0,7.0,13.0,4.0,4.0,8.0,11.0,5.0,136.0,90.0,59.0,140.0,4.0,3.0,7.0,923.0,36.0,6.0,,22.0,13.0,138.0,179.0,12.0,145.0,7.0,45.0,34.0,362.0,22.0,22.0,19.0,3.0,5.0,46.0,10.0,29.0,0.0,2.0,4.0,,,,2.0,,1.0,1.0,,,,,2.0,1.0,,8.0,1.0,,4.0,1.0,,1.0,1.0,2.0,0.0,1.0,,2.0,1.0,,,6.0,1.0,,,3.0,,,,,,,,,,,,,,,,,,,,,,,,,
Eredivisie,2025-2026,Heracles Almelo,90mmprle9n2xf8mo04rtg4u8k,T. Hamamioglu,Forward,41,,,,1.0,,,,,,,,1.0,1.0,,1.0,,,,,,,,,,,1.0,,,,,,,,,,1.0,,,,,,1.0,1.0,,1.0,,,,3.0,,,,,,,1.0,,1.0,,,,1.0,,,,,,,,,0.0,,,,,,,,,,,,,,,,,,,,,,,,,,,,,,,,,,,,,,,,,,,,,,,,,,,,,,,,,,,,,,
Eredivisie,2025-2026,Heracles Almelo,5i0e7e59vav8ynqzt7qrvitt6,J. Hornkamp,Forward,9,113.0,45.0,68.0,22.0,70.0,1.0,63.0,10.0,211.0,95.0,116.0,198.0,70.0,8.0,22.0,32.0,27.0,5.0,98.0,50.0,48.0,4.0,16.0,57.0,4.0,267.0,25.0,18.0,11.0,29.0,86.0,17.0,13.0,16.0,7.0,6.0,3.0,3.0,9.0,21.0,7.0,160.0,121.0,58.0,169.0,6.0,10.0,,1345.0,20.0,1.0,16.0,29.0,23.0,172.0,283.0,37.0,176.0,16.0,70.0,107.0,503.0,,,9.0,2.0,8.0,89.0,18.0,99.0,3.0,,6.0,,,,1.0,,10.0,10.0,2.0,,,,2.0,,,24.0,,1.0,1.0,10.0,,8.0,1.0,2.0,7.0,3.0,,,8.0,1.0,2.0,,8.0,,,4.0,,,,,,,,,,,,,,,1.0,1.0,1.0,,,,,,,,
Eredivisie,2025-2026,Heracles Almelo,2zwe056wfzof0v5jv01dv9uc5,A. Hrustić,Midfielder,70,24.0,17.0,7.0,27.0,231.0,7.0,296.0,19.0,197.0,105.0,92.0,576.0,334.0,13.0,27.0,60.0,52.0,8.0,173.0,88.0,85.0,8.0,49.0,267.0,1.0,875.0,130.0,41.0,9.0,103.0,163.0,55.0,14.0,25.0,4.0,2.0,52.0,13.0,20.0,19.0,49.0,692.0,495.0,354.0,748.0,15.0,18.0,4.0,2222.0,50.0,17.0,15.0,25.0,32.0,432.0,995.0,26.0,797.0,33.0,48.0,198.0,1499.0,130.0,37.0,34.0,15.0,54.0,295.0,33.0,144.0,0.0,6.0,10.0,2.0,,,6.0,,1.0,1.0,3.0,,,,7.0,,,12.0,7.0,4.0,1.0,2.0,,,,5.0,1.0,0.0,6.0,109.0,1.0,1.0,1.0,7.0,,29.0,68.0,,,,,,,,,,,,,,,,,,,,,,,,,,
Eredivisie,2025-2026,Heracles Almelo,2uw0batubkzwe3gcexxwa22cq,T. Jansink,Goalkeeper,16,3.0,,3.0,14.0,,,51.0,,5.0,,5.0,,351.0,,14.0,36.0,32.0,4.0,2.0,,2.0,,2.0,76.0,,351.0,10.0,,,126.0,62.0,2.0,,14.0,,,,,,,133.0,241.0,103.0,207.0,177.0,,,,1260.0,,1.0,8.0,,2.0,179.0,489.0,,310.0,,,179.0,621.0,,,,116.0,178.0,149.0,30.0,1.0,0.0,,,,,88.0,,74.0,,,,,,,4.0,,,,85.0,,,,11.0,,,,,,,,,,,,,,,,,,,13.0,4.0,34.0,5.0,3.0,51.0,32.0,19.0,,12.0,4.0,,,,,,,,1.0,1.0,,
Eredivisie,2025-2026,Heracles Almelo,4rnhroxk76cfmku6zc4x5mt5g,J. Kerkdijk,Defender,42,,,,,,,,,,,,,,,,,,,,,,,,,,,,,,,,,,,,,,,,,,,,,,,,,,,,,,,,,,,,,,,,,,,,,,,,,,,,,,,,,,,,,,,,,,,,,,,,,,,,,,,,,,,,,,,,,,,,,,,,,,,,,,,,,,,,,
Eredivisie,2025-2026,Heracles Almelo,9y5kirmp6gcrsy2s1pinhkqy2,L. Kulenović,Forward,19,186.0,67.0,119.0,29.0,88.0,2.0,72.0,11.0,289.0,138.0,151.0,271.0,127.0,10.0,29.0,46.0,42.0,4.0,103.0,71.0,32.0,4.0,13.0,90.0,6.0,374.0,37.0,18.0,8.0,44.0,79.0,16.0,26.0,16.0,3.0,13.0,,,5.0,32.0,4.0,218.0,172.0,56.0,224.0,2.0,8.0,2.0,1625.0,30.0,3.0,21.0,32.0,17.0,255.0,384.0,38.0,228.0,10.0,83.0,156.0,636.0,4.0,4.0,4.0,1.0,6.0,137.0,23.0,150.0,1.0,1.0,10.0,,,,3.0,,5.0,5.0,1.0,1.0,,,2.0,,,12.0,,3.0,,11.0,,3.0,1.0,1.0,2.0,3.0,,,2.0,5.0,,1.0,4.0,,,10.0,,,,,,,,,,,,,,,2.0,2.0,1.0,,,,,,,,
Eredivisie,2025-2026,Heracles Almelo,bzsoq42nf6sgdh9oe64n7rnfu,B. Limbombe,Forward,7,14.0,13.0,1.0,22.0,94.0,2.0,145.0,14.0,127.0,80.0,47.0,265.0,78.0,5.0,22.0,34.0,32.0,2.0,113.0,67.0,46.0,4.0,16.0,109.0,1.0,306.0,96.0,16.0,4.0,50.0,27.0,19.0,7.0,16.0,11.0,6.0,11.0,10.0,24.0,9.0,7.0,247.0,182.0,78.0,242.0,4.0,5.0,9.0,1309.0,38.0,5.0,14.0,20.0,13.0,185.0,308.0,14.0,249.0,9.0,36.0,59.0,575.0,47.0,47.0,18.0,3.0,5.0,89.0,17.0,54.0,0.0,2.0,5.0,1.0,,,3.0,,1.0,1.0,,,,,3.0,,,7.0,2.0,1.0,1.0,,,,,1.0,1.0,0.0,1.0,1.0,1.0,,,1.0,1.0,1.0,,2.0,,,,,,,,,,,,,,,,,,,,,,,,,
Eredivisie,2025-2026,Heracles Almelo,4ks7mvr9terrodhjx8pg9qtt6,R. Mantel,Goalkeeper,30,,,,,,,,,,,,,,,,,,,,,,,,,,,,,,,,,,,,,,,,,,,,,,,,,,,,,,,,,,,,,,,,,,,,,,,,,,,,,,,,,,,,,,,,,,,,,,,,,,,,,,,,,,,,,,,,,,,,,,,,,,,,,,,,,,,,,
Eredivisie,2025-2026,Heracles Almelo,6ok4k757utbtswx5618xffsru,I. Mesík,Defender,24,55.0,27.0,28.0,30.0,153.0,16.0,271.0,11.0,209.0,110.0,99.0,272.0,369.0,30.0,30.0,76.0,68.0,8.0,154.0,83.0,71.0,27.0,15.0,70.0,5.0,915.0,143.0,42.0,16.0,108.0,352.0,15.0,11.0,30.0,4.0,,8.0,7.0,9.0,2.0,57.0,717.0,287.0,465.0,687.0,17.0,27.0,134.0,2633.0,18.0,2.0,141.0,56.0,18.0,298.0,944.0,18.0,744.0,44.0,56.0,200.0,1523.0,35.0,35.0,10.0,45.0,74.0,183.0,52.0,126.0,0.0,,6.0,2.0,,10.0,,10.0,2.0,2.0,1.0,1.0,,1.0,7.0,,,7.0,17.0,1.0,24.0,2.0,1.0,2.0,,7.0,1.0,1.0,,1.0,1.0,,,1.0,1.0,1.0,,,1.0,,1.0,,,,,,,,,,,,,,,,,,,,,,
Eredivisie,2025-2026,Heracles Almelo,a61pxzvhm39gqhlq4piegr7dg,L. Milani,Defender,22,,,,,,,,,,,,,,,,,,,,,,,,,,,,,,,,,,,,,,,,,,,,,,,,,,,,,,,,,,,,,,,,,,,,,,,,,,,,,,,,,,,,,,,,,,,,,,,,,,,,,,,,,,,,,,,,,,,,,,,,,,,,,,,,,,,,,
Eredivisie,2025-2026,Heracles Almelo,e3akocgpppdty3ayxty1gf6xh,D. Mirani,Defender,4,151.0,66.0,85.0,32.0,118.0,34.0,254.0,1.0,240.0,101.0,139.0,88.0,544.0,10.0,32.0,77.0,69.0,8.0,89.0,35.0,54.0,27.0,5.0,415.0,2.0,1352.0,101.0,28.0,14.0,89.0,331.0,5.0,6.0,32.0,4.0,,1.0,1.0,8.0,3.0,82.0,1160.0,419.0,796.0,1132.0,14.0,20.0,9.0,2843.0,5.0,1.0,190.0,19.0,12.0,215.0,1408.0,11.0,1214.0,34.0,23.0,194.0,1831.0,,,1.0,71.0,103.0,136.0,58.0,91.0,0.0,,2.0,2.0,2.0,6.0,,6.0,3.0,3.0,3.0,2.0,,3.0,7.0,,,5.0,24.0,,,1.0,,2.0,,6.0,3.0,0.0,,,,1.0,1.0,,,,,,,,2.0,,,,,,,,,,,,,,,,,,,,,,
Eredivisie,2025-2026,Heracles Almelo,8oetnmi8kejwwy37rhlelw2ne,W. Ould-Chikh,Midfielder,73,12.0,7.0,5.0,23.0,65.0,4.0,203.0,8.0,172.0,69.0,103.0,269.0,160.0,14.0,23.0,37.0,33.0,4.0,160.0,62.0,98.0,15.0,19.0,83.0,1.0,419.0,111.0,30.0,17.0,57.0,122.0,23.0,9.0,16.0,10.0,7.0,15.0,13.0,18.0,11.0,35.0,291.0,211.0,104.0,265.0,12.0,26.0,6.0,1418.0,32.0,3.0,20.0,21.0,42.0,246.0,430.0,13.0,300.0,38.0,18.0,130.0,773.0,46.0,37.0,16.0,13.0,43.0,152.0,24.0,87.0,0.0,4.0,1.0,,,,4.0,,1.0,,,,,,6.0,,2.0,4.0,3.0,1.0,,,,,,3.0,0.0,1.0,,7.0,1.0,,1.0,3.0,,2.0,5.0,,,1.0,,,,,,,,,,,,,,,,,,,,,,,
Eredivisie,2025-2026,Heracles Almelo,7w5ivtmbqzi4hfte330r1a505,R. Pasveer,Goalkeeper,22,2.0,,2.0,15.0,,,106.0,,6.0,2.0,4.0,,438.0,,15.0,34.0,30.0,4.0,4.0,2.0,2.0,,1.0,79.0,,417.0,43.0,1.0,,135.0,60.0,1.0,,15.0,,,,,,,168.0,280.0,131.0,233.0,196.0,1.0,,,1350.0,,,10.0,,2.0,216.0,577.0,,364.0,1.0,,213.0,731.0,,,,120.0,208.0,177.0,36.0,5.0,0.0,,,1.0,,91.0,,70.0,,,,,1.0,,5.0,,,,80.0,,,,12.0,,,,,,,,,,,,,,,,,,,17.0,1.0,28.0,5.0,3.0,69.0,42.0,26.0,,12.0,2.0,,,,,,,,,,,
Eredivisie,2025-2026,Heracles Almelo,7ef73s1ryz38blmo3n9p9c82x,J. Reine-Adélaïde,Midfielder,11,1.0,1.0,,1.0,2.0,,7.0,,3.0,2.0,1.0,11.0,5.0,,1.0,3.0,3.0,,2.0,1.0,1.0,,2.0,1.0,,13.0,4.0,,,1.0,6.0,2.0,,,,1.0,,,,,2.0,11.0,10.0,2.0,10.0,,,,32.0,1.0,1.0,,,1.0,5.0,14.0,,12.0,,1.0,2.0,19.0,,,,,1.0,2.0,,1.0,0.0,,,,,,,,,,,,,,,,,,,1.0,,,,,,,,,,,,,,,,,,,,,,,,,,,,,,,,,,,,,,,,,,,
Eredivisie,2025-2026,Heracles Almelo,cb2tb8ymac8d9h7oowrvgwjdg,M. Roede,Midfielder,40,,,,,,,,,,,,,,,,,,,,,,,,,,,,,,,,,,,,,,,,,,,,,,,,,,,,,,,,,,,,,,,,,,,,,,,,,,,,,,,,,,,,,,,,,,,,,,,,,,,,,,,,,,,,,,,,,,,,,,,,,,,,,,,,,,,,,
Eredivisie,2025-2026,Heracles Almelo,dvpdkpcqgk084r0fowh089hw,G. Sambo,Midfielder,28,,,,,,,,,,,,,,,,,,,,,,,,,,,,,,,,,,,,,,,,,,,,,,,,,,,,,,,,,,,,,,,,,,,,,,,,,,,,,,,,,,,,,,,,,,,,,,,,,,,,,,,,,,,,,,,,,,,,,,,,,,,,,,,,,,,,,
Eredivisie,2025-2026,Heracles Almelo,dqey55v1t24jngquk81aii8lw,A. Satriano,Forward,31,1.0,1.0,,1.0,,,,,1.0,1.0,,1.0,,,1.0,1.0,1.0,,,,,,,,,,,,,,,,,,,1.0,,,,,,,,,,,,,5.0,,,,,,,,,,,,,1.0,,,,,,,,,0.0,,,,,,,,,,,,,,,,,,,,,,,,,,,,,,,,,,,,,,,,,,,,,,,,,,,,,,,,,,,,,,
Eredivisie,2025-2026,Heracles Almelo,80dk8iv6p0202z10qcqy8bfca,S. Scheperman,Midfielder,32,48.0,22.0,26.0,15.0,80.0,18.0,81.0,3.0,135.0,53.0,82.0,82.0,99.0,12.0,15.0,30.0,27.0,3.0,87.0,31.0,56.0,6.0,4.0,92.0,,353.0,37.0,21.0,14.0,36.0,99.0,5.0,6.0,12.0,3.0,3.0,2.0,2.0,2.0,9.0,13.0,300.0,133.0,186.0,304.0,15.0,26.0,2.0,1034.0,4.0,1.0,25.0,16.0,13.0,77.0,370.0,12.0,317.0,41.0,16.0,53.0,556.0,2.0,2.0,2.0,7.0,10.0,36.0,19.0,43.0,0.0,1.0,2.0,,1.0,,1.0,,1.0,1.0,1.0,,,,1.0,1.0,,6.0,2.0,,,1.0,1.0,1.0,1.0,2.0,1.0,0.0,,,,,1.0,,,,,,,,,,,,,,,,,,,,,,,,,,,,,,
Eredivisie,2025-2026,Heracles Almelo,9n4citdsm2211g4qfu0uq80es,J. Tijink,Defender,27,,,,1.0,,,,,,,,1.0,,,1.0,,,,,,,,1.0,1.0,,1.0,,,,,,1.0,,,,1.0,,,,,,1.0,,1.0,1.0,,,,6.0,,,,,,,1.0,,1.0,,1.0,,2.0,,,,,,,,,0.0,,,,,,,,,,,,,,,,,,,,,,,,,,,,,,,,,,,,,,,,,,,,,,,,,,,,,,,,,,,,,,
Eredivisie,2025-2026,Heracles Almelo,mlqit2c8my1ewqy6avrfhf8q,A. Van Hoorenbeeck,Defender,18,94.0,38.0,56.0,24.0,76.0,24.0,331.0,1.0,170.0,71.0,99.0,64.0,409.0,7.0,24.0,55.0,48.0,7.0,76.0,33.0,43.0,28.0,7.0,201.0,,1070.0,146.0,26.0,16.0,89.0,474.0,7.0,9.0,24.0,1.0,,3.0,3.0,5.0,1.0,59.0,911.0,316.0,684.0,938.0,7.0,17.0,4.0,2156.0,5.0,,154.0,19.0,14.0,185.0,1160.0,13.0,997.0,24.0,25.0,163.0,1504.0,3.0,3.0,4.0,60.0,83.0,111.0,55.0,80.0,1.0,,4.0,2.0,,55.0,,55.0,2.0,2.0,2.0,,,1.0,6.0,,,4.0,28.0,,1.0,2.0,,2.0,,5.0,2.0,0.0,,,,,,1.0,2.0,,,,,,1.0,,,,,,,,,,,,,,,,,,,,,,
Eredivisie,2025-2026,Heracles Almelo,69gzswoym4jqnrag1wdqfdkyy,J. Wieckhoff,Defender,3,9.0,5.0,4.0,19.0,70.0,,95.0,2.0,91.0,44.0,47.0,137.0,114.0,10.0,19.0,25.0,22.0,3.0,82.0,39.0,43.0,11.0,11.0,101.0,1.0,296.0,48.0,19.0,6.0,40.0,16.0,11.0,4.0,9.0,8.0,10.0,6.0,6.0,7.0,3.0,14.0,228.0,132.0,106.0,218.0,13.0,13.0,47.0,847.0,9.0,,26.0,20.0,10.0,112.0,301.0,4.0,232.0,26.0,9.0,69.0,502.0,18.0,18.0,6.0,11.0,19.0,64.0,23.0,50.0,0.0,,,,,,,,,,,,,,1.0,,,,4.0,,5.0,,,,,3.0,,,,,,,,2.0,,,,,,,,,,,,,,,,,,,,,,,,,,,,,
Eredivisie,2025-2026,Heracles Almelo,e7r1dh9t8xybboh4t08qse238,J. Wijnreder,Defender,38,,,,,,,,,,,,,,,,,,,,,,,,,,,,,,,,,,,,,,,,,,,,,,,,,,,,,,,,,,,,,,,,,,,,,,,,,,,,,,,,,,,,,,,,,,,,,,,,,,,,,,,,,,,,,,,,,,,,,,,,,,,,,,,,,,,,,
Eredivisie,2025-2026,Heracles Almelo,do5gstk4ks97daehnudehyjxm,J. Žambůrek,Midfielder,13,37.0,15.0,22.0,25.0,135.0,4.0,152.0,,178.0,89.0,89.0,132.0,162.0,17.0,25.0,43.0,37.0,6.0,141.0,74.0,67.0,28.0,12.0,152.0,,564.0,55.0,13.0,7.0,76.0,145.0,13.0,6.0,20.0,14.0,5.0,4.0,3.0,9.0,19.0,28.0,465.0,241.0,256.0,465.0,12.0,22.0,,1645.0,23.0,,43.0,33.0,24.0,159.0,594.0,7.0,493.0,34.0,9.0,101.0,863.0,16.0,5.0,14.0,11.0,24.0,83.0,34.0,77.0,0.0,,1.0,,,,1.0,,,,2.0,,,,3.0,,,1.0,6.0,1.0,,1.0,,,,5.0,,,1.0,8.0,,,,,,1.0,6.0,,,,,,,,,,,,,,,,,,,,,,,,,,
Eredivisie,2025-2026,Heracles Almelo,792zq4joba1qgt0lusvrjantg,L. Zeefuik,Forward,25,100.0,54.0,46.0,23.0,53.0,3.0,110.0,9.0,240.0,143.0,97.0,244.0,61.0,6.0,23.0,34.0,30.0,4.0,140.0,89.0,51.0,2.0,7.0,33.0,1.0,202.0,72.0,5.0,1.0,33.0,64.0,7.0,21.0,12.0,2.0,11.0,,,14.0,18.0,5.0,119.0,93.0,35.0,123.0,2.0,8.0,,1168.0,56.0,,11.0,37.0,28.0,215.0,211.0,31.0,128.0,10.0,74.0,83.0,497.0,5.0,5.0,16.0,2.0,4.0,77.0,11.0,79.0,0.0,,5.0,1.0,,,,,2.0,1.0,3.0,,,,4.0,,,10.0,1.0,2.0,,6.0,,1.0,,6.0,1.0,1.0,1.0,,2.0,2.0,,2.0,2.0,,,9.0,1.0,1.0,,,,,,,,,,,,,,,,,,,,,,,
Eredivisie,2025-2026,Heracles Almelo,3ha7hl40jgl0m0gcv4eilihhw,L. Zeevalkink,Goalkeeper,33,,,,,,,,,,,,,,,,,,,,,,,,,,,,,,,,,,,,,,,,,,,,,,,,,,,,,,,,,,,,,,,,,,,,,,,,,,,,,,,,,,,,,,,,,,,,,,,,,,,,,,,,,,,,,,,,,,,,,,,,,,,,,,,,,,,,,
Eredivisie,2025-2026,Heracles Almelo,c1krps0yssh477m8umrruiqjt,F. de Keijzer,Goalkeeper,1,,,,8.0,,,35.0,,,,,,249.0,,8.0,20.0,18.0,2.0,,,,,,40.0,,219.0,11.0,1.0,1.0,76.0,29.0,,,8.0,,,,,,,81.0,126.0,71.0,99.0,89.0,,,,720.0,,,10.0,,,151.0,318.0,,170.0,,,148.0,391.0,,,,102.0,145.0,124.0,24.0,3.0,0.0,,,1.0,,43.0,,50.0,,,,,,,,,,,50.0,,,,7.0,,,,,,,,,,,,,,,,,,,6.0,,24.0,,3.0,37.0,17.0,19.0,,5.0,,,,,,,,,,,,
Eredivisie,2025-2026,Heracles Almelo,ait187bpr8we72jvfxxt6ttjp,M. te Wierik,Defender,23,59.0,22.0,37.0,21.0,62.0,6.0,76.0,5.0,136.0,50.0,86.0,126.0,193.0,9.0,21.0,37.0,33.0,4.0,77.0,28.0,49.0,12.0,6.0,149.0,2.0,449.0,25.0,13.0,5.0,42.0,56.0,6.0,5.0,15.0,6.0,6.0,3.0,3.0,4.0,,19.0,359.0,160.0,213.0,351.0,6.0,21.0,62.0,1292.0,5.0,1.0,54.0,15.0,21.0,135.0,460.0,6.0,370.0,27.0,21.0,90.0,723.0,4.0,4.0,3.0,18.0,25.0,66.0,28.0,65.0,0.0,,1.0,,,,,,1.0,1.0,,1.0,,,6.0,,1.0,1.0,9.0,,32.0,,,1.0,,2.0,1.0,0.0,,,1.0,1.0,,,,,,,,,,,,,,,,,,,,,,,,,,,,,,,
Eredivisie,2025-2026,Heracles Almelo,96om2im2vd1621ajcexlyekno,T. van Gilst,Forward,17,33.0,19.0,14.0,27.0,57.0,3.0,89.0,5.0,98.0,58.0,40.0,148.0,60.0,3.0,27.0,31.0,28.0,3.0,65.0,39.0,26.0,9.0,9.0,50.0,,224.0,50.0,26.0,14.0,46.0,57.0,9.0,9.0,12.0,9.0,15.0,1.0,1.0,4.0,9.0,3.0,166.0,103.0,64.0,163.0,2.0,7.0,4.0,1168.0,29.0,2.0,17.0,8.0,13.0,116.0,224.0,15.0,166.0,9.0,37.0,58.0,397.0,9.0,9.0,14.0,5.0,7.0,48.0,19.0,51.0,0.0,,3.0,,1.0,,,,1.0,1.0,,,,,3.0,,,6.0,,1.0,,2.0,,1.0,,3.0,0.0,1.0,,,1.0,,,1.0,1.0,,,2.0,,,,,,,,,,,,,,,,,,,,,,,,,
Eredivisie,2025-2026,Heracles Almelo,7pz3qz589b7v3pkb9h0hv73l5,D. van Kaam,Midfielder,26,,,,,,,,,,,,,,,,,,,,,,,,,,,,,,,,,,,,,,,,,,,,,,,,,,,,,,,,,,,,,,,,,,,,,,,,,,,,,,,,,,,,,,,,,,,,,,,,,,,,,,,,,,,,,,,,,,,,,,,,,,,,,,,,,,,,,
Eredivisie,2025-2026,Heracles Almelo,g2e3oq7zuglwqsf7vqcs055g,D. van Oorschot,Forward,20,,,,,,,,,,,,,,,,,,,,,,,,,,,,,,,,,,,,,,,,,,,,,,,,,,,,,,,,,,,,,,,,,,,,,,,,,,,,,,,,,,,,,,,,,,,,,,,,,,,,,,,,,,,,,,,,,,,,,,,,,,,,,,,,,,,,,
Eredivisie,2025-2026,Heracles Almelo,6lyedmu2vuf7jig3jmhz9b4ve,D. van der Kust,Defender,5,30.0,18.0,12.0,20.0,99.0,8.0,126.0,8.0,110.0,59.0,51.0,147.0,108.0,10.0,20.0,31.0,28.0,3.0,80.0,41.0,39.0,13.0,3.0,26.0,1.0,346.0,58.0,29.0,17.0,52.0,118.0,5.0,2.0,12.0,5.0,8.0,3.0,3.0,1.0,3.0,20.0,275.0,120.0,163.0,260.0,13.0,19.0,65.0,1116.0,13.0,1.0,36.0,13.0,7.0,149.0,351.0,2.0,280.0,32.0,10.0,71.0,648.0,27.0,27.0,5.0,16.0,20.0,74.0,24.0,51.0,0.0,2.0,1.0,,,,2.0,,,,1.0,,,2.0,3.0,,,,4.0,,13.0,,,,,2.0,,,,1.0,,,,3.0,,,,,,,3.0,,,,,,,,,,,,,,,,,,,,,,
Eredivisie,2025-2026,Heracles Almelo,a185wef6iz1nun1wry40jcgoa,N. Ünüvar,Forward,9,7.0,3.0,4.0,18.0,49.0,1.0,125.0,6.0,107.0,57.0,50.0,174.0,68.0,13.0,18.0,21.0,18.0,3.0,100.0,54.0,46.0,3.0,12.0,26.0,2.0,218.0,65.0,14.0,8.0,59.0,76.0,12.0,4.0,9.0,8.0,9.0,7.0,7.0,15.0,3.0,8.0,176.0,141.0,42.0,168.0,10.0,11.0,5.0,838.0,32.0,2.0,3.0,16.0,10.0,111.0,219.0,9.0,176.0,21.0,25.0,43.0,394.0,15.0,12.0,15.0,1.0,10.0,51.0,7.0,33.0,0.0,,8.0,,,,1.0,,2.0,2.0,1.0,,,,3.0,,,5.0,,2.0,,4.0,,2.0,,3.0,0.0,2.0,,3.0,1.0,1.0,,1.0,2.0,,3.0,2.0,,,,,,,,,,,,,,,,,,,,,,,,,
Eredivisie,2025-2026,NAC Breda,a4qjllaut1bo0ng3x4xu5lq6t,A. Ayew,Forward,24,90.0,57.0,33.0,16.0,58.0,1.0,61.0,5.0,164.0,96.0,68.0,154.0,58.0,3.0,16.0,12.0,11.0,1.0,74.0,39.0,35.0,2.0,8.0,51.0,4.0,198.0,24.0,7.0,4.0,26.0,38.0,8.0,13.0,8.0,4.0,8.0,2.0,2.0,6.0,9.0,4.0,136.0,102.0,43.0,139.0,3.0,4.0,,859.0,29.0,1.0,16.0,5.0,22.0,119.0,205.0,20.0,143.0,7.0,39.0,62.0,378.0,5.0,5.0,9.0,,3.0,58.0,9.0,59.0,0.0,,4.0,3.0,,,,,1.0,1.0,,1.0,,,,,,7.0,,,,6.0,,1.0,,1.0,1.0,0.0,,,1.0,,,1.0,,,,5.0,,,,,,,,,,,,,,,,,,,,,,,,,
Eredivisie,2025-2026,NAC Breda,7qwmlcxsxlxmq01g7dkt7v14a,M. Balard,Midfielder,16,50.0,24.0,26.0,31.0,142.0,8.0,303.0,2.0,227.0,100.0,127.0,271.0,426.0,12.0,31.0,49.0,47.0,2.0,177.0,76.0,101.0,31.0,19.0,378.0,,1238.0,167.0,34.0,14.0,137.0,322.0,20.0,6.0,31.0,11.0,,,,10.0,23.0,43.0,1050.0,652.0,428.0,1037.0,35.0,21.0,3.0,2646.0,28.0,1.0,49.0,33.0,36.0,245.0,1268.0,7.0,1080.0,56.0,19.0,188.0,1620.0,3.0,3.0,10.0,14.0,38.0,128.0,63.0,150.0,0.0,,9.0,4.0,,,1.0,,,,3.0,,,,3.0,1.0,1.0,1.0,4.0,2.0,,,,,1.0,3.0,,,,,,,,2.0,,,,,,,,,,,,,,,,,,,,,,,,,,,,,
Eredivisie,2025-2026,NAC Breda,ajs5py826pvol60tokraxrpey,D. Bielica,Goalkeeper,99,13.0,,13.0,32.0,,,76.0,,22.0,2.0,20.0,,723.0,,32.0,52.0,49.0,3.0,9.0,2.0,7.0,,,152.0,,648.0,26.0,1.0,,265.0,126.0,,,32.0,,,,,2.0,,257.0,411.0,178.0,403.0,324.0,,,,2880.0,,,38.0,,7.0,424.0,1001.0,,581.0,,,420.0,1312.0,,,,255.0,413.0,329.0,91.0,7.0,0.0,,,6.0,,218.0,,188.0,,,,,,,3.0,,,,145.0,,,,26.0,,,3.0,,,,,,,,,,,,,,,,17.0,6.0,91.0,3.0,17.0,111.0,74.0,36.0,4.0,33.0,3.0,,,,,,,,,,,1.0
Eredivisie,2025-2026,NAC Breda,c3j7ddqg0yzporam6gieibgiy,C. Brym,Forward,7,63.0,41.0,22.0,23.0,110.0,1.0,212.0,15.0,245.0,139.0,106.0,387.0,99.0,11.0,23.0,31.0,30.0,1.0,182.0,98.0,84.0,11.0,19.0,108.0,4.0,389.0,118.0,41.0,13.0,63.0,88.0,23.0,19.0,17.0,12.0,6.0,11.0,11.0,31.0,16.0,12.0,287.0,210.0,104.0,291.0,9.0,5.0,9.0,1470.0,64.0,5.0,7.0,21.0,39.0,253.0,405.0,32.0,303.0,14.0,64.0,102.0,775.0,33.0,33.0,31.0,6.0,8.0,113.0,22.0,94.0,0.0,3.0,11.0,1.0,,,4.0,,2.0,2.0,1.0,,,,1.0,,,13.0,1.0,1.0,2.0,7.0,,2.0,,4.0,1.0,1.0,,,2.0,1.0,,5.0,2.0,,,2.0,,,,,,,,,,,,,,,1.0,,,,,,1.0,,,,
Eredivisie,2025-2026,NAC Breda,64oi87vu8r3cxx2fvtr442gwk,J. Candelaria,Defender,21,4.0,2.0,2.0,7.0,5.0,,7.0,1.0,12.0,7.0,5.0,29.0,16.0,,7.0,4.0,4.0,,8.0,5.0,3.0,2.0,1.0,7.0,,38.0,4.0,4.0,3.0,2.0,10.0,1.0,,1.0,1.0,6.0,1.0,1.0,,,3.0,25.0,17.0,9.0,22.0,1.0,1.0,6.0,119.0,2.0,,6.0,1.0,1.0,28.0,38.0,1.0,25.0,2.0,2.0,13.0,82.0,4.0,4.0,2.0,4.0,4.0,13.0,4.0,9.0,0.0,,,,,,,,,,,,,,,,,1.0,1.0,,8.0,1.0,,,,,,,,,,,,,,,,,,,,,,,,,,,,,,,,,,,,,,,,,
Eredivisie,2025-2026,NAC Breda,9ul2q3p1ewkdszrxyqikr1wk4,C. Chiza,Defender,29,,,,,,,,,,,,,,,,,,,,,,,,,,,,,,,,,,,,,,,,,,,,,,,,,,,,,,,,,,,,,,,,,,,,,,,,,,,,,,,,,,,,,,,,,,,,,,,,,,,,,,,,,,,,,,,,,,,,,,,,,,,,,,,,,,,,,
Eredivisie,2025-2026,NAC Breda,9lf3xdnyyvp9oszko2svaisd0,J. Erat,Defender,27,,,,,,,,,,,,,,,,,,,,,,,,,,,,,,,,,,,,,,,,,,,,,,,,,,,,,,,,,,,,,,,,,,,,,,,,,,,,,,,,,,,,,,,,,,,,,,,,,,,,,,,,,,,,,,,,,,,,,,,,,,,,,,,,,,,,,
Eredivisie,2025-2026,NAC Breda,6feheukom1kdo8w1hwrztpvro,B. Ghalidi,Forward,55,1.0,1.0,,9.0,25.0,,67.0,6.0,31.0,10.0,21.0,103.0,20.0,,9.0,5.0,5.0,,30.0,9.0,21.0,1.0,3.0,25.0,,111.0,36.0,3.0,1.0,13.0,42.0,3.0,3.0,,,9.0,5.0,4.0,8.0,1.0,2.0,95.0,83.0,18.0,94.0,1.0,,1.0,200.0,6.0,,2.0,1.0,12.0,47.0,112.0,3.0,96.0,1.0,10.0,16.0,181.0,21.0,18.0,,,1.0,33.0,4.0,15.0,0.0,,2.0,,,,,,,,,,,,,,,,,,,,,,,1.0,,,,5.0,,,,,,1.0,3.0,,,,,,,,,,,,,,,,,,,,,,,,,,
Eredivisie,2025-2026,NAC Breda,3pel8n15z1q9aeo057v7hxl3o,T. Goos,Goalkeeper,44,,,,,,,,,,,,,,,,,,,,,,,,,,,,,,,,,,,,,,,,,,,,,,,,,,,,,,,,,,,,,,,,,,,,,,,,,,,,,,,,,,,,,,,,,,,,,,,,,,,,,,,,,,,,,,,,,,,,,,,,,,,,,,,,,,,,,
Eredivisie,2025-2026,NAC Breda,64x38pccgfsuz4ywoveh2ksbu,L. Greiml,Defender,12,94.0,31.0,63.0,14.0,53.0,16.0,112.0,1.0,169.0,60.0,109.0,43.0,226.0,5.0,14.0,24.0,22.0,2.0,75.0,29.0,46.0,11.0,5.0,225.0,,624.0,53.0,14.0,12.0,39.0,137.0,5.0,2.0,14.0,4.0,,,,3.0,,35.0,534.0,199.0,352.0,516.0,10.0,20.0,,1135.0,1.0,1.0,96.0,24.0,14.0,97.0,641.0,8.0,551.0,30.0,27.0,90.0,862.0,1.0,1.0,1.0,23.0,35.0,69.0,22.0,55.0,0.0,,2.0,,,,,,1.0,1.0,2.0,1.0,,,1.0,,,6.0,11.0,,,,,1.0,1.0,2.0,0.0,1.0,,,,,,,,,,,,,,,,,,,,,,,,,,,1.0,,,,,,,,
Eredivisie,2025-2026,NAC Breda,969cpy2geokwer9gjapk7zj3e,R. Hillen,Defender,22,101.0,38.0,63.0,25.0,95.0,16.0,310.0,1.0,218.0,84.0,134.0,101.0,401.0,13.0,25.0,32.0,31.0,1.0,117.0,46.0,71.0,25.0,4.0,190.0,,1039.0,153.0,34.0,20.0,112.0,412.0,5.0,11.0,23.0,5.0,2.0,2.0,2.0,7.0,1.0,59.0,883.0,360.0,582.0,881.0,17.0,30.0,4.0,1915.0,13.0,,121.0,26.0,17.0,200.0,1098.0,17.0,940.0,47.0,36.0,158.0,1467.0,4.0,4.0,7.0,31.0,60.0,101.0,61.0,98.0,0.0,,1.0,3.0,,32.0,1.0,32.0,,,1.0,,,1.0,3.0,,,6.0,17.0,,,1.0,1.0,,1.0,8.0,,,,,,,,,,,,,,,1.0,,,,,,,,,,,,,,1.0,,,,,,,,
Eredivisie,2025-2026,NAC Breda,3c2wqlde0kovi9hii52egaimt,L. Holtby,Midfielder,90,47.0,30.0,17.0,29.0,144.0,4.0,122.0,15.0,184.0,97.0,87.0,365.0,253.0,9.0,29.0,30.0,28.0,2.0,137.0,67.0,70.0,8.0,34.0,190.0,2.0,688.0,54.0,44.0,28.0,71.0,166.0,39.0,16.0,25.0,20.0,4.0,27.0,4.0,7.0,23.0,31.0,534.0,380.0,241.0,563.0,16.0,30.0,5.0,1918.0,25.0,5.0,38.0,19.0,17.0,262.0,753.0,21.0,594.0,46.0,49.0,159.0,1121.0,49.0,18.0,9.0,25.0,39.0,171.0,37.0,120.0,0.0,3.0,9.0,2.0,,,5.0,,1.0,1.0,1.0,,,,2.0,,1.0,5.0,5.0,1.0,1.0,3.0,,1.0,1.0,2.0,1.0,0.0,,47.0,1.0,,1.0,,,20.0,20.0,3.0,,,,,,,,,,,,,,,,,1.0,,,,,,,,
Eredivisie,2025-2026,NAC Breda,8z4wdv767cv7ddqgrkz5txsrt,B. Kemper,Defender,4,121.0,53.0,68.0,32.0,191.0,13.0,279.0,23.0,302.0,137.0,165.0,611.0,559.0,10.0,32.0,53.0,50.0,3.0,181.0,84.0,97.0,23.0,34.0,42.0,2.0,1107.0,182.0,65.0,26.0,135.0,342.0,37.0,15.0,32.0,3.0,,22.0,22.0,10.0,1.0,75.0,787.0,538.0,297.0,738.0,21.0,29.0,255.0,2821.0,29.0,7.0,89.0,38.0,40.0,582.0,1134.0,28.0,813.0,50.0,73.0,321.0,2009.0,93.0,93.0,13.0,56.0,96.0,329.0,85.0,225.0,1.0,2.0,2.0,4.0,2.0,1.0,3.0,1.0,5.0,5.0,1.0,1.0,,,3.0,,,13.0,15.0,3.0,86.0,3.0,1.0,3.0,,3.0,4.0,1.0,,,1.0,,4.0,,,,,2.0,2.0,,,,,,,,,,,,,,1.0,1.0,,,,,,,,,
Eredivisie,2025-2026,NAC Breda,b486fhu2s7pyi92yk1iczglp1,T. Kongolo,Defender,5,11.0,3.0,8.0,5.0,5.0,,17.0,,23.0,6.0,17.0,3.0,30.0,,5.0,6.0,5.0,1.0,12.0,3.0,9.0,1.0,,5.0,,58.0,7.0,2.0,1.0,12.0,18.0,,,1.0,,4.0,,,1.0,,1.0,42.0,8.0,34.0,41.0,2.0,3.0,,182.0,1.0,,11.0,1.0,3.0,18.0,58.0,,42.0,5.0,1.0,16.0,89.0,,,,4.0,6.0,10.0,6.0,10.0,0.0,,,,,,,,,,,,1.0,,,,,,,,,,,,,,,,,,,,,,,,,,,,,,,,,,,,,,,,,,,,,,,,,,
Eredivisie,2025-2026,NAC Breda,8jml2tgzk1am30cy4gkgx0wd1,R. Kortsmit,Goalkeeper,1,,,,,,,,,,,,,,,,,,,,,,,,,,,,,,,,,,,,,,,,,,,,,,,,,,,,,,,,,,,,,,,,,,,,,,,,,,,,,,,,,,,,,,,,,,,,,,,,,,,,,,,,,,,,,,,,,,,,,,,,,,,,,,,,,,,,,
Eredivisie,2025-2026,NAC Breda,etvamcwttnlg4sfxfulgzm7yt,K. Lamprou,Goalkeeper,31,,,,1.0,,,9.0,,1.0,1.0,,,36.0,,1.0,3.0,3.0,,1.0,1.0,,,,4.0,,27.0,1.0,,,9.0,4.0,,,1.0,,,,,,,19.0,16.0,15.0,12.0,8.0,,,,90.0,,,,,,18.0,44.0,,27.0,,,17.0,50.0,,,,10.0,17.0,15.0,2.0,,0.0,,,,,9.0,,10.0,,,,,,,,,,,4.0,,,,,,,,,,,,,,,,,,,,,,,,,4.0,,,2.0,2.0,,,1.0,,,,,,,,,,,,
Eredivisie,2025-2026,NAC Breda,a3m4r77behilkcznll07b7d1x,C. Leemans,Midfielder,8,47.0,24.0,23.0,30.0,114.0,4.0,213.0,13.0,108.0,59.0,49.0,295.0,306.0,8.0,30.0,24.0,23.0,1.0,61.0,35.0,26.0,19.0,33.0,173.0,1.0,840.0,103.0,21.0,8.0,76.0,307.0,33.0,9.0,14.0,6.0,16.0,28.0,1.0,1.0,14.0,60.0,683.0,398.0,362.0,672.0,8.0,12.0,2.0,1290.0,10.0,1.0,44.0,12.0,5.0,284.0,900.0,16.0,732.0,20.0,17.0,168.0,1195.0,84.0,16.0,6.0,36.0,70.0,215.0,37.0,98.0,1.0,,4.0,2.0,,12.0,,12.0,1.0,1.0,,,,,1.0,,,7.0,8.0,,1.0,1.0,,1.0,,4.0,0.0,1.0,6.0,85.0,,1.0,1.0,,,24.0,55.0,1.0,,,,,,,,,,,,,,,1.0,1.0,,,,,,,,,
Eredivisie,2025-2026,NAC Breda,bdb33nwcpd2jufn9ggtl7gvzd,B. Lucassen,Defender,2,33.0,17.0,16.0,20.0,69.0,6.0,47.0,2.0,95.0,44.0,51.0,150.0,125.0,2.0,20.0,26.0,23.0,3.0,62.0,27.0,35.0,9.0,10.0,72.0,1.0,281.0,17.0,21.0,10.0,37.0,20.0,10.0,2.0,13.0,12.0,7.0,9.0,4.0,3.0,1.0,10.0,211.0,120.0,104.0,205.0,5.0,14.0,52.0,1108.0,8.0,1.0,44.0,9.0,13.0,131.0,286.0,4.0,215.0,19.0,18.0,71.0,541.0,21.0,14.0,4.0,13.0,26.0,64.0,28.0,45.0,0.0,,1.0,,,,,,1.0,1.0,,1.0,,,2.0,,,2.0,2.0,,14.0,,,1.0,,1.0,1.0,0.0,1.0,8.0,1.0,,,1.0,,4.0,4.0,,,,,,,,,,,,,,,,,,,,,,,,,,
Eredivisie,2025-2026,NAC Breda,2wkew38juoofry6oo3t1vcwyd,E. Mahmutović,Defender,15,53.0,20.0,33.0,14.0,24.0,7.0,38.0,1.0,83.0,35.0,48.0,24.0,105.0,4.0,14.0,12.0,11.0,1.0,30.0,15.0,15.0,7.0,3.0,69.0,,248.0,15.0,5.0,2.0,31.0,60.0,3.0,6.0,6.0,1.0,8.0,,,,,11.0,198.0,54.0,152.0,195.0,1.0,6.0,1.0,678.0,3.0,,58.0,11.0,9.0,60.0,258.0,7.0,206.0,7.0,16.0,52.0,392.0,,,1.0,12.0,21.0,32.0,20.0,31.0,0.0,,2.0,1.0,,,,,,,,,,,1.0,,,1.0,3.0,1.0,,,,,,2.0,,,,,,,,,,,,,,,1.0,,,,,,,,,,,,,,,,,,,,,,
Eredivisie,2025-2026,NAC Breda,6s56vlhefx7jyij1d39vna0wk,L. Mol,Defender,28,,,,,,,,,,,,,,,,,,,,,,,,,,,,,,,,,,,,,,,,,,,,,,,,,,,,,,,,,,,,,,,,,,,,,,,,,,,,,,,,,,,,,,,,,,,,,,,,,,,,,,,,,,,,,,,,,,,,,,,,,,,,,,,,,,,,,
Eredivisie,2025-2026,NAC Breda,d785q9rpqlyuyswv8f9fx4cno,M. Nassoh,Midfielder,10,25.0,18.0,7.0,28.0,152.0,1.0,319.0,17.0,211.0,112.0,99.0,407.0,248.0,3.0,28.0,36.0,34.0,2.0,186.0,94.0,92.0,10.0,36.0,164.0,3.0,730.0,178.0,36.0,16.0,105.0,198.0,37.0,14.0,20.0,12.0,8.0,18.0,10.0,32.0,30.0,34.0,578.0,430.0,194.0,572.0,13.0,22.0,9.0,1827.0,56.0,3.0,13.0,18.0,25.0,301.0,762.0,29.0,606.0,35.0,59.0,156.0,1158.0,48.0,35.0,20.0,10.0,27.0,166.0,38.0,129.0,0.0,1.0,14.0,,,,1.0,,5.0,4.0,,1.0,,,3.0,,,15.0,,3.0,1.0,3.0,,3.0,1.0,4.0,1.0,4.0,,13.0,3.0,1.0,,1.0,4.0,4.0,8.0,2.0,,1.0,,,,,,,,,,,,,,,1.0,,,,,,,,
Eredivisie,2025-2026,NAC Breda,bgzvhtk50gvmq6noheadmc34l,D. Odoi,Defender,3,83.0,45.0,38.0,19.0,102.0,12.0,159.0,6.0,177.0,90.0,87.0,203.0,264.0,10.0,19.0,26.0,26.0,,94.0,45.0,49.0,16.0,9.0,225.0,2.0,659.0,95.0,25.0,13.0,64.0,101.0,9.0,8.0,17.0,4.0,2.0,4.0,4.0,3.0,1.0,29.0,551.0,288.0,295.0,550.0,8.0,22.0,85.0,1512.0,10.0,3.0,73.0,26.0,16.0,177.0,692.0,8.0,579.0,30.0,32.0,113.0,1059.0,16.0,16.0,5.0,26.0,41.0,110.0,19.0,72.0,0.0,,2.0,2.0,,,,,,,,,,1.0,1.0,,,,7.0,,13.0,,,,,3.0,,,,,,,,,,,,,,,,,,,,,,,,,,,,,,,,,,,,,
Eredivisie,2025-2026,NAC Breda,200chcevwu3znwew6xjyaof6d,F. Oldrup Jensen,Midfielder,20,40.0,21.0,19.0,10.0,36.0,1.0,146.0,1.0,66.0,31.0,35.0,41.0,171.0,3.0,10.0,13.0,12.0,1.0,26.0,10.0,16.0,11.0,2.0,155.0,1.0,442.0,61.0,3.0,,37.0,97.0,2.0,2.0,8.0,4.0,2.0,,,1.0,2.0,19.0,384.0,151.0,249.0,381.0,,8.0,,665.0,1.0,,22.0,6.0,7.0,64.0,459.0,6.0,400.0,8.0,12.0,59.0,530.0,,,,6.0,24.0,45.0,14.0,35.0,0.0,,1.0,1.0,,3.0,,3.0,,,,,,,,,,4.0,1.0,,,,,,1.0,,,,,,,,,,,,,1.0,,,1.0,,,,,,,,,,,,,,1.0,,,,,,,,
Eredivisie,2025-2026,NAC Breda,7bqajkmno3ox004kdbusxv9ey,R. Paula,Midfielder,11,22.0,16.0,6.0,21.0,62.0,,135.0,13.0,111.0,64.0,47.0,196.0,74.0,5.0,21.0,13.0,13.0,,89.0,48.0,41.0,2.0,13.0,39.0,,258.0,63.0,19.0,3.0,21.0,91.0,15.0,7.0,7.0,5.0,14.0,5.0,4.0,12.0,10.0,11.0,203.0,145.0,71.0,200.0,2.0,6.0,2.0,705.0,29.0,2.0,3.0,10.0,21.0,128.0,266.0,13.0,211.0,8.0,23.0,55.0,436.0,23.0,20.0,13.0,2.0,4.0,67.0,11.0,51.0,0.0,2.0,10.0,1.0,,,2.0,,2.0,2.0,,,,,,,,6.0,,3.0,,1.0,,,,2.0,1.0,1.0,2.0,5.0,,,1.0,2.0,1.0,1.0,3.0,1.0,,,,,,,,,,,,,,,,,,,,,,,,,
Eredivisie,2025-2026,NAC Breda,6jabylbbn78fxakfp2t2h3huc,P. Reulen,Forward,26,15.0,11.0,4.0,15.0,12.0,,17.0,,35.0,24.0,11.0,37.0,10.0,4.0,15.0,4.0,4.0,,20.0,13.0,7.0,,3.0,6.0,2.0,41.0,8.0,7.0,5.0,5.0,14.0,3.0,3.0,1.0,1.0,14.0,,,2.0,5.0,,25.0,17.0,9.0,26.0,2.0,3.0,1.0,249.0,5.0,,3.0,6.0,,31.0,42.0,5.0,26.0,5.0,7.0,16.0,83.0,1.0,1.0,,,3.0,15.0,2.0,13.0,1.0,,,,,,,,1.0,1.0,,,,,,,,2.0,,,,,,,,1.0,1.0,0.0,,,1.0,,,,1.0,,,1.0,,,,,,,,,,,,,,,,,,,,,,,,,
Eredivisie,2025-2026,NAC Breda,2bfbi3t4aufb47wwt56ilzoyc,A. Salama,Forward,19,7.0,4.0,3.0,8.0,26.0,,57.0,5.0,34.0,23.0,11.0,99.0,24.0,2.0,8.0,6.0,6.0,,27.0,19.0,8.0,,6.0,25.0,,93.0,30.0,6.0,2.0,11.0,22.0,7.0,2.0,4.0,4.0,4.0,1.0,1.0,6.0,8.0,3.0,68.0,55.0,18.0,69.0,2.0,,3.0,329.0,16.0,1.0,1.0,2.0,,59.0,97.0,4.0,72.0,2.0,20.0,25.0,157.0,4.0,4.0,6.0,,,27.0,2.0,25.0,0.0,,3.0,,,,1.0,,,,,,,,,,,2.0,,,,,,,,,,,,,,,,,,,,,,,,,,,,,,,,,,,,,,,,,,,,,
Eredivisie,2025-2026,NAC Breda,4ported2opjp4xbp87bpqb6z8,M. Soumano,Forward,9,61.0,28.0,33.0,15.0,57.0,,65.0,7.0,122.0,70.0,52.0,167.0,26.0,6.0,15.0,13.0,13.0,,61.0,42.0,19.0,2.0,9.0,19.0,6.0,163.0,34.0,9.0,3.0,21.0,65.0,9.0,16.0,8.0,6.0,7.0,,,7.0,18.0,2.0,122.0,96.0,30.0,124.0,,4.0,1.0,703.0,31.0,,5.0,9.0,10.0,103.0,167.0,27.0,126.0,4.0,48.0,41.0,328.0,3.0,3.0,13.0,,,37.0,7.0,41.0,0.0,,10.0,,,,,,3.0,1.0,,1.0,,,,,,11.0,,1.0,,5.0,,,,,3.0,0.0,,,2.0,1.0,,2.0,2.0,,,6.0,,2.0,,,,,,,,,,,,,,,,,,,,,,,
Eredivisie,2025-2026,NAC Breda,4f8xb5sbyksacxmifi375h7qi,K. Sowah,Midfielder,14,47.0,34.0,13.0,32.0,229.0,4.0,285.0,22.0,249.0,139.0,110.0,473.0,337.0,16.0,32.0,49.0,46.0,3.0,202.0,105.0,97.0,30.0,25.0,237.0,8.0,1062.0,109.0,88.0,39.0,146.0,264.0,26.0,16.0,31.0,10.0,1.0,10.0,10.0,18.0,19.0,35.0,851.0,530.0,336.0,821.0,32.0,27.0,4.0,2733.0,52.0,3.0,38.0,35.0,21.0,374.0,1067.0,24.0,856.0,59.0,47.0,211.0,1559.0,45.0,45.0,24.0,25.0,42.0,194.0,62.0,169.0,0.0,1.0,11.0,5.0,,,1.0,,1.0,1.0,3.0,,,,3.0,,,8.0,12.0,3.0,,3.0,,1.0,,3.0,1.0,0.0,,,,1.0,1.0,2.0,,,,2.0,,,,,,,,,,,,,,,,,,,,,,,,,
Eredivisie,2025-2026,NAC Breda,4nkd85hpwiiqtieuslhcrc2ga,C. Staring,Midfielder,6,3.0,1.0,2.0,2.0,2.0,1.0,1.0,,4.0,2.0,2.0,,4.0,,2.0,1.0,1.0,,1.0,1.0,,,,2.0,,9.0,1.0,,,,1.0,,,,,2.0,,,,,,4.0,1.0,3.0,4.0,,,,34.0,,,4.0,,,5.0,9.0,,4.0,,,5.0,14.0,,,,2.0,3.0,4.0,1.0,2.0,0.0,,,,,,,,,,,,,,,,,,,,,,,,,,,,,,,,,,,,,,,,,,,,,,,,,,,,,,,,,,,,,,
Eredivisie,2025-2026,NAC Breda,8nnxi9lw3hso096kk81h0azh0,J. Talvitie,Forward,32,21.0,13.0,8.0,26.0,113.0,1.0,252.0,15.0,191.0,120.0,71.0,382.0,104.0,7.0,26.0,24.0,22.0,2.0,170.0,107.0,63.0,8.0,21.0,146.0,,389.0,144.0,29.0,9.0,63.0,30.0,23.0,11.0,15.0,12.0,11.0,25.0,12.0,18.0,5.0,7.0,305.0,235.0,97.0,300.0,10.0,13.0,9.0,1360.0,78.0,6.0,17.0,15.0,22.0,261.0,393.0,21.0,307.0,23.0,53.0,86.0,770.0,61.0,42.0,53.0,2.0,3.0,123.0,24.0,83.0,2.0,2.0,7.0,,,,2.0,,2.0,1.0,1.0,,,1.0,2.0,,,10.0,1.0,2.0,,1.0,,,,,2.0,0.0,2.0,26.0,2.0,1.0,2.0,4.0,,10.0,16.0,2.0,,1.0,,,,,,,,,,,,,,,,,,,,,,,
Eredivisie,2025-2026,NAC Breda,37c696bwovmn1x8lc8z4wp53o,C. Valerius,Defender,25,38.0,22.0,16.0,27.0,105.0,8.0,188.0,10.0,185.0,89.0,96.0,286.0,231.0,6.0,27.0,28.0,26.0,2.0,147.0,67.0,80.0,22.0,14.0,219.0,,604.0,99.0,38.0,16.0,84.0,68.0,14.0,10.0,19.0,8.0,8.0,16.0,16.0,15.0,,29.0,475.0,294.0,215.0,464.0,17.0,22.0,93.0,1743.0,35.0,1.0,62.0,17.0,26.0,253.0,623.0,12.0,493.0,39.0,19.0,130.0,1113.0,26.0,26.0,20.0,22.0,47.0,104.0,52.0,83.0,0.0,,5.0,3.0,1.0,,,,,,1.0,,,,2.0,,,2.0,8.0,,27.0,1.0,,,,5.0,,,,,,1.0,,2.0,,,,,,,2.0,,,,,,,,,,,,,,,,,,,,,,
Eredivisie,2025-2026,NAC Breda,4lsj3yc6adimhltkab6tzfj84,D. Versluis,Forward,23,5.0,2.0,3.0,6.0,,,4.0,,11.0,7.0,4.0,9.0,5.0,,6.0,,,,6.0,5.0,1.0,,,1.0,1.0,8.0,2.0,1.0,,1.0,2.0,,1.0,,,6.0,,,,,2.0,2.0,1.0,1.0,,,1.0,,21.0,5.0,,2.0,,,16.0,8.0,1.0,2.0,1.0,2.0,6.0,24.0,1.0,1.0,1.0,1.0,1.0,7.0,,5.0,0.0,,,,,,,,,,,,,,,,,,,,,,,,,,,,,,,,,,,,,,,,,,,,,,,,,,,,,,,,,,,,,,
Eredivisie,2025-2026,NAC Breda,dc4n5ylytswddlvd82snkb90q,S. van Hooijdonk,Forward,17,85.0,36.0,49.0,18.0,84.0,,65.0,10.0,171.0,77.0,94.0,180.0,45.0,6.0,18.0,22.0,20.0,2.0,86.0,41.0,45.0,1.0,9.0,62.0,6.0,254.0,28.0,17.0,4.0,26.0,82.0,9.0,13.0,15.0,8.0,3.0,1.0,1.0,6.0,20.0,1.0,161.0,105.0,76.0,179.0,7.0,6.0,,1200.0,23.0,1.0,4.0,17.0,27.0,159.0,273.0,23.0,180.0,13.0,60.0,93.0,456.0,7.0,5.0,8.0,2.0,5.0,84.0,16.0,88.0,1.0,,14.0,1.0,,,,,5.0,4.0,,1.0,,,2.0,,1.0,10.0,,,,3.0,,4.0,1.0,1.0,3.0,2.0,3.0,1.0,2.0,1.0,,1.0,4.0,,,6.0,,1.0,,,,,,,,,,,,,2.0,2.0,1.0,,,,,,,,
Eredivisie,2025-2026,NAC Breda,9jegiw70bxyxvb9umtyqbazo4,D. van Reeuwijk,Defender,18,5.0,3.0,2.0,1.0,3.0,,3.0,,5.0,3.0,2.0,5.0,9.0,,1.0,,,,,,,,,4.0,,18.0,1.0,,,1.0,3.0,,1.0,,,1.0,,,,,,10.0,3.0,8.0,11.0,,,,40.0,,,1.0,,,9.0,19.0,1.0,11.0,,3.0,8.0,23.0,,,,2.0,3.0,5.0,3.0,5.0,0.0,,1.0,,,,,,,,,,,,,,,,,,,,,,,,,,,,,,,,,,,,,,,,,,,,,,,,,,,,,,,,,,,,
Eredivisie,2025-2026,Nijmegen Eendracht Combinatie,8gde39dg3u3kqhd8pa2mdcn2t,T. Chery,Midfielder,10,13.0,9.0,4.0,32.0,281.0,2.0,346.0,26.0,139.0,78.0,61.0,814.0,319.0,6.0,32.0,48.0,41.0,7.0,126.0,69.0,57.0,5.0,50.0,279.0,13.0,993.0,145.0,35.0,10.0,109.0,188.0,56.0,25.0,32.0,14.0,,39.0,6.0,20.0,41.0,29.0,829.0,650.0,289.0,871.0,6.0,2.0,8.0,2670.0,44.0,9.0,9.0,19.0,30.0,390.0,1067.0,67.0,900.0,8.0,106.0,167.0,1569.0,111.0,55.0,19.0,7.0,27.0,253.0,25.0,140.0,3.0,5.0,31.0,3.0,,,6.0,,10.0,8.0,4.0,,,1.0,4.0,,1.0,42.0,,7.0,,7.0,,6.0,1.0,3.0,9.0,1.0,8.0,82.0,7.0,4.0,7.0,4.0,3.0,27.0,48.0,4.0,1.0,2.0,,,,,,,,,,,,,4.0,2.0,1.0,,,,2.0,,,,
Eredivisie,2025-2026,Nijmegen Eendracht Combinatie,alkcbccyfsjddm897cgz7wel1,J. Cillessen,Goalkeeper,22,1.0,,1.0,3.0,,,10.0,,2.0,,2.0,,71.0,,3.0,2.0,2.0,,1.0,,1.0,,1.0,6.0,,47.0,2.0,,,21.0,4.0,1.0,,3.0,1.0,,,,,,17.0,23.0,14.0,21.0,18.0,,,,186.0,,,5.0,,1.0,46.0,81.0,,35.0,,,46.0,99.0,,,,20.0,46.0,41.0,5.0,,0.0,,,1.0,,9.0,,18.0,,,,,,,,,,,7.0,,,,,,,,,,,,,,,,,,,,,,,1.0,,12.0,,,7.0,5.0,2.0,1.0,2.0,1.0,,,,,,,,,,,
Eredivisie,2025-2026,Nijmegen Eendracht Combinatie,2by23cpjtr9tsw1m4ak1w73oq,G. Crettaz,Goalkeeper,1,5.0,,5.0,30.0,,,318.0,,13.0,3.0,10.0,,1085.0,,30.0,48.0,41.0,7.0,8.0,3.0,5.0,,3.0,242.0,,1168.0,129.0,1.0,,335.0,113.0,3.0,,30.0,,,,,,,294.0,673.0,220.0,576.0,502.0,3.0,2.0,,2700.0,1.0,3.0,35.0,,1.0,649.0,1440.0,,796.0,5.0,,644.0,1725.0,,,,442.0,632.0,564.0,80.0,12.0,0.0,,,4.0,,182.0,,133.0,,,,,,,4.0,,,,146.0,1.0,,,28.0,,,3.0,,,,,,,,,,,,,,,3.0,13.0,,62.0,5.0,7.0,104.0,66.0,34.0,5.0,26.0,3.0,,,,,,,,1.0,1.0,,
Eredivisie,2025-2026,Nijmegen Eendracht Combinatie,4j5hfebi948ggjwexpndrub1m,Danilo,Forward,9,20.0,12.0,8.0,10.0,17.0,,32.0,1.0,38.0,21.0,17.0,86.0,19.0,,10.0,3.0,2.0,1.0,18.0,9.0,9.0,1.0,3.0,17.0,1.0,82.0,14.0,7.0,3.0,12.0,31.0,4.0,2.0,1.0,1.0,9.0,1.0,1.0,4.0,2.0,,59.0,53.0,9.0,61.0,1.0,1.0,,254.0,7.0,1.0,1.0,,3.0,43.0,84.0,6.0,61.0,2.0,24.0,23.0,138.0,1.0,1.0,4.0,,,21.0,3.0,23.0,0.0,,6.0,,,,1.0,,1.0,1.0,,,,,,,,4.0,,,,3.0,,,,,1.0,0.0,,,1.0,1.0,,,1.0,,,,,,,,,,,,,,,,,,,,,,,,,,,,
Eredivisie,2025-2026,Nijmegen Eendracht Combinatie,am2rerhvlsxd32zcfqs8l70bu,A. Darelas,Midfielder,8,,,,,,,,,,,,,,,,,,,,,,,,,,,,,,,,,,,,,,,,,,,,,,,,,,,,,,,,,,,,,,,,,,,,,,,,,,,,,,,,,,,,,,,,,,,,,,,,,,,,,,,,,,,,,,,,,,,,,,,,,,,,,,,,,,,,,
Eredivisie,2025-2026,Nijmegen Eendracht Combinatie,4kns22wbu3emy5oxbpr52rdud,E. Dasa,Defender,14,39.0,18.0,21.0,22.0,161.0,7.0,262.0,9.0,119.0,55.0,64.0,328.0,324.0,4.0,22.0,32.0,27.0,5.0,80.0,37.0,43.0,18.0,16.0,298.0,1.0,840.0,118.0,31.0,14.0,88.0,89.0,16.0,11.0,21.0,5.0,1.0,13.0,13.0,8.0,3.0,37.0,695.0,387.0,350.0,687.0,6.0,11.0,136.0,1815.0,23.0,4.0,38.0,11.0,18.0,247.0,872.0,15.0,724.0,17.0,22.0,148.0,1294.0,27.0,27.0,10.0,28.0,56.0,144.0,31.0,92.0,0.0,,6.0,1.0,1.0,1.0,,1.0,1.0,1.0,,,,,3.0,,,4.0,7.0,5.0,14.0,,1.0,,,,0.0,1.0,,1.0,,1.0,,1.0,1.0,,,,,,,,,,,,,,,,,,,,,,,,,,,,
Eredivisie,2025-2026,Nijmegen Eendracht Combinatie,4mz9mhuv21kti5x38fb36q2g9,Y. El Kachati,Forward,34,25.0,18.0,7.0,19.0,34.0,,64.0,10.0,71.0,43.0,28.0,169.0,29.0,2.0,19.0,9.0,7.0,2.0,46.0,25.0,21.0,1.0,4.0,22.0,6.0,115.0,34.0,14.0,3.0,20.0,34.0,6.0,6.0,1.0,1.0,18.0,3.0,3.0,5.0,4.0,3.0,85.0,74.0,18.0,86.0,4.0,4.0,,500.0,13.0,2.0,3.0,12.0,8.0,86.0,119.0,14.0,89.0,8.0,49.0,30.0,244.0,18.0,18.0,8.0,1.0,1.0,45.0,3.0,29.0,1.0,2.0,8.0,,,,2.0,,3.0,2.0,2.0,,,,1.0,,,8.0,,,1.0,3.0,,,,,2.0,1.0,,,2.0,,,3.0,3.0,,,1.0,1.0,1.0,,,,,,,,,,,,,,,,,,,,,,,
Eredivisie,2025-2026,Nijmegen Eendracht Combinatie,1xyx81rln0qr5u53atpdafxn8,F. Entius,Goalkeeper,36,,,,,,,,,,,,,,,,,,,,,,,,,,,,,,,,,,,,,,,,,,,,,,,,,,,,,,,,,,,,,,,,,,,,,,,,,,,,,,,,,,,,,,,,,,,,,,,,,,,,,,,,,,,,,,,,,,,,,,,,,,,,,,,,,,,,,
Eredivisie,2025-2026,Nijmegen Eendracht Combinatie,8624hqd4nlbzcoqsetvsvla8k,D. Fonville,Defender,24,60.0,31.0,29.0,28.0,113.0,10.0,222.0,3.0,172.0,71.0,101.0,257.0,268.0,4.0,28.0,23.0,21.0,2.0,112.0,40.0,72.0,20.0,6.0,105.0,,715.0,119.0,38.0,18.0,79.0,252.0,8.0,,12.0,2.0,16.0,7.0,7.0,13.0,,28.0,578.0,320.0,283.0,568.0,18.0,28.0,94.0,1369.0,19.0,,69.0,14.0,13.0,250.0,738.0,,596.0,46.0,10.0,142.0,1191.0,14.0,14.0,8.0,27.0,50.0,117.0,39.0,92.0,0.0,1.0,4.0,1.0,1.0,3.0,2.0,3.0,,,,,,,2.0,,,,7.0,2.0,50.0,,1.0,,,3.0,,,,,,,,3.0,,,,,,,,,,,,,,,,,,,,,,,,,,,,,
Eredivisie,2025-2026,Nijmegen Eendracht Combinatie,alfx6xxo38q6hmydbcr0rw67e,S. Hansen,Forward,10,,,,,,,,,,,,,,,,,,,,,,,,,,,,,,,,,,,,,,,,,,,,,,,,,,,,,,,,,,,,,,,,,,,,,,,,,,,,,,,,,,,,,,,,,,,,,,,,,,,,,,,,,,,,,,,,,,,,,,,,,,,,,,,,,,,,,
Eredivisie,2025-2026,Nijmegen Eendracht Combinatie,2k8bmlxzt0qi7divtxye0a5ii,I. Hansen-Aarøen,Midfielder,8,1.0,1.0,,3.0,4.0,,9.0,1.0,4.0,1.0,3.0,16.0,5.0,,3.0,,,,3.0,,3.0,,1.0,6.0,,17.0,4.0,1.0,,,2.0,1.0,,,,3.0,,,1.0,,,13.0,12.0,1.0,13.0,1.0,1.0,1.0,16.0,,,1.0,,,6.0,17.0,,13.0,2.0,4.0,4.0,24.0,,,,,1.0,4.0,,3.0,0.0,,,,,,,,,,,,,,,,,,,,,,,,,,,,,,,,,,,,,,,,,,,,,,,,,,,,,,,,,,,,,,
Eredivisie,2025-2026,Nijmegen Eendracht Combinatie,uru1h5pzgwy9cvbele1piei,R. Janse,Goalkeeper,31,,,,1.0,,,3.0,,,,,,23.0,,1.0,2.0,2.0,,,,,,,2.0,,22.0,1.0,,,11.0,9.0,,,,,1.0,,,,,4.0,11.0,4.0,15.0,15.0,,,,84.0,,,4.0,,,15.0,34.0,,19.0,,,15.0,43.0,,,,10.0,15.0,11.0,4.0,,0.0,,,,,6.0,,7.0,,,,,,,,,,,3.0,,,,,,,,,,,,,,,,,,,,,,,1.0,,2.0,,,3.0,2.0,1.0,,1.0,,,,,,,,,,,,
Eredivisie,2025-2026,Nijmegen Eendracht Combinatie,1asrguqxyo7rmoyamggwd9oq2,A. Kaplan,Defender,4,129.0,55.0,74.0,25.0,171.0,14.0,317.0,8.0,307.0,123.0,184.0,193.0,398.0,8.0,25.0,42.0,35.0,7.0,178.0,68.0,110.0,23.0,11.0,178.0,2.0,1080.0,179.0,37.0,20.0,117.0,401.0,11.0,6.0,23.0,4.0,2.0,2.0,2.0,20.0,,45.0,936.0,412.0,588.0,953.0,17.0,31.0,67.0,2046.0,17.0,,128.0,36.0,43.0,213.0,1148.0,14.0,998.0,48.0,28.0,150.0,1649.0,10.0,10.0,7.0,21.0,50.0,118.0,42.0,100.0,0.0,,6.0,1.0,1.0,20.0,,20.0,1.0,1.0,1.0,,,1.0,3.0,,,8.0,7.0,2.0,17.0,2.0,1.0,,,10.0,0.0,1.0,,,1.0,,1.0,1.0,,,,,,,1.0,,,,,,,,,,,,,,,,,,,,,,
Eredivisie,2025-2026,Nijmegen Eendracht Combinatie,1vszjcob0ipvdbvfloq3x7or8,K. Kers,Forward,39,3.0,2.0,1.0,1.0,,,1.0,,3.0,2.0,1.0,4.0,1.0,,1.0,,,,,,,,,1.0,1.0,2.0,,1.0,1.0,,,,1.0,,,1.0,,,,,,1.0,1.0,,1.0,,,,15.0,,,,,,4.0,2.0,1.0,1.0,,1.0,1.0,7.0,,,,,,1.0,,1.0,0.0,,,,,,,,,,,,,,,,,,,,,1.0,,,,,,,,,,,,,,,,,,,,,,,,,,,,,,,,,,,,,,,,,
Eredivisie,2025-2026,Nijmegen Eendracht Combinatie,ac3lkaa1lkbsa82tfylq5zcb8,N. Lebreton,Midfielder,20,68.0,42.0,26.0,21.0,109.0,3.0,181.0,10.0,226.0,128.0,98.0,352.0,114.0,9.0,21.0,21.0,17.0,4.0,158.0,86.0,72.0,10.0,18.0,75.0,2.0,415.0,95.0,25.0,16.0,62.0,124.0,22.0,12.0,14.0,5.0,7.0,3.0,3.0,17.0,34.0,12.0,341.0,267.0,84.0,336.0,15.0,15.0,5.0,1342.0,53.0,1.0,18.0,24.0,25.0,193.0,422.0,27.0,348.0,30.0,93.0,74.0,773.0,10.0,10.0,16.0,5.0,12.0,71.0,13.0,62.0,1.0,1.0,9.0,2.0,,,4.0,,3.0,3.0,3.0,1.0,,,,,,15.0,1.0,2.0,,3.0,,2.0,,4.0,2.0,1.0,,1.0,3.0,,,2.0,1.0,,,1.0,1.0,,,,,,,,,,,,,,,,,,,,,,,1.0,
Eredivisie,2025-2026,Nijmegen Eendracht Combinatie,4pqi5vt820333t5zsj2refc2d,B. Linssen,Forward,30,105.0,59.0,46.0,31.0,72.0,2.0,87.0,8.0,211.0,121.0,90.0,373.0,135.0,18.0,31.0,37.0,33.0,4.0,106.0,62.0,44.0,10.0,33.0,69.0,11.0,387.0,42.0,30.0,14.0,42.0,122.0,40.0,25.0,30.0,28.0,1.0,6.0,6.0,6.0,24.0,7.0,263.0,226.0,54.0,267.0,6.0,19.0,13.0,2180.0,19.0,4.0,16.0,34.0,13.0,201.0,398.0,56.0,274.0,25.0,115.0,124.0,695.0,17.0,17.0,9.0,3.0,11.0,121.0,20.0,113.0,1.0,4.0,10.0,,,,7.0,,11.0,10.0,2.0,1.0,,,3.0,,,31.0,,2.0,1.0,16.0,,9.0,,6.0,3.0,8.0,,,10.0,1.0,,1.0,10.0,,,3.0,,1.0,,,,,,,,,,,,,,,,,,,,,,,
Eredivisie,2025-2026,Nijmegen Eendracht Combinatie,3c4l2e3gzgpqrc2ygkbmp0jpx,V. Misidjan,Forward,7,12.0,6.0,6.0,17.0,61.0,,114.0,12.0,69.0,42.0,27.0,186.0,41.0,6.0,17.0,11.0,10.0,1.0,57.0,36.0,21.0,1.0,8.0,17.0,3.0,189.0,60.0,8.0,2.0,27.0,74.0,9.0,3.0,4.0,4.0,13.0,2.0,2.0,3.0,5.0,9.0,154.0,121.0,39.0,149.0,2.0,3.0,12.0,535.0,26.0,4.0,2.0,8.0,13.0,100.0,193.0,7.0,158.0,5.0,33.0,35.0,328.0,17.0,17.0,15.0,3.0,6.0,46.0,6.0,29.0,0.0,2.0,4.0,,,,2.0,,1.0,1.0,,,,,1.0,,,4.0,1.0,2.0,1.0,,,,,1.0,1.0,0.0,,1.0,1.0,1.0,,1.0,1.0,,,,,,,,,,,,,,,,,,,,,,,,,,,,
Eredivisie,2025-2026,Nijmegen Eendracht Combinatie,3o20bt9uqoj88yu29tv48cmqc,Y. Moslih,Defender,37,,,,,,,,,,,,,,,,,,,,,,,,,,,,,,,,,,,,,,,,,,,,,,,,,,,,,,,,,,,,,,,,,,,,,,,,,,,,,,,,,,,,,,,,,,,,,,,,,,,,,,,,,,,,,,,,,,,,,,,,,,,,,,,,,,,,,
Eredivisie,2025-2026,Nijmegen Eendracht Combinatie,b1vhrssf2fsirwe3ay18ppslw,J. Mustapha,Forward,41,,,,,,,,,,,,,,,,,,,,,,,,,,,,,,,,,,,,,,,,,,,,,,,,,,,,,,,,,,,,,,,,,,,,,,,,,,,,,,,,,,,,,,,,,,,,,,,,,,,,,,,,,,,,,,,,,,,,,,,,,,,,,,,,,,,,,
Eredivisie,2025-2026,Nijmegen Eendracht Combinatie,1gl82ymzh9vpitix6v645awa,D. Nejašmić,Midfielder,6,116.0,53.0,63.0,28.0,197.0,14.0,300.0,3.0,293.0,130.0,163.0,345.0,470.0,9.0,28.0,37.0,34.0,3.0,177.0,77.0,100.0,27.0,19.0,283.0,,1283.0,130.0,63.0,40.0,166.0,365.0,20.0,9.0,25.0,3.0,3.0,3.0,3.0,16.0,19.0,85.0,1064.0,658.0,439.0,1009.0,19.0,43.0,2.0,2221.0,24.0,4.0,76.0,22.0,23.0,296.0,1315.0,21.0,1094.0,62.0,21.0,221.0,1749.0,12.0,12.0,10.0,27.0,65.0,181.0,52.0,156.0,0.0,1.0,5.0,2.0,1.0,,1.0,,4.0,2.0,1.0,1.0,,1.0,3.0,,,12.0,6.0,5.0,1.0,1.0,3.0,1.0,,2.0,1.0,3.0,,,2.0,,,,3.0,,,1.0,,2.0,1.0,,,,,,,,,,,,,,,,,,,,,,
Eredivisie,2025-2026,Nijmegen Eendracht Combinatie,2k67i8lrxw3zsjipzxlrddsk,L. Nieuwenhuijs,Forward,26,,,,,,,,,,,,,,,,,,,,,,,,,,,,,,,,,,,,,,,,,,,,,,,,,,,,,,,,,,,,,,,,,,,,,,,,,,,,,,,,,,,,,,,,,,,,,,,,,,,,,,,,,,,,,,,,,,,,,,,,,,,,,,,,,,,,,
Eredivisie,2025-2026,Nijmegen Eendracht Combinatie,7wjzrrcy3fp8nq6dlanfxvqhh,B. Nuytinck,Defender,17,25.0,16.0,9.0,6.0,21.0,,31.0,1.0,39.0,24.0,15.0,15.0,55.0,1.0,6.0,5.0,5.0,,14.0,8.0,6.0,4.0,,40.0,,152.0,6.0,3.0,3.0,15.0,43.0,,,3.0,3.0,3.0,,,,,4.0,123.0,53.0,76.0,125.0,2.0,1.0,,249.0,1.0,,17.0,5.0,4.0,35.0,159.0,1.0,129.0,3.0,2.0,30.0,202.0,2.0,2.0,,10.0,16.0,25.0,7.0,14.0,0.0,,,,,1.0,,1.0,,,,,,,,,,1.0,3.0,,,,,,,1.0,,,,,,,,,,,,,,,,,,,,,,,,,,,,,,,,,,,,,
Eredivisie,2025-2026,Nijmegen Eendracht Combinatie,dgex06nxjy9fdvc12o8keg99l,K. Ogawa,Forward,18,158.0,92.0,66.0,25.0,59.0,1.0,36.0,7.0,219.0,122.0,97.0,217.0,52.0,7.0,25.0,20.0,16.0,4.0,61.0,30.0,31.0,4.0,14.0,44.0,8.0,203.0,8.0,15.0,6.0,17.0,52.0,17.0,15.0,17.0,16.0,8.0,,,5.0,15.0,2.0,137.0,112.0,29.0,139.0,3.0,8.0,,1253.0,19.0,1.0,8.0,12.0,15.0,120.0,207.0,33.0,141.0,11.0,79.0,66.0,391.0,1.0,1.0,6.0,,1.0,59.0,8.0,65.0,1.0,1.0,10.0,,,,3.0,,8.0,8.0,2.0,4.0,,,2.0,,,18.0,,,,13.0,,6.0,,1.0,5.0,3.0,,,4.0,2.0,,2.0,4.0,,,5.0,,,,,,,,,,,,,,,1.0,1.0,,,,,,,,,
Eredivisie,2025-2026,Nijmegen Eendracht Combinatie,5xbrybr5fxvg6br9b6tq4a4fd,L. Olden Larsen,Forward,14,,,,,,,,,,,,,,,,,,,,,,,,,,,,,,,,,,,,,,,,,,,,,,,,,,,,,,,,,,,,,,,,,,,,,,,,,,,,,,,,,,,,,,,,,,,,,,,,,,,,,,,,,,,,,,,,,,,,,,,,,,,,,,,,,,,,,
Eredivisie,2025-2026,Nijmegen Eendracht Combinatie,2yivr64anye4c0p62m16l78yc,S. Ouaissa,Midfielder,25,54.0,30.0,24.0,31.0,225.0,1.0,436.0,28.0,318.0,171.0,147.0,802.0,190.0,11.0,31.0,47.0,40.0,7.0,264.0,141.0,123.0,13.0,45.0,325.0,4.0,768.0,207.0,60.0,27.0,126.0,48.0,51.0,22.0,31.0,10.0,,19.0,15.0,50.0,17.0,28.0,617.0,496.0,158.0,607.0,7.0,23.0,24.0,2554.0,87.0,13.0,28.0,40.0,43.0,424.0,788.0,40.0,635.0,30.0,153.0,153.0,1425.0,79.0,69.0,45.0,6.0,17.0,205.0,27.0,136.0,0.0,5.0,13.0,3.0,,,6.0,,6.0,5.0,6.0,1.0,,,4.0,,1.0,18.0,4.0,5.0,2.0,2.0,,1.0,1.0,5.0,3.0,3.0,2.0,23.0,6.0,2.0,5.0,5.0,,4.0,9.0,2.0,1.0,1.0,,,,,,,,,,,,,,,1.0,,,,,,,,
Eredivisie,2025-2026,Nijmegen Eendracht Combinatie,8kydif03gk6apce8xwl9w3ht5,T. Ouwejan,Defender,5,17.0,9.0,8.0,6.0,31.0,3.0,41.0,,35.0,14.0,21.0,91.0,48.0,1.0,6.0,7.0,7.0,,18.0,5.0,13.0,3.0,9.0,13.0,1.0,134.0,16.0,5.0,1.0,5.0,53.0,11.0,1.0,6.0,4.0,,12.0,4.0,,1.0,6.0,108.0,64.0,65.0,111.0,4.0,6.0,19.0,444.0,2.0,4.0,10.0,2.0,3.0,67.0,145.0,2.0,117.0,10.0,4.0,28.0,258.0,23.0,12.0,,5.0,7.0,47.0,4.0,21.0,0.0,2.0,3.0,,,,2.0,,1.0,1.0,,,,,1.0,,,1.0,1.0,,7.0,,,,,,1.0,0.0,,16.0,1.0,,,,1.0,8.0,8.0,,,,,,,,,,,,,,,,,,,,,,,,,,
Eredivisie,2025-2026,Nijmegen Eendracht Combinatie,9ela3jmg5thgxa4wt696xe7f8,M. Overmars,Goalkeeper,38,,,,,,,,,,,,,,,,,,,,,,,,,,,,,,,,,,,,,,,,,,,,,,,,,,,,,,,,,,,,,,,,,,,,,,,,,,,,,,,,,,,,,,,,,,,,,,,,,,,,,,,,,,,,,,,,,,,,,,,,,,,,,,,,,,,,,
Eredivisie,2025-2026,Nijmegen Eendracht Combinatie,247ipjjd0cak2sggwbuorx4yy,B. Pereira,Defender,2,35.0,23.0,12.0,23.0,102.0,3.0,181.0,7.0,159.0,66.0,93.0,214.0,175.0,4.0,23.0,19.0,17.0,2.0,124.0,43.0,81.0,9.0,6.0,177.0,1.0,490.0,100.0,25.0,10.0,56.0,58.0,7.0,2.0,12.0,6.0,11.0,7.0,7.0,11.0,,13.0,417.0,246.0,199.0,425.0,16.0,24.0,69.0,1075.0,16.0,4.0,35.0,21.0,30.0,157.0,512.0,3.0,438.0,40.0,21.0,74.0,847.0,19.0,19.0,9.0,14.0,20.0,72.0,21.0,54.0,0.0,1.0,2.0,1.0,,,1.0,,,,3.0,,,1.0,1.0,,,1.0,1.0,,23.0,1.0,,,,1.0,,,,,,,,2.0,,,,2.0,1.0,,,,,,,,,,,,,,,,,,,,,,,,
Eredivisie,2025-2026,Nijmegen Eendracht Combinatie,a76yp8gkkg6frtuhh3d6l46i,D. Proper,Midfielder,71,40.0,20.0,20.0,21.0,77.0,,75.0,2.0,103.0,46.0,57.0,144.0,156.0,11.0,21.0,20.0,17.0,3.0,63.0,26.0,37.0,12.0,11.0,97.0,,424.0,34.0,15.0,9.0,34.0,103.0,11.0,1.0,8.0,2.0,13.0,,,3.0,24.0,10.0,341.0,214.0,136.0,340.0,6.0,13.0,,1031.0,4.0,1.0,21.0,16.0,15.0,106.0,433.0,5.0,350.0,19.0,18.0,83.0,568.0,2.0,2.0,,10.0,16.0,65.0,20.0,67.0,2.0,,5.0,2.0,,,,,3.0,2.0,,1.0,,,2.0,,,4.0,2.0,3.0,,1.0,,2.0,,2.0,2.0,1.0,,,2.0,,,1.0,2.0,,,1.0,,1.0,,,,,,,,,,,,,,,,,,,,,,,
Eredivisie,2025-2026,Nijmegen Eendracht Combinatie,1xm00r0xavv2wlk5k33qgquqc,M. Renssen,Defender,44,,,,,,,,,,,,,,,,,,,,,,,,,,,,,,,,,,,,,,,,,,,,,,,,,,,,,,,,,,,,,,,,,,,,,,,,,,,,,,,,,,,,,,,,,,,,,,,,,,,,,,,,,,,,,,,,,,,,,,,,,,,,,,,,,,,,,
Eredivisie,2025-2026,Nijmegen Eendracht Combinatie,7ugh0uvo5ieoqmzar9lgf1v1m,Róber González,Midfielder,21,3.0,2.0,1.0,3.0,3.0,,5.0,,17.0,12.0,5.0,20.0,9.0,2.0,3.0,2.0,2.0,,14.0,10.0,4.0,,1.0,5.0,,22.0,2.0,2.0,1.0,6.0,5.0,1.0,,1.0,1.0,2.0,,,,,,17.0,8.0,9.0,17.0,,2.0,1.0,83.0,6.0,,,2.0,2.0,16.0,22.0,,17.0,2.0,1.0,5.0,44.0,1.0,1.0,2.0,,,5.0,1.0,5.0,0.0,,1.0,,,,,,,,,,,,1.0,,,,,1.0,,,,,,,,,,,,,,1.0,,,,,,,,,,,,,,,,,,,,,,,,,,,,,
Eredivisie,2025-2026,Nijmegen Eendracht Combinatie,913pg8qqcjp99h5fjybbenob9,P. Sandler,Defender,3,93.0,46.0,47.0,24.0,119.0,7.0,270.0,4.0,175.0,90.0,85.0,151.0,350.0,5.0,24.0,27.0,22.0,5.0,82.0,44.0,38.0,19.0,6.0,391.0,,1083.0,129.0,16.0,9.0,86.0,282.0,9.0,2.0,22.0,13.0,2.0,,,4.0,9.0,51.0,975.0,485.0,548.0,982.0,7.0,12.0,12.0,1785.0,10.0,4.0,95.0,29.0,15.0,135.0,1142.0,6.0,1033.0,19.0,26.0,109.0,1389.0,2.0,2.0,4.0,22.0,30.0,72.0,39.0,79.0,1.0,3.0,1.0,3.0,,5.0,3.0,5.0,1.0,1.0,1.0,1.0,,1.0,,1.0,,4.0,12.0,3.0,3.0,3.0,1.0,1.0,1.0,7.0,0.0,1.0,,,,,,,,,,,,,2.0,,,,,,,,,,,,,,,,,,,,,,
Eredivisie,2025-2026,Nijmegen Eendracht Combinatie,dse071e8zbzm8l37m64g6e1p0,K. Sano,Midfielder,23,70.0,33.0,37.0,33.0,278.0,7.0,445.0,22.0,403.0,200.0,203.0,682.0,528.0,17.0,33.0,52.0,45.0,7.0,333.0,167.0,166.0,46.0,40.0,408.0,1.0,1539.0,201.0,70.0,40.0,206.0,362.0,47.0,16.0,33.0,,,16.0,9.0,59.0,44.0,65.0,1277.0,836.0,486.0,1241.0,27.0,44.0,11.0,2970.0,93.0,11.0,88.0,44.0,36.0,499.0,1576.0,24.0,1306.0,71.0,54.0,270.0,2322.0,53.0,34.0,48.0,47.0,73.0,270.0,53.0,197.0,2.0,4.0,8.0,5.0,1.0,,7.0,,3.0,2.0,7.0,,,,4.0,,1.0,8.0,17.0,6.0,1.0,1.0,1.0,2.0,,3.0,1.0,2.0,2.0,16.0,3.0,,2.0,6.0,1.0,3.0,10.0,1.0,,1.0,,,,,,,,,,,,,,,,,,,,,,,
Eredivisie,2025-2026,Nijmegen Eendracht Combinatie,90pdjxaaxtj67idjmb4ghcems,Y. Sbai,Midfielder,33,,,,2.0,1.0,1.0,,,,,,,2.0,,2.0,,,,,,,,,,,3.0,,,,,,,,,,2.0,,,,,,2.0,1.0,1.0,2.0,,,,7.0,,,1.0,,,2.0,3.0,,2.0,,,1.0,6.0,,,,,,1.0,,1.0,0.0,,,,,,,,,,,,,,,,,,,,,,,,,,,,,,,,,,,,,,,,,,,,,,,,,,,,,,,,,,,,,,
Eredivisie,2025-2026,Nijmegen Eendracht Combinatie,32ko5zzk7805mp4q4n3iwiihg,K. Shiogai,Forward,9,19.0,12.0,7.0,12.0,14.0,1.0,34.0,2.0,56.0,30.0,26.0,71.0,14.0,1.0,12.0,7.0,7.0,,37.0,18.0,19.0,,4.0,15.0,1.0,51.0,18.0,2.0,1.0,14.0,14.0,4.0,1.0,1.0,1.0,11.0,,,7.0,5.0,1.0,34.0,27.0,13.0,39.0,1.0,2.0,,363.0,13.0,1.0,,9.0,9.0,42.0,57.0,9.0,40.0,3.0,26.0,17.0,126.0,2.0,2.0,4.0,1.0,1.0,18.0,1.0,16.0,2.0,,5.0,,,,,,7.0,6.0,4.0,1.0,,,,,,8.0,,,,1.0,,6.0,,1.0,1.0,6.0,,,7.0,,1.0,,5.0,,,,,1.0,,,,,,,,,,,,,,,,,,,,,,,
Eredivisie,2025-2026,Nijmegen Eendracht Combinatie,6dd248q0adq6su677bw2kk2c5,C. Verdonk,Defender,24,12.0,4.0,8.0,4.0,21.0,1.0,68.0,,42.0,17.0,25.0,84.0,141.0,1.0,4.0,4.0,4.0,,30.0,13.0,17.0,4.0,2.0,45.0,,347.0,46.0,8.0,4.0,22.0,150.0,3.0,2.0,4.0,,,,,3.0,,7.0,292.0,186.0,113.0,292.0,5.0,9.0,28.0,360.0,6.0,1.0,10.0,3.0,,71.0,357.0,2.0,299.0,14.0,3.0,58.0,442.0,2.0,2.0,2.0,9.0,20.0,40.0,20.0,38.0,0.0,,,2.0,,1.0,1.0,1.0,,,,,,,1.0,,,,,,,,,,,,,,,,,,,1.0,,,,,,,,,,,,,,,,,,,,,,,,,,,,,
Eredivisie,2025-2026,Nijmegen Eendracht Combinatie,5qzhvczp7rt9tl53z4h5oiuc4,D. Vernooij,Defender,42,,,,,,,,,,,,,,,,,,,,,,,,,,,,,,,,,,,,,,,,,,,,,,,,,,,,,,,,,,,,,,,,,,,,,,,,,,,,,,,,,,,,,,,,,,,,,,,,,,,,,,,,,,,,,,,,,,,,,,,,,,,,,,,,,,,,,
Eredivisie,2025-2026,Nijmegen Eendracht Combinatie,b2a5syitl1nb5ky04j7pdq09h,J. Willems,Defender,15,4.0,2.0,2.0,6.0,6.0,1.0,7.0,,13.0,6.0,7.0,30.0,28.0,,6.0,4.0,4.0,,9.0,4.0,5.0,2.0,,13.0,,67.0,5.0,3.0,,9.0,24.0,,,2.0,2.0,4.0,1.0,1.0,1.0,,4.0,57.0,39.0,23.0,57.0,,2.0,6.0,166.0,3.0,,5.0,1.0,2.0,27.0,71.0,,61.0,2.0,1.0,10.0,113.0,3.0,3.0,2.0,1.0,2.0,10.0,3.0,8.0,0.0,,1.0,,,,,,,,,,,,,,,,,,9.0,,,,,,,,,,,,,,,,,,,,,,,,,,,,,,,,,,,,,,,,,,
Eredivisie,2025-2026,Nijmegen Eendracht Combinatie,5dbx86ca2t7dae8b3t69atii1,W. Willumsson,Midfielder,19,6.0,5.0,1.0,4.0,13.0,,10.0,,13.0,9.0,4.0,32.0,14.0,,4.0,1.0,1.0,,7.0,4.0,3.0,,,5.0,1.0,39.0,6.0,1.0,1.0,4.0,7.0,,,1.0,1.0,3.0,,,,2.0,,32.0,27.0,5.0,32.0,,,2.0,97.0,,,1.0,4.0,3.0,13.0,39.0,1.0,32.0,,7.0,7.0,56.0,1.0,1.0,,,,8.0,,7.0,0.0,,,,,,,,,,,,,,,,,1.0,,,,,,,,1.0,,,,,,,,,,,,1.0,,,,,,,,,,,,,,,,,,,,,,,,,
Eredivisie,2025-2026,Nijmegen Eendracht Combinatie,amd4x99ed8bsx9kl01j0k12c4,S. de Laat,Midfielder,35,,,,1.0,1.0,,3.0,,2.0,1.0,1.0,3.0,2.0,1.0,1.0,,,,2.0,1.0,1.0,1.0,,1.0,,3.0,,,,1.0,,,,,,1.0,,,1.0,,1.0,3.0,3.0,1.0,3.0,,,,13.0,,,,1.0,,,4.0,,4.0,,,,6.0,,,,,,,,,0.0,,,,,,,,,,,,,,,,,,,,,,,,,,,,,,,,,,,,,,,,,,,,,,,,,,,,,,,,,,,,,,
Eredivisie,2025-2026,Nijmegen Eendracht Combinatie,2nwthqvbk70e2qo35dgp35979,V. van Crooij,Forward,32,27.0,12.0,15.0,17.0,41.0,3.0,66.0,9.0,75.0,38.0,37.0,183.0,73.0,7.0,17.0,21.0,21.0,,48.0,26.0,22.0,3.0,21.0,63.0,2.0,231.0,40.0,22.0,12.0,32.0,72.0,22.0,6.0,10.0,4.0,7.0,12.0,1.0,3.0,6.0,10.0,167.0,129.0,68.0,175.0,2.0,8.0,9.0,910.0,9.0,3.0,17.0,10.0,9.0,135.0,249.0,13.0,185.0,10.0,30.0,64.0,428.0,40.0,17.0,4.0,3.0,10.0,93.0,11.0,54.0,0.0,1.0,3.0,1.0,,,1.0,,1.0,1.0,,,,,1.0,,,7.0,2.0,,7.0,2.0,,1.0,,2.0,1.0,0.0,2.0,28.0,1.0,,1.0,,,9.0,14.0,,1.0,,,,,,,,,,,,,,,,,,,,,,,,
Eredivisie,2025-2026,Nijmegen Eendracht Combinatie,dlyr0ovzkb9x6iyfvvqev8c2c,M. van de Wiel,Midfielder,39,,,,,,,,,,,,,,,,,,,,,,,,,,,,,,,,,,,,,,,,,,,,,,,,,,,,,,,,,,,,,,,,,,,,,,,,,,,,,,,,,,,,,,,,,,,,,,,,,,,,,,,,,,,,,,,,,,,,,,,,,,,,,,,,,,,,,
Eredivisie,2025-2026,Nijmegen Eendracht Combinatie,ds0hd4ezvb5rw6l95rhbxtq1g,B. Önal,Forward,11,50.0,30.0,20.0,28.0,194.0,1.0,348.0,28.0,284.0,171.0,113.0,693.0,142.0,4.0,28.0,35.0,29.0,6.0,234.0,141.0,93.0,11.0,34.0,37.0,9.0,649.0,213.0,46.0,20.0,103.0,289.0,40.0,11.0,24.0,17.0,4.0,24.0,15.0,41.0,22.0,22.0,499.0,404.0,130.0,488.0,8.0,16.0,31.0,2000.0,101.0,9.0,9.0,20.0,28.0,427.0,662.0,31.0,510.0,24.0,143.0,152.0,1226.0,90.0,55.0,67.0,10.0,22.0,209.0,33.0,130.0,1.0,5.0,13.0,,,,6.0,,7.0,6.0,2.0,,,,3.0,,1.0,20.0,2.0,1.0,4.0,4.0,,4.0,,4.0,4.0,3.0,1.0,53.0,6.0,1.0,,6.0,7.0,9.0,34.0,2.0,,1.0,,,,,,,,,,,,,1.0,1.0,,,,,,,,,
Eredivisie,2025-2026,PEC Zwolle,9c94x0afh4uawhp7z94t526fo,L. Aelbers,Midfielder,43,,,,,,,,,,,,,,,,,,,,,,,,,,,,,,,,,,,,,,,,,,,,,,,,,,,,,,,,,,,,,,,,,,,,,,,,,,,,,,,,,,,,,,,,,,,,,,,,,,,,,,,,,,,,,,,,,,,,,,,,,,,,,,,,,,,,,
Eredivisie,2025-2026,PEC Zwolle,a7vlgirln231n3dqjhb72o0es,O. Aertssen,Defender,3,44.0,24.0,20.0,27.0,72.0,12.0,158.0,6.0,202.0,94.0,108.0,216.0,270.0,14.0,27.0,49.0,41.0,8.0,158.0,70.0,88.0,25.0,12.0,148.0,,517.0,93.0,41.0,17.0,70.0,54.0,14.0,2.0,18.0,5.0,9.0,9.0,9.0,15.0,,34.0,359.0,190.0,205.0,352.0,21.0,37.0,122.0,1767.0,29.0,5.0,105.0,23.0,15.0,271.0,544.0,3.0,386.0,58.0,34.0,158.0,1077.0,19.0,19.0,12.0,33.0,64.0,131.0,46.0,94.0,0.0,2.0,4.0,4.0,1.0,,2.0,,,,,,,,2.0,,,1.0,3.0,3.0,28.0,,1.0,,,2.0,,,,,,,,1.0,,,,,,,,,,,,,,,,,,,,,,,,,,,,,
Eredivisie,2025-2026,PEC Zwolle,7x4nqrwy3ngo04cyievz9pn2s,L. Bakker,Goalkeeper,48,,,,,,,,,,,,,,,,,,,,,,,,,,,,,,,,,,,,,,,,,,,,,,,,,,,,,,,,,,,,,,,,,,,,,,,,,,,,,,,,,,,,,,,,,,,,,,,,,,,,,,,,,,,,,,,,,,,,,,,,,,,,,,,,,,,,,
Eredivisie,2025-2026,PEC Zwolle,hjb0mn4fgmfiimwn5odvl8fd,T. Buitink,Forward,29,3.0,2.0,1.0,7.0,4.0,,6.0,,14.0,10.0,4.0,26.0,4.0,1.0,7.0,2.0,2.0,,11.0,8.0,3.0,,1.0,3.0,,16.0,3.0,1.0,1.0,4.0,8.0,1.0,1.0,,,7.0,,,1.0,1.0,,12.0,10.0,5.0,15.0,,1.0,,95.0,5.0,,,3.0,1.0,19.0,19.0,2.0,15.0,1.0,6.0,4.0,44.0,2.0,2.0,1.0,,,6.0,,4.0,0.0,,,,,,,,,,1.0,,,,,,,1.0,,,,1.0,,,,1.0,,,,,,,,,,,,,,,,,,,,,,,,,,,,,,,,,,,,,
Eredivisie,2025-2026,PEC Zwolle,d29ahwtvs7ls75wdtkf7xr8tm,Z. Buurmeester,Midfielder,8,33.0,22.0,11.0,22.0,104.0,7.0,113.0,5.0,133.0,67.0,66.0,235.0,167.0,6.0,22.0,34.0,27.0,7.0,100.0,45.0,55.0,15.0,17.0,114.0,3.0,514.0,55.0,20.0,15.0,64.0,138.0,17.0,3.0,14.0,3.0,8.0,8.0,,9.0,7.0,18.0,412.0,252.0,176.0,402.0,23.0,15.0,,1441.0,22.0,2.0,31.0,14.0,9.0,173.0,523.0,9.0,420.0,38.0,32.0,103.0,780.0,21.0,5.0,12.0,13.0,24.0,99.0,25.0,79.0,0.0,,6.0,2.0,,,,,2.0,1.0,,1.0,,,,,,6.0,1.0,1.0,,2.0,,1.0,,2.0,0.0,2.0,,18.0,1.0,,1.0,2.0,,6.0,12.0,2.0,,1.0,,,,,,,,,,,,,,,,,,,,,,,
Eredivisie,2025-2026,PEC Zwolle,acto28lpsw06otbpo6x9gu1as,N. Dobben,Goalkeeper,40,,,,,,,,,,,,,,,,,,,,,,,,,,,,,,,,,,,,,,,,,,,,,,,,,,,,,,,,,,,,,,,,,,,,,,,,,,,,,,,,,,,,,,,,,,,,,,,,,,,,,,,,,,,,,,,,,,,,,,,,,,,,,,,,,,,,,
Eredivisie,2025-2026,PEC Zwolle,8762f6q283mw08mcuj7whr8r8,C. Drost,Midfielder,46,,,,,,,,,,,,,,,,,,,,,,,,,,,,,,,,,,,,,,,,,,,,,,,,,,,,,,,,,,,,,,,,,,,,,,,,,,,,,,,,,,,,,,,,,,,,,,,,,,,,,,,,,,,,,,,,,,,,,,,,,,,,,,,,,,,,,
Eredivisie,2025-2026,PEC Zwolle,cstlool8c2aoty5vhx77t4q38,J. Faberski,Forward,19,12.0,10.0,2.0,18.0,37.0,1.0,88.0,5.0,73.0,39.0,34.0,99.0,26.0,3.0,18.0,19.0,17.0,2.0,61.0,29.0,32.0,2.0,6.0,34.0,1.0,100.0,49.0,17.0,10.0,28.0,6.0,8.0,3.0,4.0,4.0,14.0,4.0,4.0,7.0,1.0,1.0,73.0,50.0,30.0,75.0,4.0,4.0,2.0,467.0,18.0,2.0,3.0,6.0,18.0,68.0,103.0,4.0,76.0,8.0,24.0,27.0,219.0,17.0,13.0,13.0,2.0,5.0,34.0,10.0,22.0,0.0,1.0,7.0,,,1.0,2.0,1.0,,,,,,1.0,1.0,,,1.0,,,,,,,1.0,1.0,,,1.0,4.0,,,,,,,3.0,,,,,,,,,,,,,,,,,,1.0,,,,,,,,
Eredivisie,2025-2026,PEC Zwolle,5mqog8k9eyi248jvrrp9fo8wk,N. Fichtinger,Midfielder,34,38.0,18.0,20.0,20.0,45.0,8.0,47.0,2.0,122.0,53.0,69.0,79.0,113.0,10.0,20.0,20.0,17.0,3.0,84.0,35.0,49.0,18.0,2.0,58.0,,281.0,20.0,23.0,14.0,28.0,71.0,3.0,3.0,5.0,4.0,15.0,,,1.0,4.0,7.0,198.0,103.0,101.0,197.0,14.0,26.0,2.0,756.0,9.0,,33.0,14.0,8.0,115.0,287.0,5.0,204.0,40.0,6.0,83.0,478.0,1.0,1.0,3.0,11.0,19.0,46.0,38.0,64.0,0.0,1.0,2.0,,,,1.0,,,,,,,1.0,,1.0,,2.0,2.0,,1.0,,,,1.0,3.0,,,,,,,,,,,,,,,,,,,,,,,,,,,,,,,,,,,,,
Eredivisie,2025-2026,PEC Zwolle,4phgw75cred5p93hjq8hiou6t,S. Floranus,Defender,2,61.0,36.0,25.0,31.0,244.0,7.0,279.0,5.0,221.0,116.0,105.0,353.0,432.0,12.0,31.0,63.0,54.0,9.0,160.0,80.0,80.0,47.0,10.0,75.0,5.0,1073.0,156.0,43.0,22.0,145.0,377.0,13.0,3.0,31.0,7.0,,7.0,7.0,16.0,3.0,45.0,872.0,387.0,539.0,874.0,16.0,35.0,183.0,2711.0,31.0,5.0,109.0,23.0,13.0,371.0,1128.0,6.0,919.0,51.0,30.0,209.0,1827.0,31.0,31.0,15.0,34.0,55.0,146.0,94.0,154.0,0.0,3.0,1.0,3.0,,,3.0,,1.0,1.0,2.0,,,,3.0,,,3.0,8.0,2.0,60.0,2.0,,1.0,,5.0,0.0,1.0,,,1.0,,,3.0,1.0,,,1.0,,,,,,,,,,,,,,,,,,,,,,,,,
Eredivisie,2025-2026,PEC Zwolle,1x6fhuy49w4rpnyavwotbf504,T. Gooijer,Defender,6,31.0,13.0,18.0,23.0,116.0,13.0,152.0,8.0,150.0,69.0,81.0,150.0,137.0,7.0,23.0,31.0,25.0,6.0,119.0,56.0,63.0,12.0,6.0,193.0,,491.0,66.0,26.0,17.0,75.0,62.0,6.0,5.0,17.0,8.0,6.0,1.0,1.0,17.0,3.0,20.0,422.0,145.0,295.0,419.0,19.0,19.0,67.0,1371.0,32.0,,65.0,19.0,8.0,126.0,508.0,12.0,439.0,38.0,23.0,69.0,875.0,5.0,5.0,20.0,17.0,24.0,46.0,28.0,45.0,0.0,,2.0,1.0,,3.0,,3.0,3.0,2.0,,,,,2.0,,,7.0,1.0,1.0,2.0,,2.0,1.0,1.0,3.0,2.0,1.0,,,2.0,,,2.0,3.0,,,,,1.0,,,,,,,,,,,,,,,1.0,,,,,,,,
Eredivisie,2025-2026,PEC Zwolle,9ugpnnovqttl8lguv7wdyiezu,S. Graves,Defender,28,128.0,55.0,73.0,31.0,96.0,37.0,326.0,1.0,222.0,101.0,121.0,55.0,656.0,13.0,31.0,54.0,47.0,7.0,94.0,46.0,48.0,32.0,4.0,597.0,1.0,1500.0,169.0,25.0,12.0,115.0,285.0,6.0,6.0,29.0,3.0,2.0,,,5.0,1.0,86.0,1242.0,442.0,929.0,1285.0,10.0,17.0,3.0,2591.0,4.0,2.0,235.0,35.0,18.0,286.0,1634.0,7.0,1371.0,27.0,22.0,263.0,2076.0,1.0,1.0,1.0,69.0,137.0,188.0,76.0,126.0,0.0,1.0,1.0,6.0,1.0,81.0,2.0,83.0,,,,,1.0,,2.0,,1.0,1.0,14.0,4.0,1.0,3.0,2.0,,,5.0,,,,,,1.0,,,,,,,,,1.0,,,2.0,,,,,,,,,,,,,,,,,,,
Eredivisie,2025-2026,PEC Zwolle,89y2mdu6ksf0twtp3oykl7wno,J. Holtman,Defender,0,,,,,,,,,,,,,,,,,,,,,,,,,,,,,,,,,,,,,,,,,,,,,,,,,,,,,,,,,,,,,,,,,,,,,,,,,,,,,,,,,,,,,,,,,,,,,,,,,,,,,,,,,,,,,,,,,,,,,,,,,,,,,,,,,,,,,
Eredivisie,2025-2026,PEC Zwolle,6u7z5qrlwzl9aug8awejq37xl,Jamiro Monteiro,Midfielder,35,8.0,7.0,1.0,20.0,154.0,3.0,163.0,3.0,150.0,66.0,84.0,153.0,132.0,8.0,20.0,29.0,26.0,3.0,142.0,59.0,83.0,11.0,11.0,81.0,4.0,514.0,57.0,28.0,17.0,93.0,171.0,14.0,11.0,16.0,11.0,4.0,2.0,,3.0,13.0,24.0,431.0,214.0,242.0,430.0,15.0,26.0,2.0,1199.0,29.0,3.0,8.0,14.0,39.0,163.0,538.0,14.0,454.0,41.0,13.0,84.0,788.0,22.0,8.0,14.0,3.0,25.0,81.0,25.0,59.0,0.0,2.0,5.0,1.0,,,3.0,,2.0,1.0,,,,,3.0,,,3.0,1.0,4.0,,4.0,,,1.0,,1.0,1.0,5.0,14.0,1.0,,1.0,2.0,1.0,2.0,9.0,,,1.0,,,,,,,,,,,,,,,1.0,1.0,1.0,,,,,,
Eredivisie,2025-2026,PEC Zwolle,2072f0p9ful9u577gdvo89yw9,K. Kostons,Forward,10,156.0,103.0,53.0,33.0,243.0,9.0,169.0,11.0,314.0,198.0,116.0,477.0,156.0,10.0,33.0,62.0,52.0,10.0,158.0,95.0,63.0,3.0,15.0,123.0,18.0,684.0,75.0,55.0,23.0,79.0,205.0,21.0,24.0,33.0,8.0,,3.0,3.0,10.0,69.0,20.0,489.0,336.0,199.0,512.0,10.0,14.0,3.0,2797.0,54.0,7.0,21.0,31.0,29.0,379.0,727.0,51.0,532.0,24.0,115.0,195.0,1146.0,12.0,12.0,20.0,1.0,12.0,161.0,46.0,183.0,3.0,6.0,9.0,5.0,,,6.0,,11.0,11.0,1.0,2.0,,,3.0,,,27.0,,4.0,1.0,11.0,,7.0,,2.0,5.0,6.0,1.0,,9.0,2.0,2.0,1.0,7.0,,,25.0,,,,,,,,,,,,,,,,,,,,,,,,,
Eredivisie,2025-2026,PEC Zwolle,duuaefhzmbqoj4eo44kgbr6s4,R. Kroeze,Defender,45,,,,1.0,,,3.0,,5.0,3.0,2.0,11.0,4.0,1.0,1.0,,,,5.0,3.0,2.0,,,14.0,,18.0,2.0,,,1.0,1.0,,1.0,,,1.0,,,,,1.0,16.0,11.0,6.0,16.0,2.0,,2.0,17.0,,,,2.0,,4.0,19.0,1.0,17.0,2.0,,2.0,26.0,,,,,,2.0,,2.0,0.0,,,,,,,,,,,,,,,,,,,,2.0,,,,,1.0,,,,,,,,,,,,,,,,,,,,,,,,,,,,,,,,,,,,,
Eredivisie,2025-2026,PEC Zwolle,csecbdlw3sxstnebpiw91ezxm,S. Lagsir,Forward,21,1.0,,1.0,2.0,5.0,,4.0,,6.0,3.0,3.0,11.0,2.0,,2.0,1.0,1.0,,5.0,3.0,2.0,,,2.0,,11.0,4.0,,,3.0,2.0,,,,,2.0,,,2.0,,1.0,10.0,8.0,2.0,9.0,,,,25.0,3.0,,,,,6.0,11.0,,10.0,,,1.0,21.0,1.0,,2.0,,1.0,2.0,,,0.0,,,,,,,,,,,,,,,,,,,,,,,,,,,,,1.0,,,,,,,1.0,,,,,,,,,,,,,,,,,,,,,,,,,,
Eredivisie,2025-2026,PEC Zwolle,d5g7rl9a83vu3cyyzvu5yveqy,A. MacNulty,Defender,4,83.0,37.0,46.0,32.0,123.0,20.0,349.0,5.0,192.0,84.0,108.0,140.0,576.0,8.0,32.0,67.0,56.0,11.0,109.0,47.0,62.0,32.0,11.0,255.0,1.0,1464.0,184.0,29.0,20.0,103.0,561.0,11.0,5.0,32.0,1.0,,1.0,1.0,7.0,2.0,101.0,1232.0,458.0,825.0,1181.0,16.0,24.0,17.0,2845.0,2.0,2.0,186.0,29.0,15.0,270.0,1515.0,10.0,1282.0,40.0,30.0,233.0,1957.0,8.0,8.0,2.0,62.0,135.0,171.0,70.0,98.0,2.0,,5.0,6.0,1.0,10.0,,10.0,2.0,1.0,,1.0,,1.0,3.0,1.0,,5.0,16.0,4.0,4.0,2.0,1.0,,1.0,4.0,2.0,0.0,,,1.0,,1.0,,,,,,,1.0,1.0,,,,,,,,,,,,,,,,,,,,,,
Eredivisie,2025-2026,PEC Zwolle,9eqeq79rycd6na2cw2yk8ikmh,B. Manu,Forward,77,,,,,,,,,,,,,,,,,,,,,,,,,,,,,,,,,,,,,,,,,,,,,,,,,,,,,,,,,,,,,,,,,,,,,,,,,,,,,,,,,,,,,,,,,,,,,,,,,,,,,,,,,,,,,,,,,,,,,,,,,,,,,,,,,,,,,
Eredivisie,2025-2026,PEC Zwolle,6eg8vaxpqsd6cyh736h7bq4x6,D. Mbayo,Forward,11,3.0,3.0,,14.0,58.0,,73.0,,60.0,39.0,21.0,113.0,13.0,3.0,14.0,7.0,7.0,,57.0,36.0,21.0,1.0,4.0,38.0,3.0,124.0,46.0,6.0,4.0,16.0,15.0,5.0,1.0,5.0,6.0,9.0,2.0,2.0,5.0,3.0,1.0,105.0,69.0,38.0,104.0,1.0,,1.0,520.0,24.0,1.0,2.0,8.0,15.0,63.0,124.0,2.0,105.0,1.0,14.0,19.0,216.0,3.0,3.0,15.0,,,18.0,4.0,19.0,0.0,,,,,,1.0,,,,,,,,,,,1.0,,,,1.0,,,,1.0,,,,,,,,2.0,,,,,,,,,,,,,,,,,,,,,,,,,,,,,
Eredivisie,2025-2026,PEC Zwolle,dficbkp6sp4kw7xihaxneozpx,Y. Namli,Forward,9,11.0,7.0,4.0,13.0,62.0,,238.0,16.0,140.0,80.0,60.0,299.0,121.0,4.0,13.0,19.0,15.0,4.0,129.0,73.0,56.0,4.0,30.0,166.0,2.0,368.0,106.0,19.0,9.0,61.0,26.0,34.0,7.0,12.0,5.0,1.0,24.0,7.0,24.0,11.0,26.0,291.0,230.0,91.0,271.0,12.0,7.0,2.0,1056.0,47.0,10.0,6.0,13.0,13.0,208.0,375.0,17.0,297.0,19.0,32.0,78.0,668.0,47.0,15.0,29.0,3.0,15.0,110.0,15.0,63.0,0.0,4.0,12.0,1.0,,,4.0,,2.0,1.0,,,,,,,1.0,10.0,2.0,6.0,,2.0,,1.0,,1.0,0.0,2.0,2.0,43.0,1.0,1.0,2.0,1.0,,14.0,27.0,2.0,,1.0,,,,,,,,,,,,,,,,,,,,,,,
Eredivisie,2025-2026,PEC Zwolle,684nd3xjli51z43pbla0mwa21,T. Oosting,Midfielder,25,48.0,28.0,20.0,33.0,201.0,5.0,209.0,16.0,232.0,137.0,95.0,372.0,245.0,15.0,33.0,53.0,43.0,10.0,184.0,109.0,75.0,27.0,22.0,223.0,4.0,730.0,96.0,35.0,13.0,106.0,127.0,25.0,17.0,33.0,26.0,,11.0,,8.0,39.0,28.0,531.0,328.0,278.0,567.0,14.0,31.0,2.0,2562.0,33.0,6.0,73.0,32.0,22.0,349.0,796.0,42.0,595.0,45.0,66.0,201.0,1249.0,40.0,20.0,14.0,14.0,37.0,180.0,61.0,164.0,1.0,3.0,9.0,2.0,,1.0,3.0,1.0,6.0,5.0,1.0,2.0,,,3.0,,,25.0,3.0,5.0,2.0,10.0,,5.0,,3.0,4.0,2.0,3.0,24.0,6.0,1.0,3.0,2.0,1.0,6.0,13.0,1.0,,1.0,,,,,,,,,,,,,,,,,,,,,,,
Eredivisie,2025-2026,PEC Zwolle,10k3fz1ibikbugv4c45ewy87o,J. Pereira da Gama,Midfielder,26,6.0,1.0,5.0,9.0,12.0,1.0,12.0,,24.0,12.0,12.0,20.0,23.0,2.0,9.0,4.0,4.0,,18.0,11.0,7.0,4.0,1.0,18.0,2.0,73.0,3.0,3.0,1.0,7.0,20.0,1.0,1.0,1.0,1.0,8.0,,,1.0,3.0,1.0,56.0,31.0,25.0,55.0,2.0,2.0,,179.0,2.0,,5.0,6.0,2.0,29.0,73.0,1.0,56.0,4.0,1.0,17.0,108.0,,,2.0,3.0,6.0,12.0,5.0,11.0,0.0,,,,,,,,,,,,,,,,,,,,,,,,,3.0,,,,,,,,1.0,,,,,,,,,,,,,,,,,,,,,,,,,,,,,
Eredivisie,2025-2026,PEC Zwolle,dw13yk4rfi54y3miuelwkqivo,G. Rahajaän,Midfielder,38,,,,,,,,,,,,,,,,,,,,,,,,,,,,,,,,,,,,,,,,,,,,,,,,,,,,,,,,,,,,,,,,,,,,,,,,,,,,,,,,,,,,,,,,,,,,,,,,,,,,,,,,,,,,,,,,,,,,,,,,,,,,,,,,,,,,,
Eredivisie,2025-2026,PEC Zwolle,c3akpx5mnexpkslo0sqqezsru,E. Reijnders,Midfielder,23,1.0,1.0,,2.0,1.0,,4.0,,5.0,3.0,2.0,10.0,3.0,,2.0,,,,4.0,2.0,2.0,,1.0,6.0,,10.0,2.0,1.0,,4.0,,1.0,,,,2.0,,,,,,4.0,2.0,2.0,4.0,,2.0,,41.0,1.0,,,,,10.0,10.0,,4.0,2.0,3.0,6.0,18.0,,,,,1.0,5.0,1.0,5.0,0.0,,1.0,,,,,,,,,,,,,,,,,,,,,,,,,,,,,,,,,,,,,,,,,,,,,,,,,,,,,,,,,,,,
Eredivisie,2025-2026,PEC Zwolle,7h6w0i7ebl5pew0v1j8ipin10,G. Reiziger,Midfielder,20,7.0,6.0,1.0,11.0,5.0,,12.0,1.0,23.0,17.0,6.0,30.0,13.0,1.0,11.0,3.0,2.0,1.0,16.0,11.0,5.0,3.0,,12.0,,38.0,4.0,4.0,3.0,8.0,8.0,,3.0,,,11.0,,,1.0,1.0,,24.0,20.0,4.0,24.0,,3.0,,129.0,7.0,,1.0,3.0,1.0,30.0,38.0,4.0,24.0,3.0,7.0,14.0,71.0,1.0,1.0,3.0,2.0,4.0,11.0,4.0,10.0,0.0,,,,,,,,1.0,1.0,,,,,,,,1.0,,,,1.0,,1.0,,,0.0,1.0,,,1.0,,1.0,,,,,,,,,,,,,,,,,,,,,,,,,,,,,,
Eredivisie,2025-2026,PEC Zwolle,7962u6otgj03w6a42q6zl5zx0,D. Ruward,Defender,42,,,,1.0,,,,,,,,,,,1.0,1.0,1.0,,,,,,,,,,,1.0,1.0,,,,,,,1.0,,,,,,,,,,,,,11.0,,,1.0,,,,,,,,,,3.0,,,,,,,,,0.0,,,,,,,,,,,,,,,,,,,,,,,,,,,,,,,,,,,,,,,,,,,,,,,,,,,,,,,,,,,,,,
Eredivisie,2025-2026,PEC Zwolle,cetavjue5femoxid9fmcd0zjd,J. Schendelaar,Goalkeeper,1,,,,2.0,,,4.0,,2.0,,2.0,,42.0,,2.0,4.0,3.0,1.0,2.0,,2.0,,,14.0,,41.0,,,,18.0,5.0,,,2.0,,,,,,,14.0,23.0,6.0,27.0,19.0,,,,180.0,,,,,2.0,29.0,61.0,,33.0,,,28.0,82.0,,,,17.0,28.0,21.0,7.0,,0.0,,,,,19.0,,15.0,,,,,,,1.0,,,,4.0,,,,,,,,,,,,,,,,,,,,,,,2.0,,8.0,1.0,,5.0,3.0,2.0,,2.0,,,,,,,,,,,,
Eredivisie,2025-2026,PEC Zwolle,awsbedog2zaz7zpjucbcba82y,S. Shoretire,Forward,7,31.0,24.0,7.0,24.0,121.0,3.0,191.0,10.0,187.0,109.0,78.0,260.0,124.0,16.0,24.0,34.0,30.0,4.0,156.0,85.0,71.0,19.0,15.0,99.0,2.0,471.0,90.0,27.0,15.0,71.0,134.0,16.0,6.0,19.0,11.0,5.0,,,15.0,15.0,15.0,387.0,222.0,171.0,378.0,8.0,16.0,6.0,1652.0,45.0,3.0,12.0,30.0,32.0,196.0,478.0,14.0,393.0,24.0,52.0,85.0,781.0,10.0,7.0,18.0,2.0,10.0,69.0,26.0,75.0,1.0,1.0,3.0,2.0,,,1.0,,5.0,5.0,,2.0,,,2.0,,,8.0,1.0,1.0,2.0,1.0,,5.0,,4.0,4.0,1.0,,1.0,2.0,1.0,2.0,1.0,1.0,,1.0,,,,,,,,,,,,,,,,,,,,,,,,,,
Eredivisie,2025-2026,PEC Zwolle,1rd0zzpp3dn0y7qtxwc57g7h1,R. Thomas,Midfielder,30,63.0,28.0,35.0,27.0,186.0,13.0,317.0,4.0,269.0,119.0,150.0,232.0,341.0,25.0,27.0,41.0,35.0,6.0,206.0,91.0,115.0,49.0,13.0,249.0,,979.0,111.0,59.0,37.0,129.0,244.0,14.0,5.0,27.0,9.0,,1.0,1.0,21.0,17.0,62.0,785.0,389.0,436.0,762.0,22.0,38.0,3.0,2157.0,28.0,1.0,98.0,36.0,34.0,280.0,1020.0,7.0,824.0,60.0,15.0,196.0,1492.0,9.0,9.0,13.0,25.0,59.0,148.0,57.0,137.0,0.0,,7.0,4.0,,,1.0,,1.0,1.0,1.0,,,,2.0,,,2.0,5.0,6.0,1.0,,,,,7.0,0.0,1.0,,,1.0,1.0,1.0,,,,,2.0,,,1.0,,,,,,,,,,,,,,,,,,,,,,
Eredivisie,2025-2026,PEC Zwolle,6nd0ifv6ljza9nauxcpejqzft,O. Velanas,Midfielder,18,15.0,11.0,4.0,12.0,53.0,,74.0,9.0,81.0,40.0,41.0,120.0,53.0,1.0,12.0,20.0,14.0,6.0,66.0,29.0,37.0,2.0,11.0,52.0,,180.0,32.0,14.0,7.0,28.0,29.0,12.0,,6.0,4.0,6.0,8.0,4.0,2.0,9.0,2.0,141.0,92.0,63.0,145.0,8.0,12.0,2.0,539.0,11.0,4.0,6.0,7.0,15.0,92.0,187.0,6.0,147.0,20.0,18.0,40.0,318.0,22.0,9.0,4.0,2.0,5.0,52.0,10.0,35.0,1.0,1.0,1.0,,,,1.0,,2.0,2.0,,1.0,,,,,,6.0,1.0,1.0,,2.0,,,,,2.0,0.0,,15.0,1.0,,,2.0,1.0,4.0,10.0,1.0,,,,,,,,,,,,,,,,,,,,,,,,,
Eredivisie,2025-2026,PEC Zwolle,4mhahoh3a6rir882ug9hdb5nu,T. Velthuis,Defender,5,19.0,6.0,13.0,13.0,33.0,6.0,58.0,,29.0,11.0,18.0,10.0,88.0,1.0,13.0,12.0,8.0,4.0,10.0,5.0,5.0,5.0,2.0,62.0,,244.0,25.0,2.0,,20.0,75.0,2.0,,5.0,1.0,8.0,,,,,12.0,210.0,75.0,148.0,211.0,1.0,4.0,1.0,488.0,1.0,,37.0,4.0,,38.0,258.0,,223.0,5.0,2.0,35.0,324.0,1.0,1.0,,7.0,13.0,20.0,16.0,22.0,0.0,,,,,8.0,,8.0,,,,,,,,,,,6.0,,,,,,,,,,,,,,,,,,,,,,,,,,,,,,,,,,,,,,,,,,,,
Eredivisie,2025-2026,PEC Zwolle,sk7z843dcqvmdf1tkoaoysr8,D. Verduin,Goalkeeper,41,,,,,,,,,,,,,,,,,,,,,,,,,,,,,,,,,,,,,,,,,,,,,,,,,,,,,,,,,,,,,,,,,,,,,,,,,,,,,,,,,,,,,,,,,,,,,,,,,,,,,,,,,,,,,,,,,,,,,,,,,,,,,,,,,,,,,
Eredivisie,2025-2026,PEC Zwolle,cczptju66ofuymrlsol11fpxw,D. Voute,Forward,39,2.0,1.0,1.0,3.0,6.0,,11.0,,9.0,5.0,4.0,12.0,12.0,,3.0,2.0,2.0,,7.0,4.0,3.0,3.0,,13.0,,36.0,4.0,1.0,,5.0,5.0,,1.0,,1.0,3.0,,,2.0,,1.0,31.0,13.0,18.0,30.0,,1.0,7.0,93.0,3.0,,6.0,,,12.0,36.0,1.0,31.0,1.0,,5.0,67.0,,,1.0,1.0,1.0,2.0,3.0,4.0,0.0,,,,,,,,,,,,,,,,,,,,1.0,,,,,,,,,,,,,,,,,,,,,,,,,,,,,,,,,,,,,,,,,,
Eredivisie,2025-2026,PEC Zwolle,68hoounwudpjrr2wmovkyvswk,T. de Graaff,Goalkeeper,16,13.0,2.0,11.0,31.0,,,119.0,1.0,21.0,4.0,17.0,,713.0,,31.0,65.0,55.0,10.0,8.0,2.0,6.0,,1.0,149.0,,683.0,39.0,2.0,,287.0,149.0,1.0,,31.0,,,,,,,186.0,430.0,121.0,445.0,380.0,1.0,2.0,,2790.0,,,26.0,,5.0,453.0,1011.0,,566.0,3.0,,445.0,1353.0,,,,247.0,432.0,357.0,88.0,13.0,0.0,,,6.0,,233.0,,195.0,,,,,,,2.0,,,,72.0,,,,30.0,,,,,,,,,,,,,,,,,,1.0,19.0,6.0,102.0,2.0,14.0,128.0,82.0,44.0,2.0,28.0,2.0,,,,,,,,,,,
Eredivisie,2025-2026,PEC Zwolle,ekur9x1kzp8wq0lwfwev0b0bu,K. de Rooij,Forward,22,98.0,56.0,42.0,32.0,127.0,,213.0,12.0,312.0,161.0,151.0,333.0,142.0,13.0,32.0,54.0,45.0,9.0,214.0,105.0,109.0,6.0,20.0,41.0,8.0,468.0,110.0,42.0,18.0,88.0,166.0,25.0,11.0,23.0,12.0,9.0,2.0,2.0,21.0,19.0,12.0,339.0,232.0,117.0,335.0,14.0,12.0,11.0,2030.0,64.0,7.0,14.0,32.0,63.0,283.0,476.0,20.0,347.0,26.0,65.0,129.0,862.0,15.0,15.0,25.0,7.0,21.0,113.0,31.0,108.0,1.0,5.0,8.0,3.0,,,5.0,,6.0,6.0,1.0,,,,3.0,,,9.0,,4.0,2.0,3.0,,4.0,,3.0,1.0,5.0,,,6.0,,2.0,8.0,4.0,,,3.0,,,,,,,,,,,,,,,,,,,,,,,,,
Eredivisie,2025-2026,PEC Zwolle,6hpvm6ktb7nulhdph4497649g,D. van der Haar,Defender,33,1.0,1.0,,3.0,,,,,2.0,2.0,,1.0,2.0,1.0,3.0,,,,1.0,1.0,,1.0,,1.0,,3.0,,,,,,,,,,3.0,,,,,,1.0,1.0,,1.0,,,2.0,17.0,,,2.0,1.0,,2.0,3.0,,1.0,,,2.0,9.0,,,,1.0,1.0,1.0,1.0,1.0,0.0,,,,,,,,,,,,,,,,,,,,,,,,,1.0,,,,,,,,,,,,,,,,,,,,,,,,,,,,,,,,,,,,,
Eredivisie,2025-2026,PEC Zwolle,dp8pw0ucv2l8iqa1smro3tyc4,G. van der Wal,Midfielder,37,,,,,,,,,,,,,,,,,,,,,,,,,,,,,,,,,,,,,,,,,,,,,,,,,,,,,,,,,,,,,,,,,,,,,,,,,,,,,,,,,,,,,,,,,,,,,,,,,,,,,,,,,,,,,,,,,,,,,,,,,,,,,,,,,,,,,
Eredivisie,2025-2026,PSV Eindhoven,cmrror5dshow00mbi6nxh1es4,T. Abed,Midfielder,47,,,,,,,,,,,,,,,,,,,,,,,,,,,,,,,,,,,,,,,,,,,,,,,,,,,,,,,,,,,,,,,,,,,,,,,,,,,,,,,,,,,,,,,,,,,,,,,,,,,,,,,,,,,,,,,,,,,,,,,,,,,,,,,,,,,,,
Eredivisie,2025-2026,PSV Eindhoven,1jr23fmrmezgiaq7k63pro07o,I. Babadi,Midfielder,26,,,,,,,,,,,,,,,,,,,,,,,,,,,,,,,,,,,,,,,,,,,,,,,,,,,,,,,,,,,,,,,,,,,,,,,,,,,,,,,,,,,,,,,,,,,,,,,,,,,,,,,,,,,,,,,,,,,,,,,,,,,,,,,,,,,,,
Eredivisie,2025-2026,PSV Eindhoven,24sgu58uugxgy49el075dz21g,E. Bajraktarević,Forward,19,17.0,15.0,2.0,28.0,175.0,,190.0,15.0,129.0,69.0,60.0,419.0,83.0,5.0,28.0,11.0,6.0,5.0,112.0,54.0,58.0,4.0,18.0,179.0,,464.0,92.0,16.0,8.0,52.0,36.0,22.0,8.0,8.0,4.0,20.0,13.0,10.0,21.0,11.0,9.0,407.0,325.0,104.0,407.0,5.0,14.0,5.0,1062.0,36.0,6.0,8.0,9.0,18.0,163.0,473.0,22.0,416.0,19.0,55.0,57.0,740.0,37.0,30.0,26.0,5.0,7.0,85.0,9.0,50.0,0.0,4.0,14.0,2.0,,,4.0,,4.0,2.0,1.0,,,,1.0,,,14.0,,4.0,1.0,2.0,,1.0,,,4.0,0.0,,13.0,4.0,1.0,4.0,3.0,,3.0,5.0,1.0,,2.0,,,,,,,,,,,,,,,,,,,,,,,
Eredivisie,2025-2026,PSV Eindhoven,4i5i204kbg1we22h8cabtb1n8,J. Bawuah,Midfielder,52,,,,1.0,1.0,,3.0,,1.0,,1.0,2.0,,,1.0,,,,1.0,,1.0,1.0,,2.0,,3.0,2.0,,,1.0,,,,,,1.0,,,,,,2.0,1.0,1.0,2.0,,1.0,,10.0,,,,,,2.0,3.0,1.0,2.0,1.0,,1.0,8.0,,,,1.0,1.0,1.0,,,0.0,,,,,,,,,,,,,,,,,1.0,,,,,,,,,,,,,,,,,,,,,,,,,,,,,,,,,,,,,,,,,,,,,
Eredivisie,2025-2026,PSV Eindhoven,f4pqxviuwzd6a803jfx9bh4o9,M. Boadu,Forward,21,14.0,9.0,5.0,12.0,24.0,,17.0,4.0,37.0,21.0,16.0,57.0,5.0,1.0,12.0,8.0,6.0,2.0,23.0,12.0,11.0,,3.0,11.0,1.0,47.0,12.0,2.0,2.0,8.0,14.0,3.0,6.0,2.0,2.0,10.0,,,4.0,6.0,1.0,35.0,30.0,12.0,41.0,2.0,1.0,,310.0,7.0,1.0,,5.0,4.0,31.0,54.0,12.0,42.0,3.0,27.0,12.0,105.0,,,3.0,,2.0,9.0,3.0,10.0,1.0,,1.0,,,,,,3.0,3.0,1.0,1.0,,,,,,6.0,,,,4.0,,3.0,,,1.0,2.0,,,2.0,2.0,2.0,,,,,2.0,,,,,,,,,,,,,,,,,,,,,,,,,
Eredivisie,2025-2026,PSV Eindhoven,b0me6l44boibnwpbtasxoy02x,S. Dest,Defender,8,40.0,21.0,19.0,26.0,259.0,5.0,416.0,20.0,260.0,115.0,145.0,659.0,442.0,5.0,26.0,30.0,22.0,8.0,220.0,94.0,126.0,13.0,21.0,378.0,1.0,1281.0,237.0,40.0,14.0,144.0,225.0,26.0,7.0,25.0,7.0,1.0,10.0,10.0,39.0,10.0,19.0,1154.0,732.0,455.0,1158.0,22.0,30.0,155.0,2114.0,66.0,9.0,28.0,15.0,35.0,330.0,1304.0,12.0,1177.0,52.0,67.0,127.0,1934.0,44.0,44.0,42.0,5.0,15.0,148.0,23.0,112.0,0.0,4.0,2.0,4.0,,,5.0,,1.0,1.0,3.0,,,1.0,3.0,,,5.0,1.0,3.0,19.0,,,,,4.0,1.0,0.0,,,1.0,,,6.0,1.0,,,,1.0,,,,,,,,,,,,,,,,,,,,,,,,
Eredivisie,2025-2026,PSV Eindhoven,6jhavdnaitqn6ydme8a526aui,C. Driouech,Forward,11,14.0,9.0,5.0,28.0,139.0,,190.0,11.0,97.0,53.0,44.0,315.0,61.0,5.0,28.0,18.0,11.0,7.0,83.0,44.0,39.0,1.0,14.0,28.0,3.0,372.0,115.0,20.0,9.0,52.0,148.0,20.0,16.0,5.0,3.0,23.0,10.0,9.0,9.0,18.0,11.0,296.0,212.0,98.0,289.0,8.0,12.0,7.0,927.0,20.0,7.0,6.0,17.0,10.0,166.0,376.0,29.0,300.0,20.0,68.0,76.0,592.0,30.0,30.0,14.0,6.0,15.0,92.0,14.0,61.0,1.0,5.0,8.0,1.0,,,6.0,,4.0,3.0,1.0,,,,,,,13.0,1.0,1.0,1.0,4.0,,2.0,,4.0,4.0,0.0,,5.0,4.0,1.0,1.0,5.0,3.0,1.0,,3.0,,1.0,,,,,,,,,,,,,,,,,,,,,,,
Eredivisie,2025-2026,PSV Eindhoven,cgsmk5437f466uoqvol7devze,R. Flamingo,Defender,6,92.0,27.0,65.0,32.0,105.0,19.0,290.0,2.0,173.0,67.0,106.0,84.0,450.0,11.0,32.0,27.0,19.0,8.0,81.0,40.0,41.0,19.0,6.0,463.0,,1212.0,143.0,21.0,11.0,51.0,225.0,7.0,9.0,14.0,2.0,18.0,,,3.0,3.0,65.0,1075.0,517.0,587.0,1039.0,9.0,19.0,8.0,1571.0,11.0,3.0,114.0,21.0,10.0,164.0,1243.0,14.0,1104.0,28.0,24.0,139.0,1528.0,3.0,3.0,5.0,18.0,54.0,98.0,44.0,85.0,0.0,,3.0,1.0,,7.0,1.0,7.0,2.0,2.0,,2.0,,,2.0,,,5.0,12.0,4.0,1.0,2.0,1.0,2.0,,4.0,1.0,1.0,,,,,,,,,,,,,1.0,,,,,,,,,,,,,,,,,,,,,,
Eredivisie,2025-2026,PSV Eindhoven,cmdeqxibr6holfqg17ap9uihg,Yarek Gąsiorowski,Defender,3,85.0,31.0,54.0,27.0,101.0,19.0,335.0,3.0,150.0,58.0,92.0,69.0,476.0,6.0,27.0,27.0,17.0,10.0,65.0,27.0,38.0,31.0,3.0,342.0,,1422.0,138.0,24.0,20.0,55.0,574.0,5.0,3.0,24.0,5.0,3.0,,,4.0,,49.0,1302.0,520.0,853.0,1324.0,9.0,16.0,5.0,2054.0,5.0,1.0,120.0,16.0,9.0,139.0,1493.0,10.0,1373.0,25.0,21.0,120.0,1797.0,,,4.0,30.0,48.0,71.0,49.0,72.0,0.0,,2.0,5.0,1.0,49.0,2.0,49.0,3.0,3.0,,3.0,,,2.0,,,7.0,15.0,1.0,1.0,3.0,1.0,3.0,,,3.0,0.0,,,1.0,,,1.0,,,,,,,1.0,,,,,,,,,,,,,,,,,,,,,,
Eredivisie,2025-2026,PSV Eindhoven,4fweqnbfhqxtxzx9culxr9lw4,J. Koller,Midfielder,56,1.0,1.0,,2.0,1.0,,3.0,,4.0,2.0,2.0,1.0,,1.0,2.0,,,,3.0,1.0,2.0,,,1.0,,3.0,1.0,,,,1.0,,,,,2.0,,,1.0,,,3.0,1.0,2.0,3.0,,,,13.0,,,,1.0,1.0,1.0,3.0,,3.0,,1.0,,6.0,,,,,,,,,0.0,,,,,,,,,,,,,,,,,,,,,,,,,,,,,,,,,,,,,,,,,,,,,,,,,,,,,,,,,,,,,,
Eredivisie,2025-2026,PSV Eindhoven,cs4aca71qkt1ru20ppmi6djl6,M. Kovář,Goalkeeper,32,7.0,,7.0,30.0,,,267.0,,17.0,4.0,13.0,,693.0,1.0,30.0,40.0,29.0,11.0,10.0,4.0,6.0,1.0,2.0,263.0,,971.0,162.0,1.0,1.0,294.0,237.0,2.0,,30.0,,,,,1.0,,187.0,787.0,102.0,816.0,731.0,,,,2700.0,2.0,,39.0,1.0,5.0,280.0,1193.0,,918.0,,,275.0,1498.0,,,,121.0,264.0,214.0,61.0,11.0,0.0,,,7.0,,231.0,,146.0,,,,,,1.0,3.0,,,,42.0,,,,14.0,,,,,,,,,,,,,,,2.0,,,,30.0,2.0,49.0,4.0,13.0,80.0,53.0,27.0,6.0,14.0,3.0,,,,,,,,,,,
Eredivisie,2025-2026,PSV Eindhoven,7aa5kjv02kla3kbyr4a983axg,W. Kuhn,Defender,36,,,,,,,,,,,,,,,,,,,,,,,,,,,,,,,,,,,,,,,,,,,,,,,,,,,,,,,,,,,,,,,,,,,,,,,,,,,,,,,,,,,,,,,,,,,,,,,,,,,,,,,,,,,,,,,,,,,,,,,,,,,,,,,,,,,,,
Eredivisie,2025-2026,PSV Eindhoven,e6x3hs6v8cq74ojgluyny72fo,T. Land,Midfielder,28,12.0,9.0,3.0,28.0,134.0,5.0,259.0,1.0,108.0,53.0,55.0,249.0,247.0,7.0,28.0,20.0,16.0,4.0,96.0,44.0,52.0,15.0,22.0,271.0,,820.0,116.0,19.0,13.0,66.0,184.0,23.0,4.0,15.0,11.0,13.0,1.0,1.0,6.0,19.0,15.0,748.0,464.0,301.0,749.0,15.0,20.0,,1452.0,15.0,4.0,12.0,13.0,11.0,117.0,836.0,8.0,764.0,35.0,22.0,72.0,1026.0,5.0,5.0,7.0,7.0,15.0,63.0,14.0,57.0,0.0,1.0,3.0,1.0,,1.0,1.0,1.0,2.0,1.0,,,,1.0,2.0,1.0,,4.0,,3.0,,,,1.0,1.0,3.0,2.0,0.0,,2.0,2.0,,1.0,2.0,1.0,,,,,1.0,,,,,,,,,,,,,,,,,,,,,,,
Eredivisie,2025-2026,PSV Eindhoven,biee6dvb524juzai7iryyskix,D. Man,Forward,27,30.0,16.0,14.0,24.0,173.0,1.0,305.0,19.0,188.0,108.0,80.0,509.0,127.0,6.0,24.0,24.0,19.0,5.0,158.0,92.0,66.0,5.0,22.0,283.0,4.0,612.0,166.0,37.0,13.0,78.0,29.0,28.0,14.0,19.0,17.0,5.0,8.0,8.0,38.0,25.0,10.0,515.0,392.0,131.0,505.0,2.0,8.0,8.0,1419.0,60.0,5.0,11.0,16.0,19.0,216.0,612.0,28.0,515.0,10.0,105.0,97.0,927.0,11.0,9.0,44.0,1.0,7.0,93.0,15.0,90.0,2.0,5.0,13.0,,,,6.0,,6.0,6.0,,1.0,,,1.0,,,14.0,1.0,3.0,1.0,5.0,,5.0,,2.0,2.0,4.0,,2.0,4.0,3.0,4.0,7.0,1.0,,2.0,,,,,,,,,,,,,,,,,,,,,,,,,,
Eredivisie,2025-2026,PSV Eindhoven,c6ip6gwp8yvchd1n3dv42go9,Mauro Júnior,Defender,17,32.0,17.0,15.0,26.0,278.0,5.0,382.0,14.0,200.0,86.0,114.0,570.0,472.0,8.0,26.0,27.0,20.0,7.0,168.0,69.0,99.0,38.0,25.0,281.0,1.0,1523.0,185.0,47.0,27.0,166.0,517.0,33.0,6.0,24.0,9.0,2.0,10.0,10.0,24.0,18.0,58.0,1361.0,804.0,592.0,1328.0,19.0,41.0,109.0,2086.0,32.0,13.0,50.0,16.0,15.0,273.0,1548.0,14.0,1386.0,60.0,50.0,162.0,2063.0,19.0,19.0,18.0,18.0,30.0,131.0,50.0,132.0,0.0,9.0,8.0,3.0,,,9.0,,1.0,1.0,1.0,,,1.0,1.0,,1.0,8.0,3.0,6.0,11.0,,1.0,1.0,,2.0,0.0,1.0,,6.0,1.0,,1.0,4.0,,,,,,,1.0,,,,,,,,,,,,,,,,,,,,,,
Eredivisie,2025-2026,PSV Eindhoven,67np9yqsr86iheossxpve8ufo,F. Merién,Defender,38,,,,1.0,1.0,,2.0,,2.0,1.0,1.0,,2.0,,1.0,,,,2.0,1.0,1.0,,,1.0,,4.0,1.0,1.0,1.0,,,,,,,1.0,,,1.0,,,4.0,,4.0,4.0,,,,3.0,,,2.0,,,,4.0,,4.0,,,,8.0,,,,,,,,,0.0,,,,,,,,,,,,,,,,,,,,,,,,,,,,,,,,,,,,,,,,,,,,,,,,,,,,,,,,,,,,,,
Eredivisie,2025-2026,PSV Eindhoven,alic8z5h7h9qlr1p4ujvc3ris,A. Nagalo,Defender,39,,,,,,,,,,,,,,,,,,,,,,,,,,,,,,,,,,,,,,,,,,,,,,,,,,,,,,,,,,,,,,,,,,,,,,,,,,,,,,,,,,,,,,,,,,,,,,,,,,,,,,,,,,,,,,,,,,,,,,,,,,,,,,,,,,,,,
Eredivisie,2025-2026,PSV Eindhoven,oi8kw43rorvqooiencbnhxck,N. Fernandez,Midfielder,31,4.0,3.0,1.0,9.0,46.0,,50.0,1.0,47.0,27.0,20.0,70.0,36.0,1.0,9.0,4.0,3.0,1.0,43.0,24.0,19.0,2.0,5.0,38.0,,174.0,21.0,5.0,4.0,27.0,54.0,5.0,,3.0,3.0,6.0,1.0,1.0,3.0,6.0,3.0,162.0,92.0,71.0,159.0,8.0,6.0,1.0,299.0,11.0,1.0,3.0,8.0,2.0,29.0,174.0,,162.0,14.0,4.0,12.0,229.0,1.0,1.0,8.0,,1.0,8.0,5.0,11.0,0.0,,1.0,,,,,,,,1.0,,,,1.0,,,,,,,,,,,2.0,,,,,,,,1.0,,,,,,,,,,,,,,,,,,,,,,,,,,,,,
Eredivisie,2025-2026,PSV Eindhoven,3ojwbw6v83g9b0u2wssnkzzzd,A. Obispo,Defender,4,69.0,30.0,39.0,17.0,29.0,5.0,113.0,2.0,89.0,38.0,51.0,57.0,211.0,1.0,17.0,12.0,11.0,1.0,20.0,8.0,12.0,6.0,,147.0,,558.0,56.0,6.0,1.0,32.0,200.0,,4.0,9.0,4.0,8.0,,,3.0,1.0,28.0,498.0,237.0,289.0,498.0,3.0,3.0,,807.0,1.0,,56.0,6.0,4.0,69.0,587.0,10.0,526.0,6.0,15.0,61.0,709.0,,,,4.0,20.0,44.0,17.0,41.0,1.0,,1.0,,,18.0,,18.0,2.0,2.0,,2.0,,,1.0,,,6.0,2.0,1.0,1.0,3.0,,2.0,,1.0,2.0,0.0,,,1.0,,,,,,,,,,,,,,,,,,,,,,,,,,,,,,,,
Eredivisie,2025-2026,PSV Eindhoven,eamuyjut271ytghb2q4ljqbpx,N. Olij,Goalkeeper,1,,,,1.0,,,16.0,,,,,,18.0,,1.0,1.0,,1.0,,,,,,18.0,,45.0,14.0,,,6.0,11.0,,,1.0,,,,,,,5.0,43.0,2.0,43.0,40.0,,,,90.0,,,2.0,,,2.0,47.0,,45.0,,,2.0,56.0,,,,,2.0,2.0,,,0.0,,,,,5.0,,2.0,,,,,,,,,,,,,,,1.0,,,,,,,,,,,,,,,,,,,1.0,,,,1.0,3.0,3.0,,,1.0,,,,,,,,,,,,
Eredivisie,2025-2026,PSV Eindhoven,emglxnqrlqskt8krglv7sziwa,R. Pepi,Forward,9,30.0,16.0,14.0,25.0,120.0,2.0,76.0,9.0,101.0,57.0,44.0,241.0,34.0,4.0,25.0,22.0,16.0,6.0,71.0,41.0,30.0,3.0,14.0,60.0,14.0,245.0,30.0,18.0,11.0,53.0,63.0,15.0,12.0,15.0,11.0,10.0,1.0,,13.0,17.0,9.0,203.0,148.0,88.0,226.0,3.0,3.0,,1325.0,27.0,5.0,7.0,11.0,11.0,98.0,277.0,43.0,235.0,6.0,104.0,42.0,472.0,2.0,2.0,10.0,1.0,1.0,32.0,12.0,41.0,6.0,1.0,15.0,2.0,,,1.0,,15.0,14.0,,6.0,,,3.0,,,31.0,,2.0,,6.0,,12.0,,1.0,8.0,7.0,,,12.0,,1.0,1.0,8.0,,,5.0,,1.0,,,,,,,,,,,,,1.0,1.0,,,,,,,,,
Eredivisie,2025-2026,PSV Eindhoven,2gsq05yyxwe4f8t79j6d49q6t,I. Perišić,Forward,5,67.0,24.0,43.0,29.0,268.0,4.0,275.0,36.0,202.0,102.0,100.0,723.0,265.0,8.0,29.0,29.0,23.0,6.0,135.0,78.0,57.0,26.0,39.0,122.0,3.0,898.0,169.0,76.0,27.0,78.0,252.0,49.0,19.0,26.0,18.0,3.0,40.0,29.0,14.0,25.0,44.0,687.0,502.0,233.0,651.0,13.0,23.0,40.0,2147.0,26.0,17.0,43.0,27.0,7.0,402.0,907.0,38.0,695.0,36.0,144.0,212.0,1440.0,117.0,105.0,15.0,9.0,27.0,287.0,42.0,185.0,3.0,8.0,16.0,1.0,,,10.0,,7.0,6.0,2.0,3.0,,,2.0,,1.0,19.0,2.0,3.0,4.0,5.0,1.0,3.0,,5.0,2.0,5.0,1.0,26.0,4.0,1.0,,2.0,4.0,12.0,10.0,3.0,,1.0,1.0,,,,,,,,,,,,1.0,1.0,,,,,,,,,
Eredivisie,2025-2026,PSV Eindhoven,7tj7eobo7kmk8egcbfrabe8d1,A. Pléa,Forward,14,2.0,1.0,1.0,2.0,11.0,1.0,10.0,2.0,9.0,3.0,6.0,29.0,8.0,,2.0,1.0,1.0,,7.0,2.0,5.0,1.0,1.0,5.0,2.0,35.0,3.0,5.0,1.0,5.0,12.0,2.0,1.0,2.0,1.0,,,,2.0,2.0,,27.0,18.0,10.0,28.0,,2.0,,112.0,1.0,,1.0,,1.0,12.0,36.0,1.0,28.0,2.0,7.0,8.0,52.0,,,,,,8.0,,8.0,0.0,1.0,1.0,,,,1.0,,,,,,,,,,,,,,,,,,,,,,,,,,,,,,,,,,,,,,,,,,,,,,,,,,,,,,,,
Eredivisie,2025-2026,PSV Eindhoven,dled1uwb66ipkzcf6ej6vjf8,R. van Duiven,Forward,40,,,,,,,,,,,,,,,,,,,,,,,,,,,,,,,,,,,,,,,,,,,,,,,,,,,,,,,,,,,,,,,,,,,,,,,,,,,,,,,,,,,,,,,,,,,,,,,,,,,,,,,,,,,,,,,,,,,,,,,,,,,,,,,,,,,,,
Eredivisie,2025-2026,PSV Eindhoven,9vf02r3geinhsy732oxyrcacq,I. Saibari,Midfielder,34,33.0,18.0,15.0,26.0,252.0,2.0,386.0,20.0,242.0,129.0,113.0,697.0,236.0,14.0,26.0,32.0,25.0,7.0,209.0,111.0,98.0,9.0,43.0,229.0,10.0,980.0,201.0,50.0,28.0,92.0,272.0,51.0,37.0,26.0,12.0,,2.0,2.0,45.0,79.0,22.0,828.0,588.0,251.0,815.0,15.0,18.0,8.0,2126.0,75.0,10.0,8.0,25.0,21.0,335.0,989.0,74.0,837.0,33.0,170.0,152.0,1466.0,16.0,14.0,37.0,5.0,21.0,144.0,24.0,131.0,4.0,5.0,15.0,2.0,,,8.0,,15.0,13.0,2.0,3.0,,,2.0,,1.0,37.0,1.0,7.0,,20.0,,10.0,,2.0,7.0,8.0,,4.0,13.0,3.0,2.0,6.0,10.0,,2.0,5.0,,2.0,,,,,,,,,,,,,1.0,1.0,,,,,,,,,
Eredivisie,2025-2026,PSV Eindhoven,dxmulnxbs11kpi1goq5hl9cve,A. Salah-Eddine,Defender,2,21.0,7.0,14.0,16.0,136.0,2.0,156.0,6.0,109.0,42.0,67.0,224.0,146.0,8.0,16.0,14.0,12.0,2.0,88.0,35.0,53.0,10.0,10.0,80.0,,589.0,80.0,15.0,6.0,66.0,235.0,10.0,2.0,12.0,3.0,4.0,3.0,2.0,11.0,5.0,16.0,529.0,278.0,262.0,521.0,6.0,22.0,78.0,1047.0,16.0,,20.0,14.0,15.0,114.0,597.0,4.0,537.0,28.0,15.0,60.0,850.0,12.0,12.0,6.0,7.0,14.0,54.0,18.0,46.0,0.0,,3.0,3.0,,,,,,,1.0,,,,2.0,,,2.0,1.0,,4.0,1.0,,,1.0,3.0,,,,1.0,,,,2.0,,1.0,,,,,1.0,,,,,,,,,,,,,,1.0,,,,,,,,
Eredivisie,2025-2026,PSV Eindhoven,4u12cln8rmtkwlu5q36ypjl2i,N. Schiks,Goalkeeper,24,1.0,,1.0,2.0,,,24.0,,2.0,,2.0,,38.0,,2.0,3.0,3.0,,1.0,,1.0,,,15.0,,68.0,8.0,,,18.0,24.0,,,2.0,,,,,,,11.0,53.0,6.0,55.0,50.0,,,,180.0,,,1.0,,1.0,16.0,77.0,,61.0,,,16.0,95.0,,,,10.0,16.0,13.0,3.0,,0.0,,,,,13.0,,5.0,,,,,,,,,,,4.0,,,,2.0,,,,,,,,,,,,,,,,,,,2.0,,,,1.0,5.0,4.0,1.0,,2.0,,,,,,,,,,,,
Eredivisie,2025-2026,PSV Eindhoven,5lvdnoyknuoyr6kdruposgctl,J. Schouten,Midfielder,22,67.0,34.0,33.0,28.0,188.0,10.0,426.0,2.0,205.0,98.0,107.0,337.0,666.0,9.0,28.0,33.0,25.0,8.0,138.0,64.0,74.0,49.0,22.0,647.0,,1943.0,203.0,34.0,19.0,160.0,480.0,24.0,11.0,28.0,7.0,,,,16.0,49.0,56.0,1769.0,989.0,817.0,1750.0,21.0,23.0,3.0,2381.0,21.0,1.0,68.0,31.0,15.0,231.0,1981.0,17.0,1806.0,44.0,24.0,175.0,2339.0,4.0,4.0,7.0,12.0,32.0,125.0,54.0,143.0,0.0,1.0,2.0,6.0,,2.0,2.0,2.0,1.0,1.0,,,,,2.0,1.0,,6.0,2.0,2.0,,,,,1.0,2.0,0.0,1.0,,,1.0,,1.0,,,,,2.0,,,,,,,,,,,,,,,,,,,,,,,,,
Eredivisie,2025-2026,PSV Eindhoven,d36na8jr6xcc8eronhy8mcz1m,K. Sildillia,Defender,25,60.0,24.0,36.0,20.0,132.0,7.0,187.0,10.0,151.0,77.0,74.0,327.0,281.0,8.0,20.0,24.0,14.0,10.0,91.0,53.0,38.0,6.0,16.0,227.0,1.0,700.0,90.0,39.0,16.0,64.0,68.0,18.0,6.0,12.0,1.0,8.0,9.0,9.0,3.0,1.0,19.0,584.0,401.0,199.0,572.0,12.0,19.0,78.0,1219.0,23.0,2.0,42.0,25.0,4.0,219.0,708.0,11.0,591.0,31.0,34.0,117.0,1060.0,27.0,27.0,11.0,4.0,23.0,108.0,36.0,94.0,0.0,2.0,4.0,1.0,,,2.0,,2.0,2.0,2.0,1.0,,1.0,1.0,,1.0,5.0,1.0,2.0,42.0,3.0,,2.0,,2.0,1.0,1.0,,,,1.0,,1.0,1.0,,,,,,1.0,,,,,,,,,,,,,,,,,,,,,,
Eredivisie,2025-2026,PSV Eindhoven,amz65a6dp1pwwql1dkonktfys,T. Smolenaars,Goalkeeper,51,,,,,,,,,,,,,,,,,,,,,,,,,,,,,,,,,,,,,,,,,,,,,,,,,,,,,,,,,,,,,,,,,,,,,,,,,,,,,,,,,,,,,,,,,,,,,,,,,,,,,,,,,,,,,,,,,,,,,,,,,,,,,,,,,,,,,
Eredivisie,2025-2026,PSV Eindhoven,21k54i5a6d9bi4f6gplgzxiw9,G. Til,Midfielder,20,67.0,35.0,32.0,28.0,182.0,1.0,183.0,15.0,192.0,108.0,84.0,475.0,118.0,9.0,28.0,30.0,21.0,9.0,125.0,73.0,52.0,2.0,39.0,164.0,8.0,632.0,108.0,50.0,16.0,57.0,175.0,43.0,19.0,24.0,12.0,4.0,6.0,6.0,3.0,59.0,1.0,526.0,379.0,160.0,532.0,16.0,13.0,1.0,2177.0,41.0,6.0,22.0,27.0,20.0,224.0,639.0,45.0,533.0,29.0,137.0,106.0,959.0,20.0,20.0,15.0,1.0,3.0,103.0,23.0,103.0,4.0,3.0,15.0,3.0,,,4.0,,13.0,13.0,1.0,2.0,,,2.0,,,26.0,,7.0,1.0,9.0,,11.0,,2.0,9.0,4.0,,,12.0,3.0,3.0,,8.0,,,7.0,1.0,,,,,,,,,,,,,,,,,,,,,,,,
Eredivisie,2025-2026,PSV Eindhoven,d4j19ipiaeuetyij08fofgs15,J. Veerman,Midfielder,23,35.0,11.0,24.0,29.0,243.0,12.0,432.0,17.0,192.0,85.0,107.0,822.0,700.0,13.0,29.0,33.0,25.0,8.0,157.0,74.0,83.0,26.0,79.0,386.0,,1858.0,150.0,59.0,28.0,128.0,613.0,93.0,11.0,27.0,8.0,2.0,60.0,10.0,12.0,43.0,125.0,1597.0,1184.0,550.0,1549.0,20.0,37.0,8.0,2351.0,25.0,25.0,54.0,17.0,14.0,453.0,1942.0,25.0,1674.0,57.0,42.0,268.0,2484.0,130.0,27.0,11.0,22.0,88.0,350.0,48.0,180.0,2.0,11.0,9.0,3.0,,,14.0,,8.0,3.0,,,,,2.0,,2.0,14.0,4.0,16.0,1.0,1.0,,,,4.0,3.0,5.0,3.0,145.0,7.0,,1.0,2.0,7.0,44.0,83.0,2.0,,5.0,,,,,,,,,,,,,,,,1.0,1.0,,,,,,
Eredivisie,2025-2026,PSV Eindhoven,11uis2qhphq8uucd4vixva784,N. Verkooijen,Midfielder,50,2.0,1.0,1.0,3.0,1.0,,2.0,1.0,3.0,2.0,1.0,6.0,3.0,,3.0,,,,1.0,1.0,,,1.0,2.0,1.0,7.0,1.0,,,1.0,1.0,1.0,,,,3.0,,,,,,6.0,5.0,1.0,6.0,,,,9.0,1.0,,,,,2.0,7.0,,6.0,,2.0,1.0,8.0,,,,,,1.0,,1.0,0.0,,,,,,,,,,,,,,,,,,,,,,,,,,,,,,,,,,,,,,,,,,,,,,,,,,,,,,,,,,,,,,
Eredivisie,2025-2026,PSV Eindhoven,bhyyi1zzlmc1f7xo3wnh3etxw,E. Waayers,Defender,33,,,,3.0,6.0,1.0,5.0,,5.0,2.0,3.0,10.0,1.0,2.0,3.0,1.0,1.0,,5.0,2.0,3.0,1.0,1.0,9.0,,17.0,2.0,,,1.0,1.0,2.0,,,,3.0,,,,,,16.0,10.0,6.0,16.0,1.0,1.0,6.0,44.0,,1.0,3.0,2.0,1.0,1.0,17.0,1.0,16.0,2.0,1.0,1.0,33.0,,,,,,1.0,,1.0,0.0,1.0,,,,,1.0,,,,,,,,,,,1.0,,,,,,,,,,,,,,,,,,,,,,,,,,,,,,,,,,,,,,,,,,,,,
Eredivisie,2025-2026,PSV Eindhoven,2yc1t7u26zctwjizi283g6q6s,P. Wanner,Midfielder,10,23.0,15.0,8.0,21.0,189.0,2.0,231.0,13.0,163.0,79.0,84.0,408.0,165.0,9.0,21.0,21.0,17.0,4.0,140.0,64.0,76.0,5.0,20.0,272.0,,785.0,93.0,29.0,16.0,69.0,194.0,23.0,12.0,18.0,7.0,3.0,8.0,4.0,14.0,40.0,16.0,702.0,491.0,254.0,721.0,14.0,27.0,3.0,1551.0,39.0,5.0,12.0,23.0,21.0,184.0,820.0,25.0,737.0,41.0,58.0,83.0,1118.0,18.0,6.0,13.0,2.0,7.0,81.0,20.0,76.0,0.0,2.0,6.0,3.0,,,3.0,,3.0,3.0,1.0,,,,1.0,,,13.0,5.0,2.0,,8.0,,3.0,,5.0,1.0,2.0,,24.0,3.0,1.0,2.0,1.0,1.0,4.0,11.0,4.0,,,,,,,,,,,,,,,,,,,,,,,,,
Eredivisie,2025-2026,PSV Eindhoven,avv12sgcucblnbfb790xovf8,R. van Bommel,Forward,7,16.0,7.0,9.0,6.0,48.0,,48.0,6.0,57.0,28.0,29.0,120.0,32.0,4.0,6.0,7.0,5.0,2.0,41.0,21.0,20.0,6.0,8.0,17.0,,143.0,23.0,10.0,1.0,19.0,48.0,8.0,,6.0,6.0,,4.0,2.0,7.0,6.0,,107.0,79.0,33.0,108.0,2.0,8.0,4.0,381.0,11.0,1.0,7.0,9.0,3.0,75.0,145.0,6.0,108.0,10.0,23.0,37.0,242.0,10.0,5.0,10.0,2.0,4.0,38.0,9.0,33.0,1.0,,2.0,,,,,,3.0,2.0,,,,,1.0,,,6.0,,,1.0,1.0,,2.0,,1.0,2.0,1.0,,6.0,3.0,,1.0,1.0,2.0,1.0,4.0,,,1.0,,,,,,,,,,,,,,,,,,,,,,,
Eredivisie,2025-2026,PSV Eindhoven,3c3vzihvua5ap17aa27v1ve38,J. van den Berg,Midfielder,35,1.0,1.0,,5.0,16.0,1.0,25.0,4.0,16.0,7.0,9.0,31.0,13.0,,5.0,3.0,,3.0,15.0,6.0,9.0,3.0,2.0,12.0,,64.0,17.0,4.0,2.0,6.0,23.0,2.0,,1.0,,4.0,,,3.0,4.0,1.0,53.0,28.0,25.0,52.0,3.0,3.0,,138.0,3.0,,2.0,1.0,,18.0,64.0,1.0,53.0,6.0,6.0,11.0,94.0,,,,,1.0,11.0,,10.0,0.0,,1.0,,,,,,,,,,,,,,,1.0,,,,,,,,1.0,,,,,,,,,,,,,,,,,,,,,,,,,,,,,,,,,,,,,
Eredivisie,2025-2026,SBV Excelsior,dolfy51fw3jycb0cfhoecbo16,H. Akujobi,Defender,0,,,,,,,,,,,,,,,,,,,,,,,,,,,,,,,,,,,,,,,,,,,,,,,,,,,,,,,,,,,,,,,,,,,,,,,,,,,,,,,,,,,,,,,,,,,,,,,,,,,,,,,,,,,,,,,,,,,,,,,,,,,,,,,,,,,,,
Eredivisie,2025-2026,SBV Excelsior,buhlcdwtnxeiqgy079kas7dw4,J. Bergraaf,Forward,33,73.0,33.0,40.0,23.0,51.0,,60.0,,150.0,87.0,63.0,132.0,56.0,4.0,23.0,21.0,20.0,1.0,77.0,54.0,23.0,3.0,8.0,43.0,4.0,200.0,29.0,15.0,8.0,21.0,53.0,8.0,14.0,10.0,10.0,13.0,,,4.0,25.0,2.0,127.0,89.0,41.0,128.0,3.0,4.0,,1031.0,23.0,1.0,10.0,22.0,12.0,135.0,203.0,17.0,130.0,7.0,31.0,73.0,357.0,1.0,1.0,13.0,3.0,5.0,59.0,15.0,68.0,0.0,,2.0,,,,,,,,,,,,1.0,,,3.0,,,,1.0,,,,1.0,,,,,,,,1.0,,,,6.0,1.0,,,,,,,,,,,,,,,,,,,,,,,,
Eredivisie,2025-2026,SBV Excelsior,cdhqb1a4h246hu0u13pm0tqay,I. Bronkhorst,Defender,2,105.0,35.0,70.0,32.0,217.0,9.0,210.0,17.0,245.0,100.0,145.0,454.0,510.0,11.0,32.0,40.0,36.0,4.0,140.0,65.0,75.0,27.0,34.0,345.0,,1092.0,118.0,73.0,15.0,131.0,43.0,34.0,7.0,26.0,6.0,6.0,15.0,15.0,7.0,5.0,69.0,812.0,404.0,443.0,763.0,20.0,26.0,187.0,2321.0,17.0,1.0,84.0,30.0,22.0,493.0,1115.0,11.0,832.0,46.0,32.0,283.0,1800.0,60.0,60.0,9.0,41.0,72.0,259.0,84.0,211.0,0.0,,2.0,3.0,,,,,2.0,1.0,1.0,,,,3.0,,,4.0,16.0,,94.0,1.0,,1.0,,6.0,1.0,1.0,,,2.0,,1.0,2.0,1.0,,,,,1.0,,,,,,,,,,,,,,,,,,,,,,,
Eredivisie,2025-2026,SBV Excelsior,eu7eoxnltk5avqgtm94912n10,G. Cairo,Midfielder,24,,,,1.0,,,,1.0,4.0,3.0,1.0,1.0,2.0,1.0,1.0,,,,4.0,3.0,1.0,,,4.0,,6.0,,,,,,,,,,1.0,,,,,,5.0,1.0,4.0,5.0,1.0,,,5.0,1.0,,,1.0,,2.0,6.0,,5.0,1.0,,1.0,8.0,,,1.0,,,1.0,,1.0,0.0,,,,,,,,,,,,,,,,,,,,,,,,,,,,,,,,,,,,,,,,,,,,,,,,,,,,,,,,,,,,,,
Eredivisie,2025-2026,SBV Excelsior,2vfhae70oyyzm0qttlckworqi,A. Carlén,Midfielder,6,39.0,13.0,26.0,24.0,85.0,9.0,71.0,1.0,126.0,53.0,73.0,81.0,141.0,9.0,24.0,25.0,19.0,6.0,87.0,40.0,47.0,9.0,6.0,113.0,1.0,434.0,26.0,26.0,20.0,71.0,116.0,7.0,3.0,12.0,5.0,12.0,,,2.0,5.0,18.0,342.0,143.0,219.0,344.0,15.0,21.0,1.0,1220.0,6.0,,43.0,21.0,9.0,115.0,455.0,4.0,362.0,36.0,10.0,93.0,640.0,2.0,2.0,,17.0,24.0,62.0,33.0,69.0,0.0,1.0,4.0,1.0,,,1.0,,,,1.0,,,1.0,2.0,,,1.0,,,,,,,,4.0,,,,,,,,,,,,1.0,,,,,,,,,,,,,,,,,,,,,,,,,
Eredivisie,2025-2026,SBV Excelsior,aar8gzbrl2b48vh14hu1htxxw,N. El Hamdaoui,Midfielder,34,1.0,1.0,,1.0,2.0,,1.0,,2.0,2.0,,1.0,2.0,,1.0,,,,1.0,1.0,,,,,,4.0,1.0,,,,,,,,,1.0,,,,,,4.0,3.0,1.0,4.0,,,,17.0,,,,1.0,,1.0,4.0,,4.0,,1.0,,5.0,,,,,,,,,0.0,,,,,,,,,,,,,,,,,,,,,,,,,,,,,,,,,,,,,,,,,,,,,,,,,,,,,,,,,,,,,,
Eredivisie,2025-2026,SBV Excelsior,5v3kwio58999yd888sqphu49g,N. Groen,Forward,28,2.0,2.0,,1.0,1.0,,,,4.0,4.0,,4.0,3.0,1.0,1.0,,,,2.0,2.0,,,,,,4.0,,,,2.0,,,,,,1.0,,,,,,2.0,2.0,,2.0,,,,18.0,1.0,,,1.0,,4.0,4.0,,2.0,,,2.0,7.0,1.0,1.0,,,,1.0,2.0,2.0,0.0,,,,,,,,,,,,,,,,,,,,,,,,,,,,,,,,,,,,,,,,,,,,,,,,,,,,,,,,,,,,,,
Eredivisie,2025-2026,SBV Excelsior,6p6sdikmka45csxfw0i0q0l3p,E. Hansson,Forward,7,3.0,2.0,1.0,12.0,58.0,,81.0,6.0,37.0,25.0,12.0,146.0,38.0,1.0,12.0,9.0,8.0,1.0,34.0,23.0,11.0,1.0,9.0,24.0,,171.0,50.0,17.0,5.0,21.0,53.0,10.0,2.0,8.0,8.0,4.0,11.0,4.0,7.0,6.0,2.0,141.0,96.0,58.0,141.0,2.0,1.0,3.0,579.0,13.0,4.0,5.0,3.0,1.0,87.0,173.0,7.0,143.0,3.0,25.0,30.0,281.0,28.0,16.0,11.0,,,48.0,10.0,30.0,1.0,1.0,1.0,,,,1.0,,1.0,1.0,,,,,,,,5.0,,1.0,,1.0,,,,1.0,0.0,1.0,,19.0,1.0,,,1.0,1.0,7.0,11.0,1.0,,,,,,,,,,,,,,,,,,,,,,,,,
Eredivisie,2025-2026,SBV Excelsior,49xsd6e4oyjrhtwsdbdm4rj84,L. Hartjes,Midfielder,20,41.0,19.0,22.0,20.0,134.0,10.0,188.0,,126.0,56.0,70.0,133.0,142.0,10.0,20.0,24.0,23.0,1.0,85.0,37.0,48.0,21.0,5.0,194.0,,640.0,70.0,16.0,9.0,65.0,211.0,5.0,3.0,20.0,16.0,,1.0,1.0,6.0,10.0,35.0,563.0,246.0,359.0,569.0,11.0,20.0,,1474.0,14.0,,41.0,15.0,11.0,124.0,681.0,5.0,604.0,31.0,21.0,77.0,895.0,5.0,5.0,8.0,4.0,15.0,48.0,34.0,62.0,0.0,,3.0,1.0,,,,,1.0,1.0,,,,,1.0,,,2.0,4.0,,,2.0,2.0,1.0,,1.0,1.0,0.0,,,1.0,,1.0,,,,,,,,,,,,,,,,,,,,,,,,,,,,,,
Eredivisie,2025-2026,SBV Excelsior,4fcmk1x7n95o7owons6mc5a1g,S. Henderikx,Defender,5,16.0,5.0,11.0,10.0,33.0,2.0,64.0,1.0,40.0,16.0,24.0,17.0,89.0,5.0,10.0,17.0,14.0,3.0,24.0,11.0,13.0,12.0,,47.0,,264.0,31.0,7.0,4.0,19.0,106.0,,1.0,5.0,,5.0,1.0,1.0,,,16.0,221.0,72.0,161.0,216.0,4.0,5.0,8.0,528.0,,,29.0,7.0,4.0,51.0,275.0,4.0,232.0,9.0,1.0,43.0,367.0,1.0,1.0,,14.0,24.0,31.0,13.0,19.0,0.0,,,1.0,,3.0,,3.0,,,,,,,2.0,,,3.0,4.0,,2.0,,,,1.0,,,,,,,1.0,,,,,,,,,,,,,,,,,,,,,,,1.0,,,,,,,,
Eredivisie,2025-2026,SBV Excelsior,1l6pokz0idh52sh8seqkznms4,T. Holla,Goalkeeper,40,,,,1.0,,,6.0,,1.0,1.0,,,30.0,1.0,1.0,4.0,4.0,,1.0,1.0,,,1.0,6.0,,33.0,1.0,,,11.0,4.0,1.0,,,,1.0,,,,,12.0,24.0,11.0,14.0,13.0,,,,60.0,,,,1.0,,15.0,40.0,,25.0,,,15.0,47.0,,,,11.0,15.0,14.0,1.0,,0.0,,,,,3.0,,4.0,,,,,,1.0,1.0,,,,11.0,,,,,,,,,,,,,,,,,,,,,,,1.0,,4.0,1.0,,3.0,3.0,,,,,,,,,,,,,,,
Eredivisie,2025-2026,SBV Excelsior,dotvgi9g50m2axfw4isamd1ck,M. Jonathans,Forward,26,13.0,7.0,6.0,16.0,52.0,1.0,77.0,4.0,65.0,37.0,28.0,129.0,44.0,3.0,16.0,12.0,11.0,1.0,52.0,30.0,22.0,,8.0,55.0,,164.0,46.0,7.0,3.0,24.0,13.0,9.0,4.0,3.0,4.0,13.0,7.0,5.0,7.0,4.0,9.0,123.0,88.0,42.0,114.0,2.0,3.0,,493.0,20.0,2.0,6.0,6.0,11.0,91.0,164.0,9.0,123.0,5.0,21.0,41.0,286.0,9.0,8.0,11.0,3.0,7.0,37.0,13.0,34.0,0.0,,6.0,,,,1.0,,2.0,2.0,,1.0,,,1.0,,,5.0,1.0,,1.0,1.0,,2.0,,1.0,1.0,1.0,,3.0,2.0,1.0,,1.0,1.0,2.0,1.0,3.0,,,,,,,,,,,,,,,,,,,,,,,,,
Eredivisie,2025-2026,SBV Excelsior,1xwmx2ydxa5zeqo12778h83ro,N. Martens,Defender,17,12.0,7.0,5.0,9.0,40.0,4.0,44.0,,43.0,24.0,19.0,56.0,77.0,3.0,9.0,8.0,7.0,1.0,31.0,17.0,14.0,5.0,,39.0,1.0,179.0,21.0,13.0,5.0,25.0,25.0,1.0,1.0,6.0,6.0,3.0,,,2.0,,13.0,134.0,61.0,75.0,123.0,2.0,10.0,26.0,481.0,9.0,,18.0,3.0,,82.0,181.0,1.0,136.0,12.0,3.0,45.0,304.0,11.0,11.0,5.0,13.0,19.0,39.0,17.0,26.0,0.0,,,,1.0,,1.0,,,,,,,,,,,,4.0,,10.0,,,,,,,,,,,,,,,,,,,,,,,,,,,,,,,,,,,,,,,,,,
Eredivisie,2025-2026,SBV Excelsior,c6i4usq34m3389rtbqptahrai,R. Meissen,Defender,3,70.0,29.0,41.0,32.0,133.0,24.0,335.0,5.0,156.0,70.0,86.0,74.0,398.0,13.0,32.0,39.0,33.0,6.0,86.0,41.0,45.0,51.0,5.0,288.0,,1226.0,142.0,30.0,20.0,115.0,437.0,8.0,3.0,27.0,7.0,5.0,,,2.0,2.0,110.0,1035.0,343.0,720.0,953.0,8.0,20.0,17.0,2449.0,5.0,2.0,110.0,24.0,15.0,230.0,1256.0,8.0,1063.0,28.0,21.0,193.0,1610.0,3.0,3.0,2.0,38.0,79.0,146.0,50.0,114.0,0.0,2.0,4.0,4.0,,1.0,3.0,1.0,,,,,,1.0,3.0,,,5.0,8.0,,7.0,2.0,1.0,,,4.0,,,,,,1.0,,1.0,,,,,,,3.0,,,,,,,,,,,,,,,,,,,,,,
Eredivisie,2025-2026,SBV Excelsior,f314a9y83ou7l9imhnbp4f6dw,S. Middendorp,Midfielder,25,3.0,1.0,2.0,6.0,12.0,1.0,10.0,,18.0,7.0,11.0,15.0,22.0,,6.0,6.0,5.0,1.0,15.0,6.0,9.0,3.0,,16.0,,55.0,3.0,5.0,4.0,14.0,6.0,,1.0,2.0,1.0,4.0,,,2.0,2.0,2.0,40.0,16.0,25.0,39.0,1.0,4.0,1.0,198.0,4.0,,8.0,,2.0,21.0,56.0,1.0,41.0,5.0,1.0,15.0,93.0,1.0,1.0,2.0,1.0,3.0,13.0,3.0,12.0,0.0,,,,,,,,,,,,,,,,,,1.0,,,,,,1.0,,,,,,,,,,,,,,,,,,,,,,,,,,,,,,1.0,,,,,,,,
Eredivisie,2025-2026,SBV Excelsior,1fs2iimaa97nzlw80yypcd6ju,S. Mitrović,Forward,22,8.0,5.0,3.0,9.0,16.0,,45.0,6.0,35.0,21.0,14.0,59.0,17.0,2.0,9.0,4.0,3.0,1.0,27.0,16.0,11.0,2.0,3.0,21.0,,66.0,30.0,7.0,2.0,10.0,12.0,2.0,1.0,2.0,2.0,7.0,2.0,2.0,3.0,,3.0,53.0,32.0,23.0,50.0,1.0,1.0,,256.0,10.0,1.0,1.0,5.0,6.0,48.0,66.0,3.0,53.0,2.0,8.0,13.0,135.0,16.0,16.0,1.0,1.0,2.0,23.0,6.0,11.0,0.0,,4.0,,,,,,,,,,,,1.0,,1.0,2.0,2.0,,,,,,,,,,1.0,,,,,1.0,,,,2.0,,,,,,,,,,,,,,,,,,,,,,,,,
Eredivisie,2025-2026,SBV Excelsior,ucqemxwd5n13up4t16o6qot0,C. Nadje,Midfielder,18,10.0,4.0,6.0,7.0,18.0,2.0,41.0,2.0,45.0,22.0,23.0,35.0,29.0,2.0,7.0,4.0,3.0,1.0,35.0,18.0,17.0,2.0,2.0,26.0,,106.0,22.0,6.0,2.0,22.0,35.0,2.0,1.0,2.0,2.0,5.0,1.0,1.0,7.0,2.0,4.0,82.0,52.0,33.0,80.0,2.0,2.0,,234.0,13.0,,5.0,4.0,6.0,39.0,108.0,1.0,84.0,4.0,4.0,24.0,169.0,1.0,1.0,6.0,1.0,5.0,20.0,5.0,19.0,0.0,,3.0,,,,,,,,,,,,1.0,,,,,,,,,,,2.0,,,,,,,,,,,,,,,,,,,,,,,,,,,,,,,,,,,,,
Eredivisie,2025-2026,SBV Excelsior,6coor7jll29drx4kgvyt499wq,N. Naujoks,Midfielder,10,123.0,70.0,53.0,30.0,139.0,5.0,147.0,15.0,337.0,189.0,148.0,349.0,196.0,24.0,30.0,42.0,37.0,5.0,214.0,119.0,95.0,21.0,25.0,136.0,3.0,598.0,73.0,41.0,26.0,76.0,143.0,26.0,28.0,28.0,15.0,2.0,,,16.0,33.0,13.0,414.0,272.0,157.0,416.0,28.0,21.0,4.0,2248.0,44.0,4.0,28.0,46.0,30.0,303.0,614.0,51.0,429.0,49.0,100.0,185.0,1042.0,11.0,11.0,27.0,12.0,21.0,158.0,38.0,164.0,3.0,1.0,11.0,1.0,,,1.0,,9.0,8.0,,2.0,,,2.0,,,23.0,3.0,1.0,,12.0,,6.0,,3.0,6.0,3.0,,,6.0,1.0,2.0,4.0,4.0,,,8.0,,1.0,,,,,,,,,,,,,2.0,2.0,,,,,,,,1.0,
Eredivisie,2025-2026,SBV Excelsior,790v7fu7f2s40e160mlrb6dt6,C. Raatsie,Goalkeeper,16,,,,2.0,,,21.0,1.0,1.0,,1.0,,50.0,,2.0,6.0,6.0,,1.0,,1.0,,,32.0,,97.0,7.0,,,14.0,31.0,,,2.0,,,,,,,15.0,77.0,11.0,75.0,71.0,1.0,,,180.0,,,3.0,1.0,,27.0,113.0,,86.0,1.0,,27.0,137.0,,,,19.0,26.0,25.0,2.0,1.0,0.0,,,,,15.0,,11.0,,,,,,,,,,,5.0,,,,3.0,,,,,,,,,,,,,,,,,,1.0,2.0,,4.0,,,10.0,7.0,3.0,,3.0,,,,,,,,,,,,
Eredivisie,2025-2026,SBV Excelsior,5nhideyjwp2347ryi1n9wfq50,D. Sanches Fernandes,Forward,30,50.0,40.0,10.0,32.0,261.0,,428.0,24.0,335.0,208.0,127.0,651.0,205.0,10.0,32.0,44.0,39.0,5.0,285.0,168.0,117.0,11.0,29.0,298.0,3.0,814.0,243.0,44.0,21.0,137.0,65.0,32.0,14.0,29.0,21.0,3.0,15.0,14.0,66.0,28.0,43.0,679.0,455.0,253.0,650.0,9.0,14.0,16.0,2415.0,108.0,7.0,17.0,41.0,28.0,391.0,829.0,34.0,693.0,23.0,97.0,136.0,1394.0,54.0,37.0,58.0,4.0,15.0,158.0,32.0,121.0,0.0,3.0,22.0,1.0,,,3.0,,6.0,6.0,1.0,1.0,,,1.0,,,20.0,4.0,6.0,1.0,4.0,,5.0,,,3.0,3.0,3.0,25.0,4.0,1.0,3.0,6.0,2.0,1.0,16.0,2.0,,,,,,,,,,,,,,,,,,,,,,,,,
Eredivisie,2025-2026,SBV Excelsior,cs49ec8y6cubrlo5nmu3j3jtg,L. Schouten,Defender,14,57.0,26.0,31.0,23.0,93.0,8.0,181.0,3.0,123.0,59.0,64.0,69.0,227.0,3.0,23.0,19.0,18.0,1.0,66.0,33.0,33.0,16.0,9.0,154.0,1.0,706.0,100.0,16.0,11.0,58.0,254.0,9.0,4.0,13.0,6.0,10.0,,,1.0,2.0,56.0,598.0,232.0,388.0,564.0,8.0,15.0,,1264.0,5.0,2.0,62.0,17.0,9.0,122.0,728.0,9.0,620.0,23.0,20.0,108.0,907.0,4.0,3.0,3.0,21.0,49.0,73.0,39.0,59.0,1.0,,3.0,1.0,,,,,1.0,1.0,1.0,1.0,,1.0,2.0,,,5.0,8.0,,,2.0,1.0,1.0,,1.0,0.0,1.0,1.0,,1.0,,,,,,,,,,1.0,,,,,,,,,,,,,,,,,,,,,,
Eredivisie,2025-2026,SBV Excelsior,5pg02unrm16jaa8vt5ego9z6y,S. Janssen,Defender,15,10.0,7.0,3.0,13.0,51.0,2.0,46.0,7.0,41.0,21.0,20.0,86.0,66.0,3.0,13.0,13.0,11.0,2.0,31.0,14.0,17.0,5.0,4.0,16.0,2.0,153.0,26.0,17.0,8.0,18.0,24.0,5.0,1.0,5.0,4.0,8.0,5.0,3.0,1.0,,11.0,129.0,66.0,72.0,122.0,5.0,5.0,28.0,507.0,4.0,2.0,12.0,4.0,6.0,61.0,157.0,6.0,133.0,10.0,11.0,24.0,288.0,19.0,18.0,2.0,10.0,11.0,35.0,8.0,13.0,0.0,1.0,,,,,1.0,,,,,,,,2.0,,,5.0,1.0,,8.0,1.0,,,,,,,1.0,1.0,,1.0,,,,,1.0,,,,,,,,,,,,,,,,,,,,,,,,,,
Eredivisie,2025-2026,SBV Excelsior,cla6c6izphee9prb80c15baei,M. Tielemans,Midfielder,8,1.0,1.0,,2.0,15.0,,18.0,,7.0,5.0,2.0,23.0,15.0,1.0,2.0,4.0,4.0,,6.0,4.0,2.0,2.0,2.0,23.0,,75.0,8.0,3.0,3.0,4.0,24.0,2.0,,2.0,2.0,,1.0,1.0,,2.0,6.0,69.0,36.0,36.0,65.0,1.0,,,133.0,1.0,,3.0,2.0,1.0,11.0,77.0,1.0,71.0,1.0,,6.0,97.0,2.0,2.0,,1.0,3.0,6.0,2.0,3.0,0.0,,,,,,,,,,,,,,,,,1.0,,,,,,,,,,,,1.0,,,,,,,,,,,,,,,,,,,,,,,,,,,,,,,,,
Eredivisie,2025-2026,SBV Excelsior,aeqj9ogm0dntus0wl352w9z6y,C. Widell,Defender,4,158.0,55.0,103.0,33.0,119.0,31.0,334.0,1.0,245.0,96.0,149.0,81.0,627.0,6.0,33.0,54.0,47.0,7.0,87.0,41.0,46.0,31.0,8.0,634.0,,1676.0,156.0,30.0,18.0,98.0,338.0,9.0,9.0,33.0,1.0,,1.0,1.0,4.0,,142.0,1389.0,452.0,975.0,1284.0,11.0,22.0,4.0,2964.0,4.0,1.0,240.0,24.0,9.0,310.0,1718.0,13.0,1426.0,33.0,43.0,292.0,2190.0,2.0,2.0,,49.0,128.0,224.0,70.0,164.0,0.0,,5.0,6.0,,10.0,1.0,10.0,1.0,1.0,2.0,1.0,,1.0,4.0,,,4.0,21.0,3.0,1.0,3.0,,1.0,,2.0,0.0,1.0,1.0,,,,,,,,,,,,1.0,,,,,,,,,,,,,,,,,,,,,,
Eredivisie,2025-2026,SBV Excelsior,6f3c55lmvbkyifp466cepudt6,S. Włodarczyk,Forward,9,70.0,52.0,18.0,22.0,37.0,2.0,35.0,4.0,115.0,86.0,29.0,120.0,38.0,3.0,22.0,9.0,6.0,3.0,45.0,34.0,11.0,,10.0,30.0,2.0,129.0,24.0,19.0,9.0,16.0,30.0,11.0,7.0,9.0,9.0,13.0,1.0,1.0,3.0,7.0,7.0,85.0,63.0,29.0,84.0,1.0,3.0,1.0,749.0,18.0,1.0,9.0,9.0,4.0,98.0,135.0,17.0,91.0,4.0,37.0,44.0,265.0,4.0,4.0,3.0,1.0,2.0,40.0,8.0,42.0,0.0,,4.0,,,,1.0,,3.0,3.0,2.0,2.0,,,1.0,,,10.0,2.0,1.0,,6.0,,3.0,,1.0,1.0,2.0,,,2.0,,,2.0,1.0,,,4.0,,,,,,,,,,,,,,,1.0,,,,,,,,,,
Eredivisie,2025-2026,SBV Excelsior,3hu6e9wa0nt4ekubxye6l4pas,I. Yegoian,Midfielder,23,51.0,27.0,24.0,30.0,262.0,11.0,367.0,10.0,286.0,141.0,145.0,429.0,260.0,9.0,30.0,44.0,38.0,6.0,235.0,114.0,121.0,32.0,34.0,215.0,3.0,967.0,156.0,54.0,24.0,173.0,246.0,36.0,21.0,29.0,6.0,1.0,11.0,9.0,37.0,24.0,58.0,804.0,461.0,370.0,762.0,22.0,28.0,8.0,2585.0,74.0,4.0,28.0,21.0,34.0,331.0,983.0,34.0,820.0,50.0,68.0,163.0,1526.0,24.0,21.0,36.0,23.0,37.0,143.0,44.0,126.0,1.0,1.0,17.0,4.0,1.0,,2.0,,5.0,4.0,2.0,,,,2.0,,,13.0,6.0,1.0,,2.0,,2.0,,2.0,3.0,2.0,,5.0,5.0,1.0,1.0,2.0,4.0,2.0,3.0,,,1.0,,,,,,,,,,,,,,,,,,,,,,,
Eredivisie,2025-2026,SBV Excelsior,424ohpqxpz31dlopxxamyk9as,Yoon Do-Young,Forward,7,3.0,3.0,,6.0,5.0,,9.0,,18.0,12.0,6.0,23.0,5.0,,6.0,5.0,5.0,,15.0,9.0,6.0,2.0,,7.0,,20.0,2.0,2.0,2.0,6.0,3.0,,2.0,,,6.0,,,1.0,1.0,,16.0,8.0,8.0,16.0,1.0,1.0,,97.0,5.0,,2.0,3.0,3.0,14.0,20.0,4.0,16.0,2.0,3.0,4.0,49.0,2.0,1.0,3.0,,,5.0,1.0,4.0,0.0,,1.0,,,,,,1.0,1.0,1.0,,,,2.0,,,2.0,,,,1.0,,1.0,,1.0,0.0,1.0,1.0,1.0,1.0,1.0,1.0,,,,1.0,,,,,,,,,,,,,,,,,,,,,,,,,,
Eredivisie,2025-2026,SBV Excelsior,4sunqn5rh61b4lmywcei3d17u,Z. Booth,Midfielder,21,2.0,2.0,,3.0,13.0,,6.0,,7.0,6.0,1.0,18.0,5.0,1.0,3.0,3.0,3.0,,5.0,4.0,1.0,,,6.0,1.0,29.0,4.0,1.0,1.0,3.0,5.0,,,1.0,1.0,2.0,,,,1.0,1.0,22.0,12.0,10.0,21.0,1.0,,,105.0,,,,4.0,,10.0,29.0,1.0,22.0,1.0,,7.0,37.0,,,,1.0,1.0,5.0,2.0,6.0,0.0,,,,,,,,,,,,,,1.0,,,1.0,,,,,,,,,,,,,,,,,,,,,,,,,,,,,,,,,,,,,,,,,,,,,
Eredivisie,2025-2026,SBV Excelsior,5wwqe546ohp130rvi8x8pt0tm,A. Zagré,Defender,12,17.0,9.0,8.0,29.0,276.0,9.0,275.0,8.0,197.0,89.0,108.0,400.0,358.0,17.0,29.0,42.0,37.0,5.0,180.0,80.0,100.0,31.0,15.0,57.0,2.0,1015.0,142.0,60.0,30.0,156.0,351.0,17.0,6.0,26.0,5.0,3.0,8.0,4.0,32.0,4.0,53.0,847.0,402.0,479.0,820.0,19.0,33.0,150.0,2296.0,40.0,4.0,45.0,31.0,16.0,312.0,1042.0,13.0,873.0,52.0,50.0,169.0,1653.0,32.0,29.0,21.0,35.0,57.0,117.0,84.0,112.0,0.0,2.0,10.0,3.0,1.0,,2.0,,3.0,3.0,2.0,,,,3.0,1.0,,7.0,9.0,1.0,28.0,3.0,1.0,3.0,1.0,5.0,1.0,2.0,1.0,3.0,2.0,3.0,2.0,2.0,1.0,2.0,1.0,1.0,,,2.0,,,,,,,,,,,,2.0,1.0,,,,,1.0,,,,
Eredivisie,2025-2026,SBV Excelsior,30t0ph1icrggc0x62om801ses,G. de Regt,Forward,11,60.0,33.0,27.0,33.0,221.0,2.0,309.0,20.0,231.0,141.0,90.0,619.0,171.0,7.0,33.0,48.0,41.0,7.0,171.0,108.0,63.0,10.0,46.0,73.0,9.0,665.0,191.0,49.0,17.0,90.0,228.0,52.0,15.0,30.0,10.0,3.0,48.0,20.0,21.0,52.0,24.0,475.0,356.0,188.0,472.0,10.0,11.0,11.0,2572.0,51.0,15.0,28.0,32.0,21.0,459.0,693.0,31.0,496.0,21.0,76.0,197.0,1224.0,136.0,69.0,34.0,13.0,33.0,286.0,47.0,164.0,2.0,6.0,9.0,5.0,,,6.0,,3.0,3.0,,,,,4.0,,1.0,16.0,3.0,3.0,1.0,10.0,,2.0,,3.0,1.0,2.0,4.0,79.0,3.0,2.0,1.0,4.0,2.0,21.0,44.0,6.0,,,,,,,,,,,,,,,,,,,,,,,,,
Eredivisie,2025-2026,SBV Excelsior,7y0acvcg9km8dz51t5ndy23md,M. van Duinen,Forward,29,87.0,49.0,38.0,27.0,19.0,3.0,18.0,2.0,149.0,92.0,57.0,114.0,60.0,11.0,27.0,12.0,10.0,2.0,62.0,43.0,19.0,2.0,4.0,24.0,2.0,124.0,9.0,8.0,7.0,19.0,27.0,6.0,10.0,4.0,4.0,23.0,,,3.0,3.0,5.0,66.0,49.0,23.0,67.0,3.0,9.0,1.0,631.0,17.0,3.0,12.0,25.0,4.0,96.0,130.0,14.0,72.0,12.0,32.0,58.0,257.0,,,5.0,6.0,7.0,52.0,6.0,51.0,1.0,1.0,4.0,,,,2.0,,1.0,1.0,,,,,1.0,,,4.0,1.0,,,1.0,,,,2.0,1.0,0.0,,,1.0,,,,1.0,,,,,,,,,,,,,,,,,,,,,,,,,,,,
Eredivisie,2025-2026,SBV Excelsior,am19rcub89k9bleldiqps7845,S. van Gassel,Goalkeeper,1,5.0,,5.0,31.0,,,265.0,2.0,10.0,2.0,8.0,,1009.0,,31.0,44.0,37.0,7.0,5.0,2.0,3.0,,2.0,191.0,,999.0,116.0,1.0,1.0,296.0,207.0,3.0,,31.0,1.0,,,,,,404.0,641.0,314.0,507.0,417.0,,,,2730.0,,2.0,40.0,,4.0,598.0,1407.0,,821.0,,,586.0,1739.0,,,,316.0,579.0,506.0,80.0,7.0,0.0,,,6.0,,241.0,1.0,242.0,,,,,,,3.0,,,,158.0,1.0,,,31.0,,,,,,,,,,,,,,,,,,,25.0,4.0,132.0,4.0,16.0,114.0,74.0,38.0,1.0,28.0,2.0,,,,,,,,,,,
Eredivisie,2025-2026,SBV Excelsior,b231fnsxef1axfvsffjqlmfpw,G. van den Berg,Midfielder,25,,,,,,,,,,,,,,,,,,,,,,,,,,,,,,,,,,,,,,,,,,,,,,,,,,,,,,,,,,,,,,,,,,,,,,,,,,,,,,,,,,,,,,,,,,,,,,,,,,,,,,,,,,,,,,,,,,,,,,,,,,,,,,,,,,,,,
Eredivisie,2025-2026,SC Heerenveen,2wkkk6gwgpyozr60341o90y6s,I. Ahmed,Midfielder,35,1.0,1.0,,2.0,,,1.0,,2.0,2.0,,,1.0,,2.0,,,,1.0,1.0,,1.0,,1.0,,2.0,,,,1.0,,,,,,2.0,,,,,,,,,,,,,2.0,,,,1.0,,3.0,2.0,,,,,2.0,4.0,,,,,1.0,2.0,,1.0,0.0,,,,,,,,,,,,,,,,,,,,,,,,,,,,,,,,,,,,,,,,,,,,,,,,,,,,,,,,,,,,,,
Eredivisie,2025-2026,SC Heerenveen,6q72mpmc478hlf4f7ths9ez56,N. Bakker,Goalkeeper,31,,,,1.0,,,7.0,,,,,,18.0,,1.0,2.0,2.0,,,,,,,11.0,,26.0,2.0,,,6.0,2.0,,,1.0,,,,,,,6.0,18.0,3.0,19.0,16.0,,,,90.0,,,1.0,,,9.0,31.0,,22.0,,,9.0,36.0,,,,6.0,8.0,3.0,6.0,1.0,0.0,,,,,6.0,,3.0,,,,,,,,,,,3.0,,,,,,,,,,,,,,,,,,,,,,,,,,,,1.0,,1.0,,,,,,,,,,,,,,
Eredivisie,2025-2026,SC Heerenveen,73k8ok0kpb9xb6yhpmfhzir55,J. Bekkema,Goalkeeper,23,,,,,,,,,,,,,,,,,,,,,,,,,,,,,,,,,,,,,,,,,,,,,,,,,,,,,,,,,,,,,,,,,,,,,,,,,,,,,,,,,,,,,,,,,,,,,,,,,,,,,,,,,,,,,,,,,,,,,,,,,,,,,,,,,,,,,
Eredivisie,2025-2026,SC Heerenveen,1tj9gmnm02s8f12zwzvuwnoph,P. Bochniewicz,Defender,5,1.0,1.0,,1.0,,,,,1.0,1.0,,2.0,,,1.0,,,,,,,,,1.0,,1.0,,,,,,,,,,1.0,,,,,,,,,,,,,2.0,,,,,,1.0,1.0,,,,1.0,1.0,2.0,,,,,,1.0,,1.0,0.0,,,,,,,,,,,,,,,,,,,,,,,,,,,,,,,,,,,,,,,,,,,,,,,,,,,,,,,,,,,,,,
Eredivisie,2025-2026,SC Heerenveen,8eyd36qktzn589pd0496khyqc,C. Bonevacia,Forward,40,,,,,,,,,,,,,,,,,,,,,,,,,,,,,,,,,,,,,,,,,,,,,,,,,,,,,,,,,,,,,,,,,,,,,,,,,,,,,,,,,,,,,,,,,,,,,,,,,,,,,,,,,,,,,,,,,,,,,,,,,,,,,,,,,,,,,
Eredivisie,2025-2026,SC Heerenveen,ebo9akaapn39gdt7o3fsqhz4k,R. Bouw,Defender,34,,,,,,,,,,,,,,,,,,,,,,,,,,,,,,,,,,,,,,,,,,,,,,,,,,,,,,,,,,,,,,,,,,,,,,,,,,,,,,,,,,,,,,,,,,,,,,,,,,,,,,,,,,,,,,,,,,,,,,,,,,,,,,,,,,,,,
Eredivisie,2025-2026,SC Heerenveen,ar7llmzju08n8yrqu8xm1thck,O. Braude,Defender,45,98.0,50.0,48.0,31.0,250.0,15.0,415.0,10.0,327.0,151.0,176.0,469.0,511.0,17.0,31.0,50.0,41.0,9.0,229.0,101.0,128.0,20.0,21.0,490.0,4.0,1291.0,178.0,58.0,23.0,157.0,69.0,25.0,11.0,31.0,5.0,,14.0,14.0,17.0,6.0,94.0,994.0,492.0,541.0,925.0,23.0,39.0,190.0,2729.0,30.0,4.0,82.0,43.0,49.0,449.0,1320.0,15.0,1019.0,62.0,58.0,301.0,2026.0,44.0,43.0,15.0,51.0,119.0,269.0,76.0,182.0,0.0,4.0,5.0,4.0,,,4.0,,,,1.0,,,,3.0,,,4.0,10.0,2.0,32.0,2.0,,,,7.0,,,,1.0,,1.0,,,,,1.0,,,,,,,,,,,,,,,,,,,,,,,,,,
Eredivisie,2025-2026,SC Heerenveen,eu6pfkiah7otafyryg6ll7y09,L. Brouwers,Midfielder,8,59.0,24.0,35.0,29.0,153.0,1.0,204.0,9.0,192.0,88.0,104.0,303.0,251.0,12.0,29.0,35.0,30.0,5.0,133.0,64.0,69.0,14.0,22.0,217.0,9.0,811.0,84.0,32.0,13.0,82.0,221.0,26.0,13.0,21.0,3.0,8.0,2.0,2.0,9.0,23.0,31.0,672.0,375.0,330.0,672.0,19.0,22.0,15.0,1933.0,20.0,5.0,45.0,26.0,19.0,197.0,842.0,24.0,703.0,41.0,67.0,139.0,1134.0,8.0,8.0,6.0,6.0,11.0,95.0,52.0,128.0,1.0,3.0,11.0,1.0,,,4.0,,5.0,4.0,1.0,,,,3.0,1.0,,11.0,3.0,3.0,2.0,5.0,,2.0,1.0,2.0,4.0,1.0,,,4.0,1.0,1.0,4.0,4.0,,,3.0,2.0,1.0,,,,,,,,,,,,,,,,,,,,,,,
Eredivisie,2025-2026,SC Heerenveen,4ueed4kbdae5xugt9ajz6dw5w,N. Courtens,Midfielder,36,3.0,2.0,1.0,5.0,4.0,1.0,3.0,,9.0,6.0,3.0,9.0,9.0,,5.0,1.0,,1.0,6.0,4.0,2.0,,2.0,4.0,,22.0,1.0,1.0,,1.0,5.0,2.0,,,,5.0,,,,,,17.0,9.0,8.0,17.0,1.0,1.0,,52.0,3.0,,,1.0,,10.0,22.0,,17.0,2.0,,5.0,35.0,1.0,,,,,5.0,1.0,5.0,0.0,,,,,,,,,,,,,,,,,,,,,,,,,1.0,,,,1.0,,,,,,,1.0,,,,,,,,,,,,,,,,,,,,,,,,,,
Eredivisie,2025-2026,SC Heerenveen,88523fv89ozrqwnbhgphxual0,M. Egbring,Defender,15,10.0,3.0,7.0,8.0,10.0,,14.0,,33.0,17.0,16.0,22.0,19.0,3.0,8.0,3.0,2.0,1.0,23.0,14.0,9.0,4.0,2.0,19.0,,48.0,5.0,5.0,3.0,8.0,1.0,3.0,1.0,1.0,,7.0,2.0,2.0,1.0,,3.0,33.0,15.0,21.0,31.0,1.0,5.0,15.0,163.0,1.0,2.0,14.0,5.0,2.0,21.0,49.0,1.0,34.0,6.0,5.0,15.0,112.0,1.0,1.0,,1.0,3.0,12.0,4.0,12.0,0.0,1.0,,,,,1.0,,,,,,,,,,,,1.0,,1.0,,,,,1.0,,,,,,,,,,,,,,,,,,,,,,,,,,,,,,,,,,,,,
Eredivisie,2025-2026,SC Heerenveen,cyn9r9vb8vea1gkyqzwruck4,E. Gürbüz,Forward,50,6.0,3.0,3.0,15.0,20.0,,63.0,5.0,54.0,29.0,25.0,106.0,23.0,2.0,15.0,4.0,4.0,,48.0,26.0,22.0,,3.0,15.0,,67.0,35.0,7.0,2.0,12.0,15.0,3.0,1.0,1.0,1.0,14.0,3.0,1.0,14.0,2.0,,48.0,41.0,15.0,53.0,3.0,3.0,3.0,287.0,18.0,,,7.0,2.0,76.0,73.0,7.0,53.0,6.0,16.0,20.0,190.0,22.0,16.0,12.0,,,38.0,4.0,20.0,0.0,,5.0,,,,,,1.0,1.0,1.0,,,,1.0,,1.0,6.0,,,1.0,1.0,,1.0,,1.0,1.0,0.0,1.0,11.0,1.0,,1.0,,,1.0,6.0,,,,,,,,,,,,,,,,,,,,,,,,,,
Eredivisie,2025-2026,SC Heerenveen,d2698ncsatg6jtvb0l9ijhj4k,N. Hopland,Defender,17,26.0,10.0,16.0,18.0,29.0,,78.0,1.0,57.0,27.0,30.0,16.0,121.0,1.0,18.0,10.0,6.0,4.0,31.0,17.0,14.0,7.0,2.0,86.0,,346.0,34.0,5.0,5.0,24.0,122.0,2.0,,5.0,2.0,13.0,,,,,21.0,306.0,107.0,210.0,296.0,6.0,4.0,1.0,526.0,4.0,,33.0,5.0,4.0,52.0,358.0,1.0,317.0,10.0,5.0,41.0,444.0,1.0,1.0,1.0,7.0,15.0,30.0,12.0,26.0,0.0,,1.0,,,1.0,,1.0,1.0,1.0,,,,,,,,1.0,4.0,,,,,1.0,,1.0,1.0,0.0,,,,,,,1.0,,,,,,,,,,,,,,,,,,,,,,,,,,,,
Eredivisie,2025-2026,SC Heerenveen,1r9qt0cmgr8qk8l0ybh6qysd0,K. Jansen,Midfielder,32,,,,,,,,,,,,,,,,,,,,,,,,,,,,,,,,,,,,,,,,,,,,,,,,,,,,,,,,,,,,,,,,,,,,,,,,,,,,,,,,,,,,,,,,,,,,,,,,,,,,,,,,,,,,,,,,,,,,,,,,,,,,,,,,,,,,,
Eredivisie,2025-2026,SC Heerenveen,idvh0ac1f8wv39640pyl4esp,S. Kersten,Defender,4,80.0,35.0,45.0,30.0,89.0,14.0,283.0,4.0,171.0,76.0,95.0,63.0,388.0,14.0,30.0,39.0,30.0,9.0,91.0,41.0,50.0,26.0,8.0,481.0,,1218.0,147.0,39.0,25.0,95.0,315.0,8.0,1.0,26.0,6.0,4.0,,,3.0,,61.0,1070.0,376.0,744.0,1059.0,9.0,28.0,1.0,2262.0,8.0,1.0,161.0,26.0,10.0,175.0,1273.0,4.0,1120.0,37.0,11.0,153.0,1628.0,,,2.0,40.0,69.0,93.0,60.0,84.0,1.0,,5.0,2.0,1.0,17.0,,17.0,1.0,,,,,,3.0,,1.0,3.0,7.0,1.0,1.0,,1.0,,,5.0,1.0,0.0,,,1.0,,,,1.0,,,,,1.0,3.0,,,,,,,,,,,,,,,,,,,,,,
Eredivisie,2025-2026,SC Heerenveen,a40zl71xh862o3qqxy89mp8q2,B. Klaverboer,Goalkeeper,22,6.0,,6.0,28.0,,,170.0,1.0,14.0,,14.0,,803.0,,28.0,44.0,36.0,8.0,8.0,,8.0,,1.0,180.0,,884.0,50.0,,,270.0,124.0,1.0,,28.0,,,,,3.0,,202.0,540.0,131.0,527.0,456.0,,,,2520.0,,,30.0,,4.0,453.0,1107.0,,658.0,,,449.0,1412.0,,,,317.0,441.0,348.0,101.0,8.0,0.0,,,4.0,,202.0,,140.0,,,,,1.0,,3.0,,,,106.0,,,,19.0,,,2.0,,,,,,,,,,,,,,,,20.0,3.0,58.0,3.0,18.0,111.0,62.0,46.0,2.0,26.0,6.0,,,,,,,,,,,
Eredivisie,2025-2026,SC Heerenveen,e5hzt8nmhu2ktn69dsv67ga38,M. Linday,Midfielder,16,51.0,25.0,26.0,31.0,222.0,5.0,322.0,2.0,255.0,105.0,150.0,306.0,349.0,17.0,31.0,41.0,31.0,10.0,204.0,80.0,124.0,23.0,23.0,350.0,,1153.0,167.0,34.0,28.0,117.0,238.0,25.0,8.0,26.0,11.0,5.0,1.0,1.0,14.0,27.0,25.0,984.0,535.0,456.0,965.0,31.0,44.0,3.0,2217.0,27.0,3.0,37.0,30.0,36.0,234.0,1159.0,10.0,990.0,75.0,28.0,169.0,1517.0,3.0,3.0,14.0,18.0,27.0,104.0,68.0,142.0,1.0,,8.0,2.0,,,2.0,,1.0,1.0,,,,,1.0,,,2.0,4.0,3.0,,1.0,,1.0,,6.0,1.0,0.0,,,1.0,2.0,,1.0,1.0,,,1.0,1.0,,,,,,,,,,,,,,,,,,,,,,,,
Eredivisie,2025-2026,SC Heerenveen,9najgqcaamqj0qtiicuq9hey,R. Meerveld,Midfielder,10,34.0,20.0,14.0,29.0,225.0,,315.0,11.0,213.0,109.0,104.0,507.0,216.0,5.0,29.0,41.0,33.0,8.0,179.0,89.0,90.0,9.0,36.0,136.0,1.0,742.0,158.0,44.0,23.0,121.0,209.0,39.0,17.0,28.0,19.0,1.0,12.0,7.0,46.0,46.0,27.0,596.0,422.0,228.0,611.0,6.0,17.0,,2358.0,65.0,8.0,14.0,14.0,21.0,278.0,786.0,35.0,638.0,23.0,104.0,148.0,1171.0,14.0,12.0,32.0,8.0,24.0,128.0,34.0,124.0,2.0,3.0,17.0,1.0,,,3.0,,6.0,5.0,1.0,,,,2.0,,1.0,18.0,1.0,7.0,,7.0,,2.0,,1.0,3.0,3.0,,9.0,6.0,1.0,1.0,3.0,5.0,4.0,2.0,3.0,,1.0,,,,,,,,,,,,,,,,,,,,,,,
Eredivisie,2025-2026,SC Heerenveen,exhaccmibr0bjm9upibeftr84,I. Mulder,Defender,38,,,,,,,,,,,,,,,,,,,,,,,,,,,,,,,,,,,,,,,,,,,,,,,,,,,,,,,,,,,,,,,,,,,,,,,,,,,,,,,,,,,,,,,,,,,,,,,,,,,,,,,,,,,,,,,,,,,,,,,,,,,,,,,,,,,,,
Eredivisie,2025-2026,SC Heerenveen,awih1xkabe5o6afn6d85ilxw5,A. Noppert,Goalkeeper,44,4.0,,4.0,4.0,,,18.0,,6.0,1.0,5.0,,88.0,,4.0,7.0,4.0,3.0,2.0,1.0,1.0,,,23.0,,108.0,4.0,,,41.0,29.0,,,4.0,,,,,,,25.0,75.0,15.0,78.0,68.0,,,1.0,360.0,,,7.0,,1.0,49.0,140.0,,93.0,,,47.0,191.0,,,,32.0,46.0,36.0,11.0,1.0,0.0,,,,,32.0,,16.0,,,,,,,,,,,12.0,,,,4.0,,,,,,,,,,,,,,,,,,,7.0,,6.0,,2.0,11.0,10.0,1.0,,2.0,1.0,,,,,,,,,,,
Eredivisie,2025-2026,SC Heerenveen,b4efh7m2z28zc5gx250vvdzze,L. Nordås,Forward,18,90.0,48.0,42.0,15.0,63.0,3.0,59.0,9.0,168.0,104.0,64.0,200.0,44.0,8.0,15.0,15.0,11.0,4.0,78.0,56.0,22.0,3.0,7.0,58.0,3.0,199.0,27.0,12.0,3.0,21.0,40.0,8.0,12.0,10.0,7.0,5.0,,,8.0,24.0,1.0,125.0,81.0,50.0,130.0,1.0,5.0,,851.0,28.0,1.0,16.0,25.0,8.0,152.0,205.0,28.0,131.0,6.0,72.0,74.0,412.0,2.0,2.0,11.0,,,58.0,18.0,74.0,3.0,1.0,12.0,,,,1.0,,6.0,6.0,1.0,,,,1.0,,,16.0,,1.0,,3.0,,6.0,,2.0,3.0,3.0,,,4.0,1.0,5.0,,1.0,,,6.0,,,,,,,,,,,,,,,1.0,1.0,,,,,,,,,
Eredivisie,2025-2026,SC Heerenveen,8y6kxc66t4hurxuz4m4cm388a,L. Oyen,Forward,11,7.0,5.0,2.0,13.0,37.0,1.0,66.0,3.0,58.0,38.0,20.0,118.0,34.0,3.0,13.0,7.0,6.0,1.0,51.0,33.0,18.0,1.0,5.0,13.0,,112.0,33.0,7.0,4.0,24.0,29.0,5.0,4.0,4.0,4.0,9.0,3.0,2.0,10.0,6.0,1.0,89.0,66.0,27.0,89.0,1.0,4.0,2.0,385.0,27.0,,2.0,5.0,3.0,77.0,113.0,7.0,90.0,5.0,26.0,23.0,220.0,10.0,8.0,14.0,3.0,6.0,28.0,5.0,17.0,1.0,,7.0,,,,,,1.0,1.0,1.0,1.0,,,,,,3.0,1.0,,,1.0,,1.0,,,0.0,1.0,,4.0,1.0,1.0,,,,1.0,2.0,,,,,,,,,,,,,,,,,,,,,,,,,,
Eredivisie,2025-2026,SC Heerenveen,2f8lk6lxav7hl7xlqt9an18x6,H. Petrov,Defender,28,28.0,11.0,17.0,20.0,38.0,5.0,66.0,4.0,46.0,17.0,29.0,57.0,101.0,1.0,20.0,11.0,8.0,3.0,18.0,6.0,12.0,9.0,6.0,29.0,,250.0,21.0,12.0,5.0,18.0,89.0,6.0,,3.0,1.0,17.0,,,1.0,,11.0,213.0,81.0,139.0,209.0,4.0,4.0,22.0,490.0,,,31.0,4.0,3.0,56.0,257.0,,220.0,8.0,9.0,37.0,377.0,10.0,10.0,,4.0,10.0,36.0,11.0,27.0,0.0,,2.0,,,2.0,,2.0,,,1.0,,,1.0,1.0,1.0,,,4.0,,4.0,,,,1.0,1.0,,,,,,,,,,,,,,,,,,,,,,,,,,,,,,,,,,,,,
Eredivisie,2025-2026,SC Heerenveen,5gdkg4anqky2crl4ckfr9npjo,J. Rijssel,Forward,33,,,,1.0,,,,,,,,2.0,,,1.0,,,,,,,,,,,1.0,,,,1.0,1.0,,,,,1.0,,,,,,1.0,1.0,,1.0,,,,5.0,,,,,,1.0,1.0,,1.0,,,,2.0,1.0,1.0,,,,1.0,,,0.0,,,,,,,,,,,,,,,,,,,,,,,,,,,,,,,,,,,,,,,,,,,,,,,,,,,,,,,,,,,,,,
Eredivisie,2025-2026,SC Heerenveen,5oghztk07za2yuqq4jnav22y2,M. Rivera,Midfielder,7,35.0,31.0,4.0,30.0,173.0,2.0,360.0,43.0,268.0,165.0,103.0,689.0,187.0,18.0,30.0,37.0,29.0,8.0,233.0,134.0,99.0,11.0,27.0,62.0,4.0,607.0,201.0,42.0,16.0,84.0,200.0,31.0,21.0,24.0,15.0,6.0,11.0,7.0,47.0,21.0,17.0,458.0,364.0,120.0,456.0,23.0,11.0,9.0,2059.0,89.0,7.0,13.0,26.0,18.0,394.0,622.0,49.0,473.0,34.0,141.0,149.0,1159.0,75.0,54.0,58.0,3.0,22.0,199.0,25.0,127.0,0.0,4.0,22.0,1.0,,,4.0,,4.0,2.0,1.0,,,,1.0,,1.0,28.0,2.0,3.0,2.0,5.0,,2.0,,5.0,3.0,1.0,1.0,36.0,2.0,2.0,,7.0,4.0,4.0,18.0,2.0,,2.0,,,,,,,,,,,,,1.0,1.0,,,,,,,,,
Eredivisie,2025-2026,SC Heerenveen,4dxuo3b8irzta6l1vkzh99vro,K. Schaken,Forward,37,,,,,,,,,,,,,,,,,,,,,,,,,,,,,,,,,,,,,,,,,,,,,,,,,,,,,,,,,,,,,,,,,,,,,,,,,,,,,,,,,,,,,,,,,,,,,,,,,,,,,,,,,,,,,,,,,,,,,,,,,,,,,,,,,,,,,
Eredivisie,2025-2026,SC Heerenveen,bljlul8o0szx5l0u4b4unmln8,T. Schreuder,Goalkeeper,30,,,,,,,,,,,,,,,,,,,,,,,,,,,,,,,,,,,,,,,,,,,,,,,,,,,,,,,,,,,,,,,,,,,,,,,,,,,,,,,,,,,,,,,,,,,,,,,,,,,,,,,,,,,,,,,,,,,,,,,,,,,,,,,,,,,,,
Eredivisie,2025-2026,SC Heerenveen,al7bdbzd91zkuh6ilsvw3fsru,V. Sejk,Forward,27,47.0,27.0,20.0,17.0,28.0,,35.0,5.0,94.0,57.0,37.0,96.0,29.0,6.0,17.0,10.0,9.0,1.0,47.0,30.0,17.0,1.0,9.0,24.0,2.0,101.0,16.0,13.0,4.0,20.0,28.0,10.0,4.0,3.0,1.0,14.0,,,3.0,6.0,2.0,54.0,37.0,25.0,60.0,3.0,4.0,,460.0,11.0,2.0,3.0,16.0,7.0,81.0,109.0,10.0,62.0,7.0,39.0,47.0,201.0,2.0,2.0,6.0,1.0,2.0,36.0,13.0,45.0,0.0,1.0,4.0,,,,1.0,,3.0,3.0,,1.0,,,1.0,,,6.0,,1.0,,2.0,,2.0,,1.0,2.0,1.0,,,3.0,,,1.0,2.0,,,3.0,,,,,,,,,,,,,,,,,,,,,,,,,
Eredivisie,2025-2026,SC Heerenveen,e74wy7br5zhkds5s73ip0tg4,L. Smans,Midfielder,14,4.0,3.0,1.0,1.0,4.0,,7.0,1.0,11.0,5.0,6.0,24.0,6.0,,1.0,,,,7.0,2.0,5.0,,1.0,2.0,,15.0,3.0,1.0,,,4.0,2.0,1.0,1.0,1.0,,1.0,,2.0,,,11.0,12.0,1.0,12.0,1.0,,1.0,53.0,,1.0,,2.0,2.0,7.0,16.0,1.0,12.0,1.0,5.0,4.0,30.0,2.0,1.0,,,,6.0,,4.0,0.0,1.0,2.0,,,,1.0,,,,,,,,,,,,,,,,,,,,,,,2.0,,1.0,,,,,1.0,,,,,,,,,,,,,,,,,,,,,,,,,,
Eredivisie,2025-2026,SC Heerenveen,aqnr6l3f02hx0soadunxbjcpg,J. Trenskow,Forward,20,38.0,27.0,11.0,32.0,284.0,2.0,331.0,24.0,184.0,117.0,67.0,722.0,169.0,3.0,32.0,42.0,32.0,10.0,146.0,90.0,56.0,20.0,61.0,287.0,3.0,785.0,175.0,54.0,21.0,111.0,87.0,66.0,14.0,31.0,19.0,1.0,21.0,7.0,21.0,41.0,20.0,655.0,497.0,215.0,671.0,6.0,16.0,5.0,2588.0,67.0,9.0,36.0,12.0,13.0,363.0,827.0,50.0,691.0,22.0,169.0,136.0,1340.0,94.0,43.0,32.0,8.0,15.0,200.0,30.0,121.0,3.0,3.0,28.0,2.0,,,5.0,,12.0,11.0,,,,,2.0,,1.0,36.0,,2.0,1.0,6.0,,6.0,,,6.0,6.0,3.0,60.0,11.0,3.0,12.0,2.0,,10.0,35.0,3.0,,1.0,1.0,,,,,,,,,,,,,,,,,,,,,,
Eredivisie,2025-2026,SC Heerenveen,c9shc6t28oroqthopifjvg9ux,D. Vente,Forward,9,150.0,97.0,53.0,29.0,132.0,1.0,109.0,14.0,236.0,150.0,86.0,335.0,130.0,2.0,29.0,36.0,30.0,6.0,86.0,53.0,33.0,4.0,19.0,109.0,9.0,455.0,48.0,26.0,12.0,44.0,95.0,21.0,21.0,22.0,11.0,7.0,3.0,3.0,3.0,28.0,9.0,297.0,208.0,103.0,299.0,6.0,7.0,2.0,2043.0,25.0,2.0,38.0,23.0,17.0,238.0,466.0,44.0,308.0,13.0,118.0,158.0,744.0,5.0,5.0,11.0,8.0,16.0,132.0,31.0,142.0,0.0,1.0,18.0,,,,2.0,,7.0,7.0,,,,,3.0,,,23.0,1.0,3.0,,9.0,,6.0,,1.0,3.0,4.0,4.0,,5.0,1.0,1.0,3.0,6.0,,,7.0,,,,,,,,,,,,,,,2.0,2.0,,,,,,,,,
Eredivisie,2025-2026,SC Heerenveen,8jm8a7w3a5b5nzikcom7cvf2s,M. Willemsen,Defender,3,112.0,51.0,61.0,29.0,132.0,25.0,454.0,1.0,212.0,93.0,119.0,80.0,557.0,7.0,29.0,45.0,37.0,8.0,100.0,42.0,58.0,23.0,7.0,283.0,1.0,1559.0,228.0,21.0,10.0,140.0,721.0,7.0,5.0,28.0,5.0,1.0,,,18.0,,81.0,1380.0,480.0,1028.0,1427.0,10.0,18.0,9.0,2469.0,10.0,,126.0,23.0,12.0,213.0,1693.0,13.0,1508.0,28.0,21.0,185.0,2046.0,2.0,2.0,5.0,33.0,88.0,113.0,74.0,97.0,0.0,,5.0,3.0,1.0,88.0,,89.0,1.0,1.0,1.0,,,1.0,3.0,,,8.0,11.0,2.0,,2.0,1.0,1.0,,4.0,1.0,0.0,,,,1.0,,,1.0,,,,,,1.0,,,1.0,,,,,,,,,,,,,,,,,,,
Eredivisie,2025-2026,SC Heerenveen,412l28fqhx21ivpcxzn1kpilm,V. Zagaritis,Defender,19,99.0,31.0,68.0,33.0,255.0,11.0,394.0,26.0,300.0,115.0,185.0,568.0,410.0,11.0,33.0,48.0,38.0,10.0,201.0,84.0,117.0,47.0,28.0,99.0,3.0,1103.0,238.0,56.0,22.0,138.0,355.0,31.0,9.0,32.0,14.0,1.0,18.0,18.0,27.0,6.0,33.0,923.0,511.0,445.0,905.0,20.0,39.0,208.0,2741.0,43.0,9.0,106.0,27.0,32.0,399.0,1119.0,15.0,938.0,59.0,65.0,181.0,1941.0,77.0,75.0,21.0,15.0,32.0,193.0,65.0,149.0,0.0,3.0,5.0,1.0,,,3.0,,2.0,2.0,,,,,3.0,,,6.0,5.0,2.0,40.0,1.0,1.0,2.0,,4.0,0.0,2.0,,2.0,2.0,,2.0,3.0,,,1.0,,,,2.0,,,,,,,,,,,,,,,,,,,,,,
Eredivisie,2025-2026,SC Heerenveen,f593mnttzie8gicqlig2zvzvu,A. van Axel Dongen,Forward,26,10.0,7.0,3.0,7.0,3.0,2.0,22.0,1.0,33.0,22.0,11.0,26.0,8.0,2.0,7.0,3.0,2.0,1.0,23.0,15.0,8.0,1.0,,3.0,,20.0,9.0,4.0,1.0,9.0,8.0,,2.0,1.0,1.0,6.0,,,4.0,,2.0,12.0,9.0,5.0,12.0,,,,109.0,10.0,,,3.0,4.0,23.0,22.0,4.0,14.0,,7.0,8.0,58.0,2.0,2.0,7.0,,1.0,8.0,2.0,7.0,0.0,,2.0,,,,,,1.0,1.0,,,,,,,,2.0,,,,2.0,,,,,1.0,0.0,,,,,1.0,,,,,,,,,,,,,,,,,,,,,,,,,,,,,,
Eredivisie,2025-2026,SC Heerenveen,drutqywn51qzby01rhveqk1ec,E. van Ee,Midfielder,21,4.0,3.0,1.0,1.0,3.0,,5.0,,11.0,6.0,5.0,7.0,6.0,,1.0,1.0,1.0,,7.0,3.0,4.0,,,4.0,,18.0,2.0,1.0,1.0,3.0,5.0,,2.0,,,1.0,,,1.0,1.0,1.0,16.0,9.0,7.0,15.0,3.0,,,55.0,2.0,,2.0,1.0,,8.0,18.0,2.0,16.0,3.0,3.0,2.0,35.0,,,1.0,,,1.0,1.0,2.0,0.0,,,,,,,,,,,,,,,,,,,,,,,,,,,,,,,,,1.0,,,,,,,,,,,,,,,,,,,,,,,,,,,,,
Eredivisie,2025-2026,SC Heerenveen,b5sf6wcogrvlwuwbd8xsyyfh1,J. van Overeem,Midfielder,6,74.0,33.0,41.0,32.0,169.0,7.0,395.0,8.0,293.0,149.0,144.0,477.0,769.0,18.0,32.0,51.0,40.0,11.0,219.0,116.0,103.0,35.0,46.0,429.0,3.0,1734.0,155.0,65.0,27.0,262.0,431.0,55.0,7.0,32.0,3.0,,27.0,12.0,22.0,39.0,129.0,1368.0,843.0,613.0,1300.0,23.0,27.0,14.0,2843.0,51.0,9.0,75.0,41.0,31.0,532.0,1798.0,11.0,1429.0,50.0,42.0,369.0,2334.0,57.0,26.0,14.0,59.0,130.0,339.0,87.0,239.0,2.0,6.0,4.0,3.0,,2.0,9.0,2.0,2.0,2.0,3.0,,,1.0,2.0,,1.0,4.0,13.0,10.0,1.0,2.0,,2.0,,5.0,1.0,1.0,,53.0,2.0,,1.0,2.0,1.0,15.0,27.0,3.0,,,1.0,,,,,,,,,,,,,,,,,,,,,,
Eredivisie,2025-2026,SC Telstar,4fu2agdclsyxx1boxxibauzo4,G. Alders,Defender,3,15.0,13.0,2.0,9.0,56.0,3.0,56.0,3.0,67.0,30.0,37.0,90.0,77.0,4.0,9.0,9.0,7.0,2.0,52.0,17.0,35.0,6.0,4.0,53.0,1.0,230.0,37.0,13.0,1.0,24.0,49.0,4.0,1.0,7.0,6.0,2.0,4.0,4.0,1.0,2.0,7.0,187.0,106.0,90.0,185.0,11.0,9.0,28.0,529.0,9.0,2.0,19.0,6.0,14.0,73.0,235.0,1.0,192.0,20.0,11.0,43.0,377.0,9.0,9.0,3.0,5.0,6.0,36.0,16.0,37.0,0.0,,,,,,,,,,,,,,,,,,,,,,,,,,,,,,,,,,,,,,,,,,,,,,,,,,,,,,,,,,,,,,
Eredivisie,2025-2026,SC Telstar,4bkb8qjb5n33wxfopju8r1mtx,D. Bakker,Defender,6,167.0,75.0,92.0,29.0,127.0,23.0,349.0,6.0,300.0,135.0,165.0,228.0,597.0,12.0,29.0,44.0,39.0,5.0,133.0,60.0,73.0,26.0,12.0,168.0,2.0,1335.0,176.0,40.0,24.0,92.0,578.0,14.0,14.0,28.0,1.0,1.0,2.0,2.0,9.0,1.0,77.0,1105.0,502.0,734.0,1157.0,16.0,24.0,25.0,2546.0,9.0,3.0,170.0,31.0,24.0,278.0,1470.0,21.0,1234.0,40.0,50.0,236.0,1946.0,9.0,9.0,6.0,54.0,86.0,166.0,79.0,150.0,0.0,1.0,8.0,4.0,1.0,79.0,2.0,80.0,3.0,2.0,1.0,1.0,,1.0,1.0,,,7.0,13.0,1.0,2.0,7.0,1.0,2.0,,,1.0,2.0,2.0,,1.0,1.0,1.0,1.0,1.0,,,1.0,,1.0,2.0,,,1.0,,,,,,,,,1.0,,,,,,1.0,,,,
Eredivisie,2025-2026,SC Telstar,chcnuq18kvuop8l9vtpfvkv84,A. Benzzine,Defender,24,,,,,,,,,,,,,,,,,,,,,,,,,,,,,,,,,,,,,,,,,,,,,,,,,,,,,,,,,,,,,,,,,,,,,,,,,,,,,,,,,,,,,,,,,,,,,,,,,,,,,,,,,,,,,,,,,,,,,,,,,,,,,,,,,,,,,
Eredivisie,2025-2026,SC Telstar,eola3wwbcxl6yeigrj16a3otm,T. Bodak,Goalkeeper,13,,,,,,,,,,,,,,,,,,,,,,,,,,,,,,,,,,,,,,,,,,,,,,,,,,,,,,,,,,,,,,,,,,,,,,,,,,,,,,,,,,,,,,,,,,,,,,,,,,,,,,,,,,,,,,,,,,,,,,,,,,,,,,,,,,,,,
Eredivisie,2025-2026,SC Telstar,2t635ol99kzbtn71coo71jw2c,A. Bouchouari,Defender,15,,,,,,,,,,,,,,,,,,,,,,,,,,,,,,,,,,,,,,,,,,,,,,,,,,,,,,,,,,,,,,,,,,,,,,,,,,,,,,,,,,,,,,,,,,,,,,,,,,,,,,,,,,,,,,,,,,,,,,,,,,,,,,,,,,,,,
Eredivisie,2025-2026,SC Telstar,4cbhx91p3l265b2cejzd07gbu,P. Brouwer,Forward,27,47.0,29.0,18.0,29.0,103.0,2.0,185.0,16.0,224.0,125.0,99.0,416.0,157.0,15.0,29.0,37.0,33.0,4.0,177.0,96.0,81.0,17.0,28.0,99.0,11.0,529.0,104.0,50.0,21.0,89.0,173.0,34.0,18.0,27.0,19.0,2.0,1.0,1.0,15.0,21.0,20.0,375.0,265.0,113.0,357.0,11.0,24.0,5.0,2208.0,46.0,8.0,23.0,24.0,31.0,288.0,532.0,40.0,377.0,35.0,109.0,155.0,912.0,30.0,30.0,21.0,7.0,19.0,151.0,34.0,136.0,1.0,5.0,10.0,1.0,,,6.0,,7.0,7.0,,1.0,,,3.0,,,22.0,1.0,4.0,,12.0,,6.0,,2.0,3.0,4.0,,,2.0,1.0,2.0,5.0,4.0,,,4.0,,,,,,,,,,,,,,,,,,,,,,,,,
Eredivisie,2025-2026,SC Telstar,8kqetcv52r962hqpw7uaysljo,S. Hagedoorn,Forward,19,14.0,6.0,8.0,8.0,8.0,,12.0,1.0,25.0,10.0,15.0,33.0,7.0,1.0,8.0,3.0,3.0,,11.0,4.0,7.0,,1.0,11.0,1.0,29.0,8.0,4.0,,4.0,4.0,1.0,2.0,,,8.0,,,4.0,1.0,,17.0,13.0,5.0,18.0,1.0,1.0,,78.0,2.0,,,2.0,1.0,20.0,30.0,8.0,18.0,2.0,15.0,12.0,56.0,,,,,,10.0,2.0,12.0,0.0,,,,,,,,,,,,,,,,,6.0,,,,1.0,,,,,,,,,,,,1.0,,,,,,,,,,,,,,,,,,,,,,,,,,,,,
Eredivisie,2025-2026,SC Telstar,1ab5am767rpppcrwnlfjo0mad,M. Hamdaoui,Forward,10,2.0,2.0,,7.0,7.0,,10.0,1.0,13.0,7.0,6.0,36.0,1.0,,7.0,1.0,1.0,,11.0,5.0,6.0,,1.0,6.0,,21.0,3.0,1.0,,4.0,8.0,1.0,2.0,,,7.0,,,1.0,1.0,1.0,20.0,14.0,7.0,20.0,2.0,1.0,1.0,70.0,3.0,,2.0,1.0,2.0,15.0,22.0,2.0,21.0,3.0,11.0,1.0,56.0,6.0,1.0,1.0,1.0,1.0,7.0,,,0.0,,4.0,,,,,,,,1.0,,,,,,,,,,,1.0,,,1.0,,,,,6.0,,,,,,,5.0,,,,,,,,,,,,,,,,,,1.0,,,,,,,,
Eredivisie,2025-2026,SC Telstar,y1ky8sp8scl05mmfr7byy3md,J. Hardeveld,Defender,2,72.0,39.0,33.0,33.0,243.0,21.0,178.0,24.0,264.0,133.0,131.0,625.0,501.0,11.0,33.0,52.0,47.0,5.0,192.0,94.0,98.0,33.0,55.0,68.0,4.0,1093.0,99.0,73.0,28.0,114.0,338.0,61.0,10.0,33.0,4.0,,54.0,22.0,15.0,7.0,58.0,761.0,509.0,355.0,752.0,29.0,45.0,178.0,2889.0,27.0,23.0,120.0,30.0,10.0,566.0,1150.0,23.0,810.0,74.0,51.0,340.0,2006.0,115.0,58.0,18.0,77.0,131.0,360.0,95.0,209.0,0.0,6.0,4.0,5.0,3.0,19.0,6.0,19.0,6.0,6.0,,4.0,,,3.0,,1.0,13.0,16.0,4.0,48.0,2.0,1.0,4.0,,1.0,5.0,1.0,3.0,81.0,4.0,,1.0,2.0,1.0,29.0,40.0,,,,1.0,,,,,,,,,,,,,,,,,,,,,,
Eredivisie,2025-2026,SC Telstar,avyhrrfkeizd3za28ni67x82c,C. Hatenboer,Midfielder,23,13.0,5.0,8.0,15.0,99.0,2.0,168.0,1.0,122.0,63.0,59.0,161.0,207.0,9.0,15.0,18.0,16.0,2.0,109.0,58.0,51.0,15.0,12.0,122.0,,553.0,75.0,21.0,12.0,58.0,129.0,15.0,10.0,15.0,10.0,,7.0,5.0,14.0,13.0,44.0,422.0,258.0,174.0,381.0,10.0,15.0,2.0,1144.0,26.0,4.0,18.0,13.0,12.0,198.0,557.0,13.0,425.0,25.0,7.0,132.0,778.0,15.0,11.0,15.0,10.0,38.0,113.0,34.0,94.0,0.0,1.0,3.0,,,,3.0,,,,,,,,,,,3.0,5.0,5.0,,,,,1.0,,,,,5.0,,,,,,2.0,3.0,1.0,,,,,,,,,,,,,,,,,1.0,,,,,,,,
Eredivisie,2025-2026,SC Telstar,1vn6w1mjdztfks75bxn0hk7x0,S. Hetli,Forward,7,17.0,13.0,4.0,30.0,84.0,,232.0,10.0,212.0,127.0,85.0,323.0,79.0,3.0,30.0,26.0,23.0,3.0,195.0,114.0,81.0,6.0,15.0,77.0,8.0,352.0,124.0,25.0,9.0,87.0,121.0,16.0,20.0,19.0,18.0,11.0,3.0,3.0,20.0,15.0,19.0,278.0,193.0,96.0,267.0,6.0,18.0,2.0,1595.0,88.0,2.0,11.0,17.0,37.0,237.0,361.0,34.0,286.0,24.0,63.0,75.0,736.0,13.0,13.0,45.0,3.0,9.0,66.0,22.0,66.0,0.0,1.0,18.0,,,,1.0,1.0,3.0,1.0,2.0,,,,2.0,,,14.0,,1.0,,7.0,,,,2.0,3.0,0.0,1.0,,3.0,2.0,,2.0,3.0,,,1.0,,2.0,,,,1.0,,,,,,,,,1.0,,,,,,,,,,
Eredivisie,2025-2026,SC Telstar,8l31bne12p5cp51o46h92zjrp,R. Koeman,Goalkeeper,1,6.0,2.0,4.0,32.0,,,250.0,,14.0,2.0,12.0,,1000.0,,32.0,52.0,46.0,6.0,8.0,,8.0,,,232.0,,1051.0,167.0,1.0,1.0,306.0,114.0,,,32.0,1.0,,,,2.0,,371.0,727.0,233.0,661.0,523.0,,1.0,,2869.0,,,23.0,,5.0,466.0,1346.0,,894.0,1.0,,452.0,1655.0,,,,272.0,440.0,372.0,80.0,12.0,0.0,,,5.0,,196.0,,154.0,,,,,,,3.0,,,,113.0,,,,37.0,,,2.0,,,,,,,,,,,,,,,1.0,12.0,6.0,59.0,4.0,8.0,136.0,106.0,28.0,,29.0,2.0,,,,,,,,,,,1.0
Eredivisie,2025-2026,SC Telstar,f5pgdha5h37xytbk1zq8q710,D. Koswal,Defender,21,46.0,33.0,13.0,24.0,70.0,19.0,141.0,2.0,109.0,54.0,55.0,55.0,199.0,5.0,24.0,25.0,23.0,2.0,63.0,21.0,42.0,8.0,3.0,188.0,1.0,529.0,64.0,14.0,7.0,41.0,98.0,3.0,2.0,17.0,10.0,7.0,2.0,2.0,2.0,1.0,26.0,439.0,152.0,311.0,435.0,7.0,15.0,12.0,1547.0,4.0,,86.0,12.0,19.0,124.0,555.0,2.0,461.0,22.0,6.0,94.0,791.0,7.0,7.0,1.0,18.0,35.0,77.0,24.0,59.0,0.0,,1.0,2.0,1.0,8.0,,8.0,,,,,,,2.0,,,,2.0,2.0,4.0,,2.0,,,4.0,,,,,,1.0,,,,,,,,,,,,,,,,,,,,,,,,,,,,,,,
Eredivisie,2025-2026,SC Telstar,brvikk5gvr162u61i53fwrj84,R. Koubini,Midfielder,0,,,,,,,,,,,,,,,,,,,,,,,,,,,,,,,,,,,,,,,,,,,,,,,,,,,,,,,,,,,,,,,,,,,,,,,,,,,,,,,,,,,,,,,,,,,,,,,,,,,,,,,,,,,,,,,,,,,,,,,,,,,,,,,,,,,,,
Eredivisie,2025-2026,SC Telstar,9229789015kq0j5c85ug3ajv8,A. Lechkar,Defender,0,8.0,5.0,3.0,16.0,22.0,2.0,42.0,2.0,42.0,22.0,20.0,67.0,45.0,4.0,16.0,7.0,6.0,1.0,34.0,17.0,17.0,5.0,2.0,29.0,1.0,101.0,29.0,10.0,3.0,25.0,6.0,3.0,1.0,1.0,1.0,15.0,,,1.0,3.0,3.0,70.0,40.0,31.0,68.0,2.0,8.0,24.0,264.0,4.0,4.0,14.0,10.0,6.0,66.0,102.0,2.0,71.0,10.0,8.0,31.0,212.0,21.0,20.0,1.0,14.0,18.0,37.0,15.0,13.0,0.0,1.0,,,,,2.0,,,,,,,,,,,1.0,2.0,,2.0,,2.0,,,2.0,,,,,,,,,,,,,,,,,,,,,,,,,,,,,,,,,,,,,
Eredivisie,2025-2026,SC Telstar,devvpv4u2vs2cofnwp4678mvp,D. Malone,Defender,29,8.0,2.0,6.0,11.0,7.0,2.0,13.0,,14.0,5.0,9.0,3.0,19.0,,11.0,5.0,4.0,1.0,6.0,3.0,3.0,4.0,,24.0,,60.0,6.0,2.0,2.0,14.0,14.0,,,,,11.0,,,,,3.0,50.0,15.0,38.0,50.0,1.0,1.0,,196.0,1.0,,12.0,2.0,1.0,12.0,64.0,,53.0,2.0,2.0,11.0,92.0,,,1.0,3.0,5.0,7.0,4.0,6.0,0.0,,,,,,,,,,,,,,,,,,1.0,,,,,,,,,,,,,,,,,,,,,,,,,,,,,,,,,,,,,,,,,,,,
Eredivisie,2025-2026,SC Telstar,50130ztne7nsfs9fxf0am6vv9,D. Mertens,Midfielder,16,18.0,11.0,7.0,20.0,30.0,4.0,49.0,5.0,88.0,44.0,44.0,92.0,44.0,8.0,20.0,16.0,14.0,2.0,70.0,33.0,37.0,3.0,4.0,29.0,3.0,135.0,24.0,13.0,8.0,35.0,33.0,4.0,2.0,4.0,4.0,16.0,2.0,2.0,9.0,2.0,4.0,107.0,72.0,38.0,104.0,10.0,10.0,,475.0,18.0,,9.0,12.0,8.0,66.0,136.0,3.0,108.0,20.0,10.0,28.0,270.0,9.0,9.0,6.0,1.0,7.0,28.0,9.0,21.0,0.0,,5.0,,,,,,,,,,,,2.0,,,1.0,,1.0,,1.0,1.0,,,2.0,,,,1.0,,,,,,,,,,,,,,,,,,,,,,,,,,,,,,,,,
Eredivisie,2025-2026,SC Telstar,78ypv0emx3fmnchegoa64w0es,F. Mulder,Goalkeeper,0,,,,,,,,,,,,,,,,,,,,,,,,,,,,,,,,,,,,,,,,,,,,,,,,,,,,,,,,,,,,,,,,,,,,,,,,,,,,,,,,,,,,,,,,,,,,,,,,,,,,,,,,,,,,,,,,,,,,,,,,,,,,,,,,,,,,,
Eredivisie,2025-2026,SC Telstar,8p3x0sm735fru6nthc87pjrbo,Neville Ogidi Nwankwo,Defender,14,102.0,54.0,48.0,27.0,110.0,6.0,200.0,2.0,209.0,105.0,104.0,87.0,272.0,14.0,27.0,36.0,31.0,5.0,107.0,51.0,56.0,33.0,4.0,299.0,2.0,745.0,89.0,20.0,11.0,118.0,96.0,5.0,7.0,25.0,7.0,2.0,,,8.0,2.0,34.0,628.0,200.0,459.0,625.0,16.0,23.0,37.0,2070.0,12.0,1.0,104.0,25.0,10.0,164.0,777.0,9.0,659.0,39.0,23.0,118.0,1141.0,4.0,4.0,6.0,24.0,37.0,82.0,40.0,81.0,0.0,,2.0,3.0,,8.0,1.0,8.0,,,,,,1.0,1.0,,,2.0,1.0,1.0,1.0,1.0,,,,3.0,,,,,,,,,,,,1.0,,,3.0,,,,,,,,,,,,,,,,,,,,,,
Eredivisie,2025-2026,SC Telstar,3dqdh4nu8tj264e1w3fec3bsa,Nigel Ogidi Nwankwo,Defender,5,4.0,1.0,3.0,4.0,1.0,1.0,10.0,3.0,15.0,7.0,8.0,28.0,8.0,,4.0,1.0,1.0,,11.0,6.0,5.0,,3.0,2.0,,22.0,6.0,3.0,1.0,4.0,11.0,3.0,1.0,,,4.0,2.0,2.0,3.0,,,13.0,10.0,5.0,13.0,1.0,1.0,2.0,61.0,4.0,,1.0,,,23.0,22.0,1.0,13.0,2.0,6.0,9.0,51.0,6.0,6.0,1.0,2.0,2.0,10.0,5.0,7.0,0.0,,,,,,,,,,,,,,,,,,,,3.0,,,,,,,,,,,,,,,,,,,,,,,,,,,,,,,,,,,,,,,,,,
Eredivisie,2025-2026,SC Telstar,52cqyvn8cfh83i5zwm3181pbe,T. Noslin,Defender,11,36.0,19.0,17.0,33.0,162.0,12.0,232.0,24.0,272.0,132.0,140.0,475.0,270.0,16.0,33.0,39.0,36.0,3.0,236.0,113.0,123.0,32.0,14.0,185.0,4.0,635.0,151.0,51.0,28.0,115.0,27.0,17.0,12.0,25.0,18.0,8.0,14.0,14.0,18.0,2.0,43.0,442.0,250.0,215.0,408.0,18.0,42.0,145.0,2240.0,59.0,6.0,71.0,33.0,46.0,402.0,644.0,29.0,451.0,60.0,68.0,193.0,1400.0,52.0,52.0,40.0,45.0,68.0,189.0,56.0,125.0,0.0,3.0,10.0,2.0,1.0,,3.0,,2.0,2.0,4.0,,,1.0,3.0,,,17.0,11.0,2.0,18.0,6.0,1.0,2.0,,4.0,1.0,1.0,,,2.0,,1.0,4.0,1.0,,,1.0,,,,,,,,,,,,,,,,,,,,,,,,,
Eredivisie,2025-2026,SC Telstar,1k60tee702idfrp0ibca1s57u,G. Offerhaus,Defender,4,87.0,53.0,34.0,32.0,179.0,27.0,391.0,6.0,205.0,122.0,83.0,247.0,394.0,13.0,32.0,53.0,47.0,6.0,118.0,69.0,49.0,30.0,30.0,397.0,,1205.0,181.0,29.0,21.0,140.0,303.0,33.0,10.0,32.0,1.0,,27.0,2.0,7.0,16.0,73.0,1012.0,459.0,638.0,997.0,19.0,18.0,8.0,2879.0,22.0,5.0,139.0,34.0,5.0,347.0,1273.0,13.0,1070.0,37.0,17.0,203.0,1799.0,73.0,15.0,8.0,54.0,98.0,210.0,66.0,105.0,1.0,2.0,5.0,4.0,2.0,1.0,3.0,1.0,1.0,1.0,1.0,,,,3.0,,,3.0,19.0,,1.0,,3.0,1.0,,6.0,1.0,0.0,2.0,67.0,,,,,1.0,16.0,44.0,,,,3.0,,,,,,,,,,,,,,,,,,,,,,
Eredivisie,2025-2026,SC Telstar,21l9jcplp1jvyirdys7e8ocno,M. Olfers,Defender,25,,,,,,,,,,,,,,,,,,,,,,,,,,,,,,,,,,,,,,,,,,,,,,,,,,,,,,,,,,,,,,,,,,,,,,,,,,,,,,,,,,,,,,,,,,,,,,,,,,,,,,,,,,,,,,,,,,,,,,,,,,,,,,,,,,,,,
Eredivisie,2025-2026,SC Telstar,buappmrojgc4lrl7tngfl8pw4,R. Oudsten,Forward,28,5.0,4.0,1.0,8.0,6.0,,15.0,1.0,17.0,7.0,10.0,21.0,20.0,1.0,8.0,3.0,2.0,1.0,12.0,3.0,9.0,,1.0,14.0,,43.0,8.0,3.0,1.0,7.0,3.0,1.0,,,,8.0,,,1.0,,1.0,32.0,16.0,16.0,31.0,1.0,7.0,2.0,112.0,2.0,,6.0,1.0,,17.0,43.0,1.0,32.0,8.0,4.0,11.0,71.0,1.0,1.0,1.0,2.0,3.0,9.0,3.0,8.0,0.0,,1.0,,,,,,,,,,,,,,,1.0,,,,,,,,1.0,,,,,,,,,,,,,,,,,,,,,,,,,,,,,,,,,,,,,
Eredivisie,2025-2026,SC Telstar,1zybkcmp40td92a6yg8sw9uga,T. Owusu,Midfielder,8,24.0,14.0,10.0,22.0,123.0,5.0,214.0,4.0,173.0,97.0,76.0,311.0,211.0,9.0,22.0,26.0,22.0,4.0,149.0,83.0,66.0,12.0,13.0,149.0,2.0,617.0,123.0,20.0,8.0,102.0,154.0,14.0,8.0,20.0,12.0,2.0,4.0,4.0,22.0,15.0,21.0,497.0,328.0,193.0,496.0,10.0,16.0,4.0,1587.0,57.0,5.0,8.0,16.0,18.0,230.0,637.0,18.0,517.0,26.0,35.0,120.0,926.0,6.0,6.0,26.0,7.0,23.0,97.0,29.0,97.0,1.0,,6.0,2.0,,,1.0,,2.0,1.0,,,,,1.0,,,10.0,2.0,3.0,,1.0,,1.0,,2.0,1.0,1.0,1.0,,2.0,,,3.0,2.0,,,4.0,,1.0,,,,,,,,,,,,,,,,,,,,,,,
Eredivisie,2025-2026,SC Telstar,3hhca66jtxt3c1iw10nfmhtnu,D. Reiziger,Goalkeeper,20,,,,2.0,,,6.0,,1.0,,1.0,1.0,36.0,,2.0,2.0,2.0,,1.0,,1.0,,,8.0,,33.0,4.0,,,13.0,2.0,,,1.0,,1.0,,,,,16.0,20.0,9.0,17.0,10.0,,,,101.0,,,1.0,,1.0,20.0,46.0,,26.0,,1.0,20.0,64.0,,,,11.0,18.0,15.0,5.0,2.0,0.0,,,,,7.0,,3.0,,,,,,,,,,,9.0,,,,4.0,,,,,,,,,,,,,,,,,,,1.0,,1.0,,1.0,10.0,8.0,2.0,,3.0,,,,,,,,,,,,
Eredivisie,2025-2026,SC Telstar,14csdlb8p0tnj6zqrs148ct1w,J. Ritmeester van de Kamp,Midfielder,39,42.0,22.0,20.0,27.0,149.0,4.0,142.0,10.0,171.0,75.0,96.0,365.0,176.0,3.0,27.0,38.0,34.0,4.0,129.0,53.0,76.0,26.0,33.0,141.0,3.0,617.0,68.0,32.0,15.0,89.0,164.0,34.0,4.0,23.0,13.0,4.0,8.0,8.0,11.0,17.0,22.0,494.0,315.0,198.0,483.0,17.0,22.0,18.0,2020.0,14.0,3.0,38.0,18.0,27.0,215.0,630.0,16.0,505.0,39.0,51.0,125.0,976.0,37.0,37.0,5.0,9.0,13.0,124.0,38.0,112.0,2.0,1.0,6.0,,1.0,,1.0,,7.0,5.0,,1.0,,,3.0,,,12.0,2.0,3.0,,1.0,,3.0,,4.0,5.0,2.0,,,6.0,,2.0,3.0,4.0,,,2.0,1.0,2.0,,,,,,,,,,,,,,,,,,,,,,,
Eredivisie,2025-2026,SC Telstar,cp866ucakmwqiwxrstkaxwgt0,N. Rossen,Midfielder,17,35.0,20.0,15.0,27.0,179.0,13.0,167.0,5.0,138.0,65.0,73.0,210.0,172.0,7.0,27.0,40.0,37.0,3.0,103.0,45.0,58.0,25.0,13.0,223.0,1.0,734.0,69.0,28.0,13.0,125.0,202.0,14.0,1.0,25.0,7.0,2.0,,,7.0,19.0,53.0,623.0,322.0,343.0,612.0,12.0,14.0,6.0,2248.0,18.0,1.0,41.0,19.0,25.0,155.0,776.0,5.0,665.0,26.0,21.0,111.0,1034.0,2.0,2.0,5.0,14.0,26.0,77.0,36.0,85.0,0.0,1.0,3.0,4.0,,,1.0,,3.0,3.0,2.0,,,1.0,3.0,,,4.0,3.0,1.0,,,,2.0,,,1.0,2.0,,,2.0,,,1.0,3.0,,,,,,,,,,,,,,,,,,,,,,,,,,,,
Eredivisie,2025-2026,SC Telstar,9lju80srwcwd1s6ezrjbk33tg,J. Seedorf,Forward,9,20.0,8.0,12.0,12.0,9.0,,8.0,,33.0,15.0,18.0,38.0,7.0,3.0,12.0,5.0,4.0,1.0,13.0,7.0,6.0,,3.0,9.0,,33.0,4.0,6.0,3.0,5.0,12.0,3.0,2.0,,,12.0,1.0,1.0,,2.0,2.0,20.0,16.0,9.0,22.0,1.0,3.0,,161.0,3.0,1.0,2.0,3.0,2.0,29.0,37.0,7.0,24.0,4.0,15.0,13.0,83.0,,,3.0,,1.0,9.0,4.0,12.0,0.0,,1.0,,,,,,1.0,1.0,,,,,,,,5.0,,1.0,,4.0,,1.0,,1.0,1.0,0.0,,,1.0,,1.0,,,,,1.0,,,,,,,,,,,,,,,,,,,,,,,,,
Eredivisie,2025-2026,SC Telstar,6k6qt155b79yf36833pamwbxm,K. Tejan,Forward,30,59.0,32.0,27.0,27.0,38.0,2.0,77.0,11.0,146.0,95.0,51.0,179.0,60.0,8.0,27.0,23.0,19.0,4.0,87.0,63.0,24.0,3.0,6.0,36.0,10.0,158.0,47.0,10.0,1.0,25.0,32.0,7.0,7.0,5.0,5.0,22.0,2.0,2.0,9.0,7.0,7.0,98.0,77.0,31.0,99.0,4.0,6.0,1.0,726.0,29.0,1.0,8.0,29.0,5.0,129.0,166.0,21.0,106.0,10.0,48.0,60.0,332.0,8.0,8.0,15.0,1.0,7.0,63.0,5.0,53.0,0.0,1.0,5.0,,,,1.0,,3.0,3.0,,,,,2.0,,,14.0,,1.0,,8.0,,3.0,,4.0,3.0,0.0,,,2.0,1.0,1.0,,2.0,,,,,,,,,,,,,,,,,,,,,,,,,,,,
Eredivisie,2025-2026,SC Telstar,1pmoxunz3nw0ptd6g64maam7d,N. Þórisson,Forward,19,31.0,19.0,12.0,17.0,29.0,,33.0,6.0,73.0,49.0,24.0,103.0,29.0,2.0,17.0,5.0,5.0,,42.0,30.0,12.0,,5.0,21.0,8.0,96.0,18.0,8.0,3.0,8.0,18.0,6.0,1.0,7.0,7.0,10.0,,,4.0,3.0,,64.0,46.0,19.0,65.0,3.0,1.0,2.0,451.0,15.0,1.0,4.0,14.0,4.0,65.0,97.0,9.0,65.0,4.0,34.0,32.0,177.0,1.0,1.0,5.0,1.0,2.0,30.0,3.0,30.0,1.0,1.0,7.0,,,,1.0,,1.0,1.0,,,,,,,,8.0,,1.0,,3.0,,1.0,,,0.0,1.0,,,1.0,,,,1.0,,,2.0,,,,,,,,,,,,,,,,,,,,,,,,,
Eredivisie,2025-2026,SC Telstar,50zbw9cb2gon7eb7w08ndfyms,M. Zonneveld,Forward,9,92.0,49.0,43.0,30.0,55.0,3.0,33.0,12.0,138.0,77.0,61.0,170.0,45.0,3.0,30.0,28.0,27.0,1.0,46.0,28.0,18.0,2.0,8.0,41.0,4.0,178.0,23.0,11.0,3.0,18.0,44.0,10.0,13.0,9.0,8.0,21.0,1.0,1.0,2.0,14.0,3.0,111.0,70.0,49.0,115.0,,1.0,,1035.0,20.0,1.0,13.0,8.0,15.0,126.0,185.0,32.0,118.0,1.0,76.0,67.0,356.0,,,6.0,,,57.0,10.0,67.0,0.0,1.0,8.0,,,,2.0,,5.0,5.0,,4.0,,,1.0,,,19.0,,1.0,,14.0,,5.0,,1.0,2.0,3.0,,,5.0,,,1.0,1.0,,,5.0,,,,,,,,,,,,,,,,,,,,,,,,,
Eredivisie,2025-2026,SC Telstar,dk7zyk16nsnh0czeky7vi0x78,S. van Duijn,Forward,37,54.0,27.0,27.0,13.0,44.0,1.0,57.0,8.0,120.0,71.0,49.0,212.0,73.0,6.0,13.0,16.0,14.0,2.0,66.0,44.0,22.0,5.0,13.0,57.0,,221.0,24.0,18.0,3.0,27.0,48.0,15.0,8.0,11.0,8.0,2.0,3.0,3.0,9.0,13.0,5.0,150.0,109.0,45.0,146.0,4.0,8.0,20.0,947.0,16.0,2.0,33.0,13.0,1.0,137.0,222.0,17.0,151.0,12.0,46.0,71.0,427.0,6.0,6.0,9.0,4.0,5.0,59.0,18.0,66.0,2.0,1.0,5.0,1.0,,,2.0,,5.0,4.0,,,,,,,1.0,9.0,3.0,2.0,20.0,5.0,,3.0,,1.0,4.0,1.0,,,5.0,,,,5.0,,,,,1.0,,,,,,,,,,,,,,,,,,,,,,,
Eredivisie,2025-2026,SC Telstar,crpn5oc0jw2cms9jv9c2e7zmc,R. van Ekeris,Midfielder,18,,,,1.0,1.0,,1.0,,,,,6.0,1.0,,1.0,,,,,,,,,,,7.0,,1.0,,,5.0,,,,,1.0,,,,,1.0,5.0,3.0,2.0,4.0,,,1.0,4.0,,,,,,4.0,7.0,,5.0,,,2.0,10.0,1.0,,,,,3.0,,2.0,0.0,,,,,,,,,,,,,,,,,,,,,,,,,,,,,1.0,,,,,,,1.0,,,,,,,,,,,,,,,,,,,,,,,,,,
Eredivisie,2025-2026,SC Telstar,9ugwojsg1v6rw78kz8upl6kgk,J. van Schooneveld,Defender,26,,,,,,,,,,,,,,,,,,,,,,,,,,,,,,,,,,,,,,,,,,,,,,,,,,,,,,,,,,,,,,,,,,,,,,,,,,,,,,,,,,,,,,,,,,,,,,,,,,,,,,,,,,,,,,,,,,,,,,,,,,,,,,,,,,,,,
Eredivisie,2025-2026,Sparta Rotterdam,29q4j9r2lgdsdkkq2fgh8l7o4,Ayoni Santos,Midfielder,0,28.0,18.0,10.0,25.0,134.0,2.0,206.0,7.0,214.0,102.0,112.0,285.0,116.0,24.0,25.0,24.0,22.0,2.0,186.0,84.0,102.0,14.0,16.0,114.0,,490.0,107.0,45.0,37.0,79.0,150.0,17.0,4.0,17.0,14.0,8.0,3.0,3.0,24.0,29.0,26.0,419.0,263.0,183.0,417.0,20.0,37.0,4.0,1482.0,39.0,3.0,19.0,29.0,21.0,179.0,514.0,10.0,443.0,57.0,52.0,71.0,867.0,17.0,17.0,30.0,1.0,16.0,76.0,12.0,55.0,0.0,,8.0,,,,1.0,,,,,,,,,,,6.0,1.0,2.0,,4.0,,,,2.0,,,,,,,,3.0,,,,,,,,,,,,,,,,,,,,,,,,,,,,,
Eredivisie,2025-2026,Sparta Rotterdam,f07qmqesi1rpw7eapoz9rb0gk,J. Baas,Midfielder,0,28.0,15.0,13.0,22.0,120.0,11.0,108.0,7.0,108.0,54.0,54.0,171.0,167.0,7.0,22.0,22.0,20.0,2.0,80.0,39.0,41.0,20.0,20.0,122.0,,504.0,48.0,22.0,13.0,50.0,139.0,20.0,8.0,14.0,6.0,8.0,18.0,3.0,,19.0,45.0,396.0,234.0,216.0,387.0,10.0,15.0,2.0,1254.0,8.0,2.0,50.0,18.0,16.0,163.0,548.0,13.0,432.0,25.0,8.0,116.0,793.0,26.0,1.0,5.0,9.0,33.0,111.0,31.0,83.0,0.0,,3.0,5.0,,,,,,,,,,,1.0,,,5.0,3.0,9.0,,,,,,4.0,,,4.0,46.0,,2.0,,,,12.0,22.0,2.0,,,1.0,,,,,,,,,,,,,,,,,,,,,,
Eredivisie,2025-2026,Sparta Rotterdam,9lctm8txbd4n87mk61lwa0rf9,S. Bakari,Defender,0,13.0,5.0,8.0,12.0,27.0,2.0,50.0,2.0,42.0,19.0,23.0,44.0,77.0,1.0,12.0,12.0,10.0,2.0,29.0,14.0,15.0,9.0,3.0,70.0,,183.0,25.0,12.0,8.0,26.0,12.0,3.0,,3.0,,9.0,1.0,1.0,3.0,1.0,13.0,159.0,73.0,90.0,149.0,4.0,5.0,26.0,350.0,7.0,,13.0,2.0,3.0,46.0,186.0,,162.0,9.0,3.0,24.0,295.0,6.0,6.0,4.0,6.0,9.0,15.0,15.0,15.0,0.0,,,,,,,,,,,,1.0,,,,,,3.0,1.0,3.0,,,,,,,,,,,,,1.0,,,,,,,,,,,,,,,,,,,,,,,,,,,,,
Eredivisie,2025-2026,Sparta Rotterdam,4xohfr3jjfe2zcb8v610qxolx,F. Bednarek,Goalkeeper,0,,,,,,,,,,,,,,,,,,,,,,,,,,,,,,,,,,,,,,,,,,,,,,,,,,,,,,,,,,,,,,,,,,,,,,,,,,,,,,,,,,,,,,,,,,,,,,,,,,,,,,,,,,,,,,,,,,,,,,,,,,,,,,,,,,,,,
Eredivisie,2025-2026,Sparta Rotterdam,dbg4ducw8j747foxiexle1iad,P. Clement,Midfielder,0,44.0,24.0,20.0,25.0,100.0,8.0,168.0,6.0,159.0,87.0,72.0,204.0,224.0,9.0,25.0,33.0,25.0,8.0,115.0,63.0,52.0,9.0,8.0,161.0,,610.0,78.0,28.0,15.0,81.0,143.0,11.0,5.0,17.0,9.0,8.0,6.0,1.0,9.0,17.0,29.0,484.0,286.0,220.0,471.0,15.0,13.0,5.0,1562.0,18.0,6.0,42.0,19.0,15.0,177.0,628.0,10.0,500.0,28.0,18.0,128.0,863.0,11.0,4.0,9.0,15.0,32.0,105.0,34.0,96.0,1.0,2.0,3.0,1.0,,,3.0,,2.0,2.0,,,,,,,,5.0,4.0,2.0,,,,2.0,,2.0,1.0,1.0,,10.0,2.0,,,2.0,2.0,5.0,3.0,1.0,,,,,,,,,,,,,,,,,,,,,,,,,
Eredivisie,2025-2026,Sparta Rotterdam,d5v47kueisvcjjz4f69m83sut,J. Drommel,Goalkeeper,0,7.0,,7.0,33.0,,,251.0,4.0,15.0,1.0,14.0,,923.0,,33.0,59.0,49.0,10.0,8.0,1.0,7.0,,2.0,244.0,,1017.0,91.0,3.0,2.0,333.0,249.0,2.0,1.0,33.0,,,,,,,391.0,707.0,296.0,640.0,545.0,,,,2970.0,,1.0,26.0,1.0,6.0,490.0,1416.0,1.0,936.0,,,480.0,1798.0,,,,290.0,474.0,419.0,61.0,6.0,0.0,,,11.0,,298.0,,208.0,,,,,,,1.0,,,,168.0,1.0,,,25.0,,,1.0,,,1.0,,,,,,,,,,,,,29.0,1.0,67.0,3.0,7.0,138.0,93.0,44.0,3.0,47.0,7.0,,,,,,,,2.0,2.0,,
Eredivisie,2025-2026,Sparta Rotterdam,ccmmsnrfn58gwi1petlp08f3e,L. Duijvestijn,Midfielder,0,25.0,13.0,12.0,27.0,176.0,2.0,181.0,10.0,195.0,98.0,97.0,396.0,216.0,5.0,27.0,35.0,31.0,4.0,170.0,85.0,85.0,14.0,28.0,149.0,2.0,697.0,77.0,29.0,15.0,112.0,177.0,30.0,22.0,20.0,13.0,7.0,11.0,3.0,15.0,18.0,37.0,539.0,378.0,192.0,522.0,17.0,28.0,2.0,1860.0,43.0,7.0,29.0,17.0,25.0,269.0,718.0,38.0,559.0,45.0,53.0,159.0,1082.0,24.0,10.0,19.0,4.0,22.0,144.0,39.0,137.0,0.0,2.0,5.0,,,,2.0,,3.0,2.0,5.0,1.0,,,1.0,,,16.0,4.0,5.0,1.0,7.0,,2.0,,3.0,2.0,1.0,1.0,17.0,3.0,2.0,1.0,1.0,1.0,5.0,10.0,4.0,,1.0,,,,,,,,,,,,,,,,,,,,,,,
Eredivisie,2025-2026,Sparta Rotterdam,4ezldqmn62ggasx6pniqbfwno,J. Ideho,Forward,0,15.0,11.0,4.0,25.0,65.0,1.0,225.0,6.0,184.0,86.0,98.0,320.0,85.0,8.0,25.0,24.0,22.0,2.0,169.0,75.0,94.0,7.0,9.0,37.0,3.0,321.0,126.0,24.0,14.0,75.0,136.0,10.0,9.0,10.0,8.0,15.0,6.0,5.0,33.0,6.0,21.0,235.0,168.0,75.0,216.0,14.0,10.0,14.0,1132.0,51.0,1.0,11.0,15.0,37.0,229.0,323.0,16.0,237.0,24.0,44.0,86.0,671.0,38.0,37.0,33.0,4.0,17.0,103.0,21.0,69.0,0.0,1.0,7.0,,,,1.0,,1.0,,1.0,,,,2.0,,,7.0,4.0,1.0,1.0,4.0,,,,4.0,1.0,0.0,1.0,3.0,1.0,,,6.0,1.0,1.0,1.0,1.0,,1.0,,,,,,,,,,,,,,,,,,,,,,,
Eredivisie,2025-2026,Sparta Rotterdam,8n9t52eeli3s39r8ujjhjt7je,J. Kitolano,Midfielder,0,43.0,28.0,15.0,31.0,119.0,11.0,233.0,5.0,261.0,127.0,134.0,295.0,281.0,13.0,31.0,54.0,44.0,10.0,218.0,99.0,119.0,21.0,33.0,195.0,2.0,813.0,111.0,42.0,27.0,153.0,248.0,35.0,12.0,29.0,11.0,2.0,2.0,2.0,25.0,19.0,27.0,656.0,403.0,283.0,657.0,19.0,27.0,6.0,2552.0,50.0,2.0,42.0,26.0,50.0,276.0,843.0,22.0,684.0,46.0,44.0,159.0,1290.0,9.0,6.0,20.0,16.0,31.0,112.0,56.0,128.0,1.0,2.0,5.0,4.0,,,2.0,,5.0,3.0,3.0,1.0,1.0,1.0,1.0,,,10.0,1.0,2.0,,2.0,,2.0,,3.0,3.0,2.0,3.0,3.0,5.0,,1.0,2.0,3.0,,2.0,3.0,,2.0,1.0,,,,,,,,,,,,,,,,,,,,,,
Eredivisie,2025-2026,Sparta Rotterdam,ecmzlwu35vg4y64kidte9v0no,M. Kleijn,Defender,0,5.0,4.0,1.0,11.0,35.0,,48.0,1.0,34.0,10.0,24.0,60.0,61.0,,11.0,10.0,9.0,1.0,29.0,6.0,23.0,6.0,,9.0,,161.0,27.0,10.0,3.0,20.0,59.0,1.0,,4.0,3.0,7.0,1.0,1.0,,2.0,3.0,131.0,52.0,82.0,130.0,8.0,12.0,26.0,440.0,5.0,1.0,12.0,,3.0,54.0,164.0,1.0,133.0,20.0,6.0,31.0,275.0,6.0,6.0,2.0,4.0,6.0,24.0,13.0,25.0,0.0,1.0,,,,,1.0,,,,,,,,,,,1.0,1.0,,6.0,,,,,,,,,,,,,,,,,,,,,,,,,,,,,,,,,,,,,,,,,,
Eredivisie,2025-2026,Sparta Rotterdam,3fvaph4p7n0i1nwhhtlpayzh0,P. Kuiper,Goalkeeper,0,,,,,,,,,,,,,,,,,,,,,,,,,,,,,,,,,,,,,,,,,,,,,,,,,,,,,,,,,,,,,,,,,,,,,,,,,,,,,,,,,,,,,,,,,,,,,,,,,,,,,,,,,,,,,,,,,,,,,,,,,,,,,,,,,,,,,
Eredivisie,2025-2026,Sparta Rotterdam,6q77vt9bp8dsq48pa97mfzsa1,T. Lauritsen,Forward,0,373.0,140.0,233.0,33.0,189.0,2.0,100.0,7.0,520.0,207.0,313.0,480.0,201.0,6.0,33.0,59.0,49.0,10.0,147.0,67.0,80.0,8.0,42.0,136.0,6.0,702.0,41.0,36.0,16.0,57.0,202.0,46.0,33.0,33.0,4.0,,,,9.0,97.0,8.0,403.0,290.0,138.0,420.0,5.0,13.0,1.0,2952.0,30.0,8.0,46.0,28.0,54.0,396.0,728.0,59.0,428.0,18.0,153.0,300.0,1108.0,4.0,4.0,11.0,1.0,7.0,254.0,50.0,293.0,5.0,4.0,12.0,9.0,,,4.0,,12.0,12.0,,3.0,,,1.0,,1.0,26.0,,4.0,,6.0,,12.0,,4.0,7.0,5.0,,,7.0,1.0,3.0,2.0,6.0,,,31.0,,,,,,,,,,,,,,,3.0,3.0,,,,,,,,,
Eredivisie,2025-2026,Sparta Rotterdam,5lad0u653zzdmexdpvtkcaqui,S. Ltaief,Forward,0,5.0,3.0,2.0,9.0,38.0,,70.0,2.0,58.0,29.0,29.0,110.0,24.0,2.0,9.0,15.0,8.0,7.0,53.0,26.0,27.0,2.0,6.0,7.0,2.0,114.0,46.0,12.0,6.0,23.0,46.0,6.0,5.0,7.0,7.0,2.0,,,7.0,2.0,1.0,85.0,64.0,22.0,85.0,8.0,4.0,1.0,511.0,14.0,,1.0,5.0,8.0,69.0,115.0,8.0,86.0,12.0,16.0,29.0,215.0,1.0,1.0,9.0,,4.0,25.0,5.0,25.0,0.0,,5.0,,,,,,1.0,1.0,,,,,,,,3.0,,1.0,,,,1.0,,,0.0,1.0,,,1.0,,,2.0,1.0,,,1.0,,,,,,,,,,,,,,,,,,,,,,,,,
Eredivisie,2025-2026,Sparta Rotterdam,1ueqcjuatzazpmz765tru4zdg,L. Martes,Defender,0,31.0,17.0,14.0,13.0,69.0,6.0,113.0,2.0,122.0,61.0,61.0,118.0,145.0,9.0,13.0,14.0,13.0,1.0,91.0,44.0,47.0,10.0,7.0,150.0,,380.0,57.0,27.0,17.0,48.0,31.0,7.0,3.0,12.0,8.0,1.0,4.0,4.0,7.0,,29.0,312.0,159.0,170.0,296.0,9.0,22.0,83.0,940.0,14.0,1.0,32.0,14.0,9.0,112.0,395.0,5.0,325.0,31.0,4.0,70.0,670.0,10.0,10.0,8.0,11.0,20.0,52.0,28.0,50.0,0.0,,1.0,1.0,,,,,,,,,,,,,,2.0,4.0,1.0,5.0,,,,,5.0,,,,,,,,1.0,,,,,,,,,,,,,,,,,,,,,,,,,,,,,
Eredivisie,2025-2026,Sparta Rotterdam,byirjks50zw1eefkcy8p4hd5h,B. Martins Indi,Defender,0,86.0,30.0,56.0,27.0,121.0,20.0,324.0,5.0,163.0,63.0,100.0,63.0,401.0,10.0,27.0,42.0,33.0,9.0,77.0,33.0,44.0,27.0,6.0,293.0,,1260.0,169.0,20.0,15.0,96.0,538.0,6.0,,26.0,6.0,1.0,2.0,2.0,,1.0,86.0,1128.0,402.0,817.0,1131.0,9.0,12.0,2.0,2211.0,3.0,,163.0,30.0,24.0,149.0,1353.0,6.0,1217.0,21.0,13.0,136.0,1682.0,4.0,4.0,2.0,25.0,69.0,110.0,30.0,67.0,0.0,,3.0,7.0,,55.0,,55.0,1.0,1.0,2.0,,,,,,,6.0,12.0,1.0,,1.0,1.0,1.0,1.0,5.0,1.0,0.0,,,,,1.0,,,,,,,,,,,,,,,,,,,,,,1.0,,,,,,,,
Eredivisie,2025-2026,Sparta Rotterdam,536qjh4gcmpo5q68ti87e60kq,S. Mito,Forward,0,32.0,22.0,10.0,24.0,166.0,1.0,261.0,16.0,188.0,96.0,92.0,440.0,113.0,5.0,24.0,31.0,27.0,4.0,156.0,74.0,82.0,9.0,26.0,47.0,10.0,491.0,132.0,31.0,15.0,76.0,172.0,29.0,19.0,22.0,13.0,2.0,17.0,8.0,26.0,17.0,15.0,373.0,261.0,136.0,365.0,13.0,11.0,9.0,1800.0,55.0,4.0,15.0,12.0,32.0,276.0,498.0,36.0,380.0,24.0,104.0,118.0,888.0,37.0,30.0,35.0,12.0,23.0,135.0,20.0,95.0,4.0,3.0,13.0,3.0,,,3.0,,7.0,6.0,1.0,,,,1.0,,,17.0,2.0,2.0,2.0,5.0,,3.0,,,5.0,2.0,,21.0,7.0,1.0,3.0,4.0,4.0,9.0,7.0,4.0,1.0,1.0,,,,,,,,,,,,,,,,,,,,,,,
Eredivisie,2025-2026,Sparta Rotterdam,c0os20ujhb2hujvtp21093l04,A. Oufkir,Forward,0,9.0,6.0,3.0,23.0,65.0,2.0,156.0,14.0,126.0,76.0,50.0,264.0,57.0,8.0,23.0,11.0,10.0,1.0,117.0,70.0,47.0,5.0,6.0,80.0,1.0,236.0,93.0,18.0,6.0,43.0,37.0,8.0,13.0,7.0,7.0,16.0,3.0,1.0,18.0,4.0,9.0,182.0,136.0,52.0,176.0,5.0,10.0,7.0,898.0,41.0,3.0,16.0,16.0,14.0,175.0,239.0,25.0,185.0,15.0,52.0,54.0,498.0,34.0,28.0,31.0,1.0,5.0,75.0,13.0,49.0,1.0,1.0,4.0,,,,2.0,,1.0,1.0,,,,,1.0,,,12.0,2.0,2.0,,5.0,,1.0,,3.0,0.0,1.0,,9.0,,2.0,1.0,3.0,,2.0,6.0,1.0,,,,,,,,,,,,,,,,,,,,,,,,,
Eredivisie,2025-2026,Sparta Rotterdam,6ab5gq2owk86qs5zjottfhwmi,T. Quintero,Defender,0,111.0,46.0,65.0,30.0,170.0,30.0,338.0,13.0,275.0,117.0,158.0,268.0,429.0,22.0,30.0,40.0,36.0,4.0,164.0,71.0,93.0,32.0,14.0,128.0,1.0,1067.0,197.0,54.0,33.0,82.0,382.0,15.0,12.0,26.0,3.0,4.0,6.0,6.0,15.0,,76.0,881.0,413.0,511.0,842.0,25.0,37.0,107.0,2378.0,22.0,,148.0,33.0,16.0,292.0,1109.0,18.0,918.0,62.0,34.0,191.0,1745.0,29.0,29.0,7.0,33.0,76.0,169.0,51.0,115.0,0.0,1.0,9.0,9.0,1.0,14.0,1.0,14.0,1.0,1.0,3.0,,,2.0,1.0,1.0,,6.0,9.0,1.0,20.0,2.0,2.0,1.0,1.0,6.0,0.0,1.0,1.0,,,,,1.0,1.0,,,,,,,,,,,,,,,,,,,,,,,,,,,,
Eredivisie,2025-2026,Sparta Rotterdam,6ybcevijvdov8qj1hxcbw3dd6,A. Roaldsøy,Midfielder,0,4.0,1.0,3.0,4.0,7.0,,10.0,,10.0,3.0,7.0,6.0,6.0,,4.0,2.0,2.0,,6.0,2.0,4.0,2.0,1.0,5.0,,27.0,3.0,4.0,3.0,8.0,9.0,1.0,,,,4.0,,,2.0,1.0,,18.0,6.0,12.0,18.0,,2.0,,49.0,2.0,,,,,12.0,27.0,,18.0,2.0,,9.0,40.0,,,1.0,,,4.0,5.0,9.0,0.0,,,,,,,,,,,,,,,,,,,,,,,,,,,,,,,,,,,,,,,,,,,,,,,,,,,,,,,,,,,,,,
Eredivisie,2025-2026,Sparta Rotterdam,f57vs3qmmob743hdk2dxf56cq,S. Sambo,Defender,0,67.0,30.0,37.0,25.0,134.0,10.0,152.0,4.0,176.0,86.0,90.0,226.0,277.0,12.0,25.0,30.0,23.0,7.0,109.0,56.0,53.0,19.0,6.0,206.0,,661.0,66.0,27.0,15.0,72.0,55.0,7.0,3.0,18.0,10.0,7.0,2.0,2.0,5.0,2.0,35.0,541.0,263.0,289.0,515.0,14.0,26.0,109.0,1626.0,16.0,1.0,80.0,18.0,8.0,184.0,672.0,4.0,550.0,40.0,15.0,122.0,1076.0,19.0,19.0,8.0,18.0,31.0,101.0,40.0,91.0,0.0,1.0,2.0,4.0,,,1.0,,,,,,,,1.0,,,1.0,7.0,1.0,9.0,,1.0,,,6.0,,,,,,,,2.0,,,,,,,,,,,,,,,,,,,,,,,,,,,,,
Eredivisie,2025-2026,Sparta Rotterdam,9lju80srwcwd1s6ezrjbk33tg,J. Seedorf,Forward,0,20.0,8.0,12.0,12.0,9.0,,8.0,,33.0,15.0,18.0,38.0,7.0,3.0,12.0,5.0,4.0,1.0,13.0,7.0,6.0,,3.0,9.0,,33.0,4.0,6.0,3.0,5.0,12.0,3.0,2.0,,,12.0,1.0,1.0,,2.0,2.0,20.0,16.0,9.0,22.0,1.0,3.0,,161.0,3.0,1.0,2.0,3.0,2.0,29.0,37.0,7.0,24.0,4.0,15.0,13.0,83.0,,,3.0,,1.0,9.0,4.0,12.0,0.0,,1.0,,,,,,1.0,1.0,,,,,,,,5.0,,1.0,,4.0,,1.0,,1.0,1.0,0.0,,,1.0,,1.0,,,,,1.0,,,,,,,,,,,,,,,,,,,,,,,,,
Eredivisie,2025-2026,Sparta Rotterdam,extelwxyu1sfu7bf3sw6nsqvo,R. Suur,Goalkeeper,30,,,,,,,,,,,,,,,,,,,,,,,,,,,,,,,,,,,,,,,,,,,,,,,,,,,,,,,,,,,,,,,,,,,,,,,,,,,,,,,,,,,,,,,,,,,,,,,,,,,,,,,,,,,,,,,,,,,,,,,,,,,,,,,,,,,,,
Eredivisie,2025-2026,Sparta Rotterdam,5oqqifi0wo6xbjz0xjgwf89re,C. Terho,Forward,0,9.0,4.0,5.0,9.0,20.0,,47.0,2.0,44.0,22.0,22.0,75.0,17.0,1.0,9.0,13.0,13.0,,35.0,18.0,17.0,1.0,3.0,21.0,,59.0,19.0,4.0,1.0,20.0,1.0,4.0,6.0,,,9.0,3.0,3.0,7.0,,1.0,46.0,32.0,17.0,45.0,1.0,3.0,4.0,228.0,11.0,2.0,4.0,4.0,6.0,55.0,59.0,7.0,46.0,4.0,7.0,13.0,150.0,22.0,16.0,6.0,1.0,2.0,29.0,6.0,11.0,0.0,1.0,2.0,,,,1.0,,1.0,1.0,,,,,,,,1.0,,,1.0,1.0,,,,1.0,0.0,1.0,,5.0,,,,,,,5.0,,,,,,,,,,,,,,,,,,,,,,,,,1.0,
Eredivisie,2025-2026,Sparta Rotterdam,1pmoxunz3nw0ptd6g64maam7d,N. Þórisson,Forward,0,31.0,19.0,12.0,17.0,29.0,,33.0,6.0,73.0,49.0,24.0,103.0,29.0,2.0,17.0,5.0,5.0,,42.0,30.0,12.0,,5.0,21.0,8.0,96.0,18.0,8.0,3.0,8.0,18.0,6.0,1.0,7.0,7.0,10.0,,,4.0,3.0,,64.0,46.0,19.0,65.0,3.0,1.0,2.0,451.0,15.0,1.0,4.0,14.0,4.0,65.0,97.0,9.0,65.0,4.0,34.0,32.0,177.0,1.0,1.0,5.0,1.0,2.0,30.0,3.0,30.0,0.0,1.0,7.0,,,,1.0,,1.0,1.0,,,,,,,,8.0,,1.0,,3.0,,1.0,,,0.0,1.0,,,1.0,,,,1.0,,,2.0,,,,,,,,,,,,,,,,,,,,,,,,,
Eredivisie,2025-2026,Sparta Rotterdam,ely6vpyueden4b6ozfmspwgk5,J. Toornstra,Midfielder,0,9.0,5.0,4.0,16.0,68.0,3.0,75.0,2.0,70.0,37.0,33.0,140.0,124.0,2.0,16.0,20.0,13.0,7.0,61.0,32.0,29.0,9.0,11.0,57.0,1.0,279.0,33.0,17.0,9.0,40.0,61.0,11.0,3.0,9.0,4.0,7.0,4.0,,6.0,10.0,23.0,202.0,131.0,103.0,207.0,9.0,11.0,1.0,780.0,13.0,1.0,22.0,5.0,3.0,134.0,310.0,5.0,230.0,20.0,17.0,80.0,467.0,25.0,10.0,7.0,10.0,29.0,84.0,21.0,51.0,0.0,,6.0,1.0,,,,,,,,,,,,,,2.0,2.0,2.0,,1.0,,,,5.0,,,1.0,17.0,,,,,,2.0,12.0,1.0,,,,,,,,,,,,,,,,,,,,,,,,,
Eredivisie,2025-2026,Sparta Rotterdam,4mhahoh3a6rir882ug9hdb5nu,T. Velthuis,Defender,0,19.0,6.0,13.0,13.0,33.0,6.0,58.0,,29.0,11.0,18.0,10.0,88.0,1.0,13.0,12.0,8.0,4.0,10.0,5.0,5.0,5.0,2.0,62.0,,244.0,25.0,2.0,,20.0,75.0,2.0,,5.0,1.0,8.0,,,,,12.0,210.0,75.0,148.0,211.0,1.0,4.0,1.0,488.0,1.0,,37.0,4.0,,38.0,258.0,,223.0,5.0,2.0,35.0,324.0,1.0,1.0,,7.0,13.0,20.0,16.0,22.0,0.0,,,,,8.0,,8.0,,,,,,,,,,,6.0,,,,,,,,,,,,,,,,,,,,,,,,,,,,,,,,,,,,,,,,,,,,
Eredivisie,2025-2026,Sparta Rotterdam,cvoxwqoj3ak99w6wsp1yfbl04,G. Vianello,Defender,0,4.0,1.0,3.0,4.0,16.0,2.0,20.0,,14.0,6.0,8.0,35.0,41.0,1.0,4.0,7.0,7.0,,10.0,5.0,5.0,2.0,1.0,14.0,,111.0,12.0,5.0,2.0,6.0,42.0,1.0,1.0,2.0,1.0,2.0,2.0,2.0,2.0,,7.0,95.0,42.0,57.0,90.0,1.0,1.0,12.0,242.0,,,16.0,4.0,1.0,28.0,113.0,1.0,97.0,2.0,5.0,16.0,178.0,9.0,9.0,,2.0,8.0,21.0,4.0,8.0,0.0,,1.0,,,,,,,,1.0,,,,,,,,1.0,,1.0,,,,,,,,,,,1.0,,,,,,,,,,,,,,,,,,,,,,,,,,,,,,,
Eredivisie,2025-2026,Sparta Rotterdam,ass524umdrpsq324wksaqef4k,M. Young,Defender,0,101.0,43.0,58.0,32.0,170.0,25.0,452.0,2.0,259.0,108.0,151.0,63.0,531.0,15.0,32.0,58.0,48.0,10.0,158.0,65.0,93.0,44.0,11.0,699.0,1.0,1670.0,201.0,33.0,24.0,134.0,311.0,12.0,6.0,32.0,,,,,7.0,1.0,115.0,1490.0,532.0,991.0,1408.0,37.0,34.0,5.0,2880.0,13.0,3.0,206.0,36.0,15.0,224.0,1711.0,7.0,1523.0,71.0,24.0,188.0,2210.0,,,5.0,54.0,90.0,118.0,70.0,98.0,0.0,,2.0,11.0,1.0,4.0,1.0,4.0,,,,,,,1.0,,,1.0,17.0,1.0,1.0,1.0,1.0,,,7.0,,,,,,,,,,,,,,,5.0,,,,,,,,,,,,,,,,,,,,,,
Eredivisie,2025-2026,Sparta Rotterdam,50zbw9cb2gon7eb7w08ndfyms,M. Zonneveld,Forward,0,92.0,49.0,43.0,30.0,55.0,3.0,33.0,12.0,138.0,77.0,61.0,170.0,45.0,3.0,30.0,28.0,27.0,1.0,46.0,28.0,18.0,2.0,8.0,41.0,4.0,178.0,23.0,11.0,3.0,18.0,44.0,10.0,13.0,9.0,8.0,21.0,1.0,1.0,2.0,14.0,3.0,111.0,70.0,49.0,115.0,,1.0,,1035.0,20.0,1.0,13.0,8.0,15.0,126.0,185.0,32.0,118.0,1.0,76.0,67.0,356.0,,,6.0,,,57.0,10.0,67.0,0.0,1.0,8.0,,,,2.0,,5.0,5.0,,4.0,,,1.0,,,19.0,,1.0,,14.0,,5.0,,1.0,2.0,3.0,,,5.0,,,1.0,1.0,,,5.0,,,,,,,,,,,,,,,,,,,,,,,,,
Eredivisie,2025-2026,Sparta Rotterdam,6w59kdfilru1152bjutstu2fp,J. de Guzmán,Midfielder,0,3.0,1.0,2.0,5.0,9.0,,14.0,,13.0,6.0,7.0,22.0,12.0,,5.0,1.0,1.0,,10.0,5.0,5.0,,,16.0,,50.0,5.0,2.0,,2.0,15.0,,,1.0,1.0,4.0,,,,2.0,2.0,38.0,25.0,15.0,38.0,2.0,2.0,,80.0,4.0,,3.0,1.0,1.0,22.0,52.0,,40.0,4.0,,12.0,74.0,4.0,,1.0,1.0,2.0,13.0,3.0,10.0,0.0,,,,,,,,,,,,,,,,,,,,,,,,,,,,,3.0,,,,,,,3.0,,,,,,,,,,,,,,,,,,,,,,,,,,
Eredivisie,2025-2026,Sparta Rotterdam,1yiw0x711hv8bjx32famjvehg,M. de Ligt,Defender,0,,,,,,,,,,,,,,,,,,,,,,,,,,,,,,,,,,,,,,,,,,,,,,,,,,,,,,,,,,,,,,,,,,,,,,,,,,,,,,,,,,,,,,,,,,,,,,,,,,,,,,,,,,,,,,,,,,,,,,,,,,,,,,,,,,,,,
Eredivisie,2025-2026,Sparta Rotterdam,6ip2m18ncyy5m4ft6r8dr0avo,Y. el Meftahi,Midfielder,0,,,,1.0,,,1.0,1.0,4.0,2.0,2.0,5.0,6.0,,1.0,,,,4.0,2.0,2.0,,,1.0,1.0,10.0,1.0,,,6.0,3.0,,,,,1.0,,,,,1.0,7.0,3.0,4.0,6.0,1.0,1.0,,33.0,2.0,,2.0,,,7.0,10.0,1.0,7.0,2.0,1.0,3.0,23.0,,,2.0,1.0,1.0,1.0,2.0,2.0,0.0,,,,,,,,,,,,,,,,,1.0,1.0,,,1.0,,,,,,,,,,,,,,,,,,,,,,,,,,,,,,,,,,,,,,,,,
Eredivisie,2025-2026,Sparta Rotterdam,6yush35gfp1sgyyzicye73rp,P. van Aanholt,Defender,0,4.0,1.0,3.0,12.0,52.0,6.0,72.0,4.0,50.0,21.0,29.0,107.0,98.0,3.0,12.0,17.0,11.0,6.0,46.0,20.0,26.0,6.0,8.0,14.0,,271.0,32.0,14.0,9.0,34.0,110.0,11.0,3.0,8.0,4.0,4.0,5.0,3.0,7.0,1.0,9.0,213.0,91.0,130.0,207.0,7.0,11.0,41.0,661.0,6.0,2.0,17.0,3.0,1.0,85.0,274.0,6.0,216.0,18.0,12.0,58.0,435.0,10.0,6.0,4.0,7.0,11.0,48.0,20.0,47.0,0.0,3.0,3.0,2.0,3.0,,3.0,,1.0,,,,,,1.0,,,3.0,2.0,1.0,5.0,2.0,1.0,,,1.0,0.0,1.0,1.0,1.0,,,1.0,,,1.0,,,,1.0,,,,,,,,,,,,,,,,1.0,1.0,,,,,,
Eredivisie,2025-2026,Sparta Rotterdam,7ty1wdxxnusgkl34k5raipbl5,M. van Bergen,Forward,0,8.0,6.0,2.0,30.0,238.0,2.0,415.0,34.0,165.0,101.0,64.0,710.0,133.0,3.0,30.0,39.0,30.0,9.0,157.0,95.0,62.0,7.0,36.0,214.0,7.0,640.0,241.0,55.0,18.0,80.0,63.0,39.0,21.0,30.0,15.0,,38.0,37.0,36.0,5.0,13.0,505.0,373.0,178.0,500.0,8.0,6.0,13.0,2400.0,75.0,11.0,19.0,6.0,12.0,427.0,648.0,42.0,513.0,14.0,93.0,135.0,1207.0,152.0,150.0,52.0,4.0,10.0,261.0,26.0,125.0,0.0,4.0,23.0,6.0,,,4.0,,3.0,2.0,,,,,1.0,,,21.0,1.0,4.0,2.0,6.0,,2.0,,1.0,1.0,2.0,,3.0,3.0,1.0,,10.0,3.0,1.0,,,,1.0,,,,,,,,,,,,,,,,,,,,,,,
Eredivisie,2025-2026,Sparta Rotterdam,2nwthqvbk70e2qo35dgp35979,V. van Crooij,Forward,0,27.0,12.0,15.0,17.0,41.0,3.0,66.0,9.0,75.0,38.0,37.0,183.0,73.0,7.0,17.0,21.0,21.0,,48.0,26.0,22.0,3.0,21.0,63.0,2.0,231.0,40.0,22.0,12.0,32.0,72.0,22.0,6.0,10.0,4.0,7.0,12.0,1.0,3.0,6.0,10.0,167.0,129.0,68.0,175.0,2.0,8.0,9.0,910.0,9.0,3.0,17.0,10.0,9.0,135.0,249.0,13.0,185.0,10.0,30.0,64.0,428.0,40.0,17.0,4.0,3.0,10.0,93.0,11.0,54.0,0.0,1.0,3.0,1.0,,,1.0,,1.0,1.0,,,,,1.0,,,7.0,2.0,,7.0,2.0,,1.0,,2.0,1.0,0.0,2.0,28.0,1.0,,1.0,,,9.0,14.0,,1.0,,,,,,,,,,,,,,,,,,,,,,,,
