liga,temporada,equipo,id,nombre,posicion,dorsal,Aerial Duels,Aerial Duels lost,Aerial Duels won,Appearances,Backward Passes,Blocks,Carries,Corners Won,Duels,Duels lost,Duels won,Final Third Touches,Forward Passes,Foul Attempted Tackle,Games Played,Goals Conceded,Goals Conceded Inside Box,Ground Duels,Ground Duels lost,Ground Duels won,Interceptions,Key Passes (Attempt Assists),Open Play Passes,Progressive Carries,PutThrough/Blocked Distribution,PutThrough/Blocked Distribution Won,Recoveries,Rightside Passes,Shots Created,Starts,Substitute Off,Substitute On,Successful Crosses & Corners,Successful Crosses open play,Successful Long Passes,Successful Open Play Passes,Successful Passes Opposition Half,Successful Passes Own Half,Successful Short Passes,Tackles Lost,Tackles Won,Throw Ins to Opposition Player,Throw Ins to Own Player,Time Played,Times Tackled,Total Clearances,Total Fouls Conceded,Total Fouls Won,Total Losses Of Possession,Total Passes,Total Successful Passes ( Excl Crosses & Corners ) ,Total Tackles,Total Unsuccessful Passes ( Excl Crosses & Corners ),Touches,Unsuccessful Crosses & Corners,Unsuccessful Crosses open play,Unsuccessful Dribbles,Unsuccessful Launches,Unsuccessful Long Passes,Unsuccessful Passes Opposition Half,Unsuccessful Passes Own Half,Unsuccessful Short Passes,Winning Goal,Hit Woodwork,Leftside Passes,Offsides,Shots Off Target (inc woodwork),Successful Dribbles,Total Shots,Total Touches In Opposition Box,Unsuccessful lay-offs,Blocked Shots,Clean Sheets,Corners Taken (incl short corners),Goals,Goals Conceded Outside Box,Goals Openplay,Goals from Inside Box,Left Foot Goals,Overruns,Right Foot Goals,Shots On Target ( inc goals ),Successful Corners into Box,Successful Launches,Successful Lay-offs,Through balls,Total Big Chances Created,Total Big Chances Missed,Total Big Chances Scored,Unsuccessful Corners into Box,Yellow Cards,Home Goals,Away Goals,Handballs conceded,Headed Goals,Last Player Tackle,Penalties Conceded,Penalty Goals Conceded,Total Big Chances Saved,Assists (Intentional),Goal Assists,Attempts from Set Pieces,Clearances Off the Line,Foul Won Penalty,Goals from Outside Box,Penalties Taken,Penalty Goals,Straight Red Cards,Total Red Cards,Direct Setpiece Goals,Set Pieces Goals,GK Successful Distribution,Goal Kicks,Own Goal Scored,GK Unsuccessful Distribution,Red Cards - 2nd Yellow,Catches,Penalties Faced,Penalties Saved,Punches,Saves Made,Saves Made from Inside Box,Saves Made from Outside Box,Saves from Penalty,Saves made - caught,Saves made - parried,Penalties Off Target,Drops,Goalkeeper Smother,Second Goal Assists,Other Goals,Crosses not Claimed
Italy_Serie_A,2025-2026,ACF Fiorentina,27bs002m82i4a2s8d3x2xusr8,L. Balbo,Defender,62,6,3,3,5,8,5,8,3,27,13,14,19,30,2,5,1,1,21,10,11,1,1,50,2,4,2,6,14,1,1,1,4,1,1,3,33,17,19,32,2,4,6,21,194,5,10,2,5,34,52,35,6,17,128,4,4,1,4,10,18,3,7,0,,,,,,,,,,,,,,,,,,,,,,,,,,,,,,,,,,,,,,,,,,,,,,,,,,,,,,,,,,,,,,,,,,,,,
Italy_Serie_A,2025-2026,ACF Fiorentina,6t8ii0xrbx86nr2aqg92zgus,P. Bonanno,Midfielder,63,,,,,,,,,,,,,,,,,,,,,,,,,,,,,,,,,,,,,,,,,,,,,,,,,,,,,,,,,,,,,,,,,,,,,,,,,,,,,,,,,,,,,,,,,,,,,,,,,,,,,,,,,,,,,,,,,,,,,,,,,,,,,,,,,,,,
Italy_Serie_A,2025-2026,ACF Fiorentina,5zr7c0xefkk2tmtrw30srieqc,R. Braschi,Forward,61,7,5,2,2,3,,4,1,16,10,6,24,2,,2,1,1,9,5,4,,,17,1,1,,3,7,,1,1,1,1,1,,10,9,3,11,2,,,1,106,4,,,,15,18,11,2,7,37,,,1,,1,4,3,6,0,1,6,1,3,2,3,9,1,,,,,,,,,,,,,,,,,,,,,,,,,,,,,,,,,,,,,,,,,,,,,,,,,,,,,,,,,,,,,
Italy_Serie_A,2025-2026,ACF Fiorentina,1f37bo8dikes3350u2a0h9hm2,M. Brescianini,Midfielder,4,23,16,7,25,62,4,121,8,97,59,38,152,105,7,25,14,12,74,43,31,2,9,363,69,13,6,45,103,9,9,5,16,5,3,14,302,180,133,294,4,9,,2,967,21,23,16,10,112,369,308,13,61,531,13,10,6,13,19,56,18,42,0,1,99,,4,8,8,33,1,5,1,5,2,2,2,2,1,1,1,4,2,2,10,1,2,2,1,3,2,1,1,,,,,,,,,,,,,,,,,,,,,,,,,,,,,,,,,,,,,,,
Italy_Serie_A,2025-2026,ACF Fiorentina,1sjt0nj0232gu88x50c3d16nd,O. Christensen,Goalkeeper,53,,,,,,,,,,,,,,,,,,,,,,,,,,,,,,,,,,,,,,,,,,,,,,,,,,,,,,,,,,,,,,,,,,,,,,,,,,,,,,,,,,,,,,,,,,,,,,,,,,,,,,,,,,,,,,,,,,,,,,,,,,,,,,,,,,,,
Italy_Serie_A,2025-2026,ACF Fiorentina,3mstqct3xksphtu651f65sxlg,S. Cianciulli,Midfielder,71,,,,,,,,,,,,,,,,,,,,,,,,,,,,,,,,,,,,,,,,,,,,,,,,,,,,,,,,,,,,,,,,,,,,,,,,,,,,,,,,,,,,,,,,,,,,,,,,,,,,,,,,,,,,,,,,,,,,,,,,,,,,,,,,,,,,
Italy_Serie_A,2025-2026,ACF Fiorentina,9srjp22oprs2tkcutb2g4o2dw,P. Comuzzo,Defender,15,62,32,30,26,75,13,147,2,132,66,66,47,267,12,26,27,22,70,34,36,22,3,925,69,23,11,58,241,3,17,7,9,,,37,833,270,582,815,15,17,1,12,1606,3,97,22,3,104,945,852,32,93,1182,1,1,1,25,33,58,36,60,0,,362,,7,1,9,11,,1,1,,1,5,,1,,,,2,,8,,,,1,1,,2,1,0,1,1,1,2,4,1,,,,,,,,,,,,,,,,,,,,,,,,,,,,,,,,,
Italy_Serie_A,2025-2026,ACF Fiorentina,6avfh49xuek92jslmd10ybcic,L. Deli,Midfielder,64,,,,,,,,,,,,,,,,,,,,,,,,,,,,,,,,,,,,,,,,,,,,,,,,,,,,,,,,,,,,,,,,,,,,,,,,,,,,,,,,,,,,,,,,,,,,,,,,,,,,,,,,,,,,,,,,,,,,,,,,,,,,,,,,,,,,
Italy_Serie_A,2025-2026,ACF Fiorentina,9e3t2wyjqzxsn690aysao8cfd,Dodô,Defender,2,37,20,17,35,213,3,487,25,252,109,143,682,470,6,35,45,36,215,89,126,28,48,1328,344,59,24,169,113,50,35,6,,34,34,48,1105,661,503,1082,11,18,35,179,3049,52,56,22,52,503,1356,1130,29,226,2172,116,116,38,27,72,284,58,154,0,,560,2,16,46,20,82,,5,8,,1,9,1,1,1,5,,4,,4,4,4,8,1,1,,7,0,1,1,,,,4,,2,2,,,,,,,,,,,,,,,,,,,,,,,,,,,,,,,
Italy_Serie_A,2025-2026,ACF Fiorentina,a5eki9p236y4zxmp9qz202pcl,E. Džeko,Forward,9,27,9,18,11,25,1,14,3,43,17,26,47,11,,11,6,6,16,8,8,1,2,77,7,2,,1,32,2,2,2,9,1,1,1,56,34,27,59,,1,,,236,7,6,2,5,33,81,60,1,21,124,,,4,,1,18,3,20,0,,13,,,2,1,10,,3,,,,,,,,,,1,,,12,,,,,,1,,,1,,,,2,,,,,,,,,,,,,,,,,,,,,,,,,,,,,,,,,,
Italy_Serie_A,2025-2026,ACF Fiorentina,4j3d7ujmhevsi0y3zvs34i13o,G. Fabbian,Midfielder,80,60,31,29,28,49,1,68,5,143,75,68,130,79,5,28,11,10,83,44,39,6,8,266,30,16,6,33,67,8,11,9,17,,,11,209,117,96,202,6,4,,1,1077,23,16,18,26,111,270,213,10,57,441,7,7,9,6,9,51,13,48,0,,75,2,11,4,16,40,1,2,1,,2,1,2,2,,,1,5,,1,6,,3,1,2,,2,2,0,1,1,,,1,,,,,,,,,,,,,,,,,,,,,,,,,,,,,,,,,,
Italy_Serie_A,2025-2026,ACF Fiorentina,418gw0hpjoy8dt0ywaxjgm5pm,N. Fagioli,Midfielder,44,3,2,1,33,229,10,461,11,204,93,111,471,373,13,33,42,34,201,91,110,16,59,1568,194,30,17,146,612,62,30,16,3,20,10,108,1416,817,706,1395,13,33,1,6,2564,43,27,23,45,325,1671,1503,46,168,2116,64,28,12,9,55,204,28,113,1,1,457,,13,19,20,21,1,13,4,31,2,8,2,2,,3,2,7,8,2,22,9,11,1,1,18,5,0,2,,,,,5,,3,3,4,2,,,,,,,,,,,,,,,,,,,,,,,,,,,,,
Italy_Serie_A,2025-2026,ACF Fiorentina,6e9fu9o226zn6jzx02jutvi3u,J. Fazzini,Midfielder,22,21,12,9,20,33,1,86,1,106,55,51,126,65,5,20,8,5,85,43,42,6,9,186,46,13,8,35,57,9,5,5,15,6,4,6,138,95,51,134,8,10,,,574,28,6,12,15,104,188,140,18,48,338,10,7,13,1,4,46,12,44,0,,33,,2,9,3,7,2,6,,4,,3,,,,1,,1,1,1,7,3,1,1,,3,2,,,2,,,,1,,,,,,,,,,,,,,,,,,,,,,,,,,,,,,,,,,
Italy_Serie_A,2025-2026,ACF Fiorentina,c4bccspnyg73206u27nhiwu1g,N. Fortini,Defender,29,11,6,5,16,53,2,80,4,87,35,52,151,50,3,16,12,11,76,29,47,4,4,209,40,10,7,35,63,4,2,1,14,5,5,11,183,102,87,173,13,9,6,21,530,16,8,5,18,91,210,184,22,26,393,24,24,11,4,8,41,9,18,0,,44,,3,8,5,6,,3,,,,1,,,,2,,2,,3,2,,1,,,,,,,,,,,1,,,,,,,,,,,,,,,,,,,,,,,,,,,,,,,,,,
Italy_Serie_A,2025-2026,ACF Fiorentina,9qow77e16pvlb3860yjpydryt,R. Gosens,Defender,21,76,42,34,25,109,6,127,10,170,85,85,257,295,10,25,24,20,94,43,51,22,11,730,73,49,27,44,289,12,23,13,2,9,9,21,579,294,304,568,13,17,15,118,1817,11,62,23,24,226,740,589,30,151,1187,33,33,3,18,37,141,43,114,1,,47,4,6,,13,44,,5,4,,3,4,2,3,2,,,7,,6,3,2,1,3,2,,2,1,2,1,1,,,1,2,1,1,,2,,,,,,,,,,,,,,,,,,,,,,,,,,,,,
Italy_Serie_A,2025-2026,ACF Fiorentina,ejzxqtdo5xxvbg6gvtju3lk9h,A. Guðmundsson,Forward,10,15,12,3,32,237,3,325,18,170,111,59,494,167,12,32,28,23,155,99,56,2,27,779,158,36,14,71,261,31,26,16,6,12,6,30,672,452,257,667,5,3,,13,2182,48,12,33,29,256,804,697,8,107,1162,43,30,19,7,13,115,35,94,1,2,139,6,13,19,28,82,3,13,2,22,5,5,2,4,1,2,4,15,6,2,41,2,7,5,3,11,4,2,3,5,,,,2,,3,4,2,,1,1,3,3,1,1,,,,,,,,,,,,,,,,,,,,,,,
Italy_Serie_A,2025-2026,ACF Fiorentina,6kih58n0fzlod6c792xpey57t,J. Harrison,Forward,17,18,14,4,14,87,1,127,9,91,65,26,252,63,5,14,9,9,73,51,22,1,9,337,57,20,9,31,24,12,9,4,5,9,8,4,276,189,100,276,3,4,,16,889,32,6,8,5,157,341,280,7,61,534,46,36,19,6,13,94,13,48,0,,167,,5,10,8,31,1,3,3,13,1,,1,1,1,1,,3,1,,7,2,,1,,9,1,0,1,,,,,1,,3,3,,,,,,,,,,,,,,,,,,,,,,,,,,,,,,,
Italy_Serie_A,2025-2026,ACF Fiorentina,3zqpvn7r1c779l9vwwh7yukfd,M. Kean,Forward,20,59,32,27,26,73,1,129,16,228,126,102,352,35,17,26,32,24,169,94,75,7,2,201,72,13,3,34,56,3,23,8,3,,,1,142,101,53,153,3,3,,2,2041,65,16,29,44,197,213,154,6,59,597,7,7,35,,2,58,8,57,3,3,49,30,48,25,75,131,10,23,2,,8,8,6,7,1,1,7,27,,,29,2,,18,5,,4,7,1,2,,,,4,,,1,,,,1,2,2,,,,,,,,,,,,,,,,,,,,,,,,,
Italy_Serie_A,2025-2026,ACF Fiorentina,rt3bjb3drfglk5zhc3amk5ck,E. Košpo,Defender,23,,,,,,,,,,,,,,,,,,,,,,,,,,,,,,,,,,,,,,,,,,,,,,,,,,,,,,,,,,,,,,,,,,,,,,,,,,,,,,,,,,,,,,,,,,,,,,,,,,,,,,,,,,,,,,,,,,,,,,,,,,,,,,,,,,,,
Italy_Serie_A,2025-2026,ACF Fiorentina,dnoda2j8vhyppw1gt0s6x2044,E. Kouadio,Defender,60,,,,3,4,,7,,9,3,6,5,6,,3,,,9,3,6,1,1,24,3,1,1,1,2,1,,,3,,,1,21,4,17,20,1,3,,2,70,1,1,1,1,7,24,21,4,3,40,1,1,1,,1,3,1,2,0,,12,,,1,,,,,,,,,,,,,,,,,,,,,,,,,,,,,,,,,,,,,,,,,,,,,,,,,,,,,,,,,,,,,,,,
Italy_Serie_A,2025-2026,ACF Fiorentina,6gjn7pt0i34q45g4porckuj8p,C. Kouamé,Forward,99,1,1,,2,4,,1,1,2,1,1,8,2,,2,,,1,,1,1,,15,1,2,2,1,1,,,,2,,,,12,9,3,12,,1,,,25,,1,,,5,15,12,1,3,23,2,2,,1,1,5,,2,0,,8,,,,,2,,,,,,,,,,,,,,,,,,,,,,,,,,,,,,,,,,,,,,,,,,,,,,,,,,,,,,,,,,,,,,
Italy_Serie_A,2025-2026,ACF Fiorentina,83jpq8fuprm9h1e2thoxv1tyh,T. Lamptey,Defender,48,1,1,,2,4,,3,,3,1,2,7,2,,2,,,2,,2,,2,10,3,,,1,,2,1,1,1,1,1,,7,3,5,7,,2,,,25,,,,,6,10,7,2,3,16,,,,,,3,,3,0,,4,,,,,1,,,,,,,,,,1,,,,,,1,,,,,,,,,,,,,,,,,,,,,,,,,,,,,,,,,,,,,,,,,,,,,,
Italy_Serie_A,2025-2026,ACF Fiorentina,7wpqn7j9sggde96ofmzuxif4k,P. Leonardelli,Goalkeeper,50,,,,,,,,,,,,,,,,,,,,,,,,,,,,,,,,,,,,,,,,,,,,,,,,,,,,,,,,,,,,,,,,,,,,,,,,,,,,,,,,,,,,,,,,,,,,,,,,,,,,,,,,,,,,,,,,,,,,,,,,,,,,,,,,,,,,
Italy_Serie_A,2025-2026,ACF Fiorentina,bgwbowoiz7t2lvpit75zlqz11,L. Lezzerini,Goalkeeper,1,,,,,,,,,,,,,,,,,,,,,,,,,,,,,,,,,,,,,,,,,,,,,,,,,,,,,,,,,,,,,,,,,,,,,,,,,,,,,,,,,,,,,,,,,,,,,,,,,,,,,,,,,,,,,,,,,,,,,,,,,,,,,,,,,,,,
Italy_Serie_A,2025-2026,ACF Fiorentina,dpnp9rguhhs04of6vmlw5spg5,R. Mandragora,Midfielder,8,60,24,36,33,182,5,131,16,230,92,138,408,258,15,33,32,25,170,68,102,14,31,897,57,23,16,66,210,34,29,19,4,16,2,33,757,441,382,774,23,22,1,4,2348,19,35,37,55,247,958,807,45,151,1344,50,11,9,34,59,168,33,92,0,1,308,,25,5,42,48,2,20,2,45,7,7,4,4,5,,1,17,11,3,42,4,3,,3,30,7,3,4,1,1,,,4,,1,3,13,,1,3,1,1,,,1,1,,,,,,,,,,,,,,,,,,,,,
Italy_Serie_A,2025-2026,ACF Fiorentina,4jh6mywmhugi4ltyhq5vd5ij8,T. Martinelli,Goalkeeper,30,,,,,,,,,,,,,,,,,,,,,,,,,,,,,,,,,,,,,,,,,,,,,,,,,,,,,,,,,,,,,,,,,,,,,,,,,,,,,,,,,,,,,,,,,,,,,,,,,,,,,,,,,,,,,,,,,,,,,,,,,,,,,,,,,,,,
Italy_Serie_A,2025-2026,ACF Fiorentina,erdqr6vrr5tlfypbks3og0dlh,Pablo Marí,Defender,18,35,17,18,11,22,7,73,,75,37,38,13,130,4,11,19,13,40,20,20,22,2,423,32,7,5,28,165,2,9,2,2,,,16,389,99,319,402,4,8,2,2,809,1,47,17,8,42,455,418,12,37,577,,,1,15,24,26,11,13,0,,138,,2,,2,3,,,1,,,6,,,,,,,,7,,,,,,,3,,,,,1,,3,,,,,,,,,,,,,,17,17,,,,,,,,,,,,,,,,,,,
Italy_Serie_A,2025-2026,ACF Fiorentina,kvbjuvcseqk4sbr04ctkqi38,C. Ndour,Midfielder,27,78,46,32,32,146,9,166,8,209,112,97,306,198,12,32,21,19,131,66,65,14,6,732,51,37,23,74,241,6,20,11,12,1,1,19,603,340,271,591,16,19,,11,1849,28,34,26,23,198,740,610,35,130,1038,18,18,16,11,24,112,36,106,1,,155,1,6,7,14,39,1,10,5,,3,2,3,3,,1,2,8,,1,19,2,1,2,2,,2,2,1,2,1,,,2,,,,,,,,,,,,,,,,,,,,,,,,,,,,,,,,,,
Italy_Serie_A,2025-2026,ACF Fiorentina,a6lo3s66xv87llkhwveoq1vqh,H. Nicolussi,Midfielder,14,21,11,10,25,84,3,168,10,150,81,69,183,214,9,25,23,19,129,70,59,6,13,675,66,18,7,60,232,17,16,12,9,13,1,38,572,323,300,572,12,13,,1,1369,37,25,22,23,209,724,610,25,114,978,38,10,10,7,33,126,26,81,0,,194,,5,11,7,7,,10,,33,,4,,,,,,2,10,4,19,1,4,,,20,4,,,2,,,,2,,2,4,3,,,,,,,,,,,,,,,,,,,,,,,,,,,,,,
Italy_Serie_A,2025-2026,ACF Fiorentina,8dgh4fzut8khpt32d6dsrljsa,F. Parisi,Defender,65,25,15,10,23,128,6,245,5,211,87,124,355,169,4,23,21,16,186,72,114,20,18,624,117,31,13,94,209,19,18,12,5,7,4,24,530,327,222,518,8,13,4,47,1527,50,23,14,66,217,638,542,21,96,1061,32,23,24,13,30,99,29,66,0,2,132,1,9,31,16,44,,8,1,11,1,5,1,1,,6,1,7,3,2,5,2,3,1,,7,6,0,1,,,,1,2,,1,1,,,1,,,,,,,,,,1,,,,,,,,,,,,,,,,,,
Italy_Serie_A,2025-2026,ACF Fiorentina,31b0dvddmki2b2zvumesyrx4a,R. Piccoli,Forward,91,134,83,51,31,64,,72,12,248,143,105,232,39,6,31,19,16,114,60,54,4,14,208,39,13,6,34,71,15,15,6,16,1,1,,135,98,47,144,7,,,2,1574,36,13,30,38,195,218,144,7,74,498,4,4,11,1,3,60,18,71,2,2,44,10,21,9,35,80,12,9,4,,3,3,3,3,2,,1,14,,,20,2,1,12,3,,1,0,3,3,,,,1,,1,1,,,,,,,,,,,,,,,,,,,,,,,,,,,,,,,
Italy_Serie_A,2025-2026,ACF Fiorentina,4vnxeq5fm1v2ydfh2mj33a80k,A. Pirrò,Midfielder,72,,,,,,,,,,,,,,,,,,,,,,,,,,,,,,,,,,,,,,,,,,,,,,,,,,,,,,,,,,,,,,,,,,,,,,,,,,,,,,,,,,,,,,,,,,,,,,,,,,,,,,,,,,,,,,,,,,,,,,,,,,,,,,,,,,,,
Italy_Serie_A,2025-2026,ACF Fiorentina,8j498fkairlyk82v1qprc13op,M. Pongračić,Defender,5,88,39,49,34,113,26,574,,242,124,118,80,540,22,34,40,33,154,85,69,35,8,1781,299,18,12,158,522,8,33,4,1,1,1,78,1628,543,1187,1651,14,18,1,13,2894,11,128,69,21,198,1887,1729,32,158,2268,3,3,6,32,57,87,74,101,0,,712,,4,16,5,15,,3,7,,,7,,,,,,1,,6,,1,1,,,,12,,,1,,,,3,,,,,,,,,,,,,,7,9,,2,,,,,,,,,,,,,,,,,
Italy_Serie_A,2025-2026,ACF Fiorentina,5rgcjbac18zbypr3jzq415wr8,G. Puzzoli,Forward,69,,,,,,,,,,,,,,,,,,,,,,,,,,,,,,,,,,,,,,,,,,,,,,,,,,,,,,,,,,,,,,,,,,,,,,,,,,,,,,,,,,,,,,,,,,,,,,,,,,,,,,,,,,,,,,,,,,,,,,,,,,,,,,,,,,,,
Italy_Serie_A,2025-2026,ACF Fiorentina,476nfumr6aadvufrqk72tq5be,L. Ranieri,Defender,6,82,35,47,34,109,13,224,4,191,77,114,167,543,11,34,34,27,109,42,67,24,7,1299,118,23,12,74,510,7,29,10,5,6,6,83,1104,475,742,1128,10,24,2,25,2463,13,127,22,27,256,1411,1211,34,200,1797,21,21,9,40,96,175,46,104,0,1,249,3,9,6,12,33,,6,8,,1,7,,1,1,2,,3,,24,,3,2,3,,,8,1,0,1,,1,1,4,,,,,,,,,,1,1,,,25,25,,,,,,,,,,,,,,,,,,,
Italy_Serie_A,2025-2026,ACF Fiorentina,45lcfmo0varfc325n562ul2j8,A. Richardson,Midfielder,24,2,1,1,2,6,,9,,12,6,6,17,7,,2,1,1,10,5,5,,,29,4,2,1,,3,,,,2,,,1,20,14,6,19,,1,,1,40,4,2,1,3,16,29,20,1,9,48,1,1,3,,,9,1,9,0,,13,,1,1,1,3,,,,,,,,,,,,,,,1,1,,,,,,,,,,,,,,,,,,,,,,,,,,,,,,,,,,,,,,,,,,,,,,
Italy_Serie_A,2025-2026,ACF Fiorentina,bh3b7e2qzh41dltd6h2obpln9,D. Rugani,Defender,3,28,14,14,11,10,4,53,,43,22,21,7,65,2,11,6,6,15,8,7,7,,279,16,2,2,13,81,,6,4,5,,,9,255,60,207,258,2,5,,,510,,29,9,,26,291,267,7,24,352,,,,3,9,12,12,15,0,,135,,,,,4,,,1,,,,,,,,,,,3,,,,,,,2,,,,,,1,1,,,,,,,,,,,,,,4,4,,,,,,,,,,,,,,,,,,,
Italy_Serie_A,2025-2026,ACF Fiorentina,3yl0m3n14kek9pwkp7catyh9l,A. Sabiri,Midfielder,11,,,,1,2,,2,,6,3,3,11,6,,1,,,6,3,3,,3,18,1,,,2,7,3,,,1,2,,,12,12,3,13,,2,,,25,1,,1,1,9,19,13,2,6,28,2,1,,,2,6,2,4,0,,4,,1,,1,,,,,1,,,,,,,,,,,,,,,,1,,,,,,,,,,,,,,,,,,,,,,,,,,,,,,,,,,,,,,,,,,
Italy_Serie_A,2025-2026,ACF Fiorentina,21luqypabqsd2326yorfl1s7o,E. Sadotti,Defender,67,,,,,,,,,,,,,,,,,,,,,,,,,,,,,,,,,,,,,,,,,,,,,,,,,,,,,,,,,,,,,,,,,,,,,,,,,,,,,,,,,,,,,,,,,,,,,,,,,,,,,,,,,,,,,,,,,,,,,,,,,,,,,,,,,,,,
Italy_Serie_A,2025-2026,ACF Fiorentina,87kiw3scnrpt6t0hsaqkgvpey,S. Sohm,Midfielder,7,61,38,23,28,152,5,111,3,140,75,65,141,137,16,28,22,17,79,37,42,8,14,565,68,16,6,46,160,15,18,15,10,1,1,19,482,237,252,469,8,12,,3,1430,10,11,25,14,118,571,488,20,83,721,6,6,5,5,13,72,17,70,0,,122,3,5,11,6,18,1,3,1,,,5,,,,1,,1,,,36,7,3,1,,,3,,,1,,,,1,,1,1,,,,,,,,,,,,,,,,,,,,,,,,,,,,,,,
Italy_Serie_A,2025-2026,ACF Fiorentina,f0drogjsrwqv3hyjxuqcnk8vd,M. Solomon,Forward,19,3,2,1,15,102,1,145,6,91,38,53,231,52,,15,14,13,88,36,52,1,22,300,73,15,7,33,117,23,9,4,6,12,6,6,268,207,79,268,,12,1,,873,29,3,2,16,109,307,274,12,33,487,34,21,11,,2,59,8,31,0,,36,1,2,24,6,42,1,5,3,18,2,1,2,1,,1,2,4,5,,14,1,3,1,1,10,1,1,1,,,,,1,,1,1,,,,1,,,,,,,,,,,,,,,,,,,,,,,,,,,
Italy_Serie_A,2025-2026,ACF Fiorentina,2e0ipswbkv4vf7lav6ee1j3oq,M. Viti,Defender,26,12,8,4,10,16,1,32,,41,23,18,19,57,3,10,6,5,29,15,14,4,,138,15,2,2,11,42,,2,1,8,,,12,115,61,59,108,5,4,4,4,260,4,15,9,4,40,143,120,9,23,206,,,1,6,9,14,9,14,0,,28,,,1,,5,,,,,,1,,,,,,,,3,1,,,,,,1,,,,,,1,,,,,,,,,,,,1,,,2,2,,,1,,,,,,,,,,,,,,,,
Italy_Serie_A,2025-2026,ACF Fiorentina,e00004wkpfc8jawioejmpu1n9,David de Gea,Goalkeeper,43,8,2,6,37,,,133,,15,4,11,,653,,37,49,40,7,2,5,,1,710,58,,,260,198,1,37,,,,,188,495,112,595,519,,,,,3330,,19,,6,372,1067,707,,360,1383,,,,194,355,308,52,5,0,,216,,,,,,,,10,,,9,,,,,,,,63,,,,,,,,,,,,,,5,20,,,,,,,,,,,,,284,223,,85,,15,6,1,11,121,78,41,1,1,29,,,,,,
Italy_Serie_A,2025-2026,AC Milan,ac6r3yi7rzqlcih7qw86jsro4,Z. Athekame,Defender,24,16,6,10,26,87,,94,7,73,35,38,213,107,4,26,11,10,57,29,28,3,10,337,53,20,8,33,18,11,7,6,19,12,12,11,269,175,111,263,6,7,5,37,795,12,22,16,11,133,342,274,13,68,549,32,32,7,17,21,83,17,47,1,,130,2,5,4,9,23,,3,,,2,1,,,1,1,1,4,,3,1,,4,,,,3,1,1,4,,,,2,,2,2,,,,2,,,,,,,,,,,,,,,,,,,,,,,,,,,
Italy_Serie_A,2025-2026,AC Milan,56xtyj8ae03y351wietzbto2c,C. Balentien,Forward,25,,,,2,,,2,,2,2,,3,,,2,,,2,2,,,,1,1,,,1,1,,,,2,,,,,,,,,,,,4,1,,,,4,1,,,1,5,,,,,,1,,1,0,,,,1,,1,1,,,,,,,,,,,,,,,,,,,,,,,,,,,,,,,,,,,,,,,,,,,,,,,,,,,,,,,,,,,,,,
Italy_Serie_A,2025-2026,AC Milan,7odl8qgd0qak6w4ox0t3kg3kk,D. Bartesaghi,Defender,33,54,30,24,30,213,9,219,15,201,105,96,557,295,8,30,25,24,147,75,72,12,42,998,125,40,19,66,429,42,26,7,4,39,18,42,851,549,368,836,17,30,27,159,2352,40,64,19,14,342,1025,878,47,147,1674,99,71,19,15,41,196,50,106,0,,88,4,8,11,15,29,,6,7,39,2,1,2,2,2,1,,7,17,1,5,2,4,,2,16,3,2,0,1,,,2,5,,,,5,,,,,,,,,,2,2,1,,,,,,,,,,,,,,,,,,
Italy_Serie_A,2025-2026,AC Milan,3tvxofotfei1tgqbsvz3xqwwk,A. Castiello,Forward,38,,,,,,,,,,,,,,,,,,,,,,,,,,,,,,,,,,,,,,,,,,,,,,,,,,,,,,,,,,,,,,,,,,,,,,,,,,,,,,,,,,,,,,,,,,,,,,,,,,,,,,,,,,,,,,,,,,,,,,,,,,,,,,,,,,,,
Italy_Serie_A,2025-2026,AC Milan,3bm08rp9rgzh6cjhk0picxs6h,S. Chukwueze,Forward,21,,,,1,1,,7,,5,1,4,9,4,,1,,,5,1,4,,,11,3,,,1,,,,,1,1,1,,9,11,1,11,,,,,25,,,,3,5,13,11,,2,21,2,,,,,4,,2,0,,8,,,1,,4,,,,2,,,,,,,,,,,,,,,,2,,,,,,,,,,,,,,,,,,,,,,,,,,,,,,,,,,,,,,,,,,
Italy_Serie_A,2025-2026,AC Milan,95r0jtkw03vjohzwc8os8ielm,K. De Winter,Defender,5,64,22,42,26,83,12,287,2,138,56,82,94,410,6,26,21,20,74,34,40,13,4,1232,153,18,9,74,341,5,19,2,7,1,1,29,1125,423,732,1125,11,18,7,14,1798,6,98,27,8,140,1263,1154,29,109,1520,4,4,3,30,51,74,39,58,0,,429,1,4,3,5,16,,2,7,,1,1,,1,,1,,1,,6,,,,1,1,,1,0,1,2,1,,1,3,,,1,,,,,,,,,,,5,5,,,,,,,,,,,,,,,,,,,
Italy_Serie_A,2025-2026,AC Milan,f14xzi9g7mhrckm5hmxkmzwno,M. Duțu,Defender,35,,,,,,,,,,,,,,,,,,,,,,,,,,,,,,,,,,,,,,,,,,,,,,,,,,,,,,,,,,,,,,,,,,,,,,,,,,,,,,,,,,,,,,,,,,,,,,,,,,,,,,,,,,,,,,,,,,,,,,,,,,,,,,,,,,,,
Italy_Serie_A,2025-2026,AC Milan,87g6qlasqe627i5g7ir30j2sp,P. Estupiñán,Defender,2,15,7,8,19,115,,115,4,77,44,33,218,137,9,19,6,6,62,37,25,11,12,522,61,28,15,59,244,13,13,6,6,8,8,7,452,247,218,450,6,9,16,59,1036,9,23,16,8,129,527,457,15,70,754,12,12,5,5,8,55,27,62,1,1,31,5,8,2,9,17,2,,5,,1,,1,1,1,,,1,,3,3,1,2,,1,,5,1,0,,,,1,,,1,1,,,,,,,1,1,,,,,,,,,,,,,,,,,,,,,,,
Italy_Serie_A,2025-2026,AC Milan,b0wb7gf04synxlkq7o8gvzkoa,Y. Fofana,Midfielder,19,31,22,9,32,183,4,192,7,185,107,78,367,221,12,32,19,19,154,85,69,18,33,780,114,42,20,86,183,36,27,19,5,2,2,22,645,389,263,628,23,17,1,8,2149,48,16,20,16,240,785,650,40,135,1123,8,8,24,5,22,110,33,113,1,,198,,18,13,35,79,4,9,3,,2,,2,2,,4,2,17,,,37,13,5,5,,,4,1,1,1,,,1,2,,3,3,,,,,,,,,,,,,,,,,,,,,,,,,,,,,,,
Italy_Serie_A,2025-2026,AC Milan,cjq9g6zgcxk1ceo2xzpe1qnyt,N. Füllkrug,Forward,9,40,23,17,19,49,,20,2,69,40,29,120,40,,19,6,6,29,17,12,3,9,166,6,4,1,12,33,9,3,4,16,,,2,118,78,45,121,,1,,2,618,8,13,8,8,76,171,123,1,48,265,1,1,3,,1,39,10,47,1,1,49,12,6,3,11,44,4,5,,,1,,1,1,,,,5,,,24,,4,5,1,,,1,0,1,1,,,1,,,,,,,,1,,,,,,,,,,,,,,,,,,,,,1,,,,,
Italy_Serie_A,2025-2026,AC Milan,enqcaecpt5hy0qv9x5pzmkjc9,M. Gabbia,Defender,46,92,32,60,29,74,19,263,3,146,61,85,47,292,8,29,23,23,54,29,25,13,2,1408,124,5,1,62,454,2,27,2,2,,,84,1294,377,948,1241,9,11,,2,2441,1,154,25,6,123,1441,1325,20,116,1712,1,1,1,28,64,85,32,52,0,2,621,,14,,17,26,,2,11,,,,,,,,,3,,9,1,,,3,,,4,,,,,1,,4,,,,,,,,,,,,,,2,4,,2,,,,,,,,,,,,,,,,,
Italy_Serie_A,2025-2026,AC Milan,aboxil79ulfa73pckzsdnwp62,S. Giménez,Forward,7,23,17,6,15,39,1,45,5,81,51,30,129,15,5,15,10,10,58,34,24,1,3,116,19,8,5,14,22,3,10,9,5,1,1,,90,61,44,104,2,5,,1,851,24,1,9,14,74,130,104,7,26,255,,,14,,,19,7,26,0,3,54,7,12,3,21,53,,4,,1,,,,,,2,,9,,,22,,,7,,,2,,,1,,,,3,,,,1,,2,,,,,,,,,,,,,,,,,,,,,,,,,,,,
Italy_Serie_A,2025-2026,AC Milan,94sln58zt76ydfvs4pl7xkqy2,A. Jashari,Midfielder,30,9,7,2,13,46,1,117,1,64,37,27,118,106,3,13,5,4,55,30,25,5,8,398,56,14,7,37,125,9,6,5,7,4,2,18,362,212,163,353,3,11,,2,638,15,5,11,7,73,407,371,14,36,509,6,3,8,,5,33,9,31,0,,130,,4,4,6,10,,1,,6,,1,,,,1,,2,2,1,2,1,2,,,3,,,,,,,,,,1,1,,,,,,,,,,,,,,,,,,,,,,,,,,,,,,,
Italy_Serie_A,2025-2026,AC Milan,clbsrtzkf61e6vx28ou5lbx90,Álex Jiménez,Defender,20,,,,1,2,,15,,9,4,5,14,1,,1,1,1,9,4,5,,2,20,9,1,1,1,14,2,,,1,,,,19,14,5,19,,,,4,45,3,,,1,5,20,19,,1,35,1,1,3,,,1,1,1,0,,3,,,4,,2,,,,,,,,,,,,,,,,,,,,,1,,,,,,,,,,,,,,,,,,,,,,,,,,,,,,,,,,,,,,,,,
Italy_Serie_A,2025-2026,AC Milan,e6jaaazxqeczj6ziaj0qnqpxx,R. Loftus-Cheek,Midfielder,8,58,27,31,28,105,1,151,12,160,85,75,256,92,6,28,11,11,102,58,44,5,9,404,96,13,6,38,100,10,12,9,16,3,3,5,341,259,87,338,7,6,1,2,1127,33,16,23,19,144,406,343,13,63,617,7,7,14,2,8,54,16,55,2,,109,1,12,12,18,73,2,11,,,3,,2,3,,1,1,6,,,16,3,3,5,2,,2,0,3,1,2,,,1,,1,1,,,,,,,,,,,,,,,,,,,,,,,,,,,,,,,
Italy_Serie_A,2025-2026,AC Milan,3fpnfgoy4lbpapv2th6g60cet,M. Maignan,Goalkeeper,16,5,,5,36,,,187,1,12,,12,,503,,36,33,32,7,,7,1,,796,94,,,276,274,,36,1,,,,170,668,74,746,650,,,,,3206,,22,,5,248,1058,820,,238,1412,,,,105,230,197,41,8,0,,281,,,3,,,1,,13,,,1,,,,,,,,24,,,,,,,3,,,,,,,5,22,,,,,,,,,,,,,272,170,,62,,36,8,2,7,99,61,33,2,3,26,,5,4,,,
Italy_Serie_A,2025-2026,AC Milan,diod1hv5hv7v7z7mfleev1txx,L. Modrić,Midfielder,14,22,11,11,33,241,10,587,11,199,90,109,534,693,13,33,26,25,177,79,98,39,47,2050,264,40,11,186,666,50,32,7,1,29,6,174,1848,1226,793,1816,22,27,,5,2788,30,33,23,32,359,2197,1990,49,207,2648,82,14,18,6,59,234,55,148,2,1,597,,5,17,13,24,1,6,10,78,2,1,2,2,,1,2,8,19,3,18,6,6,,1,41,4,1,1,3,,,,5,,2,3,1,,,,,,,,,,,,,,,,,,,,,,,,,,,,2,,
Italy_Serie_A,2025-2026,AC Milan,b2e12l3s3dxgyr8d2rk5qb9ey,Y. Musah,Midfielder,80,17,12,5,18,64,2,121,5,81,39,42,127,71,2,18,7,5,64,27,37,4,3,297,56,11,5,34,59,3,4,2,14,5,5,12,260,173,97,253,3,5,1,9,534,14,6,8,17,69,302,265,8,37,425,5,5,5,2,4,31,11,33,0,,108,3,4,12,5,9,,1,2,,1,2,1,1,,,1,1,,,4,,1,,1,,1,0,1,,,,,,,,,,,,,,,,,,,,,,,,,,,,,,,,,,,,,,,
Italy_Serie_A,2025-2026,AC Milan,1j0a3ml1zglc9s31yentfckb9,C. Nkunku,Forward,18,40,27,13,31,99,1,100,4,111,63,48,250,63,3,31,11,10,71,36,35,2,12,320,45,9,6,30,125,15,14,11,17,6,2,8,285,214,83,283,4,2,,2,1290,26,7,9,21,107,327,291,6,36,525,10,4,16,,2,40,6,34,0,2,40,8,8,8,23,66,,5,1,7,7,1,2,7,,2,7,15,3,,17,2,3,7,7,4,,3,4,1,,,,2,,2,3,,,4,,5,5,,,,,,,,,,,,,,,,,,,,,,,,,
Italy_Serie_A,2025-2026,AC Milan,beey4bz2prklgyamlgha3d89g,D. Odogu,Defender,27,1,,1,2,1,,,,1,,1,1,,,2,,,,,,,,2,,,,,,,,,2,,,,1,,1,1,,,,,5,,1,,,1,2,1,,1,3,,,,1,1,1,,,0,,1,,,,,,,,,,,,,,,,,,,,,,,,,,,,,,,,,,,,,,,,,,,,,,,,,,,,,,,,,,,,,,,,,,,
Italy_Serie_A,2025-2026,AC Milan,7wjdqyl3bkhsfca5cu4riwley,S. Pavlović,Defender,31,121,53,68,33,131,14,476,8,286,121,165,225,571,11,33,31,30,165,68,97,20,14,1692,299,31,16,96,769,15,32,4,1,5,5,64,1529,664,962,1557,26,27,1,8,2780,26,114,27,28,230,1785,1621,53,164,2210,10,10,15,16,53,120,54,111,2,,314,3,14,16,20,53,,5,11,,5,1,3,4,2,2,,6,,5,2,1,,2,3,,3,4,1,,2,1,2,4,1,,1,1,,1,1,,,,,,,64,64,,,,,,,,,,,,,,,,,1,1,
Italy_Serie_A,2025-2026,AC Milan,89c5l7f1h1u4rsvzo5qm56jo4,M. Pittarella,Goalkeeper,37,,,,,,,,,,,,,,,,,,,,,,,,,,,,,,,,,,,,,,,,,,,,,,,,,,,,,,,,,,,,,,,,,,,,,,,,,,,,,,,,,,,,,,,,,,,,,,,,,,,,,,,,,,,,,,,,,,,,,,,,,,,,,,,,,,,,
Italy_Serie_A,2025-2026,AC Milan,93soe2rjn0z874cc9ofcesgkp,C. Pulišić,Midfielder,11,28,19,9,29,197,1,306,10,157,84,73,502,134,4,29,13,13,129,65,64,3,34,643,128,30,8,51,176,38,18,14,11,13,9,7,553,415,157,552,5,9,1,6,1566,52,10,11,23,219,650,559,14,91,975,22,19,32,4,10,90,23,81,5,,143,3,13,27,38,114,,13,,7,8,,7,8,6,7,2,25,3,,16,7,9,10,6,3,,2,6,4,,,,1,,3,4,1,,,,1,,,,,,,,,,,,,,,,,,,,,1,,,,,
Italy_Serie_A,2025-2026,AC Milan,2nddcty9qris2mmeldon0ogd1,A. Rabiot,Midfielder,12,71,28,43,28,211,5,424,22,305,134,171,524,390,22,28,23,23,234,106,128,19,19,1236,225,42,20,139,372,23,27,,1,14,14,44,1050,672,427,1041,28,29,2,15,2460,54,39,35,54,335,1271,1085,57,186,1773,42,42,21,5,28,192,36,158,2,1,298,7,18,20,30,82,1,12,13,1,6,,5,4,6,4,,12,,2,30,4,6,2,3,,4,1,5,1,,,,4,,3,4,,,1,2,,,,1,,,,,,,1,,,,,,,,,,,,,,,,
Italy_Serie_A,2025-2026,AC Milan,11o903vztwpnmvgrinn208qnd,Rafael Leão,Forward,10,55,27,28,28,184,,219,12,198,105,93,484,96,7,28,22,21,143,78,65,5,17,554,130,19,6,43,211,20,23,17,5,8,8,14,459,348,138,464,3,3,,2,1837,55,7,19,34,222,573,478,6,95,896,12,12,30,,4,95,12,91,3,2,82,9,21,25,45,119,6,18,2,3,9,1,5,6,1,6,7,24,,,55,9,9,10,6,,5,6,3,1,1,,,2,,3,3,,,,3,2,2,,,,,,,,,,,,,,,,,,,,,,,,,
Italy_Serie_A,2025-2026,AC Milan,e2oeysariwd866ksilu3t4m7e,S. Ricci,Midfielder,4,10,7,3,31,101,5,160,8,93,37,56,235,160,7,31,17,16,83,30,53,9,16,626,76,20,7,58,216,20,11,5,20,12,7,37,562,367,228,546,7,9,,4,1297,12,29,17,33,107,647,583,16,64,863,16,8,3,5,11,62,18,53,0,1,170,1,6,5,12,18,,6,1,12,1,1,,,,,1,6,4,1,8,1,5,2,,6,3,0,1,1,,,,3,,3,4,,,,1,,,,,,,,,,,,,,,,,,,,,,,,,,,
Italy_Serie_A,2025-2026,AC Milan,9vnr9uog5fmggich2i4vjxwbt,A. Saelemaekers,Forward,56,22,12,10,34,321,4,513,18,328,138,190,800,284,16,34,28,28,306,126,180,28,46,1272,229,71,31,158,119,49,32,17,2,19,19,25,1069,693,412,1061,33,38,8,100,2707,72,22,25,61,412,1289,1086,71,203,1990,61,61,55,8,31,213,51,172,0,3,565,2,18,49,28,91,,14,8,1,2,,2,1,1,5,1,10,,1,22,9,5,4,1,,5,1,1,1,,,,4,,3,3,,,1,1,,,,,,,,,,,,,,,,,,,,,,,,,,,
Italy_Serie_A,2025-2026,AC Milan,5r7w2ewjasp98ppda6qhoez9w,E. Sala,Midfielder,42,,,,,,,,,,,,,,,,,,,,,,,,,,,,,,,,,,,,,,,,,,,,,,,,,,,,,,,,,,,,,,,,,,,,,,,,,,,,,,,,,,,,,,,,,,,,,,,,,,,,,,,,,,,,,,,,,,,,,,,,,,,,,,,,,,,,
Italy_Serie_A,2025-2026,AC Milan,co64kf1o4ts76szvfg4ck8sgk,J. Sardo,Midfielder,45,,,,,,,,,,,,,,,,,,,,,,,,,,,,,,,,,,,,,,,,,,,,,,,,,,,,,,,,,,,,,,,,,,,,,,,,,,,,,,,,,,,,,,,,,,,,,,,,,,,,,,,,,,,,,,,,,,,,,,,,,,,,,,,,,,,,
Italy_Serie_A,2025-2026,AC Milan,2udciji4n7tr07ft7twe2r9w5,P. Terracciano,Goalkeeper,1,,,,2,,,,,,,,,11,,2,,,,,,,,21,,,,11,9,,1,,1,,,7,21,5,24,22,,,,,124,,1,,,3,31,29,,2,42,,,,1,2,2,,,0,,11,,,,,,,,1,,,,,,,,,,,2,,,,,,,,,,,,,,,,,,,,,,,,,,,,9,6,,2,,1,,,1,4,1,3,,,,,,,,,
Italy_Serie_A,2025-2026,AC Milan,3sezchmdtivxl4kusvgc6j7x1,F. Tomori,Defender,23,34,18,16,32,128,22,235,3,166,75,91,193,560,28,32,19,18,132,57,75,29,2,1491,95,33,14,73,148,4,30,9,2,4,4,57,1342,542,838,1319,26,39,21,116,2502,6,97,34,7,219,1527,1376,65,151,2005,12,12,2,29,51,115,48,100,0,,691,2,4,3,6,18,,3,11,,,1,,,,1,,2,,7,5,2,2,,,,6,,,1,,1,1,3,,1,2,,,,,,,,1,,,,,,,1,,,,,,,,,,,,,,,,
Italy_Serie_A,2025-2026,AC Milan,d0ag3rk2mc50gwbo5famdzaqc,L. Torriani,Goalkeeper,96,,,,,,,,,,,,,,,,,,,,,,,,,,,,,,,,,,,,,,,,,,,,,,,,,,,,,,,,,,,,,,,,,,,,,,,,,,,,,,,,,,,,,,,,,,,,,,,,,,,,,,,,,,,,,,,,,,,,,,,,,,,,,,,,,,,,
Italy_Serie_A,2025-2026,AC Milan,bt9jevjip0izkg5b1bu0yhxjo,V. Vladimirov,Defender,34,,,,,,,,,,,,,,,,,,,,,,,,,,,,,,,,,,,,,,,,,,,,,,,,,,,,,,,,,,,,,,,,,,,,,,,,,,,,,,,,,,,,,,,,,,,,,,,,,,,,,,,,,,,,,,,,,,,,,,,,,,,,,,,,,,,,
Italy_Serie_A,2025-2026,AS Roma,9uthj64y9f77y63tq7did539x,Angeliño,Defender,3,8,4,4,7,44,,29,2,35,20,15,103,64,4,7,1,,27,16,11,2,5,203,20,11,5,22,88,5,5,5,2,4,2,11,159,97,71,153,2,7,4,34,418,5,6,5,2,72,209,164,9,45,314,14,11,3,6,11,46,13,34,0,,13,,2,,4,10,,1,,3,,1,,,,,,2,2,2,4,,,,,1,2,,,,,,,,,,,,,,,,,,,,,,,,,,,,,,,,,,,,,,,,,
Italy_Serie_A,2025-2026,AS Roma,c6vfjpybbdcyvis2zljs7mgwk,A. Arena,Forward,68,,,,2,2,,1,2,3,3,,5,1,,2,,,3,3,,,,4,1,,,,1,,,,2,,,,3,2,1,3,,,,,21,2,,,,3,4,3,,1,9,,,,,,,1,1,0,,,1,,,,1,1,2,,,,,,,,,,,,,,,,,,,,,,,,,,,,,,,,,,,,,,,,,,,,,,,,,,,,,,,,,,,,
Italy_Serie_A,2025-2026,AS Roma,9nksy1xlejaomm12hftl9xul0,M. Bah,Midfielder,69,,,,,,,,,,,,,,,,,,,,,,,,,,,,,,,,,,,,,,,,,,,,,,,,,,,,,,,,,,,,,,,,,,,,,,,,,,,,,,,,,,,,,,,,,,,,,,,,,,,,,,,,,,,,,,,,,,,,,,,,,,,,,,,,,,,,
Italy_Serie_A,2025-2026,AS Roma,4jyrztlaueae7eg18kuvxa489,L. Bailey,Forward,31,7,4,3,7,29,,26,6,21,13,8,70,10,,7,1,1,14,9,5,,2,57,16,5,1,6,9,2,1,3,6,2,1,,48,40,11,49,2,,,,182,6,,2,1,39,59,49,2,10,103,12,9,4,,,19,3,10,0,,11,1,,2,1,7,1,2,,3,,,,,,,,1,,,2,,,,,2,,,,,,,,,,,,,,,,,,,,,,,,,,,,,,,,,,,,,,,,,,
Italy_Serie_A,2025-2026,AS Roma,bk1gdyxtfp4drwb0yotwerbsa,T. Baldanzi,Midfielder,35,8,7,1,18,91,,123,2,96,50,46,227,72,5,18,8,6,88,43,45,6,13,338,58,13,8,41,73,15,8,8,10,5,3,8,296,201,109,297,9,7,,7,720,30,1,10,24,107,347,305,16,42,526,11,8,11,1,7,50,3,35,0,,111,2,8,5,15,30,,5,,4,1,2,1,1,,1,1,7,2,2,10,2,1,,1,2,2,0,1,2,,,,1,,1,2,,,,,,,,,,,,,,,,,,,,,,,,,,,,,,,
Italy_Serie_A,2025-2026,AS Roma,1ftejgsl4hho40cceqne1hcyd,B. Cristante,Midfielder,4,209,98,111,36,150,7,448,10,409,207,202,478,758,34,36,26,18,200,109,91,27,25,2019,221,43,16,179,539,26,35,9,1,5,5,116,1629,991,677,1547,31,40,,1,3013,30,64,62,9,481,2053,1663,71,390,2477,13,13,9,55,114,319,84,276,2,2,606,,19,13,27,75,1,15,13,,2,8,,2,,3,,8,,12,31,7,2,2,,,6,1,1,2,2,,,1,,1,1,,,,,,,,,,,,,,,,,,,,,,,,,,,,,,,
Italy_Serie_A,2025-2026,AS Roma,8vzqa5td06vimowk59hsu2bro,G. De Marzi,Goalkeeper,70,,,,,,,,,,,,,,,,,,,,,,,,,,,,,,,,,,,,,,,,,,,,,,,,,,,,,,,,,,,,,,,,,,,,,,,,,,,,,,,,,,,,,,,,,,,,,,,,,,,,,,,,,,,,,,,,,,,,,,,,,,,,,,,,,,,,
Italy_Serie_A,2025-2026,AS Roma,16zleqpmla5d38htlq7cjv6l0,M. Della Rocca,Midfielder,75,,,,,,,,,,,,,,,,,,,,,,,,,,,,,,,,,,,,,,,,,,,,,,,,,,,,,,,,,,,,,,,,,,,,,,,,,,,,,,,,,,,,,,,,,,,,,,,,,,,,,,,,,,,,,,,,,,,,,,,,,,,,,,,,,,,,
Italy_Serie_A,2025-2026,AS Roma,192q3f2xwk9nc6juoa1bcm3th,A. Dovbyk,Forward,9,23,8,15,14,18,,22,3,56,30,26,85,13,,14,3,2,33,22,11,1,10,85,10,7,3,5,31,11,3,4,11,,,,60,49,13,62,,3,,,386,12,3,11,6,55,87,62,3,25,161,1,1,1,,,20,6,25,2,1,25,4,5,2,11,31,4,1,,,3,1,1,3,2,,,6,,,10,1,2,3,1,,,2,1,1,1,,,,,1,1,,,,,,,,,,,,,,,,,,,,,,,,,,,,,,,
Italy_Serie_A,2025-2026,AS Roma,93i0gcndi2m8giqqcm4knduxh,P. Dybala,Forward,21,23,13,10,21,145,,202,25,151,83,68,529,145,7,21,10,10,128,70,58,4,44,593,95,29,5,54,134,48,14,9,7,26,3,31,493,427,124,494,5,5,1,3,1265,52,2,11,35,267,629,525,10,104,958,63,24,30,4,12,156,11,92,1,,205,3,10,14,26,81,3,12,1,58,2,,2,2,1,,1,16,21,,34,4,7,5,2,30,,0,2,1,,,,,,4,4,6,,,,1,,,,,,1,1,,,,,,,,,,,,,,,,,,,
Italy_Serie_A,2025-2026,AS Roma,6zf7dbi1xepyxdohsnrunu5m,N. El Aynaoui,Midfielder,8,27,15,12,24,73,2,133,1,105,57,48,126,140,14,24,11,8,78,42,36,17,10,540,61,10,8,50,186,12,8,5,16,6,1,15,482,252,248,479,8,10,,3,946,13,10,23,10,99,553,494,18,59,710,10,3,8,3,7,49,20,52,0,,154,2,2,9,6,9,,,3,11,1,3,1,1,,,1,4,3,1,8,2,3,,1,7,5,0,1,,,,,,,2,2,,,,,,,,,,,,,,,,,,,,,,,,,,,,,,,
Italy_Serie_A,2025-2026,AS Roma,a1iz91ed6hus61yhhk2r0vkd1,S. El Shaarawy,Forward,92,19,13,6,19,70,2,119,6,85,50,35,207,80,6,19,3,2,66,37,29,6,10,311,63,12,6,28,139,12,5,5,14,1,,10,264,185,86,260,4,6,2,13,639,23,6,10,7,104,318,270,10,48,471,15,13,15,1,5,56,7,43,0,,29,1,7,12,13,31,,4,,3,,1,,,,1,,6,1,,10,2,3,3,,,4,,,,,,,,,2,2,1,,1,,,,,,,,,,,,,,,,,,,,,,,,,,,,
Italy_Serie_A,2025-2026,AS Roma,b0dpz0ixcb9hiyurc87z0rotm,E. Ferguson,Forward,11,44,34,10,16,63,1,59,3,112,78,34,176,17,4,16,6,5,68,44,24,1,13,156,24,10,5,17,52,15,10,9,6,1,1,4,118,93,35,123,3,4,,1,776,29,2,11,9,107,165,127,7,38,321,1,1,9,,,32,7,38,2,,33,3,10,8,25,43,6,2,1,,3,1,3,3,1,,2,15,,,14,,2,4,2,,1,1,2,,,,,,,2,2,,,,,,,,,,,,,,,,,,,,,,,,,,,,,,,
Italy_Serie_A,2025-2026,AS Roma,n92xjnlc1ppuxe70hsyc0mj8,D. Ghilardi,Defender,87,43,18,25,22,39,5,94,1,130,59,71,52,258,12,22,15,13,87,41,46,19,3,534,57,18,13,50,133,3,8,1,14,,,33,452,233,239,439,13,13,4,10,1041,8,54,23,17,109,557,472,26,85,757,4,4,2,14,36,66,23,49,0,,127,,1,3,1,9,,1,4,,,2,,,,1,,,,2,,1,,1,,,1,,,2,,,,,,,,,,,,,,,,,,,,,,,,,,,,,,,,,,,,1,,
Italy_Serie_A,2025-2026,AS Roma,u60zu48a4zqnupyxp2d0mqqd,P. Gollini,Goalkeeper,95,,,,,,,,,,,,,,,,,,,,,,,,,,,,,,,,,,,,,,,,,,,,,,,,,,,,,,,,,,,,,,,,,,,,,,,,,,,,,,,,,,,,,,,,,,,,,,,,,,,,,,,,,,,,,,,,,,,,,,,,,,,,,,,,,,,,
Italy_Serie_A,2025-2026,AS Roma,am5gj5qg3gjtyhvwfnj8sjz6d,Hermoso,Defender,22,78,30,48,26,143,6,163,3,193,89,104,144,494,17,26,17,13,115,59,56,28,8,1279,68,30,18,93,462,10,24,11,2,1,1,59,1106,427,735,1102,16,20,11,27,2006,12,75,38,18,222,1337,1161,36,176,1658,8,8,9,34,70,123,61,106,0,1,238,,9,4,15,36,,4,7,,3,4,2,3,1,1,1,6,,13,9,1,1,2,1,,9,3,0,1,1,,,,2,2,2,,2,,,,,,,,,,,,,,,,,,,,,,,,,,,,,
Italy_Serie_A,2025-2026,AS Roma,au5tbnn48ve4kqnuu3dhmk296,M. Koné,Midfielder,17,53,26,27,28,187,3,360,1,303,149,154,432,366,28,28,20,17,250,123,127,18,22,1324,184,34,21,127,420,25,28,4,,,,35,1194,776,455,1196,22,27,,4,2441,54,26,46,53,245,1361,1231,49,130,1768,1,1,18,15,23,94,37,107,2,1,388,2,7,29,12,42,,9,11,,2,3,1,2,,1,1,5,,7,24,5,4,1,1,,2,2,0,4,1,,,1,,3,3,,,,,,,,,,,,,,,,,,,,,,,,,,,,,,,
Italy_Serie_A,2025-2026,AS Roma,dknh1ecpb9kcwzuijmdcoq8lw,E. Lulli,Defender,77,,,,,,,,,,,,,,,,,,,,,,,,,,,,,,,,,,,,,,,,,,,,,,,,,,,,,,,,,,,,,,,,,,,,,,,,,,,,,,,,,,,,,,,,,,,,,,,,,,,,,,,,,,,,,,,,,,,,,,,,,,,,,,,,,,,,
Italy_Serie_A,2025-2026,AS Roma,7q96z3aaee5jyccb8pjthi8kp,D. Malen,Forward,14,28,18,10,17,60,,117,22,131,87,44,298,27,3,17,17,12,103,69,34,2,5,197,59,10,1,33,69,7,17,10,,1,1,2,153,120,42,159,2,1,,,1394,56,1,12,17,161,205,161,3,44,452,4,4,22,,,40,8,44,5,2,49,14,17,14,46,122,3,21,1,,13,5,10,12,1,4,12,29,,,17,1,2,8,12,,1,6,7,1,,,,1,,2,2,1,,,1,3,3,,,,,,,,,,,,,,,,,,,,,,,,,
Italy_Serie_A,2025-2026,AS Roma,6fttn5mk6n1lstqt0dl5xzn4l,G. Mancini,Defender,23,139,51,88,35,113,14,263,7,325,142,183,259,570,22,35,26,18,186,91,95,47,19,1518,148,28,16,106,355,21,35,9,,6,6,60,1309,543,850,1327,23,28,8,44,2976,7,120,69,41,283,1599,1387,51,212,2110,25,25,2,35,89,201,36,123,2,1,561,5,7,4,15,56,2,5,11,,4,8,,4,,,,8,,15,2,4,5,,3,,9,3,1,1,4,2,,1,,2,2,,,,,,,,,,,1,1,,,,,,,,,,,,,,,,,1,,
Italy_Serie_A,2025-2026,AS Roma,15ev6fzxw7ju8h18u1vdpx250,J. Mirra,Defender,76,,,,,,,,,,,,,,,,,,,,,,,,,,,,,,,,,,,,,,,,,,,,,,,,,,,,,,,,,,,,,,,,,,,,,,,,,,,,,,,,,,,,,,,,,,,,,,,,,,,,,,,,,,,,,,,,,,,,,,,,,,,,,,,,,,,,
Italy_Serie_A,2025-2026,AS Roma,efzokrggje7s9wc6hg75yc6ax,E. Ndicka,Defender,5,125,49,76,31,105,12,266,,237,98,139,85,440,8,31,25,17,112,49,63,49,6,1578,125,14,8,137,528,6,31,3,,,,89,1428,436,1044,1391,9,15,,1,2683,11,138,32,35,187,1634,1480,24,154,2021,1,1,5,47,71,97,58,83,0,,561,,15,4,21,39,,2,13,,3,8,,3,1,,1,6,,25,1,1,1,1,2,,5,2,1,1,1,2,,1,,,,,,,,,,,,,,2,2,,,,,,,,,,,,,,,,,,,
Italy_Serie_A,2025-2026,AS Roma,57bin6he6kbdo2bs4i78z2k0l,L. Pellegrini,Midfielder,7,46,25,21,24,153,4,188,15,175,98,77,472,195,14,24,14,10,129,73,56,14,26,629,87,39,12,51,246,28,20,18,4,24,6,28,478,401,149,498,8,4,2,7,1475,41,14,20,39,297,682,526,12,156,1013,66,21,19,6,18,195,27,138,2,2,88,5,12,5,24,49,5,8,1,60,4,4,2,4,1,1,3,12,14,2,27,3,4,3,2,34,2,2,2,1,,,1,1,,2,2,4,,,,2,2,,,,,,,,,,,,,,,,,,,,,,,,,
Italy_Serie_A,2025-2026,AS Roma,5kktohikuoy0a1oagcgps8mxg,N. Pisilli,Midfielder,61,37,24,13,24,76,1,173,8,147,95,52,211,233,10,24,16,13,110,71,39,24,8,752,81,26,19,75,248,12,12,3,12,5,1,20,646,408,252,635,14,13,,1,1239,38,15,18,4,184,761,655,27,106,998,10,6,18,23,36,91,25,70,0,,204,2,7,8,12,28,,6,6,7,2,3,2,2,,1,1,5,4,3,9,4,3,1,2,3,3,2,0,,1,,,1,,2,4,,,,,,,,,,,,,,,,,,,,,,,,,,,,,,,
Italy_Serie_A,2025-2026,AS Roma,6sg2ot7z9kfyrlgjkmpqvejqi,D. Rensch,Defender,2,26,16,10,23,108,5,78,6,99,38,61,257,170,4,23,16,13,73,22,51,15,5,485,35,30,8,40,104,9,11,7,12,5,5,7,391,235,172,395,14,16,12,80,1090,7,31,6,17,152,496,402,30,94,782,16,16,3,8,22,86,24,72,0,,114,3,2,4,4,21,,1,3,,1,3,,,,1,1,2,,1,1,1,3,1,,,1,0,1,,,,,1,,4,4,,,1,1,,,,,,,,,,,,,,,,,,,,,,,,,,,
Italy_Serie_A,2025-2026,AS Roma,5lv11o8diz2g5sxqzwond4q38,A. Romano,Midfielder,60,,,,2,,,5,,4,3,1,2,5,1,2,,,4,3,1,,,7,3,,,3,2,,,,2,,,,6,3,3,6,,,,,6,,,2,,2,7,6,,1,10,,,,1,1,1,,,0,,,,,1,,,,,,,,,,,,,,,,,,,,,,,,,,,,,,,,,,,,,,,,,,,,,,,,,,,,,,,,,,,,,,,,
Italy_Serie_A,2025-2026,AS Roma,anzk8a183bh3gf3gcuz0v0tuc,Buba Sangaré,Defender,66,,,,,,,,,,,,,,,,,,,,,,,,,,,,,,,,,,,,,,,,,,,,,,,,,,,,,,,,,,,,,,,,,,,,,,,,,,,,,,,,,,,,,,,,,,,,,,,,,,,,,,,,,,,,,,,,,,,,,,,,,,,,,,,,,,,,
Italy_Serie_A,2025-2026,AS Roma,33vclnzqsgvoao95mzo49egwk,M. Seck,Defender,74,,,,,,,,,,,,,,,,,,,,,,,,,,,,,,,,,,,,,,,,,,,,,,,,,,,,,,,,,,,,,,,,,,,,,,,,,,,,,,,,,,,,,,,,,,,,,,,,,,,,,,,,,,,,,,,,,,,,,,,,,,,,,,,,,,,,
Italy_Serie_A,2025-2026,AS Roma,erwh25hbq259kqdirfufnbcb8,M. Soulé,Forward,18,34,25,9,32,219,2,405,19,253,152,101,712,240,2,32,17,11,219,127,92,9,39,932,200,40,20,127,180,44,27,26,5,21,9,35,784,616,209,769,4,14,,15,2089,110,11,7,40,387,953,804,18,149,1468,49,31,58,2,21,177,21,128,1,1,314,6,19,34,35,97,2,14,,29,6,6,6,4,6,12,,16,9,,31,8,5,2,3,15,1,3,3,2,,,,,,5,5,4,,,2,,,,,,,,,,,,,,,,,,,,,,,,,1,,
Italy_Serie_A,2025-2026,AS Roma,el58uxf7oaqu95yx1vbgmr7it,M. Svilar,Goalkeeper,99,13,3,10,37,,,179,,22,4,18,1,556,,37,31,23,9,1,8,1,,812,54,2,1,302,280,,37,,,,,218,620,104,686,572,1,2,,,3330,,26,,8,357,1142,790,3,352,1527,,,,194,351,285,67,1,0,,306,,,,,,,,17,,,8,,,,,,,,61,,,,,,,,,,,,2,,1,23,,,,,,,,,,,,,320,229,,110,,25,1,,10,104,59,43,,7,33,,5,5,,,
Italy_Serie_A,2025-2026,AS Roma,3kwkd3b95n8qzqtq4idxav45x,K. Tsimikas,Defender,12,11,6,5,18,69,2,71,5,63,33,30,149,93,4,18,7,5,52,27,25,8,4,264,33,22,8,26,95,4,6,5,12,7,6,8,212,115,104,204,5,6,3,35,637,12,18,9,8,119,265,212,11,53,459,36,23,4,10,18,75,14,35,0,,8,1,4,6,4,15,,3,,7,,2,,,,2,,,,3,2,,,1,,7,1,,,,,,,1,,,,,,,,,,,,,,,,,,,,,,,,,,,,,,,,,,
Italy_Serie_A,2025-2026,AS Roma,32avhormhc1dbawwzztesqac,R. Vaz,Forward,78,14,9,5,11,9,,13,,34,17,17,49,3,,11,2,1,20,8,12,2,,32,8,1,,4,12,,,,11,1,1,,20,18,5,22,,,,,199,6,1,1,12,32,34,22,,12,82,2,2,1,,,14,,12,1,,10,2,2,,4,13,3,1,,,1,1,1,1,,1,,2,,,4,,,,1,,,1,0,,1,,,,,,,,,,,,,,,,,,,,,,,,,,,,,,,,,,,,,
Italy_Serie_A,2025-2026,AS Roma,mvlk84jquwhfjb5a8ic9el0,L. Venturino,Forward,20,7,4,3,12,26,,61,8,23,13,10,102,27,,12,2,1,16,9,7,,7,95,41,10,4,9,27,7,1,1,11,10,10,1,76,66,22,77,,,,,236,7,2,1,3,55,97,78,,19,166,26,25,2,2,4,41,4,15,0,,17,1,2,4,3,13,,2,,2,,1,,,,,,1,,,1,,1,,,1,,,,,,,,,,,,,,,,,,,,,,,,,,,,,,,,,,,,,,,,,,
Italy_Serie_A,2025-2026,AS Roma,fb1s5est3fuw1flrjl9isusp,D. Vásquez,Goalkeeper,32,,,,,,,,,,,,,,,,,,,,,,,,,,,,,,,,,,,,,,,,,,,,,,,,,,,,,,,,,,,,,,,,,,,,,,,,,,,,,,,,,,,,,,,,,,,,,,,,,,,,,,,,,,,,,,,,,,,,,,,,,,,,,,,,,,,,
Italy_Serie_A,2025-2026,AS Roma,9k3cr9bc23253jmcw2a53hn2s,Wesley,Defender,43,56,31,25,30,236,5,318,21,317,168,149,687,335,25,30,16,11,261,137,124,23,33,1016,207,60,30,117,317,33,28,9,2,20,20,23,811,570,273,800,19,34,22,198,2457,71,62,36,57,427,1028,823,53,205,1809,75,75,46,31,51,228,52,154,2,,140,2,7,14,20,64,,5,9,,5,5,5,5,,,5,13,,5,3,2,9,2,2,,5,4,1,,,2,,,,,,,,1,,,,1,2,,,,,,,1,,,,,,,,,,,,,,,,
Italy_Serie_A,2025-2026,AS Roma,bzv32rpgvs111w8e2gch452xg,Bryan Zaragoza,Forward,97,2,2,,4,24,,24,2,25,13,12,69,9,2,4,2,1,23,11,12,,3,51,16,4,1,7,12,4,2,2,2,3,2,1,41,42,10,48,,1,,,135,6,,5,5,29,59,49,1,10,101,6,5,4,,,14,2,10,0,,14,,,6,1,8,,,,3,,1,,,,2,,1,,,5,,1,,,,1,,,1,,,,,,1,1,,,,,,,,,,,,,,,,,,,,,,,,,,,,,,,
Italy_Serie_A,2025-2026,AS Roma,7oalvbs4pkdoonjs5ndjw43dg,R. Żelezny,Goalkeeper,91,,,,,,,,,,,,,,,,,,,,,,,,,,,,,,,,,,,,,,,,,,,,,,,,,,,,,,,,,,,,,,,,,,,,,,,,,,,,,,,,,,,,,,,,,,,,,,,,,,,,,,,,,,,,,,,,,,,,,,,,,,,,,,,,,,,,
Italy_Serie_A,2025-2026,AS Roma,6oolptrxbj167recjwi5bbz84,J. Ziółkowski,Defender,24,39,16,23,17,25,5,45,,81,31,50,11,74,4,17,5,5,42,15,27,8,1,236,17,6,3,23,73,1,5,2,12,,,12,195,56,148,192,7,12,,3,481,2,37,11,8,44,245,204,19,41,341,,,,17,24,29,12,17,0,,73,,1,,1,3,,,1,,,,,,,,,,,4,1,,,,,,2,,,,,,,,,,,,,,,,,,,,,,,,,,,,,,,,,,,,,,,,,
Italy_Serie_A,2025-2026,AS Roma,1pkymw7biivk760rxhubin1ed,Z. Çelik,Defender,19,62,27,35,33,276,6,348,17,244,123,121,672,471,25,33,27,20,182,96,86,21,23,1287,195,81,26,113,166,25,31,10,2,14,14,32,1094,678,452,1084,25,37,20,174,2640,41,66,35,17,360,1309,1116,62,193,1959,60,60,28,32,52,184,69,141,0,,396,3,10,8,14,77,2,8,7,,1,7,1,1,,6,1,4,,9,4,3,2,2,1,,2,1,0,2,,1,,1,,2,2,,,,,,,1,1,,,1,1,,,,,,,,,,,,,,,,,1,,
Italy_Serie_A,2025-2026,Atalanta Bergamasca Calcio,70zr0nhl2tgyor1oajhcxg6j8,H. Ahanor,Defender,69,55,24,31,20,60,10,121,4,151,57,94,80,195,6,20,13,12,96,33,63,19,2,609,61,23,20,38,220,2,13,4,7,1,1,11,544,192,366,546,13,18,2,1,1194,8,45,20,27,91,625,557,31,68,856,1,1,3,12,20,35,34,48,0,,150,,7,5,10,24,,2,4,,,1,,,,,,3,,5,1,,,5,,,1,,,1,,,,2,,,,,,,,,,1,1,,,2,2,,,,,,,,,,,,,,,,,,,
Italy_Serie_A,2025-2026,Atalanta Bergamasca Calcio,a41r2ob5fhirgdwxwox6nr4yx,M. Bakker,Defender,5,,,,,,,,,,,,,,,,,,,,,,,,,,,,,,,,,,,,,,,,,,,,,,,,,,,,,,,,,,,,,,,,,,,,,,,,,,,,,,,,,,,,,,,,,,,,,,,,,,,,,,,,,,,,,,,,,,,,,,,,,,,,,,,,,,,,
Italy_Serie_A,2025-2026,Atalanta Bergamasca Calcio,aripnzu9yo2wlr8ud93ufdhih,R. Bellanova,Defender,16,29,19,10,23,156,3,141,10,85,38,47,349,144,2,23,25,22,56,19,37,8,19,515,92,20,11,57,14,20,14,6,9,16,14,16,454,275,202,445,9,9,12,94,1329,8,22,4,11,169,522,461,18,61,869,66,61,4,18,22,95,32,39,0,,208,2,3,9,8,31,,5,1,9,,3,,,,5,,5,3,5,1,,3,,,5,2,,,,,,,2,,1,1,,,,,,,,,,,,,,,,,,,,,,,,,,,,,,,
Italy_Serie_A,2025-2026,Atalanta Bergamasca Calcio,63tj5b59b7en3tnd4sjff8woa,L. Bernasconi,Defender,47,16,11,5,23,155,6,150,10,87,41,46,408,222,4,23,10,9,71,30,41,14,24,692,94,26,8,53,296,27,17,4,6,32,18,23,582,368,260,573,15,14,43,90,1569,11,37,8,5,267,708,596,29,112,1138,81,43,8,17,27,155,38,85,0,,35,3,3,8,4,19,,5,8,50,,1,,,,3,,1,15,2,1,,5,1,,34,3,,,,,1,,,,2,3,,,,,,,,,,,,,,,,,,,,,,,,,,,,,,,
Italy_Serie_A,2025-2026,Atalanta Bergamasca Calcio,ewhxpafqa4wvkv8945hhgrehg,G. Bonfanti,Defender,43,17,8,9,9,11,2,40,7,61,31,30,65,76,4,9,11,7,44,23,21,7,3,125,22,8,1,19,45,3,6,5,3,2,2,11,77,33,60,80,7,6,20,21,495,12,26,10,3,97,140,91,13,49,288,10,10,7,12,24,45,14,25,0,,8,,3,5,4,9,,2,1,,,4,,,,1,,1,,2,,,,,,,1,,,1,,,,,,,,,,,,,,,,,,10,10,,,,,,,,,,,,,,,,,,,
Italy_Serie_A,2025-2026,Atalanta Bergamasca Calcio,1f37bo8dikes3350u2a0h9hm2,M. Brescianini,Midfielder,44,22,15,7,24,57,4,121,8,91,53,38,146,101,7,24,14,12,69,38,31,2,9,345,69,13,6,40,98,9,8,4,16,5,3,12,288,175,124,282,4,9,,2,903,17,22,16,10,104,351,294,13,57,504,13,10,4,13,19,52,18,38,0,1,95,,4,8,8,33,1,5,1,5,2,2,2,2,1,1,1,4,2,1,10,1,2,2,1,3,2,1,1,,,,,,,,,,,,,,,,,,,,,,,,,,,,,,,,,,,,,,,
Italy_Serie_A,2025-2026,Atalanta Bergamasca Calcio,at6hmztm2od2bjwv2zdit91qs,H. Camara,Forward,41,,,,,,,,,,,,,,,,,,,,,,,,,,,,,,,,,,,,,,,,,,,,,,,,,,,,,,,,,,,,,,,,,,,,,,,,,,,,,,,,,,,,,,,,,,,,,,,,,,,,,,,,,,,,,,,,,,,,,,,,,,,,,,,,,,,,
Italy_Serie_A,2025-2026,Atalanta Bergamasca Calcio,eu9b86opw6n66vftu1r5alfqh,M. Carnesecchi,Goalkeeper,29,12,,12,36,,,97,,19,1,18,,693,1,36,34,29,7,1,6,,,770,33,,,260,231,,36,,,,,241,559,145,603,507,1,,,,3240,,32,1,6,395,1136,748,1,388,1469,,,,214,383,320,68,5,0,,212,,,1,,,,,13,,,5,,,,,,,,85,,,,,,,,,,,,1,1,2,33,,,,,,,,,,,,,280,242,,108,,18,4,2,14,111,78,31,2,,36,,3,4,,,
Italy_Serie_A,2025-2026,Atalanta Bergamasca Calcio,3zes560vzpdka9z0smn56qhp0,F. Cassa,Midfielder,48,,,,,,,,,,,,,,,,,,,,,,,,,,,,,,,,,,,,,,,,,,,,,,,,,,,,,,,,,,,,,,,,,,,,,,,,,,,,,,,,,,,,,,,,,,,,,,,,,,,,,,,,,,,,,,,,,,,,,,,,,,,,,,,,,,,,
Italy_Serie_A,2025-2026,Atalanta Bergamasca Calcio,bt401vb937skut0gtg1nl3w2c,P. Comi,Defender,43,,,,,,,,,,,,,,,,,,,,,,,,,,,,,,,,,,,,,,,,,,,,,,,,,,,,,,,,,,,,,,,,,,,,,,,,,,,,,,,,,,,,,,,,,,,,,,,,,,,,,,,,,,,,,,,,,,,,,,,,,,,,,,,,,,,,
Italy_Serie_A,2025-2026,Atalanta Bergamasca Calcio,7ox43isyywsnrfcd56nm65be,C. De Ketelaere,Forward,17,88,46,42,29,184,2,405,28,333,188,145,736,334,16,29,19,17,245,142,103,3,55,957,232,54,22,116,127,60,25,15,4,15,15,35,751,638,142,730,8,14,1,22,2078,104,11,22,34,400,971,765,22,206,1432,28,26,50,6,24,195,39,182,2,,326,3,12,47,28,124,2,16,5,5,3,2,2,3,1,4,1,16,,,28,10,17,3,1,,4,3,0,1,1,,,,,4,5,,,,,,,,,,,,,,,,,,,,,,,,,,,,,,,
Italy_Serie_A,2025-2026,Atalanta Bergamasca Calcio,2idy9ngk2rojseoxxw9n98c7p,B. Djimsiti,Defender,19,141,56,85,32,107,22,272,2,241,94,147,113,453,9,32,24,21,100,38,62,38,5,1457,140,23,13,90,436,5,28,6,4,,,56,1311,401,961,1306,22,29,1,21,2414,4,151,16,8,167,1510,1362,51,148,1898,2,2,1,26,44,93,57,104,0,1,514,,9,3,11,32,,4,8,,,3,,,,,,2,,15,,,,3,,,4,,,,,1,,,1,,,,1,,,,,,,,,9,9,,,,,,,,,,,,,,,,,,,
Italy_Serie_A,2025-2026,Atalanta Bergamasca Calcio,130pg17ru5fzq4igokx0k73e1,I. Hien,Defender,4,92,47,45,27,46,13,226,,226,112,114,42,228,10,27,23,19,134,65,69,27,2,1069,79,15,11,119,431,2,19,2,8,,,54,984,296,714,956,15,34,,,1875,16,101,34,16,129,1097,1010,49,87,1409,,,5,14,29,48,39,58,1,,392,,4,4,7,15,1,1,2,,1,4,,1,,,,3,,6,1,,,1,1,,5,0,1,,1,1,,2,1,,,,,,,,,,,,,6,6,1,,,,,,,,,,,,,,,,,,
Italy_Serie_A,2025-2026,Atalanta Bergamasca Calcio,9j742o5vdc7d54x1xdz4t9ck5,S. Kolašinac,Defender,23,30,17,13,18,56,5,161,,109,54,55,110,278,9,18,16,14,79,37,42,11,,752,99,13,3,72,313,,15,11,3,2,2,16,675,302,392,676,12,15,2,5,1217,7,32,22,10,95,769,692,27,77,918,1,1,2,10,28,61,17,49,0,,122,1,2,5,2,9,,1,1,,,2,,,,,,,,1,1,,,,,,3,,,1,,1,,1,,,,,,,,,,,,,,1,1,,,,,,,,,,,,,,,,,,,
Italy_Serie_A,2025-2026,Atalanta Bergamasca Calcio,cis0z72hgahfnfjduk7hdnz3e,O. Kossounou,Defender,3,34,21,13,19,64,7,126,2,87,50,37,71,191,11,19,11,8,53,29,24,9,4,617,65,12,4,40,121,4,10,6,9,1,1,19,563,227,349,556,3,14,1,8,985,10,29,16,3,82,629,575,17,54,767,1,1,6,4,14,28,27,40,1,,253,1,2,5,3,11,,2,2,,1,3,1,,,1,1,1,,,6,,,,,,1,1,0,,,,1,1,,,,,,,1,,,,,,,1,1,,,,,,,,,,,,,,,,,,,
Italy_Serie_A,2025-2026,Atalanta Bergamasca Calcio,11r7kkbcv2bn8lar3unczuz8p,N. Krstović,Forward,90,127,68,59,32,114,3,156,20,259,145,114,471,90,12,32,15,12,132,77,55,3,15,459,73,24,7,63,152,20,17,10,15,1,1,9,335,260,95,345,4,10,,4,1696,43,15,43,27,251,478,354,14,124,839,4,4,21,1,8,108,20,116,2,2,122,25,41,15,74,161,9,22,3,,10,3,9,9,4,2,6,33,,,34,,5,13,7,,4,2,8,12,,,,2,,4,5,,,,1,,,,,,,,,,,,,,,,,,,,,,,,,,,
Italy_Serie_A,2025-2026,Atalanta Bergamasca Calcio,1w8zijdjhvsq8pb96bzdwisr8,S. Levak,Midfielder,46,,,,,,,,,,,,,,,,,,,,,,,,,,,,,,,,,,,,,,,,,,,,,,,,,,,,,,,,,,,,,,,,,,,,,,,,,,,,,,,,,,,,,,,,,,,,,,,,,,,,,,,,,,,,,,,,,,,,,,,,,,,,,,,,,,,,
Italy_Serie_A,2025-2026,Atalanta Bergamasca Calcio,8d04q3yp2kouwog0lj0s7ew2x,A. Lookman,Forward,11,6,3,3,12,79,,114,14,70,39,31,247,39,6,12,13,10,64,36,28,3,17,231,68,9,2,24,102,17,9,5,3,6,4,4,182,150,47,187,2,3,1,,797,25,,10,8,111,240,191,5,49,388,14,11,14,,2,54,9,47,0,,20,4,5,16,13,66,1,14,,10,2,3,1,2,1,2,1,8,2,,12,2,4,5,1,3,,2,0,1,,,,1,,,,,,,,,,,,,,,,,,,,,,,,,,,,,,,,1,,
Italy_Serie_A,2025-2026,Atalanta Bergamasca Calcio,1fsum47fkh62rer9xxe3smctm,D. Maldini,Forward,70,25,17,8,19,94,1,138,7,129,70,59,240,64,9,19,12,9,104,53,51,3,10,268,70,9,6,32,69,11,12,10,7,3,2,4,212,165,71,229,1,13,,1,905,39,4,17,25,140,289,233,14,56,484,8,1,18,2,4,55,9,52,0,,62,3,8,12,14,41,2,7,,6,2,3,2,2,,5,2,6,1,,28,,2,2,2,5,1,2,0,3,,,,2,,1,1,2,,,,,,,,,,,,,,,,,,,,,,,,,,,,,,
Italy_Serie_A,2025-2026,Atalanta Bergamasca Calcio,b2e12l3s3dxgyr8d2rk5qb9ey,Y. Musah,Midfielder,6,17,12,5,18,64,2,121,5,81,39,42,127,71,2,18,7,5,64,27,37,4,3,297,56,11,5,34,59,3,4,2,14,5,5,12,260,173,97,253,3,5,1,9,534,14,6,8,17,69,302,265,8,37,425,5,5,5,2,4,31,11,33,0,,108,3,4,12,5,9,,1,2,,1,2,1,1,,,1,1,,,4,,1,,1,,1,0,1,,,,,,,,,,,,,,,,,,,,,,,,,,,,,,,,,,,,,,,
Italy_Serie_A,2025-2026,Atalanta Bergamasca Calcio,4togs0tprv64ivnvrpt43eexg,Albert Navarro,Defender,49,,,,,,,,,,,,,,,,,,,,,,,,,,,,,,,,,,,,,,,,,,,,,,,,,,,,,,,,,,,,,,,,,,,,,,,,,,,,,,,,,,,,,,,,,,,,,,,,,,,,,,,,,,,,,,,,,,,,,,,,,,,,,,,,,,,,
Italy_Serie_A,2025-2026,Atalanta Bergamasca Calcio,n6rrpqmws5nylqrwr7hhqp04,R. Obrić,Defender,40,,,,,,,,,,,,,,,,,,,,,,,,,,,,,,,,,,,,,,,,,,,,,,,,,,,,,,,,,,,,,,,,,,,,,,,,,,,,,,,,,,,,,,,,,,,,,,,,,,,,,,,,,,,,,,,,,,,,,,,,,,,,,,,,,,,,
Italy_Serie_A,2025-2026,Atalanta Bergamasca Calcio,axmwu5uhqmpwuqkjc017ulkpg,P. Pardel,Goalkeeper,50,,,,,,,,,,,,,,,,,,,,,,,,,,,,,,,,,,,,,,,,,,,,,,,,,,,,,,,,,,,,,,,,,,,,,,,,,,,,,,,,,,,,,,,,,,,,,,,,,,,,,,,,,,,,,,,,,,,,,,,,,,,,,,,,,,,,
Italy_Serie_A,2025-2026,Atalanta Bergamasca Calcio,2fsgc0b4mvwpenawmit0q0bmd,M. Pašalić,Midfielder,8,65,39,26,31,127,3,338,5,148,85,63,292,389,12,31,26,23,83,46,37,11,33,1281,165,25,10,99,432,37,20,8,11,1,1,76,1127,653,505,1081,7,17,,1,1815,14,24,20,6,219,1311,1157,24,154,1522,10,10,5,14,34,124,40,120,0,,363,1,9,7,15,38,,3,1,,3,3,1,2,1,2,1,6,,2,21,5,7,2,2,,2,2,1,2,1,,,2,,2,4,,,,1,,,,,,,,,,,,,,,,,,,,,,,,,,,
Italy_Serie_A,2025-2026,Atalanta Bergamasca Calcio,abq67eup8kd31w8da2i0eftgp,G. Raspadori,Forward,18,14,8,6,11,55,,81,16,57,37,20,186,41,3,11,7,7,43,29,14,1,11,233,29,7,,26,88,12,5,1,6,11,6,12,191,136,74,187,3,3,,1,637,20,4,6,4,104,242,199,6,43,377,30,11,9,6,9,61,12,34,1,1,58,1,4,4,15,42,,9,1,27,3,,3,3,3,1,,11,5,2,18,,,3,1,17,,1,2,,,,,1,,1,1,,,,,,,,,,,,,,,,,,,,,,,,,,,,,,,
Italy_Serie_A,2025-2026,Atalanta Bergamasca Calcio,9sdrd6flk2jene11v193nm1n9,F. Rossi,Goalkeeper,31,,,,,,,,,,,,,,,,,,,,,,,,,,,,,,,,,,,,,,,,,,,,,,,,,,,,,,,,,,,,,,,,,,,,,,,,,,,,,,,,,,,,,,,,,,,,,,,,,,,,,,,,,,,,,,,,,,,,,,,,,,,,,,,,,,,,
Italy_Serie_A,2025-2026,Atalanta Bergamasca Calcio,bl76cebhta912vfi9z7ky32p6,L. Samardžić,Midfielder,10,28,22,6,25,91,,190,12,119,79,40,364,109,5,25,13,10,91,57,34,8,26,476,94,19,7,47,91,27,10,7,15,19,7,47,396,330,92,356,4,8,,6,961,37,8,17,9,204,483,403,12,80,738,50,19,17,2,12,114,16,68,1,3,192,1,10,14,17,42,1,5,1,38,2,3,2,2,1,,,7,11,,30,1,2,3,,26,1,2,0,2,1,,,1,,1,1,1,,,,,,,,,,,,,,,,,,,,,,,,,,,,,,
Italy_Serie_A,2025-2026,Atalanta Bergamasca Calcio,4cejhrr3ji36591xf54jue3ca,G. Scalvini,Defender,42,66,26,40,22,99,12,191,4,190,89,101,240,409,15,22,13,11,124,63,61,42,14,1074,110,24,14,90,198,15,21,10,1,1,1,35,941,425,540,929,21,19,3,19,1660,21,66,29,8,191,1098,964,40,134,1428,5,5,15,20,43,110,29,91,2,2,392,2,6,13,12,50,,7,5,,3,2,1,3,,1,1,6,,6,1,1,2,3,3,,2,2,1,4,1,,1,,1,1,1,,,,,,,,,,,3,3,,,,,,,,,,,,,,,,,,1,
Italy_Serie_A,2025-2026,Atalanta Bergamasca Calcio,4ml8pyt3rxwxakjxslg0c8kb9,G. Scamacca,Forward,9,41,15,26,23,63,2,85,10,141,76,65,282,70,10,23,14,13,100,61,39,3,16,303,21,12,5,32,101,17,16,11,7,,,8,209,165,56,213,3,5,,,1310,31,15,26,18,170,315,221,8,94,534,,,10,,3,74,20,91,2,3,81,8,27,13,49,82,10,8,1,,10,1,6,10,,1,8,22,,,27,1,1,5,7,,2,6,4,,2,,,,,,1,4,,,,2,2,,,,,,,,,,,,,,,,,,,,,,,,,
Italy_Serie_A,2025-2026,Atalanta Bergamasca Calcio,3ww5879aay1xf2a20nl9ihwid,M. Sportiello,Goalkeeper,57,,,,,,,,,,,,,,,,,,,,,,,,,,,,,,,,,,,,,,,,,,,,,,,,,,,,,,,,,,,,,,,,,,,,,,,,,,,,,,,,,,,,,,,,,,,,,,,,,,,,,,,,,,,,,,,,,,,,,,,,,,,,,,,,,,,,
Italy_Serie_A,2025-2026,Atalanta Bergamasca Calcio,8kdamc6zz4bskby51c59uuntg,I. Sulemana,Midfielder,6,30,15,15,17,56,3,110,1,105,53,52,77,77,7,17,16,15,75,38,37,5,6,368,44,10,8,63,161,6,7,2,10,,,11,325,157,172,318,6,11,,2,861,21,15,12,9,87,373,329,17,44,519,2,2,11,5,9,27,19,35,0,1,79,,5,11,7,8,2,2,1,,1,1,,1,,1,1,2,,2,14,,,1,1,,2,1,0,,,,1,1,,,,,,,,,,,,,,,,,,,,,,,,,,,,,,,,,,
Italy_Serie_A,2025-2026,Atalanta Bergamasca Calcio,448wxnlqhqqf2hcecwut90n6y,K. Sulemana,Forward,7,24,12,12,23,78,1,175,16,124,69,55,248,63,6,23,10,9,100,57,43,2,9,295,99,16,5,45,108,10,8,7,15,3,3,14,247,182,69,234,3,6,,2,895,41,8,10,14,135,296,248,9,48,488,16,16,26,3,6,60,4,42,0,,47,4,6,20,15,52,1,6,,,2,1,2,2,2,3,,9,,1,13,1,2,3,,,3,0,2,,,1,,,,1,1,,,,,,,,,,,,,,,,,,,,,,,,,,,,,,,
Italy_Serie_A,2025-2026,Atalanta Bergamasca Calcio,6dego6dm4fbzw8ht5o6twm1p0,D. Vavassori,Forward,45,,,,,,,,,,,,,,,,,,,,,,,,,,,,,,,,,,,,,,,,,,,,,,,,,,,,,,,,,,,,,,,,,,,,,,,,,,,,,,,,,,,,,,,,,,,,,,,,,,,,,,,,,,,,,,,,,,,,,,,,,,,,,,,,,,,,
Italy_Serie_A,2025-2026,Atalanta Bergamasca Calcio,du4ciqofpkn3nei5q3huwlnje,N. Zalewski,Midfielder,59,33,19,14,32,156,1,309,20,226,108,118,536,237,10,32,12,10,193,89,104,15,32,662,175,39,6,113,239,35,23,18,9,28,16,37,503,347,201,483,9,17,15,77,1843,62,22,19,52,379,680,520,26,160,1238,97,51,39,13,37,218,39,123,0,1,48,3,18,27,25,61,1,12,1,54,2,2,2,,,4,2,7,9,3,19,8,11,3,,38,3,1,1,1,,,,1,,4,4,2,,1,2,,,,,,,,,,,,,,,,,,,,,,,,,,,
Italy_Serie_A,2025-2026,Atalanta Bergamasca Calcio,a69r2pf2w8da4dl0zl4k5vil1,D. Zappacosta,Defender,77,23,13,10,33,312,2,318,20,150,88,62,689,318,4,33,23,20,127,75,52,19,34,1067,185,55,23,93,141,37,29,14,4,21,15,26,903,533,403,889,7,13,39,169,2447,46,35,16,8,363,1080,915,20,165,1691,76,68,32,28,47,192,49,118,2,2,309,7,14,25,22,78,1,13,8,8,3,3,3,2,3,5,,8,2,7,,,2,2,1,4,3,2,1,1,,,,1,,1,3,,,,1,,,,,,,,,,,,,,,,,,,,,,,,,,,
Italy_Serie_A,2025-2026,Atalanta Bergamasca Calcio,9q01y4w4dwpaqf8lmpv9wnmc5,M. de Roon,Midfielder,15,75,42,33,32,180,5,289,2,230,107,123,382,621,24,32,26,22,155,65,90,23,19,1759,148,39,19,106,445,21,30,11,2,3,3,96,1500,914,648,1463,36,41,2,19,2560,9,63,33,11,306,1822,1559,77,263,2151,10,9,4,57,99,205,68,164,0,,576,,7,3,11,18,,3,7,,1,4,1,1,,,1,4,,17,19,5,1,1,,,6,1,0,1,,,1,1,,2,2,,,,,,,,1,,,,,,,1,,,,,,,,,,,,,,1,,
Italy_Serie_A,2025-2026,Atalanta Bergamasca Calcio,4aqkgskbra4wsoo7a8uw7xl9l,Éderson,Midfielder,13,52,30,22,29,176,7,320,6,244,114,130,361,354,20,29,17,15,192,84,108,25,24,1263,146,30,14,128,418,25,25,10,4,1,1,77,1120,636,520,1078,24,32,,5,2145,34,38,33,39,228,1298,1155,56,143,1672,11,11,13,9,31,112,42,112,1,,350,2,10,15,21,37,,14,7,,2,2,1,2,,2,2,11,,2,28,2,3,6,1,,3,0,2,1,,,,2,,1,1,,,,,1,1,,,,,,,,,,,,,,,,,,,,,,,,,
Italy_Serie_A,2025-2026,Bologna FC 1909,8l8ulnspzwnd5vvod91sqo4d0,D. Baroncioni,Defender,70,,,,,,,,,,,,,,,,,,,,,,,,,,,,,,,,,,,,,,,,,,,,,,,,,,,,,,,,,,,,,,,,,,,,,,,,,,,,,,,,,,,,,,,,,,,,,,,,,,,,,,,,,,,,,,,,,,,,,,,,,,,,,,,,,,,,
Italy_Serie_A,2025-2026,Bologna FC 1909,6kms3ctf8joymna289onk9lg5,F. Bernardeschi,Forward,10,13,7,6,27,118,2,241,11,99,55,44,332,100,6,27,7,7,86,48,38,6,24,487,83,15,5,50,71,26,10,10,17,14,12,46,425,302,150,392,1,6,,6,1052,35,8,13,10,171,500,438,7,62,741,29,20,22,1,10,82,9,52,1,,211,1,16,21,26,54,1,8,,17,3,,2,3,3,6,,10,2,,7,1,4,,2,9,3,1,2,2,,,1,1,,2,2,4,,,,1,1,,,,,,,,,,,,,,,,,,,,,,,1,,
Italy_Serie_A,2025-2026,Bologna FC 1909,d5m5q6dlc7vnbs634dinbsuwa,N. Cambiaghi,Forward,28,18,12,6,28,175,,228,14,220,99,121,407,92,15,28,19,17,202,87,115,8,14,394,129,34,19,69,104,18,17,11,11,16,16,10,328,252,95,321,11,19,,1,1520,39,5,32,71,192,397,331,30,66,744,48,48,18,2,12,107,7,54,1,,26,5,10,15,16,69,1,8,2,2,3,2,3,3,2,4,1,6,,1,2,2,5,2,2,,3,1,2,2,,,,1,,3,4,,,,,,,1,1,,,,,,,,,,,,,,,,,,,,,,,
Italy_Serie_A,2025-2026,Bologna FC 1909,1x10v3yh4e3f1p2ndhtxcck4p,N. Casale,Defender,16,47,16,31,12,21,5,97,1,79,36,43,21,139,3,12,13,10,32,20,12,7,4,340,41,2,2,26,74,4,8,3,4,1,1,35,293,118,191,273,3,4,,1,675,3,59,15,5,59,357,308,7,49,477,1,1,,13,22,33,17,27,0,,123,,4,,4,8,,1,2,,,3,,,,,,,,6,,,,1,,,,,,,,,,2,,,,,,,,,,,,,,,,,,,,,,,,,,,,,,,,,,
Italy_Serie_A,2025-2026,Bologna FC 1909,9iv2swfkx3onzy0wbrp6jvuac,F. Castaldo,Forward,73,,,,,,,,,,,,,,,,,,,,,,,,,,,,,,,,,,,,,,,,,,,,,,,,,,,,,,,,,,,,,,,,,,,,,,,,,,,,,,,,,,,,,,,,,,,,,,,,,,,,,,,,,,,,,,,,,,,,,,,,,,,,,,,,,,,,
Italy_Serie_A,2025-2026,Bologna FC 1909,b9clhoz198r69kavhw4anymms,S. Castro,Forward,9,113,65,48,33,117,2,116,6,276,156,120,324,63,9,33,31,26,163,91,72,1,25,311,39,10,5,44,84,27,24,14,9,,,25,229,172,101,248,2,7,2,3,2207,59,28,34,49,231,355,273,9,82,727,4,4,18,2,9,75,11,73,3,2,91,10,28,14,47,102,6,12,2,,7,5,5,7,2,4,5,19,,,18,3,4,8,4,,3,1,6,3,,,,2,,1,2,,,2,,,,,,,,,,,,,,,,,,,,,,,,,,,,
Italy_Serie_A,2025-2026,Bologna FC 1909,3m6mnytvm0s8u4390tr88x9g4,T. Corazza,Defender,32,,,,,,,,,,,,,,,,,,,,,,,,,,,,,,,,,,,,,,,,,,,,,,,,,,,,,,,,,,,,,,,,,,,,,,,,,,,,,,,,,,,,,,,,,,,,,,,,,,,,,,,,,,,,,,,,,,,,,,,,,,,,,,,,,,,,
Italy_Serie_A,2025-2026,Bologna FC 1909,1lnktjxx0mux4beo28cl54j1m,T. Dallinga,Forward,24,45,28,17,21,48,2,60,4,97,62,35,142,47,8,21,9,8,52,34,18,1,8,206,24,8,3,19,69,10,9,8,12,1,1,10,143,114,36,139,3,4,,,780,16,10,19,9,107,212,149,7,63,330,4,4,4,2,4,57,10,59,2,1,48,4,11,2,16,40,9,7,1,,2,1,2,2,,,2,5,,,11,1,1,5,1,,2,1,1,1,,,,2,,1,2,,,1,,,,,,,,,,,,,,,,,,,,,,,,,,,,
Italy_Serie_A,2025-2026,Bologna FC 1909,3cbwh4pfwae5xw072cy14gb85,L. De Silvestri,Defender,29,10,3,7,11,22,3,41,2,25,12,13,40,71,,11,2,2,15,9,6,6,5,159,19,8,2,13,14,5,5,5,6,3,3,10,135,53,89,129,1,1,6,21,425,1,24,7,3,38,163,139,2,24,255,2,2,,4,6,15,11,18,0,,56,,,1,,4,,,,,,,,,,,,,,1,,,,,,,2,,,,,,,,,,,,,,,,,,,,,,,,,,,,,,,,,,,,,,,,,
Italy_Serie_A,2025-2026,Bologna FC 1909,ausjnoieiyx9m37qzam0gqgic,B. Domínguez,Forward,30,15,13,2,14,42,,70,4,91,54,37,142,25,2,14,6,4,76,41,35,2,4,120,26,16,10,23,38,7,6,5,8,,,4,96,76,21,93,6,2,1,1,541,28,,6,18,88,121,97,8,24,265,7,7,12,4,7,26,5,17,0,,16,3,5,9,7,21,,5,,,,2,,,,3,,2,,1,5,1,,,,,1,,,1,,,,,,2,3,,,,,,,,,,,,,,,,,,,,,,,,,,,,,,,
Italy_Serie_A,2025-2026,Bologna FC 1909,4j3d7ujmhevsi0y3zvs34i13o,G. Fabbian,Midfielder,80,60,31,29,28,49,1,68,5,143,75,68,130,79,5,28,11,10,83,44,39,6,8,266,30,16,6,33,67,8,11,9,17,,,11,209,117,96,202,6,4,,1,1077,23,16,18,26,111,270,213,10,57,441,7,7,9,6,9,51,13,48,0,,75,2,11,4,16,40,1,2,1,,2,1,2,2,,,1,5,,1,6,,3,1,2,,2,2,0,1,1,,,1,,,,,,,,,,,,,,,,,,,,,,,,,,,,,,,,,,
Italy_Serie_A,2025-2026,Bologna FC 1909,bdb6j168crcrwje9k0titxv55,L. Ferguson,Midfielder,19,58,28,30,25,191,8,188,5,149,71,78,218,235,10,25,26,21,91,43,48,11,14,872,81,19,11,58,276,14,15,4,10,8,1,46,757,444,395,785,8,16,,11,1416,9,26,31,23,153,948,831,24,117,1154,16,5,4,13,24,99,34,93,0,,246,2,4,3,6,25,,6,2,14,1,5,1,,,,1,2,4,2,30,,1,,,6,5,0,1,3,,,1,4,,,,,,,1,,,,1,,,,,,,1,,,,,,,,,,,,,,,,
Italy_Serie_A,2025-2026,Bologna FC 1909,1hhtdmivdomp81gdp5fyk1q1g,M. Franceschelli,Goalkeeper,82,,,,,,,,,,,,,,,,,,,,,,,,,,,,,,,,,,,,,,,,,,,,,,,,,,,,,,,,,,,,,,,,,,,,,,,,,,,,,,,,,,,,,,,,,,,,,,,,,,,,,,,,,,,,,,,,,,,,,,,,,,,,,,,,,,,,
Italy_Serie_A,2025-2026,Bologna FC 1909,19nlw3sa0khwz0el4wqc7zrp,R. Freuler,Midfielder,8,41,26,15,27,192,5,256,7,164,71,93,223,372,13,27,27,23,123,45,78,19,18,1208,94,29,16,101,381,20,24,7,3,2,2,55,1045,580,528,1051,24,30,,5,2061,13,32,19,22,226,1272,1106,54,166,1538,14,12,5,28,50,137,43,116,1,,327,1,1,2,2,14,1,4,6,2,1,4,1,1,,,,1,,6,34,3,,,1,1,5,1,0,3,1,1,,4,,,2,,,,,,,,,,,,,1,,,,,,,,,,,,,,,,,,
Italy_Serie_A,2025-2026,Bologna FC 1909,6q7ngx5pfz9kv09t2unvo6uxg,R. Gnudi,Goalkeeper,12,,,,,,,,,,,,,,,,,,,,,,,,,,,,,,,,,,,,,,,,,,,,,,,,,,,,,,,,,,,,,,,,,,,,,,,,,,,,,,,,,,,,,,,,,,,,,,,,,,,,,,,,,,,,,,,,,,,,,,,,,,,,,,,,,,,,
Italy_Serie_A,2025-2026,Bologna FC 1909,8naumjv4cczc68pd8yx9f00lw,U. Happonen,Goalkeeper,72,,,,,,,,,,,,,,,,,,,,,,,,,,,,,,,,,,,,,,,,,,,,,,,,,,,,,,,,,,,,,,,,,,,,,,,,,,,,,,,,,,,,,,,,,,,,,,,,,,,,,,,,,,,,,,,,,,,,,,,,,,,,,,,,,,,,
Italy_Serie_A,2025-2026,Bologna FC 1909,5gf24ds4ejjztxyj8b5rs3tnt,T. Heggem,Defender,14,81,44,37,25,100,7,270,1,178,90,88,45,284,8,25,30,25,97,46,51,22,3,1100,109,14,8,86,360,3,22,2,3,,,84,1010,264,772,952,13,18,,2,2014,8,97,31,12,117,1129,1036,31,93,1389,1,1,2,24,40,59,35,53,0,,385,,6,8,8,20,,3,5,,,5,,,,,,2,,9,1,,,1,,,,,,,,1,,3,1,,,,,,,,,1,1,,,3,4,,1,,,,,,,,,,,,,,,,,
Italy_Serie_A,2025-2026,Bologna FC 1909,ahe00hzfpxhe742i5db3mpe6s,E. Helland,Defender,5,17,4,13,4,24,4,60,,29,9,20,5,72,2,4,6,6,12,5,7,3,2,223,37,5,3,19,43,2,4,3,,,,7,197,61,141,195,1,6,,,317,1,13,4,,32,229,202,7,27,268,,,,6,17,19,8,10,0,,90,,,,,,,,1,,,,,,,,,,,,,,,,,,2,,,,,1,,,,,,,,,,,,,,,,,,,,,,,,,,,,,,,,,,,,
Italy_Serie_A,2025-2026,Bologna FC 1909,awf3x41nsz8m73bhte5wlz6ui,E. Holm,Defender,2,33,17,16,17,83,3,94,7,118,48,70,150,150,3,17,11,8,85,31,54,8,5,361,52,21,12,57,26,9,10,7,7,7,7,11,284,145,152,279,10,19,17,75,857,14,27,11,19,157,369,290,29,79,671,21,20,8,11,31,76,24,48,1,1,110,,9,7,10,30,,2,1,1,1,3,,1,1,2,,1,,4,,,3,,1,1,1,0,1,,,,,1,,4,4,,,,,,,,1,,,,,,,1,,,,,,,,,,,,,,,,
Italy_Serie_A,2025-2026,Bologna FC 1909,5o80hrbyw554cetm1rbbns0k5,C. Immobile,Forward,17,10,7,3,6,19,1,20,2,27,20,7,39,10,3,6,4,3,17,13,4,,1,44,12,3,,6,11,1,2,2,4,,,1,30,24,11,34,,1,1,,191,4,1,8,3,34,49,35,1,14,82,3,3,2,,,15,2,14,0,,9,6,1,,1,10,,1,,,,1,,,,,,,,,6,,,1,,,1,,,,,,,,1,,,,1,,,,,,,,,,,,,,,,,,,,,,,,,,,,,
Italy_Serie_A,2025-2026,Bologna FC 1909,dowh6oc93ggduous7ligguqne,João Mário,Defender,17,14,8,6,19,87,3,156,4,107,45,62,185,180,5,19,9,8,93,37,56,12,6,432,103,20,4,40,66,6,11,9,8,6,6,17,339,203,155,335,6,8,7,66,904,21,12,9,28,152,445,352,14,93,694,11,11,17,5,21,70,34,72,0,,112,,1,14,3,24,,3,1,,1,1,1,1,,1,1,2,,2,3,1,1,,,,2,0,1,1,,,1,1,,,,,,,,,,,,,,,,,,,,,,,,,,,,,,,,,,
Italy_Serie_A,2025-2026,Bologna FC 1909,33yauarx84sam5u05vgyqxfxl,J. Karlsson,Forward,23,,,,,,,,,,,,,,,,,,,,,,,,,,,,,,,,,,,,,,,,,,,,,,,,,,,,,,,,,,,,,,,,,,,,,,,,,,,,,,,,,,,,,,,,,,,,,,,,,,,,,,,,,,,,,,,,,,,,,,,,,,,,,,,,,,,,
Italy_Serie_A,2025-2026,Bologna FC 1909,16e0g457yimih4lla8e6qt2xg,L. Lai,Midfielder,71,,,,,,,,,,,,,,,,,,,,,,,,,,,,,,,,,,,,,,,,,,,,,,,,,,,,,,,,,,,,,,,,,,,,,,,,,,,,,,,,,,,,,,,,,,,,,,,,,,,,,,,,,,,,,,,,,,,,,,,,,,,,,,,,,,,,
Italy_Serie_A,2025-2026,Bologna FC 1909,3l0mj1zzhytxvm9tryvqv8kix,J. Lucumí,Defender,26,72,30,42,28,123,13,332,2,176,70,106,43,471,3,28,25,21,104,40,64,31,7,1486,175,20,13,130,612,7,25,3,3,1,1,111,1326,493,914,1295,21,19,1,2,2197,8,95,19,19,200,1573,1406,40,167,1868,,,,25,70,111,56,97,0,,367,1,5,5,7,10,,1,8,,1,4,,1,,,,2,,10,2,1,1,,1,,5,1,0,1,1,3,,3,,,,,,,,,,,,,,12,12,,,,,,,,,,,,,,,,,,,
Italy_Serie_A,2025-2026,Bologna FC 1909,a2n9op95qyb3rkye5pxqjb7bp,C. Lykogiannis,Defender,22,16,9,7,10,57,3,45,4,50,25,25,139,115,4,10,8,5,34,16,18,5,12,284,26,8,,26,110,13,7,3,3,14,9,13,216,136,106,215,5,9,18,52,627,6,17,8,1,138,296,228,14,68,497,31,15,2,18,32,79,20,36,0,,14,,2,3,4,9,,3,1,15,,3,,,,2,,2,3,2,1,,1,,,10,3,,,,,,,,,1,1,1,,,,,,,,,,,,,,,,,,,,,,,,,,,,,,
Italy_Serie_A,2025-2026,Bologna FC 1909,brd7svjxdubfq0nzo0nvj0us,P. Marković,Defender,75,,,,,,,,,,,,,,,,,,,,,,,,,,,,,,,,,,,,,,,,,,,,,,,,,,,,,,,,,,,,,,,,,,,,,,,,,,,,,,,,,,,,,,,,,,,,,,,,,,,,,,,,,,,,,,,,,,,,,,,,,,,,,,,,,,,,
Italy_Serie_A,2025-2026,Bologna FC 1909,emvmn561wgd62zj0s3qi5j5rd,Juan Miranda,Defender,33,59,27,32,30,269,5,258,22,187,74,113,591,519,13,30,33,30,128,47,81,33,61,1272,159,51,21,113,501,63,27,4,3,46,25,110,1047,626,552,1022,14,31,52,166,2393,11,72,25,29,454,1362,1132,45,230,2079,119,84,6,60,113,287,62,117,0,1,73,3,5,7,10,27,,3,6,71,1,3,1,1,1,2,,5,18,27,4,4,5,,,33,6,0,1,1,,1,,4,,3,3,,1,1,,,,,,,,1,1,,,,,,,,,,,,,,,,,,,
Italy_Serie_A,2025-2026,Bologna FC 1909,6eqqtmbg35rg2stk10ic7q8k5,N. Moro,Midfielder,6,38,19,19,28,165,6,336,4,136,60,76,302,402,10,28,16,13,98,41,57,15,26,1244,136,25,13,83,344,26,19,9,9,15,4,146,1052,697,424,960,21,9,,6,1752,14,32,16,16,263,1302,1106,30,196,1573,35,14,6,36,81,186,45,115,0,2,391,1,15,12,18,6,1,4,4,32,2,3,1,1,1,,1,3,10,11,33,2,2,1,1,16,1,1,1,1,,,,,1,,,4,,,1,,,,,1,1,,,,,,,,,,,,,,,,,,,,,
Italy_Serie_A,2025-2026,Bologna FC 1909,swwsos71xmnj8d3lfvomtbmc,S. Negri,Forward,74,,,,,,,,,,,,,,,,,,,,,,,,,,,,,,,,,,,,,,,,,,,,,,,,,,,,,,,,,,,,,,,,,,,,,,,,,,,,,,,,,,,,,,,,,,,,,,,,,,,,,,,,,,,,,,,,,,,,,,,,,,,,,,,,,,,,
Italy_Serie_A,2025-2026,Bologna FC 1909,1t7nph4960rjzu7rgi47sf8ix,J. Odgaard,Forward,21,76,39,37,25,74,,149,7,212,123,89,255,110,7,25,20,15,136,84,52,4,13,322,68,27,14,69,46,14,16,12,9,5,5,5,236,178,63,231,9,10,,4,1357,51,16,27,28,193,323,236,19,87,606,8,8,19,5,12,72,23,75,1,,93,5,13,7,26,42,2,9,1,,5,5,5,2,3,2,2,13,,,9,2,1,3,1,,1,1,4,,,,,1,,1,1,,,,3,,,,,,,,1,,1,,,,,,,,,,,,,,,,,
Italy_Serie_A,2025-2026,Bologna FC 1909,1cu7fg8sf90isf9gp21e5fqh,R. Orsolini,Forward,7,48,20,28,34,142,1,267,16,230,107,123,468,140,10,34,31,27,182,87,95,8,25,547,120,37,15,64,17,26,26,18,8,5,5,40,382,280,113,348,7,13,2,5,2094,62,16,21,43,320,553,388,20,165,970,35,29,35,15,36,158,42,129,2,8,254,18,34,32,64,114,3,16,3,9,9,4,3,7,9,4,,30,,2,8,3,1,7,6,6,2,5,4,4,,,,3,,1,1,2,,,2,6,4,,,,,,,,,,,,,,,,,,,,,,,,,
Italy_Serie_A,2025-2026,Bologna FC 1909,1bz1zdxmtx5oxipvukpg7svmc,M. Pessina,Goalkeeper,25,1,,1,4,,,13,,2,,2,,90,,4,2,2,1,,1,,,109,2,,,29,22,,3,,1,,,19,72,10,80,71,,,,,352,,10,,1,46,136,90,,46,170,,,,25,44,29,17,2,0,,24,,,,,,,,2,,,,,,,,,,,7,,,,,,,,,,,,,,,1,,,,,,,,,,,,,23,15,,5,,3,,,,7,5,2,,,4,,,,,,
Italy_Serie_A,2025-2026,Bologna FC 1909,ch5rw8dgb6wh99wyhd8o3t1pl,T. Pobega,Midfielder,4,40,20,20,24,90,11,66,6,146,74,72,121,180,20,24,19,17,106,54,52,18,5,453,23,22,13,43,97,5,15,7,9,,,21,343,205,149,333,18,17,,2,1301,10,25,31,12,143,464,354,35,110,665,2,2,3,18,33,86,26,77,1,,97,,11,5,20,29,,4,1,,2,2,2,2,2,,,9,,4,14,1,2,1,1,,1,0,2,2,,,,2,,1,1,,,,,,,1,1,,,,,,,,,,,,,,,,,,,,,,,
Italy_Serie_A,2025-2026,Bologna FC 1909,1po7tmdv73zfjentt0p20wdlh,S. Posch,Defender,3,19,11,8,14,53,1,67,1,53,26,27,92,83,6,14,3,3,34,15,19,4,2,234,34,19,6,18,31,2,3,2,11,3,3,9,188,93,106,187,9,3,8,43,385,4,15,9,6,70,242,196,12,46,379,8,8,,11,19,41,13,27,0,,75,,4,1,7,11,,1,,,1,,,1,,,,3,,2,1,,,,1,,1,1,0,,1,,,,,,,,,,,,,,,,,,,,,,,,,,,,,,,,,,,,,
Italy_Serie_A,2025-2026,Bologna FC 1909,9m6yva52cmdq7uu31qrwdrund,F. Ravaglia,Goalkeeper,13,8,2,6,17,,,152,,17,6,11,,414,2,17,29,24,9,4,5,1,,619,68,,,145,137,,16,,1,,,122,479,71,494,443,2,1,,,1469,,20,2,3,201,759,565,3,194,929,,,,98,186,139,55,8,0,,208,,,1,,,,,2,,,5,,,,,,,,30,,,,,,,4,,,,,,2,2,17,,,,,,,,,,,,,131,93,,36,,9,2,,6,52,39,13,,,20,,,1,,,
Italy_Serie_A,2025-2026,Bologna FC 1909,2bmeynv0dhsc8sjfuaprkexre,J. Rowe,Forward,11,40,25,15,26,92,,227,21,237,116,121,401,77,12,26,17,14,197,91,106,6,18,335,108,25,13,60,119,19,15,14,11,11,11,7,271,215,67,264,7,12,1,8,1433,62,3,22,44,209,335,271,19,64,720,37,37,36,4,17,90,11,47,2,2,47,4,16,44,31,80,,13,,,3,3,3,3,1,2,2,15,,,7,2,4,6,1,,2,1,2,1,,,,2,,1,1,,,,,,,,,,,,,,,,,,,,,,,,,,,,,,,
Italy_Serie_A,2025-2026,Bologna FC 1909,4hrmzpx1nt5ze55fpby71mcb9,Ł. Skorupski,Goalkeeper,1,7,,7,17,,,71,1,12,1,11,,270,1,17,12,10,5,1,4,,,438,30,,,118,135,,17,1,,,,81,335,41,373,333,,,,,1414,,30,1,8,161,571,414,,157,724,,,,104,152,127,30,5,0,,166,,,,,,,,6,,,2,,,,,,,,35,,,,,,,1,,,,,,,2,5,,,,,,,,,1,1,,,116,71,,25,,7,2,,19,30,22,8,,1,11,,3,2,,,
Italy_Serie_A,2025-2026,Bologna FC 1909,87kiw3scnrpt6t0hsaqkgvpey,S. Sohm,Midfielder,23,61,38,23,28,152,5,111,3,140,75,65,141,137,16,28,22,17,79,37,42,8,14,565,68,16,6,46,160,15,18,15,10,1,1,19,482,237,252,469,8,12,,3,1430,10,11,25,14,118,571,488,20,83,721,6,6,5,5,13,72,17,70,0,,122,3,5,11,6,18,1,3,1,,,5,,,,1,,1,,,36,7,3,1,,,3,,,1,,,,1,,1,1,,,,,,,,,,,,,,,,,,,,,,,,,,,,,,,
Italy_Serie_A,2025-2026,Bologna FC 1909,8kdamc6zz4bskby51c59uuntg,I. Sulemana,Midfielder,77,30,15,15,17,56,3,110,1,105,53,52,77,77,7,17,16,15,75,38,37,5,6,368,44,10,8,63,161,6,7,2,10,,,11,325,157,172,318,6,11,,2,861,21,15,12,9,87,373,329,17,44,519,2,2,11,5,9,27,19,35,0,1,79,,5,11,7,8,2,2,1,,1,1,,1,,1,1,2,,2,14,,,1,1,,2,1,0,,,,1,1,,,,,,,,,,,,,,,,,,,,,,,,,,,,,,,,,,
Italy_Serie_A,2025-2026,Bologna FC 1909,18uinnn087svt9z5x7d65tt78,B. Tomašević,Defender,15,,,,,,,,,,,,,,,,,,,,,,,,,,,,,,,,,,,,,,,,,,,,,,,,,,,,,,,,,,,,,,,,,,,,,,,,,,,,,,,,,,,,,,,,,,,,,,,,,,,,,,,,,,,,,,,,,,,,,,,,,,,,,,,,,,,,
Italy_Serie_A,2025-2026,Bologna FC 1909,7m3wseg5lilrkzatyvc2yemay,M. Vitík,Defender,41,77,34,43,19,50,7,172,,152,67,85,32,261,8,19,18,15,75,33,42,10,3,707,79,10,6,32,125,3,14,3,5,,,21,620,203,440,622,14,22,,3,1324,5,93,23,4,102,731,643,36,88,941,2,2,1,26,50,66,24,38,0,,295,,3,2,5,11,,3,4,,,3,,,,,,2,,7,,,,1,,,3,,,,,2,,1,1,,,,1,,,,,,,,,,,,,,,,,,,,,,,,,,,,,
Italy_Serie_A,2025-2026,Bologna FC 1909,42m78ny1ggvmzmjtka7exyzqi,N. Zortea,Defender,20,30,13,17,31,163,6,266,11,173,94,79,355,331,7,31,26,21,143,81,62,20,22,742,173,47,13,74,49,24,16,5,15,21,21,44,588,351,285,571,9,17,23,151,1787,36,38,27,16,297,771,615,26,156,1266,48,48,22,27,51,165,39,105,0,2,228,1,9,20,10,28,,1,4,1,,5,,,,7,,1,,8,3,2,4,,,,2,,,,,,,2,1,2,2,1,1,,,,,,,,,,,,,,,,,,,,,,,,,,,,,
Italy_Serie_A,2025-2026,Cagliari Calcio,43rid94d7jz7u5ba4xzb8bbe2,M. Adopo,Midfielder,8,71,41,30,36,183,5,228,10,267,145,122,309,282,15,36,44,37,196,104,92,27,23,1021,110,43,19,170,219,25,31,10,5,6,6,20,838,441,410,825,25,28,,2,2893,58,40,33,25,302,1028,845,53,183,1437,17,17,22,9,27,144,56,156,0,1,344,5,8,14,19,42,4,8,5,,1,7,1,,1,,,11,,1,45,1,3,4,,,4,0,1,1,,,1,2,1,1,2,,1,,1,,,,,,,,,,,,,,,,,,,,,,,,,,,
Italy_Serie_A,2025-2026,Cagliari Calcio,asctjr4d7hq9jwrj09dkph3pw,A. Albarracín,Forward,20,,,,2,4,,8,,5,2,3,7,1,,2,1,1,5,2,3,,,14,1,,,,1,,,,2,,,,12,11,3,14,,,,,31,1,,,3,5,16,14,,2,23,2,,1,,1,4,,1,0,,10,,,,,1,,,,1,,,,,,,,,,,1,,,,,1,,,,,,,,,,,,,,,,,,,,,,,,,,,,,,,,,,,,,,,,,,
Italy_Serie_A,2025-2026,Cagliari Calcio,97mmzzi3dwdos6jtj2m05w4ph,A. Belotti,Forward,19,15,10,5,7,16,,11,,34,21,13,32,1,1,7,4,3,19,11,8,4,1,27,5,2,1,3,8,1,3,3,4,,,,20,11,12,23,,1,,1,210,7,1,3,7,24,30,23,1,7,74,1,1,3,,,7,1,7,1,,5,4,2,1,6,11,,,,,2,1,1,2,,1,2,4,,,3,,,3,2,,,0,2,,,,,,,,,,,1,,1,1,,,,,,,,,,,,,,,,,,,,,,,,,
Italy_Serie_A,2025-2026,Cagliari Calcio,8bjzw0pgu2gbwhyfm2k62hv8q,G. Borrelli,Forward,29,95,43,52,26,68,2,63,11,236,118,118,162,44,9,26,24,21,141,75,66,3,11,206,27,18,8,21,47,12,12,10,14,,,7,142,98,53,144,8,7,,,1199,32,17,44,47,151,215,151,15,64,465,2,2,9,1,3,53,13,61,1,,56,5,9,6,17,40,5,8,,,4,3,3,4,,1,2,8,,1,18,,1,3,4,,4,3,1,5,2,,,,,1,1,,,,,,,,,,,,,,,,,,,,,,,,,,,,,,,
Italy_Serie_A,2025-2026,Cagliari Calcio,ab420lzne042a3e3b2lfmy5ii,E. Caprile,Goalkeeper,1,18,3,15,36,,,72,,20,3,17,,666,,36,51,44,2,,2,,1,621,40,,,288,198,1,36,,,,,199,430,146,514,461,,,,,3240,,30,,8,378,1031,660,,371,1392,,,,207,365,320,51,6,0,,167,,,,,,,,8,,,7,,,,,,,,79,,,,,,,2,,,,,,,2,25,,,,,,,,,,,,,300,231,,79,,44,2,,13,118,72,44,,2,48,,2,1,,,1
Italy_Serie_A,2025-2026,Cagliari Calcio,921amcj5jv6wu2p1qbbo4g2s4,N. Cavuoti,Midfielder,21,3,2,1,4,4,,3,,10,7,3,3,5,,4,1,1,7,5,2,,,14,2,,,2,1,,,,4,,,,12,6,6,12,,,,,40,3,,1,1,8,14,12,,2,27,,,1,,1,2,,1,0,,4,,,1,,,,,,,,,,,,,,,,,,,,,,,,,,,,,,,,,,,,,,,,,,,,,,,,,,,,,,,,,,,,,,,,
Italy_Serie_A,2025-2026,Cagliari Calcio,apvsegsrcr043jtqe5mqxn88a,G. Ciocci,Goalkeeper,24,,,,,,,,,,,,,,,,,,,,,,,,,,,,,,,,,,,,,,,,,,,,,,,,,,,,,,,,,,,,,,,,,,,,,,,,,,,,,,,,,,,,,,,,,,,,,,,,,,,,,,,,,,,,,,,,,,,,,,,,,,,,,,,,,,,,
Italy_Serie_A,2025-2026,Cagliari Calcio,72kgngelj6od528ut4dhos26s,A. Cogoni,Defender,39,,,,,,,,,,,,,,,,,,,,,,,,,,,,,,,,,,,,,,,,,,,,,,,,,,,,,,,,,,,,,,,,,,,,,,,,,,,,,,,,,,,,,,,,,,,,,,,,,,,,,,,,,,,,,,,,,,,,,,,,,,,,,,,,,,,,
Italy_Serie_A,2025-2026,Cagliari Calcio,cmg6y5t0yuzeuzuxitelbvglx,A. Deiola,Midfielder,14,25,17,8,18,86,7,80,2,111,56,55,89,171,10,18,19,17,86,39,47,13,4,522,31,20,7,45,148,6,15,6,3,,,26,423,164,280,418,12,20,,3,1289,7,35,21,12,123,544,444,32,100,716,1,1,2,13,25,61,40,75,0,,139,7,7,3,13,17,3,5,2,,,2,,,,1,,6,,2,18,,,4,,,3,,,2,,,,1,,1,2,1,,,,,,,,,,8,8,,,,,,,,,,,,,,,,,,,
Italy_Serie_A,2025-2026,Cagliari Calcio,cgv93t4k8bzl9neswrjfcdbai,A. Di Pardo,Defender,18,1,1,,3,2,1,2,,5,3,2,6,8,,3,2,2,4,2,2,,,17,,2,,3,2,,,,3,,,,13,4,9,13,,1,3,6,53,,3,,1,7,17,13,1,4,34,,,,,,2,2,4,0,,5,,1,,1,1,,,,,,,,,,,,,,,,,,,,,,,,,,,,,,,,,,,,,,,,,,,,,,,,,,,,,,,,,,,,,,
Italy_Serie_A,2025-2026,Cagliari Calcio,2fbg7v69wyis2his47u8ij4rt,A. Dossena,Defender,22,24,9,15,10,22,8,74,1,60,24,36,14,109,3,10,11,10,36,15,21,7,1,382,50,4,3,25,132,2,8,,2,,,17,337,109,247,339,2,11,,,738,,33,10,7,55,403,356,13,47,499,,,,7,23,34,13,24,0,,140,2,3,1,5,10,,1,2,,,1,,,,,,2,,4,1,,1,1,,,5,,,,,,,1,,1,1,,,,,,,,,,,4,4,,,,,,,,,,,,,,,,,,,
Italy_Serie_A,2025-2026,Cagliari Calcio,c4n7kjp8c47trslpssnyqjo16,S. Esposito,Forward,94,46,26,20,34,177,4,191,23,282,149,133,550,284,22,34,35,31,236,123,113,15,60,839,102,61,22,88,290,65,32,25,2,32,7,60,613,476,241,625,19,30,4,13,2529,52,22,41,49,470,916,685,49,231,1489,92,37,24,7,33,269,54,198,1,2,165,4,24,16,39,70,1,13,1,71,6,4,5,6,1,4,3,15,22,3,32,16,11,2,5,41,6,4,2,5,2,,,1,,4,5,7,,1,,1,1,,,,,,,,,,,,,,,,,,,,,,,,,
Italy_Serie_A,2025-2026,Cagliari Calcio,ancokw84xekm3uve7tnoiiju,M. Felici,Forward,17,5,4,1,11,24,,62,5,61,36,25,110,31,2,11,7,7,56,32,24,5,7,103,38,9,2,15,36,8,4,4,7,6,4,1,69,48,29,70,5,6,,9,408,20,2,10,6,86,105,71,11,34,223,17,8,12,1,2,43,8,32,0,,14,,1,7,7,17,,2,,10,2,,2,2,,3,2,6,1,,3,1,1,1,2,7,3,1,1,1,,,,,,1,1,,,,,,,,,,,,,,,,,,,,,,,,,,,,,,,
Italy_Serie_A,2025-2026,Cagliari Calcio,8ofihttdgz6nyxxon2zim7x0p,M. Folorunsho,Midfielder,90,80,46,34,26,116,3,155,7,276,151,125,303,153,16,26,30,24,196,105,91,9,14,477,94,48,26,64,151,14,24,13,2,4,4,20,316,185,140,301,14,10,2,10,1989,57,27,35,48,315,482,321,24,161,906,18,18,26,9,32,143,36,129,0,1,62,13,16,21,25,47,1,11,2,,2,6,2,1,,1,1,9,,1,29,2,2,5,1,,3,1,1,2,1,,,2,,,,,,,1,,,,,,,,,,,,,,,,,,,,,,,,,1,,
Italy_Serie_A,2025-2026,Cagliari Calcio,5cmv1y4s9qsjfrgegs3scmm8k,A. Franke,Defender,35,,,,,,,,,,,,,,,,,,,,,,,,,,,,,,,,,,,,,,,,,,,,,,,,,,,,,,,,,,,,,,,,,,,,,,,,,,,,,,,,,,,,,,,,,,,,,,,,,,,,,,,,,,,,,,,,,,,,,,,,,,,,,,,,,,,,
Italy_Serie_A,2025-2026,Cagliari Calcio,1ct0gujao4wvj1ff3aebqgqnd,G. Gaetano,Midfielder,10,27,13,14,31,166,2,211,7,169,85,84,237,308,16,31,28,24,142,72,70,18,21,869,95,41,18,98,245,24,19,11,12,10,3,51,675,358,376,673,11,15,,4,1732,29,25,26,29,288,923,724,26,199,1231,25,7,10,16,53,163,61,146,1,,204,,12,15,21,25,3,8,4,16,2,4,1,2,,1,2,9,6,4,40,3,2,,2,7,4,1,1,,,,,2,,3,3,5,,,,,,,,,,,,,,,,,,,,,,,,,,,,1,,
Italy_Serie_A,2025-2026,Cagliari Calcio,ewdxqfcyvr0k0yx7vu7j10,N. Grandu,Forward,36,,,,,,,,,,,,,,,,,,,,,,,,,,,,,,,,,,,,,,,,,,,,,,,,,,,,,,,,,,,,,,,,,,,,,,,,,,,,,,,,,,,,,,,,,,,,,,,,,,,,,,,,,,,,,,,,,,,,,,,,,,,,,,,,,,,,
Italy_Serie_A,2025-2026,Cagliari Calcio,cx7olq6m4no1tvyou3j58c2z8,R. Idrissi,Defender,3,10,9,1,23,67,4,69,8,78,42,36,128,105,4,23,15,12,68,33,35,8,6,282,51,16,2,42,101,6,4,1,19,2,,11,225,108,123,218,7,14,13,57,767,11,28,9,6,122,287,229,21,58,530,21,19,6,11,14,59,20,44,0,,14,1,,8,6,6,,,,2,2,3,2,2,1,2,,6,1,3,,1,,1,2,1,3,1,1,,1,,,,,,,,,,,,,,,,,,,,,,,,,,,,,,,,,,,,,
Italy_Serie_A,2025-2026,Cagliari Calcio,af5i86ypzrbbykkyh5tabbs44,V. Iliev,Goalkeeper,12,,,,,,,,,,,,,,,,,,,,,,,,,,,,,,,,,,,,,,,,,,,,,,,,,,,,,,,,,,,,,,,,,,,,,,,,,,,,,,,,,,,,,,,,,,,,,,,,,,,,,,,,,,,,,,,,,,,,,,,,,,,,,,,,,,,,
Italy_Serie_A,2025-2026,Cagliari Calcio,6zcua8ycqj1pca5fxwvie4x04,J. Rodríguez,Defender,15,30,14,16,15,20,13,112,,96,36,60,23,206,6,15,22,19,66,22,44,18,,564,44,12,7,39,239,,15,6,,1,1,14,497,115,424,524,9,27,4,6,1245,2,77,14,7,91,609,538,36,71,821,4,4,,21,39,46,29,32,0,,144,,1,1,2,5,,,1,,,3,,,,,,1,,8,,,,1,,,3,,,,,,,1,,,,,,,,,,,,,,28,28,,,,,,,,,,,,,,,,,,,
Italy_Serie_A,2025-2026,Cagliari Calcio,6j6xnr1lxvtzs6rmfkzsa64gk,S. Kılıçsoy,Forward,9,39,33,6,22,66,1,100,4,126,86,40,153,38,8,22,15,13,87,53,34,1,11,229,34,14,6,29,81,11,11,10,11,1,,13,174,114,72,172,1,4,,2,976,40,,14,15,137,240,185,5,55,412,,,11,,1,42,13,54,1,,55,2,3,14,11,34,5,6,,1,4,2,3,3,1,2,2,8,1,,25,1,,,2,,1,2,2,,1,,,2,,,,,,,1,,,,,,,,,,,,,,,,,,,,,,,,,,,
Italy_Serie_A,2025-2026,Cagliari Calcio,f3paczwnlcer8k4mb2wquf3mc,J. Liteta,Midfielder,27,4,2,2,4,20,3,16,,26,17,9,12,33,4,4,6,5,22,15,7,8,,128,4,2,1,21,49,,4,3,,,,4,108,39,72,107,3,2,,,266,4,3,4,,28,131,111,5,20,168,,,,5,10,16,4,10,0,,29,,,2,,1,,,,,,1,,,,1,,,,1,3,,,,,,,,,,,,,,,,,,,,,,,,,,,,,,,,,,,,,,,,,,,,,,,
Italy_Serie_A,2025-2026,Cagliari Calcio,cnk07o3823zl5gd7qr2bdks7p,S. Luperto,Defender,6,63,34,29,31,107,19,273,3,166,74,92,60,451,16,31,46,41,103,40,63,27,4,1356,127,18,7,78,549,5,31,3,,2,2,61,1189,275,1030,1242,12,20,,8,2752,2,145,31,27,203,1478,1303,32,175,1834,9,9,,39,90,123,61,85,0,,371,1,3,5,7,16,,3,7,,1,5,,1,,,,4,,12,,1,4,1,1,,4,1,0,,1,2,,1,1,1,1,,2,,,,,,,,,66,66,,,,,,,,,,,,,,,,,,,
Italy_Serie_A,2025-2026,Cagliari Calcio,9ol0vmk09xzkx6jk9th1cin84,R. Malfitano,Midfielder,40,,,,,,,,,,,,,,,,,,,,,,,,,,,,,,,,,,,,,,,,,,,,,,,,,,,,,,,,,,,,,,,,,,,,,,,,,,,,,,,,,,,,,,,,,,,,,,,,,,,,,,,,,,,,,,,,,,,,,,,,,,,,,,,,,,,,
Italy_Serie_A,2025-2026,Cagliari Calcio,c7u5a6ngr4f839ibw3b0opsk5,L. Mazzitelli,Midfielder,4,27,17,10,18,47,3,57,3,103,57,46,63,147,13,18,9,9,76,40,36,11,3,362,26,12,6,30,111,5,9,8,9,2,1,32,275,129,154,249,9,11,,3,766,6,26,22,13,118,370,281,20,89,524,7,7,3,20,35,68,28,54,2,,65,,6,3,11,10,,4,1,,2,,1,2,1,,1,5,,6,10,1,1,,,,3,2,0,1,,1,,,,1,2,1,,,,,,,,,,,,,,,,,,,,,,,,,,,,,,
Italy_Serie_A,2025-2026,Cagliari Calcio,2ma0fsvwn2lzchpbbxw3k2uc4,P. Mendy,Forward,31,33,19,14,7,9,1,15,2,53,36,17,60,11,2,7,5,4,20,17,3,1,3,47,8,4,3,14,17,3,2,1,5,,,3,32,29,4,30,,,,,232,7,2,9,3,37,48,33,,15,106,1,1,1,,1,14,2,14,0,,11,2,5,,7,19,,3,,,2,1,1,2,1,,,2,,,,,,1,2,,,2,0,,1,,,,,,,,,,,,,,,,,,,,,,,,,,,,,,,,,,,,,
Italy_Serie_A,2025-2026,Cagliari Calcio,d4vdrtte9kb9qmlkrx1rvgk45,Y. Mina,Defender,26,82,29,53,24,59,21,220,,189,68,121,43,324,7,24,27,24,107,39,68,23,8,1023,102,14,10,76,360,8,24,4,,,,34,939,169,828,963,16,14,,2,1973,10,115,25,36,122,1093,997,30,96,1404,1,1,2,17,45,70,27,51,1,,350,3,6,2,8,23,,1,6,,1,3,,1,,,,2,,5,1,,,,1,,3,1,0,,1,,,2,1,,,,,,,,,,1,,,2,2,,,1,,,,,,,,,,,,,,,,
Italy_Serie_A,2025-2026,Cagliari Calcio,2uvexgjeidkvy6qu4i2nf14a,A. Obert,Defender,33,63,33,30,33,112,18,211,9,227,106,121,231,505,23,33,38,33,164,73,91,40,21,1101,125,47,26,119,446,24,31,13,2,21,10,53,891,344,607,877,35,28,32,145,2602,21,104,39,12,333,1142,930,63,212,1772,42,32,9,24,61,159,95,151,0,1,79,,5,16,8,27,,2,5,19,,5,,,,,,3,11,8,,1,6,2,,8,8,,,1,,,,2,1,2,3,,,,,,,,1,,,2,2,,,1,,,,,,,,,,,,,,,,
Italy_Serie_A,2025-2026,Cagliari Calcio,8lxt5lqavooy0xo0pcinqluz8,M. Palestra,Defender,2,36,21,15,35,214,3,419,29,401,159,242,517,227,15,35,45,38,365,138,227,19,25,815,277,44,18,114,78,29,33,7,2,27,27,25,693,360,380,688,20,33,31,90,2967,85,40,40,107,383,835,713,53,122,1614,77,77,63,11,22,142,57,100,1,,316,8,11,67,17,72,1,8,5,1,1,7,1,1,,1,1,6,,1,6,1,7,,,,3,0,1,2,,,,2,,4,4,,,,,,,,,,,,,,,,,,,,,,,,,,,,,1,,
Italy_Serie_A,2025-2026,Cagliari Calcio,awkjevra745mh5j30bkjp70t1,L. Pavoletti,Forward,30,28,17,11,13,20,,3,,39,26,13,33,16,3,13,4,3,11,9,2,1,1,60,1,2,2,6,12,2,1,1,12,,,1,34,16,21,36,,2,,,217,1,2,10,,33,63,37,2,26,88,,,1,1,1,19,7,25,0,,15,2,3,,4,10,2,2,,,1,1,1,1,,,1,1,,,9,,1,2,1,,1,0,1,,,,,,,,1,,,,,,,,,,,,,,,,,,,,,,,,,,,,,,,
Italy_Serie_A,2025-2026,Cagliari Calcio,brfgmt7r59lah9iyqicc95v6c,N. Pintus,Defender,23,,,,,,,,,,,,,,,,,,,,,,,,,,,,,,,,,,,,,,,,,,,,,,,,,,,,,,,,,,,,,,,,,,,,,,,,,,,,,,,,,,,,,,,,,,,,,,,,,,,,,,,,,,,,,,,,,,,,,,,,,,,,,,,,,,,,
Italy_Serie_A,2025-2026,Cagliari Calcio,akvrot9hi5mylunfr07nytt04,M. Prati,Midfielder,16,28,13,15,31,98,9,124,1,137,70,67,168,267,15,31,28,24,109,57,52,19,11,760,42,24,11,67,236,11,21,16,10,5,2,54,601,285,359,585,24,13,,,1809,11,58,29,8,195,799,639,37,160,1053,10,4,7,33,68,120,50,92,0,,198,,21,7,22,17,2,8,1,9,1,4,,1,,,1,1,3,14,21,3,5,,1,6,6,0,1,,,,,,,,,1,,,,,,,,,,,,,,,,,,,,,,,,,,,,,,
Italy_Serie_A,2025-2026,Cagliari Calcio,4y9swvi27eh7vyn48vbrdp9ed,B. Radunović,Goalkeeper,31,,,,,,,,,,,,,,,,,,,,,,,,,,,,,,,,,,,,,,,,,,,,,,,,,,,,,,,,,,,,,,,,,,,,,,,,,,,,,,,,,,,,,,,,,,,,,,,,,,,,,,,,,,,,,,,,,,,,,,,,,,,,,,,,,,,,
Italy_Serie_A,2025-2026,Cagliari Calcio,6bd8f7n398r2c92uve249rzmc,O. Raterink,Defender,18,,,,1,1,,1,,,,,,2,,1,,,,,,,,6,,,,,1,,,,1,,,,5,,5,5,,,,1,6,,,,,1,6,5,,1,7,,,,1,1,,1,,0,,2,,,,,,,,,,,,,,,,,,,,,,,,,,,,,,,,,,,,,,,,,,,,,,,,,,,,,,,,,,,,,,,,,,,
Italy_Serie_A,2025-2026,Cagliari Calcio,8f4dnhlapwc3zd9sz7a6pb651,M. Rog,Midfielder,20,,,,,,,,,,,,,,,,,,,,,,,,,,,,,,,,,,,,,,,,,,,,,,,,,,,,,,,,,,,,,,,,,,,,,,,,,,,,,,,,,,,,,,,,,,,,,,,,,,,,,,,,,,,,,,,,,,,,,,,,,,,,,,,,,,,,
Italy_Serie_A,2025-2026,Cagliari Calcio,1g4f5p7vqv0mhx9krh8ulq4gk,V. Sarno,Goalkeeper,34,,,,,,,,,,,,,,,,,,,,,,,,,,,,,,,,,,,,,,,,,,,,,,,,,,,,,,,,,,,,,,,,,,,,,,,,,,,,,,,,,,,,,,,,,,,,,,,,,,,,,,,,,,,,,,,,,,,,,,,,,,,,,,,,,,,,
Italy_Serie_A,2025-2026,Cagliari Calcio,3g1akjy7dpa6o8o3j5p69naad,A. Sherri,Goalkeeper,12,,,,,,,,,,,,,,,,,,,,,,,,,,,,,,,,,,,,,,,,,,,,,,,,,,,,,,,,,,,,,,,,,,,,,,,,,,,,,,,,,,,,,,,,,,,,,,,,,,,,,,,,,,,,,,,,,,,,,,,,,,,,,,,,,,,,
Italy_Serie_A,2025-2026,Cagliari Calcio,8kdamc6zz4bskby51c59uuntg,I. Sulemana,Midfielder,25,30,15,15,17,56,3,110,1,105,53,52,77,77,7,17,16,15,75,38,37,5,6,368,44,10,8,63,161,6,7,2,10,,,11,325,157,172,318,6,11,,2,861,21,15,12,9,87,373,329,17,44,519,2,2,11,5,9,27,19,35,0,1,79,,5,11,7,8,2,2,1,,1,1,,1,,1,1,2,,2,14,,,1,1,,2,1,0,,,,1,1,,,,,,,,,,,,,,,,,,,,,,,,,,,,,,,,,,
Italy_Serie_A,2025-2026,Cagliari Calcio,dopu8tviy0pe8u6b8y891ad5g,I. Sulev,Midfielder,38,,,,,,,,,,,,,,,,,,,,,,,,,,,,,,,,,,,,,,,,,,,,,,,,,,,,,,,,,,,,,,,,,,,,,,,,,,,,,,,,,,,,,,,,,,,,,,,,,,,,,,,,,,,,,,,,,,,,,,,,,,,,,,,,,,,,
Italy_Serie_A,2025-2026,Cagliari Calcio,3u1tcqp63naaiu72n47ekcgk,Y. Trepy,Forward,37,7,6,1,8,3,,11,3,17,10,7,32,5,,8,1,1,10,4,6,1,2,15,6,2,1,,3,2,,,8,2,1,,9,8,3,9,1,1,,3,83,3,1,1,2,17,15,9,2,6,49,5,3,,1,1,10,1,5,0,,4,2,2,2,4,13,,3,,3,1,,1,1,1,,,2,1,,,,,1,,2,,0,1,,,,,,,,,,,,,,,,,,,,,,,,,,,,,,,,,,,,,,,
Italy_Serie_A,2025-2026,Cagliari Calcio,7bcvk3jsssr5wkj8vgkng3tw4,A. Vinciguerra,Forward,22,,,,,,,,,,,,,,,,,,,,,,,,,,,,,,,,,,,,,,,,,,,,,,,,,,,,,,,,,,,,,,,,,,,,,,,,,,,,,,,,,,,,,,,,,,,,,,,,,,,,,,,,,,,,,,,,,,,,,,,,,,,,,,,,,,,,
Italy_Serie_A,2025-2026,Cagliari Calcio,13ey9mb0ullya36lpv62pspre,G. Zappa,Defender,28,22,11,11,29,89,1,190,5,100,52,48,180,346,9,29,25,20,78,41,37,16,8,763,117,25,13,47,71,11,16,8,13,11,11,27,646,299,389,650,11,16,8,96,1414,10,42,13,5,188,801,677,27,124,1110,22,21,8,21,44,108,38,80,0,1,295,,7,5,7,18,1,2,1,1,,5,,,,4,,,,8,5,,4,,,,2,,,1,,,,,,3,3,,,,,,,,,,,,,,,,,,,,,,,,,,,,,,,
Italy_Serie_A,2025-2026,Cagliari Calcio,e0gv5rugqtsipy89z4rk7hsoa,Zito Luvumbo,Forward,77,5,4,1,12,16,,43,2,48,24,24,81,11,,12,8,6,43,20,23,1,3,64,27,5,1,10,12,3,2,2,10,2,2,,49,40,12,50,1,1,,1,320,14,1,4,18,47,65,50,2,15,144,5,5,9,,,19,1,15,0,,26,,5,3,11,21,1,1,,,,2,,,,2,,6,,,6,,1,2,,,,,,1,,,,,,,,,,,,,,,,,,,,,,,,,,,,,,,,,,,,,,
Italy_Serie_A,2025-2026,Cagliari Calcio,1blngn7afc8verjkysdegb0tl,Zé Pedro,Defender,32,44,26,18,22,60,13,139,,144,76,68,63,343,15,22,25,22,100,50,50,20,2,864,88,22,15,54,174,3,19,8,3,,,30,747,222,554,746,15,16,28,54,1642,2,79,28,15,170,897,776,31,121,1211,4,4,2,21,59,83,42,62,0,1,320,,4,5,4,9,,1,4,,,3,,,,,,,,5,1,1,1,1,,,5,,,,,1,,1,,1,1,,,,,,,,,,,,,,,,,,,,,,,,,,,,,,,
Italy_Serie_A,2025-2026,Calcio Como 1907,685wka5xc8na423mirotcu238,J. Addai,Forward,42,3,1,2,12,56,1,99,6,86,50,36,167,37,7,12,6,6,83,49,34,3,7,166,62,14,4,24,10,7,7,6,5,2,1,4,123,92,34,120,4,2,,1,688,33,4,13,14,101,167,124,6,43,303,9,9,16,2,6,46,6,37,2,,64,2,5,14,11,35,1,2,,1,3,,3,2,1,,2,6,1,,1,1,2,,2,,4,0,3,1,,,,1,,,,,,,1,,,,,,,,,,,,,,,,,,,,,,,,,,,
Italy_Serie_A,2025-2026,Calcio Como 1907,eqb1f2x60q87wd2mok4z5jbl6,Iván Azón,Forward,90,,,,,,,,,,,,,,,,,,,,,,,,,,,,,,,,,,,,,,,,,,,,,,,,,,,,,,,,,,,,,,,,,,,,,,,,,,,,,,,,,,,,,,,,,,,,,,,,,,,,,,,,,,,,,,,,,,,,,,,,,,,,,,,,,,,,
Italy_Serie_A,2025-2026,Calcio Como 1907,7onr52be14is8cwcfd2k1i784,M. Baturina,Midfielder,20,15,9,6,28,184,2,285,3,182,93,89,504,151,5,28,16,13,167,84,83,5,56,787,139,34,15,82,333,59,16,11,12,29,12,12,693,508,228,695,7,12,1,8,1486,49,2,14,43,223,803,707,19,96,1137,46,16,21,4,9,118,24,87,1,1,135,,11,21,20,58,,8,1,43,6,3,6,5,1,1,5,9,14,,17,7,8,,1,22,,3,3,1,,,,3,,3,3,2,,,1,,,,,,,,,,,,,,,,,,,,,,,,,1,,
Italy_Serie_A,2025-2026,Calcio Como 1907,egpqejssqhnu4l7msepjd8xsk,L. Bonsignori Goggi,Midfielder,57,,,,,,,,,,,,,,,,,,,,,,,,,,,,,,,,,,,,,,,,,,,,,,,,,,,,,,,,,,,,,,,,,,,,,,,,,,,,,,,,,,,,,,,,,,,,,,,,,,,,,,,,,,,,,,,,,,,,,,,,,,,,,,,,,,,,
Italy_Serie_A,2025-2026,Calcio Como 1907,r0hm6ahwcvdu57bgfi5zkslx,J. Butez,Goalkeeper,1,15,1,14,37,,,268,,23,2,21,,664,,37,28,22,8,1,7,1,2,1075,168,1,,387,310,3,37,,,,,231,914,108,957,834,,2,,,3330,,45,,9,251,1308,1065,2,243,1691,,,,118,230,177,66,13,0,,334,,,1,,,,,19,,,6,,,,,,,,45,,,1,,,,3,,,,,1,,4,26,1,1,,,,,,,,,,,266,111,,25,,35,5,1,12,88,59,26,1,1,19,,3,5,,,1
Italy_Serie_A,2025-2026,Calcio Como 1907,79dz7zni5fcgh5e70spoj2j8p,M. Caqueret,Midfielder,6,20,10,10,29,136,3,231,7,175,95,80,358,261,21,29,10,7,155,85,70,13,19,861,94,26,13,66,307,24,17,16,12,9,5,12,754,488,304,771,12,22,3,4,1461,42,4,26,22,219,890,783,34,107,1168,25,13,14,5,14,113,19,93,0,,186,2,8,17,12,41,1,6,,19,2,3,2,1,,2,2,4,5,1,37,9,3,1,1,9,3,1,1,2,,1,1,1,,1,5,1,,1,1,,,,,,,,,,,,,,,,,,,,,,,,,,,
Italy_Serie_A,2025-2026,Calcio Como 1907,bvfk0bppn0h0smo7s6qfhd4pg,R. Cassano,Midfielder,49,,,,,,,,,,,,,,,,,,,,,,,,,,,,,,,,,,,,,,,,,,,,,,,,,,,,,,,,,,,,,,,,,,,,,,,,,,,,,,,,,,,,,,,,,,,,,,,,,,,,,,,,,,,,,,,,,,,,,,,,,,,,,,,,,,,,
Italy_Serie_A,2025-2026,Calcio Como 1907,95970d8pyp4eg8h6c0e7jr23u,N. Čavlina,Goalkeeper,44,,,,,,,,,,,,,,,,,,,,,,,,,,,,,,,,,,,,,,,,,,,,,,,,,,,,,,,,,,,,,,,,,,,,,,,,,,,,,,,,,,,,,,,,,,,,,,,,,,,,,,,,,,,,,,,,,,,,,,,,,,,,,,,,,,,,
Italy_Serie_A,2025-2026,Calcio Como 1907,209wrczpg1xivjis7rmntw0r9,A. Cerri,Forward,99,,,,,,,,,,,,,,,,,,,,,,,,,,,,,,,,,,,,,,,,,,,,,,,,,,,,,,,,,,,,,,,,,,,,,,,,,,,,,,,,,,,,,,,,,,,,,,,,,,,,,,,,,,,,,,,,,,,,,,,,,,,,,,,,,,,,
Italy_Serie_A,2025-2026,Calcio Como 1907,7dnu1vdavskc4ct33k88lpdcl,P. Cutrone,Forward,63,30,20,10,15,42,2,56,7,79,44,35,173,44,4,15,11,8,49,24,25,3,3,173,29,14,1,21,57,3,11,10,4,,,1,113,87,28,114,5,1,,1,891,13,7,7,16,119,175,115,6,60,330,12,12,8,1,7,63,9,53,0,1,32,8,10,4,17,39,2,8,,,1,3,,1,,1,1,7,,1,10,,2,5,1,,,1,0,,,,,1,,,,,,,,,,,,,,,,,,,,,,,,,,,,,,,,,,
Italy_Serie_A,2025-2026,Calcio Como 1907,6hrvw3cddp5c6jgle4vc3wob8,C. De Paoli,Defender,56,,,,,,,,,,,,,,,,,,,,,,,,,,,,,,,,,,,,,,,,,,,,,,,,,,,,,,,,,,,,,,,,,,,,,,,,,,,,,,,,,,,,,,,,,,,,,,,,,,,,,,,,,,,,,,,,,,,,,,,,,,,,,,,,,,,,
Italy_Serie_A,2025-2026,Calcio Como 1907,13uxs8820y7mi31fsw1i0qxw4,A. Diao,Forward,38,25,17,8,16,120,1,165,15,185,99,86,324,53,8,16,10,7,160,82,78,4,7,294,96,32,12,34,65,8,12,10,4,3,3,5,232,194,47,233,10,5,,12,1001,65,7,15,37,180,300,238,15,62,593,24,24,40,1,3,76,10,59,1,,62,2,6,27,15,51,,11,2,,2,3,2,2,1,4,,9,,1,13,2,2,3,1,,2,1,1,1,1,,,,,,1,,,,,,,,,,,,,,,,,,,,,,,,,,,,,,,
Italy_Serie_A,2025-2026,Calcio Como 1907,cot71zatz9vm1hyzp5ecqhvpx,Diego Carlos,Defender,34,82,34,48,27,67,17,216,,159,74,85,27,359,15,27,15,12,77,40,37,22,2,1259,96,7,5,60,464,2,21,5,6,,,58,1166,339,887,1168,13,17,,3,1948,2,120,39,7,110,1321,1226,30,95,1585,2,2,,17,50,67,30,45,1,,431,2,6,,8,15,,,7,,1,3,,1,,,1,2,,7,,,,1,1,,8,1,0,,,,1,2,3,,,,,,,,,,,,,30,30,,,,,,,,,,,,,,,,,,,
Italy_Serie_A,2025-2026,Calcio Como 1907,2fbg7v69wyis2his47u8ij4rt,A. Dossena,Defender,4,24,9,15,10,22,8,74,1,60,24,36,14,109,3,10,11,10,36,15,21,7,1,382,50,4,3,25,132,2,8,,2,,,17,337,109,247,339,2,11,,,738,,33,10,7,55,403,356,13,47,499,,,,7,23,34,13,24,0,,140,2,3,1,5,10,,1,2,,,1,,,,,,2,,4,1,,1,1,,,5,,,,,,,1,,1,1,,,,,,,,,,,4,4,,,,,,,,,,,,,,,,,,,
Italy_Serie_A,2025-2026,Calcio Como 1907,1p0xp2onnys7jlru55vfgf1pm,T. Douvikas,Forward,11,71,40,31,37,100,4,121,14,234,137,97,338,62,7,37,19,16,163,97,66,4,22,283,60,16,5,29,93,23,24,16,13,,,9,214,175,70,236,3,10,,,2196,60,14,35,40,214,314,245,13,69,660,4,4,20,2,4,60,13,65,5,2,59,7,18,13,46,120,8,16,5,,13,3,11,13,2,2,9,28,,,26,2,2,11,12,,,8,5,5,2,,,2,,,1,,,1,,1,1,,,,,,,,,,,,,,,,,,,,,,,,,
Italy_Serie_A,2025-2026,Calcio Como 1907,7jssa0kt7p97akgi41umce85x,A. Gabrielloni,Forward,9,,,,,,,,,,,,,,,,,,,,,,,,,,,,,,,,,,,,,,,,,,,,,,,,,,,,,,,,,,,,,,,,,,,,,,,,,,,,,,,,,,,,,,,,,,,,,,,,,,,,,,,,,,,,,,,,,,,,,,,,,,,,,,,,,,,,
Italy_Serie_A,2025-2026,Calcio Como 1907,7yeax9s2rpt3xuace2b77xgid,E. Goldaniga,Defender,5,1,,1,2,1,1,3,,1,,1,,2,,2,,,,,,,,18,2,,,,6,,,,2,,,,18,5,13,18,,,1,,14,,1,,,1,18,18,,,21,,,,,,,,,0,,9,,,,,,,,,,,,,,,,,,,,,,,,,,,,,,,,,,,,,,,,,,,,,,,,,,,,,,,,,,,,,,,,,,,
Italy_Serie_A,2025-2026,Calcio Como 1907,7olet3uk7908hwuone5k4hqtw,Henrique Menke,Goalkeeper,12,,,,,,,,,,,,,,,,,,,,,,,,,,,,,,,,,,,,,,,,,,,,,,,,,,,,,,,,,,,,,,,,,,,,,,,,,,,,,,,,,,,,,,,,,,,,,,,,,,,,,,,,,,,,,,,,,,,,,,,,,,,,,,,,,,,,
Italy_Serie_A,2025-2026,Calcio Como 1907,djpsc1fvcnrh61c071t00gmad,M. Kempf,Defender,2,134,45,89,33,102,19,350,2,217,89,128,102,451,9,33,19,15,83,44,39,13,7,1575,200,16,9,87,720,8,26,5,7,,,40,1405,540,954,1454,9,10,1,3,2233,8,135,26,18,204,1666,1494,19,172,1985,,,4,24,68,130,42,104,1,,393,,11,2,17,39,,4,11,,4,4,,4,1,,,6,,4,,,2,2,4,,3,3,1,,3,,1,3,,,1,,,,,,,,,,,36,36,,,,,,,,,,,,,,,,,,,
Italy_Serie_A,2025-2026,Calcio Como 1907,12aiyv96y3vl94r227c1xnld5,N. Kühn,Forward,19,12,9,3,23,76,,120,3,73,45,28,184,47,1,23,6,4,61,36,25,5,10,217,65,12,5,24,9,11,6,6,17,4,4,4,178,148,34,174,7,6,,3,655,19,,6,2,88,217,178,13,39,327,10,10,9,1,5,44,5,34,0,,85,3,2,10,5,29,2,3,,,1,2,1,1,1,2,,3,,1,2,1,1,1,,,,1,0,,,,,,,1,1,,,,,,,,,,,,,,,,,,,,,,,,,,,,,,,
Italy_Serie_A,2025-2026,Calcio Como 1907,6mworg0saiu0e3pfg8sqopo2c,A. Lahdo,Midfielder,15,,,,,,,,,,,,,,,,,,,,,,,,,,,,,,,,,,,,,,,,,,,,,,,,,,,,,,,,,,,,,,,,,,,,,,,,,,,,,,,,,,,,,,,,,,,,,,,,,,,,,,,,,,,,,,,,,,,,,,,,,,,,,,,,,,,,
Italy_Serie_A,2025-2026,Calcio Como 1907,5ih8grs0s0m9lul2egvs95yc4,A. Le Borgne,Midfielder,55,,,,1,,,,,,,,,,,1,,,,,,,,1,,,,,1,,,,1,,,,1,,1,1,,,,,1,,,,,1,1,1,,,2,,,,,,,,,0,,,,,,,,,,,,,,,,,,,,,,,,,,,,,,,,,,,,,,,,,,,,,,,,,,,,,,,,,,,,,,,,,,,,,
Italy_Serie_A,2025-2026,Calcio Como 1907,46kq5653o302ebz4o5yzsss0l,Álvaro Morata,Forward,7,35,19,16,25,67,,55,9,124,59,65,175,25,7,25,6,4,89,40,49,1,9,211,26,16,8,19,85,10,9,8,16,3,3,10,155,111,63,161,4,10,,1,915,18,8,16,33,104,228,171,14,57,387,6,6,4,1,4,49,14,53,0,,51,8,11,2,19,49,7,4,,,,2,,,,,,8,,1,32,,1,8,,,2,,,,,,,1,,,1,1,,1,,1,,,1,,,,,,,1,,,,,,,,,,,,,,,,
Italy_Serie_A,2025-2026,Calcio Como 1907,e3fgsuh8gm0zd6g3ihn1otzpw,F. Jack,Defender,15,,,,,,,,,,,,,,,,,,,,,,,,,,,,,,,,,,,,,,,,,,,,,,,,,,,,,,,,,,,,,,,,,,,,,,,,,,,,,,,,,,,,,,,,,,,,,,,,,,,,,,,,,,,,,,,,,,,,,,,,,,,,,,,,,,,,
Italy_Serie_A,2025-2026,Calcio Como 1907,a3w1uczgmswm3cwk4vmvoglhx,Alberto Moreno,Defender,18,21,10,11,18,107,1,129,9,82,41,41,222,189,11,18,8,7,61,31,30,6,14,654,67,20,11,40,269,15,12,5,6,7,7,26,588,319,293,579,9,11,12,90,1158,11,32,16,9,128,671,605,20,66,940,26,26,5,7,21,73,19,45,1,,106,3,4,1,8,18,,3,5,,2,1,2,2,1,,,4,,5,4,1,2,2,2,,3,2,0,1,1,,,2,,1,1,,,1,,,,,,,,,,,,,,,,,,,,,,,,,,,,
Italy_Serie_A,2025-2026,Calcio Como 1907,9i6hs8toyjwrh7ub04vow8wes,N. Paz,Midfielder,10,52,23,29,35,280,3,446,30,439,209,230,806,362,33,35,27,21,387,186,201,28,45,1368,242,64,35,138,290,51,33,11,2,14,6,30,1131,774,394,1124,36,55,,4,2882,101,13,53,41,482,1394,1154,91,240,2123,49,26,56,1,30,234,55,210,1,4,462,,38,69,86,90,4,35,10,24,12,6,11,7,11,11,,48,5,1,106,17,13,3,4,11,5,6,6,4,1,,,4,1,6,6,12,1,1,5,2,,,,1,1,,,,,,,,,,,,,,,,,,,,,
Italy_Serie_A,2025-2026,Calcio Como 1907,6d36zn3fr35yhj70yx5n445qs,M. Perrone,Midfielder,23,23,11,12,35,255,3,368,4,209,110,99,388,461,30,35,20,16,186,99,87,22,26,2057,165,45,21,128,697,30,32,12,3,3,3,69,1874,999,930,1857,19,37,,2,2658,30,26,40,22,259,2111,1926,56,185,2418,7,7,8,10,32,135,57,153,1,,698,1,5,9,14,29,4,4,13,3,3,4,3,2,2,2,1,9,,3,52,11,4,3,1,,8,1,2,,,,1,3,1,3,4,,1,,1,,,,,,,,,,,,,,,,,,,,,,,,,2,,
Italy_Serie_A,2025-2026,Calcio Como 1907,1po7tmdv73zfjentt0p20wdlh,S. Posch,Defender,27,19,11,8,14,53,1,67,1,53,26,27,92,83,6,14,3,3,34,15,19,4,2,234,34,19,6,18,31,2,3,2,11,3,3,9,188,93,106,187,9,3,8,43,385,4,15,9,6,70,242,196,12,46,379,8,8,,11,19,41,13,27,1,,75,,4,1,7,11,,1,,,1,,,1,,,,3,,2,1,,,,1,,1,1,0,,1,,,,,,,,,,,,,,,,,,,,,,,,,,,,,,,,,,,,,
Italy_Serie_A,2025-2026,Calcio Como 1907,2b1aq7e51fjbukd3muxfthd78,Jacobo Ramón,Defender,14,163,56,107,31,104,17,445,5,291,116,175,194,697,20,31,23,17,128,60,68,36,11,1973,278,18,11,113,436,11,29,1,2,2,2,66,1794,711,1155,1798,20,29,1,9,2653,14,117,32,12,221,2043,1864,49,179,2436,8,8,5,31,65,126,61,114,0,2,806,,19,7,28,61,,10,14,,2,6,,2,,,1,9,,10,1,1,1,9,2,,11,0,2,,1,,,4,,,,,,,,,,1,1,,,14,14,,,,,,,,,,,,,,,,,,,
Italy_Serie_A,2025-2026,Calcio Como 1907,4q6kuikopbgls8y2rwqiu415h,Sergi Roberto,Midfielder,8,10,5,5,19,78,1,90,2,56,31,25,85,92,7,19,7,4,46,26,20,5,8,410,41,9,3,22,139,8,5,5,14,3,3,7,377,192,204,386,1,6,,2,526,11,9,9,9,54,426,393,7,33,508,,,4,1,5,25,8,28,0,,117,,4,4,6,7,1,1,,1,,3,,,,,,2,,,11,,,2,,,3,,,,,,,1,1,,,,1,,,,,,,,,,,,,,,,,,,,,,,,,,,,,
Italy_Serie_A,2025-2026,Calcio Como 1907,30ed2aojjzmqigq6vkcrzc8pg,Jesús Rodríguez,Forward,17,24,11,13,30,114,,336,16,232,125,107,508,89,13,30,11,8,208,114,94,5,27,433,205,33,12,68,206,35,17,13,13,10,5,7,342,267,89,339,7,17,,6,1670,85,10,22,30,289,437,346,24,91,857,44,43,56,2,5,119,16,86,1,,28,3,24,40,35,126,1,9,,8,1,3,1,1,,11,1,11,5,,12,2,10,3,1,1,2,1,0,2,,,1,2,,6,8,,,,,,,1,1,,,,,,,,,,,,,,,,,,,,,,,
Italy_Serie_A,2025-2026,Calcio Como 1907,94qw1jp87gqyvae89n11z05ey,I. Smolčić,Defender,28,45,21,24,27,142,9,123,5,143,63,80,251,313,11,27,9,7,98,42,56,23,13,797,64,30,15,51,71,14,18,11,9,6,6,31,689,362,362,687,13,25,24,109,1575,4,42,25,17,179,826,718,38,108,1194,23,23,1,21,38,87,44,70,0,,300,,5,1,9,25,1,3,5,,,2,,,,,,4,,6,2,1,1,1,,,8,,,1,,,,2,,1,1,,,,,,,,,,,1,1,,,,,,,,,,,,,,,,,,,
Italy_Serie_A,2025-2026,Calcio Como 1907,4cytj4f9uirlo8vb8mcsv6v6y,N. Törnqvist,Goalkeeper,21,,,,,,,,,,,,,,,,,,,,,,,,,,,,,,,,,,,,,,,,,,,,,,,,,,,,,,,,,,,,,,,,,,,,,,,,,,,,,,,,,,,,,,,,,,,,,,,,,,,,,,,,,,,,,,,,,,,,,,,,,,,,,,,,,,,,
Italy_Serie_A,2025-2026,Calcio Como 1907,54foi544tygbd4sfx62t7wno,Álex Valle,Defender,3,34,16,18,28,190,7,207,9,184,91,93,355,375,14,28,17,14,150,75,75,23,10,987,108,42,21,60,366,14,23,5,5,11,11,22,830,479,388,834,20,31,13,153,2025,21,52,34,19,259,1013,856,51,157,1525,35,35,14,20,40,141,51,117,0,,82,1,5,5,7,32,,4,10,,1,3,1,1,,1,1,2,,6,9,3,3,,1,,3,1,0,2,,,,2,1,2,4,,1,,,,,,,,,,,,,,,,,,,,,,,,,,,,,
Italy_Serie_A,2025-2026,Calcio Como 1907,3pba28sk4auqjp27jfssfvvxm,I. Van der Brempt,Defender,77,23,12,11,19,105,,125,7,108,48,60,195,156,11,19,10,7,85,36,49,8,4,453,71,28,12,42,48,5,11,7,8,2,2,11,386,195,199,381,15,13,11,81,916,12,19,19,15,133,459,392,28,67,725,9,9,9,9,19,61,15,48,0,,150,,2,6,2,17,,1,1,,,3,,,,3,,,,2,2,4,1,,,,2,,,2,,,,1,,,1,,,,,,,,,,,,,,,,,,,,,,,,,,,,,,,
Italy_Serie_A,2025-2026,Calcio Como 1907,c7b2gexssr0uthfxk3xfvb7bp,M. Vigorito,Goalkeeper,22,,,,,,,,,,,,,,,,,,,,,,,,,,,,,,,,,,,,,,,,,,,,,,,,,,,,,,,,,,,,,,,,,,,,,,,,,,,,,,,,,,,,,,,,,,,,,,,,,,,,,,,,,,,,,,,,,,,,,,,,,,,,,,,,,,,,
Italy_Serie_A,2025-2026,Calcio Como 1907,16kv5p8we3pwqpt5ktwrb7mj9,M. Vojvoda,Defender,31,23,13,10,29,169,2,201,5,115,67,48,403,199,7,29,14,12,92,54,38,14,27,731,97,32,11,61,82,29,19,15,10,19,16,20,611,371,275,607,9,4,4,68,1585,28,23,15,12,225,747,627,13,120,1080,46,41,8,4,18,137,29,102,1,1,297,5,9,13,16,53,1,2,3,14,2,2,2,2,1,2,1,7,3,2,5,1,4,2,1,5,2,1,1,,,,,2,,1,2,,,,,,,,,,,,,,,,,,,,,,,,,,,,,,,
Italy_Serie_A,2025-2026,Calcio Como 1907,92vjurxjnipl210yanki2oz8q,L. da Cunha,Midfielder,33,40,23,17,35,320,1,404,16,239,124,115,581,437,18,35,23,19,199,101,98,16,40,1831,185,41,19,164,592,44,30,13,5,33,13,60,1648,977,790,1674,26,31,,9,2658,39,16,34,19,324,1922,1734,57,188,2337,63,28,11,17,48,207,44,140,2,2,573,1,14,22,28,49,1,8,10,53,4,4,1,3,4,,,14,12,5,42,4,10,6,3,21,4,3,1,1,,,,4,,4,4,1,,,1,3,3,,,,,,,,,,,,,,,,,,,,,,,,,
Italy_Serie_A,2025-2026,FC Internazionale Milano,ujb2hkujcnwnyrbsgk3ilmtx,F. Acerbi,Defender,15,62,19,43,17,59,15,152,1,103,36,67,43,171,7,17,17,14,41,17,24,18,3,853,71,10,4,43,335,3,14,3,3,2,2,20,810,239,597,814,3,7,2,1,1289,,88,16,13,55,878,834,10,44,1062,,,,16,21,27,17,23,0,1,313,3,2,1,3,11,,,6,,,3,,,,,,1,,1,1,,,1,,,3,,,1,,,,3,1,,,,,,,,,,,,,7,7,,,,,,,,,,,,,,,,,,,
Italy_Serie_A,2025-2026,FC Internazionale Milano,almf0gtdjmsdm5zhyot1hvydx,M. Akanji,Defender,25,95,44,51,33,164,13,417,3,202,85,117,249,585,13,33,26,24,107,41,66,37,7,2049,242,27,12,129,489,7,31,1,2,2,2,92,1884,866,1077,1849,26,22,5,50,2820,5,105,26,18,192,2107,1941,48,166,2489,1,1,1,19,49,110,57,117,0,,869,2,13,1,19,34,,4,15,,2,2,,2,,1,,6,,15,4,2,1,1,2,,4,0,2,,2,3,,3,,,,,,,,,,,,,,1,1,,,,,,,,,,,,,,,,,,,
Italy_Serie_A,2025-2026,FC Internazionale Milano,4b5ijn06hsd3lyd53wr1vw8ic,C. Alexiou,Defender,51,,,,,,,,,,,,,,,,,,,,,,,,,,,,,,,,,,,,,,,,,,,,,,,,,,,,,,,,,,,,,,,,,,,,,,,,,,,,,,,,,,,,,,,,,,,,,,,,,,,,,,,,,,,,,,,,,,,,,,,,,,,,,,,,,,,,
Italy_Serie_A,2025-2026,FC Internazionale Milano,ahgd3on22t4h7gg9ipnj1itw5,N. Barella,Midfielder,23,34,21,13,33,242,3,418,22,228,116,112,834,483,22,33,22,20,194,95,99,9,63,1706,230,67,23,161,312,70,30,19,3,37,23,73,1461,1003,513,1406,25,28,,9,2479,44,10,33,21,399,1724,1479,53,245,2162,65,47,25,8,58,273,37,187,0,1,687,4,18,25,23,83,,12,5,32,3,2,3,3,1,3,2,5,15,1,35,8,14,3,2,16,7,3,0,4,,,,3,,7,8,2,,,,,,,,,,,,,,,,,,,,,,,,,,,,1,,
Italy_Serie_A,2025-2026,FC Internazionale Milano,q6ns1fyw7w10xkkubh8etfc9,A. Bastoni,Defender,95,81,29,52,28,182,6,374,21,219,90,129,519,598,25,28,21,17,138,61,77,23,21,1740,234,49,16,100,768,25,28,12,,23,23,110,1514,792,849,1508,12,39,38,122,2249,7,80,45,20,367,1850,1618,51,232,2397,62,62,4,46,107,245,49,125,1,2,302,,6,6,14,33,,3,8,,1,4,,1,,3,,8,,18,3,2,7,3,,,6,1,0,1,1,,,2,,4,4,,,,,,,,,,,30,34,,4,,,,,,,,,,,,,,,,,
Italy_Serie_A,2025-2026,FC Internazionale Milano,x7d6pwly28lq1s2xi53gqnmc,T. Berenbruch,Midfielder,44,,,,,,,,,,,,,,,,,,,,,,,,,,,,,,,,,,,,,,,,,,,,,,,,,,,,,,,,,,,,,,,,,,,,,,,,,,,,,,,,,,,,,,,,,,,,,,,,,,,,,,,,,,,,,,,,,,,,,,,,,,,,,,,,,,,,
Italy_Serie_A,2025-2026,FC Internazionale Milano,280fh7f5q9lud8lk8reyu7fxm,Y. Bisseck,Defender,31,59,20,39,22,129,5,266,4,145,57,88,254,357,11,22,16,14,86,37,49,20,7,1211,141,26,11,68,278,8,20,2,2,2,2,23,1121,495,657,1127,8,18,12,58,1832,11,72,20,16,141,1242,1150,26,92,1578,11,11,4,19,30,84,19,62,1,1,478,3,5,8,17,35,,8,9,,3,2,1,3,1,1,,12,,6,,,,3,2,,2,0,3,1,2,,,2,,,1,,,,,,,,,,,,,,,,,,,,,,,,,,,,,1,,
Italy_Serie_A,2025-2026,FC Internazionale Milano,ejbp3sxls7lgrg6y3a9q4u978,A. Bonny,Forward,14,27,16,11,31,101,,108,10,155,88,67,239,46,8,31,11,10,128,72,56,1,13,244,58,21,3,28,62,17,9,8,22,1,1,5,191,141,52,187,6,10,,,1029,53,4,16,21,144,245,192,16,53,465,3,3,15,,,43,13,53,2,,36,9,7,19,16,72,5,5,,,5,1,5,5,1,,3,9,,1,24,,7,2,4,,1,4,1,,1,,1,2,,4,4,,,1,,,,,,,,,,,,,,,,,,,,,,,,,,,,
Italy_Serie_A,2025-2026,FC Internazionale Milano,8entz804dg4jyxvpo1g3uuj2s,L. Bovo,Midfielder,45,,,,,,,,,,,,,,,,,,,,,,,,,,,,,,,,,,,,,,,,,,,,,,,,,,,,,,,,,,,,,,,,,,,,,,,,,,,,,,,,,,,,,,,,,,,,,,,,,,,,,,,,,,,,,,,,,,,,,,,,,,,,,,,,,,,,
Italy_Serie_A,2025-2026,FC Internazionale Milano,2ymde9vw7jtox06b3qp2dtus4,A. Calligaris,Goalkeeper,40,,,,,,,,,,,,,,,,,,,,,,,,,,,,,,,,,,,,,,,,,,,,,,,,,,,,,,,,,,,,,,,,,,,,,,,,,,,,,,,,,,,,,,,,,,,,,,,,,,,,,,,,,,,,,,,,,,,,,,,,,,,,,,,,,,,,
Italy_Serie_A,2025-2026,FC Internazionale Milano,4d17grk2qflzake218uz76uei,Carlos Augusto,Defender,30,84,24,60,32,169,8,201,7,177,66,111,294,281,11,32,15,13,93,42,51,16,10,987,107,22,6,56,383,11,16,6,16,9,9,18,877,441,469,883,14,21,16,68,1573,14,57,26,11,196,1012,901,35,111,1366,34,34,6,26,34,113,32,77,0,,179,,7,6,12,42,,4,5,,1,2,1,1,1,1,,5,,4,4,1,1,2,1,,6,1,0,2,,,1,2,1,1,1,,1,,,,,,,,,7,8,,1,,,,,,,,,,,,,,,,,
Italy_Serie_A,2025-2026,FC Internazionale Milano,atuelrskb8akyh9076gar89p0,S. Cinquegrano,Defender,50,,,,,,,,,,,,,,,,,,,,,,,,,,,,,,,,,,,,,,,,,,,,,,,,,,,,,,,,,,,,,,,,,,,,,,,,,,,,,,,,,,,,,,,,,,,,,,,,,,,,,,,,,,,,,,,,,,,,,,,,,,,,,,,,,,,,
Italy_Serie_A,2025-2026,FC Internazionale Milano,8da81i7cgi0kkx9kmnttbnh90,M. Cocchi,Defender,43,,,,,,,,,,,,,,,,,,,,,,,,,,,,,,,,,,,,,,,,,,,,,,,,,,,,,,,,,,,,,,,,,,,,,,,,,,,,,,,,,,,,,,,,,,,,,,,,,,,,,,,,,,,,,,,,,,,,,,,,,,,,,,,,,,,,
Italy_Serie_A,2025-2026,FC Internazionale Milano,asyzhp3qu95vmzdbau6nmoic5,M. Darmian,Defender,36,3,2,1,5,8,3,6,,9,5,4,38,25,1,5,5,4,6,3,3,1,,73,5,1,1,1,12,,1,1,4,,,1,68,44,24,67,,2,4,11,182,1,4,2,1,16,73,68,2,5,109,4,4,1,2,2,8,1,3,0,,28,1,,,,2,,,,,,1,,,,,,,,1,1,,,,,,,,,,,,,1,,,,,,,,,,,,,,,,,,,,,,,,,,,,,,,,,,
Italy_Serie_A,2025-2026,FC Internazionale Milano,1e95np0v66lmp2qysqq8f33rp,R. Di Gennaro,Goalkeeper,12,,,,,,,,,,,,,,,,,,,,,,,,,,,,,,,,,,,,,,,,,,,,,,,,,,,,,,,,,,,,,,,,,,,,,,,,,,,,,,,,,,,,,,,,,,,,,,,,,,,,,,,,,,,,,,,,,,,,,,,,,,,,,,,,,,,,
Italy_Serie_A,2025-2026,FC Internazionale Milano,19856wqwrmzmvfw9thf0tzrv9,F. Dimarco,Defender,32,14,12,2,33,334,4,212,48,168,87,81,1017,432,28,33,23,21,154,75,79,30,76,1366,129,66,12,123,556,91,29,9,4,94,48,37,1130,865,387,1121,18,32,2,96,2624,17,28,40,22,480,1394,1158,50,236,2110,191,120,7,28,58,356,71,178,2,2,72,5,24,7,44,96,,19,11,119,6,2,5,5,5,2,1,20,42,5,15,3,33,9,3,65,3,5,1,2,,,,3,1,16,17,5,1,,1,,,,,,,,,,,,,,,,,,,,,,,,,,,
Italy_Serie_A,2025-2026,FC Internazionale Milano,3hpaoy4qzn5xp7qnzdrj1yvsa,A. Diouf,Midfielder,17,6,1,5,17,45,,76,6,52,27,25,115,31,1,17,2,2,46,26,20,1,10,162,42,10,5,18,19,10,2,1,15,1,1,2,137,99,39,135,6,5,,3,327,18,5,2,3,57,162,137,11,25,242,4,4,8,,1,24,5,24,0,,67,1,1,6,3,31,2,3,1,,,,,,,1,,2,,,5,,1,,,,1,,,,,,,,,,,,,,,,,,,,,,,,,,,,,,,,,,,,,,,1,,
Italy_Serie_A,2025-2026,FC Internazionale Milano,2r6hs8npijvt4wekd059t6tx,D. Dumfries,Defender,2,54,24,30,20,127,,72,11,131,66,65,299,89,8,20,14,12,77,42,35,7,12,374,42,18,6,35,18,13,15,7,5,5,5,3,299,184,123,299,7,9,18,55,1327,19,21,20,13,171,377,302,16,75,658,29,29,12,3,9,89,15,66,1,1,143,2,11,6,16,73,1,7,4,,3,2,1,3,1,4,1,5,,1,4,,1,5,2,,2,1,2,4,1,,1,3,,1,1,,,,,,,,,,,,,,,,,,,,,,,,,,,,,,,
Italy_Serie_A,2025-2026,FC Internazionale Milano,1v6nfd46wx11jbfertslccbo4,F. Esposito,Forward,94,78,37,41,33,90,2,75,14,193,99,94,316,79,6,33,14,13,115,62,53,5,18,335,41,21,10,30,96,21,14,10,19,,,9,244,183,69,243,2,5,,,1445,33,12,28,43,187,343,252,7,91,609,3,3,12,6,8,83,11,83,2,1,78,2,19,4,41,120,4,14,2,,6,1,5,6,2,,1,22,,,19,2,2,13,5,,1,4,2,3,3,,,1,,3,3,,,,,,,,,,,,,,,,,,,,,,,,,,,,,,,
Italy_Serie_A,2025-2026,FC Internazionale Milano,4qejyummzkrfllds8ord642qx,D. Frattesi,Midfielder,16,12,8,4,22,24,1,33,5,68,33,35,87,33,4,22,4,4,56,25,31,3,6,119,21,8,5,16,18,6,3,1,19,,,2,92,61,33,92,8,7,,,553,12,4,9,11,52,121,94,15,27,220,2,2,4,3,3,24,5,24,0,,46,2,9,5,13,36,2,3,1,,,,,,,,,4,,,7,,1,4,,,,,,,,,,,,,,,,,,,,,,,,,,,,,,,,,,,,,,,,,,,,
Italy_Serie_A,2025-2026,FC Internazionale Milano,3yqxkw0tqpoucur51ieh9xdrd,Josep Martínez,Goalkeeper,13,,,,4,,,17,,,,,,55,,4,1,1,,,,,,104,8,,,27,25,,4,,,,,9,94,4,109,104,,,,,360,,3,,,18,129,113,,16,156,,,,9,16,11,5,,0,,49,,,,,,,,3,,,,,,,,,,,4,,,,,,,,,,,,,,,1,,,,,,,,,,,,,25,19,,6,,,,,,9,3,6,,,3,,,,,,1
Italy_Serie_A,2025-2026,FC Internazionale Milano,c66v35hzeba7zolu5kgf4eoa2,I. Kaczmarski,Midfielder,57,,,,,,,,,,,,,,,,,,,,,,,,,,,,,,,,,,,,,,,,,,,,,,,,,,,,,,,,,,,,,,,,,,,,,,,,,,,,,,,,,,,,,,,,,,,,,,,,,,,,,,,,,,,,,,,,,,,,,,,,,,,,,,,,,,,,
Italy_Serie_A,2025-2026,FC Internazionale Milano,5s1avhcowegwbunhun2p9zfh0,I. Kamate,Midfielder,41,,,,,,,,,,,,,,,,,,,,,,,,,,,,,,,,,,,,,,,,,,,,,,,,,,,,,,,,,,,,,,,,,,,,,,,,,,,,,,,,,,,,,,,,,,,,,,,,,,,,,,,,,,,,,,,,,,,,,,,,,,,,,,,,,,,,
Italy_Serie_A,2025-2026,FC Internazionale Milano,7r2tgpdrr4v6n9d2gkzwmlazt,L. Martínez,Forward,10,51,27,24,28,164,,138,17,235,126,109,519,114,24,28,18,15,184,99,85,7,31,529,66,35,10,52,163,36,25,21,3,2,2,17,408,317,120,418,10,12,1,6,2049,53,18,43,44,255,557,435,22,122,956,14,14,22,1,10,115,21,112,11,3,116,8,29,20,66,151,6,22,,,17,3,12,17,5,4,8,37,,,45,3,12,15,13,,3,8,9,4,4,,,2,,4,6,,,,,,,,,,,,,,,,,,,,,,,,,,,,,,,
Italy_Serie_A,2025-2026,FC Internazionale Milano,bnb9oyy5jqyejf7zi16j01dec,M. Lavelli,Forward,53,2,2,,1,1,,1,1,2,2,,2,,,1,1,1,,,,,,,1,,,,,,,,1,,,,,,1,1,,,,,7,,,,,3,1,1,,,5,1,1,,,,1,,,0,,,,,,,,,,,,,,,,,,,,,,,,,,,,,,,,,,,,,,,,,,,,,,,,,,,,,,,,,,,,,,,,,,,,,
Italy_Serie_A,2025-2026,FC Internazionale Milano,7rfw6pyjslb3p5q7gmoj1ysmi,Luis Henrique,Forward,11,6,1,5,28,142,1,218,8,56,22,34,355,227,3,28,13,12,50,21,29,6,20,761,112,24,8,93,91,22,17,10,11,11,11,20,659,432,242,643,4,14,1,37,1496,15,15,5,,166,765,663,18,102,967,30,30,9,13,20,96,36,82,0,1,305,1,4,11,11,50,,4,4,1,1,1,1,1,,3,1,7,,3,2,1,5,2,,,1,0,1,1,,,,1,,1,2,,,,,,,,,,,,,,,,,,,,,,,,,,,,,,,
Italy_Serie_A,2025-2026,FC Internazionale Milano,21cq3sjfig3w6lxubd9uakavo,Y. Maye,Defender,49,,,,,,,,,,,,,,,,,,,,,,,,,,,,,,,,,,,,,,,,,,,,,,,,,,,,,,,,,,,,,,,,,,,,,,,,,,,,,,,,,,,,,,,,,,,,,,,,,,,,,,,,,,,,,,,,,,,,,,,,,,,,,,,,,,,,
Italy_Serie_A,2025-2026,FC Internazionale Milano,1xscywgyfqisqexmpfvbf9g45,H. Mkhitaryan,Midfielder,22,21,10,11,28,176,4,224,10,159,88,71,481,262,18,28,11,8,138,78,60,14,18,900,123,35,20,94,292,19,15,9,13,6,4,32,792,546,258,766,8,24,,7,1429,35,18,25,16,206,906,798,32,108,1203,34,28,14,4,13,115,27,95,1,4,176,3,16,12,27,71,,10,4,7,4,3,2,4,2,,1,11,2,,28,3,5,4,3,5,4,2,2,,1,,1,1,,1,1,1,,1,,,,,,,,,,,,,,,,,,,,,,,,,,,,
Italy_Serie_A,2025-2026,FC Internazionale Milano,dil15cwukfynxb6tehx9t7nys,M. Mosconi,Forward,48,,,,1,2,,2,,1,1,,2,1,,1,,,1,1,,,,5,2,,,,1,,,,1,,,,5,3,2,5,,,,,10,1,,,,1,5,5,,,7,,,,,,,,,0,,1,,1,,1,1,,,,,,,,,,,,,,,,,,,,,,,,,,,,,,,,,,,,,,,,,,,,,,,,,,,,,,,,,,,,,,
Italy_Serie_A,2025-2026,FC Internazionale Milano,yq0cm7vwr0tkv7nvt9vo77bp,B. Pavard,Defender,5,1,1,,1,6,2,13,1,4,2,2,6,26,1,1,,,3,1,2,2,1,84,4,2,,6,20,1,1,,,,,3,80,25,55,77,1,1,,2,90,,2,1,,4,84,80,2,4,96,,,,,2,2,2,2,0,,32,,,,1,2,,,1,,,,,,,,,1,,1,,,,,,,,,,,,,,,,,,,,,,,,,,,,,,,,,,,,,,,,,,,,,,,,
Italy_Serie_A,2025-2026,FC Internazionale Milano,bagn0ce4xunsiz3mezrtqx1p1,Y. Sommer,Goalkeeper,1,2,1,1,32,,,133,,5,2,3,,478,,32,30,26,3,1,2,,,812,61,,,202,239,,32,,,,,161,691,77,762,678,,,,,2880,,12,,2,192,1028,839,,189,1234,,,,107,185,130,59,4,0,,311,,,,,,,,15,,,4,,,,,,,,47,,,,,,,,,,,,,,4,8,,,,,,,,,,,,,213,134,,31,,10,4,,7,62,35,26,,3,7,,4,1,,,1
Italy_Serie_A,2025-2026,FC Internazionale Milano,dv1dsldp4pxi6d4e2dfjpoums,M. Spinaccè,Forward,47,,,,,,,,,,,,,,,,,,,,,,,,,,,,,,,,,,,,,,,,,,,,,,,,,,,,,,,,,,,,,,,,,,,,,,,,,,,,,,,,,,,,,,,,,,,,,,,,,,,,,,,,,,,,,,,,,,,,,,,,,,,,,,,,,,,,
Italy_Serie_A,2025-2026,FC Internazionale Milano,6u7iuum6kqfwb4pbw5lsoff56,P. Sučić,Midfielder,8,19,9,10,32,196,1,317,6,184,98,86,475,247,24,32,17,14,165,89,76,8,23,994,168,40,23,71,271,25,19,13,13,7,7,50,883,549,353,845,18,20,1,3,1601,41,18,27,23,208,1006,895,38,111,1292,20,16,19,11,28,105,26,83,0,,292,,9,15,14,63,3,6,4,3,2,3,2,1,1,1,1,5,,4,34,4,5,2,1,3,5,1,1,,,,,3,,2,2,,,,1,,,,,,,,,,,,,,,,,,,,,,,,,,,
Italy_Serie_A,2025-2026,FC Internazionale Milano,63q9ki4490j4nlleu0zwj1lhw,A. Taho,Goalkeeper,60,,,,,,,,,,,,,,,,,,,,,,,,,,,,,,,,,,,,,,,,,,,,,,,,,,,,,,,,,,,,,,,,,,,,,,,,,,,,,,,,,,,,,,,,,,,,,,,,,,,,,,,,,,,,,,,,,,,,,,,,,,,,,,,,,,,,
Italy_Serie_A,2025-2026,FC Internazionale Milano,66nvc8a4kd3cyeyj3i474cudx,M. Thuram,Forward,9,92,43,49,29,147,2,159,13,258,128,130,464,72,12,29,18,15,166,85,81,1,23,462,92,26,11,39,126,29,24,18,5,6,6,4,345,264,105,359,12,12,,,1913,41,10,43,41,236,480,363,24,117,831,15,15,11,,2,109,23,115,2,1,135,15,27,17,56,166,11,18,,,13,3,9,12,2,1,6,29,,,52,1,7,15,11,,2,7,6,7,4,,,3,,5,6,,,1,1,,,,,,,,,,,,,,,,,,,,,,,,,,1,
Italy_Serie_A,2025-2026,FC Internazionale Milano,b9ow6berfpggxkj6crdei9q1g,T. Palacios,Defender,42,,,,,,,,,,,,,,,,,,,,,,,,,,,,,,,,,,,,,,,,,,,,,,,,,,,,,,,,,,,,,,,,,,,,,,,,,,,,,,,,,,,,,,,,,,,,,,,,,,,,,,,,,,,,,,,,,,,,,,,,,,,,,,,,,,,,
Italy_Serie_A,2025-2026,FC Internazionale Milano,dmkbdjtuujxvp6y77ox6u9tzo,L. Topalović,Midfielder,58,,,,,,,,,,,,,,,,,,,,,,,,,,,,,,,,,,,,,,,,,,,,,,,,,,,,,,,,,,,,,,,,,,,,,,,,,,,,,,,,,,,,,,,,,,,,,,,,,,,,,,,,,,,,,,,,,,,,,,,,,,,,,,,,,,,,
Italy_Serie_A,2025-2026,FC Internazionale Milano,dpcws493fepch23sk26m1a8yd,P. Zieliński,Midfielder,7,21,9,12,32,169,3,419,8,124,50,74,434,351,12,32,22,20,103,41,62,5,26,1394,243,20,11,108,441,29,21,11,11,9,6,49,1286,837,490,1269,12,17,,1,1927,14,25,17,17,160,1426,1318,29,108,1649,15,11,7,10,27,100,23,81,1,1,465,,7,17,17,30,,11,3,6,6,2,4,1,3,1,3,10,3,1,27,,7,1,1,3,3,4,2,2,,,,2,,1,3,,,,5,1,1,,,,,,,,,,,,,,,,,,,,,,,,,
Italy_Serie_A,2025-2026,FC Internazionale Milano,by2gxuixij1eciu56k8mb3cgl,S. de Vrij,Defender,6,26,12,14,9,10,3,86,1,46,17,29,14,81,,9,4,3,20,5,15,4,1,350,47,5,3,20,125,1,6,2,3,,,10,329,151,185,326,3,8,,,500,1,27,4,4,23,357,336,11,21,428,,,1,4,7,18,3,14,0,,141,,2,1,4,8,,1,2,,,1,,,,,,2,,2,1,,,,,,1,,,,,2,,,,,,,,,,,,,,,,1,1,,,,,,,,,,,,,,,,,,,
Italy_Serie_A,2025-2026,FC Internazionale Milano,botfgp0oq4wqlwtcs9m90kded,H. Çalhanoğlu,Midfielder,20,23,10,13,22,136,6,300,10,125,62,63,449,346,21,22,16,14,102,52,50,16,37,1338,145,28,13,102,470,41,20,13,2,33,3,65,1211,768,526,1196,16,18,,4,1649,15,16,28,11,228,1391,1261,34,130,1710,53,18,9,24,46,153,30,84,1,1,439,,20,5,37,17,1,13,5,59,9,2,5,4,1,,8,17,26,4,17,4,7,1,4,28,7,6,3,1,,,,3,,4,4,4,,,5,5,4,,,,,,,,,,,,,,,,,,,,,,,,,
Italy_Serie_A,2025-2026,Genoa CFC,2bgqwwop0ppczzaigcu3j5no4,Alex Amorim,Midfielder,4,3,2,1,10,52,2,63,,68,28,40,51,59,4,10,7,6,65,26,39,7,9,239,27,14,6,27,68,9,5,5,5,4,1,13,203,99,118,200,7,7,,,484,8,6,7,18,64,249,213,14,36,356,11,8,2,5,14,32,15,22,0,,70,1,,7,,8,,2,,6,,1,,,,,,,3,,4,1,1,,,3,1,,,1,,,1,2,,,,,,,,,,,,,,,,,,,,,,,,,,,,,,,,,,
Italy_Serie_A,2025-2026,Genoa CFC,bk1gdyxtfp4drwb0yotwerbsa,T. Baldanzi,Midfielder,8,8,7,1,18,91,,123,2,96,50,46,227,72,5,18,8,6,88,43,45,6,13,338,58,13,8,41,73,15,8,8,10,5,3,8,296,201,109,297,9,7,,7,784,30,1,10,24,107,347,305,16,42,526,11,8,11,1,7,50,3,35,0,,111,2,8,5,15,30,,5,,4,1,2,1,1,,1,1,7,2,2,10,2,1,,1,2,2,0,1,2,,,,1,,1,2,,,,,,,,,,,,,,,,,,,,,,,,,,,,,,,
Italy_Serie_A,2025-2026,Genoa CFC,9pgr69ub37hmr76gwbfw7lhw5,J. Bijlow,Goalkeeper,16,8,,8,16,,,117,,9,1,8,,312,1,16,20,17,1,1,,,,499,67,,,106,142,,16,1,,,,88,402,59,397,368,,,,,1395,,14,1,1,156,609,456,,153,739,,,,93,153,131,22,,0,,155,,,,,,,,5,,,3,,,,,,,,29,,,,,,,1,,,,,,1,5,3,,,,,,,,,,,,,87,60,,26,,10,5,,10,45,33,11,,3,9,,,3,,,
Italy_Serie_A,2025-2026,Genoa CFC,6vz9qzgtbh3iqzv73xw2xaiok,V. Carboni,Midfielder,23,8,5,3,12,26,,58,1,69,37,32,93,38,6,12,4,4,61,32,29,2,4,128,28,11,8,25,14,4,3,3,9,,,4,105,74,34,104,6,8,,3,354,18,6,11,5,76,131,108,14,23,248,8,8,9,2,2,23,8,21,0,,53,,2,10,4,11,1,2,,,,,,,,5,,2,,,4,,,,,,2,,,1,,,1,1,,,,,,,,,,,,,,,,,,,,,,,,,,,,,,,,,,
Italy_Serie_A,2025-2026,Genoa CFC,46yp8iqh0qm7i75d98tfrsbxm,L. Colombo,Forward,29,184,124,60,37,120,2,160,14,390,245,145,407,93,12,37,31,27,206,121,85,1,17,448,68,32,16,53,100,18,29,28,8,1,1,5,310,215,108,317,6,12,,1,2256,78,20,40,53,315,460,322,18,138,907,14,14,30,,10,118,34,128,2,1,147,1,25,19,52,110,9,13,,,7,4,5,6,6,5,1,27,,,40,6,1,11,5,,2,5,2,4,,,1,3,,1,1,,,1,1,2,1,,,,,,,,,,,,,,,,,,,,,,,,,
Italy_Serie_A,2025-2026,Genoa CFC,f2pknjv2uohldehbp39j0so2d,M. Cornet,Forward,70,7,4,3,8,14,,15,5,25,15,10,46,6,2,8,5,5,18,11,7,,6,40,9,4,1,4,14,6,1,1,7,2,1,,31,26,7,31,2,4,,2,112,6,1,6,1,27,40,31,6,9,78,11,10,3,3,3,18,2,6,0,,6,1,1,,3,9,,1,,2,,,,,,,,2,1,,1,,,2,,1,,,,,,,1,2,,,,,,,,1,,,,,,,,,,,,,,,,,,,,,,,,,,
Italy_Serie_A,2025-2026,Genoa CFC,8srykssgtk4opuabiet4ahpn8,H. Cuenca,Midfielder,30,,,,,,,,,,,,,,,,,,,,,,,,,,,,,,,,,,,,,,,,,,,,,,,,,,,,,,,,,,,,,,,,,,,,,,,,,,,,,,,,,,,,,,,,,,,,,,,,,,,,,,,,,,,,,,,,,,,,,,,,,,,,,,,,,,,,
Italy_Serie_A,2025-2026,Genoa CFC,e2nl0jjsqnehxymrwe3vzv7dg,M. Doucouré,Defender,74,,,,1,3,,1,,1,1,,3,2,,1,,,1,1,,,,9,1,,,,1,,,,1,,,1,9,4,5,8,,,,,8,1,,,,1,9,9,,,10,,,,,,,,,0,,3,,,,,,,,,,,,,,,,,,,,,,,,,,,,,,,,,,,,,,,,,,,,,,,,,,,,,,,,,,,,,,,,,,,
Italy_Serie_A,2025-2026,Genoa CFC,bf41pexjnkx8o1wdxudesfac4,J. Ekhator,Forward,21,56,30,26,30,52,,68,8,152,83,69,169,48,7,30,15,13,96,53,43,2,10,176,35,24,10,32,45,10,9,9,21,,,2,102,68,37,103,4,8,,1,944,27,5,20,19,150,179,105,12,74,362,9,9,10,,2,68,15,72,0,,34,10,9,12,14,53,3,6,,,3,2,1,3,1,2,2,5,,,10,1,1,4,1,,3,0,3,,,,,2,,,,,,1,,,,,,,,,,,,,,,,,,,,,,,,,,,,
Italy_Serie_A,2025-2026,Genoa CFC,8ncvq09i7or8rxwq9233djtg5,C. Ekuban,Forward,18,52,29,23,31,45,1,60,6,139,76,63,178,35,6,31,15,15,87,47,40,5,10,146,30,7,5,36,41,11,6,6,25,1,1,2,98,73,33,103,1,3,,1,975,32,5,16,29,124,153,105,4,48,345,5,5,16,1,3,47,6,45,1,,32,6,14,7,24,49,2,5,,1,4,,3,4,1,1,3,10,,,14,,1,2,4,,,3,1,2,,,,4,,1,1,,,,,,,,,,,,,,,,,,,,,,,,,,,,,,,
Italy_Serie_A,2025-2026,Genoa CFC,7u9bpiajlgr3zibj89pub7wbu,M. Ellertsson,Midfielder,77,39,28,11,35,162,8,154,13,232,127,105,366,191,11,35,42,38,193,99,94,15,14,612,79,59,35,78,102,15,30,6,5,7,5,13,459,295,177,452,18,26,26,72,2679,47,41,28,41,299,618,465,44,153,1124,24,20,29,22,32,134,43,121,0,,163,1,12,11,18,51,1,8,7,3,1,4,1,1,,2,1,6,1,3,12,1,5,3,1,1,1,0,1,,,,,7,,1,1,,,2,,,,1,1,,,,,,,,,,,,,,,,,,,,,,,
Italy_Serie_A,2025-2026,Genoa CFC,dx7fg77tfqytimfiixw9tyfx0,S. Fini,Forward,40,1,1,,1,,,2,,3,2,1,6,1,,1,,,2,1,1,,1,3,,,,,,1,,,1,,,,2,2,,2,,,,,31,,1,1,,4,3,2,,1,8,1,1,,,1,2,,,0,,2,2,,1,,2,,,,,,,,,,1,,,,,,,,,,,,,,,,,,,,,,,,,,,,,,,,,,,,,,,,,,,,,,,,,,,,
Italy_Serie_A,2025-2026,Genoa CFC,2um03dny7h3sdvehq3bygd1t6,M. Frendrup,Midfielder,32,53,26,27,35,274,12,255,3,281,110,171,232,310,23,35,44,40,228,84,144,41,15,1177,110,41,25,149,348,15,34,9,1,2,2,43,1026,472,638,1065,27,71,,17,2999,24,87,40,39,215,1260,1108,98,152,1734,3,3,5,29,46,113,42,106,0,,328,,4,8,7,11,,1,6,,1,4,1,,1,,,3,,10,20,2,1,,,,5,1,0,3,,,,7,,,,,,,1,,,,,,,,,,,,,,,,,,,,,,,,,,,
Italy_Serie_A,2025-2026,Genoa CFC,c38z7lghdu6tmx5hxbb2m1pn8,K. Gecaj,Defender,76,,,,,,,,,,,,,,,,,,,,,,,,,,,,,,,,,,,,,,,,,,,,,,,,,,,,,,,,,,,,,,,,,,,,,,,,,,,,,,,,,,,,,,,,,,,,,,,,,,,,,,,,,,,,,,,,,,,,,,,,,,,,,,,,,,,,
Italy_Serie_A,2025-2026,Genoa CFC,ergi7n4d298erdkg06fh0u4gk,J. Grossi,Midfielder,80,,,,,,,,,,,,,,,,,,,,,,,,,,,,,,,,,,,,,,,,,,,,,,,,,,,,,,,,,,,,,,,,,,,,,,,,,,,,,,,,,,,,,,,,,,,,,,,,,,,,,,,,,,,,,,,,,,,,,,,,,,,,,,,,,,,,
Italy_Serie_A,2025-2026,Genoa CFC,biuovem90utcyzda58nixtaay,A. Grønbæk,Midfielder,11,2,1,1,4,3,,10,,14,6,8,22,7,,4,,,12,5,7,,2,17,8,1,1,2,4,2,1,1,3,,,,13,9,4,13,2,2,,2,101,5,2,1,1,18,17,13,4,4,45,1,1,4,,,4,1,4,0,,3,,,2,1,1,1,,,,,,,,,1,,1,,,,,,,,,1,,,,,,,,,,,1,,,,,,,,,,,,,,,,,,,,,,,,,,,,,,
Italy_Serie_A,2025-2026,Genoa CFC,17au7v1ocl4zab872g59821yi,Junior Messias,Forward,10,34,21,13,20,39,1,147,4,135,60,75,202,76,6,20,7,7,101,39,62,5,5,252,79,11,5,41,44,6,5,5,15,3,2,20,192,144,57,178,11,9,1,9,675,27,14,10,22,130,260,198,20,62,471,13,9,17,3,11,60,15,51,1,,101,,7,20,14,25,,5,,2,3,,2,2,3,3,,7,,,4,,1,,2,2,1,3,0,1,,,,3,,1,1,,,,1,1,1,,,,,,,,,,,,,,,,,,,,,,,,,
Italy_Serie_A,2025-2026,Genoa CFC,bxxz6muxc5uc9etywox8tve38,L. Klišys,Defender,40,,,,,,,,,,,,,,,,,,,,,,,,,,,,,,,,,,,,,,,,,,,,,,,,,,,,,,,,,,,,,,,,,,,,,,,,,,,,,,,,,,,,,,,,,,,,,,,,,,,,,,,,,,,,,,,,,,,,,,,,,,,,,,,,,,,,
Italy_Serie_A,2025-2026,Genoa CFC,65ojdh1ksw7kpb6ruj3nddxxw,A. Kumer Čelik,Defender,42,,,,,,,,,,,,,,,,,,,,,,,,,,,,,,,,,,,,,,,,,,,,,,,,,,,,,,,,,,,,,,,,,,,,,,,,,,,,,,,,,,,,,,,,,,,,,,,,,,,,,,,,,,,,,,,,,,,,,,,,,,,,,,,,,,,,
Italy_Serie_A,2025-2026,Genoa CFC,b0ih5rzl0au6nqjgzla5tn47o,G. Lafont,Midfielder,75,,,,,,,,,,,,,,,,,,,,,,,,,,,,,,,,,,,,,,,,,,,,,,,,,,,,,,,,,,,,,,,,,,,,,,,,,,,,,,,,,,,,,,,,,,,,,,,,,,,,,,,,,,,,,,,,,,,,,,,,,,,,,,,,,,,,
Italy_Serie_A,2025-2026,Genoa CFC,9dc7uictce9dq0tbphn74qz85,N. Leali,Goalkeeper,1,3,,3,21,,,66,,7,2,5,,314,2,21,26,25,4,2,2,1,2,324,25,2,,119,101,2,20,,1,,,106,231,71,247,212,1,,,,1758,,14,2,2,189,505,318,1,187,650,,,,103,183,139,48,4,0,,90,,,,,,,,4,,,1,,,,,,,,52,,,,,,,2,,,,,1,,2,11,,,,,,,,,1,1,,,101,78,,32,,10,2,,5,55,45,10,,,11,,3,1,,,1
Italy_Serie_A,2025-2026,Genoa CFC,c2e3q7n84anzdhn7fouuqr5ec,E. Lysionok,Goalkeeper,35,,,,,,,,,,,,,,,,,,,,,,,,,,,,,,,,,,,,,,,,,,,,,,,,,,,,,,,,,,,,,,,,,,,,,,,,,,,,,,,,,,,,,,,,,,,,,,,,,,,,,,,,,,,,,,,,,,,,,,,,,,,,,,,,,,,,
Italy_Serie_A,2025-2026,Genoa CFC,4euxcqawlks4c56pqj8xvwbf9,R. Malinovskyi,Midfielder,17,73,38,35,34,201,5,350,12,235,133,102,427,373,20,34,32,29,162,95,67,15,35,1185,140,34,13,120,308,38,28,22,6,22,3,89,976,566,456,911,9,21,1,8,2250,38,17,36,26,337,1217,1000,30,217,1593,42,12,9,12,55,210,49,162,0,2,335,1,28,11,43,12,2,12,1,32,6,3,,3,6,1,,15,11,3,34,6,8,1,3,21,10,3,3,3,,,,2,,3,3,16,,,3,3,3,,,1,1,,,,,,,,,,,,,,,,,,,1,,
Italy_Serie_A,2025-2026,Genoa CFC,1lxfpn0wmr895me9xbzcfnh90,A. Marcandalli,Defender,27,86,34,52,31,100,11,253,2,167,71,96,120,531,11,31,35,32,81,37,44,19,8,1138,130,22,9,77,146,10,28,4,3,5,5,44,940,371,603,925,6,24,21,23,2516,13,102,23,10,273,1173,969,30,204,1495,5,5,5,31,68,148,61,136,0,,396,,1,4,3,29,,1,7,,,3,,,,1,,2,,8,1,1,1,,,,4,,,,,2,,7,1,1,2,,,,,,,,,,,,,,,,,,,,,,,,,,,,,,,
Italy_Serie_A,2025-2026,Genoa CFC,eh9sh9aa10zrp80l6e4l0c7h1,Aarón Martín,Defender,3,30,21,9,32,151,11,196,14,174,84,90,432,298,22,32,36,33,144,63,81,10,55,676,84,33,14,79,230,60,25,10,7,62,18,39,540,335,291,525,16,26,53,140,2101,27,46,31,27,379,715,564,42,151,1349,124,58,13,43,81,240,35,70,0,,36,,1,12,5,14,,6,3,60,1,3,,,1,1,,4,16,15,4,3,11,1,,41,2,0,1,2,,,1,4,,4,5,5,,1,1,1,,,,1,1,,,,,,,,,,,,,,,,,,,,,
Italy_Serie_A,2025-2026,Genoa CFC,7xdhy2xi9mrhzjn6aiatd9ono,P. Masini,Midfielder,73,61,39,22,27,77,8,120,1,235,107,128,173,212,21,27,21,20,174,68,106,25,8,513,49,41,22,77,123,9,12,1,15,3,3,19,374,206,187,371,24,39,,4,1317,23,44,37,41,206,529,390,63,139,876,11,11,6,21,26,98,52,113,0,1,117,,6,2,10,17,1,6,2,,,1,,,,1,,4,,6,8,,1,2,,,5,,,2,,,,3,,1,1,,,,,,,,,,,,,,,,,,,,,,,,,,,,,,,
Italy_Serie_A,2025-2026,Genoa CFC,ertzny47bnt0pwb1uvatlnc44,R. Mihelsons,Goalkeeper,98,,,,,,,,,,,,,,,,,,,,,,,,,,,,,,,,,,,,,,,,,,,,,,,,,,,,,,,,,,,,,,,,,,,,,,,,,,,,,,,,,,,,,,,,,,,,,,,,,,,,,,,,,,,,,,,,,,,,,,,,,,,,,,,,,,,,
Italy_Serie_A,2025-2026,Genoa CFC,3y3ijdl0l1j2b57i6bp0ziw44,D. Ndulue,Forward,78,,,,,,,,,,,,,,,,,,,,,,,,,,,,,,,,,,,,,,,,,,,,,,,,,,,,,,,,,,,,,,,,,,,,,,,,,,,,,,,,,,,,,,,,,,,,,,,,,,,,,,,,,,,,,,,,,,,,,,,,,,,,,,,,,,,,
Italy_Serie_A,2025-2026,Genoa CFC,bj9f6t8o0nji79rbaxrsioep6,B. Norton-Cuffy,Defender,15,44,29,15,26,127,6,263,12,210,105,105,402,250,8,26,38,35,166,76,90,10,20,686,137,54,27,94,72,21,25,5,1,19,19,26,554,286,303,544,12,30,34,125,2184,46,39,23,16,330,705,570,42,135,1285,61,61,22,16,28,150,46,107,2,1,256,,5,32,11,34,1,5,2,,2,3,2,2,1,10,1,6,,16,1,,2,2,2,,3,1,1,,,1,,5,,1,1,,,,,,,,1,,,,,,,1,,,,,,,,,,,,,,,,
Italy_Serie_A,2025-2026,Genoa CFC,8fj38q565gmk7iiy6i4s0idqs,J. Nuredini,Forward,86,1,1,,1,,,,,2,2,,,,,1,,,1,1,,,,,,,,,,,,,1,,,,,,,,,,,,1,,,,,,,,,,,,,,,,,,,0,,,,,,,,,,,,,,,,,,,,,,,,,,,,,,,,,,,,,,,,,,,,,,,,,,,,,,,,,,,,,,,,,,,,,
Italy_Serie_A,2025-2026,Genoa CFC,b4lc7czw7al6g7a7qzcqzya22,J. Onana,Midfielder,14,2,1,1,3,4,2,3,,12,8,4,5,7,3,3,1,1,10,7,3,,1,20,2,3,2,1,2,1,,,3,,,2,15,7,10,15,,3,,,42,3,,4,,10,23,17,3,6,35,1,1,,1,2,7,,4,0,,10,,1,,1,,,,,,,,,,,,,,,,,,,,,,,,,,,,,,,,,,,,,,,,,,,,,,,,,,,,,,,,,,,,,,,
Italy_Serie_A,2025-2026,Genoa CFC,dq2eqqywinhsh9ijg8amqyp78,S. Otoa,Defender,34,31,10,21,12,29,11,61,,66,20,46,16,68,1,12,16,14,35,10,25,9,,282,31,6,4,29,98,,8,3,4,,,13,253,72,195,254,2,9,,1,739,4,41,5,12,39,296,267,11,29,415,1,1,1,9,12,14,16,17,0,,101,2,,3,2,7,,1,,,,2,,,,,,2,,3,,,,,,,1,,,,,,,1,1,,,,,,,,,,,,,2,2,1,,,,,,,,,,,,,,,,,,
Italy_Serie_A,2025-2026,Genoa CFC,2fyiftfgt07mhn6f26gcdn1uc,W. Ouedraogo,Defender,99,,,,1,1,,,,3,1,2,1,,1,1,,,3,1,2,,,3,,,,2,1,,,,1,1,1,,3,3,1,3,1,,,2,19,,,1,1,,3,3,1,,9,,,,,,,,,0,,1,,,,,,,,,,,,,,,,,,,,,,,,,,,,,,,,,,,,,,,,,,,,,,,,,,,,,,,,,,,,,,,,,,,
Italy_Serie_A,2025-2026,Genoa CFC,8psio8fqce76uinoqpilzxsd1,S. Sabelli,Defender,20,16,13,3,15,43,6,62,2,84,39,45,136,156,4,15,9,8,68,26,42,4,6,300,41,14,4,38,42,6,11,10,4,7,5,15,209,125,98,201,9,13,17,59,859,11,22,6,19,153,309,216,22,93,539,18,12,7,13,35,95,16,58,0,,68,,4,1,4,6,,1,,6,,1,,,,1,,,2,1,2,1,,,,3,1,,,1,,,,,,,,,,,,,,,,,,,,1,,,,,,,,,,,,,,,,1,,
Italy_Serie_A,2025-2026,Genoa CFC,52lu5mlc9xdqjzgh1ne86wtsl,B. Siegrist,Goalkeeper,31,,,,,,,,,,,,,,,,,,,,,,,,,,,,,,,,,,,,,,,,,,,,,,,,,,,,,,,,,,,,,,,,,,,,,,,,,,,,,,,,,,,,,,,,,,,,,,,,,,,,,,,,,,,,,,,,,,,,,,,,,,,,,,,,,,,,
Italy_Serie_A,2025-2026,Genoa CFC,4b6mhmoeo78f8x928q2imp591,D. Sommariva,Goalkeeper,39,,,,2,,,34,,1,,1,,68,,2,4,4,1,,1,,,66,29,1,,6,14,,1,,1,,,25,37,20,29,24,,,,,175,,3,,1,41,90,49,,41,103,,,,29,40,33,8,1,0,,8,,,,,,,,,,,,,,,,,,,16,,,,,,,,,,,,,,,2,,,,,,,,,,,,,9,14,,6,,,,,1,8,6,2,,,2,,,,,,1
Italy_Serie_A,2025-2026,Genoa CFC,65jv6v3qujiijivadpijzpr6d,N. Stanciu,Midfielder,8,2,1,1,4,24,,24,1,13,5,8,48,23,,4,1,1,11,4,7,3,2,75,9,5,1,8,10,2,2,2,2,1,,5,55,28,32,54,2,2,,,181,3,2,1,2,36,79,59,4,20,120,8,2,1,,2,23,5,18,0,,22,,3,1,3,6,,2,,5,,,,,,2,,,,,1,,,1,,4,,,,,,,,,,,,1,,,,1,,,,,,,,,,,,,,,,,,,,,1,,,,,
Italy_Serie_A,2025-2026,Genoa CFC,9qzxygb9hyzag1szans0k2jth,M. Thorsby,Midfielder,2,162,74,88,22,61,6,67,,236,114,122,162,148,15,22,24,24,74,40,34,4,8,391,25,14,8,45,110,9,14,8,8,2,2,7,275,187,91,269,16,5,,,1248,8,30,24,11,162,394,276,21,118,590,3,3,,4,8,86,35,110,1,,75,7,9,3,17,38,2,4,1,,3,,2,3,1,,1,8,,3,9,1,3,1,3,,3,1,2,,1,,,2,,1,1,,,,,,,,,,,,,,,,,,,,,,,,,,,,,,,
Italy_Serie_A,2025-2026,Genoa CFC,mvlk84jquwhfjb5a8ic9el0,L. Venturino,Forward,76,7,4,3,12,26,,61,8,23,13,10,102,27,,12,2,1,16,9,7,,7,95,41,10,4,9,27,7,1,1,11,10,10,1,76,66,22,77,,,,,236,7,2,1,3,55,97,78,,19,166,26,25,2,2,4,41,4,15,0,,17,1,2,4,3,13,,2,,2,,1,,,,,,1,,,1,,1,,,1,,,,,,,,,,,,,,,,,,,,,,,,,,,,,,,,,,,,,,,,,,
Italy_Serie_A,2025-2026,Genoa CFC,7ojvhhfvbtbn60sc50y4l2ctm,J. Vásquez,Defender,22,155,82,73,36,183,28,516,3,323,138,185,203,630,16,36,49,45,168,56,112,45,9,1791,267,44,16,122,829,9,36,2,,5,5,95,1511,489,1222,1611,21,38,10,17,3217,18,154,23,46,363,1994,1706,59,288,2532,19,19,9,85,145,217,90,143,0,,352,1,13,8,19,43,,5,8,,1,4,,1,1,2,,6,,28,,,,1,1,,2,1,0,,,,,7,2,,,,1,,,,,,,,,110,110,,,,,,,,,,,,,,,,,,,
Italy_Serie_A,2025-2026,Genoa CFC,cnriqwh17pqgz7p2gt74uar6c,Vítinha,Forward,9,133,76,57,35,92,5,241,26,445,245,200,473,128,13,35,34,31,312,169,143,14,16,387,137,38,13,102,120,17,28,23,7,14,10,15,257,195,84,250,9,30,3,15,2242,117,29,34,68,405,396,265,39,131,1034,52,38,77,8,19,158,25,112,2,1,56,14,21,36,41,97,4,24,1,17,5,3,3,4,,12,5,20,3,2,13,3,5,8,2,11,5,2,3,3,,1,,3,,1,1,1,,1,1,,,,,,,,,,,,,,,,,,,,,,,,,,,
Italy_Serie_A,2025-2026,Genoa CFC,7si8brq1p8o6fvw93hq9v9bmc,N. Zätterström,Defender,13,1,1,,2,9,,8,,6,4,2,4,13,,2,,,5,3,2,2,,38,2,1,1,4,19,,1,,1,,,,31,6,31,37,1,,,,91,2,,1,,9,44,37,1,7,54,,,1,1,3,5,2,4,0,,3,,,1,,,,,1,,,,,,,,,,,,,,,,,,,,,,,,,,,,,,,,,,,,,,,4,4,,,,,,,,,,,,,,,,,,,
Italy_Serie_A,2025-2026,Genoa CFC,40msbo4o5bwx0oeuz4743w161,L. Østigård,Defender,5,151,43,108,30,50,27,387,5,242,85,157,96,484,18,30,38,36,91,42,49,30,9,1633,175,14,11,80,537,10,30,2,,,,83,1453,387,1118,1422,11,25,17,14,2623,2,215,38,15,216,1692,1505,36,187,2119,1,1,,36,89,136,52,98,1,1,621,3,6,1,18,34,1,4,8,,5,2,1,5,1,,,12,,23,1,,1,5,4,,7,2,3,1,3,1,1,5,1,,1,,1,,,,,,,,,5,5,,,,,,,,,,,,,,,,,,1,
Italy_Serie_A,2025-2026,Hellas Verona FC,brdwe9zdjjecw8nhw4a3s0v84,J. Ajayi,Forward,72,1,,1,1,,,,,2,1,1,4,,,1,,,1,1,,,,1,,,,,,,,,1,,,,1,1,,1,,,,,1,1,,,,2,1,1,,,4,,,,,,,,,0,,1,,,,,1,,,,,,,,,,,,,,,,,,,,,,,,,,,,,,,,,,,,,,,,,,,,,,,,,,,,,,,,,,,,,,
Italy_Serie_A,2025-2026,Hellas Verona FC,8wwrxucwkwd47lenzv2uratck,M. Akalé,Midfielder,28,,,,,,,,,,,,,,,,,,,,,,,,,,,,,,,,,,,,,,,,,,,,,,,,,,,,,,,,,,,,,,,,,,,,,,,,,,,,,,,,,,,,,,,,,,,,,,,,,,,,,,,,,,,,,,,,,,,,,,,,,,,,,,,,,,,,
Italy_Serie_A,2025-2026,Hellas Verona FC,cxjuod6b1ro67656dxwhpqqc5,J. Akpa Akpro,Midfielder,11,59,32,27,20,54,7,115,3,206,106,100,156,144,28,20,17,12,147,74,73,20,10,349,58,42,22,79,63,10,16,11,4,3,3,5,260,152,113,257,13,26,5,11,1388,26,23,38,14,168,352,262,39,90,650,14,14,13,2,8,72,32,82,0,1,91,,3,20,7,17,,6,1,,1,5,,1,,,1,4,,1,13,,,1,,,9,1,0,3,,,,,1,,,,1,,,,,,,,,,,,,,,,,,,,,,,,,,,,,
Italy_Serie_A,2025-2026,Hellas Verona FC,8gkc9l566rjg7nifxwsq5vdud,Al Musrati,Midfielder,73,31,17,14,17,43,8,90,,79,50,29,60,144,10,17,18,16,48,33,15,8,6,446,36,10,5,48,150,7,8,4,9,1,1,31,367,200,178,346,7,6,,,809,8,24,15,2,99,456,377,13,79,566,1,1,1,12,29,60,20,50,0,,119,1,3,,4,1,,4,1,,,2,,,,,,1,,4,11,1,,,,,4,,,,,,,2,,1,1,,,,,,,,1,,,,,,,1,,,,,,,,,,,,,,,,
Italy_Serie_A,2025-2026,Hellas Verona FC,45h7sxrqj7n7g3jd67zlnb4es,Arthur Borghi,Goalkeeper,47,,,,,,,,,,,,,,,,,,,,,,,,,,,,,,,,,,,,,,,,,,,,,,,,,,,,,,,,,,,,,,,,,,,,,,,,,,,,,,,,,,,,,,,,,,,,,,,,,,,,,,,,,,,,,,,,,,,,,,,,,,,,,,,,,,,,
Italy_Serie_A,2025-2026,Hellas Verona FC,88bb68l7u2rd453gz303p4qvo,R. Belghali,Defender,7,33,25,8,24,120,6,206,13,177,101,76,389,161,11,24,26,20,144,76,68,17,27,467,102,32,14,85,59,27,20,8,4,16,15,15,360,261,116,346,7,12,3,86,1779,48,22,20,10,268,468,361,19,107,927,42,35,30,16,25,115,34,82,0,,128,6,7,39,13,65,2,7,2,8,2,6,2,2,1,4,1,6,1,5,9,1,2,2,2,7,6,1,1,1,,,,1,,,,,,,,,,,,,,,,,,,,,,,,,,,,,,,,,,
Italy_Serie_A,2025-2026,Hellas Verona FC,7zkku0gboniozaks9yx0ous8a,A. Bella-Kotchap,Defender,37,46,8,38,18,58,15,108,,109,36,73,29,200,6,18,26,22,63,28,35,32,1,532,52,15,8,72,149,1,14,4,4,,,23,450,136,324,437,8,11,2,16,1315,4,84,22,16,99,546,460,19,86,784,1,1,3,24,38,62,25,48,0,,139,,2,1,2,10,,1,1,,,4,,,,,,,,5,1,,,,,,3,,,2,,1,1,2,,,,,1,,,,,,,,,2,2,,,,,,,,,,,,,,,,,,,
Italy_Serie_A,2025-2026,Hellas Verona FC,alrmqpg2y5f7xqqpgubwvx0q1,A. Bernede,Midfielder,24,38,25,13,31,141,6,271,8,279,161,118,318,330,39,31,38,34,241,136,105,13,28,849,142,60,36,142,221,30,28,18,3,4,2,28,658,425,256,649,33,36,,10,2270,54,18,55,19,335,873,677,69,196,1298,22,18,20,17,53,176,42,143,0,2,181,1,10,17,14,28,1,7,1,5,1,4,1,,,5,1,4,2,1,18,9,3,1,,2,2,1,0,1,,,,2,,2,2,,,,1,,,,,,,,,,,,,,,,,,,,,,,,,,,
Italy_Serie_A,2025-2026,Hellas Verona FC,ccczt6xl3hftl0qkn0txhi5pm,K. Bowie,Forward,18,73,49,24,12,42,3,65,7,152,96,56,166,34,10,12,15,11,79,47,32,,11,169,34,18,6,30,27,11,12,4,,,,5,116,92,26,113,5,3,,1,1024,18,6,29,20,128,171,118,8,53,358,6,6,7,3,6,47,12,47,1,,68,3,12,4,20,39,4,6,2,,3,4,3,2,3,3,,8,,1,9,,,3,2,,1,0,3,,,,,,,,,,,1,1,,,,,,,,,,,,,,,,,,,,,,,,,,,
Italy_Serie_A,2025-2026,Hellas Verona FC,b0e6d3zgwzbzysmt9b2ycvf56,D. Bradarić,Defender,12,27,20,7,27,140,3,175,10,106,52,54,326,146,2,27,38,33,79,32,47,9,26,515,88,42,14,75,182,27,23,11,4,25,13,15,390,227,194,381,12,18,29,72,1945,14,38,8,10,275,521,396,30,125,930,76,56,11,22,38,159,42,87,0,,53,2,3,7,9,19,,3,2,28,,5,,,,1,,6,10,4,,2,4,1,,17,2,,,1,,,,1,,1,1,,,,,,,,,,,,,,,,,,,,,,,,,,,,,,,
Italy_Serie_A,2025-2026,Hellas Verona FC,4s53xm07679cts3yt68u8q0pg,M. Castagnini,Goalkeeper,76,,,,,,,,,,,,,,,,,,,,,,,,,,,,,,,,,,,,,,,,,,,,,,,,,,,,,,,,,,,,,,,,,,,,,,,,,,,,,,,,,,,,,,,,,,,,,,,,,,,,,,,,,,,,,,,,,,,,,,,,,,,,,,,,,,,,
Italy_Serie_A,2025-2026,Hellas Verona FC,zly0ral6vcvot9ht7grq3c44,F. Cham,Defender,70,4,2,2,6,6,,12,2,36,14,22,45,24,3,6,6,6,32,12,20,4,4,52,11,6,3,6,2,4,3,3,3,1,1,3,31,17,16,29,4,10,2,26,227,2,6,7,5,42,53,32,14,21,144,9,9,1,1,2,23,7,19,0,,21,1,3,1,5,7,,,,,,,,,,2,,2,,1,,,1,,,,,,,,,,,,,,,,,,,,,,,,,,,,,,,,,,,,,,,,,,,,,
Italy_Serie_A,2025-2026,Hellas Verona FC,2dqmby3q4qpqd9671gaulnhn8,Charlys,Midfielder,18,,,,,,,,,,,,,,,,,,,,,,,,,,,,,,,,,,,,,,,,,,,,,,,,,,,,,,,,,,,,,,,,,,,,,,,,,,,,,,,,,,,,,,,,,,,,,,,,,,,,,,,,,,,,,,,,,,,,,,,,,,,,,,,,,,,,
Italy_Serie_A,2025-2026,Hellas Verona FC,1dljhkcvmodqq9u1w8iv145m2,Dailon Livramento,Forward,14,,,,,,,,,,,,,,,,,,,,,,,,,,,,,,,,,,,,,,,,,,,,,,,,,,,,,,,,,,,,,,,,,,,,,,,,,,,,,,,,,,,,,,,,,,,,,,,,,,,,,,,,,,,,,,,,,,,,,,,,,,,,,,,,,,,,
Italy_Serie_A,2025-2026,Hellas Verona FC,4oy1n7zqfqxerx8gd301jybkk,D. De Battisti,Defender,71,,,,,,,,,,,,,,,,,,,,,,,,,,,,,,,,,,,,,,,,,,,,,,,,,,,,,,,,,,,,,,,,,,,,,,,,,,,,,,,,,,,,,,,,,,,,,,,,,,,,,,,,,,,,,,,,,,,,,,,,,,,,,,,,,,,,
Italy_Serie_A,2025-2026,Hellas Verona FC,e2xiayt8k5tv4dw5hjop71fqh,E. Ebosse,Defender,23,28,16,12,15,53,11,198,,83,47,36,63,262,5,15,20,17,55,31,24,9,4,666,100,7,4,33,279,5,14,6,1,2,2,33,598,220,411,596,5,7,,2,1151,6,48,20,10,89,698,629,12,69,840,2,2,1,20,37,43,28,32,0,,104,,1,2,1,5,,,3,2,,3,,,,,,,,9,,,1,,,,3,,,,,,,,,1,1,,,,,,,,,,,11,11,,,,,,,,,,,,,,,,,1,,
Italy_Serie_A,2025-2026,Hellas Verona FC,abg783u8sfib0jjaon04ql3vt,A. Edmundsson,Defender,5,72,38,34,13,27,10,133,3,119,59,60,33,200,3,13,17,13,47,21,26,25,1,464,72,20,14,50,141,1,13,1,,1,1,45,349,129,240,323,4,15,,4,1140,3,102,12,7,135,484,368,19,116,719,3,3,,38,72,92,27,44,0,,116,,3,1,4,15,,,2,,,4,,,,1,,1,,10,,1,,,,,3,,,,,,,,1,,,,1,,,,,,,,,9,9,,,,,,,,,,,,,,,,,,,
Italy_Serie_A,2025-2026,Hellas Verona FC,600nv4cjlxic09g439g6filuc,W. Feola,Defender,77,,,,,,,,,,,,,,,,,,,,,,,,,,,,,,,,,,,,,,,,,,,,,,,,,,,,,,,,,,,,,,,,,,,,,,,,,,,,,,,,,,,,,,,,,,,,,,,,,,,,,,,,,,,,,,,,,,,,,,,,,,,,,,,,,,,,
Italy_Serie_A,2025-2026,Hellas Verona FC,75n60pzg0y5agf5nzo3sd3cvd,M. Frese,Defender,3,60,21,39,29,97,10,111,12,227,92,135,285,317,22,29,38,31,167,71,96,28,29,676,58,37,21,61,208,29,25,8,4,19,7,31,503,252,283,485,27,49,90,85,2258,10,82,45,20,340,689,516,76,173,1250,49,26,7,32,63,176,46,110,0,1,67,4,6,,17,26,,3,2,31,2,7,1,1,1,1,1,11,10,14,3,,4,1,,19,8,0,2,3,,,,1,1,,,3,1,,1,,,,,,,,,1,,,,,,,,,,,,,,,,1,,
Italy_Serie_A,2025-2026,Hellas Verona FC,ci37qg2uu0z3nppxvn0z9034l,R. Gagliardini,Midfielder,63,92,35,57,28,133,13,221,3,277,111,166,265,454,18,28,31,25,185,76,109,54,16,1104,108,25,14,127,297,16,24,7,4,6,6,46,892,510,420,878,33,38,1,6,2126,14,61,42,35,281,1138,924,71,214,1544,10,9,4,33,68,176,48,146,0,1,254,,6,6,9,26,1,6,4,1,1,6,,1,,2,,3,,9,5,1,,2,,,9,1,0,3,1,,,,,,,,,,,,,,,,,,,,,,,,,,,,,,,,,,,,,
Italy_Serie_A,2025-2026,Hellas Verona FC,1e03r0jzxkpqbfiao98w06cr8,Giovane,Forward,17,148,111,37,32,115,2,207,22,339,229,110,508,115,11,32,27,22,191,118,73,6,26,428,112,42,20,75,67,31,20,13,12,13,2,12,289,233,78,286,4,10,3,3,1797,86,11,24,23,370,439,298,14,141,919,53,23,45,1,6,169,25,135,1,1,142,14,11,36,37,82,7,17,2,34,3,5,2,2,2,6,1,26,8,,26,5,6,4,1,25,2,3,0,,,,,1,,4,5,1,,,1,,,,,,,,,,,,,,,,,,,,,,,,,,,
Italy_Serie_A,2025-2026,Hellas Verona FC,74o97lnqpku6m9svks66qbend,A. Harroui,Midfielder,21,15,14,1,21,83,2,95,7,101,67,34,166,97,5,21,19,14,86,53,33,1,12,290,58,18,6,42,96,12,10,10,11,7,3,12,229,156,106,243,6,16,,2,791,27,8,21,1,143,319,255,22,64,496,20,12,13,9,18,67,17,46,0,,43,2,4,10,6,10,,5,,11,1,5,,1,,3,1,2,4,,14,2,,,1,4,3,0,1,2,,,,,,,,,,,,1,1,,,,,,,,,,,,,,,,,,,,,,,,,
Italy_Serie_A,2025-2026,Hellas Verona FC,fqqy642gxaz7erahdwadutjo,Isaac,Forward,41,2,1,1,3,10,,10,,7,3,4,13,2,,3,,,5,2,3,,,22,5,,,3,5,,,,3,,,,20,15,5,20,,,,,37,1,,1,2,4,22,20,,2,29,1,1,,,,3,,2,0,,5,,,1,,,1,,,,,,,,,,,,,,1,,,,,,,,,,,,,,,,,,,,,,,,,,,,,,,,,,,,,,,,,,,,,,,
Italy_Serie_A,2025-2026,Hellas Verona FC,drljavudmjvyj9mvyzq7gz2s5,G. Kastanos,Midfielder,20,3,2,1,6,3,,10,,19,11,8,8,13,1,6,2,,16,9,7,3,1,25,4,,,4,5,1,,,6,1,,1,17,14,5,17,3,2,,1,40,3,1,3,1,14,26,18,5,8,47,1,,1,1,2,7,2,6,0,,5,,1,1,1,1,,,,1,,2,,,,,,,,,1,,,,,1,,,,,,,,,,,,,,,,,,,,,,,,,,,,,,,,,,,,,,,,,,
Italy_Serie_A,2025-2026,Hellas Verona FC,7g3z3h8k4bu9rwb1g8y66pbtg,A. Kurti,Defender,22,,,,,,,,,,,,,,,,,,,,,,,,,,,,,,,,,,,,,,,,,,,,,,,,,,,,,,,,,,,,,,,,,,,,,,,,,,,,,,,,,,,,,,,,,,,,,,,,,,,,,,,,,,,,,,,,,,,,,,,,,,,,,,,,,,,,
Italy_Serie_A,2025-2026,Hellas Verona FC,9a4i8i66bch7834l9vmmgg55g,M. Lambourde,Forward,39,,,,,,,,,,,,,,,,,,,,,,,,,,,,,,,,,,,,,,,,,,,,,,,,,,,,,,,,,,,,,,,,,,,,,,,,,,,,,,,,,,,,,,,,,,,,,,,,,,,,,,,,,,,,,,,,,,,,,,,,,,,,,,,,,,,,
Italy_Serie_A,2025-2026,Hellas Verona FC,agmcwbzoertg4l8njpdai7kl,Pol Lirola,Defender,14,6,4,2,6,27,1,28,2,22,14,8,76,39,3,6,6,6,16,10,6,4,1,110,16,8,,15,3,1,3,3,3,1,1,4,69,46,26,67,2,3,6,21,305,5,6,3,,75,113,71,5,42,196,15,13,3,2,10,50,7,32,0,,44,,,1,,5,,,,1,,,,,,,,,,1,,,,,,1,1,,,,,,,,,,,,,,,,,,,,,,,,,,,,,,,,,,,,,,,,,
Italy_Serie_A,2025-2026,Hellas Verona FC,13o5eskqs8b88yerwltk0tivp,S. Lovrić,Midfielder,4,5,3,2,12,34,,61,4,49,26,23,94,61,4,12,8,8,44,23,21,5,9,183,34,4,,21,42,10,2,3,10,15,2,13,157,112,70,154,7,8,,3,377,9,9,5,2,71,193,167,15,26,314,27,10,2,1,9,50,3,17,0,,56,,4,4,5,7,,,,25,,,,,,,,1,11,1,1,1,3,,,12,1,,,,,,,1,,1,1,,,,,,,,,,,,,,,,,,,,,,,,,,,,,,,
Italy_Serie_A,2025-2026,Hellas Verona FC,1fs2iimaa97nzlw80yypcd6ju,S. Mitrović,Forward,80,,,,,,,,,,,,,,,,,,,,,,,,,,,,,,,,,,,,,,,,,,,,,,,,,,,,,,,,,,,,,,,,,,,,,,,,,,,,,,,,,,,,,,,,,,,,,,,,,,,,,,,,,,,,,,,,,,,,,,,,,,,,,,,,,,,,
Italy_Serie_A,2025-2026,Hellas Verona FC,40vvfc7vxy4zqv209dhiezaj8,L. Monticelli,Midfielder,92,,,,,,,,,,,,,,,,,,,,,,,,,,,,,,,,,,,,,,,,,,,,,,,,,,,,,,,,,,,,,,,,,,,,,,,,,,,,,,,,,,,,,,,,,,,,,,,,,,,,,,,,,,,,,,,,,,,,,,,,,,,,,,,,,,,,
Italy_Serie_A,2025-2026,Hellas Verona FC,c7fky0h6gi7wmibnv2tzf6mz9,L. Montipò,Goalkeeper,1,5,,5,33,,,69,,12,,12,,725,,33,51,42,7,,7,,2,433,23,,,248,50,3,33,,,,,217,233,172,231,186,,,,,2970,,30,,7,478,878,403,,475,1140,,,,235,469,419,56,6,0,,103,,,1,,,,,5,,,9,,,,,,,,93,,,2,,,,,,,,,,,2,15,,1,,,,,,,,,,,212,246,,138,,25,4,2,17,81,44,34,2,1,23,,1,2,,,3
Italy_Serie_A,2025-2026,Hellas Verona FC,8lg7bwc6k73s2x0zd236pbomi,D. Mosquera,Forward,25,58,41,17,22,37,3,34,6,124,90,34,112,27,8,22,13,13,66,49,17,2,3,108,16,6,4,21,23,5,5,5,17,,,,78,53,31,84,3,2,,,585,24,6,22,6,87,114,84,5,30,231,2,2,9,1,2,28,4,28,0,,27,3,6,7,11,41,2,5,,,,,,,,1,,5,,,3,,2,,,,1,,,2,,,,,,2,2,,,,,,,,,,,,,,,,,,,,,,,,,,,,,,,
Italy_Serie_A,2025-2026,Hellas Verona FC,d0smch1f18iz5bf8odi0ijnqh,V. Nelsson,Defender,15,182,58,124,36,78,22,236,1,329,118,211,60,415,26,36,56,47,147,60,87,66,3,1163,92,14,9,109,292,3,35,2,1,,,39,987,319,691,971,27,40,11,16,3135,,247,43,19,210,1193,1010,67,183,1716,4,4,,51,83,142,45,100,0,,408,,6,3,6,18,,1,6,,,9,,,,,,,,17,,,,1,,,4,,,2,,3,1,2,3,,,,1,,,,,,,,,,,1,,,,,,,,,,,,,,,,,,
Italy_Serie_A,2025-2026,Hellas Verona FC,2r3mojnewwtd6bts6w931ho15,C. Niasse,Midfielder,36,55,34,21,20,79,5,69,,128,67,61,121,104,12,20,22,20,73,33,40,14,10,354,26,14,9,41,63,11,11,9,9,6,6,7,286,170,129,286,7,14,3,14,978,7,18,20,15,99,361,293,21,68,536,6,6,2,6,14,60,14,54,0,,115,2,4,4,5,7,,1,,,,2,,,,1,,1,,2,10,,,,,,1,,,1,,,1,2,,1,1,,,,,,,,,,,,,,,,,,,,,,,,,,,,,,,
Italy_Serie_A,2025-2026,Hellas Verona FC,e8s9ssopq5nmp51zymvqp8jbp,Unai Núñez,Defender,5,61,33,28,17,47,13,103,1,140,70,70,82,254,11,17,26,22,79,37,42,23,5,541,54,18,9,54,60,5,15,3,2,3,3,42,422,203,231,389,8,16,6,33,1265,5,62,27,10,150,552,431,24,121,804,8,8,3,27,55,98,31,66,0,,191,,3,9,4,12,,3,2,,,4,,,,,,1,,12,,,,,,,5,,,,,,,2,,,,,,,,,,,,,,,,1,,,,,,,,,,,,,,,,,,
Italy_Serie_A,2025-2026,Hellas Verona FC,adrn1x15rsehvnava8q9ofuvo,G. Orban,Forward,16,89,60,29,28,106,,114,16,205,134,71,337,84,7,28,32,24,116,74,42,4,18,346,63,22,9,57,96,20,23,13,5,5,5,13,245,190,85,257,2,2,,,2036,50,9,23,21,228,376,270,4,106,698,10,8,19,6,15,94,22,91,1,3,90,20,33,19,61,82,8,24,1,2,7,8,4,5,2,2,5,28,,3,23,1,3,12,4,2,4,4,3,2,,,,1,,1,2,7,,,2,2,2,1,1,,,,,,,,,,,,,,,,,,,,,,,
Italy_Serie_A,2025-2026,Hellas Verona FC,am1da6dm0zympt2yt120h94yy,D. Oyegoke,Defender,2,16,9,7,15,47,,67,4,70,35,35,133,56,6,15,8,8,54,26,28,7,3,177,47,20,10,25,4,3,8,7,7,6,6,4,133,93,46,129,6,10,17,42,593,12,12,13,5,114,177,133,16,44,364,26,26,5,5,7,59,11,37,0,,70,1,2,7,3,10,,,,,,,,,,3,,1,,1,1,,,,,,2,,,2,,,,1,,,,,,,,,,,,,,,,,,,,,,,,,,,,,,,,,,
Italy_Serie_A,2025-2026,Hellas Verona FC,cimjbhgjq6lx6kel5bqj9rhg4,J. Peci,Midfielder,79,,,,,,,,,,,,,,,,,,,,,,,,,,,,,,,,,,,,,,,,,,,,,,,,,,,,,,,,,,,,,,,,,,,,,,,,,,,,,,,,,,,,,,,,,,,,,,,,,,,,,,,,,,,,,,,,,,,,,,,,,,,,,,,,,,,,
Italy_Serie_A,2025-2026,Hellas Verona FC,c2ezyc2fftje7rcm5ybbuytp1,S. Perilli,Goalkeeper,34,,,,3,,,8,,,,,,59,,3,7,7,,,,,,40,5,,,18,9,,3,,,,,16,25,11,26,21,,,,,270,,2,,,41,78,37,,41,98,,,,19,40,38,3,1,0,,10,,,,,,,,1,,,,,,,,,,,9,,,,,,,,,,,,,,,2,,,,,,,,,,,,,12,19,,13,,3,,,2,8,4,4,,,4,,,,,,
Italy_Serie_A,2025-2026,Hellas Verona FC,a3g8czikc2gkmi4whhbdv5mvo,A. Popović,Defender,26,,,,,,,,,,,,,,,,,,,,,,,,,,,,,,,,,,,,,,,,,,,,,,,,,,,,,,,,,,,,,,,,,,,,,,,,,,,,,,,,,,,,,,,,,,,,,,,,,,,,,,,,,,,,,,,,,,,,,,,,,,,,,,,,,,,,
Italy_Serie_A,2025-2026,Hellas Verona FC,amvonu36at4dg7ksi1ioczi3u,A. Sarr,Forward,9,96,60,36,32,74,,77,6,202,120,82,222,56,9,32,32,29,106,60,46,3,12,254,39,18,10,37,78,13,9,8,23,1,1,2,184,151,52,200,6,9,,,1038,34,10,25,21,147,272,202,15,70,477,9,9,13,1,2,69,10,68,0,,64,7,6,10,11,33,5,6,,,,3,,,,1,,5,,,11,,1,1,,,,,,2,,,,2,,1,1,,,,,,,,1,,,,,,,1,,,,,,,,,,,,,,,,
Italy_Serie_A,2025-2026,Hellas Verona FC,9j1fd0mz39tl1h5che3f357md,S. Serdar,Midfielder,8,22,14,8,20,57,5,95,3,122,62,60,155,186,16,20,24,22,100,48,52,9,13,386,48,25,12,54,74,13,12,8,8,1,1,25,275,177,108,259,12,19,,,1108,21,16,19,12,157,395,284,31,111,578,6,6,8,12,31,101,16,80,0,1,78,1,6,9,13,24,,6,1,,2,2,1,2,,1,2,7,,3,9,6,2,3,2,,3,0,2,,,,1,,,,,,,,,,,,,,,,,,,,,,,,,,,,,,,,,,,
Italy_Serie_A,2025-2026,Hellas Verona FC,wrckom9vy4352nos44600ydw,T. Slotsager,Defender,19,26,5,21,8,21,4,43,1,50,10,40,20,115,2,8,9,9,24,5,19,3,,218,23,10,6,13,29,,4,,4,1,1,9,168,71,106,167,7,7,,3,443,,34,3,5,57,227,176,14,51,315,1,1,,15,26,40,12,25,0,,62,,1,,2,3,,1,2,,,,,,,,,1,,,,,,,,,,,,,,,,,,,,,,,,,,,,,,,,,,,,,,,,,,,,,,,,,,
Italy_Serie_A,2025-2026,Hellas Verona FC,4t85yj2ijymrz5vf457jcihre,T. Suslov,Midfielder,10,1,1,,9,24,,46,7,46,26,20,60,20,5,9,5,4,45,25,20,1,2,76,26,2,1,22,17,2,3,2,6,3,1,5,65,41,34,67,1,5,,,326,12,1,7,11,55,84,72,6,12,173,13,2,9,,4,24,1,8,0,,23,,3,3,6,4,,5,,10,,1,,,,1,,3,1,,3,1,,1,,9,1,,,,,,,,,,,1,,,,,,1,1,,,,,,,,,,,,,,,,,,,,,,,
Italy_Serie_A,2025-2026,Hellas Verona FC,7oyeogf78hstsq6tzevkmx9uc,L. Szimionaș,Midfielder,30,,,,,,,,,,,,,,,,,,,,,,,,,,,,,,,,,,,,,,,,,,,,,,,,,,,,,,,,,,,,,,,,,,,,,,,,,,,,,,,,,,,,,,,,,,,,,,,,,,,,,,,,,,,,,,,,,,,,,,,,,,,,,,,,,,,,
Italy_Serie_A,2025-2026,Hellas Verona FC,d3fo9td8yl4w2m2yxplsy9ogk,G. Toniolo,Goalkeeper,94,,,,,,,,,,,,,,,,,,,,,,,,,,,,,,,,,,,,,,,,,,,,,,,,,,,,,,,,,,,,,,,,,,,,,,,,,,,,,,,,,,,,,,,,,,,,,,,,,,,,,,,,,,,,,,,,,,,,,,,,,,,,,,,,,,,,
Italy_Serie_A,2025-2026,Hellas Verona FC,djepfduaa3j07utg0j259cowk,N. Valentini,Defender,6,76,29,47,19,33,12,81,6,145,63,82,62,239,9,19,21,18,69,34,35,14,3,457,48,20,11,47,164,3,13,1,6,4,4,26,325,127,221,318,12,15,6,4,1266,3,88,25,7,163,479,344,27,135,710,9,9,1,30,63,110,34,72,0,,43,1,7,2,13,23,1,,2,,,3,,,,,,6,,3,,,2,1,,,5,,,1,,1,,,1,,,,1,,,,,,,,,3,3,,,,,,,,,,,,,,,,,,,
Italy_Serie_A,2025-2026,Hellas Verona FC,3n2heamr3lq4efqfywqk180lw,I. Vermeșan,Forward,90,4,1,3,4,8,,4,,6,2,4,15,5,,4,,,2,1,1,,,20,1,2,2,4,7,,,,4,,,,14,9,5,14,,,,,65,1,1,,1,9,20,14,,6,31,,,1,1,1,4,2,5,0,,,,1,,2,1,,,,,,,,,,,,1,,,3,,,,,,,,,,,,,,,,,,,,,,,,,,,,,,,,,,,,,,,,,,,,,,,
Italy_Serie_A,2025-2026,Hellas Verona FC,e5er1rgo8lluy6qjk4mcew6c4,Yellu Santiago,Midfielder,4,1,1,,2,,,1,,5,1,4,5,5,,2,,,4,,4,,1,7,1,,,2,1,1,,,2,,,,4,2,2,4,2,,,,5,,,,1,3,7,4,2,3,13,,,,2,2,3,,1,0,,1,,1,1,2,1,,,,,,,,,,,,1,,,,,,,,,,,,,,,,,,,,,,,,,,,,,,,,,,,,,,,,,,,,,,,,,,
Italy_Serie_A,2025-2026,Juventus FC,7pirs3v9u80j5qy71cmhzbxn8,V. Adžić,Midfielder,17,8,7,1,10,35,,21,2,28,20,8,63,14,2,10,3,3,20,13,7,2,4,95,9,8,3,15,24,4,1,1,9,,,4,81,52,34,82,2,2,,3,163,8,3,3,2,30,100,86,4,14,147,5,2,6,,2,13,6,12,1,,27,,1,1,5,4,,1,,2,1,,1,,,,1,4,,,4,1,,,,1,,1,0,,,,,,,,,1,,,1,,,,,,,,,,,,,,,,,,,,,,,,,,,
Italy_Serie_A,2025-2026,Juventus FC,ajy0lkju97eyx4jin5m2trklw,L. Anghelè,Forward,48,,,,,,,,,,,,,,,,,,,,,,,,,,,,,,,,,,,,,,,,,,,,,,,,,,,,,,,,,,,,,,,,,,,,,,,,,,,,,,,,,,,,,,,,,,,,,,,,,,,,,,,,,,,,,,,,,,,,,,,,,,,,,,,,,,,,
Italy_Serie_A,2025-2026,Juventus FC,2fqlri41xq6p924kine7pjr2t,J. Boga,Forward,13,10,7,3,14,59,,86,9,73,39,34,194,32,1,14,5,3,63,32,31,2,14,185,51,11,4,9,80,14,5,4,9,9,6,,152,120,44,155,3,3,,4,600,26,4,3,5,93,188,155,6,33,336,18,8,19,,,47,4,33,2,1,17,1,6,20,18,47,1,5,1,16,4,2,4,4,,2,4,12,3,,2,2,2,3,4,10,1,1,3,1,,,,,,,,,,,,,,,,,,,,,,,,,,,,,,,,,,,,,,
Italy_Serie_A,2025-2026,Juventus FC,d196vatyvq6ycn1q7d477d2i1,Bremer,Defender,3,114,48,66,26,40,11,318,4,190,84,106,106,348,11,26,19,15,76,36,40,32,5,1308,143,18,7,112,409,8,25,5,1,,,64,1170,462,731,1129,14,15,,6,2175,11,93,21,10,170,1333,1193,29,140,1626,1,1,6,33,62,89,52,78,2,1,536,,11,1,20,43,1,3,12,,4,4,,3,,,1,9,,13,2,1,,1,2,,5,2,2,,3,,1,,2,2,3,,2,,1,,,,,,,6,6,,,,,,,,,,,,,,,,,,,
Italy_Serie_A,2025-2026,Juventus FC,5054kfjkrimomrhilbe5j3xbe,J. Cabal,Defender,32,11,7,4,12,36,,29,,35,20,15,53,35,2,12,5,4,24,13,11,4,2,134,18,7,3,21,57,2,2,2,10,,,3,108,58,50,105,3,6,3,13,287,4,6,4,1,45,134,108,9,26,200,4,4,,3,8,17,13,18,1,,6,2,2,1,4,5,,1,,,2,1,,2,1,,,2,,,4,,2,,2,,1,1,1,,1,,,,,,,,,,,,,,,,,,,,,,,,,,,,,,,,,,,,,
Italy_Serie_A,2025-2026,Juventus FC,7ohgxs03szerp6mwiiv58ryay,A. Cambiaso,Defender,27,24,15,9,35,355,7,458,21,200,101,99,754,341,8,35,25,23,176,86,90,20,51,1481,211,59,22,162,601,55,34,25,1,31,24,52,1301,759,598,1274,21,39,12,170,2731,40,18,29,21,375,1507,1326,60,181,2144,91,79,18,11,31,207,65,150,2,,210,2,10,9,22,82,3,3,3,15,3,2,3,3,2,2,,12,5,3,31,4,11,2,3,8,3,1,2,3,1,1,,1,,4,4,,,,,,,1,1,,,,,2,,,,,,,,,,,,,,,,,,
Italy_Serie_A,2025-2026,Juventus FC,b8dd5q3n5irlkcv0ekzqhzc2x,J. David,Forward,30,60,43,17,34,149,,139,10,187,121,66,420,87,11,34,13,12,127,78,49,5,29,512,77,31,14,61,159,33,20,16,14,,,5,403,306,102,403,8,9,,1,1754,41,5,29,26,236,517,408,17,109,805,7,7,19,,5,90,26,104,3,3,122,11,14,6,30,121,13,11,1,,6,1,4,6,4,2,1,16,,,42,6,5,13,6,,,4,2,1,1,,,,,1,4,,,,,1,,,,,,,,,,,,,,,,,,,,,,,,,,
Italy_Serie_A,2025-2026,Juventus FC,b3hr4q25jvqr7565z5ydqylt5,M. Di Gregorio,Goalkeeper,16,2,,2,30,,,135,,7,,7,,339,,30,25,20,5,,5,,,505,65,1,,184,140,,29,,1,,,109,404,53,455,399,,,,,2655,,11,,5,166,669,508,,161,903,,,,97,159,113,48,2,0,,190,,,1,,,,,13,,,5,,,,,,,,37,,,,,,,1,,,,,,,1,11,,,,,,,,,,,,,209,112,,32,,18,3,1,5,61,31,28,1,,21,,4,1,,,
Italy_Serie_A,2025-2026,Juventus FC,2x44f29a52v8kpkkjsuiiywdm,Francisco Conceição,Forward,7,16,14,2,30,324,1,469,24,259,130,129,780,97,17,30,17,16,243,116,127,7,37,797,241,39,11,96,54,41,26,24,4,23,15,18,695,524,213,696,9,25,,10,2028,72,4,32,39,298,816,714,34,102,1319,67,54,47,6,14,151,18,88,0,3,341,3,20,54,43,187,1,27,,37,3,1,2,1,3,7,,23,8,,17,2,5,10,1,13,3,1,2,3,,,,1,,4,4,,,,2,,,,,,,,,,,,,,,,,,,,,,,,,,,
Italy_Serie_A,2025-2026,Juventus FC,3s5i5qcjy2r6ww98iplo3qm8k,M. Fuscaldo,Goalkeeper,43,,,,,,,,,,,,,,,,,,,,,,,,,,,,,,,,,,,,,,,,,,,,,,,,,,,,,,,,,,,,,,,,,,,,,,,,,,,,,,,,,,,,,,,,,,,,,,,,,,,,,,,,,,,,,,,,,,,,,,,,,,,,,,,,,,,,
Italy_Serie_A,2025-2026,Juventus FC,cv46mxj5i98p4hgtbomxlxs7o,F. Gatti,Defender,4,38,14,24,20,45,5,200,3,74,32,42,56,177,3,20,11,7,36,18,18,12,3,597,91,11,5,43,173,3,11,5,9,,,29,541,209,344,524,2,9,,2,999,1,54,15,6,67,609,553,11,56,752,2,2,,11,24,43,15,32,1,,214,,4,1,10,18,,2,2,,2,4,,2,,,1,6,,3,,,,1,2,,3,1,1,,1,,,1,,,,,,,,,,,,,,4,4,,,,,,,,,,,,,,,,,,,
Italy_Serie_A,2025-2026,Juventus FC,eh1ul4duphy1iz4odwx9tkjjd,N. González,Forward,11,3,,3,2,1,,1,,5,,5,7,2,,2,,,2,,2,,1,5,1,1,1,,,1,,,2,,,,2,1,1,2,,,2,2,17,,1,,3,5,5,2,,3,19,,,,,,2,1,3,0,,2,,1,,1,2,,1,,,,,,,,,,,,,,,,,,,,,,,,,,,,,,,,,,,,,,,,,,,,,,,,,,,,,,,,,,,,
Italy_Serie_A,2025-2026,Juventus FC,awf3x41nsz8m73bhte5wlz6ui,E. Holm,Defender,2,33,17,16,17,83,3,94,7,118,48,70,150,150,3,17,11,8,85,31,54,8,5,361,52,21,12,57,26,9,10,7,7,7,7,11,284,145,152,279,10,19,17,75,857,14,27,11,19,157,369,290,29,79,671,21,20,8,11,31,76,24,48,0,1,110,,9,7,10,30,,2,1,1,1,3,,1,1,2,,1,,4,,,3,,1,1,1,0,1,,,,,1,,4,4,,,,,,,,1,,,,,,,1,,,,,,,,,,,,,,,,
Italy_Serie_A,2025-2026,Juventus FC,1vlwijs8vdj4uqfpca9b4molw,R. Huli,Goalkeeper,49,,,,,,,,,,,,,,,,,,,,,,,,,,,,,,,,,,,,,,,,,,,,,,,,,,,,,,,,,,,,,,,,,,,,,,,,,,,,,,,,,,,,,,,,,,,,,,,,,,,,,,,,,,,,,,,,,,,,,,,,,,,,,,,,,,,,
Italy_Serie_A,2025-2026,Juventus FC,dowh6oc93ggduous7ligguqne,João Mário,Defender,25,14,8,6,19,87,3,156,4,107,45,62,185,180,5,19,9,8,93,37,56,12,6,432,103,20,4,40,66,6,11,9,8,6,6,17,339,203,155,335,6,8,7,66,904,21,12,9,28,152,445,352,14,93,694,11,11,17,5,21,70,34,72,0,,112,,1,14,3,24,,3,1,,1,1,1,1,,1,1,2,,2,3,1,1,,,,2,0,1,1,,,1,1,,,,,,,,,,,,,,,,,,,,,,,,,,,,,,,,,,
Italy_Serie_A,2025-2026,Juventus FC,b33rlpjo3kx4477alx82si5wq,P. Kalulu,Defender,15,72,39,33,36,309,7,482,7,216,101,115,627,726,19,36,28,23,144,62,82,24,37,2108,249,47,18,154,231,41,36,,,21,21,75,1876,1004,921,1829,27,34,7,119,3192,23,60,33,14,359,2139,1904,61,235,2675,69,69,13,28,64,228,76,171,1,1,873,,5,7,9,45,1,4,16,,2,5,2,2,,1,1,4,,9,10,3,10,1,1,,1,1,1,1,1,1,,1,,4,4,,,,,,,,1,,,,,,,1,,,,,,,,,,,,,,,,
Italy_Serie_A,2025-2026,Juventus FC,7gyfpskzbb3r5nhiniky22o6h,L. Kelly,Defender,6,141,52,89,34,150,16,546,6,279,110,169,185,621,12,34,28,23,138,58,80,14,8,1893,326,30,19,169,754,9,32,3,2,,,123,1678,674,1097,1648,12,34,1,17,2908,13,114,41,19,275,1989,1771,46,218,2393,11,11,4,32,105,170,59,113,0,1,464,4,7,17,10,41,,6,13,,1,5,,1,1,,,3,,8,1,4,2,,,,4,1,0,2,,,1,1,,1,1,1,,,,,,,,,,59,61,,2,,,,,,,,,,,,,,,,,
Italy_Serie_A,2025-2026,Juventus FC,2ugzqrpaooto1r24a6kvqf2ll,T. Koopmeiners,Midfielder,8,55,23,32,32,101,7,256,9,157,77,80,285,421,23,32,21,16,102,54,48,18,17,1096,167,27,16,78,429,17,18,7,14,12,5,41,992,582,479,1008,21,12,9,25,1799,7,39,33,11,174,1154,1049,33,105,1457,34,16,4,9,30,111,28,75,0,1,203,3,9,5,16,26,,12,3,27,,5,,,,1,,7,6,4,5,1,,2,,15,5,,,1,,,,,,,,5,,,,,,,,,,11,11,,,,,,,,,,,,,,,,,,,
Italy_Serie_A,2025-2026,Juventus FC,555z9bynvux7oruirg67r8i51,F. Kostić,Midfielder,18,8,4,4,18,59,,58,7,56,26,30,154,70,2,18,4,3,48,22,26,4,9,223,40,12,4,29,88,10,4,4,14,11,8,9,185,121,80,181,7,10,4,29,469,10,11,8,5,100,229,190,17,39,401,38,25,4,5,9,63,14,30,0,,12,,2,4,6,10,,3,,11,3,1,3,1,3,,,4,2,2,2,,1,,1,9,1,1,2,,,,,,,1,1,,,,2,,,,,,,,,,,,,,,,,,,,,,,,,,,
Italy_Serie_A,2025-2026,Juventus FC,ahz2npxe4geixkaz25f2pc82d,M. Locatelli,Midfielder,5,64,29,35,35,185,23,499,10,308,124,184,558,1087,32,35,26,20,244,95,149,38,44,2597,247,31,18,171,759,46,35,12,,5,1,183,2284,1520,888,2220,31,68,,14,2914,24,73,54,42,388,2720,2403,99,317,3229,14,13,8,35,128,252,79,189,0,2,689,,18,10,30,19,1,14,10,3,1,6,1,1,,,1,12,2,16,25,11,5,1,,1,9,0,1,2,,,,1,,2,2,2,1,,,1,,,,,,,,,,,,,,,,,,,,,,,,,,
Italy_Serie_A,2025-2026,Juventus FC,b5iteb4eujt3u44keghlg8pas,S. Mangiapoco,Goalkeeper,45,,,,,,,,,,,,,,,,,,,,,,,,,,,,,,,,,,,,,,,,,,,,,,,,,,,,,,,,,,,,,,,,,,,,,,,,,,,,,,,,,,,,,,,,,,,,,,,,,,,,,,,,,,,,,,,,,,,,,,,,,,,,,,,,,,,,
Italy_Serie_A,2025-2026,Juventus FC,288nn7pbq5ewriiyb9o7da86h,W. McKennie,Midfielder,22,83,37,46,35,246,8,219,13,232,119,113,716,324,18,35,29,23,149,82,67,24,42,1156,127,45,18,106,251,47,31,9,4,6,6,33,959,673,299,933,16,23,44,114,2751,32,47,42,11,351,1163,966,39,197,1708,28,28,16,6,17,184,41,180,1,1,342,7,20,17,36,127,4,7,11,,5,6,5,5,1,3,2,16,,2,65,3,6,11,3,,5,4,1,1,2,,,,,5,5,,,,,,,,,,,,,,,,,,,,,,,,,,,,,,,
Italy_Serie_A,2025-2026,Juventus FC,35r56n0i4sbdh7n5arbt7db6d,A. Milik,Forward,14,2,2,,2,2,,2,1,7,6,1,12,3,1,2,,,5,4,1,,,11,2,,,1,3,,,,2,,,,9,8,1,9,,,,,34,3,,1,,6,11,9,,2,19,,,3,,,2,,2,0,,3,,,1,2,3,1,,,,,,,,,,,2,,,,,,1,,,,,,,,,,,,,,,,,,,,,,,,,,,,,,,,,,,,,,,,,,,,
Italy_Serie_A,2025-2026,Juventus FC,bjob8tftnxojnytcj7juo0ga2,F. Miretti,Midfielder,21,10,7,3,22,91,,121,3,84,48,36,235,74,6,22,5,5,74,41,33,3,9,365,61,15,10,39,104,11,5,5,17,4,1,13,312,217,108,308,11,8,,2,585,24,6,14,7,105,374,321,19,53,531,12,6,12,2,14,55,10,39,0,,105,,7,7,12,31,,6,,10,1,,1,1,,,1,5,3,,20,4,2,1,1,6,1,0,1,3,,,,,,1,2,1,,,,,,,,,,1,1,,,,,,,,,,,,,,,,,1,,
Italy_Serie_A,2025-2026,Juventus FC,64ubq0xra74xaunooi8knyajt,L. Openda,Forward,20,28,20,8,24,54,1,57,7,79,41,38,158,21,4,24,8,7,51,21,30,1,8,145,34,5,2,12,34,8,6,6,18,1,1,2,104,75,36,108,2,4,1,2,654,13,3,8,21,83,151,110,6,41,276,6,6,7,,2,40,7,39,1,,42,11,13,4,19,60,3,7,,,1,1,1,1,,3,1,6,,,11,1,1,5,1,,,1,0,,,,,,,,,,,,,,,,,,,,,,,,,,,,,,,,,,,,,,,
Italy_Serie_A,2025-2026,Juventus FC,4u0o6pfpmohhbzuggq31bj02c,Pedro Felipe,Defender,44,,,,1,,,,,,,,,,,1,,,,,,,,1,,,,,,,,,1,,,,1,,1,1,,,,,1,,,,,,1,1,,,1,,,,,,,,,0,,1,,,,,,,,,,,,,,,,,,,,,,,,,,,,,,,,,,,,,,,,,,,,,,,,,,,,,,,,,,,,,,,,,,,
Italy_Serie_A,2025-2026,Juventus FC,3o573dblmfc1o3wkkt2nva8k5,M. Perin,Goalkeeper,1,1,,1,8,,,24,,1,,1,,60,,8,7,6,,,,,1,98,11,,,42,36,1,8,1,,,,19,82,8,108,97,,,,,675,,3,,1,20,136,116,,20,181,,,,13,20,18,2,,0,,40,,,,,,,,2,,,1,,,,,,,,6,,,,,,,,,,,,,,,1,,,,,,,,,,,,,53,27,,1,,1,,,2,10,9,1,,,4,,,1,,,
Italy_Serie_A,2025-2026,Juventus FC,8rlf5vjyddkcid5ysa3yo7hlh,C. Pinsoglio,Goalkeeper,23,,,,,,,,,,,,,,,,,,,,,,,,,,,,,,,,,,,,,,,,,,,,,,,,,,,,,,,,,,,,,,,,,,,,,,,,,,,,,,,,,,,,,,,,,,,,,,,,,,,,,,,,,,,,,,,,,,,,,,,,,,,,,,,,,,,,
Italy_Serie_A,2025-2026,Juventus FC,8qdmor9hjuuk1b79snjf7ce8k,R. Radu,Goalkeeper,51,,,,,,,,,,,,,,,,,,,,,,,,,,,,,,,,,,,,,,,,,,,,,,,,,,,,,,,,,,,,,,,,,,,,,,,,,,,,,,,,,,,,,,,,,,,,,,,,,,,,,,,,,,,,,,,,,,,,,,,,,,,,,,,,,,,,
Italy_Serie_A,2025-2026,Juventus FC,3iy30req7l0k1jmpez0us09w4,N. Rizzo,Defender,50,,,,,,,,,,,,,,,,,,,,,,,,,,,,,,,,,,,,,,,,,,,,,,,,,,,,,,,,,,,,,,,,,,,,,,,,,,,,,,,,,,,,,,,,,,,,,,,,,,,,,,,,,,,,,,,,,,,,,,,,,,,,,,,,,,,,
Italy_Serie_A,2025-2026,Juventus FC,exgknpydnzp14n18nn1w6ugpg,J. Rouhi,Defender,40,,,,,,,,,,,,,,,,,,,,,,,,,,,,,,,,,,,,,,,,,,,,,,,,,,,,,,,,,,,,,,,,,,,,,,,,,,,,,,,,,,,,,,,,,,,,,,,,,,,,,,,,,,,,,,,,,,,,,,,,,,,,,,,,,,,,
Italy_Serie_A,2025-2026,Juventus FC,bh3b7e2qzh41dltd6h2obpln9,D. Rugani,Defender,24,28,14,14,11,10,4,53,,43,22,21,7,65,2,11,6,6,15,8,7,7,,279,16,2,2,13,81,,6,4,5,,,9,255,60,207,258,2,5,,,510,,29,9,,26,291,267,7,24,352,,,,3,9,12,12,15,0,,135,,,,,4,,,1,,,,,,,,,,,3,,,,,,,2,,,,,,1,1,,,,,,,,,,,,,,4,4,,,,,,,,,,,,,,,,,,,
Italy_Serie_A,2025-2026,Juventus FC,67i1f5231dvjs6i20f6xbnaxg,S. Scaglia,Goalkeeper,42,,,,,,,,,,,,,,,,,,,,,,,,,,,,,,,,,,,,,,,,,,,,,,,,,,,,,,,,,,,,,,,,,,,,,,,,,,,,,,,,,,,,,,,,,,,,,,,,,,,,,,,,,,,,,,,,,,,,,,,,,,,,,,,,,,,,
Italy_Serie_A,2025-2026,Juventus FC,6j0ogojh2b7poyceg7i3k09yi,K. Thuram,Midfielder,19,71,35,36,34,236,8,425,12,239,109,130,502,397,24,34,24,20,168,74,94,12,21,1452,228,43,14,118,499,23,29,15,5,3,3,42,1254,735,546,1236,28,32,,6,2383,27,29,38,12,278,1476,1278,60,198,1834,12,12,13,11,32,161,49,166,0,1,344,3,21,22,36,56,,13,9,,3,4,2,3,1,4,,15,,4,36,13,4,3,3,,2,3,0,4,2,,,1,,1,2,,,,,,,,,,,,,,,,,,,,,,,,,,,,,,,
Italy_Serie_A,2025-2026,Juventus FC,3ua8gs8tzx1dkdi9z88kjk9nt,D. Vlahović,Forward,9,51,28,23,18,38,2,45,6,103,57,46,196,25,4,18,11,6,52,29,23,2,8,152,25,6,2,8,38,9,10,8,8,2,2,5,103,90,25,108,,3,,1,908,21,4,9,17,109,162,113,3,49,324,2,2,4,,3,44,7,46,2,,61,9,18,3,34,77,6,10,,,5,5,2,4,4,3,,16,,,25,2,,6,4,,,3,2,,1,,,1,,,1,3,,1,1,1,1,,,1,1,,,,,,,,,,,,,,,,,,,,,
Italy_Serie_A,2025-2026,Juventus FC,6kvtqep8korw8d75n5me0lbmc,K. Yıldız,Forward,10,29,13,16,36,360,,572,37,348,173,175,1132,253,8,36,26,22,319,160,159,7,70,1176,330,43,14,121,481,76,33,21,3,33,24,31,983,779,284,999,12,13,3,23,2837,127,7,23,56,509,1223,1030,25,193,1949,91,60,71,2,20,257,27,173,1,5,129,7,24,78,64,219,4,33,1,66,10,4,8,9,1,9,9,40,7,1,71,10,15,3,5,26,2,8,2,2,,,,1,,6,6,,,1,1,2,1,,,,,,,,,,,,,,,,,,,,,,,,,
Italy_Serie_A,2025-2026,Juventus FC,4st4hurqbtyzw1tbkzuuk78fe,E. Zhegrova,Forward,11,3,1,2,18,48,,140,7,70,37,33,275,38,1,18,3,2,67,36,31,,10,219,59,18,3,20,16,10,,,18,11,8,8,180,169,27,177,2,3,,8,355,32,1,5,6,125,224,185,5,39,392,36,27,21,1,2,71,4,37,0,1,122,2,2,20,11,27,1,8,,13,,1,,,,,,9,3,1,1,2,2,,,7,,,,2,,,,,,,,2,,,,,,,,,,,,,,,,,,,,,,,,,,,,,,
Italy_Serie_A,2025-2026,Parma Calcio 1913,21bdtv9f28xkfmo2dy3uk7bah,P. Almqvist,Forward,11,12,6,6,12,28,,50,2,71,38,33,88,24,3,12,7,6,59,32,27,6,8,99,27,9,7,19,12,8,4,4,8,3,3,2,78,54,28,77,3,5,,1,434,22,3,6,13,59,100,79,8,21,202,3,3,10,3,3,22,2,18,0,,36,1,,6,2,14,,1,,,,1,,,,1,,2,,,2,,2,1,,,,,,1,,,,1,,,,,,,,,,,,,,,,,,,,,,,,,,,,,,,,,,
Italy_Serie_A,2025-2026,Parma Calcio 1913,er93au6j7rrp7z3i5c0fmvd3o,P. Amoran,Defender,60,,,,,,,,,,,,,,,,,,,,,,,,,,,,,,,,,,,,,,,,,,,,,,,,,,,,,,,,,,,,,,,,,,,,,,,,,,,,,,,,,,,,,,,,,,,,,,,,,,,,,,,,,,,,,,,,,,,,,,,,,,,,,,,,,,,,
Italy_Serie_A,2025-2026,Parma Calcio 1913,46ltfn6jniswfpkyny5w820b8,G. Astaldi,Goalkeeper,64,,,,,,,,,,,,,,,,,,,,,,,,,,,,,,,,,,,,,,,,,,,,,,,,,,,,,,,,,,,,,,,,,,,,,,,,,,,,,,,,,,,,,,,,,,,,,,,,,,,,,,,,,,,,,,,,,,,,,,,,,,,,,,,,,,,,
Italy_Serie_A,2025-2026,Parma Calcio 1913,5rfktdh40rf3noeykoauyhca2,B. Balogh,Defender,4,,,,,,,,,,,,,,,,,,,,,,,,,,,,,,,,,,,,,,,,,,,,,,,,,,,,,,,,,,,,,,,,,,,,,,,,,,,,,,,,,,,,,,,,,,,,,,,,,,,,,,,,,,,,,,,,,,,,,,,,,,,,,,,,,,,,
Italy_Serie_A,2025-2026,Parma Calcio 1913,79pqp9xigjcfe7xggn23m2q22,T. Begić,Forward,19,,,,1,,,,,,,,1,,,1,,,,,,,,1,,,,,1,,,,1,,,,,,,,,,,,1,,,,,1,1,,,1,1,,,,,,1,,1,0,,,,,,,,,,,,,,,,,,,,,,,,,,,,,,,,,,,,,,,,,,,,,,,,,,,,,,,,,,,,,,,,,,,,,
Italy_Serie_A,2025-2026,Parma Calcio 1913,25wawsdczm69ctbpw5nn51kvd,A. Benedyczak,Forward,7,44,23,21,14,22,1,20,5,69,38,31,75,24,,14,7,7,25,15,10,,8,95,10,7,,9,22,9,5,5,9,2,2,5,70,52,21,66,,6,,3,486,5,8,9,6,49,96,71,6,25,161,8,8,4,2,4,27,6,21,1,,28,1,4,,7,28,,1,,,1,,,1,,,1,3,,2,2,,3,3,1,,1,0,1,,,,,1,,1,1,,,,,1,1,,,,,,,,,,,,,,,,,,,,,,,,,
Italy_Serie_A,2025-2026,Parma Calcio 1913,b7l20ljluxk74v0ok82s0iz56,Adrián Bernabé,Midfielder,10,18,14,4,32,228,6,346,13,228,109,119,494,374,12,32,33,28,210,95,115,17,54,1188,177,43,16,106,214,55,31,25,1,17,2,75,1002,642,450,1000,16,23,,8,2493,49,25,15,61,347,1268,1075,39,193,1724,64,29,27,4,43,216,41,150,0,1,452,1,17,15,29,24,1,21,,38,3,5,3,2,2,1,1,12,12,,44,5,7,2,1,25,,3,0,,,,,4,,1,1,7,,,1,,,,,,,,,,,,,,,,,,,,,,,,,,,
Italy_Serie_A,2025-2026,Parma Calcio 1913,9olzf630oclv41h41p5iunm6s,S. Britschgi,Defender,27,27,16,11,28,161,5,170,12,166,91,75,305,181,7,28,28,22,139,75,64,8,15,591,104,63,17,74,57,17,21,6,7,11,11,15,449,221,241,436,14,19,25,89,2023,27,38,17,22,260,593,451,33,142,1009,37,37,9,16,27,126,53,115,0,1,194,,6,9,9,24,,4,7,,,6,,,,1,,3,,2,3,,3,,,,4,,,,,,2,4,,1,2,,,,,,,,1,,,,,,,1,,,,,,,,,,,,,,1,,
Italy_Serie_A,2025-2026,Parma Calcio 1913,ejmdm3h3oxr0fqubd5sbozq0a,F. Carboni,Defender,29,5,2,3,6,6,,2,1,15,9,6,8,5,2,6,3,2,10,7,3,1,,23,,5,4,2,12,,1,1,5,,,1,18,5,13,17,1,1,,6,97,3,3,3,,11,23,18,2,5,49,2,2,3,1,1,5,2,4,0,,,,,1,,,,,,,,1,,,,,,,,,,,,,,,,,,,,,,1,,,,,,,,,,,,,,,,,,,,,,,,,,,,,,,,,,
Italy_Serie_A,2025-2026,Parma Calcio 1913,acai4cuipuidu0m5m112k6gpg,A. Cardinali,Forward,75,,,,,,,,,,,,,,,,,,,,,,,,,,,,,,,,,,,,,,,,,,,,,,,,,,,,,,,,,,,,,,,,,,,,,,,,,,,,,,,,,,,,,,,,,,,,,,,,,,,,,,,,,,,,,,,,,,,,,,,,,,,,,,,,,,,,
Italy_Serie_A,2025-2026,Parma Calcio 1913,9g96k61ujri3n660p1fzarx1w,G. Casentini,Goalkeeper,67,,,,,,,,,,,,,,,,,,,,,,,,,,,,,,,,,,,,,,,,,,,,,,,,,,,,,,,,,,,,,,,,,,,,,,,,,,,,,,,,,,,,,,,,,,,,,,,,,,,,,,,,,,,,,,,,,,,,,,,,,,,,,,,,,,,,
Italy_Serie_A,2025-2026,Parma Calcio 1913,2rcxz8kiu0lkum593f158rpjo,A. Ciardi,Midfielder,78,,,,,,,,,,,,,,,,,,,,,,,,,,,,,,,,,,,,,,,,,,,,,,,,,,,,,,,,,,,,,,,,,,,,,,,,,,,,,,,,,,,,,,,,,,,,,,,,,,,,,,,,,,,,,,,,,,,,,,,,,,,,,,,,,,,,
Italy_Serie_A,2025-2026,Parma Calcio 1913,c1sj6aogyfpm5wqvhd2bli7e,A. Circati,Defender,39,120,45,75,30,101,30,318,2,221,84,137,82,475,7,30,34,27,101,39,62,24,8,1368,159,34,19,86,378,8,30,3,,,,79,1196,409,845,1175,16,26,2,5,2576,7,149,30,17,213,1427,1254,42,173,1804,4,4,2,29,70,109,68,103,0,,473,,3,3,4,20,,4,10,,1,7,,1,,,1,1,,11,,,,1,1,,6,0,1,1,,2,1,3,,,,,,,,,,,,,,4,4,,,,,,,,,,,,,,,,,,,
Italy_Serie_A,2025-2026,Parma Calcio 1913,6uetx44c6p0zjcjxa5zce9m38,B. Conde,Defender,70,,,,,,,,,,,,,,,,,,,,,,,,,,,,,,,,,,,,,,,,,,,,,,,,,,,,,,,,,,,,,,,,,,,,,,,,,,,,,,,,,,,,,,,,,,,,,,,,,,,,,,,,,,,,,,,,,,,,,,,,,,,,,,,,,,,,
Italy_Serie_A,2025-2026,Parma Calcio 1913,ais3wh8wz8oeyjpwv84o4ybfu,E. Corvi,Goalkeeper,40,2,,2,16,,,52,,8,1,7,,246,,16,18,17,6,1,5,,,297,21,1,,137,122,,16,,,,,75,237,49,303,277,1,,,,1440,,17,,5,128,479,352,1,127,657,,,,75,124,93,34,3,0,,111,,,,,,,,6,,,1,,,,,,,,32,,,,,,,1,,,,,,,3,9,,,,,,,,,,,,,173,118,,31,,15,3,,9,44,31,12,,1,15,,3,2,,,1
Italy_Serie_A,2025-2026,Parma Calcio 1913,5q5ti9wmab56mk2995qk01ixg,B. Cremaschi,Midfielder,25,4,1,3,8,15,1,16,1,17,10,7,33,18,1,8,3,3,13,9,4,,1,51,10,3,,7,2,1,2,1,6,1,1,1,37,30,8,36,,2,,3,129,5,5,2,,27,51,37,2,14,84,5,5,2,4,5,13,6,9,0,,16,,1,2,1,2,,,1,,,,,,,,,,,,1,,,,,,,,,,,,,,,,,,,,,,,,,,,,,,,,,,,,,,,,,,,,,,,
Italy_Serie_A,2025-2026,Parma Calcio 1913,7dnu1vdavskc4ct33k88lpdcl,P. Cutrone,Forward,32,30,20,10,15,42,2,56,7,79,44,35,173,44,4,15,11,8,49,24,25,3,3,173,29,14,1,21,57,3,11,10,4,,,1,113,87,28,114,5,1,,1,891,13,7,7,16,119,175,115,6,60,330,12,12,8,1,7,63,9,53,0,1,32,8,10,4,17,39,2,8,,,1,3,,1,,1,1,7,,1,10,,2,5,1,,,1,0,,,,,1,,,,,,,,,,,,,,,,,,,,,,,,,,,,,,,,,,
Italy_Serie_A,2025-2026,Parma Calcio 1913,r9rn4eaw3twb224jrpojz0x6,E. Delprato,Defender,15,70,36,34,35,151,22,215,12,161,76,85,215,432,5,35,40,34,91,40,51,24,7,1075,113,31,23,76,129,7,34,5,1,5,5,47,924,368,600,916,14,22,48,109,2953,8,108,16,10,242,1119,963,36,156,1632,14,14,4,33,81,129,41,75,0,,407,6,6,5,15,34,,3,9,,2,6,,2,,1,1,9,,11,1,,1,4,1,,5,1,1,1,1,,,4,1,,,,,,,,,,,,,9,9,,,,,,,,,,,,,,,,,,,
Italy_Serie_A,2025-2026,Parma Calcio 1913,dp1y9x5r6z1q120hj3sgyhxat,M. Đurić,Forward,30,92,20,72,22,27,,9,2,112,30,82,115,61,2,22,12,12,20,10,10,,4,155,3,3,,9,39,5,3,2,19,,,3,72,59,15,71,1,,1,,444,4,10,5,9,101,157,74,1,83,219,2,2,2,1,2,80,5,81,0,,30,2,7,1,12,40,3,3,,,,,,,,,,5,,,10,,2,,,,2,,,,,,,,,1,1,,,,,,,,,,,,,,,,,,,,,,,,,,,,,,,
Italy_Serie_A,2025-2026,Parma Calcio 1913,a0pgxy0u3ecyl0v1e95cks0lw,D. Drobnič,Defender,61,,,,,,,,,,,,,,,,,,,,,,,,,,,,,,,,,,,,,,,,,,,,,,,,,,,,,,,,,,,,,,,,,,,,,,,,,,,,,,,,,,,,,,,,,,,,,,,,,,,,,,,,,,,,,,,,,,,,,,,,,,,,,,,,,,,,
Italy_Serie_A,2025-2026,Parma Calcio 1913,4ilb0ze8usfyb8893fhh9zoyc,N. Elphege,Forward,23,36,17,19,9,18,,17,1,47,22,25,49,19,1,9,2,1,11,5,6,,3,60,11,1,1,10,10,4,2,3,7,,,,39,28,13,41,2,,,,306,2,2,3,,31,62,41,2,21,99,,,2,,1,20,1,20,2,,15,3,2,4,5,15,1,1,,,2,1,2,2,1,,1,3,,,1,1,,2,2,,,1,1,,,,,,,1,1,,,,,,,,,,,,,,,,,,,,,,,,,,,,,,,
Italy_Serie_A,2025-2026,Parma Calcio 1913,1to07m18m7wqroewvyxzrz0lx,N. Estévez,Midfielder,8,59,26,33,32,56,4,74,6,113,50,63,111,196,2,32,11,9,54,24,30,6,12,504,28,10,5,51,147,13,9,4,23,12,1,30,395,235,195,388,9,9,1,,1032,6,47,11,13,164,536,418,18,118,723,31,9,2,25,41,112,37,77,0,,137,,2,,3,9,1,6,4,22,,2,,,,,,1,5,8,4,1,2,1,,16,3,,,1,,,,3,1,1,1,,1,,,,,,,,,,,,,,,,,,,,,,,,,,,,,
Italy_Serie_A,2025-2026,Parma Calcio 1913,44f0q2ucrld1rwcwx63vgs7hl,Gabriel Strefezza,Forward,7,14,9,5,14,94,,191,10,141,75,66,266,88,11,14,13,9,127,66,61,5,12,345,80,18,7,38,102,14,13,10,1,8,5,10,295,229,76,287,4,12,,2,1015,34,4,21,28,148,348,297,16,51,575,31,20,16,,14,75,7,37,0,1,64,2,11,17,18,29,,6,,15,2,4,2,2,,6,2,7,3,,22,1,3,,,11,3,2,0,2,,,,1,,2,2,,,,,,,,,,,,,,,,,,,,,,,,,,,,,,,
Italy_Serie_A,2025-2026,Parma Calcio 1913,8k88isvd2hwr5e4gn9oxzr2t,Vicente Guaita,Goalkeeper,13,,,,,,,,,,,,,,,,,,,,,,,,,,,,,,,,,,,,,,,,,,,,,,,,,,,,,,,,,,,,,,,,,,,,,,,,,,,,,,,,,,,,,,,,,,,,,,,,,,,,,,,,,,,,,,,,,,,,,,,,,,,,,,,,,,,,
Italy_Serie_A,2025-2026,Parma Calcio 1913,8zke93n0uca6gf2jihqby28d1,Hernani,Midfielder,23,3,1,2,4,3,,7,,11,5,6,13,11,2,4,2,2,8,4,4,1,1,22,5,4,3,5,4,1,,,4,,,4,15,12,5,13,1,,,,69,2,2,2,3,13,24,17,1,7,43,2,,1,1,2,9,,5,0,,6,1,,,,1,,1,,1,,,,,,1,,,,,,,,,,1,,,,,,,,1,,,,,,,,,,,,,,,,,,,,,,,,,,,,,,,,,,
Italy_Serie_A,2025-2026,Parma Calcio 1913,6we9p6sqaptlr1adqjmcadl3o,A. Joujou,Forward,21,,,,,,,,,,,,,,,,,,,,,,,,,,,,,,,,,,,,,,,,,,,,,,,,,,,,,,,,,,,,,,,,,,,,,,,,,,,,,,,,,,,,,,,,,,,,,,,,,,,,,,,,,,,,,,,,,,,,,,,,,,,,,,,,,,,,
Italy_Serie_A,2025-2026,Parma Calcio 1913,cjf412x9sg56vos0jkj85k3ys,M. Keita,Midfielder,16,32,13,19,36,171,11,378,1,277,104,173,193,284,18,36,37,29,245,91,154,44,10,1151,169,41,24,151,447,11,35,16,1,,,44,1014,489,554,999,28,44,1,3,2919,42,31,30,56,227,1180,1043,72,137,1621,3,3,16,10,16,84,56,121,0,,278,,8,26,12,8,2,3,9,,1,8,1,1,,3,1,4,,2,20,,,,,,1,1,0,4,,1,,4,,,1,,,,,,,,,,,,,1,,,,,,,,,,,,,,,,,,
Italy_Serie_A,2025-2026,Parma Calcio 1913,5cbgzhflcbbrh3s1bbb5cx4pg,A. Konaté,Midfielder,79,,,,,,,,,,,,,,,,,,,,,,,,,,,,,,,,,,,,,,,,,,,,,,,,,,,,,,,,,,,,,,,,,,,,,,,,,,,,,,,,,,,,,,,,,,,,,,,,,,,,,,,,,,,,,,,,,,,,,,,,,,,,,,,,,,,,
Italy_Serie_A,2025-2026,Parma Calcio 1913,3m81rmpqzm0j40978dmjig38q,M. Løvik,Defender,18,13,10,3,9,52,,28,2,46,28,18,78,32,1,9,8,5,33,18,15,6,2,125,14,9,6,19,22,2,5,4,4,4,4,5,99,55,50,96,5,6,7,14,472,9,9,3,2,62,127,101,11,26,234,11,11,9,4,7,32,5,19,0,,21,2,2,2,2,8,,1,,,,3,,,,,,,,1,,,,,,,,,,,,,,1,,,,,,,,,,,,,,,,,,,,,,,,,,,,,,,,,,
Italy_Serie_A,2025-2026,Parma Calcio 1913,aghkc1yeurmb1yjzn33dxkq38,M. Mena,Defender,63,,,,,,,,,,,,,,,,,,,,,,,,,,,,,,,,,,,,,,,,,,,,,,,,,,,,,,,,,,,,,,,,,,,,,,,,,,,,,,,,,,,,,,,,,,,,,,,,,,,,,,,,,,,,,,,,,,,,,,,,,,,,,,,,,,,,
Italy_Serie_A,2025-2026,Parma Calcio 1913,1rqera0cryw0iojnk59skbv2s,D. Mikołajewski,Forward,76,2,2,,2,1,,,,7,5,2,4,1,,2,,,5,3,2,,,2,,,,,,,,,2,,,,2,1,1,2,1,,,,23,,,2,1,2,2,2,1,,9,,,,,,,,,0,,,2,,,,2,,,,,,,,,,,,,,,,,,,,,,,,,,,,,,,,,,,,,,,,,,,,,,,,,,,,,,,,,,,,,,
Italy_Serie_A,2025-2026,Parma Calcio 1913,7pd1rtu3x4tjacwmvuodib4oa,A. Ndiaye,Defender,3,44,20,24,10,29,3,84,1,93,41,52,21,138,6,10,10,7,49,21,28,12,1,385,29,12,8,27,194,1,9,2,1,,,14,320,90,252,328,6,9,,3,751,2,42,13,12,74,408,342,15,66,537,,,1,15,30,45,21,36,0,,47,,6,2,6,6,,,2,,,3,,,,,,,,3,,,,1,,,3,,,,,1,1,1,,,,,,,,,,,1,,,7,7,,,1,,,,,,,,,,,,,,,,
Italy_Serie_A,2025-2026,Parma Calcio 1913,a6lo3s66xv87llkhwveoq1vqh,H. Nicolussi,Midfielder,41,21,11,10,25,84,3,168,10,150,81,69,183,214,9,25,23,19,129,70,59,6,13,675,66,18,7,60,232,17,16,12,9,13,1,38,572,323,300,572,12,13,,1,1369,37,25,22,23,209,724,610,25,114,978,38,10,10,7,33,126,26,81,0,,194,,5,11,7,7,,10,,33,,4,,,,,,2,10,4,19,1,4,,,20,4,,,2,,,,2,,2,4,3,,,,,,,,,,,,,,,,,,,,,,,,,,,,,,
Italy_Serie_A,2025-2026,Parma Calcio 1913,4s3dvpdloqr1hpl9svn8rk222,J. Ondrejka,Forward,17,7,6,1,16,46,,97,5,81,49,32,177,67,5,16,14,12,74,43,31,3,5,201,57,6,,26,67,5,9,9,7,4,4,3,159,128,39,160,5,2,,1,776,32,3,8,14,94,205,163,7,42,345,9,7,20,,1,44,7,41,0,1,25,1,8,10,15,28,1,6,,2,,2,,,,,,7,,,6,,,2,,2,2,,,1,,,,1,,,,,,,,,,,,,,,,,,,,,,,,,,,,,,,,,,
Italy_Serie_A,2025-2026,Parma Calcio 1913,e5pi22e4qopz95q3y5co7thqs,C. Ordoñez,Midfielder,24,25,19,6,27,51,7,60,1,117,74,43,95,66,7,27,14,12,92,55,37,6,4,221,25,17,15,33,58,4,11,8,16,1,1,1,183,109,79,186,10,13,,1,995,20,11,16,10,92,226,187,23,39,394,9,3,9,4,7,36,12,32,1,,51,,4,4,6,4,1,2,,5,1,2,1,,,1,1,2,,,4,1,,,,4,3,0,1,,,,,1,,,,,,,1,,,,1,,,,,,,1,,,,,,,,,,,,,,,,
Italy_Serie_A,2025-2026,Parma Calcio 1913,3kbhgmnf6bhfgut0jxf4m2sfe,G. Oristanio,Midfielder,21,19,10,9,20,39,,117,2,120,68,52,208,30,3,20,13,9,101,58,43,2,10,154,61,11,8,30,16,10,8,9,12,4,4,10,126,108,24,118,4,5,,1,857,42,6,13,20,116,156,128,9,28,371,12,12,16,,1,35,5,27,0,2,71,4,10,15,14,39,,10,,2,1,4,1,1,1,,,4,,,,1,,2,1,,1,1,0,4,,,,,,,,,,,,,,,,,,,,,,,,,,,,,,,,,,,,,,
Italy_Serie_A,2025-2026,Parma Calcio 1913,7maur0rp96hubnkuu84576wpg,M. Pellegrino,Forward,9,250,132,118,36,116,5,132,19,525,301,224,436,121,17,36,38,30,275,169,106,4,19,438,60,41,17,83,98,19,33,13,3,,,13,263,193,95,275,6,11,,,2901,87,40,83,67,394,463,288,17,175,991,11,11,22,4,14,166,20,161,4,2,128,11,29,23,50,125,7,20,3,,8,8,4,7,3,4,,21,,,24,3,4,9,7,,5,3,5,9,5,,,4,,,1,,,,1,1,1,,,,,,,,,,,,,,,,,,,,,,,,,
Italy_Serie_A,2025-2026,Parma Calcio 1913,7ygfxjgn90rx0moga0aorjdhw,E. Plicco,Midfielder,65,,,,,,,,,,,,,,,,,,,,,,,,,,,,,,,,,,,,,,,,,,,,,,,,,,,,,,,,,,,,,,,,,,,,,,,,,,,,,,,,,,,,,,,,,,,,,,,,,,,,,,,,,,,,,,,,,,,,,,,,,,,,,,,,,,,,
Italy_Serie_A,2025-2026,Parma Calcio 1913,824rbovqk1q9ta7i4dzo26bmy,F. Rinaldi,Goalkeeper,66,2,,2,1,,,7,,2,,2,,28,,1,,,,,,,,19,1,,,13,8,,1,,,,,7,11,4,17,14,,,,,90,,1,,,23,44,21,,23,59,,,,9,23,20,3,,0,,8,,,,,,,,1,,,,,,,,,,,1,,,,,,,1,,,,,,,,1,,,,,,,,,,,,,12,13,,7,,2,,,1,4,3,1,,,3,,1,1,,,
Italy_Serie_A,2025-2026,Parma Calcio 1913,2760f071guwroy5hy5ttvndas,D. Šits,Forward,77,,,,,,,,,,,,,,,,,,,,,,,,,,,,,,,,,,,,,,,,,,,,,,,,,,,,,,,,,,,,,,,,,,,,,,,,,,,,,,,,,,,,,,,,,,,,,,,,,,,,,,,,,,,,,,,,,,,,,,,,,,,,,,,,,,,,
Italy_Serie_A,2025-2026,Parma Calcio 1913,2mfunwzltzdnmzlcjyvx752i,Z. Suzuki,Goalkeeper,31,7,,7,20,,,75,,12,1,11,,462,,20,28,20,5,1,4,,1,405,38,2,,178,139,1,20,,,,,161,296,124,310,273,,,,,1800,,25,,4,273,699,434,,265,921,,,,133,261,240,25,4,0,,98,,,,,,,,5,,,8,,,,,,,,57,,,,,,,1,,,,,,,2,17,,,,,,,,,,,,,164,158,,77,,25,3,1,10,66,43,23,1,2,17,,3,3,,,
Italy_Serie_A,2025-2026,Parma Calcio 1913,drlp4xtkta08jiu0px6m4ocq2,O. Sørensen,Midfielder,22,39,25,14,33,104,2,139,5,141,85,56,239,162,8,33,28,23,102,60,42,17,9,504,68,29,20,61,146,10,19,10,14,2,2,17,416,256,166,403,11,7,3,1,1816,33,31,13,20,168,508,420,18,88,769,12,12,16,13,18,78,22,70,1,1,96,2,6,6,9,28,,5,2,,1,5,1,1,,1,,3,,5,8,1,1,2,1,,2,1,0,1,1,,,3,,1,1,,,,,,,,,,,,,,,,,,,,,,,,,,,,,,,
Italy_Serie_A,2025-2026,Parma Calcio 1913,c09dus9buhftgt9masd0ahst0,E. Tigani,Midfielder,77,,,,,,,,,,,,,,,,,,,,,,,,,,,,,,,,,,,,,,,,,,,,,,,,,,,,,,,,,,,,,,,,,,,,,,,,,,,,,,,,,,,,,,,,,,,,,,,,,,,,,,,,,,,,,,,,,,,,,,,,,,,,,,,,,,,,
Italy_Serie_A,2025-2026,Parma Calcio 1913,6rxw2uuw2itwbr90nodrz0x04,N. Trabucchi,Defender,63,,,,,,,,,,,,,,,,,,,,,,,,,,,,,,,,,,,,,,,,,,,,,,,,,,,,,,,,,,,,,,,,,,,,,,,,,,,,,,,,,,,,,,,,,,,,,,,,,,,,,,,,,,,,,,,,,,,,,,,,,,,,,,,,,,,,
Italy_Serie_A,2025-2026,Parma Calcio 1913,5pb27xx81rwtal31u892ydes4,M. Troilo,Defender,37,61,23,38,20,40,18,188,1,147,61,86,46,259,6,20,24,20,86,38,48,16,6,760,108,16,13,61,197,6,17,2,3,1,1,39,678,227,481,668,9,17,,2,1538,5,115,25,20,99,793,707,26,86,1056,,,2,21,38,62,24,48,1,,297,1,4,5,6,22,,3,4,,1,4,,1,,,,2,,5,,,1,,1,,6,0,1,1,1,2,2,2,2,,,,2,,,,,1,2,,,1,1,,,1,,,,,,,,,,,,,,,,
Italy_Serie_A,2025-2026,Parma Calcio 1913,befbveuodyomkhm9ed31kb4a2,L. Valenti,Defender,5,73,33,40,26,68,25,209,7,193,80,113,134,428,8,26,30,23,120,47,73,25,10,1003,108,35,12,80,417,10,24,1,2,1,1,57,788,273,559,774,20,29,49,31,2190,14,143,23,17,325,1062,831,49,231,1515,18,18,6,67,126,171,78,105,0,,149,,4,8,8,15,,8,6,,,7,,,,,,4,,15,,,3,,,,6,,,,,2,,5,,,,1,1,,,,,,,,,14,19,,5,,,,,,,,,,,,,,,1,,
Italy_Serie_A,2025-2026,Parma Calcio 1913,d9bg5jjv8pz0f8u55x3hg0962,E. Valeri,Defender,14,33,19,14,33,131,3,237,23,207,110,97,577,269,13,33,32,26,174,91,83,22,47,707,185,51,14,103,312,49,28,5,5,53,26,51,516,343,248,487,14,31,88,151,2569,42,42,23,24,548,732,538,45,194,1530,174,123,19,32,54,312,56,140,0,,20,3,8,14,13,28,,8,9,46,,6,,,,1,,5,11,7,1,,4,1,,35,2,,,,,,,2,1,2,2,3,,,,,,,,,,,,,,,,,,,,,,,,,,,,,,
Italy_Serie_A,2025-2026,Pisa Sporting Club,bpfg11qh1q0zj2x6sqd3srvmx,M. Aebischer,Midfielder,20,35,21,14,34,265,6,340,5,254,124,130,322,478,29,34,47,40,219,103,116,35,31,1395,164,41,20,167,365,32,32,7,2,14,6,91,1181,590,694,1179,29,35,,7,2839,27,31,44,38,333,1489,1270,64,219,1915,29,17,15,46,84,183,65,135,0,,381,,11,14,16,23,,3,4,20,1,7,1,,,,1,5,8,10,21,5,7,1,,8,8,1,0,2,,,,4,,,1,1,,,1,,,,,,,,,,,,,,,,,,,,,,,,,1,,
Italy_Serie_A,2025-2026,Pisa Sporting Club,3o7gvykqi9ldgjrzxl14dqas4,E. Akinsanmiro,Midfielder,14,32,18,14,23,83,6,177,1,193,91,102,162,157,15,23,27,20,161,73,88,26,15,469,90,13,9,104,123,16,15,8,8,3,3,20,400,216,196,389,15,24,,3,1401,39,14,29,28,157,478,409,39,69,767,8,8,19,5,20,58,19,49,0,2,115,1,8,21,11,14,,2,2,,,7,,,,2,,3,,1,10,2,3,2,,,2,,,2,,,,1,,1,1,,,,,,,,,,,,,,,,,,,,,,,,,,,,,,,
Italy_Serie_A,2025-2026,Pisa Sporting Club,e615cmv1tfzu84f0z8mwi5711,Raúl Albiol,Defender,39,15,8,7,8,11,6,66,,33,17,16,7,93,3,8,11,9,18,9,9,6,2,247,29,3,1,19,70,3,5,3,3,1,1,32,212,70,149,186,3,4,,1,502,1,60,6,2,39,253,218,7,35,352,,,,15,22,26,9,13,0,,79,,,,,4,,1,1,,,2,,,,,,,,6,,,1,,,,1,,,,,,,,,1,1,,,,,,,,,,,3,3,,,,,,,,,,,,,,,,,,,
Italy_Serie_A,2025-2026,Pisa Sporting Club,56ekwofu3616kd4qjlirphdzo,S. Angori,Defender,3,43,24,19,34,119,8,161,21,203,76,127,399,337,8,34,50,46,160,52,108,22,33,691,86,51,20,98,242,35,29,11,5,43,24,47,491,320,249,479,22,24,7,51,2514,21,58,16,54,396,736,526,46,210,1296,122,68,9,42,87,259,73,123,0,,38,3,5,9,7,27,1,6,2,53,,4,,,,2,,2,12,9,2,,5,1,,36,2,,,1,,,,5,,2,2,2,,,,,,,,,,,,,,,,,,,,,,,,,,,,,,
Italy_Serie_A,2025-2026,Pisa Sporting Club,8zd975j4gkelelqph7i2asjys,B. Bettazzi,Midfielder,42,,,,,,,,,,,,,,,,,,,,,,,,,,,,,,,,,,,,,,,,,,,,,,,,,,,,,,,,,,,,,,,,,,,,,,,,,,,,,,,,,,,,,,,,,,,,,,,,,,,,,,,,,,,,,,,,,,,,,,,,,,,,,,,,,,,,
Italy_Serie_A,2025-2026,Pisa Sporting Club,ewhxpafqa4wvkv8945hhgrehg,G. Bonfanti,Defender,94,17,8,9,9,11,2,40,7,61,31,30,65,76,4,9,11,7,44,23,21,7,3,125,22,8,1,19,45,3,6,5,3,2,2,11,77,33,60,80,7,6,20,21,495,12,26,10,3,97,140,91,13,49,288,10,10,7,12,24,45,14,25,0,,8,,3,5,4,9,,2,1,,,4,,,,1,,1,,2,,,,,,,1,,,1,,,,,,,,,,,,,,,,,,10,10,,,,,,,,,,,,,,,,,,,
Italy_Serie_A,2025-2026,Pisa Sporting Club,6izgen8la7c7pha7q3ja279jo,R. Bozhinov,Defender,2,25,10,15,8,30,4,87,,45,24,21,16,125,6,8,8,8,20,14,6,11,4,317,49,8,4,18,122,4,7,3,1,1,1,11,274,97,188,273,1,5,7,13,524,1,28,12,1,57,328,284,6,44,425,2,2,1,12,22,32,14,22,0,,51,2,1,,2,3,,,,,,,,,,,,1,,1,,1,1,,,,1,,,,,,,,,,,,,,,,,,1,,,4,4,,,1,,,,,,,,,,,,,,,,
Italy_Serie_A,2025-2026,Pisa Sporting Club,apj8n0e2b1o4vfgfb8vrylafo,L. Buffon,Forward,16,3,3,,4,4,,3,,7,6,1,6,,,4,1,1,4,3,1,,,6,1,,,1,1,,,,4,,,,5,4,1,5,,,,,29,2,,1,1,7,6,5,,1,14,,,1,,,1,,1,0,,1,,,,,,,,,,,,,,,,,,,,1,,,,,,,,,,,,,,,,,,,,,,,,,,,,,,,,,,,,,,,,,,,,,,,
Italy_Serie_A,2025-2026,Pisa Sporting Club,19xao2zbulnj2ui07q0zc67rp,A. Calabresi,Defender,33,38,20,18,25,56,13,84,3,137,80,57,120,196,13,25,28,26,99,60,39,18,4,462,47,24,15,53,44,4,16,13,9,3,3,28,378,136,256,361,9,9,37,82,1439,11,69,31,23,161,475,389,18,86,833,14,14,6,18,37,79,21,49,0,,179,1,1,2,2,11,,2,1,,,2,,,,,,1,,8,2,,,,,,8,,,1,,,,4,1,,,,1,1,,,,,,,,,,,,,,,,,,,,,,,,,,,,
Italy_Serie_A,2025-2026,Pisa Sporting Club,bxqbdvs3o73d2ck83wstwpg8a,S. Canestrelli,Defender,5,152,59,93,36,64,20,207,7,274,118,156,171,475,10,36,63,53,122,59,63,32,10,1105,113,34,18,93,324,10,35,2,1,1,1,67,878,304,642,878,16,23,68,92,3111,8,182,42,21,335,1177,945,39,232,1770,11,11,2,55,96,164,79,136,0,,314,1,8,3,11,46,,4,5,,1,10,,1,,,,3,,16,,,1,2,,,4,1,0,2,1,2,1,5,1,,,,1,,,,,,,,,39,39,,,,,,,,,,,,,,,,,,,
Italy_Serie_A,2025-2026,Pisa Sporting Club,5tyedyaxnojij3ktc4w44dsd1,A. Caracciolo,Defender,4,95,40,55,35,76,24,203,3,261,122,139,82,441,19,35,60,51,166,82,84,51,2,1186,77,34,22,115,293,2,34,3,1,1,1,63,998,234,805,975,28,43,7,28,3074,14,192,40,11,237,1231,1038,71,193,1764,2,2,6,57,100,126,69,93,1,,421,2,14,3,20,28,,5,5,,2,9,,2,,1,2,6,,13,1,,,1,2,,10,2,0,3,,1,1,3,,,,,,,,,,,,,,7,7,1,,,,,,,,,,,,,,,,,,
Italy_Serie_A,2025-2026,Pisa Sporting Club,7m9zsxwbrrqsxw79xcb07yo7o,F. Coppola,Defender,26,10,7,3,7,15,4,22,,52,27,25,36,46,3,7,15,13,42,20,22,4,,114,12,7,5,12,36,,5,,2,1,1,3,94,43,61,100,8,5,22,30,457,1,13,7,9,49,123,103,13,20,249,1,1,,1,3,14,7,17,0,,26,,,,,4,,2,,,,2,,,,,,,,2,1,,,,,,3,,,,,,1,2,,,,,,,,,,,,,,7,7,,,,,,,,,,,,,,,,,,,
Italy_Serie_A,2025-2026,Pisa Sporting Club,pconfrmsdy9aikioqz9s9lg5,J. Cuadrado,Midfielder,11,6,4,2,18,32,2,84,2,95,48,47,116,62,7,18,9,6,89,44,45,4,12,194,46,9,4,28,51,12,2,2,16,16,7,17,158,104,76,147,6,10,5,18,472,26,6,9,16,105,201,164,16,37,393,25,17,17,3,12,55,7,25,0,1,56,,3,13,5,6,,5,,7,1,3,,1,,2,1,2,2,2,1,,2,,1,5,3,0,1,,,,,,,,,1,,,,1,1,,,,,,,,,,,,,,,,,,,,,,,,,
Italy_Serie_A,2025-2026,Pisa Sporting Club,e3watd4hjax0splswksn79o9g,D. Denoon,Defender,44,2,2,,2,11,,3,,13,7,6,4,6,2,2,1,1,11,5,6,1,,31,,1,1,4,1,,2,2,,,,1,26,4,23,26,1,2,2,6,123,1,3,4,3,11,32,27,3,5,57,,,,,2,3,2,3,0,,14,,,,,,,,,,,,,,,,,,,,,,,,,,1,,,,,,,,,,,,,,,,,,,,,,,,,,,,,,,,,,,,,,,,,
Italy_Serie_A,2025-2026,Pisa Sporting Club,dfm713mnksqgj66x18443wetw,M. Durmush,Midfielder,77,,,,,,,,,,,,,,,,,,,,,,,,,,,,,,,,,,,,,,,,,,,,,,,,,,,,,,,,,,,,,,,,,,,,,,,,,,,,,,,,,,,,,,,,,,,,,,,,,,,,,,,,,,,,,,,,,,,,,,,,,,,,,,,,,,,,
Italy_Serie_A,2025-2026,Pisa Sporting Club,9v54aj9t3bby2nfzcwtr15o2c,R. Durosinmi,Forward,17,52,29,23,12,23,,28,1,86,58,28,70,20,2,12,10,10,34,29,5,1,2,82,14,2,,12,24,3,4,3,8,,,3,48,37,14,48,,,,2,430,15,5,15,2,69,85,51,,34,161,,,4,,,30,4,34,0,,18,3,3,3,8,14,1,1,,,1,,,1,,,,5,,,9,,,1,,,1,1,0,,1,,,,,1,1,,,,,,,1,1,,,,,,,,,,,,,,,,,,,,,,,
Italy_Serie_A,2025-2026,Pisa Sporting Club,3iys2r96n4sk8g9eethg6bys,T. Guizzo,Goalkeeper,34,,,,,,,,,,,,,,,,,,,,,,,,,,,,,,,,,,,,,,,,,,,,,,,,,,,,,,,,,,,,,,,,,,,,,,,,,,,,,,,,,,,,,,,,,,,,,,,,,,,,,,,,,,,,,,,,,,,,,,,,,,,,,,,,,,,,
Italy_Serie_A,2025-2026,Pisa Sporting Club,eyx42tgneccybvhk8bfhtcaqy,M. Højholt,Midfielder,8,13,8,5,16,41,3,21,,65,42,23,48,80,10,16,23,21,52,34,18,9,3,234,9,7,4,24,72,3,9,7,7,1,1,6,194,82,125,200,4,8,,,805,5,7,14,5,55,246,206,12,40,316,3,3,2,7,12,39,4,28,0,,53,,2,1,4,4,,,,,,2,,,,,,2,,2,5,,,2,,,2,,,,,,,1,,,,,,,,,,,,,,,,,,,,,,,,,,,,,,,,,,
Italy_Serie_A,2025-2026,Pisa Sporting Club,9p621hq50jdkujzy4309sagkq,S. Iling-Junior,Forward,19,2,2,,5,9,,10,,12,10,2,28,6,1,5,4,4,10,8,2,,1,30,8,,,5,13,1,1,1,4,1,1,,17,9,9,17,,2,,3,107,6,,1,,27,30,17,2,13,53,4,4,3,1,1,14,3,12,0,,2,,,,,,2,,,,,,,,,,,,,,1,,,,,,,,,,,,,,,,,,,,,,,,,,,,,,,,,,,,,,,,,,,,,,,
Italy_Serie_A,2025-2026,Pisa Sporting Club,4dmx0ug820lx8tp4cgaug2mfo,J. Mbambi,Defender,76,,,,,,,,,,,,,,,,,,,,,,,,,,,,,,,,,,,,,,,,,,,,,,,,,,,,,,,,,,,,,,,,,,,,,,,,,,,,,,,,,,,,,,,,,,,,,,,,,,,,,,,,,,,,,,,,,,,,,,,,,,,,,,,,,,,,
Italy_Serie_A,2025-2026,Pisa Sporting Club,c4qsgb6gsxzbelqd509ymritw,Lorran,Midfielder,99,3,3,,9,13,,36,,26,12,14,39,14,,9,8,8,23,9,14,3,1,58,20,4,2,7,10,1,,,9,1,1,3,45,30,18,44,1,4,,1,113,8,1,,3,33,60,47,5,13,108,3,3,6,,5,14,2,8,0,,23,,1,6,2,7,,1,,,1,,1,1,1,,,1,,2,2,,,,1,,,0,1,,,,,1,,,,,,,,,,,,,,,,,,,,,,,,,,,,,,,,,,
Italy_Serie_A,2025-2026,Pisa Sporting Club,4dolo56tslvd87m90fq11ustm,F. Loyola,Defender,35,7,6,1,10,35,1,74,1,48,32,16,49,44,6,10,15,14,41,26,15,7,4,187,36,8,6,26,71,4,6,5,4,,,9,160,79,83,153,3,7,,1,509,14,8,8,2,63,189,162,10,27,280,4,4,3,2,4,23,8,23,0,,39,,3,3,4,5,1,4,,,1,1,1,1,,2,1,1,,1,4,,1,,1,,,1,0,,,,1,1,,,,,,,,,,1,1,,,,,,,,,,,,,,,,,,,,,,,
Italy_Serie_A,2025-2026,Pisa Sporting Club,4ro98sumsv73jdng9fax8msk4,M. Luppichini,Goalkeeper,31,,,,,,,,,,,,,,,,,,,,,,,,,,,,,,,,,,,,,,,,,,,,,,,,,,,,,,,,,,,,,,,,,,,,,,,,,,,,,,,,,,,,,,,,,,,,,,,,,,,,,,,,,,,,,,,,,,,,,,,,,,,,,,,,,,,,
Italy_Serie_A,2025-2026,Pisa Sporting Club,6u6mobmk6lpvwebo76ddxr3s9,M. Léris,Midfielder,7,82,29,53,33,116,8,180,11,266,114,152,382,205,14,33,40,33,184,85,99,19,24,528,93,43,18,100,105,27,20,15,13,31,23,22,365,250,154,351,30,34,7,44,1836,43,37,27,21,328,536,373,64,163,1050,64,51,25,23,43,182,45,120,0,1,110,8,8,15,15,36,1,10,,20,2,7,,2,,4,2,7,6,7,3,,5,3,1,9,2,1,1,4,,,1,2,,3,3,,,1,,,,,,,,,,,,,,,,,,,,,,,,,,,,
Italy_Serie_A,2025-2026,Pisa Sporting Club,8zltxvt0rcrcv96x1wmdhlrrp,M'Bala Nzola,Forward,18,76,34,42,28,92,1,155,9,204,109,95,282,56,7,28,19,13,128,75,53,3,18,270,79,8,4,69,42,19,14,9,14,1,1,7,212,154,65,211,4,4,,2,1433,51,11,28,26,181,276,218,8,58,550,6,6,17,,3,56,8,55,0,1,86,15,16,19,27,78,4,10,2,,4,6,2,4,4,3,,11,,,18,1,1,4,4,,2,1,3,7,,,,2,,1,1,,,,,3,2,1,1,,,,,,,,,,,,,,,,,,,,,,,
Italy_Serie_A,2025-2026,Pisa Sporting Club,93cnkzi86q36c8n86mo35q5t5,M. Marin,Midfielder,6,16,8,8,23,79,4,78,1,149,76,73,122,178,22,23,22,18,133,68,65,13,2,430,41,15,6,69,102,2,18,14,5,1,1,34,329,175,171,311,18,27,,1,1287,12,23,36,20,143,447,345,45,102,639,17,17,4,24,36,95,24,66,0,,88,,1,1,1,7,1,2,,,,4,,,,,,,,10,6,4,,,,,7,,,1,,1,,3,,,,,,,,,,,,,,,,,,,,,,,,,,,,,,,,,,
Italy_Serie_A,2025-2026,Pisa Sporting Club,bvnzh2sq474xl2wj7jser1uz8,Mateus Lusuardi,Defender,47,10,2,8,3,8,5,16,,21,10,11,6,34,,3,5,4,11,8,3,,1,73,8,,,7,25,1,3,2,,,,4,59,17,48,61,,2,,,199,1,12,4,,17,79,65,2,14,107,1,1,1,1,5,12,3,9,0,,12,,1,1,1,4,,3,,,,1,,,,,,,,1,,,,,,,1,,,,,,,,,,,,,,,,,,,,,6,6,,,,,,,,,,,,,,,,,,,
Italy_Serie_A,2025-2026,Pisa Sporting Club,ehxxp1w5vh7avahro2ro6ohsk,G. Maucci,Midfielder,72,,,,,,,,,,,,,,,,,,,,,,,,,,,,,,,,,,,,,,,,,,,,,,,,,,,,,,,,,,,,,,,,,,,,,,,,,,,,,,,,,,,,,,,,,,,,,,,,,,,,,,,,,,,,,,,,,,,,,,,,,,,,,,,,,,,,
Italy_Serie_A,2025-2026,Pisa Sporting Club,5d6txeello867oroqdv0y5wk4,H. Meister,Forward,9,78,45,33,28,52,,69,6,190,122,68,194,31,9,28,28,24,112,77,35,1,5,151,39,22,11,29,45,5,15,9,13,,,2,95,72,28,98,2,3,,,1512,50,7,26,17,160,156,100,5,56,378,1,1,24,2,4,50,7,52,0,1,28,5,8,13,16,53,4,4,,,2,4,2,2,,4,2,8,,,13,,1,9,1,,2,0,2,2,,,,3,,,,,,,,,,,,,,,,,,,,,,,,,,,,,,,,,,
Italy_Serie_A,2025-2026,Pisa Sporting Club,22ck04xk148cks27zwby83d1x,S. Moreo,Forward,32,178,83,95,36,75,4,138,18,277,133,144,312,214,5,36,49,43,99,50,49,20,22,512,64,40,19,76,107,23,28,17,8,3,3,17,300,213,100,293,7,10,,,2226,22,50,22,20,322,522,310,17,212,870,23,23,13,15,25,198,37,187,0,3,126,5,25,12,44,99,,6,1,,6,6,3,5,2,1,3,19,,3,21,6,5,5,3,,2,1,5,3,1,,,4,,,1,,,,1,2,2,,,,,,,,,,,,,,,,,,,,,,,,,
Italy_Serie_A,2025-2026,Pisa Sporting Club,3pcf58m2hgktlm15elgdyut3p,Nícolas,Goalkeeper,12,4,,4,6,,,21,,9,2,7,,127,,6,14,13,5,2,3,,,108,13,,,59,30,,6,,,,,56,78,42,82,68,,,,,540,,4,,3,67,191,124,,67,250,,,,35,67,58,9,,0,,34,,,1,,,,,,,,1,,,,,,,,20,,,,,,,,,,,,,,,,,,,,,,,,,,,,60,47,,14,,10,1,,1,12,5,7,,,7,,1,,,,
Italy_Serie_A,2025-2026,Pisa Sporting Club,5qao7tnriecoq3qtmxzobz6dw,G. Piccinini,Midfielder,36,36,19,17,24,64,,62,8,106,53,53,145,54,5,24,20,18,70,34,36,1,7,220,41,12,6,33,41,7,5,4,19,2,2,7,172,95,83,169,9,12,,5,832,19,10,10,12,100,224,176,21,48,373,17,16,8,2,4,54,11,44,0,,65,,5,4,12,41,1,6,,1,,2,,,,1,,7,,2,9,,2,5,,1,2,,,,,,,1,,,,,,,,,,,,,,,,,,,,,,,,,,,,,,,,,,
Italy_Serie_A,2025-2026,Pisa Sporting Club,17iqlyu99zttyubi6ya6yu9cl,S. Scuffet,Goalkeeper,22,3,,3,7,,,28,,6,,6,,161,,7,15,15,3,,3,,,157,17,,,47,33,,7,,,,,73,114,52,108,87,,,,,630,,9,,4,77,237,160,,77,288,,,,47,76,60,17,1,0,,43,,,,,,,,1,,,,,,,,,,,33,,,,,,,,,,,,,,3,5,,,,,,,,,,,,,45,33,,7,,3,3,,4,14,12,1,,,4,,,2,,,
Italy_Serie_A,2025-2026,Pisa Sporting Club,lytldf000kafs2h6g92esfrp,A. Šemper,Goalkeeper,1,13,1,12,24,,,73,,16,2,14,,507,,24,40,31,3,1,2,,,411,42,,,189,92,,24,,,,,198,284,159,271,232,,,,,2160,,24,,4,287,710,430,,280,926,,,,140,277,217,63,3,0,,111,,,,,,,,4,,,9,,,,,,,,85,,,,,,,,,,,,,,2,9,,,,,,,,,,,,,161,158,,73,,24,2,,11,75,46,27,,2,21,,1,2,,,3
Italy_Serie_A,2025-2026,Pisa Sporting Club,9tgbdheyuooa8cfz06l577end,C. Stengs,Midfielder,23,2,1,1,4,1,,11,,14,9,5,17,12,,4,2,2,12,8,4,,1,26,8,,,3,6,1,,,4,,,1,21,15,8,22,2,,,,42,6,,,2,16,28,23,2,5,50,3,2,,,1,8,,4,0,,9,,1,,2,,,,,1,,,,,,,,1,,,,,,,,1,,,,,,,,,,,,,,,,,,,,,,,,,,,,,,,,,,,,,,,,,,
Italy_Serie_A,2025-2026,Pisa Sporting Club,3abpvbbkkzkceg1l94og1bobt,F. Stojilković,Forward,81,10,9,1,12,29,1,21,4,28,23,5,47,6,2,12,14,11,18,14,4,,1,45,11,5,4,7,19,1,7,6,5,1,1,1,29,18,26,42,1,1,,1,597,5,1,8,,29,59,43,2,16,100,1,1,2,,,12,5,16,0,1,5,12,5,2,9,27,2,1,,,,3,,,,,,4,,,4,1,1,6,,,,,,,,,,,,,,,,,,,,,,,,,,,,,,,,,,,,,,,,,,,,
Italy_Serie_A,2025-2026,Pisa Sporting Club,b89cc1q5ztn1pz43ladq7mr8q,Tomás Esteves,Defender,19,1,,1,1,,,,,1,,1,,1,,1,1,1,,,,,,5,,,,,1,,,,1,,,,4,2,2,4,,,,,13,,,,,2,5,4,,1,7,,,,,,1,,1,0,,3,,,,,,,,,,,,,,,,,,,,,,,,,,,,,,,,,1,,,,,,,,,,,,,,,,,,,,,,,,,,,,,,,,,,
Italy_Serie_A,2025-2026,Pisa Sporting Club,8trp1348qs14phwpsx4a9beuh,I. Touré,Midfielder,15,235,94,141,32,124,8,217,23,406,184,222,414,259,14,32,46,41,171,90,81,23,20,665,113,64,15,111,47,20,26,6,6,11,11,26,436,249,202,414,18,25,14,39,2281,48,78,23,19,419,669,440,43,229,1225,55,55,23,23,39,235,49,190,1,1,239,5,14,21,22,86,,7,4,,1,5,1,1,,1,,8,,6,9,3,6,4,1,,4,1,0,1,1,,,4,1,,,,1,1,,,,1,1,,,,,,,,,,,,,,,,,,,,,,,
Italy_Serie_A,2025-2026,Pisa Sporting Club,4tir4q39uy0c71m8zfxvynd9l,M. Tramoni,Forward,10,20,8,12,27,77,1,130,6,152,85,67,331,147,12,27,35,33,132,77,55,16,26,342,67,37,26,66,103,28,21,17,6,22,13,15,242,210,74,247,12,20,2,,1609,44,10,15,15,233,363,262,32,101,691,46,19,26,9,17,133,14,84,0,1,36,2,12,8,21,51,,7,,31,2,2,,2,,1,2,9,6,,6,4,4,3,1,17,3,0,2,1,,,1,3,,2,2,,,,,1,1,,,,,,,,,,,,,,,,,,,,,,,,,
Italy_Serie_A,2025-2026,Pisa Sporting Club,9tkzitessjix7bladj9rc52xg,A. Vuković,Goalkeeper,34,,,,,,,,,,,,,,,,,,,,,,,,,,,,,,,,,,,,,,,,,,,,,,,,,,,,,,,,,,,,,,,,,,,,,,,,,,,,,,,,,,,,,,,,,,,,,,,,,,,,,,,,,,,,,,,,,,,,,,,,,,,,,,,,,,,,
Italy_Serie_A,2025-2026,Pisa Sporting Club,np5er6kwne1u1y3avr7sr11w,İ. Vural,Midfielder,21,16,10,6,14,48,3,63,1,92,39,53,62,44,5,14,14,10,76,29,47,2,3,165,30,5,3,29,40,3,8,7,6,1,,15,136,64,82,130,2,6,,1,662,13,8,15,31,57,175,145,8,30,294,4,1,8,5,9,26,8,21,0,,43,1,3,8,4,5,,1,,1,,4,,,,,,1,1,4,5,,1,1,,,4,,,,,,,,,,,,,1,,,,,,,,,,,,,,,,,,,,,,,,,,,,
Italy_Serie_A,2025-2026,SSC Napoli,7ax7vrumfwlxb8a4tchkho650,Alisson Santos,Forward,27,6,2,4,13,100,1,198,14,119,53,66,319,32,4,13,9,9,113,51,62,2,14,271,122,22,6,23,129,14,8,5,5,7,5,4,221,169,70,228,11,9,,16,826,42,5,4,8,155,282,232,20,50,529,34,28,23,2,4,75,9,46,0,1,21,1,6,34,21,58,1,7,2,18,4,,3,1,,4,4,15,2,,8,1,2,,,6,1,4,0,,,,,2,,,,,,,3,,,,,,,,,,,,,,,,,,,,,,,,,,,
Italy_Serie_A,2025-2026,SSC Napoli,1yr4mqzlcq3fj7u1l8a3bvc44,G. Ambrosino,Forward,69,2,1,1,3,1,1,3,1,7,3,4,4,,1,3,,,5,2,3,,,5,1,,,1,4,,,,3,,,,2,2,,2,,,,,35,1,,1,1,5,5,2,,3,12,,,,,,3,,3,0,,,,,2,,1,1,,,,,,,,,,,,,,,,,,,,,,,,,,,,,,,,,,,,,,,,,,,,,,,,,,,,,,,,,,,,,
Italy_Serie_A,2025-2026,SSC Napoli,3bhy6x04rbwzk0nh1fm59dmnd,F. Anguissa,Midfielder,99,54,22,32,18,121,3,134,5,158,81,77,245,185,10,18,14,14,104,59,45,12,12,708,52,17,7,71,175,13,14,3,4,4,4,11,612,336,286,607,4,14,,1,1256,32,11,18,18,164,714,618,18,96,930,11,11,8,6,11,77,30,85,2,1,233,,11,9,20,46,,3,5,,4,,2,4,1,,1,9,,2,42,2,1,1,1,,1,3,1,1,2,,,2,,1,1,,,1,,,,,,,,,,,,,,,,,,,,,,,,,,,,
Italy_Serie_A,2025-2026,SSC Napoli,42cg746sa90jla5x4islj9pwq,S. Beukema,Defender,31,61,29,32,24,113,11,224,1,117,60,57,119,467,8,24,19,18,56,31,25,14,6,1339,104,22,4,73,235,6,18,3,6,,,49,1223,477,778,1206,3,16,2,7,1680,5,58,19,5,145,1372,1255,19,117,1558,6,6,1,21,41,82,41,76,0,,557,1,4,2,8,19,,,4,,2,1,,2,1,2,,4,,11,2,,,,2,,2,0,2,1,1,,1,3,,,,,,,,,,,,,,1,1,,,,,,,,,,,,,,,,,,,
Italy_Serie_A,2025-2026,SSC Napoli,22x1ucwwak58wi6r5x1j6ohk9,A. Buongiorno,Defender,4,114,39,75,33,158,12,336,3,236,102,134,119,554,17,33,29,27,122,63,59,40,2,1794,155,33,10,115,650,3,28,6,5,2,2,27,1627,590,1094,1655,12,21,,8,2519,6,113,50,26,190,1849,1682,33,167,2175,4,4,4,30,57,106,65,110,0,1,487,1,3,1,6,18,,2,8,,,2,,,,,,3,,5,3,1,,3,,,3,,,4,,1,2,6,1,1,1,,1,,,,,,,,,21,21,,,,,,,,,,,,,,,,,,,
Italy_Serie_A,2025-2026,SSC Napoli,c23q56z612clw2oxpordhrwiy,W. Cheddira,Forward,77,72,47,25,31,51,2,73,5,167,100,67,189,54,6,31,19,19,95,53,42,1,9,181,34,17,9,28,39,10,10,8,21,2,2,1,118,94,37,128,1,3,,,1051,32,3,25,32,137,192,129,4,63,388,5,5,11,,2,61,7,61,0,1,48,7,9,8,17,56,5,10,,,2,,2,2,,1,2,8,,,6,,,3,2,,3,0,2,4,,,,1,,1,1,,,,,,,,,,,,,,,,,,,,,,,,,,,,,,,
Italy_Serie_A,2025-2026,SSC Napoli,dz33ybo9w22154xeaiteuca8l,N. Contini,Goalkeeper,14,,,,,,,,,,,,,,,,,,,,,,,,,,,,,,,,,,,,,,,,,,,,,,,,,,,,,,,,,,,,,,,,,,,,,,,,,,,,,,,,,,,,,,,,,,,,,,,,,,,,,,,,,,,,,,,,,,,,,,,,,,,,,,,,,,,,
Italy_Serie_A,2025-2026,SSC Napoli,7pi4j76iy3cfh0bfkxf9x8ell,David Neres,Forward,7,18,14,4,16,102,3,157,18,114,74,40,340,68,12,16,7,6,96,60,36,1,18,324,93,23,10,28,61,19,10,10,6,13,8,4,263,216,67,266,5,5,,1,925,43,2,19,7,185,331,270,10,61,564,40,25,31,,2,90,11,59,2,1,100,,6,19,10,35,3,7,,26,3,1,3,3,3,1,,4,4,,21,1,9,,2,15,3,2,1,3,,,,1,,2,3,1,,,,,,,,,,,,,,,,,,,,,,,,,,,,,,
Italy_Serie_A,2025-2026,SSC Napoli,c2jqa9vozhqu7x79h5rr2n1ed,K. De Bruyne,Midfielder,11,9,6,3,17,119,,143,16,68,40,28,350,167,7,17,8,8,59,34,25,5,31,635,82,24,9,42,204,32,13,9,4,12,5,28,528,400,172,532,2,8,1,4,1089,15,4,8,6,192,670,560,10,110,852,45,24,4,4,19,140,15,91,0,1,180,4,8,9,19,29,1,7,2,39,5,,1,4,,1,5,11,9,1,23,16,5,,4,19,1,2,3,,,,,1,,1,1,3,,,1,3,3,,,1,1,,,,,,,,,,,,,,,,,,,1,,
Italy_Serie_A,2025-2026,SSC Napoli,2m3fplfggpl2s7l1gkwefd5w4,E. De Chiara,Midfielder,98,,,,,,,,,,,,,,,,,,,,,,,,,,,,,,,,,,,,,,,,,,,,,,,,,,,,,,,,,,,,,,,,,,,,,,,,,,,,,,,,,,,,,,,,,,,,,,,,,,,,,,,,,,,,,,,,,,,,,,,,,,,,,,,,,,,,
Italy_Serie_A,2025-2026,SSC Napoli,5d9i8ubibyiecxecr9jjvxexh,G. Di Lorenzo,Defender,22,56,23,33,25,207,7,216,13,192,84,108,473,512,17,25,23,21,136,61,75,9,14,1340,130,57,19,83,150,15,25,2,,5,5,36,1141,648,545,1152,18,26,14,190,2188,20,45,32,23,288,1390,1188,44,202,1885,33,33,13,11,38,182,53,164,0,1,521,1,13,8,22,57,1,3,9,,2,2,2,2,,3,2,9,,3,11,5,3,,2,,1,2,0,1,,,1,5,,1,1,,,2,,,,,,,,,,,,,,,,,,,,,,,,,,,,
Italy_Serie_A,2025-2026,SSC Napoli,72im0m7d8rqpsclo4f5crqmsp,E. Elmas,Midfielder,20,11,9,2,32,163,5,180,6,106,55,51,322,141,6,32,22,21,95,46,49,7,20,693,102,21,10,65,201,23,19,12,13,11,2,11,615,393,272,643,9,15,,6,1692,23,19,18,13,154,735,654,24,81,972,30,14,9,3,7,95,16,74,1,1,230,1,7,12,16,42,,9,,34,1,1,1,1,,,1,9,9,,15,2,1,4,1,14,3,1,0,1,,,,4,,2,3,,,,,,,,,,,,,,,,,,,,,,,,,,,,,,,
Italy_Serie_A,2025-2026,SSC Napoli,dylwer0iink0qtinx1jwbdxjo,M. Ferrante,Goalkeeper,25,,,,,,,,,,,,,,,,,,,,,,,,,,,,,,,,,,,,,,,,,,,,,,,,,,,,,,,,,,,,,,,,,,,,,,,,,,,,,,,,,,,,,,,,,,,,,,,,,,,,,,,,,,,,,,,,,,,,,,,,,,,,,,,,,,,,
Italy_Serie_A,2025-2026,SSC Napoli,5okl8s3e8ad2add75m46ojo4p,B. Gilmour,Midfielder,6,15,10,5,16,104,1,132,4,58,26,32,166,204,2,16,5,5,43,16,27,10,5,698,49,7,3,51,192,5,8,4,8,,,24,625,343,296,615,7,5,,1,750,5,9,8,6,95,713,639,12,74,809,5,5,2,3,21,58,21,53,0,,213,,3,9,6,12,,4,1,,1,,1,1,1,1,,3,,,14,4,,,,,1,1,0,1,,,,1,,,,,,,,,,,,,,,,,,,,,,,,,,,,,,,,1,,
Italy_Serie_A,2025-2026,SSC Napoli,1e03r0jzxkpqbfiao98w06cr8,Giovane,Forward,23,150,113,37,33,119,2,217,23,346,234,112,520,116,11,33,29,24,196,121,75,6,27,448,116,42,20,77,75,32,21,14,12,13,2,14,308,249,81,303,5,10,3,3,1873,89,11,24,24,377,459,317,15,142,951,54,24,48,1,6,170,26,136,0,1,149,15,11,36,38,83,7,18,2,34,3,5,2,2,2,6,1,27,8,,26,5,6,4,1,25,2,3,0,,,,,2,,4,5,1,,,1,,,,,,,,,,,,,,,,,,,,,,,,,,,
Italy_Serie_A,2025-2026,SSC Napoli,d7pzcnoztn30xoj5b2sr9slt6,Miguel Gutiérrez,Defender,3,17,7,10,27,190,1,192,11,137,60,77,312,173,7,27,18,18,120,53,67,8,20,715,85,30,8,93,192,21,14,6,13,9,7,37,624,309,344,607,11,22,8,100,1393,26,21,19,27,180,736,644,33,92,1086,36,34,15,9,20,97,31,72,1,1,181,1,8,8,12,18,,2,4,3,1,,1,1,1,1,,4,,3,5,1,2,,,2,,1,0,1,,1,,4,,1,1,1,,,,,,,,,,,,,,,,,,,,,,,,,,,,,,
Italy_Serie_A,2025-2026,SSC Napoli,el1iasw3t612r6gawvodhyf4k,L. Hasa,Midfielder,29,,,,,,,,,,,,,,,,,,,,,,,,,,,,,,,,,,,,,,,,,,,,,,,,,,,,,,,,,,,,,,,,,,,,,,,,,,,,,,,,,,,,,,,,,,,,,,,,,,,,,,,,,,,,,,,,,,,,,,,,,,,,,,,,,,,,
Italy_Serie_A,2025-2026,SSC Napoli,d364lpc0km51psy3zwc4a6zca,R. Højlund,Forward,19,120,77,43,32,171,2,175,16,303,195,108,458,82,5,32,31,29,183,118,65,,26,474,87,21,8,32,97,31,31,13,1,2,2,8,346,262,109,361,3,1,,1,2671,82,15,37,51,310,497,369,4,128,877,1,1,22,,2,112,17,126,5,1,147,17,21,11,44,149,17,14,5,,11,2,10,11,6,2,3,23,,,53,7,4,10,10,,1,4,7,2,2,,,6,,5,5,,,,,1,1,,,,,,,,,,,,,,,,,,,,,,,,,
Italy_Serie_A,2025-2026,SSC Napoli,8n0c5t5wzfkoauryyzy8be0gl,Juan Jesus,Defender,5,65,33,32,23,88,10,233,,150,79,71,34,391,22,23,18,17,85,46,39,26,4,1291,95,31,11,85,479,4,19,5,4,,,49,1179,377,851,1179,17,20,,3,1633,3,57,39,2,128,1342,1228,37,114,1537,1,1,1,28,43,57,58,71,0,,384,,,,,4,,3,5,,,1,,,,1,,,,7,1,,,,,,8,,,1,,1,1,3,1,,,,,,,,,,1,,,9,9,,,1,,,,,,,,,,,,,,,,
Italy_Serie_A,2025-2026,SSC Napoli,7ew7g18qo649t8ld44omgib55,N. Lang,Forward,70,13,7,6,18,69,,130,7,70,33,37,229,72,3,18,4,4,57,26,31,2,13,259,62,17,7,32,108,15,7,7,11,11,5,12,203,168,55,200,5,7,,5,662,19,1,5,11,120,269,212,12,57,411,33,20,12,1,3,76,14,54,0,,20,2,2,8,6,24,2,3,,19,1,,1,1,,1,,4,6,4,11,,4,1,1,8,2,1,0,,1,,,1,,2,2,,,,,,,,,,,,,,,,,,,,,,,,,,,,,,,
Italy_Serie_A,2025-2026,SSC Napoli,9y8fnvazj02vy31ljx3du0d79,S. Lobotka,Midfielder,68,21,10,11,31,267,2,348,2,139,52,87,402,437,8,31,30,28,118,42,76,16,20,1740,113,20,14,120,488,21,28,9,3,1,,44,1610,862,794,1611,12,16,,3,2398,12,29,13,44,168,1787,1655,28,132,2009,4,4,4,15,31,89,47,101,1,,595,,2,4,6,10,1,2,9,,1,2,1,1,,,1,4,,1,57,3,,,,,3,1,0,1,,,1,6,,,1,,,,,,,,,,,,,,,,,,,,,,,,,,,,,,,
Italy_Serie_A,2025-2026,SSC Napoli,6w6ewzxircqxk6dsrs1rvc8ru,L. Lucca,Forward,27,22,12,10,16,27,,29,3,67,39,28,75,2,5,16,3,3,45,27,18,,2,62,14,1,,11,22,2,4,4,12,,,1,48,34,18,51,,,,1,401,12,3,17,13,43,66,52,,14,146,,,3,,,10,4,14,1,1,15,4,4,6,9,26,2,6,,,1,,1,1,,,1,5,,,5,,1,2,,,1,1,0,1,,,,,,,,,,,,,,,,,,,,,,,,,,,,,,,,,,,,,,
Italy_Serie_A,2025-2026,SSC Napoli,8qgbxff7xlg0zjtyees7ljljp,R. Lukaku,Forward,9,2,2,,5,4,1,2,,6,6,,16,3,,5,2,1,4,4,,,2,15,1,,,1,5,2,,,5,,,,10,8,3,11,,,,,40,2,1,2,,12,16,11,,5,29,,,,,,5,,5,1,,4,,1,,2,7,1,,,,1,1,,1,1,,,1,,,1,,,1,1,,1,0,1,,,,,,,,,,,,,,,,,,,,,,,,,,,,,,,,,,,,,,,
Italy_Serie_A,2025-2026,SSC Napoli,1ijyezydbb4zzio95vj0sr09g,L. Marianucci,Defender,35,26,14,12,11,29,3,71,,65,36,29,37,143,5,11,10,9,39,22,17,9,6,373,50,7,1,27,47,7,6,1,5,3,3,30,315,157,167,291,7,6,4,7,646,5,31,9,2,78,380,321,13,59,480,5,5,3,13,25,41,23,34,0,,161,,1,2,1,,,1,1,,,1,,,,,,,,6,,,2,,,,2,,,1,,1,,,,1,1,,,,,,,,,,,,,,,,,,,,,,,,,,,,,,,
Italy_Serie_A,2025-2026,SSC Napoli,etryzuxz65dmn5ewmocse66l1,P. Mazzocchi,Defender,30,9,3,6,15,38,,39,5,26,14,12,79,47,1,15,3,3,17,11,6,3,3,162,20,9,4,17,15,4,2,2,13,4,3,4,136,77,63,132,,2,3,18,290,9,10,1,,58,162,136,2,26,249,10,10,5,3,6,28,8,20,0,,62,1,1,4,2,8,,,,1,,,,,,,,1,1,1,2,,2,,,,,,,,,,,,,,1,,,,,,,1,1,,,,,,,,,,,,,,,,,,,,,,,
Italy_Serie_A,2025-2026,SSC Napoli,9fvo9v5e9r0ptibied6ejv3zd,S. McTominay,Midfielder,8,81,33,48,32,253,13,335,16,312,148,164,479,242,14,32,27,25,231,115,116,21,19,1234,163,34,15,128,532,22,30,4,2,1,1,32,1090,631,487,1085,15,13,,4,2703,80,48,24,68,286,1262,1117,28,145,1790,8,8,30,,11,110,43,134,5,2,235,5,37,26,71,119,4,27,12,1,10,2,8,7,1,1,7,34,,,37,4,1,13,5,,1,3,7,,2,,,6,,2,3,5,,,3,1,,,,,,,,,,,,,,,,,,,,,,,,,,
Italy_Serie_A,2025-2026,SSC Napoli,af58rhtg8ck7c8g7nwfs67d91,A. Meret,Goalkeeper,1,3,1,2,10,,,32,1,4,2,2,,139,1,10,12,11,1,1,,,,240,10,2,,64,107,1,10,,,,,43,204,17,247,221,,,,,900,,6,1,1,56,319,264,,55,390,,,,34,51,33,22,4,0,,73,,,,,,,,3,,,1,,,,,,,,10,,,1,,,,1,,,,,,1,2,4,,1,,,,,,,,,,,84,56,,7,,8,2,,2,19,12,7,,2,8,,1,,,,2
Italy_Serie_A,2025-2026,SSC Napoli,5syage212151fcixahbq3k8ut,V. Milinković-Savić,Goalkeeper,32,4,,4,27,,,150,,11,3,8,,519,1,27,24,23,7,3,4,,2,764,83,,,203,273,3,27,,,,,139,578,79,654,594,,,,,2430,,21,1,6,286,1014,733,,281,1228,,,,158,278,229,52,3,0,,222,,,,,,,,11,,,1,,,,,,,,41,,,1,,,,,,,,,,1,5,10,,1,,,,,,,,,,,204,166,,58,,25,8,3,8,56,30,25,3,2,14,,2,2,,,2
Italy_Serie_A,2025-2026,SSC Napoli,896uaqjrz22q6fqjfzuwf77jd,M. Olivera,Defender,17,55,22,33,24,121,4,246,5,138,52,86,235,334,5,24,13,13,83,30,53,14,10,1044,150,24,14,66,444,10,14,8,10,2,2,20,946,429,533,940,21,21,3,52,1324,9,19,16,9,128,1058,960,42,98,1279,4,4,3,16,25,76,26,73,0,,159,,5,2,8,32,,,2,,,,,,,,,3,,2,4,1,,2,,,3,,,1,,,,2,,,,,,,,,,,,,,,,,,,,,,,,,,,,,,,,,,
Italy_Serie_A,2025-2026,SSC Napoli,9bba1hgnx5mzpkzeazsoikn9x,M. Politano,Forward,21,23,15,8,33,289,2,399,23,175,94,81,733,229,11,33,23,22,152,79,73,4,31,873,237,46,10,79,35,35,25,20,8,37,28,23,712,520,259,719,5,10,5,75,2133,52,14,19,26,398,903,742,15,161,1448,133,100,33,16,36,255,39,125,2,4,350,,21,33,33,70,1,13,3,55,2,1,1,2,2,4,,12,8,5,12,1,11,3,1,29,4,2,0,2,,,,6,,5,5,3,,,,,,,,,,,,,,,,,,,,,,,,,,,,,,
Italy_Serie_A,2025-2026,SSC Napoli,7q1ra128zjqviw45ho54cir6c,V. Prisco,Midfielder,95,,,,,,,,,,,,,,,,,,,,,,,,,,,,,,,,,,,,,,,,,,,,,,,,,,,,,,,,,,,,,,,,,,,,,,,,,,,,,,,,,,,,,,,,,,,,,,,,,,,,,,,,,,,,,,,,,,,,,,,,,,,,,,,,,,,,
Italy_Serie_A,2025-2026,SSC Napoli,2kfkjjqh7vrfcfbgr4aa85dqt,Amir Rrahmani,Defender,13,93,30,63,20,63,10,223,4,159,56,103,64,445,11,20,15,14,66,26,40,22,5,1540,97,10,7,79,484,6,20,5,,,,42,1423,532,927,1417,9,13,,2,1710,5,67,20,16,133,1580,1459,22,121,1779,1,1,2,25,51,76,46,70,0,1,588,2,7,2,10,16,,4,8,,2,1,,2,,,,3,,6,,1,,1,1,,3,0,2,1,2,,2,4,1,,1,,1,,,,,,,,,4,4,,,,,,,,,,,,,,,,,,,
Italy_Serie_A,2025-2026,SSC Napoli,banl2dah01b9j0abhwrtzn66s,C. Saco,Midfielder,94,,,,,,,,,,,,,,,,,,,,,,,,,,,,,,,,,,,,,,,,,,,,,,,,,,,,,,,,,,,,,,,,,,,,,,,,,,,,,,,,,,,,,,,,,,,,,,,,,,,,,,,,,,,,,,,,,,,,,,,,,,,,,,,,,,,,
Italy_Serie_A,2025-2026,SSC Napoli,9ka7y81b5kst146mhq7mom5ed,L. Spinazzola,Defender,37,6,4,2,32,230,2,345,20,121,70,51,513,261,6,32,20,18,115,66,49,4,29,970,228,46,12,92,438,32,22,14,10,22,22,51,780,476,342,745,13,11,8,144,1901,49,32,9,9,347,986,796,24,190,1464,51,51,34,21,42,184,57,148,1,,57,2,8,16,15,71,2,6,1,,3,2,3,1,,8,3,7,,4,8,5,2,,1,,1,2,1,1,,1,,4,,2,3,,,,2,,,,,,,,,,,,,,,,,,,,,,,,,1,,
Italy_Serie_A,2025-2026,SSC Napoli,wx7xqj4dbmijxlo6gjushx5g,D. Spinelli,Goalkeeper,55,,,,,,,,,,,,,,,,,,,,,,,,,,,,,,,,,,,,,,,,,,,,,,,,,,,,,,,,,,,,,,,,,,,,,,,,,,,,,,,,,,,,,,,,,,,,,,,,,,,,,,,,,,,,,,,,,,,,,,,,,,,,,,,,,,,,
Italy_Serie_A,2025-2026,SSC Napoli,cjliznudpjjraqhj47l40wil0,A. Vergara,Midfielder,26,18,13,5,12,43,,89,6,113,68,45,146,50,10,12,9,9,95,55,40,4,9,173,55,17,7,34,24,11,8,7,4,3,,2,131,96,41,132,3,9,,1,614,33,3,17,20,119,176,134,12,42,350,8,8,18,,7,42,8,35,0,,59,2,4,8,7,34,,3,,4,1,,1,,1,1,,3,3,,8,1,,,1,,2,1,0,2,,,,2,,,2,,,1,1,,,,,,,,,,,,,,,,,,,,,,,,,,,
Italy_Serie_A,2025-2026,SSC Napoli,7kbn6vt37rfgd9yszzvx9idm2,A. Zanoli,Defender,59,25,8,17,19,98,5,110,10,115,54,61,222,97,12,19,18,15,90,46,44,7,13,347,63,30,13,50,14,15,16,15,3,12,12,9,279,158,134,271,6,19,18,76,1290,21,36,16,5,153,348,280,25,68,655,27,27,19,9,13,70,25,55,0,,139,1,2,14,3,16,,,,1,1,3,,1,,1,1,1,,4,4,,3,,,,1,0,1,,,,,4,,2,2,,1,,,,,,,,,,,,,,,,,,,,,,,,,,,,,
Italy_Serie_A,2025-2026,SS Lazio,7y5qwgl0xu7btfd7yxgeb2gut,T. Bašić,Midfielder,26,30,11,19,22,255,7,140,3,115,56,59,249,170,8,22,19,17,85,45,40,11,18,792,62,17,10,57,182,21,22,12,,17,4,25,694,357,363,678,6,14,,,1656,14,23,20,19,157,803,703,20,100,1032,28,11,3,9,18,97,31,82,1,1,196,,12,1,23,22,2,6,2,26,2,2,2,1,2,1,,11,9,1,104,1,5,,,15,,1,1,2,,,,1,,1,3,2,,,1,,,1,1,,,,,,,,,,,,,,,,,,,,,,,
Italy_Serie_A,2025-2026,SS Lazio,cjgrtf1xc97ir3b64cnl9ecyc,R. Belahyane,Midfielder,21,4,1,3,12,46,1,63,2,51,30,21,70,73,4,12,9,8,47,29,18,2,4,237,34,9,7,28,57,5,4,1,8,1,1,9,202,122,82,194,5,5,,,515,16,5,11,3,60,238,203,10,35,309,,,10,,4,29,6,31,0,,62,,,5,1,6,,,1,,,1,,,,,,1,,,17,2,1,,,,1,,,,,,,,,1,1,,,,,,,1,1,,,,,,,,,,,,,,,,,,,,,,,
Italy_Serie_A,2025-2026,SS Lazio,ho87m362sey4msdjp4n180oa,M. Cancellieri,Forward,22,70,36,34,29,161,2,167,8,295,146,149,345,104,17,29,21,19,225,110,115,24,15,425,76,35,18,54,28,17,20,13,9,5,5,8,323,220,116,323,13,26,,3,1659,53,25,38,65,222,433,331,39,102,840,16,16,27,9,14,93,25,88,2,1,140,3,16,13,32,74,3,8,5,,4,2,4,3,4,4,,16,,2,29,2,3,7,3,,6,2,2,2,,,,1,,1,2,,,,1,,,,,,,,,,,,,,,,,,,,,,,,,,,
Italy_Serie_A,2025-2026,SS Lazio,27hwtukeqxh91ch1f3qr1it49,V. Castellanos,Forward,11,28,14,14,11,36,,39,3,88,41,47,116,41,3,11,7,6,60,27,33,3,5,123,21,6,1,14,38,8,8,5,3,,,5,80,61,31,87,4,3,,,694,17,7,9,18,89,135,92,7,43,255,6,6,9,,3,44,5,40,0,,20,5,6,8,14,34,2,6,1,,2,1,1,2,,1,1,8,,,9,4,6,1,2,,2,1,1,1,1,,,,,3,3,,,,,,,,,,,,,,,,,,,,,,,,,,,,,,,
Italy_Serie_A,2025-2026,SS Lazio,6hlutndh6zstrpi5i0u0mxyvp,D. Cataldi,Midfielder,32,22,8,14,27,185,9,196,4,117,53,64,215,350,14,27,26,24,95,45,50,21,20,1041,63,29,10,106,271,23,24,11,3,12,1,46,883,485,462,889,14,20,,3,1992,13,45,22,12,227,1098,935,34,163,1372,36,9,9,20,50,153,46,113,1,1,292,,13,6,20,8,1,6,6,27,3,2,1,3,1,,2,7,6,4,33,4,2,,3,14,6,3,0,2,,,1,3,,2,3,3,,,,2,2,,,,,,,,,,,,,,,,,,,,,,,,,
Italy_Serie_A,2025-2026,SS Lazio,7f87a26gzayk0bfzbm42huuw9,F. Dele-Bashiru,Midfielder,7,14,10,4,23,159,,85,3,72,42,30,172,67,3,23,15,12,58,32,26,3,9,408,41,12,8,40,100,9,10,4,13,1,1,2,376,212,165,374,4,14,,1,1100,23,10,7,3,83,408,376,18,32,544,7,7,8,3,4,31,8,28,0,,82,2,6,5,7,17,1,1,2,,,3,,,,,,1,,,41,,1,,,,,,,1,,,,1,,,,,,,,,,,,,,,,,,,,,,,,,,,,,,,,,,
Italy_Serie_A,2025-2026,SS Lazio,3mqhkh4iz4kesvmqui3hupgmi,B. Dia,Forward,19,51,37,14,26,111,2,77,5,132,86,46,143,49,3,26,11,11,81,49,32,3,12,296,25,14,1,23,100,14,14,12,12,,,6,245,156,109,259,6,7,,,1221,29,17,19,14,118,317,265,13,52,471,,,4,1,3,33,19,49,0,,57,4,1,5,8,34,4,4,2,,1,,1,1,,,1,7,,1,40,1,3,3,1,,1,1,0,3,,,,,,2,2,,,,,,,,,,,,,,,,,,,,,,,,,,,,,,,
Italy_Serie_A,2025-2026,SS Lazio,4uz1yjx316qs6fuibuloxdt78,V. Farcomeni,Midfielder,71,,,,,,,,,,,,,,,,,,,,,,,,,,,,,,,,,,,,,,,,,,,,,,,,,,,,,,,,,,,,,,,,,,,,,,,,,,,,,,,,,,,,,,,,,,,,,,,,,,,,,,,,,,,,,,,,,,,,,,,,,,,,,,,,,,,,
Italy_Serie_A,2025-2026,SS Lazio,9otimgokxyef8248fo7h8msq,A. Furlanetto,Goalkeeper,55,,,,1,,,4,,,,,,11,,1,2,2,,,,,,17,4,,,7,4,,1,,,,,5,15,4,16,15,,,,,90,,,,,3,23,20,,3,37,,,,1,2,2,1,1,0,,8,,,,,,,,,,,,,,,,,,,1,,,,,,,,,,,,,,,,,,,,,,,,,,,,12,6,,1,,1,,,,6,2,3,,,2,,,,,,
Italy_Serie_A,2025-2026,SS Lazio,97tdnzyamk5kqhg1kb086juac,G. Giacomone,Goalkeeper,99,,,,,,,,,,,,,,,,,,,,,,,,,,,,,,,,,,,,,,,,,,,,,,,,,,,,,,,,,,,,,,,,,,,,,,,,,,,,,,,,,,,,,,,,,,,,,,,,,,,,,,,,,,,,,,,,,,,,,,,,,,,,,,,,,,,,
Italy_Serie_A,2025-2026,SS Lazio,8ni13k73i9xusj01utdmqk7h1,S. Gigot,Defender,2,,,,,,,,,,,,,,,,,,,,,,,,,,,,,,,,,,,,,,,,,,,,,,,,,,,,,,,,,,,,,,,,,,,,,,,,,,,,,,,,,,,,,,,,,,,,,,,,,,,,,,,,,,,,,,,,,,,,,,,,,,,,,,,,,,,,
Italy_Serie_A,2025-2026,SS Lazio,5gond4ss348863bc1768s4q,Mario Gila,Defender,34,89,31,58,30,115,17,443,2,200,66,134,61,685,8,30,27,24,111,35,76,25,5,1715,211,27,15,130,299,5,30,10,,1,1,132,1552,534,1087,1488,15,31,1,4,2436,9,110,17,25,187,1786,1620,46,166,2113,,,1,27,64,105,61,102,0,2,687,,6,6,9,21,,3,7,,,3,,,,,,3,,12,,2,1,4,,,3,,,1,,3,2,3,1,,,,1,,,,,1,1,,,8,8,,,,,,,,,,,,,,,,,,,
Italy_Serie_A,2025-2026,SS Lazio,asvqr3i5wcjiajxipt1qvldyh,M. Guendouzi,Midfielder,8,11,5,6,16,155,6,173,4,97,48,49,221,201,9,16,12,11,86,43,43,11,14,724,63,28,8,62,162,15,16,1,,7,7,37,633,394,257,607,7,7,,8,1430,15,14,17,21,137,735,644,14,91,911,13,13,9,8,19,81,23,72,2,2,217,,6,8,14,19,,2,8,,2,1,1,2,,,2,8,,1,31,4,1,1,1,,6,2,0,,,,,1,,,1,,,,,,,1,1,,,,,,,,,,,,,,,,,,,,,,,
Italy_Serie_A,2025-2026,SS Lazio,62uaf4amxdyz6j2fuvadp0no5,E. Hysaj,Defender,23,3,1,2,5,13,,12,,8,3,5,12,36,,5,4,4,5,2,3,2,,72,3,7,4,3,3,,1,,4,1,1,3,55,26,32,54,2,,1,13,170,1,7,,1,21,74,57,2,17,112,1,1,1,3,6,10,8,11,0,,22,,,,,1,,,,,,,,,,,,,,,,,,,,,,,,,,,,1,,,,,,,,,,,,,,,,,,,,,,,,,,,,,,,,,,
Italy_Serie_A,2025-2026,SS Lazio,5ec6f4mm3rwjm0fgis0k3cmp5,G. Isaksen,Forward,18,27,16,11,30,186,3,281,24,223,113,110,428,88,3,30,19,17,196,97,99,7,16,510,148,35,10,62,37,17,18,18,12,9,9,15,411,277,146,399,8,8,1,10,1598,70,6,18,57,241,513,414,16,99,881,23,20,44,6,12,96,26,87,2,1,202,1,15,27,34,113,3,14,,2,5,2,5,5,4,9,1,19,,,21,2,,8,3,2,,3,2,1,,,,2,,1,1,,,,,,,,,,,,,,,,,,,,,,,,,,,,,,,
Italy_Serie_A,2025-2026,SS Lazio,8w2rfa3vnu6t1a37510374nv9,M. Lazzari,Midfielder,29,15,12,3,22,72,1,142,11,85,42,43,168,154,6,22,10,10,70,30,40,6,2,371,103,16,5,38,28,2,9,7,13,3,3,9,314,166,170,324,4,9,10,73,925,18,24,9,18,116,390,333,13,57,629,13,13,12,2,7,51,19,50,0,,136,,1,10,3,17,,1,,,,,,,,,,2,,,,,,,,,2,,,,,,,,,,,,,,,,,,,,,,,,,,,,,,,,,,,,,,,,,
Italy_Serie_A,2025-2026,SS Lazio,1fsum47fkh62rer9xxe3smctm,D. Maldini,Forward,27,25,17,8,20,99,1,146,7,133,71,62,253,67,10,20,13,10,108,54,54,3,10,280,74,10,6,32,72,11,12,10,8,3,2,5,223,176,72,240,1,13,,1,933,39,4,18,26,142,302,245,14,57,501,8,1,18,2,4,56,9,53,0,,64,3,8,14,14,41,2,7,,6,2,3,2,2,,5,2,6,1,,28,,2,2,2,5,1,2,0,3,,,,2,,1,1,2,,,,,,,,,,,,,,,,,,,,,,,,,,,,,,
Italy_Serie_A,2025-2026,SS Lazio,1jv2z06bjokvswjhuo1xsxdgq,C. Mandas,Goalkeeper,35,,,,,,,,,,,,,,,,,,,,,,,,,,,,,,,,,,,,,,,,,,,,,,,,,,,,,,,,,,,,,,,,,,,,,,,,,,,,,,,,,,,,,,,,,,,,,,,,,,,,,,,,,,,,,,,,,,,,,,,,,,,,,,,,,,,,
Italy_Serie_A,2025-2026,SS Lazio,a22hb1s02edsj7t38out5r3rp,A. Marušić,Defender,77,65,34,31,32,212,12,235,8,173,85,88,354,607,12,32,29,24,108,51,57,33,6,1430,154,45,17,84,135,8,31,6,1,5,5,40,1238,614,667,1236,18,17,23,205,2693,23,63,22,17,288,1470,1276,35,194,2022,29,29,14,17,40,139,84,154,1,,516,1,4,6,11,33,,3,11,,1,5,1,1,,,,7,,7,4,1,3,3,1,,1,1,0,1,1,,,2,,2,2,1,1,,,,,1,1,,,,,,,,,,,,,,,,,,,,,,,
Italy_Serie_A,2025-2026,SS Lazio,2os2xde8tdxbpamab8kngnhuc,E. Motta,Goalkeeper,40,6,2,4,9,,,27,,7,3,4,,152,1,9,10,8,1,1,,,1,173,18,,,49,32,1,9,,,,,39,123,16,153,130,,,,,810,,8,1,1,69,237,169,,68,314,,,,45,66,50,18,2,0,,53,,,,,,,,3,,,2,,,,,,,,11,,,,,,,1,,,,,,1,,4,,,,,,,,,,,,,69,41,,7,,4,1,1,3,23,14,9,1,,7,,1,2,,,
Italy_Serie_A,2025-2026,SS Lazio,71gwdg60saiwwwnnv6is52may,T. Noslin,Forward,14,47,27,20,28,108,3,140,9,144,78,66,227,67,8,28,13,11,97,51,46,3,13,337,67,24,10,32,131,14,8,5,20,4,2,18,271,183,104,265,,6,1,3,1048,32,7,18,23,147,350,283,6,67,574,6,3,14,1,4,55,18,63,2,1,44,3,17,17,28,53,4,5,1,6,4,2,4,4,1,3,2,11,2,,32,,1,3,2,3,3,2,2,1,1,,,1,,1,1,1,,2,,,,,1,,,,,,,1,,,,,,,,,,,,,,,,
Italy_Serie_A,2025-2026,SS Lazio,dqsslq1iz1azubowq3anwws4q,Nuno Tavares,Defender,17,20,9,11,23,113,1,266,13,154,68,86,396,395,13,23,18,16,134,59,75,18,20,861,194,46,22,80,331,20,17,6,6,21,12,34,742,445,349,739,7,23,10,124,1471,27,31,20,22,280,895,773,30,122,1405,78,54,16,8,19,145,55,103,0,,56,6,9,23,10,38,,6,3,27,,2,,,,4,,1,8,5,4,1,1,1,,18,5,,,1,,,,1,,,,3,,,,,,,,,,,,,,,,,,,,,,,,,,,,1,,
Italy_Serie_A,2025-2026,SS Lazio,eoysyfjio3rgkcdfwfy28j310,N. Pannozzo,Goalkeeper,72,,,,,,,,,,,,,,,,,,,,,,,,,,,,,,,,,,,,,,,,,,,,,,,,,,,,,,,,,,,,,,,,,,,,,,,,,,,,,,,,,,,,,,,,,,,,,,,,,,,,,,,,,,,,,,,,,,,,,,,,,,,,,,,,,,,,
Italy_Serie_A,2025-2026,SS Lazio,3l76cgequy3tjhhudqnrejglx,Patric,Defender,4,17,6,11,14,103,6,82,,30,13,17,54,146,1,14,8,6,13,7,6,4,2,545,28,7,,34,142,2,6,2,8,,,32,497,214,308,490,2,,,1,662,,32,4,2,58,571,522,2,49,646,1,1,,4,14,36,14,35,0,,180,,2,2,2,3,,3,2,,,2,,,,,,,,1,16,,1,,,,2,,,,,,,,,,,,,,,,,,,,,1,1,,,,,,,,,,,,,,,,,,,
Italy_Serie_A,2025-2026,SS Lazio,d02p1ldr57bkxcpmq12vtvhsl,Pedro,Forward,9,5,4,1,28,133,,145,3,88,42,46,251,106,6,28,12,10,83,38,45,3,15,433,65,16,8,31,135,17,8,8,20,7,,19,376,259,133,366,4,6,,1,912,21,4,9,23,115,444,385,10,59,611,21,15,10,,10,67,13,49,0,,70,,7,13,16,25,1,4,,8,4,2,2,3,1,2,3,9,2,,20,3,5,,2,4,4,3,1,2,,,,2,,1,2,,,,1,2,2,,,,,,,,,,,,,,,,,,,,,,,,,
Italy_Serie_A,2025-2026,SS Lazio,d7xdtkzw3h749ngi4sobn6kmh,L. Pellegrini,Defender,3,19,12,7,23,90,9,123,6,126,71,55,227,353,11,23,17,14,107,59,48,16,16,724,90,48,18,55,265,16,16,13,7,13,5,29,575,289,325,572,12,15,7,113,1394,24,25,24,12,239,754,601,27,153,1125,36,25,14,17,40,126,63,113,0,,46,,2,10,6,17,,,1,15,1,3,,1,1,3,,4,3,2,1,1,2,1,,8,8,1,0,,,,,2,,,,1,,,,,,,,,,,,,,,,,,,,,,,,,,,,,,
Italy_Serie_A,2025-2026,SS Lazio,ahrols6z1j669xtgru1mckgt0,P. Pinelli,Midfielder,66,,,,,,,,,,,,,,,,,,,,,,,,,,,,,,,,,,,,,,,,,,,,,,,,,,,,,,,,,,,,,,,,,,,,,,,,,,,,,,,,,,,,,,,,,,,,,,,,,,,,,,,,,,,,,,,,,,,,,,,,,,,,,,,,,,,,
Italy_Serie_A,2025-2026,SS Lazio,8n4rruxbnzvjgdomxslnmcno5,I. Provedel,Goalkeeper,94,11,1,10,27,,,116,,14,2,12,,444,,27,27,24,3,1,2,,1,650,46,1,,174,207,1,27,,,,,173,511,71,578,476,,,,,2430,,23,,2,216,862,649,,213,1101,,,,138,209,156,57,4,0,,211,,,1,,,,,12,,,3,,,,,,,,43,,,1,,,,1,,,,,,,3,14,,,,,,,,,,,,,198,135,,36,,16,4,1,11,90,55,33,1,2,33,,2,2,,,1
Italy_Serie_A,2025-2026,SS Lazio,7hukebiijqntuvetwzralzuju,O. Provstgaard,Defender,25,70,28,42,25,46,13,289,2,117,54,63,37,403,7,25,19,16,47,26,21,14,4,1069,170,13,6,55,426,4,13,1,12,1,1,46,987,418,620,991,6,6,,1,1482,7,69,14,9,95,1121,1037,12,84,1297,1,1,2,18,34,57,28,50,0,,246,,4,1,6,8,,,3,,,3,,,,,,2,,10,,,1,1,,,3,,,,,,,2,1,,,,1,,,,,,,,,31,31,,,,,,,,,,,,,,,,,,,
Italy_Serie_A,2025-2026,SS Lazio,1c3xkngggg1ia819447grz9jo,A. Przyborek,Midfielder,28,,,,,,,,,,,,,,,,,,,,,,,,,,,,,,,,,,,,,,,,,,,,,,,,,,,,,,,,,,,,,,,,,,,,,,,,,,,,,,,,,,,,,,,,,,,,,,,,,,,,,,,,,,,,,,,,,,,,,,,,,,,,,,,,,,,,
Italy_Serie_A,2025-2026,SS Lazio,3dar2wtxj1x803zxzdooxfaxg,P. Ratkov,Forward,20,11,4,7,8,12,,9,1,20,7,13,31,12,,8,5,4,9,3,6,1,1,38,4,1,1,5,12,1,2,2,6,,,,20,15,12,27,1,2,,,228,3,3,,3,23,45,27,3,18,72,,,1,,1,14,4,17,0,1,9,,3,,4,16,,2,,,,1,,,,,,1,,,6,,,2,,,,,,,,,,,,,,,,,,,,,,,,,,,,,,,,,,,,,,,,,,,,
Italy_Serie_A,2025-2026,SS Lazio,7nwh5uoczypmuiigzi8ylsd1,A. Romagnoli,Defender,13,105,40,65,31,125,19,320,2,168,67,101,51,694,10,31,29,26,63,27,36,31,3,1801,139,7,6,99,615,3,30,3,1,,,65,1671,565,1245,1745,10,13,,8,2577,1,130,18,15,144,1942,1810,23,132,2229,2,2,,41,56,74,60,76,0,1,508,,5,1,9,16,,,12,,,3,,,,,,4,,18,,,,2,,,5,,,1,,,,1,,,,,,,,,,1,1,,,60,60,,,,,,,,,,,,,,,,,,,
Italy_Serie_A,2025-2026,SS Lazio,79e6khfyg3rdauul0yjlixv8q,N. Rovella,Midfielder,6,4,1,3,11,78,1,96,,51,19,32,65,145,2,11,6,4,47,18,29,9,12,470,41,8,6,36,133,13,6,4,5,4,,17,435,239,222,440,1,10,,,513,7,9,7,12,59,492,457,11,35,588,7,1,3,,9,33,9,26,0,,136,,1,6,1,1,1,,1,7,,2,,,,1,,,2,1,10,3,2,,,5,2,,,1,,,,,,1,1,,,,,,,1,1,,,,,,,,,,,,,,,,,,,,,,,
Italy_Serie_A,2025-2026,SS Lazio,7qoxfdvgk8jd522v2ehoqpyqc,Saná Fernandes,Forward,31,,,,,,,,,,,,,,,,,,,,,,,,,,,,,,,,,,,,,,,,,,,,,,,,,,,,,,,,,,,,,,,,,,,,,,,,,,,,,,,,,,,,,,,,,,,,,,,,,,,,,,,,,,,,,,,,,,,,,,,,,,,,,,,,,,,,
Italy_Serie_A,2025-2026,SS Lazio,3ez5xnukju38qmvgrneya2x3o,F. Serra,Forward,63,,,,,,,,,,,,,,,,,,,,,,,,,,,,,,,,,,,,,,,,,,,,,,,,,,,,,,,,,,,,,,,,,,,,,,,,,,,,,,,,,,,,,,,,,,,,,,,,,,,,,,,,,,,,,,,,,,,,,,,,,,,,,,,,,,,,
Italy_Serie_A,2025-2026,SS Lazio,35qg0rrwtl00pycx468s62m3u,K. Taylor,Midfielder,24,11,6,5,17,203,6,140,8,110,63,47,284,176,14,17,17,14,99,57,42,10,11,662,63,22,14,45,181,13,17,9,,1,1,8,586,381,217,589,10,11,,9,1400,21,10,17,13,121,673,597,21,76,862,8,8,11,2,12,68,16,64,1,2,113,1,5,8,11,30,2,5,4,1,3,3,3,3,1,1,2,6,,1,65,,1,1,2,,5,1,2,,,,1,2,,2,2,,,,,,,,,,,,,,,,,,,,,,,,,,,,,,,
Italy_Serie_A,2025-2026,SS Lazio,9462218yklkts6mod3cbfryz9,M. Vecino,Midfielder,5,28,15,13,13,61,3,57,,57,32,25,61,99,6,13,4,4,29,17,12,7,2,369,18,10,6,32,112,3,5,3,8,,,6,327,168,159,321,2,8,,1,599,5,17,8,3,58,369,327,10,42,453,,,2,5,9,29,13,33,0,,97,,4,,4,6,1,3,1,,,,,,,,,,,,21,1,1,,,,1,,,,,,,1,,1,1,,,,,,,,,,,,,,,,,,,,,,,,,,,,,,,
Italy_Serie_A,2025-2026,SS Lazio,cfzvplhlvlfvau521u6b86xud,M. Zaccagni,Midfielder,10,36,21,15,26,236,1,336,17,292,135,157,506,180,19,26,21,18,256,114,142,19,35,768,142,49,18,98,298,34,26,10,,10,6,22,634,424,224,616,17,20,,6,2114,64,10,30,82,317,773,638,37,135,1258,44,23,37,3,17,142,37,118,0,1,59,6,13,23,27,72,4,7,6,18,3,3,2,3,,7,3,14,3,1,43,7,4,8,2,15,6,2,1,1,,,,1,,,,,,1,,1,,1,1,,,,,,,,,,,,,,,,,,,,,,,
Italy_Serie_A,2025-2026,Torino FC,anr9qh585ctgk2d17zperhgix,Z. Aboukhlal,Forward,7,13,9,4,15,33,1,68,5,92,49,43,122,54,5,15,11,11,79,40,39,1,3,165,47,16,8,24,67,3,6,6,9,2,2,6,122,75,50,117,9,13,6,16,508,17,8,12,11,100,166,123,22,43,319,16,16,11,4,10,49,10,33,0,,12,7,3,6,5,20,,2,,,,,,,,4,,2,,3,1,,1,,,,4,,,,,,,,,,,,,,,,,,,,,,,,,,,,,,,,,,,,,,,,,
Italy_Serie_A,2025-2026,Torino FC,56250fam1paa5d9sb8czt64no,W. Acquah,Midfielder,94,,,,,,,,,,,,,,,,,,,,,,,,,,,,,,,,,,,,,,,,,,,,,,,,,,,,,,,,,,,,,,,,,,,,,,,,,,,,,,,,,,,,,,,,,,,,,,,,,,,,,,,,,,,,,,,,,,,,,,,,,,,,,,,,,,,,
Italy_Serie_A,2025-2026,Torino FC,59ujnkvl7rlffomi2bqpsmbpx,C. Adams,Forward,19,81,51,30,31,135,1,128,18,174,103,71,328,110,5,31,30,24,93,52,41,1,24,499,43,27,7,52,150,26,19,15,12,2,2,35,371,264,122,349,6,8,,1,1831,32,10,17,15,219,512,384,14,128,760,11,11,15,1,13,121,18,115,2,2,117,9,17,12,31,80,5,17,1,1,5,6,5,5,2,4,3,14,,1,34,1,6,5,4,,,2,3,1,,,,3,,2,2,,,,,,,,,,,,,,,,,,,,,,,,,,,,,,,
Italy_Serie_A,2025-2026,Torino FC,byjq5v4tqpjt9scaj17ccuesq,T. Anjorin,Midfielder,14,15,7,8,15,26,1,26,1,42,21,21,57,39,4,15,7,5,27,14,13,6,3,121,13,3,2,13,35,3,1,1,14,1,1,3,98,65,37,98,4,5,,,277,4,4,8,1,39,124,101,9,23,184,,,2,2,4,20,3,19,0,,24,1,,3,1,11,1,3,,,,2,,,,,,1,,1,2,1,,1,,,1,,,,,,,,,,,,,,,,,,,,,,,,,,,,,,,,,,,,,,,,,
Italy_Serie_A,2025-2026,Torino FC,can2l9ha4ufsxdjxdkb739fkk,K. Asllani,Midfielder,32,11,9,2,15,90,1,108,5,73,34,39,140,192,5,15,20,16,62,25,37,12,15,555,34,8,5,63,182,15,13,8,2,13,1,68,465,258,274,451,8,13,1,3,1135,7,10,7,14,160,617,519,21,98,792,39,12,3,33,57,115,22,41,0,,153,,9,3,13,6,,7,,31,,4,,,,1,,4,9,11,7,3,1,1,,21,3,,,,,,,2,,,,1,,,,1,,,,,,,,,,,,,,,,,,,,,,,,,,
Italy_Serie_A,2025-2026,Torino FC,9fixo2e099k9apyv4dn2ayfpw,C. Bianay Balcot,Defender,80,,,,,,,,,,,,,,,,,,,,,,,,,,,,,,,,,,,,,,,,,,,,,,,,,,,,,,,,,,,,,,,,,,,,,,,,,,,,,,,,,,,,,,,,,,,,,,,,,,,,,,,,,,,,,,,,,,,,,,,,,,,,,,,,,,,,
Italy_Serie_A,2025-2026,Torino FC,66at96kfhvigkny465lkmrnbp,C. Biraghi,Defender,34,9,2,7,14,30,,36,7,39,16,23,105,81,5,14,11,11,30,14,16,3,7,164,20,8,2,12,64,7,5,2,9,10,6,12,129,100,55,133,2,7,9,34,511,2,18,9,6,86,181,145,9,36,325,34,20,2,7,14,61,9,22,0,,6,,,1,,4,,2,1,18,,,,,,,,,3,3,,,,,,11,,,,1,,,,,,,,,,,,,,,,,,,,,,,,,,,,,,,,,,,,,,
Italy_Serie_A,2025-2026,Torino FC,82pgcsfvbitzlpbao9ptbsgoa,C. Casadei,Midfielder,22,149,48,101,31,116,3,163,5,305,142,163,239,225,27,31,35,29,156,94,62,10,16,711,70,21,15,79,180,15,19,4,12,,,18,532,310,226,518,20,15,,2,1914,31,39,49,15,263,715,536,35,179,1028,2,2,11,5,22,136,45,157,1,,194,2,11,12,26,62,2,7,5,1,5,6,4,4,1,,1,15,,3,31,1,3,4,3,,5,2,3,2,3,,1,4,,,,,,,1,,,,,,,,,,,,,,,,,,,,,,,,,,,
Italy_Serie_A,2025-2026,Torino FC,7vykym3hy0qf1rxw3yv58kxgq,Saúl Coco,Defender,23,114,54,60,33,95,40,312,,276,122,154,94,502,20,33,51,43,162,68,94,42,9,1339,142,30,18,81,419,10,33,2,,1,1,79,1144,372,833,1125,23,31,4,6,2910,14,158,43,33,250,1408,1204,54,204,1888,4,4,4,49,95,144,64,109,0,,392,,8,7,12,27,,3,11,,1,8,,1,,,,4,,15,2,1,,,1,,3,0,1,1,1,1,1,4,,,1,1,1,2,,,,,,,,28,29,,1,,,,,,,,,,,,,,,,,
Italy_Serie_A,2025-2026,Torino FC,eug1as582cl6ji78ylyq4zfo4,A. Dembélé,Defender,21,1,,1,2,2,,,,2,1,1,1,3,,2,1,1,1,1,,,,6,,,,1,,,,,2,,,1,5,3,2,4,,,3,1,19,1,2,,,5,6,5,,1,15,,,1,,,1,,1,0,,1,,1,,1,1,,,,,,,,,,,,,,,,,,,,,,,,,,,,1,,,,,,,,,,,,,,,,,,,,,,,,,,,,,,,,,,
Italy_Serie_A,2025-2026,Torino FC,e2xiayt8k5tv4dw5hjop71fqh,E. Ebosse,Defender,77,28,16,12,15,53,11,198,,83,47,36,63,262,5,15,20,17,55,31,24,9,4,666,100,7,4,33,279,5,14,6,1,2,2,33,598,220,411,596,5,7,,2,1151,6,48,20,10,89,698,629,12,69,840,2,2,1,20,37,43,28,32,0,,104,,1,2,1,5,,,3,2,,3,,,,,,,,9,,,1,,,,3,,,,,,,,,1,1,,,,,,,,,,,11,11,,,,,,,,,,,,,,,,,1,,
Italy_Serie_A,2025-2026,Torino FC,1782u1y0k71hjenn3wvd80o44,T. Gabellini,Forward,84,,,,,,,,,,,,,,,,,,,,,,,,,,,,,,,,,,,,,,,,,,,,,,,,,,,,,,,,,,,,,,,,,,,,,,,,,,,,,,,,,,,,,,,,,,,,,,,,,,,,,,,,,,,,,,,,,,,,,,,,,,,,,,,,,,,,
Italy_Serie_A,2025-2026,Torino FC,6egg2gwvxxqv2i9hrr0zg4yz8,G. Gineitis,Midfielder,66,53,26,27,28,113,10,145,11,217,100,117,281,205,22,28,31,26,164,74,90,22,25,543,78,50,21,75,151,26,22,14,6,22,10,23,411,260,189,404,14,28,6,3,1718,25,27,42,32,249,560,427,42,133,943,41,22,12,19,38,130,44,95,0,,91,1,12,17,17,29,,9,1,24,,5,,,,2,,5,10,2,12,4,5,,,13,5,,,1,,1,,1,,1,1,4,,,,,,,,,,,,,,,,,,,,,,,,,,,,,,
Italy_Serie_A,2025-2026,Torino FC,7hwj9pf9roe74jifvuhiu6n6x,I. Ilić,Midfielder,8,11,7,4,8,33,,48,,45,28,17,44,56,5,8,5,5,34,21,13,6,8,183,26,2,1,18,47,8,5,4,3,1,1,6,151,69,88,150,3,5,,,415,9,11,9,4,50,190,156,8,34,246,1,1,1,5,7,21,14,27,0,,54,,,2,,4,,,,,,,,,,,,,,1,3,,1,,,,2,,,,,,,1,,,,,,,,,,,,,,,,,,,,,,,,,,,,,,,,,,
Italy_Serie_A,2025-2026,Torino FC,8vom3bt6es2kp5sdl98az6gwk,E. İlkhan,Midfielder,6,20,9,11,17,57,2,86,,100,41,59,89,112,9,17,21,19,80,32,48,12,9,374,41,18,14,49,104,11,11,9,6,3,3,47,313,166,177,293,8,17,,2,860,13,13,10,17,90,403,340,25,63,569,2,1,6,4,20,48,17,43,1,,130,,4,6,7,10,,3,,1,1,2,,1,,,1,3,,5,2,,2,2,1,,2,1,0,,,,,1,,1,2,,,,,,,1,1,,,,,,,,,,,,,,,,,,,,,,,
Italy_Serie_A,2025-2026,Torino FC,54mmovmx3osoxgbloe9rzmx9l,A. Ismajli,Defender,44,71,21,50,24,79,17,163,2,149,51,98,47,260,5,24,26,21,78,30,48,33,3,882,72,10,7,59,291,4,20,4,4,3,3,45,779,248,565,765,17,14,6,12,1817,5,156,21,17,130,913,810,31,103,1254,5,5,4,24,44,77,31,59,0,,283,1,2,2,6,15,,,6,,,5,,,,1,,4,,13,,,1,1,,,5,,,1,,2,1,2,,1,1,,,,,,,,,,,11,11,,,,,,,,,,,,,,,,,,,
Italy_Serie_A,2025-2026,Torino FC,cuc7gtr9q0465wxmzgq834ag9,F. Israel,Goalkeeper,81,4,1,3,9,,,40,,7,1,6,,212,,9,18,16,3,,3,,,200,26,1,,66,31,,9,,,,,62,130,52,118,108,,,,,810,,10,,3,120,290,170,,120,370,,,,75,119,100,20,1,0,,47,,,,,,,,3,,,2,,,,,,,,38,,,,,,,1,,,,,,,2,1,,,,,,,,,,,,,60,50,,23,,7,2,,5,24,13,10,,1,8,,,1,,,1
Italy_Serie_A,2025-2026,Torino FC,c1vn1c3e3344vqcjz8g7psw0k,Z. Kugyela,Midfielder,95,,,,,,,,,,,,,,,,,,,,,,,,,,,,,,,,,,,,,,,,,,,,,,,,,,,,,,,,,,,,,,,,,,,,,,,,,,,,,,,,,,,,,,,,,,,,,,,,,,,,,,,,,,,,,,,,,,,,,,,,,,,,,,,,,,,,
Italy_Serie_A,2025-2026,Torino FC,2yuntws503qs5o9er31diwmp5,S. Kulenović,Forward,17,13,9,4,12,19,1,13,2,41,28,13,44,15,6,12,5,4,28,19,9,1,4,61,9,6,5,15,17,5,3,3,9,1,1,1,38,28,13,39,2,1,,1,289,9,4,11,4,43,63,40,3,23,121,,,3,1,2,17,6,21,0,,12,,1,2,3,7,5,2,,,,1,,,,1,,2,,,5,,,1,,,2,,,1,,,,,,1,1,,,,,,,,,,,,,,,,,,,,,,,,,,,,,,,
Italy_Serie_A,2025-2026,Torino FC,866f0f7taqhae91o3cjnnx0ph,V. Lazaro,Defender,20,39,24,15,31,200,8,156,12,180,98,82,459,301,16,31,48,40,141,74,67,22,29,822,97,55,34,94,165,31,26,11,5,37,21,45,653,383,324,625,23,24,25,149,2258,17,50,37,9,350,844,670,47,174,1438,99,66,14,24,56,225,48,118,0,,178,1,3,11,5,25,1,3,6,43,,8,,,,2,,2,12,11,14,1,7,,,28,4,,,,,,,3,,2,2,,,,,,,,,,,,,,,,,,,,,,,,,,,,,,,
Italy_Serie_A,2025-2026,Torino FC,1ijyezydbb4zzio95vj0sr09g,L. Marianucci,Defender,35,26,14,12,11,29,3,71,,65,36,29,37,143,5,11,10,9,39,22,17,9,6,373,50,7,1,27,47,7,6,1,5,3,3,30,315,157,167,291,7,6,4,7,646,5,31,9,2,78,380,321,13,59,480,5,5,3,13,25,41,23,34,0,,161,,1,2,1,,,1,1,,,1,,,,,,,,6,,,2,,,,2,,,1,,1,,,,1,1,,,,,,,,,,,,,,,,,,,,,,,,,,,,,,,
Italy_Serie_A,2025-2026,Torino FC,270djbc9lxhoupmd1djrii191,G. Maripán,Defender,13,111,52,59,26,37,26,162,1,221,101,120,67,360,8,26,37,31,110,49,61,28,9,904,77,24,14,71,268,9,24,4,2,1,1,44,762,237,571,763,21,30,,3,2099,11,150,27,7,168,949,807,51,142,1322,2,2,2,26,52,103,41,90,1,,284,2,3,3,11,33,,7,9,,2,6,,2,,,1,8,,5,2,,,3,1,,4,1,1,1,1,2,1,4,,,,,,,,,,,,,,19,19,,,,,,,,,,,,,,,,,,,
Italy_Serie_A,2025-2026,Torino FC,6gzi8qf8szxn99dnwh3h6gkb9,A. Masina,Defender,5,5,3,2,5,1,1,25,,28,16,12,5,33,3,5,11,10,23,13,10,5,1,88,10,1,1,10,35,2,2,,3,,,7,74,23,62,78,4,3,3,1,232,6,11,6,2,24,99,85,7,14,143,,,3,5,10,10,4,4,0,,30,,,1,,1,,,,,,1,,,,,,,,2,,,1,,,,,,,,,,,1,,1,1,,,,,,,,,,,5,5,,,,,,,,,,,,,,,,,,,
Italy_Serie_A,2025-2026,Torino FC,a9z0jsjwfteq974bxwucvc4ix,C. Ngonge,Forward,26,40,22,18,20,38,,131,11,139,73,66,224,76,5,20,20,17,99,51,48,2,11,252,62,17,8,36,48,12,11,9,9,4,4,16,175,137,45,162,7,4,1,4,992,31,9,20,18,169,255,178,11,77,483,14,11,13,3,8,69,22,69,0,,93,6,7,19,19,44,7,5,,1,1,3,1,,,2,1,12,,1,12,1,,5,,1,2,0,1,4,,,,3,,,1,1,,,1,,,,,,,,,,,,,,,,,,,,,,,,,,,
Italy_Serie_A,2025-2026,Torino FC,9hl7yh42qvmdcjw69si5imnf8,A. Njie,Forward,92,9,5,4,13,14,,30,4,42,25,17,69,13,4,13,5,5,33,20,13,,2,52,19,3,1,14,10,3,2,3,11,,,,37,27,10,37,3,1,,1,249,12,1,7,5,39,52,37,4,15,111,3,3,7,,2,16,2,13,0,1,15,,3,4,5,13,1,,,,1,,1,,,,1,2,,,1,,,3,1,,2,0,1,,,,,,,1,1,,,,1,,,,,,,,,,,,,,,,,,,,,,,,,,,
Italy_Serie_A,2025-2026,Torino FC,3r1zsjvt43kg7aoudhh7o3rl6,N. Nkounkou,Defender,25,12,9,3,10,19,1,37,2,44,19,25,62,42,2,10,7,7,32,10,22,8,4,103,28,9,6,10,39,5,3,3,7,5,5,5,83,55,36,81,4,9,4,21,323,4,15,3,3,44,106,86,13,20,220,11,11,1,4,7,23,8,13,0,1,6,,2,7,3,6,,1,,,,,,,,,,1,,1,,1,2,,,,3,,,,,,,2,,1,1,,,,,,,,,,,,,,,,,,,,,,,,,,,,,,,
Italy_Serie_A,2025-2026,Torino FC,4vdmmwetnlmvrc4erlhjbcvoq,Rafa Obrador,Defender,33,14,12,2,14,102,1,97,7,80,49,31,192,91,3,14,15,11,66,37,29,10,9,301,59,21,9,24,113,11,12,9,2,13,6,11,244,130,139,245,14,5,11,74,970,22,21,6,4,143,314,256,19,58,576,36,30,17,14,20,66,28,38,0,,8,1,3,6,4,9,,2,1,14,,4,,,,2,,1,7,2,4,,1,,,5,1,,,,,,,,,1,2,,,,,,,,,,,1,1,,,,,,,,,,,,,,,,,,,
Italy_Serie_A,2025-2026,Torino FC,a8s8bl5kp1rif458yt3qlevo5,A. Paleari,Goalkeeper,1,16,1,15,27,,,129,,22,3,19,,527,,27,41,33,6,2,4,,,582,53,1,,234,175,,27,,,,,197,415,143,416,362,,,,,2430,,28,,7,300,856,559,,297,1133,,,,172,294,255,42,3,0,,154,,,,,,,,9,,,8,,,,,,,,101,,,,,,,1,,,,,,,2,15,,,,,,,,,,,,,222,163,,65,,32,2,,13,79,51,27,,3,23,,,2,,,2
Italy_Serie_A,2025-2026,Torino FC,e6xexn53yyoxmdt5naduyx8bu,M. Pedersen,Defender,16,31,24,7,27,154,3,193,14,132,89,43,389,134,14,27,32,23,101,65,36,10,16,518,134,38,8,52,15,18,21,6,6,17,17,19,399,242,177,383,9,12,25,130,1989,22,22,31,6,295,521,402,21,119,974,79,79,11,20,37,163,35,82,1,,218,3,8,9,11,42,,4,8,1,1,9,1,1,,4,,3,,6,1,,4,1,1,,3,1,0,2,1,,,2,1,1,2,,,,,,,,,,,,,,,,,,,,,,,,,,,,,,,
Italy_Serie_A,2025-2026,Torino FC,1rrt3ypeifw2cyu3380xaod1w,M. Pellini,Defender,93,,,,,,,,,,,,,,,,,,,,,,,,,,,,,,,,,,,,,,,,,,,,,,,,,,,,,,,,,,,,,,,,,,,,,,,,,,,,,,,,,,,,,,,,,,,,,,,,,,,,,,,,,,,,,,,,,,,,,,,,,,,,,,,,,,,,
Italy_Serie_A,2025-2026,Torino FC,dweodk4hxk8llpyfsjpnin1n8,S. Perciun,Midfielder,83,,,,,,,,,,,,,,,,,,,,,,,,,,,,,,,,,,,,,,,,,,,,,,,,,,,,,,,,,,,,,,,,,,,,,,,,,,,,,,,,,,,,,,,,,,,,,,,,,,,,,,,,,,,,,,,,,,,,,,,,,,,,,,,,,,,,
Italy_Serie_A,2025-2026,Torino FC,b1jyt86vbfyektviyeiqtl562,M. Popa,Goalkeeper,71,,,,,,,,,,,,,,,,,,,,,,,,,,,,,,,,,,,,,,,,,,,,,,,,,,,,,,,,,,,,,,,,,,,,,,,,,,,,,,,,,,,,,,,,,,,,,,,,,,,,,,,,,,,,,,,,,,,,,,,,,,,,,,,,,,,,
Italy_Serie_A,2025-2026,Torino FC,akvrot9hi5mylunfr07nytt04,M. Prati,Midfielder,4,28,13,15,31,98,9,124,1,137,70,67,168,267,15,31,28,24,109,57,52,19,11,760,42,24,11,67,236,11,21,16,10,5,2,54,601,285,359,585,24,13,,,1809,11,58,29,8,195,799,639,37,160,1053,10,4,7,33,68,120,50,92,0,,198,,21,7,22,17,2,8,1,9,1,4,,1,,,1,1,3,14,21,3,5,,1,6,6,0,1,,,,,,,,,1,,,,,,,,,,,,,,,,,,,,,,,,,,,,,,
Italy_Serie_A,2025-2026,Torino FC,8bxhgway4xs9kn0sah9hpbq50,Z. Savva,Forward,79,,,,,,,,,,,,,,,,,,,,,,,,,,,,,,,,,,,,,,,,,,,,,,,,,,,,,,,,,,,,,,,,,,,,,,,,,,,,,,,,,,,,,,,,,,,,,,,,,,,,,,,,,,,,,,,,,,,,,,,,,,,,,,,,,,,,
Italy_Serie_A,2025-2026,Torino FC,7czabe5a0l5icdqb74sa9yru2,S. Sazonov,Defender,15,,,,,,,,,,,,,,,,,,,,,,,,,,,,,,,,,,,,,,,,,,,,,,,,,,,,,,,,,,,,,,,,,,,,,,,,,,,,,,,,,,,,,,,,,,,,,,,,,,,,,,,,,,,,,,,,,,,,,,,,,,,,,,,,,,,,
Italy_Serie_A,2025-2026,Torino FC,cp13vthbds3tl1wtfelfx2evp,G. Simeone,Forward,18,101,68,33,30,115,2,163,12,271,165,106,344,94,12,30,33,28,170,97,73,5,19,363,75,24,4,75,99,19,25,21,5,1,1,8,253,167,110,268,6,8,1,,2065,67,15,25,38,263,386,276,14,110,772,6,6,24,,10,107,9,100,4,2,78,17,28,22,56,114,11,18,,,11,5,11,10,1,,8,28,,,20,,2,11,8,,1,7,4,3,2,,,2,,,,,,2,1,,,,,,,,,,,,,,,,,,,,,,,,,,,
Italy_Serie_A,2025-2026,Torino FC,9w6xwaepe2bw3h0hwbfmr1f6c,L. Siviero,Goalkeeper,99,,,,,,,,,,,,,,,,,,,,,,,,,,,,,,,,,,,,,,,,,,,,,,,,,,,,,,,,,,,,,,,,,,,,,,,,,,,,,,,,,,,,,,,,,,,,,,,,,,,,,,,,,,,,,,,,,,,,,,,,,,,,,,,,,,,,
Italy_Serie_A,2025-2026,Torino FC,9sjt5rv156hr2llfu241r6cph,A. Tamèze,Midfielder,61,36,17,19,24,47,6,107,2,88,47,41,93,204,9,24,26,21,52,30,22,20,8,502,56,20,10,58,89,8,12,7,12,2,2,32,405,188,227,381,4,11,,14,1118,7,36,16,7,131,513,413,15,100,685,12,12,5,30,38,79,33,62,0,,173,,3,,3,9,,2,1,,,5,,,,1,,,,6,3,,,,,,3,,,,,,,1,1,,,,1,,,,,,,,,,,,,,,,,,,,,,,,,,,,,
Italy_Serie_A,2025-2026,Torino FC,ebgkv548xih19m8uza7bgrvmd,N. Vlašić,Midfielder,10,56,34,22,35,228,4,331,9,329,175,154,571,325,23,35,53,44,273,141,132,19,47,1049,175,49,26,173,242,50,34,13,1,11,11,38,873,598,303,852,27,36,,8,2873,75,28,43,42,348,1066,890,63,176,1584,36,36,27,11,30,166,46,146,2,2,271,4,19,27,36,80,,10,7,2,8,9,3,8,,1,8,17,,1,30,7,3,2,7,,7,6,2,6,,,,3,,3,3,2,,,,5,5,,,,,,,,,,,,,,,,,,,,,,,,,
Italy_Serie_A,2025-2026,Torino FC,30gsjr0xlmjulnz227zfxga8l,D. Zapata,Forward,91,75,42,33,26,65,1,69,9,139,76,63,192,43,2,26,18,13,64,34,30,1,9,199,39,15,3,28,62,10,9,8,17,,,8,141,107,51,150,1,2,,,982,23,15,14,23,127,216,158,3,58,394,7,7,9,1,3,58,7,55,0,,46,7,8,6,23,56,5,10,,,3,5,3,2,,,2,15,,1,16,,4,6,,,,3,0,4,1,,,,,,1,,,,1,1,,,,,,,,,,,,,,,,,,,,,,,,,,
Italy_Serie_A,2025-2026,Udinese Calcio,536xixhoric6hoimktme1kftg,J. Arizala,Midfielder,20,2,1,1,9,19,,33,1,18,7,11,37,16,,9,1,1,16,6,10,1,1,53,16,4,3,5,17,1,,,9,,,2,48,32,17,47,4,3,5,12,123,5,2,,1,22,54,49,7,5,104,5,5,3,,,6,4,5,0,,2,,,2,1,4,,,,1,,,,,,1,,1,,1,,,,,,,,,,,,,,,,,,,,,,,,,,,,,,,,,,,,,,,,,,,,,,,,
Italy_Serie_A,2025-2026,Udinese Calcio,2wwbf11c9mc2psxaa8p58qnmc,A. Atta,Midfielder,14,40,19,21,30,242,1,456,20,309,173,136,616,269,9,30,34,30,269,154,115,19,29,930,238,54,18,105,253,32,27,10,3,14,9,33,771,523,284,760,10,15,,18,2383,119,35,23,31,397,952,793,25,159,1546,37,23,54,11,33,163,33,126,1,3,188,8,17,61,36,83,2,17,5,23,5,4,4,4,1,3,4,19,6,2,18,2,5,3,1,13,3,0,5,4,,,,3,,3,3,1,,,1,,,,,,,,,,,,,,,,,,,,,,,,,,,
Italy_Serie_A,2025-2026,Udinese Calcio,dqazrm2wmu9zqpvp8xbeeb7jd,V. Bayo,Forward,15,53,30,23,14,27,1,23,3,84,53,31,82,18,5,14,11,10,31,23,8,,1,103,9,5,3,12,31,3,4,4,10,,,2,76,56,24,78,1,1,,,428,10,2,14,5,59,107,80,2,27,179,1,1,4,2,3,23,5,24,0,,31,5,11,1,13,20,1,,,,,1,,,,1,,2,,,6,,1,3,,,,,,1,,,,1,,1,2,,,,,,,,,,,,,,,,,,,,,,,,,,,,,,,
Italy_Serie_A,2025-2026,Udinese Calcio,8kioh2rzit592d4zwjoqsftas,N. Bertola,Defender,13,55,22,33,26,95,14,173,5,151,68,83,121,301,8,26,25,21,96,46,50,21,9,737,80,29,14,63,169,10,18,7,8,,,49,574,209,393,553,15,19,10,23,1684,17,82,19,11,228,772,602,34,170,1083,8,8,11,49,80,133,45,90,0,,207,,6,5,10,28,,2,1,,,4,,,,,,4,,8,1,,3,1,,,3,,,2,,3,,4,2,1,1,,2,,,,,,,,,9,10,,1,,,,,,,,,,,,,,,,,
Italy_Serie_A,2025-2026,Udinese Calcio,6ffcfr6a1l2p5crr71rb5szys,Iker Bravo,Forward,17,6,5,1,8,12,,15,,21,17,4,39,10,2,8,1,1,15,12,3,,3,38,10,5,1,10,12,3,3,3,5,,,3,31,23,13,33,,1,,,204,7,,3,1,26,44,36,1,8,75,4,1,1,,,10,2,8,1,,10,,,1,1,4,,3,,2,1,,1,1,,,1,1,,1,,,,,1,2,1,0,1,,,,,,,,,,,,,,,,,,,,,,,,,,,,,,,,,,,,,,,
Italy_Serie_A,2025-2026,Udinese Calcio,elhmf9cc26ec5p1wnwonuxf4l,A. Buksa,Forward,18,93,43,50,23,32,,37,2,158,82,76,100,52,7,23,14,11,65,39,26,2,11,156,19,13,7,17,33,11,5,5,18,1,1,2,94,76,22,95,2,8,,,790,18,12,20,16,112,159,97,10,62,295,1,1,7,1,1,52,11,61,2,,42,3,2,2,8,30,2,4,,,3,3,3,3,3,2,,6,,,11,,2,2,3,,2,2,1,3,,,,2,,,,,,,,,,,,,,,,,,,,,,,,,,,,,,,,,,
Italy_Serie_A,2025-2026,Udinese Calcio,5ixphgl5p99r4ddtde8iun02c,A. Camara,Midfielder,29,,,,,,,,,,,,,,,,,,,,,,,,,,,,,,,,,,,,,,,,,,,,,,,,,,,,,,,,,,,,,,,,,,,,,,,,,,,,,,,,,,,,,,,,,,,,,,,,,,,,,,,,,,,,,,,,,,,,,,,,,,,,,,,,,,,,
Italy_Serie_A,2025-2026,Udinese Calcio,bdg3xeth77c0nw61hvj5fct0p,K. Davis,Forward,9,128,73,55,28,93,3,154,16,305,162,143,300,66,10,28,26,24,177,89,88,2,24,344,87,7,2,73,74,28,25,16,3,,,7,263,190,93,276,6,5,,1,1928,52,24,39,47,197,364,283,11,81,689,3,3,14,2,2,70,14,79,0,1,131,10,13,30,37,115,5,10,1,,10,2,5,10,8,2,1,24,,,47,1,6,7,7,,5,4,6,5,1,,,3,,2,4,,,2,,4,4,,,,,,,,,,,,,,,,,,,,,,,,,
Italy_Serie_A,2025-2026,Udinese Calcio,dfckk0xst90yjlep74tvups5x,K. Ehizibue,Defender,19,27,15,12,31,113,3,123,7,171,92,79,230,158,17,31,22,20,144,77,67,12,8,448,56,31,15,71,29,7,19,10,12,4,4,20,357,178,188,342,8,31,40,98,1720,35,49,34,22,219,454,362,39,92,884,26,26,19,9,18,85,33,74,1,,154,2,3,7,5,20,1,2,4,,2,2,2,2,,1,2,2,,4,3,1,2,1,1,,5,1,1,2,,,1,2,,,,,,,,,,,,,,,,,,,,,,,,,,,,,,,,,,
Italy_Serie_A,2025-2026,Udinese Calcio,d19yalwh3i2olvpwoi89feqjt,J. Ekkelenkamp,Midfielder,32,38,23,15,31,173,6,182,8,181,84,97,379,174,13,31,30,27,143,61,82,15,24,631,109,41,21,89,156,27,27,22,4,5,1,8,497,332,181,500,19,28,5,9,2203,29,26,22,19,224,643,508,47,135,973,27,17,9,13,22,129,33,113,4,,140,3,12,16,27,54,3,6,2,14,5,3,4,3,,2,3,15,4,1,12,1,4,4,3,7,1,2,3,,2,,,4,,,3,6,,1,2,,,,,1,1,,,,,,,,,,,,,,,,,,,1,,
Italy_Serie_A,2025-2026,Udinese Calcio,6pzskxh8wy2b4gaf4kj6zuivo,S. Goglichidze,Defender,2,10,5,5,8,20,1,35,1,33,13,20,13,76,2,8,7,5,23,8,15,8,2,172,12,3,1,13,18,2,4,,4,1,1,32,138,52,99,118,3,8,,2,422,1,16,5,4,41,184,150,11,34,249,1,1,,6,15,28,7,19,0,,70,,2,,3,6,,,,,,2,,,,,,1,,1,1,,,1,,,2,,,,,,2,2,,,,,,,,,,,,,,,,,,,,,,,,,,,,,,,,,,
Italy_Serie_A,2025-2026,Udinese Calcio,71u496icvidir8qgjqut39qms,I. Gueye,Forward,7,36,17,19,17,22,2,24,3,72,38,34,80,11,2,17,6,4,36,21,15,3,4,63,10,10,7,6,14,4,1,2,16,1,1,,43,32,13,44,2,3,,,349,8,4,14,8,52,64,44,5,20,155,3,3,2,,,20,3,20,0,1,17,3,5,2,10,25,,6,,,1,2,1,1,,,1,5,,,6,,,3,1,,2,0,1,3,,,,,,,,,,,,,,,,,,,,,,,,,,,,,,,,,,,,,,
Italy_Serie_A,2025-2026,Udinese Calcio,5ljs2bj3wwiurcyxiwka2i8d1,C. Kabasele,Defender,27,99,35,64,28,46,20,147,2,181,72,109,28,184,9,28,27,23,82,37,45,34,1,758,55,9,7,53,250,1,26,10,2,,,46,663,136,563,653,6,11,,3,2147,4,148,32,25,112,794,699,17,95,1112,,,,24,46,63,32,49,1,,314,1,2,5,8,16,,2,6,,3,4,,3,,,1,6,,12,1,,,,3,,5,3,0,2,2,1,,6,,,,,,,,,,,,,,4,4,,,,,,,,,,,,,,,,,,,
Italy_Serie_A,2025-2026,Udinese Calcio,95qrrtlyz4ikkzjbgy6exbnit,H. Kamara,Defender,11,25,9,16,25,153,3,201,15,130,55,75,363,253,5,25,25,22,105,46,59,23,20,675,121,32,10,68,242,21,21,11,4,16,14,29,551,314,267,536,9,22,35,105,1790,26,55,15,11,277,690,565,31,125,1153,59,54,15,26,41,149,35,84,0,2,42,,8,17,13,30,,3,4,8,,3,,,,4,,5,2,5,4,,6,1,,3,4,,,3,,1,1,4,1,2,2,,,,,,,,,,,,,,,,,,,,,,,,,,,,,1,,
Italy_Serie_A,2025-2026,Udinese Calcio,agnmzpaj62lzsavtq43uxt4gl,J. Karlström,Midfielder,8,54,24,30,34,169,16,283,6,219,102,117,263,446,26,34,43,38,165,78,87,34,16,1216,136,39,23,135,353,16,34,6,,2,2,50,976,509,532,989,19,33,,5,3003,24,74,39,28,308,1282,1039,52,243,1674,9,9,11,57,84,180,72,159,0,,314,1,7,10,9,21,2,9,10,,1,5,,1,,,1,2,,14,16,1,1,,1,,5,1,0,1,,,1,6,,,,,1,,,,,,,,,,,,,,,,,,,,,,,,,,,,,
Italy_Serie_A,2025-2026,Udinese Calcio,6rbsjfwx4pon2d1vu3k7ojxuc,T. Kristensen,Defender,31,117,43,74,26,82,22,336,3,202,89,113,85,368,11,26,29,25,85,46,39,24,3,1078,166,17,8,75,284,3,26,2,,1,1,78,921,308,657,886,11,15,4,9,2326,8,186,25,8,190,1127,964,26,163,1493,3,3,6,27,64,117,49,99,0,,393,1,3,5,9,21,,2,9,,3,4,,3,,,,6,,11,2,,,1,3,,4,2,1,,3,1,,2,,,,,,,,,,,,,,20,22,,2,,,,,,,,,,,,,,,,,
Italy_Serie_A,2025-2026,Udinese Calcio,13o5eskqs8b88yerwltk0tivp,S. Lovrić,Midfielder,4,4,2,2,11,31,,54,3,48,25,23,85,55,4,11,7,7,44,23,21,5,7,162,30,3,,20,36,8,2,3,9,13,2,9,137,97,63,138,7,8,,3,350,9,9,5,2,68,172,147,15,25,289,25,9,2,1,8,47,3,17,0,,50,,4,4,5,7,,,,22,,,,,,,,1,9,1,1,1,3,,,11,1,,,,,,,1,,1,1,,,,,,,,,,,,,,,,,,,,,,,,,,,,,,,
Italy_Serie_A,2025-2026,Udinese Calcio,9785y6kolfs8e6yxbl7o4xzis,L. Miller,Midfielder,38,21,7,14,22,56,2,64,3,94,38,56,123,119,9,22,12,11,73,31,42,6,9,311,25,20,9,47,87,11,7,7,15,5,,11,239,138,121,243,10,9,,4,831,13,17,12,15,127,328,254,19,74,500,19,6,5,10,18,73,20,56,0,,66,,6,8,7,11,,2,,20,,1,,,,1,,1,5,3,4,1,3,,,11,3,,,1,,,,1,,2,2,,,,,,,,,,,,,,,,,,,,,,,,,,,,,,,
Italy_Serie_A,2025-2026,Udinese Calcio,bn7otu1q0vxbdq0qga3ys9el0,B. Mlačić,Defender,22,7,5,2,6,14,2,19,,17,11,6,3,30,2,6,,,10,6,4,2,,71,9,1,,4,8,,2,2,4,,,5,61,17,46,58,,3,,1,152,1,6,4,,12,73,63,3,10,92,1,1,,2,3,7,4,7,0,,21,,,1,,,,,,,,,,,,,,,,,,,,,,,2,,,,,,,,1,,,,1,,,,,,,,,,,,,,,,,,,,,,,,,,,,,
Italy_Serie_A,2025-2026,Udinese Calcio,cnop9ik6yyu7ozratrz5r54pg,A. Nunziante,Goalkeeper,1,,,,,,,,,,,,,,,,,,,,,,,,,,,,,,,,,,,,,,,,,,,,,,,,,,,,,,,,,,,,,,,,,,,,,,,,,,,,,,,,,,,,,,,,,,,,,,,,,,,,,,,,,,,,,,,,,,,,,,,,,,,,,,,,,,,,
Italy_Serie_A,2025-2026,Udinese Calcio,70ps22rygrlq3msxgwmesowyx,M. Okoye,Goalkeeper,40,6,,6,28,,,134,,11,2,9,,586,2,28,30,26,5,2,3,,2,617,59,,,191,116,2,28,,,,,196,441,157,391,352,,,,,2437,,27,2,4,311,856,548,,308,1062,,,,181,303,244,64,5,0,,154,,,,,,,,10,,,4,,,,,,,,92,,,,,,,1,,,,,,1,5,13,,,,,,,,,1,1,,,135,131,,62,,21,6,1,14,73,46,26,1,,25,,4,3,,,2
Italy_Serie_A,2025-2026,Udinese Calcio,al3t9fzj4ab55yux0zkd1jkr9,D. Padelli,Goalkeeper,93,,,,2,,,8,,,,,,32,,2,2,2,,,,,,48,6,,,17,25,,2,,,,,7,36,2,40,35,,,,,180,,2,,,21,63,42,,21,76,,,,16,21,17,4,,0,,6,,,,,,,,,,,,,,,,,,,2,,,,,,,,,,,,,,1,2,,,,,,,,,,,,,12,8,,4,,,1,,,3,2,1,,,1,,,,,,
Italy_Serie_A,2025-2026,Udinese Calcio,b4qo4uwejb2o323k7lgefzac4,M. Palma,Defender,16,11,3,8,5,3,1,9,,17,7,10,4,29,1,5,3,3,6,4,2,2,,50,3,2,1,6,3,,1,1,4,,,2,37,14,26,38,2,,1,3,116,1,9,3,,18,53,40,2,13,79,1,1,1,5,7,9,5,6,0,,18,,,,,2,,,,,,,,,,,,,,,,,,,,,,,,,,,,,1,,,,,,,,,,,,,,,,,,,,,,,,,,,,,,,,,
Italy_Serie_A,2025-2026,Udinese Calcio,4muycctq24hkus043vf8cemms,D. Pejičić,Midfielder,79,,,,,,,,,,,,,,,,,,,,,,,,,,,,,,,,,,,,,,,,,,,,,,,,,,,,,,,,,,,,,,,,,,,,,,,,,,,,,,,,,,,,,,,,,,,,,,,,,,,,,,,,,,,,,,,,,,,,,,,,,,,,,,,,,,,,
Italy_Serie_A,2025-2026,Udinese Calcio,7qk6gr48g3n1jfzz2tgb3iz1l,J. Piotrowski,Midfielder,24,40,19,21,32,77,8,189,7,196,88,108,253,179,13,32,22,19,156,69,87,17,10,526,90,35,22,79,127,11,19,15,13,,,18,432,259,186,427,22,23,,10,1643,30,34,27,29,185,540,445,45,95,885,24,18,16,11,19,92,27,76,0,1,157,2,13,13,22,43,,14,1,10,1,3,1,1,1,3,,9,,2,12,2,1,3,1,6,2,1,0,,,,1,4,,,1,3,,,,,,,,,,,,,,,,,,,,,,,,,,,,,,
Italy_Serie_A,2025-2026,Udinese Calcio,35s5mefte5hagf4wjv96u9756,Rui Modesto,Midfielder,77,4,3,1,3,11,,9,2,16,9,7,42,16,,3,2,2,12,6,6,1,1,44,4,5,1,4,14,2,,,3,2,2,1,32,21,13,31,2,4,2,9,117,5,2,,,24,44,32,6,12,82,3,3,3,1,3,12,3,9,0,,3,,,,1,4,,,,,,,,,,,,1,,1,,,1,,,,,,,,,,,1,,1,1,,,,,,,,,,,,,,,,,,,,,,,,,,,,,,,
Italy_Serie_A,2025-2026,Udinese Calcio,9kp0q3f77gz8f5e2qumj6kpyi,R. Sava,Goalkeeper,90,,,,7,,,14,,1,1,,,106,,7,14,12,1,1,,,,113,7,,,46,28,,6,,1,,,20,96,17,112,109,,,,1,619,,7,,,44,172,129,,43,222,,,,27,42,35,8,1,0,,38,,,,,,,,1,,,2,,,,,,,,9,,,,,,,1,,,,,,,,2,,,,,,,,,,,,,51,38,,11,,2,,,3,14,7,5,,2,3,,,1,,,
Italy_Serie_A,2025-2026,Udinese Calcio,cet0tgjv82l6ao07ij1ylgp9l,O. Solet,Defender,28,83,34,49,33,139,19,593,7,300,118,182,269,626,12,33,40,35,217,84,133,42,20,1755,333,29,17,155,718,21,32,3,1,2,2,139,1557,645,1066,1570,20,50,2,10,2781,38,119,29,28,301,1917,1709,70,208,2440,13,13,16,43,95,144,77,113,0,,434,2,17,37,22,43,,8,10,,3,5,2,2,,4,3,5,,8,,2,3,3,1,,1,1,2,4,,3,,4,,1,1,,,,1,1,1,,,,,80,83,1,3,,,,,,,,,,,,,,,1,,
Italy_Serie_A,2025-2026,Udinese Calcio,c90uy2n7hxklz3vys64v031g4,G. Venuti,Goalkeeper,41,,,,,,,,,,,,,,,,,,,,,,,,,,,,,,,,,,,,,,,,,,,,,,,,,,,,,,,,,,,,,,,,,,,,,,,,,,,,,,,,,,,,,,,,,,,,,,,,,,,,,,,,,,,,,,,,,,,,,,,,,,,,,,,,,,,,
Italy_Serie_A,2025-2026,Udinese Calcio,5f1dum9uu94se6fo201wl2tck,G. Vinciati,Forward,45,,,,,,,,,,,,,,,,,,,,,,,,,,,,,,,,,,,,,,,,,,,,,,,,,,,,,,,,,,,,,,,,,,,,,,,,,,,,,,,,,,,,,,,,,,,,,,,,,,,,,,,,,,,,,,,,,,,,,,,,,,,,,,,,,,,,
Italy_Serie_A,2025-2026,Udinese Calcio,eu4xivu8i6yla9fcnuncx1ucp,N. Zaniolo,Midfielder,10,55,37,18,32,133,,356,28,375,235,140,591,169,24,32,27,22,320,198,122,4,45,514,176,39,15,92,74,51,28,18,4,33,6,27,394,341,144,425,6,22,2,2,2269,124,,62,61,449,579,452,28,127,1239,91,37,61,1,18,199,19,109,2,3,203,6,25,33,47,91,1,25,2,64,5,5,5,5,3,5,1,22,20,1,20,5,7,6,4,41,8,1,4,6,1,,,5,,5,6,5,,,,,,,,,,,,,,,,,,,,,,,,,,,,2,,
Italy_Serie_A,2025-2026,Udinese Calcio,7kbn6vt37rfgd9yszzvx9idm2,A. Zanoli,Defender,59,25,8,17,19,98,5,110,10,115,54,61,222,97,12,19,18,15,90,46,44,7,13,347,63,30,13,50,14,15,16,15,3,12,12,9,279,158,134,271,6,19,18,76,1290,21,36,16,5,153,348,280,25,68,655,27,27,19,9,13,70,25,55,1,,139,1,2,14,3,16,,,,1,1,3,,1,,1,1,1,,4,4,,3,,,,1,0,1,,,,,4,,2,2,,1,,,,,,,,,,,,,,,,,,,,,,,,,,,,,
Italy_Serie_A,2025-2026,Udinese Calcio,488vwilxllk6nhf4o1wrh0gve,Oier Zarraga,Midfielder,6,14,6,8,23,28,3,40,1,54,34,20,54,51,4,23,10,9,40,28,12,6,2,152,17,7,6,26,35,2,2,1,21,2,1,4,136,83,59,136,,6,2,7,447,5,14,8,5,39,156,140,6,16,241,10,4,2,5,7,21,5,9,0,1,42,,1,1,2,6,,2,,6,,1,,,,,,1,1,2,1,,1,1,,4,2,,,,,,,,,,,,,,,,,,,,,,,,,,,,,,,,,,,,,,,,,
Italy_Serie_A,2025-2026,Udinese Calcio,918sxflcvngsy0xvc9dh3jaei,J. Zemura,Defender,33,21,15,6,15,44,4,101,12,131,76,55,211,134,17,15,15,14,110,61,49,7,10,283,53,28,10,43,94,11,12,4,3,9,7,13,199,152,68,198,11,18,15,74,1017,31,26,22,11,181,296,211,29,85,610,25,20,19,16,24,85,25,61,0,,24,2,3,9,4,38,,1,2,3,,1,,,,,,1,2,3,,,2,,,1,3,,,2,,,,1,,,1,2,1,1,,,,,,,,,,,,,,,,,,,,,,,,,,,,
Italy_Serie_A,2025-2026,US Cremonese,e2dn4s6p2f6xnbaje17wd3jyt,E. Audero,Goalkeeper,1,13,2,11,32,,,177,,16,3,13,,808,,32,46,40,3,1,2,,,868,67,1,,313,230,,32,,,,,246,586,152,615,521,,,,,2880,,30,,5,467,1226,767,,459,1597,,,,251,452,352,107,7,0,,188,,,1,,,,,10,,,6,,,,,,,,93,,,,,,,,,,,,,,3,18,,,,,,,,,,,,,276,204,,88,,30,5,2,10,121,71,49,2,3,38,,8,7,,,
Italy_Serie_A,2025-2026,US Cremonese,342zbrh4dy6y3ohsew14b2ulm,T. Barbieri,Defender,4,49,26,23,27,109,8,174,22,220,111,109,330,185,21,27,25,24,171,85,86,13,9,513,104,52,19,55,43,10,17,7,10,9,9,37,379,220,175,349,18,27,16,61,1636,27,31,39,26,283,520,386,45,134,987,66,65,17,28,46,168,32,88,0,,183,1,6,16,8,25,,6,2,,,1,,,,2,,2,,8,9,,2,1,,,7,,,1,,,,2,,1,1,,,,,,,,,,,,,,,,,,,,,,,,,,,,,,,
Italy_Serie_A,2025-2026,US Cremonese,bkz9b4cqf8f970myv8r49f561,F. Baschirotto,Defender,6,103,46,57,29,101,33,235,4,193,100,93,53,419,11,29,38,31,90,54,36,26,2,1214,111,19,14,80,377,2,29,1,,1,1,64,1038,259,880,1074,13,13,1,2,2541,4,187,45,9,206,1316,1138,26,178,1689,7,7,1,60,95,135,50,83,0,,419,1,4,1,9,20,,3,8,,2,7,,2,,1,,5,,10,,,,1,2,,2,0,2,2,2,,1,2,1,,,,,,,,,,,,,46,46,,,,,,,,,,,,,,,,,,,
Italy_Serie_A,2025-2026,US Cremonese,ckzn72wo51pmw475t9tl6vr2t,M. Bianchetti,Defender,15,77,30,47,25,86,18,214,1,177,71,106,87,457,3,25,33,29,100,41,59,17,2,1048,83,21,13,45,348,4,23,9,2,1,1,71,870,299,637,864,15,29,34,73,2017,4,123,25,14,234,1115,935,44,180,1514,5,5,2,43,95,127,58,85,0,,224,,5,2,6,13,,1,4,,,4,,,,,,1,,8,2,1,1,1,,,3,,,4,,,2,3,1,1,2,,1,,,,,,,,,12,13,,1,,,,,,,,,,,,,,,,,
Italy_Serie_A,2025-2026,US Cremonese,19gglji6ai70jiu7iqpkaxbyt,F. Bonazzoli,Forward,90,25,17,8,33,253,,203,10,235,115,120,423,171,10,33,41,35,210,98,112,9,12,749,73,27,9,80,137,13,29,17,4,6,6,41,627,415,272,640,11,16,,1,2378,55,9,25,75,259,803,681,27,122,1197,19,19,22,5,15,120,21,107,3,2,242,4,24,10,54,66,1,18,2,,9,6,5,8,9,1,,30,,,52,4,3,5,6,,3,4,5,2,,,,2,,1,1,,,,1,2,2,,,,,,,,,,,,,,,,,,,,,,,,,
Italy_Serie_A,2025-2026,US Cremonese,98x5xrku2jffo0in2u2htazca,W. Bondo,Midfielder,38,18,12,6,27,187,3,219,2,173,88,85,141,175,19,27,30,25,155,76,79,8,3,759,107,20,12,82,225,3,22,14,5,,,26,680,288,409,671,17,14,1,1,1769,31,9,39,33,140,776,697,31,79,1004,3,3,11,10,19,52,30,60,0,,189,,3,15,5,13,,3,4,,,5,,,,2,,2,,1,28,,,,,,5,,,3,,,,1,,,,,,,,,,,,,,,,,,,,,,,,,,,,,,,,,,
Italy_Serie_A,2025-2026,US Cremonese,a7gi41760sk45wbkpbps3njdh,M. Castagnetti,Midfielder,19,,,,,,,,,,,,,,,,,,,,,,,,,,,,,,,,,,,,,,,,,,,,,,,,,,,,,,,,,,,,,,,,,,,,,,,,,,,,,,,,,,,,,,,,,,,,,,,,,,,,,,,,,,,,,,,,,,,,,,,,,,,,,,,,,,,,
Italy_Serie_A,2025-2026,US Cremonese,9mldc318nq0tli73wjh6ueket,F. Ceccherini,Defender,23,27,11,16,9,28,5,33,,53,21,32,38,87,6,9,13,11,26,10,16,7,1,210,11,10,3,15,47,2,6,5,3,,,9,166,56,125,172,5,2,7,22,480,1,25,10,9,63,226,181,7,45,339,3,3,,14,23,30,18,22,0,,64,,3,1,5,7,,,,,,2,,,,,,2,,2,,,1,,,,1,,,1,,,,,,1,1,,,,,,,1,1,,,2,2,,,,,,,,,,,,,,,,,,,
Italy_Serie_A,2025-2026,US Cremonese,587lj5txpervhinszdat4j9wp,M. Collocolo,Midfielder,18,6,3,3,6,27,1,24,3,21,12,9,30,24,1,6,4,4,15,9,6,1,2,107,9,5,2,11,26,2,5,2,1,,,3,89,31,60,88,,3,,1,310,5,2,2,2,39,109,91,3,18,154,5,5,,1,5,15,8,13,0,,32,,,1,1,5,,1,1,,,,,,,1,,1,,1,6,,,,,,1,,,1,,,,1,,,,,,,,,,,,,,,,,,,,,,,,,,,,,,,,,,
Italy_Serie_A,2025-2026,US Cremonese,dvvtx09hkl46bnq5fqjqbd8tl,M. De Luca,Forward,9,4,3,1,2,1,,2,,7,5,2,7,1,1,2,,,3,2,1,,,5,2,,,,2,,,,2,,,,1,1,,1,,,,,14,,,1,1,5,5,1,,4,11,,,,,,3,1,4,1,,1,,,,2,2,,,,,1,,,1,,,1,2,,,,,,1,1,,,1,0,,,,,,,,,,,,,1,1,,,,,,,,,,,,,,,,,,,,,,,,,
Italy_Serie_A,2025-2026,US Cremonese,dp1y9x5r6z1q120hj3sgyhxat,M. Đurić,Forward,9,92,20,72,22,27,,9,2,112,30,82,115,61,2,22,12,12,20,10,10,,4,155,3,3,,9,39,5,3,2,19,,,3,72,59,15,71,1,,1,,444,4,10,5,9,101,157,74,1,83,219,2,2,2,1,2,80,5,81,0,,30,2,7,1,12,40,3,3,,,,,,,,,,5,,,10,,2,,,,2,,,,,,,,,1,1,,,,,,,,,,,,,,,,,,,,,,,,,,,,,,,
Italy_Serie_A,2025-2026,US Cremonese,5y65alckrn3nmcjifxoaor52i,M. Faye,Defender,30,10,7,3,8,22,2,25,,29,12,17,33,45,1,8,3,3,19,5,14,6,1,121,14,4,1,16,46,1,2,2,6,,,8,94,39,58,89,1,6,1,7,250,1,7,2,4,37,124,97,7,27,176,6,4,,4,8,22,11,19,0,,11,,,3,,4,,2,,,,,,,,,,,,2,,,1,,,,1,,,,,,,,,,,,,,,,,,,,,1,1,,,,,,,,,,,,,,,,,,,
Italy_Serie_A,2025-2026,US Cremonese,44fc7ap1vj3q036o0dzvipi50,N. Faye,Forward,17,,,,,,,,,,,,,,,,,,,,,,,,,,,,,,,,,,,,,,,,,,,,,,,,,,,,,,,,,,,,,,,,,,,,,,,,,,,,,,,,,,,,,,,,,,,,,,,,,,,,,,,,,,,,,,,,,,,,,,,,,,,,,,,,,,,,
Italy_Serie_A,2025-2026,US Cremonese,d3dzhnj9na7marc0c4j0d1zbo,R. Floriani Mussolini,Defender,22,42,22,20,26,78,5,87,10,122,66,56,168,95,8,26,20,16,80,44,36,5,8,292,45,28,9,32,49,9,12,9,14,4,4,4,209,118,96,206,12,15,3,16,1089,18,36,19,5,157,293,210,27,83,520,24,24,10,4,13,87,20,70,0,,71,2,3,6,4,28,1,1,1,,,4,,,,4,,1,,1,1,,4,,,,2,,,1,,,,,,,1,,,2,,,,,,,,,,,,,,,,,,,,,,,,,,,,
Italy_Serie_A,2025-2026,US Cremonese,4vodu8jalzzq7mqblyv6m7y1g,F. Folino,Defender,55,23,7,16,18,19,9,50,,61,28,33,17,121,3,18,15,14,38,21,17,3,1,302,22,8,5,23,88,1,7,1,11,,,26,243,64,187,225,4,4,10,21,712,5,52,11,9,83,311,251,8,60,459,1,1,3,26,35,41,20,25,0,,83,,1,,2,4,,,,,1,1,,1,,,,1,,13,,1,,,1,,,1,0,1,1,,,1,,,,,,,,,,,,,,,,,,,,,,,,,,,,,,,,,,
Italy_Serie_A,2025-2026,US Cremonese,1fdgli7rrzvlhcs1exckc0r11,A. Grassi,Midfielder,33,26,11,15,28,84,8,181,3,112,44,68,105,265,3,28,29,25,86,33,53,30,6,765,79,14,7,70,246,6,16,11,12,,,30,650,291,396,657,13,8,,1,1593,9,54,14,25,141,805,687,21,118,1036,2,2,1,33,54,89,31,64,0,,210,,6,8,10,10,1,2,2,,,4,,,,,,4,,7,18,4,,1,,,3,,,1,,,2,1,,,,,,,,,,,,,,,,,,,,,,,,,,,,,,,,1,,
Italy_Serie_A,2025-2026,US Cremonese,776qa4yrwh5beenw70cfwh59l,D. Johnsen,Forward,11,14,6,8,11,23,,38,,44,24,20,59,45,1,11,7,5,30,18,12,,3,94,17,7,2,13,20,4,5,5,6,5,3,2,48,30,24,47,1,2,1,2,390,14,4,2,4,88,96,49,3,47,177,7,4,8,3,9,41,13,38,0,,8,1,1,5,3,12,1,2,,5,1,2,1,1,,,1,2,1,1,1,1,1,,1,3,,1,0,1,,,,,,,1,,,,,,,,,,,,,,,,,,,,,,,,,,,,,,,
Italy_Serie_A,2025-2026,US Cremonese,6hs72sce4a0qy2noz15wdrfv8,A. Lickūnas,Forward,84,,,,,,,,,,,,,,,,,,,,,,,,,,,,,,,,,,,,,,,,,,,,,,,,,,,,,,,,,,,,,,,,,,,,,,,,,,,,,,,,,,,,,,,,,,,,,,,,,,,,,,,,,,,,,,,,,,,,,,,,,,,,,,,,,,,,
Italy_Serie_A,2025-2026,US Cremonese,bw1mrbqna1y1f5bbn1tnrqolw,D. Lordkipanidze,Midfielder,48,2,1,1,1,3,,,,4,3,1,3,2,,1,,,2,2,,1,,7,,,,1,,,,,1,,,1,5,1,4,4,,,,,28,2,1,,,4,7,5,,2,14,,,,,,1,1,2,0,,2,,,,,,,,,,,,,,,,,,,,,,,,,,,,,,,,,,,,,,,,,,,,,,,,,,,,,,,,,,,,,,,,,,,
Italy_Serie_A,2025-2026,US Cremonese,b9whd5ja9ahlef1x4yhexpyxg,S. Lottici Tessadri,Midfielder,21,,,,,,,,,,,,,,,,,,,,,,,,,,,,,,,,,,,,,,,,,,,,,,,,,,,,,,,,,,,,,,,,,,,,,,,,,,,,,,,,,,,,,,,,,,,,,,,,,,,,,,,,,,,,,,,,,,,,,,,,,,,,,,,,,,,,
Italy_Serie_A,2025-2026,US Cremonese,cnk07o3823zl5gd7qr2bdks7p,S. Luperto,Defender,5,64,34,30,32,110,19,288,4,174,79,95,67,474,16,32,46,41,110,45,65,28,5,1442,138,18,7,81,593,6,32,4,,2,2,62,1267,321,1067,1324,14,20,,8,2837,5,152,31,27,215,1569,1386,34,183,1942,9,9,,40,94,130,62,89,0,,392,1,3,5,7,16,,3,7,,1,5,,1,,,,4,,12,,1,4,1,1,,4,1,0,,1,2,,1,1,1,1,,2,,,,,,,,,68,68,,,,,,,,,,,,,,,,,,,
Italy_Serie_A,2025-2026,US Cremonese,d9sakxlp96siw0z1jltszdlgp,Y. Maleh,Midfielder,29,25,15,10,21,121,3,86,3,157,87,70,206,197,18,21,31,27,132,72,60,13,9,538,31,36,15,65,127,9,17,7,4,8,5,25,418,247,205,419,19,17,1,5,1467,24,30,36,17,207,564,444,36,120,843,36,16,8,26,40,119,37,80,1,1,119,,12,7,15,11,,5,2,11,1,4,1,,1,,,3,2,5,16,,1,1,,7,4,0,1,,,,,1,,,,,,,1,,,1,1,,,,,,,,,,,,,,,,,,,,,,,
Italy_Serie_A,2025-2026,US Cremonese,6y5mafllsqob2gmfnt2gsg7is,A. Malovec,Goalkeeper,12,,,,,,,,,,,,,,,,,,,,,,,,,,,,,,,,,,,,,,,,,,,,,,,,,,,,,,,,,,,,,,,,,,,,,,,,,,,,,,,,,,,,,,,,,,,,,,,,,,,,,,,,,,,,,,,,,,,,,,,,,,,,,,,,,,,,
Italy_Serie_A,2025-2026,US Cremonese,4bntcltsmr5ymc4f8eme1v1ii,F. Moumbagna,Forward,14,6,3,3,5,5,,5,,9,6,3,18,2,1,5,1,1,3,3,,,1,15,5,2,,2,2,1,,,5,,,,9,6,3,9,,,,,88,2,1,1,,17,15,9,,6,30,1,1,1,,,6,1,6,0,,6,,1,,1,7,,1,,,,,,,,1,,,,,2,,,1,,,,,,,,,,,,,,,,,,,,,,,,,,,,,,,,,,,,,,,,,,,,
Italy_Serie_A,2025-2026,US Cremonese,6cowiesazkskzzljywnix5ous,L. Nava,Goalkeeper,69,,,,,,,,,,,,,,,,,,,,,,,,,,,,,,,,,,,,,,,,,,,,,,,,,,,,,,,,,,,,,,,,,,,,,,,,,,,,,,,,,,,,,,,,,,,,,,,,,,,,,,,,,,,,,,,,,,,,,,,,,,,,,,,,,,,,
Italy_Serie_A,2025-2026,US Cremonese,1gnc1tbpmomiqt1sty2lktt5,D. Okereke,Forward,77,34,23,11,9,33,1,44,2,60,38,22,83,17,,9,7,6,26,15,11,,3,93,21,4,2,9,31,3,3,3,6,1,1,2,81,66,17,80,3,,,2,370,12,2,1,3,41,94,82,3,12,161,4,4,7,,,15,1,12,0,,13,2,2,5,7,11,,1,,1,2,1,1,2,1,1,1,5,,,3,,1,,1,,,2,0,,,,,,,,,,,,,,,,,,,,,,,,,,,,,,,,,,,,,,,
Italy_Serie_A,2025-2026,US Cremonese,24sdln17lnv16hnei73ewglw,D. Pavesi,Defender,25,,,,,,,,,,,,,,,,,,,,,,,,,,,,,,,,,,,,,,,,,,,,,,,,,,,,,,,,,,,,,,,,,,,,,,,,,,,,,,,,,,,,,,,,,,,,,,,,,,,,,,,,,,,,,,,,,,,,,,,,,,,,,,,,,,,,
Italy_Serie_A,2025-2026,US Cremonese,1bd23slibfdzz32n8nhwosbqi,M. Payero,Midfielder,32,54,34,20,25,92,3,137,5,215,122,93,259,145,16,25,17,13,161,88,73,10,12,449,77,35,18,69,124,12,16,11,9,8,2,12,339,222,132,334,11,8,,2,1458,48,18,37,34,234,458,346,19,112,789,25,15,26,6,24,117,20,88,0,1,97,2,10,22,18,22,1,5,1,12,1,4,1,,,3,1,8,4,1,17,1,1,1,1,6,8,0,1,3,,,,1,,,,,,,1,,,,,,,,,,,,,,,,,,,,,,,,,,,
Italy_Serie_A,2025-2026,US Cremonese,90pjbz2aq8vz4qapqu1yt2ynd,G. Pezzella,Defender,3,57,32,25,29,162,11,196,12,245,127,118,380,270,13,29,41,35,188,95,93,11,25,694,120,61,23,82,253,26,28,7,1,35,29,15,536,293,288,531,17,31,28,133,2411,30,84,45,31,353,705,546,48,159,1335,91,80,14,29,48,195,55,111,0,,20,6,4,14,4,15,,1,5,5,,6,,,,3,,,1,4,1,,,,,4,8,,,,,,,3,1,1,1,,1,,,,,1,1,,,,,,,,,,,,,,,,,,,,,,,
Italy_Serie_A,2025-2026,US Cremonese,e7tz6hxliohn3gkj4cgl3j1ed,A. Sanabria,Forward,99,68,39,29,25,45,,56,1,121,68,53,96,29,5,25,12,11,53,29,24,1,5,167,21,7,2,11,38,6,10,10,15,,,3,137,88,57,142,1,1,,1,941,11,15,15,15,75,175,145,2,30,296,2,2,2,,,24,8,30,0,,63,6,4,7,8,27,5,4,,,1,1,1,1,,,,4,,,10,2,3,4,1,,2,1,0,,1,,,1,,,1,,,,,,,,,,,,,,,,,,,,,,,,,,,,,,,
Italy_Serie_A,2025-2026,US Cremonese,8ok0giwhuu7ax85ngr8tunpey,J. Sarmiento,Midfielder,19,,,,7,15,,36,1,21,9,12,35,9,,7,2,2,21,9,12,2,3,56,17,2,1,10,21,3,,,7,1,,2,51,36,18,51,4,2,1,1,137,8,1,,1,24,58,53,6,5,102,1,1,3,,1,5,1,4,0,,13,,,5,2,1,,,,1,,,,,,,,2,1,,1,,,,,,,,,,,,,,,,,,,,,,,,,,,,,,,,,,,,,,,,,,,,,,,
Italy_Serie_A,2025-2026,US Cremonese,913rgsi93o890wc2cbuwlbqp5,L. Sernicola,Defender,17,,,,,,,,,,,,,,,,,,,,,,,,,,,,,,,,,,,,,,,,,,,,,,,,,,,,,,,,,,,,,,,,,,,,,,,,,,,,,,,,,,,,,,,,,,,,,,,,,,,,,,,,,,,,,,,,,,,,,,,,,,,,,,,,,,,,
Italy_Serie_A,2025-2026,US Cremonese,93237ztqyi3r4hu3rmgzrgudx,M. Silvestri,Goalkeeper,16,2,,2,4,,,7,,2,,2,,95,,4,7,6,,,,,,78,1,,,35,18,,4,,,,,23,42,18,62,57,,,,,360,,4,,,60,140,80,,60,180,,,,33,59,43,17,1,0,,27,,,,,,,,,,,1,,,,,,,,12,,,,,,,,,,,,,,,5,,,,,,,,,,,,,46,44,,15,,2,,,3,15,7,8,,,8,,,,,,
Italy_Serie_A,2025-2026,US Cremonese,20f5apcbciifqyln8hp3cziwa,F. Terracciano,Defender,24,72,30,42,34,176,23,259,7,164,62,102,211,560,5,34,41,35,92,32,60,53,11,1435,128,44,22,133,219,11,31,4,3,3,3,70,1237,494,801,1222,8,23,36,153,2839,9,112,16,25,305,1499,1292,31,207,2089,24,24,6,38,78,151,80,129,0,,544,,5,5,9,18,,5,10,,2,6,,2,,,,4,,6,5,1,1,2,2,,6,2,0,1,2,,,2,1,,,,,,,,,,,,,,,2,,,,,,,,,,,,,,,,,,
Italy_Serie_A,2025-2026,US Cremonese,9qzxygb9hyzag1szans0k2jth,M. Thorsby,Midfielder,2,162,74,88,22,61,6,67,,236,114,122,162,148,15,22,24,24,74,40,34,4,8,391,25,14,8,45,110,9,14,8,8,2,2,7,275,187,91,269,16,5,,,1248,8,30,24,11,162,394,276,21,118,590,3,3,,4,8,86,35,110,0,,75,7,9,3,17,38,2,4,1,,3,,2,3,1,,1,8,,3,9,1,3,1,3,,3,1,2,,1,,,2,,1,1,,,,,,,,,,,,,,,,,,,,,,,,,,,,,,,
Italy_Serie_A,2025-2026,US Cremonese,9noq0ogmqc2cwj3nowoadcdlh,M. Valoti,Midfielder,8,,,,,,,,,,,,,,,,,,,,,,,,,,,,,,,,,,,,,,,,,,,,,,,,,,,,,,,,,,,,,,,,,,,,,,,,,,,,,,,,,,,,,,,,,,,,,,,,,,,,,,,,,,,,,,,,,,,,,,,,,,,,,,,,,,,,
Italy_Serie_A,2025-2026,US Cremonese,d94867tqgcdqdwg7rhhzt1al1,J. Vandeputte,Midfielder,27,15,10,5,30,169,2,253,16,165,91,74,417,296,18,30,24,21,150,81,69,18,48,850,133,41,16,90,274,53,23,17,7,39,11,48,657,410,318,641,15,22,1,11,1871,34,36,34,25,388,887,689,37,198,1333,120,49,14,25,66,271,47,132,0,1,148,1,6,7,14,21,3,6,1,80,1,3,1,1,,3,1,8,21,4,38,4,10,2,1,53,2,0,1,1,,,,3,,5,5,5,,1,,,,,,,,,,,,,,,,,,,,,,,,,,,,
Italy_Serie_A,2025-2026,US Cremonese,6v1o4s2acog9guff3folo1jh1,J. Vardy,Forward,10,115,69,46,27,79,3,70,7,200,119,81,230,50,12,27,28,24,85,50,35,3,13,275,42,16,6,35,104,15,22,8,5,2,2,3,168,132,48,175,2,9,,1,1929,30,24,18,18,185,285,178,11,107,486,9,9,8,1,3,91,25,104,2,,52,17,8,6,21,65,8,8,4,,6,4,6,5,1,2,5,13,,,25,1,4,6,5,,4,4,2,1,,,,2,,1,2,,,,1,,,,,,,,,,,,,,,,,,,,,,,,,,,
Italy_Serie_A,2025-2026,US Cremonese,5pe8vrm8k9dwiy5uw2jca4jbp,F. Vázquez,Forward,20,25,17,8,15,37,1,54,3,104,56,48,116,63,5,15,11,10,79,39,40,4,8,193,22,5,1,21,31,10,4,3,11,5,2,10,150,106,54,145,11,8,1,4,516,24,6,9,16,98,198,155,19,43,341,15,6,7,,4,47,11,39,0,2,67,,6,5,10,13,2,2,1,9,1,1,1,1,,,1,4,2,,14,2,4,,1,7,1,1,0,1,,,,1,,2,2,1,,,,,,,,,,,,,,,,,,,,,,,,,,,,,,
Italy_Serie_A,2025-2026,US Cremonese,7knk2xsg4690hgq9us9us8ull,A. Zerbin,Forward,7,39,30,9,31,104,3,135,11,200,127,73,315,170,15,31,23,20,161,97,64,3,14,442,82,38,18,60,51,17,16,13,15,11,8,16,319,228,109,310,19,19,3,37,1599,32,24,34,20,251,449,326,38,123,801,46,38,18,24,42,141,28,81,0,1,124,7,8,7,15,40,2,6,,7,,3,,,,6,,7,2,5,9,,4,3,,3,2,,,,,,,1,,2,3,,,,,,,,,,,,,,,,,,,,,,,,,,,,,,,
Italy_Serie_A,2025-2026,US Lecce,cntcffa67r95rbcf1154r92zu,L. Banda,Midfielder,19,30,19,11,30,104,,249,20,272,157,115,409,62,21,30,21,21,242,138,104,7,19,324,136,36,11,73,143,22,19,16,11,13,7,6,263,208,71,260,10,17,,5,1631,83,12,43,47,296,330,266,27,64,787,68,52,47,2,6,118,14,58,2,,21,3,9,30,19,62,,14,,14,4,,3,3,1,2,3,10,5,1,6,1,6,,1,9,6,2,2,1,,,,,,3,3,3,,,1,,,1,1,1,1,,,,,,,,,,,,,,,,,,,,,
Italy_Serie_A,2025-2026,US Lecce,d12unjo4sk39iix9of2yfask4,M. Berisha,Midfielder,10,15,8,7,13,76,2,116,16,74,33,41,185,107,5,13,10,10,59,25,34,5,17,344,53,14,7,41,116,20,12,11,1,20,3,28,278,206,110,268,9,12,1,1,880,12,3,11,10,132,364,296,21,68,546,39,6,1,7,26,97,10,42,1,,65,1,10,3,15,15,,9,,48,2,,1,1,1,,1,5,16,1,7,1,5,,1,25,,0,2,,,,,2,,3,3,6,,,1,,,,,1,1,,,,,,,,,,,,,,,,,,,,,
Italy_Serie_A,2025-2026,US Lecce,ajb8tmra8x9l78gg8zrp5v5ec,D. Bleve,Goalkeeper,95,,,,,,,,,,,,,,,,,,,,,,,,,,,,,,,,,,,,,,,,,,,,,,,,,,,,,,,,,,,,,,,,,,,,,,,,,,,,,,,,,,,,,,,,,,,,,,,,,,,,,,,,,,,,,,,,,,,,,,,,,,,,,,,,,,,,
Italy_Serie_A,2025-2026,US Lecce,5vz3ahy53htjc8pk4wzvytzbo,F. Camarda,Forward,22,44,31,13,20,30,1,35,3,81,58,23,91,23,4,20,9,9,37,27,10,,4,95,14,4,4,20,24,4,7,7,13,,,3,66,46,27,70,2,1,,1,669,12,2,12,4,68,102,73,3,29,192,1,1,6,,2,22,8,27,0,,25,2,6,3,9,25,4,6,,,1,,,1,,1,,3,,,4,,1,3,1,,1,1,0,2,1,,,,,,,,,,,1,,,,,,,,,,,,,,,,,,,,,,,,,,
Italy_Serie_A,2025-2026,US Lecce,c23q56z612clw2oxpordhrwiy,W. Cheddira,Forward,99,72,47,25,31,51,2,73,5,167,100,67,189,54,6,31,19,19,95,53,42,1,9,181,34,17,9,28,39,10,10,8,21,2,2,1,118,94,37,128,1,3,,,1051,32,3,25,32,137,192,129,4,63,388,5,5,11,,2,61,7,61,1,1,48,7,9,8,17,56,5,10,,,2,,2,2,,1,2,8,,,6,,,3,2,,3,0,2,4,,,,1,,1,1,,,,,,,,,,,,,,,,,,,,,,,,,,,,,,,
Italy_Serie_A,2025-2026,US Lecce,7pg1pu4ptby6hi0rp29hv4jxl,L. Coulibaly,Midfielder,29,73,38,35,31,154,6,209,7,296,137,159,347,193,23,31,31,30,223,99,124,8,18,725,91,40,18,131,211,19,29,10,2,3,2,39,590,379,232,569,23,25,,1,2515,43,31,34,52,243,743,608,48,135,1142,15,15,17,10,23,119,31,112,0,1,185,1,13,24,21,54,2,5,5,1,3,1,2,3,,1,1,8,1,4,29,1,1,2,2,,4,2,1,2,2,,,4,,,1,,,,,,,,,,,,,,,,,,,,,,,,,,,,,,,
Italy_Serie_A,2025-2026,US Lecce,1lisq580zw4yfk6id6f1dwr56,Danilo Veiga,Defender,17,95,48,47,34,149,13,251,24,378,173,205,496,493,19,34,40,39,283,125,158,29,18,915,158,75,29,106,48,19,31,3,3,16,13,52,636,400,286,618,42,51,79,280,2847,69,130,40,46,552,950,670,93,280,1962,69,66,40,48,85,278,71,195,0,,260,1,3,19,5,12,,1,8,1,,1,,,,3,,2,1,13,2,1,,,,,8,,,2,,,,2,1,,1,1,1,,,,,,,,,,,,,,,,,,,,,,,,,,,,,
Italy_Serie_A,2025-2026,US Lecce,3nfxhugbxid6o0r92txslivh1,W. Falcone,Goalkeeper,30,20,1,19,36,,,209,,26,2,24,1,906,,36,48,46,6,1,5,,1,658,113,,,277,90,1,36,,,,,278,323,210,289,221,,2,,,3240,,52,,8,599,1092,499,2,593,1387,,,,367,590,523,70,3,0,,96,,,,,1,,,9,,,2,,,,,,,,146,,,,,,,2,,,,,,,4,30,,,,,,,,,,,,,182,178,,88,,15,6,2,25,105,84,21,2,1,31,,2,8,,,
Italy_Serie_A,2025-2026,US Lecce,3ndwckior1wi6ba3rrw10a356,S. Fofana,Midfielder,8,7,5,2,5,6,,5,,17,11,6,17,5,2,5,1,1,10,6,4,,2,27,3,3,1,2,6,2,1,1,4,,,,14,9,5,14,,2,,,81,2,,3,1,21,27,14,2,13,44,,,1,,1,10,3,12,0,,10,,2,1,2,5,2,,,,,,,,,,,,,,2,,,,,,,,,,,,,,,,,,,,,,,,,,,,,,,,,,,,,,,,,,,,,,,
Italy_Serie_A,2025-2026,US Lecce,f25vq95i4fayxcel0nr9uyl0p,C. Früchtl,Goalkeeper,1,,,,,,,,,,,,,,,,,,,,,,,,,,,,,,,,,,,,,,,,,,,,,,,,,,,,,,,,,,,,,,,,,,,,,,,,,,,,,,,,,,,,,,,,,,,,,,,,,,,,,,,,,,,,,,,,,,,,,,,,,,,,,,,,,,,,
Italy_Serie_A,2025-2026,US Lecce,1oszv53od5pulbhx566ht984q,A. Gallo,Defender,25,48,22,26,35,131,5,234,15,181,71,110,429,624,3,35,41,39,133,49,84,14,29,1033,155,29,10,135,275,33,32,5,3,34,19,75,718,469,331,691,22,36,79,198,2878,20,117,6,13,545,1085,766,58,319,1838,90,69,12,85,146,330,79,173,0,1,55,,3,13,4,10,,1,8,27,,2,,,,1,,1,13,18,2,,4,2,,11,2,,,,,1,,3,,3,4,1,,,,,,,,,,,,,,,,,,,,,,,,,,,,,,
Italy_Serie_A,2025-2026,US Lecce,7eox5w91a19w4kx2u3cc8d4yy,O. Gandelman,Midfielder,16,118,69,49,17,53,1,20,3,168,106,62,118,81,8,17,12,12,50,37,13,4,6,228,8,14,6,20,39,6,10,8,7,1,1,2,146,100,49,146,3,5,,2,922,21,13,12,3,127,230,148,8,82,359,3,3,7,1,4,70,15,78,1,1,57,1,4,2,7,23,2,3,1,,2,,1,2,1,,,3,,,13,,1,,2,,,1,1,,1,,,1,,,,,,,,,,,,,,,,,,,,,,,,,,,,,,,,,,
Italy_Serie_A,2025-2026,US Lecce,ake9g5cu6vhwm4tip27gbvuac,O. Gorter,Midfielder,28,,,,2,3,,4,,2,1,1,2,7,1,2,1,1,2,1,1,,,16,1,2,2,2,4,,,,2,,,1,15,8,10,17,,1,,,27,,,1,,1,19,18,1,1,22,,,,,,,1,1,0,,5,,,,,,,,,,,,,,,,,,,,,,,,,,,,,,,,,,,,,,,,,,,,,,,,,,,,,,,,,,,,,,,,,,,
Italy_Serie_A,2025-2026,US Lecce,3ail949zww61xhkymcg66bca1,Þ. Helgason,Midfielder,14,3,2,1,8,9,2,9,1,15,6,9,35,14,,8,3,3,12,4,8,3,3,44,3,3,2,4,20,3,1,1,7,3,1,1,32,28,8,32,1,1,,2,140,4,,,,24,46,33,2,13,82,3,1,1,2,3,15,1,10,0,,3,,,6,2,4,,1,,2,,,,,,,,2,1,1,2,,,,,1,,,,,,,,,,,,1,,,,,,,,,,,,,,,,,,,,,,,,,,,,,,
Italy_Serie_A,2025-2026,US Lecce,pl5ns1qxie3gqhzoe33s7ip6,G. Jean,Defender,18,9,4,5,5,2,,23,,17,8,9,,47,,5,,,8,4,4,1,,90,15,,,6,37,,1,,4,,,7,70,30,49,72,,3,1,,154,,16,1,2,23,99,79,3,20,129,,,,6,11,17,3,9,0,,13,,,,,,,,1,,,,,,,,,,,1,,,,,,,1,,,,,1,,,,,,,,,,,,,,,,6,6,,,,,,,,,,,,,,,,,,,
Italy_Serie_A,2025-2026,US Lecce,3g14bqou9coim6fit9c2cyr8q,M. Kaba,Midfielder,77,30,16,14,15,28,2,68,6,112,57,55,131,80,7,15,12,11,82,41,41,4,5,182,36,14,11,33,45,5,5,2,10,3,3,7,138,111,34,135,5,7,,,626,25,6,12,21,96,186,142,12,44,331,5,5,7,1,4,38,11,40,0,,33,,3,9,7,20,1,2,,,,1,,,,1,,4,,1,6,,,,,,1,,,1,,,1,1,1,,,,,,,,,,,,,,,,,,,,,,,,,,,,,,,,,
Italy_Serie_A,2025-2026,US Lecce,6udrxynn6611j9tjm258iu80k,Kialonda Gaspar,Defender,4,86,37,49,22,53,21,96,1,152,58,94,27,272,4,22,25,24,66,21,45,17,,759,37,14,8,42,169,,21,1,1,,,47,636,199,469,621,14,9,,6,1829,4,141,12,22,140,792,668,23,124,1085,1,1,2,29,55,90,35,69,0,,298,2,5,1,6,16,,3,7,,,1,,,,,,1,,6,,,,1,,,6,,,,,,1,4,1,,,,,,,,,1,1,,,3,3,,,,,,,,,,,,,,,,,,,
Italy_Serie_A,2025-2026,US Lecce,ddael339qbxtn101e69azwpw4,O. Kouassi,Defender,21,4,1,3,4,17,,26,,21,4,17,29,41,1,4,6,5,17,3,14,1,,80,14,2,2,6,2,,3,2,1,1,1,4,64,36,30,61,4,7,7,16,228,2,8,1,3,28,81,65,11,16,138,1,1,1,2,4,10,7,12,0,,21,,,,,,,,,,,1,,,,,,,,1,,,,,,,,,,,,,1,2,,,,,,,,,,,,,,,,,,,,,,,,,,,,,,,,,,
Italy_Serie_A,2025-2026,US Lecce,ctucoojhg0wz69rl5gowm44k4,N. Kovač,Midfielder,80,,,,,,,,,,,,,,,,,,,,,,,,,,,,,,,,,,,,,,,,,,,,,,,,,,,,,,,,,,,,,,,,,,,,,,,,,,,,,,,,,,,,,,,,,,,,,,,,,,,,,,,,,,,,,,,,,,,,,,,,,,,,,,,,,,,,
Italy_Serie_A,2025-2026,US Lecce,d9sakxlp96siw0z1jltszdlgp,Y. Maleh,Midfielder,93,24,14,10,20,115,3,84,3,154,86,68,194,181,18,20,31,27,130,72,58,13,9,493,31,34,14,64,116,9,16,6,4,8,5,23,379,227,186,382,19,16,1,5,1408,24,30,36,16,198,519,405,35,114,790,34,15,8,24,38,113,35,76,0,1,107,,11,7,14,10,,5,2,10,1,4,1,,1,,,3,2,5,12,,1,1,,6,4,0,1,,,,,1,,,,,,,1,,,1,1,,,,,,,,,,,,,,,,,,,,,,,
Italy_Serie_A,2025-2026,US Lecce,210tz8r9e4nhtz66gpd8dcxnu,F. Marchwiński,Midfielder,36,,,,,,,,,,,,,,,,,,,,,,,,,,,,,,,,,,,,,,,,,,,,,,,,,,,,,,,,,,,,,,,,,,,,,,,,,,,,,,,,,,,,,,,,,,,,,,,,,,,,,,,,,,,,,,,,,,,,,,,,,,,,,,,,,,,,
Italy_Serie_A,2025-2026,US Lecce,90ljpsmc6jf9657bs8cwkavl6,C. Ndaba,Defender,3,15,8,7,14,31,1,43,1,34,14,20,34,85,2,14,12,12,19,6,13,4,2,190,18,4,1,17,61,2,6,4,8,1,1,10,158,78,89,156,3,4,4,23,539,1,37,2,,45,199,166,7,33,307,3,3,,8,14,22,14,19,0,,22,,1,6,1,1,,1,,,,,,,,,,,,2,,,,,,,,,,,,1,,1,,,,,,,,,,,,,,6,6,,,,,,,,,,,,,,,,,,,
Italy_Serie_A,2025-2026,US Lecce,eorgs50x6dss1dzy86fvb97o4,O. Ngom,Midfielder,79,21,10,11,13,42,2,50,1,86,43,43,75,65,8,13,13,13,65,33,32,12,4,227,21,13,9,43,81,4,8,4,5,1,1,8,186,110,84,185,8,13,,,705,13,16,13,6,64,234,193,21,41,350,1,1,4,2,5,25,17,36,0,,46,,,6,2,2,1,3,,,,,,,,,,2,,,7,,,,,,1,,,1,,,,,,,,,,,,,,,,,,,,,,,,,,,,,,,,,,,,,,
Italy_Serie_A,2025-2026,US Lecce,8xjlysmwl5vnhcnvsynftjd62,K. N’Dri,Forward,11,14,9,5,25,26,,118,5,113,70,43,193,33,4,25,14,13,99,61,38,2,4,122,74,15,5,22,10,4,1,1,24,2,2,5,85,75,17,85,7,4,1,6,492,44,,9,18,126,127,90,11,37,313,17,16,32,1,3,51,3,34,0,,58,1,9,9,14,30,2,4,,5,2,1,1,,2,4,,5,,,2,,2,1,,1,3,0,2,,,,,,,,,1,,,2,,,,,,,,,,,,,,,,,,,,,,,,,,,
Italy_Serie_A,2025-2026,US Lecce,e9vdzs6x2romwcd4kj85zmwpg,P. Penev,Goalkeeper,88,,,,,,,,,,,,,,,,,,,,,,,,,,,,,,,,,,,,,,,,,,,,,,,,,,,,,,,,,,,,,,,,,,,,,,,,,,,,,,,,,,,,,,,,,,,,,,,,,,,,,,,,,,,,,,,,,,,,,,,,,,,,,,,,,,,,
Italy_Serie_A,2025-2026,US Lecce,dy4p5raczhbmglfsu8n4xcdwq,S. Pierotti,Forward,50,132,83,49,35,151,5,276,14,501,315,186,469,170,40,35,33,31,369,232,137,19,20,605,144,70,41,146,73,21,29,23,6,3,3,9,457,317,148,453,32,48,2,9,2454,131,23,66,21,397,610,462,80,148,1224,17,17,58,3,7,143,22,141,0,1,216,7,12,36,20,88,2,11,1,,1,2,,1,,6,,8,,1,16,1,2,5,1,,4,1,0,3,1,,,4,,1,1,,,,,,,,,,,,,,,,,,,,,,,,,,,,,,,
Italy_Serie_A,2025-2026,US Lecce,3bdkw17dkx2c3u0uwztdss6zu,B. Pierret,Midfielder,75,2,,2,3,2,,5,,5,,5,5,3,,3,,,3,,3,,,16,2,,,2,6,,,,3,,,,11,8,3,11,1,1,,,24,,3,,2,5,16,11,2,5,24,,,,,,4,1,5,0,,5,,,,,1,,,,,,,,,,,,,,,,,,,,,,,,,,,,,,,,,,,,,,,,,,,,,,,,,,,,,,,,,,,,,,
Italy_Serie_A,2025-2026,US Lecce,bd4wo7krxbttndxxerhsjjrpw,M. Pérez,Defender,13,,,,1,3,2,2,,1,1,,5,6,,1,,,1,1,,,1,15,1,1,1,1,,1,1,1,,,,,14,7,7,14,,,2,1,32,,2,,,4,15,14,,1,25,1,1,,,1,2,,,0,,6,,,,,,,,,,,,,,,,,,,,,,,,,,,,,,,,,,,,,,,,,,,,,,,,,,,,,,,,,,,,,,,,,,,
Italy_Serie_A,2025-2026,US Lecce,4g64l7opsuqvgx8190cbh1otl,H. Rafia,Midfielder,8,,,,,,,,,,,,,,,,,,,,,,,,,,,,,,,,,,,,,,,,,,,,,,,,,,,,,,,,,,,,,,,,,,,,,,,,,,,,,,,,,,,,,,,,,,,,,,,,,,,,,,,,,,,,,,,,,,,,,,,,,,,,,,,,,,,,
Italy_Serie_A,2025-2026,US Lecce,c4kxfrbrfedilykhbyak3e579,Y. Ramadani,Midfielder,20,54,23,31,35,158,10,269,4,333,148,185,295,494,25,35,43,41,279,125,154,46,16,1281,101,48,37,202,298,16,35,10,,5,3,86,1020,650,477,1036,37,51,,,3040,38,56,40,57,362,1391,1122,88,269,1913,11,10,12,61,124,224,56,145,0,1,441,,18,13,23,15,3,10,9,,1,2,,1,,,1,5,,16,26,4,1,,,,8,0,1,1,,,1,4,,,,,,,,,,,,,,,,,,,,,,,,,,,,,,,,,,
Italy_Serie_A,2025-2026,US Lecce,phk9kn5ws6j9zj8ubbfl1une,Álex Sala,Midfielder,6,5,4,1,9,16,,17,3,30,20,10,57,11,5,9,6,6,25,16,9,3,2,68,8,2,1,1,22,3,2,2,7,4,2,3,59,53,16,62,2,2,,,161,4,2,6,5,30,75,65,4,10,121,8,2,1,,2,16,2,8,0,,26,,1,,3,3,,1,,3,,,,,,1,,2,,1,2,,,1,,3,,,,,,,,,,1,1,,,,,,,,,,,,,,,,,,,,,,,,,,,,,,,
Italy_Serie_A,2025-2026,US Lecce,8ikf00dzaqhw0pnpnbncpz2wa,J. Samooja,Goalkeeper,32,,,,,,,,,,,,,,,,,,,,,,,,,,,,,,,,,,,,,,,,,,,,,,,,,,,,,,,,,,,,,,,,,,,,,,,,,,,,,,,,,,,,,,,,,,,,,,,,,,,,,,,,,,,,,,,,,,,,,,,,,,,,,,,,,,,,
Italy_Serie_A,2025-2026,US Lecce,2izep8yz4gavm10cvf82py5pm,J. Siebert,Defender,5,63,30,33,19,36,20,98,2,130,63,67,29,251,7,19,27,25,67,33,34,15,3,509,44,13,5,37,114,3,16,1,3,1,1,52,389,152,278,377,9,15,2,16,1520,5,126,19,7,148,556,429,24,127,827,4,4,2,30,73,107,24,54,0,,155,1,1,4,3,11,,3,2,,1,2,,1,,,,2,,12,,,,,1,,3,0,1,1,1,2,,,2,,,,1,,,,,,,,,17,17,,,,,,,,,,,,,,,,,,,
Italy_Serie_A,2025-2026,US Lecce,b7vmywgydbcs4m9pcjcoabt62,R. Sottil,Forward,23,15,12,3,21,72,,169,15,118,71,47,332,58,,21,14,13,103,59,44,2,22,232,95,18,5,38,86,24,13,13,8,25,12,9,191,186,45,197,2,2,,3,1073,44,5,10,27,199,250,206,4,44,528,75,37,26,3,6,109,10,38,1,,34,4,7,13,10,29,2,10,,45,1,1,1,,,6,1,3,9,1,6,,6,,,27,1,0,1,,,,,2,,2,2,6,,,1,,,,,,,,,,,,,,,,,,,,,,,,,,,
Italy_Serie_A,2025-2026,US Lecce,4gnprufs4yyf7wq9mzmkmf622,N. Štulić,Forward,9,138,88,50,32,95,4,49,5,236,147,89,251,61,11,32,22,20,98,59,39,2,20,301,21,16,12,38,72,20,20,18,12,1,1,3,204,141,71,208,5,7,,,1699,23,13,38,26,167,308,211,12,97,541,,,5,,1,80,17,96,2,,80,9,12,4,20,64,15,12,,,3,2,2,3,,,3,8,,,36,,2,4,3,,1,3,0,3,,,,3,,,,,,,,1,1,,,,,,,,,,,,,,,,,,,,,,,,,
Italy_Serie_A,2025-2026,US Lecce,1i9mqbswolg91evnmsrf5katx,Tete Morente,Forward,7,21,11,10,16,68,2,81,6,108,66,42,229,80,6,16,14,13,87,55,32,3,10,256,44,25,14,37,52,10,9,7,7,4,3,12,189,151,48,183,3,8,,4,859,32,13,13,12,143,262,195,11,67,444,25,22,18,5,12,80,12,55,0,1,62,1,4,9,6,23,1,8,1,3,,1,,,,2,,2,,1,6,,1,1,,2,2,,,1,,,1,2,,,,1,,,,,,,,,,,,,,,,,,,,,,,,,,,,,,
Italy_Serie_A,2025-2026,US Lecce,dfsb8uzowi737si30le6gjaxg,Tiago Gabriel,Defender,44,184,63,121,35,66,21,286,,327,107,220,52,348,5,35,44,43,143,44,99,44,2,1119,128,19,16,81,495,2,34,2,1,,,64,977,287,838,1061,24,37,,,3040,9,231,25,38,171,1279,1125,61,154,1784,2,2,,40,67,98,58,87,0,,370,1,14,1,18,27,,2,8,,2,1,,2,,,,4,,16,,,,4,2,,5,2,0,,1,2,1,4,1,,,,1,,,,,,,,,104,106,1,2,,,,,,,,,,,,,,,,1,
Italy_Serie_A,2025-2026,US Sassuolo Calcio,exqldi3zpsfhvhhvphmpw1ez8,D. Bakola,Midfielder,50,3,1,2,5,10,,17,1,19,7,12,38,11,1,5,2,2,16,6,10,1,1,42,12,6,4,8,17,2,1,1,4,,,1,31,21,11,31,5,,,,106,3,,1,3,20,43,32,5,11,74,3,2,2,,4,12,2,7,0,,5,,1,2,2,7,,1,,1,,,,,,,,1,,,3,1,,,,1,,,,,,,,,,,1,,,,,,,,,,,,,,,,,,,,,,,,,,,,,,,
Italy_Serie_A,2025-2026,US Sassuolo Calcio,394t0dvwomz0uvzz6ademt0k4,L. Barani,Defender,34,,,,,,,,,,,,,,,,,,,,,,,,,,,,,,,,,,,,,,,,,,,,,,,,,,,,,,,,,,,,,,,,,,,,,,,,,,,,,,,,,,,,,,,,,,,,,,,,,,,,,,,,,,,,,,,,,,,,,,,,,,,,,,,,,,,,
Italy_Serie_A,2025-2026,US Sassuolo Calcio,m030tubgf3zpgf0axzm7z26t,D. Berardi,Forward,10,30,18,12,24,159,,158,12,176,96,80,377,152,15,24,27,23,146,78,68,23,28,566,72,46,21,70,39,32,22,13,2,17,7,34,432,302,165,416,9,17,1,2,1806,32,24,29,33,255,589,450,26,139,943,36,13,14,8,31,142,33,108,2,,239,11,13,10,32,70,3,5,2,29,8,4,4,8,7,3,1,19,7,1,28,5,7,4,6,13,2,4,4,1,,,,3,,3,4,2,,1,,3,2,1,1,,,,,,,,,,,,,,,,,,,,,,,
Italy_Serie_A,2025-2026,US Sassuolo Calcio,7qluty59wsg0ak1p5301o8pux,D. Boloca,Midfielder,11,3,3,,2,11,,22,,9,5,4,20,12,,2,4,3,6,2,4,2,1,56,13,,,11,23,1,2,1,,,,2,53,31,22,51,,2,,,135,1,2,,1,6,56,53,2,3,74,1,1,1,,1,3,1,2,0,,10,,2,1,2,1,,,,,,1,,,,,,,,,1,,,,,,,,,,,,,,,,,,,,,,,,,,,,,,,,,,,,,,,,,,,,,,,
Italy_Serie_A,2025-2026,US Sassuolo Calcio,c23q56z612clw2oxpordhrwiy,W. Cheddira,Forward,9,72,47,25,30,49,2,69,5,158,96,62,181,52,6,30,18,18,86,49,37,1,9,175,34,17,9,28,38,10,9,7,21,2,2,1,114,93,34,124,1,3,,,976,29,2,24,27,131,186,125,4,61,368,5,5,10,,2,59,7,59,0,1,47,7,8,8,15,54,5,10,,,2,,2,2,,1,2,7,,,6,,,2,2,,3,0,2,4,,,,1,,1,1,,,,,,,,,,,,,,,,,,,,,,,,,,,,,,,
Italy_Serie_A,2025-2026,US Sassuolo Calcio,68iplmlkdp5wkgnlnnanj9be1,W. Coulibaly,Defender,25,17,11,6,18,70,4,128,2,88,44,44,118,103,4,18,12,12,71,33,38,7,4,353,75,11,3,46,57,4,7,3,11,2,2,6,320,161,164,317,7,13,14,66,868,14,15,14,12,84,357,323,20,34,576,7,7,2,2,5,27,14,29,0,,127,,2,6,3,7,,1,,,,,,,,1,,1,,,,,,,,,2,,,2,,1,,,,,,,,,,,,,,,,,,,,,,,,,,,,,,,,,,,,
Italy_Serie_A,2025-2026,US Sassuolo Calcio,7uf7y7xa6hy3gieetcte3td2i,J. Doig,Defender,3,61,32,29,30,137,14,183,13,177,88,89,302,278,6,30,31,26,116,56,60,23,15,715,112,53,27,63,288,15,22,11,8,13,13,14,583,293,320,586,12,21,36,140,1919,33,54,16,19,268,732,600,33,132,1267,25,25,21,29,43,106,51,89,0,1,29,,6,9,10,22,,1,4,1,,5,,,,6,,4,,4,1,1,4,1,,,5,,,1,,,1,2,,,,,2,,,,,,,,,,,,,,,,,,,,,,,,,,,,,
Italy_Serie_A,2025-2026,US Sassuolo Calcio,5f13ro5hgmago2bmqtzjw5ey,A. Fadera,Forward,20,22,14,8,28,88,,146,17,199,109,90,223,48,21,28,11,10,177,95,82,7,6,257,78,38,16,52,74,7,8,9,20,6,3,9,202,128,80,193,13,23,,2,975,44,6,36,36,163,257,202,36,55,530,18,16,24,2,4,65,8,51,2,,47,8,4,11,8,47,2,5,,4,2,1,1,2,1,4,1,4,2,2,7,3,1,2,2,2,5,2,0,,,,1,2,,1,1,1,,2,,,,,,,,,,,,,,,,,,,,,,,,,,,,
Italy_Serie_A,2025-2026,US Sassuolo Calcio,5mjg1aoi0j61wsx2tc0tidr6x,Fali Candé,Defender,5,28,17,11,12,23,3,28,2,56,30,26,28,82,7,12,6,6,28,13,15,2,1,184,11,10,4,26,64,1,5,4,7,,,6,139,53,93,140,,9,8,20,507,1,28,9,6,68,191,146,9,45,298,4,4,,11,18,35,14,27,0,,22,,3,,3,3,,,,,,,,,,,,,,3,,,,,,,2,,,,,,1,2,,,,,1,,,,,,,,,3,3,,,,,,,,,,,,,,,,,,,
Italy_Serie_A,2025-2026,US Sassuolo Calcio,bketzyo16t5l51vr6qo9arp5g,C. Frangella,Midfielder,33,,,,,,,,,,,,,,,,,,,,,,,,,,,,,,,,,,,,,,,,,,,,,,,,,,,,,,,,,,,,,,,,,,,,,,,,,,,,,,,,,,,,,,,,,,,,,,,,,,,,,,,,,,,,,,,,,,,,,,,,,,,,,,,,,,,,
Italy_Serie_A,2025-2026,US Sassuolo Calcio,f414ed8b0apdfxxa56mq04q1h,U. Garcia,Defender,23,6,3,3,11,69,3,56,4,55,35,20,134,130,8,11,6,6,49,32,17,7,6,325,27,19,5,36,114,7,8,2,3,9,9,13,286,166,136,280,6,9,6,40,763,8,13,10,1,83,332,293,15,39,489,21,21,4,7,15,42,18,24,0,1,19,1,,1,1,11,,1,3,,1,,,,1,1,,1,,,,2,3,,,,3,1,0,,,,,1,,1,1,,,,1,,,,,,,,,,,,,,,,,,,,,,,,,1,,
Italy_Serie_A,2025-2026,US Sassuolo Calcio,4vkdz07ldrv7dxirfqo479a3u,A. Ghion,Midfielder,8,,,,1,,,1,,1,,1,1,,,1,,,1,,1,,,1,1,,,,,,,,1,,,,1,,1,1,,1,,,9,,,,,1,1,1,1,,3,1,,,,,1,,,0,,1,,,,,,,,,1,,,,,,,,,,,,,,,,1,,,,,,,,,,,,,,,,,,,,,,,,,,,,,,,,,,,,,,,,,,
Italy_Serie_A,2025-2026,US Sassuolo Calcio,2r1hv8jivl8q2zd3egpipfe38,E. Iannoni,Midfielder,44,9,2,7,15,17,,24,2,37,24,13,40,37,8,15,6,6,28,22,6,3,,111,12,7,3,14,24,,1,1,14,,,,91,48,43,91,3,3,,1,248,8,6,11,,37,111,91,6,20,163,2,2,5,2,5,17,5,15,0,,33,1,2,,3,6,1,,,,1,,1,1,,,,1,,,2,1,,,1,,3,1,0,1,1,,,1,,,,,,,,,,,,,,,,,,,,,,,,,,,,,,,,,,
Italy_Serie_A,2025-2026,US Sassuolo Calcio,7nfr8xuo637qma7ovxx4r9fmy,J. Idzes,Defender,21,107,55,52,34,86,23,244,1,194,96,98,55,437,9,34,42,38,87,41,46,41,3,1352,127,33,20,98,356,3,34,2,,,,41,1220,329,933,1221,15,13,,1,3009,5,184,32,13,158,1401,1262,28,139,1772,1,1,1,36,69,93,47,70,0,,522,1,3,6,3,12,,2,7,,,4,,,,,,,,13,,1,2,,,,3,,,3,,1,2,5,1,,,,2,,,,,,,,,7,8,,1,,,,,,,,,,,,,,,,,
Italy_Serie_A,2025-2026,US Sassuolo Calcio,81rizhub9w9a7ifnf60bbppuc,I. Koné,Midfielder,90,21,14,7,33,177,4,348,4,193,87,106,291,211,12,33,37,33,172,73,99,15,22,1032,176,38,26,85,329,22,31,19,2,3,3,62,941,515,451,901,13,16,2,6,2619,37,30,25,50,184,1054,963,29,91,1410,2,2,16,4,14,59,34,77,1,,337,,8,22,18,38,3,2,2,1,6,4,3,6,,4,6,10,,2,36,1,1,3,6,,3,3,3,3,,,,4,,,,,1,,,,,,1,,,,,,,1,,,,,,,,,,,,,,,,
Italy_Serie_A,2025-2026,US Sassuolo Calcio,27xj7me8icr5ptta7kwx0kfs9,A. Laurienté,Forward,45,28,21,7,36,209,,330,28,265,165,100,671,159,23,36,36,31,237,144,93,7,43,709,202,35,22,76,287,52,31,25,5,25,8,16,596,484,154,597,12,12,,2,2461,99,12,40,42,385,728,613,24,115,1274,82,36,48,,13,185,12,102,0,1,73,18,24,27,48,102,3,18,,64,6,5,5,5,,4,6,24,17,1,30,2,14,1,1,36,4,2,4,4,,,,3,,8,9,11,,,1,,,,,1,1,,,,,,,,,,,,,,,,,,,,,
Italy_Serie_A,2025-2026,US Sassuolo Calcio,9cv979t3dmbwoy586m01xdvkk,L. Lipani,Midfielder,35,18,9,9,22,72,2,65,3,108,67,41,128,99,12,22,12,10,90,58,32,12,9,407,30,10,6,44,134,10,9,7,13,,,18,335,175,172,329,11,14,,,918,17,24,27,5,108,419,347,25,72,567,5,2,5,6,20,59,18,52,0,,114,1,5,2,8,14,1,4,1,3,,2,,,,1,,3,,1,13,2,1,1,,3,3,,,1,,,,2,,1,1,,,,,,,,,,,,,,,,,,,,,,,,,,,,,,,
Italy_Serie_A,2025-2026,US Sassuolo Calcio,8zltxvt0rcrcv96x1wmdhlrrp,M'Bala Nzola,Forward,8,76,34,42,28,92,1,155,9,204,109,95,282,56,7,28,19,13,128,75,53,3,18,270,79,8,4,69,42,19,14,9,14,1,1,7,212,154,65,211,4,4,,2,1433,51,11,28,26,181,276,218,8,58,550,6,6,17,,3,56,8,55,1,1,86,15,16,19,27,78,4,10,2,,4,6,2,4,4,3,,11,,,18,1,1,4,4,,2,1,3,7,,,,2,,1,1,,,,,3,2,1,1,,,,,,,,,,,,,,,,,,,,,,,
Italy_Serie_A,2025-2026,US Sassuolo Calcio,dpq2amw7jamibajl9xas5jeok,T. Macchioni,Defender,31,,,,,,,,,,,,,,,,,,,,,,,,,,,,,,,,,,,,,,,,,,,,,,,,,,,,,,,,,,,,,,,,,,,,,,,,,,,,,,,,,,,,,,,,,,,,,,,,,,,,,,,,,,,,,,,,,,,,,,,,,,,,,,,,,,,,
Italy_Serie_A,2025-2026,US Sassuolo Calcio,c5a7z6vphv9tp9ddid5jnrnx1,N. Matić,Midfielder,18,50,20,30,32,188,10,398,2,220,100,120,258,553,13,32,36,32,170,80,90,26,19,1559,214,27,9,161,442,20,30,10,2,2,2,102,1340,663,761,1320,14,28,1,4,2581,35,47,23,39,308,1645,1422,42,223,1977,10,10,12,37,74,168,65,149,0,,462,,4,11,8,24,1,3,5,1,1,4,,1,1,,,4,,7,21,4,1,,,,7,1,0,1,,,,3,,1,1,,,,,,,1,1,,,,,,,,,,,,,,,,,,,,,,,
Italy_Serie_A,2025-2026,US Sassuolo Calcio,ataq92vho6o4euh045am8cbo4,F. Missori,Defender,2,,,,,,,,,,,,,,,,,,,,,,,,,,,,,,,,,,,,,,,,,,,,,,,,,,,,,,,,,,,,,,,,,,,,,,,,,,,,,,,,,,,,,,,,,,,,,,,,,,,,,,,,,,,,,,,,,,,,,,,,,,,,,,,,,,,,
Italy_Serie_A,2025-2026,US Sassuolo Calcio,5o8qoe2fv7ppwrwdyx6v5fdd6,L. Moro,Forward,24,23,11,12,14,14,,7,1,52,25,27,45,11,2,14,3,3,29,14,15,2,1,43,4,1,1,4,10,1,1,1,13,,,1,33,23,11,33,1,4,,,201,4,2,7,9,34,44,34,5,10,98,,,,,1,10,,9,0,,9,2,5,1,6,14,,,,,,,,,,,,1,,,2,,1,2,,,1,,,,,,,1,,,,,,,,,,,,,,,,,,,,,,,,,,,,,,,,,,
Italy_Serie_A,2025-2026,US Sassuolo Calcio,17inz8artrqynbg3qbme42r8q,T. Muharemović,Defender,80,102,35,67,31,93,31,352,3,205,71,134,87,576,9,31,43,38,103,36,67,45,3,1472,167,17,10,89,570,5,31,1,,,,85,1253,368,961,1244,22,22,,4,2745,6,213,23,20,253,1557,1329,44,228,2029,2,2,4,52,131,161,69,97,1,,318,,6,7,12,25,,8,6,,2,5,,2,,,,6,,16,1,3,1,3,2,,6,1,1,,1,,,4,2,,2,1,,,,,,,,,,30,30,2,,,,,,,,,,,,,,,,,1,
Italy_Serie_A,2025-2026,US Sassuolo Calcio,6w3v6ck12wmaff8owswnhphm2,S. Mulattieri,Forward,9,,,,,,,,,,,,,,,,,,,,,,,,,,,,,,,,,,,,,,,,,,,,,,,,,,,,,,,,,,,,,,,,,,,,,,,,,,,,,,,,,,,,,,,,,,,,,,,,,,,,,,,,,,,,,,,,,,,,,,,,,,,,,,,,,,,,
Italy_Serie_A,2025-2026,US Sassuolo Calcio,2k18wcecasfnrys3vm9sm2lt5,A. Murić,Goalkeeper,49,18,1,17,32,,,91,,21,2,19,1,599,,32,43,39,3,1,2,,1,538,41,,,330,145,1,32,,,,,215,386,146,418,349,,,,,2880,,49,1,3,374,927,564,,363,1374,,,,191,356,318,45,7,0,,183,,,,,1,,,6,,,4,,,,,,,,92,,1,,,,,4,,,,,,1,5,22,,,,,,,,,,,,,285,223,,123,,69,6,1,21,119,78,40,1,7,32,,4,5,,,1
Italy_Serie_A,2025-2026,US Sassuolo Calcio,8wrwjo4foktlhtecxmmk756ac,L. Nyarko,Goalkeeper,22,,,,,,,,,,,,,,,,,,,,,,,,,,,,,,,,,,,,,,,,,,,,,,,,,,,,,,,,,,,,,,,,,,,,,,,,,,,,,,,,,,,,,,,,,,,,,,,,,,,,,,,,,,,,,,,,,,,,,,,,,,,,,,,,,,,,
Italy_Serie_A,2025-2026,US Sassuolo Calcio,5ld0lornm6gih88rs3qg59jze,C. Odenthal,Defender,26,,,,1,,,1,,,,,,,,1,,,,,,,,2,,,,1,,,,,1,,,,2,1,1,2,,,,,1,,,,,,2,2,,,2,,,,,,,,,0,,2,,,,,,,,,,,,,,,,,,,,,,,,,,,,,,,,,,,,,,,,,,,,,,,,,,,,,,,,,,,,,,,,,,,
Italy_Serie_A,2025-2026,US Sassuolo Calcio,enia77t7ktsvjpw9zsxbq76ga,Y. Paz,Defender,17,,,,,,,,,,,,,,,,,,,,,,,,,,,,,,,,,,,,,,,,,,,,,,,,,,,,,,,,,,,,,,,,,,,,,,,,,,,,,,,,,,,,,,,,,,,,,,,,,,,,,,,,,,,,,,,,,,,,,,,,,,,,,,,,,,,,
Italy_Serie_A,2025-2026,US Sassuolo Calcio,4u0o6pfpmohhbzuggq31bj02c,Pedro Felipe,Defender,66,,,,1,,,,,,,,,,,1,,,,,,,,1,,,,,,,,,1,,,,1,,1,1,,,,,1,,,,,,1,1,,,1,,,,,,,,,0,,1,,,,,,,,,,,,,,,,,,,,,,,,,,,,,,,,,,,,,,,,,,,,,,,,,,,,,,,,,,,,,,,,,,,
Italy_Serie_A,2025-2026,US Sassuolo Calcio,dshd3v6ph8gqdcoa1n9rdi8t0,E. Pieragnolo,Defender,15,,,,,,,,,,,,,,,,,,,,,,,,,,,,,,,,,,,,,,,,,,,,,,,,,,,,,,,,,,,,,,,,,,,,,,,,,,,,,,,,,,,,,,,,,,,,,,,,,,,,,,,,,,,,,,,,,,,,,,,,,,,,,,,,,,,,
Italy_Serie_A,2025-2026,US Sassuolo Calcio,bs140bnmdwxoygd90eh8r9v55,N. Pierini,Forward,77,5,3,2,11,16,,17,2,28,17,11,54,8,,11,,,23,14,9,2,4,48,6,5,3,9,11,4,,,11,4,,,39,42,6,44,,4,1,1,134,13,1,1,3,32,53,44,4,9,109,5,2,5,,,9,5,9,0,1,18,,1,2,3,4,,2,,7,,,,,,,,2,2,,3,1,,,,2,1,,,,,,,,,,,2,,,,,,,,,,,,,,,,,,,,,,,,,,,,,,
Italy_Serie_A,2025-2026,US Sassuolo Calcio,153ljvbov0n176vm9fdaizoix,A. Pinamonti,Forward,99,151,96,55,34,172,2,84,12,248,152,96,315,81,4,34,37,32,97,56,41,1,14,389,35,37,20,43,105,17,31,25,3,2,2,7,267,158,170,319,5,4,,,2454,43,17,12,30,221,448,326,9,122,744,9,9,14,3,4,103,28,118,5,2,90,11,27,5,54,122,8,15,,,8,5,7,8,1,,6,27,,1,67,,4,14,5,,2,2,6,1,1,,,4,,3,3,,,1,,1,,1,1,,,,,,,,,,,,,,,,,,,,,,,
Italy_Serie_A,2025-2026,US Sassuolo Calcio,61c395xuimpxo2439p8mt3y6t,F. Romagna,Defender,19,6,3,3,5,13,5,36,,11,6,5,16,48,,5,4,3,5,3,2,5,,176,19,1,,9,45,,4,3,1,,,11,158,38,127,154,,1,,,315,,12,,1,22,183,165,1,18,217,1,1,,10,13,13,6,5,0,,77,,2,,2,4,,,,,,1,,,,,,,,1,,,,,,,,,,,,,,1,,,,,,,,,,,,,,4,4,,,,,,,,,,,,,,,,,,,
Italy_Serie_A,2025-2026,US Sassuolo Calcio,wiyhb64zg4hxe0dussuc3209,G. Satalino,Goalkeeper,12,,,,,,,,,,,,,,,,,,,,,,,,,,,,,,,,,,,,,,,,,,,,,,,,,,,,,,,,,,,,,,,,,,,,,,,,,,,,,,,,,,,,,,,,,,,,,,,,,,,,,,,,,,,,,,,,,,,,,,,,,,,,,,,,,,,,
Italy_Serie_A,2025-2026,US Sassuolo Calcio,iygkwt0uv3gt899wmlbwc296,L. Skjellerup,Forward,14,1,,1,1,,,2,,1,,1,2,2,,1,,,,,,,,3,2,,,1,,,,,1,,,,,,,,,,,,9,,,,,3,3,,,3,4,,,,,,3,,3,0,,1,,,,,1,,1,,,,,,,,,,,,,,,,,,,,,,,,,,,,,,,,,,,,,,,,,,,,,,,,,,,,,,,,,,,,
Italy_Serie_A,2025-2026,US Sassuolo Calcio,cc04mat3snly9oe4bt7xaeooa,K. Thorstvedt,Midfielder,42,71,44,27,30,188,13,260,12,266,126,140,444,275,17,30,32,28,195,82,113,30,26,972,134,44,26,95,258,30,25,3,5,6,6,18,794,488,321,785,25,18,,2,2278,43,41,31,54,291,981,803,43,178,1435,7,7,24,14,27,136,49,151,1,,260,1,17,16,30,74,4,12,5,1,4,4,3,3,3,3,,13,,2,34,6,3,9,2,,8,3,1,3,1,,,3,,3,4,,,,1,,,,,,,,,,,,,,,,,,,,,,,,,,,
Italy_Serie_A,2025-2026,US Sassuolo Calcio,5jfy7133kfbmyl8ur6ze9y2ju,S. Turati,Goalkeeper,13,2,,2,4,,,7,1,3,,3,,84,,4,3,2,1,,1,,2,53,2,,,36,15,2,4,,,,,20,36,20,32,32,,,,,360,,5,,1,56,106,52,,54,149,,,,24,54,53,1,,0,,7,,,,,,,,2,,,1,,,,,,,,9,,,,,,,,,,,,,,,2,,,,,,,,,,,,,25,29,,21,,7,,,2,10,4,6,,,3,,1,,,,
Italy_Serie_A,2025-2026,US Sassuolo Calcio,bh9jia8qgkhpm5xn82bx0hhck,C. Volpato,Midfielder,7,14,9,5,22,98,1,194,4,142,87,55,271,93,4,22,13,13,128,78,50,5,19,371,93,18,9,47,51,23,11,11,11,15,4,18,294,196,125,288,5,11,,5,1038,53,10,18,11,202,385,306,16,79,644,33,14,30,2,14,95,17,65,0,2,143,,6,23,13,32,2,7,,26,2,,2,,2,6,,7,9,,14,5,6,1,1,13,4,2,0,,,,,4,,3,4,,,,2,,,,,,,,,,,,,,,,,,,,,,,,,,,
Italy_Serie_A,2025-2026,US Sassuolo Calcio,72vim7cq99zdjjwivwtr773vu,A. Vranckx,Midfielder,40,13,5,8,16,61,,52,3,92,48,44,83,55,9,16,9,9,79,43,36,,2,242,18,15,9,26,68,2,9,9,7,1,1,7,205,87,121,200,7,9,,,692,18,15,16,17,82,245,207,16,38,367,4,4,10,1,5,28,14,33,0,,61,1,1,3,2,6,,1,,1,,,,,,2,,1,,,7,,,,,,2,,,2,,,,,,,,,,,,,,,,,,,,,,,,,,,,,,,,,,,,,,
Italy_Serie_A,2025-2026,US Sassuolo Calcio,dnk24js88d4ie661mwo7jkq95,S. Walukiewicz,Defender,6,55,29,26,34,120,10,243,5,213,103,110,306,507,10,34,40,35,158,74,84,25,20,1200,138,37,20,97,104,21,33,6,1,19,18,43,1021,441,636,1015,16,34,25,168,2855,27,108,35,13,296,1238,1058,50,180,1852,27,27,15,24,47,139,68,133,0,,507,1,4,21,4,15,,3,6,,,5,,,,3,,,,9,,,2,,,,7,,,,,1,,5,,1,1,,,,,,,,,,,,,,,,,,,,,,,,,,,,,,,
Italy_Serie_A,2025-2026,US Sassuolo Calcio,1vzkayk22kpci17ggh5kkc3u2,G. Zacchi,Goalkeeper,16,,,,,,,,,,,,,,,,,,,,,,,,,,,,,,,,,,,,,,,,,,,,,,,,,,,,,,,,,,,,,,,,,,,,,,,,,,,,,,,,,,,,,,,,,,,,,,,,,,,,,,,,,,,,,,,,,,,,,,,,,,,,,,,,,,,,
Italy_Serie_A,2025-2026,US Sassuolo Calcio,14xoy6tg51xbydm69d5ybyfis,A. Álvarez,Forward,25,,,,,,,,,,,,,,,,,,,,,,,,,,,,,,,,,,,,,,,,,,,,,,,,,,,,,,,,,,,,,,,,,,,,,,,,,,,,,,,,,,,,,,,,,,,,,,,,,,,,,,,,,,,,,,,,,,,,,,,,,,,,,,,,,,,,
